run,C1C,C1ESR,C1ESL,C1Lvia,C1Cpad,C3C,C3ESR,C3ESL,C3Lvia,C3Cpad,C5C,C5ESR,C5ESL,C5Lvia,C5Cpad,C7C,C7ESR,C7ESL,C7Lvia,C7Cpad,L2L,L2R,L2C,L2Ltr,L2Q,L2SRF,L4L,L4R,L4C,L4Ltr,L4Q,L4SRF,L6L,L6R,L6C,L6Ltr,L6Q,L6SRF,K24,K46,K26,Cio
1,1.710000e-11,2.000000e-01,1.000000e-09,8.496433e-10,3.489749e-13,3.135000e-11,2.000000e-01,1.000000e-09,8.496433e-10,3.489749e-13,3.135000e-11,2.000000e-01,1.000000e-09,8.496433e-10,3.489749e-13,1.710000e-11,2.000000e-01,1.000000e-09,8.496433e-10,3.489749e-13,6.596000e-08,3.488362e-01,2.296805e-13,1.000000e-09,1.734570e+02,1.461939e+09,7.954000e-08,4.086792e-01,2.383299e-13,1.000000e-09,1.785401e+02,1.300372e+09,6.596000e-08,3.488362e-01,2.296805e-13,1.000000e-09,1.734570e+02,1.461939e+09,1.500000e-02,1.500000e-02,2.000000e-03,2.000000e-15
2,1.890000e-11,2.000000e-01,1.000000e-09,8.496433e-10,3.489749e-13,3.465000e-11,2.000000e-01,1.000000e-09,8.496433e-10,3.489749e-13,3.465000e-11,2.000000e-01,1.000000e-09,8.496433e-10,3.489749e-13,1.890000e-11,2.000000e-01,1.000000e-09,8.496433e-10,3.489749e-13,7.004000e-08,3.704136e-01,2.192136e-13,1.000000e-09,1.734570e+02,1.461939e+09,8.446000e-08,4.339584e-01,2.273593e-13,1.000000e-09,1.785401e+02,1.300372e+09,7.004000e-08,3.704136e-01,2.192136e-13,1.000000e-09,1.734570e+02,1.461939e+09,1.500000e-02,1.500000e-02,2.000000e-03,2.000000e-15
3,1.769048e-11,3.737559e-01,6.192918e-10,4.877221e-10,2.572330e-13,3.429859e-11,2.473696e-01,9.720207e-10,1.132189e-09,3.404377e-13,3.256190e-11,2.694631e-01,9.191371e-10,1.167710e-09,5.168761e-13,1.816735e-11,2.806136e-01,9.717777e-10,9.009408e-10,5.133812e-13,6.988608e-08,4.589867e-01,1.688997e-13,1.360269e-09,1.396765e+02,1.756401e+09,8.038400e-08,5.048075e-01,1.906590e-13,1.460638e-09,1.460752e+02,1.418273e+09,6.722745e-08,2.933047e-01,1.805035e-13,1.892262e-09,2.102618e+02,1.905647e+09,8.072278e-03,3.479491e-03,5.068969e-04,4.128590e-15
4,1.833963e-11,3.976004e-01,1.197018e-09,4.584042e-10,3.253348e-13,3.347529e-11,1.611941e-01,6.799352e-10,5.786222e-10,3.520461e-13,3.321136e-11,3.749863e-01,9.911097e-10,7.942717e-10,4.507272e-13,1.841441e-11,3.394458e-01,1.172561e-09,5.405193e-10,3.781133e-13,6.643743e-08,3.901881e-01,1.481762e-13,6.960116e-10,1.561966e+02,1.778214e+09,8.362529e-08,3.451930e-01,2.569371e-13,5.940463e-10,2.222329e+02,1.211064e+09,6.832059e-08,4.814940e-01,3.085888e-13,1.699881e-09,1.301648e+02,1.210118e+09,2.614184e-02,8.473506e-03,8.842020e-04,4.221672e-15
5,1.743654e-11,2.697643e-01,9.399189e-10,1.067803e-09,4.656951e-13,3.172603e-11,1.974999e-01,9.522694e-10,1.047779e-09,4.775913e-13,3.366875e-11,1.719879e-01,7.917711e-10,8.910348e-10,4.698262e-13,1.715055e-11,2.400637e-01,1.134302e-09,6.992537e-10,4.461606e-13,6.743941e-08,2.866043e-01,2.018657e-13,1.618858e-09,2.158558e+02,1.714556e+09,8.155718e-08,4.723652e-01,1.423882e-13,6.928580e-10,1.583861e+02,1.826261e+09,6.916076e-08,4.782189e-01,1.803487e-13,1.076820e-09,1.326679e+02,1.860322e+09,1.255527e-02,2.415459e-02,2.871002e-03,2.347462e-15
6,1.854918e-11,2.700031e-01,1.142530e-09,7.104697e-10,4.266100e-13,3.209578e-11,1.805777e-01,6.722254e-10,1.265828e-09,5.249432e-13,3.319761e-11,3.220248e-01,1.164116e-09,1.253336e-09,4.562317e-13,1.806363e-11,1.109383e-01,8.158180e-10,8.881807e-10,3.913342e-13,6.755124e-08,3.590625e-01,3.042002e-13,1.844926e-09,1.725822e+02,1.278118e+09,8.221771e-08,5.548000e-01,1.958857e-13,1.555784e-09,1.359445e+02,1.409479e+09,6.923544e-08,2.984300e-01,2.690152e-13,8.108170e-10,2.128231e+02,1.354950e+09,1.757538e-02,4.392901e-03,3.493544e-03,4.236735e-15
7,1.756107e-11,1.937316e-01,1.184693e-09,7.425402e-10,4.758714e-13,3.352678e-11,1.477372e-01,7.982949e-10,1.059295e-09,5.050850e-13,3.213743e-11,1.987741e-01,6.253029e-10,1.061724e-09,2.262763e-13,1.784758e-11,1.574643e-01,8.568399e-10,4.533180e-10,4.734439e-13,6.815011e-08,4.396850e-01,2.407674e-13,1.785416e-09,1.421863e+02,1.308081e+09,8.026180e-08,5.153731e-01,1.572455e-13,1.030228e-09,1.428630e+02,1.689627e+09,6.696899e-08,2.865637e-01,2.770958e-13,1.529760e-09,2.143806e+02,1.289513e+09,1.809200e-02,9.847334e-03,4.279436e-04,5.660828e-16
8,1.768486e-11,3.019999e-01,9.057601e-10,9.676891e-10,4.631758e-13,3.334335e-11,3.101734e-01,1.033097e-09,5.469120e-10,2.711723e-13,3.301862e-11,3.684463e-01,1.148349e-09,9.241363e-10,2.346470e-13,1.768061e-11,2.476038e-01,7.143146e-10,9.593315e-10,5.285184e-13,6.623735e-08,3.359119e-01,1.681697e-13,1.750026e-09,1.808882e+02,2.042385e+09,8.387810e-08,4.995263e-01,1.762905e-13,8.944996e-10,1.540363e+02,1.492155e+09,6.684395e-08,3.545355e-01,3.103721e-13,1.521795e-09,1.729558e+02,1.226439e+09,5.283777e-03,1.710400e-02,2.773277e-03,2.415155e-15
9,1.820831e-11,3.671551e-01,7.852129e-10,1.042002e-09,2.943863e-13,3.414808e-11,2.128885e-01,8.868539e-10,1.069039e-09,4.870895e-13,3.384765e-11,1.271887e-01,8.632410e-10,1.208778e-09,2.266836e-13,1.721761e-11,3.767089e-01,7.405106e-10,5.546716e-10,2.132654e-13,6.681162e-08,3.295957e-01,1.512862e-13,5.914135e-10,1.859530e+02,1.957108e+09,7.990386e-08,3.868456e-01,1.675469e-13,1.007865e-09,1.894797e+02,1.472298e+09,6.914233e-08,4.599692e-01,2.411779e-13,1.780219e-09,1.378948e+02,1.483065e+09,2.382570e-02,2.196003e-02,2.761693e-03,1.094626e-15
10,1.830796e-11,2.837265e-01,7.964157e-10,8.977843e-10,3.914769e-13,3.357108e-11,2.663478e-01,7.168943e-10,7.370503e-10,5.225123e-13,3.359816e-11,2.021673e-01,9.730993e-10,4.018321e-10,5.174347e-13,1.786277e-11,3.979888e-01,7.766150e-10,1.188784e-09,2.871161e-13,7.000965e-08,2.967319e-01,2.639151e-13,1.933385e-09,2.164345e+02,1.245500e+09,8.420030e-08,5.189469e-01,1.724187e-13,1.942250e-09,1.488413e+02,1.604521e+09,6.684524e-08,3.951614e-01,2.708579e-13,1.483543e-09,1.551775e+02,1.304974e+09,3.073055e-03,2.830567e-02,6.737894e-04,7.124317e-16
11,1.858064e-11,1.709626e-01,1.002296e-09,7.545945e-10,5.263490e-13,3.258587e-11,1.951026e-01,9.147295e-10,4.932985e-10,3.733058e-13,3.345701e-11,3.253655e-01,6.883999e-10,4.499062e-10,3.305744e-13,1.710461e-11,3.298272e-01,8.561836e-10,8.821246e-10,3.034468e-13,6.608219e-08,4.188323e-01,1.828341e-13,6.167593e-10,1.447361e+02,1.778632e+09,8.212133e-08,3.547706e-01,2.006047e-13,1.692119e-09,2.123445e+02,1.328360e+09,6.759165e-08,2.884586e-01,1.428216e-13,9.718272e-10,2.149524e+02,1.865207e+09,8.117414e-03,3.628338e-03,5.840050e-03,1.699734e-15
12,1.775723e-11,1.872523e-01,6.463756e-10,5.098410e-10,4.086039e-13,3.197909e-11,2.677770e-01,6.033578e-10,7.140493e-10,4.538643e-13,3.376004e-11,3.608442e-01,7.972294e-10,1.005451e-09,2.322251e-13,1.825470e-11,3.913180e-01,1.129116e-09,4.499551e-10,3.050624e-13,6.817186e-08,3.492722e-01,2.738582e-13,1.498855e-09,1.790498e+02,1.321906e+09,8.301756e-08,4.206063e-01,1.667319e-13,1.324158e-09,1.810618e+02,1.535179e+09,6.914293e-08,3.842427e-01,2.456789e-13,1.919761e-09,1.650725e+02,1.377698e+09,1.427039e-03,3.931158e-03,2.459043e-03,3.187486e-15
13,1.788492e-11,1.182341e-01,9.251083e-10,1.221495e-09,3.781633e-13,3.255389e-11,1.634040e-01,9.233376e-10,8.441223e-10,1.945893e-13,3.390228e-11,2.436505e-01,8.932756e-10,1.152325e-09,3.425398e-13,1.760171e-11,3.018413e-01,1.073851e-09,7.567964e-10,4.655292e-13,6.750076e-08,3.643658e-01,2.065593e-13,9.422871e-10,1.699432e+02,1.680419e+09,8.058479e-08,5.120349e-01,2.890459e-13,9.483277e-10,1.443731e+02,1.185413e+09,6.697825e-08,3.580353e-01,2.278931e-13,1.561120e-09,1.716093e+02,1.542001e+09,3.377882e-03,5.972620e-03,5.042488e-03,3.733519e-15
14,1.873116e-11,2.078661e-01,1.165836e-09,6.360890e-10,2.312102e-13,3.278048e-11,1.889481e-01,1.057836e-09,5.605295e-10,1.834014e-13,3.243739e-11,1.599609e-01,1.169979e-09,7.124101e-10,2.797452e-13,1.831409e-11,3.813950e-01,6.070325e-10,9.448081e-10,4.195790e-13,6.815878e-08,4.631699e-01,1.369108e-13,1.412465e-09,1.349939e+02,2.021355e+09,8.128420e-08,3.476243e-01,2.131744e-13,1.561523e-09,2.145007e+02,1.447292e+09,6.668127e-08,3.603023e-01,2.839935e-13,1.189715e-09,1.697734e+02,1.339667e+09,1.408341e-02,2.601040e-02,7.243291e-04,3.500869e-15
15,1.739612e-11,3.183054e-01,9.233978e-10,6.323292e-10,4.048532e-13,3.233441e-11,3.995760e-01,1.090640e-09,4.581814e-10,1.988556e-13,3.277579e-11,2.530684e-01,9.838273e-10,3.233148e-10,3.720763e-13,1.869957e-11,2.628602e-01,7.492353e-10,5.747592e-10,1.697657e-13,6.700848e-08,4.669708e-01,1.925772e-13,7.700406e-10,1.316354e+02,1.677077e+09,8.044756e-08,4.566916e-01,2.570433e-13,8.505980e-10,1.615930e+02,1.168344e+09,6.600228e-08,2.879281e-01,1.220878e-13,1.505525e-09,2.102847e+02,1.965605e+09,1.240668e-04,1.098992e-02,1.921804e-03,1.023539e-15
16,1.801049e-11,3.613999e-01,9.721660e-10,7.040584e-10,2.289995e-13,3.313623e-11,3.064677e-01,8.486235e-10,1.277225e-09,3.531669e-13,3.266308e-11,2.411381e-01,1.131444e-09,3.787355e-10,1.959239e-13,1.825428e-11,3.780203e-01,1.052645e-09,3.463081e-10,2.082441e-13,6.703519e-08,3.102139e-01,2.798202e-13,9.176530e-10,1.982322e+02,1.296343e+09,8.445272e-08,4.369986e-01,1.982709e-13,1.904980e-09,1.772827e+02,1.415404e+09,6.728775e-08,4.627424e-01,1.400050e-13,1.935765e-09,1.333919e+02,2.049516e+09,2.226107e-02,2.088411e-02,1.201378e-03,8.320763e-16
17,1.887867e-11,2.366323e-01,9.525509e-10,1.104184e-09,3.597270e-13,3.203138e-11,1.846593e-01,1.036421e-09,5.738272e-10,4.655169e-13,3.272079e-11,1.273466e-01,8.160859e-10,4.459919e-10,1.804618e-13,1.747105e-11,1.374394e-01,8.951882e-10,7.065007e-10,2.936991e-13,6.648675e-08,3.949713e-01,2.600107e-13,9.606005e-10,1.544196e+02,1.376235e+09,8.096466e-08,3.752769e-01,1.809255e-13,1.059121e-09,1.979139e+02,1.492356e+09,6.908746e-08,3.417596e-01,1.917443e-13,5.251958e-10,1.854433e+02,1.530777e+09,2.968105e-02,2.808608e-02,5.874764e-04,3.328350e-15
18,1.865509e-11,2.272314e-01,1.184889e-09,5.927063e-10,4.085719e-13,3.285187e-11,3.647765e-01,7.709559e-10,7.691099e-10,1.729418e-13,3.358588e-11,2.107010e-01,9.256693e-10,1.272516e-09,4.039367e-13,1.846006e-11,2.741614e-01,8.992607e-10,8.134375e-10,3.823754e-13,6.779267e-08,3.079150e-01,2.024378e-13,1.284982e-09,2.019690e+02,1.622870e+09,8.104462e-08,4.664963e-01,2.269108e-13,1.496227e-09,1.593708e+02,1.445024e+09,6.810600e-08,3.525138e-01,1.862914e-13,1.246098e-09,1.772319e+02,1.603115e+09,6.066390e-03,3.259597e-03,5.588479e-03,3.660206e-15
19,1.782836e-11,3.662962e-01,6.489794e-10,2.789824e-10,5.174663e-13,3.410519e-11,1.552668e-01,8.251065e-10,8.993137e-10,3.779694e-13,3.272537e-11,3.790019e-01,8.152611e-10,9.691503e-10,3.083225e-13,1.838563e-11,3.590633e-01,6.522541e-10,8.829671e-10,3.358756e-13,6.823768e-08,2.927113e-01,1.931162e-13,1.225923e-09,2.138541e+02,1.635322e+09,8.083767e-08,5.309676e-01,1.358038e-13,1.126142e-09,1.396621e+02,1.651235e+09,6.603762e-08,2.870038e-01,2.465275e-13,1.243195e-09,2.110749e+02,1.414515e+09,3.049562e-03,2.403810e-02,3.880210e-03,7.035918e-16
20,1.772600e-11,1.165790e-01,9.160539e-10,9.031020e-10,5.208189e-13,3.380507e-11,1.500607e-01,9.394865e-10,1.025522e-09,4.678779e-13,3.431915e-11,3.574012e-01,1.111798e-09,1.203439e-09,3.350167e-13,1.716925e-11,3.915950e-01,7.461455e-10,9.183077e-10,1.748823e-13,6.855233e-08,4.263402e-01,2.760028e-13,1.597990e-09,1.475023e+02,1.303714e+09,7.999760e-08,3.897125e-01,2.471247e-13,1.340958e-09,1.883065e+02,1.245345e+09,6.725393e-08,4.091334e-01,1.298104e-13,6.944217e-10,1.507945e+02,2.035935e+09,1.369281e-02,2.120778e-02,1.508245e-03,1.051305e-15
21,1.773535e-11,1.838050e-01,8.910400e-10,4.262973e-10,1.739201e-13,3.283201e-11,2.035830e-01,1.165715e-09,3.672722e-10,2.048115e-13,3.379365e-11,1.107932e-01,1.172729e-09,9.003717e-10,3.097591e-13,1.764171e-11,2.746557e-01,1.013498e-09,6.195407e-10,3.692334e-13,6.851873e-08,3.395010e-01,1.762485e-13,1.814771e-09,1.851403e+02,1.599372e+09,8.237932e-08,4.765495e-01,1.274089e-13,1.715591e-09,1.585780e+02,1.766537e+09,6.718146e-08,3.079596e-01,1.405534e-13,5.563414e-10,2.001190e+02,2.018703e+09,2.798234e-02,2.649521e-02,1.181212e-03,3.528149e-15
22,1.722597e-11,2.549269e-01,1.102598e-09,7.756426e-10,2.618870e-13,3.332614e-11,3.042214e-01,1.189332e-09,5.074633e-10,3.471903e-13,3.439048e-11,3.519429e-01,1.071962e-09,7.946417e-10,4.590581e-13,1.711328e-11,2.425212e-01,6.087885e-10,3.828910e-10,3.361280e-13,6.640904e-08,4.162937e-01,2.031596e-13,1.041375e-09,1.463390e+02,1.698644e+09,8.058466e-08,3.837853e-01,1.614380e-13,5.212374e-10,1.926179e+02,1.621224e+09,6.710295e-08,3.600367e-01,1.663201e-13,6.621346e-10,1.709730e+02,1.703171e+09,3.000076e-03,2.995000e-02,1.184094e-03,4.169804e-15
23,1.732889e-11,1.733719e-01,8.794045e-10,8.362854e-10,2.546330e-13,3.230795e-11,2.963026e-01,6.437132e-10,1.122501e-09,5.051488e-13,3.414317e-11,2.805801e-01,1.109607e-09,5.879941e-10,2.019498e-13,1.878403e-11,3.158679e-01,9.090031e-10,3.054073e-10,4.649617e-13,6.992490e-08,4.528488e-01,1.198145e-13,1.837718e-09,1.416483e+02,1.960264e+09,8.409677e-08,4.341419e-01,1.451185e-13,7.534779e-10,1.776971e+02,1.794679e+09,6.851139e-08,3.539940e-01,2.549580e-13,1.751323e-09,1.775414e+02,1.435320e+09,2.800173e-02,1.392054e-02,1.291519e-03,2.340861e-15
24,1.777585e-11,3.359319e-01,6.181540e-10,1.251495e-09,3.471025e-13,3.431270e-11,2.365727e-01,1.027514e-09,6.974118e-10,2.701147e-13,3.331979e-11,2.194088e-01,8.267663e-10,6.516111e-10,3.619325e-13,1.739754e-11,3.719259e-01,8.953411e-10,9.225235e-10,4.026869e-13,6.818787e-08,3.094507e-01,2.718418e-13,1.867260e-09,2.021382e+02,1.329871e+09,7.971815e-08,3.644216e-01,2.246123e-13,1.831103e-09,2.006716e+02,1.375104e+09,6.990314e-08,3.206302e-01,1.227523e-13,1.071615e-09,1.999977e+02,1.897160e+09,1.297844e-02,4.086563e-03,1.827559e-03,1.516293e-15
25,1.818620e-11,1.424161e-01,8.093041e-10,7.907980e-10,3.014619e-13,3.263905e-11,1.823326e-01,8.842490e-10,3.898368e-10,2.570813e-13,3.452352e-11,1.494727e-01,1.110945e-09,6.099420e-10,5.125529e-13,1.770845e-11,1.504559e-01,1.112061e-09,5.022866e-10,4.752344e-13,6.614753e-08,3.244446e-01,2.500670e-13,1.743323e-09,1.870276e+02,1.409738e+09,8.190432e-08,5.025841e-01,1.472429e-13,7.369394e-10,1.494964e+02,1.629614e+09,6.618134e-08,3.888086e-01,2.427016e-13,1.883029e-09,1.561466e+02,1.533659e+09,4.823003e-03,2.304377e-02,2.508798e-03,3.869025e-15
26,1.801836e-11,3.254680e-01,8.367696e-10,1.140242e-09,2.672160e-13,3.176881e-11,2.388891e-01,7.352841e-10,6.567275e-10,1.979605e-13,3.211911e-11,3.782428e-01,6.730396e-10,1.137634e-09,4.608457e-13,1.879639e-11,2.967883e-01,9.701559e-10,1.060512e-09,2.885664e-13,6.881254e-08,3.121677e-01,2.425205e-13,1.749550e-09,2.022145e+02,1.377493e+09,8.209435e-08,3.652138e-01,1.669845e-13,1.030898e-09,2.062048e+02,1.755357e+09,6.701046e-08,3.243276e-01,1.972312e-13,6.088187e-10,1.895358e+02,1.551506e+09,1.811666e-02,3.053476e-03,2.964924e-03,9.050623e-16
27,1.781730e-11,1.606153e-01,1.151050e-09,1.294484e-09,4.185487e-13,3.418459e-11,1.995386e-01,1.032328e-09,1.209708e-09,2.540219e-13,3.458595e-11,3.419383e-01,9.205404e-10,5.316154e-10,5.207955e-13,1.711767e-11,2.366005e-01,6.451816e-10,6.516286e-10,3.906626e-13,6.996280e-08,4.598720e-01,1.906913e-13,1.631372e-09,1.395606e+02,1.712546e+09,8.093870e-08,4.348606e-01,2.265934e-13,1.911104e-09,1.707414e+02,1.235699e+09,6.929123e-08,3.735278e-01,1.428015e-13,1.574206e-09,1.701720e+02,1.798359e+09,1.134921e-02,1.659845e-02,2.476132e-03,3.154135e-15
28,1.778101e-11,2.942245e-01,1.045577e-09,7.382911e-10,3.659689e-13,3.416361e-11,1.729379e-01,7.848558e-10,1.171378e-09,2.879073e-13,3.362212e-11,2.605082e-01,6.670207e-10,8.428493e-10,3.637355e-13,1.734908e-11,3.264010e-01,1.023975e-09,2.851599e-10,2.341987e-13,6.806660e-08,3.171140e-01,2.819445e-13,8.094200e-10,1.969026e+02,1.301576e+09,8.191048e-08,3.423938e-01,2.255987e-13,1.208846e-09,2.194554e+02,1.262015e+09,6.837310e-08,2.902488e-01,2.567426e-13,1.032030e-09,2.160964e+02,1.393446e+09,7.147196e-03,3.670626e-03,1.545333e-03,4.180861e-15
29,1.821133e-11,3.773457e-01,6.340238e-10,4.038925e-10,1.707669e-13,3.439410e-11,3.947364e-01,9.683561e-10,1.217454e-09,2.632266e-13,3.440965e-11,1.493486e-01,6.971373e-10,6.435452e-10,4.822015e-13,1.867534e-11,2.790828e-01,6.072852e-10,7.791431e-10,2.014791e-13,6.961405e-08,3.478643e-01,1.206320e-13,1.267137e-09,1.835776e+02,1.936547e+09,8.195885e-08,3.439977e-01,1.764249e-13,5.325622e-10,2.185612e+02,1.762670e+09,6.928423e-08,3.083810e-01,1.687035e-13,1.264814e-09,2.061007e+02,1.678081e+09,1.054142e-02,1.519251e-03,4.170937e-04,4.822558e-15
30,1.839132e-11,1.604726e-01,1.151759e-09,6.498889e-10,2.000956e-13,3.412218e-11,2.513496e-01,7.251717e-10,8.374879e-10,4.210971e-13,3.226027e-11,2.232237e-01,6.270882e-10,4.922445e-10,3.740511e-13,1.871061e-11,2.907389e-01,1.075372e-09,1.124542e-09,2.581643e-13,6.757427e-08,3.077407e-01,2.346895e-13,1.054361e-09,2.014323e+02,1.455017e+09,8.230949e-08,3.512280e-01,2.730112e-13,1.300177e-09,2.149777e+02,1.158408e+09,6.835211e-08,3.262664e-01,1.695710e-13,1.909970e-09,1.921818e+02,1.724587e+09,2.712773e-02,2.089262e-02,2.376148e-03,3.717760e-15
31,1.881556e-11,3.965703e-01,1.115899e-09,2.722908e-10,1.849132e-13,3.309693e-11,3.084108e-01,7.218160e-10,1.258798e-09,5.128358e-13,3.368649e-11,2.349446e-01,8.832181e-10,4.521890e-10,4.949188e-13,1.862644e-11,2.097245e-01,9.357689e-10,1.103970e-09,4.475689e-13,6.972709e-08,3.206375e-01,1.668196e-13,9.992634e-10,1.994895e+02,1.763488e+09,8.417624e-08,3.614301e-01,1.400719e-13,8.013736e-10,2.136476e+02,1.693952e+09,6.941978e-08,4.005808e-01,1.332821e-13,1.047861e-09,1.589739e+02,2.031581e+09,2.349432e-02,1.230700e-02,5.809072e-03,4.345629e-15
32,1.862666e-11,3.325677e-01,1.076612e-09,4.055016e-10,3.237890e-13,3.344379e-11,3.824489e-01,1.099867e-09,5.932505e-10,3.618018e-13,3.266702e-11,2.808800e-01,1.182815e-09,4.333671e-10,2.978737e-13,1.853146e-11,1.695001e-01,7.029783e-10,6.830390e-10,1.971802e-13,6.782901e-08,2.979055e-01,2.236335e-13,5.450252e-10,2.088669e+02,1.470842e+09,8.015217e-08,4.612181e-01,1.920935e-13,9.201827e-10,1.594196e+02,1.575437e+09,6.705115e-08,4.453142e-01,1.619866e-13,7.279028e-10,1.381250e+02,1.890904e+09,1.305513e-02,2.538704e-02,5.976671e-03,1.460894e-15
33,1.849258e-11,2.585039e-01,9.260763e-10,9.684079e-10,1.700604e-13,3.382813e-11,2.886737e-01,1.032994e-09,1.021189e-09,4.080484e-13,3.315444e-11,1.791400e-01,1.112926e-09,1.243441e-09,4.281529e-13,1.888477e-11,1.727992e-01,7.138354e-10,4.790586e-10,3.513640e-13,6.703805e-08,4.056744e-01,1.766712e-13,1.005778e-09,1.515921e+02,1.762563e+09,8.077625e-08,3.410134e-01,1.517649e-13,5.272506e-10,2.172926e+02,1.687106e+09,6.759727e-08,3.233719e-01,1.942532e-13,1.854383e-09,1.917607e+02,1.494409e+09,1.762472e-02,6.062262e-03,4.805776e-03,1.210117e-15
34,1.781497e-11,2.424202e-01,9.883610e-10,7.652241e-10,2.215368e-13,3.455188e-11,3.733021e-01,9.390336e-10,3.236407e-10,2.336127e-13,3.337154e-11,1.073405e-01,1.121279e-09,8.708432e-10,1.774887e-13,1.852788e-11,2.302408e-01,9.240817e-10,6.005439e-10,1.830486e-13,6.681937e-08,3.732489e-01,1.599009e-13,1.570093e-09,1.642240e+02,1.782241e+09,8.113251e-08,3.689384e-01,1.963517e-13,1.427404e-09,2.017315e+02,1.356400e+09,6.761097e-08,3.476467e-01,1.318009e-13,7.527541e-10,1.784070e+02,1.970908e+09,1.241892e-02,2.084030e-02,2.258419e-03,3.259915e-15
35,1.739419e-11,2.888690e-01,6.084891e-10,2.830579e-10,4.461116e-13,3.229432e-11,1.184127e-01,1.044298e-09,1.052191e-09,2.883772e-13,3.215321e-11,2.673296e-01,6.126916e-10,3.054343e-10,1.851020e-13,1.823494e-11,2.924987e-01,1.006831e-09,1.093667e-09,3.684074e-13,6.696383e-08,3.303948e-01,1.924765e-13,7.659267e-10,1.859258e+02,1.502489e+09,8.358947e-08,3.554163e-01,2.126783e-13,1.888825e-09,2.157481e+02,1.411333e+09,6.720836e-08,3.173805e-01,1.739912e-13,1.006303e-09,1.942566e+02,1.988589e+09,1.395124e-02,4.736086e-03,4.421466e-03,4.496830e-15
36,1.744263e-11,3.472207e-01,1.107761e-09,6.152600e-10,2.975836e-13,3.172510e-11,2.318860e-01,1.047980e-09,8.166309e-10,2.198259e-13,3.323027e-11,2.018030e-01,8.280467e-10,9.263994e-10,3.598889e-13,1.774642e-11,1.565054e-01,1.081742e-09,1.014320e-09,3.108558e-13,6.922700e-08,3.952429e-01,2.391076e-13,1.312153e-09,1.606735e+02,1.475466e+09,8.235623e-08,4.339182e-01,2.748941e-13,1.328316e-09,1.741090e+02,1.251289e+09,6.823130e-08,3.467699e-01,2.592023e-13,8.960336e-10,1.804991e+02,1.419574e+09,3.858082e-03,1.910896e-02,2.995198e-03,9.302180e-16
37,1.868879e-11,3.390814e-01,1.010089e-09,1.216323e-09,2.849381e-13,3.206261e-11,1.666953e-01,1.044475e-09,8.471873e-10,4.455962e-13,3.230624e-11,2.970844e-01,1.017688e-09,6.773829e-10,4.918744e-13,1.825314e-11,3.468176e-01,9.305653e-10,1.075003e-09,4.197512e-13,6.944320e-08,3.825383e-01,1.217950e-13,1.822091e-09,1.665281e+02,2.007115e+09,8.387354e-08,4.312054e-01,1.735348e-13,1.658274e-09,1.784323e+02,1.655240e+09,6.881087e-08,4.357532e-01,2.479665e-13,1.853098e-09,1.448602e+02,1.321011e+09,6.873733e-03,3.478795e-04,5.707890e-03,7.246979e-16
38,1.806473e-11,2.580269e-01,1.162266e-09,5.083964e-10,5.014067e-13,3.234547e-11,1.157105e-01,1.065956e-09,9.189164e-10,3.631768e-13,3.197374e-11,2.629035e-01,9.994562e-10,5.730582e-10,3.537271e-13,1.863241e-11,1.079807e-01,6.703792e-10,1.234586e-09,1.772913e-13,6.823494e-08,3.261018e-01,1.925585e-13,1.492165e-09,1.919492e+02,1.767642e+09,8.408396e-08,3.638788e-01,3.129475e-13,1.452997e-09,2.119772e+02,1.093303e+09,6.850584e-08,3.749858e-01,1.356378e-13,1.911583e-09,1.675890e+02,1.811422e+09,1.113022e-02,1.803843e-02,2.292651e-03,1.665642e-15
39,1.888232e-11,1.517867e-01,6.149784e-10,3.730255e-10,4.452047e-13,3.207670e-11,3.445257e-01,6.784983e-10,9.870740e-10,2.544954e-13,3.365546e-11,1.768118e-01,1.082708e-09,5.453881e-10,4.570865e-13,1.730945e-11,1.554493e-01,1.058014e-09,8.259743e-10,5.143869e-13,6.761146e-08,3.199649e-01,1.811654e-13,1.053122e-09,1.938433e+02,1.810195e+09,8.131634e-08,4.577079e-01,2.228694e-13,1.714488e-09,1.629754e+02,1.454118e+09,6.976326e-08,4.673933e-01,2.022205e-13,1.016850e-09,1.369232e+02,1.467490e+09,1.162107e-02,2.007242e-02,1.745086e-03,1.131189e-15
40,1.875028e-11,2.590801e-01,7.813712e-10,1.142787e-09,1.889576e-13,3.435105e-11,3.728005e-01,9.204011e-10,4.717967e-10,2.703522e-13,3.373426e-11,1.908538e-01,8.873299e-10,9.638034e-10,2.989113e-13,1.799930e-11,2.096051e-01,6.610196e-10,8.782622e-10,2.038569e-13,6.844814e-08,4.490495e-01,2.461943e-13,1.583959e-09,1.398299e+02,1.375210e+09,8.111163e-08,4.992258e-01,1.676568e-13,1.129710e-09,1.490455e+02,1.708992e+09,6.865259e-08,2.917359e-01,1.523331e-13,1.066747e-09,2.158738e+02,1.848755e+09,1.395365e-02,3.963507e-04,4.828781e-03,3.036152e-15
41,1.815857e-11,2.148261e-01,7.937731e-10,2.781032e-10,2.303695e-13,3.230642e-11,1.649013e-01,7.679615e-10,6.877642e-10,4.431373e-13,3.219360e-11,3.573915e-01,6.234674e-10,9.562129e-10,2.755822e-13,1.796233e-11,2.974362e-01,9.710641e-10,5.522951e-10,3.208503e-13,6.641604e-08,4.669908e-01,1.743129e-13,7.714151e-10,1.304660e+02,1.975491e+09,8.122319e-08,4.779753e-01,2.978766e-13,1.682281e-09,1.558861e+02,1.178182e+09,6.903452e-08,4.218348e-01,1.242983e-13,1.485595e-09,1.501262e+02,1.961081e+09,1.262811e-02,2.023506e-02,2.436817e-03,1.529134e-15
42,1.855276e-11,3.050198e-01,6.852719e-10,1.087841e-09,1.904949e-13,3.310974e-11,1.664979e-01,8.198868e-10,6.778626e-10,4.269581e-13,3.185693e-11,3.003863e-01,6.967656e-10,5.659789e-10,5.181407e-13,1.750962e-11,3.134367e-01,9.165110e-10,1.092937e-09,3.615263e-13,6.735654e-08,3.743640e-01,3.123095e-13,1.235510e-09,1.650511e+02,1.223425e+09,8.255972e-08,4.838889e-01,1.938606e-13,9.928928e-10,1.565147e+02,1.394911e+09,6.842596e-08,3.460185e-01,1.918629e-13,1.203972e-09,1.814071e+02,1.695549e+09,6.177474e-03,1.439188e-02,3.698875e-03,4.659713e-15
43,1.720869e-11,1.681879e-01,8.888438e-10,6.856398e-10,2.197337e-13,3.166608e-11,3.392830e-01,9.082668e-10,1.275498e-09,1.801917e-13,3.300307e-11,3.568095e-01,1.110236e-09,5.973477e-10,2.381281e-13,1.794057e-11,1.477840e-01,9.454669e-10,6.412208e-10,3.394170e-13,6.631446e-08,3.001834e-01,2.410370e-13,9.941199e-10,2.026536e+02,1.372948e+09,8.190562e-08,4.811192e-01,3.284225e-13,1.903375e-09,1.561686e+02,1.107480e+09,6.706567e-08,2.855170e-01,2.997059e-13,7.636281e-10,2.154770e+02,1.278208e+09,1.152885e-02,2.440109e-02,3.171521e-03,3.389231e-15
44,1.800028e-11,1.119429e-01,7.749331e-10,6.689598e-10,3.008313e-13,3.256733e-11,3.751818e-01,7.421478e-10,1.142432e-09,5.254449e-13,3.225462e-11,3.221466e-01,7.434491e-10,9.159594e-10,5.228979e-13,1.864053e-11,1.202049e-01,1.017981e-09,1.152027e-09,2.193758e-13,6.995721e-08,3.476692e-01,1.810490e-13,1.886937e-09,1.845861e+02,1.657133e+09,8.040495e-08,3.912606e-01,3.295913e-13,5.590396e-10,1.885165e+02,1.118607e+09,6.670217e-08,3.267126e-01,1.834578e-13,1.145890e-09,1.872866e+02,1.534921e+09,8.289164e-03,1.973539e-02,2.359820e-03,4.886153e-15
45,1.745243e-11,1.308456e-01,7.203191e-10,9.279402e-10,3.710464e-13,3.433530e-11,3.694654e-01,1.090905e-09,1.243143e-09,2.002499e-13,3.259180e-11,2.549457e-01,9.919593e-10,8.824992e-10,3.315154e-13,1.837910e-11,1.262708e-01,1.191754e-09,8.521957e-10,2.769947e-13,6.891526e-08,4.164350e-01,2.360927e-13,1.896505e-09,1.518102e+02,1.511427e+09,8.168810e-08,3.857307e-01,2.857193e-13,9.453466e-10,1.942707e+02,1.082757e+09,6.974381e-08,2.997050e-01,2.108185e-13,9.739286e-10,2.134737e+02,1.630910e+09,1.557985e-02,2.165367e-03,1.997940e-03,2.865776e-15
46,1.797652e-11,1.891357e-01,8.772931e-10,7.935649e-10,3.229291e-13,3.361257e-11,1.984143e-01,8.541940e-10,6.033076e-10,4.264541e-13,3.309610e-11,3.470108e-01,6.873631e-10,1.212681e-09,3.957435e-13,1.816930e-11,1.395349e-01,7.602566e-10,1.027407e-09,4.825566e-13,6.741359e-08,3.029112e-01,1.515135e-13,5.547004e-10,2.041573e+02,1.817555e+09,8.435168e-08,3.535887e-01,2.030845e-13,1.743527e-09,2.188407e+02,1.493792e+09,6.837793e-08,2.913217e-01,1.902891e-13,1.607138e-09,2.153158e+02,1.593975e+09,2.592666e-02,1.666362e-02,5.537023e-03,1.380290e-15
47,1.825652e-11,2.797427e-01,8.313786e-10,8.379695e-10,2.817440e-13,3.410408e-11,3.971726e-01,9.764079e-10,1.000955e-09,4.082004e-13,3.336644e-11,2.038598e-01,1.063068e-09,1.027568e-09,3.047611e-13,1.861128e-11,3.749084e-01,9.564270e-10,3.784199e-10,3.506693e-13,6.883154e-08,2.923462e-01,2.539770e-13,1.541045e-09,2.159846e+02,1.261917e+09,8.101090e-08,3.957451e-01,1.605536e-13,5.098740e-10,1.877849e+02,1.669516e+09,6.951295e-08,4.391461e-01,1.361014e-13,1.035355e-09,1.452076e+02,1.937518e+09,1.916302e-02,1.119620e-02,1.922234e-03,1.370130e-15
48,1.757187e-11,3.347884e-01,7.295142e-10,4.881668e-10,2.227550e-13,3.455752e-11,2.925730e-01,1.173646e-09,6.952684e-10,5.236916e-13,3.172986e-11,2.102532e-01,6.026608e-10,7.719347e-10,1.825072e-13,1.750751e-11,1.201992e-01,7.911931e-10,3.496357e-10,3.055096e-13,6.684243e-08,3.904161e-01,1.993052e-13,1.383502e-09,1.570570e+02,1.777049e+09,8.043217e-08,4.033106e-01,2.956185e-13,7.678099e-10,1.829460e+02,1.114823e+09,6.809937e-08,3.790637e-01,2.619890e-13,1.417918e-09,1.648025e+02,1.297128e+09,4.932041e-03,2.103842e-02,3.718485e-03,4.976361e-15
49,1.828285e-11,3.866419e-01,9.509158e-10,8.468847e-10,4.666350e-13,3.365975e-11,3.398471e-01,7.152129e-10,1.007968e-09,2.766838e-13,3.146390e-11,2.122907e-01,8.682969e-10,8.621981e-10,4.431654e-13,1.737928e-11,3.584672e-01,7.075735e-10,1.020918e-09,2.783634e-13,6.863962e-08,3.778480e-01,2.479822e-13,1.176390e-09,1.666443e+02,1.327194e+09,8.008473e-08,3.586697e-01,2.984567e-13,1.420608e-09,2.048273e+02,1.084916e+09,6.993638e-08,4.465157e-01,1.633395e-13,1.504493e-09,1.436809e+02,1.812366e+09,1.508647e-02,1.159109e-02,2.599517e-04,4.612786e-15
50,1.873298e-11,1.674758e-01,6.581931e-10,1.169197e-09,2.099760e-13,3.449660e-11,2.362702e-01,1.030220e-09,7.746007e-10,3.412705e-13,3.440530e-11,1.067698e-01,9.629307e-10,8.064494e-10,3.159425e-13,1.869391e-11,3.934648e-01,1.197980e-09,1.292060e-09,5.224993e-13,6.802777e-08,4.127650e-01,2.075136e-13,1.527710e-09,1.511876e+02,1.563418e+09,8.170739e-08,4.185020e-01,2.228932e-13,1.348620e-09,1.791004e+02,1.450002e+09,6.678425e-08,4.439736e-01,1.665464e-13,1.395058e-09,1.379906e+02,1.675166e+09,4.668831e-03,1.355617e-02,6.878306e-04,4.844937e-15
51,1.803000e-11,3.703186e-01,8.116521e-10,7.551073e-10,3.332585e-13,3.353577e-11,2.820972e-01,9.611143e-10,1.002821e-09,2.262912e-13,3.306003e-11,2.761478e-01,9.857372e-10,1.214385e-09,1.710505e-13,1.785839e-11,1.397590e-01,6.404474e-10,4.524025e-10,4.508499e-13,6.638959e-08,3.056698e-01,2.107267e-13,1.395236e-09,1.992417e+02,1.449248e+09,8.123800e-08,4.703232e-01,1.972449e-13,1.205297e-09,1.584512e+02,1.345706e+09,6.649807e-08,4.237437e-01,1.886739e-13,1.126538e-09,1.439589e+02,1.795075e+09,9.652939e-03,1.623059e-02,4.787233e-03,4.717610e-15
52,1.728634e-11,3.663722e-01,1.054597e-09,9.010380e-10,4.173422e-13,3.303307e-11,3.997283e-01,6.419622e-10,5.663964e-10,3.576858e-13,3.250250e-11,3.121578e-01,1.145996e-09,4.878494e-10,4.578716e-13,1.777712e-11,3.754594e-01,6.270391e-10,3.442379e-10,4.674080e-13,6.739628e-08,3.599745e-01,1.849477e-13,8.745743e-10,1.717501e+02,1.744009e+09,8.344249e-08,4.498607e-01,1.384166e-13,1.385959e-09,1.701539e+02,1.739385e+09,6.853550e-08,4.797638e-01,2.158352e-13,5.782619e-10,1.310451e+02,1.452711e+09,2.177949e-02,1.832554e-02,2.324756e-03,2.329020e-15
53,1.830774e-11,3.571734e-01,1.113251e-09,1.211598e-09,2.281747e-13,3.195868e-11,2.779658e-01,1.146070e-09,9.571135e-10,4.690293e-13,3.414735e-11,1.871381e-01,7.984107e-10,4.689977e-10,3.336368e-13,1.728424e-11,2.996108e-01,7.044820e-10,8.872707e-10,3.823560e-13,6.745448e-08,3.158180e-01,1.955859e-13,1.373553e-09,1.959326e+02,1.473178e+09,8.345816e-08,5.666000e-01,2.457336e-13,1.425251e-09,1.351217e+02,1.198406e+09,6.886278e-08,3.976620e-01,1.251121e-13,6.440042e-10,1.588558e+02,1.917703e+09,1.072362e-02,1.648650e-02,4.991743e-03,1.829932e-15
54,1.765097e-11,1.585231e-01,1.050422e-09,4.105478e-10,1.817715e-13,3.188828e-11,1.191687e-01,1.174949e-09,3.257958e-10,1.954891e-13,3.420375e-11,1.482423e-01,1.032563e-09,8.060980e-10,3.967250e-13,1.870342e-11,3.246499e-01,9.965311e-10,6.251345e-10,1.979994e-13,6.700941e-08,3.933870e-01,1.399733e-13,1.928104e-09,1.562602e+02,1.974484e+09,8.152410e-08,3.668040e-01,1.893372e-13,1.874126e-09,2.038847e+02,1.359197e+09,6.945949e-08,4.042354e-01,1.933929e-13,1.928605e-09,1.576268e+02,1.545621e+09,2.702425e-02,1.334485e-02,1.804604e-03,4.889722e-15
55,1.723286e-11,3.985295e-01,1.121111e-09,9.162460e-10,4.533178e-13,3.368943e-11,3.666458e-01,8.496860e-10,5.048614e-10,3.757734e-13,3.358114e-11,1.096538e-01,8.649805e-10,6.354205e-10,4.276189e-13,1.777365e-11,2.320229e-01,7.927276e-10,6.452230e-10,2.025514e-13,6.842204e-08,2.945890e-01,1.874227e-13,1.756264e-09,2.130651e+02,1.618552e+09,8.152430e-08,3.493073e-01,2.539555e-13,1.346061e-09,2.140978e+02,1.207012e+09,6.899106e-08,2.956496e-01,2.561870e-13,1.969096e-09,2.140663e+02,1.357094e+09,7.131461e-03,1.018487e-02,4.517697e-03,2.138309e-15
56,1.733174e-11,1.524969e-01,9.288554e-10,4.997890e-10,3.356889e-13,3.141972e-11,3.039023e-01,9.929326e-10,9.249249e-10,3.999167e-13,3.166635e-11,2.475713e-01,8.401867e-10,4.645635e-10,3.765953e-13,1.756595e-11,2.849242e-01,1.147149e-09,1.026831e-09,3.370218e-13,6.654495e-08,4.060997e-01,2.157033e-13,9.908941e-10,1.503194e+02,1.526192e+09,8.437457e-08,3.949012e-01,2.285451e-13,1.782820e-09,1.959999e+02,1.248041e+09,6.982659e-08,4.279637e-01,2.796773e-13,1.955867e-09,1.496741e+02,1.238082e+09,1.088349e-03,2.912961e-02,5.324427e-03,4.464534e-15
57,1.811744e-11,1.116051e-01,1.018515e-09,4.947410e-10,3.748707e-13,3.166879e-11,1.365290e-01,7.236363e-10,5.677339e-10,5.269072e-13,3.176905e-11,3.859741e-01,1.123859e-09,8.073368e-10,4.892640e-13,1.720538e-11,3.979034e-01,1.150310e-09,4.927634e-10,5.190262e-13,6.694622e-08,4.686228e-01,2.987751e-13,1.728582e-09,1.310495e+02,1.255846e+09,8.058854e-08,4.165273e-01,1.908680e-13,1.923207e-09,1.774853e+02,1.518392e+09,6.755538e-08,3.132272e-01,3.049365e-13,1.035069e-09,1.978487e+02,1.244942e+09,2.584177e-02,1.840742e-02,2.747416e-03,2.179617e-15
58,1.743726e-11,3.884401e-01,1.016487e-09,6.883887e-10,2.491861e-13,3.219707e-11,3.196919e-01,9.836992e-10,8.005384e-10,2.013120e-13,3.168799e-11,1.128160e-01,7.051826e-10,3.463769e-10,2.025813e-13,1.821149e-11,3.862465e-01,9.844358e-10,1.190001e-09,2.624395e-13,6.922857e-08,3.752705e-01,1.833565e-13,6.794318e-10,1.692286e+02,1.562850e+09,8.186142e-08,3.554732e-01,2.886823e-13,5.000574e-10,2.112541e+02,1.179609e+09,6.903058e-08,3.183891e-01,2.589604e-13,1.413364e-09,1.988914e+02,1.322763e+09,1.596022e-02,2.138179e-02,8.205319e-04,1.020757e-15
59,1.829917e-11,3.510519e-01,1.049593e-09,6.180049e-10,2.360952e-13,3.198136e-11,2.574340e-01,6.203676e-10,3.979575e-10,4.617514e-13,3.346257e-11,2.135851e-01,8.917631e-10,3.495311e-10,2.124841e-13,1.808797e-11,1.493704e-01,9.146695e-10,9.601673e-10,4.983289e-13,6.982781e-08,3.978770e-01,1.366932e-13,8.936740e-10,1.609950e+02,1.793898e+09,8.401773e-08,5.005011e-01,2.915860e-13,8.346796e-10,1.539922e+02,1.084252e+09,6.941710e-08,4.845837e-01,1.776260e-13,1.525326e-09,1.314106e+02,1.821202e+09,2.577754e-02,2.456816e-03,1.473721e-03,4.512219e-15
60,1.768573e-11,3.717876e-01,1.192688e-09,9.274172e-10,3.892834e-13,3.178442e-11,3.866097e-01,7.980579e-10,2.825988e-10,3.229094e-13,3.429032e-11,2.063342e-01,6.745579e-10,8.517725e-10,2.726294e-13,1.727581e-11,2.946922e-01,9.216468e-10,1.104175e-09,2.377617e-13,6.743826e-08,4.441513e-01,1.677448e-13,9.810751e-10,1.392862e+02,2.053259e+09,8.331919e-08,5.360275e-01,1.536997e-13,1.129198e-09,1.425905e+02,1.784762e+09,6.987234e-08,4.010902e-01,1.540087e-13,8.659334e-10,1.598071e+02,1.998409e+09,4.813207e-03,1.852331e-02,4.862459e-03,4.090785e-15
61,1.842878e-11,1.363461e-01,6.040156e-10,7.844054e-10,4.068878e-13,3.372454e-11,2.510066e-01,1.139956e-09,8.500390e-10,2.548701e-13,3.266715e-11,1.591912e-01,1.089588e-09,1.145008e-09,2.593253e-13,1.784342e-11,3.707204e-01,7.428225e-10,1.294408e-09,5.186349e-13,6.907180e-08,3.431194e-01,2.694406e-13,8.452153e-10,1.846666e+02,1.351957e+09,8.115438e-08,4.233197e-01,1.807410e-13,1.021898e-09,1.758637e+02,1.689738e+09,6.851872e-08,3.419794e-01,2.988640e-13,1.518477e-09,1.837985e+02,1.246845e+09,2.993613e-02,1.541055e-02,2.229356e-03,3.451781e-15
62,1.775119e-11,1.765520e-01,1.133308e-09,7.619913e-10,4.230041e-13,3.357636e-11,3.031230e-01,1.090408e-09,1.066492e-09,3.185723e-13,3.422382e-11,3.792671e-01,8.817018e-10,1.169283e-09,1.794024e-13,1.759959e-11,3.957316e-01,1.052661e-09,5.445836e-10,4.639342e-13,6.849549e-08,3.117681e-01,1.989596e-13,1.679636e-09,2.015408e+02,1.566967e+09,8.388832e-08,4.706508e-01,1.513021e-13,5.939877e-10,1.635066e+02,1.719733e+09,6.826041e-08,3.774331e-01,2.570735e-13,1.884764e-09,1.659058e+02,1.320186e+09,2.401762e-02,6.818108e-03,3.991840e-03,4.570886e-15
63,1.776756e-11,3.360066e-01,1.147658e-09,8.965659e-10,3.994604e-13,3.406881e-11,3.139596e-01,8.550856e-10,4.592171e-10,2.767438e-13,3.355853e-11,2.823643e-01,1.057732e-09,1.197251e-09,2.906382e-13,1.712034e-11,1.681098e-01,1.087161e-09,9.361827e-10,3.980687e-13,6.679919e-08,3.722612e-01,1.695447e-13,9.272577e-10,1.646099e+02,2.035838e+09,8.333338e-08,3.571267e-01,1.339451e-13,9.267305e-10,2.140570e+02,1.638644e+09,6.996229e-08,4.300510e-01,2.436892e-13,1.278879e-09,1.492371e+02,1.446815e+09,5.728204e-03,1.983436e-02,1.512404e-03,9.007873e-16
64,1.876021e-11,2.821873e-01,1.173845e-09,6.786057e-10,5.190695e-13,3.394476e-11,3.867359e-01,9.357657e-10,4.093494e-10,1.931021e-13,3.257205e-11,3.651960e-01,9.749673e-10,6.320774e-10,2.950066e-13,1.772554e-11,2.926989e-01,8.409641e-10,1.079687e-09,1.919700e-13,6.608602e-08,3.966237e-01,3.130191e-13,1.695533e-09,1.528494e+02,1.278109e+09,8.324834e-08,5.280529e-01,1.771688e-13,9.554832e-10,1.446208e+02,1.743533e+09,6.895100e-08,4.062813e-01,1.861497e-13,1.293038e-09,1.556849e+02,1.519238e+09,1.332627e-03,5.160302e-03,2.201103e-03,1.374968e-15
65,1.733868e-11,1.080056e-01,8.290071e-10,1.241396e-09,3.048174e-13,3.388077e-11,2.293862e-01,9.208739e-10,5.994160e-10,3.147369e-13,3.324619e-11,1.495342e-01,1.068525e-09,8.743946e-10,4.873776e-13,1.760783e-11,1.012377e-01,1.064438e-09,4.015993e-10,3.756258e-13,6.727662e-08,3.712528e-01,1.774874e-13,8.482658e-10,1.662368e+02,1.630992e+09,8.115501e-08,4.869364e-01,1.888544e-13,1.750214e-09,1.528888e+02,1.556384e+09,6.598035e-08,3.410272e-01,2.211284e-13,1.637588e-09,1.774836e+02,1.393665e+09,2.604856e-02,1.070453e-02,5.786772e-03,2.266972e-15
66,1.862729e-11,2.959099e-01,9.603538e-10,1.250705e-09,4.877904e-13,3.246751e-11,1.869347e-01,9.505627e-10,6.993136e-10,2.457483e-13,3.277443e-11,1.935467e-01,7.898562e-10,8.398615e-10,2.218088e-13,1.712695e-11,2.148068e-01,8.426941e-10,9.540909e-10,5.030375e-13,6.746364e-08,4.518735e-01,2.868969e-13,1.683134e-09,1.369575e+02,1.296043e+09,8.436149e-08,4.075372e-01,2.004168e-13,7.870551e-10,1.898933e+02,1.558218e+09,6.992260e-08,2.972700e-01,2.075602e-13,9.451211e-10,2.157741e+02,1.663324e+09,8.407728e-04,1.506118e-02,1.949915e-03,3.284547e-15
67,1.847969e-11,3.713396e-01,6.380875e-10,7.670595e-10,3.060157e-13,3.160827e-11,3.861155e-01,1.028725e-09,2.868615e-10,4.237105e-13,3.196108e-11,1.821496e-01,1.048233e-09,1.183429e-09,4.916908e-13,1.714566e-11,2.796039e-01,7.805056e-10,3.985382e-10,3.417241e-13,6.655311e-08,4.096169e-01,1.523185e-13,7.007169e-10,1.490470e+02,1.960526e+09,8.377469e-08,4.674581e-01,2.543990e-13,1.139023e-09,1.644004e+02,1.206679e+09,6.950117e-08,3.310690e-01,1.479385e-13,6.817744e-10,1.925778e+02,1.803838e+09,3.791967e-03,1.200658e-03,2.661923e-03,3.013388e-15
68,1.802518e-11,1.790477e-01,6.560773e-10,7.463941e-10,5.102336e-13,3.354562e-11,2.189629e-01,7.816209e-10,4.292990e-10,4.134701e-13,3.255742e-11,3.257914e-01,8.650984e-10,4.299094e-10,3.430533e-13,1.795064e-11,1.178149e-01,6.049201e-10,3.242415e-10,1.831029e-13,6.732852e-08,4.277292e-01,2.561527e-13,1.288931e-09,1.443986e+02,1.378668e+09,8.033464e-08,4.257228e-01,1.520059e-13,1.018887e-09,1.731046e+02,1.578898e+09,6.821026e-08,4.479517e-01,2.425128e-13,1.564186e-09,1.396855e+02,1.467794e+09,2.487803e-02,7.925687e-03,1.715016e-03,4.516229e-15
69,1.848126e-11,3.796284e-01,1.137634e-09,6.238509e-10,4.961373e-13,3.164903e-11,2.477804e-01,8.843234e-10,4.140565e-10,4.334127e-13,3.391147e-11,1.338371e-01,1.123180e-09,1.000852e-09,5.083754e-13,1.748614e-11,3.048660e-01,1.022241e-09,6.744471e-10,1.918024e-13,6.608505e-08,3.051652e-01,1.895982e-13,6.570488e-10,1.986556e+02,1.611619e+09,8.375632e-08,5.370785e-01,2.148867e-13,1.352227e-09,1.430581e+02,1.472433e+09,6.791478e-08,3.571491e-01,1.262261e-13,6.638057e-10,1.744405e+02,1.993289e+09,2.015425e-02,1.409199e-02,4.119586e-03,8.946889e-16
70,1.714759e-11,2.722828e-01,6.243019e-10,1.193255e-09,2.336668e-13,3.401770e-11,1.532922e-01,7.965125e-10,1.091981e-09,3.306627e-13,3.429547e-11,1.837082e-01,1.063262e-09,3.058025e-10,2.615530e-13,1.805194e-11,3.586778e-01,1.053449e-09,1.298106e-09,3.817270e-13,6.711995e-08,3.159315e-01,2.533391e-13,9.674487e-10,1.948908e+02,1.420423e+09,8.256361e-08,4.349095e-01,2.191179e-13,1.511107e-09,1.741496e+02,1.337766e+09,6.600363e-08,4.257660e-01,1.414690e-13,9.823379e-10,1.422098e+02,2.054596e+09,1.258180e-02,6.897880e-03,2.607907e-03,1.922513e-15
71,1.858866e-11,1.488905e-01,1.122432e-09,9.868245e-10,4.847841e-13,3.279285e-11,2.625487e-01,1.188108e-09,1.292545e-09,3.828486e-13,3.136894e-11,3.669282e-01,1.073185e-09,5.152995e-10,3.542011e-13,1.781802e-11,2.692280e-01,8.460985e-10,1.143350e-09,2.174568e-13,6.932964e-08,4.155023e-01,2.011225e-13,1.223576e-09,1.530658e+02,1.454375e+09,8.366588e-08,3.705033e-01,1.628339e-13,1.439206e-09,2.071519e+02,1.532176e+09,6.864612e-08,2.950240e-01,1.384956e-13,1.189432e-09,2.134476e+02,1.809390e+09,1.559715e-02,2.925143e-03,2.818238e-03,3.715918e-15
72,1.886204e-11,3.083037e-01,7.301537e-10,5.657465e-10,4.014439e-13,3.392356e-11,2.253622e-01,1.072521e-09,1.054322e-09,2.471210e-13,3.142656e-11,3.396383e-01,8.078196e-10,6.715884e-10,1.832582e-13,1.838189e-11,3.154075e-01,1.041928e-09,8.687983e-10,4.956531e-13,6.956641e-08,4.814400e-01,1.649584e-13,1.974094e-09,1.325532e+02,1.836797e+09,8.084020e-08,4.480787e-01,1.950918e-13,6.109390e-10,1.655030e+02,1.422161e+09,6.928352e-08,3.295452e-01,2.628667e-13,1.147497e-09,1.928624e+02,1.351868e+09,8.448583e-03,2.372140e-02,3.148213e-03,4.244042e-15
73,1.860134e-11,2.632248e-01,1.180552e-09,8.968432e-10,2.846854e-13,3.229445e-11,3.704157e-01,6.534487e-10,7.780945e-10,4.112105e-13,3.139607e-11,1.513364e-01,9.140502e-10,4.302290e-10,2.149450e-13,1.871548e-11,3.781121e-01,9.520758e-10,7.176769e-10,3.447040e-13,6.670145e-08,3.245350e-01,2.339610e-13,1.435206e-09,1.885413e+02,1.442682e+09,8.202822e-08,3.878812e-01,1.751985e-13,7.861929e-10,1.939980e+02,1.650611e+09,6.715308e-08,3.838618e-01,1.409970e-13,7.873635e-10,1.604811e+02,1.881764e+09,2.429209e-02,2.692663e-02,4.921817e-03,3.933557e-15
74,1.743582e-11,3.772729e-01,7.762830e-10,9.393819e-10,2.347337e-13,3.201381e-11,1.030409e-01,9.882524e-10,1.058151e-09,3.958402e-13,3.348291e-11,1.041231e-01,1.147266e-09,1.014592e-09,3.708443e-13,1.742401e-11,3.889301e-01,7.017468e-10,7.199852e-10,2.277896e-13,6.813363e-08,3.876702e-01,1.315775e-13,1.766741e-09,1.612248e+02,1.827548e+09,8.069534e-08,3.804751e-01,3.079152e-13,1.278313e-09,1.945606e+02,1.147722e+09,6.773952e-08,3.846189e-01,2.103183e-13,6.030491e-10,1.615638e+02,1.672635e+09,2.436771e-02,1.282336e-02,5.911003e-03,3.721344e-15
75,1.872405e-11,3.036873e-01,1.091546e-09,3.155562e-10,4.036351e-13,3.174420e-11,2.155682e-01,7.374871e-10,6.431369e-10,2.907790e-13,3.366646e-11,1.781218e-01,8.271055e-10,5.820754e-10,3.763293e-13,1.724782e-11,1.661244e-01,8.050666e-10,1.224511e-09,2.335870e-13,6.625291e-08,3.057275e-01,1.871613e-13,1.893085e-09,1.987939e+02,1.565211e+09,8.220677e-08,4.095296e-01,1.745560e-13,1.282796e-09,1.841429e+02,1.615091e+09,6.657239e-08,3.977221e-01,2.536794e-13,1.650285e-09,1.535491e+02,1.302402e+09,4.491695e-03,1.418691e-02,3.956704e-03,3.958011e-15
76,1.869487e-11,3.216306e-01,7.618887e-10,6.039783e-10,2.828645e-13,3.216046e-11,3.144316e-01,6.790913e-10,9.854963e-10,4.025497e-13,3.288426e-11,2.704382e-01,7.571581e-10,8.187091e-10,3.589880e-13,1.864741e-11,1.375582e-01,9.726460e-10,9.236762e-10,3.306080e-13,6.891666e-08,4.296943e-01,1.980520e-13,1.905492e-09,1.471287e+02,1.637859e+09,7.960896e-08,4.469785e-01,2.597357e-13,1.201407e-09,1.633835e+02,1.230877e+09,6.937335e-08,4.246798e-01,2.848996e-13,8.108179e-10,1.498524e+02,1.254294e+09,1.116491e-02,1.135657e-02,3.493209e-03,1.027512e-15
77,1.723988e-11,2.016026e-01,7.130485e-10,7.376977e-10,4.272982e-13,3.333054e-11,1.030105e-01,1.034173e-09,8.135382e-10,1.793588e-13,3.315533e-11,1.076431e-01,9.471930e-10,6.601421e-10,2.984573e-13,1.729536e-11,3.489245e-01,7.480195e-10,2.823430e-10,2.904688e-13,6.596640e-08,4.175775e-01,3.153784e-13,5.645677e-10,1.449167e+02,1.223217e+09,7.962503e-08,3.307342e-01,2.618961e-13,1.052896e-09,2.208530e+02,1.251107e+09,6.750318e-08,3.493820e-01,3.060551e-13,1.889394e-09,1.772378e+02,1.237688e+09,1.545651e-02,2.329001e-02,4.366827e-03,3.309494e-15
78,1.808454e-11,1.741342e-01,8.830697e-10,6.355917e-10,4.690818e-13,3.272098e-11,3.401291e-01,6.939484e-10,8.235032e-10,3.541384e-13,3.416418e-11,1.690030e-01,7.010064e-10,4.320776e-10,3.316462e-13,1.757329e-11,1.649623e-01,6.752388e-10,1.106981e-09,2.852348e-13,6.617691e-08,3.915312e-01,1.717899e-13,1.102564e-09,1.550504e+02,1.947657e+09,8.083730e-08,5.526930e-01,1.609592e-13,7.172403e-10,1.341716e+02,1.640480e+09,6.621894e-08,3.903944e-01,1.860289e-13,1.765925e-09,1.556006e+02,1.686260e+09,5.009323e-03,2.685715e-02,5.120786e-03,4.576915e-15
79,1.794899e-11,2.406902e-01,9.040272e-10,9.889711e-10,4.009675e-13,3.293802e-11,3.654860e-01,7.068614e-10,9.599862e-10,2.916658e-13,3.203072e-11,1.938767e-01,8.684446e-10,1.230018e-09,4.699730e-13,1.757322e-11,2.682983e-01,1.155405e-09,9.418122e-10,2.765333e-13,6.599330e-08,3.288618e-01,1.936855e-13,1.313158e-09,1.840853e+02,1.724541e+09,8.275936e-08,3.709187e-01,2.096704e-13,1.900260e-09,2.046780e+02,1.281588e+09,6.868946e-08,2.986635e-01,1.512760e-13,1.818005e-09,2.109797e+02,1.927607e+09,6.900138e-03,2.505599e-02,1.301288e-03,3.322728e-15
80,1.875858e-11,3.299593e-01,9.987658e-10,7.560491e-10,2.057360e-13,3.183526e-11,1.677041e-01,6.515997e-10,3.845406e-10,4.679395e-13,3.303402e-11,2.021772e-01,8.413640e-10,7.036617e-10,4.796412e-13,1.780169e-11,2.198546e-01,1.032129e-09,7.383404e-10,4.386360e-13,6.903598e-08,4.334289e-01,1.437012e-13,1.565262e-09,1.461135e+02,1.921512e+09,8.021236e-08,3.522692e-01,2.497106e-13,1.986061e-09,2.088812e+02,1.288273e+09,6.722296e-08,3.524823e-01,1.396830e-13,1.731045e-09,1.749497e+02,2.034667e+09,2.282108e-02,1.021276e-02,4.613576e-04,4.312804e-15
81,1.726525e-11,3.528618e-01,1.128480e-09,5.534912e-10,4.003907e-13,3.320661e-11,1.799771e-01,1.119168e-09,9.982189e-10,4.183553e-13,3.357257e-11,2.717793e-01,8.509207e-10,6.264642e-10,4.566896e-13,1.818440e-11,2.220884e-01,8.891427e-10,1.208500e-09,3.977214e-13,6.901157e-08,4.318536e-01,2.201310e-13,1.709505e-09,1.465946e+02,1.510895e+09,8.155814e-08,4.920899e-01,1.916053e-13,1.601940e-09,1.520392e+02,1.573849e+09,6.900479e-08,4.736342e-01,1.568269e-13,5.478287e-10,1.336500e+02,1.759953e+09,1.949944e-03,1.983747e-02,3.117705e-03,2.198650e-15
82,1.738550e-11,3.410339e-01,1.184056e-09,1.013730e-09,2.421147e-13,3.146186e-11,3.838303e-01,8.841558e-10,1.080197e-09,2.780235e-13,3.268664e-11,1.764601e-01,7.916669e-10,8.946788e-10,4.449968e-13,1.826678e-11,3.341129e-01,7.053881e-10,8.292178e-10,3.757752e-13,6.799860e-08,4.280056e-01,1.808945e-13,1.732557e-09,1.457415e+02,1.823051e+09,8.297603e-08,3.828979e-01,2.444780e-13,1.711076e-09,1.987936e+02,1.186936e+09,6.710068e-08,3.013040e-01,1.976589e-13,1.384852e-09,2.042936e+02,1.763442e+09,1.277537e-02,2.853369e-02,3.879726e-03,4.420104e-15
83,1.826127e-11,3.595337e-01,1.188922e-09,7.954286e-10,4.959909e-13,3.259877e-11,3.477361e-01,1.070540e-09,9.218052e-10,1.912604e-13,3.435424e-11,2.644529e-01,1.157581e-09,1.291939e-09,3.473095e-13,1.882356e-11,3.287599e-01,1.160268e-09,9.036736e-10,2.280270e-13,6.998670e-08,4.130107e-01,2.086063e-13,1.714850e-09,1.554486e+02,1.453769e+09,8.192180e-08,3.672269e-01,1.413760e-13,9.854326e-10,2.046434e+02,1.647638e+09,6.951377e-08,2.997137e-01,1.299796e-13,6.587025e-10,2.127634e+02,1.955960e+09,1.794242e-02,2.235223e-02,4.009102e-03,2.753671e-15
84,1.862946e-11,3.945195e-01,1.185709e-09,4.195202e-10,3.814244e-13,3.305007e-11,2.591172e-01,8.756463e-10,1.041359e-09,3.145764e-13,3.411847e-11,1.215612e-01,6.760098e-10,1.045090e-09,2.421613e-13,1.762414e-11,1.374207e-01,9.922061e-10,1.158677e-09,2.707044e-13,6.862009e-08,4.539212e-01,3.117488e-13,1.789432e-09,1.386767e+02,1.236494e+09,8.228112e-08,3.563399e-01,1.573920e-13,1.322504e-09,2.118207e+02,1.503414e+09,6.612321e-08,2.910886e-01,1.815651e-13,1.646493e-09,2.083826e+02,1.617611e+09,1.226373e-02,2.019107e-02,2.378057e-03,1.129771e-15
85,1.782096e-11,1.773745e-01,8.841251e-10,1.056981e-09,1.915163e-13,3.139888e-11,3.106565e-01,1.114826e-09,8.386836e-10,5.042048e-13,3.416839e-11,2.238497e-01,1.107460e-09,5.913665e-10,3.049229e-13,1.738674e-11,3.884275e-01,9.309515e-10,3.867804e-10,5.252174e-13,6.874614e-08,3.079885e-01,1.312634e-13,8.620681e-10,2.047607e+02,1.885394e+09,8.160245e-08,4.278089e-01,2.723740e-13,1.993701e-09,1.749791e+02,1.254669e+09,6.816637e-08,3.333290e-01,2.332130e-13,1.025261e-09,1.875987e+02,1.344118e+09,7.720852e-03,2.379406e-02,5.610022e-03,1.110472e-15
86,1.767821e-11,1.580139e-01,6.896332e-10,1.119332e-09,4.118930e-13,3.334102e-11,2.021967e-01,7.682618e-10,1.164558e-09,4.722234e-13,3.461940e-11,3.743229e-01,6.226660e-10,9.377755e-10,2.891014e-13,1.741118e-11,1.559686e-01,1.029295e-09,4.758419e-10,1.714428e-13,6.710619e-08,3.168063e-01,1.664441e-13,1.619174e-09,1.943128e+02,1.969586e+09,8.336619e-08,4.171356e-01,2.222820e-13,1.819185e-09,1.833350e+02,1.340229e+09,6.872809e-08,4.140682e-01,1.521651e-13,1.878525e-09,1.522633e+02,1.962862e+09,2.364901e-02,1.625396e-02,4.367289e-03,4.527330e-15
87,1.799849e-11,1.223946e-01,8.744094e-10,8.480922e-10,2.036280e-13,3.328273e-11,3.792245e-01,6.277203e-10,6.293285e-10,2.905092e-13,3.297041e-11,3.641662e-01,6.055525e-10,2.888946e-10,2.766048e-13,1.848855e-11,3.529940e-01,8.447400e-10,3.098213e-10,5.258860e-13,6.697842e-08,4.630942e-01,2.232242e-13,1.674696e-09,1.326778e+02,1.548029e+09,8.377216e-08,5.463481e-01,3.095288e-13,9.056517e-10,1.406575e+02,1.064899e+09,6.963600e-08,4.624919e-01,2.810833e-13,8.609114e-10,1.381219e+02,1.297196e+09,7.765343e-03,2.095359e-02,5.080345e-03,2.377616e-15
88,1.754126e-11,2.609892e-01,8.024136e-10,8.330245e-10,2.823184e-13,3.173425e-11,2.064654e-01,6.495276e-10,7.954467e-10,4.507840e-13,3.416484e-11,3.245602e-01,7.812539e-10,4.717010e-10,5.002898e-13,1.831369e-11,1.245036e-01,6.658574e-10,6.025793e-10,3.084162e-13,6.732081e-08,4.326316e-01,2.761397e-13,1.814955e-09,1.427459e+02,1.299052e+09,8.406641e-08,3.658365e-01,2.126451e-13,1.630533e-09,2.107988e+02,1.280107e+09,6.847109e-08,3.849162e-01,1.850363e-13,8.115877e-10,1.631826e+02,1.526189e+09,1.615498e-02,2.247499e-02,1.337273e-03,2.148835e-15
89,1.860865e-11,3.118997e-01,1.128198e-09,2.757329e-10,3.827429e-13,3.348506e-11,1.886859e-01,6.123031e-10,7.388966e-10,3.711084e-13,3.236527e-11,1.437424e-01,8.746997e-10,1.062751e-09,3.742680e-13,1.757965e-11,2.681584e-01,6.465585e-10,9.548828e-10,4.470110e-13,6.846456e-08,4.426179e-01,1.696022e-13,1.815649e-09,1.418958e+02,1.834686e+09,8.406843e-08,5.211532e-01,2.573019e-13,1.713680e-09,1.479791e+02,1.298312e+09,6.731419e-08,2.955935e-01,2.924160e-13,1.255585e-09,2.089029e+02,1.287709e+09,2.110035e-03,2.745387e-02,4.104790e-03,3.826208e-15
90,1.772896e-11,2.343087e-01,8.528206e-10,1.242140e-09,4.337149e-13,3.418670e-11,1.703805e-01,1.170341e-09,1.052957e-09,4.936567e-13,3.440085e-11,1.122024e-01,8.374865e-10,4.194943e-10,4.504487e-13,1.750600e-11,3.532056e-01,1.049082e-09,7.781191e-10,2.694764e-13,6.759804e-08,3.203930e-01,1.962108e-13,1.800828e-09,1.935458e+02,1.524038e+09,8.373411e-08,3.788022e-01,1.966599e-13,9.439459e-10,2.027788e+02,1.349544e+09,6.607212e-08,4.574336e-01,1.727401e-13,5.872881e-10,1.325022e+02,2.032989e+09,1.658274e-02,9.017666e-03,1.007032e-03,3.967257e-15
91,1.844023e-11,1.484023e-01,7.868888e-10,1.147735e-09,4.293011e-13,3.331109e-11,2.503043e-01,7.825000e-10,3.716980e-10,2.634642e-13,3.150250e-11,1.638428e-01,6.286100e-10,7.632228e-10,5.157723e-13,1.796651e-11,2.601396e-01,9.641255e-10,4.835532e-10,2.698748e-13,6.777086e-08,4.337242e-01,1.861320e-13,1.664524e-09,1.433383e+02,1.659586e+09,8.232066e-08,5.009348e-01,1.573893e-13,1.641003e-09,1.507510e+02,1.581427e+09,6.597151e-08,3.025954e-01,3.365753e-13,5.853530e-10,1.999985e+02,1.195996e+09,7.498814e-03,2.576118e-02,5.575232e-03,4.692456e-15
92,1.737345e-11,2.015727e-01,8.104470e-10,6.221288e-10,2.793982e-13,3.426423e-11,1.847413e-01,1.016953e-09,1.096990e-09,1.788447e-13,3.434173e-11,3.415560e-01,1.108731e-09,1.239783e-09,4.405769e-13,1.788082e-11,3.985716e-01,1.056115e-09,1.270356e-09,1.999042e-13,6.609134e-08,4.555822e-01,1.900828e-13,8.518892e-10,1.330793e+02,1.563282e+09,8.318798e-08,5.294716e-01,1.637128e-13,1.620173e-09,1.441288e+02,1.679445e+09,6.766563e-08,4.211334e-01,3.050832e-13,1.768350e-09,1.473944e+02,1.276341e+09,2.312889e-02,2.851880e-03,5.009944e-03,1.614156e-15
93,1.854135e-11,1.381293e-01,8.418886e-10,1.125872e-09,3.533342e-13,3.294076e-11,2.836452e-01,8.423989e-10,8.744555e-10,2.724164e-13,3.140996e-11,3.549417e-01,6.231838e-10,1.041061e-09,5.015394e-13,1.883768e-11,1.533540e-01,1.101189e-09,5.867391e-10,3.827875e-13,6.630433e-08,3.631436e-01,2.837527e-13,7.494076e-10,1.674928e+02,1.280293e+09,8.045189e-08,4.362904e-01,1.725676e-13,1.849553e-09,1.691583e+02,1.824466e+09,6.747481e-08,3.445435e-01,1.639577e-13,7.190840e-10,1.796513e+02,1.875342e+09,6.673682e-03,8.621163e-04,1.517041e-03,1.788711e-15
94,1.737121e-11,2.143793e-01,6.669414e-10,9.175063e-10,4.909000e-13,3.167922e-11,3.932463e-01,1.169083e-09,3.801410e-10,3.806489e-13,3.328983e-11,1.147305e-01,9.696081e-10,8.776905e-10,5.239664e-13,1.828552e-11,1.939672e-01,6.536287e-10,9.702913e-10,4.749837e-13,6.709376e-08,3.864007e-01,1.654346e-13,1.660200e-09,1.592858e+02,2.038653e+09,8.375856e-08,4.343434e-01,1.575896e-13,5.106535e-10,1.769003e+02,1.780532e+09,6.739534e-08,3.830177e-01,2.228202e-13,1.189148e-09,1.614149e+02,1.423974e+09,5.333782e-04,2.869723e-03,5.197081e-03,2.563522e-15
95,1.795387e-11,3.579748e-01,8.612336e-10,6.844031e-10,2.022265e-13,3.311128e-11,1.308363e-01,1.110451e-09,8.256895e-10,1.886887e-13,3.355945e-11,3.854004e-01,8.941307e-10,6.064960e-10,2.136457e-13,1.741856e-11,1.540099e-01,1.189191e-09,9.124836e-10,4.094516e-13,6.952273e-08,3.953328e-01,2.568284e-13,1.835690e-09,1.613232e+02,1.344161e+09,8.239298e-08,4.804406e-01,1.719591e-13,1.383911e-09,1.573197e+02,1.827063e+09,6.865716e-08,3.789122e-01,1.402769e-13,7.211237e-10,1.662187e+02,1.861012e+09,2.793943e-03,1.887996e-02,5.906921e-03,2.439167e-15
96,1.747307e-11,1.363756e-01,1.073962e-09,4.736365e-10,5.238558e-13,3.451696e-11,1.168458e-01,1.133684e-09,7.109369e-10,4.040676e-13,3.243700e-11,2.947062e-01,8.912614e-10,3.646181e-10,4.176548e-13,1.730088e-11,2.904077e-01,1.046259e-09,7.248744e-10,2.070559e-13,6.771321e-08,3.421459e-01,2.522479e-13,1.124288e-09,1.815494e+02,1.283330e+09,8.158717e-08,4.178574e-01,2.217543e-13,1.437743e-09,1.791127e+02,1.448500e+09,6.654649e-08,4.355460e-01,2.579705e-13,6.627720e-10,1.401599e+02,1.459886e+09,2.835837e-02,1.351305e-02,3.733122e-03,3.187603e-15
97,1.820063e-11,3.866344e-01,1.194819e-09,3.608663e-10,4.800232e-13,3.462268e-11,3.833742e-01,1.102328e-09,2.911769e-10,4.146444e-13,3.397619e-11,3.262986e-01,8.023868e-10,5.402191e-10,4.240860e-13,1.797664e-11,3.943453e-01,8.308104e-10,3.884062e-10,4.952553e-13,6.773901e-08,3.053364e-01,2.003998e-13,9.548394e-10,2.035134e+02,1.622730e+09,8.334014e-08,3.499898e-01,2.214846e-13,1.594303e-09,2.184397e+02,1.232368e+09,6.782985e-08,4.105775e-01,1.510207e-13,1.282655e-09,1.515509e+02,1.847678e+09,2.945804e-02,1.606799e-02,1.031568e-03,3.220814e-15
98,1.824884e-11,3.457562e-01,1.024934e-09,1.194737e-09,3.804953e-13,3.315925e-11,3.455195e-01,9.600205e-10,9.041264e-10,4.613220e-13,3.231265e-11,2.779964e-01,1.015316e-09,1.013366e-09,4.902641e-13,1.726476e-11,1.417098e-01,1.131100e-09,8.746066e-10,3.025138e-13,6.859507e-08,3.613538e-01,2.404084e-13,9.783441e-10,1.741378e+02,1.492957e+09,8.133672e-08,5.258501e-01,1.820003e-13,1.220559e-09,1.418918e+02,1.470842e+09,6.639002e-08,2.887132e-01,2.668926e-13,1.093515e-09,2.109448e+02,1.247725e+09,6.482685e-03,4.982616e-03,9.089193e-04,4.301084e-15
99,1.786227e-11,2.487586e-01,1.082730e-09,1.164011e-09,2.632533e-13,3.204834e-11,3.368400e-01,9.999780e-10,5.559280e-10,4.668236e-13,3.208230e-11,3.984666e-01,8.199910e-10,5.713238e-10,2.711069e-13,1.782716e-11,3.963639e-01,1.152911e-09,9.888247e-10,4.844453e-13,6.800941e-08,2.968981e-01,1.735123e-13,1.026030e-09,2.101330e+02,1.870673e+09,8.214502e-08,3.697706e-01,2.961411e-13,1.621654e-09,2.037894e+02,1.099278e+09,6.703511e-08,4.265394e-01,1.348400e-13,6.733884e-10,1.441703e+02,2.062730e+09,4.909585e-04,2.867658e-02,2.869989e-03,3.506933e-15
100,1.744799e-11,3.193446e-01,1.071422e-09,1.012583e-09,5.269286e-13,3.438316e-11,3.761057e-01,1.134715e-09,3.486355e-10,1.877090e-13,3.172472e-11,2.392438e-01,8.341765e-10,1.060562e-09,4.268733e-13,1.717805e-11,1.123705e-01,9.105583e-10,9.791074e-10,5.033951e-13,6.995465e-08,3.794205e-01,1.925263e-13,5.834531e-10,1.691330e+02,1.708158e+09,8.026320e-08,4.083595e-01,2.687376e-13,1.872806e-09,1.803045e+02,1.150208e+09,6.739039e-08,3.342278e-01,2.179541e-13,1.004586e-09,1.849644e+02,1.410922e+09,6.732525e-03,5.959987e-03,1.233529e-03,1.440790e-15
101,1.792245e-11,1.656993e-01,7.187121e-10,4.780407e-10,4.311107e-13,3.298851e-11,1.477163e-01,7.832131e-10,5.006437e-10,3.956133e-13,3.229966e-11,1.190129e-01,1.164725e-09,1.181306e-09,3.748733e-13,1.725691e-11,3.238928e-01,6.631093e-10,6.291919e-10,3.583983e-13,6.701622e-08,3.295462e-01,2.689199e-13,1.385557e-09,1.865504e+02,1.262195e+09,7.957927e-08,3.935616e-01,1.603096e-13,1.114669e-09,1.854898e+02,1.576110e+09,6.754424e-08,3.784209e-01,1.735576e-13,7.453474e-10,1.637367e+02,1.777044e+09,7.344354e-03,5.048196e-03,1.340639e-03,1.802353e-15
102,1.783022e-11,3.626698e-01,6.880366e-10,9.511859e-10,2.419050e-13,3.188887e-11,1.405913e-01,9.600131e-10,8.889454e-10,2.960967e-13,3.137312e-11,1.334198e-01,8.250921e-10,9.554085e-10,3.745319e-13,1.810573e-11,3.119251e-01,7.740271e-10,1.165299e-09,4.595222e-13,6.937215e-08,3.573612e-01,2.056253e-13,1.835319e-09,1.780781e+02,1.595362e+09,8.164934e-08,3.817096e-01,2.099925e-13,1.391536e-09,1.962241e+02,1.413777e+09,6.783304e-08,3.467479e-01,1.659586e-13,7.902938e-10,1.794569e+02,2.023804e+09,2.900198e-02,2.603890e-02,2.954637e-03,3.750340e-15
103,1.881672e-11,3.048795e-01,1.189500e-09,5.320420e-10,5.109167e-13,3.405041e-11,2.061107e-01,8.777703e-10,8.424490e-10,2.085104e-13,3.440573e-11,3.881777e-01,8.859511e-10,7.557625e-10,4.466248e-13,1.718292e-11,1.183874e-01,6.042057e-10,9.810210e-10,4.911837e-13,6.955433e-08,4.743953e-01,1.881131e-13,9.841137e-10,1.344982e+02,1.495809e+09,8.187679e-08,4.062773e-01,1.919613e-13,1.513815e-09,1.848719e+02,1.439104e+09,6.871400e-08,3.841912e-01,1.702964e-13,1.073983e-09,1.640705e+02,1.951190e+09,1.808188e-02,1.425248e-02,3.140518e-03,4.588416e-15
104,1.710916e-11,2.387167e-01,6.584498e-10,1.000192e-09,4.987861e-13,3.323419e-11,3.729302e-01,6.564427e-10,5.135759e-10,4.844792e-13,3.411585e-11,1.178532e-01,8.503720e-10,7.226928e-10,2.704363e-13,1.826062e-11,1.670614e-01,8.919610e-10,4.011482e-10,1.722827e-13,6.882546e-08,4.021941e-01,2.486172e-13,1.222618e-09,1.569807e+02,1.431776e+09,8.268243e-08,4.961806e-01,1.438978e-13,1.540791e-09,1.528643e+02,1.642102e+09,6.751078e-08,4.527926e-01,1.633148e-13,6.566141e-10,1.367750e+02,1.761117e+09,6.471775e-03,2.197374e-02,5.754208e-03,4.640196e-15
105,1.797937e-11,3.308935e-01,9.863414e-10,1.016989e-09,4.067838e-13,3.359830e-11,3.198758e-01,1.121810e-09,4.668723e-10,4.031298e-13,3.190364e-11,1.842355e-01,9.191285e-10,5.624926e-10,4.560943e-13,1.714118e-11,3.084957e-01,8.539306e-10,7.168039e-10,5.189920e-13,6.797863e-08,3.872901e-01,1.737176e-13,6.380956e-10,1.610159e+02,1.743693e+09,7.972551e-08,4.515856e-01,2.990854e-13,1.558637e-09,1.619533e+02,1.097007e+09,6.982169e-08,3.538260e-01,1.577107e-13,1.776952e-09,1.810228e+02,1.988468e+09,1.743111e-02,2.645235e-02,2.257372e-03,2.974971e-15
106,1.730067e-11,1.823381e-01,9.539152e-10,5.226933e-10,4.420784e-13,3.328892e-11,3.239057e-01,8.341917e-10,4.816538e-10,2.564869e-13,3.228407e-11,3.936784e-01,9.690189e-10,1.197025e-09,3.583545e-13,1.786254e-11,3.244792e-01,8.617432e-10,4.614327e-10,4.856656e-13,6.736179e-08,3.142828e-01,2.232776e-13,1.118461e-09,1.966191e+02,1.551655e+09,8.419141e-08,5.177582e-01,3.150726e-13,1.879480e-09,1.491673e+02,1.091673e+09,6.930123e-08,3.418860e-01,3.196194e-13,1.659252e-09,1.859484e+02,1.208325e+09,2.923277e-02,2.468848e-02,1.978922e-03,2.219994e-15
107,1.867432e-11,2.823865e-01,1.112280e-09,9.073787e-10,4.267864e-13,3.241668e-11,1.034036e-01,1.099930e-09,7.281790e-10,2.105977e-13,3.413142e-11,1.295979e-01,7.522162e-10,3.955616e-10,3.016062e-13,1.712802e-11,2.308615e-01,9.125935e-10,8.841595e-10,1.752846e-13,6.890118e-08,3.170282e-01,1.909897e-13,1.318776e-09,1.993708e+02,1.819458e+09,8.181362e-08,3.572576e-01,1.749287e-13,8.039906e-10,2.100762e+02,1.636816e+09,6.826401e-08,3.131852e-01,2.926155e-13,7.785920e-10,1.999509e+02,1.246232e+09,2.515843e-02,2.407170e-02,4.945797e-03,2.959544e-15
108,1.720762e-11,1.018574e-01,1.044150e-09,4.750178e-10,4.739490e-13,3.226229e-11,2.376487e-01,9.760692e-10,9.759029e-10,4.337000e-13,3.276294e-11,1.153471e-01,9.283611e-10,1.003410e-09,2.423491e-13,1.785472e-11,3.220784e-01,1.057893e-09,3.150891e-10,2.602172e-13,6.804398e-08,4.364697e-01,1.962784e-13,1.990654e-09,1.430106e+02,1.654745e+09,8.308851e-08,5.518222e-01,1.614473e-13,1.488195e-09,1.381257e+02,1.772291e+09,6.781615e-08,3.024080e-01,1.574754e-13,7.968566e-10,2.057182e+02,1.703626e+09,2.624585e-02,1.015839e-02,3.992089e-03,3.131810e-15
109,1.843789e-11,1.265677e-01,9.773746e-10,1.220486e-09,4.153625e-13,3.367055e-11,2.416795e-01,7.511631e-10,1.268090e-09,2.726906e-13,3.181888e-11,3.647274e-01,6.858296e-10,7.439859e-10,4.479196e-13,1.838901e-11,2.022786e-01,9.758992e-10,8.654875e-10,5.114440e-13,6.998502e-08,3.321227e-01,1.472189e-13,1.447483e-09,1.933033e+02,2.041755e+09,8.357790e-08,4.485857e-01,1.635799e-13,1.806187e-09,1.709144e+02,1.532319e+09,6.851496e-08,3.569428e-01,1.400326e-13,8.239341e-10,1.760838e+02,1.864457e+09,4.591726e-03,3.099672e-03,1.283553e-03,2.734639e-15
110,1.760773e-11,2.715748e-01,1.059139e-09,9.385600e-10,2.193700e-13,3.412010e-11,1.274647e-01,7.452923e-10,7.478796e-10,3.438441e-13,3.433869e-11,1.212627e-01,9.292222e-10,4.508785e-10,2.478491e-13,1.770456e-11,2.438557e-01,6.568102e-10,1.045814e-09,2.124653e-13,6.608982e-08,3.494754e-01,1.438214e-13,6.436788e-10,1.734805e+02,2.028931e+09,8.420920e-08,4.008713e-01,1.583719e-13,1.257634e-09,1.927025e+02,1.651070e+09,6.817190e-08,4.272452e-01,1.690851e-13,1.760585e-09,1.463730e+02,1.601894e+09,2.918479e-02,4.967210e-03,5.891267e-03,2.597944e-15
111,1.810263e-11,1.982117e-01,8.373251e-10,3.031273e-10,3.743911e-13,3.271216e-11,3.562688e-01,6.588170e-10,3.921366e-10,1.763962e-13,3.190869e-11,1.587667e-01,9.017464e-10,1.270604e-09,4.488225e-13,1.865796e-11,3.887610e-01,1.139429e-09,1.000696e-09,2.316346e-13,6.803533e-08,2.950938e-01,2.495467e-13,8.041291e-10,2.114984e+02,1.324148e+09,8.025381e-08,3.988845e-01,1.428486e-13,6.915814e-10,1.845658e+02,1.754564e+09,6.953975e-08,3.425703e-01,2.828694e-13,1.028688e-09,1.862156e+02,1.217388e+09,1.353886e-02,7.072479e-03,1.605034e-03,3.274601e-15
112,1.776070e-11,1.008434e-01,7.733646e-10,3.902438e-10,4.364418e-13,3.222475e-11,3.107825e-01,6.944947e-10,5.508884e-10,5.109069e-13,3.177016e-11,1.521683e-01,8.728171e-10,3.674321e-10,4.038585e-13,1.733212e-11,2.676792e-01,1.056111e-09,5.679792e-10,3.904753e-13,6.836805e-08,3.611699e-01,2.520042e-13,6.623847e-10,1.736498e+02,1.459567e+09,8.162329e-08,4.505769e-01,1.625551e-13,1.618574e-09,1.661797e+02,1.720544e+09,6.748689e-08,4.705884e-01,1.776668e-13,1.051818e-09,1.315561e+02,1.663463e+09,1.192515e-02,2.834869e-02,2.655183e-03,1.284686e-15
113,1.876950e-11,3.786110e-01,9.677185e-10,6.105774e-10,5.019339e-13,3.304179e-11,1.879805e-01,8.011920e-10,6.096987e-10,4.907038e-13,3.301049e-11,3.493366e-01,9.220040e-10,6.754729e-10,2.565166e-13,1.778616e-11,1.664776e-01,1.064569e-09,9.525150e-10,2.017125e-13,6.823409e-08,2.960401e-01,1.231200e-13,1.031021e-09,2.114383e+02,1.928196e+09,8.393460e-08,3.931349e-01,2.050027e-13,1.273367e-09,1.958539e+02,1.470752e+09,6.754792e-08,2.922915e-01,1.422827e-13,1.599379e-09,2.119964e+02,1.773552e+09,2.564625e-02,1.407035e-02,4.968787e-03,2.145334e-15
114,1.777050e-11,1.249108e-01,7.502042e-10,9.738991e-10,4.206961e-13,3.229503e-11,1.568754e-01,7.314917e-10,9.909800e-10,1.893257e-13,3.292140e-11,1.717798e-01,1.123103e-09,1.006050e-09,4.272179e-13,1.727547e-11,3.787050e-01,1.168326e-09,6.726876e-10,3.207470e-13,6.750641e-08,3.357100e-01,2.333365e-13,5.438160e-10,1.844648e+02,1.386109e+09,7.966472e-08,3.677590e-01,1.720720e-13,1.671718e-09,1.987172e+02,1.538436e+09,6.886978e-08,3.762805e-01,1.489130e-13,1.296393e-09,1.678996e+02,1.715691e+09,1.874944e-02,1.822435e-02,6.316178e-04,2.705756e-15
115,1.791701e-11,3.478706e-01,1.055368e-09,4.982254e-10,3.396652e-13,3.369968e-11,3.940825e-01,8.955206e-10,8.191979e-10,2.960976e-13,3.202060e-11,1.531494e-01,8.670471e-10,9.212782e-10,3.296821e-13,1.810111e-11,3.626938e-01,8.707850e-10,5.811068e-10,2.511928e-13,6.757626e-08,4.469895e-01,1.230421e-13,8.982896e-10,1.386850e+02,1.991680e+09,8.366847e-08,3.633125e-01,2.612701e-13,1.101508e-09,2.112585e+02,1.140113e+09,6.834752e-08,4.091048e-01,1.125253e-13,1.522883e-09,1.532572e+02,2.056449e+09,2.347413e-02,1.068994e-02,2.338354e-03,2.866536e-15
116,1.875498e-11,1.917864e-01,1.056608e-09,3.932995e-10,3.791168e-13,3.256699e-11,2.043899e-01,1.012253e-09,1.106608e-09,3.709048e-13,3.181493e-11,3.049849e-01,6.523496e-10,8.999495e-10,4.413396e-13,1.769641e-11,3.862985e-01,9.452436e-10,7.240048e-10,4.027440e-13,6.810690e-08,4.650014e-01,2.090776e-13,1.933198e-09,1.343599e+02,1.633827e+09,8.196598e-08,5.431442e-01,1.958221e-13,5.886984e-10,1.384367e+02,1.564834e+09,6.933706e-08,3.439778e-01,1.906129e-13,1.461392e-09,1.849131e+02,1.530525e+09,1.728900e-02,2.443463e-02,8.665836e-04,2.557328e-15
117,1.801638e-11,1.540064e-01,1.050603e-09,9.292646e-10,4.187939e-13,3.238930e-11,3.087366e-01,7.241253e-10,1.004029e-09,2.009214e-13,3.330462e-11,2.343228e-01,7.732880e-10,1.260225e-09,4.388725e-13,1.757317e-11,2.672572e-01,9.074423e-10,5.529222e-10,4.523931e-13,6.881958e-08,4.353059e-01,1.661469e-13,1.499859e-09,1.450275e+02,1.997689e+09,7.974960e-08,3.306413e-01,3.179555e-13,7.918731e-10,2.212606e+02,1.072740e+09,6.752507e-08,3.006795e-01,1.870876e-13,9.284698e-10,2.060127e+02,1.812347e+09,2.451074e-02,1.638338e-02,4.042658e-04,4.002903e-15
118,1.800505e-11,2.439957e-01,9.817350e-10,1.295208e-09,5.086368e-13,3.136663e-11,1.769725e-01,1.034171e-09,3.582159e-10,4.496346e-13,3.136312e-11,1.222601e-01,9.770086e-10,9.804785e-10,4.016735e-13,1.772551e-11,3.458656e-01,8.595320e-10,4.212778e-10,5.228282e-13,6.865935e-08,3.684401e-01,2.362133e-13,1.322007e-09,1.709486e+02,1.446431e+09,8.139368e-08,4.264350e-01,3.265191e-13,1.795076e-09,1.750937e+02,1.092662e+09,6.901568e-08,3.451903e-01,1.685868e-13,1.826248e-09,1.834096e+02,1.827725e+09,2.261883e-02,2.414357e-02,4.699543e-03,4.538932e-15
119,1.777744e-11,1.138059e-01,6.397165e-10,9.098602e-10,3.181515e-13,3.195473e-11,3.919675e-01,9.945030e-10,4.267614e-10,4.143980e-13,3.412994e-11,1.140156e-01,9.298438e-10,5.189839e-10,2.041972e-13,1.839106e-11,1.369529e-01,8.534268e-10,5.659735e-10,4.014154e-13,6.924307e-08,4.091404e-01,2.578464e-13,6.799631e-10,1.552518e+02,1.255414e+09,8.291050e-08,5.392427e-01,3.276679e-13,1.745616e-09,1.410451e+02,1.072916e+09,6.910737e-08,3.053371e-01,1.701103e-13,8.002093e-10,2.076240e+02,1.883492e+09,2.098972e-02,2.139927e-02,2.976343e-03,3.865506e-15
120,1.791414e-11,3.165834e-01,1.039093e-09,5.021953e-10,2.266209e-13,3.169266e-11,1.537381e-01,9.147538e-10,8.712798e-10,4.718593e-13,3.250167e-11,3.331253e-01,6.923280e-10,1.071925e-09,3.046327e-13,1.787273e-11,3.707698e-01,1.076769e-09,1.275624e-09,3.172198e-13,6.939281e-08,4.564054e-01,1.115942e-13,5.308381e-10,1.394750e+02,2.051326e+09,8.248032e-08,4.110862e-01,2.005653e-13,6.209800e-10,1.840561e+02,1.373351e+09,6.651872e-08,3.025778e-01,2.286288e-13,1.895590e-09,2.016691e+02,1.503444e+09,1.035817e-02,1.966802e-02,6.909452e-04,1.757522e-15
121,1.883613e-11,2.846113e-01,8.431780e-10,8.838984e-10,5.197235e-13,3.336231e-11,1.983337e-01,8.658626e-10,4.250493e-10,5.038557e-13,3.462166e-11,2.869147e-01,7.822254e-10,5.356608e-10,1.913333e-13,1.885260e-11,3.123053e-01,7.168449e-10,9.934781e-10,3.488297e-13,6.667797e-08,4.691205e-01,1.594386e-13,1.799043e-09,1.303859e+02,1.821938e+09,8.388206e-08,4.953463e-01,1.604127e-13,1.225569e-09,1.553434e+02,1.516950e+09,6.844545e-08,4.749612e-01,2.049326e-13,9.110204e-10,1.321963e+02,1.454917e+09,7.848225e-03,2.381202e-02,4.165493e-03,4.917135e-15
122,1.808084e-11,1.193781e-01,9.761140e-10,7.808742e-10,3.326773e-13,3.402357e-11,1.482632e-01,1.126483e-09,1.278002e-09,2.734846e-13,3.207379e-11,1.689766e-01,7.644964e-10,7.315158e-10,4.933852e-13,1.877049e-11,2.632324e-01,9.512521e-10,4.709816e-10,3.212942e-13,6.951373e-08,4.361277e-01,1.406809e-13,6.432460e-10,1.462143e+02,1.963530e+09,8.026029e-08,5.428153e-01,2.435301e-13,9.170638e-10,1.356380e+02,1.382863e+09,6.770440e-08,3.172491e-01,1.756237e-13,1.018652e-09,1.957714e+02,1.680831e+09,2.292771e-02,3.876269e-03,1.238745e-03,1.897903e-15
123,1.861298e-11,3.178046e-01,1.150644e-09,1.041711e-09,1.869615e-13,3.188245e-11,1.708202e-01,9.648803e-10,9.754300e-10,5.119826e-13,3.252902e-11,3.237076e-01,6.078122e-10,4.957687e-10,2.085489e-13,1.756579e-11,3.633287e-01,6.839909e-10,1.032748e-09,5.111445e-13,6.984600e-08,3.972819e-01,1.579913e-13,1.840617e-09,1.612781e+02,2.011526e+09,7.972811e-08,3.464726e-01,2.729529e-13,7.910977e-10,2.110937e+02,1.215268e+09,6.919664e-08,3.743759e-01,1.224093e-13,1.276388e-09,1.695547e+02,1.905619e+09,2.374144e-02,8.180064e-03,5.033636e-03,2.505417e-15
124,1.791540e-11,2.325664e-01,7.288448e-10,7.361237e-10,2.155098e-13,3.303222e-11,1.485120e-01,9.778474e-10,1.098356e-09,3.466830e-13,3.385186e-11,3.964336e-01,6.846953e-10,5.064747e-10,4.574055e-13,1.719551e-11,3.556207e-01,8.260507e-10,8.474846e-10,5.181503e-13,6.693109e-08,4.520769e-01,1.578735e-13,1.861644e-09,1.358152e+02,1.948359e+09,8.070544e-08,4.567124e-01,1.336801e-13,9.225862e-10,1.621036e+02,1.675421e+09,6.836674e-08,4.632268e-01,1.861960e-13,1.356109e-09,1.353892e+02,1.772749e+09,1.133565e-02,9.754880e-04,4.172471e-03,4.371551e-15
125,1.855517e-11,2.275253e-01,1.053216e-09,6.820835e-10,3.134188e-13,3.421992e-11,3.131671e-01,6.895317e-10,9.012510e-10,3.485864e-13,3.150531e-11,2.432811e-01,6.306972e-10,1.250972e-09,4.953765e-13,1.780450e-11,2.071201e-01,9.475035e-10,1.255487e-09,5.270438e-13,6.943413e-08,3.809462e-01,2.330422e-13,1.272577e-09,1.672022e+02,1.501470e+09,8.007067e-08,4.401935e-01,2.230687e-13,1.204462e-09,1.668640e+02,1.482970e+09,6.828570e-08,4.106022e-01,1.621194e-13,1.584869e-09,1.525602e+02,1.757076e+09,2.039838e-02,8.586285e-04,1.059261e-03,3.535843e-15
126,1.774960e-11,2.923355e-01,1.042001e-09,2.990681e-10,4.108258e-13,3.399301e-11,2.868940e-01,1.115509e-09,8.360394e-10,4.694038e-13,3.395685e-11,2.708399e-01,7.281744e-10,7.909724e-10,2.551282e-13,1.805283e-11,1.857713e-01,6.222496e-10,8.098252e-10,5.011853e-13,6.861299e-08,3.760081e-01,2.690512e-13,1.413664e-09,1.673948e+02,1.313226e+09,8.409037e-08,3.475670e-01,1.376348e-13,1.004516e-09,2.219425e+02,1.660908e+09,6.684279e-08,3.164034e-01,2.798404e-13,1.404389e-09,1.937966e+02,1.231869e+09,8.126770e-04,1.905144e-02,5.356376e-03,1.266880e-15
127,1.750866e-11,3.636926e-01,1.164278e-09,9.507723e-10,4.852361e-13,3.394219e-11,1.982148e-01,8.773624e-10,5.838964e-10,3.493664e-13,3.200432e-11,3.612360e-01,1.003211e-09,6.656364e-10,2.834083e-13,1.826765e-11,2.176762e-01,7.094917e-10,3.320144e-10,2.629559e-13,6.790121e-08,3.999275e-01,2.018219e-13,5.441355e-10,1.557503e+02,1.628518e+09,8.282683e-08,4.321701e-01,1.575416e-13,1.833715e-09,1.758122e+02,1.670969e+09,6.640206e-08,3.339867e-01,1.412072e-13,1.878752e-09,1.823833e+02,1.846238e+09,2.138933e-02,9.687919e-03,2.579644e-03,3.540812e-15
128,1.720040e-11,3.777860e-01,8.018542e-10,7.891401e-10,4.029774e-13,3.253592e-11,3.632839e-01,6.820204e-10,1.167855e-09,2.815627e-13,3.297038e-11,3.975806e-01,6.947011e-10,3.135183e-10,3.409428e-13,1.837069e-11,3.547357e-01,1.011946e-09,1.056423e-09,4.339298e-13,6.758501e-08,3.089542e-01,1.646633e-13,1.095246e-09,2.006730e+02,1.899100e+09,8.380295e-08,5.096358e-01,1.881587e-13,6.294466e-10,1.508454e+02,1.623766e+09,6.937053e-08,3.479941e-01,1.427959e-13,1.182318e-09,1.828672e+02,2.033942e+09,1.567342e-03,7.433402e-03,4.055940e-03,2.983433e-15
129,1.738624e-11,3.187453e-01,6.236216e-10,7.969436e-10,2.388782e-13,3.374164e-11,1.621812e-01,7.005735e-10,1.195169e-09,3.236818e-13,3.326579e-11,1.228327e-01,7.696776e-10,8.384408e-10,5.136183e-13,1.782626e-11,3.339422e-01,1.104548e-09,1.064872e-09,3.937013e-13,6.610398e-08,4.424720e-01,2.493294e-13,7.706518e-10,1.370486e+02,1.402917e+09,8.129728e-08,4.568020e-01,1.733979e-13,1.217233e-09,1.632604e+02,1.487875e+09,6.873505e-08,4.094012e-01,2.627713e-13,1.712923e-09,1.540146e+02,1.407009e+09,1.856516e-02,4.148362e-03,5.571559e-03,4.842618e-15
130,1.846131e-11,1.472185e-01,1.107830e-09,5.041356e-10,4.314747e-13,3.437744e-11,2.789989e-01,8.158909e-10,7.498020e-10,1.738281e-13,3.338365e-11,1.033143e-01,9.845994e-10,6.847317e-10,2.090400e-13,1.785028e-11,3.745553e-01,6.376255e-10,1.279001e-09,2.806041e-13,6.750695e-08,3.068142e-01,1.671721e-13,1.999359e-09,2.018393e+02,1.745665e+09,8.021283e-08,3.548675e-01,1.911192e-13,1.742536e-09,2.073530e+02,1.368437e+09,6.822168e-08,3.462257e-01,1.789982e-13,1.742499e-09,1.807573e+02,1.871747e+09,1.537618e-02,2.589901e-02,4.648914e-03,4.088069e-15
131,1.834477e-11,3.786098e-01,6.093025e-10,1.109731e-09,4.536589e-13,3.254004e-11,2.204379e-01,1.003508e-09,1.244110e-09,5.181549e-13,3.338391e-11,1.224232e-01,8.917681e-10,5.875369e-10,2.282678e-13,1.859841e-11,3.561623e-01,1.148775e-09,7.610800e-10,3.667003e-13,6.803218e-08,4.004663e-01,3.165826e-13,1.598450e-09,1.558408e+02,1.202891e+09,8.288295e-08,5.334561e-01,1.981015e-13,5.151195e-10,1.425277e+02,1.437551e+09,6.906463e-08,3.067360e-01,1.482314e-13,1.807302e-09,2.065493e+02,1.758071e+09,1.327619e-02,1.493687e-02,5.922692e-04,1.018279e-15
132,1.799547e-11,3.041500e-01,1.008584e-09,6.788573e-10,2.961125e-13,3.341101e-11,2.650797e-01,8.140940e-10,1.233676e-09,2.177120e-13,3.226712e-11,1.174579e-01,7.378572e-10,1.143170e-09,3.481372e-13,1.758470e-11,3.176677e-01,1.092482e-09,6.213426e-10,3.209270e-13,6.905440e-08,4.136793e-01,1.908804e-13,1.071341e-09,1.531300e+02,1.566782e+09,8.436223e-08,3.499949e-01,1.823123e-13,1.833512e-09,2.211154e+02,1.448909e+09,6.675277e-08,4.389173e-01,1.509035e-13,1.765722e-09,1.395145e+02,2.026565e+09,2.887829e-02,9.632525e-03,4.377918e-03,4.843856e-15
133,1.823369e-11,1.431533e-01,9.735268e-10,4.243315e-10,1.748910e-13,3.450702e-11,1.497346e-01,7.034503e-10,3.978630e-10,3.374243e-13,3.432302e-11,2.926878e-01,8.196005e-10,6.188455e-10,2.895768e-13,1.798129e-11,2.570009e-01,7.281040e-10,7.844128e-10,4.030944e-13,6.635708e-08,2.932604e-01,2.795112e-13,1.373075e-09,2.075710e+02,1.286610e+09,8.138967e-08,3.426752e-01,2.621962e-13,7.693281e-10,2.178810e+02,1.162233e+09,6.748522e-08,3.882351e-01,1.550995e-13,5.435987e-10,1.594581e+02,1.714626e+09,9.381232e-03,1.448631e-02,3.614680e-03,1.156603e-15
134,1.851007e-11,2.386058e-01,7.143691e-10,4.958489e-10,3.949754e-13,3.310614e-11,3.759626e-01,8.062084e-10,3.435580e-10,1.822740e-13,3.154301e-11,3.973777e-01,9.869804e-10,9.503811e-10,2.390231e-13,1.866140e-11,3.108670e-01,9.760028e-10,1.150287e-09,4.738360e-13,6.893772e-08,4.284814e-01,1.476076e-13,8.679566e-10,1.475903e+02,1.917492e+09,8.198417e-08,5.326598e-01,1.982088e-13,1.324828e-09,1.411929e+02,1.404251e+09,6.874411e-08,3.351736e-01,2.630906e-13,1.458555e-09,1.881475e+02,1.252302e+09,1.493828e-02,1.950189e-02,3.591761e-03,3.206285e-15
135,1.786025e-11,3.724969e-01,1.118772e-09,1.017840e-09,4.683988e-13,3.426049e-11,2.375453e-01,1.137523e-09,1.133904e-09,1.796612e-13,3.155382e-11,1.400120e-01,1.055137e-09,1.032000e-09,4.590129e-13,1.777563e-11,3.032474e-01,9.928648e-10,6.103045e-10,2.602926e-13,6.864825e-08,2.975122e-01,1.596143e-13,1.635032e-09,2.116690e+02,1.738566e+09,8.121771e-08,4.825841e-01,2.772512e-13,1.665045e-09,1.543869e+02,1.215746e+09,6.913536e-08,3.357766e-01,2.787254e-13,1.066457e-09,1.888785e+02,1.247671e+09,1.544788e-02,1.314458e-02,2.093102e-03,2.863506e-15
136,1.825714e-11,3.860277e-01,8.911745e-10,1.199715e-09,2.292031e-13,3.406215e-11,1.294541e-01,1.086043e-09,7.766663e-10,2.074359e-13,3.328656e-11,1.523241e-01,1.013317e-09,1.233144e-09,2.623053e-13,1.747274e-11,3.951344e-01,1.156262e-09,7.360964e-10,4.865336e-13,6.709935e-08,4.516158e-01,1.915769e-13,7.841942e-10,1.362956e+02,1.681824e+09,8.355730e-08,4.067726e-01,2.364478e-13,1.247256e-09,1.884367e+02,1.269975e+09,6.665461e-08,3.778942e-01,1.290795e-13,1.002646e-09,1.618053e+02,1.947692e+09,4.224773e-03,2.373909e-02,1.762097e-03,2.163791e-15
137,1.822435e-11,2.596601e-01,1.071264e-09,5.139612e-10,2.908736e-13,3.458357e-11,2.183876e-01,6.541717e-10,3.907126e-10,5.209365e-13,3.159826e-11,1.674280e-01,1.053370e-09,4.456749e-10,1.686390e-13,1.768558e-11,1.628183e-01,1.058182e-09,1.074799e-09,2.259293e-13,6.897841e-08,3.085837e-01,2.895424e-13,8.700909e-10,2.050562e+02,1.280400e+09,8.158109e-08,5.106918e-01,1.363420e-13,5.714708e-10,1.465424e+02,1.805773e+09,6.690534e-08,2.855523e-01,1.702609e-13,1.436381e-09,2.149354e+02,2.027492e+09,1.644290e-02,2.334959e-02,3.796664e-03,6.257033e-16
138,1.715582e-11,2.242452e-01,8.550329e-10,1.125833e-09,3.309605e-13,3.387801e-11,1.044158e-01,1.159613e-09,1.140662e-09,5.023675e-13,3.418556e-11,3.921479e-01,8.887123e-10,1.044359e-09,2.166599e-13,1.714113e-11,3.106386e-01,1.180620e-09,8.898539e-10,4.930573e-13,6.764896e-08,4.400368e-01,2.062534e-13,6.565716e-10,1.410278e+02,1.717538e+09,8.284692e-08,5.043799e-01,1.703075e-13,1.096166e-09,1.506785e+02,1.553677e+09,6.725734e-08,3.308499e-01,1.318944e-13,1.213934e-09,1.864840e+02,1.942139e+09,1.727436e-02,4.997269e-03,3.443187e-03,1.606937e-15
139,1.776107e-11,1.152056e-01,9.659590e-10,7.839048e-10,3.608105e-13,3.377747e-11,3.961820e-01,6.037105e-10,3.103833e-10,4.691468e-13,3.460598e-11,1.939888e-01,8.363894e-10,5.328677e-10,2.966813e-13,1.750627e-11,1.016111e-01,8.051004e-10,4.407992e-10,3.373196e-13,6.750161e-08,4.229813e-01,1.744765e-13,1.829764e-09,1.463948e+02,1.822141e+09,8.183493e-08,3.848490e-01,1.839779e-13,1.132435e-09,1.950658e+02,1.532694e+09,6.893966e-08,3.037902e-01,2.501030e-13,9.345727e-10,2.081747e+02,1.402545e+09,3.062581e-03,2.328716e-02,5.447981e-03,1.971990e-15
140,1.802660e-11,3.452574e-01,9.725493e-10,4.124344e-10,1.775986e-13,3.325606e-11,2.200460e-01,6.120383e-10,5.282450e-10,2.710970e-13,3.271843e-11,1.283539e-01,8.543930e-10,9.206154e-10,1.909143e-13,1.734432e-11,1.373093e-01,6.074472e-10,6.653224e-10,4.993453e-13,6.700373e-08,4.495241e-01,2.117277e-13,8.228224e-10,1.367347e+02,1.438945e+09,8.322419e-08,3.553056e-01,2.111561e-13,1.203471e-09,2.148722e+02,1.479305e+09,6.840043e-08,4.168475e-01,1.710760e-13,6.994863e-10,1.505270e+02,1.955084e+09,1.935417e-02,2.852545e-03,2.463230e-03,1.181417e-15
141,1.793744e-11,3.631059e-01,6.104960e-10,5.778111e-10,3.488731e-13,3.184815e-11,3.224632e-01,7.408466e-10,4.453545e-10,4.899838e-13,3.430986e-11,3.899901e-01,6.612605e-10,1.234527e-09,2.228319e-13,1.751151e-11,1.510927e-01,1.102424e-09,9.369728e-10,3.582579e-13,6.604157e-08,4.191633e-01,1.629400e-13,1.969132e-09,1.445330e+02,1.736244e+09,8.363782e-08,4.478783e-01,1.749766e-13,1.528318e-09,1.713071e+02,1.680428e+09,6.925250e-08,3.272851e-01,1.483489e-13,1.046525e-09,1.941073e+02,1.911373e+09,5.716946e-03,1.015708e-02,8.846843e-04,4.298923e-15
142,1.844685e-11,1.929524e-01,6.034202e-10,5.361816e-10,3.045312e-13,3.446242e-11,2.926628e-01,7.639987e-10,8.755802e-10,3.795087e-13,3.297854e-11,2.307340e-01,7.375243e-10,1.027119e-09,3.029876e-13,1.750608e-11,3.417823e-01,7.486771e-10,4.178610e-10,1.847950e-13,6.722848e-08,2.939417e-01,1.967885e-13,8.027422e-10,2.098093e+02,1.528436e+09,8.200612e-08,3.520284e-01,1.635647e-13,1.242680e-09,2.136984e+02,1.583123e+09,6.647066e-08,4.638043e-01,1.748849e-13,6.270573e-10,1.314704e+02,1.648994e+09,2.659334e-02,6.520070e-03,2.426132e-03,1.068928e-15
143,1.839479e-11,3.059423e-01,6.708764e-10,7.436320e-10,3.131674e-13,3.177122e-11,3.453953e-01,6.580716e-10,1.240426e-09,5.143837e-13,3.327738e-11,1.154115e-01,8.936853e-10,9.373972e-10,3.379106e-13,1.801022e-11,2.040845e-01,7.728688e-10,8.709602e-10,2.271215e-13,6.754621e-08,4.071684e-01,1.504245e-13,5.689939e-10,1.521807e+02,1.972019e+09,8.413173e-08,3.721079e-01,3.037078e-13,1.461290e-09,2.074071e+02,1.121494e+09,6.790949e-08,3.953055e-01,1.597391e-13,1.103873e-09,1.575906e+02,1.996206e+09,1.660788e-02,1.712758e-02,2.261711e-03,4.318891e-15
144,1.710378e-11,2.673464e-01,7.947233e-10,5.496253e-10,4.410790e-13,3.448776e-11,3.875664e-01,8.419816e-10,8.404136e-10,2.787616e-13,3.387552e-11,2.433636e-01,6.195242e-10,8.557927e-10,3.673263e-13,1.848420e-11,1.552902e-01,8.528362e-10,5.165076e-10,4.784043e-13,6.713166e-08,2.841659e-01,1.385577e-13,1.997401e-09,2.167146e+02,1.916346e+09,8.425502e-08,4.142656e-01,2.848682e-13,1.714081e-09,1.865734e+02,1.195616e+09,6.662270e-08,4.538328e-01,1.913369e-13,1.768272e-09,1.346663e+02,1.818448e+09,2.693810e-02,1.368685e-02,5.865241e-03,4.041962e-15
145,1.724242e-11,3.940547e-01,1.006780e-09,6.006435e-10,3.687405e-13,3.424624e-11,2.351913e-01,9.375872e-10,5.798873e-10,1.704594e-13,3.431121e-11,2.453857e-01,6.503422e-10,4.133419e-10,2.494421e-13,1.789102e-11,1.208402e-01,1.006336e-09,1.125057e-09,3.806523e-13,6.949407e-08,3.206440e-01,2.829846e-13,1.541594e-09,1.988188e+02,1.221251e+09,7.963791e-08,3.759037e-01,2.121184e-13,1.448655e-09,1.943462e+02,1.419031e+09,6.970567e-08,3.521683e-01,1.369603e-13,1.460700e-09,1.815727e+02,1.908588e+09,4.594192e-03,2.295469e-02,9.234408e-04,3.660187e-15
146,1.824228e-11,3.713423e-01,6.541442e-10,1.137828e-09,3.538825e-13,3.207209e-11,3.162173e-01,7.458971e-10,4.217872e-10,5.016703e-13,3.346491e-11,2.997705e-01,8.813870e-10,6.650916e-10,3.424901e-13,1.834855e-11,3.886513e-01,9.183875e-10,4.472338e-10,4.934979e-13,6.614352e-08,4.007693e-01,2.557935e-13,5.485925e-10,1.513999e+02,1.438376e+09,8.004640e-08,4.635555e-01,2.639873e-13,1.349296e-09,1.584064e+02,1.214783e+09,6.821770e-08,3.392455e-01,2.592853e-13,7.971900e-10,1.844657e+02,1.248511e+09,7.880664e-03,2.299840e-03,4.712226e-03,1.258615e-15
147,1.825581e-11,1.633007e-01,7.241739e-10,8.249048e-10,4.435328e-13,3.299649e-11,1.244049e-01,8.681301e-10,7.216960e-10,4.752883e-13,3.142183e-11,2.324206e-01,9.472623e-10,8.388326e-10,4.429600e-13,1.794056e-11,2.938939e-01,1.061347e-09,1.132424e-09,4.760025e-13,6.802064e-08,2.977962e-01,1.729765e-13,6.369697e-10,2.095339e+02,1.986131e+09,8.031472e-08,3.621838e-01,2.589889e-13,1.657562e-09,2.034224e+02,1.275840e+09,6.886039e-08,4.713098e-01,1.744472e-13,1.718215e-09,1.340281e+02,1.589552e+09,2.798956e-02,1.987822e-02,4.179729e-04,3.901128e-15
148,1.715309e-11,2.138156e-01,6.787661e-10,1.131061e-09,2.043009e-13,3.367379e-11,3.620500e-01,1.003092e-09,1.212101e-09,2.097021e-13,3.426599e-11,2.319903e-01,6.631495e-10,1.194819e-09,3.548612e-13,1.840714e-11,2.533305e-01,7.038727e-10,8.890863e-10,4.599336e-13,6.615872e-08,4.049569e-01,2.444271e-13,9.734575e-10,1.498687e+02,1.507559e+09,8.190926e-08,4.862855e-01,1.829598e-13,8.421379e-10,1.545163e+02,1.535431e+09,6.734005e-08,4.117574e-01,2.003317e-13,9.907413e-10,1.500254e+02,1.624462e+09,1.864963e-02,7.727069e-03,2.356329e-03,2.796276e-15
149,1.776678e-11,3.657255e-01,9.506433e-10,5.715102e-10,3.884602e-13,3.416308e-11,3.110404e-01,9.699156e-10,9.650657e-10,4.719117e-13,3.189219e-11,3.644098e-01,1.199450e-09,1.195687e-09,2.759309e-13,1.824727e-11,2.585671e-01,9.558492e-10,5.911941e-10,4.583677e-13,6.899832e-08,4.011465e-01,1.683907e-13,1.720419e-09,1.577859e+02,1.983535e+09,8.164765e-08,3.577032e-01,2.288853e-13,1.735724e-09,2.093889e+02,1.268085e+09,6.649935e-08,3.077496e-01,1.959366e-13,5.743121e-10,1.982224e+02,1.723107e+09,9.072516e-03,1.560211e-02,2.545437e-03,4.612661e-15
150,1.749276e-11,3.840144e-01,1.096307e-09,7.736235e-10,5.021220e-13,3.241329e-11,1.198976e-01,6.564384e-10,9.569177e-10,3.752235e-13,3.407941e-11,3.006936e-01,6.730737e-10,7.456452e-10,4.573383e-13,1.746944e-11,3.184787e-01,8.765832e-10,2.828956e-10,4.525232e-13,6.804688e-08,4.108436e-01,1.840823e-13,8.363848e-10,1.519373e+02,1.690819e+09,8.306038e-08,5.189539e-01,1.910157e-13,1.741420e-09,1.468243e+02,1.616796e+09,6.897979e-08,4.098814e-01,1.737208e-13,1.603073e-09,1.543819e+02,1.839121e+09,2.083387e-02,1.915660e-02,4.977180e-03,9.738384e-16
151,1.839322e-11,1.064943e-01,9.873932e-10,7.855818e-10,5.049198e-13,3.330996e-11,2.555390e-01,7.239128e-10,1.125844e-09,3.212090e-13,3.367158e-11,1.649474e-01,8.854713e-10,8.334947e-10,1.977079e-13,1.809078e-11,3.356828e-01,8.947816e-10,9.448276e-10,3.192351e-13,6.882056e-08,3.181034e-01,1.904522e-13,1.612627e-09,1.984644e+02,1.605220e+09,8.089791e-08,4.880679e-01,1.943342e-13,9.997139e-10,1.520512e+02,1.556858e+09,6.909968e-08,4.735563e-01,2.316895e-13,6.020936e-10,1.338558e+02,1.377304e+09,2.971091e-02,1.311302e-02,3.708851e-03,1.957170e-15
152,1.849612e-11,3.763490e-01,9.060330e-10,8.185648e-10,4.986636e-13,3.147632e-11,2.572833e-01,1.020091e-09,1.007647e-09,3.918444e-13,3.326987e-11,1.004015e-01,1.083347e-09,8.968503e-10,3.910029e-13,1.772690e-11,1.981421e-01,6.878903e-10,6.003120e-10,1.891715e-13,6.919067e-08,4.468776e-01,1.754383e-13,6.552847e-10,1.420338e+02,1.942574e+09,8.412782e-08,5.197766e-01,2.998058e-13,1.185742e-09,1.484758e+02,1.169048e+09,6.697283e-08,3.542342e-01,2.306163e-13,1.226695e-09,1.734367e+02,1.549000e+09,2.952317e-02,2.866839e-02,5.306040e-03,9.552059e-16
153,1.717940e-11,1.829250e-01,9.322025e-10,2.835485e-10,3.874949e-13,3.275531e-11,2.066055e-01,6.418875e-10,1.286223e-09,3.752486e-13,3.352565e-11,1.442499e-01,6.713019e-10,7.823597e-10,4.999125e-13,1.766995e-11,3.432154e-01,1.028483e-09,7.658569e-10,4.632483e-13,6.847705e-08,3.122207e-01,1.381979e-13,7.060137e-10,2.011945e+02,2.047875e+09,8.312389e-08,5.200120e-01,1.927532e-13,9.966481e-10,1.466376e+02,1.443445e+09,6.607547e-08,4.470958e-01,1.824879e-13,1.672741e-09,1.355728e+02,1.739993e+09,3.877316e-03,5.489002e-03,3.142535e-03,2.604923e-15
154,1.880136e-11,1.870874e-01,6.017801e-10,1.024813e-09,2.865172e-13,3.284970e-11,3.074938e-01,8.239062e-10,1.191436e-09,3.628029e-13,3.362056e-11,2.621754e-01,6.737838e-10,3.450603e-10,2.174924e-13,1.774658e-11,2.597092e-01,9.265566e-10,8.665349e-10,3.378858e-13,6.923994e-08,3.090288e-01,1.656554e-13,1.508368e-09,2.055372e+02,1.947830e+09,8.331797e-08,4.448208e-01,2.381783e-13,1.493269e-09,1.718250e+02,1.194133e+09,6.972477e-08,3.562828e-01,1.502171e-13,8.310582e-10,1.795250e+02,1.787838e+09,7.208330e-03,7.285378e-03,2.518775e-03,2.690069e-15
155,1.793563e-11,3.533403e-01,7.574115e-10,2.890353e-10,5.119724e-13,3.235938e-11,1.162789e-01,9.406664e-10,9.988765e-10,1.975278e-13,3.257834e-11,2.005278e-01,7.972982e-10,3.926401e-10,3.842299e-13,1.746116e-11,3.423493e-01,1.181951e-09,4.459971e-10,4.506585e-13,6.806909e-08,2.929614e-01,1.619071e-13,1.340686e-09,2.131436e+02,1.897363e+09,8.164275e-08,4.077136e-01,2.445229e-13,8.161397e-10,1.836941e+02,1.179184e+09,6.934276e-08,3.829071e-01,2.908079e-13,1.678561e-09,1.661271e+02,1.298796e+09,2.629228e-02,2.878989e-03,1.650480e-03,2.648102e-15
156,1.738471e-11,3.623096e-01,8.710073e-10,8.079840e-10,3.297134e-13,3.289747e-11,2.969812e-01,1.017093e-09,8.469373e-10,3.287122e-13,3.198665e-11,3.786120e-01,9.434359e-10,6.800806e-10,2.436038e-13,1.718047e-11,2.580774e-01,9.963408e-10,3.928275e-10,1.835169e-13,6.614799e-08,4.620584e-01,1.540172e-13,1.441897e-09,1.313265e+02,2.049452e+09,8.322458e-08,3.482115e-01,2.762216e-13,1.843420e-09,2.192508e+02,1.195479e+09,6.965840e-08,4.192912e-01,1.967133e-13,1.083324e-09,1.524019e+02,1.459427e+09,2.005353e-02,2.476054e-02,2.462368e-03,8.529203e-16
157,1.745589e-11,1.756623e-01,7.861468e-10,1.204710e-09,4.800891e-13,3.280762e-11,3.261693e-01,8.091178e-10,1.164033e-09,3.660069e-13,3.417084e-11,2.493297e-01,8.180866e-10,3.265397e-10,4.107642e-13,1.815843e-11,3.165467e-01,9.041276e-10,3.524662e-10,4.480518e-13,6.677778e-08,3.104857e-01,2.147802e-13,7.897362e-10,1.972982e+02,1.502338e+09,8.250669e-08,4.217983e-01,2.013144e-13,1.372791e-09,1.794391e+02,1.448024e+09,6.767673e-08,3.271241e-01,1.982645e-13,7.475276e-10,1.897840e+02,1.743643e+09,1.810783e-02,4.561150e-03,5.763921e-03,2.599778e-15
158,1.856274e-11,1.543091e-01,8.882942e-10,4.033776e-10,3.982819e-13,3.257348e-11,3.239225e-01,8.951034e-10,4.352334e-10,4.087117e-13,3.458344e-11,3.592776e-01,8.438946e-10,8.260801e-10,1.754872e-13,1.761995e-11,2.926112e-01,7.484607e-10,8.143709e-10,1.702270e-13,6.902066e-08,2.997927e-01,1.643670e-13,1.706236e-09,2.111985e+02,1.930471e+09,8.069798e-08,3.890420e-01,1.929594e-13,6.165579e-10,1.902825e+02,1.578671e+09,6.633143e-08,3.520563e-01,2.602136e-13,1.501617e-09,1.728383e+02,1.340868e+09,1.229922e-03,1.515166e-02,1.889131e-03,1.145074e-15
159,1.760152e-11,2.972751e-01,6.068057e-10,7.434206e-10,4.139453e-13,3.162309e-11,2.813707e-01,9.946057e-10,8.370972e-10,4.935915e-13,3.203589e-11,2.322308e-01,8.737749e-10,6.460771e-10,2.027368e-13,1.757005e-11,1.622443e-01,6.909948e-10,5.903383e-10,3.390651e-13,6.698240e-08,3.521252e-01,3.399557e-13,1.512611e-09,1.745003e+02,1.201376e+09,8.300641e-08,3.624360e-01,1.802297e-13,8.043095e-10,2.100937e+02,1.669883e+09,6.748700e-08,4.034642e-01,2.193028e-13,1.992066e-09,1.534433e+02,1.387779e+09,5.087275e-03,2.656681e-02,2.474364e-03,1.715665e-15
160,1.790671e-11,3.567642e-01,9.286072e-10,2.731231e-10,3.926709e-13,3.186852e-11,2.386945e-01,1.169225e-09,1.233255e-09,3.738092e-13,3.167610e-11,3.319284e-01,9.989617e-10,6.275223e-10,3.584092e-13,1.843214e-11,1.140121e-01,9.382369e-10,1.150384e-09,4.804568e-13,6.718570e-08,3.754180e-01,1.600073e-13,1.247692e-09,1.641702e+02,1.873468e+09,8.328360e-08,5.644534e-01,1.275683e-13,1.028201e-09,1.353518e+02,1.765605e+09,6.886313e-08,3.191841e-01,1.400874e-13,1.444638e-09,1.979148e+02,1.885175e+09,1.966732e-02,2.280383e-02,6.689573e-04,2.557909e-15
161,1.813866e-11,2.664474e-01,9.075601e-10,8.744991e-10,5.198347e-13,3.330945e-11,2.596726e-01,9.257807e-10,1.188098e-09,3.718776e-13,3.454025e-11,1.050260e-01,8.009708e-10,1.098844e-09,2.110677e-13,1.806381e-11,2.991494e-01,6.752547e-10,7.712269e-10,2.581456e-13,6.738145e-08,4.743465e-01,1.465199e-13,8.885693e-10,1.303099e+02,1.808757e+09,8.254677e-08,4.250868e-01,1.836250e-13,8.106181e-10,1.781374e+02,1.675782e+09,6.808122e-08,3.087135e-01,1.229498e-13,1.890288e-09,2.023040e+02,1.996164e+09,1.411384e-02,2.747485e-02,2.846857e-03,2.854089e-15
162,1.873449e-11,3.016841e-01,8.413293e-10,6.151329e-10,4.160755e-13,3.363159e-11,3.525768e-01,9.178724e-10,3.108491e-10,3.426666e-13,3.141615e-11,1.412882e-01,1.015661e-09,9.976066e-10,2.583977e-13,1.805070e-11,1.276683e-01,9.153233e-10,4.232818e-10,3.803982e-13,6.661126e-08,3.269850e-01,2.167196e-13,1.963400e-09,1.868755e+02,1.441419e+09,8.014197e-08,5.216013e-01,1.877888e-13,1.307236e-09,1.409464e+02,1.376040e+09,6.870504e-08,3.118157e-01,2.029316e-13,1.977499e-09,2.021266e+02,1.720596e+09,2.481359e-02,2.832675e-02,1.014326e-03,2.766376e-15
163,1.831271e-11,3.039034e-01,8.246738e-10,7.615864e-10,2.104499e-13,3.351813e-11,3.168500e-01,6.227095e-10,5.593747e-10,3.076285e-13,3.371825e-11,3.687952e-01,9.076196e-10,9.769131e-10,2.140596e-13,1.712718e-11,1.863201e-01,1.061256e-09,9.476144e-10,3.537747e-13,7.001646e-08,3.111886e-01,1.709190e-13,6.582743e-10,2.063998e+02,1.820226e+09,8.192286e-08,4.607178e-01,2.152745e-13,1.030114e-09,1.631183e+02,1.337384e+09,6.986587e-08,4.579083e-01,1.841703e-13,1.594781e-09,1.399649e+02,1.810515e+09,1.671564e-02,2.618745e-02,1.264678e-03,4.089671e-15
164,1.804565e-11,3.088893e-01,7.231504e-10,1.008071e-09,2.157528e-13,3.335975e-11,2.774978e-01,1.017322e-09,1.009122e-09,4.582629e-13,3.428472e-11,1.131594e-01,8.112851e-10,1.123137e-09,4.812431e-13,1.751631e-11,1.939983e-01,7.289233e-10,9.420477e-10,2.473466e-13,6.745459e-08,3.712657e-01,2.730307e-13,1.779631e-09,1.666708e+02,1.366067e+09,8.342680e-08,3.621203e-01,3.204224e-13,1.811373e-09,2.113418e+02,1.101720e+09,6.632296e-08,3.993514e-01,1.501307e-13,1.781459e-09,1.523496e+02,1.892466e+09,2.454639e-02,1.001258e-02,1.211652e-03,1.217924e-15
165,1.750038e-11,3.219480e-01,9.161516e-10,9.978881e-10,2.697290e-13,3.315818e-11,3.450891e-01,9.710264e-10,8.982965e-10,2.787259e-13,3.394938e-11,2.314415e-01,7.524069e-10,1.090833e-09,4.200022e-13,1.740442e-11,1.124179e-01,1.061773e-09,5.049940e-10,3.620511e-13,6.651397e-08,4.517458e-01,1.681220e-13,1.044698e-09,1.350677e+02,1.620183e+09,8.350681e-08,4.515262e-01,1.558262e-13,1.994989e-09,1.696570e+02,1.739512e+09,6.863710e-08,3.749569e-01,2.619267e-13,8.359718e-10,1.679230e+02,1.404933e+09,4.827233e-03,5.953604e-03,1.902808e-03,1.562389e-15
166,1.755648e-11,3.603219e-01,1.144985e-09,1.282706e-09,4.433861e-13,3.449496e-11,2.696503e-01,8.899565e-10,1.080807e-09,4.900246e-13,3.392636e-11,1.779266e-01,7.562598e-10,2.980030e-10,4.484526e-13,1.783176e-11,1.227801e-01,1.017085e-09,2.792461e-10,3.188638e-13,6.718071e-08,3.996916e-01,1.698467e-13,1.693318e-09,1.541886e+02,1.797268e+09,8.248934e-08,3.401201e-01,1.884457e-13,1.632949e-09,2.224837e+02,1.436077e+09,6.749956e-08,4.071189e-01,1.789645e-13,1.450794e-09,1.520941e+02,1.650811e+09,2.762344e-02,1.719054e-02,1.470596e-03,5.596049e-16
167,1.746685e-11,2.699909e-01,6.719030e-10,5.847200e-10,1.813551e-13,3.152949e-11,1.521788e-01,6.012396e-10,3.310866e-10,3.058777e-13,3.408683e-11,3.971736e-01,9.949070e-10,2.897350e-10,5.135627e-13,1.819802e-11,1.314099e-01,9.199024e-10,3.022246e-10,4.260070e-13,6.803741e-08,3.459342e-01,2.984166e-13,8.664712e-10,1.804210e+02,1.282396e+09,8.405175e-08,3.759717e-01,1.777174e-13,8.335462e-10,2.050805e+02,1.488798e+09,6.753540e-08,4.233091e-01,1.746319e-13,5.659607e-10,1.463547e+02,1.825692e+09,3.119477e-03,1.803356e-02,5.363574e-03,4.963148e-15
168,1.711772e-11,2.453992e-01,9.901833e-10,9.663467e-10,4.071278e-13,3.396686e-11,2.554018e-01,1.018656e-09,1.201467e-09,5.117759e-13,3.176932e-11,3.196098e-01,7.400407e-10,5.295813e-10,4.715333e-13,1.805506e-11,1.289519e-01,6.196165e-10,8.443394e-10,2.534850e-13,6.812803e-08,3.179164e-01,1.829130e-13,1.497291e-09,1.965828e+02,1.566475e+09,8.094761e-08,3.841967e-01,2.942651e-13,1.561317e-09,1.932783e+02,1.201157e+09,6.979166e-08,4.505101e-01,1.983846e-13,1.916460e-09,1.421123e+02,1.442110e+09,8.544068e-03,7.427563e-03,5.367681e-03,4.649218e-15
169,1.733486e-11,1.974298e-01,7.845723e-10,8.568224e-10,4.007973e-13,3.242233e-11,1.981850e-01,8.129191e-10,1.187795e-09,3.055098e-13,3.203883e-11,2.968328e-01,1.070116e-09,3.296662e-10,3.261447e-13,1.842786e-11,2.247011e-01,1.100159e-09,9.934934e-10,3.382755e-13,6.601926e-08,3.007634e-01,1.544316e-13,1.217039e-09,2.013624e+02,1.994986e+09,8.183287e-08,3.491626e-01,2.150159e-13,1.979677e-09,2.149972e+02,1.381218e+09,6.672567e-08,3.155394e-01,1.838458e-13,1.656429e-09,1.939868e+02,1.762239e+09,4.707866e-03,2.542460e-02,4.584190e-03,4.012185e-15
170,1.834038e-11,3.698785e-01,7.895612e-10,9.416819e-10,1.964247e-13,3.158040e-11,2.013650e-01,1.165164e-09,6.546284e-10,4.932203e-13,3.195173e-11,3.365333e-01,1.130738e-09,9.578127e-10,2.245680e-13,1.759513e-11,3.684990e-01,8.334593e-10,5.586418e-10,2.693228e-13,6.769019e-08,2.945315e-01,1.463201e-13,1.472653e-09,2.108272e+02,2.062478e+09,8.023468e-08,3.929804e-01,2.064405e-13,1.837230e-09,1.872941e+02,1.420626e+09,6.874625e-08,4.096036e-01,1.383834e-13,1.981433e-09,1.539636e+02,2.006183e+09,1.853825e-02,9.555079e-04,3.975379e-03,3.580498e-15
171,1.831986e-11,3.976811e-01,1.199766e-09,6.646782e-10,4.910131e-13,3.172053e-11,1.760528e-01,1.009161e-09,1.109733e-09,2.070969e-13,3.364416e-11,1.698454e-01,9.999293e-10,1.145356e-09,4.339395e-13,1.769228e-11,1.057755e-01,1.085881e-09,7.654242e-10,2.440792e-13,6.985005e-08,3.988003e-01,1.382055e-13,1.538923e-09,1.606734e+02,1.846348e+09,8.167954e-08,5.130990e-01,1.635774e-13,1.083349e-09,1.460309e+02,1.538513e+09,6.998477e-08,4.213134e-01,1.808457e-13,1.984843e-09,1.523811e+02,1.738912e+09,2.983348e-02,2.517936e-02,3.461189e-03,9.082214e-16
172,1.770829e-11,1.696017e-01,6.405579e-10,3.568038e-10,2.744615e-13,3.438548e-11,3.027518e-01,7.263943e-10,5.406986e-10,1.942566e-13,3.282721e-11,1.984350e-01,7.892028e-10,6.722242e-10,2.488095e-13,1.887170e-11,3.918953e-01,7.154812e-10,7.468327e-10,4.860417e-13,6.613556e-08,3.639587e-01,2.550957e-13,6.125941e-10,1.666924e+02,1.358671e+09,8.055253e-08,3.704018e-01,1.789311e-13,6.236532e-10,1.994982e+02,1.429447e+09,6.958038e-08,3.679113e-01,1.474585e-13,1.133462e-09,1.734908e+02,1.844324e+09,1.487833e-03,1.818305e-02,5.762627e-03,4.420118e-15
173,1.846451e-11,1.858555e-01,9.151753e-10,6.851084e-10,3.430154e-13,3.260747e-11,1.440224e-01,9.633420e-10,1.245482e-09,2.425085e-13,3.340994e-11,2.916392e-01,1.094727e-09,2.856001e-10,1.998031e-13,1.867937e-11,2.865478e-01,6.836945e-10,3.024181e-10,4.060561e-13,6.716869e-08,4.445933e-01,2.489003e-13,7.512109e-10,1.385915e+02,1.414030e+09,8.031407e-08,5.339583e-01,1.214358e-13,1.786781e-09,1.379803e+02,1.791946e+09,6.771877e-08,4.028562e-01,1.305494e-13,1.594261e-09,1.542026e+02,1.955334e+09,1.926903e-02,2.303233e-03,3.629751e-03,3.760001e-15
174,1.870491e-11,1.067415e-01,1.088239e-09,6.869806e-10,5.290052e-13,3.291903e-11,2.291544e-01,6.585563e-10,1.152525e-09,4.137323e-13,3.148612e-11,3.552435e-01,1.030334e-09,6.290160e-10,3.626030e-13,1.887622e-11,1.338599e-01,1.001636e-09,5.325613e-10,5.016166e-13,6.994312e-08,4.899806e-01,2.195052e-13,1.700557e-09,1.309480e+02,1.544994e+09,8.414159e-08,5.574631e-01,2.200068e-13,1.462036e-09,1.384609e+02,1.437158e+09,6.817254e-08,3.790963e-01,2.741030e-13,1.029623e-09,1.649653e+02,1.334627e+09,1.075200e-02,2.875633e-02,3.014346e-03,4.683337e-15
175,1.773869e-11,1.219857e-01,1.050685e-09,3.935742e-10,5.190260e-13,3.431037e-11,2.958635e-01,7.323054e-10,4.770899e-10,4.418415e-13,3.420093e-11,1.043446e-01,9.863776e-10,9.626444e-10,3.171256e-13,1.865081e-11,1.250715e-01,6.327997e-10,4.927697e-10,4.625386e-13,6.664404e-08,4.593625e-01,1.152845e-13,9.959694e-10,1.330879e+02,2.054902e+09,8.172147e-08,3.979895e-01,2.030194e-13,1.763838e-09,1.883637e+02,1.444347e+09,6.677462e-08,3.690589e-01,1.412967e-13,5.741441e-10,1.659772e+02,1.966407e+09,2.653924e-02,2.614730e-02,5.396848e-03,1.790360e-15
176,1.884892e-11,1.816466e-01,7.363421e-10,1.257877e-09,2.935486e-13,3.370201e-11,1.808281e-01,7.027839e-10,4.715129e-10,3.040263e-13,3.437252e-11,3.462922e-01,7.955406e-10,1.234710e-09,1.697578e-13,1.757879e-11,2.688218e-01,8.379330e-10,5.714896e-10,3.778067e-13,6.694556e-08,3.480981e-01,2.937611e-13,1.052973e-09,1.764221e+02,1.210052e+09,8.205275e-08,5.257548e-01,1.218365e-13,1.130407e-09,1.431669e+02,1.788380e+09,6.875282e-08,4.580489e-01,1.363153e-13,1.489961e-09,1.376929e+02,1.843906e+09,1.152263e-02,1.014230e-02,1.416475e-03,3.489905e-15
177,1.868789e-11,2.323331e-01,1.168107e-09,1.121779e-09,3.191571e-13,3.289359e-11,3.451459e-01,1.175765e-09,1.282023e-09,3.696816e-13,3.186217e-11,2.734615e-01,8.322908e-10,8.854600e-10,4.318349e-13,1.815312e-11,3.421354e-01,1.131591e-09,1.027163e-09,3.167733e-13,6.715814e-08,3.738995e-01,1.858295e-13,1.994957e-09,1.647694e+02,1.814232e+09,8.373020e-08,5.343952e-01,1.877901e-13,1.824932e-09,1.437316e+02,1.445962e+09,6.675732e-08,4.022902e-01,2.225212e-13,1.086768e-09,1.522272e+02,1.593865e+09,7.873907e-03,2.990817e-02,7.180692e-04,1.280497e-15
178,1.768271e-11,1.805396e-01,1.010841e-09,5.196143e-10,3.762274e-13,3.147427e-11,1.074764e-01,9.788724e-10,1.198268e-09,5.016449e-13,3.382562e-11,2.707499e-01,1.184224e-09,1.171087e-09,2.824971e-13,1.732959e-11,2.507038e-01,1.097341e-09,9.536611e-10,4.548185e-13,6.978527e-08,3.965216e-01,2.760787e-13,1.033771e-09,1.614469e+02,1.335458e+09,8.267202e-08,5.517462e-01,2.026852e-13,1.827534e-09,1.374523e+02,1.489553e+09,6.906086e-08,3.808347e-01,1.908336e-13,1.377235e-09,1.663521e+02,1.549557e+09,1.118879e-02,2.433168e-02,4.872812e-03,2.725577e-15
179,1.875425e-11,2.713357e-01,1.164031e-09,1.022135e-09,3.800028e-13,3.150210e-11,3.028841e-01,1.171907e-09,3.648951e-10,2.367431e-13,3.452249e-11,1.704321e-01,6.699537e-10,1.204241e-09,4.752641e-13,1.730648e-11,2.453890e-01,6.082150e-10,1.171704e-09,3.276789e-13,6.984671e-08,4.537606e-01,1.534968e-13,1.577457e-09,1.412056e+02,1.764104e+09,8.414423e-08,4.047845e-01,1.688209e-13,1.638454e-09,1.906923e+02,1.460554e+09,6.746895e-08,3.967578e-01,1.275528e-13,1.801507e-09,1.559952e+02,2.018288e+09,1.399946e-02,1.350138e-02,2.134028e-03,3.999049e-15
180,1.876190e-11,1.797556e-01,1.013534e-09,8.628411e-10,2.563320e-13,3.253235e-11,1.871472e-01,1.107461e-09,1.289790e-09,3.620984e-13,3.456246e-11,2.825455e-01,1.002860e-09,8.835342e-10,2.824965e-13,1.863323e-11,2.691387e-01,8.320536e-10,8.278117e-10,1.724048e-13,6.870465e-08,3.216059e-01,1.991989e-13,1.229574e-09,1.959724e+02,1.472627e+09,8.393176e-08,3.639840e-01,1.668380e-13,1.346338e-09,2.115323e+02,1.768258e+09,6.787126e-08,3.062230e-01,1.423465e-13,1.194177e-09,2.033203e+02,2.037452e+09,1.279333e-02,2.433396e-02,5.813337e-03,6.087153e-16
181,1.745162e-11,1.234376e-01,7.917922e-10,6.953555e-10,4.929267e-13,3.365878e-11,1.105648e-01,8.223036e-10,9.775068e-10,4.370866e-13,3.241317e-11,3.613180e-01,1.051236e-09,6.654192e-10,4.855254e-13,1.817026e-11,3.376733e-01,7.098342e-10,2.737437e-10,3.364212e-13,6.968716e-08,3.102874e-01,2.079801e-13,1.189400e-09,2.060257e+02,1.434900e+09,8.422727e-08,3.672218e-01,1.380804e-13,1.849227e-09,2.104055e+02,1.800584e+09,6.977465e-08,3.005316e-01,1.651983e-13,1.694406e-09,2.129807e+02,1.866026e+09,1.350713e-02,1.397748e-02,5.040070e-03,4.672657e-15
182,1.793375e-11,2.985904e-01,6.265663e-10,7.397249e-10,4.201809e-13,3.197310e-11,3.476751e-01,9.053206e-10,1.284317e-09,4.277801e-13,3.249618e-11,1.925358e-01,8.982500e-10,2.784200e-10,2.985614e-13,1.735611e-11,2.679554e-01,6.169905e-10,1.068123e-09,2.279554e-13,6.737914e-08,3.664113e-01,2.224157e-13,1.688630e-09,1.686900e+02,1.405691e+09,8.136492e-08,3.777207e-01,2.519715e-13,1.423173e-09,1.976056e+02,1.183124e+09,6.955671e-08,4.296418e-01,1.459554e-13,1.435150e-09,1.485133e+02,1.853829e+09,1.909619e-02,2.633368e-02,4.328921e-04,9.466936e-16
183,1.874760e-11,1.963686e-01,1.038056e-09,4.889482e-10,2.137153e-13,3.254232e-11,1.121174e-01,9.923482e-10,9.090624e-10,3.813452e-13,3.388980e-11,1.466005e-01,1.035048e-09,9.541918e-10,2.335879e-13,1.759712e-11,3.057724e-01,9.933798e-10,3.883118e-10,2.299813e-13,6.743432e-08,2.857644e-01,1.846686e-13,1.476002e-09,2.164739e+02,1.618065e+09,8.384440e-08,3.636567e-01,2.059793e-13,9.247743e-10,2.115023e+02,1.349494e+09,6.752693e-08,3.058374e-01,1.469217e-13,1.416349e-09,2.025439e+02,1.848317e+09,2.165335e-02,1.319630e-02,2.223156e-03,1.091455e-15
184,1.822018e-11,2.964966e-01,7.467199e-10,1.009161e-09,3.004474e-13,3.280641e-11,1.265174e-01,8.712053e-10,9.722807e-10,1.997750e-13,3.265568e-11,1.656538e-01,1.077637e-09,7.559267e-10,2.146159e-13,1.839807e-11,2.660136e-01,6.806860e-10,3.650782e-10,3.781645e-13,6.636100e-08,3.229385e-01,3.342247e-13,6.075287e-10,1.885063e+02,1.207594e+09,8.258176e-08,5.325089e-01,1.527119e-13,1.518202e-09,1.422624e+02,1.559941e+09,6.948847e-08,3.705971e-01,2.426146e-13,1.775697e-09,1.720059e+02,1.432127e+09,5.004574e-03,5.484776e-03,3.006973e-03,4.242649e-15
185,1.813345e-11,1.608725e-01,1.036011e-09,3.032558e-10,3.143823e-13,3.282206e-11,3.111774e-01,6.993049e-10,6.105212e-10,5.062160e-13,3.327418e-11,1.524552e-01,1.045580e-09,1.103626e-09,3.025040e-13,1.785373e-11,2.411165e-01,1.125062e-09,1.152035e-09,2.944863e-13,6.963247e-08,3.514582e-01,1.410530e-13,6.658311e-10,1.817485e+02,1.773703e+09,8.230466e-08,4.597846e-01,1.390944e-13,1.509192e-09,1.642112e+02,1.830514e+09,6.746960e-08,3.006210e-01,1.310754e-13,8.905703e-10,2.058835e+02,2.021535e+09,6.463742e-04,2.221883e-03,4.701999e-03,2.173082e-15
186,1.834157e-11,2.627919e-01,9.950713e-10,8.060576e-10,4.488518e-13,3.314814e-11,2.635012e-01,6.524073e-10,6.825065e-10,3.405467e-13,3.422360e-11,3.790871e-01,1.093927e-09,1.004817e-09,4.054595e-13,1.824191e-11,1.779569e-01,9.344956e-10,9.340737e-10,3.364136e-13,6.973212e-08,4.575594e-01,1.671172e-13,1.427023e-09,1.398035e+02,1.823294e+09,8.431092e-08,4.759312e-01,2.918557e-13,9.337922e-10,1.625071e+02,1.103752e+09,6.722269e-08,3.492980e-01,1.381009e-13,1.648756e-09,1.765438e+02,1.922160e+09,2.628651e-02,1.515671e-02,1.920488e-03,1.101686e-15
187,1.785483e-11,2.556751e-01,8.430482e-10,1.139334e-09,3.656573e-13,3.204269e-11,3.151768e-01,7.853366e-10,8.548839e-10,3.841674e-13,3.356785e-11,1.469323e-01,8.703900e-10,4.766516e-10,5.013355e-13,1.776023e-11,1.976678e-01,1.142957e-09,9.208795e-10,3.279204e-13,6.781678e-08,3.055595e-01,1.888104e-13,1.252265e-09,2.035983e+02,1.818913e+09,8.328447e-08,5.059211e-01,1.547258e-13,1.811593e-09,1.510129e+02,1.617237e+09,6.881923e-08,3.408340e-01,1.267902e-13,1.441139e-09,1.852250e+02,1.871430e+09,2.081269e-02,1.835943e-02,2.407480e-03,3.299401e-15
188,1.759023e-11,3.054273e-01,9.696494e-10,9.238338e-10,2.718723e-13,3.426846e-11,3.589681e-01,8.653673e-10,3.420738e-10,3.634884e-13,3.421381e-11,2.889191e-01,9.691432e-10,7.698862e-10,3.556952e-13,1.778431e-11,2.551912e-01,7.715831e-10,1.221796e-09,4.862495e-13,6.900046e-08,4.817158e-01,1.761771e-13,8.252317e-10,1.313995e+02,1.875365e+09,8.230796e-08,3.960695e-01,1.319610e-13,1.212834e-09,1.906352e+02,1.712990e+09,6.688799e-08,3.570657e-01,2.041654e-13,1.462191e-09,1.718433e+02,1.658563e+09,1.131782e-03,2.207657e-02,4.867425e-03,3.040224e-15
189,1.779665e-11,1.677088e-01,6.268222e-10,6.869406e-10,2.233778e-13,3.332986e-11,2.616619e-01,1.082781e-09,5.155426e-10,4.425002e-13,3.425136e-11,2.965393e-01,1.130112e-09,1.086015e-09,4.446706e-13,1.743922e-11,3.413238e-01,1.128107e-09,1.103088e-09,4.086662e-13,6.898009e-08,3.792071e-01,2.530080e-13,8.027640e-10,1.668707e+02,1.356308e+09,8.127236e-08,3.823578e-01,1.739803e-13,1.252631e-09,1.949870e+02,1.681792e+09,6.617730e-08,2.847052e-01,1.581835e-13,1.632734e-09,2.132291e+02,1.776694e+09,2.436967e-02,1.109927e-02,1.390224e-03,3.708666e-15
190,1.735162e-11,2.678337e-01,6.407484e-10,5.121855e-10,3.191738e-13,3.176327e-11,1.518645e-01,1.021208e-09,1.098260e-09,4.942715e-13,3.267658e-11,3.079154e-01,7.106933e-10,3.301151e-10,4.772870e-13,1.825168e-11,1.486998e-01,1.057617e-09,9.996873e-10,2.461283e-13,6.826657e-08,4.310292e-01,1.901651e-13,1.450079e-09,1.452895e+02,1.770544e+09,8.384003e-08,3.650596e-01,1.352835e-13,1.184506e-09,2.106786e+02,1.689199e+09,6.751206e-08,4.470947e-01,2.867639e-13,1.276976e-09,1.385207e+02,1.312924e+09,5.371469e-03,7.758185e-03,3.966721e-03,4.778465e-15
191,1.825335e-11,2.382095e-01,6.601132e-10,3.477548e-10,3.736657e-13,3.380115e-11,1.487247e-01,1.156696e-09,1.137922e-09,4.408499e-13,3.387807e-11,2.179157e-01,6.493801e-10,5.106298e-10,5.118461e-13,1.806682e-11,1.109477e-01,1.127825e-09,8.976024e-10,2.922334e-13,6.962035e-08,3.597085e-01,1.523203e-13,8.609257e-10,1.775490e+02,1.750270e+09,7.975687e-08,5.042228e-01,1.899569e-13,1.730623e-09,1.451036e+02,1.566419e+09,6.990010e-08,4.264334e-01,1.880608e-13,1.210131e-09,1.503693e+02,1.618125e+09,2.340092e-02,8.781392e-03,4.148762e-03,2.466899e-15
192,1.855311e-11,1.645158e-01,8.453718e-10,1.181227e-09,1.753640e-13,3.155385e-11,1.764796e-01,8.405737e-10,4.966164e-10,2.215172e-13,3.249315e-11,1.394239e-01,7.338017e-10,4.094122e-10,1.780238e-13,1.860084e-11,1.134613e-01,7.701030e-10,5.760051e-10,2.952089e-13,6.652126e-08,3.828950e-01,1.504773e-13,1.735877e-09,1.593725e+02,1.728760e+09,8.330730e-08,4.687842e-01,3.317711e-13,6.122500e-10,1.630207e+02,1.070800e+09,6.909624e-08,3.696999e-01,2.605999e-13,1.146281e-09,1.714501e+02,1.352774e+09,7.056144e-03,9.714003e-03,5.487995e-04,1.190264e-15
193,1.859340e-11,1.896848e-01,1.121334e-09,1.205113e-09,2.259828e-13,3.295630e-11,1.196938e-01,8.849583e-10,5.996836e-10,4.583887e-13,3.261186e-11,3.796516e-01,9.793868e-10,6.786700e-10,1.914077e-13,1.730322e-11,1.232599e-01,1.130795e-09,1.244670e-09,4.804298e-13,6.810003e-08,4.434798e-01,2.486940e-13,1.122605e-09,1.408660e+02,1.298658e+09,8.149589e-08,5.009861e-01,1.563299e-13,1.153885e-09,1.492254e+02,1.824846e+09,6.943891e-08,4.095409e-01,2.865755e-13,1.363810e-09,1.555386e+02,1.235235e+09,2.818949e-02,6.605510e-03,1.329894e-03,1.465044e-15
194,1.775522e-11,3.454419e-01,1.019885e-09,1.015216e-09,2.976593e-13,3.176969e-11,2.598349e-01,9.391917e-10,7.918987e-10,3.414627e-13,3.298031e-11,3.078846e-01,8.267581e-10,1.033543e-09,4.811513e-13,1.722506e-11,2.858154e-01,1.068326e-09,4.697036e-10,4.841755e-13,6.680158e-08,3.269060e-01,2.230406e-13,1.374027e-09,1.874548e+02,1.523693e+09,8.332553e-08,5.079833e-01,1.587708e-13,8.268674e-10,1.504740e+02,1.819117e+09,6.917694e-08,3.455552e-01,2.465697e-13,5.286635e-10,1.836440e+02,1.325804e+09,7.556018e-04,1.800829e-02,2.532331e-03,1.405999e-15
195,1.812342e-11,2.980249e-01,7.590866e-10,4.182614e-10,3.071154e-13,3.403477e-11,1.142064e-01,9.481911e-10,6.137024e-10,1.763116e-13,3.421223e-11,2.326363e-01,8.652903e-10,1.181685e-09,4.394801e-13,1.840198e-11,2.223505e-01,6.581741e-10,1.088697e-09,4.678004e-13,6.670290e-08,4.583896e-01,1.570035e-13,1.192615e-09,1.334882e+02,1.745587e+09,8.153472e-08,5.091560e-01,1.910245e-13,1.176386e-09,1.469009e+02,1.475471e+09,6.619879e-08,2.989905e-01,2.741933e-13,5.585015e-10,2.031072e+02,1.292184e+09,6.572100e-03,1.389340e-02,4.545045e-03,4.128171e-15
196,1.841603e-11,2.817127e-01,7.967118e-10,4.863758e-10,2.663801e-13,3.324040e-11,2.992504e-01,1.093816e-09,9.560033e-10,4.073744e-13,3.285033e-11,1.945468e-01,1.133152e-09,2.752174e-10,4.441824e-13,1.867830e-11,2.184077e-01,8.017188e-10,1.069834e-09,4.899368e-13,6.679376e-08,2.898855e-01,1.784014e-13,1.116449e-09,2.113694e+02,1.925877e+09,8.271637e-08,4.838460e-01,1.810125e-13,1.271359e-09,1.568256e+02,1.502970e+09,6.980613e-08,3.397639e-01,2.198661e-13,5.027888e-10,1.884729e+02,1.541267e+09,1.960890e-02,4.337602e-03,4.445510e-03,3.601804e-15
197,1.862166e-11,1.031510e-01,1.026583e-09,1.152787e-09,5.109204e-13,3.179895e-11,1.977981e-01,1.132214e-09,9.648761e-10,4.158753e-13,3.180635e-11,1.678453e-01,1.050555e-09,8.679355e-10,4.388871e-13,1.824579e-11,3.484221e-01,1.045313e-09,4.445145e-10,2.340064e-13,6.713984e-08,3.907153e-01,1.244476e-13,1.613909e-09,1.576350e+02,1.940941e+09,8.191369e-08,3.850166e-01,3.210644e-13,1.612901e-09,1.951685e+02,1.106233e+09,6.886553e-08,3.298582e-01,3.084845e-13,1.386463e-09,1.915170e+02,1.200807e+09,1.040392e-02,6.225169e-03,1.151372e-03,4.984274e-15
198,1.817975e-11,2.279977e-01,9.061693e-10,5.532469e-10,2.827476e-13,3.358783e-11,3.282559e-01,8.835940e-10,8.296308e-10,3.477428e-13,3.198365e-11,1.557174e-01,1.160147e-09,7.246635e-10,4.480255e-13,1.765906e-11,2.202340e-01,9.860843e-10,6.670996e-10,3.343062e-13,6.902433e-08,2.957528e-01,1.650457e-13,5.601602e-10,2.140947e+02,1.800120e+09,8.079093e-08,4.158518e-01,3.352637e-13,7.020785e-10,1.782201e+02,1.104457e+09,6.864571e-08,4.042443e-01,2.085295e-13,7.072313e-10,1.557766e+02,1.570612e+09,9.650823e-03,1.770769e-02,2.405582e-03,4.672288e-15
199,1.822215e-11,2.972174e-01,1.048070e-09,1.281749e-09,4.518381e-13,3.409369e-11,3.980915e-01,7.404136e-10,1.077459e-09,1.973999e-13,3.458248e-11,2.433462e-01,8.871670e-10,1.030202e-09,2.226833e-13,1.722799e-11,1.174908e-01,1.104407e-09,1.096487e-09,3.764045e-13,6.648101e-08,3.903290e-01,2.054868e-13,1.191592e-09,1.562426e+02,1.572460e+09,8.428311e-08,4.988753e-01,1.253572e-13,1.049429e-09,1.549820e+02,1.707216e+09,6.722591e-08,4.565031e-01,2.668894e-13,1.253563e-09,1.350908e+02,1.311431e+09,7.510692e-03,1.014711e-02,2.316708e-03,1.284455e-15
200,1.741844e-11,2.257959e-01,8.078724e-10,6.701090e-10,2.363820e-13,3.464967e-11,2.702619e-01,9.502429e-10,6.361728e-10,3.719556e-13,3.464539e-11,3.564445e-01,9.663499e-10,6.472623e-10,4.707911e-13,1.767074e-11,2.274314e-01,9.816907e-10,6.788961e-10,4.070473e-13,6.949796e-08,3.984642e-01,2.799213e-13,1.971505e-09,1.599983e+02,1.284362e+09,8.155534e-08,4.215571e-01,2.993075e-13,1.032012e-09,1.774716e+02,1.081538e+09,6.795381e-08,2.895141e-01,2.953714e-13,5.167757e-10,2.153162e+02,1.314114e+09,5.743395e-03,3.972238e-03,2.695924e-03,4.109627e-15
201,1.803606e-11,1.754586e-01,7.441250e-10,1.021104e-09,2.790603e-13,3.290628e-11,3.705345e-01,6.380601e-10,1.243847e-09,3.226823e-13,3.141781e-11,3.885199e-01,7.926608e-10,7.960590e-10,5.030902e-13,1.788551e-11,3.772763e-01,8.216691e-10,4.519187e-10,2.316592e-13,6.931450e-08,2.943899e-01,1.943319e-13,5.503840e-10,2.159901e+02,1.640258e+09,8.206599e-08,3.412434e-01,1.422296e-13,1.194353e-09,2.206133e+02,1.649605e+09,6.746741e-08,3.750928e-01,2.189467e-13,9.292637e-10,1.650016e+02,1.467255e+09,2.425277e-02,6.316896e-03,3.265251e-03,1.689601e-15
202,1.847338e-11,1.898029e-01,1.089856e-09,7.101442e-10,3.831177e-13,3.360529e-11,1.711216e-01,1.114692e-09,5.881217e-10,3.268366e-13,3.274411e-11,3.407645e-01,1.013996e-09,9.860348e-10,2.442325e-13,1.715254e-11,1.387341e-01,7.421272e-10,4.151585e-10,5.029362e-13,6.664570e-08,3.014707e-01,2.935011e-13,1.211202e-09,2.027962e+02,1.266558e+09,8.360265e-08,4.511864e-01,2.819169e-13,1.943178e-09,1.699796e+02,1.223659e+09,6.923349e-08,3.790381e-01,1.834305e-13,5.666059e-10,1.675583e+02,1.690667e+09,2.685134e-02,2.912024e-03,3.452157e-03,3.944981e-15
203,1.808551e-11,1.239402e-01,6.245967e-10,1.246698e-09,3.400812e-13,3.402005e-11,1.377209e-01,1.127670e-09,1.110571e-09,3.610818e-13,3.390498e-11,1.586605e-01,7.463313e-10,6.477092e-10,4.377522e-13,1.754630e-11,2.227005e-01,1.086500e-09,7.254240e-10,1.986018e-13,6.993627e-08,3.757536e-01,1.553972e-13,8.660846e-10,1.707387e+02,1.912952e+09,8.433407e-08,4.967805e-01,2.156266e-13,1.441331e-09,1.557296e+02,1.486487e+09,6.708366e-08,4.612921e-01,2.695638e-13,1.968884e-09,1.334054e+02,1.378922e+09,1.835641e-02,2.126705e-02,4.122899e-03,2.209991e-15
204,1.787943e-11,2.834343e-01,9.133186e-10,5.748859e-10,2.727361e-13,3.262108e-11,1.247061e-01,9.436023e-10,7.966340e-10,3.439079e-13,3.397810e-11,2.816418e-01,1.090686e-09,9.587290e-10,1.781508e-13,1.851427e-11,3.022756e-01,9.138477e-10,9.033287e-10,1.692270e-13,6.866498e-08,4.399265e-01,2.224501e-13,9.436088e-10,1.431818e+02,1.589662e+09,8.153308e-08,3.518693e-01,1.889495e-13,6.108025e-10,2.125618e+02,1.589704e+09,6.793623e-08,3.849281e-01,1.843360e-13,1.467262e-09,1.619029e+02,1.643505e+09,8.373850e-03,1.969030e-02,5.011723e-03,8.656876e-16
205,1.825693e-11,2.320787e-01,1.010345e-09,9.982160e-10,3.486337e-13,3.315271e-11,1.351601e-01,1.028975e-09,3.433669e-10,4.135002e-13,3.335489e-11,1.709832e-01,1.042041e-09,8.034944e-10,5.105557e-13,1.725817e-11,2.761821e-01,8.003657e-10,1.214440e-09,3.547287e-13,6.706320e-08,3.180094e-01,2.005871e-13,1.226085e-09,1.934537e+02,1.497297e+09,8.095414e-08,4.092150e-01,2.793116e-13,6.907656e-10,1.814764e+02,1.155535e+09,6.872979e-08,3.492898e-01,1.391248e-13,1.337700e-09,1.805061e+02,1.760521e+09,1.441898e-02,2.048494e-02,3.838767e-03,1.612704e-15
206,1.874433e-11,1.986157e-01,1.084126e-09,9.836995e-10,3.037652e-13,3.203489e-11,1.529351e-01,6.803777e-10,2.753011e-10,3.533082e-13,3.344149e-11,2.475744e-01,8.354426e-10,1.032838e-09,4.925570e-13,1.846009e-11,3.176374e-01,8.806966e-10,9.079627e-10,4.505619e-13,6.944970e-08,3.653334e-01,2.761280e-13,1.837064e-09,1.743869e+02,1.248585e+09,8.001690e-08,3.941161e-01,1.354725e-13,1.762733e-09,1.862474e+02,1.760872e+09,6.714241e-08,4.150411e-01,2.992963e-13,1.392383e-09,1.484016e+02,1.290358e+09,2.885716e-02,9.748340e-03,2.455692e-03,1.390911e-15
207,1.859512e-11,1.129947e-01,8.138629e-10,8.603120e-10,5.062075e-13,3.366306e-11,2.802546e-01,6.239264e-10,8.809821e-10,1.906095e-13,3.391722e-11,2.798612e-01,7.906040e-10,6.894771e-10,3.970891e-13,1.742972e-11,3.914634e-01,1.088697e-09,2.901708e-10,4.794491e-13,6.788474e-08,3.097004e-01,1.276048e-13,5.022052e-10,2.010773e+02,1.906049e+09,8.398344e-08,3.538511e-01,2.960018e-13,5.209474e-10,2.177238e+02,1.169609e+09,6.818525e-08,3.819737e-01,2.291734e-13,1.699538e-09,1.637532e+02,1.517248e+09,2.203677e-02,1.854552e-02,5.194109e-03,4.881924e-15
208,1.781480e-11,2.204412e-01,9.519246e-10,4.547192e-10,4.768148e-13,3.452061e-11,1.682856e-01,7.565532e-10,7.965315e-10,3.153347e-13,3.431275e-11,2.388419e-01,1.101791e-09,6.560343e-10,4.973779e-13,1.861162e-11,2.061579e-01,6.500982e-10,2.787300e-10,2.283688e-13,6.915921e-08,3.813894e-01,1.745319e-13,1.138198e-09,1.663467e+02,1.866902e+09,8.360852e-08,3.979120e-01,1.779125e-13,1.568331e-09,1.927508e+02,1.729290e+09,6.951686e-08,3.457494e-01,1.172410e-13,1.830569e-09,1.844427e+02,2.000424e+09,6.315802e-03,1.110899e-02,2.218782e-03,4.110893e-15
209,1.874294e-11,3.226442e-01,1.179697e-09,3.082210e-10,2.733789e-13,3.267528e-11,3.317846e-01,6.437297e-10,1.279374e-09,2.576066e-13,3.201514e-11,1.880084e-01,7.761468e-10,9.711308e-10,2.096050e-13,1.810640e-11,2.131498e-01,1.173765e-09,9.866287e-10,4.097304e-13,6.954777e-08,4.466309e-01,2.171190e-13,7.756153e-10,1.428457e+02,1.520322e+09,8.362295e-08,5.605066e-01,1.672904e-13,9.501942e-10,1.368603e+02,1.440837e+09,6.647520e-08,3.038411e-01,2.003037e-13,1.517451e-09,2.006993e+02,1.498492e+09,5.540587e-03,2.569672e-02,2.935765e-03,4.812864e-15
210,1.761985e-11,3.170822e-01,6.942410e-10,1.146357e-09,5.295902e-13,3.187829e-11,3.999186e-01,6.407426e-10,1.225970e-09,2.553895e-13,3.458703e-11,3.678214e-01,6.012212e-10,8.907734e-10,5.068177e-13,1.873185e-11,1.966155e-01,7.796285e-10,1.127248e-09,2.294972e-13,6.641565e-08,3.837734e-01,1.760236e-13,1.839593e-09,1.587553e+02,1.792189e+09,8.073576e-08,3.331874e-01,1.793356e-13,1.790584e-09,2.222850e+02,1.445465e+09,6.965994e-08,4.351038e-01,2.064485e-13,1.600160e-09,1.468666e+02,1.473463e+09,1.514887e-02,1.020532e-02,2.689366e-03,4.608784e-15
211,1.826503e-11,2.021337e-01,7.547424e-10,6.961014e-10,4.018662e-13,3.391045e-11,3.938458e-01,7.925959e-10,3.411844e-10,4.587987e-13,3.429425e-11,3.886446e-01,9.848502e-10,5.974480e-10,2.031199e-13,1.846305e-11,2.299532e-01,6.132304e-10,2.930894e-10,3.457192e-13,6.717221e-08,3.233651e-01,1.953085e-13,9.204517e-10,1.905589e+02,1.604843e+09,8.098679e-08,4.554583e-01,2.144589e-13,6.402155e-10,1.631167e+02,1.281290e+09,6.691953e-08,3.580443e-01,1.384698e-13,8.169421e-10,1.714545e+02,1.807125e+09,1.686755e-02,1.880395e-02,4.657978e-03,4.852101e-15
212,1.749982e-11,1.609005e-01,1.111141e-09,8.704460e-10,2.814391e-13,3.186204e-11,3.781690e-01,9.173654e-10,4.759031e-10,4.606688e-13,3.183229e-11,2.110013e-01,1.075230e-09,3.070216e-10,3.130761e-13,1.762646e-11,1.976391e-01,9.642574e-10,8.279725e-10,4.163353e-13,6.882330e-08,3.130966e-01,1.734613e-13,7.218413e-10,2.016461e+02,1.857290e+09,8.435891e-08,5.506233e-01,1.443732e-13,8.607990e-10,1.405430e+02,1.669122e+09,6.930876e-08,3.450792e-01,1.330310e-13,9.129163e-10,1.842477e+02,2.023977e+09,9.810974e-03,1.059603e-02,4.217072e-03,4.008159e-15
213,1.768695e-11,1.813598e-01,8.531175e-10,9.517191e-10,3.660955e-13,3.201287e-11,2.061237e-01,7.560672e-10,4.647994e-10,2.530029e-13,3.366869e-11,3.893533e-01,6.848859e-10,7.948853e-10,4.239814e-13,1.818455e-11,1.064219e-01,6.312348e-10,4.100326e-10,3.840702e-13,6.795592e-08,3.486381e-01,2.093632e-13,1.917372e-09,1.788073e+02,1.579273e+09,8.017127e-08,4.037587e-01,2.333440e-13,1.572451e-09,1.821502e+02,1.338892e+09,6.784883e-08,4.247098e-01,2.086132e-13,1.726267e-09,1.465490e+02,1.585002e+09,2.323229e-02,7.634503e-03,2.994599e-03,2.856224e-15
214,1.754956e-11,2.077651e-01,8.401026e-10,1.240495e-09,4.666863e-13,3.136392e-11,2.090393e-01,6.160907e-10,9.748593e-10,4.351734e-13,3.142406e-11,2.946543e-01,6.167680e-10,7.062293e-10,2.907075e-13,1.711168e-11,3.358587e-01,6.570907e-10,1.062699e-09,5.069350e-13,6.861291e-08,4.601740e-01,1.963714e-13,1.133579e-09,1.367781e+02,1.455726e+09,7.971266e-08,4.269625e-01,1.824911e-13,1.810537e-09,1.712657e+02,1.580922e+09,6.694269e-08,3.875183e-01,1.821720e-13,5.666221e-10,1.584688e+02,1.868573e+09,1.134720e-02,1.829162e-02,2.366933e-03,2.870135e-15
215,1.876321e-11,3.408886e-01,8.958616e-10,9.768289e-10,4.478961e-13,3.418431e-11,2.932273e-01,9.208492e-10,7.695082e-10,4.129897e-13,3.309992e-11,2.986720e-01,7.977865e-10,4.499864e-10,3.598795e-13,1.887085e-11,3.795880e-01,7.216255e-10,5.370669e-10,2.058400e-13,6.789947e-08,4.417956e-01,1.775383e-13,1.515390e-09,1.409866e+02,1.748156e+09,8.140859e-08,4.431672e-01,1.718957e-13,9.416413e-10,1.685138e+02,1.456893e+09,6.791910e-08,4.241297e-01,1.368804e-13,1.590466e-09,1.469014e+02,1.914286e+09,6.805420e-03,2.489568e-02,5.134951e-03,1.853142e-15
216,1.803059e-11,2.238925e-01,1.181033e-09,1.236368e-09,4.315610e-13,3.322021e-11,1.394789e-01,6.627093e-10,5.990629e-10,1.823031e-13,3.160191e-11,2.086143e-01,1.169514e-09,1.018170e-09,3.949498e-13,1.731142e-11,1.922033e-01,8.035781e-10,1.010382e-09,4.086486e-13,6.894961e-08,4.034797e-01,1.439396e-13,1.420531e-09,1.567627e+02,1.887584e+09,8.194168e-08,4.275730e-01,1.736742e-13,1.516259e-09,1.758034e+02,1.618602e+09,6.711738e-08,4.043305e-01,3.056576e-13,1.915463e-09,1.522759e+02,1.281284e+09,1.440928e-02,1.163720e-02,7.868796e-04,4.185174e-15
217,1.870045e-11,1.692983e-01,8.838463e-10,4.525280e-10,2.454417e-13,3.416091e-11,2.172076e-01,6.403835e-10,3.584572e-10,2.198011e-13,3.313824e-11,3.558863e-01,8.913568e-10,9.845997e-10,3.771677e-13,1.794916e-11,3.898705e-01,6.116730e-10,6.359421e-10,2.232916e-13,6.700280e-08,2.981873e-01,1.237905e-13,1.247157e-09,2.061278e+02,1.965321e+09,8.031674e-08,3.365706e-01,2.475851e-13,1.550776e-09,2.189085e+02,1.215354e+09,6.651350e-08,4.052999e-01,1.537411e-13,9.906850e-10,1.505449e+02,2.059667e+09,6.884830e-04,2.334803e-02,4.404657e-03,2.764836e-15
218,1.724052e-11,3.736037e-01,1.033386e-09,8.349133e-10,4.319100e-13,3.215629e-11,1.904097e-01,7.499423e-10,1.139883e-09,2.213666e-13,3.232190e-11,2.774410e-01,6.441939e-10,7.906566e-10,3.531556e-13,1.815379e-11,1.225284e-01,7.932546e-10,5.464445e-10,3.632238e-13,6.903326e-08,3.169889e-01,2.722960e-13,7.865171e-10,1.997777e+02,1.324990e+09,8.350610e-08,4.323127e-01,1.843427e-13,1.132180e-09,1.771956e+02,1.509354e+09,6.671541e-08,3.057537e-01,2.066758e-13,8.300300e-10,2.001646e+02,1.520936e+09,2.948379e-02,2.570006e-02,2.026362e-03,2.637483e-15
219,1.813650e-11,1.236087e-01,6.577863e-10,7.763376e-10,3.524270e-13,3.185211e-11,2.357661e-01,1.090060e-09,9.050358e-10,4.795285e-13,3.215088e-11,1.818134e-01,1.118054e-09,8.298379e-10,1.691420e-13,1.722735e-11,1.717994e-01,1.179818e-09,3.926542e-10,4.183689e-13,6.983770e-08,3.830684e-01,1.685828e-13,1.665291e-09,1.672424e+02,1.567862e+09,8.358760e-08,5.541705e-01,1.622226e-13,7.312986e-10,1.383666e+02,1.682816e+09,6.604968e-08,3.901066e-01,2.575732e-13,1.815850e-09,1.553174e+02,1.437141e+09,4.979011e-03,1.420763e-02,3.870014e-03,1.261365e-15
220,1.807917e-11,2.636438e-01,8.627408e-10,4.071492e-10,2.394135e-13,3.380908e-11,1.613343e-01,9.719598e-10,4.109632e-10,2.170118e-13,3.337855e-11,1.720608e-01,9.228572e-10,1.225013e-09,4.130040e-13,1.749792e-11,1.324975e-01,7.973823e-10,6.961256e-10,3.248942e-13,6.751582e-08,3.773767e-01,2.366883e-13,7.929849e-10,1.641206e+02,1.457375e+09,8.163804e-08,4.029680e-01,2.454815e-13,1.016767e-09,1.858466e+02,1.228477e+09,6.981149e-08,3.817186e-01,1.189531e-13,1.746510e-09,1.677708e+02,1.985333e+09,2.597693e-02,5.164981e-03,5.802340e-03,6.547043e-16
221,1.775757e-11,3.355722e-01,1.131475e-09,1.094058e-09,4.203792e-13,3.143693e-11,2.860946e-01,7.002720e-10,6.538210e-10,1.846749e-13,3.269602e-11,3.694771e-01,7.467328e-10,1.132144e-09,4.042180e-13,1.751050e-11,3.487422e-01,1.094903e-09,9.821790e-10,3.577345e-13,6.713100e-08,3.279157e-01,1.258554e-13,5.554513e-10,1.877992e+02,1.981299e+09,8.236596e-08,3.739063e-01,1.766691e-13,1.055506e-09,2.020774e+02,1.550810e+09,6.974127e-08,3.032645e-01,1.625533e-13,1.082530e-09,2.109605e+02,1.970605e+09,8.763885e-03,4.316442e-03,1.399155e-03,3.069372e-15
222,1.844610e-11,2.289593e-01,7.173179e-10,2.946145e-10,3.785367e-13,3.217080e-11,3.675025e-01,1.103697e-09,5.285160e-10,2.532875e-13,3.307931e-11,1.333031e-01,7.625440e-10,3.609893e-10,2.640753e-13,1.757451e-11,3.594101e-01,6.833850e-10,3.681214e-10,4.799306e-13,6.900748e-08,3.900072e-01,1.474305e-13,1.851842e-09,1.623141e+02,1.923617e+09,8.154801e-08,3.870624e-01,1.829343e-13,1.103032e-09,1.932703e+02,1.682962e+09,6.725298e-08,4.172079e-01,3.342049e-13,1.750744e-09,1.478740e+02,1.211842e+09,2.431722e-02,9.230953e-03,4.606217e-03,2.847321e-15
223,1.731255e-11,3.980642e-01,8.238916e-10,1.245779e-09,2.179213e-13,3.193714e-11,2.563802e-01,1.120634e-09,5.608385e-10,3.852024e-13,3.285933e-11,1.695475e-01,1.065218e-09,6.408556e-10,4.805856e-13,1.778173e-11,1.575132e-01,6.658111e-10,8.849259e-10,3.830087e-13,6.897382e-08,3.682854e-01,2.354908e-13,1.845895e-09,1.718037e+02,1.521104e+09,8.230548e-08,5.483886e-01,1.911063e-13,1.934720e-09,1.376807e+02,1.358462e+09,6.771949e-08,3.049160e-01,1.776692e-13,1.571739e-09,2.037353e+02,1.870081e+09,7.703348e-03,2.592203e-03,5.500415e-03,5.231206e-16
224,1.743366e-11,2.798201e-01,1.027642e-09,3.217114e-10,3.307267e-13,3.214646e-11,1.281484e-01,7.664749e-10,5.623195e-10,3.677835e-13,3.402242e-11,1.319452e-01,9.803116e-10,8.767078e-10,2.442332e-13,1.781675e-11,2.543924e-01,1.111279e-09,5.152850e-10,4.618793e-13,6.936772e-08,4.058759e-01,1.246848e-13,9.747567e-10,1.567822e+02,2.015604e+09,8.443179e-08,4.771205e-01,2.136556e-13,1.673758e-09,1.623345e+02,1.497344e+09,6.709910e-08,4.295304e-01,2.585972e-13,1.977141e-09,1.433031e+02,1.352424e+09,1.962077e-02,1.732037e-02,3.231370e-03,3.912980e-15
225,1.771691e-11,2.217516e-01,1.033379e-09,9.074318e-10,4.879907e-13,3.290053e-11,1.027368e-01,1.133656e-09,1.087668e-09,3.658593e-13,3.437644e-11,1.555393e-01,1.184568e-09,7.257773e-10,3.174354e-13,1.876965e-11,3.018037e-01,1.116896e-09,1.122422e-09,4.140538e-13,6.651101e-08,3.151826e-01,1.953569e-13,1.475134e-09,1.935816e+02,1.725359e+09,8.383670e-08,3.508518e-01,1.943707e-13,1.554911e-09,2.192013e+02,1.551515e+09,6.783918e-08,4.511737e-01,2.883359e-13,1.634246e-09,1.379334e+02,1.194131e+09,6.260204e-03,2.120840e-02,4.137932e-03,2.832725e-15
226,1.796837e-11,2.360880e-01,1.127903e-09,3.326206e-10,2.028334e-13,3.256622e-11,1.273029e-01,7.704849e-10,1.252731e-09,4.251876e-13,3.268894e-11,3.041407e-01,6.114224e-10,4.148140e-10,4.241063e-13,1.873669e-11,3.885469e-01,7.053472e-10,4.005614e-10,2.510701e-13,6.729277e-08,3.608353e-01,1.970468e-13,1.497603e-09,1.710772e+02,1.607745e+09,8.281958e-08,3.778901e-01,1.646281e-13,1.160265e-09,2.010482e+02,1.710862e+09,6.866479e-08,3.275136e-01,1.363227e-13,6.155316e-10,1.923258e+02,2.029382e+09,1.691045e-02,6.413178e-03,4.217518e-03,1.208071e-15
227,1.825578e-11,1.470338e-01,7.712671e-10,3.782007e-10,4.155818e-13,3.373305e-11,3.689401e-01,9.423179e-10,8.165907e-10,5.182266e-13,3.396184e-11,2.476857e-01,7.409521e-10,1.200690e-09,1.749783e-13,1.768963e-11,3.534446e-01,1.114170e-09,7.613380e-10,5.128051e-13,6.803875e-08,4.742247e-01,2.193336e-13,1.322553e-09,1.316149e+02,1.378356e+09,8.316489e-08,3.681544e-01,2.065666e-13,1.992595e-09,2.072253e+02,1.355878e+09,6.744442e-08,4.570947e-01,1.886183e-13,1.258324e-09,1.353545e+02,1.820121e+09,2.024434e-02,2.877402e-03,3.968488e-03,1.629117e-15
228,1.768349e-11,3.747353e-01,8.885544e-10,1.204533e-09,4.896017e-13,3.429085e-11,3.304935e-01,7.111808e-10,3.706905e-10,2.766372e-13,3.373670e-11,2.362558e-01,7.874352e-10,1.053035e-09,1.840516e-13,1.822914e-11,2.078570e-01,6.563853e-10,6.598474e-10,2.602681e-13,6.798063e-08,2.976208e-01,2.182706e-13,7.453134e-10,2.095340e+02,1.620495e+09,8.299536e-08,3.835144e-01,2.234626e-13,1.123626e-09,1.985203e+02,1.225784e+09,6.863975e-08,3.375935e-01,2.008993e-13,6.570407e-10,1.865153e+02,1.512395e+09,2.231457e-02,2.170517e-02,5.743170e-03,2.519762e-15
229,1.782855e-11,1.853407e-01,1.021512e-09,1.292748e-09,4.218362e-13,3.253717e-11,3.636314e-01,9.133679e-10,8.288159e-10,2.848543e-13,3.333380e-11,2.420539e-01,1.130039e-09,8.562233e-10,1.924831e-13,1.883431e-11,2.118649e-01,1.137896e-09,3.307348e-10,5.062694e-13,6.878569e-08,3.247974e-01,1.250484e-13,1.893443e-09,1.942756e+02,2.024145e+09,8.287193e-08,3.660763e-01,2.742805e-13,9.594573e-10,2.076675e+02,1.200182e+09,6.870326e-08,4.787196e-01,1.755717e-13,5.688925e-10,1.316524e+02,1.640315e+09,1.737137e-02,1.107740e-02,2.953419e-03,4.333244e-15
230,1.747654e-11,2.775830e-01,1.176831e-09,1.029970e-09,5.125991e-13,3.326557e-11,3.723049e-01,1.150034e-09,3.605373e-10,1.850308e-13,3.157179e-11,1.320749e-01,7.356706e-10,9.750974e-10,2.505329e-13,1.842770e-11,2.059102e-01,8.406405e-10,4.218210e-10,5.102925e-13,6.767919e-08,3.600555e-01,1.598617e-13,8.646319e-10,1.724322e+02,1.979111e+09,8.179326e-08,5.099502e-01,1.866806e-13,1.708654e-09,1.471372e+02,1.702597e+09,6.924497e-08,3.051844e-01,1.945969e-13,1.555844e-09,2.081414e+02,1.673731e+09,2.046051e-02,3.422172e-03,3.906544e-03,2.128755e-15
231,1.719797e-11,3.276802e-01,1.143510e-09,9.835699e-10,2.600013e-13,3.335332e-11,2.699266e-01,1.133914e-09,4.714129e-10,3.245867e-13,3.212982e-11,3.982537e-01,7.064001e-10,1.003390e-09,4.838926e-13,1.724849e-11,2.520103e-01,9.061842e-10,4.435655e-10,3.167559e-13,6.789465e-08,4.295269e-01,1.544986e-13,8.106249e-10,1.450033e+02,1.823739e+09,8.014051e-08,3.656332e-01,2.431598e-13,9.704615e-10,2.010663e+02,1.332728e+09,6.686013e-08,3.003185e-01,1.774338e-13,1.109935e-09,2.042292e+02,1.616785e+09,8.264172e-04,1.033059e-02,3.215331e-03,4.790184e-15
232,1.796827e-11,1.632647e-01,9.502253e-10,1.094901e-09,1.865916e-13,3.244068e-11,1.897711e-01,8.072661e-10,1.134395e-09,3.008889e-13,3.149020e-11,3.263433e-01,1.077020e-09,3.727782e-10,2.518791e-13,1.769318e-11,3.636851e-01,1.188203e-09,1.240541e-09,4.310945e-13,6.987007e-08,4.060692e-01,1.530693e-13,1.792191e-09,1.578425e+02,1.767800e+09,8.082133e-08,4.179760e-01,2.100550e-13,1.498319e-09,1.773811e+02,1.373036e+09,6.992474e-08,4.513704e-01,1.664470e-13,1.617600e-09,1.421119e+02,1.746048e+09,1.547701e-03,9.446662e-03,3.898672e-03,4.406195e-15
233,1.787775e-11,2.449030e-01,8.106734e-10,7.773429e-10,3.130799e-13,3.445272e-11,3.124290e-01,1.165788e-09,3.098739e-10,5.193832e-13,3.216782e-11,1.013777e-01,7.395186e-10,8.934441e-10,4.895953e-13,1.775523e-11,1.896763e-01,8.969021e-10,4.450576e-10,4.303633e-13,6.882722e-08,4.303734e-01,3.018310e-13,1.095896e-09,1.467059e+02,1.240045e+09,8.150495e-08,4.835269e-01,2.193016e-13,1.022490e-09,1.546308e+02,1.326800e+09,6.610012e-08,3.826262e-01,2.186078e-13,1.069220e-09,1.584748e+02,1.611036e+09,1.073116e-02,8.506621e-03,4.839210e-03,2.663362e-15
234,1.844199e-11,2.872190e-01,1.105631e-09,7.151533e-10,3.380330e-13,3.227546e-11,1.923453e-01,1.195129e-09,7.228005e-10,3.090083e-13,3.421980e-11,1.494636e-01,9.777890e-10,7.739391e-10,4.922348e-13,1.738742e-11,2.372203e-01,1.104373e-09,2.770941e-10,2.143764e-13,6.840168e-08,3.134976e-01,1.300919e-13,1.531396e-09,2.001545e+02,1.968807e+09,8.147743e-08,4.722900e-01,1.870709e-13,8.718202e-10,1.582564e+02,1.581272e+09,6.818038e-08,4.255785e-01,2.381745e-13,1.784508e-09,1.469645e+02,1.356909e+09,1.371534e-02,2.553095e-02,3.486189e-03,3.705993e-15
235,1.855299e-11,1.370477e-01,9.165089e-10,1.260398e-09,4.772818e-13,3.321367e-11,1.350929e-01,1.126987e-09,6.004494e-10,4.121644e-13,3.310702e-11,3.748482e-01,1.016349e-09,1.264587e-09,4.574632e-13,1.821695e-11,3.444896e-01,1.113740e-09,5.584283e-10,1.915860e-13,6.715261e-08,2.879355e-01,1.486875e-13,1.841415e-09,2.139442e+02,1.820399e+09,8.431106e-08,4.168185e-01,2.641109e-13,1.432709e-09,1.855540e+02,1.246180e+09,6.899396e-08,3.229675e-01,2.157248e-13,9.785997e-10,1.959679e+02,1.538091e+09,2.276450e-02,1.727013e-02,1.924492e-03,6.953608e-16
236,1.762185e-11,2.640539e-01,9.054877e-10,7.606415e-10,4.257299e-13,3.187832e-11,1.274310e-01,7.746650e-10,9.322307e-10,4.194865e-13,3.287978e-11,2.453193e-01,9.544989e-10,4.816576e-10,1.849363e-13,1.775099e-11,3.569789e-01,9.865198e-10,1.092016e-09,5.109332e-13,6.740168e-08,3.481871e-01,1.815734e-13,9.065073e-10,1.775786e+02,1.566169e+09,8.102687e-08,4.434563e-01,2.962419e-13,7.313818e-10,1.676142e+02,1.083817e+09,6.852324e-08,3.789361e-01,1.592000e-13,1.786185e-09,1.658841e+02,1.736294e+09,2.123523e-02,1.295250e-02,3.586707e-03,3.993953e-15
237,1.807752e-11,1.970336e-01,1.010210e-09,3.502359e-10,5.046460e-13,3.349814e-11,2.362392e-01,9.898164e-10,5.147375e-10,4.686101e-13,3.243735e-11,2.591041e-01,1.063837e-09,9.463306e-10,2.944847e-13,1.760943e-11,2.453648e-01,8.535833e-10,1.023118e-09,4.755075e-13,6.970409e-08,4.821678e-01,1.666460e-13,1.583853e-09,1.326151e+02,1.830934e+09,8.358829e-08,5.672049e-01,2.125337e-13,1.585908e-09,1.351880e+02,1.260016e+09,7.002037e-08,3.063467e-01,1.693682e-13,9.994781e-10,2.096737e+02,1.763947e+09,2.686796e-02,3.428633e-03,5.938263e-03,2.289235e-15
238,1.848041e-11,3.994896e-01,1.006953e-09,1.249035e-09,2.949424e-13,3.393456e-11,1.980225e-01,9.703584e-10,1.051018e-09,1.694311e-13,3.371158e-11,3.074700e-01,1.182126e-09,7.480447e-10,5.079937e-13,1.811106e-11,1.835854e-01,1.166095e-09,7.177846e-10,4.321004e-13,6.914076e-08,4.097158e-01,2.452721e-13,1.044148e-09,1.548047e+02,1.396862e+09,7.975180e-08,4.309054e-01,2.327119e-13,8.074633e-10,1.697819e+02,1.410204e+09,6.907790e-08,3.318029e-01,1.365439e-13,8.334686e-10,1.909817e+02,2.031967e+09,1.164884e-02,9.313333e-03,4.637370e-03,2.818307e-15
239,1.739044e-11,3.490957e-01,7.471917e-10,6.843337e-10,1.799833e-13,3.305570e-11,1.713879e-01,1.037976e-09,6.068365e-10,3.154799e-13,3.303831e-11,3.272080e-01,6.236695e-10,6.178958e-10,3.546075e-13,1.863192e-11,2.066433e-01,6.597820e-10,1.081481e-09,5.150148e-13,6.856078e-08,3.102950e-01,1.474208e-13,1.053120e-09,2.026906e+02,1.770035e+09,8.322245e-08,4.818456e-01,2.169524e-13,1.321733e-09,1.584402e+02,1.388487e+09,6.940791e-08,3.783784e-01,2.586411e-13,1.443922e-09,1.682734e+02,1.385428e+09,1.733232e-02,1.007890e-02,1.637663e-03,3.927392e-15
240,1.742604e-11,1.564526e-01,1.006156e-09,5.655743e-10,4.058407e-13,3.304038e-11,3.587947e-01,1.142037e-09,7.537063e-10,4.438593e-13,3.278296e-11,1.840340e-01,8.571313e-10,7.393053e-10,2.973585e-13,1.872440e-11,2.568748e-01,7.113227e-10,8.066210e-10,1.780033e-13,6.722781e-08,4.272155e-01,2.827578e-13,1.051978e-09,1.443560e+02,1.219570e+09,8.203775e-08,4.872554e-01,1.966502e-13,1.663270e-09,1.544507e+02,1.495792e+09,6.652060e-08,2.999959e-01,2.422005e-13,1.686325e-09,2.034106e+02,1.316615e+09,1.899494e-02,2.941217e-03,5.163165e-03,1.048440e-15
241,1.860121e-11,2.031420e-01,1.048581e-09,4.466670e-10,3.728477e-13,3.226685e-11,3.136749e-01,7.201540e-10,1.096862e-09,3.420692e-13,3.384335e-11,3.056920e-01,7.866865e-10,3.586758e-10,3.402779e-13,1.764048e-11,2.499642e-01,1.027689e-09,1.001963e-09,2.339646e-13,6.835354e-08,3.153410e-01,3.009543e-13,1.314965e-09,1.988444e+02,1.204258e+09,8.145032e-08,3.462764e-01,2.976967e-13,1.641916e-09,2.157757e+02,1.194495e+09,6.986996e-08,3.694469e-01,2.000834e-13,1.325534e-09,1.734887e+02,1.540399e+09,8.678181e-04,1.435918e-02,2.376437e-03,4.357727e-15
242,1.868286e-11,3.273159e-01,1.082071e-09,8.106808e-10,4.683024e-13,3.429870e-11,1.841934e-01,1.162410e-09,3.942995e-10,4.718540e-13,3.307367e-11,2.571840e-01,6.446667e-10,3.687418e-10,2.001867e-13,1.849230e-11,1.158605e-01,8.384884e-10,2.921544e-10,4.083332e-13,6.888729e-08,2.954565e-01,3.086375e-13,5.826914e-10,2.138840e+02,1.217414e+09,8.090457e-08,3.747235e-01,2.569248e-13,1.142249e-09,1.980591e+02,1.251832e+09,6.777691e-08,2.966613e-01,2.616779e-13,1.551535e-09,2.095819e+02,1.269111e+09,2.817075e-02,2.263035e-02,2.183347e-03,4.723404e-15
243,1.825107e-11,1.557592e-01,6.365213e-10,5.316013e-10,4.376350e-13,3.441273e-11,1.809065e-01,1.041914e-09,3.011082e-10,4.498723e-13,3.186788e-11,3.317746e-01,7.313085e-10,8.395095e-10,2.581252e-13,1.830034e-11,3.148603e-01,6.544086e-10,8.161703e-10,2.190452e-13,6.998330e-08,3.191051e-01,1.477397e-13,1.080407e-09,2.011840e+02,1.684570e+09,8.187992e-08,3.814760e-01,1.361742e-13,7.574887e-10,1.968987e+02,1.814950e+09,6.865500e-08,4.081119e-01,1.779880e-13,8.818183e-10,1.543212e+02,1.672244e+09,6.070305e-03,2.051836e-02,4.762023e-03,4.455974e-15
244,1.757354e-11,1.435208e-01,9.740874e-10,8.249068e-10,3.346527e-13,3.205780e-11,2.472926e-01,1.142850e-09,7.431657e-10,3.688720e-13,3.300368e-11,2.848930e-01,1.171003e-09,8.709021e-10,4.603480e-13,1.840068e-11,1.151909e-01,6.941481e-10,9.612817e-10,2.250487e-13,6.993443e-08,4.559853e-01,1.411957e-13,7.244234e-10,1.406931e+02,1.730617e+09,8.349560e-08,4.605823e-01,2.060880e-13,1.182276e-09,1.662988e+02,1.333378e+09,6.695073e-08,3.393016e-01,2.292699e-13,7.403312e-10,1.810099e+02,1.413074e+09,2.948961e-02,1.270315e-03,4.904876e-03,2.800702e-15
245,1.868139e-11,3.674069e-01,1.097872e-09,8.520759e-10,3.665163e-13,3.409545e-11,3.656628e-01,9.110576e-10,1.278673e-09,3.563161e-13,3.365763e-11,1.680652e-01,1.018226e-09,1.216016e-09,4.650924e-13,1.729107e-11,2.507198e-01,7.958813e-10,1.122729e-09,3.561601e-13,6.937365e-08,3.015259e-01,1.874044e-13,1.811326e-09,2.110584e+02,1.588371e+09,8.038044e-08,3.730601e-01,2.046871e-13,1.488740e-09,1.976534e+02,1.409435e+09,6.884759e-08,3.218484e-01,2.077363e-13,5.562255e-10,1.962321e+02,1.584460e+09,3.259499e-03,1.337919e-02,4.977766e-03,3.237037e-15
246,1.732794e-11,1.083755e-01,9.871707e-10,6.151336e-10,4.644409e-13,3.460026e-11,2.492737e-01,7.778533e-10,7.440171e-10,2.733395e-13,3.375400e-11,3.312924e-01,8.099814e-10,7.900349e-10,2.661871e-13,1.754213e-11,3.716422e-01,1.030948e-09,9.856122e-10,2.794365e-13,6.949156e-08,3.073754e-01,3.310648e-13,1.469696e-09,2.073938e+02,1.194751e+09,8.120266e-08,4.874714e-01,1.889456e-13,1.460681e-09,1.528107e+02,1.624055e+09,6.602532e-08,2.882324e-01,1.615052e-13,9.028235e-10,2.101360e+02,2.063629e+09,6.703308e-03,1.368071e-02,5.356705e-03,1.328376e-15
247,1.870105e-11,3.252632e-01,6.016209e-10,8.699847e-10,4.689044e-13,3.151926e-11,1.799611e-01,6.148400e-10,8.882508e-10,4.773785e-13,3.437053e-11,2.801710e-01,6.623730e-10,1.280262e-09,5.146760e-13,1.767266e-11,1.804873e-01,7.517127e-10,7.195176e-10,2.753875e-13,6.925156e-08,3.809297e-01,1.253052e-13,1.585423e-09,1.667698e+02,1.913210e+09,8.375538e-08,3.636096e-01,1.310833e-13,1.053664e-09,2.113051e+02,1.683981e+09,6.895039e-08,3.540769e-01,1.546962e-13,1.251730e-09,1.786372e+02,1.918387e+09,2.510897e-02,3.067477e-03,5.022634e-03,3.898752e-15
248,1.712167e-11,1.363033e-01,1.132464e-09,7.475685e-10,4.602262e-13,3.261460e-11,1.876756e-01,1.196727e-09,5.639235e-10,4.861923e-13,3.386661e-11,1.350684e-01,1.060816e-09,1.046739e-09,1.747601e-13,1.827984e-11,1.051422e-01,1.028728e-09,8.924562e-10,5.215244e-13,6.804067e-08,3.015101e-01,1.598889e-13,1.242331e-09,2.070139e+02,1.848289e+09,8.406740e-08,4.025068e-01,2.043349e-13,1.203147e-09,1.915963e+02,1.471433e+09,6.606581e-08,3.154054e-01,2.946529e-13,1.249708e-09,1.921500e+02,1.239945e+09,1.715173e-03,1.583198e-02,3.114286e-03,2.991484e-15
249,1.833300e-11,1.884614e-01,8.738969e-10,8.993670e-10,4.297263e-13,3.149314e-11,1.364415e-01,7.597617e-10,1.181523e-09,4.754908e-13,3.276917e-11,1.581117e-01,6.331909e-10,3.083640e-10,3.165889e-13,1.844968e-11,3.887533e-01,1.197003e-09,1.069171e-09,3.686135e-13,6.939325e-08,4.744860e-01,1.395384e-13,8.720804e-10,1.341611e+02,1.838922e+09,8.299684e-08,4.651450e-01,1.730245e-13,8.488494e-10,1.636839e+02,1.459726e+09,6.998975e-08,3.807764e-01,1.674293e-13,8.592022e-10,1.686153e+02,2.008975e+09,2.115750e-02,2.322408e-02,4.783615e-04,1.888647e-15
250,1.771646e-11,2.887405e-01,8.868155e-10,3.597323e-10,5.214652e-13,3.424602e-11,3.353791e-01,6.813376e-10,1.053673e-09,1.806177e-13,3.392234e-11,1.123581e-01,8.138024e-10,5.337174e-10,3.379895e-13,1.866711e-11,2.355055e-01,6.205320e-10,7.339590e-10,2.424092e-13,6.723364e-08,2.989541e-01,1.644918e-13,1.963287e-09,2.063074e+02,1.916502e+09,8.341729e-08,4.818870e-01,2.484111e-13,1.350435e-09,1.587975e+02,1.232184e+09,6.846720e-08,4.467022e-01,1.827520e-13,1.876348e-09,1.406038e+02,1.827927e+09,2.771751e-02,9.846752e-03,1.539289e-03,1.375900e-15
251,1.882623e-11,3.282278e-01,8.589281e-10,9.000540e-10,3.856409e-13,3.405845e-11,1.796292e-01,7.587676e-10,5.183498e-10,2.688420e-13,3.268862e-11,3.959762e-01,9.188081e-10,1.001438e-09,2.182833e-13,1.787675e-11,2.566416e-01,1.043607e-09,7.439673e-10,4.353848e-13,6.926885e-08,4.882871e-01,1.721558e-13,1.821843e-09,1.301354e+02,1.688214e+09,8.209557e-08,3.634384e-01,2.534968e-13,1.320404e-09,2.072152e+02,1.244389e+09,6.830885e-08,3.248189e-01,1.477553e-13,1.236252e-09,1.929161e+02,1.984400e+09,2.889377e-02,2.528734e-02,1.274592e-03,1.508043e-15
252,1.834340e-11,1.243208e-01,1.104823e-09,2.945665e-10,1.729401e-13,3.258467e-11,2.349553e-01,1.144386e-09,9.078099e-10,3.390331e-13,3.445297e-11,3.429210e-01,8.563225e-10,7.909830e-10,4.824236e-13,1.715185e-11,2.459227e-01,8.723712e-10,3.610394e-10,4.491087e-13,6.901314e-08,4.193558e-01,1.509543e-13,9.688760e-10,1.509669e+02,1.844199e+09,8.429457e-08,3.824200e-01,1.623382e-13,1.063815e-09,2.022049e+02,1.463276e+09,6.636376e-08,3.558170e-01,2.726163e-13,1.343285e-09,1.710949e+02,1.383456e+09,1.004462e-02,2.772788e-02,7.217457e-04,3.907312e-15
