run,kind,C1C,C1ESR,C1ESL,C1Lvia,C1Cpad,C3C,C3ESR,C3ESL,C3Lvia,C3Cpad,C5C,C5ESR,C5ESL,C5Lvia,C5Cpad,C7C,C7ESR,C7ESL,C7Lvia,C7Cpad,L2L,L2R,L2C,L2Ltr,L4L,L4R,L4C,L4Ltr,L6L,L6R,L6C,L6Ltr,K24,K46,K26,Cio,L2Q,L2SRF,L4Q,L4SRF,L6Q,L6SRF
1,corner -tol,2.090000e-11,2.000000e-01,1.000000e-09,8.496433e-10,3.489749e-13,3.705000e-11,2.000000e-01,1.000000e-09,8.496433e-10,3.489749e-13,3.705000e-11,2.000000e-01,1.000000e-09,8.496433e-10,3.489749e-13,2.090000e-11,2.000000e-01,1.000000e-09,8.496433e-10,3.489749e-13,6.596000e-08,3.488362e-01,2.296805e-13,1.000000e-09,7.954000e-08,4.086792e-01,2.383299e-13,1.000000e-09,6.596000e-08,3.488362e-01,2.296805e-13,1.000000e-09,1.500000e-02,1.500000e-02,2.000000e-03,2.000000e-15,1.734570e+02,1.461939e+09,1.785401e+02,1.300372e+09,1.734570e+02,1.461939e+09
2,corner +tol,2.310000e-11,2.000000e-01,1.000000e-09,8.496433e-10,3.489749e-13,4.095000e-11,2.000000e-01,1.000000e-09,8.496433e-10,3.489749e-13,4.095000e-11,2.000000e-01,1.000000e-09,8.496433e-10,3.489749e-13,2.310000e-11,2.000000e-01,1.000000e-09,8.496433e-10,3.489749e-13,7.004000e-08,3.704136e-01,2.192136e-13,1.000000e-09,8.446000e-08,4.339584e-01,2.273593e-13,1.000000e-09,7.004000e-08,3.704136e-01,2.192136e-13,1.000000e-09,1.500000e-02,1.500000e-02,2.000000e-03,2.000000e-15,1.734570e+02,1.461939e+09,1.785401e+02,1.300372e+09,1.734570e+02,1.461939e+09
3,monte carlo,2.298300e-11,3.732083e-01,9.829883e-10,1.137306e-09,3.369485e-13,3.782443e-11,3.930483e-01,9.062948e-10,4.206793e-10,3.598280e-13,3.788619e-11,2.671100e-01,1.064865e-09,5.791831e-10,4.199673e-13,2.196678e-11,3.121030e-01,7.185414e-10,5.177907e-10,3.367649e-13,6.601916e-08,3.434204e-01,2.542908e-13,9.433512e-10,8.357420e-08,5.339108e-01,1.866607e-13,1.216123e-09,6.768397e-08,3.197740e-01,1.677778e-13,7.543855e-10,-6.401941e-03,1.188146e-02,4.912501e-03,3.778107e-15,1.763505e+02,1.293686e+09,1.435940e+02,1.489479e+09,1.941670e+02,1.988661e+09
4,monte carlo,2.115638e-11,2.159707e-01,7.074294e-10,3.403713e-10,3.721973e-13,3.721962e-11,3.434742e-01,6.434525e-10,1.043690e-09,3.817016e-13,3.973701e-11,3.629546e-01,9.527255e-10,8.237651e-10,3.706537e-13,2.303518e-11,3.918631e-01,6.604753e-10,3.107671e-10,3.546788e-13,6.764659e-08,3.844986e-01,2.470138e-13,1.650748e-09,8.344161e-08,5.123926e-01,2.436928e-13,1.716440e-09,6.764288e-08,3.480049e-01,1.747857e-13,9.833122e-10,5.654284e-03,-2.109896e-02,9.417050e-05,2.459730e-15,1.613927e+02,1.319893e+09,1.493869e+02,1.254812e+09,1.783074e+02,1.956930e+09
5,monte carlo,2.230182e-11,3.571891e-01,1.151967e-09,5.382953e-10,3.439191e-13,3.749505e-11,2.357055e-01,9.719083e-10,6.216910e-10,1.965631e-13,4.065426e-11,3.259984e-01,9.002723e-10,1.010614e-09,3.831957e-13,2.159222e-11,3.932876e-01,7.400443e-10,3.098364e-10,4.599723e-13,6.942293e-08,3.824053e-01,2.888070e-13,7.921007e-10,8.135177e-08,3.773381e-01,2.473668e-13,9.421030e-10,6.863870e-08,3.594575e-01,2.285804e-13,1.184336e-09,2.730437e-02,1.426256e-02,5.343760e-03,4.279541e-15,1.665374e+02,1.280788e+09,1.977740e+02,1.290664e+09,1.751678e+02,1.423643e+09
6,monte carlo,2.102563e-11,1.274542e-01,7.496770e-10,1.114150e-09,2.884061e-13,4.070229e-11,2.969998e-01,6.654396e-10,2.796347e-10,5.190931e-13,4.075439e-11,2.520577e-01,1.157599e-09,9.538469e-10,3.305853e-13,2.252212e-11,3.580089e-01,1.102477e-09,6.874288e-10,3.027085e-13,6.638339e-08,4.520227e-01,2.297227e-13,1.575925e-09,8.122854e-08,4.001251e-01,2.774535e-13,5.750456e-10,6.809056e-08,2.984414e-01,1.824082e-13,1.404760e-09,-6.085692e-04,-1.956661e-02,4.440631e-03,2.433370e-15,1.347199e+02,1.525620e+09,1.862283e+02,1.148552e+09,2.092958e+02,1.784159e+09
7,monte carlo,2.187830e-11,2.604463e-01,1.020007e-09,7.604741e-10,3.925236e-13,3.899626e-11,1.100365e-01,1.033574e-09,8.317332e-10,3.525787e-13,3.959353e-11,2.124906e-01,7.174350e-10,9.377473e-10,2.876001e-13,2.165551e-11,1.557200e-01,1.055487e-09,1.028419e-09,2.044858e-13,6.982465e-08,4.904342e-01,1.543964e-13,1.155494e-09,8.068338e-08,4.389054e-01,1.443129e-13,1.586356e-09,6.945968e-08,4.210989e-01,2.688543e-13,8.936383e-10,7.432022e-03,-5.606709e-03,-5.047541e-03,3.666540e-15,1.306053e+02,1.869909e+09,1.686343e+02,1.609142e+09,1.513148e+02,1.280312e+09
8,monte carlo,2.288255e-11,2.603591e-01,1.107406e-09,9.683453e-10,4.698415e-13,3.832763e-11,3.223874e-01,8.797203e-10,3.175965e-10,4.582202e-13,3.740261e-11,2.668997e-01,7.710676e-10,4.838622e-10,4.369155e-13,2.309394e-11,2.587629e-01,1.086860e-09,9.845086e-10,3.734848e-13,6.789332e-08,3.126092e-01,2.640604e-13,9.736103e-10,8.093237e-08,3.371618e-01,1.670705e-13,8.395138e-10,6.688500e-08,3.773089e-01,1.978212e-13,1.312819e-09,-2.138945e-02,-2.118600e-02,3.910883e-03,2.040609e-15,1.992315e+02,1.325812e+09,2.201996e+02,1.550569e+09,1.626164e+02,1.587097e+09
9,monte carlo,2.304848e-11,1.373284e-01,1.122134e-09,5.909931e-10,4.923727e-13,4.067583e-11,1.907258e-01,7.648914e-10,1.017267e-09,2.245427e-13,3.889775e-11,3.928692e-01,7.320821e-10,7.466920e-10,2.209660e-13,2.286056e-11,2.659838e-01,7.959660e-10,5.768382e-10,2.497388e-13,6.907305e-08,3.254359e-01,2.701718e-13,6.362079e-10,8.375669e-08,4.786531e-01,1.910103e-13,1.527135e-09,6.896877e-08,3.207698e-01,1.218302e-13,6.150213e-10,-1.825892e-02,2.198845e-03,9.613248e-04,3.743554e-15,1.947045e+02,1.297666e+09,1.605208e+02,1.588710e+09,1.972385e+02,1.954883e+09
10,monte carlo,2.265146e-11,2.579808e-01,9.008938e-10,8.279032e-10,4.975440e-13,3.966037e-11,3.685014e-01,8.569305e-10,1.201105e-09,2.785991e-13,3.878462e-11,2.409208e-01,7.809528e-10,6.287641e-10,4.275462e-13,2.223993e-11,1.962624e-01,1.057801e-09,5.603517e-10,3.822446e-13,6.935498e-08,4.565288e-01,3.080533e-13,1.303306e-09,8.230143e-08,4.886601e-01,1.878285e-13,1.272410e-09,6.895889e-08,3.510769e-01,2.276843e-13,1.415077e-09,-1.844413e-02,-1.800956e-02,-4.892235e-03,8.171761e-16,1.393613e+02,1.260152e+09,1.545017e+02,1.459368e+09,1.801859e+02,1.575668e+09
11,monte carlo,2.090341e-11,3.981859e-01,9.230581e-10,4.341686e-10,4.142193e-13,3.786486e-11,3.197711e-01,8.992650e-10,8.705463e-10,1.964029e-13,3.724994e-11,1.098552e-01,6.832848e-10,1.247550e-09,3.174915e-13,2.221983e-11,1.831661e-01,9.437512e-10,4.880859e-10,4.834032e-13,6.711093e-08,4.419594e-01,2.359504e-13,1.997651e-09,8.006060e-08,3.376036e-01,1.923476e-13,1.150250e-09,6.771255e-08,4.229769e-01,2.278285e-13,5.306182e-10,-2.609388e-02,1.871084e-02,-4.344251e-03,3.922849e-15,1.392976e+02,1.431089e+09,2.175427e+02,1.420815e+09,1.468538e+02,1.487895e+09
12,monte carlo,2.217013e-11,3.750484e-01,6.774571e-10,6.250511e-10,3.434077e-13,4.072688e-11,1.401782e-01,7.977543e-10,1.069203e-09,2.268110e-13,3.848179e-11,1.451249e-01,8.854683e-10,8.165723e-10,3.155751e-13,2.161281e-11,1.113349e-01,8.603231e-10,4.355287e-10,3.769670e-13,6.701475e-08,4.301479e-01,2.210295e-13,1.712312e-09,7.972943e-08,3.986649e-01,1.669319e-13,1.043704e-09,6.995040e-08,3.150801e-01,1.245019e-13,9.426674e-10,-9.260698e-03,-3.668490e-03,-1.913121e-03,1.025999e-15,1.429175e+02,1.535109e+09,1.834609e+02,1.555664e+09,2.036582e+02,1.866249e+09
13,monte carlo,2.113007e-11,3.392008e-01,1.149732e-09,1.066045e-09,5.148836e-13,3.966212e-11,2.727807e-01,6.628747e-10,9.397739e-10,3.135890e-13,3.814174e-11,2.756861e-01,6.962327e-10,3.047864e-10,2.768620e-13,2.294228e-11,3.608959e-01,1.180857e-09,6.736531e-10,4.187480e-13,6.748410e-08,2.997652e-01,1.840228e-13,1.219907e-09,8.409386e-08,3.750469e-01,2.493117e-13,6.132884e-10,6.963383e-08,3.208265e-01,3.077447e-13,1.855132e-09,-2.204781e-02,1.871145e-02,5.145017e-03,4.240847e-15,2.065157e+02,1.623573e+09,2.056891e+02,1.280517e+09,1.991053e+02,1.228088e+09
14,monte carlo,2.157769e-11,3.933100e-01,1.168826e-09,4.150635e-10,3.467596e-13,3.772188e-11,2.223146e-01,1.020523e-09,4.141012e-10,4.840906e-13,3.719350e-11,1.287077e-01,1.163347e-09,1.064633e-09,4.739829e-13,2.294098e-11,1.737642e-01,1.012685e-09,5.872951e-10,4.055189e-13,6.808989e-08,4.645579e-01,2.023205e-13,8.377424e-10,8.135515e-08,3.807132e-01,1.647253e-13,1.966288e-09,6.653347e-08,4.064657e-01,2.217901e-13,9.445016e-10,-1.954456e-02,-6.921651e-03,5.486120e-03,1.026652e-15,1.344546e+02,1.725748e+09,1.960288e+02,1.533456e+09,1.501582e+02,1.593714e+09
15,monte carlo,2.124008e-11,3.825804e-01,6.114647e-10,4.927819e-10,5.004312e-13,3.977687e-11,1.295003e-01,1.124051e-09,5.478927e-10,4.577035e-13,3.725443e-11,1.584291e-01,9.122151e-10,4.726373e-10,2.199918e-13,2.106004e-11,1.976346e-01,9.985917e-10,1.128168e-09,1.683020e-13,6.846809e-08,4.058246e-01,3.076350e-13,1.476929e-09,8.330541e-08,3.485011e-01,3.199394e-13,1.292164e-09,6.626476e-08,3.237422e-01,1.842984e-13,1.339628e-09,-6.641190e-03,2.015273e-02,3.904721e-03,3.744100e-15,1.547685e+02,1.246105e+09,2.192814e+02,1.075056e+09,1.877656e+02,1.745215e+09
16,monte carlo,2.205418e-11,2.179024e-01,8.954032e-10,1.017547e-09,1.700121e-13,4.031229e-11,3.614211e-01,9.586767e-10,1.196404e-09,4.010970e-13,3.957365e-11,3.925154e-01,7.716754e-10,1.029031e-09,5.226908e-13,2.307257e-11,3.705813e-01,9.433772e-10,5.270212e-10,4.019968e-13,6.747549e-08,2.986432e-01,2.682940e-13,1.441470e-09,8.336769e-08,3.914004e-01,1.779317e-13,7.362801e-10,6.962579e-08,4.221247e-01,1.661645e-13,1.506888e-09,-2.929534e-02,2.013246e-02,-5.655002e-03,4.656876e-15,2.072651e+02,1.249034e+09,1.953931e+02,1.638899e+09,1.513081e+02,1.670935e+09
17,monte carlo,2.296718e-11,3.232021e-01,8.461083e-10,1.183998e-09,4.477781e-13,3.730245e-11,1.455938e-01,6.621553e-10,1.228608e-09,2.772713e-13,4.062735e-11,1.013179e-01,7.845961e-10,8.028220e-10,1.870624e-13,2.094082e-11,3.205408e-01,1.050730e-09,9.846743e-10,4.677127e-13,6.733497e-08,3.181715e-01,2.221433e-13,1.130401e-09,8.205975e-08,4.402312e-01,2.639721e-13,9.156940e-10,6.924965e-08,4.729336e-01,1.868418e-13,1.990444e-09,4.740184e-03,-2.514254e-02,-9.152619e-05,4.230055e-15,1.941387e+02,1.598214e+09,1.709945e+02,1.155070e+09,1.343229e+02,1.682588e+09
18,monte carlo,2.283069e-11,3.538001e-01,1.078830e-09,8.592698e-10,3.587789e-13,3.987436e-11,3.662343e-01,1.113642e-09,4.083153e-10,3.911052e-13,4.076717e-11,1.995962e-01,6.563233e-10,1.031089e-09,3.034436e-13,2.092681e-11,2.140164e-01,1.120631e-09,1.165749e-09,1.712455e-13,6.813719e-08,4.334333e-01,2.635056e-13,8.996057e-10,7.976634e-08,4.982189e-01,2.397782e-13,1.068220e-09,6.858898e-08,4.473175e-01,2.831604e-13,1.229682e-09,-2.631437e-02,-1.137945e-02,2.428712e-03,4.457480e-15,1.442098e+02,1.302169e+09,1.468697e+02,1.324321e+09,1.406602e+02,1.214838e+09
19,monte carlo,2.226739e-11,1.260995e-01,8.983189e-10,6.897290e-10,3.240433e-13,3.738531e-11,2.612314e-01,1.193860e-09,5.743113e-10,1.933104e-13,3.748534e-11,1.134989e-01,9.330012e-10,3.928843e-10,5.215444e-13,2.218785e-11,2.897474e-01,9.865755e-10,6.402436e-10,2.020419e-13,6.695717e-08,2.994784e-01,1.702720e-13,1.532110e-09,8.287393e-08,4.659533e-01,2.475745e-13,1.834416e-09,6.871221e-08,3.945934e-01,2.077616e-13,1.427521e-09,1.635348e-02,-2.344620e-02,-1.695294e-03,4.530635e-15,2.050993e+02,1.794248e+09,1.631580e+02,1.295939e+09,1.597411e+02,1.609086e+09
20,monte carlo,2.288074e-11,1.756605e-01,1.000692e-09,7.030013e-10,2.028353e-13,3.927147e-11,2.782829e-01,9.572004e-10,6.349996e-10,3.770650e-13,4.094223e-11,3.386509e-01,7.828417e-10,1.216032e-09,3.705956e-13,2.161355e-11,1.420217e-01,1.170045e-09,7.391168e-10,2.465292e-13,6.726612e-08,3.109063e-01,1.472889e-13,1.028090e-09,8.049536e-08,4.720170e-01,1.922439e-13,1.815383e-09,6.663647e-08,3.432205e-01,1.867758e-13,7.820429e-10,-1.212312e-02,1.904038e-02,3.894557e-03,4.228856e-15,1.984722e+02,1.887443e+09,1.564393e+02,1.539982e+09,1.781031e+02,1.720066e+09
21,monte carlo,2.162148e-11,3.363364e-01,9.208719e-10,5.315250e-10,2.831463e-13,3.790912e-11,2.013359e-01,6.674018e-10,9.429022e-10,1.816002e-13,3.821081e-11,1.442330e-01,1.144941e-09,1.272791e-09,1.800045e-13,2.205227e-11,3.855335e-01,8.467078e-10,1.257810e-09,4.214489e-13,6.767934e-08,4.742817e-01,1.754343e-13,6.353258e-10,8.104829e-08,4.216687e-01,1.955466e-13,8.114412e-10,6.750344e-08,3.773293e-01,1.526697e-13,1.357687e-09,1.907470e-02,9.521662e-03,-4.087043e-03,2.064025e-15,1.309039e+02,1.673689e+09,1.763215e+02,1.624681e+09,1.641112e+02,1.873764e+09
22,monte carlo,2.204933e-11,2.947879e-01,7.311302e-10,3.635161e-10,3.381413e-13,3.929394e-11,1.716848e-01,8.689590e-10,9.722593e-10,2.251492e-13,3.763698e-11,1.536125e-01,8.897439e-10,5.856926e-10,4.580687e-13,2.173015e-11,3.359215e-01,7.507014e-10,9.414044e-10,1.750975e-13,6.643512e-08,3.054939e-01,1.673558e-13,8.081542e-10,8.226472e-08,4.631078e-01,2.523959e-13,1.036406e-09,6.650742e-08,3.241456e-01,1.389870e-13,1.210934e-09,-7.409059e-03,2.671383e-03,-1.305577e-03,3.293212e-15,1.994931e+02,1.881259e+09,1.629537e+02,1.274388e+09,1.882187e+02,2.059937e+09
23,monte carlo,2.191745e-11,3.809265e-01,1.067496e-09,4.118195e-10,4.256623e-13,3.724497e-11,1.427474e-01,6.817067e-10,4.352701e-10,2.148957e-13,3.890094e-11,1.825809e-01,9.258964e-10,9.261003e-10,3.697502e-13,2.202630e-11,2.252746e-01,9.305009e-10,4.015242e-10,5.024215e-13,6.623583e-08,4.172304e-01,2.144323e-13,1.640777e-09,8.042775e-08,3.742515e-01,1.557211e-13,1.926257e-09,6.934141e-08,4.102973e-01,1.458042e-13,1.062132e-09,-1.689096e-02,2.606267e-02,5.552122e-03,1.596324e-15,1.456296e+02,1.538221e+09,1.971402e+02,1.704421e+09,1.550339e+02,1.752757e+09
24,monte carlo,2.108243e-11,1.049484e-01,6.778470e-10,3.989101e-10,4.592028e-13,3.975151e-11,3.131928e-01,9.649630e-10,5.293846e-10,3.757641e-13,3.873192e-11,1.226767e-01,7.300962e-10,2.826072e-10,2.513986e-13,2.199062e-11,2.923337e-01,1.159566e-09,2.945194e-10,3.906792e-13,6.964820e-08,3.854138e-01,2.318833e-13,1.498918e-09,8.294042e-08,4.297462e-01,1.560150e-13,1.571185e-09,6.805797e-08,3.350196e-01,2.592535e-13,1.574166e-09,8.491797e-03,-8.212586e-03,3.299976e-03,3.027577e-15,1.657736e+02,1.337212e+09,1.770463e+02,1.658915e+09,1.863552e+02,1.335083e+09
25,monte carlo,2.119731e-11,1.378495e-01,8.719039e-10,5.046966e-10,2.127595e-13,4.029429e-11,3.567520e-01,9.392014e-10,1.188459e-09,3.810115e-13,3.838651e-11,2.107823e-01,7.078236e-10,5.131864e-10,4.325997e-13,2.146848e-11,2.095003e-01,7.982573e-10,7.830391e-10,4.552218e-13,6.910618e-08,3.949876e-01,3.191504e-13,8.064654e-10,8.004386e-08,3.735398e-01,1.443790e-13,1.071180e-09,6.844190e-08,3.637177e-01,1.555620e-13,1.854439e-09,2.168696e-02,1.747328e-02,3.111165e-03,4.530419e-15,1.604967e+02,1.220988e+09,1.965730e+02,1.662957e+09,1.726197e+02,1.812595e+09
26,monte carlo,2.217942e-11,3.462116e-01,8.881145e-10,1.006251e-09,2.632728e-13,3.759228e-11,2.561872e-01,1.079629e-09,1.133117e-09,2.864605e-13,3.870051e-11,3.860269e-01,1.028646e-09,6.229912e-10,4.507498e-13,2.262606e-11,2.575157e-01,7.948949e-10,1.279672e-09,3.766025e-13,6.838925e-08,4.770518e-01,1.825181e-13,7.277456e-10,8.019072e-08,3.563493e-01,1.871372e-13,1.765406e-09,6.808408e-08,3.480046e-01,1.650816e-13,1.188756e-09,-1.143582e-02,-3.302816e-03,2.570537e-03,2.089342e-15,1.315089e+02,1.889413e+09,2.064338e+02,1.526601e+09,1.794706e+02,1.989201e+09
27,monte carlo,2.222354e-11,3.638189e-01,7.911364e-10,1.157787e-09,2.981738e-13,3.796930e-11,3.585216e-01,6.943390e-10,8.634780e-10,3.479720e-13,4.079863e-11,3.761751e-01,7.548133e-10,4.906927e-10,3.084739e-13,2.209381e-11,2.308551e-01,7.130596e-10,8.551720e-10,1.931610e-13,6.810217e-08,4.328791e-01,2.829495e-13,8.074114e-10,8.187446e-08,4.566159e-01,1.662878e-13,1.902870e-09,6.804692e-08,4.784461e-01,2.248813e-13,1.041023e-09,1.005386e-02,1.323408e-02,5.531088e-03,3.646139e-15,1.443202e+02,1.320059e+09,1.644865e+02,1.676898e+09,1.304692e+02,1.408207e+09
28,monte carlo,2.150402e-11,3.794854e-01,1.014174e-09,6.663426e-10,4.873746e-13,4.057381e-11,2.830760e-01,1.198210e-09,4.716751e-10,4.320081e-13,3.898455e-11,1.144458e-01,9.624073e-10,6.370186e-10,1.826137e-13,2.146245e-11,3.021790e-01,7.329746e-10,9.773894e-10,1.918246e-13,6.994084e-08,4.106357e-01,1.748042e-13,1.392059e-09,8.377791e-08,4.781485e-01,1.683483e-13,1.900853e-09,6.958262e-08,4.314573e-01,1.583649e-13,1.983199e-09,-1.491023e-02,-1.849249e-03,-4.153644e-03,2.455522e-15,1.562453e+02,1.847784e+09,1.607309e+02,1.733575e+09,1.479434e+02,1.788270e+09
29,monte carlo,2.306660e-11,1.548156e-01,9.878300e-10,1.157238e-09,1.821243e-13,3.780392e-11,1.592232e-01,8.665266e-10,1.000514e-09,4.505482e-13,3.854988e-11,3.540315e-01,9.582204e-10,3.246609e-10,2.701548e-13,2.163566e-11,3.578706e-01,7.208869e-10,1.241176e-09,3.254045e-13,6.865985e-08,2.923850e-01,2.838858e-13,1.644487e-09,8.195167e-08,5.310361e-01,2.168308e-13,8.385932e-10,6.711748e-08,3.766118e-01,1.855769e-13,5.821502e-10,4.205580e-03,-1.558906e-02,-4.893631e-04,4.540388e-15,2.154173e+02,1.262044e+09,1.415685e+02,1.438538e+09,1.634837e+02,1.842930e+09
30,monte carlo,2.133107e-11,3.147260e-01,8.208927e-10,1.075002e-09,3.602360e-13,3.777928e-11,1.999405e-01,8.945069e-10,4.072828e-10,2.793322e-13,3.815364e-11,3.237834e-01,9.483572e-10,4.213615e-10,5.234831e-13,2.293464e-11,2.135527e-01,9.587122e-10,8.691093e-10,2.379927e-13,6.950660e-08,4.313029e-01,3.006022e-13,8.925923e-10,8.006133e-08,4.546164e-01,1.608940e-13,1.614460e-09,6.621597e-08,2.812619e-01,1.293377e-13,1.465542e-09,1.841622e-02,-2.020386e-02,3.539280e-03,4.919402e-15,1.478347e+02,1.232682e+09,1.615513e+02,1.766203e+09,2.159656e+02,1.896191e+09
31,monte carlo,2.179280e-11,1.021745e-01,8.291677e-10,1.204218e-09,2.948489e-13,3.972380e-11,3.227989e-01,8.485877e-10,9.326935e-10,2.432693e-13,4.038735e-11,3.051635e-01,6.124937e-10,6.019392e-10,3.654929e-13,2.288233e-11,1.914719e-01,8.859250e-10,1.197162e-09,3.526437e-13,6.910832e-08,3.195738e-01,2.928880e-13,1.232717e-09,8.044809e-08,4.167519e-01,3.346846e-13,1.804679e-09,6.946614e-08,3.368871e-01,1.679953e-13,9.479129e-10,-1.587580e-03,1.160316e-04,4.145117e-03,2.061491e-15,1.983773e+02,1.269610e+09,1.770806e+02,1.074802e+09,1.891566e+02,1.934563e+09
32,monte carlo,2.163480e-11,1.553864e-01,1.181757e-09,8.634234e-10,3.248469e-13,3.864342e-11,1.376737e-01,6.483269e-10,1.229891e-09,3.750196e-13,3.804792e-11,3.874183e-01,1.079950e-09,1.082343e-09,5.270693e-13,2.215949e-11,3.764607e-01,9.027694e-10,3.341645e-10,3.411689e-13,6.667645e-08,3.719338e-01,1.856241e-13,1.795785e-09,8.209437e-08,3.548335e-01,1.727932e-13,9.481736e-10,6.642907e-08,4.221481e-01,2.968160e-13,1.745911e-09,2.003898e-02,2.659040e-02,-3.133443e-03,3.830307e-15,1.644521e+02,1.579435e+09,2.122372e+02,1.747982e+09,1.443531e+02,1.206582e+09
33,monte carlo,2.234287e-11,2.439078e-01,1.099752e-09,3.108834e-10,3.053966e-13,3.819329e-11,2.547657e-01,1.074292e-09,8.321887e-10,2.348697e-13,4.043245e-11,1.213369e-01,9.705154e-10,7.519705e-10,1.785921e-13,2.132998e-11,1.898742e-01,6.447408e-10,1.283782e-09,3.772324e-13,6.859629e-08,4.360135e-01,1.882335e-13,1.498379e-09,8.088816e-08,3.831121e-01,2.626779e-13,1.603430e-09,6.754585e-08,4.702007e-01,1.852442e-13,1.295566e-09,-2.443469e-02,-2.496342e-02,-1.197419e-03,4.443999e-15,1.443223e+02,1.817420e+09,1.936831e+02,1.225650e+09,1.317796e+02,1.777289e+09
34,monte carlo,2.258950e-11,3.099223e-01,6.554940e-10,1.116659e-09,3.596516e-13,4.016066e-11,3.722137e-01,7.970840e-10,1.087934e-09,3.630986e-13,4.031695e-11,3.826613e-01,7.847237e-10,5.853180e-10,2.015203e-13,2.185065e-11,2.604285e-01,1.103991e-09,6.315501e-10,5.088458e-13,6.986127e-08,3.388330e-01,1.960325e-13,5.728507e-10,7.984026e-08,4.465631e-01,1.420200e-13,8.014721e-10,6.922216e-08,3.023773e-01,3.111355e-13,1.117871e-09,9.281195e-03,-6.168895e-03,7.152071e-04,3.892222e-15,1.891400e+02,1.549604e+09,1.640106e+02,1.780136e+09,2.100046e+02,1.255072e+09
35,monte carlo,2.108720e-11,3.275622e-01,1.006388e-09,4.080129e-10,4.001669e-13,3.773335e-11,1.259200e-01,6.117191e-10,5.087842e-10,2.213613e-13,3.892530e-11,2.887967e-01,1.071805e-09,6.541498e-10,4.212072e-13,2.287920e-11,1.415253e-01,1.061084e-09,1.048344e-09,2.851511e-13,6.759287e-08,4.569456e-01,2.174224e-13,7.400738e-10,8.431768e-08,4.135730e-01,1.893887e-13,1.266262e-09,6.642679e-08,4.190963e-01,1.770100e-13,1.968532e-09,-1.830664e-02,1.962220e-02,-2.855087e-03,3.203250e-15,1.356966e+02,1.525380e+09,1.870248e+02,1.388762e+09,1.453992e+02,1.815959e+09
36,monte carlo,2.275025e-11,3.654989e-01,9.170532e-10,7.943701e-10,4.416683e-13,3.832561e-11,1.380968e-01,9.885072e-10,6.944253e-10,2.613626e-13,3.933999e-11,2.920565e-01,8.262187e-10,6.685246e-10,2.009170e-13,2.199377e-11,1.956748e-01,7.557325e-10,1.192917e-09,5.093426e-13,7.000279e-08,4.164554e-01,1.401462e-13,1.612714e-09,8.210452e-08,4.374349e-01,2.652526e-13,1.892289e-09,6.948656e-08,4.601255e-01,1.773122e-13,1.836354e-09,1.636522e-02,2.527716e-02,8.703079e-04,1.888352e-15,1.541983e+02,1.886453e+09,1.721815e+02,1.192227e+09,1.385343e+02,1.715346e+09
37,monte carlo,2.101355e-11,2.702505e-01,7.829995e-10,1.161581e-09,4.820082e-13,3.714929e-11,3.484317e-01,9.001736e-10,4.880882e-10,4.732321e-13,3.791045e-11,1.987674e-01,1.170329e-09,7.965482e-10,2.710642e-13,2.276786e-11,3.875575e-01,9.233485e-10,3.432651e-10,5.101250e-13,6.674646e-08,2.994128e-01,1.364124e-13,1.441898e-09,8.182939e-08,3.575220e-01,2.645732e-13,1.231491e-09,6.787799e-08,4.263848e-01,1.715739e-13,9.829421e-10,2.949512e-02,-1.790834e-02,-3.198681e-03,5.756281e-16,2.044987e+02,1.845376e+09,2.099613e+02,1.290191e+09,1.460360e+02,1.825183e+09
38,monte carlo,2.271754e-11,1.664306e-01,8.194577e-10,1.187194e-09,2.962096e-13,3.993570e-11,3.814738e-01,1.198549e-09,3.345728e-10,3.852725e-13,3.894715e-11,3.976275e-01,1.132633e-09,1.007346e-09,4.134856e-13,2.284474e-11,2.835997e-01,1.151171e-09,8.622752e-10,3.475435e-13,6.702701e-08,3.283375e-01,1.686735e-13,1.189647e-09,8.392702e-08,5.289784e-01,1.844834e-13,9.775335e-10,6.708421e-08,4.209380e-01,1.762327e-13,1.835823e-09,2.135677e-02,-8.565991e-03,-2.213536e-03,4.848128e-15,1.872674e+02,1.735508e+09,1.455448e+02,1.526161e+09,1.461958e+02,1.769926e+09
39,monte carlo,2.143583e-11,3.232648e-01,1.012724e-09,9.521729e-10,3.034538e-13,3.980861e-11,2.720079e-01,8.251784e-10,3.186645e-10,4.219359e-13,3.706335e-11,3.006562e-01,7.321503e-10,1.290467e-09,1.896106e-13,2.264059e-11,1.625694e-01,1.112566e-09,1.083877e-09,4.747500e-13,6.748828e-08,3.226208e-01,2.293274e-13,6.182707e-10,8.298024e-08,3.933123e-01,3.187840e-13,6.002293e-10,6.820337e-08,4.446206e-01,1.825413e-13,5.748315e-10,-3.470420e-03,-9.272432e-03,3.763306e-03,1.264588e-15,1.918972e+02,1.536672e+09,1.935396e+02,1.096571e+09,1.407178e+02,1.512500e+09
40,monte carlo,2.196625e-11,2.407889e-01,1.063688e-09,1.291306e-09,1.942966e-13,3.726045e-11,3.949445e-01,8.414701e-10,4.541991e-10,4.613765e-13,4.027973e-11,3.322173e-01,7.827184e-10,1.232986e-09,3.463665e-13,2.112601e-11,1.946597e-01,1.090375e-09,6.668592e-10,2.720274e-13,6.713758e-08,3.540983e-01,2.322693e-13,9.677125e-10,8.223101e-08,3.425490e-01,2.359553e-13,1.456114e-09,6.835517e-08,3.568820e-01,1.971413e-13,1.063250e-09,1.566194e-02,-1.003786e-03,3.460983e-03,2.143153e-15,1.739300e+02,1.457116e+09,2.202144e+02,1.325494e+09,1.757031e+02,1.678243e+09
41,monte carlo,2.135194e-11,2.560350e-01,6.875618e-10,2.755983e-10,2.664759e-13,4.086118e-11,3.018610e-01,8.130955e-10,9.946955e-10,4.939947e-13,4.015735e-11,1.385658e-01,9.984420e-10,6.133303e-10,3.875889e-13,2.121756e-11,3.780526e-01,6.848928e-10,7.216523e-10,2.315199e-13,6.864504e-08,3.033791e-01,2.297580e-13,8.331140e-10,8.285467e-08,4.184857e-01,3.209148e-13,1.214518e-09,6.787207e-08,3.494527e-01,2.106003e-13,1.763941e-09,-1.308629e-02,2.978454e-04,-5.796158e-03,3.691200e-15,2.075660e+02,1.474061e+09,1.816223e+02,1.123300e+09,1.781704e+02,1.628886e+09
42,monte carlo,2.151625e-11,3.519155e-01,1.005338e-09,1.054425e-09,3.896808e-13,3.974540e-11,1.717905e-01,9.036114e-10,8.150472e-10,1.753012e-13,3.769215e-11,2.853957e-01,9.626023e-10,1.165802e-09,2.019065e-13,2.301064e-11,2.075507e-01,8.128058e-10,4.646595e-10,3.851778e-13,6.695287e-08,2.835209e-01,2.975992e-13,7.382294e-10,8.254489e-08,4.207186e-01,1.950246e-13,1.879525e-09,6.734400e-08,3.469382e-01,2.207758e-13,6.553536e-10,-2.799803e-02,-7.136414e-03,1.266592e-03,2.455916e-15,2.166291e+02,1.299681e+09,1.799829e+02,1.521925e+09,1.780654e+02,1.498866e+09
43,monte carlo,2.132854e-11,2.115839e-01,8.665878e-10,1.176365e-09,3.069618e-13,3.849884e-11,1.270555e-01,6.864841e-10,8.863151e-10,3.131334e-13,4.081864e-11,3.655933e-01,9.067341e-10,1.052181e-09,2.920379e-13,2.096662e-11,2.205947e-01,6.544425e-10,1.227592e-09,3.280902e-13,6.923779e-08,2.942632e-01,1.826116e-13,1.256694e-09,8.299996e-08,4.550137e-01,2.097054e-13,1.125185e-09,6.604834e-08,4.309668e-01,2.461219e-13,1.474624e-09,-2.623383e-02,-3.448909e-03,3.341100e-03,4.145862e-15,2.158440e+02,1.520962e+09,1.673347e+02,1.350160e+09,1.405888e+02,1.467334e+09
44,monte carlo,2.290889e-11,2.928968e-01,1.068183e-09,3.631479e-10,4.274681e-13,3.975337e-11,1.395547e-01,7.513451e-10,1.003902e-09,1.958072e-13,3.976606e-11,1.385486e-01,1.147008e-09,7.871139e-10,2.897966e-13,2.131124e-11,2.955777e-01,7.669276e-10,5.857770e-10,4.968010e-13,6.669394e-08,4.638082e-01,2.993760e-13,1.039611e-09,8.063890e-08,4.928685e-01,1.212215e-13,5.565695e-10,7.000815e-08,3.948069e-01,2.533701e-13,1.506976e-09,1.249654e-04,5.890126e-03,-4.195908e-03,1.638722e-15,1.319109e+02,1.268199e+09,1.500881e+02,1.822414e+09,1.626659e+02,1.287407e+09
45,monte carlo,2.189743e-11,1.895164e-01,8.223145e-10,9.772057e-10,2.799732e-13,4.067508e-11,2.114209e-01,1.142918e-09,5.469632e-10,5.200100e-13,4.065438e-11,3.852184e-01,1.148333e-09,5.029432e-10,4.574025e-13,2.091340e-11,3.912932e-01,7.991627e-10,5.123907e-10,4.561400e-13,6.630360e-08,3.532011e-01,2.697857e-13,9.401267e-10,8.071336e-08,3.988828e-01,2.119331e-13,8.908778e-10,6.685953e-08,2.877852e-01,1.508942e-13,1.687276e-09,-1.677638e-02,2.716870e-02,-2.184724e-03,1.768716e-15,1.722058e+02,1.243034e+09,1.856234e+02,1.364396e+09,2.131217e+02,1.889460e+09
46,monte carlo,2.295395e-11,1.024077e-01,8.609570e-10,9.865209e-10,4.108490e-13,3.958168e-11,2.404189e-01,1.035645e-09,8.492754e-10,4.525557e-13,3.985414e-11,1.821217e-01,1.054199e-09,9.181019e-10,3.215145e-13,2.269804e-11,1.272315e-01,8.089579e-10,1.036951e-09,4.596966e-13,6.834600e-08,3.835693e-01,1.534295e-13,5.085052e-10,8.206818e-08,3.738220e-01,2.340766e-13,1.585207e-09,6.742228e-08,3.452589e-01,1.379673e-13,1.676007e-09,-1.375597e-03,-2.165459e-02,1.050530e-03,2.492396e-15,1.634564e+02,1.897754e+09,2.013922e+02,1.222563e+09,1.791395e+02,2.035262e+09
47,monte carlo,2.252179e-11,2.104618e-01,1.143427e-09,8.591303e-10,1.770076e-13,3.947921e-11,2.888933e-01,9.122427e-10,9.535199e-10,1.822797e-13,3.715820e-11,1.892121e-01,9.582782e-10,1.204421e-09,2.051151e-13,2.220189e-11,1.716857e-01,7.019722e-10,8.266025e-10,4.349982e-13,6.901778e-08,4.410523e-01,2.362344e-13,1.312441e-09,8.185906e-08,3.634334e-01,2.398499e-13,1.429597e-09,6.932690e-08,2.933922e-01,1.369477e-13,6.077078e-10,-3.825453e-03,-2.065624e-02,4.068846e-03,1.285958e-15,1.435501e+02,1.349249e+09,2.066211e+02,1.386743e+09,2.167634e+02,1.818500e+09
48,monte carlo,2.261261e-11,1.422378e-01,7.479308e-10,9.578601e-10,4.275449e-13,3.888466e-11,1.117660e-01,1.051052e-09,4.310879e-10,2.381387e-13,4.010258e-11,2.530407e-01,1.172424e-09,9.410339e-10,3.299218e-13,2.238371e-11,1.369111e-01,6.014521e-10,1.107913e-09,2.351776e-13,6.909049e-08,4.790625e-01,2.136397e-13,1.505936e-09,8.307418e-08,3.916986e-01,2.475744e-13,1.226543e-09,6.892531e-08,3.144292e-01,1.807746e-13,1.098827e-09,-7.172173e-04,1.885847e-02,5.435504e-03,4.539436e-15,1.322997e+02,1.418774e+09,1.945569e+02,1.335573e+09,2.010891e+02,1.732854e+09
49,monte carlo,2.168467e-11,1.074377e-01,8.458343e-10,5.511593e-10,4.807335e-13,3.946346e-11,1.951063e-01,1.062931e-09,7.492714e-10,2.620834e-13,3.724352e-11,1.948960e-01,9.695686e-10,5.702111e-10,4.652012e-13,2.150185e-11,2.269283e-01,7.032300e-10,6.053615e-10,3.936217e-13,6.782210e-08,4.286829e-01,2.555941e-13,1.057497e-09,7.984402e-08,3.446105e-01,1.901124e-13,1.067330e-09,6.722281e-08,3.119827e-01,2.426016e-13,1.723281e-09,2.811252e-02,6.966252e-03,1.860622e-04,4.961013e-15,1.451336e+02,1.407156e+09,2.125429e+02,1.489085e+09,1.976600e+02,1.387888e+09
50,monte carlo,2.216799e-11,3.824779e-01,6.927472e-10,1.176048e-09,3.295857e-13,3.936252e-11,3.857453e-01,8.637417e-10,1.270695e-09,4.939648e-13,3.990216e-11,1.702599e-01,8.991387e-10,4.268533e-10,2.141357e-13,2.285685e-11,3.194096e-01,6.023116e-10,4.681271e-10,5.243037e-13,6.609804e-08,3.267596e-01,1.191906e-13,1.856983e-09,8.372397e-08,4.278070e-01,2.467452e-13,6.361966e-10,6.935127e-08,3.921317e-01,1.712549e-13,7.428018e-10,6.183309e-03,2.916479e-02,-1.853622e-03,4.725904e-15,1.855637e+02,1.990984e+09,1.795290e+02,1.338278e+09,1.622390e+02,1.870478e+09
51,monte carlo,2.125835e-11,2.238586e-01,6.153195e-10,1.101978e-09,2.604759e-13,3.955159e-11,3.233389e-01,7.767054e-10,1.104100e-09,5.127197e-13,3.997105e-11,3.638475e-01,7.848528e-10,4.191750e-10,5.247131e-13,2.256775e-11,3.468474e-01,1.146135e-09,4.691630e-10,2.272642e-13,6.605529e-08,3.325209e-01,1.286377e-13,5.828628e-10,8.183442e-08,4.425771e-01,2.661861e-13,1.290642e-09,6.642952e-08,3.960105e-01,2.964822e-13,6.345850e-10,-2.365613e-02,3.104114e-03,-4.596439e-03,1.530087e-15,1.822306e+02,1.889945e+09,1.696211e+02,1.219966e+09,1.538818e+02,1.240570e+09
52,monte carlo,2.295895e-11,3.194763e-01,1.114180e-09,8.999819e-10,5.289069e-13,3.778761e-11,3.106299e-01,1.101145e-09,7.455528e-10,5.090646e-13,4.053640e-11,3.632999e-01,7.320114e-10,3.703234e-10,1.703561e-13,2.227408e-11,3.972853e-01,8.013092e-10,8.290463e-10,4.511549e-13,6.963008e-08,4.557834e-01,1.660169e-13,1.048174e-09,8.387053e-08,3.526911e-01,2.462551e-13,9.713109e-10,6.729048e-08,3.282592e-01,1.452435e-13,1.071569e-09,2.165378e-03,-2.740117e-02,7.101961e-04,1.709615e-15,1.401429e+02,1.717003e+09,2.181462e+02,1.262941e+09,1.880483e+02,2.050768e+09
53,monte carlo,2.141789e-11,1.206366e-01,8.960724e-10,9.333116e-10,4.875792e-13,3.912814e-11,3.291304e-01,1.128163e-09,5.460852e-10,3.944386e-13,3.879153e-11,3.136884e-01,8.346992e-10,8.706505e-10,2.847399e-13,2.186526e-11,2.440286e-01,9.926637e-10,8.930636e-10,4.064645e-13,6.995528e-08,3.149086e-01,2.482608e-13,1.980625e-09,8.291007e-08,4.065588e-01,1.578700e-13,1.823767e-09,6.661711e-08,3.694352e-01,1.965697e-13,1.448973e-09,1.848497e-02,1.617730e-02,1.762885e-03,1.614627e-15,2.037833e+02,1.328664e+09,1.870754e+02,1.635224e+09,1.654171e+02,1.744083e+09
54,monte carlo,2.309203e-11,3.546474e-01,1.131975e-09,6.092424e-10,3.981389e-13,3.912675e-11,3.192571e-01,8.503940e-10,5.958772e-10,4.453372e-13,3.813786e-11,1.377911e-01,1.056342e-09,3.812227e-10,4.826351e-13,2.299949e-11,1.111292e-01,1.133239e-09,6.690321e-10,3.728644e-13,6.850895e-08,3.313080e-01,1.493256e-13,1.674739e-09,8.250916e-08,5.085696e-01,2.260432e-13,8.754283e-10,6.886932e-08,3.666535e-01,3.148820e-13,1.685146e-09,-1.946920e-02,2.486239e-02,-2.716237e-03,4.997252e-15,1.896916e+02,2.026464e+09,1.488279e+02,1.361422e+09,1.723069e+02,1.201172e+09
55,monte carlo,2.196736e-11,3.414504e-01,9.187995e-10,1.083074e-09,4.586713e-13,3.984774e-11,1.585626e-01,1.008526e-09,5.470472e-10,3.281740e-13,3.838588e-11,2.841384e-01,9.097507e-10,1.166977e-09,2.184333e-13,2.286783e-11,3.256513e-01,7.116395e-10,8.288197e-10,1.995700e-13,6.853979e-08,3.094138e-01,1.531511e-13,1.585819e-09,8.318032e-08,4.847530e-01,2.003049e-13,1.683732e-09,6.667263e-08,3.428697e-01,1.795727e-13,1.239576e-09,2.348077e-03,-2.955693e-02,-7.468018e-04,2.074247e-15,2.032057e+02,1.784596e+09,1.574102e+02,1.511156e+09,1.783820e+02,1.569192e+09
56,monte carlo,2.235748e-11,1.321369e-01,9.567772e-10,5.818558e-10,4.210587e-13,4.035724e-11,3.217894e-01,7.110203e-10,4.394581e-10,2.582308e-13,3.718383e-11,1.046931e-01,6.712410e-10,1.269160e-09,3.795688e-13,2.265626e-11,1.484279e-01,8.252068e-10,7.137185e-10,1.892003e-13,6.951172e-08,4.573480e-01,1.626061e-13,1.789885e-09,8.112553e-08,3.676730e-01,1.608239e-13,1.231421e-09,6.927077e-08,3.482644e-01,1.256800e-13,7.575267e-10,1.714506e-03,2.026026e-02,5.243376e-03,1.072545e-15,1.394261e+02,1.974113e+09,2.024084e+02,1.564933e+09,1.824625e+02,1.899334e+09
57,monte carlo,2.129767e-11,2.251227e-01,1.175944e-09,7.828999e-10,2.546309e-13,3.952892e-11,2.118583e-01,9.313645e-10,1.223469e-09,2.371865e-13,4.089025e-11,2.388296e-01,8.713217e-10,7.828219e-10,5.050235e-13,2.128783e-11,1.110556e-01,8.934589e-10,6.954956e-10,2.845559e-13,6.718624e-08,3.870187e-01,1.621820e-13,1.512551e-09,7.954906e-08,3.385850e-01,1.538995e-13,1.957888e-09,6.896776e-08,4.033845e-01,2.362711e-13,1.213712e-09,2.677428e-02,-2.303705e-02,-2.088719e-03,2.967015e-15,1.592506e+02,2.049396e+09,2.155262e+02,1.755478e+09,1.568410e+02,1.433917e+09
58,monte carlo,2.247024e-11,1.687048e-01,9.239667e-10,7.622604e-10,4.652205e-13,3.849457e-11,1.524988e-01,8.593233e-10,1.131313e-09,2.848923e-13,3.793374e-11,1.393823e-01,1.186153e-09,5.246560e-10,2.494557e-13,2.120254e-11,3.202364e-01,6.063594e-10,6.739811e-10,2.142894e-13,6.786426e-08,3.483053e-01,2.467853e-13,1.579967e-09,7.965780e-08,4.520809e-01,1.932461e-13,6.208128e-10,6.965171e-08,3.542374e-01,2.372424e-13,1.752484e-09,-2.817695e-02,-2.292966e-03,1.807370e-03,4.126317e-15,1.787367e+02,1.468835e+09,1.616385e+02,1.535508e+09,1.803724e+02,1.398738e+09
59,monte carlo,2.270523e-11,2.966660e-01,8.132066e-10,5.795220e-10,2.318193e-13,4.071858e-11,3.647838e-01,8.545905e-10,5.703160e-10,5.140551e-13,3.845152e-11,3.437770e-01,1.090483e-09,8.424857e-10,3.468762e-13,2.121864e-11,1.563703e-01,6.270634e-10,6.282942e-10,2.219859e-13,6.657005e-08,4.509023e-01,1.546453e-13,1.814420e-09,8.062764e-08,4.918616e-01,1.644203e-13,5.269201e-10,6.833631e-08,2.935497e-01,2.795524e-13,9.914242e-10,-2.018058e-02,2.614851e-02,-4.755593e-03,7.705421e-16,1.354345e+02,1.792841e+09,1.503744e+02,1.726513e+09,2.135515e+02,1.216495e+09
60,monte carlo,2.123686e-11,2.572917e-01,1.157006e-09,1.159102e-09,2.117528e-13,4.053259e-11,3.505321e-01,6.617384e-10,1.176928e-09,4.516201e-13,3.883193e-11,1.402851e-01,1.124732e-09,5.375678e-10,2.778697e-13,2.255832e-11,2.622959e-01,1.184486e-09,4.694372e-10,4.085042e-13,6.837982e-08,4.185969e-01,1.864220e-13,1.621206e-09,8.180614e-08,4.808699e-01,1.582657e-13,7.014685e-10,6.685590e-08,3.164419e-01,2.283884e-13,1.809514e-09,5.160508e-03,-1.877310e-02,-4.325659e-03,3.277457e-15,1.498527e+02,1.856148e+09,1.560598e+02,1.723002e+09,1.938110e+02,1.417695e+09
61,monte carlo,2.221125e-11,2.636085e-01,1.042905e-09,4.671871e-10,3.549234e-13,3.875662e-11,1.420744e-01,6.941033e-10,8.459477e-10,4.804324e-13,3.993179e-11,1.327763e-01,9.332021e-10,1.129754e-09,3.036966e-13,2.092626e-11,1.622162e-01,1.059833e-09,1.211160e-09,4.605719e-13,6.859943e-08,3.190871e-01,2.413537e-13,6.294881e-10,8.307638e-08,3.550849e-01,2.007715e-13,1.114809e-09,6.868609e-08,3.227211e-01,1.854113e-13,1.915411e-09,2.721784e-02,2.761115e-02,-1.334011e-03,1.769878e-15,1.972168e+02,1.321288e+09,2.146239e+02,1.315391e+09,1.952424e+02,1.775043e+09
62,monte carlo,2.271440e-11,1.200236e-01,7.376255e-10,5.873507e-10,3.489405e-13,4.044402e-11,2.837560e-01,1.149217e-09,8.855861e-10,1.721556e-13,3.722026e-11,1.337066e-01,9.733037e-10,1.128742e-09,3.084286e-13,2.205226e-11,1.832348e-01,9.894746e-10,3.948002e-10,3.028920e-13,6.759816e-08,4.354184e-01,1.811647e-13,1.326137e-09,8.420955e-08,4.445441e-01,2.043827e-13,5.064843e-10,6.898042e-08,3.128478e-01,1.623728e-13,1.289322e-09,-5.317363e-04,-3.721050e-03,1.315638e-03,4.671287e-15,1.424167e+02,1.796012e+09,1.737718e+02,1.353349e+09,2.022672e+02,1.646893e+09
63,monte carlo,2.094968e-11,3.943387e-01,7.669644e-10,6.796366e-10,4.110556e-13,4.057262e-11,3.490675e-01,8.415403e-10,8.771418e-10,3.024398e-13,3.763683e-11,1.227980e-01,6.964738e-10,5.794378e-10,1.828995e-13,2.112373e-11,1.447732e-01,8.490409e-10,1.170346e-09,4.601376e-13,6.865089e-08,3.286836e-01,2.452368e-13,1.839727e-09,7.981854e-08,4.142423e-01,2.001352e-13,8.843938e-10,6.611048e-08,3.396907e-01,1.299771e-13,1.681679e-09,-4.871089e-03,9.709042e-03,-3.500038e-03,2.050851e-15,1.916023e+02,1.290015e+09,1.767592e+02,1.593038e+09,1.785334e+02,1.917310e+09
64,monte carlo,2.166407e-11,3.008693e-01,7.755949e-10,7.666042e-10,3.460255e-13,3.728843e-11,2.157940e-01,9.270214e-10,4.973302e-10,3.353422e-13,3.881117e-11,2.527504e-01,6.028881e-10,6.368672e-10,3.046687e-13,2.277489e-11,1.864789e-01,6.116972e-10,1.015046e-09,4.886130e-13,6.615198e-08,2.805960e-01,1.325407e-13,1.679096e-09,8.425598e-08,4.709807e-01,1.724803e-13,1.278679e-09,6.663538e-08,2.832714e-01,3.288080e-13,1.741274e-09,2.984115e-02,2.780770e-02,-1.537099e-03,4.311647e-15,2.162689e+02,1.986520e+09,1.641082e+02,1.633722e+09,2.157917e+02,1.200183e+09
65,monte carlo,2.220092e-11,3.102470e-01,1.021001e-09,8.451666e-10,3.711317e-13,4.069700e-11,3.166629e-01,1.100639e-09,9.762415e-10,4.342099e-13,3.828748e-11,3.628541e-01,1.017781e-09,1.040910e-09,1.999414e-13,2.229939e-11,3.067205e-01,7.851025e-10,1.279302e-09,3.971325e-13,6.995835e-08,4.069003e-01,1.534384e-13,1.192115e-09,8.180164e-08,4.786814e-01,2.393698e-13,1.575093e-09,6.908925e-08,3.292321e-01,3.148734e-13,7.663500e-10,2.033788e-02,-2.330525e-02,-4.880925e-03,2.950303e-15,1.577191e+02,2.035553e+09,1.567647e+02,1.256068e+09,1.925045e+02,1.236726e+09
66,monte carlo,2.162416e-11,2.624826e-01,9.716107e-10,1.265993e-09,2.368632e-13,3.785383e-11,1.388782e-01,8.965211e-10,6.319851e-10,2.303531e-13,3.835739e-11,1.802375e-01,1.198551e-09,6.016287e-10,4.541207e-13,2.282073e-11,1.518871e-01,1.028883e-09,5.520238e-10,1.923797e-13,6.778851e-08,3.281908e-01,2.320839e-13,1.733363e-09,8.006229e-08,4.099552e-01,2.337871e-13,1.960794e-09,6.811734e-08,3.715750e-01,2.566283e-13,9.608348e-10,-2.280329e-02,-2.159735e-02,2.799748e-03,3.033737e-15,1.894796e+02,1.565032e+09,1.791531e+02,1.318689e+09,1.681682e+02,1.275360e+09
67,monte carlo,2.162450e-11,1.503215e-01,9.783330e-10,1.243571e-09,2.090400e-13,4.016067e-11,1.618590e-01,9.059829e-10,6.199080e-10,3.281670e-13,3.705914e-11,1.987771e-01,7.312245e-10,1.236875e-09,3.505761e-13,2.309403e-11,3.735091e-01,1.063493e-09,3.588637e-10,2.320200e-13,6.678294e-08,4.148625e-01,2.599113e-13,9.889879e-10,8.237912e-08,3.751856e-01,1.792136e-13,1.848771e-09,6.766300e-08,4.110508e-01,2.566495e-13,8.847749e-10,-2.584704e-02,-1.921068e-02,3.401507e-03,3.473489e-15,1.476706e+02,1.337100e+09,2.014205e+02,1.543443e+09,1.510040e+02,1.444985e+09
68,monte carlo,2.192083e-11,1.976588e-01,1.065502e-09,4.567856e-10,4.966410e-13,3.775988e-11,3.053341e-01,8.352921e-10,1.084757e-09,4.847336e-13,3.794430e-11,3.816132e-01,7.414224e-10,5.390524e-10,3.141815e-13,2.185915e-11,1.910170e-01,1.002246e-09,1.087231e-09,3.341855e-13,6.931872e-08,3.367071e-01,1.328730e-13,1.536719e-09,8.439846e-08,3.642852e-01,2.617418e-13,1.709693e-09,6.632544e-08,3.541562e-01,2.431918e-13,1.153181e-09,-2.239240e-02,2.395478e-02,-5.962760e-07,3.500482e-15,1.888561e+02,1.989833e+09,2.125327e+02,1.242343e+09,1.717980e+02,1.459590e+09
69,monte carlo,2.156643e-11,3.710771e-01,8.422829e-10,1.073580e-09,5.133135e-13,3.721348e-11,2.147573e-01,1.176051e-09,3.037619e-10,4.489083e-13,3.903144e-11,3.233049e-01,7.097812e-10,1.175372e-09,4.887307e-13,2.280453e-11,2.833547e-01,7.010555e-10,9.001325e-10,5.114213e-13,6.634907e-08,3.131899e-01,1.919116e-13,1.541007e-09,8.059931e-08,4.454210e-01,2.029812e-13,1.119069e-09,6.963660e-08,3.824434e-01,1.496924e-13,1.103060e-09,-1.988621e-02,9.336091e-03,-1.399139e-03,2.681667e-15,1.943389e+02,1.546542e+09,1.659944e+02,1.548258e+09,1.670333e+02,1.906766e+09
70,monte carlo,2.171275e-11,1.990294e-01,1.184220e-09,1.205254e-09,3.852077e-13,3.807003e-11,3.624951e-01,7.598620e-10,4.494311e-10,4.277207e-13,4.021458e-11,3.325488e-01,9.557322e-10,8.280833e-10,4.916682e-13,2.135132e-11,3.746038e-01,7.391428e-10,1.152953e-09,1.803482e-13,6.849299e-08,2.974841e-01,1.609582e-13,1.113437e-09,8.012949e-08,4.164951e-01,1.974706e-13,1.977075e-09,6.949226e-08,3.235642e-01,3.019540e-13,9.767469e-10,1.444936e-02,2.030963e-02,1.852329e-03,1.781903e-15,2.112103e+02,1.801326e+09,1.764880e+02,1.488416e+09,1.970193e+02,1.246398e+09
71,monte carlo,2.253463e-11,2.965224e-01,7.559341e-10,6.110100e-10,3.166911e-13,3.783112e-11,3.537348e-01,7.682652e-10,6.510916e-10,5.046149e-13,3.798216e-11,2.950546e-01,1.063372e-09,7.867992e-10,4.410472e-13,2.304549e-11,3.889578e-01,8.975164e-10,1.078277e-09,2.974482e-13,6.803629e-08,3.802528e-01,2.100144e-13,1.752613e-09,8.234085e-08,5.447879e-01,1.299237e-13,9.628460e-10,6.970371e-08,4.070167e-01,1.707292e-13,1.615202e-09,-2.301732e-02,-9.203614e-03,4.424470e-03,4.742621e-15,1.641349e+02,1.504222e+09,1.386502e+02,1.772568e+09,1.571001e+02,1.866214e+09
72,monte carlo,2.188955e-11,3.664470e-01,1.014660e-09,1.107528e-09,2.092078e-13,3.767281e-11,1.596133e-01,1.088185e-09,1.128898e-09,5.048067e-13,3.946236e-11,1.630165e-01,9.049332e-10,1.275993e-09,3.117418e-13,2.252909e-11,1.053247e-01,1.124722e-09,5.752206e-10,4.532994e-13,6.930496e-08,3.116560e-01,1.708751e-13,1.265757e-09,8.372124e-08,4.043039e-01,1.575503e-13,1.405612e-09,6.605594e-08,3.366449e-01,1.349763e-13,1.003864e-09,2.695693e-02,2.135034e-02,-3.991631e-03,4.526079e-15,2.039959e+02,1.853793e+09,1.899593e+02,1.558505e+09,1.800000e+02,2.014217e+09
73,monte carlo,2.147693e-11,2.763220e-01,9.953537e-10,8.605485e-10,2.584601e-13,3.970458e-11,1.325960e-01,9.288782e-10,1.205432e-09,5.192665e-13,3.917168e-11,1.932523e-01,1.060804e-09,1.183235e-09,2.168478e-13,2.107130e-11,1.167174e-01,1.009094e-09,1.227383e-09,3.098492e-13,6.961267e-08,4.177927e-01,1.519739e-13,1.386641e-09,8.188509e-08,3.797237e-01,2.241863e-13,1.394241e-09,6.609485e-08,3.269219e-01,2.285624e-13,5.574686e-10,8.669116e-03,-2.940049e-02,5.130192e-03,1.661573e-15,1.528481e+02,1.817485e+09,1.978198e+02,1.251689e+09,1.854626e+02,1.376555e+09
74,monte carlo,2.106002e-11,3.547343e-01,6.185241e-10,8.544321e-10,3.099711e-13,4.079038e-11,3.026738e-01,1.004259e-09,9.708652e-10,2.879074e-13,4.057398e-11,1.642220e-01,9.738600e-10,3.888189e-10,2.728221e-13,2.237223e-11,2.424956e-01,9.814706e-10,1.197007e-09,3.834572e-13,6.675282e-08,4.137836e-01,2.751628e-13,1.914633e-09,8.302921e-08,5.338615e-01,1.635000e-13,1.176392e-09,6.852964e-08,4.034511e-01,1.856339e-13,1.910383e-09,-1.995284e-02,-1.308781e-02,-2.744610e-04,1.483156e-15,1.479889e+02,1.322770e+09,1.426708e+02,1.833728e+09,1.558189e+02,1.844900e+09
75,monte carlo,2.278067e-11,2.937310e-01,7.447962e-10,3.923817e-10,3.091514e-13,3.811413e-11,2.268323e-01,7.598512e-10,8.031749e-10,4.822733e-13,3.940230e-11,2.510514e-01,6.787729e-10,6.554322e-10,3.557888e-13,2.284609e-11,3.980831e-01,9.380309e-10,6.760340e-10,4.839358e-13,6.624489e-08,2.832710e-01,2.764173e-13,6.977559e-10,8.137807e-08,4.909550e-01,2.306613e-13,1.491762e-09,6.815095e-08,3.521132e-01,2.166117e-13,1.487915e-09,1.921401e-02,2.336846e-02,5.764517e-03,3.614742e-15,2.145275e+02,1.263320e+09,1.520542e+02,1.265095e+09,1.775507e+02,1.486893e+09
76,monte carlo,2.287550e-11,3.335730e-01,9.652710e-10,4.794768e-10,3.379994e-13,4.086977e-11,1.447097e-01,7.948293e-10,5.309595e-10,4.736024e-13,3.786493e-11,1.120402e-01,8.960915e-10,1.236206e-09,4.059396e-13,2.169914e-11,2.028995e-01,6.538453e-10,3.921101e-10,4.054489e-13,6.647568e-08,3.657999e-01,1.979938e-13,9.637565e-10,8.347921e-08,3.834218e-01,1.946744e-13,1.443419e-09,6.632433e-08,3.181954e-01,1.888580e-13,9.893975e-10,-7.937572e-03,-1.991186e-02,-4.129869e-03,3.774759e-15,1.667063e+02,1.545058e+09,1.997259e+02,1.416838e+09,1.912105e+02,1.522168e+09
77,monte carlo,2.124300e-11,1.602739e-01,9.927592e-10,3.513178e-10,4.273604e-13,4.031877e-11,2.036557e-01,9.443936e-10,3.287911e-10,4.827322e-13,3.945481e-11,1.777854e-01,6.648608e-10,7.459978e-10,2.974156e-13,2.212901e-11,3.408315e-01,9.131734e-10,5.822879e-10,2.302468e-13,6.628632e-08,3.342402e-01,2.049100e-13,5.492693e-10,8.238879e-08,3.693118e-01,3.078350e-13,1.408625e-09,6.953163e-08,3.267263e-01,1.572562e-13,5.445639e-10,1.586725e-02,1.139174e-02,-4.104246e-03,2.555019e-15,1.819273e+02,1.477679e+09,2.046481e+02,1.096495e+09,1.952230e+02,2.019867e+09
78,monte carlo,2.155820e-11,3.877881e-01,7.059372e-10,5.484322e-10,4.992792e-13,3.710585e-11,3.982911e-01,1.060697e-09,3.648888e-10,4.975155e-13,3.961840e-11,2.433258e-01,8.707847e-10,5.725414e-10,3.567663e-13,2.306405e-11,3.082199e-01,8.892732e-10,1.078873e-09,3.691381e-13,6.749001e-08,3.520699e-01,2.754371e-13,9.888514e-10,8.011424e-08,5.256583e-01,2.023776e-13,1.733154e-09,6.999969e-08,4.709497e-01,1.921305e-13,9.307906e-10,-1.244138e-02,2.774808e-03,7.787905e-04,1.742742e-15,1.758504e+02,1.259410e+09,1.398102e+02,1.344913e+09,1.363497e+02,1.674594e+09
79,monte carlo,2.284084e-11,3.420288e-01,8.717336e-10,3.007950e-10,2.207321e-13,3.741348e-11,1.369620e-01,6.201899e-10,7.771826e-10,4.778499e-13,3.925894e-11,2.510509e-01,9.596593e-10,4.455358e-10,4.396924e-13,2.168739e-11,3.164630e-01,6.420181e-10,6.042738e-10,3.129502e-13,6.692536e-08,3.168628e-01,1.941800e-13,1.066837e-09,8.150335e-08,3.911570e-01,1.573831e-13,1.649051e-09,6.992054e-08,4.309890e-01,1.536215e-13,1.595412e-09,4.003886e-03,2.605967e-02,4.495347e-03,1.923782e-15,1.937547e+02,1.618782e+09,1.911424e+02,1.526507e+09,1.488234e+02,1.674470e+09
80,monte carlo,2.143662e-11,2.933861e-01,6.479051e-10,4.677586e-10,3.705952e-13,4.075910e-11,1.730504e-01,6.286976e-10,1.110248e-09,4.306678e-13,3.995207e-11,3.381698e-01,6.873720e-10,9.075978e-10,1.831343e-13,2.238527e-11,2.799795e-01,1.079997e-09,1.018281e-09,3.965249e-13,6.916802e-08,4.035247e-01,1.937885e-13,9.122042e-10,8.098826e-08,4.202618e-01,1.962605e-13,1.034779e-09,6.882707e-08,3.313028e-01,1.555043e-13,8.192504e-10,2.719172e-02,-2.102021e-02,4.263383e-03,3.307709e-15,1.572418e+02,1.559954e+09,1.767807e+02,1.619829e+09,1.905754e+02,1.830188e+09
81,monte carlo,2.102106e-11,3.968408e-01,6.615145e-10,1.179654e-09,3.784573e-13,4.063596e-11,1.290257e-01,9.026642e-10,7.941826e-10,3.839980e-13,3.750824e-11,1.797165e-01,8.576092e-10,4.054540e-10,4.887888e-13,2.286873e-11,1.867166e-01,7.325416e-10,1.110519e-09,3.546895e-13,6.648649e-08,3.372110e-01,3.106927e-13,1.644013e-09,8.098112e-08,4.564405e-01,2.806153e-13,1.188095e-09,6.979903e-08,4.308824e-01,1.843579e-13,1.675838e-09,-1.125492e-02,-1.884070e-02,4.115418e-03,3.117986e-15,1.808691e+02,1.266260e+09,1.627542e+02,1.204542e+09,1.486015e+02,1.551212e+09
82,monte carlo,2.249846e-11,2.252529e-01,1.108596e-09,3.747189e-10,3.452725e-13,4.025664e-11,2.222325e-01,8.952030e-10,4.199912e-10,4.233733e-13,3.783502e-11,2.042396e-01,9.689984e-10,4.765713e-10,5.235785e-13,2.228922e-11,1.579987e-01,1.155842e-09,7.878241e-10,3.786433e-13,6.844853e-08,2.915758e-01,2.060163e-13,7.777881e-10,8.211059e-08,4.294812e-01,1.271151e-13,9.321276e-10,6.958470e-08,4.860899e-01,2.269870e-13,7.727484e-10,-1.575086e-02,2.944078e-02,4.153221e-03,1.796944e-15,2.153502e+02,1.629910e+09,1.753831e+02,1.784341e+09,1.313197e+02,1.502879e+09
83,monte carlo,2.298144e-11,3.850332e-01,8.869436e-10,6.238663e-10,4.120103e-13,4.022286e-11,2.816925e-01,8.464954e-10,3.671549e-10,4.094457e-13,3.782181e-11,3.705656e-01,9.356690e-10,7.969217e-10,3.103218e-13,2.205233e-11,1.829860e-01,7.434496e-10,4.620800e-10,5.290449e-13,6.685123e-08,2.946179e-01,2.192936e-13,1.722777e-09,8.428587e-08,4.731904e-01,2.304764e-13,1.467847e-09,6.616628e-08,3.184103e-01,2.571467e-13,1.427885e-09,-2.039951e-02,6.433414e-04,-1.430583e-03,2.196525e-15,2.081532e+02,1.627098e+09,1.633998e+02,1.266770e+09,1.906261e+02,1.386363e+09
84,monte carlo,2.236864e-11,1.288027e-01,1.122816e-09,4.053059e-10,5.090068e-13,3.975333e-11,3.935435e-01,9.284171e-10,5.196047e-10,5.126359e-13,3.770477e-11,1.727531e-01,6.539429e-10,1.232315e-09,3.224160e-13,2.204302e-11,1.142920e-01,6.630371e-10,7.480612e-10,1.767423e-13,6.746353e-08,2.894161e-01,1.739833e-13,1.734287e-09,8.315521e-08,3.441441e-01,2.468094e-13,1.589460e-09,6.720038e-08,3.957561e-01,2.674173e-13,1.131778e-09,2.379836e-02,2.485455e-02,1.592183e-03,3.958640e-15,2.138351e+02,1.773526e+09,2.216572e+02,1.199017e+09,1.557675e+02,1.281788e+09
85,monte carlo,2.105681e-11,1.969190e-01,9.076107e-10,3.561578e-10,5.108326e-13,3.725646e-11,1.357583e-01,8.656927e-10,3.240332e-10,5.170862e-13,3.954053e-11,3.601211e-01,8.810653e-10,7.808710e-10,4.413264e-13,2.309711e-11,3.581754e-01,8.968576e-10,3.719939e-10,4.901626e-13,6.687359e-08,3.209267e-01,2.130218e-13,7.459488e-10,7.980437e-08,3.402172e-01,2.057471e-13,1.262885e-09,6.788552e-08,2.955921e-01,2.309820e-13,1.579690e-09,-7.963246e-03,3.107185e-03,3.272208e-03,1.660569e-15,1.911532e+02,1.495767e+09,2.151806e+02,1.478648e+09,2.106769e+02,1.457435e+09
86,monte carlo,2.280395e-11,2.891852e-01,8.843232e-10,3.805498e-10,4.235292e-13,3.915991e-11,2.382414e-01,1.095035e-09,8.929386e-10,3.885358e-13,3.908097e-11,2.912150e-01,7.170166e-10,8.444071e-10,4.970553e-13,2.285070e-11,2.572866e-01,9.114284e-10,1.209796e-09,1.888973e-13,6.717761e-08,3.753446e-01,1.612590e-13,7.166334e-10,8.146694e-08,4.960280e-01,2.381173e-13,1.686739e-09,6.668460e-08,3.688564e-01,1.433787e-13,1.174650e-09,-2.225108e-02,7.701669e-04,1.432021e-03,4.235157e-15,1.641826e+02,1.874992e+09,1.506635e+02,1.199409e+09,1.658444e+02,2.026006e+09
87,monte carlo,2.232091e-11,1.472938e-01,1.164646e-09,8.342566e-10,2.209670e-13,3.999306e-11,2.380297e-01,6.699699e-10,8.653081e-10,4.523565e-13,4.021853e-11,3.849626e-01,1.142387e-09,1.162017e-09,2.930824e-13,2.122234e-11,3.800677e-01,6.950126e-10,2.814851e-10,3.276986e-13,6.913412e-08,4.241571e-01,1.654791e-13,7.544276e-10,8.035699e-08,5.424430e-01,2.451006e-13,1.909505e-09,6.925602e-08,3.468989e-01,2.045670e-13,1.802455e-09,1.678455e-02,2.820130e-02,5.807701e-03,1.400036e-15,1.495197e+02,1.942460e+09,1.358946e+02,1.252448e+09,1.831417e+02,1.566722e+09
88,monte carlo,2.224829e-11,1.602122e-01,1.003818e-09,8.867047e-10,1.694849e-13,4.042345e-11,3.320888e-01,6.224013e-10,1.278712e-09,3.827085e-13,3.937328e-11,3.420112e-01,1.160344e-09,6.518693e-10,2.225692e-13,2.178562e-11,1.205294e-01,7.498385e-10,8.397252e-10,3.615231e-13,6.923255e-08,3.274272e-01,1.976458e-13,1.262024e-09,8.266110e-08,3.730798e-01,2.461008e-13,1.934391e-09,6.999361e-08,3.725413e-01,1.496351e-13,9.572578e-10,-1.985519e-02,-2.121622e-02,-4.633746e-03,2.110200e-15,1.939672e+02,1.457865e+09,2.032508e+02,1.299538e+09,1.723521e+02,1.728099e+09
89,monte carlo,2.275078e-11,2.082669e-01,1.032064e-09,1.102438e-09,4.053344e-13,3.748662e-11,2.838936e-01,8.458914e-10,1.151038e-09,4.240456e-13,3.743462e-11,2.390125e-01,1.060335e-09,6.544448e-10,2.792653e-13,2.229207e-11,2.487632e-01,9.269773e-10,6.367479e-10,3.203521e-13,6.714440e-08,3.512261e-01,1.738988e-13,1.996074e-09,7.982064e-08,3.480898e-01,3.285901e-13,1.609858e-09,6.686347e-08,2.840360e-01,2.530506e-13,1.048479e-09,-8.421715e-03,-1.839790e-02,1.287100e-03,3.658473e-15,1.753702e+02,1.810803e+09,2.103569e+02,1.108307e+09,2.159475e+02,1.367587e+09
90,monte carlo,2.219572e-11,2.754965e-01,7.537159e-10,5.974857e-10,4.813491e-13,3.915903e-11,3.714406e-01,6.686205e-10,1.034501e-09,2.059301e-13,4.037836e-11,1.759785e-01,9.824139e-10,1.013133e-09,5.252588e-13,2.216898e-11,3.066600e-01,1.084882e-09,2.905289e-10,4.935176e-13,6.624678e-08,3.585726e-01,2.111037e-13,1.818452e-09,8.158024e-08,3.852841e-01,3.130056e-13,6.281001e-10,6.990361e-08,3.498397e-01,1.415966e-13,1.816662e-09,1.663051e-02,6.835605e-03,-4.894187e-03,1.026369e-15,1.694808e+02,1.540432e+09,1.942391e+02,1.076213e+09,1.833004e+02,1.880027e+09
91,monte carlo,2.264881e-11,2.213313e-01,7.628021e-10,9.298260e-10,3.747237e-13,3.936875e-11,3.802553e-01,6.260267e-10,8.933007e-10,5.122396e-13,3.962560e-11,1.703302e-01,6.351595e-10,8.613307e-10,3.254312e-13,2.291454e-11,3.143547e-01,9.451957e-10,6.419303e-10,4.809416e-13,6.997304e-08,3.085910e-01,1.781452e-13,1.308155e-09,8.207950e-08,4.331408e-01,2.034181e-13,1.738316e-09,6.842896e-08,3.199168e-01,1.390026e-13,6.625557e-10,2.906209e-02,7.743329e-03,-1.535498e-03,4.078840e-15,2.080081e+02,1.623773e+09,1.738354e+02,1.541530e+09,1.962165e+02,1.897460e+09
92,monte carlo,2.109033e-11,2.888894e-01,6.245245e-10,3.808201e-10,4.949179e-13,3.843128e-11,3.399191e-01,9.131260e-10,3.559397e-10,4.098938e-13,3.788268e-11,2.148751e-01,7.884840e-10,1.084782e-09,2.738869e-13,2.249186e-11,3.237659e-01,6.438499e-10,1.264200e-09,3.978109e-13,6.673915e-08,3.375449e-01,2.266269e-13,1.145236e-09,8.278858e-08,5.006902e-01,1.526204e-13,1.057485e-09,6.777910e-08,3.686634e-01,1.616431e-13,1.015723e-09,-2.608615e-02,1.773863e-03,-1.455052e-03,3.674539e-15,1.813769e+02,1.404025e+09,1.516820e+02,1.551553e+09,1.686547e+02,1.899547e+09
93,monte carlo,2.109111e-11,3.189335e-01,8.392603e-10,8.838750e-10,4.508782e-13,3.965384e-11,3.495692e-01,9.076386e-10,4.961407e-10,2.007374e-13,3.910596e-11,3.692249e-01,1.185397e-09,5.712028e-10,3.096187e-13,2.290402e-11,2.405514e-01,1.000605e-09,8.894326e-10,5.016184e-13,6.654775e-08,3.550887e-01,2.083248e-13,9.817926e-10,8.189374e-08,3.391745e-01,2.068166e-13,5.751128e-10,6.906433e-08,3.521283e-01,1.453269e-13,1.347587e-09,-7.354315e-03,-2.295495e-02,-8.528707e-04,3.505158e-15,1.719211e+02,1.447919e+09,2.214931e+02,1.480253e+09,1.799225e+02,1.833393e+09
94,monte carlo,2.161612e-11,1.145608e-01,6.006596e-10,5.630773e-10,3.815652e-13,3.755142e-11,3.884550e-01,1.137535e-09,6.222455e-10,4.331072e-13,4.068993e-11,2.673714e-01,1.099887e-09,1.026628e-09,5.246960e-13,2.129166e-11,1.772888e-01,7.401760e-10,8.259234e-10,3.386358e-13,6.896609e-08,4.447900e-01,1.558314e-13,7.060939e-10,8.165690e-08,4.982465e-01,1.740092e-13,7.454204e-10,6.737969e-08,4.623442e-01,2.364137e-13,1.616597e-09,-2.081647e-02,-2.746103e-02,3.914686e-03,3.514728e-15,1.422372e+02,2.004501e+09,1.503423e+02,1.561392e+09,1.336892e+02,1.446076e+09
95,monte carlo,2.122909e-11,1.016864e-01,1.095247e-09,3.362895e-10,4.581676e-13,3.972989e-11,3.912354e-01,1.083363e-09,1.038789e-09,4.056172e-13,3.949721e-11,3.272065e-01,1.022027e-09,5.193081e-10,2.814884e-13,2.258565e-11,1.189576e-01,8.734609e-10,1.231073e-09,3.044194e-13,6.607592e-08,4.419777e-01,1.670195e-13,1.962036e-09,8.038023e-08,3.970327e-01,2.918719e-13,7.441508e-10,6.710316e-08,3.061952e-01,2.005176e-13,8.451682e-10,1.143068e-02,1.141583e-03,-3.405379e-03,3.195971e-15,1.371436e+02,1.996917e+09,1.857187e+02,1.215212e+09,2.010376e+02,1.582957e+09
96,monte carlo,2.156329e-11,3.524051e-01,6.476728e-10,1.038199e-09,1.718791e-13,4.075102e-11,1.180525e-01,8.457538e-10,6.629251e-10,2.108843e-13,3.943193e-11,3.854618e-01,9.220326e-10,3.207350e-10,4.218094e-13,2.213304e-11,1.400231e-01,1.061765e-09,1.194478e-09,3.587949e-13,6.722313e-08,3.308930e-01,2.844612e-13,1.990778e-09,8.286189e-08,5.065685e-01,2.808275e-13,1.331164e-09,6.775605e-08,3.928242e-01,1.808115e-13,8.489399e-10,-1.976470e-02,2.732498e-02,4.035416e-03,3.119465e-15,1.863648e+02,1.351532e+09,1.500546e+02,1.233104e+09,1.582277e+02,1.861279e+09
97,monte carlo,2.216747e-11,1.912552e-01,6.870375e-10,7.508782e-10,3.416093e-13,4.043735e-11,3.646092e-01,1.007876e-09,7.359994e-10,2.354127e-13,4.037345e-11,2.505465e-01,8.198204e-10,8.039382e-10,5.129417e-13,2.290692e-11,2.732924e-01,8.002583e-10,5.442191e-10,2.484419e-13,6.743011e-08,3.755307e-01,1.561979e-13,6.842941e-10,8.084447e-08,4.185326e-01,1.412875e-13,1.950856e-09,6.817322e-08,3.158461e-01,1.451420e-13,1.456215e-09,-2.115872e-02,-1.732498e-02,-8.956321e-04,1.525252e-15,1.647180e+02,1.816041e+09,1.771959e+02,1.791673e+09,1.980026e+02,1.872876e+09
98,monte carlo,2.261300e-11,2.739820e-01,9.056331e-10,4.923282e-10,1.860358e-13,4.044946e-11,1.325079e-01,7.069323e-10,1.250026e-09,3.070212e-13,3.800427e-11,1.428049e-01,1.099132e-09,6.869439e-10,4.636098e-13,2.106612e-11,3.813441e-01,7.968470e-10,1.279778e-09,2.192893e-13,6.761728e-08,4.762368e-01,2.100475e-13,6.924358e-10,8.160707e-08,3.628734e-01,2.770663e-13,1.570628e-09,6.933953e-08,3.939463e-01,1.557415e-13,1.689080e-09,2.151222e-02,-1.870922e-02,4.100703e-03,2.806976e-15,1.302469e+02,1.528048e+09,2.063029e+02,1.156436e+09,1.614643e+02,1.959985e+09
99,monte carlo,2.232437e-11,1.749891e-01,7.528449e-10,6.876722e-10,5.222103e-13,3.971428e-11,2.202908e-01,1.172421e-09,7.787620e-10,2.801405e-13,3.740801e-11,3.682737e-01,6.344418e-10,8.341225e-10,2.728772e-13,2.134132e-11,3.459540e-01,7.772410e-10,9.815982e-10,4.178254e-13,6.925881e-08,4.060166e-01,2.713739e-13,1.769393e-09,8.327717e-08,5.151666e-01,1.947977e-13,1.403905e-09,6.914687e-08,3.103778e-01,1.508985e-13,1.915266e-09,2.019623e-03,2.990452e-02,5.325690e-03,4.537065e-15,1.564819e+02,1.297388e+09,1.482897e+02,1.357804e+09,2.043688e+02,1.835512e+09
100,monte carlo,2.266033e-11,3.888779e-01,7.610847e-10,8.028352e-10,2.720645e-13,3.768225e-11,1.376519e-01,6.153429e-10,8.650732e-10,2.699043e-13,3.878642e-11,1.581735e-01,6.330427e-10,9.019675e-10,4.779573e-13,2.150127e-11,2.436683e-01,7.100731e-10,9.910880e-10,3.416784e-13,6.986115e-08,3.984236e-01,1.193080e-13,1.235747e-09,8.088842e-08,4.658707e-01,1.446227e-13,1.536778e-09,6.939142e-08,3.202509e-01,1.597535e-13,1.505932e-09,1.888830e-02,-5.051593e-03,-3.595924e-03,4.957678e-15,1.608509e+02,1.931779e+09,1.592772e+02,1.637979e+09,1.987687e+02,1.811899e+09
101,monte carlo,2.147078e-11,2.163823e-01,1.085153e-09,7.882516e-10,3.429163e-13,3.962406e-11,2.424312e-01,6.207068e-10,1.276603e-09,3.007972e-13,3.833994e-11,2.069613e-01,7.624792e-10,7.173079e-10,1.983855e-13,2.138934e-11,1.214354e-01,6.931803e-10,7.819098e-10,4.834283e-13,6.806786e-08,3.628948e-01,2.363630e-13,1.241392e-09,8.194736e-08,5.080206e-01,1.439894e-13,1.696086e-09,6.748227e-08,3.070802e-01,1.803176e-13,1.204543e-09,-1.984442e-02,-2.008727e-02,-2.251689e-03,1.192138e-15,1.720656e+02,1.395741e+09,1.479743e+02,1.664031e+09,2.015908e+02,1.699255e+09
102,monte carlo,2.256534e-11,3.960279e-01,1.188079e-09,8.394741e-10,3.615474e-13,3.869415e-11,3.124142e-01,7.651911e-10,1.086784e-09,4.899214e-13,3.829986e-11,1.145761e-01,6.965503e-10,1.177468e-09,3.716539e-13,2.114442e-11,1.111794e-01,1.029331e-09,3.578179e-10,4.197910e-13,6.925835e-08,3.112675e-01,1.737757e-13,1.000221e-09,8.008503e-08,4.215195e-01,2.486972e-13,9.400076e-10,6.713351e-08,3.187550e-01,1.996018e-13,1.062769e-09,5.027563e-03,6.304747e-04,5.909709e-04,2.268745e-15,2.041132e+02,1.954169e+09,1.742876e+02,1.348890e+09,1.932036e+02,1.553173e+09
103,monte carlo,2.186944e-11,1.498967e-01,1.065490e-09,5.462396e-10,2.460405e-13,3.861542e-11,3.881321e-01,8.945803e-10,4.308766e-10,4.288065e-13,3.943128e-11,3.522023e-01,9.660734e-10,9.311026e-10,4.260037e-13,2.301026e-11,1.014988e-01,9.709785e-10,8.525444e-10,2.339174e-13,6.937731e-08,3.776474e-01,1.533443e-13,5.562840e-10,8.299447e-08,5.174068e-01,2.572794e-13,1.642708e-09,6.961812e-08,4.130987e-01,2.413153e-13,1.508618e-09,5.142284e-03,4.449594e-03,4.437727e-03,2.771330e-15,1.685247e+02,1.812346e+09,1.471464e+02,1.273205e+09,1.545971e+02,1.331540e+09
104,monte carlo,2.298744e-11,1.905007e-01,7.987412e-10,1.174507e-09,2.630802e-13,4.011503e-11,1.790280e-01,6.761303e-10,5.576617e-10,5.157863e-13,3.942692e-11,2.519159e-01,1.134347e-09,1.017619e-09,3.277175e-13,2.298940e-11,1.338435e-01,1.100695e-09,9.420665e-10,5.154808e-13,6.798134e-08,4.363180e-01,3.138282e-13,1.069356e-09,7.980685e-08,4.222375e-01,2.402844e-13,1.080451e-09,6.846034e-08,3.497077e-01,2.252469e-13,7.776242e-10,-2.363581e-02,1.970183e-03,-2.820009e-03,2.871726e-15,1.429287e+02,1.216705e+09,1.733868e+02,1.283151e+09,1.795836e+02,1.572768e+09
105,monte carlo,2.091662e-11,1.695273e-01,1.118346e-09,2.876602e-10,3.590377e-13,3.881577e-11,3.180377e-01,9.852601e-10,9.901385e-10,4.853167e-13,3.850762e-11,1.166462e-01,8.944625e-10,1.118614e-09,4.770677e-13,2.266221e-11,3.393486e-01,9.438406e-10,3.083427e-10,2.798648e-13,6.859399e-08,2.969866e-01,1.775007e-13,1.342678e-09,8.143490e-08,4.266662e-01,2.620049e-13,1.236189e-09,6.842385e-08,2.901807e-01,2.364285e-13,1.731254e-09,1.133308e-02,-2.313155e-02,2.793469e-03,4.272839e-15,2.118761e+02,1.916954e+09,1.750874e+02,1.269137e+09,2.163076e+02,1.452508e+09
106,monte carlo,2.282812e-11,1.069985e-01,6.895864e-10,1.057181e-09,5.200251e-13,3.783622e-11,1.354963e-01,1.074043e-09,3.156167e-10,3.106754e-13,3.801799e-11,3.917004e-01,7.877523e-10,9.117119e-10,2.678513e-13,2.177041e-11,3.175887e-01,7.646738e-10,1.224190e-09,2.544946e-13,6.728654e-08,2.863613e-01,2.048464e-13,1.940401e-09,8.397568e-08,3.769587e-01,1.901927e-13,1.853304e-09,6.846165e-08,3.510855e-01,2.491688e-13,1.286850e-09,2.261516e-02,2.731734e-02,5.815698e-03,4.578532e-15,2.155493e+02,1.455891e+09,2.043584e+02,1.524118e+09,1.788822e+02,1.286213e+09
107,monte carlo,2.191280e-11,3.726598e-01,6.082484e-10,9.618926e-10,3.561020e-13,3.882679e-11,2.165285e-01,6.225499e-10,5.995758e-10,5.279488e-13,3.975456e-11,3.165362e-01,6.954598e-10,1.199536e-09,5.165417e-13,2.184067e-11,2.281905e-01,1.138466e-09,8.280401e-10,2.244702e-13,6.658846e-08,3.369231e-01,1.243388e-13,5.868680e-10,8.252802e-08,4.113808e-01,1.239758e-13,1.285610e-09,6.880807e-08,3.662157e-01,1.790276e-13,1.444747e-09,2.915381e-02,1.154373e-02,-2.558914e-03,2.612130e-15,1.813013e+02,1.910810e+09,1.840307e+02,1.729281e+09,1.723595e+02,1.877085e+09
108,monte carlo,2.187474e-11,1.305341e-01,7.468920e-10,6.641919e-10,4.211733e-13,3.836476e-11,1.047292e-01,6.253729e-10,9.636894e-10,2.510787e-13,3.932316e-11,3.768616e-01,8.701377e-10,8.317851e-10,2.289252e-13,2.214880e-11,3.484896e-01,6.727568e-10,5.558338e-10,4.570977e-13,6.823146e-08,3.960996e-01,2.882165e-13,1.978160e-09,8.426404e-08,4.087241e-01,1.313137e-13,1.735880e-09,6.697232e-08,2.999016e-01,1.453994e-13,1.737719e-09,2.158410e-02,-9.327817e-03,-4.091162e-03,1.123923e-15,1.580203e+02,1.242716e+09,1.891232e+02,1.728346e+09,2.048563e+02,1.851833e+09
109,monte carlo,2.166969e-11,2.581042e-01,7.813538e-10,7.284951e-10,1.955507e-13,3.769268e-11,1.327737e-01,6.570834e-10,5.082921e-10,4.739256e-13,4.041790e-11,2.361641e-01,9.829565e-10,8.754936e-10,3.616058e-13,2.186164e-11,2.073417e-01,6.780141e-10,4.395107e-10,1.978142e-13,6.600280e-08,3.689207e-01,1.992204e-13,1.563232e-09,8.188938e-08,4.063544e-01,1.416595e-13,1.726190e-09,6.933063e-08,3.809392e-01,1.806827e-13,1.851615e-09,-2.656090e-02,1.270367e-02,2.308551e-03,9.818179e-16,1.641202e+02,1.714071e+09,1.848653e+02,1.631519e+09,1.669561e+02,1.677792e+09
110,monte carlo,2.270498e-11,3.354659e-01,1.176750e-09,4.503188e-10,5.049476e-13,4.085061e-11,1.238216e-01,9.661138e-10,1.298838e-09,2.053718e-13,3.833969e-11,1.070441e-01,7.863987e-10,9.007226e-10,2.675798e-13,2.160564e-11,2.699015e-01,1.003584e-09,6.847508e-10,3.476217e-13,6.904787e-08,3.109895e-01,1.723644e-13,1.722694e-09,8.050056e-08,4.112736e-01,2.956744e-13,1.358327e-09,6.908158e-08,3.002176e-01,3.084878e-13,1.888322e-09,4.649831e-03,-8.611785e-03,2.488600e-03,3.789256e-15,2.036748e+02,1.654040e+09,1.795563e+02,1.141617e+09,2.110857e+02,1.234319e+09
111,monte carlo,2.133881e-11,1.232753e-01,7.780987e-10,4.135072e-10,1.945495e-13,4.038243e-11,2.957731e-01,6.706758e-10,1.256508e-09,3.093970e-13,3.962111e-11,2.116474e-01,1.139692e-09,3.758871e-10,2.034146e-13,2.204617e-11,1.275892e-01,1.129514e-09,5.485868e-10,4.182101e-13,6.785993e-08,4.293573e-01,1.894723e-13,7.522141e-10,8.355579e-08,5.119170e-01,2.026522e-13,1.574942e-09,6.788100e-08,4.012978e-01,1.791117e-13,1.763745e-09,-1.151857e-03,1.913665e-02,5.365681e-03,4.824417e-15,1.449864e+02,1.845296e+09,1.497303e+02,1.326229e+09,1.551723e+02,1.860971e+09
112,monte carlo,2.247959e-11,1.973595e-01,7.224803e-10,1.167158e-09,4.267964e-13,3.812328e-11,2.567729e-01,7.390225e-10,1.077522e-09,2.278441e-13,3.921286e-11,2.389956e-01,7.663267e-10,5.923071e-10,3.736041e-13,2.232637e-11,3.380386e-01,1.032710e-09,2.724187e-10,3.897907e-13,6.940230e-08,3.037674e-01,1.737177e-13,1.753672e-09,8.177588e-08,4.806254e-01,1.452522e-13,9.033889e-10,6.775310e-08,3.917772e-01,2.366164e-13,1.209561e-09,6.046314e-04,2.153043e-02,-7.973247e-04,2.838079e-15,2.095875e+02,1.876391e+09,1.560814e+02,1.829775e+09,1.586437e+02,1.486871e+09
113,monte carlo,2.219738e-11,1.027772e-01,8.851455e-10,9.435570e-10,1.972525e-13,3.953030e-11,2.425529e-01,8.403306e-10,9.746496e-10,2.359134e-13,3.936061e-11,3.829640e-01,7.441792e-10,1.088449e-09,2.564127e-13,2.099440e-11,2.997074e-01,8.786843e-10,9.261545e-10,3.481915e-13,6.841798e-08,2.960581e-01,1.654230e-13,1.231986e-09,7.969186e-08,4.563741e-01,3.109327e-13,7.314233e-10,6.665191e-08,3.045904e-01,2.351374e-13,1.034843e-09,-8.380890e-03,2.694934e-02,5.517528e-04,3.374380e-15,2.119952e+02,1.752014e+09,1.601864e+02,1.082329e+09,2.007378e+02,1.529494e+09
114,monte carlo,2.153010e-11,2.605125e-01,1.091622e-09,5.203191e-10,4.083992e-13,3.997154e-11,3.680619e-01,1.033716e-09,5.591425e-10,4.729153e-13,3.951876e-11,1.278865e-01,1.169359e-09,4.246703e-10,4.068448e-13,2.298273e-11,3.099533e-01,7.368601e-10,3.261513e-10,2.800577e-13,6.759127e-08,3.269411e-01,2.863273e-13,1.819127e-09,8.108563e-08,5.117064e-01,2.537065e-13,1.540418e-09,6.928852e-08,3.760747e-01,1.909000e-13,1.897878e-09,-2.760502e-03,8.934647e-04,2.127933e-03,1.617343e-15,1.896504e+02,1.274324e+09,1.453636e+02,1.274452e+09,1.690129e+02,1.575697e+09
115,monte carlo,2.168077e-11,2.935687e-01,6.947513e-10,8.718352e-10,5.033172e-13,4.005332e-11,1.438723e-01,1.151846e-09,1.120708e-09,2.823115e-13,3.837002e-11,1.893912e-01,1.176796e-09,4.458217e-10,2.349107e-13,2.254248e-11,1.408766e-01,8.434136e-10,5.981844e-10,4.515542e-13,6.759571e-08,3.652512e-01,1.962664e-13,1.862749e-09,8.063201e-08,3.441255e-01,3.140783e-13,1.801182e-09,6.685286e-08,3.718247e-01,2.883793e-13,1.934072e-09,2.359758e-02,-1.263894e-02,4.912888e-03,4.816612e-15,1.697697e+02,1.548131e+09,2.149430e+02,1.095235e+09,1.649356e+02,1.327544e+09
116,monte carlo,2.101277e-11,1.505735e-01,7.992442e-10,1.270865e-09,2.015811e-13,3.917880e-11,1.181487e-01,6.634146e-10,4.216195e-10,2.577494e-13,3.810901e-11,3.666044e-01,9.393816e-10,9.284111e-10,4.994702e-13,2.228459e-11,2.221465e-01,9.368599e-10,8.692782e-10,4.031758e-13,7.000028e-08,3.993566e-01,2.000623e-13,1.527161e-09,8.401684e-08,4.149676e-01,1.563804e-13,8.446155e-10,6.746844e-08,3.501075e-01,1.939620e-13,1.330553e-09,2.390026e-02,1.743572e-02,-1.980727e-03,1.027243e-15,1.607946e+02,1.440188e+09,1.857312e+02,1.541325e+09,1.767795e+02,1.717041e+09
117,monte carlo,2.149557e-11,1.433168e-01,1.173924e-09,3.520789e-10,2.916806e-13,3.778624e-11,3.173336e-01,6.049333e-10,2.862219e-10,1.817984e-13,4.008605e-11,1.479284e-01,8.554487e-10,4.652298e-10,2.905812e-13,2.207024e-11,3.998509e-01,6.306902e-10,4.344354e-10,5.041350e-13,6.711688e-08,4.533264e-01,3.148888e-13,1.495084e-09,8.271792e-08,4.247393e-01,1.608692e-13,1.042286e-09,6.714108e-08,4.105250e-01,2.917615e-13,1.762458e-09,-1.734061e-02,2.021942e-02,2.151829e-03,3.442681e-15,1.358168e+02,1.260813e+09,1.786528e+02,1.595505e+09,1.500311e+02,1.240971e+09
118,monte carlo,2.169361e-11,1.831943e-01,6.248114e-10,5.629908e-10,2.233339e-13,3.899135e-11,1.185820e-01,1.019168e-09,1.237409e-09,3.921481e-13,3.813758e-11,1.897869e-01,9.725242e-10,1.186070e-09,5.095689e-13,2.101910e-11,1.521418e-01,6.476535e-10,1.094907e-09,4.573180e-13,6.648791e-08,3.353591e-01,1.933111e-13,5.623589e-10,7.994476e-08,3.661405e-01,2.401402e-13,1.956790e-09,6.940946e-08,3.365011e-01,2.344711e-13,1.051533e-09,2.193817e-02,8.415366e-03,-5.549392e-03,4.475078e-15,1.818718e+02,1.645254e+09,2.002972e+02,1.220323e+09,1.892191e+02,1.376389e+09
119,monte carlo,2.285872e-11,3.070878e-01,8.442810e-10,3.105425e-10,3.080535e-13,3.968037e-11,1.665449e-01,7.210036e-10,8.636939e-10,5.107183e-13,3.885594e-11,3.633478e-01,1.100771e-09,6.084448e-10,3.219066e-13,2.268378e-11,2.092948e-01,1.181931e-09,1.044334e-09,3.780021e-13,6.874772e-08,3.272608e-01,2.200442e-13,1.423193e-09,8.037533e-08,3.845298e-01,1.903187e-13,1.915409e-09,6.692166e-08,3.395369e-01,1.513626e-13,1.518538e-09,-1.577696e-02,-1.559983e-02,-2.753401e-03,5.859482e-16,1.927068e+02,1.513652e+09,1.917456e+02,1.586814e+09,1.808058e+02,1.726988e+09
120,monte carlo,2.162704e-11,3.437020e-01,1.199341e-09,5.707588e-10,3.801904e-13,4.016128e-11,1.762043e-01,9.218088e-10,4.643404e-10,3.878989e-13,3.999682e-11,2.166336e-01,1.053978e-09,1.103324e-09,4.704623e-13,2.162404e-11,2.632290e-01,9.391834e-10,5.355774e-10,2.634446e-13,6.848532e-08,2.983745e-01,1.719766e-13,1.972228e-09,7.954940e-08,5.229473e-01,1.852386e-13,1.736229e-09,6.809410e-08,3.942464e-01,1.604679e-13,1.455131e-09,1.769577e-02,-1.172330e-02,5.134915e-03,1.069731e-15,2.105564e+02,1.986803e+09,1.395442e+02,1.724810e+09,1.584435e+02,1.969224e+09
121,monte carlo,2.164739e-11,2.924977e-01,1.121061e-09,8.677562e-10,4.570535e-13,4.042986e-11,3.278877e-01,6.464990e-10,7.290281e-10,4.640902e-13,3.818432e-11,1.251337e-01,1.137432e-09,8.740061e-10,1.969441e-13,2.151270e-11,1.957970e-01,9.859545e-10,8.584608e-10,2.588557e-13,6.869545e-08,2.932709e-01,2.305825e-13,5.522935e-10,8.355225e-08,4.325214e-01,2.353218e-13,1.172665e-09,6.709408e-08,3.973247e-01,2.931207e-13,1.663574e-09,-1.221621e-02,-1.532174e-02,1.064631e-04,3.980440e-15,2.148779e+02,1.435871e+09,1.772080e+02,1.354133e+09,1.549071e+02,1.301924e+09
122,monte carlo,2.167639e-11,3.640327e-01,1.196910e-09,1.165514e-09,2.614803e-13,3.957731e-11,2.510094e-01,9.858934e-10,7.250626e-10,2.429710e-13,3.938831e-11,1.361566e-01,1.165879e-09,9.638146e-10,4.093291e-13,2.289529e-11,3.457187e-01,8.400142e-10,6.429690e-10,3.812777e-13,6.821357e-08,3.220360e-01,2.783468e-13,8.859719e-10,8.081037e-08,5.168909e-01,2.944317e-13,1.871974e-09,6.806690e-08,3.753238e-01,1.762605e-13,5.411501e-10,-2.814431e-02,-2.095861e-02,1.616239e-03,1.826246e-15,1.943118e+02,1.239215e+09,1.434171e+02,1.070753e+09,1.663652e+02,1.834154e+09
123,monte carlo,2.110480e-11,1.039066e-01,7.343533e-10,4.948511e-10,2.507440e-13,3.773227e-11,3.104348e-01,1.125543e-09,6.479514e-10,2.990580e-13,3.861501e-11,1.922952e-01,1.161124e-09,1.270744e-09,2.381014e-13,2.275077e-11,3.897081e-01,6.824419e-10,7.649985e-10,4.980980e-13,6.963529e-08,3.974800e-01,1.507174e-13,1.799885e-09,8.063325e-08,4.020852e-01,2.337979e-13,1.829439e-09,6.615880e-08,2.998705e-01,3.073616e-13,1.837395e-09,1.444284e-02,-1.858785e-02,3.341197e-05,5.500661e-16,1.607115e+02,1.874773e+09,1.839623e+02,1.391164e+09,2.023888e+02,1.251051e+09
124,monte carlo,2.212021e-11,2.799199e-01,1.003339e-09,1.091967e-09,3.561630e-13,3.988303e-11,2.576462e-01,1.025940e-09,1.029116e-09,2.260125e-13,3.836654e-11,1.121595e-01,7.608220e-10,7.775597e-10,4.328683e-13,2.193230e-11,2.271351e-01,1.193505e-09,6.501098e-10,3.512241e-13,6.878063e-08,3.184561e-01,1.743539e-13,1.175235e-09,7.957593e-08,4.541429e-01,1.512907e-13,9.564561e-10,6.641472e-08,4.435577e-01,2.720254e-13,8.278782e-10,-3.319051e-03,-1.375231e-02,2.968016e-03,2.277668e-15,1.981295e+02,1.585854e+09,1.607393e+02,1.641815e+09,1.373558e+02,1.344525e+09
125,monte carlo,2.161497e-11,3.817638e-01,7.631602e-10,3.322724e-10,2.000683e-13,3.824442e-11,3.067881e-01,1.008933e-09,3.134162e-10,5.267637e-13,3.958065e-11,3.037722e-01,9.900617e-10,1.164316e-09,4.721866e-13,2.195013e-11,1.280099e-01,8.732405e-10,1.109048e-09,3.282196e-13,6.870148e-08,3.522106e-01,2.757748e-13,1.114152e-09,8.186697e-08,4.201677e-01,1.609215e-13,1.046087e-09,6.687510e-08,2.931432e-01,3.085666e-13,1.691916e-09,-5.750583e-04,2.710592e-03,5.895660e-03,4.805103e-15,1.789355e+02,1.305308e+09,1.787388e+02,1.804270e+09,2.092750e+02,1.262827e+09
126,monte carlo,2.244306e-11,2.031555e-01,8.834731e-10,1.179237e-09,3.001415e-13,3.901903e-11,1.577872e-01,8.525798e-10,8.214129e-10,4.644148e-13,3.850714e-11,3.019729e-01,1.194956e-09,9.351925e-10,3.883087e-13,2.162688e-11,1.442184e-01,9.540846e-10,5.410735e-10,4.941993e-13,6.647850e-08,3.578828e-01,2.013028e-13,7.316279e-10,7.975452e-08,3.675038e-01,1.691382e-13,1.792729e-09,6.625113e-08,4.179197e-01,1.767123e-13,1.422984e-09,1.029744e-03,-2.541568e-02,-1.761154e-03,1.438748e-15,1.704014e+02,1.716956e+09,1.990794e+02,1.793241e+09,1.454230e+02,1.733285e+09
127,monte carlo,2.191719e-11,3.076635e-01,1.026664e-09,8.014857e-10,4.232332e-13,3.866270e-11,3.392875e-01,8.485337e-10,6.047693e-10,4.780024e-13,3.759152e-11,1.654411e-01,1.063212e-09,5.546686e-10,4.854847e-13,2.161322e-11,1.931606e-01,1.062718e-09,7.978897e-10,5.045888e-13,6.692348e-08,3.150915e-01,1.222533e-13,1.433599e-09,8.343666e-08,3.987883e-01,1.740708e-13,9.848155e-10,6.967486e-08,4.221219e-01,1.921823e-13,1.997942e-09,2.888093e-02,-1.315122e-02,3.468591e-03,6.193035e-16,1.948384e+02,2.016655e+09,1.919319e+02,1.598640e+09,1.514157e+02,1.599659e+09
128,monte carlo,2.218760e-11,3.651782e-01,7.114581e-10,6.680742e-10,3.738686e-13,4.058196e-11,3.765875e-01,9.540017e-10,4.212307e-10,3.669647e-13,3.800372e-11,3.262077e-01,1.056246e-09,2.908530e-10,4.337252e-13,2.293306e-11,2.147726e-01,6.140465e-10,3.687019e-10,3.933114e-13,6.623419e-08,4.320843e-01,2.303069e-13,8.784010e-10,8.324695e-08,3.830705e-01,2.596949e-13,1.037789e-09,6.797394e-08,3.697340e-01,1.632130e-13,1.355952e-09,-2.594141e-02,-5.092193e-03,-2.193396e-03,1.052344e-15,1.406198e+02,1.527128e+09,1.993528e+02,1.181221e+09,1.686498e+02,1.818470e+09
129,monte carlo,2.102625e-11,3.845941e-01,1.070719e-09,4.228438e-10,1.850441e-13,4.050612e-11,3.348622e-01,8.831932e-10,8.409098e-10,4.880576e-13,3.991210e-11,1.244015e-01,7.224097e-10,7.840157e-10,2.099403e-13,2.252675e-11,1.539064e-01,7.903266e-10,1.118044e-09,1.831963e-13,6.859089e-08,4.191773e-01,1.421818e-13,1.689851e-09,8.341396e-08,5.129691e-01,2.183775e-13,1.736675e-09,6.971652e-08,3.946006e-01,1.975947e-13,1.860825e-09,-2.474623e-02,-2.417067e-02,-4.526365e-03,4.594360e-15,1.501071e+02,2.032154e+09,1.491696e+02,1.480625e+09,1.620730e+02,1.434029e+09
130,monte carlo,2.135229e-11,2.818848e-01,8.958983e-10,5.261078e-10,2.643703e-13,3.888998e-11,2.620095e-01,1.140963e-09,1.075343e-09,3.103639e-13,3.957589e-11,3.247580e-01,1.008025e-09,1.222361e-09,5.059024e-13,2.103535e-11,3.222521e-01,9.495234e-10,5.801641e-10,4.275179e-13,6.939413e-08,3.054466e-01,1.523259e-13,9.554639e-10,8.146773e-08,5.247129e-01,2.523005e-13,5.112864e-10,6.918134e-08,3.662295e-01,2.737888e-13,1.961898e-09,-6.882793e-03,1.138694e-02,1.604053e-03,3.029432e-15,2.084108e+02,1.990413e+09,1.424284e+02,1.283974e+09,1.732879e+02,1.306727e+09
131,monte carlo,2.288364e-11,3.043331e-01,1.162226e-09,6.279795e-10,2.946274e-13,3.987343e-11,3.301298e-01,1.059772e-09,4.063325e-10,4.894733e-13,3.716620e-11,2.040262e-01,1.152036e-09,4.048873e-10,4.953322e-13,2.116887e-11,2.155136e-01,1.094504e-09,9.162111e-10,5.010780e-13,6.953267e-08,3.404707e-01,1.203106e-13,1.834086e-09,8.368175e-08,3.578395e-01,1.424830e-13,5.911431e-10,6.894120e-08,3.704240e-01,1.639313e-13,1.869215e-09,-1.192811e-02,2.780191e-02,-2.363120e-03,6.993384e-16,1.873449e+02,2.026607e+09,2.145237e+02,1.617679e+09,1.707310e+02,1.885188e+09
132,monte carlo,2.212889e-11,1.544176e-01,8.001187e-10,3.147561e-10,1.719812e-13,3.983142e-11,2.535654e-01,6.314519e-10,9.934483e-10,5.086624e-13,4.000813e-11,1.160417e-01,8.346265e-10,1.199989e-09,5.276298e-13,2.134687e-11,1.935597e-01,6.480051e-10,1.064965e-09,5.223765e-13,6.603028e-08,3.733407e-01,1.622864e-13,1.575437e-09,8.318047e-08,5.640849e-01,1.783160e-13,1.158217e-09,6.732045e-08,4.283569e-01,1.581771e-13,1.363341e-09,3.559495e-03,-8.085946e-03,-1.135470e-03,4.707705e-15,1.622447e+02,1.893162e+09,1.352725e+02,1.462104e+09,1.441697e+02,1.966735e+09
133,monte carlo,2.159062e-11,3.552148e-01,1.156976e-09,9.718566e-10,2.428895e-13,4.070521e-11,3.507831e-01,7.839270e-10,1.004915e-09,3.035099e-13,4.025176e-11,1.545711e-01,9.046108e-10,3.224943e-10,5.233065e-13,2.125795e-11,3.254726e-01,1.015574e-09,6.551364e-10,4.260874e-13,6.944873e-08,4.243299e-01,2.934959e-13,1.164308e-09,8.010060e-08,3.892328e-01,1.353197e-13,1.378578e-09,6.814600e-08,3.127761e-01,1.798421e-13,1.163442e-09,6.083361e-03,-8.022066e-03,-9.088506e-04,2.025915e-15,1.501390e+02,1.269306e+09,1.887814e+02,1.684634e+09,1.998663e+02,1.749597e+09
134,monte carlo,2.177516e-11,3.535695e-01,1.169301e-09,2.741808e-10,3.502822e-13,4.057772e-11,1.631797e-01,6.171029e-10,9.872071e-10,5.283322e-13,3.976987e-11,3.771536e-01,1.004442e-09,4.470826e-10,1.784300e-13,2.227846e-11,2.139087e-01,9.784044e-10,1.285753e-09,5.252699e-13,6.808871e-08,4.524414e-01,1.894694e-13,1.649662e-09,8.079703e-08,3.440095e-01,1.981898e-13,1.806623e-09,6.747976e-08,3.403698e-01,1.400841e-13,1.498808e-09,1.361250e-02,1.909157e-02,-2.627648e-03,1.171906e-15,1.380529e+02,1.641926e+09,2.154555e+02,1.485131e+09,1.818676e+02,1.780645e+09
135,monte carlo,2.274981e-11,3.360535e-01,8.892838e-10,9.197189e-10,1.757233e-13,3.931476e-11,3.264615e-01,8.012790e-10,1.105288e-09,2.157803e-13,3.761246e-11,3.444216e-01,9.208013e-10,7.351685e-10,2.364760e-13,2.174261e-11,1.769531e-01,9.122979e-10,7.847796e-10,4.225448e-13,6.720607e-08,3.352642e-01,2.145256e-13,7.397117e-10,8.227720e-08,4.215303e-01,2.410272e-13,1.449928e-09,6.719248e-08,4.164525e-01,2.899840e-13,1.296235e-09,-2.377351e-02,1.858498e-02,4.879339e-03,4.871073e-15,1.838883e+02,1.500624e+09,1.790538e+02,1.188641e+09,1.480089e+02,1.195879e+09
136,monte carlo,2.195218e-11,1.804250e-01,6.372356e-10,3.426607e-10,1.746748e-13,3.949412e-11,1.031975e-01,1.020232e-09,7.673399e-10,3.812895e-13,3.915010e-11,2.960939e-01,7.038026e-10,4.912312e-10,3.754614e-13,2.233159e-11,2.111073e-01,7.451353e-10,6.856583e-10,2.298891e-13,6.983111e-08,3.632495e-01,2.572514e-13,6.089785e-10,8.204582e-08,5.325583e-01,2.248425e-13,1.153545e-09,6.692576e-08,4.265438e-01,2.622424e-13,1.759463e-09,2.657870e-02,5.960644e-03,4.045434e-04,4.550649e-15,1.763505e+02,1.385202e+09,1.413260e+02,1.414177e+09,1.439337e+02,1.252232e+09
137,monte carlo,2.243779e-11,1.641642e-01,7.301714e-10,1.192713e-09,4.038911e-13,4.050842e-11,3.811711e-01,9.487189e-10,6.179742e-10,3.886189e-13,3.799571e-11,1.738572e-01,7.751423e-10,1.237118e-09,5.287741e-13,2.239786e-11,1.261254e-01,9.861581e-10,5.425169e-10,1.929521e-13,6.937008e-08,3.311201e-01,1.578880e-13,5.216829e-10,8.195371e-08,4.573534e-01,2.386493e-13,1.037618e-09,6.903998e-08,4.510701e-01,2.261582e-13,1.297119e-09,1.608465e-02,-2.555303e-02,1.103775e-03,3.902112e-15,1.921849e+02,1.792156e+09,1.643802e+02,1.274693e+09,1.404072e+02,1.561187e+09
138,monte carlo,2.100731e-11,3.819284e-01,9.460412e-10,7.863691e-10,3.661118e-13,4.042567e-11,2.926677e-01,7.280145e-10,7.059174e-10,3.430245e-13,3.952778e-11,2.846880e-01,7.126557e-10,9.938982e-10,2.855520e-13,2.205177e-11,1.731384e-01,1.060412e-09,1.144176e-09,2.602217e-13,6.922871e-08,3.299965e-01,1.494146e-13,9.980836e-10,8.049612e-08,4.055888e-01,1.391590e-13,9.799957e-10,6.661250e-08,3.218930e-01,1.808593e-13,1.355923e-09,-3.819625e-03,1.334417e-04,-3.717235e-04,1.431414e-15,1.924463e+02,1.934653e+09,1.820630e+02,1.731886e+09,1.898353e+02,1.704070e+09
139,monte carlo,2.114716e-11,1.077707e-01,8.717452e-10,8.429149e-10,2.648847e-13,3.926730e-11,2.882951e-01,1.185778e-09,6.070502e-10,5.167393e-13,4.015665e-11,3.199484e-01,8.321216e-10,1.005128e-09,4.344063e-13,2.131918e-11,1.807881e-01,1.033740e-09,1.122530e-09,3.925112e-13,6.852371e-08,3.133312e-01,1.646558e-13,5.467416e-10,8.191122e-08,4.008525e-01,1.664337e-13,1.242245e-09,6.866894e-08,4.025705e-01,1.555886e-13,1.961339e-09,6.269680e-03,-2.253359e-02,-5.178516e-03,4.802744e-15,2.006180e+02,2.005362e+09,1.874526e+02,1.706206e+09,1.564772e+02,1.776685e+09
140,monte carlo,2.283597e-11,3.160607e-01,1.002636e-09,2.999196e-10,4.086178e-13,3.744664e-11,2.813945e-01,1.086729e-09,1.048695e-09,3.893672e-13,3.838212e-11,2.948752e-01,7.786629e-10,1.261658e-09,2.717068e-13,2.094598e-11,1.876293e-01,1.069939e-09,5.656604e-10,2.710637e-13,6.999646e-08,2.989906e-01,1.660946e-13,8.702006e-10,8.391390e-08,4.216850e-01,2.008255e-13,1.055035e-09,6.879477e-08,4.430934e-01,1.718563e-13,5.970313e-10,-1.156732e-02,-4.421096e-03,-6.271330e-04,1.962740e-15,2.147590e+02,2.010314e+09,1.825486e+02,1.381537e+09,1.424272e+02,1.780294e+09
141,monte carlo,2.112229e-11,3.117330e-01,9.694991e-10,9.258002e-10,4.332466e-13,4.090786e-11,2.003701e-01,8.779655e-10,1.070647e-09,3.509434e-13,4.024469e-11,2.173385e-01,6.183973e-10,8.250394e-10,1.730267e-13,2.173883e-11,2.200906e-01,6.370977e-10,8.175616e-10,3.671497e-13,6.932980e-08,3.117711e-01,1.855468e-13,6.017097e-10,8.440506e-08,3.703115e-01,2.939483e-13,1.916223e-09,6.914009e-08,4.172152e-01,2.291891e-13,1.712935e-09,1.503638e-02,-1.480287e-02,-2.767603e-03,2.609240e-15,2.039937e+02,1.517127e+09,2.090904e+02,1.127250e+09,1.520207e+02,1.470777e+09
142,monte carlo,2.108710e-11,2.029445e-01,1.086077e-09,5.852743e-10,4.680962e-13,3.732339e-11,1.871254e-01,1.140744e-09,8.578292e-10,1.914128e-13,4.008568e-11,2.901618e-01,6.747221e-10,1.255730e-09,4.583202e-13,2.104291e-11,1.281547e-01,7.073381e-10,1.240881e-09,3.822948e-13,6.756142e-08,3.898280e-01,1.952397e-13,1.271874e-09,8.300096e-08,4.214319e-01,1.671017e-13,1.548525e-09,6.845492e-08,3.818342e-01,1.512621e-13,8.540059e-10,-2.656154e-02,-1.627865e-02,-1.842996e-04,5.735811e-16,1.589859e+02,1.798003e+09,1.806710e+02,1.755815e+09,1.644609e+02,2.013109e+09
143,monte carlo,2.212557e-11,1.126371e-01,1.086281e-09,4.600549e-10,3.324120e-13,3.990303e-11,2.242426e-01,8.364546e-10,3.200173e-10,2.936975e-13,3.806378e-11,2.879010e-01,1.050385e-09,7.742307e-10,4.738770e-13,2.108310e-11,3.672676e-01,7.335292e-10,1.108318e-09,3.492219e-13,6.894557e-08,3.800317e-01,2.214911e-13,1.197808e-09,8.065866e-08,4.892505e-01,1.691890e-13,1.601852e-09,6.885988e-08,3.376581e-01,2.360690e-13,1.605055e-09,1.941523e-02,-7.809401e-03,1.282400e-03,2.985343e-15,1.664253e+02,1.483680e+09,1.512351e+02,1.477717e+09,1.870776e+02,1.400877e+09
144,monte carlo,2.184770e-11,2.748259e-01,8.733311e-10,8.399070e-10,2.799278e-13,3.781313e-11,1.275616e-01,1.168213e-09,6.321251e-10,3.164023e-13,3.815329e-11,3.529965e-01,1.005318e-09,1.066347e-09,4.921725e-13,2.227962e-11,1.689184e-01,9.227310e-10,4.971837e-10,2.260962e-13,6.806938e-08,4.181798e-01,1.416691e-13,1.606993e-09,8.389573e-08,4.705445e-01,2.047735e-13,1.633750e-09,6.758710e-08,2.886364e-01,2.328916e-13,1.259607e-09,7.369922e-03,-1.146673e-02,4.773469e-04,3.391159e-15,1.493212e+02,1.816685e+09,1.635580e+02,1.531865e+09,2.148055e+02,1.451571e+09
145,monte carlo,2.109298e-11,3.328062e-01,9.239218e-10,6.201519e-10,4.757957e-13,4.034806e-11,2.713617e-01,1.013643e-09,1.122044e-09,2.435746e-13,3.921128e-11,3.627219e-01,6.216473e-10,6.134834e-10,3.380879e-13,2.220582e-11,2.123209e-01,1.096038e-09,5.685624e-10,2.021247e-13,6.847470e-08,3.987096e-01,1.784989e-13,1.499659e-09,8.158257e-08,4.547912e-01,1.171653e-13,9.867435e-10,6.716649e-08,4.107272e-01,1.828584e-13,8.653691e-10,-2.104850e-02,2.105372e-02,-4.942315e-03,3.584891e-15,1.575456e+02,1.711824e+09,1.645576e+02,1.790737e+09,1.500140e+02,1.828933e+09
146,monte carlo,2.166707e-11,2.979914e-01,9.146966e-10,1.165408e-09,2.809460e-13,4.093608e-11,3.678377e-01,1.024495e-09,5.878022e-10,2.014210e-13,4.060328e-11,1.964537e-01,1.025510e-09,9.454603e-10,4.196253e-13,2.182429e-11,2.150527e-01,6.822115e-10,4.094150e-10,2.119578e-13,6.888041e-08,3.285151e-01,1.424373e-13,1.553850e-09,8.096543e-08,4.989810e-01,2.353074e-13,1.734231e-09,6.957054e-08,3.272071e-01,2.265063e-13,7.979271e-10,-1.518934e-02,1.261515e-02,2.554222e-03,4.019280e-15,1.923416e+02,1.792090e+09,1.488498e+02,1.236666e+09,1.950452e+02,1.545167e+09
147,monte carlo,2.299112e-11,3.502967e-01,1.178921e-09,5.394492e-10,2.929949e-13,3.723656e-11,2.526615e-01,6.619546e-10,9.384345e-10,1.954525e-13,3.725552e-11,3.754514e-01,9.711086e-10,1.130354e-09,3.560435e-13,2.170491e-11,2.215527e-01,9.819118e-10,9.493579e-10,3.519725e-13,6.954897e-08,3.011607e-01,1.738691e-13,9.775097e-10,8.433671e-08,4.123031e-01,3.255080e-13,5.597833e-10,6.760147e-08,2.933904e-01,1.509519e-13,1.257561e-09,-1.146595e-02,1.328872e-02,-1.811847e-03,2.100011e-15,2.118484e+02,1.779454e+09,1.876432e+02,1.075014e+09,2.113698e+02,2.047426e+09
148,monte carlo,2.105689e-11,2.391382e-01,8.073076e-10,6.359615e-10,4.809145e-13,3.764856e-11,1.326967e-01,1.094016e-09,1.155333e-09,3.881069e-13,4.072206e-11,1.412575e-01,6.382971e-10,1.229066e-09,2.215949e-13,2.304088e-11,1.714964e-01,7.783927e-10,8.475683e-10,2.797892e-13,6.886632e-08,3.061736e-01,2.408245e-13,1.334089e-09,8.290877e-08,4.236817e-01,2.245823e-13,5.673651e-10,6.737242e-08,3.887251e-01,1.874124e-13,5.635854e-10,-2.540128e-02,1.131275e-02,3.152032e-03,3.354755e-15,2.063345e+02,1.351176e+09,1.795120e+02,1.450258e+09,1.589909e+02,1.690225e+09
149,monte carlo,2.237463e-11,3.595668e-01,1.119762e-09,1.159743e-09,3.426092e-13,3.899712e-11,2.077887e-01,7.133150e-10,7.407569e-10,2.251832e-13,4.085064e-11,3.261717e-01,8.723031e-10,1.149663e-09,2.391354e-13,2.136109e-11,1.106079e-01,6.905602e-10,2.913721e-10,2.801694e-13,6.787977e-08,4.522883e-01,2.316469e-13,1.151777e-09,8.315548e-08,3.888927e-01,2.428325e-13,5.861143e-10,6.977764e-08,3.059097e-01,1.212510e-13,5.934872e-10,-1.233909e-02,2.032563e-02,2.530703e-03,7.573963e-16,1.376758e+02,1.414737e+09,1.961525e+02,1.336058e+09,2.092454e+02,1.912819e+09
150,monte carlo,2.099408e-11,3.820324e-01,9.838288e-10,5.115397e-10,4.625560e-13,3.813598e-11,2.889049e-01,6.715185e-10,8.024389e-10,1.954299e-13,3.860969e-11,1.054029e-01,9.390019e-10,7.910102e-10,3.372981e-13,2.220715e-11,3.926163e-01,8.745599e-10,8.342832e-10,4.079503e-13,6.826107e-08,3.018515e-01,1.563250e-13,1.841359e-09,8.404803e-08,3.924177e-01,1.819715e-13,6.064052e-10,6.689760e-08,2.956727e-01,2.340449e-13,9.242320e-10,2.025367e-02,2.505643e-02,-3.170063e-03,4.342916e-15,2.074495e+02,2.005026e+09,1.964770e+02,1.582937e+09,2.075545e+02,1.487069e+09
151,monte carlo,2.252006e-11,3.231147e-01,7.465914e-10,2.699064e-10,5.158205e-13,3.944416e-11,3.589236e-01,8.598112e-10,8.526503e-10,2.258954e-13,3.956164e-11,2.335778e-01,1.051389e-09,1.142028e-09,4.726382e-13,2.280745e-11,2.275666e-01,7.414120e-10,1.235498e-09,1.916446e-13,6.952173e-08,3.480598e-01,1.879009e-13,8.256628e-10,8.184803e-08,3.955815e-01,1.740923e-13,1.717399e-09,6.790400e-08,3.179576e-01,2.850407e-13,1.830801e-09,3.277249e-03,-2.090679e-02,2.791529e-03,1.230295e-15,1.832312e+02,1.610159e+09,1.898038e+02,1.800305e+09,1.959110e+02,1.340169e+09
152,monte carlo,2.130485e-11,1.045685e-01,1.123088e-09,1.127546e-09,2.234859e-13,4.012998e-11,1.425639e-01,1.053215e-09,1.193005e-09,3.733492e-13,3.938999e-11,1.591559e-01,1.176108e-09,7.741640e-10,4.071505e-13,2.119277e-11,2.287378e-01,8.018859e-10,4.287653e-10,2.794933e-13,6.749799e-08,3.253245e-01,1.370690e-13,1.183317e-09,8.008714e-08,4.994696e-01,2.141529e-13,1.014621e-09,6.599281e-08,2.955926e-01,1.945312e-13,9.903793e-10,2.274700e-02,-1.517190e-02,-1.513723e-04,4.373305e-15,1.903298e+02,1.825051e+09,1.470911e+02,1.352052e+09,2.048027e+02,1.732793e+09
153,monte carlo,2.187785e-11,3.403940e-01,8.602021e-10,3.603964e-10,4.566389e-13,3.730167e-11,2.004040e-01,8.831165e-10,1.215092e-09,2.109735e-13,3.985303e-11,3.919347e-01,6.975033e-10,6.642540e-10,1.937391e-13,2.270277e-11,3.878146e-01,7.226105e-10,1.139462e-09,2.404697e-13,6.883902e-08,3.599820e-01,1.509955e-13,8.619593e-10,8.234045e-08,3.734739e-01,1.300723e-13,1.084248e-09,6.783269e-08,3.067531e-01,2.467134e-13,6.265811e-10,2.745177e-02,1.486914e-02,2.669549e-03,1.417619e-15,1.754230e+02,1.839800e+09,2.022487e+02,1.708135e+09,2.028536e+02,1.296659e+09
154,monte carlo,2.196917e-11,1.391501e-01,8.025839e-10,4.909503e-10,2.385131e-13,3.716931e-11,1.667573e-01,1.034722e-09,8.303458e-10,4.339481e-13,3.985424e-11,3.462640e-01,9.845454e-10,7.374654e-10,4.312012e-13,2.185110e-11,3.454708e-01,6.955787e-10,7.732137e-10,3.100386e-13,6.758296e-08,3.818245e-01,2.003446e-13,1.362277e-09,8.179830e-08,4.090848e-01,2.803580e-13,1.593235e-09,6.790797e-08,4.172771e-01,1.888856e-13,6.692745e-10,2.906746e-02,1.091048e-02,-3.899211e-03,1.023680e-15,1.623701e+02,1.442481e+09,1.834272e+02,1.192281e+09,1.492894e+02,1.721472e+09
155,monte carlo,2.205602e-11,2.199232e-01,1.015971e-09,1.184159e-09,4.326115e-13,3.938953e-11,3.691693e-01,9.866400e-10,6.793604e-10,2.741298e-13,3.790857e-11,2.237233e-01,8.047334e-10,4.760670e-10,2.064553e-13,2.187999e-11,1.959268e-01,1.116209e-09,7.897055e-10,2.252600e-13,6.945119e-08,4.840541e-01,1.128357e-13,1.029664e-09,8.146864e-08,3.717341e-01,1.487945e-13,6.217895e-10,6.649699e-08,3.926864e-01,2.252734e-13,9.078855e-10,1.385117e-02,1.293182e-02,2.238008e-03,2.760230e-15,1.316190e+02,2.046887e+09,2.010438e+02,1.631854e+09,1.553420e+02,1.488180e+09
156,monte carlo,2.241505e-11,2.067954e-01,8.055134e-10,1.104086e-09,4.091521e-13,3.833162e-11,3.042947e-01,1.033937e-09,8.235774e-10,3.250795e-13,4.012342e-11,2.722484e-01,1.183301e-09,7.871886e-10,5.025749e-13,2.186955e-11,1.078949e-01,9.294599e-10,6.881747e-10,1.724222e-13,6.823329e-08,4.060376e-01,1.315940e-13,1.314539e-09,8.048587e-08,3.612048e-01,1.626342e-13,1.428863e-09,6.889040e-08,3.836655e-01,1.946316e-13,1.822864e-09,-1.648754e-02,2.437992e-02,3.199030e-03,1.773405e-15,1.541568e+02,1.919708e+09,2.044084e+02,1.543620e+09,1.647171e+02,1.541642e+09
157,monte carlo,2.198145e-11,2.625402e-01,7.368623e-10,9.775931e-10,5.067424e-13,4.033745e-11,2.016439e-01,7.748651e-10,9.825046e-10,4.189660e-13,4.041244e-11,1.120834e-01,7.781269e-10,3.605489e-10,4.007598e-13,2.253962e-11,2.213297e-01,6.897996e-10,3.763267e-10,3.224505e-13,6.838621e-08,3.448462e-01,2.494163e-13,1.968494e-09,7.958589e-08,3.619848e-01,1.844456e-13,1.145587e-09,6.936364e-08,3.435566e-01,2.023222e-13,5.198653e-10,1.495347e-02,-1.511326e-02,9.048910e-04,4.254858e-15,1.819180e+02,1.281973e+09,2.016873e+02,1.692471e+09,1.852108e+02,1.422096e+09
158,monte carlo,2.260064e-11,2.309413e-01,1.147712e-09,5.478788e-10,3.830267e-13,4.054288e-11,3.886701e-01,6.557597e-10,3.414045e-10,4.259590e-13,3.947458e-11,3.496812e-01,7.392912e-10,5.538629e-10,2.789961e-13,2.290962e-11,2.771242e-01,6.475185e-10,7.940133e-10,4.335329e-13,6.990098e-08,3.670494e-01,2.615978e-13,1.439660e-09,8.173531e-08,3.849297e-01,1.915377e-13,6.957201e-10,6.987060e-08,4.673505e-01,2.061993e-13,1.949434e-09,-1.566203e-02,-2.256146e-02,-2.991415e-03,1.614493e-15,1.746994e+02,1.328068e+09,1.947875e+02,1.564912e+09,1.371464e+02,1.630523e+09
159,monte carlo,2.246848e-11,1.579318e-01,1.184104e-09,6.341339e-10,4.279628e-13,3.901666e-11,3.517780e-01,6.847257e-10,3.183797e-10,3.246224e-13,3.997434e-11,1.487670e-01,6.936368e-10,8.251493e-10,5.140599e-13,2.220989e-11,2.054744e-01,6.261530e-10,1.062274e-09,1.765691e-13,6.968950e-08,3.463120e-01,2.533152e-13,8.015469e-10,8.301772e-08,4.064840e-01,2.372276e-13,1.989772e-09,6.924211e-08,4.806252e-01,1.554034e-13,1.039957e-09,2.803531e-02,-2.583427e-03,1.684163e-03,2.039414e-15,1.846003e+02,1.447723e+09,1.873527e+02,1.369525e+09,1.321589e+02,1.996657e+09
160,monte carlo,2.103203e-11,3.716815e-01,1.179319e-09,5.062707e-10,2.410997e-13,3.798261e-11,3.761503e-01,1.142719e-09,2.918069e-10,2.994707e-13,3.919407e-11,2.516497e-01,6.744195e-10,7.979939e-10,3.877011e-13,2.237504e-11,2.685698e-01,1.118508e-09,1.197887e-09,4.190799e-13,6.754134e-08,4.062982e-01,2.391447e-13,1.470572e-09,8.175632e-08,3.468790e-01,1.562646e-13,6.252339e-10,6.842432e-08,4.272397e-01,2.260532e-13,1.907797e-09,-2.949473e-02,-1.102992e-02,3.357738e-03,2.997689e-15,1.524957e+02,1.445359e+09,2.162101e+02,1.535293e+09,1.469168e+02,1.389779e+09
161,monte carlo,2.299327e-11,3.536134e-01,1.017263e-09,6.967700e-10,2.245996e-13,3.762158e-11,3.641225e-01,6.743788e-10,3.857200e-10,2.885054e-13,3.849346e-11,3.918604e-01,8.683896e-10,1.224555e-09,4.980324e-13,2.142854e-11,1.833391e-01,7.285943e-10,2.869768e-10,2.123557e-13,6.620904e-08,3.388187e-01,3.280762e-13,1.111228e-09,8.087401e-08,3.430360e-01,1.266470e-13,1.166841e-09,6.907109e-08,4.689851e-01,1.878556e-13,1.954081e-09,-1.470078e-02,-2.972823e-02,3.601922e-04,1.858145e-15,1.792597e+02,1.222293e+09,2.162728e+02,1.723345e+09,1.351046e+02,1.568752e+09
162,monte carlo,2.166657e-11,3.068210e-01,9.576204e-10,3.711300e-10,3.520180e-13,4.068952e-11,3.279058e-01,6.956184e-10,8.709234e-10,3.994137e-13,3.737882e-11,3.997041e-01,7.462568e-10,4.828367e-10,5.207200e-13,2.306384e-11,2.595401e-01,1.036774e-09,7.727607e-10,3.476157e-13,6.646530e-08,4.554379e-01,2.892956e-13,1.660682e-09,8.432051e-08,4.780790e-01,1.826958e-13,1.609728e-09,6.605558e-08,3.648972e-01,1.447891e-13,1.023763e-09,1.345921e-02,8.442873e-03,-5.942387e-03,4.172215e-15,1.338747e+02,1.230371e+09,1.617954e+02,1.624891e+09,1.660625e+02,2.027689e+09
163,monte carlo,2.207196e-11,2.797469e-01,6.508027e-10,8.859265e-10,3.301006e-13,3.843208e-11,2.000448e-01,7.861746e-10,3.354779e-10,3.541516e-13,4.051391e-11,1.996674e-01,7.414227e-10,9.910354e-10,4.556826e-13,2.224752e-11,1.133578e-01,1.009291e-09,1.241841e-09,5.288781e-13,6.897022e-08,3.419876e-01,3.035072e-13,1.830150e-09,8.393685e-08,4.994850e-01,1.703559e-13,1.566787e-09,6.869953e-08,3.731575e-01,1.522621e-13,1.897838e-09,1.484644e-02,-2.615619e-02,5.839389e-03,3.767427e-15,1.850052e+02,1.243421e+09,1.541569e+02,1.665257e+09,1.688862e+02,1.839072e+09
164,monte carlo,2.146174e-11,2.730852e-01,7.115300e-10,6.330860e-10,1.967303e-13,3.816066e-11,2.751939e-01,1.125319e-09,9.466540e-10,2.954719e-13,3.847215e-11,3.738965e-01,1.168196e-09,7.055984e-10,3.775380e-13,2.188518e-11,2.578135e-01,1.127144e-09,5.136703e-10,4.962840e-13,6.813270e-08,4.210289e-01,2.228456e-13,1.030345e-09,7.987926e-08,3.735907e-01,1.451173e-13,1.614966e-09,6.981550e-08,4.520321e-01,1.345376e-13,8.915647e-10,-2.461210e-02,7.658185e-04,6.698842e-04,3.642916e-15,1.484487e+02,1.547456e+09,1.961421e+02,1.702971e+09,1.416822e+02,1.911156e+09
165,monte carlo,2.237733e-11,1.032352e-01,9.738177e-10,8.606582e-10,2.695533e-13,3.763988e-11,3.939133e-01,1.103657e-09,5.075884e-10,3.684076e-13,3.929595e-11,2.218244e-01,1.015579e-09,1.100733e-09,3.053353e-13,2.228566e-11,2.308746e-01,7.840149e-10,4.422844e-10,2.820707e-13,6.966302e-08,4.779287e-01,2.857941e-13,1.533647e-09,7.971855e-08,3.708895e-01,1.876537e-13,1.453551e-09,6.746049e-08,4.394082e-01,1.832453e-13,5.494436e-10,-2.101586e-02,2.948066e-02,4.961462e-03,1.586327e-15,1.337125e+02,1.289646e+09,1.971731e+02,1.550547e+09,1.408361e+02,1.796859e+09
166,monte carlo,2.200861e-11,3.808007e-01,8.404633e-10,4.322779e-10,3.980642e-13,3.753768e-11,3.662877e-01,7.238290e-10,4.443906e-10,1.799126e-13,4.079662e-11,1.047270e-01,8.113593e-10,9.148414e-10,3.513488e-13,2.293654e-11,2.131306e-01,6.494735e-10,6.184634e-10,2.690372e-13,6.712663e-08,2.844274e-01,1.888034e-13,1.051994e-09,8.197252e-08,5.350519e-01,1.291249e-13,8.282266e-10,6.667387e-08,2.968871e-01,3.094819e-13,1.038592e-09,-2.465447e-02,1.477856e-02,3.055837e-03,4.364640e-15,2.164991e+02,1.524675e+09,1.405417e+02,1.725492e+09,2.060142e+02,1.235905e+09
167,monte carlo,2.196613e-11,2.821602e-01,8.380696e-10,8.879956e-10,1.943545e-13,3.956628e-11,2.887264e-01,9.657610e-10,1.273293e-09,3.067991e-13,3.959779e-11,1.099009e-01,6.280228e-10,8.249701e-10,2.481516e-13,2.152974e-11,1.048744e-01,1.015389e-09,3.727672e-10,4.918315e-13,6.969958e-08,3.866482e-01,1.738560e-13,1.618006e-09,8.226130e-08,3.419393e-01,2.053477e-13,1.490067e-09,6.609543e-08,4.540560e-01,1.775776e-13,1.729102e-09,-2.593933e-02,1.498879e-02,1.573427e-03,2.806601e-15,1.653663e+02,1.886554e+09,2.206883e+02,1.391428e+09,1.335349e+02,1.725151e+09
168,monte carlo,2.156027e-11,1.705837e-01,1.109788e-09,7.594270e-10,3.855748e-13,3.816428e-11,3.623931e-01,7.486854e-10,1.105355e-09,2.680748e-13,3.845509e-11,1.886507e-01,1.029541e-09,7.637425e-10,2.140572e-13,2.135904e-11,1.989390e-01,7.745409e-10,9.906121e-10,1.867003e-13,6.842782e-08,2.922918e-01,1.510753e-13,7.374341e-10,8.219681e-08,4.951852e-01,1.902688e-13,1.669849e-09,6.972179e-08,2.970335e-01,3.185191e-13,5.106973e-10,2.054529e-02,6.615166e-03,4.739863e-03,1.273881e-15,2.147577e+02,1.784593e+09,1.522720e+02,1.406604e+09,2.153257e+02,1.198261e+09
169,monte carlo,2.307069e-11,1.201004e-01,1.106046e-09,6.167599e-10,3.234518e-13,3.952777e-11,3.642013e-01,1.090556e-09,3.769152e-10,2.443897e-13,3.845331e-11,1.010062e-01,9.292805e-10,7.493759e-10,2.917302e-13,2.248981e-11,1.099886e-01,1.050802e-09,8.838083e-10,2.253036e-13,6.994897e-08,4.223842e-01,1.891648e-13,1.688536e-09,8.161149e-08,4.803274e-01,1.509298e-13,9.851682e-10,6.645134e-08,3.161849e-01,1.540039e-13,1.556210e-09,-1.342655e-02,-1.903699e-02,1.047307e-03,3.515440e-15,1.519170e+02,1.571983e+09,1.558643e+02,1.761610e+09,1.927948e+02,2.059589e+09
170,monte carlo,2.206227e-11,2.251549e-01,1.049782e-09,7.304986e-10,5.112600e-13,3.918093e-11,1.370563e-01,7.255536e-10,3.337722e-10,5.166028e-13,4.053094e-11,3.460181e-01,9.349578e-10,1.003370e-09,2.416160e-13,2.134110e-11,3.439633e-01,7.162705e-10,6.035347e-10,4.245968e-13,6.675662e-08,3.532771e-01,2.719037e-13,8.617153e-10,7.954702e-08,4.271906e-01,1.462296e-13,1.841979e-09,6.838939e-08,2.967340e-01,2.158653e-13,1.684055e-09,-2.603483e-02,2.531752e-02,-3.340578e-03,1.521629e-15,1.733451e+02,1.227637e+09,1.708185e+02,1.705187e+09,2.114239e+02,1.469400e+09
171,monte carlo,2.189503e-11,3.292346e-01,9.547318e-10,5.066773e-10,4.857375e-13,3.828328e-11,3.662200e-01,8.857543e-10,4.352829e-10,4.425875e-13,3.844791e-11,3.191039e-01,1.138392e-09,7.595478e-10,4.328472e-13,2.102085e-11,3.796472e-01,8.954623e-10,7.365366e-10,2.900750e-13,6.794699e-08,3.861301e-01,2.907776e-13,1.159439e-09,7.987677e-08,4.819017e-01,1.717321e-13,1.209453e-09,6.790484e-08,4.522460e-01,2.594918e-13,1.737129e-09,1.060888e-02,-1.268586e-02,4.653890e-03,4.115112e-15,1.614244e+02,1.283601e+09,1.520529e+02,1.764452e+09,1.377396e+02,1.282319e+09
172,monte carlo,2.155287e-11,3.834405e-01,1.150104e-09,1.051989e-09,2.971756e-13,3.711339e-11,2.688578e-01,1.160473e-09,4.700513e-10,3.221813e-13,3.851057e-11,3.900982e-01,8.511432e-10,7.965973e-10,1.877839e-13,2.270953e-11,2.227608e-01,8.021065e-10,4.025516e-10,1.836405e-13,6.871009e-08,3.722633e-01,1.662819e-13,1.157131e-09,8.360091e-08,3.859833e-01,1.718164e-13,1.916520e-09,6.845181e-08,3.885503e-01,1.712142e-13,1.983494e-09,2.076206e-02,1.651633e-02,-1.019085e-03,4.577380e-15,1.693179e+02,2.059612e+09,1.986896e+02,1.686358e+09,1.616108e+02,1.720215e+09
173,monte carlo,2.306627e-11,1.573912e-01,9.002986e-10,4.534448e-10,2.736484e-13,4.048166e-11,3.549531e-01,7.706400e-10,8.868450e-10,4.486308e-13,4.019645e-11,3.486562e-01,8.128893e-10,6.464929e-10,4.132968e-13,2.263240e-11,2.625608e-01,7.600580e-10,1.130163e-09,3.558263e-13,6.669075e-08,3.592642e-01,2.288136e-13,6.660646e-10,8.395247e-08,4.464738e-01,2.139248e-13,6.120188e-10,6.923788e-08,3.035337e-01,2.242018e-13,1.110662e-09,2.961658e-02,2.225062e-02,-1.335659e-04,4.938267e-15,1.702882e+02,1.517797e+09,1.724925e+02,1.301335e+09,2.092520e+02,1.454949e+09
174,monte carlo,2.122530e-11,1.662208e-01,9.004798e-10,4.458914e-10,3.760558e-13,4.064837e-11,3.710381e-01,1.045383e-09,4.212791e-10,3.542258e-13,3.901697e-11,2.349743e-01,1.064767e-09,9.170040e-10,2.477966e-13,2.283295e-11,1.909006e-01,1.073819e-09,1.001444e-09,4.991763e-13,6.836833e-08,3.271529e-01,2.329676e-13,1.382286e-09,8.090521e-08,3.627245e-01,1.440864e-13,1.172235e-09,6.660149e-08,3.512747e-01,2.920629e-13,1.042659e-09,-6.129013e-04,-1.399238e-02,-5.118567e-03,3.156553e-15,1.917066e+02,1.398155e+09,2.046126e+02,1.805926e+09,1.739282e+02,1.222391e+09
175,monte carlo,2.141988e-11,2.326318e-01,8.602694e-10,7.123461e-10,2.782150e-13,3.830033e-11,1.404672e-01,7.792741e-10,4.341862e-10,3.966875e-13,4.049384e-11,3.682001e-01,8.885386e-10,9.666310e-10,2.362766e-13,2.300572e-11,1.533911e-01,1.055018e-09,5.819390e-10,4.903191e-13,6.745363e-08,4.734443e-01,1.375532e-13,1.001744e-09,8.310590e-08,3.738908e-01,1.828937e-13,1.459090e-09,6.954914e-08,3.535370e-01,1.910456e-13,1.688606e-09,-2.132664e-02,-2.948897e-02,-3.209626e-03,4.722755e-15,1.306980e+02,1.898731e+09,2.039012e+02,1.600103e+09,1.804636e+02,1.656123e+09
176,monte carlo,2.192830e-11,1.286204e-01,1.058953e-09,8.494233e-10,2.148618e-13,3.753087e-11,1.382851e-01,6.375879e-10,5.840060e-10,3.337214e-13,4.031819e-11,2.380286e-01,6.567338e-10,1.216278e-09,4.300945e-13,2.178165e-11,3.208535e-01,8.327277e-10,9.898282e-10,2.192284e-13,6.856840e-08,3.660500e-01,1.698625e-13,1.133367e-09,8.128810e-08,5.180316e-01,2.214443e-13,7.023665e-10,6.633758e-08,4.413567e-01,2.456493e-13,1.298109e-09,2.639235e-02,-1.161214e-02,1.803392e-03,4.175502e-15,1.718369e+02,1.609428e+09,1.439473e+02,1.268740e+09,1.378804e+02,1.336004e+09
177,monte carlo,2.148007e-11,3.201252e-01,1.170455e-09,9.717078e-10,3.414196e-13,4.012011e-11,3.510236e-01,8.305407e-10,6.242876e-10,5.295333e-13,3.917168e-11,2.521496e-01,8.419293e-10,9.320929e-10,4.294398e-13,2.294096e-11,1.500101e-01,1.028617e-09,6.763587e-10,4.222019e-13,6.930033e-08,3.275433e-01,1.066086e-13,6.763040e-10,8.239993e-08,4.887441e-01,2.772433e-13,1.684585e-09,6.957479e-08,3.147341e-01,1.471898e-13,5.103913e-10,1.508545e-02,-1.568768e-02,4.472691e-03,3.373063e-15,1.940883e+02,2.054833e+09,1.546600e+02,1.187000e+09,2.027873e+02,1.994987e+09
178,monte carlo,2.194756e-11,3.133975e-01,6.042676e-10,7.429744e-10,1.912782e-13,3.875494e-11,2.077081e-01,1.091200e-09,3.995195e-10,2.886490e-13,3.962512e-11,3.660876e-01,7.650795e-10,1.060052e-09,4.526062e-13,2.092071e-11,1.862643e-01,8.967625e-10,3.493211e-10,2.599137e-13,6.856750e-08,3.358924e-01,2.014828e-13,1.127903e-09,8.358725e-08,5.588405e-01,1.823743e-13,1.589579e-09,6.705324e-08,3.299202e-01,2.484919e-13,1.529024e-09,7.121971e-03,-3.763533e-03,-5.551961e-05,1.305738e-15,1.872625e+02,1.563584e+09,1.372097e+02,1.455905e+09,1.864419e+02,1.446909e+09
179,monte carlo,2.171260e-11,3.255893e-01,7.502418e-10,8.715722e-10,3.755312e-13,3.774661e-11,2.622888e-01,9.327472e-10,5.625979e-10,3.651917e-13,3.989976e-11,3.887607e-01,8.357780e-10,7.552057e-10,4.087157e-13,2.269329e-11,3.365516e-01,7.488636e-10,9.386161e-10,3.172882e-13,6.714484e-08,3.703372e-01,1.363677e-13,1.540237e-09,7.962836e-08,3.306242e-01,2.057854e-13,1.584151e-09,6.715612e-08,3.405508e-01,1.362320e-13,1.552200e-09,-1.319412e-02,2.504831e-03,-1.686776e-03,3.271385e-15,1.663214e+02,1.960819e+09,2.209357e+02,1.366072e+09,1.808991e+02,2.041800e+09
180,monte carlo,2.228609e-11,1.501229e-01,8.509045e-10,5.202315e-10,2.844684e-13,3.785038e-11,3.566212e-01,7.226295e-10,6.693476e-10,3.949932e-13,3.883802e-11,2.964925e-01,1.058102e-09,3.752426e-10,2.484443e-13,2.117057e-11,1.554846e-01,7.925145e-10,3.281321e-10,2.760986e-13,6.888797e-08,4.256165e-01,3.179973e-13,1.163719e-09,8.154530e-08,3.575698e-01,1.882910e-13,1.607437e-09,6.988012e-08,2.973049e-01,2.729304e-13,1.401109e-09,-1.269236e-02,-1.445608e-02,1.572986e-04,2.312441e-15,1.484765e+02,1.242952e+09,2.092044e+02,1.473779e+09,2.156176e+02,1.279141e+09
181,monte carlo,2.197403e-11,1.077451e-01,7.094759e-10,9.855386e-10,2.374992e-13,3.829438e-11,1.375630e-01,1.049951e-09,7.854087e-10,2.534987e-13,3.886976e-11,2.177653e-01,7.931089e-10,3.260228e-10,2.894365e-13,2.129995e-11,3.323272e-01,1.170259e-09,6.395042e-10,4.040446e-13,6.624023e-08,3.240778e-01,1.816378e-13,1.394380e-09,8.035366e-08,4.001659e-01,1.928081e-13,1.723958e-09,6.823024e-08,3.152294e-01,2.584113e-13,1.802803e-09,1.171084e-02,-3.843856e-03,4.395656e-03,1.951064e-15,1.875018e+02,1.618390e+09,1.842037e+02,1.374124e+09,1.985559e+02,1.328344e+09
182,monte carlo,2.205552e-11,3.322595e-01,9.469627e-10,1.244162e-09,2.210936e-13,3.954771e-11,2.530872e-01,7.231033e-10,9.222507e-10,2.112293e-13,4.074853e-11,3.477686e-01,1.010744e-09,7.873167e-10,3.910318e-13,2.091347e-11,3.694616e-01,1.035720e-09,1.234234e-09,4.820169e-13,6.772583e-08,3.607355e-01,2.010315e-13,1.943251e-09,8.033225e-08,3.503901e-01,1.693880e-13,7.589535e-10,6.658738e-08,3.223785e-01,2.223413e-13,1.513194e-09,-2.371982e-02,-1.442747e-02,1.075912e-03,2.678809e-15,1.722258e+02,1.553503e+09,2.103153e+02,1.509712e+09,1.894779e+02,1.382932e+09
183,monte carlo,2.124606e-11,2.502371e-01,6.381964e-10,1.007928e-09,2.740241e-13,4.041613e-11,3.637351e-01,9.769582e-10,9.182327e-10,2.341893e-13,3.886003e-11,2.444033e-01,9.344508e-10,9.057941e-10,4.723605e-13,2.187992e-11,2.839136e-01,7.803502e-10,8.158573e-10,4.169339e-13,6.723335e-08,3.869370e-01,3.145904e-13,1.903787e-09,8.426415e-08,4.850655e-01,1.925603e-13,1.824765e-09,6.809365e-08,3.289365e-01,2.006965e-13,9.765740e-10,2.751691e-02,1.084023e-02,-3.611175e-03,9.824749e-16,1.593959e+02,1.235367e+09,1.593585e+02,1.362106e+09,1.899010e+02,1.572667e+09
184,monte carlo,2.186460e-11,1.573657e-01,6.051887e-10,1.086458e-09,2.364078e-13,3.886605e-11,1.913600e-01,1.039110e-09,1.065007e-09,3.582735e-13,4.076009e-11,3.705653e-01,9.380350e-10,8.933133e-10,2.456053e-13,2.104753e-11,1.946054e-01,1.132203e-09,3.007745e-10,4.709428e-13,6.836711e-08,3.154112e-01,2.050686e-13,1.318270e-09,8.429043e-08,5.079154e-01,1.728456e-13,1.521979e-09,6.597401e-08,4.530321e-01,2.132485e-13,1.446753e-09,-8.282972e-03,-7.954814e-03,4.923761e-03,4.452030e-15,1.988396e+02,1.567471e+09,1.522368e+02,1.427808e+09,1.335908e+02,1.659768e+09
185,monte carlo,2.243640e-11,1.747650e-01,6.755806e-10,1.132704e-09,4.295039e-13,4.022643e-11,3.182398e-01,7.134496e-10,1.282937e-09,3.215978e-13,3.902168e-11,1.514635e-01,7.085312e-10,5.541988e-10,2.346067e-13,2.257923e-11,3.577582e-01,6.970226e-10,3.446848e-10,2.718044e-13,6.756313e-08,3.361276e-01,3.040015e-13,1.546320e-09,7.986099e-08,4.451601e-01,2.489424e-13,5.616600e-10,6.824475e-08,4.004974e-01,1.539269e-13,9.020159e-10,-1.013144e-02,1.246634e-02,-5.835871e-03,1.617938e-15,1.843904e+02,1.284355e+09,1.645702e+02,1.266264e+09,1.563156e+02,1.927903e+09
186,monte carlo,2.244709e-11,3.395767e-01,6.013146e-10,1.166573e-09,2.040649e-13,3.799229e-11,1.254031e-01,6.209485e-10,9.188814e-10,3.213795e-13,3.947920e-11,3.953837e-01,1.182318e-09,6.472993e-10,3.651010e-13,2.172861e-11,1.757479e-01,6.783765e-10,7.787116e-10,2.707534e-13,6.708831e-08,3.551452e-01,1.926966e-13,1.859104e-09,8.197433e-08,5.066524e-01,3.528444e-13,1.349190e-09,6.684881e-08,3.725197e-01,1.616434e-13,1.145539e-09,5.833332e-03,1.566027e-02,-5.681812e-03,2.107405e-15,1.732900e+02,1.521537e+09,1.484228e+02,1.063049e+09,1.646179e+02,2.047074e+09
187,monte carlo,2.157139e-11,1.378122e-01,1.167541e-09,4.846863e-10,3.209526e-13,4.058614e-11,2.643137e-01,6.832580e-10,6.024862e-10,3.426790e-13,3.880111e-11,3.560152e-01,6.356648e-10,3.198368e-10,3.081447e-13,2.176719e-11,2.245172e-01,8.152112e-10,1.072247e-09,5.005968e-13,6.925649e-08,4.468373e-01,1.926879e-13,1.055756e-09,8.256882e-08,4.259881e-01,1.783914e-13,1.862726e-09,6.911077e-08,3.978849e-01,1.849564e-13,1.306613e-09,2.042234e-02,-7.895445e-03,-3.110214e-03,1.009502e-15,1.421817e+02,1.507176e+09,1.778080e+02,1.421455e+09,1.593386e+02,1.692149e+09
188,monte carlo,2.272914e-11,1.856919e-01,1.008234e-09,2.933986e-10,2.173898e-13,3.829013e-11,2.810817e-01,7.778930e-10,1.148982e-09,3.714217e-13,3.982653e-11,2.048527e-01,1.181748e-09,3.212983e-10,4.590688e-13,2.110957e-11,3.985909e-01,8.868705e-10,6.266445e-10,3.808295e-13,6.620839e-08,3.705575e-01,1.300343e-13,1.512199e-09,7.954089e-08,3.537829e-01,3.255776e-13,1.656326e-09,6.833226e-08,4.757423e-01,1.770629e-13,1.486244e-09,2.467290e-02,2.198887e-02,-4.464854e-03,2.442095e-15,1.639042e+02,2.052771e+09,2.062464e+02,1.120661e+09,1.317610e+02,1.629993e+09
189,monte carlo,2.257545e-11,1.984090e-01,8.004913e-10,1.025690e-09,5.128641e-13,3.862461e-11,3.696663e-01,1.018458e-09,3.397978e-10,4.086536e-13,3.895243e-11,2.433758e-01,8.370610e-10,6.504990e-10,2.410632e-13,2.280208e-11,3.598460e-01,1.112574e-09,5.821173e-10,3.592765e-13,6.861010e-08,4.563609e-01,1.978902e-13,7.995772e-10,8.306530e-08,4.574191e-01,2.217122e-13,1.983597e-09,6.744279e-08,4.697657e-01,1.684298e-13,8.792469e-10,2.600956e-03,-3.165116e-03,-4.439943e-03,3.663129e-15,1.379153e+02,1.742058e+09,1.665858e+02,1.375703e+09,1.317004e+02,1.655657e+09
190,monte carlo,2.130097e-11,2.794072e-01,9.542065e-10,1.275885e-09,4.961204e-13,3.769121e-11,3.800807e-01,6.979668e-10,6.632506e-10,2.503668e-13,3.819756e-11,1.373591e-01,1.075084e-09,4.160395e-10,2.077233e-13,2.101341e-11,2.145247e-01,1.029153e-09,3.815578e-10,3.334110e-13,6.741584e-08,3.989633e-01,1.488552e-13,1.346103e-09,7.956830e-08,4.348059e-01,1.783119e-13,1.860966e-09,6.727760e-08,3.248558e-01,1.717322e-13,1.145479e-09,-1.634881e-02,-1.631186e-02,3.429632e-03,1.372905e-15,1.550107e+02,1.837191e+09,1.678716e+02,1.500717e+09,1.899820e+02,1.749549e+09
191,monte carlo,2.270840e-11,2.231737e-01,7.688453e-10,2.868413e-10,3.472227e-13,3.948655e-11,1.348423e-01,9.417492e-10,6.991930e-10,4.678284e-13,4.057847e-11,1.058531e-01,9.641096e-10,1.183129e-09,3.503987e-13,2.177245e-11,3.404024e-01,1.075548e-09,1.022373e-09,2.756680e-13,6.665791e-08,3.451509e-01,1.814947e-13,1.654057e-09,8.323481e-08,3.425214e-01,2.836743e-13,1.448395e-09,6.880443e-08,3.947047e-01,1.710668e-13,1.483464e-09,2.225699e-02,3.418231e-04,-2.457341e-03,2.626782e-15,1.771640e+02,1.619995e+09,2.229205e+02,1.206400e+09,1.599104e+02,1.810965e+09
192,monte carlo,2.306096e-11,2.815009e-01,6.331359e-10,1.217828e-09,2.454700e-13,3.767472e-11,1.675745e-01,7.980897e-10,7.264497e-10,2.693857e-13,3.879583e-11,3.841855e-01,9.029685e-10,7.636710e-10,2.971042e-13,2.112781e-11,3.449810e-01,9.502440e-10,3.409541e-10,2.089800e-13,6.711391e-08,3.101566e-01,1.845714e-13,6.792691e-10,8.021894e-08,5.086602e-01,2.317112e-13,1.417967e-09,6.760923e-08,4.109186e-01,1.247521e-13,1.199417e-09,9.627048e-03,1.481108e-03,-1.728837e-03,4.203722e-15,1.985017e+02,1.558539e+09,1.446711e+02,1.398882e+09,1.509325e+02,1.997019e+09
193,monte carlo,2.209115e-11,2.489765e-01,1.133712e-09,7.248688e-10,2.848538e-13,3.981506e-11,1.342158e-01,1.009478e-09,1.031606e-09,3.275643e-13,3.930915e-11,3.242495e-01,1.037727e-09,1.089355e-09,2.735401e-13,2.251225e-11,1.413843e-01,7.837687e-10,6.214491e-10,3.351106e-13,6.820805e-08,3.452476e-01,1.711263e-13,1.199222e-09,8.364506e-08,3.565123e-01,2.597860e-13,1.341306e-09,6.774995e-08,3.569509e-01,1.968064e-13,5.144433e-10,2.991568e-02,-1.354857e-02,5.348591e-03,4.455833e-15,1.812332e+02,1.569451e+09,2.152279e+02,1.260013e+09,1.741138e+02,1.648999e+09
194,monte carlo,2.244856e-11,2.291841e-01,6.051208e-10,7.232366e-10,4.420001e-13,3.808607e-11,2.133652e-01,1.102332e-09,1.237313e-09,1.988238e-13,4.032751e-11,3.887893e-01,6.701000e-10,1.161853e-09,4.509568e-13,2.139979e-11,3.568808e-01,9.499752e-10,3.785693e-10,2.668530e-13,6.752161e-08,2.871345e-01,1.743139e-13,1.630832e-09,7.987464e-08,4.994483e-01,2.722680e-13,1.277507e-09,6.602874e-08,3.095596e-01,3.122366e-13,7.455385e-10,2.502548e-02,-5.000227e-03,3.753701e-03,1.010840e-15,2.157198e+02,1.881981e+09,1.467071e+02,1.269220e+09,1.956687e+02,1.232477e+09
195,monte carlo,2.220869e-11,1.470383e-01,1.165257e-09,1.011350e-09,2.280495e-13,4.074206e-11,2.799618e-01,8.628793e-10,1.183143e-09,2.320836e-13,4.076558e-11,1.566816e-01,9.082639e-10,1.265716e-09,2.831430e-13,2.276301e-11,2.327773e-01,1.092107e-09,1.280990e-09,4.157419e-13,6.669177e-08,3.023587e-01,2.237771e-13,5.190797e-10,8.166855e-08,4.970808e-01,2.432649e-13,6.371736e-10,6.934021e-08,3.549428e-01,2.017194e-13,1.074508e-09,8.767679e-03,-2.551253e-02,9.925031e-04,3.949669e-15,2.023404e+02,1.510746e+09,1.507164e+02,1.299836e+09,1.792089e+02,1.539169e+09
196,monte carlo,2.264500e-11,2.495718e-01,7.841599e-10,6.931321e-10,4.787385e-13,3.803542e-11,2.328260e-01,8.335673e-10,9.977707e-10,4.183191e-13,3.970307e-11,2.528468e-01,6.043768e-10,1.231610e-09,3.833762e-13,2.185217e-11,3.735315e-01,8.411331e-10,1.208135e-09,3.945427e-13,6.953827e-08,4.857158e-01,1.762210e-13,1.842015e-09,8.141576e-08,3.952833e-01,2.860453e-13,8.663184e-10,6.939895e-08,4.035350e-01,2.885465e-13,7.573605e-10,-2.881509e-02,-4.173888e-03,4.428451e-04,2.576699e-15,1.313332e+02,1.628595e+09,1.889438e+02,1.105873e+09,1.577627e+02,1.302580e+09
197,monte carlo,2.210253e-11,1.959663e-01,9.739005e-10,5.135841e-10,2.309860e-13,4.031202e-11,3.500921e-01,8.449290e-10,4.971601e-10,2.172725e-13,3.866975e-11,3.230550e-01,1.171975e-09,2.724170e-10,3.142135e-13,2.309019e-11,1.346519e-01,1.058022e-09,8.030947e-10,2.442269e-13,6.657113e-08,4.569074e-01,1.547664e-13,1.692783e-09,7.989886e-08,4.035561e-01,3.347856e-13,1.799505e-09,6.997840e-08,4.392896e-01,2.568068e-13,1.342732e-09,3.785213e-03,1.621960e-02,4.430469e-03,3.812582e-15,1.336566e+02,1.794736e+09,1.816224e+02,1.085152e+09,1.461322e+02,1.369555e+09
198,monte carlo,2.261940e-11,3.797745e-01,1.044483e-09,9.037399e-10,1.794895e-13,3.819261e-11,3.791403e-01,9.832810e-10,3.025347e-10,4.623953e-13,3.743820e-11,3.061256e-01,8.202308e-10,1.221336e-09,4.399451e-13,2.228839e-11,2.391641e-01,1.104609e-09,8.645704e-10,2.968808e-13,6.630530e-08,3.095742e-01,1.444558e-13,6.204196e-10,8.370968e-08,4.052175e-01,2.927599e-13,8.694756e-10,7.002354e-08,4.553708e-01,2.187702e-13,1.769418e-09,2.298872e-02,-9.625560e-03,-1.950481e-03,3.471294e-15,1.964791e+02,1.853079e+09,1.895048e+02,1.107001e+09,1.410625e+02,1.457348e+09
199,monte carlo,2.219269e-11,1.483155e-01,8.279283e-10,8.459209e-10,3.646753e-13,3.782800e-11,3.385059e-01,7.962619e-10,9.979657e-10,4.881794e-13,4.027658e-11,2.513189e-01,8.362205e-10,6.803121e-10,4.636959e-13,2.290417e-11,2.952975e-01,8.277960e-10,3.469247e-10,4.985056e-13,6.934475e-08,3.691723e-01,1.557238e-13,7.186250e-10,8.301070e-08,5.240570e-01,2.915716e-13,1.925977e-09,6.650808e-08,4.397795e-01,1.840522e-13,6.711386e-10,-1.129831e-03,2.505959e-03,-1.857408e-03,2.519617e-15,1.723127e+02,2.059423e+09,1.453076e+02,1.127006e+09,1.387306e+02,1.636553e+09
200,monte carlo,2.163145e-11,2.619038e-01,8.606501e-10,3.798516e-10,5.279648e-13,3.740468e-11,1.679638e-01,9.080573e-10,6.102792e-10,2.144883e-13,3.795078e-11,2.725021e-01,1.106858e-09,1.246578e-09,2.500293e-13,2.248931e-11,2.772279e-01,7.076549e-10,1.109831e-09,4.850203e-13,6.952030e-08,3.355750e-01,1.166668e-13,1.523169e-09,8.222292e-08,3.669803e-01,1.566272e-13,1.552082e-09,7.003416e-08,3.653377e-01,1.672123e-13,1.880082e-09,-1.077861e-02,1.485485e-02,-5.837077e-03,6.543720e-16,1.900443e+02,1.989402e+09,2.055336e+02,1.674505e+09,1.758523e+02,1.616927e+09
201,monte carlo,2.289321e-11,3.909333e-01,7.110508e-10,3.249859e-10,4.110056e-13,4.043093e-11,3.243318e-01,7.190647e-10,3.199270e-10,1.729617e-13,4.018858e-11,2.608764e-01,6.719053e-10,7.685354e-10,3.264620e-13,2.172821e-11,3.180698e-01,1.184603e-09,4.150120e-10,1.704887e-13,6.950641e-08,3.519879e-01,2.860467e-13,1.068660e-09,8.202205e-08,4.003443e-01,2.508982e-13,7.325890e-10,6.673455e-08,4.689959e-01,2.749468e-13,1.718902e-09,-3.906342e-03,1.816759e-02,-2.908293e-03,6.974481e-16,1.811465e+02,1.198772e+09,1.879445e+02,1.333857e+09,1.305312e+02,1.305560e+09
202,monte carlo,2.276346e-11,2.048553e-01,9.344610e-10,6.744366e-10,4.077926e-13,4.003551e-11,2.274925e-01,7.439162e-10,7.478716e-10,5.186556e-13,3.938807e-11,1.479486e-01,9.608276e-10,8.844099e-10,3.413258e-13,2.264730e-11,3.809223e-01,6.300370e-10,1.030133e-09,4.393963e-13,6.607977e-08,3.875890e-01,1.841881e-13,1.491337e-09,8.393845e-08,4.662231e-01,1.450314e-13,1.981520e-09,6.835050e-08,3.456486e-01,2.703903e-13,9.021759e-10,-2.396954e-02,9.093835e-03,4.426908e-03,4.224716e-15,1.563975e+02,1.554025e+09,1.651581e+02,1.772750e+09,1.814010e+02,1.324277e+09
203,monte carlo,2.195626e-11,2.632486e-01,6.836677e-10,8.746826e-10,2.108270e-13,4.086976e-11,2.846241e-01,1.181905e-09,6.242224e-10,2.619402e-13,3.783305e-11,1.707100e-01,6.848032e-10,1.256845e-09,2.548573e-13,2.227117e-11,1.781419e-01,1.175778e-09,9.531050e-10,3.648720e-13,6.823493e-08,3.196391e-01,1.827663e-13,1.213767e-09,8.133181e-08,5.005757e-01,1.924386e-13,1.915866e-09,6.607056e-08,4.448114e-01,1.499473e-13,1.541045e-09,-1.884841e-02,-1.320007e-02,2.882627e-03,2.562408e-15,1.958301e+02,1.664432e+09,1.490471e+02,1.531660e+09,1.362589e+02,1.997166e+09
204,monte carlo,2.273669e-11,2.172711e-01,9.631224e-10,6.290245e-10,1.859437e-13,3.855740e-11,3.812886e-01,9.625117e-10,5.571470e-10,1.860288e-13,3.706549e-11,3.219122e-01,8.247337e-10,1.087568e-09,2.632337e-13,2.142843e-11,2.744626e-01,7.331127e-10,1.206280e-09,3.668404e-13,6.629274e-08,2.883895e-01,3.046714e-13,5.155670e-10,7.987915e-08,4.177439e-01,2.362855e-13,1.066357e-09,6.940292e-08,4.044626e-01,2.896874e-13,1.023130e-09,4.195730e-03,-1.223232e-03,-3.299636e-03,3.264731e-15,2.108722e+02,1.215197e+09,1.754107e+02,1.290265e+09,1.574099e+02,1.194845e+09
205,monte carlo,2.133122e-11,2.154551e-01,1.027061e-09,7.762892e-10,3.054976e-13,3.926127e-11,2.054522e-01,6.734917e-10,4.432823e-10,4.068403e-13,4.002555e-11,3.430968e-01,1.160524e-09,1.080814e-09,3.355867e-13,2.100420e-11,2.590222e-01,6.201067e-10,1.022647e-09,4.945751e-13,6.688540e-08,4.462059e-01,2.209691e-13,1.486278e-09,8.045996e-08,4.530390e-01,1.627475e-13,1.086597e-09,6.988468e-08,3.831006e-01,1.277832e-13,1.588998e-09,-7.841753e-03,-2.780132e-02,1.233563e-03,1.463358e-15,1.375083e+02,1.591475e+09,1.629210e+02,1.516130e+09,1.673408e+02,1.981774e+09
206,monte carlo,2.109630e-11,2.777289e-01,1.007380e-09,1.157758e-09,3.515360e-13,3.710089e-11,2.257700e-01,6.574731e-10,7.390531e-10,3.009506e-13,4.080254e-11,2.533709e-01,6.644404e-10,6.257305e-10,4.189037e-13,2.228373e-11,3.341914e-01,6.362116e-10,3.759977e-10,4.869285e-13,6.935026e-08,3.147582e-01,1.711222e-13,1.308377e-09,8.087577e-08,4.123445e-01,2.263781e-13,1.345177e-09,6.901039e-08,4.847206e-01,1.705293e-13,1.091904e-09,-4.205077e-03,2.368400e-03,2.407054e-03,4.679051e-15,2.021174e+02,1.930600e+09,1.799248e+02,1.257282e+09,1.306038e+02,1.761913e+09
207,monte carlo,2.219771e-11,2.077731e-01,9.558033e-10,9.287065e-10,3.847874e-13,3.761239e-11,2.926340e-01,7.547063e-10,5.687180e-10,4.536552e-13,3.713547e-11,3.330367e-01,7.304566e-10,6.066730e-10,2.068584e-13,2.268137e-11,2.108405e-01,1.078882e-09,1.150901e-09,3.064955e-13,6.951621e-08,4.864511e-01,2.310566e-13,8.612230e-10,8.169258e-08,4.433863e-01,1.920118e-13,9.790087e-10,6.646478e-08,3.467316e-01,1.945793e-13,9.802496e-10,-1.620643e-02,2.678745e-03,-2.483967e-03,1.884111e-15,1.310930e+02,1.377057e+09,1.690180e+02,1.576819e+09,1.758453e+02,1.594907e+09
208,monte carlo,2.224339e-11,2.352013e-01,1.168138e-09,6.126705e-10,4.205803e-13,4.080817e-11,2.391753e-01,1.176545e-09,4.283699e-10,3.160588e-13,3.969133e-11,1.890736e-01,1.184691e-09,4.824441e-10,2.960321e-13,2.110865e-11,1.875201e-01,6.906407e-10,7.540891e-10,3.361164e-13,6.616812e-08,2.969893e-01,1.696645e-13,1.503219e-09,8.225576e-08,4.486245e-01,3.054277e-13,6.890743e-10,6.748059e-08,3.297000e-01,1.518938e-13,7.192682e-10,1.676267e-02,1.353400e-02,-1.832378e-03,4.322249e-15,2.043811e+02,1.646888e+09,1.681962e+02,1.068893e+09,1.877555e+02,1.828040e+09
209,monte carlo,2.240164e-11,3.734903e-01,1.140165e-09,6.914120e-10,3.404149e-13,3.879023e-11,1.156815e-01,7.731017e-10,3.980111e-10,5.014844e-13,3.838674e-11,3.918197e-01,7.794443e-10,7.509324e-10,4.971335e-13,2.219214e-11,3.499901e-01,1.072082e-09,7.199564e-10,2.400635e-13,6.654893e-08,4.134450e-01,1.945404e-13,9.389225e-10,8.063383e-08,3.599047e-01,1.650615e-13,1.076801e-09,6.631614e-08,3.793550e-01,2.282322e-13,6.451600e-10,2.936560e-02,-2.307243e-02,1.727215e-03,3.019168e-15,1.476577e+02,1.769764e+09,2.055240e+02,1.598206e+09,1.603637e+02,1.566194e+09
210,monte carlo,2.239459e-11,1.159285e-01,1.156511e-09,1.269672e-09,2.004975e-13,3.949140e-11,1.142181e-01,7.781248e-10,5.089780e-10,3.228441e-13,3.754665e-11,1.402342e-01,1.125062e-09,9.229291e-10,4.523122e-13,2.291794e-11,1.614197e-01,1.018851e-09,1.261445e-09,4.655822e-13,6.913912e-08,4.817005e-01,1.640182e-13,1.916677e-09,8.208418e-08,3.392997e-01,2.699172e-13,1.466094e-09,6.924019e-08,3.007803e-01,1.772366e-13,1.173413e-09,2.542871e-02,2.537127e-02,-3.172759e-03,4.506117e-15,1.316678e+02,1.640875e+09,2.219263e+02,1.246676e+09,2.111746e+02,1.929137e+09
211,monte carlo,2.219826e-11,2.465420e-01,7.163637e-10,5.451627e-10,1.825115e-13,3.928549e-11,1.232256e-01,1.114692e-09,1.202677e-09,4.985626e-13,3.731683e-11,3.480552e-01,9.141914e-10,1.037036e-09,2.810689e-13,2.148967e-11,3.605232e-01,7.062103e-10,8.297726e-10,4.979742e-13,6.742703e-08,3.234401e-01,1.518602e-13,9.125848e-10,8.315600e-08,4.851011e-01,3.080713e-13,1.189191e-09,6.994793e-08,3.323478e-01,2.666355e-13,1.289109e-09,-1.378926e-02,1.134497e-02,2.724574e-03,4.954689e-15,1.912374e+02,1.700435e+09,1.572512e+02,1.087023e+09,1.930700e+02,1.264424e+09
212,monte carlo,2.114093e-11,3.990024e-01,9.177704e-10,6.469622e-10,4.960472e-13,3.878627e-11,3.448568e-01,1.096783e-09,1.198211e-09,1.964555e-13,3.747522e-11,2.986865e-01,6.737846e-10,5.375858e-10,1.905969e-13,2.269203e-11,1.260550e-01,6.170662e-10,4.716335e-10,2.431443e-13,6.890607e-08,3.189499e-01,2.317358e-13,1.088523e-09,7.995088e-08,3.919369e-01,2.770697e-13,5.077720e-10,6.994358e-08,3.596867e-01,1.191901e-13,6.031153e-10,2.416410e-02,-4.096887e-03,1.082354e-03,2.562900e-15,1.981836e+02,1.416410e+09,1.871285e+02,1.184915e+09,1.783841e+02,2.038324e+09
213,monte carlo,2.129180e-11,2.710276e-01,9.641420e-10,3.393971e-10,3.413451e-13,3.885752e-11,3.533859e-01,8.698419e-10,7.431605e-10,2.274989e-13,3.982660e-11,1.153797e-01,8.752659e-10,1.262195e-09,4.099147e-13,2.285192e-11,1.136348e-01,7.065554e-10,1.028504e-09,2.701561e-13,6.820021e-08,3.689771e-01,1.534076e-13,7.176108e-10,8.056706e-08,3.676193e-01,2.907980e-13,6.305896e-10,6.698670e-08,3.082932e-01,2.377645e-13,9.710299e-10,-2.608667e-02,-8.097125e-03,-4.932353e-04,2.114379e-15,1.695583e+02,1.850801e+09,2.010444e+02,1.174308e+09,1.993230e+02,1.427895e+09
214,monte carlo,2.300033e-11,3.029742e-01,1.187722e-09,3.821461e-10,4.787926e-13,3.899744e-11,2.847855e-01,8.863973e-10,9.678779e-10,4.614389e-13,3.832910e-11,1.861091e-01,1.031258e-09,1.079080e-09,3.621659e-13,2.113524e-11,3.537061e-01,9.259747e-10,7.802621e-10,2.152109e-13,6.669660e-08,2.860858e-01,1.245545e-13,1.406931e-09,8.199185e-08,3.899514e-01,3.426484e-13,1.911450e-09,6.832234e-08,3.021156e-01,3.200872e-13,9.644850e-10,-1.537140e-02,-4.652094e-03,-1.328662e-03,3.802686e-15,2.138652e+02,2.019769e+09,1.928826e+02,1.079002e+09,2.074542e+02,1.199516e+09
215,monte carlo,2.292147e-11,1.253236e-01,8.670027e-10,1.147768e-09,5.250917e-13,3.746875e-11,2.600939e-01,9.239511e-10,3.061829e-10,1.692726e-13,3.846461e-11,2.285472e-01,6.584520e-10,1.248189e-09,2.409558e-13,2.144727e-11,3.368781e-01,7.160575e-10,7.806624e-10,5.081496e-13,6.798403e-08,3.277579e-01,2.195998e-13,1.235337e-09,8.156188e-08,4.495156e-01,1.590802e-13,1.998536e-09,6.924543e-08,4.375253e-01,1.477369e-13,5.142799e-10,-1.720193e-02,-7.038353e-03,3.810618e-03,3.684340e-15,1.902771e+02,1.598576e+09,1.664467e+02,1.814822e+09,1.451846e+02,1.699398e+09
216,monte carlo,2.257060e-11,3.390972e-01,1.128628e-09,5.398670e-10,2.543926e-13,3.795414e-11,2.786360e-01,6.529681e-10,1.022949e-09,3.350149e-13,3.909257e-11,1.587194e-01,9.989413e-10,6.099836e-10,3.748419e-13,2.158922e-11,2.274500e-01,6.669380e-10,5.890527e-10,5.263598e-13,6.638792e-08,3.147207e-01,2.508038e-13,1.157980e-09,8.164894e-08,3.445392e-01,2.730531e-13,5.970953e-10,6.769069e-08,3.289600e-01,3.156944e-13,1.256900e-09,1.921479e-02,2.213767e-02,4.743241e-03,2.902422e-15,1.935069e+02,1.380833e+09,2.173925e+02,1.186723e+09,1.887637e+02,1.220708e+09
217,monte carlo,2.235329e-11,3.507745e-01,7.821834e-10,5.073820e-10,4.371510e-13,3.833956e-11,1.286683e-01,1.069552e-09,9.506717e-10,3.036881e-13,3.844183e-11,1.485950e-01,7.461709e-10,7.498470e-10,3.715208e-13,2.114652e-11,2.529739e-01,6.696139e-10,9.161697e-10,3.282083e-13,6.681120e-08,3.346458e-01,1.626327e-13,6.443442e-10,8.252382e-08,4.718547e-01,2.675913e-13,1.341582e-09,6.614559e-08,3.372921e-01,1.763631e-13,1.272748e-09,1.947295e-02,2.735576e-02,-5.011975e-03,4.983745e-15,1.831457e+02,1.844282e+09,1.604367e+02,1.191389e+09,1.798984e+02,1.671023e+09
218,monte carlo,2.186427e-11,1.021831e-01,1.136257e-09,9.581420e-10,5.145380e-13,3.892540e-11,1.550920e-01,7.179173e-10,2.710379e-10,4.310970e-13,4.084449e-11,1.226808e-01,1.000030e-09,1.090635e-09,2.713035e-13,2.243884e-11,1.477436e-01,8.690718e-10,6.582110e-10,3.236505e-13,6.890344e-08,3.494338e-01,2.919698e-13,1.939723e-09,8.210382e-08,5.137551e-01,2.441289e-13,1.681255e-09,6.663119e-08,4.587951e-01,1.908861e-13,1.827231e-09,-2.973127e-02,-2.059863e-02,-5.927912e-04,3.762271e-15,1.808876e+02,1.249556e+09,1.466020e+02,1.198640e+09,1.332268e+02,1.576715e+09
219,monte carlo,2.233418e-11,2.538227e-01,1.142988e-09,1.261790e-09,4.711947e-13,3.848045e-11,2.925180e-01,1.172054e-09,7.128046e-10,3.474594e-13,3.736540e-11,2.354182e-01,1.146163e-09,1.214897e-09,4.159413e-13,2.150710e-11,2.070762e-01,7.839936e-10,1.030814e-09,1.804090e-13,6.928021e-08,4.762260e-01,1.316122e-13,1.814730e-09,8.184522e-08,5.571007e-01,1.643317e-13,1.938109e-09,7.002932e-08,3.523408e-01,1.633521e-13,1.619770e-09,2.734293e-02,3.745913e-03,-3.456815e-03,2.064581e-15,1.334531e+02,1.940046e+09,1.347697e+02,1.655892e+09,1.823265e+02,1.980961e+09
220,monte carlo,2.254256e-11,3.075096e-01,6.101917e-10,8.728807e-10,3.054353e-13,3.919604e-11,1.803829e-01,7.578567e-10,1.224115e-09,2.833288e-13,3.804387e-11,2.364222e-01,8.345448e-10,9.491249e-10,3.095782e-13,2.187934e-11,1.928424e-01,9.860990e-10,4.533374e-10,4.363929e-13,6.906872e-08,4.329246e-01,1.554010e-13,1.942181e-09,8.294673e-08,5.663710e-01,1.703684e-13,1.387807e-09,6.895319e-08,4.588583e-01,3.230265e-13,1.086210e-09,1.998217e-02,1.172873e-02,-4.136296e-03,2.097618e-15,1.463531e+02,1.911688e+09,1.343479e+02,1.713417e+09,1.378505e+02,1.224903e+09
221,monte carlo,2.237532e-11,3.509613e-01,6.869064e-10,1.182139e-09,2.327013e-13,3.902521e-11,1.312184e-01,8.692828e-10,9.737765e-10,1.723946e-13,4.037742e-11,3.073554e-01,7.639337e-10,9.394714e-10,3.763215e-13,2.259577e-11,2.261651e-01,9.842423e-10,6.878779e-10,4.675646e-13,6.985974e-08,3.034947e-01,3.086284e-13,1.458385e-09,8.349736e-08,5.345463e-01,1.702229e-13,1.651531e-09,6.667855e-08,3.253821e-01,1.282499e-13,5.674695e-10,-1.302826e-02,-1.029913e-02,5.317210e-03,2.289929e-15,2.111585e+02,1.204028e+09,1.432914e+02,1.786454e+09,1.879859e+02,2.004117e+09
222,monte carlo,2.170137e-11,2.583076e-01,7.041561e-10,7.517707e-10,5.268154e-13,4.087259e-11,3.649282e-01,1.073638e-09,6.198730e-10,3.971501e-13,3.796728e-11,2.585154e-01,1.166772e-09,8.617947e-10,2.764405e-13,2.269493e-11,3.285256e-01,9.591074e-10,7.985034e-10,3.884736e-13,6.866040e-08,3.037200e-01,1.682634e-13,1.483367e-09,8.335751e-08,3.654219e-01,2.186755e-13,8.591635e-10,6.945623e-08,3.365094e-01,1.455003e-13,7.382822e-10,1.914805e-02,2.336429e-02,-4.594761e-03,4.307007e-15,2.073794e+02,1.960808e+09,2.092584e+02,1.474798e+09,1.893419e+02,2.049591e+09
223,monte carlo,2.114832e-11,3.611961e-01,9.712122e-10,6.525697e-10,3.708869e-13,3.971842e-11,2.288338e-01,8.823241e-10,8.727077e-10,2.183686e-13,3.741346e-11,1.549110e-01,7.737468e-10,1.059623e-09,2.206127e-13,2.283104e-11,2.625194e-01,6.241205e-10,3.951871e-10,1.726066e-13,6.825243e-08,2.928332e-01,2.216245e-13,1.539042e-09,8.197006e-08,4.739752e-01,2.900621e-13,1.552975e-09,6.635826e-08,3.532693e-01,1.369661e-13,1.668336e-09,1.657520e-02,1.142935e-02,-3.842685e-03,2.314951e-15,2.138112e+02,1.496885e+09,1.586472e+02,1.163380e+09,1.723145e+02,2.023520e+09
224,monte carlo,2.237029e-11,3.264097e-01,9.123732e-10,1.265212e-09,2.751912e-13,3.983144e-11,3.979642e-01,8.905278e-10,8.480586e-10,2.764051e-13,3.855181e-11,2.564767e-01,6.924533e-10,6.396455e-10,4.557177e-13,2.240602e-11,1.453136e-01,1.075639e-09,6.453259e-10,5.033122e-13,6.988922e-08,4.165399e-01,3.150159e-13,5.113436e-10,8.179685e-08,3.577066e-01,1.689649e-13,7.145596e-10,6.753282e-08,3.146128e-01,1.848996e-13,5.668668e-10,7.401964e-04,1.972209e-02,-2.088595e-04,2.292398e-15,1.539169e+02,1.220309e+09,2.097695e+02,1.483519e+09,1.969115e+02,1.554537e+09
225,monte carlo,2.275203e-11,3.420258e-01,1.156705e-09,3.693504e-10,3.447532e-13,3.724174e-11,3.049074e-01,1.143057e-09,1.075871e-09,2.509729e-13,3.795955e-11,3.657486e-01,7.536160e-10,7.013078e-10,1.876556e-13,2.123086e-11,2.986666e-01,7.117841e-10,1.015174e-09,4.364908e-13,6.744647e-08,3.633116e-01,2.063508e-13,9.342990e-10,8.016770e-08,4.388337e-01,1.980080e-13,7.456912e-10,6.910955e-08,4.272037e-01,1.817153e-13,1.946104e-09,-1.959019e-02,-1.458680e-03,8.499727e-05,4.373948e-15,1.702992e+02,1.689305e+09,1.675839e+02,1.458172e+09,1.484006e+02,1.867519e+09
226,monte carlo,2.120263e-11,1.147028e-01,8.487564e-10,1.068670e-09,5.089525e-13,3.974804e-11,1.228565e-01,8.763682e-10,7.364803e-10,3.930870e-13,3.766882e-11,3.189573e-01,6.113388e-10,5.328779e-10,2.574430e-13,2.274583e-11,3.393046e-01,9.769653e-10,4.145946e-10,4.790575e-13,6.709447e-08,3.086668e-01,3.015048e-13,1.395104e-09,8.232585e-08,4.076644e-01,3.013345e-13,1.956276e-09,6.597748e-08,4.392227e-01,1.553020e-13,1.601737e-09,-1.821343e-02,-1.625274e-02,7.937593e-04,4.349704e-15,1.994020e+02,1.248895e+09,1.852534e+02,1.168688e+09,1.377982e+02,2.036009e+09
227,monte carlo,2.249728e-11,2.033179e-01,6.146029e-10,1.284075e-09,1.845339e-13,3.795515e-11,1.641492e-01,8.020193e-10,8.270694e-10,1.997978e-13,3.822085e-11,1.848007e-01,1.042192e-09,3.928023e-10,4.762809e-13,2.179401e-11,3.126804e-01,6.277372e-10,3.366374e-10,2.659747e-13,6.935157e-08,4.137106e-01,1.176257e-13,1.184635e-09,8.107260e-08,3.570428e-01,2.057929e-13,7.094746e-10,6.809206e-08,4.537800e-01,1.911451e-13,8.847606e-10,1.891024e-02,1.871114e-02,-4.131079e-03,1.089907e-15,1.537773e+02,2.056289e+09,2.082987e+02,1.384591e+09,1.376524e+02,1.527861e+09
228,monte carlo,2.155084e-11,2.269956e-01,6.156714e-10,6.896067e-10,2.702015e-13,4.082269e-11,3.859638e-01,9.245091e-10,3.825321e-10,2.099801e-13,3.878890e-11,2.185836e-01,1.064470e-09,1.048878e-09,2.468581e-13,2.286225e-11,3.244355e-01,9.492150e-10,7.109842e-10,5.170476e-13,6.722054e-08,3.623181e-01,1.461270e-13,9.554503e-10,8.380869e-08,3.509336e-01,2.536850e-13,8.223516e-10,6.993132e-08,3.688249e-01,2.278327e-13,1.182394e-09,2.344612e-02,-2.041531e-02,-2.852449e-03,2.305133e-15,1.701942e+02,1.800988e+09,2.190770e+02,1.204074e+09,1.739339e+02,1.544062e+09
229,monte carlo,2.178067e-11,2.295625e-01,1.026897e-09,5.761146e-10,2.287699e-13,4.072962e-11,1.513355e-01,8.226071e-10,8.726016e-10,1.982127e-13,3.841412e-11,3.640727e-01,9.018554e-10,8.734291e-10,2.470780e-13,2.120408e-11,3.881341e-01,6.559973e-10,5.020435e-10,2.104095e-13,6.825554e-08,3.131037e-01,2.077175e-13,1.352700e-09,7.962861e-08,4.895039e-01,1.877421e-13,1.148015e-09,6.599950e-08,3.598662e-01,2.540212e-13,5.659577e-10,1.858097e-02,1.934913e-02,3.165940e-03,2.520633e-15,1.999781e+02,1.438185e+09,1.492264e+02,1.626502e+09,1.682412e+02,1.482040e+09
230,monte carlo,2.149257e-11,3.652696e-01,6.493789e-10,6.558142e-10,1.776433e-13,3.996456e-11,1.982923e-01,1.000746e-09,1.262677e-09,4.168917e-13,3.878591e-11,2.661313e-01,7.266940e-10,1.221313e-09,4.747138e-13,2.231044e-11,3.917491e-01,8.919869e-10,9.146863e-10,4.914696e-13,6.782671e-08,3.702327e-01,2.961337e-13,9.293493e-10,8.043560e-08,4.917714e-01,2.619042e-13,1.833261e-09,6.666069e-08,3.414617e-01,1.724723e-13,8.208320e-10,1.101349e-02,3.421951e-03,2.321551e-03,4.152778e-15,1.680578e+02,1.223324e+09,1.500437e+02,1.216440e+09,1.790855e+02,1.704871e+09
231,monte carlo,2.263600e-11,3.409135e-01,6.346761e-10,6.168459e-10,3.109878e-13,3.764156e-11,3.878289e-01,1.102698e-09,9.665354e-10,4.151455e-13,3.870995e-11,1.920199e-01,7.685478e-10,3.006941e-10,4.594311e-13,2.262496e-11,1.880826e-01,6.256479e-10,1.110116e-09,2.142045e-13,6.851777e-08,3.107861e-01,2.828862e-13,8.942775e-10,8.268301e-08,3.743895e-01,1.516343e-13,5.616639e-10,6.719946e-08,3.290343e-01,1.522988e-13,8.804622e-10,1.989741e-02,-1.898553e-02,-2.958461e-03,1.525877e-15,2.022434e+02,1.228757e+09,2.025934e+02,1.581964e+09,1.873516e+02,1.718668e+09
232,monte carlo,2.162091e-11,2.534282e-01,1.192241e-09,5.452764e-10,1.729852e-13,3.715225e-11,3.911457e-01,8.234530e-10,9.467857e-10,2.580096e-13,4.036986e-11,2.172824e-01,7.892593e-10,9.935015e-10,2.769400e-13,2.205657e-11,1.547115e-01,6.627001e-10,5.222684e-10,5.259906e-13,6.970626e-08,3.941897e-01,2.376038e-13,7.648294e-10,8.019007e-08,3.716094e-01,3.066662e-13,1.100648e-09,6.999650e-08,4.767085e-01,1.792641e-13,1.181871e-09,-2.742414e-02,2.748175e-02,1.270504e-03,2.555596e-15,1.622181e+02,1.500835e+09,1.979551e+02,1.149712e+09,1.346965e+02,1.780899e+09
233,monte carlo,2.178696e-11,1.233153e-01,6.827383e-10,9.391789e-10,4.254790e-13,3.926919e-11,1.898279e-01,9.159776e-10,7.558903e-10,4.152516e-13,4.090643e-11,3.877886e-01,6.094427e-10,9.172569e-10,1.846289e-13,2.297309e-11,1.043394e-01,7.000120e-10,8.170280e-10,1.697042e-13,6.994888e-08,3.154175e-01,1.712181e-13,1.479154e-09,8.261132e-08,3.631400e-01,1.972459e-13,1.659312e-09,6.618108e-08,2.962889e-01,1.677233e-13,8.452257e-10,-1.745035e-02,-2.395598e-02,-1.054172e-03,1.694092e-15,2.034359e+02,1.963119e+09,2.086884e+02,1.511995e+09,2.049044e+02,1.738764e+09
234,monte carlo,2.229648e-11,2.078003e-01,1.030219e-09,9.832130e-10,2.444804e-13,3.733654e-11,2.072147e-01,6.269476e-10,7.321770e-10,5.011724e-13,3.969277e-11,1.806541e-01,7.591989e-10,6.878170e-10,4.038167e-13,2.185299e-11,2.139667e-01,8.143480e-10,7.007031e-10,1.795205e-13,6.830217e-08,3.505609e-01,3.135934e-13,1.298639e-09,8.355997e-08,3.490547e-01,2.141411e-13,7.283827e-10,6.791627e-08,3.081530e-01,2.112936e-13,9.211432e-10,-2.459081e-03,-7.396118e-03,-5.345256e-03,2.866691e-15,1.787326e+02,1.248847e+09,2.196026e+02,1.433425e+09,2.021809e+02,1.533594e+09
235,monte carlo,2.140667e-11,1.695791e-01,9.225554e-10,1.096759e-09,3.093324e-13,3.920114e-11,2.444181e-01,1.010002e-09,5.211970e-10,2.987649e-13,3.740970e-11,1.972389e-01,8.746907e-10,1.269750e-09,1.808060e-13,2.295520e-11,3.832608e-01,7.008872e-10,8.330132e-10,3.605233e-13,6.847308e-08,3.248896e-01,2.974537e-13,6.312435e-10,7.967142e-08,4.535677e-01,2.551082e-13,1.507909e-09,6.635915e-08,3.607026e-01,2.942139e-13,9.233423e-10,1.515771e-02,1.252558e-02,-5.428696e-03,2.336620e-15,1.933378e+02,1.216728e+09,1.611362e+02,1.163927e+09,1.687657e+02,1.227490e+09
236,monte carlo,2.272524e-11,3.936479e-01,8.173992e-10,6.175977e-10,2.670536e-13,3.891294e-11,2.879722e-01,7.684583e-10,5.051196e-10,1.853317e-13,3.795945e-11,1.547855e-01,1.144654e-09,5.073286e-10,3.592636e-13,2.093334e-11,3.610637e-01,1.158682e-09,5.301238e-10,2.760500e-13,6.782623e-08,3.177251e-01,2.253227e-13,1.256201e-09,8.340575e-08,5.048991e-01,1.609583e-13,6.293167e-10,6.766677e-08,3.385332e-01,2.755859e-13,1.294141e-09,-4.975060e-03,-2.859766e-02,1.671842e-03,2.336042e-15,1.958298e+02,1.491024e+09,1.515389e+02,1.574524e+09,1.833610e+02,1.267637e+09
237,monte carlo,2.096080e-11,2.482133e-01,1.150443e-09,1.017033e-09,2.370520e-13,3.935263e-11,3.726567e-01,6.610470e-10,3.406666e-10,2.767770e-13,3.853783e-11,3.290807e-01,8.324629e-10,5.421118e-10,4.016845e-13,2.281775e-11,1.231613e-01,1.047817e-09,7.499785e-10,4.491944e-13,6.714476e-08,4.226329e-01,1.694139e-13,1.092980e-09,8.059972e-08,3.534639e-01,1.569484e-13,1.503045e-09,6.758038e-08,3.605415e-01,1.513717e-13,1.093183e-09,-2.117739e-02,-2.153452e-02,1.407763e-03,3.249049e-15,1.457409e+02,1.729074e+09,2.091805e+02,1.643074e+09,1.719484e+02,1.943222e+09
238,monte carlo,2.135653e-11,1.137741e-01,7.990841e-10,7.065409e-10,5.055260e-13,3.819588e-11,2.559641e-01,7.483670e-10,3.253934e-10,2.519029e-13,3.813413e-11,2.386167e-01,7.060522e-10,2.771950e-10,5.203164e-13,2.130595e-11,2.249020e-01,1.015102e-09,9.114773e-10,4.327718e-13,6.691616e-08,2.914700e-01,2.603160e-13,1.765585e-09,8.082301e-08,4.066341e-01,2.752276e-13,5.451275e-10,6.716588e-08,4.520523e-01,1.865015e-13,9.559316e-10,9.476459e-03,1.308093e-03,9.018592e-04,1.322834e-15,2.106056e+02,1.350989e+09,1.823324e+02,1.217841e+09,1.362990e+02,1.668757e+09
239,monte carlo,2.183034e-11,1.748742e-01,1.191796e-09,8.226621e-10,4.101170e-13,4.062556e-11,1.600673e-01,6.930524e-10,6.529595e-10,3.744017e-13,4.080551e-11,1.475120e-01,1.191695e-09,5.298608e-10,3.345369e-13,2.124264e-11,2.201114e-01,1.065870e-09,8.596265e-10,3.247888e-13,6.775739e-08,3.784082e-01,2.870968e-13,1.216904e-09,8.166066e-08,4.083370e-01,1.813840e-13,1.892721e-09,6.763659e-08,3.307300e-01,1.338032e-13,6.749644e-10,-1.974261e-03,1.246339e-02,4.136573e-03,1.073552e-15,1.642589e+02,1.204294e+09,1.834539e+02,1.684315e+09,1.876035e+02,2.033160e+09
240,monte carlo,2.130172e-11,2.278370e-01,7.422659e-10,4.482868e-10,2.030353e-13,4.010322e-11,2.191024e-01,6.872627e-10,8.819974e-10,3.425863e-13,4.060510e-11,3.190682e-01,1.084678e-09,5.090900e-10,4.471952e-13,2.149367e-11,1.879799e-01,6.196143e-10,3.990823e-10,1.930254e-13,6.922820e-08,4.660092e-01,1.815254e-13,1.999602e-09,8.367778e-08,3.684534e-01,1.749676e-13,1.147671e-09,6.668264e-08,3.549457e-01,1.875638e-13,1.559616e-09,9.759653e-03,-1.707626e-02,1.522124e-03,1.286855e-15,1.362766e+02,1.728349e+09,2.083341e+02,1.758843e+09,1.723390e+02,1.567344e+09
241,monte carlo,2.177160e-11,1.907599e-01,6.233450e-10,1.107289e-09,4.489557e-13,3.729954e-11,2.788127e-01,1.024670e-09,7.376046e-10,4.934716e-13,3.833597e-11,3.208323e-01,9.465052e-10,7.452143e-10,4.019831e-13,2.267896e-11,3.708663e-01,8.492428e-10,9.400401e-10,3.122738e-13,6.773965e-08,3.135525e-01,2.778116e-13,1.737808e-09,8.289625e-08,3.981818e-01,1.627968e-13,1.733227e-09,6.913105e-08,3.222330e-01,1.503690e-13,1.636185e-09,-2.071587e-02,-5.175790e-03,1.120617e-03,2.405494e-15,1.981825e+02,1.245631e+09,1.909793e+02,1.557040e+09,1.968049e+02,1.964517e+09
242,monte carlo,2.158326e-11,3.982147e-01,6.697257e-10,4.769878e-10,5.099695e-13,4.015059e-11,3.369217e-01,8.022624e-10,8.094152e-10,3.807921e-13,4.086423e-11,3.227097e-01,9.965544e-10,7.630321e-10,4.319107e-13,2.117253e-11,1.970272e-01,7.300660e-10,4.095886e-10,1.707757e-13,6.879856e-08,4.107418e-01,2.805971e-13,6.539157e-10,8.132080e-08,3.643486e-01,2.789978e-13,1.904946e-09,6.774971e-08,4.039972e-01,1.914826e-13,1.247604e-09,-1.983343e-02,-8.729715e-03,-1.991088e-03,4.887934e-15,1.536537e+02,1.230708e+09,2.047469e+02,1.116925e+09,1.538374e+02,1.600886e+09
243,monte carlo,2.125618e-11,3.819942e-01,7.571563e-10,1.196762e-09,2.793462e-13,3.757341e-11,1.604329e-01,6.025170e-10,4.404153e-10,1.758745e-13,3.719590e-11,2.041671e-01,9.479932e-10,1.127875e-09,2.269586e-13,2.210529e-11,3.363532e-01,9.119696e-10,5.771271e-10,1.743177e-13,6.942464e-08,3.128786e-01,2.120070e-13,5.929407e-10,8.181843e-08,4.209292e-01,1.472948e-13,1.025042e-09,6.959428e-08,3.013298e-01,2.968000e-13,8.989450e-10,1.055596e-02,8.337764e-03,-5.592511e-04,3.016201e-15,2.035497e+02,1.421790e+09,1.783096e+02,1.669862e+09,2.118674e+02,1.199961e+09
244,monte carlo,2.273185e-11,1.066162e-01,1.144877e-09,1.110605e-09,3.090455e-13,3.966525e-11,1.269480e-01,7.954836e-10,6.976680e-10,3.902634e-13,4.047763e-11,2.461230e-01,7.870081e-10,6.228902e-10,4.910319e-13,2.297859e-11,2.293371e-01,7.046661e-10,1.164437e-09,1.870617e-13,6.892414e-08,3.571318e-01,1.771940e-13,1.173326e-09,7.964913e-08,4.604930e-01,2.027692e-13,7.692091e-10,6.841810e-08,4.550870e-01,2.389053e-13,1.695820e-09,-5.317286e-03,2.497261e-02,4.672260e-03,1.818763e-15,1.770417e+02,1.792181e+09,1.586685e+02,1.394591e+09,1.379143e+02,1.395729e+09
245,monte carlo,2.294457e-11,3.875836e-01,9.028189e-10,7.986307e-10,4.040044e-13,4.044857e-11,2.245741e-01,1.000461e-09,6.490695e-10,2.126172e-13,3.993023e-11,1.744664e-01,1.045244e-09,3.834755e-10,3.410289e-13,2.287394e-11,3.502224e-01,1.020002e-09,4.599709e-10,2.919528e-13,6.683131e-08,3.539031e-01,3.341084e-13,5.492309e-10,8.445675e-08,4.679524e-01,1.945133e-13,1.435953e-09,6.604485e-08,2.971856e-01,1.220431e-13,1.643119e-09,-9.647049e-04,-1.274759e-02,4.733013e-03,3.503106e-15,1.732321e+02,1.197009e+09,1.655638e+02,1.452792e+09,2.038656e+02,1.943206e+09
246,monte carlo,2.116135e-11,1.503347e-01,6.387068e-10,7.360831e-10,4.148241e-13,3.836349e-11,2.799358e-01,7.100121e-10,5.833989e-10,1.938861e-13,3.816116e-11,1.893109e-01,7.788886e-10,3.316294e-10,2.872699e-13,2.253289e-11,1.566378e-01,7.101665e-10,1.024993e-09,3.575614e-13,6.958800e-08,3.600175e-01,1.645744e-13,1.198954e-09,8.309470e-08,5.092475e-01,1.338387e-13,8.196149e-10,6.962916e-08,3.287020e-01,1.194608e-13,1.229938e-09,2.497413e-02,2.122036e-02,1.065664e-03,2.158443e-15,1.773142e+02,1.784816e+09,1.496846e+02,1.637665e+09,1.943218e+02,1.954869e+09
247,monte carlo,2.092444e-11,1.084893e-01,8.162972e-10,1.153722e-09,4.392231e-13,3.990383e-11,1.085381e-01,8.593500e-10,7.347010e-10,2.087267e-13,3.811233e-11,1.380988e-01,1.166477e-09,1.086424e-09,3.147305e-13,2.238664e-11,1.674680e-01,9.491018e-10,3.790522e-10,2.390688e-13,6.786394e-08,3.098136e-01,2.312668e-13,1.031553e-09,8.418587e-08,3.779012e-01,1.634104e-13,1.449118e-09,6.667763e-08,3.043484e-01,1.533690e-13,1.699153e-09,-2.011984e-02,9.043740e-03,3.668527e-03,3.289395e-15,2.009423e+02,1.443295e+09,2.043589e+02,1.459278e+09,2.009749e+02,1.697450e+09
248,monte carlo,2.264697e-11,1.548605e-01,9.658031e-10,8.369337e-10,2.979687e-13,3.802754e-11,2.254992e-01,9.392517e-10,5.309057e-10,4.250911e-13,3.737289e-11,2.216226e-01,1.013314e-09,7.609229e-10,5.147622e-13,2.309715e-11,3.369187e-01,1.082712e-09,9.946769e-10,2.111222e-13,6.757822e-08,3.237140e-01,2.016663e-13,1.835632e-09,8.094142e-08,4.118184e-01,2.753689e-13,1.014181e-09,6.693671e-08,3.864071e-01,1.912545e-13,1.063819e-09,-2.206804e-02,2.042520e-02,-4.630475e-03,2.251783e-15,1.915041e+02,1.596468e+09,1.803009e+02,1.186786e+09,1.589103e+02,1.615146e+09
249,monte carlo,2.092979e-11,1.403663e-01,9.732410e-10,6.040405e-10,2.839330e-13,3.706793e-11,2.662886e-01,1.012854e-09,1.066377e-09,3.614162e-13,3.940131e-11,1.403056e-01,9.166401e-10,1.144406e-09,2.645429e-13,2.130295e-11,3.896926e-01,6.203394e-10,1.239727e-09,2.512103e-13,6.977449e-08,3.472244e-01,1.765409e-13,8.735902e-10,8.331672e-08,4.851324e-01,1.894921e-13,6.791328e-10,6.671168e-08,3.826398e-01,1.548843e-13,1.758546e-09,1.635614e-02,2.631994e-02,-2.759922e-03,3.621885e-15,1.843398e+02,1.588861e+09,1.575450e+02,1.545962e+09,1.599354e+02,1.805299e+09
250,monte carlo,2.230284e-11,3.250567e-01,7.833158e-10,1.232273e-09,2.085340e-13,4.054220e-11,1.259409e-01,1.178870e-09,1.199365e-09,2.322977e-13,3.838237e-11,2.406178e-01,6.976799e-10,1.046632e-09,2.779005e-13,2.248180e-11,2.770999e-01,1.154682e-09,1.058670e-09,3.829518e-13,6.789829e-08,3.664434e-01,1.365590e-13,1.630216e-09,7.963984e-08,4.605844e-01,1.545093e-13,5.231684e-10,6.635272e-08,3.786649e-01,1.957429e-13,1.987597e-09,-2.330906e-02,-9.649242e-04,-9.657535e-04,3.859391e-15,1.699749e+02,1.886511e+09,1.586185e+02,1.555980e+09,1.607446e+02,1.696366e+09
251,monte carlo,2.152528e-11,3.677661e-01,1.107792e-09,9.954607e-10,3.934090e-13,3.835469e-11,3.945855e-01,8.668188e-10,1.148204e-09,2.968838e-13,3.825835e-11,1.857986e-01,8.000566e-10,1.047035e-09,4.417244e-13,2.163049e-11,1.846163e-01,9.288235e-10,3.735082e-10,1.790195e-13,6.608455e-08,4.041245e-01,1.598360e-13,8.799225e-10,8.430051e-08,5.434065e-01,1.585818e-13,1.287939e-09,6.987082e-08,3.984249e-01,2.262859e-13,9.993471e-10,1.319213e-02,2.783369e-03,-5.712596e-03,9.381734e-16,1.500091e+02,1.951978e+09,1.423109e+02,1.729034e+09,1.608726e+02,1.570319e+09
252,monte carlo,2.148366e-11,1.432912e-01,8.682803e-10,1.121709e-09,2.235367e-13,3.784114e-11,2.134762e-01,1.173809e-09,5.803310e-10,4.876178e-13,4.065918e-11,1.925524e-01,1.054794e-09,5.125192e-10,1.902069e-13,2.126440e-11,1.853657e-01,9.911521e-10,9.623865e-10,2.206910e-13,6.866588e-08,3.007817e-01,2.973711e-13,5.102041e-10,7.988953e-08,3.318397e-01,1.593755e-13,1.099448e-09,6.759370e-08,4.585122e-01,2.193705e-13,6.779670e-10,-1.308186e-02,1.577146e-02,-2.570887e-03,1.488470e-15,2.094220e+02,1.201044e+09,2.208484e+02,1.513655e+09,1.352347e+02,1.489783e+09
253,worst case il,2.090000e-11,4.000000e-01,6.000000e-10,2.693699e-10,1.682769e-13,4.095000e-11,4.000000e-01,1.200000e-09,1.299287e-09,5.296728e-13,4.095000e-11,4.000000e-01,1.200000e-09,1.299287e-09,5.296728e-13,2.090000e-11,4.000000e-01,6.000000e-10,2.693699e-10,1.682769e-13,7.004000e-08,4.938849e-01,3.338205e-13,2.000000e-09,8.446000e-08,5.786111e-01,3.460389e-13,2.000000e-09,7.004000e-08,4.938849e-01,3.338205e-13,2.000000e-09,-3.000000e-02,-3.000000e-02,6.000000e-03,5.000000e-15,1.300928e+02,1.193669e+09,1.339051e+02,1.061749e+09,1.300928e+02,1.193669e+09
254,worst case att2,2.090000e-11,1.000000e-01,6.000000e-10,2.693699e-10,1.682769e-13,3.705000e-11,1.000000e-01,6.000000e-10,2.693699e-10,1.682769e-13,3.705000e-11,1.000000e-01,6.000000e-10,2.693699e-10,1.682769e-13,2.090000e-11,1.000000e-01,6.000000e-10,2.693699e-10,1.682769e-13,6.596000e-08,2.790689e-01,1.098402e-13,5.000000e-10,7.954000e-08,3.269434e-01,1.141650e-13,5.000000e-10,6.596000e-08,2.790689e-01,1.098402e-13,5.000000e-10,3.000000e-02,3.000000e-02,-6.000000e-03,5.000000e-16,2.168213e+02,2.067495e+09,2.231751e+02,1.839004e+09,2.168213e+02,2.067495e+09
255,worst case att3,2.090000e-11,1.000000e-01,6.000000e-10,2.693699e-10,1.682769e-13,3.705000e-11,1.000000e-01,6.000000e-10,2.693699e-10,1.682769e-13,3.705000e-11,1.000000e-01,6.000000e-10,2.693699e-10,1.682769e-13,2.090000e-11,1.000000e-01,6.000000e-10,2.693699e-10,1.682769e-13,6.596000e-08,2.790689e-01,1.098402e-13,5.000000e-10,7.954000e-08,3.269434e-01,1.141650e-13,5.000000e-10,6.596000e-08,2.790689e-01,1.098402e-13,5.000000e-10,3.000000e-02,3.000000e-02,-6.000000e-03,5.000000e-16,2.168213e+02,2.067495e+09,2.231751e+02,1.839004e+09,2.168213e+02,2.067495e+09
256,worst case atthi,2.310000e-11,1.000000e-01,1.200000e-09,1.299287e-09,5.296728e-13,4.095000e-11,1.000000e-01,1.200000e-09,1.299287e-09,5.296728e-13,4.095000e-11,1.000000e-01,1.200000e-09,1.299287e-09,5.296728e-13,2.310000e-11,1.000000e-01,1.200000e-09,1.299287e-09,5.296728e-13,6.596000e-08,2.790689e-01,3.495207e-13,2.000000e-09,7.954000e-08,3.269434e-01,3.624949e-13,2.000000e-09,6.596000e-08,2.790689e-01,3.495207e-13,2.000000e-09,-3.000000e-02,-3.000000e-02,6.000000e-03,5.000000e-15,2.168213e+02,1.193669e+09,2.231751e+02,1.061749e+09,2.168213e+02,1.193669e+09
257,worst case eff2,2.090000e-11,1.000000e-01,6.000000e-10,2.693699e-10,1.682769e-13,3.705000e-11,4.000000e-01,6.000000e-10,2.693699e-10,1.682769e-13,3.705000e-11,4.000000e-01,6.000000e-10,2.693699e-10,1.682769e-13,2.090000e-11,1.000000e-01,6.000000e-10,2.693699e-10,1.682769e-13,6.596000e-08,4.651149e-01,1.098402e-13,5.000000e-10,7.954000e-08,5.449056e-01,1.141650e-13,5.000000e-10,6.596000e-08,4.651149e-01,1.098402e-13,5.000000e-10,3.000000e-02,3.000000e-02,-6.000000e-03,5.000000e-16,1.300928e+02,2.067495e+09,1.339051e+02,1.839004e+09,1.300928e+02,2.067495e+09
258,worst case eff3,2.090000e-11,1.000000e-01,6.000000e-10,2.693699e-10,1.682769e-13,4.095000e-11,4.000000e-01,1.200000e-09,1.299287e-09,5.296728e-13,3.705000e-11,4.000000e-01,6.000000e-10,2.693699e-10,1.682769e-13,2.090000e-11,1.000000e-01,6.000000e-10,2.693699e-10,1.682769e-13,6.596000e-08,4.651149e-01,3.495207e-13,5.000000e-10,8.446000e-08,5.786111e-01,3.460389e-13,2.000000e-09,6.596000e-08,4.651149e-01,1.098402e-13,5.000000e-10,-3.000000e-02,3.000000e-02,6.000000e-03,5.000000e-15,1.300928e+02,1.193669e+09,1.339051e+02,1.061749e+09,1.300928e+02,2.067495e+09
259,worst case effhi,2.310000e-11,1.000000e-01,1.200000e-09,1.299287e-09,5.296728e-13,4.095000e-11,4.000000e-01,1.200000e-09,1.299287e-09,5.296728e-13,4.095000e-11,4.000000e-01,1.200000e-09,1.299287e-09,5.296728e-13,2.310000e-11,1.000000e-01,1.200000e-09,1.299287e-09,5.296728e-13,7.004000e-08,4.938849e-01,3.338205e-13,2.000000e-09,8.446000e-08,5.786111e-01,3.460389e-13,2.000000e-09,7.004000e-08,4.938849e-01,3.338205e-13,2.000000e-09,-3.000000e-02,-3.000000e-02,6.000000e-03,5.000000e-15,1.300928e+02,1.193669e+09,1.339051e+02,1.061749e+09,1.300928e+02,1.193669e+09
