run,kind,C1C,C1ESR,C1ESL,C1Lvia,C1Cpad,C3C,C3ESR,C3ESL,C3Lvia,C3Cpad,C5C,C5ESR,C5ESL,C5Lvia,C5Cpad,C7C,C7ESR,C7ESL,C7Lvia,C7Cpad,L2L,L2R,L2C,L2Ltr,L4L,L4R,L4C,L4Ltr,L6L,L6R,L6C,L6Ltr,K24,K46,K26,Cio,L2Q,L2SRF,L4Q,L4SRF,L6Q,L6SRF
1,corner -tol,1.710000e-11,2.000000e-01,1.000000e-09,8.496433e-10,3.489749e-13,3.135000e-11,2.000000e-01,1.000000e-09,8.496433e-10,3.489749e-13,3.135000e-11,2.000000e-01,1.000000e-09,8.496433e-10,3.489749e-13,1.710000e-11,2.000000e-01,1.000000e-09,8.496433e-10,3.489749e-13,6.596000e-08,3.488362e-01,2.296805e-13,1.000000e-09,7.954000e-08,4.086792e-01,2.383299e-13,1.000000e-09,6.596000e-08,3.488362e-01,2.296805e-13,1.000000e-09,1.500000e-02,1.500000e-02,2.000000e-03,2.000000e-15,1.734570e+02,1.461939e+09,1.785401e+02,1.300372e+09,1.734570e+02,1.461939e+09
2,corner +tol,1.890000e-11,2.000000e-01,1.000000e-09,8.496433e-10,3.489749e-13,3.465000e-11,2.000000e-01,1.000000e-09,8.496433e-10,3.489749e-13,3.465000e-11,2.000000e-01,1.000000e-09,8.496433e-10,3.489749e-13,1.890000e-11,2.000000e-01,1.000000e-09,8.496433e-10,3.489749e-13,7.004000e-08,3.704136e-01,2.192136e-13,1.000000e-09,8.446000e-08,4.339584e-01,2.273593e-13,1.000000e-09,7.004000e-08,3.704136e-01,2.192136e-13,1.000000e-09,1.500000e-02,1.500000e-02,2.000000e-03,2.000000e-15,1.734570e+02,1.461939e+09,1.785401e+02,1.300372e+09,1.734570e+02,1.461939e+09
3,monte carlo,1.844126e-11,2.467629e-01,1.046510e-09,1.195870e-09,4.644061e-13,3.137977e-11,1.976311e-01,9.086256e-10,9.986539e-10,5.248800e-13,3.273408e-11,3.818293e-01,9.922699e-10,6.338184e-10,3.253754e-13,1.860864e-11,1.434201e-01,1.018296e-09,1.086572e-09,4.447947e-13,6.853224e-08,3.339280e-01,1.919061e-13,1.754098e-09,8.156911e-08,4.810238e-01,1.506010e-13,1.897992e-09,6.971239e-08,4.651954e-01,1.435870e-13,1.827465e-09,-2.185296e-02,-2.461225e-02,4.962787e-03,4.848771e-15,1.882673e+02,1.763481e+09,1.555578e+02,1.633109e+09,1.374698e+02,1.911560e+09
4,monte carlo,1.886596e-11,2.854470e-01,6.038196e-10,4.727961e-10,4.156128e-13,3.337695e-11,1.572439e-01,7.507278e-10,5.819607e-10,3.488924e-13,3.185348e-11,1.488371e-01,1.078609e-09,6.728083e-10,4.028666e-13,1.866810e-11,2.674627e-01,9.641518e-10,1.086475e-09,3.191493e-13,6.779743e-08,3.348885e-01,1.896649e-13,8.654391e-10,8.385158e-08,4.261547e-01,2.753853e-13,1.558629e-09,7.002714e-08,4.253508e-01,1.534864e-13,1.786319e-09,-2.653044e-02,-6.848310e-03,5.872149e-03,1.332605e-15,1.857145e+02,1.581598e+09,1.804998e+02,1.162931e+09,1.510260e+02,1.969561e+09
5,monte carlo,1.806122e-11,2.696186e-01,8.706017e-10,8.676644e-10,3.597232e-13,3.231496e-11,1.286869e-01,1.160217e-09,5.122402e-10,2.310156e-13,3.293715e-11,3.160902e-01,1.145919e-09,2.914351e-10,4.948951e-13,1.837678e-11,2.194923e-01,6.925362e-10,5.990148e-10,3.885616e-13,6.738536e-08,3.374579e-01,2.999729e-13,1.016804e-09,8.348350e-08,5.220701e-01,1.733597e-13,1.210324e-09,6.976810e-08,4.810227e-01,2.385572e-13,9.129134e-10,2.485641e-02,1.466093e-02,-5.949431e-03,2.747358e-15,1.831802e+02,1.258958e+09,1.466914e+02,1.432256e+09,1.330528e+02,1.488481e+09
6,monte carlo,1.834088e-11,2.492650e-01,1.055280e-09,1.104570e-09,5.101470e-13,3.319495e-11,1.843097e-01,7.626147e-10,3.742216e-10,5.201062e-13,3.338767e-11,1.662538e-01,1.018316e-09,8.877997e-10,2.656265e-13,1.729003e-11,3.768086e-01,1.021569e-09,1.267899e-09,2.497003e-13,6.978391e-08,3.043151e-01,2.572545e-13,1.420273e-09,8.128256e-08,4.172371e-01,1.482826e-13,5.430639e-10,6.770372e-08,3.319632e-01,2.519088e-13,1.222023e-09,-6.142280e-03,2.999843e-02,-2.493489e-03,4.276354e-15,2.103607e+02,1.294032e+09,1.787093e+02,1.630022e+09,1.870920e+02,1.425031e+09
7,monte carlo,1.859425e-11,2.011342e-01,1.033547e-09,4.950162e-10,3.757716e-13,3.284503e-11,1.003640e-01,8.878598e-10,3.921051e-10,4.897062e-13,3.139011e-11,3.396056e-01,6.991575e-10,7.105767e-10,3.910893e-13,1.850179e-11,2.884710e-01,8.094536e-10,4.269335e-10,5.002626e-13,6.923678e-08,3.781875e-01,2.504241e-13,1.541696e-09,8.199556e-08,5.222217e-01,1.880510e-13,1.309876e-09,6.677452e-08,3.770078e-01,1.355569e-13,1.387878e-09,-1.599503e-02,2.949465e-02,4.519905e-03,1.554964e-15,1.679432e+02,1.322275e+09,1.440350e+02,1.495945e+09,1.624775e+02,1.837265e+09
8,monte carlo,1.756881e-11,1.466994e-01,8.072572e-10,4.658900e-10,4.081145e-13,3.296897e-11,1.577608e-01,1.075869e-09,4.684607e-10,4.746583e-13,3.195737e-11,1.864006e-01,8.936925e-10,3.846126e-10,4.805791e-13,1.871112e-11,2.966820e-01,1.173784e-09,6.491629e-10,1.945956e-13,6.986231e-08,3.007332e-01,2.487347e-13,1.141408e-09,8.309738e-08,5.336616e-01,2.842465e-13,1.855371e-09,6.792220e-08,2.961282e-01,1.869260e-13,9.710191e-10,-2.067062e-02,-2.988442e-02,-8.001217e-04,3.262062e-15,2.131053e+02,1.307624e+09,1.428414e+02,1.193924e+09,2.104092e+02,1.743653e+09
9,monte carlo,1.843560e-11,2.619295e-01,9.338603e-10,6.757727e-10,2.037103e-13,3.429960e-11,3.495121e-01,1.134729e-09,1.052653e-09,1.685035e-13,3.375657e-11,1.014317e-01,1.182005e-09,7.849411e-10,4.545636e-13,1.818776e-11,1.176179e-01,8.890374e-10,8.186938e-10,1.724502e-13,6.781423e-08,4.488137e-01,2.808056e-13,1.284638e-09,8.026071e-08,4.222410e-01,2.103870e-13,6.078336e-10,6.812251e-08,4.527164e-01,1.932781e-13,1.668856e-09,-2.927263e-02,-4.362069e-03,-1.293187e-04,5.032543e-16,1.386077e+02,1.346326e+09,1.743714e+02,1.400322e+09,1.380375e+02,1.685390e+09
10,monte carlo,1.714002e-11,3.565644e-01,7.951929e-10,3.346387e-10,5.043465e-13,3.457687e-11,2.508631e-01,6.328257e-10,5.200936e-10,2.935551e-13,3.388799e-11,2.949746e-01,6.954516e-10,4.502768e-10,4.204297e-13,1.808678e-11,1.893853e-01,9.564460e-10,7.791211e-10,1.936914e-13,6.715338e-08,4.081806e-01,3.267070e-13,1.956741e-09,8.079089e-08,4.343704e-01,3.097596e-13,1.814686e-09,6.679108e-08,3.999604e-01,2.682693e-13,1.165181e-09,-1.734769e-02,-2.445484e-02,-2.551387e-03,4.270302e-15,1.509205e+02,1.200771e+09,1.706219e+02,1.100432e+09,1.531913e+02,1.319559e+09
11,monte carlo,1.770228e-11,2.143285e-01,6.632904e-10,5.901257e-10,4.082031e-13,3.410718e-11,3.543675e-01,7.795358e-10,5.630351e-10,4.033792e-13,3.277195e-11,3.767637e-01,9.984909e-10,1.031661e-09,4.616086e-13,1.818381e-11,2.997996e-01,6.239870e-10,4.763385e-10,2.711618e-13,6.700510e-08,4.002157e-01,2.012472e-13,1.272062e-09,8.389775e-08,4.071647e-01,2.031389e-13,1.554806e-09,6.975237e-08,3.384062e-01,3.053830e-13,8.136720e-10,1.587685e-02,1.353240e-02,1.110750e-03,1.768196e-15,1.535842e+02,1.686355e+09,1.890223e+02,1.342853e+09,1.890834e+02,1.223829e+09
12,monte carlo,1.850218e-11,3.921429e-01,8.644005e-10,1.118807e-09,5.074287e-13,3.356362e-11,1.704634e-01,1.062487e-09,8.098161e-10,2.124674e-13,3.208200e-11,3.135705e-01,8.919965e-10,3.542261e-10,4.552304e-13,1.745185e-11,3.556515e-01,7.709494e-10,6.871587e-10,3.745737e-13,6.857942e-08,4.040797e-01,2.642016e-13,1.239539e-09,8.135235e-08,4.359452e-01,2.103484e-13,1.411245e-09,6.630886e-08,4.010392e-01,2.260848e-13,6.060226e-10,-2.137324e-02,-2.105426e-02,-4.935035e-03,2.563573e-15,1.556896e+02,1.321107e+09,1.711870e+02,1.290953e+09,1.516762e+02,1.471268e+09
13,monte carlo,1.823441e-11,1.609848e-01,1.188889e-09,1.032007e-09,1.870003e-13,3.365907e-11,1.494730e-01,7.064570e-10,1.038107e-09,3.041479e-13,3.307807e-11,2.313749e-01,6.539620e-10,1.249018e-09,5.088136e-13,1.817139e-11,1.456681e-01,7.989883e-10,2.763659e-10,1.884862e-13,6.708057e-08,2.891549e-01,1.763650e-13,1.896796e-09,8.436201e-08,4.207537e-01,2.258200e-13,1.652173e-09,6.709344e-08,3.000134e-01,1.451455e-13,1.473954e-09,1.857677e-02,-2.054128e-02,9.353204e-04,2.224510e-15,2.128134e+02,1.965117e+09,1.839297e+02,1.387689e+09,2.051503e+02,1.881392e+09
14,monte carlo,1.739921e-11,2.972618e-01,1.070655e-09,5.967575e-10,4.934566e-13,3.260104e-11,2.862274e-01,1.170795e-09,6.647053e-10,3.037724e-13,3.231912e-11,2.265476e-01,1.024031e-09,6.779247e-10,5.053202e-13,1.803002e-11,3.684805e-01,8.731153e-10,1.097672e-09,2.320484e-13,6.872010e-08,3.529309e-01,1.392723e-13,1.156161e-09,8.056289e-08,5.418927e-01,1.295345e-13,1.488852e-09,6.985391e-08,3.673520e-01,1.665256e-13,1.086967e-09,-1.645843e-02,-1.836142e-02,4.621906e-03,3.054862e-15,1.786187e+02,2.018568e+09,1.363812e+02,1.834897e+09,1.744380e+02,1.647465e+09
15,monte carlo,1.727970e-11,2.047687e-01,7.014422e-10,1.294302e-09,2.756201e-13,3.219245e-11,2.366382e-01,1.030492e-09,8.541592e-10,2.138176e-13,3.462123e-11,3.328741e-01,7.581130e-10,1.074904e-09,5.247601e-13,1.833296e-11,3.335668e-01,7.786468e-10,3.416089e-10,5.117729e-13,6.831752e-08,3.698022e-01,1.693342e-13,1.695342e-09,8.232980e-08,5.073825e-01,2.156085e-13,9.620051e-10,6.894098e-08,3.922335e-01,2.475625e-13,1.586810e-09,-1.920536e-02,1.474828e-02,1.929633e-03,1.658841e-15,1.694710e+02,1.713386e+09,1.488519e+02,1.457599e+09,1.612373e+02,1.422268e+09
16,monte carlo,1.799583e-11,2.328869e-01,6.395416e-10,1.131514e-09,3.687076e-13,3.218416e-11,1.138939e-01,7.839171e-10,1.079048e-09,4.758952e-13,3.184690e-11,2.348055e-01,8.001310e-10,3.720409e-10,3.388353e-13,1.854536e-11,3.816372e-01,1.153550e-09,7.696383e-10,2.084807e-13,6.781582e-08,3.792691e-01,1.431266e-13,1.174110e-09,8.397081e-08,4.913548e-01,1.697422e-13,1.507642e-09,6.752225e-08,3.867954e-01,2.357417e-13,1.620041e-09,1.851705e-02,-2.000566e-02,-1.053513e-03,2.064146e-15,1.640274e+02,1.884143e+09,1.567710e+02,1.773505e+09,1.601395e+02,1.460374e+09
17,monte carlo,1.849794e-11,1.454062e-01,7.234673e-10,9.438163e-10,3.592021e-13,3.403733e-11,2.670308e-01,1.111486e-09,8.015769e-10,4.099035e-13,3.433945e-11,1.093685e-01,9.922917e-10,5.929235e-10,2.191282e-13,1.803891e-11,2.676077e-01,8.010208e-10,4.053350e-10,4.031124e-13,6.751499e-08,3.197744e-01,1.491504e-13,1.995168e-09,8.038503e-08,3.353885e-01,1.194297e-13,1.598526e-09,6.657558e-08,3.989232e-01,1.379645e-13,1.314073e-09,1.867146e-02,1.462814e-02,-3.154715e-03,4.617683e-15,1.936820e+02,1.706466e+09,2.198669e+02,1.804664e+09,1.530941e+02,2.058866e+09
18,monte carlo,1.834567e-11,2.971523e-01,8.093587e-10,3.289485e-10,4.213919e-13,3.409810e-11,3.529175e-01,8.363878e-10,9.027350e-10,4.174184e-13,3.461232e-11,1.274674e-01,7.707360e-10,8.633643e-10,4.543206e-13,1.725779e-11,1.351804e-01,8.917959e-10,9.017326e-10,4.615854e-13,6.858382e-08,4.647375e-01,1.689216e-13,6.671614e-10,8.004246e-08,5.268630e-01,1.318919e-13,8.631054e-10,6.894353e-08,3.973130e-01,2.289063e-13,1.661181e-09,-5.474353e-03,-1.097707e-02,-4.838729e-03,7.178510e-16,1.353776e+02,1.723690e+09,1.393655e+02,1.809711e+09,1.591818e+02,1.450922e+09
19,monte carlo,1.866729e-11,3.009064e-01,1.005279e-09,3.454046e-10,4.608097e-13,3.165291e-11,3.964677e-01,7.197459e-10,6.267042e-10,2.635169e-13,3.455435e-11,1.128175e-01,1.174591e-09,3.675622e-10,2.928247e-13,1.746083e-11,1.502230e-01,8.694472e-10,3.978544e-10,2.092971e-13,6.764040e-08,3.485921e-01,1.931286e-13,5.730225e-10,8.088116e-08,5.156042e-01,1.516211e-13,5.322000e-10,6.798502e-08,3.040589e-01,1.692213e-13,1.938038e-09,-1.959998e-02,2.982519e-03,5.786658e-03,1.062357e-15,1.780005e+02,1.662309e+09,1.439010e+02,1.666761e+09,2.051107e+02,1.662438e+09
20,monte carlo,1.862626e-11,3.005752e-01,8.917348e-10,7.279162e-10,3.040369e-13,3.422254e-11,1.962842e-01,7.842456e-10,3.477224e-10,4.713204e-13,3.427015e-11,3.495734e-01,6.849639e-10,9.960129e-10,1.865968e-13,1.725368e-11,3.385588e-01,1.005722e-09,6.275269e-10,5.171921e-13,6.609616e-08,3.296670e-01,2.120060e-13,1.946575e-09,8.174703e-08,4.195443e-01,1.472834e-13,5.783385e-10,6.734728e-08,4.284037e-01,1.982406e-13,8.805538e-10,1.018471e-02,7.100798e-03,4.436955e-03,3.859702e-15,1.839219e+02,1.695062e+09,1.787421e+02,1.701107e+09,1.442114e+02,1.620441e+09
21,monte carlo,1.859565e-11,1.835941e-01,1.082169e-09,4.333260e-10,1.954714e-13,3.310078e-11,3.147140e-01,8.688429e-10,6.538046e-10,5.161063e-13,3.289135e-11,2.065794e-01,9.487523e-10,1.142654e-09,4.095553e-13,1.839064e-11,2.066494e-01,6.842708e-10,8.007805e-10,4.352944e-13,6.875992e-08,3.985838e-01,2.769101e-13,1.090165e-09,8.333285e-08,3.736264e-01,1.778438e-13,7.713870e-10,6.780027e-08,2.963294e-01,2.567622e-13,5.926103e-10,2.196207e-02,-3.550957e-03,2.956204e-03,4.303359e-15,1.582517e+02,1.327833e+09,2.046027e+02,1.579258e+09,2.098889e+02,1.282962e+09
22,monte carlo,1.796786e-11,3.164066e-01,1.060851e-09,7.411356e-10,4.125649e-13,3.157890e-11,1.099022e-01,6.756984e-10,7.443227e-10,5.277021e-13,3.274243e-11,3.490257e-01,7.406137e-10,7.482685e-10,2.036752e-13,1.838581e-11,3.005503e-01,1.019928e-09,4.300110e-10,5.253361e-13,6.605125e-08,3.594812e-01,2.383134e-13,8.567248e-10,8.196817e-08,4.803418e-01,1.688160e-13,1.528145e-09,6.840411e-08,3.140526e-01,1.688070e-13,6.197577e-10,-4.228736e-03,-7.259908e-03,-1.985545e-03,2.076429e-15,1.685534e+02,1.518184e+09,1.565408e+02,1.580964e+09,1.998079e+02,1.969558e+09
23,monte carlo,1.802520e-11,3.566714e-01,8.480860e-10,1.297938e-09,3.035638e-13,3.389105e-11,3.509396e-01,8.416126e-10,1.284258e-09,4.694482e-13,3.204675e-11,2.860155e-01,7.636964e-10,1.080312e-09,4.406716e-13,1.823913e-11,1.765167e-01,6.065632e-10,3.105154e-10,3.474900e-13,6.854648e-08,3.585249e-01,2.931180e-13,1.925341e-09,8.147377e-08,3.702716e-01,1.879922e-13,1.440064e-09,6.807047e-08,4.115235e-01,1.615823e-13,9.978756e-10,1.534661e-02,5.442913e-03,-5.898193e-03,4.114299e-15,1.753874e+02,1.210325e+09,2.018506e+02,1.374812e+09,1.517389e+02,1.838292e+09
24,monte carlo,1.755695e-11,1.243465e-01,9.440521e-10,1.137758e-09,3.566137e-13,3.312415e-11,1.598646e-01,9.374280e-10,9.134887e-10,4.297574e-13,3.456180e-11,1.490365e-01,9.127337e-10,9.724823e-10,2.870485e-13,1.710524e-11,3.291324e-01,6.484962e-10,6.873720e-10,2.827339e-13,6.932429e-08,3.326060e-01,2.544425e-13,5.208238e-10,8.036002e-08,4.367084e-01,1.633728e-13,1.718049e-09,6.853554e-08,4.587043e-01,1.869748e-13,5.969665e-10,4.789501e-03,1.003551e-02,2.378633e-03,3.385013e-15,1.912001e+02,1.266110e+09,1.688034e+02,1.656414e+09,1.370616e+02,1.681042e+09
25,monte carlo,1.824173e-11,2.232212e-01,7.720135e-10,8.594396e-10,2.357078e-13,3.172431e-11,2.074898e-01,7.519352e-10,5.337939e-10,2.548443e-13,3.289281e-11,3.426056e-01,6.664208e-10,7.470779e-10,4.220404e-13,1.767148e-11,3.964940e-01,1.097155e-09,3.362192e-10,3.767355e-13,6.642873e-08,4.585464e-01,1.616303e-13,6.449780e-10,8.088495e-08,4.587791e-01,1.823641e-13,1.326080e-09,6.798892e-08,3.736893e-01,2.077417e-13,9.022973e-10,6.438279e-03,2.063357e-03,7.877478e-04,5.409542e-16,1.328940e+02,1.726827e+09,1.617323e+02,1.734480e+09,1.669015e+02,1.514917e+09
26,monte carlo,1.875696e-11,3.440856e-01,9.080622e-10,5.409855e-10,5.280162e-13,3.310574e-11,1.247996e-01,7.823879e-10,5.754992e-10,4.596736e-13,3.299697e-11,2.709497e-01,6.023988e-10,3.998165e-10,2.315545e-13,1.849364e-11,1.518410e-01,1.194361e-09,3.462246e-10,1.777618e-13,6.985830e-08,3.041816e-01,2.019940e-13,1.255612e-09,8.016548e-08,3.532199e-01,2.254434e-13,5.807843e-10,6.882608e-08,3.548041e-01,2.960264e-13,1.125796e-09,-2.649809e-02,-1.480319e-02,-3.723463e-03,4.464646e-15,2.106773e+02,1.469909e+09,2.081973e+02,1.328971e+09,1.779496e+02,1.248483e+09
27,monte carlo,1.743330e-11,2.520557e-01,1.104206e-09,9.382846e-10,2.443589e-13,3.236727e-11,1.716835e-01,1.191270e-09,8.764829e-10,4.958732e-13,3.250949e-11,3.089841e-01,1.137123e-09,1.101586e-09,2.747565e-13,1.841019e-11,1.914689e-01,1.040663e-09,3.375380e-10,3.864040e-13,6.720806e-08,4.151850e-01,1.589653e-13,5.236378e-10,8.017618e-08,3.931523e-01,1.967771e-13,1.456373e-09,6.657641e-08,3.545008e-01,3.138888e-13,1.338131e-09,2.181042e-02,-2.393750e-02,2.736670e-03,4.177016e-15,1.484952e+02,1.747933e+09,1.870757e+02,1.453186e+09,1.722804e+02,1.203844e+09
28,monte carlo,1.869899e-11,2.685945e-01,9.002968e-10,2.762358e-10,1.919861e-13,3.209146e-11,2.366412e-01,1.189001e-09,2.742637e-10,2.622472e-13,3.361986e-11,2.524545e-01,9.987990e-10,1.281459e-09,3.035589e-13,1.789473e-11,3.434580e-01,7.847150e-10,5.957481e-10,1.774387e-13,6.804996e-08,4.057205e-01,1.664461e-13,7.460940e-10,8.280153e-08,4.896971e-01,1.404680e-13,1.827061e-09,6.822784e-08,4.288978e-01,2.817946e-13,6.370028e-10,4.469141e-03,7.398627e-03,7.899089e-04,3.070013e-15,1.538628e+02,1.816605e+09,1.551113e+02,1.652546e+09,1.459286e+02,1.248547e+09
29,monte carlo,1.791701e-11,1.781945e-01,8.453507e-10,9.069391e-10,3.201163e-13,3.139688e-11,3.524363e-01,9.874492e-10,5.528874e-10,4.565196e-13,3.450126e-11,1.144717e-01,9.043149e-10,3.175292e-10,2.108887e-13,1.829841e-11,2.725213e-01,9.376278e-10,4.363549e-10,4.062722e-13,6.835412e-08,4.122103e-01,1.699276e-13,1.433268e-09,8.052202e-08,3.592341e-01,1.592896e-13,8.380275e-10,6.991340e-08,4.198193e-01,2.211271e-13,1.557713e-09,2.464897e-02,1.657600e-02,2.667097e-03,2.437751e-15,1.521173e+02,2.010797e+09,2.056221e+02,1.828195e+09,1.527674e+02,1.558665e+09
30,monte carlo,1.878320e-11,2.876872e-01,1.053300e-09,5.042967e-10,5.020398e-13,3.316622e-11,3.696863e-01,1.004884e-09,9.531807e-10,1.938467e-13,3.192388e-11,1.355461e-01,8.679357e-10,2.962773e-10,3.730865e-13,1.818405e-11,3.223877e-01,1.129986e-09,7.991338e-10,4.481932e-13,6.632116e-08,3.198881e-01,1.750628e-13,9.777012e-10,8.078627e-08,4.776762e-01,1.350292e-13,9.750058e-10,6.643627e-08,4.355848e-01,1.775438e-13,6.374151e-10,-1.892260e-02,2.627365e-02,-7.464571e-04,3.117702e-15,1.901896e+02,1.869748e+09,1.551446e+02,1.712505e+09,1.399153e+02,1.626054e+09
31,monte carlo,1.844322e-11,2.944159e-01,1.157112e-09,9.415199e-10,3.142064e-13,3.432690e-11,3.166349e-01,1.142119e-09,6.295022e-10,1.882401e-13,3.262317e-11,1.857154e-01,6.526802e-10,7.141649e-10,2.819291e-13,1.834128e-11,2.331979e-01,9.591965e-10,5.276049e-10,1.923767e-13,6.681715e-08,3.441158e-01,1.821648e-13,1.279494e-09,8.236454e-08,3.946384e-01,1.678677e-13,1.361743e-09,6.650184e-08,3.460239e-01,2.733209e-13,1.371660e-09,2.829246e-02,-1.655269e-02,-3.413945e-04,1.423177e-15,1.781214e+02,1.835161e+09,1.914580e+02,1.654371e+09,1.763032e+02,1.245264e+09
32,monte carlo,1.747090e-11,1.582131e-01,1.101015e-09,4.369881e-10,5.118806e-13,3.210258e-11,1.957152e-01,7.363164e-10,9.095884e-10,2.001022e-13,3.313177e-11,3.467973e-01,8.367139e-10,4.707604e-10,2.112472e-13,1.767318e-11,2.748650e-01,1.050995e-09,1.045497e-09,2.436986e-13,6.743876e-08,3.978433e-01,1.920914e-13,1.644697e-09,8.195929e-08,4.951569e-01,2.407295e-13,8.753858e-10,6.882781e-08,3.032116e-01,1.736283e-13,1.429029e-09,1.173386e-02,-1.554336e-02,-4.625264e-03,2.651235e-15,1.555000e+02,1.813983e+09,1.518407e+02,1.376202e+09,2.082337e+02,1.579992e+09
33,monte carlo,1.763925e-11,2.535800e-01,1.108951e-09,1.126662e-09,3.621483e-13,3.182463e-11,1.915729e-01,1.009572e-09,1.222271e-09,2.833595e-13,3.196523e-11,2.889842e-01,1.039276e-09,1.116582e-09,4.084864e-13,1.756772e-11,2.465518e-01,9.129688e-10,6.447617e-10,4.584771e-13,6.872285e-08,2.978622e-01,2.033065e-13,1.510214e-09,8.010104e-08,4.310243e-01,1.985765e-13,1.919942e-09,6.946749e-08,3.963021e-01,2.178275e-13,1.583741e-09,2.310703e-02,-2.922344e-02,-2.364658e-03,3.785977e-15,2.116501e+02,1.564182e+09,1.704783e+02,1.587395e+09,1.608007e+02,1.374790e+09
34,monte carlo,1.879861e-11,3.650431e-01,6.104173e-10,4.616481e-10,5.021741e-13,3.406114e-11,1.812199e-01,1.116837e-09,4.222187e-10,2.656398e-13,3.429605e-11,1.964062e-01,1.043487e-09,8.226937e-10,2.251862e-13,1.860808e-11,2.544541e-01,8.425266e-10,6.613456e-10,2.182210e-13,6.949426e-08,3.792966e-01,2.695770e-13,8.935966e-10,8.000313e-08,5.417710e-01,2.749823e-13,1.721435e-09,6.899107e-08,3.271535e-01,1.869455e-13,7.733222e-10,1.943347e-02,1.415543e-02,3.955940e-03,4.708062e-15,1.680749e+02,1.210095e+09,1.354640e+02,1.169056e+09,1.934524e+02,1.805067e+09
35,monte carlo,1.734913e-11,3.630167e-01,7.092411e-10,3.193948e-10,1.719944e-13,3.172486e-11,1.169217e-01,6.286136e-10,9.215161e-10,4.553983e-13,3.445396e-11,2.343651e-01,7.405406e-10,5.322315e-10,5.276250e-13,1.887157e-11,3.636328e-01,7.244232e-10,4.252528e-10,3.169073e-13,6.923502e-08,3.447568e-01,1.645817e-13,1.537116e-09,8.162369e-08,4.033740e-01,2.354615e-13,7.256168e-10,6.944278e-08,3.388857e-01,1.858740e-13,7.161001e-10,2.559581e-02,1.778928e-02,5.629903e-04,9.404610e-16,1.842238e+02,2.019169e+09,1.856270e+02,1.268592e+09,1.879778e+02,1.710857e+09
36,monte carlo,1.869919e-11,3.757273e-01,7.795437e-10,2.740573e-10,1.775021e-13,3.352171e-11,1.216659e-01,1.142908e-09,1.272261e-09,3.069176e-13,3.298057e-11,1.663911e-01,1.084227e-09,5.404015e-10,4.268229e-13,1.732125e-11,2.149692e-01,1.194251e-09,1.104500e-09,5.266755e-13,6.974522e-08,4.211748e-01,1.333944e-13,5.739661e-10,8.233938e-08,3.586384e-01,2.283319e-13,1.128488e-09,6.657483e-08,4.195401e-01,1.656727e-13,7.368361e-10,2.590095e-02,-2.747560e-02,5.070330e-03,3.041133e-15,1.519094e+02,1.833782e+09,2.106122e+02,1.299946e+09,1.455691e+02,1.688381e+09
37,monte carlo,1.854474e-11,1.564565e-01,9.439879e-10,5.698773e-10,2.995750e-13,3.307573e-11,1.038511e-01,1.004417e-09,7.736832e-10,3.958950e-13,3.337162e-11,2.299935e-01,8.437912e-10,1.126609e-09,1.783597e-13,1.807062e-11,1.864071e-01,6.476346e-10,1.212944e-09,4.618501e-13,6.616589e-08,3.389536e-01,1.403939e-13,1.337085e-09,8.016991e-08,5.452716e-01,2.639485e-13,1.470472e-09,6.635502e-08,3.938436e-01,2.420798e-13,1.760401e-09,-2.816224e-02,-5.032832e-03,-9.084269e-04,2.879645e-15,1.790716e+02,1.839105e+09,1.348750e+02,1.309091e+09,1.545549e+02,1.483888e+09
38,monte carlo,1.828066e-11,3.079314e-01,9.044117e-10,4.609910e-10,2.765443e-13,3.458229e-11,3.827975e-01,7.431519e-10,9.407319e-10,4.555466e-13,3.238880e-11,3.458174e-01,9.396117e-10,1.064462e-09,3.387484e-13,1.752503e-11,2.976619e-01,6.343878e-10,1.094258e-09,3.516174e-13,6.672589e-08,4.632798e-01,2.643440e-13,1.425923e-09,8.281956e-08,4.177041e-01,1.981713e-13,8.393458e-10,6.709002e-08,3.053811e-01,1.912172e-13,5.153795e-10,-4.978367e-03,2.742372e-02,-7.253863e-04,4.875074e-15,1.321246e+02,1.410393e+09,1.818850e+02,1.329054e+09,2.015341e+02,1.539225e+09
39,monte carlo,1.809405e-11,1.676864e-01,9.748721e-10,1.099240e-09,2.299789e-13,3.264152e-11,1.782387e-01,7.247249e-10,1.193741e-09,2.277238e-13,3.396288e-11,3.040740e-01,8.614182e-10,8.197743e-10,3.450290e-13,1.770429e-11,2.826448e-01,1.069653e-09,7.583750e-10,1.900841e-13,6.760218e-08,4.219607e-01,1.341506e-13,1.704730e-09,8.405313e-08,4.676487e-01,2.695691e-13,1.479830e-09,6.689534e-08,3.936683e-01,1.461660e-13,6.870380e-10,-2.985205e-03,-1.561643e-02,4.148080e-03,3.614415e-15,1.469675e+02,1.857642e+09,1.648796e+02,1.138533e+09,1.558828e+02,1.997968e+09
40,monte carlo,1.775017e-11,1.834607e-01,9.460377e-10,5.043888e-10,4.288874e-13,3.374999e-11,3.365312e-01,1.081257e-09,1.050750e-09,4.090874e-13,3.376494e-11,3.424866e-01,1.011439e-09,3.144034e-10,2.945016e-13,1.740429e-11,1.530422e-01,8.956211e-10,9.943043e-10,2.897876e-13,6.764333e-08,4.552811e-01,2.541377e-13,8.962500e-10,8.314890e-08,3.962104e-01,1.976855e-13,1.037684e-09,6.612090e-08,3.321486e-01,2.397857e-13,1.963335e-09,2.647192e-02,-2.724458e-02,8.265056e-04,3.123318e-15,1.362944e+02,1.409322e+09,1.925145e+02,1.462976e+09,1.826161e+02,1.326409e+09
41,monte carlo,1.842911e-11,2.724933e-01,1.082280e-09,4.135553e-10,5.050785e-13,3.374799e-11,3.100315e-01,9.183468e-10,6.879623e-10,5.163776e-13,3.385685e-11,2.358796e-01,1.181708e-09,3.936523e-10,1.710623e-13,1.800768e-11,1.706486e-01,7.289889e-10,5.791534e-10,5.086782e-13,6.821964e-08,4.473537e-01,2.837742e-13,5.870417e-10,8.334782e-08,4.168726e-01,2.216516e-13,1.014818e-09,6.966653e-08,4.591162e-01,1.961024e-13,1.889180e-09,-2.139675e-03,9.553316e-03,2.208139e-04,8.751117e-16,1.398914e+02,1.249886e+09,1.834103e+02,1.464651e+09,1.391984e+02,1.673766e+09
42,monte carlo,1.726480e-11,1.604812e-01,9.086888e-10,4.482338e-10,3.919061e-13,3.443393e-11,1.101039e-01,9.665854e-10,3.007080e-10,4.853402e-13,3.270595e-11,3.103879e-01,1.124171e-09,5.188039e-10,1.876413e-13,1.787911e-11,1.164825e-01,8.975229e-10,8.283689e-10,3.933269e-13,6.666419e-08,4.665705e-01,1.419324e-13,1.958730e-09,8.325497e-08,3.966532e-01,1.783210e-13,1.303388e-09,6.926808e-08,3.370178e-01,2.603552e-13,1.130942e-09,-1.122170e-02,1.052178e-02,-3.346768e-03,4.113772e-15,1.310715e+02,1.888574e+09,1.925449e+02,1.481007e+09,1.885441e+02,1.346933e+09
43,monte carlo,1.765428e-11,3.712210e-01,6.204437e-10,9.052401e-10,4.332997e-13,3.332170e-11,3.780185e-01,9.080143e-10,7.609522e-10,1.913484e-13,3.237205e-11,3.853135e-01,1.011726e-09,4.303844e-10,2.605921e-13,1.789258e-11,1.506513e-01,8.420731e-10,1.116305e-09,1.714626e-13,6.914037e-08,3.184821e-01,1.758048e-13,1.061948e-09,7.959138e-08,4.445581e-01,1.575386e-13,8.018152e-10,6.989117e-08,3.928571e-01,1.913082e-13,1.976116e-09,-2.785151e-02,-1.772402e-02,3.331631e-03,3.120495e-15,1.991496e+02,1.829154e+09,1.642367e+02,1.621058e+09,1.632001e+02,1.697153e+09
44,monte carlo,1.758252e-11,2.032494e-01,7.359045e-10,2.769230e-10,4.870608e-13,3.256008e-11,1.818694e-01,8.539478e-10,1.194786e-09,3.022480e-13,3.352245e-11,3.924165e-01,6.841626e-10,3.916595e-10,4.414573e-13,1.851688e-11,1.339147e-01,6.344669e-10,8.826351e-10,2.965227e-13,6.656383e-08,4.420841e-01,1.690463e-13,1.177584e-09,8.254650e-08,4.984975e-01,1.401626e-13,7.546847e-10,6.895806e-08,3.478023e-01,1.364031e-13,9.013254e-10,-7.348356e-04,-4.774848e-03,-2.769161e-03,2.463780e-15,1.381230e+02,1.892095e+09,1.519037e+02,1.791250e+09,1.818801e+02,2.039040e+09
45,monte carlo,1.872317e-11,2.823005e-01,6.701303e-10,7.537938e-10,3.288669e-13,3.362772e-11,2.509906e-01,7.302816e-10,4.378162e-10,3.231929e-13,3.186329e-11,2.520875e-01,1.118153e-09,4.479009e-10,2.304755e-13,1.858869e-11,2.404937e-01,1.003531e-09,7.437461e-10,1.906350e-13,6.909124e-08,3.661664e-01,2.511193e-13,7.186713e-10,8.171035e-08,3.939924e-01,1.807129e-13,1.787036e-09,6.695661e-08,3.097875e-01,2.105427e-13,7.689237e-10,-1.985856e-02,9.633874e-03,-2.134389e-03,3.441246e-15,1.730921e+02,1.429155e+09,1.902488e+02,1.683490e+09,1.982724e+02,1.536421e+09
46,monte carlo,1.773390e-11,2.908564e-01,1.064692e-09,1.099903e-09,2.737738e-13,3.223904e-11,3.103359e-01,8.092275e-10,1.098759e-09,4.313009e-13,3.442589e-11,2.581216e-01,7.046359e-10,1.058724e-09,3.734715e-13,1.870149e-11,2.189383e-01,8.219556e-10,3.053451e-10,1.811419e-13,6.640403e-08,2.963122e-01,3.040920e-13,8.237047e-10,8.345796e-08,3.925976e-01,1.442103e-13,1.034246e-09,6.720581e-08,4.021652e-01,1.629760e-13,1.410874e-09,-2.425129e-02,2.394916e-04,-5.898121e-03,3.134351e-15,2.055785e+02,1.292241e+09,1.950082e+02,1.766355e+09,1.532975e+02,1.897811e+09
47,monte carlo,1.762916e-11,3.617701e-01,6.897447e-10,1.093170e-09,2.997718e-13,3.330925e-11,3.068905e-01,1.067216e-09,1.145899e-09,3.101353e-13,3.386695e-11,1.376654e-01,1.122711e-09,4.879598e-10,3.379214e-13,1.819105e-11,1.582364e-01,1.031282e-09,6.952972e-10,2.522793e-13,6.604144e-08,3.279563e-01,2.646992e-13,8.341539e-10,8.275557e-08,5.078413e-01,1.631512e-13,1.438277e-09,6.817342e-08,2.944859e-01,3.086652e-13,1.914551e-09,2.747272e-02,8.445370e-03,1.796261e-03,1.813467e-15,1.847282e+02,1.340431e+09,1.494865e+02,1.561113e+09,2.123652e+02,1.217481e+09
48,monte carlo,1.869212e-11,1.339493e-01,8.727446e-10,7.068706e-10,4.494283e-13,3.242662e-11,2.860485e-01,1.182728e-09,3.159689e-10,3.968070e-13,3.334892e-11,3.924353e-01,1.136029e-09,7.155281e-10,3.089697e-13,1.808678e-11,3.830203e-01,9.579463e-10,4.952478e-10,4.902877e-13,6.845682e-08,2.974544e-01,2.082358e-13,8.808837e-10,8.027648e-08,4.575145e-01,2.214079e-13,1.036657e-09,6.881737e-08,3.069589e-01,1.686868e-13,1.839837e-09,-2.068470e-02,-2.880355e-02,-3.774080e-03,4.197050e-15,2.111198e+02,1.564956e+09,1.609593e+02,1.380824e+09,2.056603e+02,1.663478e+09
49,monte carlo,1.734692e-11,1.829075e-01,9.787176e-10,6.591305e-10,4.805365e-13,3.426233e-11,1.627561e-01,1.186655e-09,5.689113e-10,3.807048e-13,3.295405e-11,3.854138e-01,7.513989e-10,6.694425e-10,3.397936e-13,1.808738e-11,3.703042e-01,7.750243e-10,3.413260e-10,4.913439e-13,6.936348e-08,3.037959e-01,1.219790e-13,1.231572e-09,8.397561e-08,3.625856e-01,1.910309e-13,1.815174e-09,6.758065e-08,2.997281e-01,2.143129e-13,9.398914e-10,2.680373e-02,-1.427351e-02,1.572807e-03,9.112722e-16,2.094507e+02,1.912781e+09,2.124591e+02,1.409790e+09,2.068367e+02,1.623739e+09
50,monte carlo,1.888419e-11,2.263569e-01,1.130593e-09,7.991922e-10,4.929800e-13,3.419846e-11,3.835686e-01,8.495961e-10,1.194636e-09,1.898569e-13,3.389589e-11,2.976151e-01,6.707712e-10,6.475492e-10,4.321497e-13,1.829712e-11,1.357682e-01,6.750916e-10,1.056820e-09,4.471387e-13,6.623192e-08,3.605225e-01,2.002734e-13,1.580544e-09,8.359801e-08,4.551653e-01,1.866225e-13,1.501958e-09,6.639716e-08,4.206127e-01,2.670630e-13,1.200009e-09,-2.613673e-03,-3.210601e-03,5.207196e-03,6.961082e-16,1.685263e+02,1.741441e+09,1.684843e+02,1.484350e+09,1.448104e+02,1.398310e+09
51,monte carlo,1.770929e-11,1.051102e-01,6.885885e-10,3.622286e-10,3.050124e-13,3.405107e-11,2.331111e-01,9.224233e-10,8.968827e-10,2.189326e-13,3.208966e-11,2.499263e-01,7.094446e-10,9.295388e-10,5.053072e-13,1.829492e-11,3.551648e-01,7.378618e-10,1.134626e-09,2.831383e-13,6.777093e-08,3.007949e-01,1.638020e-13,1.467798e-09,8.171385e-08,3.736697e-01,1.752791e-13,1.349329e-09,6.994602e-08,4.091266e-01,2.195937e-13,6.926083e-10,-2.799791e-02,7.079911e-03,-3.338770e-03,2.894748e-15,2.066835e+02,1.711452e+09,2.006044e+02,1.645526e+09,1.568332e+02,1.396188e+09
52,monte carlo,1.778061e-11,2.936880e-01,1.113704e-09,9.779941e-10,5.129187e-13,3.368715e-11,3.682257e-01,1.010177e-09,7.557413e-10,1.913768e-13,3.229242e-11,2.092159e-01,9.003385e-10,1.015778e-09,3.506480e-13,1.889274e-11,1.756704e-01,6.344527e-10,7.218908e-10,2.430656e-13,6.880107e-08,2.956300e-01,1.692081e-13,1.422327e-09,8.243620e-08,4.163997e-01,2.311011e-13,9.712838e-10,6.826182e-08,4.675945e-01,2.110521e-13,1.888906e-09,-1.630990e-02,2.853448e-02,-1.016596e-03,4.437771e-15,2.134909e+02,1.700068e+09,1.816102e+02,1.344350e+09,1.339187e+02,1.541947e+09
53,monte carlo,1.856007e-11,2.404332e-01,7.670865e-10,5.402684e-10,4.997809e-13,3.365094e-11,2.692853e-01,1.054371e-09,1.291102e-09,3.995342e-13,3.265192e-11,2.715626e-01,1.110152e-09,6.757523e-10,3.230584e-13,1.722020e-11,2.990249e-01,6.372743e-10,1.076718e-09,4.085826e-13,6.633086e-08,4.552201e-01,2.951120e-13,1.642064e-09,8.255849e-08,4.069009e-01,3.122744e-13,1.707530e-09,6.708921e-08,4.634906e-01,1.653313e-13,1.172940e-09,-3.563141e-03,2.238923e-02,1.291409e-03,2.474037e-15,1.336678e+02,1.300339e+09,1.861255e+02,1.116459e+09,1.327836e+02,2.008018e+09
54,monte carlo,1.750955e-11,3.007448e-01,7.181879e-10,8.873747e-10,4.447118e-13,3.342463e-11,1.032269e-01,1.192325e-09,4.398778e-10,2.586317e-13,3.346370e-11,3.505496e-01,6.527894e-10,1.271611e-09,4.778964e-13,1.797672e-11,2.720097e-01,9.404912e-10,6.460110e-10,2.740339e-13,6.790997e-08,4.541025e-01,2.948798e-13,1.638087e-09,8.091542e-08,3.766087e-01,1.702723e-13,1.268173e-09,6.796628e-08,4.252623e-01,1.799163e-13,9.738620e-10,1.028040e-02,2.742532e-02,3.788482e-03,4.501372e-15,1.371868e+02,1.227585e+09,1.970941e+02,1.467761e+09,1.466120e+02,1.700248e+09
55,monte carlo,1.864085e-11,2.259178e-01,1.129606e-09,1.240906e-09,1.879388e-13,3.312288e-11,3.893698e-01,1.048020e-09,1.265894e-09,4.832097e-13,3.262076e-11,3.162966e-01,6.852413e-10,5.063883e-10,2.714746e-13,1.779054e-11,1.786626e-01,7.313538e-10,8.253174e-10,3.783825e-13,6.746346e-08,3.587906e-01,2.641261e-13,5.161251e-10,8.203032e-08,3.737542e-01,1.530963e-13,1.115542e-09,6.977136e-08,3.570678e-01,2.240845e-13,1.978033e-09,-8.315673e-03,1.166278e-02,-1.299027e-03,1.344253e-15,1.724885e+02,1.306416e+09,2.013358e+02,1.553593e+09,1.792500e+02,1.417283e+09
56,monte carlo,1.720594e-11,3.759349e-01,1.079163e-09,2.833270e-10,4.755823e-13,3.315728e-11,2.534871e-01,6.193141e-10,1.046609e-09,3.444939e-13,3.342168e-11,2.380988e-01,7.098053e-10,1.229100e-09,3.349538e-13,1.757421e-11,3.437753e-01,8.324204e-10,1.130305e-09,5.219866e-13,6.935354e-08,3.619138e-01,1.514192e-13,1.883392e-09,7.998808e-08,4.505169e-01,2.987333e-13,1.690513e-09,6.723824e-08,4.695715e-01,3.051546e-13,9.830968e-10,-2.237807e-02,2.934763e-02,5.188933e-03,1.877361e-15,1.757908e+02,1.943950e+09,1.628722e+02,1.164204e+09,1.313552e+02,1.214792e+09
57,monte carlo,1.854979e-11,3.245651e-01,1.161566e-09,7.639861e-10,2.070915e-13,3.167245e-11,3.338340e-01,6.409396e-10,9.681857e-10,3.545093e-13,3.162408e-11,3.571323e-01,9.116244e-10,6.125270e-10,4.130270e-13,1.876551e-11,1.969690e-01,6.649168e-10,9.507275e-10,5.275023e-13,6.904217e-08,2.985315e-01,2.197148e-13,6.615269e-10,8.339398e-08,3.652685e-01,2.939871e-13,5.339207e-10,6.845775e-08,3.518515e-01,1.421591e-13,1.362952e-09,2.647823e-02,-2.359745e-02,2.309702e-03,4.318223e-15,2.121568e+02,1.603239e+09,2.094379e+02,1.073553e+09,1.784826e+02,1.851196e+09
58,monte carlo,1.847676e-11,1.950954e-01,6.951925e-10,9.690430e-10,2.405923e-13,3.437088e-11,2.368740e-01,7.067547e-10,1.080256e-09,4.512194e-13,3.235264e-11,1.243741e-01,9.218023e-10,1.199831e-09,5.019830e-13,1.794734e-11,2.918124e-01,9.420478e-10,8.982275e-10,3.451616e-13,6.982925e-08,3.964895e-01,1.401418e-13,1.364465e-09,8.178504e-08,5.545872e-01,1.354751e-13,1.558620e-09,6.641851e-08,3.183460e-01,2.985340e-13,1.043110e-09,2.091844e-02,-2.945821e-02,2.681282e-03,3.685231e-15,1.615617e+02,1.938972e+09,1.352810e+02,1.760024e+09,1.913914e+02,1.196869e+09
59,monte carlo,1.817406e-11,2.333308e-01,1.130353e-09,1.050350e-09,2.033486e-13,3.382504e-11,1.381360e-01,9.653877e-10,9.104395e-10,2.057625e-13,3.286979e-11,3.053919e-01,9.648907e-10,9.198022e-10,4.391980e-13,1.767805e-11,2.854698e-01,9.682239e-10,1.197899e-09,5.112748e-13,6.963470e-08,4.903662e-01,1.681246e-13,9.680430e-10,7.965378e-08,4.408769e-01,1.322510e-13,1.189186e-09,6.942432e-08,3.730655e-01,2.164172e-13,1.557410e-09,1.895671e-04,-1.495049e-02,-1.754795e-03,3.034922e-15,1.302680e+02,1.790269e+09,1.657379e+02,1.706531e+09,1.707101e+02,1.569632e+09
60,monte carlo,1.868297e-11,2.270122e-01,1.004451e-09,7.749819e-10,3.395208e-13,3.437814e-11,1.549838e-01,1.158651e-09,8.051875e-10,4.091391e-13,3.135433e-11,2.103365e-01,8.731518e-10,2.950785e-10,3.164042e-13,1.846473e-11,1.498950e-01,7.614394e-10,1.025309e-09,2.072062e-13,6.657407e-08,4.616388e-01,2.815286e-13,1.702959e-09,8.048652e-08,5.108599e-01,2.514321e-13,1.315186e-09,6.753317e-08,4.008269e-01,1.662400e-13,1.570703e-09,9.842969e-03,2.710935e-03,1.657981e-03,1.893517e-15,1.322926e+02,1.266882e+09,1.445287e+02,1.302411e+09,1.545585e+02,1.606391e+09
61,monte carlo,1.824172e-11,3.857410e-01,6.354209e-10,4.209404e-10,2.247230e-13,3.282140e-11,2.210737e-01,7.759825e-10,7.953707e-10,2.710480e-13,3.398681e-11,3.901246e-01,1.055791e-09,1.077772e-09,3.252972e-13,1.825531e-11,2.548992e-01,9.381208e-10,1.121165e-09,4.177182e-13,6.921382e-08,4.775389e-01,2.366558e-13,1.420444e-09,8.124125e-08,3.635602e-01,2.013012e-13,1.059375e-09,6.636459e-08,2.926155e-01,3.026497e-13,1.936338e-09,-1.009100e-02,2.195094e-02,-4.361588e-03,3.531306e-15,1.329587e+02,1.361656e+09,2.049902e+02,1.443593e+09,2.080519e+02,1.296056e+09
62,monte carlo,1.849961e-11,1.033242e-01,8.415724e-10,6.599550e-10,5.122611e-13,3.144401e-11,3.565133e-01,7.138995e-10,3.271712e-10,2.220419e-13,3.368114e-11,1.311174e-01,1.026250e-09,6.784135e-10,5.203683e-13,1.824277e-11,2.515487e-01,6.014135e-10,4.805889e-10,2.522477e-13,6.989281e-08,3.076769e-01,2.206201e-13,7.936727e-10,7.963086e-08,3.996634e-01,1.585155e-13,1.054992e-09,6.871772e-08,4.063542e-01,2.036540e-13,1.978102e-09,-1.496659e-02,6.156340e-03,-4.641585e-03,4.620556e-15,2.083868e+02,1.489021e+09,1.827763e+02,1.649659e+09,1.551304e+02,1.482522e+09
63,monte carlo,1.815716e-11,2.684458e-01,1.159462e-09,1.019249e-09,5.211886e-13,3.415294e-11,2.662650e-01,1.015366e-09,7.356510e-10,1.921398e-13,3.432231e-11,2.896517e-01,7.108087e-10,7.284602e-10,2.158448e-13,1.788928e-11,1.563029e-01,1.014015e-09,3.948595e-10,2.455095e-13,6.807854e-08,3.850933e-01,2.150540e-13,1.453626e-09,8.332829e-08,4.588355e-01,1.438321e-13,1.369108e-09,6.852380e-08,3.818252e-01,2.465754e-13,1.154170e-09,2.336375e-02,7.409601e-03,4.302265e-03,1.834616e-15,1.621724e+02,1.479175e+09,1.665974e+02,1.758866e+09,1.646303e+02,1.431515e+09
64,monte carlo,1.834372e-11,1.790407e-01,9.394943e-10,5.152281e-10,4.738996e-13,3.376998e-11,2.170822e-01,9.283324e-10,2.755016e-10,2.497104e-13,3.299323e-11,2.967206e-01,7.320994e-10,9.672664e-10,5.129357e-13,1.808591e-11,3.229479e-01,8.662641e-10,4.682607e-10,4.766029e-13,6.795499e-08,3.244566e-01,2.185419e-13,1.601310e-09,8.066050e-08,3.801977e-01,2.579544e-13,8.324436e-10,6.868487e-08,3.232196e-01,1.770765e-13,1.184812e-09,-2.256532e-02,-2.766652e-02,-4.480410e-03,1.318842e-15,1.921310e+02,1.610167e+09,1.946185e+02,1.157811e+09,1.949379e+02,1.679021e+09
65,monte carlo,1.758253e-11,1.697430e-01,8.498603e-10,3.284552e-10,3.912914e-13,3.202937e-11,3.947792e-01,6.684872e-10,4.922358e-10,4.148794e-13,3.248993e-11,1.089046e-01,7.075011e-10,3.537895e-10,4.045079e-13,1.773388e-11,3.287309e-01,1.115982e-09,1.188964e-09,3.856715e-13,6.900259e-08,4.770277e-01,1.909219e-13,5.448658e-10,8.237311e-08,3.914846e-01,2.613112e-13,1.403703e-09,6.797305e-08,2.974931e-01,1.982466e-13,1.050378e-09,-1.416931e-02,-2.498430e-02,7.863454e-04,6.599759e-16,1.326950e+02,1.564209e+09,1.930206e+02,1.235440e+09,2.096006e+02,1.628430e+09
66,monte carlo,1.721270e-11,1.064876e-01,7.293800e-10,4.936702e-10,2.350669e-13,3.197138e-11,3.437371e-01,1.185696e-09,3.342443e-10,2.952699e-13,3.415538e-11,2.047206e-01,8.362116e-10,4.976057e-10,2.042918e-13,1.716139e-11,2.273443e-01,7.372478e-10,5.556101e-10,3.201803e-13,6.940686e-08,3.811192e-01,1.770778e-13,1.004069e-09,8.347695e-08,4.711054e-01,2.983276e-13,1.067730e-09,6.829417e-08,3.085427e-01,2.357034e-13,1.770979e-09,2.979220e-02,2.519334e-02,-1.239380e-04,2.844181e-15,1.670607e+02,1.549035e+09,1.625479e+02,1.166442e+09,2.030491e+02,1.395714e+09
67,monte carlo,1.792729e-11,2.062723e-01,6.320357e-10,4.935936e-10,2.276079e-13,3.154168e-11,2.354321e-01,1.135843e-09,1.151066e-09,3.986568e-13,3.395793e-11,1.756345e-01,7.640063e-10,5.809092e-10,3.114854e-13,1.821530e-11,3.619489e-01,8.523949e-10,1.222258e-09,2.486392e-13,6.809686e-08,3.003795e-01,2.858377e-13,7.545212e-10,8.335892e-08,4.923706e-01,2.225653e-13,1.497502e-09,6.964516e-08,3.430044e-01,2.167652e-13,5.185089e-10,-5.999771e-04,-2.814415e-02,-5.061622e-03,7.417804e-16,2.079647e+02,1.265764e+09,1.553076e+02,1.278047e+09,1.862618e+02,1.511102e+09
68,monte carlo,1.860744e-11,3.511712e-01,9.652324e-10,8.874368e-10,4.667339e-13,3.255645e-11,2.768961e-01,1.181045e-09,1.156485e-09,2.031687e-13,3.398871e-11,3.054849e-01,8.409263e-10,3.774921e-10,4.974367e-13,1.885910e-11,2.589176e-01,6.180683e-10,1.006071e-09,4.234241e-13,6.659035e-08,3.134003e-01,1.539363e-13,1.229620e-09,8.296226e-08,3.520298e-01,2.755824e-13,8.484307e-10,6.697928e-08,4.444619e-01,1.938588e-13,1.792752e-09,-2.934016e-02,-1.809398e-02,4.024905e-03,3.237681e-15,1.949147e+02,2.002753e+09,2.161892e+02,1.180627e+09,1.382416e+02,1.719055e+09
69,monte carlo,1.836641e-11,1.518002e-01,8.299432e-10,5.155546e-10,3.962160e-13,3.266750e-11,1.481621e-01,9.144514e-10,1.247807e-09,4.847573e-13,3.257637e-11,2.583764e-01,1.185555e-09,7.512656e-10,3.535630e-13,1.760174e-11,1.470879e-01,1.040886e-09,8.539705e-10,3.582620e-13,6.627806e-08,3.127368e-01,1.573032e-13,1.107687e-09,8.393323e-08,4.462698e-01,1.777318e-13,1.015727e-09,6.718760e-08,2.955611e-01,1.527419e-13,9.663060e-10,7.879455e-03,-2.527399e-02,-5.760667e-03,1.450716e-15,1.944122e+02,1.826440e+09,1.725318e+02,1.581786e+09,2.085329e+02,1.809589e+09
70,monte carlo,1.840028e-11,2.318238e-01,7.723141e-10,5.363315e-10,2.922263e-13,3.248874e-11,3.552028e-01,9.556553e-10,5.154885e-10,4.128086e-13,3.212427e-11,2.262628e-01,7.504410e-10,4.110867e-10,5.034313e-13,1.843916e-11,3.723371e-01,1.034332e-09,6.839502e-10,4.637125e-13,6.757821e-08,3.488092e-01,1.373676e-13,6.539279e-10,8.261049e-08,5.170302e-01,2.992530e-13,1.466668e-09,6.725273e-08,3.349939e-01,1.722945e-13,1.919197e-09,-1.931418e-03,-4.389056e-03,-1.320038e-03,2.384322e-15,1.777262e+02,1.904517e+09,1.465724e+02,1.178338e+09,1.841644e+02,1.837890e+09
71,monte carlo,1.752335e-11,1.669321e-01,7.135990e-10,8.067542e-10,2.901746e-13,3.282526e-11,1.861219e-01,8.284936e-10,1.189745e-09,3.140347e-13,3.191276e-11,1.488775e-01,6.385580e-10,1.107193e-09,3.853310e-13,1.874282e-11,2.787898e-01,9.558389e-10,8.758661e-10,2.904598e-13,6.984827e-08,4.355069e-01,1.628520e-13,7.021741e-10,8.109187e-08,3.796600e-01,1.999851e-13,9.384062e-10,6.825348e-08,2.923599e-01,1.371033e-13,1.389347e-09,2.600104e-02,5.945611e-03,1.537784e-03,9.503519e-16,1.471273e+02,2.009527e+09,1.959364e+02,1.491557e+09,2.141607e+02,1.823190e+09
72,monte carlo,1.883900e-11,2.593369e-01,1.055989e-09,5.035439e-10,3.652497e-13,3.435604e-11,1.040816e-01,1.126894e-09,8.998030e-10,1.758251e-13,3.442841e-11,1.709817e-01,6.601931e-10,1.210142e-09,5.185941e-13,1.870100e-11,1.215473e-01,9.519147e-10,1.153912e-09,2.579622e-13,6.719164e-08,3.753086e-01,1.805081e-13,1.927927e-09,8.441368e-08,4.611450e-01,1.310715e-13,9.422939e-10,6.833182e-08,3.502403e-01,2.560386e-13,1.852787e-09,-1.401984e-02,-2.673660e-02,-3.799256e-03,2.860521e-15,1.642326e+02,1.576593e+09,1.679222e+02,1.790241e+09,1.789739e+02,1.395697e+09
73,monte carlo,1.777042e-11,1.948550e-01,1.018346e-09,5.879367e-10,4.019508e-13,3.148693e-11,1.178415e-01,1.177806e-09,7.066756e-10,4.604553e-13,3.241051e-11,1.872413e-01,1.076525e-09,9.728490e-10,3.903994e-13,1.733010e-11,3.875359e-01,8.822763e-10,5.469779e-10,2.366682e-13,6.626786e-08,3.413053e-01,2.369740e-13,1.809654e-09,8.142730e-08,4.417328e-01,1.943822e-13,1.201789e-09,6.612791e-08,2.919404e-01,1.451303e-13,9.073836e-10,-4.994134e-03,-1.872102e-03,2.502951e-03,2.793157e-15,1.781118e+02,1.472933e+09,1.690998e+02,1.583222e+09,2.077893e+02,2.049565e+09
74,monte carlo,1.871559e-11,2.656618e-01,6.844612e-10,7.204112e-10,2.493052e-13,3.143600e-11,1.470475e-01,1.190787e-09,3.643044e-10,5.198355e-13,3.319004e-11,3.951528e-01,9.778558e-10,5.630607e-10,2.212824e-13,1.874971e-11,3.862312e-01,1.010394e-09,5.741849e-10,4.746502e-13,6.796512e-08,2.887177e-01,2.069584e-13,1.335977e-09,7.955523e-08,4.775853e-01,2.355073e-13,1.597940e-09,6.615897e-08,4.073837e-01,2.454969e-13,1.456066e-09,-4.396042e-03,-2.432365e-02,4.162377e-03,3.270927e-15,2.159461e+02,1.470664e+09,1.528095e+02,1.359647e+09,1.489765e+02,1.373689e+09
75,monte carlo,1.728108e-11,2.347320e-01,6.770054e-10,3.172385e-10,3.284496e-13,3.440050e-11,2.770535e-01,9.430226e-10,3.427240e-10,4.141099e-13,3.261299e-11,2.746665e-01,7.517044e-10,7.669663e-10,2.754861e-13,1.888112e-11,1.194375e-01,7.445613e-10,2.771143e-10,4.809971e-13,6.639398e-08,3.609975e-01,1.317506e-13,1.798608e-09,8.191722e-08,4.233382e-01,2.226207e-13,1.063330e-09,6.743121e-08,3.385005e-01,2.777222e-13,1.729383e-09,-1.057423e-02,2.598529e-03,-5.804301e-03,3.726336e-15,1.687164e+02,2.053305e+09,1.775090e+02,1.343336e+09,1.827403e+02,1.252319e+09
76,monte carlo,1.726601e-11,1.568211e-01,1.038680e-09,1.102813e-09,3.071417e-13,3.247344e-11,3.711408e-01,1.179514e-09,5.344622e-10,2.677452e-13,3.169380e-11,3.050946e-01,8.778849e-10,1.225331e-09,5.113339e-13,1.748636e-11,1.306155e-01,7.682236e-10,1.249221e-09,2.510494e-13,6.939684e-08,3.393481e-01,1.717594e-13,1.544044e-09,8.370660e-08,4.891631e-01,2.169544e-13,5.677536e-10,6.957164e-08,3.079623e-01,1.613472e-13,8.886645e-10,-2.081986e-02,1.016869e-02,1.362871e-03,3.217417e-15,1.875975e+02,1.696963e+09,1.569780e+02,1.471534e+09,2.072370e+02,1.732344e+09
77,monte carlo,1.716907e-11,2.394154e-01,1.065326e-09,3.201547e-10,4.363132e-13,3.254846e-11,3.208280e-01,6.451854e-10,4.308362e-10,2.941948e-13,3.416572e-11,1.908081e-01,1.181890e-09,3.803994e-10,3.248212e-13,1.857803e-11,3.597113e-01,1.051040e-09,1.298374e-09,3.866910e-13,6.692471e-08,4.234983e-01,1.874220e-13,5.438820e-10,8.071309e-08,5.512133e-01,2.182021e-13,1.847154e-09,6.738926e-08,4.373045e-01,2.972602e-13,1.917910e-09,-2.826702e-02,2.020773e-02,-2.734187e-03,1.920848e-15,1.449665e+02,1.671051e+09,1.343251e+02,1.310004e+09,1.413642e+02,1.231590e+09
78,monte carlo,1.874794e-11,2.160243e-01,1.061188e-09,1.080641e-09,2.601915e-13,3.396592e-11,3.577948e-01,7.622576e-10,6.162879e-10,3.339994e-13,3.225910e-11,1.452124e-01,1.014498e-09,1.045482e-09,3.627487e-13,1.844369e-11,2.744286e-01,6.545147e-10,8.779747e-10,1.932814e-13,6.697398e-08,4.639505e-01,2.737456e-13,1.117280e-09,8.220467e-08,4.506008e-01,2.451272e-13,1.608383e-09,6.730186e-08,3.722466e-01,2.267289e-13,1.040238e-09,4.047369e-03,2.380298e-02,-1.437592e-03,2.111426e-15,1.324242e+02,1.291105e+09,1.673544e+02,1.228453e+09,1.658552e+02,1.362662e+09
79,monte carlo,1.801642e-11,2.088674e-01,1.192982e-09,1.279023e-09,4.037548e-13,3.351183e-11,3.347884e-01,1.058446e-09,4.747304e-10,4.599346e-13,3.350057e-11,3.902892e-01,8.503333e-10,1.214466e-09,1.945548e-13,1.869338e-11,3.744044e-01,8.270242e-10,6.383603e-10,4.528602e-13,6.624984e-08,2.804469e-01,2.566461e-13,8.088947e-10,8.178838e-08,4.637302e-01,1.747578e-13,1.611426e-09,6.933042e-08,3.664112e-01,1.662291e-13,1.633918e-09,1.624021e-02,-8.471094e-03,4.904625e-03,7.792026e-16,2.167040e+02,1.336881e+09,1.617927e+02,1.760908e+09,1.735753e+02,1.653267e+09
80,monte carlo,1.822767e-11,1.210213e-01,8.613711e-10,7.407650e-10,3.945130e-13,3.183691e-11,2.214217e-01,6.897236e-10,1.001954e-09,3.194335e-13,3.188039e-11,1.436647e-01,1.010884e-09,9.981989e-10,2.246790e-13,1.856696e-11,2.680817e-01,7.610346e-10,1.264844e-09,1.894522e-13,6.775681e-08,3.369494e-01,2.382372e-13,1.887099e-09,8.321499e-08,4.737313e-01,1.652560e-13,9.002344e-10,6.926723e-08,3.622625e-01,1.668251e-13,5.019300e-10,4.184803e-03,-9.253411e-03,-2.026929e-03,2.614906e-15,1.844680e+02,1.321432e+09,1.611396e+02,1.522610e+09,1.754031e+02,1.687156e+09
81,monte carlo,1.861413e-11,1.233144e-01,6.286251e-10,2.754820e-10,2.682692e-13,3.174647e-11,2.039086e-01,6.617955e-10,3.312927e-10,3.474155e-13,3.245033e-11,2.753025e-01,1.179752e-09,1.276278e-09,1.911201e-13,1.821112e-11,2.881395e-01,7.699721e-10,8.292543e-10,2.269797e-13,6.915369e-08,4.019201e-01,1.789598e-13,8.427584e-10,7.983707e-08,5.145454e-01,1.567848e-13,1.650711e-09,6.957099e-08,4.308764e-01,1.771095e-13,1.891346e-09,-1.375192e-03,-1.358689e-02,-2.129544e-03,7.381103e-16,1.578368e+02,1.862689e+09,1.423356e+02,1.767610e+09,1.481181e+02,1.745702e+09
82,monte carlo,1.882226e-11,2.328126e-01,1.062690e-09,8.130848e-10,4.881347e-13,3.254491e-11,1.002266e-01,6.509616e-10,7.381230e-10,2.519584e-13,3.426132e-11,3.912222e-01,8.892963e-10,1.182499e-09,2.596401e-13,1.790590e-11,3.282051e-01,1.146255e-09,1.243024e-09,5.230777e-13,6.636591e-08,3.978270e-01,1.880477e-13,1.187401e-09,8.217182e-08,4.874753e-01,1.434425e-13,1.003754e-09,6.766345e-08,3.777904e-01,2.056257e-13,1.458865e-09,6.019969e-03,1.768497e-02,5.272078e-03,2.339733e-15,1.530325e+02,1.703801e+09,1.546333e+02,1.718165e+09,1.642994e+02,1.498519e+09
83,monte carlo,1.867054e-11,2.270972e-01,1.198982e-09,6.907257e-10,5.192482e-13,3.179354e-11,1.078625e-01,1.114239e-09,1.187479e-09,2.080674e-13,3.228783e-11,2.121441e-01,1.076607e-09,8.308390e-10,3.279547e-13,1.814124e-11,3.460014e-01,7.624808e-10,7.655778e-10,4.660274e-13,6.756168e-08,3.047976e-01,3.119325e-13,1.829262e-09,8.367995e-08,4.392075e-01,2.093869e-13,1.276803e-09,6.663003e-08,3.329146e-01,1.602576e-13,1.892455e-09,1.394086e-02,4.512170e-03,-9.878696e-04,6.786953e-16,2.033394e+02,1.251006e+09,1.747770e+02,1.282278e+09,1.835988e+02,1.881035e+09
84,monte carlo,1.846818e-11,2.612592e-01,7.296237e-10,3.316414e-10,4.158278e-13,3.406290e-11,3.635011e-01,9.720694e-10,5.211793e-10,3.072612e-13,3.411437e-11,1.870134e-01,7.350509e-10,1.128945e-09,3.278377e-13,1.725210e-11,1.170813e-01,1.190220e-09,7.029694e-10,2.840015e-13,7.001608e-08,3.330205e-01,1.515640e-13,7.737569e-10,8.238198e-08,4.827274e-01,1.830812e-13,5.038283e-10,6.616593e-08,3.595106e-01,2.730944e-13,1.847443e-09,1.725529e-02,4.071983e-03,2.109991e-03,2.226320e-15,1.928677e+02,2.033789e+09,1.565536e+02,1.540438e+09,1.688322e+02,1.323339e+09
85,monte carlo,1.844407e-11,2.946415e-01,1.090704e-09,9.277158e-10,2.751165e-13,3.186534e-11,2.690923e-01,6.837563e-10,4.852677e-10,4.898109e-13,3.289305e-11,2.378691e-01,9.649970e-10,9.192695e-10,4.151341e-13,1.778863e-11,3.453567e-01,9.450805e-10,1.031328e-09,4.728049e-13,6.867088e-08,3.052642e-01,2.042940e-13,1.668479e-09,8.384846e-08,4.931911e-01,1.799120e-13,1.085400e-09,6.842189e-08,3.098267e-01,2.158541e-13,1.660489e-09,1.165939e-02,-2.052000e-02,2.685621e-03,9.549185e-16,2.063619e+02,1.654399e+09,1.559598e+02,1.506043e+09,2.025858e+02,1.414482e+09
86,monte carlo,1.806533e-11,3.691477e-01,9.239127e-10,1.010252e-09,4.708665e-13,3.290921e-11,3.366339e-01,6.165001e-10,9.409597e-10,4.153986e-13,3.408635e-11,2.300928e-01,8.935582e-10,1.120478e-09,4.729078e-13,1.781622e-11,3.843583e-01,6.222058e-10,1.163122e-09,2.939644e-13,6.876406e-08,4.219606e-01,1.737182e-13,1.850148e-09,8.141862e-08,4.336249e-01,2.616969e-13,1.442313e-09,6.915174e-08,4.706976e-01,1.878086e-13,1.860184e-09,-4.043334e-04,-1.270629e-02,7.904942e-04,1.988487e-15,1.494935e+02,1.921906e+09,1.722432e+02,1.278424e+09,1.347702e+02,1.479420e+09
87,monte carlo,1.795956e-11,2.711450e-01,1.030147e-09,3.406781e-10,2.174304e-13,3.305366e-11,2.882002e-01,1.025830e-09,7.141486e-10,1.996417e-13,3.243402e-11,3.033946e-01,1.131372e-09,3.369874e-10,2.897878e-13,1.857601e-11,3.706774e-01,1.009602e-09,6.209107e-10,3.654352e-13,6.825361e-08,3.476884e-01,1.312232e-13,1.667632e-09,8.145361e-08,3.990921e-01,1.704780e-13,1.184456e-09,6.625581e-08,3.157199e-01,1.324293e-13,7.977775e-10,-1.043177e-02,-1.929224e-02,3.453211e-03,1.603481e-15,1.800811e+02,1.901728e+09,1.872276e+02,1.801227e+09,1.925107e+02,2.019254e+09
88,monte carlo,1.836578e-11,2.716659e-01,1.096238e-09,1.151626e-09,5.081390e-13,3.376347e-11,3.009037e-01,6.566523e-10,1.063564e-09,2.729321e-13,3.341014e-11,3.163578e-01,9.732089e-10,5.552698e-10,4.870617e-13,1.790011e-11,3.077884e-01,1.091022e-09,8.208297e-10,4.903076e-13,6.981090e-08,3.728192e-01,1.505074e-13,1.849070e-09,8.250741e-08,4.620680e-01,2.037363e-13,8.748267e-10,6.653906e-08,4.660569e-01,1.544841e-13,8.839788e-10,2.676700e-03,-1.887242e-02,5.248655e-03,1.224998e-15,1.717741e+02,1.846236e+09,1.638022e+02,1.518424e+09,1.309696e+02,1.946483e+09
89,monte carlo,1.729150e-11,1.376774e-01,8.620107e-10,2.839422e-10,1.701931e-13,3.350502e-11,3.236048e-01,8.693058e-10,5.833483e-10,4.585933e-13,3.376441e-11,3.369167e-01,7.499877e-10,7.610141e-10,5.184654e-13,1.719439e-11,3.410076e-01,6.476360e-10,8.317710e-10,4.552747e-13,6.860803e-08,3.360300e-01,1.864054e-13,7.508517e-10,8.111398e-08,4.915070e-01,1.398831e-13,1.693961e-09,6.863296e-08,3.680026e-01,2.996599e-13,1.421156e-09,-9.501863e-03,6.207072e-03,-3.164949e-03,9.949559e-16,1.872965e+02,1.738323e+09,1.513905e+02,1.815323e+09,1.710861e+02,1.272677e+09
90,monte carlo,1.712732e-11,3.767724e-01,1.027855e-09,4.441463e-10,3.972663e-13,3.238068e-11,1.649238e-01,7.792105e-10,1.108482e-09,2.443553e-13,3.463502e-11,3.880301e-01,1.172930e-09,1.223264e-09,4.319454e-13,1.790657e-11,1.266130e-01,1.138920e-09,8.094018e-10,4.733642e-13,6.921726e-08,3.066732e-01,1.774857e-13,1.596150e-09,8.135454e-08,4.120952e-01,1.974341e-13,5.201310e-10,6.798966e-08,2.917145e-01,2.825168e-13,7.602568e-10,-2.936392e-02,-9.319961e-03,-7.696110e-04,4.245944e-15,2.070482e+02,1.717839e+09,1.810994e+02,1.618562e+09,2.138049e+02,1.356235e+09
91,monte carlo,1.793716e-11,3.700922e-01,1.068805e-09,1.021668e-09,3.071284e-13,3.339293e-11,2.783756e-01,6.432476e-10,4.305558e-10,3.513313e-13,3.348443e-11,1.427492e-01,7.734917e-10,1.234822e-09,5.064316e-13,1.746202e-11,3.706058e-01,6.179579e-10,9.228973e-10,2.781225e-13,6.790777e-08,3.140883e-01,2.732895e-13,1.906938e-09,7.972321e-08,4.124230e-01,1.463384e-13,1.310023e-09,6.854755e-08,4.094827e-01,2.194980e-13,1.444943e-09,-2.465190e-02,-1.005086e-02,5.634813e-04,4.480676e-15,1.983355e+02,1.271120e+09,1.773269e+02,1.800698e+09,1.535639e+02,1.469506e+09
92,monte carlo,1.863303e-11,3.169369e-01,1.049908e-09,3.177560e-10,4.015342e-13,3.209843e-11,1.484588e-01,1.049901e-09,7.323982e-10,2.689808e-13,3.250684e-11,2.908585e-01,7.049314e-10,1.145784e-09,4.910026e-13,1.792978e-11,1.616927e-01,7.887239e-10,8.760591e-10,3.573168e-13,6.948608e-08,4.181128e-01,1.876807e-13,1.790957e-09,8.192252e-08,4.247728e-01,2.718834e-13,1.470574e-09,6.602820e-08,3.083380e-01,2.362889e-13,5.799938e-10,5.697305e-03,1.677507e-02,1.325482e-03,2.014703e-15,1.524534e+02,1.787471e+09,1.769210e+02,1.181183e+09,1.964423e+02,1.396930e+09
93,monte carlo,1.880070e-11,3.607352e-01,1.006359e-09,1.109069e-09,2.520543e-13,3.406793e-11,3.546587e-01,1.086034e-09,1.004701e-09,2.254858e-13,3.187032e-11,3.164016e-01,7.315268e-10,4.956739e-10,2.906972e-13,1.743680e-11,2.799976e-01,6.210447e-10,8.315524e-10,2.328305e-13,6.821266e-08,3.138123e-01,1.758230e-13,1.014385e-09,8.352417e-08,4.011937e-01,1.786684e-13,1.624766e-09,6.811348e-08,3.065683e-01,1.292089e-13,1.649312e-09,-2.571939e-02,2.855967e-02,-2.600899e-03,1.497693e-15,1.994012e+02,1.781042e+09,1.909813e+02,1.509771e+09,2.038162e+02,2.061372e+09
94,monte carlo,1.790254e-11,3.878843e-01,6.549451e-10,1.042239e-09,5.238703e-13,3.260452e-11,1.053411e-01,1.082147e-09,6.601061e-10,3.838768e-13,3.203498e-11,1.176898e-01,1.194337e-09,8.249668e-10,3.647091e-13,1.848418e-11,3.317236e-01,6.438573e-10,2.934611e-10,4.672223e-13,6.629736e-08,3.144141e-01,2.184364e-13,1.151056e-09,8.308668e-08,3.779154e-01,2.304303e-13,9.074003e-10,6.763972e-08,4.461721e-01,2.773451e-13,1.321802e-09,1.914513e-02,2.712227e-02,5.218936e-03,4.016992e-15,1.934314e+02,1.424490e+09,2.016831e+02,1.356810e+09,1.390696e+02,1.285523e+09
95,monte carlo,1.858153e-11,3.876081e-01,8.491155e-10,1.092987e-09,2.083684e-13,3.344007e-11,2.462735e-01,7.280903e-10,1.298616e-09,4.170218e-13,3.135430e-11,2.975849e-01,1.028514e-09,3.771315e-10,4.065815e-13,1.718008e-11,2.733837e-01,9.164504e-10,6.315191e-10,2.120745e-13,6.790822e-08,3.266921e-01,2.603535e-13,1.658748e-09,8.233937e-08,5.260844e-01,2.082296e-13,7.633493e-10,6.856122e-08,4.469073e-01,1.748572e-13,1.607290e-09,-2.972851e-02,-2.187201e-02,5.951611e-03,6.919617e-16,1.906849e+02,1.306884e+09,1.435770e+02,1.513818e+09,1.407323e+02,1.613743e+09
96,monte carlo,1.889288e-11,3.195969e-01,8.257987e-10,8.461032e-10,3.126511e-13,3.435413e-11,2.649503e-01,7.005720e-10,6.919316e-10,3.248772e-13,3.263366e-11,1.163713e-01,1.134350e-09,3.444280e-10,4.319661e-13,1.871388e-11,1.252194e-01,1.171470e-09,7.703196e-10,3.000269e-13,6.810442e-08,3.740527e-01,2.800531e-13,1.773933e-09,7.999782e-08,4.955001e-01,2.330004e-13,1.523494e-09,6.927506e-08,3.801558e-01,2.346502e-13,1.058981e-09,-1.801108e-02,-1.830300e-02,1.102434e-03,1.340721e-15,1.670226e+02,1.307345e+09,1.481041e+02,1.265764e+09,1.671660e+02,1.444240e+09
97,monte carlo,1.716708e-11,3.551382e-01,8.253329e-10,7.377758e-10,5.224379e-13,3.204820e-11,3.209685e-01,8.686538e-10,7.914504e-10,4.024283e-13,3.428607e-11,3.758826e-01,6.729105e-10,1.005686e-09,1.702855e-13,1.711875e-11,1.222026e-01,1.139229e-09,9.341305e-10,4.651973e-13,6.681845e-08,3.407832e-01,1.487236e-13,1.686495e-09,8.432284e-08,4.720983e-01,1.581962e-13,8.678814e-10,6.792190e-08,3.910007e-01,1.621295e-13,1.642242e-09,-1.816389e-02,-1.203897e-02,5.833663e-04,1.840135e-15,1.798668e+02,1.791544e+09,1.638496e+02,1.679925e+09,1.593548e+02,1.770622e+09
98,monte carlo,1.779779e-11,1.953504e-01,7.560512e-10,1.177404e-09,3.666340e-13,3.367711e-11,2.596062e-01,6.806538e-10,9.434803e-10,3.393064e-13,3.338942e-11,3.717620e-01,8.044452e-10,6.595627e-10,1.759864e-13,1.866547e-11,3.990869e-01,6.727423e-10,2.781035e-10,4.696730e-13,6.856753e-08,4.368252e-01,1.728714e-13,1.563787e-09,8.176382e-08,4.292260e-01,1.893376e-13,1.613514e-09,6.691438e-08,4.496923e-01,2.693930e-13,5.101258e-10,-1.091083e-02,-1.174664e-02,2.855627e-03,4.093685e-15,1.439937e+02,1.646019e+09,1.747462e+02,1.427907e+09,1.365013e+02,1.275771e+09
99,monte carlo,1.849099e-11,1.345251e-01,7.921194e-10,1.080657e-09,3.878052e-13,3.315478e-11,1.384506e-01,9.867126e-10,7.400116e-10,3.747661e-13,3.301709e-11,3.336859e-01,7.011726e-10,5.143069e-10,3.694252e-13,1.806163e-11,1.818070e-01,8.799558e-10,4.547801e-10,2.066394e-13,6.754773e-08,2.884664e-01,2.494204e-13,1.056642e-09,8.238655e-08,4.900910e-01,3.213121e-13,1.822947e-09,6.941475e-08,4.048556e-01,1.857422e-13,8.734097e-10,2.771989e-02,-7.850790e-03,-2.720727e-03,6.362018e-16,2.148069e+02,1.462935e+09,1.542099e+02,1.068973e+09,1.572839e+02,1.696230e+09
100,monte carlo,1.770924e-11,3.049489e-01,7.528578e-10,9.020221e-10,4.527864e-13,3.459767e-11,1.768684e-01,6.772253e-10,6.384763e-10,1.717070e-13,3.283838e-11,1.012598e-01,1.035986e-09,6.672774e-10,3.673351e-13,1.809805e-11,2.566748e-01,8.359512e-10,9.380393e-10,5.127724e-13,6.678934e-08,4.666879e-01,1.607434e-13,7.918940e-10,7.969986e-08,4.761982e-01,1.653604e-13,1.189585e-09,6.895686e-08,4.384316e-01,1.490119e-13,1.018871e-09,1.249059e-02,1.037771e-02,-1.560671e-03,1.549982e-15,1.312845e+02,1.855195e+09,1.535333e+02,1.781007e+09,1.442807e+02,1.921374e+09
101,monte carlo,1.794011e-11,2.342490e-01,1.110599e-09,9.029651e-10,1.760320e-13,3.176658e-11,2.754767e-01,1.199056e-09,1.140011e-09,3.935796e-13,3.160689e-11,1.278778e-01,6.285154e-10,9.204093e-10,3.431806e-13,1.827205e-11,2.926350e-01,6.394718e-10,5.542776e-10,3.633652e-13,6.865446e-08,2.925254e-01,2.561499e-13,1.064066e-09,8.427366e-08,5.742756e-01,1.640764e-13,1.913250e-09,6.879516e-08,4.048537e-01,1.834864e-13,6.775323e-10,1.037309e-03,2.228617e-02,3.826021e-03,2.248413e-15,2.152969e+02,1.257105e+09,1.346183e+02,1.676964e+09,1.558808e+02,1.532565e+09
102,monte carlo,1.814039e-11,3.527798e-01,9.085075e-10,7.109042e-10,5.243336e-13,3.172650e-11,2.142648e-01,7.259886e-10,7.967887e-10,3.516578e-13,3.446698e-11,2.166441e-01,6.265825e-10,4.095338e-10,3.145597e-13,1.817689e-11,2.260126e-01,6.916390e-10,7.806347e-10,2.724183e-13,6.869120e-08,4.496807e-01,2.588456e-13,5.476680e-10,8.023829e-08,5.090174e-01,2.017046e-13,1.885089e-09,6.785176e-08,4.281842e-01,2.616554e-13,1.004160e-09,1.450655e-03,-1.230690e-02,-4.904685e-03,3.161662e-15,1.401295e+02,1.434483e+09,1.446045e+02,1.476711e+09,1.453661e+02,1.260144e+09
103,monte carlo,1.873211e-11,1.186006e-01,6.206980e-10,8.945753e-10,5.268177e-13,3.267138e-11,3.205296e-01,1.129410e-09,6.366862e-10,2.368668e-13,3.441412e-11,3.858812e-01,1.029128e-09,5.011371e-10,2.927352e-13,1.811435e-11,1.136599e-01,7.134964e-10,9.227516e-10,3.014034e-13,6.762340e-08,3.167340e-01,1.361590e-13,9.104946e-10,8.194809e-08,3.834100e-01,1.310804e-13,1.188799e-09,6.943664e-08,3.433802e-01,2.454511e-13,9.630727e-10,2.034883e-02,-2.704718e-02,-5.961017e-03,7.239636e-16,1.958552e+02,1.954266e+09,1.960687e+02,1.688083e+09,1.855009e+02,1.412308e+09
104,monte carlo,1.826873e-11,1.348084e-01,8.836314e-10,5.350184e-10,4.820140e-13,3.210614e-11,3.347854e-01,7.664119e-10,8.921855e-10,4.424162e-13,3.153567e-11,3.561298e-01,6.322905e-10,5.215550e-10,4.111142e-13,1.734955e-11,1.167237e-01,9.178092e-10,5.714695e-10,1.773801e-13,6.896200e-08,3.335732e-01,1.574807e-13,1.519463e-09,8.413974e-08,3.888523e-01,1.580524e-13,1.112474e-09,6.692247e-08,3.081364e-01,1.322476e-13,1.794486e-09,-1.379983e-02,2.588826e-02,-5.310224e-03,3.619638e-15,1.896494e+02,1.914788e+09,1.984948e+02,1.819968e+09,1.992332e+02,1.924688e+09
105,monte carlo,1.735273e-11,3.195381e-01,9.628968e-10,1.128187e-09,2.471295e-13,3.402976e-11,3.811986e-01,8.937567e-10,1.223076e-09,4.308343e-13,3.240205e-11,1.568029e-01,7.197251e-10,8.064354e-10,5.130032e-13,1.831257e-11,3.266611e-01,6.143355e-10,4.333147e-10,4.319118e-13,6.672735e-08,2.878059e-01,2.550739e-13,1.555009e-09,7.998908e-08,4.797768e-01,2.685356e-13,1.386450e-09,6.678973e-08,2.933925e-01,2.475276e-13,1.847186e-09,-1.339790e-02,-1.550417e-02,-4.404183e-03,2.605746e-15,2.126850e+02,1.379827e+09,1.529411e+02,1.165734e+09,2.088303e+02,1.410400e+09
106,monte carlo,1.832077e-11,3.790979e-01,8.584057e-10,8.133764e-10,3.619466e-13,3.203089e-11,3.828203e-01,9.035354e-10,1.166103e-09,3.217679e-13,3.169903e-11,3.476919e-01,1.155908e-09,5.657540e-10,4.458944e-13,1.734669e-11,2.367816e-01,8.253621e-10,1.278297e-09,2.557166e-13,6.793504e-08,4.175209e-01,1.505142e-13,1.383211e-09,8.083699e-08,3.913701e-01,1.314975e-13,1.213339e-09,6.737521e-08,3.111940e-01,2.130333e-13,1.112802e-09,2.643082e-03,-4.661816e-03,-3.212171e-03,3.048411e-15,1.492617e+02,1.825232e+09,1.894765e+02,1.804353e+09,1.986102e+02,1.403814e+09
107,monte carlo,1.880596e-11,1.585345e-01,1.076919e-09,5.269242e-10,4.277172e-13,3.441764e-11,1.041410e-01,1.073269e-09,8.084470e-10,5.002292e-13,3.379513e-11,1.406728e-01,9.224065e-10,7.538600e-10,4.773342e-13,1.875403e-11,1.093484e-01,9.134311e-10,4.142677e-10,2.897582e-13,6.674484e-08,3.536881e-01,2.279382e-13,7.774942e-10,8.197609e-08,4.724316e-01,1.970643e-13,1.697746e-09,6.784386e-08,3.809830e-01,2.735527e-13,1.193635e-09,2.297229e-02,1.728118e-02,2.238511e-03,2.785542e-15,1.731131e+02,1.599802e+09,1.591772e+02,1.622437e+09,1.633570e+02,1.382792e+09
108,monte carlo,1.816647e-11,3.932366e-01,7.210879e-10,9.152140e-10,4.669404e-13,3.137393e-11,2.388777e-01,9.693606e-10,6.824931e-10,1.988870e-13,3.447903e-11,2.587802e-01,7.187112e-10,1.172032e-09,5.064010e-13,1.743025e-11,3.511443e-01,1.083696e-09,9.412273e-10,1.826413e-13,6.965427e-08,3.836599e-01,2.940696e-13,1.920076e-09,8.219756e-08,3.432238e-01,1.611664e-13,1.703214e-09,6.904266e-08,3.213241e-01,3.060045e-13,5.112976e-10,-2.867142e-02,-1.918238e-02,5.802430e-03,2.814719e-15,1.665459e+02,1.243277e+09,2.196920e+02,1.618292e+09,1.971092e+02,1.206777e+09
109,monte carlo,1.776737e-11,2.693481e-01,1.003048e-09,1.202196e-09,4.636077e-13,3.254058e-11,1.221164e-01,1.015094e-09,6.705593e-10,5.006819e-13,3.442413e-11,1.584568e-01,6.871860e-10,2.936872e-10,2.430433e-13,1.867012e-11,3.748409e-01,1.019422e-09,4.682072e-10,4.911188e-13,6.813148e-08,3.999071e-01,1.235160e-13,9.879304e-10,8.228727e-08,3.850972e-01,2.098930e-13,1.848117e-09,6.644302e-08,3.191905e-01,1.621832e-13,1.409920e-09,1.744842e-02,2.657243e-02,-9.990835e-04,2.673402e-15,1.562865e+02,1.955374e+09,1.960176e+02,1.520105e+09,1.909555e+02,1.649698e+09
110,monte carlo,1.776860e-11,2.482548e-01,9.843664e-10,4.998121e-10,3.631832e-13,3.177657e-11,3.712597e-01,9.499097e-10,3.680360e-10,2.657872e-13,3.414613e-11,3.092075e-01,1.003285e-09,1.180024e-09,2.221806e-13,1.743453e-11,1.948398e-01,8.272536e-10,1.140596e-09,1.948357e-13,6.808898e-08,3.108121e-01,2.139584e-13,1.764415e-09,8.110813e-08,5.218555e-01,1.954256e-13,1.185084e-09,6.975739e-08,3.494844e-01,1.769203e-13,8.915089e-10,-1.996714e-02,-2.837029e-02,5.276436e-04,3.886404e-15,2.009610e+02,1.505960e+09,1.425761e+02,1.538075e+09,1.831029e+02,1.577629e+09
111,monte carlo,1.760547e-11,1.732486e-01,9.380271e-10,5.719843e-10,3.447557e-13,3.257758e-11,2.498549e-01,9.208008e-10,8.149593e-10,3.090184e-13,3.433784e-11,2.744327e-01,1.116410e-09,3.663122e-10,3.656931e-13,1.816432e-11,2.925981e-01,6.780223e-10,8.408695e-10,2.532217e-13,6.781531e-08,3.930083e-01,1.450160e-13,1.456997e-09,8.014278e-08,4.419247e-01,2.040158e-13,9.674594e-10,6.816089e-08,3.093901e-01,1.619491e-13,1.059177e-09,1.597209e-02,2.112367e-02,2.422530e-03,4.727851e-15,1.582919e+02,1.893387e+09,1.663600e+02,1.580767e+09,2.020978e+02,1.859525e+09
112,monte carlo,1.732906e-11,2.351623e-01,1.091646e-09,1.292061e-09,1.768505e-13,3.431442e-11,2.111403e-01,9.487539e-10,1.217502e-09,2.814150e-13,3.207587e-11,1.716208e-01,8.861837e-10,3.614604e-10,4.326752e-13,1.848241e-11,1.190730e-01,8.499032e-10,1.238000e-09,5.249188e-13,6.682565e-08,2.991255e-01,1.802229e-13,7.798368e-10,8.289454e-08,3.707775e-01,2.030454e-13,9.855935e-10,6.723414e-08,4.059699e-01,2.604699e-13,9.900600e-10,1.714882e-02,-8.882840e-03,1.712193e-03,8.921841e-16,2.049380e+02,1.543639e+09,2.050904e+02,1.561473e+09,1.519248e+02,1.285914e+09
113,monte carlo,1.745514e-11,2.613505e-01,1.181513e-09,1.036387e-09,3.499822e-13,3.150598e-11,3.207188e-01,9.319020e-10,6.454098e-10,2.374480e-13,3.205330e-11,3.790772e-01,9.453000e-10,9.320262e-10,4.981233e-13,1.851337e-11,2.653150e-01,9.723440e-10,5.829210e-10,3.674101e-13,6.854951e-08,4.640310e-01,1.577097e-13,1.178108e-09,8.197632e-08,4.724860e-01,1.964445e-13,8.832398e-10,6.923505e-08,3.705900e-01,2.302583e-13,9.998665e-10,-5.855652e-03,-2.824318e-02,-5.530078e-03,3.156095e-15,1.355158e+02,1.691236e+09,1.591594e+02,1.494338e+09,1.713820e+02,1.347775e+09
114,monte carlo,1.819867e-11,2.208470e-01,1.193489e-09,1.244610e-09,1.942780e-13,3.330181e-11,1.181048e-01,1.038137e-09,9.430454e-10,4.222990e-13,3.427325e-11,2.326609e-01,1.034314e-09,5.872263e-10,2.305378e-13,1.809759e-11,2.275867e-01,1.014770e-09,1.030136e-09,1.877127e-13,6.945825e-08,3.749129e-01,2.663351e-13,6.649672e-10,8.167231e-08,4.890072e-01,2.136549e-13,8.834721e-10,6.625892e-08,3.061617e-01,2.519818e-13,5.638845e-10,5.920180e-03,-2.748038e-02,-5.855030e-03,4.311475e-15,1.699520e+02,1.359662e+09,1.532118e+02,1.520491e+09,1.985300e+02,1.387722e+09
115,monte carlo,1.778993e-11,1.251019e-01,1.163553e-09,1.044887e-09,2.487674e-13,3.235696e-11,1.149263e-01,1.173753e-09,6.405523e-10,2.750095e-13,3.348498e-11,2.381165e-01,1.049237e-09,7.925207e-10,3.302772e-13,1.876704e-11,2.347515e-01,6.688832e-10,4.729171e-10,4.812781e-13,6.906228e-08,4.757444e-01,2.334134e-13,1.347094e-09,8.057523e-08,4.535925e-01,1.864705e-13,1.709174e-09,6.734708e-08,4.167284e-01,2.947645e-13,1.075778e-09,9.719809e-03,-6.421861e-03,1.446825e-03,1.128145e-15,1.331680e+02,1.479645e+09,1.629553e+02,1.717810e+09,1.482512e+02,1.292262e+09
116,monte carlo,1.888917e-11,3.954768e-01,6.932727e-10,7.262947e-10,3.711707e-13,3.233470e-11,1.392027e-01,6.364680e-10,1.027365e-09,3.489267e-13,3.223700e-11,3.664139e-01,1.100741e-09,1.001284e-09,2.820086e-13,1.738623e-11,1.090759e-01,1.093425e-09,7.630828e-10,3.674602e-13,6.671159e-08,4.383281e-01,2.468600e-13,8.994978e-10,8.095089e-08,5.186142e-01,2.484487e-13,8.905759e-10,6.741933e-08,3.861738e-01,2.210266e-13,8.525280e-10,1.652395e-02,-2.146114e-02,2.676912e-03,6.238491e-16,1.396158e+02,1.487847e+09,1.431891e+02,1.214415e+09,1.601527e+02,1.488129e+09
117,monte carlo,1.842199e-11,3.961112e-01,8.467840e-10,1.186050e-09,2.716393e-13,3.142761e-11,1.604100e-01,9.327495e-10,4.423713e-10,4.210370e-13,3.310431e-11,3.781858e-01,1.183222e-09,1.041681e-09,2.342813e-13,1.737965e-11,2.894313e-01,7.921231e-10,3.049926e-10,5.124906e-13,6.654941e-08,4.228437e-01,2.401290e-13,1.265736e-09,8.335171e-08,5.236366e-01,2.374673e-13,1.324817e-09,6.740192e-08,3.954239e-01,1.763208e-13,1.470368e-09,2.180047e-03,2.514853e-02,-5.031643e-03,1.706332e-15,1.443767e+02,1.398918e+09,1.460216e+02,1.365404e+09,1.563659e+02,1.943818e+09
118,monte carlo,1.760085e-11,2.739735e-01,6.399905e-10,6.675122e-10,2.632465e-13,3.185721e-11,2.164227e-01,7.078500e-10,3.283521e-10,3.163536e-13,3.450645e-11,1.400031e-01,1.154665e-09,4.062896e-10,4.283016e-13,1.876078e-11,3.082741e-01,1.084236e-09,1.188869e-09,3.845740e-13,6.844609e-08,3.069996e-01,2.330669e-13,1.542801e-09,8.170877e-08,5.136232e-01,1.489086e-13,9.402424e-10,6.831190e-08,3.400447e-01,2.332427e-13,1.520761e-09,1.244759e-02,1.127681e-02,2.756929e-03,3.021562e-15,2.045237e+02,1.511132e+09,1.459341e+02,1.579114e+09,1.842863e+02,1.525985e+09
119,monte carlo,1.712423e-11,1.293423e-01,7.994987e-10,5.349855e-10,3.681928e-13,3.447601e-11,1.923143e-01,8.967158e-10,2.820706e-10,4.654738e-13,3.392512e-11,3.477272e-01,8.322856e-10,4.648760e-10,3.265930e-13,1.779294e-11,3.522648e-01,1.012088e-09,1.264382e-09,4.524047e-13,6.904968e-08,4.549321e-01,1.647347e-13,1.669279e-09,8.148512e-08,3.593931e-01,2.830621e-13,1.464790e-09,6.685995e-08,3.447067e-01,1.177767e-13,1.846409e-09,-4.378511e-03,2.777651e-03,4.216661e-03,2.282425e-15,1.392348e+02,1.751392e+09,2.079895e+02,1.229127e+09,1.779299e+02,1.995956e+09
120,monte carlo,1.867235e-11,3.044509e-01,1.164907e-09,4.244548e-10,4.124521e-13,3.411007e-11,2.849453e-01,6.961968e-10,1.006553e-09,3.319805e-13,3.199443e-11,2.297752e-01,6.033606e-10,7.487453e-10,5.245070e-13,1.875836e-11,2.457466e-01,1.054102e-09,1.285245e-09,2.709162e-13,6.978275e-08,3.862854e-01,2.246280e-13,1.704786e-09,8.234889e-08,5.506086e-01,1.700331e-13,7.957937e-10,6.933817e-08,4.557277e-01,1.673415e-13,6.278407e-10,1.772650e-02,-8.284911e-03,-5.514352e-03,4.685833e-15,1.657191e+02,1.343562e+09,1.371979e+02,1.624248e+09,1.395724e+02,1.966439e+09
121,monte carlo,1.873389e-11,2.594972e-01,7.811833e-10,1.087689e-09,3.025724e-13,3.401759e-11,3.479145e-01,9.002177e-10,1.007701e-09,1.780429e-13,3.434818e-11,3.373353e-01,1.188899e-09,9.896440e-10,3.682348e-13,1.877528e-11,1.829996e-01,6.975627e-10,9.380344e-10,3.705408e-13,6.881890e-08,3.176819e-01,1.591489e-13,8.545211e-10,8.411013e-08,3.489670e-01,1.273461e-13,1.153732e-09,6.909252e-08,4.801625e-01,2.032123e-13,1.355915e-09,-2.546226e-02,-9.859117e-03,-3.755377e-03,5.020291e-16,1.987229e+02,2.005257e+09,2.211040e+02,1.798806e+09,1.320005e+02,1.686178e+09
122,monte carlo,1.779764e-11,1.575967e-01,8.970200e-10,1.263610e-09,5.170307e-13,3.419566e-11,3.891143e-01,1.171827e-09,5.589136e-10,4.826248e-13,3.260175e-11,2.627440e-01,9.622780e-10,5.770034e-10,4.641611e-13,1.715853e-11,2.085957e-01,1.013106e-09,6.885739e-10,4.664649e-13,6.834332e-08,3.641632e-01,1.675952e-13,1.535730e-09,8.245698e-08,5.483764e-01,2.854453e-13,1.753036e-09,6.884346e-08,3.007207e-01,1.600972e-13,8.138417e-10,-2.686733e-02,2.343854e-02,4.676553e-03,1.535764e-15,1.721602e+02,1.900987e+09,1.379372e+02,1.195286e+09,2.100062e+02,1.657144e+09
123,monte carlo,1.849672e-11,2.006676e-01,8.723922e-10,9.579091e-10,5.043665e-13,3.363133e-11,1.773823e-01,9.754917e-10,9.534233e-10,3.840335e-13,3.304887e-11,2.035175e-01,6.550475e-10,8.948745e-10,2.361453e-13,1.825636e-11,1.973835e-01,9.754048e-10,8.690111e-10,4.205585e-13,6.708063e-08,3.944891e-01,2.424222e-13,9.824037e-10,8.181248e-08,5.543519e-01,2.531132e-13,1.384581e-09,6.915364e-08,4.236560e-01,1.876917e-13,9.657396e-10,2.778521e-02,-1.003165e-02,-9.822305e-04,4.292276e-15,1.559893e+02,1.396643e+09,1.353838e+02,1.265187e+09,1.497388e+02,1.747256e+09
124,monte carlo,1.796217e-11,3.427335e-01,1.172291e-09,1.215485e-09,4.813723e-13,3.251827e-11,1.106732e-01,8.571172e-10,3.661022e-10,3.344127e-13,3.295214e-11,1.307119e-01,6.704048e-10,1.085410e-09,1.849130e-13,1.791613e-11,1.345998e-01,9.449364e-10,6.152206e-10,2.566921e-13,6.834783e-08,4.129646e-01,1.639679e-13,1.830515e-09,8.078336e-08,3.828308e-01,1.993882e-13,1.170033e-09,6.855722e-08,4.481029e-01,3.014426e-13,1.179761e-09,-4.652094e-03,-1.666004e-02,2.403049e-04,7.703471e-16,1.518254e+02,1.791383e+09,1.935743e+02,1.587843e+09,1.403486e+02,1.286753e+09
125,monte carlo,1.820279e-11,1.293179e-01,1.183922e-09,7.701397e-10,2.277301e-13,3.145187e-11,2.429792e-01,1.035296e-09,1.007951e-09,4.396323e-13,3.193759e-11,1.452007e-01,6.866918e-10,3.296784e-10,1.740553e-13,1.788238e-11,3.011913e-01,6.076255e-10,6.955740e-10,3.202109e-13,6.770525e-08,3.745568e-01,3.030162e-13,1.077892e-09,8.076146e-08,4.833601e-01,1.712843e-13,1.737424e-09,6.950317e-08,4.569681e-01,1.623880e-13,1.994675e-09,2.203425e-02,1.784821e-02,1.938476e-03,2.006660e-15,1.658202e+02,1.198457e+09,1.532732e+02,1.715093e+09,1.395248e+02,1.976154e+09
126,monte carlo,1.725309e-11,1.029376e-01,6.483967e-10,3.080098e-10,3.406096e-13,3.285979e-11,3.233749e-01,1.021189e-09,6.650330e-10,1.966725e-13,3.404730e-11,2.001038e-01,9.868686e-10,1.254689e-09,3.559540e-13,1.873670e-11,1.031275e-01,9.928611e-10,9.311268e-10,2.789851e-13,6.989557e-08,4.151866e-01,1.932947e-13,1.780322e-09,8.078664e-08,5.056846e-01,1.903648e-13,7.635917e-10,6.628667e-08,4.105248e-01,2.750082e-13,1.898854e-09,-2.473082e-02,3.369850e-03,5.952859e-04,3.645975e-15,1.544326e+02,1.473767e+09,1.465523e+02,1.390206e+09,1.481220e+02,1.326863e+09
127,monte carlo,1.854548e-11,3.798428e-01,6.538133e-10,5.433719e-10,4.094429e-13,3.311306e-11,3.698862e-01,1.137909e-09,7.676779e-10,3.706798e-13,3.141571e-11,3.403868e-01,7.186388e-10,8.353816e-10,4.936595e-13,1.885812e-11,1.574265e-01,7.958220e-10,4.792353e-10,3.966552e-13,6.874176e-08,3.188007e-01,1.626977e-13,1.881397e-09,8.105569e-08,3.552089e-01,2.243256e-13,1.782518e-09,6.957055e-08,4.175804e-01,2.001488e-13,1.233347e-09,1.778341e-02,1.393737e-02,1.818484e-03,1.148789e-15,1.978036e+02,2.051329e+09,2.093305e+02,1.302742e+09,1.528333e+02,1.668971e+09
128,monte carlo,1.773965e-11,3.439416e-01,6.627237e-10,6.054308e-10,2.416576e-13,3.420460e-11,1.783809e-01,1.058667e-09,5.293776e-10,2.541010e-13,3.256747e-11,1.184962e-01,1.116809e-09,3.482260e-10,2.617073e-13,1.719829e-11,3.024070e-01,7.334576e-10,4.301015e-10,2.337799e-13,6.824803e-08,2.949282e-01,1.536382e-13,1.869969e-09,8.341593e-08,5.081285e-01,2.402581e-13,1.606296e-09,6.953669e-08,3.061941e-01,1.981967e-13,1.587104e-09,-2.420597e-02,2.554826e-02,-2.287556e-03,2.971742e-15,2.122788e+02,1.840231e+09,1.505942e+02,1.183362e+09,2.083291e+02,1.487456e+09
129,monte carlo,1.732448e-11,2.182019e-01,1.127514e-09,2.945171e-10,5.058494e-13,3.141913e-11,3.724878e-01,1.149496e-09,1.224290e-09,4.075795e-13,3.232742e-11,3.669371e-01,9.855098e-10,1.115956e-09,4.628940e-13,1.806297e-11,1.365311e-01,6.850746e-10,9.514086e-10,4.770414e-13,6.659687e-08,2.883356e-01,2.363078e-13,7.620595e-10,8.347642e-08,5.591939e-01,1.883193e-13,6.319615e-10,6.872498e-08,4.345323e-01,1.717735e-13,1.471814e-09,2.698807e-02,-1.419057e-02,-3.037623e-03,3.928757e-15,2.118792e+02,1.376817e+09,1.369412e+02,1.599760e+09,1.450859e+02,1.604171e+09
130,monte carlo,1.728460e-11,3.339260e-01,6.230855e-10,7.837781e-10,2.517293e-13,3.198471e-11,2.831977e-01,1.160561e-09,7.808623e-10,3.068838e-13,3.170860e-11,1.886870e-01,6.731002e-10,5.443529e-10,3.324963e-13,1.808406e-11,2.617782e-01,1.062718e-09,7.420911e-10,5.290468e-13,6.772577e-08,4.709847e-01,2.721278e-13,1.036785e-09,8.066353e-08,3.317198e-01,2.135493e-13,1.559986e-09,6.748155e-08,4.164704e-01,1.930984e-13,1.659098e-09,1.269554e-02,1.464109e-02,2.372970e-03,2.858178e-15,1.319106e+02,1.327755e+09,2.230687e+02,1.311979e+09,1.486393e+02,1.595879e+09
131,monte carlo,1.796700e-11,2.526321e-01,8.078203e-10,1.131975e-09,2.488876e-13,3.266487e-11,2.854795e-01,8.128089e-10,9.446044e-10,5.295389e-13,3.251960e-11,3.595181e-01,1.121534e-09,1.149684e-09,4.969548e-13,1.881963e-11,2.318774e-01,9.863321e-10,4.480466e-10,4.309119e-13,6.877208e-08,3.153111e-01,2.457136e-13,5.674168e-10,8.427834e-08,4.445412e-01,2.281506e-13,6.810252e-10,6.740831e-08,2.853899e-01,1.583947e-13,5.084238e-10,-2.375208e-02,-2.570146e-03,1.435901e-03,1.667265e-15,2.000809e+02,1.290153e+09,1.739148e+02,1.291318e+09,2.166744e+02,1.717771e+09
132,monte carlo,1.729494e-11,2.328389e-01,9.027538e-10,3.937216e-10,2.703495e-13,3.294600e-11,3.774014e-01,9.553912e-10,1.176620e-09,2.747734e-13,3.291487e-11,2.089862e-01,1.124081e-09,4.560164e-10,3.325404e-13,1.811403e-11,1.999379e-01,8.159635e-10,7.409190e-10,3.691564e-13,6.947894e-08,2.947714e-01,2.374052e-13,1.299929e-09,8.368785e-08,4.990745e-01,1.623343e-13,5.622981e-10,6.923160e-08,4.266658e-01,1.644796e-13,1.496635e-09,6.032168e-03,5.337411e-03,1.769951e-03,3.049805e-15,2.162223e+02,1.377103e+09,1.538260e+02,1.677293e+09,1.488501e+02,1.986534e+09
133,monte carlo,1.850470e-11,1.125419e-01,8.518424e-10,8.451991e-10,3.279331e-13,3.394524e-11,2.655066e-01,8.443211e-10,7.768827e-10,3.329207e-13,3.165890e-11,2.663609e-01,1.014143e-09,5.847012e-10,4.208012e-13,1.748091e-11,1.405403e-01,1.029020e-09,1.153574e-09,3.218529e-13,6.688675e-08,3.659282e-01,2.404809e-13,1.859726e-09,8.439232e-08,3.749089e-01,3.341846e-13,1.774239e-09,6.728139e-08,2.978817e-01,1.698438e-13,7.806523e-10,4.214103e-03,-2.556131e-02,6.768968e-04,4.471694e-15,1.676783e+02,1.342546e+09,2.064951e+02,1.075675e+09,2.071972e+02,1.647919e+09
134,monte carlo,1.744566e-11,1.279648e-01,1.132041e-09,1.165281e-09,4.843455e-13,3.402299e-11,2.763148e-01,1.025413e-09,6.032866e-10,3.984191e-13,3.301282e-11,2.830774e-01,8.923555e-10,9.477120e-10,2.007602e-13,1.744426e-11,2.659492e-01,1.078200e-09,7.069143e-10,2.642839e-13,6.742045e-08,2.894807e-01,1.229235e-13,6.636270e-10,8.077591e-08,4.300819e-01,1.641532e-13,1.880915e-09,6.849702e-08,3.790958e-01,1.873960e-13,9.249571e-10,-1.823918e-03,-3.887616e-03,-2.820013e-03,1.174075e-15,2.136509e+02,1.917328e+09,1.722913e+02,1.785070e+09,1.657507e+02,1.677394e+09
135,monte carlo,1.839012e-11,2.224407e-01,7.502684e-10,4.862628e-10,3.263027e-13,3.446194e-11,3.870602e-01,7.065867e-10,5.644599e-10,3.341795e-13,3.438109e-11,3.158861e-01,7.493078e-10,6.602056e-10,4.632059e-13,1.795447e-11,2.941118e-01,1.019407e-09,4.527469e-10,5.163840e-13,6.807918e-08,3.390521e-01,1.751828e-13,1.876249e-09,8.130494e-08,4.320643e-01,2.760005e-13,1.695311e-09,6.720711e-08,4.398420e-01,2.472333e-13,1.893427e-09,-3.293115e-03,1.367693e-03,4.662268e-03,4.948332e-15,1.841962e+02,1.868891e+09,1.726240e+02,1.227646e+09,1.401688e+02,1.481395e+09
136,monte carlo,1.736052e-11,2.862222e-01,1.127641e-09,8.097853e-10,4.256712e-13,3.341833e-11,2.298790e-01,6.749076e-10,4.513292e-10,4.959567e-13,3.276682e-11,1.668668e-01,8.469939e-10,7.272379e-10,5.073186e-13,1.775400e-11,2.320337e-01,1.109958e-09,9.386888e-10,2.135358e-13,6.939881e-08,3.579556e-01,1.957373e-13,9.657099e-10,8.384899e-08,3.611845e-01,1.660853e-13,1.816984e-09,6.898414e-08,3.542044e-01,2.978517e-13,6.453365e-10,7.512330e-03,1.507809e-02,-9.926246e-04,3.245894e-15,1.778507e+02,1.747673e+09,2.129617e+02,1.547182e+09,1.786603e+02,1.274514e+09
137,monte carlo,1.870718e-11,1.046134e-01,1.185040e-09,5.601359e-10,1.970603e-13,3.386192e-11,1.202033e-01,9.894241e-10,8.956743e-10,2.595440e-13,3.148848e-11,1.014860e-01,6.672176e-10,7.749602e-10,4.125901e-13,1.742329e-11,3.974878e-01,9.266453e-10,5.893818e-10,3.501805e-13,6.646637e-08,3.652343e-01,1.682896e-13,8.981530e-10,8.268465e-08,4.185173e-01,1.900454e-13,1.573923e-09,6.738108e-08,3.592480e-01,1.186630e-13,1.896665e-09,1.646799e-02,-2.981168e-02,2.667739e-04,2.100162e-15,1.669410e+02,2.027561e+09,1.812359e+02,1.359578e+09,1.720586e+02,2.050159e+09
138,monte carlo,1.835104e-11,1.245391e-01,8.225603e-10,5.994989e-10,2.435620e-13,3.451399e-11,3.187544e-01,1.101174e-09,1.209777e-09,3.614646e-13,3.345070e-11,3.972685e-01,9.487318e-10,1.181202e-09,4.169496e-13,1.854361e-11,3.555317e-01,6.561976e-10,9.931295e-10,5.198741e-13,6.794773e-08,4.283777e-01,1.457497e-13,1.319087e-09,8.044771e-08,4.799144e-01,2.968463e-13,1.650806e-09,6.811341e-08,3.245711e-01,1.662343e-13,1.696207e-09,-1.752708e-02,1.709248e-02,-3.851817e-03,1.156195e-15,1.455060e+02,1.882280e+09,1.537739e+02,1.199141e+09,1.925110e+02,1.632779e+09
139,monte carlo,1.809975e-11,3.576509e-01,8.307882e-10,1.035605e-09,3.272911e-13,3.381345e-11,1.485557e-01,8.404274e-10,1.030050e-09,3.279762e-13,3.147412e-11,2.218883e-01,7.098132e-10,1.144128e-09,4.643169e-13,1.752993e-11,3.519614e-01,8.581585e-10,3.392913e-10,1.921768e-13,6.673140e-08,4.320931e-01,1.437431e-13,5.523213e-10,7.970700e-08,4.647653e-01,2.823084e-13,7.097034e-10,6.922846e-08,3.065281e-01,2.387975e-13,1.459873e-09,-8.160284e-03,-2.855657e-02,3.549662e-03,2.396546e-15,1.416725e+02,1.849474e+09,1.573242e+02,1.104339e+09,2.071796e+02,1.324885e+09
140,monte carlo,1.848995e-11,3.999633e-01,9.754935e-10,7.166580e-10,3.068947e-13,3.463679e-11,2.753364e-01,9.350459e-10,3.726655e-10,2.726334e-13,3.169906e-11,3.510064e-01,7.105222e-10,9.793498e-10,2.822820e-13,1.759443e-11,1.908557e-01,9.075335e-10,4.702488e-10,5.187857e-13,6.701632e-08,2.855225e-01,1.783219e-13,1.926676e-09,8.012567e-08,5.074442e-01,1.900541e-13,5.696725e-10,6.982445e-08,3.429279e-01,1.884058e-13,5.604380e-10,-3.151709e-03,5.529859e-03,-2.033978e-03,2.795623e-15,2.153144e+02,1.871572e+09,1.448492e+02,1.601591e+09,1.867831e+02,1.665123e+09
141,monte carlo,1.843040e-11,3.090399e-01,8.390199e-10,1.027006e-09,4.407147e-13,3.453797e-11,2.804827e-01,8.064821e-10,2.781308e-10,3.786987e-13,3.169792e-11,1.830756e-01,1.196908e-09,3.044583e-10,1.821844e-13,1.775593e-11,2.458848e-01,6.530290e-10,8.983940e-10,3.776637e-13,6.777477e-08,3.320372e-01,1.863826e-13,1.643718e-09,8.062684e-08,3.747440e-01,2.016621e-13,1.047072e-09,6.899457e-08,2.945319e-01,2.699899e-13,1.775385e-09,5.865122e-03,3.701304e-03,-1.216206e-03,2.204883e-15,1.872466e+02,1.605046e+09,1.973684e+02,1.428768e+09,2.148896e+02,1.253415e+09
142,monte carlo,1.845946e-11,2.041185e-01,8.987996e-10,1.050319e-09,2.073751e-13,3.363852e-11,1.801696e-01,6.616682e-10,1.243382e-09,5.229244e-13,3.159107e-11,3.507564e-01,1.037858e-09,1.140037e-09,3.330782e-13,1.876863e-11,1.955851e-01,1.001352e-09,3.774223e-10,1.742411e-13,6.994773e-08,3.517351e-01,1.597207e-13,1.612273e-09,8.133079e-08,5.561843e-01,1.877761e-13,1.913040e-09,6.848926e-08,4.277993e-01,2.159217e-13,9.386567e-10,-1.280976e-02,-7.564695e-03,2.425521e-03,3.617656e-15,1.824277e+02,1.692700e+09,1.341433e+02,1.558959e+09,1.468639e+02,1.545251e+09
143,monte carlo,1.768464e-11,3.653784e-01,1.120478e-09,9.422705e-10,3.716767e-13,3.383080e-11,3.127060e-01,1.150766e-09,1.163710e-09,3.962110e-13,3.341891e-11,3.850942e-01,1.131567e-09,8.871600e-10,5.055955e-13,1.735286e-11,3.185583e-01,6.167628e-10,6.947820e-10,2.424770e-13,6.846107e-08,3.928403e-01,2.298110e-13,1.272513e-09,8.349980e-08,4.399391e-01,1.476940e-13,1.452995e-09,6.953288e-08,4.788995e-01,1.539863e-13,1.819655e-09,-1.489709e-02,2.415624e-02,-3.456569e-03,1.116812e-15,1.598676e+02,1.516900e+09,1.741107e+02,1.763441e+09,1.331921e+02,2.052777e+09
144,monte carlo,1.746057e-11,3.413033e-01,1.005287e-09,9.603436e-10,4.244468e-13,3.144106e-11,3.800890e-01,9.035030e-10,1.093740e-09,2.429157e-13,3.262510e-11,3.702312e-01,9.951046e-10,3.599880e-10,4.496445e-13,1.878287e-11,1.581756e-01,7.115368e-10,1.227239e-09,4.343364e-13,6.640608e-08,4.181102e-01,1.522394e-13,1.539141e-09,8.092243e-08,4.896025e-01,3.304393e-13,1.709789e-09,6.629553e-08,2.945277e-01,3.426495e-13,1.966674e-09,-1.909726e-02,-4.233926e-03,-3.693907e-03,2.900324e-15,1.456967e+02,1.993949e+09,1.516205e+02,1.063922e+09,2.064861e+02,1.203662e+09
145,monte carlo,1.732035e-11,3.461476e-01,8.401185e-10,1.063397e-09,4.981016e-13,3.188860e-11,2.692256e-01,8.736963e-10,6.857758e-10,3.114840e-13,3.444410e-11,1.773038e-01,9.490551e-10,4.716818e-10,4.278447e-13,1.887541e-11,3.335941e-01,7.825460e-10,6.591299e-10,4.910595e-13,6.850787e-08,4.399644e-01,2.971846e-13,6.066685e-10,8.032624e-08,3.405920e-01,2.523212e-13,1.509426e-09,6.799205e-08,3.189024e-01,2.433562e-13,7.835024e-10,-1.552168e-03,-1.854566e-02,4.544886e-03,4.416880e-15,1.428419e+02,1.292960e+09,2.163494e+02,1.236019e+09,1.955839e+02,1.386828e+09
146,monte carlo,1.886033e-11,3.262275e-01,9.212103e-10,1.096461e-09,2.232290e-13,3.382097e-11,1.938728e-01,7.368780e-10,1.215041e-09,3.858297e-13,3.303205e-11,1.829360e-01,8.189877e-10,3.737486e-10,2.738455e-13,1.792956e-11,3.892541e-01,9.906314e-10,1.209033e-09,2.044865e-13,6.761961e-08,3.417628e-01,3.104892e-13,5.226492e-10,8.249337e-08,5.032617e-01,1.833286e-13,1.041892e-09,6.620172e-08,3.585282e-01,1.567999e-13,6.842878e-10,-1.970289e-02,2.735428e-02,-2.811404e-03,2.413237e-15,1.815016e+02,1.265204e+09,1.503688e+02,1.416004e+09,1.693864e+02,1.910242e+09
147,monte carlo,1.741167e-11,2.733330e-01,9.279848e-10,3.437262e-10,3.472041e-13,3.437271e-11,2.382590e-01,8.514688e-10,6.469464e-10,4.970616e-13,3.257649e-11,1.991543e-01,1.132337e-09,8.893353e-10,4.040465e-13,1.766019e-11,3.948473e-01,9.629445e-10,8.464173e-10,4.452916e-13,6.728375e-08,3.693020e-01,1.636488e-13,6.870477e-10,8.047879e-08,4.884994e-01,3.020460e-13,1.823935e-09,6.944578e-08,4.560601e-01,1.204078e-13,1.080030e-09,-2.158207e-02,-1.834328e-02,-3.808954e-03,4.089020e-15,1.671326e+02,1.632801e+09,1.511298e+02,1.078859e+09,1.396872e+02,2.051924e+09
148,monte carlo,1.826130e-11,3.006568e-01,8.719003e-10,1.090713e-09,2.075190e-13,3.270060e-11,1.045021e-01,6.838256e-10,9.802255e-10,5.077312e-13,3.162152e-11,2.149900e-01,8.533301e-10,7.782005e-10,2.156125e-13,1.795072e-11,2.593674e-01,1.196492e-09,5.297594e-10,4.819676e-13,6.652611e-08,3.526808e-01,1.977634e-13,1.873273e-09,8.151680e-08,3.662399e-01,2.254415e-13,8.958886e-10,6.727816e-08,3.771867e-01,3.162034e-13,9.138266e-10,1.582681e-02,-2.455658e-02,1.249242e-03,1.155589e-15,1.730386e+02,1.466879e+09,2.041805e+02,1.317738e+09,1.636253e+02,1.230906e+09
149,monte carlo,1.761357e-11,2.811261e-01,8.029993e-10,1.019808e-09,4.791726e-13,3.179563e-11,2.370570e-01,7.308459e-10,9.475198e-10,2.096647e-13,3.229216e-11,3.694268e-01,9.774784e-10,5.342748e-10,2.998949e-13,1.773520e-11,1.703964e-01,6.034626e-10,1.115187e-09,2.024351e-13,6.760528e-08,4.289915e-01,2.077984e-13,1.666454e-09,8.424544e-08,4.704682e-01,2.205478e-13,1.181866e-09,6.773174e-08,4.408649e-01,2.508871e-13,1.008024e-09,6.926525e-03,-1.439791e-02,-1.868802e-03,4.919110e-15,1.445655e+02,1.688509e+09,1.642664e+02,1.311409e+09,1.409352e+02,1.450328e+09
150,monte carlo,1.743983e-11,1.522111e-01,1.027491e-09,9.170036e-10,4.458080e-13,3.169412e-11,2.812589e-01,1.109862e-09,4.057810e-10,5.227300e-13,3.201308e-11,2.378742e-01,6.751687e-10,4.406550e-10,4.173674e-13,1.788536e-11,1.320147e-01,9.485917e-10,8.712547e-10,4.063640e-13,6.971157e-08,3.179588e-01,1.697175e-13,1.432732e-09,8.161489e-08,4.412156e-01,1.637007e-13,9.148557e-10,6.676877e-08,3.773167e-01,1.651201e-13,6.882005e-10,8.571094e-03,-1.544810e-02,5.100281e-03,3.945290e-15,2.011253e+02,1.943242e+09,1.696880e+02,1.786663e+09,1.623305e+02,1.690476e+09
151,monte carlo,1.826704e-11,1.971096e-01,1.170976e-09,1.153475e-09,2.158696e-13,3.463985e-11,1.664915e-01,9.836830e-10,1.192764e-09,2.101015e-13,3.359990e-11,1.918246e-01,6.816437e-10,5.954645e-10,1.897760e-13,1.807529e-11,2.007051e-01,1.061080e-09,4.278354e-10,3.986474e-13,6.681958e-08,4.219015e-01,1.538059e-13,6.958521e-10,8.182826e-08,3.556491e-01,2.082438e-13,1.291482e-09,6.992113e-08,3.192043e-01,2.740801e-13,1.990061e-09,2.443719e-02,1.668754e-03,4.424059e-03,3.747062e-15,1.452865e+02,2.058153e+09,2.110641e+02,1.430267e+09,2.009428e+02,1.232756e+09
152,monte carlo,1.851250e-11,3.933820e-01,6.868724e-10,4.490962e-10,2.721099e-13,3.216207e-11,1.202953e-01,9.949441e-10,6.146090e-10,2.796809e-13,3.362563e-11,3.853448e-01,1.092428e-09,6.639048e-10,2.421912e-13,1.845848e-11,3.565655e-01,9.560119e-10,9.323090e-10,4.390393e-13,6.947855e-08,3.427236e-01,1.485752e-13,1.579627e-09,8.392904e-08,4.331254e-01,1.883389e-13,1.403924e-09,6.899334e-08,3.530909e-01,2.348686e-13,1.739682e-09,2.905152e-02,4.220694e-03,-2.519922e-03,3.010512e-15,1.859685e+02,2.049040e+09,1.777589e+02,1.389469e+09,1.792476e+02,1.461154e+09
153,monte carlo,1.760731e-11,1.620807e-01,6.089172e-10,6.593176e-10,3.292505e-13,3.342447e-11,2.421114e-01,7.583966e-10,4.313010e-10,3.351816e-13,3.182299e-11,1.458738e-01,8.782484e-10,7.185902e-10,1.982490e-13,1.771232e-11,1.941816e-01,1.073281e-09,1.187699e-09,1.742163e-13,6.741990e-08,3.454910e-01,3.207628e-13,1.158758e-09,8.138289e-08,3.524479e-01,2.345075e-13,8.034560e-10,6.890767e-08,3.446760e-01,2.389730e-13,1.123003e-09,9.751094e-03,1.159921e-02,-4.925366e-04,3.107159e-15,1.790128e+02,1.234248e+09,2.118219e+02,1.335859e+09,1.833957e+02,1.335067e+09
154,monte carlo,1.804151e-11,1.619526e-01,7.419603e-10,8.394795e-10,4.466527e-13,3.218760e-11,1.976893e-01,8.548544e-10,1.036082e-09,2.662462e-13,3.247223e-11,2.917842e-01,1.167890e-09,3.140743e-10,4.963273e-13,1.789594e-11,3.375903e-01,8.515893e-10,5.914147e-10,2.791643e-13,6.754021e-08,3.223165e-01,2.789437e-13,1.030820e-09,8.324765e-08,5.038491e-01,2.416232e-13,1.302935e-09,6.736747e-08,3.835498e-01,1.109604e-13,1.152537e-09,-1.153394e-02,-2.077324e-02,9.513731e-04,3.206009e-15,1.922262e+02,1.275026e+09,1.515668e+02,1.346851e+09,1.611244e+02,2.048598e+09
155,monte carlo,1.740122e-11,2.284721e-01,8.693355e-10,6.264112e-10,3.821175e-13,3.307417e-11,2.047520e-01,1.186663e-09,2.701024e-10,2.648792e-13,3.367509e-11,1.977386e-01,8.189392e-10,7.263968e-10,3.616284e-13,1.811353e-11,3.212429e-01,8.287235e-10,8.776354e-10,3.293075e-13,6.909209e-08,3.014596e-01,1.594241e-13,9.405232e-10,8.072331e-08,4.474490e-01,2.639188e-13,1.386046e-09,6.936621e-08,4.424056e-01,2.882437e-13,1.587847e-09,-8.095116e-03,-1.519093e-02,1.675872e-03,4.525293e-15,2.102481e+02,2.054080e+09,1.654963e+02,1.249001e+09,1.438335e+02,1.240293e+09
156,monte carlo,1.877000e-11,3.499955e-01,1.106610e-09,8.033581e-10,5.101896e-13,3.227678e-11,1.010523e-01,1.171466e-09,6.021215e-10,2.835674e-13,3.138400e-11,2.542997e-01,8.704031e-10,1.265032e-09,3.286431e-13,1.722286e-11,1.137338e-01,1.195438e-09,1.227659e-09,2.450317e-13,6.751208e-08,4.677366e-01,2.452960e-13,1.345876e-09,8.178545e-08,3.706217e-01,2.493802e-13,1.376906e-09,6.940549e-08,4.395657e-01,1.505707e-13,1.422181e-09,5.464518e-04,1.354142e-02,4.283383e-03,3.113544e-15,1.324076e+02,1.393432e+09,2.024314e+02,1.279983e+09,1.448448e+02,1.955994e+09
157,monte carlo,1.739663e-11,2.763998e-01,1.198750e-09,6.238007e-10,4.033925e-13,3.247014e-11,3.562729e-01,7.343845e-10,4.815904e-10,2.377296e-13,3.136087e-11,3.788198e-01,8.734650e-10,5.056779e-10,2.656341e-13,1.777718e-11,3.122346e-01,7.380739e-10,7.768953e-10,3.911211e-13,6.641844e-08,3.667895e-01,2.343322e-13,1.181414e-09,7.971165e-08,3.706477e-01,1.465603e-13,1.590467e-09,6.763756e-08,3.555016e-01,1.979836e-13,1.993455e-09,-2.380879e-02,1.474610e-02,1.529960e-03,1.946686e-15,1.661133e+02,1.399491e+09,1.972846e+02,1.684102e+09,1.745336e+02,1.629141e+09
158,monte carlo,1.772078e-11,2.375238e-01,1.183704e-09,5.497485e-10,4.329666e-13,3.461840e-11,1.118605e-01,1.118672e-09,7.755545e-10,4.874569e-13,3.204777e-11,2.615174e-01,7.797498e-10,9.640905e-10,5.212324e-13,1.831260e-11,1.783451e-01,9.431157e-10,8.961962e-10,3.974551e-13,6.712435e-08,3.715346e-01,1.662168e-13,1.661755e-09,8.441121e-08,4.381536e-01,2.110088e-13,5.825765e-10,6.778707e-08,3.144189e-01,2.417316e-13,1.476237e-09,2.438910e-02,9.192254e-03,4.897999e-03,2.903907e-15,1.657348e+02,1.909545e+09,1.767284e+02,1.503550e+09,1.977748e+02,1.369135e+09
159,monte carlo,1.769795e-11,1.723190e-01,7.347244e-10,4.368335e-10,4.932832e-13,3.272337e-11,3.074661e-01,1.050184e-09,5.609032e-10,2.532984e-13,3.340030e-11,1.550005e-01,9.497438e-10,1.247467e-09,2.771810e-13,1.871035e-11,2.602386e-01,6.952111e-10,4.554543e-10,2.768934e-13,6.800099e-08,3.251191e-01,1.381489e-13,9.895172e-10,8.070887e-08,4.068388e-01,2.234075e-13,5.223378e-10,6.802512e-08,4.553220e-01,1.247221e-13,5.906722e-10,2.012737e-03,2.266610e-02,1.416741e-03,1.871421e-15,1.918693e+02,1.781860e+09,1.819833e+02,1.407667e+09,1.370514e+02,1.948386e+09
160,monte carlo,1.714664e-11,3.686048e-01,7.552122e-10,1.194699e-09,2.702044e-13,3.383784e-11,3.688907e-01,8.214889e-10,9.993913e-10,4.748931e-13,3.283717e-11,2.336034e-01,1.172523e-09,3.296036e-10,4.717447e-13,1.768248e-11,2.765374e-01,7.274331e-10,7.986215e-10,4.430388e-13,6.740631e-08,4.310313e-01,1.810623e-13,1.293227e-09,8.069766e-08,3.987088e-01,1.325482e-13,1.875280e-09,6.867862e-08,3.047725e-01,1.499647e-13,7.164392e-10,-9.198194e-04,-2.280112e-02,5.010801e-03,4.187756e-15,1.434579e+02,1.928211e+09,1.856683e+02,1.695013e+09,2.067181e+02,1.894617e+09
161,monte carlo,1.735646e-11,2.449633e-01,6.025554e-10,1.122552e-09,5.175274e-13,3.154424e-11,3.942014e-01,1.000492e-09,2.812095e-10,1.788873e-13,3.236337e-11,3.387840e-01,9.055781e-10,5.438533e-10,5.034619e-13,1.811462e-11,3.878334e-01,1.144389e-09,6.507426e-10,3.662640e-13,6.948455e-08,4.090546e-01,2.589433e-13,1.196107e-09,8.075379e-08,4.151838e-01,1.737608e-13,1.044177e-09,6.792459e-08,2.944425e-01,1.603014e-13,1.403542e-09,-1.256700e-02,1.916673e-02,-1.065600e-03,3.970846e-15,1.558259e+02,1.257678e+09,1.784248e+02,1.785348e+09,2.116212e+02,1.809328e+09
162,monte carlo,1.848724e-11,3.386229e-01,9.943771e-10,5.329817e-10,4.200398e-13,3.364386e-11,3.919629e-01,1.079117e-09,3.373061e-10,3.329971e-13,3.406978e-11,3.753083e-01,1.061740e-09,5.875012e-10,2.559294e-13,1.781711e-11,1.585038e-01,8.107846e-10,9.567203e-10,1.788956e-13,6.730401e-08,3.016298e-01,1.268523e-13,1.706841e-09,8.260159e-08,3.881800e-01,1.759538e-13,1.240948e-09,6.892697e-08,3.250334e-01,1.473289e-13,1.359381e-09,-4.253777e-03,2.188179e-02,4.367740e-04,6.000352e-16,2.046913e+02,1.980435e+09,1.952037e+02,1.759609e+09,1.945333e+02,1.753527e+09
163,monte carlo,1.753557e-11,1.046225e-01,8.770162e-10,6.756806e-10,3.620601e-13,3.368809e-11,3.139651e-01,6.643447e-10,7.496774e-10,3.448161e-13,3.142582e-11,2.407273e-01,9.499525e-10,8.919619e-10,4.254272e-13,1.804664e-11,3.813576e-01,7.303250e-10,4.933767e-10,2.547957e-13,6.705301e-08,3.571810e-01,1.995336e-13,1.165567e-09,8.324902e-08,4.468554e-01,1.700262e-13,1.953946e-09,6.602144e-08,3.894352e-01,3.427564e-13,7.874122e-10,2.847773e-03,9.084510e-04,-1.612386e-03,3.318970e-15,1.722117e+02,1.463992e+09,1.709011e+02,1.516791e+09,1.555187e+02,1.205348e+09
164,monte carlo,1.856112e-11,3.913340e-01,6.799777e-10,5.467410e-10,3.639950e-13,3.410321e-11,3.978718e-01,6.774001e-10,2.925693e-10,4.574330e-13,3.442496e-11,2.793342e-01,9.498800e-10,4.056619e-10,3.920089e-13,1.755909e-11,2.852919e-01,9.370143e-10,7.173848e-10,1.976420e-13,6.788107e-08,3.412379e-01,2.275196e-13,5.956788e-10,8.084985e-08,3.451207e-01,1.947368e-13,1.475444e-09,6.683057e-08,3.778688e-01,1.580870e-13,1.009335e-09,-6.622280e-03,-4.707410e-03,4.952823e-03,2.701728e-15,1.824837e+02,1.546653e+09,2.149023e+02,1.397920e+09,1.622433e+02,1.983796e+09
165,monte carlo,1.873498e-11,3.994309e-01,6.668344e-10,8.159780e-10,2.487456e-13,3.158136e-11,3.090712e-01,8.359393e-10,8.547443e-10,3.498423e-13,3.190750e-11,2.752951e-01,1.033129e-09,9.059765e-10,2.920596e-13,1.808797e-11,2.998515e-01,6.464076e-10,1.067335e-09,3.068828e-13,6.917606e-08,3.015707e-01,1.375037e-13,9.642966e-10,8.039069e-08,5.108871e-01,2.110258e-13,1.029598e-09,6.801847e-08,3.627280e-01,2.913620e-13,8.009330e-10,2.100497e-02,-2.767155e-02,3.868652e-03,3.343753e-15,2.104260e+02,1.870062e+09,1.443489e+02,1.531282e+09,1.720198e+02,1.212148e+09
166,monte carlo,1.889108e-11,1.136482e-01,7.164449e-10,1.188225e-09,2.722005e-13,3.425442e-11,3.439604e-01,7.041783e-10,1.026360e-09,2.628964e-13,3.172678e-11,3.443967e-01,7.901647e-10,6.766314e-10,5.284417e-13,1.831622e-11,1.536999e-01,7.451024e-10,8.217780e-10,4.401882e-13,6.642925e-08,3.250777e-01,2.363229e-13,6.270259e-10,8.404362e-08,4.854927e-01,1.908403e-13,8.848249e-10,6.670892e-08,2.955414e-01,2.539094e-13,9.510530e-10,-2.123950e-02,-8.253657e-05,5.122943e-03,1.238997e-15,1.874584e+02,1.501815e+09,1.588016e+02,1.448659e+09,2.070610e+02,1.329251e+09
167,monte carlo,1.789478e-11,3.321962e-01,6.685833e-10,1.110042e-09,3.191258e-13,3.168331e-11,1.353916e-01,1.074225e-09,8.916497e-10,1.848182e-13,3.427817e-11,2.025411e-01,7.840311e-10,2.759478e-10,2.725261e-13,1.739603e-11,3.589155e-01,6.013273e-10,4.096335e-10,2.022657e-13,6.827431e-08,4.608165e-01,1.769260e-13,8.764715e-10,8.108037e-08,3.611676e-01,1.878006e-13,1.582007e-09,6.975428e-08,3.518327e-01,1.564176e-13,1.998714e-09,3.309440e-03,1.673811e-02,5.889339e-03,2.550763e-15,1.359133e+02,1.668726e+09,2.059395e+02,1.574147e+09,1.818727e+02,1.686221e+09
168,monte carlo,1.852365e-11,2.945634e-01,1.110135e-09,7.898686e-10,2.970373e-13,3.178863e-11,3.489047e-01,8.565683e-10,1.296185e-09,3.584015e-13,3.423191e-11,2.612296e-01,8.058920e-10,8.774308e-10,2.932713e-13,1.889530e-11,3.148008e-01,9.416458e-10,9.730747e-10,3.346183e-13,6.869192e-08,4.243459e-01,1.818406e-13,1.286112e-09,8.283850e-08,4.205474e-01,1.998657e-13,6.606917e-10,6.949781e-08,4.326943e-01,1.382290e-13,1.708566e-09,-2.225056e-02,-3.397798e-03,5.662579e-03,3.920154e-15,1.484972e+02,1.519586e+09,1.806966e+02,1.473820e+09,1.473407e+02,1.859178e+09
169,monte carlo,1.818624e-11,3.191520e-01,9.977890e-10,6.262324e-10,3.249711e-13,3.178925e-11,1.916054e-01,6.560304e-10,1.288795e-09,2.393551e-13,3.246131e-11,2.146063e-01,7.943028e-10,4.717359e-10,2.215673e-13,1.755973e-11,3.368204e-01,7.653261e-10,9.769253e-10,3.601897e-13,6.600931e-08,3.245263e-01,1.918089e-13,1.602502e-09,7.987657e-08,4.569153e-01,1.705356e-13,1.260217e-09,6.773109e-08,4.240800e-01,3.206927e-13,1.815007e-09,-2.129693e-02,-1.032700e-02,5.631820e-03,3.871173e-15,1.865899e+02,1.824800e+09,1.603675e+02,1.775339e+09,1.465119e+02,1.220895e+09
170,monte carlo,1.718762e-11,2.428003e-01,8.781118e-10,2.882849e-10,2.689691e-13,3.308517e-11,1.190909e-01,6.286759e-10,5.450219e-10,3.747777e-13,3.153126e-11,1.804252e-01,1.065618e-09,1.126094e-09,4.475031e-13,1.732927e-11,3.106926e-01,9.368770e-10,8.815745e-10,3.035338e-13,6.694272e-08,3.307559e-01,1.953246e-13,1.499493e-09,8.320304e-08,3.548742e-01,2.391020e-13,1.933921e-09,6.944163e-08,3.211442e-01,1.215174e-13,1.833221e-09,2.687304e-02,2.224651e-02,-5.305658e-03,3.484997e-15,1.856643e+02,1.552881e+09,2.150787e+02,1.249833e+09,1.983593e+02,1.943460e+09
171,monte carlo,1.839621e-11,3.918585e-01,6.558244e-10,1.183330e-09,1.689620e-13,3.315271e-11,3.481070e-01,9.047399e-10,1.292712e-09,4.489644e-13,3.348493e-11,2.698468e-01,7.891465e-10,1.096442e-09,4.244012e-13,1.739899e-11,3.160169e-01,1.131298e-09,1.143856e-09,2.103306e-13,6.897627e-08,2.918755e-01,2.179966e-13,7.803950e-10,8.362355e-08,4.584851e-01,2.326533e-13,1.038196e-09,6.836197e-08,3.819429e-01,1.399669e-13,1.570375e-09,-1.333956e-03,2.303250e-02,-2.793576e-03,4.749148e-15,2.167877e+02,1.486806e+09,1.673155e+02,1.369939e+09,1.641908e+02,1.922218e+09
172,monte carlo,1.882486e-11,2.461686e-01,9.301094e-10,5.775129e-10,5.022310e-13,3.158948e-11,3.574017e-01,6.978889e-10,3.316798e-10,1.904422e-13,3.258804e-11,1.534922e-01,9.798720e-10,1.086099e-09,2.822211e-13,1.750160e-11,3.330820e-01,7.181998e-10,4.556761e-10,3.842642e-13,6.834394e-08,3.788934e-01,1.606229e-13,1.447285e-09,8.070509e-08,4.283111e-01,2.738550e-13,5.131561e-10,6.710686e-08,2.891769e-01,2.352607e-13,5.268486e-10,-2.559700e-02,-2.586957e-02,1.478782e-03,4.174571e-15,1.654686e+02,1.989734e+09,1.728520e+02,1.167575e+09,2.128806e+02,1.554842e+09
173,monte carlo,1.886791e-11,3.298818e-01,1.089782e-09,3.578565e-10,3.595588e-13,3.173128e-11,3.053959e-01,6.688433e-10,4.605788e-10,3.241532e-13,3.243763e-11,1.614334e-01,1.130318e-09,1.047001e-09,2.863469e-13,1.819445e-11,3.678973e-01,7.777911e-10,1.164959e-09,4.674842e-13,6.643827e-08,3.275352e-01,1.732354e-13,1.991569e-09,8.263810e-08,5.166710e-01,1.610804e-13,1.353792e-09,6.711205e-08,3.253841e-01,1.928018e-13,1.520312e-09,-9.324306e-03,-1.085278e-02,2.393756e-03,4.268647e-15,1.860771e+02,1.701827e+09,1.467232e+02,1.757220e+09,1.892069e+02,1.817572e+09
174,monte carlo,1.806421e-11,2.510798e-01,1.169097e-09,1.067523e-09,3.008946e-13,3.326179e-11,3.141226e-01,8.036640e-10,5.269768e-10,1.982956e-13,3.360698e-11,3.597663e-01,9.869498e-10,1.022846e-09,3.630788e-13,1.726335e-11,1.926102e-01,6.209671e-10,3.842720e-10,3.247988e-13,6.944237e-08,3.915388e-01,1.526362e-13,1.431739e-09,8.392969e-08,5.592361e-01,1.791335e-13,1.277657e-09,6.979372e-08,3.551784e-01,1.215628e-13,1.012696e-09,2.273205e-02,6.835983e-03,-4.499845e-03,2.591208e-15,1.626981e+02,1.798925e+09,1.376744e+02,1.582132e+09,1.802613e+02,2.054936e+09
175,monte carlo,1.829857e-11,2.341656e-01,1.059166e-09,7.454731e-10,2.292560e-13,3.344069e-11,3.421939e-01,6.987171e-10,9.447055e-10,5.190484e-13,3.179148e-11,3.060656e-01,6.789153e-10,5.292942e-10,4.290141e-13,1.885782e-11,3.649962e-01,6.103032e-10,1.073134e-09,4.215112e-13,6.853693e-08,2.936168e-01,2.058474e-13,1.590956e-09,8.387041e-08,3.468967e-01,2.613102e-13,1.744417e-09,6.988010e-08,3.924216e-01,2.242892e-13,1.071543e-09,2.289786e-02,2.020535e-02,4.826252e-03,2.428767e-15,2.141295e+02,1.677395e+09,2.217896e+02,1.171340e+09,1.633553e+02,1.396433e+09
176,monte carlo,1.786793e-11,3.630991e-01,8.783329e-10,9.562907e-10,5.221891e-13,3.269621e-11,1.539459e-01,8.657459e-10,7.620601e-10,4.520181e-13,3.412836e-11,2.612319e-01,6.159140e-10,5.747505e-10,1.881116e-13,1.734779e-11,1.605925e-01,9.038440e-10,4.828281e-10,2.171787e-13,6.842596e-08,4.030603e-01,1.309762e-13,9.282842e-10,8.374431e-08,4.732404e-01,1.425628e-13,5.168047e-10,6.784449e-08,2.968097e-01,1.225654e-13,1.014186e-09,1.965176e-02,-1.126654e-02,1.636986e-03,3.533573e-15,1.557340e+02,2.053284e+09,1.623328e+02,1.727767e+09,2.096859e+02,1.922957e+09
177,monte carlo,1.812295e-11,1.487252e-01,1.033068e-09,7.077587e-10,2.533730e-13,3.181424e-11,3.671614e-01,1.152938e-09,8.327938e-10,2.916296e-13,3.332352e-11,1.733032e-01,7.935446e-10,3.735940e-10,3.373499e-13,1.755627e-11,1.019439e-01,6.713197e-10,5.968954e-10,1.880189e-13,6.765827e-08,3.093280e-01,2.173931e-13,1.345095e-09,8.042919e-08,3.540803e-01,1.726757e-13,1.633678e-09,6.631182e-08,4.216170e-01,2.798463e-13,7.149715e-10,1.264613e-02,-7.374847e-03,-2.813514e-03,3.527461e-15,2.006478e+02,1.630460e+09,2.083745e+02,1.734537e+09,1.442798e+02,1.242115e+09
178,monte carlo,1.883245e-11,1.677582e-01,8.539262e-10,1.193441e-09,2.381032e-13,3.273584e-11,1.365342e-01,7.577907e-10,5.421887e-10,2.474072e-13,3.214100e-11,1.680144e-01,8.784082e-10,3.230533e-10,4.093374e-13,1.877255e-11,1.801230e-01,6.880625e-10,4.256855e-10,2.909301e-13,6.789569e-08,3.285958e-01,2.454181e-13,1.409574e-09,8.134884e-08,3.492995e-01,2.305889e-13,1.645643e-09,6.608812e-08,4.033190e-01,3.344393e-13,1.397951e-09,-2.631921e-03,-1.202652e-02,-3.839715e-03,5.037113e-16,1.895453e+02,1.378078e+09,2.136417e+02,1.291661e+09,1.503168e+02,1.209429e+09
179,monte carlo,1.810226e-11,1.825675e-01,1.195249e-09,8.429422e-10,4.418411e-13,3.214305e-11,2.418137e-01,6.928347e-10,4.049878e-10,2.950497e-13,3.176422e-11,2.534484e-01,7.624969e-10,7.508276e-10,3.155432e-13,1.798893e-11,3.842766e-01,6.963044e-10,5.266543e-10,4.945527e-13,6.858127e-08,4.256580e-01,2.028740e-13,1.786587e-09,8.012101e-08,4.254787e-01,3.174111e-13,1.754671e-09,6.931258e-08,3.330367e-01,2.286682e-13,5.496267e-10,3.301991e-03,-2.740848e-02,5.896256e-03,8.364339e-16,1.478010e+02,1.620062e+09,1.727434e+02,1.077718e+09,1.909205e+02,1.498795e+09
180,monte carlo,1.735539e-11,1.654453e-01,8.433139e-10,5.402430e-10,4.104691e-13,3.363401e-11,3.965070e-01,1.113096e-09,4.387785e-10,3.013427e-13,3.242298e-11,1.754357e-01,7.362517e-10,8.822803e-10,3.631454e-13,1.745434e-11,1.834546e-01,6.071334e-10,6.459165e-10,2.729851e-13,6.875304e-08,4.140529e-01,1.532744e-13,8.028378e-10,8.151039e-08,3.469485e-01,2.552024e-13,1.104133e-09,6.756555e-08,3.447452e-01,2.439543e-13,9.541994e-10,-1.299764e-02,2.712539e-02,-1.654707e-03,7.015173e-16,1.523242e+02,1.818367e+09,2.155166e+02,1.169766e+09,1.797876e+02,1.397126e+09
181,monte carlo,1.820544e-11,1.325518e-01,9.455185e-10,1.129872e-09,2.734326e-13,3.223393e-11,3.743161e-01,6.483474e-10,7.637828e-10,4.663307e-13,3.254729e-11,2.729654e-01,1.155165e-09,1.136917e-09,3.039062e-13,1.838142e-11,1.392252e-01,8.386165e-10,5.933250e-10,2.061904e-13,6.840741e-08,4.265695e-01,1.246005e-13,7.322542e-10,8.356630e-08,4.101960e-01,1.581281e-13,1.142202e-09,6.835786e-08,3.710321e-01,1.289448e-13,1.735193e-09,-1.349353e-02,1.738497e-02,4.177650e-03,3.337315e-15,1.471113e+02,1.896785e+09,1.868842e+02,1.735304e+09,1.690089e+02,1.924053e+09
182,monte carlo,1.833182e-11,2.833565e-01,9.206180e-10,1.038483e-09,5.013044e-13,3.303937e-11,1.000391e-01,7.655053e-10,7.575692e-10,1.870364e-13,3.431774e-11,3.044606e-01,9.753555e-10,1.283480e-09,2.309079e-13,1.775588e-11,1.233336e-01,7.120609e-10,3.609117e-10,4.583692e-13,6.709464e-08,4.057504e-01,1.271038e-13,1.213950e-09,8.111267e-08,5.246079e-01,2.551876e-13,1.382311e-09,6.664942e-08,3.613019e-01,1.914413e-13,6.205241e-10,6.290885e-03,1.334422e-02,-4.540161e-03,1.753524e-15,1.516916e+02,1.923179e+09,1.418360e+02,1.249325e+09,1.692228e+02,1.708026e+09
183,monte carlo,1.799070e-11,3.257771e-01,8.585834e-10,7.589415e-10,1.945029e-13,3.390760e-11,1.203073e-01,7.862114e-10,3.329993e-10,1.689958e-13,3.171451e-11,3.970532e-01,6.173542e-10,6.318719e-10,3.894861e-13,1.825720e-11,2.544489e-01,7.480988e-10,3.084884e-10,3.567337e-13,6.981855e-08,4.230972e-01,2.579007e-13,5.532491e-10,8.067729e-08,3.518308e-01,1.700954e-13,1.612540e-09,6.979436e-08,3.569624e-01,2.068885e-13,1.297154e-09,-1.888414e-02,1.425908e-02,3.476615e-03,4.821917e-15,1.513782e+02,1.328580e+09,2.103537e+02,1.564597e+09,1.793621e+02,1.410156e+09
184,monte carlo,1.730737e-11,1.826179e-01,7.921752e-10,2.728035e-10,2.144307e-13,3.449372e-11,2.134513e-01,9.484225e-10,1.060590e-09,4.721180e-13,3.273669e-11,2.847762e-01,1.089118e-09,1.236475e-09,1.752110e-13,1.776698e-11,2.233335e-01,6.656789e-10,1.050355e-09,1.729934e-13,6.945001e-08,3.520855e-01,2.330644e-13,1.072309e-09,8.428580e-08,3.557458e-01,1.870948e-13,5.546895e-10,6.780174e-08,4.289684e-01,1.637622e-13,7.802284e-10,-1.067938e-02,-1.173962e-02,-1.343942e-03,2.442356e-15,1.809493e+02,1.469319e+09,2.173439e+02,1.386122e+09,1.449934e+02,1.700803e+09
185,monte carlo,1.795467e-11,2.593169e-01,1.039210e-09,1.179853e-09,5.198234e-13,3.260081e-11,1.360220e-01,7.706369e-10,3.524874e-10,4.417369e-13,3.370424e-11,1.575713e-01,7.398916e-10,9.248780e-10,5.176560e-13,1.846121e-11,2.384417e-01,7.951774e-10,8.052945e-10,4.145706e-13,6.801712e-08,3.873333e-01,1.639730e-13,1.873749e-09,8.268182e-08,3.636095e-01,2.130729e-13,1.350146e-09,6.714218e-08,4.579226e-01,1.998430e-13,7.699119e-10,1.746605e-02,2.261162e-02,-5.676955e-03,4.664434e-15,1.610891e+02,1.649780e+09,2.085967e+02,1.497484e+09,1.345043e+02,1.772134e+09
186,monte carlo,1.793705e-11,3.240186e-01,1.140932e-09,7.750431e-10,2.117743e-13,3.178423e-11,2.819969e-01,1.112039e-09,5.741222e-10,2.970762e-13,3.182444e-11,2.236352e-01,7.888841e-10,3.320026e-10,3.374090e-13,1.812346e-11,2.992199e-01,1.058389e-09,8.577855e-10,3.567977e-13,6.786984e-08,2.946938e-01,2.967919e-13,1.113911e-09,8.349720e-08,3.784466e-01,2.292069e-13,1.802982e-09,6.983605e-08,3.255579e-01,2.226724e-13,1.378642e-09,-5.858673e-03,7.355661e-03,-5.931121e-03,1.342487e-15,2.112704e+02,1.275481e+09,2.023951e+02,1.309327e+09,1.967814e+02,1.557855e+09
187,monte carlo,1.710807e-11,2.862875e-01,1.129562e-09,5.748593e-10,3.147026e-13,3.447948e-11,1.242387e-01,1.176913e-09,4.900490e-10,4.845982e-13,3.373850e-11,1.091767e-01,1.099682e-09,3.194554e-10,3.258693e-13,1.840359e-11,2.821795e-01,1.178344e-09,8.083491e-10,4.074252e-13,6.957901e-08,3.076980e-01,2.682730e-13,8.997699e-10,8.027046e-08,4.061157e-01,1.758825e-13,1.903107e-09,6.778488e-08,3.107208e-01,1.841440e-13,1.127312e-09,-1.472242e-02,1.776873e-02,-4.519540e-03,3.517644e-15,2.074370e+02,1.339616e+09,1.813171e+02,1.588759e+09,2.001222e+02,1.634793e+09
188,monte carlo,1.751512e-11,3.457534e-01,9.377012e-10,6.634928e-10,4.832374e-13,3.350518e-11,1.283417e-01,1.132355e-09,3.335518e-10,3.281802e-13,3.259182e-11,3.688746e-01,8.448841e-10,3.835073e-10,4.055970e-13,1.886202e-11,1.856053e-01,1.036930e-09,9.859683e-10,1.918800e-13,6.923341e-08,3.364873e-01,1.644894e-13,1.315963e-09,8.406381e-08,5.035842e-01,2.124757e-13,1.133053e-09,6.767319e-08,3.236136e-01,3.269952e-13,1.179342e-09,2.270035e-02,1.024292e-02,2.400667e-03,4.487449e-15,1.887469e+02,2.007473e+09,1.531333e+02,1.429213e+09,1.918327e+02,1.215349e+09
189,monte carlo,1.760472e-11,2.966476e-01,6.985681e-10,7.700675e-10,2.979651e-13,3.143709e-11,2.791466e-01,7.109576e-10,4.186642e-10,2.889392e-13,3.300661e-11,1.386531e-01,8.139915e-10,3.713759e-10,4.797297e-13,1.817676e-11,1.437885e-01,9.193077e-10,8.221920e-10,3.152585e-13,6.628839e-08,4.079459e-01,2.195359e-13,1.627726e-09,8.275448e-08,4.897146e-01,2.693737e-13,7.929042e-10,6.687535e-08,2.896777e-01,1.673800e-13,9.779180e-10,-3.392332e-03,-1.160368e-02,-8.750360e-04,2.439270e-15,1.490622e+02,1.438606e+09,1.550177e+02,1.205101e+09,2.117794e+02,1.808822e+09
190,monte carlo,1.833312e-11,2.863647e-01,1.057462e-09,1.191070e-09,4.489618e-13,3.429869e-11,1.912886e-01,9.472719e-10,2.998508e-10,3.905148e-13,3.415792e-11,3.715746e-01,6.393525e-10,8.780034e-10,4.276245e-13,1.724407e-11,1.524740e-01,8.505329e-10,4.856919e-10,2.914841e-13,6.816367e-08,4.793445e-01,1.256470e-13,1.895126e-09,7.985547e-08,4.846333e-01,2.845888e-13,1.598838e-09,6.887075e-08,3.329446e-01,1.865855e-13,9.387703e-10,-1.448759e-03,1.254027e-02,4.625554e-03,2.552980e-15,1.304481e+02,1.917723e+09,1.511556e+02,1.098176e+09,1.897560e+02,1.525019e+09
191,monte carlo,1.812657e-11,1.009410e-01,8.522338e-10,4.898702e-10,2.876345e-13,3.305759e-11,3.527544e-01,9.400474e-10,1.165954e-09,2.597294e-13,3.431644e-11,1.544256e-01,1.103931e-09,5.574412e-10,5.267447e-13,1.882230e-11,3.292949e-01,9.697072e-10,3.572012e-10,4.201872e-13,6.795284e-08,2.886773e-01,2.132634e-13,1.506624e-09,8.174840e-08,4.011435e-01,2.492604e-13,1.476472e-09,6.819476e-08,3.053267e-01,1.632143e-13,1.837743e-09,-1.879523e-02,1.207447e-02,-8.939674e-04,2.744137e-15,2.159373e+02,1.649630e+09,1.869443e+02,1.216009e+09,2.048892e+02,1.991740e+09
192,monte carlo,1.873292e-11,2.219240e-01,7.761437e-10,1.165158e-09,3.357456e-13,3.272783e-11,3.808174e-01,9.460347e-10,6.473491e-10,2.335632e-13,3.444087e-11,2.008119e-01,1.151157e-09,7.855209e-10,1.981620e-13,1.726189e-11,2.590888e-01,1.127268e-09,5.991926e-10,4.707812e-13,6.799025e-08,4.623436e-01,1.842790e-13,7.569964e-10,8.386628e-08,4.680767e-01,2.891309e-13,1.367318e-09,6.803570e-08,4.759565e-01,1.487168e-13,5.782152e-10,-6.772007e-03,2.308708e-02,4.094758e-03,8.055773e-16,1.349008e+02,1.554342e+09,1.643626e+02,1.138899e+09,1.311301e+02,1.740252e+09
193,monte carlo,1.846804e-11,1.679986e-01,1.149309e-09,6.997612e-10,3.301044e-13,3.437164e-11,2.511092e-01,6.119707e-10,7.724779e-10,4.601263e-13,3.211617e-11,2.609891e-01,6.065084e-10,9.716919e-10,3.500817e-13,1.866007e-11,1.958276e-01,1.132816e-09,1.008841e-09,1.782627e-13,6.992686e-08,3.810158e-01,2.338178e-13,1.069750e-09,8.254021e-08,5.517144e-01,2.310917e-13,1.830335e-09,6.768739e-08,3.486044e-01,2.836593e-13,9.663580e-10,1.358353e-02,2.564077e-02,1.851877e-03,1.075357e-15,1.683580e+02,1.417764e+09,1.372410e+02,1.350272e+09,1.781179e+02,1.309931e+09
194,monte carlo,1.758725e-11,3.370868e-01,8.651877e-10,6.933541e-10,3.142582e-13,3.257858e-11,1.615951e-01,6.888162e-10,6.722415e-10,3.268284e-13,3.410440e-11,1.596870e-01,9.458489e-10,1.032965e-09,1.816820e-13,1.882509e-11,1.327228e-01,6.771645e-10,1.194145e-09,3.307243e-13,6.800786e-08,4.788874e-01,1.244744e-13,1.390225e-09,8.088031e-08,4.539023e-01,2.316107e-13,1.887437e-09,6.698797e-08,3.014606e-01,1.538320e-13,1.645624e-09,5.812123e-03,1.535179e-04,4.208421e-03,3.495717e-15,1.302742e+02,1.998080e+09,1.634606e+02,1.365283e+09,2.038445e+02,1.933309e+09
195,monte carlo,1.855403e-11,1.529273e-01,9.691037e-10,1.202872e-09,3.993587e-13,3.155758e-11,2.389965e-01,1.121788e-09,4.870560e-10,2.946360e-13,3.434586e-11,1.785032e-01,8.198554e-10,7.999629e-10,3.201152e-13,1.870301e-11,2.459376e-01,1.093256e-09,3.728124e-10,2.556674e-13,6.847815e-08,4.566083e-01,2.170332e-13,9.052796e-10,7.979286e-08,3.325456e-01,1.608296e-13,7.014455e-10,6.648489e-08,2.944721e-01,1.656931e-13,1.316630e-09,1.945134e-02,2.300319e-02,5.273965e-03,4.376508e-15,1.375754e+02,1.580867e+09,2.201129e+02,1.546457e+09,2.071150e+02,1.745434e+09
196,monte carlo,1.735812e-11,3.722237e-01,6.310402e-10,7.426722e-10,1.701857e-13,3.252750e-11,3.977668e-01,7.910699e-10,3.214040e-10,1.951518e-13,3.290832e-11,3.969699e-01,9.918669e-10,7.984853e-10,2.506653e-13,1.874001e-11,1.638974e-01,1.126871e-09,8.933677e-10,3.651219e-13,6.716283e-08,3.583729e-01,1.724563e-13,5.289684e-10,8.088227e-08,4.813543e-01,1.832363e-13,1.002658e-09,6.857267e-08,4.162680e-01,1.729193e-13,7.969923e-10,-1.982390e-03,1.783359e-03,-3.897579e-03,5.356652e-16,1.719200e+02,1.836735e+09,1.541421e+02,1.632559e+09,1.511161e+02,1.573091e+09
197,monte carlo,1.761803e-11,1.973931e-01,9.940588e-10,7.483986e-10,3.335666e-13,3.356192e-11,2.745542e-01,8.135853e-10,7.787991e-10,2.324200e-13,3.425061e-11,3.630575e-01,8.781264e-10,9.735759e-10,2.547743e-13,1.869295e-11,2.045839e-01,1.006522e-09,4.626646e-10,3.520811e-13,6.716643e-08,3.868758e-01,3.095328e-13,1.846882e-09,7.995073e-08,4.370753e-01,1.796573e-13,1.003590e-09,6.770604e-08,4.602889e-01,2.175218e-13,1.769933e-09,1.549916e-02,1.257256e-02,9.917054e-04,2.666781e-15,1.592625e+02,1.195375e+09,1.678027e+02,1.452728e+09,1.349366e+02,1.522156e+09
198,monte carlo,1.844588e-11,1.472646e-01,1.178467e-09,1.139406e-09,2.217083e-13,3.208771e-11,2.557616e-01,7.341700e-10,4.387468e-10,3.853127e-13,3.405355e-11,1.817236e-01,8.785702e-10,5.573678e-10,5.122599e-13,1.876283e-11,3.970707e-01,7.487367e-10,5.983692e-10,4.327257e-13,6.794895e-08,4.342263e-01,1.606864e-13,6.063461e-10,8.278874e-08,4.570505e-01,1.526696e-13,5.194241e-10,6.934101e-08,4.775914e-01,1.746314e-13,1.530209e-09,-6.994153e-03,-9.800710e-03,-1.729209e-03,4.282517e-15,1.435487e+02,1.832982e+09,1.661651e+02,1.624676e+09,1.331884e+02,1.589170e+09
199,monte carlo,1.813678e-11,2.482593e-01,1.197977e-09,1.237235e-09,1.958180e-13,3.246445e-11,3.292326e-01,7.987642e-10,5.149619e-10,2.789905e-13,3.452572e-11,2.360612e-01,7.656894e-10,7.747224e-10,2.864178e-13,1.874256e-11,1.318906e-01,9.825608e-10,9.120300e-10,3.927992e-13,6.826068e-08,2.981419e-01,3.325222e-13,1.378613e-09,8.235401e-08,4.542708e-01,1.139099e-13,1.626565e-09,6.778857e-08,4.001712e-01,1.441024e-13,1.563301e-09,2.652797e-02,-2.531196e-02,-3.935330e-03,2.830988e-15,2.100295e+02,1.207445e+09,1.663040e+02,1.828665e+09,1.553973e+02,1.919187e+09
200,monte carlo,1.711153e-11,3.721254e-01,9.561516e-10,4.654518e-10,4.898922e-13,3.259751e-11,2.627608e-01,6.497577e-10,5.287347e-10,2.173226e-13,3.139395e-11,3.396401e-01,7.499392e-10,3.575804e-10,2.551704e-13,1.796023e-11,2.834310e-01,9.105462e-10,2.915734e-10,3.126396e-13,6.896776e-08,4.552177e-01,2.816955e-13,1.984685e-09,8.250131e-08,5.365085e-01,2.731387e-13,1.671358e-09,6.668090e-08,3.618624e-01,2.745761e-13,8.660473e-10,-1.619963e-03,-1.305904e-02,5.574067e-03,6.570345e-16,1.389824e+02,1.344322e+09,1.410643e+02,1.193836e+09,1.690405e+02,1.343891e+09
201,monte carlo,1.771418e-11,1.748737e-01,1.067919e-09,4.213398e-10,3.387473e-13,3.346657e-11,3.612955e-01,7.799163e-10,3.980139e-10,1.902351e-13,3.444806e-11,2.561653e-01,7.613770e-10,1.142573e-09,2.212414e-13,1.751964e-11,3.101703e-01,9.141570e-10,7.309540e-10,4.468274e-13,6.733861e-08,3.502160e-01,1.356108e-13,7.667050e-10,7.959172e-08,3.271724e-01,1.548380e-13,5.502547e-10,6.600579e-08,3.371364e-01,1.379236e-13,9.595359e-10,-2.808103e-02,2.043409e-02,5.118099e-03,3.800267e-15,1.763847e+02,1.933743e+09,2.231639e+02,1.669980e+09,1.796011e+02,1.822279e+09
202,monte carlo,1.873958e-11,2.070337e-01,9.683967e-10,4.789087e-10,5.269594e-13,3.155058e-11,3.347247e-01,6.203109e-10,6.759480e-10,2.431658e-13,3.336237e-11,2.928973e-01,9.542902e-10,1.066620e-09,4.985639e-13,1.859783e-11,3.066029e-01,9.749449e-10,6.334223e-10,1.893204e-13,6.855499e-08,3.532201e-01,1.544186e-13,1.641764e-09,8.198433e-08,3.519629e-01,2.003675e-13,8.760068e-10,6.808608e-08,4.566172e-01,1.907473e-13,1.573445e-09,6.795133e-03,1.870326e-02,-3.069789e-03,1.345602e-15,1.780436e+02,2.001242e+09,2.136814e+02,1.413972e+09,1.367851e+02,1.548540e+09
203,monte carlo,1.726301e-11,1.975079e-01,6.652855e-10,5.819937e-10,4.232052e-13,3.190841e-11,1.509189e-01,9.612274e-10,9.747175e-10,2.565136e-13,3.209624e-11,3.941036e-01,9.569477e-10,1.219041e-09,2.156123e-13,1.734132e-11,2.200186e-01,6.624391e-10,7.526424e-10,3.182156e-13,6.931804e-08,3.285116e-01,1.877120e-13,1.050550e-09,8.023397e-08,3.445295e-01,1.935156e-13,1.297283e-09,6.970974e-08,3.086023e-01,2.238998e-13,1.482791e-09,1.058471e-02,1.255480e-02,5.041274e-03,1.528562e-15,1.935657e+02,1.772101e+09,2.136311e+02,1.382182e+09,2.072178e+02,1.550278e+09
204,monte carlo,1.799516e-11,1.402574e-01,7.014655e-10,7.845968e-10,2.511745e-13,3.411967e-11,1.846905e-01,1.107240e-09,9.520926e-10,3.172846e-13,3.439574e-11,2.746857e-01,9.184458e-10,5.440904e-10,4.475054e-13,1.861128e-11,2.508667e-01,1.049860e-09,3.402199e-10,2.359298e-13,6.801219e-08,4.233851e-01,2.663753e-13,1.896406e-09,8.133867e-08,4.755948e-01,1.281310e-13,1.245538e-09,6.746876e-08,3.325326e-01,2.506441e-13,6.433854e-10,-1.607234e-02,-2.063423e-02,2.055054e-03,2.644728e-15,1.473615e+02,1.299294e+09,1.568891e+02,1.739505e+09,1.861235e+02,1.412069e+09
205,monte carlo,1.816975e-11,1.296372e-01,1.188450e-09,6.201431e-10,3.623816e-13,3.405825e-11,3.915154e-01,7.374153e-10,3.306615e-10,3.346414e-13,3.317899e-11,1.259278e-01,7.848538e-10,1.296425e-09,3.059259e-13,1.786302e-11,3.725319e-01,1.150427e-09,1.153403e-09,4.708258e-13,6.925918e-08,3.018798e-01,1.140809e-13,7.890775e-10,8.405083e-08,4.541388e-01,1.705684e-13,6.225586e-10,6.629823e-08,3.607614e-01,2.679338e-13,5.467912e-10,-1.308198e-02,-1.486178e-02,-4.521571e-03,2.265883e-15,2.104631e+02,2.040946e+09,1.697798e+02,1.741410e+09,1.685833e+02,1.268513e+09
206,monte carlo,1.771984e-11,3.298964e-01,6.797166e-10,4.287780e-10,2.223568e-13,3.200608e-11,2.151455e-01,7.024366e-10,9.035270e-10,1.912133e-13,3.288554e-11,3.394141e-01,7.283801e-10,5.835828e-10,2.716197e-13,1.879390e-11,3.656187e-01,8.893104e-10,5.673221e-10,2.346346e-13,6.674448e-08,3.233863e-01,1.715392e-13,1.889455e-09,8.434335e-08,5.096896e-01,1.204531e-13,1.876858e-09,6.949080e-08,3.723709e-01,2.968887e-13,1.135388e-09,-2.231661e-02,1.176748e-02,-6.038272e-04,8.415039e-16,1.893330e+02,1.970311e+09,1.518021e+02,1.800042e+09,1.711923e+02,1.249567e+09
207,monte carlo,1.874808e-11,3.295675e-01,6.872734e-10,8.572471e-10,2.752852e-13,3.328152e-11,3.760959e-01,7.100821e-10,5.797652e-10,3.410769e-13,3.153783e-11,3.193005e-01,8.097547e-10,8.412095e-10,3.478233e-13,1.764843e-11,2.400755e-01,7.756165e-10,7.112744e-10,3.065065e-13,6.904470e-08,4.161990e-01,3.036919e-13,1.016873e-09,8.438198e-08,5.130516e-01,2.049591e-13,8.770125e-10,6.987788e-08,2.967889e-01,1.938495e-13,1.709222e-09,1.951654e-02,-6.381449e-03,-4.471266e-03,1.606308e-15,1.521816e+02,1.210441e+09,1.508764e+02,1.325171e+09,2.159856e+02,1.470017e+09
208,monte carlo,1.791492e-11,3.966510e-01,6.559030e-10,4.989220e-10,3.019765e-13,3.313252e-11,3.347421e-01,6.814002e-10,1.276176e-09,3.756711e-13,3.433232e-11,3.728621e-01,9.457524e-10,3.252634e-10,5.080683e-13,1.748388e-11,2.874226e-01,1.174887e-09,9.464209e-10,3.051837e-13,6.920455e-08,4.342216e-01,2.233613e-13,7.908709e-10,8.356417e-08,4.001623e-01,2.639045e-13,1.253585e-09,6.634550e-08,4.298589e-01,2.625333e-13,1.770545e-09,6.667142e-04,-1.334484e-02,4.217376e-03,3.878893e-15,1.462029e+02,1.578837e+09,1.915652e+02,1.220498e+09,1.415853e+02,1.333044e+09
209,monte carlo,1.750676e-11,3.541008e-01,8.583154e-10,3.315797e-10,3.305812e-13,3.443221e-11,1.448668e-01,1.029306e-09,1.219322e-09,3.324901e-13,3.380700e-11,3.393614e-01,1.185366e-09,6.122719e-10,2.810358e-13,1.843252e-11,1.918467e-01,1.030853e-09,5.906719e-10,3.195803e-13,6.951928e-08,3.498089e-01,1.523577e-13,1.109760e-09,7.999649e-08,3.581007e-01,1.748962e-13,1.108919e-09,6.628244e-08,3.554800e-01,1.866572e-13,1.742887e-09,2.492768e-02,-2.094207e-02,-2.061626e-03,3.754923e-15,1.823086e+02,1.912474e+09,2.049267e+02,1.438933e+09,1.710472e+02,1.854974e+09
210,monte carlo,1.731213e-11,2.821963e-01,9.687444e-10,1.266609e-09,2.015057e-13,3.164493e-11,1.276693e-01,1.144153e-09,6.585350e-10,2.961139e-13,3.156376e-11,2.768733e-01,1.013611e-09,1.146247e-09,2.754457e-13,1.861080e-11,2.585912e-01,1.081387e-09,8.324594e-10,2.610717e-13,6.811185e-08,3.004834e-01,2.437861e-13,1.584038e-09,8.361975e-08,4.431337e-01,2.702763e-13,5.553670e-10,6.661733e-08,3.680660e-01,2.421493e-13,8.037563e-10,1.908429e-02,1.139859e-02,-5.657072e-03,2.305319e-15,2.079385e+02,1.503341e+09,1.731039e+02,1.133216e+09,1.660330e+02,1.332200e+09
211,monte carlo,1.869237e-11,2.819040e-01,6.454239e-10,8.292238e-10,5.169873e-13,3.276543e-11,3.373230e-01,1.106717e-09,1.168297e-09,4.829706e-13,3.353797e-11,3.362849e-01,8.750233e-10,1.289588e-09,4.917599e-13,1.850074e-11,1.376630e-01,7.025848e-10,9.717850e-10,3.888132e-13,6.624171e-08,3.979804e-01,3.147684e-13,7.538524e-10,8.338703e-08,4.664786e-01,2.498783e-13,9.056257e-10,6.996353e-08,3.727094e-01,1.970464e-13,1.769197e-09,-2.690791e-02,1.990556e-02,5.827091e-03,1.185151e-15,1.526872e+02,1.268517e+09,1.639833e+02,1.217362e+09,1.722004e+02,1.712060e+09
212,monte carlo,1.721534e-11,3.003525e-01,9.513860e-10,8.140817e-10,2.434062e-13,3.393364e-11,2.460193e-01,9.443470e-10,7.636711e-10,1.906953e-13,3.345684e-11,2.611975e-01,7.092155e-10,1.127367e-09,3.771899e-13,1.821581e-11,1.161428e-01,1.106431e-09,1.085152e-09,4.743984e-13,6.994213e-08,4.885324e-01,2.555726e-13,1.855832e-09,8.359510e-08,5.555461e-01,2.092733e-13,5.132964e-10,6.840054e-08,3.385618e-01,2.803656e-13,1.917099e-09,-1.822419e-02,-2.400193e-02,3.495910e-03,3.252935e-15,1.313343e+02,1.243995e+09,1.380363e+02,1.360562e+09,1.853336e+02,1.352925e+09
213,monte carlo,1.790485e-11,1.411737e-01,9.615973e-10,8.212591e-10,2.941904e-13,3.393075e-11,2.202620e-01,9.063589e-10,1.087144e-09,2.574701e-13,3.261946e-11,1.079181e-01,9.072197e-10,6.654067e-10,3.744380e-13,1.742463e-11,1.231066e-01,9.575985e-10,8.880785e-10,4.634110e-13,6.623276e-08,4.180793e-01,2.010524e-13,1.411428e-09,8.108420e-08,4.949176e-01,1.501990e-13,1.374117e-09,6.752026e-08,2.927017e-01,1.903291e-13,7.095112e-10,1.694466e-02,-1.168202e-02,2.045516e-04,1.579678e-15,1.453272e+02,1.656852e+09,1.502921e+02,1.726810e+09,2.116127e+02,1.704044e+09
214,monte carlo,1.867001e-11,2.716766e-01,1.123425e-09,4.865382e-10,3.696340e-13,3.344411e-11,2.038829e-01,1.051493e-09,6.841727e-10,2.470737e-13,3.359980e-11,2.946360e-01,9.029166e-10,1.265674e-09,3.154865e-13,1.863275e-11,1.553797e-01,8.449626e-10,1.227411e-09,4.730218e-13,6.995624e-08,3.346537e-01,3.083663e-13,1.342748e-09,8.247717e-08,3.880412e-01,1.817460e-13,1.804872e-09,6.890821e-08,3.496911e-01,1.933328e-13,1.171013e-09,6.482639e-03,-4.833857e-04,2.069634e-03,3.256430e-15,1.917625e+02,1.242516e+09,1.949794e+02,1.443234e+09,1.807670e+02,1.695273e+09
215,monte carlo,1.806642e-11,3.222916e-01,1.168520e-09,5.535978e-10,3.841501e-13,3.348586e-11,1.537944e-01,1.182312e-09,1.296728e-09,5.293460e-13,3.366678e-11,3.991868e-01,1.145105e-09,8.036299e-10,4.909378e-13,1.783957e-11,1.375313e-01,1.113804e-09,1.167647e-09,4.061275e-13,6.882502e-08,3.617278e-01,1.930158e-13,1.221111e-09,8.066430e-08,3.721210e-01,2.496428e-13,1.983851e-09,6.620667e-08,4.127126e-01,2.577897e-13,1.800964e-09,-2.874989e-02,5.043884e-03,5.087593e-03,4.429097e-15,1.745409e+02,1.507735e+09,1.988520e+02,1.301636e+09,1.471590e+02,1.376274e+09
216,monte carlo,1.732107e-11,2.304274e-01,7.011275e-10,8.315715e-10,1.832437e-13,3.221337e-11,2.554302e-01,9.487507e-10,1.125506e-09,4.349480e-13,3.414004e-11,1.082112e-01,1.157125e-09,6.255265e-10,2.489342e-13,1.754232e-11,2.112036e-01,7.769441e-10,4.953002e-10,3.657080e-13,6.957440e-08,4.904495e-01,3.261611e-13,1.460303e-09,8.102481e-08,4.729083e-01,2.077023e-13,1.669374e-09,6.596789e-08,3.376479e-01,2.439357e-13,6.134904e-10,2.061327e-02,-8.408810e-03,-2.026248e-03,1.175112e-15,1.301331e+02,1.213466e+09,1.571715e+02,1.480818e+09,1.792261e+02,1.326550e+09
217,monte carlo,1.880095e-11,1.386675e-01,6.618835e-10,9.419259e-10,3.455554e-13,3.440589e-11,1.858099e-01,1.188642e-09,1.054020e-09,4.791187e-13,3.221310e-11,2.104931e-01,7.278408e-10,1.048438e-09,4.012967e-13,1.834190e-11,1.784296e-01,7.845004e-10,1.174789e-09,2.574781e-13,6.905682e-08,4.450029e-01,2.296200e-13,1.132143e-09,8.133190e-08,4.326354e-01,2.667319e-13,1.622953e-09,6.950456e-08,2.952898e-01,2.116640e-13,9.065615e-10,1.798560e-02,9.731802e-03,-2.410285e-03,3.273169e-15,1.423562e+02,1.393137e+09,1.724534e+02,1.255027e+09,2.159223e+02,1.461556e+09
218,monte carlo,1.852663e-11,2.189929e-01,9.222108e-10,2.911614e-10,2.910108e-13,3.337019e-11,2.359679e-01,1.157330e-09,4.343446e-10,4.870940e-13,3.190534e-11,2.697705e-01,1.118691e-09,3.720225e-10,3.116322e-13,1.885790e-11,1.843239e-01,1.194742e-09,1.063988e-09,3.892917e-13,6.703586e-08,4.304761e-01,1.503307e-13,1.105701e-09,8.345122e-08,3.903443e-01,2.642997e-13,9.570237e-10,6.995649e-08,4.425641e-01,1.179402e-13,1.666697e-09,2.382789e-03,2.940032e-02,3.156289e-03,2.514923e-15,1.428535e+02,1.872481e+09,1.961181e+02,1.215904e+09,1.450055e+02,1.981629e+09
219,monte carlo,1.882192e-11,2.873551e-01,6.224773e-10,1.221952e-09,3.944366e-13,3.196001e-11,1.158043e-01,1.118404e-09,7.045766e-10,5.291302e-13,3.146058e-11,3.236862e-01,6.337417e-10,8.354966e-10,1.886918e-13,1.810462e-11,3.470399e-01,1.006775e-09,5.780995e-10,4.400378e-13,6.639495e-08,4.283713e-01,1.374244e-13,1.675139e-09,8.136795e-08,3.554270e-01,2.162885e-13,1.847048e-09,6.797660e-08,4.264757e-01,2.570303e-13,1.604210e-09,2.805002e-02,-2.054399e-02,-5.269753e-03,4.505033e-15,1.421829e+02,1.932978e+09,2.100079e+02,1.293507e+09,1.462170e+02,1.323233e+09
220,monte carlo,1.832115e-11,1.272773e-01,1.008681e-09,3.246998e-10,4.002914e-13,3.332892e-11,1.284787e-01,6.678191e-10,1.072297e-09,3.470533e-13,3.280724e-11,2.699557e-01,7.702628e-10,5.243954e-10,4.812096e-13,1.866679e-11,1.661198e-01,8.075282e-10,3.519969e-10,2.208029e-13,6.768159e-08,2.948848e-01,1.676039e-13,1.429385e-09,8.363614e-08,4.595536e-01,1.375149e-13,1.861610e-09,6.962631e-08,3.232154e-01,2.567599e-13,1.201370e-09,-1.809472e-02,1.982998e-02,1.899279e-03,4.398257e-15,2.105479e+02,2.051592e+09,1.669516e+02,1.838890e+09,1.976124e+02,1.244129e+09
221,monte carlo,1.815648e-11,2.140324e-01,9.821533e-10,8.238203e-10,2.844138e-13,3.408239e-11,3.482084e-01,7.139616e-10,9.829118e-10,3.444663e-13,3.198094e-11,2.719611e-01,8.815718e-10,7.104131e-10,4.933512e-13,1.753677e-11,3.063980e-01,1.140803e-09,8.986657e-10,2.837929e-13,6.653258e-08,4.390225e-01,2.250215e-13,5.500341e-10,8.082051e-08,3.392184e-01,2.663772e-13,8.426518e-10,6.633457e-08,3.689232e-01,2.499935e-13,5.370897e-10,7.731086e-03,5.124150e-03,-5.957773e-03,4.414951e-15,1.390210e+02,1.417206e+09,2.185621e+02,1.269742e+09,1.649441e+02,1.309527e+09
222,monte carlo,1.885598e-11,1.199235e-01,1.192748e-09,9.070014e-10,4.018512e-13,3.297177e-11,1.201703e-01,6.235578e-10,3.015483e-10,2.097602e-13,3.221581e-11,3.109804e-01,6.386454e-10,2.941787e-10,1.806777e-13,1.850876e-11,1.777701e-01,7.221267e-10,9.940762e-10,2.738005e-13,6.852153e-08,3.028151e-01,2.333412e-13,1.785839e-09,8.226373e-08,4.973193e-01,2.760609e-13,1.105690e-09,6.964556e-08,3.911601e-01,1.631826e-13,8.667290e-10,-3.843074e-03,2.879708e-02,-5.108083e-03,3.602873e-15,2.075784e+02,1.321423e+09,1.517420e+02,1.219397e+09,1.633321e+02,1.952838e+09
223,monte carlo,1.801376e-11,3.296237e-01,9.325544e-10,6.609151e-10,4.625503e-13,3.402679e-11,3.828322e-01,6.675394e-10,3.323993e-10,2.938988e-13,3.347366e-11,2.778319e-01,1.077334e-09,1.091154e-09,4.980927e-13,1.851204e-11,3.649281e-01,1.072941e-09,5.134644e-10,2.202270e-13,6.917621e-08,3.233224e-01,1.810190e-13,1.809561e-09,8.175099e-08,4.483681e-01,2.167768e-13,1.103932e-09,6.648947e-08,3.073422e-01,1.210816e-13,1.629265e-09,9.744093e-04,-2.098470e-02,5.407918e-03,1.019642e-15,1.962699e+02,1.893763e+09,1.672596e+02,1.341130e+09,1.984556e+02,2.029890e+09
224,monte carlo,1.846661e-11,2.062587e-01,6.667432e-10,6.877467e-10,2.392809e-13,3.206929e-11,2.669200e-01,8.806673e-10,8.497664e-10,4.212475e-13,3.176836e-11,1.701549e-01,1.120302e-09,1.001456e-09,3.849332e-13,1.808322e-11,3.160443e-01,6.381689e-10,1.187853e-09,4.577638e-13,6.954313e-08,3.037387e-01,2.255711e-13,7.145763e-10,7.960578e-08,4.937743e-01,2.630676e-13,8.269427e-10,6.959391e-08,3.624438e-01,1.722736e-13,1.283618e-09,-2.397303e-02,-7.818148e-03,3.898553e-04,3.154122e-15,2.100327e+02,1.343276e+09,1.478934e+02,1.279474e+09,1.761421e+02,1.629303e+09
225,monte carlo,1.812641e-11,3.868735e-01,1.155194e-09,9.908695e-10,4.300198e-13,3.415618e-11,3.118981e-01,6.691570e-10,1.252442e-09,2.890666e-13,3.387080e-11,1.370005e-01,1.046362e-09,1.026951e-09,3.779605e-13,1.731305e-11,3.557695e-01,9.630735e-10,6.319080e-10,3.542091e-13,6.899335e-08,3.324976e-01,2.637424e-13,1.523950e-09,7.961190e-08,3.958296e-01,3.169388e-13,1.430209e-09,6.829438e-08,3.608251e-01,2.925814e-13,8.535111e-10,1.541494e-02,-8.733848e-03,-2.432240e-03,6.623330e-16,1.903494e+02,1.405971e+09,1.845026e+02,1.129252e+09,1.736285e+02,1.304614e+09
226,monte carlo,1.779042e-11,3.158075e-01,9.679173e-10,3.904162e-10,4.510780e-13,3.444326e-11,1.528815e-01,9.281985e-10,1.060776e-09,3.891260e-13,3.280458e-11,2.715488e-01,8.121792e-10,7.720173e-10,4.342463e-13,1.778278e-11,3.288172e-01,8.122151e-10,5.668558e-10,4.720530e-13,6.788290e-08,3.258691e-01,1.404889e-13,1.828109e-09,8.328548e-08,3.519084e-01,1.684781e-13,6.917682e-10,6.904578e-08,3.208605e-01,2.504843e-13,1.575894e-09,2.206096e-03,1.308093e-02,-5.410615e-03,1.628908e-15,1.910953e+02,1.908839e+09,2.171063e+02,1.530807e+09,1.974030e+02,1.339407e+09
227,monte carlo,1.737682e-11,1.679789e-01,6.255516e-10,1.240966e-09,3.748666e-13,3.177611e-11,2.241415e-01,7.908488e-10,8.738234e-10,2.083750e-13,3.165581e-11,2.650773e-01,7.649239e-10,8.468115e-10,2.272746e-13,1.779082e-11,1.247412e-01,8.188631e-10,5.118249e-10,4.732639e-13,6.915526e-08,4.536124e-01,1.345503e-13,1.681112e-09,7.984326e-08,5.446815e-01,2.653225e-13,1.314999e-09,6.733395e-08,4.745000e-01,1.819792e-13,1.869538e-09,1.741992e-02,-2.371554e-02,-4.858890e-03,1.633363e-15,1.398534e+02,2.018074e+09,1.344709e+02,1.154595e+09,1.301759e+02,1.613141e+09
228,monte carlo,1.853832e-11,3.684294e-01,6.628829e-10,7.953877e-10,4.988678e-13,3.243487e-11,1.410658e-01,6.091733e-10,1.007235e-09,4.326009e-13,3.294151e-11,2.671159e-01,7.439297e-10,8.230327e-10,5.048362e-13,1.758409e-11,2.678945e-01,8.146009e-10,5.543416e-10,4.910627e-13,6.790912e-08,3.693009e-01,1.806568e-13,1.930476e-09,8.258940e-08,4.544370e-01,2.567408e-13,1.041658e-09,6.909323e-08,3.429442e-01,1.580380e-13,1.916840e-09,-2.275679e-02,1.180933e-02,-1.760852e-03,3.817532e-15,1.686865e+02,1.751576e+09,1.667183e+02,1.289938e+09,1.848182e+02,1.842085e+09
229,monte carlo,1.831854e-11,3.168916e-01,8.932636e-10,4.683373e-10,2.516683e-13,3.190690e-11,2.224454e-01,8.110927e-10,1.294229e-09,2.315341e-13,3.370889e-11,2.311151e-01,1.113218e-09,3.612805e-10,3.358274e-13,1.802514e-11,2.321630e-01,9.802036e-10,5.220643e-10,2.800858e-13,6.711663e-08,3.236255e-01,2.192365e-13,1.504229e-09,8.389768e-08,5.744803e-01,2.287093e-13,8.334061e-10,6.979648e-08,4.341457e-01,2.018691e-13,1.393042e-09,1.344555e-02,1.848268e-02,4.741217e-03,6.421322e-16,1.902480e+02,1.599476e+09,1.339700e+02,1.415456e+09,1.474792e+02,1.666506e+09
230,monte carlo,1.743313e-11,3.863334e-01,8.575729e-10,1.140057e-09,1.943269e-13,3.238281e-11,1.401003e-01,6.088202e-10,8.112589e-10,3.342811e-13,3.303871e-11,2.535903e-01,8.867394e-10,1.125760e-09,1.967223e-13,1.886372e-11,2.604850e-01,7.023107e-10,5.442072e-10,2.548323e-13,6.682268e-08,3.409835e-01,2.536205e-13,6.111853e-10,8.312449e-08,3.955479e-01,1.536505e-13,1.191557e-09,6.630257e-08,4.125620e-01,1.782407e-13,1.175020e-09,1.215015e-02,2.195249e-02,-4.934246e-03,2.931517e-15,1.797725e+02,1.313120e+09,1.927803e+02,1.639759e+09,1.474259e+02,1.828697e+09
231,monte carlo,1.829860e-11,3.347682e-01,9.467697e-10,3.332977e-10,1.792468e-13,3.298323e-11,2.227074e-01,7.109038e-10,5.849555e-10,3.829877e-13,3.219109e-11,3.755421e-01,6.412331e-10,7.249384e-10,5.275729e-13,1.866081e-11,2.139612e-01,8.905928e-10,9.781396e-10,2.196993e-13,6.881130e-08,4.537128e-01,1.874184e-13,1.258422e-09,8.319527e-08,3.707602e-01,1.923357e-13,1.010927e-09,6.826471e-08,3.197548e-01,1.928069e-13,1.322948e-09,2.039070e-02,1.158682e-02,-1.532845e-03,3.116731e-15,1.391270e+02,1.670878e+09,2.058440e+02,1.598105e+09,1.958447e+02,1.586837e+09
232,monte carlo,1.846925e-11,2.300080e-01,6.379561e-10,6.493485e-10,1.833365e-13,3.447623e-11,2.177203e-01,1.122429e-09,2.898637e-10,4.570722e-13,3.285263e-11,2.378519e-01,9.345026e-10,1.195590e-09,3.496658e-13,1.872282e-11,2.305773e-01,1.169328e-09,4.706450e-10,4.687742e-13,6.711192e-08,3.141703e-01,1.932883e-13,1.808720e-09,8.125221e-08,3.515922e-01,2.117721e-13,1.274471e-09,6.717098e-08,3.528441e-01,1.353695e-13,5.300300e-10,-4.873038e-03,2.949639e-02,3.111975e-03,4.633938e-15,1.959599e+02,1.762805e+09,2.119965e+02,1.457208e+09,1.746351e+02,1.936057e+09
233,monte carlo,1.724025e-11,1.816350e-01,1.090709e-09,6.251658e-10,4.298866e-13,3.451857e-11,2.173206e-01,1.032796e-09,3.424924e-10,5.001729e-13,3.419695e-11,3.590875e-01,9.590280e-10,3.920310e-10,2.170259e-13,1.714467e-11,2.117365e-01,9.264045e-10,1.101053e-09,3.063694e-13,6.676728e-08,4.637136e-01,3.045892e-13,1.788722e-09,8.012913e-08,4.241818e-01,2.014892e-13,9.005828e-10,6.983793e-08,4.881218e-01,1.833337e-13,5.875749e-10,5.985884e-04,-7.146217e-03,-2.383303e-03,1.246652e-15,1.320829e+02,1.262856e+09,1.732890e+02,1.595302e+09,1.312490e+02,1.680907e+09
234,monte carlo,1.831963e-11,2.488565e-01,6.072515e-10,1.077300e-09,2.718256e-13,3.373925e-11,2.072138e-01,7.899617e-10,3.497159e-10,4.953989e-13,3.279924e-11,1.805379e-01,9.345778e-10,8.842056e-10,3.193289e-13,1.710525e-11,2.377103e-01,1.072383e-09,8.770217e-10,4.368314e-13,6.829004e-08,4.387911e-01,1.685913e-13,1.082594e-09,8.241763e-08,3.494985e-01,2.131867e-13,1.808529e-09,6.805601e-08,4.002798e-01,1.824050e-13,1.746854e-09,-1.827786e-02,-1.021852e-02,-4.204214e-03,2.529416e-15,1.427685e+02,2.014317e+09,2.163254e+02,1.413163e+09,1.559680e+02,1.515980e+09
235,monte carlo,1.831431e-11,2.911696e-01,1.066669e-09,3.449097e-10,3.780175e-13,3.250831e-11,3.896591e-01,9.963304e-10,4.181012e-10,2.476909e-13,3.451241e-11,3.835603e-01,9.894819e-10,1.256818e-09,4.109338e-13,1.807395e-11,3.879646e-01,9.122802e-10,7.013469e-10,5.123039e-13,6.717760e-08,3.679533e-01,2.221809e-13,1.562037e-09,7.967580e-08,4.059597e-01,1.963230e-13,1.319677e-09,6.634407e-08,3.664544e-01,1.800932e-13,1.084154e-09,-2.049340e-02,2.481679e-02,-3.588630e-03,3.320931e-15,1.674806e+02,1.584971e+09,1.800430e+02,1.442519e+09,1.660791e+02,1.592167e+09
236,monte carlo,1.764552e-11,3.217745e-01,1.022106e-09,1.089175e-09,1.713046e-13,3.187530e-11,1.336689e-01,9.714891e-10,9.075207e-10,4.277085e-13,3.344504e-11,2.585588e-01,1.072396e-09,9.310932e-10,1.801186e-13,1.768062e-11,1.669476e-01,9.637540e-10,1.237826e-09,3.083521e-13,6.917367e-08,3.869693e-01,2.722233e-13,1.448562e-09,8.029547e-08,3.347122e-01,2.237242e-13,1.054157e-09,6.869499e-08,3.862087e-01,1.414922e-13,1.017858e-09,-3.904272e-03,-1.610431e-02,1.347045e-03,2.910121e-15,1.639823e+02,1.226747e+09,2.200656e+02,1.295640e+09,1.631683e+02,1.960756e+09
237,monte carlo,1.800713e-11,2.078773e-01,9.941899e-10,6.794613e-10,5.201397e-13,3.180467e-11,1.109937e-01,8.603247e-10,5.064334e-10,2.622264e-13,3.457920e-11,3.082522e-01,9.406881e-10,1.068536e-09,2.745953e-13,1.750974e-11,1.926397e-01,6.321681e-10,4.391689e-10,4.239173e-13,6.890476e-08,4.755475e-01,2.275431e-13,1.958350e-09,7.992408e-08,5.267455e-01,2.563032e-13,1.915101e-09,6.811560e-08,3.328165e-01,1.707162e-13,9.093388e-10,-1.333913e-02,8.422949e-03,5.044015e-03,4.807611e-15,1.329193e+02,1.523560e+09,1.391905e+02,1.294751e+09,1.877476e+02,1.645967e+09
238,monte carlo,1.885571e-11,2.190570e-01,7.090651e-10,1.258799e-09,3.510295e-13,3.357895e-11,2.281748e-01,1.061537e-09,6.331181e-10,3.059444e-13,3.391358e-11,1.010823e-01,1.041251e-09,4.884509e-10,4.759509e-13,1.776631e-11,3.758720e-01,1.005261e-09,5.253420e-10,3.469490e-13,6.627733e-08,3.289128e-01,2.721879e-13,1.151307e-09,8.251038e-08,3.440335e-01,2.647409e-13,1.660009e-09,6.764151e-08,3.081940e-01,2.965876e-13,7.966983e-10,1.113973e-02,-2.553224e-03,4.802736e-03,2.373576e-15,1.848489e+02,1.244219e+09,2.200090e+02,1.210469e+09,2.013362e+02,1.278400e+09
239,monte carlo,1.717384e-11,2.657564e-01,1.003426e-09,4.815063e-10,2.415933e-13,3.364073e-11,1.740456e-01,6.325834e-10,9.776447e-10,4.989034e-13,3.315313e-11,3.364196e-01,1.197719e-09,9.587071e-10,2.550775e-13,1.818874e-11,2.215655e-01,8.627483e-10,1.279555e-09,2.980024e-13,6.936234e-08,3.030338e-01,1.471970e-13,1.749975e-09,8.020349e-08,4.343561e-01,2.109147e-13,1.468883e-09,6.941713e-08,3.230498e-01,2.069918e-13,7.655112e-10,2.981820e-02,1.584365e-02,-8.208949e-04,4.843198e-15,2.099739e+02,1.704553e+09,1.693870e+02,1.291098e+09,1.971197e+02,1.504213e+09
240,monte carlo,1.809454e-11,3.085897e-01,9.019060e-10,3.577309e-10,2.752767e-13,3.287293e-11,2.939060e-01,7.357807e-10,1.095751e-09,3.521813e-13,3.182115e-11,1.897538e-01,1.113137e-09,8.542639e-10,3.914434e-13,1.786602e-11,3.317979e-01,1.135614e-09,7.906481e-10,1.894095e-13,6.992423e-08,3.146685e-01,2.222561e-13,1.897033e-09,8.412254e-08,5.267652e-01,2.581438e-13,1.195456e-09,6.821905e-08,2.991099e-01,1.749902e-13,1.516916e-09,-1.505994e-02,5.512620e-03,-2.024160e-03,1.943804e-15,2.038483e+02,1.497741e+09,1.464968e+02,1.160262e+09,2.092221e+02,1.639860e+09
241,monte carlo,1.871897e-11,2.264870e-01,1.193710e-09,6.417829e-10,2.788262e-13,3.183282e-11,2.018436e-01,6.613691e-10,9.806313e-10,4.572260e-13,3.221535e-11,2.065208e-01,6.987136e-10,6.991049e-10,3.199848e-13,1.721176e-11,3.755706e-01,7.832973e-10,7.345940e-10,4.321406e-13,6.655114e-08,3.931375e-01,1.278245e-13,1.662596e-09,8.163583e-08,3.519529e-01,2.952793e-13,6.548998e-10,6.723847e-08,2.898886e-01,1.918954e-13,6.745659e-10,-1.751159e-02,1.604200e-02,3.644294e-04,4.222311e-15,1.552901e+02,1.955571e+09,2.127791e+02,1.156346e+09,2.127744e+02,1.549430e+09
242,monte carlo,1.765328e-11,1.210699e-01,9.710333e-10,4.133006e-10,3.607488e-13,3.338974e-11,1.639381e-01,9.116784e-10,6.880216e-10,3.606415e-13,3.320228e-11,2.146832e-01,6.691442e-10,8.920115e-10,2.538552e-13,1.836416e-11,2.147891e-01,1.179128e-09,5.168316e-10,4.583338e-13,6.816130e-08,3.094872e-01,1.227317e-13,1.209309e-09,7.984051e-08,3.543143e-01,1.890686e-13,6.318935e-10,6.623232e-08,3.819791e-01,1.152508e-13,1.412723e-09,-2.472761e-02,2.013565e-02,5.870920e-03,1.324787e-15,2.020356e+02,1.954180e+09,2.067128e+02,1.642101e+09,1.590608e+02,2.050444e+09
243,monte carlo,1.716710e-11,3.993492e-01,7.616587e-10,5.208098e-10,3.768137e-13,3.261420e-11,1.617041e-01,6.652776e-10,2.718644e-10,2.947418e-13,3.299190e-11,1.955312e-01,7.795127e-10,3.205707e-10,2.322196e-13,1.843224e-11,2.397973e-01,1.085243e-09,5.931166e-10,4.806214e-13,6.808684e-08,3.403695e-01,1.173145e-13,1.245695e-09,8.009142e-08,3.860560e-01,1.439505e-13,9.698428e-10,6.822884e-08,3.864573e-01,2.215128e-13,1.746219e-09,7.518103e-03,-1.981068e-02,-4.156129e-03,3.478088e-15,1.835039e+02,1.966608e+09,1.903130e+02,1.621357e+09,1.619568e+02,1.543624e+09
244,monte carlo,1.876292e-11,3.290542e-01,1.014549e-09,5.779472e-10,3.461028e-13,3.259704e-11,1.091509e-01,1.181844e-09,1.081185e-09,5.279343e-13,3.293554e-11,2.912144e-01,8.869562e-10,4.494801e-10,2.427848e-13,1.747421e-11,3.330687e-01,9.262304e-10,7.785029e-10,3.709479e-13,6.901446e-08,3.646964e-01,2.272367e-13,1.774175e-09,7.958193e-08,3.755792e-01,1.464776e-13,1.959346e-09,6.632980e-08,3.198098e-01,2.800480e-13,1.774426e-09,-2.215085e-03,2.729943e-02,3.064421e-03,4.843240e-15,1.735967e+02,1.489167e+09,1.943774e+02,1.618901e+09,1.902609e+02,1.339903e+09
245,monte carlo,1.767819e-11,2.779484e-01,1.162377e-09,1.125358e-09,3.358724e-13,3.226181e-11,3.731660e-01,9.165139e-10,1.119768e-09,2.622770e-13,3.248028e-11,3.763672e-01,1.017585e-09,5.912293e-10,5.231900e-13,1.747367e-11,3.845521e-01,8.013212e-10,7.846477e-10,3.030458e-13,6.690814e-08,3.380323e-01,1.668168e-13,5.674347e-10,8.173159e-08,5.075178e-01,2.886966e-13,1.216417e-09,6.967760e-08,3.236070e-01,2.362062e-13,5.849319e-10,1.172042e-03,-2.053885e-02,-3.373027e-03,1.513926e-15,1.815739e+02,2.064997e+09,1.477309e+02,1.132913e+09,1.975186e+02,1.305952e+09
246,monte carlo,1.886275e-11,2.175435e-01,9.011324e-10,1.061065e-09,5.146557e-13,3.440201e-11,1.600185e-01,7.291173e-10,1.003908e-09,2.629538e-13,3.154265e-11,2.381824e-01,6.432014e-10,3.811730e-10,3.764303e-13,1.872187e-11,2.247793e-01,1.050917e-09,1.143726e-09,2.529862e-13,6.839613e-08,4.338424e-01,2.568758e-13,8.836808e-10,8.202306e-08,5.006129e-01,1.365373e-13,1.891201e-09,6.703696e-08,3.502667e-01,2.985678e-13,1.867895e-09,1.894881e-02,-2.000120e-02,1.843012e-03,3.919097e-15,1.446213e+02,1.364300e+09,1.503027e+02,1.737583e+09,1.755691e+02,1.300783e+09
247,monte carlo,1.725268e-11,3.965180e-01,8.863879e-10,1.257466e-09,3.002163e-13,3.292662e-11,1.896813e-01,8.022124e-10,3.977346e-10,2.041514e-13,3.435796e-11,2.705916e-01,1.006590e-09,5.401060e-10,3.926412e-13,1.784611e-11,2.038028e-01,6.607469e-10,7.325479e-10,3.198076e-13,6.685591e-08,4.360547e-01,1.792543e-13,1.264863e-09,8.330844e-08,3.547932e-01,3.092599e-13,1.378958e-09,6.738462e-08,4.039415e-01,1.975407e-13,8.733422e-10,8.012489e-03,-2.863059e-02,3.492855e-03,4.710346e-15,1.406473e+02,1.765318e+09,2.154004e+02,1.077145e+09,1.530294e+02,1.674468e+09
248,monte carlo,1.841659e-11,3.775965e-01,6.826028e-10,1.274130e-09,4.734358e-13,3.249847e-11,1.781887e-01,7.376801e-10,7.473936e-10,4.017596e-13,3.147299e-11,1.713112e-01,7.358745e-10,8.016300e-10,4.776238e-13,1.866751e-11,1.337521e-01,7.522837e-10,1.191101e-09,3.213452e-13,6.694714e-08,4.556283e-01,1.778907e-13,1.210370e-09,8.341053e-08,3.530223e-01,2.827544e-13,1.257074e-09,6.728074e-08,4.328163e-01,1.933507e-13,8.353095e-10,-2.065381e-02,2.083686e-02,-1.886956e-03,3.807705e-15,1.347889e+02,1.850060e+09,2.167462e+02,1.143934e+09,1.426001e+02,1.601783e+09
249,monte carlo,1.752296e-11,1.625248e-01,8.649963e-10,1.004010e-09,5.269536e-13,3.463943e-11,3.637141e-01,8.451049e-10,1.296189e-09,2.254439e-13,3.312160e-11,1.949335e-01,9.574363e-10,8.345140e-10,2.120521e-13,1.710891e-11,3.675324e-01,1.132034e-09,8.026418e-10,2.553556e-13,6.866666e-08,3.587173e-01,2.378932e-13,1.438146e-09,8.352147e-08,3.808127e-01,2.944035e-13,6.670943e-10,6.977376e-08,3.072293e-01,2.591746e-13,7.335692e-10,-2.819203e-02,-3.760934e-03,-3.785035e-03,1.669152e-15,1.756007e+02,1.497490e+09,2.011960e+02,1.077102e+09,2.083350e+02,1.233431e+09
250,monte carlo,1.710158e-11,2.877847e-01,1.085783e-09,5.953484e-10,3.136030e-13,3.231085e-11,2.845376e-01,9.990570e-10,5.411406e-10,5.261667e-13,3.152549e-11,1.125228e-01,9.131231e-10,9.907862e-10,4.615680e-13,1.829230e-11,1.364759e-01,1.021748e-09,6.512837e-10,2.385965e-13,6.808318e-08,3.838224e-01,1.796633e-13,1.540639e-09,8.296296e-08,4.647076e-01,2.444189e-13,5.363708e-10,6.923208e-08,2.989537e-01,2.444860e-13,6.435081e-10,-1.861047e-02,-1.877636e-02,2.135685e-03,3.970956e-15,1.627205e+02,1.875012e+09,1.637711e+02,1.184026e+09,2.124400e+02,1.414019e+09
251,monte carlo,1.882847e-11,3.022291e-01,9.328813e-10,1.147504e-09,4.560657e-13,3.243936e-11,2.977911e-01,9.030602e-10,4.811584e-10,2.553337e-13,3.351774e-11,1.081742e-01,1.001657e-09,3.512576e-10,2.844093e-13,1.718244e-11,2.939703e-01,8.150654e-10,7.410599e-10,4.846477e-13,6.642594e-08,3.177368e-01,2.011606e-13,1.469970e-09,8.410118e-08,4.780404e-01,1.628633e-13,1.917798e-09,6.842364e-08,3.222062e-01,1.817518e-13,1.869934e-09,-1.692166e-02,-2.817693e-02,-4.379810e-03,3.174105e-15,1.917798e+02,1.721574e+09,1.613876e+02,1.471114e+09,1.948072e+02,1.876641e+09
252,monte carlo,1.829781e-11,3.858652e-01,7.230022e-10,3.156296e-10,3.653750e-13,3.379332e-11,2.789601e-01,8.605332e-10,4.937830e-10,4.908377e-13,3.280522e-11,2.009736e-01,1.051263e-09,4.231011e-10,5.228131e-13,1.869866e-11,3.142852e-01,6.985104e-10,5.199453e-10,3.184799e-13,6.857759e-08,3.035399e-01,1.965167e-13,1.809089e-09,8.445563e-08,4.591055e-01,2.890310e-13,9.015167e-10,6.731358e-08,4.346871e-01,1.345031e-13,1.200108e-09,1.373823e-02,9.037418e-03,-3.700301e-03,2.898263e-15,2.072522e+02,1.550587e+09,1.687520e+02,1.169824e+09,1.420557e+02,1.870800e+09
253,worst case il,1.710000e-11,4.000000e-01,6.000000e-10,2.693699e-10,1.682769e-13,3.465000e-11,4.000000e-01,1.200000e-09,1.299287e-09,5.296728e-13,3.135000e-11,4.000000e-01,6.000000e-10,2.693699e-10,1.682769e-13,1.890000e-11,4.000000e-01,1.200000e-09,1.299287e-09,5.296728e-13,7.004000e-08,4.938849e-01,3.338205e-13,2.000000e-09,8.446000e-08,5.786111e-01,3.460389e-13,2.000000e-09,6.596000e-08,4.651149e-01,1.098402e-13,5.000000e-10,-3.000000e-02,3.000000e-02,6.000000e-03,5.000000e-16,1.300928e+02,1.193669e+09,1.339051e+02,1.061749e+09,1.300928e+02,2.067495e+09
254,worst case att2,1.710000e-11,1.000000e-01,6.000000e-10,2.693699e-10,1.682769e-13,3.135000e-11,1.000000e-01,6.000000e-10,2.693699e-10,1.682769e-13,3.135000e-11,1.000000e-01,6.000000e-10,2.693699e-10,1.682769e-13,1.710000e-11,1.000000e-01,6.000000e-10,2.693699e-10,1.682769e-13,6.596000e-08,2.790689e-01,1.098402e-13,5.000000e-10,7.954000e-08,3.269434e-01,1.141650e-13,5.000000e-10,6.596000e-08,2.790689e-01,1.098402e-13,5.000000e-10,3.000000e-02,3.000000e-02,-6.000000e-03,5.000000e-16,2.168213e+02,2.067495e+09,2.231751e+02,1.839004e+09,2.168213e+02,2.067495e+09
255,worst case att3,1.710000e-11,1.000000e-01,6.000000e-10,2.693699e-10,1.682769e-13,3.135000e-11,1.000000e-01,6.000000e-10,2.693699e-10,1.682769e-13,3.135000e-11,1.000000e-01,6.000000e-10,2.693699e-10,1.682769e-13,1.710000e-11,1.000000e-01,6.000000e-10,2.693699e-10,1.682769e-13,6.596000e-08,2.790689e-01,1.098402e-13,5.000000e-10,7.954000e-08,3.269434e-01,1.141650e-13,5.000000e-10,6.596000e-08,2.790689e-01,1.098402e-13,5.000000e-10,3.000000e-02,3.000000e-02,-6.000000e-03,5.000000e-16,2.168213e+02,2.067495e+09,2.231751e+02,1.839004e+09,2.168213e+02,2.067495e+09
256,worst case atthi,1.890000e-11,1.000000e-01,1.200000e-09,1.299287e-09,5.296728e-13,3.465000e-11,1.000000e-01,1.200000e-09,1.299287e-09,5.296728e-13,3.465000e-11,1.000000e-01,1.200000e-09,1.299287e-09,5.296728e-13,1.890000e-11,1.000000e-01,1.200000e-09,1.299287e-09,5.296728e-13,6.596000e-08,2.790689e-01,3.495207e-13,2.000000e-09,7.954000e-08,3.269434e-01,3.624949e-13,2.000000e-09,6.596000e-08,2.790689e-01,3.495207e-13,2.000000e-09,-3.000000e-02,-3.000000e-02,6.000000e-03,5.000000e-15,2.168213e+02,1.193669e+09,2.231751e+02,1.061749e+09,2.168213e+02,1.193669e+09
257,worst case eff2,1.710000e-11,1.000000e-01,6.000000e-10,2.693699e-10,1.682769e-13,3.135000e-11,4.000000e-01,6.000000e-10,2.693699e-10,1.682769e-13,3.135000e-11,4.000000e-01,6.000000e-10,2.693699e-10,1.682769e-13,1.710000e-11,1.000000e-01,6.000000e-10,2.693699e-10,1.682769e-13,6.596000e-08,4.651149e-01,1.098402e-13,5.000000e-10,7.954000e-08,5.449056e-01,1.141650e-13,5.000000e-10,6.596000e-08,4.651149e-01,1.098402e-13,5.000000e-10,3.000000e-02,3.000000e-02,-6.000000e-03,5.000000e-16,1.300928e+02,2.067495e+09,1.339051e+02,1.839004e+09,1.300928e+02,2.067495e+09
258,worst case eff3,1.710000e-11,1.000000e-01,6.000000e-10,2.693699e-10,1.682769e-13,3.135000e-11,4.000000e-01,6.000000e-10,2.693699e-10,1.682769e-13,3.135000e-11,4.000000e-01,6.000000e-10,2.693699e-10,1.682769e-13,1.710000e-11,1.000000e-01,6.000000e-10,2.693699e-10,1.682769e-13,6.596000e-08,4.651149e-01,1.098402e-13,5.000000e-10,7.954000e-08,5.449056e-01,1.141650e-13,5.000000e-10,6.596000e-08,4.651149e-01,1.098402e-13,5.000000e-10,3.000000e-02,3.000000e-02,-6.000000e-03,5.000000e-16,1.300928e+02,2.067495e+09,1.339051e+02,1.839004e+09,1.300928e+02,2.067495e+09
259,worst case effhi,1.890000e-11,1.000000e-01,1.200000e-09,1.299287e-09,5.296728e-13,3.465000e-11,4.000000e-01,1.200000e-09,1.299287e-09,5.296728e-13,3.465000e-11,4.000000e-01,1.200000e-09,1.299287e-09,5.296728e-13,1.890000e-11,1.000000e-01,1.200000e-09,1.299287e-09,5.296728e-13,6.596000e-08,4.651149e-01,3.495207e-13,2.000000e-09,8.446000e-08,5.786111e-01,3.460389e-13,2.000000e-09,6.596000e-08,4.651149e-01,3.495207e-13,2.000000e-09,-3.000000e-02,-3.000000e-02,6.000000e-03,5.000000e-15,1.300928e+02,1.193669e+09,1.339051e+02,1.061749e+09,1.300928e+02,1.193669e+09
