layout,metric,param,cls,base_value,low,high,out_base,out_low,out_high,swing
A5-DC/DL,tj_pk,r_feed,E,0.2600,0.2600,0.4500,109.8198,109.8198,109.9753,0.1555
A5-DC/DL,case_d,r_feed,E,0.2600,0.2600,0.4500,87.3661,87.3661,89.9665,2.6003
A5-DC/DL,petg_d,r_feed,E,0.2600,0.2600,0.4500,60.0871,60.0871,63.2151,3.1280
A5-DC/DL,bay_d,r_feed,E,0.2600,0.2600,0.4500,61.4275,61.4275,63.5509,2.1235
A5-DC/DL,cell_d,r_feed,E,0.2600,0.2600,0.4500,58.9120,58.9120,63.3498,4.4379
A5-DC/DL,main_d,r_feed,E,0.2600,0.2600,0.4500,57.8120,57.8120,62.6474,4.8353
A5-DC/DL,fr4_d,r_feed,E,0.2600,0.2600,0.4500,66.3712,66.3712,68.3611,1.9899
A5-DC/DL,cell30,r_feed,E,0.2600,0.2600,0.4500,50.6750,50.6750,51.7264,1.0515
A5-DC/DL,main30,r_feed,E,0.2600,0.2600,0.4500,54.9195,54.9195,57.5485,2.6291
A5-DC/DL,tj_300,r_feed,E,0.2600,0.2600,0.4500,107.0576,107.0576,102.3445,4.7130
A5-DC/DL,tj_180,r_feed,E,0.2600,0.2600,0.4500,95.8368,95.8368,91.8291,4.0077
A5-DC/DL,surf5,r_feed,E,0.2600,0.2600,0.4500,32.2864,32.2864,31.7075,0.5789
A5-DC/DL,case_ss,r_feed,E,0.2600,0.2600,0.4500,105.6945,105.6945,102.9509,2.7436
A5-DC/DL,tj_ss,r_feed,E,0.2600,0.2600,0.4500,125.9480,125.9480,121.4347,4.5133
A5-DC/DL,duty,r_feed,E,0.2600,0.2600,0.4500,0.6027,0.6027,0.7012,0.0984
A5-DC/DL,tj_pk,r_cellpath,E,0.0600,0.0500,0.1000,109.8198,109.8201,109.8185,0.0016
A5-DC/DL,case_d,r_cellpath,E,0.0600,0.0500,0.1000,87.3661,87.3665,87.3649,0.0016
A5-DC/DL,petg_d,r_cellpath,E,0.0600,0.0500,0.1000,60.0871,60.1073,60.0066,0.1007
A5-DC/DL,bay_d,r_cellpath,E,0.0600,0.0500,0.1000,61.4275,61.4359,61.3935,0.0424
A5-DC/DL,cell_d,r_cellpath,E,0.0600,0.0500,0.1000,58.9120,58.3053,61.3385,3.0331
A5-DC/DL,main_d,r_cellpath,E,0.0600,0.0500,0.1000,57.8120,57.8521,57.6517,0.2004
A5-DC/DL,fr4_d,r_cellpath,E,0.0600,0.0500,0.1000,66.3712,66.3764,66.3503,0.0261
A5-DC/DL,cell30,r_cellpath,E,0.0600,0.0500,0.1000,50.6750,50.3880,51.8228,1.4349
A5-DC/DL,main30,r_cellpath,E,0.0600,0.0500,0.1000,54.9195,55.0053,54.5754,0.4299
A5-DC/DL,tj_300,r_cellpath,E,0.0600,0.0500,0.1000,107.0576,107.0576,107.0574,0.0002
A5-DC/DL,tj_180,r_cellpath,E,0.0600,0.0500,0.1000,95.8368,95.8368,95.8368,0.0000
A5-DC/DL,surf5,r_cellpath,E,0.0600,0.0500,0.1000,32.2864,32.2864,32.2863,0.0000
A5-DC/DL,case_ss,r_cellpath,E,0.0600,0.0500,0.1000,105.6945,105.6947,105.6936,0.0012
A5-DC/DL,tj_ss,r_cellpath,E,0.0600,0.0500,0.1000,125.9480,125.9482,125.9471,0.0012
A5-DC/DL,duty,r_cellpath,E,0.0600,0.0500,0.1000,0.6027,0.6027,0.6027,0.0000
A5-DC/DL,tj_pk,i_bus,E,0.3000,0.2500,0.4000,109.8198,109.8181,109.8234,0.0053
A5-DC/DL,case_d,i_bus,E,0.3000,0.2500,0.4000,87.3661,87.3644,87.3697,0.0053
A5-DC/DL,petg_d,i_bus,E,0.3000,0.2500,0.4000,60.0871,59.9803,60.3111,0.3308
A5-DC/DL,bay_d,i_bus,E,0.3000,0.2500,0.4000,61.4275,61.3825,61.5217,0.1392
A5-DC/DL,cell_d,i_bus,E,0.3000,0.2500,0.4000,58.9120,58.5655,59.6394,1.0739
A5-DC/DL,main_d,i_bus,E,0.3000,0.2500,0.4000,57.8120,57.5993,58.2579,0.6585
A5-DC/DL,fr4_d,i_bus,E,0.3000,0.2500,0.4000,66.3712,66.3435,66.4293,0.0858
A5-DC/DL,cell30,i_bus,E,0.3000,0.2500,0.4000,50.6750,50.5223,50.9985,0.4762
A5-DC/DL,main30,i_bus,E,0.3000,0.2500,0.4000,54.9195,54.7683,55.2392,0.4710
A5-DC/DL,tj_300,i_bus,E,0.3000,0.2500,0.4000,107.0576,107.0575,107.0576,0.0001
A5-DC/DL,tj_180,i_bus,E,0.3000,0.2500,0.4000,95.8368,95.8368,95.8368,0.0000
A5-DC/DL,surf5,i_bus,E,0.3000,0.2500,0.4000,32.2864,32.2864,32.2864,0.0000
A5-DC/DL,case_ss,i_bus,E,0.3000,0.2500,0.4000,105.6945,105.6933,105.6969,0.0035
A5-DC/DL,tj_ss,i_bus,E,0.3000,0.2500,0.4000,125.9480,125.9469,125.9504,0.0035
A5-DC/DL,duty,i_bus,E,0.3000,0.2500,0.4000,0.6027,0.6027,0.6027,0.0000
A5-DC/DL,tj_pk,a5_idd,DD,1.9700,1.7900,1.9700,109.8198,109.9876,109.8198,0.1678
A5-DC/DL,case_d,a5_idd,DD,1.9700,1.7900,1.9700,87.3661,91.9500,87.3661,4.5838
A5-DC/DL,petg_d,a5_idd,DD,1.9700,1.7900,1.9700,60.0871,61.8634,60.0871,1.7762
A5-DC/DL,bay_d,a5_idd,DD,1.9700,1.7900,1.9700,61.4275,63.7579,61.4275,2.3305
A5-DC/DL,cell_d,a5_idd,DD,1.9700,1.7900,1.9700,58.9120,59.9866,58.9120,1.0746
A5-DC/DL,main_d,a5_idd,DD,1.9700,1.7900,1.9700,57.8120,58.6248,57.8120,0.8127
A5-DC/DL,fr4_d,a5_idd,DD,1.9700,1.7900,1.9700,66.3712,69.0273,66.3712,2.6561
A5-DC/DL,cell30,a5_idd,DD,1.9700,1.7900,1.9700,50.6750,50.1924,50.6750,0.4825
A5-DC/DL,main30,a5_idd,DD,1.9700,1.7900,1.9700,54.9195,54.4202,54.9195,0.4993
A5-DC/DL,tj_300,a5_idd,DD,1.9700,1.7900,1.9700,107.0576,98.4973,107.0576,8.5603
A5-DC/DL,tj_180,a5_idd,DD,1.9700,1.7900,1.9700,95.8368,88.5661,95.8368,7.2707
A5-DC/DL,surf5,a5_idd,DD,1.9700,1.7900,1.9700,32.2864,31.2412,32.2864,1.0451
A5-DC/DL,case_ss,a5_idd,DD,1.9700,1.7900,1.9700,105.6945,100.4323,105.6945,5.2622
A5-DC/DL,tj_ss,a5_idd,DD,1.9700,1.7900,1.9700,125.9480,117.4794,125.9480,8.4686
A5-DC/DL,duty,a5_idd,DD,1.9700,1.7900,1.9700,0.6027,0.7961,0.6027,0.1934
A5-DC/DL,tj_pk,a5_p1,DD,1.5000,1.2000,1.8000,109.8198,109.8076,109.8189,0.0113
A5-DC/DL,case_d,a5_p1,DD,1.5000,1.2000,1.8000,87.3661,86.5645,88.1624,1.5979
A5-DC/DL,petg_d,a5_p1,DD,1.5000,1.2000,1.8000,60.0871,59.9010,60.2725,0.3715
A5-DC/DL,bay_d,a5_p1,DD,1.5000,1.2000,1.8000,61.4275,61.2089,61.6448,0.4358
A5-DC/DL,cell_d,a5_p1,DD,1.5000,1.2000,1.8000,58.9120,58.7223,59.1014,0.3791
A5-DC/DL,main_d,a5_p1,DD,1.5000,1.2000,1.8000,57.8120,57.6819,57.9419,0.2599
A5-DC/DL,fr4_d,a5_p1,DD,1.5000,1.2000,1.8000,66.3712,66.0231,66.7171,0.6940
A5-DC/DL,cell30,a5_p1,DD,1.5000,1.2000,1.8000,50.6750,50.6750,50.6750,0.0000
A5-DC/DL,main30,a5_p1,DD,1.5000,1.2000,1.8000,54.9195,54.9195,54.9195,0.0000
A5-DC/DL,tj_300,a5_p1,DD,1.5000,1.2000,1.8000,107.0576,107.7775,106.3376,1.4399
A5-DC/DL,tj_180,a5_p1,DD,1.5000,1.2000,1.8000,95.8368,96.5567,95.1169,1.4398
A5-DC/DL,surf5,a5_p1,DD,1.5000,1.2000,1.8000,32.2864,32.2863,32.2864,0.0001
A5-DC/DL,case_ss,a5_p1,DD,1.5000,1.2000,1.8000,105.6945,105.6945,105.6945,0.0000
A5-DC/DL,tj_ss,a5_p1,DD,1.5000,1.2000,1.8000,125.9480,126.6680,125.2280,1.4400
A5-DC/DL,duty,a5_p1,DD,1.5000,1.2000,1.8000,0.6027,0.5887,0.6168,0.0281
A5-DC/DL,tj_pk,a5_rjc2,D,2.4000,2.1600,2.6400,109.8198,109.9082,109.8431,0.0652
A5-DC/DL,case_d,a5_rjc2,D,2.4000,2.1600,2.6400,87.3661,89.7048,85.1482,4.5566
A5-DC/DL,petg_d,a5_rjc2,D,2.4000,2.1600,2.6400,60.0871,60.6393,59.5730,1.0663
A5-DC/DL,bay_d,a5_rjc2,D,2.4000,2.1600,2.6400,61.4275,62.0740,60.8235,1.2505
A5-DC/DL,cell_d,a5_rjc2,D,2.4000,2.1600,2.6400,58.9120,59.4794,58.3898,1.0896
A5-DC/DL,main_d,a5_rjc2,D,2.4000,2.1600,2.6400,57.8120,58.2003,57.4535,0.7469
A5-DC/DL,fr4_d,a5_rjc2,D,2.4000,2.1600,2.6400,66.3712,67.3937,65.4084,1.9852
A5-DC/DL,cell30,a5_rjc2,D,2.4000,2.1600,2.6400,50.6750,50.6750,50.6750,0.0000
A5-DC/DL,main30,a5_rjc2,D,2.4000,2.1600,2.6400,54.9195,54.9195,54.9194,0.0000
A5-DC/DL,tj_300,a5_rjc2,D,2.4000,2.1600,2.6400,107.0576,105.0390,109.0761,4.0372
A5-DC/DL,tj_180,a5_rjc2,D,2.4000,2.1600,2.6400,95.8368,93.8215,97.8521,4.0307
A5-DC/DL,surf5,a5_rjc2,D,2.4000,2.1600,2.6400,32.2864,32.2877,32.2851,0.0026
A5-DC/DL,case_ss,a5_rjc2,D,2.4000,2.1600,2.6400,105.6945,105.6945,105.6945,0.0000
A5-DC/DL,tj_ss,a5_rjc2,D,2.4000,2.1600,2.6400,125.9480,123.9227,127.9734,4.0507
A5-DC/DL,duty,a5_rjc2,D,2.4000,2.1600,2.6400,0.6027,0.6449,0.5641,0.0809
A5-DC/DL,tj_pk,a5_rjc1,D,4.5000,4.0500,4.9500,109.8198,109.8203,109.8193,0.0011
A5-DC/DL,case_d,a5_rjc1,D,4.5000,4.0500,4.9500,87.3661,87.3661,87.3661,0.0000
A5-DC/DL,petg_d,a5_rjc1,D,4.5000,4.0500,4.9500,60.0871,60.0871,60.0871,0.0000
A5-DC/DL,bay_d,a5_rjc1,D,4.5000,4.0500,4.9500,61.4275,61.4275,61.4275,0.0000
A5-DC/DL,cell_d,a5_rjc1,D,4.5000,4.0500,4.9500,58.9120,58.9120,58.9120,0.0000
A5-DC/DL,main_d,a5_rjc1,D,4.5000,4.0500,4.9500,57.8120,57.8120,57.8120,0.0000
A5-DC/DL,fr4_d,a5_rjc1,D,4.5000,4.0500,4.9500,66.3712,66.3712,66.3712,0.0000
A5-DC/DL,cell30,a5_rjc1,D,4.5000,4.0500,4.9500,50.6750,50.6750,50.6750,0.0000
A5-DC/DL,main30,a5_rjc1,D,4.5000,4.0500,4.9500,54.9195,54.9195,54.9195,0.0000
A5-DC/DL,tj_300,a5_rjc1,D,4.5000,4.0500,4.9500,107.0576,107.0581,107.0570,0.0010
A5-DC/DL,tj_180,a5_rjc1,D,4.5000,4.0500,4.9500,95.8368,95.8376,95.8360,0.0015
A5-DC/DL,surf5,a5_rjc1,D,4.5000,4.0500,4.9500,32.2864,32.2866,32.2861,0.0004
A5-DC/DL,case_ss,a5_rjc1,D,4.5000,4.0500,4.9500,105.6945,105.6945,105.6945,0.0000
A5-DC/DL,tj_ss,a5_rjc1,D,4.5000,4.0500,4.9500,125.9480,125.9480,125.9480,0.0000
A5-DC/DL,duty,a5_rjc1,D,4.5000,4.0500,4.9500,0.6027,0.6027,0.6027,0.0000
A5-DC/DL,tj_pk,a5_bond,E,0.0001,0.0000,0.0001,109.8198,109.8799,109.9176,0.0377
A5-DC/DL,case_d,a5_bond,E,0.0001,0.0000,0.0001,87.3661,88.4642,86.3127,2.1515
A5-DC/DL,petg_d,a5_bond,E,0.0001,0.0000,0.0001,60.0871,60.7113,59.5419,1.1694
A5-DC/DL,bay_d,a5_bond,E,0.0001,0.0000,0.0001,61.4275,62.1524,60.7915,1.3609
A5-DC/DL,cell_d,a5_bond,E,0.0001,0.0000,0.0001,58.9120,59.5707,58.3447,1.2260
A5-DC/DL,main_d,a5_bond,E,0.0001,0.0000,0.0001,57.8120,58.2609,57.4239,0.8370
A5-DC/DL,fr4_d,a5_bond,E,0.0001,0.0000,0.0001,66.3712,67.4295,65.4284,2.0011
A5-DC/DL,cell30,a5_bond,E,0.0001,0.0000,0.0001,50.6750,50.6744,50.6756,0.0013
A5-DC/DL,main30,a5_bond,E,0.0001,0.0000,0.0001,54.9195,54.9172,54.9217,0.0045
A5-DC/DL,tj_300,a5_bond,E,0.0001,0.0000,0.0001,107.0576,104.7313,109.3798,4.6485
A5-DC/DL,tj_180,a5_bond,E,0.0001,0.0000,0.0001,95.8368,93.5590,98.1105,4.5515
A5-DC/DL,surf5,a5_bond,E,0.0001,0.0000,0.0001,32.2864,32.3168,32.2560,0.0608
A5-DC/DL,case_ss,a5_bond,E,0.0001,0.0000,0.0001,105.6945,103.2323,108.1532,4.9209
A5-DC/DL,tj_ss,a5_bond,E,0.0001,0.0000,0.0001,125.9480,123.4859,128.4067,4.9209
A5-DC/DL,duty,a5_bond,E,0.0001,0.0000,0.0001,0.6027,0.6520,0.5605,0.0914
A5-DC/DL,tj_pk,k_tim,E,0.7000,0.6000,0.8000,109.8198,109.8604,109.9539,0.0935
A5-DC/DL,case_d,k_tim,E,0.7000,0.6000,0.8000,87.3661,87.0438,87.7855,0.7417
A5-DC/DL,petg_d,k_tim,E,0.7000,0.6000,0.8000,60.0871,59.9065,60.2681,0.3616
A5-DC/DL,bay_d,k_tim,E,0.7000,0.6000,0.8000,61.4275,61.2171,61.6384,0.4214
A5-DC/DL,cell_d,k_tim,E,0.7000,0.6000,0.8000,58.9120,58.7232,59.1007,0.3776
A5-DC/DL,main_d,k_tim,E,0.7000,0.6000,0.8000,57.8120,57.6830,57.9410,0.2580
A5-DC/DL,fr4_d,k_tim,E,0.7000,0.6000,0.8000,66.3712,66.0609,66.6875,0.6266
A5-DC/DL,cell30,k_tim,E,0.7000,0.6000,0.8000,50.6750,50.6752,50.6748,0.0004
A5-DC/DL,main30,k_tim,E,0.7000,0.6000,0.8000,54.9195,54.9202,54.9189,0.0013
A5-DC/DL,tj_300,k_tim,E,0.7000,0.6000,0.8000,107.0576,107.8321,106.4764,1.3557
A5-DC/DL,tj_180,k_tim,E,0.7000,0.6000,0.8000,95.8368,96.5952,95.2677,1.3274
A5-DC/DL,surf5,k_tim,E,0.7000,0.6000,0.8000,32.2864,32.2762,32.2940,0.0177
A5-DC/DL,case_ss,k_tim,E,0.7000,0.6000,0.8000,105.6945,106.5144,105.0793,1.4352
A5-DC/DL,tj_ss,k_tim,E,0.7000,0.6000,0.8000,125.9480,126.7680,125.3328,1.4352
A5-DC/DL,duty,k_tim,E,0.7000,0.6000,0.8000,0.6027,0.5887,0.6168,0.0281
A5-DC/DL,tj_pk,r_spread_x,E,0.0000,0.0000,0.3000,109.8198,109.8198,109.9806,0.1608
A5-DC/DL,case_d,r_spread_x,E,0.0000,0.0000,0.3000,87.3661,87.3661,86.1471,1.2191
A5-DC/DL,petg_d,r_spread_x,E,0.0000,0.0000,0.3000,60.0871,60.0871,59.4505,0.6367
A5-DC/DL,bay_d,r_spread_x,E,0.0000,0.0000,0.3000,61.4275,61.4275,60.6847,0.7427
A5-DC/DL,cell_d,r_spread_x,E,0.0000,0.0000,0.3000,58.9120,58.9120,58.2500,0.6620
A5-DC/DL,main_d,r_spread_x,E,0.0000,0.0000,0.3000,57.8120,57.8120,57.3590,0.4531
A5-DC/DL,fr4_d,r_spread_x,E,0.0000,0.0000,0.3000,66.3712,66.3712,65.2706,1.1007
A5-DC/DL,cell30,r_spread_x,E,0.0000,0.0000,0.3000,50.6750,50.6750,50.6757,0.0007
A5-DC/DL,main30,r_spread_x,E,0.0000,0.0000,0.3000,54.9195,54.9195,54.9222,0.0027
A5-DC/DL,tj_300,r_spread_x,E,0.0000,0.0000,0.3000,107.0576,107.0576,109.8270,2.7695
A5-DC/DL,tj_180,r_spread_x,E,0.0000,0.0000,0.3000,95.8368,95.8368,98.5483,2.7115
A5-DC/DL,surf5,r_spread_x,E,0.0000,0.0000,0.3000,32.2864,32.2864,32.2501,0.0362
A5-DC/DL,case_ss,r_spread_x,E,0.0000,0.0000,0.3000,105.6945,105.6945,108.6269,2.9324
A5-DC/DL,tj_ss,r_spread_x,E,0.0000,0.0000,0.3000,125.9480,125.9480,128.8804,2.9324
A5-DC/DL,duty,r_spread_x,E,0.0000,0.0000,0.3000,0.6027,0.6027,0.5535,0.0492
A5-DC/DL,tj_pk,a4_isat,DD,1.3870,1.2610,1.5580,109.8198,109.8198,109.8198,0.0000
A5-DC/DL,case_d,a4_isat,DD,1.3870,1.2610,1.5580,87.3661,87.3661,87.3661,0.0000
A5-DC/DL,petg_d,a4_isat,DD,1.3870,1.2610,1.5580,60.0871,60.0871,60.0871,0.0000
A5-DC/DL,bay_d,a4_isat,DD,1.3870,1.2610,1.5580,61.4275,61.4275,61.4275,0.0000
A5-DC/DL,cell_d,a4_isat,DD,1.3870,1.2610,1.5580,58.9120,58.9120,58.9120,0.0000
A5-DC/DL,main_d,a4_isat,DD,1.3870,1.2610,1.5580,57.8120,57.8120,57.8120,0.0000
A5-DC/DL,fr4_d,a4_isat,DD,1.3870,1.2610,1.5580,66.3712,66.3712,66.3712,0.0000
A5-DC/DL,cell30,a4_isat,DD,1.3870,1.2610,1.5580,50.6750,50.6750,50.6750,0.0000
A5-DC/DL,main30,a4_isat,DD,1.3870,1.2610,1.5580,54.9195,54.9195,54.9195,0.0000
A5-DC/DL,tj_300,a4_isat,DD,1.3870,1.2610,1.5580,107.0576,107.0576,107.0576,0.0000
A5-DC/DL,tj_180,a4_isat,DD,1.3870,1.2610,1.5580,95.8368,95.8368,95.8368,0.0000
A5-DC/DL,surf5,a4_isat,DD,1.3870,1.2610,1.5580,32.2864,32.2864,32.2864,0.0000
A5-DC/DL,case_ss,a4_isat,DD,1.3870,1.2610,1.5580,105.6945,105.6945,105.6945,0.0000
A5-DC/DL,tj_ss,a4_isat,DD,1.3870,1.2610,1.5580,125.9480,125.9480,125.9480,0.0000
A5-DC/DL,duty,a4_isat,DD,1.3870,1.2610,1.5580,0.6027,0.6027,0.6027,0.0000
A5-DC/DL,tj_pk,a4_rjc,D,4.4000,3.9600,4.8400,109.8198,109.8198,109.8198,0.0000
A5-DC/DL,case_d,a4_rjc,D,4.4000,3.9600,4.8400,87.3661,87.3661,87.3661,0.0000
A5-DC/DL,petg_d,a4_rjc,D,4.4000,3.9600,4.8400,60.0871,60.0871,60.0871,0.0000
A5-DC/DL,bay_d,a4_rjc,D,4.4000,3.9600,4.8400,61.4275,61.4275,61.4275,0.0000
A5-DC/DL,cell_d,a4_rjc,D,4.4000,3.9600,4.8400,58.9120,58.9120,58.9120,0.0000
A5-DC/DL,main_d,a4_rjc,D,4.4000,3.9600,4.8400,57.8120,57.8120,57.8120,0.0000
A5-DC/DL,fr4_d,a4_rjc,D,4.4000,3.9600,4.8400,66.3712,66.3712,66.3712,0.0000
A5-DC/DL,cell30,a4_rjc,D,4.4000,3.9600,4.8400,50.6750,50.6750,50.6750,0.0000
A5-DC/DL,main30,a4_rjc,D,4.4000,3.9600,4.8400,54.9195,54.9195,54.9195,0.0000
A5-DC/DL,tj_300,a4_rjc,D,4.4000,3.9600,4.8400,107.0576,107.0576,107.0576,0.0000
A5-DC/DL,tj_180,a4_rjc,D,4.4000,3.9600,4.8400,95.8368,95.8368,95.8368,0.0000
A5-DC/DL,surf5,a4_rjc,D,4.4000,3.9600,4.8400,32.2864,32.2864,32.2864,0.0000
A5-DC/DL,case_ss,a4_rjc,D,4.4000,3.9600,4.8400,105.6945,105.6945,105.6945,0.0000
A5-DC/DL,tj_ss,a4_rjc,D,4.4000,3.9600,4.8400,125.9480,125.9480,125.9480,0.0000
A5-DC/DL,duty,a4_rjc,D,4.4000,3.9600,4.8400,0.6027,0.6027,0.6027,0.0000
A5-DC/DL,tj_pk,a4_r_pad,E,0.8000,0.5000,1.5000,109.8198,109.8198,109.8198,0.0000
A5-DC/DL,case_d,a4_r_pad,E,0.8000,0.5000,1.5000,87.3661,87.3661,87.3661,0.0000
A5-DC/DL,petg_d,a4_r_pad,E,0.8000,0.5000,1.5000,60.0871,60.0871,60.0871,0.0000
A5-DC/DL,bay_d,a4_r_pad,E,0.8000,0.5000,1.5000,61.4275,61.4275,61.4275,0.0000
A5-DC/DL,cell_d,a4_r_pad,E,0.8000,0.5000,1.5000,58.9120,58.9120,58.9120,0.0000
A5-DC/DL,main_d,a4_r_pad,E,0.8000,0.5000,1.5000,57.8120,57.8120,57.8120,0.0000
A5-DC/DL,fr4_d,a4_r_pad,E,0.8000,0.5000,1.5000,66.3712,66.3712,66.3712,0.0000
A5-DC/DL,cell30,a4_r_pad,E,0.8000,0.5000,1.5000,50.6750,50.6750,50.6750,0.0000
A5-DC/DL,main30,a4_r_pad,E,0.8000,0.5000,1.5000,54.9195,54.9195,54.9195,0.0000
A5-DC/DL,tj_300,a4_r_pad,E,0.8000,0.5000,1.5000,107.0576,107.0576,107.0576,0.0000
A5-DC/DL,tj_180,a4_r_pad,E,0.8000,0.5000,1.5000,95.8368,95.8368,95.8368,0.0000
A5-DC/DL,surf5,a4_r_pad,E,0.8000,0.5000,1.5000,32.2864,32.2864,32.2864,0.0000
A5-DC/DL,case_ss,a4_r_pad,E,0.8000,0.5000,1.5000,105.6945,105.6945,105.6945,0.0000
A5-DC/DL,tj_ss,a4_r_pad,E,0.8000,0.5000,1.5000,125.9480,125.9480,125.9480,0.0000
A5-DC/DL,duty,a4_r_pad,E,0.8000,0.5000,1.5000,0.6027,0.6027,0.6027,0.0000
A5-DC/DL,tj_pk,a4_r_via,DD,1.1000,0.9000,1.6000,109.8198,109.8198,109.8198,0.0000
A5-DC/DL,case_d,a4_r_via,DD,1.1000,0.9000,1.6000,87.3661,87.3661,87.3661,0.0000
A5-DC/DL,petg_d,a4_r_via,DD,1.1000,0.9000,1.6000,60.0871,60.0871,60.0871,0.0000
A5-DC/DL,bay_d,a4_r_via,DD,1.1000,0.9000,1.6000,61.4275,61.4275,61.4275,0.0000
A5-DC/DL,cell_d,a4_r_via,DD,1.1000,0.9000,1.6000,58.9120,58.9120,58.9120,0.0000
A5-DC/DL,main_d,a4_r_via,DD,1.1000,0.9000,1.6000,57.8120,57.8120,57.8120,0.0000
A5-DC/DL,fr4_d,a4_r_via,DD,1.1000,0.9000,1.6000,66.3712,66.3712,66.3712,0.0000
A5-DC/DL,cell30,a4_r_via,DD,1.1000,0.9000,1.6000,50.6750,50.6750,50.6750,0.0000
A5-DC/DL,main30,a4_r_via,DD,1.1000,0.9000,1.6000,54.9195,54.9195,54.9195,0.0000
A5-DC/DL,tj_300,a4_r_via,DD,1.1000,0.9000,1.6000,107.0576,107.0576,107.0576,0.0000
A5-DC/DL,tj_180,a4_r_via,DD,1.1000,0.9000,1.6000,95.8368,95.8368,95.8368,0.0000
A5-DC/DL,surf5,a4_r_via,DD,1.1000,0.9000,1.6000,32.2864,32.2864,32.2864,0.0000
A5-DC/DL,case_ss,a4_r_via,DD,1.1000,0.9000,1.6000,105.6945,105.6945,105.6945,0.0000
A5-DC/DL,tj_ss,a4_r_via,DD,1.1000,0.9000,1.6000,125.9480,125.9480,125.9480,0.0000
A5-DC/DL,duty,a4_r_via,DD,1.1000,0.9000,1.6000,0.6027,0.6027,0.6027,0.0000
A5-DC/DL,tj_pk,a4_r_bs,E,0.6000,0.4000,1.0000,109.8198,109.8198,109.8198,0.0000
A5-DC/DL,case_d,a4_r_bs,E,0.6000,0.4000,1.0000,87.3661,87.3661,87.3661,0.0000
A5-DC/DL,petg_d,a4_r_bs,E,0.6000,0.4000,1.0000,60.0871,60.0871,60.0871,0.0000
A5-DC/DL,bay_d,a4_r_bs,E,0.6000,0.4000,1.0000,61.4275,61.4275,61.4275,0.0000
A5-DC/DL,cell_d,a4_r_bs,E,0.6000,0.4000,1.0000,58.9120,58.9120,58.9120,0.0000
A5-DC/DL,main_d,a4_r_bs,E,0.6000,0.4000,1.0000,57.8120,57.8120,57.8120,0.0000
A5-DC/DL,fr4_d,a4_r_bs,E,0.6000,0.4000,1.0000,66.3712,66.3712,66.3712,0.0000
A5-DC/DL,cell30,a4_r_bs,E,0.6000,0.4000,1.0000,50.6750,50.6750,50.6750,0.0000
A5-DC/DL,main30,a4_r_bs,E,0.6000,0.4000,1.0000,54.9195,54.9195,54.9195,0.0000
A5-DC/DL,tj_300,a4_r_bs,E,0.6000,0.4000,1.0000,107.0576,107.0576,107.0576,0.0000
A5-DC/DL,tj_180,a4_r_bs,E,0.6000,0.4000,1.0000,95.8368,95.8368,95.8368,0.0000
A5-DC/DL,surf5,a4_r_bs,E,0.6000,0.4000,1.0000,32.2864,32.2864,32.2864,0.0000
A5-DC/DL,case_ss,a4_r_bs,E,0.6000,0.4000,1.0000,105.6945,105.6945,105.6945,0.0000
A5-DC/DL,tj_ss,a4_r_bs,E,0.6000,0.4000,1.0000,125.9480,125.9480,125.9480,0.0000
A5-DC/DL,duty,a4_r_bs,E,0.6000,0.4000,1.0000,0.6027,0.6027,0.6027,0.0000
A5-DC/DL,tj_pk,a4_gva_on_sink,E,0.5000,0.0000,0.5000,109.8198,109.8198,109.8198,0.0000
A5-DC/DL,case_d,a4_gva_on_sink,E,0.5000,0.0000,0.5000,87.3661,87.3661,87.3661,0.0000
A5-DC/DL,petg_d,a4_gva_on_sink,E,0.5000,0.0000,0.5000,60.0871,60.0871,60.0871,0.0000
A5-DC/DL,bay_d,a4_gva_on_sink,E,0.5000,0.0000,0.5000,61.4275,61.4275,61.4275,0.0000
A5-DC/DL,cell_d,a4_gva_on_sink,E,0.5000,0.0000,0.5000,58.9120,58.9120,58.9120,0.0000
A5-DC/DL,main_d,a4_gva_on_sink,E,0.5000,0.0000,0.5000,57.8120,57.8120,57.8120,0.0000
A5-DC/DL,fr4_d,a4_gva_on_sink,E,0.5000,0.0000,0.5000,66.3712,66.3712,66.3712,0.0000
A5-DC/DL,cell30,a4_gva_on_sink,E,0.5000,0.0000,0.5000,50.6750,50.6750,50.6750,0.0000
A5-DC/DL,main30,a4_gva_on_sink,E,0.5000,0.0000,0.5000,54.9195,54.9195,54.9195,0.0000
A5-DC/DL,tj_300,a4_gva_on_sink,E,0.5000,0.0000,0.5000,107.0576,107.0576,107.0576,0.0000
A5-DC/DL,tj_180,a4_gva_on_sink,E,0.5000,0.0000,0.5000,95.8368,95.8368,95.8368,0.0000
A5-DC/DL,surf5,a4_gva_on_sink,E,0.5000,0.0000,0.5000,32.2864,32.2864,32.2864,0.0000
A5-DC/DL,case_ss,a4_gva_on_sink,E,0.5000,0.0000,0.5000,105.6945,105.6945,105.6945,0.0000
A5-DC/DL,tj_ss,a4_gva_on_sink,E,0.5000,0.0000,0.5000,125.9480,125.9480,125.9480,0.0000
A5-DC/DL,duty,a4_gva_on_sink,E,0.5000,0.0000,0.5000,0.6027,0.6027,0.6027,0.0000
A5-DC/DL,tj_pk,sink_mass,DD,57.0000,52.0000,62.0000,109.8198,109.8313,109.8104,0.0209
A5-DC/DL,case_d,sink_mass,DD,57.0000,52.0000,62.0000,87.3661,87.3661,87.3661,0.0000
A5-DC/DL,petg_d,sink_mass,DD,57.0000,52.0000,62.0000,60.0871,60.0871,60.0871,0.0000
A5-DC/DL,bay_d,sink_mass,DD,57.0000,52.0000,62.0000,61.4275,61.4275,61.4275,0.0000
A5-DC/DL,cell_d,sink_mass,DD,57.0000,52.0000,62.0000,58.9120,58.9120,58.9120,0.0000
A5-DC/DL,main_d,sink_mass,DD,57.0000,52.0000,62.0000,57.8120,57.8120,57.8120,0.0000
A5-DC/DL,fr4_d,sink_mass,DD,57.0000,52.0000,62.0000,66.3712,66.3712,66.3712,0.0000
A5-DC/DL,cell30,sink_mass,DD,57.0000,52.0000,62.0000,50.6750,50.6766,50.6735,0.0031
A5-DC/DL,main30,sink_mass,DD,57.0000,52.0000,62.0000,54.9195,54.9234,54.9154,0.0080
A5-DC/DL,tj_300,sink_mass,DD,57.0000,52.0000,62.0000,107.0576,108.9516,105.3043,3.6473
A5-DC/DL,tj_180,sink_mass,DD,57.0000,52.0000,62.0000,95.8368,97.5584,94.3060,3.2525
A5-DC/DL,surf5,sink_mass,DD,57.0000,52.0000,62.0000,32.2864,32.7846,31.8427,0.9419
A5-DC/DL,case_ss,sink_mass,DD,57.0000,52.0000,62.0000,105.6945,105.6945,105.6945,0.0000
A5-DC/DL,tj_ss,sink_mass,DD,57.0000,52.0000,62.0000,125.9480,125.9480,125.9480,0.0000
A5-DC/DL,duty,sink_mass,DD,57.0000,52.0000,62.0000,0.6027,0.6027,0.6027,0.0000
A5-DC/DL,tj_pk,k_cat,DD,1.0000,0.9300,1.0700,109.8198,109.9351,109.9115,0.0237
A5-DC/DL,case_d,k_cat,DD,1.0000,0.9300,1.0700,87.3661,87.2528,87.6830,0.4302
A5-DC/DL,petg_d,k_cat,DD,1.0000,0.9300,1.0700,60.0871,59.6535,60.5624,0.9089
A5-DC/DL,bay_d,k_cat,DD,1.0000,0.9300,1.0700,61.4275,60.9415,61.9613,1.0198
A5-DC/DL,cell_d,k_cat,DD,1.0000,0.9300,1.0700,58.9120,58.4024,59.4674,1.0650
A5-DC/DL,main_d,k_cat,DD,1.0000,0.9300,1.0700,57.8120,57.4694,58.1851,0.7157
A5-DC/DL,fr4_d,k_cat,DD,1.0000,0.9300,1.0700,66.3712,65.9543,66.8659,0.9115
A5-DC/DL,cell30,k_cat,DD,1.0000,0.9300,1.0700,50.6750,50.6762,50.6738,0.0023
A5-DC/DL,main30,k_cat,DD,1.0000,0.9300,1.0700,54.9195,54.9266,54.9128,0.0139
A5-DC/DL,tj_300,k_cat,DD,1.0000,0.9300,1.0700,107.0576,107.8951,106.2525,1.6426
A5-DC/DL,tj_180,k_cat,DD,1.0000,0.9300,1.0700,95.8368,96.2003,95.4815,0.7187
A5-DC/DL,surf5,k_cat,DD,1.0000,0.9300,1.0700,32.2864,32.1099,32.4495,0.3395
A5-DC/DL,case_ss,k_cat,DD,1.0000,0.9300,1.0700,105.6945,107.3895,103.6971,3.6924
A5-DC/DL,tj_ss,k_cat,DD,1.0000,0.9300,1.0700,125.9480,127.6431,123.9507,3.6924
A5-DC/DL,duty,k_cat,DD,1.0000,0.9300,1.0700,0.6027,0.5641,0.6449,0.0809
A5-DC/DL,tj_pk,k_orient,E,1.3500,1.1000,2.0000,109.8198,109.9209,109.7376,0.1833
A5-DC/DL,case_d,k_orient,E,1.3500,1.1000,2.0000,87.3661,88.2075,86.2214,1.9861
A5-DC/DL,petg_d,k_orient,E,1.3500,1.1000,2.0000,60.0871,61.5683,57.8877,3.6805
A5-DC/DL,bay_d,k_orient,E,1.3500,1.1000,2.0000,61.4275,63.0850,58.9428,4.1421
A5-DC/DL,cell_d,k_orient,E,1.3500,1.1000,2.0000,58.9120,60.6642,56.3923,4.2719
A5-DC/DL,main_d,k_orient,E,1.3500,1.1000,2.0000,57.8120,58.9848,56.1063,2.8785
A5-DC/DL,fr4_d,k_orient,E,1.3500,1.1000,2.0000,66.3712,67.8606,64.0799,3.7807
A5-DC/DL,cell30,k_orient,E,1.3500,1.1000,2.0000,50.6750,50.6715,50.6813,0.0098
A5-DC/DL,main30,k_orient,E,1.3500,1.1000,2.0000,54.9195,54.8993,54.9581,0.0588
A5-DC/DL,tj_300,k_orient,E,1.3500,1.1000,2.0000,107.0576,104.5535,111.2522,6.6987
A5-DC/DL,tj_180,k_orient,E,1.3500,1.1000,2.0000,95.8368,94.7117,97.5979,2.8863
A5-DC/DL,surf5,k_orient,E,1.3500,1.1000,2.0000,32.2864,32.7719,31.3387,1.4332
A5-DC/DL,case_ss,k_orient,E,1.3500,1.1000,2.0000,105.6945,99.2834,124.9737,25.6903
A5-DC/DL,tj_ss,k_orient,E,1.3500,1.1000,2.0000,125.9480,119.5369,145.2272,25.6903
A5-DC/DL,duty,k_orient,E,1.3500,1.1000,2.0000,0.6027,0.7363,0.4129,0.3234
A5-DC/DL,tj_pk,r_frac,E,0.3500,0.2500,0.4500,109.8198,109.8991,109.8310,0.0681
A5-DC/DL,case_d,r_frac,E,0.3500,0.2500,0.4500,87.3661,87.4356,87.3824,0.0532
A5-DC/DL,petg_d,r_frac,E,0.3500,0.2500,0.4500,60.0871,59.9618,60.5904,0.6287
A5-DC/DL,bay_d,r_frac,E,0.3500,0.2500,0.4500,61.4275,61.2573,61.5941,0.3368
A5-DC/DL,cell_d,r_frac,E,0.3500,0.2500,0.4500,58.9120,58.8522,58.9713,0.1191
A5-DC/DL,main_d,r_frac,E,0.3500,0.2500,0.4500,57.8120,57.7639,57.8597,0.0958
A5-DC/DL,fr4_d,r_frac,E,0.3500,0.2500,0.4500,66.3712,65.7459,66.9800,1.2341
A5-DC/DL,cell30,r_frac,E,0.3500,0.2500,0.4500,50.6750,50.6721,50.6777,0.0057
A5-DC/DL,main30,r_frac,E,0.3500,0.2500,0.4500,54.9195,54.9083,54.9301,0.0218
A5-DC/DL,tj_300,r_frac,E,0.3500,0.2500,0.4500,107.0576,107.3217,106.8215,0.5001
A5-DC/DL,tj_180,r_frac,E,0.3500,0.2500,0.4500,95.8368,95.9720,95.7104,0.2615
A5-DC/DL,surf5,r_frac,E,0.3500,0.2500,0.4500,32.2864,31.0079,33.4597,2.4517
A5-DC/DL,case_ss,r_frac,E,0.3500,0.2500,0.4500,105.6945,105.8745,105.5824,0.2921
A5-DC/DL,tj_ss,r_frac,E,0.3500,0.2500,0.4500,125.9480,126.1280,125.8360,0.2921
A5-DC/DL,duty,r_frac,E,0.3500,0.2500,0.4500,0.6027,0.5992,0.6063,0.0070
A5-DC/DL,tj_pk,eta_encl,E,0.6000,0.4000,0.8000,109.8198,109.8198,109.8198,0.0000
A5-DC/DL,case_d,eta_encl,E,0.6000,0.4000,0.8000,87.3661,87.3661,87.3661,0.0000
A5-DC/DL,petg_d,eta_encl,E,0.6000,0.4000,0.8000,60.0871,60.0871,60.0871,0.0000
A5-DC/DL,bay_d,eta_encl,E,0.6000,0.4000,0.8000,61.4275,61.4275,61.4275,0.0000
A5-DC/DL,cell_d,eta_encl,E,0.6000,0.4000,0.8000,58.9120,58.9120,58.9120,0.0000
A5-DC/DL,main_d,eta_encl,E,0.6000,0.4000,0.8000,57.8120,57.8120,57.8120,0.0000
A5-DC/DL,fr4_d,eta_encl,E,0.6000,0.4000,0.8000,66.3712,66.3712,66.3712,0.0000
A5-DC/DL,cell30,eta_encl,E,0.6000,0.4000,0.8000,50.6750,50.6750,50.6750,0.0000
A5-DC/DL,main30,eta_encl,E,0.6000,0.4000,0.8000,54.9195,54.9195,54.9195,0.0000
A5-DC/DL,tj_300,eta_encl,E,0.6000,0.4000,0.8000,107.0576,107.0576,107.0576,0.0000
A5-DC/DL,tj_180,eta_encl,E,0.6000,0.4000,0.8000,95.8368,95.8368,95.8368,0.0000
A5-DC/DL,surf5,eta_encl,E,0.6000,0.4000,0.8000,32.2864,32.2864,32.2864,0.0000
A5-DC/DL,case_ss,eta_encl,E,0.6000,0.4000,0.8000,105.6945,105.6945,105.6945,0.0000
A5-DC/DL,tj_ss,eta_encl,E,0.6000,0.4000,0.8000,125.9480,125.9480,125.9480,0.0000
A5-DC/DL,duty,eta_encl,E,0.6000,0.4000,0.8000,0.6027,0.6027,0.6027,0.0000
A5-DC/DL,tj_pk,eta_wall,E,0.6000,0.4500,0.7500,109.8198,109.9662,109.8625,0.1037
A5-DC/DL,case_d,eta_wall,E,0.6000,0.4500,0.7500,87.3661,87.3180,87.6182,0.3002
A5-DC/DL,petg_d,eta_wall,E,0.6000,0.4500,0.7500,60.0871,59.7162,60.5018,0.7856
A5-DC/DL,bay_d,eta_wall,E,0.6000,0.4500,0.7500,61.4275,61.0197,61.8860,0.8663
A5-DC/DL,cell_d,eta_wall,E,0.6000,0.4500,0.7500,58.9120,58.4524,59.4178,0.9654
A5-DC/DL,main_d,eta_wall,E,0.6000,0.4500,0.7500,57.8120,57.5052,58.1499,0.6447
A5-DC/DL,fr4_d,eta_wall,E,0.6000,0.4500,0.7500,66.3712,66.1490,66.6796,0.5307
A5-DC/DL,cell30,eta_wall,E,0.6000,0.4500,0.7500,50.6750,50.6768,50.6733,0.0036
A5-DC/DL,main30,eta_wall,E,0.6000,0.4500,0.7500,54.9195,54.9291,54.9106,0.0184
A5-DC/DL,tj_300,eta_wall,E,0.6000,0.4500,0.7500,107.0576,107.7998,106.3395,1.4602
A5-DC/DL,tj_180,eta_wall,E,0.6000,0.4500,0.7500,95.8368,96.1542,95.5253,0.6289
A5-DC/DL,surf5,eta_wall,E,0.6000,0.4500,0.7500,32.2864,32.4134,32.1631,0.2502
A5-DC/DL,case_ss,eta_wall,E,0.6000,0.4500,0.7500,105.6945,107.2817,103.8225,3.4592
A5-DC/DL,tj_ss,eta_wall,E,0.6000,0.4500,0.7500,125.9480,127.5352,124.0760,3.4592
A5-DC/DL,duty,eta_wall,E,0.6000,0.4500,0.7500,0.6027,0.5676,0.6414,0.0738
A5-DC/DL,tj_pk,eta_guard3,E,0.7500,0.6000,0.8500,109.8198,109.8198,109.8198,0.0000
A5-DC/DL,case_d,eta_guard3,E,0.7500,0.6000,0.8500,87.3661,87.3661,87.3661,0.0000
A5-DC/DL,petg_d,eta_guard3,E,0.7500,0.6000,0.8500,60.0871,60.0871,60.0871,0.0000
A5-DC/DL,bay_d,eta_guard3,E,0.7500,0.6000,0.8500,61.4275,61.4275,61.4275,0.0000
A5-DC/DL,cell_d,eta_guard3,E,0.7500,0.6000,0.8500,58.9120,58.9120,58.9120,0.0000
A5-DC/DL,main_d,eta_guard3,E,0.7500,0.6000,0.8500,57.8120,57.8120,57.8120,0.0000
A5-DC/DL,fr4_d,eta_guard3,E,0.7500,0.6000,0.8500,66.3712,66.3712,66.3712,0.0000
A5-DC/DL,cell30,eta_guard3,E,0.7500,0.6000,0.8500,50.6750,50.6750,50.6750,0.0000
A5-DC/DL,main30,eta_guard3,E,0.7500,0.6000,0.8500,54.9195,54.9195,54.9195,0.0000
A5-DC/DL,tj_300,eta_guard3,E,0.7500,0.6000,0.8500,107.0576,107.0576,107.0576,0.0000
A5-DC/DL,tj_180,eta_guard3,E,0.7500,0.6000,0.8500,95.8368,95.8368,95.8368,0.0000
A5-DC/DL,surf5,eta_guard3,E,0.7500,0.6000,0.8500,32.2864,32.2864,32.2864,0.0000
A5-DC/DL,case_ss,eta_guard3,E,0.7500,0.6000,0.8500,105.6945,105.6945,105.6945,0.0000
A5-DC/DL,tj_ss,eta_guard3,E,0.7500,0.6000,0.8500,125.9480,125.9480,125.9480,0.0000
A5-DC/DL,duty,eta_guard3,E,0.7500,0.6000,0.8500,0.6027,0.6027,0.6027,0.0000
A5-DC/DL,tj_pk,phi3,E,0.5000,0.3500,0.6500,109.8198,109.8198,109.8198,0.0000
A5-DC/DL,case_d,phi3,E,0.5000,0.3500,0.6500,87.3661,87.3661,87.3661,0.0000
A5-DC/DL,petg_d,phi3,E,0.5000,0.3500,0.6500,60.0871,60.0871,60.0871,0.0000
A5-DC/DL,bay_d,phi3,E,0.5000,0.3500,0.6500,61.4275,61.4275,61.4275,0.0000
A5-DC/DL,cell_d,phi3,E,0.5000,0.3500,0.6500,58.9120,58.9120,58.9120,0.0000
A5-DC/DL,main_d,phi3,E,0.5000,0.3500,0.6500,57.8120,57.8120,57.8120,0.0000
A5-DC/DL,fr4_d,phi3,E,0.5000,0.3500,0.6500,66.3712,66.3712,66.3712,0.0000
A5-DC/DL,cell30,phi3,E,0.5000,0.3500,0.6500,50.6750,50.6750,50.6750,0.0000
A5-DC/DL,main30,phi3,E,0.5000,0.3500,0.6500,54.9195,54.9195,54.9195,0.0000
A5-DC/DL,tj_300,phi3,E,0.5000,0.3500,0.6500,107.0576,107.0576,107.0576,0.0000
A5-DC/DL,tj_180,phi3,E,0.5000,0.3500,0.6500,95.8368,95.8368,95.8368,0.0000
A5-DC/DL,surf5,phi3,E,0.5000,0.3500,0.6500,32.2864,32.2864,32.2864,0.0000
A5-DC/DL,case_ss,phi3,E,0.5000,0.3500,0.6500,105.6945,105.6945,105.6945,0.0000
A5-DC/DL,tj_ss,phi3,E,0.5000,0.3500,0.6500,125.9480,125.9480,125.9480,0.0000
A5-DC/DL,duty,phi3,E,0.5000,0.3500,0.6500,0.6027,0.6027,0.6027,0.0000
A5-DC/DL,tj_pk,eta_guard_dc,E,0.8500,0.7500,0.9200,109.8198,109.8681,109.8169,0.0512
A5-DC/DL,case_d,eta_guard_dc,E,0.8500,0.7500,0.9200,87.3661,87.2630,87.4587,0.1957
A5-DC/DL,petg_d,eta_guard_dc,E,0.8500,0.7500,0.9200,60.0871,59.8243,60.2750,0.4506
A5-DC/DL,bay_d,eta_guard_dc,E,0.8500,0.7500,0.9200,61.4275,61.1374,61.6349,0.4974
A5-DC/DL,cell_d,eta_guard_dc,E,0.8500,0.7500,0.9200,58.9120,58.5899,59.1419,0.5520
A5-DC/DL,main_d,eta_guard_dc,E,0.8500,0.7500,0.9200,57.8120,57.5968,57.9656,0.3689
A5-DC/DL,fr4_d,eta_guard_dc,E,0.8500,0.7500,0.9200,66.3712,66.1928,66.5044,0.3116
A5-DC/DL,cell30,eta_guard_dc,E,0.8500,0.7500,0.9200,50.6750,50.6762,50.6742,0.0020
A5-DC/DL,main30,eta_guard_dc,E,0.8500,0.7500,0.9200,54.9195,54.9258,54.9152,0.0105
A5-DC/DL,tj_300,eta_guard_dc,E,0.8500,0.7500,0.9200,107.0576,107.5496,106.7195,0.8301
A5-DC/DL,tj_180,eta_guard_dc,E,0.8500,0.7500,0.9200,95.8368,96.0477,95.6907,0.3570
A5-DC/DL,surf5,eta_guard_dc,E,0.8500,0.7500,0.9200,32.2864,32.3706,32.2284,0.1422
A5-DC/DL,case_ss,eta_guard_dc,E,0.8500,0.7500,0.9200,105.6945,106.7345,104.8989,1.8357
A5-DC/DL,tj_ss,eta_guard_dc,E,0.8500,0.7500,0.9200,125.9480,126.9881,125.1524,1.8357
A5-DC/DL,duty,eta_guard_dc,E,0.8500,0.7500,0.9200,0.6027,0.5781,0.6203,0.0422
A5-DC/DL,tj_pk,phi_dc,E,0.3500,0.2500,0.5000,109.8198,109.9102,109.9239,0.0137
A5-DC/DL,case_d,phi_dc,E,0.3500,0.2500,0.5000,87.3661,87.4905,87.4167,0.0738
A5-DC/DL,petg_d,phi_dc,E,0.3500,0.2500,0.5000,60.0871,60.1666,60.2267,0.0601
A5-DC/DL,bay_d,phi_dc,E,0.3500,0.2500,0.5000,61.4275,61.5167,61.3505,0.1663
A5-DC/DL,cell_d,phi_dc,E,0.3500,0.2500,0.5000,58.9120,59.0046,58.8206,0.1840
A5-DC/DL,main_d,phi_dc,E,0.3500,0.2500,0.5000,57.8120,57.8744,57.7514,0.1230
A5-DC/DL,fr4_d,phi_dc,E,0.3500,0.2500,0.5000,66.3712,66.4535,66.3469,0.1066
A5-DC/DL,cell30,phi_dc,E,0.3500,0.2500,0.5000,50.6750,50.6748,50.6753,0.0006
A5-DC/DL,main30,phi_dc,E,0.3500,0.2500,0.5000,54.9195,54.9183,54.9214,0.0031
A5-DC/DL,tj_300,phi_dc,E,0.3500,0.2500,0.5000,107.0576,107.0054,107.1437,0.1383
A5-DC/DL,tj_180,phi_dc,E,0.3500,0.2500,0.5000,95.8368,95.8214,95.8624,0.0411
A5-DC/DL,surf5,phi_dc,E,0.3500,0.2500,0.5000,32.2864,31.7281,33.1262,1.3982
A5-DC/DL,case_ss,phi_dc,E,0.3500,0.2500,0.5000,105.6945,105.5007,106.0112,0.5105
A5-DC/DL,tj_ss,phi_dc,E,0.3500,0.2500,0.5000,125.9480,125.7542,126.2647,0.5105
A5-DC/DL,duty,phi_dc,E,0.3500,0.2500,0.5000,0.6027,0.6098,0.5957,0.0141
A5-DC/DL,tj_pk,shield_rad,E,0.2500,0.1500,0.4000,109.8198,109.9509,109.8413,0.1096
A5-DC/DL,case_d,shield_rad,E,0.2500,0.1500,0.4000,87.3661,87.5311,87.3343,0.1968
A5-DC/DL,petg_d,shield_rad,E,0.2500,0.1500,0.4000,60.0871,60.0386,60.1867,0.1481
A5-DC/DL,bay_d,shield_rad,E,0.2500,0.1500,0.4000,61.4275,61.3291,61.6004,0.2713
A5-DC/DL,cell_d,shield_rad,E,0.2500,0.1500,0.4000,58.9120,58.9846,58.8473,0.1372
A5-DC/DL,main_d,shield_rad,E,0.2500,0.1500,0.4000,57.8120,57.8490,57.7852,0.0638
A5-DC/DL,fr4_d,shield_rad,E,0.2500,0.1500,0.4000,66.3712,65.5784,67.5075,1.9291
A5-DC/DL,cell30,shield_rad,E,0.2500,0.1500,0.4000,50.6750,50.6702,50.6817,0.0115
A5-DC/DL,main30,shield_rad,E,0.2500,0.1500,0.4000,54.9195,54.9005,54.9459,0.0454
A5-DC/DL,tj_300,shield_rad,E,0.2500,0.1500,0.4000,107.0576,107.0250,107.1117,0.0867
A5-DC/DL,tj_180,shield_rad,E,0.2500,0.1500,0.4000,95.8368,95.8275,95.8523,0.0248
A5-DC/DL,surf5,shield_rad,E,0.2500,0.1500,0.4000,32.2864,32.2819,32.2939,0.0120
A5-DC/DL,case_ss,shield_rad,E,0.2500,0.1500,0.4000,105.6945,105.5149,105.9834,0.4685
A5-DC/DL,tj_ss,shield_rad,E,0.2500,0.1500,0.4000,125.9480,125.7684,126.2370,0.4685
A5-DC/DL,duty,shield_rad,E,0.2500,0.1500,0.4000,0.6027,0.6098,0.5957,0.0141
A5-DC/DL,tj_pk,main_vent_area,E,0.0002,0.0000,0.0003,109.8198,109.8297,109.8157,0.0141
A5-DC/DL,case_d,main_vent_area,E,0.0002,0.0000,0.0003,87.3661,87.3761,87.3620,0.0141
A5-DC/DL,petg_d,main_vent_area,E,0.0002,0.0000,0.0003,60.0871,60.7134,59.8289,0.8844
A5-DC/DL,bay_d,main_vent_area,E,0.0002,0.0000,0.0003,61.4275,61.6906,61.3187,0.3719
A5-DC/DL,cell_d,main_vent_area,E,0.0002,0.0000,0.0003,58.9120,59.8977,58.5055,1.3922
A5-DC/DL,main_d,main_vent_area,E,0.0002,0.0000,0.0003,57.8120,59.0581,57.2979,1.7602
A5-DC/DL,fr4_d,main_vent_area,E,0.0002,0.0000,0.0003,66.3712,66.5334,66.3042,0.2292
A5-DC/DL,cell30,main_vent_area,E,0.0002,0.0000,0.0003,50.6750,50.8520,50.5943,0.2577
A5-DC/DL,main30,main_vent_area,E,0.0002,0.0000,0.0003,54.9195,55.5568,54.6363,0.9206
A5-DC/DL,tj_300,main_vent_area,E,0.0002,0.0000,0.0003,107.0576,107.0576,107.0576,0.0000
A5-DC/DL,tj_180,main_vent_area,E,0.0002,0.0000,0.0003,95.8368,95.8368,95.8368,0.0000
A5-DC/DL,surf5,main_vent_area,E,0.0002,0.0000,0.0003,32.2864,32.2864,32.2864,0.0000
A5-DC/DL,case_ss,main_vent_area,E,0.0002,0.0000,0.0003,105.6945,105.7009,105.6919,0.0090
A5-DC/DL,tj_ss,main_vent_area,E,0.0002,0.0000,0.0003,125.9480,125.9544,125.9454,0.0090
A5-DC/DL,duty,main_vent_area,E,0.0002,0.0000,0.0003,0.6027,0.6027,0.6027,0.0000
A5-DC/DL,tj_pk,k_petg,E,0.2000,0.1800,0.2500,109.8198,109.8205,109.8184,0.0021
A5-DC/DL,case_d,k_petg,E,0.2000,0.1800,0.2500,87.3661,87.3669,87.3648,0.0021
A5-DC/DL,petg_d,k_petg,E,0.2000,0.1800,0.2500,60.0871,60.1234,60.0212,0.1022
A5-DC/DL,bay_d,k_petg,E,0.2000,0.1800,0.2500,61.4275,61.4472,61.3916,0.0557
A5-DC/DL,cell_d,k_petg,E,0.2000,0.1800,0.2500,58.9120,58.9517,58.8402,0.1116
A5-DC/DL,main_d,k_petg,E,0.2000,0.1800,0.2500,57.8120,57.8600,57.7254,0.1346
A5-DC/DL,fr4_d,k_petg,E,0.2000,0.1800,0.2500,66.3712,66.3834,66.3491,0.0343
A5-DC/DL,cell30,k_petg,E,0.2000,0.1800,0.2500,50.6750,50.6837,50.6591,0.0247
A5-DC/DL,main30,k_petg,E,0.2000,0.1800,0.2500,54.9195,54.9482,54.8674,0.0808
A5-DC/DL,tj_300,k_petg,E,0.2000,0.1800,0.2500,107.0576,107.0576,107.0575,0.0001
A5-DC/DL,tj_180,k_petg,E,0.2000,0.1800,0.2500,95.8368,95.8368,95.8368,0.0000
A5-DC/DL,surf5,k_petg,E,0.2000,0.1800,0.2500,32.2864,32.2494,32.3539,0.1045
A5-DC/DL,case_ss,k_petg,E,0.2000,0.1800,0.2500,105.6945,105.6949,105.6937,0.0013
A5-DC/DL,tj_ss,k_petg,E,0.2000,0.1800,0.2500,125.9480,125.9485,125.9472,0.0013
A5-DC/DL,duty,k_petg,E,0.2000,0.1800,0.2500,0.6027,0.6027,0.6027,0.0000
A5-DC/DL,tj_pk,h_out_c,E,4.0000,3.0000,6.0000,109.8198,109.9226,109.8354,0.0872
A5-DC/DL,case_d,h_out_c,E,4.0000,3.0000,6.0000,87.3661,87.4687,87.3876,0.0811
A5-DC/DL,petg_d,h_out_c,E,4.0000,3.0000,6.0000,60.0871,60.3521,59.7080,0.6441
A5-DC/DL,bay_d,h_out_c,E,4.0000,3.0000,6.0000,61.4275,61.5930,61.2113,0.3818
A5-DC/DL,cell_d,h_out_c,E,4.0000,3.0000,6.0000,58.9120,59.3810,58.2146,1.1665
A5-DC/DL,main_d,h_out_c,E,4.0000,3.0000,6.0000,57.8120,58.2467,57.1540,1.0927
A5-DC/DL,fr4_d,h_out_c,E,4.0000,3.0000,6.0000,66.3712,66.5010,66.2428,0.2582
A5-DC/DL,cell30,h_out_c,E,4.0000,3.0000,6.0000,50.6750,50.7641,50.5231,0.2410
A5-DC/DL,main30,h_out_c,E,4.0000,3.0000,6.0000,54.9195,55.1356,54.5582,0.5774
A5-DC/DL,tj_300,h_out_c,E,4.0000,3.0000,6.0000,107.0576,107.0646,107.0441,0.0205
A5-DC/DL,tj_180,h_out_c,E,4.0000,3.0000,6.0000,95.8368,95.8381,95.8343,0.0038
A5-DC/DL,surf5,h_out_c,E,4.0000,3.0000,6.0000,32.2864,32.5065,31.8740,0.6324
A5-DC/DL,case_ss,h_out_c,E,4.0000,3.0000,6.0000,105.6945,105.7707,105.5612,0.2095
A5-DC/DL,tj_ss,h_out_c,E,4.0000,3.0000,6.0000,125.9480,126.0242,125.8147,0.2095
A5-DC/DL,duty,h_out_c,E,4.0000,3.0000,6.0000,0.6027,0.6027,0.6063,0.0035
A5-DC/DL,tj_pk,h_in_c,E,2.5000,1.5000,4.0000,109.8198,109.8471,109.9784,0.1313
A5-DC/DL,case_d,h_in_c,E,2.5000,1.5000,4.0000,87.3661,87.3934,87.5300,0.1367
A5-DC/DL,petg_d,h_in_c,E,2.5000,1.5000,4.0000,60.0871,60.3832,59.7884,0.5948
A5-DC/DL,bay_d,h_in_c,E,2.5000,1.5000,4.0000,61.4275,61.6225,61.2332,0.3893
A5-DC/DL,cell_d,h_in_c,E,2.5000,1.5000,4.0000,58.9120,59.2131,58.5999,0.6132
A5-DC/DL,main_d,h_in_c,E,2.5000,1.5000,4.0000,57.8120,58.3705,57.1764,1.1941
A5-DC/DL,fr4_d,h_in_c,E,2.5000,1.5000,4.0000,66.3712,66.8147,65.8760,0.9387
A5-DC/DL,cell30,h_in_c,E,2.5000,1.5000,4.0000,50.6750,50.7665,50.5640,0.2025
A5-DC/DL,main30,h_in_c,E,2.5000,1.5000,4.0000,54.9195,55.3317,54.4240,0.9077
A5-DC/DL,tj_300,h_in_c,E,2.5000,1.5000,4.0000,107.0576,107.0546,107.0614,0.0068
A5-DC/DL,tj_180,h_in_c,E,2.5000,1.5000,4.0000,95.8368,95.8355,95.8386,0.0032
A5-DC/DL,surf5,h_in_c,E,2.5000,1.5000,4.0000,32.2864,32.2858,32.2871,0.0012
A5-DC/DL,case_ss,h_in_c,E,2.5000,1.5000,4.0000,105.6945,105.7137,105.6693,0.0443
A5-DC/DL,tj_ss,h_in_c,E,2.5000,1.5000,4.0000,125.9480,125.9672,125.9229,0.0443
A5-DC/DL,duty,h_in_c,E,2.5000,1.5000,4.0000,0.6027,0.6027,0.6063,0.0035
A5-DC/DL,tj_pk,g_leads,E,0.0150,0.0080,0.0300,109.8198,109.8282,109.8059,0.0223
A5-DC/DL,case_d,g_leads,E,0.0150,0.0080,0.0300,87.3661,87.3746,87.3523,0.0223
A5-DC/DL,petg_d,g_leads,E,0.0150,0.0080,0.0300,60.0871,60.1804,59.9328,0.2476
A5-DC/DL,bay_d,g_leads,E,0.0150,0.0080,0.0300,61.4275,61.6497,61.0604,0.5893
A5-DC/DL,cell_d,g_leads,E,0.0150,0.0080,0.0300,58.9120,58.8102,59.0785,0.2682
A5-DC/DL,main_d,g_leads,E,0.0150,0.0080,0.0300,57.8120,57.6834,58.0226,0.3392
A5-DC/DL,fr4_d,g_leads,E,0.0150,0.0080,0.0300,66.3712,66.5082,66.1452,0.3630
A5-DC/DL,cell30,g_leads,E,0.0150,0.0080,0.0300,50.6750,50.6352,50.7434,0.1082
A5-DC/DL,main30,g_leads,E,0.0150,0.0080,0.0300,54.9195,54.7956,55.1251,0.3296
A5-DC/DL,tj_300,g_leads,E,0.0150,0.0080,0.0300,107.0576,107.0580,107.0566,0.0014
A5-DC/DL,tj_180,g_leads,E,0.0150,0.0080,0.0300,95.8368,95.8369,95.8366,0.0003
A5-DC/DL,surf5,g_leads,E,0.0150,0.0080,0.0300,32.2864,32.2864,32.2863,0.0001
A5-DC/DL,case_ss,g_leads,E,0.0150,0.0080,0.0300,105.6945,105.7005,105.6845,0.0160
A5-DC/DL,tj_ss,g_leads,E,0.0150,0.0080,0.0300,125.9480,125.9540,125.9380,0.0160
A5-DC/DL,duty,g_leads,E,0.0150,0.0080,0.0300,0.6027,0.6027,0.6027,0.0000
A5-DC/DL,tj_pk,g_cell_main,E,0.0300,0.0200,0.0450,109.8198,109.8197,109.8199,0.0003
A5-DC/DL,case_d,g_cell_main,E,0.0300,0.0200,0.0450,87.3661,87.3660,87.3663,0.0003
A5-DC/DL,petg_d,g_cell_main,E,0.0300,0.0200,0.0450,60.0871,60.0783,60.0952,0.0169
A5-DC/DL,bay_d,g_cell_main,E,0.0300,0.0200,0.0450,61.4275,61.4237,61.4309,0.0071
A5-DC/DL,cell_d,g_cell_main,E,0.0300,0.0200,0.0450,58.9120,59.1794,58.6685,0.5109
A5-DC/DL,main_d,g_cell_main,E,0.0300,0.0200,0.0450,57.8120,57.7944,57.8281,0.0337
A5-DC/DL,fr4_d,g_cell_main,E,0.0300,0.0200,0.0450,66.3712,66.3689,66.3733,0.0044
A5-DC/DL,cell30,g_cell_main,E,0.0300,0.0200,0.0450,50.6750,50.1217,51.3182,1.1966
A5-DC/DL,main30,g_cell_main,E,0.0300,0.0200,0.0450,54.9195,55.0980,54.7319,0.3660
A5-DC/DL,tj_300,g_cell_main,E,0.0300,0.0200,0.0450,107.0576,107.0576,107.0575,0.0000
A5-DC/DL,tj_180,g_cell_main,E,0.0300,0.0200,0.0450,95.8368,95.8368,95.8368,0.0000
A5-DC/DL,surf5,g_cell_main,E,0.0300,0.0200,0.0450,32.2864,32.2864,32.2864,0.0000
A5-DC/DL,case_ss,g_cell_main,E,0.0300,0.0200,0.0450,105.6945,105.6943,105.6946,0.0003
A5-DC/DL,tj_ss,g_cell_main,E,0.0300,0.0200,0.0450,125.9480,125.9479,125.9482,0.0003
A5-DC/DL,duty,g_cell_main,E,0.0300,0.0200,0.0450,0.6027,0.6027,0.6027,0.0000
A5-DC/DL,tj_pk,g_cell_wall,E,0.0200,0.0100,0.0300,109.8198,109.8213,109.8188,0.0025
A5-DC/DL,case_d,g_cell_wall,E,0.0200,0.0100,0.0300,87.3661,87.3677,87.3652,0.0025
A5-DC/DL,petg_d,g_cell_wall,E,0.0200,0.0100,0.0300,60.0871,60.1820,60.0255,0.1565
A5-DC/DL,bay_d,g_cell_wall,E,0.0200,0.0100,0.0300,61.4275,61.4674,61.4015,0.0659
A5-DC/DL,cell_d,g_cell_wall,E,0.0200,0.0100,0.0300,58.9120,60.9903,57.5639,3.4265
A5-DC/DL,main_d,g_cell_wall,E,0.0200,0.0100,0.0300,57.8120,58.0009,57.6894,0.3115
A5-DC/DL,fr4_d,g_cell_wall,E,0.0200,0.0100,0.0300,66.3712,66.3958,66.3552,0.0406
A5-DC/DL,cell30,g_cell_wall,E,0.0200,0.0100,0.0300,50.6750,50.6844,50.6611,0.0233
A5-DC/DL,main30,g_cell_wall,E,0.0200,0.0100,0.0300,54.9195,54.9096,54.9291,0.0194
A5-DC/DL,tj_300,g_cell_wall,E,0.0200,0.0100,0.0300,107.0576,107.0576,107.0576,0.0000
A5-DC/DL,tj_180,g_cell_wall,E,0.0200,0.0100,0.0300,95.8368,95.8368,95.8368,0.0000
A5-DC/DL,surf5,g_cell_wall,E,0.0200,0.0100,0.0300,32.2864,32.2864,32.2864,0.0000
A5-DC/DL,case_ss,g_cell_wall,E,0.0200,0.0100,0.0300,105.6945,105.6955,105.6939,0.0016
A5-DC/DL,tj_ss,g_cell_wall,E,0.0200,0.0100,0.0300,125.9480,125.9490,125.9474,0.0016
A5-DC/DL,duty,g_cell_wall,E,0.0200,0.0100,0.0300,0.6027,0.6027,0.6027,0.0000
A5-DC/DL,tj_pk,vent_area,E,0.0004,0.0000,0.0005,109.8198,109.8198,109.8198,0.0000
A5-DC/DL,case_d,vent_area,E,0.0004,0.0000,0.0005,87.3661,87.3661,87.3661,0.0000
A5-DC/DL,petg_d,vent_area,E,0.0004,0.0000,0.0005,60.0871,60.0871,60.0871,0.0000
A5-DC/DL,bay_d,vent_area,E,0.0004,0.0000,0.0005,61.4275,61.4275,61.4275,0.0000
A5-DC/DL,cell_d,vent_area,E,0.0004,0.0000,0.0005,58.9120,58.9120,58.9120,0.0000
A5-DC/DL,main_d,vent_area,E,0.0004,0.0000,0.0005,57.8120,57.8120,57.8120,0.0000
A5-DC/DL,fr4_d,vent_area,E,0.0004,0.0000,0.0005,66.3712,66.3712,66.3712,0.0000
A5-DC/DL,cell30,vent_area,E,0.0004,0.0000,0.0005,50.6750,50.6750,50.6750,0.0000
A5-DC/DL,main30,vent_area,E,0.0004,0.0000,0.0005,54.9195,54.9195,54.9195,0.0000
A5-DC/DL,tj_300,vent_area,E,0.0004,0.0000,0.0005,107.0576,107.0576,107.0576,0.0000
A5-DC/DL,tj_180,vent_area,E,0.0004,0.0000,0.0005,95.8368,95.8368,95.8368,0.0000
A5-DC/DL,surf5,vent_area,E,0.0004,0.0000,0.0005,32.2864,32.2864,32.2864,0.0000
A5-DC/DL,case_ss,vent_area,E,0.0004,0.0000,0.0005,105.6945,105.6945,105.6945,0.0000
A5-DC/DL,tj_ss,vent_area,E,0.0004,0.0000,0.0005,125.9480,125.9480,125.9480,0.0000
A5-DC/DL,duty,vent_area,E,0.0004,0.0000,0.0005,0.6027,0.6027,0.6027,0.0000
A5-DC/DL,tj_pk,vent_area_dc,E,0.0005,0.0003,0.0006,109.8198,109.9991,109.9681,0.0310
A5-DC/DL,case_d,vent_area_dc,E,0.0005,0.0003,0.0006,87.3661,87.5453,87.5197,0.0256
A5-DC/DL,petg_d,vent_area_dc,E,0.0005,0.0003,0.0006,60.0871,63.3099,59.3019,4.0080
A5-DC/DL,bay_d,vent_area_dc,E,0.0005,0.0003,0.0006,61.4275,66.1263,60.2616,5.8646
A5-DC/DL,cell_d,vent_area_dc,E,0.0005,0.0003,0.0006,58.9120,59.4155,58.8290,0.5865
A5-DC/DL,main_d,vent_area_dc,E,0.0005,0.0003,0.0006,57.8120,58.4487,57.6796,0.7691
A5-DC/DL,fr4_d,vent_area_dc,E,0.0005,0.0003,0.0006,66.3712,69.2921,65.7079,3.5841
A5-DC/DL,cell30,vent_area_dc,E,0.0005,0.0003,0.0006,50.6750,50.7465,50.6530,0.0935
A5-DC/DL,main30,vent_area_dc,E,0.0005,0.0003,0.0006,54.9195,55.2363,54.8273,0.4090
A5-DC/DL,tj_300,vent_area_dc,E,0.0005,0.0003,0.0006,107.0576,107.0598,107.0567,0.0030
A5-DC/DL,tj_180,vent_area_dc,E,0.0005,0.0003,0.0006,95.8368,95.8371,95.8367,0.0005
A5-DC/DL,surf5,vent_area_dc,E,0.0005,0.0003,0.0006,32.2864,32.2866,32.2863,0.0003
A5-DC/DL,case_ss,vent_area_dc,E,0.0005,0.0003,0.0006,105.6945,105.8232,105.6623,0.1608
A5-DC/DL,tj_ss,vent_area_dc,E,0.0005,0.0003,0.0006,125.9480,126.0767,125.9159,0.1608
A5-DC/DL,duty,vent_area_dc,E,0.0005,0.0003,0.0006,0.6027,0.6027,0.6063,0.0035
A5-DC/DL,tj_pk,relay_hold,E,0.4000,0.3000,1.0000,109.8198,109.9952,109.9303,0.0648
A5-DC/DL,case_d,relay_hold,E,0.4000,0.3000,1.0000,87.3661,87.5468,87.4768,0.0700
A5-DC/DL,petg_d,relay_hold,E,0.4000,0.3000,1.0000,60.0871,59.7302,62.4409,2.7107
A5-DC/DL,bay_d,relay_hold,E,0.4000,0.3000,1.0000,61.4275,60.9804,64.3397,3.3593
A5-DC/DL,cell_d,relay_hold,E,0.4000,0.3000,1.0000,58.9120,58.7746,60.0040,1.2295
A5-DC/DL,main_d,relay_hold,E,0.4000,0.3000,1.0000,57.8120,57.6108,59.1925,1.5817
A5-DC/DL,fr4_d,relay_hold,E,0.4000,0.3000,1.0000,66.3712,66.1493,68.1754,2.0262
A5-DC/DL,cell30,relay_hold,E,0.4000,0.3000,1.0000,50.6750,50.5933,51.1593,0.5659
A5-DC/DL,main30,relay_hold,E,0.4000,0.3000,1.0000,54.9195,54.7051,56.1856,1.4806
A5-DC/DL,tj_300,relay_hold,E,0.4000,0.3000,1.0000,107.0576,107.0553,107.0709,0.0156
A5-DC/DL,tj_180,relay_hold,E,0.4000,0.3000,1.0000,95.8368,95.8361,95.8410,0.0048
A5-DC/DL,surf5,relay_hold,E,0.4000,0.3000,1.0000,32.2864,32.2861,32.2880,0.0019
A5-DC/DL,case_ss,relay_hold,E,0.4000,0.3000,1.0000,105.6945,105.6859,105.7449,0.0590
A5-DC/DL,tj_ss,relay_hold,E,0.4000,0.3000,1.0000,125.9480,125.9394,125.9984,0.0590
A5-DC/DL,duty,relay_hold,E,0.4000,0.3000,1.0000,0.6027,0.6063,0.6027,0.0035
A5-DC/DL,tj_pk,k_fr4,E,0.3000,0.2500,0.3500,109.8198,109.8206,109.8192,0.0014
A5-DC/DL,case_d,k_fr4,E,0.3000,0.2500,0.3500,87.3661,87.3670,87.3656,0.0014
A5-DC/DL,petg_d,k_fr4,E,0.3000,0.2500,0.3500,60.0871,60.0857,60.0882,0.0025
A5-DC/DL,bay_d,k_fr4,E,0.3000,0.2500,0.3500,61.4275,61.4254,61.4290,0.0036
A5-DC/DL,cell_d,k_fr4,E,0.3000,0.2500,0.3500,58.9120,58.9117,58.9121,0.0004
A5-DC/DL,main_d,k_fr4,E,0.3000,0.2500,0.3500,57.8120,57.8118,57.8123,0.0005
A5-DC/DL,fr4_d,k_fr4,E,0.3000,0.2500,0.3500,66.3712,66.4247,66.3330,0.0917
A5-DC/DL,cell30,k_fr4,E,0.3000,0.2500,0.3500,50.6750,50.6750,50.6750,0.0000
A5-DC/DL,main30,k_fr4,E,0.3000,0.2500,0.3500,54.9195,54.9193,54.9196,0.0003
A5-DC/DL,tj_300,k_fr4,E,0.3000,0.2500,0.3500,107.0576,107.0574,107.0577,0.0002
A5-DC/DL,tj_180,k_fr4,E,0.3000,0.2500,0.3500,95.8368,95.8368,95.8369,0.0001
A5-DC/DL,surf5,k_fr4,E,0.3000,0.2500,0.3500,32.2864,32.2863,32.2864,0.0000
A5-DC/DL,case_ss,k_fr4,E,0.3000,0.2500,0.3500,105.6945,105.6952,105.6940,0.0012
A5-DC/DL,tj_ss,k_fr4,E,0.3000,0.2500,0.3500,125.9480,125.9487,125.9475,0.0012
A5-DC/DL,duty,k_fr4,E,0.3000,0.2500,0.3500,0.6027,0.6027,0.6027,0.0000
A5-DC/DL,tj_pk,p_lm2940,DD,0.9000,0.6000,1.0000,109.8198,109.9999,109.8245,0.1754
A5-DC/DL,case_d,p_lm2940,DD,0.9000,0.6000,1.0000,87.3661,87.5515,87.3708,0.1807
A5-DC/DL,petg_d,p_lm2940,DD,0.9000,0.6000,1.0000,60.0871,59.2403,60.3819,1.1416
A5-DC/DL,bay_d,p_lm2940,DD,0.9000,0.6000,1.0000,61.4275,61.1052,61.5514,0.4463
A5-DC/DL,cell_d,p_lm2940,DD,0.9000,0.6000,1.0000,58.9120,57.5529,59.3759,1.8230
A5-DC/DL,main_d,p_lm2940,DD,0.9000,0.6000,1.0000,57.8120,56.0646,58.3987,2.3341
A5-DC/DL,fr4_d,p_lm2940,DD,0.9000,0.6000,1.0000,66.3712,66.2260,66.4476,0.2216
A5-DC/DL,cell30,p_lm2940,DD,0.9000,0.6000,1.0000,50.6750,50.0315,50.8881,0.8566
A5-DC/DL,main30,p_lm2940,DD,0.9000,0.6000,1.0000,54.9195,53.2974,55.4550,2.1576
A5-DC/DL,tj_300,p_lm2940,DD,0.9000,0.6000,1.0000,107.0576,107.0573,107.0576,0.0003
A5-DC/DL,tj_180,p_lm2940,DD,0.9000,0.6000,1.0000,95.8368,95.8368,95.8368,0.0001
A5-DC/DL,surf5,p_lm2940,DD,0.9000,0.6000,1.0000,32.2864,32.2863,32.2864,0.0000
A5-DC/DL,case_ss,p_lm2940,DD,0.9000,0.6000,1.0000,105.6945,105.6882,105.6966,0.0084
A5-DC/DL,tj_ss,p_lm2940,DD,0.9000,0.6000,1.0000,125.9480,125.9417,125.9501,0.0084
A5-DC/DL,duty,p_lm2940,DD,0.9000,0.6000,1.0000,0.6027,0.6063,0.6027,0.0035
A5-DC/DL,tj_pk,p_pico,E,0.2000,0.1500,0.3000,109.8198,109.8174,109.8245,0.0070
A5-DC/DL,case_d,p_pico,E,0.2000,0.1500,0.3000,87.3661,87.3638,87.3708,0.0070
A5-DC/DL,petg_d,p_pico,E,0.2000,0.1500,0.3000,60.0871,59.9392,60.3819,0.4427
A5-DC/DL,bay_d,p_pico,E,0.2000,0.1500,0.3000,61.4275,61.3651,61.5514,0.1863
A5-DC/DL,cell_d,p_pico,E,0.2000,0.1500,0.3000,58.9120,58.6791,59.3759,0.6968
A5-DC/DL,main_d,p_pico,E,0.2000,0.1500,0.3000,57.8120,57.5175,58.3987,0.8812
A5-DC/DL,fr4_d,p_pico,E,0.2000,0.1500,0.3000,66.3712,66.3328,66.4476,0.1148
A5-DC/DL,cell30,p_pico,E,0.2000,0.1500,0.3000,50.6750,50.5682,50.8881,0.3199
A5-DC/DL,main30,p_pico,E,0.2000,0.1500,0.3000,54.9195,54.6507,55.4550,0.8043
A5-DC/DL,tj_300,p_pico,E,0.2000,0.1500,0.3000,107.0576,107.0575,107.0576,0.0001
A5-DC/DL,tj_180,p_pico,E,0.2000,0.1500,0.3000,95.8368,95.8368,95.8368,0.0000
A5-DC/DL,surf5,p_pico,E,0.2000,0.1500,0.3000,32.2864,32.2864,32.2864,0.0000
A5-DC/DL,case_ss,p_pico,E,0.2000,0.1500,0.3000,105.6945,105.6935,105.6966,0.0031
A5-DC/DL,tj_ss,p_pico,E,0.2000,0.1500,0.3000,125.9480,125.9470,125.9501,0.0031
A5-DC/DL,duty,p_pico,E,0.2000,0.1500,0.3000,0.6027,0.6027,0.6027,0.0000
A5-DC/DL,tj_pk,c_cell,E,92.0000,85.0000,100.0000,109.8198,109.8198,109.8198,0.0000
A5-DC/DL,case_d,c_cell,E,92.0000,85.0000,100.0000,87.3661,87.3661,87.3661,0.0000
A5-DC/DL,petg_d,c_cell,E,92.0000,85.0000,100.0000,60.0871,60.0871,60.0871,0.0000
A5-DC/DL,bay_d,c_cell,E,92.0000,85.0000,100.0000,61.4275,61.4275,61.4275,0.0000
A5-DC/DL,cell_d,c_cell,E,92.0000,85.0000,100.0000,58.9120,58.9120,58.9120,0.0000
A5-DC/DL,main_d,c_cell,E,92.0000,85.0000,100.0000,57.8120,57.8120,57.8120,0.0000
A5-DC/DL,fr4_d,c_cell,E,92.0000,85.0000,100.0000,66.3712,66.3712,66.3712,0.0000
A5-DC/DL,cell30,c_cell,E,92.0000,85.0000,100.0000,50.6750,50.9798,50.3607,0.6191
A5-DC/DL,main30,c_cell,E,92.0000,85.0000,100.0000,54.9195,54.9689,54.8690,0.0999
A5-DC/DL,tj_300,c_cell,E,92.0000,85.0000,100.0000,107.0576,107.0576,107.0576,0.0000
A5-DC/DL,tj_180,c_cell,E,92.0000,85.0000,100.0000,95.8368,95.8368,95.8368,0.0000
A5-DC/DL,surf5,c_cell,E,92.0000,85.0000,100.0000,32.2864,32.2864,32.2864,0.0000
A5-DC/DL,case_ss,c_cell,E,92.0000,85.0000,100.0000,105.6945,105.6945,105.6945,0.0000
A5-DC/DL,tj_ss,c_cell,E,92.0000,85.0000,100.0000,125.9480,125.9480,125.9480,0.0000
A5-DC/DL,duty,c_cell,E,92.0000,85.0000,100.0000,0.6027,0.6027,0.6027,0.0000
A5-DC/DL,tj_pk,a_guard_end,DD,0.0029,0.0027,0.0032,109.8198,109.8364,109.9985,0.1622
A5-DC/DL,case_d,a_guard_end,DD,0.0029,0.0027,0.0032,87.3661,87.3827,87.5502,0.1676
A5-DC/DL,petg_d,a_guard_end,DD,0.0029,0.0027,0.0032,60.0871,60.0879,60.1328,0.0449
A5-DC/DL,bay_d,a_guard_end,DD,0.0029,0.0027,0.0032,61.4275,61.4286,61.4808,0.0522
A5-DC/DL,cell_d,a_guard_end,DD,0.0029,0.0027,0.0032,58.9120,58.9121,58.9592,0.0471
A5-DC/DL,main_d,a_guard_end,DD,0.0029,0.0027,0.0032,57.8120,57.8122,57.8444,0.0322
A5-DC/DL,fr4_d,a_guard_end,DD,0.0029,0.0027,0.0032,66.3712,66.3767,66.4528,0.0761
A5-DC/DL,cell30,a_guard_end,DD,0.0029,0.0027,0.0032,50.6750,50.6750,50.6750,0.0000
A5-DC/DL,main30,a_guard_end,DD,0.0029,0.0027,0.0032,54.9195,54.9195,54.9194,0.0001
A5-DC/DL,tj_300,a_guard_end,DD,0.0029,0.0027,0.0032,107.0576,107.0621,107.0534,0.0087
A5-DC/DL,tj_180,a_guard_end,DD,0.0029,0.0027,0.0032,95.8368,95.8382,95.8356,0.0026
A5-DC/DL,surf5,a_guard_end,DD,0.0029,0.0027,0.0032,32.2864,32.4410,32.1406,0.3004
A5-DC/DL,case_ss,a_guard_end,DD,0.0029,0.0027,0.0032,105.6945,105.7092,105.6807,0.0284
A5-DC/DL,tj_ss,a_guard_end,DD,0.0029,0.0027,0.0032,125.9480,125.9627,125.9342,0.0284
A5-DC/DL,duty,a_guard_end,DD,0.0029,0.0027,0.0032,0.6027,0.6027,0.6063,0.0035
A5-DC/DL,tj_pk,a_guard_side,DD,0.0057,0.0051,0.0063,109.8198,109.8535,109.9845,0.1310
A5-DC/DL,case_d,a_guard_side,DD,0.0057,0.0051,0.0063,87.3661,87.3997,87.5363,0.1365
A5-DC/DL,petg_d,a_guard_side,DD,0.0057,0.0051,0.0063,60.0871,60.0888,60.1321,0.0433
A5-DC/DL,bay_d,a_guard_side,DD,0.0057,0.0051,0.0063,61.4275,61.4298,61.4798,0.0500
A5-DC/DL,cell_d,a_guard_side,DD,0.0057,0.0051,0.0063,58.9120,58.9122,58.9591,0.0469
A5-DC/DL,main_d,a_guard_side,DD,0.0057,0.0051,0.0063,57.8120,57.8124,57.8442,0.0319
A5-DC/DL,fr4_d,a_guard_side,DD,0.0057,0.0051,0.0063,66.3712,66.3823,66.4481,0.0658
A5-DC/DL,cell30,a_guard_side,DD,0.0057,0.0051,0.0063,50.6750,50.6750,50.6750,0.0001
A5-DC/DL,main30,a_guard_side,DD,0.0057,0.0051,0.0063,54.9195,54.9196,54.9193,0.0003
A5-DC/DL,tj_300,a_guard_side,DD,0.0057,0.0051,0.0063,107.0576,107.0668,107.0496,0.0172
A5-DC/DL,tj_180,a_guard_side,DD,0.0057,0.0051,0.0063,95.8368,95.8396,95.8345,0.0051
A5-DC/DL,surf5,a_guard_side,DD,0.0057,0.0051,0.0063,32.2864,32.5995,32.0075,0.5920
A5-DC/DL,case_ss,a_guard_side,DD,0.0057,0.0051,0.0063,105.6945,105.7242,105.6682,0.0560
A5-DC/DL,tj_ss,a_guard_side,DD,0.0057,0.0051,0.0063,125.9480,125.9777,125.9217,0.0560
A5-DC/DL,duty,a_guard_side,DD,0.0057,0.0051,0.0063,0.6027,0.6027,0.6063,0.0035
A5-DC/DL,tj_pk,guard_solid,E,0.5000,0.4000,0.6500,109.8198,109.9384,109.9069,0.0315
A5-DC/DL,case_d,guard_solid,E,0.5000,0.4000,0.6500,87.3661,87.4843,87.4589,0.0254
A5-DC/DL,petg_d,guard_solid,E,0.5000,0.4000,0.6500,60.0871,60.4290,60.1284,0.3006
A5-DC/DL,bay_d,guard_solid,E,0.5000,0.4000,0.6500,61.4275,61.4359,61.4743,0.0384
A5-DC/DL,cell_d,guard_solid,E,0.5000,0.4000,0.6500,58.9120,58.9129,58.9585,0.0457
A5-DC/DL,main_d,guard_solid,E,0.5000,0.4000,0.6500,57.8120,57.8132,57.8435,0.0303
A5-DC/DL,fr4_d,guard_solid,E,0.5000,0.4000,0.6500,66.3712,66.4104,66.4225,0.0121
A5-DC/DL,cell30,guard_solid,E,0.5000,0.4000,0.6500,50.6750,50.6751,50.6749,0.0002
A5-DC/DL,main30,guard_solid,E,0.5000,0.4000,0.6500,54.9195,54.9200,54.9190,0.0010
A5-DC/DL,tj_300,guard_solid,E,0.5000,0.4000,0.6500,107.0576,107.0905,107.0288,0.0617
A5-DC/DL,tj_180,guard_solid,E,0.5000,0.4000,0.6500,95.8368,95.8467,95.8284,0.0183
A5-DC/DL,surf5,guard_solid,E,0.5000,0.4000,0.6500,32.2864,33.3695,31.2257,2.1439
A5-DC/DL,case_ss,guard_solid,E,0.5000,0.4000,0.6500,105.6945,105.7977,105.5968,0.2008
A5-DC/DL,tj_ss,guard_solid,E,0.5000,0.4000,0.6500,125.9480,126.0512,125.8504,0.2008
A5-DC/DL,duty,guard_solid,E,0.5000,0.4000,0.6500,0.6027,0.6027,0.6063,0.0035
A5-DC/DL,tj_pk,v_g,E,0.4500,0.3000,0.6000,109.8198,109.9970,109.8868,0.1102
A5-DC/DL,case_d,v_g,E,0.4500,0.3000,0.6000,87.3661,87.6222,87.3591,0.2631
A5-DC/DL,petg_d,v_g,E,0.4500,0.3000,0.6000,60.0871,60.2463,60.2808,0.0345
A5-DC/DL,bay_d,v_g,E,0.4500,0.3000,0.6000,61.4275,61.6064,61.3060,0.3004
A5-DC/DL,cell_d,v_g,E,0.4500,0.3000,0.6000,58.9120,59.0973,58.7743,0.3230
A5-DC/DL,main_d,v_g,E,0.4500,0.3000,0.6000,57.8120,57.9367,57.7202,0.2165
A5-DC/DL,fr4_d,v_g,E,0.4500,0.3000,0.6000,66.3712,66.5381,66.3072,0.2309
A5-DC/DL,cell30,v_g,E,0.4500,0.3000,0.6000,50.6750,50.6746,50.6754,0.0008
A5-DC/DL,main30,v_g,E,0.4500,0.3000,0.6000,54.9195,54.9172,54.9220,0.0047
A5-DC/DL,tj_300,v_g,E,0.4500,0.3000,0.6000,107.0576,106.9541,107.1766,0.2225
A5-DC/DL,tj_180,v_g,E,0.4500,0.3000,0.6000,95.8368,95.8071,95.8713,0.0642
A5-DC/DL,surf5,v_g,E,0.4500,0.3000,0.6000,32.2864,31.2164,33.3036,2.0872
A5-DC/DL,case_ss,v_g,E,0.4500,0.3000,0.6000,105.6945,105.2595,106.1887,0.9292
A5-DC/DL,tj_ss,v_g,E,0.4500,0.3000,0.6000,125.9480,125.5130,126.4423,0.9292
A5-DC/DL,duty,v_g,E,0.4500,0.3000,0.6000,0.6027,0.6168,0.5922,0.0246
A5-DC/DL,tj_pk,h_gc,E,5.0000,3.0000,8.0000,109.8198,109.9704,109.9532,0.0172
A5-DC/DL,case_d,h_gc,E,5.0000,3.0000,8.0000,87.3661,87.5506,87.4890,0.0615
A5-DC/DL,petg_d,h_gc,E,5.0000,3.0000,8.0000,60.0871,60.1695,60.0564,0.1131
A5-DC/DL,bay_d,h_gc,E,5.0000,3.0000,8.0000,61.4275,61.5210,61.3959,0.1251
A5-DC/DL,cell_d,h_gc,E,5.0000,3.0000,8.0000,58.9120,59.0051,58.8670,0.1381
A5-DC/DL,main_d,h_gc,E,5.0000,3.0000,8.0000,57.8120,57.8749,57.7827,0.0923
A5-DC/DL,fr4_d,h_gc,E,5.0000,3.0000,8.0000,66.3712,66.4734,66.3914,0.0820
A5-DC/DL,cell30,h_gc,E,5.0000,3.0000,8.0000,50.6750,50.6748,50.6753,0.0005
A5-DC/DL,main30,h_gc,E,5.0000,3.0000,8.0000,54.9195,54.9184,54.9211,0.0027
A5-DC/DL,tj_300,h_gc,E,5.0000,3.0000,8.0000,107.0576,106.9971,107.1541,0.1570
A5-DC/DL,tj_180,h_gc,E,5.0000,3.0000,8.0000,95.8368,95.8176,95.8684,0.0507
A5-DC/DL,surf5,h_gc,E,5.0000,3.0000,8.0000,32.2864,31.8402,32.8691,1.0289
A5-DC/DL,case_ss,h_gc,E,5.0000,3.0000,8.0000,105.6945,105.5525,105.9081,0.3556
A5-DC/DL,tj_ss,h_gc,E,5.0000,3.0000,8.0000,125.9480,125.8060,126.1616,0.3556
A5-DC/DL,duty,h_gc,E,5.0000,3.0000,8.0000,0.6027,0.6098,0.5992,0.0105
A5-DC/DL,tj_pk,a_ef,DD,0.0028,0.0025,0.0031,109.8198,109.8198,109.8198,0.0000
A5-DC/DL,case_d,a_ef,DD,0.0028,0.0025,0.0031,87.3661,87.3661,87.3661,0.0000
A5-DC/DL,petg_d,a_ef,DD,0.0028,0.0025,0.0031,60.0871,60.0871,60.0871,0.0000
A5-DC/DL,bay_d,a_ef,DD,0.0028,0.0025,0.0031,61.4275,61.4275,61.4275,0.0000
A5-DC/DL,cell_d,a_ef,DD,0.0028,0.0025,0.0031,58.9120,58.9120,58.9120,0.0000
A5-DC/DL,main_d,a_ef,DD,0.0028,0.0025,0.0031,57.8120,57.8120,57.8120,0.0000
A5-DC/DL,fr4_d,a_ef,DD,0.0028,0.0025,0.0031,66.3712,66.3712,66.3712,0.0000
A5-DC/DL,cell30,a_ef,DD,0.0028,0.0025,0.0031,50.6750,50.6750,50.6750,0.0000
A5-DC/DL,main30,a_ef,DD,0.0028,0.0025,0.0031,54.9195,54.9195,54.9195,0.0000
A5-DC/DL,tj_300,a_ef,DD,0.0028,0.0025,0.0031,107.0576,107.0576,107.0576,0.0000
A5-DC/DL,tj_180,a_ef,DD,0.0028,0.0025,0.0031,95.8368,95.8368,95.8368,0.0000
A5-DC/DL,surf5,a_ef,DD,0.0028,0.0025,0.0031,32.2864,32.2864,32.2864,0.0000
A5-DC/DL,case_ss,a_ef,DD,0.0028,0.0025,0.0031,105.6945,105.6945,105.6945,0.0000
A5-DC/DL,tj_ss,a_ef,DD,0.0028,0.0025,0.0031,125.9480,125.9480,125.9480,0.0000
A5-DC/DL,duty,a_ef,DD,0.0028,0.0025,0.0031,0.6027,0.6027,0.6027,0.0000
A5-DC/DL,tj_pk,a_ew,DD,0.0029,0.0027,0.0032,109.8198,109.8805,109.9552,0.0747
A5-DC/DL,case_d,a_ew,DD,0.0029,0.0027,0.0032,87.3661,87.4267,87.5070,0.0802
A5-DC/DL,petg_d,a_ew,DD,0.0029,0.0027,0.0032,60.0871,60.0644,60.1542,0.0898
A5-DC/DL,bay_d,a_ew,DD,0.0029,0.0027,0.0032,61.4275,61.3941,61.5121,0.1180
A5-DC/DL,cell_d,a_ew,DD,0.0029,0.0027,0.0032,58.9120,58.9084,58.9626,0.0542
A5-DC/DL,main_d,a_ew,DD,0.0029,0.0027,0.0032,57.8120,57.8075,57.8486,0.0411
A5-DC/DL,fr4_d,a_ew,DD,0.0029,0.0027,0.0032,66.3712,66.7283,66.1541,0.5742
A5-DC/DL,cell30,a_ew,DD,0.0029,0.0027,0.0032,50.6750,50.6765,50.6734,0.0032
A5-DC/DL,main30,a_ew,DD,0.0029,0.0027,0.0032,54.9195,54.9213,54.9174,0.0039
A5-DC/DL,tj_300,a_ew,DD,0.0029,0.0027,0.0032,107.0576,107.0940,107.0218,0.0723
A5-DC/DL,tj_180,a_ew,DD,0.0029,0.0027,0.0032,95.8368,95.8535,95.8203,0.0332
A5-DC/DL,surf5,a_ew,DD,0.0029,0.0027,0.0032,32.2864,32.2927,32.2801,0.0127
A5-DC/DL,case_ss,a_ew,DD,0.0029,0.0027,0.0032,105.6945,105.7371,105.6535,0.0836
A5-DC/DL,tj_ss,a_ew,DD,0.0029,0.0027,0.0032,125.9480,125.9906,125.9070,0.0836
A5-DC/DL,duty,a_ew,DD,0.0029,0.0027,0.0032,0.6027,0.6027,0.6063,0.0035
A5-DC/DL,tj_pk,t_ew_fr4,E,0.0016,0.0008,0.0016,109.8198,109.8179,109.8198,0.0019
A5-DC/DL,case_d,t_ew_fr4,E,0.0016,0.0008,0.0016,87.3661,87.3641,87.3661,0.0020
A5-DC/DL,petg_d,t_ew_fr4,E,0.0016,0.0008,0.0016,60.0871,60.0907,60.0871,0.0036
A5-DC/DL,bay_d,t_ew_fr4,E,0.0016,0.0008,0.0016,61.4275,61.4327,61.4275,0.0053
A5-DC/DL,cell_d,t_ew_fr4,E,0.0016,0.0008,0.0016,58.9120,58.9125,58.9120,0.0006
A5-DC/DL,main_d,t_ew_fr4,E,0.0016,0.0008,0.0016,57.8120,57.8128,57.8120,0.0007
A5-DC/DL,fr4_d,t_ew_fr4,E,0.0016,0.0008,0.0016,66.3712,66.2371,66.3712,0.1341
A5-DC/DL,cell30,t_ew_fr4,E,0.0016,0.0008,0.0016,50.6750,50.6890,50.6750,0.0141
A5-DC/DL,main30,t_ew_fr4,E,0.0016,0.0008,0.0016,54.9195,54.9506,54.9195,0.0312
A5-DC/DL,tj_300,t_ew_fr4,E,0.0016,0.0008,0.0016,107.0576,107.1491,107.0576,0.0916
A5-DC/DL,tj_180,t_ew_fr4,E,0.0016,0.0008,0.0016,95.8368,95.8720,95.8368,0.0352
A5-DC/DL,surf5,t_ew_fr4,E,0.0016,0.0008,0.0016,32.2864,32.3003,32.2864,0.0139
A5-DC/DL,case_ss,t_ew_fr4,E,0.0016,0.0008,0.0016,105.6945,105.6928,105.6945,0.0017
A5-DC/DL,tj_ss,t_ew_fr4,E,0.0016,0.0008,0.0016,125.9480,125.9463,125.9480,0.0017
A5-DC/DL,duty,t_ew_fr4,E,0.0016,0.0008,0.0016,0.6027,0.6027,0.6027,0.0000
A5-DC/DL,tj_pk,a_bw_gross,DD,0.0029,0.0026,0.0032,109.8198,109.8261,109.8136,0.0125
A5-DC/DL,case_d,a_bw_gross,DD,0.0029,0.0026,0.0032,87.3661,87.3725,87.3599,0.0125
A5-DC/DL,petg_d,a_bw_gross,DD,0.0029,0.0026,0.0032,60.0871,60.2012,59.9751,0.2261
A5-DC/DL,bay_d,a_bw_gross,DD,0.0029,0.0026,0.0032,61.4275,61.5946,61.2633,0.3313
A5-DC/DL,cell_d,a_bw_gross,DD,0.0029,0.0026,0.0032,58.9120,58.9298,58.8944,0.0354
A5-DC/DL,main_d,a_bw_gross,DD,0.0029,0.0026,0.0032,57.8120,57.8346,57.7898,0.0448
A5-DC/DL,fr4_d,a_bw_gross,DD,0.0029,0.0026,0.0032,66.3712,66.4742,66.2701,0.2041
A5-DC/DL,cell30,a_bw_gross,DD,0.0029,0.0026,0.0032,50.6750,50.6792,50.6708,0.0083
A5-DC/DL,main30,a_bw_gross,DD,0.0029,0.0026,0.0032,54.9195,54.9348,54.9044,0.0305
A5-DC/DL,tj_300,a_bw_gross,DD,0.0029,0.0026,0.0032,107.0576,107.0578,107.0573,0.0006
A5-DC/DL,tj_180,a_bw_gross,DD,0.0029,0.0026,0.0032,95.8368,95.8369,95.8368,0.0001
A5-DC/DL,surf5,a_bw_gross,DD,0.0029,0.0026,0.0032,32.2864,32.2864,32.2863,0.0001
A5-DC/DL,case_ss,a_bw_gross,DD,0.0029,0.0026,0.0032,105.6945,105.6984,105.6907,0.0078
A5-DC/DL,tj_ss,a_bw_gross,DD,0.0029,0.0026,0.0032,125.9480,125.9519,125.9442,0.0078
A5-DC/DL,duty,a_bw_gross,DD,0.0029,0.0026,0.0032,0.6027,0.6027,0.6027,0.0000
A5-DC/DL,tj_pk,bw_solid,E,0.8000,0.7000,0.9000,109.8198,109.8277,109.8120,0.0157
A5-DC/DL,case_d,bw_solid,E,0.8000,0.7000,0.9000,87.3661,87.3741,87.3584,0.0157
A5-DC/DL,petg_d,bw_solid,E,0.8000,0.7000,0.9000,60.0871,60.2305,59.9470,0.2836
A5-DC/DL,bay_d,bw_solid,E,0.8000,0.7000,0.9000,61.4275,61.6375,61.2220,0.4155
A5-DC/DL,cell_d,bw_solid,E,0.8000,0.7000,0.9000,58.9120,58.9344,58.8900,0.0444
A5-DC/DL,main_d,bw_solid,E,0.8000,0.7000,0.9000,57.8120,57.8405,57.7843,0.0562
A5-DC/DL,fr4_d,bw_solid,E,0.8000,0.7000,0.9000,66.3712,66.5007,66.2447,0.2560
A5-DC/DL,cell30,bw_solid,E,0.8000,0.7000,0.9000,50.6750,50.6803,50.6698,0.0105
A5-DC/DL,main30,bw_solid,E,0.8000,0.7000,0.9000,54.9195,54.9388,54.9006,0.0382
A5-DC/DL,tj_300,bw_solid,E,0.8000,0.7000,0.9000,107.0576,107.0579,107.0572,0.0007
A5-DC/DL,tj_180,bw_solid,E,0.8000,0.7000,0.9000,95.8368,95.8369,95.8367,0.0001
A5-DC/DL,surf5,bw_solid,E,0.8000,0.7000,0.9000,32.2864,32.2864,32.2863,0.0001
A5-DC/DL,case_ss,bw_solid,E,0.8000,0.7000,0.9000,105.6945,105.6994,105.6897,0.0097
A5-DC/DL,tj_ss,bw_solid,E,0.8000,0.7000,0.9000,125.9480,125.9529,125.9432,0.0097
A5-DC/DL,duty,bw_solid,E,0.8000,0.7000,0.9000,0.6027,0.6027,0.6027,0.0000
A5-DC/DL,tj_pk,a_bh,DD,0.0025,0.0022,0.0027,109.8198,109.8208,109.8189,0.0019
A5-DC/DL,case_d,a_bh,DD,0.0025,0.0022,0.0027,87.3661,87.3671,87.3652,0.0019
A5-DC/DL,petg_d,a_bh,DD,0.0025,0.0022,0.0027,60.0871,60.0977,60.0768,0.0209
A5-DC/DL,bay_d,a_bh,DD,0.0025,0.0022,0.0027,61.4275,61.4526,61.4028,0.0498
A5-DC/DL,cell_d,a_bh,DD,0.0025,0.0022,0.0027,58.9120,58.9005,58.9232,0.0227
A5-DC/DL,main_d,a_bh,DD,0.0025,0.0022,0.0027,57.8120,57.7975,57.8262,0.0287
A5-DC/DL,fr4_d,a_bh,DD,0.0025,0.0022,0.0027,66.3712,66.3867,66.3560,0.0307
A5-DC/DL,cell30,a_bh,DD,0.0025,0.0022,0.0027,50.6750,50.6787,50.6712,0.0075
A5-DC/DL,main30,a_bh,DD,0.0025,0.0022,0.0027,54.9195,54.9175,54.9211,0.0036
A5-DC/DL,tj_300,a_bh,DD,0.0025,0.0022,0.0027,107.0576,107.0578,107.0573,0.0005
A5-DC/DL,tj_180,a_bh,DD,0.0025,0.0022,0.0027,95.8368,95.8369,95.8368,0.0001
A5-DC/DL,surf5,a_bh,DD,0.0025,0.0022,0.0027,32.2864,32.2864,32.2863,0.0001
A5-DC/DL,case_ss,a_bh,DD,0.0025,0.0022,0.0027,105.6945,105.6952,105.6938,0.0014
A5-DC/DL,tj_ss,a_bh,DD,0.0025,0.0022,0.0027,125.9480,125.9487,125.9473,0.0014
A5-DC/DL,duty,a_bh,DD,0.0025,0.0022,0.0027,0.6027,0.6027,0.6027,0.0000
A5-DC/DL,tj_pk,t_bh,E,0.0012,0.0010,0.0014,109.8198,109.8197,109.8199,0.0001
A5-DC/DL,case_d,t_bh,E,0.0012,0.0010,0.0014,87.3661,87.3661,87.3662,0.0001
A5-DC/DL,petg_d,t_bh,E,0.0012,0.0010,0.0014,60.0871,60.0772,60.0970,0.0199
A5-DC/DL,bay_d,t_bh,E,0.0012,0.0010,0.0014,61.4275,61.4257,61.4291,0.0034
A5-DC/DL,cell_d,t_bh,E,0.0012,0.0010,0.0014,58.9120,58.9128,58.9112,0.0016
A5-DC/DL,main_d,t_bh,E,0.0012,0.0010,0.0014,57.8120,57.8130,57.8111,0.0020
A5-DC/DL,fr4_d,t_bh,E,0.0012,0.0010,0.0014,66.3712,66.3702,66.3723,0.0021
A5-DC/DL,cell30,t_bh,E,0.0012,0.0010,0.0014,50.6750,50.6882,50.6623,0.0259
A5-DC/DL,main30,t_bh,E,0.0012,0.0010,0.0014,54.9195,54.9435,54.8942,0.0493
A5-DC/DL,tj_300,t_bh,E,0.0012,0.0010,0.0014,107.0576,107.0577,107.0575,0.0002
A5-DC/DL,tj_180,t_bh,E,0.0012,0.0010,0.0014,95.8368,95.8368,95.8368,0.0000
A5-DC/DL,surf5,t_bh,E,0.0012,0.0010,0.0014,32.2864,32.2864,32.2864,0.0000
A5-DC/DL,case_ss,t_bh,E,0.0012,0.0010,0.0014,105.6945,105.6944,105.6945,0.0001
A5-DC/DL,tj_ss,t_bh,E,0.0012,0.0010,0.0014,125.9480,125.9480,125.9481,0.0001
A5-DC/DL,duty,t_bh,E,0.0012,0.0010,0.0014,0.6027,0.6027,0.6027,0.0000
A5-DC/DL,tj_pk,gap_bh,E,0.0030,0.0020,0.0040,109.8198,109.8193,109.8201,0.0008
A5-DC/DL,case_d,gap_bh,E,0.0030,0.0020,0.0040,87.3661,87.3657,87.3665,0.0008
A5-DC/DL,petg_d,gap_bh,E,0.0030,0.0020,0.0040,60.0871,60.0153,60.1373,0.1221
A5-DC/DL,bay_d,gap_bh,E,0.0030,0.0020,0.0040,61.4275,61.4151,61.4361,0.0209
A5-DC/DL,cell_d,gap_bh,E,0.0030,0.0020,0.0040,58.9120,58.9176,58.9080,0.0095
A5-DC/DL,main_d,gap_bh,E,0.0030,0.0020,0.0040,57.8120,57.8192,57.8071,0.0121
A5-DC/DL,fr4_d,gap_bh,E,0.0030,0.0020,0.0040,66.3712,66.3636,66.3765,0.0129
A5-DC/DL,cell30,gap_bh,E,0.0030,0.0020,0.0040,50.6750,50.6770,50.6736,0.0035
A5-DC/DL,main30,gap_bh,E,0.0030,0.0020,0.0040,54.9195,54.9262,54.9148,0.0114
A5-DC/DL,tj_300,gap_bh,E,0.0030,0.0020,0.0040,107.0576,107.0575,107.0576,0.0000
A5-DC/DL,tj_180,gap_bh,E,0.0030,0.0020,0.0040,95.8368,95.8368,95.8368,0.0000
A5-DC/DL,surf5,gap_bh,E,0.0030,0.0020,0.0040,32.2864,32.2864,32.2864,0.0000
A5-DC/DL,case_ss,gap_bh,E,0.0030,0.0020,0.0040,105.6945,105.6942,105.6947,0.0006
A5-DC/DL,tj_ss,gap_bh,E,0.0030,0.0020,0.0040,125.9480,125.9477,125.9482,0.0006
A5-DC/DL,duty,gap_bh,E,0.0030,0.0020,0.0040,0.6027,0.6027,0.6027,0.0000
A5-DC/DL,tj_pk,a_mw,E,0.0262,0.0210,0.0314,109.8198,109.8368,109.8069,0.0299
A5-DC/DL,case_d,a_mw,E,0.0262,0.0210,0.0314,87.3661,87.3832,87.3533,0.0299
A5-DC/DL,petg_d,a_mw,E,0.0262,0.0210,0.0314,60.0871,61.1585,59.2798,1.8787
A5-DC/DL,bay_d,a_mw,E,0.0262,0.0210,0.0314,61.4275,61.8771,61.0868,0.7903
A5-DC/DL,cell_d,a_mw,E,0.0262,0.0210,0.0314,58.9120,60.6317,57.6219,3.0098
A5-DC/DL,main_d,a_mw,E,0.0262,0.0210,0.0314,57.8120,59.9432,56.2040,3.7392
A5-DC/DL,fr4_d,a_mw,E,0.0262,0.0210,0.0314,66.3712,66.6485,66.1615,0.4870
A5-DC/DL,cell30,a_mw,E,0.0262,0.0210,0.0314,50.6750,51.1140,50.3166,0.7974
A5-DC/DL,main30,a_mw,E,0.0262,0.0210,0.0314,54.9195,56.2817,53.8387,2.4430
A5-DC/DL,tj_300,a_mw,E,0.0262,0.0210,0.0314,107.0576,107.0576,107.0575,0.0001
A5-DC/DL,tj_180,a_mw,E,0.0262,0.0210,0.0314,95.8368,95.8368,95.8368,0.0000
A5-DC/DL,surf5,a_mw,E,0.0262,0.0210,0.0314,32.2864,32.2864,32.2864,0.0000
A5-DC/DL,case_ss,a_mw,E,0.0262,0.0210,0.0314,105.6945,105.7042,105.6871,0.0170
A5-DC/DL,tj_ss,a_mw,E,0.0262,0.0210,0.0314,125.9480,125.9577,125.9407,0.0170
A5-DC/DL,duty,a_mw,E,0.0262,0.0210,0.0314,0.6027,0.6027,0.6027,0.0000
A5-DC/DL,tj_pk,eps_out,E,0.9000,0.8500,0.9500,109.8198,109.8585,109.9768,0.1184
A5-DC/DL,case_d,eps_out,E,0.9000,0.8500,0.9500,87.3661,87.4047,87.5285,0.1239
A5-DC/DL,petg_d,eps_out,E,0.9000,0.8500,0.9500,60.0871,60.1821,60.0438,0.1383
A5-DC/DL,bay_d,eps_out,E,0.9000,0.8500,0.9500,61.4275,61.4872,61.4252,0.0620
A5-DC/DL,cell_d,eps_out,E,0.9000,0.8500,0.9500,58.9120,59.0794,58.8017,0.2777
A5-DC/DL,main_d,eps_out,E,0.9000,0.8500,0.9500,57.8120,57.9672,57.6984,0.2688
A5-DC/DL,fr4_d,eps_out,E,0.9000,0.8500,0.9500,66.3712,66.4185,66.4129,0.0056
A5-DC/DL,cell30,eps_out,E,0.9000,0.8500,0.9500,50.6750,50.7069,50.6444,0.0625
A5-DC/DL,main30,eps_out,E,0.9000,0.8500,0.9500,54.9195,54.9967,54.8457,0.1510
A5-DC/DL,tj_300,eps_out,E,0.9000,0.8500,0.9500,107.0576,107.0602,107.0550,0.0052
A5-DC/DL,tj_180,eps_out,E,0.9000,0.8500,0.9500,95.8368,95.8373,95.8363,0.0010
A5-DC/DL,surf5,eps_out,E,0.9000,0.8500,0.9500,32.2864,32.3535,32.2202,0.1333
A5-DC/DL,case_ss,eps_out,E,0.9000,0.8500,0.9500,105.6945,105.7241,105.6660,0.0581
A5-DC/DL,tj_ss,eps_out,E,0.9000,0.8500,0.9500,125.9480,125.9776,125.9195,0.0581
A5-DC/DL,duty,eps_out,E,0.9000,0.8500,0.9500,0.6027,0.6027,0.6063,0.0035
A5-DC/DL,tj_pk,eps_in,E,0.8000,0.7000,0.9000,109.8198,109.8428,109.9932,0.1504
A5-DC/DL,case_d,eps_in,E,0.8000,0.7000,0.9000,87.3661,87.3891,87.5449,0.1558
A5-DC/DL,petg_d,eps_in,E,0.8000,0.7000,0.9000,60.0871,60.3151,59.9407,0.3744
A5-DC/DL,bay_d,eps_in,E,0.8000,0.7000,0.9000,61.4275,61.5802,61.3443,0.2359
A5-DC/DL,cell_d,eps_in,E,0.8000,0.7000,0.9000,58.9120,59.1472,58.7571,0.3901
A5-DC/DL,main_d,eps_in,E,0.8000,0.7000,0.9000,57.8120,58.2487,57.4686,0.7801
A5-DC/DL,fr4_d,eps_in,E,0.8000,0.7000,0.9000,66.3712,66.7449,66.1178,0.6270
A5-DC/DL,cell30,eps_in,E,0.8000,0.7000,0.9000,50.6750,50.7437,50.6149,0.1287
A5-DC/DL,main30,eps_in,E,0.8000,0.7000,0.9000,54.9195,55.2330,54.6475,0.5855
A5-DC/DL,tj_300,eps_in,E,0.8000,0.7000,0.9000,107.0576,107.0554,107.0596,0.0043
A5-DC/DL,tj_180,eps_in,E,0.8000,0.7000,0.9000,95.8368,95.8358,95.8377,0.0019
A5-DC/DL,surf5,eps_in,E,0.8000,0.7000,0.9000,32.2864,32.2860,32.2867,0.0006
A5-DC/DL,case_ss,eps_in,E,0.8000,0.7000,0.9000,105.6945,105.7117,105.6790,0.0327
A5-DC/DL,tj_ss,eps_in,E,0.8000,0.7000,0.9000,125.9480,125.9652,125.9325,0.0327
A5-DC/DL,duty,eps_in,E,0.8000,0.7000,0.9000,0.6027,0.6027,0.6063,0.0035
A5-DC/DL,tj_pk,eps_bh,E,0.8200,0.7500,0.9000,109.8198,109.8199,109.8197,0.0002
A5-DC/DL,case_d,eps_bh,E,0.8200,0.7500,0.9000,87.3661,87.3662,87.3661,0.0002
A5-DC/DL,petg_d,eps_bh,E,0.8200,0.7500,0.9000,60.0871,60.0986,60.0749,0.0237
A5-DC/DL,bay_d,eps_bh,E,0.8200,0.7500,0.9000,61.4275,61.4294,61.4253,0.0041
A5-DC/DL,cell_d,eps_bh,E,0.8200,0.7500,0.9000,58.9120,58.9111,58.9129,0.0019
A5-DC/DL,main_d,eps_bh,E,0.8200,0.7500,0.9000,57.8120,57.8109,57.8133,0.0023
A5-DC/DL,fr4_d,eps_bh,E,0.8200,0.7500,0.9000,66.3712,66.3724,66.3699,0.0025
A5-DC/DL,cell30,eps_bh,E,0.8200,0.7500,0.9000,50.6750,50.6747,50.6753,0.0006
A5-DC/DL,main30,eps_bh,E,0.8200,0.7500,0.9000,54.9195,54.9184,54.9206,0.0021
A5-DC/DL,tj_300,eps_bh,E,0.8200,0.7500,0.9000,107.0576,107.0576,107.0576,0.0000
A5-DC/DL,tj_180,eps_bh,E,0.8200,0.7500,0.9000,95.8368,95.8368,95.8368,0.0000
A5-DC/DL,surf5,eps_bh,E,0.8200,0.7500,0.9000,32.2864,32.2864,32.2864,0.0000
A5-DC/DL,case_ss,eps_bh,E,0.8200,0.7500,0.9000,105.6945,105.6946,105.6944,0.0001
A5-DC/DL,tj_ss,eps_bh,E,0.8200,0.7500,0.9000,125.9480,125.9481,125.9480,0.0001
A5-DC/DL,duty,eps_bh,E,0.8200,0.7500,0.9000,0.6027,0.6027,0.6027,0.0000
A5-DC/DL,tj_pk,k_air,D,0.0280,0.0270,0.0290,109.8198,109.8198,109.8198,0.0001
A5-DC/DL,case_d,k_air,D,0.0280,0.0270,0.0290,87.3661,87.3662,87.3661,0.0001
A5-DC/DL,petg_d,k_air,D,0.0280,0.0270,0.0290,60.0871,60.0936,60.0809,0.0127
A5-DC/DL,bay_d,k_air,D,0.0280,0.0270,0.0290,61.4275,61.4286,61.4264,0.0022
A5-DC/DL,cell_d,k_air,D,0.0280,0.0270,0.0290,58.9120,58.9115,58.9125,0.0010
A5-DC/DL,main_d,k_air,D,0.0280,0.0270,0.0290,57.8120,57.8114,57.8127,0.0013
A5-DC/DL,fr4_d,k_air,D,0.0280,0.0270,0.0290,66.3712,66.3719,66.3706,0.0013
A5-DC/DL,cell30,k_air,D,0.0280,0.0270,0.0290,50.6750,50.6748,50.6752,0.0004
A5-DC/DL,main30,k_air,D,0.0280,0.0270,0.0290,54.9195,54.9189,54.9200,0.0012
A5-DC/DL,tj_300,k_air,D,0.0280,0.0270,0.0290,107.0576,107.0576,107.0576,0.0000
A5-DC/DL,tj_180,k_air,D,0.0280,0.0270,0.0290,95.8368,95.8368,95.8368,0.0000
A5-DC/DL,surf5,k_air,D,0.0280,0.0270,0.0290,32.2864,32.2864,32.2864,0.0000
A5-DC/DL,case_ss,k_air,D,0.0280,0.0270,0.0290,105.6945,105.6945,105.6945,0.0001
A5-DC/DL,tj_ss,k_air,D,0.0280,0.0270,0.0290,125.9480,125.9480,125.9480,0.0001
A5-DC/DL,duty,k_air,D,0.0280,0.0270,0.0290,0.6027,0.6027,0.6027,0.0000
A5-DC/DL,tj_pk,gap_face,E,0.0020,0.0015,0.0030,109.8198,109.8198,109.8198,0.0000
A5-DC/DL,case_d,gap_face,E,0.0020,0.0015,0.0030,87.3661,87.3661,87.3661,0.0000
A5-DC/DL,petg_d,gap_face,E,0.0020,0.0015,0.0030,60.0871,60.0871,60.0871,0.0000
A5-DC/DL,bay_d,gap_face,E,0.0020,0.0015,0.0030,61.4275,61.4275,61.4275,0.0000
A5-DC/DL,cell_d,gap_face,E,0.0020,0.0015,0.0030,58.9120,58.9120,58.9120,0.0000
A5-DC/DL,main_d,gap_face,E,0.0020,0.0015,0.0030,57.8120,57.8120,57.8120,0.0000
A5-DC/DL,fr4_d,gap_face,E,0.0020,0.0015,0.0030,66.3712,66.3712,66.3712,0.0000
A5-DC/DL,cell30,gap_face,E,0.0020,0.0015,0.0030,50.6750,50.6750,50.6750,0.0000
A5-DC/DL,main30,gap_face,E,0.0020,0.0015,0.0030,54.9195,54.9195,54.9195,0.0000
A5-DC/DL,tj_300,gap_face,E,0.0020,0.0015,0.0030,107.0576,107.0576,107.0576,0.0000
A5-DC/DL,tj_180,gap_face,E,0.0020,0.0015,0.0030,95.8368,95.8368,95.8368,0.0000
A5-DC/DL,surf5,gap_face,E,0.0020,0.0015,0.0030,32.2864,32.2864,32.2864,0.0000
A5-DC/DL,case_ss,gap_face,E,0.0020,0.0015,0.0030,105.6945,105.6945,105.6945,0.0000
A5-DC/DL,tj_ss,gap_face,E,0.0020,0.0015,0.0030,125.9480,125.9480,125.9480,0.0000
A5-DC/DL,duty,gap_face,E,0.0020,0.0015,0.0030,0.6027,0.6027,0.6027,0.0000
A5-DC/DL,tj_pk,h_rad_gap,E,7.0000,5.0000,8.0000,109.8198,109.8198,109.8198,0.0000
A5-DC/DL,case_d,h_rad_gap,E,7.0000,5.0000,8.0000,87.3661,87.3661,87.3661,0.0000
A5-DC/DL,petg_d,h_rad_gap,E,7.0000,5.0000,8.0000,60.0871,60.0871,60.0871,0.0000
A5-DC/DL,bay_d,h_rad_gap,E,7.0000,5.0000,8.0000,61.4275,61.4275,61.4275,0.0000
A5-DC/DL,cell_d,h_rad_gap,E,7.0000,5.0000,8.0000,58.9120,58.9120,58.9120,0.0000
A5-DC/DL,main_d,h_rad_gap,E,7.0000,5.0000,8.0000,57.8120,57.8120,57.8120,0.0000
A5-DC/DL,fr4_d,h_rad_gap,E,7.0000,5.0000,8.0000,66.3712,66.3712,66.3712,0.0000
A5-DC/DL,cell30,h_rad_gap,E,7.0000,5.0000,8.0000,50.6750,50.6750,50.6750,0.0000
A5-DC/DL,main30,h_rad_gap,E,7.0000,5.0000,8.0000,54.9195,54.9195,54.9195,0.0000
A5-DC/DL,tj_300,h_rad_gap,E,7.0000,5.0000,8.0000,107.0576,107.0576,107.0576,0.0000
A5-DC/DL,tj_180,h_rad_gap,E,7.0000,5.0000,8.0000,95.8368,95.8368,95.8368,0.0000
A5-DC/DL,surf5,h_rad_gap,E,7.0000,5.0000,8.0000,32.2864,32.2864,32.2864,0.0000
A5-DC/DL,case_ss,h_rad_gap,E,7.0000,5.0000,8.0000,105.6945,105.6945,105.6945,0.0000
A5-DC/DL,tj_ss,h_rad_gap,E,7.0000,5.0000,8.0000,125.9480,125.9480,125.9480,0.0000
A5-DC/DL,duty,h_rad_gap,E,7.0000,5.0000,8.0000,0.6027,0.6027,0.6027,0.0000
A5-DC/DL,tj_pk,a_gap_face,E,0.0004,0.0002,0.0006,109.8198,109.8198,109.8198,0.0000
A5-DC/DL,case_d,a_gap_face,E,0.0004,0.0002,0.0006,87.3661,87.3661,87.3661,0.0000
A5-DC/DL,petg_d,a_gap_face,E,0.0004,0.0002,0.0006,60.0871,60.0871,60.0871,0.0000
A5-DC/DL,bay_d,a_gap_face,E,0.0004,0.0002,0.0006,61.4275,61.4275,61.4275,0.0000
A5-DC/DL,cell_d,a_gap_face,E,0.0004,0.0002,0.0006,58.9120,58.9120,58.9120,0.0000
A5-DC/DL,main_d,a_gap_face,E,0.0004,0.0002,0.0006,57.8120,57.8120,57.8120,0.0000
A5-DC/DL,fr4_d,a_gap_face,E,0.0004,0.0002,0.0006,66.3712,66.3712,66.3712,0.0000
A5-DC/DL,cell30,a_gap_face,E,0.0004,0.0002,0.0006,50.6750,50.6750,50.6750,0.0000
A5-DC/DL,main30,a_gap_face,E,0.0004,0.0002,0.0006,54.9195,54.9195,54.9195,0.0000
A5-DC/DL,tj_300,a_gap_face,E,0.0004,0.0002,0.0006,107.0576,107.0576,107.0576,0.0000
A5-DC/DL,tj_180,a_gap_face,E,0.0004,0.0002,0.0006,95.8368,95.8368,95.8368,0.0000
A5-DC/DL,surf5,a_gap_face,E,0.0004,0.0002,0.0006,32.2864,32.2864,32.2864,0.0000
A5-DC/DL,case_ss,a_gap_face,E,0.0004,0.0002,0.0006,105.6945,105.6945,105.6945,0.0000
A5-DC/DL,tj_ss,a_gap_face,E,0.0004,0.0002,0.0006,125.9480,125.9480,125.9480,0.0000
A5-DC/DL,duty,a_gap_face,E,0.0004,0.0002,0.0006,0.6027,0.6027,0.6027,0.0000
A5-DC/DL,tj_pk,rad_f_ef,E,0.3000,0.2000,0.4500,109.8198,109.8198,109.8198,0.0000
A5-DC/DL,case_d,rad_f_ef,E,0.3000,0.2000,0.4500,87.3661,87.3661,87.3661,0.0000
A5-DC/DL,petg_d,rad_f_ef,E,0.3000,0.2000,0.4500,60.0871,60.0871,60.0871,0.0000
A5-DC/DL,bay_d,rad_f_ef,E,0.3000,0.2000,0.4500,61.4275,61.4275,61.4275,0.0000
A5-DC/DL,cell_d,rad_f_ef,E,0.3000,0.2000,0.4500,58.9120,58.9120,58.9120,0.0000
A5-DC/DL,main_d,rad_f_ef,E,0.3000,0.2000,0.4500,57.8120,57.8120,57.8120,0.0000
A5-DC/DL,fr4_d,rad_f_ef,E,0.3000,0.2000,0.4500,66.3712,66.3712,66.3712,0.0000
A5-DC/DL,cell30,rad_f_ef,E,0.3000,0.2000,0.4500,50.6750,50.6750,50.6750,0.0000
A5-DC/DL,main30,rad_f_ef,E,0.3000,0.2000,0.4500,54.9195,54.9195,54.9195,0.0000
A5-DC/DL,tj_300,rad_f_ef,E,0.3000,0.2000,0.4500,107.0576,107.0576,107.0576,0.0000
A5-DC/DL,tj_180,rad_f_ef,E,0.3000,0.2000,0.4500,95.8368,95.8368,95.8368,0.0000
A5-DC/DL,surf5,rad_f_ef,E,0.3000,0.2000,0.4500,32.2864,32.2864,32.2864,0.0000
A5-DC/DL,case_ss,rad_f_ef,E,0.3000,0.2000,0.4500,105.6945,105.6945,105.6945,0.0000
A5-DC/DL,tj_ss,rad_f_ef,E,0.3000,0.2000,0.4500,125.9480,125.9480,125.9480,0.0000
A5-DC/DL,duty,rad_f_ef,E,0.3000,0.2000,0.4500,0.6027,0.6027,0.6027,0.0000
A5-DC/DL,tj_pk,rad_f_bh,E,0.4000,0.2500,0.5000,109.8198,109.8198,109.8198,0.0000
A5-DC/DL,case_d,rad_f_bh,E,0.4000,0.2500,0.5000,87.3661,87.3661,87.3661,0.0000
A5-DC/DL,petg_d,rad_f_bh,E,0.4000,0.2500,0.5000,60.0871,60.0871,60.0871,0.0000
A5-DC/DL,bay_d,rad_f_bh,E,0.4000,0.2500,0.5000,61.4275,61.4275,61.4275,0.0000
A5-DC/DL,cell_d,rad_f_bh,E,0.4000,0.2500,0.5000,58.9120,58.9120,58.9120,0.0000
A5-DC/DL,main_d,rad_f_bh,E,0.4000,0.2500,0.5000,57.8120,57.8120,57.8120,0.0000
A5-DC/DL,fr4_d,rad_f_bh,E,0.4000,0.2500,0.5000,66.3712,66.3712,66.3712,0.0000
A5-DC/DL,cell30,rad_f_bh,E,0.4000,0.2500,0.5000,50.6750,50.6750,50.6750,0.0000
A5-DC/DL,main30,rad_f_bh,E,0.4000,0.2500,0.5000,54.9195,54.9195,54.9195,0.0000
A5-DC/DL,tj_300,rad_f_bh,E,0.4000,0.2500,0.5000,107.0576,107.0576,107.0576,0.0000
A5-DC/DL,tj_180,rad_f_bh,E,0.4000,0.2500,0.5000,95.8368,95.8368,95.8368,0.0000
A5-DC/DL,surf5,rad_f_bh,E,0.4000,0.2500,0.5000,32.2864,32.2864,32.2864,0.0000
A5-DC/DL,case_ss,rad_f_bh,E,0.4000,0.2500,0.5000,105.6945,105.6945,105.6945,0.0000
A5-DC/DL,tj_ss,rad_f_bh,E,0.4000,0.2500,0.5000,125.9480,125.9480,125.9480,0.0000
A5-DC/DL,duty,rad_f_bh,E,0.4000,0.2500,0.5000,0.6027,0.6027,0.6027,0.0000
A5-DC/DL,tj_pk,o3_rad_amb,E,0.3000,0.2000,0.4000,109.8198,109.9408,109.8957,0.0452
A5-DC/DL,case_d,o3_rad_amb,E,0.3000,0.2000,0.4000,87.3661,87.4869,87.4476,0.0393
A5-DC/DL,petg_d,o3_rad_amb,E,0.3000,0.2000,0.4000,60.0871,60.1539,60.0644,0.0895
A5-DC/DL,bay_d,o3_rad_amb,E,0.3000,0.2000,0.4000,61.4275,61.5252,61.3806,0.1447
A5-DC/DL,cell_d,o3_rad_amb,E,0.3000,0.2000,0.4000,58.9120,58.9224,58.9485,0.0261
A5-DC/DL,main_d,o3_rad_amb,E,0.3000,0.2000,0.4000,57.8120,57.8253,57.8308,0.0056
A5-DC/DL,fr4_d,o3_rad_amb,E,0.3000,0.2000,0.4000,66.3712,66.8260,65.9857,0.8404
A5-DC/DL,cell30,o3_rad_amb,E,0.3000,0.2000,0.4000,50.6750,50.6773,50.6726,0.0046
A5-DC/DL,main30,o3_rad_amb,E,0.3000,0.2000,0.4000,54.9195,54.9285,54.9101,0.0184
A5-DC/DL,tj_300,o3_rad_amb,E,0.3000,0.2000,0.4000,107.0576,107.0749,107.0409,0.0340
A5-DC/DL,tj_180,o3_rad_amb,E,0.3000,0.2000,0.4000,95.8368,95.8418,95.8321,0.0097
A5-DC/DL,surf5,o3_rad_amb,E,0.3000,0.2000,0.4000,32.2864,32.2888,32.2841,0.0047
A5-DC/DL,case_ss,o3_rad_amb,E,0.3000,0.2000,0.4000,105.6945,105.7883,105.6033,0.1850
A5-DC/DL,tj_ss,o3_rad_amb,E,0.3000,0.2000,0.4000,125.9480,126.0418,125.8568,0.1850
A5-DC/DL,duty,o3_rad_amb,E,0.3000,0.2000,0.4000,0.6027,0.6027,0.6063,0.0035
A5-DC/DL,tj_pk,o3_rad_guard,E,0.2000,0.1000,0.3000,109.8198,109.9386,109.9028,0.0359
A5-DC/DL,case_d,o3_rad_guard,E,0.2000,0.1000,0.3000,87.3661,87.5191,87.4383,0.0808
A5-DC/DL,petg_d,o3_rad_guard,E,0.2000,0.1000,0.3000,60.0871,60.2286,59.9901,0.2384
A5-DC/DL,bay_d,o3_rad_guard,E,0.2000,0.1000,0.3000,61.4275,61.6075,61.2989,0.3087
A5-DC/DL,cell_d,o3_rad_guard,E,0.2000,0.1000,0.3000,58.9120,59.0143,58.8566,0.1577
A5-DC/DL,main_d,o3_rad_guard,E,0.2000,0.1000,0.3000,57.8120,57.8866,57.7695,0.1171
A5-DC/DL,fr4_d,o3_rad_guard,E,0.2000,0.1000,0.3000,66.3712,66.8764,65.9396,0.9367
A5-DC/DL,cell30,o3_rad_guard,E,0.2000,0.1000,0.3000,50.6750,50.6770,50.6729,0.0041
A5-DC/DL,main30,o3_rad_guard,E,0.2000,0.1000,0.3000,54.9195,54.9269,54.9117,0.0153
A5-DC/DL,tj_300,o3_rad_guard,E,0.2000,0.1000,0.3000,107.0576,107.0041,107.1186,0.1144
A5-DC/DL,tj_180,o3_rad_guard,E,0.2000,0.1000,0.3000,95.8368,95.8214,95.8545,0.0331
A5-DC/DL,surf5,o3_rad_guard,E,0.2000,0.1000,0.3000,32.2864,31.5814,32.9675,1.3861
A5-DC/DL,case_ss,o3_rad_guard,E,0.2000,0.1000,0.3000,105.6945,105.4896,105.9242,0.4347
A5-DC/DL,tj_ss,o3_rad_guard,E,0.2000,0.1000,0.3000,125.9480,125.7431,126.1777,0.4347
A5-DC/DL,duty,o3_rad_guard,E,0.2000,0.1000,0.3000,0.6027,0.6098,0.5992,0.0105
A5-DC/DL,tj_pk,h_gapc,E,3.0000,1.5000,5.0000,109.8198,109.8482,109.8928,0.0446
A5-DC/DL,case_d,h_gapc,E,3.0000,1.5000,5.0000,87.3661,87.3845,87.4727,0.0883
A5-DC/DL,petg_d,h_gapc,E,3.0000,1.5000,5.0000,60.0871,60.0800,60.1351,0.0551
A5-DC/DL,bay_d,h_gapc,E,3.0000,1.5000,5.0000,61.4275,61.4306,61.4705,0.0400
A5-DC/DL,cell_d,h_gapc,E,3.0000,1.5000,5.0000,58.9120,58.8707,58.9997,0.1290
A5-DC/DL,main_d,h_gapc,E,3.0000,1.5000,5.0000,57.8120,57.7873,57.8681,0.0808
A5-DC/DL,fr4_d,h_gapc,E,3.0000,1.5000,5.0000,66.3712,66.5097,66.2942,0.2155
A5-DC/DL,cell30,h_gapc,E,3.0000,1.5000,5.0000,50.6750,50.6723,50.6777,0.0055
A5-DC/DL,main30,h_gapc,E,3.0000,1.5000,5.0000,54.9195,54.9139,54.9241,0.0101
A5-DC/DL,tj_300,h_gapc,E,3.0000,1.5000,5.0000,107.0576,107.1974,106.8789,0.3185
A5-DC/DL,tj_180,h_gapc,E,3.0000,1.5000,5.0000,95.8368,95.9070,95.7459,0.1611
A5-DC/DL,surf5,h_gapc,E,3.0000,1.5000,5.0000,32.2864,32.3124,32.2530,0.0594
A5-DC/DL,case_ss,h_gapc,E,3.0000,1.5000,5.0000,105.6945,105.8395,105.5007,0.3388
A5-DC/DL,tj_ss,h_gapc,E,3.0000,1.5000,5.0000,125.9480,126.0930,125.7543,0.3388
A5-DC/DL,duty,h_gapc,E,3.0000,1.5000,5.0000,0.6027,0.5992,0.6098,0.0105
A5-DC/DL,tj_pk,gap_share,E,0.5000,0.3000,0.7000,109.8198,109.9951,109.8389,0.1562
A5-DC/DL,case_d,gap_share,E,0.5000,0.3000,0.7000,87.3661,87.5412,87.3907,0.1505
A5-DC/DL,petg_d,gap_share,E,0.5000,0.3000,0.7000,60.0871,60.1180,60.1058,0.0123
A5-DC/DL,bay_d,gap_share,E,0.5000,0.3000,0.7000,61.4275,61.4727,61.4412,0.0315
A5-DC/DL,cell_d,gap_share,E,0.5000,0.3000,0.7000,58.9120,58.9168,58.9550,0.0382
A5-DC/DL,main_d,gap_share,E,0.5000,0.3000,0.7000,57.8120,57.8182,57.8390,0.0209
A5-DC/DL,fr4_d,gap_share,E,0.5000,0.3000,0.7000,66.3712,66.5477,66.3020,0.2457
A5-DC/DL,cell30,gap_share,E,0.5000,0.3000,0.7000,50.6750,50.6729,50.6767,0.0039
A5-DC/DL,main30,gap_share,E,0.5000,0.3000,0.7000,54.9195,54.9152,54.9225,0.0073
A5-DC/DL,tj_300,gap_share,E,0.5000,0.3000,0.7000,107.0576,107.1690,106.9493,0.2197
A5-DC/DL,tj_180,gap_share,E,0.5000,0.3000,0.7000,95.8368,95.8928,95.7819,0.1109
A5-DC/DL,surf5,gap_share,E,0.5000,0.3000,0.7000,32.2864,32.3071,32.2661,0.0410
A5-DC/DL,case_ss,gap_share,E,0.5000,0.3000,0.7000,105.6945,105.8106,105.5783,0.2323
A5-DC/DL,tj_ss,gap_share,E,0.5000,0.3000,0.7000,125.9480,126.0641,125.8318,0.2323
A5-DC/DL,duty,gap_share,E,0.5000,0.3000,0.7000,0.6027,0.6027,0.6063,0.0035
A5-DC/DL,tj_pk,g_case_air,E,0.0030,0.0010,0.0060,109.8198,109.8125,109.9442,0.1317
A5-DC/DL,case_d,g_case_air,E,0.0030,0.0010,0.0060,87.3661,87.3467,87.5271,0.1804
A5-DC/DL,petg_d,g_case_air,E,0.0030,0.0010,0.0060,60.0871,59.8702,60.4038,0.5336
A5-DC/DL,bay_d,g_case_air,E,0.0030,0.0010,0.0060,61.4275,61.1230,61.8642,0.7412
A5-DC/DL,cell_d,g_case_air,E,0.0030,0.0010,0.0060,58.9120,58.8378,59.0418,0.2039
A5-DC/DL,main_d,g_case_air,E,0.0030,0.0010,0.0060,57.8120,57.7457,57.9213,0.1756
A5-DC/DL,fr4_d,g_case_air,E,0.0030,0.0010,0.0060,66.3712,65.1201,68.0701,2.9499
A5-DC/DL,cell30,g_case_air,E,0.0030,0.0010,0.0060,50.6750,50.6683,50.6840,0.0158
A5-DC/DL,main30,g_case_air,E,0.0030,0.0010,0.0060,54.9195,54.8940,54.9528,0.0588
A5-DC/DL,tj_300,g_case_air,E,0.0030,0.0010,0.0060,107.0576,107.2449,106.7935,0.4514
A5-DC/DL,tj_180,g_case_air,E,0.0030,0.0010,0.0060,95.8368,95.9482,95.6768,0.2714
A5-DC/DL,surf5,g_case_air,E,0.0030,0.0010,0.0060,32.2864,32.3162,32.2438,0.0724
A5-DC/DL,case_ss,g_case_air,E,0.0030,0.0010,0.0060,105.6945,105.8340,105.5098,0.3242
A5-DC/DL,tj_ss,g_case_air,E,0.0030,0.0010,0.0060,125.9480,126.0876,125.7633,0.3242
A5-DC/DL,duty,g_case_air,E,0.0030,0.0010,0.0060,0.6027,0.5992,0.6098,0.0105
A5-DC/DL,tj_pk,cd_vent,E,0.6000,0.4000,0.7000,109.8198,109.9285,109.9738,0.0453
A5-DC/DL,case_d,cd_vent,E,0.6000,0.4000,0.7000,87.3661,87.4748,87.5255,0.0506
A5-DC/DL,petg_d,cd_vent,E,0.6000,0.4000,0.7000,60.0871,62.1848,59.3422,2.8426
A5-DC/DL,bay_d,cd_vent,E,0.6000,0.4000,0.7000,61.4275,64.2875,60.4138,3.8737
A5-DC/DL,cell_d,cd_vent,E,0.6000,0.4000,0.7000,58.9120,59.5215,58.7100,0.8115
A5-DC/DL,main_d,cd_vent,E,0.6000,0.4000,0.7000,57.8120,58.5827,57.5291,1.0536
A5-DC/DL,fr4_d,cd_vent,E,0.6000,0.4000,0.7000,66.3712,68.1429,65.8012,2.3417
A5-DC/DL,cell30,cd_vent,E,0.6000,0.4000,0.7000,50.6750,50.7769,50.6292,0.1477
A5-DC/DL,main30,cd_vent,E,0.6000,0.4000,0.7000,54.9195,55.3193,54.7459,0.5734
A5-DC/DL,tj_300,cd_vent,E,0.6000,0.4000,0.7000,107.0576,107.0590,107.0569,0.0021
A5-DC/DL,tj_180,cd_vent,E,0.6000,0.4000,0.7000,95.8368,95.8370,95.8367,0.0003
A5-DC/DL,surf5,cd_vent,E,0.6000,0.4000,0.7000,32.2864,32.2865,32.2863,0.0002
A5-DC/DL,case_ss,cd_vent,E,0.6000,0.4000,0.7000,105.6945,105.7717,105.6664,0.1053
A5-DC/DL,tj_ss,cd_vent,E,0.6000,0.4000,0.7000,125.9480,126.0252,125.9199,0.1053
A5-DC/DL,duty,cd_vent,E,0.6000,0.4000,0.7000,0.6027,0.6027,0.6063,0.0035
A5-DC/DL,tj_pk,h_stack_bay,E,0.0350,0.0250,0.0450,109.8198,109.8630,109.9822,0.1192
A5-DC/DL,case_d,h_stack_bay,E,0.0350,0.0250,0.0450,87.3661,87.4094,87.5339,0.1245
A5-DC/DL,petg_d,h_stack_bay,E,0.0350,0.0250,0.0450,60.0871,60.8665,59.5581,1.3085
A5-DC/DL,bay_d,h_stack_bay,E,0.0350,0.0250,0.0450,61.4275,62.5681,60.6379,1.9303
A5-DC/DL,cell_d,h_stack_bay,E,0.0350,0.0250,0.0450,58.9120,59.0340,58.8691,0.1649
A5-DC/DL,main_d,h_stack_bay,E,0.0350,0.0250,0.0450,57.8120,57.9664,57.7304,0.2359
A5-DC/DL,fr4_d,h_stack_bay,E,0.0350,0.0250,0.0450,66.3712,67.0755,65.9388,1.1368
A5-DC/DL,cell30,h_stack_bay,E,0.0350,0.0250,0.0450,50.6750,50.6942,50.6599,0.0343
A5-DC/DL,main30,h_stack_bay,E,0.0350,0.0250,0.0450,54.9195,55.0021,54.8562,0.1460
A5-DC/DL,tj_300,h_stack_bay,E,0.0350,0.0250,0.0450,107.0576,107.0582,107.0570,0.0012
A5-DC/DL,tj_180,h_stack_bay,E,0.0350,0.0250,0.0450,95.8368,95.8369,95.8367,0.0002
A5-DC/DL,surf5,h_stack_bay,E,0.0350,0.0250,0.0450,32.2864,32.2864,32.2863,0.0001
A5-DC/DL,case_ss,h_stack_bay,E,0.0350,0.0250,0.0450,105.6945,105.7251,105.6722,0.0529
A5-DC/DL,tj_ss,h_stack_bay,E,0.0350,0.0250,0.0450,125.9480,125.9786,125.9257,0.0529
A5-DC/DL,duty,h_stack_bay,E,0.0350,0.0250,0.0450,0.6027,0.6027,0.6063,0.0035
A5-DC/DL,tj_pk,h_stack_main,E,0.0300,0.0200,0.0400,109.8198,109.8214,109.8185,0.0030
A5-DC/DL,case_d,h_stack_main,E,0.0300,0.0200,0.0400,87.3661,87.3678,87.3648,0.0030
A5-DC/DL,petg_d,h_stack_main,E,0.0300,0.0200,0.0400,60.0871,60.1900,60.0040,0.1860
A5-DC/DL,bay_d,h_stack_main,E,0.0300,0.0200,0.0400,61.4275,61.4707,61.3924,0.0783
A5-DC/DL,cell_d,h_stack_main,E,0.0300,0.0200,0.0400,58.9120,59.0739,58.7810,0.2928
A5-DC/DL,main_d,h_stack_main,E,0.0300,0.0200,0.0400,57.8120,58.0168,57.6464,0.3704
A5-DC/DL,fr4_d,h_stack_main,E,0.0300,0.0200,0.0400,66.3712,66.3979,66.3496,0.0483
A5-DC/DL,cell30,h_stack_main,E,0.0300,0.0200,0.0400,50.6750,50.7058,50.6495,0.0563
A5-DC/DL,main30,h_stack_main,E,0.0300,0.0200,0.0400,54.9195,55.0289,54.8295,0.1994
A5-DC/DL,tj_300,h_stack_main,E,0.0300,0.0200,0.0400,107.0576,107.0576,107.0576,0.0000
A5-DC/DL,tj_180,h_stack_main,E,0.0300,0.0200,0.0400,95.8368,95.8368,95.8368,0.0000
A5-DC/DL,surf5,h_stack_main,E,0.0300,0.0200,0.0400,32.2864,32.2864,32.2864,0.0000
A5-DC/DL,case_ss,h_stack_main,E,0.0300,0.0200,0.0400,105.6945,105.6955,105.6937,0.0019
A5-DC/DL,tj_ss,h_stack_main,E,0.0300,0.0200,0.0400,125.9480,125.9491,125.9472,0.0019
A5-DC/DL,duty,h_stack_main,E,0.0300,0.0200,0.0400,0.6027,0.6027,0.6027,0.0000
A5-DC/DL,tj_pk,rho_air,D,1.1000,1.0700,1.1300,109.8198,109.8271,109.8127,0.0144
A5-DC/DL,case_d,rho_air,D,1.1000,1.0700,1.1300,87.3661,87.3734,87.3591,0.0144
A5-DC/DL,petg_d,rho_air,D,1.1000,1.0700,1.1300,60.0871,60.2295,59.9488,0.2807
A5-DC/DL,bay_d,rho_air,D,1.1000,1.0700,1.1300,61.4275,61.6204,61.2403,0.3801
A5-DC/DL,cell_d,rho_air,D,1.1000,1.0700,1.1300,58.9120,58.9556,58.8692,0.0863
A5-DC/DL,main_d,rho_air,D,1.1000,1.0700,1.1300,57.8120,57.8672,57.7580,0.1092
A5-DC/DL,fr4_d,rho_air,D,1.1000,1.0700,1.1300,66.3712,66.4901,66.2559,0.2342
A5-DC/DL,cell30,rho_air,D,1.1000,1.0700,1.1300,50.6750,50.6828,50.6673,0.0155
A5-DC/DL,main30,rho_air,D,1.1000,1.0700,1.1300,54.9195,54.9493,54.8900,0.0593
A5-DC/DL,tj_300,rho_air,D,1.1000,1.0700,1.1300,107.0576,107.0577,107.0574,0.0002
A5-DC/DL,tj_180,rho_air,D,1.1000,1.0700,1.1300,95.8368,95.8368,95.8368,0.0000
A5-DC/DL,surf5,rho_air,D,1.1000,1.0700,1.1300,32.2864,32.2864,32.2863,0.0000
A5-DC/DL,case_ss,rho_air,D,1.1000,1.0700,1.1300,105.6945,105.6996,105.6895,0.0101
A5-DC/DL,tj_ss,rho_air,D,1.1000,1.0700,1.1300,125.9480,125.9531,125.9430,0.0101
A5-DC/DL,duty,rho_air,D,1.1000,1.0700,1.1300,0.6027,0.6027,0.6027,0.0000
A5-DC/DL,tj_pk,cp_air,D,1007.0000,1005.0000,1009.0000,109.8198,109.8203,109.8193,0.0010
A5-DC/DL,case_d,cp_air,D,1007.0000,1005.0000,1009.0000,87.3661,87.3667,87.3656,0.0010
A5-DC/DL,petg_d,cp_air,D,1007.0000,1005.0000,1009.0000,60.0871,60.0974,60.0769,0.0204
A5-DC/DL,bay_d,cp_air,D,1007.0000,1005.0000,1009.0000,61.4275,61.4413,61.4136,0.0277
A5-DC/DL,cell_d,cp_air,D,1007.0000,1005.0000,1009.0000,58.9120,58.9151,58.9088,0.0063
A5-DC/DL,main_d,cp_air,D,1007.0000,1005.0000,1009.0000,57.8120,57.8160,57.8081,0.0080
A5-DC/DL,fr4_d,cp_air,D,1007.0000,1005.0000,1009.0000,66.3712,66.3797,66.3627,0.0171
A5-DC/DL,cell30,cp_air,D,1007.0000,1005.0000,1009.0000,50.6750,50.6755,50.6744,0.0011
A5-DC/DL,main30,cp_air,D,1007.0000,1005.0000,1009.0000,54.9195,54.9216,54.9173,0.0043
A5-DC/DL,tj_300,cp_air,D,1007.0000,1005.0000,1009.0000,107.0576,107.0576,107.0575,0.0000
A5-DC/DL,tj_180,cp_air,D,1007.0000,1005.0000,1009.0000,95.8368,95.8368,95.8368,0.0000
A5-DC/DL,surf5,cp_air,D,1007.0000,1005.0000,1009.0000,32.2864,32.2864,32.2864,0.0000
A5-DC/DL,case_ss,cp_air,D,1007.0000,1005.0000,1009.0000,105.6945,105.6949,105.6941,0.0007
A5-DC/DL,tj_ss,cp_air,D,1007.0000,1005.0000,1009.0000,125.9480,125.9484,125.9476,0.0007
A5-DC/DL,duty,cp_air,D,1007.0000,1005.0000,1009.0000,0.6027,0.6027,0.6027,0.0000
A5-DC/DL,tj_pk,cp_al,D,896.0000,880.0000,910.0000,109.8198,109.8219,109.8180,0.0040
A5-DC/DL,case_d,cp_al,D,896.0000,880.0000,910.0000,87.3661,87.3661,87.3661,0.0000
A5-DC/DL,petg_d,cp_al,D,896.0000,880.0000,910.0000,60.0871,60.0871,60.0871,0.0000
A5-DC/DL,bay_d,cp_al,D,896.0000,880.0000,910.0000,61.4275,61.4275,61.4275,0.0000
A5-DC/DL,cell_d,cp_al,D,896.0000,880.0000,910.0000,58.9120,58.9120,58.9120,0.0000
A5-DC/DL,main_d,cp_al,D,896.0000,880.0000,910.0000,57.8120,57.8120,57.8120,0.0000
A5-DC/DL,fr4_d,cp_al,D,896.0000,880.0000,910.0000,66.3712,66.3712,66.3712,0.0000
A5-DC/DL,cell30,cp_al,D,896.0000,880.0000,910.0000,50.6750,50.6753,50.6747,0.0006
A5-DC/DL,main30,cp_al,D,896.0000,880.0000,910.0000,54.9195,54.9203,54.9187,0.0015
A5-DC/DL,tj_300,cp_al,D,896.0000,880.0000,910.0000,107.0576,107.4315,106.7351,0.6964
A5-DC/DL,tj_180,cp_al,D,896.0000,880.0000,910.0000,95.8368,96.1708,95.5510,0.6198
A5-DC/DL,surf5,cp_al,D,896.0000,880.0000,910.0000,32.2864,32.3831,32.2036,0.1795
A5-DC/DL,case_ss,cp_al,D,896.0000,880.0000,910.0000,105.6945,105.6945,105.6945,0.0000
A5-DC/DL,tj_ss,cp_al,D,896.0000,880.0000,910.0000,125.9480,125.9480,125.9480,0.0000
A5-DC/DL,duty,cp_al,D,896.0000,880.0000,910.0000,0.6027,0.6027,0.6027,0.0000
A5-DC/DL,tj_pk,rho_petg,E,1270.0000,1230.0000,1290.0000,109.8198,109.8198,109.8198,0.0000
A5-DC/DL,case_d,rho_petg,E,1270.0000,1230.0000,1290.0000,87.3661,87.3661,87.3661,0.0000
A5-DC/DL,petg_d,rho_petg,E,1270.0000,1230.0000,1290.0000,60.0871,60.0871,60.0871,0.0000
A5-DC/DL,bay_d,rho_petg,E,1270.0000,1230.0000,1290.0000,61.4275,61.4275,61.4275,0.0000
A5-DC/DL,cell_d,rho_petg,E,1270.0000,1230.0000,1290.0000,58.9120,58.9120,58.9120,0.0000
A5-DC/DL,main_d,rho_petg,E,1270.0000,1230.0000,1290.0000,57.8120,57.8120,57.8120,0.0000
A5-DC/DL,fr4_d,rho_petg,E,1270.0000,1230.0000,1290.0000,66.3712,66.3712,66.3712,0.0000
A5-DC/DL,cell30,rho_petg,E,1270.0000,1230.0000,1290.0000,50.6750,50.6863,50.6694,0.0169
A5-DC/DL,main30,rho_petg,E,1270.0000,1230.0000,1290.0000,54.9195,54.9341,54.9121,0.0219
A5-DC/DL,tj_300,rho_petg,E,1270.0000,1230.0000,1290.0000,107.0576,107.0643,107.0543,0.0101
A5-DC/DL,tj_180,rho_petg,E,1270.0000,1230.0000,1290.0000,95.8368,95.8392,95.8356,0.0036
A5-DC/DL,surf5,rho_petg,E,1270.0000,1230.0000,1290.0000,32.2864,32.4075,32.2270,0.1805
A5-DC/DL,case_ss,rho_petg,E,1270.0000,1230.0000,1290.0000,105.6945,105.6945,105.6945,0.0000
A5-DC/DL,tj_ss,rho_petg,E,1270.0000,1230.0000,1290.0000,125.9480,125.9480,125.9480,0.0000
A5-DC/DL,duty,rho_petg,E,1270.0000,1230.0000,1290.0000,0.6027,0.6027,0.6027,0.0000
A5-DC/DL,tj_pk,cp_petg,E,1200.0000,1100.0000,1300.0000,109.8198,109.8198,109.8198,0.0000
A5-DC/DL,case_d,cp_petg,E,1200.0000,1100.0000,1300.0000,87.3661,87.3661,87.3661,0.0000
A5-DC/DL,petg_d,cp_petg,E,1200.0000,1100.0000,1300.0000,60.0871,60.0871,60.0871,0.0000
A5-DC/DL,bay_d,cp_petg,E,1200.0000,1100.0000,1300.0000,61.4275,61.4275,61.4275,0.0000
A5-DC/DL,cell_d,cp_petg,E,1200.0000,1100.0000,1300.0000,58.9120,58.9120,58.9120,0.0000
A5-DC/DL,main_d,cp_petg,E,1200.0000,1100.0000,1300.0000,57.8120,57.8120,57.8120,0.0000
A5-DC/DL,fr4_d,cp_petg,E,1200.0000,1100.0000,1300.0000,66.3712,66.3712,66.3712,0.0000
A5-DC/DL,cell30,cp_petg,E,1200.0000,1100.0000,1300.0000,50.6750,50.7051,50.6454,0.0596
A5-DC/DL,main30,cp_petg,E,1200.0000,1100.0000,1300.0000,54.9195,54.9578,54.8803,0.0775
A5-DC/DL,tj_300,cp_petg,E,1200.0000,1100.0000,1300.0000,107.0576,107.0761,107.0407,0.0354
A5-DC/DL,tj_180,cp_petg,E,1200.0000,1100.0000,1300.0000,95.8368,95.8434,95.8309,0.0125
A5-DC/DL,surf5,cp_petg,E,1200.0000,1100.0000,1300.0000,32.2864,32.6145,31.9816,0.6329
A5-DC/DL,case_ss,cp_petg,E,1200.0000,1100.0000,1300.0000,105.6945,105.6945,105.6945,0.0000
A5-DC/DL,tj_ss,cp_petg,E,1200.0000,1100.0000,1300.0000,125.9480,125.9480,125.9480,0.0000
A5-DC/DL,duty,cp_petg,E,1200.0000,1100.0000,1300.0000,0.6027,0.6027,0.6027,0.0000
A5-DC/DL,tj_pk,rho_fr4,E,1850.0000,1800.0000,1900.0000,109.8198,109.8198,109.8198,0.0000
A5-DC/DL,case_d,rho_fr4,E,1850.0000,1800.0000,1900.0000,87.3661,87.3661,87.3661,0.0000
A5-DC/DL,petg_d,rho_fr4,E,1850.0000,1800.0000,1900.0000,60.0871,60.0871,60.0871,0.0000
A5-DC/DL,bay_d,rho_fr4,E,1850.0000,1800.0000,1900.0000,61.4275,61.4275,61.4275,0.0000
A5-DC/DL,cell_d,rho_fr4,E,1850.0000,1800.0000,1900.0000,58.9120,58.9120,58.9120,0.0000
A5-DC/DL,main_d,rho_fr4,E,1850.0000,1800.0000,1900.0000,57.8120,57.8120,57.8120,0.0000
A5-DC/DL,fr4_d,rho_fr4,E,1850.0000,1800.0000,1900.0000,66.3712,66.3712,66.3712,0.0000
A5-DC/DL,cell30,rho_fr4,E,1850.0000,1800.0000,1900.0000,50.6750,50.6757,50.6743,0.0014
A5-DC/DL,main30,rho_fr4,E,1850.0000,1800.0000,1900.0000,54.9195,54.9212,54.9177,0.0035
A5-DC/DL,tj_300,rho_fr4,E,1850.0000,1800.0000,1900.0000,107.0576,107.0609,107.0544,0.0065
A5-DC/DL,tj_180,rho_fr4,E,1850.0000,1800.0000,1900.0000,95.8368,95.8380,95.8357,0.0023
A5-DC/DL,surf5,rho_fr4,E,1850.0000,1800.0000,1900.0000,32.2864,32.2868,32.2859,0.0009
A5-DC/DL,case_ss,rho_fr4,E,1850.0000,1800.0000,1900.0000,105.6945,105.6945,105.6945,0.0000
A5-DC/DL,tj_ss,rho_fr4,E,1850.0000,1800.0000,1900.0000,125.9480,125.9480,125.9480,0.0000
A5-DC/DL,duty,rho_fr4,E,1850.0000,1800.0000,1900.0000,0.6027,0.6027,0.6027,0.0000
A5-DC/DL,tj_pk,cp_fr4,E,1100.0000,1000.0000,1200.0000,109.8198,109.8198,109.8197,0.0001
A5-DC/DL,case_d,cp_fr4,E,1100.0000,1000.0000,1200.0000,87.3661,87.3661,87.3661,0.0000
A5-DC/DL,petg_d,cp_fr4,E,1100.0000,1000.0000,1200.0000,60.0871,60.0871,60.0871,0.0000
A5-DC/DL,bay_d,cp_fr4,E,1100.0000,1000.0000,1200.0000,61.4275,61.4275,61.4275,0.0000
A5-DC/DL,cell_d,cp_fr4,E,1100.0000,1000.0000,1200.0000,58.9120,58.9120,58.9120,0.0000
A5-DC/DL,main_d,cp_fr4,E,1100.0000,1000.0000,1200.0000,57.8120,57.8120,57.8120,0.0000
A5-DC/DL,fr4_d,cp_fr4,E,1100.0000,1000.0000,1200.0000,66.3712,66.3712,66.3712,0.0000
A5-DC/DL,cell30,cp_fr4,E,1100.0000,1000.0000,1200.0000,50.6750,50.6773,50.6727,0.0046
A5-DC/DL,main30,cp_fr4,E,1100.0000,1000.0000,1200.0000,54.9195,54.9253,54.9136,0.0117
A5-DC/DL,tj_300,cp_fr4,E,1100.0000,1000.0000,1200.0000,107.0576,107.0693,107.0472,0.0220
A5-DC/DL,tj_180,cp_fr4,E,1100.0000,1000.0000,1200.0000,95.8368,95.8409,95.8333,0.0076
A5-DC/DL,surf5,cp_fr4,E,1100.0000,1000.0000,1200.0000,32.2864,32.2880,32.2849,0.0031
A5-DC/DL,case_ss,cp_fr4,E,1100.0000,1000.0000,1200.0000,105.6945,105.6945,105.6945,0.0000
A5-DC/DL,tj_ss,cp_fr4,E,1100.0000,1000.0000,1200.0000,125.9480,125.9480,125.9480,0.0000
A5-DC/DL,duty,cp_fr4,E,1100.0000,1000.0000,1200.0000,0.6027,0.6027,0.6027,0.0000
A5-DC/DL,tj_pk,c_bay,E,25.0000,15.0000,40.0000,109.8198,109.8199,109.8197,0.0002
A5-DC/DL,case_d,c_bay,E,25.0000,15.0000,40.0000,87.3661,87.3661,87.3661,0.0000
A5-DC/DL,petg_d,c_bay,E,25.0000,15.0000,40.0000,60.0871,60.0871,60.0871,0.0000
A5-DC/DL,bay_d,c_bay,E,25.0000,15.0000,40.0000,61.4275,61.4275,61.4275,0.0000
A5-DC/DL,cell_d,c_bay,E,25.0000,15.0000,40.0000,58.9120,58.9120,58.9120,0.0000
A5-DC/DL,main_d,c_bay,E,25.0000,15.0000,40.0000,57.8120,57.8120,57.8120,0.0000
A5-DC/DL,fr4_d,c_bay,E,25.0000,15.0000,40.0000,66.3712,66.3712,66.3712,0.0000
A5-DC/DL,cell30,c_bay,E,25.0000,15.0000,40.0000,50.6750,50.7176,50.6178,0.0998
A5-DC/DL,main30,c_bay,E,25.0000,15.0000,40.0000,54.9195,54.9799,54.8122,0.1677
A5-DC/DL,tj_300,c_bay,E,25.0000,15.0000,40.0000,107.0576,107.0816,107.0389,0.0427
A5-DC/DL,tj_180,c_bay,E,25.0000,15.0000,40.0000,95.8368,95.8458,95.8307,0.0151
A5-DC/DL,surf5,c_bay,E,25.0000,15.0000,40.0000,32.2864,32.2897,32.2840,0.0057
A5-DC/DL,case_ss,c_bay,E,25.0000,15.0000,40.0000,105.6945,105.6945,105.6945,0.0000
A5-DC/DL,tj_ss,c_bay,E,25.0000,15.0000,40.0000,125.9480,125.9480,125.9480,0.0000
A5-DC/DL,duty,c_bay,E,25.0000,15.0000,40.0000,0.6027,0.6027,0.6027,0.0000
A5-DC/DL,tj_pk,c_main,E,60.0000,40.0000,90.0000,109.8198,109.8198,109.8198,0.0000
A5-DC/DL,case_d,c_main,E,60.0000,40.0000,90.0000,87.3661,87.3661,87.3661,0.0000
A5-DC/DL,petg_d,c_main,E,60.0000,40.0000,90.0000,60.0871,60.0871,60.0871,0.0000
A5-DC/DL,bay_d,c_main,E,60.0000,40.0000,90.0000,61.4275,61.4275,61.4275,0.0000
A5-DC/DL,cell_d,c_main,E,60.0000,40.0000,90.0000,58.9120,58.9120,58.9120,0.0000
A5-DC/DL,main_d,c_main,E,60.0000,40.0000,90.0000,57.8120,57.8120,57.8120,0.0000
A5-DC/DL,fr4_d,c_main,E,60.0000,40.0000,90.0000,66.3712,66.3712,66.3712,0.0000
A5-DC/DL,cell30,c_main,E,60.0000,40.0000,90.0000,50.6750,50.9282,50.3181,0.6102
A5-DC/DL,main30,c_main,E,60.0000,40.0000,90.0000,54.9195,55.1664,54.4582,0.7082
A5-DC/DL,tj_300,c_main,E,60.0000,40.0000,90.0000,107.0576,107.0581,107.0571,0.0010
A5-DC/DL,tj_180,c_main,E,60.0000,40.0000,90.0000,95.8368,95.8369,95.8367,0.0002
A5-DC/DL,surf5,c_main,E,60.0000,40.0000,90.0000,32.2864,32.2864,32.2863,0.0001
A5-DC/DL,case_ss,c_main,E,60.0000,40.0000,90.0000,105.6945,105.6945,105.6945,0.0000
A5-DC/DL,tj_ss,c_main,E,60.0000,40.0000,90.0000,125.9480,125.9480,125.9480,0.0000
A5-DC/DL,duty,c_main,E,60.0000,40.0000,90.0000,0.6027,0.6027,0.6027,0.0000
A5-DC/DL,tj_pk,c_case_a5,E,3.0000,2.0000,4.5000,109.8198,109.8958,109.8920,0.0038
A5-DC/DL,case_d,c_case_a5,E,3.0000,2.0000,4.5000,87.3661,87.3661,87.5657,0.1996
A5-DC/DL,petg_d,c_case_a5,E,3.0000,2.0000,4.5000,60.0871,60.0871,60.1336,0.0464
A5-DC/DL,bay_d,c_case_a5,E,3.0000,2.0000,4.5000,61.4275,61.4275,61.4819,0.0544
A5-DC/DL,cell_d,c_case_a5,E,3.0000,2.0000,4.5000,58.9120,58.9120,58.9593,0.0474
A5-DC/DL,main_d,c_case_a5,E,3.0000,2.0000,4.5000,57.8120,57.8120,57.8445,0.0325
A5-DC/DL,fr4_d,c_case_a5,E,3.0000,2.0000,4.5000,66.3712,66.3712,66.4579,0.0867
A5-DC/DL,cell30,c_case_a5,E,3.0000,2.0000,4.5000,50.6750,50.6754,50.6744,0.0010
A5-DC/DL,main30,c_case_a5,E,3.0000,2.0000,4.5000,54.9195,54.9204,54.9180,0.0024
A5-DC/DL,tj_300,c_case_a5,E,3.0000,2.0000,4.5000,107.0576,107.5429,106.3425,1.2004
A5-DC/DL,tj_180,c_case_a5,E,3.0000,2.0000,4.5000,95.8368,96.3139,95.1433,1.1706
A5-DC/DL,surf5,c_case_a5,E,3.0000,2.0000,4.5000,32.2864,32.4076,32.1106,0.2970
A5-DC/DL,case_ss,c_case_a5,E,3.0000,2.0000,4.5000,105.6945,105.6945,105.6945,0.0000
A5-DC/DL,tj_ss,c_case_a5,E,3.0000,2.0000,4.5000,125.9480,125.9480,125.9480,0.0000
A5-DC/DL,duty,c_case_a5,E,3.0000,2.0000,4.5000,0.6027,0.6027,0.6063,0.0035
A5-DC/DL,tj_pk,c_j2,E,0.2000,0.1000,0.4000,109.8198,109.8608,109.9228,0.0621
A5-DC/DL,case_d,c_j2,E,0.2000,0.1000,0.4000,87.3661,87.3661,87.5657,0.1996
A5-DC/DL,petg_d,c_j2,E,0.2000,0.1000,0.4000,60.0871,60.0871,60.1336,0.0464
A5-DC/DL,bay_d,c_j2,E,0.2000,0.1000,0.4000,61.4275,61.4275,61.4819,0.0544
A5-DC/DL,cell_d,c_j2,E,0.2000,0.1000,0.4000,58.9120,58.9120,58.9593,0.0474
A5-DC/DL,main_d,c_j2,E,0.2000,0.1000,0.4000,57.8120,57.8120,57.8445,0.0325
A5-DC/DL,fr4_d,c_j2,E,0.2000,0.1000,0.4000,66.3712,66.3712,66.4579,0.0867
A5-DC/DL,cell30,c_j2,E,0.2000,0.1000,0.4000,50.6750,50.6750,50.6749,0.0002
A5-DC/DL,main30,c_j2,E,0.2000,0.1000,0.4000,54.9195,54.9196,54.9192,0.0004
A5-DC/DL,tj_300,c_j2,E,0.2000,0.1000,0.4000,107.0576,107.1395,106.8935,0.2460
A5-DC/DL,tj_180,c_j2,E,0.2000,0.1000,0.4000,95.8368,95.9340,95.6427,0.2914
A5-DC/DL,surf5,c_j2,E,0.2000,0.1000,0.4000,32.2864,32.3048,32.2496,0.0552
A5-DC/DL,case_ss,c_j2,E,0.2000,0.1000,0.4000,105.6945,105.6945,105.6945,0.0000
A5-DC/DL,tj_ss,c_j2,E,0.2000,0.1000,0.4000,125.9480,125.9480,125.9480,0.0000
A5-DC/DL,duty,c_j2,E,0.2000,0.1000,0.4000,0.6027,0.6027,0.6063,0.0035
A5-DC/DL,tj_pk,c_j1,E,0.1000,0.0500,0.2000,109.8198,109.8263,109.8058,0.0206
A5-DC/DL,case_d,c_j1,E,0.1000,0.0500,0.2000,87.3661,87.3661,87.3661,0.0000
A5-DC/DL,petg_d,c_j1,E,0.1000,0.0500,0.2000,60.0871,60.0871,60.0871,0.0000
A5-DC/DL,bay_d,c_j1,E,0.1000,0.0500,0.2000,61.4275,61.4275,61.4275,0.0000
A5-DC/DL,cell_d,c_j1,E,0.1000,0.0500,0.2000,58.9120,58.9120,58.9120,0.0000
A5-DC/DL,main_d,c_j1,E,0.1000,0.0500,0.2000,57.8120,57.8120,57.8120,0.0000
A5-DC/DL,fr4_d,c_j1,E,0.1000,0.0500,0.2000,66.3712,66.3712,66.3712,0.0000
A5-DC/DL,cell30,c_j1,E,0.1000,0.0500,0.2000,50.6750,50.6750,50.6749,0.0001
A5-DC/DL,main30,c_j1,E,0.1000,0.0500,0.2000,54.9195,54.9195,54.9193,0.0002
A5-DC/DL,tj_300,c_j1,E,0.1000,0.0500,0.2000,107.0576,107.0842,107.0042,0.0800
A5-DC/DL,tj_180,c_j1,E,0.1000,0.0500,0.2000,95.8368,95.8642,95.7822,0.0820
A5-DC/DL,surf5,c_j1,E,0.1000,0.0500,0.2000,32.2864,32.2934,32.2723,0.0211
A5-DC/DL,case_ss,c_j1,E,0.1000,0.0500,0.2000,105.6945,105.6945,105.6945,0.0000
A5-DC/DL,tj_ss,c_j1,E,0.1000,0.0500,0.2000,125.9480,125.9480,125.9480,0.0000
A5-DC/DL,duty,c_j1,E,0.1000,0.0500,0.2000,0.6027,0.6027,0.6027,0.0000
A5-DC/DL,tj_pk,c_j_a4,E,0.0500,0.0200,0.1000,109.8198,109.8198,109.8198,0.0000
A5-DC/DL,case_d,c_j_a4,E,0.0500,0.0200,0.1000,87.3661,87.3661,87.3661,0.0000
A5-DC/DL,petg_d,c_j_a4,E,0.0500,0.0200,0.1000,60.0871,60.0871,60.0871,0.0000
A5-DC/DL,bay_d,c_j_a4,E,0.0500,0.0200,0.1000,61.4275,61.4275,61.4275,0.0000
A5-DC/DL,cell_d,c_j_a4,E,0.0500,0.0200,0.1000,58.9120,58.9120,58.9120,0.0000
A5-DC/DL,main_d,c_j_a4,E,0.0500,0.0200,0.1000,57.8120,57.8120,57.8120,0.0000
A5-DC/DL,fr4_d,c_j_a4,E,0.0500,0.0200,0.1000,66.3712,66.3712,66.3712,0.0000
A5-DC/DL,cell30,c_j_a4,E,0.0500,0.0200,0.1000,50.6750,50.6750,50.6750,0.0000
A5-DC/DL,main30,c_j_a4,E,0.0500,0.0200,0.1000,54.9195,54.9195,54.9195,0.0000
A5-DC/DL,tj_300,c_j_a4,E,0.0500,0.0200,0.1000,107.0576,107.0576,107.0576,0.0000
A5-DC/DL,tj_180,c_j_a4,E,0.0500,0.0200,0.1000,95.8368,95.8368,95.8368,0.0000
A5-DC/DL,surf5,c_j_a4,E,0.0500,0.0200,0.1000,32.2864,32.2864,32.2864,0.0000
A5-DC/DL,case_ss,c_j_a4,E,0.0500,0.0200,0.1000,105.6945,105.6945,105.6945,0.0000
A5-DC/DL,tj_ss,c_j_a4,E,0.0500,0.0200,0.1000,125.9480,125.9480,125.9480,0.0000
A5-DC/DL,duty,c_j_a4,E,0.0500,0.0200,0.1000,0.6027,0.6027,0.6027,0.0000
A5-DC/DL,tj_pk,c_case_a4,E,1.0000,0.6000,1.6000,109.8198,109.8198,109.8198,0.0000
A5-DC/DL,case_d,c_case_a4,E,1.0000,0.6000,1.6000,87.3661,87.3661,87.3661,0.0000
A5-DC/DL,petg_d,c_case_a4,E,1.0000,0.6000,1.6000,60.0871,60.0871,60.0871,0.0000
A5-DC/DL,bay_d,c_case_a4,E,1.0000,0.6000,1.6000,61.4275,61.4275,61.4275,0.0000
A5-DC/DL,cell_d,c_case_a4,E,1.0000,0.6000,1.6000,58.9120,58.9120,58.9120,0.0000
A5-DC/DL,main_d,c_case_a4,E,1.0000,0.6000,1.6000,57.8120,57.8120,57.8120,0.0000
A5-DC/DL,fr4_d,c_case_a4,E,1.0000,0.6000,1.6000,66.3712,66.3712,66.3712,0.0000
A5-DC/DL,cell30,c_case_a4,E,1.0000,0.6000,1.6000,50.6750,50.6750,50.6750,0.0000
A5-DC/DL,main30,c_case_a4,E,1.0000,0.6000,1.6000,54.9195,54.9195,54.9195,0.0000
A5-DC/DL,tj_300,c_case_a4,E,1.0000,0.6000,1.6000,107.0576,107.0576,107.0576,0.0000
A5-DC/DL,tj_180,c_case_a4,E,1.0000,0.6000,1.6000,95.8368,95.8368,95.8368,0.0000
A5-DC/DL,surf5,c_case_a4,E,1.0000,0.6000,1.6000,32.2864,32.2864,32.2864,0.0000
A5-DC/DL,case_ss,c_case_a4,E,1.0000,0.6000,1.6000,105.6945,105.6945,105.6945,0.0000
A5-DC/DL,tj_ss,c_case_a4,E,1.0000,0.6000,1.6000,125.9480,125.9480,125.9480,0.0000
A5-DC/DL,duty,c_case_a4,E,1.0000,0.6000,1.6000,0.6027,0.6027,0.6027,0.0000
A5-DC/CAP,tj_pk,r_feed,E,0.2600,0.2600,0.4500,95.8288,95.8288,92.1307,3.6981
A5-DC/CAP,case_d,r_feed,E,0.2600,0.2600,0.4500,72.0249,72.0249,70.3580,1.6669
A5-DC/CAP,petg_d,r_feed,E,0.2600,0.2600,0.4500,56.5892,56.5892,57.6036,1.0143
A5-DC/CAP,bay_d,r_feed,E,0.2600,0.2600,0.4500,57.2847,57.2847,57.6541,0.3694
A5-DC/CAP,cell_d,r_feed,E,0.2600,0.2600,0.4500,55.4627,55.4627,57.1203,1.6576
A5-DC/CAP,main_d,r_feed,E,0.2600,0.2600,0.4500,55.4206,55.4206,57.5190,2.0984
A5-DC/CAP,fr4_d,r_feed,E,0.2600,0.2600,0.4500,59.7328,59.7328,59.5144,0.2184
A5-DC/CAP,cell30,r_feed,E,0.2600,0.2600,0.4500,50.6750,50.6750,51.7264,1.0515
A5-DC/CAP,main30,r_feed,E,0.2600,0.2600,0.4500,54.9195,54.9195,57.5485,2.6291
A5-DC/CAP,tj_300,r_feed,E,0.2600,0.2600,0.4500,107.0576,107.0576,102.3445,4.7130
A5-DC/CAP,tj_180,r_feed,E,0.2600,0.2600,0.4500,95.8368,95.8368,91.8291,4.0077
A5-DC/CAP,surf5,r_feed,E,0.2600,0.2600,0.4500,32.2864,32.2864,31.7075,0.5789
A5-DC/CAP,case_ss,r_feed,E,0.2600,0.2600,0.4500,105.6945,105.6945,102.9509,2.7436
A5-DC/CAP,tj_ss,r_feed,E,0.2600,0.2600,0.4500,125.9480,125.9480,121.4347,4.5133
A5-DC/CAP,duty,r_feed,E,0.2600,0.2600,0.4500,0.3500,0.3500,0.3500,0.0000
A5-DC/CAP,tj_pk,r_cellpath,E,0.0600,0.0500,0.1000,95.8288,95.8290,95.8278,0.0012
A5-DC/CAP,case_d,r_cellpath,E,0.0600,0.0500,0.1000,72.0249,72.0252,72.0240,0.0012
A5-DC/CAP,petg_d,r_cellpath,E,0.0600,0.0500,0.1000,56.5892,56.6018,56.5388,0.0631
A5-DC/CAP,bay_d,r_cellpath,E,0.0600,0.0500,0.1000,57.2847,57.2903,57.2622,0.0281
A5-DC/CAP,cell_d,r_cellpath,E,0.0600,0.0500,0.1000,55.4627,55.1036,56.8992,1.7956
A5-DC/CAP,main_d,r_cellpath,E,0.0600,0.0500,0.1000,55.4206,55.4450,55.3230,0.1220
A5-DC/CAP,fr4_d,r_cellpath,E,0.0600,0.0500,0.1000,59.7328,59.7363,59.7188,0.0175
A5-DC/CAP,cell30,r_cellpath,E,0.0600,0.0500,0.1000,50.6750,50.3880,51.8228,1.4349
A5-DC/CAP,main30,r_cellpath,E,0.0600,0.0500,0.1000,54.9195,55.0053,54.5754,0.4299
A5-DC/CAP,tj_300,r_cellpath,E,0.0600,0.0500,0.1000,107.0576,107.0576,107.0574,0.0002
A5-DC/CAP,tj_180,r_cellpath,E,0.0600,0.0500,0.1000,95.8368,95.8368,95.8368,0.0000
A5-DC/CAP,surf5,r_cellpath,E,0.0600,0.0500,0.1000,32.2864,32.2864,32.2863,0.0000
A5-DC/CAP,case_ss,r_cellpath,E,0.0600,0.0500,0.1000,105.6945,105.6947,105.6936,0.0012
A5-DC/CAP,tj_ss,r_cellpath,E,0.0600,0.0500,0.1000,125.9480,125.9482,125.9471,0.0012
A5-DC/CAP,duty,r_cellpath,E,0.0600,0.0500,0.1000,0.3500,0.3500,0.3500,0.0000
A5-DC/CAP,tj_pk,i_bus,E,0.3000,0.2500,0.4000,95.8288,95.8274,95.8318,0.0044
A5-DC/CAP,case_d,i_bus,E,0.3000,0.2500,0.4000,72.0249,72.0235,72.0279,0.0044
A5-DC/CAP,petg_d,i_bus,E,0.3000,0.2500,0.4000,56.5892,56.5148,56.7493,0.2345
A5-DC/CAP,bay_d,i_bus,E,0.3000,0.2500,0.4000,57.2847,57.2515,57.3560,0.1045
A5-DC/CAP,cell_d,i_bus,E,0.3000,0.2500,0.4000,55.4627,55.2315,55.9607,0.7292
A5-DC/CAP,main_d,i_bus,E,0.3000,0.2500,0.4000,55.4206,55.2766,55.7303,0.4537
A5-DC/CAP,fr4_d,i_bus,E,0.3000,0.2500,0.4000,59.7328,59.7121,59.7773,0.0651
A5-DC/CAP,cell30,i_bus,E,0.3000,0.2500,0.4000,50.6750,50.5223,50.9985,0.4762
A5-DC/CAP,main30,i_bus,E,0.3000,0.2500,0.4000,54.9195,54.7683,55.2392,0.4710
A5-DC/CAP,tj_300,i_bus,E,0.3000,0.2500,0.4000,107.0576,107.0575,107.0576,0.0001
A5-DC/CAP,tj_180,i_bus,E,0.3000,0.2500,0.4000,95.8368,95.8368,95.8368,0.0000
A5-DC/CAP,surf5,i_bus,E,0.3000,0.2500,0.4000,32.2864,32.2864,32.2864,0.0000
A5-DC/CAP,case_ss,i_bus,E,0.3000,0.2500,0.4000,105.6945,105.6933,105.6969,0.0035
A5-DC/CAP,tj_ss,i_bus,E,0.3000,0.2500,0.4000,125.9480,125.9469,125.9504,0.0035
A5-DC/CAP,duty,i_bus,E,0.3000,0.2500,0.4000,0.3500,0.3500,0.3500,0.0000
A5-DC/CAP,tj_pk,a5_idd,DD,1.9700,1.7900,1.9700,95.8288,89.0621,95.8288,6.7667
A5-DC/CAP,case_d,a5_idd,DD,1.9700,1.7900,1.9700,72.0249,68.9389,72.0249,3.0861
A5-DC/CAP,petg_d,a5_idd,DD,1.9700,1.7900,1.9700,56.5892,56.2310,56.5892,0.3583
A5-DC/CAP,bay_d,a5_idd,DD,1.9700,1.7900,1.9700,57.2847,56.9753,57.2847,0.3094
A5-DC/CAP,cell_d,a5_idd,DD,1.9700,1.7900,1.9700,55.4627,54.7803,55.4627,0.6824
A5-DC/CAP,main_d,a5_idd,DD,1.9700,1.7900,1.9700,55.4206,54.9803,55.4206,0.4403
A5-DC/CAP,fr4_d,a5_idd,DD,1.9700,1.7900,1.9700,59.7328,58.7194,59.7328,1.0135
A5-DC/CAP,cell30,a5_idd,DD,1.9700,1.7900,1.9700,50.6750,50.1924,50.6750,0.4825
A5-DC/CAP,main30,a5_idd,DD,1.9700,1.7900,1.9700,54.9195,54.4202,54.9195,0.4993
A5-DC/CAP,tj_300,a5_idd,DD,1.9700,1.7900,1.9700,107.0576,98.4973,107.0576,8.5603
A5-DC/CAP,tj_180,a5_idd,DD,1.9700,1.7900,1.9700,95.8368,88.5661,95.8368,7.2707
A5-DC/CAP,surf5,a5_idd,DD,1.9700,1.7900,1.9700,32.2864,31.2412,32.2864,1.0451
A5-DC/CAP,case_ss,a5_idd,DD,1.9700,1.7900,1.9700,105.6945,100.4323,105.6945,5.2622
A5-DC/CAP,tj_ss,a5_idd,DD,1.9700,1.7900,1.9700,125.9480,117.4794,125.9480,8.4686
A5-DC/CAP,duty,a5_idd,DD,1.9700,1.7900,1.9700,0.3500,0.3500,0.3500,0.0000
A5-DC/CAP,tj_pk,a5_p1,DD,1.5000,1.2000,1.8000,95.8288,96.5487,95.1089,1.4398
A5-DC/CAP,case_d,a5_p1,DD,1.5000,1.2000,1.8000,72.0249,72.0249,72.0249,0.0000
A5-DC/CAP,petg_d,a5_p1,DD,1.5000,1.2000,1.8000,56.5892,56.5892,56.5892,0.0000
A5-DC/CAP,bay_d,a5_p1,DD,1.5000,1.2000,1.8000,57.2847,57.2847,57.2847,0.0000
A5-DC/CAP,cell_d,a5_p1,DD,1.5000,1.2000,1.8000,55.4627,55.4627,55.4627,0.0000
A5-DC/CAP,main_d,a5_p1,DD,1.5000,1.2000,1.8000,55.4206,55.4206,55.4206,0.0000
A5-DC/CAP,fr4_d,a5_p1,DD,1.5000,1.2000,1.8000,59.7328,59.7328,59.7328,0.0000
A5-DC/CAP,cell30,a5_p1,DD,1.5000,1.2000,1.8000,50.6750,50.6750,50.6750,0.0000
A5-DC/CAP,main30,a5_p1,DD,1.5000,1.2000,1.8000,54.9195,54.9195,54.9195,0.0000
A5-DC/CAP,tj_300,a5_p1,DD,1.5000,1.2000,1.8000,107.0576,107.7775,106.3376,1.4399
A5-DC/CAP,tj_180,a5_p1,DD,1.5000,1.2000,1.8000,95.8368,96.5567,95.1169,1.4398
A5-DC/CAP,surf5,a5_p1,DD,1.5000,1.2000,1.8000,32.2864,32.2863,32.2864,0.0001
A5-DC/CAP,case_ss,a5_p1,DD,1.5000,1.2000,1.8000,105.6945,105.6945,105.6945,0.0000
A5-DC/CAP,tj_ss,a5_p1,DD,1.5000,1.2000,1.8000,125.9480,126.6680,125.2280,1.4400
A5-DC/CAP,duty,a5_p1,DD,1.5000,1.2000,1.8000,0.3500,0.3500,0.3500,0.0000
A5-DC/CAP,tj_pk,a5_rjc2,D,2.4000,2.1600,2.6400,95.8288,93.8142,97.8432,4.0290
A5-DC/CAP,case_d,a5_rjc2,D,2.4000,2.1600,2.6400,72.0249,72.0249,72.0249,0.0000
A5-DC/CAP,petg_d,a5_rjc2,D,2.4000,2.1600,2.6400,56.5892,56.5892,56.5892,0.0000
A5-DC/CAP,bay_d,a5_rjc2,D,2.4000,2.1600,2.6400,57.2847,57.2847,57.2847,0.0000
A5-DC/CAP,cell_d,a5_rjc2,D,2.4000,2.1600,2.6400,55.4627,55.4627,55.4627,0.0000
A5-DC/CAP,main_d,a5_rjc2,D,2.4000,2.1600,2.6400,55.4206,55.4206,55.4206,0.0000
A5-DC/CAP,fr4_d,a5_rjc2,D,2.4000,2.1600,2.6400,59.7328,59.7328,59.7328,0.0000
A5-DC/CAP,cell30,a5_rjc2,D,2.4000,2.1600,2.6400,50.6750,50.6750,50.6750,0.0000
A5-DC/CAP,main30,a5_rjc2,D,2.4000,2.1600,2.6400,54.9195,54.9195,54.9194,0.0000
A5-DC/CAP,tj_300,a5_rjc2,D,2.4000,2.1600,2.6400,107.0576,105.0390,109.0761,4.0372
A5-DC/CAP,tj_180,a5_rjc2,D,2.4000,2.1600,2.6400,95.8368,93.8215,97.8521,4.0307
A5-DC/CAP,surf5,a5_rjc2,D,2.4000,2.1600,2.6400,32.2864,32.2877,32.2851,0.0026
A5-DC/CAP,case_ss,a5_rjc2,D,2.4000,2.1600,2.6400,105.6945,105.6945,105.6945,0.0000
A5-DC/CAP,tj_ss,a5_rjc2,D,2.4000,2.1600,2.6400,125.9480,123.9227,127.9734,4.0507
A5-DC/CAP,duty,a5_rjc2,D,2.4000,2.1600,2.6400,0.3500,0.3500,0.3500,0.0000
A5-DC/CAP,tj_pk,a5_rjc1,D,4.5000,4.0500,4.9500,95.8288,95.8296,95.8279,0.0017
A5-DC/CAP,case_d,a5_rjc1,D,4.5000,4.0500,4.9500,72.0249,72.0249,72.0249,0.0000
A5-DC/CAP,petg_d,a5_rjc1,D,4.5000,4.0500,4.9500,56.5892,56.5892,56.5892,0.0000
A5-DC/CAP,bay_d,a5_rjc1,D,4.5000,4.0500,4.9500,57.2847,57.2847,57.2847,0.0000
A5-DC/CAP,cell_d,a5_rjc1,D,4.5000,4.0500,4.9500,55.4627,55.4627,55.4627,0.0000
A5-DC/CAP,main_d,a5_rjc1,D,4.5000,4.0500,4.9500,55.4206,55.4206,55.4206,0.0000
A5-DC/CAP,fr4_d,a5_rjc1,D,4.5000,4.0500,4.9500,59.7328,59.7328,59.7328,0.0000
A5-DC/CAP,cell30,a5_rjc1,D,4.5000,4.0500,4.9500,50.6750,50.6750,50.6750,0.0000
A5-DC/CAP,main30,a5_rjc1,D,4.5000,4.0500,4.9500,54.9195,54.9195,54.9195,0.0000
A5-DC/CAP,tj_300,a5_rjc1,D,4.5000,4.0500,4.9500,107.0576,107.0581,107.0570,0.0010
A5-DC/CAP,tj_180,a5_rjc1,D,4.5000,4.0500,4.9500,95.8368,95.8376,95.8360,0.0015
A5-DC/CAP,surf5,a5_rjc1,D,4.5000,4.0500,4.9500,32.2864,32.2866,32.2861,0.0004
A5-DC/CAP,case_ss,a5_rjc1,D,4.5000,4.0500,4.9500,105.6945,105.6945,105.6945,0.0000
A5-DC/CAP,tj_ss,a5_rjc1,D,4.5000,4.0500,4.9500,125.9480,125.9480,125.9480,0.0000
A5-DC/CAP,duty,a5_rjc1,D,4.5000,4.0500,4.9500,0.3500,0.3500,0.3500,0.0000
A5-DC/CAP,tj_pk,a5_bond,E,0.0001,0.0000,0.0001,95.8288,93.5475,98.0592,4.5117
A5-DC/CAP,case_d,a5_bond,E,0.0001,0.0000,0.0001,72.0249,71.1707,72.8780,1.7074
A5-DC/CAP,petg_d,a5_bond,E,0.0001,0.0000,0.0001,56.5892,56.5786,56.5999,0.0214
A5-DC/CAP,bay_d,a5_bond,E,0.0001,0.0000,0.0001,57.2847,57.2690,57.3004,0.0314
A5-DC/CAP,cell_d,a5_bond,E,0.0001,0.0000,0.0001,55.4627,55.4610,55.4644,0.0034
A5-DC/CAP,main_d,a5_bond,E,0.0001,0.0000,0.0001,55.4206,55.4185,55.4228,0.0043
A5-DC/CAP,fr4_d,a5_bond,E,0.0001,0.0000,0.0001,59.7328,59.6628,59.8027,0.1399
A5-DC/CAP,cell30,a5_bond,E,0.0001,0.0000,0.0001,50.6750,50.6744,50.6756,0.0013
A5-DC/CAP,main30,a5_bond,E,0.0001,0.0000,0.0001,54.9195,54.9172,54.9217,0.0045
A5-DC/CAP,tj_300,a5_bond,E,0.0001,0.0000,0.0001,107.0576,104.7313,109.3798,4.6485
A5-DC/CAP,tj_180,a5_bond,E,0.0001,0.0000,0.0001,95.8368,93.5590,98.1105,4.5515
A5-DC/CAP,surf5,a5_bond,E,0.0001,0.0000,0.0001,32.2864,32.3168,32.2560,0.0608
A5-DC/CAP,case_ss,a5_bond,E,0.0001,0.0000,0.0001,105.6945,103.2323,108.1532,4.9209
A5-DC/CAP,tj_ss,a5_bond,E,0.0001,0.0000,0.0001,125.9480,123.4859,128.4067,4.9209
A5-DC/CAP,duty,a5_bond,E,0.0001,0.0000,0.0001,0.3500,0.3500,0.3500,0.0000
A5-DC/CAP,tj_pk,k_tim,E,0.7000,0.6000,0.8000,95.8288,96.5815,95.2606,1.3210
A5-DC/CAP,case_d,k_tim,E,0.7000,0.6000,0.8000,72.0249,72.3094,71.8115,0.4980
A5-DC/CAP,petg_d,k_tim,E,0.7000,0.6000,0.8000,56.5892,56.5928,56.5866,0.0062
A5-DC/CAP,bay_d,k_tim,E,0.7000,0.6000,0.8000,57.2847,57.2899,57.2808,0.0092
A5-DC/CAP,cell_d,k_tim,E,0.7000,0.6000,0.8000,55.4627,55.4633,55.4623,0.0010
A5-DC/CAP,main_d,k_tim,E,0.7000,0.6000,0.8000,55.4206,55.4213,55.4201,0.0013
A5-DC/CAP,fr4_d,k_tim,E,0.7000,0.6000,0.8000,59.7328,59.7562,59.7153,0.0408
A5-DC/CAP,cell30,k_tim,E,0.7000,0.6000,0.8000,50.6750,50.6752,50.6748,0.0004
A5-DC/CAP,main30,k_tim,E,0.7000,0.6000,0.8000,54.9195,54.9202,54.9189,0.0013
A5-DC/CAP,tj_300,k_tim,E,0.7000,0.6000,0.8000,107.0576,107.8321,106.4764,1.3557
A5-DC/CAP,tj_180,k_tim,E,0.7000,0.6000,0.8000,95.8368,96.5952,95.2677,1.3274
A5-DC/CAP,surf5,k_tim,E,0.7000,0.6000,0.8000,32.2864,32.2762,32.2940,0.0177
A5-DC/CAP,case_ss,k_tim,E,0.7000,0.6000,0.8000,105.6945,106.5144,105.0793,1.4352
A5-DC/CAP,tj_ss,k_tim,E,0.7000,0.6000,0.8000,125.9480,126.7680,125.3328,1.4352
A5-DC/CAP,duty,k_tim,E,0.7000,0.6000,0.8000,0.3500,0.3500,0.3500,0.0000
A5-DC/CAP,tj_pk,r_spread_x,E,0.0000,0.0000,0.3000,95.8288,95.8288,98.4771,2.6483
A5-DC/CAP,case_d,r_spread_x,E,0.0000,0.0000,0.3000,72.0249,72.0249,73.0424,1.0174
A5-DC/CAP,petg_d,r_spread_x,E,0.0000,0.0000,0.3000,56.5892,56.5892,56.6020,0.0127
A5-DC/CAP,bay_d,r_spread_x,E,0.0000,0.0000,0.3000,57.2847,57.2847,57.3034,0.0187
A5-DC/CAP,cell_d,r_spread_x,E,0.0000,0.0000,0.3000,55.4627,55.4627,55.4648,0.0020
A5-DC/CAP,main_d,r_spread_x,E,0.0000,0.0000,0.3000,55.4206,55.4206,55.4232,0.0026
A5-DC/CAP,fr4_d,r_spread_x,E,0.0000,0.0000,0.3000,59.7328,59.7328,59.8162,0.0834
A5-DC/CAP,cell30,r_spread_x,E,0.0000,0.0000,0.3000,50.6750,50.6750,50.6757,0.0007
A5-DC/CAP,main30,r_spread_x,E,0.0000,0.0000,0.3000,54.9195,54.9195,54.9222,0.0027
A5-DC/CAP,tj_300,r_spread_x,E,0.0000,0.0000,0.3000,107.0576,107.0576,109.8270,2.7695
A5-DC/CAP,tj_180,r_spread_x,E,0.0000,0.0000,0.3000,95.8368,95.8368,98.5483,2.7115
A5-DC/CAP,surf5,r_spread_x,E,0.0000,0.0000,0.3000,32.2864,32.2864,32.2501,0.0362
A5-DC/CAP,case_ss,r_spread_x,E,0.0000,0.0000,0.3000,105.6945,105.6945,108.6269,2.9324
A5-DC/CAP,tj_ss,r_spread_x,E,0.0000,0.0000,0.3000,125.9480,125.9480,128.8804,2.9324
A5-DC/CAP,duty,r_spread_x,E,0.0000,0.0000,0.3000,0.3500,0.3500,0.3500,0.0000
A5-DC/CAP,tj_pk,a4_isat,DD,1.3870,1.2610,1.5580,95.8288,95.8288,95.8288,0.0000
A5-DC/CAP,case_d,a4_isat,DD,1.3870,1.2610,1.5580,72.0249,72.0249,72.0249,0.0000
A5-DC/CAP,petg_d,a4_isat,DD,1.3870,1.2610,1.5580,56.5892,56.5892,56.5892,0.0000
A5-DC/CAP,bay_d,a4_isat,DD,1.3870,1.2610,1.5580,57.2847,57.2847,57.2847,0.0000
A5-DC/CAP,cell_d,a4_isat,DD,1.3870,1.2610,1.5580,55.4627,55.4627,55.4627,0.0000
A5-DC/CAP,main_d,a4_isat,DD,1.3870,1.2610,1.5580,55.4206,55.4206,55.4206,0.0000
A5-DC/CAP,fr4_d,a4_isat,DD,1.3870,1.2610,1.5580,59.7328,59.7328,59.7328,0.0000
A5-DC/CAP,cell30,a4_isat,DD,1.3870,1.2610,1.5580,50.6750,50.6750,50.6750,0.0000
A5-DC/CAP,main30,a4_isat,DD,1.3870,1.2610,1.5580,54.9195,54.9195,54.9195,0.0000
A5-DC/CAP,tj_300,a4_isat,DD,1.3870,1.2610,1.5580,107.0576,107.0576,107.0576,0.0000
A5-DC/CAP,tj_180,a4_isat,DD,1.3870,1.2610,1.5580,95.8368,95.8368,95.8368,0.0000
A5-DC/CAP,surf5,a4_isat,DD,1.3870,1.2610,1.5580,32.2864,32.2864,32.2864,0.0000
A5-DC/CAP,case_ss,a4_isat,DD,1.3870,1.2610,1.5580,105.6945,105.6945,105.6945,0.0000
A5-DC/CAP,tj_ss,a4_isat,DD,1.3870,1.2610,1.5580,125.9480,125.9480,125.9480,0.0000
A5-DC/CAP,duty,a4_isat,DD,1.3870,1.2610,1.5580,0.3500,0.3500,0.3500,0.0000
A5-DC/CAP,tj_pk,a4_rjc,D,4.4000,3.9600,4.8400,95.8288,95.8288,95.8288,0.0000
A5-DC/CAP,case_d,a4_rjc,D,4.4000,3.9600,4.8400,72.0249,72.0249,72.0249,0.0000
A5-DC/CAP,petg_d,a4_rjc,D,4.4000,3.9600,4.8400,56.5892,56.5892,56.5892,0.0000
A5-DC/CAP,bay_d,a4_rjc,D,4.4000,3.9600,4.8400,57.2847,57.2847,57.2847,0.0000
A5-DC/CAP,cell_d,a4_rjc,D,4.4000,3.9600,4.8400,55.4627,55.4627,55.4627,0.0000
A5-DC/CAP,main_d,a4_rjc,D,4.4000,3.9600,4.8400,55.4206,55.4206,55.4206,0.0000
A5-DC/CAP,fr4_d,a4_rjc,D,4.4000,3.9600,4.8400,59.7328,59.7328,59.7328,0.0000
A5-DC/CAP,cell30,a4_rjc,D,4.4000,3.9600,4.8400,50.6750,50.6750,50.6750,0.0000
A5-DC/CAP,main30,a4_rjc,D,4.4000,3.9600,4.8400,54.9195,54.9195,54.9195,0.0000
A5-DC/CAP,tj_300,a4_rjc,D,4.4000,3.9600,4.8400,107.0576,107.0576,107.0576,0.0000
A5-DC/CAP,tj_180,a4_rjc,D,4.4000,3.9600,4.8400,95.8368,95.8368,95.8368,0.0000
A5-DC/CAP,surf5,a4_rjc,D,4.4000,3.9600,4.8400,32.2864,32.2864,32.2864,0.0000
A5-DC/CAP,case_ss,a4_rjc,D,4.4000,3.9600,4.8400,105.6945,105.6945,105.6945,0.0000
A5-DC/CAP,tj_ss,a4_rjc,D,4.4000,3.9600,4.8400,125.9480,125.9480,125.9480,0.0000
A5-DC/CAP,duty,a4_rjc,D,4.4000,3.9600,4.8400,0.3500,0.3500,0.3500,0.0000
A5-DC/CAP,tj_pk,a4_r_pad,E,0.8000,0.5000,1.5000,95.8288,95.8288,95.8288,0.0000
A5-DC/CAP,case_d,a4_r_pad,E,0.8000,0.5000,1.5000,72.0249,72.0249,72.0249,0.0000
A5-DC/CAP,petg_d,a4_r_pad,E,0.8000,0.5000,1.5000,56.5892,56.5892,56.5892,0.0000
A5-DC/CAP,bay_d,a4_r_pad,E,0.8000,0.5000,1.5000,57.2847,57.2847,57.2847,0.0000
A5-DC/CAP,cell_d,a4_r_pad,E,0.8000,0.5000,1.5000,55.4627,55.4627,55.4627,0.0000
A5-DC/CAP,main_d,a4_r_pad,E,0.8000,0.5000,1.5000,55.4206,55.4206,55.4206,0.0000
A5-DC/CAP,fr4_d,a4_r_pad,E,0.8000,0.5000,1.5000,59.7328,59.7328,59.7328,0.0000
A5-DC/CAP,cell30,a4_r_pad,E,0.8000,0.5000,1.5000,50.6750,50.6750,50.6750,0.0000
A5-DC/CAP,main30,a4_r_pad,E,0.8000,0.5000,1.5000,54.9195,54.9195,54.9195,0.0000
A5-DC/CAP,tj_300,a4_r_pad,E,0.8000,0.5000,1.5000,107.0576,107.0576,107.0576,0.0000
A5-DC/CAP,tj_180,a4_r_pad,E,0.8000,0.5000,1.5000,95.8368,95.8368,95.8368,0.0000
A5-DC/CAP,surf5,a4_r_pad,E,0.8000,0.5000,1.5000,32.2864,32.2864,32.2864,0.0000
A5-DC/CAP,case_ss,a4_r_pad,E,0.8000,0.5000,1.5000,105.6945,105.6945,105.6945,0.0000
A5-DC/CAP,tj_ss,a4_r_pad,E,0.8000,0.5000,1.5000,125.9480,125.9480,125.9480,0.0000
A5-DC/CAP,duty,a4_r_pad,E,0.8000,0.5000,1.5000,0.3500,0.3500,0.3500,0.0000
A5-DC/CAP,tj_pk,a4_r_via,DD,1.1000,0.9000,1.6000,95.8288,95.8288,95.8288,0.0000
A5-DC/CAP,case_d,a4_r_via,DD,1.1000,0.9000,1.6000,72.0249,72.0249,72.0249,0.0000
A5-DC/CAP,petg_d,a4_r_via,DD,1.1000,0.9000,1.6000,56.5892,56.5892,56.5892,0.0000
A5-DC/CAP,bay_d,a4_r_via,DD,1.1000,0.9000,1.6000,57.2847,57.2847,57.2847,0.0000
A5-DC/CAP,cell_d,a4_r_via,DD,1.1000,0.9000,1.6000,55.4627,55.4627,55.4627,0.0000
A5-DC/CAP,main_d,a4_r_via,DD,1.1000,0.9000,1.6000,55.4206,55.4206,55.4206,0.0000
A5-DC/CAP,fr4_d,a4_r_via,DD,1.1000,0.9000,1.6000,59.7328,59.7328,59.7328,0.0000
A5-DC/CAP,cell30,a4_r_via,DD,1.1000,0.9000,1.6000,50.6750,50.6750,50.6750,0.0000
A5-DC/CAP,main30,a4_r_via,DD,1.1000,0.9000,1.6000,54.9195,54.9195,54.9195,0.0000
A5-DC/CAP,tj_300,a4_r_via,DD,1.1000,0.9000,1.6000,107.0576,107.0576,107.0576,0.0000
A5-DC/CAP,tj_180,a4_r_via,DD,1.1000,0.9000,1.6000,95.8368,95.8368,95.8368,0.0000
A5-DC/CAP,surf5,a4_r_via,DD,1.1000,0.9000,1.6000,32.2864,32.2864,32.2864,0.0000
A5-DC/CAP,case_ss,a4_r_via,DD,1.1000,0.9000,1.6000,105.6945,105.6945,105.6945,0.0000
A5-DC/CAP,tj_ss,a4_r_via,DD,1.1000,0.9000,1.6000,125.9480,125.9480,125.9480,0.0000
A5-DC/CAP,duty,a4_r_via,DD,1.1000,0.9000,1.6000,0.3500,0.3500,0.3500,0.0000
A5-DC/CAP,tj_pk,a4_r_bs,E,0.6000,0.4000,1.0000,95.8288,95.8288,95.8288,0.0000
A5-DC/CAP,case_d,a4_r_bs,E,0.6000,0.4000,1.0000,72.0249,72.0249,72.0249,0.0000
A5-DC/CAP,petg_d,a4_r_bs,E,0.6000,0.4000,1.0000,56.5892,56.5892,56.5892,0.0000
A5-DC/CAP,bay_d,a4_r_bs,E,0.6000,0.4000,1.0000,57.2847,57.2847,57.2847,0.0000
A5-DC/CAP,cell_d,a4_r_bs,E,0.6000,0.4000,1.0000,55.4627,55.4627,55.4627,0.0000
A5-DC/CAP,main_d,a4_r_bs,E,0.6000,0.4000,1.0000,55.4206,55.4206,55.4206,0.0000
A5-DC/CAP,fr4_d,a4_r_bs,E,0.6000,0.4000,1.0000,59.7328,59.7328,59.7328,0.0000
A5-DC/CAP,cell30,a4_r_bs,E,0.6000,0.4000,1.0000,50.6750,50.6750,50.6750,0.0000
A5-DC/CAP,main30,a4_r_bs,E,0.6000,0.4000,1.0000,54.9195,54.9195,54.9195,0.0000
A5-DC/CAP,tj_300,a4_r_bs,E,0.6000,0.4000,1.0000,107.0576,107.0576,107.0576,0.0000
A5-DC/CAP,tj_180,a4_r_bs,E,0.6000,0.4000,1.0000,95.8368,95.8368,95.8368,0.0000
A5-DC/CAP,surf5,a4_r_bs,E,0.6000,0.4000,1.0000,32.2864,32.2864,32.2864,0.0000
A5-DC/CAP,case_ss,a4_r_bs,E,0.6000,0.4000,1.0000,105.6945,105.6945,105.6945,0.0000
A5-DC/CAP,tj_ss,a4_r_bs,E,0.6000,0.4000,1.0000,125.9480,125.9480,125.9480,0.0000
A5-DC/CAP,duty,a4_r_bs,E,0.6000,0.4000,1.0000,0.3500,0.3500,0.3500,0.0000
A5-DC/CAP,tj_pk,a4_gva_on_sink,E,0.5000,0.0000,0.5000,95.8288,95.8288,95.8288,0.0000
A5-DC/CAP,case_d,a4_gva_on_sink,E,0.5000,0.0000,0.5000,72.0249,72.0249,72.0249,0.0000
A5-DC/CAP,petg_d,a4_gva_on_sink,E,0.5000,0.0000,0.5000,56.5892,56.5892,56.5892,0.0000
A5-DC/CAP,bay_d,a4_gva_on_sink,E,0.5000,0.0000,0.5000,57.2847,57.2847,57.2847,0.0000
A5-DC/CAP,cell_d,a4_gva_on_sink,E,0.5000,0.0000,0.5000,55.4627,55.4627,55.4627,0.0000
A5-DC/CAP,main_d,a4_gva_on_sink,E,0.5000,0.0000,0.5000,55.4206,55.4206,55.4206,0.0000
A5-DC/CAP,fr4_d,a4_gva_on_sink,E,0.5000,0.0000,0.5000,59.7328,59.7328,59.7328,0.0000
A5-DC/CAP,cell30,a4_gva_on_sink,E,0.5000,0.0000,0.5000,50.6750,50.6750,50.6750,0.0000
A5-DC/CAP,main30,a4_gva_on_sink,E,0.5000,0.0000,0.5000,54.9195,54.9195,54.9195,0.0000
A5-DC/CAP,tj_300,a4_gva_on_sink,E,0.5000,0.0000,0.5000,107.0576,107.0576,107.0576,0.0000
A5-DC/CAP,tj_180,a4_gva_on_sink,E,0.5000,0.0000,0.5000,95.8368,95.8368,95.8368,0.0000
A5-DC/CAP,surf5,a4_gva_on_sink,E,0.5000,0.0000,0.5000,32.2864,32.2864,32.2864,0.0000
A5-DC/CAP,case_ss,a4_gva_on_sink,E,0.5000,0.0000,0.5000,105.6945,105.6945,105.6945,0.0000
A5-DC/CAP,tj_ss,a4_gva_on_sink,E,0.5000,0.0000,0.5000,125.9480,125.9480,125.9480,0.0000
A5-DC/CAP,duty,a4_gva_on_sink,E,0.5000,0.0000,0.5000,0.3500,0.3500,0.3500,0.0000
A5-DC/CAP,tj_pk,sink_mass,DD,57.0000,52.0000,62.0000,95.8288,95.8511,95.8108,0.0402
A5-DC/CAP,case_d,sink_mass,DD,57.0000,52.0000,62.0000,72.0249,72.0249,72.0249,0.0000
A5-DC/CAP,petg_d,sink_mass,DD,57.0000,52.0000,62.0000,56.5892,56.5892,56.5892,0.0000
A5-DC/CAP,bay_d,sink_mass,DD,57.0000,52.0000,62.0000,57.2847,57.2847,57.2847,0.0000
A5-DC/CAP,cell_d,sink_mass,DD,57.0000,52.0000,62.0000,55.4627,55.4627,55.4627,0.0000
A5-DC/CAP,main_d,sink_mass,DD,57.0000,52.0000,62.0000,55.4206,55.4206,55.4206,0.0000
A5-DC/CAP,fr4_d,sink_mass,DD,57.0000,52.0000,62.0000,59.7328,59.7328,59.7328,0.0000
A5-DC/CAP,cell30,sink_mass,DD,57.0000,52.0000,62.0000,50.6750,50.6766,50.6735,0.0031
A5-DC/CAP,main30,sink_mass,DD,57.0000,52.0000,62.0000,54.9195,54.9234,54.9154,0.0080
A5-DC/CAP,tj_300,sink_mass,DD,57.0000,52.0000,62.0000,107.0576,108.9516,105.3043,3.6473
A5-DC/CAP,tj_180,sink_mass,DD,57.0000,52.0000,62.0000,95.8368,97.5584,94.3060,3.2525
A5-DC/CAP,surf5,sink_mass,DD,57.0000,52.0000,62.0000,32.2864,32.7846,31.8427,0.9419
A5-DC/CAP,case_ss,sink_mass,DD,57.0000,52.0000,62.0000,105.6945,105.6945,105.6945,0.0000
A5-DC/CAP,tj_ss,sink_mass,DD,57.0000,52.0000,62.0000,125.9480,125.9480,125.9480,0.0000
A5-DC/CAP,duty,sink_mass,DD,57.0000,52.0000,62.0000,0.3500,0.3500,0.3500,0.0000
A5-DC/CAP,tj_pk,k_cat,DD,1.0000,0.9300,1.0700,95.8288,97.3167,94.5061,2.8105
A5-DC/CAP,case_d,k_cat,DD,1.0000,0.9300,1.0700,72.0249,73.5084,70.7059,2.8025
A5-DC/CAP,petg_d,k_cat,DD,1.0000,0.9300,1.0700,56.5892,56.6500,56.5344,0.1156
A5-DC/CAP,bay_d,k_cat,DD,1.0000,0.9300,1.0700,57.2847,57.3741,57.2040,0.1701
A5-DC/CAP,cell_d,k_cat,DD,1.0000,0.9300,1.0700,55.4627,55.4724,55.4540,0.0184
A5-DC/CAP,main_d,k_cat,DD,1.0000,0.9300,1.0700,55.4206,55.4329,55.4095,0.0233
A5-DC/CAP,fr4_d,k_cat,DD,1.0000,0.9300,1.0700,59.7328,60.1308,59.3733,0.7575
A5-DC/CAP,cell30,k_cat,DD,1.0000,0.9300,1.0700,50.6750,50.6762,50.6738,0.0023
A5-DC/CAP,main30,k_cat,DD,1.0000,0.9300,1.0700,54.9195,54.9266,54.9128,0.0139
A5-DC/CAP,tj_300,k_cat,DD,1.0000,0.9300,1.0700,107.0576,107.8951,106.2525,1.6426
A5-DC/CAP,tj_180,k_cat,DD,1.0000,0.9300,1.0700,95.8368,96.2003,95.4815,0.7187
A5-DC/CAP,surf5,k_cat,DD,1.0000,0.9300,1.0700,32.2864,32.1099,32.4495,0.3395
A5-DC/CAP,case_ss,k_cat,DD,1.0000,0.9300,1.0700,105.6945,107.3895,103.6971,3.6924
A5-DC/CAP,tj_ss,k_cat,DD,1.0000,0.9300,1.0700,125.9480,127.6431,123.9507,3.6924
A5-DC/CAP,duty,k_cat,DD,1.0000,0.9300,1.0700,0.3500,0.3500,0.3500,0.0000
A5-DC/CAP,tj_pk,k_orient,E,1.3500,1.1000,2.0000,95.8288,91.9823,104.8861,12.9038
A5-DC/CAP,case_d,k_orient,E,1.3500,1.1000,2.0000,72.0249,68.1984,81.0504,12.8520
A5-DC/CAP,petg_d,k_orient,E,1.3500,1.1000,2.0000,56.5892,56.4274,56.9476,0.5201
A5-DC/CAP,bay_d,k_orient,E,1.3500,1.1000,2.0000,57.2847,57.0466,57.8116,0.7650
A5-DC/CAP,cell_d,k_orient,E,1.3500,1.1000,2.0000,55.4627,55.4369,55.5198,0.0829
A5-DC/CAP,main_d,k_orient,E,1.3500,1.1000,2.0000,55.4206,55.3879,55.4930,0.1050
A5-DC/CAP,fr4_d,k_orient,E,1.3500,1.1000,2.0000,59.7328,58.6719,62.0762,3.4044
A5-DC/CAP,cell30,k_orient,E,1.3500,1.1000,2.0000,50.6750,50.6715,50.6813,0.0098
A5-DC/CAP,main30,k_orient,E,1.3500,1.1000,2.0000,54.9195,54.8993,54.9581,0.0588
A5-DC/CAP,tj_300,k_orient,E,1.3500,1.1000,2.0000,107.0576,104.5535,111.2522,6.6987
A5-DC/CAP,tj_180,k_orient,E,1.3500,1.1000,2.0000,95.8368,94.7117,97.5979,2.8863
A5-DC/CAP,surf5,k_orient,E,1.3500,1.1000,2.0000,32.2864,32.7719,31.3387,1.4332
A5-DC/CAP,case_ss,k_orient,E,1.3500,1.1000,2.0000,105.6945,99.2834,124.9737,25.6903
A5-DC/CAP,tj_ss,k_orient,E,1.3500,1.1000,2.0000,125.9480,119.5369,145.2272,25.6903
A5-DC/CAP,duty,k_orient,E,1.3500,1.1000,2.0000,0.3500,0.3500,0.3500,0.0000
A5-DC/CAP,tj_pk,r_frac,E,0.3500,0.2500,0.4500,95.8288,96.0192,95.6962,0.3230
A5-DC/CAP,case_d,r_frac,E,0.3500,0.2500,0.4500,72.0249,72.2157,71.8918,0.3239
A5-DC/CAP,petg_d,r_frac,E,0.3500,0.2500,0.4500,56.5892,56.5455,56.6315,0.0860
A5-DC/CAP,bay_d,r_frac,E,0.3500,0.2500,0.4500,57.2847,57.2204,57.3469,0.1265
A5-DC/CAP,cell_d,r_frac,E,0.3500,0.2500,0.4500,55.4627,55.4558,55.4695,0.0137
A5-DC/CAP,main_d,r_frac,E,0.3500,0.2500,0.4500,55.4206,55.4118,55.4292,0.0174
A5-DC/CAP,fr4_d,r_frac,E,0.3500,0.2500,0.4500,59.7328,59.4464,60.0098,0.5634
A5-DC/CAP,cell30,r_frac,E,0.3500,0.2500,0.4500,50.6750,50.6721,50.6777,0.0057
A5-DC/CAP,main30,r_frac,E,0.3500,0.2500,0.4500,54.9195,54.9083,54.9301,0.0218
A5-DC/CAP,tj_300,r_frac,E,0.3500,0.2500,0.4500,107.0576,107.3217,106.8215,0.5001
A5-DC/CAP,tj_180,r_frac,E,0.3500,0.2500,0.4500,95.8368,95.9720,95.7104,0.2615
A5-DC/CAP,surf5,r_frac,E,0.3500,0.2500,0.4500,32.2864,31.0079,33.4597,2.4517
A5-DC/CAP,case_ss,r_frac,E,0.3500,0.2500,0.4500,105.6945,105.8745,105.5824,0.2921
A5-DC/CAP,tj_ss,r_frac,E,0.3500,0.2500,0.4500,125.9480,126.1280,125.8360,0.2921
A5-DC/CAP,duty,r_frac,E,0.3500,0.2500,0.4500,0.3500,0.3500,0.3500,0.0000
A5-DC/CAP,tj_pk,eta_encl,E,0.6000,0.4000,0.8000,95.8288,95.8288,95.8288,0.0000
A5-DC/CAP,case_d,eta_encl,E,0.6000,0.4000,0.8000,72.0249,72.0249,72.0249,0.0000
A5-DC/CAP,petg_d,eta_encl,E,0.6000,0.4000,0.8000,56.5892,56.5892,56.5892,0.0000
A5-DC/CAP,bay_d,eta_encl,E,0.6000,0.4000,0.8000,57.2847,57.2847,57.2847,0.0000
A5-DC/CAP,cell_d,eta_encl,E,0.6000,0.4000,0.8000,55.4627,55.4627,55.4627,0.0000
A5-DC/CAP,main_d,eta_encl,E,0.6000,0.4000,0.8000,55.4206,55.4206,55.4206,0.0000
A5-DC/CAP,fr4_d,eta_encl,E,0.6000,0.4000,0.8000,59.7328,59.7328,59.7328,0.0000
A5-DC/CAP,cell30,eta_encl,E,0.6000,0.4000,0.8000,50.6750,50.6750,50.6750,0.0000
A5-DC/CAP,main30,eta_encl,E,0.6000,0.4000,0.8000,54.9195,54.9195,54.9195,0.0000
A5-DC/CAP,tj_300,eta_encl,E,0.6000,0.4000,0.8000,107.0576,107.0576,107.0576,0.0000
A5-DC/CAP,tj_180,eta_encl,E,0.6000,0.4000,0.8000,95.8368,95.8368,95.8368,0.0000
A5-DC/CAP,surf5,eta_encl,E,0.6000,0.4000,0.8000,32.2864,32.2864,32.2864,0.0000
A5-DC/CAP,case_ss,eta_encl,E,0.6000,0.4000,0.8000,105.6945,105.6945,105.6945,0.0000
A5-DC/CAP,tj_ss,eta_encl,E,0.6000,0.4000,0.8000,125.9480,125.9480,125.9480,0.0000
A5-DC/CAP,duty,eta_encl,E,0.6000,0.4000,0.8000,0.3500,0.3500,0.3500,0.0000
A5-DC/CAP,tj_pk,eta_wall,E,0.6000,0.4500,0.7500,95.8288,97.2108,94.5878,2.6230
A5-DC/CAP,case_d,eta_wall,E,0.6000,0.4500,0.7500,72.0249,73.4027,70.7876,2.6150
A5-DC/CAP,petg_d,eta_wall,E,0.6000,0.4500,0.7500,56.5892,56.6586,56.5272,0.1314
A5-DC/CAP,bay_d,eta_wall,E,0.6000,0.4500,0.7500,57.2847,57.3867,57.1934,0.1933
A5-DC/CAP,cell_d,eta_wall,E,0.6000,0.4500,0.7500,55.4627,55.4738,55.4529,0.0209
A5-DC/CAP,main_d,eta_wall,E,0.6000,0.4500,0.7500,55.4206,55.4346,55.4081,0.0265
A5-DC/CAP,fr4_d,eta_wall,E,0.6000,0.4500,0.7500,59.7328,60.1869,59.3263,0.8606
A5-DC/CAP,cell30,eta_wall,E,0.6000,0.4500,0.7500,50.6750,50.6768,50.6733,0.0036
A5-DC/CAP,main30,eta_wall,E,0.6000,0.4500,0.7500,54.9195,54.9291,54.9106,0.0184
A5-DC/CAP,tj_300,eta_wall,E,0.6000,0.4500,0.7500,107.0576,107.7998,106.3395,1.4602
A5-DC/CAP,tj_180,eta_wall,E,0.6000,0.4500,0.7500,95.8368,96.1542,95.5253,0.6289
A5-DC/CAP,surf5,eta_wall,E,0.6000,0.4500,0.7500,32.2864,32.4134,32.1631,0.2502
A5-DC/CAP,case_ss,eta_wall,E,0.6000,0.4500,0.7500,105.6945,107.2817,103.8225,3.4592
A5-DC/CAP,tj_ss,eta_wall,E,0.6000,0.4500,0.7500,125.9480,127.5352,124.0760,3.4592
A5-DC/CAP,duty,eta_wall,E,0.6000,0.4500,0.7500,0.3500,0.3500,0.3500,0.0000
A5-DC/CAP,tj_pk,eta_guard3,E,0.7500,0.6000,0.8500,95.8288,95.8288,95.8288,0.0000
A5-DC/CAP,case_d,eta_guard3,E,0.7500,0.6000,0.8500,72.0249,72.0249,72.0249,0.0000
A5-DC/CAP,petg_d,eta_guard3,E,0.7500,0.6000,0.8500,56.5892,56.5892,56.5892,0.0000
A5-DC/CAP,bay_d,eta_guard3,E,0.7500,0.6000,0.8500,57.2847,57.2847,57.2847,0.0000
A5-DC/CAP,cell_d,eta_guard3,E,0.7500,0.6000,0.8500,55.4627,55.4627,55.4627,0.0000
A5-DC/CAP,main_d,eta_guard3,E,0.7500,0.6000,0.8500,55.4206,55.4206,55.4206,0.0000
A5-DC/CAP,fr4_d,eta_guard3,E,0.7500,0.6000,0.8500,59.7328,59.7328,59.7328,0.0000
A5-DC/CAP,cell30,eta_guard3,E,0.7500,0.6000,0.8500,50.6750,50.6750,50.6750,0.0000
A5-DC/CAP,main30,eta_guard3,E,0.7500,0.6000,0.8500,54.9195,54.9195,54.9195,0.0000
A5-DC/CAP,tj_300,eta_guard3,E,0.7500,0.6000,0.8500,107.0576,107.0576,107.0576,0.0000
A5-DC/CAP,tj_180,eta_guard3,E,0.7500,0.6000,0.8500,95.8368,95.8368,95.8368,0.0000
A5-DC/CAP,surf5,eta_guard3,E,0.7500,0.6000,0.8500,32.2864,32.2864,32.2864,0.0000
A5-DC/CAP,case_ss,eta_guard3,E,0.7500,0.6000,0.8500,105.6945,105.6945,105.6945,0.0000
A5-DC/CAP,tj_ss,eta_guard3,E,0.7500,0.6000,0.8500,125.9480,125.9480,125.9480,0.0000
A5-DC/CAP,duty,eta_guard3,E,0.7500,0.6000,0.8500,0.3500,0.3500,0.3500,0.0000
A5-DC/CAP,tj_pk,phi3,E,0.5000,0.3500,0.6500,95.8288,95.8288,95.8288,0.0000
A5-DC/CAP,case_d,phi3,E,0.5000,0.3500,0.6500,72.0249,72.0249,72.0249,0.0000
A5-DC/CAP,petg_d,phi3,E,0.5000,0.3500,0.6500,56.5892,56.5892,56.5892,0.0000
A5-DC/CAP,bay_d,phi3,E,0.5000,0.3500,0.6500,57.2847,57.2847,57.2847,0.0000
A5-DC/CAP,cell_d,phi3,E,0.5000,0.3500,0.6500,55.4627,55.4627,55.4627,0.0000
A5-DC/CAP,main_d,phi3,E,0.5000,0.3500,0.6500,55.4206,55.4206,55.4206,0.0000
A5-DC/CAP,fr4_d,phi3,E,0.5000,0.3500,0.6500,59.7328,59.7328,59.7328,0.0000
A5-DC/CAP,cell30,phi3,E,0.5000,0.3500,0.6500,50.6750,50.6750,50.6750,0.0000
A5-DC/CAP,main30,phi3,E,0.5000,0.3500,0.6500,54.9195,54.9195,54.9195,0.0000
A5-DC/CAP,tj_300,phi3,E,0.5000,0.3500,0.6500,107.0576,107.0576,107.0576,0.0000
A5-DC/CAP,tj_180,phi3,E,0.5000,0.3500,0.6500,95.8368,95.8368,95.8368,0.0000
A5-DC/CAP,surf5,phi3,E,0.5000,0.3500,0.6500,32.2864,32.2864,32.2864,0.0000
A5-DC/CAP,case_ss,phi3,E,0.5000,0.3500,0.6500,105.6945,105.6945,105.6945,0.0000
A5-DC/CAP,tj_ss,phi3,E,0.5000,0.3500,0.6500,125.9480,125.9480,125.9480,0.0000
A5-DC/CAP,duty,phi3,E,0.5000,0.3500,0.6500,0.3500,0.3500,0.3500,0.0000
A5-DC/CAP,tj_pk,eta_guard_dc,E,0.8500,0.7500,0.9200,95.8288,96.7330,95.2335,1.4995
A5-DC/CAP,case_d,eta_guard_dc,E,0.8500,0.7500,0.9200,72.0249,72.9263,71.4314,1.4949
A5-DC/CAP,petg_d,eta_guard_dc,E,0.8500,0.7500,0.9200,56.5892,56.6346,56.5595,0.0751
A5-DC/CAP,bay_d,eta_guard_dc,E,0.8500,0.7500,0.9200,57.2847,57.3514,57.2409,0.1105
A5-DC/CAP,cell_d,eta_guard_dc,E,0.8500,0.7500,0.9200,55.4627,55.4700,55.4580,0.0120
A5-DC/CAP,main_d,eta_guard_dc,E,0.8500,0.7500,0.9200,55.4206,55.4298,55.4146,0.0152
A5-DC/CAP,fr4_d,eta_guard_dc,E,0.8500,0.7500,0.9200,59.7328,60.0297,59.5377,0.4920
A5-DC/CAP,cell30,eta_guard_dc,E,0.8500,0.7500,0.9200,50.6750,50.6762,50.6742,0.0020
A5-DC/CAP,main30,eta_guard_dc,E,0.8500,0.7500,0.9200,54.9195,54.9258,54.9152,0.0105
A5-DC/CAP,tj_300,eta_guard_dc,E,0.8500,0.7500,0.9200,107.0576,107.5496,106.7195,0.8301
A5-DC/CAP,tj_180,eta_guard_dc,E,0.8500,0.7500,0.9200,95.8368,96.0477,95.6907,0.3570
A5-DC/CAP,surf5,eta_guard_dc,E,0.8500,0.7500,0.9200,32.2864,32.3706,32.2284,0.1422
A5-DC/CAP,case_ss,eta_guard_dc,E,0.8500,0.7500,0.9200,105.6945,106.7345,104.8989,1.8357
A5-DC/CAP,tj_ss,eta_guard_dc,E,0.8500,0.7500,0.9200,125.9480,126.9881,125.1524,1.8357
A5-DC/CAP,duty,eta_guard_dc,E,0.8500,0.7500,0.9200,0.3500,0.3500,0.3500,0.0000
A5-DC/CAP,tj_pk,phi_dc,E,0.3500,0.2500,0.5000,95.8288,95.6340,96.1560,0.5220
A5-DC/CAP,case_d,phi_dc,E,0.3500,0.2500,0.5000,72.0249,71.8310,72.3508,0.5198
A5-DC/CAP,petg_d,phi_dc,E,0.3500,0.2500,0.5000,56.5892,56.5795,56.6056,0.0261
A5-DC/CAP,bay_d,phi_dc,E,0.3500,0.2500,0.5000,57.2847,57.2704,57.3088,0.0384
A5-DC/CAP,cell_d,phi_dc,E,0.3500,0.2500,0.5000,55.4627,55.4612,55.4654,0.0042
A5-DC/CAP,main_d,phi_dc,E,0.3500,0.2500,0.5000,55.4206,55.4187,55.4239,0.0053
A5-DC/CAP,fr4_d,phi_dc,E,0.3500,0.2500,0.5000,59.7328,59.6690,59.8401,0.1711
A5-DC/CAP,cell30,phi_dc,E,0.3500,0.2500,0.5000,50.6750,50.6748,50.6753,0.0006
A5-DC/CAP,main30,phi_dc,E,0.3500,0.2500,0.5000,54.9195,54.9183,54.9214,0.0031
A5-DC/CAP,tj_300,phi_dc,E,0.3500,0.2500,0.5000,107.0576,107.0054,107.1437,0.1383
A5-DC/CAP,tj_180,phi_dc,E,0.3500,0.2500,0.5000,95.8368,95.8214,95.8624,0.0411
A5-DC/CAP,surf5,phi_dc,E,0.3500,0.2500,0.5000,32.2864,31.7281,33.1262,1.3982
A5-DC/CAP,case_ss,phi_dc,E,0.3500,0.2500,0.5000,105.6945,105.5007,106.0112,0.5105
A5-DC/CAP,tj_ss,phi_dc,E,0.3500,0.2500,0.5000,125.9480,125.7542,126.2647,0.5105
A5-DC/CAP,duty,phi_dc,E,0.3500,0.2500,0.5000,0.3500,0.3500,0.3500,0.0000
A5-DC/CAP,tj_pk,shield_rad,E,0.2500,0.1500,0.4000,95.8288,95.6651,96.0883,0.4232
A5-DC/CAP,case_d,shield_rad,E,0.2500,0.1500,0.4000,72.0249,71.8619,72.2832,0.4213
A5-DC/CAP,petg_d,shield_rad,E,0.2500,0.1500,0.4000,56.5892,56.5073,56.7045,0.1972
A5-DC/CAP,bay_d,shield_rad,E,0.2500,0.1500,0.4000,57.2847,57.1641,57.4542,0.2901
A5-DC/CAP,cell_d,shield_rad,E,0.2500,0.1500,0.4000,55.4627,55.4497,55.4811,0.0314
A5-DC/CAP,main_d,shield_rad,E,0.2500,0.1500,0.4000,55.4206,55.4041,55.4439,0.0398
A5-DC/CAP,fr4_d,shield_rad,E,0.2500,0.1500,0.4000,59.7328,59.1959,60.4875,1.2916
A5-DC/CAP,cell30,shield_rad,E,0.2500,0.1500,0.4000,50.6750,50.6702,50.6817,0.0115
A5-DC/CAP,main30,shield_rad,E,0.2500,0.1500,0.4000,54.9195,54.9005,54.9459,0.0454
A5-DC/CAP,tj_300,shield_rad,E,0.2500,0.1500,0.4000,107.0576,107.0250,107.1117,0.0867
A5-DC/CAP,tj_180,shield_rad,E,0.2500,0.1500,0.4000,95.8368,95.8275,95.8523,0.0248
A5-DC/CAP,surf5,shield_rad,E,0.2500,0.1500,0.4000,32.2864,32.2819,32.2939,0.0120
A5-DC/CAP,case_ss,shield_rad,E,0.2500,0.1500,0.4000,105.6945,105.5149,105.9834,0.4685
A5-DC/CAP,tj_ss,shield_rad,E,0.2500,0.1500,0.4000,125.9480,125.7684,126.2370,0.4685
A5-DC/CAP,duty,shield_rad,E,0.2500,0.1500,0.4000,0.3500,0.3500,0.3500,0.0000
A5-DC/CAP,tj_pk,main_vent_area,E,0.0002,0.0000,0.0003,95.8288,95.8379,95.8250,0.0129
A5-DC/CAP,case_d,main_vent_area,E,0.0002,0.0000,0.0003,72.0249,72.0340,72.0211,0.0129
A5-DC/CAP,petg_d,main_vent_area,E,0.0002,0.0000,0.0003,56.5892,57.0696,56.3883,0.6813
A5-DC/CAP,bay_d,main_vent_area,E,0.0002,0.0000,0.0003,57.2847,57.4985,57.1950,0.3035
A5-DC/CAP,cell_d,main_vent_area,E,0.0002,0.0000,0.0003,55.4627,56.1966,55.1559,1.0407
A5-DC/CAP,main_d,main_vent_area,E,0.0002,0.0000,0.0003,55.4206,56.3500,55.0318,1.3182
A5-DC/CAP,fr4_d,main_vent_area,E,0.0002,0.0000,0.0003,59.7328,59.8661,59.6770,0.1892
A5-DC/CAP,cell30,main_vent_area,E,0.0002,0.0000,0.0003,50.6750,50.8520,50.5943,0.2577
A5-DC/CAP,main30,main_vent_area,E,0.0002,0.0000,0.0003,54.9195,55.5568,54.6363,0.9206
A5-DC/CAP,tj_300,main_vent_area,E,0.0002,0.0000,0.0003,107.0576,107.0576,107.0576,0.0000
A5-DC/CAP,tj_180,main_vent_area,E,0.0002,0.0000,0.0003,95.8368,95.8368,95.8368,0.0000
A5-DC/CAP,surf5,main_vent_area,E,0.0002,0.0000,0.0003,32.2864,32.2864,32.2864,0.0000
A5-DC/CAP,case_ss,main_vent_area,E,0.0002,0.0000,0.0003,105.6945,105.7009,105.6919,0.0090
A5-DC/CAP,tj_ss,main_vent_area,E,0.0002,0.0000,0.0003,125.9480,125.9544,125.9454,0.0090
A5-DC/CAP,duty,main_vent_area,E,0.0002,0.0000,0.0003,0.3500,0.3500,0.3500,0.0000
A5-DC/CAP,tj_pk,k_petg,E,0.2000,0.1800,0.2500,95.8288,95.8295,95.8275,0.0020
A5-DC/CAP,case_d,k_petg,E,0.2000,0.1800,0.2500,72.0249,72.0256,72.0236,0.0020
A5-DC/CAP,petg_d,k_petg,E,0.2000,0.1800,0.2500,56.5892,56.6174,56.5380,0.0795
A5-DC/CAP,bay_d,k_petg,E,0.2000,0.1800,0.2500,57.2847,57.3012,57.2547,0.0464
A5-DC/CAP,cell_d,k_petg,E,0.2000,0.1800,0.2500,55.4627,55.4955,55.4036,0.0919
A5-DC/CAP,main_d,k_petg,E,0.2000,0.1800,0.2500,55.4206,55.4603,55.3490,0.1113
A5-DC/CAP,fr4_d,k_petg,E,0.2000,0.1800,0.2500,59.7328,59.7431,59.7142,0.0289
A5-DC/CAP,cell30,k_petg,E,0.2000,0.1800,0.2500,50.6750,50.6837,50.6591,0.0247
A5-DC/CAP,main30,k_petg,E,0.2000,0.1800,0.2500,54.9195,54.9482,54.8674,0.0808
A5-DC/CAP,tj_300,k_petg,E,0.2000,0.1800,0.2500,107.0576,107.0576,107.0575,0.0001
A5-DC/CAP,tj_180,k_petg,E,0.2000,0.1800,0.2500,95.8368,95.8368,95.8368,0.0000
A5-DC/CAP,surf5,k_petg,E,0.2000,0.1800,0.2500,32.2864,32.2494,32.3539,0.1045
A5-DC/CAP,case_ss,k_petg,E,0.2000,0.1800,0.2500,105.6945,105.6949,105.6937,0.0013
A5-DC/CAP,tj_ss,k_petg,E,0.2000,0.1800,0.2500,125.9480,125.9485,125.9472,0.0013
A5-DC/CAP,duty,k_petg,E,0.2000,0.1800,0.2500,0.3500,0.3500,0.3500,0.0000
A5-DC/CAP,tj_pk,h_out_c,E,4.0000,3.0000,6.0000,95.8288,95.9015,95.7039,0.1976
A5-DC/CAP,case_d,h_out_c,E,4.0000,3.0000,6.0000,72.0249,72.0972,71.9008,0.1965
A5-DC/CAP,petg_d,h_out_c,E,4.0000,3.0000,6.0000,56.5892,56.8124,56.2330,0.5795
A5-DC/CAP,bay_d,h_out_c,E,4.0000,3.0000,6.0000,57.2847,57.4269,57.0541,0.3728
A5-DC/CAP,cell_d,h_out_c,E,4.0000,3.0000,6.0000,55.4627,55.8485,54.8538,0.9946
A5-DC/CAP,main_d,h_out_c,E,4.0000,3.0000,6.0000,55.4206,55.7803,54.8524,0.9279
A5-DC/CAP,fr4_d,h_out_c,E,4.0000,3.0000,6.0000,59.7328,59.8403,59.5567,0.2836
A5-DC/CAP,cell30,h_out_c,E,4.0000,3.0000,6.0000,50.6750,50.7641,50.5231,0.2410
A5-DC/CAP,main30,h_out_c,E,4.0000,3.0000,6.0000,54.9195,55.1356,54.5582,0.5774
A5-DC/CAP,tj_300,h_out_c,E,4.0000,3.0000,6.0000,107.0576,107.0646,107.0441,0.0205
A5-DC/CAP,tj_180,h_out_c,E,4.0000,3.0000,6.0000,95.8368,95.8381,95.8343,0.0038
A5-DC/CAP,surf5,h_out_c,E,4.0000,3.0000,6.0000,32.2864,32.5065,31.8740,0.6324
A5-DC/CAP,case_ss,h_out_c,E,4.0000,3.0000,6.0000,105.6945,105.7707,105.5612,0.2095
A5-DC/CAP,tj_ss,h_out_c,E,4.0000,3.0000,6.0000,125.9480,126.0242,125.8147,0.2095
A5-DC/CAP,duty,h_out_c,E,4.0000,3.0000,6.0000,0.3500,0.3500,0.3500,0.0000
A5-DC/CAP,tj_pk,h_in_c,E,2.5000,1.5000,4.0000,95.8288,95.8478,95.8039,0.0439
A5-DC/CAP,case_d,h_in_c,E,2.5000,1.5000,4.0000,72.0249,72.0438,72.0002,0.0436
A5-DC/CAP,petg_d,h_in_c,E,2.5000,1.5000,4.0000,56.5892,56.8644,56.2673,0.5971
A5-DC/CAP,bay_d,h_in_c,E,2.5000,1.5000,4.0000,57.2847,57.4655,57.0570,0.4085
A5-DC/CAP,cell_d,h_in_c,E,2.5000,1.5000,4.0000,55.4627,55.7239,55.1527,0.5712
A5-DC/CAP,main_d,h_in_c,E,2.5000,1.5000,4.0000,55.4206,55.8991,54.8518,1.0473
A5-DC/CAP,fr4_d,h_in_c,E,2.5000,1.5000,4.0000,59.7328,60.0094,59.3701,0.6393
A5-DC/CAP,cell30,h_in_c,E,2.5000,1.5000,4.0000,50.6750,50.7665,50.5640,0.2025
A5-DC/CAP,main30,h_in_c,E,2.5000,1.5000,4.0000,54.9195,55.3317,54.4240,0.9077
A5-DC/CAP,tj_300,h_in_c,E,2.5000,1.5000,4.0000,107.0576,107.0546,107.0614,0.0068
A5-DC/CAP,tj_180,h_in_c,E,2.5000,1.5000,4.0000,95.8368,95.8355,95.8386,0.0032
A5-DC/CAP,surf5,h_in_c,E,2.5000,1.5000,4.0000,32.2864,32.2858,32.2871,0.0012
A5-DC/CAP,case_ss,h_in_c,E,2.5000,1.5000,4.0000,105.6945,105.7137,105.6693,0.0443
A5-DC/CAP,tj_ss,h_in_c,E,2.5000,1.5000,4.0000,125.9480,125.9672,125.9229,0.0443
A5-DC/CAP,duty,h_in_c,E,2.5000,1.5000,4.0000,0.3500,0.3500,0.3500,0.0000
A5-DC/CAP,tj_pk,g_leads,E,0.0150,0.0080,0.0300,95.8288,95.8342,95.8200,0.0142
A5-DC/CAP,case_d,g_leads,E,0.0150,0.0080,0.0300,72.0249,72.0303,72.0162,0.0141
A5-DC/CAP,petg_d,g_leads,E,0.0150,0.0080,0.0300,56.5892,56.6438,56.5006,0.1432
A5-DC/CAP,bay_d,g_leads,E,0.0150,0.0080,0.0300,57.2847,57.4110,57.0796,0.3314
A5-DC/CAP,cell_d,g_leads,E,0.0150,0.0080,0.0300,55.4627,55.4099,55.5479,0.1380
A5-DC/CAP,main_d,g_leads,E,0.0150,0.0080,0.0300,55.4206,55.3537,55.5285,0.1748
A5-DC/CAP,fr4_d,g_leads,E,0.0150,0.0080,0.0300,59.7328,59.8116,59.6051,0.2065
A5-DC/CAP,cell30,g_leads,E,0.0150,0.0080,0.0300,50.6750,50.6352,50.7434,0.1082
A5-DC/CAP,main30,g_leads,E,0.0150,0.0080,0.0300,54.9195,54.7956,55.1251,0.3296
A5-DC/CAP,tj_300,g_leads,E,0.0150,0.0080,0.0300,107.0576,107.0580,107.0566,0.0014
A5-DC/CAP,tj_180,g_leads,E,0.0150,0.0080,0.0300,95.8368,95.8369,95.8366,0.0003
A5-DC/CAP,surf5,g_leads,E,0.0150,0.0080,0.0300,32.2864,32.2864,32.2863,0.0001
A5-DC/CAP,case_ss,g_leads,E,0.0150,0.0080,0.0300,105.6945,105.7005,105.6845,0.0160
A5-DC/CAP,tj_ss,g_leads,E,0.0150,0.0080,0.0300,125.9480,125.9540,125.9380,0.0160
A5-DC/CAP,duty,g_leads,E,0.0150,0.0080,0.0300,0.3500,0.3500,0.3500,0.0000
A5-DC/CAP,tj_pk,g_cell_main,E,0.0300,0.0200,0.0450,95.8288,95.8288,95.8288,0.0000
A5-DC/CAP,case_d,g_cell_main,E,0.0300,0.0200,0.0450,72.0249,72.0249,72.0249,0.0000
A5-DC/CAP,petg_d,g_cell_main,E,0.0300,0.0200,0.0450,56.5892,56.5889,56.5896,0.0007
A5-DC/CAP,bay_d,g_cell_main,E,0.0300,0.0200,0.0450,57.2847,57.2845,57.2848,0.0003
A5-DC/CAP,cell_d,g_cell_main,E,0.0300,0.0200,0.0450,55.4627,55.4730,55.4534,0.0195
A5-DC/CAP,main_d,g_cell_main,E,0.0300,0.0200,0.0450,55.4206,55.4199,55.4213,0.0013
A5-DC/CAP,fr4_d,g_cell_main,E,0.0300,0.0200,0.0450,59.7328,59.7327,59.7329,0.0002
A5-DC/CAP,cell30,g_cell_main,E,0.0300,0.0200,0.0450,50.6750,50.1217,51.3182,1.1966
A5-DC/CAP,main30,g_cell_main,E,0.0300,0.0200,0.0450,54.9195,55.0980,54.7319,0.3660
A5-DC/CAP,tj_300,g_cell_main,E,0.0300,0.0200,0.0450,107.0576,107.0576,107.0575,0.0000
A5-DC/CAP,tj_180,g_cell_main,E,0.0300,0.0200,0.0450,95.8368,95.8368,95.8368,0.0000
A5-DC/CAP,surf5,g_cell_main,E,0.0300,0.0200,0.0450,32.2864,32.2864,32.2864,0.0000
A5-DC/CAP,case_ss,g_cell_main,E,0.0300,0.0200,0.0450,105.6945,105.6943,105.6946,0.0003
A5-DC/CAP,tj_ss,g_cell_main,E,0.0300,0.0200,0.0450,125.9480,125.9479,125.9482,0.0003
A5-DC/CAP,duty,g_cell_main,E,0.0300,0.0200,0.0450,0.3500,0.3500,0.3500,0.0000
A5-DC/CAP,tj_pk,g_cell_wall,E,0.0200,0.0100,0.0300,95.8288,95.8301,95.8279,0.0022
A5-DC/CAP,case_d,g_cell_wall,E,0.0200,0.0100,0.0300,72.0249,72.0263,72.0240,0.0022
A5-DC/CAP,petg_d,g_cell_wall,E,0.0200,0.0100,0.0300,56.5892,56.6605,56.5430,0.1175
A5-DC/CAP,bay_d,g_cell_wall,E,0.0200,0.0100,0.0300,57.2847,57.3164,57.2641,0.0524
A5-DC/CAP,cell_d,g_cell_wall,E,0.0200,0.0100,0.0300,55.4627,56.9421,54.5037,2.4383
A5-DC/CAP,main_d,g_cell_wall,E,0.0200,0.0100,0.0300,55.4206,55.5585,55.3312,0.2273
A5-DC/CAP,fr4_d,g_cell_wall,E,0.0200,0.0100,0.0300,59.7328,59.7526,59.7200,0.0326
A5-DC/CAP,cell30,g_cell_wall,E,0.0200,0.0100,0.0300,50.6750,50.6844,50.6611,0.0233
A5-DC/CAP,main30,g_cell_wall,E,0.0200,0.0100,0.0300,54.9195,54.9096,54.9291,0.0194
A5-DC/CAP,tj_300,g_cell_wall,E,0.0200,0.0100,0.0300,107.0576,107.0576,107.0576,0.0000
A5-DC/CAP,tj_180,g_cell_wall,E,0.0200,0.0100,0.0300,95.8368,95.8368,95.8368,0.0000
A5-DC/CAP,surf5,g_cell_wall,E,0.0200,0.0100,0.0300,32.2864,32.2864,32.2864,0.0000
A5-DC/CAP,case_ss,g_cell_wall,E,0.0200,0.0100,0.0300,105.6945,105.6955,105.6939,0.0016
A5-DC/CAP,tj_ss,g_cell_wall,E,0.0200,0.0100,0.0300,125.9480,125.9490,125.9474,0.0016
A5-DC/CAP,duty,g_cell_wall,E,0.0200,0.0100,0.0300,0.3500,0.3500,0.3500,0.0000
A5-DC/CAP,tj_pk,vent_area,E,0.0004,0.0000,0.0005,95.8288,95.8288,95.8288,0.0000
A5-DC/CAP,case_d,vent_area,E,0.0004,0.0000,0.0005,72.0249,72.0249,72.0249,0.0000
A5-DC/CAP,petg_d,vent_area,E,0.0004,0.0000,0.0005,56.5892,56.5892,56.5892,0.0000
A5-DC/CAP,bay_d,vent_area,E,0.0004,0.0000,0.0005,57.2847,57.2847,57.2847,0.0000
A5-DC/CAP,cell_d,vent_area,E,0.0004,0.0000,0.0005,55.4627,55.4627,55.4627,0.0000
A5-DC/CAP,main_d,vent_area,E,0.0004,0.0000,0.0005,55.4206,55.4206,55.4206,0.0000
A5-DC/CAP,fr4_d,vent_area,E,0.0004,0.0000,0.0005,59.7328,59.7328,59.7328,0.0000
A5-DC/CAP,cell30,vent_area,E,0.0004,0.0000,0.0005,50.6750,50.6750,50.6750,0.0000
A5-DC/CAP,main30,vent_area,E,0.0004,0.0000,0.0005,54.9195,54.9195,54.9195,0.0000
A5-DC/CAP,tj_300,vent_area,E,0.0004,0.0000,0.0005,107.0576,107.0576,107.0576,0.0000
A5-DC/CAP,tj_180,vent_area,E,0.0004,0.0000,0.0005,95.8368,95.8368,95.8368,0.0000
A5-DC/CAP,surf5,vent_area,E,0.0004,0.0000,0.0005,32.2864,32.2864,32.2864,0.0000
A5-DC/CAP,case_ss,vent_area,E,0.0004,0.0000,0.0005,105.6945,105.6945,105.6945,0.0000
A5-DC/CAP,tj_ss,vent_area,E,0.0004,0.0000,0.0005,125.9480,125.9480,125.9480,0.0000
A5-DC/CAP,duty,vent_area,E,0.0004,0.0000,0.0005,0.3500,0.3500,0.3500,0.0000
A5-DC/CAP,tj_pk,vent_area_dc,E,0.0005,0.0003,0.0006,95.8288,95.9694,95.7919,0.1775
A5-DC/CAP,case_d,vent_area_dc,E,0.0005,0.0003,0.0006,72.0249,72.1651,71.9882,0.1769
A5-DC/CAP,petg_d,vent_area_dc,E,0.0005,0.0003,0.0006,56.5892,58.8278,56.0004,2.8275
A5-DC/CAP,bay_d,vent_area_dc,E,0.0005,0.0003,0.0006,57.2847,60.5666,56.4175,4.1492
A5-DC/CAP,cell_d,vent_area_dc,E,0.0005,0.0003,0.0006,55.4627,55.8188,55.3688,0.4499
A5-DC/CAP,main_d,vent_area_dc,E,0.0005,0.0003,0.0006,55.4206,55.8716,55.3016,0.5700
A5-DC/CAP,fr4_d,vent_area_dc,E,0.0005,0.0003,0.0006,59.7328,61.7908,59.1933,2.5975
A5-DC/CAP,cell30,vent_area_dc,E,0.0005,0.0003,0.0006,50.6750,50.7465,50.6530,0.0935
A5-DC/CAP,main30,vent_area_dc,E,0.0005,0.0003,0.0006,54.9195,55.2363,54.8273,0.4090
A5-DC/CAP,tj_300,vent_area_dc,E,0.0005,0.0003,0.0006,107.0576,107.0598,107.0567,0.0030
A5-DC/CAP,tj_180,vent_area_dc,E,0.0005,0.0003,0.0006,95.8368,95.8371,95.8367,0.0005
A5-DC/CAP,surf5,vent_area_dc,E,0.0005,0.0003,0.0006,32.2864,32.2866,32.2863,0.0003
A5-DC/CAP,case_ss,vent_area_dc,E,0.0005,0.0003,0.0006,105.6945,105.8232,105.6623,0.1608
A5-DC/CAP,tj_ss,vent_area_dc,E,0.0005,0.0003,0.0006,125.9480,126.0767,125.9159,0.1608
A5-DC/CAP,duty,vent_area_dc,E,0.0005,0.0003,0.0006,0.3500,0.3500,0.3500,0.0000
A5-DC/CAP,tj_pk,relay_hold,E,0.4000,0.3000,1.0000,95.8288,95.8053,95.9640,0.1586
A5-DC/CAP,case_d,relay_hold,E,0.4000,0.3000,1.0000,72.0249,72.0014,72.1604,0.1589
A5-DC/CAP,petg_d,relay_hold,E,0.4000,0.3000,1.0000,56.5892,56.1500,59.1240,2.9740
A5-DC/CAP,bay_d,relay_hold,E,0.4000,0.3000,1.0000,57.2847,56.7313,60.4567,3.7255
A5-DC/CAP,cell_d,relay_hold,E,0.4000,0.3000,1.0000,55.4627,55.2687,56.6033,1.3346
A5-DC/CAP,main_d,relay_hold,E,0.4000,0.3000,1.0000,55.4206,55.1747,56.8649,1.6902
A5-DC/CAP,fr4_d,relay_hold,E,0.4000,0.3000,1.0000,59.7328,59.3883,61.7215,2.3332
A5-DC/CAP,cell30,relay_hold,E,0.4000,0.3000,1.0000,50.6750,50.5933,51.1593,0.5659
A5-DC/CAP,main30,relay_hold,E,0.4000,0.3000,1.0000,54.9195,54.7051,56.1856,1.4806
A5-DC/CAP,tj_300,relay_hold,E,0.4000,0.3000,1.0000,107.0576,107.0553,107.0709,0.0156
A5-DC/CAP,tj_180,relay_hold,E,0.4000,0.3000,1.0000,95.8368,95.8361,95.8410,0.0048
A5-DC/CAP,surf5,relay_hold,E,0.4000,0.3000,1.0000,32.2864,32.2861,32.2880,0.0019
A5-DC/CAP,case_ss,relay_hold,E,0.4000,0.3000,1.0000,105.6945,105.6859,105.7449,0.0590
A5-DC/CAP,tj_ss,relay_hold,E,0.4000,0.3000,1.0000,125.9480,125.9394,125.9984,0.0590
A5-DC/CAP,duty,relay_hold,E,0.4000,0.3000,1.0000,0.3500,0.3500,0.3500,0.0000
A5-DC/CAP,tj_pk,k_fr4,E,0.3000,0.2500,0.3500,95.8288,95.8292,95.8285,0.0007
A5-DC/CAP,case_d,k_fr4,E,0.3000,0.2500,0.3500,72.0249,72.0253,72.0246,0.0007
A5-DC/CAP,petg_d,k_fr4,E,0.3000,0.2500,0.3500,56.5892,56.5885,56.5898,0.0012
A5-DC/CAP,bay_d,k_fr4,E,0.3000,0.2500,0.3500,57.2847,57.2836,57.2854,0.0018
A5-DC/CAP,cell_d,k_fr4,E,0.3000,0.2500,0.3500,55.4627,55.4626,55.4628,0.0002
A5-DC/CAP,main_d,k_fr4,E,0.3000,0.2500,0.3500,55.4206,55.4205,55.4207,0.0003
A5-DC/CAP,fr4_d,k_fr4,E,0.3000,0.2500,0.3500,59.7328,59.7619,59.7121,0.0498
A5-DC/CAP,cell30,k_fr4,E,0.3000,0.2500,0.3500,50.6750,50.6750,50.6750,0.0000
A5-DC/CAP,main30,k_fr4,E,0.3000,0.2500,0.3500,54.9195,54.9193,54.9196,0.0003
A5-DC/CAP,tj_300,k_fr4,E,0.3000,0.2500,0.3500,107.0576,107.0574,107.0577,0.0002
A5-DC/CAP,tj_180,k_fr4,E,0.3000,0.2500,0.3500,95.8368,95.8368,95.8369,0.0001
A5-DC/CAP,surf5,k_fr4,E,0.3000,0.2500,0.3500,32.2864,32.2863,32.2864,0.0000
A5-DC/CAP,case_ss,k_fr4,E,0.3000,0.2500,0.3500,105.6945,105.6952,105.6940,0.0012
A5-DC/CAP,tj_ss,k_fr4,E,0.3000,0.2500,0.3500,125.9480,125.9487,125.9475,0.0012
A5-DC/CAP,duty,k_fr4,E,0.3000,0.2500,0.3500,0.3500,0.3500,0.3500,0.0000
A5-DC/CAP,tj_pk,p_lm2940,DD,0.9000,0.6000,1.0000,95.8288,95.8109,95.8347,0.0238
A5-DC/CAP,case_d,p_lm2940,DD,0.9000,0.6000,1.0000,72.0249,72.0070,72.0308,0.0238
A5-DC/CAP,petg_d,p_lm2940,DD,0.9000,0.6000,1.0000,56.5892,55.6433,56.9005,1.2572
A5-DC/CAP,bay_d,p_lm2940,DD,0.9000,0.6000,1.0000,57.2847,56.8615,57.4233,0.5619
A5-DC/CAP,cell_d,p_lm2940,DD,0.9000,0.6000,1.0000,55.4627,54.0190,55.9382,1.9192
A5-DC/CAP,main_d,p_lm2940,DD,0.9000,0.6000,1.0000,55.4206,53.5901,56.0228,2.4327
A5-DC/CAP,fr4_d,p_lm2940,DD,0.9000,0.6000,1.0000,59.7328,59.4693,59.8192,0.3500
A5-DC/CAP,cell30,p_lm2940,DD,0.9000,0.6000,1.0000,50.6750,50.0315,50.8881,0.8566
A5-DC/CAP,main30,p_lm2940,DD,0.9000,0.6000,1.0000,54.9195,53.2974,55.4550,2.1576
A5-DC/CAP,tj_300,p_lm2940,DD,0.9000,0.6000,1.0000,107.0576,107.0573,107.0576,0.0003
A5-DC/CAP,tj_180,p_lm2940,DD,0.9000,0.6000,1.0000,95.8368,95.8368,95.8368,0.0001
A5-DC/CAP,surf5,p_lm2940,DD,0.9000,0.6000,1.0000,32.2864,32.2863,32.2864,0.0000
A5-DC/CAP,case_ss,p_lm2940,DD,0.9000,0.6000,1.0000,105.6945,105.6882,105.6966,0.0084
A5-DC/CAP,tj_ss,p_lm2940,DD,0.9000,0.6000,1.0000,125.9480,125.9417,125.9501,0.0084
A5-DC/CAP,duty,p_lm2940,DD,0.9000,0.6000,1.0000,0.3500,0.3500,0.3500,0.0000
A5-DC/CAP,tj_pk,p_pico,E,0.2000,0.1500,0.3000,95.8288,95.8258,95.8347,0.0088
A5-DC/CAP,case_d,p_pico,E,0.2000,0.1500,0.3000,72.0249,72.0220,72.0308,0.0088
A5-DC/CAP,petg_d,p_pico,E,0.2000,0.1500,0.3000,56.5892,56.4329,56.9005,0.4676
A5-DC/CAP,bay_d,p_pico,E,0.2000,0.1500,0.3000,57.2847,57.2149,57.4233,0.2084
A5-DC/CAP,cell_d,p_pico,E,0.2000,0.1500,0.3000,55.4627,55.2240,55.9382,0.7142
A5-DC/CAP,main_d,p_pico,E,0.2000,0.1500,0.3000,55.4206,55.1181,56.0228,0.9048
A5-DC/CAP,fr4_d,p_pico,E,0.2000,0.1500,0.3000,59.7328,59.6894,59.8192,0.1299
A5-DC/CAP,cell30,p_pico,E,0.2000,0.1500,0.3000,50.6750,50.5682,50.8881,0.3199
A5-DC/CAP,main30,p_pico,E,0.2000,0.1500,0.3000,54.9195,54.6507,55.4550,0.8043
A5-DC/CAP,tj_300,p_pico,E,0.2000,0.1500,0.3000,107.0576,107.0575,107.0576,0.0001
A5-DC/CAP,tj_180,p_pico,E,0.2000,0.1500,0.3000,95.8368,95.8368,95.8368,0.0000
A5-DC/CAP,surf5,p_pico,E,0.2000,0.1500,0.3000,32.2864,32.2864,32.2864,0.0000
A5-DC/CAP,case_ss,p_pico,E,0.2000,0.1500,0.3000,105.6945,105.6935,105.6966,0.0031
A5-DC/CAP,tj_ss,p_pico,E,0.2000,0.1500,0.3000,125.9480,125.9470,125.9501,0.0031
A5-DC/CAP,duty,p_pico,E,0.2000,0.1500,0.3000,0.3500,0.3500,0.3500,0.0000
A5-DC/CAP,tj_pk,c_cell,E,92.0000,85.0000,100.0000,95.8288,95.8288,95.8288,0.0000
A5-DC/CAP,case_d,c_cell,E,92.0000,85.0000,100.0000,72.0249,72.0249,72.0249,0.0000
A5-DC/CAP,petg_d,c_cell,E,92.0000,85.0000,100.0000,56.5892,56.5892,56.5892,0.0000
A5-DC/CAP,bay_d,c_cell,E,92.0000,85.0000,100.0000,57.2847,57.2847,57.2847,0.0000
A5-DC/CAP,cell_d,c_cell,E,92.0000,85.0000,100.0000,55.4627,55.4627,55.4627,0.0000
A5-DC/CAP,main_d,c_cell,E,92.0000,85.0000,100.0000,55.4206,55.4206,55.4206,0.0000
A5-DC/CAP,fr4_d,c_cell,E,92.0000,85.0000,100.0000,59.7328,59.7328,59.7328,0.0000
A5-DC/CAP,cell30,c_cell,E,92.0000,85.0000,100.0000,50.6750,50.9798,50.3607,0.6191
A5-DC/CAP,main30,c_cell,E,92.0000,85.0000,100.0000,54.9195,54.9689,54.8690,0.0999
A5-DC/CAP,tj_300,c_cell,E,92.0000,85.0000,100.0000,107.0576,107.0576,107.0576,0.0000
A5-DC/CAP,tj_180,c_cell,E,92.0000,85.0000,100.0000,95.8368,95.8368,95.8368,0.0000
A5-DC/CAP,surf5,c_cell,E,92.0000,85.0000,100.0000,32.2864,32.2864,32.2864,0.0000
A5-DC/CAP,case_ss,c_cell,E,92.0000,85.0000,100.0000,105.6945,105.6945,105.6945,0.0000
A5-DC/CAP,tj_ss,c_cell,E,92.0000,85.0000,100.0000,125.9480,125.9480,125.9480,0.0000
A5-DC/CAP,duty,c_cell,E,92.0000,85.0000,100.0000,0.3500,0.3500,0.3500,0.0000
A5-DC/CAP,tj_pk,a_guard_end,DD,0.0029,0.0027,0.0032,95.8288,95.8389,95.8194,0.0195
A5-DC/CAP,case_d,a_guard_end,DD,0.0029,0.0027,0.0032,72.0249,72.0350,72.0156,0.0194
A5-DC/CAP,petg_d,a_guard_end,DD,0.0029,0.0027,0.0032,56.5892,56.5897,56.5888,0.0010
A5-DC/CAP,bay_d,a_guard_end,DD,0.0029,0.0027,0.0032,57.2847,57.2854,57.2840,0.0014
A5-DC/CAP,cell_d,a_guard_end,DD,0.0029,0.0027,0.0032,55.4627,55.4628,55.4627,0.0002
A5-DC/CAP,main_d,a_guard_end,DD,0.0029,0.0027,0.0032,55.4206,55.4207,55.4205,0.0002
A5-DC/CAP,fr4_d,a_guard_end,DD,0.0029,0.0027,0.0032,59.7328,59.7361,59.7298,0.0064
A5-DC/CAP,cell30,a_guard_end,DD,0.0029,0.0027,0.0032,50.6750,50.6750,50.6750,0.0000
A5-DC/CAP,main30,a_guard_end,DD,0.0029,0.0027,0.0032,54.9195,54.9195,54.9194,0.0001
A5-DC/CAP,tj_300,a_guard_end,DD,0.0029,0.0027,0.0032,107.0576,107.0621,107.0534,0.0087
A5-DC/CAP,tj_180,a_guard_end,DD,0.0029,0.0027,0.0032,95.8368,95.8382,95.8356,0.0026
A5-DC/CAP,surf5,a_guard_end,DD,0.0029,0.0027,0.0032,32.2864,32.4410,32.1406,0.3004
A5-DC/CAP,case_ss,a_guard_end,DD,0.0029,0.0027,0.0032,105.6945,105.7092,105.6807,0.0284
A5-DC/CAP,tj_ss,a_guard_end,DD,0.0029,0.0027,0.0032,125.9480,125.9627,125.9342,0.0284
A5-DC/CAP,duty,a_guard_end,DD,0.0029,0.0027,0.0032,0.3500,0.3500,0.3500,0.0000
A5-DC/CAP,tj_pk,a_guard_side,DD,0.0057,0.0051,0.0063,95.8288,95.8494,95.8110,0.0384
A5-DC/CAP,case_d,a_guard_side,DD,0.0057,0.0051,0.0063,72.0249,72.0455,72.0072,0.0382
A5-DC/CAP,petg_d,a_guard_side,DD,0.0057,0.0051,0.0063,56.5892,56.5903,56.5884,0.0019
A5-DC/CAP,bay_d,a_guard_side,DD,0.0057,0.0051,0.0063,57.2847,57.2862,57.2834,0.0028
A5-DC/CAP,cell_d,a_guard_side,DD,0.0057,0.0051,0.0063,55.4627,55.4629,55.4626,0.0003
A5-DC/CAP,main_d,a_guard_side,DD,0.0057,0.0051,0.0063,55.4206,55.4208,55.4204,0.0004
A5-DC/CAP,fr4_d,a_guard_side,DD,0.0057,0.0051,0.0063,59.7328,59.7396,59.7270,0.0126
A5-DC/CAP,cell30,a_guard_side,DD,0.0057,0.0051,0.0063,50.6750,50.6750,50.6750,0.0001
A5-DC/CAP,main30,a_guard_side,DD,0.0057,0.0051,0.0063,54.9195,54.9196,54.9193,0.0003
A5-DC/CAP,tj_300,a_guard_side,DD,0.0057,0.0051,0.0063,107.0576,107.0668,107.0496,0.0172
A5-DC/CAP,tj_180,a_guard_side,DD,0.0057,0.0051,0.0063,95.8368,95.8396,95.8345,0.0051
A5-DC/CAP,surf5,a_guard_side,DD,0.0057,0.0051,0.0063,32.2864,32.5995,32.0075,0.5920
A5-DC/CAP,case_ss,a_guard_side,DD,0.0057,0.0051,0.0063,105.6945,105.7242,105.6682,0.0560
A5-DC/CAP,tj_ss,a_guard_side,DD,0.0057,0.0051,0.0063,125.9480,125.9777,125.9217,0.0560
A5-DC/CAP,duty,a_guard_side,DD,0.0057,0.0051,0.0063,0.3500,0.3500,0.3500,0.0000
A5-DC/CAP,tj_pk,guard_solid,E,0.5000,0.4000,0.6500,95.8288,95.9021,95.7656,0.1365
A5-DC/CAP,case_d,guard_solid,E,0.5000,0.4000,0.6500,72.0249,72.0980,71.9621,0.1359
A5-DC/CAP,petg_d,guard_solid,E,0.5000,0.4000,0.6500,56.5892,56.5929,56.5861,0.0068
A5-DC/CAP,bay_d,guard_solid,E,0.5000,0.4000,0.6500,57.2847,57.2901,57.2800,0.0100
A5-DC/CAP,cell_d,guard_solid,E,0.5000,0.4000,0.6500,55.4627,55.4633,55.4622,0.0011
A5-DC/CAP,main_d,guard_solid,E,0.5000,0.4000,0.6500,55.4206,55.4214,55.4200,0.0014
A5-DC/CAP,fr4_d,guard_solid,E,0.5000,0.4000,0.6500,59.7328,59.7569,59.7122,0.0447
A5-DC/CAP,cell30,guard_solid,E,0.5000,0.4000,0.6500,50.6750,50.6751,50.6749,0.0002
A5-DC/CAP,main30,guard_solid,E,0.5000,0.4000,0.6500,54.9195,54.9200,54.9190,0.0010
A5-DC/CAP,tj_300,guard_solid,E,0.5000,0.4000,0.6500,107.0576,107.0905,107.0288,0.0617
A5-DC/CAP,tj_180,guard_solid,E,0.5000,0.4000,0.6500,95.8368,95.8467,95.8284,0.0183
A5-DC/CAP,surf5,guard_solid,E,0.5000,0.4000,0.6500,32.2864,33.3695,31.2257,2.1439
A5-DC/CAP,case_ss,guard_solid,E,0.5000,0.4000,0.6500,105.6945,105.7977,105.5968,0.2008
A5-DC/CAP,tj_ss,guard_solid,E,0.5000,0.4000,0.6500,125.9480,126.0512,125.8504,0.2008
A5-DC/CAP,duty,guard_solid,E,0.5000,0.4000,0.6500,0.3500,0.3500,0.3500,0.0000
A5-DC/CAP,tj_pk,v_g,E,0.4500,0.3000,0.6000,95.8288,95.4818,96.2221,0.7403
A5-DC/CAP,case_d,v_g,E,0.4500,0.3000,0.6000,72.0249,71.6796,72.4164,0.7368
A5-DC/CAP,petg_d,v_g,E,0.4500,0.3000,0.6000,56.5892,56.5719,56.6089,0.0370
A5-DC/CAP,bay_d,v_g,E,0.4500,0.3000,0.6000,57.2847,57.2592,57.3136,0.0544
A5-DC/CAP,cell_d,v_g,E,0.4500,0.3000,0.6000,55.4627,55.4600,55.4659,0.0059
A5-DC/CAP,main_d,v_g,E,0.4500,0.3000,0.6000,55.4206,55.4171,55.4246,0.0075
A5-DC/CAP,fr4_d,v_g,E,0.4500,0.3000,0.6000,59.7328,59.6192,59.8617,0.2425
A5-DC/CAP,cell30,v_g,E,0.4500,0.3000,0.6000,50.6750,50.6746,50.6754,0.0008
A5-DC/CAP,main30,v_g,E,0.4500,0.3000,0.6000,54.9195,54.9172,54.9220,0.0047
A5-DC/CAP,tj_300,v_g,E,0.4500,0.3000,0.6000,107.0576,106.9541,107.1766,0.2225
A5-DC/CAP,tj_180,v_g,E,0.4500,0.3000,0.6000,95.8368,95.8071,95.8713,0.0642
A5-DC/CAP,surf5,v_g,E,0.4500,0.3000,0.6000,32.2864,31.2164,33.3036,2.0872
A5-DC/CAP,case_ss,v_g,E,0.4500,0.3000,0.6000,105.6945,105.2595,106.1887,0.9292
A5-DC/CAP,tj_ss,v_g,E,0.4500,0.3000,0.6000,125.9480,125.5130,126.4423,0.9292
A5-DC/CAP,duty,v_g,E,0.4500,0.3000,0.6000,0.3500,0.3500,0.3500,0.0000
A5-DC/CAP,tj_pk,h_gc,E,5.0000,3.0000,8.0000,95.8288,95.6713,96.0688,0.3975
A5-DC/CAP,case_d,h_gc,E,5.0000,3.0000,8.0000,72.0249,71.8679,72.2643,0.3963
A5-DC/CAP,petg_d,h_gc,E,5.0000,3.0000,8.0000,56.5892,56.5814,56.6013,0.0199
A5-DC/CAP,bay_d,h_gc,E,5.0000,3.0000,8.0000,57.2847,57.2731,57.3024,0.0293
A5-DC/CAP,cell_d,h_gc,E,5.0000,3.0000,8.0000,55.4627,55.4615,55.4647,0.0032
A5-DC/CAP,main_d,h_gc,E,5.0000,3.0000,8.0000,55.4206,55.4190,55.4230,0.0040
A5-DC/CAP,fr4_d,h_gc,E,5.0000,3.0000,8.0000,59.7328,59.6812,59.8116,0.1304
A5-DC/CAP,cell30,h_gc,E,5.0000,3.0000,8.0000,50.6750,50.6748,50.6753,0.0005
A5-DC/CAP,main30,h_gc,E,5.0000,3.0000,8.0000,54.9195,54.9184,54.9211,0.0027
A5-DC/CAP,tj_300,h_gc,E,5.0000,3.0000,8.0000,107.0576,106.9971,107.1541,0.1570
A5-DC/CAP,tj_180,h_gc,E,5.0000,3.0000,8.0000,95.8368,95.8176,95.8684,0.0507
A5-DC/CAP,surf5,h_gc,E,5.0000,3.0000,8.0000,32.2864,31.8402,32.8691,1.0289
A5-DC/CAP,case_ss,h_gc,E,5.0000,3.0000,8.0000,105.6945,105.5525,105.9081,0.3556
A5-DC/CAP,tj_ss,h_gc,E,5.0000,3.0000,8.0000,125.9480,125.8060,126.1616,0.3556
A5-DC/CAP,duty,h_gc,E,5.0000,3.0000,8.0000,0.3500,0.3500,0.3500,0.0000
A5-DC/CAP,tj_pk,a_ef,DD,0.0028,0.0025,0.0031,95.8288,95.8288,95.8288,0.0000
A5-DC/CAP,case_d,a_ef,DD,0.0028,0.0025,0.0031,72.0249,72.0249,72.0249,0.0000
A5-DC/CAP,petg_d,a_ef,DD,0.0028,0.0025,0.0031,56.5892,56.5892,56.5892,0.0000
A5-DC/CAP,bay_d,a_ef,DD,0.0028,0.0025,0.0031,57.2847,57.2847,57.2847,0.0000
A5-DC/CAP,cell_d,a_ef,DD,0.0028,0.0025,0.0031,55.4627,55.4627,55.4627,0.0000
A5-DC/CAP,main_d,a_ef,DD,0.0028,0.0025,0.0031,55.4206,55.4206,55.4206,0.0000
A5-DC/CAP,fr4_d,a_ef,DD,0.0028,0.0025,0.0031,59.7328,59.7328,59.7328,0.0000
A5-DC/CAP,cell30,a_ef,DD,0.0028,0.0025,0.0031,50.6750,50.6750,50.6750,0.0000
A5-DC/CAP,main30,a_ef,DD,0.0028,0.0025,0.0031,54.9195,54.9195,54.9195,0.0000
A5-DC/CAP,tj_300,a_ef,DD,0.0028,0.0025,0.0031,107.0576,107.0576,107.0576,0.0000
A5-DC/CAP,tj_180,a_ef,DD,0.0028,0.0025,0.0031,95.8368,95.8368,95.8368,0.0000
A5-DC/CAP,surf5,a_ef,DD,0.0028,0.0025,0.0031,32.2864,32.2864,32.2864,0.0000
A5-DC/CAP,case_ss,a_ef,DD,0.0028,0.0025,0.0031,105.6945,105.6945,105.6945,0.0000
A5-DC/CAP,tj_ss,a_ef,DD,0.0028,0.0025,0.0031,125.9480,125.9480,125.9480,0.0000
A5-DC/CAP,duty,a_ef,DD,0.0028,0.0025,0.0031,0.3500,0.3500,0.3500,0.0000
A5-DC/CAP,tj_pk,a_ew,DD,0.0029,0.0027,0.0032,95.8288,95.8695,95.7893,0.0802
A5-DC/CAP,case_d,a_ew,DD,0.0029,0.0027,0.0032,72.0249,72.0656,71.9855,0.0801
A5-DC/CAP,petg_d,a_ew,DD,0.0029,0.0027,0.0032,56.5892,56.5824,56.5947,0.0123
A5-DC/CAP,bay_d,a_ew,DD,0.0029,0.0027,0.0032,57.2847,57.2747,57.2927,0.0181
A5-DC/CAP,cell_d,a_ew,DD,0.0029,0.0027,0.0032,55.4627,55.4617,55.4636,0.0020
A5-DC/CAP,main_d,a_ew,DD,0.0029,0.0027,0.0032,55.4206,55.4192,55.4217,0.0025
A5-DC/CAP,fr4_d,a_ew,DD,0.0029,0.0027,0.0032,59.7328,59.9451,59.5523,0.3927
A5-DC/CAP,cell30,a_ew,DD,0.0029,0.0027,0.0032,50.6750,50.6765,50.6734,0.0032
A5-DC/CAP,main30,a_ew,DD,0.0029,0.0027,0.0032,54.9195,54.9213,54.9174,0.0039
A5-DC/CAP,tj_300,a_ew,DD,0.0029,0.0027,0.0032,107.0576,107.0940,107.0218,0.0723
A5-DC/CAP,tj_180,a_ew,DD,0.0029,0.0027,0.0032,95.8368,95.8535,95.8203,0.0332
A5-DC/CAP,surf5,a_ew,DD,0.0029,0.0027,0.0032,32.2864,32.2927,32.2801,0.0127
A5-DC/CAP,case_ss,a_ew,DD,0.0029,0.0027,0.0032,105.6945,105.7371,105.6535,0.0836
A5-DC/CAP,tj_ss,a_ew,DD,0.0029,0.0027,0.0032,125.9480,125.9906,125.9070,0.0836
A5-DC/CAP,duty,a_ew,DD,0.0029,0.0027,0.0032,0.3500,0.3500,0.3500,0.0000
A5-DC/CAP,tj_pk,t_ew_fr4,E,0.0016,0.0008,0.0016,95.8288,95.8271,95.8288,0.0017
A5-DC/CAP,case_d,t_ew_fr4,E,0.0016,0.0008,0.0016,72.0249,72.0238,72.0249,0.0011
A5-DC/CAP,petg_d,t_ew_fr4,E,0.0016,0.0008,0.0016,56.5892,56.5911,56.5892,0.0018
A5-DC/CAP,bay_d,t_ew_fr4,E,0.0016,0.0008,0.0016,57.2847,57.2874,57.2847,0.0027
A5-DC/CAP,cell_d,t_ew_fr4,E,0.0016,0.0008,0.0016,55.4627,55.4630,55.4627,0.0003
A5-DC/CAP,main_d,t_ew_fr4,E,0.0016,0.0008,0.0016,55.4206,55.4210,55.4206,0.0004
A5-DC/CAP,fr4_d,t_ew_fr4,E,0.0016,0.0008,0.0016,59.7328,59.6600,59.7328,0.0728
A5-DC/CAP,cell30,t_ew_fr4,E,0.0016,0.0008,0.0016,50.6750,50.6890,50.6750,0.0141
A5-DC/CAP,main30,t_ew_fr4,E,0.0016,0.0008,0.0016,54.9195,54.9506,54.9195,0.0312
A5-DC/CAP,tj_300,t_ew_fr4,E,0.0016,0.0008,0.0016,107.0576,107.1491,107.0576,0.0916
A5-DC/CAP,tj_180,t_ew_fr4,E,0.0016,0.0008,0.0016,95.8368,95.8720,95.8368,0.0352
A5-DC/CAP,surf5,t_ew_fr4,E,0.0016,0.0008,0.0016,32.2864,32.3003,32.2864,0.0139
A5-DC/CAP,case_ss,t_ew_fr4,E,0.0016,0.0008,0.0016,105.6945,105.6928,105.6945,0.0017
A5-DC/CAP,tj_ss,t_ew_fr4,E,0.0016,0.0008,0.0016,125.9480,125.9463,125.9480,0.0017
A5-DC/CAP,duty,t_ew_fr4,E,0.0016,0.0008,0.0016,0.3500,0.3500,0.3500,0.0000
A5-DC/CAP,tj_pk,a_bw_gross,DD,0.0029,0.0026,0.0032,95.8288,95.8345,95.8231,0.0114
A5-DC/CAP,case_d,a_bw_gross,DD,0.0029,0.0026,0.0032,72.0249,72.0307,72.0193,0.0114
A5-DC/CAP,petg_d,a_bw_gross,DD,0.0029,0.0026,0.0032,56.5892,56.6814,56.4988,0.1826
A5-DC/CAP,bay_d,a_bw_gross,DD,0.0029,0.0026,0.0032,57.2847,57.4203,57.1517,0.2686
A5-DC/CAP,cell_d,a_bw_gross,DD,0.0029,0.0026,0.0032,55.4627,55.4774,55.4483,0.0291
A5-DC/CAP,main_d,a_bw_gross,DD,0.0029,0.0026,0.0032,55.4206,55.4392,55.4024,0.0369
A5-DC/CAP,fr4_d,a_bw_gross,DD,0.0029,0.0026,0.0032,59.7328,59.8174,59.6500,0.1674
A5-DC/CAP,cell30,a_bw_gross,DD,0.0029,0.0026,0.0032,50.6750,50.6792,50.6708,0.0083
A5-DC/CAP,main30,a_bw_gross,DD,0.0029,0.0026,0.0032,54.9195,54.9348,54.9044,0.0305
A5-DC/CAP,tj_300,a_bw_gross,DD,0.0029,0.0026,0.0032,107.0576,107.0578,107.0573,0.0006
A5-DC/CAP,tj_180,a_bw_gross,DD,0.0029,0.0026,0.0032,95.8368,95.8369,95.8368,0.0001
A5-DC/CAP,surf5,a_bw_gross,DD,0.0029,0.0026,0.0032,32.2864,32.2864,32.2863,0.0001
A5-DC/CAP,case_ss,a_bw_gross,DD,0.0029,0.0026,0.0032,105.6945,105.6984,105.6907,0.0078
A5-DC/CAP,tj_ss,a_bw_gross,DD,0.0029,0.0026,0.0032,125.9480,125.9519,125.9442,0.0078
A5-DC/CAP,duty,a_bw_gross,DD,0.0029,0.0026,0.0032,0.3500,0.3500,0.3500,0.0000
A5-DC/CAP,tj_pk,bw_solid,E,0.8000,0.7000,0.9000,95.8288,95.8360,95.8217,0.0143
A5-DC/CAP,case_d,bw_solid,E,0.8000,0.7000,0.9000,72.0249,72.0322,72.0179,0.0143
A5-DC/CAP,petg_d,bw_solid,E,0.8000,0.7000,0.9000,56.5892,56.7052,56.4761,0.2290
A5-DC/CAP,bay_d,bw_solid,E,0.8000,0.7000,0.9000,57.2847,57.4552,57.1182,0.3370
A5-DC/CAP,cell_d,bw_solid,E,0.8000,0.7000,0.9000,55.4627,55.4812,55.4447,0.0365
A5-DC/CAP,main_d,bw_solid,E,0.8000,0.7000,0.9000,55.4206,55.4440,55.3978,0.0463
A5-DC/CAP,fr4_d,bw_solid,E,0.8000,0.7000,0.9000,59.7328,59.8391,59.6291,0.2100
A5-DC/CAP,cell30,bw_solid,E,0.8000,0.7000,0.9000,50.6750,50.6803,50.6698,0.0105
A5-DC/CAP,main30,bw_solid,E,0.8000,0.7000,0.9000,54.9195,54.9388,54.9006,0.0382
A5-DC/CAP,tj_300,bw_solid,E,0.8000,0.7000,0.9000,107.0576,107.0579,107.0572,0.0007
A5-DC/CAP,tj_180,bw_solid,E,0.8000,0.7000,0.9000,95.8368,95.8369,95.8367,0.0001
A5-DC/CAP,surf5,bw_solid,E,0.8000,0.7000,0.9000,32.2864,32.2864,32.2863,0.0001
A5-DC/CAP,case_ss,bw_solid,E,0.8000,0.7000,0.9000,105.6945,105.6994,105.6897,0.0097
A5-DC/CAP,tj_ss,bw_solid,E,0.8000,0.7000,0.9000,125.9480,125.9529,125.9432,0.0097
A5-DC/CAP,duty,bw_solid,E,0.8000,0.7000,0.9000,0.3500,0.3500,0.3500,0.0000
A5-DC/CAP,tj_pk,a_bh,DD,0.0025,0.0022,0.0027,95.8288,95.8294,95.8282,0.0012
A5-DC/CAP,case_d,a_bh,DD,0.0025,0.0022,0.0027,72.0249,72.0255,72.0243,0.0012
A5-DC/CAP,petg_d,a_bh,DD,0.0025,0.0022,0.0027,56.5892,56.5953,56.5833,0.0119
A5-DC/CAP,bay_d,a_bh,DD,0.0025,0.0022,0.0027,57.2847,57.2986,57.2710,0.0276
A5-DC/CAP,cell_d,a_bh,DD,0.0025,0.0022,0.0027,55.4627,55.4569,55.4684,0.0115
A5-DC/CAP,main_d,a_bh,DD,0.0025,0.0022,0.0027,55.4206,55.4133,55.4278,0.0146
A5-DC/CAP,fr4_d,a_bh,DD,0.0025,0.0022,0.0027,59.7328,59.7415,59.7243,0.0172
A5-DC/CAP,cell30,a_bh,DD,0.0025,0.0022,0.0027,50.6750,50.6787,50.6712,0.0075
A5-DC/CAP,main30,a_bh,DD,0.0025,0.0022,0.0027,54.9195,54.9175,54.9211,0.0036
A5-DC/CAP,tj_300,a_bh,DD,0.0025,0.0022,0.0027,107.0576,107.0578,107.0573,0.0005
A5-DC/CAP,tj_180,a_bh,DD,0.0025,0.0022,0.0027,95.8368,95.8369,95.8368,0.0001
A5-DC/CAP,surf5,a_bh,DD,0.0025,0.0022,0.0027,32.2864,32.2864,32.2863,0.0001
A5-DC/CAP,case_ss,a_bh,DD,0.0025,0.0022,0.0027,105.6945,105.6952,105.6938,0.0014
A5-DC/CAP,tj_ss,a_bh,DD,0.0025,0.0022,0.0027,125.9480,125.9487,125.9473,0.0014
A5-DC/CAP,duty,a_bh,DD,0.0025,0.0022,0.0027,0.3500,0.3500,0.3500,0.0000
A5-DC/CAP,tj_pk,t_bh,E,0.0012,0.0010,0.0014,95.8288,95.8287,95.8288,0.0001
A5-DC/CAP,case_d,t_bh,E,0.0012,0.0010,0.0014,72.0249,72.0249,72.0250,0.0001
A5-DC/CAP,petg_d,t_bh,E,0.0012,0.0010,0.0014,56.5892,56.5841,56.5943,0.0102
A5-DC/CAP,bay_d,t_bh,E,0.0012,0.0010,0.0014,57.2847,57.2837,57.2856,0.0019
A5-DC/CAP,cell_d,t_bh,E,0.0012,0.0010,0.0014,55.4627,55.4631,55.4624,0.0008
A5-DC/CAP,main_d,t_bh,E,0.0012,0.0010,0.0014,55.4206,55.4211,55.4201,0.0010
A5-DC/CAP,fr4_d,t_bh,E,0.0012,0.0010,0.0014,59.7328,59.7323,59.7334,0.0012
A5-DC/CAP,cell30,t_bh,E,0.0012,0.0010,0.0014,50.6750,50.6882,50.6623,0.0259
A5-DC/CAP,main30,t_bh,E,0.0012,0.0010,0.0014,54.9195,54.9435,54.8942,0.0493
A5-DC/CAP,tj_300,t_bh,E,0.0012,0.0010,0.0014,107.0576,107.0577,107.0575,0.0002
A5-DC/CAP,tj_180,t_bh,E,0.0012,0.0010,0.0014,95.8368,95.8368,95.8368,0.0000
A5-DC/CAP,surf5,t_bh,E,0.0012,0.0010,0.0014,32.2864,32.2864,32.2864,0.0000
A5-DC/CAP,case_ss,t_bh,E,0.0012,0.0010,0.0014,105.6945,105.6944,105.6945,0.0001
A5-DC/CAP,tj_ss,t_bh,E,0.0012,0.0010,0.0014,125.9480,125.9480,125.9481,0.0001
A5-DC/CAP,duty,t_bh,E,0.0012,0.0010,0.0014,0.3500,0.3500,0.3500,0.0000
A5-DC/CAP,tj_pk,gap_bh,E,0.0030,0.0020,0.0040,95.8288,95.8285,95.8290,0.0005
A5-DC/CAP,case_d,gap_bh,E,0.0030,0.0020,0.0040,72.0249,72.0246,72.0251,0.0005
A5-DC/CAP,petg_d,gap_bh,E,0.0030,0.0020,0.0040,56.5892,56.5516,56.6156,0.0640
A5-DC/CAP,bay_d,gap_bh,E,0.0030,0.0020,0.0040,57.2847,57.2778,57.2895,0.0117
A5-DC/CAP,cell_d,gap_bh,E,0.0030,0.0020,0.0040,55.4627,55.4656,55.4607,0.0049
A5-DC/CAP,main_d,gap_bh,E,0.0030,0.0020,0.0040,55.4206,55.4242,55.4181,0.0062
A5-DC/CAP,fr4_d,gap_bh,E,0.0030,0.0020,0.0040,59.7328,59.7286,59.7358,0.0073
A5-DC/CAP,cell30,gap_bh,E,0.0030,0.0020,0.0040,50.6750,50.6770,50.6736,0.0035
A5-DC/CAP,main30,gap_bh,E,0.0030,0.0020,0.0040,54.9195,54.9262,54.9148,0.0114
A5-DC/CAP,tj_300,gap_bh,E,0.0030,0.0020,0.0040,107.0576,107.0575,107.0576,0.0000
A5-DC/CAP,tj_180,gap_bh,E,0.0030,0.0020,0.0040,95.8368,95.8368,95.8368,0.0000
A5-DC/CAP,surf5,gap_bh,E,0.0030,0.0020,0.0040,32.2864,32.2864,32.2864,0.0000
A5-DC/CAP,case_ss,gap_bh,E,0.0030,0.0020,0.0040,105.6945,105.6942,105.6947,0.0006
A5-DC/CAP,tj_ss,gap_bh,E,0.0030,0.0020,0.0040,125.9480,125.9477,125.9482,0.0006
A5-DC/CAP,duty,gap_bh,E,0.0030,0.0020,0.0040,0.3500,0.3500,0.3500,0.0000
A5-DC/CAP,tj_pk,a_mw,E,0.0262,0.0210,0.0314,95.8288,95.8461,95.8158,0.0303
A5-DC/CAP,case_d,a_mw,E,0.0262,0.0210,0.0314,72.0249,72.0422,72.0119,0.0303
A5-DC/CAP,petg_d,a_mw,E,0.0262,0.0210,0.0314,56.5892,57.5052,55.9020,1.6032
A5-DC/CAP,bay_d,a_mw,E,0.0262,0.0210,0.0314,57.2847,57.6918,56.9775,0.7142
A5-DC/CAP,cell_d,a_mw,E,0.0262,0.0210,0.0314,55.4627,56.8865,54.4000,2.4865
A5-DC/CAP,main_d,a_mw,E,0.0262,0.0210,0.0314,55.4206,57.1927,54.0908,3.1019
A5-DC/CAP,fr4_d,a_mw,E,0.0262,0.0210,0.0314,59.7328,59.9867,59.5415,0.4452
A5-DC/CAP,cell30,a_mw,E,0.0262,0.0210,0.0314,50.6750,51.1140,50.3166,0.7974
A5-DC/CAP,main30,a_mw,E,0.0262,0.0210,0.0314,54.9195,56.2817,53.8387,2.4430
A5-DC/CAP,tj_300,a_mw,E,0.0262,0.0210,0.0314,107.0576,107.0576,107.0575,0.0001
A5-DC/CAP,tj_180,a_mw,E,0.0262,0.0210,0.0314,95.8368,95.8368,95.8368,0.0000
A5-DC/CAP,surf5,a_mw,E,0.0262,0.0210,0.0314,32.2864,32.2864,32.2864,0.0000
A5-DC/CAP,case_ss,a_mw,E,0.0262,0.0210,0.0314,105.6945,105.7042,105.6871,0.0170
A5-DC/CAP,tj_ss,a_mw,E,0.0262,0.0210,0.0314,125.9480,125.9577,125.9407,0.0170
A5-DC/CAP,duty,a_mw,E,0.0262,0.0210,0.0314,0.3500,0.3500,0.3500,0.0000
A5-DC/CAP,tj_pk,eps_out,E,0.9000,0.8500,0.9500,95.8288,95.8554,95.8032,0.0522
A5-DC/CAP,case_d,eps_out,E,0.9000,0.8500,0.9500,72.0249,72.0514,71.9995,0.0519
A5-DC/CAP,petg_d,eps_out,E,0.9000,0.8500,0.9500,56.5892,56.6686,56.5145,0.1541
A5-DC/CAP,bay_d,eps_out,E,0.9000,0.8500,0.9500,57.2847,57.3355,57.2366,0.0989
A5-DC/CAP,cell_d,eps_out,E,0.9000,0.8500,0.9500,55.4627,55.5994,55.3343,0.2651
A5-DC/CAP,main_d,eps_out,E,0.9000,0.8500,0.9500,55.4206,55.5481,55.3008,0.2473
A5-DC/CAP,fr4_d,eps_out,E,0.9000,0.8500,0.9500,59.7328,59.7714,59.6962,0.0752
A5-DC/CAP,cell30,eps_out,E,0.9000,0.8500,0.9500,50.6750,50.7069,50.6444,0.0625
A5-DC/CAP,main30,eps_out,E,0.9000,0.8500,0.9500,54.9195,54.9967,54.8457,0.1510
A5-DC/CAP,tj_300,eps_out,E,0.9000,0.8500,0.9500,107.0576,107.0602,107.0550,0.0052
A5-DC/CAP,tj_180,eps_out,E,0.9000,0.8500,0.9500,95.8368,95.8373,95.8363,0.0010
A5-DC/CAP,surf5,eps_out,E,0.9000,0.8500,0.9500,32.2864,32.3535,32.2202,0.1333
A5-DC/CAP,case_ss,eps_out,E,0.9000,0.8500,0.9500,105.6945,105.7241,105.6660,0.0581
A5-DC/CAP,tj_ss,eps_out,E,0.9000,0.8500,0.9500,125.9480,125.9776,125.9195,0.0581
A5-DC/CAP,duty,eps_out,E,0.9000,0.8500,0.9500,0.3500,0.3500,0.3500,0.0000
A5-DC/CAP,tj_pk,eps_in,E,0.8000,0.7000,0.9000,95.8288,95.8440,95.8148,0.0292
A5-DC/CAP,case_d,eps_in,E,0.8000,0.7000,0.9000,72.0249,72.0400,72.0111,0.0289
A5-DC/CAP,petg_d,eps_in,E,0.8000,0.7000,0.9000,56.5892,56.7995,56.4105,0.3890
A5-DC/CAP,bay_d,eps_in,E,0.8000,0.7000,0.9000,57.2847,57.4243,57.1599,0.2644
A5-DC/CAP,cell_d,eps_in,E,0.8000,0.7000,0.9000,55.4627,55.6633,55.2906,0.3727
A5-DC/CAP,main_d,eps_in,E,0.8000,0.7000,0.9000,55.4206,55.7882,55.1048,0.6834
A5-DC/CAP,fr4_d,eps_in,E,0.8000,0.7000,0.9000,59.7328,59.9548,59.5301,0.4247
A5-DC/CAP,cell30,eps_in,E,0.8000,0.7000,0.9000,50.6750,50.7437,50.6149,0.1287
A5-DC/CAP,main30,eps_in,E,0.8000,0.7000,0.9000,54.9195,55.2330,54.6475,0.5855
A5-DC/CAP,tj_300,eps_in,E,0.8000,0.7000,0.9000,107.0576,107.0554,107.0596,0.0043
A5-DC/CAP,tj_180,eps_in,E,0.8000,0.7000,0.9000,95.8368,95.8358,95.8377,0.0019
A5-DC/CAP,surf5,eps_in,E,0.8000,0.7000,0.9000,32.2864,32.2860,32.2867,0.0006
A5-DC/CAP,case_ss,eps_in,E,0.8000,0.7000,0.9000,105.6945,105.7117,105.6790,0.0327
A5-DC/CAP,tj_ss,eps_in,E,0.8000,0.7000,0.9000,125.9480,125.9652,125.9325,0.0327
A5-DC/CAP,duty,eps_in,E,0.8000,0.7000,0.9000,0.3500,0.3500,0.3500,0.0000
A5-DC/CAP,tj_pk,eps_bh,E,0.8200,0.7500,0.9000,95.8288,95.8288,95.8287,0.0001
A5-DC/CAP,case_d,eps_bh,E,0.8200,0.7500,0.9000,72.0249,72.0250,72.0249,0.0001
A5-DC/CAP,petg_d,eps_bh,E,0.8200,0.7500,0.9000,56.5892,56.5951,56.5830,0.0121
A5-DC/CAP,bay_d,eps_bh,E,0.8200,0.7500,0.9000,57.2847,57.2857,57.2835,0.0022
A5-DC/CAP,cell_d,eps_bh,E,0.8200,0.7500,0.9000,55.4627,55.4623,55.4632,0.0009
A5-DC/CAP,main_d,eps_bh,E,0.8200,0.7500,0.9000,55.4206,55.4201,55.4212,0.0012
A5-DC/CAP,fr4_d,eps_bh,E,0.8200,0.7500,0.9000,59.7328,59.7335,59.7321,0.0014
A5-DC/CAP,cell30,eps_bh,E,0.8200,0.7500,0.9000,50.6750,50.6747,50.6753,0.0006
A5-DC/CAP,main30,eps_bh,E,0.8200,0.7500,0.9000,54.9195,54.9184,54.9206,0.0021
A5-DC/CAP,tj_300,eps_bh,E,0.8200,0.7500,0.9000,107.0576,107.0576,107.0576,0.0000
A5-DC/CAP,tj_180,eps_bh,E,0.8200,0.7500,0.9000,95.8368,95.8368,95.8368,0.0000
A5-DC/CAP,surf5,eps_bh,E,0.8200,0.7500,0.9000,32.2864,32.2864,32.2864,0.0000
A5-DC/CAP,case_ss,eps_bh,E,0.8200,0.7500,0.9000,105.6945,105.6946,105.6944,0.0001
A5-DC/CAP,tj_ss,eps_bh,E,0.8200,0.7500,0.9000,125.9480,125.9481,125.9480,0.0001
A5-DC/CAP,duty,eps_bh,E,0.8200,0.7500,0.9000,0.3500,0.3500,0.3500,0.0000
A5-DC/CAP,tj_pk,k_air,D,0.0280,0.0270,0.0290,95.8288,95.8288,95.8288,0.0001
A5-DC/CAP,case_d,k_air,D,0.0280,0.0270,0.0290,72.0249,72.0249,72.0249,0.0001
A5-DC/CAP,petg_d,k_air,D,0.0280,0.0270,0.0290,56.5892,56.5926,56.5860,0.0066
A5-DC/CAP,bay_d,k_air,D,0.0280,0.0270,0.0290,57.2847,57.2853,57.2841,0.0012
A5-DC/CAP,cell_d,k_air,D,0.0280,0.0270,0.0290,55.4627,55.4625,55.4630,0.0005
A5-DC/CAP,main_d,k_air,D,0.0280,0.0270,0.0290,55.4206,55.4203,55.4209,0.0006
A5-DC/CAP,fr4_d,k_air,D,0.0280,0.0270,0.0290,59.7328,59.7332,59.7325,0.0008
A5-DC/CAP,cell30,k_air,D,0.0280,0.0270,0.0290,50.6750,50.6748,50.6752,0.0004
A5-DC/CAP,main30,k_air,D,0.0280,0.0270,0.0290,54.9195,54.9189,54.9200,0.0012
A5-DC/CAP,tj_300,k_air,D,0.0280,0.0270,0.0290,107.0576,107.0576,107.0576,0.0000
A5-DC/CAP,tj_180,k_air,D,0.0280,0.0270,0.0290,95.8368,95.8368,95.8368,0.0000
A5-DC/CAP,surf5,k_air,D,0.0280,0.0270,0.0290,32.2864,32.2864,32.2864,0.0000
A5-DC/CAP,case_ss,k_air,D,0.0280,0.0270,0.0290,105.6945,105.6945,105.6945,0.0001
A5-DC/CAP,tj_ss,k_air,D,0.0280,0.0270,0.0290,125.9480,125.9480,125.9480,0.0001
A5-DC/CAP,duty,k_air,D,0.0280,0.0270,0.0290,0.3500,0.3500,0.3500,0.0000
A5-DC/CAP,tj_pk,gap_face,E,0.0020,0.0015,0.0030,95.8288,95.8288,95.8288,0.0000
A5-DC/CAP,case_d,gap_face,E,0.0020,0.0015,0.0030,72.0249,72.0249,72.0249,0.0000
A5-DC/CAP,petg_d,gap_face,E,0.0020,0.0015,0.0030,56.5892,56.5892,56.5892,0.0000
A5-DC/CAP,bay_d,gap_face,E,0.0020,0.0015,0.0030,57.2847,57.2847,57.2847,0.0000
A5-DC/CAP,cell_d,gap_face,E,0.0020,0.0015,0.0030,55.4627,55.4627,55.4627,0.0000
A5-DC/CAP,main_d,gap_face,E,0.0020,0.0015,0.0030,55.4206,55.4206,55.4206,0.0000
A5-DC/CAP,fr4_d,gap_face,E,0.0020,0.0015,0.0030,59.7328,59.7328,59.7328,0.0000
A5-DC/CAP,cell30,gap_face,E,0.0020,0.0015,0.0030,50.6750,50.6750,50.6750,0.0000
A5-DC/CAP,main30,gap_face,E,0.0020,0.0015,0.0030,54.9195,54.9195,54.9195,0.0000
A5-DC/CAP,tj_300,gap_face,E,0.0020,0.0015,0.0030,107.0576,107.0576,107.0576,0.0000
A5-DC/CAP,tj_180,gap_face,E,0.0020,0.0015,0.0030,95.8368,95.8368,95.8368,0.0000
A5-DC/CAP,surf5,gap_face,E,0.0020,0.0015,0.0030,32.2864,32.2864,32.2864,0.0000
A5-DC/CAP,case_ss,gap_face,E,0.0020,0.0015,0.0030,105.6945,105.6945,105.6945,0.0000
A5-DC/CAP,tj_ss,gap_face,E,0.0020,0.0015,0.0030,125.9480,125.9480,125.9480,0.0000
A5-DC/CAP,duty,gap_face,E,0.0020,0.0015,0.0030,0.3500,0.3500,0.3500,0.0000
A5-DC/CAP,tj_pk,h_rad_gap,E,7.0000,5.0000,8.0000,95.8288,95.8288,95.8288,0.0000
A5-DC/CAP,case_d,h_rad_gap,E,7.0000,5.0000,8.0000,72.0249,72.0249,72.0249,0.0000
A5-DC/CAP,petg_d,h_rad_gap,E,7.0000,5.0000,8.0000,56.5892,56.5892,56.5892,0.0000
A5-DC/CAP,bay_d,h_rad_gap,E,7.0000,5.0000,8.0000,57.2847,57.2847,57.2847,0.0000
A5-DC/CAP,cell_d,h_rad_gap,E,7.0000,5.0000,8.0000,55.4627,55.4627,55.4627,0.0000
A5-DC/CAP,main_d,h_rad_gap,E,7.0000,5.0000,8.0000,55.4206,55.4206,55.4206,0.0000
A5-DC/CAP,fr4_d,h_rad_gap,E,7.0000,5.0000,8.0000,59.7328,59.7328,59.7328,0.0000
A5-DC/CAP,cell30,h_rad_gap,E,7.0000,5.0000,8.0000,50.6750,50.6750,50.6750,0.0000
A5-DC/CAP,main30,h_rad_gap,E,7.0000,5.0000,8.0000,54.9195,54.9195,54.9195,0.0000
A5-DC/CAP,tj_300,h_rad_gap,E,7.0000,5.0000,8.0000,107.0576,107.0576,107.0576,0.0000
A5-DC/CAP,tj_180,h_rad_gap,E,7.0000,5.0000,8.0000,95.8368,95.8368,95.8368,0.0000
A5-DC/CAP,surf5,h_rad_gap,E,7.0000,5.0000,8.0000,32.2864,32.2864,32.2864,0.0000
A5-DC/CAP,case_ss,h_rad_gap,E,7.0000,5.0000,8.0000,105.6945,105.6945,105.6945,0.0000
A5-DC/CAP,tj_ss,h_rad_gap,E,7.0000,5.0000,8.0000,125.9480,125.9480,125.9480,0.0000
A5-DC/CAP,duty,h_rad_gap,E,7.0000,5.0000,8.0000,0.3500,0.3500,0.3500,0.0000
A5-DC/CAP,tj_pk,a_gap_face,E,0.0004,0.0002,0.0006,95.8288,95.8288,95.8288,0.0000
A5-DC/CAP,case_d,a_gap_face,E,0.0004,0.0002,0.0006,72.0249,72.0249,72.0249,0.0000
A5-DC/CAP,petg_d,a_gap_face,E,0.0004,0.0002,0.0006,56.5892,56.5892,56.5892,0.0000
A5-DC/CAP,bay_d,a_gap_face,E,0.0004,0.0002,0.0006,57.2847,57.2847,57.2847,0.0000
A5-DC/CAP,cell_d,a_gap_face,E,0.0004,0.0002,0.0006,55.4627,55.4627,55.4627,0.0000
A5-DC/CAP,main_d,a_gap_face,E,0.0004,0.0002,0.0006,55.4206,55.4206,55.4206,0.0000
A5-DC/CAP,fr4_d,a_gap_face,E,0.0004,0.0002,0.0006,59.7328,59.7328,59.7328,0.0000
A5-DC/CAP,cell30,a_gap_face,E,0.0004,0.0002,0.0006,50.6750,50.6750,50.6750,0.0000
A5-DC/CAP,main30,a_gap_face,E,0.0004,0.0002,0.0006,54.9195,54.9195,54.9195,0.0000
A5-DC/CAP,tj_300,a_gap_face,E,0.0004,0.0002,0.0006,107.0576,107.0576,107.0576,0.0000
A5-DC/CAP,tj_180,a_gap_face,E,0.0004,0.0002,0.0006,95.8368,95.8368,95.8368,0.0000
A5-DC/CAP,surf5,a_gap_face,E,0.0004,0.0002,0.0006,32.2864,32.2864,32.2864,0.0000
A5-DC/CAP,case_ss,a_gap_face,E,0.0004,0.0002,0.0006,105.6945,105.6945,105.6945,0.0000
A5-DC/CAP,tj_ss,a_gap_face,E,0.0004,0.0002,0.0006,125.9480,125.9480,125.9480,0.0000
A5-DC/CAP,duty,a_gap_face,E,0.0004,0.0002,0.0006,0.3500,0.3500,0.3500,0.0000
A5-DC/CAP,tj_pk,rad_f_ef,E,0.3000,0.2000,0.4500,95.8288,95.8288,95.8288,0.0000
A5-DC/CAP,case_d,rad_f_ef,E,0.3000,0.2000,0.4500,72.0249,72.0249,72.0249,0.0000
A5-DC/CAP,petg_d,rad_f_ef,E,0.3000,0.2000,0.4500,56.5892,56.5892,56.5892,0.0000
A5-DC/CAP,bay_d,rad_f_ef,E,0.3000,0.2000,0.4500,57.2847,57.2847,57.2847,0.0000
A5-DC/CAP,cell_d,rad_f_ef,E,0.3000,0.2000,0.4500,55.4627,55.4627,55.4627,0.0000
A5-DC/CAP,main_d,rad_f_ef,E,0.3000,0.2000,0.4500,55.4206,55.4206,55.4206,0.0000
A5-DC/CAP,fr4_d,rad_f_ef,E,0.3000,0.2000,0.4500,59.7328,59.7328,59.7328,0.0000
A5-DC/CAP,cell30,rad_f_ef,E,0.3000,0.2000,0.4500,50.6750,50.6750,50.6750,0.0000
A5-DC/CAP,main30,rad_f_ef,E,0.3000,0.2000,0.4500,54.9195,54.9195,54.9195,0.0000
A5-DC/CAP,tj_300,rad_f_ef,E,0.3000,0.2000,0.4500,107.0576,107.0576,107.0576,0.0000
A5-DC/CAP,tj_180,rad_f_ef,E,0.3000,0.2000,0.4500,95.8368,95.8368,95.8368,0.0000
A5-DC/CAP,surf5,rad_f_ef,E,0.3000,0.2000,0.4500,32.2864,32.2864,32.2864,0.0000
A5-DC/CAP,case_ss,rad_f_ef,E,0.3000,0.2000,0.4500,105.6945,105.6945,105.6945,0.0000
A5-DC/CAP,tj_ss,rad_f_ef,E,0.3000,0.2000,0.4500,125.9480,125.9480,125.9480,0.0000
A5-DC/CAP,duty,rad_f_ef,E,0.3000,0.2000,0.4500,0.3500,0.3500,0.3500,0.0000
A5-DC/CAP,tj_pk,rad_f_bh,E,0.4000,0.2500,0.5000,95.8288,95.8288,95.8288,0.0000
A5-DC/CAP,case_d,rad_f_bh,E,0.4000,0.2500,0.5000,72.0249,72.0249,72.0249,0.0000
A5-DC/CAP,petg_d,rad_f_bh,E,0.4000,0.2500,0.5000,56.5892,56.5892,56.5892,0.0000
A5-DC/CAP,bay_d,rad_f_bh,E,0.4000,0.2500,0.5000,57.2847,57.2847,57.2847,0.0000
A5-DC/CAP,cell_d,rad_f_bh,E,0.4000,0.2500,0.5000,55.4627,55.4627,55.4627,0.0000
A5-DC/CAP,main_d,rad_f_bh,E,0.4000,0.2500,0.5000,55.4206,55.4206,55.4206,0.0000
A5-DC/CAP,fr4_d,rad_f_bh,E,0.4000,0.2500,0.5000,59.7328,59.7328,59.7328,0.0000
A5-DC/CAP,cell30,rad_f_bh,E,0.4000,0.2500,0.5000,50.6750,50.6750,50.6750,0.0000
A5-DC/CAP,main30,rad_f_bh,E,0.4000,0.2500,0.5000,54.9195,54.9195,54.9195,0.0000
A5-DC/CAP,tj_300,rad_f_bh,E,0.4000,0.2500,0.5000,107.0576,107.0576,107.0576,0.0000
A5-DC/CAP,tj_180,rad_f_bh,E,0.4000,0.2500,0.5000,95.8368,95.8368,95.8368,0.0000
A5-DC/CAP,surf5,rad_f_bh,E,0.4000,0.2500,0.5000,32.2864,32.2864,32.2864,0.0000
A5-DC/CAP,case_ss,rad_f_bh,E,0.4000,0.2500,0.5000,105.6945,105.6945,105.6945,0.0000
A5-DC/CAP,tj_ss,rad_f_bh,E,0.4000,0.2500,0.5000,125.9480,125.9480,125.9480,0.0000
A5-DC/CAP,duty,rad_f_bh,E,0.4000,0.2500,0.5000,0.3500,0.3500,0.3500,0.0000
A5-DC/CAP,tj_pk,o3_rad_amb,E,0.3000,0.2000,0.4000,95.8288,95.9135,95.7460,0.1675
A5-DC/CAP,case_d,o3_rad_amb,E,0.3000,0.2000,0.4000,72.0249,72.1092,71.9425,0.1668
A5-DC/CAP,petg_d,o3_rad_amb,E,0.3000,0.2000,0.4000,56.5892,56.6286,56.5488,0.0797
A5-DC/CAP,bay_d,o3_rad_amb,E,0.3000,0.2000,0.4000,57.2847,57.3426,57.2252,0.1173
A5-DC/CAP,cell_d,o3_rad_amb,E,0.3000,0.2000,0.4000,55.4627,55.4690,55.4563,0.0127
A5-DC/CAP,main_d,o3_rad_amb,E,0.3000,0.2000,0.4000,55.4206,55.4286,55.4125,0.0161
A5-DC/CAP,fr4_d,o3_rad_amb,E,0.3000,0.2000,0.4000,59.7328,59.9906,59.4681,0.5225
A5-DC/CAP,cell30,o3_rad_amb,E,0.3000,0.2000,0.4000,50.6750,50.6773,50.6726,0.0046
A5-DC/CAP,main30,o3_rad_amb,E,0.3000,0.2000,0.4000,54.9195,54.9285,54.9101,0.0184
A5-DC/CAP,tj_300,o3_rad_amb,E,0.3000,0.2000,0.4000,107.0576,107.0749,107.0409,0.0340
A5-DC/CAP,tj_180,o3_rad_amb,E,0.3000,0.2000,0.4000,95.8368,95.8418,95.8321,0.0097
A5-DC/CAP,surf5,o3_rad_amb,E,0.3000,0.2000,0.4000,32.2864,32.2888,32.2841,0.0047
A5-DC/CAP,case_ss,o3_rad_amb,E,0.3000,0.2000,0.4000,105.6945,105.7883,105.6033,0.1850
A5-DC/CAP,tj_ss,o3_rad_amb,E,0.3000,0.2000,0.4000,125.9480,126.0418,125.8568,0.1850
A5-DC/CAP,duty,o3_rad_amb,E,0.3000,0.2000,0.4000,0.3500,0.3500,0.3500,0.0000
A5-DC/CAP,tj_pk,o3_rad_guard,E,0.2000,0.1000,0.3000,95.8288,95.6754,96.0015,0.3262
A5-DC/CAP,case_d,o3_rad_guard,E,0.2000,0.1000,0.3000,72.0249,71.8723,72.1968,0.3246
A5-DC/CAP,petg_d,o3_rad_guard,E,0.2000,0.1000,0.3000,56.5892,56.6161,56.5610,0.0551
A5-DC/CAP,bay_d,o3_rad_guard,E,0.2000,0.1000,0.3000,57.2847,57.3242,57.2431,0.0811
A5-DC/CAP,cell_d,o3_rad_guard,E,0.2000,0.1000,0.3000,55.4627,55.4670,55.4582,0.0088
A5-DC/CAP,main_d,o3_rad_guard,E,0.2000,0.1000,0.3000,55.4206,55.4260,55.4149,0.0111
A5-DC/CAP,fr4_d,o3_rad_guard,E,0.2000,0.1000,0.3000,59.7328,59.9089,59.5476,0.3613
A5-DC/CAP,cell30,o3_rad_guard,E,0.2000,0.1000,0.3000,50.6750,50.6770,50.6729,0.0041
A5-DC/CAP,main30,o3_rad_guard,E,0.2000,0.1000,0.3000,54.9195,54.9269,54.9117,0.0153
A5-DC/CAP,tj_300,o3_rad_guard,E,0.2000,0.1000,0.3000,107.0576,107.0041,107.1186,0.1144
A5-DC/CAP,tj_180,o3_rad_guard,E,0.2000,0.1000,0.3000,95.8368,95.8214,95.8545,0.0331
A5-DC/CAP,surf5,o3_rad_guard,E,0.2000,0.1000,0.3000,32.2864,31.5814,32.9675,1.3861
A5-DC/CAP,case_ss,o3_rad_guard,E,0.2000,0.1000,0.3000,105.6945,105.4896,105.9242,0.4347
A5-DC/CAP,tj_ss,o3_rad_guard,E,0.2000,0.1000,0.3000,125.9480,125.7431,126.1777,0.4347
A5-DC/CAP,duty,o3_rad_guard,E,0.2000,0.1000,0.3000,0.3500,0.3500,0.3500,0.0000
A5-DC/CAP,tj_pk,h_gapc,E,3.0000,1.5000,5.0000,95.8288,95.9861,95.6186,0.3675
A5-DC/CAP,case_d,h_gapc,E,3.0000,1.5000,5.0000,72.0249,72.1821,71.8149,0.3672
A5-DC/CAP,petg_d,h_gapc,E,3.0000,1.5000,5.0000,56.5892,56.6393,56.5347,0.1046
A5-DC/CAP,bay_d,h_gapc,E,3.0000,1.5000,5.0000,57.2847,57.3584,57.2045,0.1539
A5-DC/CAP,cell_d,h_gapc,E,3.0000,1.5000,5.0000,55.4627,55.4707,55.4541,0.0167
A5-DC/CAP,main_d,h_gapc,E,3.0000,1.5000,5.0000,55.4206,55.4307,55.4096,0.0211
A5-DC/CAP,fr4_d,h_gapc,E,3.0000,1.5000,5.0000,59.7328,60.0311,59.4137,0.6173
A5-DC/CAP,cell30,h_gapc,E,3.0000,1.5000,5.0000,50.6750,50.6723,50.6777,0.0055
A5-DC/CAP,main30,h_gapc,E,3.0000,1.5000,5.0000,54.9195,54.9139,54.9241,0.0101
A5-DC/CAP,tj_300,h_gapc,E,3.0000,1.5000,5.0000,107.0576,107.1974,106.8789,0.3185
A5-DC/CAP,tj_180,h_gapc,E,3.0000,1.5000,5.0000,95.8368,95.9070,95.7459,0.1611
A5-DC/CAP,surf5,h_gapc,E,3.0000,1.5000,5.0000,32.2864,32.3124,32.2530,0.0594
A5-DC/CAP,case_ss,h_gapc,E,3.0000,1.5000,5.0000,105.6945,105.8395,105.5007,0.3388
A5-DC/CAP,tj_ss,h_gapc,E,3.0000,1.5000,5.0000,125.9480,126.0930,125.7543,0.3388
A5-DC/CAP,duty,h_gapc,E,3.0000,1.5000,5.0000,0.3500,0.3500,0.3500,0.0000
A5-DC/CAP,tj_pk,gap_share,E,0.5000,0.3000,0.7000,95.8288,95.9547,95.7027,0.2520
A5-DC/CAP,case_d,gap_share,E,0.5000,0.3000,0.7000,72.0249,72.1507,71.8989,0.2518
A5-DC/CAP,petg_d,gap_share,E,0.5000,0.3000,0.7000,56.5892,56.6285,56.5552,0.0733
A5-DC/CAP,bay_d,gap_share,E,0.5000,0.3000,0.7000,57.2847,57.3424,57.2346,0.1079
A5-DC/CAP,cell_d,gap_share,E,0.5000,0.3000,0.7000,55.4627,55.4690,55.4573,0.0117
A5-DC/CAP,main_d,gap_share,E,0.5000,0.3000,0.7000,55.4206,55.4286,55.4137,0.0148
A5-DC/CAP,fr4_d,gap_share,E,0.5000,0.3000,0.7000,59.7328,59.9662,59.5327,0.4335
A5-DC/CAP,cell30,gap_share,E,0.5000,0.3000,0.7000,50.6750,50.6729,50.6767,0.0039
A5-DC/CAP,main30,gap_share,E,0.5000,0.3000,0.7000,54.9195,54.9152,54.9225,0.0073
A5-DC/CAP,tj_300,gap_share,E,0.5000,0.3000,0.7000,107.0576,107.1690,106.9493,0.2197
A5-DC/CAP,tj_180,gap_share,E,0.5000,0.3000,0.7000,95.8368,95.8928,95.7819,0.1109
A5-DC/CAP,surf5,gap_share,E,0.5000,0.3000,0.7000,32.2864,32.3071,32.2661,0.0410
A5-DC/CAP,case_ss,gap_share,E,0.5000,0.3000,0.7000,105.6945,105.8106,105.5783,0.2323
A5-DC/CAP,tj_ss,gap_share,E,0.5000,0.3000,0.7000,125.9480,126.0641,125.8318,0.2323
A5-DC/CAP,duty,gap_share,E,0.5000,0.3000,0.7000,0.3500,0.3500,0.3500,0.0000
A5-DC/CAP,tj_pk,g_case_air,E,0.0030,0.0010,0.0060,95.8288,95.9528,95.6680,0.2848
A5-DC/CAP,case_d,g_case_air,E,0.0030,0.0010,0.0060,72.0249,72.1456,71.8690,0.2766
A5-DC/CAP,petg_d,g_case_air,E,0.0030,0.0010,0.0060,56.5892,56.4804,56.7292,0.2488
A5-DC/CAP,bay_d,g_case_air,E,0.0030,0.0010,0.0060,57.2847,57.1245,57.4905,0.3661
A5-DC/CAP,cell_d,g_case_air,E,0.0030,0.0010,0.0060,55.4627,55.4454,55.4850,0.0397
A5-DC/CAP,main_d,g_case_air,E,0.0030,0.0010,0.0060,55.4206,55.3986,55.4489,0.0502
A5-DC/CAP,fr4_d,g_case_air,E,0.0030,0.0010,0.0060,59.7328,59.0191,60.6491,1.6299
A5-DC/CAP,cell30,g_case_air,E,0.0030,0.0010,0.0060,50.6750,50.6683,50.6840,0.0158
A5-DC/CAP,main30,g_case_air,E,0.0030,0.0010,0.0060,54.9195,54.8940,54.9528,0.0588
A5-DC/CAP,tj_300,g_case_air,E,0.0030,0.0010,0.0060,107.0576,107.2449,106.7935,0.4514
A5-DC/CAP,tj_180,g_case_air,E,0.0030,0.0010,0.0060,95.8368,95.9482,95.6768,0.2714
A5-DC/CAP,surf5,g_case_air,E,0.0030,0.0010,0.0060,32.2864,32.3162,32.2438,0.0724
A5-DC/CAP,case_ss,g_case_air,E,0.0030,0.0010,0.0060,105.6945,105.8340,105.5098,0.3242
A5-DC/CAP,tj_ss,g_case_air,E,0.0030,0.0010,0.0060,125.9480,126.0876,125.7633,0.3242
A5-DC/CAP,duty,g_case_air,E,0.0030,0.0010,0.0060,0.3500,0.3500,0.3500,0.0000
A5-DC/CAP,tj_pk,cd_vent,E,0.6000,0.4000,0.7000,95.8288,95.9152,95.7963,0.1189
A5-DC/CAP,case_d,cd_vent,E,0.6000,0.4000,0.7000,72.0249,72.1111,71.9926,0.1185
A5-DC/CAP,petg_d,cd_vent,E,0.6000,0.4000,0.7000,56.5892,58.0725,56.0235,2.0489
A5-DC/CAP,bay_d,cd_vent,E,0.6000,0.4000,0.7000,57.2847,59.3072,56.5222,2.7850
A5-DC/CAP,cell_d,cd_vent,E,0.6000,0.4000,0.7000,55.4627,55.9077,55.2788,0.6288
A5-DC/CAP,main_d,cd_vent,E,0.6000,0.4000,0.7000,55.4206,55.9842,55.1876,0.7966
A5-DC/CAP,fr4_d,cd_vent,E,0.6000,0.4000,0.7000,59.7328,60.9980,59.2583,1.7397
A5-DC/CAP,cell30,cd_vent,E,0.6000,0.4000,0.7000,50.6750,50.7769,50.6292,0.1477
A5-DC/CAP,main30,cd_vent,E,0.6000,0.4000,0.7000,54.9195,55.3193,54.7459,0.5734
A5-DC/CAP,tj_300,cd_vent,E,0.6000,0.4000,0.7000,107.0576,107.0590,107.0569,0.0021
A5-DC/CAP,tj_180,cd_vent,E,0.6000,0.4000,0.7000,95.8368,95.8370,95.8367,0.0003
A5-DC/CAP,surf5,cd_vent,E,0.6000,0.4000,0.7000,32.2864,32.2865,32.2863,0.0002
A5-DC/CAP,case_ss,cd_vent,E,0.6000,0.4000,0.7000,105.6945,105.7717,105.6664,0.1053
A5-DC/CAP,tj_ss,cd_vent,E,0.6000,0.4000,0.7000,125.9480,126.0252,125.9199,0.1053
A5-DC/CAP,duty,cd_vent,E,0.6000,0.4000,0.7000,0.3500,0.3500,0.3500,0.0000
A5-DC/CAP,tj_pk,h_stack_bay,E,0.0350,0.0250,0.0450,95.8288,95.8632,95.8033,0.0599
A5-DC/CAP,case_d,h_stack_bay,E,0.0350,0.0250,0.0450,72.0249,72.0592,71.9995,0.0597
A5-DC/CAP,petg_d,h_stack_bay,E,0.0350,0.0250,0.0450,56.5892,57.1383,56.1823,0.9559
A5-DC/CAP,bay_d,h_stack_bay,E,0.0350,0.0250,0.0450,57.2847,58.0918,56.6856,1.4061
A5-DC/CAP,cell_d,h_stack_bay,E,0.0350,0.0250,0.0450,55.4627,55.5502,55.3979,0.1524
A5-DC/CAP,main_d,h_stack_bay,E,0.0350,0.0250,0.0450,55.4206,55.5314,55.3384,0.1930
A5-DC/CAP,fr4_d,h_stack_bay,E,0.0350,0.0250,0.0450,59.7328,60.2366,59.3599,0.8766
A5-DC/CAP,cell30,h_stack_bay,E,0.0350,0.0250,0.0450,50.6750,50.6942,50.6599,0.0343
A5-DC/CAP,main30,h_stack_bay,E,0.0350,0.0250,0.0450,54.9195,55.0021,54.8562,0.1460
A5-DC/CAP,tj_300,h_stack_bay,E,0.0350,0.0250,0.0450,107.0576,107.0582,107.0570,0.0012
A5-DC/CAP,tj_180,h_stack_bay,E,0.0350,0.0250,0.0450,95.8368,95.8369,95.8367,0.0002
A5-DC/CAP,surf5,h_stack_bay,E,0.0350,0.0250,0.0450,32.2864,32.2864,32.2863,0.0001
A5-DC/CAP,case_ss,h_stack_bay,E,0.0350,0.0250,0.0450,105.6945,105.7251,105.6722,0.0529
A5-DC/CAP,tj_ss,h_stack_bay,E,0.0350,0.0250,0.0450,125.9480,125.9786,125.9257,0.0529
A5-DC/CAP,duty,h_stack_bay,E,0.0350,0.0250,0.0450,0.3500,0.3500,0.3500,0.0000
A5-DC/CAP,tj_pk,h_stack_main,E,0.0300,0.0200,0.0400,95.8288,95.8303,95.8276,0.0027
A5-DC/CAP,case_d,h_stack_main,E,0.0300,0.0200,0.0400,72.0249,72.0264,72.0237,0.0027
A5-DC/CAP,petg_d,h_stack_main,E,0.0300,0.0200,0.0400,56.5892,56.6688,56.5247,0.1441
A5-DC/CAP,bay_d,h_stack_main,E,0.0300,0.0200,0.0400,57.2847,57.3202,57.2559,0.0643
A5-DC/CAP,cell_d,h_stack_main,E,0.0300,0.0200,0.0400,55.4627,55.5843,55.3642,0.2201
A5-DC/CAP,main_d,h_stack_main,E,0.0300,0.0200,0.0400,55.4206,55.5746,55.2957,0.2789
A5-DC/CAP,fr4_d,h_stack_main,E,0.0300,0.0200,0.0400,59.7328,59.7549,59.7149,0.0401
A5-DC/CAP,cell30,h_stack_main,E,0.0300,0.0200,0.0400,50.6750,50.7058,50.6495,0.0563
A5-DC/CAP,main30,h_stack_main,E,0.0300,0.0200,0.0400,54.9195,55.0289,54.8295,0.1994
A5-DC/CAP,tj_300,h_stack_main,E,0.0300,0.0200,0.0400,107.0576,107.0576,107.0576,0.0000
A5-DC/CAP,tj_180,h_stack_main,E,0.0300,0.0200,0.0400,95.8368,95.8368,95.8368,0.0000
A5-DC/CAP,surf5,h_stack_main,E,0.0300,0.0200,0.0400,32.2864,32.2864,32.2864,0.0000
A5-DC/CAP,case_ss,h_stack_main,E,0.0300,0.0200,0.0400,105.6945,105.6955,105.6937,0.0019
A5-DC/CAP,tj_ss,h_stack_main,E,0.0300,0.0200,0.0400,125.9480,125.9491,125.9472,0.0019
A5-DC/CAP,duty,h_stack_main,E,0.0300,0.0200,0.0400,0.3500,0.3500,0.3500,0.0000
A5-DC/CAP,tj_pk,rho_air,D,1.1000,1.0700,1.1300,95.8288,95.8346,95.8231,0.0116
A5-DC/CAP,case_d,rho_air,D,1.1000,1.0700,1.1300,72.0249,72.0308,72.0192,0.0115
A5-DC/CAP,petg_d,rho_air,D,1.1000,1.0700,1.1300,56.5892,56.6909,56.4903,0.2006
A5-DC/CAP,bay_d,rho_air,D,1.1000,1.0700,1.1300,57.2847,57.4224,57.1509,0.2714
A5-DC/CAP,cell_d,rho_air,D,1.1000,1.0700,1.1300,55.4627,55.4949,55.4312,0.0637
A5-DC/CAP,main_d,rho_air,D,1.1000,1.0700,1.1300,55.4206,55.4613,55.3807,0.0807
A5-DC/CAP,fr4_d,rho_air,D,1.1000,1.0700,1.1300,59.7328,59.8187,59.6495,0.1692
A5-DC/CAP,cell30,rho_air,D,1.1000,1.0700,1.1300,50.6750,50.6828,50.6673,0.0155
A5-DC/CAP,main30,rho_air,D,1.1000,1.0700,1.1300,54.9195,54.9493,54.8900,0.0593
A5-DC/CAP,tj_300,rho_air,D,1.1000,1.0700,1.1300,107.0576,107.0577,107.0574,0.0002
A5-DC/CAP,tj_180,rho_air,D,1.1000,1.0700,1.1300,95.8368,95.8368,95.8368,0.0000
A5-DC/CAP,surf5,rho_air,D,1.1000,1.0700,1.1300,32.2864,32.2864,32.2863,0.0000
A5-DC/CAP,case_ss,rho_air,D,1.1000,1.0700,1.1300,105.6945,105.6996,105.6895,0.0101
A5-DC/CAP,tj_ss,rho_air,D,1.1000,1.0700,1.1300,125.9480,125.9531,125.9430,0.0101
A5-DC/CAP,duty,rho_air,D,1.1000,1.0700,1.1300,0.3500,0.3500,0.3500,0.0000
A5-DC/CAP,tj_pk,cp_air,D,1007.0000,1005.0000,1009.0000,95.8288,95.8292,95.8284,0.0008
A5-DC/CAP,case_d,cp_air,D,1007.0000,1005.0000,1009.0000,72.0249,72.0253,72.0245,0.0008
A5-DC/CAP,petg_d,cp_air,D,1007.0000,1005.0000,1009.0000,56.5892,56.5965,56.5819,0.0146
A5-DC/CAP,bay_d,cp_air,D,1007.0000,1005.0000,1009.0000,57.2847,57.2946,57.2748,0.0198
A5-DC/CAP,cell_d,cp_air,D,1007.0000,1005.0000,1009.0000,55.4627,55.4651,55.4604,0.0046
A5-DC/CAP,main_d,cp_air,D,1007.0000,1005.0000,1009.0000,55.4206,55.4236,55.4177,0.0059
A5-DC/CAP,fr4_d,cp_air,D,1007.0000,1005.0000,1009.0000,59.7328,59.7390,59.7267,0.0123
A5-DC/CAP,cell30,cp_air,D,1007.0000,1005.0000,1009.0000,50.6750,50.6755,50.6744,0.0011
A5-DC/CAP,main30,cp_air,D,1007.0000,1005.0000,1009.0000,54.9195,54.9216,54.9173,0.0043
A5-DC/CAP,tj_300,cp_air,D,1007.0000,1005.0000,1009.0000,107.0576,107.0576,107.0575,0.0000
A5-DC/CAP,tj_180,cp_air,D,1007.0000,1005.0000,1009.0000,95.8368,95.8368,95.8368,0.0000
A5-DC/CAP,surf5,cp_air,D,1007.0000,1005.0000,1009.0000,32.2864,32.2864,32.2864,0.0000
A5-DC/CAP,case_ss,cp_air,D,1007.0000,1005.0000,1009.0000,105.6945,105.6949,105.6941,0.0007
A5-DC/CAP,tj_ss,cp_air,D,1007.0000,1005.0000,1009.0000,125.9480,125.9484,125.9476,0.0007
A5-DC/CAP,duty,cp_air,D,1007.0000,1005.0000,1009.0000,0.3500,0.3500,0.3500,0.0000
A5-DC/CAP,tj_pk,cp_al,D,896.0000,880.0000,910.0000,95.8288,95.8329,95.8253,0.0076
A5-DC/CAP,case_d,cp_al,D,896.0000,880.0000,910.0000,72.0249,72.0249,72.0249,0.0000
A5-DC/CAP,petg_d,cp_al,D,896.0000,880.0000,910.0000,56.5892,56.5892,56.5892,0.0000
A5-DC/CAP,bay_d,cp_al,D,896.0000,880.0000,910.0000,57.2847,57.2847,57.2847,0.0000
A5-DC/CAP,cell_d,cp_al,D,896.0000,880.0000,910.0000,55.4627,55.4627,55.4627,0.0000
A5-DC/CAP,main_d,cp_al,D,896.0000,880.0000,910.0000,55.4206,55.4206,55.4206,0.0000
A5-DC/CAP,fr4_d,cp_al,D,896.0000,880.0000,910.0000,59.7328,59.7328,59.7328,0.0000
A5-DC/CAP,cell30,cp_al,D,896.0000,880.0000,910.0000,50.6750,50.6753,50.6747,0.0006
A5-DC/CAP,main30,cp_al,D,896.0000,880.0000,910.0000,54.9195,54.9203,54.9187,0.0015
A5-DC/CAP,tj_300,cp_al,D,896.0000,880.0000,910.0000,107.0576,107.4315,106.7351,0.6964
A5-DC/CAP,tj_180,cp_al,D,896.0000,880.0000,910.0000,95.8368,96.1708,95.5510,0.6198
A5-DC/CAP,surf5,cp_al,D,896.0000,880.0000,910.0000,32.2864,32.3831,32.2036,0.1795
A5-DC/CAP,case_ss,cp_al,D,896.0000,880.0000,910.0000,105.6945,105.6945,105.6945,0.0000
A5-DC/CAP,tj_ss,cp_al,D,896.0000,880.0000,910.0000,125.9480,125.9480,125.9480,0.0000
A5-DC/CAP,duty,cp_al,D,896.0000,880.0000,910.0000,0.3500,0.3500,0.3500,0.0000
A5-DC/CAP,tj_pk,rho_petg,E,1270.0000,1230.0000,1290.0000,95.8288,95.8287,95.8288,0.0001
A5-DC/CAP,case_d,rho_petg,E,1270.0000,1230.0000,1290.0000,72.0249,72.0249,72.0249,0.0000
A5-DC/CAP,petg_d,rho_petg,E,1270.0000,1230.0000,1290.0000,56.5892,56.5892,56.5892,0.0000
A5-DC/CAP,bay_d,rho_petg,E,1270.0000,1230.0000,1290.0000,57.2847,57.2847,57.2847,0.0000
A5-DC/CAP,cell_d,rho_petg,E,1270.0000,1230.0000,1290.0000,55.4627,55.4627,55.4627,0.0000
A5-DC/CAP,main_d,rho_petg,E,1270.0000,1230.0000,1290.0000,55.4206,55.4206,55.4206,0.0000
A5-DC/CAP,fr4_d,rho_petg,E,1270.0000,1230.0000,1290.0000,59.7328,59.7328,59.7328,0.0000
A5-DC/CAP,cell30,rho_petg,E,1270.0000,1230.0000,1290.0000,50.6750,50.6863,50.6694,0.0169
A5-DC/CAP,main30,rho_petg,E,1270.0000,1230.0000,1290.0000,54.9195,54.9341,54.9121,0.0219
A5-DC/CAP,tj_300,rho_petg,E,1270.0000,1230.0000,1290.0000,107.0576,107.0643,107.0543,0.0101
A5-DC/CAP,tj_180,rho_petg,E,1270.0000,1230.0000,1290.0000,95.8368,95.8392,95.8356,0.0036
A5-DC/CAP,surf5,rho_petg,E,1270.0000,1230.0000,1290.0000,32.2864,32.4075,32.2270,0.1805
A5-DC/CAP,case_ss,rho_petg,E,1270.0000,1230.0000,1290.0000,105.6945,105.6945,105.6945,0.0000
A5-DC/CAP,tj_ss,rho_petg,E,1270.0000,1230.0000,1290.0000,125.9480,125.9480,125.9480,0.0000
A5-DC/CAP,duty,rho_petg,E,1270.0000,1230.0000,1290.0000,0.3500,0.3500,0.3500,0.0000
A5-DC/CAP,tj_pk,cp_petg,E,1200.0000,1100.0000,1300.0000,95.8288,95.8286,95.8289,0.0003
A5-DC/CAP,case_d,cp_petg,E,1200.0000,1100.0000,1300.0000,72.0249,72.0249,72.0249,0.0000
A5-DC/CAP,petg_d,cp_petg,E,1200.0000,1100.0000,1300.0000,56.5892,56.5892,56.5892,0.0000
A5-DC/CAP,bay_d,cp_petg,E,1200.0000,1100.0000,1300.0000,57.2847,57.2847,57.2847,0.0000
A5-DC/CAP,cell_d,cp_petg,E,1200.0000,1100.0000,1300.0000,55.4627,55.4627,55.4627,0.0000
A5-DC/CAP,main_d,cp_petg,E,1200.0000,1100.0000,1300.0000,55.4206,55.4206,55.4206,0.0000
A5-DC/CAP,fr4_d,cp_petg,E,1200.0000,1100.0000,1300.0000,59.7328,59.7328,59.7328,0.0000
A5-DC/CAP,cell30,cp_petg,E,1200.0000,1100.0000,1300.0000,50.6750,50.7051,50.6454,0.0596
A5-DC/CAP,main30,cp_petg,E,1200.0000,1100.0000,1300.0000,54.9195,54.9578,54.8803,0.0775
A5-DC/CAP,tj_300,cp_petg,E,1200.0000,1100.0000,1300.0000,107.0576,107.0761,107.0407,0.0354
A5-DC/CAP,tj_180,cp_petg,E,1200.0000,1100.0000,1300.0000,95.8368,95.8434,95.8309,0.0125
A5-DC/CAP,surf5,cp_petg,E,1200.0000,1100.0000,1300.0000,32.2864,32.6145,31.9816,0.6329
A5-DC/CAP,case_ss,cp_petg,E,1200.0000,1100.0000,1300.0000,105.6945,105.6945,105.6945,0.0000
A5-DC/CAP,tj_ss,cp_petg,E,1200.0000,1100.0000,1300.0000,125.9480,125.9480,125.9480,0.0000
A5-DC/CAP,duty,cp_petg,E,1200.0000,1100.0000,1300.0000,0.3500,0.3500,0.3500,0.0000
A5-DC/CAP,tj_pk,rho_fr4,E,1850.0000,1800.0000,1900.0000,95.8288,95.8288,95.8288,0.0000
A5-DC/CAP,case_d,rho_fr4,E,1850.0000,1800.0000,1900.0000,72.0249,72.0249,72.0249,0.0000
A5-DC/CAP,petg_d,rho_fr4,E,1850.0000,1800.0000,1900.0000,56.5892,56.5892,56.5892,0.0000
A5-DC/CAP,bay_d,rho_fr4,E,1850.0000,1800.0000,1900.0000,57.2847,57.2847,57.2847,0.0000
A5-DC/CAP,cell_d,rho_fr4,E,1850.0000,1800.0000,1900.0000,55.4627,55.4627,55.4627,0.0000
A5-DC/CAP,main_d,rho_fr4,E,1850.0000,1800.0000,1900.0000,55.4206,55.4206,55.4206,0.0000
A5-DC/CAP,fr4_d,rho_fr4,E,1850.0000,1800.0000,1900.0000,59.7328,59.7328,59.7328,0.0000
A5-DC/CAP,cell30,rho_fr4,E,1850.0000,1800.0000,1900.0000,50.6750,50.6757,50.6743,0.0014
A5-DC/CAP,main30,rho_fr4,E,1850.0000,1800.0000,1900.0000,54.9195,54.9212,54.9177,0.0035
A5-DC/CAP,tj_300,rho_fr4,E,1850.0000,1800.0000,1900.0000,107.0576,107.0609,107.0544,0.0065
A5-DC/CAP,tj_180,rho_fr4,E,1850.0000,1800.0000,1900.0000,95.8368,95.8380,95.8357,0.0023
A5-DC/CAP,surf5,rho_fr4,E,1850.0000,1800.0000,1900.0000,32.2864,32.2868,32.2859,0.0009
A5-DC/CAP,case_ss,rho_fr4,E,1850.0000,1800.0000,1900.0000,105.6945,105.6945,105.6945,0.0000
A5-DC/CAP,tj_ss,rho_fr4,E,1850.0000,1800.0000,1900.0000,125.9480,125.9480,125.9480,0.0000
A5-DC/CAP,duty,rho_fr4,E,1850.0000,1800.0000,1900.0000,0.3500,0.3500,0.3500,0.0000
A5-DC/CAP,tj_pk,cp_fr4,E,1100.0000,1000.0000,1200.0000,95.8288,95.8287,95.8288,0.0001
A5-DC/CAP,case_d,cp_fr4,E,1100.0000,1000.0000,1200.0000,72.0249,72.0249,72.0249,0.0000
A5-DC/CAP,petg_d,cp_fr4,E,1100.0000,1000.0000,1200.0000,56.5892,56.5892,56.5892,0.0000
A5-DC/CAP,bay_d,cp_fr4,E,1100.0000,1000.0000,1200.0000,57.2847,57.2847,57.2847,0.0000
A5-DC/CAP,cell_d,cp_fr4,E,1100.0000,1000.0000,1200.0000,55.4627,55.4627,55.4627,0.0000
A5-DC/CAP,main_d,cp_fr4,E,1100.0000,1000.0000,1200.0000,55.4206,55.4206,55.4206,0.0000
A5-DC/CAP,fr4_d,cp_fr4,E,1100.0000,1000.0000,1200.0000,59.7328,59.7328,59.7328,0.0000
A5-DC/CAP,cell30,cp_fr4,E,1100.0000,1000.0000,1200.0000,50.6750,50.6773,50.6727,0.0046
A5-DC/CAP,main30,cp_fr4,E,1100.0000,1000.0000,1200.0000,54.9195,54.9253,54.9136,0.0117
A5-DC/CAP,tj_300,cp_fr4,E,1100.0000,1000.0000,1200.0000,107.0576,107.0693,107.0472,0.0220
A5-DC/CAP,tj_180,cp_fr4,E,1100.0000,1000.0000,1200.0000,95.8368,95.8409,95.8333,0.0076
A5-DC/CAP,surf5,cp_fr4,E,1100.0000,1000.0000,1200.0000,32.2864,32.2880,32.2849,0.0031
A5-DC/CAP,case_ss,cp_fr4,E,1100.0000,1000.0000,1200.0000,105.6945,105.6945,105.6945,0.0000
A5-DC/CAP,tj_ss,cp_fr4,E,1100.0000,1000.0000,1200.0000,125.9480,125.9480,125.9480,0.0000
A5-DC/CAP,duty,cp_fr4,E,1100.0000,1000.0000,1200.0000,0.3500,0.3500,0.3500,0.0000
A5-DC/CAP,tj_pk,c_bay,E,25.0000,15.0000,40.0000,95.8288,95.8287,95.8288,0.0001
A5-DC/CAP,case_d,c_bay,E,25.0000,15.0000,40.0000,72.0249,72.0249,72.0249,0.0000
A5-DC/CAP,petg_d,c_bay,E,25.0000,15.0000,40.0000,56.5892,56.5892,56.5892,0.0000
A5-DC/CAP,bay_d,c_bay,E,25.0000,15.0000,40.0000,57.2847,57.2847,57.2847,0.0000
A5-DC/CAP,cell_d,c_bay,E,25.0000,15.0000,40.0000,55.4627,55.4627,55.4627,0.0000
A5-DC/CAP,main_d,c_bay,E,25.0000,15.0000,40.0000,55.4206,55.4206,55.4206,0.0000
A5-DC/CAP,fr4_d,c_bay,E,25.0000,15.0000,40.0000,59.7328,59.7328,59.7328,0.0000
A5-DC/CAP,cell30,c_bay,E,25.0000,15.0000,40.0000,50.6750,50.7176,50.6178,0.0998
A5-DC/CAP,main30,c_bay,E,25.0000,15.0000,40.0000,54.9195,54.9799,54.8122,0.1677
A5-DC/CAP,tj_300,c_bay,E,25.0000,15.0000,40.0000,107.0576,107.0816,107.0389,0.0427
A5-DC/CAP,tj_180,c_bay,E,25.0000,15.0000,40.0000,95.8368,95.8458,95.8307,0.0151
A5-DC/CAP,surf5,c_bay,E,25.0000,15.0000,40.0000,32.2864,32.2897,32.2840,0.0057
A5-DC/CAP,case_ss,c_bay,E,25.0000,15.0000,40.0000,105.6945,105.6945,105.6945,0.0000
A5-DC/CAP,tj_ss,c_bay,E,25.0000,15.0000,40.0000,125.9480,125.9480,125.9480,0.0000
A5-DC/CAP,duty,c_bay,E,25.0000,15.0000,40.0000,0.3500,0.3500,0.3500,0.0000
A5-DC/CAP,tj_pk,c_main,E,60.0000,40.0000,90.0000,95.8288,95.8288,95.8288,0.0000
A5-DC/CAP,case_d,c_main,E,60.0000,40.0000,90.0000,72.0249,72.0249,72.0249,0.0000
A5-DC/CAP,petg_d,c_main,E,60.0000,40.0000,90.0000,56.5892,56.5892,56.5892,0.0000
A5-DC/CAP,bay_d,c_main,E,60.0000,40.0000,90.0000,57.2847,57.2847,57.2847,0.0000
A5-DC/CAP,cell_d,c_main,E,60.0000,40.0000,90.0000,55.4627,55.4627,55.4627,0.0000
A5-DC/CAP,main_d,c_main,E,60.0000,40.0000,90.0000,55.4206,55.4206,55.4206,0.0000
A5-DC/CAP,fr4_d,c_main,E,60.0000,40.0000,90.0000,59.7328,59.7328,59.7328,0.0000
A5-DC/CAP,cell30,c_main,E,60.0000,40.0000,90.0000,50.6750,50.9282,50.3181,0.6102
A5-DC/CAP,main30,c_main,E,60.0000,40.0000,90.0000,54.9195,55.1664,54.4582,0.7082
A5-DC/CAP,tj_300,c_main,E,60.0000,40.0000,90.0000,107.0576,107.0581,107.0571,0.0010
A5-DC/CAP,tj_180,c_main,E,60.0000,40.0000,90.0000,95.8368,95.8369,95.8367,0.0002
A5-DC/CAP,surf5,c_main,E,60.0000,40.0000,90.0000,32.2864,32.2864,32.2863,0.0001
A5-DC/CAP,case_ss,c_main,E,60.0000,40.0000,90.0000,105.6945,105.6945,105.6945,0.0000
A5-DC/CAP,tj_ss,c_main,E,60.0000,40.0000,90.0000,125.9480,125.9480,125.9480,0.0000
A5-DC/CAP,duty,c_main,E,60.0000,40.0000,90.0000,0.3500,0.3500,0.3500,0.0000
A5-DC/CAP,tj_pk,c_case_a5,E,3.0000,2.0000,4.5000,95.8288,95.9516,95.6394,0.3121
A5-DC/CAP,case_d,c_case_a5,E,3.0000,2.0000,4.5000,72.0249,72.0249,72.0249,0.0000
A5-DC/CAP,petg_d,c_case_a5,E,3.0000,2.0000,4.5000,56.5892,56.5892,56.5892,0.0000
A5-DC/CAP,bay_d,c_case_a5,E,3.0000,2.0000,4.5000,57.2847,57.2847,57.2847,0.0000
A5-DC/CAP,cell_d,c_case_a5,E,3.0000,2.0000,4.5000,55.4627,55.4627,55.4627,0.0000
A5-DC/CAP,main_d,c_case_a5,E,3.0000,2.0000,4.5000,55.4206,55.4206,55.4206,0.0000
A5-DC/CAP,fr4_d,c_case_a5,E,3.0000,2.0000,4.5000,59.7328,59.7328,59.7328,0.0000
A5-DC/CAP,cell30,c_case_a5,E,3.0000,2.0000,4.5000,50.6750,50.6754,50.6744,0.0010
A5-DC/CAP,main30,c_case_a5,E,3.0000,2.0000,4.5000,54.9195,54.9204,54.9180,0.0024
A5-DC/CAP,tj_300,c_case_a5,E,3.0000,2.0000,4.5000,107.0576,107.5429,106.3425,1.2004
A5-DC/CAP,tj_180,c_case_a5,E,3.0000,2.0000,4.5000,95.8368,96.3139,95.1433,1.1706
A5-DC/CAP,surf5,c_case_a5,E,3.0000,2.0000,4.5000,32.2864,32.4076,32.1106,0.2970
A5-DC/CAP,case_ss,c_case_a5,E,3.0000,2.0000,4.5000,105.6945,105.6945,105.6945,0.0000
A5-DC/CAP,tj_ss,c_case_a5,E,3.0000,2.0000,4.5000,125.9480,125.9480,125.9480,0.0000
A5-DC/CAP,duty,c_case_a5,E,3.0000,2.0000,4.5000,0.3500,0.3500,0.3500,0.0000
A5-DC/CAP,tj_pk,c_j2,E,0.2000,0.1000,0.4000,95.8288,95.8947,95.6870,0.2076
A5-DC/CAP,case_d,c_j2,E,0.2000,0.1000,0.4000,72.0249,72.0249,72.0249,0.0000
A5-DC/CAP,petg_d,c_j2,E,0.2000,0.1000,0.4000,56.5892,56.5892,56.5892,0.0000
A5-DC/CAP,bay_d,c_j2,E,0.2000,0.1000,0.4000,57.2847,57.2847,57.2847,0.0000
A5-DC/CAP,cell_d,c_j2,E,0.2000,0.1000,0.4000,55.4627,55.4627,55.4627,0.0000
A5-DC/CAP,main_d,c_j2,E,0.2000,0.1000,0.4000,55.4206,55.4206,55.4206,0.0000
A5-DC/CAP,fr4_d,c_j2,E,0.2000,0.1000,0.4000,59.7328,59.7328,59.7328,0.0000
A5-DC/CAP,cell30,c_j2,E,0.2000,0.1000,0.4000,50.6750,50.6750,50.6749,0.0002
A5-DC/CAP,main30,c_j2,E,0.2000,0.1000,0.4000,54.9195,54.9196,54.9192,0.0004
A5-DC/CAP,tj_300,c_j2,E,0.2000,0.1000,0.4000,107.0576,107.1395,106.8935,0.2460
A5-DC/CAP,tj_180,c_j2,E,0.2000,0.1000,0.4000,95.8368,95.9340,95.6427,0.2914
A5-DC/CAP,surf5,c_j2,E,0.2000,0.1000,0.4000,32.2864,32.3048,32.2496,0.0552
A5-DC/CAP,case_ss,c_j2,E,0.2000,0.1000,0.4000,105.6945,105.6945,105.6945,0.0000
A5-DC/CAP,tj_ss,c_j2,E,0.2000,0.1000,0.4000,125.9480,125.9480,125.9480,0.0000
A5-DC/CAP,duty,c_j2,E,0.2000,0.1000,0.4000,0.3500,0.3500,0.3500,0.0000
A5-DC/CAP,tj_pk,c_j1,E,0.1000,0.0500,0.2000,95.8288,95.8391,95.8072,0.0320
A5-DC/CAP,case_d,c_j1,E,0.1000,0.0500,0.2000,72.0249,72.0249,72.0249,0.0000
A5-DC/CAP,petg_d,c_j1,E,0.1000,0.0500,0.2000,56.5892,56.5892,56.5892,0.0000
A5-DC/CAP,bay_d,c_j1,E,0.1000,0.0500,0.2000,57.2847,57.2847,57.2847,0.0000
A5-DC/CAP,cell_d,c_j1,E,0.1000,0.0500,0.2000,55.4627,55.4627,55.4627,0.0000
A5-DC/CAP,main_d,c_j1,E,0.1000,0.0500,0.2000,55.4206,55.4206,55.4206,0.0000
A5-DC/CAP,fr4_d,c_j1,E,0.1000,0.0500,0.2000,59.7328,59.7328,59.7328,0.0000
A5-DC/CAP,cell30,c_j1,E,0.1000,0.0500,0.2000,50.6750,50.6750,50.6749,0.0001
A5-DC/CAP,main30,c_j1,E,0.1000,0.0500,0.2000,54.9195,54.9195,54.9193,0.0002
A5-DC/CAP,tj_300,c_j1,E,0.1000,0.0500,0.2000,107.0576,107.0842,107.0042,0.0800
A5-DC/CAP,tj_180,c_j1,E,0.1000,0.0500,0.2000,95.8368,95.8642,95.7822,0.0820
A5-DC/CAP,surf5,c_j1,E,0.1000,0.0500,0.2000,32.2864,32.2934,32.2723,0.0211
A5-DC/CAP,case_ss,c_j1,E,0.1000,0.0500,0.2000,105.6945,105.6945,105.6945,0.0000
A5-DC/CAP,tj_ss,c_j1,E,0.1000,0.0500,0.2000,125.9480,125.9480,125.9480,0.0000
A5-DC/CAP,duty,c_j1,E,0.1000,0.0500,0.2000,0.3500,0.3500,0.3500,0.0000
A5-DC/CAP,tj_pk,c_j_a4,E,0.0500,0.0200,0.1000,95.8288,95.8288,95.8288,0.0000
A5-DC/CAP,case_d,c_j_a4,E,0.0500,0.0200,0.1000,72.0249,72.0249,72.0249,0.0000
A5-DC/CAP,petg_d,c_j_a4,E,0.0500,0.0200,0.1000,56.5892,56.5892,56.5892,0.0000
A5-DC/CAP,bay_d,c_j_a4,E,0.0500,0.0200,0.1000,57.2847,57.2847,57.2847,0.0000
A5-DC/CAP,cell_d,c_j_a4,E,0.0500,0.0200,0.1000,55.4627,55.4627,55.4627,0.0000
A5-DC/CAP,main_d,c_j_a4,E,0.0500,0.0200,0.1000,55.4206,55.4206,55.4206,0.0000
A5-DC/CAP,fr4_d,c_j_a4,E,0.0500,0.0200,0.1000,59.7328,59.7328,59.7328,0.0000
A5-DC/CAP,cell30,c_j_a4,E,0.0500,0.0200,0.1000,50.6750,50.6750,50.6750,0.0000
A5-DC/CAP,main30,c_j_a4,E,0.0500,0.0200,0.1000,54.9195,54.9195,54.9195,0.0000
A5-DC/CAP,tj_300,c_j_a4,E,0.0500,0.0200,0.1000,107.0576,107.0576,107.0576,0.0000
A5-DC/CAP,tj_180,c_j_a4,E,0.0500,0.0200,0.1000,95.8368,95.8368,95.8368,0.0000
A5-DC/CAP,surf5,c_j_a4,E,0.0500,0.0200,0.1000,32.2864,32.2864,32.2864,0.0000
A5-DC/CAP,case_ss,c_j_a4,E,0.0500,0.0200,0.1000,105.6945,105.6945,105.6945,0.0000
A5-DC/CAP,tj_ss,c_j_a4,E,0.0500,0.0200,0.1000,125.9480,125.9480,125.9480,0.0000
A5-DC/CAP,duty,c_j_a4,E,0.0500,0.0200,0.1000,0.3500,0.3500,0.3500,0.0000
A5-DC/CAP,tj_pk,c_case_a4,E,1.0000,0.6000,1.6000,95.8288,95.8288,95.8288,0.0000
A5-DC/CAP,case_d,c_case_a4,E,1.0000,0.6000,1.6000,72.0249,72.0249,72.0249,0.0000
A5-DC/CAP,petg_d,c_case_a4,E,1.0000,0.6000,1.6000,56.5892,56.5892,56.5892,0.0000
A5-DC/CAP,bay_d,c_case_a4,E,1.0000,0.6000,1.6000,57.2847,57.2847,57.2847,0.0000
A5-DC/CAP,cell_d,c_case_a4,E,1.0000,0.6000,1.6000,55.4627,55.4627,55.4627,0.0000
A5-DC/CAP,main_d,c_case_a4,E,1.0000,0.6000,1.6000,55.4206,55.4206,55.4206,0.0000
A5-DC/CAP,fr4_d,c_case_a4,E,1.0000,0.6000,1.6000,59.7328,59.7328,59.7328,0.0000
A5-DC/CAP,cell30,c_case_a4,E,1.0000,0.6000,1.6000,50.6750,50.6750,50.6750,0.0000
A5-DC/CAP,main30,c_case_a4,E,1.0000,0.6000,1.6000,54.9195,54.9195,54.9195,0.0000
A5-DC/CAP,tj_300,c_case_a4,E,1.0000,0.6000,1.6000,107.0576,107.0576,107.0576,0.0000
A5-DC/CAP,tj_180,c_case_a4,E,1.0000,0.6000,1.6000,95.8368,95.8368,95.8368,0.0000
A5-DC/CAP,surf5,c_case_a4,E,1.0000,0.6000,1.6000,32.2864,32.2864,32.2864,0.0000
A5-DC/CAP,case_ss,c_case_a4,E,1.0000,0.6000,1.6000,105.6945,105.6945,105.6945,0.0000
A5-DC/CAP,tj_ss,c_case_a4,E,1.0000,0.6000,1.6000,125.9480,125.9480,125.9480,0.0000
A5-DC/CAP,duty,c_case_a4,E,1.0000,0.6000,1.6000,0.3500,0.3500,0.3500,0.0000
A5-CL,tj_pk,r_feed,E,0.2600,0.2600,0.4500,100.0291,100.0291,96.3991,3.6300
A5-CL,case_d,r_feed,E,0.2600,0.2600,0.4500,76.2253,76.2253,74.6275,1.5977
A5-CL,petg_d,r_feed,E,0.2600,0.2600,0.4500,55.0191,55.0191,55.5525,0.5335
A5-CL,bay_d,r_feed,E,0.2600,0.2600,0.4500,56.5635,56.5635,56.9625,0.3990
A5-CL,cell_d,r_feed,E,0.2600,0.2600,0.4500,51.9554,51.9554,53.6900,1.7346
A5-CL,main_d,r_feed,E,0.2600,0.2600,0.4500,50.9692,50.9692,53.1726,2.2034
A5-CL,fr4_d,r_feed,E,0.2600,0.2600,0.4500,60.4948,60.4948,60.3061,0.1887
A5-CL,cell30,r_feed,E,0.2600,0.2600,0.4500,49.1123,49.1123,50.1893,1.0770
A5-CL,main30,r_feed,E,0.2600,0.2600,0.4500,50.9789,50.9789,53.7014,2.7225
A5-CL,tj_300,r_feed,E,0.2600,0.2600,0.4500,108.7201,108.7201,104.0771,4.6430
A5-CL,tj_180,r_feed,E,0.2600,0.2600,0.4500,96.9138,96.9138,92.9631,3.9506
A5-CL,surf5,r_feed,E,0.2600,0.2600,0.4500,32.6410,32.6410,32.0732,0.5678
A5-CL,lm_ss,r_feed,E,0.2600,0.2600,0.4500,103.6851,103.6851,101.9556,1.7295
A5-CL,case_ss,r_feed,E,0.2600,0.2600,0.4500,107.4011,107.4011,105.3037,2.0973
A5-CL,tj_ss,r_feed,E,0.2600,0.2600,0.4500,127.6546,127.6546,123.7876,3.8670
A5-CL,duty,r_feed,E,0.2600,0.2600,0.4500,0.3500,0.3500,0.3500,0.0000
A5-CL,tj_pk,r_cellpath,E,0.0600,0.0500,0.1000,100.0291,100.0294,100.0281,0.0012
A5-CL,case_d,r_cellpath,E,0.0600,0.0500,0.1000,76.2253,76.2255,76.2243,0.0012
A5-CL,petg_d,r_cellpath,E,0.0600,0.0500,0.1000,55.0191,55.0192,55.0187,0.0004
A5-CL,bay_d,r_cellpath,E,0.0600,0.0500,0.1000,56.5635,56.5695,56.5396,0.0299
A5-CL,cell_d,r_cellpath,E,0.0600,0.0500,0.1000,51.9554,51.5972,53.3883,1.7911
A5-CL,main_d,r_cellpath,E,0.0600,0.0500,0.1000,50.9692,50.9949,50.8664,0.1285
A5-CL,fr4_d,r_cellpath,E,0.0600,0.0500,0.1000,60.4948,60.4985,60.4801,0.0184
A5-CL,cell30,r_cellpath,E,0.0600,0.0500,0.1000,49.1123,48.8264,50.2556,1.4292
A5-CL,main30,r_cellpath,E,0.0600,0.0500,0.1000,50.9789,51.0683,50.6201,0.4482
A5-CL,tj_300,r_cellpath,E,0.0600,0.0500,0.1000,108.7201,108.7201,108.7199,0.0002
A5-CL,tj_180,r_cellpath,E,0.0600,0.0500,0.1000,96.9138,96.9138,96.9137,0.0000
A5-CL,surf5,r_cellpath,E,0.0600,0.0500,0.1000,32.6410,32.6410,32.6410,0.0000
A5-CL,lm_ss,r_cellpath,E,0.0600,0.0500,0.1000,103.6851,103.6854,103.6842,0.0011
A5-CL,case_ss,r_cellpath,E,0.0600,0.0500,0.1000,107.4011,107.4013,107.4001,0.0012
A5-CL,tj_ss,r_cellpath,E,0.0600,0.0500,0.1000,127.6546,127.6548,127.6536,0.0012
A5-CL,duty,r_cellpath,E,0.0600,0.0500,0.1000,0.3500,0.3500,0.3500,0.0000
A5-CL,tj_pk,i_bus,E,0.3000,0.2500,0.4000,100.0291,100.0277,100.0322,0.0045
A5-CL,case_d,i_bus,E,0.3000,0.2500,0.4000,76.2253,76.2238,76.2284,0.0045
A5-CL,petg_d,i_bus,E,0.3000,0.2500,0.4000,55.0191,55.0186,55.0202,0.0016
A5-CL,bay_d,i_bus,E,0.3000,0.2500,0.4000,56.5635,56.5282,56.6393,0.1110
A5-CL,cell_d,i_bus,E,0.3000,0.2500,0.4000,51.9554,51.7185,52.4653,0.7469
A5-CL,main_d,i_bus,E,0.3000,0.2500,0.4000,50.9692,50.8175,51.2952,0.4776
A5-CL,fr4_d,i_bus,E,0.3000,0.2500,0.4000,60.4948,60.4731,60.5415,0.0684
A5-CL,cell30,i_bus,E,0.3000,0.2500,0.4000,49.1123,48.9581,49.4389,0.4808
A5-CL,main30,i_bus,E,0.3000,0.2500,0.4000,50.9789,50.8220,51.3104,0.4883
A5-CL,tj_300,i_bus,E,0.3000,0.2500,0.4000,108.7201,108.7200,108.7201,0.0001
A5-CL,tj_180,i_bus,E,0.3000,0.2500,0.4000,96.9138,96.9138,96.9138,0.0000
A5-CL,surf5,i_bus,E,0.3000,0.2500,0.4000,32.6410,32.6410,32.6410,0.0000
A5-CL,lm_ss,i_bus,E,0.3000,0.2500,0.4000,103.6851,103.6840,103.6874,0.0034
A5-CL,case_ss,i_bus,E,0.3000,0.2500,0.4000,107.4011,107.3999,107.4035,0.0036
A5-CL,tj_ss,i_bus,E,0.3000,0.2500,0.4000,127.6546,127.6534,127.6570,0.0036
A5-CL,duty,i_bus,E,0.3000,0.2500,0.4000,0.3500,0.3500,0.3500,0.0000
A5-CL,tj_pk,a5_idd,DD,1.9700,1.7900,1.9700,100.0291,93.3986,100.0291,6.6305
A5-CL,case_d,a5_idd,DD,1.9700,1.7900,1.9700,76.2253,73.2767,76.2253,2.9485
A5-CL,petg_d,a5_idd,DD,1.9700,1.7900,1.9700,55.0191,54.1186,55.0191,0.9005
A5-CL,bay_d,a5_idd,DD,1.9700,1.7900,1.9700,56.5635,56.2503,56.5635,0.3132
A5-CL,cell_d,a5_idd,DD,1.9700,1.7900,1.9700,51.9554,51.2559,51.9554,0.6995
A5-CL,main_d,a5_idd,DD,1.9700,1.7900,1.9700,50.9692,50.5057,50.9692,0.4636
A5-CL,fr4_d,a5_idd,DD,1.9700,1.7900,1.9700,60.4948,59.5094,60.4948,0.9854
A5-CL,cell30,a5_idd,DD,1.9700,1.7900,1.9700,49.1123,48.6250,49.1123,0.4873
A5-CL,main30,a5_idd,DD,1.9700,1.7900,1.9700,50.9789,50.4614,50.9789,0.5175
A5-CL,tj_300,a5_idd,DD,1.9700,1.7900,1.9700,108.7201,100.2885,108.7201,8.4315
A5-CL,tj_180,a5_idd,DD,1.9700,1.7900,1.9700,96.9138,89.7477,96.9138,7.1660
A5-CL,surf5,a5_idd,DD,1.9700,1.7900,1.9700,32.6410,31.6157,32.6410,1.0253
A5-CL,lm_ss,a5_idd,DD,1.9700,1.7900,1.9700,103.6851,100.0020,103.6851,3.6831
A5-CL,case_ss,a5_idd,DD,1.9700,1.7900,1.9700,107.4011,103.0501,107.4011,4.3510
A5-CL,tj_ss,a5_idd,DD,1.9700,1.7900,1.9700,127.6546,120.0971,127.6546,7.5574
A5-CL,duty,a5_idd,DD,1.9700,1.7900,1.9700,0.3500,0.3500,0.3500,0.0000
A5-CL,tj_pk,a5_p1,DD,1.5000,1.2000,1.8000,100.0291,100.7490,99.3092,1.4398
A5-CL,case_d,a5_p1,DD,1.5000,1.2000,1.8000,76.2253,76.2253,76.2253,0.0000
A5-CL,petg_d,a5_p1,DD,1.5000,1.2000,1.8000,55.0191,55.0191,55.0191,0.0000
A5-CL,bay_d,a5_p1,DD,1.5000,1.2000,1.8000,56.5635,56.5635,56.5635,0.0000
A5-CL,cell_d,a5_p1,DD,1.5000,1.2000,1.8000,51.9554,51.9554,51.9554,0.0000
A5-CL,main_d,a5_p1,DD,1.5000,1.2000,1.8000,50.9692,50.9692,50.9692,0.0000
A5-CL,fr4_d,a5_p1,DD,1.5000,1.2000,1.8000,60.4948,60.4948,60.4948,0.0000
A5-CL,cell30,a5_p1,DD,1.5000,1.2000,1.8000,49.1123,49.1123,49.1123,0.0000
A5-CL,main30,a5_p1,DD,1.5000,1.2000,1.8000,50.9789,50.9789,50.9789,0.0000
A5-CL,tj_300,a5_p1,DD,1.5000,1.2000,1.8000,108.7201,109.4400,108.0001,1.4399
A5-CL,tj_180,a5_p1,DD,1.5000,1.2000,1.8000,96.9138,97.6337,96.1939,1.4398
A5-CL,surf5,a5_p1,DD,1.5000,1.2000,1.8000,32.6410,32.6410,32.6410,0.0001
A5-CL,lm_ss,a5_p1,DD,1.5000,1.2000,1.8000,103.6851,103.6851,103.6851,0.0000
A5-CL,case_ss,a5_p1,DD,1.5000,1.2000,1.8000,107.4011,107.4011,107.4011,0.0000
A5-CL,tj_ss,a5_p1,DD,1.5000,1.2000,1.8000,127.6546,128.3746,126.9346,1.4400
A5-CL,duty,a5_p1,DD,1.5000,1.2000,1.8000,0.3500,0.3500,0.3500,0.0000
A5-CL,tj_pk,a5_rjc2,D,2.4000,2.1600,2.6400,100.0291,98.0143,102.0439,4.0296
A5-CL,case_d,a5_rjc2,D,2.4000,2.1600,2.6400,76.2253,76.2253,76.2253,0.0000
A5-CL,petg_d,a5_rjc2,D,2.4000,2.1600,2.6400,55.0191,55.0191,55.0191,0.0000
A5-CL,bay_d,a5_rjc2,D,2.4000,2.1600,2.6400,56.5635,56.5635,56.5635,0.0000
A5-CL,cell_d,a5_rjc2,D,2.4000,2.1600,2.6400,51.9554,51.9554,51.9554,0.0000
A5-CL,main_d,a5_rjc2,D,2.4000,2.1600,2.6400,50.9692,50.9692,50.9692,0.0000
A5-CL,fr4_d,a5_rjc2,D,2.4000,2.1600,2.6400,60.4948,60.4948,60.4948,0.0000
A5-CL,cell30,a5_rjc2,D,2.4000,2.1600,2.6400,49.1123,49.1123,49.1123,0.0000
A5-CL,main30,a5_rjc2,D,2.4000,2.1600,2.6400,50.9789,50.9789,50.9788,0.0000
A5-CL,tj_300,a5_rjc2,D,2.4000,2.1600,2.6400,108.7201,106.7016,110.7385,4.0369
A5-CL,tj_180,a5_rjc2,D,2.4000,2.1600,2.6400,96.9138,94.8986,98.9290,4.0304
A5-CL,surf5,a5_rjc2,D,2.4000,2.1600,2.6400,32.6410,32.6423,32.6397,0.0026
A5-CL,lm_ss,a5_rjc2,D,2.4000,2.1600,2.6400,103.6851,103.6851,103.6851,0.0000
A5-CL,case_ss,a5_rjc2,D,2.4000,2.1600,2.6400,107.4011,107.4011,107.4011,0.0000
A5-CL,tj_ss,a5_rjc2,D,2.4000,2.1600,2.6400,127.6546,125.6292,129.6799,4.0507
A5-CL,duty,a5_rjc2,D,2.4000,2.1600,2.6400,0.3500,0.3500,0.3500,0.0000
A5-CL,tj_pk,a5_rjc1,D,4.5000,4.0500,4.9500,100.0291,100.0299,100.0283,0.0016
A5-CL,case_d,a5_rjc1,D,4.5000,4.0500,4.9500,76.2253,76.2253,76.2253,0.0000
A5-CL,petg_d,a5_rjc1,D,4.5000,4.0500,4.9500,55.0191,55.0191,55.0191,0.0000
A5-CL,bay_d,a5_rjc1,D,4.5000,4.0500,4.9500,56.5635,56.5635,56.5635,0.0000
A5-CL,cell_d,a5_rjc1,D,4.5000,4.0500,4.9500,51.9554,51.9554,51.9554,0.0000
A5-CL,main_d,a5_rjc1,D,4.5000,4.0500,4.9500,50.9692,50.9692,50.9692,0.0000
A5-CL,fr4_d,a5_rjc1,D,4.5000,4.0500,4.9500,60.4948,60.4948,60.4948,0.0000
A5-CL,cell30,a5_rjc1,D,4.5000,4.0500,4.9500,49.1123,49.1123,49.1123,0.0000
A5-CL,main30,a5_rjc1,D,4.5000,4.0500,4.9500,50.9789,50.9789,50.9788,0.0000
A5-CL,tj_300,a5_rjc1,D,4.5000,4.0500,4.9500,108.7201,108.7206,108.7196,0.0010
A5-CL,tj_180,a5_rjc1,D,4.5000,4.0500,4.9500,96.9138,96.9145,96.9130,0.0015
A5-CL,surf5,a5_rjc1,D,4.5000,4.0500,4.9500,32.6410,32.6412,32.6408,0.0004
A5-CL,lm_ss,a5_rjc1,D,4.5000,4.0500,4.9500,103.6851,103.6851,103.6851,0.0000
A5-CL,case_ss,a5_rjc1,D,4.5000,4.0500,4.9500,107.4011,107.4011,107.4011,0.0000
A5-CL,tj_ss,a5_rjc1,D,4.5000,4.0500,4.9500,127.6546,127.6546,127.6546,0.0000
A5-CL,duty,a5_rjc1,D,4.5000,4.0500,4.9500,0.3500,0.3500,0.3500,0.0000
A5-CL,tj_pk,a5_bond,E,0.0001,0.0000,0.0001,100.0291,97.7446,102.2615,4.5170
A5-CL,case_d,a5_bond,E,0.0001,0.0000,0.0001,76.2253,75.3731,77.0762,1.7031
A5-CL,petg_d,a5_bond,E,0.0001,0.0000,0.0001,55.0191,55.0229,55.0153,0.0076
A5-CL,bay_d,a5_bond,E,0.0001,0.0000,0.0001,56.5635,56.5475,56.5795,0.0320
A5-CL,cell_d,a5_bond,E,0.0001,0.0000,0.0001,51.9554,51.9536,51.9572,0.0036
A5-CL,main_d,a5_bond,E,0.0001,0.0000,0.0001,50.9692,50.9669,50.9715,0.0046
A5-CL,fr4_d,a5_bond,E,0.0001,0.0000,0.0001,60.4948,60.4252,60.5643,0.1391
A5-CL,cell30,a5_bond,E,0.0001,0.0000,0.0001,49.1123,49.1117,49.1130,0.0013
A5-CL,main30,a5_bond,E,0.0001,0.0000,0.0001,50.9789,50.9765,50.9812,0.0047
A5-CL,tj_300,a5_bond,E,0.0001,0.0000,0.0001,108.7201,106.3968,111.0393,4.6425
A5-CL,tj_180,a5_bond,E,0.0001,0.0000,0.0001,96.9138,94.6383,99.1851,4.5467
A5-CL,surf5,a5_bond,E,0.0001,0.0000,0.0001,32.6410,32.6709,32.6112,0.0597
A5-CL,lm_ss,a5_bond,E,0.0001,0.0000,0.0001,103.6851,103.6970,103.6733,0.0237
A5-CL,case_ss,a5_bond,E,0.0001,0.0000,0.0001,107.4011,104.9396,109.8591,4.9195
A5-CL,tj_ss,a5_bond,E,0.0001,0.0000,0.0001,127.6546,125.1931,130.1126,4.9195
A5-CL,duty,a5_bond,E,0.0001,0.0000,0.0001,0.3500,0.3500,0.3500,0.0000
A5-CL,tj_pk,k_tim,E,0.7000,0.6000,0.8000,100.0291,100.7827,99.4602,1.3225
A5-CL,case_d,k_tim,E,0.7000,0.6000,0.8000,76.2253,76.5090,76.0123,0.4967
A5-CL,petg_d,k_tim,E,0.7000,0.6000,0.8000,55.0191,55.0178,55.0200,0.0022
A5-CL,bay_d,k_tim,E,0.7000,0.6000,0.8000,56.5635,56.5688,56.5595,0.0093
A5-CL,cell_d,k_tim,E,0.7000,0.6000,0.8000,51.9554,51.9560,51.9549,0.0011
A5-CL,main_d,k_tim,E,0.7000,0.6000,0.8000,50.9692,50.9700,50.9686,0.0013
A5-CL,fr4_d,k_tim,E,0.7000,0.6000,0.8000,60.4948,60.5180,60.4774,0.0406
A5-CL,cell30,k_tim,E,0.7000,0.6000,0.8000,49.1123,49.1126,49.1122,0.0004
A5-CL,main30,k_tim,E,0.7000,0.6000,0.8000,50.9789,50.9796,50.9783,0.0014
A5-CL,tj_300,k_tim,E,0.7000,0.6000,0.8000,108.7201,109.4936,108.1396,1.3540
A5-CL,tj_180,k_tim,E,0.7000,0.6000,0.8000,96.9138,97.6713,96.3453,1.3260
A5-CL,surf5,k_tim,E,0.7000,0.6000,0.8000,32.6410,32.6310,32.6484,0.0174
A5-CL,lm_ss,k_tim,E,0.7000,0.6000,0.8000,103.6851,103.6812,103.6881,0.0069
A5-CL,case_ss,k_tim,E,0.7000,0.6000,0.8000,107.4011,108.2208,106.7860,1.4348
A5-CL,tj_ss,k_tim,E,0.7000,0.6000,0.8000,127.6546,128.4743,127.0395,1.4348
A5-CL,duty,k_tim,E,0.7000,0.6000,0.8000,0.3500,0.3500,0.3500,0.0000
A5-CL,tj_pk,r_spread_x,E,0.0000,0.0000,0.3000,100.0291,100.0291,102.6796,2.6504
A5-CL,case_d,r_spread_x,E,0.0000,0.0000,0.3000,76.2253,76.2253,77.2401,1.0149
A5-CL,petg_d,r_spread_x,E,0.0000,0.0000,0.3000,55.0191,55.0191,55.0146,0.0045
A5-CL,bay_d,r_spread_x,E,0.0000,0.0000,0.3000,56.5635,56.5635,56.5826,0.0190
A5-CL,cell_d,r_spread_x,E,0.0000,0.0000,0.3000,51.9554,51.9554,51.9576,0.0022
A5-CL,main_d,r_spread_x,E,0.0000,0.0000,0.3000,50.9692,50.9692,50.9720,0.0027
A5-CL,fr4_d,r_spread_x,E,0.0000,0.0000,0.3000,60.4948,60.4948,60.5777,0.0829
A5-CL,cell30,r_spread_x,E,0.0000,0.0000,0.3000,49.1123,49.1123,49.1131,0.0008
A5-CL,main30,r_spread_x,E,0.0000,0.0000,0.3000,50.9789,50.9789,50.9817,0.0028
A5-CL,tj_300,r_spread_x,E,0.0000,0.0000,0.3000,108.7201,108.7201,111.4860,2.7659
A5-CL,tj_180,r_spread_x,E,0.0000,0.0000,0.3000,96.9138,96.9138,99.6225,2.7087
A5-CL,surf5,r_spread_x,E,0.0000,0.0000,0.3000,32.6410,32.6410,32.6054,0.0356
A5-CL,lm_ss,r_spread_x,E,0.0000,0.0000,0.3000,103.6851,103.6851,103.6710,0.0141
A5-CL,case_ss,r_spread_x,E,0.0000,0.0000,0.3000,107.4011,107.4011,110.3326,2.9316
A5-CL,tj_ss,r_spread_x,E,0.0000,0.0000,0.3000,127.6546,127.6546,130.5862,2.9316
A5-CL,duty,r_spread_x,E,0.0000,0.0000,0.3000,0.3500,0.3500,0.3500,0.0000
A5-CL,tj_pk,a4_isat,DD,1.3870,1.2610,1.5580,100.0291,100.0291,100.0291,0.0000
A5-CL,case_d,a4_isat,DD,1.3870,1.2610,1.5580,76.2253,76.2253,76.2253,0.0000
A5-CL,petg_d,a4_isat,DD,1.3870,1.2610,1.5580,55.0191,55.0191,55.0191,0.0000
A5-CL,bay_d,a4_isat,DD,1.3870,1.2610,1.5580,56.5635,56.5635,56.5635,0.0000
A5-CL,cell_d,a4_isat,DD,1.3870,1.2610,1.5580,51.9554,51.9554,51.9554,0.0000
A5-CL,main_d,a4_isat,DD,1.3870,1.2610,1.5580,50.9692,50.9692,50.9692,0.0000
A5-CL,fr4_d,a4_isat,DD,1.3870,1.2610,1.5580,60.4948,60.4948,60.4948,0.0000
A5-CL,cell30,a4_isat,DD,1.3870,1.2610,1.5580,49.1123,49.1123,49.1123,0.0000
A5-CL,main30,a4_isat,DD,1.3870,1.2610,1.5580,50.9789,50.9789,50.9789,0.0000
A5-CL,tj_300,a4_isat,DD,1.3870,1.2610,1.5580,108.7201,108.7201,108.7201,0.0000
A5-CL,tj_180,a4_isat,DD,1.3870,1.2610,1.5580,96.9138,96.9138,96.9138,0.0000
A5-CL,surf5,a4_isat,DD,1.3870,1.2610,1.5580,32.6410,32.6410,32.6410,0.0000
A5-CL,lm_ss,a4_isat,DD,1.3870,1.2610,1.5580,103.6851,103.6851,103.6851,0.0000
A5-CL,case_ss,a4_isat,DD,1.3870,1.2610,1.5580,107.4011,107.4011,107.4011,0.0000
A5-CL,tj_ss,a4_isat,DD,1.3870,1.2610,1.5580,127.6546,127.6546,127.6546,0.0000
A5-CL,duty,a4_isat,DD,1.3870,1.2610,1.5580,0.3500,0.3500,0.3500,0.0000
A5-CL,tj_pk,a4_rjc,D,4.4000,3.9600,4.8400,100.0291,100.0291,100.0291,0.0000
A5-CL,case_d,a4_rjc,D,4.4000,3.9600,4.8400,76.2253,76.2253,76.2253,0.0000
A5-CL,petg_d,a4_rjc,D,4.4000,3.9600,4.8400,55.0191,55.0191,55.0191,0.0000
A5-CL,bay_d,a4_rjc,D,4.4000,3.9600,4.8400,56.5635,56.5635,56.5635,0.0000
A5-CL,cell_d,a4_rjc,D,4.4000,3.9600,4.8400,51.9554,51.9554,51.9554,0.0000
A5-CL,main_d,a4_rjc,D,4.4000,3.9600,4.8400,50.9692,50.9692,50.9692,0.0000
A5-CL,fr4_d,a4_rjc,D,4.4000,3.9600,4.8400,60.4948,60.4948,60.4948,0.0000
A5-CL,cell30,a4_rjc,D,4.4000,3.9600,4.8400,49.1123,49.1123,49.1123,0.0000
A5-CL,main30,a4_rjc,D,4.4000,3.9600,4.8400,50.9789,50.9789,50.9789,0.0000
A5-CL,tj_300,a4_rjc,D,4.4000,3.9600,4.8400,108.7201,108.7201,108.7201,0.0000
A5-CL,tj_180,a4_rjc,D,4.4000,3.9600,4.8400,96.9138,96.9138,96.9138,0.0000
A5-CL,surf5,a4_rjc,D,4.4000,3.9600,4.8400,32.6410,32.6410,32.6410,0.0000
A5-CL,lm_ss,a4_rjc,D,4.4000,3.9600,4.8400,103.6851,103.6851,103.6851,0.0000
A5-CL,case_ss,a4_rjc,D,4.4000,3.9600,4.8400,107.4011,107.4011,107.4011,0.0000
A5-CL,tj_ss,a4_rjc,D,4.4000,3.9600,4.8400,127.6546,127.6546,127.6546,0.0000
A5-CL,duty,a4_rjc,D,4.4000,3.9600,4.8400,0.3500,0.3500,0.3500,0.0000
A5-CL,tj_pk,a4_r_pad,E,0.8000,0.5000,1.5000,100.0291,100.0291,100.0291,0.0000
A5-CL,case_d,a4_r_pad,E,0.8000,0.5000,1.5000,76.2253,76.2253,76.2253,0.0000
A5-CL,petg_d,a4_r_pad,E,0.8000,0.5000,1.5000,55.0191,55.0191,55.0191,0.0000
A5-CL,bay_d,a4_r_pad,E,0.8000,0.5000,1.5000,56.5635,56.5635,56.5635,0.0000
A5-CL,cell_d,a4_r_pad,E,0.8000,0.5000,1.5000,51.9554,51.9554,51.9554,0.0000
A5-CL,main_d,a4_r_pad,E,0.8000,0.5000,1.5000,50.9692,50.9692,50.9692,0.0000
A5-CL,fr4_d,a4_r_pad,E,0.8000,0.5000,1.5000,60.4948,60.4948,60.4948,0.0000
A5-CL,cell30,a4_r_pad,E,0.8000,0.5000,1.5000,49.1123,49.1123,49.1123,0.0000
A5-CL,main30,a4_r_pad,E,0.8000,0.5000,1.5000,50.9789,50.9789,50.9789,0.0000
A5-CL,tj_300,a4_r_pad,E,0.8000,0.5000,1.5000,108.7201,108.7201,108.7201,0.0000
A5-CL,tj_180,a4_r_pad,E,0.8000,0.5000,1.5000,96.9138,96.9138,96.9138,0.0000
A5-CL,surf5,a4_r_pad,E,0.8000,0.5000,1.5000,32.6410,32.6410,32.6410,0.0000
A5-CL,lm_ss,a4_r_pad,E,0.8000,0.5000,1.5000,103.6851,103.6851,103.6851,0.0000
A5-CL,case_ss,a4_r_pad,E,0.8000,0.5000,1.5000,107.4011,107.4011,107.4011,0.0000
A5-CL,tj_ss,a4_r_pad,E,0.8000,0.5000,1.5000,127.6546,127.6546,127.6546,0.0000
A5-CL,duty,a4_r_pad,E,0.8000,0.5000,1.5000,0.3500,0.3500,0.3500,0.0000
A5-CL,tj_pk,a4_r_via,DD,1.1000,0.9000,1.6000,100.0291,100.0291,100.0291,0.0000
A5-CL,case_d,a4_r_via,DD,1.1000,0.9000,1.6000,76.2253,76.2253,76.2253,0.0000
A5-CL,petg_d,a4_r_via,DD,1.1000,0.9000,1.6000,55.0191,55.0191,55.0191,0.0000
A5-CL,bay_d,a4_r_via,DD,1.1000,0.9000,1.6000,56.5635,56.5635,56.5635,0.0000
A5-CL,cell_d,a4_r_via,DD,1.1000,0.9000,1.6000,51.9554,51.9554,51.9554,0.0000
A5-CL,main_d,a4_r_via,DD,1.1000,0.9000,1.6000,50.9692,50.9692,50.9692,0.0000
A5-CL,fr4_d,a4_r_via,DD,1.1000,0.9000,1.6000,60.4948,60.4948,60.4948,0.0000
A5-CL,cell30,a4_r_via,DD,1.1000,0.9000,1.6000,49.1123,49.1123,49.1123,0.0000
A5-CL,main30,a4_r_via,DD,1.1000,0.9000,1.6000,50.9789,50.9789,50.9789,0.0000
A5-CL,tj_300,a4_r_via,DD,1.1000,0.9000,1.6000,108.7201,108.7201,108.7201,0.0000
A5-CL,tj_180,a4_r_via,DD,1.1000,0.9000,1.6000,96.9138,96.9138,96.9138,0.0000
A5-CL,surf5,a4_r_via,DD,1.1000,0.9000,1.6000,32.6410,32.6410,32.6410,0.0000
A5-CL,lm_ss,a4_r_via,DD,1.1000,0.9000,1.6000,103.6851,103.6851,103.6851,0.0000
A5-CL,case_ss,a4_r_via,DD,1.1000,0.9000,1.6000,107.4011,107.4011,107.4011,0.0000
A5-CL,tj_ss,a4_r_via,DD,1.1000,0.9000,1.6000,127.6546,127.6546,127.6546,0.0000
A5-CL,duty,a4_r_via,DD,1.1000,0.9000,1.6000,0.3500,0.3500,0.3500,0.0000
A5-CL,tj_pk,a4_r_bs,E,0.6000,0.4000,1.0000,100.0291,100.0291,100.0291,0.0000
A5-CL,case_d,a4_r_bs,E,0.6000,0.4000,1.0000,76.2253,76.2253,76.2253,0.0000
A5-CL,petg_d,a4_r_bs,E,0.6000,0.4000,1.0000,55.0191,55.0191,55.0191,0.0000
A5-CL,bay_d,a4_r_bs,E,0.6000,0.4000,1.0000,56.5635,56.5635,56.5635,0.0000
A5-CL,cell_d,a4_r_bs,E,0.6000,0.4000,1.0000,51.9554,51.9554,51.9554,0.0000
A5-CL,main_d,a4_r_bs,E,0.6000,0.4000,1.0000,50.9692,50.9692,50.9692,0.0000
A5-CL,fr4_d,a4_r_bs,E,0.6000,0.4000,1.0000,60.4948,60.4948,60.4948,0.0000
A5-CL,cell30,a4_r_bs,E,0.6000,0.4000,1.0000,49.1123,49.1123,49.1123,0.0000
A5-CL,main30,a4_r_bs,E,0.6000,0.4000,1.0000,50.9789,50.9789,50.9789,0.0000
A5-CL,tj_300,a4_r_bs,E,0.6000,0.4000,1.0000,108.7201,108.7201,108.7201,0.0000
A5-CL,tj_180,a4_r_bs,E,0.6000,0.4000,1.0000,96.9138,96.9138,96.9138,0.0000
A5-CL,surf5,a4_r_bs,E,0.6000,0.4000,1.0000,32.6410,32.6410,32.6410,0.0000
A5-CL,lm_ss,a4_r_bs,E,0.6000,0.4000,1.0000,103.6851,103.6851,103.6851,0.0000
A5-CL,case_ss,a4_r_bs,E,0.6000,0.4000,1.0000,107.4011,107.4011,107.4011,0.0000
A5-CL,tj_ss,a4_r_bs,E,0.6000,0.4000,1.0000,127.6546,127.6546,127.6546,0.0000
A5-CL,duty,a4_r_bs,E,0.6000,0.4000,1.0000,0.3500,0.3500,0.3500,0.0000
A5-CL,tj_pk,a4_gva_on_sink,E,0.5000,0.0000,0.5000,100.0291,100.0291,100.0291,0.0000
A5-CL,case_d,a4_gva_on_sink,E,0.5000,0.0000,0.5000,76.2253,76.2253,76.2253,0.0000
A5-CL,petg_d,a4_gva_on_sink,E,0.5000,0.0000,0.5000,55.0191,55.0191,55.0191,0.0000
A5-CL,bay_d,a4_gva_on_sink,E,0.5000,0.0000,0.5000,56.5635,56.5635,56.5635,0.0000
A5-CL,cell_d,a4_gva_on_sink,E,0.5000,0.0000,0.5000,51.9554,51.9554,51.9554,0.0000
A5-CL,main_d,a4_gva_on_sink,E,0.5000,0.0000,0.5000,50.9692,50.9692,50.9692,0.0000
A5-CL,fr4_d,a4_gva_on_sink,E,0.5000,0.0000,0.5000,60.4948,60.4948,60.4948,0.0000
A5-CL,cell30,a4_gva_on_sink,E,0.5000,0.0000,0.5000,49.1123,49.1123,49.1123,0.0000
A5-CL,main30,a4_gva_on_sink,E,0.5000,0.0000,0.5000,50.9789,50.9789,50.9789,0.0000
A5-CL,tj_300,a4_gva_on_sink,E,0.5000,0.0000,0.5000,108.7201,108.7201,108.7201,0.0000
A5-CL,tj_180,a4_gva_on_sink,E,0.5000,0.0000,0.5000,96.9138,96.9138,96.9138,0.0000
A5-CL,surf5,a4_gva_on_sink,E,0.5000,0.0000,0.5000,32.6410,32.6410,32.6410,0.0000
A5-CL,lm_ss,a4_gva_on_sink,E,0.5000,0.0000,0.5000,103.6851,103.6851,103.6851,0.0000
A5-CL,case_ss,a4_gva_on_sink,E,0.5000,0.0000,0.5000,107.4011,107.4011,107.4011,0.0000
A5-CL,tj_ss,a4_gva_on_sink,E,0.5000,0.0000,0.5000,127.6546,127.6546,127.6546,0.0000
A5-CL,duty,a4_gva_on_sink,E,0.5000,0.0000,0.5000,0.3500,0.3500,0.3500,0.0000
A5-CL,tj_pk,sink_mass,DD,57.0000,52.0000,62.0000,100.0291,100.0519,100.0107,0.0412
A5-CL,case_d,sink_mass,DD,57.0000,52.0000,62.0000,76.2253,76.2253,76.2253,0.0000
A5-CL,petg_d,sink_mass,DD,57.0000,52.0000,62.0000,55.0191,55.0191,55.0191,0.0000
A5-CL,bay_d,sink_mass,DD,57.0000,52.0000,62.0000,56.5635,56.5635,56.5635,0.0000
A5-CL,cell_d,sink_mass,DD,57.0000,52.0000,62.0000,51.9554,51.9554,51.9554,0.0000
A5-CL,main_d,sink_mass,DD,57.0000,52.0000,62.0000,50.9692,50.9692,50.9692,0.0000
A5-CL,fr4_d,sink_mass,DD,57.0000,52.0000,62.0000,60.4948,60.4948,60.4948,0.0000
A5-CL,cell30,sink_mass,DD,57.0000,52.0000,62.0000,49.1123,49.1141,49.1106,0.0035
A5-CL,main30,sink_mass,DD,57.0000,52.0000,62.0000,50.9789,50.9834,50.9742,0.0092
A5-CL,tj_300,sink_mass,DD,57.0000,52.0000,62.0000,108.7201,110.6503,106.9310,3.7194
A5-CL,tj_180,sink_mass,DD,57.0000,52.0000,62.0000,96.9138,98.6521,95.3631,3.2890
A5-CL,surf5,sink_mass,DD,57.0000,52.0000,62.0000,32.6410,33.1505,32.1860,0.9645
A5-CL,lm_ss,sink_mass,DD,57.0000,52.0000,62.0000,103.6851,103.6851,103.6851,0.0000
A5-CL,case_ss,sink_mass,DD,57.0000,52.0000,62.0000,107.4011,107.4011,107.4011,0.0000
A5-CL,tj_ss,sink_mass,DD,57.0000,52.0000,62.0000,127.6546,127.6546,127.6546,0.0000
A5-CL,duty,sink_mass,DD,57.0000,52.0000,62.0000,0.3500,0.3500,0.3500,0.0000
A5-CL,tj_pk,k_cat,DD,1.0000,0.9300,1.0700,100.0291,101.7518,98.5037,3.2481
A5-CL,case_d,k_cat,DD,1.0000,0.9300,1.0700,76.2253,77.9437,74.7040,3.2397
A5-CL,petg_d,k_cat,DD,1.0000,0.9300,1.0700,55.0191,55.2847,54.7770,0.5077
A5-CL,bay_d,k_cat,DD,1.0000,0.9300,1.0700,56.5635,56.6672,56.4704,0.1967
A5-CL,cell_d,k_cat,DD,1.0000,0.9300,1.0700,51.9554,51.9671,51.9449,0.0223
A5-CL,main_d,k_cat,DD,1.0000,0.9300,1.0700,50.9692,50.9841,50.9558,0.0283
A5-CL,fr4_d,k_cat,DD,1.0000,0.9300,1.0700,60.4948,60.9461,60.0896,0.8565
A5-CL,cell30,k_cat,DD,1.0000,0.9300,1.0700,49.1123,49.1137,49.1111,0.0026
A5-CL,main30,k_cat,DD,1.0000,0.9300,1.0700,50.9789,50.9869,50.9714,0.0155
A5-CL,tj_300,k_cat,DD,1.0000,0.9300,1.0700,108.7201,109.5748,107.8979,1.6769
A5-CL,tj_180,k_cat,DD,1.0000,0.9300,1.0700,96.9138,97.2814,96.5542,0.7272
A5-CL,surf5,k_cat,DD,1.0000,0.9300,1.0700,32.6410,32.4525,32.8155,0.3630
A5-CL,lm_ss,k_cat,DD,1.0000,0.9300,1.0700,103.6851,105.7130,102.0999,3.6131
A5-CL,case_ss,k_cat,DD,1.0000,0.9300,1.0700,107.4011,109.4266,105.8176,3.6090
A5-CL,tj_ss,k_cat,DD,1.0000,0.9300,1.0700,127.6546,129.6801,126.0711,3.6090
A5-CL,duty,k_cat,DD,1.0000,0.9300,1.0700,0.3500,0.3500,0.3500,0.0000
A5-CL,tj_pk,k_orient,E,1.3500,1.1000,2.0000,100.0291,95.6389,110.4118,14.7729
A5-CL,case_d,k_orient,E,1.3500,1.1000,2.0000,76.2253,71.8449,86.5800,14.7352
A5-CL,petg_d,k_orient,E,1.3500,1.1000,2.0000,55.0191,54.3011,56.5249,2.2238
A5-CL,bay_d,k_orient,E,1.3500,1.1000,2.0000,56.5635,56.2916,57.1708,0.8792
A5-CL,cell_d,k_orient,E,1.3500,1.1000,2.0000,51.9554,51.9246,52.0242,0.0996
A5-CL,main_d,k_orient,E,1.3500,1.1000,2.0000,50.9692,50.9301,51.0567,0.1266
A5-CL,fr4_d,k_orient,E,1.3500,1.1000,2.0000,60.4948,59.3106,63.1364,3.8259
A5-CL,cell30,k_orient,E,1.3500,1.1000,2.0000,49.1123,49.1085,49.1192,0.0107
A5-CL,main30,k_orient,E,1.3500,1.1000,2.0000,50.9789,50.9563,51.0214,0.0651
A5-CL,tj_300,k_orient,E,1.3500,1.1000,2.0000,108.7201,106.1609,112.9912,6.8303
A5-CL,tj_180,k_orient,E,1.3500,1.1000,2.0000,96.9138,95.7748,98.6941,2.9193
A5-CL,surf5,k_orient,E,1.3500,1.1000,2.0000,32.6410,33.1615,31.6334,1.5281
A5-CL,lm_ss,k_orient,E,1.3500,1.1000,2.0000,103.6851,97.9654,126.6367,28.6713
A5-CL,case_ss,k_orient,E,1.3500,1.1000,2.0000,107.4011,101.6878,130.3262,28.6384
A5-CL,tj_ss,k_orient,E,1.3500,1.1000,2.0000,127.6546,121.9413,150.5797,28.6384
A5-CL,duty,k_orient,E,1.3500,1.1000,2.0000,0.3500,0.3500,0.3500,0.0000
A5-CL,tj_pk,r_frac,E,0.3500,0.2500,0.4500,100.0291,100.2521,99.8741,0.3780
A5-CL,case_d,r_frac,E,0.3500,0.2500,0.4500,76.2253,76.4486,76.0696,0.3790
A5-CL,petg_d,r_frac,E,0.3500,0.2500,0.4500,55.0191,54.4242,56.2789,1.8547
A5-CL,bay_d,r_frac,E,0.3500,0.2500,0.4500,56.5635,56.4712,56.6521,0.1809
A5-CL,cell_d,r_frac,E,0.3500,0.2500,0.4500,51.9554,51.9449,51.9654,0.0205
A5-CL,main_d,r_frac,E,0.3500,0.2500,0.4500,50.9692,50.9559,50.9820,0.0261
A5-CL,fr4_d,r_frac,E,0.3500,0.2500,0.4500,60.4948,60.0929,60.8805,0.7876
A5-CL,cell30,r_frac,E,0.3500,0.2500,0.4500,49.1123,49.1088,49.1157,0.0069
A5-CL,main30,r_frac,E,0.3500,0.2500,0.4500,50.9789,50.9649,50.9922,0.0273
A5-CL,tj_300,r_frac,E,0.3500,0.2500,0.4500,108.7201,108.9897,108.4791,0.5105
A5-CL,tj_180,r_frac,E,0.3500,0.2500,0.4500,96.9138,97.0505,96.7859,0.2647
A5-CL,surf5,r_frac,E,0.3500,0.2500,0.4500,32.6410,31.2971,33.8741,2.5770
A5-CL,lm_ss,r_frac,E,0.3500,0.2500,0.4500,103.6851,103.8667,103.5749,0.2918
A5-CL,case_ss,r_frac,E,0.3500,0.2500,0.4500,107.4011,107.5808,107.2925,0.2884
A5-CL,tj_ss,r_frac,E,0.3500,0.2500,0.4500,127.6546,127.8344,127.5460,0.2884
A5-CL,duty,r_frac,E,0.3500,0.2500,0.4500,0.3500,0.3500,0.3500,0.0000
A5-CL,tj_pk,eta_encl,E,0.6000,0.4000,0.8000,100.0291,100.0291,100.0291,0.0000
A5-CL,case_d,eta_encl,E,0.6000,0.4000,0.8000,76.2253,76.2253,76.2253,0.0000
A5-CL,petg_d,eta_encl,E,0.6000,0.4000,0.8000,55.0191,55.0191,55.0191,0.0000
A5-CL,bay_d,eta_encl,E,0.6000,0.4000,0.8000,56.5635,56.5635,56.5635,0.0000
A5-CL,cell_d,eta_encl,E,0.6000,0.4000,0.8000,51.9554,51.9554,51.9554,0.0000
A5-CL,main_d,eta_encl,E,0.6000,0.4000,0.8000,50.9692,50.9692,50.9692,0.0000
A5-CL,fr4_d,eta_encl,E,0.6000,0.4000,0.8000,60.4948,60.4948,60.4948,0.0000
A5-CL,cell30,eta_encl,E,0.6000,0.4000,0.8000,49.1123,49.1123,49.1123,0.0000
A5-CL,main30,eta_encl,E,0.6000,0.4000,0.8000,50.9789,50.9789,50.9789,0.0000
A5-CL,tj_300,eta_encl,E,0.6000,0.4000,0.8000,108.7201,108.7201,108.7201,0.0000
A5-CL,tj_180,eta_encl,E,0.6000,0.4000,0.8000,96.9138,96.9138,96.9138,0.0000
A5-CL,surf5,eta_encl,E,0.6000,0.4000,0.8000,32.6410,32.6410,32.6410,0.0000
A5-CL,lm_ss,eta_encl,E,0.6000,0.4000,0.8000,103.6851,103.6851,103.6851,0.0000
A5-CL,case_ss,eta_encl,E,0.6000,0.4000,0.8000,107.4011,107.4011,107.4011,0.0000
A5-CL,tj_ss,eta_encl,E,0.6000,0.4000,0.8000,127.6546,127.6546,127.6546,0.0000
A5-CL,duty,eta_encl,E,0.6000,0.4000,0.8000,0.3500,0.3500,0.3500,0.0000
A5-CL,tj_pk,eta_wall,E,0.6000,0.4500,0.7500,100.0291,101.6288,98.5979,3.0309
A5-CL,case_d,eta_wall,E,0.6000,0.4500,0.7500,76.2253,77.8209,74.7981,3.0228
A5-CL,petg_d,eta_wall,E,0.6000,0.4500,0.7500,55.0191,55.6136,54.4901,1.1235
A5-CL,bay_d,eta_wall,E,0.6000,0.4500,0.7500,56.5635,56.6860,56.4543,0.2317
A5-CL,cell_d,eta_wall,E,0.6000,0.4500,0.7500,51.9554,51.9693,51.9430,0.0262
A5-CL,main_d,eta_wall,E,0.6000,0.4500,0.7500,50.9692,50.9869,50.9535,0.0334
A5-CL,fr4_d,eta_wall,E,0.6000,0.4500,0.7500,60.4948,61.0278,60.0190,1.0087
A5-CL,cell30,eta_wall,E,0.6000,0.4500,0.7500,49.1123,49.1145,49.1104,0.0041
A5-CL,main30,eta_wall,E,0.6000,0.4500,0.7500,50.9789,50.9900,50.9686,0.0213
A5-CL,tj_300,eta_wall,E,0.6000,0.4500,0.7500,108.7201,109.4775,107.9868,1.4907
A5-CL,tj_180,eta_wall,E,0.6000,0.4500,0.7500,96.9138,97.2348,96.5986,0.6363
A5-CL,surf5,eta_wall,E,0.6000,0.4500,0.7500,32.6410,32.7715,32.5144,0.2571
A5-CL,lm_ss,eta_wall,E,0.6000,0.4500,0.7500,103.6851,105.4620,102.1899,3.2721
A5-CL,case_ss,eta_wall,E,0.6000,0.4500,0.7500,107.4011,109.1763,105.9072,3.2691
A5-CL,tj_ss,eta_wall,E,0.6000,0.4500,0.7500,127.6546,129.4298,126.1607,3.2691
A5-CL,duty,eta_wall,E,0.6000,0.4500,0.7500,0.3500,0.3500,0.3500,0.0000
A5-CL,tj_pk,eta_guard3,E,0.7500,0.6000,0.8500,100.0291,100.0291,100.0291,0.0000
A5-CL,case_d,eta_guard3,E,0.7500,0.6000,0.8500,76.2253,76.2253,76.2253,0.0000
A5-CL,petg_d,eta_guard3,E,0.7500,0.6000,0.8500,55.0191,55.0191,55.0191,0.0000
A5-CL,bay_d,eta_guard3,E,0.7500,0.6000,0.8500,56.5635,56.5635,56.5635,0.0000
A5-CL,cell_d,eta_guard3,E,0.7500,0.6000,0.8500,51.9554,51.9554,51.9554,0.0000
A5-CL,main_d,eta_guard3,E,0.7500,0.6000,0.8500,50.9692,50.9692,50.9692,0.0000
A5-CL,fr4_d,eta_guard3,E,0.7500,0.6000,0.8500,60.4948,60.4948,60.4948,0.0000
A5-CL,cell30,eta_guard3,E,0.7500,0.6000,0.8500,49.1123,49.1123,49.1123,0.0000
A5-CL,main30,eta_guard3,E,0.7500,0.6000,0.8500,50.9789,50.9789,50.9789,0.0000
A5-CL,tj_300,eta_guard3,E,0.7500,0.6000,0.8500,108.7201,108.7201,108.7201,0.0000
A5-CL,tj_180,eta_guard3,E,0.7500,0.6000,0.8500,96.9138,96.9138,96.9138,0.0000
A5-CL,surf5,eta_guard3,E,0.7500,0.6000,0.8500,32.6410,32.6410,32.6410,0.0000
A5-CL,lm_ss,eta_guard3,E,0.7500,0.6000,0.8500,103.6851,103.6851,103.6851,0.0000
A5-CL,case_ss,eta_guard3,E,0.7500,0.6000,0.8500,107.4011,107.4011,107.4011,0.0000
A5-CL,tj_ss,eta_guard3,E,0.7500,0.6000,0.8500,127.6546,127.6546,127.6546,0.0000
A5-CL,duty,eta_guard3,E,0.7500,0.6000,0.8500,0.3500,0.3500,0.3500,0.0000
A5-CL,tj_pk,phi3,E,0.5000,0.3500,0.6500,100.0291,100.0291,100.0291,0.0000
A5-CL,case_d,phi3,E,0.5000,0.3500,0.6500,76.2253,76.2253,76.2253,0.0000
A5-CL,petg_d,phi3,E,0.5000,0.3500,0.6500,55.0191,55.0191,55.0191,0.0000
A5-CL,bay_d,phi3,E,0.5000,0.3500,0.6500,56.5635,56.5635,56.5635,0.0000
A5-CL,cell_d,phi3,E,0.5000,0.3500,0.6500,51.9554,51.9554,51.9554,0.0000
A5-CL,main_d,phi3,E,0.5000,0.3500,0.6500,50.9692,50.9692,50.9692,0.0000
A5-CL,fr4_d,phi3,E,0.5000,0.3500,0.6500,60.4948,60.4948,60.4948,0.0000
A5-CL,cell30,phi3,E,0.5000,0.3500,0.6500,49.1123,49.1123,49.1123,0.0000
A5-CL,main30,phi3,E,0.5000,0.3500,0.6500,50.9789,50.9789,50.9789,0.0000
A5-CL,tj_300,phi3,E,0.5000,0.3500,0.6500,108.7201,108.7201,108.7201,0.0000
A5-CL,tj_180,phi3,E,0.5000,0.3500,0.6500,96.9138,96.9138,96.9138,0.0000
A5-CL,surf5,phi3,E,0.5000,0.3500,0.6500,32.6410,32.6410,32.6410,0.0000
A5-CL,lm_ss,phi3,E,0.5000,0.3500,0.6500,103.6851,103.6851,103.6851,0.0000
A5-CL,case_ss,phi3,E,0.5000,0.3500,0.6500,107.4011,107.4011,107.4011,0.0000
A5-CL,tj_ss,phi3,E,0.5000,0.3500,0.6500,127.6546,127.6546,127.6546,0.0000
A5-CL,duty,phi3,E,0.5000,0.3500,0.6500,0.3500,0.3500,0.3500,0.0000
A5-CL,tj_pk,eta_guard_dc,E,0.8500,0.7500,0.9200,100.0291,101.0758,99.3406,1.7351
A5-CL,case_d,eta_guard_dc,E,0.8500,0.7500,0.9200,76.2253,77.2693,75.5377,1.7316
A5-CL,petg_d,eta_guard_dc,E,0.8500,0.7500,0.9200,55.0191,55.4075,54.7644,0.6431
A5-CL,bay_d,eta_guard_dc,E,0.8500,0.7500,0.9200,56.5635,56.6436,56.5109,0.1327
A5-CL,cell_d,eta_guard_dc,E,0.8500,0.7500,0.9200,51.9554,51.9645,51.9494,0.0150
A5-CL,main_d,eta_guard_dc,E,0.8500,0.7500,0.9200,50.9692,50.9807,50.9616,0.0191
A5-CL,fr4_d,eta_guard_dc,E,0.8500,0.7500,0.9200,60.4948,60.8433,60.2656,0.5777
A5-CL,cell30,eta_guard_dc,E,0.8500,0.7500,0.9200,49.1123,49.1137,49.1114,0.0023
A5-CL,main30,eta_guard_dc,E,0.8500,0.7500,0.9200,50.9789,50.9861,50.9740,0.0122
A5-CL,tj_300,eta_guard_dc,E,0.8500,0.7500,0.9200,108.7201,109.2223,108.3749,0.8473
A5-CL,tj_180,eta_guard_dc,E,0.8500,0.7500,0.9200,96.9138,97.1271,96.7660,0.3612
A5-CL,surf5,eta_guard_dc,E,0.8500,0.7500,0.9200,32.6410,32.7275,32.5814,0.1461
A5-CL,lm_ss,eta_guard_dc,E,0.8500,0.7500,0.9200,103.6851,104.7662,102.9696,1.7966
A5-CL,case_ss,eta_guard_dc,E,0.8500,0.7500,0.9200,107.4011,108.4812,106.6862,1.7950
A5-CL,tj_ss,eta_guard_dc,E,0.8500,0.7500,0.9200,127.6546,128.7347,126.9397,1.7950
A5-CL,duty,eta_guard_dc,E,0.8500,0.7500,0.9200,0.3500,0.3500,0.3500,0.0000
A5-CL,tj_pk,phi_dc,E,0.3500,0.2500,0.5000,100.0291,99.8078,100.3999,0.5921
A5-CL,case_d,phi_dc,E,0.3500,0.2500,0.5000,76.2253,76.0047,76.5948,0.5901
A5-CL,petg_d,phi_dc,E,0.3500,0.2500,0.5000,55.0191,54.4760,56.2587,1.7826
A5-CL,bay_d,phi_dc,E,0.3500,0.2500,0.5000,56.5635,56.5466,56.5918,0.0452
A5-CL,cell_d,phi_dc,E,0.3500,0.2500,0.5000,51.9554,51.9535,51.9586,0.0051
A5-CL,main_d,phi_dc,E,0.3500,0.2500,0.5000,50.9692,50.9668,50.9733,0.0065
A5-CL,fr4_d,phi_dc,E,0.3500,0.2500,0.5000,60.4948,60.4213,60.6181,0.1968
A5-CL,cell30,phi_dc,E,0.3500,0.2500,0.5000,49.1123,49.1121,49.1127,0.0006
A5-CL,main30,phi_dc,E,0.3500,0.2500,0.5000,50.9789,50.9775,50.9811,0.0036
A5-CL,tj_300,phi_dc,E,0.3500,0.2500,0.5000,108.7201,108.6671,108.8075,0.1404
A5-CL,tj_180,phi_dc,E,0.3500,0.2500,0.5000,96.9138,96.8982,96.9396,0.0414
A5-CL,surf5,phi_dc,E,0.3500,0.2500,0.5000,32.6410,32.0596,33.5154,1.4558
A5-CL,lm_ss,phi_dc,E,0.3500,0.2500,0.5000,103.6851,103.4879,104.0065,0.5186
A5-CL,case_ss,phi_dc,E,0.3500,0.2500,0.5000,107.4011,107.2040,107.7221,0.5181
A5-CL,tj_ss,phi_dc,E,0.3500,0.2500,0.5000,127.6546,127.4575,127.9756,0.5181
A5-CL,duty,phi_dc,E,0.3500,0.2500,0.5000,0.3500,0.3500,0.3500,0.0000
A5-CL,tj_pk,shield_rad,E,0.2500,0.1500,0.4000,100.0291,99.8505,100.3150,0.4645
A5-CL,case_d,shield_rad,E,0.2500,0.1500,0.4000,76.2253,76.0473,76.5100,0.4627
A5-CL,petg_d,shield_rad,E,0.2500,0.1500,0.4000,55.0191,54.9534,55.1243,0.1709
A5-CL,bay_d,shield_rad,E,0.2500,0.1500,0.4000,56.5635,56.3979,56.7942,0.3963
A5-CL,cell_d,shield_rad,E,0.2500,0.1500,0.4000,51.9554,51.9366,51.9815,0.0449
A5-CL,main_d,shield_rad,E,0.2500,0.1500,0.4000,50.9692,50.9454,51.0024,0.0571
A5-CL,fr4_d,shield_rad,E,0.2500,0.1500,0.4000,60.4948,59.7736,61.4988,1.7252
A5-CL,cell30,shield_rad,E,0.2500,0.1500,0.4000,49.1123,49.1066,49.1204,0.0138
A5-CL,main30,shield_rad,E,0.2500,0.1500,0.4000,50.9789,50.9554,51.0115,0.0561
A5-CL,tj_300,shield_rad,E,0.2500,0.1500,0.4000,108.7201,108.6873,108.7748,0.0875
A5-CL,tj_180,shield_rad,E,0.2500,0.1500,0.4000,96.9138,96.9045,96.9293,0.0248
A5-CL,surf5,shield_rad,E,0.2500,0.1500,0.4000,32.6410,32.6364,32.6487,0.0122
A5-CL,lm_ss,shield_rad,E,0.2500,0.1500,0.4000,103.6851,103.5028,103.9802,0.4774
A5-CL,case_ss,shield_rad,E,0.2500,0.1500,0.4000,107.4011,107.2166,107.6989,0.4823
A5-CL,tj_ss,shield_rad,E,0.2500,0.1500,0.4000,127.6546,127.4701,127.9524,0.4823
A5-CL,duty,shield_rad,E,0.2500,0.1500,0.4000,0.3500,0.3500,0.3500,0.0000
A5-CL,tj_pk,main_vent_area,E,0.0002,0.0000,0.0003,100.0291,100.0331,100.0274,0.0056
A5-CL,case_d,main_vent_area,E,0.0002,0.0000,0.0003,76.2253,76.2292,76.2236,0.0056
A5-CL,petg_d,main_vent_area,E,0.0002,0.0000,0.0003,55.0191,55.0205,55.0185,0.0020
A5-CL,bay_d,main_vent_area,E,0.0002,0.0000,0.0003,56.5635,56.6596,56.5218,0.1378
A5-CL,cell_d,main_vent_area,E,0.0002,0.0000,0.0003,51.9554,52.2808,51.8143,0.4664
A5-CL,main_d,main_vent_area,E,0.0002,0.0000,0.0003,50.9692,51.3828,50.7899,0.5930
A5-CL,fr4_d,main_vent_area,E,0.0002,0.0000,0.0003,60.4948,60.5540,60.4691,0.0850
A5-CL,cell30,main_vent_area,E,0.0002,0.0000,0.0003,49.1123,49.1898,49.0763,0.1135
A5-CL,main30,main_vent_area,E,0.0002,0.0000,0.0003,50.9789,51.2731,50.8446,0.4285
A5-CL,tj_300,main_vent_area,E,0.0002,0.0000,0.0003,108.7201,108.7201,108.7201,0.0000
A5-CL,tj_180,main_vent_area,E,0.0002,0.0000,0.0003,96.9138,96.9138,96.9138,0.0000
A5-CL,surf5,main_vent_area,E,0.0002,0.0000,0.0003,32.6410,32.6410,32.6410,0.0000
A5-CL,lm_ss,main_vent_area,E,0.0002,0.0000,0.0003,103.6851,103.6891,103.6835,0.0056
A5-CL,case_ss,main_vent_area,E,0.0002,0.0000,0.0003,107.4011,107.4052,107.3994,0.0058
A5-CL,tj_ss,main_vent_area,E,0.0002,0.0000,0.0003,127.6546,127.6587,127.6529,0.0058
A5-CL,duty,main_vent_area,E,0.0002,0.0000,0.0003,0.3500,0.3500,0.3500,0.0000
A5-CL,tj_pk,k_petg,E,0.2000,0.1800,0.2500,100.0291,100.0297,100.0281,0.0016
A5-CL,case_d,k_petg,E,0.2000,0.1800,0.2500,76.2253,76.2258,76.2242,0.0016
A5-CL,petg_d,k_petg,E,0.2000,0.1800,0.2500,55.0191,55.0927,54.8866,0.2061
A5-CL,bay_d,k_petg,E,0.2000,0.1800,0.2500,56.5635,56.5773,56.5385,0.0387
A5-CL,cell_d,k_petg,E,0.2000,0.1800,0.2500,51.9554,51.9744,51.9211,0.0532
A5-CL,main_d,k_petg,E,0.2000,0.1800,0.2500,50.9692,50.9921,50.9278,0.0643
A5-CL,fr4_d,k_petg,E,0.2000,0.1800,0.2500,60.4948,60.5033,60.4794,0.0239
A5-CL,cell30,k_petg,E,0.2000,0.1800,0.2500,49.1123,49.1172,49.1035,0.0137
A5-CL,main30,k_petg,E,0.2000,0.1800,0.2500,50.9789,50.9955,50.9487,0.0468
A5-CL,tj_300,k_petg,E,0.2000,0.1800,0.2500,108.7201,108.7201,108.7200,0.0001
A5-CL,tj_180,k_petg,E,0.2000,0.1800,0.2500,96.9138,96.9138,96.9138,0.0000
A5-CL,surf5,k_petg,E,0.2000,0.1800,0.2500,32.6410,32.6022,32.7118,0.1097
A5-CL,lm_ss,k_petg,E,0.2000,0.1800,0.2500,103.6851,103.6855,103.6844,0.0011
A5-CL,case_ss,k_petg,E,0.2000,0.1800,0.2500,107.4011,107.4015,107.4003,0.0011
A5-CL,tj_ss,k_petg,E,0.2000,0.1800,0.2500,127.6546,127.6550,127.6538,0.0011
A5-CL,duty,k_petg,E,0.2000,0.1800,0.2500,0.3500,0.3500,0.3500,0.0000
A5-CL,tj_pk,h_out_c,E,4.0000,3.0000,6.0000,100.0291,100.1102,99.8894,0.2208
A5-CL,case_d,h_out_c,E,4.0000,3.0000,6.0000,76.2253,76.3059,76.0862,0.2198
A5-CL,petg_d,h_out_c,E,4.0000,3.0000,6.0000,55.0191,55.5029,54.2458,1.2571
A5-CL,bay_d,h_out_c,E,4.0000,3.0000,6.0000,56.5635,56.6731,56.3848,0.2883
A5-CL,cell_d,h_out_c,E,4.0000,3.0000,6.0000,51.9554,52.1901,51.5873,0.6028
A5-CL,main_d,h_out_c,E,4.0000,3.0000,6.0000,50.9692,51.1918,50.6198,0.5720
A5-CL,fr4_d,h_out_c,E,4.0000,3.0000,6.0000,60.4948,60.5842,60.3468,0.2374
A5-CL,cell30,h_out_c,E,4.0000,3.0000,6.0000,49.1123,49.1641,49.0241,0.1401
A5-CL,main30,h_out_c,E,4.0000,3.0000,6.0000,50.9789,51.1106,50.7584,0.3522
A5-CL,tj_300,h_out_c,E,4.0000,3.0000,6.0000,108.7201,108.7272,108.7064,0.0208
A5-CL,tj_180,h_out_c,E,4.0000,3.0000,6.0000,96.9138,96.9151,96.9112,0.0039
A5-CL,surf5,h_out_c,E,4.0000,3.0000,6.0000,32.6410,32.8710,32.2100,0.6610
A5-CL,lm_ss,h_out_c,E,4.0000,3.0000,6.0000,103.6851,103.7632,103.5483,0.2149
A5-CL,case_ss,h_out_c,E,4.0000,3.0000,6.0000,107.4011,107.4792,107.2641,0.2151
A5-CL,tj_ss,h_out_c,E,4.0000,3.0000,6.0000,127.6546,127.7327,127.5176,0.2151
A5-CL,duty,h_out_c,E,4.0000,3.0000,6.0000,0.3500,0.3500,0.3500,0.0000
A5-CL,tj_pk,h_in_c,E,2.5000,1.5000,4.0000,100.0291,100.0528,99.9983,0.0545
A5-CL,case_d,h_in_c,E,2.5000,1.5000,4.0000,76.2253,76.2488,76.1946,0.0542
A5-CL,petg_d,h_in_c,E,2.5000,1.5000,4.0000,55.0191,55.0276,55.0080,0.0197
A5-CL,bay_d,h_in_c,E,2.5000,1.5000,4.0000,56.5635,56.7062,56.3808,0.3254
A5-CL,cell_d,h_in_c,E,2.5000,1.5000,4.0000,51.9554,52.1026,51.7837,0.3189
A5-CL,main_d,h_in_c,E,2.5000,1.5000,4.0000,50.9692,51.2421,50.6491,0.5930
A5-CL,fr4_d,h_in_c,E,2.5000,1.5000,4.0000,60.4948,60.8502,60.0327,0.8175
A5-CL,cell30,h_in_c,E,2.5000,1.5000,4.0000,49.1123,49.1621,49.0528,0.1094
A5-CL,main30,h_in_c,E,2.5000,1.5000,4.0000,50.9789,51.2188,50.6927,0.5261
A5-CL,tj_300,h_in_c,E,2.5000,1.5000,4.0000,108.7201,108.7173,108.7237,0.0064
A5-CL,tj_180,h_in_c,E,2.5000,1.5000,4.0000,96.9138,96.9125,96.9155,0.0030
A5-CL,surf5,h_in_c,E,2.5000,1.5000,4.0000,32.6410,32.6405,32.6417,0.0012
A5-CL,lm_ss,h_in_c,E,2.5000,1.5000,4.0000,103.6851,103.7043,103.6601,0.0442
A5-CL,case_ss,h_in_c,E,2.5000,1.5000,4.0000,107.4011,107.4211,107.3747,0.0464
A5-CL,tj_ss,h_in_c,E,2.5000,1.5000,4.0000,127.6546,127.6747,127.6283,0.0464
A5-CL,duty,h_in_c,E,2.5000,1.5000,4.0000,0.3500,0.3500,0.3500,0.0000
A5-CL,tj_pk,g_leads,E,0.0150,0.0080,0.0300,100.0291,100.0449,100.0036,0.0413
A5-CL,case_d,g_leads,E,0.0150,0.0080,0.0300,76.2253,76.2410,76.1998,0.0412
A5-CL,petg_d,g_leads,E,0.0150,0.0080,0.0300,55.0191,55.0248,55.0098,0.0149
A5-CL,bay_d,g_leads,E,0.0150,0.0080,0.0300,56.5635,56.9474,55.9391,1.0083
A5-CL,cell_d,g_leads,E,0.0150,0.0080,0.0300,51.9554,51.7892,52.2203,0.4311
A5-CL,main_d,g_leads,E,0.0150,0.0080,0.0300,50.9692,50.7579,51.3059,0.5481
A5-CL,fr4_d,g_leads,E,0.0150,0.0080,0.0300,60.4948,60.7316,60.1104,0.6212
A5-CL,cell30,g_leads,E,0.0150,0.0080,0.0300,49.1123,49.0350,49.2441,0.2091
A5-CL,main30,g_leads,E,0.0150,0.0080,0.0300,50.9789,50.7426,51.3680,0.6253
A5-CL,tj_300,g_leads,E,0.0150,0.0080,0.0300,108.7201,108.7208,108.7186,0.0021
A5-CL,tj_180,g_leads,E,0.0150,0.0080,0.0300,96.9138,96.9139,96.9135,0.0004
A5-CL,surf5,g_leads,E,0.0150,0.0080,0.0300,32.6410,32.6411,32.6408,0.0002
A5-CL,lm_ss,g_leads,E,0.0150,0.0080,0.0300,103.6851,103.6942,103.6700,0.0242
A5-CL,case_ss,g_leads,E,0.0150,0.0080,0.0300,107.4011,107.4106,107.3851,0.0254
A5-CL,tj_ss,g_leads,E,0.0150,0.0080,0.0300,127.6546,127.6641,127.6387,0.0254
A5-CL,duty,g_leads,E,0.0150,0.0080,0.0300,0.3500,0.3500,0.3500,0.0000
A5-CL,tj_pk,g_cell_main,E,0.0300,0.0200,0.0450,100.0291,100.0290,100.0293,0.0003
A5-CL,case_d,g_cell_main,E,0.0300,0.0200,0.0450,76.2253,76.2251,76.2254,0.0003
A5-CL,petg_d,g_cell_main,E,0.0300,0.0200,0.0450,55.0191,55.0190,55.0191,0.0001
A5-CL,bay_d,g_cell_main,E,0.0300,0.0200,0.0450,56.5635,56.5595,56.5671,0.0076
A5-CL,cell_d,g_cell_main,E,0.0300,0.0200,0.0450,51.9554,52.1944,51.7380,0.4564
A5-CL,main_d,g_cell_main,E,0.0300,0.0200,0.0450,50.9692,50.9521,50.9848,0.0327
A5-CL,fr4_d,g_cell_main,E,0.0300,0.0200,0.0450,60.4948,60.4923,60.4970,0.0047
A5-CL,cell30,g_cell_main,E,0.0300,0.0200,0.0450,49.1123,48.8548,49.4103,0.5555
A5-CL,main30,g_cell_main,E,0.0300,0.0200,0.0450,50.9789,51.0637,50.8908,0.1729
A5-CL,tj_300,g_cell_main,E,0.0300,0.0200,0.0450,108.7201,108.7201,108.7200,0.0000
A5-CL,tj_180,g_cell_main,E,0.0300,0.0200,0.0450,96.9138,96.9138,96.9138,0.0000
A5-CL,surf5,g_cell_main,E,0.0300,0.0200,0.0450,32.6410,32.6410,32.6410,0.0000
A5-CL,lm_ss,g_cell_main,E,0.0300,0.0200,0.0450,103.6851,103.6849,103.6853,0.0004
A5-CL,case_ss,g_cell_main,E,0.0300,0.0200,0.0450,107.4011,107.4009,107.4013,0.0004
A5-CL,tj_ss,g_cell_main,E,0.0300,0.0200,0.0450,127.6546,127.6544,127.6548,0.0004
A5-CL,duty,g_cell_main,E,0.0300,0.0200,0.0450,0.3500,0.3500,0.3500,0.0000
A5-CL,tj_pk,g_cell_wall,E,0.0200,0.0100,0.0300,100.0291,100.0302,100.0285,0.0017
A5-CL,case_d,g_cell_wall,E,0.0200,0.0100,0.0300,76.2253,76.2263,76.2246,0.0017
A5-CL,petg_d,g_cell_wall,E,0.0200,0.0100,0.0300,55.0191,55.0195,55.0188,0.0006
A5-CL,bay_d,g_cell_wall,E,0.0200,0.0100,0.0300,56.5635,56.5886,56.5472,0.0414
A5-CL,cell_d,g_cell_wall,E,0.0200,0.0100,0.0300,51.9554,53.0598,51.2402,1.8197
A5-CL,main_d,g_cell_wall,E,0.0200,0.0100,0.0300,50.9692,51.0773,50.8992,0.1781
A5-CL,fr4_d,g_cell_wall,E,0.0200,0.0100,0.0300,60.4948,60.5103,60.4848,0.0255
A5-CL,cell30,g_cell_wall,E,0.0200,0.0100,0.0300,49.1123,49.1841,49.0477,0.1363
A5-CL,main30,g_cell_wall,E,0.0200,0.0100,0.0300,50.9789,50.9683,50.9883,0.0200
A5-CL,tj_300,g_cell_wall,E,0.0200,0.0100,0.0300,108.7201,108.7201,108.7201,0.0000
A5-CL,tj_180,g_cell_wall,E,0.0200,0.0100,0.0300,96.9138,96.9138,96.9138,0.0000
A5-CL,surf5,g_cell_wall,E,0.0200,0.0100,0.0300,32.6410,32.6410,32.6410,0.0000
A5-CL,lm_ss,g_cell_wall,E,0.0200,0.0100,0.0300,103.6851,103.6859,103.6846,0.0014
A5-CL,case_ss,g_cell_wall,E,0.0200,0.0100,0.0300,107.4011,107.4019,107.4005,0.0014
A5-CL,tj_ss,g_cell_wall,E,0.0200,0.0100,0.0300,127.6546,127.6554,127.6540,0.0014
A5-CL,duty,g_cell_wall,E,0.0200,0.0100,0.0300,0.3500,0.3500,0.3500,0.0000
A5-CL,tj_pk,vent_area,E,0.0004,0.0000,0.0005,100.0291,100.0291,100.0291,0.0000
A5-CL,case_d,vent_area,E,0.0004,0.0000,0.0005,76.2253,76.2253,76.2253,0.0000
A5-CL,petg_d,vent_area,E,0.0004,0.0000,0.0005,55.0191,55.0191,55.0191,0.0000
A5-CL,bay_d,vent_area,E,0.0004,0.0000,0.0005,56.5635,56.5635,56.5635,0.0000
A5-CL,cell_d,vent_area,E,0.0004,0.0000,0.0005,51.9554,51.9554,51.9554,0.0000
A5-CL,main_d,vent_area,E,0.0004,0.0000,0.0005,50.9692,50.9692,50.9692,0.0000
A5-CL,fr4_d,vent_area,E,0.0004,0.0000,0.0005,60.4948,60.4948,60.4948,0.0000
A5-CL,cell30,vent_area,E,0.0004,0.0000,0.0005,49.1123,49.1123,49.1123,0.0000
A5-CL,main30,vent_area,E,0.0004,0.0000,0.0005,50.9789,50.9789,50.9789,0.0000
A5-CL,tj_300,vent_area,E,0.0004,0.0000,0.0005,108.7201,108.7201,108.7201,0.0000
A5-CL,tj_180,vent_area,E,0.0004,0.0000,0.0005,96.9138,96.9138,96.9138,0.0000
A5-CL,surf5,vent_area,E,0.0004,0.0000,0.0005,32.6410,32.6410,32.6410,0.0000
A5-CL,lm_ss,vent_area,E,0.0004,0.0000,0.0005,103.6851,103.6851,103.6851,0.0000
A5-CL,case_ss,vent_area,E,0.0004,0.0000,0.0005,107.4011,107.4011,107.4011,0.0000
A5-CL,tj_ss,vent_area,E,0.0004,0.0000,0.0005,127.6546,127.6546,127.6546,0.0000
A5-CL,duty,vent_area,E,0.0004,0.0000,0.0005,0.3500,0.3500,0.3500,0.0000
A5-CL,tj_pk,vent_area_dc,E,0.0005,0.0003,0.0006,100.0291,100.1548,99.9960,0.1588
A5-CL,case_d,vent_area_dc,E,0.0005,0.0003,0.0006,76.2253,76.3505,76.1922,0.1583
A5-CL,petg_d,vent_area_dc,E,0.0005,0.0003,0.0006,55.0191,56.5878,55.0071,1.5807
A5-CL,bay_d,vent_area_dc,E,0.0005,0.0003,0.0006,56.5635,59.6109,55.7549,3.8560
A5-CL,cell_d,vent_area_dc,E,0.0005,0.0003,0.0006,51.9554,52.3009,51.8638,0.4371
A5-CL,main_d,vent_area_dc,E,0.0005,0.0003,0.0006,50.9692,51.4084,50.8528,0.5556
A5-CL,fr4_d,vent_area_dc,E,0.0005,0.0003,0.0006,60.4948,62.3841,59.9971,2.3870
A5-CL,cell30,vent_area_dc,E,0.0005,0.0003,0.0006,49.1123,49.1818,49.0909,0.0910
A5-CL,main30,vent_area_dc,E,0.0005,0.0003,0.0006,50.9789,51.2886,50.8884,0.4001
A5-CL,tj_300,vent_area_dc,E,0.0005,0.0003,0.0006,108.7201,108.7222,108.7193,0.0029
A5-CL,tj_180,vent_area_dc,E,0.0005,0.0003,0.0006,96.9138,96.9141,96.9137,0.0004
A5-CL,surf5,vent_area_dc,E,0.0005,0.0003,0.0006,32.6410,32.6412,32.6409,0.0003
A5-CL,lm_ss,vent_area_dc,E,0.0005,0.0003,0.0006,103.6851,103.8003,103.6563,0.1440
A5-CL,case_ss,vent_area_dc,E,0.0005,0.0003,0.0006,107.4011,107.5220,107.3708,0.1512
A5-CL,tj_ss,vent_area_dc,E,0.0005,0.0003,0.0006,127.6546,127.7755,127.6243,0.1512
A5-CL,duty,vent_area_dc,E,0.0005,0.0003,0.0006,0.3500,0.3500,0.3500,0.0000
A5-CL,tj_pk,relay_hold,E,0.4000,0.3000,1.0000,100.0291,99.8409,101.1456,1.3047
A5-CL,case_d,relay_hold,E,0.4000,0.3000,1.0000,76.2253,76.0368,77.3428,1.3060
A5-CL,petg_d,relay_hold,E,0.4000,0.3000,1.0000,55.0191,54.9494,56.6045,1.6552
A5-CL,bay_d,relay_hold,E,0.4000,0.3000,1.0000,56.5635,56.0276,59.6351,3.6075
A5-CL,cell_d,relay_hold,E,0.4000,0.3000,1.0000,51.9554,51.8947,52.3036,0.4089
A5-CL,main_d,relay_hold,E,0.4000,0.3000,1.0000,50.9692,50.8920,51.4118,0.5198
A5-CL,fr4_d,relay_hold,E,0.4000,0.3000,1.0000,60.4948,60.1169,62.6810,2.5641
A5-CL,cell30,relay_hold,E,0.4000,0.3000,1.0000,49.1123,49.0918,49.2320,0.1403
A5-CL,main30,relay_hold,E,0.4000,0.3000,1.0000,50.9789,50.9165,51.3395,0.4230
A5-CL,tj_300,relay_hold,E,0.4000,0.3000,1.0000,108.7201,108.6200,109.3195,0.6994
A5-CL,tj_180,relay_hold,E,0.4000,0.3000,1.0000,96.9138,96.8424,97.3418,0.4994
A5-CL,surf5,relay_hold,E,0.4000,0.3000,1.0000,32.6410,32.6184,32.7768,0.1584
A5-CL,lm_ss,relay_hold,E,0.4000,0.3000,1.0000,103.6851,103.5606,104.4294,0.8688
A5-CL,case_ss,relay_hold,E,0.4000,0.3000,1.0000,107.4011,107.3255,107.8513,0.5258
A5-CL,tj_ss,relay_hold,E,0.4000,0.3000,1.0000,127.6546,127.5790,128.1048,0.5258
A5-CL,duty,relay_hold,E,0.4000,0.3000,1.0000,0.3500,0.3500,0.3500,0.0000
A5-CL,tj_pk,k_fr4,E,0.3000,0.2500,0.3500,100.0291,100.0298,100.0286,0.0012
A5-CL,case_d,k_fr4,E,0.3000,0.2500,0.3500,76.2253,76.2259,76.2248,0.0011
A5-CL,petg_d,k_fr4,E,0.3000,0.2500,0.3500,55.0191,55.0193,55.0189,0.0004
A5-CL,bay_d,k_fr4,E,0.3000,0.2500,0.3500,56.5635,56.5617,56.5648,0.0030
A5-CL,cell_d,k_fr4,E,0.3000,0.2500,0.3500,51.9554,51.9552,51.9555,0.0003
A5-CL,main_d,k_fr4,E,0.3000,0.2500,0.3500,50.9692,50.9690,50.9694,0.0004
A5-CL,fr4_d,k_fr4,E,0.3000,0.2500,0.3500,60.4948,60.5351,60.4660,0.0691
A5-CL,cell30,k_fr4,E,0.3000,0.2500,0.3500,49.1123,49.1123,49.1124,0.0001
A5-CL,main30,k_fr4,E,0.3000,0.2500,0.3500,50.9789,50.9786,50.9790,0.0004
A5-CL,tj_300,k_fr4,E,0.3000,0.2500,0.3500,108.7201,108.7199,108.7201,0.0002
A5-CL,tj_180,k_fr4,E,0.3000,0.2500,0.3500,96.9138,96.9137,96.9138,0.0001
A5-CL,surf5,k_fr4,E,0.3000,0.2500,0.3500,32.6410,32.6410,32.6410,0.0000
A5-CL,lm_ss,k_fr4,E,0.3000,0.2500,0.3500,103.6851,103.6858,103.6846,0.0012
A5-CL,case_ss,k_fr4,E,0.3000,0.2500,0.3500,107.4011,107.4018,107.4005,0.0013
A5-CL,tj_ss,k_fr4,E,0.3000,0.2500,0.3500,127.6546,127.6553,127.6541,0.0013
A5-CL,duty,k_fr4,E,0.3000,0.2500,0.3500,0.3500,0.3500,0.3500,0.0000
A5-CL,tj_pk,p_lm2940,DD,0.9000,0.6000,1.0000,100.0291,98.2961,100.6022,2.3062
A5-CL,case_d,p_lm2940,DD,0.9000,0.6000,1.0000,76.2253,74.4916,76.7988,2.3073
A5-CL,petg_d,p_lm2940,DD,0.9000,0.6000,1.0000,55.0191,54.3964,55.2322,0.8358
A5-CL,bay_d,p_lm2940,DD,0.9000,0.6000,1.0000,56.5635,56.4308,56.6075,0.1767
A5-CL,cell_d,p_lm2940,DD,0.9000,0.6000,1.0000,51.9554,51.9404,51.9604,0.0200
A5-CL,main_d,p_lm2940,DD,0.9000,0.6000,1.0000,50.9692,50.9501,50.9755,0.0254
A5-CL,fr4_d,p_lm2940,DD,0.9000,0.6000,1.0000,60.4948,59.9169,60.6862,0.7693
A5-CL,cell30,p_lm2940,DD,0.9000,0.6000,1.0000,49.1123,49.1094,49.1133,0.0039
A5-CL,main30,p_lm2940,DD,0.9000,0.6000,1.0000,50.9789,50.9666,50.9829,0.0163
A5-CL,tj_300,p_lm2940,DD,0.9000,0.6000,1.0000,108.7201,107.7058,109.0573,1.3515
A5-CL,tj_180,p_lm2940,DD,0.9000,0.6000,1.0000,96.9138,96.1815,97.1575,0.9760
A5-CL,surf5,p_lm2940,DD,0.9000,0.6000,1.0000,32.6410,32.4102,32.7181,0.3079
A5-CL,lm_ss,p_lm2940,DD,0.9000,0.6000,1.0000,103.6851,102.4699,104.0881,1.6181
A5-CL,case_ss,p_lm2940,DD,0.9000,0.6000,1.0000,107.4011,106.6965,107.6338,0.9373
A5-CL,tj_ss,p_lm2940,DD,0.9000,0.6000,1.0000,127.6546,126.9500,127.8873,0.9373
A5-CL,duty,p_lm2940,DD,0.9000,0.6000,1.0000,0.3500,0.3500,0.3500,0.0000
A5-CL,tj_pk,p_pico,E,0.2000,0.1500,0.3000,100.0291,100.0261,100.0351,0.0090
A5-CL,case_d,p_pico,E,0.2000,0.1500,0.3000,76.2253,76.2222,76.2313,0.0090
A5-CL,petg_d,p_pico,E,0.2000,0.1500,0.3000,55.0191,55.0180,55.0213,0.0033
A5-CL,bay_d,p_pico,E,0.2000,0.1500,0.3000,56.5635,56.4894,56.7106,0.2213
A5-CL,cell_d,p_pico,E,0.2000,0.1500,0.3000,51.9554,51.7047,52.4538,0.7491
A5-CL,main_d,p_pico,E,0.2000,0.1500,0.3000,50.9692,50.6505,51.6028,0.9523
A5-CL,fr4_d,p_pico,E,0.2000,0.1500,0.3000,60.4948,60.4491,60.5855,0.1364
A5-CL,cell30,p_pico,E,0.2000,0.1500,0.3000,49.1123,49.0027,49.3309,0.3282
A5-CL,main30,p_pico,E,0.2000,0.1500,0.3000,50.9789,50.6999,51.5344,0.8345
A5-CL,tj_300,p_pico,E,0.2000,0.1500,0.3000,108.7201,108.7200,108.7201,0.0001
A5-CL,tj_180,p_pico,E,0.2000,0.1500,0.3000,96.9138,96.9138,96.9138,0.0000
A5-CL,surf5,p_pico,E,0.2000,0.1500,0.3000,32.6410,32.6410,32.6410,0.0000
A5-CL,lm_ss,p_pico,E,0.2000,0.1500,0.3000,103.6851,103.6841,103.6871,0.0030
A5-CL,case_ss,p_pico,E,0.2000,0.1500,0.3000,107.4011,107.4000,107.4032,0.0032
A5-CL,tj_ss,p_pico,E,0.2000,0.1500,0.3000,127.6546,127.6535,127.6567,0.0032
A5-CL,duty,p_pico,E,0.2000,0.1500,0.3000,0.3500,0.3500,0.3500,0.0000
A5-CL,tj_pk,c_cell,E,92.0000,85.0000,100.0000,100.0291,100.0291,100.0291,0.0000
A5-CL,case_d,c_cell,E,92.0000,85.0000,100.0000,76.2253,76.2253,76.2253,0.0000
A5-CL,petg_d,c_cell,E,92.0000,85.0000,100.0000,55.0191,55.0191,55.0191,0.0000
A5-CL,bay_d,c_cell,E,92.0000,85.0000,100.0000,56.5635,56.5635,56.5635,0.0000
A5-CL,cell_d,c_cell,E,92.0000,85.0000,100.0000,51.9554,51.9554,51.9554,0.0000
A5-CL,main_d,c_cell,E,92.0000,85.0000,100.0000,50.9692,50.9692,50.9692,0.0000
A5-CL,fr4_d,c_cell,E,92.0000,85.0000,100.0000,60.4948,60.4948,60.4948,0.0000
A5-CL,cell30,c_cell,E,92.0000,85.0000,100.0000,49.1123,49.3316,48.8861,0.4455
A5-CL,main30,c_cell,E,92.0000,85.0000,100.0000,50.9789,51.0158,50.9411,0.0746
A5-CL,tj_300,c_cell,E,92.0000,85.0000,100.0000,108.7201,108.7201,108.7201,0.0000
A5-CL,tj_180,c_cell,E,92.0000,85.0000,100.0000,96.9138,96.9138,96.9138,0.0000
A5-CL,surf5,c_cell,E,92.0000,85.0000,100.0000,32.6410,32.6410,32.6410,0.0000
A5-CL,lm_ss,c_cell,E,92.0000,85.0000,100.0000,103.6851,103.6851,103.6851,0.0000
A5-CL,case_ss,c_cell,E,92.0000,85.0000,100.0000,107.4011,107.4011,107.4011,0.0000
A5-CL,tj_ss,c_cell,E,92.0000,85.0000,100.0000,127.6546,127.6546,127.6546,0.0000
A5-CL,duty,c_cell,E,92.0000,85.0000,100.0000,0.3500,0.3500,0.3500,0.0000
A5-CL,tj_pk,a_guard_end,DD,0.0029,0.0027,0.0032,100.0291,100.0412,100.0179,0.0233
A5-CL,case_d,a_guard_end,DD,0.0029,0.0027,0.0032,76.2253,76.2373,76.2141,0.0232
A5-CL,petg_d,a_guard_end,DD,0.0029,0.0027,0.0032,55.0191,55.1944,54.8528,0.3416
A5-CL,bay_d,a_guard_end,DD,0.0029,0.0027,0.0032,56.5635,56.5644,56.5627,0.0018
A5-CL,cell_d,a_guard_end,DD,0.0029,0.0027,0.0032,51.9554,51.9555,51.9553,0.0002
A5-CL,main_d,a_guard_end,DD,0.0029,0.0027,0.0032,50.9692,50.9693,50.9691,0.0003
A5-CL,fr4_d,a_guard_end,DD,0.0029,0.0027,0.0032,60.4948,60.4988,60.4911,0.0078
A5-CL,cell30,a_guard_end,DD,0.0029,0.0027,0.0032,49.1123,49.1124,49.1123,0.0000
A5-CL,main30,a_guard_end,DD,0.0029,0.0027,0.0032,50.9789,50.9789,50.9788,0.0002
A5-CL,tj_300,a_guard_end,DD,0.0029,0.0027,0.0032,108.7201,108.7247,108.7157,0.0090
A5-CL,tj_180,a_guard_end,DD,0.0029,0.0027,0.0032,96.9138,96.9151,96.9125,0.0026
A5-CL,surf5,a_guard_end,DD,0.0029,0.0027,0.0032,32.6410,32.8034,32.4879,0.3155
A5-CL,lm_ss,a_guard_end,DD,0.0029,0.0027,0.0032,103.6851,103.7008,103.6703,0.0305
A5-CL,case_ss,a_guard_end,DD,0.0029,0.0027,0.0032,107.4011,107.4168,107.3863,0.0305
A5-CL,tj_ss,a_guard_end,DD,0.0029,0.0027,0.0032,127.6546,127.6703,127.6398,0.0305
A5-CL,duty,a_guard_end,DD,0.0029,0.0027,0.0032,0.3500,0.3500,0.3500,0.0000
A5-CL,tj_pk,a_guard_side,DD,0.0057,0.0051,0.0063,100.0291,100.0538,100.0078,0.0460
A5-CL,case_d,a_guard_side,DD,0.0057,0.0051,0.0063,76.2253,76.2498,76.2040,0.0458
A5-CL,petg_d,a_guard_side,DD,0.0057,0.0051,0.0063,55.0191,55.3729,54.7002,0.6727
A5-CL,bay_d,a_guard_side,DD,0.0057,0.0051,0.0063,56.5635,56.5654,56.5619,0.0035
A5-CL,cell_d,a_guard_side,DD,0.0057,0.0051,0.0063,51.9554,51.9556,51.9552,0.0004
A5-CL,main_d,a_guard_side,DD,0.0057,0.0051,0.0063,50.9692,50.9695,50.9690,0.0005
A5-CL,fr4_d,a_guard_side,DD,0.0057,0.0051,0.0063,60.4948,60.5030,60.4877,0.0153
A5-CL,cell30,a_guard_side,DD,0.0057,0.0051,0.0063,49.1123,49.1124,49.1123,0.0001
A5-CL,main30,a_guard_side,DD,0.0057,0.0051,0.0063,50.9789,50.9790,50.9787,0.0003
A5-CL,tj_300,a_guard_side,DD,0.0057,0.0051,0.0063,108.7201,108.7295,108.7119,0.0177
A5-CL,tj_180,a_guard_side,DD,0.0057,0.0051,0.0063,96.9138,96.9166,96.9114,0.0052
A5-CL,surf5,a_guard_side,DD,0.0057,0.0051,0.0063,32.6410,32.9698,32.3481,0.6217
A5-CL,lm_ss,a_guard_side,DD,0.0057,0.0051,0.0063,103.6851,103.7170,103.6569,0.0601
A5-CL,case_ss,a_guard_side,DD,0.0057,0.0051,0.0063,107.4011,107.4329,107.3729,0.0600
A5-CL,tj_ss,a_guard_side,DD,0.0057,0.0051,0.0063,127.6546,127.6864,127.6264,0.0600
A5-CL,duty,a_guard_side,DD,0.0057,0.0051,0.0063,0.3500,0.3500,0.3500,0.0000
A5-CL,tj_pk,guard_solid,E,0.5000,0.4000,0.6500,100.0291,100.1165,99.9528,0.1637
A5-CL,case_d,guard_solid,E,0.5000,0.4000,0.6500,76.2253,76.3123,76.1492,0.1632
A5-CL,petg_d,guard_solid,E,0.5000,0.4000,0.6500,55.0191,56.2240,54.4836,1.7404
A5-CL,bay_d,guard_solid,E,0.5000,0.4000,0.6500,56.5635,56.5702,56.5577,0.0125
A5-CL,cell_d,guard_solid,E,0.5000,0.4000,0.6500,51.9554,51.9562,51.9547,0.0014
A5-CL,main_d,guard_solid,E,0.5000,0.4000,0.6500,50.9692,50.9702,50.9684,0.0018
A5-CL,fr4_d,guard_solid,E,0.5000,0.4000,0.6500,60.4948,60.5238,60.4694,0.0544
A5-CL,cell30,guard_solid,E,0.5000,0.4000,0.6500,49.1123,49.1125,49.1122,0.0002
A5-CL,main30,guard_solid,E,0.5000,0.4000,0.6500,50.9789,50.9795,50.9783,0.0012
A5-CL,tj_300,guard_solid,E,0.5000,0.4000,0.6500,108.7201,108.7539,108.6904,0.0634
A5-CL,tj_180,guard_solid,E,0.5000,0.4000,0.6500,96.9138,96.9238,96.9052,0.0186
A5-CL,surf5,guard_solid,E,0.5000,0.4000,0.6500,32.6410,33.7782,31.5269,2.2513
A5-CL,lm_ss,guard_solid,E,0.5000,0.4000,0.6500,103.6851,103.7953,103.5797,0.2156
A5-CL,case_ss,guard_solid,E,0.5000,0.4000,0.6500,107.4011,107.5111,107.2957,0.2154
A5-CL,tj_ss,guard_solid,E,0.5000,0.4000,0.6500,127.6546,127.7646,127.5492,0.2154
A5-CL,duty,guard_solid,E,0.5000,0.4000,0.6500,0.3500,0.3500,0.3500,0.0000
A5-CL,tj_pk,v_g,E,0.4500,0.3000,0.6000,100.0291,99.6234,100.4891,0.8658
A5-CL,case_d,v_g,E,0.4500,0.3000,0.6000,76.2253,75.8210,76.6835,0.8625
A5-CL,petg_d,v_g,E,0.4500,0.3000,0.6000,55.0191,54.4663,56.2912,1.8249
A5-CL,bay_d,v_g,E,0.4500,0.3000,0.6000,56.5635,56.5326,56.5986,0.0661
A5-CL,cell_d,v_g,E,0.4500,0.3000,0.6000,51.9554,51.9519,51.9594,0.0075
A5-CL,main_d,v_g,E,0.4500,0.3000,0.6000,50.9692,50.9648,50.9743,0.0095
A5-CL,fr4_d,v_g,E,0.4500,0.3000,0.6000,60.4948,60.3600,60.6477,0.2877
A5-CL,cell30,v_g,E,0.4500,0.3000,0.6000,49.1123,49.1119,49.1129,0.0010
A5-CL,main30,v_g,E,0.4500,0.3000,0.6000,50.9789,50.9763,50.9818,0.0055
A5-CL,tj_300,v_g,E,0.4500,0.3000,0.6000,108.7201,108.6142,108.8418,0.2276
A5-CL,tj_180,v_g,E,0.4500,0.3000,0.6000,96.9138,96.8837,96.9486,0.0649
A5-CL,surf5,v_g,E,0.4500,0.3000,0.6000,32.6410,31.5174,33.7087,2.1913
A5-CL,lm_ss,v_g,E,0.4500,0.3000,0.6000,103.6851,103.2263,104.2063,0.9801
A5-CL,case_ss,v_g,E,0.4500,0.3000,0.6000,107.4011,106.9426,107.9218,0.9792
A5-CL,tj_ss,v_g,E,0.4500,0.3000,0.6000,127.6546,127.1961,128.1753,0.9792
A5-CL,duty,v_g,E,0.4500,0.3000,0.6000,0.3500,0.3500,0.3500,0.0000
A5-CL,tj_pk,h_gc,E,5.0000,3.0000,8.0000,100.0291,99.8521,100.2986,0.4465
A5-CL,case_d,h_gc,E,5.0000,3.0000,8.0000,76.2253,76.0487,76.4941,0.4455
A5-CL,petg_d,h_gc,E,5.0000,3.0000,8.0000,55.0191,54.7847,55.3419,0.5573
A5-CL,bay_d,h_gc,E,5.0000,3.0000,8.0000,56.5635,56.5500,56.5841,0.0341
A5-CL,cell_d,h_gc,E,5.0000,3.0000,8.0000,51.9554,51.9539,51.9577,0.0039
A5-CL,main_d,h_gc,E,5.0000,3.0000,8.0000,50.9692,50.9673,50.9722,0.0049
A5-CL,fr4_d,h_gc,E,5.0000,3.0000,8.0000,60.4948,60.4359,60.5845,0.1486
A5-CL,cell30,h_gc,E,5.0000,3.0000,8.0000,49.1123,49.1121,49.1127,0.0006
A5-CL,main30,h_gc,E,5.0000,3.0000,8.0000,50.9789,50.9777,50.9807,0.0030
A5-CL,tj_300,h_gc,E,5.0000,3.0000,8.0000,108.7201,108.6587,108.8180,0.1593
A5-CL,tj_180,h_gc,E,5.0000,3.0000,8.0000,96.9138,96.8944,96.9456,0.0512
A5-CL,surf5,h_gc,E,5.0000,3.0000,8.0000,32.6410,32.1777,33.2460,1.0684
A5-CL,lm_ss,h_gc,E,5.0000,3.0000,8.0000,103.6851,103.5435,103.8982,0.3547
A5-CL,case_ss,h_gc,E,5.0000,3.0000,8.0000,107.4011,107.2595,107.6139,0.3544
A5-CL,tj_ss,h_gc,E,5.0000,3.0000,8.0000,127.6546,127.5130,127.8675,0.3544
A5-CL,duty,h_gc,E,5.0000,3.0000,8.0000,0.3500,0.3500,0.3500,0.0000
A5-CL,tj_pk,a_ef,DD,0.0028,0.0025,0.0031,100.0291,100.0291,100.0291,0.0000
A5-CL,case_d,a_ef,DD,0.0028,0.0025,0.0031,76.2253,76.2253,76.2253,0.0000
A5-CL,petg_d,a_ef,DD,0.0028,0.0025,0.0031,55.0191,55.0191,55.0191,0.0000
A5-CL,bay_d,a_ef,DD,0.0028,0.0025,0.0031,56.5635,56.5635,56.5635,0.0000
A5-CL,cell_d,a_ef,DD,0.0028,0.0025,0.0031,51.9554,51.9554,51.9554,0.0000
A5-CL,main_d,a_ef,DD,0.0028,0.0025,0.0031,50.9692,50.9692,50.9692,0.0000
A5-CL,fr4_d,a_ef,DD,0.0028,0.0025,0.0031,60.4948,60.4948,60.4948,0.0000
A5-CL,cell30,a_ef,DD,0.0028,0.0025,0.0031,49.1123,49.1123,49.1123,0.0000
A5-CL,main30,a_ef,DD,0.0028,0.0025,0.0031,50.9789,50.9789,50.9789,0.0000
A5-CL,tj_300,a_ef,DD,0.0028,0.0025,0.0031,108.7201,108.7201,108.7201,0.0000
A5-CL,tj_180,a_ef,DD,0.0028,0.0025,0.0031,96.9138,96.9138,96.9138,0.0000
A5-CL,surf5,a_ef,DD,0.0028,0.0025,0.0031,32.6410,32.6410,32.6410,0.0000
A5-CL,lm_ss,a_ef,DD,0.0028,0.0025,0.0031,103.6851,103.6851,103.6851,0.0000
A5-CL,case_ss,a_ef,DD,0.0028,0.0025,0.0031,107.4011,107.4011,107.4011,0.0000
A5-CL,tj_ss,a_ef,DD,0.0028,0.0025,0.0031,127.6546,127.6546,127.6546,0.0000
A5-CL,duty,a_ef,DD,0.0028,0.0025,0.0031,0.3500,0.3500,0.3500,0.0000
A5-CL,tj_pk,a_ew,DD,0.0029,0.0027,0.0032,100.0291,100.0804,99.9795,0.1009
A5-CL,case_d,a_ew,DD,0.0029,0.0027,0.0032,76.2253,76.2765,76.1757,0.1008
A5-CL,petg_d,a_ew,DD,0.0029,0.0027,0.0032,55.0191,55.0380,55.0008,0.0371
A5-CL,bay_d,a_ew,DD,0.0029,0.0027,0.0032,56.5635,56.5314,56.5927,0.0614
A5-CL,cell_d,a_ew,DD,0.0029,0.0027,0.0032,51.9554,51.9518,51.9587,0.0070
A5-CL,main_d,a_ew,DD,0.0029,0.0027,0.0032,50.9692,50.9646,50.9734,0.0088
A5-CL,fr4_d,a_ew,DD,0.0029,0.0027,0.0032,60.4948,60.7630,60.2684,0.4947
A5-CL,cell30,a_ew,DD,0.0029,0.0027,0.0032,49.1123,49.1135,49.1111,0.0024
A5-CL,main30,a_ew,DD,0.0029,0.0027,0.0032,50.9789,50.9789,50.9785,0.0005
A5-CL,tj_300,a_ew,DD,0.0029,0.0027,0.0032,108.7201,108.7571,108.6837,0.0734
A5-CL,tj_180,a_ew,DD,0.0029,0.0027,0.0032,96.9138,96.9307,96.8971,0.0335
A5-CL,surf5,a_ew,DD,0.0029,0.0027,0.0032,32.6410,32.6475,32.6346,0.0129
A5-CL,lm_ss,a_ew,DD,0.0029,0.0027,0.0032,103.6851,103.7283,103.6434,0.0849
A5-CL,case_ss,a_ew,DD,0.0029,0.0027,0.0032,107.4011,107.4450,107.3587,0.0863
A5-CL,tj_ss,a_ew,DD,0.0029,0.0027,0.0032,127.6546,127.6985,127.6123,0.0863
A5-CL,duty,a_ew,DD,0.0029,0.0027,0.0032,0.3500,0.3500,0.3500,0.0000
A5-CL,tj_pk,t_ew_fr4,E,0.0016,0.0008,0.0016,100.0291,100.0269,100.0291,0.0023
A5-CL,case_d,t_ew_fr4,E,0.0016,0.0008,0.0016,76.2253,76.2236,76.2253,0.0017
A5-CL,petg_d,t_ew_fr4,E,0.0016,0.0008,0.0016,55.0191,55.0185,55.0191,0.0006
A5-CL,bay_d,t_ew_fr4,E,0.0016,0.0008,0.0016,56.5635,56.5679,56.5635,0.0044
A5-CL,cell_d,t_ew_fr4,E,0.0016,0.0008,0.0016,51.9554,51.9559,51.9554,0.0005
A5-CL,main_d,t_ew_fr4,E,0.0016,0.0008,0.0016,50.9692,50.9699,50.9692,0.0006
A5-CL,fr4_d,t_ew_fr4,E,0.0016,0.0008,0.0016,60.4948,60.3938,60.4948,0.1010
A5-CL,cell30,t_ew_fr4,E,0.0016,0.0008,0.0016,49.1123,49.1276,49.1123,0.0152
A5-CL,main30,t_ew_fr4,E,0.0016,0.0008,0.0016,50.9789,51.0131,50.9789,0.0342
A5-CL,tj_300,t_ew_fr4,E,0.0016,0.0008,0.0016,108.7201,108.8113,108.7201,0.0912
A5-CL,tj_180,t_ew_fr4,E,0.0016,0.0008,0.0016,96.9138,96.9487,96.9138,0.0349
A5-CL,surf5,t_ew_fr4,E,0.0016,0.0008,0.0016,32.6410,32.6550,32.6410,0.0140
A5-CL,lm_ss,t_ew_fr4,E,0.0016,0.0008,0.0016,103.6851,103.6834,103.6851,0.0018
A5-CL,case_ss,t_ew_fr4,E,0.0016,0.0008,0.0016,107.4011,107.3992,107.4011,0.0019
A5-CL,tj_ss,t_ew_fr4,E,0.0016,0.0008,0.0016,127.6546,127.6527,127.6546,0.0019
A5-CL,duty,t_ew_fr4,E,0.0016,0.0008,0.0016,0.3500,0.3500,0.3500,0.0000
A5-CL,tj_pk,a_bw_gross,DD,0.0029,0.0026,0.0032,100.0291,100.0345,100.0239,0.0105
A5-CL,case_d,a_bw_gross,DD,0.0029,0.0026,0.0032,76.2253,76.2306,76.2200,0.0105
A5-CL,petg_d,a_bw_gross,DD,0.0029,0.0026,0.0032,55.0191,55.0210,55.0172,0.0038
A5-CL,bay_d,a_bw_gross,DD,0.0029,0.0026,0.0032,56.5635,56.6935,56.4361,0.2574
A5-CL,cell_d,a_bw_gross,DD,0.0029,0.0026,0.0032,51.9554,51.9701,51.9410,0.0292
A5-CL,main_d,a_bw_gross,DD,0.0029,0.0026,0.0032,50.9692,50.9879,50.9509,0.0371
A5-CL,fr4_d,a_bw_gross,DD,0.0029,0.0026,0.0032,60.4948,60.5749,60.4163,0.1587
A5-CL,cell30,a_bw_gross,DD,0.0029,0.0026,0.0032,49.1123,49.1165,49.1082,0.0083
A5-CL,main30,a_bw_gross,DD,0.0029,0.0026,0.0032,50.9789,50.9942,50.9637,0.0305
A5-CL,tj_300,a_bw_gross,DD,0.0029,0.0026,0.0032,108.7201,108.7203,108.7198,0.0005
A5-CL,tj_180,a_bw_gross,DD,0.0029,0.0026,0.0032,96.9138,96.9138,96.9137,0.0001
A5-CL,surf5,a_bw_gross,DD,0.0029,0.0026,0.0032,32.6410,32.6410,32.6410,0.0001
A5-CL,lm_ss,a_bw_gross,DD,0.0029,0.0026,0.0032,103.6851,103.6887,103.6816,0.0070
A5-CL,case_ss,a_bw_gross,DD,0.0029,0.0026,0.0032,107.4011,107.4048,107.3974,0.0074
A5-CL,tj_ss,a_bw_gross,DD,0.0029,0.0026,0.0032,127.6546,127.6583,127.6509,0.0074
A5-CL,duty,a_bw_gross,DD,0.0029,0.0026,0.0032,0.3500,0.3500,0.3500,0.0000
A5-CL,tj_pk,bw_solid,E,0.8000,0.7000,0.9000,100.0291,100.0358,100.0226,0.0132
A5-CL,case_d,bw_solid,E,0.8000,0.7000,0.9000,76.2253,76.2319,76.2187,0.0132
A5-CL,petg_d,bw_solid,E,0.8000,0.7000,0.9000,55.0191,55.0215,55.0167,0.0048
A5-CL,bay_d,bw_solid,E,0.8000,0.7000,0.9000,56.5635,56.7269,56.4041,0.3229
A5-CL,cell_d,bw_solid,E,0.8000,0.7000,0.9000,51.9554,51.9739,51.9373,0.0366
A5-CL,main_d,bw_solid,E,0.8000,0.7000,0.9000,50.9692,50.9928,50.9462,0.0465
A5-CL,fr4_d,bw_solid,E,0.8000,0.7000,0.9000,60.4948,60.5956,60.3965,0.1990
A5-CL,cell30,bw_solid,E,0.8000,0.7000,0.9000,49.1123,49.1176,49.1072,0.0104
A5-CL,main30,bw_solid,E,0.8000,0.7000,0.9000,50.9789,50.9982,50.9600,0.0382
A5-CL,tj_300,bw_solid,E,0.8000,0.7000,0.9000,108.7201,108.7204,108.7197,0.0007
A5-CL,tj_180,bw_solid,E,0.8000,0.7000,0.9000,96.9138,96.9138,96.9137,0.0001
A5-CL,surf5,bw_solid,E,0.8000,0.7000,0.9000,32.6410,32.6410,32.6409,0.0001
A5-CL,lm_ss,bw_solid,E,0.8000,0.7000,0.9000,103.6851,103.6896,103.6808,0.0088
A5-CL,case_ss,bw_solid,E,0.8000,0.7000,0.9000,107.4011,107.4058,107.3965,0.0093
A5-CL,tj_ss,bw_solid,E,0.8000,0.7000,0.9000,127.6546,127.6593,127.6500,0.0093
A5-CL,duty,bw_solid,E,0.8000,0.7000,0.9000,0.3500,0.3500,0.3500,0.0000
A5-CL,tj_pk,a_bh,DD,0.0025,0.0022,0.0027,100.0291,100.0308,100.0274,0.0034
A5-CL,case_d,a_bh,DD,0.0025,0.0022,0.0027,76.2253,76.2270,76.2236,0.0034
A5-CL,petg_d,a_bh,DD,0.0025,0.0022,0.0027,55.0191,55.0197,55.0185,0.0012
A5-CL,bay_d,a_bh,DD,0.0025,0.0022,0.0027,56.5635,56.6053,56.5226,0.0827
A5-CL,cell_d,a_bh,DD,0.0025,0.0022,0.0027,51.9554,51.9374,51.9729,0.0355
A5-CL,main_d,a_bh,DD,0.0025,0.0022,0.0027,50.9692,50.9464,50.9915,0.0452
A5-CL,fr4_d,a_bh,DD,0.0025,0.0022,0.0027,60.4948,60.5206,60.4696,0.0510
A5-CL,cell30,a_bh,DD,0.0025,0.0022,0.0027,49.1123,49.1106,49.1140,0.0034
A5-CL,main30,a_bh,DD,0.0025,0.0022,0.0027,50.9789,50.9633,50.9938,0.0306
A5-CL,tj_300,a_bh,DD,0.0025,0.0022,0.0027,108.7201,108.7203,108.7198,0.0005
A5-CL,tj_180,a_bh,DD,0.0025,0.0022,0.0027,96.9138,96.9138,96.9137,0.0001
A5-CL,surf5,a_bh,DD,0.0025,0.0022,0.0027,32.6410,32.6410,32.6410,0.0001
A5-CL,lm_ss,a_bh,DD,0.0025,0.0022,0.0027,103.6851,103.6862,103.6841,0.0021
A5-CL,case_ss,a_bh,DD,0.0025,0.0022,0.0027,107.4011,107.4022,107.4000,0.0022
A5-CL,tj_ss,a_bh,DD,0.0025,0.0022,0.0027,127.6546,127.6557,127.6535,0.0022
A5-CL,duty,a_bh,DD,0.0025,0.0022,0.0027,0.3500,0.3500,0.3500,0.0000
A5-CL,tj_pk,t_bh,E,0.0012,0.0010,0.0014,100.0291,100.0290,100.0292,0.0002
A5-CL,case_d,t_bh,E,0.0012,0.0010,0.0014,76.2253,76.2251,76.2254,0.0002
A5-CL,petg_d,t_bh,E,0.0012,0.0010,0.0014,55.0191,55.0190,55.0191,0.0001
A5-CL,bay_d,t_bh,E,0.0012,0.0010,0.0014,56.5635,56.5608,56.5662,0.0055
A5-CL,cell_d,t_bh,E,0.0012,0.0010,0.0014,51.9554,51.9566,51.9542,0.0024
A5-CL,main_d,t_bh,E,0.0012,0.0010,0.0014,50.9692,50.9707,50.9677,0.0030
A5-CL,fr4_d,t_bh,E,0.0012,0.0010,0.0014,60.4948,60.4931,60.4965,0.0034
A5-CL,cell30,t_bh,E,0.0012,0.0010,0.0014,49.1123,49.1235,49.1016,0.0219
A5-CL,main30,t_bh,E,0.0012,0.0010,0.0014,50.9789,51.0006,50.9562,0.0444
A5-CL,tj_300,t_bh,E,0.0012,0.0010,0.0014,108.7201,108.7202,108.7200,0.0002
A5-CL,tj_180,t_bh,E,0.0012,0.0010,0.0014,96.9138,96.9138,96.9138,0.0000
A5-CL,surf5,t_bh,E,0.0012,0.0010,0.0014,32.6410,32.6410,32.6410,0.0000
A5-CL,lm_ss,t_bh,E,0.0012,0.0010,0.0014,103.6851,103.6851,103.6852,0.0001
A5-CL,case_ss,t_bh,E,0.0012,0.0010,0.0014,107.4011,107.4010,107.4011,0.0002
A5-CL,tj_ss,t_bh,E,0.0012,0.0010,0.0014,127.6546,127.6545,127.6547,0.0002
A5-CL,duty,t_bh,E,0.0012,0.0010,0.0014,0.3500,0.3500,0.3500,0.0000
A5-CL,tj_pk,gap_bh,E,0.0030,0.0020,0.0040,100.0291,100.0283,100.0297,0.0014
A5-CL,case_d,gap_bh,E,0.0030,0.0020,0.0040,76.2253,76.2244,76.2258,0.0014
A5-CL,petg_d,gap_bh,E,0.0030,0.0020,0.0040,55.0191,55.0188,55.0193,0.0005
A5-CL,bay_d,gap_bh,E,0.0030,0.0020,0.0040,56.5635,56.5429,56.5780,0.0351
A5-CL,cell_d,gap_bh,E,0.0030,0.0020,0.0040,51.9554,51.9642,51.9492,0.0151
A5-CL,main_d,gap_bh,E,0.0030,0.0020,0.0040,50.9692,50.9805,50.9613,0.0192
A5-CL,fr4_d,gap_bh,E,0.0030,0.0020,0.0040,60.4948,60.4821,60.5037,0.0216
A5-CL,cell30,gap_bh,E,0.0030,0.0020,0.0040,49.1123,49.1163,49.1096,0.0067
A5-CL,main30,gap_bh,E,0.0030,0.0020,0.0040,50.9789,50.9914,50.9700,0.0214
A5-CL,tj_300,gap_bh,E,0.0030,0.0020,0.0040,108.7201,108.7200,108.7201,0.0000
A5-CL,tj_180,gap_bh,E,0.0030,0.0020,0.0040,96.9138,96.9138,96.9138,0.0000
A5-CL,surf5,gap_bh,E,0.0030,0.0020,0.0040,32.6410,32.6410,32.6410,0.0000
A5-CL,lm_ss,gap_bh,E,0.0030,0.0020,0.0040,103.6851,103.6846,103.6855,0.0009
A5-CL,case_ss,gap_bh,E,0.0030,0.0020,0.0040,107.4011,107.4005,107.4014,0.0009
A5-CL,tj_ss,gap_bh,E,0.0030,0.0020,0.0040,127.6546,127.6540,127.6550,0.0009
A5-CL,duty,gap_bh,E,0.0030,0.0020,0.0040,0.3500,0.3500,0.3500,0.0000
A5-CL,tj_pk,a_mw,E,0.0262,0.0210,0.0314,100.0291,100.0392,100.0216,0.0176
A5-CL,case_d,a_mw,E,0.0262,0.0210,0.0314,76.2253,76.2353,76.2178,0.0176
A5-CL,petg_d,a_mw,E,0.0262,0.0210,0.0314,55.0191,55.0347,55.0164,0.0183
A5-CL,bay_d,a_mw,E,0.0262,0.0210,0.0314,56.5635,56.8099,56.3802,0.4297
A5-CL,cell_d,a_mw,E,0.0262,0.0210,0.0314,51.9554,52.8089,51.3259,1.4830
A5-CL,main_d,a_mw,E,0.0262,0.0210,0.0314,50.9692,52.0312,50.1820,1.8492
A5-CL,fr4_d,a_mw,E,0.0262,0.0210,0.0314,60.4948,60.6467,60.3818,0.2649
A5-CL,cell30,a_mw,E,0.0262,0.0210,0.0314,49.1123,49.3685,48.9035,0.4650
A5-CL,main30,a_mw,E,0.0262,0.0210,0.0314,50.9789,51.8075,50.3223,1.4852
A5-CL,tj_300,a_mw,E,0.0262,0.0210,0.0314,108.7201,108.7201,108.7200,0.0001
A5-CL,tj_180,a_mw,E,0.0262,0.0210,0.0314,96.9138,96.9138,96.9138,0.0000
A5-CL,surf5,a_mw,E,0.0262,0.0210,0.0314,32.6410,32.6410,32.6410,0.0000
A5-CL,lm_ss,a_mw,E,0.0262,0.0210,0.0314,103.6851,103.6920,103.6799,0.0121
A5-CL,case_ss,a_mw,E,0.0262,0.0210,0.0314,107.4011,107.4083,107.3956,0.0127
A5-CL,tj_ss,a_mw,E,0.0262,0.0210,0.0314,127.6546,127.6618,127.6491,0.0127
A5-CL,duty,a_mw,E,0.0262,0.0210,0.0314,0.3500,0.3500,0.3500,0.0000
A5-CL,tj_pk,eps_out,E,0.9000,0.8500,0.9500,100.0291,100.0591,100.0004,0.0587
A5-CL,case_d,eps_out,E,0.9000,0.8500,0.9500,76.2253,76.2550,76.1966,0.0584
A5-CL,petg_d,eps_out,E,0.9000,0.8500,0.9500,55.0191,55.1981,54.8470,0.3510
A5-CL,bay_d,eps_out,E,0.9000,0.8500,0.9500,56.5635,56.6025,56.5265,0.0760
A5-CL,cell_d,eps_out,E,0.9000,0.8500,0.9500,51.9554,52.0376,51.8782,0.1594
A5-CL,main_d,eps_out,E,0.9000,0.8500,0.9500,50.9692,51.0472,50.8960,0.1512
A5-CL,fr4_d,eps_out,E,0.9000,0.8500,0.9500,60.4948,60.5269,60.4642,0.0627
A5-CL,cell30,eps_out,E,0.9000,0.8500,0.9500,49.1123,49.1308,49.0946,0.0361
A5-CL,main30,eps_out,E,0.9000,0.8500,0.9500,50.9789,51.0256,50.9342,0.0914
A5-CL,tj_300,eps_out,E,0.9000,0.8500,0.9500,108.7201,108.7227,108.7174,0.0053
A5-CL,tj_180,eps_out,E,0.9000,0.8500,0.9500,96.9138,96.9143,96.9133,0.0010
A5-CL,surf5,eps_out,E,0.9000,0.8500,0.9500,32.6410,32.7112,32.5717,0.1395
A5-CL,lm_ss,eps_out,E,0.9000,0.8500,0.9500,103.6851,103.7156,103.6558,0.0599
A5-CL,case_ss,eps_out,E,0.9000,0.8500,0.9500,107.4011,107.4316,107.3717,0.0599
A5-CL,tj_ss,eps_out,E,0.9000,0.8500,0.9500,127.6546,127.6851,127.6252,0.0599
A5-CL,duty,eps_out,E,0.9000,0.8500,0.9500,0.3500,0.3500,0.3500,0.0000
A5-CL,tj_pk,eps_in,E,0.8000,0.7000,0.9000,100.0291,100.0482,100.0118,0.0364
A5-CL,case_d,eps_in,E,0.8000,0.7000,0.9000,76.2253,76.2442,76.2081,0.0362
A5-CL,petg_d,eps_in,E,0.8000,0.7000,0.9000,55.0191,55.0260,55.0128,0.0131
A5-CL,bay_d,eps_in,E,0.8000,0.7000,0.9000,56.5635,56.6710,56.4660,0.2050
A5-CL,cell_d,eps_in,E,0.8000,0.7000,0.9000,51.9554,52.0640,51.8626,0.2014
A5-CL,main_d,eps_in,E,0.8000,0.7000,0.9000,50.9692,51.1710,50.7963,0.3747
A5-CL,fr4_d,eps_in,E,0.8000,0.7000,0.9000,60.4948,60.7807,60.2355,0.5452
A5-CL,cell30,eps_in,E,0.8000,0.7000,0.9000,49.1123,49.1487,49.0807,0.0679
A5-CL,main30,eps_in,E,0.8000,0.7000,0.9000,50.9789,51.1555,50.8257,0.3298
A5-CL,tj_300,eps_in,E,0.8000,0.7000,0.9000,108.7201,108.7180,108.7220,0.0040
A5-CL,tj_180,eps_in,E,0.8000,0.7000,0.9000,96.9138,96.9128,96.9147,0.0018
A5-CL,surf5,eps_in,E,0.8000,0.7000,0.9000,32.6410,32.6407,32.6413,0.0006
A5-CL,lm_ss,eps_in,E,0.8000,0.7000,0.9000,103.6851,103.7023,103.6697,0.0326
A5-CL,case_ss,eps_in,E,0.8000,0.7000,0.9000,107.4011,107.4190,107.3849,0.0342
A5-CL,tj_ss,eps_in,E,0.8000,0.7000,0.9000,127.6546,127.6726,127.6384,0.0342
A5-CL,duty,eps_in,E,0.8000,0.7000,0.9000,0.3500,0.3500,0.3500,0.0000
A5-CL,tj_pk,eps_bh,E,0.8200,0.7500,0.9000,100.0291,100.0293,100.0290,0.0003
A5-CL,case_d,eps_bh,E,0.8200,0.7500,0.9000,76.2253,76.2254,76.2251,0.0003
A5-CL,petg_d,eps_bh,E,0.8200,0.7500,0.9000,55.0191,55.0191,55.0190,0.0001
A5-CL,bay_d,eps_bh,E,0.8200,0.7500,0.9000,56.5635,56.5666,56.5602,0.0065
A5-CL,cell_d,eps_bh,E,0.8200,0.7500,0.9000,51.9554,51.9541,51.9568,0.0028
A5-CL,main_d,eps_bh,E,0.8200,0.7500,0.9000,50.9692,50.9675,50.9710,0.0035
A5-CL,fr4_d,eps_bh,E,0.8200,0.7500,0.9000,60.4948,60.4967,60.4927,0.0040
A5-CL,cell30,eps_bh,E,0.8200,0.7500,0.9000,49.1123,49.1118,49.1130,0.0012
A5-CL,main30,eps_bh,E,0.8200,0.7500,0.9000,50.9789,50.9769,50.9809,0.0040
A5-CL,tj_300,eps_bh,E,0.8200,0.7500,0.9000,108.7201,108.7201,108.7201,0.0000
A5-CL,tj_180,eps_bh,E,0.8200,0.7500,0.9000,96.9138,96.9138,96.9138,0.0000
A5-CL,surf5,eps_bh,E,0.8200,0.7500,0.9000,32.6410,32.6410,32.6410,0.0000
A5-CL,lm_ss,eps_bh,E,0.8200,0.7500,0.9000,103.6851,103.6852,103.6850,0.0002
A5-CL,case_ss,eps_bh,E,0.8200,0.7500,0.9000,107.4011,107.4011,107.4010,0.0002
A5-CL,tj_ss,eps_bh,E,0.8200,0.7500,0.9000,127.6546,127.6547,127.6545,0.0002
A5-CL,duty,eps_bh,E,0.8200,0.7500,0.9000,0.3500,0.3500,0.3500,0.0000
A5-CL,tj_pk,k_air,D,0.0280,0.0270,0.0290,100.0291,100.0292,100.0291,0.0001
A5-CL,case_d,k_air,D,0.0280,0.0270,0.0290,76.2253,76.2253,76.2252,0.0001
A5-CL,petg_d,k_air,D,0.0280,0.0270,0.0290,55.0191,55.0191,55.0191,0.0001
A5-CL,bay_d,k_air,D,0.0280,0.0270,0.0290,56.5635,56.5654,56.5617,0.0036
A5-CL,cell_d,k_air,D,0.0280,0.0270,0.0290,51.9554,51.9546,51.9562,0.0016
A5-CL,main_d,k_air,D,0.0280,0.0270,0.0290,50.9692,50.9682,50.9702,0.0020
A5-CL,fr4_d,k_air,D,0.0280,0.0270,0.0290,60.4948,60.4959,60.4937,0.0022
A5-CL,cell30,k_air,D,0.0280,0.0270,0.0290,49.1123,49.1120,49.1127,0.0007
A5-CL,main30,k_air,D,0.0280,0.0270,0.0290,50.9789,50.9777,50.9799,0.0022
A5-CL,tj_300,k_air,D,0.0280,0.0270,0.0290,108.7201,108.7201,108.7201,0.0000
A5-CL,tj_180,k_air,D,0.0280,0.0270,0.0290,96.9138,96.9138,96.9138,0.0000
A5-CL,surf5,k_air,D,0.0280,0.0270,0.0290,32.6410,32.6410,32.6410,0.0000
A5-CL,lm_ss,k_air,D,0.0280,0.0270,0.0290,103.6851,103.6852,103.6851,0.0001
A5-CL,case_ss,k_air,D,0.0280,0.0270,0.0290,107.4011,107.4011,107.4010,0.0001
A5-CL,tj_ss,k_air,D,0.0280,0.0270,0.0290,127.6546,127.6546,127.6545,0.0001
A5-CL,duty,k_air,D,0.0280,0.0270,0.0290,0.3500,0.3500,0.3500,0.0000
A5-CL,tj_pk,gap_face,E,0.0020,0.0015,0.0030,100.0291,100.0291,100.0291,0.0000
A5-CL,case_d,gap_face,E,0.0020,0.0015,0.0030,76.2253,76.2253,76.2253,0.0000
A5-CL,petg_d,gap_face,E,0.0020,0.0015,0.0030,55.0191,55.0191,55.0191,0.0000
A5-CL,bay_d,gap_face,E,0.0020,0.0015,0.0030,56.5635,56.5635,56.5635,0.0000
A5-CL,cell_d,gap_face,E,0.0020,0.0015,0.0030,51.9554,51.9554,51.9554,0.0000
A5-CL,main_d,gap_face,E,0.0020,0.0015,0.0030,50.9692,50.9692,50.9692,0.0000
A5-CL,fr4_d,gap_face,E,0.0020,0.0015,0.0030,60.4948,60.4948,60.4948,0.0000
A5-CL,cell30,gap_face,E,0.0020,0.0015,0.0030,49.1123,49.1123,49.1123,0.0000
A5-CL,main30,gap_face,E,0.0020,0.0015,0.0030,50.9789,50.9789,50.9789,0.0000
A5-CL,tj_300,gap_face,E,0.0020,0.0015,0.0030,108.7201,108.7201,108.7201,0.0000
A5-CL,tj_180,gap_face,E,0.0020,0.0015,0.0030,96.9138,96.9138,96.9138,0.0000
A5-CL,surf5,gap_face,E,0.0020,0.0015,0.0030,32.6410,32.6410,32.6410,0.0000
A5-CL,lm_ss,gap_face,E,0.0020,0.0015,0.0030,103.6851,103.6851,103.6851,0.0000
A5-CL,case_ss,gap_face,E,0.0020,0.0015,0.0030,107.4011,107.4011,107.4011,0.0000
A5-CL,tj_ss,gap_face,E,0.0020,0.0015,0.0030,127.6546,127.6546,127.6546,0.0000
A5-CL,duty,gap_face,E,0.0020,0.0015,0.0030,0.3500,0.3500,0.3500,0.0000
A5-CL,tj_pk,h_rad_gap,E,7.0000,5.0000,8.0000,100.0291,100.0291,100.0291,0.0000
A5-CL,case_d,h_rad_gap,E,7.0000,5.0000,8.0000,76.2253,76.2253,76.2253,0.0000
A5-CL,petg_d,h_rad_gap,E,7.0000,5.0000,8.0000,55.0191,55.0191,55.0191,0.0000
A5-CL,bay_d,h_rad_gap,E,7.0000,5.0000,8.0000,56.5635,56.5635,56.5635,0.0000
A5-CL,cell_d,h_rad_gap,E,7.0000,5.0000,8.0000,51.9554,51.9554,51.9554,0.0000
A5-CL,main_d,h_rad_gap,E,7.0000,5.0000,8.0000,50.9692,50.9692,50.9692,0.0000
A5-CL,fr4_d,h_rad_gap,E,7.0000,5.0000,8.0000,60.4948,60.4948,60.4948,0.0000
A5-CL,cell30,h_rad_gap,E,7.0000,5.0000,8.0000,49.1123,49.1123,49.1123,0.0000
A5-CL,main30,h_rad_gap,E,7.0000,5.0000,8.0000,50.9789,50.9789,50.9789,0.0000
A5-CL,tj_300,h_rad_gap,E,7.0000,5.0000,8.0000,108.7201,108.7201,108.7201,0.0000
A5-CL,tj_180,h_rad_gap,E,7.0000,5.0000,8.0000,96.9138,96.9138,96.9138,0.0000
A5-CL,surf5,h_rad_gap,E,7.0000,5.0000,8.0000,32.6410,32.6410,32.6410,0.0000
A5-CL,lm_ss,h_rad_gap,E,7.0000,5.0000,8.0000,103.6851,103.6851,103.6851,0.0000
A5-CL,case_ss,h_rad_gap,E,7.0000,5.0000,8.0000,107.4011,107.4011,107.4011,0.0000
A5-CL,tj_ss,h_rad_gap,E,7.0000,5.0000,8.0000,127.6546,127.6546,127.6546,0.0000
A5-CL,duty,h_rad_gap,E,7.0000,5.0000,8.0000,0.3500,0.3500,0.3500,0.0000
A5-CL,tj_pk,a_gap_face,E,0.0004,0.0002,0.0006,100.0291,100.0291,100.0291,0.0000
A5-CL,case_d,a_gap_face,E,0.0004,0.0002,0.0006,76.2253,76.2253,76.2253,0.0000
A5-CL,petg_d,a_gap_face,E,0.0004,0.0002,0.0006,55.0191,55.0191,55.0191,0.0000
A5-CL,bay_d,a_gap_face,E,0.0004,0.0002,0.0006,56.5635,56.5635,56.5635,0.0000
A5-CL,cell_d,a_gap_face,E,0.0004,0.0002,0.0006,51.9554,51.9554,51.9554,0.0000
A5-CL,main_d,a_gap_face,E,0.0004,0.0002,0.0006,50.9692,50.9692,50.9692,0.0000
A5-CL,fr4_d,a_gap_face,E,0.0004,0.0002,0.0006,60.4948,60.4948,60.4948,0.0000
A5-CL,cell30,a_gap_face,E,0.0004,0.0002,0.0006,49.1123,49.1123,49.1123,0.0000
A5-CL,main30,a_gap_face,E,0.0004,0.0002,0.0006,50.9789,50.9789,50.9789,0.0000
A5-CL,tj_300,a_gap_face,E,0.0004,0.0002,0.0006,108.7201,108.7201,108.7201,0.0000
A5-CL,tj_180,a_gap_face,E,0.0004,0.0002,0.0006,96.9138,96.9138,96.9138,0.0000
A5-CL,surf5,a_gap_face,E,0.0004,0.0002,0.0006,32.6410,32.6410,32.6410,0.0000
A5-CL,lm_ss,a_gap_face,E,0.0004,0.0002,0.0006,103.6851,103.6851,103.6851,0.0000
A5-CL,case_ss,a_gap_face,E,0.0004,0.0002,0.0006,107.4011,107.4011,107.4011,0.0000
A5-CL,tj_ss,a_gap_face,E,0.0004,0.0002,0.0006,127.6546,127.6546,127.6546,0.0000
A5-CL,duty,a_gap_face,E,0.0004,0.0002,0.0006,0.3500,0.3500,0.3500,0.0000
A5-CL,tj_pk,rad_f_ef,E,0.3000,0.2000,0.4500,100.0291,100.0291,100.0291,0.0000
A5-CL,case_d,rad_f_ef,E,0.3000,0.2000,0.4500,76.2253,76.2253,76.2253,0.0000
A5-CL,petg_d,rad_f_ef,E,0.3000,0.2000,0.4500,55.0191,55.0191,55.0191,0.0000
A5-CL,bay_d,rad_f_ef,E,0.3000,0.2000,0.4500,56.5635,56.5635,56.5635,0.0000
A5-CL,cell_d,rad_f_ef,E,0.3000,0.2000,0.4500,51.9554,51.9554,51.9554,0.0000
A5-CL,main_d,rad_f_ef,E,0.3000,0.2000,0.4500,50.9692,50.9692,50.9692,0.0000
A5-CL,fr4_d,rad_f_ef,E,0.3000,0.2000,0.4500,60.4948,60.4948,60.4948,0.0000
A5-CL,cell30,rad_f_ef,E,0.3000,0.2000,0.4500,49.1123,49.1123,49.1123,0.0000
A5-CL,main30,rad_f_ef,E,0.3000,0.2000,0.4500,50.9789,50.9789,50.9789,0.0000
A5-CL,tj_300,rad_f_ef,E,0.3000,0.2000,0.4500,108.7201,108.7201,108.7201,0.0000
A5-CL,tj_180,rad_f_ef,E,0.3000,0.2000,0.4500,96.9138,96.9138,96.9138,0.0000
A5-CL,surf5,rad_f_ef,E,0.3000,0.2000,0.4500,32.6410,32.6410,32.6410,0.0000
A5-CL,lm_ss,rad_f_ef,E,0.3000,0.2000,0.4500,103.6851,103.6851,103.6851,0.0000
A5-CL,case_ss,rad_f_ef,E,0.3000,0.2000,0.4500,107.4011,107.4011,107.4011,0.0000
A5-CL,tj_ss,rad_f_ef,E,0.3000,0.2000,0.4500,127.6546,127.6546,127.6546,0.0000
A5-CL,duty,rad_f_ef,E,0.3000,0.2000,0.4500,0.3500,0.3500,0.3500,0.0000
A5-CL,tj_pk,rad_f_bh,E,0.4000,0.2500,0.5000,100.0291,100.0291,100.0291,0.0000
A5-CL,case_d,rad_f_bh,E,0.4000,0.2500,0.5000,76.2253,76.2253,76.2253,0.0000
A5-CL,petg_d,rad_f_bh,E,0.4000,0.2500,0.5000,55.0191,55.0191,55.0191,0.0000
A5-CL,bay_d,rad_f_bh,E,0.4000,0.2500,0.5000,56.5635,56.5635,56.5635,0.0000
A5-CL,cell_d,rad_f_bh,E,0.4000,0.2500,0.5000,51.9554,51.9554,51.9554,0.0000
A5-CL,main_d,rad_f_bh,E,0.4000,0.2500,0.5000,50.9692,50.9692,50.9692,0.0000
A5-CL,fr4_d,rad_f_bh,E,0.4000,0.2500,0.5000,60.4948,60.4948,60.4948,0.0000
A5-CL,cell30,rad_f_bh,E,0.4000,0.2500,0.5000,49.1123,49.1123,49.1123,0.0000
A5-CL,main30,rad_f_bh,E,0.4000,0.2500,0.5000,50.9789,50.9789,50.9789,0.0000
A5-CL,tj_300,rad_f_bh,E,0.4000,0.2500,0.5000,108.7201,108.7201,108.7201,0.0000
A5-CL,tj_180,rad_f_bh,E,0.4000,0.2500,0.5000,96.9138,96.9138,96.9138,0.0000
A5-CL,surf5,rad_f_bh,E,0.4000,0.2500,0.5000,32.6410,32.6410,32.6410,0.0000
A5-CL,lm_ss,rad_f_bh,E,0.4000,0.2500,0.5000,103.6851,103.6851,103.6851,0.0000
A5-CL,case_ss,rad_f_bh,E,0.4000,0.2500,0.5000,107.4011,107.4011,107.4011,0.0000
A5-CL,tj_ss,rad_f_bh,E,0.4000,0.2500,0.5000,127.6546,127.6546,127.6546,0.0000
A5-CL,duty,rad_f_bh,E,0.4000,0.2500,0.5000,0.3500,0.3500,0.3500,0.0000
A5-CL,tj_pk,o3_rad_amb,E,0.3000,0.2000,0.4000,100.0291,100.1221,99.9386,0.1835
A5-CL,case_d,o3_rad_amb,E,0.3000,0.2000,0.4000,76.2253,76.3179,76.1350,0.1828
A5-CL,petg_d,o3_rad_amb,E,0.3000,0.2000,0.4000,55.0191,55.0533,54.9858,0.0675
A5-CL,bay_d,o3_rad_amb,E,0.3000,0.2000,0.4000,56.5635,56.6426,56.4820,0.1606
A5-CL,cell_d,o3_rad_amb,E,0.3000,0.2000,0.4000,51.9554,51.9644,51.9462,0.0182
A5-CL,main_d,o3_rad_amb,E,0.3000,0.2000,0.4000,50.9692,50.9806,50.9575,0.0231
A5-CL,fr4_d,o3_rad_amb,E,0.3000,0.2000,0.4000,60.4948,60.8390,60.1400,0.6990
A5-CL,cell30,o3_rad_amb,E,0.3000,0.2000,0.4000,49.1123,49.1151,49.1095,0.0056
A5-CL,main30,o3_rad_amb,E,0.3000,0.2000,0.4000,50.9789,50.9901,50.9673,0.0228
A5-CL,tj_300,o3_rad_amb,E,0.3000,0.2000,0.4000,108.7201,108.7376,108.7033,0.0343
A5-CL,tj_180,o3_rad_amb,E,0.3000,0.2000,0.4000,96.9138,96.9187,96.9090,0.0097
A5-CL,surf5,o3_rad_amb,E,0.3000,0.2000,0.4000,32.6410,32.6434,32.6386,0.0048
A5-CL,lm_ss,o3_rad_amb,E,0.3000,0.2000,0.4000,103.6851,103.7807,103.5924,0.1883
A5-CL,case_ss,o3_rad_amb,E,0.3000,0.2000,0.4000,107.4011,107.4976,107.3073,0.1903
A5-CL,tj_ss,o3_rad_amb,E,0.3000,0.2000,0.4000,127.6546,127.7512,127.5609,0.1903
A5-CL,duty,o3_rad_amb,E,0.3000,0.2000,0.4000,0.3500,0.3500,0.3500,0.0000
A5-CL,tj_pk,o3_rad_guard,E,0.2000,0.1000,0.3000,100.0291,99.8437,100.2375,0.3938
A5-CL,case_d,o3_rad_guard,E,0.2000,0.1000,0.3000,76.2253,76.0405,76.4328,0.3923
A5-CL,petg_d,o3_rad_guard,E,0.2000,0.1000,0.3000,55.0191,54.5266,55.8370,1.3104
A5-CL,bay_d,o3_rad_guard,E,0.2000,0.1000,0.3000,56.5635,56.6203,56.5037,0.1166
A5-CL,cell_d,o3_rad_guard,E,0.2000,0.1000,0.3000,51.9554,51.9618,51.9486,0.0132
A5-CL,main_d,o3_rad_guard,E,0.2000,0.1000,0.3000,50.9692,50.9774,50.9606,0.0168
A5-CL,fr4_d,o3_rad_guard,E,0.2000,0.1000,0.3000,60.4948,60.7420,60.2342,0.5078
A5-CL,cell30,o3_rad_guard,E,0.2000,0.1000,0.3000,49.1123,49.1148,49.1098,0.0050
A5-CL,main30,o3_rad_guard,E,0.2000,0.1000,0.3000,50.9789,50.9882,50.9691,0.0191
A5-CL,tj_300,o3_rad_guard,E,0.2000,0.1000,0.3000,108.7201,108.6652,108.7827,0.1176
A5-CL,tj_180,o3_rad_guard,E,0.2000,0.1000,0.3000,96.9138,96.8981,96.9317,0.0336
A5-CL,surf5,o3_rad_guard,E,0.2000,0.1000,0.3000,32.6410,31.9007,33.3561,1.4554
A5-CL,lm_ss,o3_rad_guard,E,0.2000,0.1000,0.3000,103.6851,103.4656,103.9309,0.4653
A5-CL,case_ss,o3_rad_guard,E,0.2000,0.1000,0.3000,107.4011,107.1828,107.6455,0.4627
A5-CL,tj_ss,o3_rad_guard,E,0.2000,0.1000,0.3000,127.6546,127.4363,127.8990,0.4627
A5-CL,duty,o3_rad_guard,E,0.2000,0.1000,0.3000,0.3500,0.3500,0.3500,0.0000
A5-CL,tj_pk,h_gapc,E,3.0000,1.5000,5.0000,100.0291,100.2144,99.7845,0.4300
A5-CL,case_d,h_gapc,E,3.0000,1.5000,5.0000,76.2253,76.4105,75.9807,0.4298
A5-CL,petg_d,h_gapc,E,3.0000,1.5000,5.0000,55.0191,55.0878,54.9285,0.1593
A5-CL,bay_d,h_gapc,E,3.0000,1.5000,5.0000,56.5635,56.5960,56.5239,0.0721
A5-CL,cell_d,h_gapc,E,3.0000,1.5000,5.0000,51.9554,51.9591,51.9509,0.0082
A5-CL,main_d,h_gapc,E,3.0000,1.5000,5.0000,50.9692,50.9739,50.9635,0.0104
A5-CL,fr4_d,h_gapc,E,3.0000,1.5000,5.0000,60.4948,60.6052,60.3628,0.2424
A5-CL,cell30,h_gapc,E,3.0000,1.5000,5.0000,49.1123,49.1087,49.1161,0.0074
A5-CL,main30,h_gapc,E,3.0000,1.5000,5.0000,50.9789,50.9696,50.9873,0.0178
A5-CL,tj_300,h_gapc,E,3.0000,1.5000,5.0000,108.7201,108.8621,108.5385,0.3237
A5-CL,tj_180,h_gapc,E,3.0000,1.5000,5.0000,96.9138,96.9847,96.8220,0.1626
A5-CL,surf5,h_gapc,E,3.0000,1.5000,5.0000,32.6410,32.6676,32.6068,0.0608
A5-CL,lm_ss,h_gapc,E,3.0000,1.5000,5.0000,103.6851,103.8311,103.4905,0.3406
A5-CL,case_ss,h_gapc,E,3.0000,1.5000,5.0000,107.4011,107.5471,107.2064,0.3407
A5-CL,tj_ss,h_gapc,E,3.0000,1.5000,5.0000,127.6546,127.8006,127.4599,0.3407
A5-CL,duty,h_gapc,E,3.0000,1.5000,5.0000,0.3500,0.3500,0.3500,0.0000
A5-CL,tj_pk,gap_share,E,0.5000,0.3000,0.7000,100.0291,100.1773,99.8820,0.2953
A5-CL,case_d,gap_share,E,0.5000,0.3000,0.7000,76.2253,76.3733,76.0782,0.2951
A5-CL,petg_d,gap_share,E,0.5000,0.3000,0.7000,55.0191,55.0740,54.9646,0.1094
A5-CL,bay_d,gap_share,E,0.5000,0.3000,0.7000,56.5635,56.5892,56.5393,0.0499
A5-CL,cell_d,gap_share,E,0.5000,0.3000,0.7000,51.9554,51.9583,51.9527,0.0057
A5-CL,main_d,gap_share,E,0.5000,0.3000,0.7000,50.9692,50.9729,50.9657,0.0072
A5-CL,fr4_d,gap_share,E,0.5000,0.3000,0.7000,60.4948,60.5821,60.4139,0.1682
A5-CL,cell30,gap_share,E,0.5000,0.3000,0.7000,49.1123,49.1095,49.1147,0.0052
A5-CL,main30,gap_share,E,0.5000,0.3000,0.7000,50.9789,50.9717,50.9844,0.0127
A5-CL,tj_300,gap_share,E,0.5000,0.3000,0.7000,108.7201,108.8333,108.6101,0.2232
A5-CL,tj_180,gap_share,E,0.5000,0.3000,0.7000,96.9138,96.9703,96.8584,0.1120
A5-CL,surf5,gap_share,E,0.5000,0.3000,0.7000,32.6410,32.6622,32.6203,0.0419
A5-CL,lm_ss,gap_share,E,0.5000,0.3000,0.7000,103.6851,103.8019,103.5683,0.2336
A5-CL,case_ss,gap_share,E,0.5000,0.3000,0.7000,107.4011,107.5179,107.2842,0.2337
A5-CL,tj_ss,gap_share,E,0.5000,0.3000,0.7000,127.6546,127.7714,127.5378,0.2337
A5-CL,duty,gap_share,E,0.5000,0.3000,0.7000,0.3500,0.3500,0.3500,0.0000
A5-CL,tj_pk,g_case_air,E,0.0030,0.0010,0.0060,100.0291,100.1811,99.8319,0.3491
A5-CL,case_d,g_case_air,E,0.0030,0.0010,0.0060,76.2253,76.3739,76.0329,0.3409
A5-CL,petg_d,g_case_air,E,0.0030,0.0010,0.0060,55.0191,55.0685,54.9552,0.1133
A5-CL,bay_d,g_case_air,E,0.0030,0.0010,0.0060,56.5635,56.3543,56.8323,0.4781
A5-CL,cell_d,g_case_air,E,0.0030,0.0010,0.0060,51.9554,51.9317,51.9859,0.0542
A5-CL,main_d,g_case_air,E,0.0030,0.0010,0.0060,50.9692,50.9391,51.0079,0.0689
A5-CL,fr4_d,g_case_air,E,0.0030,0.0010,0.0060,60.4948,59.5836,61.6648,2.0811
A5-CL,cell30,g_case_air,E,0.0030,0.0010,0.0060,49.1123,49.1045,49.1229,0.0183
A5-CL,main30,g_case_air,E,0.0030,0.0010,0.0060,50.9789,50.9486,51.0187,0.0701
A5-CL,tj_300,g_case_air,E,0.0030,0.0010,0.0060,108.7201,108.9101,108.4522,0.4579
A5-CL,tj_180,g_case_air,E,0.0030,0.0010,0.0060,96.9138,97.0260,96.7524,0.2736
A5-CL,surf5,g_case_air,E,0.0030,0.0010,0.0060,32.6410,32.6712,32.5978,0.0734
A5-CL,lm_ss,g_case_air,E,0.0030,0.0010,0.0060,103.6851,103.7951,103.5393,0.2558
A5-CL,case_ss,g_case_air,E,0.0030,0.0010,0.0060,107.4011,107.5430,107.2131,0.3299
A5-CL,tj_ss,g_case_air,E,0.0030,0.0010,0.0060,127.6546,127.7965,127.4666,0.3299
A5-CL,duty,g_case_air,E,0.0030,0.0010,0.0060,0.3500,0.3500,0.3500,0.0000
A5-CL,tj_pk,cd_vent,E,0.6000,0.4000,0.7000,100.0291,100.1050,100.0006,0.1044
A5-CL,case_d,cd_vent,E,0.6000,0.4000,0.7000,76.2253,76.3009,76.1968,0.1041
A5-CL,petg_d,cd_vent,E,0.6000,0.4000,0.7000,55.0191,55.8047,55.0087,0.7960
A5-CL,bay_d,cd_vent,E,0.6000,0.4000,0.7000,56.5635,58.4066,55.8661,2.5405
A5-CL,cell_d,cd_vent,E,0.6000,0.4000,0.7000,51.9554,52.2686,51.8307,0.4379
A5-CL,main_d,cd_vent,E,0.6000,0.4000,0.7000,50.9692,51.3673,50.8107,0.5567
A5-CL,fr4_d,cd_vent,E,0.6000,0.4000,0.7000,60.4948,61.6349,60.0655,1.5694
A5-CL,cell30,cd_vent,E,0.6000,0.4000,0.7000,49.1123,49.1812,49.0822,0.0991
A5-CL,main30,cd_vent,E,0.6000,0.4000,0.7000,50.9789,51.2662,50.8576,0.4086
A5-CL,tj_300,cd_vent,E,0.6000,0.4000,0.7000,108.7201,108.7215,108.7194,0.0021
A5-CL,tj_180,cd_vent,E,0.6000,0.4000,0.7000,96.9138,96.9140,96.9137,0.0003
A5-CL,surf5,cd_vent,E,0.6000,0.4000,0.7000,32.6410,32.6411,32.6409,0.0002
A5-CL,lm_ss,cd_vent,E,0.6000,0.4000,0.7000,103.6851,103.7536,103.6602,0.0934
A5-CL,case_ss,cd_vent,E,0.6000,0.4000,0.7000,107.4011,107.4729,107.3749,0.0981
A5-CL,tj_ss,cd_vent,E,0.6000,0.4000,0.7000,127.6546,127.7265,127.6284,0.0981
A5-CL,duty,cd_vent,E,0.6000,0.4000,0.7000,0.3500,0.3500,0.3500,0.0000
A5-CL,tj_pk,h_stack_bay,E,0.0350,0.0250,0.0450,100.0291,100.0600,100.0062,0.0538
A5-CL,case_d,h_stack_bay,E,0.0350,0.0250,0.0450,76.2253,76.2560,76.2024,0.0536
A5-CL,petg_d,h_stack_bay,E,0.0350,0.0250,0.0450,55.0191,55.0302,55.0108,0.0194
A5-CL,bay_d,h_stack_bay,E,0.0350,0.0250,0.0450,56.5635,57.3148,56.0051,1.3098
A5-CL,cell_d,h_stack_bay,E,0.0350,0.0250,0.0450,51.9554,52.0405,51.8921,0.1484
A5-CL,main_d,h_stack_bay,E,0.0350,0.0250,0.0450,50.9692,51.0774,50.8888,0.1887
A5-CL,fr4_d,h_stack_bay,E,0.0350,0.0250,0.0450,60.4948,60.9586,60.1510,0.8076
A5-CL,cell30,h_stack_bay,E,0.0350,0.0250,0.0450,49.1123,49.1311,49.0977,0.0335
A5-CL,main30,h_stack_bay,E,0.0350,0.0250,0.0450,50.9789,51.0599,50.9168,0.1431
A5-CL,tj_300,h_stack_bay,E,0.0350,0.0250,0.0450,108.7201,108.7207,108.7195,0.0012
A5-CL,tj_180,h_stack_bay,E,0.0350,0.0250,0.0450,96.9138,96.9139,96.9137,0.0002
A5-CL,surf5,h_stack_bay,E,0.0350,0.0250,0.0450,32.6410,32.6410,32.6409,0.0001
A5-CL,lm_ss,h_stack_bay,E,0.0350,0.0250,0.0450,103.6851,103.7125,103.6651,0.0474
A5-CL,case_ss,h_stack_bay,E,0.0350,0.0250,0.0450,107.4011,107.4298,107.3801,0.0498
A5-CL,tj_ss,h_stack_bay,E,0.0350,0.0250,0.0450,127.6546,127.6834,127.6336,0.0498
A5-CL,duty,h_stack_bay,E,0.0350,0.0250,0.0450,0.3500,0.3500,0.3500,0.0000
A5-CL,tj_pk,h_stack_main,E,0.0300,0.0200,0.0400,100.0291,100.0298,100.0286,0.0012
A5-CL,case_d,h_stack_main,E,0.0300,0.0200,0.0400,76.2253,76.2259,76.2247,0.0012
A5-CL,petg_d,h_stack_main,E,0.0300,0.0200,0.0400,55.0191,55.0193,55.0189,0.0004
A5-CL,bay_d,h_stack_main,E,0.0300,0.0200,0.0400,56.5635,56.5798,56.5502,0.0296
A5-CL,cell_d,h_stack_main,E,0.0300,0.0200,0.0400,51.9554,52.0105,51.9104,0.1001
A5-CL,main_d,h_stack_main,E,0.0300,0.0200,0.0400,50.9692,51.0392,50.9120,0.1272
A5-CL,fr4_d,h_stack_main,E,0.0300,0.0200,0.0400,60.4948,60.5048,60.4866,0.0182
A5-CL,cell30,h_stack_main,E,0.0300,0.0200,0.0400,49.1123,49.1260,49.1010,0.0250
A5-CL,main30,h_stack_main,E,0.0300,0.0200,0.0400,50.9789,51.0302,50.9365,0.0937
A5-CL,tj_300,h_stack_main,E,0.0300,0.0200,0.0400,108.7201,108.7201,108.7201,0.0000
A5-CL,tj_180,h_stack_main,E,0.0300,0.0200,0.0400,96.9138,96.9138,96.9138,0.0000
A5-CL,surf5,h_stack_main,E,0.0300,0.0200,0.0400,32.6410,32.6410,32.6410,0.0000
A5-CL,lm_ss,h_stack_main,E,0.0300,0.0200,0.0400,103.6851,103.6858,103.6846,0.0012
A5-CL,case_ss,h_stack_main,E,0.0300,0.0200,0.0400,107.4011,107.4017,107.4005,0.0012
A5-CL,tj_ss,h_stack_main,E,0.0300,0.0200,0.0400,127.6546,127.6553,127.6540,0.0012
A5-CL,duty,h_stack_main,E,0.0300,0.0200,0.0400,0.3500,0.3500,0.3500,0.0000
A5-CL,tj_pk,rho_air,D,1.1000,1.0700,1.1300,100.0291,100.0343,100.0241,0.0102
A5-CL,case_d,rho_air,D,1.1000,1.0700,1.1300,76.2253,76.2304,76.2203,0.0101
A5-CL,petg_d,rho_air,D,1.1000,1.0700,1.1300,55.0191,55.0209,55.0173,0.0037
A5-CL,bay_d,rho_air,D,1.1000,1.0700,1.1300,56.5635,56.6893,56.4413,0.2480
A5-CL,cell_d,rho_air,D,1.1000,1.0700,1.1300,51.9554,51.9775,51.9338,0.0437
A5-CL,main_d,rho_air,D,1.1000,1.0700,1.1300,50.9692,50.9973,50.9418,0.0555
A5-CL,fr4_d,rho_air,D,1.1000,1.0700,1.1300,60.4948,60.5723,60.4195,0.1529
A5-CL,cell30,rho_air,D,1.1000,1.0700,1.1300,49.1123,49.1175,49.1072,0.0103
A5-CL,main30,rho_air,D,1.1000,1.0700,1.1300,50.9789,50.9999,50.9581,0.0418
A5-CL,tj_300,rho_air,D,1.1000,1.0700,1.1300,108.7201,108.7202,108.7199,0.0002
A5-CL,tj_180,rho_air,D,1.1000,1.0700,1.1300,96.9138,96.9138,96.9138,0.0000
A5-CL,surf5,rho_air,D,1.1000,1.0700,1.1300,32.6410,32.6410,32.6410,0.0000
A5-CL,lm_ss,rho_air,D,1.1000,1.0700,1.1300,103.6851,103.6897,103.6807,0.0090
A5-CL,case_ss,rho_air,D,1.1000,1.0700,1.1300,107.4011,107.4058,107.3964,0.0094
A5-CL,tj_ss,rho_air,D,1.1000,1.0700,1.1300,127.6546,127.6594,127.6499,0.0094
A5-CL,duty,rho_air,D,1.1000,1.0700,1.1300,0.3500,0.3500,0.3500,0.0000
A5-CL,tj_pk,cp_air,D,1007.0000,1005.0000,1009.0000,100.0291,100.0295,100.0288,0.0007
A5-CL,case_d,cp_air,D,1007.0000,1005.0000,1009.0000,76.2253,76.2256,76.2249,0.0007
A5-CL,petg_d,cp_air,D,1007.0000,1005.0000,1009.0000,55.0191,55.0192,55.0189,0.0003
A5-CL,bay_d,cp_air,D,1007.0000,1005.0000,1009.0000,56.5635,56.5726,56.5545,0.0181
A5-CL,cell_d,cp_air,D,1007.0000,1005.0000,1009.0000,51.9554,51.9570,51.9538,0.0032
A5-CL,main_d,cp_air,D,1007.0000,1005.0000,1009.0000,50.9692,50.9712,50.9672,0.0040
A5-CL,fr4_d,cp_air,D,1007.0000,1005.0000,1009.0000,60.4948,60.5004,60.4892,0.0111
A5-CL,cell30,cp_air,D,1007.0000,1005.0000,1009.0000,49.1123,49.1127,49.1120,0.0007
A5-CL,main30,cp_air,D,1007.0000,1005.0000,1009.0000,50.9789,50.9804,50.9773,0.0030
A5-CL,tj_300,cp_air,D,1007.0000,1005.0000,1009.0000,108.7201,108.7201,108.7200,0.0000
A5-CL,tj_180,cp_air,D,1007.0000,1005.0000,1009.0000,96.9138,96.9138,96.9138,0.0000
A5-CL,surf5,cp_air,D,1007.0000,1005.0000,1009.0000,32.6410,32.6410,32.6410,0.0000
A5-CL,lm_ss,cp_air,D,1007.0000,1005.0000,1009.0000,103.6851,103.6855,103.6848,0.0007
A5-CL,case_ss,cp_air,D,1007.0000,1005.0000,1009.0000,107.4011,107.4014,107.4007,0.0007
A5-CL,tj_ss,cp_air,D,1007.0000,1005.0000,1009.0000,127.6546,127.6549,127.6542,0.0007
A5-CL,duty,cp_air,D,1007.0000,1005.0000,1009.0000,0.3500,0.3500,0.3500,0.0000
A5-CL,tj_pk,cp_al,D,896.0000,880.0000,910.0000,100.0291,100.0334,100.0256,0.0078
A5-CL,case_d,cp_al,D,896.0000,880.0000,910.0000,76.2253,76.2253,76.2253,0.0000
A5-CL,petg_d,cp_al,D,896.0000,880.0000,910.0000,55.0191,55.0191,55.0191,0.0000
A5-CL,bay_d,cp_al,D,896.0000,880.0000,910.0000,56.5635,56.5635,56.5635,0.0000
A5-CL,cell_d,cp_al,D,896.0000,880.0000,910.0000,51.9554,51.9554,51.9554,0.0000
A5-CL,main_d,cp_al,D,896.0000,880.0000,910.0000,50.9692,50.9692,50.9692,0.0000
A5-CL,fr4_d,cp_al,D,896.0000,880.0000,910.0000,60.4948,60.4948,60.4948,0.0000
A5-CL,cell30,cp_al,D,896.0000,880.0000,910.0000,49.1123,49.1127,49.1120,0.0007
A5-CL,main30,cp_al,D,896.0000,880.0000,910.0000,50.9789,50.9798,50.9780,0.0018
A5-CL,tj_300,cp_al,D,896.0000,880.0000,910.0000,108.7201,109.1013,108.3912,0.7101
A5-CL,tj_180,cp_al,D,896.0000,880.0000,910.0000,96.9138,97.2515,96.6247,0.6268
A5-CL,surf5,cp_al,D,896.0000,880.0000,910.0000,32.6410,32.7400,32.5562,0.1839
A5-CL,lm_ss,cp_al,D,896.0000,880.0000,910.0000,103.6851,103.6851,103.6851,0.0000
A5-CL,case_ss,cp_al,D,896.0000,880.0000,910.0000,107.4011,107.4011,107.4011,0.0000
A5-CL,tj_ss,cp_al,D,896.0000,880.0000,910.0000,127.6546,127.6546,127.6546,0.0000
A5-CL,duty,cp_al,D,896.0000,880.0000,910.0000,0.3500,0.3500,0.3500,0.0000
A5-CL,tj_pk,rho_petg,E,1270.0000,1230.0000,1290.0000,100.0291,100.0291,100.0292,0.0001
A5-CL,case_d,rho_petg,E,1270.0000,1230.0000,1290.0000,76.2253,76.2253,76.2253,0.0000
A5-CL,petg_d,rho_petg,E,1270.0000,1230.0000,1290.0000,55.0191,55.0191,55.0191,0.0000
A5-CL,bay_d,rho_petg,E,1270.0000,1230.0000,1290.0000,56.5635,56.5635,56.5635,0.0000
A5-CL,cell_d,rho_petg,E,1270.0000,1230.0000,1290.0000,51.9554,51.9554,51.9554,0.0000
A5-CL,main_d,rho_petg,E,1270.0000,1230.0000,1290.0000,50.9692,50.9692,50.9692,0.0000
A5-CL,fr4_d,rho_petg,E,1270.0000,1230.0000,1290.0000,60.4948,60.4948,60.4948,0.0000
A5-CL,cell30,rho_petg,E,1270.0000,1230.0000,1290.0000,49.1123,49.1198,49.1086,0.0112
A5-CL,main30,rho_petg,E,1270.0000,1230.0000,1290.0000,50.9789,50.9898,50.9734,0.0164
A5-CL,tj_300,rho_petg,E,1270.0000,1230.0000,1290.0000,108.7201,108.7270,108.7167,0.0103
A5-CL,tj_180,rho_petg,E,1270.0000,1230.0000,1290.0000,96.9138,96.9162,96.9126,0.0036
A5-CL,surf5,rho_petg,E,1270.0000,1230.0000,1290.0000,32.6410,32.7681,32.5787,0.1894
A5-CL,lm_ss,rho_petg,E,1270.0000,1230.0000,1290.0000,103.6851,103.6851,103.6851,0.0000
A5-CL,case_ss,rho_petg,E,1270.0000,1230.0000,1290.0000,107.4011,107.4011,107.4011,0.0000
A5-CL,tj_ss,rho_petg,E,1270.0000,1230.0000,1290.0000,127.6546,127.6546,127.6546,0.0000
A5-CL,duty,rho_petg,E,1270.0000,1230.0000,1290.0000,0.3500,0.3500,0.3500,0.0000
A5-CL,tj_pk,cp_petg,E,1200.0000,1100.0000,1300.0000,100.0291,100.0290,100.0293,0.0003
A5-CL,case_d,cp_petg,E,1200.0000,1100.0000,1300.0000,76.2253,76.2253,76.2253,0.0000
A5-CL,petg_d,cp_petg,E,1200.0000,1100.0000,1300.0000,55.0191,55.0191,55.0191,0.0000
A5-CL,bay_d,cp_petg,E,1200.0000,1100.0000,1300.0000,56.5635,56.5635,56.5635,0.0000
A5-CL,cell_d,cp_petg,E,1200.0000,1100.0000,1300.0000,51.9554,51.9554,51.9554,0.0000
A5-CL,main_d,cp_petg,E,1200.0000,1100.0000,1300.0000,50.9692,50.9692,50.9692,0.0000
A5-CL,fr4_d,cp_petg,E,1200.0000,1100.0000,1300.0000,60.4948,60.4948,60.4948,0.0000
A5-CL,cell30,cp_petg,E,1200.0000,1100.0000,1300.0000,49.1123,49.1322,49.0929,0.0394
A5-CL,main30,cp_petg,E,1200.0000,1100.0000,1300.0000,50.9789,51.0076,50.9496,0.0580
A5-CL,tj_300,cp_petg,E,1200.0000,1100.0000,1300.0000,108.7201,108.7390,108.7028,0.0361
A5-CL,tj_180,cp_petg,E,1200.0000,1100.0000,1300.0000,96.9138,96.9205,96.9078,0.0126
A5-CL,surf5,cp_petg,E,1200.0000,1100.0000,1300.0000,32.6410,32.9852,32.3212,0.6639
A5-CL,lm_ss,cp_petg,E,1200.0000,1100.0000,1300.0000,103.6851,103.6851,103.6851,0.0000
A5-CL,case_ss,cp_petg,E,1200.0000,1100.0000,1300.0000,107.4011,107.4011,107.4011,0.0000
A5-CL,tj_ss,cp_petg,E,1200.0000,1100.0000,1300.0000,127.6546,127.6546,127.6546,0.0000
A5-CL,duty,cp_petg,E,1200.0000,1100.0000,1300.0000,0.3500,0.3500,0.3500,0.0000
A5-CL,tj_pk,rho_fr4,E,1850.0000,1800.0000,1900.0000,100.0291,100.0291,100.0291,0.0000
A5-CL,case_d,rho_fr4,E,1850.0000,1800.0000,1900.0000,76.2253,76.2253,76.2253,0.0000
A5-CL,petg_d,rho_fr4,E,1850.0000,1800.0000,1900.0000,55.0191,55.0191,55.0191,0.0000
A5-CL,bay_d,rho_fr4,E,1850.0000,1800.0000,1900.0000,56.5635,56.5635,56.5635,0.0000
A5-CL,cell_d,rho_fr4,E,1850.0000,1800.0000,1900.0000,51.9554,51.9554,51.9554,0.0000
A5-CL,main_d,rho_fr4,E,1850.0000,1800.0000,1900.0000,50.9692,50.9692,50.9692,0.0000
A5-CL,fr4_d,rho_fr4,E,1850.0000,1800.0000,1900.0000,60.4948,60.4948,60.4948,0.0000
A5-CL,cell30,rho_fr4,E,1850.0000,1800.0000,1900.0000,49.1123,49.1131,49.1116,0.0015
A5-CL,main30,rho_fr4,E,1850.0000,1800.0000,1900.0000,50.9789,50.9808,50.9769,0.0038
A5-CL,tj_300,rho_fr4,E,1850.0000,1800.0000,1900.0000,108.7201,108.7234,108.7169,0.0065
A5-CL,tj_180,rho_fr4,E,1850.0000,1800.0000,1900.0000,96.9138,96.9149,96.9127,0.0022
A5-CL,surf5,rho_fr4,E,1850.0000,1800.0000,1900.0000,32.6410,32.6415,32.6405,0.0009
A5-CL,lm_ss,rho_fr4,E,1850.0000,1800.0000,1900.0000,103.6851,103.6851,103.6851,0.0000
A5-CL,case_ss,rho_fr4,E,1850.0000,1800.0000,1900.0000,107.4011,107.4011,107.4011,0.0000
A5-CL,tj_ss,rho_fr4,E,1850.0000,1800.0000,1900.0000,127.6546,127.6546,127.6546,0.0000
A5-CL,duty,rho_fr4,E,1850.0000,1800.0000,1900.0000,0.3500,0.3500,0.3500,0.0000
A5-CL,tj_pk,cp_fr4,E,1100.0000,1000.0000,1200.0000,100.0291,100.0291,100.0292,0.0001
A5-CL,case_d,cp_fr4,E,1100.0000,1000.0000,1200.0000,76.2253,76.2253,76.2253,0.0000
A5-CL,petg_d,cp_fr4,E,1100.0000,1000.0000,1200.0000,55.0191,55.0191,55.0191,0.0000
A5-CL,bay_d,cp_fr4,E,1100.0000,1000.0000,1200.0000,56.5635,56.5635,56.5635,0.0000
A5-CL,cell_d,cp_fr4,E,1100.0000,1000.0000,1200.0000,51.9554,51.9554,51.9554,0.0000
A5-CL,main_d,cp_fr4,E,1100.0000,1000.0000,1200.0000,50.9692,50.9692,50.9692,0.0000
A5-CL,fr4_d,cp_fr4,E,1100.0000,1000.0000,1200.0000,60.4948,60.4948,60.4948,0.0000
A5-CL,cell30,cp_fr4,E,1100.0000,1000.0000,1200.0000,49.1123,49.1149,49.1099,0.0050
A5-CL,main30,cp_fr4,E,1100.0000,1000.0000,1200.0000,50.9789,50.9852,50.9724,0.0128
A5-CL,tj_300,cp_fr4,E,1100.0000,1000.0000,1200.0000,108.7201,108.7317,108.7098,0.0219
A5-CL,tj_180,cp_fr4,E,1100.0000,1000.0000,1200.0000,96.9138,96.9179,96.9103,0.0076
A5-CL,surf5,cp_fr4,E,1100.0000,1000.0000,1200.0000,32.6410,32.6427,32.6395,0.0032
A5-CL,lm_ss,cp_fr4,E,1100.0000,1000.0000,1200.0000,103.6851,103.6851,103.6851,0.0000
A5-CL,case_ss,cp_fr4,E,1100.0000,1000.0000,1200.0000,107.4011,107.4011,107.4011,0.0000
A5-CL,tj_ss,cp_fr4,E,1100.0000,1000.0000,1200.0000,127.6546,127.6546,127.6546,0.0000
A5-CL,duty,cp_fr4,E,1100.0000,1000.0000,1200.0000,0.3500,0.3500,0.3500,0.0000
A5-CL,tj_pk,c_bay,E,25.0000,15.0000,40.0000,100.0291,100.0290,100.0291,0.0001
A5-CL,case_d,c_bay,E,25.0000,15.0000,40.0000,76.2253,76.2253,76.2253,0.0000
A5-CL,petg_d,c_bay,E,25.0000,15.0000,40.0000,55.0191,55.0191,55.0191,0.0000
A5-CL,bay_d,c_bay,E,25.0000,15.0000,40.0000,56.5635,56.5635,56.5635,0.0000
A5-CL,cell_d,c_bay,E,25.0000,15.0000,40.0000,51.9554,51.9554,51.9554,0.0000
A5-CL,main_d,c_bay,E,25.0000,15.0000,40.0000,50.9692,50.9692,50.9692,0.0000
A5-CL,fr4_d,c_bay,E,25.0000,15.0000,40.0000,60.4948,60.4948,60.4948,0.0000
A5-CL,cell30,c_bay,E,25.0000,15.0000,40.0000,49.1123,49.1548,49.0555,0.0993
A5-CL,main30,c_bay,E,25.0000,15.0000,40.0000,50.9789,51.0403,50.8705,0.1698
A5-CL,tj_300,c_bay,E,25.0000,15.0000,40.0000,108.7201,108.7432,108.7020,0.0412
A5-CL,tj_180,c_bay,E,25.0000,15.0000,40.0000,96.9138,96.9225,96.9078,0.0146
A5-CL,surf5,c_bay,E,25.0000,15.0000,40.0000,32.6410,32.6442,32.6387,0.0055
A5-CL,lm_ss,c_bay,E,25.0000,15.0000,40.0000,103.6851,103.6851,103.6851,0.0000
A5-CL,case_ss,c_bay,E,25.0000,15.0000,40.0000,107.4011,107.4011,107.4011,0.0000
A5-CL,tj_ss,c_bay,E,25.0000,15.0000,40.0000,127.6546,127.6546,127.6546,0.0000
A5-CL,duty,c_bay,E,25.0000,15.0000,40.0000,0.3500,0.3500,0.3500,0.0000
A5-CL,tj_pk,c_main,E,60.0000,40.0000,90.0000,100.0291,100.0291,100.0291,0.0000
A5-CL,case_d,c_main,E,60.0000,40.0000,90.0000,76.2253,76.2253,76.2253,0.0000
A5-CL,petg_d,c_main,E,60.0000,40.0000,90.0000,55.0191,55.0191,55.0191,0.0000
A5-CL,bay_d,c_main,E,60.0000,40.0000,90.0000,56.5635,56.5635,56.5635,0.0000
A5-CL,cell_d,c_main,E,60.0000,40.0000,90.0000,51.9554,51.9554,51.9554,0.0000
A5-CL,main_d,c_main,E,60.0000,40.0000,90.0000,50.9692,50.9692,50.9692,0.0000
A5-CL,fr4_d,c_main,E,60.0000,40.0000,90.0000,60.4948,60.4948,60.4948,0.0000
A5-CL,cell30,c_main,E,60.0000,40.0000,90.0000,49.1123,49.2705,48.8939,0.3766
A5-CL,main30,c_main,E,60.0000,40.0000,90.0000,50.9789,51.1609,50.6561,0.5048
A5-CL,tj_300,c_main,E,60.0000,40.0000,90.0000,108.7201,108.7204,108.7198,0.0006
A5-CL,tj_180,c_main,E,60.0000,40.0000,90.0000,96.9138,96.9139,96.9137,0.0001
A5-CL,surf5,c_main,E,60.0000,40.0000,90.0000,32.6410,32.6410,32.6410,0.0001
A5-CL,lm_ss,c_main,E,60.0000,40.0000,90.0000,103.6851,103.6851,103.6851,0.0000
A5-CL,case_ss,c_main,E,60.0000,40.0000,90.0000,107.4011,107.4011,107.4011,0.0000
A5-CL,tj_ss,c_main,E,60.0000,40.0000,90.0000,127.6546,127.6546,127.6546,0.0000
A5-CL,duty,c_main,E,60.0000,40.0000,90.0000,0.3500,0.3500,0.3500,0.0000
A5-CL,tj_pk,c_case_a5,E,3.0000,2.0000,4.5000,100.0291,100.1489,99.8430,0.3059
A5-CL,case_d,c_case_a5,E,3.0000,2.0000,4.5000,76.2253,76.2253,76.2253,0.0000
A5-CL,petg_d,c_case_a5,E,3.0000,2.0000,4.5000,55.0191,55.0191,55.0191,0.0000
A5-CL,bay_d,c_case_a5,E,3.0000,2.0000,4.5000,56.5635,56.5635,56.5635,0.0000
A5-CL,cell_d,c_case_a5,E,3.0000,2.0000,4.5000,51.9554,51.9554,51.9554,0.0000
A5-CL,main_d,c_case_a5,E,3.0000,2.0000,4.5000,50.9692,50.9692,50.9692,0.0000
A5-CL,fr4_d,c_case_a5,E,3.0000,2.0000,4.5000,60.4948,60.4948,60.4948,0.0000
A5-CL,cell30,c_case_a5,E,3.0000,2.0000,4.5000,49.1123,49.1128,49.1117,0.0011
A5-CL,main30,c_case_a5,E,3.0000,2.0000,4.5000,50.9789,50.9800,50.9772,0.0028
A5-CL,tj_300,c_case_a5,E,3.0000,2.0000,4.5000,108.7201,109.2150,107.9909,1.2241
A5-CL,tj_180,c_case_a5,E,3.0000,2.0000,4.5000,96.9138,97.3962,96.2121,1.1841
A5-CL,surf5,c_case_a5,E,3.0000,2.0000,4.5000,32.6410,32.7645,32.4618,0.3026
A5-CL,lm_ss,c_case_a5,E,3.0000,2.0000,4.5000,103.6851,103.6851,103.6851,0.0000
A5-CL,case_ss,c_case_a5,E,3.0000,2.0000,4.5000,107.4011,107.4011,107.4011,0.0000
A5-CL,tj_ss,c_case_a5,E,3.0000,2.0000,4.5000,127.6546,127.6546,127.6546,0.0000
A5-CL,duty,c_case_a5,E,3.0000,2.0000,4.5000,0.3500,0.3500,0.3500,0.0000
A5-CL,tj_pk,c_j2,E,0.2000,0.1000,0.4000,100.0291,100.0932,99.8906,0.2026
A5-CL,case_d,c_j2,E,0.2000,0.1000,0.4000,76.2253,76.2253,76.2253,0.0000
A5-CL,petg_d,c_j2,E,0.2000,0.1000,0.4000,55.0191,55.0191,55.0191,0.0000
A5-CL,bay_d,c_j2,E,0.2000,0.1000,0.4000,56.5635,56.5635,56.5635,0.0000
A5-CL,cell_d,c_j2,E,0.2000,0.1000,0.4000,51.9554,51.9554,51.9554,0.0000
A5-CL,main_d,c_j2,E,0.2000,0.1000,0.4000,50.9692,50.9692,50.9692,0.0000
A5-CL,fr4_d,c_j2,E,0.2000,0.1000,0.4000,60.4948,60.4948,60.4948,0.0000
A5-CL,cell30,c_j2,E,0.2000,0.1000,0.4000,49.1123,49.1124,49.1122,0.0002
A5-CL,main30,c_j2,E,0.2000,0.1000,0.4000,50.9789,50.9790,50.9786,0.0004
A5-CL,tj_300,c_j2,E,0.2000,0.1000,0.4000,108.7201,108.8038,108.5525,0.2513
A5-CL,tj_180,c_j2,E,0.2000,0.1000,0.4000,96.9138,97.0123,96.7171,0.2952
A5-CL,surf5,c_j2,E,0.2000,0.1000,0.4000,32.6410,32.6596,32.6040,0.0556
A5-CL,lm_ss,c_j2,E,0.2000,0.1000,0.4000,103.6851,103.6851,103.6851,0.0000
A5-CL,case_ss,c_j2,E,0.2000,0.1000,0.4000,107.4011,107.4011,107.4011,0.0000
A5-CL,tj_ss,c_j2,E,0.2000,0.1000,0.4000,127.6546,127.6546,127.6546,0.0000
A5-CL,duty,c_j2,E,0.2000,0.1000,0.4000,0.3500,0.3500,0.3500,0.0000
A5-CL,tj_pk,c_j1,E,0.1000,0.0500,0.2000,100.0291,100.0392,100.0079,0.0313
A5-CL,case_d,c_j1,E,0.1000,0.0500,0.2000,76.2253,76.2253,76.2253,0.0000
A5-CL,petg_d,c_j1,E,0.1000,0.0500,0.2000,55.0191,55.0191,55.0191,0.0000
A5-CL,bay_d,c_j1,E,0.1000,0.0500,0.2000,56.5635,56.5635,56.5635,0.0000
A5-CL,cell_d,c_j1,E,0.1000,0.0500,0.2000,51.9554,51.9554,51.9554,0.0000
A5-CL,main_d,c_j1,E,0.1000,0.0500,0.2000,50.9692,50.9692,50.9692,0.0000
A5-CL,fr4_d,c_j1,E,0.1000,0.0500,0.2000,60.4948,60.4948,60.4948,0.0000
A5-CL,cell30,c_j1,E,0.1000,0.0500,0.2000,49.1123,49.1124,49.1123,0.0001
A5-CL,main30,c_j1,E,0.1000,0.0500,0.2000,50.9789,50.9789,50.9787,0.0002
A5-CL,tj_300,c_j1,E,0.1000,0.0500,0.2000,108.7201,108.7472,108.6659,0.0813
A5-CL,tj_180,c_j1,E,0.1000,0.0500,0.2000,96.9138,96.9413,96.8588,0.0825
A5-CL,surf5,c_j1,E,0.1000,0.0500,0.2000,32.6410,32.6481,32.6267,0.0214
A5-CL,lm_ss,c_j1,E,0.1000,0.0500,0.2000,103.6851,103.6851,103.6851,0.0000
A5-CL,case_ss,c_j1,E,0.1000,0.0500,0.2000,107.4011,107.4011,107.4011,0.0000
A5-CL,tj_ss,c_j1,E,0.1000,0.0500,0.2000,127.6546,127.6546,127.6546,0.0000
A5-CL,duty,c_j1,E,0.1000,0.0500,0.2000,0.3500,0.3500,0.3500,0.0000
A5-CL,tj_pk,c_j_a4,E,0.0500,0.0200,0.1000,100.0291,100.0291,100.0291,0.0000
A5-CL,case_d,c_j_a4,E,0.0500,0.0200,0.1000,76.2253,76.2253,76.2253,0.0000
A5-CL,petg_d,c_j_a4,E,0.0500,0.0200,0.1000,55.0191,55.0191,55.0191,0.0000
A5-CL,bay_d,c_j_a4,E,0.0500,0.0200,0.1000,56.5635,56.5635,56.5635,0.0000
A5-CL,cell_d,c_j_a4,E,0.0500,0.0200,0.1000,51.9554,51.9554,51.9554,0.0000
A5-CL,main_d,c_j_a4,E,0.0500,0.0200,0.1000,50.9692,50.9692,50.9692,0.0000
A5-CL,fr4_d,c_j_a4,E,0.0500,0.0200,0.1000,60.4948,60.4948,60.4948,0.0000
A5-CL,cell30,c_j_a4,E,0.0500,0.0200,0.1000,49.1123,49.1123,49.1123,0.0000
A5-CL,main30,c_j_a4,E,0.0500,0.0200,0.1000,50.9789,50.9789,50.9789,0.0000
A5-CL,tj_300,c_j_a4,E,0.0500,0.0200,0.1000,108.7201,108.7201,108.7201,0.0000
A5-CL,tj_180,c_j_a4,E,0.0500,0.0200,0.1000,96.9138,96.9138,96.9138,0.0000
A5-CL,surf5,c_j_a4,E,0.0500,0.0200,0.1000,32.6410,32.6410,32.6410,0.0000
A5-CL,lm_ss,c_j_a4,E,0.0500,0.0200,0.1000,103.6851,103.6851,103.6851,0.0000
A5-CL,case_ss,c_j_a4,E,0.0500,0.0200,0.1000,107.4011,107.4011,107.4011,0.0000
A5-CL,tj_ss,c_j_a4,E,0.0500,0.0200,0.1000,127.6546,127.6546,127.6546,0.0000
A5-CL,duty,c_j_a4,E,0.0500,0.0200,0.1000,0.3500,0.3500,0.3500,0.0000
A5-CL,tj_pk,c_case_a4,E,1.0000,0.6000,1.6000,100.0291,100.0291,100.0291,0.0000
A5-CL,case_d,c_case_a4,E,1.0000,0.6000,1.6000,76.2253,76.2253,76.2253,0.0000
A5-CL,petg_d,c_case_a4,E,1.0000,0.6000,1.6000,55.0191,55.0191,55.0191,0.0000
A5-CL,bay_d,c_case_a4,E,1.0000,0.6000,1.6000,56.5635,56.5635,56.5635,0.0000
A5-CL,cell_d,c_case_a4,E,1.0000,0.6000,1.6000,51.9554,51.9554,51.9554,0.0000
A5-CL,main_d,c_case_a4,E,1.0000,0.6000,1.6000,50.9692,50.9692,50.9692,0.0000
A5-CL,fr4_d,c_case_a4,E,1.0000,0.6000,1.6000,60.4948,60.4948,60.4948,0.0000
A5-CL,cell30,c_case_a4,E,1.0000,0.6000,1.6000,49.1123,49.1123,49.1123,0.0000
A5-CL,main30,c_case_a4,E,1.0000,0.6000,1.6000,50.9789,50.9789,50.9789,0.0000
A5-CL,tj_300,c_case_a4,E,1.0000,0.6000,1.6000,108.7201,108.7201,108.7201,0.0000
A5-CL,tj_180,c_case_a4,E,1.0000,0.6000,1.6000,96.9138,96.9138,96.9138,0.0000
A5-CL,surf5,c_case_a4,E,1.0000,0.6000,1.6000,32.6410,32.6410,32.6410,0.0000
A5-CL,lm_ss,c_case_a4,E,1.0000,0.6000,1.6000,103.6851,103.6851,103.6851,0.0000
A5-CL,case_ss,c_case_a4,E,1.0000,0.6000,1.6000,107.4011,107.4011,107.4011,0.0000
A5-CL,tj_ss,c_case_a4,E,1.0000,0.6000,1.6000,127.6546,127.6546,127.6546,0.0000
A5-CL,duty,c_case_a4,E,1.0000,0.6000,1.6000,0.3500,0.3500,0.3500,0.0000
A5-CL,tj_pk,r_lm_if,E,0.6000,0.4000,1.0000,100.0291,100.0281,100.0308,0.0026
A5-CL,case_d,r_lm_if,E,0.6000,0.4000,1.0000,76.2253,76.2253,76.2253,0.0000
A5-CL,petg_d,r_lm_if,E,0.6000,0.4000,1.0000,55.0191,55.0191,55.0191,0.0000
A5-CL,bay_d,r_lm_if,E,0.6000,0.4000,1.0000,56.5635,56.5635,56.5635,0.0000
A5-CL,cell_d,r_lm_if,E,0.6000,0.4000,1.0000,51.9554,51.9554,51.9554,0.0000
A5-CL,main_d,r_lm_if,E,0.6000,0.4000,1.0000,50.9692,50.9692,50.9692,0.0000
A5-CL,fr4_d,r_lm_if,E,0.6000,0.4000,1.0000,60.4948,60.4948,60.4948,0.0000
A5-CL,cell30,r_lm_if,E,0.6000,0.4000,1.0000,49.1123,49.1123,49.1123,0.0000
A5-CL,main30,r_lm_if,E,0.6000,0.4000,1.0000,50.9789,50.9789,50.9788,0.0000
A5-CL,tj_300,r_lm_if,E,0.6000,0.4000,1.0000,108.7201,108.7221,108.7160,0.0060
A5-CL,tj_180,r_lm_if,E,0.6000,0.4000,1.0000,96.9138,96.9161,96.9092,0.0069
A5-CL,surf5,r_lm_if,E,0.6000,0.4000,1.0000,32.6410,32.6417,32.6396,0.0020
A5-CL,lm_ss,r_lm_if,E,0.6000,0.4000,1.0000,103.6851,103.5399,103.9755,0.4356
A5-CL,case_ss,r_lm_if,E,0.6000,0.4000,1.0000,107.4011,107.4011,107.4011,0.0000
A5-CL,tj_ss,r_lm_if,E,0.6000,0.4000,1.0000,127.6546,127.6546,127.6546,0.0000
A5-CL,duty,r_lm_if,E,0.6000,0.4000,1.0000,0.3500,0.3500,0.3500,0.0000
A5-CL,tj_pk,c_lm,E,2.0000,1.5000,3.0000,100.0291,100.0267,100.0348,0.0080
A5-CL,case_d,c_lm,E,2.0000,1.5000,3.0000,76.2253,76.2253,76.2253,0.0000
A5-CL,petg_d,c_lm,E,2.0000,1.5000,3.0000,55.0191,55.0191,55.0191,0.0000
A5-CL,bay_d,c_lm,E,2.0000,1.5000,3.0000,56.5635,56.5635,56.5635,0.0000
A5-CL,cell_d,c_lm,E,2.0000,1.5000,3.0000,51.9554,51.9554,51.9554,0.0000
A5-CL,main_d,c_lm,E,2.0000,1.5000,3.0000,50.9692,50.9692,50.9692,0.0000
A5-CL,fr4_d,c_lm,E,2.0000,1.5000,3.0000,60.4948,60.4948,60.4948,0.0000
A5-CL,cell30,c_lm,E,2.0000,1.5000,3.0000,49.1123,49.1125,49.1119,0.0006
A5-CL,main30,c_lm,E,2.0000,1.5000,3.0000,50.9789,50.9794,50.9778,0.0016
A5-CL,tj_300,c_lm,E,2.0000,1.5000,3.0000,108.7201,108.9323,108.3016,0.6307
A5-CL,tj_180,c_lm,E,2.0000,1.5000,3.0000,96.9138,97.1014,96.5485,0.5529
A5-CL,surf5,c_lm,E,2.0000,1.5000,3.0000,32.6410,32.6960,32.5337,0.1623
A5-CL,lm_ss,c_lm,E,2.0000,1.5000,3.0000,103.6851,103.6851,103.6851,0.0000
A5-CL,case_ss,c_lm,E,2.0000,1.5000,3.0000,107.4011,107.4011,107.4011,0.0000
A5-CL,tj_ss,c_lm,E,2.0000,1.5000,3.0000,127.6546,127.6546,127.6546,0.0000
A5-CL,duty,c_lm,E,2.0000,1.5000,3.0000,0.3500,0.3500,0.3500,0.0000
