LTspice 26.0.2 for MacOS
Circuit: /private/var/folders/7r/frnl9vtn153bhbn6cgk07_2m0000gn/T/cwht-lts.ZQ5RJr/power_a5_step.cir
Start Time: Tue Sep 29 20:21:16 2026
solver = Normal
Maximum thread count: 14
tnom = 27
temp = 27
method = trap
.step idx=0
.step idx=1
.step idx=2
.step idx=3
.step idx=4
.step idx=5
.step idx=6
.step idx=7
.step idx=8
.step idx=9
.step idx=10
.step idx=11
.step idx=12
.step idx=13
.step idx=14
.step idx=15
.step idx=16
.step idx=17
.step idx=18
.step idx=19
.step idx=20
.step idx=21
.step idx=22
.step idx=23
.step idx=24
.step idx=25
.step idx=26
.step idx=27
.step idx=28
.step idx=29
.step idx=30
.step idx=31
.step idx=32
.step idx=33
.step idx=34
.step idx=35
.step idx=36
.step idx=37
.step idx=38
.step idx=39
.step idx=40
.step idx=41
.step idx=42
.step idx=43
.step idx=44
.step idx=45
.step idx=46
.step idx=47
.step idx=48
.step idx=49
.step idx=50
.step idx=51
.step idx=52
.step idx=53
.step idx=54
.step idx=55
.step idx=56
.step idx=57
.step idx=58
.step idx=59
.step idx=60
.step idx=61
.step idx=62
.step idx=63
.step idx=64
.step idx=65
.step idx=66
.step idx=67
.step idx=68
.step idx=69
.step idx=70
.step idx=71
.step idx=72
.step idx=73
.step idx=74
.step idx=75
.step idx=76
.step idx=77
.step idx=78
.step idx=79
.step idx=80
.step idx=81
.step idx=82
.step idx=83
.step idx=84
.step idx=85
.step idx=86
.step idx=87
.step idx=88
.step idx=89
.step idx=90
.step idx=91
.step idx=92
.step idx=93
.step idx=94
.step idx=95
.step idx=96
.step idx=97
.step idx=98
.step idx=99
.step idx=100
.step idx=101
.step idx=102
.step idx=103
.step idx=104
.step idx=105
.step idx=106
.step idx=107
.step idx=108
.step idx=109
.step idx=110
.step idx=111
.step idx=112
.step idx=113
.step idx=114
.step idx=115
.step idx=116
.step idx=117
.step idx=118
.step idx=119
.step idx=120
.step idx=121
.step idx=122
.step idx=123
.step idx=124
.step idx=125
.step idx=126
.step idx=127
.step idx=128
.step idx=129
.step idx=130
.step idx=131
.step idx=132
.step idx=133
.step idx=134
.step idx=135
.step idx=136
.step idx=137
.step idx=138
.step idx=139
.step idx=140
.step idx=141
.step idx=142
.step idx=143
.step idx=144
.step idx=145
.step idx=146
.step idx=147
.step idx=148
.step idx=149
.step idx=150
.step idx=151
.step idx=152
.step idx=153
.step idx=154
.step idx=155
.step idx=156
.step idx=157
.step idx=158
.step idx=159
.step idx=160
.step idx=161
.step idx=162
.step idx=163
.step idx=164
.step idx=165
.step idx=166
.step idx=167
.step idx=168
.step idx=169
.step idx=170
.step idx=171
.step idx=172
.step idx=173
.step idx=174
.step idx=175
.step idx=176
.step idx=177
.step idx=178
.step idx=179
.step idx=180
.step idx=181
.step idx=182
.step idx=183
.step idx=184
.step idx=185
.step idx=186
.step idx=187
.step idx=188
.step idx=189
.step idx=190
.step idx=191
.step idx=192
.step idx=193
.step idx=194
.step idx=195
.step idx=196
.step idx=197
.step idx=198
.step idx=199
.step idx=200
.step idx=201
.step idx=202
.step idx=203
.step idx=204
.step idx=205
.step idx=206
.step idx=207
.step idx=208
.step idx=209
.step idx=210
.step idx=211
.step idx=212
.step idx=213
.step idx=214
.step idx=215
.step idx=216
.step idx=217
.step idx=218
.step idx=219
.step idx=220
.step idx=221
.step idx=222
.step idx=223
.step idx=224
.step idx=225
.step idx=226
.step idx=227
.step idx=228
.step idx=229
.step idx=230
.step idx=231
.step idx=232
.step idx=233
.step idx=234
.step idx=235
.step idx=236
.step idx=237
.step idx=238
.step idx=239
.step idx=240
.step idx=241
.step idx=242
.step idx=243
.step idx=244
.step idx=245
.step idx=246
.step idx=247
.step idx=248
.step idx=249
.step idx=250
.step idx=251
.step idx=252
.step idx=253
.step idx=254
.step idx=255
.step idx=256
.step idx=257
.step idx=258
.step idx=259
.step idx=260
.step idx=261
.step idx=262
.step idx=263
.step idx=264
.step idx=265
.step idx=266
.step idx=267
.step idx=268
.step idx=269
.step idx=270
.step idx=271
.step idx=272
.step idx=273
.step idx=274
.step idx=275
.step idx=276
.step idx=277
.step idx=278
.step idx=279
.step idx=280
.step idx=281
.step idx=282
.step idx=283
.step idx=284
.step idx=285
.step idx=286
.step idx=287
.step idx=288
.step idx=289
.step idx=290
.step idx=291
.step idx=292
.step idx=293
.step idx=294
.step idx=295
.step idx=296
.step idx=297
.step idx=298
.step idx=299
.step idx=300
.step idx=301
.step idx=302
.step idx=303
.step idx=304
.step idx=305
.step idx=306
.step idx=307
.step idx=308
.step idx=309
.step idx=310
.step idx=311
.step idx=312
.step idx=313
.step idx=314
.step idx=315
.step idx=316
.step idx=317
.step idx=318
.step idx=319
.step idx=320
.step idx=321
.step idx=322
.step idx=323
.step idx=324
.step idx=325
.step idx=326
.step idx=327
.step idx=328
.step idx=329
.step idx=330
.step idx=331
.step idx=332
.step idx=333
.step idx=334
.step idx=335
.step idx=336
.step idx=337
.step idx=338
.step idx=339
.step idx=340
.step idx=341
.step idx=342
.step idx=343
.step idx=344
.step idx=345
.step idx=346
.step idx=347
.step idx=348
.step idx=349
.step idx=350
.step idx=351
.step idx=352
.step idx=353
.step idx=354
.step idx=355
.step idx=356
.step idx=357
.step idx=358
.step idx=359
.step idx=360
.step idx=361
.step idx=362
.step idx=363
.step idx=364
.step idx=365
.step idx=366
.step idx=367
.step idx=368
.step idx=369
.step idx=370
.step idx=371
.step idx=372
.step idx=373
.step idx=374
.step idx=375
.step idx=376
.step idx=377
.step idx=378
.step idx=379
.step idx=380
.step idx=381
.step idx=382
.step idx=383
.step idx=384
.step idx=385
.step idx=386
.step idx=387
.step idx=388
.step idx=389
.step idx=390
.step idx=391
.step idx=392
.step idx=393
.step idx=394
.step idx=395
.step idx=396
.step idx=397
.step idx=398
.step idx=399
.step idx=400
.step idx=401
.step idx=402
.step idx=403
.step idx=404
.step idx=405
.step idx=406
.step idx=407
.step idx=408
.step idx=409
.step idx=410
.step idx=411
.step idx=412
.step idx=413
.step idx=414
.step idx=415
.step idx=416
.step idx=417
.step idx=418
.step idx=419
.step idx=420
.step idx=421
.step idx=422
.step idx=423
.step idx=424
.step idx=425
.step idx=426
.step idx=427
.step idx=428
.step idx=429
.step idx=430
.step idx=431
.step idx=432
.step idx=433
.step idx=434
.step idx=435
.step idx=436
.step idx=437
.step idx=438
.step idx=439
.step idx=440
.step idx=441
.step idx=442
.step idx=443
.step idx=444
.step idx=445
.step idx=446
.step idx=447
.step idx=448
.step idx=449
.step idx=450
.step idx=451
.step idx=452
.step idx=453
.step idx=454
.step idx=455
.step idx=456
.step idx=457
.step idx=458
.step idx=459
.step idx=460
.step idx=461
.step idx=462
.step idx=463
.step idx=464
.step idx=465
.step idx=466
.step idx=467
.step idx=468
.step idx=469
.step idx=470
.step idx=471
.step idx=472
.step idx=473
.step idx=474
.step idx=475
.step idx=476
.step idx=477
.step idx=478
.step idx=479
.step idx=480
.step idx=481
.step idx=482
.step idx=483
.step idx=484
.step idx=485
.step idx=486
.step idx=487
.step idx=488
.step idx=489
.step idx=490
.step idx=491
.step idx=492
.step idx=493
.step idx=494
.step idx=495
.step idx=496
.step idx=497
.step idx=498
.step idx=499
.step idx=500
.step idx=501
.step idx=502
.step idx=503
.step idx=504
.step idx=505
.step idx=506
.step idx=507
.step idx=508
.step idx=509
.step idx=510
.step idx=511
.step idx=512
.step idx=513
.step idx=514
.step idx=515
.step idx=516
.step idx=517
.step idx=518
.step idx=519
.step idx=520
.step idx=521
.step idx=522
.step idx=523
.step idx=524
.step idx=525
.step idx=526
.step idx=527
.step idx=528
.step idx=529
.step idx=530
.step idx=531
.step idx=532
.step idx=533
.step idx=534
.step idx=535
.step idx=536
.step idx=537
.step idx=538
.step idx=539
.step idx=540
.step idx=541
.step idx=542
.step idx=543
.step idx=544
.step idx=545
.step idx=546
.step idx=547
.step idx=548
.step idx=549
.step idx=550
.step idx=551
.step idx=552
.step idx=553
.step idx=554
.step idx=555
.step idx=556
.step idx=557
.step idx=558
.step idx=559
.step idx=560
.step idx=561
.step idx=562
.step idx=563
.step idx=564
.step idx=565
.step idx=566
.step idx=567
.step idx=568
.step idx=569
.step idx=570
.step idx=571
.step idx=572
.step idx=573
.step idx=574
.step idx=575
.step idx=576
.step idx=577
.step idx=578
.step idx=579
.step idx=580
.step idx=581
.step idx=582
.step idx=583
.step idx=584
.step idx=585
.step idx=586
.step idx=587
.step idx=588
.step idx=589
.step idx=590
.step idx=591
.step idx=592
.step idx=593
.step idx=594
.step idx=595
.step idx=596
.step idx=597
.step idx=598
.step idx=599
.step idx=600
.step idx=601
.step idx=602
.step idx=603
.step idx=604
.step idx=605
.step idx=606
.step idx=607
.step idx=608
.step idx=609
.step idx=610
.step idx=611
.step idx=612
.step idx=613
.step idx=614
.step idx=615
.step idx=616
.step idx=617
.step idx=618
.step idx=619
.step idx=620
.step idx=621
.step idx=622
.step idx=623
.step idx=624
.step idx=625
.step idx=626
.step idx=627
.step idx=628
.step idx=629
.step idx=630
.step idx=631
.step idx=632
.step idx=633
.step idx=634
.step idx=635
.step idx=636
.step idx=637
.step idx=638
.step idx=639
.step idx=640
.step idx=641
.step idx=642
.step idx=643
.step idx=644
.step idx=645
.step idx=646
.step idx=647
.step idx=648
.step idx=649
.step idx=650
.step idx=651
.step idx=652
.step idx=653
.step idx=654
.step idx=655
.step idx=656
.step idx=657
.step idx=658
.step idx=659
.step idx=660
.step idx=661
.step idx=662
.step idx=663
.step idx=664
.step idx=665
.step idx=666
.step idx=667
.step idx=668
.step idx=669
.step idx=670
.step idx=671
.step idx=672
.step idx=673
.step idx=674
.step idx=675
.step idx=676
.step idx=677
.step idx=678
.step idx=679
.step idx=680
.step idx=681
.step idx=682
.step idx=683
.step idx=684
.step idx=685
.step idx=686
.step idx=687
.step idx=688
.step idx=689
.step idx=690
.step idx=691
.step idx=692
.step idx=693
.step idx=694
.step idx=695
.step idx=696
.step idx=697
.step idx=698
.step idx=699
.step idx=700
.step idx=701
.step idx=702
.step idx=703
.step idx=704
.step idx=705
.step idx=706
.step idx=707
.step idx=708
.step idx=709
.step idx=710
.step idx=711
.step idx=712
.step idx=713
.step idx=714
.step idx=715
.step idx=716
.step idx=717
.step idx=718
.step idx=719
.step idx=720
.step idx=721
.step idx=722
.step idx=723
.step idx=724
.step idx=725
.step idx=726
.step idx=727
.step idx=728
.step idx=729
.step idx=730
.step idx=731
.step idx=732
.step idx=733
.step idx=734
.step idx=735
.step idx=736
.step idx=737
.step idx=738
.step idx=739
.step idx=740
.step idx=741
.step idx=742
.step idx=743
.step idx=744
.step idx=745
.step idx=746
.step idx=747
.step idx=748
.step idx=749
.step idx=750
.step idx=751
.step idx=752
.step idx=753
.step idx=754
.step idx=755
.step idx=756
.step idx=757
.step idx=758
.step idx=759
.step idx=760
.step idx=761
.step idx=762
.step idx=763
.step idx=764
.step idx=765
.step idx=766
.step idx=767
.step idx=768
.step idx=769
.step idx=770
.step idx=771
.step idx=772
.step idx=773
.step idx=774
.step idx=775
.step idx=776
.step idx=777
.step idx=778
.step idx=779
.step idx=780
.step idx=781
.step idx=782
.step idx=783
.step idx=784
.step idx=785
.step idx=786
.step idx=787
.step idx=788
.step idx=789
.step idx=790
.step idx=791
.step idx=792
.step idx=793
.step idx=794
.step idx=795
.step idx=796
.step idx=797
.step idx=798
.step idx=799
.step idx=800
.step idx=801
.step idx=802
.step idx=803
.step idx=804
.step idx=805
.step idx=806
.step idx=807
.step idx=808
.step idx=809
.step idx=810
.step idx=811
.step idx=812
.step idx=813
.step idx=814
.step idx=815
.step idx=816
.step idx=817
.step idx=818
.step idx=819
.step idx=820
.step idx=821
.step idx=822
.step idx=823
.step idx=824
.step idx=825
.step idx=826
.step idx=827
.step idx=828
.step idx=829
.step idx=830
.step idx=831
.step idx=832
.step idx=833
.step idx=834
.step idx=835
.step idx=836
.step idx=837
.step idx=838
.step idx=839
.step idx=840
.step idx=841
.step idx=842
.step idx=843
.step idx=844
.step idx=845
.step idx=846
.step idx=847
.step idx=848
.step idx=849
.step idx=850
.step idx=851
.step idx=852
.step idx=853
.step idx=854
.step idx=855
.step idx=856
.step idx=857
.step idx=858
.step idx=859
.step idx=860
.step idx=861
.step idx=862
.step idx=863
.step idx=864
.step idx=865
.step idx=866
.step idx=867
.step idx=868
.step idx=869
.step idx=870
.step idx=871
.step idx=872
.step idx=873
.step idx=874
.step idx=875
.step idx=876
.step idx=877
.step idx=878
.step idx=879
.step idx=880
.step idx=881
.step idx=882
.step idx=883
.step idx=884
.step idx=885
.step idx=886
.step idx=887
.step idx=888
.step idx=889
.step idx=890
.step idx=891
.step idx=892
.step idx=893
.step idx=894
.step idx=895
.step idx=896
.step idx=897
.step idx=898
.step idx=899
.step idx=900
.step idx=901
.step idx=902
.step idx=903
.step idx=904
.step idx=905
.step idx=906
.step idx=907
.step idx=908
.step idx=909
.step idx=910
.step idx=911
.step idx=912
.step idx=913
.step idx=914
.step idx=915
.step idx=916
.step idx=917
.step idx=918
.step idx=919
.step idx=920
.step idx=921
.step idx=922
.step idx=923
.step idx=924
.step idx=925
.step idx=926
.step idx=927
.step idx=928
.step idx=929
.step idx=930
.step idx=931
.step idx=932
.step idx=933
.step idx=934
.step idx=935
.step idx=936
.step idx=937
.step idx=938
.step idx=939
.step idx=940
.step idx=941
.step idx=942
.step idx=943
.step idx=944
.step idx=945
.step idx=946
.step idx=947
.step idx=948
.step idx=949
.step idx=950
.step idx=951
.step idx=952
.step idx=953
.step idx=954
.step idx=955
.step idx=956
.step idx=957
.step idx=958
.step idx=959
.step idx=960
.step idx=961
.step idx=962
.step idx=963
.step idx=964
.step idx=965
.step idx=966
.step idx=967
.step idx=968
.step idx=969
.step idx=970
.step idx=971
.step idx=972
.step idx=973
.step idx=974
.step idx=975
.step idx=976
.step idx=977
.step idx=978
.step idx=979
.step idx=980
.step idx=981
.step idx=982
.step idx=983
.step idx=984
.step idx=985
.step idx=986
.step idx=987
.step idx=988
.step idx=989
.step idx=990
.step idx=991
.step idx=992
.step idx=993
.step idx=994
.step idx=995
.step idx=996
.step idx=997
.step idx=998
.step idx=999
.step idx=1000
.step idx=1001
.step idx=1002
.step idx=1003
.step idx=1004
.step idx=1005
.step idx=1006
.step idx=1007
.step idx=1008
.step idx=1009
.step idx=1010
.step idx=1011
.step idx=1012
.step idx=1013
.step idx=1014
.step idx=1015
.step idx=1016
.step idx=1017
.step idx=1018
.step idx=1019
.step idx=1020
.step idx=1021
.step idx=1022
.step idx=1023
.step idx=1024
.step idx=1025
.step idx=1026
.step idx=1027
.step idx=1028
.step idx=1029
.step idx=1030
.step idx=1031
.step idx=1032
.step idx=1033
.step idx=1034
.step idx=1035
.step idx=1036
.step idx=1037
.step idx=1038
.step idx=1039
.step idx=1040
.step idx=1041
.step idx=1042
.step idx=1043
.step idx=1044
.step idx=1045
.step idx=1046
.step idx=1047
.step idx=1048
.step idx=1049
.step idx=1050
.step idx=1051
.step idx=1052
.step idx=1053
.step idx=1054
.step idx=1055
.step idx=1056
.step idx=1057
.step idx=1058
.step idx=1059
.step idx=1060
.step idx=1061
.step idx=1062
.step idx=1063
.step idx=1064
.step idx=1065
.step idx=1066
.step idx=1067
.step idx=1068
.step idx=1069
.step idx=1070
.step idx=1071
.step idx=1072
.step idx=1073
.step idx=1074
.step idx=1075
.step idx=1076
.step idx=1077
.step idx=1078
.step idx=1079
.step idx=1080
.step idx=1081
.step idx=1082
.step idx=1083
.step idx=1084
.step idx=1085
.step idx=1086
.step idx=1087
.step idx=1088
.step idx=1089
.step idx=1090
.step idx=1091
.step idx=1092
.step idx=1093
.step idx=1094
.step idx=1095
.step idx=1096
.step idx=1097
.step idx=1098
.step idx=1099
.step idx=1100
.step idx=1101
.step idx=1102
.step idx=1103
.step idx=1104
.step idx=1105
.step idx=1106
.step idx=1107
.step idx=1108
.step idx=1109
.step idx=1110
.step idx=1111
.step idx=1112
.step idx=1113
.step idx=1114
.step idx=1115
.step idx=1116
.step idx=1117
.step idx=1118
.step idx=1119
.step idx=1120
.step idx=1121
.step idx=1122
.step idx=1123
.step idx=1124
.step idx=1125
.step idx=1126
.step idx=1127
.step idx=1128
.step idx=1129
.step idx=1130
.step idx=1131
.step idx=1132
.step idx=1133
.step idx=1134
.step idx=1135
.step idx=1136
.step idx=1137
.step idx=1138
.step idx=1139
.step idx=1140
.step idx=1141
.step idx=1142
.step idx=1143
.step idx=1144
.step idx=1145
.step idx=1146
.step idx=1147
.step idx=1148
.step idx=1149
.step idx=1150
.step idx=1151
.step idx=1152
.step idx=1153
.step idx=1154
.step idx=1155
.step idx=1156
.step idx=1157
.step idx=1158
.step idx=1159
.step idx=1160
.step idx=1161
.step idx=1162
.step idx=1163
.step idx=1164
.step idx=1165
.step idx=1166
.step idx=1167
.step idx=1168
.step idx=1169
.step idx=1170
.step idx=1171
.step idx=1172
.step idx=1173
.step idx=1174
.step idx=1175
.step idx=1176
.step idx=1177
.step idx=1178
.step idx=1179
.step idx=1180
.step idx=1181
.step idx=1182
.step idx=1183
.step idx=1184
.step idx=1185
.step idx=1186
.step idx=1187
.step idx=1188
.step idx=1189
.step idx=1190
.step idx=1191
.step idx=1192
.step idx=1193
.step idx=1194
.step idx=1195
.step idx=1196
.step idx=1197
.step idx=1198
.step idx=1199
.step idx=1200
.step idx=1201
.step idx=1202
.step idx=1203
.step idx=1204
.step idx=1205
.step idx=1206
.step idx=1207
.step idx=1208
.step idx=1209
.step idx=1210
.step idx=1211
.step idx=1212
.step idx=1213
.step idx=1214
.step idx=1215
.step idx=1216
.step idx=1217
.step idx=1218
.step idx=1219
.step idx=1220
.step idx=1221
.step idx=1222
.step idx=1223
.step idx=1224
.step idx=1225
.step idx=1226
.step idx=1227
.step idx=1228
.step idx=1229
.step idx=1230
.step idx=1231
.step idx=1232
.step idx=1233
.step idx=1234
.step idx=1235
.step idx=1236
.step idx=1237
.step idx=1238
.step idx=1239
.step idx=1240
.step idx=1241
.step idx=1242
.step idx=1243
.step idx=1244
.step idx=1245
.step idx=1246
.step idx=1247
.step idx=1248
.step idx=1249
.step idx=1250
.step idx=1251
.step idx=1252
.step idx=1253
.step idx=1254
.step idx=1255
.step idx=1256
.step idx=1257
.step idx=1258
.step idx=1259
.step idx=1260
.step idx=1261
.step idx=1262
.step idx=1263
.step idx=1264
.step idx=1265
.step idx=1266
.step idx=1267
.step idx=1268
.step idx=1269
.step idx=1270
.step idx=1271
.step idx=1272
.step idx=1273
.step idx=1274
.step idx=1275
.step idx=1276
.step idx=1277
.step idx=1278
.step idx=1279
.step idx=1280
.step idx=1281
.step idx=1282
.step idx=1283
.step idx=1284
.step idx=1285
.step idx=1286
.step idx=1287
.step idx=1288
.step idx=1289
.step idx=1290
.step idx=1291
.step idx=1292
.step idx=1293
.step idx=1294
.step idx=1295
.step idx=1296
.step idx=1297
.step idx=1298
.step idx=1299
.step idx=1300
.step idx=1301
.step idx=1302
.step idx=1303
.step idx=1304
.step idx=1305
.step idx=1306
.step idx=1307
.step idx=1308
.step idx=1309
.step idx=1310
.step idx=1311
.step idx=1312
.step idx=1313
.step idx=1314
.step idx=1315
.step idx=1316
.step idx=1317
.step idx=1318
.step idx=1319
.step idx=1320
.step idx=1321
.step idx=1322
.step idx=1323
.step idx=1324
.step idx=1325
.step idx=1326
.step idx=1327
.step idx=1328
.step idx=1329
.step idx=1330
.step idx=1331
.step idx=1332
.step idx=1333
.step idx=1334
.step idx=1335
.step idx=1336
.step idx=1337
.step idx=1338
.step idx=1339
.step idx=1340
.step idx=1341
.step idx=1342
.step idx=1343
.step idx=1344
.step idx=1345
.step idx=1346
.step idx=1347
.step idx=1348
.step idx=1349
.step idx=1350
.step idx=1351
.step idx=1352
.step idx=1353
.step idx=1354
.step idx=1355
.step idx=1356
.step idx=1357
.step idx=1358
.step idx=1359
.step idx=1360
.step idx=1361
.step idx=1362
.step idx=1363
.step idx=1364
.step idx=1365
.step idx=1366
.step idx=1367
.step idx=1368
.step idx=1369
.step idx=1370
.step idx=1371
.step idx=1372
.step idx=1373
.step idx=1374
.step idx=1375
.step idx=1376
.step idx=1377
.step idx=1378
.step idx=1379
.step idx=1380
.step idx=1381
.step idx=1382
.step idx=1383
.step idx=1384
.step idx=1385
.step idx=1386
.step idx=1387
.step idx=1388
.step idx=1389
.step idx=1390
.step idx=1391
.step idx=1392
.step idx=1393
.step idx=1394
.step idx=1395
.step idx=1396
.step idx=1397
.step idx=1398
.step idx=1399
.step idx=1400
.step idx=1401
.step idx=1402
.step idx=1403
.step idx=1404
.step idx=1405
.step idx=1406
.step idx=1407
.step idx=1408
.step idx=1409
.step idx=1410
.step idx=1411
.step idx=1412
.step idx=1413
.step idx=1414
.step idx=1415
.step idx=1416
.step idx=1417
.step idx=1418
.step idx=1419
.step idx=1420
.step idx=1421
.step idx=1422
.step idx=1423
.step idx=1424
.step idx=1425
.step idx=1426
.step idx=1427
.step idx=1428
.step idx=1429
.step idx=1430
.step idx=1431
.step idx=1432
.step idx=1433
.step idx=1434
.step idx=1435
.step idx=1436
.step idx=1437
.step idx=1438
.step idx=1439
.step idx=1440
.step idx=1441
.step idx=1442
.step idx=1443
.step idx=1444
.step idx=1445
.step idx=1446
.step idx=1447
.step idx=1448
.step idx=1449
.step idx=1450
.step idx=1451
.step idx=1452
.step idx=1453
.step idx=1454
.step idx=1455
.step idx=1456
.step idx=1457
.step idx=1458
.step idx=1459
.step idx=1460
.step idx=1461
.step idx=1462
.step idx=1463
.step idx=1464
.step idx=1465
.step idx=1466
.step idx=1467
.step idx=1468
.step idx=1469
.step idx=1470
.step idx=1471
.step idx=1472
.step idx=1473
.step idx=1474
.step idx=1475
.step idx=1476
.step idx=1477
.step idx=1478
.step idx=1479
.step idx=1480
.step idx=1481
.step idx=1482
.step idx=1483
.step idx=1484
.step idx=1485
.step idx=1486
.step idx=1487
.step idx=1488
.step idx=1489
.step idx=1490
.step idx=1491
.step idx=1492
.step idx=1493
.step idx=1494
.step idx=1495
.step idx=1496
.step idx=1497
.step idx=1498
.step idx=1499
.step idx=1500
.step idx=1501
.step idx=1502
.step idx=1503
.step idx=1504
.step idx=1505
.step idx=1506
.step idx=1507
.step idx=1508
.step idx=1509
.step idx=1510
.step idx=1511
.step idx=1512
.step idx=1513
.step idx=1514
.step idx=1515
.step idx=1516
.step idx=1517
.step idx=1518
.step idx=1519
.step idx=1520
.step idx=1521
.step idx=1522
.step idx=1523
.step idx=1524
.step idx=1525
.step idx=1526
.step idx=1527
.step idx=1528
.step idx=1529
.step idx=1530
.step idx=1531
.step idx=1532
.step idx=1533
.step idx=1534
.step idx=1535
.step idx=1536
.step idx=1537
.step idx=1538
.step idx=1539
.step idx=1540
.step idx=1541
.step idx=1542
.step idx=1543
.step idx=1544
.step idx=1545
.step idx=1546
.step idx=1547
.step idx=1548
.step idx=1549
.step idx=1550
.step idx=1551
.step idx=1552
.step idx=1553
.step idx=1554
.step idx=1555
.step idx=1556
.step idx=1557
.step idx=1558
.step idx=1559
.step idx=1560
.step idx=1561
.step idx=1562
.step idx=1563
.step idx=1564
.step idx=1565
.step idx=1566
.step idx=1567
.step idx=1568
.step idx=1569
.step idx=1570
.step idx=1571
.step idx=1572
.step idx=1573
.step idx=1574
.step idx=1575
.step idx=1576
.step idx=1577
.step idx=1578
.step idx=1579
.step idx=1580
.step idx=1581
.step idx=1582
.step idx=1583
.step idx=1584
.step idx=1585
.step idx=1586
.step idx=1587
.step idx=1588
.step idx=1589
.step idx=1590
.step idx=1591
.step idx=1592
.step idx=1593
.step idx=1594
.step idx=1595
.step idx=1596
.step idx=1597
.step idx=1598
.step idx=1599
.step idx=1600
.step idx=1601
.step idx=1602
.step idx=1603
.step idx=1604
.step idx=1605
.step idx=1606
.step idx=1607
.step idx=1608
.step idx=1609
.step idx=1610
.step idx=1611
.step idx=1612
.step idx=1613
.step idx=1614
.step idx=1615
.step idx=1616
.step idx=1617
.step idx=1618
.step idx=1619
.step idx=1620
.step idx=1621
.step idx=1622
.step idx=1623
.step idx=1624
.step idx=1625
.step idx=1626
.step idx=1627
.step idx=1628
.step idx=1629
.step idx=1630
.step idx=1631
.step idx=1632
.step idx=1633
.step idx=1634
.step idx=1635
.step idx=1636
.step idx=1637
.step idx=1638
.step idx=1639
.step idx=1640
.step idx=1641
.step idx=1642
.step idx=1643
.step idx=1644
.step idx=1645
.step idx=1646
.step idx=1647
.step idx=1648
.step idx=1649
.step idx=1650
.step idx=1651
.step idx=1652
.step idx=1653
.step idx=1654
.step idx=1655
.step idx=1656
.step idx=1657
.step idx=1658
.step idx=1659
.step idx=1660
.step idx=1661
.step idx=1662
.step idx=1663
.step idx=1664
.step idx=1665
.step idx=1666
.step idx=1667
.step idx=1668
.step idx=1669
.step idx=1670
.step idx=1671
.step idx=1672
.step idx=1673
.step idx=1674
.step idx=1675
.step idx=1676
.step idx=1677
.step idx=1678
.step idx=1679
.step idx=1680
.step idx=1681
.step idx=1682
.step idx=1683
.step idx=1684
.step idx=1685
.step idx=1686
.step idx=1687
.step idx=1688
.step idx=1689
.step idx=1690
.step idx=1691
.step idx=1692
.step idx=1693
.step idx=1694
.step idx=1695
.step idx=1696
.step idx=1697
.step idx=1698
.step idx=1699
.step idx=1700
.step idx=1701
.step idx=1702
.step idx=1703
.step idx=1704
.step idx=1705
.step idx=1706
.step idx=1707
.step idx=1708
.step idx=1709
.step idx=1710
.step idx=1711
.step idx=1712
.step idx=1713
.step idx=1714
.step idx=1715
.step idx=1716
.step idx=1717
.step idx=1718
.step idx=1719
.step idx=1720
.step idx=1721
.step idx=1722
.step idx=1723
.step idx=1724
.step idx=1725
.step idx=1726
.step idx=1727
.step idx=1728
.step idx=1729
.step idx=1730
.step idx=1731
.step idx=1732
.step idx=1733
.step idx=1734
.step idx=1735
.step idx=1736
.step idx=1737
.step idx=1738
.step idx=1739
.step idx=1740
.step idx=1741
.step idx=1742
.step idx=1743
.step idx=1744
.step idx=1745
.step idx=1746
.step idx=1747
.step idx=1748
.step idx=1749
.step idx=1750
.step idx=1751
.step idx=1752
.step idx=1753
.step idx=1754
.step idx=1755
.step idx=1756
.step idx=1757
.step idx=1758
.step idx=1759
.step idx=1760
.step idx=1761
.step idx=1762
.step idx=1763
.step idx=1764
.step idx=1765
.step idx=1766
.step idx=1767
.step idx=1768
.step idx=1769
.step idx=1770
.step idx=1771
.step idx=1772
.step idx=1773
.step idx=1774
.step idx=1775
.step idx=1776
.step idx=1777
.step idx=1778
.step idx=1779
.step idx=1780
.step idx=1781
.step idx=1782
.step idx=1783
.step idx=1784
.step idx=1785
.step idx=1786
.step idx=1787
.step idx=1788
.step idx=1789
.step idx=1790
.step idx=1791
.step idx=1792
.step idx=1793
.step idx=1794
.step idx=1795
.step idx=1796
.step idx=1797
.step idx=1798
.step idx=1799
.step idx=1800
.step idx=1801
.step idx=1802
.step idx=1803
.step idx=1804
.step idx=1805
.step idx=1806
.step idx=1807
.step idx=1808
.step idx=1809
.step idx=1810
.step idx=1811
.step idx=1812
.step idx=1813
.step idx=1814
.step idx=1815
.step idx=1816
.step idx=1817
.step idx=1818
.step idx=1819
.step idx=1820
.step idx=1821
.step idx=1822
.step idx=1823
.step idx=1824
.step idx=1825
.step idx=1826
.step idx=1827
.step idx=1828
.step idx=1829
.step idx=1830
.step idx=1831
.step idx=1832
.step idx=1833
.step idx=1834
.step idx=1835
.step idx=1836
.step idx=1837
.step idx=1838
.step idx=1839
.step idx=1840
.step idx=1841
.step idx=1842
.step idx=1843
.step idx=1844
.step idx=1845
.step idx=1846
.step idx=1847
.step idx=1848
.step idx=1849
.step idx=1850
.step idx=1851
.step idx=1852
.step idx=1853
.step idx=1854
.step idx=1855
.step idx=1856
.step idx=1857
.step idx=1858
.step idx=1859
.step idx=1860
.step idx=1861
.step idx=1862
.step idx=1863
.step idx=1864
.step idx=1865
.step idx=1866
.step idx=1867
.step idx=1868
.step idx=1869
.step idx=1870
.step idx=1871
.step idx=1872
.step idx=1873
.step idx=1874
.step idx=1875
.step idx=1876
.step idx=1877
.step idx=1878
.step idx=1879
.step idx=1880
.step idx=1881
.step idx=1882
.step idx=1883
.step idx=1884
.step idx=1885
.step idx=1886
.step idx=1887
.step idx=1888
.step idx=1889
.step idx=1890
.step idx=1891
.step idx=1892
.step idx=1893
.step idx=1894
.step idx=1895
.step idx=1896
.step idx=1897
.step idx=1898
.step idx=1899
.step idx=1900
.step idx=1901
.step idx=1902
.step idx=1903
.step idx=1904
.step idx=1905
.step idx=1906
.step idx=1907
.step idx=1908
.step idx=1909
.step idx=1910
.step idx=1911
.step idx=1912
.step idx=1913
.step idx=1914
.step idx=1915
.step idx=1916
.step idx=1917
.step idx=1918
.step idx=1919
.step idx=1920
.step idx=1921
.step idx=1922
.step idx=1923
.step idx=1924
.step idx=1925
.step idx=1926
.step idx=1927
.step idx=1928
.step idx=1929
.step idx=1930
.step idx=1931
.step idx=1932
.step idx=1933
.step idx=1934
.step idx=1935
.step idx=1936
.step idx=1937
.step idx=1938
.step idx=1939
.step idx=1940
.step idx=1941
.step idx=1942
.step idx=1943
.step idx=1944
.step idx=1945
.step idx=1946
.step idx=1947
.step idx=1948
.step idx=1949
.step idx=1950
.step idx=1951
.step idx=1952
.step idx=1953
.step idx=1954
.step idx=1955
.step idx=1956
.step idx=1957
.step idx=1958
.step idx=1959
.step idx=1960
.step idx=1961
.step idx=1962
.step idx=1963
.step idx=1964
.step idx=1965
.step idx=1966
.step idx=1967
.step idx=1968
.step idx=1969
.step idx=1970
.step idx=1971
.step idx=1972
.step idx=1973
.step idx=1974
.step idx=1975
.step idx=1976
.step idx=1977
.step idx=1978
.step idx=1979
.step idx=1980
.step idx=1981
.step idx=1982
.step idx=1983
.step idx=1984
.step idx=1985
.step idx=1986
.step idx=1987
.step idx=1988
.step idx=1989
.step idx=1990
.step idx=1991
.step idx=1992
.step idx=1993
.step idx=1994
.step idx=1995
.step idx=1996
.step idx=1997
.step idx=1998
.step idx=1999
.step idx=2000
.step idx=2001
.step idx=2002
.step idx=2003
.step idx=2004
.step idx=2005
.step idx=2006
.step idx=2007
.step idx=2008
.step idx=2009
.step idx=2010
.step idx=2011
.step idx=2012
.step idx=2013
.step idx=2014
.step idx=2015
.step idx=2016
.step idx=2017
.step idx=2018
.step idx=2019
.step idx=2020
.step idx=2021
.step idx=2022
.step idx=2023
.step idx=2024
.step idx=2025
.step idx=2026
.step idx=2027
.step idx=2028
.step idx=2029
.step idx=2030
.step idx=2031
.step idx=2032
.step idx=2033
.step idx=2034
.step idx=2035
.step idx=2036
.step idx=2037
.step idx=2038
.step idx=2039
.step idx=2040
.step idx=2041
.step idx=2042
.step idx=2043
.step idx=2044
.step idx=2045
.step idx=2046
.step idx=2047
.step idx=2048
.step idx=2049
.step idx=2050
.step idx=2051
.step idx=2052
.step idx=2053
.step idx=2054
.step idx=2055
.step idx=2056
.step idx=2057
.step idx=2058
.step idx=2059
.step idx=2060
.step idx=2061
.step idx=2062
.step idx=2063
.step idx=2064
.step idx=2065
.step idx=2066
.step idx=2067
.step idx=2068
.step idx=2069
.step idx=2070
.step idx=2071
.step idx=2072
.step idx=2073
.step idx=2074
.step idx=2075
.step idx=2076
.step idx=2077
.step idx=2078
.step idx=2079
.step idx=2080
.step idx=2081
.step idx=2082
.step idx=2083
.step idx=2084
.step idx=2085
.step idx=2086
.step idx=2087
.step idx=2088
.step idx=2089
.step idx=2090
.step idx=2091
.step idx=2092
.step idx=2093
.step idx=2094
.step idx=2095
.step idx=2096
.step idx=2097
.step idx=2098
.step idx=2099
.step idx=2100
.step idx=2101
.step idx=2102
.step idx=2103
.step idx=2104
.step idx=2105
.step idx=2106
.step idx=2107
.step idx=2108
.step idx=2109
.step idx=2110
.step idx=2111
.step idx=2112
.step idx=2113
.step idx=2114
.step idx=2115
.step idx=2116
.step idx=2117
.step idx=2118
.step idx=2119
.step idx=2120
.step idx=2121
.step idx=2122
.step idx=2123
.step idx=2124
.step idx=2125
.step idx=2126
.step idx=2127
.step idx=2128
.step idx=2129
.step idx=2130
.step idx=2131
.step idx=2132
.step idx=2133
.step idx=2134
.step idx=2135
.step idx=2136
.step idx=2137
.step idx=2138
.step idx=2139
.step idx=2140
.step idx=2141
.step idx=2142
.step idx=2143
.step idx=2144
.step idx=2145
.step idx=2146
.step idx=2147
.step idx=2148
.step idx=2149
.step idx=2150
.step idx=2151
.step idx=2152
.step idx=2153
.step idx=2154
.step idx=2155
.step idx=2156
.step idx=2157
.step idx=2158
.step idx=2159
.step idx=2160
.step idx=2161
.step idx=2162
.step idx=2163
.step idx=2164
.step idx=2165
.step idx=2166
.step idx=2167
.step idx=2168
.step idx=2169
.step idx=2170
.step idx=2171
.step idx=2172
.step idx=2173
.step idx=2174
.step idx=2175
.step idx=2176
.step idx=2177
.step idx=2178
.step idx=2179
.step idx=2180
.step idx=2181
.step idx=2182
.step idx=2183
.step idx=2184
.step idx=2185
.step idx=2186
.step idx=2187
.step idx=2188
.step idx=2189
.step idx=2190
.step idx=2191
.step idx=2192
.step idx=2193
.step idx=2194
.step idx=2195
.step idx=2196
.step idx=2197
.step idx=2198
.step idx=2199
.step idx=2200
.step idx=2201
.step idx=2202
.step idx=2203
.step idx=2204
.step idx=2205
.step idx=2206
.step idx=2207
.step idx=2208
.step idx=2209
.step idx=2210
.step idx=2211
.step idx=2212
.step idx=2213
.step idx=2214
.step idx=2215
.step idx=2216
.step idx=2217
.step idx=2218
.step idx=2219
.step idx=2220
.step idx=2221
.step idx=2222
.step idx=2223
.step idx=2224
.step idx=2225
.step idx=2226
.step idx=2227
.step idx=2228
.step idx=2229
.step idx=2230
.step idx=2231
.step idx=2232
.step idx=2233
.step idx=2234
.step idx=2235
.step idx=2236
.step idx=2237
.step idx=2238
.step idx=2239
.step idx=2240
.step idx=2241
.step idx=2242
.step idx=2243
.step idx=2244
.step idx=2245
.step idx=2246
.step idx=2247
.step idx=2248
.step idx=2249
.step idx=2250
.step idx=2251
.step idx=2252
.step idx=2253
.step idx=2254
.step idx=2255
.step idx=2256
.step idx=2257
.step idx=2258
.step idx=2259
.step idx=2260
.step idx=2261
.step idx=2262
.step idx=2263
.step idx=2264
.step idx=2265
.step idx=2266
.step idx=2267
.step idx=2268
.step idx=2269
.step idx=2270
.step idx=2271
.step idx=2272
.step idx=2273
.step idx=2274
.step idx=2275
.step idx=2276
.step idx=2277
.step idx=2278
.step idx=2279
.step idx=2280
.step idx=2281
.step idx=2282
.step idx=2283
.step idx=2284
.step idx=2285
.step idx=2286
.step idx=2287
.step idx=2288
.step idx=2289
.step idx=2290
.step idx=2291
.step idx=2292
.step idx=2293
.step idx=2294
.step idx=2295
.step idx=2296
.step idx=2297
.step idx=2298
.step idx=2299
.step idx=2300
.step idx=2301
.step idx=2302
.step idx=2303
.step idx=2304
.step idx=2305
.step idx=2306
.step idx=2307
.step idx=2308
.step idx=2309
.step idx=2310
.step idx=2311
.step idx=2312
.step idx=2313
.step idx=2314
.step idx=2315
.step idx=2316
.step idx=2317
.step idx=2318
.step idx=2319
.step idx=2320
.step idx=2321
.step idx=2322
.step idx=2323
.step idx=2324
.step idx=2325
.step idx=2326
.step idx=2327
.step idx=2328
.step idx=2329
.step idx=2330
.step idx=2331
.step idx=2332
.step idx=2333
.step idx=2334
.step idx=2335
.step idx=2336
.step idx=2337
.step idx=2338
.step idx=2339
.step idx=2340
.step idx=2341
.step idx=2342
.step idx=2343
.step idx=2344
.step idx=2345
.step idx=2346
.step idx=2347
.step idx=2348
.step idx=2349
.step idx=2350
.step idx=2351
.step idx=2352
.step idx=2353
.step idx=2354
.step idx=2355
.step idx=2356
.step idx=2357
.step idx=2358
.step idx=2359
.step idx=2360
.step idx=2361
.step idx=2362
.step idx=2363
.step idx=2364
.step idx=2365
.step idx=2366
.step idx=2367
.step idx=2368
.step idx=2369
.step idx=2370
.step idx=2371
.step idx=2372
.step idx=2373
.step idx=2374
.step idx=2375
.step idx=2376
.step idx=2377
.step idx=2378
.step idx=2379
.step idx=2380
.step idx=2381
.step idx=2382
.step idx=2383
.step idx=2384
.step idx=2385
.step idx=2386
.step idx=2387
.step idx=2388
.step idx=2389
.step idx=2390
.step idx=2391
.step idx=2392
.step idx=2393
.step idx=2394
.step idx=2395
.step idx=2396
.step idx=2397
.step idx=2398
.step idx=2399
.step idx=2400
.step idx=2401
.step idx=2402
.step idx=2403
.step idx=2404
.step idx=2405
.step idx=2406
.step idx=2407
.step idx=2408
.step idx=2409
.step idx=2410
.step idx=2411
.step idx=2412
.step idx=2413
.step idx=2414
.step idx=2415
.step idx=2416
.step idx=2417
.step idx=2418
.step idx=2419
.step idx=2420
.step idx=2421
.step idx=2422
.step idx=2423
.step idx=2424
.step idx=2425
.step idx=2426
.step idx=2427
.step idx=2428
.step idx=2429
.step idx=2430
.step idx=2431
.step idx=2432
.step idx=2433
.step idx=2434
.step idx=2435
.step idx=2436
.step idx=2437
.step idx=2438
.step idx=2439
.step idx=2440
.step idx=2441
.step idx=2442
.step idx=2443
.step idx=2444
.step idx=2445
.step idx=2446
.step idx=2447
.step idx=2448
.step idx=2449
.step idx=2450
.step idx=2451
.step idx=2452
.step idx=2453
.step idx=2454
.step idx=2455
.step idx=2456
.step idx=2457
.step idx=2458
.step idx=2459
.step idx=2460
.step idx=2461
.step idx=2462
.step idx=2463
.step idx=2464
.step idx=2465
.step idx=2466
.step idx=2467
.step idx=2468
.step idx=2469
.step idx=2470
.step idx=2471
.step idx=2472
.step idx=2473
.step idx=2474
.step idx=2475
.step idx=2476
.step idx=2477
.step idx=2478
.step idx=2479
.step idx=2480
.step idx=2481
.step idx=2482
.step idx=2483
.step idx=2484
.step idx=2485
.step idx=2486
.step idx=2487
.step idx=2488
.step idx=2489
.step idx=2490
.step idx=2491
.step idx=2492
.step idx=2493
.step idx=2494
.step idx=2495
.step idx=2496
.step idx=2497
.step idx=2498
.step idx=2499
.step idx=2500
.step idx=2501
.step idx=2502
.step idx=2503
.step idx=2504
.step idx=2505
.step idx=2506
.step idx=2507
.step idx=2508
.step idx=2509
.step idx=2510
.step idx=2511
.step idx=2512
.step idx=2513
.step idx=2514
.step idx=2515
.step idx=2516
.step idx=2517
.step idx=2518
.step idx=2519
.step idx=2520
.step idx=2521
.step idx=2522
.step idx=2523
.step idx=2524
.step idx=2525
.step idx=2526
.step idx=2527
.step idx=2528
.step idx=2529
.step idx=2530
.step idx=2531
.step idx=2532
.step idx=2533
.step idx=2534
.step idx=2535
.step idx=2536
.step idx=2537
.step idx=2538
.step idx=2539
.step idx=2540
.step idx=2541
.step idx=2542
.step idx=2543
.step idx=2544
.step idx=2545
.step idx=2546
.step idx=2547
.step idx=2548
.step idx=2549
.step idx=2550
.step idx=2551
.step idx=2552
.step idx=2553
.step idx=2554
.step idx=2555
.step idx=2556
.step idx=2557
.step idx=2558
.step idx=2559
.step idx=2560
.step idx=2561
.step idx=2562
.step idx=2563
.step idx=2564
.step idx=2565
.step idx=2566
.step idx=2567
.step idx=2568
.step idx=2569
.step idx=2570
.step idx=2571
.step idx=2572
.step idx=2573
.step idx=2574
.step idx=2575
.step idx=2576
.step idx=2577
.step idx=2578
.step idx=2579
.step idx=2580
.step idx=2581
.step idx=2582
.step idx=2583
.step idx=2584
.step idx=2585
.step idx=2586
.step idx=2587
.step idx=2588
.step idx=2589
.step idx=2590
.step idx=2591
.step idx=2592
.step idx=2593
.step idx=2594
.step idx=2595
.step idx=2596
.step idx=2597
.step idx=2598
.step idx=2599
.step idx=2600
.step idx=2601
.step idx=2602
.step idx=2603
.step idx=2604
.step idx=2605
.step idx=2606
.step idx=2607
.step idx=2608
.step idx=2609
.step idx=2610
.step idx=2611
.step idx=2612
.step idx=2613
.step idx=2614
.step idx=2615
.step idx=2616
.step idx=2617
.step idx=2618
.step idx=2619
.step idx=2620
.step idx=2621
.step idx=2622
.step idx=2623
.step idx=2624
.step idx=2625
.step idx=2626
.step idx=2627
.step idx=2628
.step idx=2629
.step idx=2630
.step idx=2631
.step idx=2632
.step idx=2633
.step idx=2634
.step idx=2635
.step idx=2636
.step idx=2637
.step idx=2638
.step idx=2639
.step idx=2640
.step idx=2641
.step idx=2642
.step idx=2643
.step idx=2644
.step idx=2645
.step idx=2646
.step idx=2647
.step idx=2648
.step idx=2649
.step idx=2650
.step idx=2651
.step idx=2652
.step idx=2653
.step idx=2654
.step idx=2655
.step idx=2656
.step idx=2657
.step idx=2658
.step idx=2659
.step idx=2660
.step idx=2661
.step idx=2662
.step idx=2663
.step idx=2664
.step idx=2665
.step idx=2666
.step idx=2667
.step idx=2668
.step idx=2669
.step idx=2670
.step idx=2671
.step idx=2672
.step idx=2673
.step idx=2674
.step idx=2675
.step idx=2676
.step idx=2677
.step idx=2678
.step idx=2679
.step idx=2680
.step idx=2681
.step idx=2682
.step idx=2683
.step idx=2684
.step idx=2685
.step idx=2686
.step idx=2687
.step idx=2688
.step idx=2689
.step idx=2690
.step idx=2691
.step idx=2692
.step idx=2693
.step idx=2694
.step idx=2695
.step idx=2696
.step idx=2697
.step idx=2698
.step idx=2699
.step idx=2700
.step idx=2701
.step idx=2702
.step idx=2703
.step idx=2704
.step idx=2705
.step idx=2706
.step idx=2707
.step idx=2708
.step idx=2709
.step idx=2710
.step idx=2711
.step idx=2712
.step idx=2713
.step idx=2714
.step idx=2715
.step idx=2716
.step idx=2717
.step idx=2718
.step idx=2719
.step idx=2720
.step idx=2721
.step idx=2722
.step idx=2723
.step idx=2724
.step idx=2725
.step idx=2726
.step idx=2727
.step idx=2728
.step idx=2729
.step idx=2730
.step idx=2731
.step idx=2732
.step idx=2733
.step idx=2734
.step idx=2735
.step idx=2736
.step idx=2737
.step idx=2738
.step idx=2739
.step idx=2740
.step idx=2741
.step idx=2742
.step idx=2743
.step idx=2744
.step idx=2745
.step idx=2746
.step idx=2747
.step idx=2748
.step idx=2749
.step idx=2750
.step idx=2751
.step idx=2752
.step idx=2753
.step idx=2754
.step idx=2755
.step idx=2756
.step idx=2757
.step idx=2758
.step idx=2759
.step idx=2760
.step idx=2761
.step idx=2762
.step idx=2763
.step idx=2764
.step idx=2765
.step idx=2766
.step idx=2767
.step idx=2768
.step idx=2769
.step idx=2770
.step idx=2771
.step idx=2772
.step idx=2773
.step idx=2774
.step idx=2775
.step idx=2776
.step idx=2777
.step idx=2778
.step idx=2779
.step idx=2780
.step idx=2781
.step idx=2782
.step idx=2783
.step idx=2784
.step idx=2785
.step idx=2786
.step idx=2787
.step idx=2788
.step idx=2789
.step idx=2790
.step idx=2791
.step idx=2792
.step idx=2793
.step idx=2794
.step idx=2795
.step idx=2796
.step idx=2797
.step idx=2798
.step idx=2799
.step idx=2800
.step idx=2801
.step idx=2802
.step idx=2803
.step idx=2804
.step idx=2805
.step idx=2806
.step idx=2807
.step idx=2808
.step idx=2809
.step idx=2810
.step idx=2811
.step idx=2812
.step idx=2813
.step idx=2814
.step idx=2815
.step idx=2816
.step idx=2817
.step idx=2818
.step idx=2819
.step idx=2820
.step idx=2821
.step idx=2822
.step idx=2823
.step idx=2824
.step idx=2825
.step idx=2826
.step idx=2827
.step idx=2828
.step idx=2829
.step idx=2830
.step idx=2831
.step idx=2832
.step idx=2833
.step idx=2834
.step idx=2835
.step idx=2836
.step idx=2837
.step idx=2838
.step idx=2839
.step idx=2840
.step idx=2841
.step idx=2842
.step idx=2843
.step idx=2844
.step idx=2845
.step idx=2846
.step idx=2847
.step idx=2848
.step idx=2849
.step idx=2850
.step idx=2851
.step idx=2852
.step idx=2853
.step idx=2854
.step idx=2855
.step idx=2856
.step idx=2857
.step idx=2858
.step idx=2859
.step idx=2860
.step idx=2861
.step idx=2862
.step idx=2863
.step idx=2864
.step idx=2865
.step idx=2866
.step idx=2867
.step idx=2868
.step idx=2869
.step idx=2870
.step idx=2871
.step idx=2872
.step idx=2873
.step idx=2874
.step idx=2875
.step idx=2876
.step idx=2877
.step idx=2878
.step idx=2879
.step idx=2880
.step idx=2881
.step idx=2882
.step idx=2883
.step idx=2884
.step idx=2885
.step idx=2886
.step idx=2887
.step idx=2888
.step idx=2889
.step idx=2890
.step idx=2891
.step idx=2892
.step idx=2893
.step idx=2894
.step idx=2895
.step idx=2896
.step idx=2897
.step idx=2898
.step idx=2899
.step idx=2900
.step idx=2901
.step idx=2902
.step idx=2903
.step idx=2904
.step idx=2905
.step idx=2906
.step idx=2907
.step idx=2908
.step idx=2909
.step idx=2910
.step idx=2911
.step idx=2912
.step idx=2913
.step idx=2914
.step idx=2915
.step idx=2916
.step idx=2917
.step idx=2918
.step idx=2919
.step idx=2920
.step idx=2921
.step idx=2922
.step idx=2923
.step idx=2924
.step idx=2925
.step idx=2926
.step idx=2927
.step idx=2928
.step idx=2929
.step idx=2930
.step idx=2931
.step idx=2932
.step idx=2933
.step idx=2934
.step idx=2935
.step idx=2936
.step idx=2937
.step idx=2938
.step idx=2939
.step idx=2940
.step idx=2941
.step idx=2942
.step idx=2943
.step idx=2944
.step idx=2945
.step idx=2946
.step idx=2947
.step idx=2948
.step idx=2949
.step idx=2950
.step idx=2951
.step idx=2952
.step idx=2953
.step idx=2954
.step idx=2955
.step idx=2956
.step idx=2957
.step idx=2958
.step idx=2959
.step idx=2960
.step idx=2961
.step idx=2962
.step idx=2963
.step idx=2964
.step idx=2965
.step idx=2966
.step idx=2967
.step idx=2968
.step idx=2969
.step idx=2970
.step idx=2971
.step idx=2972
.step idx=2973
.step idx=2974
.step idx=2975
.step idx=2976
.step idx=2977
.step idx=2978
.step idx=2979
.step idx=2980
.step idx=2981
.step idx=2982
.step idx=2983
.step idx=2984
.step idx=2985
.step idx=2986
.step idx=2987
.step idx=2988
.step idx=2989
.step idx=2990
.step idx=2991
.step idx=2992
.step idx=2993
.step idx=2994
.step idx=2995
.step idx=2996
.step idx=2997
.step idx=2998
.step idx=2999
.step idx=3000
.step idx=3001
.step idx=3002
.step idx=3003
.step idx=3004
.step idx=3005
.step idx=3006
.step idx=3007
.step idx=3008
.step idx=3009
.step idx=3010
.step idx=3011
.step idx=3012
.step idx=3013
.step idx=3014
.step idx=3015
.step idx=3016
.step idx=3017
.step idx=3018
.step idx=3019
.step idx=3020
.step idx=3021
.step idx=3022
.step idx=3023
.step idx=3024
.step idx=3025
.step idx=3026
.step idx=3027
.step idx=3028
.step idx=3029
.step idx=3030
.step idx=3031
.step idx=3032
.step idx=3033
.step idx=3034
.step idx=3035
.step idx=3036
.step idx=3037
.step idx=3038
.step idx=3039
.step idx=3040
.step idx=3041
.step idx=3042
.step idx=3043
.step idx=3044
.step idx=3045
.step idx=3046
.step idx=3047
.step idx=3048
.step idx=3049
.step idx=3050
.step idx=3051
.step idx=3052
.step idx=3053
.step idx=3054
.step idx=3055
.step idx=3056
.step idx=3057
.step idx=3058
.step idx=3059
.step idx=3060
.step idx=3061
.step idx=3062
.step idx=3063
.step idx=3064
.step idx=3065
.step idx=3066
.step idx=3067
.step idx=3068
.step idx=3069
.step idx=3070
.step idx=3071
.step idx=3072
.step idx=3073
.step idx=3074
.step idx=3075
.step idx=3076
.step idx=3077
.step idx=3078
.step idx=3079
.step idx=3080
.step idx=3081
.step idx=3082
.step idx=3083
.step idx=3084
.step idx=3085
.step idx=3086
.step idx=3087
.step idx=3088
.step idx=3089
.step idx=3090
.step idx=3091
.step idx=3092
.step idx=3093
.step idx=3094
.step idx=3095
.step idx=3096
.step idx=3097
.step idx=3098
.step idx=3099
.step idx=3100
.step idx=3101
.step idx=3102
.step idx=3103
.step idx=3104
.step idx=3105
.step idx=3106
.step idx=3107
.step idx=3108
.step idx=3109
.step idx=3110
.step idx=3111
.step idx=3112
.step idx=3113
.step idx=3114
.step idx=3115
.step idx=3116
.step idx=3117
.step idx=3118
.step idx=3119
.step idx=3120
.step idx=3121
.step idx=3122
.step idx=3123
.step idx=3124
.step idx=3125
.step idx=3126
.step idx=3127
.step idx=3128
.step idx=3129
.step idx=3130
.step idx=3131
.step idx=3132
.step idx=3133
.step idx=3134
.step idx=3135
.step idx=3136
.step idx=3137
.step idx=3138
.step idx=3139
.step idx=3140
.step idx=3141
.step idx=3142
.step idx=3143
.step idx=3144
.step idx=3145
.step idx=3146
.step idx=3147
.step idx=3148
.step idx=3149
.step idx=3150
.step idx=3151
.step idx=3152
.step idx=3153
.step idx=3154
.step idx=3155
.step idx=3156
.step idx=3157
.step idx=3158
.step idx=3159
.step idx=3160
.step idx=3161
.step idx=3162
.step idx=3163
.step idx=3164
.step idx=3165
.step idx=3166
.step idx=3167
.step idx=3168
.step idx=3169
.step idx=3170
.step idx=3171
.step idx=3172
.step idx=3173
.step idx=3174
.step idx=3175
.step idx=3176
.step idx=3177
.step idx=3178
.step idx=3179
.step idx=3180
.step idx=3181
.step idx=3182
.step idx=3183
.step idx=3184
.step idx=3185
.step idx=3186
.step idx=3187
.step idx=3188
.step idx=3189
.step idx=3190
.step idx=3191
.step idx=3192
.step idx=3193
.step idx=3194
.step idx=3195
.step idx=3196
.step idx=3197
.step idx=3198
.step idx=3199
.step idx=3200
.step idx=3201
.step idx=3202
.step idx=3203
.step idx=3204
.step idx=3205
.step idx=3206
.step idx=3207
.step idx=3208
.step idx=3209
.step idx=3210
.step idx=3211
.step idx=3212
.step idx=3213
.step idx=3214
.step idx=3215
.step idx=3216
.step idx=3217
.step idx=3218
.step idx=3219
.step idx=3220
.step idx=3221
.step idx=3222
.step idx=3223
.step idx=3224
.step idx=3225
.step idx=3226
.step idx=3227
.step idx=3228
.step idx=3229
.step idx=3230
.step idx=3231
.step idx=3232
.step idx=3233
.step idx=3234
.step idx=3235
.step idx=3236
.step idx=3237
.step idx=3238
.step idx=3239
.step idx=3240
.step idx=3241
.step idx=3242
.step idx=3243
.step idx=3244
.step idx=3245
.step idx=3246
.step idx=3247
.step idx=3248
.step idx=3249
.step idx=3250
.step idx=3251
.step idx=3252
.step idx=3253
.step idx=3254
.step idx=3255
.step idx=3256
.step idx=3257
.step idx=3258
.step idx=3259
.step idx=3260
.step idx=3261
.step idx=3262
.step idx=3263
.step idx=3264
.step idx=3265
.step idx=3266
.step idx=3267
.step idx=3268
.step idx=3269
.step idx=3270
.step idx=3271
.step idx=3272
.step idx=3273
.step idx=3274
.step idx=3275
.step idx=3276
.step idx=3277
.step idx=3278
.step idx=3279
.step idx=3280
.step idx=3281
.step idx=3282
.step idx=3283
.step idx=3284
.step idx=3285
.step idx=3286
.step idx=3287
.step idx=3288
.step idx=3289
.step idx=3290
.step idx=3291
.step idx=3292
.step idx=3293
.step idx=3294
.step idx=3295
.step idx=3296
.step idx=3297
.step idx=3298
.step idx=3299
.step idx=3300
.step idx=3301
.step idx=3302
.step idx=3303
.step idx=3304
.step idx=3305
.step idx=3306
.step idx=3307
.step idx=3308
.step idx=3309
.step idx=3310
.step idx=3311
.step idx=3312
.step idx=3313
.step idx=3314
.step idx=3315
.step idx=3316
.step idx=3317
.step idx=3318
.step idx=3319
.step idx=3320
.step idx=3321
.step idx=3322
.step idx=3323
.step idx=3324
.step idx=3325
.step idx=3326
.step idx=3327
.step idx=3328
.step idx=3329
.step idx=3330
.step idx=3331
.step idx=3332
.step idx=3333
.step idx=3334
.step idx=3335
.step idx=3336
.step idx=3337
.step idx=3338
.step idx=3339
.step idx=3340
.step idx=3341
.step idx=3342
.step idx=3343
.step idx=3344
.step idx=3345
.step idx=3346
.step idx=3347
.step idx=3348
.step idx=3349
.step idx=3350
.step idx=3351
.step idx=3352
.step idx=3353
.step idx=3354
.step idx=3355
.step idx=3356
.step idx=3357
.step idx=3358
.step idx=3359
.step idx=3360
.step idx=3361
.step idx=3362
.step idx=3363
.step idx=3364
.step idx=3365
.step idx=3366
.step idx=3367
.step idx=3368
.step idx=3369
.step idx=3370
.step idx=3371
.step idx=3372
.step idx=3373
.step idx=3374
.step idx=3375
.step idx=3376
.step idx=3377
.step idx=3378
.step idx=3379
.step idx=3380
.step idx=3381
.step idx=3382
.step idx=3383
.step idx=3384
.step idx=3385
.step idx=3386
.step idx=3387
.step idx=3388
.step idx=3389
.step idx=3390
.step idx=3391
.step idx=3392
.step idx=3393
.step idx=3394
.step idx=3395
.step idx=3396
.step idx=3397
.step idx=3398
.step idx=3399
.step idx=3400
.step idx=3401
.step idx=3402
.step idx=3403
.step idx=3404
.step idx=3405
.step idx=3406
.step idx=3407
.step idx=3408
.step idx=3409
.step idx=3410
.step idx=3411
.step idx=3412
.step idx=3413
.step idx=3414
.step idx=3415
.step idx=3416
.step idx=3417
.step idx=3418
.step idx=3419
.step idx=3420
.step idx=3421
.step idx=3422
.step idx=3423
.step idx=3424
.step idx=3425
.step idx=3426
.step idx=3427
.step idx=3428
.step idx=3429
.step idx=3430
.step idx=3431
.step idx=3432
.step idx=3433
.step idx=3434
.step idx=3435
.step idx=3436
.step idx=3437
.step idx=3438
.step idx=3439
.step idx=3440
.step idx=3441
.step idx=3442
.step idx=3443
.step idx=3444
.step idx=3445
.step idx=3446
.step idx=3447
.step idx=3448
.step idx=3449
.step idx=3450
.step idx=3451
.step idx=3452
.step idx=3453
.step idx=3454
.step idx=3455
.step idx=3456
.step idx=3457
.step idx=3458
.step idx=3459
.step idx=3460
.step idx=3461
.step idx=3462
.step idx=3463
.step idx=3464
.step idx=3465
.step idx=3466
.step idx=3467
.step idx=3468
.step idx=3469
.step idx=3470
.step idx=3471
.step idx=3472
.step idx=3473
.step idx=3474
.step idx=3475
.step idx=3476
.step idx=3477
.step idx=3478
.step idx=3479
.step idx=3480
.step idx=3481
.step idx=3482
.step idx=3483
.step idx=3484
.step idx=3485
.step idx=3486
.step idx=3487
.step idx=3488
.step idx=3489
.step idx=3490
.step idx=3491
.step idx=3492
.step idx=3493
.step idx=3494
.step idx=3495
.step idx=3496
.step idx=3497
.step idx=3498
.step idx=3499
.step idx=3500
.step idx=3501
.step idx=3502
.step idx=3503
.step idx=3504
.step idx=3505
.step idx=3506
.step idx=3507
.step idx=3508
.step idx=3509
.step idx=3510
.step idx=3511
.step idx=3512
.step idx=3513
.step idx=3514
.step idx=3515
.step idx=3516
.step idx=3517
.step idx=3518
.step idx=3519
.step idx=3520
.step idx=3521
.step idx=3522
.step idx=3523
.step idx=3524
.step idx=3525
.step idx=3526
.step idx=3527
.step idx=3528
.step idx=3529
.step idx=3530
.step idx=3531
.step idx=3532
.step idx=3533
.step idx=3534
.step idx=3535
.step idx=3536
.step idx=3537
.step idx=3538
.step idx=3539
.step idx=3540
.step idx=3541
.step idx=3542
.step idx=3543
.step idx=3544
.step idx=3545
.step idx=3546
.step idx=3547
.step idx=3548
.step idx=3549
.step idx=3550
.step idx=3551
.step idx=3552
.step idx=3553
.step idx=3554
.step idx=3555
.step idx=3556
.step idx=3557
.step idx=3558
.step idx=3559
.step idx=3560
.step idx=3561
.step idx=3562
.step idx=3563
.step idx=3564
.step idx=3565
.step idx=3566
.step idx=3567
.step idx=3568
.step idx=3569
.step idx=3570
.step idx=3571
.step idx=3572
.step idx=3573
.step idx=3574
.step idx=3575
.step idx=3576
.step idx=3577
.step idx=3578
.step idx=3579
.step idx=3580
.step idx=3581
.step idx=3582
.step idx=3583
.step idx=3584
.step idx=3585
.step idx=3586
.step idx=3587
.step idx=3588
.step idx=3589
.step idx=3590
.step idx=3591
.step idx=3592
.step idx=3593
.step idx=3594
.step idx=3595
.step idx=3596
.step idx=3597
.step idx=3598
.step idx=3599
.step idx=3600
.step idx=3601
.step idx=3602
.step idx=3603
.step idx=3604
.step idx=3605
.step idx=3606
.step idx=3607
.step idx=3608
.step idx=3609
.step idx=3610
.step idx=3611
.step idx=3612
.step idx=3613
.step idx=3614
.step idx=3615
.step idx=3616
.step idx=3617
.step idx=3618
.step idx=3619
.step idx=3620
.step idx=3621
.step idx=3622
.step idx=3623
.step idx=3624
.step idx=3625
.step idx=3626
.step idx=3627
.step idx=3628
.step idx=3629
.step idx=3630
.step idx=3631
.step idx=3632
.step idx=3633
.step idx=3634
.step idx=3635
.step idx=3636
.step idx=3637
.step idx=3638
.step idx=3639
.step idx=3640
.step idx=3641
.step idx=3642
.step idx=3643
.step idx=3644
.step idx=3645
.step idx=3646
.step idx=3647
.step idx=3648
.step idx=3649
.step idx=3650
.step idx=3651
.step idx=3652
.step idx=3653
.step idx=3654
.step idx=3655
.step idx=3656
.step idx=3657
.step idx=3658
.step idx=3659
.step idx=3660
.step idx=3661
.step idx=3662
.step idx=3663
.step idx=3664
.step idx=3665
.step idx=3666
.step idx=3667
.step idx=3668
.step idx=3669
.step idx=3670
.step idx=3671
.step idx=3672
.step idx=3673
.step idx=3674
.step idx=3675
.step idx=3676
.step idx=3677
.step idx=3678
.step idx=3679
.step idx=3680
.step idx=3681
.step idx=3682
.step idx=3683
.step idx=3684
.step idx=3685
.step idx=3686
.step idx=3687
.step idx=3688
.step idx=3689
.step idx=3690
.step idx=3691
.step idx=3692
.step idx=3693
.step idx=3694
.step idx=3695
.step idx=3696
.step idx=3697
.step idx=3698
.step idx=3699
.step idx=3700
.step idx=3701
.step idx=3702
.step idx=3703
.step idx=3704
.step idx=3705
.step idx=3706
.step idx=3707
.step idx=3708
.step idx=3709
.step idx=3710
.step idx=3711
.step idx=3712
.step idx=3713
.step idx=3714
.step idx=3715
.step idx=3716
.step idx=3717
.step idx=3718
.step idx=3719
.step idx=3720
.step idx=3721
.step idx=3722
.step idx=3723
.step idx=3724
.step idx=3725
.step idx=3726
.step idx=3727
.step idx=3728
.step idx=3729
.step idx=3730
.step idx=3731
.step idx=3732
.step idx=3733
.step idx=3734
.step idx=3735
.step idx=3736
.step idx=3737
.step idx=3738
.step idx=3739
.step idx=3740
.step idx=3741
.step idx=3742
.step idx=3743
.step idx=3744
.step idx=3745
.step idx=3746
.step idx=3747
.step idx=3748
.step idx=3749
.step idx=3750
.step idx=3751
.step idx=3752
.step idx=3753
.step idx=3754
.step idx=3755
.step idx=3756
.step idx=3757
.step idx=3758
.step idx=3759
.step idx=3760
.step idx=3761
.step idx=3762
.step idx=3763
.step idx=3764
.step idx=3765
.step idx=3766
.step idx=3767
.step idx=3768
.step idx=3769
.step idx=3770
.step idx=3771
.step idx=3772
.step idx=3773
.step idx=3774
.step idx=3775
.step idx=3776
.step idx=3777
.step idx=3778
.step idx=3779
.step idx=3780
.step idx=3781
.step idx=3782
.step idx=3783
.step idx=3784
.step idx=3785
.step idx=3786
.step idx=3787
.step idx=3788
.step idx=3789
.step idx=3790
.step idx=3791
.step idx=3792
.step idx=3793
.step idx=3794
.step idx=3795
.step idx=3796
.step idx=3797
.step idx=3798
.step idx=3799
.step idx=3800
.step idx=3801
.step idx=3802
.step idx=3803
.step idx=3804
.step idx=3805
.step idx=3806
.step idx=3807
.step idx=3808
.step idx=3809
.step idx=3810
.step idx=3811
.step idx=3812
.step idx=3813
.step idx=3814
.step idx=3815
.step idx=3816
.step idx=3817
.step idx=3818
.step idx=3819
.step idx=3820
.step idx=3821
.step idx=3822
.step idx=3823
.step idx=3824
.step idx=3825
.step idx=3826
.step idx=3827
.step idx=3828
.step idx=3829
.step idx=3830
.step idx=3831
.step idx=3832
.step idx=3833
.step idx=3834
.step idx=3835
.step idx=3836
.step idx=3837
.step idx=3838
.step idx=3839
.step idx=3840
.step idx=3841
.step idx=3842
.step idx=3843
.step idx=3844
.step idx=3845
.step idx=3846
.step idx=3847
.step idx=3848
.step idx=3849
.step idx=3850
.step idx=3851
.step idx=3852
.step idx=3853
.step idx=3854
.step idx=3855
.step idx=3856
.step idx=3857
.step idx=3858
.step idx=3859
.step idx=3860
.step idx=3861
.step idx=3862
.step idx=3863
.step idx=3864
.step idx=3865
.step idx=3866
.step idx=3867
.step idx=3868
.step idx=3869
.step idx=3870
.step idx=3871
.step idx=3872
.step idx=3873
.step idx=3874
.step idx=3875
.step idx=3876
.step idx=3877
.step idx=3878
.step idx=3879
.step idx=3880
.step idx=3881
.step idx=3882
.step idx=3883
.step idx=3884
.step idx=3885
.step idx=3886
.step idx=3887
.step idx=3888
.step idx=3889
.step idx=3890
.step idx=3891
.step idx=3892
.step idx=3893
.step idx=3894
.step idx=3895
.step idx=3896
.step idx=3897
.step idx=3898
.step idx=3899
.step idx=3900
.step idx=3901
.step idx=3902
.step idx=3903
.step idx=3904
.step idx=3905
.step idx=3906
.step idx=3907
.step idx=3908
.step idx=3909
.step idx=3910
.step idx=3911
.step idx=3912
.step idx=3913
.step idx=3914
.step idx=3915
.step idx=3916
.step idx=3917
.step idx=3918
.step idx=3919
.step idx=3920
.step idx=3921
.step idx=3922
.step idx=3923
.step idx=3924
.step idx=3925
.step idx=3926
.step idx=3927
.step idx=3928
.step idx=3929
.step idx=3930
.step idx=3931
.step idx=3932
.step idx=3933
.step idx=3934
.step idx=3935
.step idx=3936
.step idx=3937
.step idx=3938
.step idx=3939
.step idx=3940
.step idx=3941
.step idx=3942
.step idx=3943
.step idx=3944
.step idx=3945
.step idx=3946
.step idx=3947
.step idx=3948
.step idx=3949
.step idx=3950
.step idx=3951
.step idx=3952
.step idx=3953
.step idx=3954
.step idx=3955
.step idx=3956
.step idx=3957
.step idx=3958
.step idx=3959
.step idx=3960
.step idx=3961
.step idx=3962
.step idx=3963
.step idx=3964
.step idx=3965
.step idx=3966
.step idx=3967
.step idx=3968
.step idx=3969
.step idx=3970
.step idx=3971
.step idx=3972
.step idx=3973
.step idx=3974
.step idx=3975
.step idx=3976
.step idx=3977
.step idx=3978
.step idx=3979
.step idx=3980
.step idx=3981
.step idx=3982
.step idx=3983
.step idx=3984
.step idx=3985
.step idx=3986
.step idx=3987
.step idx=3988
.step idx=3989
.step idx=3990
.step idx=3991
.step idx=3992
.step idx=3993
.step idx=3994
.step idx=3995
.step idx=3996
.step idx=3997
.step idx=3998
.step idx=3999
.step idx=4000
.step idx=4001
.step idx=4002
.step idx=4003
.step idx=4004
.step idx=4005
.step idx=4006
.step idx=4007
.step idx=4008
.step idx=4009
.step idx=4010
.step idx=4011
.step idx=4012
.step idx=4013
.step idx=4014
.step idx=4015
.step idx=4016
.step idx=4017
.step idx=4018
.step idx=4019
.step idx=4020
.step idx=4021
.step idx=4022
.step idx=4023
.step idx=4024
.step idx=4025
.step idx=4026
.step idx=4027
.step idx=4028
.step idx=4029
.step idx=4030
.step idx=4031
.step idx=4032
.step idx=4033
.step idx=4034
.step idx=4035
.step idx=4036
.step idx=4037
.step idx=4038
.step idx=4039
.step idx=4040
.step idx=4041
.step idx=4042
.step idx=4043
.step idx=4044
.step idx=4045
.step idx=4046
.step idx=4047
.step idx=4048
.step idx=4049
.step idx=4050
.step idx=4051
.step idx=4052
.step idx=4053
.step idx=4054
.step idx=4055
.step idx=4056
.step idx=4057
.step idx=4058
.step idx=4059
.step idx=4060
.step idx=4061
.step idx=4062
.step idx=4063
.step idx=4064
.step idx=4065
.step idx=4066
.step idx=4067
.step idx=4068
.step idx=4069
.step idx=4070
.step idx=4071
.step idx=4072
.step idx=4073
.step idx=4074
.step idx=4075
.step idx=4076
.step idx=4077
.step idx=4078
.step idx=4079
.step idx=4080
.step idx=4081
.step idx=4082
.step idx=4083
.step idx=4084
.step idx=4085
.step idx=4086
.step idx=4087
.step idx=4088
.step idx=4089
.step idx=4090
.step idx=4091
.step idx=4092
.step idx=4093
.step idx=4094
.step idx=4095
.step idx=4096
.step idx=4097
.step idx=4098
.step idx=4099
.step idx=4100
.step idx=4101
.step idx=4102
.step idx=4103
.step idx=4104
.step idx=4105
.step idx=4106
.step idx=4107
.step idx=4108
.step idx=4109
.step idx=4110
.step idx=4111
.step idx=4112
.step idx=4113
.step idx=4114
.step idx=4115
.step idx=4116
.step idx=4117
.step idx=4118
.step idx=4119
.step idx=4120
.step idx=4121
.step idx=4122
.step idx=4123
.step idx=4124
.step idx=4125
.step idx=4126
.step idx=4127
.step idx=4128
.step idx=4129
.step idx=4130
.step idx=4131
.step idx=4132
.step idx=4133
.step idx=4134
.step idx=4135
.step idx=4136
.step idx=4137
.step idx=4138
.step idx=4139
.step idx=4140
.step idx=4141
.step idx=4142
.step idx=4143
.step idx=4144
.step idx=4145
.step idx=4146
.step idx=4147
.step idx=4148
.step idx=4149
.step idx=4150
.step idx=4151
.step idx=4152
.step idx=4153
.step idx=4154
.step idx=4155
.step idx=4156
.step idx=4157
.step idx=4158
.step idx=4159
.step idx=4160
.step idx=4161
.step idx=4162
.step idx=4163
.step idx=4164
.step idx=4165
.step idx=4166
.step idx=4167
.step idx=4168
.step idx=4169
.step idx=4170
.step idx=4171
.step idx=4172
.step idx=4173
.step idx=4174
.step idx=4175
.step idx=4176
.step idx=4177
.step idx=4178
.step idx=4179
.step idx=4180
.step idx=4181
.step idx=4182
.step idx=4183
.step idx=4184
.step idx=4185
.step idx=4186
.step idx=4187
.step idx=4188
.step idx=4189
.step idx=4190
.step idx=4191
.step idx=4192
.step idx=4193
.step idx=4194
.step idx=4195
.step idx=4196
.step idx=4197
.step idx=4198
.step idx=4199
.step idx=4200
.step idx=4201
.step idx=4202
.step idx=4203
.step idx=4204
.step idx=4205
.step idx=4206
.step idx=4207
.step idx=4208
.step idx=4209
.step idx=4210
.step idx=4211
.step idx=4212
.step idx=4213
.step idx=4214
.step idx=4215
.step idx=4216
.step idx=4217
.step idx=4218
.step idx=4219
.step idx=4220
.step idx=4221
.step idx=4222
.step idx=4223
.step idx=4224
.step idx=4225
.step idx=4226
.step idx=4227
.step idx=4228
.step idx=4229
.step idx=4230
.step idx=4231
.step idx=4232
.step idx=4233
.step idx=4234
.step idx=4235
.step idx=4236
.step idx=4237
.step idx=4238
.step idx=4239
.step idx=4240
.step idx=4241
.step idx=4242
.step idx=4243
.step idx=4244
.step idx=4245
.step idx=4246
.step idx=4247
.step idx=4248
.step idx=4249
.step idx=4250
.step idx=4251
.step idx=4252
.step idx=4253
.step idx=4254
.step idx=4255
.step idx=4256
.step idx=4257
.step idx=4258
.step idx=4259
.step idx=4260
.step idx=4261
.step idx=4262
.step idx=4263
.step idx=4264
.step idx=4265
.step idx=4266
.step idx=4267
.step idx=4268
.step idx=4269
.step idx=4270
.step idx=4271
.step idx=4272
.step idx=4273
.step idx=4274
.step idx=4275
.step idx=4276
.step idx=4277
.step idx=4278
.step idx=4279
.step idx=4280
.step idx=4281
.step idx=4282
.step idx=4283
.step idx=4284
.step idx=4285
.step idx=4286
.step idx=4287
.step idx=4288
.step idx=4289
.step idx=4290
.step idx=4291
.step idx=4292
.step idx=4293
.step idx=4294
.step idx=4295
.step idx=4296
.step idx=4297
.step idx=4298
.step idx=4299
.step idx=4300
.step idx=4301
.step idx=4302
.step idx=4303
.step idx=4304
.step idx=4305
.step idx=4306
.step idx=4307
.step idx=4308
.step idx=4309
.step idx=4310
.step idx=4311
.step idx=4312
.step idx=4313
.step idx=4314
.step idx=4315
.step idx=4316
.step idx=4317
.step idx=4318
.step idx=4319
.step idx=4320
.step idx=4321
.step idx=4322
.step idx=4323
.step idx=4324
.step idx=4325
.step idx=4326
.step idx=4327
.step idx=4328
.step idx=4329
.step idx=4330
.step idx=4331
.step idx=4332
.step idx=4333
.step idx=4334
.step idx=4335
.step idx=4336
.step idx=4337
.step idx=4338
.step idx=4339
.step idx=4340
.step idx=4341
.step idx=4342
.step idx=4343
.step idx=4344
.step idx=4345
.step idx=4346
.step idx=4347
.step idx=4348
.step idx=4349
.step idx=4350
.step idx=4351
.step idx=4352
.step idx=4353
.step idx=4354
.step idx=4355
.step idx=4356
.step idx=4357
.step idx=4358
.step idx=4359
.step idx=4360
.step idx=4361
.step idx=4362
.step idx=4363
.step idx=4364
.step idx=4365
.step idx=4366
.step idx=4367
.step idx=4368
.step idx=4369
.step idx=4370
.step idx=4371
.step idx=4372
.step idx=4373
.step idx=4374
.step idx=4375
.step idx=4376
.step idx=4377
.step idx=4378
.step idx=4379
.step idx=4380
.step idx=4381
.step idx=4382
.step idx=4383
.step idx=4384
.step idx=4385
.step idx=4386
.step idx=4387
.step idx=4388
.step idx=4389
.step idx=4390
.step idx=4391
.step idx=4392
.step idx=4393
.step idx=4394
.step idx=4395
.step idx=4396
.step idx=4397
.step idx=4398
.step idx=4399
.step idx=4400
.step idx=4401
.step idx=4402
.step idx=4403
.step idx=4404
.step idx=4405
.step idx=4406
.step idx=4407
.step idx=4408
.step idx=4409
.step idx=4410
.step idx=4411
.step idx=4412
.step idx=4413
.step idx=4414
.step idx=4415
.step idx=4416
.step idx=4417
.step idx=4418
.step idx=4419
.step idx=4420
.step idx=4421
.step idx=4422
.step idx=4423
.step idx=4424
.step idx=4425
.step idx=4426
.step idx=4427
.step idx=4428
.step idx=4429
.step idx=4430
.step idx=4431
.step idx=4432
.step idx=4433
.step idx=4434
.step idx=4435
.step idx=4436
.step idx=4437
.step idx=4438
.step idx=4439
.step idx=4440
.step idx=4441
.step idx=4442
.step idx=4443
.step idx=4444
.step idx=4445
.step idx=4446
.step idx=4447
.step idx=4448
.step idx=4449
.step idx=4450
.step idx=4451
.step idx=4452
.step idx=4453
.step idx=4454
.step idx=4455
.step idx=4456
.step idx=4457
.step idx=4458
.step idx=4459
.step idx=4460
.step idx=4461
.step idx=4462
.step idx=4463
.step idx=4464
.step idx=4465
.step idx=4466
.step idx=4467
.step idx=4468
.step idx=4469
.step idx=4470
.step idx=4471
.step idx=4472
.step idx=4473
.step idx=4474
.step idx=4475
.step idx=4476
.step idx=4477
.step idx=4478
.step idx=4479
.step idx=4480
.step idx=4481
.step idx=4482
.step idx=4483
.step idx=4484
.step idx=4485
.step idx=4486
.step idx=4487
.step idx=4488
.step idx=4489
.step idx=4490
.step idx=4491
.step idx=4492
.step idx=4493
.step idx=4494
.step idx=4495
.step idx=4496
.step idx=4497
.step idx=4498
.step idx=4499
.step idx=4500
.step idx=4501
.step idx=4502
.step idx=4503
.step idx=4504
.step idx=4505
.step idx=4506
.step idx=4507
.step idx=4508
.step idx=4509
.step idx=4510
.step idx=4511
.step idx=4512
.step idx=4513
.step idx=4514
.step idx=4515
.step idx=4516
.step idx=4517
.step idx=4518
.step idx=4519
.step idx=4520
.step idx=4521
.step idx=4522
.step idx=4523
.step idx=4524
.step idx=4525
.step idx=4526
.step idx=4527
.step idx=4528
.step idx=4529
.step idx=4530
.step idx=4531
.step idx=4532
.step idx=4533
.step idx=4534
.step idx=4535
.step idx=4536
.step idx=4537
.step idx=4538
.step idx=4539
.step idx=4540
.step idx=4541
.step idx=4542
.step idx=4543
.step idx=4544
.step idx=4545
.step idx=4546
.step idx=4547
.step idx=4548
.step idx=4549
.step idx=4550
.step idx=4551
.step idx=4552
.step idx=4553
.step idx=4554
.step idx=4555
.step idx=4556
.step idx=4557
.step idx=4558
.step idx=4559
.step idx=4560
.step idx=4561
.step idx=4562
.step idx=4563
.step idx=4564
.step idx=4565
.step idx=4566
.step idx=4567
.step idx=4568
.step idx=4569
.step idx=4570
.step idx=4571
.step idx=4572
.step idx=4573
.step idx=4574
.step idx=4575
.step idx=4576
.step idx=4577
.step idx=4578
.step idx=4579
.step idx=4580
.step idx=4581
.step idx=4582
.step idx=4583
.step idx=4584
.step idx=4585
.step idx=4586
.step idx=4587
.step idx=4588
.step idx=4589
.step idx=4590
.step idx=4591
.step idx=4592
.step idx=4593
.step idx=4594
.step idx=4595
.step idx=4596
.step idx=4597
.step idx=4598
.step idx=4599
.step idx=4600
.step idx=4601
.step idx=4602
.step idx=4603
.step idx=4604
.step idx=4605
.step idx=4606
.step idx=4607
.step idx=4608
.step idx=4609
.step idx=4610
.step idx=4611
.step idx=4612
.step idx=4613
.step idx=4614
.step idx=4615
.step idx=4616
.step idx=4617
.step idx=4618
.step idx=4619
.step idx=4620
.step idx=4621
.step idx=4622
.step idx=4623
.step idx=4624
.step idx=4625
.step idx=4626
.step idx=4627
.step idx=4628
.step idx=4629
.step idx=4630
.step idx=4631
.step idx=4632
.step idx=4633
.step idx=4634
.step idx=4635
.step idx=4636
.step idx=4637
.step idx=4638
.step idx=4639
.step idx=4640
.step idx=4641
.step idx=4642
.step idx=4643
.step idx=4644
.step idx=4645
.step idx=4646
.step idx=4647
.step idx=4648
.step idx=4649
.step idx=4650
.step idx=4651
.step idx=4652
.step idx=4653
.step idx=4654
.step idx=4655
.step idx=4656
.step idx=4657
.step idx=4658
.step idx=4659
.step idx=4660
.step idx=4661
.step idx=4662
.step idx=4663
.step idx=4664
.step idx=4665
.step idx=4666
.step idx=4667
.step idx=4668
.step idx=4669
.step idx=4670
.step idx=4671
.step idx=4672
.step idx=4673
.step idx=4674
.step idx=4675
.step idx=4676
.step idx=4677
.step idx=4678
.step idx=4679
.step idx=4680
.step idx=4681
.step idx=4682
.step idx=4683
.step idx=4684
.step idx=4685
.step idx=4686
.step idx=4687
.step idx=4688
.step idx=4689
.step idx=4690
.step idx=4691
.step idx=4692
.step idx=4693
.step idx=4694
.step idx=4695
.step idx=4696
.step idx=4697
.step idx=4698
.step idx=4699
.step idx=4700
.step idx=4701
.step idx=4702
.step idx=4703
.step idx=4704
.step idx=4705
.step idx=4706
.step idx=4707
.step idx=4708
.step idx=4709
.step idx=4710
.step idx=4711
.step idx=4712
.step idx=4713
.step idx=4714
.step idx=4715
.step idx=4716
.step idx=4717
.step idx=4718
.step idx=4719
.step idx=4720
.step idx=4721
.step idx=4722
.step idx=4723
.step idx=4724
.step idx=4725
.step idx=4726
.step idx=4727
.step idx=4728
.step idx=4729
.step idx=4730
.step idx=4731
.step idx=4732
.step idx=4733
.step idx=4734
.step idx=4735
.step idx=4736
.step idx=4737
.step idx=4738
.step idx=4739
.step idx=4740
.step idx=4741
.step idx=4742
.step idx=4743
.step idx=4744
.step idx=4745
.step idx=4746
.step idx=4747
.step idx=4748
.step idx=4749
.step idx=4750
.step idx=4751
.step idx=4752
.step idx=4753
.step idx=4754
.step idx=4755
.step idx=4756
.step idx=4757
.step idx=4758
.step idx=4759
.step idx=4760
.step idx=4761
.step idx=4762
.step idx=4763
.step idx=4764
.step idx=4765
.step idx=4766
.step idx=4767
.step idx=4768
.step idx=4769
.step idx=4770
.step idx=4771
.step idx=4772
.step idx=4773
.step idx=4774
.step idx=4775
.step idx=4776
.step idx=4777
.step idx=4778
.step idx=4779
.step idx=4780
.step idx=4781
.step idx=4782
.step idx=4783
.step idx=4784
.step idx=4785
.step idx=4786
.step idx=4787
.step idx=4788
.step idx=4789
.step idx=4790
.step idx=4791
.step idx=4792
.step idx=4793
.step idx=4794
.step idx=4795
.step idx=4796
.step idx=4797
.step idx=4798
.step idx=4799
.step idx=4800
.step idx=4801
.step idx=4802
.step idx=4803
.step idx=4804
.step idx=4805
.step idx=4806
.step idx=4807
.step idx=4808
.step idx=4809
.step idx=4810
.step idx=4811
.step idx=4812
.step idx=4813
.step idx=4814
.step idx=4815
.step idx=4816
.step idx=4817
.step idx=4818
.step idx=4819
.step idx=4820
.step idx=4821
.step idx=4822
.step idx=4823
.step idx=4824
.step idx=4825
.step idx=4826
.step idx=4827
.step idx=4828
.step idx=4829
.step idx=4830
.step idx=4831
.step idx=4832
.step idx=4833
.step idx=4834
.step idx=4835
.step idx=4836
.step idx=4837
.step idx=4838
.step idx=4839
.step idx=4840
.step idx=4841
.step idx=4842
.step idx=4843
.step idx=4844
.step idx=4845
.step idx=4846
.step idx=4847
.step idx=4848
.step idx=4849
.step idx=4850
.step idx=4851
.step idx=4852
.step idx=4853
.step idx=4854
.step idx=4855
.step idx=4856
.step idx=4857
.step idx=4858
.step idx=4859
.step idx=4860
.step idx=4861
.step idx=4862
.step idx=4863
.step idx=4864
.step idx=4865
.step idx=4866
.step idx=4867
.step idx=4868
.step idx=4869
.step idx=4870
.step idx=4871
.step idx=4872
.step idx=4873
.step idx=4874
.step idx=4875
.step idx=4876
.step idx=4877
.step idx=4878
.step idx=4879
.step idx=4880
.step idx=4881
.step idx=4882
.step idx=4883
.step idx=4884
.step idx=4885
.step idx=4886
.step idx=4887
.step idx=4888
.step idx=4889
.step idx=4890
.step idx=4891
.step idx=4892
.step idx=4893
.step idx=4894
.step idx=4895
.step idx=4896
.step idx=4897
.step idx=4898
.step idx=4899
.step idx=4900
.step idx=4901
.step idx=4902
.step idx=4903
.step idx=4904
.step idx=4905
.step idx=4906
.step idx=4907
.step idx=4908
.step idx=4909
.step idx=4910
.step idx=4911
.step idx=4912
.step idx=4913
.step idx=4914
.step idx=4915
.step idx=4916
.step idx=4917
.step idx=4918
.step idx=4919
.step idx=4920
.step idx=4921
.step idx=4922
.step idx=4923
.step idx=4924
.step idx=4925
.step idx=4926
.step idx=4927
.step idx=4928
.step idx=4929
.step idx=4930
.step idx=4931
.step idx=4932
.step idx=4933
.step idx=4934
.step idx=4935
.step idx=4936
.step idx=4937
.step idx=4938
.step idx=4939
.step idx=4940
.step idx=4941
.step idx=4942
.step idx=4943
.step idx=4944
.step idx=4945
.step idx=4946
.step idx=4947
.step idx=4948
.step idx=4949
.step idx=4950
.step idx=4951
.step idx=4952
.step idx=4953
.step idx=4954
.step idx=4955
.step idx=4956
.step idx=4957
.step idx=4958
.step idx=4959
.step idx=4960
.step idx=4961
.step idx=4962
.step idx=4963
.step idx=4964
.step idx=4965
.step idx=4966
.step idx=4967
.step idx=4968
.step idx=4969
.step idx=4970
.step idx=4971
.step idx=4972
.step idx=4973
.step idx=4974
.step idx=4975
.step idx=4976
.step idx=4977
.step idx=4978
.step idx=4979
.step idx=4980
.step idx=4981
.step idx=4982
.step idx=4983
.step idx=4984
.step idx=4985
.step idx=4986
.step idx=4987
.step idx=4988
.step idx=4989
.step idx=4990
.step idx=4991
.step idx=4992
.step idx=4993
.step idx=4994
.step idx=4995
.step idx=4996
.step idx=4997
.step idx=4998
.step idx=4999
.step idx=5000
.step idx=5001
.step idx=5002
.step idx=5003
.step idx=5004
.step idx=5005
.step idx=5006
.step idx=5007
.step idx=5008
.step idx=5009
.step idx=5010
.step idx=5011
.step idx=5012
.step idx=5013
.step idx=5014
.step idx=5015
.step idx=5016
.step idx=5017
.step idx=5018
.step idx=5019
.step idx=5020
.step idx=5021
.step idx=5022
.step idx=5023
.step idx=5024
.step idx=5025
.step idx=5026
.step idx=5027
.step idx=5028
.step idx=5029
.step idx=5030
.step idx=5031
.step idx=5032
.step idx=5033
.step idx=5034
.step idx=5035
.step idx=5036
.step idx=5037
.step idx=5038
.step idx=5039
.step idx=5040
.step idx=5041
.step idx=5042
.step idx=5043
.step idx=5044
.step idx=5045
.step idx=5046
.step idx=5047
.step idx=5048
.step idx=5049
.step idx=5050
.step idx=5051
.step idx=5052
.step idx=5053
.step idx=5054
.step idx=5055
.step idx=5056
.step idx=5057
.step idx=5058
.step idx=5059
.step idx=5060
.step idx=5061
.step idx=5062
.step idx=5063
.step idx=5064
.step idx=5065
.step idx=5066
.step idx=5067
.step idx=5068
.step idx=5069
.step idx=5070
.step idx=5071
.step idx=5072
.step idx=5073
.step idx=5074
.step idx=5075
.step idx=5076
.step idx=5077
.step idx=5078
.step idx=5079
.step idx=5080
.step idx=5081
.step idx=5082
.step idx=5083
.step idx=5084
.step idx=5085
.step idx=5086
.step idx=5087
.step idx=5088
.step idx=5089
.step idx=5090
.step idx=5091
.step idx=5092
.step idx=5093
.step idx=5094
.step idx=5095
.step idx=5096
.step idx=5097
.step idx=5098
.step idx=5099
.step idx=5100
.step idx=5101
.step idx=5102
.step idx=5103
.step idx=5104
.step idx=5105
.step idx=5106
.step idx=5107
.step idx=5108
.step idx=5109
.step idx=5110
.step idx=5111
.step idx=5112
.step idx=5113
.step idx=5114
.step idx=5115
.step idx=5116
.step idx=5117
.step idx=5118
.step idx=5119
.step idx=5120
.step idx=5121
.step idx=5122
.step idx=5123
.step idx=5124
.step idx=5125
.step idx=5126
.step idx=5127
.step idx=5128
.step idx=5129
.step idx=5130
.step idx=5131
.step idx=5132
.step idx=5133
.step idx=5134
.step idx=5135
.step idx=5136
.step idx=5137
.step idx=5138
.step idx=5139
.step idx=5140
.step idx=5141
.step idx=5142
.step idx=5143
.step idx=5144
.step idx=5145
.step idx=5146
.step idx=5147
.step idx=5148
.step idx=5149
.step idx=5150
.step idx=5151
.step idx=5152
.step idx=5153
.step idx=5154
.step idx=5155
.step idx=5156
.step idx=5157
.step idx=5158
.step idx=5159
.step idx=5160
.step idx=5161
.step idx=5162
.step idx=5163
.step idx=5164
.step idx=5165
.step idx=5166
.step idx=5167
.step idx=5168
.step idx=5169
.step idx=5170
.step idx=5171
.step idx=5172
.step idx=5173
.step idx=5174
.step idx=5175
.step idx=5176
.step idx=5177
.step idx=5178
.step idx=5179
.step idx=5180
.step idx=5181
.step idx=5182
.step idx=5183
.step idx=5184
.step idx=5185
.step idx=5186
.step idx=5187
.step idx=5188
.step idx=5189
.step idx=5190
.step idx=5191
.step idx=5192
.step idx=5193
.step idx=5194
.step idx=5195
.step idx=5196
.step idx=5197
.step idx=5198
.step idx=5199
.step idx=5200
.step idx=5201
.step idx=5202
.step idx=5203
.step idx=5204
.step idx=5205
.step idx=5206
.step idx=5207
.step idx=5208
.step idx=5209
.step idx=5210
.step idx=5211
.step idx=5212
.step idx=5213
.step idx=5214
.step idx=5215
.step idx=5216
.step idx=5217
.step idx=5218
.step idx=5219
.step idx=5220
.step idx=5221
.step idx=5222
.step idx=5223
.step idx=5224
.step idx=5225
.step idx=5226
.step idx=5227
.step idx=5228
.step idx=5229
.step idx=5230
.step idx=5231
.step idx=5232
.step idx=5233
.step idx=5234
.step idx=5235
.step idx=5236
.step idx=5237
.step idx=5238
.step idx=5239
.step idx=5240
.step idx=5241
.step idx=5242
.step idx=5243
.step idx=5244
.step idx=5245
.step idx=5246
.step idx=5247
.step idx=5248
.step idx=5249
.step idx=5250
.step idx=5251
.step idx=5252
.step idx=5253
.step idx=5254
.step idx=5255
.step idx=5256
.step idx=5257
.step idx=5258
.step idx=5259
.step idx=5260
.step idx=5261
.step idx=5262
.step idx=5263
.step idx=5264
.step idx=5265
.step idx=5266
.step idx=5267
.step idx=5268
.step idx=5269
.step idx=5270
.step idx=5271
.step idx=5272
.step idx=5273
.step idx=5274
.step idx=5275
.step idx=5276
.step idx=5277
.step idx=5278
.step idx=5279
.step idx=5280
.step idx=5281
.step idx=5282
.step idx=5283
.step idx=5284
.step idx=5285
.step idx=5286
.step idx=5287
.step idx=5288
.step idx=5289
.step idx=5290
.step idx=5291
.step idx=5292
.step idx=5293
.step idx=5294
.step idx=5295
.step idx=5296
.step idx=5297
.step idx=5298
.step idx=5299
.step idx=5300
.step idx=5301
.step idx=5302
.step idx=5303
.step idx=5304
.step idx=5305
.step idx=5306
.step idx=5307
.step idx=5308
.step idx=5309
.step idx=5310
.step idx=5311
.step idx=5312
.step idx=5313
.step idx=5314
.step idx=5315
.step idx=5316
.step idx=5317
.step idx=5318
.step idx=5319
.step idx=5320
.step idx=5321
.step idx=5322
.step idx=5323
.step idx=5324
.step idx=5325
.step idx=5326
.step idx=5327
.step idx=5328
.step idx=5329
.step idx=5330
.step idx=5331
.step idx=5332
.step idx=5333
.step idx=5334
.step idx=5335
.step idx=5336
.step idx=5337
.step idx=5338
.step idx=5339
.step idx=5340
.step idx=5341
.step idx=5342
.step idx=5343
.step idx=5344
.step idx=5345
.step idx=5346
.step idx=5347
.step idx=5348
.step idx=5349
.step idx=5350
.step idx=5351
.step idx=5352
.step idx=5353
.step idx=5354
.step idx=5355
.step idx=5356
.step idx=5357
.step idx=5358
.step idx=5359
.step idx=5360
.step idx=5361
.step idx=5362
.step idx=5363
.step idx=5364
.step idx=5365
.step idx=5366
.step idx=5367
.step idx=5368
.step idx=5369
.step idx=5370
.step idx=5371
.step idx=5372
.step idx=5373
.step idx=5374
.step idx=5375
.step idx=5376
.step idx=5377
.step idx=5378
.step idx=5379
.step idx=5380
.step idx=5381
.step idx=5382
.step idx=5383
.step idx=5384
.step idx=5385
.step idx=5386
.step idx=5387
.step idx=5388
.step idx=5389
.step idx=5390
.step idx=5391
.step idx=5392
.step idx=5393
.step idx=5394
.step idx=5395
.step idx=5396
.step idx=5397
.step idx=5398
.step idx=5399
.step idx=5400
.step idx=5401
.step idx=5402
.step idx=5403
.step idx=5404
.step idx=5405
.step idx=5406
.step idx=5407
.step idx=5408
.step idx=5409
.step idx=5410
.step idx=5411
.step idx=5412
.step idx=5413
.step idx=5414
.step idx=5415
.step idx=5416
.step idx=5417
.step idx=5418
.step idx=5419
.step idx=5420
.step idx=5421
.step idx=5422
.step idx=5423
.step idx=5424
.step idx=5425
.step idx=5426
.step idx=5427
.step idx=5428
.step idx=5429
.step idx=5430
.step idx=5431
.step idx=5432
.step idx=5433
.step idx=5434
.step idx=5435
.step idx=5436
.step idx=5437
.step idx=5438
.step idx=5439
.step idx=5440
.step idx=5441
.step idx=5442
.step idx=5443
.step idx=5444
.step idx=5445
.step idx=5446
.step idx=5447
.step idx=5448
.step idx=5449
.step idx=5450
.step idx=5451
.step idx=5452
.step idx=5453
.step idx=5454
.step idx=5455
.step idx=5456
.step idx=5457
.step idx=5458
.step idx=5459
.step idx=5460
.step idx=5461
.step idx=5462
.step idx=5463
.step idx=5464
.step idx=5465
.step idx=5466
.step idx=5467
.step idx=5468
.step idx=5469
.step idx=5470
.step idx=5471
.step idx=5472
.step idx=5473
.step idx=5474
.step idx=5475
.step idx=5476
.step idx=5477
.step idx=5478
.step idx=5479
.step idx=5480
.step idx=5481
.step idx=5482
.step idx=5483
.step idx=5484
.step idx=5485
.step idx=5486
.step idx=5487
.step idx=5488
.step idx=5489
.step idx=5490
.step idx=5491
.step idx=5492
.step idx=5493
.step idx=5494
.step idx=5495
.step idx=5496
.step idx=5497
.step idx=5498
.step idx=5499
.step idx=5500
.step idx=5501
.step idx=5502
.step idx=5503
.step idx=5504
.step idx=5505
.step idx=5506
.step idx=5507
.step idx=5508
.step idx=5509
.step idx=5510
.step idx=5511
.step idx=5512
.step idx=5513
.step idx=5514
.step idx=5515
.step idx=5516
.step idx=5517
.step idx=5518
.step idx=5519
.step idx=5520
.step idx=5521
.step idx=5522
.step idx=5523
.step idx=5524
.step idx=5525
.step idx=5526
.step idx=5527
.step idx=5528
.step idx=5529
.step idx=5530
.step idx=5531
.step idx=5532
.step idx=5533
.step idx=5534
.step idx=5535
.step idx=5536
.step idx=5537
.step idx=5538
.step idx=5539
.step idx=5540
.step idx=5541
.step idx=5542
.step idx=5543
.step idx=5544
.step idx=5545
.step idx=5546
.step idx=5547
.step idx=5548
.step idx=5549
.step idx=5550
.step idx=5551
.step idx=5552
.step idx=5553
.step idx=5554
.step idx=5555
.step idx=5556
.step idx=5557
.step idx=5558
.step idx=5559
.step idx=5560
.step idx=5561
.step idx=5562
.step idx=5563
.step idx=5564
.step idx=5565
.step idx=5566
.step idx=5567
.step idx=5568
.step idx=5569
.step idx=5570
.step idx=5571
.step idx=5572
.step idx=5573
.step idx=5574
.step idx=5575
.step idx=5576
.step idx=5577
.step idx=5578
.step idx=5579
.step idx=5580
.step idx=5581
.step idx=5582
.step idx=5583
.step idx=5584
.step idx=5585
.step idx=5586
.step idx=5587
.step idx=5588
.step idx=5589
.step idx=5590
.step idx=5591
.step idx=5592
.step idx=5593
.step idx=5594
.step idx=5595
.step idx=5596
.step idx=5597
.step idx=5598
.step idx=5599
.step idx=5600
.step idx=5601
.step idx=5602
.step idx=5603
.step idx=5604
.step idx=5605
.step idx=5606
.step idx=5607
.step idx=5608
.step idx=5609
.step idx=5610
.step idx=5611
.step idx=5612
.step idx=5613
.step idx=5614
.step idx=5615
.step idx=5616
.step idx=5617
.step idx=5618
.step idx=5619
.step idx=5620
.step idx=5621
.step idx=5622
.step idx=5623
.step idx=5624
.step idx=5625
.step idx=5626
.step idx=5627
.step idx=5628
.step idx=5629
.step idx=5630
.step idx=5631
.step idx=5632
.step idx=5633
.step idx=5634
.step idx=5635
.step idx=5636
.step idx=5637
.step idx=5638
.step idx=5639
.step idx=5640
.step idx=5641
.step idx=5642
.step idx=5643
.step idx=5644
.step idx=5645
.step idx=5646
.step idx=5647
.step idx=5648
.step idx=5649
.step idx=5650
.step idx=5651
.step idx=5652
.step idx=5653
.step idx=5654
.step idx=5655
.step idx=5656
.step idx=5657
.step idx=5658
.step idx=5659
.step idx=5660
.step idx=5661
.step idx=5662
.step idx=5663
.step idx=5664
.step idx=5665
.step idx=5666
.step idx=5667
.step idx=5668
.step idx=5669
.step idx=5670
.step idx=5671
.step idx=5672
.step idx=5673
.step idx=5674
.step idx=5675
.step idx=5676
.step idx=5677
.step idx=5678
.step idx=5679
.step idx=5680
.step idx=5681
.step idx=5682
.step idx=5683
.step idx=5684
.step idx=5685
.step idx=5686
.step idx=5687
.step idx=5688
.step idx=5689
.step idx=5690
.step idx=5691
.step idx=5692
.step idx=5693
.step idx=5694
.step idx=5695
.step idx=5696
.step idx=5697
.step idx=5698
.step idx=5699
.step idx=5700
.step idx=5701
.step idx=5702
.step idx=5703
.step idx=5704
.step idx=5705
.step idx=5706
.step idx=5707
.step idx=5708
.step idx=5709
.step idx=5710
.step idx=5711
.step idx=5712
.step idx=5713
.step idx=5714
.step idx=5715
.step idx=5716
.step idx=5717
.step idx=5718
.step idx=5719
.step idx=5720
.step idx=5721
.step idx=5722
.step idx=5723
.step idx=5724
.step idx=5725
.step idx=5726
.step idx=5727
.step idx=5728
.step idx=5729
.step idx=5730
.step idx=5731
.step idx=5732
.step idx=5733
.step idx=5734
.step idx=5735
.step idx=5736
.step idx=5737
.step idx=5738
.step idx=5739
.step idx=5740
.step idx=5741
.step idx=5742
.step idx=5743
.step idx=5744
.step idx=5745
.step idx=5746
.step idx=5747
.step idx=5748
.step idx=5749
.step idx=5750
.step idx=5751
.step idx=5752
.step idx=5753
.step idx=5754
.step idx=5755
.step idx=5756
.step idx=5757
.step idx=5758
.step idx=5759
.step idx=5760
.step idx=5761
.step idx=5762
.step idx=5763
.step idx=5764
.step idx=5765
.step idx=5766
.step idx=5767
.step idx=5768
.step idx=5769
.step idx=5770
.step idx=5771
.step idx=5772
.step idx=5773
.step idx=5774
.step idx=5775
.step idx=5776
.step idx=5777
.step idx=5778
.step idx=5779
.step idx=5780
.step idx=5781
.step idx=5782
.step idx=5783
.step idx=5784
.step idx=5785
.step idx=5786
.step idx=5787
.step idx=5788
.step idx=5789
.step idx=5790
.step idx=5791
.step idx=5792
.step idx=5793
.step idx=5794
.step idx=5795
.step idx=5796
.step idx=5797
.step idx=5798
.step idx=5799
.step idx=5800
.step idx=5801
.step idx=5802
.step idx=5803
.step idx=5804
.step idx=5805
.step idx=5806
.step idx=5807
.step idx=5808
.step idx=5809
.step idx=5810
.step idx=5811
.step idx=5812
.step idx=5813
.step idx=5814
.step idx=5815
.step idx=5816
.step idx=5817
.step idx=5818
.step idx=5819
.step idx=5820
.step idx=5821
.step idx=5822
.step idx=5823
.step idx=5824
.step idx=5825
.step idx=5826
.step idx=5827
.step idx=5828
.step idx=5829
.step idx=5830
.step idx=5831
.step idx=5832
.step idx=5833
.step idx=5834
.step idx=5835
.step idx=5836
.step idx=5837
.step idx=5838
.step idx=5839
.step idx=5840
.step idx=5841
.step idx=5842
.step idx=5843
.step idx=5844
.step idx=5845
.step idx=5846
.step idx=5847
.step idx=5848
.step idx=5849
.step idx=5850
.step idx=5851
.step idx=5852
.step idx=5853
.step idx=5854
.step idx=5855
.step idx=5856
.step idx=5857
.step idx=5858
.step idx=5859
.step idx=5860
.step idx=5861
.step idx=5862
.step idx=5863
.step idx=5864
.step idx=5865
.step idx=5866
.step idx=5867
.step idx=5868
.step idx=5869
.step idx=5870
.step idx=5871
.step idx=5872
.step idx=5873
.step idx=5874
.step idx=5875
.step idx=5876
.step idx=5877
.step idx=5878
.step idx=5879
.step idx=5880
.step idx=5881
.step idx=5882
.step idx=5883
.step idx=5884
.step idx=5885
.step idx=5886
.step idx=5887
.step idx=5888
.step idx=5889
.step idx=5890
.step idx=5891
.step idx=5892
.step idx=5893
.step idx=5894
.step idx=5895
.step idx=5896
.step idx=5897
.step idx=5898
.step idx=5899
.step idx=5900
.step idx=5901
.step idx=5902
.step idx=5903
.step idx=5904
.step idx=5905
.step idx=5906
.step idx=5907
.step idx=5908
.step idx=5909
.step idx=5910
.step idx=5911
.step idx=5912
.step idx=5913
.step idx=5914
.step idx=5915
.step idx=5916
.step idx=5917
.step idx=5918
.step idx=5919
.step idx=5920
.step idx=5921
.step idx=5922
.step idx=5923
.step idx=5924
.step idx=5925
.step idx=5926
.step idx=5927
.step idx=5928
.step idx=5929
.step idx=5930
.step idx=5931
.step idx=5932
.step idx=5933
.step idx=5934
.step idx=5935
.step idx=5936
.step idx=5937
.step idx=5938
.step idx=5939
.step idx=5940
.step idx=5941
.step idx=5942
.step idx=5943
.step idx=5944
.step idx=5945
.step idx=5946
.step idx=5947
.step idx=5948
.step idx=5949
.step idx=5950
.step idx=5951
.step idx=5952
.step idx=5953
.step idx=5954
.step idx=5955
.step idx=5956
.step idx=5957
.step idx=5958
.step idx=5959
.step idx=5960
.step idx=5961
.step idx=5962
.step idx=5963
.step idx=5964
.step idx=5965
.step idx=5966
.step idx=5967
.step idx=5968
.step idx=5969
.step idx=5970
.step idx=5971
.step idx=5972
.step idx=5973
.step idx=5974
.step idx=5975
.step idx=5976
.step idx=5977
.step idx=5978
.step idx=5979
.step idx=5980
.step idx=5981
.step idx=5982
.step idx=5983
.step idx=5984
.step idx=5985
.step idx=5986
.step idx=5987
.step idx=5988
.step idx=5989
.step idx=5990
.step idx=5991
.step idx=5992
.step idx=5993
.step idx=5994
.step idx=5995
.step idx=5996
.step idx=5997
.step idx=5998
.step idx=5999
.step idx=6000
.step idx=6001
.step idx=6002
.step idx=6003
.step idx=6004
.step idx=6005
.step idx=6006
.step idx=6007
.step idx=6008
.step idx=6009
.step idx=6010
.step idx=6011
.step idx=6012
.step idx=6013
.step idx=6014
.step idx=6015
.step idx=6016
.step idx=6017
.step idx=6018
.step idx=6019
.step idx=6020
.step idx=6021
.step idx=6022
.step idx=6023
.step idx=6024
.step idx=6025
.step idx=6026
.step idx=6027
.step idx=6028
.step idx=6029
.step idx=6030
.step idx=6031
.step idx=6032
.step idx=6033
.step idx=6034
.step idx=6035
.step idx=6036
.step idx=6037
.step idx=6038
.step idx=6039
.step idx=6040
.step idx=6041
.step idx=6042
.step idx=6043
.step idx=6044
.step idx=6045
.step idx=6046
.step idx=6047
.step idx=6048
.step idx=6049
.step idx=6050
.step idx=6051
.step idx=6052
.step idx=6053
.step idx=6054
.step idx=6055
.step idx=6056
.step idx=6057
.step idx=6058
.step idx=6059
.step idx=6060
.step idx=6061
.step idx=6062
.step idx=6063
.step idx=6064
.step idx=6065
.step idx=6066
.step idx=6067
.step idx=6068
.step idx=6069
.step idx=6070
.step idx=6071
.step idx=6072
.step idx=6073
.step idx=6074
.step idx=6075
.step idx=6076
.step idx=6077
.step idx=6078
.step idx=6079
.step idx=6080
.step idx=6081
.step idx=6082
.step idx=6083
.step idx=6084
.step idx=6085
.step idx=6086
.step idx=6087
.step idx=6088
.step idx=6089
.step idx=6090
.step idx=6091
.step idx=6092
.step idx=6093
.step idx=6094
.step idx=6095
.step idx=6096
.step idx=6097
.step idx=6098
.step idx=6099
.step idx=6100
.step idx=6101
.step idx=6102
.step idx=6103
.step idx=6104
.step idx=6105
.step idx=6106
.step idx=6107
.step idx=6108
.step idx=6109
.step idx=6110
.step idx=6111
.step idx=6112
.step idx=6113
.step idx=6114
.step idx=6115
.step idx=6116
.step idx=6117
.step idx=6118
.step idx=6119
.step idx=6120
.step idx=6121
.step idx=6122
.step idx=6123
.step idx=6124
.step idx=6125
.step idx=6126
.step idx=6127
.step idx=6128
.step idx=6129
.step idx=6130
.step idx=6131
.step idx=6132
.step idx=6133
.step idx=6134
.step idx=6135
.step idx=6136
.step idx=6137
.step idx=6138
.step idx=6139
.step idx=6140
.step idx=6141
.step idx=6142
.step idx=6143
.step idx=6144
.step idx=6145
.step idx=6146
.step idx=6147
.step idx=6148
.step idx=6149
.step idx=6150
.step idx=6151
.step idx=6152
.step idx=6153
.step idx=6154
.step idx=6155
.step idx=6156
.step idx=6157
.step idx=6158
.step idx=6159
.step idx=6160
.step idx=6161
.step idx=6162
.step idx=6163
.step idx=6164
.step idx=6165
.step idx=6166
.step idx=6167
.step idx=6168
.step idx=6169
.step idx=6170
.step idx=6171
.step idx=6172
.step idx=6173
.step idx=6174
.step idx=6175
.step idx=6176
.step idx=6177
.step idx=6178
.step idx=6179
.step idx=6180
.step idx=6181
.step idx=6182
.step idx=6183
.step idx=6184
.step idx=6185
.step idx=6186
.step idx=6187
.step idx=6188
.step idx=6189
.step idx=6190
.step idx=6191
.step idx=6192
.step idx=6193
.step idx=6194
.step idx=6195
.step idx=6196
.step idx=6197
.step idx=6198
.step idx=6199
.step idx=6200
.step idx=6201
.step idx=6202
.step idx=6203
.step idx=6204
.step idx=6205
.step idx=6206
.step idx=6207
.step idx=6208
.step idx=6209
.step idx=6210
.step idx=6211
.step idx=6212
.step idx=6213
.step idx=6214
.step idx=6215
.step idx=6216
.step idx=6217
.step idx=6218
.step idx=6219
.step idx=6220
.step idx=6221
.step idx=6222
.step idx=6223
.step idx=6224
.step idx=6225
.step idx=6226
.step idx=6227
.step idx=6228
.step idx=6229
.step idx=6230
.step idx=6231
.step idx=6232
.step idx=6233
.step idx=6234
.step idx=6235
.step idx=6236
.step idx=6237
.step idx=6238
.step idx=6239
.step idx=6240
.step idx=6241
.step idx=6242
.step idx=6243
.step idx=6244
.step idx=6245
.step idx=6246
.step idx=6247
.step idx=6248
.step idx=6249
.step idx=6250
.step idx=6251
.step idx=6252
.step idx=6253
.step idx=6254
.step idx=6255
.step idx=6256
.step idx=6257
.step idx=6258
.step idx=6259
.step idx=6260
.step idx=6261
.step idx=6262
.step idx=6263
.step idx=6264
.step idx=6265
.step idx=6266
.step idx=6267
.step idx=6268
.step idx=6269
.step idx=6270
.step idx=6271
.step idx=6272
.step idx=6273
.step idx=6274
.step idx=6275
.step idx=6276
.step idx=6277
.step idx=6278
.step idx=6279
.step idx=6280
.step idx=6281
.step idx=6282
.step idx=6283
.step idx=6284
.step idx=6285
.step idx=6286
.step idx=6287
.step idx=6288
.step idx=6289
.step idx=6290
.step idx=6291
.step idx=6292
.step idx=6293
.step idx=6294
.step idx=6295
.step idx=6296
.step idx=6297
.step idx=6298
.step idx=6299
.step idx=6300
.step idx=6301
.step idx=6302
.step idx=6303
.step idx=6304
.step idx=6305
.step idx=6306
.step idx=6307
.step idx=6308
.step idx=6309
.step idx=6310
.step idx=6311
.step idx=6312
.step idx=6313
.step idx=6314
.step idx=6315
.step idx=6316
.step idx=6317
.step idx=6318
.step idx=6319
.step idx=6320
.step idx=6321
.step idx=6322
.step idx=6323
.step idx=6324
.step idx=6325
.step idx=6326
.step idx=6327
.step idx=6328
.step idx=6329
.step idx=6330
.step idx=6331
.step idx=6332
.step idx=6333
.step idx=6334
.step idx=6335
.step idx=6336
.step idx=6337
.step idx=6338
.step idx=6339
.step idx=6340
.step idx=6341
.step idx=6342
.step idx=6343
.step idx=6344
.step idx=6345
.step idx=6346
.step idx=6347
.step idx=6348
.step idx=6349
.step idx=6350
.step idx=6351
.step idx=6352
.step idx=6353
.step idx=6354
.step idx=6355
.step idx=6356
.step idx=6357
.step idx=6358
.step idx=6359
.step idx=6360
.step idx=6361
.step idx=6362
.step idx=6363
.step idx=6364
.step idx=6365
.step idx=6366
.step idx=6367
.step idx=6368
.step idx=6369
.step idx=6370
.step idx=6371
.step idx=6372
.step idx=6373
.step idx=6374
.step idx=6375
.step idx=6376
.step idx=6377
.step idx=6378
.step idx=6379
.step idx=6380
.step idx=6381
.step idx=6382
.step idx=6383
.step idx=6384
.step idx=6385
.step idx=6386
.step idx=6387
.step idx=6388
.step idx=6389
.step idx=6390
.step idx=6391
.step idx=6392
.step idx=6393
.step idx=6394
.step idx=6395
.step idx=6396
.step idx=6397
.step idx=6398
.step idx=6399
.step idx=6400
.step idx=6401
.step idx=6402
.step idx=6403
.step idx=6404
.step idx=6405
.step idx=6406
.step idx=6407
.step idx=6408
.step idx=6409
.step idx=6410
.step idx=6411
.step idx=6412
.step idx=6413
.step idx=6414
.step idx=6415
.step idx=6416
.step idx=6417
.step idx=6418
.step idx=6419
.step idx=6420
.step idx=6421
.step idx=6422
.step idx=6423
.step idx=6424
.step idx=6425
.step idx=6426
.step idx=6427
.step idx=6428
.step idx=6429
.step idx=6430
.step idx=6431
.step idx=6432
.step idx=6433
.step idx=6434
.step idx=6435
.step idx=6436
.step idx=6437
.step idx=6438
.step idx=6439
.step idx=6440
.step idx=6441
.step idx=6442
.step idx=6443
.step idx=6444
.step idx=6445
.step idx=6446
.step idx=6447
.step idx=6448
.step idx=6449
.step idx=6450
.step idx=6451
.step idx=6452
.step idx=6453
.step idx=6454
.step idx=6455
.step idx=6456
.step idx=6457
.step idx=6458
.step idx=6459
.step idx=6460
.step idx=6461
.step idx=6462
.step idx=6463
.step idx=6464
.step idx=6465
.step idx=6466
.step idx=6467
.step idx=6468
.step idx=6469
.step idx=6470
.step idx=6471
.step idx=6472
.step idx=6473
.step idx=6474
.step idx=6475
.step idx=6476
.step idx=6477
.step idx=6478
.step idx=6479
.step idx=6480
.step idx=6481
.step idx=6482
.step idx=6483
.step idx=6484
.step idx=6485
.step idx=6486
.step idx=6487
.step idx=6488
.step idx=6489
.step idx=6490
.step idx=6491
.step idx=6492
.step idx=6493
.step idx=6494
.step idx=6495
.step idx=6496
.step idx=6497
.step idx=6498
.step idx=6499
.step idx=6500
.step idx=6501
.step idx=6502
.step idx=6503
.step idx=6504
.step idx=6505
.step idx=6506
.step idx=6507
.step idx=6508
.step idx=6509
.step idx=6510
.step idx=6511
.step idx=6512
.step idx=6513
.step idx=6514
.step idx=6515
.step idx=6516
.step idx=6517
.step idx=6518
.step idx=6519
.step idx=6520
.step idx=6521
.step idx=6522
.step idx=6523
.step idx=6524
.step idx=6525
.step idx=6526
.step idx=6527
.step idx=6528
.step idx=6529
.step idx=6530
.step idx=6531
.step idx=6532
.step idx=6533
.step idx=6534
.step idx=6535
.step idx=6536
.step idx=6537
.step idx=6538
.step idx=6539
.step idx=6540
.step idx=6541
.step idx=6542
.step idx=6543
.step idx=6544
.step idx=6545
.step idx=6546
.step idx=6547
.step idx=6548
.step idx=6549
.step idx=6550
.step idx=6551
.step idx=6552
.step idx=6553
.step idx=6554
.step idx=6555
.step idx=6556
.step idx=6557
.step idx=6558
.step idx=6559
.step idx=6560
.step idx=6561
.step idx=6562
.step idx=6563
.step idx=6564
.step idx=6565
.step idx=6566
.step idx=6567
.step idx=6568
.step idx=6569
.step idx=6570
.step idx=6571
.step idx=6572
.step idx=6573
.step idx=6574
.step idx=6575
.step idx=6576
.step idx=6577
.step idx=6578
.step idx=6579
.step idx=6580
.step idx=6581
.step idx=6582
.step idx=6583
.step idx=6584
.step idx=6585
.step idx=6586
.step idx=6587
.step idx=6588
.step idx=6589
.step idx=6590
.step idx=6591
.step idx=6592
.step idx=6593
.step idx=6594
.step idx=6595
.step idx=6596
.step idx=6597
.step idx=6598
.step idx=6599
.step idx=6600
.step idx=6601
.step idx=6602
.step idx=6603
.step idx=6604
.step idx=6605
.step idx=6606
.step idx=6607
.step idx=6608
.step idx=6609
.step idx=6610
.step idx=6611
.step idx=6612
.step idx=6613
.step idx=6614
.step idx=6615
.step idx=6616
.step idx=6617
.step idx=6618
.step idx=6619
.step idx=6620
.step idx=6621
.step idx=6622
.step idx=6623
.step idx=6624
.step idx=6625
.step idx=6626
.step idx=6627
.step idx=6628
.step idx=6629
.step idx=6630
.step idx=6631
.step idx=6632
.step idx=6633
.step idx=6634
.step idx=6635
.step idx=6636
.step idx=6637
.step idx=6638
.step idx=6639
.step idx=6640
.step idx=6641
.step idx=6642
.step idx=6643
.step idx=6644
.step idx=6645
.step idx=6646
.step idx=6647
.step idx=6648
.step idx=6649
.step idx=6650
.step idx=6651
.step idx=6652
.step idx=6653
.step idx=6654
.step idx=6655
.step idx=6656
.step idx=6657
.step idx=6658
.step idx=6659
.step idx=6660
.step idx=6661
.step idx=6662
.step idx=6663
.step idx=6664
.step idx=6665
.step idx=6666
.step idx=6667
.step idx=6668
.step idx=6669
.step idx=6670
.step idx=6671
.step idx=6672
.step idx=6673
.step idx=6674
.step idx=6675
.step idx=6676
.step idx=6677
.step idx=6678
.step idx=6679
.step idx=6680
.step idx=6681
.step idx=6682
.step idx=6683
.step idx=6684
.step idx=6685
.step idx=6686
.step idx=6687
.step idx=6688
.step idx=6689
.step idx=6690
.step idx=6691
.step idx=6692
.step idx=6693
.step idx=6694
.step idx=6695
.step idx=6696
.step idx=6697
.step idx=6698
.step idx=6699
.step idx=6700
.step idx=6701
.step idx=6702
.step idx=6703
.step idx=6704
.step idx=6705
.step idx=6706
.step idx=6707
.step idx=6708
.step idx=6709
.step idx=6710
.step idx=6711
.step idx=6712
.step idx=6713
.step idx=6714
.step idx=6715
.step idx=6716
.step idx=6717
.step idx=6718
.step idx=6719
.step idx=6720
.step idx=6721
.step idx=6722
.step idx=6723
.step idx=6724
.step idx=6725
.step idx=6726
.step idx=6727
.step idx=6728
.step idx=6729
.step idx=6730
.step idx=6731
.step idx=6732
.step idx=6733
.step idx=6734
.step idx=6735
.step idx=6736
.step idx=6737
.step idx=6738
.step idx=6739
.step idx=6740
.step idx=6741
.step idx=6742
.step idx=6743
.step idx=6744
.step idx=6745
.step idx=6746
.step idx=6747
.step idx=6748
.step idx=6749
.step idx=6750
.step idx=6751
.step idx=6752
.step idx=6753
.step idx=6754
.step idx=6755
.step idx=6756
.step idx=6757
.step idx=6758
.step idx=6759
.step idx=6760
.step idx=6761
.step idx=6762
.step idx=6763
.step idx=6764
.step idx=6765
.step idx=6766
.step idx=6767
.step idx=6768
.step idx=6769
.step idx=6770
.step idx=6771
.step idx=6772
.step idx=6773
.step idx=6774
.step idx=6775
.step idx=6776
.step idx=6777
.step idx=6778
.step idx=6779
.step idx=6780
.step idx=6781
.step idx=6782
.step idx=6783
.step idx=6784
.step idx=6785
.step idx=6786
.step idx=6787
.step idx=6788
.step idx=6789
.step idx=6790
.step idx=6791
.step idx=6792
.step idx=6793
.step idx=6794
.step idx=6795
.step idx=6796
.step idx=6797
.step idx=6798
.step idx=6799
.step idx=6800
.step idx=6801
.step idx=6802
.step idx=6803
.step idx=6804
.step idx=6805
.step idx=6806
.step idx=6807
.step idx=6808
.step idx=6809
.step idx=6810
.step idx=6811
.step idx=6812
.step idx=6813
.step idx=6814
.step idx=6815
.step idx=6816
.step idx=6817
.step idx=6818
.step idx=6819
.step idx=6820
.step idx=6821
.step idx=6822
.step idx=6823
.step idx=6824
.step idx=6825
.step idx=6826
.step idx=6827
.step idx=6828
.step idx=6829
.step idx=6830
.step idx=6831
.step idx=6832
.step idx=6833
.step idx=6834
.step idx=6835
.step idx=6836
.step idx=6837
.step idx=6838
.step idx=6839
.step idx=6840
.step idx=6841
.step idx=6842
.step idx=6843
.step idx=6844
.step idx=6845
.step idx=6846
.step idx=6847
.step idx=6848
.step idx=6849
.step idx=6850
.step idx=6851
.step idx=6852
.step idx=6853
.step idx=6854
.step idx=6855
.step idx=6856
.step idx=6857
.step idx=6858
.step idx=6859
.step idx=6860
.step idx=6861
.step idx=6862
.step idx=6863
.step idx=6864
.step idx=6865
.step idx=6866
.step idx=6867
.step idx=6868
.step idx=6869
.step idx=6870
.step idx=6871
.step idx=6872
.step idx=6873
.step idx=6874
.step idx=6875
.step idx=6876
.step idx=6877
.step idx=6878
.step idx=6879
.step idx=6880
.step idx=6881
.step idx=6882
.step idx=6883
.step idx=6884
.step idx=6885
.step idx=6886
.step idx=6887
.step idx=6888
.step idx=6889
.step idx=6890
.step idx=6891
.step idx=6892
.step idx=6893
.step idx=6894
.step idx=6895
.step idx=6896
.step idx=6897
.step idx=6898
.step idx=6899
.step idx=6900
.step idx=6901
.step idx=6902
.step idx=6903
.step idx=6904
.step idx=6905
.step idx=6906
.step idx=6907
.step idx=6908
.step idx=6909
.step idx=6910
.step idx=6911
.step idx=6912
.step idx=6913
.step idx=6914
.step idx=6915
.step idx=6916
.step idx=6917
.step idx=6918
.step idx=6919
.step idx=6920
.step idx=6921
.step idx=6922
.step idx=6923
.step idx=6924
.step idx=6925
.step idx=6926
.step idx=6927
.step idx=6928
.step idx=6929
.step idx=6930
.step idx=6931
.step idx=6932
.step idx=6933
.step idx=6934
.step idx=6935
.step idx=6936
.step idx=6937
.step idx=6938
.step idx=6939
.step idx=6940
.step idx=6941
.step idx=6942
.step idx=6943
.step idx=6944
.step idx=6945
.step idx=6946
.step idx=6947
.step idx=6948
.step idx=6949
.step idx=6950
.step idx=6951
.step idx=6952
.step idx=6953
.step idx=6954
.step idx=6955
.step idx=6956
.step idx=6957
.step idx=6958
.step idx=6959
.step idx=6960
.step idx=6961
.step idx=6962
.step idx=6963
.step idx=6964
.step idx=6965
.step idx=6966
.step idx=6967
.step idx=6968
.step idx=6969
.step idx=6970
.step idx=6971
.step idx=6972
.step idx=6973
.step idx=6974
.step idx=6975
.step idx=6976
.step idx=6977
.step idx=6978
.step idx=6979
.step idx=6980
.step idx=6981
.step idx=6982
.step idx=6983
.step idx=6984
.step idx=6985
.step idx=6986
.step idx=6987
.step idx=6988
.step idx=6989
.step idx=6990
.step idx=6991
.step idx=6992
.step idx=6993
.step idx=6994
.step idx=6995
.step idx=6996
.step idx=6997
.step idx=6998
.step idx=6999
.step idx=7000
.step idx=7001
.step idx=7002
.step idx=7003
.step idx=7004
.step idx=7005
.step idx=7006
.step idx=7007
.step idx=7008
.step idx=7009
.step idx=7010
.step idx=7011
.step idx=7012
.step idx=7013
.step idx=7014
.step idx=7015
.step idx=7016
.step idx=7017
.step idx=7018
.step idx=7019
.step idx=7020
.step idx=7021
.step idx=7022
.step idx=7023
.step idx=7024
.step idx=7025
.step idx=7026
.step idx=7027
.step idx=7028
.step idx=7029
.step idx=7030
.step idx=7031
.step idx=7032
.step idx=7033
.step idx=7034
.step idx=7035
.step idx=7036
.step idx=7037
.step idx=7038
.step idx=7039
.step idx=7040
.step idx=7041
.step idx=7042
.step idx=7043
.step idx=7044
.step idx=7045
.step idx=7046
.step idx=7047
.step idx=7048
.step idx=7049
.step idx=7050
.step idx=7051
.step idx=7052
.step idx=7053
.step idx=7054
.step idx=7055
.step idx=7056
.step idx=7057
.step idx=7058
.step idx=7059
.step idx=7060
.step idx=7061
.step idx=7062
.step idx=7063
.step idx=7064
.step idx=7065
.step idx=7066
.step idx=7067
.step idx=7068
.step idx=7069
.step idx=7070
.step idx=7071
.step idx=7072
.step idx=7073
.step idx=7074
.step idx=7075
.step idx=7076
.step idx=7077
.step idx=7078
.step idx=7079
.step idx=7080
.step idx=7081
.step idx=7082
.step idx=7083
.step idx=7084
.step idx=7085
.step idx=7086
.step idx=7087
.step idx=7088
.step idx=7089
.step idx=7090
.step idx=7091
.step idx=7092
.step idx=7093
.step idx=7094
.step idx=7095
.step idx=7096
.step idx=7097
.step idx=7098
.step idx=7099
.step idx=7100
.step idx=7101
.step idx=7102
.step idx=7103
.step idx=7104
.step idx=7105
.step idx=7106
.step idx=7107
.step idx=7108
.step idx=7109
.step idx=7110
.step idx=7111
.step idx=7112
.step idx=7113
.step idx=7114
.step idx=7115
.step idx=7116
.step idx=7117
.step idx=7118
.step idx=7119
.step idx=7120
.step idx=7121
.step idx=7122
.step idx=7123
.step idx=7124
.step idx=7125
.step idx=7126
.step idx=7127
.step idx=7128
.step idx=7129
.step idx=7130
.step idx=7131
.step idx=7132
.step idx=7133
.step idx=7134
.step idx=7135
.step idx=7136
.step idx=7137
.step idx=7138
.step idx=7139
.step idx=7140
.step idx=7141
.step idx=7142
.step idx=7143
.step idx=7144
.step idx=7145
.step idx=7146
.step idx=7147
.step idx=7148
.step idx=7149
.step idx=7150
.step idx=7151
.step idx=7152
.step idx=7153
.step idx=7154
.step idx=7155
.step idx=7156
.step idx=7157
.step idx=7158
.step idx=7159
.step idx=7160
.step idx=7161
.step idx=7162
.step idx=7163
.step idx=7164
.step idx=7165
.step idx=7166
.step idx=7167
.step idx=7168
.step idx=7169
.step idx=7170
.step idx=7171
.step idx=7172
.step idx=7173
.step idx=7174
.step idx=7175
.step idx=7176
.step idx=7177
.step idx=7178
.step idx=7179
.step idx=7180
.step idx=7181
.step idx=7182
.step idx=7183
.step idx=7184
.step idx=7185
.step idx=7186
.step idx=7187
.step idx=7188
.step idx=7189
.step idx=7190
.step idx=7191
.step idx=7192
.step idx=7193
.step idx=7194
.step idx=7195
.step idx=7196
.step idx=7197
.step idx=7198
.step idx=7199
.step idx=7200
.step idx=7201
.step idx=7202
.step idx=7203
.step idx=7204
.step idx=7205
.step idx=7206
.step idx=7207
.step idx=7208
.step idx=7209
.step idx=7210
.step idx=7211
.step idx=7212
.step idx=7213
.step idx=7214
.step idx=7215
.step idx=7216
.step idx=7217
.step idx=7218
.step idx=7219
.step idx=7220
.step idx=7221
.step idx=7222
.step idx=7223
.step idx=7224
.step idx=7225
.step idx=7226
.step idx=7227
.step idx=7228
.step idx=7229
.step idx=7230
.step idx=7231
.step idx=7232
.step idx=7233
.step idx=7234
.step idx=7235
.step idx=7236
.step idx=7237
.step idx=7238
.step idx=7239
.step idx=7240
.step idx=7241
.step idx=7242
.step idx=7243
.step idx=7244
.step idx=7245
.step idx=7246
.step idx=7247
.step idx=7248
.step idx=7249
.step idx=7250
.step idx=7251
.step idx=7252
.step idx=7253
.step idx=7254
.step idx=7255
.step idx=7256
.step idx=7257
.step idx=7258
.step idx=7259
.step idx=7260
.step idx=7261
.step idx=7262
.step idx=7263
.step idx=7264
.step idx=7265
.step idx=7266
.step idx=7267
.step idx=7268
.step idx=7269
.step idx=7270
.step idx=7271
.step idx=7272
.step idx=7273
.step idx=7274
.step idx=7275
.step idx=7276
.step idx=7277
.step idx=7278
.step idx=7279
.step idx=7280
.step idx=7281
.step idx=7282
.step idx=7283
.step idx=7284
.step idx=7285
.step idx=7286
.step idx=7287
.step idx=7288
.step idx=7289
.step idx=7290
.step idx=7291
.step idx=7292
.step idx=7293
.step idx=7294
.step idx=7295
.step idx=7296
.step idx=7297
.step idx=7298
.step idx=7299
.step idx=7300
.step idx=7301
.step idx=7302
.step idx=7303
.step idx=7304
.step idx=7305
.step idx=7306
.step idx=7307
.step idx=7308
.step idx=7309
.step idx=7310
.step idx=7311
.step idx=7312
.step idx=7313
.step idx=7314
.step idx=7315
.step idx=7316
.step idx=7317
.step idx=7318
.step idx=7319
.step idx=7320
.step idx=7321
.step idx=7322
.step idx=7323
.step idx=7324
.step idx=7325
.step idx=7326
.step idx=7327
.step idx=7328
.step idx=7329
.step idx=7330
.step idx=7331
.step idx=7332
.step idx=7333
.step idx=7334
.step idx=7335
.step idx=7336
.step idx=7337
.step idx=7338
.step idx=7339
.step idx=7340
.step idx=7341
.step idx=7342
.step idx=7343
.step idx=7344
.step idx=7345
.step idx=7346
.step idx=7347
.step idx=7348
.step idx=7349
.step idx=7350
.step idx=7351
.step idx=7352
.step idx=7353
.step idx=7354
.step idx=7355
.step idx=7356
.step idx=7357
.step idx=7358
.step idx=7359
.step idx=7360
.step idx=7361
.step idx=7362
.step idx=7363
.step idx=7364
.step idx=7365
.step idx=7366
.step idx=7367
.step idx=7368
.step idx=7369
.step idx=7370
.step idx=7371
.step idx=7372
.step idx=7373
.step idx=7374
.step idx=7375
.step idx=7376
.step idx=7377
.step idx=7378
.step idx=7379
.step idx=7380
.step idx=7381
.step idx=7382
.step idx=7383
.step idx=7384
.step idx=7385
.step idx=7386
.step idx=7387
.step idx=7388
.step idx=7389
.step idx=7390
.step idx=7391
.step idx=7392
.step idx=7393
.step idx=7394
.step idx=7395
.step idx=7396
.step idx=7397
.step idx=7398
.step idx=7399
.step idx=7400
.step idx=7401
.step idx=7402
.step idx=7403
.step idx=7404
.step idx=7405
.step idx=7406
.step idx=7407
.step idx=7408
.step idx=7409
.step idx=7410
.step idx=7411
.step idx=7412
.step idx=7413
.step idx=7414
.step idx=7415
.step idx=7416
.step idx=7417
.step idx=7418
.step idx=7419
.step idx=7420
.step idx=7421
.step idx=7422
.step idx=7423
.step idx=7424
.step idx=7425
.step idx=7426
.step idx=7427
.step idx=7428
.step idx=7429
.step idx=7430
.step idx=7431
.step idx=7432
.step idx=7433
.step idx=7434
.step idx=7435
.step idx=7436
.step idx=7437
.step idx=7438
.step idx=7439
.step idx=7440
.step idx=7441
.step idx=7442
.step idx=7443
.step idx=7444
.step idx=7445
.step idx=7446
.step idx=7447
.step idx=7448
.step idx=7449
.step idx=7450
.step idx=7451
.step idx=7452
.step idx=7453
.step idx=7454
.step idx=7455
.step idx=7456
.step idx=7457
.step idx=7458
.step idx=7459
.step idx=7460
.step idx=7461
.step idx=7462
.step idx=7463
.step idx=7464
.step idx=7465
.step idx=7466
.step idx=7467
.step idx=7468
.step idx=7469
.step idx=7470
.step idx=7471
.step idx=7472
.step idx=7473
.step idx=7474
.step idx=7475
.step idx=7476
.step idx=7477
.step idx=7478
.step idx=7479
.step idx=7480
.step idx=7481
.step idx=7482
.step idx=7483
.step idx=7484
.step idx=7485
.step idx=7486
.step idx=7487
.step idx=7488
.step idx=7489
.step idx=7490
.step idx=7491
.step idx=7492
.step idx=7493
.step idx=7494
.step idx=7495
.step idx=7496
.step idx=7497
.step idx=7498
.step idx=7499
.step idx=7500
.step idx=7501
.step idx=7502
.step idx=7503
.step idx=7504
.step idx=7505
.step idx=7506
.step idx=7507
.step idx=7508
.step idx=7509
.step idx=7510
.step idx=7511
.step idx=7512
.step idx=7513
.step idx=7514
.step idx=7515
.step idx=7516
.step idx=7517
.step idx=7518
.step idx=7519
.step idx=7520
.step idx=7521
.step idx=7522
.step idx=7523
.step idx=7524
.step idx=7525
.step idx=7526
.step idx=7527
.step idx=7528
.step idx=7529
.step idx=7530
.step idx=7531
.step idx=7532
.step idx=7533
.step idx=7534
.step idx=7535
.step idx=7536
.step idx=7537
.step idx=7538
.step idx=7539
.step idx=7540
.step idx=7541
.step idx=7542
.step idx=7543
.step idx=7544
.step idx=7545
.step idx=7546
.step idx=7547
.step idx=7548
.step idx=7549
.step idx=7550
.step idx=7551
.step idx=7552
.step idx=7553
.step idx=7554
.step idx=7555
.step idx=7556
.step idx=7557
.step idx=7558
.step idx=7559
.step idx=7560
.step idx=7561
.step idx=7562
.step idx=7563
.step idx=7564
.step idx=7565
.step idx=7566
.step idx=7567
.step idx=7568
.step idx=7569
.step idx=7570
.step idx=7571
.step idx=7572
.step idx=7573
.step idx=7574
.step idx=7575
.step idx=7576
.step idx=7577
.step idx=7578
.step idx=7579
.step idx=7580
.step idx=7581
.step idx=7582
.step idx=7583
.step idx=7584
.step idx=7585
.step idx=7586
.step idx=7587
.step idx=7588
.step idx=7589
.step idx=7590
.step idx=7591
.step idx=7592
.step idx=7593
.step idx=7594
.step idx=7595
.step idx=7596
.step idx=7597
.step idx=7598
.step idx=7599
.step idx=7600
.step idx=7601
.step idx=7602
.step idx=7603
.step idx=7604
.step idx=7605
.step idx=7606
.step idx=7607
.step idx=7608
.step idx=7609
.step idx=7610
.step idx=7611
.step idx=7612
.step idx=7613
.step idx=7614
.step idx=7615
.step idx=7616
.step idx=7617
.step idx=7618
.step idx=7619
.step idx=7620
.step idx=7621
.step idx=7622
.step idx=7623
.step idx=7624
.step idx=7625
.step idx=7626
.step idx=7627
.step idx=7628
.step idx=7629
.step idx=7630
.step idx=7631
.step idx=7632
.step idx=7633
.step idx=7634
.step idx=7635
.step idx=7636
.step idx=7637
.step idx=7638
.step idx=7639
.step idx=7640
.step idx=7641
.step idx=7642
.step idx=7643
.step idx=7644
.step idx=7645
.step idx=7646
.step idx=7647
.step idx=7648
.step idx=7649
.step idx=7650
.step idx=7651
.step idx=7652
.step idx=7653
.step idx=7654
.step idx=7655
.step idx=7656
.step idx=7657
.step idx=7658
.step idx=7659
.step idx=7660
.step idx=7661
.step idx=7662
.step idx=7663
.step idx=7664
.step idx=7665
.step idx=7666
.step idx=7667
.step idx=7668
.step idx=7669
.step idx=7670
.step idx=7671
.step idx=7672
.step idx=7673
.step idx=7674
.step idx=7675
.step idx=7676
.step idx=7677
.step idx=7678
.step idx=7679
.step idx=7680
.step idx=7681
.step idx=7682
.step idx=7683
.step idx=7684
.step idx=7685
.step idx=7686
.step idx=7687
.step idx=7688
.step idx=7689
.step idx=7690
.step idx=7691
.step idx=7692
.step idx=7693
.step idx=7694
.step idx=7695
.step idx=7696
.step idx=7697
.step idx=7698
.step idx=7699
.step idx=7700
.step idx=7701
.step idx=7702
.step idx=7703
.step idx=7704
.step idx=7705
.step idx=7706
.step idx=7707
.step idx=7708
.step idx=7709
.step idx=7710
.step idx=7711
.step idx=7712
.step idx=7713
.step idx=7714
.step idx=7715
.step idx=7716
.step idx=7717
.step idx=7718
.step idx=7719
.step idx=7720
.step idx=7721
.step idx=7722
.step idx=7723
.step idx=7724
.step idx=7725
.step idx=7726
.step idx=7727
.step idx=7728
.step idx=7729
.step idx=7730
.step idx=7731
.step idx=7732
.step idx=7733
.step idx=7734
.step idx=7735
.step idx=7736
.step idx=7737
.step idx=7738
.step idx=7739
.step idx=7740
.step idx=7741
.step idx=7742
.step idx=7743
.step idx=7744
.step idx=7745
.step idx=7746
.step idx=7747
.step idx=7748
.step idx=7749
.step idx=7750
.step idx=7751
.step idx=7752
.step idx=7753
.step idx=7754
.step idx=7755
.step idx=7756
.step idx=7757
.step idx=7758
.step idx=7759
.step idx=7760
.step idx=7761
.step idx=7762
.step idx=7763
.step idx=7764
.step idx=7765
.step idx=7766
.step idx=7767
.step idx=7768
.step idx=7769
.step idx=7770
.step idx=7771
.step idx=7772
.step idx=7773
.step idx=7774
.step idx=7775
.step idx=7776
.step idx=7777
.step idx=7778
.step idx=7779
.step idx=7780
.step idx=7781
.step idx=7782
.step idx=7783
.step idx=7784
.step idx=7785
.step idx=7786
.step idx=7787
.step idx=7788
.step idx=7789
.step idx=7790
.step idx=7791
.step idx=7792
.step idx=7793
.step idx=7794
.step idx=7795
.step idx=7796
.step idx=7797
.step idx=7798
.step idx=7799
.step idx=7800
.step idx=7801
.step idx=7802
.step idx=7803
.step idx=7804
.step idx=7805
.step idx=7806
.step idx=7807
.step idx=7808
.step idx=7809
.step idx=7810
.step idx=7811
.step idx=7812
.step idx=7813
.step idx=7814
.step idx=7815
.step idx=7816
.step idx=7817
.step idx=7818
.step idx=7819
.step idx=7820
.step idx=7821
.step idx=7822
.step idx=7823
.step idx=7824
.step idx=7825
.step idx=7826
.step idx=7827
.step idx=7828
.step idx=7829
.step idx=7830
.step idx=7831
.step idx=7832
.step idx=7833
.step idx=7834
.step idx=7835
.step idx=7836
.step idx=7837
.step idx=7838
.step idx=7839
.step idx=7840
.step idx=7841
.step idx=7842
.step idx=7843
.step idx=7844
.step idx=7845
.step idx=7846
.step idx=7847
.step idx=7848
.step idx=7849
.step idx=7850
.step idx=7851
.step idx=7852
.step idx=7853
.step idx=7854
.step idx=7855
.step idx=7856
.step idx=7857
.step idx=7858
.step idx=7859
.step idx=7860
.step idx=7861
.step idx=7862
.step idx=7863
.step idx=7864
.step idx=7865
.step idx=7866
.step idx=7867
.step idx=7868
.step idx=7869
.step idx=7870
.step idx=7871
.step idx=7872
.step idx=7873
.step idx=7874
.step idx=7875
.step idx=7876
.step idx=7877
.step idx=7878
.step idx=7879
.step idx=7880
.step idx=7881
.step idx=7882
.step idx=7883
.step idx=7884
.step idx=7885
.step idx=7886
.step idx=7887
.step idx=7888
.step idx=7889
.step idx=7890
.step idx=7891
.step idx=7892
.step idx=7893
.step idx=7894
.step idx=7895
.step idx=7896
.step idx=7897
.step idx=7898
.step idx=7899
.step idx=7900
.step idx=7901
.step idx=7902
.step idx=7903
.step idx=7904
.step idx=7905
.step idx=7906
.step idx=7907
.step idx=7908
.step idx=7909
.step idx=7910
.step idx=7911
.step idx=7912
.step idx=7913
.step idx=7914
.step idx=7915
.step idx=7916
.step idx=7917
.step idx=7918
.step idx=7919
.step idx=7920
.step idx=7921
.step idx=7922
.step idx=7923
.step idx=7924
.step idx=7925
.step idx=7926
.step idx=7927
.step idx=7928
.step idx=7929
.step idx=7930
.step idx=7931
.step idx=7932
.step idx=7933
.step idx=7934
.step idx=7935
.step idx=7936
.step idx=7937
.step idx=7938
.step idx=7939
.step idx=7940
.step idx=7941
.step idx=7942
.step idx=7943
.step idx=7944
.step idx=7945
.step idx=7946
.step idx=7947
.step idx=7948
.step idx=7949
.step idx=7950
.step idx=7951
.step idx=7952
.step idx=7953
.step idx=7954
.step idx=7955
.step idx=7956
.step idx=7957
.step idx=7958
.step idx=7959
.step idx=7960
.step idx=7961
.step idx=7962
.step idx=7963
.step idx=7964
.step idx=7965
.step idx=7966
.step idx=7967
.step idx=7968
.step idx=7969
.step idx=7970
.step idx=7971
.step idx=7972
.step idx=7973
.step idx=7974
.step idx=7975
.step idx=7976
.step idx=7977
.step idx=7978
.step idx=7979
.step idx=7980
.step idx=7981
.step idx=7982
.step idx=7983
.step idx=7984
.step idx=7985
.step idx=7986
.step idx=7987
.step idx=7988
.step idx=7989
.step idx=7990
.step idx=7991
.step idx=7992
.step idx=7993
.step idx=7994
.step idx=7995
.step idx=7996
.step idx=7997
.step idx=7998
.step idx=7999
.step idx=8000
.step idx=8001
.step idx=8002
.step idx=8003
.step idx=8004
.step idx=8005
.step idx=8006
.step idx=8007
.step idx=8008
.step idx=8009
.step idx=8010
.step idx=8011
.step idx=8012
.step idx=8013
.step idx=8014
.step idx=8015
.step idx=8016
.step idx=8017
.step idx=8018
.step idx=8019
.step idx=8020
.step idx=8021
.step idx=8022
.step idx=8023
.step idx=8024
.step idx=8025
.step idx=8026
.step idx=8027
.step idx=8028
.step idx=8029
.step idx=8030
.step idx=8031
.step idx=8032
.step idx=8033
.step idx=8034
.step idx=8035
.step idx=8036
.step idx=8037
.step idx=8038
.step idx=8039
.step idx=8040
.step idx=8041
.step idx=8042
.step idx=8043
.step idx=8044
.step idx=8045
.step idx=8046
.step idx=8047
.step idx=8048
.step idx=8049
.step idx=8050
.step idx=8051
.step idx=8052
.step idx=8053
.step idx=8054
.step idx=8055
.step idx=8056
.step idx=8057
.step idx=8058
.step idx=8059
.step idx=8060
.step idx=8061
.step idx=8062
.step idx=8063
.step idx=8064
.step idx=8065
.step idx=8066
.step idx=8067
.step idx=8068
.step idx=8069
.step idx=8070
.step idx=8071
.step idx=8072
.step idx=8073
.step idx=8074
.step idx=8075
.step idx=8076
.step idx=8077
.step idx=8078
.step idx=8079
.step idx=8080
.step idx=8081
.step idx=8082
.step idx=8083
.step idx=8084
.step idx=8085
.step idx=8086
.step idx=8087
.step idx=8088
.step idx=8089
.step idx=8090
.step idx=8091
.step idx=8092
.step idx=8093
.step idx=8094
.step idx=8095
.step idx=8096
.step idx=8097
.step idx=8098
.step idx=8099
.step idx=8100
.step idx=8101
.step idx=8102
.step idx=8103
.step idx=8104
.step idx=8105
.step idx=8106
.step idx=8107
.step idx=8108
.step idx=8109
.step idx=8110
.step idx=8111
.step idx=8112
.step idx=8113
.step idx=8114
.step idx=8115
.step idx=8116
.step idx=8117
.step idx=8118
.step idx=8119
.step idx=8120
.step idx=8121
.step idx=8122
.step idx=8123
.step idx=8124
.step idx=8125
.step idx=8126
.step idx=8127
.step idx=8128
.step idx=8129
.step idx=8130
.step idx=8131
.step idx=8132
.step idx=8133
.step idx=8134
.step idx=8135
.step idx=8136
.step idx=8137
.step idx=8138
.step idx=8139
.step idx=8140
.step idx=8141
.step idx=8142
.step idx=8143
.step idx=8144
.step idx=8145
.step idx=8146
.step idx=8147
.step idx=8148
.step idx=8149
.step idx=8150
.step idx=8151
.step idx=8152
.step idx=8153
.step idx=8154
.step idx=8155
.step idx=8156
.step idx=8157
.step idx=8158
.step idx=8159
.step idx=8160
.step idx=8161
.step idx=8162
.step idx=8163
.step idx=8164
.step idx=8165
.step idx=8166
.step idx=8167
.step idx=8168
.step idx=8169
.step idx=8170
.step idx=8171
.step idx=8172
.step idx=8173
.step idx=8174
.step idx=8175
.step idx=8176
.step idx=8177
.step idx=8178
.step idx=8179
.step idx=8180
.step idx=8181
.step idx=8182
.step idx=8183
.step idx=8184
.step idx=8185
.step idx=8186
.step idx=8187
.step idx=8188
.step idx=8189
.step idx=8190
.step idx=8191
.step idx=8192
.step idx=8193
.step idx=8194
.step idx=8195
.step idx=8196
.step idx=8197
.step idx=8198
.step idx=8199
.step idx=8200
.step idx=8201
.step idx=8202
.step idx=8203
.step idx=8204
.step idx=8205
.step idx=8206
.step idx=8207
.step idx=8208
.step idx=8209
.step idx=8210
.step idx=8211
.step idx=8212
.step idx=8213
.step idx=8214
.step idx=8215
.step idx=8216
.step idx=8217
.step idx=8218
.step idx=8219
.step idx=8220
.step idx=8221
.step idx=8222
.step idx=8223
.step idx=8224
.step idx=8225
.step idx=8226
.step idx=8227
.step idx=8228
.step idx=8229
.step idx=8230
.step idx=8231
.step idx=8232
.step idx=8233
.step idx=8234
.step idx=8235
.step idx=8236
.step idx=8237
.step idx=8238
.step idx=8239
.step idx=8240
.step idx=8241
.step idx=8242
.step idx=8243
.step idx=8244
.step idx=8245
.step idx=8246
.step idx=8247
.step idx=8248
.step idx=8249
.step idx=8250
.step idx=8251
.step idx=8252
.step idx=8253
.step idx=8254
.step idx=8255
.step idx=8256
.step idx=8257
.step idx=8258
.step idx=8259
.step idx=8260
.step idx=8261
.step idx=8262
.step idx=8263
.step idx=8264
.step idx=8265
.step idx=8266
.step idx=8267
.step idx=8268
.step idx=8269
.step idx=8270
.step idx=8271
.step idx=8272
.step idx=8273
.step idx=8274
.step idx=8275
.step idx=8276
.step idx=8277
.step idx=8278
.step idx=8279
.step idx=8280
.step idx=8281
.step idx=8282
.step idx=8283
.step idx=8284
.step idx=8285
.step idx=8286
.step idx=8287
.step idx=8288
.step idx=8289
.step idx=8290
.step idx=8291
.step idx=8292
.step idx=8293
.step idx=8294
.step idx=8295
.step idx=8296
.step idx=8297
.step idx=8298
.step idx=8299
.step idx=8300
.step idx=8301
.step idx=8302
.step idx=8303
.step idx=8304
.step idx=8305
.step idx=8306
.step idx=8307
.step idx=8308
.step idx=8309
.step idx=8310
.step idx=8311
.step idx=8312
.step idx=8313
.step idx=8314
.step idx=8315
.step idx=8316
.step idx=8317
.step idx=8318
.step idx=8319
.step idx=8320
.step idx=8321
.step idx=8322
.step idx=8323
.step idx=8324
.step idx=8325
.step idx=8326
.step idx=8327
.step idx=8328
.step idx=8329
.step idx=8330
.step idx=8331
.step idx=8332
.step idx=8333
.step idx=8334
.step idx=8335
.step idx=8336
.step idx=8337
.step idx=8338
.step idx=8339
.step idx=8340
.step idx=8341
.step idx=8342
.step idx=8343
.step idx=8344
.step idx=8345
.step idx=8346
.step idx=8347
.step idx=8348
.step idx=8349
.step idx=8350
.step idx=8351
.step idx=8352
.step idx=8353
.step idx=8354
.step idx=8355
.step idx=8356
.step idx=8357
.step idx=8358
.step idx=8359
.step idx=8360
.step idx=8361
.step idx=8362
.step idx=8363
.step idx=8364
.step idx=8365
.step idx=8366
.step idx=8367
.step idx=8368
.step idx=8369
.step idx=8370
.step idx=8371
.step idx=8372
.step idx=8373
.step idx=8374
.step idx=8375
.step idx=8376
.step idx=8377
.step idx=8378
.step idx=8379
.step idx=8380
.step idx=8381
.step idx=8382
.step idx=8383
.step idx=8384
.step idx=8385
.step idx=8386
.step idx=8387
.step idx=8388
.step idx=8389
.step idx=8390
.step idx=8391
.step idx=8392
.step idx=8393
.step idx=8394
.step idx=8395
.step idx=8396
.step idx=8397
.step idx=8398
.step idx=8399
.step idx=8400
.step idx=8401
.step idx=8402
.step idx=8403
.step idx=8404
.step idx=8405
.step idx=8406
.step idx=8407
.step idx=8408
.step idx=8409
.step idx=8410
.step idx=8411
.step idx=8412
.step idx=8413
.step idx=8414
.step idx=8415
.step idx=8416
.step idx=8417
.step idx=8418
.step idx=8419
.step idx=8420
.step idx=8421
.step idx=8422
.step idx=8423
.step idx=8424
.step idx=8425
.step idx=8426
.step idx=8427
.step idx=8428
.step idx=8429
.step idx=8430
.step idx=8431
.step idx=8432
.step idx=8433
.step idx=8434
.step idx=8435
.step idx=8436
.step idx=8437
.step idx=8438
.step idx=8439
.step idx=8440
.step idx=8441
.step idx=8442
.step idx=8443
.step idx=8444
.step idx=8445
.step idx=8446
.step idx=8447
.step idx=8448
.step idx=8449
.step idx=8450
.step idx=8451
.step idx=8452
.step idx=8453
.step idx=8454
.step idx=8455
.step idx=8456
.step idx=8457
.step idx=8458
.step idx=8459
.step idx=8460
.step idx=8461
.step idx=8462
.step idx=8463
.step idx=8464
.step idx=8465
.step idx=8466
.step idx=8467
.step idx=8468
.step idx=8469
.step idx=8470
.step idx=8471
.step idx=8472
.step idx=8473
.step idx=8474
.step idx=8475
.step idx=8476
.step idx=8477
.step idx=8478
.step idx=8479
.step idx=8480
.step idx=8481
.step idx=8482
.step idx=8483
.step idx=8484
.step idx=8485
.step idx=8486
.step idx=8487
.step idx=8488
.step idx=8489
.step idx=8490
.step idx=8491
.step idx=8492
.step idx=8493
.step idx=8494
.step idx=8495
.step idx=8496
.step idx=8497
.step idx=8498
.step idx=8499
.step idx=8500
.step idx=8501
.step idx=8502
.step idx=8503
.step idx=8504
.step idx=8505
.step idx=8506
.step idx=8507
.step idx=8508
.step idx=8509
.step idx=8510
.step idx=8511
.step idx=8512
.step idx=8513
.step idx=8514
.step idx=8515
.step idx=8516
.step idx=8517
.step idx=8518
.step idx=8519
.step idx=8520
.step idx=8521
.step idx=8522
.step idx=8523
.step idx=8524
.step idx=8525
.step idx=8526
.step idx=8527
.step idx=8528
.step idx=8529
.step idx=8530
.step idx=8531
.step idx=8532
.step idx=8533
.step idx=8534
.step idx=8535
.step idx=8536
.step idx=8537
.step idx=8538
.step idx=8539
.step idx=8540
.step idx=8541
.step idx=8542
.step idx=8543
.step idx=8544
.step idx=8545
.step idx=8546
.step idx=8547
.step idx=8548
.step idx=8549
.step idx=8550
.step idx=8551
.step idx=8552
.step idx=8553
.step idx=8554
.step idx=8555
.step idx=8556
.step idx=8557
.step idx=8558
.step idx=8559
.step idx=8560
.step idx=8561
.step idx=8562
.step idx=8563
.step idx=8564
.step idx=8565
.step idx=8566
.step idx=8567
.step idx=8568
.step idx=8569
.step idx=8570
.step idx=8571
.step idx=8572
.step idx=8573
.step idx=8574
.step idx=8575
.step idx=8576
.step idx=8577
.step idx=8578
.step idx=8579
.step idx=8580
.step idx=8581
.step idx=8582
.step idx=8583
.step idx=8584
.step idx=8585
.step idx=8586
.step idx=8587
.step idx=8588
.step idx=8589
.step idx=8590
.step idx=8591
.step idx=8592
.step idx=8593
.step idx=8594
.step idx=8595
.step idx=8596
.step idx=8597
.step idx=8598
.step idx=8599
.step idx=8600
.step idx=8601
.step idx=8602
.step idx=8603
.step idx=8604
.step idx=8605
.step idx=8606
.step idx=8607
.step idx=8608
.step idx=8609
.step idx=8610
.step idx=8611
.step idx=8612
.step idx=8613
.step idx=8614
.step idx=8615
.step idx=8616
.step idx=8617
.step idx=8618
.step idx=8619
.step idx=8620
.step idx=8621
.step idx=8622
.step idx=8623
.step idx=8624
.step idx=8625
.step idx=8626
.step idx=8627
.step idx=8628
.step idx=8629
.step idx=8630
.step idx=8631
.step idx=8632
.step idx=8633
.step idx=8634
.step idx=8635
.step idx=8636
.step idx=8637
.step idx=8638
.step idx=8639
.step idx=8640
.step idx=8641
.step idx=8642
.step idx=8643
.step idx=8644
.step idx=8645
.step idx=8646
.step idx=8647
.step idx=8648
.step idx=8649
.step idx=8650
.step idx=8651
.step idx=8652
.step idx=8653
.step idx=8654
.step idx=8655
.step idx=8656
.step idx=8657
.step idx=8658
.step idx=8659
.step idx=8660
.step idx=8661
.step idx=8662
.step idx=8663
.step idx=8664
.step idx=8665
.step idx=8666
.step idx=8667
.step idx=8668
.step idx=8669
.step idx=8670
.step idx=8671
.step idx=8672
.step idx=8673
.step idx=8674
.step idx=8675
.step idx=8676
.step idx=8677
.step idx=8678
.step idx=8679
.step idx=8680
.step idx=8681
.step idx=8682
.step idx=8683
.step idx=8684
.step idx=8685
.step idx=8686
.step idx=8687
.step idx=8688
.step idx=8689
.step idx=8690
.step idx=8691
.step idx=8692
.step idx=8693
.step idx=8694
.step idx=8695
.step idx=8696
.step idx=8697
.step idx=8698
.step idx=8699
.step idx=8700
.step idx=8701
.step idx=8702
.step idx=8703
.step idx=8704
.step idx=8705
.step idx=8706
.step idx=8707
.step idx=8708
.step idx=8709
.step idx=8710
.step idx=8711
.step idx=8712
.step idx=8713
.step idx=8714
.step idx=8715
.step idx=8716
.step idx=8717
.step idx=8718
.step idx=8719
.step idx=8720
.step idx=8721
.step idx=8722
.step idx=8723
.step idx=8724
.step idx=8725
.step idx=8726
.step idx=8727
.step idx=8728
.step idx=8729
.step idx=8730
.step idx=8731
.step idx=8732
.step idx=8733
.step idx=8734
.step idx=8735
.step idx=8736
.step idx=8737
.step idx=8738
.step idx=8739
.step idx=8740
.step idx=8741
.step idx=8742
.step idx=8743
.step idx=8744
.step idx=8745
.step idx=8746
.step idx=8747
.step idx=8748
.step idx=8749
.step idx=8750
.step idx=8751
.step idx=8752
.step idx=8753
.step idx=8754
.step idx=8755
.step idx=8756
.step idx=8757
.step idx=8758
.step idx=8759
.step idx=8760
.step idx=8761
.step idx=8762
.step idx=8763
.step idx=8764
.step idx=8765
.step idx=8766
.step idx=8767
.step idx=8768
.step idx=8769
.step idx=8770
.step idx=8771
.step idx=8772
.step idx=8773
.step idx=8774
.step idx=8775
.step idx=8776
.step idx=8777
.step idx=8778
.step idx=8779
.step idx=8780
.step idx=8781
.step idx=8782
.step idx=8783
.step idx=8784
.step idx=8785
.step idx=8786
.step idx=8787
.step idx=8788
.step idx=8789
.step idx=8790
.step idx=8791
.step idx=8792
.step idx=8793
.step idx=8794
.step idx=8795
.step idx=8796
.step idx=8797
.step idx=8798
.step idx=8799
.step idx=8800
.step idx=8801
.step idx=8802
.step idx=8803
.step idx=8804
.step idx=8805
.step idx=8806
.step idx=8807
.step idx=8808
.step idx=8809
.step idx=8810
.step idx=8811
.step idx=8812
.step idx=8813
.step idx=8814
.step idx=8815
.step idx=8816
.step idx=8817
.step idx=8818
.step idx=8819
.step idx=8820
.step idx=8821
.step idx=8822
.step idx=8823
.step idx=8824
.step idx=8825
.step idx=8826
.step idx=8827
.step idx=8828
.step idx=8829
.step idx=8830
.step idx=8831
.step idx=8832
.step idx=8833
.step idx=8834
.step idx=8835
.step idx=8836
.step idx=8837
.step idx=8838
.step idx=8839
.step idx=8840
.step idx=8841
.step idx=8842
.step idx=8843
.step idx=8844
.step idx=8845
.step idx=8846
.step idx=8847
.step idx=8848
.step idx=8849
.step idx=8850
.step idx=8851
.step idx=8852
.step idx=8853
.step idx=8854
.step idx=8855
.step idx=8856
.step idx=8857
.step idx=8858
.step idx=8859
.step idx=8860
.step idx=8861
.step idx=8862
.step idx=8863
.step idx=8864
.step idx=8865
.step idx=8866
.step idx=8867
.step idx=8868
.step idx=8869
.step idx=8870
.step idx=8871
.step idx=8872
.step idx=8873
.step idx=8874
.step idx=8875
.step idx=8876
.step idx=8877
.step idx=8878
.step idx=8879
.step idx=8880
.step idx=8881
.step idx=8882
.step idx=8883
.step idx=8884
.step idx=8885
.step idx=8886
.step idx=8887
.step idx=8888
.step idx=8889
.step idx=8890
.step idx=8891
.step idx=8892
.step idx=8893
.step idx=8894
.step idx=8895
.step idx=8896
.step idx=8897
.step idx=8898
.step idx=8899
.step idx=8900
.step idx=8901
.step idx=8902
.step idx=8903
.step idx=8904
.step idx=8905
.step idx=8906
.step idx=8907
.step idx=8908
.step idx=8909
.step idx=8910
.step idx=8911
.step idx=8912
.step idx=8913
.step idx=8914
.step idx=8915
.step idx=8916
.step idx=8917
.step idx=8918
.step idx=8919
.step idx=8920
.step idx=8921
.step idx=8922
.step idx=8923
.step idx=8924
.step idx=8925
.step idx=8926
.step idx=8927
.step idx=8928
.step idx=8929
.step idx=8930
.step idx=8931
.step idx=8932
.step idx=8933
.step idx=8934
.step idx=8935
.step idx=8936
.step idx=8937
.step idx=8938
.step idx=8939
.step idx=8940
.step idx=8941
.step idx=8942
.step idx=8943
.step idx=8944
.step idx=8945
.step idx=8946
.step idx=8947
.step idx=8948
.step idx=8949
.step idx=8950
.step idx=8951
.step idx=8952
.step idx=8953
.step idx=8954
.step idx=8955
.step idx=8956
.step idx=8957
.step idx=8958
.step idx=8959
.step idx=8960
.step idx=8961
.step idx=8962
.step idx=8963
.step idx=8964
.step idx=8965
.step idx=8966
.step idx=8967
.step idx=8968
.step idx=8969
.step idx=8970
.step idx=8971
.step idx=8972
.step idx=8973
.step idx=8974
.step idx=8975
.step idx=8976
.step idx=8977
.step idx=8978
.step idx=8979
.step idx=8980
.step idx=8981
.step idx=8982
.step idx=8983
.step idx=8984
.step idx=8985
.step idx=8986
.step idx=8987
.step idx=8988
.step idx=8989
.step idx=8990
.step idx=8991
.step idx=8992
.step idx=8993
.step idx=8994
.step idx=8995
.step idx=8996
.step idx=8997
.step idx=8998
.step idx=8999
.step idx=9000
.step idx=9001
.step idx=9002
.step idx=9003
.step idx=9004
.step idx=9005
.step idx=9006
.step idx=9007
.step idx=9008
.step idx=9009
.step idx=9010
.step idx=9011
.step idx=9012
.step idx=9013
.step idx=9014
.step idx=9015
.step idx=9016
.step idx=9017
.step idx=9018
.step idx=9019
.step idx=9020
.step idx=9021
.step idx=9022
.step idx=9023
.step idx=9024
.step idx=9025
.step idx=9026
.step idx=9027
.step idx=9028
.step idx=9029
.step idx=9030
.step idx=9031
.step idx=9032
.step idx=9033
.step idx=9034
.step idx=9035
.step idx=9036
.step idx=9037
.step idx=9038
.step idx=9039
.step idx=9040
.step idx=9041
.step idx=9042
.step idx=9043
.step idx=9044
.step idx=9045
.step idx=9046
.step idx=9047
.step idx=9048
.step idx=9049
.step idx=9050
.step idx=9051
.step idx=9052
.step idx=9053
.step idx=9054
.step idx=9055
.step idx=9056
.step idx=9057
.step idx=9058
.step idx=9059
.step idx=9060
.step idx=9061
.step idx=9062
.step idx=9063
.step idx=9064
.step idx=9065
.step idx=9066
.step idx=9067
.step idx=9068
.step idx=9069
.step idx=9070
.step idx=9071
.step idx=9072
.step idx=9073
.step idx=9074
.step idx=9075
.step idx=9076
.step idx=9077
.step idx=9078
.step idx=9079
.step idx=9080
.step idx=9081
.step idx=9082
.step idx=9083
.step idx=9084
.step idx=9085
.step idx=9086
.step idx=9087
.step idx=9088
.step idx=9089
.step idx=9090
.step idx=9091
.step idx=9092
.step idx=9093
.step idx=9094
.step idx=9095
.step idx=9096
.step idx=9097
.step idx=9098
.step idx=9099
.step idx=9100
.step idx=9101
.step idx=9102
.step idx=9103
.step idx=9104
.step idx=9105
.step idx=9106
.step idx=9107
.step idx=9108
.step idx=9109
.step idx=9110
.step idx=9111
.step idx=9112
.step idx=9113
.step idx=9114
.step idx=9115
.step idx=9116
.step idx=9117
.step idx=9118
.step idx=9119
.step idx=9120
.step idx=9121
.step idx=9122
.step idx=9123
.step idx=9124
.step idx=9125
.step idx=9126
.step idx=9127
.step idx=9128
.step idx=9129
.step idx=9130
.step idx=9131
.step idx=9132
.step idx=9133
.step idx=9134
.step idx=9135
.step idx=9136
.step idx=9137
.step idx=9138
.step idx=9139
.step idx=9140
.step idx=9141
.step idx=9142
.step idx=9143
.step idx=9144
.step idx=9145
.step idx=9146
.step idx=9147
.step idx=9148
.step idx=9149
.step idx=9150
.step idx=9151
.step idx=9152
.step idx=9153
.step idx=9154
.step idx=9155
.step idx=9156
.step idx=9157
.step idx=9158
.step idx=9159
.step idx=9160
.step idx=9161
.step idx=9162
.step idx=9163
.step idx=9164
.step idx=9165
.step idx=9166
.step idx=9167
.step idx=9168
.step idx=9169
.step idx=9170
.step idx=9171
.step idx=9172
.step idx=9173
.step idx=9174
.step idx=9175
.step idx=9176
.step idx=9177
.step idx=9178
.step idx=9179
.step idx=9180
.step idx=9181
.step idx=9182
.step idx=9183
.step idx=9184
.step idx=9185
.step idx=9186
.step idx=9187
.step idx=9188
.step idx=9189
.step idx=9190
.step idx=9191
.step idx=9192
.step idx=9193
.step idx=9194
.step idx=9195
.step idx=9196
.step idx=9197
.step idx=9198
.step idx=9199
.step idx=9200
.step idx=9201
.step idx=9202
.step idx=9203
.step idx=9204
.step idx=9205
.step idx=9206
.step idx=9207
.step idx=9208
.step idx=9209
.step idx=9210
.step idx=9211
.step idx=9212
.step idx=9213
.step idx=9214
.step idx=9215
.step idx=9216
.step idx=9217
.step idx=9218
.step idx=9219
.step idx=9220
.step idx=9221
.step idx=9222
.step idx=9223
.step idx=9224
.step idx=9225
.step idx=9226
.step idx=9227
.step idx=9228
.step idx=9229
.step idx=9230
.step idx=9231
.step idx=9232
.step idx=9233
.step idx=9234
.step idx=9235
.step idx=9236
.step idx=9237
.step idx=9238
.step idx=9239
.step idx=9240
.step idx=9241
.step idx=9242
.step idx=9243
.step idx=9244
.step idx=9245
.step idx=9246
.step idx=9247
.step idx=9248
.step idx=9249
.step idx=9250
.step idx=9251
.step idx=9252
.step idx=9253
.step idx=9254
.step idx=9255
.step idx=9256
.step idx=9257
.step idx=9258
.step idx=9259
.step idx=9260
.step idx=9261
.step idx=9262
.step idx=9263
.step idx=9264
.step idx=9265
.step idx=9266
.step idx=9267
.step idx=9268
.step idx=9269
.step idx=9270
.step idx=9271
.step idx=9272
.step idx=9273
.step idx=9274
.step idx=9275
.step idx=9276
.step idx=9277
.step idx=9278
.step idx=9279
.step idx=9280
.step idx=9281
.step idx=9282
.step idx=9283
.step idx=9284
.step idx=9285
.step idx=9286
.step idx=9287
.step idx=9288
.step idx=9289
.step idx=9290
.step idx=9291
.step idx=9292
.step idx=9293
.step idx=9294
.step idx=9295
.step idx=9296
.step idx=9297
.step idx=9298
.step idx=9299
.step idx=9300
.step idx=9301
.step idx=9302
.step idx=9303
.step idx=9304
.step idx=9305
.step idx=9306
.step idx=9307
.step idx=9308
.step idx=9309
.step idx=9310
.step idx=9311
.step idx=9312
.step idx=9313
.step idx=9314
.step idx=9315
.step idx=9316
.step idx=9317
.step idx=9318
.step idx=9319
.step idx=9320
.step idx=9321
.step idx=9322
.step idx=9323
.step idx=9324
.step idx=9325
.step idx=9326
.step idx=9327
.step idx=9328
.step idx=9329
.step idx=9330
.step idx=9331
.step idx=9332
.step idx=9333
.step idx=9334
.step idx=9335
.step idx=9336
.step idx=9337
.step idx=9338
.step idx=9339
.step idx=9340
.step idx=9341
.step idx=9342
.step idx=9343
.step idx=9344
.step idx=9345
.step idx=9346
.step idx=9347
.step idx=9348
.step idx=9349
.step idx=9350
.step idx=9351
.step idx=9352
.step idx=9353
.step idx=9354
.step idx=9355
.step idx=9356
.step idx=9357
.step idx=9358
.step idx=9359
.step idx=9360
.step idx=9361
.step idx=9362
.step idx=9363
.step idx=9364
.step idx=9365
.step idx=9366
.step idx=9367
.step idx=9368
.step idx=9369
.step idx=9370
.step idx=9371
.step idx=9372
.step idx=9373
.step idx=9374
.step idx=9375
.step idx=9376
.step idx=9377
.step idx=9378
.step idx=9379
.step idx=9380
.step idx=9381
.step idx=9382
.step idx=9383
.step idx=9384
.step idx=9385
.step idx=9386
.step idx=9387
.step idx=9388
.step idx=9389
.step idx=9390
.step idx=9391
.step idx=9392
.step idx=9393
.step idx=9394
.step idx=9395
.step idx=9396
.step idx=9397
.step idx=9398
.step idx=9399
.step idx=9400
.step idx=9401
.step idx=9402
.step idx=9403
.step idx=9404
.step idx=9405
.step idx=9406
.step idx=9407
.step idx=9408
.step idx=9409
.step idx=9410
.step idx=9411
.step idx=9412
.step idx=9413
.step idx=9414
.step idx=9415
.step idx=9416
.step idx=9417
.step idx=9418
.step idx=9419
.step idx=9420
.step idx=9421
.step idx=9422
.step idx=9423
.step idx=9424
.step idx=9425
.step idx=9426
.step idx=9427
.step idx=9428
.step idx=9429
.step idx=9430
.step idx=9431
.step idx=9432
.step idx=9433
.step idx=9434
.step idx=9435
.step idx=9436
.step idx=9437
.step idx=9438
.step idx=9439
.step idx=9440
.step idx=9441
.step idx=9442
.step idx=9443
.step idx=9444
.step idx=9445
.step idx=9446
.step idx=9447
.step idx=9448
.step idx=9449
.step idx=9450
.step idx=9451
.step idx=9452
.step idx=9453
.step idx=9454
.step idx=9455
.step idx=9456
.step idx=9457
.step idx=9458
.step idx=9459
.step idx=9460
.step idx=9461
.step idx=9462
.step idx=9463
.step idx=9464
.step idx=9465
.step idx=9466
.step idx=9467
.step idx=9468
.step idx=9469
.step idx=9470
.step idx=9471
.step idx=9472
.step idx=9473
.step idx=9474
.step idx=9475
.step idx=9476
.step idx=9477
.step idx=9478
.step idx=9479
.step idx=9480
.step idx=9481
.step idx=9482
.step idx=9483
.step idx=9484
.step idx=9485
.step idx=9486
.step idx=9487
.step idx=9488
.step idx=9489
.step idx=9490
.step idx=9491
.step idx=9492
.step idx=9493
.step idx=9494
.step idx=9495
.step idx=9496
.step idx=9497
.step idx=9498
.step idx=9499
.step idx=9500
.step idx=9501
.step idx=9502
.step idx=9503
.step idx=9504
.step idx=9505
.step idx=9506
.step idx=9507
.step idx=9508
.step idx=9509
.step idx=9510
.step idx=9511
.step idx=9512
.step idx=9513
.step idx=9514
.step idx=9515
.step idx=9516
.step idx=9517
.step idx=9518
.step idx=9519
.step idx=9520
.step idx=9521
.step idx=9522
.step idx=9523
.step idx=9524
.step idx=9525
.step idx=9526
.step idx=9527
.step idx=9528
.step idx=9529
.step idx=9530
.step idx=9531
.step idx=9532
.step idx=9533
.step idx=9534
.step idx=9535
.step idx=9536
.step idx=9537
.step idx=9538
.step idx=9539
.step idx=9540
.step idx=9541
.step idx=9542
.step idx=9543
.step idx=9544
.step idx=9545
.step idx=9546
.step idx=9547
.step idx=9548
.step idx=9549
.step idx=9550
.step idx=9551
.step idx=9552
.step idx=9553
.step idx=9554
.step idx=9555
.step idx=9556
.step idx=9557
.step idx=9558
.step idx=9559
.step idx=9560
.step idx=9561
.step idx=9562
.step idx=9563
.step idx=9564
.step idx=9565
.step idx=9566
.step idx=9567
.step idx=9568
.step idx=9569
.step idx=9570
.step idx=9571
.step idx=9572
.step idx=9573
.step idx=9574
.step idx=9575
.step idx=9576
.step idx=9577
.step idx=9578
.step idx=9579
.step idx=9580
.step idx=9581
.step idx=9582
.step idx=9583
.step idx=9584
.step idx=9585
.step idx=9586
.step idx=9587
.step idx=9588
.step idx=9589
.step idx=9590
.step idx=9591
.step idx=9592
.step idx=9593
.step idx=9594
.step idx=9595
.step idx=9596
.step idx=9597
.step idx=9598
.step idx=9599
.step idx=9600
.step idx=9601
.step idx=9602
.step idx=9603
.step idx=9604
.step idx=9605
.step idx=9606
.step idx=9607
.step idx=9608
.step idx=9609
.step idx=9610
.step idx=9611
.step idx=9612
.step idx=9613
.step idx=9614
.step idx=9615
.step idx=9616
.step idx=9617
.step idx=9618
.step idx=9619
.step idx=9620
.step idx=9621
.step idx=9622
.step idx=9623
.step idx=9624
.step idx=9625
.step idx=9626
.step idx=9627
.step idx=9628
.step idx=9629
.step idx=9630
.step idx=9631
.step idx=9632
.step idx=9633
.step idx=9634
.step idx=9635
.step idx=9636
.step idx=9637
.step idx=9638
.step idx=9639
.step idx=9640
.step idx=9641
.step idx=9642
.step idx=9643
.step idx=9644
.step idx=9645
.step idx=9646
.step idx=9647
.step idx=9648
.step idx=9649
.step idx=9650
.step idx=9651
.step idx=9652
.step idx=9653
.step idx=9654
.step idx=9655
.step idx=9656
.step idx=9657
.step idx=9658
.step idx=9659
.step idx=9660
.step idx=9661
.step idx=9662
.step idx=9663
.step idx=9664
.step idx=9665
.step idx=9666
.step idx=9667
.step idx=9668
.step idx=9669
.step idx=9670
.step idx=9671
.step idx=9672
.step idx=9673
.step idx=9674
.step idx=9675
.step idx=9676
.step idx=9677
.step idx=9678
.step idx=9679
.step idx=9680
.step idx=9681
.step idx=9682
.step idx=9683
.step idx=9684
.step idx=9685
.step idx=9686
.step idx=9687
.step idx=9688
.step idx=9689
.step idx=9690
.step idx=9691
.step idx=9692
.step idx=9693
.step idx=9694
.step idx=9695
.step idx=9696
.step idx=9697
.step idx=9698
.step idx=9699
.step idx=9700
.step idx=9701
.step idx=9702
.step idx=9703
.step idx=9704
.step idx=9705
.step idx=9706
.step idx=9707
.step idx=9708
.step idx=9709
.step idx=9710
.step idx=9711
.step idx=9712
.step idx=9713
.step idx=9714
.step idx=9715
.step idx=9716
.step idx=9717
.step idx=9718
.step idx=9719
.step idx=9720
.step idx=9721
.step idx=9722
.step idx=9723
.step idx=9724
.step idx=9725
.step idx=9726
.step idx=9727
.step idx=9728
.step idx=9729
.step idx=9730
.step idx=9731
.step idx=9732
.step idx=9733
.step idx=9734
.step idx=9735
.step idx=9736
.step idx=9737
.step idx=9738
.step idx=9739
.step idx=9740
.step idx=9741
.step idx=9742
.step idx=9743
.step idx=9744
.step idx=9745
.step idx=9746
.step idx=9747
.step idx=9748
.step idx=9749
.step idx=9750
.step idx=9751
.step idx=9752
.step idx=9753
.step idx=9754
.step idx=9755
.step idx=9756
.step idx=9757
.step idx=9758
.step idx=9759
.step idx=9760
.step idx=9761
.step idx=9762
.step idx=9763
.step idx=9764
.step idx=9765
.step idx=9766
.step idx=9767
.step idx=9768
.step idx=9769
.step idx=9770
.step idx=9771
.step idx=9772
.step idx=9773
.step idx=9774
.step idx=9775
.step idx=9776
.step idx=9777
.step idx=9778
.step idx=9779
.step idx=9780
.step idx=9781
.step idx=9782
.step idx=9783
.step idx=9784
.step idx=9785
.step idx=9786
.step idx=9787
.step idx=9788
.step idx=9789
.step idx=9790
.step idx=9791
.step idx=9792
.step idx=9793
.step idx=9794
.step idx=9795
.step idx=9796
.step idx=9797
.step idx=9798
.step idx=9799
.step idx=9800
.step idx=9801
.step idx=9802
.step idx=9803
.step idx=9804
.step idx=9805
.step idx=9806
.step idx=9807
.step idx=9808
.step idx=9809
.step idx=9810
.step idx=9811
.step idx=9812
.step idx=9813
.step idx=9814
.step idx=9815
.step idx=9816
.step idx=9817
.step idx=9818
.step idx=9819
.step idx=9820
.step idx=9821
.step idx=9822
.step idx=9823
.step idx=9824
.step idx=9825
.step idx=9826
.step idx=9827
.step idx=9828
.step idx=9829
.step idx=9830
.step idx=9831
.step idx=9832
.step idx=9833
.step idx=9834
.step idx=9835
.step idx=9836
.step idx=9837
.step idx=9838
.step idx=9839
.step idx=9840
.step idx=9841
.step idx=9842
.step idx=9843
.step idx=9844
.step idx=9845
.step idx=9846
.step idx=9847
.step idx=9848
.step idx=9849
.step idx=9850
.step idx=9851
.step idx=9852
.step idx=9853
.step idx=9854
.step idx=9855
.step idx=9856
.step idx=9857
.step idx=9858
.step idx=9859
.step idx=9860
.step idx=9861
.step idx=9862
.step idx=9863
.step idx=9864
.step idx=9865
.step idx=9866
.step idx=9867
.step idx=9868
.step idx=9869
.step idx=9870
.step idx=9871
.step idx=9872
.step idx=9873
.step idx=9874
.step idx=9875
.step idx=9876
.step idx=9877
.step idx=9878
.step idx=9879
.step idx=9880
.step idx=9881
.step idx=9882
.step idx=9883
.step idx=9884
.step idx=9885
.step idx=9886
.step idx=9887
.step idx=9888
.step idx=9889
.step idx=9890
.step idx=9891
.step idx=9892
.step idx=9893
.step idx=9894
.step idx=9895
.step idx=9896
.step idx=9897
.step idx=9898
.step idx=9899
.step idx=9900
.step idx=9901
.step idx=9902
.step idx=9903
.step idx=9904
.step idx=9905
.step idx=9906
.step idx=9907
.step idx=9908
.step idx=9909
.step idx=9910
.step idx=9911
.step idx=9912
.step idx=9913
.step idx=9914
.step idx=9915
.step idx=9916
.step idx=9917
.step idx=9918
.step idx=9919
.step idx=9920
.step idx=9921
.step idx=9922
.step idx=9923
.step idx=9924
.step idx=9925
.step idx=9926
.step idx=9927
.step idx=9928
.step idx=9929
.step idx=9930
.step idx=9931
.step idx=9932
.step idx=9933
.step idx=9934
.step idx=9935
.step idx=9936
.step idx=9937
.step idx=9938
.step idx=9939
.step idx=9940
.step idx=9941
.step idx=9942
.step idx=9943
.step idx=9944
.step idx=9945
.step idx=9946
.step idx=9947
.step idx=9948
.step idx=9949
.step idx=9950
.step idx=9951
.step idx=9952
.step idx=9953
.step idx=9954
.step idx=9955
.step idx=9956
.step idx=9957
.step idx=9958
.step idx=9959
.step idx=9960
.step idx=9961
.step idx=9962
.step idx=9963
.step idx=9964
.step idx=9965
.step idx=9966
.step idx=9967
.step idx=9968
.step idx=9969
.step idx=9970
.step idx=9971
.step idx=9972
.step idx=9973
.step idx=9974
.step idx=9975
.step idx=9976
.step idx=9977
.step idx=9978
.step idx=9979
.step idx=9980
.step idx=9981
.step idx=9982
.step idx=9983
.step idx=9984
.step idx=9985
.step idx=9986
.step idx=9987
.step idx=9988
.step idx=9989
.step idx=9990
.step idx=9991
.step idx=9992
.step idx=9993
.step idx=9994
.step idx=9995
.step idx=9996
.step idx=9997
.step idx=9998
.step idx=9999
.step idx=10000
.step idx=10001
.step idx=10002
.step idx=10003
.step idx=10004
.step idx=10005
.step idx=10006
.step idx=10007
.step idx=10008
.step idx=10009
.step idx=10010
.step idx=10011
.step idx=10012
.step idx=10013
.step idx=10014
.step idx=10015
.step idx=10016
.step idx=10017
.step idx=10018
.step idx=10019
.step idx=10020
.step idx=10021
.step idx=10022
.step idx=10023
.step idx=10024
.step idx=10025
.step idx=10026
.step idx=10027
.step idx=10028
.step idx=10029
.step idx=10030
.step idx=10031
.step idx=10032
.step idx=10033
.step idx=10034
.step idx=10035
.step idx=10036
.step idx=10037
.step idx=10038
.step idx=10039
.step idx=10040
.step idx=10041
.step idx=10042
.step idx=10043
.step idx=10044
.step idx=10045
.step idx=10046
.step idx=10047
.step idx=10048
.step idx=10049
.step idx=10050
.step idx=10051
.step idx=10052
.step idx=10053
.step idx=10054
.step idx=10055
.step idx=10056
.step idx=10057
.step idx=10058
.step idx=10059
.step idx=10060
.step idx=10061
.step idx=10062
.step idx=10063
.step idx=10064
.step idx=10065
.step idx=10066
.step idx=10067
.step idx=10068
.step idx=10069
.step idx=10070
.step idx=10071
.step idx=10072
.step idx=10073
.step idx=10074
.step idx=10075
.step idx=10076
.step idx=10077
.step idx=10078
.step idx=10079
.step idx=10080
.step idx=10081
.step idx=10082
.step idx=10083
.step idx=10084
.step idx=10085
.step idx=10086
.step idx=10087
.step idx=10088
.step idx=10089
.step idx=10090
.step idx=10091
.step idx=10092
.step idx=10093
.step idx=10094
.step idx=10095
.step idx=10096
.step idx=10097
.step idx=10098
.step idx=10099
.step idx=10100
.step idx=10101
.step idx=10102
.step idx=10103
.step idx=10104
.step idx=10105
.step idx=10106
.step idx=10107
.step idx=10108
.step idx=10109
.step idx=10110
.step idx=10111
.step idx=10112
.step idx=10113
.step idx=10114
.step idx=10115
.step idx=10116
.step idx=10117
.step idx=10118
.step idx=10119
.step idx=10120
.step idx=10121
.step idx=10122
.step idx=10123
.step idx=10124
.step idx=10125
.step idx=10126
.step idx=10127
.step idx=10128
.step idx=10129
.step idx=10130
.step idx=10131
.step idx=10132
.step idx=10133
.step idx=10134
.step idx=10135
.step idx=10136
.step idx=10137
.step idx=10138
.step idx=10139
.step idx=10140
.step idx=10141
.step idx=10142
.step idx=10143
.step idx=10144
.step idx=10145
.step idx=10146
.step idx=10147
.step idx=10148
.step idx=10149
.step idx=10150
.step idx=10151
.step idx=10152
.step idx=10153
.step idx=10154
.step idx=10155
.step idx=10156
.step idx=10157
.step idx=10158
.step idx=10159
.step idx=10160
.step idx=10161
.step idx=10162
.step idx=10163
.step idx=10164
.step idx=10165
.step idx=10166
.step idx=10167
.step idx=10168
.step idx=10169
.step idx=10170
.step idx=10171
.step idx=10172
.step idx=10173
.step idx=10174
.step idx=10175
.step idx=10176
.step idx=10177
.step idx=10178
.step idx=10179
.step idx=10180
.step idx=10181
.step idx=10182
.step idx=10183
.step idx=10184
.step idx=10185
.step idx=10186
.step idx=10187
.step idx=10188
.step idx=10189
.step idx=10190
.step idx=10191
.step idx=10192
.step idx=10193
.step idx=10194
.step idx=10195
.step idx=10196
.step idx=10197
.step idx=10198
.step idx=10199
.step idx=10200
.step idx=10201
.step idx=10202
.step idx=10203
.step idx=10204
.step idx=10205
.step idx=10206
.step idx=10207
.step idx=10208
.step idx=10209
.step idx=10210
.step idx=10211
.step idx=10212
.step idx=10213
.step idx=10214
.step idx=10215
.step idx=10216
.step idx=10217
.step idx=10218
.step idx=10219
.step idx=10220
.step idx=10221
.step idx=10222
.step idx=10223
.step idx=10224
.step idx=10225
.step idx=10226
.step idx=10227
.step idx=10228
.step idx=10229
.step idx=10230
.step idx=10231
.step idx=10232
.step idx=10233
.step idx=10234
.step idx=10235
.step idx=10236
.step idx=10237
.step idx=10238
.step idx=10239
.step idx=10240
.step idx=10241
.step idx=10242
.step idx=10243
.step idx=10244
.step idx=10245
.step idx=10246
.step idx=10247
.step idx=10248
.step idx=10249
.step idx=10250
.step idx=10251
.step idx=10252
.step idx=10253
.step idx=10254
.step idx=10255
.step idx=10256
.step idx=10257
.step idx=10258
.step idx=10259
.step idx=10260
.step idx=10261
.step idx=10262
.step idx=10263
.step idx=10264
.step idx=10265
.step idx=10266
.step idx=10267
.step idx=10268
.step idx=10269
.step idx=10270
.step idx=10271
.step idx=10272
.step idx=10273
.step idx=10274
.step idx=10275
.step idx=10276
.step idx=10277
.step idx=10278
.step idx=10279
.step idx=10280
.step idx=10281
.step idx=10282
.step idx=10283
.step idx=10284
.step idx=10285
.step idx=10286
.step idx=10287
.step idx=10288
.step idx=10289
.step idx=10290
.step idx=10291
.step idx=10292
.step idx=10293
.step idx=10294
.step idx=10295
.step idx=10296
.step idx=10297
.step idx=10298
.step idx=10299
.step idx=10300
.step idx=10301
.step idx=10302
.step idx=10303
.step idx=10304
.step idx=10305
.step idx=10306
.step idx=10307
.step idx=10308
.step idx=10309
.step idx=10310
.step idx=10311
.step idx=10312
.step idx=10313
.step idx=10314
.step idx=10315
.step idx=10316
.step idx=10317
.step idx=10318
.step idx=10319
.step idx=10320
.step idx=10321
.step idx=10322
.step idx=10323
.step idx=10324
.step idx=10325
.step idx=10326
.step idx=10327
.step idx=10328
.step idx=10329
.step idx=10330
.step idx=10331
.step idx=10332
.step idx=10333
.step idx=10334
.step idx=10335
.step idx=10336
.step idx=10337
.step idx=10338
.step idx=10339
.step idx=10340
.step idx=10341
.step idx=10342
.step idx=10343
.step idx=10344
.step idx=10345
.step idx=10346
.step idx=10347
.step idx=10348
.step idx=10349
.step idx=10350
.step idx=10351
.step idx=10352
.step idx=10353
.step idx=10354
.step idx=10355
.step idx=10356
.step idx=10357
.step idx=10358
.step idx=10359
.step idx=10360
.step idx=10361
.step idx=10362
.step idx=10363
.step idx=10364
.step idx=10365
.step idx=10366
.step idx=10367
.step idx=10368
.step idx=10369
.step idx=10370
.step idx=10371
.step idx=10372
.step idx=10373
.step idx=10374
.step idx=10375
.step idx=10376
.step idx=10377
.step idx=10378
.step idx=10379
.step idx=10380
.step idx=10381
.step idx=10382
.step idx=10383
.step idx=10384
.step idx=10385
.step idx=10386
.step idx=10387
.step idx=10388
.step idx=10389
.step idx=10390
.step idx=10391
.step idx=10392
.step idx=10393
.step idx=10394
.step idx=10395
.step idx=10396
.step idx=10397
.step idx=10398
.step idx=10399
.step idx=10400
.step idx=10401
.step idx=10402
.step idx=10403
.step idx=10404
.step idx=10405
.step idx=10406
.step idx=10407
.step idx=10408
.step idx=10409
.step idx=10410
.step idx=10411
.step idx=10412
.step idx=10413
.step idx=10414
.step idx=10415
.step idx=10416
.step idx=10417
.step idx=10418
.step idx=10419
.step idx=10420
.step idx=10421
.step idx=10422
.step idx=10423
.step idx=10424
.step idx=10425
.step idx=10426
.step idx=10427
.step idx=10428
.step idx=10429
.step idx=10430
.step idx=10431
.step idx=10432
.step idx=10433
.step idx=10434
.step idx=10435
.step idx=10436
.step idx=10437
.step idx=10438
.step idx=10439
.step idx=10440
.step idx=10441
.step idx=10442
.step idx=10443
.step idx=10444
.step idx=10445
.step idx=10446
.step idx=10447
.step idx=10448
.step idx=10449
.step idx=10450
.step idx=10451
.step idx=10452
.step idx=10453
.step idx=10454
.step idx=10455
.step idx=10456
.step idx=10457
.step idx=10458
.step idx=10459
.step idx=10460
.step idx=10461
.step idx=10462
.step idx=10463
.step idx=10464
.step idx=10465
.step idx=10466
.step idx=10467
.step idx=10468
.step idx=10469
.step idx=10470
.step idx=10471
.step idx=10472
.step idx=10473
.step idx=10474
.step idx=10475
.step idx=10476
.step idx=10477
.step idx=10478
.step idx=10479
.step idx=10480
.step idx=10481
.step idx=10482
.step idx=10483
.step idx=10484
.step idx=10485
.step idx=10486
.step idx=10487
.step idx=10488
.step idx=10489
.step idx=10490
.step idx=10491
.step idx=10492
.step idx=10493
.step idx=10494
.step idx=10495
.step idx=10496
.step idx=10497
.step idx=10498
.step idx=10499
.step idx=10500
.step idx=10501
.step idx=10502
.step idx=10503
.step idx=10504
.step idx=10505
.step idx=10506
.step idx=10507
.step idx=10508
.step idx=10509
.step idx=10510
.step idx=10511
.step idx=10512
.step idx=10513
.step idx=10514
.step idx=10515
.step idx=10516
.step idx=10517
.step idx=10518
.step idx=10519
.step idx=10520
.step idx=10521
.step idx=10522
.step idx=10523
.step idx=10524
.step idx=10525
.step idx=10526
.step idx=10527
.step idx=10528
.step idx=10529
.step idx=10530
.step idx=10531
.step idx=10532
.step idx=10533
.step idx=10534
.step idx=10535
.step idx=10536
.step idx=10537
.step idx=10538
.step idx=10539
.step idx=10540
.step idx=10541
.step idx=10542
.step idx=10543
.step idx=10544
.step idx=10545
.step idx=10546
.step idx=10547
.step idx=10548
.step idx=10549
.step idx=10550
.step idx=10551
.step idx=10552
.step idx=10553
.step idx=10554
.step idx=10555
.step idx=10556
.step idx=10557
.step idx=10558
.step idx=10559
.step idx=10560
.step idx=10561
.step idx=10562
.step idx=10563
.step idx=10564
.step idx=10565
.step idx=10566
.step idx=10567
.step idx=10568
.step idx=10569
.step idx=10570
.step idx=10571
.step idx=10572
.step idx=10573
.step idx=10574
.step idx=10575
.step idx=10576
.step idx=10577
.step idx=10578
.step idx=10579
.step idx=10580
.step idx=10581
.step idx=10582
.step idx=10583
.step idx=10584
.step idx=10585
.step idx=10586
.step idx=10587
.step idx=10588
.step idx=10589
.step idx=10590
.step idx=10591
.step idx=10592
.step idx=10593
.step idx=10594
.step idx=10595
.step idx=10596
.step idx=10597
.step idx=10598
.step idx=10599
.step idx=10600
.step idx=10601
.step idx=10602
.step idx=10603
.step idx=10604
.step idx=10605
.step idx=10606
.step idx=10607
.step idx=10608
.step idx=10609
.step idx=10610
.step idx=10611
.step idx=10612
.step idx=10613
.step idx=10614
.step idx=10615
.step idx=10616
.step idx=10617
.step idx=10618
.step idx=10619
.step idx=10620
.step idx=10621
.step idx=10622
.step idx=10623
.step idx=10624
.step idx=10625
.step idx=10626
.step idx=10627
.step idx=10628
.step idx=10629
.step idx=10630
.step idx=10631
.step idx=10632
.step idx=10633
.step idx=10634
.step idx=10635
.step idx=10636
.step idx=10637
.step idx=10638
.step idx=10639
.step idx=10640
.step idx=10641
.step idx=10642
.step idx=10643
.step idx=10644
.step idx=10645
.step idx=10646
.step idx=10647
.step idx=10648
.step idx=10649
.step idx=10650
.step idx=10651
.step idx=10652
.step idx=10653
.step idx=10654
.step idx=10655
.step idx=10656
.step idx=10657
.step idx=10658
.step idx=10659
.step idx=10660
.step idx=10661
.step idx=10662
.step idx=10663
.step idx=10664
.step idx=10665
.step idx=10666
.step idx=10667
.step idx=10668
.step idx=10669
.step idx=10670
.step idx=10671
.step idx=10672
.step idx=10673
.step idx=10674
.step idx=10675
.step idx=10676
.step idx=10677
.step idx=10678
.step idx=10679
.step idx=10680
.step idx=10681
.step idx=10682
.step idx=10683
.step idx=10684
.step idx=10685
.step idx=10686
.step idx=10687
.step idx=10688
.step idx=10689
.step idx=10690
.step idx=10691
.step idx=10692
.step idx=10693
.step idx=10694
.step idx=10695
.step idx=10696
.step idx=10697
.step idx=10698
.step idx=10699
.step idx=10700
.step idx=10701
.step idx=10702
.step idx=10703
.step idx=10704
.step idx=10705
.step idx=10706
.step idx=10707
.step idx=10708
.step idx=10709
.step idx=10710
.step idx=10711
.step idx=10712
.step idx=10713
.step idx=10714
.step idx=10715
.step idx=10716
.step idx=10717
.step idx=10718
.step idx=10719
.step idx=10720
.step idx=10721
.step idx=10722
.step idx=10723
.step idx=10724
.step idx=10725
.step idx=10726
.step idx=10727
.step idx=10728
.step idx=10729
.step idx=10730
.step idx=10731
.step idx=10732
.step idx=10733
.step idx=10734
.step idx=10735
.step idx=10736
.step idx=10737
.step idx=10738
.step idx=10739
.step idx=10740
.step idx=10741
.step idx=10742
.step idx=10743
.step idx=10744
.step idx=10745
.step idx=10746
.step idx=10747
.step idx=10748
.step idx=10749
.step idx=10750
.step idx=10751
.step idx=10752
.step idx=10753
.step idx=10754
.step idx=10755
.step idx=10756
.step idx=10757
.step idx=10758
.step idx=10759
.step idx=10760
.step idx=10761
.step idx=10762
.step idx=10763
.step idx=10764
.step idx=10765
.step idx=10766
.step idx=10767
.step idx=10768
.step idx=10769
.step idx=10770
.step idx=10771
.step idx=10772
.step idx=10773
.step idx=10774
.step idx=10775
.step idx=10776
.step idx=10777
.step idx=10778
.step idx=10779
.step idx=10780
.step idx=10781
.step idx=10782
.step idx=10783
.step idx=10784
.step idx=10785
.step idx=10786
.step idx=10787
.step idx=10788
.step idx=10789
.step idx=10790
.step idx=10791
.step idx=10792
.step idx=10793
.step idx=10794
.step idx=10795
.step idx=10796
.step idx=10797
.step idx=10798
.step idx=10799
.step idx=10800
.step idx=10801
.step idx=10802
.step idx=10803
.step idx=10804
.step idx=10805
.step idx=10806
.step idx=10807
.step idx=10808
.step idx=10809
.step idx=10810
.step idx=10811
.step idx=10812
.step idx=10813
.step idx=10814
.step idx=10815
.step idx=10816
.step idx=10817
.step idx=10818
.step idx=10819
.step idx=10820
.step idx=10821
.step idx=10822
.step idx=10823
.step idx=10824
.step idx=10825
.step idx=10826
.step idx=10827
.step idx=10828
.step idx=10829
.step idx=10830
.step idx=10831
.step idx=10832
.step idx=10833
.step idx=10834
.step idx=10835
.step idx=10836
.step idx=10837
.step idx=10838
.step idx=10839
.step idx=10840
.step idx=10841
.step idx=10842
.step idx=10843
.step idx=10844
.step idx=10845
.step idx=10846
.step idx=10847
.step idx=10848
.step idx=10849
.step idx=10850
.step idx=10851
.step idx=10852
.step idx=10853
.step idx=10854
.step idx=10855
.step idx=10856
.step idx=10857
.step idx=10858
.step idx=10859
.step idx=10860
.step idx=10861
.step idx=10862
.step idx=10863
.step idx=10864
.step idx=10865
.step idx=10866
.step idx=10867
.step idx=10868
.step idx=10869
.step idx=10870
.step idx=10871
.step idx=10872
.step idx=10873
.step idx=10874
.step idx=10875
.step idx=10876
.step idx=10877
.step idx=10878
.step idx=10879
.step idx=10880
.step idx=10881
.step idx=10882
.step idx=10883
.step idx=10884
.step idx=10885
.step idx=10886
.step idx=10887
.step idx=10888
.step idx=10889
.step idx=10890
.step idx=10891
.step idx=10892
.step idx=10893
.step idx=10894
.step idx=10895
.step idx=10896
.step idx=10897
.step idx=10898
.step idx=10899
.step idx=10900
.step idx=10901
.step idx=10902
.step idx=10903
.step idx=10904
.step idx=10905
.step idx=10906
.step idx=10907
.step idx=10908
.step idx=10909
.step idx=10910
.step idx=10911
.step idx=10912
.step idx=10913
.step idx=10914
.step idx=10915
.step idx=10916
.step idx=10917
.step idx=10918
.step idx=10919
.step idx=10920
.step idx=10921
.step idx=10922
.step idx=10923
.step idx=10924
.step idx=10925
.step idx=10926
.step idx=10927
.step idx=10928
.step idx=10929
.step idx=10930
.step idx=10931
.step idx=10932
.step idx=10933
.step idx=10934
.step idx=10935
.step idx=10936
.step idx=10937
.step idx=10938
.step idx=10939
.step idx=10940
.step idx=10941
.step idx=10942
.step idx=10943
.step idx=10944
.step idx=10945
.step idx=10946
.step idx=10947
.step idx=10948
.step idx=10949
.step idx=10950
.step idx=10951
.step idx=10952
.step idx=10953
.step idx=10954
.step idx=10955
.step idx=10956
.step idx=10957
.step idx=10958
.step idx=10959
.step idx=10960
.step idx=10961
.step idx=10962
.step idx=10963
.step idx=10964
.step idx=10965
.step idx=10966
.step idx=10967
.step idx=10968
.step idx=10969
.step idx=10970
.step idx=10971
.step idx=10972
.step idx=10973
.step idx=10974
.step idx=10975
.step idx=10976
.step idx=10977
.step idx=10978
.step idx=10979
.step idx=10980
.step idx=10981
.step idx=10982
.step idx=10983
.step idx=10984
.step idx=10985
.step idx=10986
.step idx=10987
.step idx=10988
.step idx=10989
.step idx=10990
.step idx=10991
.step idx=10992
.step idx=10993
.step idx=10994
.step idx=10995
.step idx=10996
.step idx=10997
.step idx=10998
.step idx=10999
.step idx=11000
.step idx=11001
.step idx=11002
.step idx=11003
.step idx=11004
.step idx=11005
.step idx=11006
.step idx=11007
.step idx=11008
.step idx=11009
.step idx=11010
.step idx=11011
.step idx=11012
.step idx=11013
.step idx=11014
.step idx=11015
.step idx=11016
.step idx=11017
.step idx=11018
.step idx=11019
.step idx=11020
.step idx=11021
.step idx=11022
.step idx=11023
.step idx=11024
.step idx=11025
.step idx=11026
.step idx=11027
.step idx=11028
.step idx=11029
.step idx=11030
.step idx=11031
.step idx=11032
.step idx=11033
.step idx=11034
.step idx=11035
.step idx=11036
.step idx=11037
.step idx=11038
.step idx=11039
.step idx=11040
.step idx=11041
.step idx=11042
.step idx=11043
.step idx=11044
.step idx=11045
.step idx=11046
.step idx=11047
.step idx=11048
.step idx=11049
.step idx=11050
.step idx=11051
.step idx=11052
.step idx=11053
.step idx=11054
.step idx=11055
.step idx=11056
.step idx=11057
.step idx=11058
.step idx=11059
.step idx=11060
.step idx=11061
.step idx=11062
.step idx=11063
.step idx=11064
.step idx=11065
.step idx=11066
.step idx=11067
.step idx=11068
.step idx=11069
.step idx=11070
.step idx=11071
.step idx=11072
.step idx=11073
.step idx=11074
.step idx=11075
.step idx=11076
.step idx=11077
.step idx=11078
.step idx=11079
.step idx=11080
.step idx=11081
.step idx=11082
.step idx=11083
.step idx=11084
.step idx=11085
.step idx=11086
.step idx=11087
.step idx=11088
.step idx=11089
.step idx=11090
.step idx=11091
.step idx=11092
.step idx=11093
.step idx=11094
.step idx=11095
.step idx=11096
.step idx=11097
.step idx=11098
.step idx=11099
.step idx=11100
.step idx=11101
.step idx=11102
.step idx=11103
.step idx=11104
.step idx=11105
.step idx=11106
.step idx=11107
.step idx=11108
.step idx=11109
.step idx=11110
.step idx=11111
.step idx=11112
.step idx=11113
.step idx=11114
.step idx=11115
.step idx=11116
.step idx=11117
.step idx=11118
.step idx=11119
.step idx=11120
.step idx=11121
.step idx=11122
.step idx=11123
.step idx=11124
.step idx=11125
.step idx=11126
.step idx=11127
.step idx=11128
.step idx=11129
.step idx=11130
.step idx=11131
.step idx=11132
.step idx=11133
.step idx=11134
.step idx=11135
.step idx=11136
.step idx=11137
.step idx=11138
.step idx=11139
.step idx=11140
.step idx=11141
.step idx=11142
.step idx=11143
.step idx=11144
.step idx=11145
.step idx=11146
.step idx=11147
.step idx=11148
.step idx=11149
.step idx=11150
.step idx=11151
.step idx=11152
.step idx=11153
.step idx=11154
.step idx=11155
.step idx=11156
.step idx=11157
.step idx=11158
.step idx=11159
.step idx=11160
.step idx=11161
.step idx=11162
.step idx=11163
.step idx=11164
.step idx=11165
.step idx=11166
.step idx=11167
.step idx=11168
.step idx=11169
.step idx=11170
.step idx=11171
.step idx=11172
.step idx=11173
.step idx=11174
.step idx=11175
.step idx=11176
.step idx=11177
.step idx=11178
.step idx=11179
.step idx=11180
.step idx=11181
.step idx=11182
.step idx=11183
.step idx=11184
.step idx=11185
.step idx=11186
.step idx=11187
.step idx=11188
.step idx=11189
.step idx=11190
.step idx=11191
.step idx=11192
.step idx=11193
.step idx=11194
.step idx=11195
.step idx=11196
.step idx=11197
.step idx=11198
.step idx=11199
.step idx=11200
.step idx=11201
.step idx=11202
.step idx=11203
.step idx=11204
.step idx=11205
.step idx=11206
.step idx=11207
.step idx=11208
.step idx=11209
.step idx=11210
.step idx=11211
.step idx=11212
.step idx=11213
.step idx=11214
.step idx=11215
.step idx=11216
.step idx=11217
.step idx=11218
.step idx=11219
.step idx=11220
.step idx=11221
.step idx=11222
.step idx=11223
.step idx=11224
.step idx=11225
.step idx=11226
.step idx=11227
.step idx=11228
.step idx=11229
.step idx=11230
.step idx=11231
.step idx=11232
.step idx=11233
.step idx=11234
.step idx=11235
.step idx=11236
.step idx=11237
.step idx=11238
.step idx=11239
.step idx=11240
.step idx=11241
.step idx=11242
.step idx=11243
.step idx=11244
.step idx=11245
.step idx=11246
.step idx=11247
.step idx=11248
.step idx=11249
.step idx=11250
.step idx=11251
.step idx=11252
.step idx=11253
.step idx=11254
.step idx=11255
.step idx=11256
.step idx=11257
.step idx=11258
.step idx=11259
.step idx=11260
.step idx=11261
.step idx=11262
.step idx=11263
.step idx=11264
.step idx=11265
.step idx=11266
.step idx=11267
.step idx=11268
.step idx=11269
.step idx=11270
.step idx=11271
.step idx=11272
.step idx=11273
.step idx=11274
.step idx=11275
.step idx=11276
.step idx=11277
.step idx=11278
.step idx=11279
.step idx=11280
.step idx=11281
.step idx=11282
.step idx=11283
.step idx=11284
.step idx=11285
.step idx=11286
.step idx=11287
.step idx=11288
.step idx=11289
.step idx=11290
.step idx=11291
.step idx=11292
.step idx=11293
.step idx=11294
.step idx=11295
.step idx=11296
.step idx=11297
.step idx=11298
.step idx=11299
.step idx=11300
.step idx=11301
.step idx=11302
.step idx=11303
.step idx=11304
.step idx=11305
.step idx=11306
.step idx=11307
.step idx=11308
.step idx=11309
.step idx=11310
.step idx=11311
.step idx=11312
.step idx=11313
.step idx=11314
.step idx=11315
.step idx=11316
.step idx=11317
.step idx=11318
.step idx=11319
.step idx=11320
.step idx=11321
.step idx=11322
.step idx=11323
.step idx=11324
.step idx=11325
.step idx=11326
.step idx=11327
.step idx=11328
.step idx=11329
.step idx=11330
.step idx=11331
.step idx=11332
.step idx=11333
.step idx=11334
.step idx=11335
.step idx=11336
.step idx=11337
.step idx=11338
.step idx=11339
.step idx=11340
.step idx=11341
.step idx=11342
.step idx=11343
.step idx=11344
.step idx=11345
.step idx=11346
.step idx=11347
.step idx=11348
.step idx=11349
.step idx=11350
.step idx=11351
.step idx=11352
.step idx=11353
.step idx=11354
.step idx=11355
.step idx=11356
.step idx=11357
.step idx=11358
.step idx=11359
.step idx=11360
.step idx=11361
.step idx=11362
.step idx=11363
.step idx=11364
.step idx=11365
.step idx=11366
.step idx=11367
.step idx=11368
.step idx=11369
.step idx=11370
.step idx=11371
.step idx=11372
.step idx=11373
.step idx=11374
.step idx=11375
.step idx=11376
.step idx=11377
.step idx=11378
.step idx=11379
.step idx=11380
.step idx=11381
.step idx=11382
.step idx=11383
.step idx=11384
.step idx=11385
.step idx=11386
.step idx=11387
.step idx=11388
.step idx=11389
.step idx=11390
.step idx=11391
.step idx=11392
.step idx=11393
.step idx=11394
.step idx=11395
.step idx=11396
.step idx=11397
.step idx=11398
.step idx=11399
.step idx=11400
.step idx=11401
.step idx=11402
.step idx=11403
.step idx=11404
.step idx=11405
.step idx=11406
.step idx=11407
.step idx=11408
.step idx=11409
.step idx=11410
.step idx=11411
.step idx=11412
.step idx=11413
.step idx=11414
.step idx=11415
.step idx=11416
.step idx=11417
.step idx=11418
.step idx=11419
.step idx=11420
.step idx=11421
.step idx=11422
.step idx=11423
.step idx=11424
.step idx=11425
.step idx=11426
.step idx=11427
.step idx=11428
.step idx=11429
.step idx=11430
.step idx=11431
.step idx=11432
.step idx=11433
.step idx=11434
.step idx=11435
.step idx=11436
.step idx=11437
.step idx=11438
.step idx=11439
.step idx=11440
.step idx=11441
.step idx=11442
.step idx=11443
.step idx=11444
.step idx=11445
.step idx=11446
.step idx=11447
.step idx=11448
.step idx=11449
.step idx=11450
.step idx=11451
.step idx=11452
.step idx=11453
.step idx=11454
.step idx=11455
.step idx=11456
.step idx=11457
.step idx=11458
.step idx=11459
.step idx=11460
.step idx=11461
.step idx=11462
.step idx=11463
.step idx=11464
.step idx=11465
.step idx=11466
.step idx=11467
.step idx=11468
.step idx=11469
.step idx=11470
.step idx=11471
.step idx=11472
.step idx=11473
.step idx=11474
.step idx=11475
.step idx=11476
.step idx=11477
.step idx=11478
.step idx=11479
.step idx=11480
.step idx=11481
.step idx=11482
.step idx=11483
.step idx=11484
.step idx=11485
.step idx=11486
.step idx=11487
.step idx=11488
.step idx=11489
.step idx=11490
.step idx=11491
.step idx=11492
.step idx=11493
.step idx=11494
.step idx=11495
.step idx=11496
.step idx=11497
.step idx=11498
.step idx=11499
.step idx=11500
.step idx=11501
.step idx=11502
.step idx=11503
.step idx=11504
.step idx=11505
.step idx=11506
.step idx=11507
.step idx=11508
.step idx=11509
.step idx=11510
.step idx=11511
.step idx=11512
.step idx=11513
.step idx=11514
.step idx=11515
.step idx=11516
.step idx=11517
.step idx=11518
.step idx=11519
.step idx=11520
.step idx=11521
.step idx=11522
.step idx=11523
.step idx=11524
.step idx=11525
.step idx=11526
.step idx=11527
.step idx=11528
.step idx=11529
.step idx=11530
.step idx=11531
.step idx=11532
.step idx=11533
.step idx=11534
.step idx=11535
.step idx=11536
.step idx=11537
.step idx=11538
.step idx=11539
.step idx=11540
.step idx=11541
.step idx=11542
.step idx=11543
.step idx=11544
.step idx=11545
.step idx=11546
.step idx=11547
.step idx=11548
.step idx=11549
.step idx=11550
.step idx=11551
.step idx=11552
.step idx=11553
.step idx=11554
.step idx=11555
.step idx=11556
.step idx=11557
.step idx=11558
.step idx=11559
.step idx=11560
.step idx=11561
.step idx=11562
.step idx=11563
.step idx=11564
.step idx=11565
.step idx=11566
.step idx=11567
.step idx=11568
.step idx=11569
.step idx=11570
.step idx=11571
.step idx=11572
.step idx=11573
.step idx=11574
.step idx=11575
.step idx=11576
.step idx=11577
.step idx=11578
.step idx=11579
.step idx=11580
.step idx=11581
.step idx=11582
.step idx=11583
.step idx=11584
.step idx=11585
.step idx=11586
.step idx=11587
.step idx=11588
.step idx=11589
.step idx=11590
.step idx=11591
.step idx=11592
.step idx=11593
.step idx=11594
.step idx=11595
.step idx=11596
.step idx=11597
.step idx=11598
.step idx=11599
.step idx=11600
.step idx=11601
.step idx=11602
.step idx=11603
.step idx=11604
.step idx=11605
.step idx=11606
.step idx=11607
.step idx=11608
.step idx=11609
.step idx=11610
.step idx=11611
.step idx=11612
.step idx=11613
.step idx=11614
.step idx=11615
.step idx=11616
.step idx=11617
.step idx=11618
.step idx=11619
.step idx=11620
.step idx=11621
.step idx=11622
.step idx=11623
.step idx=11624
.step idx=11625
.step idx=11626
.step idx=11627
.step idx=11628
.step idx=11629
.step idx=11630
.step idx=11631
.step idx=11632
.step idx=11633
.step idx=11634
.step idx=11635
.step idx=11636
.step idx=11637
.step idx=11638
.step idx=11639
.step idx=11640
.step idx=11641
.step idx=11642
.step idx=11643
.step idx=11644
.step idx=11645
.step idx=11646
.step idx=11647
.step idx=11648
.step idx=11649
.step idx=11650
.step idx=11651
.step idx=11652
.step idx=11653
.step idx=11654
.step idx=11655
.step idx=11656
.step idx=11657
.step idx=11658
.step idx=11659
.step idx=11660
.step idx=11661
.step idx=11662
.step idx=11663
.step idx=11664
.step idx=11665
.step idx=11666
.step idx=11667
.step idx=11668
.step idx=11669
.step idx=11670
.step idx=11671
.step idx=11672
.step idx=11673
.step idx=11674
.step idx=11675
.step idx=11676
.step idx=11677
.step idx=11678
.step idx=11679
.step idx=11680
.step idx=11681
.step idx=11682
.step idx=11683
.step idx=11684
.step idx=11685
.step idx=11686
.step idx=11687
.step idx=11688
.step idx=11689
.step idx=11690
.step idx=11691
.step idx=11692
.step idx=11693
.step idx=11694
.step idx=11695
.step idx=11696
.step idx=11697
.step idx=11698
.step idx=11699
.step idx=11700
.step idx=11701
.step idx=11702
.step idx=11703
.step idx=11704
.step idx=11705
.step idx=11706
.step idx=11707
.step idx=11708
.step idx=11709
.step idx=11710
.step idx=11711
.step idx=11712
.step idx=11713
.step idx=11714
.step idx=11715
.step idx=11716
.step idx=11717
.step idx=11718
.step idx=11719
.step idx=11720
.step idx=11721
.step idx=11722
.step idx=11723
.step idx=11724
.step idx=11725
.step idx=11726
.step idx=11727
.step idx=11728
.step idx=11729
.step idx=11730
.step idx=11731
.step idx=11732
.step idx=11733
.step idx=11734
.step idx=11735
.step idx=11736
.step idx=11737
.step idx=11738
.step idx=11739
.step idx=11740
.step idx=11741
.step idx=11742
.step idx=11743
.step idx=11744
.step idx=11745
.step idx=11746
.step idx=11747
.step idx=11748
.step idx=11749
.step idx=11750
.step idx=11751
.step idx=11752
.step idx=11753
.step idx=11754
.step idx=11755
.step idx=11756
.step idx=11757
.step idx=11758
.step idx=11759
.step idx=11760
.step idx=11761
.step idx=11762
.step idx=11763
.step idx=11764
.step idx=11765
.step idx=11766
.step idx=11767
.step idx=11768
.step idx=11769
.step idx=11770
.step idx=11771
.step idx=11772
.step idx=11773
.step idx=11774
.step idx=11775
.step idx=11776
.step idx=11777
.step idx=11778
.step idx=11779
.step idx=11780
.step idx=11781
.step idx=11782
.step idx=11783
.step idx=11784
.step idx=11785
.step idx=11786
.step idx=11787
.step idx=11788
.step idx=11789
.step idx=11790
.step idx=11791
.step idx=11792
.step idx=11793
.step idx=11794
.step idx=11795
.step idx=11796
.step idx=11797
.step idx=11798
.step idx=11799
.step idx=11800
.step idx=11801
.step idx=11802
.step idx=11803
.step idx=11804
.step idx=11805
.step idx=11806
.step idx=11807
.step idx=11808
.step idx=11809
.step idx=11810
.step idx=11811
.step idx=11812
.step idx=11813
.step idx=11814
.step idx=11815
.step idx=11816
.step idx=11817
.step idx=11818
.step idx=11819
.step idx=11820
.step idx=11821
.step idx=11822
.step idx=11823
.step idx=11824
.step idx=11825
.step idx=11826
.step idx=11827
.step idx=11828
.step idx=11829
.step idx=11830
.step idx=11831
.step idx=11832
.step idx=11833
.step idx=11834
.step idx=11835
.step idx=11836
.step idx=11837
.step idx=11838
.step idx=11839
.step idx=11840
.step idx=11841
.step idx=11842
.step idx=11843
.step idx=11844
.step idx=11845
.step idx=11846
.step idx=11847
.step idx=11848
.step idx=11849
.step idx=11850
.step idx=11851
.step idx=11852
.step idx=11853
.step idx=11854
.step idx=11855
.step idx=11856
.step idx=11857
.step idx=11858
.step idx=11859
.step idx=11860
.step idx=11861
.step idx=11862
.step idx=11863
.step idx=11864
.step idx=11865
.step idx=11866
.step idx=11867
.step idx=11868
.step idx=11869
.step idx=11870
.step idx=11871
.step idx=11872
.step idx=11873
.step idx=11874
.step idx=11875
.step idx=11876
.step idx=11877
.step idx=11878
.step idx=11879
.step idx=11880
.step idx=11881
.step idx=11882
.step idx=11883
.step idx=11884
.step idx=11885
.step idx=11886
.step idx=11887
.step idx=11888
.step idx=11889
.step idx=11890
.step idx=11891
.step idx=11892
.step idx=11893
.step idx=11894
.step idx=11895
.step idx=11896
.step idx=11897
.step idx=11898
.step idx=11899
.step idx=11900
.step idx=11901
.step idx=11902
.step idx=11903
.step idx=11904
.step idx=11905
.step idx=11906
.step idx=11907
.step idx=11908
.step idx=11909
.step idx=11910
.step idx=11911
.step idx=11912
.step idx=11913
.step idx=11914
.step idx=11915
.step idx=11916
.step idx=11917
.step idx=11918
.step idx=11919
.step idx=11920
.step idx=11921
.step idx=11922
.step idx=11923
.step idx=11924
.step idx=11925
.step idx=11926
.step idx=11927
.step idx=11928
.step idx=11929
.step idx=11930
.step idx=11931
.step idx=11932
.step idx=11933
.step idx=11934
.step idx=11935
.step idx=11936
.step idx=11937
.step idx=11938
.step idx=11939
.step idx=11940
.step idx=11941
.step idx=11942
.step idx=11943
.step idx=11944
.step idx=11945
.step idx=11946
.step idx=11947
.step idx=11948
.step idx=11949
.step idx=11950
.step idx=11951
.step idx=11952
.step idx=11953
.step idx=11954
.step idx=11955
.step idx=11956
.step idx=11957
.step idx=11958
.step idx=11959
.step idx=11960
.step idx=11961
.step idx=11962
.step idx=11963
.step idx=11964
.step idx=11965
.step idx=11966
.step idx=11967
.step idx=11968
.step idx=11969
.step idx=11970
.step idx=11971
.step idx=11972
.step idx=11973
.step idx=11974
.step idx=11975
.step idx=11976
.step idx=11977
.step idx=11978
.step idx=11979
.step idx=11980
.step idx=11981
.step idx=11982
.step idx=11983
.step idx=11984
.step idx=11985
.step idx=11986
.step idx=11987
.step idx=11988
.step idx=11989
.step idx=11990
.step idx=11991
.step idx=11992
.step idx=11993
.step idx=11994
.step idx=11995
.step idx=11996
.step idx=11997
.step idx=11998
.step idx=11999
.step idx=12000
.step idx=12001
.step idx=12002
.step idx=12003
.step idx=12004
.step idx=12005
.step idx=12006
.step idx=12007
.step idx=12008
.step idx=12009
.step idx=12010
.step idx=12011
.step idx=12012
.step idx=12013
.step idx=12014
.step idx=12015
.step idx=12016
.step idx=12017
.step idx=12018
.step idx=12019
.step idx=12020
.step idx=12021
.step idx=12022
.step idx=12023
.step idx=12024
.step idx=12025
.step idx=12026
.step idx=12027
.step idx=12028
.step idx=12029
.step idx=12030
.step idx=12031
.step idx=12032
.step idx=12033
.step idx=12034
.step idx=12035
.step idx=12036
.step idx=12037
.step idx=12038
.step idx=12039
.step idx=12040
.step idx=12041
.step idx=12042
.step idx=12043
.step idx=12044
.step idx=12045
.step idx=12046
.step idx=12047
.step idx=12048
.step idx=12049
.step idx=12050
.step idx=12051
.step idx=12052
.step idx=12053
.step idx=12054
.step idx=12055
.step idx=12056
.step idx=12057
.step idx=12058
.step idx=12059
.step idx=12060
.step idx=12061
.step idx=12062
.step idx=12063
.step idx=12064
.step idx=12065
.step idx=12066
.step idx=12067
.step idx=12068
.step idx=12069
.step idx=12070
.step idx=12071
.step idx=12072
.step idx=12073
.step idx=12074
.step idx=12075
.step idx=12076
.step idx=12077
.step idx=12078
.step idx=12079
.step idx=12080
.step idx=12081
.step idx=12082
.step idx=12083
.step idx=12084
.step idx=12085
.step idx=12086
.step idx=12087
.step idx=12088
.step idx=12089
.step idx=12090
.step idx=12091
.step idx=12092
.step idx=12093
.step idx=12094
.step idx=12095
.step idx=12096
.step idx=12097
.step idx=12098
.step idx=12099
.step idx=12100
.step idx=12101
.step idx=12102
.step idx=12103
.step idx=12104
.step idx=12105
.step idx=12106
.step idx=12107
.step idx=12108
.step idx=12109
.step idx=12110
.step idx=12111
.step idx=12112
.step idx=12113
.step idx=12114
.step idx=12115
.step idx=12116
.step idx=12117
.step idx=12118
.step idx=12119
.step idx=12120
.step idx=12121
.step idx=12122
.step idx=12123
.step idx=12124
.step idx=12125
.step idx=12126
.step idx=12127
.step idx=12128
.step idx=12129
.step idx=12130
.step idx=12131
.step idx=12132
.step idx=12133
.step idx=12134
.step idx=12135
.step idx=12136
.step idx=12137
.step idx=12138
.step idx=12139
.step idx=12140
.step idx=12141
.step idx=12142
.step idx=12143
.step idx=12144
.step idx=12145
.step idx=12146
.step idx=12147
.step idx=12148
.step idx=12149
.step idx=12150
.step idx=12151
.step idx=12152
.step idx=12153
.step idx=12154
.step idx=12155
.step idx=12156
.step idx=12157
.step idx=12158
.step idx=12159
.step idx=12160
.step idx=12161
.step idx=12162
.step idx=12163
.step idx=12164
.step idx=12165
.step idx=12166
.step idx=12167
.step idx=12168
.step idx=12169
.step idx=12170
.step idx=12171
.step idx=12172
.step idx=12173
.step idx=12174
.step idx=12175
.step idx=12176
.step idx=12177
.step idx=12178
.step idx=12179
.step idx=12180
.step idx=12181
.step idx=12182
.step idx=12183
.step idx=12184
.step idx=12185
.step idx=12186
.step idx=12187
.step idx=12188
.step idx=12189
.step idx=12190
.step idx=12191
.step idx=12192
.step idx=12193
.step idx=12194
.step idx=12195
.step idx=12196
.step idx=12197
.step idx=12198
.step idx=12199
.step idx=12200
.step idx=12201
.step idx=12202
.step idx=12203
.step idx=12204
.step idx=12205
.step idx=12206
.step idx=12207
.step idx=12208
.step idx=12209
.step idx=12210
.step idx=12211
.step idx=12212
.step idx=12213
.step idx=12214
.step idx=12215
.step idx=12216
.step idx=12217
.step idx=12218
.step idx=12219
.step idx=12220
.step idx=12221
.step idx=12222
.step idx=12223
.step idx=12224
.step idx=12225
.step idx=12226
.step idx=12227
.step idx=12228
.step idx=12229
.step idx=12230
.step idx=12231
.step idx=12232
.step idx=12233
.step idx=12234
.step idx=12235
.step idx=12236
.step idx=12237
.step idx=12238
.step idx=12239
.step idx=12240
.step idx=12241
.step idx=12242
.step idx=12243
.step idx=12244
.step idx=12245
.step idx=12246
.step idx=12247
.step idx=12248
.step idx=12249
.step idx=12250
.step idx=12251
.step idx=12252
.step idx=12253
.step idx=12254
.step idx=12255
.step idx=12256
.step idx=12257
.step idx=12258
.step idx=12259
.step idx=12260
.step idx=12261
.step idx=12262
.step idx=12263
.step idx=12264
.step idx=12265
.step idx=12266
.step idx=12267
.step idx=12268
.step idx=12269
.step idx=12270
.step idx=12271
.step idx=12272
.step idx=12273
.step idx=12274
.step idx=12275
.step idx=12276
.step idx=12277
.step idx=12278
.step idx=12279
.step idx=12280
.step idx=12281
.step idx=12282
.step idx=12283
.step idx=12284
.step idx=12285
.step idx=12286
.step idx=12287
.step idx=12288
.step idx=12289
.step idx=12290
.step idx=12291
.step idx=12292
.step idx=12293
.step idx=12294
.step idx=12295
.step idx=12296
.step idx=12297
.step idx=12298
.step idx=12299
.step idx=12300
.step idx=12301
.step idx=12302
.step idx=12303
.step idx=12304
.step idx=12305
.step idx=12306
.step idx=12307
.step idx=12308
.step idx=12309
.step idx=12310
.step idx=12311
.step idx=12312
.step idx=12313
.step idx=12314
.step idx=12315
.step idx=12316
.step idx=12317
.step idx=12318
.step idx=12319
.step idx=12320
.step idx=12321
.step idx=12322
.step idx=12323
.step idx=12324
.step idx=12325
.step idx=12326
.step idx=12327
.step idx=12328
.step idx=12329
.step idx=12330
.step idx=12331
.step idx=12332
.step idx=12333
.step idx=12334
.step idx=12335
.step idx=12336
.step idx=12337
.step idx=12338
.step idx=12339
.step idx=12340
.step idx=12341
.step idx=12342
.step idx=12343
.step idx=12344
.step idx=12345
.step idx=12346
.step idx=12347
.step idx=12348
.step idx=12349
.step idx=12350
.step idx=12351
.step idx=12352
.step idx=12353
.step idx=12354
.step idx=12355
.step idx=12356
.step idx=12357
.step idx=12358
.step idx=12359
.step idx=12360
.step idx=12361
.step idx=12362
.step idx=12363
.step idx=12364
.step idx=12365
.step idx=12366
.step idx=12367
.step idx=12368
.step idx=12369
.step idx=12370
.step idx=12371
.step idx=12372
.step idx=12373
.step idx=12374
.step idx=12375
.step idx=12376
.step idx=12377
.step idx=12378
.step idx=12379
.step idx=12380
.step idx=12381
.step idx=12382
.step idx=12383
.step idx=12384
.step idx=12385
.step idx=12386
.step idx=12387
.step idx=12388
.step idx=12389
.step idx=12390
.step idx=12391
.step idx=12392
.step idx=12393
.step idx=12394
.step idx=12395
.step idx=12396
.step idx=12397
.step idx=12398
.step idx=12399
.step idx=12400
.step idx=12401
.step idx=12402
.step idx=12403
.step idx=12404
.step idx=12405
.step idx=12406
.step idx=12407
.step idx=12408
.step idx=12409
.step idx=12410
.step idx=12411
.step idx=12412
.step idx=12413
.step idx=12414
.step idx=12415
.step idx=12416
.step idx=12417
.step idx=12418
.step idx=12419
.step idx=12420
.step idx=12421
.step idx=12422
.step idx=12423
.step idx=12424
.step idx=12425
.step idx=12426
.step idx=12427
.step idx=12428
.step idx=12429
.step idx=12430
.step idx=12431
.step idx=12432
.step idx=12433
.step idx=12434
.step idx=12435
.step idx=12436
.step idx=12437
.step idx=12438
.step idx=12439
.step idx=12440
.step idx=12441
.step idx=12442
.step idx=12443
.step idx=12444
.step idx=12445
.step idx=12446
.step idx=12447
.step idx=12448
.step idx=12449
.step idx=12450
.step idx=12451
.step idx=12452
.step idx=12453
.step idx=12454
.step idx=12455
.step idx=12456
.step idx=12457
.step idx=12458
.step idx=12459
.step idx=12460
.step idx=12461
.step idx=12462
.step idx=12463
.step idx=12464
.step idx=12465
.step idx=12466
.step idx=12467
.step idx=12468
.step idx=12469
.step idx=12470
.step idx=12471
.step idx=12472
.step idx=12473
.step idx=12474
.step idx=12475
.step idx=12476
.step idx=12477
.step idx=12478
.step idx=12479
.step idx=12480
.step idx=12481
.step idx=12482
.step idx=12483
.step idx=12484
.step idx=12485
.step idx=12486
.step idx=12487
.step idx=12488
.step idx=12489
.step idx=12490
.step idx=12491
.step idx=12492
.step idx=12493
.step idx=12494
.step idx=12495
.step idx=12496
.step idx=12497
.step idx=12498
.step idx=12499
.step idx=12500
.step idx=12501
.step idx=12502
.step idx=12503
.step idx=12504
.step idx=12505
.step idx=12506
.step idx=12507
.step idx=12508
.step idx=12509
.step idx=12510
.step idx=12511
.step idx=12512
.step idx=12513
.step idx=12514
.step idx=12515
.step idx=12516
.step idx=12517
.step idx=12518
.step idx=12519
.step idx=12520
.step idx=12521
.step idx=12522
.step idx=12523
.step idx=12524
.step idx=12525
.step idx=12526
.step idx=12527
.step idx=12528
.step idx=12529
.step idx=12530
.step idx=12531
.step idx=12532
.step idx=12533
.step idx=12534
.step idx=12535
.step idx=12536
.step idx=12537
.step idx=12538
.step idx=12539
.step idx=12540
.step idx=12541
.step idx=12542
.step idx=12543
.step idx=12544
.step idx=12545
.step idx=12546
.step idx=12547
.step idx=12548
.step idx=12549
.step idx=12550
.step idx=12551
.step idx=12552
.step idx=12553
.step idx=12554
.step idx=12555
.step idx=12556
.step idx=12557
.step idx=12558
.step idx=12559
.step idx=12560
.step idx=12561
.step idx=12562
.step idx=12563
.step idx=12564
.step idx=12565
.step idx=12566
.step idx=12567
.step idx=12568
.step idx=12569
.step idx=12570
.step idx=12571
.step idx=12572
.step idx=12573
.step idx=12574
.step idx=12575
.step idx=12576
.step idx=12577
.step idx=12578
.step idx=12579
.step idx=12580
.step idx=12581
.step idx=12582
.step idx=12583
.step idx=12584
.step idx=12585
.step idx=12586
.step idx=12587
.step idx=12588
.step idx=12589
.step idx=12590
.step idx=12591
.step idx=12592
.step idx=12593
.step idx=12594
.step idx=12595
.step idx=12596
.step idx=12597
.step idx=12598
.step idx=12599
.step idx=12600
.step idx=12601
.step idx=12602
.step idx=12603
.step idx=12604
.step idx=12605
.step idx=12606
.step idx=12607
.step idx=12608
.step idx=12609
.step idx=12610
.step idx=12611
.step idx=12612
.step idx=12613
.step idx=12614
.step idx=12615
.step idx=12616
.step idx=12617
.step idx=12618
.step idx=12619
.step idx=12620
.step idx=12621
.step idx=12622
.step idx=12623
.step idx=12624
.step idx=12625
.step idx=12626
.step idx=12627
.step idx=12628
.step idx=12629
.step idx=12630
.step idx=12631
.step idx=12632
.step idx=12633
.step idx=12634
.step idx=12635
.step idx=12636
.step idx=12637
.step idx=12638
.step idx=12639
.step idx=12640
.step idx=12641
.step idx=12642
.step idx=12643
.step idx=12644
.step idx=12645
.step idx=12646
.step idx=12647
.step idx=12648
.step idx=12649
.step idx=12650
.step idx=12651
.step idx=12652
.step idx=12653
.step idx=12654
.step idx=12655
.step idx=12656
.step idx=12657
.step idx=12658
.step idx=12659
.step idx=12660
.step idx=12661
.step idx=12662
.step idx=12663
.step idx=12664
.step idx=12665
.step idx=12666
.step idx=12667
.step idx=12668
.step idx=12669
.step idx=12670
.step idx=12671
.step idx=12672
.step idx=12673
.step idx=12674
.step idx=12675
.step idx=12676
.step idx=12677
.step idx=12678
.step idx=12679
.step idx=12680
.step idx=12681
.step idx=12682
.step idx=12683
.step idx=12684
.step idx=12685
.step idx=12686
.step idx=12687
.step idx=12688
.step idx=12689
.step idx=12690
.step idx=12691
.step idx=12692
.step idx=12693
.step idx=12694
.step idx=12695
.step idx=12696
.step idx=12697
.step idx=12698
.step idx=12699
.step idx=12700
.step idx=12701
.step idx=12702
.step idx=12703
.step idx=12704
.step idx=12705
.step idx=12706
.step idx=12707
.step idx=12708
.step idx=12709
.step idx=12710
.step idx=12711
.step idx=12712
.step idx=12713
.step idx=12714
.step idx=12715
.step idx=12716
.step idx=12717
.step idx=12718
.step idx=12719
.step idx=12720
.step idx=12721
.step idx=12722
.step idx=12723
.step idx=12724
.step idx=12725
.step idx=12726
.step idx=12727
.step idx=12728
.step idx=12729
.step idx=12730
.step idx=12731
.step idx=12732
.step idx=12733
.step idx=12734
.step idx=12735
.step idx=12736
.step idx=12737
.step idx=12738
.step idx=12739
.step idx=12740
.step idx=12741
.step idx=12742
.step idx=12743
.step idx=12744
.step idx=12745
.step idx=12746
.step idx=12747
.step idx=12748
.step idx=12749
.step idx=12750
.step idx=12751
.step idx=12752
.step idx=12753
.step idx=12754
.step idx=12755
.step idx=12756
.step idx=12757
.step idx=12758
.step idx=12759
.step idx=12760
.step idx=12761
.step idx=12762
.step idx=12763
.step idx=12764
.step idx=12765
.step idx=12766
.step idx=12767
.step idx=12768
.step idx=12769
.step idx=12770
.step idx=12771
.step idx=12772
.step idx=12773
.step idx=12774
.step idx=12775
.step idx=12776
.step idx=12777
.step idx=12778
.step idx=12779
.step idx=12780
.step idx=12781
.step idx=12782
.step idx=12783
.step idx=12784
.step idx=12785
.step idx=12786
.step idx=12787
.step idx=12788
.step idx=12789
.step idx=12790
.step idx=12791
.step idx=12792
.step idx=12793
.step idx=12794
.step idx=12795
.step idx=12796
.step idx=12797
.step idx=12798
.step idx=12799
.step idx=12800
.step idx=12801
.step idx=12802
.step idx=12803
.step idx=12804
.step idx=12805
.step idx=12806
.step idx=12807
.step idx=12808
.step idx=12809
.step idx=12810
.step idx=12811
.step idx=12812
.step idx=12813
.step idx=12814
.step idx=12815
.step idx=12816
.step idx=12817
.step idx=12818
.step idx=12819
.step idx=12820
.step idx=12821
.step idx=12822
.step idx=12823
.step idx=12824
.step idx=12825
.step idx=12826
.step idx=12827
.step idx=12828
.step idx=12829
.step idx=12830
.step idx=12831
.step idx=12832
.step idx=12833
.step idx=12834
.step idx=12835
.step idx=12836
.step idx=12837
.step idx=12838
.step idx=12839
.step idx=12840
.step idx=12841
.step idx=12842
.step idx=12843
.step idx=12844
.step idx=12845
.step idx=12846
.step idx=12847
.step idx=12848
.step idx=12849
.step idx=12850
.step idx=12851
.step idx=12852
.step idx=12853
.step idx=12854
.step idx=12855
.step idx=12856
.step idx=12857
.step idx=12858
.step idx=12859
.step idx=12860
.step idx=12861
.step idx=12862
.step idx=12863
.step idx=12864
.step idx=12865
.step idx=12866
.step idx=12867
.step idx=12868
.step idx=12869
.step idx=12870
.step idx=12871
.step idx=12872
.step idx=12873
.step idx=12874
.step idx=12875
.step idx=12876
.step idx=12877
.step idx=12878
.step idx=12879
.step idx=12880
.step idx=12881
.step idx=12882
.step idx=12883
.step idx=12884
.step idx=12885
.step idx=12886
.step idx=12887
.step idx=12888
.step idx=12889
.step idx=12890
.step idx=12891
.step idx=12892
.step idx=12893
.step idx=12894
.step idx=12895
.step idx=12896
.step idx=12897
.step idx=12898
.step idx=12899
.step idx=12900
.step idx=12901
.step idx=12902
.step idx=12903
.step idx=12904
.step idx=12905
.step idx=12906
.step idx=12907
.step idx=12908
.step idx=12909
.step idx=12910
.step idx=12911
.step idx=12912
.step idx=12913
.step idx=12914
.step idx=12915
.step idx=12916
.step idx=12917
.step idx=12918
.step idx=12919
.step idx=12920
.step idx=12921
.step idx=12922
.step idx=12923
.step idx=12924
.step idx=12925
.step idx=12926
.step idx=12927
.step idx=12928
.step idx=12929
.step idx=12930
.step idx=12931
.step idx=12932
.step idx=12933
.step idx=12934
.step idx=12935
.step idx=12936
.step idx=12937
.step idx=12938
.step idx=12939
.step idx=12940
.step idx=12941
.step idx=12942
.step idx=12943
.step idx=12944
.step idx=12945
.step idx=12946
.step idx=12947
.step idx=12948
.step idx=12949
.step idx=12950
.step idx=12951
.step idx=12952
.step idx=12953
.step idx=12954
.step idx=12955
.step idx=12956
.step idx=12957
.step idx=12958
.step idx=12959
.step idx=12960
.step idx=12961
.step idx=12962
.step idx=12963
.step idx=12964
.step idx=12965
.step idx=12966
.step idx=12967
.step idx=12968
.step idx=12969
.step idx=12970
.step idx=12971
.step idx=12972
.step idx=12973
.step idx=12974
.step idx=12975
.step idx=12976
.step idx=12977
.step idx=12978
.step idx=12979
.step idx=12980
.step idx=12981
.step idx=12982
.step idx=12983
.step idx=12984
.step idx=12985
.step idx=12986
.step idx=12987
.step idx=12988
.step idx=12989
.step idx=12990
.step idx=12991
.step idx=12992
.step idx=12993
.step idx=12994
.step idx=12995
.step idx=12996
.step idx=12997
.step idx=12998
.step idx=12999
.step idx=13000
.step idx=13001
.step idx=13002
.step idx=13003
.step idx=13004
.step idx=13005
.step idx=13006
.step idx=13007
.step idx=13008
.step idx=13009
.step idx=13010
.step idx=13011
.step idx=13012
.step idx=13013
.step idx=13014
.step idx=13015
.step idx=13016
.step idx=13017
.step idx=13018
.step idx=13019
.step idx=13020
.step idx=13021
.step idx=13022
.step idx=13023
.step idx=13024
.step idx=13025
.step idx=13026
.step idx=13027
.step idx=13028
.step idx=13029
.step idx=13030
.step idx=13031
.step idx=13032
.step idx=13033
.step idx=13034
.step idx=13035
.step idx=13036
.step idx=13037
.step idx=13038
.step idx=13039
.step idx=13040
.step idx=13041
.step idx=13042
.step idx=13043
.step idx=13044
.step idx=13045
.step idx=13046
.step idx=13047
.step idx=13048
.step idx=13049
.step idx=13050
.step idx=13051
.step idx=13052
.step idx=13053
.step idx=13054
.step idx=13055
.step idx=13056
.step idx=13057
.step idx=13058
.step idx=13059
.step idx=13060
.step idx=13061
.step idx=13062
.step idx=13063
.step idx=13064
.step idx=13065
.step idx=13066
.step idx=13067
.step idx=13068
.step idx=13069
.step idx=13070
.step idx=13071
.step idx=13072
.step idx=13073
.step idx=13074
.step idx=13075
.step idx=13076
.step idx=13077
.step idx=13078
.step idx=13079
.step idx=13080
.step idx=13081
.step idx=13082
.step idx=13083
.step idx=13084
.step idx=13085
.step idx=13086
.step idx=13087
.step idx=13088
.step idx=13089
.step idx=13090
.step idx=13091
.step idx=13092
.step idx=13093
.step idx=13094
.step idx=13095
.step idx=13096
.step idx=13097
.step idx=13098
.step idx=13099
.step idx=13100
.step idx=13101
.step idx=13102
.step idx=13103
.step idx=13104
.step idx=13105
.step idx=13106
.step idx=13107
.step idx=13108
.step idx=13109
.step idx=13110
.step idx=13111
.step idx=13112
.step idx=13113
.step idx=13114
.step idx=13115
.step idx=13116
.step idx=13117
.step idx=13118
.step idx=13119
.step idx=13120
.step idx=13121
.step idx=13122
.step idx=13123
.step idx=13124
.step idx=13125
.step idx=13126
.step idx=13127
.step idx=13128
.step idx=13129
.step idx=13130
.step idx=13131
.step idx=13132
.step idx=13133
.step idx=13134
.step idx=13135
.step idx=13136
.step idx=13137
.step idx=13138
.step idx=13139
.step idx=13140
.step idx=13141
.step idx=13142
.step idx=13143
.step idx=13144
.step idx=13145
.step idx=13146
.step idx=13147
.step idx=13148
.step idx=13149
.step idx=13150
.step idx=13151
.step idx=13152
.step idx=13153
.step idx=13154
.step idx=13155
.step idx=13156
.step idx=13157
.step idx=13158
.step idx=13159
.step idx=13160
.step idx=13161
.step idx=13162
.step idx=13163
.step idx=13164
.step idx=13165
.step idx=13166
.step idx=13167
.step idx=13168
.step idx=13169
.step idx=13170
.step idx=13171
.step idx=13172
.step idx=13173
.step idx=13174
.step idx=13175
.step idx=13176
.step idx=13177
.step idx=13178
.step idx=13179
.step idx=13180
.step idx=13181
.step idx=13182
.step idx=13183
.step idx=13184
.step idx=13185
.step idx=13186
.step idx=13187
.step idx=13188
.step idx=13189
.step idx=13190
.step idx=13191
.step idx=13192
.step idx=13193
.step idx=13194
.step idx=13195
.step idx=13196
.step idx=13197
.step idx=13198
.step idx=13199
.step idx=13200
.step idx=13201
.step idx=13202
.step idx=13203
.step idx=13204
.step idx=13205
.step idx=13206
.step idx=13207
.step idx=13208
.step idx=13209
.step idx=13210
.step idx=13211
.step idx=13212
.step idx=13213
.step idx=13214
.step idx=13215
.step idx=13216
.step idx=13217
.step idx=13218
.step idx=13219
.step idx=13220
.step idx=13221
.step idx=13222
.step idx=13223
.step idx=13224
.step idx=13225
.step idx=13226
.step idx=13227
.step idx=13228
.step idx=13229
.step idx=13230
.step idx=13231
.step idx=13232
.step idx=13233
.step idx=13234
.step idx=13235
.step idx=13236
.step idx=13237
.step idx=13238
.step idx=13239
.step idx=13240
.step idx=13241
.step idx=13242
.step idx=13243
.step idx=13244
.step idx=13245
.step idx=13246
.step idx=13247
.step idx=13248
.step idx=13249
.step idx=13250
.step idx=13251
.step idx=13252
.step idx=13253
.step idx=13254
.step idx=13255
.step idx=13256
.step idx=13257
.step idx=13258
.step idx=13259
.step idx=13260
.step idx=13261
.step idx=13262
.step idx=13263
.step idx=13264
.step idx=13265
.step idx=13266
.step idx=13267
.step idx=13268
.step idx=13269
.step idx=13270
.step idx=13271
.step idx=13272
.step idx=13273
.step idx=13274
.step idx=13275
.step idx=13276
.step idx=13277
.step idx=13278
.step idx=13279
.step idx=13280
.step idx=13281
.step idx=13282
.step idx=13283
.step idx=13284
.step idx=13285
.step idx=13286
.step idx=13287
.step idx=13288
.step idx=13289
.step idx=13290
.step idx=13291
.step idx=13292
.step idx=13293
.step idx=13294
.step idx=13295
.step idx=13296
.step idx=13297
.step idx=13298
.step idx=13299
.step idx=13300
.step idx=13301
.step idx=13302
.step idx=13303
.step idx=13304
.step idx=13305
.step idx=13306
.step idx=13307
.step idx=13308
.step idx=13309
.step idx=13310
.step idx=13311
.step idx=13312
.step idx=13313
.step idx=13314
.step idx=13315
.step idx=13316
.step idx=13317
.step idx=13318
.step idx=13319
.step idx=13320
.step idx=13321
.step idx=13322
.step idx=13323
.step idx=13324
.step idx=13325
.step idx=13326
.step idx=13327
.step idx=13328
.step idx=13329
.step idx=13330
.step idx=13331
.step idx=13332
.step idx=13333
.step idx=13334
.step idx=13335
.step idx=13336
.step idx=13337
.step idx=13338
.step idx=13339
.step idx=13340
.step idx=13341
.step idx=13342
.step idx=13343
.step idx=13344
.step idx=13345
.step idx=13346
.step idx=13347
.step idx=13348
.step idx=13349
.step idx=13350
.step idx=13351
.step idx=13352
.step idx=13353
.step idx=13354
.step idx=13355
.step idx=13356
.step idx=13357
.step idx=13358
.step idx=13359
.step idx=13360
.step idx=13361
.step idx=13362
.step idx=13363
.step idx=13364
.step idx=13365
.step idx=13366
.step idx=13367
.step idx=13368
.step idx=13369
.step idx=13370
.step idx=13371
.step idx=13372
.step idx=13373
.step idx=13374
.step idx=13375
.step idx=13376
.step idx=13377
.step idx=13378
.step idx=13379
.step idx=13380
.step idx=13381
.step idx=13382
.step idx=13383
.step idx=13384
.step idx=13385
.step idx=13386
.step idx=13387
.step idx=13388
.step idx=13389
.step idx=13390
.step idx=13391
.step idx=13392
.step idx=13393
.step idx=13394
.step idx=13395
.step idx=13396
.step idx=13397
.step idx=13398
.step idx=13399
.step idx=13400
.step idx=13401
.step idx=13402
.step idx=13403
.step idx=13404
.step idx=13405
.step idx=13406
.step idx=13407
.step idx=13408
.step idx=13409
.step idx=13410
.step idx=13411
.step idx=13412
.step idx=13413
.step idx=13414
.step idx=13415
.step idx=13416
.step idx=13417
.step idx=13418
.step idx=13419
.step idx=13420
.step idx=13421
.step idx=13422
.step idx=13423
.step idx=13424
.step idx=13425
.step idx=13426
.step idx=13427
.step idx=13428
.step idx=13429
.step idx=13430
.step idx=13431
.step idx=13432
.step idx=13433
.step idx=13434
.step idx=13435
.step idx=13436
.step idx=13437
.step idx=13438
.step idx=13439
.step idx=13440
.step idx=13441
.step idx=13442
.step idx=13443
.step idx=13444
.step idx=13445
.step idx=13446
.step idx=13447
.step idx=13448
.step idx=13449
.step idx=13450
.step idx=13451
.step idx=13452
.step idx=13453
.step idx=13454
.step idx=13455
.step idx=13456
.step idx=13457
.step idx=13458
.step idx=13459
.step idx=13460
.step idx=13461
.step idx=13462
.step idx=13463
.step idx=13464
.step idx=13465
.step idx=13466
.step idx=13467
.step idx=13468
.step idx=13469
.step idx=13470
.step idx=13471
.step idx=13472
.step idx=13473
.step idx=13474
.step idx=13475
.step idx=13476
.step idx=13477
.step idx=13478
.step idx=13479
.step idx=13480
.step idx=13481
.step idx=13482
.step idx=13483
.step idx=13484
.step idx=13485
.step idx=13486
.step idx=13487
.step idx=13488
.step idx=13489
.step idx=13490
.step idx=13491
.step idx=13492
.step idx=13493
.step idx=13494
.step idx=13495
.step idx=13496
.step idx=13497
.step idx=13498
.step idx=13499
.step idx=13500
.step idx=13501
.step idx=13502
.step idx=13503
.step idx=13504
.step idx=13505
.step idx=13506
.step idx=13507
.step idx=13508
.step idx=13509
.step idx=13510
.step idx=13511
.step idx=13512
.step idx=13513
.step idx=13514
.step idx=13515
.step idx=13516
.step idx=13517
.step idx=13518
.step idx=13519
.step idx=13520
.step idx=13521
.step idx=13522
.step idx=13523
.step idx=13524
.step idx=13525
.step idx=13526
.step idx=13527
.step idx=13528
.step idx=13529
.step idx=13530
.step idx=13531
.step idx=13532
.step idx=13533
.step idx=13534
.step idx=13535
.step idx=13536
.step idx=13537
.step idx=13538
.step idx=13539
.step idx=13540
.step idx=13541
.step idx=13542
.step idx=13543
.step idx=13544
.step idx=13545
.step idx=13546
.step idx=13547
.step idx=13548
.step idx=13549
.step idx=13550
.step idx=13551
.step idx=13552
.step idx=13553
.step idx=13554
.step idx=13555
.step idx=13556
.step idx=13557
.step idx=13558
.step idx=13559
.step idx=13560
.step idx=13561
.step idx=13562
.step idx=13563
.step idx=13564
.step idx=13565
.step idx=13566
.step idx=13567
.step idx=13568
.step idx=13569
.step idx=13570
.step idx=13571
.step idx=13572
.step idx=13573
.step idx=13574
.step idx=13575
.step idx=13576
.step idx=13577
.step idx=13578
.step idx=13579
.step idx=13580
.step idx=13581
.step idx=13582
.step idx=13583
.step idx=13584
.step idx=13585
.step idx=13586
.step idx=13587
.step idx=13588
.step idx=13589
.step idx=13590
.step idx=13591
.step idx=13592
.step idx=13593
.step idx=13594
.step idx=13595
.step idx=13596
.step idx=13597
.step idx=13598
.step idx=13599
.step idx=13600
.step idx=13601
.step idx=13602
.step idx=13603
.step idx=13604
.step idx=13605
.step idx=13606
.step idx=13607
Total elapsed time: 3696.294 seconds.

Files loaded:
/private/var/folders/7r/frnl9vtn153bhbn6cgk07_2m0000gn/T/cwht-lts.ZQ5RJr/power_a5_step.cir

