run,case_label,sub_db_per_v,tset_ms,pack,vd,step_w,vsh,vos,pset_w,ptop_w,first_rise_ms,first_fall_ms,first_err_pct,first_shape_err,pass_first_t1090_req_tx005,pass_first_t1090_tc_sys013,pass_first_shape
1,nominal,100,3,7.4,6.7,0.5,-0.3,0,0.5,0.5,3.73,3.012,24.33,0.1355,FAIL,FAIL,FAIL
2,nominal,100,5,7.4,6.7,0.5,-0.3,0,0.5,0.5,6.315,5.009,26.3,0.1061,FAIL,FAIL,FAIL
3,nominal,100,8,7.4,6.7,0.5,-0.3,0,0.5,0.5,10.16,8.006,26.97,0.08383,FAIL,FAIL,FAIL
4,nominal,100,3,7.4,6.7,1,-0.3,0,1,1,3.722,3.013,24.06,0.1084,FAIL,FAIL,FAIL
5,nominal,100,5,7.4,6.7,1,-0.3,0,1,1,6.297,5.011,25.95,0.0858,FAIL,FAIL,FAIL
6,nominal,100,8,7.4,6.7,1,-0.3,0,1,1,8.023,8.007,0.286,0.06765,PASS,PASS,FAIL
7,nominal,100,3,7.4,6.7,2,-0.3,0,2,2,3.73,3.015,24.34,0.1414,FAIL,FAIL,FAIL
8,nominal,100,5,7.4,6.7,2,-0.3,0,2,2,6.318,5.011,26.36,0.1143,FAIL,FAIL,FAIL
9,nominal,100,8,7.4,6.7,2,-0.3,0,2,2,10.18,8.007,27.21,0.09027,FAIL,FAIL,FAIL
10,nominal,100,3,7.4,6.7,5,-0.3,0,5,5,3.723,3.002,24.1,0.1048,FAIL,FAIL,FAIL
11,nominal,100,5,7.4,6.7,5,-0.3,0,5,5,6.297,5.004,25.94,0.08754,FAIL,FAIL,FAIL
12,nominal,100,8,7.4,6.7,5,-0.3,0,5,5,8.023,8.004,0.2909,0.06799,PASS,PASS,FAIL
13,nominal,100,3,7.4,6.7,0.5,-0.28,0,0.5,0.5,3.711,3.012,23.7,0.1243,FAIL,FAIL,FAIL
14,nominal,100,5,7.4,6.7,0.5,-0.28,0,0.5,0.5,6.282,5.01,25.64,0.09721,FAIL,FAIL,FAIL
15,nominal,100,8,7.4,6.7,0.5,-0.28,0,0.5,0.5,10.06,8.008,25.76,0.07692,FAIL,FAIL,FAIL
16,nominal,100,3,7.4,6.7,1,-0.28,0,1,1,3.701,3.013,23.37,0.0995,FAIL,FAIL,FAIL
17,nominal,100,5,7.4,6.7,1,-0.28,0,1,1,6.254,5.011,25.07,0.07824,FAIL,FAIL,FAIL
18,nominal,100,8,7.4,6.7,1,-0.28,0,1,1,8.023,8.007,0.2837,0.0616,PASS,PASS,FAIL
19,nominal,100,3,7.4,6.7,2,-0.28,0,2,2,3.712,3.014,23.73,0.1324,FAIL,FAIL,FAIL
20,nominal,100,5,7.4,6.7,2,-0.28,0,2,2,6.283,5.01,25.65,0.1042,FAIL,FAIL,FAIL
21,nominal,100,8,7.4,6.7,2,-0.28,0,2,2,10.1,8.007,26.26,0.08243,FAIL,FAIL,FAIL
22,nominal,100,3,7.4,6.7,5,-0.28,0,5,5,3.702,3.007,23.4,0.09819,FAIL,FAIL,FAIL
23,nominal,100,5,7.4,6.7,5,-0.28,0,5,5,6.253,5.005,25.06,0.07963,FAIL,FAIL,FAIL
24,nominal,100,8,7.4,6.7,5,-0.28,0,5,5,8.023,8.006,0.2907,0.06224,PASS,PASS,FAIL
25,nominal,100,3,7.4,6.7,0.5,-0.26,0,0.5,0.5,3.689,3.011,22.97,0.1129,FAIL,FAIL,FAIL
26,nominal,100,5,7.4,6.7,0.5,-0.26,0,0.5,0.5,6.24,5.011,24.79,0.08864,FAIL,FAIL,FAIL
27,nominal,100,8,7.4,6.7,0.5,-0.26,0,0.5,0.5,8.097,8.011,1.211,0.06999,PASS,PASS,FAIL
28,nominal,100,3,7.4,6.7,1,-0.26,0,1,1,3.678,3.013,22.61,0.09077,FAIL,FAIL,FAIL
29,nominal,100,5,7.4,6.7,1,-0.26,0,1,1,6.188,5.011,23.75,0.0713,FAIL,FAIL,FAIL
30,nominal,100,8,7.4,6.7,1,-0.26,0,1,1,8.023,8.007,0.2833,0.0562,PASS,PASS,FAIL
31,nominal,100,3,7.4,6.7,2,-0.26,0,2,2,3.689,3.015,22.97,0.12,FAIL,FAIL,FAIL
32,nominal,100,5,7.4,6.7,2,-0.26,0,2,2,6.246,5.012,24.93,0.09521,FAIL,FAIL,FAIL
33,nominal,100,8,7.4,6.7,2,-0.26,0,2,2,9.997,8.007,24.96,0.07533,FAIL,FAIL,FAIL
34,nominal,100,3,7.4,6.7,5,-0.26,0,5,5,3.683,3.007,22.78,0.09049,FAIL,FAIL,FAIL
35,nominal,100,5,7.4,6.7,5,-0.26,0,5,5,6.192,5.003,23.84,0.07285,FAIL,FAIL,FAIL
36,nominal,100,8,7.4,6.7,5,-0.26,0,5,5,8.02,8.006,0.251,0.05679,PASS,PASS,FAIL
37,nominal,100,3,7.4,6.7,0.5,-0.24,0,0.5,0.5,3.662,3.014,22.08,0.1021,FAIL,FAIL,FAIL
38,nominal,100,5,7.4,6.7,0.5,-0.24,0,0.5,0.5,6.189,5.013,23.77,0.08052,FAIL,FAIL,FAIL
39,nominal,100,8,7.4,6.7,0.5,-0.24,0,0.5,0.5,8.094,8.006,1.169,0.06348,PASS,PASS,FAIL
40,nominal,100,3,7.4,6.7,1,-0.24,0,1,1,3.657,3.016,21.9,0.08204,FAIL,FAIL,FAIL
41,nominal,100,5,7.4,6.7,1,-0.24,0,1,1,5.073,5.009,1.465,0.06477,PASS,PASS,FAIL
42,nominal,100,8,7.4,6.7,1,-0.24,0,1,1,8.023,8.004,0.2847,0.05106,PASS,PASS,FAIL
43,nominal,100,3,7.4,6.7,2,-0.24,0,2,2,3.666,3.015,22.21,0.1091,FAIL,FAIL,FAIL
44,nominal,100,5,7.4,6.7,2,-0.24,0,2,2,6.201,5.012,24.02,0.0861,FAIL,FAIL,FAIL
45,nominal,100,8,7.4,6.7,2,-0.24,0,2,2,9.812,8.008,22.65,0.06837,FAIL,FAIL,FAIL
46,nominal,100,3,7.4,6.7,5,-0.24,0,5,5,3.653,3.001,21.77,0.08442,FAIL,FAIL,FAIL
47,nominal,100,5,7.4,6.7,5,-0.24,0,5,5,5.071,5.004,1.417,0.06546,PASS,PASS,FAIL
48,nominal,100,8,7.4,6.7,5,-0.24,0,5,5,8.023,8.007,0.2898,0.05154,PASS,PASS,FAIL
49,nominal,100,3,7.4,6.7,0.5,-0.22,0,0.5,0.5,3.638,3.011,21.27,0.09198,FAIL,FAIL,FAIL
50,nominal,100,5,7.4,6.7,0.5,-0.22,0,0.5,0.5,6.125,5.01,22.51,0.07243,FAIL,FAIL,FAIL
51,nominal,100,8,7.4,6.7,0.5,-0.22,0,0.5,0.5,8.098,8.01,1.222,0.05741,PASS,PASS,FAIL
52,nominal,100,3,7.4,6.7,1,-0.22,0,1,1,3.627,3.016,20.89,0.07465,FAIL,FAIL,FAIL
53,nominal,100,5,7.4,6.7,1,-0.22,0,1,1,5.072,5.009,1.45,0.05807,PASS,PASS,FAIL
54,nominal,100,8,7.4,6.7,1,-0.22,0,1,1,8.023,8.007,0.2834,0.04587,PASS,PASS,PASS
55,nominal,100,3,7.4,6.7,2,-0.22,0,2,2,3.64,3.015,21.32,0.09837,FAIL,FAIL,FAIL
56,nominal,100,5,7.4,6.7,2,-0.22,0,2,2,6.141,5.01,22.83,0.07771,FAIL,FAIL,FAIL
57,nominal,100,8,7.4,6.7,2,-0.22,0,2,2,8.161,8.008,2.014,0.06178,PASS,PASS,FAIL
58,nominal,100,3,7.4,6.7,5,-0.22,0,5,5,3.623,3.001,20.77,0.07561,FAIL,FAIL,FAIL
59,nominal,100,5,7.4,6.7,5,-0.22,0,5,5,5.071,5.005,1.425,0.05897,PASS,PASS,FAIL
60,nominal,100,8,7.4,6.7,5,-0.22,0,5,5,8.023,8.006,0.2886,0.04628,PASS,PASS,PASS
61,nominal,100,3,7.4,6.7,0.5,-0.2,0,0.5,0.5,3.607,3.011,20.22,0.08176,FAIL,FAIL,FAIL
62,nominal,100,5,7.4,6.7,0.5,-0.2,0,0.5,0.5,6.036,5.01,20.71,0.06425,FAIL,FAIL,FAIL
63,nominal,100,8,7.4,6.7,0.5,-0.2,0,0.5,0.5,8.097,8.01,1.207,0.05123,PASS,PASS,FAIL
64,nominal,100,3,7.4,6.7,1,-0.2,0,1,1,3.586,3.014,19.55,0.06593,FAIL,FAIL,FAIL
65,nominal,100,5,7.4,6.7,1,-0.2,0,1,1,5.072,5.009,1.444,0.05189,PASS,PASS,FAIL
66,nominal,100,8,7.4,6.7,1,-0.2,0,1,1,8.022,8.007,0.2803,0.04083,PASS,PASS,PASS
67,nominal,100,3,7.4,6.7,2,-0.2,0,2,2,3.61,3.014,20.34,0.08773,FAIL,FAIL,FAIL
68,nominal,100,5,7.4,6.7,2,-0.2,0,2,2,6.072,5.013,21.43,0.06885,FAIL,FAIL,FAIL
69,nominal,100,8,7.4,6.7,2,-0.2,0,2,2,8.158,8.007,1.981,0.05564,PASS,PASS,FAIL
70,nominal,100,3,7.4,6.7,5,-0.2,0,5,5,3.587,3.002,19.57,0.06841,FAIL,FAIL,FAIL
71,nominal,100,5,7.4,6.7,5,-0.2,0,5,5,5.072,5.003,1.447,0.05258,PASS,PASS,FAIL
72,nominal,100,8,7.4,6.7,5,-0.2,0,5,5,8.023,8.007,0.2874,0.04151,PASS,PASS,PASS
73,nominal,100,3,7.4,6.7,0.5,-0.18,0,0.5,0.5,3.569,3.012,18.98,0.07206,FAIL,FAIL,FAIL
74,nominal,100,5,7.4,6.7,0.5,-0.18,0,0.5,0.5,5.896,5.009,17.91,0.05674,FAIL,FAIL,FAIL
75,nominal,100,8,7.4,6.7,0.5,-0.18,0,0.5,0.5,8.094,8.008,1.174,0.04566,PASS,PASS,PASS
76,nominal,100,3,7.4,6.7,1,-0.18,0,1,1,3.54,3.017,18.01,0.05904,FAIL,FAIL,FAIL
77,nominal,100,5,7.4,6.7,1,-0.18,0,1,1,5.069,5.008,1.382,0.04575,PASS,PASS,PASS
78,nominal,100,8,7.4,6.7,1,-0.18,0,1,1,8.022,8.006,0.2789,0.03638,PASS,PASS,PASS
79,nominal,100,3,7.4,6.7,2,-0.18,0,2,2,3.574,3.018,19.14,0.07777,FAIL,FAIL,FAIL
80,nominal,100,5,7.4,6.7,2,-0.18,0,2,2,5.977,5.012,19.54,0.06107,FAIL,FAIL,FAIL
81,nominal,100,8,7.4,6.7,2,-0.18,0,2,2,8.153,8.007,1.914,0.0491,PASS,PASS,PASS
82,nominal,100,3,7.4,6.7,5,-0.18,0,5,5,3.546,3.007,18.21,0.05966,FAIL,FAIL,FAIL
83,nominal,100,5,7.4,6.7,5,-0.18,0,5,5,5.07,5,1.397,0.04652,PASS,PASS,PASS
84,nominal,100,8,7.4,6.7,5,-0.18,0,5,5,8.02,8.004,0.2455,0.03687,PASS,PASS,PASS
85,nominal,100,3,7.4,6.7,0.5,-0.16,0,0.5,0.5,3.525,3.011,17.51,0.06327,FAIL,FAIL,FAIL
86,nominal,100,5,7.4,6.7,0.5,-0.16,0,0.5,0.5,5.435,5.01,8.702,0.04948,PASS,PASS,PASS
87,nominal,100,8,7.4,6.7,0.5,-0.16,0,0.5,0.5,8.09,8.011,1.124,0.0404,PASS,PASS,PASS
88,nominal,100,3,7.4,6.7,1,-0.16,0,1,1,3.482,3.013,16.08,0.05135,FAIL,PASS,FAIL
89,nominal,100,5,7.4,6.7,1,-0.16,0,1,1,5.068,5.011,1.353,0.03988,PASS,PASS,PASS
90,nominal,100,8,7.4,6.7,1,-0.16,0,1,1,8.022,8.007,0.2759,0.03204,PASS,PASS,PASS
91,nominal,100,3,7.4,6.7,2,-0.16,0,2,2,3.531,3.012,17.71,0.06801,FAIL,FAIL,FAIL
92,nominal,100,5,7.4,6.7,2,-0.16,0,2,2,5.843,5.01,16.86,0.05361,FAIL,FAIL,FAIL
93,nominal,100,8,7.4,6.7,2,-0.16,0,2,2,8.152,8.007,1.896,0.04339,PASS,PASS,PASS
94,nominal,100,3,7.4,6.7,5,-0.16,0,5,5,3.485,3.001,16.18,0.05353,FAIL,PASS,FAIL
95,nominal,100,5,7.4,6.7,5,-0.16,0,5,5,5.069,5.001,1.376,0.04104,PASS,PASS,PASS
96,nominal,100,8,7.4,6.7,5,-0.16,0,5,5,8.023,8.006,0.283,0.03262,PASS,PASS,PASS
97,nominal,100,3,7.4,6.7,0.5,-0.14,0,0.5,0.5,3.473,3.011,15.78,0.05442,FAIL,PASS,FAIL
98,nominal,100,5,7.4,6.7,0.5,-0.14,0,0.5,0.5,5.336,5.01,6.718,0.04295,PASS,PASS,PASS
99,nominal,100,8,7.4,6.7,0.5,-0.14,0,0.5,0.5,8.089,8.009,1.108,0.03487,PASS,PASS,PASS
100,nominal,100,3,7.4,6.7,1,-0.14,0,1,1,3.4,3.017,13.32,0.044,FAIL,PASS,PASS
101,nominal,100,5,7.4,6.7,1,-0.14,0,1,1,5.066,5.007,1.316,0.03434,PASS,PASS,PASS
102,nominal,100,8,7.4,6.7,1,-0.14,0,1,1,8.022,8.004,0.2742,0.02769,PASS,PASS,PASS
103,nominal,100,3,7.4,6.7,2,-0.14,0,2,2,3.483,3.016,16.11,0.05884,FAIL,PASS,FAIL
104,nominal,100,5,7.4,6.7,2,-0.14,0,2,2,5.657,5.011,13.14,0.04618,FAIL,FAIL,PASS
105,nominal,100,8,7.4,6.7,2,-0.14,0,2,2,8.146,8.008,1.83,0.03753,PASS,PASS,PASS
106,nominal,100,3,7.4,6.7,5,-0.14,0,5,5,3.405,3.007,13.49,0.04625,FAIL,PASS,PASS
107,nominal,100,5,7.4,6.7,5,-0.14,0,5,5,5.066,5.001,1.31,0.0352,PASS,PASS,PASS
108,nominal,100,8,7.4,6.7,5,-0.14,0,5,5,8.019,8.007,0.2422,0.02821,PASS,PASS,PASS
109,nominal,100,3,7.4,6.7,0.5,-0.12,0,0.5,0.5,3.411,3.014,13.69,0.04591,FAIL,PASS,PASS
110,nominal,100,5,7.4,6.7,0.5,-0.12,0,0.5,0.5,5.281,5.01,5.624,0.03614,PASS,PASS,PASS
111,nominal,100,8,7.4,6.7,0.5,-0.12,0,0.5,0.5,8.085,8.007,1.066,0.02945,PASS,PASS,PASS
112,nominal,100,3,7.4,6.7,1,-0.12,0,1,1,3.302,3.013,10.08,0.03751,FAIL,PASS,PASS
113,nominal,100,5,7.4,6.7,1,-0.12,0,1,1,5.065,5.011,1.296,0.02887,PASS,PASS,PASS
114,nominal,100,8,7.4,6.7,1,-0.12,0,1,1,8.022,8.007,0.2694,0.02337,PASS,PASS,PASS
115,nominal,100,3,7.4,6.7,2,-0.12,0,2,2,3.425,3.015,14.16,0.04966,FAIL,PASS,PASS
116,nominal,100,5,7.4,6.7,2,-0.12,0,2,2,5.471,5.009,9.426,0.03913,PASS,PASS,PASS
117,nominal,100,8,7.4,6.7,2,-0.12,0,2,2,8.139,8.009,1.74,0.03193,PASS,PASS,PASS
118,nominal,100,3,7.4,6.7,5,-0.12,0,5,5,3.313,3.002,10.42,0.0387,FAIL,PASS,PASS
119,nominal,100,5,7.4,6.7,5,-0.12,0,5,5,5.065,5.001,1.298,0.03001,PASS,PASS,PASS
120,nominal,100,8,7.4,6.7,5,-0.12,0,5,5,8.02,8.006,0.2443,0.02404,PASS,PASS,PASS
121,nominal,100,3,7.4,6.7,0.5,-0.1,0,0.5,0.5,3.341,3.011,11.38,0.03783,FAIL,PASS,PASS
122,nominal,100,5,7.4,6.7,0.5,-0.1,0,0.5,0.5,5.227,5.009,4.548,0.02997,PASS,PASS,PASS
123,nominal,100,8,7.4,6.7,0.5,-0.1,0,0.5,0.5,8.082,8.009,1.023,0.02445,PASS,PASS,PASS
124,nominal,100,3,7.4,6.7,1,-0.1,0,1,1,3.226,3.014,7.517,0.03053,PASS,PASS,PASS
125,nominal,100,5,7.4,6.7,1,-0.1,0,1,1,5.06,5.009,1.209,0.0239,PASS,PASS,PASS
126,nominal,100,8,7.4,6.7,1,-0.1,0,1,1,8.021,8.004,0.2623,0.01934,PASS,PASS,PASS
127,nominal,100,3,7.4,6.7,2,-0.1,0,2,2,3.36,3.014,12.01,0.04046,FAIL,PASS,PASS
128,nominal,100,5,7.4,6.7,2,-0.1,0,2,2,5.337,5.013,6.747,0.03218,PASS,PASS,PASS
129,nominal,100,8,7.4,6.7,2,-0.1,0,2,2,8.128,8.008,1.596,0.02638,PASS,PASS,PASS
130,nominal,100,3,7.4,6.7,5,-0.1,0,5,5,3.232,3.004,7.74,0.03189,PASS,PASS,PASS
131,nominal,100,5,7.4,6.7,5,-0.1,0,5,5,5.06,4.999,1.199,0.02485,PASS,PASS,PASS
132,nominal,100,8,7.4,6.7,5,-0.1,0,5,5,8.015,8.005,0.1834,0.01986,PASS,PASS,PASS
133,nominal,100,3,7.4,6.7,0.5,-0.08,0,0.5,0.5,3.265,3.011,8.83,0.02929,PASS,PASS,PASS
134,nominal,100,5,7.4,6.7,0.5,-0.08,0,0.5,0.5,5.183,5.01,3.665,0.02364,PASS,PASS,PASS
135,nominal,100,8,7.4,6.7,0.5,-0.08,0,0.5,0.5,8.07,8.011,0.8808,0.01922,PASS,PASS,PASS
136,nominal,100,3,7.4,6.7,1,-0.08,0,1,1,3.173,3.017,5.766,0.02434,PASS,PASS,PASS
137,nominal,100,5,7.4,6.7,1,-0.08,0,1,1,5.052,5.009,1.034,0.01896,PASS,PASS,PASS
138,nominal,100,8,7.4,6.7,1,-0.08,0,1,1,8.02,8.007,0.2501,0.01526,PASS,PASS,PASS
139,nominal,100,3,7.4,6.7,2,-0.08,0,2,2,3.282,3.017,9.405,0.03254,PASS,PASS,PASS
140,nominal,100,5,7.4,6.7,2,-0.08,0,2,2,5.254,5.013,5.073,0.02557,PASS,PASS,PASS
141,nominal,100,8,7.4,6.7,2,-0.08,0,2,2,8.115,8.006,1.435,0.02101,PASS,PASS,PASS
142,nominal,100,3,7.4,6.7,5,-0.08,0,5,5,3.174,3.008,5.8,0.02577,PASS,PASS,PASS
143,nominal,100,5,7.4,6.7,5,-0.08,0,5,5,5.056,4.999,1.123,0.01961,PASS,PASS,PASS
144,nominal,100,8,7.4,6.7,5,-0.08,0,5,5,8.019,8.002,0.2375,0.01586,PASS,PASS,PASS
145,nominal,100,3,7.4,6.7,0.5,-0.06,0,0.5,0.5,3.196,3.011,6.531,0.02268,PASS,PASS,PASS
146,nominal,100,5,7.4,6.7,0.5,-0.06,0,0.5,0.5,5.137,5.01,2.732,0.01752,PASS,PASS,PASS
147,nominal,100,8,7.4,6.7,0.5,-0.06,0,0.5,0.5,8.06,8.011,0.752,0.01411,PASS,PASS,PASS
148,nominal,100,3,7.4,6.7,1,-0.06,0,1,1,3.13,3.017,4.328,0.01811,PASS,PASS,PASS
149,nominal,100,5,7.4,6.7,1,-0.06,0,1,1,5.05,5.009,0.9903,0.01376,PASS,PASS,PASS
150,nominal,100,8,7.4,6.7,1,-0.06,0,1,1,8.015,8.009,0.1819,0.01123,PASS,PASS,PASS
151,nominal,100,3,7.4,6.7,2,-0.06,0,2,2,3.215,3.014,7.155,0.02525,PASS,PASS,PASS
152,nominal,100,5,7.4,6.7,2,-0.06,0,2,2,5.187,5.012,3.733,0.01909,PASS,PASS,PASS
153,nominal,100,8,7.4,6.7,2,-0.06,0,2,2,8.094,8.008,1.177,0.01537,PASS,PASS,PASS
154,nominal,100,3,7.4,6.7,5,-0.06,0,5,5,3.134,3.001,4.469,0.01931,PASS,PASS,PASS
155,nominal,100,5,7.4,6.7,5,-0.06,0,5,5,5.048,5.004,0.9659,0.01498,PASS,PASS,PASS
156,nominal,100,8,7.4,6.7,5,-0.06,0,5,5,8.015,8.005,0.1876,0.01195,PASS,PASS,PASS
157,nominal,100,3,7.4,6.7,0.5,-0.04,0,0.5,0.5,3.126,3.014,4.216,0.01455,PASS,PASS,PASS
158,nominal,100,5,7.4,6.7,0.5,-0.04,0,0.5,0.5,5.098,5.011,1.953,0.01165,PASS,PASS,PASS
159,nominal,100,8,7.4,6.7,0.5,-0.04,0,0.5,0.5,8.046,8.006,0.5703,0.009392,PASS,PASS,PASS
160,nominal,100,3,7.4,6.7,1,-0.04,0,1,1,3.09,3.017,2.996,0.01269,PASS,PASS,PASS
161,nominal,100,5,7.4,6.7,1,-0.04,0,1,1,5.04,5.009,0.7902,0.009469,PASS,PASS,PASS
162,nominal,100,8,7.4,6.7,1,-0.04,0,1,1,8.017,8.007,0.2153,0.007279,PASS,PASS,PASS
163,nominal,100,3,7.4,6.7,2,-0.04,0,2,2,3.141,3.014,4.705,0.01677,PASS,PASS,PASS
164,nominal,100,5,7.4,6.7,2,-0.04,0,2,2,5.125,5.01,2.495,0.01261,PASS,PASS,PASS
165,nominal,100,8,7.4,6.7,2,-0.04,0,2,2,8.071,8.007,0.8872,0.01009,PASS,PASS,PASS
166,nominal,100,3,7.4,6.7,5,-0.04,0,5,5,3.095,3.007,3.182,0.01375,PASS,PASS,PASS
167,nominal,100,5,7.4,6.7,5,-0.04,0,5,5,5.038,4.999,0.7648,0.009959,PASS,PASS,PASS
168,nominal,100,8,7.4,6.7,5,-0.04,0,5,5,8.014,8.003,0.1806,0.007962,PASS,PASS,PASS
169,nominal,100,3,7.4,6.7,0.5,-0.02,0,0.5,0.5,3.07,3.017,2.319,0.008097,PASS,PASS,PASS
170,nominal,100,5,7.4,6.7,0.5,-0.02,0,0.5,0.5,5.05,5.01,0.9969,0.005964,PASS,PASS,PASS
171,nominal,100,8,7.4,6.7,0.5,-0.02,0,0.5,0.5,8.029,8.011,0.361,0.005964,PASS,PASS,PASS
172,nominal,100,3,7.4,6.7,1,-0.02,0,1,1,3.058,3.015,1.924,0.007495,PASS,PASS,PASS
173,nominal,100,5,7.4,6.7,1,-0.02,0,1,1,5.029,5.009,0.583,0.004616,PASS,PASS,PASS
174,nominal,100,8,7.4,6.7,1,-0.02,0,1,1,8.015,8.007,0.1843,0.004217,PASS,PASS,PASS
175,nominal,100,3,7.4,6.7,2,-0.02,0,2,2,3.075,3.014,2.487,0.01007,PASS,PASS,PASS
176,nominal,100,5,7.4,6.7,2,-0.02,0,2,2,5.065,5.012,1.298,0.006971,PASS,PASS,PASS
177,nominal,100,8,7.4,6.7,2,-0.02,0,2,2,8.043,8.009,0.5361,0.005364,PASS,PASS,PASS
178,nominal,100,3,7.4,6.7,5,-0.02,0,5,5,3.061,3.006,2.019,0.00936,PASS,PASS,PASS
179,nominal,100,5,7.4,6.7,5,-0.02,0,5,5,5.028,5.001,0.5698,0.005632,PASS,PASS,PASS
180,nominal,100,8,7.4,6.7,5,-0.02,0,5,5,8.013,8.003,0.1622,0.004172,PASS,PASS,PASS
181,nominal,100,3,7.4,6.7,0.5,0,0,0.5,0.5,3.014,3.014,0.4769,0.005964,PASS,PASS,PASS
182,nominal,100,5,7.4,6.7,0.5,0,0,0.5,0.5,5.008,5.008,0.1636,0.005964,PASS,PASS,PASS
183,nominal,100,8,7.4,6.7,0.5,0,0,0.5,0.5,8.008,8.008,0.1042,0.005964,PASS,PASS,PASS
184,nominal,100,3,7.4,6.7,1,0,0,1,1,3.03,3.013,1.012,0.006261,PASS,PASS,PASS
185,nominal,100,5,7.4,6.7,1,0,0,1,1,5.013,5.009,0.2664,0.004217,PASS,PASS,PASS
186,nominal,100,8,7.4,6.7,1,0,0,1,1,8.008,8.006,0.102,0.004217,PASS,PASS,PASS
187,nominal,100,3,7.4,6.7,2,0,0,2,2,3.013,3.016,0.5387,0.006788,PASS,PASS,PASS
188,nominal,100,5,7.4,6.7,2,0,0,2,2,5.01,5.012,0.2361,0.003293,PASS,PASS,PASS
189,nominal,100,8,7.4,6.7,2,0,0,2,2,8.007,8.009,0.1105,0.002982,PASS,PASS,PASS
190,nominal,100,3,7.4,6.7,5,0,0,5,5,3.034,3.004,1.128,0.007057,PASS,PASS,PASS
191,nominal,100,5,7.4,6.7,5,0,0,5,5,5.015,5.004,0.2916,0.00351,PASS,PASS,PASS
192,nominal,100,8,7.4,6.7,5,0,0,5,5,8.01,8.005,0.1242,0.002015,PASS,PASS,PASS
193,nominal,100,3,7.4,6.7,0.5,0.02,0,0.5,0.5,2.968,3.011,-1.079,0.009785,PASS,PASS,PASS
194,nominal,100,5,7.4,6.7,0.5,0.02,0,0.5,0.5,4.966,5.012,-0.6724,0.006915,PASS,PASS,PASS
195,nominal,100,8,7.4,6.7,0.5,0.02,0,0.5,0.5,7.978,8.008,-0.2697,0.005964,PASS,PASS,PASS
196,nominal,100,3,7.4,6.7,1,0.02,0,1,1,2.995,3.017,0.5637,0.008429,PASS,PASS,PASS
197,nominal,100,5,7.4,6.7,1,0.02,0,1,1,4.997,5.008,0.1545,0.005569,PASS,PASS,PASS
198,nominal,100,8,7.4,6.7,1,0.02,0,1,1,8.006,8.007,0.08356,0.004253,PASS,PASS,PASS
199,nominal,100,3,7.4,6.7,2,0.02,0,2,2,2.962,3.013,-1.268,0.01064,PASS,PASS,PASS
200,nominal,100,5,7.4,6.7,2,0.02,0,2,2,4.956,5.012,-0.884,0.007413,PASS,PASS,PASS
201,nominal,100,8,7.4,6.7,2,0.02,0,2,2,7.969,8.008,-0.3832,0.005851,PASS,PASS,PASS
202,nominal,100,3,7.4,6.7,5,0.02,0,5,5,2.999,3.003,0.08907,0.009184,PASS,PASS,PASS
203,nominal,100,5,7.4,6.7,5,0.02,0,5,5,5,5.001,0.02103,0.00557,PASS,PASS,PASS
204,nominal,100,8,7.4,6.7,5,0.02,0,5,5,8.003,8.002,0.03806,0.004456,PASS,PASS,PASS
205,nominal,100,3,7.4,6.7,0.5,0.04,0,0.5,0.5,2.921,3.017,-2.641,0.01573,PASS,PASS,PASS
206,nominal,100,5,7.4,6.7,0.5,0.04,0,0.5,0.5,4.923,5.011,-1.549,0.01191,PASS,PASS,PASS
207,nominal,100,8,7.4,6.7,0.5,0.04,0,0.5,0.5,7.949,8.006,-0.6314,0.009965,PASS,PASS,PASS
208,nominal,100,3,7.4,6.7,1,0.04,0,1,1,2.966,3.016,-1.148,0.01365,PASS,PASS,PASS
209,nominal,100,5,7.4,6.7,1,0.04,0,1,1,4.98,5.012,-0.4082,0.009977,PASS,PASS,PASS
210,nominal,100,8,7.4,6.7,1,0.04,0,1,1,7.996,8.009,0.1091,0.00787,PASS,PASS,PASS
211,nominal,100,3,7.4,6.7,2,0.04,0,2,2,2.908,3.013,-3.065,0.01719,PASS,PASS,PASS
212,nominal,100,5,7.4,6.7,2,0.04,0,2,2,4.903,5.012,-1.948,0.01298,PASS,PASS,PASS
213,nominal,100,8,7.4,6.7,2,0.04,0,2,2,7.93,8.006,-0.8802,0.01068,PASS,PASS,PASS
214,nominal,100,3,7.4,6.7,5,0.04,0,5,5,2.971,3.006,-0.9671,0.01369,PASS,PASS,PASS
215,nominal,100,5,7.4,6.7,5,0.04,0,5,5,4.981,5.001,-0.3808,0.01035,PASS,PASS,PASS
216,nominal,100,8,7.4,6.7,5,0.04,0,5,5,7.997,8.003,-0.04322,0.008102,PASS,PASS,PASS
217,nominal,100,3,7.4,6.7,0.5,0.06,0,0.5,0.5,2.88,3.011,-4.013,0.022,PASS,PASS,PASS
218,nominal,100,5,7.4,6.7,0.5,0.06,0,0.5,0.5,4.878,5.011,-2.432,0.01739,PASS,PASS,PASS
219,nominal,100,8,7.4,6.7,0.5,0.06,0,0.5,0.5,7.914,8.009,-1.073,0.01443,PASS,PASS,PASS
220,nominal,100,3,7.4,6.7,1,0.06,0,1,1,2.937,3.013,-2.111,0.01783,PASS,PASS,PASS
221,nominal,100,5,7.4,6.7,1,0.06,0,1,1,4.957,5.007,-0.8591,0.01363,PASS,PASS,PASS
222,nominal,100,8,7.4,6.7,1,0.06,0,1,1,7.987,8.009,-0.1615,0.01129,PASS,PASS,PASS
223,nominal,100,3,7.4,6.7,2,0.06,0,2,2,2.862,3.015,-4.605,0.02298,PASS,PASS,PASS
224,nominal,100,5,7.4,6.7,2,0.06,0,2,2,4.855,5.012,-2.91,0.01833,PASS,PASS,PASS
225,nominal,100,8,7.4,6.7,2,0.06,0,2,2,7.881,8.008,-1.49,0.01524,PASS,PASS,PASS
226,nominal,100,3,7.4,6.7,5,0.06,0,5,5,2.942,3.006,-1.928,0.01888,PASS,PASS,PASS
227,nominal,100,5,7.4,6.7,5,0.06,0,5,5,4.96,5.004,-0.806,0.01389,PASS,PASS,PASS
228,nominal,100,8,7.4,6.7,5,0.06,0,5,5,7.993,8.002,-0.09067,0.01149,PASS,PASS,PASS
229,nominal,100,3,7.4,6.7,0.5,0.08,0,0.5,0.5,2.839,3.011,-5.378,0.02839,PASS,PASS,PASS
230,nominal,100,5,7.4,6.7,0.5,0.08,0,0.5,0.5,4.838,5.009,-3.234,0.02257,PASS,PASS,PASS
231,nominal,100,8,7.4,6.7,0.5,0.08,0,0.5,0.5,7.873,8.011,-1.592,0.01841,PASS,PASS,PASS
232,nominal,100,3,7.4,6.7,1,0.08,0,1,1,2.908,3.018,-3.073,0.0224,PASS,PASS,PASS
233,nominal,100,5,7.4,6.7,1,0.08,0,1,1,4.935,5.008,-1.297,0.01783,PASS,PASS,PASS
234,nominal,100,8,7.4,6.7,1,0.08,0,1,1,7.978,8.005,-0.2796,0.01468,PASS,PASS,PASS
235,nominal,100,3,7.4,6.7,2,0.08,0,2,2,2.816,3.014,-6.136,0.02947,PASS,PASS,PASS
236,nominal,100,5,7.4,6.7,2,0.08,0,2,2,4.802,5.011,-3.97,0.02373,PASS,PASS,PASS
237,nominal,100,8,7.4,6.7,2,0.08,0,2,2,7.834,8.007,-2.071,0.01978,PASS,PASS,PASS
238,nominal,100,3,7.4,6.7,5,0.08,0,5,5,2.916,3.001,-2.79,0.02309,PASS,PASS,PASS
239,nominal,100,5,7.4,6.7,5,0.08,0,5,5,4.937,5.003,-1.266,0.0183,PASS,PASS,PASS
240,nominal,100,8,7.4,6.7,5,0.08,0,5,5,7.98,8.004,-0.2477,0.01481,PASS,PASS,PASS
241,nominal,100,3,7.4,6.7,0.5,0.1,0,0.5,0.5,2.797,3.017,-6.766,0.03421,PASS,PASS,PASS
242,nominal,100,5,7.4,6.7,0.5,0.1,0,0.5,0.5,4.791,5.009,-4.177,0.02706,PASS,PASS,PASS
243,nominal,100,8,7.4,6.7,0.5,0.1,0,0.5,0.5,7.832,8.011,-2.095,0.02251,PASS,PASS,PASS
244,nominal,100,3,7.4,6.7,1,0.1,0,1,1,2.881,3.012,-3.951,0.02695,PASS,PASS,PASS
245,nominal,100,5,7.4,6.7,1,0.1,0,1,1,4.909,5.008,-1.823,0.02174,PASS,PASS,PASS
246,nominal,100,8,7.4,6.7,1,0.1,0,1,1,7.965,8.007,-0.4417,0.01788,PASS,PASS,PASS
247,nominal,100,3,7.4,6.7,2,0.1,0,2,2,2.774,3.017,-7.534,0.03601,PASS,PASS,PASS
248,nominal,100,5,7.4,6.7,2,0.1,0,2,2,4.754,5.008,-4.927,0.02916,PASS,PASS,PASS
249,nominal,100,8,7.4,6.7,2,0.1,0,2,2,7.784,8.006,-2.701,0.02412,PASS,PASS,PASS
250,nominal,100,3,7.4,6.7,5,0.1,0,5,5,2.889,3.002,-3.684,0.02866,PASS,PASS,PASS
251,nominal,100,5,7.4,6.7,5,0.1,0,5,5,4.911,4.999,-1.789,0.02225,PASS,PASS,PASS
252,nominal,100,8,7.4,6.7,5,0.1,0,5,5,7.963,8.006,-0.4588,0.01813,PASS,PASS,PASS
253,nominal,100,3,7.4,6.7,0.5,0.12,0,0.5,0.5,2.761,3.017,-7.977,0.03955,PASS,PASS,PASS
254,nominal,100,5,7.4,6.7,0.5,0.12,0,0.5,0.5,4.75,5.01,-4.996,0.03208,PASS,PASS,PASS
255,nominal,100,8,7.4,6.7,0.5,0.12,0,0.5,0.5,7.79,8.007,-2.626,0.02635,PASS,PASS,PASS
256,nominal,100,3,7.4,6.7,1,0.12,0,1,1,2.855,3.014,-4.821,0.03172,PASS,PASS,PASS
257,nominal,100,5,7.4,6.7,1,0.12,0,1,1,4.883,5.012,-2.35,0.02585,PASS,PASS,PASS
258,nominal,100,8,7.4,6.7,1,0.12,0,1,1,7.944,8.004,-0.7047,0.02102,PASS,PASS,PASS
259,nominal,100,3,7.4,6.7,2,0.12,0,2,2,2.727,3.016,-9.098,0.04241,PASS,PASS,PASS
260,nominal,100,5,7.4,6.7,2,0.12,0,2,2,4.705,5.01,-5.904,0.03429,PASS,PASS,PASS
261,nominal,100,8,7.4,6.7,2,0.12,0,2,2,7.731,8.008,-3.365,0.02833,PASS,PASS,PASS
262,nominal,100,3,7.4,6.7,5,0.12,0,5,5,2.862,3.002,-4.603,0.03255,PASS,PASS,PASS
263,nominal,100,5,7.4,6.7,5,0.12,0,5,5,4.885,4.999,-2.308,0.02595,PASS,PASS,PASS
264,nominal,100,8,7.4,6.7,5,0.12,0,5,5,7.947,8.005,-0.6682,0.0213,PASS,PASS,PASS
265,nominal,100,3,7.4,6.7,0.5,0.14,0,0.5,0.5,2.725,3.017,-9.17,0.04482,PASS,PASS,PASS
266,nominal,100,5,7.4,6.7,0.5,0.14,0,0.5,0.5,4.71,5.009,-5.807,0.03624,PASS,PASS,PASS
267,nominal,100,8,7.4,6.7,0.5,0.14,0,0.5,0.5,7.745,8.011,-3.19,0.03024,PASS,PASS,PASS
268,nominal,100,3,7.4,6.7,1,0.14,0,1,1,2.826,3.014,-5.792,0.03699,PASS,PASS,PASS
269,nominal,100,5,7.4,6.7,1,0.14,0,1,1,4.856,5.008,-2.88,0.02919,PASS,PASS,PASS
270,nominal,100,8,7.4,6.7,1,0.14,0,1,1,7.926,8.006,-0.9281,0.02415,PASS,PASS,PASS
271,nominal,100,3,7.4,6.7,2,0.14,0,2,2,2.695,3.017,-10.18,0.04811,FAIL,PASS,PASS
272,nominal,100,5,7.4,6.7,2,0.14,0,2,2,4.661,5.011,-6.776,0.03899,PASS,PASS,PASS
273,nominal,100,8,7.4,6.7,2,0.14,0,2,2,7.675,8.008,-4.066,0.03247,PASS,PASS,PASS
274,nominal,100,3,7.4,6.7,5,0.14,0,5,5,2.837,3.002,-5.433,0.03757,PASS,PASS,PASS
275,nominal,100,5,7.4,6.7,5,0.14,0,5,5,4.858,5.005,-2.845,0.02966,PASS,PASS,PASS
276,nominal,100,8,7.4,6.7,5,0.14,0,5,5,7.927,8.004,-0.9067,0.02436,PASS,PASS,PASS
277,nominal,100,3,7.4,6.7,0.5,0.16,0,0.5,0.5,2.691,3.017,-10.29,0.05008,FAIL,PASS,FAIL
278,nominal,100,5,7.4,6.7,0.5,0.16,0,0.5,0.5,4.666,5.008,-6.687,0.04106,PASS,PASS,PASS
279,nominal,100,8,7.4,6.7,0.5,0.16,0,0.5,0.5,7.698,8.006,-3.772,0.03402,PASS,PASS,PASS
280,nominal,100,3,7.4,6.7,1,0.16,0,1,1,2.801,3.014,-6.62,0.04083,PASS,PASS,PASS
281,nominal,100,5,7.4,6.7,1,0.16,0,1,1,4.828,5.011,-3.436,0.03266,PASS,PASS,PASS
282,nominal,100,8,7.4,6.7,1,0.16,0,1,1,7.904,8.005,-1.205,0.02708,PASS,PASS,PASS
283,nominal,100,3,7.4,6.7,2,0.16,0,2,2,2.65,3.016,-11.66,0.05456,FAIL,PASS,FAIL
284,nominal,100,5,7.4,6.7,2,0.16,0,2,2,4.612,5.008,-7.758,0.04406,PASS,PASS,PASS
285,nominal,100,8,7.4,6.7,2,0.16,0,2,2,7.625,8.008,-4.684,0.03604,PASS,PASS,PASS
286,nominal,100,3,7.4,6.7,5,0.16,0,5,5,2.818,3.008,-6.082,0.04128,PASS,PASS,PASS
287,nominal,100,5,7.4,6.7,5,0.16,0,5,5,4.83,5.003,-3.396,0.03336,PASS,PASS,PASS
288,nominal,100,8,7.4,6.7,5,0.16,0,5,5,7.905,8.005,-1.183,0.02717,PASS,PASS,PASS
289,nominal,100,3,7.4,6.7,0.5,0.18,0,0.5,0.5,2.658,3.011,-11.39,0.05651,FAIL,PASS,FAIL
290,nominal,100,5,7.4,6.7,0.5,0.18,0,0.5,0.5,4.626,5.009,-7.486,0.04514,PASS,PASS,PASS
291,nominal,100,8,7.4,6.7,0.5,0.18,0,0.5,0.5,7.653,8.008,-4.337,0.03751,PASS,PASS,PASS
292,nominal,100,3,7.4,6.7,1,0.18,0,1,1,2.775,3.015,-7.508,0.04473,PASS,PASS,PASS
293,nominal,100,5,7.4,6.7,1,0.18,0,1,1,4.799,5.009,-4.023,0.03615,PASS,PASS,PASS
294,nominal,100,8,7.4,6.7,1,0.18,0,1,1,7.878,8.004,-1.53,0.02979,PASS,PASS,PASS
295,nominal,100,3,7.4,6.7,2,0.18,0,2,2,2.616,3.018,-12.81,0.05938,FAIL,PASS,FAIL
296,nominal,100,5,7.4,6.7,2,0.18,0,2,2,4.565,5.009,-8.693,0.04841,PASS,PASS,PASS
297,nominal,100,8,7.4,6.7,2,0.18,0,2,2,7.571,8.008,-5.369,0.03989,PASS,PASS,PASS
298,nominal,100,3,7.4,6.7,5,0.18,0,5,5,2.791,3.002,-6.97,0.04615,PASS,PASS,PASS
299,nominal,100,5,7.4,6.7,5,0.18,0,5,5,4.8,5.006,-3.991,0.0368,PASS,PASS,PASS
300,nominal,100,8,7.4,6.7,5,0.18,0,5,5,7.882,8.006,-1.47,0.03017,PASS,PASS,PASS
301,nominal,100,3,7.4,6.7,0.5,0.2,0,0.5,0.5,2.623,3.015,-12.58,0.06098,FAIL,PASS,FAIL
302,nominal,100,5,7.4,6.7,0.5,0.2,0,0.5,0.5,4.586,5.012,-8.274,0.04888,PASS,PASS,PASS
303,nominal,100,8,7.4,6.7,0.5,0.2,0,0.5,0.5,7.606,8.008,-4.92,0.04076,PASS,PASS,PASS
304,nominal,100,3,7.4,6.7,1,0.2,0,1,1,2.752,3.017,-8.254,0.04951,PASS,PASS,PASS
305,nominal,100,5,7.4,6.7,1,0.2,0,1,1,4.77,5.008,-4.605,0.0393,PASS,PASS,PASS
306,nominal,100,8,7.4,6.7,1,0.2,0,1,1,7.849,8.009,-1.882,0.03259,PASS,PASS,PASS
307,nominal,100,3,7.4,6.7,2,0.2,0,2,2,2.587,3.017,-13.78,0.06546,FAIL,PASS,FAIL
308,nominal,100,5,7.4,6.7,2,0.2,0,2,2,4.526,5.011,-9.483,0.05265,PASS,PASS,FAIL
309,nominal,100,8,7.4,6.7,2,0.2,0,2,2,7.52,8.008,-5.996,0.04359,PASS,PASS,PASS
310,nominal,100,3,7.4,6.7,5,0.2,0,5,5,2.766,3.003,-7.803,0.05014,PASS,PASS,FAIL
311,nominal,100,5,7.4,6.7,5,0.2,0,5,5,4.774,5,-4.516,0.04005,PASS,PASS,PASS
312,nominal,100,8,7.4,6.7,5,0.2,0,5,5,7.852,8.007,-1.846,0.03295,PASS,PASS,PASS
313,nominal,100,3,7.4,6.7,0.5,0.22,0,0.5,0.5,2.594,3.014,-13.54,0.06553,FAIL,PASS,FAIL
314,nominal,100,5,7.4,6.7,0.5,0.22,0,0.5,0.5,4.546,5.01,-9.073,0.05313,PASS,PASS,FAIL
315,nominal,100,8,7.4,6.7,0.5,0.22,0,0.5,0.5,7.561,8.006,-5.491,0.04386,PASS,PASS,PASS
316,nominal,100,3,7.4,6.7,1,0.22,0,1,1,2.726,3.013,-9.118,0.05352,PASS,PASS,FAIL
317,nominal,100,5,7.4,6.7,1,0.22,0,1,1,4.739,5.007,-5.21,0.04301,PASS,PASS,PASS
318,nominal,100,8,7.4,6.7,1,0.22,0,1,1,7.819,8.006,-2.263,0.03516,PASS,PASS,PASS
319,nominal,100,3,7.4,6.7,2,0.22,0,2,2,2.553,3.017,-14.89,0.07015,FAIL,PASS,FAIL
320,nominal,100,5,7.4,6.7,2,0.22,0,2,2,4.477,5.009,-10.45,0.05701,FAIL,FAIL,FAIL
321,nominal,100,8,7.4,6.7,2,0.22,0,2,2,7.469,8.007,-6.632,0.04697,PASS,FAIL,PASS
322,nominal,100,3,7.4,6.7,5,0.22,0,5,5,2.742,3.003,-8.595,0.05365,PASS,PASS,FAIL
323,nominal,100,5,7.4,6.7,5,0.22,0,5,5,4.747,5.003,-5.057,0.04305,PASS,PASS,PASS
324,nominal,100,8,7.4,6.7,5,0.22,0,5,5,7.825,8.004,-2.193,0.03526,PASS,PASS,PASS
325,nominal,100,3,7.4,6.7,0.5,0.24,0,0.5,0.5,2.562,3.015,-14.6,0.07054,FAIL,PASS,FAIL
326,nominal,100,5,7.4,6.7,0.5,0.24,0,0.5,0.5,4.507,5.01,-9.86,0.05677,PASS,PASS,FAIL
327,nominal,100,8,7.4,6.7,0.5,0.24,0,0.5,0.5,7.517,8.008,-6.038,0.04682,PASS,PASS,PASS
328,nominal,100,3,7.4,6.7,1,0.24,0,1,1,2.701,3.014,-9.979,0.05703,PASS,PASS,FAIL
329,nominal,100,5,7.4,6.7,1,0.24,0,1,1,4.713,5.008,-5.747,0.04583,PASS,PASS,PASS
330,nominal,100,8,7.4,6.7,1,0.24,0,1,1,7.793,8.005,-2.588,0.03762,PASS,PASS,PASS
331,nominal,100,3,7.4,6.7,2,0.24,0,2,2,2.517,3.017,-16.11,0.07504,FAIL,PASS,FAIL
332,nominal,100,5,7.4,6.7,2,0.24,0,2,2,4.437,5.009,-11.27,0.06123,FAIL,FAIL,FAIL
333,nominal,100,8,7.4,6.7,2,0.24,0,2,2,7.416,8.009,-7.297,0.05039,PASS,FAIL,FAIL
334,nominal,100,3,7.4,6.7,5,0.24,0,5,5,2.719,3.003,-9.367,0.05802,PASS,PASS,FAIL
335,nominal,100,5,7.4,6.7,5,0.24,0,5,5,4.718,5.006,-5.646,0.0463,PASS,PASS,PASS
336,nominal,100,8,7.4,6.7,5,0.24,0,5,5,7.795,8.004,-2.558,0.03802,PASS,PASS,PASS
337,nominal,100,3,7.4,6.7,0.5,0.26,0,0.5,0.5,2.533,3.015,-15.57,0.07418,FAIL,PASS,FAIL
338,nominal,100,5,7.4,6.7,0.5,0.26,0,0.5,0.5,4.47,5.013,-10.6,0.06022,FAIL,FAIL,FAIL
339,nominal,100,8,7.4,6.7,0.5,0.26,0,0.5,0.5,7.471,8.008,-6.611,0.05021,PASS,FAIL,FAIL
340,nominal,100,3,7.4,6.7,1,0.26,0,1,1,2.676,3.013,-10.78,0.06073,FAIL,PASS,FAIL
341,nominal,100,5,7.4,6.7,1,0.26,0,1,1,4.683,5.011,-6.338,0.04881,PASS,PASS,PASS
342,nominal,100,8,7.4,6.7,1,0.26,0,1,1,7.76,8.009,-2.998,0.04009,PASS,PASS,PASS
343,nominal,100,3,7.4,6.7,2,0.26,0,2,2,2.49,3.016,-17.01,0.08046,FAIL,FAIL,FAIL
344,nominal,100,5,7.4,6.7,2,0.26,0,2,2,4.396,5.011,-12.08,0.0655,FAIL,FAIL,FAIL
345,nominal,100,8,7.4,6.7,2,0.26,0,2,2,7.366,8.007,-7.922,0.05383,PASS,FAIL,FAIL
346,nominal,100,3,7.4,6.7,5,0.26,0,5,5,2.698,3.001,-10.08,0.062,FAIL,PASS,FAIL
347,nominal,100,5,7.4,6.7,5,0.26,0,5,5,4.691,5.001,-6.174,0.04893,PASS,PASS,PASS
348,nominal,100,8,7.4,6.7,5,0.26,0,5,5,7.767,8.005,-2.909,0.04042,PASS,PASS,PASS
349,nominal,100,3,7.4,6.7,0.5,0.28,0,0.5,0.5,2.506,3.011,-16.46,0.07976,FAIL,PASS,FAIL
350,nominal,100,5,7.4,6.7,0.5,0.28,0,0.5,0.5,4.433,5.009,-11.34,0.06382,FAIL,FAIL,FAIL
351,nominal,100,8,7.4,6.7,0.5,0.28,0,0.5,0.5,7.426,8.007,-7.181,0.05287,PASS,FAIL,FAIL
352,nominal,100,3,7.4,6.7,1,0.28,0,1,1,2.655,3.011,-11.5,0.06443,FAIL,PASS,FAIL
353,nominal,100,5,7.4,6.7,1,0.28,0,1,1,4.656,5.008,-6.879,0.05195,PASS,PASS,FAIL
354,nominal,100,8,7.4,6.7,1,0.28,0,1,1,7.729,8.005,-3.385,0.04263,PASS,PASS,PASS
355,nominal,100,3,7.4,6.7,2,0.28,0,2,2,2.461,3.017,-17.96,0.08489,FAIL,FAIL,FAIL
356,nominal,100,5,7.4,6.7,2,0.28,0,2,2,4.357,5.011,-12.86,0.06866,FAIL,FAIL,FAIL
357,nominal,100,8,7.4,6.7,2,0.28,0,2,2,7.317,8.007,-8.537,0.05704,PASS,FAIL,FAIL
358,nominal,100,3,7.4,6.7,5,0.28,0,5,5,2.676,3.003,-10.8,0.06563,FAIL,PASS,FAIL
359,nominal,100,5,7.4,6.7,5,0.28,0,5,5,4.664,5.003,-6.719,0.05186,PASS,PASS,FAIL
360,nominal,100,8,7.4,6.7,5,0.28,0,5,5,7.734,8.007,-3.328,0.04296,PASS,PASS,PASS
361,nominal,100,3,7.4,6.7,0.5,0.3,0,0.5,0.5,2.476,3.017,-17.46,0.08353,FAIL,FAIL,FAIL
362,nominal,100,5,7.4,6.7,0.5,0.3,0,0.5,0.5,4.398,5.01,-12.04,0.06712,FAIL,FAIL,FAIL
363,nominal,100,8,7.4,6.7,0.5,0.3,0,0.5,0.5,7.381,8.007,-7.742,0.05586,PASS,FAIL,FAIL
364,nominal,100,3,7.4,6.7,1,0.3,0,1,1,2.635,3.014,-12.17,0.06843,FAIL,PASS,FAIL
365,nominal,100,5,7.4,6.7,1,0.3,0,1,1,4.627,5.011,-7.455,0.05431,PASS,PASS,FAIL
366,nominal,100,8,7.4,6.7,1,0.3,0,1,1,7.697,8.005,-3.791,0.04491,PASS,PASS,PASS
367,nominal,100,3,7.4,6.7,2,0.3,0,2,2,2.432,3.017,-18.94,0.09,FAIL,FAIL,FAIL
368,nominal,100,5,7.4,6.7,2,0.3,0,2,2,4.317,5.011,-13.66,0.07275,FAIL,FAIL,FAIL
369,nominal,100,8,7.4,6.7,2,0.3,0,2,2,7.272,8.007,-9.103,0.05991,PASS,FAIL,FAIL
370,nominal,100,3,7.4,6.7,5,0.3,0,5,5,2.654,3.001,-11.53,0.06862,FAIL,PASS,FAIL
371,nominal,100,5,7.4,6.7,5,0.3,0,5,5,4.64,5.002,-7.21,0.05537,PASS,PASS,FAIL
372,nominal,100,8,7.4,6.7,5,0.3,0,5,5,7.704,8.005,-3.706,0.04524,PASS,PASS,PASS
373,VOS +1 mV,100,3,7.4,6.7,0.5,-0.3,0.001,0.5,0.5009,3.73,3.015,24.34,0.136,FAIL,FAIL,FAIL
374,VOS +1 mV,100,5,7.4,6.7,0.5,-0.3,0.001,0.5,0.5009,6.318,5.018,26.36,0.1079,FAIL,FAIL,FAIL
375,VOS +1 mV,100,8,7.4,6.7,0.5,-0.3,0.001,0.5,0.5009,10.16,8.021,27.06,0.08476,FAIL,FAIL,FAIL
376,VOS +1 mV,100,3,7.4,6.7,1,-0.3,0.001,1,1.001,3.724,3.016,24.13,0.1102,FAIL,FAIL,FAIL
377,VOS +1 mV,100,5,7.4,6.7,1,-0.3,0.001,1,1.001,6.299,5.012,25.98,0.08707,FAIL,FAIL,FAIL
378,VOS +1 mV,100,8,7.4,6.7,1,-0.3,0.001,1,1.001,8.034,8.012,0.427,0.06853,PASS,PASS,FAIL
379,VOS +1 mV,100,3,7.4,6.7,2,-0.3,0.001,2,2.004,3.731,3.018,24.37,0.1428,FAIL,FAIL,FAIL
380,VOS +1 mV,100,5,7.4,6.7,2,-0.3,0.001,2,2.004,6.319,5.017,26.39,0.1155,FAIL,FAIL,FAIL
381,VOS +1 mV,100,8,7.4,6.7,2,-0.3,0.001,2,2.004,10.18,8.019,27.29,0.09145,FAIL,FAIL,FAIL
382,VOS +1 mV,100,3,7.4,6.7,5,-0.3,0.001,5,5.006,3.727,3.011,24.23,0.1055,FAIL,FAIL,FAIL
383,VOS +1 mV,100,5,7.4,6.7,5,-0.3,0.001,5,5.006,6.302,5.012,26.03,0.08835,FAIL,FAIL,FAIL
384,VOS +1 mV,100,8,7.4,6.7,5,-0.3,0.001,5,5.006,8.032,8.009,0.3954,0.06927,PASS,PASS,FAIL
385,VOS +1 mV,100,3,7.4,6.7,0.5,-0.28,0.001,0.5,0.5009,3.712,3.015,23.72,0.125,FAIL,FAIL,FAIL
386,VOS +1 mV,100,5,7.4,6.7,0.5,-0.28,0.001,0.5,0.5009,6.284,5.015,25.67,0.09827,FAIL,FAIL,FAIL
387,VOS +1 mV,100,8,7.4,6.7,0.5,-0.28,0.001,0.5,0.5009,10.08,8.018,25.97,0.078,FAIL,FAIL,FAIL
388,VOS +1 mV,100,3,7.4,6.7,1,-0.28,0.001,1,1.001,3.704,3.016,23.46,0.1006,FAIL,FAIL,FAIL
389,VOS +1 mV,100,5,7.4,6.7,1,-0.28,0.001,1,1.001,6.257,5.013,25.14,0.07941,FAIL,FAIL,FAIL
390,VOS +1 mV,100,8,7.4,6.7,1,-0.28,0.001,1,1.001,8.034,8.014,0.4249,0.06275,PASS,PASS,FAIL
391,VOS +1 mV,100,3,7.4,6.7,2,-0.28,0.001,2,2.004,3.712,3.021,23.73,0.1331,FAIL,FAIL,FAIL
392,VOS +1 mV,100,5,7.4,6.7,2,-0.28,0.001,2,2.004,6.285,5.018,25.69,0.1057,FAIL,FAIL,FAIL
393,VOS +1 mV,100,8,7.4,6.7,2,-0.28,0.001,2,2.004,10.11,8.023,26.39,0.08369,FAIL,FAIL,FAIL
394,VOS +1 mV,100,3,7.4,6.7,5,-0.28,0.001,5,5.006,3.707,3.011,23.56,0.09773,FAIL,FAIL,FAIL
395,VOS +1 mV,100,5,7.4,6.7,5,-0.28,0.001,5,5.006,6.258,5.002,25.16,0.08054,FAIL,FAIL,FAIL
396,VOS +1 mV,100,8,7.4,6.7,5,-0.28,0.001,5,5.006,8.034,8.012,0.4257,0.06335,PASS,PASS,FAIL
397,VOS +1 mV,100,3,7.4,6.7,0.5,-0.26,0.001,0.5,0.5009,3.69,3.015,23.01,0.1147,FAIL,FAIL,FAIL
398,VOS +1 mV,100,5,7.4,6.7,0.5,-0.26,0.001,0.5,0.5009,6.243,5.019,24.85,0.0897,FAIL,FAIL,FAIL
399,VOS +1 mV,100,8,7.4,6.7,0.5,-0.26,0.001,0.5,0.5009,9.905,8.019,23.81,0.07111,FAIL,FAIL,FAIL
400,VOS +1 mV,100,3,7.4,6.7,1,-0.26,0.001,1,1.001,3.68,3.016,22.66,0.09203,FAIL,FAIL,FAIL
401,VOS +1 mV,100,5,7.4,6.7,1,-0.26,0.001,1,1.001,6.196,5.014,23.91,0.07218,FAIL,FAIL,FAIL
402,VOS +1 mV,100,8,7.4,6.7,1,-0.26,0.001,1,1.001,8.034,8.014,0.4247,0.05721,PASS,PASS,FAIL
403,VOS +1 mV,100,3,7.4,6.7,2,-0.26,0.001,2,2.004,3.69,3.021,22.99,0.1227,FAIL,FAIL,FAIL
404,VOS +1 mV,100,5,7.4,6.7,2,-0.26,0.001,2,2.004,6.248,5.017,24.96,0.09627,FAIL,FAIL,FAIL
405,VOS +1 mV,100,8,7.4,6.7,2,-0.26,0.001,2,2.004,10.02,8.023,25.19,0.07661,FAIL,FAIL,FAIL
406,VOS +1 mV,100,3,7.4,6.7,5,-0.26,0.001,5,5.006,3.687,3.009,22.9,0.09078,FAIL,FAIL,FAIL
407,VOS +1 mV,100,5,7.4,6.7,5,-0.26,0.001,5,5.006,6.199,5.007,23.98,0.07314,FAIL,FAIL,FAIL
408,VOS +1 mV,100,8,7.4,6.7,5,-0.26,0.001,5,5.006,8.032,8.011,0.3948,0.05784,PASS,PASS,FAIL
409,VOS +1 mV,100,3,7.4,6.7,0.5,-0.24,0.001,0.5,0.5009,3.666,3.015,22.21,0.1028,FAIL,FAIL,FAIL
410,VOS +1 mV,100,5,7.4,6.7,0.5,-0.24,0.001,0.5,0.5009,6.195,5.019,23.89,0.08183,FAIL,FAIL,FAIL
411,VOS +1 mV,100,8,7.4,6.7,0.5,-0.24,0.001,0.5,0.5009,8.121,8.019,1.509,0.06484,PASS,PASS,FAIL
412,VOS +1 mV,100,3,7.4,6.7,1,-0.24,0.001,1,1.001,3.656,3.016,21.87,0.08347,FAIL,FAIL,FAIL
413,VOS +1 mV,100,5,7.4,6.7,1,-0.24,0.001,1,1.001,5.081,5.013,1.618,0.06524,PASS,PASS,FAIL
414,VOS +1 mV,100,8,7.4,6.7,1,-0.24,0.001,1,1.001,8.034,8.012,0.426,0.05197,PASS,PASS,FAIL
415,VOS +1 mV,100,3,7.4,6.7,2,-0.24,0.001,2,2.004,3.668,3.019,22.26,0.1105,FAIL,FAIL,FAIL
416,VOS +1 mV,100,5,7.4,6.7,2,-0.24,0.001,2,2.004,6.204,5.017,24.07,0.0872,FAIL,FAIL,FAIL
417,VOS +1 mV,100,8,7.4,6.7,2,-0.24,0.001,2,2.004,9.866,8.019,23.32,0.06946,FAIL,FAIL,FAIL
418,VOS +1 mV,100,3,7.4,6.7,5,-0.24,0.001,5,5.006,3.657,3.011,21.91,0.08416,FAIL,FAIL,FAIL
419,VOS +1 mV,100,5,7.4,6.7,5,-0.24,0.001,5,5.006,5.085,5.008,1.697,0.06706,PASS,PASS,FAIL
420,VOS +1 mV,100,8,7.4,6.7,5,-0.24,0.001,5,5.006,8.032,8.009,0.3941,0.0526,PASS,PASS,FAIL
421,VOS +1 mV,100,3,7.4,6.7,0.5,-0.22,0.001,0.5,0.5009,3.64,3.015,21.33,0.09352,FAIL,FAIL,FAIL
422,VOS +1 mV,100,5,7.4,6.7,0.5,-0.22,0.001,0.5,0.5009,6.132,5.016,22.64,0.07323,FAIL,FAIL,FAIL
423,VOS +1 mV,100,8,7.4,6.7,0.5,-0.22,0.001,0.5,0.5009,8.12,8.019,1.5,0.05887,PASS,PASS,FAIL
424,VOS +1 mV,100,3,7.4,6.7,1,-0.22,0.001,1,1.001,3.626,3.019,20.87,0.07476,FAIL,FAIL,FAIL
425,VOS +1 mV,100,5,7.4,6.7,1,-0.22,0.001,1,1.001,5.077,5.013,1.545,0.05907,PASS,PASS,FAIL
426,VOS +1 mV,100,8,7.4,6.7,1,-0.22,0.001,1,1.001,8.03,8.012,0.3692,0.04665,PASS,PASS,PASS
427,VOS +1 mV,100,3,7.4,6.7,2,-0.22,0.001,2,2.004,3.642,3.019,21.41,0.09903,FAIL,FAIL,FAIL
428,VOS +1 mV,100,5,7.4,6.7,2,-0.22,0.001,2,2.004,6.149,5.017,22.98,0.07899,FAIL,FAIL,FAIL
429,VOS +1 mV,100,8,7.4,6.7,2,-0.22,0.001,2,2.004,8.194,8.022,2.427,0.06289,PASS,PASS,FAIL
430,VOS +1 mV,100,3,7.4,6.7,5,-0.22,0.001,5,5.006,3.63,3.011,20.99,0.07645,FAIL,FAIL,FAIL
431,VOS +1 mV,100,5,7.4,6.7,5,-0.22,0.001,5,5.006,5.081,5.012,1.629,0.06001,PASS,PASS,FAIL
432,VOS +1 mV,100,8,7.4,6.7,5,-0.22,0.001,5,5.006,8.031,8.009,0.3932,0.04724,PASS,PASS,PASS
433,VOS +1 mV,100,3,7.4,6.7,0.5,-0.2,0.001,0.5,0.5009,3.609,3.015,20.3,0.0834,FAIL,FAIL,FAIL
434,VOS +1 mV,100,5,7.4,6.7,0.5,-0.2,0.001,0.5,0.5009,6.05,5.016,20.99,0.06567,FAIL,FAIL,FAIL
435,VOS +1 mV,100,8,7.4,6.7,0.5,-0.2,0.001,0.5,0.5009,8.121,8.022,1.507,0.05249,PASS,PASS,FAIL
436,VOS +1 mV,100,3,7.4,6.7,1,-0.2,0.001,1,1.001,3.59,3.018,19.67,0.06755,FAIL,FAIL,FAIL
437,VOS +1 mV,100,5,7.4,6.7,1,-0.2,0.001,1,1.001,5.081,5.012,1.624,0.05264,PASS,PASS,FAIL
438,VOS +1 mV,100,8,7.4,6.7,1,-0.2,0.001,1,1.001,8.034,8.014,0.4219,0.04189,PASS,PASS,PASS
439,VOS +1 mV,100,3,7.4,6.7,2,-0.2,0.001,2,2.004,3.607,3.02,20.22,0.08943,FAIL,FAIL,FAIL
440,VOS +1 mV,100,5,7.4,6.7,2,-0.2,0.001,2,2.004,6.081,5.018,21.61,0.07037,FAIL,FAIL,FAIL
441,VOS +1 mV,100,8,7.4,6.7,2,-0.2,0.001,2,2.004,8.191,8.023,2.391,0.05675,PASS,PASS,FAIL
442,VOS +1 mV,100,3,7.4,6.7,5,-0.2,0.001,5,5.006,3.591,3.009,19.7,0.06897,FAIL,FAIL,FAIL
443,VOS +1 mV,100,5,7.4,6.7,5,-0.2,0.001,5,5.006,5.08,5.005,1.593,0.0537,PASS,PASS,FAIL
444,VOS +1 mV,100,8,7.4,6.7,5,-0.2,0.001,5,5.006,8.031,8.011,0.3923,0.04253,PASS,PASS,PASS
445,VOS +1 mV,100,3,7.4,6.7,0.5,-0.18,0.001,0.5,0.5009,3.572,3.015,19.06,0.07402,FAIL,FAIL,FAIL
446,VOS +1 mV,100,5,7.4,6.7,0.5,-0.18,0.001,0.5,0.5009,5.929,5.019,18.59,0.05819,FAIL,FAIL,FAIL
447,VOS +1 mV,100,8,7.4,6.7,0.5,-0.18,0.001,0.5,0.5009,8.114,8.017,1.43,0.04693,PASS,PASS,PASS
448,VOS +1 mV,100,3,7.4,6.7,1,-0.18,0.001,1,1.001,3.549,3.019,18.29,0.05903,FAIL,FAIL,FAIL
449,VOS +1 mV,100,5,7.4,6.7,1,-0.18,0.001,1,1.001,5.078,5.014,1.57,0.04665,PASS,PASS,PASS
450,VOS +1 mV,100,8,7.4,6.7,1,-0.18,0.001,1,1.001,8.034,8.014,0.4202,0.03727,PASS,PASS,PASS
451,VOS +1 mV,100,3,7.4,6.7,2,-0.18,0.001,2,2.004,3.578,3.021,19.26,0.07848,FAIL,FAIL,FAIL
452,VOS +1 mV,100,5,7.4,6.7,2,-0.18,0.001,2,2.004,5.991,5.018,19.82,0.06266,FAIL,FAIL,FAIL
453,VOS +1 mV,100,8,7.4,6.7,2,-0.18,0.001,2,2.004,8.188,8.023,2.345,0.05107,PASS,PASS,FAIL
454,VOS +1 mV,100,3,7.4,6.7,5,-0.18,0.001,5,5.006,3.549,3.009,18.29,0.06111,FAIL,FAIL,FAIL
455,VOS +1 mV,100,5,7.4,6.7,5,-0.18,0.001,5,5.006,5.082,5.007,1.649,0.04763,PASS,PASS,PASS
456,VOS +1 mV,100,8,7.4,6.7,5,-0.18,0.001,5,5.006,8.03,8.012,0.3688,0.03784,PASS,PASS,PASS
457,VOS +1 mV,100,3,7.4,6.7,0.5,-0.16,0.001,0.5,0.5009,3.531,3.015,17.7,0.06435,FAIL,FAIL,FAIL
458,VOS +1 mV,100,5,7.4,6.7,0.5,-0.16,0.001,0.5,0.5009,5.546,5.015,10.92,0.05069,FAIL,FAIL,FAIL
459,VOS +1 mV,100,8,7.4,6.7,0.5,-0.16,0.001,0.5,0.5009,8.116,8.021,1.445,0.04175,PASS,PASS,PASS
460,VOS +1 mV,100,3,7.4,6.7,1,-0.16,0.001,1,1.001,3.491,3.017,16.38,0.05226,FAIL,PASS,FAIL
461,VOS +1 mV,100,5,7.4,6.7,1,-0.16,0.001,1,1.001,5.079,5.012,1.587,0.041,PASS,PASS,PASS
462,VOS +1 mV,100,8,7.4,6.7,1,-0.16,0.001,1,1.001,8.033,8.014,0.418,0.03292,PASS,PASS,PASS
463,VOS +1 mV,100,3,7.4,6.7,2,-0.16,0.001,2,2.004,3.532,3.019,17.74,0.06919,FAIL,FAIL,FAIL
464,VOS +1 mV,100,5,7.4,6.7,2,-0.16,0.001,2,2.004,5.873,5.02,17.47,0.05487,FAIL,FAIL,FAIL
465,VOS +1 mV,100,8,7.4,6.7,2,-0.16,0.001,2,2.004,8.186,8.021,2.321,0.04522,PASS,PASS,PASS
466,VOS +1 mV,100,3,7.4,6.7,5,-0.16,0.001,5,5.006,3.496,3.011,16.53,0.05317,FAIL,PASS,FAIL
467,VOS +1 mV,100,5,7.4,6.7,5,-0.16,0.001,5,5.006,5.079,5.01,1.576,0.04189,PASS,PASS,PASS
468,VOS +1 mV,100,8,7.4,6.7,5,-0.16,0.001,5,5.006,8.031,8.01,0.388,0.0336,PASS,PASS,PASS
469,VOS +1 mV,100,3,7.4,6.7,0.5,-0.14,0.001,0.5,0.5009,3.48,3.014,16,0.05607,FAIL,PASS,FAIL
470,VOS +1 mV,100,5,7.4,6.7,0.5,-0.14,0.001,0.5,0.5009,5.389,5.015,7.781,0.04405,PASS,PASS,PASS
471,VOS +1 mV,100,8,7.4,6.7,0.5,-0.14,0.001,0.5,0.5009,8.115,8.022,1.432,0.0361,PASS,PASS,PASS
472,VOS +1 mV,100,3,7.4,6.7,1,-0.14,0.001,1,1.001,3.415,3.014,13.84,0.0448,FAIL,PASS,PASS
473,VOS +1 mV,100,5,7.4,6.7,1,-0.14,0.001,1,1.001,5.076,5.016,1.518,0.03536,PASS,PASS,PASS
474,VOS +1 mV,100,8,7.4,6.7,1,-0.14,0.001,1,1.001,8.03,8.014,0.3702,0.02865,PASS,PASS,PASS
475,VOS +1 mV,100,3,7.4,6.7,2,-0.14,0.001,2,2.004,3.492,3.021,16.38,0.05976,FAIL,PASS,FAIL
476,VOS +1 mV,100,5,7.4,6.7,2,-0.14,0.001,2,2.004,5.71,5.019,14.21,0.04775,FAIL,FAIL,PASS
477,VOS +1 mV,100,8,7.4,6.7,2,-0.14,0.001,2,2.004,8.178,8.02,2.228,0.03931,PASS,PASS,PASS
478,VOS +1 mV,100,3,7.4,6.7,5,-0.14,0.001,5,5.006,3.423,3.01,14.09,0.04667,FAIL,PASS,PASS
479,VOS +1 mV,100,5,7.4,6.7,5,-0.14,0.001,5,5.006,5.077,5.003,1.54,0.03613,PASS,PASS,PASS
480,VOS +1 mV,100,8,7.4,6.7,5,-0.14,0.001,5,5.006,8.032,8.009,0.398,0.02932,PASS,PASS,PASS
481,VOS +1 mV,100,3,7.4,6.7,0.5,-0.12,0.001,0.5,0.5009,3.419,3.018,13.98,0.04773,FAIL,PASS,PASS
482,VOS +1 mV,100,5,7.4,6.7,0.5,-0.12,0.001,0.5,0.5009,5.307,5.016,6.142,0.03782,PASS,PASS,PASS
483,VOS +1 mV,100,8,7.4,6.7,0.5,-0.12,0.001,0.5,0.5009,8.11,8.021,1.374,0.03093,PASS,PASS,PASS
484,VOS +1 mV,100,3,7.4,6.7,1,-0.12,0.001,1,1.001,3.323,3.019,10.76,0.03844,FAIL,PASS,PASS
485,VOS +1 mV,100,5,7.4,6.7,1,-0.12,0.001,1,1.001,5.075,5.016,1.499,0.03015,PASS,PASS,PASS
486,VOS +1 mV,100,8,7.4,6.7,1,-0.12,0.001,1,1.001,8.033,8.014,0.4113,0.02452,PASS,PASS,PASS
487,VOS +1 mV,100,3,7.4,6.7,2,-0.12,0.001,2,2.004,3.43,3.025,14.32,0.05034,FAIL,PASS,FAIL
488,VOS +1 mV,100,5,7.4,6.7,2,-0.12,0.001,2,2.004,5.518,5.018,10.37,0.04083,FAIL,FAIL,PASS
489,VOS +1 mV,100,8,7.4,6.7,2,-0.12,0.001,2,2.004,8.172,8.019,2.147,0.03344,PASS,PASS,PASS
490,VOS +1 mV,100,3,7.4,6.7,5,-0.12,0.001,5,5.006,3.336,3.011,11.19,0.0398,FAIL,PASS,PASS
491,VOS +1 mV,100,5,7.4,6.7,5,-0.12,0.001,5,5.006,5.073,5.005,1.459,0.03104,PASS,PASS,PASS
492,VOS +1 mV,100,8,7.4,6.7,5,-0.12,0.001,5,5.006,8.029,8.012,0.3611,0.0249,PASS,PASS,PASS
493,VOS +1 mV,100,3,7.4,6.7,0.5,-0.1,0.001,0.5,0.5009,3.354,3.015,11.81,0.03875,FAIL,PASS,PASS
494,VOS +1 mV,100,5,7.4,6.7,0.5,-0.1,0.001,0.5,0.5009,5.255,5.016,5.106,0.03098,PASS,PASS,PASS
495,VOS +1 mV,100,8,7.4,6.7,0.5,-0.1,0.001,0.5,0.5009,8.104,8.019,1.295,0.02582,PASS,PASS,PASS
496,VOS +1 mV,100,3,7.4,6.7,1,-0.1,0.001,1,1.001,3.241,3.017,8.029,0.03166,PASS,PASS,PASS
497,VOS +1 mV,100,5,7.4,6.7,1,-0.1,0.001,1,1.001,5.072,5.016,1.436,0.02451,PASS,PASS,PASS
498,VOS +1 mV,100,8,7.4,6.7,1,-0.1,0.001,1,1.001,8.028,8.013,0.3511,0.02024,PASS,PASS,PASS
499,VOS +1 mV,100,3,7.4,6.7,2,-0.1,0.001,2,2.004,3.366,3.021,12.21,0.04185,FAIL,PASS,PASS
500,VOS +1 mV,100,5,7.4,6.7,2,-0.1,0.001,2,2.004,5.39,5.02,7.794,0.03368,PASS,PASS,PASS
501,VOS +1 mV,100,8,7.4,6.7,2,-0.1,0.001,2,2.004,8.163,8.02,2.034,0.02804,PASS,PASS,PASS
502,VOS +1 mV,100,3,7.4,6.7,5,-0.1,0.001,5,5.006,3.245,3.01,8.151,0.03328,PASS,PASS,PASS
503,VOS +1 mV,100,5,7.4,6.7,5,-0.1,0.001,5,5.006,5.073,5.01,1.465,0.02608,PASS,PASS,PASS
504,VOS +1 mV,100,8,7.4,6.7,5,-0.1,0.001,5,5.006,8.033,8.009,0.4118,0.02103,PASS,PASS,PASS
505,VOS +1 mV,100,3,7.4,6.7,0.5,-0.08,0.001,0.5,0.5009,3.278,3.015,9.27,0.03086,PASS,PASS,PASS
506,VOS +1 mV,100,5,7.4,6.7,0.5,-0.08,0.001,0.5,0.5009,5.202,5.016,4.046,0.02488,PASS,PASS,PASS
507,VOS +1 mV,100,8,7.4,6.7,0.5,-0.08,0.001,0.5,0.5009,8.095,8.017,1.187,0.02049,PASS,PASS,PASS
508,VOS +1 mV,100,3,7.4,6.7,1,-0.08,0.001,1,1.001,3.185,3.017,6.183,0.02595,PASS,PASS,PASS
509,VOS +1 mV,100,5,7.4,6.7,1,-0.08,0.001,1,1.001,5.066,5.015,1.323,0.01961,PASS,PASS,PASS
510,VOS +1 mV,100,8,7.4,6.7,1,-0.08,0.001,1,1.001,8.029,8.017,0.365,0.01636,PASS,PASS,PASS
511,VOS +1 mV,100,3,7.4,6.7,2,-0.08,0.001,2,2.004,3.3,3.021,9.988,0.03312,PASS,PASS,PASS
512,VOS +1 mV,100,5,7.4,6.7,2,-0.08,0.001,2,2.004,5.287,5.019,5.738,0.02674,PASS,PASS,PASS
513,VOS +1 mV,100,8,7.4,6.7,2,-0.08,0.001,2,2.004,8.148,8.02,1.848,0.0224,PASS,PASS,PASS
514,VOS +1 mV,100,3,7.4,6.7,5,-0.08,0.001,5,5.006,3.189,3.011,6.309,0.0266,PASS,PASS,PASS
515,VOS +1 mV,100,5,7.4,6.7,5,-0.08,0.001,5,5.006,5.064,5.007,1.287,0.02077,PASS,PASS,PASS
516,VOS +1 mV,100,8,7.4,6.7,5,-0.08,0.001,5,5.006,8.03,8.011,0.3804,0.01697,PASS,PASS,PASS
517,VOS +1 mV,100,3,7.4,6.7,0.5,-0.06,0.001,0.5,0.5009,3.208,3.015,6.92,0.0232,PASS,PASS,PASS
518,VOS +1 mV,100,5,7.4,6.7,0.5,-0.06,0.001,0.5,0.5009,5.161,5.016,3.213,0.0188,PASS,PASS,PASS
519,VOS +1 mV,100,8,7.4,6.7,0.5,-0.06,0.001,0.5,0.5009,8.085,8.017,1.057,0.01564,PASS,PASS,PASS
520,VOS +1 mV,100,3,7.4,6.7,1,-0.06,0.001,1,1.001,3.138,3.017,4.606,0.01981,PASS,PASS,PASS
521,VOS +1 mV,100,5,7.4,6.7,1,-0.06,0.001,1,1.001,5.057,5.013,1.14,0.01507,PASS,PASS,PASS
522,VOS +1 mV,100,8,7.4,6.7,1,-0.06,0.001,1,1.001,8.03,8.014,0.3793,0.01228,PASS,PASS,PASS
523,VOS +1 mV,100,3,7.4,6.7,2,-0.06,0.001,2,2.004,3.223,3.022,7.432,0.02576,PASS,PASS,PASS
524,VOS +1 mV,100,5,7.4,6.7,2,-0.06,0.001,2,2.004,5.214,5.02,4.281,0.02046,PASS,PASS,PASS
525,VOS +1 mV,100,8,7.4,6.7,2,-0.06,0.001,2,2.004,8.128,8.02,1.596,0.01718,PASS,PASS,PASS
526,VOS +1 mV,100,3,7.4,6.7,5,-0.06,0.001,5,5.006,3.142,3.009,4.719,0.02076,PASS,PASS,PASS
527,VOS +1 mV,100,5,7.4,6.7,5,-0.06,0.001,5,5.006,5.06,5.008,1.195,0.01601,PASS,PASS,PASS
528,VOS +1 mV,100,8,7.4,6.7,5,-0.06,0.001,5,5.006,8.027,8.013,0.3348,0.01309,PASS,PASS,PASS
529,VOS +1 mV,100,3,7.4,6.7,0.5,-0.04,0.001,0.5,0.5009,3.141,3.018,4.715,0.0165,PASS,PASS,PASS
530,VOS +1 mV,100,5,7.4,6.7,0.5,-0.04,0.001,0.5,0.5009,5.114,5.015,2.27,0.01318,PASS,PASS,PASS
531,VOS +1 mV,100,8,7.4,6.7,0.5,-0.04,0.001,0.5,0.5009,8.073,8.02,0.9107,0.01062,PASS,PASS,PASS
532,VOS +1 mV,100,3,7.4,6.7,1,-0.04,0.001,1,1.001,3.101,3.017,3.366,0.01391,PASS,PASS,PASS
533,VOS +1 mV,100,5,7.4,6.7,1,-0.04,0.001,1,1.001,5.05,5.014,0.9967,0.01014,PASS,PASS,PASS
534,VOS +1 mV,100,8,7.4,6.7,1,-0.04,0.001,1,1.001,8.025,8.014,0.3096,0.008353,PASS,PASS,PASS
535,VOS +1 mV,100,3,7.4,6.7,2,-0.04,0.001,2,2.004,3.154,3.022,5.128,0.01829,PASS,PASS,PASS
536,VOS +1 mV,100,5,7.4,6.7,2,-0.04,0.001,2,2.004,5.152,5.018,3.038,0.0144,PASS,PASS,PASS
537,VOS +1 mV,100,8,7.4,6.7,2,-0.04,0.001,2,2.004,8.104,8.02,1.294,0.0121,PASS,PASS,PASS
538,VOS +1 mV,100,3,7.4,6.7,5,-0.04,0.001,5,5.006,3.107,3.005,3.56,0.01484,PASS,PASS,PASS
539,VOS +1 mV,100,5,7.4,6.7,5,-0.04,0.001,5,5.006,5.048,5.005,0.9666,0.01106,PASS,PASS,PASS
540,VOS +1 mV,100,8,7.4,6.7,5,-0.04,0.001,5,5.006,8.028,8.012,0.3539,0.008933,PASS,PASS,PASS
541,VOS +1 mV,100,3,7.4,6.7,0.5,-0.02,0.001,0.5,0.5009,3.08,3.016,2.659,0.009546,PASS,PASS,PASS
542,VOS +1 mV,100,5,7.4,6.7,0.5,-0.02,0.001,0.5,0.5009,5.071,5.015,1.427,0.007068,PASS,PASS,PASS
543,VOS +1 mV,100,8,7.4,6.7,0.5,-0.02,0.001,0.5,0.5009,8.053,8.017,0.6681,0.006129,PASS,PASS,PASS
544,VOS +1 mV,100,3,7.4,6.7,1,-0.02,0.001,1,1.001,3.069,3.012,2.285,0.008145,PASS,PASS,PASS
545,VOS +1 mV,100,5,7.4,6.7,1,-0.02,0.001,1,1.001,5.039,5.014,0.7719,0.006099,PASS,PASS,PASS
546,VOS +1 mV,100,8,7.4,6.7,1,-0.02,0.001,1,1.001,8.024,8.013,0.3018,0.004881,PASS,PASS,PASS
547,VOS +1 mV,100,3,7.4,6.7,2,-0.02,0.001,2,2.004,3.087,3.021,2.914,0.01191,PASS,PASS,PASS
548,VOS +1 mV,100,5,7.4,6.7,2,-0.02,0.001,2,2.004,5.091,5.016,1.82,0.008445,PASS,PASS,PASS
549,VOS +1 mV,100,8,7.4,6.7,2,-0.02,0.001,2,2.004,8.074,8.023,0.9242,0.006871,PASS,PASS,PASS
550,VOS +1 mV,100,3,7.4,6.7,5,-0.02,0.001,5,5.006,3.071,3.009,2.379,0.01015,PASS,PASS,PASS
551,VOS +1 mV,100,5,7.4,6.7,5,-0.02,0.001,5,5.006,5.04,5.005,0.7949,0.006752,PASS,PASS,PASS
552,VOS +1 mV,100,8,7.4,6.7,5,-0.02,0.001,5,5.006,8.026,8.013,0.3248,0.00529,PASS,PASS,PASS
553,VOS +1 mV,100,3,7.4,6.7,0.5,0,0.001,0.5,0.5009,3.028,3.018,0.946,0.005958,PASS,PASS,PASS
554,VOS +1 mV,100,5,7.4,6.7,0.5,0,0.001,0.5,0.5009,5.031,5.018,0.6216,0.005958,PASS,PASS,PASS
555,VOS +1 mV,100,8,7.4,6.7,0.5,0,0.001,0.5,0.5009,8.033,8.019,0.4086,0.005958,PASS,PASS,PASS
556,VOS +1 mV,100,3,7.4,6.7,1,0,0.001,1,1.001,3.036,3.016,1.204,0.006199,PASS,PASS,PASS
557,VOS +1 mV,100,5,7.4,6.7,1,0,0.001,1,1.001,5.024,5.015,0.4726,0.004214,PASS,PASS,PASS
558,VOS +1 mV,100,8,7.4,6.7,1,0,0.001,1,1.001,8.02,8.016,0.2553,0.004214,PASS,PASS,PASS
559,VOS +1 mV,100,3,7.4,6.7,2,0,0.001,2,2.004,3.026,3.022,0.8815,0.006878,PASS,PASS,PASS
560,VOS +1 mV,100,5,7.4,6.7,2,0,0.001,2,2.004,5.034,5.016,0.6736,0.003617,PASS,PASS,PASS
561,VOS +1 mV,100,8,7.4,6.7,2,0,0.001,2,2.004,8.041,8.022,0.5159,0.002979,PASS,PASS,PASS
562,VOS +1 mV,100,3,7.4,6.7,5,0,0.001,5,5.006,3.038,3.005,1.27,0.006924,PASS,PASS,PASS
563,VOS +1 mV,100,5,7.4,6.7,5,0,0.001,5,5.006,5.029,5.007,0.5842,0.003721,PASS,PASS,PASS
564,VOS +1 mV,100,8,7.4,6.7,5,0,0.001,5,5.006,8.024,8.01,0.2954,0.002339,PASS,PASS,PASS
565,VOS +1 mV,100,3,7.4,6.7,0.5,0.02,0.001,0.5,0.5009,2.976,3.021,-0.8142,0.008888,PASS,PASS,PASS
566,VOS +1 mV,100,5,7.4,6.7,0.5,0.02,0.001,0.5,0.5009,4.986,5.019,0.386,0.005958,PASS,PASS,PASS
567,VOS +1 mV,100,8,7.4,6.7,0.5,0.02,0.001,0.5,0.5009,8.008,8.021,0.2687,0.005958,PASS,PASS,PASS
568,VOS +1 mV,100,3,7.4,6.7,1,0.02,0.001,1,1.001,3.005,3.014,0.4665,0.008948,PASS,PASS,PASS
569,VOS +1 mV,100,5,7.4,6.7,1,0.02,0.001,1,1.001,5.007,5.014,0.2727,0.004923,PASS,PASS,PASS
570,VOS +1 mV,100,8,7.4,6.7,1,0.02,0.001,1,1.001,8.015,8.014,0.1857,0.004214,PASS,PASS,PASS
571,VOS +1 mV,100,3,7.4,6.7,2,0.02,0.001,2,2.004,2.973,3.023,-0.908,0.009848,PASS,PASS,PASS
572,VOS +1 mV,100,5,7.4,6.7,2,0.02,0.001,2,2.004,4.978,5.017,-0.4394,0.006144,PASS,PASS,PASS
573,VOS +1 mV,100,8,7.4,6.7,2,0.02,0.001,2,2.004,8.001,8.023,0.2814,0.004385,PASS,PASS,PASS
574,VOS +1 mV,100,3,7.4,6.7,5,0.02,0.001,5,5.006,3.009,3.009,0.2986,0.00899,PASS,PASS,PASS
575,VOS +1 mV,100,5,7.4,6.7,5,0.02,0.001,5,5.006,5.01,5.005,0.1969,0.005224,PASS,PASS,PASS
576,VOS +1 mV,100,8,7.4,6.7,5,0.02,0.001,5,5.006,8.017,8.012,0.2064,0.003519,PASS,PASS,PASS
577,VOS +1 mV,100,3,7.4,6.7,0.5,0.04,0.001,0.5,0.5009,2.929,3.016,-2.35,0.01483,PASS,PASS,PASS
578,VOS +1 mV,100,5,7.4,6.7,0.5,0.04,0.001,0.5,0.5009,4.941,5.016,-1.186,0.01077,PASS,PASS,PASS
579,VOS +1 mV,100,8,7.4,6.7,0.5,0.04,0.001,0.5,0.5009,7.973,8.018,-0.3347,0.008409,PASS,PASS,PASS
580,VOS +1 mV,100,3,7.4,6.7,1,0.04,0.001,1,1.001,2.973,3.017,-0.8967,0.01239,PASS,PASS,PASS
581,VOS +1 mV,100,5,7.4,6.7,1,0.04,0.001,1,1.001,4.99,5.014,0.2749,0.008758,PASS,PASS,PASS
582,VOS +1 mV,100,8,7.4,6.7,1,0.04,0.001,1,1.001,8.01,8.012,0.1472,0.006897,PASS,PASS,PASS
583,VOS +1 mV,100,3,7.4,6.7,2,0.04,0.001,2,2.004,2.922,3.022,-2.597,0.01589,PASS,PASS,PASS
584,VOS +1 mV,100,5,7.4,6.7,2,0.04,0.001,2,2.004,4.925,5.017,-1.492,0.01159,PASS,PASS,PASS
585,VOS +1 mV,100,8,7.4,6.7,2,0.04,0.001,2,2.004,7.96,8.021,-0.494,0.008705,PASS,PASS,PASS
586,VOS +1 mV,100,3,7.4,6.7,5,0.04,0.001,5,5.006,2.98,3.006,-0.6607,0.01372,PASS,PASS,PASS
587,VOS +1 mV,100,5,7.4,6.7,5,0.04,0.001,5,5.006,4.991,5.007,-0.1795,0.00932,PASS,PASS,PASS
588,VOS +1 mV,100,8,7.4,6.7,5,0.04,0.001,5,5.006,8.01,8.012,0.1527,0.007076,PASS,PASS,PASS
589,VOS +1 mV,100,3,7.4,6.7,0.5,0.06,0.001,0.5,0.5009,2.889,3.015,-3.707,0.02175,PASS,PASS,PASS
590,VOS +1 mV,100,5,7.4,6.7,0.5,0.06,0.001,0.5,0.5009,4.898,5.019,-2.048,0.01618,PASS,PASS,PASS
591,VOS +1 mV,100,8,7.4,6.7,0.5,0.06,0.001,0.5,0.5009,7.94,8.019,-0.747,0.01282,PASS,PASS,PASS
592,VOS +1 mV,100,3,7.4,6.7,1,0.06,0.001,1,1.001,2.944,3.016,-1.873,0.01769,PASS,PASS,PASS
593,VOS +1 mV,100,5,7.4,6.7,1,0.06,0.001,1,1.001,4.972,5.013,-0.5661,0.01311,PASS,PASS,PASS
594,VOS +1 mV,100,8,7.4,6.7,1,0.06,0.001,1,1.001,8,8.012,0.1527,0.01032,PASS,PASS,PASS
595,VOS +1 mV,100,3,7.4,6.7,2,0.06,0.001,2,2.004,2.869,3.019,-4.365,0.02208,PASS,PASS,PASS
596,VOS +1 mV,100,5,7.4,6.7,2,0.06,0.001,2,2.004,4.872,5.018,-2.564,0.01715,PASS,PASS,PASS
597,VOS +1 mV,100,8,7.4,6.7,2,0.06,0.001,2,2.004,7.913,8.02,-1.083,0.01331,PASS,PASS,PASS
598,VOS +1 mV,100,3,7.4,6.7,5,0.06,0.001,5,5.006,2.948,3.007,-1.725,0.01799,PASS,PASS,PASS
599,VOS +1 mV,100,5,7.4,6.7,5,0.06,0.001,5,5.006,4.972,5.004,-0.5626,0.01304,PASS,PASS,PASS
600,VOS +1 mV,100,8,7.4,6.7,5,0.06,0.001,5,5.006,8.005,8.011,0.1416,0.01043,PASS,PASS,PASS
601,VOS +1 mV,100,3,7.4,6.7,0.5,0.08,0.001,0.5,0.5009,2.846,3.02,-5.145,0.02661,PASS,PASS,PASS
602,VOS +1 mV,100,5,7.4,6.7,0.5,0.08,0.001,0.5,0.5009,4.855,5.016,-2.894,0.02148,PASS,PASS,PASS
603,VOS +1 mV,100,8,7.4,6.7,0.5,0.08,0.001,0.5,0.5009,7.9,8.02,-1.252,0.01679,PASS,PASS,PASS
604,VOS +1 mV,100,3,7.4,6.7,1,0.08,0.001,1,1.001,2.914,3.014,-2.873,0.02229,PASS,PASS,PASS
605,VOS +1 mV,100,5,7.4,6.7,1,0.08,0.001,1,1.001,4.944,5.013,-1.114,0.01716,PASS,PASS,PASS
606,VOS +1 mV,100,8,7.4,6.7,1,0.08,0.001,1,1.001,7.994,8.014,0.181,0.01366,PASS,PASS,PASS
607,VOS +1 mV,100,3,7.4,6.7,2,0.08,0.001,2,2.004,2.825,3.02,-5.838,0.02901,PASS,PASS,PASS
608,VOS +1 mV,100,5,7.4,6.7,2,0.08,0.001,2,2.004,4.821,5.017,-3.586,0.02262,PASS,PASS,PASS
609,VOS +1 mV,100,8,7.4,6.7,2,0.08,0.001,2,2.004,7.864,8.023,-1.7,0.01792,PASS,PASS,PASS
610,VOS +1 mV,100,3,7.4,6.7,5,0.08,0.001,5,5.006,2.921,3.006,-2.62,0.0229,PASS,PASS,PASS
611,VOS +1 mV,100,5,7.4,6.7,5,0.08,0.001,5,5.006,4.949,5.007,-1.027,0.0173,PASS,PASS,PASS
612,VOS +1 mV,100,8,7.4,6.7,5,0.08,0.001,5,5.006,7.994,8.013,0.163,0.01368,PASS,PASS,PASS
613,VOS +1 mV,100,3,7.4,6.7,0.5,0.1,0.001,0.5,0.5009,2.809,3.016,-6.375,0.03368,PASS,PASS,PASS
614,VOS +1 mV,100,5,7.4,6.7,0.5,0.1,0.001,0.5,0.5009,4.81,5.018,-3.797,0.02604,PASS,PASS,PASS
615,VOS +1 mV,100,8,7.4,6.7,0.5,0.1,0.001,0.5,0.5009,7.859,8.018,-1.763,0.02115,PASS,PASS,PASS
616,VOS +1 mV,100,3,7.4,6.7,1,0.1,0.001,1,1.001,2.888,3.016,-3.737,0.02609,PASS,PASS,PASS
617,VOS +1 mV,100,5,7.4,6.7,1,0.1,0.001,1,1.001,4.924,5.013,-1.527,0.02053,PASS,PASS,PASS
618,VOS +1 mV,100,8,7.4,6.7,1,0.1,0.001,1,1.001,7.978,8.012,-0.2696,0.0168,PASS,PASS,PASS
619,VOS +1 mV,100,3,7.4,6.7,2,0.1,0.001,2,2.004,2.784,3.019,-7.186,0.03532,PASS,PASS,PASS
620,VOS +1 mV,100,5,7.4,6.7,2,0.1,0.001,2,2.004,4.775,5.017,-4.507,0.02743,PASS,PASS,PASS
621,VOS +1 mV,100,8,7.4,6.7,2,0.1,0.001,2,2.004,7.814,8.021,-2.324,0.0222,PASS,PASS,PASS
622,VOS +1 mV,100,3,7.4,6.7,5,0.1,0.001,5,5.006,2.896,3.011,-3.462,0.02734,PASS,PASS,PASS
623,VOS +1 mV,100,5,7.4,6.7,5,0.1,0.001,5,5.006,4.922,5.003,-1.565,0.0212,PASS,PASS,PASS
624,VOS +1 mV,100,8,7.4,6.7,5,0.1,0.001,5,5.006,7.98,8.013,-0.256,0.01697,PASS,PASS,PASS
625,VOS +1 mV,100,3,7.4,6.7,0.5,0.12,0.001,0.5,0.5009,2.771,3.02,-7.641,0.03849,PASS,PASS,PASS
626,VOS +1 mV,100,5,7.4,6.7,0.5,0.12,0.001,0.5,0.5009,4.768,5.018,-4.641,0.03059,PASS,PASS,PASS
627,VOS +1 mV,100,8,7.4,6.7,0.5,0.12,0.001,0.5,0.5009,7.818,8.017,-2.279,0.02479,PASS,PASS,PASS
628,VOS +1 mV,100,3,7.4,6.7,1,0.12,0.001,1,1.001,2.86,3.017,-4.677,0.03153,PASS,PASS,PASS
629,VOS +1 mV,100,5,7.4,6.7,1,0.12,0.001,1,1.001,4.896,5.012,-2.079,0.02431,PASS,PASS,PASS
630,VOS +1 mV,100,8,7.4,6.7,1,0.12,0.001,1,1.001,7.963,8.012,-0.465,0.02001,PASS,PASS,PASS
631,VOS +1 mV,100,3,7.4,6.7,2,0.12,0.001,2,2.004,2.739,3.021,-8.715,0.04094,PASS,PASS,PASS
632,VOS +1 mV,100,5,7.4,6.7,2,0.12,0.001,2,2.004,4.724,5.018,-5.517,0.03275,PASS,PASS,PASS
633,VOS +1 mV,100,8,7.4,6.7,2,0.12,0.001,2,2.004,7.76,8.018,-2.994,0.02669,PASS,PASS,PASS
634,VOS +1 mV,100,3,7.4,6.7,5,0.12,0.001,5,5.006,2.868,3.011,-4.412,0.03177,PASS,PASS,PASS
635,VOS +1 mV,100,5,7.4,6.7,5,0.12,0.001,5,5.006,4.898,5.004,-2.047,0.02504,PASS,PASS,PASS
636,VOS +1 mV,100,8,7.4,6.7,5,0.12,0.001,5,5.006,7.963,8.011,-0.4644,0.02001,PASS,PASS,PASS
637,VOS +1 mV,100,3,7.4,6.7,0.5,0.14,0.001,0.5,0.5009,2.735,3.014,-8.846,0.04447,PASS,PASS,PASS
638,VOS +1 mV,100,5,7.4,6.7,0.5,0.14,0.001,0.5,0.5009,4.723,5.016,-5.54,0.03542,PASS,PASS,PASS
639,VOS +1 mV,100,8,7.4,6.7,0.5,0.14,0.001,0.5,0.5009,7.774,8.017,-2.829,0.02867,PASS,PASS,PASS
640,VOS +1 mV,100,3,7.4,6.7,1,0.14,0.001,1,1.001,2.834,3.017,-5.549,0.03552,PASS,PASS,PASS
641,VOS +1 mV,100,5,7.4,6.7,1,0.14,0.001,1,1.001,4.868,5.016,-2.637,0.02826,PASS,PASS,PASS
642,VOS +1 mV,100,8,7.4,6.7,1,0.14,0.001,1,1.001,7.941,8.014,-0.7324,0.02313,PASS,PASS,PASS
643,VOS +1 mV,100,3,7.4,6.7,2,0.14,0.001,2,2.004,2.705,3.019,-9.835,0.04767,PASS,PASS,PASS
644,VOS +1 mV,100,5,7.4,6.7,2,0.14,0.001,2,2.004,4.677,5.021,-6.453,0.03795,PASS,PASS,PASS
645,VOS +1 mV,100,8,7.4,6.7,2,0.14,0.001,2,2.004,7.711,8.02,-3.609,0.03052,PASS,PASS,PASS
646,VOS +1 mV,100,3,7.4,6.7,5,0.14,0.001,5,5.006,2.843,3.01,-5.247,0.03637,PASS,PASS,PASS
647,VOS +1 mV,100,5,7.4,6.7,5,0.14,0.001,5,5.006,4.87,5.008,-2.59,0.02851,PASS,PASS,PASS
648,VOS +1 mV,100,8,7.4,6.7,5,0.14,0.001,5,5.006,7.945,8.009,-0.693,0.02324,PASS,PASS,PASS
649,VOS +1 mV,100,3,7.4,6.7,0.5,0.16,0.001,0.5,0.5009,2.703,3.015,-9.897,0.04934,PASS,PASS,PASS
650,VOS +1 mV,100,5,7.4,6.7,0.5,0.16,0.001,0.5,0.5009,4.685,5.018,-6.302,0.03918,PASS,PASS,PASS
651,VOS +1 mV,100,8,7.4,6.7,0.5,0.16,0.001,0.5,0.5009,7.727,8.022,-3.411,0.0323,PASS,PASS,PASS
652,VOS +1 mV,100,3,7.4,6.7,1,0.16,0.001,1,1.001,2.806,3.019,-6.466,0.04042,PASS,PASS,PASS
653,VOS +1 mV,100,5,7.4,6.7,1,0.16,0.001,1,1.001,4.839,5.013,-3.21,0.03198,PASS,PASS,PASS
654,VOS +1 mV,100,8,7.4,6.7,1,0.16,0.001,1,1.001,7.921,8.012,-0.9819,0.02585,PASS,PASS,PASS
655,VOS +1 mV,100,3,7.4,6.7,2,0.16,0.001,2,2.004,2.666,3.021,-11.12,0.05367,FAIL,PASS,FAIL
656,VOS +1 mV,100,5,7.4,6.7,2,0.16,0.001,2,2.004,4.63,5.018,-7.401,0.04208,PASS,PASS,PASS
657,VOS +1 mV,100,8,7.4,6.7,2,0.16,0.001,2,2.004,7.656,8.019,-4.296,0.03465,PASS,PASS,PASS
658,VOS +1 mV,100,3,7.4,6.7,5,0.16,0.001,5,5.006,2.817,3.007,-6.097,0.0414,PASS,PASS,PASS
659,VOS +1 mV,100,5,7.4,6.7,5,0.16,0.001,5,5.006,4.84,5.01,-3.193,0.03218,PASS,PASS,PASS
660,VOS +1 mV,100,8,7.4,6.7,5,0.16,0.001,5,5.006,7.924,8.012,-0.9525,0.02612,PASS,PASS,PASS
661,VOS +1 mV,100,3,7.4,6.7,0.5,0.18,0.001,0.5,0.5009,2.665,3.021,-11.17,0.05451,FAIL,PASS,FAIL
662,VOS +1 mV,100,5,7.4,6.7,0.5,0.18,0.001,0.5,0.5009,4.643,5.016,-7.141,0.04356,PASS,PASS,PASS
663,VOS +1 mV,100,8,7.4,6.7,0.5,0.18,0.001,0.5,0.5009,7.681,8.02,-3.988,0.03589,PASS,PASS,PASS
664,VOS +1 mV,100,3,7.4,6.7,1,0.18,0.001,1,1.001,2.783,3.017,-7.245,0.04451,PASS,PASS,PASS
665,VOS +1 mV,100,5,7.4,6.7,1,0.18,0.001,1,1.001,4.81,5.015,-3.795,0.03555,PASS,PASS,PASS
666,VOS +1 mV,100,8,7.4,6.7,1,0.18,0.001,1,1.001,7.896,8.012,-1.298,0.0289,PASS,PASS,PASS
667,VOS +1 mV,100,3,7.4,6.7,2,0.18,0.001,2,2.004,2.631,3.018,-12.32,0.05879,FAIL,PASS,FAIL
668,VOS +1 mV,100,5,7.4,6.7,2,0.18,0.001,2,2.004,4.584,5.017,-8.311,0.04696,PASS,PASS,PASS
669,VOS +1 mV,100,8,7.4,6.7,2,0.18,0.001,2,2.004,7.603,8.02,-4.968,0.0386,PASS,PASS,PASS
670,VOS +1 mV,100,3,7.4,6.7,5,0.18,0.001,5,5.006,2.795,3.011,-6.846,0.04482,PASS,PASS,PASS
671,VOS +1 mV,100,5,7.4,6.7,5,0.18,0.001,5,5.006,4.815,5.01,-3.691,0.03563,PASS,PASS,PASS
672,VOS +1 mV,100,8,7.4,6.7,5,0.18,0.001,5,5.006,7.899,8.012,-1.266,0.02918,PASS,PASS,PASS
673,VOS +1 mV,100,3,7.4,6.7,0.5,0.2,0.001,0.5,0.5009,2.634,3.014,-12.21,0.06031,FAIL,PASS,FAIL
674,VOS +1 mV,100,5,7.4,6.7,0.5,0.2,0.001,0.5,0.5009,4.603,5.018,-7.943,0.04797,PASS,PASS,PASS
675,VOS +1 mV,100,8,7.4,6.7,0.5,0.2,0.001,0.5,0.5009,7.634,8.017,-4.574,0.0392,PASS,PASS,PASS
676,VOS +1 mV,100,3,7.4,6.7,1,0.2,0.001,1,1.001,2.757,3.013,-8.105,0.04832,PASS,PASS,PASS
677,VOS +1 mV,100,5,7.4,6.7,1,0.2,0.001,1,1.001,4.781,5.012,-4.372,0.03871,PASS,PASS,PASS
678,VOS +1 mV,100,8,7.4,6.7,1,0.2,0.001,1,1.001,7.868,8.012,-1.655,0.03155,PASS,PASS,PASS
679,VOS +1 mV,100,3,7.4,6.7,2,0.2,0.001,2,2.004,2.589,3.02,-13.68,0.06316,FAIL,PASS,FAIL
680,VOS +1 mV,100,5,7.4,6.7,2,0.2,0.001,2,2.004,4.54,5.017,-9.192,0.05101,PASS,PASS,FAIL
681,VOS +1 mV,100,8,7.4,6.7,2,0.2,0.001,2,2.004,7.551,8.021,-5.615,0.04221,PASS,PASS,PASS
682,VOS +1 mV,100,3,7.4,6.7,5,0.2,0.001,5,5.006,2.774,3.009,-7.533,0.04976,PASS,PASS,PASS
683,VOS +1 mV,100,5,7.4,6.7,5,0.2,0.001,5,5.006,4.787,5.01,-4.259,0.03892,PASS,PASS,PASS
684,VOS +1 mV,100,8,7.4,6.7,5,0.2,0.001,5,5.006,7.872,8.009,-1.599,0.03199,PASS,PASS,PASS
685,VOS +1 mV,100,3,7.4,6.7,0.5,0.22,0.001,0.5,0.5009,2.603,3.021,-13.23,0.06458,FAIL,PASS,FAIL
686,VOS +1 mV,100,5,7.4,6.7,0.5,0.22,0.001,0.5,0.5009,4.563,5.02,-8.745,0.05194,PASS,PASS,FAIL
687,VOS +1 mV,100,8,7.4,6.7,0.5,0.22,0.001,0.5,0.5009,7.589,8.017,-5.134,0.04233,PASS,PASS,PASS
688,VOS +1 mV,100,3,7.4,6.7,1,0.22,0.001,1,1.001,2.732,3.019,-8.918,0.05295,PASS,PASS,FAIL
689,VOS +1 mV,100,5,7.4,6.7,1,0.22,0.001,1,1.001,4.752,5.015,-4.956,0.04193,PASS,PASS,PASS
690,VOS +1 mV,100,8,7.4,6.7,1,0.22,0.001,1,1.001,7.839,8.014,-2.013,0.03412,PASS,PASS,PASS
691,VOS +1 mV,100,3,7.4,6.7,2,0.22,0.001,2,2.004,2.562,3.021,-14.61,0.06885,FAIL,PASS,FAIL
692,VOS +1 mV,100,5,7.4,6.7,2,0.22,0.001,2,2.004,4.497,5.016,-10.05,0.05534,FAIL,FAIL,FAIL
693,VOS +1 mV,100,8,7.4,6.7,2,0.22,0.001,2,2.004,7.5,8.021,-6.25,0.04546,PASS,FAIL,PASS
694,VOS +1 mV,100,3,7.4,6.7,5,0.22,0.001,5,5.006,2.746,3.01,-8.475,0.05335,PASS,PASS,FAIL
695,VOS +1 mV,100,5,7.4,6.7,5,0.22,0.001,5,5.006,4.759,5.009,-4.82,0.04261,PASS,PASS,PASS
696,VOS +1 mV,100,8,7.4,6.7,5,0.22,0.001,5,5.006,7.845,8.009,-1.937,0.03432,PASS,PASS,PASS
697,VOS +1 mV,100,3,7.4,6.7,0.5,0.24,0.001,0.5,0.5009,2.571,3.018,-14.29,0.06877,FAIL,PASS,FAIL
698,VOS +1 mV,100,5,7.4,6.7,0.5,0.24,0.001,0.5,0.5009,4.524,5.015,-9.522,0.05566,PASS,PASS,FAIL
699,VOS +1 mV,100,8,7.4,6.7,0.5,0.24,0.001,0.5,0.5009,7.542,8.019,-5.722,0.04552,PASS,PASS,PASS
700,VOS +1 mV,100,3,7.4,6.7,1,0.24,0.001,1,1.001,2.711,3.017,-9.63,0.05647,PASS,PASS,FAIL
701,VOS +1 mV,100,5,7.4,6.7,1,0.24,0.001,1,1.001,4.723,5.014,-5.53,0.04537,PASS,PASS,PASS
702,VOS +1 mV,100,8,7.4,6.7,1,0.24,0.001,1,1.001,7.809,8.016,-2.39,0.03668,PASS,PASS,PASS
703,VOS +1 mV,100,3,7.4,6.7,2,0.24,0.001,2,2.004,2.531,3.018,-15.64,0.07458,FAIL,PASS,FAIL
704,VOS +1 mV,100,5,7.4,6.7,2,0.24,0.001,2,2.004,4.457,5.021,-10.86,0.05974,FAIL,FAIL,FAIL
705,VOS +1 mV,100,8,7.4,6.7,2,0.24,0.001,2,2.004,7.45,8.021,-6.879,0.04902,PASS,FAIL,PASS
706,VOS +1 mV,100,3,7.4,6.7,5,0.24,0.001,5,5.006,2.726,3.009,-9.15,0.05751,PASS,PASS,FAIL
707,VOS +1 mV,100,5,7.4,6.7,5,0.24,0.001,5,5.006,4.729,5.007,-5.414,0.045,PASS,PASS,PASS
708,VOS +1 mV,100,8,7.4,6.7,5,0.24,0.001,5,5.006,7.816,8.012,-2.301,0.0369,PASS,PASS,PASS
709,VOS +1 mV,100,3,7.4,6.7,0.5,0.26,0.001,0.5,0.5009,2.541,3.021,-15.32,0.07441,FAIL,PASS,FAIL
710,VOS +1 mV,100,5,7.4,6.7,0.5,0.26,0.001,0.5,0.5009,4.487,5.016,-10.26,0.05971,FAIL,FAIL,FAIL
711,VOS +1 mV,100,8,7.4,6.7,0.5,0.26,0.001,0.5,0.5009,7.499,8.018,-6.264,0.04876,PASS,FAIL,PASS
712,VOS +1 mV,100,3,7.4,6.7,1,0.26,0.001,1,1.001,2.687,3.014,-10.44,0.05991,FAIL,PASS,FAIL
713,VOS +1 mV,100,5,7.4,6.7,1,0.26,0.001,1,1.001,4.694,5.016,-6.113,0.04829,PASS,PASS,PASS
714,VOS +1 mV,100,8,7.4,6.7,1,0.26,0.001,1,1.001,7.779,8.014,-2.768,0.03927,PASS,PASS,PASS
715,VOS +1 mV,100,3,7.4,6.7,2,0.26,0.001,2,2.004,2.498,3.019,-16.74,0.07907,FAIL,FAIL,FAIL
716,VOS +1 mV,100,5,7.4,6.7,2,0.26,0.001,2,2.004,4.416,5.021,-11.68,0.0636,FAIL,FAIL,FAIL
717,VOS +1 mV,100,8,7.4,6.7,2,0.26,0.001,2,2.004,7.399,8.024,-7.518,0.0523,PASS,FAIL,FAIL
718,VOS +1 mV,100,3,7.4,6.7,5,0.26,0.001,5,5.006,2.703,3.009,-9.899,0.06126,PASS,PASS,FAIL
719,VOS +1 mV,100,5,7.4,6.7,5,0.26,0.001,5,5.006,4.704,5.01,-5.921,0.04824,PASS,PASS,PASS
720,VOS +1 mV,100,8,7.4,6.7,5,0.26,0.001,5,5.006,7.784,8.012,-2.7,0.03952,PASS,PASS,PASS
721,VOS +1 mV,100,3,7.4,6.7,0.5,0.28,0.001,0.5,0.5009,2.512,3.02,-16.26,0.07774,FAIL,PASS,FAIL
722,VOS +1 mV,100,5,7.4,6.7,0.5,0.28,0.001,0.5,0.5009,4.449,5.015,-11.03,0.06309,FAIL,FAIL,FAIL
723,VOS +1 mV,100,8,7.4,6.7,0.5,0.28,0.001,0.5,0.5009,7.453,8.02,-6.832,0.05142,PASS,FAIL,FAIL
724,VOS +1 mV,100,3,7.4,6.7,1,0.28,0.001,1,1.001,2.662,3.017,-11.26,0.06391,FAIL,PASS,FAIL
725,VOS +1 mV,100,5,7.4,6.7,1,0.28,0.001,1,1.001,4.666,5.015,-6.671,0.05074,PASS,PASS,FAIL
726,VOS +1 mV,100,8,7.4,6.7,1,0.28,0.001,1,1.001,7.749,8.012,-3.133,0.04168,PASS,PASS,PASS
727,VOS +1 mV,100,3,7.4,6.7,2,0.28,0.001,2,2.004,2.47,3.019,-17.68,0.08408,FAIL,FAIL,FAIL
728,VOS +1 mV,100,5,7.4,6.7,2,0.28,0.001,2,2.004,4.374,5.019,-12.52,0.06732,FAIL,FAIL,FAIL
729,VOS +1 mV,100,8,7.4,6.7,2,0.28,0.001,2,2.004,7.349,8.019,-8.142,0.05544,PASS,FAIL,FAIL
730,VOS +1 mV,100,3,7.4,6.7,5,0.28,0.001,5,5.006,2.679,3.011,-10.69,0.06505,FAIL,PASS,FAIL
731,VOS +1 mV,100,5,7.4,6.7,5,0.28,0.001,5,5.006,4.675,5.007,-6.507,0.05125,PASS,PASS,FAIL
732,VOS +1 mV,100,8,7.4,6.7,5,0.28,0.001,5,5.006,7.754,8.013,-3.075,0.04176,PASS,PASS,PASS
733,VOS +1 mV,100,3,7.4,6.7,0.5,0.3,0.001,0.5,0.5009,2.489,3.015,-17.03,0.08228,FAIL,FAIL,FAIL
734,VOS +1 mV,100,5,7.4,6.7,0.5,0.3,0.001,0.5,0.5009,4.413,5.015,-11.73,0.06639,FAIL,FAIL,FAIL
735,VOS +1 mV,100,8,7.4,6.7,0.5,0.3,0.001,0.5,0.5009,7.407,8.021,-7.411,0.05446,PASS,FAIL,FAIL
736,VOS +1 mV,100,3,7.4,6.7,1,0.3,0.001,1,1.001,2.64,3.016,-12.01,0.06768,FAIL,PASS,FAIL
737,VOS +1 mV,100,5,7.4,6.7,1,0.3,0.001,1,1.001,4.638,5.012,-7.245,0.05393,PASS,PASS,FAIL
738,VOS +1 mV,100,8,7.4,6.7,1,0.3,0.001,1,1.001,7.716,8.017,-3.549,0.04389,PASS,PASS,PASS
739,VOS +1 mV,100,3,7.4,6.7,2,0.3,0.001,2,2.004,2.437,3.02,-18.76,0.08783,FAIL,FAIL,FAIL
740,VOS +1 mV,100,5,7.4,6.7,2,0.3,0.001,2,2.004,4.335,5.016,-13.3,0.07098,FAIL,FAIL,FAIL
741,VOS +1 mV,100,8,7.4,6.7,2,0.3,0.001,2,2.004,7.301,8.022,-8.741,0.05842,PASS,FAIL,FAIL
742,VOS +1 mV,100,3,7.4,6.7,5,0.3,0.001,5,5.006,2.662,3.011,-11.28,0.0683,FAIL,PASS,FAIL
743,VOS +1 mV,100,5,7.4,6.7,5,0.3,0.001,5,5.006,4.648,5.012,-7.049,0.05416,PASS,PASS,FAIL
744,VOS +1 mV,100,8,7.4,6.7,5,0.3,0.001,5,5.006,7.721,8.011,-3.493,0.04432,PASS,PASS,PASS
745,VOS -1 mV,100,3,7.4,6.7,0.5,-0.3,-0.001,0.5,0.4991,3.729,3.008,24.3,0.1343,FAIL,FAIL,FAIL
746,VOS -1 mV,100,5,7.4,6.7,0.5,-0.3,-0.001,0.5,0.4991,6.313,5.003,26.26,0.1051,FAIL,FAIL,FAIL
747,VOS -1 mV,100,8,7.4,6.7,0.5,-0.3,-0.001,0.5,0.4991,10.15,7.994,26.84,0.08253,FAIL,FAIL,FAIL
748,VOS -1 mV,100,3,7.4,6.7,1,-0.3,-0.001,1,0.9987,3.724,3.012,24.12,0.1085,FAIL,FAIL,FAIL
749,VOS -1 mV,100,5,7.4,6.7,1,-0.3,-0.001,1,0.9987,6.294,5.004,25.89,0.08503,FAIL,FAIL,FAIL
750,VOS -1 mV,100,8,7.4,6.7,1,-0.3,-0.001,1,0.9987,8.011,7.999,0.1429,0.06681,PASS,PASS,FAIL
751,VOS -1 mV,100,3,7.4,6.7,2,-0.3,-0.001,2,1.996,3.73,3.01,24.32,0.1416,FAIL,FAIL,FAIL
752,VOS -1 mV,100,5,7.4,6.7,2,-0.3,-0.001,2,1.996,6.315,5.005,26.29,0.1131,FAIL,FAIL,FAIL
753,VOS -1 mV,100,8,7.4,6.7,2,-0.3,-0.001,2,1.996,10.17,7.996,27.11,0.08883,FAIL,FAIL,FAIL
754,VOS -1 mV,100,3,7.4,6.7,5,-0.3,-0.001,5,4.993,3.721,2.999,24.03,0.105,FAIL,FAIL,FAIL
755,VOS -1 mV,100,5,7.4,6.7,5,-0.3,-0.001,5,4.993,6.293,5.001,25.87,0.08621,FAIL,FAIL,FAIL
756,VOS -1 mV,100,8,7.4,6.7,5,-0.3,-0.001,5,4.993,8.009,7.997,0.1137,0.06739,PASS,PASS,FAIL
757,VOS -1 mV,100,3,7.4,6.7,0.5,-0.28,-0.001,0.5,0.4991,3.707,3.011,23.57,0.1229,FAIL,FAIL,FAIL
758,VOS -1 mV,100,5,7.4,6.7,0.5,-0.28,-0.001,0.5,0.4991,6.277,5.003,25.55,0.09622,FAIL,FAIL,FAIL
759,VOS -1 mV,100,8,7.4,6.7,0.5,-0.28,-0.001,0.5,0.4991,10.04,7.997,25.48,0.07566,FAIL,FAIL,FAIL
760,VOS -1 mV,100,3,7.4,6.7,1,-0.28,-0.001,1,0.9987,3.702,3.011,23.38,0.09896,FAIL,FAIL,FAIL
761,VOS -1 mV,100,5,7.4,6.7,1,-0.28,-0.001,1,0.9987,6.248,5.003,24.97,0.07775,FAIL,FAIL,FAIL
762,VOS -1 mV,100,8,7.4,6.7,1,-0.28,-0.001,1,0.9987,8.007,7.999,0.08694,0.0608,PASS,PASS,FAIL
763,VOS -1 mV,100,3,7.4,6.7,2,-0.28,-0.001,2,1.996,3.706,3.014,23.54,0.1314,FAIL,FAIL,FAIL
764,VOS -1 mV,100,5,7.4,6.7,2,-0.28,-0.001,2,1.996,6.28,5.002,25.6,0.1032,FAIL,FAIL,FAIL
765,VOS -1 mV,100,8,7.4,6.7,2,-0.28,-0.001,2,1.996,10.09,7.994,26.12,0.08112,FAIL,FAIL,FAIL
766,VOS -1 mV,100,3,7.4,6.7,5,-0.28,-0.001,5,4.993,3.7,2.999,23.32,0.09703,FAIL,FAIL,FAIL
767,VOS -1 mV,100,5,7.4,6.7,5,-0.28,-0.001,5,4.993,6.25,4.998,25.01,0.07875,FAIL,FAIL,FAIL
768,VOS -1 mV,100,8,7.4,6.7,5,-0.28,-0.001,5,4.993,8.009,7.995,0.1079,0.06147,PASS,PASS,FAIL
769,VOS -1 mV,100,3,7.4,6.7,0.5,-0.26,-0.001,0.5,0.4991,3.687,3.008,22.91,0.1124,FAIL,FAIL,FAIL
770,VOS -1 mV,100,5,7.4,6.7,0.5,-0.26,-0.001,0.5,0.4991,6.236,5.003,24.71,0.08748,FAIL,FAIL,FAIL
771,VOS -1 mV,100,8,7.4,6.7,0.5,-0.26,-0.001,0.5,0.4991,8.074,7.995,0.9231,0.06857,PASS,PASS,FAIL
772,VOS -1 mV,100,3,7.4,6.7,1,-0.26,-0.001,1,0.9987,3.679,3.009,22.63,0.08933,FAIL,FAIL,FAIL
773,VOS -1 mV,100,5,7.4,6.7,1,-0.26,-0.001,1,0.9987,6.175,5.004,23.5,0.07031,FAIL,FAIL,FAIL
774,VOS -1 mV,100,8,7.4,6.7,1,-0.26,-0.001,1,0.9987,8.012,7.999,0.1441,0.05534,PASS,PASS,FAIL
775,VOS -1 mV,100,3,7.4,6.7,2,-0.26,-0.001,2,1.996,3.685,3.011,22.84,0.1194,FAIL,FAIL,FAIL
776,VOS -1 mV,100,5,7.4,6.7,2,-0.26,-0.001,2,1.996,6.241,5.005,24.82,0.09381,FAIL,FAIL,FAIL
777,VOS -1 mV,100,8,7.4,6.7,2,-0.26,-0.001,2,1.996,9.975,7.994,24.69,0.0741,FAIL,FAIL,FAIL
778,VOS -1 mV,100,3,7.4,6.7,5,-0.26,-0.001,5,4.993,3.68,3.004,22.67,0.08975,FAIL,FAIL,FAIL
779,VOS -1 mV,100,5,7.4,6.7,5,-0.26,-0.001,5,4.993,6.177,4.997,23.53,0.07159,FAIL,FAIL,FAIL
780,VOS -1 mV,100,8,7.4,6.7,5,-0.26,-0.001,5,4.993,8.009,7.996,0.1144,0.05599,PASS,PASS,FAIL
781,VOS -1 mV,100,3,7.4,6.7,0.5,-0.24,-0.001,0.5,0.4991,3.663,3.008,22.11,0.1008,FAIL,FAIL,FAIL
782,VOS -1 mV,100,5,7.4,6.7,0.5,-0.24,-0.001,0.5,0.4991,6.184,5.003,23.67,0.0789,FAIL,FAIL,FAIL
783,VOS -1 mV,100,8,7.4,6.7,0.5,-0.24,-0.001,0.5,0.4991,8.073,7.997,0.9153,0.06226,PASS,PASS,FAIL
784,VOS -1 mV,100,3,7.4,6.7,1,-0.24,-0.001,1,0.9987,3.651,3.011,21.69,0.08137,FAIL,FAIL,FAIL
785,VOS -1 mV,100,5,7.4,6.7,1,-0.24,-0.001,1,0.9987,5.065,5.007,1.297,0.06337,PASS,PASS,FAIL
786,VOS -1 mV,100,8,7.4,6.7,1,-0.24,-0.001,1,0.9987,8.011,7.999,0.1413,0.05004,PASS,PASS,FAIL
787,VOS -1 mV,100,3,7.4,6.7,2,-0.24,-0.001,2,1.996,3.663,3.011,22.1,0.1078,FAIL,FAIL,FAIL
788,VOS -1 mV,100,5,7.4,6.7,2,-0.24,-0.001,2,1.996,6.194,5.005,23.88,0.08507,FAIL,FAIL,FAIL
789,VOS -1 mV,100,8,7.4,6.7,2,-0.24,-0.001,2,1.996,8.132,7.996,1.654,0.06714,PASS,PASS,FAIL
790,VOS -1 mV,100,3,7.4,6.7,5,-0.24,-0.001,5,4.993,3.651,3,21.7,0.08331,FAIL,FAIL,FAIL
791,VOS -1 mV,100,5,7.4,6.7,5,-0.24,-0.001,5,4.993,5.067,4.996,1.344,0.06507,PASS,PASS,FAIL
792,VOS -1 mV,100,8,7.4,6.7,5,-0.24,-0.001,5,4.993,8.009,7.996,0.1138,0.05079,PASS,PASS,FAIL
793,VOS -1 mV,100,3,7.4,6.7,0.5,-0.22,-0.001,0.5,0.4991,3.633,3.011,21.1,0.09155,FAIL,FAIL,FAIL
794,VOS -1 mV,100,5,7.4,6.7,0.5,-0.22,-0.001,0.5,0.4991,6.117,5.005,22.33,0.07117,FAIL,FAIL,FAIL
795,VOS -1 mV,100,8,7.4,6.7,0.5,-0.22,-0.001,0.5,0.4991,8.073,7.994,0.9078,0.05595,PASS,PASS,FAIL
796,VOS -1 mV,100,3,7.4,6.7,1,-0.22,-0.001,1,0.9987,3.62,3.012,20.68,0.07291,FAIL,FAIL,FAIL
797,VOS -1 mV,100,5,7.4,6.7,1,-0.22,-0.001,1,0.9987,5.062,5.004,1.249,0.05713,PASS,PASS,FAIL
798,VOS -1 mV,100,8,7.4,6.7,1,-0.22,-0.001,1,0.9987,8.011,7.999,0.1423,0.04486,PASS,PASS,PASS
799,VOS -1 mV,100,3,7.4,6.7,2,-0.22,-0.001,2,1.996,3.637,3.011,21.24,0.09644,FAIL,FAIL,FAIL
800,VOS -1 mV,100,5,7.4,6.7,2,-0.22,-0.001,2,1.996,6.133,5.006,22.66,0.07587,FAIL,FAIL,FAIL
801,VOS -1 mV,100,8,7.4,6.7,2,-0.22,-0.001,2,1.996,8.129,7.995,1.61,0.06045,PASS,PASS,FAIL
802,VOS -1 mV,100,3,7.4,6.7,5,-0.22,-0.001,5,4.993,3.623,3.005,20.76,0.07511,FAIL,FAIL,FAIL
803,VOS -1 mV,100,5,7.4,6.7,5,-0.22,-0.001,5,4.993,5.065,5.001,1.292,0.05818,PASS,PASS,FAIL
804,VOS -1 mV,100,8,7.4,6.7,5,-0.22,-0.001,5,4.993,8.008,7.997,0.1061,0.0456,PASS,PASS,PASS
805,VOS -1 mV,100,3,7.4,6.7,0.5,-0.2,-0.001,0.5,0.4991,3.603,3.008,20.1,0.08117,FAIL,FAIL,FAIL
806,VOS -1 mV,100,5,7.4,6.7,0.5,-0.2,-0.001,0.5,0.4991,6.02,5.007,20.39,0.06329,FAIL,FAIL,FAIL
807,VOS -1 mV,100,8,7.4,6.7,0.5,-0.2,-0.001,0.5,0.4991,8.071,7.998,0.8937,0.05032,PASS,PASS,FAIL
808,VOS -1 mV,100,3,7.4,6.7,1,-0.2,-0.001,1,0.9987,3.58,3.014,19.34,0.06551,FAIL,FAIL,FAIL
809,VOS -1 mV,100,5,7.4,6.7,1,-0.2,-0.001,1,0.9987,5.062,5.003,1.234,0.05068,PASS,PASS,FAIL
810,VOS -1 mV,100,8,7.4,6.7,1,-0.2,-0.001,1,0.9987,8.007,7.997,0.0843,0.04008,PASS,PASS,PASS
811,VOS -1 mV,100,3,7.4,6.7,2,-0.2,-0.001,2,1.996,3.606,3.011,20.19,0.08623,FAIL,FAIL,FAIL
812,VOS -1 mV,100,5,7.4,6.7,2,-0.2,-0.001,2,1.996,6.06,5.003,21.21,0.06764,FAIL,FAIL,FAIL
813,VOS -1 mV,100,8,7.4,6.7,2,-0.2,-0.001,2,1.996,8.127,7.996,1.583,0.05422,PASS,PASS,FAIL
814,VOS -1 mV,100,3,7.4,6.7,5,-0.2,-0.001,5,4.993,3.586,3.006,19.53,0.06655,FAIL,FAIL,FAIL
815,VOS -1 mV,100,5,7.4,6.7,5,-0.2,-0.001,5,4.993,5.062,4.997,1.243,0.05226,PASS,PASS,FAIL
816,VOS -1 mV,100,8,7.4,6.7,5,-0.2,-0.001,5,4.993,8.007,7.998,0.08491,0.04068,PASS,PASS,PASS
817,VOS -1 mV,100,3,7.4,6.7,0.5,-0.18,-0.001,0.5,0.4991,3.564,3.011,18.79,0.07158,FAIL,FAIL,FAIL
818,VOS -1 mV,100,5,7.4,6.7,0.5,-0.18,-0.001,0.5,0.4991,5.846,5.003,16.93,0.05581,FAIL,FAIL,FAIL
819,VOS -1 mV,100,8,7.4,6.7,0.5,-0.18,-0.001,0.5,0.4991,8.069,7.996,0.8595,0.04448,PASS,PASS,PASS
820,VOS -1 mV,100,3,7.4,6.7,1,-0.18,-0.001,1,0.9987,3.537,3.012,17.91,0.05775,FAIL,FAIL,FAIL
821,VOS -1 mV,100,5,7.4,6.7,1,-0.18,-0.001,1,0.9987,5.063,5.005,1.258,0.04457,PASS,PASS,PASS
822,VOS -1 mV,100,8,7.4,6.7,1,-0.18,-0.001,1,0.9987,8.007,7.999,0.0813,0.03545,PASS,PASS,PASS
823,VOS -1 mV,100,3,7.4,6.7,2,-0.18,-0.001,2,1.996,3.568,3.011,18.92,0.07697,FAIL,FAIL,FAIL
824,VOS -1 mV,100,5,7.4,6.7,2,-0.18,-0.001,2,1.996,5.956,5.003,19.12,0.05975,FAIL,FAIL,FAIL
825,VOS -1 mV,100,8,7.4,6.7,2,-0.18,-0.001,2,1.996,8.124,7.994,1.546,0.04769,PASS,PASS,PASS
826,VOS -1 mV,100,3,7.4,6.7,5,-0.18,-0.001,5,4.993,3.536,3.001,17.86,0.05979,FAIL,FAIL,FAIL
827,VOS -1 mV,100,5,7.4,6.7,5,-0.18,-0.001,5,4.993,5.061,5.002,1.221,0.04608,PASS,PASS,PASS
828,VOS -1 mV,100,8,7.4,6.7,5,-0.18,-0.001,5,4.993,8.009,7.996,0.1096,0.03604,PASS,PASS,PASS
829,VOS -1 mV,100,3,7.4,6.7,0.5,-0.16,-0.001,0.5,0.4991,3.519,3.011,17.3,0.06257,FAIL,FAIL,FAIL
830,VOS -1 mV,100,5,7.4,6.7,0.5,-0.16,-0.001,0.5,0.4991,5.343,5.003,6.87,0.04836,PASS,PASS,PASS
831,VOS -1 mV,100,8,7.4,6.7,0.5,-0.16,-0.001,0.5,0.4991,8.066,7.994,0.8277,0.03887,PASS,PASS,PASS
832,VOS -1 mV,100,3,7.4,6.7,1,-0.16,-0.001,1,0.9987,3.473,3.009,15.78,0.05015,FAIL,PASS,FAIL
833,VOS -1 mV,100,5,7.4,6.7,1,-0.16,-0.001,1,0.9987,5.059,5.002,1.186,0.03928,PASS,PASS,PASS
834,VOS -1 mV,100,8,7.4,6.7,1,-0.16,-0.001,1,0.9987,8.006,7.997,0.07965,0.03115,PASS,PASS,PASS
835,VOS -1 mV,100,3,7.4,6.7,2,-0.16,-0.001,2,1.996,3.526,3.011,17.54,0.06672,FAIL,FAIL,FAIL
836,VOS -1 mV,100,5,7.4,6.7,2,-0.16,-0.001,2,1.996,5.805,5.002,16.1,0.05207,FAIL,FAIL,FAIL
837,VOS -1 mV,100,8,7.4,6.7,2,-0.16,-0.001,2,1.996,8.124,7.994,1.546,0.04198,PASS,PASS,PASS
838,VOS -1 mV,100,3,7.4,6.7,5,-0.16,-0.001,5,4.993,3.478,3,15.95,0.05158,FAIL,PASS,FAIL
839,VOS -1 mV,100,5,7.4,6.7,5,-0.16,-0.001,5,4.993,5.059,5.002,1.173,0.0403,PASS,PASS,PASS
840,VOS -1 mV,100,8,7.4,6.7,5,-0.16,-0.001,5,4.993,8.009,7.996,0.1067,0.03167,PASS,PASS,PASS
841,VOS -1 mV,100,3,7.4,6.7,0.5,-0.14,-0.001,0.5,0.4991,3.469,3.008,15.64,0.05399,FAIL,PASS,FAIL
842,VOS -1 mV,100,5,7.4,6.7,0.5,-0.14,-0.001,0.5,0.4991,5.288,5.003,5.755,0.0416,PASS,PASS,PASS
843,VOS -1 mV,100,8,7.4,6.7,0.5,-0.14,-0.001,0.5,0.4991,8.064,7.996,0.8042,0.0334,PASS,PASS,PASS
844,VOS -1 mV,100,3,7.4,6.7,1,-0.14,-0.001,1,0.9987,3.391,3.014,13.03,0.04371,FAIL,PASS,PASS
845,VOS -1 mV,100,5,7.4,6.7,1,-0.14,-0.001,1,0.9987,5.058,5.004,1.157,0.03357,PASS,PASS,PASS
846,VOS -1 mV,100,8,7.4,6.7,1,-0.14,-0.001,1,0.9987,8.01,7.998,0.1304,0.02674,PASS,PASS,PASS
847,VOS -1 mV,100,3,7.4,6.7,2,-0.14,-0.001,2,1.996,3.479,3.013,15.97,0.05674,FAIL,PASS,FAIL
848,VOS -1 mV,100,5,7.4,6.7,2,-0.14,-0.001,2,1.996,5.585,5.003,11.7,0.04474,FAIL,FAIL,PASS
849,VOS -1 mV,100,8,7.4,6.7,2,-0.14,-0.001,2,1.996,8.116,7.995,1.446,0.0362,PASS,PASS,PASS
850,VOS -1 mV,100,3,7.4,6.7,5,-0.14,-0.001,5,4.993,3.39,3.001,12.99,0.04481,FAIL,PASS,PASS
851,VOS -1 mV,100,5,7.4,6.7,5,-0.14,-0.001,5,4.993,5.057,4.999,1.139,0.03448,PASS,PASS,PASS
852,VOS -1 mV,100,8,7.4,6.7,5,-0.14,-0.001,5,4.993,8.008,7.996,0.103,0.02732,PASS,PASS,PASS
853,VOS -1 mV,100,3,7.4,6.7,0.5,-0.12,-0.001,0.5,0.4991,3.404,3.009,13.46,0.04498,FAIL,PASS,PASS
854,VOS -1 mV,100,5,7.4,6.7,0.5,-0.12,-0.001,0.5,0.4991,5.243,5.003,4.868,0.03503,PASS,PASS,PASS
855,VOS -1 mV,100,8,7.4,6.7,0.5,-0.12,-0.001,0.5,0.4991,8.062,7.994,0.7743,0.02808,PASS,PASS,PASS
856,VOS -1 mV,100,3,7.4,6.7,1,-0.12,-0.001,1,0.9987,3.287,3.011,9.564,0.03614,PASS,PASS,PASS
857,VOS -1 mV,100,5,7.4,6.7,1,-0.12,-0.001,1,0.9987,5.053,5.004,1.061,0.028,PASS,PASS,PASS
858,VOS -1 mV,100,8,7.4,6.7,1,-0.12,-0.001,1,0.9987,8.01,7.996,0.1268,0.02226,PASS,PASS,PASS
859,VOS -1 mV,100,3,7.4,6.7,2,-0.12,-0.001,2,1.996,3.419,3.011,13.98,0.04811,FAIL,PASS,PASS
860,VOS -1 mV,100,5,7.4,6.7,2,-0.12,-0.001,2,1.996,5.408,5.005,8.166,0.03756,PASS,PASS,PASS
861,VOS -1 mV,100,8,7.4,6.7,2,-0.12,-0.001,2,1.996,8.106,7.994,1.324,0.03028,PASS,PASS,PASS
862,VOS -1 mV,100,3,7.4,6.7,5,-0.12,-0.001,5,4.993,3.293,3,9.754,0.03804,PASS,PASS,PASS
863,VOS -1 mV,100,5,7.4,6.7,5,-0.12,-0.001,5,4.993,5.054,4.999,1.089,0.02908,PASS,PASS,PASS
864,VOS -1 mV,100,8,7.4,6.7,5,-0.12,-0.001,5,4.993,8.008,7.996,0.09782,0.02319,PASS,PASS,PASS
865,VOS -1 mV,100,3,7.4,6.7,0.5,-0.1,-0.001,0.5,0.4991,3.332,3.009,11.07,0.03684,FAIL,PASS,PASS
866,VOS -1 mV,100,5,7.4,6.7,0.5,-0.1,-0.001,0.5,0.4991,5.196,5.003,3.927,0.02855,PASS,PASS,PASS
867,VOS -1 mV,100,8,7.4,6.7,0.5,-0.1,-0.001,0.5,0.4991,8.054,7.998,0.679,0.02283,PASS,PASS,PASS
868,VOS -1 mV,100,3,7.4,6.7,1,-0.1,-0.001,1,0.9987,3.212,3.012,7.073,0.02969,PASS,PASS,PASS
869,VOS -1 mV,100,5,7.4,6.7,1,-0.1,-0.001,1,0.9987,5.052,5.003,1.049,0.02266,PASS,PASS,PASS
870,VOS -1 mV,100,8,7.4,6.7,1,-0.1,-0.001,1,0.9987,8.007,7.996,0.08754,0.01843,PASS,PASS,PASS
871,VOS -1 mV,100,3,7.4,6.7,2,-0.1,-0.001,2,1.996,3.35,3.013,11.66,0.03892,FAIL,PASS,PASS
872,VOS -1 mV,100,5,7.4,6.7,2,-0.1,-0.001,2,1.996,5.294,5.003,5.88,0.03098,PASS,PASS,PASS
873,VOS -1 mV,100,8,7.4,6.7,2,-0.1,-0.001,2,1.996,8.095,7.994,1.189,0.02451,PASS,PASS,PASS
874,VOS -1 mV,100,3,7.4,6.7,5,-0.1,-0.001,5,4.993,3.215,2.999,7.157,0.03189,PASS,PASS,PASS
875,VOS -1 mV,100,5,7.4,6.7,5,-0.1,-0.001,5,4.993,5.051,5.001,1.01,0.02368,PASS,PASS,PASS
876,VOS -1 mV,100,8,7.4,6.7,5,-0.1,-0.001,5,4.993,8.008,7.999,0.1043,0.01895,PASS,PASS,PASS
877,VOS -1 mV,100,3,7.4,6.7,0.5,-0.08,-0.001,0.5,0.4991,3.256,3.009,8.532,0.02887,PASS,PASS,PASS
878,VOS -1 mV,100,5,7.4,6.7,0.5,-0.08,-0.001,0.5,0.4991,5.153,5.003,3.068,0.02217,PASS,PASS,PASS
879,VOS -1 mV,100,8,7.4,6.7,0.5,-0.08,-0.001,0.5,0.4991,8.05,7.996,0.6296,0.01795,PASS,PASS,PASS
880,VOS -1 mV,100,3,7.4,6.7,1,-0.08,-0.001,1,0.9987,3.159,3.01,5.31,0.02314,PASS,PASS,PASS
881,VOS -1 mV,100,5,7.4,6.7,1,-0.08,-0.001,1,0.9987,5.047,5.003,0.9308,0.01769,PASS,PASS,PASS
882,VOS -1 mV,100,8,7.4,6.7,1,-0.08,-0.001,1,0.9987,8.006,7.996,0.0763,0.01411,PASS,PASS,PASS
883,VOS -1 mV,100,3,7.4,6.7,2,-0.08,-0.001,2,1.996,3.276,3.016,9.213,0.03073,PASS,PASS,PASS
884,VOS -1 mV,100,5,7.4,6.7,2,-0.08,-0.001,2,1.996,5.222,5.003,4.447,0.02408,PASS,PASS,PASS
885,VOS -1 mV,100,8,7.4,6.7,2,-0.08,-0.001,2,1.996,8.082,7.995,1.021,0.01925,PASS,PASS,PASS
886,VOS -1 mV,100,3,7.4,6.7,5,-0.08,-0.001,5,4.993,3.164,3,5.458,0.02558,PASS,PASS,PASS
887,VOS -1 mV,100,5,7.4,6.7,5,-0.08,-0.001,5,4.993,5.046,4.998,0.917,0.01888,PASS,PASS,PASS
888,VOS -1 mV,100,8,7.4,6.7,5,-0.08,-0.001,5,4.993,8.005,7.997,0.06189,0.01483,PASS,PASS,PASS
889,VOS -1 mV,100,3,7.4,6.7,0.5,-0.06,-0.001,0.5,0.4991,3.18,3.008,6.016,0.02048,PASS,PASS,PASS
890,VOS -1 mV,100,5,7.4,6.7,0.5,-0.06,-0.001,0.5,0.4991,5.114,5.003,2.273,0.01596,PASS,PASS,PASS
891,VOS -1 mV,100,8,7.4,6.7,0.5,-0.06,-0.001,0.5,0.4991,8.036,7.994,0.4502,0.01283,PASS,PASS,PASS
892,VOS -1 mV,100,3,7.4,6.7,1,-0.06,-0.001,1,0.9987,3.118,3.011,3.932,0.01689,PASS,PASS,PASS
893,VOS -1 mV,100,5,7.4,6.7,1,-0.06,-0.001,1,0.9987,5.039,5.004,0.7714,0.01312,PASS,PASS,PASS
894,VOS -1 mV,100,8,7.4,6.7,1,-0.06,-0.001,1,0.9987,8.007,7.999,0.08973,0.01024,PASS,PASS,PASS
895,VOS -1 mV,100,3,7.4,6.7,2,-0.06,-0.001,2,1.996,3.201,3.012,6.7,0.02326,PASS,PASS,PASS
896,VOS -1 mV,100,5,7.4,6.7,2,-0.06,-0.001,2,1.996,5.156,5.006,3.12,0.01777,PASS,PASS,PASS
897,VOS -1 mV,100,8,7.4,6.7,2,-0.06,-0.001,2,1.996,8.062,7.993,0.7811,0.01389,PASS,PASS,PASS
898,VOS -1 mV,100,3,7.4,6.7,5,-0.06,-0.001,5,4.993,3.12,3.003,3.989,0.01959,PASS,PASS,PASS
899,VOS -1 mV,100,5,7.4,6.7,5,-0.06,-0.001,5,4.993,5.041,5,0.8117,0.01408,PASS,PASS,PASS
900,VOS -1 mV,100,8,7.4,6.7,5,-0.06,-0.001,5,4.993,8.005,7.996,0.06447,0.01083,PASS,PASS,PASS
901,VOS -1 mV,100,3,7.4,6.7,0.5,-0.04,-0.001,0.5,0.4991,3.114,3.011,3.802,0.01432,PASS,PASS,PASS
902,VOS -1 mV,100,5,7.4,6.7,0.5,-0.04,-0.001,0.5,0.4991,5.076,5.003,1.52,0.009846,PASS,PASS,PASS
903,VOS -1 mV,100,8,7.4,6.7,0.5,-0.04,-0.001,0.5,0.4991,8.021,7.998,0.2617,0.007798,PASS,PASS,PASS
904,VOS -1 mV,100,3,7.4,6.7,1,-0.04,-0.001,1,0.9987,3.083,3.012,2.767,0.01164,PASS,PASS,PASS
905,VOS -1 mV,100,5,7.4,6.7,1,-0.04,-0.001,1,0.9987,5.03,5.004,0.6075,0.008098,PASS,PASS,PASS
906,VOS -1 mV,100,8,7.4,6.7,1,-0.04,-0.001,1,0.9987,8.003,7.997,0.04104,0.006186,PASS,PASS,PASS
907,VOS -1 mV,100,3,7.4,6.7,2,-0.04,-0.001,2,1.996,3.128,3.01,4.254,0.01602,PASS,PASS,PASS
908,VOS -1 mV,100,5,7.4,6.7,2,-0.04,-0.001,2,1.996,5.099,5.007,1.987,0.01135,PASS,PASS,PASS
909,VOS -1 mV,100,8,7.4,6.7,2,-0.04,-0.001,2,1.996,8.04,7.997,0.4984,0.008899,PASS,PASS,PASS
910,VOS -1 mV,100,3,7.4,6.7,5,-0.04,-0.001,5,4.993,3.087,2.999,2.888,0.01351,PASS,PASS,PASS
911,VOS -1 mV,100,5,7.4,6.7,5,-0.04,-0.001,5,4.993,5.028,4.995,0.5524,0.009295,PASS,PASS,PASS
912,VOS -1 mV,100,8,7.4,6.7,5,-0.04,-0.001,5,4.993,8.001,7.998,-0.02449,0.006848,PASS,PASS,PASS
913,VOS -1 mV,100,3,7.4,6.7,0.5,-0.02,-0.001,0.5,0.4991,3.058,3.009,1.918,0.007292,PASS,PASS,PASS
914,VOS -1 mV,100,5,7.4,6.7,0.5,-0.02,-0.001,0.5,0.4991,5.032,5.003,0.6489,0.005969,PASS,PASS,PASS
915,VOS -1 mV,100,8,7.4,6.7,0.5,-0.02,-0.001,0.5,0.4991,8.006,7.998,0.07504,0.005969,PASS,PASS,PASS
916,VOS -1 mV,100,3,7.4,6.7,1,-0.02,-0.001,1,0.9987,3.053,3.012,1.758,0.006984,PASS,PASS,PASS
917,VOS -1 mV,100,5,7.4,6.7,1,-0.02,-0.001,1,0.9987,5.017,5.004,0.3477,0.00422,PASS,PASS,PASS
918,VOS -1 mV,100,8,7.4,6.7,1,-0.02,-0.001,1,0.9987,8.003,7.999,0.0339,0.00422,PASS,PASS,PASS
919,VOS -1 mV,100,3,7.4,6.7,2,-0.02,-0.001,2,1.996,3.063,3.011,2.11,0.008475,PASS,PASS,PASS
920,VOS -1 mV,100,5,7.4,6.7,2,-0.02,-0.001,2,1.996,5.043,5.005,0.8678,0.005317,PASS,PASS,PASS
921,VOS -1 mV,100,8,7.4,6.7,2,-0.02,-0.001,2,1.996,8.012,7.994,0.1455,0.003742,PASS,PASS,PASS
922,VOS -1 mV,100,3,7.4,6.7,5,-0.02,-0.001,5,4.993,3.056,2.999,1.85,0.007512,PASS,PASS,PASS
923,VOS -1 mV,100,5,7.4,6.7,5,-0.02,-0.001,5,4.993,5.021,4.997,0.416,0.004979,PASS,PASS,PASS
924,VOS -1 mV,100,8,7.4,6.7,5,-0.02,-0.001,5,4.993,8.002,7.997,-0.03301,0.003358,PASS,PASS,PASS
925,VOS -1 mV,100,3,7.4,6.7,0.5,0,-0.001,0.5,0.4991,3.003,3.013,0.4412,0.005969,PASS,PASS,PASS
926,VOS -1 mV,100,5,7.4,6.7,0.5,0,-0.001,0.5,0.4991,4.991,5.006,-0.1762,0.005969,PASS,PASS,PASS
927,VOS -1 mV,100,8,7.4,6.7,0.5,0,-0.001,0.5,0.4991,7.98,7.999,-0.2503,0.005969,PASS,PASS,PASS
928,VOS -1 mV,100,3,7.4,6.7,1,0,-0.001,1,0.9987,3.021,3.014,0.6966,0.005884,PASS,PASS,PASS
929,VOS -1 mV,100,5,7.4,6.7,1,0,-0.001,1,0.9987,5.004,5.003,0.0886,0.00422,PASS,PASS,PASS
930,VOS -1 mV,100,8,7.4,6.7,1,0,-0.001,1,0.9987,7.998,7.997,-0.03844,0.00422,PASS,PASS,PASS
931,VOS -1 mV,100,3,7.4,6.7,2,0,-0.001,2,1.996,2.997,3.012,0.3912,0.006355,PASS,PASS,PASS
932,VOS -1 mV,100,5,7.4,6.7,2,0,-0.001,2,1.996,4.987,5.006,-0.2544,0.00338,PASS,PASS,PASS
933,VOS -1 mV,100,8,7.4,6.7,2,0,-0.001,2,1.996,7.975,7.992,-0.3145,0.002985,PASS,PASS,PASS
934,VOS -1 mV,100,3,7.4,6.7,5,0,-0.001,5,4.993,3.024,3.004,0.8127,0.00705,PASS,PASS,PASS
935,VOS -1 mV,100,5,7.4,6.7,5,0,-0.001,5,4.993,5.007,4.998,0.1399,0.003902,PASS,PASS,PASS
936,VOS -1 mV,100,8,7.4,6.7,5,0,-0.001,5,4.993,7.998,7.996,-0.05178,0.001902,PASS,PASS,PASS
937,VOS -1 mV,100,3,7.4,6.7,0.5,0.02,-0.001,0.5,0.4991,2.956,3.009,-1.476,0.01087,PASS,PASS,PASS
938,VOS -1 mV,100,5,7.4,6.7,0.5,0.02,-0.001,0.5,0.4991,4.948,5.003,-1.039,0.008457,PASS,PASS,PASS
939,VOS -1 mV,100,8,7.4,6.7,0.5,0.02,-0.001,0.5,0.4991,7.952,7.999,-0.6018,0.006992,PASS,PASS,PASS
940,VOS -1 mV,100,3,7.4,6.7,1,0.02,-0.001,1,0.9987,2.987,3.014,0.4701,0.009001,PASS,PASS,PASS
941,VOS -1 mV,100,5,7.4,6.7,1,0.02,-0.001,1,0.9987,4.99,5.004,-0.2068,0.006364,PASS,PASS,PASS
942,VOS -1 mV,100,8,7.4,6.7,1,0.02,-0.001,1,0.9987,7.989,7.997,-0.1346,0.005379,PASS,PASS,PASS
943,VOS -1 mV,100,3,7.4,6.7,2,0.02,-0.001,2,1.996,2.949,3.008,-1.71,0.011,PASS,PASS,PASS
944,VOS -1 mV,100,5,7.4,6.7,2,0.02,-0.001,2,1.996,4.937,5.005,-1.262,0.008707,PASS,PASS,PASS
945,VOS -1 mV,100,8,7.4,6.7,2,0.02,-0.001,2,1.996,7.94,7.994,-0.7553,0.007723,PASS,PASS,PASS
946,VOS -1 mV,100,3,7.4,6.7,5,0.02,-0.001,5,4.993,2.994,3.004,-0.186,0.009826,PASS,PASS,PASS
947,VOS -1 mV,100,5,7.4,6.7,5,0.02,-0.001,5,4.993,4.989,4.997,-0.2205,0.006687,PASS,PASS,PASS
948,VOS -1 mV,100,8,7.4,6.7,5,0.02,-0.001,5,4.993,7.994,7.999,-0.07261,0.005459,PASS,PASS,PASS
949,VOS -1 mV,100,3,7.4,6.7,0.5,0.04,-0.001,0.5,0.4991,2.913,3.009,-2.905,0.01703,PASS,PASS,PASS
950,VOS -1 mV,100,5,7.4,6.7,0.5,0.04,-0.001,0.5,0.4991,4.906,5.003,-1.878,0.01379,PASS,PASS,PASS
951,VOS -1 mV,100,8,7.4,6.7,0.5,0.04,-0.001,0.5,0.4991,7.917,7.997,-1.032,0.01154,PASS,PASS,PASS
952,VOS -1 mV,100,3,7.4,6.7,1,0.04,-0.001,1,0.9987,2.962,3.013,-1.271,0.01414,PASS,PASS,PASS
953,VOS -1 mV,100,5,7.4,6.7,1,0.04,-0.001,1,0.9987,4.968,5.005,-0.6304,0.01042,PASS,PASS,PASS
954,VOS -1 mV,100,8,7.4,6.7,1,0.04,-0.001,1,0.9987,7.985,8,-0.1932,0.008981,PASS,PASS,PASS
955,VOS -1 mV,100,3,7.4,6.7,2,0.04,-0.001,2,1.996,2.895,3.012,-3.506,0.01778,PASS,PASS,PASS
956,VOS -1 mV,100,5,7.4,6.7,2,0.04,-0.001,2,1.996,4.885,5.005,-2.304,0.01451,PASS,PASS,PASS
957,VOS -1 mV,100,8,7.4,6.7,2,0.04,-0.001,2,1.996,7.894,7.994,-1.33,0.01226,PASS,PASS,PASS
958,VOS -1 mV,100,3,7.4,6.7,5,0.04,-0.001,5,4.993,2.964,3.004,-1.212,0.01409,PASS,PASS,PASS
959,VOS -1 mV,100,5,7.4,6.7,5,0.04,-0.001,5,4.993,4.97,4.995,-0.6019,0.0108,PASS,PASS,PASS
960,VOS -1 mV,100,8,7.4,6.7,5,0.04,-0.001,5,4.993,7.984,7.998,-0.2001,0.00915,PASS,PASS,PASS
961,VOS -1 mV,100,3,7.4,6.7,0.5,0.06,-0.001,0.5,0.4991,2.868,3.011,-4.395,0.02362,PASS,PASS,PASS
962,VOS -1 mV,100,5,7.4,6.7,0.5,0.06,-0.001,0.5,0.4991,4.86,5.006,-2.799,0.01851,PASS,PASS,PASS
963,VOS -1 mV,100,8,7.4,6.7,0.5,0.06,-0.001,0.5,0.4991,7.882,7.997,-1.48,0.01609,PASS,PASS,PASS
964,VOS -1 mV,100,3,7.4,6.7,1,0.06,-0.001,1,0.9987,2.93,3.01,-2.326,0.01866,PASS,PASS,PASS
965,VOS -1 mV,100,5,7.4,6.7,1,0.06,-0.001,1,0.9987,4.947,5.004,-1.052,0.01487,PASS,PASS,PASS
966,VOS -1 mV,100,8,7.4,6.7,1,0.06,-0.001,1,0.9987,7.973,7.999,-0.3428,0.01243,PASS,PASS,PASS
967,VOS -1 mV,100,3,7.4,6.7,2,0.06,-0.001,2,1.996,2.85,3.016,-5.01,0.02451,PASS,PASS,PASS
968,VOS -1 mV,100,5,7.4,6.7,2,0.06,-0.001,2,1.996,4.831,5.006,-3.375,0.02008,PASS,PASS,PASS
969,VOS -1 mV,100,8,7.4,6.7,2,0.06,-0.001,2,1.996,7.849,7.994,-1.888,0.01695,PASS,PASS,PASS
970,VOS -1 mV,100,3,7.4,6.7,5,0.06,-0.001,5,4.993,2.932,3.004,-2.282,0.01934,PASS,PASS,PASS
971,VOS -1 mV,100,5,7.4,6.7,5,0.06,-0.001,5,4.993,4.948,4.998,-1.036,0.01484,PASS,PASS,PASS
972,VOS -1 mV,100,8,7.4,6.7,5,0.06,-0.001,5,4.993,7.976,7.995,-0.3057,0.01272,PASS,PASS,PASS
973,VOS -1 mV,100,3,7.4,6.7,0.5,0.08,-0.001,0.5,0.4991,2.829,3.009,-5.715,0.02951,PASS,PASS,PASS
974,VOS -1 mV,100,5,7.4,6.7,0.5,0.08,-0.001,0.5,0.4991,4.82,5.003,-3.598,0.02361,PASS,PASS,PASS
975,VOS -1 mV,100,8,7.4,6.7,0.5,0.08,-0.001,0.5,0.4991,7.844,7.996,-1.955,0.02018,PASS,PASS,PASS
976,VOS -1 mV,100,3,7.4,6.7,1,0.08,-0.001,1,0.9987,2.902,3.009,-3.283,0.02318,PASS,PASS,PASS
977,VOS -1 mV,100,5,7.4,6.7,1,0.08,-0.001,1,0.9987,4.923,5.004,-1.538,0.01877,PASS,PASS,PASS
978,VOS -1 mV,100,8,7.4,6.7,1,0.08,-0.001,1,0.9987,7.963,7.996,-0.4644,0.01586,PASS,PASS,PASS
979,VOS -1 mV,100,3,7.4,6.7,2,0.08,-0.001,2,1.996,2.804,3.012,-6.53,0.03165,PASS,PASS,PASS
980,VOS -1 mV,100,5,7.4,6.7,2,0.08,-0.001,2,1.996,4.78,5.005,-4.396,0.02532,PASS,PASS,PASS
981,VOS -1 mV,100,8,7.4,6.7,2,0.08,-0.001,2,1.996,7.798,7.996,-2.522,0.02147,PASS,PASS,PASS
982,VOS -1 mV,100,3,7.4,6.7,5,0.08,-0.001,5,4.993,2.907,3.002,-3.104,0.02385,PASS,PASS,PASS
983,VOS -1 mV,100,5,7.4,6.7,5,0.08,-0.001,5,4.993,4.927,4.997,-1.454,0.01878,PASS,PASS,PASS
984,VOS -1 mV,100,8,7.4,6.7,5,0.08,-0.001,5,4.993,7.963,7.996,-0.466,0.01587,PASS,PASS,PASS
985,VOS -1 mV,100,3,7.4,6.7,0.5,0.1,-0.001,0.5,0.4991,2.79,3.012,-6.994,0.03509,PASS,PASS,PASS
986,VOS -1 mV,100,5,7.4,6.7,0.5,0.1,-0.001,0.5,0.4991,4.778,5.004,-4.449,0.02866,PASS,PASS,PASS
987,VOS -1 mV,100,8,7.4,6.7,0.5,0.1,-0.001,0.5,0.4991,7.802,7.996,-2.476,0.02393,PASS,PASS,PASS
988,VOS -1 mV,100,3,7.4,6.7,1,0.1,-0.001,1,0.9987,2.875,3.012,-4.157,0.02833,PASS,PASS,PASS
989,VOS -1 mV,100,5,7.4,6.7,1,0.1,-0.001,1,0.9987,4.898,5.004,-2.049,0.02285,PASS,PASS,PASS
990,VOS -1 mV,100,8,7.4,6.7,1,0.1,-0.001,1,0.9987,7.95,7.997,-0.6266,0.01899,PASS,PASS,PASS
991,VOS -1 mV,100,3,7.4,6.7,2,0.1,-0.001,2,1.996,2.763,3.013,-7.89,0.03741,PASS,PASS,PASS
992,VOS -1 mV,100,5,7.4,6.7,2,0.1,-0.001,2,1.996,4.736,5.005,-5.288,0.03085,PASS,PASS,PASS
993,VOS -1 mV,100,8,7.4,6.7,2,0.1,-0.001,2,1.996,7.748,7.996,-3.148,0.02607,PASS,PASS,PASS
994,VOS -1 mV,100,3,7.4,6.7,5,0.1,-0.001,5,4.993,2.879,3,-4.031,0.02826,PASS,PASS,PASS
995,VOS -1 mV,100,5,7.4,6.7,5,0.1,-0.001,5,4.993,4.903,5,-1.945,0.02313,PASS,PASS,PASS
996,VOS -1 mV,100,8,7.4,6.7,5,0.1,-0.001,5,4.993,7.95,7.994,-0.6303,0.01922,PASS,PASS,PASS
997,VOS -1 mV,100,3,7.4,6.7,0.5,0.12,-0.001,0.5,0.4991,2.752,3.011,-8.28,0.04128,PASS,PASS,PASS
998,VOS -1 mV,100,5,7.4,6.7,0.5,0.12,-0.001,0.5,0.4991,4.734,5.003,-5.321,0.03357,PASS,PASS,PASS
999,VOS -1 mV,100,8,7.4,6.7,0.5,0.12,-0.001,0.5,0.4991,7.761,8,-2.986,0.02807,PASS,PASS,PASS
1000,VOS -1 mV,100,3,7.4,6.7,1,0.12,-0.001,1,0.9987,2.85,3.01,-5.006,0.03251,PASS,PASS,PASS
1001,VOS -1 mV,100,5,7.4,6.7,1,0.12,-0.001,1,0.9987,4.872,5.004,-2.56,0.02619,PASS,PASS,PASS
1002,VOS -1 mV,100,8,7.4,6.7,1,0.12,-0.001,1,0.9987,7.928,8.001,-0.8973,0.02234,PASS,PASS,PASS
1003,VOS -1 mV,100,3,7.4,6.7,2,0.12,-0.001,2,1.996,2.725,3.016,-9.179,0.04352,PASS,PASS,PASS
1004,VOS -1 mV,100,5,7.4,6.7,2,0.12,-0.001,2,1.996,4.685,5.002,-6.302,0.03562,PASS,PASS,PASS
1005,VOS -1 mV,100,8,7.4,6.7,2,0.12,-0.001,2,1.996,7.695,7.994,-3.813,0.02988,PASS,PASS,PASS
1006,VOS -1 mV,100,3,7.4,6.7,5,0.12,-0.001,5,4.993,2.855,3.001,-4.843,0.03319,PASS,PASS,PASS
1007,VOS -1 mV,100,5,7.4,6.7,5,0.12,-0.001,5,4.993,4.873,5,-2.53,0.0266,PASS,PASS,PASS
1008,VOS -1 mV,100,8,7.4,6.7,5,0.12,-0.001,5,4.993,7.93,7.996,-0.8738,0.02239,PASS,PASS,PASS
1009,VOS -1 mV,100,3,7.4,6.7,0.5,0.14,-0.001,0.5,0.4991,2.716,3.009,-9.475,0.04642,PASS,PASS,PASS
1010,VOS -1 mV,100,5,7.4,6.7,0.5,0.14,-0.001,0.5,0.4991,4.692,5.003,-6.166,0.03732,PASS,PASS,PASS
1011,VOS -1 mV,100,8,7.4,6.7,0.5,0.14,-0.001,0.5,0.4991,7.715,7.997,-3.567,0.03181,PASS,PASS,PASS
1012,VOS -1 mV,100,3,7.4,6.7,1,0.14,-0.001,1,0.9987,2.82,3.009,-6.011,0.03768,PASS,PASS,PASS
1013,VOS -1 mV,100,5,7.4,6.7,1,0.14,-0.001,1,0.9987,4.846,5.005,-3.083,0.03002,PASS,PASS,PASS
1014,VOS -1 mV,100,8,7.4,6.7,1,0.14,-0.001,1,0.9987,7.909,8,-1.138,0.02514,PASS,PASS,PASS
1015,VOS -1 mV,100,3,7.4,6.7,2,0.14,-0.001,2,1.996,2.685,3.01,-10.5,0.04987,FAIL,PASS,PASS
1016,VOS -1 mV,100,5,7.4,6.7,2,0.14,-0.001,2,1.996,4.639,5.004,-7.218,0.04038,PASS,PASS,PASS
1017,VOS -1 mV,100,8,7.4,6.7,2,0.14,-0.001,2,1.996,7.644,7.996,-4.453,0.03424,PASS,PASS,PASS
1018,VOS -1 mV,100,3,7.4,6.7,5,0.14,-0.001,5,4.993,2.827,3,-5.782,0.03844,PASS,PASS,PASS
1019,VOS -1 mV,100,5,7.4,6.7,5,0.14,-0.001,5,4.993,4.846,4.999,-3.082,0.03044,PASS,PASS,PASS
1020,VOS -1 mV,100,8,7.4,6.7,5,0.14,-0.001,5,4.993,7.91,7.996,-1.119,0.0252,PASS,PASS,PASS
1021,VOS -1 mV,100,3,7.4,6.7,0.5,0.16,-0.001,0.5,0.4991,2.685,3.009,-10.51,0.05164,FAIL,PASS,FAIL
1022,VOS -1 mV,100,5,7.4,6.7,0.5,0.16,-0.001,0.5,0.4991,4.651,5.003,-6.976,0.04207,PASS,PASS,PASS
1023,VOS -1 mV,100,8,7.4,6.7,0.5,0.16,-0.001,0.5,0.4991,7.673,7.998,-4.093,0.03517,PASS,PASS,PASS
1024,VOS -1 mV,100,3,7.4,6.7,1,0.16,-0.001,1,0.9987,2.797,3.011,-6.779,0.04143,PASS,PASS,PASS
1025,VOS -1 mV,100,5,7.4,6.7,1,0.16,-0.001,1,0.9987,4.817,5.006,-3.655,0.03402,PASS,PASS,PASS
1026,VOS -1 mV,100,8,7.4,6.7,1,0.16,-0.001,1,0.9987,7.884,8.001,-1.453,0.02827,PASS,PASS,PASS
1027,VOS -1 mV,100,3,7.4,6.7,2,0.16,-0.001,2,1.996,2.641,3.015,-11.97,0.05538,FAIL,PASS,FAIL
1028,VOS -1 mV,100,5,7.4,6.7,2,0.16,-0.001,2,1.996,4.594,5.004,-8.128,0.04536,PASS,PASS,PASS
1029,VOS -1 mV,100,8,7.4,6.7,2,0.16,-0.001,2,1.996,7.59,7.996,-5.125,0.03787,PASS,PASS,PASS
1030,VOS -1 mV,100,3,7.4,6.7,5,0.16,-0.001,5,4.993,2.806,3.002,-6.482,0.04198,PASS,PASS,PASS
1031,VOS -1 mV,100,5,7.4,6.7,5,0.16,-0.001,5,4.993,4.819,4.996,-3.619,0.03405,PASS,PASS,PASS
1032,VOS -1 mV,100,8,7.4,6.7,5,0.16,-0.001,5,4.993,7.887,7.998,-1.415,0.02813,PASS,PASS,PASS
1033,VOS -1 mV,100,3,7.4,6.7,0.5,0.18,-0.001,0.5,0.4991,2.646,3.012,-11.79,0.0563,FAIL,PASS,FAIL
1034,VOS -1 mV,100,5,7.4,6.7,0.5,0.18,-0.001,0.5,0.4991,4.611,5.004,-7.779,0.04648,PASS,PASS,PASS
1035,VOS -1 mV,100,8,7.4,6.7,0.5,0.18,-0.001,0.5,0.4991,7.624,7.997,-4.706,0.03863,PASS,PASS,PASS
1036,VOS -1 mV,100,3,7.4,6.7,1,0.18,-0.001,1,0.9987,2.771,3.014,-7.646,0.04573,PASS,PASS,PASS
1037,VOS -1 mV,100,5,7.4,6.7,1,0.18,-0.001,1,0.9987,4.789,5.004,-4.228,0.03713,PASS,PASS,PASS
1038,VOS -1 mV,100,8,7.4,6.7,1,0.18,-0.001,1,0.9987,7.858,7.997,-1.774,0.03082,PASS,PASS,PASS
1039,VOS -1 mV,100,3,7.4,6.7,2,0.18,-0.001,2,1.996,2.61,3.011,-12.99,0.06081,FAIL,PASS,FAIL
1040,VOS -1 mV,100,5,7.4,6.7,2,0.18,-0.001,2,1.996,4.548,5.001,-9.047,0.04957,PASS,PASS,PASS
1041,VOS -1 mV,100,8,7.4,6.7,2,0.18,-0.001,2,1.996,7.541,7.996,-5.741,0.04172,PASS,PASS,PASS
1042,VOS -1 mV,100,3,7.4,6.7,5,0.18,-0.001,5,4.993,2.784,3,-7.201,0.04719,PASS,PASS,PASS
1043,VOS -1 mV,100,5,7.4,6.7,5,0.18,-0.001,5,4.993,4.791,5.002,-4.187,0.03719,PASS,PASS,PASS
1044,VOS -1 mV,100,8,7.4,6.7,5,0.18,-0.001,5,4.993,7.863,7.999,-1.715,0.03114,PASS,PASS,PASS
1045,VOS -1 mV,100,3,7.4,6.7,0.5,0.2,-0.001,0.5,0.4991,2.619,3.007,-12.68,0.06211,FAIL,PASS,FAIL
1046,VOS -1 mV,100,5,7.4,6.7,0.5,0.2,-0.001,0.5,0.4991,4.57,5.004,-8.605,0.05045,PASS,PASS,FAIL
1047,VOS -1 mV,100,8,7.4,6.7,0.5,0.2,-0.001,0.5,0.4991,7.577,7.998,-5.285,0.04212,PASS,PASS,PASS
1048,VOS -1 mV,100,3,7.4,6.7,1,0.2,-0.001,1,0.9987,2.747,3.009,-8.445,0.05033,PASS,PASS,FAIL
1049,VOS -1 mV,100,5,7.4,6.7,1,0.2,-0.001,1,0.9987,4.76,5.003,-4.802,0.04052,PASS,PASS,PASS
1050,VOS -1 mV,100,8,7.4,6.7,1,0.2,-0.001,1,0.9987,7.83,7.998,-2.129,0.03365,PASS,PASS,PASS
1051,VOS -1 mV,100,3,7.4,6.7,2,0.2,-0.001,2,1.996,2.577,3.009,-14.11,0.06643,FAIL,PASS,FAIL
1052,VOS -1 mV,100,5,7.4,6.7,2,0.2,-0.001,2,1.996,4.503,5.003,-9.935,0.05403,PASS,PASS,FAIL
1053,VOS -1 mV,100,8,7.4,6.7,2,0.2,-0.001,2,1.996,7.487,7.994,-6.418,0.04525,PASS,FAIL,PASS
1054,VOS -1 mV,100,3,7.4,6.7,5,0.2,-0.001,5,4.993,2.76,3.005,-7.995,0.0504,PASS,PASS,FAIL
1055,VOS -1 mV,100,5,7.4,6.7,5,0.2,-0.001,5,4.993,4.763,4.999,-4.736,0.04098,PASS,PASS,PASS
1056,VOS -1 mV,100,8,7.4,6.7,5,0.2,-0.001,5,4.993,7.834,7.997,-2.071,0.03375,PASS,PASS,PASS
1057,VOS -1 mV,100,3,7.4,6.7,0.5,0.22,-0.001,0.5,0.4991,2.587,3.008,-13.77,0.06657,FAIL,PASS,FAIL
1058,VOS -1 mV,100,5,7.4,6.7,0.5,0.22,-0.001,0.5,0.4991,4.533,5.003,-9.342,0.0541,PASS,PASS,FAIL
1059,VOS -1 mV,100,8,7.4,6.7,0.5,0.22,-0.001,0.5,0.4991,7.532,7.997,-5.847,0.04541,PASS,PASS,PASS
1060,VOS -1 mV,100,3,7.4,6.7,1,0.22,-0.001,1,0.9987,2.719,3.012,-9.352,0.05388,PASS,PASS,FAIL
1061,VOS -1 mV,100,5,7.4,6.7,1,0.22,-0.001,1,0.9987,4.731,5.004,-5.378,0.04362,PASS,PASS,PASS
1062,VOS -1 mV,100,8,7.4,6.7,1,0.22,-0.001,1,0.9987,7.804,8,-2.454,0.0364,PASS,PASS,PASS
1063,VOS -1 mV,100,3,7.4,6.7,2,0.22,-0.001,2,1.996,2.544,3.011,-15.22,0.07177,FAIL,PASS,FAIL
1064,VOS -1 mV,100,5,7.4,6.7,2,0.22,-0.001,2,1.996,4.46,5.001,-10.8,0.05835,FAIL,FAIL,FAIL
1065,VOS -1 mV,100,8,7.4,6.7,2,0.22,-0.001,2,1.996,7.437,7.994,-7.035,0.04886,PASS,FAIL,PASS
1066,VOS -1 mV,100,3,7.4,6.7,5,0.22,-0.001,5,4.993,2.736,3,-8.792,0.05461,PASS,PASS,FAIL
1067,VOS -1 mV,100,5,7.4,6.7,5,0.22,-0.001,5,4.993,4.734,4.999,-5.325,0.04391,PASS,PASS,PASS
1068,VOS -1 mV,100,8,7.4,6.7,5,0.22,-0.001,5,4.993,7.805,7.996,-2.432,0.03639,PASS,PASS,PASS
1069,VOS -1 mV,100,3,7.4,6.7,0.5,0.24,-0.001,0.5,0.4991,2.558,3.009,-14.72,0.07182,FAIL,PASS,FAIL
1070,VOS -1 mV,100,5,7.4,6.7,0.5,0.24,-0.001,0.5,0.4991,4.492,5.004,-10.17,0.0577,FAIL,FAIL,FAIL
1071,VOS -1 mV,100,8,7.4,6.7,0.5,0.24,-0.001,0.5,0.4991,7.488,7.996,-6.395,0.04833,PASS,FAIL,PASS
1072,VOS -1 mV,100,3,7.4,6.7,1,0.24,-0.001,1,0.9987,2.695,3.012,-10.16,0.05847,FAIL,PASS,FAIL
1073,VOS -1 mV,100,5,7.4,6.7,1,0.24,-0.001,1,0.9987,4.701,5.004,-5.982,0.04715,PASS,PASS,PASS
1074,VOS -1 mV,100,8,7.4,6.7,1,0.24,-0.001,1,0.9987,7.771,8.001,-2.857,0.03876,PASS,PASS,PASS
1075,VOS -1 mV,100,3,7.4,6.7,2,0.24,-0.001,2,1.996,2.512,3.015,-16.25,0.0765,FAIL,PASS,FAIL
1076,VOS -1 mV,100,5,7.4,6.7,2,0.24,-0.001,2,1.996,4.419,5.004,-11.62,0.06229,FAIL,FAIL,FAIL
1077,VOS -1 mV,100,8,7.4,6.7,2,0.24,-0.001,2,1.996,7.385,7.996,-7.689,0.05198,PASS,FAIL,FAIL
1078,VOS -1 mV,100,3,7.4,6.7,5,0.24,-0.001,5,4.993,2.715,3.007,-9.513,0.05882,PASS,PASS,FAIL
1079,VOS -1 mV,100,5,7.4,6.7,5,0.24,-0.001,5,4.993,4.707,4.999,-5.857,0.04682,PASS,PASS,PASS
1080,VOS -1 mV,100,8,7.4,6.7,5,0.24,-0.001,5,4.993,7.776,7.997,-2.799,0.03897,PASS,PASS,PASS
1081,VOS -1 mV,100,3,7.4,6.7,0.5,0.26,-0.001,0.5,0.4991,2.527,3.008,-15.78,0.07603,FAIL,PASS,FAIL
1082,VOS -1 mV,100,5,7.4,6.7,0.5,0.26,-0.001,0.5,0.4991,4.454,5.003,-10.91,0.06163,FAIL,FAIL,FAIL
1083,VOS -1 mV,100,8,7.4,6.7,0.5,0.26,-0.001,0.5,0.4991,7.442,7.997,-6.971,0.0513,PASS,FAIL,FAIL
1084,VOS -1 mV,100,3,7.4,6.7,1,0.26,-0.001,1,0.9987,2.675,3.014,-10.84,0.06176,FAIL,PASS,FAIL
1085,VOS -1 mV,100,5,7.4,6.7,1,0.26,-0.001,1,0.9987,4.67,5.002,-6.599,0.04983,PASS,PASS,PASS
1086,VOS -1 mV,100,8,7.4,6.7,1,0.26,-0.001,1,0.9987,7.741,7.996,-3.234,0.04111,PASS,PASS,PASS
1087,VOS -1 mV,100,3,7.4,6.7,2,0.26,-0.001,2,1.996,2.476,3.009,-17.47,0.08162,FAIL,FAIL,FAIL
1088,VOS -1 mV,100,5,7.4,6.7,2,0.26,-0.001,2,1.996,4.378,5.004,-12.44,0.06637,FAIL,FAIL,FAIL
1089,VOS -1 mV,100,8,7.4,6.7,2,0.26,-0.001,2,1.996,7.335,7.996,-8.307,0.05511,PASS,FAIL,FAIL
1090,VOS -1 mV,100,3,7.4,6.7,5,0.26,-0.001,5,4.993,2.69,3.001,-10.33,0.06274,FAIL,PASS,FAIL
1091,VOS -1 mV,100,5,7.4,6.7,5,0.26,-0.001,5,4.993,4.68,4.997,-6.39,0.05003,PASS,PASS,FAIL
1092,VOS -1 mV,100,8,7.4,6.7,5,0.26,-0.001,5,4.993,7.747,7.999,-3.158,0.04153,PASS,PASS,PASS
1093,VOS -1 mV,100,3,7.4,6.7,0.5,0.28,-0.001,0.5,0.4991,2.498,3.009,-16.73,0.08085,FAIL,FAIL,FAIL
1094,VOS -1 mV,100,5,7.4,6.7,0.5,0.28,-0.001,0.5,0.4991,4.42,5.003,-11.61,0.06513,FAIL,FAIL,FAIL
1095,VOS -1 mV,100,8,7.4,6.7,0.5,0.28,-0.001,0.5,0.4991,7.396,8,-7.549,0.05417,PASS,FAIL,FAIL
1096,VOS -1 mV,100,3,7.4,6.7,1,0.28,-0.001,1,0.9987,2.648,3.008,-11.74,0.06535,FAIL,PASS,FAIL
1097,VOS -1 mV,100,5,7.4,6.7,1,0.28,-0.001,1,0.9987,4.644,5.003,-7.12,0.05287,PASS,PASS,FAIL
1098,VOS -1 mV,100,8,7.4,6.7,1,0.28,-0.001,1,0.9987,7.711,7.999,-3.608,0.04343,PASS,PASS,PASS
1099,VOS -1 mV,100,3,7.4,6.7,2,0.28,-0.001,2,1.996,2.449,3.015,-18.35,0.0864,FAIL,FAIL,FAIL
1100,VOS -1 mV,100,5,7.4,6.7,2,0.28,-0.001,2,1.996,4.34,5.005,-13.2,0.06966,FAIL,FAIL,FAIL
1101,VOS -1 mV,100,8,7.4,6.7,2,0.28,-0.001,2,1.996,7.289,7.994,-8.893,0.05837,PASS,FAIL,FAIL
1102,VOS -1 mV,100,3,7.4,6.7,5,0.28,-0.001,5,4.993,2.673,3.001,-10.89,0.06541,FAIL,PASS,FAIL
1103,VOS -1 mV,100,5,7.4,6.7,5,0.28,-0.001,5,4.993,4.657,4.998,-6.868,0.05321,PASS,PASS,FAIL
1104,VOS -1 mV,100,8,7.4,6.7,5,0.28,-0.001,5,4.993,7.715,8,-3.565,0.04384,PASS,PASS,PASS
1105,VOS -1 mV,100,3,7.4,6.7,0.5,0.3,-0.001,0.5,0.4991,2.471,3.008,-17.63,0.08405,FAIL,FAIL,FAIL
1106,VOS -1 mV,100,5,7.4,6.7,0.5,0.3,-0.001,0.5,0.4991,4.382,5.003,-12.36,0.06873,FAIL,FAIL,FAIL
1107,VOS -1 mV,100,8,7.4,6.7,0.5,0.3,-0.001,0.5,0.4991,7.352,7.996,-8.097,0.05685,PASS,FAIL,FAIL
1108,VOS -1 mV,100,3,7.4,6.7,1,0.3,-0.001,1,0.9987,2.626,3.008,-12.48,0.0692,FAIL,PASS,FAIL
1109,VOS -1 mV,100,5,7.4,6.7,1,0.3,-0.001,1,0.9987,4.615,5.003,-7.702,0.05573,PASS,PASS,FAIL
1110,VOS -1 mV,100,8,7.4,6.7,1,0.3,-0.001,1,0.9987,7.677,8.001,-4.036,0.04574,PASS,PASS,PASS
1111,VOS -1 mV,100,3,7.4,6.7,2,0.3,-0.001,2,1.996,2.425,3.011,-19.16,0.09083,FAIL,FAIL,FAIL
1112,VOS -1 mV,100,5,7.4,6.7,2,0.3,-0.001,2,1.996,4.301,5.004,-13.98,0.07379,FAIL,FAIL,FAIL
1113,VOS -1 mV,100,8,7.4,6.7,2,0.3,-0.001,2,1.996,7.239,7.996,-9.51,0.06138,PASS,FAIL,FAIL
1114,VOS -1 mV,100,3,7.4,6.7,5,0.3,-0.001,5,4.993,2.646,3.001,-11.79,0.06927,FAIL,PASS,FAIL
1115,VOS -1 mV,100,5,7.4,6.7,5,0.3,-0.001,5,4.993,4.626,4.998,-7.48,0.05579,PASS,PASS,FAIL
1116,VOS -1 mV,100,8,7.4,6.7,5,0.3,-0.001,5,4.993,7.683,7.999,-3.96,0.046,PASS,PASS,PASS
1117,pack 6.4 V,100,3,6.4,5.5,0.5,-0.3,0,0.5,0.5,3.731,3.012,24.36,0.1355,FAIL,FAIL,FAIL
1118,pack 6.4 V,100,5,6.4,5.5,0.5,-0.3,0,0.5,0.5,6.316,5.013,26.32,0.1065,FAIL,FAIL,FAIL
1119,pack 6.4 V,100,8,6.4,5.5,0.5,-0.3,0,0.5,0.5,10.16,8.006,26.95,0.0839,FAIL,FAIL,FAIL
1120,pack 6.4 V,100,3,6.4,5.5,1,-0.3,0,1,1,3.722,3.012,24.08,0.1091,FAIL,FAIL,FAIL
1121,pack 6.4 V,100,5,6.4,5.5,1,-0.3,0,1,1,6.295,5.009,25.91,0.0857,FAIL,FAIL,FAIL
1122,pack 6.4 V,100,8,6.4,5.5,1,-0.3,0,1,1,8.019,8.007,0.2349,0.06779,PASS,PASS,FAIL
1123,pack 6.4 V,100,3,6.4,5.5,2,-0.3,0,2,2,3.731,3.011,24.35,0.1351,FAIL,FAIL,FAIL
1124,pack 6.4 V,100,5,6.4,5.5,2,-0.3,0,2,2,6.317,5.008,26.34,0.1144,FAIL,FAIL,FAIL
1125,pack 6.4 V,100,8,6.4,5.5,2,-0.3,0,2,2,10.18,8.007,27.22,0.09019,FAIL,FAIL,FAIL
1126,pack 6.4 V,100,3,6.4,5.5,5,-0.3,0,4,4,3.726,3.003,24.18,0.1075,FAIL,FAIL,FAIL
1127,pack 6.4 V,100,5,6.4,5.5,5,-0.3,0,4,4,6.303,5,26.06,0.09248,FAIL,FAIL,FAIL
1128,pack 6.4 V,100,8,6.4,5.5,5,-0.3,0,4,4,8.035,8.001,0.4401,0.07322,PASS,PASS,FAIL
1129,pack 6.4 V,100,3,6.4,5.5,0.5,-0.28,0,0.5,0.5,3.711,3.012,23.71,0.1237,FAIL,FAIL,FAIL
1130,pack 6.4 V,100,5,6.4,5.5,0.5,-0.28,0,0.5,0.5,6.28,5.013,25.61,0.09728,FAIL,FAIL,FAIL
1131,pack 6.4 V,100,8,6.4,5.5,0.5,-0.28,0,0.5,0.5,10.06,8.006,25.76,0.07659,FAIL,FAIL,FAIL
1132,pack 6.4 V,100,3,6.4,5.5,1,-0.28,0,1,1,3.699,3.01,23.29,0.0998,FAIL,FAIL,FAIL
1133,pack 6.4 V,100,5,6.4,5.5,1,-0.28,0,1,1,6.251,5.009,25.02,0.07826,FAIL,FAIL,FAIL
1134,pack 6.4 V,100,8,6.4,5.5,1,-0.28,0,1,1,8.021,8.004,0.257,0.06172,PASS,PASS,FAIL
1135,pack 6.4 V,100,3,6.4,5.5,2,-0.28,0,2,2,3.708,3.006,23.58,0.1272,FAIL,FAIL,FAIL
1136,pack 6.4 V,100,5,6.4,5.5,2,-0.28,0,2,2,6.287,5.009,25.73,0.1043,FAIL,FAIL,FAIL
1137,pack 6.4 V,100,8,6.4,5.5,2,-0.28,0,2,2,10.1,8.007,26.26,0.0825,FAIL,FAIL,FAIL
1138,pack 6.4 V,100,3,6.4,5.5,5,-0.28,0,4,4,3.706,3.003,23.54,0.101,FAIL,FAIL,FAIL
1139,pack 6.4 V,100,5,6.4,5.5,5,-0.28,0,4,4,6.265,4.998,25.3,0.08541,FAIL,FAIL,FAIL
1140,pack 6.4 V,100,8,6.4,5.5,5,-0.28,0,4,4,8.03,7.999,0.3782,0.06693,PASS,PASS,FAIL
1141,pack 6.4 V,100,3,6.4,5.5,0.5,-0.26,0,0.5,0.5,3.687,3.012,22.91,0.1129,FAIL,FAIL,FAIL
1142,pack 6.4 V,100,5,6.4,5.5,0.5,-0.26,0,0.5,0.5,6.239,5.013,24.77,0.08863,FAIL,FAIL,FAIL
1143,pack 6.4 V,100,8,6.4,5.5,0.5,-0.26,0,0.5,0.5,8.098,8.008,1.221,0.06987,PASS,PASS,FAIL
1144,pack 6.4 V,100,3,6.4,5.5,1,-0.26,0,1,1,3.679,3.015,22.63,0.09106,FAIL,FAIL,FAIL
1145,pack 6.4 V,100,5,6.4,5.5,1,-0.26,0,1,1,6.186,5.008,23.73,0.07136,FAIL,FAIL,FAIL
1146,pack 6.4 V,100,8,6.4,5.5,1,-0.26,0,1,1,8.019,8.007,0.2342,0.05617,PASS,PASS,FAIL
1147,pack 6.4 V,100,3,6.4,5.5,2,-0.26,0,2,2,3.69,3.008,22.99,0.1174,FAIL,FAIL,FAIL
1148,pack 6.4 V,100,5,6.4,5.5,2,-0.26,0,2,2,6.245,5.006,24.91,0.09477,FAIL,FAIL,FAIL
1149,pack 6.4 V,100,8,6.4,5.5,2,-0.26,0,2,2,9.996,8.009,24.95,0.07511,FAIL,FAIL,FAIL
1150,pack 6.4 V,100,3,6.4,5.5,5,-0.26,0,4,4,3.684,3.003,22.79,0.09422,FAIL,FAIL,FAIL
1151,pack 6.4 V,100,5,6.4,5.5,5,-0.26,0,4,4,6.218,5.002,24.37,0.07796,FAIL,FAIL,FAIL
1152,pack 6.4 V,100,8,6.4,5.5,5,-0.26,0,4,4,8.034,7.997,0.4295,0.06106,PASS,PASS,FAIL
1153,pack 6.4 V,100,3,6.4,5.5,0.5,-0.24,0,0.5,0.5,3.666,3.012,22.21,0.1026,FAIL,FAIL,FAIL
1154,pack 6.4 V,100,5,6.4,5.5,0.5,-0.24,0,0.5,0.5,6.192,5.009,23.83,0.08007,FAIL,FAIL,FAIL
1155,pack 6.4 V,100,8,6.4,5.5,0.5,-0.24,0,0.5,0.5,8.098,8.01,1.231,0.06346,PASS,PASS,FAIL
1156,pack 6.4 V,100,3,6.4,5.5,1,-0.24,0,1,1,3.651,3.016,21.71,0.08256,FAIL,FAIL,FAIL
1157,pack 6.4 V,100,5,6.4,5.5,1,-0.24,0,1,1,5.07,5.009,1.395,0.06481,PASS,PASS,FAIL
1158,pack 6.4 V,100,8,6.4,5.5,1,-0.24,0,1,1,8.02,8.007,0.2554,0.05106,PASS,PASS,FAIL
1159,pack 6.4 V,100,3,6.4,5.5,2,-0.24,0,2,2,3.667,3.01,22.23,0.1084,FAIL,FAIL,FAIL
1160,pack 6.4 V,100,5,6.4,5.5,2,-0.24,0,2,2,6.201,5.007,24.02,0.08673,FAIL,FAIL,FAIL
1161,pack 6.4 V,100,8,6.4,5.5,2,-0.24,0,2,2,9.805,8.007,22.56,0.06823,FAIL,FAIL,FAIL
1162,pack 6.4 V,100,3,6.4,5.5,5,-0.24,0,4,4,3.662,3.003,22.06,0.08554,FAIL,FAIL,FAIL
1163,pack 6.4 V,100,5,6.4,5.5,5,-0.24,0,4,4,6.144,5.003,22.88,0.07036,FAIL,FAIL,FAIL
1164,pack 6.4 V,100,8,6.4,5.5,5,-0.24,0,4,4,8.034,7.997,0.428,0.05527,PASS,PASS,FAIL
1165,pack 6.4 V,100,3,6.4,5.5,0.5,-0.22,0,0.5,0.5,3.635,3.012,21.18,0.09178,FAIL,FAIL,FAIL
1166,pack 6.4 V,100,5,6.4,5.5,0.5,-0.22,0,0.5,0.5,6.124,5.009,22.48,0.0722,FAIL,FAIL,FAIL
1167,pack 6.4 V,100,8,6.4,5.5,0.5,-0.22,0,0.5,0.5,8.093,8.006,1.165,0.05732,PASS,PASS,FAIL
1168,pack 6.4 V,100,3,6.4,5.5,1,-0.22,0,1,1,3.622,3.015,20.72,0.07422,FAIL,FAIL,FAIL
1169,pack 6.4 V,100,5,6.4,5.5,1,-0.22,0,1,1,5.071,5.007,1.425,0.05807,PASS,PASS,FAIL
1170,pack 6.4 V,100,8,6.4,5.5,1,-0.22,0,1,1,8.02,8.004,0.2545,0.04588,PASS,PASS,PASS
1171,pack 6.4 V,100,3,6.4,5.5,2,-0.22,0,2,2,3.635,3.006,21.18,0.09909,FAIL,FAIL,FAIL
1172,pack 6.4 V,100,5,6.4,5.5,2,-0.22,0,2,2,6.141,5.008,22.83,0.07758,FAIL,FAIL,FAIL
1173,pack 6.4 V,100,8,6.4,5.5,2,-0.22,0,2,2,8.16,8.01,1.998,0.0615,PASS,PASS,FAIL
1174,pack 6.4 V,100,3,6.4,5.5,5,-0.22,0,4,4,3.632,3,21.06,0.07948,FAIL,FAIL,FAIL
1175,pack 6.4 V,100,5,6.4,5.5,5,-0.22,0,4,4,5.115,5.004,2.305,0.06365,PASS,PASS,FAIL
1176,pack 6.4 V,100,8,6.4,5.5,5,-0.22,0,4,4,8.036,8.001,0.4499,0.04974,PASS,PASS,PASS
1177,pack 6.4 V,100,3,6.4,5.5,0.5,-0.2,0,0.5,0.5,3.605,3.014,20.17,0.08169,FAIL,FAIL,FAIL
1178,pack 6.4 V,100,5,6.4,5.5,0.5,-0.2,0,0.5,0.5,6.039,5.01,20.77,0.06434,FAIL,FAIL,FAIL
1179,pack 6.4 V,100,8,6.4,5.5,0.5,-0.2,0,0.5,0.5,8.095,8.009,1.184,0.05136,PASS,PASS,FAIL
1180,pack 6.4 V,100,3,6.4,5.5,1,-0.2,0,1,1,3.584,3.018,19.46,0.06591,FAIL,FAIL,FAIL
1181,pack 6.4 V,100,5,6.4,5.5,1,-0.2,0,1,1,5.069,5.008,1.374,0.05192,PASS,PASS,FAIL
1182,pack 6.4 V,100,8,6.4,5.5,1,-0.2,0,1,1,8.019,8.007,0.2316,0.04096,PASS,PASS,PASS
1183,pack 6.4 V,100,3,6.4,5.5,2,-0.2,0,2,2,3.605,3.007,20.16,0.08837,FAIL,FAIL,FAIL
1184,pack 6.4 V,100,5,6.4,5.5,2,-0.2,0,2,2,6.07,5.009,21.4,0.06967,FAIL,FAIL,FAIL
1185,pack 6.4 V,100,8,6.4,5.5,2,-0.2,0,2,2,8.157,8.01,1.967,0.05562,PASS,PASS,FAIL
1186,pack 6.4 V,100,3,6.4,5.5,5,-0.2,0,4,4,3.598,3.001,19.94,0.0733,FAIL,FAIL,FAIL
1187,pack 6.4 V,100,5,6.4,5.5,5,-0.2,0,4,4,5.114,5,2.271,0.05689,PASS,PASS,FAIL
1188,pack 6.4 V,100,8,6.4,5.5,5,-0.2,0,4,4,8.034,8.001,0.4217,0.04491,PASS,PASS,PASS
1189,pack 6.4 V,100,3,6.4,5.5,0.5,-0.18,0,0.5,0.5,3.57,3.011,18.99,0.07179,FAIL,FAIL,FAIL
1190,pack 6.4 V,100,5,6.4,5.5,0.5,-0.18,0,0.5,0.5,5.896,5.009,17.93,0.0568,FAIL,FAIL,FAIL
1191,pack 6.4 V,100,8,6.4,5.5,0.5,-0.18,0,0.5,0.5,8.096,8.009,1.203,0.04564,PASS,PASS,PASS
1192,pack 6.4 V,100,3,6.4,5.5,1,-0.18,0,1,1,3.537,3.014,17.9,0.05886,FAIL,FAIL,FAIL
1193,pack 6.4 V,100,5,6.4,5.5,1,-0.18,0,1,1,5.066,5.009,1.323,0.04566,PASS,PASS,PASS
1194,pack 6.4 V,100,8,6.4,5.5,1,-0.18,0,1,1,8.02,8.004,0.2515,0.03646,PASS,PASS,PASS
1195,pack 6.4 V,100,3,6.4,5.5,2,-0.18,0,2,2,3.575,3.008,19.17,0.07853,FAIL,FAIL,FAIL
1196,pack 6.4 V,100,5,6.4,5.5,2,-0.18,0,2,2,5.977,5.005,19.55,0.06131,FAIL,FAIL,FAIL
1197,pack 6.4 V,100,8,6.4,5.5,2,-0.18,0,2,2,8.155,8.007,1.932,0.04954,PASS,PASS,PASS
1198,pack 6.4 V,100,3,6.4,5.5,5,-0.18,0,4,4,3.56,3.003,18.66,0.0636,FAIL,FAIL,FAIL
1199,pack 6.4 V,100,5,6.4,5.5,5,-0.18,0,4,4,5.111,5.002,2.228,0.05012,PASS,PASS,FAIL
1200,pack 6.4 V,100,8,6.4,5.5,5,-0.18,0,4,4,8.032,7.997,0.4018,0.03985,PASS,PASS,PASS
1201,pack 6.4 V,100,3,6.4,5.5,0.5,-0.16,0,0.5,0.5,3.526,3.012,17.53,0.06283,FAIL,FAIL,FAIL
1202,pack 6.4 V,100,5,6.4,5.5,0.5,-0.16,0,0.5,0.5,5.43,5.013,8.593,0.04973,PASS,PASS,PASS
1203,pack 6.4 V,100,8,6.4,5.5,0.5,-0.16,0,0.5,0.5,8.089,8.006,1.112,0.04023,PASS,PASS,PASS
1204,pack 6.4 V,100,3,6.4,5.5,1,-0.16,0,1,1,3.482,3.011,16.05,0.05154,FAIL,PASS,FAIL
1205,pack 6.4 V,100,5,6.4,5.5,1,-0.16,0,1,1,5.071,5.009,1.412,0.03993,PASS,PASS,PASS
1206,pack 6.4 V,100,8,6.4,5.5,1,-0.16,0,1,1,8.02,8.007,0.2488,0.03195,PASS,PASS,PASS
1207,pack 6.4 V,100,3,6.4,5.5,2,-0.16,0,2,2,3.533,3.007,17.77,0.06891,FAIL,FAIL,FAIL
1208,pack 6.4 V,100,5,6.4,5.5,2,-0.16,0,2,2,5.842,5.009,16.84,0.05411,FAIL,FAIL,FAIL
1209,pack 6.4 V,100,8,6.4,5.5,2,-0.16,0,2,2,8.155,8.006,1.942,0.04385,PASS,PASS,PASS
1210,pack 6.4 V,100,3,6.4,5.5,5,-0.16,0,4,4,3.507,3.001,16.91,0.05718,FAIL,FAIL,FAIL
1211,pack 6.4 V,100,5,6.4,5.5,5,-0.16,0,4,4,5.108,5.002,2.164,0.04427,PASS,PASS,PASS
1212,pack 6.4 V,100,8,6.4,5.5,5,-0.16,0,4,4,8.032,7.999,0.3995,0.03507,PASS,PASS,PASS
1213,pack 6.4 V,100,3,6.4,5.5,0.5,-0.14,0,0.5,0.5,3.472,3.014,15.74,0.05429,FAIL,PASS,FAIL
1214,pack 6.4 V,100,5,6.4,5.5,0.5,-0.14,0,0.5,0.5,5.324,5.009,6.482,0.04278,PASS,PASS,PASS
1215,pack 6.4 V,100,8,6.4,5.5,0.5,-0.14,0,0.5,0.5,8.089,8.009,1.108,0.03483,PASS,PASS,PASS
1216,pack 6.4 V,100,3,6.4,5.5,1,-0.14,0,1,1,3.4,3.011,13.33,0.04403,FAIL,PASS,PASS
1217,pack 6.4 V,100,5,6.4,5.5,1,-0.14,0,1,1,5.064,5.013,1.277,0.03453,PASS,PASS,PASS
1218,pack 6.4 V,100,8,6.4,5.5,1,-0.14,0,1,1,8.02,8.007,0.2455,0.02772,PASS,PASS,PASS
1219,pack 6.4 V,100,3,6.4,5.5,2,-0.14,0,2,2,3.481,3.006,16.02,0.05936,FAIL,PASS,FAIL
1220,pack 6.4 V,100,5,6.4,5.5,2,-0.14,0,2,2,5.664,5.009,13.27,0.04702,FAIL,FAIL,PASS
1221,pack 6.4 V,100,8,6.4,5.5,2,-0.14,0,2,2,8.149,8.006,1.864,0.0381,PASS,PASS,PASS
1222,pack 6.4 V,100,3,6.4,5.5,5,-0.14,0,4,4,3.442,3.001,14.73,0.049,FAIL,PASS,PASS
1223,pack 6.4 V,100,5,6.4,5.5,5,-0.14,0,4,4,5.109,5.004,2.173,0.03826,PASS,PASS,PASS
1224,pack 6.4 V,100,8,6.4,5.5,5,-0.14,0,4,4,8.036,8,0.4443,0.03046,PASS,PASS,PASS
1225,pack 6.4 V,100,3,6.4,5.5,0.5,-0.12,0,0.5,0.5,3.412,3.014,13.73,0.04601,FAIL,PASS,PASS
1226,pack 6.4 V,100,5,6.4,5.5,0.5,-0.12,0,0.5,0.5,5.277,5.009,5.533,0.03609,PASS,PASS,PASS
1227,pack 6.4 V,100,8,6.4,5.5,0.5,-0.12,0,0.5,0.5,8.085,8.008,1.066,0.02939,PASS,PASS,PASS
1228,pack 6.4 V,100,3,6.4,5.5,1,-0.12,0,1,1,3.299,3.014,9.974,0.0376,PASS,PASS,PASS
1229,pack 6.4 V,100,5,6.4,5.5,1,-0.12,0,1,1,5.064,5.009,1.271,0.02898,PASS,PASS,PASS
1230,pack 6.4 V,100,8,6.4,5.5,1,-0.12,0,1,1,8.017,8.007,0.2136,0.02349,PASS,PASS,PASS
1231,pack 6.4 V,100,3,6.4,5.5,2,-0.12,0,2,2,3.423,3.006,14.12,0.05039,FAIL,PASS,FAIL
1232,pack 6.4 V,100,5,6.4,5.5,2,-0.12,0,2,2,5.464,5.009,9.275,0.03995,PASS,PASS,PASS
1233,pack 6.4 V,100,8,6.4,5.5,2,-0.12,0,2,2,8.137,8.008,1.707,0.03232,PASS,PASS,PASS
1234,pack 6.4 V,100,3,6.4,5.5,5,-0.12,0,4,4,3.373,3.003,12.43,0.04168,FAIL,PASS,PASS
1235,pack 6.4 V,100,5,6.4,5.5,5,-0.12,0,4,4,5.097,4.999,1.948,0.03235,PASS,PASS,PASS
1236,pack 6.4 V,100,8,6.4,5.5,5,-0.12,0,4,4,8.032,7.998,0.4014,0.02586,PASS,PASS,PASS
1237,pack 6.4 V,100,3,6.4,5.5,0.5,-0.1,0,0.5,0.5,3.341,3.014,11.38,0.03803,FAIL,PASS,PASS
1238,pack 6.4 V,100,5,6.4,5.5,0.5,-0.1,0,0.5,0.5,5.227,5.013,4.537,0.02989,PASS,PASS,PASS
1239,pack 6.4 V,100,8,6.4,5.5,0.5,-0.1,0,0.5,0.5,8.082,8.006,1.029,0.02446,PASS,PASS,PASS
1240,pack 6.4 V,100,3,6.4,5.5,1,-0.1,0,1,1,3.225,3.014,7.505,0.03091,PASS,PASS,PASS
1241,pack 6.4 V,100,5,6.4,5.5,1,-0.1,0,1,1,5.06,5.008,1.195,0.02393,PASS,PASS,PASS
1242,pack 6.4 V,100,8,6.4,5.5,1,-0.1,0,1,1,8.019,8.004,0.2333,0.01934,PASS,PASS,PASS
1243,pack 6.4 V,100,3,6.4,5.5,2,-0.1,0,2,2,3.363,3.009,12.09,0.04188,FAIL,PASS,PASS
1244,pack 6.4 V,100,5,6.4,5.5,2,-0.1,0,2,2,5.342,5.01,6.838,0.03289,PASS,PASS,PASS
1245,pack 6.4 V,100,8,6.4,5.5,2,-0.1,0,2,2,8.13,8.006,1.626,0.02668,PASS,PASS,PASS
1246,pack 6.4 V,100,3,6.4,5.5,5,-0.1,0,4,4,3.287,3.002,9.566,0.03398,PASS,PASS,PASS
1247,pack 6.4 V,100,5,6.4,5.5,5,-0.1,0,4,4,5.097,5.001,1.947,0.02656,PASS,PASS,PASS
1248,pack 6.4 V,100,8,6.4,5.5,5,-0.1,0,4,4,8.029,7.999,0.3597,0.02149,PASS,PASS,PASS
1249,pack 6.4 V,100,3,6.4,5.5,0.5,-0.08,0,0.5,0.5,3.268,3.012,8.93,0.0294,PASS,PASS,PASS
1250,pack 6.4 V,100,5,6.4,5.5,0.5,-0.08,0,0.5,0.5,5.18,5.009,3.595,0.02337,PASS,PASS,PASS
1251,pack 6.4 V,100,8,6.4,5.5,0.5,-0.08,0,0.5,0.5,8.071,8.011,0.8817,0.0192,PASS,PASS,PASS
1252,pack 6.4 V,100,3,6.4,5.5,1,-0.08,0,1,1,3.17,3.011,5.652,0.02478,PASS,PASS,PASS
1253,pack 6.4 V,100,5,6.4,5.5,1,-0.08,0,1,1,5.055,5.009,1.098,0.01898,PASS,PASS,PASS
1254,pack 6.4 V,100,8,6.4,5.5,1,-0.08,0,1,1,8.016,8.005,0.1966,0.01524,PASS,PASS,PASS
1255,pack 6.4 V,100,3,6.4,5.5,2,-0.08,0,2,2,3.287,3.01,9.568,0.0334,PASS,PASS,PASS
1256,pack 6.4 V,100,5,6.4,5.5,2,-0.08,0,2,2,5.262,5.009,5.237,0.02619,PASS,PASS,PASS
1257,pack 6.4 V,100,8,6.4,5.5,2,-0.08,0,2,2,8.114,8.008,1.422,0.02132,PASS,PASS,PASS
1258,pack 6.4 V,100,3,6.4,5.5,5,-0.08,0,4,4,3.218,3.003,7.275,0.02704,PASS,PASS,PASS
1259,pack 6.4 V,100,5,6.4,5.5,5,-0.08,0,4,4,5.08,5.004,1.592,0.02147,PASS,PASS,PASS
1260,pack 6.4 V,100,8,6.4,5.5,5,-0.08,0,4,4,8.028,8,0.3462,0.01704,PASS,PASS,PASS
1261,pack 6.4 V,100,3,6.4,5.5,0.5,-0.06,0,0.5,0.5,3.195,3.016,6.513,0.02191,PASS,PASS,PASS
1262,pack 6.4 V,100,5,6.4,5.5,0.5,-0.06,0,0.5,0.5,5.14,5.009,2.808,0.01705,PASS,PASS,PASS
1263,pack 6.4 V,100,8,6.4,5.5,0.5,-0.06,0,0.5,0.5,8.061,8.009,0.7619,0.01419,PASS,PASS,PASS
1264,pack 6.4 V,100,3,6.4,5.5,1,-0.06,0,1,1,3.128,3.014,4.255,0.01855,PASS,PASS,PASS
1265,pack 6.4 V,100,5,6.4,5.5,1,-0.06,0,1,1,5.048,5.012,0.9695,0.01383,PASS,PASS,PASS
1266,pack 6.4 V,100,8,6.4,5.5,1,-0.06,0,1,1,8.017,8.004,0.2078,0.01122,PASS,PASS,PASS
1267,pack 6.4 V,100,3,6.4,5.5,2,-0.06,0,2,2,3.213,3.008,7.115,0.02504,PASS,PASS,PASS
1268,pack 6.4 V,100,5,6.4,5.5,2,-0.06,0,2,2,5.186,5.01,3.725,0.01992,PASS,PASS,PASS
1269,pack 6.4 V,100,8,6.4,5.5,2,-0.06,0,2,2,8.096,8.006,1.198,0.01587,PASS,PASS,PASS
1270,pack 6.4 V,100,3,6.4,5.5,5,-0.06,0,4,4,3.159,2.999,5.293,0.02026,PASS,PASS,PASS
1271,pack 6.4 V,100,5,6.4,5.5,5,-0.06,0,4,4,5.072,5.001,1.433,0.01615,PASS,PASS,PASS
1272,pack 6.4 V,100,8,6.4,5.5,5,-0.06,0,4,4,8.026,7.997,0.3306,0.0127,PASS,PASS,PASS
1273,pack 6.4 V,100,3,6.4,5.5,0.5,-0.04,0,0.5,0.5,3.13,3.012,4.345,0.01521,PASS,PASS,PASS
1274,pack 6.4 V,100,5,6.4,5.5,0.5,-0.04,0,0.5,0.5,5.095,5.009,1.908,0.01119,PASS,PASS,PASS
1275,pack 6.4 V,100,8,6.4,5.5,0.5,-0.04,0,0.5,0.5,8.046,8.006,0.571,0.009278,PASS,PASS,PASS
1276,pack 6.4 V,100,3,6.4,5.5,1,-0.04,0,1,1,3.09,3.018,2.989,0.01283,PASS,PASS,PASS
1277,pack 6.4 V,100,5,6.4,5.5,1,-0.04,0,1,1,5.036,5.008,0.7123,0.009534,PASS,PASS,PASS
1278,pack 6.4 V,100,8,6.4,5.5,1,-0.04,0,1,1,8.013,8.004,0.1591,0.007409,PASS,PASS,PASS
1279,pack 6.4 V,100,3,6.4,5.5,2,-0.04,0,2,2,3.138,3.008,4.599,0.01746,PASS,PASS,PASS
1280,pack 6.4 V,100,5,6.4,5.5,2,-0.04,0,2,2,5.125,5.011,2.501,0.0134,PASS,PASS,PASS
1281,pack 6.4 V,100,8,6.4,5.5,2,-0.04,0,2,2,8.069,8.007,0.8604,0.0107,PASS,PASS,PASS
1282,pack 6.4 V,100,3,6.4,5.5,5,-0.04,0,4,4,3.113,3.001,3.756,0.01415,PASS,PASS,PASS
1283,pack 6.4 V,100,5,6.4,5.5,5,-0.04,0,4,4,5.056,5.002,1.116,0.01086,PASS,PASS,PASS
1284,pack 6.4 V,100,8,6.4,5.5,5,-0.04,0,4,4,8.021,7.997,0.2567,0.00856,PASS,PASS,PASS
1285,pack 6.4 V,100,3,6.4,5.5,0.5,-0.02,0,0.5,0.5,3.068,3.012,2.265,0.007722,PASS,PASS,PASS
1286,pack 6.4 V,100,5,6.4,5.5,0.5,-0.02,0,0.5,0.5,5.053,5.009,1.053,0.005964,PASS,PASS,PASS
1287,pack 6.4 V,100,8,6.4,5.5,0.5,-0.02,0,0.5,0.5,8.029,8.011,0.3637,0.005964,PASS,PASS,PASS
1288,pack 6.4 V,100,3,6.4,5.5,1,-0.02,0,1,1,3.054,3.014,1.807,0.008186,PASS,PASS,PASS
1289,pack 6.4 V,100,5,6.4,5.5,1,-0.02,0,1,1,5.028,5.009,0.5568,0.004745,PASS,PASS,PASS
1290,pack 6.4 V,100,8,6.4,5.5,1,-0.02,0,1,1,8.01,8.005,0.1287,0.004217,PASS,PASS,PASS
1291,pack 6.4 V,100,3,6.4,5.5,2,-0.02,0,2,2,3.074,3.01,2.459,0.0106,PASS,PASS,PASS
1292,pack 6.4 V,100,5,6.4,5.5,2,-0.02,0,2,2,5.067,5.005,1.337,0.007526,PASS,PASS,PASS
1293,pack 6.4 V,100,8,6.4,5.5,2,-0.02,0,2,2,8.041,8.01,0.5182,0.005601,PASS,PASS,PASS
1294,pack 6.4 V,100,3,6.4,5.5,5,-0.02,0,4,4,3.067,3.005,2.23,0.008991,PASS,PASS,PASS
1295,pack 6.4 V,100,5,6.4,5.5,5,-0.02,0,4,4,5.034,5.001,0.681,0.006347,PASS,PASS,PASS
1296,pack 6.4 V,100,8,6.4,5.5,5,-0.02,0,4,4,8.017,8,0.2071,0.004503,PASS,PASS,PASS
1297,pack 6.4 V,100,3,6.4,5.5,0.5,0,0,0.5,0.5,3.016,3.017,0.5533,0.006031,PASS,PASS,PASS
1298,pack 6.4 V,100,5,6.4,5.5,0.5,0,0,0.5,0.5,5.009,5.011,0.2288,0.005964,PASS,PASS,PASS
1299,pack 6.4 V,100,8,6.4,5.5,0.5,0,0,0.5,0.5,8.008,8.008,0.1034,0.005964,PASS,PASS,PASS
1300,pack 6.4 V,100,3,6.4,5.5,1,0,0,1,1,3.025,3.017,0.8225,0.00634,PASS,PASS,PASS
1301,pack 6.4 V,100,5,6.4,5.5,1,0,0,1,1,5.014,5.008,0.2832,0.004217,PASS,PASS,PASS
1302,pack 6.4 V,100,8,6.4,5.5,1,0,0,1,1,8.008,8.004,0.1008,0.004217,PASS,PASS,PASS
1303,pack 6.4 V,100,3,6.4,5.5,2,0,0,2,2,3.015,3.009,0.4954,0.007033,PASS,PASS,PASS
1304,pack 6.4 V,100,5,6.4,5.5,2,0,0,2,2,5.011,5.008,0.2193,0.00384,PASS,PASS,PASS
1305,pack 6.4 V,100,8,6.4,5.5,2,0,0,2,2,8.008,8.006,0.1033,0.002982,PASS,PASS,PASS
1306,pack 6.4 V,100,3,6.4,5.5,5,0,0,4,4,3.028,3.006,0.9396,0.007197,PASS,PASS,PASS
1307,pack 6.4 V,100,5,6.4,5.5,5,0,0,4,4,5.018,5.003,0.3677,0.003678,PASS,PASS,PASS
1308,pack 6.4 V,100,8,6.4,5.5,5,0,0,4,4,8.01,7.999,0.1271,0.002447,PASS,PASS,PASS
1309,pack 6.4 V,100,3,6.4,5.5,0.5,0.02,0,0.5,0.5,2.968,3.012,-1.051,0.009624,PASS,PASS,PASS
1310,pack 6.4 V,100,5,6.4,5.5,0.5,0.02,0,0.5,0.5,4.967,5.009,-0.6675,0.007064,PASS,PASS,PASS
1311,pack 6.4 V,100,8,6.4,5.5,0.5,0.02,0,0.5,0.5,7.978,8.007,-0.2768,0.005964,PASS,PASS,PASS
1312,pack 6.4 V,100,3,6.4,5.5,1,0.02,0,1,1,2.994,3.013,0.4474,0.009186,PASS,PASS,PASS
1313,pack 6.4 V,100,5,6.4,5.5,1,0.02,0,1,1,4.997,5.011,0.2207,0.005529,PASS,PASS,PASS
1314,pack 6.4 V,100,8,6.4,5.5,1,0.02,0,1,1,8.003,8.009,0.1115,0.004306,PASS,PASS,PASS
1315,pack 6.4 V,100,3,6.4,5.5,2,0.02,0,2,2,2.957,3.006,-1.418,0.01022,PASS,PASS,PASS
1316,pack 6.4 V,100,5,6.4,5.5,2,0.02,0,2,2,4.957,5.011,-0.8678,0.007355,PASS,PASS,PASS
1317,pack 6.4 V,100,8,6.4,5.5,2,0.02,0,2,2,7.969,8.009,-0.3818,0.005929,PASS,PASS,PASS
1318,pack 6.4 V,100,3,6.4,5.5,5,0.02,0,4,4,2.996,3.003,-0.1351,0.009129,PASS,PASS,PASS
1319,pack 6.4 V,100,5,6.4,5.5,5,0.02,0,4,4,4.989,5.001,-0.2284,0.006437,PASS,PASS,PASS
1320,pack 6.4 V,100,8,6.4,5.5,5,0.02,0,4,4,8,7.999,-0.01867,0.004895,PASS,PASS,PASS
1321,pack 6.4 V,100,3,6.4,5.5,0.5,0.04,0,0.5,0.5,2.921,3.012,-2.641,0.01581,PASS,PASS,PASS
1322,pack 6.4 V,100,5,6.4,5.5,0.5,0.04,0,0.5,0.5,4.924,5.009,-1.512,0.01236,PASS,PASS,PASS
1323,pack 6.4 V,100,8,6.4,5.5,0.5,0.04,0,0.5,0.5,7.946,8.008,-0.6778,0.009809,PASS,PASS,PASS
1324,pack 6.4 V,100,3,6.4,5.5,1,0.04,0,1,1,2.965,3.015,-1.169,0.01291,PASS,PASS,PASS
1325,pack 6.4 V,100,5,6.4,5.5,1,0.04,0,1,1,4.977,5.009,-0.4563,0.009771,PASS,PASS,PASS
1326,pack 6.4 V,100,8,6.4,5.5,1,0.04,0,1,1,7.996,8.009,0.1098,0.007907,PASS,PASS,PASS
1327,pack 6.4 V,100,3,6.4,5.5,2,0.04,0,2,2,2.911,3.01,-2.976,0.01739,PASS,PASS,PASS
1328,pack 6.4 V,100,5,6.4,5.5,2,0.04,0,2,2,4.905,5.011,-1.895,0.01269,PASS,PASS,PASS
1329,pack 6.4 V,100,8,6.4,5.5,2,0.04,0,2,2,7.928,8.01,-0.8983,0.01068,PASS,PASS,PASS
1330,pack 6.4 V,100,3,6.4,5.5,5,0.04,0,4,4,2.959,3,-1.359,0.01461,PASS,PASS,PASS
1331,pack 6.4 V,100,5,6.4,5.5,5,0.04,0,4,4,4.965,4.999,-0.702,0.01059,PASS,PASS,PASS
1332,pack 6.4 V,100,8,6.4,5.5,5,0.04,0,4,4,7.988,8,-0.1532,0.008541,PASS,PASS,PASS
1333,pack 6.4 V,100,3,6.4,5.5,0.5,0.06,0,0.5,0.5,2.882,3.011,-3.937,0.02154,PASS,PASS,PASS
1334,pack 6.4 V,100,5,6.4,5.5,0.5,0.06,0,0.5,0.5,4.879,5.009,-2.426,0.01751,PASS,PASS,PASS
1335,pack 6.4 V,100,8,6.4,5.5,0.5,0.06,0,0.5,0.5,7.911,8.011,-1.113,0.01433,PASS,PASS,PASS
1336,pack 6.4 V,100,3,6.4,5.5,1,0.06,0,1,1,2.935,3.014,-2.159,0.01791,PASS,PASS,PASS
1337,pack 6.4 V,100,5,6.4,5.5,1,0.06,0,1,1,4.96,5.007,-0.8011,0.01364,PASS,PASS,PASS
1338,pack 6.4 V,100,8,6.4,5.5,1,0.06,0,1,1,7.989,8.006,-0.1404,0.01134,PASS,PASS,PASS
1339,pack 6.4 V,100,3,6.4,5.5,2,0.06,0,2,2,2.857,3.01,-4.754,0.02387,PASS,PASS,PASS
1340,pack 6.4 V,100,5,6.4,5.5,2,0.06,0,2,2,4.855,5.01,-2.893,0.0192,PASS,PASS,PASS
1341,pack 6.4 V,100,8,6.4,5.5,2,0.06,0,2,2,7.881,8.006,-1.49,0.01528,PASS,PASS,PASS
1342,pack 6.4 V,100,3,6.4,5.5,5,0.06,0,4,4,2.925,3,-2.513,0.01969,PASS,PASS,PASS
1343,pack 6.4 V,100,5,6.4,5.5,5,0.06,0,4,4,4.939,5.001,-1.215,0.01489,PASS,PASS,PASS
1344,pack 6.4 V,100,8,6.4,5.5,5,0.06,0,4,4,7.973,7.998,-0.3351,0.01236,PASS,PASS,PASS
1345,pack 6.4 V,100,3,6.4,5.5,0.5,0.08,0,0.5,0.5,2.837,3.017,-5.428,0.0281,PASS,PASS,PASS
1346,pack 6.4 V,100,5,6.4,5.5,0.5,0.08,0,0.5,0.5,4.838,5.009,-3.232,0.02244,PASS,PASS,PASS
1347,pack 6.4 V,100,8,6.4,5.5,0.5,0.08,0,0.5,0.5,7.872,8.008,-1.6,0.01853,PASS,PASS,PASS
1348,pack 6.4 V,100,3,6.4,5.5,1,0.08,0,1,1,2.908,3.015,-3.055,0.02301,PASS,PASS,PASS
1349,pack 6.4 V,100,5,6.4,5.5,1,0.08,0,1,1,4.934,5.01,-1.325,0.01783,PASS,PASS,PASS
1350,pack 6.4 V,100,8,6.4,5.5,1,0.08,0,1,1,7.976,8.007,-0.2999,0.01465,PASS,PASS,PASS
1351,pack 6.4 V,100,3,6.4,5.5,2,0.08,0,2,2,2.817,3.008,-6.084,0.03043,PASS,PASS,PASS
1352,pack 6.4 V,100,5,6.4,5.5,2,0.08,0,2,2,4.801,5.009,-3.978,0.02453,PASS,PASS,PASS
1353,pack 6.4 V,100,8,6.4,5.5,2,0.08,0,2,2,7.833,8.008,-2.089,0.01968,PASS,PASS,PASS
1354,pack 6.4 V,100,3,6.4,5.5,5,0.08,0,4,4,2.897,2.999,-3.436,0.02526,PASS,PASS,PASS
1355,pack 6.4 V,100,5,6.4,5.5,5,0.08,0,4,4,4.907,5.003,-1.859,0.01966,PASS,PASS,PASS
1356,pack 6.4 V,100,8,6.4,5.5,5,0.08,0,4,4,7.954,8,-0.5701,0.01603,PASS,PASS,PASS
1357,pack 6.4 V,100,3,6.4,5.5,0.5,0.1,0,0.5,0.5,2.8,3.011,-6.655,0.03363,PASS,PASS,PASS
1358,pack 6.4 V,100,5,6.4,5.5,0.5,0.1,0,0.5,0.5,4.793,5.013,-4.149,0.027,PASS,PASS,PASS
1359,pack 6.4 V,100,8,6.4,5.5,0.5,0.1,0,0.5,0.5,7.832,8.006,-2.1,0.02239,PASS,PASS,PASS
1360,pack 6.4 V,100,3,6.4,5.5,1,0.1,0,1,1,2.878,3.016,-4.082,0.02734,PASS,PASS,PASS
1361,pack 6.4 V,100,5,6.4,5.5,1,0.1,0,1,1,4.91,5.013,-1.81,0.02174,PASS,PASS,PASS
1362,pack 6.4 V,100,8,6.4,5.5,1,0.1,0,1,1,7.965,8.005,-0.4346,0.01782,PASS,PASS,PASS
1363,pack 6.4 V,100,3,6.4,5.5,2,0.1,0,2,2,2.775,3.008,-7.485,0.03658,PASS,PASS,PASS
1364,pack 6.4 V,100,5,6.4,5.5,2,0.1,0,2,2,4.755,5.008,-4.899,0.02965,PASS,PASS,PASS
1365,pack 6.4 V,100,8,6.4,5.5,2,0.1,0,2,2,7.782,8.008,-2.729,0.02453,PASS,PASS,PASS
1366,pack 6.4 V,100,3,6.4,5.5,5,0.1,0,4,4,2.87,3.001,-4.325,0.03037,PASS,PASS,PASS
1367,pack 6.4 V,100,5,6.4,5.5,5,0.1,0,4,4,4.878,5.002,-2.442,0.0236,PASS,PASS,PASS
1368,pack 6.4 V,100,8,6.4,5.5,5,0.1,0,4,4,7.933,8,-0.8432,0.0195,PASS,PASS,PASS
1369,pack 6.4 V,100,3,6.4,5.5,0.5,0.12,0,0.5,0.5,2.761,3.016,-7.976,0.03961,PASS,PASS,PASS
1370,pack 6.4 V,100,5,6.4,5.5,0.5,0.12,0,0.5,0.5,4.75,5.008,-5.008,0.03204,PASS,PASS,PASS
1371,pack 6.4 V,100,8,6.4,5.5,0.5,0.12,0,0.5,0.5,7.79,8.007,-2.627,0.02648,PASS,PASS,PASS
1372,pack 6.4 V,100,3,6.4,5.5,1,0.12,0,1,1,2.853,3.016,-4.898,0.03232,PASS,PASS,PASS
1373,pack 6.4 V,100,5,6.4,5.5,1,0.12,0,1,1,4.883,5.008,-2.33,0.0257,PASS,PASS,PASS
1374,pack 6.4 V,100,8,6.4,5.5,1,0.12,0,1,1,7.947,8.004,-0.6587,0.02094,PASS,PASS,PASS
1375,pack 6.4 V,100,3,6.4,5.5,2,0.12,0,2,2,2.729,3.009,-9.038,0.04265,PASS,PASS,PASS
1376,pack 6.4 V,100,5,6.4,5.5,2,0.12,0,2,2,4.708,5.007,-5.843,0.03442,PASS,PASS,PASS
1377,pack 6.4 V,100,8,6.4,5.5,2,0.12,0,2,2,7.73,8.008,-3.376,0.02851,PASS,PASS,PASS
1378,pack 6.4 V,100,3,6.4,5.5,5,0.12,0,4,4,2.842,3.002,-5.271,0.03457,PASS,PASS,PASS
1379,pack 6.4 V,100,5,6.4,5.5,5,0.12,0,4,4,4.847,5.003,-3.055,0.02801,PASS,PASS,PASS
1380,pack 6.4 V,100,8,6.4,5.5,5,0.12,0,4,4,7.909,7.998,-1.134,0.02297,PASS,PASS,PASS
1381,pack 6.4 V,100,3,6.4,5.5,0.5,0.14,0,0.5,0.5,2.726,3.017,-9.132,0.0447,PASS,PASS,PASS
1382,pack 6.4 V,100,5,6.4,5.5,0.5,0.14,0,0.5,0.5,4.709,5.009,-5.813,0.0362,PASS,PASS,PASS
1383,pack 6.4 V,100,8,6.4,5.5,0.5,0.14,0,0.5,0.5,7.743,8.008,-3.211,0.03027,PASS,PASS,PASS
1384,pack 6.4 V,100,3,6.4,5.5,1,0.14,0,1,1,2.826,3.014,-5.797,0.03673,PASS,PASS,PASS
1385,pack 6.4 V,100,5,6.4,5.5,1,0.14,0,1,1,4.853,5.012,-2.933,0.02919,PASS,PASS,PASS
1386,pack 6.4 V,100,8,6.4,5.5,1,0.14,0,1,1,7.926,8.005,-0.9213,0.02415,PASS,PASS,PASS
1387,pack 6.4 V,100,3,6.4,5.5,2,0.14,0,2,2,2.69,3.006,-10.33,0.0489,FAIL,PASS,PASS
1388,pack 6.4 V,100,5,6.4,5.5,2,0.14,0,2,2,4.659,5.006,-6.817,0.0395,PASS,PASS,PASS
1389,pack 6.4 V,100,8,6.4,5.5,2,0.14,0,2,2,7.677,8.009,-4.038,0.03282,PASS,PASS,PASS
1390,pack 6.4 V,100,3,6.4,5.5,5,0.14,0,4,4,2.814,3.001,-6.194,0.03997,PASS,PASS,PASS
1391,pack 6.4 V,100,5,6.4,5.5,5,0.14,0,4,4,4.821,5,-3.575,0.03153,PASS,PASS,PASS
1392,pack 6.4 V,100,8,6.4,5.5,5,0.14,0,4,4,7.88,8,-1.499,0.02621,PASS,PASS,PASS
1393,pack 6.4 V,100,3,6.4,5.5,0.5,0.16,0,0.5,0.5,2.691,3.016,-10.31,0.04975,FAIL,PASS,PASS
1394,pack 6.4 V,100,5,6.4,5.5,0.5,0.16,0,0.5,0.5,4.668,5.01,-6.633,0.04089,PASS,PASS,PASS
1395,pack 6.4 V,100,8,6.4,5.5,0.5,0.16,0,0.5,0.5,7.698,8.008,-3.773,0.03369,PASS,PASS,PASS
1396,pack 6.4 V,100,3,6.4,5.5,1,0.16,0,1,1,2.801,3.011,-6.637,0.04083,PASS,PASS,PASS
1397,pack 6.4 V,100,5,6.4,5.5,1,0.16,0,1,1,4.827,5.009,-3.468,0.03266,PASS,PASS,PASS
1398,pack 6.4 V,100,8,6.4,5.5,1,0.16,0,1,1,7.902,8.004,-1.225,0.0269,PASS,PASS,PASS
1399,pack 6.4 V,100,3,6.4,5.5,2,0.16,0,2,2,2.659,3.009,-11.36,0.05421,FAIL,PASS,FAIL
1400,pack 6.4 V,100,5,6.4,5.5,2,0.16,0,2,2,4.613,5.007,-7.738,0.04412,PASS,PASS,PASS
1401,pack 6.4 V,100,8,6.4,5.5,2,0.16,0,2,2,7.624,8.009,-4.695,0.03639,PASS,PASS,PASS
1402,pack 6.4 V,100,3,6.4,5.5,5,0.16,0,4,4,2.79,3.002,-7.016,0.04454,PASS,PASS,PASS
1403,pack 6.4 V,100,5,6.4,5.5,5,0.16,0,4,4,4.786,5.002,-4.274,0.03597,PASS,PASS,PASS
1404,pack 6.4 V,100,8,6.4,5.5,5,0.16,0,4,4,7.853,8.001,-1.838,0.02939,PASS,PASS,PASS
1405,pack 6.4 V,100,3,6.4,5.5,0.5,0.18,0,0.5,0.5,2.659,3.011,-11.37,0.056,FAIL,PASS,FAIL
1406,pack 6.4 V,100,5,6.4,5.5,0.5,0.18,0,0.5,0.5,4.629,5.009,-7.419,0.04483,PASS,PASS,PASS
1407,pack 6.4 V,100,8,6.4,5.5,0.5,0.18,0,0.5,0.5,7.653,8.006,-4.335,0.03733,PASS,PASS,PASS
1408,pack 6.4 V,100,3,6.4,5.5,1,0.18,0,1,1,2.773,3.017,-7.573,0.04539,PASS,PASS,PASS
1409,pack 6.4 V,100,5,6.4,5.5,1,0.18,0,1,1,4.799,5.009,-4.01,0.03615,PASS,PASS,PASS
1410,pack 6.4 V,100,8,6.4,5.5,1,0.18,0,1,1,7.878,8.006,-1.531,0.02988,PASS,PASS,PASS
1411,pack 6.4 V,100,3,6.4,5.5,2,0.18,0,2,2,2.626,3.008,-12.46,0.0606,FAIL,PASS,FAIL
1412,pack 6.4 V,100,5,6.4,5.5,2,0.18,0,2,2,4.569,5.008,-8.614,0.0489,PASS,PASS,PASS
1413,pack 6.4 V,100,8,6.4,5.5,2,0.18,0,2,2,7.572,8.008,-5.348,0.04035,PASS,PASS,PASS
1414,pack 6.4 V,100,3,6.4,5.5,5,0.18,0,4,4,2.759,3.003,-8.038,0.04916,PASS,PASS,PASS
1415,pack 6.4 V,100,5,6.4,5.5,5,0.18,0,4,4,4.756,5.003,-4.872,0.03952,PASS,PASS,PASS
1416,pack 6.4 V,100,8,6.4,5.5,5,0.18,0,4,4,7.82,8.001,-2.251,0.03253,PASS,PASS,PASS
1417,pack 6.4 V,100,3,6.4,5.5,0.5,0.2,0,0.5,0.5,2.625,3.017,-12.49,0.06023,FAIL,PASS,FAIL
1418,pack 6.4 V,100,5,6.4,5.5,0.5,0.2,0,0.5,0.5,4.586,5.01,-8.273,0.04881,PASS,PASS,PASS
1419,pack 6.4 V,100,8,6.4,5.5,0.5,0.2,0,0.5,0.5,7.608,8.01,-4.897,0.04072,PASS,PASS,PASS
1420,pack 6.4 V,100,3,6.4,5.5,1,0.2,0,1,1,2.75,3.015,-8.345,0.04948,PASS,PASS,PASS
1421,pack 6.4 V,100,5,6.4,5.5,1,0.2,0,1,1,4.769,5.01,-4.618,0.0393,PASS,PASS,PASS
1422,pack 6.4 V,100,8,6.4,5.5,1,0.2,0,1,1,7.849,8.007,-1.891,0.03271,PASS,PASS,PASS
1423,pack 6.4 V,100,3,6.4,5.5,2,0.2,0,2,2,2.593,3.011,-13.57,0.06586,FAIL,PASS,FAIL
1424,pack 6.4 V,100,5,6.4,5.5,2,0.2,0,2,2,4.524,5.007,-9.523,0.05304,PASS,PASS,FAIL
1425,pack 6.4 V,100,8,6.4,5.5,2,0.2,0,2,2,7.52,8.006,-6,0.04406,PASS,PASS,PASS
1426,pack 6.4 V,100,3,6.4,5.5,5,0.2,0,4,4,2.738,3.001,-8.741,0.05321,PASS,PASS,FAIL
1427,pack 6.4 V,100,5,6.4,5.5,5,0.2,0,4,4,4.724,5.001,-5.514,0.04336,PASS,PASS,PASS
1428,pack 6.4 V,100,8,6.4,5.5,5,0.2,0,4,4,7.785,7.998,-2.69,0.03508,PASS,PASS,PASS
1429,pack 6.4 V,100,3,6.4,5.5,0.5,0.22,0,0.5,0.5,2.593,3.012,-13.56,0.0649,FAIL,PASS,FAIL
1430,pack 6.4 V,100,5,6.4,5.5,0.5,0.22,0,0.5,0.5,4.547,5.011,-9.063,0.05289,PASS,PASS,FAIL
1431,pack 6.4 V,100,8,6.4,5.5,0.5,0.22,0,0.5,0.5,7.559,8.008,-5.514,0.0439,PASS,PASS,PASS
1432,pack 6.4 V,100,3,6.4,5.5,1,0.22,0,1,1,2.724,3.014,-9.21,0.05383,PASS,PASS,FAIL
1433,pack 6.4 V,100,5,6.4,5.5,1,0.22,0,1,1,4.74,5.01,-5.19,0.04301,PASS,PASS,PASS
1434,pack 6.4 V,100,8,6.4,5.5,1,0.22,0,1,1,7.82,8.006,-2.249,0.03503,PASS,PASS,PASS
1435,pack 6.4 V,100,3,6.4,5.5,2,0.22,0,2,2,2.562,3.008,-14.59,0.07057,FAIL,PASS,FAIL
1436,pack 6.4 V,100,5,6.4,5.5,2,0.22,0,2,2,4.479,5.008,-10.41,0.05765,FAIL,FAIL,FAIL
1437,pack 6.4 V,100,8,6.4,5.5,2,0.22,0,2,2,7.469,8.006,-6.642,0.04744,PASS,FAIL,PASS
1438,pack 6.4 V,100,3,6.4,5.5,5,0.22,0,4,4,2.708,3.005,-9.743,0.05779,PASS,PASS,FAIL
1439,pack 6.4 V,100,5,6.4,5.5,5,0.22,0,4,4,4.696,5.004,-6.077,0.04626,PASS,PASS,PASS
1440,pack 6.4 V,100,8,6.4,5.5,5,0.22,0,4,4,7.752,8,-3.099,0.03796,PASS,PASS,PASS
1441,pack 6.4 V,100,3,6.4,5.5,0.5,0.24,0,0.5,0.5,2.563,3.015,-14.56,0.07031,FAIL,PASS,FAIL
1442,pack 6.4 V,100,5,6.4,5.5,0.5,0.24,0,0.5,0.5,4.507,5.012,-9.851,0.05668,PASS,PASS,FAIL
1443,pack 6.4 V,100,8,6.4,5.5,0.5,0.24,0,0.5,0.5,7.515,8.006,-6.061,0.04683,PASS,PASS,PASS
1444,pack 6.4 V,100,3,6.4,5.5,1,0.24,0,1,1,2.701,3.014,-9.978,0.05773,PASS,PASS,FAIL
1445,pack 6.4 V,100,5,6.4,5.5,1,0.24,0,1,1,4.71,5.007,-5.808,0.04583,PASS,PASS,PASS
1446,pack 6.4 V,100,8,6.4,5.5,1,0.24,0,1,1,7.793,8.005,-2.584,0.03762,PASS,PASS,PASS
1447,pack 6.4 V,100,3,6.4,5.5,2,0.24,0,2,2,2.525,3.006,-15.82,0.07549,FAIL,PASS,FAIL
1448,pack 6.4 V,100,5,6.4,5.5,2,0.24,0,2,2,4.441,5.006,-11.18,0.06174,FAIL,FAIL,FAIL
1449,pack 6.4 V,100,8,6.4,5.5,2,0.24,0,2,2,7.416,8.009,-7.296,0.05087,PASS,FAIL,FAIL
1450,pack 6.4 V,100,3,6.4,5.5,5,0.24,0,4,4,2.69,3.003,-10.33,0.06114,FAIL,PASS,FAIL
1451,pack 6.4 V,100,5,6.4,5.5,5,0.24,0,4,4,4.666,5.003,-6.689,0.04991,PASS,PASS,PASS
1452,pack 6.4 V,100,8,6.4,5.5,5,0.24,0,4,4,7.717,7.998,-3.542,0.04096,PASS,PASS,PASS
1453,pack 6.4 V,100,3,6.4,5.5,0.5,0.26,0,0.5,0.5,2.537,3.011,-15.45,0.07507,FAIL,PASS,FAIL
1454,pack 6.4 V,100,5,6.4,5.5,0.5,0.26,0,0.5,0.5,4.472,5.01,-10.56,0.06051,FAIL,FAIL,FAIL
1455,pack 6.4 V,100,8,6.4,5.5,0.5,0.26,0,0.5,0.5,7.47,8.007,-6.63,0.04993,PASS,FAIL,PASS
1456,pack 6.4 V,100,3,6.4,5.5,1,0.26,0,1,1,2.677,3.013,-10.78,0.06047,FAIL,PASS,FAIL
1457,pack 6.4 V,100,5,6.4,5.5,1,0.26,0,1,1,4.685,5.007,-6.296,0.04847,PASS,PASS,PASS
1458,pack 6.4 V,100,8,6.4,5.5,1,0.26,0,1,1,7.762,8.004,-2.978,0.04009,PASS,PASS,PASS
1459,pack 6.4 V,100,3,6.4,5.5,2,0.26,0,2,2,2.497,3.007,-16.75,0.08114,FAIL,FAIL,FAIL
1460,pack 6.4 V,100,5,6.4,5.5,2,0.26,0,2,2,4.404,5.007,-11.92,0.06579,FAIL,FAIL,FAIL
1461,pack 6.4 V,100,8,6.4,5.5,2,0.26,0,2,2,7.369,8.008,-7.883,0.05391,PASS,FAIL,FAIL
1462,pack 6.4 V,100,3,6.4,5.5,5,0.26,0,4,4,2.66,3,-11.35,0.06583,FAIL,PASS,FAIL
1463,pack 6.4 V,100,5,6.4,5.5,5,0.26,0,4,4,4.633,5.003,-7.333,0.05275,PASS,PASS,FAIL
1464,pack 6.4 V,100,8,6.4,5.5,5,0.26,0,4,4,7.685,7.999,-3.934,0.04343,PASS,PASS,PASS
1465,pack 6.4 V,100,3,6.4,5.5,0.5,0.28,0,0.5,0.5,2.507,3.015,-16.45,0.07933,FAIL,PASS,FAIL
1466,pack 6.4 V,100,5,6.4,5.5,0.5,0.28,0,0.5,0.5,4.434,5.009,-11.32,0.06374,FAIL,FAIL,FAIL
1467,pack 6.4 V,100,8,6.4,5.5,0.5,0.28,0,0.5,0.5,7.425,8.006,-7.186,0.05289,PASS,FAIL,FAIL
1468,pack 6.4 V,100,3,6.4,5.5,1,0.28,0,1,1,2.655,3.014,-11.51,0.0646,FAIL,PASS,FAIL
1469,pack 6.4 V,100,5,6.4,5.5,1,0.28,0,1,1,4.653,5.01,-6.938,0.05204,PASS,PASS,FAIL
1470,pack 6.4 V,100,8,6.4,5.5,1,0.28,0,1,1,7.729,8.005,-3.384,0.04248,PASS,PASS,PASS
1471,pack 6.4 V,100,3,6.4,5.5,2,0.28,0,2,2,2.47,3.008,-17.67,0.08488,FAIL,FAIL,FAIL
1472,pack 6.4 V,100,5,6.4,5.5,2,0.28,0,2,2,4.366,5.009,-12.69,0.06939,FAIL,FAIL,FAIL
1473,pack 6.4 V,100,8,6.4,5.5,2,0.28,0,2,2,7.319,8.008,-8.511,0.05697,PASS,FAIL,FAIL
1474,pack 6.4 V,100,3,6.4,5.5,5,0.28,0,4,4,2.635,3.003,-12.15,0.0695,FAIL,PASS,FAIL
1475,pack 6.4 V,100,5,6.4,5.5,5,0.28,0,4,4,4.605,5.003,-7.898,0.05615,PASS,PASS,FAIL
1476,pack 6.4 V,100,8,6.4,5.5,5,0.28,0,4,4,7.651,8,-4.368,0.04596,PASS,PASS,PASS
1477,pack 6.4 V,100,3,6.4,5.5,0.5,0.3,0,0.5,0.5,2.478,3.017,-17.39,0.08385,FAIL,FAIL,FAIL
1478,pack 6.4 V,100,5,6.4,5.5,0.5,0.3,0,0.5,0.5,4.398,5.012,-12.04,0.06724,FAIL,FAIL,FAIL
1479,pack 6.4 V,100,8,6.4,5.5,0.5,0.3,0,0.5,0.5,7.38,8.007,-7.755,0.05582,PASS,FAIL,FAIL
1480,pack 6.4 V,100,3,6.4,5.5,1,0.3,0,1,1,2.63,3.016,-12.35,0.06796,FAIL,PASS,FAIL
1481,pack 6.4 V,100,5,6.4,5.5,1,0.3,0,1,1,4.625,5.01,-7.502,0.05426,PASS,PASS,FAIL
1482,pack 6.4 V,100,8,6.4,5.5,1,0.3,0,1,1,7.698,8.007,-3.778,0.04484,PASS,PASS,PASS
1483,pack 6.4 V,100,3,6.4,5.5,2,0.3,0,2,2,2.442,3.006,-18.6,0.09021,FAIL,FAIL,FAIL
1484,pack 6.4 V,100,5,6.4,5.5,2,0.3,0,2,2,4.324,5.008,-13.51,0.07309,FAIL,FAIL,FAIL
1485,pack 6.4 V,100,8,6.4,5.5,2,0.3,0,2,2,7.271,8.009,-9.114,0.06037,PASS,FAIL,FAIL
1486,pack 6.4 V,100,3,6.4,5.5,5,0.3,0,4,4,2.612,3.002,-12.92,0.07235,FAIL,PASS,FAIL
1487,pack 6.4 V,100,5,6.4,5.5,5,0.3,0,4,4,4.576,5.002,-8.478,0.05885,PASS,PASS,FAIL
1488,pack 6.4 V,100,8,6.4,5.5,5,0.3,0,4,4,7.617,7.999,-4.791,0.04855,PASS,PASS,PASS
1489,pack 8.4 V,100,3,8.4,7.9,0.5,-0.3,0,0.5,0.5,3.729,3.014,24.32,0.1353,FAIL,FAIL,FAIL
1490,pack 8.4 V,100,5,8.4,7.9,0.5,-0.3,0,0.5,0.5,6.318,5.01,26.37,0.1068,FAIL,FAIL,FAIL
1491,pack 8.4 V,100,8,8.4,7.9,0.5,-0.3,0,0.5,0.5,10.16,8.01,26.98,0.08377,FAIL,FAIL,FAIL
1492,pack 8.4 V,100,3,8.4,7.9,1,-0.3,0,1,1,3.726,3.016,24.2,0.1089,FAIL,FAIL,FAIL
1493,pack 8.4 V,100,5,8.4,7.9,1,-0.3,0,1,1,6.298,5.008,25.97,0.08548,FAIL,FAIL,FAIL
1494,pack 8.4 V,100,8,8.4,7.9,1,-0.3,0,1,1,8.023,8.007,0.2875,0.06746,PASS,PASS,FAIL
1495,pack 8.4 V,100,3,8.4,7.9,2,-0.3,0,2,2,3.728,3.017,24.26,0.144,FAIL,FAIL,FAIL
1496,pack 8.4 V,100,5,8.4,7.9,2,-0.3,0,2,2,6.318,5.01,26.35,0.1138,FAIL,FAIL,FAIL
1497,pack 8.4 V,100,8,8.4,7.9,2,-0.3,0,2,2,10.18,8.008,27.21,0.09008,FAIL,FAIL,FAIL
1498,pack 8.4 V,100,3,8.4,7.9,5,-0.3,0,5,5,3.723,3.012,24.1,0.1087,FAIL,FAIL,FAIL
1499,pack 8.4 V,100,5,8.4,7.9,5,-0.3,0,5,5,6.298,5.009,25.96,0.08692,FAIL,FAIL,FAIL
1500,pack 8.4 V,100,8,8.4,7.9,5,-0.3,0,5,5,8.02,8.005,0.2465,0.06794,PASS,PASS,FAIL
1501,pack 8.4 V,100,3,8.4,7.9,0.5,-0.28,0,0.5,0.5,3.71,3.017,23.66,0.1235,FAIL,FAIL,FAIL
1502,pack 8.4 V,100,5,8.4,7.9,0.5,-0.28,0,0.5,0.5,6.282,5.01,25.64,0.09767,FAIL,FAIL,FAIL
1503,pack 8.4 V,100,8,8.4,7.9,0.5,-0.28,0,0.5,0.5,10.06,8.006,25.76,0.0768,FAIL,FAIL,FAIL
1504,pack 8.4 V,100,3,8.4,7.9,1,-0.28,0,1,1,3.705,3.014,23.49,0.09949,FAIL,FAIL,FAIL
1505,pack 8.4 V,100,5,8.4,7.9,1,-0.28,0,1,1,6.254,5.006,25.08,0.07808,FAIL,FAIL,FAIL
1506,pack 8.4 V,100,8,8.4,7.9,1,-0.28,0,1,1,8.023,8.007,0.2888,0.0616,PASS,PASS,FAIL
1507,pack 8.4 V,100,3,8.4,7.9,2,-0.28,0,2,2,3.706,3.018,23.52,0.1321,FAIL,FAIL,FAIL
1508,pack 8.4 V,100,5,8.4,7.9,2,-0.28,0,2,2,6.284,5.011,25.68,0.1041,FAIL,FAIL,FAIL
1509,pack 8.4 V,100,8,8.4,7.9,2,-0.28,0,2,2,10.1,8.01,26.26,0.0825,FAIL,FAIL,FAIL
1510,pack 8.4 V,100,3,8.4,7.9,5,-0.28,0,5,5,3.702,3.012,23.4,0.1017,FAIL,FAIL,FAIL
1511,pack 8.4 V,100,5,8.4,7.9,5,-0.28,0,5,5,6.25,5.01,24.99,0.07934,FAIL,FAIL,FAIL
1512,pack 8.4 V,100,8,8.4,7.9,5,-0.28,0,5,5,8.02,8.007,0.2463,0.06228,PASS,PASS,FAIL
1513,pack 8.4 V,100,3,8.4,7.9,0.5,-0.26,0,0.5,0.5,3.689,3.016,22.96,0.1125,FAIL,FAIL,FAIL
1514,pack 8.4 V,100,5,8.4,7.9,0.5,-0.26,0,0.5,0.5,6.241,5.01,24.81,0.08856,FAIL,FAIL,FAIL
1515,pack 8.4 V,100,8,8.4,7.9,0.5,-0.26,0,0.5,0.5,8.094,8.006,1.18,0.06974,PASS,PASS,FAIL
1516,pack 8.4 V,100,3,8.4,7.9,1,-0.26,0,1,1,3.68,3.015,22.65,0.09068,FAIL,FAIL,FAIL
1517,pack 8.4 V,100,5,8.4,7.9,1,-0.26,0,1,1,6.186,5.009,23.71,0.07096,FAIL,FAIL,FAIL
1518,pack 8.4 V,100,8,8.4,7.9,1,-0.26,0,1,1,8.019,8.007,0.2364,0.05612,PASS,PASS,FAIL
1519,pack 8.4 V,100,3,8.4,7.9,2,-0.26,0,2,2,3.688,3.017,22.92,0.1204,FAIL,FAIL,FAIL
1520,pack 8.4 V,100,5,8.4,7.9,2,-0.26,0,2,2,6.246,5.01,24.91,0.09491,FAIL,FAIL,FAIL
1521,pack 8.4 V,100,8,8.4,7.9,2,-0.26,0,2,2,9.996,8.01,24.95,0.07533,FAIL,FAIL,FAIL
1522,pack 8.4 V,100,3,8.4,7.9,5,-0.26,0,5,5,3.68,3.012,22.68,0.09315,FAIL,FAIL,FAIL
1523,pack 8.4 V,100,5,8.4,7.9,5,-0.26,0,5,5,6.19,5.01,23.79,0.0724,FAIL,FAIL,FAIL
1524,pack 8.4 V,100,8,8.4,7.9,5,-0.26,0,5,5,8.02,8.007,0.2458,0.05683,PASS,PASS,FAIL
1525,pack 8.4 V,100,3,8.4,7.9,0.5,-0.24,0,0.5,0.5,3.666,3.012,22.19,0.1015,FAIL,FAIL,FAIL
1526,pack 8.4 V,100,5,8.4,7.9,0.5,-0.24,0,0.5,0.5,6.188,5.013,23.76,0.08021,FAIL,FAIL,FAIL
1527,pack 8.4 V,100,8,8.4,7.9,0.5,-0.24,0,0.5,0.5,8.097,8.008,1.216,0.06361,PASS,PASS,FAIL
1528,pack 8.4 V,100,3,8.4,7.9,1,-0.24,0,1,1,3.655,3.017,21.83,0.08234,FAIL,FAIL,FAIL
1529,pack 8.4 V,100,5,8.4,7.9,1,-0.24,0,1,1,5.075,5.008,1.49,0.06495,PASS,PASS,FAIL
1530,pack 8.4 V,100,8,8.4,7.9,1,-0.24,0,1,1,8.023,8.007,0.2879,0.05108,PASS,PASS,FAIL
1531,pack 8.4 V,100,3,8.4,7.9,2,-0.24,0,2,2,3.663,3.012,22.12,0.1092,FAIL,FAIL,FAIL
1532,pack 8.4 V,100,5,8.4,7.9,2,-0.24,0,2,2,6.199,5.01,23.99,0.08614,FAIL,FAIL,FAIL
1533,pack 8.4 V,100,8,8.4,7.9,2,-0.24,0,2,2,9.812,8.007,22.65,0.06862,FAIL,FAIL,FAIL
1534,pack 8.4 V,100,3,8.4,7.9,5,-0.24,0,5,5,3.654,3.012,21.8,0.08499,FAIL,FAIL,FAIL
1535,pack 8.4 V,100,5,8.4,7.9,5,-0.24,0,5,5,5.072,5.01,1.439,0.06568,PASS,PASS,FAIL
1536,pack 8.4 V,100,8,8.4,7.9,5,-0.24,0,5,5,8.02,8.005,0.2451,0.05134,PASS,PASS,FAIL
1537,pack 8.4 V,100,3,8.4,7.9,0.5,-0.22,0,0.5,0.5,3.637,3.014,21.24,0.09141,FAIL,FAIL,FAIL
1538,pack 8.4 V,100,5,8.4,7.9,0.5,-0.22,0,0.5,0.5,6.125,5.013,22.5,0.07216,FAIL,FAIL,FAIL
1539,pack 8.4 V,100,8,8.4,7.9,0.5,-0.22,0,0.5,0.5,8.098,8.01,1.223,0.0574,PASS,PASS,FAIL
1540,pack 8.4 V,100,3,8.4,7.9,1,-0.22,0,1,1,3.623,3.016,20.77,0.07433,FAIL,FAIL,FAIL
1541,pack 8.4 V,100,5,8.4,7.9,1,-0.22,0,1,1,5.072,5.009,1.441,0.05786,PASS,PASS,FAIL
1542,pack 8.4 V,100,8,8.4,7.9,1,-0.22,0,1,1,8.019,8.007,0.2347,0.04564,PASS,PASS,PASS
1543,pack 8.4 V,100,3,8.4,7.9,2,-0.22,0,2,2,3.632,3.018,21.08,0.09842,FAIL,FAIL,FAIL
1544,pack 8.4 V,100,5,8.4,7.9,2,-0.22,0,2,2,6.144,5.012,22.87,0.07745,FAIL,FAIL,FAIL
1545,pack 8.4 V,100,8,8.4,7.9,2,-0.22,0,2,2,8.161,8.009,2.009,0.06172,PASS,PASS,FAIL
1546,pack 8.4 V,100,3,8.4,7.9,5,-0.22,0,5,5,3.624,3.013,20.81,0.07639,FAIL,FAIL,FAIL
1547,pack 8.4 V,100,5,8.4,7.9,5,-0.22,0,5,5,5.072,5.009,1.432,0.05925,PASS,PASS,FAIL
1548,pack 8.4 V,100,8,8.4,7.9,5,-0.22,0,5,5,8.015,8.007,0.1861,0.04643,PASS,PASS,PASS
1549,pack 8.4 V,100,3,8.4,7.9,0.5,-0.2,0,0.5,0.5,3.606,3.017,20.2,0.08167,FAIL,FAIL,FAIL
1550,pack 8.4 V,100,5,8.4,7.9,0.5,-0.2,0,0.5,0.5,6.036,5.009,20.72,0.0646,FAIL,FAIL,FAIL
1551,pack 8.4 V,100,8,8.4,7.9,0.5,-0.2,0,0.5,0.5,8.093,8.009,1.168,0.05153,PASS,PASS,FAIL
1552,pack 8.4 V,100,3,8.4,7.9,1,-0.2,0,1,1,3.586,3.012,19.54,0.06618,FAIL,FAIL,FAIL
1553,pack 8.4 V,100,5,8.4,7.9,1,-0.2,0,1,1,5.072,5.009,1.444,0.05188,PASS,PASS,FAIL
1554,pack 8.4 V,100,8,8.4,7.9,1,-0.2,0,1,1,8.02,8.009,0.2461,0.04108,PASS,PASS,PASS
1555,pack 8.4 V,100,3,8.4,7.9,2,-0.2,0,2,2,3.605,3.017,20.17,0.08827,FAIL,FAIL,FAIL
1556,pack 8.4 V,100,5,8.4,7.9,2,-0.2,0,2,2,6.069,5.013,21.37,0.06926,FAIL,FAIL,FAIL
1557,pack 8.4 V,100,8,8.4,7.9,2,-0.2,0,2,2,8.158,8.01,1.969,0.05536,PASS,PASS,FAIL
1558,pack 8.4 V,100,3,8.4,7.9,5,-0.2,0,5,5,3.588,3.013,19.59,0.06813,FAIL,FAIL,FAIL
1559,pack 8.4 V,100,5,8.4,7.9,5,-0.2,0,5,5,5.069,5.006,1.387,0.05309,PASS,PASS,FAIL
1560,pack 8.4 V,100,8,8.4,7.9,5,-0.2,0,5,5,8.018,8.006,0.2249,0.04144,PASS,PASS,PASS
1561,pack 8.4 V,100,3,8.4,7.9,0.5,-0.18,0,0.5,0.5,3.569,3.014,18.97,0.07224,FAIL,FAIL,FAIL
1562,pack 8.4 V,100,5,8.4,7.9,0.5,-0.18,0,0.5,0.5,5.892,5.013,17.84,0.05706,FAIL,FAIL,FAIL
1563,pack 8.4 V,100,8,8.4,7.9,0.5,-0.18,0,0.5,0.5,8.091,8.006,1.136,0.04576,PASS,PASS,PASS
1564,pack 8.4 V,100,3,8.4,7.9,1,-0.18,0,1,1,3.542,3.018,18.05,0.05902,FAIL,FAIL,FAIL
1565,pack 8.4 V,100,5,8.4,7.9,1,-0.18,0,1,1,5.071,5.01,1.412,0.0456,PASS,PASS,PASS
1566,pack 8.4 V,100,8,8.4,7.9,1,-0.18,0,1,1,8.023,8.007,0.2817,0.03633,PASS,PASS,PASS
1567,pack 8.4 V,100,3,8.4,7.9,2,-0.18,0,2,2,3.569,3.017,18.98,0.07742,FAIL,FAIL,FAIL
1568,pack 8.4 V,100,5,8.4,7.9,2,-0.18,0,2,2,5.975,5.009,19.5,0.06162,FAIL,FAIL,FAIL
1569,pack 8.4 V,100,8,8.4,7.9,2,-0.18,0,2,2,8.157,8.007,1.963,0.04931,PASS,PASS,PASS
1570,pack 8.4 V,100,3,8.4,7.9,5,-0.18,0,5,5,3.541,3.014,18.02,0.06088,FAIL,FAIL,FAIL
1571,pack 8.4 V,100,5,8.4,7.9,5,-0.18,0,5,5,5.07,5.009,1.401,0.04688,PASS,PASS,PASS
1572,pack 8.4 V,100,8,8.4,7.9,5,-0.18,0,5,5,8.019,8.005,0.2414,0.03703,PASS,PASS,PASS
1573,pack 8.4 V,100,3,8.4,7.9,0.5,-0.16,0,0.5,0.5,3.528,3.012,17.6,0.06354,FAIL,FAIL,FAIL
1574,pack 8.4 V,100,5,8.4,7.9,0.5,-0.16,0,0.5,0.5,5.427,5.009,8.536,0.05003,PASS,PASS,FAIL
1575,pack 8.4 V,100,8,8.4,7.9,0.5,-0.16,0,0.5,0.5,8.091,8.006,1.135,0.0404,PASS,PASS,PASS
1576,pack 8.4 V,100,3,8.4,7.9,1,-0.16,0,1,1,3.482,3.015,16.07,0.05124,FAIL,PASS,FAIL
1577,pack 8.4 V,100,5,8.4,7.9,1,-0.16,0,1,1,5.071,5.008,1.418,0.03975,PASS,PASS,PASS
1578,pack 8.4 V,100,8,8.4,7.9,1,-0.16,0,1,1,8.019,8.005,0.2326,0.03195,PASS,PASS,PASS
1579,pack 8.4 V,100,3,8.4,7.9,2,-0.16,0,2,2,3.526,3.017,17.53,0.06813,FAIL,FAIL,FAIL
1580,pack 8.4 V,100,5,8.4,7.9,2,-0.16,0,2,2,5.846,5.01,16.92,0.05363,FAIL,FAIL,FAIL
1581,pack 8.4 V,100,8,8.4,7.9,2,-0.16,0,2,2,8.151,8.007,1.892,0.04361,PASS,PASS,PASS
1582,pack 8.4 V,100,3,8.4,7.9,5,-0.16,0,5,5,3.485,3.012,16.17,0.05295,FAIL,PASS,FAIL
1583,pack 8.4 V,100,5,8.4,7.9,5,-0.16,0,5,5,5.065,5.009,1.309,0.04124,PASS,PASS,PASS
1584,pack 8.4 V,100,8,8.4,7.9,5,-0.16,0,5,5,8.019,8.005,0.2387,0.03261,PASS,PASS,PASS
1585,pack 8.4 V,100,3,8.4,7.9,0.5,-0.14,0,0.5,0.5,3.473,3.014,15.75,0.05432,FAIL,PASS,FAIL
1586,pack 8.4 V,100,5,8.4,7.9,0.5,-0.14,0,0.5,0.5,5.335,5.01,6.706,0.04271,PASS,PASS,PASS
1587,pack 8.4 V,100,8,8.4,7.9,0.5,-0.14,0,0.5,0.5,8.086,8.007,1.078,0.03475,PASS,PASS,PASS
1588,pack 8.4 V,100,3,8.4,7.9,1,-0.14,0,1,1,3.401,3.018,13.36,0.04377,FAIL,PASS,PASS
1589,pack 8.4 V,100,5,8.4,7.9,1,-0.14,0,1,1,5.068,5.009,1.359,0.03413,PASS,PASS,PASS
1590,pack 8.4 V,100,8,8.4,7.9,1,-0.14,0,1,1,8.022,8.007,0.2775,0.02769,PASS,PASS,PASS
1591,pack 8.4 V,100,3,8.4,7.9,2,-0.14,0,2,2,3.478,3.017,15.92,0.0589,FAIL,PASS,FAIL
1592,pack 8.4 V,100,5,8.4,7.9,2,-0.14,0,2,2,5.655,5.012,13.09,0.04619,FAIL,FAIL,PASS
1593,pack 8.4 V,100,8,8.4,7.9,2,-0.14,0,2,2,8.149,8.007,1.857,0.03749,PASS,PASS,PASS
1594,pack 8.4 V,100,3,8.4,7.9,5,-0.14,0,5,5,3.406,3.014,13.52,0.04566,FAIL,PASS,PASS
1595,pack 8.4 V,100,5,8.4,7.9,5,-0.14,0,5,5,5.064,5.009,1.273,0.03568,PASS,PASS,PASS
1596,pack 8.4 V,100,8,8.4,7.9,5,-0.14,0,5,5,8.016,8.002,0.1996,0.02836,PASS,PASS,PASS
1597,pack 8.4 V,100,3,8.4,7.9,0.5,-0.12,0,0.5,0.5,3.413,3.012,13.77,0.04579,FAIL,PASS,PASS
1598,pack 8.4 V,100,5,8.4,7.9,0.5,-0.12,0,0.5,0.5,5.275,5.009,5.492,0.03659,PASS,PASS,PASS
1599,pack 8.4 V,100,8,8.4,7.9,0.5,-0.12,0,0.5,0.5,8.085,8.011,1.068,0.02955,PASS,PASS,PASS
1600,pack 8.4 V,100,3,8.4,7.9,1,-0.12,0,1,1,3.305,3.018,10.18,0.03762,FAIL,PASS,PASS
1601,pack 8.4 V,100,5,8.4,7.9,1,-0.12,0,1,1,5.065,5.009,1.297,0.02895,PASS,PASS,PASS
1602,pack 8.4 V,100,8,8.4,7.9,1,-0.12,0,1,1,8.019,8.004,0.2376,0.02347,PASS,PASS,PASS
1603,pack 8.4 V,100,3,8.4,7.9,2,-0.12,0,2,2,3.425,3.018,14.18,0.04925,FAIL,PASS,PASS
1604,pack 8.4 V,100,5,8.4,7.9,2,-0.12,0,2,2,5.465,5.01,9.307,0.03923,PASS,PASS,PASS
1605,pack 8.4 V,100,8,8.4,7.9,2,-0.12,0,2,2,8.138,8.01,1.719,0.0318,PASS,PASS,PASS
1606,pack 8.4 V,100,3,8.4,7.9,5,-0.12,0,5,5,3.313,3.012,10.42,0.03978,FAIL,PASS,PASS
1607,pack 8.4 V,100,5,8.4,7.9,5,-0.12,0,5,5,5.064,5.009,1.283,0.03035,PASS,PASS,PASS
1608,pack 8.4 V,100,8,8.4,7.9,5,-0.12,0,5,5,8.018,8.004,0.2309,0.02393,PASS,PASS,PASS
1609,pack 8.4 V,100,3,8.4,7.9,0.5,-0.1,0,0.5,0.5,3.344,3.012,11.47,0.03739,FAIL,PASS,PASS
1610,pack 8.4 V,100,5,8.4,7.9,0.5,-0.1,0,0.5,0.5,5.218,5.009,4.357,0.02988,PASS,PASS,PASS
1611,pack 8.4 V,100,8,8.4,7.9,0.5,-0.1,0,0.5,0.5,8.078,8.009,0.9743,0.02436,PASS,PASS,PASS
1612,pack 8.4 V,100,3,8.4,7.9,1,-0.1,0,1,1,3.226,3.016,7.528,0.03079,PASS,PASS,PASS
1613,pack 8.4 V,100,5,8.4,7.9,1,-0.1,0,1,1,5.061,5.008,1.225,0.02385,PASS,PASS,PASS
1614,pack 8.4 V,100,8,8.4,7.9,1,-0.1,0,1,1,8.017,8.007,0.2132,0.01922,PASS,PASS,PASS
1615,pack 8.4 V,100,3,8.4,7.9,2,-0.1,0,2,2,3.355,3.017,11.84,0.04059,FAIL,PASS,PASS
1616,pack 8.4 V,100,5,8.4,7.9,2,-0.1,0,2,2,5.337,5.011,6.733,0.03201,PASS,PASS,PASS
1617,pack 8.4 V,100,8,8.4,7.9,2,-0.1,0,2,2,8.126,8.01,1.581,0.02617,PASS,PASS,PASS
1618,pack 8.4 V,100,3,8.4,7.9,5,-0.1,0,5,5,3.229,3.013,7.647,0.03267,PASS,PASS,PASS
1619,pack 8.4 V,100,5,8.4,7.9,5,-0.1,0,5,5,5.06,5.009,1.203,0.02482,PASS,PASS,PASS
1620,pack 8.4 V,100,8,8.4,7.9,5,-0.1,0,5,5,8.018,8.006,0.2231,0.01993,PASS,PASS,PASS
1621,pack 8.4 V,100,3,8.4,7.9,0.5,-0.08,0,0.5,0.5,3.267,3.012,8.913,0.02945,PASS,PASS,PASS
1622,pack 8.4 V,100,5,8.4,7.9,0.5,-0.08,0,0.5,0.5,5.177,5.009,3.534,0.02363,PASS,PASS,PASS
1623,pack 8.4 V,100,8,8.4,7.9,0.5,-0.08,0,0.5,0.5,8.07,8.006,0.8762,0.0193,PASS,PASS,PASS
1624,pack 8.4 V,100,3,8.4,7.9,1,-0.08,0,1,1,3.174,3.017,5.797,0.02415,PASS,PASS,PASS
1625,pack 8.4 V,100,5,8.4,7.9,1,-0.08,0,1,1,5.056,5.009,1.129,0.01899,PASS,PASS,PASS
1626,pack 8.4 V,100,8,8.4,7.9,1,-0.08,0,1,1,8.018,8.004,0.2203,0.01538,PASS,PASS,PASS
1627,pack 8.4 V,100,3,8.4,7.9,2,-0.08,0,2,2,3.284,3.018,9.472,0.03165,PASS,PASS,PASS
1628,pack 8.4 V,100,5,8.4,7.9,2,-0.08,0,2,2,5.255,5.01,5.101,0.02529,PASS,PASS,PASS
1629,pack 8.4 V,100,8,8.4,7.9,2,-0.08,0,2,2,8.115,8.007,1.435,0.02103,PASS,PASS,PASS
1630,pack 8.4 V,100,3,8.4,7.9,5,-0.08,0,5,5,3.177,3.011,5.894,0.02662,PASS,PASS,PASS
1631,pack 8.4 V,100,5,8.4,7.9,5,-0.08,0,5,5,5.057,5.009,1.142,0.01997,PASS,PASS,PASS
1632,pack 8.4 V,100,8,8.4,7.9,5,-0.08,0,5,5,8.016,8.005,0.1953,0.01571,PASS,PASS,PASS
1633,pack 8.4 V,100,3,8.4,7.9,0.5,-0.06,0,0.5,0.5,3.196,3.012,6.548,0.02198,PASS,PASS,PASS
1634,pack 8.4 V,100,5,8.4,7.9,0.5,-0.06,0,0.5,0.5,5.135,5.009,2.709,0.01712,PASS,PASS,PASS
1635,pack 8.4 V,100,8,8.4,7.9,0.5,-0.06,0,0.5,0.5,8.062,8.011,0.7691,0.0141,PASS,PASS,PASS
1636,pack 8.4 V,100,3,8.4,7.9,1,-0.06,0,1,1,3.131,3.014,4.38,0.01816,PASS,PASS,PASS
1637,pack 8.4 V,100,5,8.4,7.9,1,-0.06,0,1,1,5.045,5.009,0.9045,0.01377,PASS,PASS,PASS
1638,pack 8.4 V,100,8,8.4,7.9,1,-0.06,0,1,1,8.019,8.006,0.2386,0.01128,PASS,PASS,PASS
1639,pack 8.4 V,100,3,8.4,7.9,2,-0.06,0,2,2,3.209,3.017,6.983,0.02348,PASS,PASS,PASS
1640,pack 8.4 V,100,5,8.4,7.9,2,-0.06,0,2,2,5.186,5.01,3.716,0.01909,PASS,PASS,PASS
1641,pack 8.4 V,100,8,8.4,7.9,2,-0.06,0,2,2,8.095,8.01,1.19,0.01532,PASS,PASS,PASS
1642,pack 8.4 V,100,3,8.4,7.9,5,-0.06,0,5,5,3.127,3.009,4.224,0.02042,PASS,PASS,PASS
1643,pack 8.4 V,100,5,8.4,7.9,5,-0.06,0,5,5,5.048,5.01,0.9612,0.01545,PASS,PASS,PASS
1644,pack 8.4 V,100,8,8.4,7.9,5,-0.06,0,5,5,8.017,8.003,0.207,0.01188,PASS,PASS,PASS
1645,pack 8.4 V,100,3,8.4,7.9,0.5,-0.04,0,0.5,0.5,3.127,3.012,4.242,0.01474,PASS,PASS,PASS
1646,pack 8.4 V,100,5,8.4,7.9,0.5,-0.04,0,0.5,0.5,5.096,5.011,1.926,0.01129,PASS,PASS,PASS
1647,pack 8.4 V,100,8,8.4,7.9,0.5,-0.04,0,0.5,0.5,8.046,8.008,0.5724,0.00942,PASS,PASS,PASS
1648,pack 8.4 V,100,3,8.4,7.9,1,-0.04,0,1,1,3.092,3.012,3.06,0.01285,PASS,PASS,PASS
1649,pack 8.4 V,100,5,8.4,7.9,1,-0.04,0,1,1,5.04,5.008,0.7963,0.00939,PASS,PASS,PASS
1650,pack 8.4 V,100,8,8.4,7.9,1,-0.04,0,1,1,8.014,8.009,0.1788,0.007286,PASS,PASS,PASS
1651,pack 8.4 V,100,3,8.4,7.9,2,-0.04,0,2,2,3.135,3.017,4.515,0.01598,PASS,PASS,PASS
1652,pack 8.4 V,100,5,8.4,7.9,2,-0.04,0,2,2,5.121,5.01,2.415,0.01241,PASS,PASS,PASS
1653,pack 8.4 V,100,8,8.4,7.9,2,-0.04,0,2,2,8.074,8.006,0.9195,0.01022,PASS,PASS,PASS
1654,pack 8.4 V,100,3,8.4,7.9,5,-0.04,0,5,5,3.095,3.011,3.15,0.01508,PASS,PASS,PASS
1655,pack 8.4 V,100,5,8.4,7.9,5,-0.04,0,5,5,5.038,5.005,0.7527,0.01043,PASS,PASS,PASS
1656,pack 8.4 V,100,8,8.4,7.9,5,-0.04,0,5,5,8.016,8.005,0.2031,0.007931,PASS,PASS,PASS
1657,pack 8.4 V,100,3,8.4,7.9,0.5,-0.02,0,0.5,0.5,3.073,3.011,2.419,0.008313,PASS,PASS,PASS
1658,pack 8.4 V,100,5,8.4,7.9,0.5,-0.02,0,0.5,0.5,5.055,5.009,1.106,0.005964,PASS,PASS,PASS
1659,pack 8.4 V,100,8,8.4,7.9,0.5,-0.02,0,0.5,0.5,8.027,8.007,0.3417,0.005964,PASS,PASS,PASS
1660,pack 8.4 V,100,3,8.4,7.9,1,-0.02,0,1,1,3.058,3.017,1.945,0.006928,PASS,PASS,PASS
1661,pack 8.4 V,100,5,8.4,7.9,1,-0.02,0,1,1,5.026,5.009,0.5137,0.004634,PASS,PASS,PASS
1662,pack 8.4 V,100,8,8.4,7.9,1,-0.02,0,1,1,8.012,8.009,0.1479,0.004217,PASS,PASS,PASS
1663,pack 8.4 V,100,3,8.4,7.9,2,-0.02,0,2,2,3.07,3.013,2.317,0.009246,PASS,PASS,PASS
1664,pack 8.4 V,100,5,8.4,7.9,2,-0.02,0,2,2,5.067,5.011,1.333,0.006478,PASS,PASS,PASS
1665,pack 8.4 V,100,8,8.4,7.9,2,-0.02,0,2,2,8.045,8.007,0.5655,0.004883,PASS,PASS,PASS
1666,pack 8.4 V,100,3,8.4,7.9,5,-0.02,0,5,5,3.061,3.013,2.047,0.009554,PASS,PASS,PASS
1667,pack 8.4 V,100,5,8.4,7.9,5,-0.02,0,5,5,5.029,5.01,0.5803,0.005596,PASS,PASS,PASS
1668,pack 8.4 V,100,8,8.4,7.9,5,-0.02,0,5,5,8.012,8.006,0.1507,0.004283,PASS,PASS,PASS
1669,pack 8.4 V,100,3,8.4,7.9,0.5,0,0,0.5,0.5,3.019,3.016,0.6403,0.005964,PASS,PASS,PASS
1670,pack 8.4 V,100,5,8.4,7.9,0.5,0,0,0.5,0.5,5.01,5.011,0.2177,0.005964,PASS,PASS,PASS
1671,pack 8.4 V,100,8,8.4,7.9,0.5,0,0,0.5,0.5,8.008,8.007,0.09482,0.005964,PASS,PASS,PASS
1672,pack 8.4 V,100,3,8.4,7.9,1,0,0,1,1,3.026,3.014,0.8721,0.005803,PASS,PASS,PASS
1673,pack 8.4 V,100,5,8.4,7.9,1,0,0,1,1,5.014,5.01,0.2774,0.004217,PASS,PASS,PASS
1674,pack 8.4 V,100,8,8.4,7.9,1,0,0,1,1,8.009,8.006,0.108,0.004217,PASS,PASS,PASS
1675,pack 8.4 V,100,3,8.4,7.9,2,0,0,2,2,3.01,3.014,0.4562,0.006826,PASS,PASS,PASS
1676,pack 8.4 V,100,5,8.4,7.9,2,0,0,2,2,5.01,5.01,0.2094,0.002982,PASS,PASS,PASS
1677,pack 8.4 V,100,8,8.4,7.9,2,0,0,2,2,8.008,8.009,0.1112,0.002982,PASS,PASS,PASS
1678,pack 8.4 V,100,3,8.4,7.9,5,0,0,5,5,3.026,3.011,0.8616,0.00708,PASS,PASS,PASS
1679,pack 8.4 V,100,5,8.4,7.9,5,0,0,5,5,5.014,5.009,0.2768,0.003971,PASS,PASS,PASS
1680,pack 8.4 V,100,8,8.4,7.9,5,0,0,5,5,8.005,8.007,0.08952,0.002011,PASS,PASS,PASS
1681,pack 8.4 V,100,3,8.4,7.9,0.5,0.02,0,0.5,0.5,2.97,3.011,-1.008,0.009541,PASS,PASS,PASS
1682,pack 8.4 V,100,5,8.4,7.9,0.5,0.02,0,0.5,0.5,4.967,5.012,-0.6628,0.006815,PASS,PASS,PASS
1683,pack 8.4 V,100,8,8.4,7.9,0.5,0.02,0,0.5,0.5,7.978,8.008,-0.2806,0.005964,PASS,PASS,PASS
1684,pack 8.4 V,100,3,8.4,7.9,1,0.02,0,1,1,2.998,3.012,0.4052,0.008556,PASS,PASS,PASS
1685,pack 8.4 V,100,5,8.4,7.9,1,0.02,0,1,1,4.997,5.009,0.1803,0.005433,PASS,PASS,PASS
1686,pack 8.4 V,100,8,8.4,7.9,1,0.02,0,1,1,8.002,8.005,0.06257,0.004348,PASS,PASS,PASS
1687,pack 8.4 V,100,3,8.4,7.9,2,0.02,0,2,2,2.958,3.011,-1.395,0.01015,PASS,PASS,PASS
1688,pack 8.4 V,100,5,8.4,7.9,2,0.02,0,2,2,4.957,5.013,-0.8536,0.007337,PASS,PASS,PASS
1689,pack 8.4 V,100,8,8.4,7.9,2,0.02,0,2,2,7.969,8.01,-0.3926,0.005791,PASS,PASS,PASS
1690,pack 8.4 V,100,3,8.4,7.9,5,0.02,0,5,5,2.998,3.012,0.4126,0.009445,PASS,PASS,PASS
1691,pack 8.4 V,100,5,8.4,7.9,5,0.02,0,5,5,4.995,5.008,0.1568,0.005847,PASS,PASS,PASS
1692,pack 8.4 V,100,8,8.4,7.9,5,0.02,0,5,5,8.001,8.008,0.1007,0.0045,PASS,PASS,PASS
1693,pack 8.4 V,100,3,8.4,7.9,0.5,0.04,0,0.5,0.5,2.924,3.012,-2.521,0.01545,PASS,PASS,PASS
1694,pack 8.4 V,100,5,8.4,7.9,0.5,0.04,0,0.5,0.5,4.922,5.009,-1.551,0.01236,PASS,PASS,PASS
1695,pack 8.4 V,100,8,8.4,7.9,0.5,0.04,0,0.5,0.5,7.946,8.008,-0.6798,0.009891,PASS,PASS,PASS
1696,pack 8.4 V,100,3,8.4,7.9,1,0.04,0,1,1,2.97,3.014,-1.008,0.01331,PASS,PASS,PASS
1697,pack 8.4 V,100,5,8.4,7.9,1,0.04,0,1,1,4.98,5.011,-0.4059,0.009943,PASS,PASS,PASS
1698,pack 8.4 V,100,8,8.4,7.9,1,0.04,0,1,1,7.996,8.005,0.06139,0.007877,PASS,PASS,PASS
1699,pack 8.4 V,100,3,8.4,7.9,2,0.04,0,2,2,2.906,3.015,-3.136,0.01734,PASS,PASS,PASS
1700,pack 8.4 V,100,5,8.4,7.9,2,0.04,0,2,2,4.903,5.01,-1.946,0.01298,PASS,PASS,PASS
1701,pack 8.4 V,100,8,8.4,7.9,2,0.04,0,2,2,7.926,8.008,-0.9223,0.01045,PASS,PASS,PASS
1702,pack 8.4 V,100,3,8.4,7.9,5,0.04,0,5,5,2.971,3.014,-0.9777,0.01368,PASS,PASS,PASS
1703,pack 8.4 V,100,5,8.4,7.9,5,0.04,0,5,5,4.977,5.008,-0.4652,0.009676,PASS,PASS,PASS
1704,pack 8.4 V,100,8,8.4,7.9,5,0.04,0,5,5,7.995,8.006,0.07888,0.008122,PASS,PASS,PASS
1705,pack 8.4 V,100,3,8.4,7.9,0.5,0.06,0,0.5,0.5,2.882,3.012,-3.94,0.02148,PASS,PASS,PASS
1706,pack 8.4 V,100,5,8.4,7.9,0.5,0.06,0,0.5,0.5,4.881,5.011,-2.378,0.01742,PASS,PASS,PASS
1707,pack 8.4 V,100,8,8.4,7.9,0.5,0.06,0,0.5,0.5,7.911,8.011,-1.109,0.01422,PASS,PASS,PASS
1708,pack 8.4 V,100,3,8.4,7.9,1,0.06,0,1,1,2.938,3.013,-2.06,0.01785,PASS,PASS,PASS
1709,pack 8.4 V,100,5,8.4,7.9,1,0.06,0,1,1,4.959,5.008,-0.8287,0.01388,PASS,PASS,PASS
1710,pack 8.4 V,100,8,8.4,7.9,1,0.06,0,1,1,7.988,8.006,-0.1439,0.01135,PASS,PASS,PASS
1711,pack 8.4 V,100,3,8.4,7.9,2,0.06,0,2,2,2.857,3.017,-4.778,0.02365,PASS,PASS,PASS
1712,pack 8.4 V,100,5,8.4,7.9,2,0.06,0,2,2,4.852,5.013,-2.96,0.01862,PASS,PASS,PASS
1713,pack 8.4 V,100,8,8.4,7.9,2,0.06,0,2,2,7.882,8.01,-1.479,0.01532,PASS,PASS,PASS
1714,pack 8.4 V,100,3,8.4,7.9,5,0.06,0,5,5,2.943,3.013,-1.9,0.01894,PASS,PASS,PASS
1715,pack 8.4 V,100,5,8.4,7.9,5,0.06,0,5,5,4.955,5.008,-0.8927,0.01415,PASS,PASS,PASS
1716,pack 8.4 V,100,8,8.4,7.9,5,0.06,0,5,5,7.989,8.004,-0.1362,0.01149,PASS,PASS,PASS
1717,pack 8.4 V,100,3,8.4,7.9,0.5,0.08,0,0.5,0.5,2.838,3.012,-5.389,0.02816,PASS,PASS,PASS
1718,pack 8.4 V,100,5,8.4,7.9,0.5,0.08,0,0.5,0.5,4.839,5.01,-3.226,0.0223,PASS,PASS,PASS
1719,pack 8.4 V,100,8,8.4,7.9,0.5,0.08,0,0.5,0.5,7.873,8.011,-1.593,0.01869,PASS,PASS,PASS
1720,pack 8.4 V,100,3,8.4,7.9,1,0.08,0,1,1,2.91,3.013,-2.995,0.02245,PASS,PASS,PASS
1721,pack 8.4 V,100,5,8.4,7.9,1,0.08,0,1,1,4.934,5.01,-1.311,0.01759,PASS,PASS,PASS
1722,pack 8.4 V,100,8,8.4,7.9,1,0.08,0,1,1,7.979,8.007,-0.2563,0.01472,PASS,PASS,PASS
1723,pack 8.4 V,100,3,8.4,7.9,2,0.08,0,2,2,2.812,3.012,-6.251,0.02975,PASS,PASS,PASS
1724,pack 8.4 V,100,5,8.4,7.9,2,0.08,0,2,2,4.8,5.01,-4.009,0.02405,PASS,PASS,PASS
1725,pack 8.4 V,100,8,8.4,7.9,2,0.08,0,2,2,7.833,8.007,-2.093,0.01979,PASS,PASS,PASS
1726,pack 8.4 V,100,3,8.4,7.9,5,0.08,0,5,5,2.912,3.013,-2.934,0.02326,PASS,PASS,PASS
1727,pack 8.4 V,100,5,8.4,7.9,5,0.08,0,5,5,4.937,5.01,-1.259,0.01839,PASS,PASS,PASS
1728,pack 8.4 V,100,8,8.4,7.9,5,0.08,0,5,5,7.975,8.005,-0.308,0.01507,PASS,PASS,PASS
1729,pack 8.4 V,100,3,8.4,7.9,0.5,0.1,0,0.5,0.5,2.801,3.011,-6.646,0.03401,PASS,PASS,PASS
1730,pack 8.4 V,100,5,8.4,7.9,0.5,0.1,0,0.5,0.5,4.795,5.01,-4.098,0.02766,PASS,PASS,PASS
1731,pack 8.4 V,100,8,8.4,7.9,0.5,0.1,0,0.5,0.5,7.832,8.008,-2.102,0.02252,PASS,PASS,PASS
1732,pack 8.4 V,100,3,8.4,7.9,1,0.1,0,1,1,2.881,3.013,-3.975,0.02707,PASS,PASS,PASS
1733,pack 8.4 V,100,5,8.4,7.9,1,0.1,0,1,1,4.909,5.011,-1.814,0.02164,PASS,PASS,PASS
1734,pack 8.4 V,100,8,8.4,7.9,1,0.1,0,1,1,7.965,8.007,-0.4393,0.0178,PASS,PASS,PASS
1735,pack 8.4 V,100,3,8.4,7.9,2,0.1,0,2,2,2.771,3.018,-7.637,0.03639,PASS,PASS,PASS
1736,pack 8.4 V,100,5,8.4,7.9,2,0.1,0,2,2,4.754,5.011,-4.92,0.02886,PASS,PASS,PASS
1737,pack 8.4 V,100,8,8.4,7.9,2,0.1,0,2,2,7.782,8.007,-2.725,0.02401,PASS,PASS,PASS
1738,pack 8.4 V,100,3,8.4,7.9,5,0.1,0,5,5,2.881,3.014,-3.964,0.02803,PASS,PASS,PASS
1739,pack 8.4 V,100,5,8.4,7.9,5,0.1,0,5,5,4.907,5.01,-1.865,0.02223,PASS,PASS,PASS
1740,pack 8.4 V,100,8,8.4,7.9,5,0.1,0,5,5,7.962,8.007,-0.4689,0.01796,PASS,PASS,PASS
1741,pack 8.4 V,100,3,8.4,7.9,0.5,0.12,0,0.5,0.5,2.764,3.012,-7.868,0.03994,PASS,PASS,PASS
1742,pack 8.4 V,100,5,8.4,7.9,0.5,0.12,0,0.5,0.5,4.751,5.011,-4.989,0.03188,PASS,PASS,PASS
1743,pack 8.4 V,100,8,8.4,7.9,0.5,0.12,0,0.5,0.5,7.788,8.011,-2.656,0.0266,PASS,PASS,PASS
1744,pack 8.4 V,100,3,8.4,7.9,1,0.12,0,1,1,2.856,3.013,-4.798,0.03131,PASS,PASS,PASS
1745,pack 8.4 V,100,5,8.4,7.9,1,0.12,0,1,1,4.883,5.008,-2.349,0.02559,PASS,PASS,PASS
1746,pack 8.4 V,100,8,8.4,7.9,1,0.12,0,1,1,7.945,8.004,-0.6818,0.02109,PASS,PASS,PASS
1747,pack 8.4 V,100,3,8.4,7.9,2,0.12,0,2,2,2.726,3.017,-9.125,0.04183,PASS,PASS,PASS
1748,pack 8.4 V,100,5,8.4,7.9,2,0.12,0,2,2,4.705,5.01,-5.903,0.03379,PASS,PASS,PASS
1749,pack 8.4 V,100,8,8.4,7.9,2,0.12,0,2,2,7.73,8.007,-3.375,0.02822,PASS,PASS,PASS
1750,pack 8.4 V,100,3,8.4,7.9,5,0.12,0,5,5,2.856,3.012,-4.813,0.03243,PASS,PASS,PASS
1751,pack 8.4 V,100,5,8.4,7.9,5,0.12,0,5,5,4.881,5.009,-2.375,0.02604,PASS,PASS,PASS
1752,pack 8.4 V,100,8,8.4,7.9,5,0.12,0,5,5,7.944,8.007,-0.706,0.02118,PASS,PASS,PASS
1753,pack 8.4 V,100,3,8.4,7.9,0.5,0.14,0,0.5,0.5,2.727,3.017,-9.109,0.04601,PASS,PASS,PASS
1754,pack 8.4 V,100,5,8.4,7.9,0.5,0.14,0,0.5,0.5,4.709,5.009,-5.819,0.03698,PASS,PASS,PASS
1755,pack 8.4 V,100,8,8.4,7.9,0.5,0.14,0,0.5,0.5,7.744,8.008,-3.195,0.03027,PASS,PASS,PASS
1756,pack 8.4 V,100,3,8.4,7.9,1,0.14,0,1,1,2.829,3.016,-5.716,0.03625,PASS,PASS,PASS
1757,pack 8.4 V,100,5,8.4,7.9,1,0.14,0,1,1,4.856,5.008,-2.87,0.02922,PASS,PASS,PASS
1758,pack 8.4 V,100,8,8.4,7.9,1,0.14,0,1,1,7.924,8.009,-0.9548,0.02412,PASS,PASS,PASS
1759,pack 8.4 V,100,3,8.4,7.9,2,0.14,0,2,2,2.688,3.017,-10.4,0.04828,FAIL,PASS,PASS
1760,pack 8.4 V,100,5,8.4,7.9,2,0.14,0,2,2,4.659,5.01,-6.828,0.03896,PASS,PASS,PASS
1761,pack 8.4 V,100,8,8.4,7.9,2,0.14,0,2,2,7.677,8.008,-4.033,0.03241,PASS,PASS,PASS
1762,pack 8.4 V,100,3,8.4,7.9,5,0.14,0,5,5,2.827,3.014,-5.75,0.0375,PASS,PASS,PASS
1763,pack 8.4 V,100,5,8.4,7.9,5,0.14,0,5,5,4.853,5.009,-2.938,0.02973,PASS,PASS,PASS
1764,pack 8.4 V,100,8,8.4,7.9,5,0.14,0,5,5,7.924,8.004,-0.9528,0.02456,PASS,PASS,PASS
1765,pack 8.4 V,100,3,8.4,7.9,0.5,0.16,0,0.5,0.5,2.693,3.015,-10.22,0.05121,FAIL,PASS,FAIL
1766,pack 8.4 V,100,5,8.4,7.9,0.5,0.16,0,0.5,0.5,4.669,5.011,-6.614,0.04098,PASS,PASS,PASS
1767,pack 8.4 V,100,8,8.4,7.9,0.5,0.16,0,0.5,0.5,7.698,8.008,-3.776,0.0339,PASS,PASS,PASS
1768,pack 8.4 V,100,3,8.4,7.9,1,0.16,0,1,1,2.802,3.014,-6.591,0.04037,PASS,PASS,PASS
1769,pack 8.4 V,100,5,8.4,7.9,1,0.16,0,1,1,4.829,5.009,-3.419,0.03253,PASS,PASS,PASS
1770,pack 8.4 V,100,8,8.4,7.9,1,0.16,0,1,1,7.9,8.007,-1.246,0.02687,PASS,PASS,PASS
1771,pack 8.4 V,100,3,8.4,7.9,2,0.16,0,2,2,2.648,3.013,-11.72,0.05395,FAIL,PASS,FAIL
1772,pack 8.4 V,100,5,8.4,7.9,2,0.16,0,2,2,4.61,5.013,-7.797,0.04357,PASS,PASS,PASS
1773,pack 8.4 V,100,8,8.4,7.9,2,0.16,0,2,2,7.623,8.007,-4.714,0.03633,PASS,PASS,PASS
1774,pack 8.4 V,100,3,8.4,7.9,5,0.16,0,5,5,2.804,3.013,-6.519,0.04131,PASS,PASS,PASS
1775,pack 8.4 V,100,5,8.4,7.9,5,0.16,0,5,5,4.828,5.01,-3.438,0.03374,PASS,PASS,PASS
1776,pack 8.4 V,100,8,8.4,7.9,5,0.16,0,5,5,7.903,8.008,-1.216,0.0273,PASS,PASS,PASS
1777,pack 8.4 V,100,3,8.4,7.9,0.5,0.18,0,0.5,0.5,2.658,3.017,-11.41,0.05627,FAIL,PASS,FAIL
1778,pack 8.4 V,100,5,8.4,7.9,0.5,0.18,0,0.5,0.5,4.626,5.011,-7.482,0.04518,PASS,PASS,PASS
1779,pack 8.4 V,100,8,8.4,7.9,0.5,0.18,0,0.5,0.5,7.652,8.007,-4.354,0.03733,PASS,PASS,PASS
1780,pack 8.4 V,100,3,8.4,7.9,1,0.18,0,1,1,2.777,3.013,-7.424,0.04466,PASS,PASS,PASS
1781,pack 8.4 V,100,5,8.4,7.9,1,0.18,0,1,1,4.801,5.009,-3.985,0.03624,PASS,PASS,PASS
1782,pack 8.4 V,100,8,8.4,7.9,1,0.18,0,1,1,7.877,8.009,-1.541,0.02975,PASS,PASS,PASS
1783,pack 8.4 V,100,3,8.4,7.9,2,0.18,0,2,2,2.617,3.017,-12.77,0.06036,FAIL,PASS,FAIL
1784,pack 8.4 V,100,5,8.4,7.9,2,0.18,0,2,2,4.565,5.013,-8.702,0.04837,PASS,PASS,PASS
1785,pack 8.4 V,100,8,8.4,7.9,2,0.18,0,2,2,7.572,8.007,-5.349,0.03993,PASS,PASS,PASS
1786,pack 8.4 V,100,3,8.4,7.9,5,0.18,0,5,5,2.777,3.007,-7.446,0.04645,PASS,PASS,PASS
1787,pack 8.4 V,100,5,8.4,7.9,5,0.18,0,5,5,4.797,5.009,-4.062,0.03656,PASS,PASS,PASS
1788,pack 8.4 V,100,8,8.4,7.9,5,0.18,0,5,5,7.878,8.005,-1.531,0.03014,PASS,PASS,PASS
1789,pack 8.4 V,100,3,8.4,7.9,0.5,0.2,0,0.5,0.5,2.624,3.015,-12.53,0.06115,FAIL,PASS,FAIL
1790,pack 8.4 V,100,5,8.4,7.9,0.5,0.2,0,0.5,0.5,4.586,5.009,-8.277,0.04944,PASS,PASS,PASS
1791,pack 8.4 V,100,8,8.4,7.9,0.5,0.2,0,0.5,0.5,7.608,8.007,-4.897,0.04069,PASS,PASS,PASS
1792,pack 8.4 V,100,3,8.4,7.9,1,0.2,0,1,1,2.753,3.013,-8.239,0.04941,PASS,PASS,PASS
1793,pack 8.4 V,100,5,8.4,7.9,1,0.2,0,1,1,4.771,5.009,-4.57,0.03919,PASS,PASS,PASS
1794,pack 8.4 V,100,8,8.4,7.9,1,0.2,0,1,1,7.85,8.009,-1.879,0.03261,PASS,PASS,PASS
1795,pack 8.4 V,100,3,8.4,7.9,2,0.2,0,2,2,2.582,3.017,-13.94,0.06545,FAIL,PASS,FAIL
1796,pack 8.4 V,100,5,8.4,7.9,2,0.2,0,2,2,4.521,5.01,-9.586,0.05215,PASS,PASS,FAIL
1797,pack 8.4 V,100,8,8.4,7.9,2,0.2,0,2,2,7.52,8.007,-6.001,0.04364,PASS,PASS,PASS
1798,pack 8.4 V,100,3,8.4,7.9,5,0.2,0,5,5,2.753,3.007,-8.227,0.04961,PASS,PASS,PASS
1799,pack 8.4 V,100,5,8.4,7.9,5,0.2,0,5,5,4.77,5.009,-4.595,0.04,PASS,PASS,PASS
1800,pack 8.4 V,100,8,8.4,7.9,5,0.2,0,5,5,7.852,8.006,-1.856,0.03284,PASS,PASS,PASS
1801,pack 8.4 V,100,3,8.4,7.9,0.5,0.22,0,0.5,0.5,2.595,3.014,-13.5,0.06616,FAIL,PASS,FAIL
1802,pack 8.4 V,100,5,8.4,7.9,0.5,0.22,0,0.5,0.5,4.547,5.01,-9.064,0.05337,PASS,PASS,FAIL
1803,pack 8.4 V,100,8,8.4,7.9,0.5,0.22,0,0.5,0.5,7.563,8.007,-5.466,0.04416,PASS,PASS,PASS
1804,pack 8.4 V,100,3,8.4,7.9,1,0.22,0,1,1,2.726,3.015,-9.117,0.05311,PASS,PASS,FAIL
1805,pack 8.4 V,100,5,8.4,7.9,1,0.22,0,1,1,4.74,5.007,-5.2,0.04295,PASS,PASS,PASS
1806,pack 8.4 V,100,8,8.4,7.9,1,0.22,0,1,1,7.819,8.006,-2.262,0.03497,PASS,PASS,PASS
1807,pack 8.4 V,100,3,8.4,7.9,2,0.22,0,2,2,2.548,3.018,-15.07,0.07018,FAIL,PASS,FAIL
1808,pack 8.4 V,100,5,8.4,7.9,2,0.22,0,2,2,4.478,5.01,-10.44,0.05692,FAIL,FAIL,FAIL
1809,pack 8.4 V,100,8,8.4,7.9,2,0.22,0,2,2,7.468,8.007,-6.654,0.047,PASS,FAIL,PASS
1810,pack 8.4 V,100,3,8.4,7.9,5,0.22,0,5,5,2.731,3.01,-8.979,0.0545,PASS,PASS,FAIL
1811,pack 8.4 V,100,5,8.4,7.9,5,0.22,0,5,5,4.741,5.01,-5.189,0.0429,PASS,PASS,PASS
1812,pack 8.4 V,100,8,8.4,7.9,5,0.22,0,5,5,7.822,8.007,-2.23,0.03544,PASS,PASS,PASS
1813,pack 8.4 V,100,3,8.4,7.9,0.5,0.24,0,0.5,0.5,2.563,3.014,-14.58,0.07057,FAIL,PASS,FAIL
1814,pack 8.4 V,100,5,8.4,7.9,0.5,0.24,0,0.5,0.5,4.509,5.011,-9.829,0.05748,PASS,PASS,FAIL
1815,pack 8.4 V,100,8,8.4,7.9,0.5,0.24,0,0.5,0.5,7.515,8.011,-6.068,0.04717,PASS,PASS,PASS
1816,pack 8.4 V,100,3,8.4,7.9,1,0.24,0,1,1,2.703,3.015,-9.889,0.05657,PASS,PASS,FAIL
1817,pack 8.4 V,100,5,8.4,7.9,1,0.24,0,1,1,4.712,5.008,-5.755,0.04573,PASS,PASS,PASS
1818,pack 8.4 V,100,8,8.4,7.9,1,0.24,0,1,1,7.791,8.006,-2.617,0.03751,PASS,PASS,PASS
1819,pack 8.4 V,100,3,8.4,7.9,2,0.24,0,2,2,2.514,3.013,-16.19,0.07469,FAIL,PASS,FAIL
1820,pack 8.4 V,100,5,8.4,7.9,2,0.24,0,2,2,4.438,5.013,-11.23,0.06109,FAIL,FAIL,FAIL
1821,pack 8.4 V,100,8,8.4,7.9,2,0.24,0,2,2,7.419,8.008,-7.266,0.05044,PASS,FAIL,FAIL
1822,pack 8.4 V,100,3,8.4,7.9,5,0.24,0,5,5,2.709,3.013,-9.703,0.05787,PASS,PASS,FAIL
1823,pack 8.4 V,100,5,8.4,7.9,5,0.24,0,5,5,4.71,5.008,-5.799,0.04658,PASS,PASS,PASS
1824,pack 8.4 V,100,8,8.4,7.9,5,0.24,0,5,5,7.792,8.007,-2.595,0.03814,PASS,PASS,PASS
1825,pack 8.4 V,100,3,8.4,7.9,0.5,0.26,0,0.5,0.5,2.534,3.015,-15.53,0.07579,FAIL,PASS,FAIL
1826,pack 8.4 V,100,5,8.4,7.9,0.5,0.26,0,0.5,0.5,4.473,5.009,-10.54,0.061,FAIL,FAIL,FAIL
1827,pack 8.4 V,100,8,8.4,7.9,0.5,0.26,0,0.5,0.5,7.469,8.007,-6.639,0.04999,PASS,FAIL,PASS
1828,pack 8.4 V,100,3,8.4,7.9,1,0.26,0,1,1,2.682,3.013,-10.61,0.06082,FAIL,PASS,FAIL
1829,pack 8.4 V,100,5,8.4,7.9,1,0.26,0,1,1,4.683,5.011,-6.344,0.04872,PASS,PASS,PASS
1830,pack 8.4 V,100,8,8.4,7.9,1,0.26,0,1,1,7.76,8.007,-3.006,0.04005,PASS,PASS,PASS
1831,pack 8.4 V,100,3,8.4,7.9,2,0.26,0,2,2,2.482,3.015,-17.27,0.08017,FAIL,FAIL,FAIL
1832,pack 8.4 V,100,5,8.4,7.9,2,0.26,0,2,2,4.396,5.011,-12.07,0.06517,FAIL,FAIL,FAIL
1833,pack 8.4 V,100,8,8.4,7.9,2,0.26,0,2,2,7.367,8.009,-7.917,0.0535,PASS,FAIL,FAIL
1834,pack 8.4 V,100,3,8.4,7.9,5,0.26,0,5,5,2.688,3.013,-10.41,0.06211,FAIL,PASS,FAIL
1835,pack 8.4 V,100,5,8.4,7.9,5,0.26,0,5,5,4.684,5.009,-6.317,0.04951,PASS,PASS,PASS
1836,pack 8.4 V,100,8,8.4,7.9,5,0.26,0,5,5,7.762,8.007,-2.98,0.04066,PASS,PASS,PASS
1837,pack 8.4 V,100,3,8.4,7.9,0.5,0.28,0,0.5,0.5,2.506,3.012,-16.47,0.0795,FAIL,PASS,FAIL
1838,pack 8.4 V,100,5,8.4,7.9,0.5,0.28,0,0.5,0.5,4.436,5.009,-11.28,0.06457,FAIL,FAIL,FAIL
1839,pack 8.4 V,100,8,8.4,7.9,0.5,0.28,0,0.5,0.5,7.424,8.006,-7.201,0.05309,PASS,FAIL,FAIL
1840,pack 8.4 V,100,3,8.4,7.9,1,0.28,0,1,1,2.657,3.015,-11.44,0.06481,FAIL,PASS,FAIL
1841,pack 8.4 V,100,5,8.4,7.9,1,0.28,0,1,1,4.653,5.009,-6.937,0.05193,PASS,PASS,FAIL
1842,pack 8.4 V,100,8,8.4,7.9,1,0.28,0,1,1,7.73,8.007,-3.378,0.04254,PASS,PASS,PASS
1843,pack 8.4 V,100,3,8.4,7.9,2,0.28,0,2,2,2.448,3.013,-18.4,0.08518,FAIL,FAIL,FAIL
1844,pack 8.4 V,100,5,8.4,7.9,2,0.28,0,2,2,4.357,5.012,-12.86,0.0687,FAIL,FAIL,FAIL
1845,pack 8.4 V,100,8,8.4,7.9,2,0.28,0,2,2,7.319,8.01,-8.511,0.05702,PASS,FAIL,FAIL
1846,pack 8.4 V,100,3,8.4,7.9,5,0.28,0,5,5,2.666,3.012,-11.15,0.06591,FAIL,PASS,FAIL
1847,pack 8.4 V,100,5,8.4,7.9,5,0.28,0,5,5,4.656,5.009,-6.889,0.05211,PASS,PASS,FAIL
1848,pack 8.4 V,100,8,8.4,7.9,5,0.28,0,5,5,7.73,8.003,-3.378,0.04312,PASS,PASS,PASS
1849,pack 8.4 V,100,3,8.4,7.9,0.5,0.3,0,0.5,0.5,2.479,3.017,-17.37,0.0842,FAIL,FAIL,FAIL
1850,pack 8.4 V,100,5,8.4,7.9,0.5,0.3,0,0.5,0.5,4.399,5.01,-12.03,0.06777,FAIL,FAIL,FAIL
1851,pack 8.4 V,100,8,8.4,7.9,0.5,0.3,0,0.5,0.5,7.381,8.006,-7.741,0.05575,PASS,FAIL,FAIL
1852,pack 8.4 V,100,3,8.4,7.9,1,0.3,0,1,1,2.633,3.015,-12.24,0.06809,FAIL,PASS,FAIL
1853,pack 8.4 V,100,5,8.4,7.9,1,0.3,0,1,1,4.628,5.009,-7.45,0.05444,PASS,PASS,FAIL
1854,pack 8.4 V,100,8,8.4,7.9,1,0.3,0,1,1,7.698,8.005,-3.773,0.04483,PASS,PASS,PASS
1855,pack 8.4 V,100,3,8.4,7.9,2,0.3,0,2,2,2.42,3.013,-19.35,0.08967,FAIL,FAIL,FAIL
1856,pack 8.4 V,100,5,8.4,7.9,2,0.3,0,2,2,4.319,5.014,-13.62,0.07213,FAIL,FAIL,FAIL
1857,pack 8.4 V,100,8,8.4,7.9,2,0.3,0,2,2,7.27,8.007,-9.121,0.05994,PASS,FAIL,FAIL
1858,pack 8.4 V,100,3,8.4,7.9,5,0.3,0,5,5,2.646,3.009,-11.81,0.06852,FAIL,PASS,FAIL
1859,pack 8.4 V,100,5,8.4,7.9,5,0.3,0,5,5,4.627,5.009,-7.457,0.05526,PASS,PASS,FAIL
1860,pack 8.4 V,100,8,8.4,7.9,5,0.3,0,5,5,7.698,8.008,-3.774,0.04543,PASS,PASS,PASS
1861,slope 65 dB/V,65,3,7.4,6.7,0.5,-0.3,0,0.5,0.5,3.621,3.011,20.7,0.09255,FAIL,FAIL,FAIL
1862,slope 65 dB/V,65,5,7.4,6.7,0.5,-0.3,0,0.5,0.5,6.073,5.01,21.46,0.07323,FAIL,FAIL,FAIL
1863,slope 65 dB/V,65,8,7.4,6.7,0.5,-0.3,0,0.5,0.5,9.433,8.008,17.92,0.05908,FAIL,FAIL,FAIL
1864,slope 65 dB/V,65,3,7.4,6.7,1,-0.3,0,1,1,3.608,3.015,20.28,0.07566,FAIL,FAIL,FAIL
1865,slope 65 dB/V,65,5,7.4,6.7,1,-0.3,0,1,1,5.935,5.009,18.71,0.05912,FAIL,FAIL,FAIL
1866,slope 65 dB/V,65,8,7.4,6.7,1,-0.3,0,1,1,8.09,8.007,1.12,0.04728,PASS,PASS,PASS
1867,slope 65 dB/V,65,3,7.4,6.7,2,-0.3,0,2,2,3.618,3.021,20.61,0.1002,FAIL,FAIL,FAIL
1868,slope 65 dB/V,65,5,7.4,6.7,2,-0.3,0,2,2,6.089,5.012,21.78,0.07869,FAIL,FAIL,FAIL
1869,slope 65 dB/V,65,8,7.4,6.7,2,-0.3,0,2,2,9.653,8.007,20.66,0.06362,FAIL,FAIL,FAIL
1870,slope 65 dB/V,65,3,7.4,6.7,5,-0.3,0,5,5,3.61,3.011,20.32,0.0777,FAIL,FAIL,FAIL
1871,slope 65 dB/V,65,5,7.4,6.7,5,-0.3,0,5,5,5.938,5.008,18.77,0.06011,FAIL,FAIL,FAIL
1872,slope 65 dB/V,65,8,7.4,6.7,5,-0.3,0,5,5,8.086,8.009,1.071,0.04823,PASS,PASS,PASS
1873,slope 65 dB/V,65,3,7.4,6.7,0.5,-0.28,0,0.5,0.5,3.596,3.011,19.88,0.08567,FAIL,FAIL,FAIL
1874,slope 65 dB/V,65,5,7.4,6.7,0.5,-0.28,0,0.5,0.5,6.019,5.01,20.38,0.06737,FAIL,FAIL,FAIL
1875,slope 65 dB/V,65,8,7.4,6.7,0.5,-0.28,0,0.5,0.5,8.492,8.01,6.151,0.05456,PASS,PASS,FAIL
1876,slope 65 dB/V,65,3,7.4,6.7,1,-0.28,0,1,1,3.579,3.012,19.32,0.06955,FAIL,FAIL,FAIL
1877,slope 65 dB/V,65,5,7.4,6.7,1,-0.28,0,1,1,5.379,5.01,7.588,0.05445,PASS,PASS,FAIL
1878,slope 65 dB/V,65,8,7.4,6.7,1,-0.28,0,1,1,8.084,8.005,1.052,0.04367,PASS,PASS,PASS
1879,slope 65 dB/V,65,3,7.4,6.7,2,-0.28,0,2,2,3.6,3.018,20,0.09227,FAIL,FAIL,FAIL
1880,slope 65 dB/V,65,5,7.4,6.7,2,-0.28,0,2,2,6.037,5.012,20.75,0.0729,FAIL,FAIL,FAIL
1881,slope 65 dB/V,65,8,7.4,6.7,2,-0.28,0,2,2,9.523,8.007,19.03,0.05917,FAIL,FAIL,FAIL
1882,slope 65 dB/V,65,3,7.4,6.7,5,-0.28,0,5,5,3.582,3.009,19.39,0.0718,FAIL,FAIL,FAIL
1883,slope 65 dB/V,65,5,7.4,6.7,5,-0.28,0,5,5,5.387,5.008,7.734,0.05595,PASS,PASS,FAIL
1884,slope 65 dB/V,65,8,7.4,6.7,5,-0.28,0,5,5,8.09,8.009,1.12,0.04425,PASS,PASS,PASS
1885,slope 65 dB/V,65,3,7.4,6.7,0.5,-0.26,0,0.5,0.5,3.57,3.011,19.02,0.07795,FAIL,FAIL,FAIL
1886,slope 65 dB/V,65,5,7.4,6.7,0.5,-0.26,0,0.5,0.5,5.956,5.009,19.12,0.06218,FAIL,FAIL,FAIL
1887,slope 65 dB/V,65,8,7.4,6.7,0.5,-0.26,0,0.5,0.5,8.457,8.008,5.708,0.05033,PASS,PASS,FAIL
1888,slope 65 dB/V,65,3,7.4,6.7,1,-0.26,0,1,1,3.549,3.015,18.3,0.06457,FAIL,FAIL,FAIL
1889,slope 65 dB/V,65,5,7.4,6.7,1,-0.26,0,1,1,5.338,5.008,6.759,0.05011,PASS,PASS,FAIL
1890,slope 65 dB/V,65,8,7.4,6.7,1,-0.26,0,1,1,8.083,8.004,1.037,0.04018,PASS,PASS,PASS
1891,slope 65 dB/V,65,3,7.4,6.7,2,-0.26,0,2,2,3.574,3.017,19.15,0.08376,FAIL,FAIL,FAIL
1892,slope 65 dB/V,65,5,7.4,6.7,2,-0.26,0,2,2,5.982,5.012,19.63,0.06675,FAIL,FAIL,FAIL
1893,slope 65 dB/V,65,8,7.4,6.7,2,-0.26,0,2,2,9.328,8.007,16.6,0.05457,FAIL,FAIL,FAIL
1894,slope 65 dB/V,65,3,7.4,6.7,5,-0.26,0,5,5,3.552,3.008,18.42,0.06578,FAIL,FAIL,FAIL
1895,slope 65 dB/V,65,5,7.4,6.7,5,-0.26,0,5,5,5.341,5.005,6.829,0.05113,PASS,PASS,FAIL
1896,slope 65 dB/V,65,8,7.4,6.7,5,-0.26,0,5,5,8.088,8.009,1.105,0.04082,PASS,PASS,PASS
1897,slope 65 dB/V,65,3,7.4,6.7,0.5,-0.24,0,0.5,0.5,3.538,3.017,17.94,0.07216,FAIL,FAIL,FAIL
1898,slope 65 dB/V,65,5,7.4,6.7,0.5,-0.24,0,0.5,0.5,5.886,5.013,17.73,0.05694,FAIL,FAIL,FAIL
1899,slope 65 dB/V,65,8,7.4,6.7,0.5,-0.24,0,0.5,0.5,8.421,8.008,5.267,0.04627,PASS,PASS,PASS
1900,slope 65 dB/V,65,3,7.4,6.7,1,-0.24,0,1,1,3.515,3.014,17.16,0.05864,FAIL,FAIL,FAIL
1901,slope 65 dB/V,65,5,7.4,6.7,1,-0.24,0,1,1,5.307,5.011,6.139,0.04621,PASS,PASS,PASS
1902,slope 65 dB/V,65,8,7.4,6.7,1,-0.24,0,1,1,8.086,8.007,1.074,0.03678,PASS,PASS,PASS
1903,slope 65 dB/V,65,3,7.4,6.7,2,-0.24,0,2,2,3.54,3.022,18,0.07698,FAIL,FAIL,FAIL
1904,slope 65 dB/V,65,5,7.4,6.7,2,-0.24,0,2,2,5.92,5.012,18.39,0.06127,FAIL,FAIL,FAIL
1905,slope 65 dB/V,65,8,7.4,6.7,2,-0.24,0,2,2,9.091,8.008,13.64,0.05001,FAIL,FAIL,FAIL
1906,slope 65 dB/V,65,3,7.4,6.7,5,-0.24,0,5,5,3.519,3.008,17.3,0.05981,FAIL,FAIL,FAIL
1907,slope 65 dB/V,65,5,7.4,6.7,5,-0.24,0,5,5,5.304,5.004,6.078,0.04696,PASS,PASS,PASS
1908,slope 65 dB/V,65,8,7.4,6.7,5,-0.24,0,5,5,8.083,8.006,1.043,0.03733,PASS,PASS,PASS
1909,slope 65 dB/V,65,3,7.4,6.7,0.5,-0.22,0,0.5,0.5,3.507,3.012,16.91,0.06582,FAIL,FAIL,FAIL
1910,slope 65 dB/V,65,5,7.4,6.7,0.5,-0.22,0,0.5,0.5,5.808,5.009,16.16,0.052,FAIL,FAIL,FAIL
1911,slope 65 dB/V,65,8,7.4,6.7,0.5,-0.22,0,0.5,0.5,8.389,8.007,4.86,0.04191,PASS,PASS,PASS
1912,slope 65 dB/V,65,3,7.4,6.7,1,-0.22,0,1,1,3.479,3.016,15.96,0.053,FAIL,PASS,FAIL
1913,slope 65 dB/V,65,5,7.4,6.7,1,-0.22,0,1,1,5.285,5.01,5.693,0.04142,PASS,PASS,PASS
1914,slope 65 dB/V,65,8,7.4,6.7,1,-0.22,0,1,1,8.084,8.007,1.05,0.03346,PASS,PASS,PASS
1915,slope 65 dB/V,65,3,7.4,6.7,2,-0.22,0,2,2,3.513,3.019,17.11,0.06974,FAIL,FAIL,FAIL
1916,slope 65 dB/V,65,5,7.4,6.7,2,-0.22,0,2,2,5.85,5.016,16.99,0.05575,FAIL,FAIL,FAIL
1917,slope 65 dB/V,65,8,7.4,6.7,2,-0.22,0,2,2,8.815,8.007,10.19,0.04529,FAIL,FAIL,PASS
1918,slope 65 dB/V,65,3,7.4,6.7,5,-0.22,0,5,5,3.479,3.012,15.97,0.05437,FAIL,PASS,FAIL
1919,slope 65 dB/V,65,5,7.4,6.7,5,-0.22,0,5,5,5.276,5.005,5.527,0.04236,PASS,PASS,PASS
1920,slope 65 dB/V,65,8,7.4,6.7,5,-0.22,0,5,5,8.082,8.007,1.027,0.03402,PASS,PASS,PASS
1921,slope 65 dB/V,65,3,7.4,6.7,0.5,-0.2,0,0.5,0.5,3.472,3.012,15.73,0.05896,FAIL,PASS,FAIL
1922,slope 65 dB/V,65,5,7.4,6.7,0.5,-0.2,0,0.5,0.5,5.717,5.009,14.34,0.04651,FAIL,FAIL,PASS
1923,slope 65 dB/V,65,8,7.4,6.7,0.5,-0.2,0,0.5,0.5,8.357,8.011,4.468,0.03825,PASS,PASS,PASS
1924,slope 65 dB/V,65,3,7.4,6.7,1,-0.2,0,1,1,3.439,3.016,14.63,0.04766,FAIL,PASS,PASS
1925,slope 65 dB/V,65,5,7.4,6.7,1,-0.2,0,1,1,5.259,5.009,5.172,0.03753,PASS,PASS,PASS
1926,slope 65 dB/V,65,8,7.4,6.7,1,-0.2,0,1,1,8.078,8.005,0.9797,0.03021,PASS,PASS,PASS
1927,slope 65 dB/V,65,3,7.4,6.7,2,-0.2,0,2,2,3.479,3.017,15.96,0.0629,FAIL,PASS,FAIL
1928,slope 65 dB/V,65,5,7.4,6.7,2,-0.2,0,2,2,5.77,5.013,15.4,0.05029,FAIL,FAIL,FAIL
1929,slope 65 dB/V,65,8,7.4,6.7,2,-0.2,0,2,2,8.659,8.009,8.236,0.04081,PASS,FAIL,PASS
1930,slope 65 dB/V,65,3,7.4,6.7,5,-0.2,0,5,5,3.441,3.007,14.71,0.04971,FAIL,PASS,PASS
1931,slope 65 dB/V,65,5,7.4,6.7,5,-0.2,0,5,5,5.263,5.007,5.27,0.03859,PASS,PASS,PASS
1932,slope 65 dB/V,65,8,7.4,6.7,5,-0.2,0,5,5,8.082,8.01,1.031,0.03092,PASS,PASS,PASS
1933,slope 65 dB/V,65,3,7.4,6.7,0.5,-0.18,0,0.5,0.5,3.429,3.014,14.3,0.05182,FAIL,PASS,FAIL
1934,slope 65 dB/V,65,5,7.4,6.7,0.5,-0.18,0,0.5,0.5,5.622,5.009,12.44,0.04139,FAIL,FAIL,PASS
1935,slope 65 dB/V,65,8,7.4,6.7,0.5,-0.18,0,0.5,0.5,8.329,8.007,4.107,0.03385,PASS,PASS,PASS
1936,slope 65 dB/V,65,3,7.4,6.7,1,-0.18,0,1,1,3.388,3.016,12.92,0.0423,FAIL,PASS,PASS
1937,slope 65 dB/V,65,5,7.4,6.7,1,-0.18,0,1,1,5.228,5.008,4.569,0.03331,PASS,PASS,PASS
1938,slope 65 dB/V,65,8,7.4,6.7,1,-0.18,0,1,1,8.079,8.007,0.9853,0.02689,PASS,PASS,PASS
1939,slope 65 dB/V,65,3,7.4,6.7,2,-0.18,0,2,2,3.437,3.017,14.57,0.05667,FAIL,PASS,FAIL
1940,slope 65 dB/V,65,5,7.4,6.7,2,-0.18,0,2,2,5.689,5.012,13.78,0.04457,FAIL,FAIL,PASS
1941,slope 65 dB/V,65,8,7.4,6.7,2,-0.18,0,2,2,8.558,8.011,6.974,0.03636,PASS,FAIL,PASS
1942,slope 65 dB/V,65,3,7.4,6.7,5,-0.18,0,5,5,3.397,3.008,13.23,0.04409,FAIL,PASS,PASS
1943,slope 65 dB/V,65,5,7.4,6.7,5,-0.18,0,5,5,5.235,5.007,4.691,0.03449,PASS,PASS,PASS
1944,slope 65 dB/V,65,8,7.4,6.7,5,-0.18,0,5,5,8.073,8.008,0.9104,0.02766,PASS,PASS,PASS
1945,slope 65 dB/V,65,3,7.4,6.7,0.5,-0.16,0,0.5,0.5,3.389,3.012,12.98,0.04605,FAIL,PASS,PASS
1946,slope 65 dB/V,65,5,7.4,6.7,0.5,-0.16,0,0.5,0.5,5.535,5.009,10.7,0.03638,FAIL,FAIL,PASS
1947,slope 65 dB/V,65,8,7.4,6.7,0.5,-0.16,0,0.5,0.5,8.298,8.01,3.728,0.03019,PASS,PASS,PASS
1948,slope 65 dB/V,65,3,7.4,6.7,1,-0.16,0,1,1,3.341,3.016,11.37,0.0377,FAIL,PASS,PASS
1949,slope 65 dB/V,65,5,7.4,6.7,1,-0.16,0,1,1,5.209,5.009,4.181,0.02925,PASS,PASS,PASS
1950,slope 65 dB/V,65,8,7.4,6.7,1,-0.16,0,1,1,8.071,8.004,0.8875,0.02383,PASS,PASS,PASS
1951,slope 65 dB/V,65,3,7.4,6.7,2,-0.16,0,2,2,3.399,3.02,13.31,0.0493,FAIL,PASS,PASS
1952,slope 65 dB/V,65,5,7.4,6.7,2,-0.16,0,2,2,5.598,5.012,11.95,0.03935,FAIL,FAIL,PASS
1953,slope 65 dB/V,65,8,7.4,6.7,2,-0.16,0,2,2,8.472,8.006,5.898,0.0325,PASS,PASS,PASS
1954,slope 65 dB/V,65,3,7.4,6.7,5,-0.16,0,5,5,3.346,3.011,11.55,0.0402,FAIL,PASS,PASS
1955,slope 65 dB/V,65,5,7.4,6.7,5,-0.16,0,5,5,5.207,5.008,4.139,0.03033,PASS,PASS,PASS
1956,slope 65 dB/V,65,8,7.4,6.7,5,-0.16,0,5,5,8.075,8.007,0.9375,0.02423,PASS,PASS,PASS
1957,slope 65 dB/V,65,3,7.4,6.7,0.5,-0.14,0,0.5,0.5,3.344,3.012,11.47,0.03966,FAIL,PASS,PASS
1958,slope 65 dB/V,65,5,7.4,6.7,0.5,-0.14,0,0.5,0.5,5.444,5.01,8.878,0.03142,PASS,PASS,PASS
1959,slope 65 dB/V,65,8,7.4,6.7,0.5,-0.14,0,0.5,0.5,8.264,8.007,3.303,0.02585,PASS,PASS,PASS
1960,slope 65 dB/V,65,3,7.4,6.7,1,-0.14,0,1,1,3.295,3.014,9.838,0.03236,PASS,PASS,PASS
1961,slope 65 dB/V,65,5,7.4,6.7,1,-0.14,0,1,1,5.181,5.011,3.618,0.02535,PASS,PASS,PASS
1962,slope 65 dB/V,65,8,7.4,6.7,1,-0.14,0,1,1,8.071,8.007,0.8909,0.02075,PASS,PASS,PASS
1963,slope 65 dB/V,65,3,7.4,6.7,2,-0.14,0,2,2,3.353,3.018,11.77,0.04233,FAIL,PASS,PASS
1964,slope 65 dB/V,65,5,7.4,6.7,2,-0.14,0,2,2,5.51,5.012,10.19,0.03403,FAIL,FAIL,PASS
1965,slope 65 dB/V,65,8,7.4,6.7,2,-0.14,0,2,2,8.399,8.008,4.984,0.02796,PASS,PASS,PASS
1966,slope 65 dB/V,65,3,7.4,6.7,5,-0.14,0,5,5,3.298,3.007,9.929,0.03411,PASS,PASS,PASS
1967,slope 65 dB/V,65,5,7.4,6.7,5,-0.14,0,5,5,5.187,5.006,3.744,0.02623,PASS,PASS,PASS
1968,slope 65 dB/V,65,8,7.4,6.7,5,-0.14,0,5,5,8.071,8.007,0.8843,0.02155,PASS,PASS,PASS
1969,slope 65 dB/V,65,3,7.4,6.7,0.5,-0.12,0,0.5,0.5,3.294,3.011,9.807,0.03404,PASS,PASS,PASS
1970,slope 65 dB/V,65,5,7.4,6.7,0.5,-0.12,0,0.5,0.5,5.359,5.009,7.182,0.0266,PASS,PASS,PASS
1971,slope 65 dB/V,65,8,7.4,6.7,0.5,-0.12,0,0.5,0.5,8.225,8.011,2.814,0.0221,PASS,PASS,PASS
1972,slope 65 dB/V,65,3,7.4,6.7,1,-0.12,0,1,1,3.245,3.014,8.159,0.02792,PASS,PASS,PASS
1973,slope 65 dB/V,65,5,7.4,6.7,1,-0.12,0,1,1,5.157,5.009,3.144,0.02154,PASS,PASS,PASS
1974,slope 65 dB/V,65,8,7.4,6.7,1,-0.12,0,1,1,8.066,8.005,0.8308,0.01758,PASS,PASS,PASS
1975,slope 65 dB/V,65,3,7.4,6.7,2,-0.12,0,2,2,3.306,3.02,10.19,0.03593,FAIL,PASS,PASS
1976,slope 65 dB/V,65,5,7.4,6.7,2,-0.12,0,2,2,5.42,5.012,8.397,0.02914,PASS,PASS,PASS
1977,slope 65 dB/V,65,8,7.4,6.7,2,-0.12,0,2,2,8.336,8.009,4.196,0.0238,PASS,PASS,PASS
1978,slope 65 dB/V,65,3,7.4,6.7,5,-0.12,0,5,5,3.25,3.012,8.33,0.02935,PASS,PASS,PASS
1979,slope 65 dB/V,65,5,7.4,6.7,5,-0.12,0,5,5,5.162,5.008,3.234,0.02286,PASS,PASS,PASS
1980,slope 65 dB/V,65,8,7.4,6.7,5,-0.12,0,5,5,8.066,8.01,0.8195,0.01838,PASS,PASS,PASS
1981,slope 65 dB/V,65,3,7.4,6.7,0.5,-0.1,0,0.5,0.5,3.244,3.011,8.126,0.028,PASS,PASS,PASS
1982,slope 65 dB/V,65,5,7.4,6.7,0.5,-0.1,0,0.5,0.5,5.288,5.01,5.756,0.02233,PASS,PASS,PASS
1983,slope 65 dB/V,65,8,7.4,6.7,0.5,-0.1,0,0.5,0.5,8.196,8.011,2.448,0.01816,PASS,PASS,PASS
1984,slope 65 dB/V,65,3,7.4,6.7,1,-0.1,0,1,1,3.197,3.017,6.568,0.02232,PASS,PASS,PASS
1985,slope 65 dB/V,65,5,7.4,6.7,1,-0.1,0,1,1,5.133,5.009,2.668,0.01791,PASS,PASS,PASS
1986,slope 65 dB/V,65,8,7.4,6.7,1,-0.1,0,1,1,8.06,8.007,0.7544,0.01459,PASS,PASS,PASS
1987,slope 65 dB/V,65,3,7.4,6.7,2,-0.1,0,2,2,3.256,3.018,8.517,0.03062,PASS,PASS,PASS
1988,slope 65 dB/V,65,5,7.4,6.7,2,-0.1,0,2,2,5.335,5.012,6.708,0.02413,PASS,PASS,PASS
1989,slope 65 dB/V,65,8,7.4,6.7,2,-0.1,0,2,2,8.275,8.008,3.438,0.01971,PASS,PASS,PASS
1990,slope 65 dB/V,65,3,7.4,6.7,5,-0.1,0,5,5,3.203,3.011,6.765,0.02462,PASS,PASS,PASS
1991,slope 65 dB/V,65,5,7.4,6.7,5,-0.1,0,5,5,5.138,5.008,2.751,0.01906,PASS,PASS,PASS
1992,slope 65 dB/V,65,8,7.4,6.7,5,-0.1,0,5,5,8.06,8.008,0.7467,0.01499,PASS,PASS,PASS
1993,slope 65 dB/V,65,3,7.4,6.7,0.5,-0.08,0,0.5,0.5,3.194,3.011,6.465,0.0226,PASS,PASS,PASS
1994,slope 65 dB/V,65,5,7.4,6.7,0.5,-0.08,0,0.5,0.5,5.222,5.01,4.446,0.01748,PASS,PASS,PASS
1995,slope 65 dB/V,65,8,7.4,6.7,0.5,-0.08,0,0.5,0.5,8.159,8.009,1.985,0.01416,PASS,PASS,PASS
1996,slope 65 dB/V,65,3,7.4,6.7,1,-0.08,0,1,1,3.157,3.014,5.248,0.01867,PASS,PASS,PASS
1997,slope 65 dB/V,65,5,7.4,6.7,1,-0.08,0,1,1,5.11,5.009,2.198,0.01379,PASS,PASS,PASS
1998,slope 65 dB/V,65,8,7.4,6.7,1,-0.08,0,1,1,8.053,8.007,0.6618,0.01164,PASS,PASS,PASS
1999,slope 65 dB/V,65,3,7.4,6.7,2,-0.08,0,2,2,3.206,3.019,6.879,0.0249,PASS,PASS,PASS
2000,slope 65 dB/V,65,5,7.4,6.7,2,-0.08,0,2,2,5.259,5.011,5.181,0.01929,PASS,PASS,PASS
2001,slope 65 dB/V,65,8,7.4,6.7,2,-0.08,0,2,2,8.217,8.009,2.711,0.01545,PASS,PASS,PASS
2002,slope 65 dB/V,65,3,7.4,6.7,5,-0.08,0,5,5,3.16,3.011,5.337,0.01945,PASS,PASS,PASS
2003,slope 65 dB/V,65,5,7.4,6.7,5,-0.08,0,5,5,5.114,5.008,2.281,0.015,PASS,PASS,PASS
2004,slope 65 dB/V,65,8,7.4,6.7,5,-0.08,0,5,5,8.053,8.007,0.658,0.01214,PASS,PASS,PASS
2005,slope 65 dB/V,65,3,7.4,6.7,0.5,-0.06,0,0.5,0.5,3.145,3.012,4.83,0.01616,PASS,PASS,PASS
2006,slope 65 dB/V,65,5,7.4,6.7,0.5,-0.06,0,0.5,0.5,5.163,5.01,3.27,0.01306,PASS,PASS,PASS
2007,slope 65 dB/V,65,8,7.4,6.7,0.5,-0.06,0,0.5,0.5,8.12,8.006,1.503,0.01079,PASS,PASS,PASS
2008,slope 65 dB/V,65,3,7.4,6.7,1,-0.06,0,1,1,3.116,3.017,3.88,0.01336,PASS,PASS,PASS
2009,slope 65 dB/V,65,5,7.4,6.7,1,-0.06,0,1,1,5.088,5.008,1.762,0.01084,PASS,PASS,PASS
2010,slope 65 dB/V,65,8,7.4,6.7,1,-0.06,0,1,1,8.042,8.009,0.5251,0.008389,PASS,PASS,PASS
2011,slope 65 dB/V,65,3,7.4,6.7,2,-0.06,0,2,2,3.154,3.016,5.121,0.0195,PASS,PASS,PASS
2012,slope 65 dB/V,65,5,7.4,6.7,2,-0.06,0,2,2,5.184,5.015,3.683,0.01502,PASS,PASS,PASS
2013,slope 65 dB/V,65,8,7.4,6.7,2,-0.06,0,2,2,8.162,8.007,2.029,0.01174,PASS,PASS,PASS
2014,slope 65 dB/V,65,3,7.4,6.7,5,-0.06,0,5,5,3.123,3.008,4.085,0.0157,PASS,PASS,PASS
2015,slope 65 dB/V,65,5,7.4,6.7,5,-0.06,0,5,5,5.088,5.01,1.756,0.0117,PASS,PASS,PASS
2016,slope 65 dB/V,65,8,7.4,6.7,5,-0.06,0,5,5,8.043,8.008,0.5332,0.009039,PASS,PASS,PASS
2017,slope 65 dB/V,65,3,7.4,6.7,0.5,-0.04,0,0.5,0.5,3.098,3.011,3.25,0.01092,PASS,PASS,PASS
2018,slope 65 dB/V,65,5,7.4,6.7,0.5,-0.04,0,0.5,0.5,5.103,5.009,2.065,0.008583,PASS,PASS,PASS
2019,slope 65 dB/V,65,8,7.4,6.7,0.5,-0.04,0,0.5,0.5,8.082,8.007,1.022,0.007056,PASS,PASS,PASS
2020,slope 65 dB/V,65,3,7.4,6.7,1,-0.04,0,1,1,3.085,3.014,2.831,0.009721,PASS,PASS,PASS
2021,slope 65 dB/V,65,5,7.4,6.7,1,-0.04,0,1,1,5.063,5.009,1.263,0.007066,PASS,PASS,PASS
2022,slope 65 dB/V,65,8,7.4,6.7,1,-0.04,0,1,1,8.032,8.007,0.3939,0.005709,PASS,PASS,PASS
2023,slope 65 dB/V,65,3,7.4,6.7,2,-0.04,0,2,2,3.1,3.017,3.337,0.0136,PASS,PASS,PASS
2024,slope 65 dB/V,65,5,7.4,6.7,2,-0.04,0,2,2,5.119,5.011,2.379,0.01016,PASS,PASS,PASS
2025,slope 65 dB/V,65,8,7.4,6.7,2,-0.04,0,2,2,8.11,8.007,1.373,0.008089,PASS,PASS,PASS
2026,slope 65 dB/V,65,3,7.4,6.7,5,-0.04,0,5,5,3.088,3.007,2.928,0.01097,PASS,PASS,PASS
2027,slope 65 dB/V,65,5,7.4,6.7,5,-0.04,0,5,5,5.061,5.008,1.229,0.00825,PASS,PASS,PASS
2028,slope 65 dB/V,65,8,7.4,6.7,5,-0.04,0,5,5,8.033,8.005,0.4143,0.006411,PASS,PASS,PASS
2029,slope 65 dB/V,65,3,7.4,6.7,0.5,-0.02,0,0.5,0.5,3.049,3.016,1.623,0.006218,PASS,PASS,PASS
2030,slope 65 dB/V,65,5,7.4,6.7,0.5,-0.02,0,0.5,0.5,5.055,5.01,1.092,0.005964,PASS,PASS,PASS
2031,slope 65 dB/V,65,8,7.4,6.7,0.5,-0.02,0,0.5,0.5,8.042,8.008,0.5241,0.005964,PASS,PASS,PASS
2032,slope 65 dB/V,65,3,7.4,6.7,1,-0.02,0,1,1,3.05,3.015,1.678,0.006044,PASS,PASS,PASS
2033,slope 65 dB/V,65,5,7.4,6.7,1,-0.02,0,1,1,5.035,5.009,0.6908,0.004217,PASS,PASS,PASS
2034,slope 65 dB/V,65,8,7.4,6.7,1,-0.02,0,1,1,8.02,8.005,0.2448,0.004217,PASS,PASS,PASS
2035,slope 65 dB/V,65,3,7.4,6.7,2,-0.02,0,2,2,3.053,3.016,1.773,0.008594,PASS,PASS,PASS
2036,slope 65 dB/V,65,5,7.4,6.7,2,-0.02,0,2,2,5.06,5.014,1.191,0.005505,PASS,PASS,PASS
2037,slope 65 dB/V,65,8,7.4,6.7,2,-0.02,0,2,2,8.059,8.007,0.7426,0.004011,PASS,PASS,PASS
2038,slope 65 dB/V,65,3,7.4,6.7,5,-0.02,0,5,5,3.05,3.008,1.672,0.007953,PASS,PASS,PASS
2039,slope 65 dB/V,65,5,7.4,6.7,5,-0.02,0,5,5,5.038,5.004,0.7516,0.004489,PASS,PASS,PASS
2040,slope 65 dB/V,65,8,7.4,6.7,5,-0.02,0,5,5,8.023,8.006,0.2926,0.003292,PASS,PASS,PASS
2041,slope 65 dB/V,65,3,7.4,6.7,0.5,0,0,0.5,0.5,3.006,3.014,0.4716,0.005964,PASS,PASS,PASS
2042,slope 65 dB/V,65,5,7.4,6.7,0.5,0,0,0.5,0.5,5.005,5.01,0.2061,0.005964,PASS,PASS,PASS
2043,slope 65 dB/V,65,8,7.4,6.7,0.5,0,0,0.5,0.5,8.004,8.007,0.09039,0.005964,PASS,PASS,PASS
2044,slope 65 dB/V,65,3,7.4,6.7,1,0,0,1,1,3.017,3.013,0.5715,0.005302,PASS,PASS,PASS
2045,slope 65 dB/V,65,5,7.4,6.7,1,0,0,1,1,5.012,5.011,0.2381,0.004217,PASS,PASS,PASS
2046,slope 65 dB/V,65,8,7.4,6.7,1,0,0,1,1,8.009,8.008,0.1115,0.004217,PASS,PASS,PASS
2047,slope 65 dB/V,65,3,7.4,6.7,2,0,0,2,2,3.001,3.017,0.552,0.005931,PASS,PASS,PASS
2048,slope 65 dB/V,65,5,7.4,6.7,2,0,0,2,2,5.005,5.012,0.2306,0.003218,PASS,PASS,PASS
2049,slope 65 dB/V,65,8,7.4,6.7,2,0,0,2,2,8.005,8.011,0.1323,0.002982,PASS,PASS,PASS
2050,slope 65 dB/V,65,3,7.4,6.7,5,0,0,5,5,3.021,3.008,0.6986,0.005535,PASS,PASS,PASS
2051,slope 65 dB/V,65,5,7.4,6.7,5,0,0,5,5,5.015,5.009,0.2947,0.00359,PASS,PASS,PASS
2052,slope 65 dB/V,65,8,7.4,6.7,5,0,0,5,5,8.009,8.006,0.1087,0.002132,PASS,PASS,PASS
2053,slope 65 dB/V,65,3,7.4,6.7,0.5,0.02,0,0.5,0.5,2.963,3.012,-1.244,0.007772,PASS,PASS,PASS
2054,slope 65 dB/V,65,5,7.4,6.7,0.5,0.02,0,0.5,0.5,4.956,5.009,-0.8704,0.005964,PASS,PASS,PASS
2055,slope 65 dB/V,65,8,7.4,6.7,0.5,0.02,0,0.5,0.5,7.96,8.008,-0.5011,0.005964,PASS,PASS,PASS
2056,slope 65 dB/V,65,3,7.4,6.7,1,0.02,0,1,1,2.986,3.013,-0.4507,0.007475,PASS,PASS,PASS
2057,slope 65 dB/V,65,5,7.4,6.7,1,0.02,0,1,1,4.986,5.008,-0.2878,0.004445,PASS,PASS,PASS
2058,slope 65 dB/V,65,8,7.4,6.7,1,0.02,0,1,1,7.997,8.007,0.09005,0.004217,PASS,PASS,PASS
2059,slope 65 dB/V,65,3,7.4,6.7,2,0.02,0,2,2,2.955,3.016,-1.514,0.008851,PASS,PASS,PASS
2060,slope 65 dB/V,65,5,7.4,6.7,2,0.02,0,2,2,4.951,5.012,-0.9863,0.00596,PASS,PASS,PASS
2061,slope 65 dB/V,65,8,7.4,6.7,2,0.02,0,2,2,7.955,8.006,-0.5674,0.004498,PASS,PASS,PASS
2062,slope 65 dB/V,65,3,7.4,6.7,5,0.02,0,5,5,2.989,3.008,-0.3785,0.007929,PASS,PASS,PASS
2063,slope 65 dB/V,65,5,7.4,6.7,5,0.02,0,5,5,4.987,5.007,-0.2644,0.00476,PASS,PASS,PASS
2064,slope 65 dB/V,65,8,7.4,6.7,5,0.02,0,5,5,7.997,8.008,0.09761,0.00385,PASS,PASS,PASS
2065,slope 65 dB/V,65,3,7.4,6.7,0.5,0.04,0,0.5,0.5,2.923,3.011,-2.563,0.01278,PASS,PASS,PASS
2066,slope 65 dB/V,65,5,7.4,6.7,0.5,0.04,0,0.5,0.5,4.911,5.009,-1.787,0.009893,PASS,PASS,PASS
2067,slope 65 dB/V,65,8,7.4,6.7,0.5,0.04,0,0.5,0.5,7.919,8.009,-1.014,0.007781,PASS,PASS,PASS
2068,slope 65 dB/V,65,3,7.4,6.7,1,0.04,0,1,1,2.955,3.014,-1.509,0.01132,PASS,PASS,PASS
2069,slope 65 dB/V,65,5,7.4,6.7,1,0.04,0,1,1,4.96,5.008,-0.8015,0.008006,PASS,PASS,PASS
2070,slope 65 dB/V,65,8,7.4,6.7,1,0.04,0,1,1,7.979,8.009,-0.2661,0.006297,PASS,PASS,PASS
2071,slope 65 dB/V,65,3,7.4,6.7,2,0.04,0,2,2,2.916,3.016,-2.811,0.0138,PASS,PASS,PASS
2072,slope 65 dB/V,65,5,7.4,6.7,2,0.04,0,2,2,4.895,5.014,-2.092,0.01073,PASS,PASS,PASS
2073,slope 65 dB/V,65,8,7.4,6.7,2,0.04,0,2,2,7.903,8.007,-1.216,0.008502,PASS,PASS,PASS
2074,slope 65 dB/V,65,3,7.4,6.7,5,0.04,0,5,5,2.964,3.011,-1.193,0.01115,PASS,PASS,PASS
2075,slope 65 dB/V,65,5,7.4,6.7,5,0.04,0,5,5,4.962,5.004,-0.7622,0.007688,PASS,PASS,PASS
2076,slope 65 dB/V,65,8,7.4,6.7,5,0.04,0,5,5,7.977,8.006,-0.2841,0.006557,PASS,PASS,PASS
2077,slope 65 dB/V,65,3,7.4,6.7,0.5,0.06,0,0.5,0.5,2.885,3.012,-3.84,0.01773,PASS,PASS,PASS
2078,slope 65 dB/V,65,5,7.4,6.7,0.5,0.06,0,0.5,0.5,4.867,5.013,-2.653,0.01368,PASS,PASS,PASS
2079,slope 65 dB/V,65,8,7.4,6.7,0.5,0.06,0,0.5,0.5,7.876,8.007,-1.545,0.0111,PASS,PASS,PASS
2080,slope 65 dB/V,65,3,7.4,6.7,1,0.06,0,1,1,2.931,3.015,-2.303,0.01439,PASS,PASS,PASS
2081,slope 65 dB/V,65,5,7.4,6.7,1,0.06,0,1,1,4.934,5.009,-1.325,0.01132,PASS,PASS,PASS
2082,slope 65 dB/V,65,8,7.4,6.7,1,0.06,0,1,1,7.958,8.009,-0.5287,0.008892,PASS,PASS,PASS
2083,slope 65 dB/V,65,3,7.4,6.7,2,0.06,0,2,2,2.867,3.016,-4.431,0.01855,PASS,PASS,PASS
2084,slope 65 dB/V,65,5,7.4,6.7,2,0.06,0,2,2,4.845,5.011,-3.109,0.01455,PASS,PASS,PASS
2085,slope 65 dB/V,65,8,7.4,6.7,2,0.06,0,2,2,7.852,8.007,-1.856,0.01212,PASS,PASS,PASS
2086,slope 65 dB/V,65,3,7.4,6.7,5,0.06,0,5,5,2.93,3.013,-2.319,0.01555,PASS,PASS,PASS
2087,slope 65 dB/V,65,5,7.4,6.7,5,0.06,0,5,5,4.936,5.008,-1.276,0.01113,PASS,PASS,PASS
2088,slope 65 dB/V,65,8,7.4,6.7,5,0.06,0,5,5,7.962,8.005,-0.4764,0.009114,PASS,PASS,PASS
2089,slope 65 dB/V,65,3,7.4,6.7,0.5,0.08,0,0.5,0.5,2.845,3.017,-5.162,0.02217,PASS,PASS,PASS
2090,slope 65 dB/V,65,5,7.4,6.7,0.5,0.08,0,0.5,0.5,4.823,5.008,-3.535,0.01768,PASS,PASS,PASS
2091,slope 65 dB/V,65,8,7.4,6.7,0.5,0.08,0,0.5,0.5,7.833,8.009,-2.081,0.01439,PASS,PASS,PASS
2092,slope 65 dB/V,65,3,7.4,6.7,1,0.08,0,1,1,2.903,3.016,-3.244,0.01862,PASS,PASS,PASS
2093,slope 65 dB/V,65,5,7.4,6.7,1,0.08,0,1,1,4.906,5.009,-1.871,0.01417,PASS,PASS,PASS
2094,slope 65 dB/V,65,8,7.4,6.7,1,0.08,0,1,1,7.942,8.007,-0.719,0.01179,PASS,PASS,PASS
2095,slope 65 dB/V,65,3,7.4,6.7,2,0.08,0,2,2,2.831,3.019,-5.625,0.02402,PASS,PASS,PASS
2096,slope 65 dB/V,65,5,7.4,6.7,2,0.08,0,2,2,4.797,5.011,-4.05,0.01934,PASS,PASS,PASS
2097,slope 65 dB/V,65,8,7.4,6.7,2,0.08,0,2,2,7.801,8.007,-2.486,0.01538,PASS,PASS,PASS
2098,slope 65 dB/V,65,3,7.4,6.7,5,0.08,0,5,5,2.903,3.009,-3.231,0.01972,PASS,PASS,PASS
2099,slope 65 dB/V,65,5,7.4,6.7,5,0.08,0,5,5,4.91,5.005,-1.806,0.01484,PASS,PASS,PASS
2100,slope 65 dB/V,65,8,7.4,6.7,5,0.08,0,5,5,7.942,8.007,-0.7205,0.01171,PASS,PASS,PASS
2101,slope 65 dB/V,65,3,7.4,6.7,0.5,0.1,0,0.5,0.5,2.81,3.011,-6.335,0.02777,PASS,PASS,PASS
2102,slope 65 dB/V,65,5,7.4,6.7,0.5,0.1,0,0.5,0.5,4.785,5.01,-4.307,0.02175,PASS,PASS,PASS
2103,slope 65 dB/V,65,8,7.4,6.7,0.5,0.1,0,0.5,0.5,7.792,8.008,-2.605,0.01796,PASS,PASS,PASS
2104,slope 65 dB/V,65,3,7.4,6.7,1,0.1,0,1,1,2.876,3.015,-4.12,0.02239,PASS,PASS,PASS
2105,slope 65 dB/V,65,5,7.4,6.7,1,0.1,0,1,1,4.88,5.01,-2.405,0.01733,PASS,PASS,PASS
2106,slope 65 dB/V,65,8,7.4,6.7,1,0.1,0,1,1,7.919,8.005,-1.016,0.0142,PASS,PASS,PASS
2107,slope 65 dB/V,65,3,7.4,6.7,2,0.1,0,2,2,2.793,3.019,-6.907,0.02922,PASS,PASS,PASS
2108,slope 65 dB/V,65,5,7.4,6.7,2,0.1,0,2,2,4.751,5.011,-4.979,0.02357,PASS,PASS,PASS
2109,slope 65 dB/V,65,8,7.4,6.7,2,0.1,0,2,2,7.751,8.008,-3.113,0.01902,PASS,PASS,PASS
2110,slope 65 dB/V,65,3,7.4,6.7,5,0.1,0,5,5,2.881,3.008,-3.971,0.02317,PASS,PASS,PASS
2111,slope 65 dB/V,65,5,7.4,6.7,5,0.1,0,5,5,4.883,5.004,-2.337,0.01764,PASS,PASS,PASS
2112,slope 65 dB/V,65,8,7.4,6.7,5,0.1,0,5,5,7.919,8.008,-1.014,0.01427,PASS,PASS,PASS
2113,slope 65 dB/V,65,3,7.4,6.7,0.5,0.12,0,0.5,0.5,2.775,3.017,-7.511,0.03156,PASS,PASS,PASS
2114,slope 65 dB/V,65,5,7.4,6.7,0.5,0.12,0,0.5,0.5,4.745,5.012,-5.095,0.02576,PASS,PASS,PASS
2115,slope 65 dB/V,65,8,7.4,6.7,0.5,0.12,0,0.5,0.5,7.749,8.008,-3.139,0.0211,PASS,PASS,PASS
2116,slope 65 dB/V,65,3,7.4,6.7,1,0.12,0,1,1,2.851,3.014,-4.977,0.02579,PASS,PASS,PASS
2117,slope 65 dB/V,65,5,7.4,6.7,1,0.12,0,1,1,4.855,5.008,-2.894,0.02061,PASS,PASS,PASS
2118,slope 65 dB/V,65,8,7.4,6.7,1,0.12,0,1,1,7.898,8.008,-1.279,0.01672,PASS,PASS,PASS
2119,slope 65 dB/V,65,3,7.4,6.7,2,0.12,0,2,2,2.75,3.02,-8.347,0.03365,PASS,PASS,PASS
2120,slope 65 dB/V,65,5,7.4,6.7,2,0.12,0,2,2,4.707,5.011,-5.867,0.02705,PASS,PASS,PASS
2121,slope 65 dB/V,65,8,7.4,6.7,2,0.12,0,2,2,7.699,8.008,-3.763,0.02257,PASS,PASS,PASS
2122,slope 65 dB/V,65,3,7.4,6.7,5,0.12,0,5,5,2.85,3.012,-5.007,0.02698,PASS,PASS,PASS
2123,slope 65 dB/V,65,5,7.4,6.7,5,0.12,0,5,5,4.856,5.008,-2.887,0.02051,PASS,PASS,PASS
2124,slope 65 dB/V,65,8,7.4,6.7,5,0.12,0,5,5,7.902,8.009,-1.227,0.01711,PASS,PASS,PASS
2125,slope 65 dB/V,65,3,7.4,6.7,0.5,0.14,0,0.5,0.5,2.742,3.016,-8.603,0.03704,PASS,PASS,PASS
2126,slope 65 dB/V,65,5,7.4,6.7,0.5,0.14,0,0.5,0.5,4.706,5.011,-5.886,0.02967,PASS,PASS,PASS
2127,slope 65 dB/V,65,8,7.4,6.7,0.5,0.14,0,0.5,0.5,7.707,8.008,-3.668,0.02409,PASS,PASS,PASS
2128,slope 65 dB/V,65,3,7.4,6.7,1,0.14,0,1,1,2.823,3.015,-5.909,0.02971,PASS,PASS,PASS
2129,slope 65 dB/V,65,5,7.4,6.7,1,0.14,0,1,1,4.826,5.008,-3.483,0.0237,PASS,PASS,PASS
2130,slope 65 dB/V,65,8,7.4,6.7,1,0.14,0,1,1,7.872,8.005,-1.601,0.01931,PASS,PASS,PASS
2131,slope 65 dB/V,65,3,7.4,6.7,2,0.14,0,2,2,2.714,3.019,-9.518,0.03914,PASS,PASS,PASS
2132,slope 65 dB/V,65,5,7.4,6.7,2,0.14,0,2,2,4.664,5.015,-6.712,0.03126,PASS,PASS,PASS
2133,slope 65 dB/V,65,8,7.4,6.7,2,0.14,0,2,2,7.651,8.007,-4.366,0.02587,PASS,PASS,PASS
2134,slope 65 dB/V,65,3,7.4,6.7,5,0.14,0,5,5,2.825,3.012,-5.831,0.0312,PASS,PASS,PASS
2135,slope 65 dB/V,65,5,7.4,6.7,5,0.14,0,5,5,4.832,5.009,-3.353,0.02411,PASS,PASS,PASS
2136,slope 65 dB/V,65,8,7.4,6.7,5,0.14,0,5,5,7.878,8.008,-1.525,0.01953,PASS,PASS,PASS
2137,slope 65 dB/V,65,3,7.4,6.7,0.5,0.16,0,0.5,0.5,2.71,3.017,-9.678,0.04088,PASS,PASS,PASS
2138,slope 65 dB/V,65,5,7.4,6.7,0.5,0.16,0,0.5,0.5,4.665,5.008,-6.703,0.03316,PASS,PASS,PASS
2139,slope 65 dB/V,65,8,7.4,6.7,0.5,0.16,0,0.5,0.5,7.664,8.011,-4.203,0.02721,PASS,PASS,PASS
2140,slope 65 dB/V,65,3,7.4,6.7,1,0.16,0,1,1,2.802,3.015,-6.597,0.0336,PASS,PASS,PASS
2141,slope 65 dB/V,65,5,7.4,6.7,1,0.16,0,1,1,4.802,5.008,-3.961,0.02689,PASS,PASS,PASS
2142,slope 65 dB/V,65,8,7.4,6.7,1,0.16,0,1,1,7.85,8.007,-1.872,0.02189,PASS,PASS,PASS
2143,slope 65 dB/V,65,3,7.4,6.7,2,0.16,0,2,2,2.683,3.017,-10.55,0.04442,FAIL,PASS,PASS
2144,slope 65 dB/V,65,5,7.4,6.7,2,0.16,0,2,2,4.621,5.009,-7.585,0.03535,PASS,PASS,PASS
2145,slope 65 dB/V,65,8,7.4,6.7,2,0.16,0,2,2,7.602,8.007,-4.975,0.02916,PASS,PASS,PASS
2146,slope 65 dB/V,65,3,7.4,6.7,5,0.16,0,5,5,2.803,3.008,-6.569,0.0346,PASS,PASS,PASS
2147,slope 65 dB/V,65,5,7.4,6.7,5,0.16,0,5,5,4.805,5.006,-3.894,0.02699,PASS,PASS,PASS
2148,slope 65 dB/V,65,8,7.4,6.7,5,0.16,0,5,5,7.853,8.007,-1.84,0.02219,PASS,PASS,PASS
2149,slope 65 dB/V,65,3,7.4,6.7,0.5,0.18,0,0.5,0.5,2.679,3.017,-10.7,0.04604,FAIL,PASS,PASS
2150,slope 65 dB/V,65,5,7.4,6.7,0.5,0.18,0,0.5,0.5,4.628,5.011,-7.445,0.03689,PASS,PASS,PASS
2151,slope 65 dB/V,65,8,7.4,6.7,0.5,0.18,0,0.5,0.5,7.621,8.008,-4.734,0.03036,PASS,PASS,PASS
2152,slope 65 dB/V,65,3,7.4,6.7,1,0.18,0,1,1,2.778,3.015,-7.389,0.03734,PASS,PASS,PASS
2153,slope 65 dB/V,65,5,7.4,6.7,1,0.18,0,1,1,4.776,5.008,-4.473,0.02976,PASS,PASS,PASS
2154,slope 65 dB/V,65,8,7.4,6.7,1,0.18,0,1,1,7.822,8.006,-2.228,0.02441,PASS,PASS,PASS
2155,slope 65 dB/V,65,3,7.4,6.7,2,0.18,0,2,2,2.652,3.017,-11.61,0.0487,FAIL,PASS,PASS
2156,slope 65 dB/V,65,5,7.4,6.7,2,0.18,0,2,2,4.58,5.012,-8.399,0.03933,PASS,PASS,PASS
2157,slope 65 dB/V,65,8,7.4,6.7,2,0.18,0,2,2,7.553,8.006,-5.588,0.03256,PASS,PASS,PASS
2158,slope 65 dB/V,65,3,7.4,6.7,5,0.18,0,5,5,2.779,3.012,-7.364,0.03815,PASS,PASS,PASS
2159,slope 65 dB/V,65,5,7.4,6.7,5,0.18,0,5,5,4.777,5.006,-4.464,0.02991,PASS,PASS,PASS
2160,slope 65 dB/V,65,8,7.4,6.7,5,0.18,0,5,5,7.826,8.007,-2.172,0.02453,PASS,PASS,PASS
2161,slope 65 dB/V,65,3,7.4,6.7,0.5,0.2,0,0.5,0.5,2.651,3.012,-11.65,0.04995,FAIL,PASS,PASS
2162,slope 65 dB/V,65,5,7.4,6.7,0.5,0.2,0,0.5,0.5,4.592,5.01,-8.155,0.04027,PASS,PASS,PASS
2163,slope 65 dB/V,65,8,7.4,6.7,0.5,0.2,0,0.5,0.5,7.58,8.007,-5.251,0.03306,PASS,PASS,PASS
2164,slope 65 dB/V,65,3,7.4,6.7,1,0.2,0,1,1,2.756,3.015,-8.146,0.04057,PASS,PASS,PASS
2165,slope 65 dB/V,65,5,7.4,6.7,1,0.2,0,1,1,4.748,5.011,-5.034,0.03238,PASS,PASS,PASS
2166,slope 65 dB/V,65,8,7.4,6.7,1,0.2,0,1,1,7.798,8.007,-2.523,0.02679,PASS,PASS,PASS
2167,slope 65 dB/V,65,3,7.4,6.7,2,0.2,0,2,2,2.611,3.016,-12.96,0.05347,FAIL,PASS,FAIL
2168,slope 65 dB/V,65,5,7.4,6.7,2,0.2,0,2,2,4.537,5.011,-9.257,0.04316,PASS,PASS,PASS
2169,slope 65 dB/V,65,8,7.4,6.7,2,0.2,0,2,2,7.507,8.011,-6.162,0.03558,PASS,PASS,PASS
2170,slope 65 dB/V,65,3,7.4,6.7,5,0.2,0,5,5,2.757,3.008,-8.114,0.04095,PASS,PASS,PASS
2171,slope 65 dB/V,65,5,7.4,6.7,5,0.2,0,5,5,4.751,5.006,-4.981,0.03291,PASS,PASS,PASS
2172,slope 65 dB/V,65,8,7.4,6.7,5,0.2,0,5,5,7.801,8.01,-2.483,0.02708,PASS,PASS,PASS
2173,slope 65 dB/V,65,3,7.4,6.7,0.5,0.22,0,0.5,0.5,2.619,3.017,-12.68,0.05428,FAIL,PASS,FAIL
2174,slope 65 dB/V,65,5,7.4,6.7,0.5,0.22,0,0.5,0.5,4.557,5.01,-8.86,0.04364,PASS,PASS,PASS
2175,slope 65 dB/V,65,8,7.4,6.7,0.5,0.22,0,0.5,0.5,7.538,8.007,-5.778,0.03617,PASS,PASS,PASS
2176,slope 65 dB/V,65,3,7.4,6.7,1,0.22,0,1,1,2.729,3.013,-9.027,0.04374,PASS,PASS,PASS
2177,slope 65 dB/V,65,5,7.4,6.7,1,0.22,0,1,1,4.722,5.008,-5.559,0.03544,PASS,PASS,PASS
2178,slope 65 dB/V,65,8,7.4,6.7,1,0.22,0,1,1,7.77,8.005,-2.87,0.02918,PASS,PASS,PASS
2179,slope 65 dB/V,65,3,7.4,6.7,2,0.22,0,2,2,2.585,3.017,-13.84,0.05868,FAIL,PASS,FAIL
2180,slope 65 dB/V,65,5,7.4,6.7,2,0.22,0,2,2,4.501,5.011,-9.976,0.04721,PASS,PASS,PASS
2181,slope 65 dB/V,65,8,7.4,6.7,2,0.22,0,2,2,7.46,8.007,-6.747,0.03855,PASS,FAIL,PASS
2182,slope 65 dB/V,65,3,7.4,6.7,5,0.22,0,5,5,2.73,3.012,-8.985,0.04472,PASS,PASS,PASS
2183,slope 65 dB/V,65,5,7.4,6.7,5,0.22,0,5,5,4.722,5.011,-5.57,0.03535,PASS,PASS,PASS
2184,slope 65 dB/V,65,8,7.4,6.7,5,0.22,0,5,5,7.773,8.01,-2.833,0.0294,PASS,PASS,PASS
2185,slope 65 dB/V,65,3,7.4,6.7,0.5,0.24,0,0.5,0.5,2.593,3.011,-13.58,0.05888,FAIL,PASS,FAIL
2186,slope 65 dB/V,65,5,7.4,6.7,0.5,0.24,0,0.5,0.5,4.52,5.009,-9.606,0.04697,PASS,PASS,PASS
2187,slope 65 dB/V,65,8,7.4,6.7,0.5,0.24,0,0.5,0.5,7.496,8.007,-6.299,0.03877,PASS,FAIL,PASS
2188,slope 65 dB/V,65,3,7.4,6.7,1,0.24,0,1,1,2.711,3.015,-9.644,0.04702,PASS,PASS,PASS
2189,slope 65 dB/V,65,5,7.4,6.7,1,0.24,0,1,1,4.697,5.008,-6.067,0.03801,PASS,PASS,PASS
2190,slope 65 dB/V,65,8,7.4,6.7,1,0.24,0,1,1,7.742,8.009,-3.228,0.03127,PASS,PASS,PASS
2191,slope 65 dB/V,65,3,7.4,6.7,2,0.24,0,2,2,2.555,3.017,-14.82,0.06274,FAIL,PASS,FAIL
2192,slope 65 dB/V,65,5,7.4,6.7,2,0.24,0,2,2,4.461,5.011,-10.79,0.05064,FAIL,FAIL,FAIL
2193,slope 65 dB/V,65,8,7.4,6.7,2,0.24,0,2,2,7.413,8.009,-7.339,0.04172,PASS,FAIL,PASS
2194,slope 65 dB/V,65,3,7.4,6.7,5,0.24,0,5,5,2.711,3.012,-9.628,0.04809,PASS,PASS,PASS
2195,slope 65 dB/V,65,5,7.4,6.7,5,0.24,0,5,5,4.698,5.006,-6.043,0.03868,PASS,PASS,PASS
2196,slope 65 dB/V,65,8,7.4,6.7,5,0.24,0,5,5,7.745,8.009,-3.193,0.03141,PASS,PASS,PASS
2197,slope 65 dB/V,65,3,7.4,6.7,0.5,0.26,0,0.5,0.5,2.564,3.014,-14.54,0.06223,FAIL,PASS,FAIL
2198,slope 65 dB/V,65,5,7.4,6.7,0.5,0.26,0,0.5,0.5,4.485,5.011,-10.3,0.05018,FAIL,FAIL,FAIL
2199,slope 65 dB/V,65,8,7.4,6.7,0.5,0.26,0,0.5,0.5,7.455,8.011,-6.809,0.04154,PASS,FAIL,PASS
2200,slope 65 dB/V,65,3,7.4,6.7,1,0.26,0,1,1,2.686,3.014,-10.47,0.05037,FAIL,PASS,FAIL
2201,slope 65 dB/V,65,5,7.4,6.7,1,0.26,0,1,1,4.67,5.01,-6.604,0.04087,PASS,PASS,PASS
2202,slope 65 dB/V,65,8,7.4,6.7,1,0.26,0,1,1,7.716,8.007,-3.548,0.03351,PASS,PASS,PASS
2203,slope 65 dB/V,65,3,7.4,6.7,2,0.26,0,2,2,2.526,3.019,-15.8,0.06662,FAIL,PASS,FAIL
2204,slope 65 dB/V,65,5,7.4,6.7,2,0.26,0,2,2,4.424,5.008,-11.53,0.05454,FAIL,FAIL,FAIL
2205,slope 65 dB/V,65,8,7.4,6.7,2,0.26,0,2,2,7.368,8.007,-7.901,0.04444,PASS,FAIL,PASS
2206,slope 65 dB/V,65,3,7.4,6.7,5,0.26,0,5,5,2.689,3.009,-10.38,0.05174,FAIL,PASS,FAIL
2207,slope 65 dB/V,65,5,7.4,6.7,5,0.26,0,5,5,4.67,5.006,-6.602,0.04097,PASS,PASS,PASS
2208,slope 65 dB/V,65,8,7.4,6.7,5,0.26,0,5,5,7.718,8.008,-3.528,0.03384,PASS,PASS,PASS
2209,slope 65 dB/V,65,3,7.4,6.7,0.5,0.28,0,0.5,0.5,2.538,3.012,-15.4,0.06703,FAIL,PASS,FAIL
2210,slope 65 dB/V,65,5,7.4,6.7,0.5,0.28,0,0.5,0.5,4.454,5.011,-10.93,0.05404,FAIL,FAIL,FAIL
2211,slope 65 dB/V,65,8,7.4,6.7,0.5,0.28,0,0.5,0.5,7.418,8.007,-7.281,0.04449,PASS,FAIL,PASS
2212,slope 65 dB/V,65,3,7.4,6.7,1,0.28,0,1,1,2.667,3.015,-11.09,0.054,FAIL,PASS,FAIL
2213,slope 65 dB/V,65,5,7.4,6.7,1,0.28,0,1,1,4.643,5.009,-7.133,0.04352,PASS,PASS,PASS
2214,slope 65 dB/V,65,8,7.4,6.7,1,0.28,0,1,1,7.684,8.006,-3.948,0.03556,PASS,PASS,PASS
2215,slope 65 dB/V,65,3,7.4,6.7,2,0.28,0,2,2,2.495,3.018,-16.82,0.07181,FAIL,FAIL,FAIL
2216,slope 65 dB/V,65,5,7.4,6.7,2,0.28,0,2,2,4.385,5.01,-12.3,0.05759,FAIL,FAIL,FAIL
2217,slope 65 dB/V,65,8,7.4,6.7,2,0.28,0,2,2,7.324,8.008,-8.453,0.04755,PASS,FAIL,PASS
2218,slope 65 dB/V,65,3,7.4,6.7,5,0.28,0,5,5,2.667,3.012,-11.09,0.05584,FAIL,PASS,FAIL
2219,slope 65 dB/V,65,5,7.4,6.7,5,0.28,0,5,5,4.646,5.009,-7.071,0.0441,PASS,PASS,PASS
2220,slope 65 dB/V,65,8,7.4,6.7,5,0.28,0,5,5,7.689,8.01,-3.886,0.03596,PASS,PASS,PASS
2221,slope 65 dB/V,65,3,7.4,6.7,0.5,0.3,0,0.5,0.5,2.511,3.011,-16.29,0.07108,FAIL,PASS,FAIL
2222,slope 65 dB/V,65,5,7.4,6.7,0.5,0.3,0,0.5,0.5,4.418,5.009,-11.65,0.05675,FAIL,FAIL,FAIL
2223,slope 65 dB/V,65,8,7.4,6.7,0.5,0.3,0,0.5,0.5,7.375,8.007,-7.816,0.04678,PASS,FAIL,PASS
2224,slope 65 dB/V,65,3,7.4,6.7,1,0.3,0,1,1,2.646,3.014,-11.81,0.05755,FAIL,PASS,FAIL
2225,slope 65 dB/V,65,5,7.4,6.7,1,0.3,0,1,1,4.618,5.011,-7.631,0.04616,PASS,PASS,PASS
2226,slope 65 dB/V,65,8,7.4,6.7,1,0.3,0,1,1,7.657,8.007,-4.286,0.03769,PASS,PASS,PASS
2227,slope 65 dB/V,65,3,7.4,6.7,2,0.3,0,2,2,2.464,3.016,-17.86,0.07645,FAIL,FAIL,FAIL
2228,slope 65 dB/V,65,5,7.4,6.7,2,0.3,0,2,2,4.351,5.012,-12.98,0.06116,FAIL,FAIL,FAIL
2229,slope 65 dB/V,65,8,7.4,6.7,2,0.3,0,2,2,7.277,8.007,-9.043,0.05038,PASS,FAIL,FAIL
2230,slope 65 dB/V,65,3,7.4,6.7,5,0.3,0,5,5,2.652,3.013,-11.6,0.05892,FAIL,PASS,FAIL
2231,slope 65 dB/V,65,5,7.4,6.7,5,0.3,0,5,5,4.62,5.006,-7.596,0.04631,PASS,PASS,PASS
2232,slope 65 dB/V,65,8,7.4,6.7,5,0.3,0,5,5,7.662,8.006,-4.224,0.03795,PASS,PASS,PASS
2233,slope 150 dB/V,150,3,7.4,6.7,0.5,-0.3,0,0.5,0.5,3.791,3.012,26.37,0.1977,FAIL,FAIL,FAIL
2234,slope 150 dB/V,150,5,7.4,6.7,0.5,-0.3,0,0.5,0.5,6.434,5.01,28.69,0.1632,FAIL,FAIL,FAIL
2235,slope 150 dB/V,150,8,7.4,6.7,0.5,-0.3,0,0.5,0.5,10.41,8.011,30.14,0.1305,FAIL,FAIL,FAIL
2236,slope 150 dB/V,150,3,7.4,6.7,1,-0.3,0,1,1,3.791,3.016,26.35,0.1579,FAIL,FAIL,FAIL
2237,slope 150 dB/V,150,5,7.4,6.7,1,-0.3,0,1,1,6.432,5.011,28.64,0.1296,FAIL,FAIL,FAIL
2238,slope 150 dB/V,150,8,7.4,6.7,1,-0.3,0,1,1,10.4,8.006,30.06,0.1054,FAIL,FAIL,FAIL
2239,slope 150 dB/V,150,3,7.4,6.7,2,-0.3,0,2,2,3.79,3.015,26.32,0.179,FAIL,FAIL,FAIL
2240,slope 150 dB/V,150,5,7.4,6.7,2,-0.3,0,2,2,6.434,5.013,28.68,0.1657,FAIL,FAIL,FAIL
2241,slope 150 dB/V,150,8,7.4,6.7,2,-0.3,0,2,2,10.41,8.007,30.15,0.1401,FAIL,FAIL,FAIL
2242,slope 150 dB/V,150,3,7.4,6.7,5,-0.3,0,5,5,3.786,3.001,26.2,0.1274,FAIL,FAIL,FAIL
2243,slope 150 dB/V,150,5,7.4,6.7,5,-0.3,0,5,5,6.433,4.996,28.65,0.118,FAIL,FAIL,FAIL
2244,slope 150 dB/V,150,8,7.4,6.7,5,-0.3,0,5,5,10.4,8.003,30.04,0.1061,FAIL,FAIL,FAIL
2245,slope 150 dB/V,150,3,7.4,6.7,0.5,-0.28,0,0.5,0.5,3.773,3.015,25.77,0.1806,FAIL,FAIL,FAIL
2246,slope 150 dB/V,150,5,7.4,6.7,0.5,-0.28,0,0.5,0.5,6.413,5.009,28.26,0.1475,FAIL,FAIL,FAIL
2247,slope 150 dB/V,150,8,7.4,6.7,0.5,-0.28,0,0.5,0.5,10.38,8.007,29.74,0.1179,FAIL,FAIL,FAIL
2248,slope 150 dB/V,150,3,7.4,6.7,1,-0.28,0,1,1,3.774,3.014,25.79,0.1428,FAIL,FAIL,FAIL
2249,slope 150 dB/V,150,5,7.4,6.7,1,-0.28,0,1,1,6.41,5.007,28.19,0.118,FAIL,FAIL,FAIL
2250,slope 150 dB/V,150,8,7.4,6.7,1,-0.28,0,1,1,10.37,8.006,29.58,0.09457,FAIL,FAIL,FAIL
2251,slope 150 dB/V,150,3,7.4,6.7,2,-0.28,0,2,2,3.774,3.012,25.81,0.1689,FAIL,FAIL,FAIL
2252,slope 150 dB/V,150,5,7.4,6.7,2,-0.28,0,2,2,6.414,5.013,28.27,0.1565,FAIL,FAIL,FAIL
2253,slope 150 dB/V,150,8,7.4,6.7,2,-0.28,0,2,2,10.38,8.007,29.77,0.1263,FAIL,FAIL,FAIL
2254,slope 150 dB/V,150,3,7.4,6.7,5,-0.28,0,5,5,3.771,3.001,25.69,0.12,FAIL,FAIL,FAIL
2255,slope 150 dB/V,150,5,7.4,6.7,5,-0.28,0,5,5,6.408,4.996,28.15,0.111,FAIL,FAIL,FAIL
2256,slope 150 dB/V,150,8,7.4,6.7,5,-0.28,0,5,5,10.37,8.005,29.57,0.09553,FAIL,FAIL,FAIL
2257,slope 150 dB/V,150,3,7.4,6.7,0.5,-0.26,0,0.5,0.5,3.76,3.011,25.32,0.1639,FAIL,FAIL,FAIL
2258,slope 150 dB/V,150,5,7.4,6.7,0.5,-0.26,0,0.5,0.5,6.389,5.009,27.78,0.1323,FAIL,FAIL,FAIL
2259,slope 150 dB/V,150,8,7.4,6.7,0.5,-0.26,0,0.5,0.5,10.34,8.006,29.25,0.1054,FAIL,FAIL,FAIL
2260,slope 150 dB/V,150,3,7.4,6.7,1,-0.26,0,1,1,3.756,3.017,25.21,0.1294,FAIL,FAIL,FAIL
2261,slope 150 dB/V,150,5,7.4,6.7,1,-0.26,0,1,1,6.383,5.007,27.67,0.1058,FAIL,FAIL,FAIL
2262,slope 150 dB/V,150,8,7.4,6.7,1,-0.26,0,1,1,10.31,8.004,28.89,0.08469,FAIL,FAIL,FAIL
2263,slope 150 dB/V,150,3,7.4,6.7,2,-0.26,0,2,2,3.758,3.014,25.26,0.1598,FAIL,FAIL,FAIL
2264,slope 150 dB/V,150,5,7.4,6.7,2,-0.26,0,2,2,6.388,5.013,27.75,0.1425,FAIL,FAIL,FAIL
2265,slope 150 dB/V,150,8,7.4,6.7,2,-0.26,0,2,2,10.34,8.007,29.29,0.1133,FAIL,FAIL,FAIL
2266,slope 150 dB/V,150,3,7.4,6.7,5,-0.26,0,5,5,3.754,2.996,25.12,0.1121,FAIL,FAIL,FAIL
2267,slope 150 dB/V,150,5,7.4,6.7,5,-0.26,0,5,5,6.381,4.994,27.63,0.1047,FAIL,FAIL,FAIL
2268,slope 150 dB/V,150,8,7.4,6.7,5,-0.26,0,5,5,10.31,8.005,28.89,0.08533,FAIL,FAIL,FAIL
2269,slope 150 dB/V,150,3,7.4,6.7,0.5,-0.24,0,0.5,0.5,3.741,3.012,24.7,0.1467,FAIL,FAIL,FAIL
2270,slope 150 dB/V,150,5,7.4,6.7,0.5,-0.24,0,0.5,0.5,6.361,5.009,27.22,0.1184,FAIL,FAIL,FAIL
2271,slope 150 dB/V,150,8,7.4,6.7,0.5,-0.24,0,0.5,0.5,10.29,8.011,28.59,0.09384,FAIL,FAIL,FAIL
2272,slope 150 dB/V,150,3,7.4,6.7,1,-0.24,0,1,1,3.736,3.014,24.53,0.1175,FAIL,FAIL,FAIL
2273,slope 150 dB/V,150,5,7.4,6.7,1,-0.24,0,1,1,6.352,5.007,27.05,0.09475,FAIL,FAIL,FAIL
2274,slope 150 dB/V,150,8,7.4,6.7,1,-0.24,0,1,1,8.011,8.006,0.1352,0.07548,PASS,PASS,FAIL
2275,slope 150 dB/V,150,3,7.4,6.7,2,-0.24,0,2,2,3.742,3.016,24.73,0.1483,FAIL,FAIL,FAIL
2276,slope 150 dB/V,150,5,7.4,6.7,2,-0.24,0,2,2,6.363,5.013,27.26,0.127,FAIL,FAIL,FAIL
2277,slope 150 dB/V,150,8,7.4,6.7,2,-0.24,0,2,2,10.3,8.008,28.69,0.1008,FAIL,FAIL,FAIL
2278,slope 150 dB/V,150,3,7.4,6.7,5,-0.24,0,5,5,3.736,3,24.54,0.1052,FAIL,FAIL,FAIL
2279,slope 150 dB/V,150,5,7.4,6.7,5,-0.24,0,5,5,6.35,5.001,27,0.09586,FAIL,FAIL,FAIL
2280,slope 150 dB/V,150,8,7.4,6.7,5,-0.24,0,5,5,8.01,8.005,0.1215,0.07608,PASS,PASS,FAIL
2281,slope 150 dB/V,150,3,7.4,6.7,0.5,-0.22,0,0.5,0.5,3.718,3.015,23.94,0.1323,FAIL,FAIL,FAIL
2282,slope 150 dB/V,150,5,7.4,6.7,0.5,-0.22,0,0.5,0.5,6.327,5.013,26.55,0.1053,FAIL,FAIL,FAIL
2283,slope 150 dB/V,150,8,7.4,6.7,0.5,-0.22,0,0.5,0.5,10.21,8.011,27.62,0.08296,FAIL,FAIL,FAIL
2284,slope 150 dB/V,150,3,7.4,6.7,1,-0.22,0,1,1,3.715,3.015,23.82,0.1048,FAIL,FAIL,FAIL
2285,slope 150 dB/V,150,5,7.4,6.7,1,-0.22,0,1,1,6.311,5.011,26.23,0.08394,FAIL,FAIL,FAIL
2286,slope 150 dB/V,150,8,7.4,6.7,1,-0.22,0,1,1,8.006,8.006,0.07964,0.06673,PASS,PASS,FAIL
2287,slope 150 dB/V,150,3,7.4,6.7,2,-0.22,0,2,2,3.721,3.016,24.04,0.1388,FAIL,FAIL,FAIL
2288,slope 150 dB/V,150,5,7.4,6.7,2,-0.22,0,2,2,6.327,5.013,26.55,0.1129,FAIL,FAIL,FAIL
2289,slope 150 dB/V,150,8,7.4,6.7,2,-0.22,0,2,2,10.23,8.008,27.87,0.08928,FAIL,FAIL,FAIL
2290,slope 150 dB/V,150,3,7.4,6.7,5,-0.22,0,5,5,3.715,2.997,23.82,0.09761,FAIL,FAIL,FAIL
2291,slope 150 dB/V,150,5,7.4,6.7,5,-0.22,0,5,5,6.311,4.999,26.22,0.08525,FAIL,FAIL,FAIL
2292,slope 150 dB/V,150,8,7.4,6.7,5,-0.22,0,5,5,8.006,8.005,0.07266,0.06747,PASS,PASS,FAIL
2293,slope 150 dB/V,150,3,7.4,6.7,0.5,-0.2,0,0.5,0.5,3.695,3.013,23.15,0.1169,FAIL,FAIL,FAIL
2294,slope 150 dB/V,150,5,7.4,6.7,0.5,-0.2,0,0.5,0.5,6.285,5.009,25.7,0.09297,FAIL,FAIL,FAIL
2295,slope 150 dB/V,150,8,7.4,6.7,0.5,-0.2,0,0.5,0.5,8.023,8.006,0.2895,0.07301,PASS,PASS,FAIL
2296,slope 150 dB/V,150,3,7.4,6.7,1,-0.2,0,1,1,3.689,3.014,22.98,0.09299,FAIL,FAIL,FAIL
2297,slope 150 dB/V,150,5,7.4,6.7,1,-0.2,0,1,1,6.245,5.007,24.91,0.07439,FAIL,FAIL,FAIL
2298,slope 150 dB/V,150,8,7.4,6.7,1,-0.2,0,1,1,8.006,8.006,0.07963,0.05842,PASS,PASS,FAIL
2299,slope 150 dB/V,150,3,7.4,6.7,2,-0.2,0,2,2,3.697,3.017,23.25,0.1241,FAIL,FAIL,FAIL
2300,slope 150 dB/V,150,5,7.4,6.7,2,-0.2,0,2,2,6.291,5.013,25.82,0.0995,FAIL,FAIL,FAIL
2301,slope 150 dB/V,150,8,7.4,6.7,2,-0.2,0,2,2,10.13,8.007,26.57,0.0789,FAIL,FAIL,FAIL
2302,slope 150 dB/V,150,3,7.4,6.7,5,-0.2,0,5,5,3.692,2.996,23.05,0.09048,FAIL,FAIL,FAIL
2303,slope 150 dB/V,150,5,7.4,6.7,5,-0.2,0,5,5,6.248,5.001,24.96,0.07556,FAIL,FAIL,FAIL
2304,slope 150 dB/V,150,8,7.4,6.7,5,-0.2,0,5,5,8.008,8.002,0.105,0.05938,PASS,PASS,FAIL
2305,slope 150 dB/V,150,3,7.4,6.7,0.5,-0.18,0,0.5,0.5,3.67,3.013,22.32,0.1018,FAIL,FAIL,FAIL
2306,slope 150 dB/V,150,5,7.4,6.7,0.5,-0.18,0,0.5,0.5,6.228,5.012,24.56,0.08103,FAIL,FAIL,FAIL
2307,slope 150 dB/V,150,8,7.4,6.7,0.5,-0.18,0,0.5,0.5,8.026,8.011,0.3188,0.06362,PASS,PASS,FAIL
2308,slope 150 dB/V,150,3,7.4,6.7,1,-0.18,0,1,1,3.66,3.014,22.02,0.0807,FAIL,FAIL,FAIL
2309,slope 150 dB/V,150,5,7.4,6.7,1,-0.18,0,1,1,5.023,5.007,0.4679,0.06482,PASS,PASS,FAIL
2310,slope 150 dB/V,150,8,7.4,6.7,1,-0.18,0,1,1,8.011,8.006,0.1351,0.05119,PASS,PASS,FAIL
2311,slope 150 dB/V,150,3,7.4,6.7,2,-0.18,0,2,2,3.671,3.016,22.36,0.1088,FAIL,FAIL,FAIL
2312,slope 150 dB/V,150,5,7.4,6.7,2,-0.18,0,2,2,6.239,5.013,24.78,0.08673,FAIL,FAIL,FAIL
2313,slope 150 dB/V,150,8,7.4,6.7,2,-0.18,0,2,2,8.04,8.007,0.5019,0.06847,PASS,PASS,FAIL
2314,slope 150 dB/V,150,3,7.4,6.7,5,-0.18,0,5,5,3.661,2.996,22.05,0.08278,FAIL,FAIL,FAIL
2315,slope 150 dB/V,150,5,7.4,6.7,5,-0.18,0,5,5,5.022,4.997,0.4484,0.06563,PASS,PASS,FAIL
2316,slope 150 dB/V,150,8,7.4,6.7,5,-0.18,0,5,5,8.011,8.005,0.1407,0.05178,PASS,PASS,FAIL
2317,slope 150 dB/V,150,3,7.4,6.7,0.5,-0.16,0,0.5,0.5,3.636,3.012,21.21,0.08888,FAIL,FAIL,FAIL
2318,slope 150 dB/V,150,5,7.4,6.7,0.5,-0.16,0,0.5,0.5,6.141,5.009,22.83,0.06991,FAIL,FAIL,FAIL
2319,slope 150 dB/V,150,8,7.4,6.7,0.5,-0.16,0,0.5,0.5,8.022,8.008,0.2771,0.05529,PASS,PASS,FAIL
2320,slope 150 dB/V,150,3,7.4,6.7,1,-0.16,0,1,1,3.619,3.014,20.64,0.07063,FAIL,FAIL,FAIL
2321,slope 150 dB/V,150,5,7.4,6.7,1,-0.16,0,1,1,5.021,5.007,0.4141,0.05586,PASS,PASS,FAIL
2322,slope 150 dB/V,150,8,7.4,6.7,1,-0.16,0,1,1,8.006,8.005,0.0809,0.04399,PASS,PASS,PASS
2323,slope 150 dB/V,150,3,7.4,6.7,2,-0.16,0,2,2,3.635,3.014,21.17,0.0948,FAIL,FAIL,FAIL
2324,slope 150 dB/V,150,5,7.4,6.7,2,-0.16,0,2,2,6.168,5.013,23.35,0.075,FAIL,FAIL,FAIL
2325,slope 150 dB/V,150,8,7.4,6.7,2,-0.16,0,2,2,8.038,8.007,0.4805,0.05929,PASS,PASS,FAIL
2326,slope 150 dB/V,150,3,7.4,6.7,5,-0.16,0,5,5,3.624,2.995,20.79,0.07182,FAIL,FAIL,FAIL
2327,slope 150 dB/V,150,5,7.4,6.7,5,-0.16,0,5,5,5.026,4.997,0.5231,0.05714,PASS,PASS,FAIL
2328,slope 150 dB/V,150,8,7.4,6.7,5,-0.16,0,5,5,8.01,8.002,0.1197,0.04476,PASS,PASS,PASS
2329,slope 150 dB/V,150,3,7.4,6.7,0.5,-0.14,0,0.5,0.5,3.594,3.011,19.81,0.0756,FAIL,FAIL,FAIL
2330,slope 150 dB/V,150,5,7.4,6.7,0.5,-0.14,0,0.5,0.5,5.087,5.01,1.748,0.05934,PASS,PASS,FAIL
2331,slope 150 dB/V,150,8,7.4,6.7,0.5,-0.14,0,0.5,0.5,8.022,8.009,0.2759,0.04715,PASS,PASS,PASS
2332,slope 150 dB/V,150,3,7.4,6.7,1,-0.14,0,1,1,3.567,3.013,18.89,0.05965,FAIL,FAIL,FAIL
2333,slope 150 dB/V,150,5,7.4,6.7,1,-0.14,0,1,1,5.021,5.007,0.4231,0.04746,PASS,PASS,PASS
2334,slope 150 dB/V,150,8,7.4,6.7,1,-0.14,0,1,1,8.011,8.006,0.1351,0.03756,PASS,PASS,PASS
2335,slope 150 dB/V,150,3,7.4,6.7,2,-0.14,0,2,2,3.595,3.012,19.83,0.08019,FAIL,FAIL,FAIL
2336,slope 150 dB/V,150,5,7.4,6.7,2,-0.14,0,2,2,6.039,5.012,20.79,0.06353,FAIL,FAIL,FAIL
2337,slope 150 dB/V,150,8,7.4,6.7,2,-0.14,0,2,2,8.042,8.008,0.5258,0.05096,PASS,PASS,FAIL
2338,slope 150 dB/V,150,3,7.4,6.7,5,-0.14,0,5,5,3.572,2.996,19.06,0.06166,FAIL,FAIL,FAIL
2339,slope 150 dB/V,150,5,7.4,6.7,5,-0.14,0,5,5,5.023,4.995,0.4631,0.04853,PASS,PASS,PASS
2340,slope 150 dB/V,150,8,7.4,6.7,5,-0.14,0,5,5,8.01,8.002,0.1203,0.03808,PASS,PASS,PASS
2341,slope 150 dB/V,150,3,7.4,6.7,0.5,-0.12,0,0.5,0.5,3.539,3.015,17.98,0.0632,FAIL,FAIL,FAIL
2342,slope 150 dB/V,150,5,7.4,6.7,0.5,-0.12,0,0.5,0.5,5.085,5.013,1.709,0.04977,PASS,PASS,PASS
2343,slope 150 dB/V,150,8,7.4,6.7,0.5,-0.12,0,0.5,0.5,8.025,8.011,0.3139,0.0395,PASS,PASS,PASS
2344,slope 150 dB/V,150,3,7.4,6.7,1,-0.12,0,1,1,3.107,3.015,3.576,0.05052,PASS,PASS,FAIL
2345,slope 150 dB/V,150,5,7.4,6.7,1,-0.12,0,1,1,5.022,5.007,0.4416,0.03938,PASS,PASS,PASS
2346,slope 150 dB/V,150,8,7.4,6.7,1,-0.12,0,1,1,8.011,8.004,0.1321,0.03149,PASS,PASS,PASS
2347,slope 150 dB/V,150,3,7.4,6.7,2,-0.12,0,2,2,3.55,3.016,18.34,0.06753,FAIL,FAIL,FAIL
2348,slope 150 dB/V,150,5,7.4,6.7,2,-0.12,0,2,2,5.141,5.013,2.826,0.05334,PASS,PASS,FAIL
2349,slope 150 dB/V,150,8,7.4,6.7,2,-0.12,0,2,2,8.04,8.008,0.499,0.04285,PASS,PASS,PASS
2350,slope 150 dB/V,150,3,7.4,6.7,5,-0.12,0,5,5,3.109,3,3.648,0.05169,PASS,PASS,FAIL
2351,slope 150 dB/V,150,5,7.4,6.7,5,-0.12,0,5,5,5.021,4.995,0.4216,0.04075,PASS,PASS,PASS
2352,slope 150 dB/V,150,8,7.4,6.7,5,-0.12,0,5,5,8.008,8.005,0.1004,0.03207,PASS,PASS,PASS
2353,slope 150 dB/V,150,3,7.4,6.7,0.5,-0.1,0,0.5,0.5,3.469,3.011,15.64,0.05189,FAIL,PASS,FAIL
2354,slope 150 dB/V,150,5,7.4,6.7,0.5,-0.1,0,0.5,0.5,5.082,5.01,1.638,0.0405,PASS,PASS,PASS
2355,slope 150 dB/V,150,8,7.4,6.7,0.5,-0.1,0,0.5,0.5,8.023,8.009,0.2856,0.03228,PASS,PASS,PASS
2356,slope 150 dB/V,150,3,7.4,6.7,1,-0.1,0,1,1,3.101,3.017,3.359,0.04081,PASS,PASS,PASS
2357,slope 150 dB/V,150,5,7.4,6.7,1,-0.1,0,1,1,5.021,5.009,0.424,0.03191,PASS,PASS,PASS
2358,slope 150 dB/V,150,8,7.4,6.7,1,-0.1,0,1,1,8.006,8.005,0.07977,0.02557,PASS,PASS,PASS
2359,slope 150 dB/V,150,3,7.4,6.7,2,-0.1,0,2,2,3.486,3.016,16.19,0.0548,FAIL,PASS,FAIL
2360,slope 150 dB/V,150,5,7.4,6.7,2,-0.1,0,2,2,5.13,5.008,2.604,0.04351,PASS,PASS,PASS
2361,slope 150 dB/V,150,8,7.4,6.7,2,-0.1,0,2,2,8.037,8.008,0.467,0.03501,PASS,PASS,PASS
2362,slope 150 dB/V,150,3,7.4,6.7,5,-0.1,0,5,5,3.106,3,3.532,0.04239,PASS,PASS,PASS
2363,slope 150 dB/V,150,5,7.4,6.7,5,-0.1,0,5,5,5.021,5.001,0.4227,0.03299,PASS,PASS,PASS
2364,slope 150 dB/V,150,8,7.4,6.7,5,-0.1,0,5,5,8.011,8.001,0.1407,0.02628,PASS,PASS,PASS
2365,slope 150 dB/V,150,3,7.4,6.7,0.5,-0.08,0,0.5,0.5,3.362,3.012,12.07,0.04008,FAIL,PASS,PASS
2366,slope 150 dB/V,150,5,7.4,6.7,0.5,-0.08,0,0.5,0.5,5.075,5.009,1.506,0.03159,PASS,PASS,PASS
2367,slope 150 dB/V,150,8,7.4,6.7,0.5,-0.08,0,0.5,0.5,8.022,8.006,0.2746,0.02541,PASS,PASS,PASS
2368,slope 150 dB/V,150,3,7.4,6.7,1,-0.08,0,1,1,3.093,3.016,3.103,0.03183,PASS,PASS,PASS
2369,slope 150 dB/V,150,5,7.4,6.7,1,-0.08,0,1,1,5.022,5.01,0.4479,0.02522,PASS,PASS,PASS
2370,slope 150 dB/V,150,8,7.4,6.7,1,-0.08,0,1,1,8.011,8.006,0.1362,0.0199,PASS,PASS,PASS
2371,slope 150 dB/V,150,3,7.4,6.7,2,-0.08,0,2,2,3.396,3.014,13.18,0.04271,FAIL,PASS,PASS
2372,slope 150 dB/V,150,5,7.4,6.7,2,-0.08,0,2,2,5.122,5.011,2.447,0.0337,PASS,PASS,PASS
2373,slope 150 dB/V,150,8,7.4,6.7,2,-0.08,0,2,2,8.036,8.006,0.4472,0.02752,PASS,PASS,PASS
2374,slope 150 dB/V,150,3,7.4,6.7,5,-0.08,0,5,5,3.101,2.996,3.372,0.03401,PASS,PASS,PASS
2375,slope 150 dB/V,150,5,7.4,6.7,5,-0.08,0,5,5,5.02,4.999,0.4092,0.02592,PASS,PASS,PASS
2376,slope 150 dB/V,150,8,7.4,6.7,5,-0.08,0,5,5,8.009,8.004,0.1096,0.02058,PASS,PASS,PASS
2377,slope 150 dB/V,150,3,7.4,6.7,0.5,-0.06,0,0.5,0.5,3.238,3.011,7.923,0.03016,PASS,PASS,PASS
2378,slope 150 dB/V,150,5,7.4,6.7,0.5,-0.06,0,0.5,0.5,5.069,5.013,1.385,0.02354,PASS,PASS,PASS
2379,slope 150 dB/V,150,8,7.4,6.7,0.5,-0.06,0,0.5,0.5,8.02,8.009,0.2439,0.01879,PASS,PASS,PASS
2380,slope 150 dB/V,150,3,7.4,6.7,1,-0.06,0,1,1,3.086,3.012,2.882,0.02421,PASS,PASS,PASS
2381,slope 150 dB/V,150,5,7.4,6.7,1,-0.06,0,1,1,5.021,5.008,0.4151,0.0185,PASS,PASS,PASS
2382,slope 150 dB/V,150,8,7.4,6.7,1,-0.06,0,1,1,8.006,8.004,0.06903,0.01477,PASS,PASS,PASS
2383,slope 150 dB/V,150,3,7.4,6.7,2,-0.06,0,2,2,3.28,3.014,9.324,0.03245,PASS,PASS,PASS
2384,slope 150 dB/V,150,5,7.4,6.7,2,-0.06,0,2,2,5.102,5.012,2.049,0.02482,PASS,PASS,PASS
2385,slope 150 dB/V,150,8,7.4,6.7,2,-0.06,0,2,2,8.035,8.007,0.4361,0.02025,PASS,PASS,PASS
2386,slope 150 dB/V,150,3,7.4,6.7,5,-0.06,0,5,5,3.087,3.001,2.897,0.02579,PASS,PASS,PASS
2387,slope 150 dB/V,150,5,7.4,6.7,5,-0.06,0,5,5,5.019,4.997,0.3726,0.01948,PASS,PASS,PASS
2388,slope 150 dB/V,150,8,7.4,6.7,5,-0.06,0,5,5,8.006,8.003,0.08101,0.01553,PASS,PASS,PASS
2389,slope 150 dB/V,150,3,7.4,6.7,0.5,-0.04,0,0.5,0.5,3.146,3.017,4.868,0.02015,PASS,PASS,PASS
2390,slope 150 dB/V,150,5,7.4,6.7,0.5,-0.04,0,0.5,0.5,5.055,5.01,1.103,0.01507,PASS,PASS,PASS
2391,slope 150 dB/V,150,8,7.4,6.7,0.5,-0.04,0,0.5,0.5,8.017,8.008,0.2091,0.01257,PASS,PASS,PASS
2392,slope 150 dB/V,150,3,7.4,6.7,1,-0.04,0,1,1,3.078,3.014,2.596,0.01625,PASS,PASS,PASS
2393,slope 150 dB/V,150,5,7.4,6.7,1,-0.04,0,1,1,5.02,5.009,0.4083,0.01179,PASS,PASS,PASS
2394,slope 150 dB/V,150,8,7.4,6.7,1,-0.04,0,1,1,8.006,8.006,0.07959,0.009617,PASS,PASS,PASS
2395,slope 150 dB/V,150,3,7.4,6.7,2,-0.04,0,2,2,3.177,3.015,5.904,0.0225,PASS,PASS,PASS
2396,slope 150 dB/V,150,5,7.4,6.7,2,-0.04,0,2,2,5.084,5.011,1.681,0.01657,PASS,PASS,PASS
2397,slope 150 dB/V,150,8,7.4,6.7,2,-0.04,0,2,2,8.027,8.005,0.3419,0.01317,PASS,PASS,PASS
2398,slope 150 dB/V,150,3,7.4,6.7,5,-0.04,0,5,5,3.076,3,2.522,0.01767,PASS,PASS,PASS
2399,slope 150 dB/V,150,5,7.4,6.7,5,-0.04,0,5,5,5.018,4.998,0.3619,0.01306,PASS,PASS,PASS
2400,slope 150 dB/V,150,8,7.4,6.7,5,-0.04,0,5,5,8.007,8.001,0.09043,0.01008,PASS,PASS,PASS
2401,slope 150 dB/V,150,3,7.4,6.7,0.5,-0.02,0,0.5,0.5,3.081,3.013,2.694,0.01154,PASS,PASS,PASS
2402,slope 150 dB/V,150,5,7.4,6.7,0.5,-0.02,0,0.5,0.5,5.039,5.009,0.7764,0.00761,PASS,PASS,PASS
2403,slope 150 dB/V,150,8,7.4,6.7,0.5,-0.02,0,0.5,0.5,8.013,8.009,0.1631,0.006039,PASS,PASS,PASS
2404,slope 150 dB/V,150,3,7.4,6.7,1,-0.02,0,1,1,3.052,3.017,1.731,0.009073,PASS,PASS,PASS
2405,slope 150 dB/V,150,5,7.4,6.7,1,-0.02,0,1,1,5.017,5.008,0.3482,0.006299,PASS,PASS,PASS
2406,slope 150 dB/V,150,8,7.4,6.7,1,-0.02,0,1,1,8.006,8.005,0.0777,0.004884,PASS,PASS,PASS
2407,slope 150 dB/V,150,3,7.4,6.7,2,-0.02,0,2,2,3.095,3.017,3.162,0.0122,PASS,PASS,PASS
2408,slope 150 dB/V,150,5,7.4,6.7,2,-0.02,0,2,2,5.053,5.013,1.065,0.008562,PASS,PASS,PASS
2409,slope 150 dB/V,150,8,7.4,6.7,2,-0.02,0,2,2,8.023,8.009,0.2818,0.006909,PASS,PASS,PASS
2410,slope 150 dB/V,150,3,7.4,6.7,5,-0.02,0,5,5,3.058,2.996,1.938,0.01034,PASS,PASS,PASS
2411,slope 150 dB/V,150,5,7.4,6.7,5,-0.02,0,5,5,5.016,4.997,0.3145,0.006962,PASS,PASS,PASS
2412,slope 150 dB/V,150,8,7.4,6.7,5,-0.02,0,5,5,8.008,8.003,0.09682,0.005627,PASS,PASS,PASS
2413,slope 150 dB/V,150,3,7.4,6.7,0.5,0,0,0.5,0.5,3.026,3.015,0.8602,0.007491,PASS,PASS,PASS
2414,slope 150 dB/V,150,5,7.4,6.7,0.5,0,0,0.5,0.5,5.012,5.01,0.2325,0.005964,PASS,PASS,PASS
2415,slope 150 dB/V,150,8,7.4,6.7,0.5,0,0,0.5,0.5,8.007,8.007,0.08692,0.005964,PASS,PASS,PASS
2416,slope 150 dB/V,150,3,7.4,6.7,1,0,0,1,1,3.035,3.014,1.152,0.007328,PASS,PASS,PASS
2417,slope 150 dB/V,150,5,7.4,6.7,1,0,0,1,1,5.016,5.01,0.3255,0.004217,PASS,PASS,PASS
2418,slope 150 dB/V,150,8,7.4,6.7,1,0,0,1,1,8.006,8.008,0.09802,0.004217,PASS,PASS,PASS
2419,slope 150 dB/V,150,3,7.4,6.7,2,0,0,2,2,3.025,3.019,0.8476,0.008712,PASS,PASS,PASS
2420,slope 150 dB/V,150,5,7.4,6.7,2,0,0,2,2,5.015,5.013,0.3018,0.003404,PASS,PASS,PASS
2421,slope 150 dB/V,150,8,7.4,6.7,2,0,0,2,2,8.008,8.009,0.1093,0.002982,PASS,PASS,PASS
2422,slope 150 dB/V,150,3,7.4,6.7,5,0,0,5,5,3.036,2.997,1.206,0.008396,PASS,PASS,PASS
2423,slope 150 dB/V,150,5,7.4,6.7,5,0,0,5,5,5.014,4.997,0.2895,0.003545,PASS,PASS,PASS
2424,slope 150 dB/V,150,8,7.4,6.7,5,0,0,5,5,8.007,8.005,0.08962,0.00212,PASS,PASS,PASS
2425,slope 150 dB/V,150,3,7.4,6.7,0.5,0.02,0,0.5,0.5,2.977,3.012,-0.7777,0.01242,PASS,PASS,PASS
2426,slope 150 dB/V,150,5,7.4,6.7,0.5,0.02,0,0.5,0.5,4.981,5.014,-0.3797,0.008373,PASS,PASS,PASS
2427,slope 150 dB/V,150,8,7.4,6.7,0.5,0.02,0,0.5,0.5,7.994,8.009,0.1088,0.007054,PASS,PASS,PASS
2428,slope 150 dB/V,150,3,7.4,6.7,1,0.02,0,1,1,3.009,3.015,0.5144,0.01106,PASS,PASS,PASS
2429,slope 150 dB/V,150,5,7.4,6.7,1,0.02,0,1,1,5.007,5.009,0.1771,0.007152,PASS,PASS,PASS
2430,slope 150 dB/V,150,8,7.4,6.7,1,0.02,0,1,1,8.006,8.008,0.1029,0.0056,PASS,PASS,PASS
2431,slope 150 dB/V,150,3,7.4,6.7,2,0.02,0,2,2,2.968,3.014,-1.059,0.013,PASS,PASS,PASS
2432,slope 150 dB/V,150,5,7.4,6.7,2,0.02,0,2,2,4.971,5.014,-0.5731,0.009165,PASS,PASS,PASS
2433,slope 150 dB/V,150,8,7.4,6.7,2,0.02,0,2,2,7.987,8.01,-0.1586,0.007025,PASS,PASS,PASS
2434,slope 150 dB/V,150,3,7.4,6.7,5,0.02,0,5,5,3.009,2.999,0.293,0.01105,PASS,PASS,PASS
2435,slope 150 dB/V,150,5,7.4,6.7,5,0.02,0,5,5,5.008,4.996,0.1645,0.006886,PASS,PASS,PASS
2436,slope 150 dB/V,150,8,7.4,6.7,5,0.02,0,5,5,8.006,8,0.07602,0.005287,PASS,PASS,PASS
2437,slope 150 dB/V,150,3,7.4,6.7,0.5,0.04,0,0.5,0.5,2.927,3.013,-2.437,0.02018,PASS,PASS,PASS
2438,slope 150 dB/V,150,5,7.4,6.7,0.5,0.04,0,0.5,0.5,4.944,5.011,-1.115,0.01555,PASS,PASS,PASS
2439,slope 150 dB/V,150,8,7.4,6.7,0.5,0.04,0,0.5,0.5,7.975,8.009,-0.3113,0.01273,PASS,PASS,PASS
2440,slope 150 dB/V,150,3,7.4,6.7,1,0.04,0,1,1,2.984,3.014,-0.5308,0.01644,PASS,PASS,PASS
2441,slope 150 dB/V,150,5,7.4,6.7,1,0.04,0,1,1,4.998,5.009,0.1771,0.0124,PASS,PASS,PASS
2442,slope 150 dB/V,150,8,7.4,6.7,1,0.04,0,1,1,8.003,8.005,0.06506,0.009996,PASS,PASS,PASS
2443,slope 150 dB/V,150,3,7.4,6.7,2,0.04,0,2,2,2.913,3.013,-2.91,0.0203,PASS,PASS,PASS
2444,slope 150 dB/V,150,5,7.4,6.7,2,0.04,0,2,2,4.921,5.014,-1.585,0.01599,PASS,PASS,PASS
2445,slope 150 dB/V,150,8,7.4,6.7,2,0.04,0,2,2,7.961,8.007,-0.4898,0.0131,PASS,PASS,PASS
2446,slope 150 dB/V,150,3,7.4,6.7,5,0.04,0,5,5,2.986,3.001,-0.4648,0.01672,PASS,PASS,PASS
2447,slope 150 dB/V,150,5,7.4,6.7,5,0.04,0,5,5,4.999,4.999,-0.01691,0.01225,PASS,PASS,PASS
2448,slope 150 dB/V,150,8,7.4,6.7,5,0.04,0,5,5,8.005,8,0.06378,0.009853,PASS,PASS,PASS
2449,slope 150 dB/V,150,3,7.4,6.7,0.5,0.06,0,0.5,0.5,2.881,3.017,-3.959,0.02779,PASS,PASS,PASS
2450,slope 150 dB/V,150,5,7.4,6.7,0.5,0.06,0,0.5,0.5,4.902,5.011,-1.951,0.02203,PASS,PASS,PASS
2451,slope 150 dB/V,150,8,7.4,6.7,0.5,0.06,0,0.5,0.5,7.954,8.009,-0.576,0.01787,PASS,PASS,PASS
2452,slope 150 dB/V,150,3,7.4,6.7,1,0.06,0,1,1,2.953,3.016,-1.551,0.02218,PASS,PASS,PASS
2453,slope 150 dB/V,150,5,7.4,6.7,1,0.06,0,1,1,4.985,5.009,-0.2977,0.01732,PASS,PASS,PASS
2454,slope 150 dB/V,150,8,7.4,6.7,1,0.06,0,1,1,8.005,8.008,0.09609,0.01416,PASS,PASS,PASS
2455,slope 150 dB/V,150,3,7.4,6.7,2,0.06,0,2,2,2.862,3.013,-4.606,0.02907,PASS,PASS,PASS
2456,slope 150 dB/V,150,5,7.4,6.7,2,0.06,0,2,2,4.87,5.012,-2.591,0.02332,PASS,PASS,PASS
2457,slope 150 dB/V,150,8,7.4,6.7,2,0.06,0,2,2,7.923,8.007,-0.9637,0.0191,PASS,PASS,PASS
2458,slope 150 dB/V,150,3,7.4,6.7,5,0.06,0,5,5,2.959,3.001,-1.383,0.02194,PASS,PASS,PASS
2459,slope 150 dB/V,150,5,7.4,6.7,5,0.06,0,5,5,4.985,4.997,-0.3041,0.01737,PASS,PASS,PASS
2460,slope 150 dB/V,150,8,7.4,6.7,5,0.06,0,5,5,8.006,8,0.08075,0.0141,PASS,PASS,PASS
2461,slope 150 dB/V,150,3,7.4,6.7,0.5,0.08,0,0.5,0.5,2.839,3.018,-5.361,0.03494,PASS,PASS,PASS
2462,slope 150 dB/V,150,5,7.4,6.7,0.5,0.08,0,0.5,0.5,4.86,5.011,-2.802,0.02831,PASS,PASS,PASS
2463,slope 150 dB/V,150,8,7.4,6.7,0.5,0.08,0,0.5,0.5,7.919,8.006,-1.015,0.02318,PASS,PASS,PASS
2464,slope 150 dB/V,150,3,7.4,6.7,1,0.08,0,1,1,2.927,3.016,-2.445,0.02761,PASS,PASS,PASS
2465,slope 150 dB/V,150,5,7.4,6.7,1,0.08,0,1,1,4.966,5.008,-0.6718,0.02192,PASS,PASS,PASS
2466,slope 150 dB/V,150,8,7.4,6.7,1,0.08,0,1,1,8.001,8.003,0.04138,0.01797,PASS,PASS,PASS
2467,slope 150 dB/V,150,3,7.4,6.7,2,0.08,0,2,2,2.814,3.015,-6.199,0.03617,PASS,PASS,PASS
2468,slope 150 dB/V,150,5,7.4,6.7,2,0.08,0,2,2,4.818,5.012,-3.643,0.0292,PASS,PASS,PASS
2469,slope 150 dB/V,150,8,7.4,6.7,2,0.08,0,2,2,7.875,8.006,-1.563,0.0244,PASS,PASS,PASS
2470,slope 150 dB/V,150,3,7.4,6.7,5,0.08,0,5,5,2.928,3.002,-2.413,0.02827,PASS,PASS,PASS
2471,slope 150 dB/V,150,5,7.4,6.7,5,0.08,0,5,5,4.967,4.996,-0.6656,0.02225,PASS,PASS,PASS
2472,slope 150 dB/V,150,8,7.4,6.7,5,0.08,0,5,5,8.003,8.002,0.0431,0.01825,PASS,PASS,PASS
2473,slope 150 dB/V,150,3,7.4,6.7,0.5,0.1,0,0.5,0.5,2.798,3.013,-6.74,0.04179,PASS,PASS,PASS
2474,slope 150 dB/V,150,5,7.4,6.7,0.5,0.1,0,0.5,0.5,4.814,5.011,-3.721,0.03343,PASS,PASS,PASS
2475,slope 150 dB/V,150,8,7.4,6.7,0.5,0.1,0,0.5,0.5,7.877,8.009,-1.534,0.02775,PASS,PASS,PASS
2476,slope 150 dB/V,150,3,7.4,6.7,1,0.1,0,1,1,2.898,3.017,-3.411,0.03289,PASS,PASS,PASS
2477,slope 150 dB/V,150,5,7.4,6.7,1,0.1,0,1,1,4.945,5.009,-1.101,0.02637,PASS,PASS,PASS
2478,slope 150 dB/V,150,8,7.4,6.7,1,0.1,0,1,1,7.995,8.004,-0.05718,0.02203,PASS,PASS,PASS
2479,slope 150 dB/V,150,3,7.4,6.7,2,0.1,0,2,2,2.767,3.016,-7.772,0.04442,PASS,PASS,PASS
2480,slope 150 dB/V,150,5,7.4,6.7,2,0.1,0,2,2,4.765,5.011,-4.691,0.03548,PASS,PASS,PASS
2481,slope 150 dB/V,150,8,7.4,6.7,2,0.1,0,2,2,7.824,8.008,-2.196,0.02947,PASS,PASS,PASS
2482,slope 150 dB/V,150,3,7.4,6.7,5,0.1,0,5,5,2.905,2.996,-3.161,0.03417,PASS,PASS,PASS
2483,slope 150 dB/V,150,5,7.4,6.7,5,0.1,0,5,5,4.945,4.999,-1.097,0.02678,PASS,PASS,PASS
2484,slope 150 dB/V,150,8,7.4,6.7,5,0.1,0,5,5,7.993,8.005,-0.0878,0.02239,PASS,PASS,PASS
2485,slope 150 dB/V,150,3,7.4,6.7,0.5,0.12,0,0.5,0.5,2.759,3.011,-8.043,0.0485,PASS,PASS,PASS
2486,slope 150 dB/V,150,5,7.4,6.7,0.5,0.12,0,0.5,0.5,4.768,5.01,-4.642,0.03907,PASS,PASS,PASS
2487,slope 150 dB/V,150,8,7.4,6.7,0.5,0.12,0,0.5,0.5,7.832,8.009,-2.097,0.03245,PASS,PASS,PASS
2488,slope 150 dB/V,150,3,7.4,6.7,1,0.12,0,1,1,2.865,3.016,-4.514,0.03816,PASS,PASS,PASS
2489,slope 150 dB/V,150,5,7.4,6.7,1,0.12,0,1,1,4.915,5.012,-1.692,0.03094,PASS,PASS,PASS
2490,slope 150 dB/V,150,8,7.4,6.7,1,0.12,0,1,1,7.985,8.004,-0.1919,0.02561,PASS,PASS,PASS
2491,slope 150 dB/V,150,3,7.4,6.7,2,0.12,0,2,2,2.724,3.015,-9.21,0.05066,PASS,PASS,FAIL
2492,slope 150 dB/V,150,5,7.4,6.7,2,0.12,0,2,2,4.712,5.011,-5.754,0.04152,PASS,PASS,PASS
2493,slope 150 dB/V,150,8,7.4,6.7,2,0.12,0,2,2,7.77,8.008,-2.87,0.03448,PASS,PASS,PASS
2494,slope 150 dB/V,150,3,7.4,6.7,5,0.12,0,5,5,2.877,3.001,-4.114,0.03935,PASS,PASS,PASS
2495,slope 150 dB/V,150,5,7.4,6.7,5,0.12,0,5,5,4.918,4.994,-1.645,0.03141,PASS,PASS,PASS
2496,slope 150 dB/V,150,8,7.4,6.7,5,0.12,0,5,5,7.984,8.006,-0.1983,0.02589,PASS,PASS,PASS
2497,slope 150 dB/V,150,3,7.4,6.7,0.5,0.14,0,0.5,0.5,2.718,3.015,-9.415,0.05514,PASS,PASS,FAIL
2498,slope 150 dB/V,150,5,7.4,6.7,0.5,0.14,0,0.5,0.5,4.721,5.011,-5.573,0.04411,PASS,PASS,PASS
2499,slope 150 dB/V,150,8,7.4,6.7,0.5,0.14,0,0.5,0.5,7.789,8.007,-2.635,0.03649,PASS,PASS,PASS
2500,slope 150 dB/V,150,3,7.4,6.7,1,0.14,0,1,1,2.837,3.014,-5.446,0.0437,PASS,PASS,PASS
2501,slope 150 dB/V,150,5,7.4,6.7,1,0.14,0,1,1,4.887,5.007,-2.255,0.03506,PASS,PASS,PASS
2502,slope 150 dB/V,150,8,7.4,6.7,1,0.14,0,1,1,7.969,8.006,-0.3922,0.02906,PASS,PASS,PASS
2503,slope 150 dB/V,150,3,7.4,6.7,2,0.14,0,2,2,2.681,3.016,-10.64,0.05767,FAIL,PASS,FAIL
2504,slope 150 dB/V,150,5,7.4,6.7,2,0.14,0,2,2,4.663,5.016,-6.74,0.04723,PASS,PASS,PASS
2505,slope 150 dB/V,150,8,7.4,6.7,2,0.14,0,2,2,7.713,8.009,-3.586,0.03902,PASS,PASS,PASS
2506,slope 150 dB/V,150,3,7.4,6.7,5,0.14,0,5,5,2.848,3.001,-5.058,0.04374,PASS,PASS,PASS
2507,slope 150 dB/V,150,5,7.4,6.7,5,0.14,0,5,5,4.891,4.995,-2.187,0.03521,PASS,PASS,PASS
2508,slope 150 dB/V,150,8,7.4,6.7,5,0.14,0,5,5,7.974,8.002,-0.3265,0.02933,PASS,PASS,PASS
2509,slope 150 dB/V,150,3,7.4,6.7,0.5,0.16,0,0.5,0.5,2.682,3.011,-10.61,0.06092,FAIL,PASS,FAIL
2510,slope 150 dB/V,150,5,7.4,6.7,0.5,0.16,0,0.5,0.5,4.674,5.01,-6.512,0.04895,PASS,PASS,PASS
2511,slope 150 dB/V,150,8,7.4,6.7,0.5,0.16,0,0.5,0.5,7.738,8.007,-3.276,0.0403,PASS,PASS,PASS
2512,slope 150 dB/V,150,3,7.4,6.7,1,0.16,0,1,1,2.807,3.015,-6.433,0.04819,PASS,PASS,PASS
2513,slope 150 dB/V,150,5,7.4,6.7,1,0.16,0,1,1,4.857,5.008,-2.86,0.03923,PASS,PASS,PASS
2514,slope 150 dB/V,150,8,7.4,6.7,1,0.16,0,1,1,7.95,8.005,-0.6232,0.03218,PASS,PASS,PASS
2515,slope 150 dB/V,150,3,7.4,6.7,2,0.16,0,2,2,2.64,3.014,-11.99,0.06437,FAIL,PASS,FAIL
2516,slope 150 dB/V,150,5,7.4,6.7,2,0.16,0,2,2,4.611,5.01,-7.781,0.05257,PASS,PASS,FAIL
2517,slope 150 dB/V,150,8,7.4,6.7,2,0.16,0,2,2,7.655,8.007,-4.316,0.04328,PASS,PASS,PASS
2518,slope 150 dB/V,150,3,7.4,6.7,5,0.16,0,5,5,2.823,3.001,-5.898,0.04973,PASS,PASS,PASS
2519,slope 150 dB/V,150,5,7.4,6.7,5,0.16,0,5,5,4.858,5.001,-2.845,0.03922,PASS,PASS,PASS
2520,slope 150 dB/V,150,8,7.4,6.7,5,0.16,0,5,5,7.952,8.004,-0.595,0.03263,PASS,PASS,PASS
2521,slope 150 dB/V,150,3,7.4,6.7,0.5,0.18,0,0.5,0.5,2.646,3.012,-11.78,0.06606,FAIL,PASS,FAIL
2522,slope 150 dB/V,150,5,7.4,6.7,0.5,0.18,0,0.5,0.5,4.63,5.011,-7.402,0.05347,PASS,PASS,FAIL
2523,slope 150 dB/V,150,8,7.4,6.7,0.5,0.18,0,0.5,0.5,7.688,8.009,-3.895,0.04418,PASS,PASS,PASS
2524,slope 150 dB/V,150,3,7.4,6.7,1,0.18,0,1,1,2.78,3.014,-7.341,0.05292,PASS,PASS,FAIL
2525,slope 150 dB/V,150,5,7.4,6.7,1,0.18,0,1,1,4.826,5.009,-3.477,0.04294,PASS,PASS,PASS
2526,slope 150 dB/V,150,8,7.4,6.7,1,0.18,0,1,1,7.93,8.005,-0.8808,0.0352,PASS,PASS,PASS
2527,slope 150 dB/V,150,3,7.4,6.7,2,0.18,0,2,2,2.603,3.016,-13.24,0.07059,FAIL,PASS,FAIL
2528,slope 150 dB/V,150,5,7.4,6.7,2,0.18,0,2,2,4.567,5.013,-8.663,0.05714,PASS,PASS,FAIL
2529,slope 150 dB/V,150,8,7.4,6.7,2,0.18,0,2,2,7.593,8.008,-5.082,0.04755,PASS,PASS,PASS
2530,slope 150 dB/V,150,3,7.4,6.7,5,0.18,0,5,5,2.798,3.001,-6.746,0.05343,PASS,PASS,FAIL
2531,slope 150 dB/V,150,5,7.4,6.7,5,0.18,0,5,5,4.831,4.997,-3.373,0.04327,PASS,PASS,PASS
2532,slope 150 dB/V,150,8,7.4,6.7,5,0.18,0,5,5,7.93,8.004,-0.8756,0.03563,PASS,PASS,PASS
2533,slope 150 dB/V,150,3,7.4,6.7,0.5,0.2,0,0.5,0.5,2.611,3.013,-12.96,0.07198,FAIL,PASS,FAIL
2534,slope 150 dB/V,150,5,7.4,6.7,0.5,0.2,0,0.5,0.5,4.587,5.01,-8.254,0.05778,PASS,PASS,FAIL
2535,slope 150 dB/V,150,8,7.4,6.7,0.5,0.2,0,0.5,0.5,7.635,8.006,-4.563,0.04789,PASS,PASS,PASS
2536,slope 150 dB/V,150,3,7.4,6.7,1,0.2,0,1,1,2.753,3.014,-8.224,0.05766,PASS,PASS,FAIL
2537,slope 150 dB/V,150,5,7.4,6.7,1,0.2,0,1,1,4.791,5.007,-4.173,0.04655,PASS,PASS,PASS
2538,slope 150 dB/V,150,8,7.4,6.7,1,0.2,0,1,1,7.898,8.008,-1.281,0.03822,PASS,PASS,PASS
2539,slope 150 dB/V,150,3,7.4,6.7,2,0.2,0,2,2,2.567,3.016,-14.43,0.07607,FAIL,PASS,FAIL
2540,slope 150 dB/V,150,5,7.4,6.7,2,0.2,0,2,2,4.517,5.013,-9.659,0.06193,PASS,PASS,FAIL
2541,slope 150 dB/V,150,8,7.4,6.7,2,0.2,0,2,2,7.539,8.009,-5.765,0.05122,PASS,PASS,FAIL
2542,slope 150 dB/V,150,3,7.4,6.7,5,0.2,0,5,5,2.773,3.001,-7.569,0.05867,PASS,PASS,FAIL
2543,slope 150 dB/V,150,5,7.4,6.7,5,0.2,0,5,5,4.797,5.001,-4.064,0.04656,PASS,PASS,PASS
2544,slope 150 dB/V,150,8,7.4,6.7,5,0.2,0,5,5,7.904,8.002,-1.197,0.0385,PASS,PASS,PASS
2545,slope 150 dB/V,150,3,7.4,6.7,0.5,0.22,0,0.5,0.5,2.578,3.011,-14.06,0.07718,FAIL,PASS,FAIL
2546,slope 150 dB/V,150,5,7.4,6.7,0.5,0.22,0,0.5,0.5,4.545,5.01,-9.106,0.06172,PASS,PASS,FAIL
2547,slope 150 dB/V,150,8,7.4,6.7,0.5,0.22,0,0.5,0.5,7.583,8.009,-5.214,0.05124,PASS,PASS,FAIL
2548,slope 150 dB/V,150,3,7.4,6.7,1,0.22,0,1,1,2.729,3.016,-9.032,0.06216,PASS,PASS,FAIL
2549,slope 150 dB/V,150,5,7.4,6.7,1,0.22,0,1,1,4.761,5.007,-4.778,0.04979,PASS,PASS,PASS
2550,slope 150 dB/V,150,8,7.4,6.7,1,0.22,0,1,1,7.869,8.004,-1.636,0.04085,PASS,PASS,PASS
2551,slope 150 dB/V,150,3,7.4,6.7,2,0.22,0,2,2,2.531,3.013,-15.65,0.08266,FAIL,PASS,FAIL
2552,slope 150 dB/V,150,5,7.4,6.7,2,0.22,0,2,2,4.472,5.013,-10.56,0.06606,FAIL,FAIL,FAIL
2553,slope 150 dB/V,150,8,7.4,6.7,2,0.22,0,2,2,7.482,8.005,-6.477,0.05482,PASS,FAIL,FAIL
2554,slope 150 dB/V,150,3,7.4,6.7,5,0.22,0,5,5,2.747,2.998,-8.441,0.06317,PASS,PASS,FAIL
2555,slope 150 dB/V,150,5,7.4,6.7,5,0.22,0,5,5,4.767,4.996,-4.666,0.05,PASS,PASS,FAIL
2556,slope 150 dB/V,150,8,7.4,6.7,5,0.22,0,5,5,7.874,8.006,-1.58,0.04131,PASS,PASS,PASS
2557,slope 150 dB/V,150,3,7.4,6.7,0.5,0.24,0,0.5,0.5,2.547,3.011,-15.12,0.08228,FAIL,PASS,FAIL
2558,slope 150 dB/V,150,5,7.4,6.7,0.5,0.24,0,0.5,0.5,4.505,5.01,-9.909,0.06602,PASS,PASS,FAIL
2559,slope 150 dB/V,150,8,7.4,6.7,0.5,0.24,0,0.5,0.5,7.535,8.006,-5.817,0.0544,PASS,PASS,FAIL
2560,slope 150 dB/V,150,3,7.4,6.7,1,0.24,0,1,1,2.699,3.014,-10.04,0.06609,FAIL,PASS,FAIL
2561,slope 150 dB/V,150,5,7.4,6.7,1,0.24,0,1,1,4.73,5.006,-5.403,0.05304,PASS,PASS,FAIL
2562,slope 150 dB/V,150,8,7.4,6.7,1,0.24,0,1,1,7.835,8.006,-2.068,0.04356,PASS,PASS,PASS
2563,slope 150 dB/V,150,3,7.4,6.7,2,0.24,0,2,2,2.495,3.016,-16.83,0.08732,FAIL,FAIL,FAIL
2564,slope 150 dB/V,150,5,7.4,6.7,2,0.24,0,2,2,4.427,5.01,-11.47,0.07073,FAIL,FAIL,FAIL
2565,slope 150 dB/V,150,8,7.4,6.7,2,0.24,0,2,2,7.424,8.007,-7.195,0.05846,PASS,FAIL,FAIL
2566,slope 150 dB/V,150,3,7.4,6.7,5,0.24,0,5,5,2.728,2.999,-9.053,0.06659,PASS,PASS,FAIL
2567,slope 150 dB/V,150,5,7.4,6.7,5,0.24,0,5,5,4.741,4.997,-5.182,0.05369,PASS,PASS,FAIL
2568,slope 150 dB/V,150,8,7.4,6.7,5,0.24,0,5,5,7.844,8.003,-1.953,0.04402,PASS,PASS,PASS
2569,slope 150 dB/V,150,3,7.4,6.7,0.5,0.26,0,0.5,0.5,2.517,3.012,-16.11,0.08641,FAIL,PASS,FAIL
2570,slope 150 dB/V,150,5,7.4,6.7,0.5,0.26,0,0.5,0.5,4.462,5.01,-10.75,0.06951,FAIL,FAIL,FAIL
2571,slope 150 dB/V,150,8,7.4,6.7,0.5,0.26,0,0.5,0.5,7.483,8.006,-6.466,0.05725,PASS,FAIL,FAIL
2572,slope 150 dB/V,150,3,7.4,6.7,1,0.26,0,1,1,2.678,3.016,-10.73,0.07007,FAIL,PASS,FAIL
2573,slope 150 dB/V,150,5,7.4,6.7,1,0.26,0,1,1,4.697,5.011,-6.054,0.05605,PASS,PASS,FAIL
2574,slope 150 dB/V,150,8,7.4,6.7,1,0.26,0,1,1,7.802,8.004,-2.473,0.04622,PASS,PASS,PASS
2575,slope 150 dB/V,150,3,7.4,6.7,2,0.26,0,2,2,2.465,3.018,-17.82,0.09224,FAIL,FAIL,FAIL
2576,slope 150 dB/V,150,5,7.4,6.7,2,0.26,0,2,2,4.382,5.013,-12.35,0.07494,FAIL,FAIL,FAIL
2577,slope 150 dB/V,150,8,7.4,6.7,2,0.26,0,2,2,7.373,8.007,-7.834,0.0618,PASS,FAIL,FAIL
2578,slope 150 dB/V,150,3,7.4,6.7,5,0.26,0,5,5,2.703,3.001,-9.89,0.0709,PASS,PASS,FAIL
2579,slope 150 dB/V,150,5,7.4,6.7,5,0.26,0,5,5,4.707,4.994,-5.87,0.05668,PASS,PASS,FAIL
2580,slope 150 dB/V,150,8,7.4,6.7,5,0.26,0,5,5,7.807,8.005,-2.408,0.04635,PASS,PASS,PASS
2581,slope 150 dB/V,150,3,7.4,6.7,0.5,0.28,0,0.5,0.5,2.483,3.016,-17.24,0.09138,FAIL,FAIL,FAIL
2582,slope 150 dB/V,150,5,7.4,6.7,0.5,0.28,0,0.5,0.5,4.423,5.012,-11.53,0.07297,FAIL,FAIL,FAIL
2583,slope 150 dB/V,150,8,7.4,6.7,0.5,0.28,0,0.5,0.5,7.436,8.007,-7.052,0.06061,PASS,FAIL,FAIL
2584,slope 150 dB/V,150,3,7.4,6.7,1,0.28,0,1,1,2.65,3.016,-11.66,0.07435,FAIL,PASS,FAIL
2585,slope 150 dB/V,150,5,7.4,6.7,1,0.28,0,1,1,4.668,5.008,-6.64,0.05933,PASS,PASS,FAIL
2586,slope 150 dB/V,150,8,7.4,6.7,1,0.28,0,1,1,7.768,8.005,-2.901,0.04872,PASS,PASS,PASS
2587,slope 150 dB/V,150,3,7.4,6.7,2,0.28,0,2,2,2.438,3.013,-18.74,0.09813,FAIL,FAIL,FAIL
2588,slope 150 dB/V,150,5,7.4,6.7,2,0.28,0,2,2,4.342,5.009,-13.16,0.07881,FAIL,FAIL,FAIL
2589,slope 150 dB/V,150,8,7.4,6.7,2,0.28,0,2,2,7.32,8.007,-8.5,0.06504,PASS,FAIL,FAIL
2590,slope 150 dB/V,150,3,7.4,6.7,5,0.28,0,5,5,2.68,2.997,-10.65,0.07408,FAIL,PASS,FAIL
2591,slope 150 dB/V,150,5,7.4,6.7,5,0.28,0,5,5,4.678,4.995,-6.436,0.05924,PASS,PASS,FAIL
2592,slope 150 dB/V,150,8,7.4,6.7,5,0.28,0,5,5,7.773,8.001,-2.84,0.04899,PASS,PASS,PASS
2593,slope 150 dB/V,150,3,7.4,6.7,0.5,0.3,0,0.5,0.5,2.455,3.016,-18.18,0.09518,FAIL,FAIL,FAIL
2594,slope 150 dB/V,150,5,7.4,6.7,0.5,0.3,0,0.5,0.5,4.386,5.01,-12.28,0.07642,FAIL,FAIL,FAIL
2595,slope 150 dB/V,150,8,7.4,6.7,0.5,0.3,0,0.5,0.5,7.387,8.007,-7.657,0.06314,PASS,FAIL,FAIL
2596,slope 150 dB/V,150,3,7.4,6.7,1,0.3,0,1,1,2.626,3.014,-12.45,0.07759,FAIL,PASS,FAIL
2597,slope 150 dB/V,150,5,7.4,6.7,1,0.3,0,1,1,4.636,5.011,-7.275,0.06187,PASS,PASS,FAIL
2598,slope 150 dB/V,150,8,7.4,6.7,1,0.3,0,1,1,7.732,8.008,-3.349,0.05103,PASS,PASS,FAIL
2599,slope 150 dB/V,150,3,7.4,6.7,2,0.3,0,2,2,2.406,3.017,-19.8,0.1017,FAIL,FAIL,FAIL
2600,slope 150 dB/V,150,5,7.4,6.7,2,0.3,0,2,2,4.3,5.013,-14,0.08242,FAIL,FAIL,FAIL
2601,slope 150 dB/V,150,8,7.4,6.7,2,0.3,0,2,2,7.267,8.007,-9.161,0.06805,PASS,FAIL,FAIL
2602,slope 150 dB/V,150,3,7.4,6.7,5,0.3,0,5,5,2.657,3.002,-11.43,0.07731,FAIL,PASS,FAIL
2603,slope 150 dB/V,150,5,7.4,6.7,5,0.3,0,5,5,4.649,4.999,-7.017,0.06273,PASS,PASS,FAIL
2604,slope 150 dB/V,150,8,7.4,6.7,5,0.3,0,5,5,7.737,8.006,-3.282,0.05133,PASS,PASS,FAIL
