run,C1C,C1ESR,C1ESL,C1Lvia,C1Cpad,C3C,C3ESR,C3ESL,C3Lvia,C3Cpad,C5C,C5ESR,C5ESL,C5Lvia,C5Cpad,C7C,C7ESR,C7ESL,C7Lvia,C7Cpad,L2L,L2R,L2C,L2Ltr,L2Q,L2SRF,L4L,L4R,L4C,L4Ltr,L4Q,L4SRF,L6L,L6R,L6C,L6Ltr,L6Q,L6SRF,K24,K46,K26,Cio
1,2.090000e-11,2.000000e-01,1.000000e-09,8.496433e-10,3.489749e-13,3.705000e-11,2.000000e-01,1.000000e-09,8.496433e-10,3.489749e-13,3.705000e-11,2.000000e-01,1.000000e-09,8.496433e-10,3.489749e-13,2.090000e-11,2.000000e-01,1.000000e-09,8.496433e-10,3.489749e-13,6.596000e-08,3.488362e-01,2.296805e-13,1.000000e-09,1.734570e+02,1.461939e+09,7.954000e-08,4.086792e-01,2.383299e-13,1.000000e-09,1.785401e+02,1.300372e+09,6.596000e-08,3.488362e-01,2.296805e-13,1.000000e-09,1.734570e+02,1.461939e+09,1.500000e-02,1.500000e-02,2.000000e-03,2.000000e-15
2,2.310000e-11,2.000000e-01,1.000000e-09,8.496433e-10,3.489749e-13,4.095000e-11,2.000000e-01,1.000000e-09,8.496433e-10,3.489749e-13,4.095000e-11,2.000000e-01,1.000000e-09,8.496433e-10,3.489749e-13,2.310000e-11,2.000000e-01,1.000000e-09,8.496433e-10,3.489749e-13,7.004000e-08,3.704136e-01,2.192136e-13,1.000000e-09,1.734570e+02,1.461939e+09,8.446000e-08,4.339584e-01,2.273593e-13,1.000000e-09,1.785401e+02,1.300372e+09,7.004000e-08,3.704136e-01,2.192136e-13,1.000000e-09,1.734570e+02,1.461939e+09,1.500000e-02,1.500000e-02,2.000000e-03,2.000000e-15
3,2.209881e-11,1.563405e-01,6.564597e-10,1.266018e-09,4.914742e-13,3.945277e-11,2.582464e-01,1.038110e-09,7.161990e-10,4.635102e-13,3.965353e-11,2.989498e-01,1.181189e-09,1.296364e-09,4.913945e-13,2.150887e-11,3.858235e-01,9.223702e-10,9.911303e-10,4.607039e-13,6.910479e-08,4.833734e-01,1.783962e-13,8.472603e-10,1.311469e+02,1.545466e+09,8.116285e-08,5.036289e-01,2.623353e-13,1.001518e-09,1.478357e+02,1.136998e+09,6.859690e-08,4.787076e-01,1.662952e-13,1.867785e-09,1.314519e+02,2.006420e+09,2.553179e-02,3.876584e-03,5.126437e-03,2.746827e-15
4,2.177486e-11,3.727209e-01,1.052429e-09,8.982573e-10,2.181928e-13,4.070177e-11,2.338355e-01,1.015304e-09,4.292073e-10,3.802238e-13,4.063024e-11,3.309190e-01,1.151212e-09,1.275540e-09,4.905810e-13,2.285374e-11,2.945107e-01,1.052398e-09,8.034347e-10,2.010894e-13,6.807954e-08,2.931227e-01,2.109847e-13,1.141639e-09,2.130590e+02,1.566238e+09,8.060463e-08,4.852697e-01,2.823379e-13,9.584015e-10,1.523735e+02,1.206050e+09,6.637561e-08,4.229111e-01,1.637621e-13,1.400749e-09,1.439767e+02,1.644706e+09,2.563193e-02,5.697165e-03,3.855131e-03,1.487258e-15
5,2.156475e-11,2.805678e-01,1.011644e-09,3.342814e-10,2.061629e-13,3.934440e-11,3.181846e-01,8.864530e-10,1.049679e-09,5.009663e-13,4.078264e-11,1.910981e-01,9.804746e-10,9.953660e-10,2.610557e-13,2.115515e-11,2.806335e-01,8.471371e-10,7.835250e-10,2.484339e-13,6.892759e-08,3.201680e-01,1.610653e-13,1.216311e-09,1.974912e+02,1.962641e+09,8.309040e-08,4.726647e-01,2.243064e-13,1.479702e-09,1.612614e+02,1.357820e+09,6.860139e-08,3.746633e-01,1.534326e-13,6.261637e-10,1.679672e+02,1.767351e+09,2.154514e-02,2.903157e-02,4.973374e-03,8.705904e-16
6,2.282723e-11,2.159141e-01,9.553823e-10,1.165587e-09,3.985012e-13,3.938552e-11,3.720222e-01,1.024893e-09,4.485185e-10,2.867505e-13,3.741880e-11,1.582092e-01,7.500300e-10,6.654242e-10,4.699945e-13,2.263418e-11,2.669580e-01,7.398547e-10,9.429666e-10,2.958087e-13,6.969391e-08,3.700731e-01,1.143854e-13,1.991403e-09,1.727588e+02,1.973520e+09,8.083330e-08,3.818862e-01,2.763079e-13,1.398980e-09,1.941731e+02,1.128866e+09,6.950763e-08,4.470027e-01,2.115570e-13,1.940259e-09,1.426445e+02,1.486008e+09,1.437393e-02,1.135774e-03,3.740020e-03,2.671459e-15
7,2.091663e-11,2.386954e-01,9.802107e-10,8.062322e-10,4.578592e-13,4.092817e-11,3.263111e-01,1.168681e-09,1.067922e-09,2.312537e-13,4.017805e-11,2.731585e-01,8.067081e-10,4.794194e-10,2.161175e-13,2.285455e-11,1.635855e-01,1.136462e-09,1.127560e-09,4.300083e-13,6.603791e-08,2.823709e-01,1.544873e-13,1.305543e-09,2.145389e+02,1.991180e+09,8.294509e-08,3.445695e-01,2.146282e-13,1.542935e-09,2.208241e+02,1.302987e+09,6.914087e-08,4.706464e-01,1.971778e-13,1.836973e-09,1.347637e+02,1.668072e+09,1.975883e-02,1.273385e-03,4.003900e-03,1.192316e-15
8,2.281236e-11,2.257174e-01,1.124871e-09,6.402254e-10,3.126438e-13,3.893864e-11,3.316045e-01,6.131995e-10,1.111327e-09,2.039877e-13,3.953725e-11,2.035214e-01,1.082013e-09,1.217808e-09,3.614905e-13,2.097250e-11,1.913815e-01,7.305254e-10,4.435081e-10,2.117826e-13,6.671865e-08,2.960992e-01,1.595457e-13,9.156161e-10,2.067010e+02,1.692200e+09,8.361276e-08,4.129563e-01,2.528530e-13,1.847305e-09,1.857382e+02,1.225111e+09,6.984503e-08,4.085299e-01,1.508084e-13,1.167157e-09,1.568355e+02,1.770720e+09,8.339914e-03,2.563748e-02,4.542946e-03,1.482613e-15
9,2.288334e-11,2.740257e-01,9.247062e-10,9.082426e-10,4.864134e-13,3.783544e-11,3.986257e-01,7.620786e-10,1.121532e-09,3.097043e-13,3.833826e-11,1.877012e-01,6.046105e-10,3.768601e-10,2.706626e-13,2.129443e-11,1.740702e-01,6.074325e-10,4.685768e-10,3.282494e-13,6.978543e-08,3.105462e-01,2.091767e-13,1.972940e-09,2.061443e+02,1.591467e+09,8.139040e-08,4.958387e-01,1.594587e-13,1.830593e-09,1.505794e+02,1.557453e+09,6.942781e-08,3.930685e-01,2.029277e-13,1.325600e-09,1.620309e+02,1.597142e+09,4.169408e-04,2.654775e-02,5.164837e-03,4.582230e-15
10,2.200039e-11,3.508292e-01,1.098933e-09,8.616270e-10,3.104744e-13,4.041540e-11,2.076275e-01,6.327773e-10,8.088326e-10,3.284788e-13,3.784081e-11,3.472450e-01,9.334068e-10,1.014454e-09,3.353346e-13,2.127676e-11,1.120768e-01,8.791864e-10,9.867507e-10,4.344178e-13,6.705998e-08,3.893360e-01,1.842126e-13,1.031590e-09,1.580053e+02,1.869763e+09,8.107402e-08,4.314467e-01,2.874542e-13,1.726593e-09,1.723802e+02,1.081109e+09,6.932172e-08,4.453185e-01,2.002171e-13,5.097645e-10,1.428010e+02,1.565876e+09,1.923559e-02,2.110097e-02,4.938689e-04,2.242526e-15
11,2.138177e-11,1.410525e-01,8.662416e-10,1.211510e-09,3.681765e-13,4.030910e-11,2.671004e-01,8.458665e-10,1.047360e-09,2.674636e-13,3.901120e-11,2.246394e-01,1.096788e-09,4.347140e-10,4.334401e-13,2.155284e-11,1.576593e-01,8.990643e-10,2.726740e-10,3.680535e-13,6.688959e-08,3.586859e-01,2.326907e-13,5.394334e-10,1.710712e+02,1.421211e+09,8.403425e-08,5.158813e-01,2.338013e-13,1.278944e-09,1.494305e+02,1.315480e+09,6.991706e-08,3.045857e-01,1.790972e-13,1.776943e-09,2.105748e+02,1.735645e+09,1.141473e-02,1.952662e-02,2.084474e-03,2.434500e-15
12,2.194099e-11,3.999750e-01,7.233136e-10,7.253306e-10,1.971848e-13,3.900161e-11,1.618008e-01,9.861452e-10,4.009757e-10,5.094939e-13,3.761087e-11,1.293530e-01,9.110582e-10,1.187707e-09,3.854140e-13,2.297076e-11,1.064401e-01,7.457392e-10,8.228683e-10,2.012679e-13,6.917353e-08,4.760806e-01,1.364655e-13,8.604976e-10,1.332883e+02,1.942305e+09,8.164003e-08,3.907112e-01,3.195749e-13,1.753065e-09,1.916814e+02,1.092426e+09,6.708172e-08,2.860867e-01,1.532776e-13,7.195704e-10,2.150994e+02,1.760111e+09,8.187650e-03,2.377830e-02,1.836547e-03,2.045120e-15
13,2.276758e-11,3.621305e-01,8.307813e-10,8.758330e-10,2.942046e-13,3.899611e-11,2.280870e-01,7.475438e-10,1.139603e-09,3.569610e-13,3.856375e-11,3.876113e-01,6.321725e-10,1.218144e-09,2.660917e-13,2.279771e-11,3.307636e-01,7.953219e-10,1.157485e-09,1.734252e-13,6.858481e-08,3.136517e-01,1.469630e-13,6.612678e-10,2.005917e+02,1.980282e+09,8.358599e-08,4.675334e-01,2.466411e-13,6.789927e-10,1.640037e+02,1.159753e+09,6.741063e-08,3.888694e-01,1.769246e-13,8.975672e-10,1.590221e+02,1.949612e+09,1.558130e-02,1.840272e-02,2.046735e-04,4.387074e-15
14,2.102480e-11,2.849284e-01,8.728502e-10,7.309099e-10,2.497621e-13,4.052141e-11,3.472080e-01,9.642177e-10,8.252199e-10,5.149723e-13,3.749778e-11,2.774972e-01,8.458794e-10,1.261934e-09,2.695571e-13,2.114235e-11,1.415005e-01,6.333012e-10,8.405333e-10,2.779483e-13,6.731305e-08,4.423360e-01,1.412235e-13,1.931099e-09,1.395982e+02,1.889100e+09,8.141440e-08,3.870655e-01,1.795589e-13,8.986349e-10,1.929521e+02,1.707615e+09,6.605478e-08,3.190328e-01,2.419274e-13,5.910531e-10,1.899335e+02,1.403284e+09,1.254298e-02,3.230465e-03,4.720479e-03,2.736694e-15
15,2.122860e-11,2.707851e-01,9.333630e-10,1.270809e-09,4.282112e-13,3.867388e-11,2.304212e-01,6.628521e-10,7.675748e-10,3.832863e-13,3.917891e-11,2.434343e-01,1.023309e-09,6.751314e-10,1.740567e-13,2.134085e-11,1.716071e-01,9.887116e-10,9.847070e-10,4.277854e-13,6.852552e-08,4.478179e-01,1.652948e-13,1.964269e-09,1.403730e+02,1.631904e+09,8.086521e-08,3.948590e-01,2.178672e-13,8.842216e-10,1.878678e+02,1.279780e+09,6.615900e-08,4.037648e-01,1.693224e-13,9.642954e-10,1.503118e+02,1.707903e+09,2.103261e-02,2.141633e-02,3.190217e-03,3.290777e-15
16,2.249288e-11,3.107999e-01,7.933951e-10,1.199461e-09,5.207146e-13,4.034546e-11,2.012366e-01,9.167774e-10,8.980999e-10,2.808542e-13,3.880489e-11,1.050236e-01,1.061518e-09,1.255543e-09,2.070985e-13,2.139092e-11,2.571749e-01,6.797514e-10,7.323601e-10,4.094038e-13,6.659790e-08,2.836765e-01,1.904969e-13,8.277774e-10,2.153624e+02,1.545378e+09,8.061751e-08,4.310130e-01,1.438170e-13,6.454980e-10,1.715820e+02,1.622343e+09,6.628178e-08,4.263659e-01,1.530897e-13,1.582027e-09,1.426082e+02,1.912317e+09,6.140374e-03,2.495631e-02,2.807405e-04,9.963500e-16
17,2.221568e-11,1.308071e-01,1.190020e-09,6.237340e-10,5.048365e-13,4.022127e-11,1.078868e-01,9.021547e-10,3.648483e-10,5.170311e-13,3.869125e-11,2.022808e-01,1.120662e-09,9.723972e-10,3.980957e-13,2.151643e-11,2.104717e-01,8.289784e-10,4.111101e-10,2.985847e-13,6.607980e-08,2.913011e-01,1.603857e-13,1.553268e-09,2.080939e+02,2.003621e+09,8.306898e-08,4.900440e-01,2.913199e-13,1.515557e-09,1.555022e+02,1.096425e+09,6.825457e-08,3.520231e-01,1.281841e-13,1.258179e-09,1.778662e+02,1.871173e+09,1.773941e-02,3.585533e-03,4.131262e-03,1.142674e-15
18,2.217982e-11,2.753277e-01,7.052285e-10,4.108062e-10,4.753650e-13,3.817839e-11,3.300575e-01,1.075241e-09,1.126877e-09,2.108814e-13,3.883339e-11,2.238827e-01,6.437763e-10,8.589498e-10,3.078826e-13,2.288024e-11,3.512627e-01,6.234667e-10,8.519463e-10,3.438344e-13,6.884852e-08,3.416981e-01,2.614917e-13,1.037303e-09,1.848352e+02,1.290240e+09,8.108429e-08,4.301522e-01,1.988395e-13,1.967328e-09,1.729208e+02,1.523739e+09,6.655147e-08,4.292089e-01,2.385386e-13,1.562639e-09,1.422400e+02,1.481445e+09,3.727106e-03,5.106059e-03,2.470220e-03,2.824259e-15
19,2.247563e-11,2.699591e-01,1.108603e-09,4.185335e-10,3.508227e-13,3.969121e-11,1.217662e-01,1.028625e-09,8.127143e-10,2.387436e-13,3.810151e-11,1.252978e-01,6.446867e-10,3.298520e-10,3.275236e-13,2.270130e-11,3.930232e-01,7.089660e-10,5.498762e-10,3.224313e-13,6.786157e-08,3.897177e-01,1.769334e-13,7.983018e-10,1.597374e+02,1.845797e+09,8.240730e-08,4.949902e-01,1.508580e-13,6.709517e-10,1.527221e+02,1.693015e+09,6.945914e-08,3.071897e-01,3.170975e-13,9.670328e-10,2.074223e+02,1.210729e+09,1.625787e-02,1.678266e-02,1.031054e-03,3.444562e-15
20,2.118111e-11,1.286378e-01,6.937712e-10,4.490158e-10,3.722539e-13,3.828266e-11,3.591303e-01,8.317025e-10,5.896402e-10,2.598662e-13,3.712984e-11,1.108719e-01,7.999346e-10,9.038857e-10,3.198210e-13,2.262820e-11,1.700988e-01,1.006762e-09,7.272962e-10,1.841429e-13,6.742373e-08,4.359366e-01,3.255527e-13,1.625847e-09,1.418803e+02,1.220668e+09,8.245983e-08,3.666572e-01,1.757946e-13,8.257800e-10,2.063075e+02,1.608606e+09,6.756027e-08,3.552682e-01,2.679557e-13,8.816684e-10,1.744487e+02,1.351925e+09,2.716247e-02,2.337704e-02,4.673191e-03,2.169605e-15
21,2.120047e-11,2.250917e-01,1.198934e-09,3.682060e-10,3.376773e-13,3.991459e-11,2.834333e-01,8.787367e-10,1.243405e-09,3.055270e-13,4.041303e-11,2.968542e-01,9.119734e-10,3.362067e-10,4.275143e-13,2.227421e-11,1.240750e-01,9.925882e-10,3.058832e-10,1.900519e-13,6.598457e-08,3.988783e-01,1.680481e-13,1.216371e-09,1.517521e+02,2.044533e+09,8.288845e-08,4.516540e-01,1.880104e-13,8.406892e-10,1.683530e+02,1.664408e+09,6.707130e-08,3.514652e-01,1.422393e-13,1.284404e-09,1.750601e+02,1.769457e+09,2.075507e-02,2.794575e-03,4.652981e-03,3.161592e-15
22,2.156081e-11,2.692254e-01,9.153485e-10,5.445823e-10,2.546657e-13,3.764789e-11,2.245659e-01,7.331566e-10,9.366124e-10,4.028263e-13,3.766553e-11,2.827136e-01,1.077110e-09,1.017700e-09,2.316137e-13,2.240873e-11,3.838285e-01,8.840503e-10,4.755129e-10,3.834253e-13,6.852953e-08,3.478176e-01,1.533446e-13,5.989740e-10,1.807419e+02,1.830497e+09,8.353052e-08,3.566152e-01,1.844435e-13,7.309176e-10,2.148711e+02,1.451763e+09,6.817628e-08,4.369911e-01,1.887282e-13,9.518415e-10,1.431177e+02,1.649875e+09,2.029998e-02,1.410579e-03,4.907426e-03,4.614486e-15
23,2.261192e-11,2.237358e-01,1.089494e-09,1.106286e-09,4.508492e-13,3.984208e-11,2.114488e-01,9.214068e-10,1.239566e-09,4.403170e-13,3.983843e-11,1.403891e-01,9.098225e-10,5.837863e-10,2.945687e-13,2.283268e-11,2.546951e-01,7.413576e-10,8.368383e-10,2.632305e-13,6.621792e-08,3.200571e-01,2.082026e-13,1.072518e-09,1.897933e+02,1.692448e+09,8.328263e-08,5.149669e-01,2.793588e-13,1.762627e-09,1.483569e+02,1.199262e+09,6.597191e-08,3.027130e-01,2.406375e-13,8.971190e-10,1.999220e+02,1.446724e+09,2.263944e-02,1.118866e-02,3.147678e-03,3.609159e-15
24,2.235748e-11,3.156562e-01,6.630861e-10,3.742694e-10,3.289970e-13,3.994482e-11,3.907327e-01,7.188572e-10,4.746883e-10,4.086131e-13,4.023541e-11,1.228482e-01,9.599792e-10,4.896038e-10,4.914690e-13,2.173337e-11,1.859143e-01,1.048585e-09,5.989651e-10,3.455932e-13,6.930899e-08,3.046183e-01,1.711651e-13,1.676006e-09,2.087211e+02,1.687704e+09,8.369327e-08,5.378161e-01,1.567093e-13,9.459827e-10,1.427544e+02,1.653374e+09,6.923771e-08,4.131814e-01,1.866107e-13,1.048114e-09,1.537215e+02,1.847799e+09,2.712836e-02,1.914031e-02,6.701683e-04,7.314621e-16
25,2.308502e-11,3.157408e-01,6.810503e-10,8.029850e-10,2.198223e-13,4.081273e-11,1.149369e-01,7.846250e-10,6.146270e-10,3.883029e-13,3.818096e-11,3.443103e-01,1.088044e-09,7.512400e-10,2.928817e-13,2.104841e-11,1.228588e-01,9.502257e-10,9.570870e-10,1.878668e-13,6.930622e-08,4.774444e-01,1.716716e-13,1.904800e-09,1.331626e+02,1.778303e+09,8.160117e-08,5.007246e-01,1.944810e-13,1.887524e-09,1.494962e+02,1.385708e+09,6.678540e-08,3.179989e-01,1.774324e-13,1.185952e-09,1.926587e+02,1.576831e+09,2.274566e-02,6.152397e-03,3.295831e-03,4.747868e-15
26,2.102210e-11,1.882258e-01,9.526658e-10,6.920620e-10,4.943964e-13,3.837522e-11,3.608893e-01,9.465452e-10,9.006703e-10,5.066764e-13,4.045564e-11,2.219125e-01,8.050651e-10,6.657083e-10,2.827733e-13,2.255753e-11,3.859067e-01,1.123720e-09,9.030848e-10,2.384019e-13,6.750661e-08,4.040211e-01,2.432284e-13,1.136185e-09,1.532763e+02,1.319723e+09,8.036217e-08,4.501539e-01,2.458635e-13,1.755142e-09,1.637658e+02,1.372829e+09,6.857767e-08,4.333533e-01,1.845644e-13,5.475460e-10,1.451688e+02,1.594412e+09,1.029805e-02,2.295645e-02,1.920144e-03,3.426492e-15
27,2.231916e-11,1.894762e-01,9.937167e-10,9.626190e-10,2.278317e-13,4.025290e-11,3.118081e-01,1.170224e-09,8.149353e-10,2.343840e-13,3.919281e-11,2.224646e-01,1.032757e-09,5.856276e-10,3.185426e-13,2.301707e-11,1.644544e-01,1.103612e-09,1.045792e-09,4.959407e-13,6.682061e-08,3.064666e-01,2.218683e-13,1.632154e-09,2.000138e+02,1.417002e+09,8.231587e-08,4.189417e-01,1.816222e-13,1.691898e-09,1.802448e+02,1.399257e+09,6.751826e-08,3.005589e-01,2.451842e-13,8.307539e-10,2.060745e+02,1.447097e+09,6.746805e-03,2.000149e-02,5.828239e-03,4.890338e-15
28,2.137118e-11,2.462601e-01,1.167166e-09,7.105943e-10,1.818326e-13,4.039849e-11,2.282838e-01,8.461265e-10,5.694228e-10,2.447377e-13,4.053827e-11,3.941085e-01,9.000151e-10,4.590258e-10,2.302818e-13,2.306199e-11,1.902954e-01,1.140634e-09,1.057768e-09,2.976561e-13,6.949493e-08,3.399047e-01,2.360259e-13,1.837886e-09,1.875550e+02,1.390386e+09,8.257089e-08,4.213601e-01,1.670574e-13,1.083674e-09,1.797655e+02,1.823857e+09,6.898044e-08,4.413702e-01,2.221828e-13,1.354322e-09,1.433691e+02,1.452792e+09,1.326749e-02,2.200832e-02,3.073506e-03,2.769233e-15
29,2.203049e-11,3.718885e-01,8.337042e-10,1.091217e-09,3.358997e-13,4.027788e-11,3.489871e-01,1.010311e-09,1.116861e-09,3.929027e-13,4.092441e-11,1.882680e-01,1.034112e-09,1.199804e-09,3.999009e-13,2.126824e-11,2.813361e-01,9.012183e-10,9.411081e-10,2.701783e-13,6.779317e-08,3.029869e-01,1.957342e-13,1.995731e-09,2.052555e+02,1.782622e+09,8.389972e-08,3.510440e-01,1.977841e-13,1.998492e-09,2.192460e+02,1.433593e+09,6.639748e-08,3.864361e-01,1.887574e-13,1.367511e-09,1.576183e+02,1.654901e+09,1.025356e-02,3.250033e-03,5.784312e-03,1.841014e-15
30,2.131497e-11,1.685300e-01,1.028376e-09,9.355367e-10,2.175181e-13,3.863282e-11,3.269261e-01,6.320133e-10,9.356253e-10,3.210611e-13,3.776795e-11,2.665741e-01,1.079081e-09,1.281913e-09,2.695032e-13,2.190203e-11,2.784303e-01,7.332670e-10,3.251746e-10,2.414473e-13,6.802371e-08,4.680899e-01,2.520143e-13,1.154476e-09,1.333103e+02,1.324048e+09,7.969575e-08,3.836350e-01,1.529645e-13,1.391030e-09,1.905678e+02,1.787569e+09,6.905905e-08,3.028001e-01,2.076878e-13,1.734961e-09,2.092171e+02,1.638842e+09,2.911086e-02,3.728336e-03,1.160311e-03,2.903455e-15
31,2.249015e-11,3.529011e-01,1.179761e-09,3.784105e-10,2.049674e-13,3.850891e-11,2.060607e-01,1.028692e-09,1.271389e-09,4.092776e-13,3.706316e-11,3.790117e-01,6.781959e-10,1.259081e-09,2.346153e-13,2.186409e-11,1.862004e-01,1.080819e-09,4.995021e-10,3.311812e-13,6.840776e-08,3.411793e-01,2.094033e-13,9.408322e-10,1.839312e+02,1.569329e+09,8.184486e-08,3.977164e-01,1.509289e-13,1.283406e-09,1.887777e+02,1.706434e+09,6.781674e-08,3.683982e-01,1.129624e-13,1.785023e-09,1.688698e+02,2.036494e+09,4.373751e-04,1.736050e-02,5.800781e-03,1.097188e-15
32,2.197806e-11,2.168888e-01,1.030183e-09,1.225229e-09,3.339751e-13,3.832219e-11,2.394760e-01,8.845599e-10,8.216376e-10,2.049586e-13,3.919757e-11,2.845690e-01,7.038771e-10,2.824237e-10,3.966074e-13,2.211656e-11,3.901549e-01,8.867447e-10,4.972739e-10,4.864042e-13,6.998343e-08,3.333530e-01,2.253037e-13,1.183659e-09,1.925855e+02,1.342447e+09,8.116461e-08,3.616123e-01,3.180244e-13,1.622422e-09,2.058999e+02,1.126632e+09,6.603414e-08,4.604831e-01,2.335140e-13,7.950129e-10,1.315490e+02,1.449077e+09,1.715466e-02,2.158077e-02,4.995952e-03,7.534310e-16
33,2.221915e-11,3.766719e-01,8.669730e-10,5.142439e-10,4.853735e-13,4.024781e-11,3.243929e-01,8.432957e-10,1.072653e-09,4.064205e-13,3.742840e-11,3.611899e-01,1.132482e-09,3.767071e-10,2.945642e-13,2.109990e-11,2.214020e-01,9.249660e-10,6.505978e-10,3.172003e-13,6.926354e-08,3.521789e-01,2.363550e-13,1.749558e-09,1.804156e+02,1.440933e+09,8.134595e-08,4.031231e-01,2.279319e-13,1.692062e-09,1.851105e+02,1.248101e+09,6.766073e-08,3.245925e-01,2.860739e-13,1.174644e-09,1.912190e+02,1.227201e+09,1.287670e-02,6.719066e-03,3.146383e-03,1.945437e-15
34,2.295165e-11,1.273026e-01,6.274189e-10,1.170701e-09,3.011403e-13,3.722718e-11,2.489868e-01,1.140897e-09,1.188952e-09,4.925630e-13,3.912960e-11,2.744944e-01,1.175993e-09,2.806187e-10,3.902225e-13,2.245082e-11,3.577017e-01,9.918496e-10,5.908844e-10,4.736819e-13,6.938918e-08,3.207267e-01,1.224973e-13,6.818335e-10,1.984675e+02,1.979074e+09,8.054936e-08,4.985601e-01,1.645410e-13,6.708855e-10,1.482099e+02,1.613213e+09,6.732737e-08,3.267663e-01,2.820522e-13,5.241705e-10,1.890110e+02,1.251629e+09,8.561339e-03,2.705242e-02,4.250027e-03,3.316108e-15
35,2.232694e-11,2.581565e-01,7.552089e-10,6.165224e-10,4.607891e-13,4.058323e-11,3.930890e-01,1.158264e-09,6.262390e-10,1.750506e-13,3.732965e-11,2.844360e-01,1.166657e-09,1.000811e-09,4.648606e-13,2.114226e-11,1.621891e-01,1.162376e-09,9.746419e-10,3.317047e-13,6.945079e-08,4.424054e-01,1.315440e-13,5.834657e-10,1.440089e+02,1.903260e+09,8.426944e-08,5.012171e-01,1.428686e-13,8.796295e-10,1.542329e+02,1.824300e+09,6.618142e-08,3.670661e-01,1.740495e-13,1.528631e-09,1.653958e+02,1.607167e+09,6.184524e-03,1.947027e-02,2.519487e-03,3.560187e-15
36,2.309150e-11,1.378916e-01,8.512944e-10,9.048271e-10,5.174629e-13,4.039009e-11,1.815102e-01,1.189647e-09,6.228465e-10,3.160893e-13,3.955035e-11,2.258108e-01,1.156031e-09,5.171401e-10,3.590161e-13,2.282433e-11,1.043359e-01,7.383631e-10,1.148534e-09,3.178023e-13,6.700232e-08,3.171852e-01,2.244795e-13,7.582738e-10,1.937803e+02,1.391392e+09,8.010873e-08,3.648223e-01,2.338142e-13,1.381177e-09,2.014333e+02,1.340139e+09,6.790304e-08,3.344506e-01,1.663812e-13,1.402929e-09,1.862473e+02,1.787847e+09,8.886148e-04,2.049104e-02,4.649747e-03,1.692717e-15
37,2.100239e-11,1.123098e-01,1.159289e-09,8.911359e-10,1.766564e-13,3.970397e-11,2.049650e-01,7.490011e-10,6.665654e-10,5.294905e-13,3.749893e-11,3.489383e-01,1.008028e-09,3.806278e-10,2.346054e-13,2.093331e-11,2.593035e-01,1.080190e-09,6.699097e-10,3.967984e-13,6.691533e-08,3.373348e-01,1.476447e-13,1.447092e-09,1.819689e+02,2.001825e+09,8.147133e-08,3.470280e-01,1.495256e-13,9.217071e-10,2.153639e+02,1.701353e+09,6.960576e-08,3.248947e-01,1.577392e-13,1.298841e-09,1.965329e+02,1.916515e+09,1.168617e-02,5.897866e-03,2.394970e-04,4.254511e-15
38,2.251961e-11,3.817978e-01,1.112345e-09,1.227103e-09,2.596570e-13,4.033702e-11,1.432451e-01,9.540656e-10,6.870006e-10,4.725496e-13,3.916734e-11,2.627077e-01,6.490516e-10,1.255732e-09,2.296808e-13,2.257433e-11,1.396420e-01,6.906763e-10,1.108647e-09,3.106706e-13,6.971820e-08,4.231953e-01,2.809478e-13,1.196931e-09,1.511256e+02,1.242738e+09,8.254841e-08,4.911511e-01,1.905381e-13,1.535576e-09,1.541794e+02,1.342178e+09,6.655740e-08,3.161097e-01,1.988883e-13,7.261559e-10,1.931485e+02,1.474998e+09,1.615605e-02,2.877692e-02,3.141679e-03,1.056973e-15
39,2.266217e-11,2.635851e-01,6.009787e-10,6.002300e-10,2.438810e-13,3.954911e-11,1.481659e-01,1.072461e-09,1.229267e-09,4.302068e-13,3.962873e-11,2.877469e-01,1.110313e-09,1.059959e-09,2.826861e-13,2.295143e-11,1.229452e-01,8.436449e-10,5.018185e-10,3.229590e-13,6.855820e-08,2.976247e-01,2.855016e-13,7.002012e-10,2.113115e+02,1.224012e+09,8.302969e-08,3.647467e-01,1.981785e-13,1.170275e-09,2.088213e+02,1.354456e+09,6.638474e-08,2.914474e-01,1.321679e-13,1.909376e-09,2.089493e+02,1.955527e+09,1.747910e-02,2.462543e-04,8.895715e-04,1.470081e-15
40,2.192275e-11,3.231552e-01,7.357641e-10,7.105137e-10,2.697579e-13,3.950481e-11,2.422546e-01,8.088610e-10,1.190944e-09,3.565476e-13,3.934831e-11,1.918316e-01,1.050351e-09,9.689616e-10,4.021374e-13,2.168990e-11,2.666480e-01,9.511679e-10,7.681549e-10,2.361000e-13,6.800648e-08,3.102290e-01,1.546754e-13,8.852181e-10,2.010947e+02,1.783976e+09,8.330127e-08,4.248860e-01,1.754901e-13,1.876232e-09,1.798506e+02,1.748948e+09,6.714962e-08,2.898815e-01,2.367078e-13,1.962295e-09,2.124984e+02,1.474878e+09,1.784353e-02,8.399223e-03,4.507036e-03,1.936131e-15
41,2.167865e-11,2.574950e-01,9.986617e-10,6.982898e-10,2.773266e-13,4.006452e-11,1.841010e-01,6.984907e-10,1.055841e-09,2.394796e-13,3.881970e-11,3.833165e-01,9.041665e-10,1.258642e-09,4.926462e-13,2.166275e-11,2.716745e-01,8.215188e-10,3.534901e-10,2.424045e-13,6.721547e-08,4.089295e-01,1.423285e-13,1.685512e-09,1.507834e+02,2.028197e+09,8.211696e-08,3.640237e-01,2.219561e-13,7.174508e-10,2.069360e+02,1.434922e+09,6.987527e-08,4.535436e-01,1.935402e-13,1.840414e-09,1.413309e+02,1.494068e+09,2.300628e-02,1.447285e-02,5.769905e-03,2.891121e-15
42,2.301933e-11,3.599060e-01,1.020864e-09,7.167166e-10,4.735436e-13,3.719460e-11,3.037890e-01,7.948998e-10,7.930493e-10,1.795157e-13,3.793179e-11,2.792883e-01,8.638197e-10,5.646109e-10,4.354401e-13,2.250476e-11,2.061439e-01,8.366875e-10,3.187608e-10,2.284363e-13,6.923770e-08,3.449126e-01,1.525755e-13,8.894291e-10,1.841477e+02,1.732360e+09,8.151393e-08,4.824898e-01,1.436144e-13,1.465674e-09,1.549803e+02,1.721321e+09,6.826196e-08,4.009807e-01,2.946945e-13,1.696679e-09,1.561665e+02,1.313119e+09,2.938895e-02,1.224412e-02,4.599845e-03,2.126438e-15
43,2.297254e-11,2.510814e-01,1.104477e-09,1.122975e-09,2.037649e-13,3.808748e-11,2.678410e-01,8.383088e-10,9.379452e-10,1.863168e-13,3.960803e-11,1.617639e-01,7.914052e-10,5.340602e-10,1.993777e-13,2.225624e-11,1.099198e-01,6.185615e-10,1.047649e-09,1.783254e-13,6.773101e-08,3.693817e-01,1.887620e-13,1.536888e-09,1.682073e+02,1.628946e+09,8.399735e-08,3.464585e-01,1.655038e-13,1.213396e-09,2.224063e+02,1.563853e+09,6.678407e-08,2.941687e-01,1.534082e-13,1.360488e-09,2.082616e+02,2.009724e+09,6.255363e-03,1.825173e-03,5.672416e-03,7.885692e-16
44,2.217486e-11,3.383649e-01,9.406264e-10,9.176916e-10,2.131775e-13,3.769519e-11,1.218675e-01,1.162900e-09,3.037200e-10,5.204693e-13,4.042344e-11,2.733061e-01,7.153344e-10,1.051394e-09,4.641707e-13,2.306223e-11,3.310615e-01,1.178584e-09,9.702552e-10,1.904989e-13,6.740594e-08,4.731271e-01,2.433951e-13,1.405005e-09,1.306932e+02,1.368051e+09,8.072847e-08,5.080516e-01,1.890072e-13,1.011378e-09,1.457645e+02,1.423810e+09,6.765908e-08,3.265678e-01,2.826856e-13,1.696367e-09,1.900577e+02,1.319477e+09,7.814353e-04,1.445285e-03,1.085877e-03,4.409598e-15
45,2.162929e-11,1.219906e-01,1.030972e-09,1.144685e-09,3.532898e-13,3.705472e-11,2.189263e-01,1.124856e-09,3.041400e-10,4.711480e-13,3.766241e-11,1.526276e-01,8.850324e-10,5.089330e-10,2.162306e-13,2.162796e-11,2.844822e-01,1.015363e-09,1.171738e-09,3.962949e-13,6.971326e-08,4.541218e-01,1.348314e-13,1.467856e-09,1.408237e+02,2.066838e+09,8.363515e-08,3.694114e-01,1.602633e-13,6.718831e-10,2.076879e+02,1.615019e+09,6.900826e-08,3.185081e-01,2.188497e-13,1.799054e-09,1.987529e+02,1.392743e+09,2.277297e-02,1.287219e-02,2.203796e-03,1.456796e-15
46,2.126835e-11,1.891208e-01,8.475734e-10,9.114752e-10,2.234089e-13,4.063341e-11,3.087720e-01,1.134241e-09,1.170007e-09,4.326724e-13,4.052338e-11,1.761037e-01,1.014854e-09,1.255244e-09,2.747888e-13,2.212807e-11,3.529954e-01,6.760100e-10,8.387819e-10,5.069560e-13,6.720334e-08,3.139300e-01,1.305451e-13,1.594107e-09,1.963770e+02,2.042077e+09,7.980293e-08,5.415740e-01,2.424692e-13,5.851844e-10,1.351742e+02,1.321650e+09,6.864622e-08,3.721273e-01,2.907591e-13,1.422034e-09,1.692224e+02,1.255402e+09,8.531051e-03,2.496971e-02,1.857467e-04,3.147693e-15
47,2.276595e-11,2.602730e-01,6.194968e-10,7.292645e-10,4.221148e-13,3.913436e-11,3.729874e-01,9.254003e-10,5.288944e-10,4.106671e-13,3.924967e-11,2.993562e-01,9.760876e-10,1.261320e-09,4.911947e-13,2.093781e-11,2.310473e-01,9.734370e-10,1.268636e-09,3.386965e-13,6.806914e-08,3.177927e-01,1.934579e-13,1.050488e-09,1.964894e+02,1.655639e+09,8.161878e-08,3.720111e-01,2.261042e-13,1.322973e-09,2.012644e+02,1.433706e+09,6.619157e-08,2.850722e-01,1.959474e-13,1.307986e-09,2.130004e+02,1.504493e+09,7.469011e-03,2.308832e-02,7.163921e-04,1.822308e-15
48,2.191279e-11,1.650630e-01,1.000657e-09,1.151445e-09,2.821225e-13,4.002970e-11,3.514845e-01,1.080598e-09,9.938670e-10,3.585752e-13,4.047791e-11,1.332891e-01,8.517922e-10,4.967404e-10,4.243491e-13,2.223607e-11,2.057852e-01,1.176659e-09,7.570989e-10,4.868602e-13,6.937458e-08,2.954379e-01,2.735687e-13,1.940712e-09,2.154105e+02,1.349516e+09,8.083985e-08,3.623879e-01,1.468619e-13,5.976691e-10,2.046372e+02,1.711111e+09,6.865499e-08,3.996079e-01,2.340418e-13,6.201802e-10,1.576053e+02,1.402717e+09,6.505468e-03,2.019465e-02,3.066777e-03,1.609977e-15
49,2.156916e-11,3.307826e-01,6.568079e-10,1.193683e-09,3.753053e-13,3.830239e-11,1.575420e-01,9.907500e-10,6.555444e-10,4.394821e-13,3.714881e-11,1.522652e-01,1.044877e-09,1.226690e-09,4.739503e-13,2.231029e-11,1.326893e-01,7.254290e-10,1.192429e-09,2.579247e-13,6.895115e-08,4.691146e-01,1.687856e-13,1.527289e-09,1.348327e+02,1.726714e+09,8.143889e-08,4.847294e-01,1.495040e-13,1.994512e-09,1.541222e+02,1.762840e+09,7.001910e-08,3.951697e-01,1.488378e-13,1.027191e-09,1.625420e+02,1.915000e+09,2.852381e-02,1.215792e-03,2.107849e-03,2.895688e-15
50,2.268300e-11,3.843409e-01,1.194767e-09,5.844520e-10,3.735821e-13,3.766888e-11,1.987228e-01,7.583301e-10,1.157651e-09,5.134724e-13,3.911199e-11,1.604385e-01,6.337805e-10,1.248513e-09,5.126243e-13,2.139734e-11,1.899686e-01,1.156799e-09,1.140535e-09,3.952479e-13,6.805410e-08,3.554132e-01,2.989328e-13,1.358821e-09,1.756521e+02,1.247735e+09,8.130539e-08,3.764678e-01,2.427368e-13,1.653455e-09,1.981181e+02,1.289881e+09,6.980223e-08,2.973151e-01,2.904489e-13,1.470305e-09,2.153699e+02,1.215834e+09,8.348869e-03,2.163621e-02,1.947280e-03,4.248812e-15
51,2.148253e-11,3.136132e-01,7.818882e-10,4.500781e-10,2.134132e-13,3.941704e-11,1.656877e-01,1.155758e-09,2.823301e-10,4.281977e-13,4.065291e-11,1.702278e-01,7.305356e-10,1.127024e-09,3.515990e-13,2.167949e-11,1.431737e-01,8.654970e-10,1.084153e-09,4.074819e-13,6.958906e-08,4.243065e-01,3.294315e-13,1.131390e-09,1.504506e+02,1.204880e+09,8.252698e-08,4.223468e-01,2.102583e-13,1.071977e-09,1.792501e+02,1.284055e+09,6.915641e-08,3.267168e-01,2.128671e-13,1.479672e-09,1.941752e+02,1.553960e+09,1.860034e-02,4.169098e-04,3.603668e-03,6.684350e-16
52,2.229419e-11,3.465929e-01,9.652351e-10,9.196695e-10,1.710819e-13,3.978382e-11,3.649294e-01,9.425486e-10,7.162408e-10,2.830704e-13,3.728309e-11,1.592657e-01,1.166060e-09,3.925390e-10,1.986758e-13,2.127228e-11,2.218845e-01,6.540122e-10,1.047931e-09,4.682153e-13,6.712144e-08,4.085922e-01,1.493299e-13,1.052768e-09,1.506967e+02,1.709582e+09,8.206831e-08,3.964810e-01,1.795763e-13,1.424268e-09,1.898829e+02,1.657638e+09,6.763157e-08,3.283321e-01,2.363718e-13,7.787500e-10,1.889595e+02,1.452141e+09,1.519949e-02,1.450494e-02,1.038709e-03,3.574819e-15
53,2.301237e-11,1.276142e-01,6.767539e-10,3.122459e-10,2.649400e-13,3.837859e-11,3.560637e-01,8.458782e-10,9.584671e-10,3.729097e-13,3.851994e-11,2.988125e-01,1.065001e-09,8.839526e-10,2.069931e-13,2.309181e-11,2.535868e-01,1.066551e-09,1.208539e-09,4.085302e-13,6.640685e-08,4.192249e-01,1.926368e-13,6.595596e-10,1.453110e+02,1.566838e+09,8.411837e-08,3.898676e-01,1.421798e-13,1.526206e-09,1.979276e+02,1.603493e+09,6.828063e-08,3.184022e-01,1.594404e-13,6.352523e-10,1.967226e+02,1.763398e+09,5.522373e-03,2.690196e-02,9.967902e-04,5.952042e-16
54,2.228806e-11,2.261678e-01,9.022520e-10,1.269274e-09,2.688488e-13,3.975882e-11,2.991566e-01,6.357252e-10,8.568800e-10,1.890738e-13,4.076764e-11,1.628672e-01,6.117600e-10,9.844421e-10,1.838891e-13,2.223075e-11,2.241338e-01,8.591678e-10,6.895857e-10,4.526074e-13,6.790977e-08,3.507308e-01,1.941838e-13,6.756293e-10,1.776197e+02,1.471905e+09,8.138766e-08,3.374714e-01,1.419350e-13,9.481119e-10,2.212352e+02,1.715576e+09,6.705643e-08,3.117919e-01,2.595168e-13,1.876533e-09,1.972915e+02,1.429614e+09,1.694551e-02,1.372607e-02,3.572869e-04,8.068275e-16
55,2.303808e-11,3.226240e-01,7.569143e-10,3.736433e-10,3.235323e-13,4.021726e-11,2.105463e-01,7.341484e-10,1.032431e-09,3.810469e-13,3.912054e-11,2.609107e-01,9.241282e-10,1.020091e-09,3.404763e-13,2.262738e-11,3.511466e-01,8.880478e-10,6.965293e-10,1.718255e-13,6.645490e-08,3.684317e-01,1.771294e-13,1.878975e-09,1.654637e+02,1.797597e+09,7.999423e-08,4.217664e-01,1.786093e-13,1.021914e-09,1.739880e+02,1.692372e+09,6.908185e-08,3.693713e-01,3.026822e-13,1.381873e-09,1.715669e+02,1.210130e+09,2.731771e-02,2.249069e-02,4.282199e-03,2.580252e-15
56,2.234747e-11,1.731771e-01,9.493519e-10,1.065114e-09,4.913821e-13,4.063265e-11,1.052073e-01,1.019169e-09,4.123539e-10,3.321579e-13,3.926359e-11,3.685177e-01,1.053603e-09,1.118473e-09,3.338381e-13,2.128728e-11,2.885345e-01,7.052011e-10,6.016089e-10,3.073597e-13,6.860167e-08,4.465782e-01,2.118445e-13,1.995178e-09,1.409191e+02,1.556352e+09,8.150449e-08,4.311973e-01,1.578363e-13,8.568286e-10,1.733956e+02,1.744889e+09,6.989406e-08,4.162345e-01,2.837695e-13,1.928861e-09,1.540405e+02,1.323823e+09,1.483836e-03,8.476413e-03,5.779398e-03,2.744159e-15
57,2.296559e-11,2.838500e-01,9.712073e-10,9.433408e-10,4.198907e-13,3.943445e-11,2.952421e-01,8.399612e-10,1.262246e-09,4.362793e-13,3.865008e-11,3.277974e-01,1.107911e-09,7.305100e-10,4.916778e-13,2.178558e-11,2.770874e-01,1.109688e-09,3.791014e-10,3.794936e-13,6.811789e-08,4.555983e-01,1.625374e-13,8.921304e-10,1.371551e+02,1.982598e+09,8.057540e-08,4.699947e-01,2.171195e-13,7.236514e-10,1.572687e+02,1.387566e+09,6.625424e-08,4.076546e-01,1.234125e-13,1.715524e-09,1.490919e+02,1.947695e+09,1.256744e-02,2.305395e-02,8.430701e-04,3.544443e-15
58,2.214498e-11,1.213845e-01,1.153111e-09,3.962200e-10,3.607328e-13,3.901593e-11,1.440959e-01,1.129790e-09,8.954516e-10,4.678549e-13,4.027873e-11,3.791488e-01,6.035061e-10,4.554739e-10,4.317973e-13,2.126033e-11,2.189892e-01,6.641796e-10,9.838874e-10,3.370525e-13,6.958404e-08,3.590302e-01,2.054258e-13,9.666585e-10,1.777917e+02,1.614587e+09,8.100936e-08,3.744973e-01,1.293237e-13,1.065369e-09,1.984355e+02,1.829235e+09,6.601909e-08,3.442549e-01,1.808519e-13,7.643519e-10,1.759228e+02,1.784407e+09,1.030319e-02,1.476916e-03,3.992708e-03,4.886892e-15
59,2.178619e-11,3.306137e-01,1.114813e-09,1.144945e-09,4.667665e-13,3.837371e-11,2.878142e-01,1.041813e-09,5.668283e-10,1.752886e-13,3.949919e-11,1.352501e-01,9.353598e-10,1.076254e-09,1.789276e-13,2.167935e-11,2.318587e-01,7.010507e-10,4.768346e-10,3.054660e-13,6.896852e-08,3.768271e-01,2.361612e-13,6.902330e-10,1.678965e+02,1.457889e+09,8.008744e-08,4.277055e-01,1.885214e-13,1.927369e-09,1.717720e+02,1.480557e+09,6.739438e-08,3.242445e-01,2.565427e-13,6.380499e-10,1.906706e+02,1.283656e+09,6.982342e-03,2.245305e-03,1.335135e-03,3.709794e-15
60,2.279804e-11,2.895369e-01,6.458115e-10,6.298669e-10,4.691403e-13,4.008102e-11,1.929430e-01,8.836103e-10,6.738974e-10,5.287262e-13,3.850476e-11,1.884389e-01,8.980850e-10,9.342079e-10,3.763819e-13,2.130487e-11,1.145127e-01,1.192580e-09,7.018314e-10,1.959819e-13,6.805149e-08,3.384772e-01,2.246266e-13,1.753975e-09,1.844340e+02,1.496155e+09,7.958159e-08,3.960367e-01,1.451421e-13,8.490185e-10,1.843359e+02,1.787874e+09,6.675303e-08,3.630603e-01,1.560087e-13,1.344177e-09,1.686650e+02,1.860179e+09,7.014731e-03,2.454266e-02,2.525541e-03,3.647356e-15
61,2.223943e-11,3.301571e-01,7.770738e-10,1.086819e-09,1.729741e-13,3.843586e-11,3.275594e-01,8.807605e-10,1.203760e-09,3.676428e-13,4.063900e-11,1.097794e-01,1.143934e-09,7.779439e-10,3.019636e-13,2.252993e-11,2.971570e-01,6.126711e-10,9.180576e-10,4.786503e-13,6.863919e-08,4.134547e-01,2.758102e-13,6.999547e-10,1.522920e+02,1.327156e+09,8.267144e-08,5.059391e-01,2.614957e-13,9.889767e-10,1.498960e+02,1.245193e+09,6.972509e-08,2.997025e-01,2.173798e-13,7.785600e-10,2.134182e+02,1.616697e+09,1.793374e-02,2.299650e-02,5.864531e-03,4.594616e-15
62,2.106426e-11,1.986359e-01,7.410511e-10,4.288321e-10,4.864415e-13,3.720145e-11,1.679775e-01,6.113492e-10,9.249568e-10,4.999006e-13,4.059932e-11,1.863783e-01,1.120737e-09,1.201656e-09,3.992216e-13,2.278716e-11,3.076201e-01,1.043443e-09,7.982342e-10,4.414810e-13,6.954548e-08,3.917440e-01,1.358031e-13,5.489335e-10,1.628543e+02,1.962116e+09,8.424264e-08,4.568935e-01,1.677340e-13,1.769487e-09,1.691413e+02,1.726340e+09,6.860756e-08,3.293615e-01,1.936322e-13,1.005184e-09,1.910873e+02,1.690033e+09,1.859644e-02,1.965713e-02,3.023325e-03,2.918302e-15
63,2.234058e-11,2.972656e-01,7.824732e-10,1.255170e-09,4.166875e-13,3.903603e-11,3.397605e-01,8.172834e-10,8.690631e-10,5.266232e-13,3.893660e-11,2.612149e-01,7.012761e-10,1.250321e-09,5.172060e-13,2.114974e-11,3.891883e-01,9.045775e-10,5.105558e-10,4.414693e-13,6.872472e-08,3.014261e-01,2.304098e-13,1.372884e-09,2.091533e+02,1.482293e+09,8.262571e-08,4.253621e-01,3.088609e-13,5.228784e-10,1.781924e+02,1.097490e+09,6.959204e-08,2.996702e-01,2.400227e-13,1.509369e-09,2.130339e+02,1.442090e+09,1.782962e-02,1.728127e-02,5.201943e-03,4.464486e-15
64,2.203021e-11,3.080997e-01,8.638460e-10,6.261688e-10,2.366964e-13,3.966695e-11,3.238394e-01,9.015819e-10,9.262081e-10,3.079009e-13,3.882672e-11,3.221639e-01,1.047546e-09,1.019634e-09,4.657934e-13,2.228383e-11,3.800586e-01,1.032658e-09,3.795132e-10,3.545731e-13,6.713804e-08,3.055563e-01,2.078327e-13,1.445478e-09,2.015627e+02,1.618935e+09,8.410707e-08,4.195650e-01,2.330971e-13,1.979424e-09,1.838933e+02,1.237669e+09,6.962870e-08,3.137203e-01,2.735370e-13,1.236820e-09,2.036003e+02,1.306968e+09,2.684002e-02,2.930435e-02,2.955955e-03,1.183564e-15
65,2.228429e-11,3.722730e-01,1.139236e-09,1.059855e-09,2.377215e-13,4.005290e-11,1.810211e-01,7.915042e-10,1.270918e-09,2.371690e-13,3.741712e-11,1.477942e-01,9.495828e-10,5.030774e-10,3.320052e-13,2.203664e-11,1.232562e-01,7.913036e-10,9.252557e-10,3.312918e-13,6.755564e-08,2.884501e-01,2.253317e-13,8.765743e-10,2.148442e+02,1.543301e+09,8.156390e-08,4.858785e-01,1.596326e-13,8.707450e-10,1.539937e+02,1.759731e+09,6.648871e-08,4.005575e-01,1.661228e-13,1.298836e-09,1.522705e+02,1.844326e+09,1.349173e-02,6.832815e-03,4.845100e-03,2.145870e-15
66,2.121303e-11,3.835350e-01,9.379846e-10,2.924469e-10,3.829612e-13,3.892163e-11,3.389914e-01,1.026309e-09,9.847813e-10,1.949744e-13,3.842180e-11,3.140659e-01,8.600690e-10,4.354833e-10,4.204120e-13,2.228614e-11,2.354291e-01,9.083106e-10,1.274972e-09,4.887533e-13,6.718800e-08,4.610022e-01,2.215082e-13,1.280160e-09,1.336969e+02,1.542129e+09,8.412338e-08,5.539277e-01,1.564489e-13,1.501325e-09,1.393145e+02,1.565330e+09,6.945234e-08,3.442333e-01,1.876009e-13,1.599374e-09,1.850831e+02,1.509266e+09,1.646931e-02,2.115291e-02,1.738402e-03,9.708437e-16
67,2.147504e-11,3.039600e-01,1.140654e-09,1.087191e-09,2.330393e-13,3.982051e-11,3.264368e-01,6.474876e-10,5.522540e-10,5.100786e-13,3.800072e-11,2.273955e-01,8.420889e-10,3.314794e-10,4.842672e-13,2.292976e-11,1.407937e-01,9.312056e-10,5.012603e-10,5.062217e-13,6.804602e-08,3.495115e-01,1.929789e-13,1.219523e-09,1.785969e+02,1.733632e+09,8.030617e-08,3.997490e-01,1.222580e-13,5.513106e-10,1.842868e+02,1.786088e+09,6.895991e-08,3.169452e-01,3.098202e-13,7.016425e-10,1.995929e+02,1.206329e+09,7.475091e-03,1.528504e-02,5.008856e-03,6.477454e-16
68,2.308476e-11,3.216300e-01,6.856272e-10,1.058064e-09,5.069454e-13,3.918946e-11,1.181437e-01,6.907213e-10,1.026496e-09,2.949552e-13,3.879260e-11,3.269144e-01,6.314676e-10,5.983536e-10,4.462865e-13,2.233223e-11,2.813838e-01,1.119184e-09,6.500484e-10,3.066829e-13,6.841876e-08,4.216168e-01,1.195860e-13,1.278040e-09,1.488641e+02,1.942943e+09,8.081919e-08,3.324562e-01,1.856358e-13,5.307810e-10,2.230041e+02,1.686005e+09,6.786636e-08,4.672731e-01,1.739738e-13,1.865196e-09,1.332345e+02,1.569868e+09,1.030296e-02,1.729733e-02,2.329306e-03,3.381060e-15
69,2.292964e-11,1.129790e-01,1.025100e-09,9.569066e-10,1.963357e-13,4.000413e-11,2.943465e-01,1.009385e-09,1.081601e-09,4.389828e-13,4.032323e-11,1.778313e-01,8.922493e-10,1.036061e-09,3.543701e-13,2.270018e-11,2.723058e-01,7.543323e-10,7.279005e-10,2.626047e-13,6.923091e-08,4.284201e-01,2.029973e-13,7.284434e-10,1.482392e+02,1.621074e+09,8.167779e-08,3.874665e-01,2.689376e-13,8.844862e-10,1.933760e+02,1.171814e+09,6.942091e-08,3.762448e-01,2.636854e-13,1.283367e-09,1.692593e+02,1.256015e+09,2.703004e-03,6.870483e-04,2.679445e-03,2.895948e-15
70,2.284005e-11,1.498328e-01,1.170053e-09,6.955199e-10,2.312789e-13,3.797746e-11,1.147917e-01,9.254674e-10,6.145320e-10,1.725341e-13,4.018829e-11,3.377839e-01,8.575397e-10,1.188068e-09,4.148919e-13,2.132727e-11,3.399144e-01,1.174278e-09,4.412381e-10,2.844854e-13,6.643529e-08,3.431429e-01,1.688273e-13,1.907755e-09,1.776055e+02,2.051197e+09,7.954265e-08,3.331649e-01,1.703823e-13,1.058215e-09,2.190148e+02,1.495369e+09,6.903176e-08,3.581373e-01,1.821140e-13,1.755695e-09,1.768203e+02,1.554835e+09,2.718036e-02,1.604853e-02,3.085769e-03,1.982472e-15
71,2.118528e-11,3.726570e-01,7.326750e-10,8.488930e-10,3.932125e-13,4.084124e-11,3.596273e-01,7.635991e-10,4.214289e-10,2.286342e-13,4.041910e-11,2.016668e-01,7.097355e-10,3.056211e-10,3.002220e-13,2.260698e-11,1.088922e-01,9.544792e-10,8.124441e-10,3.541818e-13,6.703776e-08,4.187581e-01,1.754942e-13,1.686676e-09,1.468551e+02,1.789922e+09,8.189002e-08,4.745644e-01,1.641615e-13,5.562824e-10,1.582955e+02,1.801134e+09,6.947902e-08,3.404746e-01,1.759314e-13,1.347437e-09,1.871982e+02,1.669116e+09,1.681967e-02,2.557308e-02,1.513378e-03,3.439459e-15
72,2.267341e-11,3.836275e-01,6.930100e-10,4.662994e-10,2.512253e-13,3.853028e-11,1.599853e-01,9.206240e-10,6.290495e-10,2.668808e-13,4.018278e-11,2.279370e-01,9.525746e-10,1.112455e-09,4.174175e-13,2.236355e-11,2.116404e-01,1.081350e-09,1.264298e-09,3.377517e-13,6.686972e-08,2.875789e-01,2.536433e-13,9.121840e-10,2.133071e+02,1.415847e+09,8.052263e-08,3.753595e-01,3.141133e-13,1.093531e-09,1.967901e+02,1.146290e+09,6.695226e-08,3.961183e-01,2.067361e-13,9.910423e-10,1.550504e+02,1.609242e+09,1.890580e-03,2.067985e-02,3.383213e-03,1.525559e-15
73,2.289420e-11,3.619239e-01,8.671410e-10,3.368295e-10,2.445739e-13,3.885696e-11,2.586408e-01,1.152490e-09,7.590936e-10,3.143958e-13,4.022310e-11,2.670327e-01,8.378255e-10,6.641070e-10,2.481282e-13,2.143778e-11,3.812302e-01,6.312284e-10,5.745741e-10,4.726784e-13,6.721661e-08,4.637657e-01,2.250173e-13,1.992082e-09,1.329568e+02,1.585992e+09,8.326355e-08,4.564620e-01,2.451226e-13,1.140382e-09,1.673336e+02,1.186012e+09,6.761588e-08,3.695154e-01,2.037656e-13,1.773403e-09,1.678607e+02,1.738176e+09,1.427155e-03,2.341245e-02,5.361586e-04,2.447131e-15
74,2.188092e-11,2.634936e-01,6.637015e-10,5.586671e-10,3.123387e-13,3.808142e-11,3.788314e-01,7.624614e-10,7.602209e-10,4.875824e-13,3.836450e-11,2.539026e-01,1.082574e-09,4.037629e-10,1.992624e-13,2.145197e-11,2.667347e-01,6.357400e-10,6.915168e-10,4.920303e-13,6.984721e-08,3.335601e-01,1.444037e-13,8.926248e-10,1.920913e+02,1.891138e+09,8.014273e-08,4.928059e-01,2.261633e-13,8.766539e-10,1.491836e+02,1.432624e+09,6.728541e-08,3.065646e-01,2.267910e-13,1.375500e-09,2.013407e+02,1.482210e+09,2.741847e-02,2.421170e-02,2.154484e-03,1.680325e-15
75,2.138306e-11,1.266493e-01,6.097971e-10,3.462782e-10,3.882777e-13,3.978205e-11,3.515664e-01,8.776112e-10,4.432714e-10,2.043880e-13,3.865253e-11,1.039515e-01,7.044890e-10,1.184715e-09,4.017382e-13,2.296351e-11,1.706621e-01,7.517454e-10,3.741572e-10,4.512370e-13,6.947714e-08,4.808715e-01,2.083058e-13,1.246792e-09,1.325396e+02,1.556415e+09,8.274218e-08,4.127346e-01,2.277340e-13,1.471621e-09,1.839030e+02,1.362058e+09,6.869950e-08,3.787675e-01,1.793673e-13,1.827027e-09,1.663848e+02,1.785921e+09,1.416143e-03,2.643670e-02,4.562043e-04,2.482704e-15
76,2.231820e-11,3.622330e-01,7.937799e-10,8.665203e-10,2.524912e-13,3.870892e-11,2.122333e-01,6.060443e-10,4.830045e-10,4.397267e-13,3.836584e-11,1.105451e-01,7.699500e-10,9.159053e-10,2.801821e-13,2.198469e-11,2.865076e-01,1.088750e-09,2.846594e-10,3.284268e-13,6.680955e-08,3.479739e-01,2.090242e-13,9.280718e-10,1.761265e+02,1.705220e+09,8.226953e-08,5.246320e-01,1.731230e-13,1.591461e-09,1.438524e+02,1.740513e+09,6.830625e-08,3.946208e-01,2.069178e-13,7.782068e-10,1.587864e+02,1.416459e+09,2.705109e-02,1.118063e-02,5.381077e-03,8.544881e-16
77,2.117871e-11,3.135031e-01,1.008558e-09,1.013108e-09,1.895372e-13,3.753987e-11,2.495507e-01,8.334627e-10,8.814582e-10,3.909914e-13,3.933304e-11,1.189613e-01,8.401506e-10,1.211525e-09,3.508453e-13,2.221100e-11,2.465297e-01,1.123682e-09,5.534958e-10,5.122273e-13,6.668690e-08,4.267021e-01,1.661602e-13,6.686351e-10,1.433668e+02,2.051321e+09,8.357187e-08,4.820757e-01,2.385025e-13,8.710292e-10,1.590295e+02,1.240657e+09,6.818432e-08,3.275044e-01,2.899015e-13,1.027526e-09,1.909853e+02,1.253351e+09,2.803721e-02,1.171255e-02,7.561191e-04,2.584488e-15
78,2.101275e-11,2.950641e-01,8.713536e-10,2.774607e-10,5.287364e-13,3.712867e-11,2.790649e-01,6.680770e-10,2.934712e-10,4.425117e-13,4.004236e-11,2.595819e-01,7.942366e-10,9.359791e-10,2.169584e-13,2.203055e-11,1.159201e-01,1.016214e-09,5.582530e-10,5.160006e-13,6.775128e-08,3.313465e-01,2.651784e-13,9.662334e-10,1.875719e+02,1.251968e+09,8.016727e-08,3.577167e-01,3.000846e-13,7.984896e-10,2.055846e+02,1.077125e+09,6.730175e-08,3.746591e-01,1.282137e-13,1.355846e-09,1.647869e+02,1.928140e+09,1.427733e-02,9.352688e-03,4.160904e-03,2.472489e-15
79,2.196443e-11,1.757914e-01,9.622581e-10,1.066455e-09,4.745790e-13,4.058497e-11,2.917111e-01,9.989371e-10,1.171005e-09,1.751382e-13,4.052852e-11,3.587603e-01,7.199714e-10,5.312689e-10,3.598400e-13,2.149829e-11,1.252479e-01,1.061066e-09,9.610878e-10,3.795794e-13,6.685941e-08,3.418180e-01,2.119691e-13,9.789418e-10,1.794322e+02,1.547787e+09,8.284394e-08,4.158406e-01,2.248762e-13,1.557274e-09,1.827539e+02,1.440635e+09,6.752381e-08,3.208957e-01,2.559607e-13,1.695183e-09,1.930304e+02,1.375246e+09,1.540865e-02,1.954723e-02,9.170872e-04,2.249451e-15
80,2.143415e-11,2.019684e-01,1.126086e-09,4.178957e-10,2.434670e-13,3.771174e-11,1.610203e-01,7.772309e-10,7.948322e-10,3.291051e-13,3.870395e-11,2.914478e-01,7.739149e-10,6.588501e-10,2.711160e-13,2.141596e-11,3.792212e-01,6.520117e-10,1.201411e-09,4.942496e-13,6.865558e-08,3.174595e-01,2.270665e-13,1.710610e-09,1.983902e+02,1.403651e+09,8.407515e-08,3.812618e-01,1.542184e-13,1.282108e-09,2.022913e+02,1.520563e+09,6.892510e-08,3.123701e-01,1.355599e-13,1.370475e-09,2.024140e+02,2.056730e+09,2.928553e-02,1.827409e-02,5.158203e-04,3.832547e-15
81,2.160020e-11,2.002149e-01,8.174415e-10,5.291935e-10,2.797505e-13,4.039631e-11,1.012528e-01,1.031334e-09,1.011673e-09,1.959220e-13,3.903969e-11,3.082289e-01,1.122493e-09,5.980876e-10,3.424612e-13,2.280317e-11,1.305032e-01,1.159200e-09,1.246520e-09,3.049628e-13,6.969339e-08,3.187243e-01,1.529794e-13,1.044615e-09,2.005899e+02,1.926918e+09,8.190546e-08,4.624559e-01,2.171949e-13,1.381654e-09,1.624708e+02,1.300307e+09,6.607234e-08,3.967234e-01,1.245973e-13,1.207287e-09,1.527793e+02,2.044301e+09,1.986378e-02,4.309211e-03,3.133928e-03,4.401011e-15
82,2.200952e-11,1.959724e-01,9.848457e-10,5.804064e-10,2.840371e-13,4.077020e-11,1.454508e-01,1.136946e-09,9.747898e-10,1.819419e-13,3.723556e-11,3.414221e-01,1.004831e-09,1.091648e-09,4.277969e-13,2.220321e-11,2.474737e-01,1.144074e-09,5.912124e-10,5.050321e-13,6.837541e-08,4.013556e-01,2.105432e-13,6.007148e-10,1.562800e+02,1.499555e+09,7.972425e-08,4.102198e-01,2.989296e-13,6.694007e-10,1.782816e+02,1.094103e+09,6.964890e-08,3.931706e-01,1.843658e-13,7.275116e-10,1.625047e+02,1.502303e+09,2.128010e-02,8.146387e-03,4.238480e-03,3.738484e-15
83,2.276615e-11,2.599901e-01,7.036049e-10,1.044127e-09,3.936627e-13,3.783802e-11,1.504523e-01,1.060638e-09,1.094872e-09,2.103311e-13,3.952384e-11,1.919377e-01,8.033353e-10,1.237441e-09,2.392895e-13,2.223945e-11,3.770867e-01,1.128667e-09,5.181187e-10,1.759729e-13,6.892733e-08,3.429876e-01,2.036598e-13,7.741513e-10,1.843511e+02,1.637671e+09,8.127393e-08,5.224229e-01,2.123370e-13,1.274883e-09,1.427124e+02,1.427872e+09,6.615786e-08,3.416504e-01,1.981749e-13,1.736545e-09,1.776365e+02,1.498609e+09,8.778388e-03,4.030988e-03,1.619437e-03,2.655372e-15
84,2.192959e-11,1.735580e-01,9.379661e-10,8.202260e-10,3.359236e-13,3.786102e-11,2.556530e-01,9.099305e-10,4.001265e-10,5.174129e-13,3.828988e-11,2.155564e-01,8.603772e-10,7.953651e-10,1.735041e-13,2.093817e-11,3.610468e-01,9.400509e-10,1.157648e-09,4.998612e-13,6.955861e-08,2.970578e-01,2.395719e-13,1.195556e-09,2.148041e+02,1.335946e+09,8.257258e-08,5.250968e-01,1.864484e-13,1.192075e-09,1.442544e+02,1.416383e+09,6.684862e-08,3.606447e-01,1.630153e-13,6.550059e-10,1.700378e+02,2.027968e+09,4.030151e-03,2.596941e-02,4.786895e-03,4.774070e-15
85,2.187114e-11,1.167196e-01,9.463334e-10,1.032468e-09,3.255527e-13,4.051000e-11,1.706014e-01,8.056227e-10,8.818176e-10,4.923984e-13,3.984148e-11,3.081449e-01,9.818484e-10,1.275948e-09,5.145130e-13,2.157451e-11,3.147888e-01,6.608432e-10,1.257309e-09,2.833664e-13,6.972553e-08,3.304618e-01,1.696310e-13,1.623834e-09,1.935545e+02,1.754196e+09,8.009238e-08,3.852977e-01,2.500138e-13,1.313404e-09,1.906898e+02,1.324047e+09,6.832368e-08,4.568972e-01,2.245105e-13,1.246272e-09,1.371783e+02,1.498617e+09,7.198076e-03,2.793815e-02,4.334006e-03,2.443635e-15
86,2.245423e-11,2.795571e-01,6.979766e-10,6.708514e-10,3.987282e-13,3.963130e-11,2.599290e-01,7.148720e-10,4.970543e-10,3.399728e-13,3.902757e-11,1.066430e-01,6.663240e-10,6.519657e-10,4.685166e-13,2.287554e-11,3.151835e-01,9.559699e-10,3.260237e-10,5.231086e-13,6.997047e-08,2.966752e-01,2.197325e-13,1.732416e-09,2.163547e+02,1.495690e+09,8.349772e-08,3.520657e-01,2.029943e-13,1.694932e-09,2.175623e+02,1.322425e+09,6.737677e-08,4.175022e-01,2.018961e-13,1.977851e-09,1.480417e+02,1.474811e+09,2.563027e-02,1.129310e-02,2.931006e-03,4.413321e-15
87,2.150203e-11,1.030734e-01,7.811522e-10,8.564643e-10,2.378726e-13,3.733128e-11,1.642624e-01,8.250482e-10,1.172974e-09,2.242582e-13,3.850236e-11,2.622793e-01,9.430834e-10,1.153417e-09,1.938045e-13,2.159287e-11,2.423957e-01,1.105481e-09,3.798484e-10,3.894822e-13,6.979354e-08,3.648453e-01,2.285965e-13,1.252717e-09,1.754847e+02,1.331522e+09,8.238000e-08,4.569864e-01,1.766730e-13,5.269599e-10,1.653679e+02,1.522223e+09,6.997109e-08,3.981085e-01,1.832959e-13,1.003513e-09,1.612315e+02,1.525777e+09,1.975507e-02,2.181652e-02,2.768752e-03,1.390020e-15
88,2.183691e-11,3.300682e-01,9.843276e-10,9.766867e-10,4.358014e-13,4.038747e-11,1.955894e-01,9.637276e-10,1.047851e-09,3.859162e-13,3.846642e-11,3.945488e-01,7.403433e-10,8.659716e-10,2.973952e-13,2.305001e-11,3.180737e-01,9.250209e-10,3.240412e-10,1.988600e-13,6.682422e-08,4.449021e-01,2.175734e-13,1.369252e-09,1.377851e+02,1.423772e+09,8.434821e-08,4.578003e-01,1.204372e-13,1.892165e-09,1.690178e+02,1.737223e+09,6.803893e-08,3.805361e-01,1.723806e-13,8.817826e-10,1.640191e+02,1.810950e+09,1.577752e-02,2.667367e-02,5.799399e-03,2.314265e-15
89,2.266216e-11,1.826566e-01,7.609908e-10,3.491894e-10,3.187958e-13,3.827841e-11,1.659750e-01,7.071599e-10,1.029188e-09,2.105131e-13,3.809802e-11,3.348333e-01,1.124960e-09,4.470443e-10,2.115193e-13,2.291505e-11,2.436984e-01,7.019667e-10,4.975859e-10,3.018346e-13,6.992711e-08,3.068990e-01,2.539295e-13,1.767290e-09,2.090176e+02,1.401337e+09,8.211928e-08,4.395716e-01,2.480387e-13,1.844405e-09,1.713753e+02,1.274998e+09,6.938534e-08,4.785433e-01,1.299159e-13,5.285263e-10,1.330084e+02,1.901118e+09,2.979224e-02,2.176953e-02,1.665171e-03,1.850560e-15
90,2.274700e-11,2.770746e-01,7.529887e-10,6.986817e-10,3.363639e-13,3.872504e-11,3.537606e-01,1.196386e-09,1.247384e-09,2.110462e-13,3.994668e-11,3.784359e-01,1.092557e-09,9.261947e-10,1.980451e-13,2.268697e-11,1.226959e-01,8.292845e-10,1.063946e-09,4.022713e-13,6.908467e-08,3.949722e-01,2.543073e-13,1.100506e-09,1.604530e+02,1.281277e+09,8.126394e-08,3.859086e-01,2.184678e-13,1.582504e-09,1.931729e+02,1.286165e+09,6.704671e-08,4.140824e-01,1.471560e-13,1.694090e-09,1.485332e+02,1.777718e+09,2.627012e-02,2.602134e-02,2.188526e-03,3.829690e-15
91,2.197961e-11,1.207494e-01,6.660480e-10,1.023402e-09,4.937605e-13,3.716936e-11,3.780651e-01,9.523223e-10,8.954282e-10,2.874118e-13,3.776456e-11,3.006022e-01,9.118185e-10,9.764531e-10,3.926252e-13,2.259320e-11,1.477005e-01,1.176996e-09,1.010806e-09,4.509780e-13,6.861300e-08,4.106627e-01,1.773323e-13,6.071282e-10,1.532688e+02,1.739677e+09,8.363259e-08,4.735254e-01,2.163752e-13,8.530540e-10,1.620187e+02,1.384990e+09,6.969379e-08,3.748019e-01,1.159469e-13,8.156453e-10,1.705788e+02,2.055449e+09,2.054127e-02,7.937097e-03,5.683934e-03,4.244726e-15
92,2.249198e-11,1.038908e-01,8.235550e-10,6.206456e-10,5.130449e-13,3.845896e-11,1.134555e-01,1.187236e-09,1.152255e-09,3.554869e-13,3.872780e-11,2.715110e-01,9.239500e-10,3.014672e-10,3.402873e-13,2.229538e-11,1.509137e-01,1.172121e-09,8.253767e-10,4.199126e-13,6.756222e-08,4.386973e-01,2.830624e-13,1.135321e-09,1.412771e+02,1.219172e+09,8.126919e-08,4.018905e-01,2.399507e-13,5.606125e-10,1.855030e+02,1.276422e+09,6.859235e-08,3.169139e-01,1.459231e-13,8.248565e-10,1.985487e+02,1.713180e+09,2.572740e-02,2.994866e-02,4.764800e-04,3.610555e-15
93,2.224419e-11,2.351518e-01,1.001128e-09,9.457147e-10,3.914574e-13,4.073027e-11,3.485279e-01,9.067595e-10,5.750579e-10,3.870506e-13,4.075924e-11,1.146166e-01,8.235335e-10,7.496589e-10,2.879716e-13,2.204490e-11,3.633448e-01,6.928519e-10,3.828597e-10,5.114168e-13,6.846875e-08,4.749025e-01,2.820766e-13,1.034670e-09,1.322576e+02,1.292773e+09,7.975885e-08,3.471939e-01,1.393780e-13,1.519290e-09,2.107364e+02,1.649677e+09,6.617362e-08,3.123007e-01,3.324118e-13,6.300202e-10,1.943769e+02,1.210354e+09,2.187078e-02,3.245755e-03,5.801910e-03,1.579395e-15
94,2.180787e-11,3.001203e-01,1.073162e-09,6.203397e-10,3.625281e-13,4.058567e-11,1.828823e-01,6.761028e-10,1.113654e-09,4.842044e-13,3.907948e-11,3.843424e-01,1.058601e-09,3.485078e-10,1.759528e-13,2.099412e-11,2.082272e-01,1.037222e-09,8.690268e-10,3.726606e-13,6.998521e-08,2.997831e-01,2.587629e-13,1.600564e-09,2.141568e+02,1.241700e+09,8.221516e-08,4.848956e-01,1.806623e-13,9.465639e-10,1.555379e+02,1.487830e+09,6.768955e-08,2.876071e-01,1.241521e-13,5.200387e-10,2.159010e+02,2.038217e+09,2.444848e-02,3.198989e-03,4.913890e-03,7.847717e-16
95,2.151875e-11,1.992481e-01,7.245633e-10,9.837774e-10,5.215175e-13,3.774683e-11,1.985710e-01,1.041462e-09,7.967072e-10,4.994504e-13,3.829469e-11,2.445985e-01,9.728982e-10,5.235589e-10,3.983786e-13,2.160722e-11,2.021920e-01,1.002446e-09,8.385747e-10,4.766879e-13,6.613135e-08,2.960963e-01,1.953375e-13,8.329184e-10,2.048836e+02,1.601835e+09,8.134756e-08,4.762114e-01,1.678458e-13,1.026620e-09,1.567031e+02,1.837258e+09,6.770376e-08,3.917461e-01,1.454855e-13,6.164177e-10,1.585407e+02,1.807441e+09,2.901128e-03,1.593768e-03,7.967609e-04,1.337596e-15
96,2.100698e-11,2.902146e-01,6.229434e-10,8.703892e-10,4.520086e-13,3.789822e-11,2.822253e-01,7.668193e-10,4.792748e-10,3.158353e-13,3.727002e-11,3.631448e-01,1.180112e-09,2.951564e-10,2.345831e-13,2.193494e-11,3.323748e-01,7.859162e-10,1.042569e-09,4.407928e-13,6.860938e-08,2.943608e-01,1.688418e-13,1.718037e-09,2.138140e+02,1.830049e+09,8.320010e-08,4.054407e-01,2.979588e-13,8.248200e-10,1.882475e+02,1.074869e+09,6.976301e-08,4.779701e-01,2.066656e-13,1.089710e-09,1.338928e+02,1.667807e+09,3.515221e-03,1.988957e-02,4.933562e-03,2.907819e-15
97,2.142822e-11,2.497557e-01,7.756701e-10,5.598738e-10,2.734083e-13,3.843631e-11,3.682767e-01,9.736869e-10,5.556793e-10,1.915695e-13,3.752791e-11,1.182144e-01,8.908262e-10,6.565695e-10,2.879786e-13,2.158112e-11,2.624679e-01,9.299040e-10,5.817128e-10,4.450322e-13,6.699138e-08,2.945134e-01,1.748871e-13,1.220693e-09,2.086635e+02,1.616279e+09,8.101920e-08,4.906249e-01,1.998217e-13,1.431012e-09,1.514855e+02,1.463010e+09,6.634031e-08,3.107871e-01,1.821878e-13,9.753243e-10,1.958155e+02,1.805199e+09,1.864041e-02,1.620226e-02,1.152291e-03,8.514509e-16
98,2.205611e-11,3.377196e-01,9.413481e-10,3.954002e-10,2.428756e-13,3.955446e-11,1.559853e-01,7.206352e-10,3.898458e-10,3.268276e-13,3.963208e-11,3.232081e-01,7.402749e-10,1.231402e-09,2.300075e-13,2.303469e-11,2.431418e-01,7.028408e-10,5.555952e-10,2.201257e-13,6.940661e-08,3.854779e-01,1.908129e-13,1.863031e-09,1.651711e+02,1.588477e+09,8.337978e-08,4.070181e-01,1.645357e-13,9.207482e-10,1.879229e+02,1.500462e+09,6.817277e-08,4.260081e-01,1.957428e-13,7.482183e-10,1.467999e+02,1.484345e+09,1.905525e-02,9.164380e-03,8.343242e-04,4.912244e-15
99,2.180915e-11,2.403903e-01,6.709545e-10,1.071818e-09,3.790040e-13,3.940134e-11,3.167242e-01,8.521412e-10,1.043404e-09,3.186226e-13,3.785698e-11,1.944534e-01,8.258369e-10,1.180146e-09,2.737201e-13,2.177904e-11,2.676618e-01,1.061088e-09,1.238533e-09,2.920044e-13,6.737952e-08,4.720838e-01,1.765307e-13,1.732857e-09,1.309307e+02,1.863905e+09,8.226530e-08,4.630912e-01,2.123588e-13,6.430997e-10,1.629607e+02,1.473663e+09,6.636454e-08,3.281947e-01,1.789081e-13,6.574946e-10,1.854971e+02,1.610935e+09,2.502655e-02,4.313924e-03,4.904019e-03,7.129115e-16
100,2.115456e-11,1.308898e-01,7.826779e-10,7.342155e-10,4.774224e-13,3.868134e-11,1.489609e-01,6.741490e-10,6.078923e-10,3.455865e-13,3.721176e-11,2.824745e-01,8.011486e-10,1.242172e-09,5.134390e-13,2.175670e-11,1.383799e-01,1.090985e-09,9.681876e-10,3.614250e-13,6.727584e-08,3.484275e-01,1.852718e-13,1.795362e-09,1.771248e+02,1.821769e+09,8.285782e-08,4.962346e-01,1.610263e-13,9.836067e-10,1.531719e+02,1.756583e+09,6.698771e-08,3.116804e-01,1.821909e-13,5.554077e-10,1.971598e+02,1.641931e+09,2.408237e-02,3.541222e-03,5.126760e-03,4.757680e-15
101,2.152290e-11,3.964100e-01,7.320315e-10,1.293749e-09,3.735788e-13,3.859805e-11,2.480481e-01,7.425730e-10,9.379658e-10,2.700432e-13,4.011148e-11,2.467151e-01,9.599449e-10,6.337178e-10,1.866983e-13,2.110018e-11,2.348720e-01,9.558135e-10,6.452165e-10,2.657744e-13,6.643104e-08,3.424471e-01,3.019244e-13,9.526364e-10,1.779550e+02,1.275333e+09,8.018699e-08,3.910056e-01,1.905137e-13,5.454089e-10,1.881281e+02,1.679691e+09,6.932479e-08,3.034925e-01,1.906461e-13,1.617417e-09,2.095431e+02,1.765076e+09,1.781367e-02,8.236049e-03,3.400447e-03,4.631461e-15
102,2.132290e-11,2.772327e-01,7.496811e-10,3.389919e-10,4.262454e-13,3.892109e-11,1.670301e-01,6.418047e-10,1.183380e-09,4.253029e-13,3.898291e-11,2.893527e-01,6.571486e-10,1.250206e-09,4.633429e-13,2.256057e-11,2.309916e-01,6.283123e-10,4.771711e-10,3.915458e-13,6.703071e-08,4.339876e-01,2.807959e-13,9.856826e-10,1.416867e+02,1.224154e+09,7.979109e-08,4.040724e-01,1.713072e-13,1.456796e-09,1.811457e+02,1.822095e+09,6.972550e-08,3.673032e-01,2.827612e-13,6.252052e-10,1.741405e+02,1.310114e+09,4.547544e-03,1.854417e-02,4.098526e-03,1.004400e-15
103,2.103233e-11,1.497356e-01,6.971799e-10,2.728622e-10,3.432373e-13,3.957382e-11,1.444961e-01,9.790301e-10,3.511183e-10,2.113779e-13,4.026674e-11,1.802176e-01,1.159024e-09,9.831951e-10,2.064872e-13,2.290693e-11,3.004454e-01,8.547002e-10,4.253681e-10,1.703849e-13,6.690441e-08,3.921546e-01,1.905760e-13,6.350748e-10,1.565057e+02,1.784564e+09,7.990592e-08,3.631507e-01,2.148743e-13,1.465603e-09,2.018482e+02,1.316049e+09,6.953240e-08,3.624987e-01,1.413055e-13,1.172375e-09,1.759598e+02,1.816454e+09,4.372131e-04,3.259078e-03,4.369827e-03,5.463377e-16
104,2.177064e-11,2.091990e-01,8.336048e-10,1.154185e-09,4.839065e-13,3.828864e-11,1.645500e-01,9.391426e-10,1.215626e-09,4.852560e-13,3.986976e-11,1.647211e-01,8.991056e-10,4.369041e-10,2.861819e-13,2.181844e-11,3.130665e-01,1.143222e-09,9.564353e-10,4.206641e-13,6.623192e-08,3.414944e-01,1.949953e-13,1.270073e-09,1.779166e+02,1.729392e+09,8.433675e-08,4.634666e-01,1.887830e-13,1.958844e-09,1.669287e+02,1.349244e+09,6.750537e-08,3.017843e-01,1.716171e-13,1.099049e-09,2.051986e+02,1.741452e+09,3.489724e-03,1.204818e-02,1.176684e-03,2.314381e-15
105,2.223973e-11,2.823817e-01,8.823119e-10,2.803744e-10,3.097176e-13,3.934155e-11,2.613018e-01,1.087507e-09,8.361447e-10,3.136850e-13,3.897834e-11,1.709242e-01,1.080551e-09,5.279694e-10,3.205748e-13,2.114947e-11,2.751906e-01,9.974349e-10,4.940850e-10,3.430068e-13,6.873898e-08,3.992806e-01,2.469957e-13,1.695338e-09,1.579274e+02,1.452117e+09,8.015913e-08,5.171290e-01,2.269515e-13,9.801586e-10,1.421958e+02,1.428659e+09,6.863685e-08,2.916709e-01,2.807445e-13,1.534653e-09,2.158724e+02,1.340918e+09,1.720687e-02,1.777588e-02,4.867808e-03,4.054156e-15
106,2.235281e-11,2.640376e-01,9.914005e-10,5.376651e-10,2.797489e-13,4.012088e-11,1.050591e-01,1.049943e-09,1.077396e-09,1.789225e-13,3.750840e-11,2.098936e-01,6.820570e-10,3.922034e-10,2.884179e-13,2.094061e-11,3.059642e-01,7.869498e-10,2.991682e-10,4.473099e-13,6.670964e-08,2.846167e-01,1.492058e-13,1.582779e-09,2.150112e+02,1.865342e+09,8.293736e-08,4.753331e-01,1.796492e-13,1.401713e-09,1.600608e+02,1.655169e+09,6.598839e-08,3.929023e-01,1.370492e-13,1.362252e-09,1.540692e+02,2.040588e+09,5.640556e-03,1.043077e-03,1.470568e-03,4.221622e-15
107,2.109551e-11,3.462299e-01,7.821795e-10,7.403662e-10,2.078868e-13,3.744998e-11,1.094139e-01,8.512686e-10,9.031623e-10,3.912075e-13,3.913437e-11,1.102447e-01,1.142163e-09,1.180756e-09,4.623581e-13,2.297838e-11,2.998168e-01,7.785692e-10,8.391287e-10,3.456751e-13,6.929472e-08,2.969779e-01,1.360880e-13,7.372542e-10,2.140468e+02,1.833629e+09,8.400816e-08,4.148268e-01,1.899558e-13,8.635141e-10,1.857750e+02,1.396236e+09,6.920907e-08,3.606676e-01,1.822560e-13,1.066555e-09,1.760308e+02,1.801635e+09,9.930380e-03,1.498182e-02,3.132367e-03,2.390821e-15
108,2.139046e-11,3.679599e-01,9.959846e-10,3.969807e-10,5.094367e-13,3.798027e-11,1.404155e-01,6.986999e-10,6.995729e-10,3.627780e-13,3.814412e-11,2.044266e-01,9.648736e-10,1.156239e-09,2.249834e-13,2.281492e-11,3.474546e-01,1.129262e-09,3.225483e-10,2.874455e-13,6.613382e-08,3.151111e-01,1.958418e-13,7.536235e-10,1.925275e+02,1.712901e+09,8.025123e-08,3.703736e-01,1.552410e-13,1.053662e-09,1.987670e+02,1.724808e+09,6.908211e-08,2.941367e-01,2.679830e-13,1.377368e-09,2.154513e+02,1.253462e+09,9.353854e-03,1.317203e-02,2.230649e-03,1.106314e-15
109,2.166565e-11,3.302937e-01,9.960975e-10,6.800081e-10,3.827892e-13,3.756275e-11,1.157689e-01,1.000842e-09,7.046368e-10,3.872600e-13,3.905996e-11,2.759342e-01,1.146777e-09,1.151189e-09,4.999167e-13,2.120057e-11,2.008934e-01,9.707243e-10,4.129620e-10,1.972206e-13,6.663452e-08,3.623390e-01,2.650098e-13,5.436779e-10,1.687007e+02,1.401407e+09,8.366603e-08,3.962292e-01,2.046418e-13,1.224023e-09,1.937026e+02,1.552945e+09,6.620610e-08,3.012703e-01,2.051685e-13,1.539432e-09,2.015925e+02,1.731469e+09,2.332340e-03,9.966097e-03,5.053374e-04,2.221660e-15
110,2.102931e-11,1.316800e-01,8.591331e-10,8.941375e-10,2.570785e-13,3.907436e-11,3.133919e-01,8.553719e-10,5.934560e-10,2.740934e-13,4.006700e-11,3.906401e-01,1.064491e-09,1.134008e-09,4.869740e-13,2.128228e-11,2.386135e-01,1.020441e-09,7.344253e-10,1.940542e-13,6.742386e-08,4.414774e-01,2.675653e-13,6.569766e-10,1.400999e+02,1.234803e+09,8.084206e-08,3.993501e-01,1.922836e-13,1.124163e-09,1.857019e+02,1.369236e+09,6.968905e-08,3.309866e-01,1.291985e-13,6.519052e-10,1.931465e+02,1.897971e+09,6.646794e-04,1.101261e-02,4.146714e-03,2.007850e-15
111,2.242263e-11,1.326034e-01,1.118446e-09,1.056796e-09,3.297060e-13,4.078109e-11,2.309493e-01,1.011310e-09,1.263510e-09,4.541063e-13,3.743386e-11,1.843527e-01,1.138368e-09,8.948370e-10,3.991416e-13,2.141621e-11,1.597721e-01,1.180487e-09,6.706532e-10,4.359547e-13,6.882885e-08,3.021990e-01,1.836514e-13,1.453597e-09,2.089345e+02,1.556440e+09,8.000014e-08,3.604097e-01,2.828172e-13,1.148892e-09,2.036231e+02,1.125242e+09,6.759176e-08,3.037388e-01,1.836068e-13,1.050724e-09,2.041391e+02,1.690554e+09,2.041717e-02,1.664972e-02,1.782240e-03,3.361250e-15
112,2.263333e-11,2.065539e-01,9.481910e-10,4.458268e-10,5.088833e-13,3.746918e-11,1.988452e-01,9.028607e-10,3.560051e-10,4.482882e-13,3.934697e-11,1.435965e-01,8.907244e-10,9.525048e-10,1.747782e-13,2.091870e-11,3.967537e-01,6.378090e-10,7.101075e-10,1.901292e-13,6.752411e-08,3.705082e-01,3.118393e-13,7.242376e-10,1.671836e+02,1.259700e+09,8.034898e-08,3.612003e-01,2.413384e-13,7.734459e-10,2.040633e+02,1.314353e+09,6.949933e-08,3.215341e-01,2.622627e-13,1.438375e-09,1.982834e+02,1.242399e+09,1.878575e-02,4.511961e-03,5.546589e-03,2.167010e-15
113,2.216417e-11,1.024309e-01,6.444458e-10,3.979290e-10,4.983519e-13,4.073653e-11,1.983210e-01,7.613158e-10,5.562644e-10,2.795475e-13,3.768364e-11,2.783322e-01,6.534521e-10,3.050078e-10,1.754844e-13,2.233306e-11,2.714626e-01,1.114925e-09,6.869751e-10,3.249837e-13,6.848410e-08,4.281181e-01,2.100207e-13,1.151849e-09,1.467435e+02,1.490634e+09,8.382378e-08,3.499090e-01,2.216674e-13,1.809521e-09,2.197581e+02,1.394084e+09,6.855961e-08,4.683997e-01,1.414788e-13,1.020011e-09,1.342717e+02,1.890313e+09,9.691986e-03,9.750996e-03,2.591997e-03,2.849310e-15
114,2.227413e-11,2.851361e-01,7.477196e-10,3.048464e-10,3.115046e-13,3.915184e-11,1.236483e-01,8.701553e-10,6.884987e-10,3.021281e-13,3.970156e-11,2.183470e-01,1.112031e-09,1.079666e-09,4.923550e-13,2.125386e-11,2.425136e-01,1.159634e-09,6.198330e-10,4.472407e-13,6.663283e-08,3.484377e-01,2.299696e-13,1.475943e-09,1.754268e+02,1.445446e+09,8.288785e-08,3.921048e-01,1.977510e-13,7.920287e-10,1.939195e+02,1.326478e+09,6.779139e-08,3.802245e-01,1.715271e-13,1.791565e-09,1.635562e+02,1.886616e+09,2.525378e-02,2.173027e-02,2.857136e-03,2.603116e-15
115,2.103188e-11,1.850125e-01,1.002176e-09,6.526653e-10,4.008982e-13,3.752458e-11,2.214042e-01,8.283826e-10,4.460313e-10,2.177584e-13,3.989803e-11,3.258476e-01,9.529171e-10,5.924760e-10,2.081990e-13,2.192404e-11,2.872554e-01,1.161019e-09,9.111127e-10,3.982687e-13,6.599950e-08,3.713600e-01,1.517349e-13,1.900395e-09,1.630340e+02,2.051163e+09,8.289768e-08,3.834365e-01,2.987665e-13,5.494495e-10,1.983269e+02,1.064291e+09,6.815394e-08,4.143181e-01,1.992535e-13,8.426583e-10,1.509002e+02,1.450713e+09,2.488333e-02,2.214296e-02,2.253034e-03,3.383913e-15
116,2.095728e-11,1.073233e-01,6.430215e-10,1.115503e-09,3.164184e-13,3.857740e-11,2.769612e-01,6.372459e-10,4.153893e-10,2.018573e-13,3.969799e-11,2.179094e-01,7.658147e-10,6.132906e-10,1.837652e-13,2.198728e-11,3.872314e-01,8.257289e-10,8.580919e-10,2.589179e-13,6.934117e-08,4.304654e-01,1.720114e-13,1.757767e-09,1.477698e+02,1.612082e+09,8.088753e-08,3.406872e-01,1.872940e-13,1.828834e-09,2.178003e+02,1.503034e+09,6.681841e-08,3.346413e-01,2.791941e-13,1.848556e-09,1.831679e+02,1.225840e+09,1.134759e-02,7.783165e-03,5.725111e-03,1.395627e-15
117,2.152083e-11,1.772241e-01,9.330335e-10,3.376446e-10,2.802821e-13,3.710627e-11,2.905328e-01,1.130957e-09,5.706468e-10,4.620921e-13,3.913679e-11,2.608609e-01,8.820618e-10,1.096381e-09,2.054638e-13,2.142143e-11,2.355622e-01,1.189498e-09,5.239750e-10,2.358169e-13,6.670865e-08,4.513078e-01,1.611367e-13,7.160209e-10,1.355945e+02,1.798632e+09,8.397413e-08,5.072993e-01,1.958203e-13,6.511277e-10,1.518497e+02,1.496078e+09,6.828798e-08,4.505590e-01,2.026794e-13,8.987389e-10,1.390354e+02,1.510980e+09,1.819314e-02,2.149558e-02,7.598001e-04,2.378162e-15
118,2.300656e-11,1.872510e-01,1.152014e-09,9.909427e-10,2.472734e-13,3.961000e-11,2.060542e-01,1.037950e-09,7.584747e-10,2.546098e-13,3.886427e-11,3.478271e-01,7.465758e-10,7.004759e-10,3.764425e-13,2.180173e-11,1.990209e-01,1.157403e-09,9.411822e-10,4.319068e-13,6.755610e-08,3.457377e-01,1.179163e-13,1.015121e-09,1.792465e+02,1.986543e+09,8.000277e-08,3.425773e-01,2.551896e-13,1.303915e-09,2.142295e+02,1.342844e+09,6.643895e-08,3.551743e-01,1.709591e-13,1.048927e-09,1.715987e+02,1.971378e+09,2.005531e-02,1.052203e-02,4.911857e-03,3.439088e-15
119,2.265614e-11,3.667968e-01,9.251592e-10,9.637452e-10,3.245714e-13,3.943321e-11,3.611015e-01,7.252182e-10,6.743271e-10,2.477149e-13,3.961855e-11,3.934568e-01,8.029205e-10,1.105799e-09,2.292061e-13,2.283992e-11,2.938926e-01,1.048317e-09,3.895054e-10,2.629905e-13,6.668345e-08,4.514862e-01,2.259583e-13,1.944962e-09,1.354897e+02,1.461941e+09,8.367351e-08,4.247563e-01,2.310611e-13,1.901462e-09,1.807095e+02,1.362605e+09,6.869938e-08,3.395377e-01,2.809464e-13,1.519001e-09,1.856084e+02,1.336321e+09,1.610562e-02,2.175231e-02,1.509026e-03,2.357807e-15
120,2.214043e-11,1.970139e-01,6.709180e-10,1.218919e-09,4.009892e-13,4.070557e-11,2.082084e-01,9.865801e-10,7.590108e-10,2.597109e-13,3.802818e-11,3.588434e-01,9.167266e-10,8.575990e-10,5.077266e-13,2.207129e-11,2.081625e-01,8.528848e-10,4.207348e-10,4.295619e-13,6.753533e-08,3.135335e-01,2.289570e-13,7.526100e-10,1.975968e+02,1.434420e+09,8.334532e-08,3.939400e-01,2.069265e-13,7.870748e-10,1.940814e+02,1.424080e+09,6.744901e-08,3.533199e-01,1.534811e-13,1.604797e-09,1.751218e+02,1.726181e+09,1.642945e-02,1.767669e-02,4.951866e-03,4.980004e-15
121,2.145462e-11,2.332156e-01,6.898941e-10,1.135444e-09,3.185626e-13,4.072652e-11,1.889057e-01,8.148397e-10,9.031117e-10,2.610226e-13,3.982395e-11,3.435430e-01,9.266214e-10,8.423404e-10,4.561340e-13,2.142259e-11,3.739118e-01,1.050050e-09,4.445052e-10,4.211240e-13,6.712228e-08,3.956622e-01,1.467529e-13,1.900079e-09,1.556234e+02,2.008419e+09,8.395313e-08,5.517922e-01,1.271389e-13,1.552006e-09,1.395706e+02,1.820303e+09,6.612197e-08,2.965521e-01,2.313282e-13,6.572610e-10,2.045397e+02,1.375845e+09,1.421201e-02,6.932665e-03,4.960558e-03,7.576106e-16
122,2.095780e-11,1.521945e-01,8.792552e-10,6.281664e-10,2.563167e-13,3.750434e-11,3.223498e-01,8.579034e-10,3.630499e-10,1.823828e-13,3.956638e-11,1.889159e-01,7.233247e-10,4.237209e-10,3.964246e-13,2.212735e-11,1.899081e-01,9.438911e-10,8.436043e-10,4.210466e-13,6.608929e-08,4.265888e-01,2.056935e-13,7.537596e-10,1.421197e+02,1.608534e+09,8.348884e-08,4.492838e-01,2.590707e-13,1.822274e-09,1.704670e+02,1.205258e+09,6.652332e-08,3.925486e-01,1.355722e-13,9.379891e-10,1.554581e+02,1.999924e+09,5.393799e-03,1.776636e-02,2.630682e-03,3.126010e-15
123,2.233236e-11,3.342921e-01,6.591017e-10,1.014308e-09,5.213816e-13,3.924176e-11,3.680297e-01,1.152083e-09,9.089411e-10,2.636641e-13,3.724490e-11,1.076894e-01,1.101896e-09,6.204307e-10,4.503459e-13,2.265324e-11,2.999488e-01,9.707107e-10,1.139339e-09,2.209225e-13,6.920463e-08,3.388557e-01,2.199973e-13,1.267457e-09,1.873497e+02,1.543394e+09,8.126509e-08,5.565617e-01,1.915738e-13,1.499842e-09,1.339440e+02,1.450546e+09,6.884497e-08,4.195420e-01,1.370579e-13,6.697481e-10,1.505322e+02,1.826233e+09,1.369787e-02,1.286612e-02,5.584702e-03,2.504550e-15
124,2.108161e-11,3.291566e-01,8.344507e-10,1.256901e-09,2.394602e-13,3.775165e-11,1.885184e-01,1.178930e-09,4.949799e-10,4.048362e-13,3.920830e-11,2.283177e-01,1.040619e-09,8.686130e-10,3.858021e-13,2.213566e-11,1.270960e-01,1.094122e-09,1.249494e-09,4.471256e-13,6.971194e-08,3.119596e-01,2.725627e-13,6.570960e-10,2.049942e+02,1.209620e+09,8.021949e-08,3.592621e-01,2.012544e-13,1.167058e-09,2.048336e+02,1.387562e+09,6.783026e-08,4.629973e-01,1.721040e-13,5.591379e-10,1.343934e+02,1.858663e+09,1.180651e-02,1.525037e-02,1.624152e-03,4.711652e-15
125,2.161262e-11,1.574019e-01,8.279900e-10,3.489483e-10,3.373004e-13,3.708185e-11,1.834459e-01,1.069009e-09,7.070867e-10,2.439770e-13,3.812744e-11,3.124474e-01,1.000605e-09,1.028313e-09,1.999250e-13,2.133520e-11,2.822001e-01,8.252777e-10,1.002752e-09,4.322364e-13,6.829149e-08,4.305068e-01,2.159969e-13,1.966897e-09,1.455189e+02,1.428911e+09,8.122338e-08,3.978399e-01,2.831656e-13,1.886626e-09,1.872861e+02,1.213973e+09,6.640155e-08,4.551337e-01,2.533988e-13,1.799718e-09,1.338357e+02,1.387181e+09,2.747802e-02,8.079653e-03,3.225523e-03,1.469360e-15
126,2.220549e-11,2.138119e-01,7.268912e-10,1.107735e-09,4.378171e-13,3.800546e-11,1.607060e-01,9.310957e-10,7.661531e-10,2.753812e-13,3.830475e-11,2.357050e-01,1.027674e-09,5.952016e-10,2.632986e-13,2.211405e-11,1.833928e-01,6.896893e-10,9.647849e-10,3.769589e-13,6.720382e-08,3.296578e-01,2.188461e-13,1.349777e-09,1.870094e+02,1.461611e+09,8.159793e-08,3.661523e-01,1.770409e-13,1.155042e-09,2.044326e+02,1.679736e+09,6.929763e-08,2.956372e-01,2.636407e-13,9.118101e-10,2.150265e+02,1.328001e+09,1.861205e-02,2.140621e-03,4.979790e-03,3.650232e-15
127,2.255619e-11,2.361596e-01,6.527171e-10,1.058305e-09,2.859549e-13,3.854159e-11,2.829057e-01,6.026687e-10,6.293524e-10,3.012412e-13,3.744176e-11,3.186161e-01,1.182409e-09,5.603234e-10,4.596367e-13,2.235170e-11,2.561590e-01,1.137672e-09,1.064940e-09,4.462453e-13,6.968551e-08,3.734421e-01,1.326125e-13,1.865521e-09,1.711796e+02,1.857053e+09,8.049943e-08,4.641858e-01,2.227899e-13,9.514445e-10,1.590866e+02,1.433046e+09,6.836307e-08,3.534210e-01,1.500950e-13,7.832544e-10,1.774443e+02,1.802486e+09,1.936250e-02,1.762733e-02,1.968623e-03,4.371663e-15
128,2.162235e-11,3.343133e-01,7.446594e-10,1.067443e-09,3.502544e-13,3.955040e-11,3.769614e-01,6.662383e-10,3.723444e-10,4.153743e-13,3.756466e-11,3.512036e-01,1.134289e-09,1.033345e-09,4.967239e-13,2.234658e-11,2.857713e-01,8.883460e-10,4.623014e-10,4.850483e-13,6.721118e-08,3.488216e-01,1.643537e-13,9.889251e-10,1.767547e+02,1.626056e+09,8.364786e-08,4.010194e-01,1.794566e-13,1.167470e-09,1.913472e+02,1.473665e+09,6.970001e-08,4.335622e-01,1.993367e-13,1.242243e-09,1.474736e+02,1.675730e+09,1.830283e-02,1.812132e-02,1.373876e-03,3.618666e-15
129,2.114832e-11,3.157670e-01,1.087950e-09,3.487914e-10,4.873705e-13,4.049187e-11,2.467542e-01,1.102068e-09,5.104661e-10,1.928673e-13,4.009374e-11,1.589642e-01,1.070390e-09,5.134804e-10,4.578749e-13,2.306386e-11,1.335141e-01,1.038071e-09,5.963086e-10,3.488358e-13,6.760109e-08,4.584289e-01,1.513763e-13,1.421584e-09,1.352740e+02,1.852168e+09,8.073546e-08,3.576151e-01,1.919394e-13,1.885666e-09,2.071005e+02,1.495799e+09,6.896838e-08,3.674603e-01,1.531541e-13,1.615200e-09,1.721759e+02,1.779350e+09,2.795320e-02,1.252123e-02,3.601044e-03,1.713264e-15
130,2.141851e-11,2.707296e-01,9.370936e-10,7.797160e-10,3.950362e-13,3.951050e-11,2.427468e-01,1.004030e-09,6.594313e-10,2.226788e-13,3.760701e-11,2.620444e-01,1.151692e-09,8.889147e-10,5.070539e-13,2.273642e-11,3.684480e-01,1.055092e-09,3.657011e-10,3.770365e-13,6.996706e-08,3.970256e-01,1.454208e-13,1.786812e-09,1.616620e+02,2.037435e+09,8.313740e-08,3.646180e-01,1.698981e-13,1.449172e-09,2.091660e+02,1.506516e+09,6.886536e-08,3.576290e-01,1.981072e-13,6.488956e-10,1.766448e+02,1.502871e+09,2.476195e-02,1.721185e-03,1.119541e-03,1.485620e-15
131,2.168784e-11,3.624312e-01,1.052824e-09,4.754526e-10,4.381462e-13,3.822578e-11,2.566078e-01,8.607675e-10,4.648104e-10,2.338408e-13,4.010638e-11,3.018671e-01,8.313643e-10,1.191350e-09,4.978395e-13,2.236102e-11,1.279381e-01,8.011554e-10,3.177939e-10,4.548121e-13,6.765944e-08,3.294298e-01,2.224210e-13,9.176147e-10,1.884075e+02,1.389010e+09,8.415468e-08,4.470788e-01,2.756284e-13,1.734542e-09,1.726740e+02,1.090966e+09,6.832680e-08,3.227195e-01,1.947231e-13,1.268858e-09,1.942221e+02,1.751216e+09,1.802499e-02,1.294244e-03,5.111006e-04,4.177396e-15
132,2.302337e-11,2.014236e-01,9.190553e-10,1.192941e-09,4.288135e-13,3.993997e-11,3.474599e-01,1.117887e-09,3.123218e-10,4.028427e-13,3.773663e-11,1.181470e-01,1.177952e-09,3.784080e-10,3.023312e-13,2.216816e-11,1.512294e-01,1.125336e-09,6.954904e-10,3.007694e-13,6.937662e-08,4.350245e-01,2.447945e-13,8.954750e-10,1.462959e+02,1.322555e+09,8.196907e-08,4.968384e-01,3.158959e-13,8.901052e-10,1.513448e+02,1.124466e+09,6.823070e-08,3.390459e-01,1.423746e-13,9.869212e-10,1.846095e+02,1.851705e+09,9.923345e-03,1.337524e-02,4.662675e-04,2.295903e-15
133,2.221039e-11,3.827465e-01,8.150372e-10,6.707697e-10,5.175198e-13,3.855618e-11,1.305016e-01,7.978697e-10,4.889086e-10,3.377890e-13,3.857072e-11,3.630146e-01,9.023055e-10,8.520093e-10,4.384593e-13,2.150942e-11,3.989305e-01,9.974547e-10,8.908741e-10,2.771510e-13,6.832906e-08,2.930190e-01,2.637791e-13,9.779278e-10,2.139156e+02,1.249521e+09,8.175046e-08,3.618499e-01,3.256777e-13,1.703676e-09,2.072500e+02,1.102839e+09,6.994531e-08,3.936780e-01,1.278499e-13,1.785412e-09,1.629859e+02,1.976357e+09,1.148997e-02,1.465202e-02,2.917892e-03,6.572242e-16
134,2.258532e-11,1.240292e-01,6.009234e-10,1.015046e-09,3.460026e-13,3.987392e-11,1.747785e-01,8.885784e-10,3.660050e-10,4.893736e-13,3.800055e-11,2.608382e-01,8.337740e-10,9.557348e-10,3.367662e-13,2.140516e-11,2.528622e-01,6.098243e-10,6.821143e-10,3.302234e-13,6.942152e-08,4.513637e-01,1.524064e-13,1.217628e-09,1.410913e+02,1.960670e+09,8.329767e-08,4.796318e-01,1.672185e-13,7.865696e-10,1.593153e+02,1.594014e+09,6.607132e-08,3.143694e-01,1.432096e-13,1.462193e-09,1.927993e+02,1.777243e+09,2.760634e-02,4.767531e-04,1.156979e-03,3.568460e-15
135,2.273605e-11,1.171944e-01,6.864281e-10,1.126139e-09,5.015962e-13,3.828121e-11,1.305631e-01,6.485926e-10,5.954906e-10,1.734074e-13,3.853636e-11,3.747854e-01,9.302892e-10,4.733853e-10,3.563365e-13,2.261727e-11,3.093171e-01,1.106040e-09,1.007201e-09,4.171231e-13,6.686298e-08,3.170756e-01,2.027349e-13,1.219491e-09,1.934442e+02,1.463751e+09,8.132273e-08,5.250607e-01,2.107117e-13,1.660747e-09,1.420807e+02,1.396662e+09,6.912835e-08,3.937868e-01,2.140684e-13,1.212724e-09,1.610378e+02,1.412192e+09,1.296814e-02,2.845768e-02,3.851775e-03,3.063356e-15
136,2.280733e-11,3.450947e-01,8.600779e-10,3.681232e-10,2.988381e-13,3.843703e-11,1.390997e-01,9.459064e-10,3.673912e-10,3.480072e-13,3.885486e-11,3.846247e-01,9.197196e-10,1.213637e-09,3.703760e-13,2.137039e-11,3.682320e-01,7.192578e-10,8.673612e-10,5.017293e-13,6.614411e-08,4.412573e-01,1.674783e-13,5.188179e-10,1.375093e+02,2.012816e+09,8.186368e-08,4.072611e-01,2.566069e-13,6.931370e-10,1.843958e+02,1.322704e+09,6.958107e-08,3.035814e-01,2.008114e-13,7.520287e-10,2.102561e+02,1.687906e+09,1.207481e-02,1.268295e-02,5.545920e-04,2.498872e-15
137,2.258742e-11,3.651680e-01,9.548776e-10,1.295139e-09,4.036674e-13,4.074878e-11,2.135263e-01,1.174005e-09,9.352054e-10,1.993727e-13,4.012934e-11,2.058915e-01,1.174056e-09,1.178784e-09,2.174292e-13,2.270750e-11,1.053645e-01,6.030644e-10,1.165966e-09,4.844328e-13,6.860442e-08,3.455394e-01,2.078613e-13,6.994811e-10,1.821324e+02,1.647975e+09,8.301829e-08,4.382741e-01,1.368496e-13,1.865004e-09,1.737644e+02,1.758611e+09,6.897867e-08,3.814279e-01,1.466352e-13,1.254390e-09,1.658957e+02,1.982638e+09,7.037794e-03,1.512698e-02,3.603320e-03,1.341450e-15
138,2.160843e-11,1.264225e-01,6.829234e-10,8.767081e-10,3.826265e-13,3.737701e-11,1.286919e-01,1.145951e-09,1.153026e-09,4.987952e-13,3.869537e-11,1.272445e-01,7.879331e-10,6.636326e-10,2.893223e-13,2.223533e-11,2.571936e-01,1.088687e-09,1.204127e-09,2.232358e-13,6.830979e-08,3.499266e-01,1.397330e-13,1.142821e-09,1.790765e+02,1.856210e+09,8.419744e-08,5.636195e-01,1.315978e-13,1.142091e-09,1.370395e+02,1.766628e+09,6.826938e-08,3.368788e-01,1.658791e-13,9.626838e-10,1.859024e+02,1.800997e+09,2.658033e-02,5.499210e-03,2.499670e-03,4.442824e-15
139,2.232965e-11,3.924176e-01,7.853150e-10,5.105064e-10,1.686715e-13,3.958987e-11,3.789186e-01,7.850329e-10,6.862752e-10,4.097929e-13,3.834433e-11,2.485209e-01,9.353332e-10,4.035872e-10,3.421236e-13,2.115796e-11,1.820890e-01,1.125993e-09,7.085317e-10,2.167266e-13,6.960814e-08,3.009597e-01,1.407579e-13,7.352519e-10,2.121702e+02,1.849046e+09,8.037957e-08,4.075039e-01,1.415738e-13,9.818425e-10,1.809450e+02,1.817829e+09,6.834000e-08,3.440890e-01,1.178237e-13,1.791113e-09,1.821952e+02,2.002499e+09,1.481324e-02,9.552421e-03,1.154949e-03,2.656526e-15
140,2.099911e-11,2.284104e-01,9.065559e-10,8.442600e-10,4.589593e-13,3.909056e-11,1.162808e-01,6.136655e-10,6.047889e-10,2.443200e-13,3.783613e-11,2.262076e-01,8.589458e-10,3.660615e-10,2.586997e-13,2.164169e-11,2.075375e-01,8.666240e-10,1.137371e-09,2.481797e-13,6.783295e-08,3.228080e-01,1.526954e-13,1.605649e-09,1.927654e+02,1.923164e+09,8.241654e-08,5.550858e-01,1.593341e-13,1.448838e-09,1.362031e+02,1.824964e+09,6.965310e-08,3.964499e-01,1.747072e-13,1.635446e-09,1.611702e+02,1.564691e+09,8.184283e-03,1.540326e-02,3.087119e-03,3.979778e-15
141,2.291488e-11,3.495166e-01,1.157712e-09,1.107271e-09,2.874693e-13,3.903897e-11,2.093124e-01,7.615676e-10,8.932903e-10,4.669243e-13,3.916030e-11,2.172809e-01,1.084649e-09,9.685273e-10,3.788703e-13,2.210372e-11,2.677627e-01,6.399835e-10,1.043872e-09,2.957881e-13,6.664942e-08,3.232894e-01,1.221887e-13,1.411520e-09,1.891200e+02,1.946362e+09,8.149416e-08,4.978040e-01,2.012345e-13,1.175143e-09,1.501761e+02,1.347718e+09,6.790907e-08,3.461914e-01,2.510509e-13,7.254456e-10,1.799469e+02,1.459093e+09,8.924948e-03,2.364398e-02,5.778839e-03,4.810021e-15
142,2.266501e-11,2.918953e-01,9.728792e-10,1.265757e-09,1.981994e-13,3.831679e-11,3.567818e-01,8.924372e-10,4.871435e-10,2.169046e-13,4.078163e-11,2.645330e-01,6.780186e-10,7.271027e-10,4.212127e-13,2.114596e-11,3.052451e-01,6.949417e-10,7.387179e-10,1.985084e-13,6.647653e-08,4.170216e-01,2.317012e-13,1.353707e-09,1.462320e+02,1.384511e+09,8.178864e-08,3.972058e-01,1.587767e-13,1.590879e-09,1.888905e+02,1.794904e+09,6.630372e-08,3.735447e-01,2.964769e-13,1.972072e-09,1.628276e+02,1.251158e+09,7.265551e-03,3.298981e-03,3.511053e-03,2.864759e-15
143,2.305333e-11,2.872770e-01,9.138142e-10,7.231962e-10,2.781404e-13,3.949945e-11,3.135397e-01,1.123277e-09,1.033961e-09,4.242820e-13,4.010319e-11,3.909888e-01,8.272755e-10,9.076857e-10,4.902620e-13,2.093930e-11,3.641841e-01,7.087892e-10,1.065940e-09,4.978687e-13,6.818766e-08,3.132992e-01,1.911106e-13,8.077743e-10,1.996546e+02,1.502485e+09,8.075435e-08,4.150711e-01,1.835339e-13,1.739638e-09,1.784745e+02,1.505140e+09,6.989115e-08,4.431026e-01,1.950066e-13,1.443374e-09,1.446940e+02,1.580570e+09,4.172495e-03,7.284355e-03,1.304169e-03,1.470091e-15
144,2.181699e-11,1.859563e-01,8.124924e-10,1.185053e-09,3.111354e-13,3.761100e-11,2.107150e-01,1.123379e-09,5.931267e-10,2.056308e-13,3.965409e-11,1.023789e-01,1.167829e-09,8.348556e-10,3.360427e-13,2.276962e-11,1.220397e-01,7.093845e-10,3.183625e-10,5.109944e-13,6.719315e-08,3.575011e-01,2.037685e-13,1.283814e-09,1.724171e+02,1.566422e+09,8.229862e-08,5.080390e-01,2.536933e-13,1.733708e-09,1.486032e+02,1.189498e+09,6.902053e-08,3.405433e-01,2.070582e-13,8.304019e-10,1.859254e+02,1.629783e+09,1.070675e-02,1.783752e-02,2.504612e-03,4.481941e-15
145,2.237923e-11,3.926248e-01,7.000363e-10,8.653958e-10,3.653629e-13,4.074704e-11,2.995420e-01,7.495724e-10,5.662040e-10,4.340038e-13,3.942593e-11,2.842374e-01,7.678275e-10,8.529119e-10,4.545306e-13,2.119147e-11,2.706003e-01,6.839859e-10,1.078408e-09,4.616769e-13,6.731173e-08,3.705492e-01,1.742259e-13,8.275907e-10,1.666394e+02,1.567526e+09,8.259426e-08,3.925145e-01,2.317512e-13,6.295619e-10,1.930309e+02,1.320850e+09,6.962505e-08,3.735477e-01,2.670317e-13,1.182167e-09,1.709827e+02,1.257157e+09,2.538054e-02,2.612624e-02,4.410298e-03,4.959121e-15
146,2.139436e-11,1.478014e-01,1.125561e-09,1.236797e-09,4.859291e-13,4.004037e-11,2.790810e-01,7.513489e-10,5.807538e-10,2.285453e-13,4.016326e-11,1.271644e-01,9.565548e-10,4.765928e-10,5.201171e-13,2.304618e-11,2.014799e-01,9.709801e-10,6.259610e-10,2.205994e-13,6.669875e-08,4.293870e-01,2.194403e-13,1.561382e-09,1.424956e+02,1.642307e+09,8.379197e-08,3.865992e-01,2.494113e-13,1.667889e-09,1.988264e+02,1.188846e+09,6.859079e-08,4.210983e-01,2.273894e-13,6.482056e-10,1.494222e+02,1.372454e+09,3.361185e-03,4.389191e-03,5.617850e-03,3.629867e-15
147,2.301791e-11,2.916065e-01,1.139282e-09,1.182814e-09,5.186825e-13,4.005309e-11,1.176428e-01,1.171969e-09,8.533262e-10,2.918887e-13,3.844667e-11,2.585015e-01,1.024450e-09,1.115482e-09,4.175644e-13,2.121177e-11,1.555428e-01,1.136490e-09,3.643651e-10,5.091029e-13,6.679928e-08,2.954506e-01,1.630823e-13,1.599966e-09,2.074052e+02,1.674038e+09,8.177484e-08,4.306940e-01,1.361245e-13,1.778803e-09,1.741741e+02,1.789558e+09,6.947315e-08,4.693876e-01,2.583042e-13,1.121468e-09,1.357745e+02,1.293335e+09,1.350358e-02,2.026094e-02,2.068112e-03,3.991378e-15
148,2.256963e-11,2.243078e-01,6.393239e-10,8.098315e-10,2.940773e-13,4.090931e-11,2.962630e-01,8.800225e-10,3.818017e-10,3.664485e-13,4.006963e-11,3.565733e-01,1.128976e-09,4.534903e-10,3.961683e-13,2.243617e-11,2.726307e-01,1.073583e-09,5.988139e-10,5.093178e-13,6.823383e-08,2.898659e-01,1.980564e-13,1.281533e-09,2.159411e+02,1.617239e+09,8.378271e-08,5.620273e-01,2.920627e-13,8.251913e-10,1.367507e+02,1.186850e+09,6.773050e-08,3.424240e-01,1.864159e-13,5.670995e-10,1.814483e+02,1.785036e+09,7.613190e-03,1.564998e-02,3.666841e-04,4.169625e-15
149,2.121990e-11,2.541908e-01,1.182414e-09,8.677866e-10,3.076572e-13,3.954827e-11,3.337389e-01,6.399315e-10,1.108713e-09,2.840310e-13,3.980580e-11,2.824781e-01,7.684392e-10,3.065824e-10,4.375678e-13,2.130519e-11,2.772374e-01,1.112140e-09,3.893720e-10,2.029154e-13,6.718329e-08,4.555717e-01,3.159957e-13,1.610047e-09,1.352811e+02,1.202970e+09,8.275133e-08,4.591861e-01,1.393104e-13,1.418475e-09,1.653176e+02,1.813006e+09,6.827248e-08,3.340360e-01,2.044033e-13,5.061608e-10,1.874930e+02,1.428854e+09,2.318499e-02,1.126717e-02,2.671239e-03,2.526291e-15
150,2.192695e-11,2.150082e-01,7.135572e-10,1.069418e-09,4.095039e-13,4.068876e-11,2.730083e-01,6.486359e-10,5.203280e-10,3.470988e-13,4.052891e-11,2.694703e-01,1.024297e-09,3.775519e-10,4.230479e-13,2.115535e-11,2.170056e-01,1.039521e-09,1.205635e-09,4.205690e-13,6.766317e-08,3.263670e-01,2.602158e-13,1.778757e-09,1.901861e+02,1.343718e+09,8.282576e-08,5.505845e-01,1.829038e-13,5.264129e-10,1.379984e+02,1.610585e+09,6.670151e-08,3.305786e-01,1.766404e-13,8.484136e-10,1.850946e+02,1.715012e+09,2.441596e-02,2.090185e-02,2.473220e-03,1.495375e-15
151,2.158479e-11,3.624704e-01,1.124158e-09,3.691622e-10,4.300935e-13,3.828878e-11,2.258296e-01,1.164070e-09,7.844476e-10,2.666365e-13,3.965834e-11,2.702975e-01,8.427126e-10,4.770866e-10,3.844580e-13,2.118437e-11,2.594187e-01,1.039402e-09,9.901400e-10,3.317181e-13,6.989670e-08,3.029628e-01,2.663541e-13,6.361547e-10,2.116411e+02,1.235557e+09,8.296462e-08,5.482535e-01,1.511618e-13,1.546634e-09,1.388175e+02,1.743962e+09,6.958570e-08,3.141248e-01,1.944526e-13,1.849561e-09,2.032125e+02,1.721022e+09,2.063353e-02,8.088978e-03,3.761498e-03,1.101984e-15
152,2.138338e-11,2.673618e-01,9.544922e-10,1.185569e-09,4.295955e-13,3.953572e-11,2.328418e-01,8.945751e-10,1.224077e-09,2.454348e-13,4.010932e-11,1.577267e-01,9.928329e-10,5.564377e-10,4.306549e-13,2.145551e-11,1.794510e-01,1.067590e-09,7.021455e-10,4.209300e-13,6.724875e-08,3.149295e-01,2.355010e-13,1.477508e-09,1.958861e+02,1.488429e+09,8.323029e-08,3.736667e-01,1.804934e-13,1.861663e-09,2.043289e+02,1.662902e+09,6.868034e-08,3.691356e-01,2.186555e-13,1.738503e-09,1.706787e+02,1.481644e+09,1.805869e-02,2.058436e-02,1.383799e-03,4.000223e-15
153,2.139070e-11,1.558745e-01,1.063922e-09,1.063561e-09,4.122048e-13,3.788627e-11,3.089738e-01,1.030020e-09,1.053179e-09,2.345937e-13,3.797650e-11,3.568172e-01,1.153383e-09,3.515383e-10,2.082885e-13,2.185552e-11,3.083737e-01,8.777884e-10,6.958890e-10,4.449404e-13,6.821911e-08,3.745209e-01,1.744266e-13,7.826315e-10,1.670947e+02,1.923895e+09,8.390310e-08,4.403438e-01,1.826695e-13,1.715889e-09,1.747909e+02,1.555789e+09,6.698923e-08,3.695299e-01,1.427779e-13,1.616339e-09,1.662984e+02,1.883616e+09,2.782853e-02,3.311328e-03,3.529147e-03,1.151299e-15
154,2.140312e-11,1.795721e-01,6.222707e-10,4.681681e-10,4.002349e-13,3.847513e-11,2.427946e-01,1.124507e-09,9.125055e-10,4.300745e-13,3.947442e-11,3.747337e-01,7.491302e-10,3.408815e-10,4.225244e-13,2.100214e-11,1.701229e-01,8.748921e-10,4.604815e-10,1.860787e-13,6.852314e-08,3.237065e-01,2.315358e-13,5.592025e-10,1.941863e+02,1.489766e+09,8.170760e-08,5.046341e-01,2.159397e-13,1.367727e-09,1.485315e+02,1.398700e+09,6.747025e-08,4.444291e-01,1.742049e-13,1.581613e-09,1.392652e+02,1.876080e+09,2.234674e-02,2.733883e-02,2.697389e-03,2.110350e-15
155,2.168532e-11,3.668890e-01,8.110321e-10,9.737091e-10,1.796250e-13,3.911278e-11,2.516110e-01,8.501256e-10,1.228326e-09,3.429425e-13,3.921863e-11,3.277654e-01,7.011636e-10,1.166265e-09,2.991889e-13,2.267326e-11,2.862300e-01,6.510552e-10,1.058082e-09,5.036833e-13,6.741692e-08,3.351317e-01,1.734430e-13,6.750757e-10,1.845382e+02,1.639188e+09,7.988465e-08,3.778742e-01,1.966862e-13,1.758558e-09,1.939317e+02,1.440273e+09,6.919774e-08,3.415741e-01,1.812543e-13,1.866535e-09,1.858402e+02,1.618925e+09,1.707321e-02,1.017292e-02,3.213944e-03,3.992125e-15
156,2.153469e-11,3.601503e-01,1.135685e-09,2.952726e-10,3.914867e-13,3.999216e-11,2.025337e-01,1.042345e-09,1.107158e-09,2.892299e-13,3.944101e-11,2.302620e-01,7.525855e-10,4.801437e-10,4.709272e-13,2.147112e-11,2.550783e-01,1.136898e-09,5.603028e-10,3.089520e-13,6.726428e-08,3.155500e-01,1.532537e-13,1.203469e-09,1.955461e+02,2.024146e+09,8.125864e-08,4.097933e-01,2.662742e-13,1.550177e-09,1.819020e+02,1.259966e+09,6.642634e-08,3.638830e-01,1.712702e-13,6.913925e-10,1.674601e+02,1.666701e+09,2.550374e-02,2.157610e-03,5.098279e-03,4.083104e-15
157,2.247050e-11,1.216585e-01,8.604659e-10,1.132533e-09,2.528917e-13,3.771777e-11,2.425790e-01,8.417782e-10,9.850569e-10,4.541121e-13,3.829778e-11,1.455784e-01,8.667574e-10,2.793838e-10,2.489459e-13,2.223170e-11,3.307791e-01,8.136463e-10,8.516580e-10,4.765497e-13,6.739479e-08,3.452090e-01,1.689840e-13,1.930601e-09,1.790923e+02,1.707248e+09,7.989094e-08,4.660753e-01,2.971797e-13,9.730336e-10,1.572440e+02,1.198394e+09,6.782445e-08,2.988373e-01,2.438238e-13,6.686063e-10,2.082016e+02,1.412340e+09,5.164098e-03,3.929599e-03,1.960239e-03,1.606042e-15
158,2.154034e-11,1.324906e-01,6.072333e-10,7.714918e-10,1.933127e-13,3.870138e-11,2.438055e-01,1.040080e-09,7.805481e-10,3.861393e-13,3.777716e-11,1.221839e-01,9.914121e-10,6.346981e-10,2.492573e-13,2.119679e-11,1.817614e-01,9.771801e-10,4.358357e-10,2.365651e-13,6.778204e-08,3.786240e-01,1.947699e-13,1.928052e-09,1.642250e+02,1.468392e+09,7.992182e-08,3.821018e-01,1.842581e-13,8.948677e-10,1.918753e+02,1.701547e+09,6.767700e-08,4.211369e-01,2.417939e-13,1.632515e-09,1.474180e+02,1.477037e+09,1.898264e-02,2.473558e-02,3.738963e-03,1.278694e-15
159,2.253749e-11,3.032243e-01,1.008734e-09,1.288917e-09,2.728600e-13,3.928595e-11,1.425963e-01,1.129622e-09,1.124620e-09,2.415727e-13,3.898240e-11,2.552042e-01,1.098907e-09,6.050234e-10,2.015748e-13,2.226742e-11,1.105461e-01,9.735502e-10,4.500645e-10,3.845008e-13,6.643487e-08,3.219017e-01,1.835145e-13,8.674388e-10,1.893239e+02,1.779129e+09,8.367248e-08,5.133425e-01,1.836303e-13,1.986862e-09,1.495230e+02,1.616715e+09,6.916654e-08,4.205291e-01,1.790597e-13,8.425620e-10,1.508803e+02,1.830677e+09,1.538692e-02,2.148077e-03,1.502596e-04,8.368155e-16
160,2.271584e-11,1.178836e-01,8.831011e-10,6.412629e-10,2.919738e-13,3.720974e-11,2.365811e-01,8.841486e-10,8.419776e-10,2.918649e-13,4.068270e-11,2.191348e-01,8.568854e-10,5.316864e-10,1.887912e-13,2.111894e-11,3.861915e-01,1.090535e-09,1.071121e-09,4.773720e-13,6.772244e-08,3.210253e-01,2.123691e-13,1.602816e-09,1.935201e+02,1.661863e+09,8.143560e-08,4.495653e-01,1.885862e-13,9.313660e-10,1.661706e+02,1.535183e+09,6.811647e-08,3.322232e-01,1.390303e-13,7.111288e-10,1.880853e+02,1.877524e+09,9.665347e-04,1.760868e-02,4.189448e-03,7.145137e-16
161,2.190192e-11,3.347331e-01,7.054566e-10,1.020270e-09,2.694777e-13,3.920014e-11,3.910850e-01,8.650146e-10,8.759758e-10,3.446480e-13,3.905537e-11,3.528928e-01,9.122665e-10,7.197477e-10,2.827874e-13,2.172197e-11,1.570062e-01,9.529534e-10,1.076872e-09,4.684752e-13,6.772071e-08,3.530755e-01,1.884631e-13,1.591355e-09,1.759489e+02,1.570967e+09,8.195733e-08,3.572982e-01,2.430080e-13,1.728460e-09,2.104213e+02,1.263125e+09,6.721743e-08,3.484381e-01,1.815908e-13,7.030931e-10,1.769656e+02,1.777955e+09,2.335510e-02,2.838869e-02,5.639955e-03,4.002280e-15
162,2.201900e-11,2.831519e-01,8.374595e-10,1.206094e-09,1.743759e-13,3.910733e-11,3.330237e-01,7.765251e-10,8.007462e-10,1.844186e-13,4.068116e-11,3.660911e-01,1.110898e-09,9.246933e-10,4.260144e-13,2.200181e-11,2.477015e-01,6.247195e-10,1.038134e-09,4.792105e-13,6.935919e-08,3.850004e-01,1.734925e-13,6.673534e-10,1.652630e+02,1.778087e+09,8.038520e-08,5.200813e-01,2.199357e-13,1.467204e-09,1.417874e+02,1.493255e+09,6.641498e-08,3.491089e-01,2.947126e-13,1.566103e-09,1.745170e+02,1.284965e+09,1.843813e-02,2.326565e-02,7.354125e-04,8.193921e-16
163,2.099518e-11,3.944674e-01,8.273430e-10,1.110424e-09,2.148445e-13,3.941502e-11,1.681957e-01,8.981258e-10,2.902841e-10,2.914276e-13,3.907174e-11,2.343527e-01,1.137963e-09,1.091157e-09,4.437990e-13,2.126682e-11,2.572844e-01,1.085557e-09,1.010872e-09,2.889340e-13,6.898295e-08,4.424364e-01,1.568039e-13,1.617622e-09,1.430289e+02,1.723756e+09,8.175626e-08,3.974152e-01,1.655203e-13,6.818609e-10,1.887162e+02,1.512614e+09,6.746163e-08,3.576795e-01,3.106261e-13,7.058689e-10,1.730197e+02,1.267439e+09,7.065121e-03,3.701882e-03,5.686800e-03,1.070025e-15
164,2.225254e-11,1.269982e-01,9.307549e-10,1.181890e-09,1.812432e-13,4.039042e-11,1.133261e-01,9.645866e-10,4.728682e-10,3.742680e-13,3.847937e-11,1.499030e-01,8.917018e-10,5.967203e-10,3.173529e-13,2.285217e-11,3.390704e-01,1.099004e-09,4.692779e-10,3.461079e-13,6.736405e-08,2.900864e-01,1.891593e-13,7.606079e-10,2.130264e+02,1.570049e+09,8.057699e-08,5.501235e-01,3.257037e-13,1.561177e-09,1.343642e+02,1.098809e+09,6.725993e-08,3.258865e-01,1.744900e-13,1.385326e-09,1.893315e+02,1.979858e+09,2.909952e-02,1.656371e-03,4.788225e-03,3.841078e-15
165,2.141657e-11,1.939572e-01,1.163887e-09,7.992622e-10,4.703270e-13,3.723363e-11,2.915685e-01,8.805459e-10,1.020030e-09,3.442894e-13,3.991716e-11,2.575045e-01,6.228998e-10,1.020421e-09,3.021777e-13,2.222317e-11,1.622382e-01,7.133617e-10,2.803963e-10,3.782483e-13,6.840488e-08,3.111212e-01,1.575930e-13,1.706503e-09,2.016927e+02,1.856130e+09,8.297992e-08,3.829958e-01,2.078894e-13,6.262172e-10,1.987521e+02,1.288138e+09,6.850430e-08,4.475337e-01,1.240957e-13,1.711551e-09,1.404187e+02,2.059069e+09,1.311744e-03,7.284352e-03,7.628279e-04,3.904175e-15
166,2.277001e-11,1.887430e-01,8.648721e-10,8.748142e-10,2.396506e-13,3.962496e-11,3.159074e-01,9.053499e-10,8.587958e-10,5.285046e-13,3.848864e-11,2.867738e-01,8.959380e-10,1.028228e-09,3.848940e-13,2.306415e-11,2.825751e-01,9.947407e-10,1.194977e-09,3.505417e-13,6.865133e-08,3.485551e-01,2.136671e-13,1.072166e-09,1.806801e+02,1.437340e+09,8.356095e-08,3.929809e-01,1.587490e-13,1.645561e-09,1.950584e+02,1.607949e+09,6.911168e-08,3.993285e-01,2.317012e-13,7.152315e-10,1.587647e+02,1.345569e+09,9.503936e-03,1.264047e-03,2.507771e-03,4.711048e-15
167,2.232839e-11,3.266005e-01,7.626911e-10,3.105725e-10,1.938012e-13,3.709335e-11,2.525506e-01,1.028776e-09,8.070637e-10,4.021169e-13,3.710642e-11,1.437770e-01,1.199989e-09,1.150506e-09,4.989137e-13,2.091223e-11,1.207524e-01,7.577231e-10,6.889776e-10,2.291473e-13,6.840837e-08,3.976590e-01,2.008596e-13,1.205757e-09,1.578088e+02,1.561273e+09,8.126499e-08,3.519630e-01,2.747779e-13,7.386394e-10,2.118065e+02,1.242604e+09,6.730199e-08,4.728122e-01,1.562704e-13,9.145299e-10,1.305786e+02,1.700213e+09,1.158865e-02,2.031203e-02,1.856099e-04,3.246811e-15
168,2.182862e-11,3.362370e-01,1.194015e-09,6.270618e-10,2.881026e-13,3.932569e-11,3.700658e-01,6.680841e-10,6.492658e-10,4.982871e-13,3.804968e-11,2.141918e-01,7.794948e-10,9.529203e-10,2.867548e-13,2.308239e-11,2.974505e-01,1.123765e-09,7.110971e-10,2.358410e-13,6.924084e-08,3.364081e-01,2.908197e-13,1.155266e-09,1.888116e+02,1.217863e+09,8.106851e-08,3.711832e-01,2.291198e-13,1.512547e-09,2.003534e+02,1.402059e+09,6.909006e-08,3.903959e-01,1.841616e-13,5.851886e-10,1.623466e+02,1.557649e+09,4.738066e-04,1.627996e-02,1.913782e-03,1.648094e-15
169,2.249404e-11,1.601552e-01,1.156669e-09,9.735111e-10,3.172933e-13,3.788786e-11,1.162167e-01,8.556430e-10,8.484794e-10,3.007987e-13,3.918099e-11,3.120522e-01,1.101811e-09,4.896697e-10,4.749876e-13,2.259885e-11,3.995700e-01,1.126433e-09,1.115772e-09,3.707950e-13,6.794436e-08,4.010583e-01,1.355955e-13,7.649441e-10,1.554099e+02,2.041270e+09,8.039880e-08,5.224938e-01,1.799929e-13,1.940774e-09,1.411566e+02,1.518957e+09,6.931801e-08,3.713030e-01,2.868982e-13,1.303752e-09,1.712578e+02,1.248981e+09,3.655545e-03,1.113009e-02,1.183332e-03,2.442908e-15
170,2.145257e-11,2.070134e-01,7.006218e-10,6.257497e-10,2.513432e-13,4.001704e-11,2.543397e-01,6.759789e-10,5.216115e-10,2.567838e-13,3.809518e-11,1.388534e-01,8.152103e-10,2.990250e-10,4.638394e-13,2.255867e-11,2.405832e-01,7.851142e-10,6.368468e-10,4.955048e-13,6.743827e-08,3.797212e-01,2.077449e-13,8.165396e-10,1.629200e+02,1.567902e+09,8.222564e-08,5.302145e-01,2.504867e-13,1.933489e-09,1.422618e+02,1.318365e+09,6.696418e-08,3.208798e-01,1.778898e-13,1.962815e-09,1.914401e+02,1.831694e+09,2.849522e-02,3.222819e-03,3.619724e-03,4.172106e-15
171,2.180684e-11,2.771581e-01,8.085944e-10,7.900111e-10,2.903583e-13,3.953917e-11,1.760369e-01,8.816496e-10,6.701280e-10,1.995232e-13,3.815543e-11,2.160965e-01,1.165523e-09,1.035337e-09,2.619347e-13,2.260976e-11,3.207537e-01,7.571067e-10,9.324959e-10,1.683212e-13,6.934578e-08,3.120496e-01,1.838061e-13,1.355856e-09,2.038586e+02,1.517456e+09,8.196164e-08,4.901427e-01,2.348031e-13,1.749352e-09,1.533984e+02,1.364785e+09,6.923813e-08,3.179940e-01,1.687640e-13,1.735039e-09,1.997373e+02,1.632931e+09,1.607126e-02,7.975281e-03,3.736080e-03,4.194463e-15
172,2.307779e-11,1.123730e-01,7.779972e-10,1.256958e-09,4.283293e-13,3.985422e-11,1.224584e-01,6.999032e-10,3.308751e-10,1.963581e-13,4.015244e-11,3.890765e-01,9.168197e-10,3.525645e-10,3.651612e-13,2.238783e-11,1.234124e-01,8.069458e-10,4.318824e-10,2.140876e-13,6.799109e-08,4.491920e-01,1.836330e-13,1.915791e-09,1.388522e+02,1.627387e+09,8.435950e-08,4.596738e-01,1.421490e-13,1.777859e-09,1.683515e+02,1.605331e+09,6.763418e-08,3.942592e-01,1.736441e-13,1.585800e-09,1.573682e+02,1.572014e+09,1.767343e-02,3.533997e-03,3.796269e-03,3.010880e-15
173,2.291435e-11,1.007104e-01,9.103494e-10,7.019228e-10,3.114370e-13,3.710172e-11,1.989863e-01,1.008797e-09,1.214401e-09,2.637786e-13,3.929060e-11,1.240815e-01,1.117486e-09,8.182448e-10,4.229454e-13,2.297662e-11,1.472824e-01,9.340359e-10,1.260593e-09,4.576544e-13,6.673776e-08,2.925195e-01,1.790564e-13,1.391901e-09,2.092905e+02,1.546479e+09,7.980141e-08,3.778557e-01,2.533575e-13,1.510461e-09,1.937391e+02,1.242313e+09,6.901324e-08,4.493780e-01,1.486287e-13,1.931453e-09,1.408813e+02,1.995003e+09,1.478500e-02,1.690242e-02,4.764943e-03,2.649674e-15
174,2.090652e-11,1.260424e-01,7.887323e-10,3.939855e-10,3.398731e-13,3.710140e-11,1.777406e-01,7.204973e-10,4.496554e-10,2.888081e-13,3.882469e-11,1.116208e-01,8.024693e-10,5.146547e-10,2.795273e-13,2.113022e-11,3.593784e-01,8.876286e-10,6.039801e-10,4.008578e-13,6.817618e-08,4.065279e-01,1.740959e-13,7.642859e-10,1.538420e+02,1.630308e+09,7.994630e-08,4.477070e-01,1.600428e-13,1.419016e-09,1.638088e+02,1.577926e+09,6.882155e-08,4.238629e-01,1.738739e-13,1.737823e-09,1.489470e+02,1.912164e+09,2.906477e-02,3.782696e-03,2.108437e-03,1.527133e-15
175,2.301714e-11,3.147260e-01,7.864730e-10,1.103200e-09,4.633990e-13,4.082074e-11,2.038543e-01,9.210289e-10,1.126674e-09,3.109196e-13,3.760255e-11,3.381345e-01,1.027895e-09,8.049869e-10,2.354904e-13,2.216474e-11,2.123014e-01,9.041637e-10,1.178993e-09,5.007772e-13,6.916521e-08,3.970414e-01,1.549270e-13,9.615837e-10,1.598029e+02,2.018654e+09,8.308619e-08,3.511645e-01,1.523261e-13,8.175530e-10,2.170456e+02,1.551377e+09,6.721810e-08,3.851350e-01,1.822608e-13,1.867535e-09,1.601054e+02,1.776747e+09,1.473330e-02,3.184427e-03,3.836521e-04,4.643194e-15
176,2.170334e-11,2.694168e-01,7.511447e-10,6.081113e-10,3.313219e-13,3.840591e-11,3.585748e-01,1.139490e-09,1.021536e-09,3.707997e-13,4.026672e-11,1.241378e-01,7.114763e-10,1.029285e-09,4.834034e-13,2.263264e-11,3.774921e-01,1.133516e-09,9.261381e-10,4.688344e-13,6.953493e-08,4.107657e-01,2.804453e-13,7.424674e-10,1.552893e+02,1.289387e+09,8.347958e-08,4.445592e-01,1.577569e-13,7.482123e-10,1.722596e+02,1.593142e+09,6.979495e-08,3.646342e-01,1.237463e-13,1.009039e-09,1.755898e+02,1.873787e+09,2.205571e-02,2.472319e-02,2.924292e-03,3.366109e-15
177,2.266940e-11,3.212240e-01,1.076175e-09,9.151123e-10,2.913678e-13,4.025860e-11,1.045210e-01,1.134090e-09,8.608706e-10,3.975418e-13,3.719387e-11,3.747249e-01,1.029663e-09,2.940212e-10,4.519313e-13,2.250377e-11,2.290261e-01,6.465364e-10,3.263116e-10,4.134865e-13,6.978515e-08,3.412344e-01,2.006532e-13,7.987746e-10,1.876043e+02,1.588773e+09,7.976049e-08,5.387300e-01,2.090896e-13,1.455683e-09,1.358155e+02,1.339593e+09,6.675323e-08,4.179751e-01,2.616167e-13,1.493169e-09,1.465058e+02,1.341667e+09,3.136593e-03,2.616862e-02,1.164352e-04,2.348974e-15
178,2.184118e-11,2.873884e-01,6.618216e-10,4.594889e-10,3.292259e-13,3.821734e-11,1.644948e-01,7.101177e-10,1.112094e-09,3.763309e-13,3.982855e-11,2.367807e-01,7.899511e-10,7.413145e-10,4.363462e-13,2.105241e-11,2.319250e-01,1.155254e-09,1.076494e-09,3.947837e-13,6.874151e-08,3.933361e-01,2.333156e-13,6.945579e-10,1.603201e+02,1.361342e+09,8.040340e-08,3.674114e-01,3.264666e-13,1.648527e-09,2.007495e+02,1.091763e+09,6.729538e-08,3.252678e-01,1.434890e-13,1.580184e-09,1.897916e+02,1.955481e+09,6.042547e-03,1.378961e-02,5.201194e-03,3.734566e-15
179,2.272670e-11,3.568328e-01,7.318926e-10,5.869125e-10,4.633102e-13,3.766312e-11,1.225945e-01,6.778541e-10,9.066918e-10,4.164563e-13,3.827202e-11,1.359504e-01,1.067848e-09,4.338332e-10,1.802239e-13,2.267725e-11,3.839355e-01,7.183145e-10,3.368496e-10,3.829219e-13,6.973737e-08,3.234980e-01,1.880473e-13,1.061233e-09,1.977546e+02,1.805459e+09,8.335080e-08,4.574591e-01,1.203264e-13,1.280024e-09,1.671438e+02,1.745672e+09,6.669894e-08,4.032912e-01,1.180066e-13,5.693389e-10,1.517165e+02,1.987388e+09,7.797615e-03,7.114487e-03,1.238681e-03,3.138057e-15
180,2.238820e-11,3.677149e-01,7.114452e-10,8.792199e-10,3.827032e-13,3.878598e-11,1.540218e-01,1.040221e-09,1.007725e-09,3.411347e-13,3.848239e-11,2.588658e-01,9.871409e-10,8.712853e-10,2.441360e-13,2.238016e-11,1.814723e-01,1.086810e-09,2.780643e-10,2.510365e-13,6.607923e-08,4.548839e-01,1.941445e-13,9.140604e-10,1.332592e+02,1.814833e+09,8.029039e-08,4.159007e-01,3.118406e-13,1.883064e-09,1.770951e+02,1.085749e+09,6.863596e-08,4.329503e-01,2.008603e-13,6.217071e-10,1.454274e+02,1.618481e+09,7.264081e-04,1.159060e-02,5.603303e-03,5.631321e-16
181,2.280783e-11,3.316235e-01,1.000049e-09,1.189781e-09,2.287265e-13,3.822792e-11,1.872849e-01,1.181599e-09,1.232371e-09,4.983821e-13,3.902223e-11,2.696410e-01,6.983892e-10,6.115032e-10,4.232648e-13,2.229591e-11,3.911023e-01,6.689941e-10,2.880189e-10,3.518485e-13,6.989511e-08,2.993301e-01,1.497205e-13,1.587789e-09,2.142048e+02,2.051703e+09,8.089058e-08,4.361897e-01,1.496342e-13,1.742251e-09,1.701200e+02,1.771307e+09,6.897417e-08,4.207223e-01,1.152360e-13,1.608208e-09,1.503916e+02,2.030665e+09,9.784801e-03,2.153437e-02,2.089499e-04,1.180260e-15
182,2.224897e-11,1.793499e-01,7.840649e-10,6.798706e-10,2.627101e-13,3.825797e-11,1.986648e-01,7.010835e-10,5.009113e-10,2.801842e-13,3.814275e-11,3.620522e-01,7.563029e-10,9.264572e-10,4.824226e-13,2.308437e-11,3.117878e-01,1.183397e-09,1.065351e-09,1.746941e-13,6.772337e-08,3.343261e-01,1.908897e-13,9.565536e-10,1.858237e+02,1.604135e+09,8.352853e-08,3.660389e-01,1.438894e-13,1.004262e-09,2.093342e+02,1.769367e+09,6.703291e-08,4.251116e-01,1.796798e-13,1.039524e-09,1.446498e+02,1.889591e+09,3.039589e-03,1.308047e-02,1.849635e-03,4.480804e-15
183,2.161055e-11,1.135557e-01,9.374952e-10,3.423490e-10,4.158643e-13,3.746645e-11,1.317558e-01,9.443198e-10,7.898678e-10,4.763254e-13,3.739264e-11,1.798960e-01,1.044149e-09,9.003594e-10,4.470883e-13,2.244526e-11,3.328310e-01,1.067839e-09,5.649991e-10,3.431670e-13,6.903048e-08,3.994907e-01,1.660785e-13,1.486990e-09,1.585137e+02,2.049357e+09,8.048038e-08,3.309326e-01,2.020042e-13,1.775909e-09,2.230916e+02,1.483270e+09,6.942914e-08,3.734140e-01,1.617643e-13,1.646006e-09,1.705627e+02,1.912591e+09,6.199247e-03,2.707857e-04,1.053521e-04,2.817886e-15
184,2.164508e-11,3.136609e-01,9.386110e-10,1.051777e-09,4.236766e-13,3.851223e-11,1.640902e-01,6.577750e-10,5.600215e-10,1.939223e-13,3.885675e-11,2.333943e-01,1.180683e-09,3.146985e-10,2.049874e-13,2.141689e-11,2.857566e-01,7.267134e-10,5.060551e-10,1.693716e-13,6.898967e-08,3.707199e-01,1.696122e-13,1.325388e-09,1.707147e+02,1.996251e+09,8.098536e-08,3.670050e-01,1.628083e-13,8.635725e-10,2.024265e+02,1.652759e+09,6.866069e-08,3.216764e-01,2.190084e-13,1.555945e-09,1.958040e+02,1.597390e+09,1.273237e-02,2.823824e-02,6.461883e-04,2.718540e-15
185,2.137218e-11,2.573100e-01,1.146316e-09,7.198953e-10,3.508794e-13,3.761872e-11,3.585646e-01,9.849545e-10,3.896496e-10,2.644397e-13,3.996195e-11,1.798597e-01,7.461802e-10,9.386490e-10,4.996815e-13,2.180065e-11,1.558018e-01,6.053308e-10,1.232227e-09,4.222018e-13,6.874824e-08,3.373601e-01,1.443752e-13,1.068469e-09,1.869393e+02,2.039559e+09,8.445252e-08,3.733262e-01,1.797076e-13,6.868348e-10,2.075185e+02,1.433520e+09,6.668027e-08,4.255729e-01,2.192865e-13,6.864144e-10,1.437329e+02,1.565494e+09,7.011774e-03,2.792898e-02,1.107547e-04,3.200342e-15
186,2.238909e-11,3.578479e-01,1.076240e-09,1.266132e-09,4.843548e-13,3.922275e-11,1.632509e-01,1.148680e-09,3.881240e-10,3.560447e-13,3.745059e-11,3.714625e-01,9.665156e-10,1.054425e-09,5.244418e-13,2.148083e-11,1.663972e-01,1.126942e-09,1.007512e-09,4.140870e-13,6.667479e-08,2.944069e-01,1.356393e-13,5.170065e-10,2.077526e+02,1.884254e+09,8.377534e-08,3.796824e-01,2.991620e-13,1.687838e-09,2.024084e+02,1.096961e+09,6.680317e-08,2.912088e-01,1.936021e-13,5.473071e-10,2.104385e+02,1.617367e+09,2.581433e-02,2.722671e-03,1.932081e-03,4.683286e-15
187,2.306904e-11,3.012725e-01,6.917847e-10,4.466335e-10,3.748444e-13,4.033054e-11,2.077459e-01,7.933027e-10,5.226184e-10,2.558368e-13,4.035142e-11,2.756807e-01,6.478720e-10,2.710368e-10,2.153924e-13,2.206169e-11,1.084429e-01,7.669666e-10,6.065343e-10,5.287694e-13,6.892975e-08,4.070968e-01,2.762134e-13,1.206162e-09,1.553251e+02,1.231552e+09,8.066296e-08,4.239530e-01,3.070373e-13,8.922060e-10,1.745377e+02,1.104438e+09,6.685110e-08,3.735794e-01,1.608607e-13,5.494294e-10,1.641566e+02,1.761618e+09,2.339558e-02,8.676385e-03,1.633202e-03,2.139512e-15
188,2.118365e-11,2.885076e-01,1.137752e-09,1.022702e-09,3.360048e-13,3.978806e-11,3.486852e-01,7.689036e-10,8.705377e-10,4.231927e-13,4.043839e-11,3.266697e-01,6.018179e-10,7.059262e-10,2.232408e-13,2.155146e-11,3.073347e-01,1.181526e-09,5.897173e-10,3.989572e-13,6.801631e-08,3.449328e-01,2.612688e-13,7.073944e-10,1.808886e+02,1.264961e+09,7.966186e-08,3.888354e-01,3.214310e-13,1.274736e-09,1.879392e+02,1.138234e+09,6.898423e-08,4.021090e-01,1.966940e-13,1.135169e-09,1.573761e+02,1.655601e+09,3.518291e-03,7.671678e-03,2.591611e-03,2.293216e-15
189,2.247806e-11,2.835330e-01,1.098934e-09,8.216713e-10,3.473922e-13,3.996497e-11,1.269242e-01,9.860955e-10,6.928735e-10,2.402949e-13,3.889245e-11,3.972639e-01,6.755823e-10,9.147111e-10,4.800510e-13,2.237460e-11,2.126302e-01,6.580343e-10,4.362992e-10,4.958432e-13,6.856314e-08,4.616987e-01,1.478307e-13,9.468947e-10,1.362275e+02,1.967899e+09,8.037131e-08,3.706784e-01,2.592339e-13,1.440710e-09,1.989008e+02,1.268571e+09,6.795582e-08,3.609905e-01,2.198893e-13,1.878745e-09,1.726886e+02,1.457007e+09,2.594181e-02,1.952560e-02,4.265096e-03,4.448178e-15
190,2.091054e-11,1.660678e-01,7.715283e-10,3.657881e-10,4.720431e-13,3.815814e-11,1.156602e-01,1.088340e-09,2.762875e-10,5.069715e-13,3.982757e-11,2.757315e-01,6.462291e-10,7.427836e-10,2.140171e-13,2.159780e-11,2.184881e-01,8.795389e-10,4.411715e-10,2.562267e-13,6.852737e-08,3.224278e-01,1.737377e-13,6.688894e-10,1.949684e+02,1.953457e+09,8.433266e-08,4.415799e-01,1.811585e-13,1.501786e-09,1.751940e+02,1.511789e+09,6.878035e-08,4.061564e-01,2.582679e-13,8.313084e-10,1.553473e+02,1.276232e+09,1.152905e-02,1.128958e-02,4.784482e-03,3.011539e-15
191,2.245912e-11,3.089421e-01,1.080123e-09,6.373008e-10,1.944262e-13,3.768446e-11,1.651489e-01,1.048450e-09,9.505069e-10,4.575755e-13,3.958267e-11,1.100716e-01,8.103789e-10,5.275854e-10,5.257740e-13,2.189479e-11,1.819216e-01,6.030256e-10,7.809019e-10,2.534137e-13,6.606383e-08,3.657364e-01,2.706099e-13,5.419032e-10,1.657022e+02,1.371823e+09,8.166497e-08,5.570207e-01,2.851182e-13,1.628332e-09,1.344922e+02,1.084879e+09,6.622892e-08,4.093609e-01,1.378809e-13,1.795287e-09,1.484137e+02,1.868437e+09,1.903235e-02,1.251627e-02,2.538173e-03,3.904972e-15
192,2.262604e-11,3.707442e-01,7.950830e-10,5.876853e-10,3.640295e-13,4.047232e-11,3.431602e-01,8.001008e-10,9.583651e-10,4.203961e-13,4.050605e-11,1.746738e-01,9.861068e-10,1.051618e-09,5.055576e-13,2.181806e-11,3.789733e-01,1.036802e-09,1.223213e-09,5.212509e-13,6.963413e-08,3.721372e-01,2.442179e-13,1.216023e-09,1.716532e+02,1.276625e+09,7.974525e-08,3.953508e-01,1.602807e-13,1.401206e-09,1.850355e+02,1.653927e+09,6.637981e-08,3.643559e-01,1.255191e-13,1.039466e-09,1.671256e+02,1.911173e+09,1.603692e-02,2.400993e-02,3.920252e-04,1.032332e-15
193,2.279894e-11,1.168156e-01,9.238141e-10,1.185689e-09,2.375471e-13,3.812529e-11,2.089440e-01,6.877363e-10,1.059353e-09,2.248976e-13,3.792830e-11,2.968483e-01,1.111181e-09,8.362732e-10,5.152359e-13,2.201153e-11,2.564591e-01,8.118476e-10,1.147095e-09,4.697563e-13,6.649402e-08,2.886054e-01,1.248676e-13,1.641684e-09,2.113542e+02,1.935014e+09,8.031699e-08,4.731159e-01,2.128294e-13,6.263435e-10,1.557301e+02,1.456510e+09,6.791930e-08,2.991598e-01,1.634797e-13,1.188171e-09,2.082680e+02,1.747626e+09,2.462113e-02,1.018794e-02,4.962555e-03,1.751611e-15
194,2.124009e-11,3.384412e-01,1.043821e-09,5.773216e-10,4.175878e-13,3.972579e-11,3.479174e-01,1.010102e-09,3.729571e-10,4.028000e-13,3.831612e-11,3.164798e-01,1.029791e-09,6.537075e-10,5.275842e-13,2.291071e-11,2.684984e-01,1.035936e-09,1.202196e-09,3.684994e-13,6.875116e-08,3.232782e-01,1.579625e-13,1.805671e-09,1.950906e+02,1.699594e+09,8.322192e-08,5.128718e-01,1.709768e-13,1.509750e-09,1.488544e+02,1.425358e+09,6.927681e-08,4.242808e-01,1.446041e-13,1.620354e-09,1.497846e+02,1.755439e+09,1.141384e-02,2.549402e-02,2.404237e-03,3.856713e-15
195,2.093520e-11,3.779267e-01,9.825254e-10,1.000417e-09,1.829821e-13,3.734743e-11,1.655801e-01,6.209860e-10,6.470583e-10,3.652308e-13,3.769462e-11,3.348128e-01,8.112380e-10,8.115211e-10,2.554747e-13,2.304838e-11,1.448860e-01,1.063607e-09,4.770993e-10,2.787672e-13,6.806240e-08,3.170337e-01,1.748077e-13,1.711273e-09,1.969403e+02,1.587022e+09,8.415485e-08,4.666588e-01,2.965863e-13,1.578961e-09,1.654293e+02,1.097996e+09,6.980725e-08,3.883720e-01,2.220712e-13,8.888864e-10,1.648866e+02,1.507268e+09,1.041277e-02,1.759379e-02,5.687121e-03,2.722022e-15
196,2.240045e-11,3.358568e-01,9.753244e-10,4.062198e-10,1.912964e-13,3.771520e-11,3.233631e-01,8.480180e-10,1.051461e-09,2.965174e-13,3.805863e-11,1.700045e-01,9.439633e-10,7.050591e-10,2.733063e-13,2.205144e-11,3.721326e-01,9.969110e-10,8.701329e-10,3.841913e-13,6.959705e-08,3.328435e-01,1.858960e-13,1.062991e-09,1.918154e+02,1.506574e+09,8.302585e-08,4.535405e-01,2.975764e-13,1.509087e-09,1.679307e+02,1.178856e+09,6.861491e-08,4.011403e-01,2.281162e-13,1.096777e-09,1.569116e+02,1.351170e+09,2.726444e-02,8.223477e-03,3.948584e-03,3.895429e-15
197,2.281550e-11,2.969762e-01,7.729079e-10,6.934281e-10,3.871138e-13,3.736994e-11,2.820576e-01,6.117201e-10,1.117195e-09,3.498949e-13,3.794732e-11,1.137948e-01,7.149086e-10,1.069426e-09,3.024683e-13,2.116964e-11,3.203143e-01,1.155066e-09,4.781591e-10,2.344440e-13,6.658587e-08,4.263867e-01,1.548477e-13,5.606095e-10,1.432554e+02,1.932856e+09,8.005837e-08,3.481572e-01,1.946636e-13,6.375159e-10,2.109425e+02,1.565331e+09,6.842129e-08,3.484425e-01,2.344949e-13,1.217499e-09,1.801328e+02,1.333484e+09,2.213585e-02,1.913665e-02,1.220774e-03,4.481518e-15
198,2.300686e-11,1.602585e-01,1.095962e-09,9.362235e-10,4.767228e-13,3.936240e-11,2.701875e-01,9.788171e-10,1.267376e-09,4.485654e-13,3.952147e-11,1.150040e-01,8.754330e-10,6.480415e-10,3.534678e-13,2.093471e-11,1.688138e-01,9.650458e-10,4.261911e-10,2.476157e-13,6.657873e-08,2.818272e-01,2.121481e-13,1.449774e-09,2.167132e+02,1.526942e+09,8.275959e-08,4.158914e-01,1.428260e-13,1.372245e-09,1.825455e+02,1.724496e+09,6.765580e-08,3.220560e-01,1.208924e-13,1.106508e-09,1.927109e+02,2.025768e+09,2.022384e-02,5.633248e-04,4.419484e-03,1.599516e-15
199,2.251086e-11,1.377551e-01,8.337716e-10,1.094908e-09,1.934794e-13,4.050703e-11,2.917660e-01,7.907788e-10,4.966828e-10,3.641966e-13,4.094021e-11,2.940894e-01,6.707765e-10,9.804620e-10,2.802518e-13,2.127255e-11,2.902734e-01,9.031500e-10,3.226551e-10,2.523346e-13,6.626358e-08,4.291356e-01,3.194394e-13,6.424899e-10,1.416489e+02,1.237167e+09,8.260507e-08,4.314566e-01,2.514834e-13,1.439986e-09,1.756314e+02,1.162594e+09,6.838420e-08,2.935371e-01,2.066014e-13,1.374666e-09,2.137103e+02,1.653493e+09,8.424326e-03,2.073957e-02,7.218003e-04,8.214430e-16
200,2.250806e-11,1.095104e-01,9.982943e-10,1.179112e-09,2.676771e-13,3.852051e-11,2.891991e-01,9.038807e-10,1.220380e-09,5.204514e-13,4.029674e-11,3.526837e-01,9.494828e-10,1.045228e-09,3.148471e-13,2.144615e-11,3.209572e-01,1.186260e-09,6.762317e-10,1.772331e-13,6.957279e-08,4.461639e-01,2.359309e-13,1.806364e-09,1.430466e+02,1.451372e+09,8.274621e-08,5.308448e-01,2.020140e-13,1.852388e-09,1.429925e+02,1.465891e+09,6.913310e-08,3.128549e-01,2.785800e-13,1.064491e-09,2.027103e+02,1.224631e+09,9.859134e-03,1.459224e-02,1.313322e-03,4.480073e-15
201,2.138224e-11,1.058824e-01,7.498214e-10,7.724394e-10,3.114026e-13,4.017676e-11,2.969861e-01,6.812191e-10,1.029984e-09,2.444255e-13,3.708981e-11,2.730249e-01,7.874340e-10,6.192485e-10,1.819703e-13,2.277931e-11,1.391846e-01,1.042008e-09,4.874912e-10,3.634678e-13,6.926466e-08,3.367601e-01,1.785834e-13,1.914008e-09,1.886791e+02,1.692702e+09,8.305319e-08,4.627086e-01,1.725988e-13,1.625324e-09,1.646575e+02,1.758262e+09,6.648567e-08,3.976619e-01,1.720088e-13,1.467983e-09,1.533723e+02,1.701039e+09,4.702515e-03,1.671731e-02,2.878333e-03,7.445083e-16
202,2.096664e-11,2.188160e-01,7.397165e-10,1.007699e-09,4.202570e-13,3.817466e-11,3.862954e-01,6.206142e-10,1.148862e-09,4.241798e-13,4.081216e-11,1.108849e-01,7.958977e-10,1.173646e-09,2.382120e-13,2.234995e-11,3.149529e-01,1.058705e-09,4.043580e-10,1.723076e-13,6.751437e-08,3.622048e-01,1.855452e-13,1.420194e-09,1.709916e+02,1.668454e+09,8.213352e-08,3.968829e-01,2.047047e-13,1.673614e-09,1.898413e+02,1.305106e+09,6.716068e-08,3.096305e-01,1.384096e-13,9.960405e-10,1.989776e+02,1.797190e+09,2.667187e-02,1.025551e-02,8.536234e-04,1.535917e-15
203,2.097210e-11,2.478542e-01,8.848993e-10,5.873026e-10,2.455698e-13,3.706725e-11,3.597907e-01,1.005928e-09,7.610453e-10,1.933700e-13,3.993102e-11,3.625067e-01,9.477702e-10,2.974968e-10,5.139637e-13,2.155058e-11,3.741019e-01,1.128228e-09,2.983923e-10,4.153237e-13,6.725633e-08,3.524675e-01,2.421262e-13,7.225237e-10,1.750439e+02,1.464974e+09,8.180391e-08,3.903357e-01,3.376946e-13,1.457339e-09,1.922510e+02,1.080889e+09,6.603978e-08,2.883065e-01,1.896864e-13,1.829655e-09,2.101280e+02,1.798257e+09,2.262577e-02,4.934228e-03,5.154826e-03,2.811602e-15
204,2.282465e-11,3.977003e-01,7.225159e-10,1.030367e-09,4.516459e-13,3.958775e-11,1.713938e-01,1.147469e-09,1.169772e-09,3.619634e-13,3.800832e-11,1.323971e-01,8.007599e-10,7.448934e-10,4.527100e-13,2.136984e-11,2.399573e-01,1.155539e-09,5.943088e-10,1.689325e-13,6.888221e-08,3.168223e-01,1.284656e-13,1.544741e-09,1.994454e+02,1.906523e+09,8.191998e-08,4.567541e-01,1.979611e-13,1.023368e-09,1.645281e+02,1.480732e+09,6.755383e-08,3.011160e-01,2.675092e-13,7.499612e-10,2.058017e+02,1.272983e+09,2.834710e-02,2.850585e-02,5.004676e-03,6.712739e-16
205,2.247631e-11,2.300794e-01,6.458894e-10,9.543674e-10,3.307202e-13,3.883037e-11,3.138495e-01,1.074520e-09,5.339973e-10,5.048318e-13,3.980987e-11,3.667815e-01,8.519031e-10,1.249947e-09,4.599675e-13,2.292837e-11,2.977121e-01,7.675291e-10,2.755913e-10,4.803255e-13,6.798873e-08,3.656642e-01,1.359205e-13,1.074544e-09,1.705639e+02,1.804369e+09,8.076712e-08,3.945738e-01,1.778902e-13,1.919593e-09,1.877756e+02,1.725082e+09,6.632713e-08,3.492207e-01,2.523633e-13,8.950986e-10,1.742304e+02,1.456228e+09,4.230796e-03,1.523791e-02,5.531520e-03,3.278060e-15
206,2.166792e-11,3.095714e-01,6.876972e-10,1.012393e-09,3.216971e-13,3.714210e-11,3.109200e-01,6.135145e-10,5.411996e-10,1.718143e-13,3.867898e-11,1.770888e-01,1.080508e-09,5.422068e-10,2.135344e-13,2.122668e-11,1.283279e-01,6.601537e-10,6.859343e-10,4.756235e-13,6.993427e-08,3.951964e-01,1.596894e-13,1.899118e-09,1.623341e+02,1.846089e+09,8.077236e-08,3.890232e-01,2.932270e-13,9.891057e-10,1.904671e+02,1.191509e+09,6.699732e-08,3.441668e-01,2.141853e-13,1.304105e-09,1.785752e+02,1.401268e+09,2.090952e-02,2.825135e-02,2.730995e-03,4.707001e-15
207,2.124031e-11,1.674455e-01,6.146163e-10,5.115254e-10,5.236991e-13,4.015415e-11,1.649288e-01,7.684281e-10,7.862936e-10,2.548410e-13,4.057352e-11,2.964502e-01,9.125400e-10,3.660599e-10,3.773710e-13,2.115596e-11,3.386538e-01,9.128031e-10,7.709362e-10,5.176142e-13,6.938321e-08,3.293907e-01,2.148992e-13,1.846287e-09,1.932305e+02,1.440352e+09,8.432648e-08,4.704599e-01,2.018363e-13,7.935292e-10,1.644274e+02,1.314997e+09,6.654780e-08,3.099018e-01,1.555795e-13,1.221637e-09,1.969892e+02,1.713005e+09,1.786641e-02,9.672962e-03,2.126941e-04,1.919872e-15
208,2.164332e-11,2.356815e-01,8.266958e-10,4.445984e-10,2.680388e-13,4.060093e-11,3.579224e-01,1.110767e-09,5.364842e-10,3.339206e-13,3.772206e-11,2.588579e-01,1.015477e-09,8.703563e-10,4.659376e-13,2.202144e-11,2.662403e-01,6.667201e-10,9.008267e-10,3.505821e-13,6.687459e-08,3.042250e-01,1.875070e-13,1.191920e-09,2.016503e+02,1.785439e+09,8.436599e-08,3.707767e-01,1.687529e-13,1.292213e-09,2.087314e+02,1.719050e+09,6.797425e-08,3.735440e-01,1.483733e-13,1.389646e-09,1.669304e+02,1.868594e+09,2.149854e-02,7.995965e-03,1.143180e-03,2.822937e-15
209,2.183825e-11,3.807173e-01,1.142734e-09,4.452377e-10,3.536929e-13,3.937798e-11,2.024700e-01,8.274104e-10,4.147105e-10,2.167510e-13,3.771009e-11,3.192291e-01,7.392544e-10,1.255830e-09,3.378044e-13,2.137410e-11,1.539113e-01,7.899760e-10,4.164069e-10,4.125170e-13,6.847756e-08,2.955537e-01,1.127663e-13,8.393782e-10,2.125419e+02,2.034930e+09,7.975007e-08,3.714976e-01,1.960020e-13,1.381733e-09,1.969281e+02,1.651249e+09,6.761351e-08,3.093335e-01,2.183745e-13,1.327746e-09,2.005115e+02,1.632300e+09,6.235575e-03,2.934398e-02,2.658840e-03,2.767632e-15
210,2.108735e-11,1.284940e-01,9.056182e-10,5.550708e-10,4.890969e-13,3.799281e-11,3.693999e-01,1.150949e-09,6.090351e-10,1.803645e-13,3.783571e-11,1.255982e-01,1.109766e-09,3.716639e-10,1.841527e-13,2.211249e-11,2.748314e-01,1.060145e-09,6.366041e-10,2.212613e-13,6.835447e-08,3.336573e-01,1.994485e-13,1.161372e-09,1.879312e+02,1.540493e+09,8.165941e-08,3.401832e-01,2.800034e-13,1.859270e-09,2.202045e+02,1.128021e+09,6.635820e-08,4.567753e-01,1.379730e-13,1.864417e-09,1.332677e+02,1.835196e+09,1.812330e-02,2.448160e-03,2.813829e-03,2.478191e-15
211,2.096515e-11,2.613887e-01,1.076106e-09,1.112578e-09,2.946237e-13,3.861083e-11,1.216521e-01,1.053554e-09,5.721987e-10,1.845008e-13,4.026043e-11,1.983027e-01,1.187868e-09,7.200672e-10,3.472212e-13,2.207969e-11,2.312029e-01,6.504303e-10,4.902172e-10,3.312397e-13,6.785942e-08,3.694820e-01,1.611062e-13,8.857744e-10,1.684805e+02,1.957355e+09,8.060073e-08,4.524301e-01,2.808851e-13,1.925790e-09,1.634256e+02,1.153238e+09,6.683419e-08,4.219236e-01,1.727275e-13,8.121370e-10,1.453107e+02,1.972360e+09,2.025379e-02,2.739021e-02,4.834949e-03,4.841683e-15
212,2.186178e-11,3.892269e-01,6.917552e-10,1.146197e-09,2.306751e-13,3.952571e-11,3.021155e-01,1.138820e-09,5.496873e-10,4.812498e-13,3.906741e-11,3.853497e-01,1.051354e-09,4.104526e-10,2.229426e-13,2.113007e-11,1.476363e-01,7.845710e-10,6.849711e-10,1.791952e-13,6.736089e-08,2.901483e-01,2.827450e-13,1.863952e-09,2.129710e+02,1.236983e+09,8.111636e-08,3.476116e-01,2.518703e-13,1.572000e-09,2.140656e+02,1.173946e+09,6.738549e-08,3.560337e-01,3.324883e-13,1.632269e-09,1.736233e+02,1.215299e+09,9.299051e-04,2.819627e-02,5.030782e-03,2.286835e-15
213,2.260321e-11,1.903000e-01,8.576282e-10,8.027877e-10,3.110813e-13,3.726269e-11,1.769446e-01,9.544994e-10,2.804861e-10,4.626103e-13,3.846392e-11,3.747796e-01,9.765700e-10,5.723564e-10,4.007435e-13,2.207029e-11,2.274635e-01,7.499323e-10,4.898978e-10,4.907734e-13,6.891425e-08,3.740853e-01,1.518779e-13,1.075171e-09,1.689939e+02,2.067470e+09,8.387750e-08,3.542995e-01,2.316060e-13,1.352925e-09,2.171739e+02,1.382036e+09,6.702888e-08,3.184001e-01,1.633750e-13,1.182217e-09,1.931174e+02,1.823831e+09,2.826017e-02,6.235519e-03,5.742385e-03,3.512624e-15
214,2.221455e-11,3.457037e-01,8.692238e-10,6.574181e-10,3.213426e-13,4.050649e-11,2.382319e-01,7.387124e-10,1.026463e-09,4.191083e-13,4.058016e-11,2.672901e-01,9.828242e-10,7.919658e-10,1.779794e-13,2.276632e-11,1.073339e-01,1.026112e-09,7.185550e-10,3.665932e-13,6.635268e-08,3.271344e-01,1.720723e-13,7.587696e-10,1.860652e+02,1.809010e+09,8.220499e-08,3.589194e-01,1.644518e-13,9.846671e-10,2.101038e+02,1.757828e+09,6.661690e-08,3.771800e-01,1.669776e-13,1.951309e-09,1.620199e+02,1.763361e+09,1.426739e-02,2.256069e-02,4.067168e-03,2.661496e-15
215,2.233639e-11,1.294919e-01,1.139103e-09,7.682532e-10,3.581576e-13,3.826497e-11,1.519819e-01,9.085959e-10,7.968223e-10,3.445341e-13,4.013595e-11,1.047992e-01,1.127635e-09,1.162703e-09,4.543778e-13,2.237194e-11,2.423716e-01,9.251823e-10,4.788984e-10,2.362466e-13,6.626712e-08,3.062499e-01,1.566114e-13,1.367762e-09,1.984974e+02,1.862553e+09,8.051894e-08,3.989549e-01,3.121676e-13,1.339115e-09,1.851429e+02,1.122836e+09,6.800349e-08,4.064405e-01,2.317527e-13,1.744003e-09,1.534853e+02,1.344737e+09,1.393588e-02,6.411224e-04,1.325878e-03,1.759808e-15
216,2.117901e-11,3.917760e-01,9.847614e-10,7.532788e-10,1.961162e-13,3.713298e-11,1.098395e-01,1.087975e-09,4.772310e-10,3.620740e-13,3.919776e-11,2.524433e-01,9.052039e-10,3.203370e-10,5.115284e-13,2.293232e-11,3.211768e-01,7.525127e-10,3.841903e-10,2.260690e-13,6.717719e-08,3.306005e-01,1.707781e-13,1.742480e-09,1.864022e+02,1.670792e+09,8.301864e-08,4.618034e-01,2.686658e-13,9.742885e-10,1.649116e+02,1.213447e+09,6.888542e-08,3.360383e-01,1.925970e-13,1.262247e-09,1.880491e+02,1.659110e+09,2.648585e-03,1.888616e-02,4.478828e-03,1.851076e-15
217,2.151460e-11,1.344915e-01,7.848043e-10,1.099631e-09,2.806286e-13,3.942905e-11,1.665961e-01,1.179204e-09,7.197085e-10,2.978900e-13,3.796734e-11,3.987082e-01,6.221459e-10,3.738656e-10,5.151344e-13,2.144325e-11,2.481813e-01,1.122475e-09,4.607443e-10,2.867698e-13,6.718528e-08,2.872650e-01,1.667342e-13,1.627503e-09,2.145479e+02,2.023087e+09,8.049543e-08,4.462738e-01,1.870111e-13,1.605969e-09,1.654636e+02,1.424512e+09,6.921329e-08,3.003821e-01,2.292730e-13,1.455302e-09,2.113724e+02,1.463650e+09,1.062938e-02,2.565311e-02,2.043611e-03,2.990169e-15
218,2.289484e-11,3.925424e-01,8.331176e-10,1.234888e-09,3.085562e-13,3.912640e-11,1.047192e-01,1.192623e-09,3.707498e-10,2.012873e-13,3.853516e-11,3.049999e-01,7.096348e-10,7.796313e-10,5.139830e-13,2.264411e-11,1.413835e-01,9.946410e-10,9.797166e-10,4.011448e-13,6.681530e-08,3.188883e-01,2.063905e-13,7.643745e-10,1.922074e+02,1.525178e+09,7.980012e-08,4.939279e-01,1.979864e-13,8.041078e-10,1.482084e+02,1.350249e+09,6.952645e-08,3.776814e-01,1.681247e-13,1.677176e-09,1.688718e+02,1.927866e+09,1.965198e-02,2.584800e-02,3.077822e-03,2.582564e-15
219,2.193892e-11,3.761132e-01,1.076745e-09,6.483498e-10,2.871294e-13,3.847505e-11,1.321052e-01,6.192374e-10,3.040052e-10,3.576446e-13,3.967175e-11,1.156594e-01,9.856247e-10,8.783540e-10,3.051256e-13,2.165214e-11,2.115143e-01,1.071669e-09,1.243851e-09,2.659771e-13,6.900550e-08,3.180964e-01,2.609873e-13,1.094529e-09,1.990021e+02,1.263868e+09,8.216425e-08,3.900760e-01,2.291088e-13,1.999733e-09,1.932263e+02,1.343320e+09,6.832752e-08,3.074907e-01,1.992273e-13,1.406753e-09,2.038433e+02,1.576293e+09,1.798174e-02,1.138114e-02,3.316516e-03,8.694028e-16
220,2.265021e-11,1.067621e-01,8.418410e-10,1.031170e-09,5.195998e-13,3.899934e-11,1.504882e-01,8.087467e-10,4.207008e-10,3.970049e-13,3.751746e-11,2.020417e-01,8.060802e-10,8.367974e-10,3.895014e-13,2.264649e-11,2.702376e-01,7.778401e-10,1.282783e-09,4.364845e-13,6.712862e-08,2.939828e-01,1.782965e-13,1.801071e-09,2.094684e+02,1.635860e+09,8.341087e-08,3.687914e-01,1.579994e-13,7.760756e-10,2.074792e+02,1.665305e+09,6.696703e-08,2.984690e-01,1.299275e-13,8.385363e-10,2.058233e+02,1.925152e+09,2.667762e-02,2.161451e-02,5.966050e-03,3.796453e-15
221,2.209813e-11,1.038209e-01,1.147674e-09,8.181635e-10,2.168087e-13,3.970765e-11,2.006344e-01,9.126226e-10,3.703052e-10,4.716826e-13,3.756476e-11,3.458582e-01,6.265243e-10,8.119732e-10,2.360677e-13,2.180245e-11,1.482577e-01,8.015144e-10,6.487278e-10,3.771150e-13,6.658285e-08,3.056639e-01,2.507141e-13,1.755692e-09,1.998255e+02,1.297374e+09,8.280509e-08,3.998382e-01,2.619827e-13,1.863229e-09,1.899790e+02,1.205649e+09,6.879158e-08,3.222090e-01,1.831238e-13,6.071205e-10,1.958530e+02,1.693512e+09,8.570264e-03,6.144383e-03,4.370998e-03,3.794582e-15
222,2.178370e-11,3.799022e-01,7.719535e-10,1.078056e-09,2.054791e-13,3.907515e-11,1.558228e-01,6.848982e-10,8.771175e-10,3.581691e-13,3.826557e-11,3.064599e-01,9.235528e-10,6.178219e-10,2.626059e-13,2.114708e-11,3.941348e-01,1.034635e-09,9.806255e-10,4.339295e-13,6.725050e-08,3.487344e-01,2.060665e-13,1.597224e-09,1.769023e+02,1.547924e+09,8.031603e-08,3.387255e-01,1.899567e-13,1.467322e-09,2.175139e+02,1.394531e+09,6.700676e-08,2.891357e-01,1.122717e-13,1.431160e-09,2.125933e+02,2.024797e+09,2.472849e-02,1.116314e-02,3.077849e-03,2.394265e-15
223,2.163201e-11,2.396523e-01,6.699117e-10,6.702845e-10,3.553315e-13,3.854449e-11,2.323232e-01,1.004490e-09,8.677568e-10,2.165181e-13,3.747622e-11,3.616286e-01,9.720287e-10,1.234664e-09,5.127767e-13,2.293386e-11,3.543997e-01,1.113152e-09,8.253605e-10,3.934952e-13,6.661378e-08,3.490067e-01,2.143440e-13,1.140552e-09,1.750907e+02,1.541184e+09,8.307750e-08,4.880502e-01,1.608762e-13,1.815770e-09,1.561535e+02,1.809385e+09,6.925322e-08,4.204899e-01,3.156720e-13,1.752647e-09,1.510835e+02,1.240065e+09,2.613661e-02,1.945795e-02,3.100942e-03,1.830676e-15
224,2.300264e-11,1.852278e-01,8.708896e-10,4.537345e-10,5.013151e-13,3.915527e-11,1.210776e-01,6.848187e-10,3.403110e-10,3.189383e-13,4.077113e-11,3.044207e-01,9.941761e-10,5.386024e-10,4.573641e-13,2.137018e-11,2.591043e-01,6.060225e-10,1.162267e-09,4.256722e-13,6.847330e-08,4.598791e-01,1.608974e-13,1.535662e-09,1.365873e+02,1.721295e+09,8.315932e-08,5.401626e-01,2.132268e-13,1.822162e-09,1.412275e+02,1.397857e+09,6.641481e-08,3.565463e-01,2.395635e-13,1.836210e-09,1.708763e+02,1.434844e+09,4.522510e-03,1.989187e-02,1.232555e-03,1.231392e-15
225,2.225387e-11,2.394203e-01,1.052754e-09,4.564707e-10,2.523487e-13,4.043429e-11,1.890942e-01,1.147034e-09,1.040751e-09,4.512500e-13,3.998424e-11,3.385846e-01,9.567261e-10,7.661766e-10,4.771031e-13,2.159099e-11,1.989100e-01,1.178933e-09,8.980172e-10,4.020647e-13,6.707968e-08,3.090368e-01,1.384203e-13,5.709393e-10,1.991194e+02,1.896672e+09,8.249305e-08,4.731634e-01,1.780455e-13,1.139435e-09,1.599333e+02,1.682974e+09,6.639288e-08,3.143418e-01,1.494582e-13,1.291762e-09,1.937547e+02,1.781011e+09,1.298916e-02,2.039874e-02,5.064697e-03,3.956932e-15
226,2.268100e-11,1.388723e-01,1.027688e-09,7.236776e-10,2.750653e-13,3.763392e-11,1.830056e-01,6.785086e-10,5.559429e-10,4.151941e-13,3.848394e-11,2.812129e-01,9.786181e-10,5.199330e-10,2.558089e-13,2.256649e-11,2.563010e-01,6.686461e-10,1.284931e-09,2.056056e-13,6.703459e-08,4.658237e-01,2.212996e-13,9.368579e-10,1.320110e+02,1.522503e+09,8.324487e-08,4.895398e-01,1.219611e-13,1.362822e-09,1.559920e+02,1.775024e+09,6.729033e-08,4.520571e-01,2.865211e-13,1.270976e-09,1.365501e+02,1.291045e+09,1.656586e-02,2.036883e-02,1.752618e-03,2.346384e-15
227,2.104947e-11,3.017500e-01,9.218785e-10,2.887139e-10,2.399765e-13,3.808641e-11,3.347018e-01,1.032875e-09,3.537208e-10,3.797661e-13,3.873925e-11,2.523949e-01,8.578841e-10,3.444210e-10,2.635654e-13,2.205504e-11,1.132731e-01,8.473492e-10,9.873881e-10,5.201062e-13,6.780336e-08,3.608715e-01,2.407329e-13,1.677654e-09,1.723580e+02,1.303789e+09,8.385502e-08,4.040905e-01,2.492765e-13,1.569445e-09,1.903633e+02,1.274030e+09,6.681103e-08,4.129860e-01,2.294996e-13,1.298552e-09,1.484040e+02,1.499685e+09,3.482181e-03,1.970377e-02,3.064483e-03,1.669020e-15
228,2.231253e-11,3.979715e-01,9.007781e-10,5.073744e-10,2.007598e-13,3.839897e-11,3.326268e-01,1.153730e-09,1.260646e-09,4.378459e-13,3.761837e-11,1.211134e-01,6.367804e-10,8.764197e-10,5.130408e-13,2.285729e-11,1.953366e-01,1.141609e-09,9.810179e-10,4.471978e-13,6.981420e-08,3.695890e-01,2.848791e-13,5.913369e-10,1.732836e+02,1.265405e+09,8.211757e-08,4.019239e-01,1.560980e-13,1.012832e-09,1.874239e+02,1.695486e+09,6.644381e-08,4.519159e-01,1.910239e-13,1.001451e-09,1.348745e+02,1.756134e+09,2.105162e-02,2.180138e-02,3.235875e-03,1.029777e-15
229,2.147003e-11,2.239685e-01,1.061446e-09,1.167092e-09,3.854242e-13,4.037846e-11,1.358451e-01,1.067933e-09,3.234982e-10,2.698165e-13,3.714433e-11,2.657321e-01,9.781155e-10,1.013192e-09,4.470272e-13,2.221722e-11,2.584170e-01,1.173108e-09,1.058697e-09,3.757873e-13,6.702285e-08,4.402360e-01,1.453998e-13,1.911223e-09,1.396594e+02,1.996614e+09,8.181255e-08,5.402039e-01,1.419834e-13,1.894159e-09,1.389297e+02,1.777946e+09,6.734984e-08,3.053739e-01,1.453574e-13,1.286031e-09,2.023193e+02,2.020489e+09,2.585685e-02,5.648785e-03,5.993309e-04,4.064169e-15
230,2.170731e-11,2.694866e-01,7.843338e-10,7.404816e-10,4.281062e-13,3.790740e-11,2.942160e-01,6.733716e-10,2.980941e-10,2.479823e-13,4.082143e-11,1.990092e-01,6.113069e-10,4.142131e-10,2.164344e-13,2.112999e-11,3.769578e-01,1.000251e-09,8.907599e-10,4.759327e-13,6.984360e-08,4.256414e-01,1.509556e-13,8.312543e-10,1.505274e+02,1.915260e+09,8.074498e-08,4.447531e-01,1.180641e-13,1.274965e-09,1.665441e+02,1.838464e+09,6.890545e-08,4.368500e-01,3.018577e-13,1.630744e-09,1.446952e+02,1.238676e+09,2.387376e-02,2.989854e-02,5.027998e-03,4.886819e-15
231,2.160878e-11,1.571795e-01,9.509177e-10,4.767153e-10,4.161533e-13,3.710524e-11,1.167677e-01,1.114643e-09,6.077824e-10,3.546580e-13,3.869891e-11,3.956420e-01,8.622253e-10,5.957840e-10,2.377180e-13,2.296821e-11,3.578619e-01,1.031191e-09,1.107109e-09,4.838980e-13,6.971215e-08,3.156891e-01,2.244858e-13,1.695067e-09,2.025730e+02,1.468213e+09,8.047489e-08,3.996037e-01,2.363371e-13,1.761045e-09,1.847412e+02,1.401650e+09,6.977542e-08,3.644785e-01,1.779081e-13,1.642586e-09,1.756157e+02,1.680172e+09,1.849636e-02,1.945981e-02,2.719714e-03,1.622852e-15
232,2.285337e-11,2.296818e-01,6.539192e-10,7.274585e-10,2.809577e-13,3.753775e-11,1.133872e-01,7.348957e-10,1.137817e-09,2.318729e-13,3.755078e-11,2.954010e-01,6.321598e-10,4.427892e-10,3.824004e-13,2.191358e-11,1.796421e-01,1.077820e-09,7.968239e-10,1.765683e-13,6.869965e-08,4.095060e-01,2.665941e-13,1.773879e-09,1.538959e+02,1.266871e+09,7.989282e-08,3.762751e-01,1.691645e-13,1.700806e-09,1.947758e+02,1.824550e+09,6.744898e-08,3.358717e-01,2.804010e-13,1.862781e-09,1.842191e+02,1.234784e+09,1.339079e-02,1.529216e-02,1.044578e-03,3.266703e-15
233,2.244249e-11,2.833632e-01,8.464702e-10,7.927761e-10,4.379871e-13,4.070040e-11,2.418574e-01,6.006079e-10,6.101273e-10,4.257124e-13,4.020717e-11,1.730088e-01,6.952484e-10,9.826809e-10,2.009472e-13,2.108879e-11,1.799653e-01,1.198834e-09,3.211406e-10,5.221677e-13,6.880513e-08,4.409625e-01,2.144687e-13,9.782825e-10,1.431370e+02,1.378825e+09,8.256028e-08,3.632016e-01,1.657977e-13,1.763858e-09,2.085241e+02,1.809417e+09,6.975285e-08,4.277977e-01,1.260671e-13,7.211404e-10,1.495741e+02,2.010879e+09,2.540304e-02,5.196127e-03,1.679043e-03,1.042771e-15
234,2.302873e-11,1.234890e-01,6.399262e-10,1.004795e-09,3.071477e-13,3.982774e-11,2.843150e-01,1.091551e-09,5.029845e-10,2.698140e-13,3.851812e-11,3.209469e-01,1.069749e-09,1.255627e-09,2.978063e-13,2.229484e-11,2.314601e-01,1.054752e-09,1.201620e-09,3.838106e-13,6.839190e-08,4.360711e-01,1.773577e-13,1.201829e-09,1.438733e+02,1.863056e+09,8.083037e-08,4.252311e-01,2.333635e-13,7.173122e-10,1.743742e+02,1.399854e+09,6.930186e-08,4.799462e-01,1.772001e-13,1.048197e-09,1.324601e+02,1.613824e+09,6.268176e-03,2.539428e-02,3.777037e-03,2.682435e-15
235,2.245880e-11,2.158887e-01,1.009700e-09,8.470462e-10,5.257061e-13,3.814347e-11,1.525213e-01,8.379392e-10,1.199987e-09,3.668360e-13,3.774894e-11,1.684492e-01,9.012858e-10,1.009925e-09,1.732061e-13,2.296008e-11,3.955832e-01,6.565201e-10,6.953575e-10,5.210525e-13,6.984973e-08,3.020885e-01,1.682338e-13,8.256668e-10,2.121110e+02,1.927425e+09,8.022303e-08,3.444538e-01,1.332968e-13,1.422219e-09,2.136490e+02,1.669409e+09,6.636253e-08,3.065795e-01,1.607047e-13,1.893895e-09,1.985695e+02,1.891140e+09,1.107228e-02,2.785640e-02,4.717270e-03,1.598943e-15
236,2.274356e-11,3.361628e-01,6.118934e-10,9.788161e-10,3.824979e-13,3.942854e-11,3.654859e-01,1.132058e-09,4.741503e-10,4.150818e-13,3.796191e-11,3.517751e-01,8.172518e-10,8.447239e-10,4.543213e-13,2.251000e-11,2.408629e-01,7.790286e-10,4.652843e-10,2.731915e-13,6.786305e-08,3.945045e-01,1.619091e-13,8.073837e-10,1.578026e+02,1.688361e+09,8.018549e-08,3.710434e-01,2.573214e-13,8.206955e-10,1.982457e+02,1.197607e+09,6.672274e-08,4.093349e-01,1.688699e-13,7.771179e-10,1.495298e+02,1.673335e+09,2.075640e-02,1.049503e-02,4.716797e-03,2.451403e-15
237,2.286109e-11,1.525159e-01,6.643244e-10,6.973471e-10,4.459296e-13,4.061303e-11,1.729672e-01,1.079249e-09,1.274805e-09,2.601103e-13,4.002157e-11,3.404961e-01,6.507664e-10,7.024466e-10,2.532485e-13,2.222368e-11,1.408556e-01,1.117845e-09,1.282599e-09,3.893573e-13,6.717814e-08,3.398578e-01,1.743656e-13,1.594343e-09,1.813274e+02,1.980136e+09,8.403751e-08,5.308669e-01,2.748900e-13,1.042301e-09,1.452179e+02,1.223237e+09,6.720643e-08,3.738916e-01,1.767548e-13,6.737630e-10,1.648913e+02,1.705969e+09,1.960111e-02,2.883840e-02,4.703161e-03,3.467221e-15
238,2.180115e-11,1.944427e-01,9.257307e-10,8.699681e-10,4.757634e-13,3.861974e-11,2.459663e-01,7.631484e-10,1.159052e-09,4.598056e-13,3.735491e-11,3.962099e-01,1.063099e-09,3.157685e-10,2.877631e-13,2.159408e-11,2.715784e-01,9.967894e-10,3.661853e-10,2.718201e-13,6.834396e-08,3.469621e-01,1.950383e-13,6.398952e-10,1.806969e+02,1.782224e+09,8.277779e-08,4.794050e-01,2.392274e-13,1.952388e-09,1.583959e+02,1.225861e+09,6.954392e-08,3.121134e-01,1.533070e-13,7.177773e-10,2.043993e+02,1.888984e+09,8.599701e-03,9.695981e-04,3.553861e-04,1.855508e-15
239,2.285258e-11,3.687147e-01,9.353343e-10,1.292011e-09,4.984070e-13,3.848333e-11,2.264530e-01,9.458018e-10,8.202077e-10,3.618175e-13,4.060339e-11,2.794903e-01,1.135761e-09,4.531296e-10,4.300813e-13,2.135267e-11,2.669132e-01,6.878697e-10,6.323807e-10,3.301108e-13,6.748885e-08,3.088645e-01,2.205534e-13,1.802055e-09,2.004457e+02,1.605296e+09,8.390548e-08,3.758807e-01,1.987159e-13,6.411893e-10,2.047731e+02,1.565077e+09,6.831839e-08,4.126723e-01,1.453248e-13,1.602931e-09,1.518676e+02,1.960064e+09,1.582530e-02,2.399433e-02,4.577784e-04,1.362524e-15
240,2.213880e-11,1.075864e-01,7.835891e-10,4.634388e-10,2.960945e-13,3.861177e-11,1.894466e-01,6.068978e-10,3.476723e-10,2.546780e-13,3.762267e-11,3.953087e-01,9.380814e-10,5.639568e-10,4.722197e-13,2.104685e-11,1.208712e-01,6.705926e-10,8.309943e-10,2.937035e-13,6.688195e-08,3.555188e-01,2.653862e-13,1.733835e-09,1.725755e+02,1.353117e+09,8.146994e-08,4.724688e-01,1.751069e-13,1.422917e-09,1.581820e+02,1.579928e+09,6.939494e-08,3.058297e-01,2.348897e-13,5.417871e-10,2.081522e+02,1.400087e+09,8.642849e-03,2.052739e-02,5.445721e-03,4.704352e-15
241,2.092836e-11,1.644439e-01,9.726599e-10,1.007211e-09,3.523352e-13,3.889522e-11,2.999449e-01,8.407095e-10,4.567185e-10,4.387765e-13,3.953320e-11,3.505708e-01,1.015661e-09,1.259877e-09,4.124986e-13,2.168773e-11,1.409446e-01,7.218291e-10,6.563451e-10,4.531852e-13,6.863908e-08,3.739905e-01,2.580544e-13,1.502783e-09,1.683618e+02,1.388307e+09,8.200703e-08,4.746297e-01,2.939544e-13,1.407591e-09,1.584999e+02,1.107695e+09,6.847584e-08,3.093688e-01,1.437381e-13,1.767406e-09,2.030456e+02,1.968255e+09,6.488902e-03,2.969493e-02,1.709604e-03,4.517512e-15
242,2.105293e-11,2.074828e-01,1.036447e-09,1.287520e-09,4.159968e-13,3.979833e-11,2.442511e-01,6.131799e-10,4.733987e-10,4.558779e-13,3.820906e-11,1.944308e-01,9.809600e-10,5.543694e-10,2.606322e-13,2.093423e-11,1.114737e-01,9.999908e-10,4.591098e-10,4.172573e-13,6.800476e-08,3.679272e-01,1.856132e-13,1.294261e-09,1.695548e+02,1.866011e+09,8.036342e-08,4.435321e-01,2.102076e-13,1.870902e-09,1.662134e+02,1.396646e+09,6.812322e-08,3.738987e-01,2.194577e-13,1.968851e-09,1.671375e+02,1.373474e+09,1.141090e-02,1.821499e-02,6.154689e-04,4.708355e-15
243,2.115392e-11,3.227722e-01,9.811594e-10,6.377635e-10,4.358818e-13,3.749206e-11,3.325966e-01,8.385621e-10,1.125816e-09,3.189128e-13,4.071514e-11,3.906102e-01,1.181947e-09,1.085299e-09,1.952700e-13,2.300740e-11,2.224257e-01,9.785358e-10,3.206298e-10,3.476103e-13,6.772109e-08,3.480081e-01,1.167060e-13,1.472161e-09,1.785119e+02,2.031839e+09,8.422384e-08,4.115501e-01,1.675440e-13,8.534002e-10,1.877349e+02,1.517345e+09,6.716799e-08,3.391668e-01,2.634936e-13,1.561646e-09,1.816694e+02,1.368253e+09,1.333816e-02,7.691338e-03,2.084994e-04,4.635154e-15
244,2.255149e-11,1.442206e-01,7.572426e-10,8.515782e-10,3.136947e-13,3.834269e-11,1.309612e-01,7.862888e-10,6.957978e-10,4.644921e-13,3.998976e-11,3.816599e-01,9.256752e-10,8.137269e-10,3.772419e-13,2.161514e-11,1.510403e-01,1.106693e-09,5.545759e-10,2.640666e-13,6.965003e-08,3.584809e-01,2.904408e-13,1.759467e-09,1.782329e+02,1.302426e+09,8.090475e-08,4.471401e-01,3.358570e-13,1.147139e-09,1.659828e+02,1.066481e+09,6.711332e-08,2.853807e-01,1.674870e-13,6.676034e-10,2.157331e+02,2.027960e+09,9.904412e-03,2.228727e-03,1.031887e-04,4.999189e-15
245,2.116081e-11,2.115383e-01,8.859575e-10,7.265025e-10,4.291573e-13,3.929517e-11,3.194215e-01,7.125474e-10,8.586516e-10,3.059114e-13,3.905181e-11,1.624109e-01,9.290646e-10,6.409917e-10,4.381821e-13,2.126353e-11,1.181523e-01,1.097594e-09,7.984091e-10,4.908164e-13,6.662586e-08,3.053365e-01,1.848142e-13,1.323593e-09,2.001690e+02,1.855774e+09,8.069288e-08,4.798823e-01,2.275989e-13,1.241371e-09,1.542529e+02,1.399935e+09,6.697971e-08,4.159111e-01,1.428620e-13,1.734867e-09,1.477323e+02,2.053588e+09,1.642707e-02,2.612636e-02,1.086110e-03,2.696357e-15
246,2.130077e-11,1.034515e-01,6.335220e-10,6.886537e-10,2.870914e-13,3.713996e-11,1.128374e-01,8.413194e-10,5.511663e-10,5.083693e-13,4.038263e-11,2.909722e-01,9.358557e-10,2.727301e-10,4.160367e-13,2.094344e-11,2.791304e-01,1.111668e-09,9.961797e-10,4.818586e-13,6.845523e-08,4.652438e-01,2.724145e-13,1.862847e-09,1.349767e+02,1.278352e+09,8.128215e-08,3.454194e-01,1.666368e-13,1.455917e-09,2.158645e+02,1.480800e+09,6.813602e-08,3.302422e-01,1.844373e-13,1.887074e-09,1.892679e+02,1.681582e+09,9.456592e-03,1.704835e-03,4.080987e-03,3.048515e-15
247,2.289154e-11,1.369590e-01,8.913133e-10,1.200708e-09,2.077816e-13,3.800949e-11,1.149349e-01,1.090624e-09,1.106053e-09,2.452254e-13,3.792250e-11,3.595505e-01,9.291549e-10,5.761620e-10,4.603977e-13,2.193064e-11,1.313889e-01,7.498031e-10,8.249810e-10,2.452480e-13,6.826740e-08,3.859729e-01,1.581482e-13,1.588724e-09,1.622517e+02,1.996585e+09,8.072885e-08,3.931895e-01,2.397377e-13,1.876882e-09,1.883474e+02,1.321692e+09,6.907503e-08,3.863758e-01,1.419720e-13,1.946913e-09,1.640000e+02,1.743605e+09,2.166660e-02,2.060094e-02,1.525102e-03,4.596651e-15
248,2.299563e-11,3.149607e-01,8.145687e-10,7.952559e-10,3.908843e-13,4.071031e-11,2.673316e-01,9.643319e-10,1.160119e-09,3.496922e-13,3.746310e-11,2.024780e-01,7.611567e-10,3.600951e-10,5.031620e-13,2.223082e-11,3.928196e-01,1.062305e-09,5.298790e-10,4.652915e-13,6.952553e-08,3.169854e-01,1.635099e-13,1.410590e-09,2.012046e+02,1.596800e+09,8.293604e-08,3.767796e-01,3.013745e-13,6.379857e-10,2.019243e+02,1.109220e+09,6.988173e-08,3.437703e-01,2.345137e-13,7.381391e-10,1.864782e+02,1.481086e+09,2.269229e-02,1.995913e-02,2.898489e-03,1.929472e-15
249,2.259440e-11,2.673979e-01,6.703462e-10,4.547790e-10,4.807190e-13,4.056432e-11,3.611069e-01,9.901448e-10,4.621495e-10,2.050472e-13,3.785132e-11,3.690562e-01,6.701187e-10,2.777337e-10,3.219857e-13,2.148246e-11,1.901440e-01,6.337185e-10,5.845421e-10,4.632674e-13,6.658465e-08,3.577662e-01,1.368403e-13,1.601837e-09,1.707291e+02,1.829947e+09,8.143197e-08,3.729024e-01,1.505888e-13,1.225106e-09,2.003238e+02,1.610225e+09,6.736969e-08,4.436902e-01,1.500545e-13,8.925966e-10,1.392892e+02,1.717673e+09,2.424399e-02,2.603535e-03,5.779527e-03,8.399511e-16
250,2.271457e-11,1.786573e-01,1.013656e-09,5.008168e-10,3.424290e-13,3.801088e-11,2.903231e-01,1.018664e-09,7.455387e-10,1.923561e-13,3.765581e-11,1.547758e-01,7.392086e-10,1.042035e-09,5.185537e-13,2.173908e-11,1.459449e-01,6.227922e-10,9.331133e-10,2.310738e-13,6.965363e-08,3.273102e-01,2.340497e-13,1.240637e-09,1.952167e+02,1.399686e+09,7.980127e-08,3.917635e-01,1.872331e-13,1.374597e-09,1.868610e+02,1.437952e+09,6.727903e-08,4.296094e-01,1.864143e-13,1.901222e-09,1.436609e+02,1.622700e+09,2.135812e-02,2.377609e-02,1.097931e-04,2.814172e-15
251,2.182314e-11,3.691395e-01,8.056613e-10,1.112065e-09,3.313862e-13,3.778908e-11,1.884286e-01,8.597346e-10,9.915905e-10,2.834985e-13,4.079952e-11,2.762518e-01,9.007049e-10,8.929344e-10,5.123746e-13,2.213738e-11,1.838405e-01,6.339363e-10,1.189327e-09,4.729869e-13,6.862789e-08,4.351455e-01,1.671124e-13,1.468056e-09,1.446768e+02,1.946509e+09,7.957587e-08,4.776742e-01,1.927075e-13,1.578127e-09,1.528207e+02,1.601079e+09,6.951733e-08,3.355291e-01,1.698427e-13,1.018008e-09,1.900622e+02,1.658643e+09,2.887394e-02,1.795575e-02,2.606123e-03,4.583414e-15
252,2.154487e-11,2.056231e-01,1.019230e-09,7.125376e-10,4.839121e-13,3.876746e-11,3.774537e-01,1.179576e-09,8.676395e-10,5.119195e-13,3.882476e-11,2.548049e-01,8.791588e-10,1.239212e-09,2.049780e-13,2.257386e-11,1.344694e-01,1.010498e-09,7.983567e-10,2.180137e-13,6.974354e-08,2.977647e-01,1.600996e-13,1.282796e-09,2.148639e+02,2.040997e+09,8.087903e-08,3.629055e-01,1.406282e-13,5.809079e-10,2.044444e+02,1.755597e+09,6.908126e-08,3.343584e-01,1.632145e-13,1.225358e-09,1.895312e+02,1.944397e+09,1.218713e-02,2.670833e-02,9.415993e-04,4.025687e-15
