run,kind,C1C,C1ESR,C1ESL,C1Lvia,C1Cpad,C3C,C3ESR,C3ESL,C3Lvia,C3Cpad,C5C,C5ESR,C5ESL,C5Lvia,C5Cpad,C7C,C7ESR,C7ESL,C7Lvia,C7Cpad,L2L,L2R,L2C,L2Ltr,L4L,L4R,L4C,L4Ltr,L6L,L6R,L6C,L6Ltr,K24,K46,K26,Cio,L2Q,L2SRF,L4Q,L4SRF,L6Q,L6SRF
1,corner -tol,2.090000e-11,2.000000e-01,1.000000e-09,8.496433e-10,3.489749e-13,3.705000e-11,2.000000e-01,1.000000e-09,8.496433e-10,3.489749e-13,3.705000e-11,2.000000e-01,1.000000e-09,8.496433e-10,3.489749e-13,2.090000e-11,2.000000e-01,1.000000e-09,8.496433e-10,3.489749e-13,6.460000e-08,6.088407e-01,2.242710e-13,1.000000e-09,7.790000e-08,7.341902e-01,2.424049e-13,1.000000e-09,6.460000e-08,6.088407e-01,2.242710e-13,1.000000e-09,5.000000e-03,5.000000e-03,1.000000e-03,2.000000e-15,1.000000e+02,1.500000e+09,1.000000e+02,1.300000e+09,1.000000e+02,1.500000e+09
2,corner +tol,2.310000e-11,2.000000e-01,1.000000e-09,8.496433e-10,3.489749e-13,4.095000e-11,2.000000e-01,1.000000e-09,8.496433e-10,3.489749e-13,4.095000e-11,2.000000e-01,1.000000e-09,8.496433e-10,3.489749e-13,2.310000e-11,2.000000e-01,1.000000e-09,8.496433e-10,3.489749e-13,7.140000e-08,6.729291e-01,2.076738e-13,1.000000e-09,8.610000e-08,8.114734e-01,2.240806e-13,1.000000e-09,7.140000e-08,6.729291e-01,2.076738e-13,1.000000e-09,5.000000e-03,5.000000e-03,1.000000e-03,2.000000e-15,1.000000e+02,1.500000e+09,1.000000e+02,1.300000e+09,1.000000e+02,1.500000e+09
3,monte carlo,2.303985e-11,3.153094e-01,1.107052e-09,7.731895e-10,1.834844e-13,3.939319e-11,2.059840e-01,1.067251e-09,9.047680e-10,4.120639e-13,3.875823e-11,2.944944e-01,8.118574e-10,4.002516e-10,4.704614e-13,2.294398e-11,3.059039e-01,1.089347e-09,8.702839e-10,2.984976e-13,7.061734e-08,5.355337e-01,1.844660e-13,1.762513e-09,8.308617e-08,6.342852e-01,1.967160e-13,1.154172e-09,7.038211e-08,6.474662e-01,1.914626e-13,1.873806e-09,-2.825932e-03,-8.378237e-03,2.731011e-03,4.623342e-15,1.242784e+02,1.816411e+09,1.234569e+02,1.339005e+09,1.024510e+02,1.610963e+09
4,monte carlo,2.133869e-11,3.484512e-01,1.049709e-09,4.163729e-10,4.970838e-13,3.917098e-11,2.505891e-01,9.437905e-10,8.899545e-10,5.272895e-13,4.043266e-11,1.946200e-01,6.320514e-10,1.290129e-09,4.702414e-13,2.229390e-11,2.955995e-01,1.102313e-09,3.521320e-10,3.554693e-13,6.759732e-08,6.036796e-01,1.754169e-13,1.942204e-09,7.914128e-08,6.115586e-01,2.236602e-13,1.749337e-09,6.648483e-08,5.194805e-01,1.976998e-13,1.937545e-09,9.808701e-03,-1.902928e-04,-1.828223e-03,1.194705e-15,1.055344e+02,1.826610e+09,1.219653e+02,1.450032e+09,1.206214e+02,1.731616e+09
5,monte carlo,2.194778e-11,2.651754e-01,6.937332e-10,9.981075e-10,3.276786e-13,3.739084e-11,2.106876e-01,1.007488e-09,4.205985e-10,4.898380e-13,3.746185e-11,2.130876e-01,7.829526e-10,3.087361e-10,4.832270e-13,2.211054e-11,1.617558e-01,6.724688e-10,3.704142e-10,2.810131e-13,6.808148e-08,5.852251e-01,1.606427e-13,1.925416e-09,7.974823e-08,6.086470e-01,1.529739e-13,8.551549e-10,6.484152e-08,5.569782e-01,1.823335e-13,1.764684e-09,-1.544915e-03,-6.873004e-03,-2.425413e-03,4.290119e-15,1.096421e+02,1.683574e+09,1.234886e+02,1.659993e+09,1.097201e+02,1.924967e+09
6,monte carlo,2.292351e-11,2.813406e-01,8.023443e-10,1.087672e-09,2.234519e-13,3.763083e-11,2.411955e-01,7.800091e-10,5.865892e-10,5.188631e-13,3.763829e-11,2.889596e-01,9.059581e-10,4.261086e-10,2.223159e-13,2.216754e-11,2.245195e-01,6.192271e-10,7.348259e-10,4.840330e-13,6.720184e-08,5.634896e-01,2.009388e-13,7.147584e-10,8.474095e-08,6.275734e-01,2.007125e-13,1.212097e-09,6.844346e-08,6.229370e-01,1.738200e-13,1.930452e-09,8.979482e-03,-7.745606e-03,4.177462e-04,3.245339e-15,1.124000e+02,1.684057e+09,1.272624e+02,1.553518e+09,1.035521e+02,1.691775e+09
7,monte carlo,2.236650e-11,1.403939e-01,9.973752e-10,7.750051e-10,3.119383e-13,4.031569e-11,3.981539e-01,6.139799e-10,7.965457e-10,4.358799e-13,3.979098e-11,1.495149e-01,7.161015e-10,4.472649e-10,2.738551e-13,2.229404e-11,3.421533e-01,7.740971e-10,6.543149e-10,2.611833e-13,6.537507e-08,4.973272e-01,1.651823e-13,1.927879e-09,7.970066e-08,6.074298e-01,1.628182e-13,1.915544e-09,6.914642e-08,5.526064e-01,2.292365e-13,8.206174e-10,-2.350014e-03,2.005497e-03,1.233792e-03,1.167332e-15,1.238914e+02,1.781117e+09,1.236622e+02,1.620714e+09,1.179302e+02,1.554040e+09
8,monte carlo,2.306386e-11,2.140520e-01,8.847814e-10,1.234726e-09,5.254162e-13,3.777836e-11,1.291452e-01,9.559904e-10,1.001572e-09,2.998512e-13,3.955558e-11,3.652304e-01,1.080194e-09,3.470439e-10,2.809530e-13,2.168148e-11,1.226267e-01,9.901748e-10,1.233075e-09,2.810237e-13,7.052303e-08,5.331824e-01,1.747213e-13,7.849733e-10,8.483457e-08,7.048973e-01,2.301561e-13,1.012651e-09,6.709134e-08,5.278133e-01,1.721228e-13,1.228312e-09,-2.312078e-03,7.378567e-03,1.103765e-04,3.177090e-15,1.246598e+02,1.547704e+09,1.134274e+02,1.331863e+09,1.198001e+02,1.835164e+09
9,monte carlo,2.104391e-11,3.017348e-01,9.840816e-10,7.517840e-10,2.905311e-13,3.842309e-11,3.594532e-01,7.836340e-10,8.424900e-10,2.706311e-13,3.913382e-11,1.875312e-01,6.404405e-10,5.565779e-10,2.177639e-13,2.106045e-11,2.233166e-01,7.055516e-10,4.582991e-10,1.843564e-13,7.021143e-08,5.512319e-01,1.610562e-13,1.957918e-09,7.943913e-08,6.287606e-01,1.837079e-13,1.655983e-09,6.504046e-08,5.420980e-01,1.918652e-13,5.060778e-10,1.831310e-03,9.978166e-03,9.860381e-04,9.586472e-16,1.200451e+02,1.723426e+09,1.190749e+02,1.459451e+09,1.130777e+02,1.864108e+09
10,monte carlo,2.301769e-11,2.310677e-01,1.103515e-09,5.140732e-10,4.812302e-13,3.853738e-11,3.444445e-01,1.174566e-09,8.479266e-10,5.263111e-13,4.034734e-11,2.559525e-01,1.164399e-09,1.012393e-09,3.095637e-13,2.299560e-11,2.375930e-01,1.120208e-09,1.095570e-09,5.278316e-13,6.517115e-08,5.589912e-01,1.548154e-13,1.887725e-09,8.322869e-08,7.221580e-01,1.471007e-13,1.872901e-09,6.470913e-08,4.806212e-01,1.978870e-13,1.990821e-09,-9.799393e-03,4.320893e-03,2.685394e-03,1.722043e-15,1.098807e+02,1.922865e+09,1.086205e+02,1.646754e+09,1.268919e+02,1.738489e+09
11,monte carlo,2.244276e-11,1.840125e-01,1.113836e-09,9.271574e-10,4.630462e-13,3.941961e-11,2.884712e-01,1.152536e-09,1.235288e-09,5.138467e-13,3.871357e-11,3.283412e-01,1.136560e-09,6.221880e-10,3.008810e-13,2.140495e-11,2.430615e-01,7.132463e-10,1.244214e-09,3.371336e-13,7.074661e-08,5.442360e-01,1.778478e-13,1.606048e-09,8.275536e-08,7.157483e-01,1.965393e-13,1.794308e-09,6.823044e-08,6.086050e-01,1.738158e-13,1.992649e-09,-3.094813e-03,-8.001205e-03,3.201658e-04,4.228897e-15,1.225151e+02,1.912521e+09,1.089700e+02,1.446283e+09,1.056608e+02,1.895275e+09
12,monte carlo,2.121085e-11,1.444090e-01,6.105117e-10,1.122457e-09,4.136212e-13,3.986760e-11,2.591357e-01,6.347676e-10,8.755583e-10,1.832527e-13,3.944273e-11,3.790260e-01,7.971826e-10,7.497022e-10,4.424389e-13,2.143525e-11,2.433282e-01,7.374210e-10,7.713964e-10,4.377475e-13,6.888169e-08,6.312702e-01,1.522898e-13,1.396058e-09,8.609263e-08,7.144238e-01,1.944109e-13,1.143730e-09,7.086852e-08,5.243738e-01,1.922860e-13,1.096972e-09,1.097034e-03,-1.610711e-03,1.773430e-04,2.716544e-15,1.028394e+02,1.701090e+09,1.135746e+02,1.406995e+09,1.273748e+02,1.649296e+09
13,monte carlo,2.098675e-11,3.572426e-01,8.188604e-10,4.059522e-10,4.468381e-13,3.895883e-11,1.979578e-01,6.920650e-10,8.376641e-10,2.330865e-13,3.874490e-11,2.695434e-01,6.706246e-10,7.037290e-10,3.298610e-13,2.236394e-11,3.955706e-01,1.030058e-09,5.933833e-10,2.418289e-13,6.825201e-08,5.134911e-01,2.363485e-13,1.586719e-09,8.500472e-08,7.977987e-01,2.298317e-13,1.743320e-09,6.461303e-08,5.416394e-01,1.298393e-13,1.198352e-09,9.496409e-03,6.694317e-03,1.710926e-03,2.388571e-15,1.252719e+02,1.519412e+09,1.004202e+02,1.349782e+09,1.124297e+02,1.908814e+09
14,monte carlo,2.160050e-11,2.333173e-01,6.860154e-10,1.022875e-09,3.147205e-13,3.740893e-11,1.165626e-01,9.071735e-10,9.612962e-10,5.164740e-13,3.966262e-11,3.155494e-01,7.422538e-10,4.416720e-10,4.581321e-13,2.164340e-11,2.803020e-01,1.157124e-09,4.562830e-10,3.729843e-13,6.991673e-08,5.961535e-01,1.426836e-13,1.545952e-09,8.284788e-08,7.371144e-01,2.019899e-13,6.806183e-10,6.994843e-08,5.305149e-01,1.733217e-13,1.809705e-09,8.298744e-03,-1.584091e-04,4.340207e-04,1.264651e-15,1.105336e+02,1.847949e+09,1.059297e+02,1.385520e+09,1.242658e+02,1.783395e+09
15,monte carlo,2.266729e-11,1.118625e-01,6.163360e-10,3.614868e-10,4.696372e-13,3.765751e-11,2.103131e-01,7.021282e-10,5.826844e-10,4.478233e-13,3.775978e-11,1.899733e-01,6.428963e-10,9.264288e-10,4.676195e-13,2.233542e-11,2.139065e-01,8.585189e-10,1.193242e-09,1.797262e-13,6.688089e-08,5.233559e-01,2.100947e-13,1.879261e-09,7.921498e-08,6.565573e-01,1.878740e-13,1.308831e-09,6.669957e-08,5.092140e-01,1.745522e-13,1.142354e-09,9.494752e-03,-8.452343e-03,9.201059e-04,3.308747e-15,1.204415e+02,1.626713e+09,1.137119e+02,1.591510e+09,1.234508e+02,1.812547e+09
16,monte carlo,2.251399e-11,2.942965e-01,9.174256e-10,1.160450e-09,4.219531e-13,4.020364e-11,2.916118e-01,9.710023e-10,5.335130e-10,3.568297e-13,4.057745e-11,3.598315e-01,1.073564e-09,5.842563e-10,2.383099e-13,2.176445e-11,1.917528e-01,6.156118e-10,8.050766e-10,3.312445e-13,6.988042e-08,5.991653e-01,1.473446e-13,1.284716e-09,8.144751e-08,6.047574e-01,2.192201e-13,1.155143e-09,6.921890e-08,5.130660e-01,1.433171e-13,1.776323e-09,-6.151778e-03,-7.762581e-03,-2.223068e-03,3.639424e-15,1.099208e+02,1.882734e+09,1.269310e+02,1.456574e+09,1.271518e+02,1.773709e+09
17,monte carlo,2.133801e-11,1.336713e-01,1.089797e-09,9.173716e-10,3.631275e-13,3.713188e-11,3.184123e-01,7.477379e-10,2.799125e-10,4.279417e-13,4.064067e-11,1.500552e-01,8.452872e-10,6.491109e-10,3.585771e-13,2.164637e-11,1.708703e-01,8.795292e-10,2.961122e-10,2.305695e-13,7.049373e-08,5.845724e-01,1.766977e-13,6.419827e-10,7.884210e-08,5.934060e-01,2.022016e-13,1.228907e-09,6.705408e-08,5.344790e-01,1.410935e-13,1.680582e-09,-1.317391e-03,-9.449560e-03,-1.675196e-03,1.901008e-15,1.136536e+02,1.606516e+09,1.252211e+02,1.414845e+09,1.182404e+02,1.944398e+09
18,monte carlo,2.245856e-11,2.479129e-01,9.130407e-10,2.768338e-10,4.216503e-13,4.046281e-11,2.826290e-01,6.119526e-10,7.183101e-10,2.861852e-13,3.744552e-11,3.312963e-01,8.279558e-10,1.022496e-09,4.696068e-13,2.292221e-11,2.299085e-01,1.138934e-09,3.468459e-10,1.854638e-13,6.663316e-08,4.833475e-01,1.659980e-13,9.774316e-10,8.296100e-08,6.962543e-01,2.365742e-13,5.148796e-10,6.674912e-08,5.467602e-01,1.278253e-13,1.799498e-09,-5.250899e-03,5.079534e-03,2.319774e-03,3.628191e-15,1.299278e+02,1.653900e+09,1.122993e+02,1.381161e+09,1.150588e+02,1.898864e+09
19,monte carlo,2.191259e-11,2.672389e-01,6.296750e-10,6.156267e-10,4.918273e-13,3.898262e-11,1.213155e-01,8.293524e-10,3.717535e-10,4.486667e-13,4.075650e-11,2.377192e-01,1.185405e-09,1.031866e-09,3.136740e-13,2.137116e-11,1.810127e-01,1.060634e-09,9.712061e-10,2.925828e-13,6.596524e-08,5.530517e-01,2.120650e-13,7.445404e-10,8.026738e-08,6.019910e-01,2.452821e-13,8.820126e-10,6.902481e-08,6.483905e-01,1.347272e-13,1.184200e-09,-2.395006e-03,1.164824e-03,-1.906101e-03,4.067189e-15,1.124140e+02,1.565006e+09,1.256667e+02,1.340704e+09,1.003321e+02,1.917189e+09
20,monte carlo,2.118769e-11,1.793485e-01,7.640710e-10,1.260669e-09,4.851056e-13,3.740536e-11,1.789116e-01,9.781844e-10,6.871754e-10,5.099351e-13,3.920357e-11,3.158345e-01,1.119403e-09,1.264169e-09,5.291948e-13,2.137037e-11,2.751681e-01,7.615410e-10,1.169272e-09,3.448678e-13,7.059519e-08,5.487099e-01,2.306040e-13,1.712621e-09,7.977035e-08,6.430110e-01,1.931310e-13,1.467617e-09,6.981531e-08,6.085395e-01,2.014769e-13,5.144118e-10,-2.869890e-04,-2.685151e-03,-1.357557e-03,4.539911e-15,1.212561e+02,1.513533e+09,1.169215e+02,1.632093e+09,1.081267e+02,1.538856e+09
21,monte carlo,2.152600e-11,2.620104e-01,8.174756e-10,1.265755e-09,5.124752e-13,4.002232e-11,2.799259e-01,1.128521e-09,3.573081e-10,4.992696e-13,3.897145e-11,1.939389e-01,8.629306e-10,1.142988e-09,4.938482e-13,2.259808e-11,2.343291e-01,1.037320e-09,1.172103e-09,5.291510e-13,7.131577e-08,6.524185e-01,2.187925e-13,1.736782e-09,8.336654e-08,7.613475e-01,1.642547e-13,1.179103e-09,7.082084e-08,6.542122e-01,1.802072e-13,1.161384e-09,6.908728e-03,7.229956e-03,2.971057e-03,3.610352e-15,1.030221e+02,1.543634e+09,1.032001e+02,1.572163e+09,1.020266e+02,1.784436e+09
22,monte carlo,2.225320e-11,2.344752e-01,7.897950e-10,5.806447e-10,4.460026e-13,4.005905e-11,2.923140e-01,6.229340e-10,1.066080e-09,3.042690e-13,4.050557e-11,3.110601e-01,1.048079e-09,1.124179e-09,4.713539e-13,2.177422e-11,2.224045e-01,6.791439e-10,8.585751e-10,2.710678e-13,6.641694e-08,5.328490e-01,2.118213e-13,1.918559e-09,7.809933e-08,6.778098e-01,1.944650e-13,1.410653e-09,6.980131e-08,5.883569e-01,1.790055e-13,1.441408e-09,8.833858e-03,-3.665884e-03,1.033711e-03,4.846165e-15,1.174751e+02,1.610529e+09,1.085952e+02,1.647314e+09,1.118134e+02,1.894269e+09
23,monte carlo,2.217025e-11,3.212458e-01,9.717871e-10,4.755631e-10,1.685977e-13,4.069175e-11,1.946914e-01,6.382772e-10,8.826961e-10,2.310219e-13,3.975669e-11,1.646259e-01,6.177011e-10,4.315462e-10,4.395780e-13,2.107396e-11,3.376567e-01,1.184648e-09,4.962330e-10,1.935996e-13,6.522546e-08,4.885914e-01,2.428911e-13,1.636796e-09,8.608709e-08,7.585823e-01,1.503239e-13,1.651661e-09,6.832954e-08,5.250983e-01,1.610330e-13,1.488317e-09,1.331923e-03,1.193098e-04,-5.454645e-04,1.714415e-15,1.258179e+02,1.502831e+09,1.069563e+02,1.567939e+09,1.226420e+02,1.678447e+09
24,monte carlo,2.105871e-11,2.615511e-01,7.905707e-10,5.760375e-10,3.492857e-13,3.852677e-11,2.407948e-01,7.290591e-10,2.859587e-10,4.471158e-13,3.988020e-11,3.767725e-01,1.025494e-09,7.692356e-10,4.041164e-13,2.186343e-11,1.768665e-01,7.337063e-10,9.253016e-10,3.174625e-13,6.542411e-08,5.670747e-01,1.745106e-13,6.189132e-10,8.434872e-08,6.159393e-01,1.970569e-13,6.552429e-10,6.903473e-08,5.666545e-01,2.343791e-13,1.558120e-09,-1.556431e-03,5.636612e-03,-4.851791e-04,4.085086e-15,1.087348e+02,1.885201e+09,1.290660e+02,1.382175e+09,1.148207e+02,1.535829e+09
25,monte carlo,2.203672e-11,1.954836e-01,8.037678e-10,4.602196e-10,3.333888e-13,3.882262e-11,2.240610e-01,7.205951e-10,7.370390e-10,3.864454e-13,3.901435e-11,2.630775e-01,7.524485e-10,6.437707e-10,2.499351e-13,2.202544e-11,2.339365e-01,1.149345e-09,8.185975e-10,2.626214e-13,6.980256e-08,6.337936e-01,1.353636e-13,9.719785e-10,7.972970e-08,7.412588e-01,1.601293e-13,1.624946e-09,6.733142e-08,5.030746e-01,1.907590e-13,6.359127e-10,4.996292e-03,6.396800e-03,-9.882090e-04,3.332365e-15,1.037993e+02,1.793594e+09,1.013728e+02,1.592717e+09,1.261411e+02,1.826911e+09
26,monte carlo,2.161258e-11,2.848235e-01,8.264399e-10,3.748338e-10,5.156976e-13,3.792452e-11,2.274298e-01,8.560934e-10,7.067615e-10,1.853266e-13,3.870743e-11,1.557995e-01,1.133958e-09,6.048813e-10,3.703018e-13,2.151344e-11,1.090814e-01,6.290861e-10,1.099582e-09,3.475937e-13,7.083220e-08,6.241966e-01,1.733631e-13,1.131467e-09,8.104885e-08,6.769130e-01,1.674664e-13,1.331759e-09,7.001882e-08,5.236498e-01,1.308048e-13,1.386052e-09,6.855462e-03,8.927611e-03,2.228823e-03,4.859708e-15,1.069499e+02,1.553636e+09,1.128457e+02,1.532815e+09,1.260216e+02,1.889084e+09
27,monte carlo,2.120749e-11,1.264337e-01,6.125154e-10,5.580599e-10,1.876097e-13,3.726670e-11,1.416250e-01,7.943334e-10,1.158757e-09,2.647649e-13,4.051591e-11,2.913613e-01,7.637157e-10,7.299299e-10,3.280686e-13,2.092894e-11,1.036460e-01,1.029167e-09,9.595741e-10,2.986319e-13,6.480403e-08,5.818466e-01,1.842559e-13,1.447898e-09,8.292172e-08,6.040188e-01,1.844753e-13,1.080256e-09,7.017677e-08,5.100148e-01,1.556037e-13,9.179339e-10,4.553862e-03,-3.867826e-03,-1.476192e-03,4.868507e-15,1.049699e+02,1.763284e+09,1.293865e+02,1.567850e+09,1.296826e+02,1.733651e+09
28,monte carlo,2.109019e-11,2.893014e-01,1.027282e-09,5.055534e-10,1.853830e-13,3.810407e-11,3.766125e-01,7.511949e-10,3.228644e-10,2.510624e-13,4.034802e-11,3.016686e-01,6.038119e-10,9.993322e-10,4.438312e-13,2.120248e-11,3.902646e-01,7.139317e-10,8.935811e-10,2.919693e-13,6.654160e-08,6.148152e-01,1.595033e-13,9.555162e-10,8.292112e-08,6.538018e-01,1.790183e-13,1.455612e-09,7.061428e-08,5.867967e-01,1.870057e-13,1.024869e-09,-3.059236e-03,-4.512034e-03,1.870284e-03,1.720267e-15,1.020046e+02,1.668147e+09,1.195336e+02,1.616295e+09,1.134164e+02,1.742638e+09
29,monte carlo,2.199998e-11,2.029433e-01,1.062669e-09,8.010518e-10,3.445370e-13,4.031659e-11,2.411318e-01,1.140563e-09,1.259991e-09,2.699634e-13,3.808913e-11,2.072498e-01,8.493317e-10,1.231727e-09,3.210170e-13,2.268122e-11,1.970343e-01,8.151714e-10,1.172606e-09,4.816699e-13,6.968413e-08,5.733189e-01,1.794305e-13,8.310510e-10,8.584360e-08,7.840815e-01,1.724577e-13,8.253511e-10,6.936830e-08,5.447154e-01,2.188168e-13,1.435816e-09,-7.972772e-03,7.617026e-03,-3.842208e-04,4.167433e-15,1.145536e+02,1.593821e+09,1.031853e+02,1.621836e+09,1.200225e+02,1.548491e+09
30,monte carlo,2.253535e-11,1.178881e-01,1.003230e-09,9.640410e-10,2.528141e-13,3.894812e-11,2.317781e-01,8.659266e-10,8.034012e-10,2.291074e-13,3.779103e-11,2.991207e-01,1.171931e-09,4.481334e-10,3.275053e-13,2.202588e-11,1.308247e-01,1.111798e-09,3.818797e-10,3.800611e-13,6.913674e-08,5.459771e-01,1.920907e-13,6.066868e-10,8.521349e-08,6.523333e-01,1.946748e-13,1.348370e-09,6.861972e-08,5.130201e-01,1.866101e-13,1.114534e-09,-5.197626e-03,3.042492e-03,-2.967188e-03,4.933776e-15,1.193454e+02,1.559585e+09,1.231147e+02,1.377016e+09,1.260624e+02,1.802335e+09
31,monte carlo,2.106640e-11,1.188330e-01,7.342415e-10,5.328852e-10,5.229725e-13,4.079457e-11,2.965890e-01,6.957748e-10,1.034306e-09,3.791036e-13,3.994537e-11,1.928586e-01,6.591480e-10,1.066614e-09,2.873778e-13,2.286055e-11,2.159389e-01,1.004130e-09,1.088510e-09,2.741169e-13,7.104362e-08,6.113625e-01,1.454847e-13,8.896251e-10,7.907487e-08,7.109337e-01,2.556635e-13,1.531684e-09,6.635450e-08,5.423393e-01,1.815205e-13,8.227569e-10,-6.872510e-03,3.362675e-03,2.560880e-03,3.059846e-15,1.095210e+02,1.811837e+09,1.048288e+02,1.331478e+09,1.153109e+02,1.662871e+09
32,monte carlo,2.232992e-11,1.651568e-01,7.740916e-10,1.017841e-09,4.080687e-13,3.803839e-11,2.613286e-01,1.073539e-09,7.099453e-10,2.732302e-13,3.757333e-11,2.200203e-01,1.079529e-09,7.465523e-10,2.483378e-13,2.166034e-11,2.872941e-01,6.641098e-10,4.918681e-10,2.695848e-13,6.676476e-08,5.865571e-01,2.203112e-13,1.839502e-09,8.124846e-08,6.963190e-01,1.958097e-13,5.514188e-10,6.860582e-08,5.776867e-01,1.962229e-13,1.389980e-09,1.186009e-03,-5.187880e-03,-2.053659e-03,3.833214e-15,1.072774e+02,1.545492e+09,1.099710e+02,1.535717e+09,1.119282e+02,1.645158e+09
33,monte carlo,2.285629e-11,2.595355e-01,8.648661e-10,3.034684e-10,2.803692e-13,3.724115e-11,2.056070e-01,8.900926e-10,8.167893e-10,2.454701e-13,4.071752e-11,1.058311e-01,8.507016e-10,1.261387e-09,4.781652e-13,2.164451e-11,3.298294e-01,1.109066e-09,6.533235e-10,4.317786e-13,6.534346e-08,5.108249e-01,1.370976e-13,1.453900e-09,8.043102e-08,6.885068e-01,1.790931e-13,5.403585e-10,6.901645e-08,5.336728e-01,1.564237e-13,1.480300e-09,-3.438254e-03,-8.184828e-03,1.068375e-05,4.151446e-15,1.205594e+02,1.854232e+09,1.100998e+02,1.591032e+09,1.218846e+02,1.820445e+09
34,monte carlo,2.200311e-11,1.644951e-01,1.048397e-09,1.171742e-09,3.708236e-13,3.818226e-11,3.947532e-01,8.919195e-10,2.838212e-10,2.527312e-13,4.062153e-11,1.671616e-01,6.783216e-10,3.730398e-10,4.592318e-13,2.117435e-11,3.957787e-01,1.039587e-09,4.918898e-10,4.341379e-13,7.138597e-08,5.446569e-01,1.466874e-13,9.494654e-10,7.901968e-08,7.312184e-01,1.603421e-13,7.699605e-10,6.507182e-08,5.146355e-01,1.558280e-13,1.714141e-09,6.487838e-03,-2.636592e-03,-6.867044e-04,2.203283e-15,1.235267e+02,1.743762e+09,1.018496e+02,1.684094e+09,1.191693e+02,1.930439e+09
35,monte carlo,2.216323e-11,1.704899e-01,9.746425e-10,9.594750e-10,1.924997e-13,3.933397e-11,3.640373e-01,1.008362e-09,9.714905e-10,3.077821e-13,3.853956e-11,2.135150e-01,7.056690e-10,8.810004e-10,4.209577e-13,2.171888e-11,1.892349e-01,8.405314e-10,8.424818e-10,2.805808e-13,7.115753e-08,6.052508e-01,1.830108e-13,1.385564e-09,8.259959e-08,6.522844e-01,1.759477e-13,1.614450e-09,6.988084e-08,6.097188e-01,2.213977e-13,1.760182e-09,-1.871054e-03,6.657901e-03,-1.112328e-03,4.683353e-15,1.108043e+02,1.714426e+09,1.193471e+02,1.438943e+09,1.080189e+02,1.530353e+09
36,monte carlo,2.254333e-11,1.286833e-01,1.196614e-09,6.920154e-10,2.680296e-13,3.938685e-11,2.746963e-01,8.558943e-10,1.094206e-09,2.145638e-13,3.943953e-11,2.762558e-01,7.551532e-10,8.740429e-10,4.079794e-13,2.220129e-11,3.117029e-01,6.700546e-10,3.196361e-10,4.855886e-13,6.690139e-08,5.558373e-01,1.621144e-13,1.864401e-09,8.591922e-08,7.988582e-01,2.257928e-13,1.576653e-09,6.823548e-08,5.044190e-01,1.782353e-13,7.150140e-10,3.041518e-03,6.644950e-03,-1.947710e-03,4.649903e-15,1.134380e+02,1.635892e+09,1.013659e+02,1.420310e+09,1.274940e+02,1.559632e+09
37,monte carlo,2.219034e-11,3.222333e-01,1.010818e-09,1.116554e-09,1.812730e-13,3.733808e-11,2.056915e-01,1.082110e-09,1.141128e-09,3.537056e-13,3.853949e-11,1.863464e-01,7.222947e-10,5.237880e-10,3.924707e-13,2.200766e-11,1.836118e-01,6.051229e-10,3.293943e-10,3.589266e-13,7.047356e-08,5.860179e-01,1.519965e-13,9.574647e-10,8.028767e-08,5.929829e-01,2.221030e-13,1.929884e-09,6.746812e-08,5.526284e-01,1.441734e-13,1.898447e-09,5.232874e-03,5.501610e-03,-1.049104e-04,2.831757e-15,1.133409e+02,1.935837e+09,1.276080e+02,1.349922e+09,1.150632e+02,1.785828e+09
38,monte carlo,2.217507e-11,3.635080e-01,9.404700e-10,1.269607e-09,4.348387e-13,3.984704e-11,2.733380e-01,9.410561e-10,9.614137e-10,5.239542e-13,3.777750e-11,3.514313e-01,8.743205e-10,9.794605e-10,3.981947e-13,2.170222e-11,3.672852e-01,1.146491e-09,1.093096e-09,4.789351e-13,7.025809e-08,6.466118e-01,1.996374e-13,9.978834e-10,7.826581e-08,7.086429e-01,2.374725e-13,1.278325e-09,7.001779e-08,6.022801e-01,1.569638e-13,1.628145e-09,2.079051e-03,-3.318196e-03,-2.108814e-04,3.094690e-15,1.024056e+02,1.728786e+09,1.040916e+02,1.386904e+09,1.095673e+02,1.852912e+09
39,monte carlo,2.172798e-11,2.738976e-01,1.104855e-09,5.014027e-10,4.728729e-13,3.802510e-11,2.440878e-01,7.903987e-10,5.976954e-10,3.820514e-13,3.822784e-11,2.101779e-01,1.115690e-09,3.257275e-10,2.432037e-13,2.150529e-11,2.135925e-01,9.920832e-10,1.211104e-09,5.137566e-13,6.597889e-08,5.016174e-01,1.475150e-13,1.601116e-09,8.402312e-08,6.477457e-01,2.229672e-13,6.044693e-10,6.578726e-08,4.818280e-01,1.506278e-13,1.151308e-09,-8.595672e-03,-7.856260e-03,-5.705497e-04,3.475869e-15,1.239663e+02,1.895841e+09,1.222546e+02,1.439817e+09,1.286829e+02,1.829371e+09
40,monte carlo,2.261447e-11,1.514798e-01,9.847269e-10,1.247084e-09,5.119178e-13,3.770706e-11,2.228187e-01,8.461922e-10,5.416055e-10,3.673858e-13,3.792498e-11,3.129850e-01,1.081720e-09,1.218081e-09,4.080860e-13,2.150662e-11,3.417687e-01,7.695258e-10,6.977214e-10,4.497918e-13,7.131920e-08,6.622162e-01,2.046098e-13,9.460801e-10,8.101638e-08,7.564924e-01,2.237932e-13,1.554648e-09,6.799686e-08,6.144706e-01,1.592087e-13,1.959974e-09,-9.182084e-03,2.656798e-03,1.261196e-03,3.569497e-15,1.015027e+02,1.559704e+09,1.009344e+02,1.366733e+09,1.042939e+02,1.711860e+09
41,monte carlo,2.225857e-11,3.851515e-01,8.674803e-10,5.064674e-10,4.494482e-13,3.848832e-11,1.059901e-01,9.967793e-10,7.912373e-10,2.084182e-13,3.923217e-11,2.619858e-01,7.085335e-10,5.254834e-10,3.330206e-13,2.242878e-11,1.013202e-01,1.122434e-09,8.139198e-10,3.123037e-13,7.127136e-08,5.517752e-01,1.389503e-13,8.697491e-10,8.406865e-08,6.120676e-01,1.869442e-13,7.842609e-10,6.954778e-08,5.582218e-01,1.606456e-13,1.097474e-09,1.345830e-03,3.321418e-03,-2.255541e-03,3.820870e-15,1.217374e+02,1.785806e+09,1.294511e+02,1.387924e+09,1.174215e+02,1.762237e+09
42,monte carlo,2.148608e-11,1.881368e-01,9.597740e-10,5.937203e-10,3.871033e-13,3.832129e-11,3.546302e-01,9.496069e-10,3.214936e-10,4.359530e-13,3.743501e-11,3.364224e-01,6.320826e-10,3.125354e-10,2.259245e-13,2.272802e-11,1.393932e-01,6.495207e-10,1.297378e-09,5.107781e-13,6.745093e-08,5.128458e-01,1.789354e-13,6.551745e-10,8.156662e-08,6.004751e-01,2.023333e-13,1.441692e-09,7.137497e-08,6.404796e-01,1.260359e-13,1.767601e-09,-9.099403e-03,6.587078e-03,-2.173229e-03,1.648700e-15,1.239574e+02,1.808267e+09,1.280232e+02,1.306263e+09,1.050296e+02,1.843588e+09
43,monte carlo,2.131530e-11,3.220967e-01,8.525946e-10,6.460180e-10,2.171963e-13,4.090291e-11,2.713050e-01,6.068099e-10,2.976286e-10,1.769696e-13,3.774102e-11,1.117927e-01,6.230052e-10,6.105291e-10,2.493568e-13,2.257532e-11,1.743678e-01,7.226309e-10,1.170050e-09,4.384410e-13,6.490406e-08,5.665784e-01,1.628438e-13,6.607631e-10,8.597471e-08,7.461537e-01,1.640768e-13,1.111632e-09,6.934429e-08,5.098371e-01,1.317474e-13,1.265590e-09,-9.965323e-03,4.876839e-04,2.810504e-03,4.872061e-15,1.079650e+02,1.655951e+09,1.085959e+02,1.454821e+09,1.281889e+02,1.919152e+09
44,monte carlo,2.132696e-11,3.717368e-01,1.082439e-09,4.283152e-10,3.326540e-13,3.838085e-11,2.497085e-01,8.547188e-10,1.257348e-09,4.611418e-13,3.873459e-11,1.230741e-01,1.130457e-09,5.507398e-10,2.553605e-13,2.275954e-11,3.649408e-01,8.156050e-10,8.534263e-10,4.140872e-13,6.598433e-08,5.633435e-01,1.583514e-13,1.765620e-09,8.523726e-08,6.475140e-01,1.971525e-13,1.031564e-09,6.556839e-08,6.101747e-01,1.485837e-13,1.481241e-09,2.777567e-03,-7.038476e-03,-2.119808e-03,7.014694e-16,1.103923e+02,1.907691e+09,1.240656e+02,1.505737e+09,1.012771e+02,1.769911e+09
45,monte carlo,2.199539e-11,1.933889e-01,7.619692e-10,4.737989e-10,5.049468e-13,3.895932e-11,1.770883e-01,1.041544e-09,8.676696e-10,4.689767e-13,3.869711e-11,1.782596e-01,9.081628e-10,1.035269e-09,5.168844e-13,2.272971e-11,2.955571e-01,1.126668e-09,6.584873e-10,3.399332e-13,7.025063e-08,5.424771e-01,1.784227e-13,7.082300e-10,8.391694e-08,6.691088e-01,1.517462e-13,9.165484e-10,6.624646e-08,5.374337e-01,1.784061e-13,1.946842e-09,-7.460341e-03,7.582954e-03,-1.485060e-03,8.850082e-16,1.220506e+02,1.784666e+09,1.182018e+02,1.623188e+09,1.161740e+02,1.850393e+09
46,monte carlo,2.241475e-11,3.903303e-01,7.011482e-10,1.014157e-09,4.720526e-13,3.932189e-11,3.297999e-01,8.947886e-10,4.089517e-10,1.869017e-13,3.778676e-11,2.248489e-01,1.173008e-09,9.415500e-10,2.805986e-13,2.154485e-11,2.172656e-01,9.929602e-10,9.222164e-10,3.154359e-13,6.594331e-08,5.117968e-01,1.837144e-13,1.027614e-09,7.921824e-08,6.629074e-01,1.984213e-13,1.471549e-09,6.748614e-08,4.943444e-01,1.932303e-13,1.965580e-09,4.231833e-03,7.991037e-03,1.434872e-03,4.063436e-15,1.214351e+02,1.649811e+09,1.126272e+02,1.515786e+09,1.286637e+02,1.622592e+09
47,monte carlo,2.190791e-11,1.174817e-01,8.708153e-10,1.237023e-09,2.447316e-13,3.723725e-11,2.256220e-01,9.948176e-10,4.818093e-10,3.567294e-13,4.074683e-11,1.413589e-01,7.423082e-10,6.854267e-10,3.749561e-13,2.189866e-11,1.670310e-01,8.179234e-10,1.151053e-09,3.282527e-13,6.932706e-08,5.902919e-01,2.035062e-13,1.099548e-09,7.875799e-08,5.742558e-01,2.381076e-13,6.018065e-10,6.781429e-08,6.071892e-01,1.673331e-13,1.924803e-09,-6.211077e-03,-3.177404e-03,-1.516410e-03,1.654068e-15,1.106897e+02,1.611933e+09,1.292589e+02,1.416332e+09,1.052612e+02,1.616391e+09
48,monte carlo,2.224773e-11,1.848286e-01,6.011663e-10,6.624159e-10,5.005885e-13,3.978014e-11,2.536805e-01,1.107389e-09,4.885314e-10,2.749485e-13,4.077349e-11,3.165979e-01,9.672157e-10,5.258331e-10,5.261578e-13,2.106357e-11,3.269675e-01,6.787525e-10,2.716174e-10,4.804761e-13,6.609042e-08,6.055204e-01,1.609306e-13,1.815638e-09,7.992690e-08,6.224861e-01,2.382511e-13,1.548129e-09,7.078594e-08,6.024684e-01,1.816425e-13,1.863039e-09,3.093416e-03,7.533924e-03,-2.274043e-03,1.076837e-15,1.028681e+02,1.686783e+09,1.210137e+02,1.371840e+09,1.107347e+02,1.777848e+09
49,monte carlo,2.169877e-11,1.841133e-01,1.130188e-09,5.606911e-10,3.332139e-13,3.899411e-11,3.939851e-01,9.454268e-10,1.084143e-09,3.764941e-13,3.988082e-11,2.983359e-01,6.271936e-10,5.831565e-10,3.709595e-13,2.236914e-11,1.632136e-01,6.667842e-10,9.564620e-10,4.443606e-13,7.096873e-08,6.123375e-01,1.487285e-13,5.998694e-10,8.112749e-08,5.944624e-01,1.895948e-13,7.565262e-10,6.748379e-08,5.407984e-01,2.026868e-13,1.432580e-09,8.655583e-03,-3.786157e-03,1.189078e-03,3.489554e-15,1.092314e+02,1.941772e+09,1.286219e+02,1.648031e+09,1.176076e+02,1.605509e+09
50,monte carlo,2.234217e-11,3.248638e-01,7.792083e-10,9.095956e-10,4.555809e-13,3.754330e-11,3.737087e-01,7.776605e-10,8.076465e-10,2.542851e-13,3.953587e-11,2.636002e-01,1.022464e-09,8.480663e-10,3.617918e-13,2.198745e-11,3.223242e-01,9.202353e-10,9.155036e-10,3.556692e-13,6.926818e-08,5.061308e-01,1.955765e-13,1.214935e-09,8.187971e-08,7.214063e-01,2.374378e-13,1.029740e-09,6.610307e-08,4.965266e-01,2.065141e-13,1.830269e-09,-3.518142e-03,-6.258017e-03,2.880226e-03,3.472191e-15,1.289859e+02,1.552121e+09,1.069714e+02,1.305893e+09,1.254730e+02,1.521569e+09
51,monte carlo,2.210373e-11,3.261215e-01,1.104560e-09,9.863630e-10,2.138079e-13,3.969376e-11,2.355019e-01,1.183261e-09,4.645248e-10,4.592584e-13,3.713726e-11,3.901172e-01,6.711906e-10,1.156815e-09,2.336280e-13,2.134670e-11,3.404791e-01,1.118081e-09,8.161477e-10,4.483023e-13,6.887595e-08,6.155006e-01,1.458255e-13,1.138707e-09,8.033286e-08,7.299569e-01,2.121522e-13,1.110106e-09,6.635142e-08,5.760261e-01,1.339072e-13,1.368073e-09,-2.285767e-03,-3.037180e-03,4.148293e-04,2.467967e-15,1.054655e+02,1.878387e+09,1.037211e+02,1.412047e+09,1.085623e+02,1.929682e+09
52,monte carlo,2.122739e-11,3.742535e-01,6.859701e-10,6.077535e-10,3.973581e-13,3.955125e-11,1.094750e-01,1.112036e-09,4.085282e-10,1.772588e-13,3.963069e-11,1.029661e-01,9.378530e-10,1.079796e-09,2.371005e-13,2.289533e-11,1.896274e-01,1.126406e-09,4.964679e-10,3.262902e-13,6.544366e-08,5.440712e-01,1.708511e-13,1.934592e-09,7.846994e-08,7.254342e-01,1.739170e-13,1.635910e-09,6.687782e-08,5.421213e-01,1.855652e-13,8.824435e-10,-7.306015e-03,-1.939452e-03,-7.377048e-04,8.283905e-16,1.133660e+02,1.799876e+09,1.019475e+02,1.596324e+09,1.162671e+02,1.875148e+09
53,monte carlo,2.202320e-11,2.929225e-01,6.673958e-10,3.446770e-10,4.491261e-13,4.048655e-11,1.155874e-01,6.237338e-10,1.160362e-09,2.669262e-13,3.974402e-11,3.785408e-01,6.753886e-10,7.135414e-10,2.496388e-13,2.288824e-11,1.192923e-01,1.019960e-09,3.942823e-10,2.216647e-13,6.551737e-08,5.648222e-01,1.696301e-13,5.623769e-10,8.144775e-08,6.082418e-01,1.888425e-13,1.489656e-09,6.936059e-08,6.384199e-01,1.806882e-13,1.052687e-09,-5.612598e-03,6.756487e-03,-1.137167e-03,3.107538e-15,1.093241e+02,1.739017e+09,1.262042e+02,1.583468e+09,1.023947e+02,1.595346e+09
54,monte carlo,2.257480e-11,3.809945e-01,6.881088e-10,5.369683e-10,2.976262e-13,3.840514e-11,1.985911e-01,9.798108e-10,8.474442e-10,2.059451e-13,3.908877e-11,3.909959e-01,9.323720e-10,6.828463e-10,2.939479e-13,2.306503e-11,2.101736e-01,7.715571e-10,8.355656e-10,1.904396e-13,6.643699e-08,5.063025e-01,1.572639e-13,5.055205e-10,8.361959e-08,7.418464e-01,1.892285e-13,6.712261e-10,6.931797e-08,5.684017e-01,1.487881e-13,1.112611e-09,6.379327e-03,8.885729e-03,2.228934e-03,4.055029e-15,1.236719e+02,1.798597e+09,1.062344e+02,1.464628e+09,1.149375e+02,1.917433e+09
55,monte carlo,2.115449e-11,2.225271e-01,7.840824e-10,1.086114e-09,2.043024e-13,4.048664e-11,1.425377e-01,1.068527e-09,2.755736e-10,4.386454e-13,4.072331e-11,2.196668e-01,6.193774e-10,3.885675e-10,3.219344e-13,2.166653e-11,2.830197e-01,7.731963e-10,9.256650e-10,3.927933e-13,6.883070e-08,5.563873e-01,1.717714e-13,9.958984e-10,8.541293e-08,6.370404e-01,2.266685e-13,6.955299e-10,6.714123e-08,5.176585e-01,1.916678e-13,1.864560e-09,-8.276534e-03,-4.104784e-03,-2.250869e-03,1.057794e-15,1.165940e+02,1.614743e+09,1.263653e+02,1.368919e+09,1.222410e+02,1.546330e+09
56,monte carlo,2.110738e-11,3.748984e-01,9.254130e-10,9.366364e-10,3.719552e-13,3.957787e-11,3.627669e-01,6.332048e-10,1.153475e-09,4.345127e-13,3.917205e-11,3.127748e-01,1.166677e-09,8.775650e-10,3.030157e-13,2.179638e-11,1.613747e-01,9.612613e-10,3.588727e-10,2.850693e-13,6.541934e-08,6.067816e-01,1.642601e-13,1.235654e-09,8.583078e-08,7.470710e-01,2.092397e-13,6.653941e-10,6.828547e-08,5.814795e-01,1.705393e-13,1.507824e-09,-3.813247e-03,8.076550e-03,-9.399497e-05,1.653201e-15,1.016120e+02,1.809939e+09,1.082810e+02,1.449476e+09,1.106790e+02,1.932552e+09
57,monte carlo,2.194865e-11,1.176903e-01,9.801390e-10,1.274053e-09,3.661164e-13,4.094775e-11,3.631098e-01,7.924321e-10,6.993336e-10,1.898785e-13,4.021843e-11,3.677564e-01,7.218425e-10,1.241352e-09,2.991528e-13,2.286890e-11,2.198323e-01,7.532011e-10,8.085242e-10,4.098813e-13,6.962674e-08,5.328865e-01,1.585330e-13,1.856464e-09,8.492189e-08,7.399243e-01,1.682891e-13,6.857726e-10,7.015217e-08,6.544479e-01,1.434694e-13,1.370317e-09,-2.494796e-03,4.734011e-06,-2.101859e-03,2.720470e-15,1.231438e+02,1.685509e+09,1.081692e+02,1.668000e+09,1.010269e+02,1.776954e+09
58,monte carlo,2.155301e-11,2.992083e-01,8.183455e-10,1.021265e-09,2.396250e-13,3.884609e-11,1.283051e-01,7.463865e-10,3.698403e-10,3.983886e-13,3.976112e-11,3.150990e-01,8.940395e-10,8.781721e-10,3.153447e-13,2.193128e-11,1.606795e-01,6.080546e-10,5.329302e-10,3.311149e-13,6.878274e-08,5.986313e-01,1.824817e-13,1.304862e-09,8.339402e-08,6.086626e-01,1.378993e-13,1.881317e-09,7.015320e-08,5.642207e-01,1.637678e-13,1.992979e-09,-8.686452e-03,5.932231e-03,1.047643e-03,2.797278e-15,1.082907e+02,1.543975e+09,1.291307e+02,1.670968e+09,1.171844e+02,1.793944e+09
59,monte carlo,2.170773e-11,1.900592e-01,7.084306e-10,1.024471e-09,1.690667e-13,3.715187e-11,1.078349e-01,9.769098e-10,7.530173e-10,5.211092e-13,4.091043e-11,3.895531e-01,1.010970e-09,8.451342e-10,2.820332e-13,2.246414e-11,3.922396e-01,1.160340e-09,1.014894e-09,4.167118e-13,6.572688e-08,5.063634e-01,1.780961e-13,1.941390e-09,8.430942e-08,6.153272e-01,1.880776e-13,1.426552e-09,6.481261e-08,4.997300e-01,1.716560e-13,1.685109e-09,3.988993e-03,7.922207e-04,-6.469023e-04,4.930202e-15,1.223353e+02,1.908187e+09,1.291342e+02,1.522717e+09,1.222349e+02,1.649801e+09
60,monte carlo,2.101752e-11,3.431496e-01,9.169696e-10,9.444575e-10,4.185705e-13,3.936812e-11,1.643674e-01,1.066904e-09,1.254739e-09,4.622120e-13,3.790965e-11,2.554019e-01,6.293076e-10,2.776050e-10,3.204809e-13,2.121162e-11,3.662167e-01,1.028018e-09,7.263970e-10,3.709313e-13,7.138098e-08,6.579682e-01,1.567033e-13,1.353010e-09,8.364953e-08,6.368368e-01,2.052919e-13,6.163800e-10,6.895271e-08,5.134953e-01,1.895142e-13,6.018491e-10,8.678070e-03,-4.716577e-03,2.268696e-03,4.478980e-15,1.022466e+02,1.801600e+09,1.237960e+02,1.513677e+09,1.265570e+02,1.784861e+09
61,monte carlo,2.236390e-11,1.724381e-01,1.054320e-09,1.284589e-09,3.756632e-13,3.917275e-11,2.767689e-01,7.773367e-10,1.027068e-09,3.781455e-13,4.074558e-11,2.391868e-01,1.171350e-09,1.203868e-09,3.940466e-13,2.296948e-11,2.618129e-01,9.855311e-10,9.330709e-10,3.994800e-13,6.552486e-08,5.286979e-01,2.020098e-13,1.959831e-09,7.996947e-08,6.023432e-01,2.209854e-13,1.861573e-09,6.619432e-08,4.894633e-01,1.360716e-13,8.582180e-10,5.353790e-03,-5.122369e-03,-8.918370e-04,1.818602e-15,1.168072e+02,1.683045e+09,1.251271e+02,1.317120e+09,1.274593e+02,1.852232e+09
62,monte carlo,2.280087e-11,3.892521e-01,1.148874e-09,1.260345e-09,1.797470e-13,3.785644e-11,3.729479e-01,1.056697e-09,1.239507e-09,3.436971e-13,3.854527e-11,2.170697e-01,6.822197e-10,3.216455e-10,5.159200e-13,2.260094e-11,2.765080e-01,1.073013e-09,3.322389e-10,3.419650e-13,6.714597e-08,6.108067e-01,1.834588e-13,8.041011e-10,7.831434e-08,7.229620e-01,1.523008e-13,1.192365e-09,7.116528e-08,6.294062e-01,1.618021e-13,1.465347e-09,-3.508633e-03,6.457807e-03,2.399687e-03,1.192085e-15,1.036066e+02,1.720636e+09,1.020932e+02,1.567917e+09,1.065634e+02,1.597799e+09
63,monte carlo,2.161791e-11,2.314995e-01,7.596986e-10,1.100691e-09,3.803866e-13,3.974033e-11,1.266830e-01,1.123644e-09,5.725316e-10,4.068990e-13,3.892281e-11,1.390281e-01,6.288495e-10,3.431393e-10,2.770752e-13,2.258556e-11,2.371021e-01,7.932968e-10,1.201058e-09,3.959055e-13,6.640300e-08,5.342135e-01,2.115580e-13,1.679841e-09,8.378695e-08,6.094937e-01,1.456315e-13,1.600699e-09,6.631865e-08,5.263425e-01,2.062982e-13,1.036050e-09,8.329795e-04,-9.904415e-03,-2.828864e-03,1.045672e-15,1.171505e+02,1.502659e+09,1.295622e+02,1.582058e+09,1.187513e+02,1.515763e+09
64,monte carlo,2.308662e-11,3.555892e-01,8.238488e-10,8.417917e-10,2.309237e-13,3.835641e-11,3.804258e-01,8.578269e-10,9.183405e-10,2.890768e-13,3.724409e-11,2.502376e-01,9.095261e-10,4.743415e-10,1.991444e-13,2.096828e-11,3.922816e-01,9.337606e-10,4.025033e-10,3.805788e-13,6.950948e-08,6.287309e-01,1.555001e-13,5.921932e-10,8.311821e-08,6.379882e-01,1.757641e-13,1.291448e-09,7.068478e-08,5.400788e-01,1.817578e-13,1.664293e-09,2.738806e-03,6.264841e-03,-2.977160e-03,1.556502e-15,1.041958e+02,1.762188e+09,1.227876e+02,1.478300e+09,1.233502e+02,1.848647e+09
65,monte carlo,2.217488e-11,3.882904e-01,8.203268e-10,5.211306e-10,2.776847e-13,3.790613e-11,1.278819e-01,9.517876e-10,8.871439e-10,2.068899e-13,3.770878e-11,2.596771e-01,8.862290e-10,1.093112e-09,2.625341e-13,2.226518e-11,2.498553e-01,9.909502e-10,8.185101e-10,4.387286e-13,6.599640e-08,5.857339e-01,1.755849e-13,1.637589e-09,8.595520e-08,7.755559e-01,2.240093e-13,7.356402e-10,6.544483e-08,6.046106e-01,2.252982e-13,1.192118e-09,-7.061665e-04,3.716656e-03,6.971756e-04,2.573486e-15,1.061918e+02,1.700199e+09,1.044552e+02,1.413130e+09,1.020166e+02,1.566687e+09
66,monte carlo,2.267911e-11,3.889015e-01,8.286671e-10,1.098368e-09,2.551471e-13,3.814521e-11,1.781915e-01,1.195359e-09,1.279908e-09,4.891720e-13,4.082639e-11,2.022216e-01,9.682616e-10,6.217925e-10,2.385591e-13,2.256330e-11,3.610879e-01,8.182620e-10,3.821704e-10,2.104228e-13,6.587419e-08,5.142736e-01,1.773343e-13,9.396834e-10,8.104763e-08,6.151484e-01,2.333391e-13,1.107119e-09,6.803934e-08,5.283824e-01,1.391619e-13,8.258458e-10,-8.166179e-03,-7.597625e-04,-2.867190e-03,1.887487e-15,1.207236e+02,1.572974e+09,1.241742e+02,1.310920e+09,1.213620e+02,1.851923e+09
67,monte carlo,2.113388e-11,3.975396e-01,1.176229e-09,4.843314e-10,2.578302e-13,3.998134e-11,1.317805e-01,1.133576e-09,1.109117e-09,1.784698e-13,3.950664e-11,3.748386e-01,7.001081e-10,1.131135e-09,2.536397e-13,2.246910e-11,2.365540e-01,1.186744e-09,3.487511e-10,2.249286e-13,7.111721e-08,5.490550e-01,2.234014e-13,1.280075e-09,8.601615e-08,6.655921e-01,2.048073e-13,1.915836e-09,6.492910e-08,4.976391e-01,2.070761e-13,1.690769e-09,8.161490e-04,-9.717480e-03,-2.785014e-03,4.077711e-15,1.220759e+02,1.573399e+09,1.217988e+02,1.414258e+09,1.229691e+02,1.605125e+09
68,monte carlo,2.182401e-11,1.207168e-01,9.096609e-10,5.150920e-10,3.734320e-13,3.968908e-11,2.303797e-01,6.261479e-10,5.223232e-10,3.078971e-13,4.035850e-11,1.918680e-01,6.977699e-10,1.176641e-09,4.440279e-13,2.129440e-11,2.253060e-01,1.197828e-09,1.063298e-09,1.975253e-13,6.772709e-08,5.591270e-01,1.718225e-13,1.597306e-09,8.037701e-08,7.059121e-01,1.991206e-13,1.766238e-09,6.922782e-08,6.469867e-01,1.759530e-13,5.081875e-10,-4.227824e-04,1.574858e-03,1.025664e-03,1.759134e-15,1.141624e+02,1.831293e+09,1.073130e+02,1.603687e+09,1.008455e+02,1.884070e+09
69,monte carlo,2.206146e-11,3.938711e-01,1.135169e-09,4.194871e-10,2.062848e-13,3.922666e-11,2.877540e-01,1.061367e-09,3.786581e-10,4.104927e-13,3.791177e-11,2.964393e-01,9.346751e-10,7.771245e-10,2.395385e-13,2.209492e-11,2.605698e-01,9.877739e-10,1.219174e-09,2.655481e-13,6.861946e-08,5.135446e-01,1.954517e-13,5.794427e-10,8.587351e-08,6.291144e-01,1.436481e-13,5.509482e-10,7.011591e-08,5.233885e-01,1.885745e-13,1.333766e-09,-2.757113e-03,4.066685e-03,1.430543e-03,6.751148e-16,1.259332e+02,1.711773e+09,1.286473e+02,1.614477e+09,1.262593e+02,1.622809e+09
70,monte carlo,2.308908e-11,3.459349e-01,1.137683e-09,1.170484e-09,2.515701e-13,4.017129e-11,1.741603e-01,1.094842e-09,4.808510e-10,2.490852e-13,3.712712e-11,1.228536e-01,7.172378e-10,3.477454e-10,4.749318e-13,2.300855e-11,3.681819e-01,7.786750e-10,1.155583e-09,2.926111e-13,6.968991e-08,5.454971e-01,1.288696e-13,1.963897e-09,7.869499e-08,7.306895e-01,2.096813e-13,1.540439e-09,6.691048e-08,5.237918e-01,2.084932e-13,1.963732e-09,6.586186e-03,4.373758e-03,-1.363357e-03,3.059641e-15,1.204061e+02,1.901768e+09,1.015045e+02,1.477384e+09,1.203945e+02,1.703336e+09
71,monte carlo,2.143438e-11,2.989434e-01,6.580103e-10,7.375526e-10,1.947610e-13,4.004260e-11,3.871556e-01,7.805552e-10,9.774244e-10,5.094412e-13,3.940069e-11,1.680316e-01,9.320660e-10,1.131095e-09,4.902813e-13,2.132725e-11,2.063003e-01,1.076392e-09,5.130123e-10,1.754007e-13,6.759296e-08,6.014046e-01,1.423056e-13,1.430675e-09,8.501687e-08,7.899671e-01,1.317450e-13,1.776360e-09,6.639210e-08,5.503609e-01,2.298790e-13,1.784994e-09,-8.955444e-03,4.363407e-03,2.303450e-03,9.417004e-16,1.059268e+02,1.773859e+09,1.014302e+02,1.675505e+09,1.136946e+02,1.501538e+09
72,monte carlo,2.127555e-11,3.135880e-01,8.434486e-10,3.732321e-10,3.822698e-13,3.801134e-11,1.493436e-01,7.639918e-10,7.561779e-10,2.266350e-13,3.999674e-11,1.968265e-01,6.332833e-10,1.273492e-09,2.377820e-13,2.099887e-11,3.287976e-01,1.113607e-09,6.169301e-10,4.504454e-13,6.775523e-08,4.923683e-01,1.962166e-13,1.730391e-09,8.291213e-08,6.713348e-01,1.634942e-13,1.977728e-09,6.693989e-08,5.447819e-01,2.081424e-13,1.259893e-09,-7.292301e-03,7.053861e-03,-2.780150e-03,2.400254e-15,1.296952e+02,1.655692e+09,1.163992e+02,1.501678e+09,1.158066e+02,1.643862e+09
73,monte carlo,2.182801e-11,3.803163e-01,1.102873e-09,1.037370e-09,2.674522e-13,3.777308e-11,1.307010e-01,1.057604e-09,7.663524e-10,4.047834e-13,3.814588e-11,3.086505e-01,7.306182e-10,6.339733e-10,3.548683e-13,2.266162e-11,1.339944e-01,9.110099e-10,4.982813e-10,3.811359e-13,6.752298e-08,5.096830e-01,1.698394e-13,1.040690e-09,8.170190e-08,7.611685e-01,2.009189e-13,1.091166e-09,6.788756e-08,5.494154e-01,1.921431e-13,8.922616e-10,7.051551e-03,1.737307e-03,2.818765e-03,2.289756e-15,1.248598e+02,1.874381e+09,1.011632e+02,1.476763e+09,1.164556e+02,1.656313e+09
74,monte carlo,2.252391e-11,3.908020e-01,8.421914e-10,6.451486e-10,4.901785e-13,3.913572e-11,3.404227e-01,7.296822e-10,1.057674e-09,3.580362e-13,3.792513e-11,2.696846e-01,1.061775e-09,1.148773e-09,4.738578e-13,2.219245e-11,2.349097e-01,1.107863e-09,4.923186e-10,4.752792e-13,6.461928e-08,5.911256e-01,1.410017e-13,1.375765e-09,8.135465e-08,6.230319e-01,1.816109e-13,1.886201e-09,6.965790e-08,5.992671e-01,1.351221e-13,9.680842e-10,-2.766887e-03,-9.017379e-03,-7.856411e-04,4.523036e-15,1.030276e+02,1.828188e+09,1.230675e+02,1.456743e+09,1.095522e+02,1.801161e+09
75,monte carlo,2.157220e-11,1.337775e-01,1.167460e-09,9.094877e-10,2.648202e-13,3.976899e-11,1.249167e-01,6.488044e-10,5.762432e-10,5.065103e-13,3.758507e-11,3.689926e-01,8.531521e-10,5.160053e-10,1.767856e-13,2.129137e-11,3.175829e-01,1.073598e-09,5.191254e-10,4.661064e-13,6.870740e-08,5.284053e-01,1.865283e-13,5.842163e-10,8.207716e-08,6.856896e-01,1.680032e-13,1.649498e-09,7.130228e-08,5.190794e-01,1.607082e-13,1.554032e-09,-4.464756e-03,-7.730604e-03,-1.528025e-03,9.383467e-16,1.225484e+02,1.782963e+09,1.128148e+02,1.478974e+09,1.294615e+02,1.743927e+09
76,monte carlo,2.279956e-11,3.004286e-01,1.044794e-09,3.159016e-10,4.771168e-13,3.816667e-11,3.337654e-01,8.921439e-10,9.989310e-10,4.874935e-13,3.756577e-11,1.408280e-01,8.757052e-10,4.690535e-10,5.170267e-13,2.239923e-11,1.252504e-01,6.607329e-10,7.527755e-10,4.941773e-13,6.724010e-08,5.664597e-01,1.765939e-13,1.071527e-09,8.169367e-08,7.012806e-01,1.608582e-13,1.380360e-09,6.752752e-08,5.294117e-01,1.440294e-13,1.188843e-09,1.847845e-03,-6.447180e-03,-6.407627e-04,3.538637e-15,1.118743e+02,1.927729e+09,1.097912e+02,1.682462e+09,1.202149e+02,1.750171e+09
77,monte carlo,2.308111e-11,3.003376e-01,1.173932e-09,1.214072e-09,2.685576e-13,3.885981e-11,3.127355e-01,8.479574e-10,1.171667e-09,3.276989e-13,3.803581e-11,1.276412e-01,1.087855e-09,8.483755e-10,3.179769e-13,2.164260e-11,3.057579e-01,1.128245e-09,9.570081e-10,4.185697e-13,6.770900e-08,6.231997e-01,1.995016e-13,7.587505e-10,8.070040e-08,6.116183e-01,1.831349e-13,5.837883e-10,6.968222e-08,6.490328e-01,1.761696e-13,1.077840e-09,9.892021e-03,-7.026543e-03,-1.897306e-03,2.559153e-15,1.023977e+02,1.575537e+09,1.243559e+02,1.479877e+09,1.011874e+02,1.891435e+09
78,monte carlo,2.285662e-11,3.792908e-01,7.952711e-10,4.797690e-10,4.510594e-13,4.061962e-11,3.338931e-01,9.997063e-10,7.796309e-10,5.094586e-13,3.719726e-11,3.545989e-01,6.474229e-10,4.989771e-10,2.174690e-13,2.309021e-11,3.030381e-01,1.002607e-09,5.660334e-10,4.695830e-13,6.812887e-08,5.510603e-01,2.104448e-13,1.801647e-09,8.013026e-08,6.248632e-01,1.497989e-13,1.699006e-09,6.798241e-08,5.414820e-01,1.795867e-13,1.922985e-09,-9.367064e-03,-1.668905e-03,-1.114565e-03,6.011613e-16,1.165207e+02,1.643353e+09,1.208600e+02,1.636087e+09,1.183269e+02,1.838310e+09
79,monte carlo,2.279608e-11,3.427492e-01,6.418177e-10,1.152512e-09,3.458161e-13,3.891392e-11,2.275138e-01,8.291478e-10,9.471194e-10,3.663685e-13,4.028625e-11,3.836137e-01,1.158846e-09,5.973545e-10,3.118640e-13,2.148664e-11,1.225900e-01,8.719576e-10,1.159778e-09,5.102609e-13,6.722306e-08,5.285413e-01,1.696317e-13,1.995904e-09,7.847811e-08,6.667709e-01,1.780459e-13,9.686126e-10,7.023744e-08,5.279242e-01,2.144467e-13,8.339881e-10,-3.666189e-03,-1.106485e-03,-2.332836e-03,1.040610e-15,1.198700e+02,1.696453e+09,1.109285e+02,1.437682e+09,1.253915e+02,1.629412e+09
80,monte carlo,2.262491e-11,3.373891e-01,9.461756e-10,9.449934e-10,3.653800e-13,3.730415e-11,3.033246e-01,8.675983e-10,6.094816e-10,2.987150e-13,3.959795e-11,3.635885e-01,1.085456e-09,3.864249e-10,3.938340e-13,2.248466e-11,1.596182e-01,7.125739e-10,8.223085e-10,3.920285e-13,6.767562e-08,5.286469e-01,2.115102e-13,5.790034e-10,7.851190e-08,5.789918e-01,1.422899e-13,1.391429e-09,6.836410e-08,5.619395e-01,1.812546e-13,1.468498e-09,-3.168912e-03,8.973776e-03,-2.150370e-04,1.666442e-15,1.206529e+02,1.504398e+09,1.278010e+02,1.628524e+09,1.146594e+02,1.526339e+09
81,monte carlo,2.091433e-11,2.539701e-01,1.139373e-09,1.054610e-09,2.101627e-13,3.739050e-11,3.579725e-01,1.021597e-09,8.524022e-10,4.384678e-13,4.022552e-11,1.341947e-01,9.326401e-10,1.184558e-09,3.376195e-13,2.100523e-11,2.064552e-01,6.813715e-10,4.547308e-10,2.773992e-13,6.923228e-08,6.140928e-01,1.730749e-13,5.110772e-10,8.458012e-08,7.082187e-01,2.475103e-13,1.735935e-09,6.833435e-08,6.137138e-01,1.374972e-13,1.397274e-09,-4.895420e-03,9.226852e-03,4.068350e-05,4.572525e-15,1.062541e+02,1.855800e+09,1.125569e+02,1.311530e+09,1.049408e+02,1.929694e+09
82,monte carlo,2.197515e-11,3.517817e-01,7.929972e-10,9.182400e-10,4.942011e-13,4.090548e-11,1.007604e-01,1.016262e-09,4.438633e-10,4.808532e-13,3.934645e-11,1.845098e-01,9.309099e-10,1.023300e-09,3.537973e-13,2.234257e-11,3.642288e-01,9.429968e-10,6.241357e-10,3.637493e-13,6.721213e-08,6.295892e-01,1.966408e-13,1.188151e-09,8.588519e-08,7.344089e-01,1.439441e-13,1.133430e-09,6.689983e-08,5.924705e-01,1.333495e-13,6.261187e-10,2.927169e-03,-6.694354e-03,1.005716e-03,1.276857e-15,1.006147e+02,1.786876e+09,1.102177e+02,1.658226e+09,1.064215e+02,1.875089e+09
83,monte carlo,2.260884e-11,2.981345e-01,1.075255e-09,4.892414e-10,5.134820e-13,3.890965e-11,3.710176e-01,1.106750e-09,3.844744e-10,4.493913e-13,4.006851e-11,1.923557e-01,1.155710e-09,9.435834e-10,4.793778e-13,2.306873e-11,1.225433e-01,6.553153e-10,6.154642e-10,4.270245e-13,6.587555e-08,5.809688e-01,2.119779e-13,1.423249e-09,8.354341e-08,6.787193e-01,1.904901e-13,1.234701e-09,6.575586e-08,5.121677e-01,1.561699e-13,5.229817e-10,-4.218257e-03,-5.292956e-03,-2.549627e-03,2.715818e-15,1.068667e+02,1.603064e+09,1.160094e+02,1.422600e+09,1.210022e+02,1.773203e+09
84,monte carlo,2.111698e-11,3.903113e-01,8.030527e-10,1.022597e-09,1.776964e-13,3.919445e-11,1.302695e-01,1.149032e-09,6.308983e-10,4.101622e-13,3.969561e-11,3.506409e-01,6.197770e-10,4.728245e-10,4.894321e-13,2.190955e-11,3.750057e-01,9.594533e-10,6.462105e-10,1.795455e-13,7.102957e-08,6.076157e-01,1.498051e-13,1.941526e-09,8.518833e-08,7.416666e-01,1.898732e-13,1.867644e-09,6.481306e-08,4.984426e-01,1.729660e-13,1.883393e-09,-7.586886e-04,-4.140500e-04,1.761754e-03,3.335297e-15,1.101746e+02,1.793962e+09,1.082536e+02,1.450988e+09,1.225515e+02,1.768194e+09
85,monte carlo,2.154803e-11,3.742239e-01,8.630563e-10,8.573710e-10,3.547221e-13,3.947519e-11,3.931296e-01,7.765653e-10,1.120399e-09,3.371647e-13,4.084285e-11,3.215504e-01,7.611951e-10,6.562797e-10,2.986434e-13,2.258654e-11,1.348035e-01,8.576553e-10,6.343469e-10,2.880039e-13,6.821343e-08,6.246282e-01,1.956897e-13,1.107841e-09,8.470531e-08,7.171876e-01,1.729282e-13,7.647514e-10,6.768520e-08,5.430715e-01,1.248476e-13,5.996740e-10,-1.543169e-03,-8.938549e-03,2.042716e-03,3.002259e-15,1.029247e+02,1.680254e+09,1.113138e+02,1.431283e+09,1.174648e+02,1.897344e+09
86,monte carlo,2.260883e-11,3.996207e-01,8.959609e-10,1.125545e-09,3.229806e-13,4.048372e-11,3.267309e-01,8.925849e-10,8.352407e-10,3.059106e-13,3.747489e-11,2.700207e-01,1.097743e-09,4.728626e-10,3.345285e-13,2.226465e-11,3.747487e-01,1.068604e-09,3.083908e-10,3.365568e-13,6.562156e-08,5.310780e-01,1.678822e-13,1.798865e-09,8.451632e-08,6.831057e-01,1.869259e-13,1.652835e-09,7.130009e-08,6.453486e-01,1.331226e-13,6.316132e-10,8.274751e-03,9.356476e-03,2.887585e-03,5.809931e-16,1.164553e+02,1.947111e+09,1.166068e+02,1.639275e+09,1.041278e+02,1.898966e+09
87,monte carlo,2.301858e-11,3.164455e-01,7.284885e-10,5.700963e-10,2.866887e-13,3.937289e-11,3.042295e-01,8.714887e-10,7.842705e-10,2.906028e-13,3.739387e-11,2.351153e-01,9.293330e-10,4.623845e-10,5.286573e-13,2.108654e-11,1.252939e-01,7.542639e-10,2.945576e-10,3.986346e-13,6.488607e-08,5.091570e-01,1.863812e-13,1.110545e-09,8.109938e-08,7.247180e-01,2.289736e-13,9.146490e-10,6.515091e-08,5.342184e-01,1.632538e-13,1.186023e-09,-3.230017e-03,-5.805526e-03,-1.333497e-03,1.256048e-15,1.201077e+02,1.861088e+09,1.054677e+02,1.387335e+09,1.149404e+02,1.804599e+09
88,monte carlo,2.227815e-11,3.860527e-01,1.015375e-09,3.787226e-10,4.951911e-13,3.791012e-11,2.679881e-01,6.546714e-10,1.032356e-09,3.497759e-13,4.068606e-11,2.750078e-01,1.060538e-09,5.377558e-10,2.089597e-13,2.271456e-11,2.874791e-01,1.118840e-09,4.867706e-10,2.285092e-13,6.486085e-08,5.391176e-01,1.395849e-13,1.615238e-09,8.432509e-08,7.590149e-01,1.980553e-13,1.338046e-09,6.923185e-08,5.997348e-01,1.564932e-13,1.129717e-09,-6.934163e-03,1.361102e-03,6.732210e-04,1.417340e-15,1.133888e+02,1.848932e+09,1.047075e+02,1.489202e+09,1.087972e+02,1.677133e+09
89,monte carlo,2.122229e-11,1.567776e-01,6.502473e-10,8.904084e-10,2.373749e-13,4.001792e-11,1.395695e-01,1.097907e-09,1.076399e-09,2.280050e-13,3.727317e-11,3.484117e-01,6.179272e-10,1.109184e-09,4.404250e-13,2.260157e-11,1.219848e-01,1.144656e-09,3.311421e-10,5.039964e-13,6.836409e-08,5.163348e-01,1.646253e-13,1.059274e-09,7.984480e-08,5.873472e-01,2.401585e-13,6.481628e-10,6.741185e-08,5.702053e-01,1.574953e-13,8.245931e-10,8.560437e-03,-3.556226e-04,2.098192e-03,3.979990e-15,1.247865e+02,1.893152e+09,1.281218e+02,1.334623e+09,1.114233e+02,1.904669e+09
90,monte carlo,2.115646e-11,3.041615e-01,1.051639e-09,7.295066e-10,1.892260e-13,3.709729e-11,2.916069e-01,6.772919e-10,5.089190e-10,5.092660e-13,4.044124e-11,3.326604e-01,7.825158e-10,8.783483e-10,1.734400e-13,2.204851e-11,3.460479e-01,8.659908e-10,1.067488e-09,4.082290e-13,6.470045e-08,4.711135e-01,1.779829e-13,1.818780e-09,8.246874e-08,7.770301e-01,1.897847e-13,1.441326e-09,7.112361e-08,6.140348e-01,1.806590e-13,1.582598e-09,-6.564357e-04,-7.545687e-03,1.819802e-03,1.853789e-15,1.294353e+02,1.858360e+09,1.000282e+02,1.574198e+09,1.091671e+02,1.555655e+09
91,monte carlo,2.114052e-11,2.401416e-01,7.217772e-10,8.276835e-10,4.347831e-13,3.895577e-11,2.107628e-01,1.125241e-09,1.090900e-09,4.683241e-13,3.816238e-11,3.278833e-01,1.121078e-09,4.912827e-10,2.151697e-13,2.098909e-11,3.662392e-01,9.551979e-10,9.838206e-10,2.554231e-13,6.683668e-08,5.189728e-01,1.709464e-13,1.297504e-09,8.563041e-08,7.512296e-01,2.142780e-13,1.992717e-09,6.835561e-08,6.310483e-01,1.824304e-13,6.492536e-10,-5.437578e-03,4.267181e-03,7.067961e-04,3.687812e-15,1.213784e+02,1.887905e+09,1.074302e+02,1.412830e+09,1.020899e+02,1.654166e+09
92,monte carlo,2.102430e-11,1.642196e-01,7.148900e-10,7.213570e-10,3.985181e-13,3.815816e-11,2.972531e-01,7.387228e-10,2.847014e-10,2.839089e-13,3.881213e-11,3.542542e-01,1.034294e-09,3.988988e-10,5.294394e-13,2.287977e-11,3.045938e-01,6.943898e-10,5.064505e-10,3.428300e-13,6.884576e-08,5.042117e-01,1.534513e-13,9.050512e-10,8.601388e-08,6.361334e-01,1.697898e-13,7.857486e-10,6.990597e-08,5.680876e-01,1.447717e-13,7.805193e-10,8.483855e-03,9.288856e-03,5.141142e-05,2.384892e-15,1.286872e+02,1.840757e+09,1.274358e+02,1.442960e+09,1.159765e+02,1.902469e+09
93,monte carlo,2.289279e-11,2.515100e-01,7.437718e-10,1.078886e-09,2.828070e-13,3.987009e-11,1.254103e-01,9.088402e-10,8.927294e-10,4.818711e-13,4.028460e-11,3.241669e-01,6.686233e-10,1.119647e-09,4.340465e-13,2.093947e-11,2.500504e-01,9.409383e-10,1.031528e-09,1.927322e-13,6.838311e-08,6.133752e-01,1.884522e-13,9.007301e-10,8.240885e-08,6.135882e-01,2.346391e-13,1.155994e-09,6.845948e-08,4.997903e-01,1.330544e-13,1.928437e-09,-4.984882e-03,6.056195e-03,1.582073e-03,2.310722e-15,1.050736e+02,1.708388e+09,1.265809e+02,1.393430e+09,1.290972e+02,1.932684e+09
94,monte carlo,2.144088e-11,2.305265e-01,9.452848e-10,1.087698e-09,3.865187e-13,3.835991e-11,2.820173e-01,1.180022e-09,4.496992e-10,2.066020e-13,3.987795e-11,3.450715e-01,7.215246e-10,1.062734e-09,4.841319e-13,2.227585e-11,1.514656e-01,1.135328e-09,1.031423e-09,4.877553e-13,6.877812e-08,5.134111e-01,2.016620e-13,7.490476e-10,7.822575e-08,5.784727e-01,2.191421e-13,1.676226e-09,6.544139e-08,5.191503e-01,1.485452e-13,1.375237e-09,-8.087657e-03,-9.109813e-04,7.029177e-04,4.379435e-15,1.262572e+02,1.647974e+09,1.274495e+02,1.462375e+09,1.188039e+02,1.832373e+09
95,monte carlo,2.104497e-11,3.443049e-01,1.164927e-09,1.056472e-09,3.964935e-13,3.782192e-11,3.436662e-01,1.022599e-09,4.293900e-10,3.473156e-13,3.856315e-11,3.805587e-01,1.031578e-09,2.757416e-10,1.842793e-13,2.101051e-11,2.694961e-01,1.169828e-09,1.079993e-09,5.075540e-13,6.833485e-08,6.316768e-01,1.338140e-13,5.519388e-10,8.345074e-08,6.845355e-01,1.555555e-13,1.254692e-09,7.095967e-08,5.215586e-01,1.749616e-13,1.988721e-09,6.691269e-03,8.822213e-03,-2.086491e-03,3.128232e-15,1.019573e+02,1.843449e+09,1.148961e+02,1.533630e+09,1.282271e+02,1.644626e+09
96,monte carlo,2.159888e-11,2.785681e-01,1.129500e-09,7.287948e-10,1.958876e-13,4.093644e-11,1.444747e-01,8.341428e-10,7.132747e-10,2.427209e-13,4.035508e-11,1.004907e-01,8.098851e-10,7.569820e-10,3.642363e-13,2.248786e-11,2.493602e-01,1.129853e-09,9.749960e-10,2.228658e-13,6.855514e-08,6.158470e-01,1.638393e-13,1.857498e-09,8.465309e-08,7.055356e-01,1.371970e-13,1.521640e-09,7.047147e-08,5.661420e-01,1.805884e-13,1.444332e-09,-6.934545e-03,6.433534e-04,1.915693e-04,2.758861e-15,1.049152e+02,1.607923e+09,1.130824e+02,1.671483e+09,1.173165e+02,1.578342e+09
97,monte carlo,2.274426e-11,1.497139e-01,1.046748e-09,1.289123e-09,3.586102e-13,4.018275e-11,1.161109e-01,1.099561e-09,1.017866e-09,3.697495e-13,3.887110e-11,2.498157e-01,9.824079e-10,1.084393e-09,3.430132e-13,2.182978e-11,1.559900e-01,1.028791e-09,1.054001e-09,2.812542e-13,6.881557e-08,5.176303e-01,2.226472e-13,1.273010e-09,7.791368e-08,6.019976e-01,1.845509e-13,1.821362e-09,6.815263e-08,5.710587e-01,1.811790e-13,5.094820e-10,9.852165e-03,-9.598346e-03,2.360655e-03,7.576815e-16,1.252963e+02,1.556923e+09,1.219804e+02,1.612822e+09,1.124794e+02,1.533598e+09
98,monte carlo,2.148599e-11,3.623013e-01,1.084324e-09,8.544304e-10,2.414365e-13,3.786746e-11,1.131144e-01,8.681836e-10,4.581089e-10,3.041259e-13,3.730857e-11,2.776911e-01,6.428262e-10,3.724089e-10,3.642204e-13,2.091878e-11,3.113475e-01,7.189164e-10,3.885297e-10,4.249312e-13,6.636984e-08,4.848843e-01,1.637148e-13,9.669917e-10,8.371182e-08,7.541419e-01,1.823230e-13,5.661419e-10,6.720915e-08,5.041228e-01,2.219729e-13,1.304091e-09,-4.330988e-03,3.227335e-03,-1.694528e-03,2.909952e-15,1.290042e+02,1.936833e+09,1.046176e+02,1.456356e+09,1.256502e+02,1.557216e+09
99,monte carlo,2.104413e-11,2.136848e-01,9.064510e-10,1.010957e-09,3.626872e-13,3.953852e-11,3.213853e-01,6.044186e-10,5.681935e-10,4.956440e-13,3.864025e-11,1.572699e-01,8.263186e-10,7.691533e-10,2.530980e-13,2.260660e-11,3.885678e-01,1.022001e-09,5.514871e-10,2.026340e-13,6.992038e-08,5.499336e-01,2.029591e-13,1.784641e-09,8.527593e-08,6.928966e-01,1.890774e-13,1.484567e-09,7.037139e-08,5.329192e-01,1.274044e-13,1.912160e-09,6.144100e-03,-4.393063e-03,1.885344e-05,3.240806e-15,1.198297e+02,1.596505e+09,1.159923e+02,1.617328e+09,1.244531e+02,1.858025e+09
100,monte carlo,2.217682e-11,3.766898e-01,8.162953e-10,7.532816e-10,4.890579e-13,3.971613e-11,3.061851e-01,7.743430e-10,5.855940e-10,3.141373e-13,4.088355e-11,3.809479e-01,7.239497e-10,8.364210e-10,2.527285e-13,2.225742e-11,2.225025e-01,7.191182e-10,8.743567e-10,4.842333e-13,6.479967e-08,6.038740e-01,2.140085e-13,1.302936e-09,8.575069e-08,7.060940e-01,1.901169e-13,1.373044e-09,6.973052e-08,5.232660e-01,1.678614e-13,1.639326e-09,6.679250e-04,8.839330e-03,-1.866331e-03,2.948596e-15,1.011341e+02,1.552204e+09,1.144580e+02,1.492545e+09,1.255948e+02,1.575045e+09
101,monte carlo,2.133746e-11,3.871484e-01,7.839476e-10,3.213178e-10,4.298494e-13,4.028341e-11,3.572368e-01,9.879167e-10,5.680743e-10,2.877183e-13,4.007999e-11,3.851094e-01,1.108135e-09,5.317219e-10,4.489221e-13,2.262494e-11,1.388141e-01,7.892046e-10,8.224666e-10,3.247538e-13,6.895738e-08,6.222525e-01,2.286791e-13,8.649977e-10,8.219651e-08,6.804902e-01,2.282908e-13,6.266133e-10,6.754262e-08,5.770402e-01,1.644725e-13,9.860977e-10,-1.438588e-04,-7.980016e-03,1.718180e-03,1.734336e-15,1.044444e+02,1.547586e+09,1.138420e+02,1.346288e+09,1.103171e+02,1.708674e+09
102,monte carlo,2.135440e-11,1.474736e-01,1.181014e-09,1.100131e-09,2.713914e-13,4.010449e-11,2.627844e-01,1.097813e-09,6.536533e-10,2.734444e-13,3.967251e-11,3.531345e-01,1.109192e-09,6.919173e-10,1.838063e-13,2.238937e-11,3.705017e-01,8.851143e-10,9.742250e-10,4.471118e-13,6.510784e-08,4.995378e-01,1.890563e-13,7.175648e-10,8.114790e-08,6.670009e-01,2.048791e-13,5.952667e-10,6.468768e-08,5.334451e-01,1.883541e-13,1.549295e-09,-6.408699e-03,-3.060504e-03,-5.274833e-04,3.178691e-15,1.228389e+02,1.834259e+09,1.146627e+02,1.393291e+09,1.142886e+02,1.759477e+09
103,monte carlo,2.218555e-11,1.966487e-01,8.278793e-10,9.023430e-10,4.151769e-13,3.931015e-11,2.520515e-01,6.283189e-10,5.972515e-10,3.842382e-13,3.782521e-11,2.571078e-01,6.069659e-10,1.247906e-09,1.941696e-13,2.128698e-11,3.711441e-01,1.089963e-09,4.786455e-10,2.251743e-13,6.828386e-08,5.709865e-01,1.805897e-13,1.144098e-09,8.426462e-08,6.792896e-01,1.832198e-13,8.447056e-10,6.732347e-08,4.953534e-01,1.725854e-13,1.552276e-09,-7.206649e-03,3.576235e-03,2.224403e-03,3.007609e-15,1.127102e+02,1.685882e+09,1.169126e+02,1.565496e+09,1.280921e+02,1.740294e+09
104,monte carlo,2.229394e-11,1.467411e-01,1.165647e-09,6.559285e-10,4.082965e-13,3.846498e-11,3.773123e-01,7.508202e-10,1.099161e-09,2.120055e-13,3.863130e-11,3.436182e-01,7.770000e-10,7.538258e-10,3.900716e-13,2.271436e-11,2.330458e-01,8.448851e-10,5.146276e-10,2.372755e-13,7.059943e-08,5.674523e-01,1.920400e-13,1.073018e-09,8.449114e-08,7.121530e-01,2.038082e-13,1.307895e-09,6.976437e-08,5.579694e-01,1.783718e-13,1.609549e-09,3.786400e-04,-9.537661e-03,1.131236e-03,6.322826e-16,1.172581e+02,1.519195e+09,1.118173e+02,1.502275e+09,1.178405e+02,1.850040e+09
105,monte carlo,2.216536e-11,2.853922e-01,1.080492e-09,7.090544e-10,4.604977e-13,4.074513e-11,2.448062e-01,6.559244e-10,2.834753e-10,4.969145e-13,3.877920e-11,2.479955e-01,1.045417e-09,1.042039e-09,5.262444e-13,2.260291e-11,3.203962e-01,1.171409e-09,7.117201e-10,3.655297e-13,6.660646e-08,5.506500e-01,1.977809e-13,1.454001e-09,7.865037e-08,6.494689e-01,2.117007e-13,9.861910e-10,6.592695e-08,5.350310e-01,1.368243e-13,1.210308e-09,-3.319688e-03,3.354365e-03,1.104538e-03,3.750608e-15,1.140018e+02,1.563878e+09,1.141336e+02,1.541634e+09,1.161329e+02,1.938186e+09
106,monte carlo,2.135144e-11,2.450899e-01,1.083405e-09,9.003810e-10,3.010264e-13,4.094527e-11,3.389735e-01,1.193585e-09,1.130637e-09,1.987114e-13,4.020533e-11,3.937192e-01,8.280057e-10,9.397284e-10,4.207956e-13,2.204458e-11,3.931384e-01,1.119613e-09,1.130546e-09,3.678622e-13,6.937118e-08,6.454740e-01,2.026886e-13,5.779754e-10,7.835884e-08,6.451323e-01,2.223242e-13,5.707785e-10,6.570475e-08,5.559366e-01,2.089147e-13,7.962541e-10,-3.887075e-03,-1.290100e-03,6.179582e-04,1.626191e-15,1.012911e+02,1.650486e+09,1.144749e+02,1.383911e+09,1.113891e+02,1.653987e+09
107,monte carlo,2.262794e-11,1.086125e-01,9.477926e-10,1.242311e-09,2.105959e-13,4.016392e-11,1.038253e-01,1.075411e-09,9.843802e-10,5.271646e-13,4.063396e-11,3.202279e-01,6.072434e-10,1.206942e-09,4.266316e-13,2.230336e-11,2.111658e-01,8.822510e-10,4.717383e-10,2.030891e-13,6.914526e-08,5.771703e-01,1.505034e-13,6.139612e-10,8.176757e-08,6.203205e-01,1.962790e-13,1.057167e-09,6.814726e-08,6.375900e-01,1.496345e-13,1.452800e-09,6.196558e-03,7.778815e-03,-3.278743e-04,4.980460e-15,1.129093e+02,1.927193e+09,1.242327e+02,1.363150e+09,1.007345e+02,1.722175e+09
108,monte carlo,2.306643e-11,2.373974e-01,8.981226e-10,4.478557e-10,4.380343e-13,3.887101e-11,3.380821e-01,6.796783e-10,3.586770e-10,2.820203e-13,3.985175e-11,1.420996e-01,1.081416e-09,1.171568e-09,4.969879e-13,2.109143e-11,1.945713e-01,8.444606e-10,4.123005e-10,3.274448e-13,6.510188e-08,5.724384e-01,2.195873e-13,1.157665e-09,7.791851e-08,6.200523e-01,1.946067e-13,1.972474e-09,6.643223e-08,5.905223e-01,1.844172e-13,6.338137e-10,8.316685e-03,-3.374397e-03,-9.895735e-04,3.549615e-15,1.071855e+02,1.551047e+09,1.184359e+02,1.526828e+09,1.060263e+02,1.764339e+09
109,monte carlo,2.222747e-11,3.819631e-01,6.487631e-10,6.190384e-10,4.511120e-13,3.929733e-11,1.994776e-01,1.131652e-09,4.219340e-10,5.160190e-13,3.888658e-11,2.487966e-01,8.930290e-10,8.256675e-10,2.700667e-13,2.294320e-11,2.478874e-01,1.161815e-09,1.142061e-09,2.950302e-13,6.967967e-08,6.389117e-01,1.764521e-13,1.705498e-09,8.304743e-08,6.203836e-01,1.854017e-13,1.797629e-09,6.689745e-08,6.246666e-01,2.149022e-13,1.679340e-09,3.081195e-03,-7.866786e-03,-6.378819e-04,3.786171e-15,1.027866e+02,1.930270e+09,1.261645e+02,1.659256e+09,1.009328e+02,1.515108e+09
110,monte carlo,2.096487e-11,3.680528e-01,7.696227e-10,8.105064e-10,3.841911e-13,3.862449e-11,1.950196e-01,1.074575e-09,1.122859e-09,3.491545e-13,4.080844e-11,3.138871e-01,8.409049e-10,9.275073e-10,3.626418e-13,2.144934e-11,1.051925e-01,6.467317e-10,3.590331e-10,2.413732e-13,6.982066e-08,5.152961e-01,1.975615e-13,8.314707e-10,8.093027e-08,7.476920e-01,1.447334e-13,5.991170e-10,6.979715e-08,5.407483e-01,1.888591e-13,7.284748e-10,4.077967e-04,-1.479435e-03,-2.975649e-03,2.488808e-15,1.277022e+02,1.603222e+09,1.020139e+02,1.624600e+09,1.216504e+02,1.782413e+09
111,monte carlo,2.163250e-11,2.175371e-01,8.173014e-10,3.038972e-10,3.984854e-13,3.829537e-11,1.274992e-01,6.278138e-10,8.247606e-10,2.483491e-13,3.717093e-11,3.563269e-01,1.057296e-09,4.614280e-10,1.963258e-13,2.209539e-11,1.991148e-01,9.305002e-10,9.367804e-10,3.590329e-13,6.860868e-08,5.625235e-01,2.040681e-13,1.981666e-09,8.565746e-08,7.346469e-01,2.080412e-13,1.647536e-09,6.581975e-08,5.431298e-01,1.461509e-13,1.476971e-09,2.708339e-03,1.474553e-04,7.650337e-04,3.741001e-15,1.149502e+02,1.585476e+09,1.098899e+02,1.429284e+09,1.142151e+02,1.923634e+09
112,monte carlo,2.185588e-11,1.387980e-01,1.101568e-09,8.458682e-10,1.741698e-13,3.787951e-11,1.981819e-01,1.079679e-09,5.742992e-10,3.772428e-13,3.871445e-11,3.962216e-01,9.630969e-10,5.313343e-10,4.180046e-13,2.132074e-11,2.704995e-01,1.019119e-09,9.421578e-10,4.687913e-13,6.848690e-08,5.064887e-01,1.696733e-13,1.725042e-09,8.545047e-08,7.025345e-01,1.383869e-13,1.278117e-09,6.813072e-08,4.998313e-01,1.786455e-13,1.473117e-09,9.061842e-03,8.804457e-03,3.027943e-04,3.008429e-15,1.274409e+02,1.836044e+09,1.146352e+02,1.619134e+09,1.284667e+02,1.825568e+09
113,monte carlo,2.105325e-11,1.581782e-01,1.192072e-09,6.821613e-10,1.750827e-13,3.932298e-11,1.911823e-01,6.343224e-10,1.267827e-09,4.788213e-13,3.790964e-11,1.035616e-01,7.672503e-10,5.114938e-10,3.480806e-13,2.208982e-11,2.316825e-01,7.125899e-10,6.465085e-10,1.735822e-13,7.090099e-08,6.360491e-01,1.802587e-13,6.741203e-10,8.060787e-08,7.076675e-01,2.377510e-13,1.161431e-09,6.523466e-08,5.997217e-01,1.628205e-13,1.935876e-09,7.792489e-03,2.418499e-03,2.701433e-03,4.079561e-15,1.050589e+02,1.616775e+09,1.073543e+02,1.332167e+09,1.025179e+02,1.765887e+09
114,monte carlo,2.287385e-11,3.012103e-01,1.150706e-09,4.955556e-10,1.876089e-13,3.725942e-11,2.341541e-01,8.221520e-10,3.287150e-10,3.594121e-13,3.727715e-11,3.959037e-01,1.041444e-09,1.219833e-09,3.675369e-13,2.177651e-11,1.269625e-01,8.221311e-10,3.015587e-10,4.186485e-13,7.110821e-08,5.308121e-01,1.693162e-13,1.062068e-09,8.594205e-08,7.738769e-01,2.298419e-13,1.825792e-09,6.879722e-08,5.949495e-01,1.490638e-13,1.113060e-09,-2.746639e-03,-7.572868e-03,-2.939976e-03,2.249175e-15,1.262554e+02,1.731537e+09,1.046658e+02,1.388140e+09,1.089838e+02,1.746545e+09
115,monte carlo,2.137783e-11,3.063622e-01,1.193990e-09,7.147550e-10,3.383102e-13,4.067923e-11,1.215677e-01,9.543774e-10,1.001867e-09,2.349172e-13,3.898230e-11,3.407468e-01,7.373681e-10,3.621548e-10,4.115640e-13,2.172546e-11,3.725264e-01,8.799673e-10,4.866510e-10,5.153735e-13,6.990787e-08,5.466631e-01,1.486264e-13,1.634361e-09,7.941666e-08,6.647626e-01,2.498875e-13,9.634368e-10,6.738241e-08,5.338955e-01,1.442407e-13,1.543731e-09,-1.766228e-03,-5.907285e-03,-2.993190e-03,9.982893e-16,1.205251e+02,1.928985e+09,1.125942e+02,1.356401e+09,1.189492e+02,1.930564e+09
116,monte carlo,2.196390e-11,1.442810e-01,8.908375e-10,8.257755e-10,2.837858e-13,3.865283e-11,2.084240e-01,9.186839e-10,7.950801e-10,3.872847e-13,3.979753e-11,3.010238e-01,1.142930e-09,9.377905e-10,3.695078e-13,2.226432e-11,1.613871e-01,8.307774e-10,7.282774e-10,5.135875e-13,7.049042e-08,5.863183e-01,1.181836e-13,1.119478e-09,8.301279e-08,7.316761e-01,1.646353e-13,1.187290e-09,6.891619e-08,5.462245e-01,2.198291e-13,1.686891e-09,8.699753e-03,-5.628212e-03,1.152620e-03,4.983989e-15,1.133099e+02,1.941018e+09,1.069294e+02,1.649407e+09,1.189108e+02,1.500006e+09
117,monte carlo,2.271563e-11,3.379004e-01,1.076765e-09,1.163096e-09,3.460810e-13,4.025764e-11,1.678770e-01,6.876119e-10,9.109056e-10,3.172182e-13,3.765229e-11,2.246284e-01,6.015770e-10,5.432464e-10,2.316804e-13,2.123908e-11,2.644920e-01,7.067210e-10,3.645421e-10,3.092069e-13,7.110809e-08,6.014502e-01,1.487325e-13,1.900671e-09,8.112731e-08,7.537352e-01,2.313873e-13,1.477981e-09,6.640700e-08,5.439059e-01,1.387237e-13,9.030603e-10,4.044950e-04,-5.307885e-03,-9.310375e-04,2.011854e-15,1.114270e+02,1.786818e+09,1.014424e+02,1.336552e+09,1.150698e+02,1.864382e+09
118,monte carlo,2.261507e-11,3.605522e-01,1.058242e-09,7.556423e-10,4.210944e-13,4.010863e-11,2.710900e-01,6.236426e-10,7.940478e-10,3.836921e-13,3.941450e-11,3.575783e-01,7.740988e-10,6.536820e-10,1.983234e-13,2.191693e-11,2.872923e-01,8.743688e-10,9.564869e-10,4.439436e-13,6.812873e-08,5.900094e-01,1.980669e-13,1.539761e-09,8.057871e-08,7.371038e-01,2.211570e-13,1.471003e-09,6.569606e-08,4.933593e-01,2.314466e-13,1.339593e-09,6.398303e-04,-8.068985e-03,-9.987555e-04,3.366964e-15,1.088285e+02,1.758840e+09,1.030298e+02,1.308708e+09,1.255010e+02,1.518459e+09
119,monte carlo,2.092057e-11,3.615606e-01,1.182889e-09,4.565328e-10,2.019107e-13,3.791603e-11,2.776417e-01,7.391852e-10,1.142232e-09,3.058405e-13,3.949497e-11,1.662447e-01,1.160641e-09,4.668541e-10,5.019653e-13,2.121239e-11,1.952992e-01,7.320661e-10,1.067644e-09,2.413583e-13,7.001517e-08,5.949427e-01,1.444074e-13,1.916044e-09,8.214413e-08,7.125321e-01,1.498085e-13,7.950564e-10,6.837910e-08,5.173205e-01,1.376346e-13,7.033353e-10,-7.615303e-03,3.604184e-03,2.494525e-03,2.486867e-15,1.109145e+02,1.763434e+09,1.086534e+02,1.547895e+09,1.245761e+02,1.840247e+09
120,monte carlo,2.242406e-11,1.079328e-01,7.461948e-10,4.649409e-10,3.171661e-13,3.805775e-11,1.387155e-01,9.512454e-10,1.183974e-09,4.265762e-13,3.786472e-11,3.030960e-01,7.271381e-10,8.608747e-10,5.059080e-13,2.140789e-11,1.094997e-01,7.987387e-10,1.117077e-09,2.689286e-13,6.898869e-08,5.576239e-01,1.913464e-13,1.439176e-09,7.869240e-08,6.741622e-01,1.812018e-13,1.054760e-09,7.135254e-08,6.072108e-01,2.066728e-13,1.796512e-09,4.179317e-03,-3.465175e-04,-2.935241e-03,1.055923e-15,1.166024e+02,1.793277e+09,1.100119e+02,1.583213e+09,1.107493e+02,1.595973e+09
121,monte carlo,2.189216e-11,1.917748e-01,1.014916e-09,8.565265e-10,4.745024e-13,3.800644e-11,2.439523e-01,1.168796e-09,3.420967e-10,5.067586e-13,3.767320e-11,2.021321e-01,8.006448e-10,1.288581e-09,4.878080e-13,2.197247e-11,2.329503e-01,6.239958e-10,1.243348e-09,2.787405e-13,6.887211e-08,5.391049e-01,2.079493e-13,1.579462e-09,8.031464e-08,6.561580e-01,1.789445e-13,1.493173e-09,6.882736e-08,5.417597e-01,1.938776e-13,8.216137e-10,3.335268e-03,-3.300091e-03,2.867939e-03,3.893174e-15,1.204041e+02,1.598813e+09,1.153606e+02,1.589364e+09,1.197362e+02,1.699202e+09
122,monte carlo,2.303569e-11,2.119703e-01,8.038426e-10,8.704011e-10,2.631563e-13,4.070187e-11,2.113996e-01,8.655407e-10,1.152963e-09,2.944692e-13,4.014803e-11,2.054718e-01,7.734826e-10,1.085618e-09,2.281398e-13,2.186489e-11,2.303330e-01,1.157517e-09,8.581220e-10,4.189996e-13,6.886014e-08,5.154564e-01,1.824199e-13,1.458826e-09,8.271921e-08,6.978719e-01,2.062434e-13,8.666740e-10,6.899603e-08,5.411691e-01,1.341802e-13,1.567151e-09,8.039262e-03,-1.139090e-03,1.433930e-03,2.815582e-15,1.259062e+02,1.546310e+09,1.117125e+02,1.497129e+09,1.201606e+02,1.800278e+09
123,monte carlo,2.164874e-11,2.592601e-01,7.999109e-10,6.332684e-10,3.039944e-13,3.705575e-11,2.529831e-01,8.050584e-10,1.121293e-09,4.807269e-13,4.067702e-11,1.510524e-01,6.851967e-10,1.024581e-09,3.820406e-13,2.236491e-11,3.020625e-01,1.119626e-09,5.452138e-10,2.856842e-13,6.768473e-08,5.093551e-01,2.112767e-13,6.023262e-10,8.111844e-08,7.085577e-01,1.668324e-13,1.147205e-09,6.728966e-08,5.940722e-01,1.779678e-13,7.018640e-10,-6.998022e-03,-2.845958e-03,-2.669712e-03,2.494360e-15,1.252395e+02,1.604909e+09,1.078985e+02,1.507561e+09,1.067530e+02,1.903503e+09
124,monte carlo,2.147629e-11,2.876904e-01,1.085346e-09,7.024494e-10,3.471595e-13,3.953349e-11,3.910545e-01,8.883837e-10,1.110145e-09,4.408654e-13,3.855943e-11,1.562144e-01,8.611181e-10,9.611106e-10,5.295086e-13,2.284692e-11,3.848441e-01,1.153299e-09,4.506057e-10,4.583435e-13,6.505609e-08,4.807415e-01,1.760607e-13,1.689119e-09,7.867426e-08,7.257873e-01,1.435977e-13,1.696919e-09,6.481398e-08,5.423463e-01,1.947455e-13,1.746345e-09,4.306507e-03,-3.222027e-03,5.354821e-06,4.023344e-15,1.275403e+02,1.681382e+09,1.021632e+02,1.671236e+09,1.126324e+02,1.665159e+09
125,monte carlo,2.282995e-11,3.077854e-01,9.820633e-10,5.795401e-10,3.382726e-13,3.788668e-11,1.197615e-01,6.706661e-10,6.279173e-10,2.951780e-13,3.712964e-11,3.817923e-01,6.957704e-10,1.023407e-09,4.841925e-13,2.105080e-11,3.854333e-01,9.908568e-10,3.259640e-10,2.732497e-13,6.475039e-08,5.368750e-01,1.841872e-13,1.469863e-09,8.135373e-08,6.709247e-01,1.830760e-13,1.343028e-09,6.487939e-08,5.513738e-01,1.586622e-13,1.075616e-09,-7.869446e-03,6.540987e-03,5.838742e-04,2.273787e-15,1.136686e+02,1.637764e+09,1.142812e+02,1.593398e+09,1.109000e+02,1.774366e+09
126,monte carlo,2.147462e-11,1.747218e-01,8.731096e-10,2.974032e-10,4.938513e-13,4.041303e-11,3.834708e-01,9.337346e-10,2.736764e-10,3.469948e-13,3.745337e-11,3.708713e-01,8.660252e-10,1.122311e-09,1.949641e-13,2.168804e-11,2.572088e-01,8.013534e-10,6.683776e-10,4.881124e-13,6.931913e-08,6.264696e-01,2.197295e-13,1.608895e-09,8.091878e-08,7.536757e-01,1.483140e-13,1.326490e-09,7.063802e-08,6.416321e-01,1.534527e-13,1.473356e-09,-5.321581e-03,-4.094738e-03,5.705332e-04,4.653506e-15,1.042856e+02,1.526222e+09,1.011896e+02,1.572372e+09,1.037585e+02,1.916331e+09
127,monte carlo,2.140840e-11,3.008601e-01,9.916495e-10,4.609696e-10,4.964159e-13,3.728947e-11,3.133084e-01,1.165557e-09,5.230469e-10,2.771039e-13,4.038674e-11,2.282052e-01,1.184196e-09,9.363591e-10,3.745916e-13,2.236840e-11,2.157513e-01,8.803743e-10,6.945727e-10,3.643485e-13,6.644741e-08,5.063620e-01,1.283389e-13,1.406921e-09,7.970160e-08,7.033796e-01,2.257987e-13,1.091184e-09,6.924781e-08,6.520440e-01,2.011144e-13,1.643450e-09,-7.555373e-03,5.707179e-03,1.876664e-03,4.822544e-15,1.236768e+02,1.915008e+09,1.067944e+02,1.385962e+09,1.000922e+02,1.613962e+09
128,monte carlo,2.092959e-11,3.705882e-01,8.575392e-10,1.199162e-09,2.275199e-13,3.809348e-11,3.614392e-01,8.303276e-10,1.293314e-09,5.130017e-13,3.924055e-11,2.668832e-01,1.088065e-09,4.508694e-10,2.292258e-13,2.223786e-11,1.658815e-01,7.875090e-10,4.789398e-10,4.981950e-13,6.978608e-08,5.144303e-01,1.595239e-13,1.868382e-09,8.337577e-08,7.396277e-01,1.559451e-13,1.494048e-09,6.513897e-08,4.761603e-01,2.347744e-13,1.281311e-09,6.784100e-03,5.252542e-03,1.003387e-04,1.991522e-15,1.278537e+02,1.837178e+09,1.062424e+02,1.518310e+09,1.289315e+02,1.518718e+09
129,monte carlo,2.238640e-11,1.572983e-01,1.083413e-09,1.297006e-09,3.997419e-13,3.897721e-11,2.366420e-01,1.145658e-09,6.883689e-10,1.705651e-13,4.082220e-11,1.897639e-01,8.345398e-10,9.043979e-10,5.010268e-13,2.300063e-11,1.714275e-01,8.630215e-10,4.530558e-10,4.367572e-13,6.810925e-08,5.587534e-01,1.732668e-13,1.565122e-09,8.476482e-08,6.399684e-01,1.967196e-13,1.725277e-09,6.964724e-08,5.157496e-01,1.719291e-13,1.042599e-09,3.373803e-03,1.372490e-03,-2.704978e-03,3.200374e-15,1.148833e+02,1.575167e+09,1.248327e+02,1.454065e+09,1.272729e+02,1.947488e+09
130,monte carlo,2.251402e-11,3.189124e-01,1.153049e-09,3.091696e-10,2.385659e-13,3.864625e-11,2.672382e-01,7.436357e-10,3.055866e-10,3.561073e-13,3.877927e-11,2.862409e-01,9.190105e-10,1.179153e-09,2.474577e-13,2.101719e-11,3.343472e-01,9.339988e-10,7.070926e-10,2.174363e-13,6.486541e-08,4.972098e-01,1.789670e-13,1.235045e-09,7.807107e-08,6.620633e-01,2.273423e-13,6.656111e-10,6.755493e-08,5.933271e-01,1.761601e-13,1.584855e-09,-5.527407e-03,-4.270425e-03,2.972617e-03,4.984335e-15,1.229546e+02,1.859823e+09,1.111378e+02,1.335513e+09,1.073085e+02,1.737170e+09
131,monte carlo,2.301737e-11,2.826739e-01,9.476152e-10,4.154686e-10,3.060075e-13,3.796352e-11,2.684177e-01,6.594299e-10,3.691998e-10,1.798081e-13,4.091888e-11,3.591483e-01,1.042819e-09,1.117217e-09,2.096454e-13,2.294709e-11,1.386650e-01,1.157472e-09,3.456930e-10,3.718732e-13,6.527439e-08,5.680971e-01,1.870373e-13,1.937708e-09,8.311546e-08,6.268268e-01,2.366109e-13,1.417041e-09,6.919474e-08,5.107223e-01,1.577016e-13,6.395933e-10,7.078738e-03,7.028336e-04,-7.662939e-04,1.200788e-15,1.082908e+02,1.881348e+09,1.249699e+02,1.312767e+09,1.276907e+02,1.657964e+09
132,monte carlo,2.239836e-11,2.207865e-01,1.076371e-09,1.165278e-09,4.910039e-13,3.815785e-11,3.819926e-01,7.812307e-10,3.739587e-10,5.207826e-13,3.848690e-11,2.571485e-01,8.369773e-10,2.872671e-10,4.293045e-13,2.149155e-11,1.375687e-01,7.080461e-10,8.547656e-10,3.447326e-13,6.532529e-08,5.598318e-01,1.828875e-13,1.227139e-09,8.320610e-08,6.860039e-01,1.846469e-13,1.468100e-09,6.470829e-08,5.385466e-01,1.708442e-13,1.881039e-09,-8.655060e-03,-8.890688e-03,1.503683e-03,1.637705e-15,1.099752e+02,1.643211e+09,1.143141e+02,1.482510e+09,1.132421e+02,1.629017e+09
133,monte carlo,2.142250e-11,3.848069e-01,1.053811e-09,9.556549e-10,2.397840e-13,3.769636e-11,1.201215e-01,9.609989e-10,1.181587e-09,3.204364e-13,3.742362e-11,2.141567e-01,9.747759e-10,7.327186e-10,3.615075e-13,2.246228e-11,2.179676e-01,6.774109e-10,8.835197e-10,2.540757e-13,6.650871e-08,4.929381e-01,1.772848e-13,1.823446e-09,8.447285e-08,7.937085e-01,1.432592e-13,1.718587e-09,7.020604e-08,6.395320e-01,1.597354e-13,1.279398e-09,-4.776840e-03,-7.162078e-03,2.435288e-03,6.406510e-16,1.271620e+02,1.686991e+09,1.003061e+02,1.567837e+09,1.034626e+02,1.827061e+09
134,monte carlo,2.185260e-11,3.200703e-01,1.192011e-09,1.083973e-09,1.939252e-13,3.897178e-11,2.640198e-01,1.041837e-09,4.569415e-10,2.025146e-13,3.822843e-11,3.572226e-01,6.469313e-10,8.891606e-10,5.077239e-13,2.268019e-11,2.319481e-01,1.121004e-09,1.197925e-09,3.283176e-13,6.977849e-08,6.378741e-01,1.972040e-13,5.697321e-10,8.572506e-08,7.517424e-01,2.169138e-13,1.590253e-09,6.873686e-08,5.312272e-01,1.742715e-13,7.855751e-10,4.779246e-03,-9.876796e-03,2.062176e-03,2.260028e-15,1.030998e+02,1.592721e+09,1.074756e+02,1.429810e+09,1.219496e+02,1.647693e+09
135,monte carlo,2.117386e-11,1.610076e-01,7.462037e-10,9.153117e-10,2.975002e-13,4.023687e-11,2.192586e-01,6.732527e-10,3.728242e-10,3.049366e-13,3.924450e-11,1.001572e-01,1.189138e-09,8.610004e-10,3.411712e-13,2.304661e-11,3.182382e-01,9.492596e-10,5.054906e-10,4.186634e-13,6.889987e-08,6.343869e-01,1.915593e-13,9.650407e-10,7.978316e-08,6.759612e-01,1.721478e-13,1.731865e-09,6.868041e-08,6.201223e-01,1.526254e-13,9.621861e-10,-2.548320e-03,1.548951e-03,-1.479366e-03,2.510685e-15,1.023612e+02,1.648946e+09,1.112399e+02,1.451043e+09,1.043822e+02,1.868920e+09
136,monte carlo,2.183071e-11,3.896609e-01,9.965308e-10,4.810216e-10,1.962131e-13,3.895326e-11,3.487754e-01,8.803276e-10,1.105977e-09,3.302766e-13,3.736891e-11,1.423587e-01,1.051494e-09,9.959542e-10,2.001085e-13,2.152546e-11,3.222717e-01,9.420732e-10,7.849182e-10,3.528048e-13,6.875523e-08,5.419374e-01,1.763899e-13,1.096209e-09,8.369896e-08,7.665428e-01,1.710662e-13,1.692872e-09,6.968089e-08,5.322438e-01,1.525658e-13,1.030204e-09,-4.589052e-03,-4.257675e-03,-9.181256e-04,4.304725e-15,1.195715e+02,1.653879e+09,1.029093e+02,1.481257e+09,1.233884e+02,1.805077e+09
137,monte carlo,2.284619e-11,1.575407e-01,9.778346e-10,4.376289e-10,3.396715e-13,3.794514e-11,3.207433e-01,8.630302e-10,3.273046e-10,3.326611e-13,3.753255e-11,3.633908e-01,7.702228e-10,1.242813e-09,2.273632e-13,2.254154e-11,3.182962e-01,6.429903e-10,8.274279e-10,5.151664e-13,6.618635e-08,6.089255e-01,1.974853e-13,7.837259e-10,8.417780e-08,7.240361e-01,1.928557e-13,6.671803e-10,7.032697e-08,5.402276e-01,1.416570e-13,1.208827e-09,8.950712e-03,2.051952e-03,3.557807e-04,4.202889e-15,1.024414e+02,1.516927e+09,1.095742e+02,1.477334e+09,1.226920e+02,1.865130e+09
138,monte carlo,2.156489e-11,3.602357e-01,9.152992e-10,8.920389e-10,3.544998e-13,4.047726e-11,2.102662e-01,1.081535e-09,1.282294e-09,2.162344e-13,3.907271e-11,3.990892e-01,8.898395e-10,1.005677e-09,2.582775e-13,2.200979e-11,1.404233e-01,6.199086e-10,7.524270e-10,3.672921e-13,6.478692e-08,5.524307e-01,1.522599e-13,9.837111e-10,7.994900e-08,6.074734e-01,2.009172e-13,1.583165e-09,6.642492e-08,4.987627e-01,2.028866e-13,1.981360e-09,-8.559168e-03,5.762420e-03,-2.563723e-03,2.231467e-15,1.105301e+02,1.857977e+09,1.240386e+02,1.448987e+09,1.255186e+02,1.728119e+09
139,monte carlo,2.117297e-11,1.268718e-01,9.446337e-10,9.944531e-10,5.105630e-13,3.840235e-11,3.980886e-01,8.891312e-10,3.866910e-10,1.863679e-13,3.725413e-11,3.873305e-01,6.032813e-10,2.695675e-10,2.489369e-13,2.211228e-11,3.349945e-01,1.101575e-09,8.063035e-10,4.510335e-13,6.807342e-08,5.085820e-01,2.006702e-13,7.975909e-10,8.222149e-08,7.621019e-01,1.779017e-13,1.017057e-09,7.009833e-08,5.894564e-01,1.982064e-13,1.472001e-09,6.090343e-03,7.385989e-03,-9.945523e-04,3.011581e-15,1.261501e+02,1.719274e+09,1.016819e+02,1.404734e+09,1.120797e+02,1.639938e+09
140,monte carlo,2.260559e-11,1.511459e-01,7.087803e-10,6.602698e-10,2.056981e-13,3.973605e-11,1.493371e-01,6.228769e-10,5.337568e-10,3.375201e-13,3.707505e-11,3.960552e-01,1.018386e-09,4.605694e-10,1.847231e-13,2.207663e-11,1.869533e-01,8.156119e-10,3.629898e-10,3.297296e-13,6.473441e-08,5.742511e-01,2.201822e-13,1.394254e-09,8.022713e-08,7.258191e-01,1.874396e-13,1.395838e-09,6.678113e-08,5.057631e-01,1.468508e-13,8.504165e-10,-8.118218e-03,-6.877836e-03,2.310112e-03,3.318954e-15,1.062440e+02,1.595177e+09,1.041751e+02,1.456488e+09,1.244451e+02,1.821618e+09
141,monte carlo,2.256596e-11,1.217881e-01,8.670265e-10,4.614907e-10,3.773176e-13,3.836765e-11,1.328671e-01,7.994229e-10,3.867233e-10,1.837765e-13,3.846675e-11,1.531539e-01,1.059371e-09,8.727319e-10,2.738406e-13,2.248702e-11,3.487887e-01,6.291329e-10,1.217867e-09,3.328455e-13,7.120732e-08,5.751003e-01,2.151273e-13,1.804777e-09,8.248963e-08,6.500139e-01,1.578554e-13,7.882759e-10,6.649269e-08,5.630417e-01,1.578697e-13,1.253029e-09,-3.116792e-03,-4.815705e-03,4.328298e-04,4.108658e-15,1.166950e+02,1.595203e+09,1.196046e+02,1.578845e+09,1.113024e+02,1.840394e+09
142,monte carlo,2.294561e-11,3.170337e-01,1.173786e-09,3.941203e-10,4.603179e-13,3.773719e-11,3.560441e-01,6.954726e-10,6.058447e-10,3.753470e-13,3.897372e-11,3.789392e-01,9.499738e-10,8.173145e-10,4.449684e-13,2.200058e-11,2.016168e-01,6.770119e-10,7.549120e-10,4.571358e-13,6.842961e-08,5.554220e-01,1.614159e-13,5.253786e-10,8.003437e-08,7.181301e-01,2.053574e-13,1.820781e-09,6.491000e-08,5.681948e-01,2.120392e-13,7.978459e-10,3.460392e-03,7.253473e-03,-2.824039e-03,3.788544e-15,1.161160e+02,1.941405e+09,1.050375e+02,1.500554e+09,1.076677e+02,1.626250e+09
143,monte carlo,2.095027e-11,1.338741e-01,7.321504e-10,3.000819e-10,5.036100e-13,3.953838e-11,3.449141e-01,8.911761e-10,1.223940e-09,4.073146e-13,3.950885e-11,1.759214e-01,1.178079e-09,5.718920e-10,1.890532e-13,2.168411e-11,3.693133e-01,6.522814e-10,2.817204e-10,3.100794e-13,6.706236e-08,6.088763e-01,1.817394e-13,6.241398e-10,7.965415e-08,5.889078e-01,2.058235e-13,5.580950e-10,6.564714e-08,6.065369e-01,2.153172e-13,1.472042e-09,7.728752e-03,9.531789e-03,2.722390e-03,3.909419e-15,1.038056e+02,1.654595e+09,1.274771e+02,1.430144e+09,1.020069e+02,1.644213e+09
144,monte carlo,2.135584e-11,3.015086e-01,6.040189e-10,1.293261e-09,3.382000e-13,3.773280e-11,2.010931e-01,8.383426e-10,4.975241e-10,4.576842e-13,3.830870e-11,1.127708e-01,1.109356e-09,7.106873e-10,2.102748e-13,2.273693e-11,2.551034e-01,1.187379e-09,1.095090e-09,2.215088e-13,6.639340e-08,5.204989e-01,1.416619e-13,1.849461e-09,7.965729e-08,6.376460e-01,2.074873e-13,1.068944e-09,6.785466e-08,5.802098e-01,1.655993e-13,1.799959e-09,8.094001e-03,6.485697e-03,-7.550965e-05,3.548953e-15,1.202199e+02,1.850406e+09,1.177381e+02,1.452048e+09,1.102213e+02,1.782050e+09
145,monte carlo,2.099642e-11,2.792435e-01,7.229539e-10,8.943668e-10,3.590426e-13,4.046751e-11,3.846776e-01,1.011900e-09,4.008873e-10,4.006875e-13,3.908093e-11,3.102322e-01,8.281992e-10,1.182252e-09,5.206333e-13,2.112728e-11,3.954797e-01,8.824433e-10,1.075054e-09,3.405609e-13,7.116285e-08,6.022303e-01,1.407440e-13,1.900805e-09,8.228947e-08,7.717209e-01,1.429182e-13,1.705776e-09,6.915621e-08,5.470225e-01,2.098021e-13,5.307742e-10,-3.413421e-03,-3.912437e-03,5.853109e-04,4.338367e-15,1.113684e+02,1.909357e+09,1.004975e+02,1.612772e+09,1.191509e+02,1.567447e+09
146,monte carlo,2.141902e-11,1.630628e-01,7.537095e-10,6.670793e-10,2.694193e-13,3.944410e-11,3.867157e-01,6.497426e-10,9.082149e-10,2.561174e-13,3.808071e-11,3.584081e-01,6.860764e-10,5.817186e-10,2.933104e-13,2.286010e-11,1.651393e-01,6.579085e-10,4.893928e-10,2.170865e-13,6.544963e-08,4.756817e-01,1.730581e-13,1.604473e-09,7.833834e-08,6.186865e-01,1.995343e-13,1.505110e-09,6.712401e-08,5.179862e-01,1.732549e-13,1.709690e-09,-9.453336e-03,6.730804e-03,-2.809496e-03,4.024264e-15,1.296767e+02,1.852464e+09,1.193369e+02,1.449481e+09,1.221324e+02,1.791995e+09
147,monte carlo,2.302099e-11,2.130308e-01,8.377618e-10,6.298131e-10,4.282508e-13,3.930863e-11,3.746879e-01,7.072566e-10,1.257314e-09,3.467513e-13,3.888923e-11,2.885924e-01,7.829993e-10,8.190811e-10,2.600077e-13,2.212697e-11,1.334591e-01,8.640315e-10,9.547548e-10,3.051231e-13,6.894880e-08,5.782617e-01,2.300182e-13,1.582540e-09,8.466511e-08,7.950550e-01,1.983015e-13,1.971000e-09,7.014279e-08,5.887199e-01,1.533580e-13,1.412650e-09,-9.931631e-03,3.134784e-03,-1.380288e-03,4.873211e-15,1.123759e+02,1.511989e+09,1.003641e+02,1.571705e+09,1.122911e+02,1.663076e+09
148,monte carlo,2.126755e-11,2.726573e-01,8.579459e-10,8.830046e-10,2.413794e-13,3.760106e-11,3.550915e-01,9.377870e-10,7.697615e-10,4.390348e-13,3.815285e-11,2.956117e-01,1.156400e-09,8.489136e-10,2.489114e-13,2.147904e-11,1.869943e-01,7.835880e-10,1.153175e-09,3.008994e-13,6.738476e-08,5.200487e-01,1.705977e-13,1.309734e-09,8.181809e-08,6.738835e-01,1.616853e-13,5.860614e-10,6.569490e-08,5.492415e-01,1.829110e-13,6.788866e-10,-8.170535e-03,-9.047223e-03,-1.757818e-03,6.741492e-16,1.221206e+02,1.712839e+09,1.144289e+02,1.485180e+09,1.127300e+02,1.590773e+09
149,monte carlo,2.258711e-11,1.210460e-01,9.359570e-10,9.466338e-10,3.393750e-13,4.037994e-11,3.251465e-01,9.712870e-10,6.661493e-10,3.443031e-13,3.891546e-11,3.728287e-01,9.765615e-10,1.203247e-09,2.481650e-13,2.231724e-11,3.914927e-01,1.082217e-09,3.862079e-10,2.701536e-13,6.848599e-08,5.225481e-01,1.983194e-13,1.377218e-09,8.349926e-08,7.315404e-01,2.095408e-13,8.026221e-10,6.662373e-08,5.921938e-01,1.732810e-13,1.814081e-09,7.733907e-03,-4.445151e-03,-7.301004e-04,3.485206e-15,1.235226e+02,1.755338e+09,1.075760e+02,1.315367e+09,1.060318e+02,1.603603e+09
150,monte carlo,2.173480e-11,1.083892e-01,6.912269e-10,9.812125e-10,3.313037e-13,3.947201e-11,1.930228e-01,7.888003e-10,3.477757e-10,2.374494e-13,3.772533e-11,1.097943e-01,1.084290e-09,3.349175e-10,4.759036e-13,2.185220e-11,3.582223e-01,1.050055e-09,1.172063e-09,3.605514e-13,6.754788e-08,5.076836e-01,1.851533e-13,1.437759e-09,8.160874e-08,6.579865e-01,1.721181e-13,9.692719e-10,6.699759e-08,4.889584e-01,1.270654e-13,1.082820e-09,2.405146e-04,-3.848374e-03,-1.463508e-03,2.811177e-15,1.253977e+02,1.884253e+09,1.168936e+02,1.492152e+09,1.291393e+02,1.894040e+09
151,monte carlo,2.169971e-11,3.901502e-01,1.042486e-09,4.832157e-10,1.735174e-13,3.836556e-11,3.005802e-01,8.842683e-10,5.435535e-10,4.371984e-13,4.007942e-11,1.599049e-01,8.694896e-10,3.528338e-10,1.689282e-13,2.271027e-11,2.448569e-01,1.023465e-09,1.075230e-09,4.337720e-13,6.977912e-08,5.249035e-01,1.857486e-13,1.242962e-09,7.999281e-08,6.706778e-01,1.461452e-13,9.759318e-10,6.955944e-08,6.171426e-01,1.868356e-13,6.649563e-10,4.885879e-03,6.196936e-03,-9.100057e-04,4.777398e-15,1.252902e+02,1.692896e+09,1.124108e+02,1.643304e+09,1.062287e+02,1.703498e+09
152,monte carlo,2.206510e-11,3.031576e-01,8.324409e-10,7.257400e-10,1.842267e-13,3.735992e-11,3.740532e-01,1.102759e-09,3.622088e-10,3.829269e-13,3.735266e-11,3.532589e-01,1.106099e-09,3.046003e-10,4.699264e-13,2.124855e-11,1.806247e-01,1.158078e-09,5.247671e-10,3.373787e-13,6.766046e-08,6.363378e-01,1.762290e-13,1.724143e-09,7.856129e-08,5.738647e-01,2.187989e-13,7.072068e-10,6.647954e-08,5.642678e-01,1.299702e-13,1.875919e-09,-4.032481e-03,-3.049073e-03,1.848594e-03,4.801947e-15,1.002117e+02,1.786379e+09,1.290239e+02,1.322384e+09,1.110386e+02,1.903694e+09
153,monte carlo,2.277269e-11,3.872137e-01,6.210841e-10,8.549538e-10,3.481956e-13,3.957368e-11,2.191973e-01,9.634013e-10,1.103625e-09,3.634830e-13,3.753664e-11,1.743148e-01,1.167507e-09,4.600894e-10,3.554347e-13,2.267237e-11,1.419947e-01,7.862788e-10,1.082212e-09,4.373619e-13,6.913892e-08,5.172997e-01,1.837602e-13,1.403000e-09,8.565020e-08,6.213193e-01,2.061620e-13,1.755884e-09,6.726367e-08,6.247376e-01,1.817569e-13,1.465526e-09,5.008438e-03,-2.940437e-03,-2.950654e-03,4.988424e-15,1.259654e+02,1.604831e+09,1.299226e+02,1.330042e+09,1.014738e+02,1.748379e+09
154,monte carlo,2.127155e-11,1.621013e-01,7.837731e-10,1.018310e-09,4.953550e-13,4.009159e-11,2.048874e-01,9.059225e-10,1.236037e-09,2.649429e-13,4.066911e-11,3.993534e-01,8.811208e-10,1.125208e-09,3.786628e-13,2.256374e-11,1.085814e-01,1.129931e-09,6.409815e-10,3.641381e-13,6.879872e-08,5.115966e-01,1.996070e-13,6.571208e-10,7.810580e-08,6.715194e-01,1.989622e-13,1.773771e-09,7.001690e-08,6.432613e-01,1.925107e-13,5.093307e-10,1.516973e-03,1.238564e-03,-2.162297e-03,1.399905e-15,1.267429e+02,1.653114e+09,1.096215e+02,1.586263e+09,1.025856e+02,1.702801e+09
155,monte carlo,2.222146e-11,1.553346e-01,9.720917e-10,1.000020e-09,2.589326e-13,3.888747e-11,2.391872e-01,8.078658e-10,7.232611e-10,2.692180e-13,3.709623e-11,3.112847e-01,6.751633e-10,3.921352e-10,5.059439e-13,2.224292e-11,1.047002e-01,9.752796e-10,1.098713e-09,1.769181e-13,6.932538e-08,5.071460e-01,1.717161e-13,1.384920e-09,8.223063e-08,6.008824e-01,1.741055e-13,5.105989e-10,6.878432e-08,5.661171e-01,1.284315e-13,6.921665e-10,-7.141894e-03,4.959288e-04,1.194760e-03,3.999347e-15,1.288340e+02,1.654705e+09,1.289779e+02,1.446166e+09,1.145129e+02,1.948096e+09
156,monte carlo,2.170754e-11,2.553077e-01,1.069105e-09,5.001601e-10,3.179636e-13,3.781123e-11,2.565451e-01,1.112762e-09,6.506638e-10,5.052260e-13,4.053215e-11,2.187005e-01,1.048880e-09,5.648359e-10,3.793962e-13,2.105786e-11,2.193956e-01,1.174135e-09,4.799941e-10,4.553181e-13,6.778836e-08,6.325850e-01,2.034685e-13,6.634133e-10,8.120655e-08,6.093102e-01,1.615928e-13,1.187571e-09,6.732167e-08,5.171076e-01,1.919935e-13,6.177462e-10,5.584921e-03,1.377351e-03,7.843237e-04,7.038114e-16,1.009967e+02,1.575473e+09,1.256099e+02,1.488188e+09,1.227002e+02,1.599863e+09
157,monte carlo,2.111117e-11,3.935353e-01,1.042432e-09,4.592615e-10,1.991176e-13,3.896226e-11,2.576429e-01,6.177414e-10,4.880264e-10,2.264977e-13,3.965430e-11,1.063200e-01,7.584143e-10,1.109639e-09,1.720605e-13,2.137231e-11,3.523029e-01,7.697189e-10,7.727292e-10,5.258729e-13,6.481330e-08,4.787211e-01,1.415405e-13,1.756803e-09,8.366209e-08,7.012329e-01,1.631003e-13,8.748670e-10,6.945879e-08,6.224296e-01,1.713679e-13,1.573899e-09,5.564213e-03,3.847406e-03,5.916578e-04,2.331933e-15,1.276006e+02,1.905039e+09,1.124443e+02,1.668503e+09,1.051739e+02,1.885823e+09
158,monte carlo,2.230467e-11,1.062108e-01,7.331713e-10,3.559220e-10,2.769678e-13,3.718279e-11,3.348341e-01,1.147801e-09,3.545474e-10,3.559410e-13,3.885751e-11,3.421693e-01,9.029454e-10,2.743882e-10,3.156905e-13,2.274114e-11,2.414826e-01,1.082414e-09,4.233115e-10,3.664265e-13,6.757090e-08,5.110195e-01,1.775711e-13,1.289180e-09,8.229324e-08,6.251016e-01,1.976385e-13,1.831391e-09,6.526265e-08,4.967172e-01,1.448016e-13,1.674454e-09,6.280574e-03,5.954575e-03,9.404502e-05,4.629067e-15,1.246216e+02,1.761264e+09,1.240751e+02,1.528307e+09,1.238302e+02,1.788425e+09
159,monte carlo,2.297041e-11,3.163089e-01,8.798532e-10,7.421871e-10,2.721313e-13,4.000385e-11,1.524329e-01,9.711632e-10,1.031839e-09,3.697494e-13,3.743405e-11,1.696529e-01,7.579007e-10,7.567474e-10,2.153134e-13,2.109357e-11,3.092836e-01,9.647013e-10,9.444346e-10,4.062023e-13,7.099668e-08,5.311837e-01,2.041044e-13,5.081234e-10,7.997589e-08,7.464516e-01,1.536420e-13,5.976549e-10,7.018474e-08,5.208429e-01,1.875501e-13,1.486813e-09,8.577610e-03,4.502041e-03,2.815371e-03,9.202025e-16,1.259692e+02,1.551186e+09,1.009784e+02,1.601283e+09,1.270010e+02,1.663352e+09
160,monte carlo,2.272392e-11,1.200358e-01,9.977058e-10,1.183697e-09,3.540092e-13,3.930599e-11,1.797975e-01,9.634874e-10,9.162936e-10,2.704883e-13,4.049017e-11,3.297682e-01,1.076416e-09,4.247379e-10,4.417653e-13,2.250544e-11,1.738178e-01,9.398886e-10,1.094470e-09,4.845372e-13,6.670896e-08,5.392144e-01,1.698080e-13,1.133274e-09,7.977554e-08,6.258518e-01,1.463761e-13,1.919151e-09,6.524560e-08,5.844011e-01,2.510569e-13,1.500644e-09,3.355270e-03,5.272548e-03,2.606272e-03,3.849276e-15,1.165987e+02,1.851819e+09,1.201350e+02,1.604424e+09,1.052232e+02,1.504694e+09
161,monte carlo,2.209055e-11,1.030044e-01,6.011779e-10,1.131106e-09,4.767844e-13,3.852349e-11,1.234580e-01,1.105226e-09,4.112083e-10,5.266459e-13,3.906419e-11,3.580425e-01,8.208420e-10,4.946975e-10,4.232407e-13,2.274815e-11,3.053986e-01,1.118061e-09,7.904030e-10,4.274538e-13,7.009360e-08,5.932428e-01,1.506863e-13,1.551895e-09,7.922357e-08,6.091031e-01,1.853595e-13,7.950557e-10,6.526087e-08,6.089760e-01,2.180023e-13,6.019805e-10,-8.639665e-03,-3.606809e-04,-2.815423e-03,2.411652e-15,1.113569e+02,1.703395e+09,1.225843e+02,1.616095e+09,1.010006e+02,1.614537e+09
162,monte carlo,2.214715e-11,3.339076e-01,8.778455e-10,1.002105e-09,2.772639e-13,3.861875e-11,1.158509e-01,7.033810e-10,1.029743e-09,4.130528e-13,4.032849e-11,2.900359e-01,6.851940e-10,9.183720e-10,2.664883e-13,2.254683e-11,3.501261e-01,8.459467e-10,6.990731e-10,3.579240e-13,6.607983e-08,4.812947e-01,1.695404e-13,1.480816e-09,8.292150e-08,6.328958e-01,1.923434e-13,1.914287e-09,7.126176e-08,5.800040e-01,1.999076e-13,1.646481e-09,7.712900e-03,-9.802082e-03,2.532854e-03,1.462536e-15,1.293984e+02,1.833171e+09,1.234827e+02,1.466645e+09,1.157968e+02,1.613469e+09
163,monte carlo,2.163032e-11,2.840912e-01,7.353256e-10,1.283718e-09,4.156926e-13,3.868851e-11,3.117298e-01,6.309753e-10,5.670373e-10,1.918582e-13,3.946568e-11,2.537489e-01,1.145153e-09,6.162023e-10,1.805898e-13,2.296315e-11,3.156214e-01,7.479974e-10,2.976361e-10,2.850905e-13,6.727764e-08,5.899675e-01,1.584835e-13,1.873696e-09,7.974654e-08,5.890403e-01,2.304596e-13,1.807965e-09,6.493526e-08,5.646119e-01,1.851838e-13,1.424393e-09,8.466061e-03,6.806346e-03,7.416035e-04,2.069145e-15,1.074766e+02,1.923028e+09,1.275963e+02,1.376268e+09,1.083931e+02,1.637739e+09
164,monte carlo,2.197726e-11,2.846036e-01,1.065114e-09,1.176583e-09,4.000624e-13,3.981689e-11,3.106842e-01,1.148360e-09,1.268825e-09,2.174305e-13,3.994705e-11,1.363134e-01,1.077191e-09,7.949678e-10,3.798171e-13,2.244537e-11,2.381903e-01,6.313897e-10,7.172954e-10,5.195644e-13,6.891743e-08,5.431361e-01,1.820804e-13,1.380731e-09,8.056392e-08,6.013533e-01,2.385296e-13,6.202768e-10,6.739875e-08,5.127827e-01,1.348071e-13,1.619273e-09,-7.800398e-03,1.548779e-03,-1.622193e-04,4.492560e-15,1.195891e+02,1.592448e+09,1.262647e+02,1.335022e+09,1.238767e+02,1.900665e+09
165,monte carlo,2.259600e-11,3.451373e-01,1.060071e-09,5.180419e-10,2.971531e-13,3.741309e-11,1.619076e-01,7.728334e-10,3.168341e-10,3.845434e-13,3.864473e-11,2.042016e-01,1.119584e-09,7.215488e-10,2.368805e-13,2.271799e-11,1.803265e-01,7.369576e-10,7.903422e-10,3.731087e-13,6.809263e-08,5.530888e-01,1.800492e-13,8.856588e-10,8.146775e-08,6.421284e-01,1.806457e-13,6.132151e-10,7.048080e-08,5.189823e-01,1.632360e-13,5.673199e-10,3.713267e-03,-1.802775e-03,6.132444e-04,4.884619e-15,1.160316e+02,1.546123e+09,1.195735e+02,1.446971e+09,1.279939e+02,1.915098e+09
166,monte carlo,2.108030e-11,2.281279e-01,6.675661e-10,9.385905e-10,3.709031e-13,3.849850e-11,2.792493e-01,7.050597e-10,1.054371e-09,5.240507e-13,4.044783e-11,2.646804e-01,7.586657e-10,4.633990e-10,4.830127e-13,2.170552e-11,1.422235e-01,1.182064e-09,1.080788e-09,2.027359e-13,6.800878e-08,6.261302e-01,2.352570e-13,1.667343e-09,8.233237e-08,6.846156e-01,1.880515e-13,1.524894e-09,6.471824e-08,5.218376e-01,1.720080e-13,1.458145e-09,-7.638370e-03,9.770748e-03,5.579232e-04,4.730473e-15,1.023697e+02,1.523980e+09,1.133431e+02,1.382109e+09,1.168860e+02,1.931680e+09
167,monte carlo,2.111496e-11,2.304906e-01,1.170360e-09,1.253007e-09,3.210903e-13,3.862238e-11,1.195991e-01,9.668958e-10,1.235724e-09,2.941319e-13,3.749023e-11,2.208270e-01,6.389718e-10,3.596616e-10,4.088318e-13,2.159834e-11,2.259730e-01,9.863481e-10,1.052029e-09,3.687812e-13,6.965750e-08,6.001925e-01,1.723464e-13,1.287364e-09,8.192360e-08,6.370248e-01,1.840732e-13,1.506492e-09,6.464978e-08,5.603041e-01,1.965231e-13,1.504197e-09,-5.429150e-03,5.031312e-04,1.644029e-03,2.179610e-15,1.093827e+02,1.912376e+09,1.212059e+02,1.513324e+09,1.087463e+02,1.695915e+09
168,monte carlo,2.139556e-11,3.909594e-01,9.438594e-10,9.444595e-10,4.195026e-13,3.962000e-11,2.176427e-01,8.545290e-10,4.583533e-10,2.499678e-13,3.755350e-11,1.975105e-01,1.037090e-09,9.486082e-10,2.569005e-13,2.258867e-11,1.406333e-01,8.517940e-10,5.539494e-10,3.207366e-13,6.706445e-08,5.381317e-01,1.541937e-13,5.114048e-10,8.010461e-08,6.828339e-01,1.527405e-13,7.821277e-10,6.803563e-08,5.716720e-01,1.889627e-13,1.823172e-09,-7.110202e-03,-1.728266e-03,8.504271e-04,2.595422e-15,1.174559e+02,1.844612e+09,1.105640e+02,1.590266e+09,1.121659e+02,1.728599e+09
169,monte carlo,2.219776e-11,2.674702e-01,9.709913e-10,4.057607e-10,2.845405e-13,3.880819e-11,1.146654e-01,8.087857e-10,7.371773e-10,1.872045e-13,3.813158e-11,2.258862e-01,9.473334e-10,7.264703e-10,4.446475e-13,2.239150e-11,2.164373e-01,6.164198e-10,3.030430e-10,1.920099e-13,6.871962e-08,5.543651e-01,2.173212e-13,1.241233e-09,8.292361e-08,7.225742e-01,2.381840e-13,1.572419e-09,6.568550e-08,4.782760e-01,2.145472e-13,9.337123e-10,7.997238e-03,-3.850517e-03,2.299398e-03,4.134103e-15,1.168304e+02,1.531421e+09,1.081601e+02,1.337455e+09,1.294381e+02,1.581538e+09
170,monte carlo,2.246575e-11,2.151659e-01,1.056931e-09,3.441346e-10,3.289270e-13,4.009914e-11,1.088083e-01,9.287883e-10,1.158605e-09,3.824412e-13,3.852301e-11,1.390262e-01,1.123534e-09,4.372211e-10,3.579942e-13,2.294126e-11,2.670219e-01,7.737767e-10,9.282821e-10,2.784899e-13,6.669936e-08,5.449701e-01,1.728668e-13,1.080568e-09,8.296507e-08,7.274183e-01,2.216718e-13,1.173503e-09,6.684463e-08,5.760878e-01,1.451274e-13,1.032998e-09,-2.880309e-04,-5.208456e-03,9.707342e-04,4.259888e-15,1.153507e+02,1.836441e+09,1.074935e+02,1.309185e+09,1.093576e+02,1.749143e+09
171,monte carlo,2.280548e-11,1.832445e-01,1.080102e-09,1.007314e-09,1.874472e-13,3.920937e-11,1.047736e-01,6.768646e-10,7.048899e-10,4.914323e-13,3.873273e-11,1.516444e-01,1.038835e-09,4.920762e-10,4.853954e-13,2.116820e-11,2.310567e-01,6.006691e-10,6.375639e-10,4.272821e-13,6.819140e-08,6.316001e-01,1.442702e-13,5.827063e-10,7.845380e-08,5.917326e-01,2.189422e-13,8.728049e-10,6.721558e-08,6.275055e-01,1.790237e-13,1.420448e-09,9.015694e-03,-3.791428e-03,2.124887e-03,2.686107e-15,1.017557e+02,1.884411e+09,1.249567e+02,1.383619e+09,1.009540e+02,1.860118e+09
172,monte carlo,2.108151e-11,3.215130e-01,1.029817e-09,8.432781e-10,2.994022e-13,3.862284e-11,3.416522e-01,1.043133e-09,7.468256e-10,4.210696e-13,4.056665e-11,3.415901e-01,9.150085e-10,9.711667e-10,4.544004e-13,2.199775e-11,3.599848e-01,1.046483e-09,1.009456e-09,3.659124e-13,6.803400e-08,6.205609e-01,1.794920e-13,8.582606e-10,8.264054e-08,6.530500e-01,2.099907e-13,7.822132e-10,6.493985e-08,4.784065e-01,1.577578e-13,1.319341e-09,-3.796757e-04,-2.300429e-03,-1.976992e-03,1.040691e-15,1.033267e+02,1.799055e+09,1.192663e+02,1.503860e+09,1.279338e+02,1.732443e+09
173,monte carlo,2.188661e-11,3.188352e-01,8.173642e-10,1.047496e-09,5.224896e-13,4.068841e-11,3.112635e-01,6.078293e-10,1.101030e-09,4.716746e-13,4.056428e-11,2.577210e-01,6.836937e-10,3.455578e-10,3.049255e-13,2.134512e-11,2.112951e-01,8.884485e-10,3.352556e-10,2.523095e-13,6.680097e-08,6.041091e-01,2.032007e-13,7.464277e-10,7.914296e-08,6.733679e-01,2.080399e-13,1.990689e-09,6.780589e-08,6.059220e-01,1.951179e-13,1.707353e-09,-5.693616e-03,-5.395704e-03,-2.725029e-03,2.110305e-15,1.042170e+02,1.708913e+09,1.107723e+02,1.554362e+09,1.054683e+02,1.559499e+09
174,monte carlo,2.095305e-11,3.766478e-01,6.187867e-10,8.229893e-10,4.597144e-13,3.869100e-11,3.436240e-01,1.040196e-09,9.759415e-10,3.834763e-13,3.877301e-11,2.474453e-01,8.280008e-10,6.483807e-10,4.906701e-13,2.190912e-11,1.927659e-01,7.773085e-10,5.520081e-10,4.271605e-13,6.966840e-08,6.044893e-01,1.716540e-13,1.071406e-09,8.498365e-08,6.650635e-01,1.911061e-13,1.396994e-09,7.089195e-08,5.959984e-01,1.660170e-13,6.949957e-10,-7.522628e-03,-3.689327e-03,5.317779e-04,4.654793e-15,1.086221e+02,1.948451e+09,1.204324e+02,1.488931e+09,1.121045e+02,1.948998e+09
175,monte carlo,2.122895e-11,3.390915e-01,1.004781e-09,1.274443e-09,5.247907e-13,3.720818e-11,1.111985e-01,6.118632e-10,1.164835e-09,3.709962e-13,4.059228e-11,1.280555e-01,9.231875e-10,1.026043e-09,4.062732e-13,2.201431e-11,2.127198e-01,1.138144e-09,3.826891e-10,2.916483e-13,6.615844e-08,4.954339e-01,1.493816e-13,1.050412e-09,8.138666e-08,6.049883e-01,2.172156e-13,1.563102e-09,6.911838e-08,6.246290e-01,1.768065e-13,1.669719e-09,1.295759e-03,2.684225e-03,-2.653410e-04,2.955508e-15,1.258551e+02,1.915226e+09,1.267878e+02,1.392172e+09,1.042900e+02,1.530983e+09
176,monte carlo,2.307624e-11,1.646023e-01,6.416572e-10,5.754863e-10,2.770852e-13,3.720405e-11,2.341680e-01,7.628450e-10,4.120360e-10,2.732283e-13,3.710941e-11,2.009685e-01,7.780950e-10,9.387568e-10,3.038587e-13,2.248425e-11,2.196508e-01,9.617350e-10,5.430391e-10,1.724123e-13,7.037935e-08,5.487578e-01,2.034734e-13,5.443930e-10,8.468359e-08,6.293745e-01,1.850549e-13,1.942072e-09,7.098428e-08,5.423671e-01,1.648561e-13,1.746981e-09,9.976456e-03,6.850674e-05,-1.840450e-03,2.005317e-15,1.208748e+02,1.649473e+09,1.268122e+02,1.515945e+09,1.233502e+02,1.686326e+09
177,monte carlo,2.240754e-11,2.413845e-01,9.052205e-10,6.824796e-10,4.253147e-13,3.882434e-11,1.716110e-01,1.110287e-09,9.719216e-10,3.867968e-13,3.908314e-11,2.360075e-01,8.864705e-10,1.231909e-09,2.439502e-13,2.203413e-11,1.831733e-01,6.724452e-10,9.876827e-10,2.829786e-13,6.475642e-08,5.344083e-01,1.416707e-13,1.031817e-09,7.804647e-08,6.554158e-01,1.971428e-13,1.883318e-09,6.727268e-08,5.234373e-01,1.792401e-13,1.345247e-09,6.588090e-03,5.200727e-03,2.200565e-03,9.131772e-16,1.142039e+02,1.794808e+09,1.122296e+02,1.600535e+09,1.211282e+02,1.803998e+09
178,monte carlo,2.094403e-11,1.155606e-01,7.466005e-10,1.211882e-09,4.780582e-13,3.901285e-11,3.697621e-01,8.206149e-10,7.581224e-10,2.509541e-13,3.802689e-11,2.883500e-01,1.043250e-09,6.945131e-10,1.701918e-13,2.135211e-11,3.383124e-01,1.071733e-09,5.260150e-10,4.812650e-13,6.968513e-08,5.150736e-01,1.498745e-13,9.369221e-10,8.050487e-08,7.151643e-01,2.318288e-13,1.448871e-09,6.638272e-08,5.728914e-01,1.328051e-13,1.996715e-09,-5.379363e-04,5.104264e-03,1.816018e-03,4.248460e-15,1.275093e+02,1.687097e+09,1.060932e+02,1.309706e+09,1.092079e+02,1.932581e+09
179,monte carlo,2.191210e-11,1.599452e-01,1.009759e-09,6.205926e-10,2.862493e-13,3.741757e-11,3.904996e-01,6.545530e-10,5.961325e-10,3.447294e-13,3.724698e-11,1.502879e-01,7.705810e-10,5.193648e-10,4.402746e-13,2.107590e-11,3.893858e-01,6.324876e-10,6.437747e-10,2.293525e-13,6.879047e-08,5.391198e-01,1.416525e-13,6.571997e-10,8.244047e-08,6.094109e-01,1.286542e-13,1.492461e-09,6.612125e-08,5.987994e-01,1.773558e-13,1.233947e-09,-1.124924e-03,4.964345e-03,5.995276e-04,2.593899e-15,1.202580e+02,1.777543e+09,1.274974e+02,1.684859e+09,1.040713e+02,1.678244e+09
180,monte carlo,2.188380e-11,3.780528e-01,8.575612e-10,1.007686e-09,2.159754e-13,3.948074e-11,2.638349e-01,6.340149e-10,4.181726e-10,4.642847e-13,3.822426e-11,2.914695e-01,9.721830e-10,6.205231e-10,4.383314e-13,2.215441e-11,3.828929e-01,9.275369e-10,1.116401e-09,4.714755e-13,6.781485e-08,5.008632e-01,2.193517e-13,1.921621e-09,8.156736e-08,6.862402e-01,2.032315e-13,1.541378e-09,6.913188e-08,6.089853e-01,1.803182e-13,5.498280e-10,-3.370801e-03,2.471149e-03,-1.305290e-03,3.191806e-15,1.276077e+02,1.546064e+09,1.120241e+02,1.504654e+09,1.069899e+02,1.621493e+09
181,monte carlo,2.148945e-11,3.427127e-01,1.180461e-09,1.123186e-09,4.901394e-13,3.859292e-11,1.188570e-01,7.480392e-10,1.269151e-09,3.621441e-13,3.898858e-11,2.748756e-01,6.861233e-10,1.124394e-09,3.807319e-13,2.232483e-11,2.443184e-01,6.832872e-10,1.056689e-09,3.007997e-13,6.740889e-08,5.010750e-01,1.954902e-13,1.477052e-09,8.334774e-08,7.591840e-01,2.003856e-13,1.067713e-09,6.860827e-08,6.245041e-01,1.928673e-13,1.443624e-09,-8.744302e-03,8.557439e-03,8.043000e-05,8.766774e-16,1.267902e+02,1.694838e+09,1.034708e+02,1.311800e+09,1.035410e+02,1.627467e+09
182,monte carlo,2.140442e-11,2.021409e-01,1.051092e-09,1.182604e-09,4.973370e-13,3.821589e-11,1.481735e-01,7.994670e-10,9.726026e-10,3.353420e-13,3.761937e-11,2.112265e-01,1.193444e-09,1.181312e-09,2.616485e-13,2.177001e-11,3.592595e-01,8.249600e-10,9.467322e-10,3.029931e-13,6.558665e-08,4.912897e-01,1.462789e-13,1.368169e-09,8.508881e-08,7.129043e-01,1.799996e-13,1.433098e-09,6.930402e-08,5.071910e-01,1.916914e-13,6.186309e-10,3.207489e-03,8.935916e-04,2.397677e-03,4.603292e-15,1.258198e+02,1.794485e+09,1.124896e+02,1.515185e+09,1.287828e+02,1.714343e+09
183,monte carlo,2.298239e-11,1.067949e-01,7.574549e-10,1.005860e-09,4.080001e-13,3.784004e-11,2.652509e-01,1.187060e-09,5.036137e-10,2.592022e-13,3.731716e-11,2.233496e-01,9.361505e-10,6.965272e-10,2.232659e-13,2.249506e-11,1.242571e-01,9.736877e-10,7.689806e-10,2.164519e-13,6.530798e-08,5.245763e-01,1.699537e-13,6.032931e-10,8.502617e-08,7.718228e-01,2.325280e-13,1.784130e-09,6.902705e-08,5.216966e-01,1.913187e-13,1.947354e-09,1.197536e-05,9.453778e-03,-2.247099e-03,2.176219e-15,1.173353e+02,1.866453e+09,1.038260e+02,1.310208e+09,1.247017e+02,1.653559e+09
184,monte carlo,2.292796e-11,3.739799e-01,7.067646e-10,4.116600e-10,4.780513e-13,3.756940e-11,3.436858e-01,1.183996e-09,8.824665e-10,4.954222e-13,3.866909e-11,2.496145e-01,8.918241e-10,1.011559e-09,2.071911e-13,2.187743e-11,2.782000e-01,1.004752e-09,3.757805e-10,5.200694e-13,6.881218e-08,5.099347e-01,1.770113e-13,1.844791e-09,8.356685e-08,6.735580e-01,2.194239e-13,1.246616e-09,6.794890e-08,4.992396e-01,1.764616e-13,1.023151e-09,-6.735874e-03,-9.476982e-03,-2.432636e-03,3.491215e-15,1.271809e+02,1.574153e+09,1.169311e+02,1.365856e+09,1.282757e+02,1.907291e+09
185,monte carlo,2.123573e-11,3.382193e-01,7.594058e-10,5.791085e-10,5.260655e-13,3.897350e-11,1.747831e-01,7.436181e-10,5.150791e-10,2.462370e-13,3.807031e-11,2.779856e-01,6.426561e-10,6.873657e-10,2.711144e-13,2.261748e-11,3.749201e-01,9.542895e-10,4.452476e-10,1.939945e-13,6.804844e-08,5.141028e-01,1.593422e-13,5.235889e-10,8.008975e-08,5.905411e-01,1.723757e-13,1.567692e-09,6.618170e-08,4.848528e-01,1.906312e-13,1.342118e-09,-7.973984e-03,7.467276e-03,-1.273891e-03,8.177692e-16,1.247496e+02,1.882470e+09,1.278197e+02,1.474387e+09,1.286468e+02,1.517674e+09
186,monte carlo,2.210845e-11,3.829211e-01,1.088120e-09,1.181734e-09,1.957488e-13,3.766522e-11,1.834619e-01,1.167223e-09,1.114580e-09,5.135717e-13,3.751413e-11,2.737973e-01,1.144543e-09,7.714006e-10,4.113686e-13,2.205704e-11,2.225365e-01,1.111938e-09,4.028531e-10,4.200394e-13,6.474943e-08,5.023491e-01,1.768249e-13,7.125206e-10,8.096878e-08,6.869375e-01,1.849998e-13,1.288666e-09,6.900849e-08,5.776496e-01,1.792622e-13,1.101860e-09,6.074190e-03,-8.312392e-03,-1.076428e-03,1.770088e-15,1.214791e+02,1.824843e+09,1.110891e+02,1.680515e+09,1.125924e+02,1.626177e+09
187,monte carlo,2.128017e-11,3.753451e-01,7.801070e-10,3.407498e-10,3.769077e-13,3.913359e-11,2.262239e-01,8.640849e-10,1.296632e-09,2.675587e-13,4.019504e-11,2.994368e-01,8.966849e-10,1.033396e-09,1.942087e-13,2.206262e-11,3.784739e-01,7.686361e-10,1.113920e-09,4.678312e-13,6.514296e-08,4.888235e-01,1.830756e-13,1.147897e-09,8.268094e-08,6.309748e-01,1.859102e-13,1.779165e-09,7.025337e-08,6.530933e-01,1.985854e-13,1.904799e-09,-9.059240e-03,7.886955e-03,1.925600e-03,1.784944e-15,1.255991e+02,1.681517e+09,1.234993e+02,1.660613e+09,1.013825e+02,1.630232e+09
188,monte carlo,2.199691e-11,3.621634e-01,9.291237e-10,6.632977e-10,3.551585e-13,4.076873e-11,2.557622e-01,1.147763e-09,3.794884e-10,2.261790e-13,3.823450e-11,3.192468e-01,1.008728e-09,8.155573e-10,4.775817e-13,2.174373e-11,2.979859e-01,8.300016e-10,6.961281e-10,2.264924e-13,6.588748e-08,5.981711e-01,1.940509e-13,1.956889e-09,7.860627e-08,6.923765e-01,1.936734e-13,1.787532e-09,6.763033e-08,5.518180e-01,2.077956e-13,9.879603e-10,4.095855e-03,8.343853e-03,-2.098079e-03,3.514286e-15,1.038123e+02,1.538415e+09,1.070005e+02,1.459610e+09,1.155093e+02,1.707350e+09
189,monte carlo,2.160986e-11,2.955567e-01,9.174582e-10,6.854360e-10,5.018349e-13,4.029845e-11,1.316654e-01,1.159352e-09,6.745050e-10,3.395496e-13,4.035974e-11,2.127604e-01,8.165249e-10,6.050754e-10,2.037735e-13,2.195848e-11,2.748201e-01,6.961717e-10,7.721261e-10,4.211491e-13,6.526030e-08,5.199129e-01,1.758214e-13,1.623909e-09,8.395415e-08,6.784859e-01,1.820386e-13,9.645501e-10,6.998656e-08,5.975479e-01,2.068088e-13,1.231028e-09,7.339163e-03,4.524269e-03,1.955253e-03,1.834081e-15,1.183013e+02,1.917846e+09,1.166199e+02,1.622304e+09,1.103857e+02,1.556530e+09
190,monte carlo,2.131574e-11,3.190742e-01,1.088692e-09,9.497394e-10,4.687422e-13,3.818202e-11,2.192575e-01,9.326973e-10,4.103006e-10,5.026612e-13,3.949064e-11,1.351318e-01,7.322955e-10,7.012873e-10,2.210892e-13,2.150399e-11,2.597707e-01,9.217599e-10,9.165040e-10,1.958437e-13,6.535583e-08,5.851695e-01,1.683974e-13,1.803477e-09,7.798991e-08,7.036607e-01,1.925597e-13,1.531235e-09,6.806935e-08,5.234905e-01,1.716625e-13,1.321322e-09,2.049596e-03,-1.823067e-03,2.968284e-03,4.754512e-15,1.052625e+02,1.756444e+09,1.044591e+02,1.448363e+09,1.225502e+02,1.876714e+09
191,monte carlo,2.284306e-11,2.297628e-01,6.479981e-10,8.847616e-10,4.576076e-13,3.971061e-11,1.700841e-01,8.487099e-10,2.788297e-10,2.809453e-13,3.854989e-11,2.211496e-01,6.770918e-10,4.913167e-10,3.442874e-13,2.184989e-11,1.166991e-01,1.133526e-09,1.249911e-09,4.068381e-13,6.867453e-08,5.491444e-01,1.564147e-13,1.559341e-09,8.195495e-08,7.640446e-01,1.569042e-13,1.524251e-09,6.920571e-08,5.639451e-01,2.161198e-13,1.351626e-09,-6.690648e-03,-7.040252e-03,-2.156785e-03,1.648685e-15,1.178638e+02,1.736212e+09,1.010945e+02,1.582501e+09,1.156581e+02,1.627093e+09
192,monte carlo,2.178162e-11,2.195121e-01,9.520528e-10,4.192948e-10,2.183794e-13,3.813337e-11,1.100199e-01,9.823620e-10,5.251777e-10,3.909892e-13,3.736257e-11,1.202766e-01,7.971114e-10,6.034980e-10,3.527368e-13,2.279192e-11,1.068664e-01,1.057586e-09,9.378002e-10,5.015141e-13,7.038833e-08,5.196697e-01,1.661604e-13,1.894990e-09,7.807455e-08,6.044790e-01,2.103417e-13,5.439025e-10,7.106944e-08,6.153363e-01,2.078364e-13,1.019083e-09,-5.456420e-03,7.216304e-03,9.036579e-04,6.297045e-16,1.276569e+02,1.627020e+09,1.217305e+02,1.533763e+09,1.088533e+02,1.669332e+09
193,monte carlo,2.159755e-11,2.827368e-01,7.100253e-10,1.232219e-09,2.564403e-13,3.874281e-11,3.909847e-01,1.074565e-09,1.199308e-09,1.883303e-13,3.903374e-11,2.126593e-01,8.805606e-10,3.191983e-10,2.137060e-13,2.291289e-11,2.492293e-01,9.710873e-10,5.821876e-10,3.021324e-13,6.490824e-08,5.434846e-01,1.748070e-13,8.296328e-10,8.092736e-08,6.880559e-01,1.538787e-13,1.812549e-09,6.684414e-08,5.543456e-01,1.840827e-13,1.798347e-09,7.402044e-03,3.491885e-03,1.884656e-03,4.523045e-15,1.125599e+02,1.669362e+09,1.108518e+02,1.631320e+09,1.136459e+02,1.870383e+09
194,monte carlo,2.225658e-11,3.534913e-01,1.057525e-09,7.663209e-10,3.698926e-13,4.041379e-11,1.179931e-01,7.371096e-10,1.150897e-09,4.060330e-13,4.060732e-11,1.574082e-01,9.746922e-10,5.030879e-10,4.409922e-13,2.178416e-11,2.189751e-01,7.360973e-10,1.093855e-09,3.848982e-13,6.785281e-08,5.292090e-01,1.978010e-13,5.196644e-10,8.402388e-08,6.949433e-01,2.157009e-13,8.989220e-10,6.917999e-08,5.160904e-01,1.838457e-13,8.811330e-10,3.852696e-03,9.739536e-03,1.286236e-03,3.789393e-15,1.208403e+02,1.695691e+09,1.139527e+02,1.402991e+09,1.263356e+02,1.668762e+09
195,monte carlo,2.163804e-11,2.160234e-01,7.389537e-10,7.057060e-10,5.274071e-13,3.782540e-11,3.976832e-01,9.477551e-10,5.403292e-10,3.554391e-13,3.734164e-11,2.935173e-01,7.608999e-10,2.813707e-10,1.699869e-13,2.134969e-11,1.469286e-01,8.704740e-10,1.299001e-09,3.808660e-13,6.547994e-08,5.242808e-01,1.581330e-13,1.445985e-09,8.609409e-08,7.554715e-01,1.926011e-13,7.418857e-10,6.885592e-08,6.434842e-01,1.921261e-13,1.095598e-09,-1.916310e-03,-5.404687e-03,3.796894e-04,3.743474e-15,1.177106e+02,1.929338e+09,1.074055e+02,1.598465e+09,1.008497e+02,1.608606e+09
196,monte carlo,2.196638e-11,3.934989e-01,1.029728e-09,3.991623e-10,2.462338e-13,3.783544e-11,3.497768e-01,7.425150e-10,7.846313e-10,3.986731e-13,3.960841e-11,3.185485e-01,1.020707e-09,1.214762e-09,4.482892e-13,2.235802e-11,2.730846e-01,8.137518e-10,1.128832e-09,4.354694e-13,6.882233e-08,5.758141e-01,2.018598e-13,5.785653e-10,7.918052e-08,7.059798e-01,1.968783e-13,1.456166e-09,6.957047e-08,6.547770e-01,1.881558e-13,1.543820e-09,-4.885067e-03,5.744504e-03,-2.968821e-03,1.478090e-15,1.126466e+02,1.683677e+09,1.057054e+02,1.433702e+09,1.001389e+02,1.585484e+09
197,monte carlo,2.139821e-11,2.563509e-01,8.117156e-10,4.512348e-10,2.535602e-13,3.824710e-11,1.737078e-01,6.553728e-10,8.362490e-10,4.351538e-13,4.069877e-11,3.838607e-01,1.147585e-09,6.568739e-10,2.458980e-13,2.298469e-11,2.772969e-01,7.308186e-10,8.771761e-10,5.038916e-13,6.727379e-08,5.688959e-01,1.815136e-13,8.427355e-10,7.937332e-08,6.473680e-01,2.134340e-13,9.038544e-10,6.728998e-08,5.172018e-01,1.928241e-13,1.289997e-09,-4.347037e-03,-5.909815e-03,-1.294044e-03,3.821837e-15,1.114511e+02,1.710222e+09,1.155565e+02,1.432431e+09,1.226201e+02,1.629175e+09
198,monte carlo,2.197568e-11,3.301392e-01,9.141326e-10,8.702079e-10,2.508643e-13,3.827253e-11,3.117675e-01,6.144569e-10,9.020711e-10,2.674283e-13,3.926083e-11,3.502526e-01,6.534598e-10,8.534075e-10,3.297607e-13,2.276445e-11,2.172299e-01,1.072067e-09,7.854297e-10,4.691882e-13,6.950616e-08,6.062242e-01,1.599003e-13,1.718638e-09,8.439288e-08,7.056955e-01,2.444832e-13,1.472769e-09,6.860503e-08,4.988696e-01,1.498690e-13,1.778915e-09,-5.473689e-03,9.698198e-03,-5.804103e-04,4.743354e-15,1.080591e+02,1.695115e+09,1.127093e+02,1.326181e+09,1.296105e+02,1.871033e+09
199,monte carlo,2.304768e-11,1.657947e-01,7.295114e-10,3.066950e-10,3.552346e-13,3.956216e-11,1.226982e-01,7.028897e-10,3.543554e-10,4.127460e-13,3.846626e-11,2.354298e-01,1.118629e-09,1.242249e-09,2.091526e-13,2.232413e-11,2.694418e-01,1.138498e-09,6.614981e-10,5.048936e-13,6.581404e-08,5.352775e-01,1.444032e-13,1.639359e-09,7.839218e-08,6.490228e-01,1.767333e-13,1.294408e-09,7.118992e-08,5.439574e-01,1.675135e-13,1.148528e-09,4.395951e-04,-3.306605e-03,-2.313782e-03,2.918385e-15,1.158806e+02,1.777756e+09,1.138371e+02,1.535627e+09,1.233459e+02,1.610206e+09
200,monte carlo,2.198572e-11,3.791405e-01,8.187662e-10,8.489801e-10,4.029855e-13,3.892089e-11,1.086598e-01,1.120189e-09,7.996367e-10,1.974273e-13,3.777258e-11,1.520619e-01,1.063475e-09,1.072233e-09,4.338323e-13,2.093338e-11,3.359801e-01,8.169327e-10,1.160274e-09,3.263344e-13,6.588633e-08,4.899821e-01,2.214959e-13,9.699914e-10,7.852667e-08,6.308979e-01,2.006976e-13,9.857404e-10,6.867469e-08,5.324390e-01,1.850578e-13,9.082887e-10,-9.443868e-03,1.477235e-03,-1.513361e-03,4.598674e-15,1.267320e+02,1.569046e+09,1.173084e+02,1.506513e+09,1.215620e+02,1.624279e+09
201,monte carlo,2.289725e-11,3.654289e-01,8.596191e-10,1.098159e-09,1.766913e-13,4.051384e-11,1.900699e-01,6.307334e-10,6.693015e-10,3.377891e-13,3.899386e-11,2.368274e-01,1.034319e-09,1.153401e-09,2.133464e-13,2.265109e-11,1.576917e-01,6.493352e-10,1.138261e-09,3.154486e-13,6.857773e-08,5.760526e-01,2.252860e-13,1.287461e-09,8.076519e-08,7.228724e-01,1.796220e-13,1.681638e-09,7.020716e-08,6.494290e-01,1.485487e-13,1.961289e-09,-6.843456e-04,-8.533859e-03,-1.298122e-03,4.313761e-15,1.121998e+02,1.565417e+09,1.053013e+02,1.418548e+09,1.018875e+02,1.886983e+09
202,monte carlo,2.171664e-11,1.942764e-01,7.072705e-10,8.629018e-10,1.738822e-13,3.949739e-11,1.533873e-01,6.695857e-10,4.702880e-10,3.944026e-13,3.849924e-11,1.851202e-01,8.329362e-10,9.694857e-10,4.179585e-13,2.247919e-11,3.819820e-01,9.886566e-10,4.653138e-10,5.292299e-13,6.634243e-08,5.821633e-01,1.843163e-13,1.496073e-09,8.009130e-08,7.057184e-01,2.130725e-13,7.284005e-10,6.549817e-08,5.983846e-01,1.923834e-13,8.316214e-10,-3.529498e-03,4.441061e-03,-1.724775e-03,3.068488e-15,1.074033e+02,1.541408e+09,1.069609e+02,1.511237e+09,1.031620e+02,1.585379e+09
203,monte carlo,2.161796e-11,3.871679e-01,8.569780e-10,1.140573e-09,3.073374e-13,3.746974e-11,3.633428e-01,1.189914e-09,3.202427e-10,2.080077e-13,4.050757e-11,1.361082e-01,8.685178e-10,6.892428e-10,2.332313e-13,2.121802e-11,3.392176e-01,1.004617e-09,1.278811e-09,2.538302e-13,6.951778e-08,5.818416e-01,1.768337e-13,1.041594e-09,8.336639e-08,6.638420e-01,2.330147e-13,1.989821e-09,6.660242e-08,5.585314e-01,1.925386e-13,1.065383e-09,9.363019e-03,3.428603e-03,-3.888858e-05,1.136783e-15,1.126062e+02,1.722735e+09,1.183579e+02,1.408368e+09,1.123863e+02,1.748881e+09
204,monte carlo,2.217415e-11,1.286754e-01,1.144143e-09,1.025689e-09,4.836700e-13,3.891174e-11,3.418479e-01,6.629663e-10,1.146443e-09,3.883042e-13,3.856547e-11,1.215165e-01,6.396803e-10,1.070661e-09,3.548544e-13,2.137606e-11,3.478252e-01,7.448535e-10,3.346183e-10,1.899118e-13,7.127522e-08,5.933060e-01,1.835149e-13,1.391093e-09,8.085883e-08,6.323598e-01,1.624420e-13,1.880250e-09,6.715646e-08,6.244149e-01,1.663493e-13,1.438751e-09,-3.988476e-03,-2.597254e-04,-2.598734e-03,2.097863e-15,1.132220e+02,1.515573e+09,1.205131e+02,1.585151e+09,1.013644e+02,1.748955e+09
205,monte carlo,2.122400e-11,1.598346e-01,9.699557e-10,1.023297e-09,4.827621e-13,3.939459e-11,1.838044e-01,1.019845e-09,1.192687e-09,5.291040e-13,3.878916e-11,3.386188e-01,9.962296e-10,8.592850e-10,4.744058e-13,2.283800e-11,2.802618e-01,1.099212e-09,8.562314e-10,3.237166e-13,6.858891e-08,5.384394e-01,1.660090e-13,1.174942e-09,7.848203e-08,7.141541e-01,2.267083e-13,1.315300e-09,6.649804e-08,6.103059e-01,1.674296e-13,1.201296e-09,-5.682835e-03,8.366448e-03,-2.832711e-03,4.507440e-15,1.200572e+02,1.739294e+09,1.035737e+02,1.406040e+09,1.026910e+02,1.846828e+09
206,monte carlo,2.214793e-11,2.405416e-01,1.025128e-09,6.288587e-10,4.733843e-13,3.920362e-11,2.796287e-01,6.629625e-10,1.013716e-09,4.559406e-13,4.044076e-11,2.690910e-01,1.024763e-09,5.278621e-10,5.013785e-13,2.220035e-11,3.016114e-01,6.620433e-10,5.119823e-10,3.814423e-13,7.113690e-08,5.734877e-01,1.704766e-13,9.772573e-10,8.235769e-08,7.026427e-01,1.548966e-13,1.038354e-09,6.903136e-08,5.060113e-01,1.502798e-13,1.655247e-09,-5.805989e-03,8.565550e-03,-1.599756e-03,4.131350e-15,1.169074e+02,1.899442e+09,1.104691e+02,1.646438e+09,1.285752e+02,1.715800e+09
207,monte carlo,2.219341e-11,1.149320e-01,7.574733e-10,1.246464e-09,3.123029e-13,3.850149e-11,2.387606e-01,1.087057e-09,6.240162e-10,2.467315e-13,4.075289e-11,1.786225e-01,6.201624e-10,1.186352e-09,1.974052e-13,2.097278e-11,3.521747e-01,1.187969e-09,7.614357e-10,1.866409e-13,7.127020e-08,6.234202e-01,1.757685e-13,1.467602e-09,8.415667e-08,6.133814e-01,2.403388e-13,1.728278e-09,7.123565e-08,6.021493e-01,1.679659e-13,7.767989e-10,8.537340e-04,-8.118736e-03,-7.832930e-04,4.825681e-15,1.077453e+02,1.639564e+09,1.293091e+02,1.338352e+09,1.114973e+02,1.714310e+09
208,monte carlo,2.184832e-11,3.388829e-01,1.030220e-09,1.069133e-09,4.259828e-13,3.941617e-11,2.061743e-01,1.143693e-09,9.245560e-10,1.726235e-13,3.880684e-11,3.596849e-01,1.176360e-09,3.675592e-10,5.092155e-13,2.147097e-11,3.244526e-01,9.560934e-10,6.141727e-10,4.919611e-13,7.030966e-08,5.915696e-01,1.768061e-13,1.648435e-09,7.853240e-08,6.085373e-01,1.497642e-13,1.088314e-09,6.551644e-08,6.171993e-01,1.435597e-13,1.471649e-09,5.055598e-03,4.089295e-03,-1.686019e-03,4.747496e-15,1.120161e+02,1.603018e+09,1.216278e+02,1.592673e+09,1.000451e+02,1.820689e+09
209,monte carlo,2.191987e-11,3.239506e-01,1.024437e-09,1.183156e-09,1.878739e-13,3.789850e-11,3.692037e-01,7.960167e-10,5.312685e-10,4.679748e-13,3.940001e-11,1.663165e-01,8.193298e-10,6.229042e-10,3.674434e-13,2.117124e-11,1.941538e-01,8.098725e-10,1.221043e-09,3.751260e-13,6.779450e-08,6.122087e-01,1.676098e-13,1.085648e-09,8.211308e-08,6.946697e-01,1.664659e-13,1.144779e-09,6.789894e-08,4.996471e-01,1.470788e-13,8.844144e-10,-3.315273e-03,-6.491132e-03,7.041590e-04,1.579699e-15,1.043677e+02,1.934895e+09,1.114051e+02,1.645206e+09,1.280769e+02,1.727298e+09
210,monte carlo,2.198150e-11,3.221153e-01,9.698379e-10,1.071973e-09,3.797229e-13,3.756802e-11,2.800119e-01,8.189904e-10,9.112292e-10,4.508898e-13,3.976479e-11,1.718731e-01,6.944905e-10,1.064802e-09,3.748062e-13,2.113025e-11,2.982323e-01,9.945520e-10,1.213869e-09,2.180888e-13,6.646631e-08,5.203722e-01,1.728885e-13,1.857261e-09,8.513636e-08,6.995019e-01,1.644552e-13,1.363839e-09,6.596808e-08,6.026442e-01,1.922216e-13,1.784198e-09,-4.716180e-03,-6.785594e-03,5.823355e-04,2.490743e-15,1.203812e+02,1.792764e+09,1.147089e+02,1.443479e+09,1.031678e+02,1.813713e+09
211,monte carlo,2.188158e-11,2.490103e-01,9.538939e-10,1.252480e-09,4.699821e-13,3.988012e-11,3.135485e-01,8.077950e-10,5.112884e-10,2.816655e-13,3.920819e-11,3.193747e-01,9.830906e-10,1.195321e-09,2.438458e-13,2.216202e-11,2.429800e-01,9.776481e-10,1.062421e-09,4.306882e-13,6.926101e-08,5.467220e-01,1.629765e-13,8.243047e-10,8.068704e-08,7.160314e-01,2.056174e-13,1.313766e-09,6.475634e-08,5.489556e-01,2.141302e-13,1.658209e-09,-2.840983e-03,1.343791e-03,4.956632e-04,1.954672e-15,1.193970e+02,1.833323e+09,1.062045e+02,1.567648e+09,1.111773e+02,1.576677e+09
212,monte carlo,2.133580e-11,3.902937e-01,8.355339e-10,5.004675e-10,3.481136e-13,3.709012e-11,3.981477e-01,8.474837e-10,9.699504e-10,4.661740e-13,3.762537e-11,1.376776e-01,9.525034e-10,1.211798e-09,4.841449e-13,2.144258e-11,2.681990e-01,1.102068e-09,3.711446e-10,4.835742e-13,7.055791e-08,5.308924e-01,1.534942e-13,1.776507e-09,8.246446e-08,6.458027e-01,1.962937e-13,1.175421e-09,7.084255e-08,5.573082e-01,1.671038e-13,1.537694e-09,-4.334300e-03,6.986539e-03,2.062386e-03,4.100716e-15,1.252594e+02,1.939345e+09,1.203478e+02,1.554759e+09,1.198036e+02,1.668550e+09
213,monte carlo,2.242116e-11,1.579141e-01,1.126214e-09,8.947762e-10,4.612970e-13,4.075962e-11,1.636600e-01,1.110106e-09,3.486701e-10,4.035926e-13,3.849124e-11,3.284684e-01,1.151886e-09,8.720854e-10,3.496296e-13,2.272659e-11,1.149101e-01,9.085775e-10,1.082064e-09,3.981325e-13,7.016397e-08,6.033296e-01,1.402827e-13,7.846707e-10,8.248836e-08,5.998185e-01,1.716519e-13,1.628014e-09,6.659589e-08,5.173279e-01,1.589260e-13,1.149111e-09,9.159485e-03,4.026954e-03,2.411211e-03,4.903076e-15,1.096051e+02,1.934710e+09,1.296116e+02,1.551597e+09,1.213257e+02,1.917585e+09
214,monte carlo,2.219333e-11,1.339759e-01,7.587367e-10,9.382271e-10,4.057658e-13,3.802616e-11,3.337061e-01,6.858048e-10,9.884232e-10,4.877831e-13,3.894412e-11,3.551377e-01,1.077550e-09,7.223573e-10,4.090580e-13,2.178855e-11,1.734464e-01,6.529596e-10,1.255524e-09,4.173950e-13,6.784531e-08,5.553822e-01,1.831105e-13,1.023832e-09,8.370144e-08,6.576763e-01,2.356759e-13,1.983256e-09,6.629240e-08,5.316516e-01,1.493347e-13,6.915253e-10,-8.762583e-03,2.851537e-03,-2.909822e-03,3.346870e-15,1.151328e+02,1.602770e+09,1.199477e+02,1.393644e+09,1.175189e+02,1.783522e+09
215,monte carlo,2.231977e-11,1.749707e-01,7.622465e-10,9.171911e-10,5.296720e-13,3.980932e-11,2.790134e-01,1.080232e-09,3.719489e-10,3.383572e-13,3.720945e-11,3.298468e-01,7.336704e-10,5.200873e-10,2.345315e-13,2.179440e-11,1.673493e-01,1.147535e-09,6.756276e-10,4.366109e-13,7.008004e-08,5.543656e-01,1.768658e-13,9.461940e-10,8.275290e-08,7.462079e-01,1.957870e-13,9.440075e-10,7.037155e-08,5.867034e-01,2.191623e-13,1.312735e-09,5.155809e-03,7.138410e-03,2.076093e-04,2.168786e-15,1.191432e+02,1.592956e+09,1.045188e+02,1.622765e+09,1.130445e+02,1.542396e+09
216,monte carlo,2.263338e-11,3.190014e-01,1.138435e-09,8.748737e-10,2.086585e-13,3.745903e-11,2.411213e-01,1.195813e-09,1.099426e-09,4.674005e-13,3.736255e-11,1.716214e-01,8.529778e-10,6.098327e-10,2.824235e-13,2.154517e-11,1.667203e-01,7.544582e-10,8.288236e-10,3.189420e-13,6.905673e-08,5.610839e-01,2.268046e-13,1.598516e-09,8.127304e-08,6.066569e-01,2.350964e-13,1.121283e-09,6.473915e-08,5.496503e-01,1.882754e-13,8.795022e-10,9.243532e-03,-3.831568e-03,5.708025e-04,3.187928e-15,1.159977e+02,1.518374e+09,1.262625e+02,1.341850e+09,1.110073e+02,1.857825e+09
217,monte carlo,2.231987e-11,3.722450e-01,9.038706e-10,2.769679e-10,5.268394e-13,4.074814e-11,3.897282e-01,1.102843e-09,5.239011e-10,3.123032e-13,3.934079e-11,3.365109e-01,7.708371e-10,6.954535e-10,2.999136e-13,2.208491e-11,2.508333e-01,9.813383e-10,6.520985e-10,2.560296e-13,6.759665e-08,6.096222e-01,1.295257e-13,8.641377e-10,8.423719e-08,6.276796e-01,2.020118e-13,1.402375e-09,6.566166e-08,6.112906e-01,2.309452e-13,1.407407e-09,-4.333776e-03,1.373384e-03,2.384948e-03,9.230728e-16,1.045046e+02,1.909994e+09,1.264844e+02,1.515260e+09,1.012361e+02,1.533779e+09
218,monte carlo,2.218493e-11,3.234270e-01,9.061921e-10,5.154892e-10,1.903882e-13,3.817754e-11,2.376833e-01,1.035835e-09,6.509855e-10,3.991099e-13,4.004276e-11,3.757747e-01,8.259726e-10,5.717378e-10,2.410668e-13,2.143341e-11,1.596458e-01,7.413887e-10,1.004333e-09,5.074288e-13,7.130328e-08,5.795509e-01,2.242316e-13,5.120134e-10,8.386219e-08,7.856923e-01,1.641451e-13,1.527706e-09,6.914936e-08,6.071244e-01,1.428459e-13,1.961113e-09,-2.283217e-03,7.494030e-03,-3.476182e-04,4.168569e-15,1.159549e+02,1.543780e+09,1.005969e+02,1.531327e+09,1.073450e+02,1.933190e+09
219,monte carlo,2.203186e-11,3.730996e-01,6.252833e-10,3.546112e-10,2.621646e-13,3.990777e-11,3.509604e-01,9.856630e-10,1.203072e-09,4.079472e-13,3.912988e-11,1.919249e-01,7.231786e-10,3.894402e-10,3.177220e-13,2.170896e-11,3.509812e-01,1.106705e-09,3.288674e-10,4.702180e-13,6.988415e-08,5.172274e-01,2.142788e-13,6.210197e-10,8.104070e-08,6.210926e-01,1.564792e-13,1.580696e-09,6.917814e-08,5.102480e-01,2.106810e-13,1.632951e-09,7.291383e-03,6.846313e-03,-2.884793e-03,3.611442e-15,1.273410e+02,1.568222e+09,1.229753e+02,1.613806e+09,1.277788e+02,1.510359e+09
220,monte carlo,2.099422e-11,2.113587e-01,7.867688e-10,6.142022e-10,2.396582e-13,4.057107e-11,3.850880e-01,6.782822e-10,4.026481e-10,4.574347e-13,3.848467e-11,1.855929e-01,6.965354e-10,3.280132e-10,3.681328e-13,2.284620e-11,3.974119e-01,8.551867e-10,1.251954e-09,3.717784e-13,6.475890e-08,5.178268e-01,1.500038e-13,5.187062e-10,8.419715e-08,7.862331e-01,2.462109e-13,1.552828e-09,6.791939e-08,5.325465e-01,1.538738e-13,8.214028e-10,-4.194494e-03,4.642277e-03,2.934570e-03,1.915099e-15,1.178653e+02,1.793134e+09,1.009293e+02,1.310259e+09,1.202008e+02,1.775310e+09
221,monte carlo,2.273197e-11,3.938430e-01,6.392974e-10,1.059893e-09,4.513177e-13,3.762879e-11,1.788584e-01,9.662606e-10,1.090984e-09,2.073333e-13,3.710514e-11,1.700017e-01,1.182608e-09,1.075415e-09,4.623351e-13,2.147163e-11,3.354006e-01,7.487529e-10,1.165452e-09,3.925385e-13,6.571501e-08,5.403324e-01,1.242070e-13,1.221434e-09,8.176718e-08,5.999478e-01,1.441266e-13,1.869359e-09,6.686221e-08,6.263813e-01,1.598861e-13,1.686628e-09,-7.731918e-03,-9.373040e-03,-3.364592e-04,3.811632e-15,1.146238e+02,1.931856e+09,1.284508e+02,1.633957e+09,1.006035e+02,1.705566e+09
222,monte carlo,2.258775e-11,1.984563e-01,8.615901e-10,3.560626e-10,3.288843e-13,3.854306e-11,1.951689e-01,8.696932e-10,6.178495e-10,1.911408e-13,3.875295e-11,2.851101e-01,9.403093e-10,7.594435e-10,3.234132e-13,2.099618e-11,1.138453e-01,6.773097e-10,9.179256e-10,3.947254e-13,6.887970e-08,5.261292e-01,1.537580e-13,1.832891e-09,7.922640e-08,5.849020e-01,1.667476e-13,1.615921e-09,6.670437e-08,4.876283e-01,1.803515e-13,8.950294e-10,2.695854e-03,-4.955634e-03,1.797155e-03,4.616488e-15,1.233872e+02,1.731869e+09,1.276609e+02,1.608447e+09,1.289248e+02,1.779873e+09
223,monte carlo,2.120588e-11,2.641358e-01,9.777791e-10,8.109529e-10,4.383202e-13,4.038875e-11,1.046072e-01,9.689124e-10,4.262999e-10,1.921933e-13,3.763241e-11,2.307877e-01,8.630184e-10,6.108567e-10,4.233343e-13,2.273987e-11,1.432997e-01,1.187301e-09,5.236593e-10,5.093641e-13,6.517511e-08,5.604690e-01,2.084181e-13,1.860267e-09,8.018116e-08,6.327657e-01,2.193451e-13,1.172068e-09,6.634361e-08,5.778713e-01,1.640354e-13,1.219732e-09,-5.046739e-03,4.429923e-03,-9.465101e-04,2.950576e-15,1.095977e+02,1.617685e+09,1.194265e+02,1.325766e+09,1.082030e+02,1.772019e+09
224,monte carlo,2.282897e-11,3.079618e-01,1.148679e-09,5.401156e-10,2.687628e-13,3.830022e-11,1.343763e-01,8.044044e-10,1.236947e-09,2.322757e-13,3.765127e-11,1.653658e-01,1.052700e-09,1.075427e-09,3.248339e-13,2.105157e-11,3.615220e-01,9.904525e-10,5.385609e-10,2.104932e-13,6.469337e-08,5.258091e-01,2.147796e-13,1.643755e-09,8.058612e-08,7.183904e-01,1.720163e-13,9.731926e-10,6.487223e-08,5.862107e-01,2.061374e-13,1.994129e-09,9.138339e-03,6.880842e-03,-8.220823e-04,1.833925e-15,1.159586e+02,1.658535e+09,1.057233e+02,1.581660e+09,1.042981e+02,1.665985e+09
225,monte carlo,2.264074e-11,1.745831e-01,1.090053e-09,6.610953e-10,2.792670e-13,3.800461e-11,3.831031e-01,6.284329e-10,7.904511e-10,2.307059e-13,4.077546e-11,2.355644e-01,1.102204e-09,1.234263e-09,4.029219e-13,2.250883e-11,2.182114e-01,6.705866e-10,5.384222e-10,3.530796e-13,6.715766e-08,5.093327e-01,2.110800e-13,1.760908e-09,8.190225e-08,6.511699e-01,1.789937e-13,1.898395e-09,6.522357e-08,4.764873e-01,2.065753e-13,5.563886e-10,-5.896700e-03,2.052170e-03,-2.807294e-03,4.664128e-15,1.242697e+02,1.553280e+09,1.185421e+02,1.624500e+09,1.290103e+02,1.582918e+09
226,monte carlo,2.260543e-11,2.719885e-01,1.173040e-09,1.007371e-09,2.099208e-13,3.876532e-11,3.770086e-01,6.965615e-10,4.280022e-10,4.624515e-13,3.726435e-11,2.866297e-01,1.003099e-09,5.520471e-10,3.628141e-13,2.192513e-11,1.817345e-01,8.936059e-10,9.501703e-10,3.915288e-13,6.743479e-08,5.184024e-01,1.922689e-13,1.575036e-09,7.910557e-08,6.381731e-01,2.340190e-13,8.155263e-10,6.788615e-08,6.380304e-01,1.641822e-13,1.271058e-09,6.500868e-03,2.425107e-03,7.187939e-04,3.107795e-15,1.225994e+02,1.501135e+09,1.168261e+02,1.392837e+09,1.002792e+02,1.882075e+09
227,monte carlo,2.117057e-11,1.452192e-01,8.272535e-10,5.567742e-10,3.555606e-13,3.849115e-11,2.333005e-01,1.027495e-09,1.026509e-09,3.979711e-13,4.044504e-11,2.970407e-01,1.196852e-09,5.116463e-10,3.680910e-13,2.153820e-11,3.632744e-01,7.506531e-10,8.447117e-10,2.258309e-13,6.696501e-08,5.568491e-01,1.985015e-13,1.045432e-09,7.943193e-08,6.176229e-01,2.447144e-13,5.925758e-10,6.889379e-08,6.420924e-01,1.296082e-13,1.540917e-09,-1.981184e-03,6.720424e-03,-1.783474e-03,3.564821e-15,1.133396e+02,1.554414e+09,1.212112e+02,1.336888e+09,1.011239e+02,1.882521e+09
228,monte carlo,2.212260e-11,1.346113e-01,1.051480e-09,9.022707e-10,4.871073e-13,3.896829e-11,1.353348e-01,1.088173e-09,4.620334e-10,4.277245e-13,3.792442e-11,2.962152e-01,7.127527e-10,3.632616e-10,4.481396e-13,2.178391e-11,1.644765e-01,9.086429e-10,8.710271e-10,3.208353e-13,6.972179e-08,6.284515e-01,1.748883e-13,7.609888e-10,7.865718e-08,6.844326e-01,1.483588e-13,1.271247e-09,6.552943e-08,5.983304e-01,2.100522e-13,9.436811e-10,3.080504e-03,-9.949473e-03,4.699525e-04,2.628884e-15,1.045606e+02,1.706921e+09,1.083126e+02,1.616927e+09,1.032206e+02,1.555911e+09
229,monte carlo,2.125219e-11,3.805229e-01,9.336493e-10,8.393204e-10,2.510832e-13,3.802938e-11,3.710059e-01,6.636440e-10,1.101716e-09,2.100356e-13,3.720724e-11,2.279161e-01,1.115978e-09,9.794285e-10,3.068010e-13,2.120513e-11,2.682597e-01,8.769669e-10,1.005818e-09,1.846501e-13,6.648530e-08,5.644786e-01,1.242804e-13,5.377809e-10,8.374623e-08,7.385486e-01,2.095617e-13,1.340425e-09,6.771726e-08,5.649673e-01,1.541377e-13,1.941347e-09,-8.463582e-03,-4.538998e-03,1.349264e-03,1.551913e-15,1.110067e+02,1.929454e+09,1.068704e+02,1.320627e+09,1.129659e+02,1.863926e+09
230,monte carlo,2.227047e-11,3.438233e-01,7.436525e-10,1.297383e-09,2.785251e-13,4.028708e-11,2.690266e-01,6.911611e-10,2.957901e-10,4.525509e-13,3.894738e-11,2.375233e-01,1.023331e-09,5.060092e-10,2.234550e-13,2.112804e-11,3.599139e-01,6.433203e-10,9.084966e-10,2.542340e-13,6.794264e-08,5.694488e-01,1.825539e-13,1.910655e-09,8.232702e-08,7.046498e-01,2.023715e-13,7.928864e-10,6.561464e-08,5.622920e-01,1.695852e-13,8.125590e-10,-9.593472e-03,6.726657e-04,-2.329024e-03,1.589896e-15,1.124498e+02,1.526550e+09,1.101134e+02,1.422915e+09,1.099791e+02,1.840210e+09
231,monte carlo,2.300684e-11,3.157566e-01,7.258541e-10,1.022994e-09,5.016293e-13,4.078587e-11,1.117008e-01,8.187622e-10,1.152356e-09,2.702174e-13,3.872321e-11,1.408618e-01,1.153853e-09,3.561632e-10,4.430324e-13,2.222900e-11,1.775532e-01,7.232052e-10,1.166420e-09,4.448973e-13,6.582218e-08,6.138541e-01,1.574418e-13,1.847248e-09,8.158630e-08,6.086505e-01,1.695140e-13,1.904559e-09,6.900351e-08,5.374856e-01,1.983721e-13,9.692743e-10,-5.986093e-03,7.534491e-03,6.814481e-04,4.186838e-15,1.010597e+02,1.873069e+09,1.263340e+02,1.642715e+09,1.209972e+02,1.746355e+09
232,monte carlo,2.091899e-11,1.678411e-01,1.059937e-09,1.202003e-09,4.488880e-13,3.742910e-11,3.017457e-01,9.102758e-10,7.233756e-10,1.968829e-13,4.066820e-11,2.813165e-01,6.485944e-10,6.604555e-10,4.049431e-13,2.203781e-11,2.965575e-01,1.010664e-09,4.172072e-10,2.708158e-13,6.542691e-08,5.756803e-01,2.212831e-13,7.091381e-10,8.462396e-08,6.734739e-01,1.602421e-13,1.568748e-09,6.804156e-08,6.066919e-01,1.676293e-13,1.044952e-09,7.104560e-03,-5.018339e-03,2.161058e-03,4.913557e-15,1.071140e+02,1.567279e+09,1.184251e+02,1.461727e+09,1.057005e+02,1.913934e+09
233,monte carlo,2.149491e-11,2.723251e-01,8.532164e-10,3.570774e-10,2.074866e-13,3.762741e-11,2.663187e-01,6.325297e-10,9.362257e-10,4.092198e-13,3.756102e-11,2.440621e-01,8.495386e-10,2.861118e-10,4.653069e-13,2.118015e-11,2.591550e-01,9.857440e-10,8.858876e-10,3.955197e-13,6.828879e-08,5.144037e-01,2.007752e-13,9.303849e-10,8.175209e-08,6.489618e-01,2.374650e-13,1.673225e-09,7.094563e-08,6.232016e-01,1.662198e-13,5.106787e-10,-8.340568e-03,-8.508201e-03,-2.968814e-03,2.404482e-15,1.251170e+02,1.533970e+09,1.187274e+02,1.374118e+09,1.072922e+02,1.845631e+09
234,monte carlo,2.249084e-11,2.709525e-01,1.107965e-09,7.180696e-10,1.894879e-13,3.882712e-11,1.020391e-01,9.805811e-10,7.303766e-10,5.042356e-13,3.890567e-11,3.115485e-01,6.498944e-10,1.166241e-09,4.089207e-13,2.192712e-11,1.899269e-01,7.006152e-10,3.788344e-10,2.414009e-13,6.615534e-08,5.596934e-01,2.204462e-13,5.194148e-10,7.901930e-08,6.122806e-01,2.247438e-13,9.120666e-10,6.844079e-08,5.652308e-01,1.728510e-13,1.883106e-09,6.502033e-03,1.823457e-03,2.035647e-03,2.473834e-15,1.114002e+02,1.567522e+09,1.216337e+02,1.352672e+09,1.141196e+02,1.777894e+09
235,monte carlo,2.266101e-11,1.607079e-01,1.012834e-09,4.005116e-10,2.480553e-13,4.031813e-11,3.469168e-01,7.970034e-10,4.283206e-10,4.961015e-13,4.037238e-11,2.352135e-01,8.896932e-10,6.843994e-10,4.954850e-13,2.119370e-11,1.463623e-01,1.168115e-09,1.024358e-09,1.785639e-13,6.763438e-08,6.198640e-01,1.627778e-13,1.854649e-09,8.046426e-08,6.942768e-01,1.946885e-13,6.565181e-10,6.685290e-08,5.764257e-01,1.536348e-13,1.782684e-09,3.243022e-03,-9.189285e-03,-9.291650e-05,6.969525e-16,1.028353e+02,1.832968e+09,1.092299e+02,1.467394e+09,1.093070e+02,1.816644e+09
236,monte carlo,2.180270e-11,1.754268e-01,8.459801e-10,3.782563e-10,4.305440e-13,3.807828e-11,3.457656e-01,6.251579e-10,7.009885e-10,5.102550e-13,3.921278e-11,3.326687e-01,1.081936e-09,1.078889e-09,3.074608e-13,2.242562e-11,1.177661e-01,8.910558e-10,1.115402e-09,3.813843e-13,6.861837e-08,5.587786e-01,1.276412e-13,1.974838e-09,8.342249e-08,7.174839e-01,2.193382e-13,1.963989e-09,6.589435e-08,5.102372e-01,1.758280e-13,6.888346e-10,-8.930444e-03,-2.862403e-03,5.695897e-04,1.011778e-15,1.157369e+02,1.859531e+09,1.095827e+02,1.333708e+09,1.217159e+02,1.774102e+09
237,monte carlo,2.168232e-11,2.692866e-01,8.358027e-10,1.210896e-09,1.812871e-13,3.998080e-11,2.306073e-01,1.081716e-09,9.184702e-10,1.979150e-13,4.042556e-11,1.070650e-01,1.024900e-09,9.511555e-10,2.686682e-13,2.242483e-11,3.401902e-01,1.071313e-09,3.969049e-10,2.194741e-13,6.764532e-08,5.258141e-01,1.938397e-13,5.662345e-10,8.315502e-08,7.123049e-01,2.126225e-13,1.414861e-09,6.801893e-08,5.171119e-01,1.582912e-13,1.664358e-09,-9.835661e-03,5.292742e-04,-2.823770e-03,3.052443e-15,1.212486e+02,1.517040e+09,1.100256e+02,1.413000e+09,1.239699e+02,1.933136e+09
238,monte carlo,2.154834e-11,1.630644e-01,9.756664e-10,8.345183e-10,2.335894e-13,4.022477e-11,2.551817e-01,1.151849e-09,6.308755e-10,2.177207e-13,4.048234e-11,1.065419e-01,7.182899e-10,4.524752e-10,4.528047e-13,2.294810e-11,1.145175e-01,1.068107e-09,3.315108e-10,4.696170e-13,6.691919e-08,4.857103e-01,1.660624e-13,1.173709e-09,8.247548e-08,7.543907e-01,1.628138e-13,1.044563e-09,7.087269e-08,6.507847e-01,2.138953e-13,6.532466e-10,8.710780e-04,-3.769552e-03,1.450416e-03,1.292315e-15,1.298508e+02,1.767947e+09,1.030385e+02,1.551045e+09,1.026391e+02,1.630377e+09
239,monte carlo,2.307041e-11,3.239233e-01,1.090159e-09,7.015063e-10,3.081425e-13,3.992604e-11,1.607611e-01,1.064400e-09,3.641093e-10,3.744565e-13,3.906636e-11,1.173523e-01,9.251971e-10,9.083118e-10,2.742793e-13,2.146195e-11,3.180848e-01,1.142501e-09,8.156292e-10,3.589034e-13,6.761326e-08,5.744757e-01,1.653160e-13,1.176280e-09,7.893743e-08,6.960507e-01,1.872587e-13,1.323746e-09,6.559957e-08,5.332514e-01,2.233588e-13,8.197831e-10,-3.425127e-03,-7.035087e-03,1.670239e-03,3.021088e-15,1.109255e+02,1.786584e+09,1.068841e+02,1.559158e+09,1.159418e+02,1.628598e+09
240,monte carlo,2.292641e-11,2.398159e-01,8.900132e-10,1.154434e-09,3.850471e-13,3.794869e-11,3.440252e-01,1.073422e-09,7.253416e-10,4.076414e-13,4.016818e-11,1.382762e-01,9.090630e-10,7.721973e-10,4.596724e-13,2.193415e-11,3.704186e-01,8.912304e-10,2.923383e-10,2.841517e-13,6.479297e-08,5.290013e-01,2.180723e-13,1.278274e-09,8.146537e-08,5.908298e-01,1.719115e-13,1.117895e-09,6.771395e-08,6.356480e-01,1.776044e-13,1.382306e-09,1.982147e-03,-6.010642e-03,-8.439859e-04,2.444759e-15,1.154363e+02,1.530147e+09,1.299516e+02,1.526351e+09,1.003997e+02,1.585305e+09
241,monte carlo,2.175861e-11,1.830989e-01,8.993296e-10,9.376899e-10,4.905839e-13,3.900832e-11,2.319965e-01,7.793245e-10,5.371039e-10,3.476370e-13,3.887997e-11,1.117365e-01,6.488182e-10,5.480129e-10,4.724007e-13,2.102956e-11,1.976444e-01,6.817790e-10,5.879573e-10,2.536523e-13,6.682242e-08,5.709372e-01,1.508411e-13,9.349334e-10,8.057614e-08,6.608255e-01,1.407777e-13,1.448658e-09,6.532832e-08,4.774547e-01,1.515541e-13,7.197417e-10,-8.110449e-03,-6.504881e-03,-9.412492e-04,3.936796e-15,1.103075e+02,1.756142e+09,1.149187e+02,1.628842e+09,1.289557e+02,1.780299e+09
242,monte carlo,2.233869e-11,1.061657e-01,1.122682e-09,5.195037e-10,4.149928e-13,3.736233e-11,2.931432e-01,1.003466e-09,1.185120e-09,4.262846e-13,3.901749e-11,2.971057e-01,1.168438e-09,8.827908e-10,2.912760e-13,2.192628e-11,1.845043e-01,1.041072e-09,1.079279e-09,2.019531e-13,7.128283e-08,6.262880e-01,1.621651e-13,1.206162e-09,8.367548e-08,6.549616e-01,1.866427e-13,7.907409e-10,6.816504e-08,6.101217e-01,1.671495e-13,1.394144e-09,3.949032e-03,-2.865028e-03,-1.245090e-03,2.367148e-15,1.072709e+02,1.592497e+09,1.204075e+02,1.499676e+09,1.052971e+02,1.754478e+09
243,monte carlo,2.139812e-11,1.588147e-01,7.963158e-10,8.336394e-10,4.727291e-13,4.076860e-11,3.504464e-01,7.381917e-10,7.367617e-10,4.244905e-13,4.059297e-11,3.081555e-01,7.204976e-10,1.076803e-09,3.767835e-13,2.202917e-11,1.475645e-01,7.225506e-10,7.419096e-10,2.587833e-13,6.848332e-08,5.708772e-01,1.501495e-13,9.409281e-10,8.294607e-08,6.406615e-01,1.884191e-13,1.979033e-09,6.596314e-08,4.968130e-01,2.070197e-13,1.353621e-09,-3.242107e-03,3.969928e-03,7.834454e-04,1.533468e-15,1.130611e+02,1.792141e+09,1.220221e+02,1.647706e+09,1.251352e+02,1.680370e+09
244,monte carlo,2.275447e-11,2.460401e-01,9.481217e-10,7.430822e-10,2.082864e-13,3.867563e-11,2.126203e-01,7.663108e-10,1.054653e-09,4.568450e-13,4.047775e-11,3.904880e-01,1.153754e-09,5.153726e-10,2.150320e-13,2.279313e-11,1.107220e-01,6.442898e-10,7.758639e-10,2.852880e-13,7.122876e-08,6.636207e-01,1.345989e-13,5.220087e-10,8.524345e-08,7.965866e-01,2.038790e-13,6.416473e-10,6.854707e-08,5.885208e-01,1.807942e-13,1.270884e-09,3.091010e-03,-1.354699e-03,1.749652e-03,3.560552e-15,1.011595e+02,1.942675e+09,1.008554e+02,1.446681e+09,1.097737e+02,1.536242e+09
245,monte carlo,2.206949e-11,2.463336e-01,1.145254e-09,1.018862e-09,2.917159e-13,4.015728e-11,3.322038e-01,6.904253e-10,9.077481e-10,2.773064e-13,3.787547e-11,1.890494e-01,8.516548e-10,4.301047e-10,5.034348e-13,2.267139e-11,3.102256e-01,9.636833e-10,5.528546e-10,4.364934e-13,6.819880e-08,6.124764e-01,1.884520e-13,1.108831e-09,8.096730e-08,7.320450e-01,2.002206e-13,8.566722e-10,6.951354e-08,5.823928e-01,1.725241e-13,5.493483e-10,8.129178e-03,-7.145838e-03,2.687923e-03,5.071496e-16,1.049442e+02,1.848062e+09,1.042421e+02,1.498757e+09,1.124928e+02,1.692260e+09
246,monte carlo,2.287294e-11,1.886027e-01,1.030338e-09,1.156972e-09,3.711711e-13,3.775156e-11,2.278727e-01,1.106050e-09,5.675427e-10,4.542467e-13,3.963004e-11,3.681548e-01,7.121178e-10,1.255251e-09,5.234407e-13,2.213490e-11,3.720741e-01,9.927329e-10,6.130474e-10,4.639067e-13,6.946832e-08,5.637328e-01,1.759325e-13,1.967944e-09,7.948390e-08,7.434876e-01,1.623079e-13,1.155093e-09,6.523101e-08,5.003841e-01,1.776672e-13,1.937991e-09,5.057607e-03,-9.276301e-03,2.930149e-03,3.101142e-15,1.161407e+02,1.644917e+09,1.007573e+02,1.549667e+09,1.228632e+02,1.660390e+09
247,monte carlo,2.099706e-11,1.608494e-01,6.331229e-10,9.913612e-10,4.600013e-13,3.730764e-11,1.073833e-01,7.942855e-10,3.227176e-10,4.888211e-13,3.960011e-11,3.762137e-01,7.594783e-10,6.527628e-10,1.810984e-13,2.281208e-11,2.011341e-01,1.106658e-09,1.085706e-09,4.833960e-13,6.700450e-08,5.284819e-01,1.702057e-13,1.656688e-09,8.391250e-08,6.103148e-01,1.874096e-13,7.454799e-10,7.058019e-08,5.655019e-01,1.356724e-13,1.707848e-09,5.327350e-03,-9.100383e-03,2.945135e-03,8.639055e-16,1.194937e+02,1.716058e+09,1.295818e+02,1.612168e+09,1.176305e+02,1.801632e+09
248,monte carlo,2.250857e-11,3.587655e-01,8.688830e-10,7.121393e-10,2.896110e-13,3.718630e-11,1.643803e-01,1.188848e-09,2.924947e-10,2.867391e-13,4.036723e-11,1.944770e-01,7.619462e-10,9.198174e-10,3.568655e-13,2.248165e-11,1.178365e-01,1.036427e-09,5.460496e-10,2.772653e-13,6.681342e-08,5.152380e-01,2.223510e-13,1.820385e-09,7.825575e-08,6.057870e-01,2.378959e-13,9.326304e-10,6.838622e-08,6.208948e-01,1.998247e-13,9.130006e-10,4.191813e-04,2.637761e-03,7.953395e-04,2.970348e-15,1.222157e+02,1.560855e+09,1.217496e+02,1.348378e+09,1.038058e+02,1.743571e+09
249,monte carlo,2.232198e-11,3.725357e-01,8.735889e-10,1.134575e-09,4.689173e-13,3.773417e-11,1.612084e-01,7.051500e-10,6.734003e-10,4.909064e-13,3.828271e-11,3.028251e-01,7.860395e-10,5.487307e-10,5.136040e-13,2.227213e-11,1.918588e-01,9.787908e-10,1.149842e-09,2.728567e-13,6.997522e-08,5.432038e-01,1.286504e-13,1.262984e-09,8.566343e-08,7.985669e-01,2.129542e-13,8.633880e-10,6.957135e-08,5.221260e-01,1.658652e-13,1.947872e-09,-2.336433e-03,-6.589327e-03,-3.779194e-04,7.440093e-16,1.214095e+02,1.864485e+09,1.011010e+02,1.414401e+09,1.255817e+02,1.846304e+09
250,monte carlo,2.160098e-11,2.865241e-01,7.780899e-10,5.426319e-10,5.003779e-13,3.926278e-11,1.658797e-01,6.037232e-10,8.565778e-10,2.220205e-13,3.891317e-11,1.899344e-01,9.356375e-10,6.252075e-10,4.891537e-13,2.228995e-11,1.285843e-01,6.546320e-10,9.225874e-10,2.569528e-13,6.552040e-08,5.322315e-01,2.003457e-13,1.592635e-09,7.887656e-08,6.684739e-01,1.732755e-13,1.624740e-09,6.696976e-08,5.095972e-01,1.471289e-13,1.060476e-09,2.051186e-03,5.348638e-03,3.160728e-04,1.632722e-15,1.160238e+02,1.509875e+09,1.112076e+02,1.597666e+09,1.238577e+02,1.811663e+09
251,monte carlo,2.138235e-11,1.946904e-01,1.153003e-09,3.469933e-10,4.865972e-13,4.088945e-11,1.912733e-01,8.710278e-10,1.296927e-09,3.528104e-13,3.838175e-11,3.875093e-01,9.052176e-10,1.128139e-09,3.529561e-13,2.132445e-11,3.859786e-01,1.060007e-09,4.274620e-10,2.767034e-13,7.088272e-08,5.313529e-01,1.349535e-13,9.536566e-10,8.319428e-08,6.538639e-01,1.821791e-13,1.329251e-09,6.781783e-08,5.272944e-01,1.783494e-13,1.879659e-09,-3.709453e-03,-2.235148e-04,-2.096857e-03,1.456866e-15,1.257270e+02,1.779219e+09,1.199160e+02,1.683005e+09,1.212165e+02,1.841655e+09
252,monte carlo,2.098538e-11,3.552881e-01,1.095203e-09,3.712671e-10,5.145124e-13,3.778994e-11,1.508617e-01,1.129742e-09,1.134697e-09,3.143015e-13,3.844412e-11,1.452834e-01,7.486576e-10,9.119886e-10,2.325409e-13,2.300693e-11,1.071906e-01,7.237911e-10,4.767290e-10,3.964965e-13,6.961759e-08,6.269976e-01,1.745499e-13,1.433482e-09,8.085342e-08,5.970180e-01,1.775925e-13,1.300384e-09,7.036297e-08,6.387983e-01,1.430896e-13,5.984198e-10,-1.865316e-03,3.908574e-03,7.053202e-04,4.023788e-15,1.046464e+02,1.535642e+09,1.276386e+02,1.551212e+09,1.038130e+02,1.916674e+09
253,worst case il,2.090000e-11,4.000000e-01,6.000000e-10,2.693699e-10,1.682769e-13,4.095000e-11,4.000000e-01,1.200000e-09,1.299287e-09,5.296728e-13,4.095000e-11,4.000000e-01,1.200000e-09,1.299287e-09,5.296728e-13,2.090000e-11,4.000000e-01,6.000000e-10,2.693699e-10,1.682769e-13,7.140000e-08,6.729291e-01,2.376738e-13,2.000000e-09,8.610000e-08,8.114734e-01,2.540806e-13,2.000000e-09,7.140000e-08,6.729291e-01,2.376738e-13,2.000000e-09,-1.000000e-02,-1.000000e-02,3.000000e-03,5.000000e-15,1.000000e+02,1.500000e+09,1.000000e+02,1.300000e+09,1.000000e+02,1.500000e+09
254,worst case att2,2.090000e-11,1.000000e-01,6.000000e-10,2.693699e-10,1.682769e-13,3.705000e-11,1.000000e-01,6.000000e-10,2.693699e-10,1.682769e-13,3.705000e-11,1.000000e-01,6.000000e-10,2.693699e-10,1.682769e-13,2.090000e-11,1.000000e-01,6.000000e-10,2.693699e-10,1.682769e-13,6.460000e-08,4.683390e-01,1.231190e-13,5.000000e-10,7.790000e-08,5.647617e-01,1.338490e-13,5.000000e-10,6.460000e-08,4.683390e-01,1.231190e-13,5.000000e-10,1.000000e-02,1.000000e-02,-3.000000e-03,5.000000e-16,1.300000e+02,1.950000e+09,1.300000e+02,1.690000e+09,1.300000e+02,1.950000e+09
255,worst case att3,2.090000e-11,1.000000e-01,6.000000e-10,2.693699e-10,1.682769e-13,3.705000e-11,4.000000e-01,6.000000e-10,2.693699e-10,1.682769e-13,4.095000e-11,4.000000e-01,1.200000e-09,1.299287e-09,5.296728e-13,2.090000e-11,1.000000e-01,6.000000e-10,2.693699e-10,1.682769e-13,6.460000e-08,4.683390e-01,1.231190e-13,5.000000e-10,8.610000e-08,8.114734e-01,2.540806e-13,5.000000e-10,6.460000e-08,4.683390e-01,1.231190e-13,5.000000e-10,1.000000e-02,-1.000000e-02,3.000000e-03,5.000000e-15,1.300000e+02,1.950000e+09,1.000000e+02,1.300000e+09,1.300000e+02,1.950000e+09
256,worst case atthi,2.310000e-11,1.000000e-01,1.200000e-09,1.299287e-09,5.296728e-13,4.095000e-11,1.000000e-01,1.200000e-09,1.299287e-09,5.296728e-13,4.095000e-11,1.000000e-01,1.200000e-09,1.299287e-09,5.296728e-13,2.310000e-11,1.000000e-01,1.200000e-09,1.299287e-09,5.296728e-13,6.460000e-08,4.683390e-01,2.542710e-13,2.000000e-09,7.790000e-08,5.647617e-01,2.724049e-13,2.000000e-09,6.460000e-08,4.683390e-01,2.542710e-13,2.000000e-09,-1.000000e-02,-1.000000e-02,3.000000e-03,5.000000e-15,1.300000e+02,1.500000e+09,1.300000e+02,1.300000e+09,1.300000e+02,1.500000e+09
257,worst case eff2,2.090000e-11,1.000000e-01,6.000000e-10,2.693699e-10,1.682769e-13,3.705000e-11,4.000000e-01,6.000000e-10,2.693699e-10,1.682769e-13,3.705000e-11,4.000000e-01,6.000000e-10,2.693699e-10,1.682769e-13,2.090000e-11,1.000000e-01,6.000000e-10,2.693699e-10,1.682769e-13,6.460000e-08,6.088407e-01,1.231190e-13,5.000000e-10,7.790000e-08,7.341902e-01,1.338490e-13,5.000000e-10,6.460000e-08,6.088407e-01,1.231190e-13,5.000000e-10,1.000000e-02,1.000000e-02,-3.000000e-03,5.000000e-16,1.000000e+02,1.950000e+09,1.000000e+02,1.690000e+09,1.000000e+02,1.950000e+09
258,worst case eff3,2.090000e-11,1.000000e-01,6.000000e-10,2.693699e-10,1.682769e-13,4.095000e-11,4.000000e-01,1.200000e-09,1.299287e-09,5.296728e-13,4.095000e-11,4.000000e-01,1.200000e-09,1.299287e-09,5.296728e-13,2.090000e-11,1.000000e-01,6.000000e-10,2.693699e-10,1.682769e-13,6.460000e-08,6.088407e-01,1.231190e-13,5.000000e-10,8.610000e-08,8.114734e-01,2.540806e-13,2.000000e-09,6.460000e-08,6.088407e-01,1.231190e-13,5.000000e-10,-1.000000e-02,-1.000000e-02,3.000000e-03,5.000000e-15,1.000000e+02,1.950000e+09,1.000000e+02,1.300000e+09,1.000000e+02,1.950000e+09
259,worst case effhi,2.310000e-11,1.000000e-01,1.200000e-09,1.299287e-09,5.296728e-13,4.095000e-11,4.000000e-01,1.200000e-09,1.299287e-09,5.296728e-13,4.095000e-11,4.000000e-01,1.200000e-09,1.299287e-09,5.296728e-13,2.310000e-11,1.000000e-01,1.200000e-09,1.299287e-09,5.296728e-13,7.140000e-08,6.729291e-01,2.376738e-13,2.000000e-09,8.610000e-08,8.114734e-01,2.540806e-13,2.000000e-09,7.140000e-08,6.729291e-01,2.376738e-13,2.000000e-09,-1.000000e-02,-1.000000e-02,3.000000e-03,5.000000e-15,1.000000e+02,1.500000e+09,1.000000e+02,1.300000e+09,1.000000e+02,1.500000e+09
