run,kind,C1C,C1ESR,C1ESL,C1Lvia,C1Cpad,C3C,C3ESR,C3ESL,C3Lvia,C3Cpad,C5C,C5ESR,C5ESL,C5Lvia,C5Cpad,C7C,C7ESR,C7ESL,C7Lvia,C7Cpad,L2L,L2R,L2C,L2Ltr,L4L,L4R,L4C,L4Ltr,L6L,L6R,L6C,L6Ltr,K24,K46,K26,Cio,L2Q,L2SRF,L4Q,L4SRF,L6Q,L6SRF
1,corner -tol,2.090000e-11,2.000000e-01,1.000000e-09,8.496433e-10,3.489749e-13,3.705000e-11,2.000000e-01,1.000000e-09,8.496433e-10,3.489749e-13,3.705000e-11,2.000000e-01,1.000000e-09,8.496433e-10,3.489749e-13,2.090000e-11,2.000000e-01,1.000000e-09,8.496433e-10,3.489749e-13,6.120000e-08,3.236624e-01,2.436556e-13,1.000000e-09,7.380000e-08,3.791869e-01,2.529778e-13,1.000000e-09,6.120000e-08,3.236624e-01,2.436556e-13,1.000000e-09,1.500000e-02,1.500000e-02,2.000000e-03,2.000000e-15,1.734570e+02,1.461939e+09,1.785401e+02,1.300372e+09,1.734570e+02,1.461939e+09
2,corner +tol,2.310000e-11,2.000000e-01,1.000000e-09,8.496433e-10,3.489749e-13,4.095000e-11,2.000000e-01,1.000000e-09,8.496433e-10,3.489749e-13,4.095000e-11,2.000000e-01,1.000000e-09,8.496433e-10,3.489749e-13,2.310000e-11,2.000000e-01,1.000000e-09,8.496433e-10,3.489749e-13,7.480000e-08,3.955874e-01,2.084455e-13,1.000000e-09,9.020000e-08,4.634507e-01,2.160728e-13,1.000000e-09,7.480000e-08,3.955874e-01,2.084455e-13,1.000000e-09,1.500000e-02,1.500000e-02,2.000000e-03,2.000000e-15,1.734570e+02,1.461939e+09,1.785401e+02,1.300372e+09,1.734570e+02,1.461939e+09
3,monte carlo,2.279703e-11,1.891366e-01,8.808919e-10,1.296596e-09,2.259336e-13,3.810264e-11,2.693543e-01,9.356756e-10,4.856007e-10,5.183182e-13,3.989063e-11,3.903821e-01,9.771743e-10,8.234818e-10,3.378458e-13,2.170553e-11,2.592664e-01,9.853013e-10,4.720758e-10,5.082253e-13,6.546020e-08,4.411032e-01,1.559923e-13,1.027233e-09,7.909587e-08,3.272698e-01,1.365923e-13,1.718050e-09,6.573184e-08,3.725720e-01,1.865749e-13,1.756624e-09,-1.109820e-02,1.223788e-02,-3.303928e-03,6.618458e-16,1.361350e+02,1.918155e+09,2.217076e+02,1.708148e+09,1.618446e+02,1.669219e+09
4,monte carlo,2.229599e-11,1.255063e-01,1.198799e-09,8.047846e-10,4.574051e-13,3.917186e-11,2.479244e-01,6.885442e-10,8.710851e-10,4.626269e-13,4.060078e-11,1.956883e-01,6.512731e-10,4.577084e-10,3.852612e-13,2.094123e-11,2.287644e-01,6.161646e-10,4.214080e-10,4.447582e-13,6.975829e-08,3.301975e-01,1.311800e-13,1.403829e-09,8.814133e-08,4.627847e-01,1.704769e-13,8.371531e-10,6.712715e-08,3.337341e-01,2.550465e-13,1.935947e-09,2.080497e-02,2.055337e-02,-1.220654e-03,3.029434e-15,1.938004e+02,1.857491e+09,1.747163e+02,1.589191e+09,1.845144e+02,1.291656e+09
5,monte carlo,2.270926e-11,2.769059e-01,1.167792e-09,5.076966e-10,4.399313e-13,3.804609e-11,1.410490e-01,9.460872e-10,5.058086e-10,4.481051e-13,3.978623e-11,2.162210e-01,1.031655e-09,8.224110e-10,3.933592e-13,2.175745e-11,3.869201e-01,1.149558e-09,6.658950e-10,4.749385e-13,6.563788e-08,2.913334e-01,2.170864e-13,9.237713e-10,8.669388e-08,5.239125e-01,2.260841e-13,1.423005e-09,6.970303e-08,3.316765e-01,1.658593e-13,1.539286e-09,4.999178e-03,-1.713749e-02,5.959079e-03,3.566557e-15,2.066793e+02,1.517191e+09,1.517967e+02,1.380772e+09,1.927834e+02,2.020220e+09
6,monte carlo,2.252933e-11,3.997902e-01,1.033966e-09,2.761254e-10,2.249124e-13,4.029677e-11,2.131065e-01,7.466238e-10,5.500740e-10,4.175189e-13,4.041508e-11,1.053297e-01,8.275895e-10,1.166519e-09,3.408731e-13,2.239607e-11,3.959633e-01,8.973799e-10,6.624169e-10,3.385954e-13,6.403751e-08,4.035002e-01,3.170237e-13,1.724908e-09,7.676449e-08,3.290354e-01,2.765849e-13,1.717058e-09,6.710472e-08,3.244172e-01,2.131484e-13,1.105293e-09,-1.553611e-02,-2.979135e-02,-5.920715e-03,2.888386e-15,1.455873e+02,1.251179e+09,2.140180e+02,1.145138e+09,1.897500e+02,1.558340e+09
7,monte carlo,2.095738e-11,2.599682e-01,9.011990e-10,6.671456e-10,5.023356e-13,3.994323e-11,1.325240e-01,9.780633e-10,5.299431e-10,2.114393e-13,4.074710e-11,3.147072e-01,1.150112e-09,1.254824e-09,2.701018e-13,2.172195e-11,1.496662e-01,6.958077e-10,1.127888e-09,5.045184e-13,7.209998e-08,4.757654e-01,1.725086e-13,1.933441e-09,8.496827e-08,3.622908e-01,2.443408e-13,7.701547e-10,6.681049e-08,4.421012e-01,2.056926e-13,1.911601e-09,2.255491e-02,1.541068e-02,2.970092e-03,2.192704e-15,1.390193e+02,1.913984e+09,2.151455e+02,1.206240e+09,1.386295e+02,1.629660e+09
8,monte carlo,2.279356e-11,2.049034e-01,6.112621e-10,9.328698e-10,5.015092e-13,3.773072e-11,3.512611e-01,1.025985e-09,4.616468e-10,3.498949e-13,3.846747e-11,1.791185e-01,9.963006e-10,1.117548e-09,3.827472e-13,2.131288e-11,2.999160e-01,1.088595e-09,4.852648e-10,2.944329e-13,6.181650e-08,3.952448e-01,2.692681e-13,1.442857e-09,7.968149e-08,5.031722e-01,2.454521e-13,9.087987e-10,6.763367e-08,3.403943e-01,1.267842e-13,1.410291e-09,2.860016e-02,-1.504272e-02,3.179259e-03,4.779920e-15,1.434732e+02,1.384634e+09,1.452692e+02,1.324700e+09,1.822692e+02,1.987264e+09
9,monte carlo,2.161229e-11,3.805049e-01,1.195066e-09,4.731939e-10,2.641102e-13,3.918819e-11,1.617141e-01,7.666015e-10,5.617923e-10,5.062313e-13,4.067081e-11,1.391022e-01,1.169658e-09,1.211906e-09,4.290732e-13,2.239376e-11,1.699527e-01,1.085948e-09,8.663974e-10,2.371140e-13,6.221071e-08,2.730823e-01,2.868828e-13,1.277051e-09,8.231306e-08,4.183385e-01,2.827712e-13,1.561023e-09,6.180754e-08,3.057704e-01,1.828106e-13,1.922127e-09,-1.402639e-03,3.832402e-03,-1.582418e-03,2.604562e-15,2.089798e+02,1.370160e+09,1.804985e+02,1.204371e+09,1.854295e+02,1.670300e+09
10,monte carlo,2.256536e-11,3.026267e-01,7.552564e-10,1.225369e-09,3.172254e-13,3.781560e-11,1.238865e-01,1.126691e-09,1.234517e-09,3.017189e-13,3.819445e-11,1.145677e-01,8.071609e-10,1.113835e-09,3.038105e-13,2.252555e-11,3.545350e-01,9.947757e-10,7.225511e-10,2.426314e-13,6.237736e-08,3.574473e-01,3.009926e-13,1.763426e-09,7.847822e-08,4.994466e-01,2.073548e-13,1.596686e-09,6.737198e-08,4.067800e-01,1.799602e-13,1.133288e-09,-2.382347e-02,1.900542e-02,-8.371736e-04,3.466901e-15,1.600839e+02,1.242039e+09,1.441428e+02,1.454190e+09,1.519331e+02,1.680691e+09
11,monte carlo,2.107519e-11,3.889082e-01,1.066283e-09,1.019181e-09,4.065324e-13,3.783531e-11,1.829186e-01,7.973602e-10,9.202507e-10,3.129206e-13,3.877931e-11,3.660291e-01,8.140147e-10,6.415024e-10,1.924230e-13,2.180753e-11,1.374981e-01,7.235762e-10,8.052482e-10,2.917865e-13,7.416363e-08,3.296557e-01,1.668589e-13,8.282331e-10,8.462603e-08,3.863432e-01,1.443770e-13,1.760190e-09,7.162946e-08,4.994560e-01,1.428025e-13,9.543325e-10,1.059897e-02,-2.472851e-02,2.627220e-03,4.488403e-15,2.063779e+02,1.874044e+09,2.009386e+02,1.713284e+09,1.315610e+02,1.969334e+09
12,monte carlo,2.221643e-11,2.225789e-01,9.734415e-10,6.965682e-10,2.881804e-13,3.784161e-11,2.112106e-01,7.429858e-10,4.099798e-10,4.937078e-13,4.005651e-11,1.923019e-01,9.287318e-10,1.239978e-09,5.136653e-13,2.290269e-11,2.537664e-01,6.676487e-10,5.789568e-10,5.050353e-13,7.112264e-08,3.215194e-01,2.377850e-13,1.371659e-09,8.980558e-08,4.389271e-01,1.581325e-13,9.164814e-10,7.244410e-08,3.364394e-01,1.606655e-13,1.951997e-09,-2.609996e-02,1.304710e-02,3.733352e-03,4.409926e-15,2.029240e+02,1.423595e+09,1.876911e+02,1.539086e+09,1.975281e+02,1.722528e+09
13,monte carlo,2.222002e-11,2.581679e-01,6.145457e-10,8.939353e-10,5.295091e-13,4.058345e-11,3.859823e-01,1.022977e-09,4.332689e-10,2.119725e-13,3.947983e-11,2.678621e-01,1.143672e-09,4.676531e-10,1.867517e-13,2.304656e-11,2.509460e-01,1.074799e-09,3.651168e-10,2.414745e-13,6.921775e-08,3.649821e-01,2.219222e-13,1.046346e-09,8.128799e-08,3.879808e-01,2.115645e-13,1.384997e-09,6.697870e-08,3.362294e-01,2.106992e-13,5.403554e-10,7.743826e-03,-2.499499e-02,2.553344e-03,1.038651e-15,1.739717e+02,1.532552e+09,1.921980e+02,1.327103e+09,1.827400e+02,1.632877e+09
14,monte carlo,2.169273e-11,1.555110e-01,7.856950e-10,8.677872e-10,3.920122e-13,4.091625e-11,3.268349e-01,9.577455e-10,1.114640e-09,4.310199e-13,3.730508e-11,1.359942e-01,1.198388e-09,1.063606e-09,5.261413e-13,2.106911e-11,1.019762e-01,9.085056e-10,8.350962e-10,4.462116e-13,6.307755e-08,2.774560e-01,1.675467e-13,9.450585e-10,8.260979e-08,3.636596e-01,1.761856e-13,1.789550e-09,6.393556e-08,2.806310e-01,1.394973e-13,8.353685e-10,1.716059e-02,1.366459e-02,-4.904904e-03,1.018957e-15,2.085516e+02,1.744208e+09,2.083863e+02,1.741719e+09,2.089968e+02,2.048706e+09
15,monte carlo,2.257819e-11,1.860064e-01,8.984165e-10,5.674625e-10,1.865356e-13,4.001490e-11,3.988814e-01,1.049887e-09,3.628021e-10,2.508304e-13,4.010727e-11,2.147696e-01,1.193962e-09,4.934649e-10,2.134507e-13,2.247607e-11,2.635291e-01,7.077958e-10,1.287795e-09,4.636771e-13,6.840128e-08,2.982327e-01,2.704248e-13,1.019161e-09,8.569776e-08,5.305079e-01,1.402937e-13,5.982266e-10,7.386309e-08,3.972890e-01,2.117474e-13,7.529917e-10,2.985416e-03,1.761948e-02,4.926561e-03,1.111924e-15,2.103981e+02,1.389372e+09,1.481871e+02,1.568192e+09,1.705508e+02,1.493207e+09
16,monte carlo,2.274932e-11,3.742141e-01,7.504457e-10,1.170213e-09,1.913161e-13,3.771869e-11,2.331033e-01,8.525877e-10,9.178116e-10,1.988546e-13,4.082199e-11,2.531771e-01,7.961264e-10,4.473636e-10,3.563188e-13,2.113272e-11,1.968456e-01,1.134072e-09,3.877203e-10,4.902797e-13,6.286408e-08,3.960957e-01,1.690876e-13,1.153011e-09,8.348016e-08,3.525605e-01,2.361306e-13,1.935099e-09,6.823202e-08,4.461670e-01,1.962491e-13,8.897696e-10,2.491037e-02,-2.972696e-02,-5.178865e-04,2.819155e-15,1.455912e+02,2.006292e+09,2.172113e+02,1.253008e+09,1.402890e+02,1.722901e+09
17,monte carlo,2.258627e-11,2.143656e-01,1.142802e-09,3.915229e-10,3.289756e-13,3.814764e-11,1.212206e-01,1.021429e-09,7.960580e-10,4.661412e-13,3.939547e-11,2.052885e-01,8.306145e-10,3.108343e-10,2.300165e-13,2.217173e-11,2.073017e-01,6.848398e-10,8.482324e-10,2.363374e-13,6.446091e-08,2.758554e-01,1.618121e-13,1.122303e-09,7.398304e-08,3.133842e-01,2.247698e-13,1.161009e-09,6.675621e-08,3.094459e-01,2.133846e-13,1.765575e-09,-1.752279e-02,-2.503758e-02,3.246527e-03,3.390544e-15,2.143619e+02,1.993302e+09,2.165647e+02,1.327660e+09,1.978972e+02,1.580431e+09
18,monte carlo,2.252412e-11,3.202674e-01,1.113205e-09,1.159432e-09,2.970917e-13,3.815585e-11,3.109858e-01,8.799976e-10,4.677337e-10,3.766308e-13,3.878255e-11,1.314122e-01,6.920007e-10,8.627084e-10,4.281317e-13,2.249685e-11,3.921256e-01,1.070564e-09,3.778490e-10,5.104995e-13,7.415035e-08,5.009735e-01,1.531707e-13,1.710483e-09,7.615417e-08,3.157830e-01,1.755203e-13,1.475607e-09,6.723895e-08,3.238257e-01,1.879071e-13,1.272246e-09,-2.082948e-02,-1.406888e-02,-2.493474e-03,1.062212e-15,1.357785e+02,1.620693e+09,2.212268e+02,1.672916e+09,1.904769e+02,1.810813e+09
19,monte carlo,2.270645e-11,1.519818e-01,1.066845e-09,1.263189e-09,4.850084e-13,3.900881e-11,3.268008e-01,6.236282e-10,7.786377e-10,2.031765e-13,3.927184e-11,1.929634e-01,7.983616e-10,1.067757e-09,2.218944e-13,2.212419e-11,3.542927e-01,8.075445e-10,5.133974e-10,2.631748e-13,7.028943e-08,3.801893e-01,1.349459e-13,7.146622e-10,7.723198e-08,4.991981e-01,2.372972e-13,5.654184e-10,6.550640e-08,3.463909e-01,1.305035e-13,1.904801e-09,-1.389222e-02,2.009593e-02,5.611909e-03,6.481889e-16,1.695988e+02,1.780541e+09,1.419244e+02,1.363700e+09,1.734802e+02,2.008549e+09
20,monte carlo,2.142543e-11,1.530224e-01,6.856504e-10,8.183508e-10,3.184394e-13,3.826444e-11,1.536277e-01,9.136477e-10,3.584975e-10,3.164654e-13,3.890143e-11,2.282251e-01,9.811459e-10,9.937112e-10,4.779090e-13,2.184566e-11,1.421868e-01,1.114141e-09,3.048952e-10,3.376577e-13,6.930852e-08,3.627623e-01,1.803542e-13,1.239720e-09,7.889387e-08,3.301660e-01,2.858669e-13,1.949620e-09,6.788894e-08,3.151123e-01,2.814590e-13,1.262706e-09,-3.368235e-04,-7.330505e-03,-1.233413e-03,7.693000e-16,1.752658e+02,1.782359e+09,2.192015e+02,1.129059e+09,1.976361e+02,1.269718e+09
21,monte carlo,2.164651e-11,2.026498e-01,9.927793e-10,5.592680e-10,1.954649e-13,4.069596e-11,1.152017e-01,1.077795e-09,5.028526e-10,3.175264e-13,3.740141e-11,1.909520e-01,9.271807e-10,1.114089e-09,4.123624e-13,2.288330e-11,1.476288e-01,6.189084e-10,9.476083e-10,3.609976e-13,6.849157e-08,4.249665e-01,1.889559e-13,1.840117e-09,8.446159e-08,5.006017e-01,2.493676e-13,9.932541e-10,6.255862e-08,4.018547e-01,1.714423e-13,1.667398e-09,-2.412014e-03,-2.944871e-02,-4.749927e-03,9.406913e-16,1.478479e+02,1.822691e+09,1.547746e+02,1.309799e+09,1.428074e+02,1.874933e+09
22,monte carlo,2.161321e-11,2.934151e-01,1.144886e-09,6.282273e-10,4.081484e-13,4.017796e-11,2.649133e-01,7.061129e-10,4.018604e-10,4.192309e-13,3.886296e-11,3.512047e-01,1.109059e-09,5.706370e-10,1.759999e-13,2.261934e-11,2.870313e-01,1.173759e-09,6.898644e-10,3.883782e-13,7.440983e-08,3.661467e-01,2.073765e-13,9.061695e-10,8.415496e-08,4.982161e-01,2.459887e-13,1.447853e-09,6.537715e-08,4.026614e-01,2.006722e-13,6.413227e-10,-8.758221e-03,-1.167862e-02,-5.259065e-03,2.774829e-15,1.864266e+02,1.456013e+09,1.549511e+02,1.166849e+09,1.489425e+02,1.665884e+09
23,monte carlo,2.107822e-11,3.946567e-01,1.073733e-09,1.123298e-09,2.528964e-13,3.870738e-11,2.489891e-01,7.963103e-10,1.269740e-09,3.428515e-13,3.938712e-11,1.434093e-01,6.633009e-10,1.122157e-09,3.048563e-13,2.132771e-11,3.765689e-01,1.078803e-09,3.911223e-10,2.692634e-13,6.346578e-08,3.877617e-01,1.593744e-13,6.182014e-10,8.732565e-08,5.236788e-01,2.811893e-13,1.953342e-09,7.145921e-08,4.051776e-01,1.589594e-13,1.591684e-09,2.218872e-02,-1.043609e-02,-5.675120e-03,3.157981e-15,1.501438e+02,1.975808e+09,1.529712e+02,1.121609e+09,1.617877e+02,1.837207e+09
24,monte carlo,2.263920e-11,1.985945e-01,7.073369e-10,1.238795e-09,3.849276e-13,4.087862e-11,3.279677e-01,8.182246e-10,1.157208e-09,3.314359e-13,3.822715e-11,2.044202e-01,1.130365e-09,4.997905e-10,3.174583e-13,2.092571e-11,1.591775e-01,7.310317e-10,1.127599e-09,4.965499e-13,6.135671e-08,3.220837e-01,2.869076e-13,1.568023e-09,8.994431e-08,3.896092e-01,1.155520e-13,6.050992e-10,6.849043e-08,2.915997e-01,1.575470e-13,1.894371e-09,-1.882301e-02,-1.631027e-02,1.786602e-03,9.452178e-16,1.747536e+02,1.322748e+09,2.117762e+02,1.811541e+09,2.154644e+02,1.764814e+09
25,monte carlo,2.269614e-11,1.052021e-01,6.376860e-10,1.049085e-09,2.219457e-13,4.031851e-11,1.238824e-01,1.175263e-09,3.174014e-10,3.642384e-13,3.765509e-11,3.734891e-01,6.160918e-10,9.449575e-10,3.428946e-13,2.296751e-11,1.331812e-01,6.730096e-10,1.282651e-09,1.773293e-13,7.305620e-08,3.623668e-01,1.509489e-13,1.689602e-09,8.790148e-08,5.319741e-01,1.381675e-13,1.191537e-09,7.416556e-08,4.670293e-01,2.057532e-13,1.474307e-09,1.140270e-02,-1.357921e-02,-5.011408e-03,1.678624e-15,1.849445e+02,1.803709e+09,1.515788e+02,1.809903e+09,1.456770e+02,1.374218e+09
26,monte carlo,2.297674e-11,1.751134e-01,1.137747e-09,1.111619e-09,2.422571e-13,3.721511e-11,1.756399e-01,6.103744e-10,4.148669e-10,2.543780e-13,3.734152e-11,2.481893e-01,7.752049e-10,1.168676e-09,4.205837e-13,2.136422e-11,3.409109e-01,1.006811e-09,1.173229e-09,3.613021e-13,7.026196e-08,3.589757e-01,1.396391e-13,1.513658e-09,7.391342e-08,4.696895e-01,2.762407e-13,1.600173e-09,6.178733e-08,3.973104e-01,2.487169e-13,1.010130e-09,1.826892e-02,-8.918576e-03,-3.990710e-03,4.333500e-15,1.795511e+02,1.767601e+09,1.443594e+02,1.242155e+09,1.426600e+02,1.486776e+09
27,monte carlo,2.198167e-11,2.337103e-01,6.959587e-10,1.216721e-09,4.592684e-13,3.799628e-11,1.577516e-01,6.101915e-10,1.121444e-09,5.135320e-13,3.746282e-11,1.002614e-01,8.358196e-10,6.971057e-10,3.949123e-13,2.239329e-11,2.849417e-01,7.284901e-10,9.813939e-10,5.033148e-13,6.617514e-08,3.197107e-01,2.895989e-13,1.742961e-09,8.340943e-08,4.907723e-01,2.263936e-13,1.073548e-09,6.889323e-08,4.386035e-01,2.073461e-13,6.819867e-10,7.473693e-03,1.355396e-02,-3.146985e-03,4.517409e-15,1.898762e+02,1.247650e+09,1.559078e+02,1.312001e+09,1.440911e+02,1.507667e+09
28,monte carlo,2.242864e-11,1.972064e-01,6.044663e-10,4.570439e-10,3.094259e-13,3.855789e-11,1.523044e-01,6.125626e-10,1.119318e-09,4.831936e-13,4.007390e-11,1.086378e-01,1.007474e-09,1.297080e-09,3.765072e-13,2.106861e-11,2.701500e-01,1.000833e-09,6.494534e-10,3.156785e-13,6.264092e-08,2.660998e-01,2.441484e-13,5.685766e-10,7.472407e-08,3.613152e-01,2.430991e-13,1.630830e-09,7.051993e-08,3.284452e-01,1.367373e-13,9.590932e-10,3.809130e-03,-2.729566e-03,-1.344797e-03,2.189129e-15,2.159466e+02,1.549420e+09,1.897173e+02,1.368177e+09,1.969616e+02,1.930813e+09
29,monte carlo,2.266226e-11,1.472898e-01,6.942940e-10,1.199472e-09,3.730439e-13,3.888421e-11,3.784188e-01,6.806501e-10,1.015803e-09,2.743993e-13,4.006043e-11,1.477563e-01,1.091703e-09,4.334120e-10,4.839145e-13,2.207111e-11,1.523325e-01,7.072012e-10,9.823737e-10,5.034045e-13,6.642013e-08,4.045753e-01,2.287966e-13,8.989109e-10,8.471683e-08,5.633638e-01,2.407503e-13,1.171772e-09,6.935134e-08,3.298263e-01,1.972852e-13,1.611027e-09,-2.090906e-02,-5.844864e-03,1.856663e-03,3.348835e-15,1.506028e+02,1.587106e+09,1.379474e+02,1.363524e+09,1.928867e+02,1.501764e+09
30,monte carlo,2.299805e-11,2.449833e-01,1.078923e-09,6.340065e-10,2.489558e-13,3.928430e-11,1.726153e-01,9.226253e-10,1.071299e-09,3.852982e-13,4.059061e-11,3.147353e-01,9.117854e-10,6.267322e-10,3.700089e-13,2.181195e-11,1.940915e-01,6.456068e-10,9.630689e-10,2.745121e-13,6.675228e-08,4.206911e-01,1.748700e-13,1.155329e-09,8.980878e-08,4.282341e-01,1.492016e-13,7.090220e-10,6.121359e-08,4.030227e-01,3.202653e-13,6.149640e-10,-5.103577e-03,1.956623e-02,5.493187e-03,2.293787e-15,1.455578e+02,1.939267e+09,1.923846e+02,1.605200e+09,1.393321e+02,1.301740e+09
31,monte carlo,2.168571e-11,1.553008e-01,1.096121e-09,6.127462e-10,5.283976e-13,3.965529e-11,1.475868e-01,7.193364e-10,3.838478e-10,1.840303e-13,4.027389e-11,2.651018e-01,6.426031e-10,9.425864e-10,4.204140e-13,2.245732e-11,1.205287e-01,1.075948e-09,9.394058e-10,5.273110e-13,6.330932e-08,3.395639e-01,1.924206e-13,1.022450e-09,8.797164e-08,4.649651e-01,1.684887e-13,6.019124e-10,6.377984e-08,3.950206e-01,1.921495e-13,9.795981e-10,-2.950899e-02,2.568726e-02,-3.905213e-03,2.702675e-15,1.710326e+02,1.881908e+09,1.735621e+02,1.633901e+09,1.481141e+02,1.851494e+09
32,monte carlo,2.201143e-11,2.488573e-01,8.567539e-10,1.108833e-09,3.093011e-13,3.883489e-11,2.777329e-01,7.779605e-10,2.789110e-10,4.633315e-13,3.723025e-11,1.052872e-01,1.039742e-09,3.971686e-10,2.071261e-13,2.175256e-11,2.119828e-01,7.100441e-10,1.174041e-09,3.422299e-13,7.140313e-08,3.394778e-01,1.708487e-13,1.129162e-09,8.796060e-08,3.616255e-01,3.218221e-13,1.045325e-09,6.720733e-08,3.457194e-01,1.631934e-13,9.264099e-10,4.259634e-03,-2.606626e-02,3.852942e-03,3.250928e-15,1.929472e+02,1.684813e+09,2.231320e+02,1.083624e+09,1.783305e+02,1.691020e+09
33,monte carlo,2.130216e-11,3.407644e-01,6.934322e-10,1.022900e-09,3.554493e-13,3.952979e-11,1.902119e-01,9.779538e-10,6.825115e-10,2.897573e-13,3.943840e-11,3.757115e-01,8.794883e-10,9.191298e-10,4.022547e-13,2.093205e-11,2.033150e-01,9.473962e-10,5.892130e-10,2.424846e-13,7.157353e-08,3.462501e-01,1.762015e-13,1.359531e-09,8.166382e-08,3.407952e-01,2.281944e-13,1.142465e-09,7.335446e-08,3.950903e-01,2.635959e-13,7.958974e-10,5.830252e-03,-9.679408e-03,-8.242125e-04,4.276337e-15,1.896249e+02,1.774807e+09,2.198209e+02,1.384075e+09,1.703189e+02,1.304436e+09
34,monte carlo,2.184828e-11,1.993223e-01,1.169153e-09,1.194400e-09,2.601056e-13,3.904325e-11,2.052355e-01,9.645952e-10,8.843616e-10,2.846267e-13,3.961716e-11,2.969401e-01,8.885582e-10,6.396984e-10,4.650394e-13,2.251933e-11,1.883773e-01,9.451721e-10,5.305060e-10,3.317999e-13,7.327585e-08,4.654172e-01,1.412937e-13,1.448423e-09,8.247167e-08,4.222853e-01,1.636418e-13,1.672335e-09,7.128732e-08,3.275637e-01,1.503377e-13,6.769631e-10,1.072582e-02,-1.392849e-02,-4.692309e-03,1.140595e-15,1.444279e+02,1.842340e+09,1.791561e+02,1.694049e+09,1.996408e+02,1.715500e+09
35,monte carlo,2.298286e-11,3.097714e-01,1.107940e-09,4.899825e-10,2.138435e-13,3.913417e-11,2.053204e-01,6.960711e-10,4.289296e-10,1.838848e-13,3.899104e-11,2.398567e-01,6.142677e-10,5.707530e-10,4.306692e-13,2.121182e-11,2.298621e-01,9.883376e-10,1.070239e-09,3.781601e-13,7.402461e-08,3.677624e-01,2.324727e-13,1.674095e-09,8.879164e-08,4.265630e-01,1.667885e-13,1.256737e-09,6.586613e-08,4.153716e-01,1.972431e-13,1.093767e-09,-2.185568e-02,9.959464e-03,2.349022e-03,2.822973e-15,1.846467e+02,1.338580e+09,1.909508e+02,1.767264e+09,1.454648e+02,1.688863e+09
36,monte carlo,2.273978e-11,2.418712e-01,6.629353e-10,9.947041e-10,4.565046e-13,3.886161e-11,1.143665e-01,1.069198e-09,1.038276e-09,1.714164e-13,3.800905e-11,2.056409e-01,7.969596e-10,1.069384e-09,4.764421e-13,2.105278e-11,3.993266e-01,9.597146e-10,6.118994e-10,3.830517e-13,6.805514e-08,3.112368e-01,3.227973e-13,1.606511e-09,7.939561e-08,3.994690e-01,2.411608e-13,9.278920e-10,6.211471e-08,4.040994e-01,2.576670e-13,9.127403e-10,5.590270e-03,1.692780e-02,-5.826974e-03,6.641656e-16,2.005870e+02,1.219090e+09,1.823250e+02,1.390193e+09,1.410064e+02,1.481959e+09
37,monte carlo,2.192832e-11,1.872701e-01,7.822540e-10,5.203812e-10,3.809784e-13,3.903129e-11,3.571285e-01,1.197301e-09,1.049086e-09,5.256195e-13,3.756551e-11,2.469772e-01,9.964366e-10,5.416266e-10,2.397411e-13,2.291090e-11,2.862506e-01,8.042092e-10,4.926421e-10,3.635632e-13,6.552037e-08,4.016986e-01,2.546806e-13,5.742989e-10,7.561301e-08,4.702893e-01,1.696933e-13,1.192969e-09,6.974215e-08,4.047722e-01,1.210239e-13,1.311648e-09,4.131930e-03,4.881145e-03,5.990569e-03,4.541707e-15,1.496266e+02,1.312404e+09,1.474905e+02,1.608119e+09,1.580583e+02,1.903716e+09
38,monte carlo,2.287336e-11,1.408835e-01,7.418263e-10,6.101686e-10,3.865975e-13,3.954196e-11,3.895402e-01,7.147285e-10,4.836833e-10,3.590425e-13,3.844447e-11,2.801092e-01,1.112434e-09,4.705805e-10,2.753283e-13,2.260804e-11,2.911378e-01,9.560620e-10,3.200176e-10,4.041672e-13,7.432098e-08,5.223638e-01,1.322925e-13,1.918945e-09,8.173194e-08,5.406842e-01,2.671778e-13,1.924252e-09,6.521027e-08,3.836717e-01,1.989631e-13,1.485894e-09,-1.094452e-02,1.166053e-02,-2.812572e-03,1.489534e-15,1.305182e+02,1.764408e+09,1.386695e+02,1.187696e+09,1.559154e+02,1.665996e+09
39,monte carlo,2.251515e-11,3.041725e-01,9.054539e-10,1.177361e-09,4.225420e-13,3.955344e-11,3.313173e-01,1.190649e-09,2.809538e-10,2.791850e-13,3.970645e-11,2.589995e-01,6.860685e-10,3.293285e-10,3.894093e-13,2.114280e-11,1.604363e-01,1.000938e-09,7.213896e-10,3.212938e-13,6.970789e-08,3.019772e-01,1.262600e-13,1.306470e-09,8.646309e-08,4.167361e-01,2.684006e-13,8.901740e-10,7.102661e-08,4.618621e-01,1.622994e-13,1.794184e-09,-8.799001e-03,1.653999e-02,4.832589e-03,3.148039e-15,2.117583e+02,1.862092e+09,1.903279e+02,1.213180e+09,1.410722e+02,1.855663e+09
40,monte carlo,2.091472e-11,2.516518e-01,9.668147e-10,8.316335e-10,4.581832e-13,3.766897e-11,1.680926e-01,1.039210e-09,3.651010e-10,5.058417e-13,3.800963e-11,3.760454e-01,7.415085e-10,6.920216e-10,4.341608e-13,2.096854e-11,1.814948e-01,6.363891e-10,1.002277e-09,4.292696e-13,7.129486e-08,3.924065e-01,2.657143e-13,1.716064e-09,7.817407e-08,3.364888e-01,2.166713e-13,1.370373e-09,6.173210e-08,3.180682e-01,1.679399e-13,1.004792e-09,1.048298e-02,2.255871e-02,2.908634e-05,1.261685e-15,1.666690e+02,1.258320e+09,2.131203e+02,1.284533e+09,1.780424e+02,1.713482e+09
41,monte carlo,2.264333e-11,2.262662e-01,1.067091e-09,9.095788e-10,4.888123e-13,3.729496e-11,2.387474e-01,7.893181e-10,8.500583e-10,1.904486e-13,3.775084e-11,2.629822e-01,1.003334e-09,1.177583e-09,4.917491e-13,2.207027e-11,2.968285e-01,8.052174e-10,2.980948e-10,4.200573e-13,7.011276e-08,4.657535e-01,2.497288e-13,1.166698e-09,8.549661e-08,5.264344e-01,2.428637e-13,1.325865e-09,6.353011e-08,3.389535e-01,2.120895e-13,1.642567e-09,9.029442e-03,1.750870e-02,-4.657581e-03,1.167266e-15,1.380936e+02,1.331265e+09,1.489832e+02,1.341422e+09,1.719381e+02,1.483135e+09
42,monte carlo,2.209664e-11,1.826701e-01,9.763002e-10,3.781618e-10,2.928485e-13,3.809457e-11,3.915020e-01,9.535097e-10,1.229388e-09,3.391105e-13,4.006882e-11,2.585019e-01,6.058604e-10,1.099041e-09,4.068879e-13,2.292111e-11,3.852646e-01,9.695652e-10,4.829553e-10,5.238011e-13,6.200395e-08,3.692975e-01,1.684028e-13,1.856745e-09,8.960503e-08,3.937722e-01,1.556107e-13,1.233554e-09,6.600972e-08,3.565899e-01,1.463287e-13,1.932610e-09,2.231090e-02,-1.398601e-02,2.471397e-03,2.695542e-15,1.540195e+02,1.730982e+09,2.087469e+02,1.761174e+09,1.698132e+02,1.960196e+09
43,monte carlo,2.091846e-11,2.609041e-01,6.335778e-10,6.644047e-10,3.454047e-13,3.930706e-11,1.604321e-01,1.184750e-09,1.201014e-09,2.969866e-13,4.050279e-11,3.420177e-01,1.002229e-09,6.212474e-10,1.716134e-13,2.203416e-11,2.094208e-01,1.010094e-09,8.543232e-10,2.369960e-13,7.328082e-08,4.287944e-01,2.467479e-13,1.394275e-09,8.685057e-08,5.358095e-01,2.742138e-13,1.939567e-09,6.842632e-08,3.138705e-01,2.651089e-13,1.589706e-09,-2.489750e-02,1.341027e-02,-4.212182e-03,1.214281e-15,1.567740e+02,1.264108e+09,1.486945e+02,1.133970e+09,1.999886e+02,1.269964e+09
44,monte carlo,2.111812e-11,2.308443e-01,7.788542e-10,5.685639e-10,2.005165e-13,3.795076e-11,1.427950e-01,1.174730e-09,9.862183e-10,1.987974e-13,3.978929e-11,2.380752e-01,1.075355e-09,7.824761e-10,3.669821e-13,2.160268e-11,3.707406e-01,6.623901e-10,1.147809e-09,5.249208e-13,7.246517e-08,4.137815e-01,2.837533e-13,1.568589e-09,8.003201e-08,4.044238e-01,2.437674e-13,1.503826e-09,6.340939e-08,3.155129e-01,1.540494e-13,7.095432e-10,-1.003434e-02,-1.038383e-02,2.666154e-04,4.933327e-15,1.606538e+02,1.215963e+09,1.815347e+02,1.304525e+09,1.843610e+02,1.822235e+09
45,monte carlo,2.161036e-11,1.976031e-01,7.762617e-10,6.167860e-10,1.753921e-13,3.934934e-11,3.346256e-01,8.337670e-10,1.181075e-09,3.475672e-13,3.863462e-11,3.880825e-01,6.686965e-10,1.184724e-09,3.915383e-13,2.174477e-11,3.593720e-01,1.124726e-09,7.669816e-10,4.070987e-13,7.227445e-08,4.453713e-01,1.621726e-13,9.662823e-10,7.468195e-08,3.720235e-01,2.648640e-13,1.147768e-09,6.309028e-08,2.849472e-01,2.869366e-13,1.790696e-09,-5.519088e-03,-1.267627e-02,-3.430211e-03,1.095763e-15,1.488659e+02,1.755630e+09,1.841527e+02,1.202680e+09,2.031098e+02,1.351878e+09
46,monte carlo,2.295763e-11,1.679258e-01,1.052492e-09,9.446272e-10,1.922970e-13,3.987427e-11,2.568927e-01,6.543810e-10,1.255133e-09,3.660044e-13,3.858626e-11,2.922519e-01,6.515750e-10,4.132311e-10,2.933506e-13,2.196323e-11,3.176707e-01,6.624940e-10,3.546976e-10,4.835498e-13,7.239786e-08,3.848537e-01,1.537335e-13,1.082743e-09,8.108357e-08,4.257409e-01,1.390368e-13,1.848123e-09,6.754357e-08,3.642641e-01,1.619011e-13,6.862990e-10,-8.289449e-03,-1.426538e-02,-1.058204e-04,1.833419e-15,1.725690e+02,1.927196e+09,1.747110e+02,1.706163e+09,1.700984e+02,1.696019e+09
47,monte carlo,2.124380e-11,1.928909e-01,1.009130e-09,1.190522e-09,4.358860e-13,3.762002e-11,2.387793e-01,7.817600e-10,5.560751e-10,3.488477e-13,4.035104e-11,2.643727e-01,1.192737e-09,1.016474e-09,4.548537e-13,2.230736e-11,1.800245e-01,1.094811e-09,8.105672e-10,3.878222e-13,6.908337e-08,3.188115e-01,1.768569e-13,9.812744e-10,8.337448e-08,3.731597e-01,1.601898e-13,1.333433e-09,7.398310e-08,3.278259e-01,2.162600e-13,1.010587e-09,3.156644e-03,-2.947126e-02,-1.389658e-03,2.035165e-15,1.987798e+02,1.869412e+09,2.049610e+02,1.687102e+09,2.070246e+02,1.361890e+09
48,monte carlo,2.256894e-11,3.601203e-01,7.916470e-10,1.203117e-09,2.478541e-13,4.086233e-11,2.676500e-01,6.202869e-10,5.969563e-10,1.955870e-13,3.889748e-11,2.632948e-01,1.152587e-09,1.189789e-09,4.243427e-13,2.125695e-11,1.457159e-01,6.857993e-10,8.672724e-10,2.933073e-13,7.104899e-08,3.009432e-01,1.952806e-13,1.878549e-09,8.181136e-08,5.214903e-01,2.310995e-13,1.107268e-09,6.359116e-08,2.782932e-01,2.238729e-13,1.575383e-09,2.470880e-02,9.181664e-03,-2.994449e-03,1.464237e-15,2.165739e+02,1.703663e+09,1.439130e+02,1.298532e+09,2.096172e+02,1.448487e+09
49,monte carlo,2.192306e-11,2.302842e-01,7.668456e-10,3.565121e-10,2.842579e-13,4.064054e-11,1.643936e-01,1.082005e-09,5.676276e-10,2.187434e-13,3.726377e-11,2.980865e-01,6.416817e-10,4.619269e-10,4.728841e-13,2.169501e-11,2.853521e-01,8.295852e-10,1.104384e-09,4.728363e-13,6.550371e-08,2.987863e-01,2.002990e-13,1.141979e-09,8.593231e-08,3.861296e-01,2.000961e-13,1.201111e-09,6.254670e-08,2.822467e-01,2.336684e-13,9.071536e-10,2.057272e-03,1.713401e-02,1.585719e-03,1.427757e-15,2.011120e+02,1.529351e+09,2.041532e+02,1.306992e+09,2.032864e+02,1.600347e+09
50,monte carlo,2.092052e-11,1.161292e-01,9.098909e-10,3.060586e-10,1.738427e-13,3.885858e-11,2.771076e-01,9.589535e-10,7.298062e-10,3.919080e-13,3.872557e-11,2.942345e-01,9.390815e-10,6.125963e-10,3.475093e-13,2.119442e-11,1.469235e-01,1.162206e-09,9.279330e-10,3.533170e-13,6.424998e-08,2.918671e-01,2.328380e-13,1.121765e-09,7.630266e-08,3.874970e-01,3.054658e-13,1.799658e-09,6.681757e-08,3.152759e-01,1.735056e-13,1.471565e-09,7.011318e-03,9.001573e-03,5.822783e-03,2.813132e-15,2.019392e+02,1.464787e+09,1.806359e+02,1.184122e+09,1.944163e+02,1.762291e+09
51,monte carlo,2.158745e-11,3.984333e-01,7.760737e-10,6.549165e-10,3.711370e-13,3.711197e-11,3.579010e-01,1.189007e-09,1.102159e-09,1.831993e-13,3.789241e-11,2.293212e-01,1.006145e-09,8.506807e-10,2.673959e-13,2.268800e-11,3.358560e-01,1.038831e-09,3.219206e-10,3.203952e-13,6.397637e-08,2.871788e-01,1.622783e-13,8.258760e-10,7.400946e-08,3.346506e-01,1.782087e-13,1.327708e-09,7.239425e-08,4.315635e-01,1.106008e-13,1.409349e-09,1.604131e-02,-1.121765e-02,-1.891696e-03,4.717393e-15,2.043619e+02,1.806320e+09,2.028749e+02,1.791078e+09,1.538835e+02,1.985127e+09
52,monte carlo,2.283848e-11,3.780067e-01,7.414718e-10,8.593866e-10,3.339450e-13,3.810038e-11,3.915487e-01,7.408898e-10,3.406481e-10,3.683761e-13,4.024297e-11,1.474322e-01,7.158358e-10,1.094896e-09,2.025554e-13,2.197039e-11,2.816227e-01,8.797638e-10,1.250275e-09,3.632714e-13,7.085260e-08,3.010912e-01,2.319167e-13,1.508249e-09,8.118139e-08,4.179074e-01,2.023931e-13,1.295150e-09,6.965425e-08,4.454323e-01,2.642942e-13,1.522915e-09,2.825669e-02,1.970189e-02,-4.953157e-04,2.441372e-15,2.158691e+02,1.451168e+09,1.782006e+02,1.495630e+09,1.434494e+02,1.303834e+09
53,monte carlo,2.210261e-11,3.519176e-01,9.583982e-10,5.163924e-10,4.799541e-13,4.091857e-11,2.745661e-01,1.000941e-09,5.580305e-10,2.708390e-13,3.829125e-11,1.443533e-01,6.783000e-10,9.841524e-10,4.804488e-13,2.093505e-11,1.930555e-01,1.003777e-09,2.756407e-10,3.442209e-13,7.340389e-08,5.072249e-01,1.590165e-13,6.547800e-10,8.542697e-08,5.237901e-01,2.296608e-13,5.077748e-10,6.151603e-08,3.692277e-01,3.127105e-13,1.910159e-09,8.440152e-04,-2.392509e-02,5.798861e-03,2.937923e-15,1.327551e+02,1.940471e+09,1.496134e+02,1.326516e+09,1.528364e+02,1.267285e+09
54,monte carlo,2.154956e-11,1.743028e-01,6.534834e-10,8.933192e-10,5.098469e-13,3.756927e-11,3.883651e-01,1.186792e-09,3.380732e-10,4.758111e-13,3.889743e-11,2.084715e-01,7.359741e-10,1.162418e-09,2.754087e-13,2.276686e-11,2.766321e-01,7.139787e-10,7.484693e-10,4.289597e-13,6.177315e-08,3.296643e-01,1.817836e-13,1.066939e-09,8.728194e-08,3.817375e-01,3.340056e-13,9.647164e-10,6.485228e-08,2.837646e-01,2.024905e-13,1.052883e-09,1.687268e-02,7.298035e-03,-5.817810e-03,2.917160e-15,1.718939e+02,1.901962e+09,2.097453e+02,1.065667e+09,2.096523e+02,1.730094e+09
55,monte carlo,2.129610e-11,2.945632e-01,9.248428e-10,7.104968e-10,3.115902e-13,3.768221e-11,3.916687e-01,7.440430e-10,6.469452e-10,1.800444e-13,3.831366e-11,1.095449e-01,9.017262e-10,1.293723e-09,5.045134e-13,2.096366e-11,2.651963e-01,7.224700e-10,3.185684e-10,4.357249e-13,6.316468e-08,3.055984e-01,2.634187e-13,1.026791e-09,7.968424e-08,3.485250e-01,2.766653e-13,1.533015e-09,6.214398e-08,3.932115e-01,2.741186e-13,1.073851e-09,-1.880964e-02,2.657742e-02,1.029393e-03,4.329847e-15,1.896077e+02,1.464669e+09,2.097352e+02,1.114039e+09,1.449791e+02,1.447406e+09
56,monte carlo,2.235823e-11,1.120910e-01,7.684239e-10,1.086725e-09,4.836516e-13,4.001791e-11,1.055084e-01,9.203305e-10,3.059099e-10,4.314101e-13,3.941070e-11,3.835798e-01,1.020826e-09,4.870745e-10,3.918738e-13,2.157032e-11,2.628733e-01,6.686038e-10,8.942220e-10,2.525313e-13,6.782728e-08,3.078564e-01,2.396217e-13,5.271537e-10,7.906857e-08,3.989735e-01,2.518095e-13,1.399127e-09,6.678215e-08,3.538263e-01,1.475178e-13,1.552213e-09,1.706065e-02,1.884477e-02,-9.769877e-04,1.079851e-15,2.021106e+02,1.519809e+09,1.817994e+02,1.252283e+09,1.731423e+02,1.872289e+09
57,monte carlo,2.224629e-11,1.546351e-01,8.393231e-10,1.033233e-09,4.340363e-13,3.921103e-11,2.948120e-01,6.707225e-10,9.414699e-10,2.718900e-13,4.009541e-11,2.172524e-01,1.191715e-09,3.613009e-10,1.854583e-13,2.283915e-11,3.101529e-01,1.048794e-09,1.058734e-09,4.609800e-13,7.258094e-08,3.652393e-01,1.460864e-13,1.613553e-09,8.804895e-08,4.030982e-01,1.562037e-13,1.433849e-09,6.464307e-08,2.859081e-01,3.072240e-13,1.914668e-09,-8.727783e-03,2.478889e-02,3.113148e-03,1.389089e-15,1.822963e+02,1.765472e+09,2.003762e+02,1.817245e+09,2.074093e+02,1.293774e+09
58,monte carlo,2.097762e-11,2.244814e-01,1.050613e-09,7.546690e-10,2.853725e-13,3.951539e-11,1.453652e-01,1.098891e-09,3.992446e-10,4.909530e-13,4.084199e-11,3.468968e-01,6.067023e-10,5.551534e-10,3.186332e-13,2.214988e-11,3.078188e-01,6.100308e-10,6.261431e-10,3.776212e-13,7.456676e-08,4.951459e-01,1.108289e-13,1.766036e-09,7.960891e-08,3.499957e-01,1.850367e-13,1.081117e-09,6.156131e-08,3.491149e-01,1.995005e-13,1.871710e-09,-1.968024e-02,1.443189e-02,6.476217e-04,3.543915e-15,1.381481e+02,2.007426e+09,2.086564e+02,1.508712e+09,1.617604e+02,1.714967e+09
59,monte carlo,2.119819e-11,2.716259e-01,6.835377e-10,7.316789e-10,4.658201e-13,3.917421e-11,3.598320e-01,8.084416e-10,7.218559e-10,2.848435e-13,4.023535e-11,2.470840e-01,7.607463e-10,1.256872e-09,4.314427e-13,2.240102e-11,3.886096e-01,7.603461e-10,1.088518e-09,3.040243e-13,7.295367e-08,3.964084e-01,1.558258e-13,7.161301e-10,8.084175e-08,4.108114e-01,1.619939e-13,7.514680e-10,6.328919e-08,3.596521e-01,2.930489e-13,1.741425e-09,7.970862e-03,3.379771e-03,3.380818e-03,2.681897e-15,1.688251e+02,2.000338e+09,1.805203e+02,1.537366e+09,1.614283e+02,1.307267e+09
60,monte carlo,2.107077e-11,1.292492e-01,8.650935e-10,1.138830e-09,3.654311e-13,3.906432e-11,3.108801e-01,7.773036e-10,6.247099e-10,2.171282e-13,4.034321e-11,2.352062e-01,9.795089e-10,4.409036e-10,5.121281e-13,2.135000e-11,1.554361e-01,9.841746e-10,9.404623e-10,4.620903e-13,6.481823e-08,3.757380e-01,2.086221e-13,5.966455e-10,7.988250e-08,5.358091e-01,1.920040e-13,7.821476e-10,7.278885e-08,3.227824e-01,1.805688e-13,1.507263e-09,-1.119752e-02,-1.348752e-02,-1.632295e-03,2.133222e-15,1.582504e+02,1.623135e+09,1.367648e+02,1.427082e+09,2.068653e+02,1.849639e+09
61,monte carlo,2.305702e-11,1.126239e-01,6.403246e-10,7.779286e-10,5.270626e-13,3.805879e-11,3.167159e-01,1.104587e-09,4.078216e-10,2.776889e-13,4.001743e-11,2.734679e-01,1.038706e-09,7.525519e-10,1.750733e-13,2.189114e-11,2.809858e-01,1.028336e-09,1.178417e-09,3.710292e-13,6.554254e-08,4.220154e-01,1.646644e-13,5.276678e-10,8.073092e-08,3.647472e-01,1.803189e-13,1.803270e-09,6.569467e-08,2.890902e-01,3.426545e-13,1.260420e-09,9.903670e-03,5.244066e-03,-5.356146e-03,1.874539e-15,1.424714e+02,1.657405e+09,2.030395e+02,1.704392e+09,2.084633e+02,1.198779e+09
62,monte carlo,2.172064e-11,3.581965e-01,9.715120e-10,9.638307e-10,1.882208e-13,4.036425e-11,3.756618e-01,9.397072e-10,9.727383e-10,2.335912e-13,3.939811e-11,2.463917e-01,9.963113e-10,1.156488e-09,3.629662e-13,2.242190e-11,1.946264e-01,7.554981e-10,5.961605e-10,2.259218e-13,6.141034e-08,3.378682e-01,2.593193e-13,1.771216e-09,8.109321e-08,4.332420e-01,1.716599e-13,1.849633e-09,7.078963e-08,4.153071e-01,1.449773e-13,7.735008e-10,1.534704e-02,4.877848e-03,-1.903748e-03,6.290316e-16,1.667351e+02,1.411273e+09,1.717065e+02,1.461474e+09,1.563627e+02,1.979578e+09
63,monte carlo,2.163895e-11,2.494547e-01,8.258005e-10,8.595086e-10,3.116579e-13,3.771709e-11,2.007423e-01,1.095771e-09,5.661967e-10,4.539058e-13,3.976148e-11,2.159441e-01,7.835080e-10,1.104357e-09,4.871481e-13,2.198364e-11,2.914471e-01,9.463703e-10,8.854326e-10,4.070483e-13,6.187666e-08,3.350104e-01,2.096494e-13,9.042504e-10,8.007654e-08,3.950754e-01,2.061088e-13,6.190743e-10,6.719498e-08,3.663316e-01,2.683163e-13,1.397600e-09,-1.422543e-02,-2.871465e-02,4.548273e-03,3.189302e-15,1.694343e+02,1.656121e+09,1.859337e+02,1.457881e+09,1.682655e+02,1.368790e+09
64,monte carlo,2.223912e-11,1.451212e-01,9.009799e-10,4.875748e-10,2.709242e-13,3.853842e-11,3.241650e-01,6.968206e-10,1.135530e-09,4.175019e-13,4.060935e-11,2.087778e-01,9.966033e-10,5.378189e-10,1.819180e-13,2.285084e-11,1.414465e-01,1.072392e-09,6.925339e-10,2.955975e-13,7.345880e-08,4.471708e-01,1.252337e-13,6.400332e-10,8.986863e-08,3.816651e-01,1.359668e-13,1.357713e-09,6.406651e-08,3.118048e-01,2.758520e-13,1.672393e-09,2.326324e-02,-2.204362e-02,-3.663988e-03,1.685936e-15,1.506965e+02,1.912126e+09,2.160023e+02,1.598553e+09,1.884868e+02,1.290593e+09
65,monte carlo,2.292401e-11,2.106530e-01,6.213744e-10,1.291781e-09,4.498107e-13,3.884795e-11,1.109312e-01,6.210029e-10,1.196374e-09,2.229867e-13,4.003016e-11,1.195050e-01,1.093842e-09,1.151596e-09,3.709327e-13,2.307584e-11,2.564103e-01,9.876768e-10,4.458946e-10,5.094520e-13,7.432754e-08,4.319370e-01,1.588418e-13,1.650153e-09,8.386016e-08,4.874803e-01,2.738628e-13,1.719567e-09,6.554871e-08,3.692088e-01,1.695558e-13,1.427648e-09,9.528287e-03,-1.879060e-02,-1.794309e-03,1.621131e-15,1.578564e+02,2.051571e+09,1.578088e+02,1.130493e+09,1.628639e+02,1.860652e+09
66,monte carlo,2.154419e-11,1.014320e-01,9.605138e-10,1.108041e-09,4.570484e-13,3.872658e-11,2.211808e-01,9.715730e-10,1.234946e-09,4.660252e-13,4.040669e-11,1.196992e-01,1.167336e-09,1.271519e-09,3.933328e-13,2.290489e-11,2.025779e-01,9.787828e-10,9.727581e-10,2.461695e-13,7.201386e-08,4.103914e-01,2.695692e-13,1.581968e-09,7.430294e-08,3.289991e-01,3.189514e-13,1.109071e-09,6.562944e-08,3.138127e-01,2.047541e-13,5.067728e-10,-3.844410e-03,2.864668e-02,-4.651796e-03,3.173575e-15,1.609721e+02,1.215526e+09,2.071782e+02,1.075114e+09,1.918496e+02,1.604427e+09
67,monte carlo,2.215728e-11,1.308790e-01,1.100240e-09,3.607382e-10,5.225005e-13,4.030638e-11,3.038242e-01,8.470512e-10,6.975594e-10,3.669413e-13,3.876270e-11,3.749202e-01,6.412902e-10,8.814538e-10,5.015696e-13,2.307021e-11,3.597809e-01,8.849607e-10,6.329041e-10,2.294572e-13,7.439699e-08,3.159971e-01,1.454387e-13,1.976423e-09,8.620901e-08,5.703583e-01,1.792023e-13,7.205364e-10,6.528691e-08,2.921904e-01,1.841995e-13,8.729053e-10,1.288154e-02,2.108116e-02,4.967647e-03,4.711092e-15,2.159757e+02,1.958121e+09,1.386557e+02,1.415761e+09,2.049712e+02,1.802396e+09
68,monte carlo,2.173844e-11,3.159044e-01,1.187513e-09,1.078668e-09,4.137917e-13,3.710805e-11,2.987818e-01,8.165103e-10,3.855568e-10,4.649273e-13,3.732540e-11,2.588087e-01,8.798025e-10,9.989120e-10,4.409830e-13,2.273021e-11,2.644120e-01,8.092290e-10,3.839863e-10,4.359986e-13,7.080186e-08,3.576986e-01,1.359684e-13,1.946302e-09,7.427548e-08,5.043443e-01,1.717305e-13,8.276480e-10,6.979209e-08,3.860539e-01,1.193316e-13,1.262201e-09,1.706506e-02,1.205042e-02,-2.629129e-03,4.787661e-15,1.815767e+02,1.844288e+09,1.350987e+02,1.721782e+09,1.658406e+02,2.033144e+09
69,monte carlo,2.156464e-11,3.709544e-01,8.241193e-10,7.715848e-10,4.602384e-13,3.747064e-11,3.514728e-01,9.360493e-10,2.921576e-10,1.824289e-13,3.859658e-11,2.332961e-01,1.163106e-09,1.280314e-09,2.769410e-13,2.223252e-11,2.101629e-01,9.084001e-10,6.311009e-10,4.653451e-13,7.059079e-08,4.543944e-01,1.628964e-13,1.377552e-09,7.929532e-08,3.894078e-01,1.848162e-13,8.505614e-10,7.375512e-08,3.231937e-01,1.780389e-13,7.801006e-10,-2.420604e-03,-1.164989e-03,3.232615e-03,3.945941e-15,1.425108e+02,1.737064e+09,1.867995e+02,1.589356e+09,2.093447e+02,1.819146e+09
70,monte carlo,2.141001e-11,1.627034e-01,9.884478e-10,4.198797e-10,4.297804e-13,3.810981e-11,1.048060e-01,1.077112e-09,5.632988e-10,3.934359e-13,3.705411e-11,2.843607e-01,1.161973e-09,1.226924e-09,2.929016e-13,2.308699e-11,2.929548e-01,1.176804e-09,5.449354e-10,2.324698e-13,6.805757e-08,3.019073e-01,2.909634e-13,1.467222e-09,8.689040e-08,3.740541e-01,2.560567e-13,8.085309e-10,6.425983e-08,2.919004e-01,1.653514e-13,1.334322e-09,-1.200434e-02,8.897017e-03,-1.989703e-03,2.894375e-15,2.067928e+02,1.318282e+09,2.130935e+02,1.134521e+09,2.019471e+02,1.844910e+09
71,monte carlo,2.165079e-11,1.366599e-01,1.147149e-09,1.067750e-09,2.048491e-13,3.991816e-11,1.763764e-01,1.019408e-09,9.622617e-10,4.895401e-13,3.996207e-11,2.779266e-01,1.155113e-09,6.764628e-10,4.695235e-13,2.197239e-11,1.075179e-01,7.246135e-10,1.030134e-09,4.411614e-13,7.072040e-08,4.571391e-01,1.274681e-13,1.333479e-09,8.817186e-08,4.033549e-01,3.140550e-13,6.816892e-10,7.370594e-08,4.535781e-01,1.607170e-13,1.095607e-09,3.423456e-03,-2.029101e-03,-3.742938e-03,1.591797e-15,1.419152e+02,1.972880e+09,2.005282e+02,1.067255e+09,1.490676e+02,1.680688e+09
72,monte carlo,2.250433e-11,1.496472e-01,9.140047e-10,1.016999e-09,4.958446e-13,3.939417e-11,3.118802e-01,9.831352e-10,2.847530e-10,4.592168e-13,3.941218e-11,1.499876e-01,7.684479e-10,7.912936e-10,3.160467e-13,2.138017e-11,1.849316e-01,1.074408e-09,7.460889e-10,4.552912e-13,6.323927e-08,2.780605e-01,1.344620e-13,1.027353e-09,8.861496e-08,5.724759e-01,1.426399e-13,1.103024e-09,6.341624e-08,3.529292e-01,2.745100e-13,7.325857e-10,1.195536e-02,1.736761e-02,1.522050e-03,2.690664e-15,2.086317e+02,2.062774e+09,1.419981e+02,1.753629e+09,1.648335e+02,1.284163e+09
73,monte carlo,2.216123e-11,1.113736e-01,7.332958e-10,3.878994e-10,4.119617e-13,3.862837e-11,1.573465e-01,9.655765e-10,9.293215e-10,3.814360e-13,4.048003e-11,3.194061e-01,1.025076e-09,1.209202e-09,2.775187e-13,2.134208e-11,1.387404e-01,6.623167e-10,7.523181e-10,2.814401e-13,6.207929e-08,3.383237e-01,1.633573e-13,7.991869e-10,8.960147e-08,5.195202e-01,1.775996e-13,1.708967e-09,6.442705e-08,2.865793e-01,1.722033e-13,1.184542e-09,-1.493614e-03,2.824315e-02,5.216105e-03,3.982197e-15,1.683244e+02,1.768181e+09,1.582142e+02,1.637792e+09,2.062320e+02,1.963624e+09
74,monte carlo,2.160301e-11,2.955778e-01,6.298464e-10,1.004150e-09,2.513903e-13,3.910270e-11,1.543134e-01,1.100844e-09,4.411642e-10,2.380049e-13,3.749314e-11,2.271721e-01,8.473745e-10,5.861945e-10,4.312146e-13,2.279217e-11,3.814064e-01,8.846027e-10,1.010289e-09,3.618868e-13,6.436706e-08,2.851211e-01,2.864756e-13,6.928049e-10,7.398149e-08,4.666939e-01,2.495245e-13,1.101262e-09,6.553854e-08,3.208020e-01,2.779467e-13,1.150332e-09,-1.380965e-02,1.495624e-02,-3.135989e-04,3.954909e-15,2.070937e+02,1.285054e+09,1.454198e+02,1.289936e+09,1.874099e+02,1.246644e+09
75,monte carlo,2.191532e-11,1.173532e-01,6.374280e-10,5.195402e-10,4.497894e-13,3.740776e-11,2.996068e-01,9.314496e-10,1.243106e-09,2.747762e-13,3.909186e-11,1.902555e-01,6.911498e-10,1.033897e-09,2.447014e-13,2.305042e-11,3.514899e-01,6.396096e-10,9.571170e-10,3.847278e-13,6.945241e-08,3.057609e-01,2.011807e-13,9.592793e-10,8.230729e-08,5.058379e-01,3.099461e-13,7.987274e-10,6.588443e-08,3.062141e-01,1.622671e-13,7.913656e-10,-1.780743e-02,1.259761e-03,-1.556662e-03,2.312979e-15,2.083714e+02,1.707407e+09,1.492656e+02,1.154504e+09,1.973742e+02,1.681428e+09
76,monte carlo,2.263948e-11,1.762443e-01,1.173182e-09,9.790343e-10,4.689630e-13,3.986992e-11,2.828073e-01,1.045624e-09,1.022764e-09,3.369342e-13,3.922748e-11,1.491081e-01,1.015474e-09,5.634884e-10,3.681242e-13,2.303735e-11,3.181299e-01,1.004006e-09,4.908970e-10,2.721969e-13,6.615180e-08,3.618080e-01,2.890276e-13,1.805167e-09,7.589980e-08,5.045925e-01,1.737312e-13,1.262556e-09,6.376782e-08,2.802573e-01,2.141666e-13,1.097079e-09,1.847462e-02,2.534161e-02,1.574531e-03,4.565804e-15,1.677244e+02,1.332407e+09,1.379852e+02,1.656250e+09,2.087264e+02,1.660198e+09
77,monte carlo,2.113198e-11,1.438260e-01,1.137653e-09,5.384120e-10,4.441379e-13,3.849924e-11,3.448812e-01,8.532637e-10,5.999017e-10,4.662059e-13,4.004558e-11,1.440558e-01,1.189571e-09,6.329252e-10,4.684614e-13,2.110107e-11,2.967297e-01,6.971198e-10,5.802274e-10,1.897557e-13,6.993583e-08,3.537413e-01,1.386528e-13,5.368190e-10,8.837524e-08,5.159506e-01,2.188093e-13,1.091630e-09,6.305587e-08,3.354209e-01,2.157791e-13,1.987783e-09,1.696669e-03,2.693419e-04,5.932975e-03,4.251486e-15,1.813622e+02,2.048870e+09,1.571286e+02,1.314674e+09,1.724520e+02,1.525109e+09
78,monte carlo,2.263278e-11,2.566022e-01,6.945348e-10,9.890992e-10,3.484559e-13,3.970931e-11,2.160430e-01,9.845169e-10,1.242356e-09,2.264317e-13,4.032917e-11,1.195233e-01,1.042883e-09,1.160043e-09,5.228029e-13,2.228586e-11,2.148978e-01,9.650900e-10,5.286810e-10,4.379145e-13,6.965661e-08,3.008754e-01,1.946045e-13,1.290772e-09,8.480031e-08,4.027580e-01,2.511127e-13,8.938891e-10,7.252355e-08,3.319953e-01,1.891801e-13,9.274127e-10,-2.709958e-02,8.970898e-04,-3.520761e-03,2.231098e-15,2.123774e+02,1.775550e+09,1.931461e+02,1.271881e+09,2.003918e+02,1.459452e+09
79,monte carlo,2.305621e-11,1.948385e-01,9.580212e-10,4.676042e-10,4.107132e-13,3.770835e-11,3.291102e-01,7.158927e-10,9.609512e-10,4.036361e-13,3.740443e-11,2.806534e-01,9.894768e-10,7.262805e-10,2.299268e-13,2.220785e-11,1.669928e-01,7.080005e-10,1.145999e-09,2.505005e-13,6.147011e-08,2.914401e-01,1.762103e-13,8.494941e-10,8.576724e-08,5.119240e-01,1.931539e-13,1.241046e-09,6.897019e-08,3.092522e-01,1.513252e-13,1.111296e-09,-8.033128e-03,2.244316e-03,2.195054e-03,3.860817e-15,1.934851e+02,1.723168e+09,1.536911e+02,1.350539e+09,2.045886e+02,2.022610e+09
80,monte carlo,2.174835e-11,3.233865e-01,6.424898e-10,1.108814e-09,3.854102e-13,3.979627e-11,1.893470e-01,8.774353e-10,8.847852e-10,3.490331e-13,3.772067e-11,1.143118e-01,6.741961e-10,1.156817e-09,3.924743e-13,2.141900e-11,1.060231e-01,1.128983e-09,1.087609e-09,2.229740e-13,6.658970e-08,3.713174e-01,2.664479e-13,1.219961e-09,7.921638e-08,3.880059e-01,2.262039e-13,1.469201e-09,6.787184e-08,2.902649e-01,1.561264e-13,1.076211e-09,2.776735e-02,-6.827795e-03,3.997742e-03,3.049069e-15,1.645108e+02,1.243012e+09,1.872878e+02,1.432281e+09,2.145003e+02,1.848629e+09
81,monte carlo,2.282817e-11,3.146330e-01,9.185579e-10,9.610976e-10,3.863519e-13,3.848862e-11,1.392819e-01,9.032788e-10,3.064001e-10,4.802042e-13,4.064794e-11,2.846630e-01,9.709109e-10,6.912905e-10,2.906178e-13,2.114804e-11,2.695374e-01,6.822659e-10,3.943179e-10,2.273818e-13,6.529113e-08,3.049922e-01,1.540030e-13,1.057283e-09,8.671416e-08,3.812572e-01,1.364838e-13,5.056610e-10,6.341081e-08,3.775841e-01,1.456835e-13,9.181613e-10,-2.899149e-02,-6.263935e-03,5.122843e-03,2.396945e-15,1.963804e+02,1.936087e+09,2.086434e+02,1.831744e+09,1.540573e+02,1.901831e+09
82,monte carlo,2.150339e-11,1.732189e-01,1.159075e-09,3.969610e-10,2.356133e-13,3.712943e-11,3.912580e-01,9.213332e-10,3.943104e-10,2.414785e-13,4.004539e-11,2.270768e-01,6.926412e-10,1.178073e-09,4.106602e-13,2.109819e-11,3.697143e-01,8.401955e-10,5.331988e-10,1.786936e-13,6.514761e-08,3.220161e-01,1.359306e-13,1.416871e-09,8.440085e-08,4.863772e-01,1.901574e-13,1.408771e-09,6.174611e-08,3.113416e-01,2.402438e-13,1.836575e-09,2.501388e-02,7.989157e-03,-4.944415e-03,2.943520e-15,1.855896e+02,1.949476e+09,1.591865e+02,1.574985e+09,1.819304e+02,1.497536e+09
83,monte carlo,2.147255e-11,3.806419e-01,1.148654e-09,3.604080e-10,4.884520e-13,3.890498e-11,2.183209e-01,9.989078e-10,7.799937e-10,2.787120e-13,3.871948e-11,3.474302e-01,7.960331e-10,9.826117e-10,5.251123e-13,2.151995e-11,3.830935e-01,6.587999e-10,3.064135e-10,1.823282e-13,6.971565e-08,4.220008e-01,1.762580e-13,1.565915e-09,7.705729e-08,3.232094e-01,1.703498e-13,1.561905e-09,6.577395e-08,3.543765e-01,2.755256e-13,8.888367e-10,-2.828014e-02,-2.561099e-02,-5.945373e-03,1.243449e-15,1.515478e+02,1.636841e+09,2.187069e+02,1.513302e+09,1.702636e+02,1.338439e+09
84,monte carlo,2.130628e-11,2.764335e-01,9.344566e-10,6.832011e-10,2.912947e-13,3.863053e-11,2.124585e-01,7.791149e-10,3.175873e-10,3.728079e-13,3.969174e-11,3.059754e-01,1.186038e-09,1.041500e-09,4.923816e-13,2.246113e-11,3.371324e-01,7.092480e-10,1.196594e-09,3.916832e-13,6.513360e-08,3.060260e-01,1.302161e-13,1.391282e-09,7.399882e-08,3.804697e-01,2.634187e-13,1.962764e-09,6.729394e-08,3.085924e-01,1.705740e-13,1.822826e-09,9.962917e-04,2.454329e-02,-5.393973e-03,2.723222e-15,1.952448e+02,1.907122e+09,1.784175e+02,1.231283e+09,2.000431e+02,1.652550e+09
85,monte carlo,2.180555e-11,1.662769e-01,7.028816e-10,3.615540e-10,1.967040e-13,4.031813e-11,3.296040e-01,1.127335e-09,7.034415e-10,3.849104e-13,3.777554e-11,3.196268e-01,1.075979e-09,9.354887e-10,3.489635e-13,2.187232e-11,1.461261e-01,9.497642e-10,7.543307e-10,4.759722e-13,6.794621e-08,3.617777e-01,2.081816e-13,1.766930e-09,7.809854e-08,4.969742e-01,2.649526e-13,7.138825e-10,7.291630e-08,4.372559e-01,1.523033e-13,1.044938e-09,2.907017e-02,2.807651e-02,2.260752e-04,5.985752e-16,1.722885e+02,1.474855e+09,1.441590e+02,1.221413e+09,1.529754e+02,1.727061e+09
86,monte carlo,2.177524e-11,2.177195e-01,8.267780e-10,3.812743e-10,3.333035e-13,3.853167e-11,3.263964e-01,7.629715e-10,9.661142e-10,4.838934e-13,3.933066e-11,2.833280e-01,1.183542e-09,4.102580e-10,3.305131e-13,2.154247e-11,1.229716e-01,7.348163e-10,2.836960e-10,2.394628e-13,6.675706e-08,3.452271e-01,1.832125e-13,1.852877e-09,8.937521e-08,3.853217e-01,1.581295e-13,1.417792e-09,7.019927e-08,3.127550e-01,2.307045e-13,1.530332e-09,2.451421e-02,-1.071503e-02,-2.528133e-03,8.613879e-16,1.773883e+02,1.783148e+09,2.127778e+02,1.479312e+09,2.059022e+02,1.385699e+09
87,monte carlo,2.240393e-11,3.930132e-01,8.866507e-10,6.310644e-10,2.224356e-13,4.010484e-11,1.174041e-01,9.584689e-10,5.495705e-10,2.832851e-13,3.750936e-11,3.853775e-01,1.010027e-09,6.755643e-10,2.110617e-13,2.213766e-11,1.000132e-01,6.720176e-10,5.673634e-10,3.070981e-13,7.427687e-08,3.990399e-01,1.590143e-13,9.989819e-10,8.345395e-08,3.444741e-01,2.927013e-13,1.002272e-09,6.321087e-08,2.886777e-01,1.686182e-13,1.303471e-09,-1.895587e-02,-2.428787e-02,-9.144232e-04,4.503833e-15,1.707537e+02,1.872258e+09,2.222404e+02,1.098391e+09,2.008683e+02,1.757522e+09
88,monte carlo,2.241729e-11,2.527092e-01,6.473671e-10,1.035930e-09,2.059489e-13,3.962757e-11,3.510439e-01,7.678860e-10,3.400114e-10,5.000969e-13,3.720577e-11,1.231578e-01,9.234815e-10,3.241700e-10,3.166141e-13,2.221996e-11,3.904276e-01,6.353135e-10,8.205065e-10,2.682174e-13,7.477718e-08,3.848801e-01,2.627934e-13,1.856729e-09,7.496556e-08,4.782725e-01,1.991144e-13,1.904670e-09,6.358110e-08,4.110025e-01,1.503639e-13,1.555499e-09,-5.883265e-03,2.174826e-02,2.568298e-03,2.513041e-15,1.782282e+02,1.322208e+09,1.437868e+02,1.388002e+09,1.419111e+02,1.976214e+09
89,monte carlo,2.170942e-11,3.130444e-01,9.195091e-10,8.864679e-10,2.665144e-13,3.862856e-11,2.018512e-01,9.782872e-10,1.068905e-09,2.693805e-13,3.761473e-11,1.582021e-01,1.161439e-09,6.589905e-10,3.885178e-13,2.180701e-11,2.967271e-01,9.890062e-10,1.211163e-09,1.997241e-13,6.686998e-08,3.935946e-01,2.010455e-13,6.737478e-10,8.626350e-08,5.776230e-01,1.939627e-13,7.336331e-10,6.961645e-08,3.619564e-01,1.491662e-13,8.411045e-10,-6.309116e-03,-6.707204e-03,-4.019293e-03,4.708174e-15,1.558529e+02,1.671880e+09,1.369983e+02,1.425126e+09,1.764365e+02,2.058023e+09
90,monte carlo,2.303621e-11,1.220873e-01,7.822202e-10,9.198782e-10,2.919729e-13,3.836603e-11,1.517480e-01,6.655846e-10,2.789281e-10,1.758845e-13,3.965613e-11,3.072274e-01,9.812880e-10,9.110325e-10,4.621536e-13,2.276587e-11,1.604266e-01,7.292390e-10,4.110067e-10,2.916333e-13,6.590294e-08,2.989422e-01,1.792690e-13,5.188338e-10,8.983343e-08,6.078511e-01,2.550738e-13,1.032649e-09,6.444274e-08,2.799010e-01,1.756918e-13,1.757339e-09,-6.596092e-03,9.599337e-03,-4.385552e-03,8.775805e-16,2.022321e+02,1.777746e+09,1.355731e+02,1.144140e+09,2.112040e+02,1.917080e+09
91,monte carlo,2.167046e-11,1.574319e-01,8.286446e-10,5.650212e-10,2.604945e-13,3.706405e-11,2.954434e-01,9.006800e-10,1.029040e-09,1.889106e-13,4.054369e-11,2.592255e-01,6.319034e-10,1.168540e-09,4.608100e-13,2.276643e-11,3.349350e-01,9.249398e-10,1.153553e-09,4.888578e-13,7.068113e-08,3.829732e-01,2.232039e-13,9.038772e-10,8.629579e-08,4.996834e-01,1.352702e-13,1.502274e-09,7.393761e-08,4.619949e-01,1.421028e-13,1.420448e-09,-1.143402e-02,2.737099e-03,2.026958e-04,1.599130e-15,1.693042e+02,1.480666e+09,1.584264e+02,1.612578e+09,1.468118e+02,1.897294e+09
92,monte carlo,2.184601e-11,2.432482e-01,1.040615e-09,6.707773e-10,3.522568e-13,4.071798e-11,2.657252e-01,7.910355e-10,3.137910e-10,3.291401e-13,3.750058e-11,3.132768e-01,7.944091e-10,8.106789e-10,1.888163e-13,2.163637e-11,1.420157e-01,7.933563e-10,3.728635e-10,4.054479e-13,6.982031e-08,3.926668e-01,2.551553e-13,5.822685e-10,8.628204e-08,3.992414e-01,2.488077e-13,1.966981e-09,7.435698e-08,4.785252e-01,1.318343e-13,1.807667e-09,-2.621287e-02,1.452643e-02,-1.293319e-03,3.194789e-15,1.631137e+02,1.292840e+09,1.982520e+02,1.203165e+09,1.425442e+02,1.882292e+09
93,monte carlo,2.270872e-11,1.071135e-01,8.462418e-10,1.200807e-09,4.358310e-13,4.079443e-11,3.353924e-01,1.157629e-09,4.799094e-10,1.711407e-13,3.861342e-11,1.669547e-01,1.167814e-09,1.239735e-09,4.818388e-13,2.147384e-11,1.905429e-01,8.310695e-10,1.028088e-09,2.458861e-13,7.230788e-08,4.147363e-01,1.925357e-13,8.402943e-10,8.660900e-08,5.358343e-01,1.599401e-13,1.324661e-09,6.188412e-08,3.362276e-01,3.031888e-13,8.791791e-10,-2.613822e-02,-3.740218e-03,3.872374e-03,3.962630e-15,1.599360e+02,1.494569e+09,1.482741e+02,1.656281e+09,1.688413e+02,1.334200e+09
94,monte carlo,2.211256e-11,3.528797e-01,6.912007e-10,1.131330e-09,4.205884e-13,3.799747e-11,2.805586e-01,7.508473e-10,1.163670e-09,3.318409e-13,4.014719e-11,2.681260e-01,7.046498e-10,7.862417e-10,2.200203e-13,2.153387e-11,2.401284e-01,7.429825e-10,1.138793e-09,2.103760e-13,7.028394e-08,3.589605e-01,1.826768e-13,1.619552e-09,8.261375e-08,4.698423e-01,2.180094e-13,1.242565e-09,6.994837e-08,3.652662e-01,1.833032e-13,1.548417e-09,1.963020e-02,4.235459e-03,-5.771834e-03,1.700760e-15,1.796148e+02,1.775586e+09,1.612995e+02,1.473048e+09,1.756713e+02,1.506010e+09
95,monte carlo,2.276196e-11,3.700130e-01,6.181337e-10,8.004873e-10,3.424474e-13,3.885971e-11,1.432685e-01,1.095046e-09,8.935385e-10,3.399237e-13,3.963841e-11,3.237535e-01,8.143322e-10,1.189635e-09,4.708522e-13,2.095714e-11,2.777737e-01,1.152486e-09,6.819174e-10,2.789474e-13,6.699663e-08,3.914047e-01,1.383326e-13,6.985548e-10,7.501193e-08,3.865887e-01,2.382257e-13,1.166658e-09,6.981992e-08,3.982669e-01,1.174551e-13,1.163425e-09,2.649686e-02,-2.382183e-02,-1.970838e-03,2.091701e-15,1.570217e+02,1.877150e+09,1.779975e+02,1.389068e+09,1.608192e+02,2.039852e+09
96,monte carlo,2.309166e-11,2.965637e-01,1.044683e-09,9.252751e-10,3.559855e-13,4.022496e-11,2.236304e-01,7.227606e-10,9.254267e-10,2.603336e-13,3.903000e-11,1.587347e-01,7.110131e-10,4.407106e-10,3.365805e-13,2.185624e-11,3.253132e-01,1.005117e-09,1.103989e-09,1.703315e-13,6.546505e-08,3.443042e-01,1.978885e-13,1.221474e-09,8.162425e-08,4.010830e-01,1.505547e-13,1.696979e-09,7.089222e-08,4.614754e-01,1.834131e-13,1.519715e-09,9.649605e-04,2.142863e-02,-1.660000e-03,9.139445e-16,1.744214e+02,1.523243e+09,1.866886e+02,1.587234e+09,1.409233e+02,1.837788e+09
97,monte carlo,2.186650e-11,1.417138e-01,7.843289e-10,2.765693e-10,3.795358e-13,3.831277e-11,3.728826e-01,1.135868e-09,4.707592e-10,5.147279e-13,3.724204e-11,1.401935e-01,6.591420e-10,1.177393e-09,2.858829e-13,2.147571e-11,2.824252e-01,8.622627e-10,7.173432e-10,4.063674e-13,6.383256e-08,3.054160e-01,1.303859e-13,7.657430e-10,8.622130e-08,5.842409e-01,1.360658e-13,1.080458e-09,7.081455e-08,4.141408e-01,1.809472e-13,1.477009e-09,1.767113e-02,-2.308037e-02,3.089262e-03,1.957559e-15,1.917269e+02,1.948639e+09,1.353802e+02,1.730925e+09,1.568582e+02,1.683097e+09
98,monte carlo,2.309522e-11,2.793588e-01,1.047053e-09,7.875550e-10,3.700556e-13,3.814717e-11,3.600160e-01,7.029706e-10,1.231568e-09,2.816961e-13,3.969138e-11,1.297890e-01,7.978799e-10,7.170367e-10,3.550169e-13,2.197394e-11,2.249271e-01,1.093392e-09,9.362118e-10,4.235059e-13,6.394659e-08,3.439138e-01,3.289264e-13,1.186743e-09,8.628448e-08,3.558733e-01,1.573748e-13,1.531599e-09,6.365908e-08,2.745095e-01,2.014426e-13,1.351524e-09,-2.105643e-02,4.232891e-03,-3.610002e-03,4.746889e-15,1.705692e+02,1.209173e+09,2.224180e+02,1.469483e+09,2.127334e+02,1.658042e+09
99,monte carlo,2.098634e-11,3.680921e-01,9.012278e-10,2.981251e-10,4.056577e-13,3.759141e-11,3.927264e-01,9.932228e-10,6.681303e-10,4.243475e-13,3.779038e-11,2.461608e-01,7.105995e-10,8.178278e-10,1.747605e-13,2.288229e-11,1.438523e-01,1.083165e-09,5.657172e-10,3.580729e-13,6.729413e-08,4.107622e-01,2.268808e-13,1.748435e-09,7.776861e-08,4.194990e-01,2.530972e-13,9.599396e-10,7.236869e-08,3.910691e-01,2.081964e-13,1.229683e-09,-1.283652e-02,-1.343263e-02,5.296404e-03,1.862370e-15,1.502863e+02,1.448233e+09,1.700615e+02,1.322539e+09,1.697579e+02,1.476416e+09
100,monte carlo,2.254593e-11,1.023199e-01,1.101759e-09,3.564102e-10,4.902705e-13,3.861048e-11,3.435528e-01,1.072097e-09,1.281559e-09,3.198720e-13,4.063015e-11,2.067942e-01,9.763925e-10,8.976529e-10,2.705375e-13,2.283097e-11,2.611917e-01,1.187120e-09,3.092639e-10,5.125375e-13,6.896119e-08,3.363501e-01,2.595544e-13,9.964232e-10,7.454049e-08,3.960977e-01,1.836496e-13,1.174458e-09,7.299185e-08,4.652853e-01,2.385293e-13,1.420491e-09,-4.265298e-03,1.910723e-02,-5.826774e-03,3.706989e-15,1.880814e+02,1.324400e+09,1.726325e+02,1.528559e+09,1.439089e+02,1.379099e+09
101,monte carlo,2.208920e-11,3.689936e-01,9.599412e-10,3.536923e-10,3.604941e-13,4.016727e-11,2.573123e-01,6.651032e-10,6.795163e-10,3.155273e-13,3.712667e-11,3.368673e-01,1.127941e-09,1.168027e-09,2.179450e-13,2.299325e-11,1.111740e-01,7.928088e-10,4.918051e-10,3.583770e-13,7.436125e-08,4.072159e-01,1.273137e-13,1.617297e-09,7.384397e-08,4.282007e-01,2.688131e-13,5.180429e-10,6.581278e-08,3.713053e-01,1.498980e-13,1.509700e-09,1.099130e-02,1.576312e-02,5.313184e-03,2.705612e-15,1.675154e+02,1.960249e+09,1.581978e+02,1.245984e+09,1.625967e+02,1.729981e+09
102,monte carlo,2.227675e-11,3.723542e-01,8.116539e-10,6.219023e-10,4.784326e-13,3.985198e-11,1.070878e-01,8.925349e-10,9.965138e-10,4.099968e-13,3.833650e-11,3.872275e-01,6.755488e-10,3.353902e-10,4.366827e-13,2.200084e-11,2.472537e-01,7.499552e-10,1.131188e-09,3.947867e-13,7.473640e-08,3.826490e-01,1.968193e-13,1.479302e-09,8.970731e-08,5.019596e-01,2.775245e-13,8.654414e-10,6.920668e-08,4.541786e-01,1.803713e-13,1.339703e-09,-7.484973e-03,1.590260e-02,1.416169e-03,3.925976e-15,1.791696e+02,1.544575e+09,1.639426e+02,1.168155e+09,1.397829e+02,1.823545e+09
103,monte carlo,2.278250e-11,1.540221e-01,7.237042e-10,1.195967e-09,5.043252e-13,3.832471e-11,1.043906e-01,6.912906e-10,4.867585e-10,1.833010e-13,4.038699e-11,1.475563e-01,1.075457e-09,5.176497e-10,2.252342e-13,2.216943e-11,3.839828e-01,9.280528e-10,2.817258e-10,1.834973e-13,6.238899e-08,3.215966e-01,2.598480e-13,1.795122e-09,8.410912e-08,4.312573e-01,2.210985e-13,6.781504e-10,7.247833e-08,3.669689e-01,2.382840e-13,1.257529e-09,-7.657843e-03,2.743437e-02,5.844026e-03,2.776486e-15,1.779628e+02,1.335765e+09,1.789120e+02,1.254149e+09,1.811806e+02,1.390801e+09
104,monte carlo,2.302004e-11,1.444050e-01,8.836985e-10,3.010227e-10,3.236469e-13,3.780801e-11,2.133049e-01,1.078232e-09,8.729537e-10,1.753429e-13,3.863133e-11,3.925532e-01,9.066956e-10,3.171760e-10,1.707961e-13,2.191565e-11,3.590305e-01,7.836595e-10,1.217186e-09,1.944943e-13,7.075445e-08,3.692110e-01,2.361208e-13,1.227675e-09,8.645020e-08,5.243826e-01,1.446631e-13,1.056643e-09,6.420855e-08,4.361859e-01,1.820593e-13,1.668837e-09,-5.243300e-03,1.610093e-02,-3.105295e-04,3.027803e-15,1.757971e+02,1.317094e+09,1.512344e+02,1.794210e+09,1.350374e+02,1.642530e+09
105,monte carlo,2.284435e-11,2.653866e-01,8.683499e-10,4.302515e-10,2.980294e-13,3.932730e-11,2.181648e-01,7.919463e-10,3.520421e-10,4.585735e-13,3.939659e-11,3.060962e-01,7.864838e-10,6.717078e-10,4.326051e-13,2.231655e-11,2.927860e-01,7.011922e-10,6.655482e-10,1.876598e-13,7.122476e-08,3.939101e-01,1.448384e-13,1.018650e-09,8.625854e-08,4.486729e-01,1.764801e-13,1.977264e-09,6.800182e-08,3.574297e-01,2.446880e-13,1.489459e-09,9.748735e-03,-1.590369e-02,-5.506332e-03,2.730376e-15,1.658695e+02,1.796216e+09,1.763620e+02,1.408286e+09,1.745270e+02,1.492370e+09
106,monte carlo,2.173034e-11,1.408075e-01,1.055291e-09,3.203670e-10,1.795710e-13,3.891359e-11,3.103845e-01,1.127140e-09,4.151503e-10,3.278827e-13,3.836087e-11,3.907741e-01,1.036838e-09,1.256076e-09,4.292576e-13,2.173877e-11,3.411079e-01,1.076509e-09,8.067219e-10,3.778415e-13,7.094792e-08,4.857396e-01,2.719924e-13,1.471928e-09,7.488490e-08,3.728926e-01,1.961901e-13,7.498518e-10,7.370600e-08,3.481298e-01,1.479585e-13,7.915258e-10,2.696780e-02,-3.826782e-03,1.213762e-03,4.441184e-15,1.339889e+02,1.206259e+09,1.842227e+02,1.486413e+09,1.942202e+02,1.794764e+09
107,monte carlo,2.133937e-11,1.891017e-01,1.087209e-09,3.523866e-10,3.937420e-13,4.021924e-11,2.432908e-01,1.115017e-09,1.224790e-09,2.416838e-13,3.935900e-11,2.193769e-01,6.728468e-10,4.117149e-10,3.005513e-13,2.115697e-11,3.098256e-01,6.405287e-10,1.234046e-09,4.126641e-13,6.933832e-08,3.351198e-01,1.837853e-13,1.614279e-09,8.887266e-08,4.231031e-01,1.691754e-13,1.503710e-09,6.848968e-08,4.274225e-01,1.462498e-13,9.310175e-10,7.494736e-03,-8.953803e-03,3.238339e-03,4.692896e-15,1.898042e+02,1.567592e+09,1.926880e+02,1.399094e+09,1.469943e+02,1.836778e+09
108,monte carlo,2.234363e-11,2.733420e-01,1.071441e-09,7.116563e-10,3.708224e-13,4.068850e-11,1.467972e-01,6.689690e-10,1.253090e-09,3.708546e-13,3.980470e-11,1.394197e-01,6.951966e-10,1.236574e-09,1.835435e-13,2.202143e-11,2.135238e-01,8.481121e-10,7.586509e-10,3.314736e-13,7.067975e-08,3.164875e-01,1.694602e-13,1.704528e-09,7.659368e-08,3.609653e-01,1.746000e-13,1.375043e-09,7.366146e-08,5.015630e-01,1.495304e-13,5.890979e-10,-1.909455e-02,1.834639e-02,5.135362e-03,1.602156e-15,2.048666e+02,1.810525e+09,1.946526e+02,1.515882e+09,1.347248e+02,1.834516e+09
109,monte carlo,2.128469e-11,3.341894e-01,6.313245e-10,8.859633e-10,3.777435e-13,4.088804e-11,1.245406e-01,1.176044e-09,5.850839e-10,3.183035e-13,3.839391e-11,2.269805e-01,8.544387e-10,6.720595e-10,3.042759e-13,2.166498e-11,2.135470e-01,1.088626e-09,3.749442e-10,1.824569e-13,6.214932e-08,3.420117e-01,1.724539e-13,1.937355e-09,8.098624e-08,4.124138e-01,1.948564e-13,6.527367e-10,6.908319e-08,4.554341e-01,1.616256e-13,1.984012e-09,1.984398e-02,7.720074e-03,5.289366e-03,3.704348e-15,1.666971e+02,1.988720e+09,1.801402e+02,1.382317e+09,1.391488e+02,1.894565e+09
110,monte carlo,2.116274e-11,3.994398e-01,9.517187e-10,1.065430e-09,5.193766e-13,3.913379e-11,3.730991e-01,8.881383e-10,7.757466e-10,5.165368e-13,3.896090e-11,3.952848e-01,9.645388e-10,1.275807e-09,3.977713e-13,2.276533e-11,1.307607e-01,1.130126e-09,1.121377e-09,2.491094e-13,6.507491e-08,3.742324e-01,1.425419e-13,1.835994e-09,7.637888e-08,4.969711e-01,1.762194e-13,1.042785e-09,6.382791e-08,3.336784e-01,1.718197e-13,1.940927e-09,-1.343101e-02,-1.658596e-02,2.969609e-03,2.783820e-15,1.595162e+02,1.993022e+09,1.409856e+02,1.820682e+09,1.754750e+02,1.624511e+09
111,monte carlo,2.209402e-11,1.409597e-01,8.180028e-10,5.224151e-10,3.246473e-13,3.705143e-11,2.077867e-01,1.181806e-09,5.071617e-10,2.255676e-13,3.784206e-11,3.228113e-01,8.851274e-10,6.209518e-10,3.082867e-13,2.237551e-11,1.052810e-01,1.101638e-09,4.310200e-10,2.658019e-13,6.165296e-08,3.507110e-01,1.353691e-13,1.307160e-09,7.865605e-08,4.803717e-01,2.440119e-13,1.060751e-09,7.109329e-08,3.608283e-01,1.584654e-13,1.103270e-09,-2.472203e-02,-6.401889e-03,4.593582e-03,3.328020e-15,1.612639e+02,1.968707e+09,1.502061e+02,1.285218e+09,1.807427e+02,1.916748e+09
112,monte carlo,2.268028e-11,1.714785e-01,8.595931e-10,7.503967e-10,1.735740e-13,3.906760e-11,2.531227e-01,7.929073e-10,1.218519e-09,2.883916e-13,3.877603e-11,3.394623e-01,1.047010e-09,9.103827e-10,4.692603e-13,2.295490e-11,3.128136e-01,9.869315e-10,1.281337e-09,3.664308e-13,6.322041e-08,2.738997e-01,1.932594e-13,1.171239e-09,8.620762e-08,4.970936e-01,2.194033e-13,1.881667e-09,7.302573e-08,4.554215e-01,1.394824e-13,5.395755e-10,-1.823049e-03,-1.250666e-02,-3.177096e-03,2.912647e-15,2.117378e+02,1.549493e+09,1.590890e+02,1.291900e+09,1.470940e+02,1.828035e+09
113,monte carlo,2.193951e-11,1.341772e-01,9.989931e-10,1.105074e-09,1.947401e-13,3.938764e-11,3.805493e-01,1.097314e-09,7.882704e-10,2.778904e-13,3.884532e-11,1.433768e-01,9.270539e-10,9.949263e-10,3.634386e-13,2.193331e-11,3.278528e-01,1.095688e-09,4.698397e-10,3.986101e-13,6.198669e-08,4.000262e-01,2.910206e-13,1.951850e-09,7.973564e-08,4.914122e-01,1.849884e-13,1.962458e-09,6.322972e-08,2.784253e-01,1.579326e-13,1.471339e-09,2.018619e-02,1.732747e-02,-2.434003e-03,3.002724e-15,1.421486e+02,1.239406e+09,1.488467e+02,1.619090e+09,2.083269e+02,1.877632e+09
114,monte carlo,2.219074e-11,3.858705e-01,8.502337e-10,1.088008e-09,2.863532e-13,4.067690e-11,3.066444e-01,7.863568e-10,9.311556e-10,3.349794e-13,4.070535e-11,1.678473e-01,7.465810e-10,6.016380e-10,2.760529e-13,2.254460e-11,2.061750e-01,9.525296e-10,2.780168e-10,4.149365e-13,7.204272e-08,4.161055e-01,1.499486e-13,1.332878e-09,7.803527e-08,5.138915e-01,1.723546e-13,1.805672e-09,7.092740e-08,3.125226e-01,1.900655e-13,1.842320e-09,-1.557819e-02,-1.757471e-02,-4.570557e-03,3.529634e-15,1.588252e+02,1.721188e+09,1.393004e+02,1.749850e+09,2.081926e+02,1.703609e+09
115,monte carlo,2.157725e-11,1.994779e-01,6.754000e-10,1.145843e-09,2.497053e-13,3.760292e-11,1.265674e-01,6.272458e-10,7.064561e-10,4.989810e-13,4.091800e-11,2.940076e-01,9.657864e-10,8.446428e-10,3.454071e-13,2.282569e-11,2.765104e-01,1.084981e-09,6.369440e-10,2.915948e-13,6.801720e-08,3.278608e-01,2.235043e-13,9.680410e-10,7.744768e-08,5.004919e-01,3.260202e-13,1.510490e-09,6.526001e-08,2.786904e-01,2.087382e-13,6.885865e-10,3.380398e-03,1.423404e-02,4.084875e-03,6.367660e-16,1.903101e+02,1.412795e+09,1.419528e+02,1.126344e+09,2.148117e+02,1.442975e+09
116,monte carlo,2.228852e-11,1.889142e-01,9.463574e-10,1.150185e-09,2.737986e-13,3.724172e-11,3.325084e-01,6.223804e-10,5.377153e-10,2.871632e-13,3.917831e-11,3.108471e-01,6.098605e-10,1.039127e-09,3.668182e-13,2.215773e-11,1.331559e-01,9.709961e-10,6.881782e-10,4.956054e-13,6.637639e-08,2.886618e-01,1.612809e-13,5.442162e-10,8.759314e-08,4.650063e-01,2.191990e-13,6.989892e-10,6.914407e-08,3.384164e-01,1.657019e-13,7.321771e-10,2.397946e-02,1.065142e-03,2.373418e-05,4.463916e-15,2.109391e+02,1.884825e+09,1.728001e+02,1.253958e+09,1.874288e+02,1.692474e+09
117,monte carlo,2.289158e-11,1.209669e-01,8.644481e-10,2.910244e-10,2.355018e-13,3.854320e-11,1.221280e-01,9.166246e-10,7.275718e-10,4.260234e-13,3.804014e-11,1.301339e-01,7.357549e-10,1.201388e-09,1.895549e-13,2.270900e-11,1.384188e-01,6.750008e-10,1.099207e-09,3.719622e-13,6.920994e-08,3.284283e-01,2.496120e-13,7.901102e-10,8.896921e-08,5.194361e-01,2.150708e-13,1.576906e-09,6.695956e-08,4.221726e-01,2.957641e-13,8.236903e-10,-4.031851e-03,-2.070311e-02,2.635772e-03,1.298638e-15,1.933128e+02,1.306085e+09,1.571232e+02,1.231647e+09,1.454974e+02,1.201221e+09
118,monte carlo,2.284354e-11,1.228371e-01,1.140270e-09,4.397810e-10,3.541243e-13,3.785235e-11,1.555364e-01,1.186006e-09,1.097344e-09,4.115335e-13,4.001887e-11,1.859213e-01,7.178417e-10,1.025599e-09,4.822379e-13,2.139430e-11,3.988611e-01,1.148251e-09,9.873226e-10,3.673511e-13,7.459449e-08,3.513577e-01,1.495266e-13,8.510637e-10,7.507172e-08,3.463139e-01,1.981139e-13,1.256881e-09,6.592380e-08,3.248819e-01,1.942426e-13,8.754613e-10,-1.813357e-02,-5.230588e-03,-4.591887e-03,2.817284e-15,1.947556e+02,1.982860e+09,1.988562e+02,1.663267e+09,1.861442e+02,1.491890e+09
119,monte carlo,2.222813e-11,3.011891e-01,6.704392e-10,4.012352e-10,1.937064e-13,3.715709e-11,3.838589e-01,7.360744e-10,3.543160e-10,1.872385e-13,3.956944e-11,3.557219e-01,1.198428e-09,5.294471e-10,2.235625e-13,2.176612e-11,2.497313e-01,7.873147e-10,9.207328e-10,3.484314e-13,6.287303e-08,3.243584e-01,2.052570e-13,1.312166e-09,8.735336e-08,5.148939e-01,1.825895e-13,1.154686e-09,7.062381e-08,2.992019e-01,1.515335e-13,8.053244e-10,5.700324e-03,-2.561004e-02,-4.577676e-03,2.549500e-15,1.778165e+02,1.499299e+09,1.556305e+02,1.342517e+09,2.165307e+02,1.945527e+09
120,monte carlo,2.143942e-11,1.003830e-01,1.099423e-09,1.131847e-09,3.749855e-13,3.933887e-11,3.372131e-01,6.646817e-10,2.976186e-10,4.355634e-13,3.908879e-11,1.931088e-01,7.797756e-10,4.721189e-10,4.294993e-13,2.192430e-11,3.734340e-01,8.349295e-10,3.201710e-10,1.769289e-13,6.999706e-08,4.508525e-01,1.684674e-13,1.191488e-09,7.422922e-08,4.564968e-01,3.464828e-13,1.265136e-09,7.137374e-08,3.184971e-01,2.025505e-13,1.372297e-09,1.600190e-03,-1.598741e-02,3.641328e-03,4.070500e-15,1.424223e+02,1.569002e+09,1.491660e+02,1.070531e+09,2.055728e+02,1.429070e+09
121,monte carlo,2.275307e-11,3.778729e-01,9.183208e-10,7.990665e-10,2.685459e-13,3.984422e-11,1.836388e-01,1.084708e-09,1.053584e-09,3.959600e-13,3.891395e-11,3.481376e-01,1.090310e-09,1.240187e-09,4.475104e-13,2.118206e-11,1.090690e-01,8.090696e-10,1.037665e-09,1.903007e-13,6.453450e-08,3.707212e-01,1.650415e-13,1.596898e-09,8.518070e-08,3.654945e-01,1.676024e-13,9.970381e-10,6.859819e-08,3.254881e-01,1.525578e-13,1.119582e-09,-2.667614e-02,2.132454e-02,3.613516e-03,4.926631e-15,1.596899e+02,1.741720e+09,2.137928e+02,1.429603e+09,1.933349e+02,1.799944e+09
122,monte carlo,2.213903e-11,2.469196e-01,7.424509e-10,5.519191e-10,3.245752e-13,3.714340e-11,1.749346e-01,8.887169e-10,8.960046e-10,2.119707e-13,4.084322e-11,3.425313e-01,9.364067e-10,1.089273e-09,2.228269e-13,2.264854e-11,2.785712e-01,1.009581e-09,1.246384e-09,4.924164e-13,7.039540e-08,4.446306e-01,2.368262e-13,1.924058e-09,8.840651e-08,4.007141e-01,1.965018e-13,7.012353e-10,6.895870e-08,3.087151e-01,1.960776e-13,1.889905e-09,2.329179e-02,-2.736872e-02,-3.643006e-03,1.507524e-15,1.452371e+02,1.489203e+09,2.023869e+02,1.487522e+09,2.049104e+02,1.480232e+09
123,monte carlo,2.126260e-11,1.895376e-01,1.077079e-09,5.948488e-10,5.170260e-13,3.900329e-11,1.321731e-01,9.169985e-10,6.044397e-10,2.599818e-13,4.041017e-11,1.235380e-01,1.067312e-09,2.938203e-10,1.802019e-13,2.159562e-11,1.049484e-01,9.481949e-10,1.239974e-09,4.360064e-13,6.858987e-08,3.638317e-01,2.041250e-13,7.511728e-10,8.908216e-08,4.026635e-01,1.313187e-13,1.785663e-09,6.243324e-08,2.661426e-01,2.658177e-13,1.294553e-09,-2.515793e-03,2.251778e-02,-7.348740e-04,4.204110e-15,1.729387e+02,1.469103e+09,2.029463e+02,1.836755e+09,2.151960e+02,1.400678e+09
124,monte carlo,2.256209e-11,1.452663e-01,6.258244e-10,9.212133e-10,4.922707e-13,4.027353e-11,3.777184e-01,8.230129e-10,9.307589e-10,4.931944e-13,4.082384e-11,3.975179e-01,1.013328e-09,7.168902e-10,1.847942e-13,2.296820e-11,2.402450e-01,6.590348e-10,9.102252e-10,4.020423e-13,7.217519e-08,4.243459e-01,1.992846e-13,1.313560e-09,8.972824e-08,3.931893e-01,1.791438e-13,1.670992e-09,6.269268e-08,2.794444e-01,1.353102e-13,9.739747e-10,-2.225788e-02,-1.955970e-03,1.740371e-03,4.948624e-15,1.560273e+02,1.411152e+09,2.093438e+02,1.604722e+09,2.058042e+02,1.995195e+09
125,monte carlo,2.185706e-11,1.298768e-01,7.370911e-10,1.047529e-09,2.268282e-13,3.766133e-11,1.937308e-01,8.949221e-10,8.354989e-10,2.815831e-13,4.034075e-11,2.686704e-01,6.038739e-10,8.387171e-10,3.980241e-13,2.165341e-11,3.730649e-01,1.166497e-09,8.235281e-10,3.230126e-13,7.117593e-08,3.246847e-01,1.577534e-13,5.594019e-10,8.031772e-08,4.501718e-01,3.297328e-13,8.042960e-10,6.319323e-08,3.931496e-01,1.920792e-13,1.751770e-09,-2.354924e-02,-1.562087e-02,-1.467183e-03,4.077772e-15,2.010963e+02,2.052934e+09,1.636688e+02,1.113023e+09,1.474502e+02,1.699043e+09
126,monte carlo,2.148788e-11,2.383472e-01,1.099633e-09,1.041425e-09,3.238563e-13,3.803751e-11,3.631361e-01,6.515149e-10,6.464728e-10,4.743161e-13,4.088656e-11,3.715721e-01,8.308226e-10,3.583436e-10,1.761817e-13,2.128348e-11,1.632659e-01,6.699390e-10,6.758391e-10,4.192497e-13,7.476816e-08,3.328003e-01,1.638307e-13,1.993431e-09,8.979631e-08,3.927424e-01,2.883948e-13,1.639951e-09,6.589979e-08,3.959181e-01,2.551210e-13,1.093775e-09,1.309878e-02,-2.531943e-02,-5.914315e-03,1.643701e-15,2.060942e+02,1.684860e+09,2.097411e+02,1.079726e+09,1.526903e+02,1.388937e+09
127,monte carlo,2.246537e-11,1.385850e-01,1.099209e-09,7.545032e-10,4.560301e-13,3.836644e-11,1.755457e-01,8.911416e-10,8.790791e-10,3.189306e-13,4.013878e-11,2.330372e-01,1.019668e-09,7.003684e-10,3.371446e-13,2.138782e-11,3.121273e-01,1.163801e-09,4.923699e-10,1.885866e-13,6.786367e-08,4.001032e-01,3.136999e-13,1.618713e-09,7.475414e-08,4.077950e-01,2.984671e-13,1.150365e-09,6.400532e-08,2.891991e-01,1.762339e-13,1.431847e-09,-8.089287e-03,-2.414028e-02,-4.823227e-03,1.473130e-15,1.555959e+02,1.235113e+09,1.681613e+02,1.196071e+09,2.030261e+02,1.682396e+09
128,monte carlo,2.166451e-11,3.911906e-01,9.139072e-10,7.758554e-10,4.047574e-13,3.729870e-11,3.239917e-01,6.642277e-10,7.504977e-10,3.428598e-13,3.955182e-11,1.452413e-01,9.839554e-10,8.479193e-10,3.887055e-13,2.210215e-11,2.331497e-01,1.115449e-09,3.665700e-10,3.064013e-13,6.202848e-08,4.028142e-01,1.591506e-13,1.083968e-09,8.573482e-08,5.430363e-01,2.021665e-13,1.185246e-09,7.239637e-08,4.587011e-01,1.922421e-13,1.407169e-09,-2.776908e-02,1.730538e-02,-3.732422e-03,1.072882e-15,1.412600e+02,2.014908e+09,1.448309e+02,1.343249e+09,1.447837e+02,1.537092e+09
129,monte carlo,2.210257e-11,1.700053e-01,8.022418e-10,9.868352e-10,5.213538e-13,4.017597e-11,1.566519e-01,7.244021e-10,1.271462e-09,5.236703e-13,3.728612e-11,1.714985e-01,9.978349e-10,3.143426e-10,3.642261e-13,2.293294e-11,2.385218e-01,1.052699e-09,8.364907e-10,4.718517e-13,6.445634e-08,2.919455e-01,1.384880e-13,5.585079e-10,8.817922e-08,4.089891e-01,1.284090e-13,1.813163e-09,7.372090e-08,3.379592e-01,2.511885e-13,8.533222e-10,2.336434e-03,-2.805096e-02,-1.514908e-04,1.871560e-15,2.025333e+02,1.930576e+09,1.977822e+02,1.820142e+09,2.001055e+02,1.222035e+09
130,monte carlo,2.115762e-11,3.380438e-01,1.090626e-09,1.297378e-09,4.764121e-13,3.914971e-11,2.338412e-01,6.534237e-10,6.712844e-10,3.029850e-13,3.909868e-11,2.316307e-01,8.338345e-10,9.250548e-10,2.304954e-13,2.307485e-11,2.223954e-01,9.766910e-10,1.228371e-09,3.859789e-13,6.280653e-08,3.449048e-01,1.637939e-13,6.033718e-10,7.738839e-08,3.877531e-01,2.369499e-13,7.904836e-10,7.016896e-08,4.266739e-01,1.263746e-13,1.772093e-09,-8.804471e-03,2.568053e-02,-5.274995e-04,1.878211e-15,1.670468e+02,1.854596e+09,1.830852e+02,1.306868e+09,1.508627e+02,2.031396e+09
131,monte carlo,2.165794e-11,1.360293e-01,1.145664e-09,1.181501e-09,3.549135e-13,3.857291e-11,2.645384e-01,6.931597e-10,8.123897e-10,2.567111e-13,3.809687e-11,1.583992e-01,7.784412e-10,4.074866e-10,2.029505e-13,2.206951e-11,3.335953e-01,6.504908e-10,6.611329e-10,3.707629e-13,7.467210e-08,3.497537e-01,1.350209e-13,1.629195e-09,8.094801e-08,5.235116e-01,1.944041e-13,1.491955e-09,7.109879e-08,3.040955e-01,2.145004e-13,1.288601e-09,-2.926236e-02,1.113918e-02,-4.939130e-03,3.094595e-15,1.958523e+02,2.004626e+09,1.418445e+02,1.501029e+09,2.144791e+02,1.508046e+09
132,monte carlo,2.262555e-11,2.101919e-01,7.563376e-10,3.193396e-10,2.734448e-13,3.873590e-11,1.056364e-01,6.755975e-10,1.237883e-09,4.716401e-13,3.895288e-11,1.647145e-01,8.427611e-10,4.183059e-10,2.308174e-13,2.164330e-11,1.822647e-01,1.197197e-09,3.936714e-10,3.562295e-13,7.113265e-08,3.742017e-01,1.840466e-13,1.783703e-09,8.887461e-08,5.086165e-01,2.592078e-13,7.153303e-10,7.476335e-08,4.809715e-01,1.918751e-13,8.184390e-10,9.453167e-03,-1.919767e-02,3.747751e-03,3.426633e-15,1.743797e+02,1.651364e+09,1.602950e+02,1.121927e+09,1.425943e+02,1.660506e+09
133,monte carlo,2.262968e-11,1.868739e-01,7.658551e-10,7.170707e-10,3.118119e-13,4.041075e-11,1.040631e-01,9.482100e-10,8.746444e-10,2.166470e-13,4.014403e-11,1.362350e-01,9.370035e-10,3.779674e-10,1.918414e-13,2.160795e-11,3.687521e-01,8.056044e-10,6.857372e-10,5.118663e-13,6.634232e-08,4.038681e-01,1.328923e-13,9.435156e-10,7.996439e-08,5.332283e-01,2.958664e-13,8.619664e-10,6.904544e-08,3.586336e-01,2.596259e-13,1.602909e-09,-2.004205e-02,-1.654490e-02,3.859063e-03,3.492203e-15,1.506898e+02,1.913667e+09,1.375676e+02,1.072652e+09,1.766106e+02,1.415464e+09
134,monte carlo,2.247843e-11,3.720766e-01,7.631953e-10,7.722207e-10,3.123016e-13,3.764420e-11,1.479525e-01,8.011517e-10,7.432713e-10,1.787691e-13,3.924133e-11,3.301442e-01,9.707578e-10,6.364722e-10,3.998127e-13,2.157819e-11,3.360607e-01,7.971966e-10,8.634511e-10,3.484824e-13,7.343952e-08,5.132096e-01,2.564047e-13,6.477467e-10,7.817573e-08,4.368659e-01,2.052961e-13,1.447925e-09,7.079998e-08,3.113544e-01,2.329303e-13,1.827653e-09,-3.252676e-03,-2.709078e-02,-4.582412e-03,2.060456e-15,1.312707e+02,1.325737e+09,1.641559e+02,1.477210e+09,2.085983e+02,1.420600e+09
135,monte carlo,2.146141e-11,2.433886e-01,9.298092e-10,4.529613e-10,3.506255e-13,3.906055e-11,2.886355e-01,8.016364e-10,7.078980e-10,2.050862e-13,4.065284e-11,3.652940e-01,1.070177e-09,8.678674e-10,1.758313e-13,2.094196e-11,2.566600e-01,6.583976e-10,3.750662e-10,5.099076e-13,6.370337e-08,3.872307e-01,1.689306e-13,6.794435e-10,7.675278e-08,3.267328e-01,2.167057e-13,6.707451e-10,6.134083e-08,3.532337e-01,2.807058e-13,9.187653e-10,6.998513e-03,2.209739e-03,-3.036245e-04,1.243250e-15,1.509125e+02,1.739759e+09,2.154935e+02,1.395784e+09,1.593016e+02,1.303787e+09
136,monte carlo,2.305740e-11,1.462685e-01,6.750474e-10,1.169242e-09,4.790145e-13,3.890559e-11,3.176451e-01,9.583786e-10,6.526708e-10,2.542506e-13,3.763376e-11,2.372453e-01,1.160931e-09,7.924289e-10,3.202109e-13,2.239836e-11,2.422737e-01,6.470523e-10,3.651760e-10,3.510039e-13,6.230566e-08,3.048979e-01,2.836608e-13,8.828512e-10,8.649954e-08,5.606515e-01,2.876095e-13,1.354241e-09,7.406613e-08,3.228090e-01,1.568316e-13,1.402044e-09,8.856578e-03,1.522224e-02,2.409885e-03,2.735479e-15,1.874588e+02,1.356177e+09,1.415316e+02,1.082654e+09,2.104780e+02,1.774591e+09
137,monte carlo,2.295969e-11,2.448799e-01,6.433307e-10,6.144343e-10,2.134527e-13,3.741617e-11,1.957636e-01,6.416238e-10,4.039516e-10,2.637463e-13,3.847554e-11,1.490663e-01,8.174054e-10,9.583556e-10,4.746957e-13,2.151350e-11,3.047533e-01,1.001506e-09,8.976227e-10,4.495744e-13,6.505856e-08,2.802257e-01,2.229697e-13,1.320036e-09,7.493761e-08,3.724092e-01,1.548242e-13,1.274823e-09,6.292974e-08,2.728170e-01,1.901163e-13,9.538208e-10,-2.557825e-02,1.437893e-02,-5.630363e-04,3.560499e-15,2.129753e+02,1.487193e+09,1.845917e+02,1.656307e+09,2.116008e+02,1.672403e+09
138,monte carlo,2.236789e-11,3.989859e-01,9.719645e-10,6.715705e-10,4.458066e-13,4.000290e-11,1.322611e-01,9.402756e-10,7.813753e-10,3.791940e-13,3.986874e-11,1.975944e-01,1.193991e-09,8.070389e-10,1.993272e-13,2.148010e-11,2.180569e-01,9.194015e-10,6.144958e-10,3.457730e-13,6.994628e-08,3.038587e-01,1.870569e-13,9.842427e-10,8.927580e-08,5.516875e-01,2.978206e-13,5.304817e-10,7.313507e-08,4.402374e-01,2.291698e-13,1.249567e-09,1.376780e-02,-2.380720e-02,-1.208182e-03,2.499614e-15,2.111668e+02,1.786791e+09,1.484477e+02,1.135859e+09,1.523953e+02,1.333412e+09
139,monte carlo,2.111835e-11,1.678867e-01,6.009350e-10,4.064207e-10,1.813891e-13,3.835439e-11,3.705996e-01,6.078076e-10,1.051094e-09,4.643565e-13,3.944711e-11,3.267250e-01,8.990388e-10,5.169752e-10,3.147595e-13,2.176698e-11,1.597071e-01,8.662194e-10,1.128202e-09,2.269972e-13,6.230655e-08,3.826086e-01,1.633794e-13,1.412134e-09,7.682676e-08,3.800555e-01,2.958674e-13,1.538457e-09,6.410927e-08,3.639543e-01,3.304992e-13,1.329072e-09,-2.297351e-02,-2.150849e-02,3.643554e-03,2.124301e-15,1.493866e+02,1.765176e+09,1.854378e+02,1.153530e+09,1.615871e+02,1.226581e+09
140,monte carlo,2.099524e-11,1.805383e-01,1.104860e-09,5.016518e-10,5.065806e-13,3.763445e-11,3.635682e-01,6.565711e-10,1.050770e-09,4.382557e-13,3.877161e-11,3.107786e-01,7.678609e-10,5.074519e-10,2.132022e-13,2.100238e-11,3.120344e-01,1.104505e-09,3.010240e-10,3.697854e-13,6.876063e-08,3.599752e-01,2.337271e-13,1.993626e-09,8.456315e-08,4.700497e-01,2.779646e-13,1.773297e-09,6.172225e-08,2.921669e-01,1.510870e-13,1.333265e-09,-1.594690e-02,-7.221949e-03,-4.208185e-03,3.556673e-15,1.752266e+02,1.391722e+09,1.650327e+02,1.220757e+09,1.937954e+02,1.987177e+09
141,monte carlo,2.094882e-11,3.041618e-01,9.117264e-10,1.086898e-09,2.966224e-13,3.849465e-11,3.413210e-01,9.041332e-10,1.091728e-09,2.183446e-13,3.827694e-11,2.939701e-01,1.158488e-09,5.747365e-10,2.670350e-13,2.273867e-11,3.186498e-01,1.065875e-09,8.138349e-10,2.272646e-13,7.106086e-08,3.042110e-01,2.009498e-13,8.809978e-10,7.835894e-08,4.340319e-01,2.745175e-13,7.715701e-10,7.356145e-08,3.936667e-01,1.530737e-13,1.904658e-09,-2.007307e-02,2.964279e-03,3.974421e-03,1.902097e-15,2.142833e+02,1.699015e+09,1.656150e+02,1.206044e+09,1.714172e+02,1.750124e+09
142,monte carlo,2.226569e-11,1.929407e-01,7.210286e-10,5.577969e-10,3.783123e-13,3.708531e-11,2.653701e-01,1.003278e-09,5.141403e-10,4.415856e-13,4.029414e-11,1.675035e-01,1.047081e-09,4.417764e-10,2.625170e-13,2.148954e-11,3.215944e-01,7.670722e-10,9.922792e-10,2.429466e-13,6.137668e-08,3.328120e-01,2.445556e-13,1.111010e-09,8.885317e-08,4.438543e-01,1.574091e-13,1.226774e-09,7.297583e-08,4.053121e-01,1.633576e-13,5.029290e-10,1.092558e-02,-2.165635e-02,3.421520e-03,4.362976e-15,1.691753e+02,1.504163e+09,1.836391e+02,1.622037e+09,1.651666e+02,1.992866e+09
143,monte carlo,2.236517e-11,3.629598e-01,1.138901e-09,5.952596e-10,4.760415e-13,3.772527e-11,1.305490e-01,1.034634e-09,1.120704e-09,2.605765e-13,3.829208e-11,2.289819e-01,6.787596e-10,9.113072e-10,3.937097e-13,2.304097e-11,2.763441e-01,9.609117e-10,3.985457e-10,2.573847e-13,7.138511e-08,3.532594e-01,2.276200e-13,6.703526e-10,8.379353e-08,4.500478e-01,1.778121e-13,1.267797e-09,6.916977e-08,3.345262e-01,1.543456e-13,1.312596e-09,1.436336e-02,-1.990961e-02,3.181869e-03,3.254536e-15,1.853731e+02,1.361275e+09,1.707987e+02,1.632632e+09,1.896789e+02,2.053993e+09
144,monte carlo,2.153695e-11,3.208236e-01,1.088012e-09,1.155110e-09,2.947481e-13,3.820833e-11,2.687764e-01,6.238359e-10,2.950340e-10,4.100646e-13,3.841890e-11,2.830011e-01,8.513431e-10,8.055383e-10,4.446075e-13,2.123690e-11,1.130561e-01,9.387334e-10,1.149178e-09,1.850148e-13,6.161236e-08,4.031408e-01,1.437876e-13,9.500173e-10,7.493319e-08,3.128660e-01,1.864922e-13,5.893249e-10,6.611640e-08,2.922956e-01,2.503135e-13,1.883803e-09,-1.303127e-02,-6.783062e-03,4.203840e-03,2.303717e-15,1.401986e+02,1.966793e+09,2.197093e+02,1.768797e+09,2.075008e+02,1.397971e+09
145,monte carlo,2.295650e-11,1.287825e-01,6.371365e-10,1.190025e-09,3.491628e-13,3.976947e-11,2.513250e-01,6.294764e-10,8.145526e-10,5.250342e-13,4.025281e-11,2.827365e-01,1.066788e-09,8.459033e-10,4.586734e-13,2.215139e-11,1.283284e-01,7.428560e-10,1.219171e-09,4.277259e-13,6.684525e-08,2.903912e-01,1.827472e-13,7.474642e-10,8.466333e-08,5.659761e-01,2.301471e-13,8.678115e-10,6.785991e-08,3.744093e-01,2.912894e-13,7.414733e-10,-1.781486e-02,4.900131e-03,-5.146246e-03,4.039773e-15,2.111640e+02,1.539507e+09,1.372240e+02,1.334967e+09,1.662644e+02,1.266871e+09
146,monte carlo,2.299242e-11,1.655775e-01,6.215604e-10,5.010457e-10,2.994343e-13,3.896159e-11,2.629071e-01,1.091537e-09,9.636386e-10,2.717483e-13,3.766190e-11,1.317167e-01,8.739474e-10,1.226842e-09,1.920564e-13,2.111492e-11,2.438138e-01,1.186919e-09,4.235836e-10,3.240759e-13,7.319412e-08,3.687240e-01,1.533762e-13,6.053290e-10,8.700134e-08,5.417474e-01,1.631396e-13,1.484393e-09,6.310662e-08,2.715760e-01,1.654329e-13,9.944357e-10,1.678599e-02,2.678853e-02,1.493096e-03,3.336163e-15,1.820990e+02,1.732870e+09,1.473200e+02,1.507853e+09,2.131652e+02,1.958027e+09
147,monte carlo,2.203360e-11,3.860181e-01,7.328591e-10,8.577739e-10,3.831181e-13,3.938925e-11,3.305726e-01,1.006570e-09,8.404189e-10,1.854661e-13,3.980532e-11,1.738864e-01,9.663731e-10,4.669753e-10,4.687784e-13,2.174981e-11,1.654266e-01,8.019895e-10,9.778227e-10,1.843764e-13,6.847361e-08,4.599415e-01,1.945183e-13,1.366918e-09,8.987153e-08,5.805759e-01,1.882762e-13,5.981659e-10,7.105361e-08,4.349390e-01,1.642566e-13,1.715646e-09,6.235223e-03,-1.100154e-02,-2.849017e-03,3.502541e-15,1.365694e+02,1.524562e+09,1.420024e+02,1.353054e+09,1.498616e+02,1.574549e+09
148,monte carlo,2.109797e-11,1.540402e-01,7.602359e-10,3.966028e-10,4.365521e-13,3.951961e-11,1.596137e-01,7.350555e-10,1.272035e-09,4.314366e-13,3.948354e-11,2.343256e-01,1.107317e-09,3.640391e-10,4.886982e-13,2.153090e-11,2.013488e-01,1.101650e-09,1.109666e-09,3.052742e-13,7.289138e-08,4.821731e-01,1.766796e-13,1.946621e-09,7.493891e-08,3.382149e-01,2.416118e-13,5.540343e-10,6.332116e-08,4.420152e-01,2.015760e-13,8.979934e-10,2.245364e-02,-2.747130e-02,3.040495e-03,9.640739e-16,1.386775e+02,1.699749e+09,2.032579e+02,1.339936e+09,1.314148e+02,1.501632e+09
149,monte carlo,2.187694e-11,3.690892e-01,1.011110e-09,6.420258e-10,2.930081e-13,3.815919e-11,2.584050e-01,6.641059e-10,7.588352e-10,3.592450e-13,3.952337e-11,2.803229e-01,1.167696e-09,7.291320e-10,1.798007e-13,2.139085e-11,1.363202e-01,1.005422e-09,7.393974e-10,2.222978e-13,6.885364e-08,4.071141e-01,1.703731e-13,5.033368e-10,7.755846e-08,3.618471e-01,1.980475e-13,7.804498e-10,7.398129e-08,3.889748e-01,2.142243e-13,8.322043e-10,6.425756e-03,2.261645e-02,-2.766847e-03,1.161749e-15,1.551471e+02,1.898628e+09,1.966241e+02,1.552795e+09,1.744750e+02,1.495796e+09
150,monte carlo,2.116723e-11,3.633678e-01,1.030294e-09,1.275026e-09,2.733795e-13,4.044128e-11,3.391187e-01,7.986734e-10,8.104571e-10,4.158622e-13,3.928875e-11,3.829930e-01,7.284521e-10,1.002278e-09,4.931001e-13,2.091690e-11,2.525120e-01,7.701638e-10,6.034853e-10,3.276854e-13,7.435761e-08,3.611637e-01,1.251017e-13,9.576907e-10,8.094988e-08,5.348697e-01,2.977252e-13,1.579629e-09,7.270000e-08,4.360676e-01,1.066822e-13,9.587475e-10,1.849019e-02,2.377531e-02,-4.632926e-03,1.519703e-15,1.888661e+02,1.841390e+09,1.388356e+02,1.191441e+09,1.529373e+02,2.016733e+09
151,monte carlo,2.102115e-11,2.267947e-01,9.165465e-10,3.556560e-10,3.736025e-13,3.943948e-11,1.552056e-01,1.165076e-09,4.688054e-10,4.637945e-13,3.741438e-11,2.106755e-01,6.370311e-10,3.255373e-10,1.728989e-13,2.253273e-11,2.585224e-01,8.665045e-10,9.846135e-10,1.923762e-13,6.680888e-08,3.253383e-01,2.935460e-13,1.504181e-09,8.325800e-08,5.277903e-01,2.461724e-13,1.077022e-09,6.898500e-08,3.276541e-01,1.869207e-13,1.858471e-09,3.412987e-03,-2.450447e-02,-2.803283e-03,3.222188e-15,1.883787e+02,1.295660e+09,1.447096e+02,1.169246e+09,1.931398e+02,1.485648e+09
152,monte carlo,2.273788e-11,2.890405e-01,8.645895e-10,1.023196e-09,4.615798e-13,3.993232e-11,3.293180e-01,9.260693e-10,5.385803e-10,1.710890e-13,3.759231e-11,1.187770e-01,9.230646e-10,1.286733e-09,4.466197e-13,2.207272e-11,2.468262e-01,6.689746e-10,6.571909e-10,3.183746e-13,7.206483e-08,3.558544e-01,2.129165e-13,1.724147e-09,8.117932e-08,3.493908e-01,2.478721e-13,1.691148e-09,6.993243e-08,3.854385e-01,2.690544e-13,8.365101e-10,2.913897e-02,-2.746314e-02,-1.329540e-03,4.142190e-15,1.857735e+02,1.596793e+09,2.131408e+02,1.171515e+09,1.664394e+02,1.270863e+09
153,monte carlo,2.265226e-11,1.095657e-01,1.085039e-09,7.384802e-10,3.247638e-13,3.995279e-11,2.700755e-01,7.395586e-10,6.824742e-10,1.826800e-13,4.024001e-11,1.171281e-01,6.409363e-10,9.768351e-10,2.403674e-13,2.124204e-11,2.040251e-01,8.683475e-10,8.713984e-10,3.530943e-13,6.930326e-08,3.493312e-01,1.426266e-13,1.200454e-09,7.909951e-08,4.084146e-01,1.558528e-13,1.154382e-09,6.793214e-08,3.452438e-01,2.306190e-13,1.225962e-09,2.200951e-02,2.085306e-02,-3.369878e-03,3.889589e-15,1.819906e+02,2.014397e+09,1.776664e+02,1.763653e+09,1.805020e+02,1.350048e+09
154,monte carlo,2.240942e-11,1.149794e-01,8.627663e-10,1.156852e-09,2.957524e-13,3.845763e-11,3.235757e-01,1.189357e-09,1.292418e-09,2.543484e-13,3.740299e-11,3.104514e-01,6.143973e-10,6.893377e-10,2.599848e-13,2.100567e-11,2.099311e-01,8.095140e-10,1.135524e-09,3.334081e-13,7.055281e-08,3.140792e-01,2.413204e-13,9.487574e-10,7.759153e-08,3.985766e-01,1.729807e-13,1.315526e-09,6.724001e-08,3.684549e-01,1.826916e-13,8.681077e-10,-1.010847e-02,-2.083224e-02,-3.909783e-03,2.599047e-15,2.060667e+02,1.427892e+09,1.785810e+02,1.592308e+09,1.674080e+02,1.640456e+09
155,monte carlo,2.188017e-11,3.302146e-01,7.343018e-10,5.175418e-10,4.939688e-13,4.038760e-11,1.302380e-01,9.795163e-10,1.177800e-09,4.388860e-13,3.771021e-11,1.039066e-01,7.685594e-10,7.240732e-10,4.452513e-13,2.268682e-11,3.013585e-01,7.361575e-10,1.225550e-09,3.137203e-13,7.153524e-08,5.002631e-01,1.565131e-13,1.590433e-09,8.357863e-08,4.745317e-01,2.678461e-13,1.813171e-09,6.823749e-08,3.362296e-01,1.500918e-13,1.805877e-09,-1.498319e-02,2.627449e-02,-5.039163e-03,5.505807e-16,1.311760e+02,1.951451e+09,1.615708e+02,1.216652e+09,1.861744e+02,1.926475e+09
156,monte carlo,2.280019e-11,3.125083e-01,1.118104e-09,4.076607e-10,2.230453e-13,3.963200e-11,3.880126e-01,7.784839e-10,6.660229e-10,4.358448e-13,4.058796e-11,1.549934e-01,9.143391e-10,1.245194e-09,2.376440e-13,2.149036e-11,3.881933e-01,1.099579e-09,9.529225e-10,3.020211e-13,7.091523e-08,3.110048e-01,1.255524e-13,1.852377e-09,8.403483e-08,4.594625e-01,1.426487e-13,8.672341e-10,6.407848e-08,2.822400e-01,1.359628e-13,1.044853e-09,1.875786e-02,2.905383e-02,3.958593e-03,4.258296e-15,2.091728e+02,1.912765e+09,1.677807e+02,1.767179e+09,2.082698e+02,1.973026e+09
157,monte carlo,2.297429e-11,2.547299e-01,8.042250e-10,1.213954e-09,2.243493e-13,4.030298e-11,2.554045e-01,1.179966e-09,5.639435e-10,5.128604e-13,3.863815e-11,1.301289e-01,9.200598e-10,1.271744e-09,4.085381e-13,2.228614e-11,2.092623e-01,1.169211e-09,1.108487e-09,2.141499e-13,6.139195e-08,3.617835e-01,2.816343e-13,1.190390e-09,7.571627e-08,4.237819e-01,2.450930e-13,8.743908e-10,7.294574e-08,3.738924e-01,1.834029e-13,1.448952e-09,4.631905e-03,2.265858e-02,1.994342e-03,2.221158e-15,1.556666e+02,1.309393e+09,1.639002e+02,1.320084e+09,1.789724e+02,1.496085e+09
158,monte carlo,2.153147e-11,2.555417e-01,8.737157e-10,3.952784e-10,3.590928e-13,3.708400e-11,1.858279e-01,8.015145e-10,3.866408e-10,2.557940e-13,4.010096e-11,2.470446e-01,1.057602e-09,3.025021e-10,2.869940e-13,2.303374e-11,2.262307e-01,9.318054e-10,6.372244e-10,5.225810e-13,7.169077e-08,4.947859e-01,1.651773e-13,8.960858e-10,8.648165e-08,3.748445e-01,3.138778e-13,1.942988e-09,6.704141e-08,3.030319e-01,2.422096e-13,6.280286e-10,-1.113827e-02,-2.853783e-02,2.417989e-03,8.263695e-16,1.329164e+02,1.737282e+09,2.116438e+02,1.115909e+09,2.029493e+02,1.332328e+09
159,monte carlo,2.248641e-11,2.952925e-01,7.653145e-10,8.979367e-10,4.253018e-13,3.734984e-11,2.940987e-01,1.020381e-09,7.608196e-10,3.970288e-13,3.743383e-11,3.933246e-01,8.416951e-10,6.513760e-10,5.106937e-13,2.156235e-11,2.116299e-01,6.842037e-10,1.061836e-09,3.988993e-13,6.189778e-08,4.134749e-01,1.926936e-13,7.302167e-10,7.863694e-08,4.428632e-01,1.905755e-13,1.673300e-09,6.953648e-08,4.777058e-01,2.711451e-13,1.428711e-09,2.317347e-02,-1.393838e-02,3.277025e-03,4.207796e-15,1.373279e+02,1.595524e+09,1.628883e+02,1.598909e+09,1.335319e+02,1.251399e+09
160,monte carlo,2.166497e-11,3.679341e-01,1.041122e-09,3.664685e-10,2.552296e-13,4.003651e-11,1.274239e-01,1.159828e-09,4.990777e-10,5.004298e-13,3.705761e-11,3.961273e-01,1.078097e-09,8.667658e-10,3.891302e-13,2.152683e-11,1.730122e-01,9.795970e-10,7.884278e-10,5.225090e-13,7.354557e-08,3.539654e-01,1.435757e-13,1.886276e-09,8.531067e-08,3.606742e-01,1.444073e-13,1.568373e-09,7.415323e-08,4.679213e-01,1.869063e-13,1.701697e-09,-3.757202e-03,-1.535775e-02,3.850336e-03,3.326957e-15,1.906024e+02,1.729721e+09,2.169807e+02,1.691286e+09,1.453751e+02,1.520022e+09
161,monte carlo,2.114309e-11,2.882670e-01,8.816526e-10,3.439483e-10,2.860873e-13,3.762895e-11,1.834881e-01,1.138526e-09,1.042556e-09,4.183247e-13,3.915528e-11,2.550900e-01,1.106888e-09,8.829665e-10,2.660125e-13,2.250450e-11,1.693204e-01,1.161919e-09,2.900461e-10,1.982703e-13,7.406776e-08,4.182494e-01,1.581982e-13,1.619448e-09,8.180650e-08,4.360041e-01,1.860982e-13,9.572544e-10,6.215689e-08,2.943508e-01,2.573733e-13,1.636785e-09,-9.783642e-04,-2.143901e-02,3.046658e-03,3.620225e-15,1.624526e+02,2.055299e+09,1.721194e+02,1.536284e+09,1.937121e+02,1.431625e+09
162,monte carlo,2.164062e-11,1.956536e-01,8.872991e-10,5.146503e-10,4.142717e-13,3.828365e-11,3.381024e-01,8.956119e-10,1.124571e-09,2.540329e-13,3.860390e-11,1.591916e-01,1.060313e-09,4.294855e-10,2.284600e-13,2.196623e-11,1.320721e-01,6.125521e-10,4.236675e-10,5.262252e-13,6.822674e-08,3.292259e-01,2.772009e-13,1.004048e-09,7.491521e-08,3.623304e-01,3.244734e-13,1.713680e-09,6.737729e-08,3.868581e-01,3.069894e-13,8.682925e-10,-2.474968e-02,1.226881e-02,-2.931330e-03,2.416164e-15,1.901049e+02,1.339235e+09,1.896697e+02,1.093178e+09,1.597697e+02,1.248551e+09
163,monte carlo,2.250017e-11,3.261843e-01,8.854471e-10,1.036182e-09,5.025460e-13,3.962500e-11,2.829919e-01,1.021219e-09,1.288870e-09,3.231252e-13,3.871696e-11,3.870093e-01,9.692214e-10,5.035944e-10,3.974781e-13,2.095090e-11,2.175685e-01,8.316128e-10,1.161963e-09,4.675324e-13,6.709806e-08,3.270628e-01,2.120459e-13,1.140631e-09,7.428638e-08,3.421546e-01,2.168430e-13,7.679847e-10,7.467854e-08,3.752021e-01,2.000963e-13,1.430662e-09,-1.917970e-02,1.658497e-02,2.020172e-03,4.293766e-15,1.881965e+02,1.549530e+09,1.991680e+02,1.559459e+09,1.825842e+02,1.412777e+09
164,monte carlo,2.291549e-11,1.646368e-01,8.119549e-10,8.264708e-10,1.810169e-13,3.795950e-11,3.081283e-01,1.197568e-09,2.923618e-10,2.309441e-13,3.739178e-11,2.972200e-01,8.430585e-10,9.149365e-10,1.771458e-13,2.124985e-11,2.238621e-01,1.146242e-09,9.089625e-10,3.841634e-13,7.131429e-08,3.729118e-01,1.128999e-13,5.009168e-10,8.819427e-08,3.906124e-01,2.026317e-13,1.543015e-09,7.005090e-08,3.138139e-01,2.201284e-13,1.944739e-09,1.406177e-02,2.077469e-02,4.740030e-04,2.552008e-15,1.754297e+02,1.990516e+09,2.071224e+02,1.254709e+09,2.047738e+02,1.526165e+09
165,monte carlo,2.201358e-11,3.743591e-01,8.780959e-10,5.829544e-10,3.088562e-13,3.724132e-11,2.989553e-01,6.260680e-10,1.259860e-09,5.096972e-13,3.883815e-11,2.262921e-01,1.047724e-09,4.045801e-10,1.779310e-13,2.216064e-11,3.563570e-01,1.152623e-09,2.938017e-10,2.218503e-13,7.336741e-08,3.241030e-01,2.511591e-13,9.377008e-10,8.974980e-08,5.642664e-01,1.962726e-13,1.291442e-09,6.396073e-08,2.789068e-01,2.241059e-13,9.526761e-10,-2.216814e-02,-1.586203e-02,3.910983e-04,1.591715e-15,2.076600e+02,1.312946e+09,1.459090e+02,1.329599e+09,2.103716e+02,1.421680e+09
166,monte carlo,2.244412e-11,1.506803e-01,1.170367e-09,7.596041e-10,1.738989e-13,3.728420e-11,3.922142e-01,8.945861e-10,1.149242e-09,3.996930e-13,3.928183e-11,1.332601e-01,6.391750e-10,7.530150e-10,1.763628e-13,2.118287e-11,2.465138e-01,1.047681e-09,1.212092e-09,4.308038e-13,7.446658e-08,3.893483e-01,1.298164e-13,1.603613e-09,7.982467e-08,3.685596e-01,2.581890e-13,1.679872e-09,7.138458e-08,4.886096e-01,2.743565e-13,6.472449e-10,1.738424e-02,2.592195e-02,2.895201e-03,3.058460e-15,1.754510e+02,1.950935e+09,1.986836e+02,1.315941e+09,1.340217e+02,1.234100e+09
167,monte carlo,2.191888e-11,1.019775e-01,1.085352e-09,1.108477e-09,2.373431e-13,3.904148e-11,1.939370e-01,1.053470e-09,7.958301e-10,3.281882e-13,3.994987e-11,1.725090e-01,6.193180e-10,1.019588e-09,2.985403e-13,2.143384e-11,3.292838e-01,1.181209e-09,1.076215e-09,3.810482e-13,7.146842e-08,3.459969e-01,1.611931e-13,1.090252e-09,7.518153e-08,3.579886e-01,1.864309e-13,1.165706e-09,6.187417e-08,3.238921e-01,1.912233e-13,8.174484e-10,-1.818141e-02,8.636036e-03,1.502788e-03,4.276696e-15,1.894849e+02,1.839624e+09,1.926525e+02,1.546882e+09,1.752434e+02,1.805559e+09
168,monte carlo,2.246450e-11,1.937025e-01,7.481843e-10,1.244911e-09,3.476571e-13,4.091875e-11,3.584550e-01,1.007939e-09,1.093375e-09,3.437059e-13,3.859409e-11,3.483402e-01,8.147562e-10,6.534016e-10,3.757049e-13,2.193042e-11,3.497889e-01,8.129953e-10,6.907101e-10,1.793781e-13,6.834286e-08,3.028218e-01,2.016328e-13,1.661913e-09,8.889331e-08,5.562483e-01,2.805556e-13,9.848740e-10,6.828691e-08,4.257273e-01,1.569130e-13,1.566550e-09,1.317793e-02,-1.613052e-02,1.234931e-03,3.863313e-15,2.070326e+02,1.525921e+09,1.465997e+02,1.167969e+09,1.471427e+02,1.875153e+09
169,monte carlo,2.146387e-11,2.688145e-01,7.303859e-10,4.145248e-10,1.799424e-13,4.035075e-11,2.587771e-01,7.185272e-10,9.230710e-10,4.697987e-13,3.777669e-11,3.254962e-01,8.157644e-10,9.868888e-10,2.584910e-13,2.195529e-11,3.466472e-01,1.163776e-09,8.166959e-10,5.043079e-13,7.140565e-08,3.308900e-01,1.441762e-13,1.727309e-09,7.551392e-08,4.691476e-01,1.814805e-13,1.090920e-09,7.037211e-08,3.303844e-01,2.478402e-13,5.932021e-10,-2.508184e-02,-1.801576e-02,7.897268e-04,1.388832e-15,1.979619e+02,1.915256e+09,1.476557e+02,1.810857e+09,1.953952e+02,1.448271e+09
170,monte carlo,2.125169e-11,2.220858e-01,9.967612e-10,1.284257e-09,4.128447e-13,3.893943e-11,3.190841e-01,8.825047e-10,8.410938e-10,5.134217e-13,4.032884e-11,1.126688e-01,7.681196e-10,1.018447e-09,4.128271e-13,2.098759e-11,3.932031e-01,7.448413e-10,9.610725e-10,1.707260e-13,7.432224e-08,4.303341e-01,1.828358e-13,1.041936e-09,9.004610e-08,3.949906e-01,1.236215e-13,9.377039e-10,6.161365e-08,3.068029e-01,1.846387e-13,1.456939e-09,1.963175e-03,-1.512201e-02,4.238226e-03,2.540393e-15,1.584330e+02,1.477374e+09,2.091274e+02,1.695712e+09,1.842257e+02,1.681346e+09
171,monte carlo,2.275953e-11,2.942229e-01,1.137580e-09,1.269674e-09,2.812450e-13,3.942880e-11,1.791104e-01,6.734692e-10,6.789425e-10,2.762985e-13,3.916614e-11,3.004264e-01,1.109735e-09,1.254267e-09,4.053653e-13,2.232491e-11,2.736164e-01,7.001910e-10,2.794683e-10,3.669929e-13,6.914627e-08,3.486229e-01,1.363971e-13,1.802028e-09,7.703727e-08,4.297225e-01,1.585524e-13,5.292300e-10,7.406409e-08,3.150338e-01,2.508428e-13,6.344476e-10,1.148943e-02,-7.392077e-03,-8.710790e-05,4.526639e-15,1.819473e+02,1.903864e+09,1.644544e+02,1.585598e+09,2.156668e+02,1.244550e+09
172,monte carlo,2.128604e-11,1.983823e-01,7.110919e-10,5.471682e-10,4.547786e-13,3.719486e-11,1.700742e-01,9.217274e-10,1.200503e-09,2.005714e-13,3.711595e-11,2.191067e-01,6.991283e-10,7.588418e-10,4.631980e-13,2.134221e-11,2.535639e-01,1.080684e-09,8.859859e-10,2.052918e-13,7.356861e-08,4.941283e-01,2.423343e-13,1.377139e-09,8.871171e-08,4.844034e-01,1.491023e-13,1.479932e-09,7.022261e-08,3.918715e-01,1.457971e-13,1.566898e-09,2.873489e-03,1.874172e-02,-3.534591e-03,3.368856e-15,1.365795e+02,1.263915e+09,1.679989e+02,1.556621e+09,1.643864e+02,1.788695e+09
173,monte carlo,2.109588e-11,2.267199e-01,7.724269e-10,9.578760e-10,2.301115e-13,3.864323e-11,2.004377e-01,9.765045e-10,7.868970e-10,4.123713e-13,3.888570e-11,2.301848e-01,6.373899e-10,4.273142e-10,5.048848e-13,2.303276e-11,2.943406e-01,7.939855e-10,7.665497e-10,1.863745e-13,6.938092e-08,3.885526e-01,3.150534e-13,1.593192e-09,7.873906e-08,5.115833e-01,1.585222e-13,1.606559e-09,6.181360e-08,2.859926e-01,2.128924e-13,1.699871e-09,9.782023e-03,1.711967e-02,-2.501611e-03,2.195173e-15,1.638034e+02,1.204728e+09,1.411909e+02,1.690449e+09,1.982723e+02,1.579389e+09
174,monte carlo,2.261904e-11,1.873496e-01,9.998977e-10,1.206973e-09,3.307928e-13,3.944310e-11,3.757878e-01,8.510065e-10,8.194027e-10,3.410120e-13,4.069751e-11,3.396865e-01,9.584584e-10,1.075204e-09,1.725412e-13,2.129069e-11,3.038993e-01,7.917868e-10,9.575795e-10,2.186376e-13,7.389778e-08,4.376465e-01,2.406762e-13,1.840657e-09,8.014628e-08,4.418110e-01,2.503309e-13,5.618856e-10,6.740592e-08,2.854911e-01,3.090852e-13,1.804910e-09,1.452385e-03,-6.838601e-03,-2.800860e-03,3.275565e-15,1.548962e+02,1.358597e+09,1.664101e+02,1.292008e+09,2.165899e+02,1.276976e+09
175,monte carlo,2.157761e-11,2.492841e-01,7.281577e-10,7.613858e-10,3.761860e-13,3.805204e-11,1.522171e-01,7.076614e-10,1.235316e-09,2.666833e-13,4.039218e-11,1.458989e-01,8.702274e-10,7.667399e-10,4.336746e-13,2.220510e-11,2.276009e-01,6.293874e-10,3.620204e-10,3.044326e-13,7.154486e-08,4.150972e-01,1.321973e-13,1.762734e-09,8.686518e-08,3.936274e-01,1.881384e-13,1.054249e-09,6.708611e-08,3.067644e-01,1.305485e-13,1.372336e-09,-2.012484e-02,2.645744e-02,2.242453e-03,4.455303e-15,1.581107e+02,1.915424e+09,2.024385e+02,1.626393e+09,2.006136e+02,2.023054e+09
176,monte carlo,2.115987e-11,3.473601e-01,8.826631e-10,1.273646e-09,3.618484e-13,4.072388e-11,2.854608e-01,6.985558e-10,1.009352e-09,2.755291e-13,3.883552e-11,3.715379e-01,7.989499e-10,1.137410e-09,5.224728e-13,2.169923e-11,2.168724e-01,1.155999e-09,8.566304e-10,4.799059e-13,6.476651e-08,3.306837e-01,1.660430e-13,1.225993e-09,8.775567e-08,4.240578e-01,1.538494e-13,7.630235e-10,6.659216e-08,4.006483e-01,2.414023e-13,1.067053e-09,-7.665768e-03,4.437311e-04,3.604008e-03,3.351738e-15,1.796679e+02,2.061907e+09,1.898379e+02,1.682058e+09,1.524729e+02,1.362857e+09
177,monte carlo,2.098609e-11,1.524275e-01,9.900739e-10,1.241168e-09,2.159511e-13,3.761461e-11,1.161931e-01,1.033277e-09,6.105927e-10,4.601284e-13,3.858203e-11,1.089545e-01,8.201157e-10,5.733767e-10,3.897366e-13,2.122514e-11,3.416933e-01,6.935310e-10,7.653844e-10,4.643768e-13,6.510537e-08,3.111256e-01,1.889543e-13,8.306642e-10,8.421234e-08,4.405970e-01,1.971775e-13,1.152763e-09,6.275158e-08,2.903244e-01,2.205778e-13,1.866276e-09,2.304948e-02,2.345850e-02,-4.393557e-03,3.450823e-15,1.919613e+02,1.722449e+09,1.753343e+02,1.524394e+09,1.982777e+02,1.602174e+09
178,monte carlo,2.138960e-11,1.958639e-01,8.976581e-10,8.789127e-10,4.419760e-13,4.073393e-11,3.170400e-01,1.113541e-09,5.005705e-10,1.799989e-13,3.853825e-11,3.657141e-01,7.891259e-10,6.753517e-10,5.069532e-13,2.171296e-11,3.991338e-01,8.682238e-10,1.256001e-09,5.197925e-13,7.201320e-08,4.071513e-01,1.597129e-13,7.747213e-10,8.972929e-08,4.646974e-01,1.612222e-13,1.327557e-09,6.463519e-08,3.183261e-01,2.499834e-13,1.719211e-09,2.391093e-02,-1.662769e-02,5.720889e-03,3.889442e-15,1.622516e+02,2.066346e+09,1.771319e+02,1.774585e+09,1.862643e+02,1.330244e+09
179,monte carlo,2.159306e-11,1.792108e-01,1.087357e-09,1.223590e-09,3.505943e-13,3.901005e-11,3.548110e-01,8.401228e-10,2.975165e-10,4.387212e-13,4.028159e-11,2.944357e-01,6.672084e-10,1.149045e-09,3.320116e-13,2.141347e-11,1.019139e-01,6.898649e-10,1.196089e-09,2.443557e-13,6.801381e-08,3.339296e-01,2.492454e-13,1.470827e-09,7.768454e-08,3.305977e-01,2.245808e-13,9.011878e-10,6.826932e-08,4.592112e-01,1.779111e-13,1.967973e-09,-2.835318e-02,-1.624344e-02,4.699245e-03,1.887919e-15,1.868422e+02,1.471685e+09,2.155596e+02,1.281982e+09,1.363785e+02,1.842962e+09
180,monte carlo,2.163515e-11,3.298187e-01,1.111382e-09,1.163629e-09,3.694005e-13,4.092699e-11,1.730552e-01,9.836129e-10,5.818032e-10,4.267637e-13,3.860558e-11,1.188462e-01,1.000864e-09,7.077887e-10,4.413907e-13,2.276776e-11,2.012004e-01,9.066442e-10,1.082339e-09,4.497270e-13,7.135229e-08,3.305321e-01,2.745884e-13,1.691225e-09,8.266665e-08,4.569976e-01,1.513500e-13,1.417843e-09,7.235926e-08,3.370837e-01,1.913409e-13,6.084226e-10,2.462334e-02,1.180054e-02,-2.452390e-03,4.107920e-15,1.980282e+02,1.243008e+09,1.659393e+02,1.603014e+09,1.969197e+02,1.539237e+09
181,monte carlo,2.257885e-11,1.269706e-01,6.225020e-10,6.875303e-10,4.671236e-13,3.797824e-11,2.809830e-01,1.092397e-09,5.072544e-10,3.663563e-13,3.985979e-11,1.514736e-01,8.018539e-10,4.562161e-10,3.186674e-13,2.246120e-11,2.909051e-01,1.039168e-09,9.949970e-10,3.115456e-13,7.456360e-08,4.870558e-01,2.288142e-13,6.381963e-10,8.778357e-08,5.866626e-01,1.476192e-13,1.585901e-09,7.405947e-08,3.201893e-01,2.737844e-13,5.325737e-10,1.068700e-02,-1.129731e-02,-4.242570e-03,1.735541e-15,1.404368e+02,1.454482e+09,1.372643e+02,1.697525e+09,2.121810e+02,1.235957e+09
182,monte carlo,2.235382e-11,2.345342e-01,1.124926e-09,4.936727e-10,4.176758e-13,3.829065e-11,2.782862e-01,1.185638e-09,3.422055e-10,2.520418e-13,3.806864e-11,2.727660e-01,1.051725e-09,6.658201e-10,5.109802e-13,2.308973e-11,2.455462e-01,9.977269e-10,3.855392e-10,4.265907e-13,6.579574e-08,4.419074e-01,2.204610e-13,9.814334e-10,7.390728e-08,4.250929e-01,3.009576e-13,1.791429e-09,6.963345e-08,4.646247e-01,2.411057e-13,7.683532e-10,1.885339e-02,9.770710e-03,-3.477532e-03,3.037838e-15,1.365838e+02,1.558746e+09,1.594910e+02,1.217501e+09,1.374828e+02,1.437180e+09
183,monte carlo,2.140001e-11,2.825280e-01,7.931610e-10,1.053051e-09,2.695240e-13,3.953781e-11,1.854763e-01,8.793999e-10,8.709840e-10,1.692436e-13,4.017085e-11,3.922760e-01,6.458846e-10,3.538375e-10,2.619316e-13,2.144447e-11,2.168912e-01,6.877405e-10,9.649027e-10,4.385021e-13,7.435635e-08,5.064381e-01,1.555003e-13,1.359280e-09,7.900801e-08,3.974899e-01,1.644779e-13,1.241012e-09,6.416656e-08,2.756170e-01,2.235514e-13,1.921383e-09,-2.044469e-02,1.897322e-02,4.277362e-03,4.915961e-15,1.346866e+02,1.916980e+09,1.823383e+02,1.592713e+09,2.135676e+02,1.423927e+09
184,monte carlo,2.190114e-11,3.925892e-01,1.067985e-09,5.498631e-10,4.270250e-13,4.035444e-11,1.690074e-01,1.140365e-09,5.905932e-10,3.229665e-13,4.082362e-11,2.879372e-01,1.041353e-09,1.204781e-09,3.471331e-13,2.240811e-11,1.886223e-01,6.276982e-10,8.404927e-10,2.748775e-13,7.047160e-08,4.557815e-01,2.350681e-13,7.366118e-10,8.662364e-08,4.641832e-01,2.869525e-13,1.575691e-09,6.215441e-08,3.650109e-01,2.311581e-13,8.837203e-10,2.562515e-02,-1.114040e-02,1.756191e-03,1.295528e-15,1.418372e+02,1.504335e+09,1.711905e+02,1.123107e+09,1.562064e+02,1.509850e+09
185,monte carlo,2.212369e-11,1.304372e-01,1.177767e-09,9.634042e-10,5.062965e-13,3.938042e-11,2.490239e-01,1.109980e-09,4.069947e-10,1.727724e-13,3.725631e-11,1.782904e-01,9.233457e-10,7.743020e-10,3.784355e-13,2.145945e-11,1.001615e-01,9.782942e-10,1.210001e-09,1.916315e-13,7.347426e-08,3.605862e-01,1.885973e-13,6.971293e-10,7.739339e-08,4.387994e-01,1.428245e-13,1.806445e-09,6.836131e-08,3.713208e-01,2.630482e-13,1.678909e-09,-6.335925e-03,2.536175e-02,3.765140e-03,2.113704e-15,1.869213e+02,1.572579e+09,1.617971e+02,1.704399e+09,1.688861e+02,1.384714e+09
186,monte carlo,2.160761e-11,1.297235e-01,1.112028e-09,9.431854e-10,4.773221e-13,3.987179e-11,3.760965e-01,9.231232e-10,2.999367e-10,2.109103e-13,3.947873e-11,1.626743e-01,6.480142e-10,5.021746e-10,2.350818e-13,2.149615e-11,3.520309e-01,6.483547e-10,9.842461e-10,4.718289e-13,6.183212e-08,3.064862e-01,1.730235e-13,1.563327e-09,8.593307e-08,5.201828e-01,3.138290e-13,1.402740e-09,7.250972e-08,4.498150e-01,1.519613e-13,1.172040e-09,1.074951e-02,-2.425212e-02,-5.187413e-03,2.228397e-15,1.850699e+02,1.641907e+09,1.515434e+02,1.084152e+09,1.478751e+02,1.932404e+09
187,monte carlo,2.178886e-11,3.451499e-01,7.021736e-10,3.864237e-10,1.694536e-13,4.078931e-11,3.353485e-01,1.051204e-09,5.536482e-10,4.223365e-13,3.984664e-11,3.513104e-01,8.823748e-10,9.776444e-10,2.625738e-13,2.094091e-11,3.115282e-01,9.026463e-10,6.520049e-10,1.909626e-13,6.724888e-08,3.852784e-01,1.879001e-13,7.025782e-10,8.037031e-08,5.317410e-01,2.041810e-13,1.356735e-09,6.348249e-08,2.980370e-01,1.398650e-13,1.969925e-09,-1.851499e-02,-2.497054e-02,1.372416e-03,4.069947e-15,1.601191e+02,1.509249e+09,1.386527e+02,1.431097e+09,1.953964e+02,1.847295e+09
188,monte carlo,2.206304e-11,1.303751e-01,8.470920e-10,7.608900e-10,5.046174e-13,3.859534e-11,2.130446e-01,1.027573e-09,9.520883e-10,4.632858e-13,4.058665e-11,3.265949e-01,9.999196e-10,3.381674e-10,4.411891e-13,2.188979e-11,2.188274e-01,6.582991e-10,3.559682e-10,4.532966e-13,7.232290e-08,3.217931e-01,2.420720e-13,1.332763e-09,7.970314e-08,3.638395e-01,1.259318e-13,6.631435e-10,6.120966e-08,3.819536e-01,2.047109e-13,7.378081e-10,-1.318670e-02,1.414510e-02,-4.854876e-03,9.613201e-16,2.061730e+02,1.436803e+09,2.009548e+02,1.828149e+09,1.470084e+02,1.702903e+09
189,monte carlo,2.125513e-11,1.980059e-01,6.220119e-10,3.733955e-10,1.782764e-13,3.997871e-11,1.780078e-01,9.607134e-10,1.125280e-09,2.991412e-13,3.977659e-11,3.864164e-01,9.306989e-10,8.737062e-10,4.682040e-13,2.242605e-11,3.886429e-01,7.882772e-10,7.005724e-10,3.714021e-13,6.182106e-08,3.374988e-01,2.378588e-13,1.735466e-09,7.508480e-08,3.833087e-01,2.316087e-13,1.427922e-09,6.469320e-08,3.215306e-01,3.208662e-13,5.822694e-10,-1.993670e-02,-9.136818e-03,-2.804619e-04,1.130251e-15,1.680339e+02,1.398114e+09,1.796950e+02,1.374185e+09,1.845734e+02,1.201967e+09
190,monte carlo,2.246939e-11,2.266965e-01,8.001124e-10,9.798777e-10,2.963638e-13,3.982040e-11,2.556008e-01,9.941803e-10,1.256580e-09,3.389034e-13,3.817185e-11,2.726155e-01,7.261869e-10,5.635212e-10,4.691848e-13,2.195261e-11,2.533174e-01,1.052568e-09,8.892942e-10,5.022032e-13,7.290782e-08,4.913530e-01,1.578910e-13,1.117198e-09,8.078441e-08,4.215335e-01,1.604707e-13,1.532464e-09,7.057876e-08,4.846485e-01,1.628998e-13,7.058272e-10,2.441664e-02,9.544723e-03,3.398245e-03,9.226522e-16,1.361173e+02,1.821707e+09,1.758037e+02,1.735420e+09,1.335918e+02,1.605554e+09
191,monte carlo,2.156002e-11,3.947313e-01,6.624744e-10,7.468582e-10,3.948463e-13,3.861713e-11,3.484892e-01,9.711844e-10,4.494192e-10,2.289474e-13,4.070674e-11,3.653812e-01,8.388101e-10,8.325909e-10,4.541522e-13,2.111126e-11,2.487034e-01,1.135901e-09,1.181660e-09,4.970257e-13,6.635643e-08,2.897537e-01,1.786160e-13,1.258023e-09,8.460003e-08,4.096093e-01,1.477369e-13,8.473251e-10,7.361785e-08,3.789051e-01,2.274021e-13,1.367879e-09,2.168069e-02,-6.479760e-04,4.739702e-03,4.796587e-15,2.100810e+02,1.749650e+09,1.894669e+02,1.536108e+09,1.782319e+02,1.342475e+09
192,monte carlo,2.237760e-11,1.346416e-01,7.154383e-10,5.288633e-10,3.989833e-13,3.706805e-11,3.560044e-01,1.025332e-09,1.050869e-09,2.742289e-13,3.847714e-11,1.174053e-01,1.015478e-09,8.758847e-10,1.913886e-13,2.306430e-11,1.858921e-01,9.390789e-10,6.438649e-10,2.675258e-13,6.626773e-08,4.043845e-01,1.899339e-13,1.928234e-09,8.925390e-08,3.956830e-01,1.566631e-13,5.959479e-10,6.777143e-08,4.062555e-01,1.482960e-13,8.845590e-10,-6.274958e-03,2.129909e-02,-1.691672e-03,3.811471e-15,1.503282e+02,1.799557e+09,2.069248e+02,1.635056e+09,1.530313e+02,1.797319e+09
193,monte carlo,2.109989e-11,2.460930e-01,1.005539e-09,4.521468e-10,3.910551e-13,3.925625e-11,2.870808e-01,6.074329e-10,4.957312e-10,5.120991e-13,3.964921e-11,1.327867e-01,7.459362e-10,7.867705e-10,4.677864e-13,2.173273e-11,1.278895e-01,9.642579e-10,9.373447e-10,3.042382e-13,7.278454e-08,3.422287e-01,2.458552e-13,1.049948e-09,8.836505e-08,4.315025e-01,1.373655e-13,1.558759e-09,6.957025e-08,4.882498e-01,3.189001e-13,1.525784e-09,-6.588641e-03,-9.116184e-04,5.991842e-03,2.510380e-15,1.950992e+02,1.345686e+09,1.878581e+02,1.585869e+09,1.307116e+02,1.234461e+09
194,monte carlo,2.175875e-11,2.700378e-01,1.064111e-09,8.670429e-10,2.365679e-13,3.864776e-11,1.945350e-01,8.659826e-10,5.773405e-10,3.510121e-13,3.821506e-11,1.460823e-01,9.151362e-10,5.051479e-10,4.536514e-13,2.104499e-11,2.161186e-01,1.139421e-09,1.010683e-09,4.713528e-13,6.474961e-08,2.784232e-01,1.923993e-13,9.517243e-10,7.951122e-08,4.497280e-01,2.785378e-13,1.419471e-09,7.241351e-08,3.413223e-01,2.387536e-13,6.169169e-10,2.993841e-02,8.768984e-04,4.836148e-03,6.243378e-16,2.133361e+02,1.623306e+09,1.621852e+02,1.204946e+09,1.946201e+02,1.393912e+09
195,monte carlo,2.289516e-11,1.406452e-01,1.096939e-09,3.989642e-10,2.307660e-13,3.727384e-11,3.526405e-01,1.126409e-09,7.630530e-10,2.434726e-13,4.003834e-11,3.012677e-01,8.447195e-10,6.855785e-10,2.968510e-13,2.160367e-11,3.236374e-01,9.882026e-10,1.174238e-09,5.156414e-13,7.094183e-08,3.400964e-01,1.147290e-13,1.397361e-09,9.010646e-08,4.819754e-01,2.059370e-13,1.644541e-09,6.848534e-08,4.147304e-01,1.341307e-13,7.154426e-10,-8.191780e-03,-8.619883e-04,-1.135782e-03,4.777398e-15,1.913520e+02,2.003689e+09,1.714999e+02,1.456354e+09,1.514832e+02,1.832622e+09
196,monte carlo,2.128382e-11,1.613004e-01,8.613408e-10,8.006368e-10,4.129575e-13,3.762618e-11,3.489888e-01,7.987466e-10,5.236048e-10,5.268553e-13,4.031925e-11,3.356266e-01,1.040139e-09,7.766773e-10,4.285848e-13,2.205792e-11,3.851196e-01,9.115343e-10,8.322232e-10,2.766271e-13,6.621578e-08,3.604479e-01,1.420834e-13,1.608674e-09,7.762216e-08,3.193630e-01,1.468492e-13,7.957590e-10,6.925803e-08,3.645016e-01,2.115689e-13,1.430118e-09,-5.649857e-03,-1.634211e-02,-2.768829e-03,4.022219e-15,1.685201e+02,2.045284e+09,2.229635e+02,1.762264e+09,1.743024e+02,1.603118e+09
197,monte carlo,2.286733e-11,1.868200e-01,8.096384e-10,7.578245e-10,4.269734e-13,3.778102e-11,1.370378e-01,8.837554e-10,1.115806e-09,5.106743e-13,3.732604e-11,2.947549e-01,8.781821e-10,8.352705e-10,2.475967e-13,2.166097e-11,2.010968e-01,9.849076e-10,5.080787e-10,2.797941e-13,7.106953e-08,3.338137e-01,1.945963e-13,9.830100e-10,8.200309e-08,5.127113e-01,2.941556e-13,1.498859e-09,6.521122e-08,4.063980e-01,2.641249e-13,1.969803e-09,-8.483608e-03,2.686214e-02,-3.880247e-03,4.402662e-15,1.953044e+02,1.749202e+09,1.467202e+02,1.106181e+09,1.471985e+02,1.447864e+09
198,monte carlo,2.112264e-11,1.400527e-01,1.062388e-09,1.190300e-09,4.034700e-13,3.963162e-11,3.808389e-01,6.702353e-10,9.499543e-10,4.097932e-13,3.890339e-11,1.656855e-01,7.106924e-10,6.802738e-10,3.750400e-13,2.191127e-11,1.160485e-01,1.182741e-09,3.410472e-10,4.214904e-13,6.514043e-08,4.319273e-01,1.886992e-13,1.663642e-09,7.755241e-08,4.092200e-01,2.956698e-13,5.654370e-10,6.383120e-08,4.431473e-01,2.259848e-13,7.605848e-10,2.306962e-02,-2.467839e-02,-5.924719e-03,4.517534e-15,1.383479e+02,1.523797e+09,1.738486e+02,1.136857e+09,1.321349e+02,1.389082e+09
199,monte carlo,2.116838e-11,1.010386e-01,1.068375e-09,7.486365e-10,3.854619e-13,3.969314e-11,1.721743e-01,9.929463e-10,3.403787e-10,2.845913e-13,3.762486e-11,1.182132e-01,1.098393e-09,3.630243e-10,4.720564e-13,2.281045e-11,3.200762e-01,9.431012e-10,3.307039e-10,3.120866e-13,6.861512e-08,3.754220e-01,1.833004e-13,7.597026e-10,8.175951e-08,4.600614e-01,2.332422e-13,1.315777e-09,7.386754e-08,3.757528e-01,2.476761e-13,1.846354e-09,-7.789177e-03,1.538151e-02,2.685479e-03,7.688414e-16,1.676613e+02,1.592136e+09,1.630254e+02,1.320631e+09,1.803367e+02,1.398348e+09
200,monte carlo,2.111024e-11,3.995390e-01,1.070387e-09,8.541112e-10,2.653441e-13,3.734127e-11,1.855482e-01,7.788898e-10,1.267998e-09,3.269733e-13,3.755530e-11,3.701437e-01,8.910777e-10,1.039533e-09,4.921729e-13,2.245757e-11,1.272528e-01,8.483322e-10,6.053672e-10,4.262971e-13,7.216669e-08,3.884492e-01,1.721879e-13,1.486422e-09,8.745607e-08,4.061148e-01,1.333520e-13,1.015471e-09,6.716809e-08,3.651636e-01,1.754995e-13,1.661317e-09,6.176417e-04,-8.806331e-03,-3.668014e-03,4.227464e-15,1.704258e+02,1.817276e+09,1.975486e+02,1.749505e+09,1.687362e+02,1.729531e+09
201,monte carlo,2.253194e-11,3.854378e-01,8.616452e-10,8.027231e-10,2.403902e-13,3.849373e-11,2.747397e-01,1.165172e-09,1.022028e-09,2.446556e-13,4.041173e-11,1.035342e-01,7.213083e-10,2.915969e-10,4.828367e-13,2.261189e-11,2.662960e-01,9.292614e-10,3.371917e-10,2.937032e-13,7.207496e-08,4.793725e-01,2.787782e-13,1.416149e-09,8.037484e-08,3.903633e-01,2.497768e-13,1.059383e-09,6.750531e-08,2.958153e-01,2.438613e-13,1.081417e-09,1.056009e-02,-2.013869e-04,-3.526790e-03,3.334055e-15,1.379253e+02,1.297283e+09,1.888791e+02,1.324723e+09,2.093389e+02,1.302964e+09
202,monte carlo,2.300926e-11,1.374563e-01,1.179735e-09,6.990114e-10,4.201494e-13,3.975002e-11,2.127356e-01,1.165282e-09,8.308432e-10,5.191408e-13,4.070909e-11,3.283154e-01,1.044747e-09,1.296283e-09,4.288187e-13,2.210205e-11,1.365536e-01,1.155184e-09,8.129160e-10,3.985494e-13,6.924861e-08,3.096498e-01,2.661594e-13,1.038589e-09,7.841832e-08,4.134535e-01,2.289114e-13,7.555884e-10,6.541615e-08,3.044161e-01,2.803017e-13,1.091513e-09,-1.423874e-02,8.077934e-03,-3.399859e-05,4.360497e-15,2.051507e+02,1.273229e+09,1.739897e+02,1.299299e+09,1.971288e+02,1.310479e+09
203,monte carlo,2.175778e-11,3.643263e-01,8.029653e-10,4.731895e-10,4.580547e-13,3.833059e-11,1.163125e-01,7.849497e-10,9.845724e-10,5.280164e-13,3.843809e-11,1.321579e-01,7.657704e-10,8.655993e-10,2.328938e-13,2.273937e-11,3.248970e-01,9.748424e-10,1.222526e-09,3.900697e-13,7.280240e-08,4.017514e-01,1.297398e-13,8.555406e-10,8.016115e-08,4.798947e-01,3.007485e-13,6.703560e-10,6.680962e-08,3.275573e-01,2.704536e-13,1.563929e-09,-2.940376e-02,-2.988206e-02,3.608930e-03,3.664618e-15,1.662345e+02,1.942816e+09,1.532325e+02,1.183872e+09,1.871046e+02,1.265167e+09
204,monte carlo,2.201574e-11,3.432361e-01,9.015882e-10,8.032499e-10,4.144187e-13,3.761667e-11,3.197551e-01,7.792858e-10,7.764239e-10,1.919673e-13,3.924310e-11,1.015231e-01,1.079651e-09,5.442104e-10,2.151357e-13,2.111399e-11,1.845028e-01,6.336186e-10,9.549469e-10,4.984494e-13,7.237133e-08,3.907963e-01,1.239788e-13,1.099786e-09,7.654417e-08,4.358286e-01,2.346509e-13,1.160335e-09,6.573453e-08,4.218541e-01,1.749044e-13,5.475877e-10,-2.599596e-02,-2.637964e-02,1.741049e-03,6.327630e-16,1.698826e+02,2.061488e+09,1.611125e+02,1.327394e+09,1.429434e+02,1.981965e+09
205,monte carlo,2.287446e-11,1.569632e-01,6.839163e-10,9.315896e-10,5.044212e-13,3.841819e-11,1.490425e-01,1.028865e-09,1.203387e-09,3.446384e-13,3.723076e-11,3.380173e-01,7.207582e-10,3.448504e-10,4.873952e-13,2.236751e-11,1.374854e-01,8.473068e-10,1.080569e-09,4.007222e-13,6.516992e-08,3.262582e-01,1.388056e-13,1.383147e-09,8.285321e-08,3.605100e-01,1.856254e-13,1.646138e-09,6.136154e-08,4.184825e-01,3.271170e-13,6.215748e-10,1.417514e-02,-9.297633e-03,-5.450161e-03,3.278304e-15,1.832393e+02,1.863819e+09,2.108263e+02,1.673335e+09,1.345091e+02,1.204711e+09
206,monte carlo,2.272774e-11,2.387193e-01,6.147038e-10,1.022852e-09,2.319219e-13,3.917058e-11,1.650846e-01,6.678970e-10,8.496257e-10,4.307770e-13,3.901944e-11,1.096492e-01,7.556134e-10,6.333266e-10,3.224157e-13,2.226338e-11,1.175416e-01,7.519219e-10,7.960530e-10,5.035725e-13,6.858658e-08,3.383467e-01,2.038775e-13,1.735846e-09,7.685284e-08,4.233528e-01,2.008129e-13,8.402053e-10,6.426214e-08,3.210343e-01,1.521923e-13,1.641265e-09,-1.871497e-02,-1.228378e-02,3.770390e-03,4.069627e-15,1.859559e+02,1.632008e+09,1.665291e+02,1.462010e+09,1.836270e+02,2.011943e+09
207,monte carlo,2.131303e-11,1.332356e-01,9.794788e-10,4.806026e-10,1.998904e-13,3.830591e-11,2.140249e-01,1.162331e-09,1.134119e-09,2.577572e-13,3.780462e-11,3.401155e-01,9.441673e-10,3.667301e-10,2.563181e-13,2.120347e-11,3.582396e-01,1.109504e-09,3.857056e-10,4.530854e-13,7.446360e-08,4.041386e-01,2.114688e-13,1.080543e-09,7.549842e-08,3.237964e-01,1.897825e-13,8.684477e-10,6.886882e-08,3.264393e-01,2.290419e-13,1.635729e-09,2.020740e-02,2.678754e-02,-3.688537e-03,3.170234e-15,1.690233e+02,1.427660e+09,2.138940e+02,1.466562e+09,1.935321e+02,1.479112e+09
208,monte carlo,2.218849e-11,2.013451e-01,9.748687e-10,9.464035e-10,4.627645e-13,3.747102e-11,1.354688e-01,6.483543e-10,3.026362e-10,2.802910e-13,3.860978e-11,1.738279e-01,1.187010e-09,4.706442e-10,3.309985e-13,2.273643e-11,1.672282e-01,9.698056e-10,7.273868e-10,4.540015e-13,7.297654e-08,3.370449e-01,2.297886e-13,1.065104e-09,7.557641e-08,4.730750e-01,1.982873e-13,1.586415e-09,7.002247e-08,3.357848e-01,1.848023e-13,6.088897e-10,-2.191572e-02,1.323820e-03,-4.073608e-03,2.586983e-15,1.986224e+02,1.436404e+09,1.465511e+02,1.443712e+09,1.912974e+02,1.816685e+09
209,monte carlo,2.103425e-11,2.643829e-01,6.214201e-10,6.182415e-10,4.671488e-13,3.759369e-11,1.031501e-01,7.912478e-10,8.595716e-10,3.855498e-13,3.922615e-11,1.531553e-01,6.369472e-10,8.779100e-10,4.727078e-13,2.272762e-11,1.542369e-01,9.190522e-10,5.979137e-10,2.216765e-13,6.650731e-08,3.616747e-01,1.561291e-13,9.582772e-10,7.581673e-08,3.262436e-01,1.618360e-13,1.396485e-09,7.252484e-08,4.548995e-01,2.733292e-13,1.472616e-09,-1.647508e-02,-2.991076e-02,2.634327e-03,4.421379e-15,1.686879e+02,1.812601e+09,2.131846e+02,1.552574e+09,1.462528e+02,1.321717e+09
210,monte carlo,2.118734e-11,1.237940e-01,6.824720e-10,7.504988e-10,2.911026e-13,3.738489e-11,1.282554e-01,1.072388e-09,9.943750e-10,1.983475e-13,3.787740e-11,3.565138e-01,1.116794e-09,1.229032e-09,5.137530e-13,2.203806e-11,1.573457e-01,9.003382e-10,1.265356e-09,2.333696e-13,6.488683e-08,4.309394e-01,2.067248e-13,6.113655e-10,8.849625e-08,4.497898e-01,2.082574e-13,1.180089e-09,6.471499e-08,4.183760e-01,1.842393e-13,1.960094e-09,1.933688e-02,-2.740366e-02,4.502715e-03,2.474800e-15,1.381252e+02,1.584287e+09,1.804879e+02,1.491852e+09,1.418962e+02,1.723902e+09
211,monte carlo,2.275451e-11,2.649784e-01,8.758822e-10,3.724886e-10,3.666745e-13,3.988992e-11,1.157623e-01,8.405366e-10,8.643518e-10,4.980033e-13,3.765167e-11,2.188426e-01,6.707217e-10,8.556641e-10,2.029836e-13,2.297475e-11,2.901162e-01,1.140394e-09,1.205511e-09,2.513077e-13,6.499870e-08,2.796190e-01,3.138490e-13,1.814107e-09,7.629128e-08,3.139998e-01,3.013437e-13,1.892557e-09,6.955234e-08,3.565741e-01,1.669806e-13,8.140243e-10,4.131307e-05,-7.366866e-03,-1.573670e-03,1.547885e-15,2.132410e+02,1.247180e+09,2.228836e+02,1.169160e+09,1.789347e+02,1.968215e+09
212,monte carlo,2.223332e-11,3.160076e-01,6.627606e-10,1.268318e-09,2.286315e-13,3.764009e-11,3.507655e-01,1.065452e-09,6.473972e-10,4.641713e-13,3.908820e-11,1.789851e-01,7.383220e-10,1.120628e-09,2.777454e-13,2.210372e-11,3.020316e-01,1.181304e-09,8.406460e-10,4.595637e-13,6.134627e-08,3.822002e-01,1.438577e-13,1.160111e-09,8.893851e-08,3.888993e-01,1.362406e-13,1.061158e-09,6.395477e-08,3.940488e-01,3.258502e-13,9.615541e-10,-1.457178e-02,-2.348353e-02,-4.824370e-03,1.767348e-15,1.472414e+02,1.888579e+09,2.097903e+02,1.650997e+09,1.488866e+02,1.245251e+09
213,monte carlo,2.182310e-11,3.412297e-01,6.657680e-10,3.233947e-10,2.263154e-13,3.927402e-11,1.898713e-01,9.632046e-10,8.774239e-10,4.404045e-13,3.746793e-11,1.985984e-01,6.507153e-10,8.637597e-10,3.563592e-13,2.136356e-11,3.928581e-01,1.107020e-09,7.589761e-10,3.435326e-13,6.525060e-08,3.882923e-01,1.842162e-13,1.311367e-09,7.728310e-08,3.473797e-01,1.826958e-13,1.129604e-09,6.276141e-08,2.721620e-01,2.341952e-13,1.507092e-09,-2.963240e-02,1.605325e-02,-7.588300e-05,2.155773e-15,1.541553e+02,1.831230e+09,2.040858e+02,1.595478e+09,2.115426e+02,1.581197e+09
214,monte carlo,2.154388e-11,3.055068e-01,8.946874e-10,6.149412e-10,5.152078e-13,3.746481e-11,1.508535e-01,8.285438e-10,6.172145e-10,3.732803e-13,3.781920e-11,2.665678e-01,6.235120e-10,4.303047e-10,3.827236e-13,2.168207e-11,1.200099e-01,1.141101e-09,9.661064e-10,4.234453e-13,6.630735e-08,3.929875e-01,2.190009e-13,1.755778e-09,8.293610e-08,4.981228e-01,2.000068e-13,6.167688e-10,6.750031e-08,3.469189e-01,3.090529e-13,1.008098e-09,2.095614e-02,2.594039e-02,-5.032743e-03,2.938910e-15,1.547803e+02,1.609794e+09,1.527355e+02,1.476733e+09,1.784886e+02,1.268839e+09
215,monte carlo,2.112716e-11,2.151093e-01,9.268338e-10,1.267711e-09,3.253713e-13,3.925565e-11,1.899941e-01,8.166685e-10,1.188069e-09,2.960105e-13,4.037749e-11,3.373248e-01,6.035831e-10,1.075729e-09,1.978368e-13,2.228972e-11,2.756665e-01,8.221493e-10,1.227380e-09,2.517315e-13,6.988411e-08,3.471621e-01,1.638942e-13,9.279932e-10,8.294028e-08,4.497771e-01,2.682793e-13,6.720197e-10,6.195274e-08,3.702083e-01,2.090896e-13,1.723313e-09,-8.887573e-03,1.897240e-02,4.784727e-03,3.758651e-15,1.846626e+02,2.058824e+09,1.691612e+02,1.163872e+09,1.535137e+02,1.752559e+09
216,monte carlo,2.123826e-11,3.294874e-01,8.845836e-10,7.916288e-10,2.276853e-13,3.784788e-11,2.752043e-01,6.032025e-10,5.997708e-10,4.613480e-13,3.771514e-11,3.839073e-01,1.060891e-09,5.807964e-10,3.661765e-13,2.161389e-11,3.046800e-01,6.944329e-10,1.274684e-09,3.116520e-13,6.270233e-08,2.766140e-01,1.981989e-13,1.845135e-09,7.704443e-08,3.254455e-01,2.080861e-13,1.967178e-09,6.649789e-08,2.846171e-01,1.926530e-13,1.212392e-09,-1.430932e-02,-1.842750e-02,2.413277e-03,3.727750e-15,2.079420e+02,1.689437e+09,2.171680e+02,1.550017e+09,2.143284e+02,1.685224e+09
217,monte carlo,2.110649e-11,2.720091e-01,8.673540e-10,1.188244e-09,4.378988e-13,3.902772e-11,3.018575e-01,1.142081e-09,8.515884e-10,3.593072e-13,3.795338e-11,2.399053e-01,9.207570e-10,3.273915e-10,3.998591e-13,2.239490e-11,3.203863e-01,8.477534e-10,6.587816e-10,2.900017e-13,7.337590e-08,3.557875e-01,2.135933e-13,1.378356e-09,8.634465e-08,3.834665e-01,2.848228e-13,1.872084e-09,7.095830e-08,5.001236e-01,2.069452e-13,1.878460e-09,-2.235270e-02,2.054614e-03,-5.544519e-03,6.147892e-16,1.891888e+02,1.574050e+09,2.065574e+02,1.189403e+09,1.301543e+02,1.429364e+09
218,monte carlo,2.136466e-11,1.943085e-01,8.350885e-10,4.241603e-10,2.422706e-13,3.831670e-11,1.557381e-01,1.075511e-09,7.487137e-10,5.241540e-13,3.978761e-11,3.784145e-01,1.000281e-09,4.700584e-10,1.876497e-13,2.244418e-11,1.122002e-01,1.185380e-09,5.234933e-10,3.807752e-13,6.375989e-08,3.089142e-01,2.676378e-13,5.140423e-10,7.788711e-08,5.302042e-01,1.789451e-13,7.730248e-10,6.748978e-08,4.725570e-01,2.842525e-13,1.471537e-09,9.116126e-04,2.314678e-02,-5.485521e-03,4.391527e-15,1.893401e+02,1.433430e+09,1.347582e+02,1.710126e+09,1.310137e+02,1.230892e+09
219,monte carlo,2.205494e-11,2.097047e-01,8.849765e-10,4.463065e-10,5.062807e-13,3.928049e-11,1.376917e-01,1.067504e-09,1.040966e-09,3.198293e-13,3.755342e-11,3.755418e-01,1.170665e-09,3.886379e-10,2.932035e-13,2.306258e-11,1.951498e-01,1.005713e-09,1.240006e-09,5.025429e-13,7.065050e-08,3.604041e-01,1.383814e-13,1.248490e-09,7.953641e-08,5.067492e-01,2.545992e-13,1.517085e-09,6.682922e-08,3.296581e-01,2.252013e-13,6.437400e-10,-2.972686e-02,-5.474392e-03,-2.496971e-03,1.687831e-15,1.798284e+02,2.048060e+09,1.439812e+02,1.167434e+09,1.859668e+02,1.520384e+09
220,monte carlo,2.099898e-11,3.468404e-01,1.018240e-09,7.483426e-10,5.069865e-13,3.789372e-11,3.227026e-01,1.149725e-09,6.015015e-10,1.685057e-13,3.847268e-11,1.487902e-01,6.652066e-10,1.030499e-09,4.292665e-13,2.111674e-11,1.923335e-01,8.960185e-10,8.139615e-10,3.646853e-13,7.278473e-08,4.373273e-01,2.005175e-13,1.035719e-09,7.855938e-08,4.971359e-01,3.026469e-13,9.205707e-10,7.444922e-08,5.019529e-01,1.720674e-13,1.316481e-09,2.810441e-02,-2.740001e-02,-2.206251e-03,3.362346e-15,1.526745e+02,1.389364e+09,1.449625e+02,1.174601e+09,1.360598e+02,1.799308e+09
221,monte carlo,2.154767e-11,1.206067e-01,8.483733e-10,9.030027e-10,3.988144e-13,3.766498e-11,2.387391e-01,1.095693e-09,8.874536e-10,2.771553e-13,3.725189e-11,2.536120e-01,8.239319e-10,6.938943e-10,4.662004e-13,2.213407e-11,1.597405e-01,6.955322e-10,9.491389e-10,4.570109e-13,7.149928e-08,4.568102e-01,1.911833e-13,1.629870e-09,8.831561e-08,3.726517e-01,1.657383e-13,1.419397e-09,6.879048e-08,3.069780e-01,2.726882e-13,1.233981e-09,1.860075e-02,7.560203e-03,-3.929805e-03,2.089978e-15,1.435815e+02,1.459368e+09,2.174038e+02,1.492476e+09,2.055672e+02,1.324088e+09
222,monte carlo,2.274782e-11,2.868472e-01,1.077157e-09,6.695678e-10,5.116039e-13,4.031793e-11,1.425981e-01,8.839713e-10,6.431061e-10,3.336038e-13,3.765687e-11,2.703774e-01,6.444116e-10,5.421839e-10,4.530852e-13,2.150885e-11,1.083645e-01,1.052129e-09,6.051858e-10,3.115037e-13,6.621779e-08,4.196809e-01,2.554750e-13,1.114241e-09,8.720855e-08,4.143216e-01,2.239162e-13,6.165590e-10,6.580455e-08,3.465761e-01,1.549850e-13,9.502864e-10,-2.733511e-02,-2.538015e-02,4.069052e-04,1.042220e-15,1.447399e+02,1.312241e+09,1.930875e+02,1.248575e+09,1.741767e+02,1.698572e+09
223,monte carlo,2.164741e-11,3.520334e-01,6.393925e-10,9.909908e-10,3.192602e-13,3.857790e-11,3.988503e-01,1.013717e-09,9.102630e-10,3.977404e-13,4.000362e-11,2.535357e-01,6.209552e-10,9.367346e-10,5.072456e-13,2.095460e-11,1.429155e-01,9.104925e-10,9.584857e-10,4.062213e-13,6.862166e-08,4.259422e-01,1.885705e-13,9.943007e-10,8.318895e-08,3.459563e-01,3.055273e-13,1.421756e-09,7.198499e-08,4.774724e-01,2.538030e-13,1.599766e-09,-1.960338e-02,-1.461169e-02,1.552431e-03,4.178011e-15,1.477894e+02,1.750255e+09,2.205856e+02,1.099949e+09,1.383013e+02,1.374455e+09
224,monte carlo,2.161773e-11,3.449623e-01,7.356209e-10,8.650618e-10,2.348505e-13,3.837729e-11,3.553482e-01,1.109299e-09,6.162000e-10,5.239452e-13,3.891689e-11,1.945023e-01,1.052407e-09,8.300163e-10,3.486264e-13,2.191347e-11,2.475316e-01,6.985510e-10,4.715231e-10,2.701976e-13,7.382600e-08,3.411018e-01,2.504966e-13,1.120079e-09,7.456645e-08,4.971534e-01,2.666249e-13,1.592475e-09,6.758320e-08,3.624126e-01,3.111169e-13,1.997667e-09,2.824467e-02,6.836082e-03,-3.328176e-03,1.604909e-15,1.985446e+02,1.225552e+09,1.375897e+02,1.243442e+09,1.710678e+02,1.270962e+09
225,monte carlo,2.184999e-11,3.113874e-01,8.632297e-10,8.964777e-10,4.039883e-13,4.015281e-11,2.474937e-01,1.086600e-09,8.291990e-10,3.212643e-13,4.010827e-11,1.157914e-01,9.244781e-10,6.060247e-10,4.018851e-13,2.221566e-11,3.489876e-01,6.773527e-10,4.999125e-10,5.261105e-13,6.881872e-08,3.333241e-01,1.458564e-13,1.408488e-09,7.528948e-08,3.276289e-01,2.912560e-13,1.670484e-09,7.091350e-08,4.401803e-01,1.964840e-13,1.448778e-09,1.167046e-02,2.503023e-02,-4.064201e-03,4.442364e-15,1.893968e+02,2.044194e+09,2.108069e+02,1.225247e+09,1.477852e+02,1.707209e+09
226,monte carlo,2.144014e-11,1.065155e-01,9.542740e-10,6.545998e-10,3.176537e-13,3.924676e-11,2.327028e-01,7.136067e-10,6.389115e-10,4.208161e-13,3.847360e-11,1.438129e-01,1.050711e-09,6.552263e-10,1.809307e-13,2.222399e-11,1.150317e-01,7.010128e-10,9.020641e-10,2.543050e-13,6.943632e-08,3.161112e-01,1.663344e-13,1.326723e-09,8.757839e-08,3.782330e-01,1.285531e-13,1.954102e-09,6.752669e-08,2.947679e-01,1.549569e-13,1.785774e-09,-8.756702e-03,-1.765976e-02,-4.322612e-03,4.556533e-15,2.015021e+02,1.888109e+09,2.124077e+02,1.797765e+09,2.101493e+02,1.725969e+09
227,monte carlo,2.302039e-11,1.240020e-01,1.010930e-09,5.374450e-10,4.824167e-13,4.010678e-11,3.035087e-01,7.926826e-10,1.271413e-09,3.519898e-13,4.047163e-11,1.767174e-01,1.191999e-09,5.634934e-10,3.991279e-13,2.154505e-11,1.764568e-01,6.048925e-10,7.748537e-10,4.023893e-13,7.107164e-08,3.322273e-01,2.453498e-13,1.802714e-09,8.416405e-08,5.330777e-01,1.765691e-13,5.871625e-10,6.862448e-08,4.793542e-01,1.537984e-13,1.823612e-09,-4.780136e-03,1.575334e-02,3.471845e-03,1.168622e-15,1.962428e+02,1.279434e+09,1.448334e+02,1.386617e+09,1.313274e+02,1.786023e+09
228,monte carlo,2.224840e-11,3.756473e-01,7.367058e-10,8.635342e-10,3.146594e-13,3.943009e-11,1.467838e-01,1.137303e-09,6.184665e-10,4.868626e-13,3.813420e-11,3.101650e-01,6.017250e-10,7.985453e-10,1.730645e-13,2.164984e-11,2.676989e-01,9.664608e-10,6.161110e-10,1.814846e-13,7.479412e-08,4.777789e-01,1.238955e-13,1.971685e-09,8.747346e-08,4.197487e-01,2.124725e-13,5.739636e-10,6.660655e-08,4.404644e-01,3.128484e-13,1.965360e-09,-2.367158e-02,-1.808467e-02,5.869806e-03,4.412194e-15,1.436062e+02,1.913110e+09,1.911700e+02,1.476510e+09,1.387199e+02,1.212972e+09
229,monte carlo,2.168213e-11,1.474514e-01,8.942054e-10,3.303222e-10,4.603576e-13,4.022844e-11,1.605136e-01,1.167369e-09,1.166289e-09,4.522060e-13,4.067832e-11,3.327666e-01,1.163192e-09,1.183475e-09,3.448013e-13,2.201382e-11,2.898006e-01,7.361837e-10,1.296356e-09,5.201667e-13,6.707806e-08,3.003011e-01,1.200678e-13,1.665877e-09,8.748533e-08,3.909227e-01,1.803685e-13,1.735385e-09,7.095590e-08,3.119649e-01,1.709004e-13,1.421501e-09,2.878187e-02,1.727127e-02,-3.805330e-04,6.086512e-16,2.049067e+02,2.000817e+09,2.052944e+02,1.395674e+09,2.086486e+02,1.702395e+09
230,monte carlo,2.160502e-11,3.442058e-01,9.842317e-10,6.380057e-10,5.159167e-13,3.780312e-11,1.420043e-01,1.103691e-09,8.970957e-10,2.701130e-13,3.951289e-11,1.943112e-01,1.106750e-09,1.015703e-09,4.933077e-13,2.211120e-11,3.638695e-01,9.784786e-10,4.060875e-10,3.508058e-13,6.670931e-08,4.477170e-01,1.338240e-13,1.000908e-09,9.002643e-08,6.043349e-01,1.509369e-13,1.197859e-09,6.207563e-08,2.763473e-01,2.073191e-13,1.610427e-09,1.654299e-02,-1.362251e-02,-4.452919e-03,3.268750e-15,1.366833e+02,1.926800e+09,1.366548e+02,1.655151e+09,2.060623e+02,1.707348e+09
231,monte carlo,2.277987e-11,3.183668e-01,7.195689e-10,8.312821e-10,2.746454e-13,3.962212e-11,2.501637e-01,7.400594e-10,8.902450e-10,4.146190e-13,3.940035e-11,2.749258e-01,9.004052e-10,3.040974e-10,4.202746e-13,2.201365e-11,1.913233e-01,8.119141e-10,9.237802e-10,4.914908e-13,7.180656e-08,4.410293e-01,2.121537e-13,1.430940e-09,8.129647e-08,3.735451e-01,3.250835e-13,9.905425e-10,6.594966e-08,2.981859e-01,1.645794e-13,7.613428e-10,2.582198e-02,-6.786237e-03,3.825008e-03,4.604678e-15,1.493583e+02,1.559865e+09,1.996464e+02,1.122095e+09,2.028889e+02,1.809528e+09
232,monte carlo,2.221327e-11,3.688422e-01,1.053089e-09,1.284977e-09,4.846798e-13,3.817389e-11,2.858875e-01,9.607957e-10,1.284557e-09,4.877713e-13,3.911954e-11,3.531603e-01,1.044458e-09,8.886702e-10,3.184575e-13,2.140742e-11,1.347990e-01,9.362292e-10,6.387931e-10,4.297722e-13,7.410838e-08,4.946321e-01,2.288593e-13,1.944137e-09,8.014440e-08,3.365470e-01,1.674272e-13,1.817439e-09,7.087312e-08,3.558540e-01,2.051942e-13,1.539602e-09,-1.138578e-02,1.733982e-02,-9.893582e-04,1.032864e-15,1.374415e+02,1.451826e+09,2.184541e+02,1.807526e+09,1.827017e+02,1.419775e+09
233,monte carlo,2.285501e-11,3.808825e-01,9.932715e-10,6.642207e-10,5.183171e-13,3.940397e-11,2.669806e-01,1.077761e-09,4.918187e-10,2.316070e-13,3.711722e-11,3.873365e-01,8.427422e-10,7.656427e-10,2.985864e-13,2.286876e-11,3.724113e-01,1.155628e-09,4.353846e-10,2.663830e-13,6.430494e-08,3.301615e-01,2.708594e-13,1.954427e-09,8.023936e-08,3.588953e-01,1.515776e-13,1.120272e-09,7.111161e-08,3.664576e-01,1.203895e-13,7.960296e-10,-6.051056e-03,-1.768127e-02,3.972166e-04,9.430913e-16,1.786696e+02,1.362232e+09,2.050937e+02,1.779773e+09,1.780121e+02,2.065829e+09
234,monte carlo,2.239572e-11,2.674469e-01,6.260013e-10,3.911510e-10,2.550300e-13,3.726920e-11,3.652488e-01,6.768708e-10,7.763880e-10,2.933886e-13,3.875376e-11,3.384055e-01,7.902976e-10,7.192969e-10,2.632786e-13,2.274721e-11,3.627945e-01,6.295940e-10,7.858526e-10,2.063327e-13,7.433652e-08,3.154473e-01,2.734348e-13,1.089795e-09,8.390342e-08,4.681677e-01,2.393933e-13,5.403765e-10,7.091234e-08,4.338723e-01,1.760101e-13,6.588560e-10,2.659586e-02,-3.892286e-03,1.032786e-04,3.368575e-15,2.161763e+02,1.321379e+09,1.644034e+02,1.222528e+09,1.499314e+02,1.672611e+09
235,monte carlo,2.178036e-11,2.972574e-01,8.055692e-10,5.922335e-10,2.473413e-13,4.009875e-11,3.888319e-01,1.187046e-09,4.247274e-10,4.251437e-13,3.887007e-11,1.554740e-01,9.976182e-10,9.931273e-10,3.491420e-13,2.097998e-11,2.734790e-01,7.497216e-10,3.549048e-10,4.904729e-13,6.394291e-08,3.790931e-01,1.624258e-13,1.796696e-09,7.739122e-08,3.742591e-01,3.093029e-13,8.472087e-10,7.173319e-08,3.895654e-01,1.720790e-13,9.993619e-10,-2.292689e-02,-1.042776e-02,5.007154e-03,4.798441e-15,1.547317e+02,1.703708e+09,1.896933e+02,1.169155e+09,1.689167e+02,1.654216e+09
236,monte carlo,2.156718e-11,3.661182e-01,7.195786e-10,1.008118e-09,4.688862e-13,4.045384e-11,3.318664e-01,8.007897e-10,7.429791e-10,3.462308e-13,3.821521e-11,1.588145e-01,7.090189e-10,6.759747e-10,4.282693e-13,2.230086e-11,1.455693e-01,1.061535e-09,4.574580e-10,3.347447e-13,6.192322e-08,2.980585e-01,2.880944e-13,1.289910e-09,7.474975e-08,4.906708e-01,2.544438e-13,1.537514e-09,6.615001e-08,4.561897e-01,1.495323e-13,1.206667e-09,-6.259321e-03,-1.786026e-02,2.954931e-04,4.782692e-15,1.905833e+02,1.294848e+09,1.397502e+02,1.316685e+09,1.330200e+02,2.063007e+09
237,monte carlo,2.308197e-11,2.580243e-01,1.121495e-09,1.103298e-09,1.975083e-13,3.765556e-11,1.399429e-01,9.980376e-10,5.887460e-10,3.613724e-13,3.867814e-11,3.009195e-01,7.534705e-10,9.779554e-10,2.664638e-13,2.171924e-11,1.500013e-01,7.691919e-10,9.332217e-10,3.009771e-13,6.709176e-08,3.052037e-01,1.545442e-13,1.786208e-09,8.215195e-08,4.679844e-01,3.103295e-13,9.394949e-10,6.332402e-08,3.607345e-01,1.682347e-13,8.764633e-10,8.112042e-03,4.454159e-03,4.780236e-03,1.698672e-15,2.016565e+02,1.931706e+09,1.610346e+02,1.121676e+09,1.610325e+02,1.741950e+09
238,monte carlo,2.111288e-11,3.036752e-01,6.665927e-10,8.417835e-10,3.065275e-13,3.789674e-11,2.866590e-01,7.425931e-10,8.054547e-10,2.529482e-13,3.769787e-11,2.588190e-01,8.460423e-10,1.008715e-09,4.319151e-13,2.273485e-11,3.286470e-01,8.388277e-10,2.795944e-10,4.051749e-13,6.427064e-08,3.716084e-01,1.703505e-13,1.139955e-09,8.934202e-08,6.096441e-01,1.471588e-13,1.878528e-09,6.544464e-08,3.963023e-01,1.677272e-13,8.240382e-10,-2.489459e-02,-1.459912e-02,2.679467e-03,3.406228e-15,1.586572e+02,1.848926e+09,1.344349e+02,1.591572e+09,1.514887e+02,1.772724e+09
239,monte carlo,2.236395e-11,2.321941e-01,6.532217e-10,9.369268e-10,3.884153e-13,3.942854e-11,3.021964e-01,1.188940e-09,4.457232e-10,5.285407e-13,3.736633e-11,2.878108e-01,8.351207e-10,4.099435e-10,4.976213e-13,2.249950e-11,2.711170e-01,1.124523e-09,1.143813e-09,3.836802e-13,7.382044e-08,4.985702e-01,2.532920e-13,7.724403e-10,8.415246e-08,4.196648e-01,1.713566e-13,7.136999e-10,6.576151e-08,4.085044e-01,1.771409e-13,5.889676e-10,-9.300554e-03,-1.946318e-03,-4.069965e-03,9.430821e-16,1.358260e+02,1.294645e+09,1.839488e+02,1.800012e+09,1.476753e+02,1.841489e+09
240,monte carlo,2.180220e-11,2.336301e-01,6.121278e-10,6.720056e-10,2.255060e-13,3.945166e-11,1.410703e-01,7.258357e-10,6.531198e-10,2.876840e-13,3.763681e-11,3.744817e-01,6.023012e-10,9.813812e-10,3.681630e-13,2.154828e-11,3.431291e-01,1.169089e-09,1.199071e-09,4.907618e-13,7.348246e-08,3.778289e-01,1.851350e-13,6.300758e-10,8.496832e-08,3.790527e-01,2.439103e-13,9.397622e-10,7.306760e-08,3.472228e-01,1.703683e-13,6.338637e-10,5.628645e-03,-1.992267e-02,1.465778e-03,4.585906e-15,1.784109e+02,1.530468e+09,2.056317e+02,1.191338e+09,1.930409e+02,1.628097e+09
241,monte carlo,2.296729e-11,3.435798e-01,1.007002e-09,6.288312e-10,2.718270e-13,3.735407e-11,2.805579e-01,1.068120e-09,6.563318e-10,3.676026e-13,3.887787e-11,1.993316e-01,7.258486e-10,4.551475e-10,4.910771e-13,2.239254e-11,1.945633e-01,1.125144e-09,9.702831e-10,4.759035e-13,7.192326e-08,3.379035e-01,2.270290e-13,6.947934e-10,7.541611e-08,3.460983e-01,2.443628e-13,1.430436e-09,6.607711e-08,3.978577e-01,2.110172e-13,5.386590e-10,-5.169482e-03,1.534115e-02,-5.124596e-03,4.207922e-15,1.952582e+02,1.350807e+09,1.998929e+02,1.376337e+09,1.523548e+02,1.688618e+09
242,monte carlo,2.221886e-11,1.550885e-01,1.015069e-09,1.121879e-09,4.531902e-13,3.765090e-11,2.168545e-01,1.181512e-09,7.506389e-10,2.420210e-13,3.988805e-11,2.000609e-01,7.474718e-10,6.470701e-10,2.358495e-13,2.173641e-11,2.419037e-01,7.259732e-10,2.863293e-10,2.227320e-13,6.455935e-08,4.167154e-01,2.939967e-13,1.089528e-09,8.220089e-08,4.959972e-01,2.050963e-13,6.016464e-10,7.340411e-08,5.070225e-01,2.159765e-13,1.829017e-09,8.438249e-03,2.156162e-02,4.138504e-03,3.505888e-15,1.421191e+02,1.297611e+09,1.520302e+02,1.333461e+09,1.328085e+02,1.503036e+09
243,monte carlo,2.255001e-11,3.332685e-01,1.012544e-09,5.933899e-10,4.563398e-13,3.816144e-11,3.401119e-01,1.003049e-09,4.548509e-10,3.972890e-13,4.065183e-11,2.394921e-01,7.624893e-10,5.034863e-10,4.043642e-13,2.307273e-11,2.907695e-01,7.948836e-10,1.060211e-09,4.646304e-13,6.475944e-08,2.740141e-01,2.848899e-13,1.602959e-09,7.717308e-08,5.200308e-01,1.981113e-13,7.730260e-10,6.857560e-08,3.466986e-01,1.745961e-13,1.480884e-09,9.325273e-03,-9.351616e-03,1.346429e-03,4.943663e-15,2.168018e+02,1.311818e+09,1.361349e+02,1.469835e+09,1.814472e+02,1.744640e+09
244,monte carlo,2.229824e-11,2.257837e-01,1.030924e-09,9.546151e-10,3.901959e-13,3.911515e-11,3.150351e-01,7.817224e-10,4.341821e-10,3.783622e-13,3.807577e-11,1.484359e-01,9.949730e-10,8.713302e-10,3.285603e-13,2.259234e-11,3.807330e-01,1.094370e-09,7.401487e-10,3.271004e-13,6.689590e-08,3.257051e-01,2.059983e-13,8.179807e-10,8.000403e-08,4.084070e-01,3.163194e-13,1.468635e-09,7.022836e-08,4.154959e-01,1.639747e-13,7.792402e-10,-5.490729e-04,-2.635920e-02,-3.573809e-03,1.004329e-15,1.884116e+02,1.496107e+09,1.797014e+02,1.151764e+09,1.550524e+02,1.938989e+09
245,monte carlo,2.190607e-11,3.359389e-01,9.035814e-10,3.597728e-10,3.086906e-13,3.739581e-11,1.798655e-01,1.191588e-09,6.051350e-10,2.616014e-13,3.743850e-11,3.077996e-01,7.243644e-10,8.666144e-10,3.974641e-13,2.133145e-11,3.324785e-01,7.141861e-10,1.129017e-09,4.862832e-13,6.187819e-08,3.772838e-01,1.916482e-13,5.169697e-10,8.007370e-08,4.943013e-01,2.209969e-13,9.489402e-10,7.201653e-08,3.233239e-01,2.897559e-13,1.291736e-09,-1.131838e-02,2.958749e-03,2.412782e-03,4.634834e-15,1.504535e+02,1.572792e+09,1.486041e+02,1.354377e+09,2.043276e+02,1.200526e+09
246,monte carlo,2.122077e-11,3.543453e-01,1.013078e-09,7.312743e-10,2.278990e-13,3.971997e-11,3.175722e-01,7.044395e-10,8.118393e-10,3.185901e-13,4.092064e-11,2.426746e-01,9.629697e-10,1.205849e-09,3.917546e-13,2.237214e-11,2.185247e-01,6.062365e-10,5.319489e-10,4.017363e-13,6.725447e-08,3.663054e-01,1.426041e-13,8.626500e-10,8.620054e-08,3.780090e-01,1.427658e-13,1.863139e-09,7.229648e-08,3.291474e-01,2.585935e-13,1.282287e-09,-1.466364e-02,1.742672e-02,-5.777607e-03,5.975249e-16,1.684265e+02,1.974969e+09,2.091898e+02,1.662801e+09,2.014928e+02,1.399289e+09
247,monte carlo,2.171470e-11,2.473070e-01,1.100737e-09,3.719824e-10,2.833699e-13,3.908303e-11,2.616522e-01,6.083492e-10,1.274237e-09,2.952181e-13,3.929955e-11,3.525092e-01,1.191484e-09,4.203944e-10,4.801769e-13,2.244958e-11,3.624720e-01,1.136212e-09,3.454901e-10,2.110924e-13,6.674826e-08,4.449196e-01,1.746505e-13,7.557991e-10,8.042650e-08,3.341968e-01,3.081163e-13,1.737959e-09,7.339782e-08,3.899133e-01,2.277307e-13,1.653252e-09,-1.424859e-02,-2.063381e-02,-2.280667e-03,6.608486e-16,1.376230e+02,1.595343e+09,2.207647e+02,1.166524e+09,1.726823e+02,1.369874e+09
248,monte carlo,2.128907e-11,1.596394e-01,7.798723e-10,1.015874e-09,1.778712e-13,3.736867e-11,1.017119e-01,7.865551e-10,4.645595e-10,4.941731e-13,4.034863e-11,1.583819e-01,1.181001e-09,1.172922e-09,3.897280e-13,2.128795e-11,3.254962e-01,1.120154e-09,6.877397e-10,4.377890e-13,6.775652e-08,3.024560e-01,2.143594e-13,1.796093e-09,8.703232e-08,5.614623e-01,2.010220e-13,1.326707e-09,7.122121e-08,3.310665e-01,1.375379e-13,1.053269e-09,-1.643972e-02,2.646337e-02,2.940812e-03,4.072884e-15,2.055046e+02,1.462951e+09,1.421977e+02,1.294985e+09,1.973453e+02,1.797096e+09
249,monte carlo,2.269204e-11,3.818468e-01,1.057359e-09,7.187044e-10,2.697373e-13,3.854207e-11,1.446204e-01,1.198758e-09,5.571161e-10,5.142542e-13,3.821097e-11,2.952512e-01,1.010458e-09,1.154718e-09,3.412621e-13,2.180360e-11,2.206018e-01,7.073116e-10,8.422081e-10,4.363871e-13,6.189832e-08,3.971774e-01,1.569241e-13,1.894558e-09,8.135364e-08,3.968111e-01,1.621187e-13,1.503516e-09,7.238642e-08,4.470026e-01,1.250688e-13,1.840791e-09,2.098561e-02,-5.793905e-03,-2.427282e-03,1.124251e-15,1.429641e+02,1.799526e+09,1.880727e+02,1.823618e+09,1.485524e+02,2.046285e+09
250,monte carlo,2.090497e-11,3.129319e-01,9.524893e-10,6.547364e-10,2.568365e-13,4.016609e-11,3.131793e-01,6.234296e-10,8.964528e-10,3.804955e-13,3.896642e-11,2.751240e-01,7.388844e-10,1.001232e-09,4.058107e-13,2.112680e-11,3.593902e-01,8.758997e-10,1.272156e-09,1.878621e-13,7.407968e-08,4.638165e-01,1.181999e-13,7.487315e-10,8.951902e-08,4.248930e-01,1.934035e-13,8.694655e-10,6.344958e-08,3.510743e-01,1.559932e-13,1.560438e-09,9.146758e-03,-9.528120e-03,4.373192e-03,3.823472e-15,1.465162e+02,1.929213e+09,1.932718e+02,1.565571e+09,1.657916e+02,1.773920e+09
251,monte carlo,2.276137e-11,2.889410e-01,1.123007e-09,3.661180e-10,2.065761e-13,4.085549e-11,2.831972e-01,7.556766e-10,9.954378e-10,4.359685e-13,3.721004e-11,2.682829e-01,1.195678e-09,3.540156e-10,3.252993e-13,2.100518e-11,2.925925e-01,9.177633e-10,3.789492e-10,3.992908e-13,7.334770e-08,4.275704e-01,1.452779e-13,1.982088e-09,7.793180e-08,5.201452e-01,2.949873e-13,6.438657e-10,6.448153e-08,3.944231e-01,2.731422e-13,1.246829e-09,2.862748e-02,8.288674e-03,6.820028e-04,7.505731e-16,1.573663e+02,1.805444e+09,1.374431e+02,1.095842e+09,1.499704e+02,1.384440e+09
252,monte carlo,2.252317e-11,3.062939e-01,1.010613e-09,1.002565e-09,4.621176e-13,3.940271e-11,1.023600e-01,9.871936e-10,1.150122e-09,1.759645e-13,3.883300e-11,1.199854e-01,7.203763e-10,2.839283e-10,5.139224e-13,2.280148e-11,3.770357e-01,1.059857e-09,3.448114e-10,2.698395e-13,7.278312e-08,3.802837e-01,1.709140e-13,1.721976e-09,8.377483e-08,3.563523e-01,2.569000e-13,1.924574e-09,7.442500e-08,3.619507e-01,3.032719e-13,1.746544e-09,4.052522e-03,2.084600e-02,5.110416e-03,4.158021e-15,1.755721e+02,1.559642e+09,2.156586e+02,1.295052e+09,1.886263e+02,1.213202e+09
253,worst case il,2.090000e-11,4.000000e-01,6.000000e-10,2.693699e-10,1.682769e-13,4.095000e-11,4.000000e-01,1.200000e-09,1.299287e-09,5.296728e-13,4.095000e-11,4.000000e-01,1.200000e-09,1.299287e-09,5.296728e-13,2.090000e-11,4.000000e-01,6.000000e-10,2.693699e-10,1.682769e-13,7.480000e-08,5.274499e-01,3.176683e-13,2.000000e-09,9.020000e-08,6.179342e-01,3.291091e-13,2.000000e-09,7.480000e-08,5.274499e-01,3.176683e-13,2.000000e-09,-3.000000e-02,-3.000000e-02,6.000000e-03,5.000000e-15,1.300928e+02,1.193669e+09,1.339051e+02,1.061749e+09,1.300928e+02,1.193669e+09
254,worst case att2,2.090000e-11,1.000000e-01,6.000000e-10,2.693699e-10,1.682769e-13,3.705000e-11,1.000000e-01,6.000000e-10,2.693699e-10,1.682769e-13,3.705000e-11,1.000000e-01,6.000000e-10,2.693699e-10,1.682769e-13,2.090000e-11,1.000000e-01,6.000000e-10,2.693699e-10,1.682769e-13,6.120000e-08,2.589299e-01,1.168278e-13,5.000000e-10,7.380000e-08,3.033495e-01,1.214889e-13,5.000000e-10,6.120000e-08,2.589299e-01,1.168278e-13,5.000000e-10,3.000000e-02,3.000000e-02,-6.000000e-03,5.000000e-16,2.168213e+02,2.067495e+09,2.231751e+02,1.839004e+09,2.168213e+02,2.067495e+09
255,worst case att3,2.090000e-11,1.000000e-01,6.000000e-10,2.693699e-10,1.682769e-13,3.705000e-11,1.000000e-01,6.000000e-10,2.693699e-10,1.682769e-13,3.705000e-11,1.000000e-01,6.000000e-10,2.693699e-10,1.682769e-13,2.090000e-11,1.000000e-01,6.000000e-10,2.693699e-10,1.682769e-13,6.120000e-08,2.589299e-01,1.168278e-13,5.000000e-10,7.380000e-08,3.033495e-01,1.214889e-13,5.000000e-10,6.120000e-08,2.589299e-01,1.168278e-13,5.000000e-10,3.000000e-02,3.000000e-02,-6.000000e-03,5.000000e-16,2.168213e+02,2.067495e+09,2.231751e+02,1.839004e+09,2.168213e+02,2.067495e+09
256,worst case atthi,2.310000e-11,1.000000e-01,1.200000e-09,1.299287e-09,5.296728e-13,4.095000e-11,1.000000e-01,1.200000e-09,1.299287e-09,5.296728e-13,4.095000e-11,1.000000e-01,1.200000e-09,1.299287e-09,5.296728e-13,2.310000e-11,1.000000e-01,1.200000e-09,1.299287e-09,5.296728e-13,6.120000e-08,2.589299e-01,3.704834e-13,2.000000e-09,7.380000e-08,3.033495e-01,3.844667e-13,2.000000e-09,6.120000e-08,2.589299e-01,3.704834e-13,2.000000e-09,-3.000000e-02,-3.000000e-02,6.000000e-03,5.000000e-15,2.168213e+02,1.193669e+09,2.231751e+02,1.061749e+09,2.168213e+02,1.193669e+09
257,worst case eff2,2.090000e-11,1.000000e-01,6.000000e-10,2.693699e-10,1.682769e-13,3.705000e-11,4.000000e-01,6.000000e-10,2.693699e-10,1.682769e-13,3.705000e-11,4.000000e-01,6.000000e-10,2.693699e-10,1.682769e-13,2.090000e-11,1.000000e-01,6.000000e-10,2.693699e-10,1.682769e-13,6.120000e-08,4.315499e-01,1.168278e-13,5.000000e-10,7.380000e-08,5.055825e-01,1.214889e-13,5.000000e-10,6.120000e-08,4.315499e-01,1.168278e-13,5.000000e-10,3.000000e-02,3.000000e-02,-6.000000e-03,5.000000e-16,1.300928e+02,2.067495e+09,1.339051e+02,1.839004e+09,1.300928e+02,2.067495e+09
258,worst case eff3,2.090000e-11,1.000000e-01,6.000000e-10,2.693699e-10,1.682769e-13,4.095000e-11,4.000000e-01,1.200000e-09,1.299287e-09,5.296728e-13,3.705000e-11,4.000000e-01,6.000000e-10,2.693699e-10,1.682769e-13,2.090000e-11,1.000000e-01,6.000000e-10,2.693699e-10,1.682769e-13,6.120000e-08,4.315499e-01,1.168278e-13,5.000000e-10,9.020000e-08,6.179342e-01,3.291091e-13,2.000000e-09,6.120000e-08,4.315499e-01,1.168278e-13,5.000000e-10,-3.000000e-02,3.000000e-02,6.000000e-03,5.000000e-15,1.300928e+02,2.067495e+09,1.339051e+02,1.061749e+09,1.300928e+02,2.067495e+09
259,worst case effhi,2.310000e-11,1.000000e-01,1.200000e-09,1.299287e-09,5.296728e-13,4.095000e-11,4.000000e-01,1.200000e-09,1.299287e-09,5.296728e-13,4.095000e-11,4.000000e-01,1.200000e-09,1.299287e-09,5.296728e-13,2.310000e-11,1.000000e-01,1.200000e-09,1.299287e-09,5.296728e-13,7.480000e-08,5.274499e-01,3.176683e-13,2.000000e-09,9.020000e-08,6.179342e-01,3.291091e-13,2.000000e-09,7.480000e-08,5.274499e-01,3.176683e-13,2.000000e-09,-3.000000e-02,-3.000000e-02,6.000000e-03,5.000000e-15,1.300928e+02,1.193669e+09,1.339051e+02,1.061749e+09,1.300928e+02,1.193669e+09
