LTspice 26.0.2 for MacOS
Circuit: /private/var/folders/7r/frnl9vtn153bhbn6cgk07_2m0000gn/T/cwht-lts.fx61u4/drive_a5_bpf.cir
Start Time: Tue Sep 29 15:16:11 2026
Options:plotwinsize=0

.step idx=0
solver = Normal
Maximum thread count: 14
tnom = 27
temp = 27
method = trap
Cs1: Increased Cpar to 7.5e-18
Cr1: Increased Cpar to 1.6e-17
Cc: Increased Cpar to 2.4e-18
Cr2: Increased Cpar to 1.6e-17
Cs2: Increased Cpar to 7.5e-18
Direct Newton iteration succeeded in finding operating point.

.step idx=1
Direct Newton iteration succeeded in finding operating point.

.step idx=2
Direct Newton iteration succeeded in finding operating point.

.step idx=3
Direct Newton iteration succeeded in finding operating point.

.step idx=4
Direct Newton iteration succeeded in finding operating point.

.step idx=5
Direct Newton iteration succeeded in finding operating point.

.step idx=6
Direct Newton iteration succeeded in finding operating point.

.step idx=7
Direct Newton iteration succeeded in finding operating point.

.step idx=8
Direct Newton iteration succeeded in finding operating point.

.step idx=9
Direct Newton iteration succeeded in finding operating point.

.step idx=10
Direct Newton iteration succeeded in finding operating point.

.step idx=11
Direct Newton iteration succeeded in finding operating point.

.step idx=12
Direct Newton iteration succeeded in finding operating point.

.step idx=13
Direct Newton iteration succeeded in finding operating point.

.step idx=14
Direct Newton iteration succeeded in finding operating point.

.step idx=15
Direct Newton iteration succeeded in finding operating point.

.step idx=16
Direct Newton iteration succeeded in finding operating point.

.step idx=17
Direct Newton iteration succeeded in finding operating point.

.step idx=18
Direct Newton iteration succeeded in finding operating point.

.step idx=19
Direct Newton iteration succeeded in finding operating point.

.step idx=20
Direct Newton iteration succeeded in finding operating point.

.step idx=21
Direct Newton iteration succeeded in finding operating point.

.step idx=22
Direct Newton iteration succeeded in finding operating point.

.step idx=23
Direct Newton iteration succeeded in finding operating point.

.step idx=24
Direct Newton iteration succeeded in finding operating point.

.step idx=25
Direct Newton iteration succeeded in finding operating point.

.step idx=26
Direct Newton iteration succeeded in finding operating point.

.step idx=27
Direct Newton iteration succeeded in finding operating point.

.step idx=28
Direct Newton iteration succeeded in finding operating point.

.step idx=29
Direct Newton iteration succeeded in finding operating point.

.step idx=30
Direct Newton iteration succeeded in finding operating point.

.step idx=31
Direct Newton iteration succeeded in finding operating point.

.step idx=32
Direct Newton iteration succeeded in finding operating point.

.step idx=33
Direct Newton iteration succeeded in finding operating point.

.step idx=34
Direct Newton iteration succeeded in finding operating point.

.step idx=35
Direct Newton iteration succeeded in finding operating point.

.step idx=36
Direct Newton iteration succeeded in finding operating point.

.step idx=37
Direct Newton iteration succeeded in finding operating point.

.step idx=38
Direct Newton iteration succeeded in finding operating point.

.step idx=39
Direct Newton iteration succeeded in finding operating point.

.step idx=40
Direct Newton iteration succeeded in finding operating point.

.step idx=41
Direct Newton iteration succeeded in finding operating point.

.step idx=42
Direct Newton iteration succeeded in finding operating point.

.step idx=43
Direct Newton iteration succeeded in finding operating point.

.step idx=44
Direct Newton iteration succeeded in finding operating point.

.step idx=45
Direct Newton iteration succeeded in finding operating point.

.step idx=46
Direct Newton iteration succeeded in finding operating point.

.step idx=47
Direct Newton iteration succeeded in finding operating point.

.step idx=48
Direct Newton iteration succeeded in finding operating point.

.step idx=49
Direct Newton iteration succeeded in finding operating point.

.step idx=50
Direct Newton iteration succeeded in finding operating point.

.step idx=51
Direct Newton iteration succeeded in finding operating point.

.step idx=52
Direct Newton iteration succeeded in finding operating point.

.step idx=53
Direct Newton iteration succeeded in finding operating point.

.step idx=54
Direct Newton iteration succeeded in finding operating point.

.step idx=55
Direct Newton iteration succeeded in finding operating point.

.step idx=56
Direct Newton iteration succeeded in finding operating point.

.step idx=57
Direct Newton iteration succeeded in finding operating point.

.step idx=58
Direct Newton iteration succeeded in finding operating point.

.step idx=59
Direct Newton iteration succeeded in finding operating point.

.step idx=60
Direct Newton iteration succeeded in finding operating point.

.step idx=61
Direct Newton iteration succeeded in finding operating point.

.step idx=62
Direct Newton iteration succeeded in finding operating point.

.step idx=63
Direct Newton iteration succeeded in finding operating point.

.step idx=64
Direct Newton iteration succeeded in finding operating point.

.step idx=65
Direct Newton iteration succeeded in finding operating point.

.step idx=66
Direct Newton iteration succeeded in finding operating point.

.step idx=67
Direct Newton iteration succeeded in finding operating point.

.step idx=68
Direct Newton iteration succeeded in finding operating point.

.step idx=69
Direct Newton iteration succeeded in finding operating point.

.step idx=70
Direct Newton iteration succeeded in finding operating point.

.step idx=71
Direct Newton iteration succeeded in finding operating point.

.step idx=72
Direct Newton iteration succeeded in finding operating point.

.step idx=73
Direct Newton iteration succeeded in finding operating point.

.step idx=74
Direct Newton iteration succeeded in finding operating point.

.step idx=75
Direct Newton iteration succeeded in finding operating point.

.step idx=76
Direct Newton iteration succeeded in finding operating point.

.step idx=77
Direct Newton iteration succeeded in finding operating point.

.step idx=78
Direct Newton iteration succeeded in finding operating point.

.step idx=79
Direct Newton iteration succeeded in finding operating point.

.step idx=80
Direct Newton iteration succeeded in finding operating point.

.step idx=81
Direct Newton iteration succeeded in finding operating point.

.step idx=82
Direct Newton iteration succeeded in finding operating point.

.step idx=83
Direct Newton iteration succeeded in finding operating point.

.step idx=84
Direct Newton iteration succeeded in finding operating point.

.step idx=85
Direct Newton iteration succeeded in finding operating point.

.step idx=86
Direct Newton iteration succeeded in finding operating point.

.step idx=87
Direct Newton iteration succeeded in finding operating point.

.step idx=88
Direct Newton iteration succeeded in finding operating point.

.step idx=89
Direct Newton iteration succeeded in finding operating point.

.step idx=90
Direct Newton iteration succeeded in finding operating point.

.step idx=91
Direct Newton iteration succeeded in finding operating point.

.step idx=92
Direct Newton iteration succeeded in finding operating point.

.step idx=93
Direct Newton iteration succeeded in finding operating point.

.step idx=94
Direct Newton iteration succeeded in finding operating point.

.step idx=95
Direct Newton iteration succeeded in finding operating point.

.step idx=96
Direct Newton iteration succeeded in finding operating point.

.step idx=97
Direct Newton iteration succeeded in finding operating point.

.step idx=98
Direct Newton iteration succeeded in finding operating point.

.step idx=99
Direct Newton iteration succeeded in finding operating point.

.step idx=100
Direct Newton iteration succeeded in finding operating point.

.step idx=101
Direct Newton iteration succeeded in finding operating point.

.step idx=102
Direct Newton iteration succeeded in finding operating point.

.step idx=103
Direct Newton iteration succeeded in finding operating point.

.step idx=104
Direct Newton iteration succeeded in finding operating point.

.step idx=105
Direct Newton iteration succeeded in finding operating point.

.step idx=106
Direct Newton iteration succeeded in finding operating point.

.step idx=107
Direct Newton iteration succeeded in finding operating point.

.step idx=108
Direct Newton iteration succeeded in finding operating point.

.step idx=109
Direct Newton iteration succeeded in finding operating point.

.step idx=110
Direct Newton iteration succeeded in finding operating point.

.step idx=111
Direct Newton iteration succeeded in finding operating point.

.step idx=112
Direct Newton iteration succeeded in finding operating point.

.step idx=113
Direct Newton iteration succeeded in finding operating point.

.step idx=114
Direct Newton iteration succeeded in finding operating point.

.step idx=115
Direct Newton iteration succeeded in finding operating point.

.step idx=116
Direct Newton iteration succeeded in finding operating point.

.step idx=117
Direct Newton iteration succeeded in finding operating point.

.step idx=118
Direct Newton iteration succeeded in finding operating point.

.step idx=119
Direct Newton iteration succeeded in finding operating point.

.step idx=120
Direct Newton iteration succeeded in finding operating point.

.step idx=121
Direct Newton iteration succeeded in finding operating point.

.step idx=122
Direct Newton iteration succeeded in finding operating point.

.step idx=123
Direct Newton iteration succeeded in finding operating point.

.step idx=124
Direct Newton iteration succeeded in finding operating point.

.step idx=125
Direct Newton iteration succeeded in finding operating point.

.step idx=126
Direct Newton iteration succeeded in finding operating point.

.step idx=127
Direct Newton iteration succeeded in finding operating point.

.step idx=128
Direct Newton iteration succeeded in finding operating point.

.step idx=129
Direct Newton iteration succeeded in finding operating point.

.step idx=130
Direct Newton iteration succeeded in finding operating point.

.step idx=131
Direct Newton iteration succeeded in finding operating point.

.step idx=132
Direct Newton iteration succeeded in finding operating point.

.step idx=133
Direct Newton iteration succeeded in finding operating point.

.step idx=134
Direct Newton iteration succeeded in finding operating point.

.step idx=135
Direct Newton iteration succeeded in finding operating point.

.step idx=136
Direct Newton iteration succeeded in finding operating point.

.step idx=137
Direct Newton iteration succeeded in finding operating point.

.step idx=138
Direct Newton iteration succeeded in finding operating point.

.step idx=139
Direct Newton iteration succeeded in finding operating point.

.step idx=140
Direct Newton iteration succeeded in finding operating point.

.step idx=141
Direct Newton iteration succeeded in finding operating point.

.step idx=142
Direct Newton iteration succeeded in finding operating point.

.step idx=143
Direct Newton iteration succeeded in finding operating point.

.step idx=144
Direct Newton iteration succeeded in finding operating point.

.step idx=145
Direct Newton iteration succeeded in finding operating point.

.step idx=146
Direct Newton iteration succeeded in finding operating point.

.step idx=147
Direct Newton iteration succeeded in finding operating point.

.step idx=148
Direct Newton iteration succeeded in finding operating point.

.step idx=149
Direct Newton iteration succeeded in finding operating point.

.step idx=150
Direct Newton iteration succeeded in finding operating point.

.step idx=151
Direct Newton iteration succeeded in finding operating point.

.step idx=152
Direct Newton iteration succeeded in finding operating point.

.step idx=153
Direct Newton iteration succeeded in finding operating point.

.step idx=154
Direct Newton iteration succeeded in finding operating point.

.step idx=155
Direct Newton iteration succeeded in finding operating point.

.step idx=156
Direct Newton iteration succeeded in finding operating point.

.step idx=157
Direct Newton iteration succeeded in finding operating point.

.step idx=158
Direct Newton iteration succeeded in finding operating point.

.step idx=159
Direct Newton iteration succeeded in finding operating point.

.step idx=160
Direct Newton iteration succeeded in finding operating point.

.step idx=161
Direct Newton iteration succeeded in finding operating point.

.step idx=162
Direct Newton iteration succeeded in finding operating point.

.step idx=163
Direct Newton iteration succeeded in finding operating point.

.step idx=164
Direct Newton iteration succeeded in finding operating point.

.step idx=165
Direct Newton iteration succeeded in finding operating point.

.step idx=166
Direct Newton iteration succeeded in finding operating point.

.step idx=167
Direct Newton iteration succeeded in finding operating point.

.step idx=168
Direct Newton iteration succeeded in finding operating point.

.step idx=169
Direct Newton iteration succeeded in finding operating point.

.step idx=170
Direct Newton iteration succeeded in finding operating point.

.step idx=171
Direct Newton iteration succeeded in finding operating point.

.step idx=172
Direct Newton iteration succeeded in finding operating point.

.step idx=173
Direct Newton iteration succeeded in finding operating point.

.step idx=174
Direct Newton iteration succeeded in finding operating point.

.step idx=175
Direct Newton iteration succeeded in finding operating point.

.step idx=176
Direct Newton iteration succeeded in finding operating point.

.step idx=177
Direct Newton iteration succeeded in finding operating point.

.step idx=178
Direct Newton iteration succeeded in finding operating point.

.step idx=179
Direct Newton iteration succeeded in finding operating point.

.step idx=180
Direct Newton iteration succeeded in finding operating point.

.step idx=181
Direct Newton iteration succeeded in finding operating point.

.step idx=182
Direct Newton iteration succeeded in finding operating point.

.step idx=183
Direct Newton iteration succeeded in finding operating point.

.step idx=184
Direct Newton iteration succeeded in finding operating point.

.step idx=185
Direct Newton iteration succeeded in finding operating point.

.step idx=186
Direct Newton iteration succeeded in finding operating point.

.step idx=187
Direct Newton iteration succeeded in finding operating point.

.step idx=188
Direct Newton iteration succeeded in finding operating point.

.step idx=189
Direct Newton iteration succeeded in finding operating point.

.step idx=190
Direct Newton iteration succeeded in finding operating point.

.step idx=191
Direct Newton iteration succeeded in finding operating point.

.step idx=192
Direct Newton iteration succeeded in finding operating point.

.step idx=193
Direct Newton iteration succeeded in finding operating point.

.step idx=194
Direct Newton iteration succeeded in finding operating point.

.step idx=195
Direct Newton iteration succeeded in finding operating point.

.step idx=196
Direct Newton iteration succeeded in finding operating point.

.step idx=197
Direct Newton iteration succeeded in finding operating point.

.step idx=198
Direct Newton iteration succeeded in finding operating point.

.step idx=199
Direct Newton iteration succeeded in finding operating point.

.step idx=200
Direct Newton iteration succeeded in finding operating point.

.step idx=201
Direct Newton iteration succeeded in finding operating point.

.step idx=202
Direct Newton iteration succeeded in finding operating point.

.step idx=203
Direct Newton iteration succeeded in finding operating point.

.step idx=204
Direct Newton iteration succeeded in finding operating point.

.step idx=205
Direct Newton iteration succeeded in finding operating point.

.step idx=206
Direct Newton iteration succeeded in finding operating point.

.step idx=207
Direct Newton iteration succeeded in finding operating point.

.step idx=208
Direct Newton iteration succeeded in finding operating point.

.step idx=209
Direct Newton iteration succeeded in finding operating point.

.step idx=210
Direct Newton iteration succeeded in finding operating point.

.step idx=211
Direct Newton iteration succeeded in finding operating point.

.step idx=212
Direct Newton iteration succeeded in finding operating point.

.step idx=213
Direct Newton iteration succeeded in finding operating point.

.step idx=214
Direct Newton iteration succeeded in finding operating point.

.step idx=215
Direct Newton iteration succeeded in finding operating point.

.step idx=216
Direct Newton iteration succeeded in finding operating point.

.step idx=217
Direct Newton iteration succeeded in finding operating point.

.step idx=218
Direct Newton iteration succeeded in finding operating point.

.step idx=219
Direct Newton iteration succeeded in finding operating point.

.step idx=220
Direct Newton iteration succeeded in finding operating point.

.step idx=221
Direct Newton iteration succeeded in finding operating point.

.step idx=222
Direct Newton iteration succeeded in finding operating point.

.step idx=223
Direct Newton iteration succeeded in finding operating point.

.step idx=224
Direct Newton iteration succeeded in finding operating point.

.step idx=225
Direct Newton iteration succeeded in finding operating point.

.step idx=226
Direct Newton iteration succeeded in finding operating point.

.step idx=227
Direct Newton iteration succeeded in finding operating point.

.step idx=228
Direct Newton iteration succeeded in finding operating point.

.step idx=229
Direct Newton iteration succeeded in finding operating point.

.step idx=230
Direct Newton iteration succeeded in finding operating point.

.step idx=231
Direct Newton iteration succeeded in finding operating point.

.step idx=232
Direct Newton iteration succeeded in finding operating point.

.step idx=233
Direct Newton iteration succeeded in finding operating point.

.step idx=234
Direct Newton iteration succeeded in finding operating point.

.step idx=235
Direct Newton iteration succeeded in finding operating point.

.step idx=236
Direct Newton iteration succeeded in finding operating point.

.step idx=237
Direct Newton iteration succeeded in finding operating point.

.step idx=238
Direct Newton iteration succeeded in finding operating point.

.step idx=239
Direct Newton iteration succeeded in finding operating point.

.step idx=240
Direct Newton iteration succeeded in finding operating point.

.step idx=241
Direct Newton iteration succeeded in finding operating point.

.step idx=242
Direct Newton iteration succeeded in finding operating point.

.step idx=243
Direct Newton iteration succeeded in finding operating point.

.step idx=244
Direct Newton iteration succeeded in finding operating point.

.step idx=245
Direct Newton iteration succeeded in finding operating point.

.step idx=246
Direct Newton iteration succeeded in finding operating point.

.step idx=247
Direct Newton iteration succeeded in finding operating point.

.step idx=248
Direct Newton iteration succeeded in finding operating point.

.step idx=249
Direct Newton iteration succeeded in finding operating point.

.step idx=250
Direct Newton iteration succeeded in finding operating point.

.step idx=251
Direct Newton iteration succeeded in finding operating point.

.step idx=252
Direct Newton iteration succeeded in finding operating point.

.step idx=253
Direct Newton iteration succeeded in finding operating point.

.step idx=254
Direct Newton iteration succeeded in finding operating point.

.step idx=255
Direct Newton iteration succeeded in finding operating point.

.step idx=256
Direct Newton iteration succeeded in finding operating point.

.step idx=257
Direct Newton iteration succeeded in finding operating point.

.step idx=258
Direct Newton iteration succeeded in finding operating point.

.step idx=259
Direct Newton iteration succeeded in finding operating point.

.step idx=260
Direct Newton iteration succeeded in finding operating point.

.step idx=261
Direct Newton iteration succeeded in finding operating point.

.step idx=262
Direct Newton iteration succeeded in finding operating point.

.step idx=263
Direct Newton iteration succeeded in finding operating point.

.step idx=264
Direct Newton iteration succeeded in finding operating point.

.step idx=265
Direct Newton iteration succeeded in finding operating point.

.step idx=266
Direct Newton iteration succeeded in finding operating point.

.step idx=267
Direct Newton iteration succeeded in finding operating point.

.step idx=268
Direct Newton iteration succeeded in finding operating point.

.step idx=269
Direct Newton iteration succeeded in finding operating point.

.step idx=270
Direct Newton iteration succeeded in finding operating point.

.step idx=271
Direct Newton iteration succeeded in finding operating point.

.step idx=272
Direct Newton iteration succeeded in finding operating point.

.step idx=273
Direct Newton iteration succeeded in finding operating point.

.step idx=274
Direct Newton iteration succeeded in finding operating point.

.step idx=275
Direct Newton iteration succeeded in finding operating point.

.step idx=276
Direct Newton iteration succeeded in finding operating point.

.step idx=277
Direct Newton iteration succeeded in finding operating point.

.step idx=278
Direct Newton iteration succeeded in finding operating point.

.step idx=279
Direct Newton iteration succeeded in finding operating point.

.step idx=280
Direct Newton iteration succeeded in finding operating point.

.step idx=281
Direct Newton iteration succeeded in finding operating point.

.step idx=282
Direct Newton iteration succeeded in finding operating point.

.step idx=283
Direct Newton iteration succeeded in finding operating point.

.step idx=284
Direct Newton iteration succeeded in finding operating point.

.step idx=285
Direct Newton iteration succeeded in finding operating point.

.step idx=286
Direct Newton iteration succeeded in finding operating point.

.step idx=287
Direct Newton iteration succeeded in finding operating point.

.step idx=288
Direct Newton iteration succeeded in finding operating point.

.step idx=289
Direct Newton iteration succeeded in finding operating point.

.step idx=290
Direct Newton iteration succeeded in finding operating point.

.step idx=291
Direct Newton iteration succeeded in finding operating point.

.step idx=292
Direct Newton iteration succeeded in finding operating point.

.step idx=293
Direct Newton iteration succeeded in finding operating point.

.step idx=294
Direct Newton iteration succeeded in finding operating point.

.step idx=295
Direct Newton iteration succeeded in finding operating point.

.step idx=296
Direct Newton iteration succeeded in finding operating point.

.step idx=297
Direct Newton iteration succeeded in finding operating point.

.step idx=298
Direct Newton iteration succeeded in finding operating point.

.step idx=299
Direct Newton iteration succeeded in finding operating point.

.step idx=300
Direct Newton iteration succeeded in finding operating point.

.step idx=301
Direct Newton iteration succeeded in finding operating point.

.step idx=302
Direct Newton iteration succeeded in finding operating point.

.step idx=303
Direct Newton iteration succeeded in finding operating point.

.step idx=304
Direct Newton iteration succeeded in finding operating point.

.step idx=305
Direct Newton iteration succeeded in finding operating point.

.step idx=306
Direct Newton iteration succeeded in finding operating point.

.step idx=307
Direct Newton iteration succeeded in finding operating point.

.step idx=308
Direct Newton iteration succeeded in finding operating point.

.step idx=309
Direct Newton iteration succeeded in finding operating point.

.step idx=310
Direct Newton iteration succeeded in finding operating point.

.step idx=311
Direct Newton iteration succeeded in finding operating point.

.step idx=312
Direct Newton iteration succeeded in finding operating point.

.step idx=313
Direct Newton iteration succeeded in finding operating point.

.step idx=314
Direct Newton iteration succeeded in finding operating point.

.step idx=315
Direct Newton iteration succeeded in finding operating point.

.step idx=316
Direct Newton iteration succeeded in finding operating point.

.step idx=317
Direct Newton iteration succeeded in finding operating point.

.step idx=318
Direct Newton iteration succeeded in finding operating point.

.step idx=319
Direct Newton iteration succeeded in finding operating point.

.step idx=320
Direct Newton iteration succeeded in finding operating point.

.step idx=321
Direct Newton iteration succeeded in finding operating point.

.step idx=322
Direct Newton iteration succeeded in finding operating point.

.step idx=323
Direct Newton iteration succeeded in finding operating point.

.step idx=324
Direct Newton iteration succeeded in finding operating point.

.step idx=325
Direct Newton iteration succeeded in finding operating point.

.step idx=326
Direct Newton iteration succeeded in finding operating point.

.step idx=327
Direct Newton iteration succeeded in finding operating point.

.step idx=328
Direct Newton iteration succeeded in finding operating point.

.step idx=329
Direct Newton iteration succeeded in finding operating point.

.step idx=330
Direct Newton iteration succeeded in finding operating point.

.step idx=331
Direct Newton iteration succeeded in finding operating point.

.step idx=332
Direct Newton iteration succeeded in finding operating point.

.step idx=333
Direct Newton iteration succeeded in finding operating point.

.step idx=334
Direct Newton iteration succeeded in finding operating point.

.step idx=335
Direct Newton iteration succeeded in finding operating point.

.step idx=336
Direct Newton iteration succeeded in finding operating point.

.step idx=337
Direct Newton iteration succeeded in finding operating point.

.step idx=338
Direct Newton iteration succeeded in finding operating point.

.step idx=339
Direct Newton iteration succeeded in finding operating point.

.step idx=340
Direct Newton iteration succeeded in finding operating point.

.step idx=341
Direct Newton iteration succeeded in finding operating point.

.step idx=342
Direct Newton iteration succeeded in finding operating point.

.step idx=343
Direct Newton iteration succeeded in finding operating point.

.step idx=344
Direct Newton iteration succeeded in finding operating point.

.step idx=345
Direct Newton iteration succeeded in finding operating point.

.step idx=346
Direct Newton iteration succeeded in finding operating point.

.step idx=347
Direct Newton iteration succeeded in finding operating point.

.step idx=348
Direct Newton iteration succeeded in finding operating point.

.step idx=349
Direct Newton iteration succeeded in finding operating point.

.step idx=350
Direct Newton iteration succeeded in finding operating point.

.step idx=351
Direct Newton iteration succeeded in finding operating point.

.step idx=352
Direct Newton iteration succeeded in finding operating point.

.step idx=353
Direct Newton iteration succeeded in finding operating point.

.step idx=354
Direct Newton iteration succeeded in finding operating point.

.step idx=355
Direct Newton iteration succeeded in finding operating point.

.step idx=356
Direct Newton iteration succeeded in finding operating point.

.step idx=357
Direct Newton iteration succeeded in finding operating point.

.step idx=358
Direct Newton iteration succeeded in finding operating point.

.step idx=359
Direct Newton iteration succeeded in finding operating point.

.step idx=360
Direct Newton iteration succeeded in finding operating point.

.step idx=361
Direct Newton iteration succeeded in finding operating point.

.step idx=362
Direct Newton iteration succeeded in finding operating point.

.step idx=363
Direct Newton iteration succeeded in finding operating point.

.step idx=364
Direct Newton iteration succeeded in finding operating point.

.step idx=365
Direct Newton iteration succeeded in finding operating point.

.step idx=366
Direct Newton iteration succeeded in finding operating point.

.step idx=367
Direct Newton iteration succeeded in finding operating point.

.step idx=368
Direct Newton iteration succeeded in finding operating point.

.step idx=369
Direct Newton iteration succeeded in finding operating point.

.step idx=370
Direct Newton iteration succeeded in finding operating point.

.step idx=371
Direct Newton iteration succeeded in finding operating point.

.step idx=372
Direct Newton iteration succeeded in finding operating point.

.step idx=373
Direct Newton iteration succeeded in finding operating point.

.step idx=374
Direct Newton iteration succeeded in finding operating point.

.step idx=375
Direct Newton iteration succeeded in finding operating point.

.step idx=376
Direct Newton iteration succeeded in finding operating point.

.step idx=377
Direct Newton iteration succeeded in finding operating point.

.step idx=378
Direct Newton iteration succeeded in finding operating point.

.step idx=379
Direct Newton iteration succeeded in finding operating point.

.step idx=380
Direct Newton iteration succeeded in finding operating point.

.step idx=381
Direct Newton iteration succeeded in finding operating point.

.step idx=382
Direct Newton iteration succeeded in finding operating point.

.step idx=383
Direct Newton iteration succeeded in finding operating point.

.step idx=384
Direct Newton iteration succeeded in finding operating point.

.step idx=385
Direct Newton iteration succeeded in finding operating point.

.step idx=386
Direct Newton iteration succeeded in finding operating point.

.step idx=387
Direct Newton iteration succeeded in finding operating point.

.step idx=388
Direct Newton iteration succeeded in finding operating point.

.step idx=389
Direct Newton iteration succeeded in finding operating point.

.step idx=390
Direct Newton iteration succeeded in finding operating point.

.step idx=391
Direct Newton iteration succeeded in finding operating point.

.step idx=392
Direct Newton iteration succeeded in finding operating point.

.step idx=393
Direct Newton iteration succeeded in finding operating point.

.step idx=394
Direct Newton iteration succeeded in finding operating point.

.step idx=395
Direct Newton iteration succeeded in finding operating point.

.step idx=396
Direct Newton iteration succeeded in finding operating point.

.step idx=397
Direct Newton iteration succeeded in finding operating point.

.step idx=398
Direct Newton iteration succeeded in finding operating point.

.step idx=399
Direct Newton iteration succeeded in finding operating point.

.step idx=400
Direct Newton iteration succeeded in finding operating point.

.step idx=401
Direct Newton iteration succeeded in finding operating point.

.step idx=402
Direct Newton iteration succeeded in finding operating point.

.step idx=403
Direct Newton iteration succeeded in finding operating point.

.step idx=404
Direct Newton iteration succeeded in finding operating point.

.step idx=405
Direct Newton iteration succeeded in finding operating point.

.step idx=406
Direct Newton iteration succeeded in finding operating point.

.step idx=407
Direct Newton iteration succeeded in finding operating point.

.step idx=408
Direct Newton iteration succeeded in finding operating point.

.step idx=409
Direct Newton iteration succeeded in finding operating point.

.step idx=410
Direct Newton iteration succeeded in finding operating point.

.step idx=411
Direct Newton iteration succeeded in finding operating point.

.step idx=412
Direct Newton iteration succeeded in finding operating point.

.step idx=413
Direct Newton iteration succeeded in finding operating point.

.step idx=414
Direct Newton iteration succeeded in finding operating point.

.step idx=415
Direct Newton iteration succeeded in finding operating point.

.step idx=416
Direct Newton iteration succeeded in finding operating point.

.step idx=417
Direct Newton iteration succeeded in finding operating point.

.step idx=418
Direct Newton iteration succeeded in finding operating point.

.step idx=419
Direct Newton iteration succeeded in finding operating point.

.step idx=420
Direct Newton iteration succeeded in finding operating point.

.step idx=421
Direct Newton iteration succeeded in finding operating point.

.step idx=422
Direct Newton iteration succeeded in finding operating point.

.step idx=423
Direct Newton iteration succeeded in finding operating point.

.step idx=424
Direct Newton iteration succeeded in finding operating point.

.step idx=425
Direct Newton iteration succeeded in finding operating point.

.step idx=426
Direct Newton iteration succeeded in finding operating point.

.step idx=427
Direct Newton iteration succeeded in finding operating point.

.step idx=428
Direct Newton iteration succeeded in finding operating point.

.step idx=429
Direct Newton iteration succeeded in finding operating point.

.step idx=430
Direct Newton iteration succeeded in finding operating point.

.step idx=431
Direct Newton iteration succeeded in finding operating point.

.step idx=432
Direct Newton iteration succeeded in finding operating point.

.step idx=433
Direct Newton iteration succeeded in finding operating point.

.step idx=434
Direct Newton iteration succeeded in finding operating point.

.step idx=435
Direct Newton iteration succeeded in finding operating point.

.step idx=436
Direct Newton iteration succeeded in finding operating point.

.step idx=437
Direct Newton iteration succeeded in finding operating point.

.step idx=438
Direct Newton iteration succeeded in finding operating point.

.step idx=439
Direct Newton iteration succeeded in finding operating point.

.step idx=440
Direct Newton iteration succeeded in finding operating point.

.step idx=441
Direct Newton iteration succeeded in finding operating point.

.step idx=442
Direct Newton iteration succeeded in finding operating point.

.step idx=443
Direct Newton iteration succeeded in finding operating point.

.step idx=444
Direct Newton iteration succeeded in finding operating point.

.step idx=445
Direct Newton iteration succeeded in finding operating point.

.step idx=446
Direct Newton iteration succeeded in finding operating point.

.step idx=447
Direct Newton iteration succeeded in finding operating point.

.step idx=448
Direct Newton iteration succeeded in finding operating point.

.step idx=449
Direct Newton iteration succeeded in finding operating point.

.step idx=450
Direct Newton iteration succeeded in finding operating point.

.step idx=451
Direct Newton iteration succeeded in finding operating point.

.step idx=452
Direct Newton iteration succeeded in finding operating point.

.step idx=453
Direct Newton iteration succeeded in finding operating point.

.step idx=454
Direct Newton iteration succeeded in finding operating point.

.step idx=455
Direct Newton iteration succeeded in finding operating point.

.step idx=456
Direct Newton iteration succeeded in finding operating point.

.step idx=457
Direct Newton iteration succeeded in finding operating point.

.step idx=458
Direct Newton iteration succeeded in finding operating point.

.step idx=459
Direct Newton iteration succeeded in finding operating point.

.step idx=460
Direct Newton iteration succeeded in finding operating point.

.step idx=461
Direct Newton iteration succeeded in finding operating point.

.step idx=462
Direct Newton iteration succeeded in finding operating point.

.step idx=463
Direct Newton iteration succeeded in finding operating point.

.step idx=464
Direct Newton iteration succeeded in finding operating point.

.step idx=465
Direct Newton iteration succeeded in finding operating point.

.step idx=466
Direct Newton iteration succeeded in finding operating point.

.step idx=467
Direct Newton iteration succeeded in finding operating point.

.step idx=468
Direct Newton iteration succeeded in finding operating point.

.step idx=469
Direct Newton iteration succeeded in finding operating point.

.step idx=470
Direct Newton iteration succeeded in finding operating point.

.step idx=471
Direct Newton iteration succeeded in finding operating point.

.step idx=472
Direct Newton iteration succeeded in finding operating point.

.step idx=473
Direct Newton iteration succeeded in finding operating point.

.step idx=474
Direct Newton iteration succeeded in finding operating point.

.step idx=475
Direct Newton iteration succeeded in finding operating point.

.step idx=476
Direct Newton iteration succeeded in finding operating point.

.step idx=477
Direct Newton iteration succeeded in finding operating point.

.step idx=478
Direct Newton iteration succeeded in finding operating point.

.step idx=479
Direct Newton iteration succeeded in finding operating point.

.step idx=480
Direct Newton iteration succeeded in finding operating point.

.step idx=481
Direct Newton iteration succeeded in finding operating point.

.step idx=482
Direct Newton iteration succeeded in finding operating point.

.step idx=483
Direct Newton iteration succeeded in finding operating point.

.step idx=484
Direct Newton iteration succeeded in finding operating point.

.step idx=485
Direct Newton iteration succeeded in finding operating point.

.step idx=486
Direct Newton iteration succeeded in finding operating point.

.step idx=487
Direct Newton iteration succeeded in finding operating point.

.step idx=488
Direct Newton iteration succeeded in finding operating point.

.step idx=489
Direct Newton iteration succeeded in finding operating point.

.step idx=490
Direct Newton iteration succeeded in finding operating point.

.step idx=491
Direct Newton iteration succeeded in finding operating point.

.step idx=492
Direct Newton iteration succeeded in finding operating point.

.step idx=493
Direct Newton iteration succeeded in finding operating point.

.step idx=494
Direct Newton iteration succeeded in finding operating point.

.step idx=495
Direct Newton iteration succeeded in finding operating point.

.step idx=496
Direct Newton iteration succeeded in finding operating point.

.step idx=497
Direct Newton iteration succeeded in finding operating point.

.step idx=498
Direct Newton iteration succeeded in finding operating point.

.step idx=499
Direct Newton iteration succeeded in finding operating point.

.step idx=500
Direct Newton iteration succeeded in finding operating point.

.step idx=501
Direct Newton iteration succeeded in finding operating point.

.step idx=502
Direct Newton iteration succeeded in finding operating point.

.step idx=503
Direct Newton iteration succeeded in finding operating point.

.step idx=504
Direct Newton iteration succeeded in finding operating point.

.step idx=505
Direct Newton iteration succeeded in finding operating point.

.step idx=506
Direct Newton iteration succeeded in finding operating point.

.step idx=507
Direct Newton iteration succeeded in finding operating point.

.step idx=508
Direct Newton iteration succeeded in finding operating point.

.step idx=509
Direct Newton iteration succeeded in finding operating point.

.step idx=510
Direct Newton iteration succeeded in finding operating point.

.step idx=511
Direct Newton iteration succeeded in finding operating point.

.step idx=512
Direct Newton iteration succeeded in finding operating point.

.step idx=513
Direct Newton iteration succeeded in finding operating point.

.step idx=514
Direct Newton iteration succeeded in finding operating point.

.step idx=515
Direct Newton iteration succeeded in finding operating point.

.step idx=516
Direct Newton iteration succeeded in finding operating point.

.step idx=517
Direct Newton iteration succeeded in finding operating point.

.step idx=518
Direct Newton iteration succeeded in finding operating point.

.step idx=519
Direct Newton iteration succeeded in finding operating point.

.step idx=520
Direct Newton iteration succeeded in finding operating point.

.step idx=521
Direct Newton iteration succeeded in finding operating point.

.step idx=522
Direct Newton iteration succeeded in finding operating point.

.step idx=523
Direct Newton iteration succeeded in finding operating point.

.step idx=524
Direct Newton iteration succeeded in finding operating point.

.step idx=525
Direct Newton iteration succeeded in finding operating point.

.step idx=526
Direct Newton iteration succeeded in finding operating point.

.step idx=527
Direct Newton iteration succeeded in finding operating point.

.step idx=528
Direct Newton iteration succeeded in finding operating point.

.step idx=529
Direct Newton iteration succeeded in finding operating point.

.step idx=530
Direct Newton iteration succeeded in finding operating point.

.step idx=531
Direct Newton iteration succeeded in finding operating point.

.step idx=532
Direct Newton iteration succeeded in finding operating point.

.step idx=533
Direct Newton iteration succeeded in finding operating point.

.step idx=534
Direct Newton iteration succeeded in finding operating point.

.step idx=535
Direct Newton iteration succeeded in finding operating point.

.step idx=536
Direct Newton iteration succeeded in finding operating point.

.step idx=537
Direct Newton iteration succeeded in finding operating point.

.step idx=538
Direct Newton iteration succeeded in finding operating point.

.step idx=539
Direct Newton iteration succeeded in finding operating point.

.step idx=540
Direct Newton iteration succeeded in finding operating point.

.step idx=541
Direct Newton iteration succeeded in finding operating point.

.step idx=542
Direct Newton iteration succeeded in finding operating point.

.step idx=543
Direct Newton iteration succeeded in finding operating point.

.step idx=544
Direct Newton iteration succeeded in finding operating point.

.step idx=545
Direct Newton iteration succeeded in finding operating point.

.step idx=546
Direct Newton iteration succeeded in finding operating point.

.step idx=547
Direct Newton iteration succeeded in finding operating point.

.step idx=548
Direct Newton iteration succeeded in finding operating point.

.step idx=549
Direct Newton iteration succeeded in finding operating point.

.step idx=550
Direct Newton iteration succeeded in finding operating point.

.step idx=551
Direct Newton iteration succeeded in finding operating point.

.step idx=552
Direct Newton iteration succeeded in finding operating point.

.step idx=553
Direct Newton iteration succeeded in finding operating point.

.step idx=554
Direct Newton iteration succeeded in finding operating point.

.step idx=555
Direct Newton iteration succeeded in finding operating point.

.step idx=556
Direct Newton iteration succeeded in finding operating point.

.step idx=557
Direct Newton iteration succeeded in finding operating point.

.step idx=558
Direct Newton iteration succeeded in finding operating point.

.step idx=559
Direct Newton iteration succeeded in finding operating point.

.step idx=560
Direct Newton iteration succeeded in finding operating point.

.step idx=561
Direct Newton iteration succeeded in finding operating point.

.step idx=562
Direct Newton iteration succeeded in finding operating point.

.step idx=563
Direct Newton iteration succeeded in finding operating point.

.step idx=564
Direct Newton iteration succeeded in finding operating point.

.step idx=565
Direct Newton iteration succeeded in finding operating point.

.step idx=566
Direct Newton iteration succeeded in finding operating point.

.step idx=567
Direct Newton iteration succeeded in finding operating point.

.step idx=568
Direct Newton iteration succeeded in finding operating point.

.step idx=569
Direct Newton iteration succeeded in finding operating point.

.step idx=570
Direct Newton iteration succeeded in finding operating point.

.step idx=571
Direct Newton iteration succeeded in finding operating point.

.step idx=572
Direct Newton iteration succeeded in finding operating point.

.step idx=573
Direct Newton iteration succeeded in finding operating point.

.step idx=574
Direct Newton iteration succeeded in finding operating point.

.step idx=575
Direct Newton iteration succeeded in finding operating point.

.step idx=576
Direct Newton iteration succeeded in finding operating point.

.step idx=577
Direct Newton iteration succeeded in finding operating point.

.step idx=578
Direct Newton iteration succeeded in finding operating point.

.step idx=579
Direct Newton iteration succeeded in finding operating point.

.step idx=580
Direct Newton iteration succeeded in finding operating point.

.step idx=581
Direct Newton iteration succeeded in finding operating point.

.step idx=582
Direct Newton iteration succeeded in finding operating point.

.step idx=583
Direct Newton iteration succeeded in finding operating point.

.step idx=584
Direct Newton iteration succeeded in finding operating point.

.step idx=585
Direct Newton iteration succeeded in finding operating point.

.step idx=586
Direct Newton iteration succeeded in finding operating point.

.step idx=587
Direct Newton iteration succeeded in finding operating point.

.step idx=588
Direct Newton iteration succeeded in finding operating point.

.step idx=589
Direct Newton iteration succeeded in finding operating point.

.step idx=590
Direct Newton iteration succeeded in finding operating point.

.step idx=591
Direct Newton iteration succeeded in finding operating point.

.step idx=592
Direct Newton iteration succeeded in finding operating point.

.step idx=593
Direct Newton iteration succeeded in finding operating point.

.step idx=594
Direct Newton iteration succeeded in finding operating point.

.step idx=595
Direct Newton iteration succeeded in finding operating point.

.step idx=596
Direct Newton iteration succeeded in finding operating point.

.step idx=597
Direct Newton iteration succeeded in finding operating point.

.step idx=598
Direct Newton iteration succeeded in finding operating point.

.step idx=599
Direct Newton iteration succeeded in finding operating point.

.step idx=600
Direct Newton iteration succeeded in finding operating point.

.step idx=601
Direct Newton iteration succeeded in finding operating point.

.step idx=602
Direct Newton iteration succeeded in finding operating point.

.step idx=603
Direct Newton iteration succeeded in finding operating point.

.step idx=604
Direct Newton iteration succeeded in finding operating point.

.step idx=605
Direct Newton iteration succeeded in finding operating point.

.step idx=606
Direct Newton iteration succeeded in finding operating point.

.step idx=607
Direct Newton iteration succeeded in finding operating point.

.step idx=608
Direct Newton iteration succeeded in finding operating point.

.step idx=609
Direct Newton iteration succeeded in finding operating point.

.step idx=610
Direct Newton iteration succeeded in finding operating point.

.step idx=611
Direct Newton iteration succeeded in finding operating point.

.step idx=612
Direct Newton iteration succeeded in finding operating point.

.step idx=613
Direct Newton iteration succeeded in finding operating point.

.step idx=614
Direct Newton iteration succeeded in finding operating point.

.step idx=615
Direct Newton iteration succeeded in finding operating point.

.step idx=616
Direct Newton iteration succeeded in finding operating point.

.step idx=617
Direct Newton iteration succeeded in finding operating point.

.step idx=618
Direct Newton iteration succeeded in finding operating point.

.step idx=619
Direct Newton iteration succeeded in finding operating point.

.step idx=620
Direct Newton iteration succeeded in finding operating point.

.step idx=621
Direct Newton iteration succeeded in finding operating point.

.step idx=622
Direct Newton iteration succeeded in finding operating point.

.step idx=623
Direct Newton iteration succeeded in finding operating point.

.step idx=624
Direct Newton iteration succeeded in finding operating point.

.step idx=625
Direct Newton iteration succeeded in finding operating point.

.step idx=626
Direct Newton iteration succeeded in finding operating point.

.step idx=627
Direct Newton iteration succeeded in finding operating point.

.step idx=628
Direct Newton iteration succeeded in finding operating point.

.step idx=629
Direct Newton iteration succeeded in finding operating point.

.step idx=630
Direct Newton iteration succeeded in finding operating point.

.step idx=631
Direct Newton iteration succeeded in finding operating point.

.step idx=632
Direct Newton iteration succeeded in finding operating point.

.step idx=633
Direct Newton iteration succeeded in finding operating point.

.step idx=634
Direct Newton iteration succeeded in finding operating point.

.step idx=635
Direct Newton iteration succeeded in finding operating point.

.step idx=636
Direct Newton iteration succeeded in finding operating point.

.step idx=637
Direct Newton iteration succeeded in finding operating point.

.step idx=638
Direct Newton iteration succeeded in finding operating point.

.step idx=639
Direct Newton iteration succeeded in finding operating point.

.step idx=640
Direct Newton iteration succeeded in finding operating point.

.step idx=641
Direct Newton iteration succeeded in finding operating point.

.step idx=642
Direct Newton iteration succeeded in finding operating point.

.step idx=643
Direct Newton iteration succeeded in finding operating point.

.step idx=644
Direct Newton iteration succeeded in finding operating point.

.step idx=645
Direct Newton iteration succeeded in finding operating point.

.step idx=646
Direct Newton iteration succeeded in finding operating point.

.step idx=647
Direct Newton iteration succeeded in finding operating point.

.step idx=648
Direct Newton iteration succeeded in finding operating point.

.step idx=649
Direct Newton iteration succeeded in finding operating point.

.step idx=650
Direct Newton iteration succeeded in finding operating point.

.step idx=651
Direct Newton iteration succeeded in finding operating point.

.step idx=652
Direct Newton iteration succeeded in finding operating point.

.step idx=653
Direct Newton iteration succeeded in finding operating point.

.step idx=654
Direct Newton iteration succeeded in finding operating point.

.step idx=655
Direct Newton iteration succeeded in finding operating point.

.step idx=656
Direct Newton iteration succeeded in finding operating point.

.step idx=657
Direct Newton iteration succeeded in finding operating point.

.step idx=658
Direct Newton iteration succeeded in finding operating point.

.step idx=659
Direct Newton iteration succeeded in finding operating point.

.step idx=660
Direct Newton iteration succeeded in finding operating point.

.step idx=661
Direct Newton iteration succeeded in finding operating point.

.step idx=662
Direct Newton iteration succeeded in finding operating point.

.step idx=663
Direct Newton iteration succeeded in finding operating point.

.step idx=664
Direct Newton iteration succeeded in finding operating point.

.step idx=665
Direct Newton iteration succeeded in finding operating point.

.step idx=666
Direct Newton iteration succeeded in finding operating point.

.step idx=667
Direct Newton iteration succeeded in finding operating point.

.step idx=668
Direct Newton iteration succeeded in finding operating point.

.step idx=669
Direct Newton iteration succeeded in finding operating point.

.step idx=670
Direct Newton iteration succeeded in finding operating point.

.step idx=671
Direct Newton iteration succeeded in finding operating point.

.step idx=672
Direct Newton iteration succeeded in finding operating point.

.step idx=673
Direct Newton iteration succeeded in finding operating point.

.step idx=674
Direct Newton iteration succeeded in finding operating point.

.step idx=675
Direct Newton iteration succeeded in finding operating point.

.step idx=676
Direct Newton iteration succeeded in finding operating point.

.step idx=677
Direct Newton iteration succeeded in finding operating point.

.step idx=678
Direct Newton iteration succeeded in finding operating point.

.step idx=679
Direct Newton iteration succeeded in finding operating point.

.step idx=680
Direct Newton iteration succeeded in finding operating point.

.step idx=681
Direct Newton iteration succeeded in finding operating point.

.step idx=682
Direct Newton iteration succeeded in finding operating point.

.step idx=683
Direct Newton iteration succeeded in finding operating point.

.step idx=684
Direct Newton iteration succeeded in finding operating point.

.step idx=685
Direct Newton iteration succeeded in finding operating point.

.step idx=686
Direct Newton iteration succeeded in finding operating point.

.step idx=687
Direct Newton iteration succeeded in finding operating point.

.step idx=688
Direct Newton iteration succeeded in finding operating point.

.step idx=689
Direct Newton iteration succeeded in finding operating point.

.step idx=690
Direct Newton iteration succeeded in finding operating point.

.step idx=691
Direct Newton iteration succeeded in finding operating point.

.step idx=692
Direct Newton iteration succeeded in finding operating point.

.step idx=693
Direct Newton iteration succeeded in finding operating point.

.step idx=694
Direct Newton iteration succeeded in finding operating point.

.step idx=695
Direct Newton iteration succeeded in finding operating point.

.step idx=696
Direct Newton iteration succeeded in finding operating point.

.step idx=697
Direct Newton iteration succeeded in finding operating point.

.step idx=698
Direct Newton iteration succeeded in finding operating point.

.step idx=699
Direct Newton iteration succeeded in finding operating point.

.step idx=700
Direct Newton iteration succeeded in finding operating point.

.step idx=701
Direct Newton iteration succeeded in finding operating point.

.step idx=702
Direct Newton iteration succeeded in finding operating point.

.step idx=703
Direct Newton iteration succeeded in finding operating point.

.step idx=704
Direct Newton iteration succeeded in finding operating point.

.step idx=705
Direct Newton iteration succeeded in finding operating point.

.step idx=706
Direct Newton iteration succeeded in finding operating point.

.step idx=707
Direct Newton iteration succeeded in finding operating point.

.step idx=708
Direct Newton iteration succeeded in finding operating point.

.step idx=709
Direct Newton iteration succeeded in finding operating point.

.step idx=710
Direct Newton iteration succeeded in finding operating point.

.step idx=711
Direct Newton iteration succeeded in finding operating point.

.step idx=712
Direct Newton iteration succeeded in finding operating point.

.step idx=713
Direct Newton iteration succeeded in finding operating point.

.step idx=714
Direct Newton iteration succeeded in finding operating point.

.step idx=715
Direct Newton iteration succeeded in finding operating point.

.step idx=716
Direct Newton iteration succeeded in finding operating point.

.step idx=717
Direct Newton iteration succeeded in finding operating point.

.step idx=718
Direct Newton iteration succeeded in finding operating point.

.step idx=719
Direct Newton iteration succeeded in finding operating point.

.step idx=720
Direct Newton iteration succeeded in finding operating point.

.step idx=721
Direct Newton iteration succeeded in finding operating point.

.step idx=722
Direct Newton iteration succeeded in finding operating point.

.step idx=723
Direct Newton iteration succeeded in finding operating point.

.step idx=724
Direct Newton iteration succeeded in finding operating point.

.step idx=725
Direct Newton iteration succeeded in finding operating point.

.step idx=726
Direct Newton iteration succeeded in finding operating point.

.step idx=727
Direct Newton iteration succeeded in finding operating point.

.step idx=728
Direct Newton iteration succeeded in finding operating point.

.step idx=729
Direct Newton iteration succeeded in finding operating point.

.step idx=730
Direct Newton iteration succeeded in finding operating point.

.step idx=731
Direct Newton iteration succeeded in finding operating point.

.step idx=732
Direct Newton iteration succeeded in finding operating point.

.step idx=733
Direct Newton iteration succeeded in finding operating point.

.step idx=734
Direct Newton iteration succeeded in finding operating point.

.step idx=735
Direct Newton iteration succeeded in finding operating point.

.step idx=736
Direct Newton iteration succeeded in finding operating point.

.step idx=737
Direct Newton iteration succeeded in finding operating point.

.step idx=738
Direct Newton iteration succeeded in finding operating point.

.step idx=739
Direct Newton iteration succeeded in finding operating point.

.step idx=740
Direct Newton iteration succeeded in finding operating point.

.step idx=741
Direct Newton iteration succeeded in finding operating point.

.step idx=742
Direct Newton iteration succeeded in finding operating point.

.step idx=743
Direct Newton iteration succeeded in finding operating point.

.step idx=744
Direct Newton iteration succeeded in finding operating point.

.step idx=745
Direct Newton iteration succeeded in finding operating point.

.step idx=746
Direct Newton iteration succeeded in finding operating point.

.step idx=747
Direct Newton iteration succeeded in finding operating point.

.step idx=748
Direct Newton iteration succeeded in finding operating point.

.step idx=749
Direct Newton iteration succeeded in finding operating point.

.step idx=750
Direct Newton iteration succeeded in finding operating point.

.step idx=751
Direct Newton iteration succeeded in finding operating point.

.step idx=752
Direct Newton iteration succeeded in finding operating point.

.step idx=753
Direct Newton iteration succeeded in finding operating point.

.step idx=754
Direct Newton iteration succeeded in finding operating point.

.step idx=755
Direct Newton iteration succeeded in finding operating point.

.step idx=756
Direct Newton iteration succeeded in finding operating point.

.step idx=757
Direct Newton iteration succeeded in finding operating point.

.step idx=758
Direct Newton iteration succeeded in finding operating point.

.step idx=759
Direct Newton iteration succeeded in finding operating point.

.step idx=760
Direct Newton iteration succeeded in finding operating point.

.step idx=761
Direct Newton iteration succeeded in finding operating point.

.step idx=762
Direct Newton iteration succeeded in finding operating point.

.step idx=763
Direct Newton iteration succeeded in finding operating point.

.step idx=764
Direct Newton iteration succeeded in finding operating point.

.step idx=765
Direct Newton iteration succeeded in finding operating point.

.step idx=766
Direct Newton iteration succeeded in finding operating point.

.step idx=767
Direct Newton iteration succeeded in finding operating point.

.step idx=768
Direct Newton iteration succeeded in finding operating point.

.step idx=769
Direct Newton iteration succeeded in finding operating point.

.step idx=770
Direct Newton iteration succeeded in finding operating point.

.step idx=771
Direct Newton iteration succeeded in finding operating point.

.step idx=772
Direct Newton iteration succeeded in finding operating point.

.step idx=773
Direct Newton iteration succeeded in finding operating point.

.step idx=774
Direct Newton iteration succeeded in finding operating point.

.step idx=775
Direct Newton iteration succeeded in finding operating point.

.step idx=776
Direct Newton iteration succeeded in finding operating point.

.step idx=777
Direct Newton iteration succeeded in finding operating point.

.step idx=778
Direct Newton iteration succeeded in finding operating point.

.step idx=779
Direct Newton iteration succeeded in finding operating point.

.step idx=780
Direct Newton iteration succeeded in finding operating point.

.step idx=781
Direct Newton iteration succeeded in finding operating point.

.step idx=782
Direct Newton iteration succeeded in finding operating point.

.step idx=783
Direct Newton iteration succeeded in finding operating point.

.step idx=784
Direct Newton iteration succeeded in finding operating point.

.step idx=785
Direct Newton iteration succeeded in finding operating point.

.step idx=786
Direct Newton iteration succeeded in finding operating point.

.step idx=787
Direct Newton iteration succeeded in finding operating point.

.step idx=788
Direct Newton iteration succeeded in finding operating point.

.step idx=789
Direct Newton iteration succeeded in finding operating point.

.step idx=790
Direct Newton iteration succeeded in finding operating point.

.step idx=791
Direct Newton iteration succeeded in finding operating point.

.step idx=792
Direct Newton iteration succeeded in finding operating point.

.step idx=793
Direct Newton iteration succeeded in finding operating point.

.step idx=794
Direct Newton iteration succeeded in finding operating point.

.step idx=795
Direct Newton iteration succeeded in finding operating point.

.step idx=796
Direct Newton iteration succeeded in finding operating point.

.step idx=797
Direct Newton iteration succeeded in finding operating point.

.step idx=798
Direct Newton iteration succeeded in finding operating point.

.step idx=799
Direct Newton iteration succeeded in finding operating point.

.step idx=800
Direct Newton iteration succeeded in finding operating point.

.step idx=801
Direct Newton iteration succeeded in finding operating point.

.step idx=802
Direct Newton iteration succeeded in finding operating point.

.step idx=803
Direct Newton iteration succeeded in finding operating point.

.step idx=804
Direct Newton iteration succeeded in finding operating point.

.step idx=805
Direct Newton iteration succeeded in finding operating point.

.step idx=806
Direct Newton iteration succeeded in finding operating point.

.step idx=807
Direct Newton iteration succeeded in finding operating point.

.step idx=808
Direct Newton iteration succeeded in finding operating point.

.step idx=809
Direct Newton iteration succeeded in finding operating point.

.step idx=810
Direct Newton iteration succeeded in finding operating point.

.step idx=811
Direct Newton iteration succeeded in finding operating point.

.step idx=812
Direct Newton iteration succeeded in finding operating point.

.step idx=813
Direct Newton iteration succeeded in finding operating point.

.step idx=814
Direct Newton iteration succeeded in finding operating point.

.step idx=815
Direct Newton iteration succeeded in finding operating point.

.step idx=816
Direct Newton iteration succeeded in finding operating point.

.step idx=817
Direct Newton iteration succeeded in finding operating point.

.step idx=818
Direct Newton iteration succeeded in finding operating point.

.step idx=819
Direct Newton iteration succeeded in finding operating point.

.step idx=820
Direct Newton iteration succeeded in finding operating point.

.step idx=821
Direct Newton iteration succeeded in finding operating point.

.step idx=822
Direct Newton iteration succeeded in finding operating point.

.step idx=823
Direct Newton iteration succeeded in finding operating point.

.step idx=824
Direct Newton iteration succeeded in finding operating point.

.step idx=825
Direct Newton iteration succeeded in finding operating point.

.step idx=826
Direct Newton iteration succeeded in finding operating point.

.step idx=827
Direct Newton iteration succeeded in finding operating point.

.step idx=828
Direct Newton iteration succeeded in finding operating point.

.step idx=829
Direct Newton iteration succeeded in finding operating point.

.step idx=830
Direct Newton iteration succeeded in finding operating point.

.step idx=831
Direct Newton iteration succeeded in finding operating point.

.step idx=832
Direct Newton iteration succeeded in finding operating point.

.step idx=833
Direct Newton iteration succeeded in finding operating point.

.step idx=834
Direct Newton iteration succeeded in finding operating point.

.step idx=835
Direct Newton iteration succeeded in finding operating point.

.step idx=836
Direct Newton iteration succeeded in finding operating point.

.step idx=837
Direct Newton iteration succeeded in finding operating point.

.step idx=838
Direct Newton iteration succeeded in finding operating point.

.step idx=839
Direct Newton iteration succeeded in finding operating point.

.step idx=840
Direct Newton iteration succeeded in finding operating point.

.step idx=841
Direct Newton iteration succeeded in finding operating point.

.step idx=842
Direct Newton iteration succeeded in finding operating point.

.step idx=843
Direct Newton iteration succeeded in finding operating point.

.step idx=844
Direct Newton iteration succeeded in finding operating point.

.step idx=845
Direct Newton iteration succeeded in finding operating point.

.step idx=846
Direct Newton iteration succeeded in finding operating point.

.step idx=847
Direct Newton iteration succeeded in finding operating point.

.step idx=848
Direct Newton iteration succeeded in finding operating point.

.step idx=849
Direct Newton iteration succeeded in finding operating point.

.step idx=850
Direct Newton iteration succeeded in finding operating point.

.step idx=851
Direct Newton iteration succeeded in finding operating point.

.step idx=852
Direct Newton iteration succeeded in finding operating point.

.step idx=853
Direct Newton iteration succeeded in finding operating point.

.step idx=854
Direct Newton iteration succeeded in finding operating point.

.step idx=855
Direct Newton iteration succeeded in finding operating point.

.step idx=856
Direct Newton iteration succeeded in finding operating point.

.step idx=857
Direct Newton iteration succeeded in finding operating point.

.step idx=858
Direct Newton iteration succeeded in finding operating point.

.step idx=859
Direct Newton iteration succeeded in finding operating point.

.step idx=860
Direct Newton iteration succeeded in finding operating point.

.step idx=861
Direct Newton iteration succeeded in finding operating point.

.step idx=862
Direct Newton iteration succeeded in finding operating point.

.step idx=863
Direct Newton iteration succeeded in finding operating point.

.step idx=864
Direct Newton iteration succeeded in finding operating point.

.step idx=865
Direct Newton iteration succeeded in finding operating point.

.step idx=866
Direct Newton iteration succeeded in finding operating point.

.step idx=867
Direct Newton iteration succeeded in finding operating point.

.step idx=868
Direct Newton iteration succeeded in finding operating point.

.step idx=869
Direct Newton iteration succeeded in finding operating point.

.step idx=870
Direct Newton iteration succeeded in finding operating point.

.step idx=871
Direct Newton iteration succeeded in finding operating point.

.step idx=872
Direct Newton iteration succeeded in finding operating point.

.step idx=873
Direct Newton iteration succeeded in finding operating point.

.step idx=874
Direct Newton iteration succeeded in finding operating point.

.step idx=875
Direct Newton iteration succeeded in finding operating point.

.step idx=876
Direct Newton iteration succeeded in finding operating point.

.step idx=877
Direct Newton iteration succeeded in finding operating point.

.step idx=878
Direct Newton iteration succeeded in finding operating point.

.step idx=879
Direct Newton iteration succeeded in finding operating point.

.step idx=880
Direct Newton iteration succeeded in finding operating point.

.step idx=881
Direct Newton iteration succeeded in finding operating point.

.step idx=882
Direct Newton iteration succeeded in finding operating point.

.step idx=883
Direct Newton iteration succeeded in finding operating point.

.step idx=884
Direct Newton iteration succeeded in finding operating point.

.step idx=885
Direct Newton iteration succeeded in finding operating point.

.step idx=886
Direct Newton iteration succeeded in finding operating point.

.step idx=887
Direct Newton iteration succeeded in finding operating point.

.step idx=888
Direct Newton iteration succeeded in finding operating point.

.step idx=889
Direct Newton iteration succeeded in finding operating point.

.step idx=890
Direct Newton iteration succeeded in finding operating point.

.step idx=891
Direct Newton iteration succeeded in finding operating point.

.step idx=892
Direct Newton iteration succeeded in finding operating point.

.step idx=893
Direct Newton iteration succeeded in finding operating point.

.step idx=894
Direct Newton iteration succeeded in finding operating point.

.step idx=895
Direct Newton iteration succeeded in finding operating point.

.step idx=896
Direct Newton iteration succeeded in finding operating point.

.step idx=897
Direct Newton iteration succeeded in finding operating point.

.step idx=898
Direct Newton iteration succeeded in finding operating point.

.step idx=899
Direct Newton iteration succeeded in finding operating point.

.step idx=900
Direct Newton iteration succeeded in finding operating point.

.step idx=901
Direct Newton iteration succeeded in finding operating point.

.step idx=902
Direct Newton iteration succeeded in finding operating point.

.step idx=903
Direct Newton iteration succeeded in finding operating point.

.step idx=904
Direct Newton iteration succeeded in finding operating point.

.step idx=905
Direct Newton iteration succeeded in finding operating point.

.step idx=906
Direct Newton iteration succeeded in finding operating point.

.step idx=907
Direct Newton iteration succeeded in finding operating point.

.step idx=908
Direct Newton iteration succeeded in finding operating point.

.step idx=909
Direct Newton iteration succeeded in finding operating point.

.step idx=910
Direct Newton iteration succeeded in finding operating point.

.step idx=911
Direct Newton iteration succeeded in finding operating point.

.step idx=912
Direct Newton iteration succeeded in finding operating point.

.step idx=913
Direct Newton iteration succeeded in finding operating point.

.step idx=914
Direct Newton iteration succeeded in finding operating point.

.step idx=915
Direct Newton iteration succeeded in finding operating point.

.step idx=916
Direct Newton iteration succeeded in finding operating point.

.step idx=917
Direct Newton iteration succeeded in finding operating point.

.step idx=918
Direct Newton iteration succeeded in finding operating point.

.step idx=919
Direct Newton iteration succeeded in finding operating point.

.step idx=920
Direct Newton iteration succeeded in finding operating point.

.step idx=921
Direct Newton iteration succeeded in finding operating point.

.step idx=922
Direct Newton iteration succeeded in finding operating point.

.step idx=923
Direct Newton iteration succeeded in finding operating point.

.step idx=924
Direct Newton iteration succeeded in finding operating point.

.step idx=925
Direct Newton iteration succeeded in finding operating point.

.step idx=926
Direct Newton iteration succeeded in finding operating point.

.step idx=927
Direct Newton iteration succeeded in finding operating point.

.step idx=928
Direct Newton iteration succeeded in finding operating point.

.step idx=929
Direct Newton iteration succeeded in finding operating point.

.step idx=930
Direct Newton iteration succeeded in finding operating point.

.step idx=931
Direct Newton iteration succeeded in finding operating point.

.step idx=932
Direct Newton iteration succeeded in finding operating point.

.step idx=933
Direct Newton iteration succeeded in finding operating point.

.step idx=934
Direct Newton iteration succeeded in finding operating point.

.step idx=935
Direct Newton iteration succeeded in finding operating point.

.step idx=936
Direct Newton iteration succeeded in finding operating point.

.step idx=937
Direct Newton iteration succeeded in finding operating point.

.step idx=938
Direct Newton iteration succeeded in finding operating point.

.step idx=939
Direct Newton iteration succeeded in finding operating point.

.step idx=940
Direct Newton iteration succeeded in finding operating point.

.step idx=941
Direct Newton iteration succeeded in finding operating point.

.step idx=942
Direct Newton iteration succeeded in finding operating point.

.step idx=943
Direct Newton iteration succeeded in finding operating point.

.step idx=944
Direct Newton iteration succeeded in finding operating point.

.step idx=945
Direct Newton iteration succeeded in finding operating point.

.step idx=946
Direct Newton iteration succeeded in finding operating point.

.step idx=947
Direct Newton iteration succeeded in finding operating point.

.step idx=948
Direct Newton iteration succeeded in finding operating point.

.step idx=949
Direct Newton iteration succeeded in finding operating point.

.step idx=950
Direct Newton iteration succeeded in finding operating point.

.step idx=951
Direct Newton iteration succeeded in finding operating point.

.step idx=952
Direct Newton iteration succeeded in finding operating point.

.step idx=953
Direct Newton iteration succeeded in finding operating point.

.step idx=954
Direct Newton iteration succeeded in finding operating point.

.step idx=955
Direct Newton iteration succeeded in finding operating point.

.step idx=956
Direct Newton iteration succeeded in finding operating point.

.step idx=957
Direct Newton iteration succeeded in finding operating point.

.step idx=958
Direct Newton iteration succeeded in finding operating point.

.step idx=959
Direct Newton iteration succeeded in finding operating point.

.step idx=960
Direct Newton iteration succeeded in finding operating point.

.step idx=961
Direct Newton iteration succeeded in finding operating point.

.step idx=962
Direct Newton iteration succeeded in finding operating point.

.step idx=963
Direct Newton iteration succeeded in finding operating point.

.step idx=964
Direct Newton iteration succeeded in finding operating point.

.step idx=965
Direct Newton iteration succeeded in finding operating point.

.step idx=966
Direct Newton iteration succeeded in finding operating point.

.step idx=967
Direct Newton iteration succeeded in finding operating point.

.step idx=968
Direct Newton iteration succeeded in finding operating point.

.step idx=969
Direct Newton iteration succeeded in finding operating point.

.step idx=970
Direct Newton iteration succeeded in finding operating point.

.step idx=971
Direct Newton iteration succeeded in finding operating point.

.step idx=972
Direct Newton iteration succeeded in finding operating point.

.step idx=973
Direct Newton iteration succeeded in finding operating point.

.step idx=974
Direct Newton iteration succeeded in finding operating point.

.step idx=975
Direct Newton iteration succeeded in finding operating point.

.step idx=976
Direct Newton iteration succeeded in finding operating point.

.step idx=977
Direct Newton iteration succeeded in finding operating point.

.step idx=978
Direct Newton iteration succeeded in finding operating point.

.step idx=979
Direct Newton iteration succeeded in finding operating point.

.step idx=980
Direct Newton iteration succeeded in finding operating point.

.step idx=981
Direct Newton iteration succeeded in finding operating point.

.step idx=982
Direct Newton iteration succeeded in finding operating point.

.step idx=983
Direct Newton iteration succeeded in finding operating point.

.step idx=984
Direct Newton iteration succeeded in finding operating point.

.step idx=985
Direct Newton iteration succeeded in finding operating point.

.step idx=986
Direct Newton iteration succeeded in finding operating point.

.step idx=987
Direct Newton iteration succeeded in finding operating point.

.step idx=988
Direct Newton iteration succeeded in finding operating point.

.step idx=989
Direct Newton iteration succeeded in finding operating point.

.step idx=990
Direct Newton iteration succeeded in finding operating point.

.step idx=991
Direct Newton iteration succeeded in finding operating point.

.step idx=992
Direct Newton iteration succeeded in finding operating point.

.step idx=993
Direct Newton iteration succeeded in finding operating point.

.step idx=994
Direct Newton iteration succeeded in finding operating point.

.step idx=995
Direct Newton iteration succeeded in finding operating point.

.step idx=996
Direct Newton iteration succeeded in finding operating point.

.step idx=997
Direct Newton iteration succeeded in finding operating point.

.step idx=998
Direct Newton iteration succeeded in finding operating point.

.step idx=999
Direct Newton iteration succeeded in finding operating point.

.step idx=1000
Direct Newton iteration succeeded in finding operating point.

.step idx=1001
Direct Newton iteration succeeded in finding operating point.

.step idx=1002
Direct Newton iteration succeeded in finding operating point.

.step idx=1003
Direct Newton iteration succeeded in finding operating point.

.step idx=1004
Direct Newton iteration succeeded in finding operating point.

.step idx=1005
Direct Newton iteration succeeded in finding operating point.

.step idx=1006
Direct Newton iteration succeeded in finding operating point.

.step idx=1007
Direct Newton iteration succeeded in finding operating point.

.step idx=1008
Direct Newton iteration succeeded in finding operating point.

.step idx=1009
Direct Newton iteration succeeded in finding operating point.

.step idx=1010
Direct Newton iteration succeeded in finding operating point.

.step idx=1011
Direct Newton iteration succeeded in finding operating point.

.step idx=1012
Direct Newton iteration succeeded in finding operating point.

.step idx=1013
Direct Newton iteration succeeded in finding operating point.

.step idx=1014
Direct Newton iteration succeeded in finding operating point.

.step idx=1015
Direct Newton iteration succeeded in finding operating point.

.step idx=1016
Direct Newton iteration succeeded in finding operating point.

.step idx=1017
Direct Newton iteration succeeded in finding operating point.

.step idx=1018
Direct Newton iteration succeeded in finding operating point.

.step idx=1019
Direct Newton iteration succeeded in finding operating point.

.step idx=1020
Direct Newton iteration succeeded in finding operating point.

.step idx=1021
Direct Newton iteration succeeded in finding operating point.

.step idx=1022
Direct Newton iteration succeeded in finding operating point.

.step idx=1023
Direct Newton iteration succeeded in finding operating point.

.step idx=1024
Direct Newton iteration succeeded in finding operating point.

.step idx=1025
Direct Newton iteration succeeded in finding operating point.

.step idx=1026
Direct Newton iteration succeeded in finding operating point.

.step idx=1027
Direct Newton iteration succeeded in finding operating point.

.step idx=1028
Direct Newton iteration succeeded in finding operating point.

.step idx=1029
Direct Newton iteration succeeded in finding operating point.

.step idx=1030
Direct Newton iteration succeeded in finding operating point.

.step idx=1031
Direct Newton iteration succeeded in finding operating point.

.step idx=1032
Direct Newton iteration succeeded in finding operating point.

.step idx=1033
Direct Newton iteration succeeded in finding operating point.

.step idx=1034
Direct Newton iteration succeeded in finding operating point.

.step idx=1035
Direct Newton iteration succeeded in finding operating point.

.step idx=1036
Direct Newton iteration succeeded in finding operating point.

.step idx=1037
Direct Newton iteration succeeded in finding operating point.

.step idx=1038
Direct Newton iteration succeeded in finding operating point.

.step idx=1039
Direct Newton iteration succeeded in finding operating point.

.step idx=1040
Direct Newton iteration succeeded in finding operating point.

.step idx=1041
Direct Newton iteration succeeded in finding operating point.

.step idx=1042
Direct Newton iteration succeeded in finding operating point.

.step idx=1043
Direct Newton iteration succeeded in finding operating point.

.step idx=1044
Direct Newton iteration succeeded in finding operating point.

.step idx=1045
Direct Newton iteration succeeded in finding operating point.

.step idx=1046
Direct Newton iteration succeeded in finding operating point.

.step idx=1047
Direct Newton iteration succeeded in finding operating point.

.step idx=1048
Direct Newton iteration succeeded in finding operating point.

.step idx=1049
Direct Newton iteration succeeded in finding operating point.

.step idx=1050
Direct Newton iteration succeeded in finding operating point.

.step idx=1051
Direct Newton iteration succeeded in finding operating point.

.step idx=1052
Direct Newton iteration succeeded in finding operating point.

.step idx=1053
Direct Newton iteration succeeded in finding operating point.

.step idx=1054
Direct Newton iteration succeeded in finding operating point.

.step idx=1055
Direct Newton iteration succeeded in finding operating point.

.step idx=1056
Direct Newton iteration succeeded in finding operating point.

.step idx=1057
Direct Newton iteration succeeded in finding operating point.

.step idx=1058
Direct Newton iteration succeeded in finding operating point.

.step idx=1059
Direct Newton iteration succeeded in finding operating point.

.step idx=1060
Direct Newton iteration succeeded in finding operating point.

.step idx=1061
Direct Newton iteration succeeded in finding operating point.

.step idx=1062
Direct Newton iteration succeeded in finding operating point.

.step idx=1063
Direct Newton iteration succeeded in finding operating point.

.step idx=1064
Direct Newton iteration succeeded in finding operating point.

.step idx=1065
Direct Newton iteration succeeded in finding operating point.

.step idx=1066
Direct Newton iteration succeeded in finding operating point.

.step idx=1067
Direct Newton iteration succeeded in finding operating point.

.step idx=1068
Direct Newton iteration succeeded in finding operating point.

.step idx=1069
Direct Newton iteration succeeded in finding operating point.

.step idx=1070
Direct Newton iteration succeeded in finding operating point.

.step idx=1071
Direct Newton iteration succeeded in finding operating point.

.step idx=1072
Direct Newton iteration succeeded in finding operating point.

.step idx=1073
Direct Newton iteration succeeded in finding operating point.

.step idx=1074
Direct Newton iteration succeeded in finding operating point.

.step idx=1075
Direct Newton iteration succeeded in finding operating point.

.step idx=1076
Direct Newton iteration succeeded in finding operating point.

.step idx=1077
Direct Newton iteration succeeded in finding operating point.

.step idx=1078
Direct Newton iteration succeeded in finding operating point.

.step idx=1079
Direct Newton iteration succeeded in finding operating point.

.step idx=1080
Direct Newton iteration succeeded in finding operating point.

.step idx=1081
Direct Newton iteration succeeded in finding operating point.

.step idx=1082
Direct Newton iteration succeeded in finding operating point.

.step idx=1083
Direct Newton iteration succeeded in finding operating point.

.step idx=1084
Direct Newton iteration succeeded in finding operating point.

.step idx=1085
Direct Newton iteration succeeded in finding operating point.

.step idx=1086
Direct Newton iteration succeeded in finding operating point.

.step idx=1087
Direct Newton iteration succeeded in finding operating point.

.step idx=1088
Direct Newton iteration succeeded in finding operating point.

.step idx=1089
Direct Newton iteration succeeded in finding operating point.

.step idx=1090
Direct Newton iteration succeeded in finding operating point.

.step idx=1091
Direct Newton iteration succeeded in finding operating point.

.step idx=1092
Direct Newton iteration succeeded in finding operating point.

.step idx=1093
Direct Newton iteration succeeded in finding operating point.

.step idx=1094
Direct Newton iteration succeeded in finding operating point.

.step idx=1095
Direct Newton iteration succeeded in finding operating point.

.step idx=1096
Direct Newton iteration succeeded in finding operating point.

.step idx=1097
Direct Newton iteration succeeded in finding operating point.

.step idx=1098
Direct Newton iteration succeeded in finding operating point.

.step idx=1099
Direct Newton iteration succeeded in finding operating point.

.step idx=1100
Direct Newton iteration succeeded in finding operating point.

.step idx=1101
Direct Newton iteration succeeded in finding operating point.

.step idx=1102
Direct Newton iteration succeeded in finding operating point.

.step idx=1103
Direct Newton iteration succeeded in finding operating point.

.step idx=1104
Direct Newton iteration succeeded in finding operating point.

.step idx=1105
Direct Newton iteration succeeded in finding operating point.

.step idx=1106
Direct Newton iteration succeeded in finding operating point.

.step idx=1107
Direct Newton iteration succeeded in finding operating point.

.step idx=1108
Direct Newton iteration succeeded in finding operating point.

.step idx=1109
Direct Newton iteration succeeded in finding operating point.

.step idx=1110
Direct Newton iteration succeeded in finding operating point.

.step idx=1111
Direct Newton iteration succeeded in finding operating point.

.step idx=1112
Direct Newton iteration succeeded in finding operating point.

.step idx=1113
Direct Newton iteration succeeded in finding operating point.

.step idx=1114
Direct Newton iteration succeeded in finding operating point.

.step idx=1115
Direct Newton iteration succeeded in finding operating point.

.step idx=1116
Direct Newton iteration succeeded in finding operating point.

.step idx=1117
Direct Newton iteration succeeded in finding operating point.

.step idx=1118
Direct Newton iteration succeeded in finding operating point.

.step idx=1119
Direct Newton iteration succeeded in finding operating point.

.step idx=1120
Direct Newton iteration succeeded in finding operating point.

.step idx=1121
Direct Newton iteration succeeded in finding operating point.

.step idx=1122
Direct Newton iteration succeeded in finding operating point.

.step idx=1123
Direct Newton iteration succeeded in finding operating point.

.step idx=1124
Direct Newton iteration succeeded in finding operating point.

.step idx=1125
Direct Newton iteration succeeded in finding operating point.

.step idx=1126
Direct Newton iteration succeeded in finding operating point.

.step idx=1127
Direct Newton iteration succeeded in finding operating point.

.step idx=1128
Direct Newton iteration succeeded in finding operating point.

.step idx=1129
Direct Newton iteration succeeded in finding operating point.

.step idx=1130
Direct Newton iteration succeeded in finding operating point.

.step idx=1131
Direct Newton iteration succeeded in finding operating point.

.step idx=1132
Direct Newton iteration succeeded in finding operating point.

.step idx=1133
Direct Newton iteration succeeded in finding operating point.

.step idx=1134
Direct Newton iteration succeeded in finding operating point.

.step idx=1135
Direct Newton iteration succeeded in finding operating point.

.step idx=1136
Direct Newton iteration succeeded in finding operating point.

.step idx=1137
Direct Newton iteration succeeded in finding operating point.

.step idx=1138
Direct Newton iteration succeeded in finding operating point.

.step idx=1139
Direct Newton iteration succeeded in finding operating point.

.step idx=1140
Direct Newton iteration succeeded in finding operating point.

.step idx=1141
Direct Newton iteration succeeded in finding operating point.

.step idx=1142
Direct Newton iteration succeeded in finding operating point.

.step idx=1143
Direct Newton iteration succeeded in finding operating point.

.step idx=1144
Direct Newton iteration succeeded in finding operating point.

.step idx=1145
Direct Newton iteration succeeded in finding operating point.

.step idx=1146
Direct Newton iteration succeeded in finding operating point.

.step idx=1147
Direct Newton iteration succeeded in finding operating point.

.step idx=1148
Direct Newton iteration succeeded in finding operating point.

.step idx=1149
Direct Newton iteration succeeded in finding operating point.

.step idx=1150
Direct Newton iteration succeeded in finding operating point.

.step idx=1151
Direct Newton iteration succeeded in finding operating point.

.step idx=1152
Direct Newton iteration succeeded in finding operating point.

.step idx=1153
Direct Newton iteration succeeded in finding operating point.

.step idx=1154
Direct Newton iteration succeeded in finding operating point.

.step idx=1155
Direct Newton iteration succeeded in finding operating point.

.step idx=1156
Direct Newton iteration succeeded in finding operating point.

.step idx=1157
Direct Newton iteration succeeded in finding operating point.

.step idx=1158
Direct Newton iteration succeeded in finding operating point.

.step idx=1159
Direct Newton iteration succeeded in finding operating point.

.step idx=1160
Direct Newton iteration succeeded in finding operating point.

.step idx=1161
Direct Newton iteration succeeded in finding operating point.

.step idx=1162
Direct Newton iteration succeeded in finding operating point.

.step idx=1163
Direct Newton iteration succeeded in finding operating point.

.step idx=1164
Direct Newton iteration succeeded in finding operating point.

.step idx=1165
Direct Newton iteration succeeded in finding operating point.

.step idx=1166
Direct Newton iteration succeeded in finding operating point.

.step idx=1167
Direct Newton iteration succeeded in finding operating point.

.step idx=1168
Direct Newton iteration succeeded in finding operating point.

.step idx=1169
Direct Newton iteration succeeded in finding operating point.

.step idx=1170
Direct Newton iteration succeeded in finding operating point.

.step idx=1171
Direct Newton iteration succeeded in finding operating point.

.step idx=1172
Direct Newton iteration succeeded in finding operating point.

.step idx=1173
Direct Newton iteration succeeded in finding operating point.

.step idx=1174
Direct Newton iteration succeeded in finding operating point.

.step idx=1175
Direct Newton iteration succeeded in finding operating point.

.step idx=1176
Direct Newton iteration succeeded in finding operating point.

.step idx=1177
Direct Newton iteration succeeded in finding operating point.

.step idx=1178
Direct Newton iteration succeeded in finding operating point.

.step idx=1179
Direct Newton iteration succeeded in finding operating point.

.step idx=1180
Direct Newton iteration succeeded in finding operating point.

.step idx=1181
Direct Newton iteration succeeded in finding operating point.

.step idx=1182
Direct Newton iteration succeeded in finding operating point.

.step idx=1183
Direct Newton iteration succeeded in finding operating point.

.step idx=1184
Direct Newton iteration succeeded in finding operating point.

.step idx=1185
Direct Newton iteration succeeded in finding operating point.

.step idx=1186
Direct Newton iteration succeeded in finding operating point.

.step idx=1187
Direct Newton iteration succeeded in finding operating point.

.step idx=1188
Direct Newton iteration succeeded in finding operating point.

.step idx=1189
Direct Newton iteration succeeded in finding operating point.

.step idx=1190
Direct Newton iteration succeeded in finding operating point.

.step idx=1191
Direct Newton iteration succeeded in finding operating point.

.step idx=1192
Direct Newton iteration succeeded in finding operating point.

.step idx=1193
Direct Newton iteration succeeded in finding operating point.

.step idx=1194
Direct Newton iteration succeeded in finding operating point.

.step idx=1195
Direct Newton iteration succeeded in finding operating point.

.step idx=1196
Direct Newton iteration succeeded in finding operating point.

.step idx=1197
Direct Newton iteration succeeded in finding operating point.

.step idx=1198
Direct Newton iteration succeeded in finding operating point.

.step idx=1199
Direct Newton iteration succeeded in finding operating point.

.step idx=1200
Direct Newton iteration succeeded in finding operating point.

.step idx=1201
Direct Newton iteration succeeded in finding operating point.

.step idx=1202
Direct Newton iteration succeeded in finding operating point.

.step idx=1203
Direct Newton iteration succeeded in finding operating point.

.step idx=1204
Direct Newton iteration succeeded in finding operating point.

.step idx=1205
Direct Newton iteration succeeded in finding operating point.

.step idx=1206
Direct Newton iteration succeeded in finding operating point.

.step idx=1207
Direct Newton iteration succeeded in finding operating point.

.step idx=1208
Direct Newton iteration succeeded in finding operating point.

.step idx=1209
Direct Newton iteration succeeded in finding operating point.

.step idx=1210
Direct Newton iteration succeeded in finding operating point.

.step idx=1211
Direct Newton iteration succeeded in finding operating point.

.step idx=1212
Direct Newton iteration succeeded in finding operating point.

.step idx=1213
Direct Newton iteration succeeded in finding operating point.

.step idx=1214
Direct Newton iteration succeeded in finding operating point.

.step idx=1215
Direct Newton iteration succeeded in finding operating point.

.step idx=1216
Direct Newton iteration succeeded in finding operating point.

.step idx=1217
Direct Newton iteration succeeded in finding operating point.

.step idx=1218
Direct Newton iteration succeeded in finding operating point.

.step idx=1219
Direct Newton iteration succeeded in finding operating point.

.step idx=1220
Direct Newton iteration succeeded in finding operating point.

.step idx=1221
Direct Newton iteration succeeded in finding operating point.

.step idx=1222
Direct Newton iteration succeeded in finding operating point.

.step idx=1223
Direct Newton iteration succeeded in finding operating point.

.step idx=1224
Direct Newton iteration succeeded in finding operating point.

.step idx=1225
Direct Newton iteration succeeded in finding operating point.

.step idx=1226
Direct Newton iteration succeeded in finding operating point.

.step idx=1227
Direct Newton iteration succeeded in finding operating point.

.step idx=1228
Direct Newton iteration succeeded in finding operating point.

.step idx=1229
Direct Newton iteration succeeded in finding operating point.

.step idx=1230
Direct Newton iteration succeeded in finding operating point.

.step idx=1231
Direct Newton iteration succeeded in finding operating point.

.step idx=1232
Direct Newton iteration succeeded in finding operating point.

.step idx=1233
Direct Newton iteration succeeded in finding operating point.

.step idx=1234
Direct Newton iteration succeeded in finding operating point.

.step idx=1235
Direct Newton iteration succeeded in finding operating point.

.step idx=1236
Direct Newton iteration succeeded in finding operating point.

.step idx=1237
Direct Newton iteration succeeded in finding operating point.

.step idx=1238
Direct Newton iteration succeeded in finding operating point.

.step idx=1239
Direct Newton iteration succeeded in finding operating point.

.step idx=1240
Direct Newton iteration succeeded in finding operating point.

.step idx=1241
Direct Newton iteration succeeded in finding operating point.

.step idx=1242
Direct Newton iteration succeeded in finding operating point.

.step idx=1243
Direct Newton iteration succeeded in finding operating point.

.step idx=1244
Direct Newton iteration succeeded in finding operating point.

.step idx=1245
Direct Newton iteration succeeded in finding operating point.

.step idx=1246
Direct Newton iteration succeeded in finding operating point.

.step idx=1247
Direct Newton iteration succeeded in finding operating point.

.step idx=1248
Direct Newton iteration succeeded in finding operating point.

.step idx=1249
Direct Newton iteration succeeded in finding operating point.

.step idx=1250
Direct Newton iteration succeeded in finding operating point.

.step idx=1251
Direct Newton iteration succeeded in finding operating point.

.step idx=1252
Direct Newton iteration succeeded in finding operating point.

.step idx=1253
Direct Newton iteration succeeded in finding operating point.

.step idx=1254
Direct Newton iteration succeeded in finding operating point.

.step idx=1255
Direct Newton iteration succeeded in finding operating point.

.step idx=1256
Direct Newton iteration succeeded in finding operating point.

.step idx=1257
Direct Newton iteration succeeded in finding operating point.

.step idx=1258
Direct Newton iteration succeeded in finding operating point.

.step idx=1259
Direct Newton iteration succeeded in finding operating point.

.step idx=1260
Direct Newton iteration succeeded in finding operating point.

.step idx=1261
Direct Newton iteration succeeded in finding operating point.

.step idx=1262
Direct Newton iteration succeeded in finding operating point.

.step idx=1263
Direct Newton iteration succeeded in finding operating point.

.step idx=1264
Direct Newton iteration succeeded in finding operating point.

.step idx=1265
Direct Newton iteration succeeded in finding operating point.

.step idx=1266
Direct Newton iteration succeeded in finding operating point.

.step idx=1267
Direct Newton iteration succeeded in finding operating point.

.step idx=1268
Direct Newton iteration succeeded in finding operating point.

.step idx=1269
Direct Newton iteration succeeded in finding operating point.

.step idx=1270
Direct Newton iteration succeeded in finding operating point.

.step idx=1271
Direct Newton iteration succeeded in finding operating point.

.step idx=1272
Direct Newton iteration succeeded in finding operating point.

.step idx=1273
Direct Newton iteration succeeded in finding operating point.

.step idx=1274
Direct Newton iteration succeeded in finding operating point.

.step idx=1275
Direct Newton iteration succeeded in finding operating point.

.step idx=1276
Direct Newton iteration succeeded in finding operating point.

.step idx=1277
Direct Newton iteration succeeded in finding operating point.

.step idx=1278
Direct Newton iteration succeeded in finding operating point.

.step idx=1279
Direct Newton iteration succeeded in finding operating point.

.step idx=1280
Direct Newton iteration succeeded in finding operating point.

.step idx=1281
Direct Newton iteration succeeded in finding operating point.

.step idx=1282
Direct Newton iteration succeeded in finding operating point.

.step idx=1283
Direct Newton iteration succeeded in finding operating point.

.step idx=1284
Direct Newton iteration succeeded in finding operating point.

.step idx=1285
Direct Newton iteration succeeded in finding operating point.

.step idx=1286
Direct Newton iteration succeeded in finding operating point.

.step idx=1287
Direct Newton iteration succeeded in finding operating point.

.step idx=1288
Direct Newton iteration succeeded in finding operating point.

.step idx=1289
Direct Newton iteration succeeded in finding operating point.

.step idx=1290
Direct Newton iteration succeeded in finding operating point.

.step idx=1291
Direct Newton iteration succeeded in finding operating point.

.step idx=1292
Direct Newton iteration succeeded in finding operating point.

.step idx=1293
Direct Newton iteration succeeded in finding operating point.

.step idx=1294
Direct Newton iteration succeeded in finding operating point.

.step idx=1295
Direct Newton iteration succeeded in finding operating point.

.step idx=1296
Direct Newton iteration succeeded in finding operating point.

.step idx=1297
Direct Newton iteration succeeded in finding operating point.

.step idx=1298
Direct Newton iteration succeeded in finding operating point.

.step idx=1299
Direct Newton iteration succeeded in finding operating point.

.step idx=1300
Direct Newton iteration succeeded in finding operating point.

.step idx=1301
Direct Newton iteration succeeded in finding operating point.

.step idx=1302
Direct Newton iteration succeeded in finding operating point.

.step idx=1303
Direct Newton iteration succeeded in finding operating point.

.step idx=1304
Direct Newton iteration succeeded in finding operating point.

.step idx=1305
Direct Newton iteration succeeded in finding operating point.

.step idx=1306
Direct Newton iteration succeeded in finding operating point.

.step idx=1307
Direct Newton iteration succeeded in finding operating point.

.step idx=1308
Direct Newton iteration succeeded in finding operating point.

.step idx=1309
Direct Newton iteration succeeded in finding operating point.

.step idx=1310
Direct Newton iteration succeeded in finding operating point.

.step idx=1311
Direct Newton iteration succeeded in finding operating point.

.step idx=1312
Direct Newton iteration succeeded in finding operating point.

.step idx=1313
Direct Newton iteration succeeded in finding operating point.

.step idx=1314
Direct Newton iteration succeeded in finding operating point.

.step idx=1315
Direct Newton iteration succeeded in finding operating point.

.step idx=1316
Direct Newton iteration succeeded in finding operating point.

.step idx=1317
Direct Newton iteration succeeded in finding operating point.

.step idx=1318
Direct Newton iteration succeeded in finding operating point.

.step idx=1319
Direct Newton iteration succeeded in finding operating point.

.step idx=1320
Direct Newton iteration succeeded in finding operating point.

.step idx=1321
Direct Newton iteration succeeded in finding operating point.

.step idx=1322
Direct Newton iteration succeeded in finding operating point.

.step idx=1323
Direct Newton iteration succeeded in finding operating point.

.step idx=1324
Direct Newton iteration succeeded in finding operating point.

.step idx=1325
Direct Newton iteration succeeded in finding operating point.

.step idx=1326
Direct Newton iteration succeeded in finding operating point.

.step idx=1327
Direct Newton iteration succeeded in finding operating point.

.step idx=1328
Direct Newton iteration succeeded in finding operating point.

.step idx=1329
Direct Newton iteration succeeded in finding operating point.

.step idx=1330
Direct Newton iteration succeeded in finding operating point.

.step idx=1331
Direct Newton iteration succeeded in finding operating point.

.step idx=1332
Direct Newton iteration succeeded in finding operating point.

.step idx=1333
Direct Newton iteration succeeded in finding operating point.

.step idx=1334
Direct Newton iteration succeeded in finding operating point.

.step idx=1335
Direct Newton iteration succeeded in finding operating point.

.step idx=1336
Direct Newton iteration succeeded in finding operating point.

.step idx=1337
Direct Newton iteration succeeded in finding operating point.

.step idx=1338
Direct Newton iteration succeeded in finding operating point.

.step idx=1339
Direct Newton iteration succeeded in finding operating point.

.step idx=1340
Direct Newton iteration succeeded in finding operating point.

.step idx=1341
Direct Newton iteration succeeded in finding operating point.

.step idx=1342
Direct Newton iteration succeeded in finding operating point.

.step idx=1343
Direct Newton iteration succeeded in finding operating point.

.step idx=1344
Direct Newton iteration succeeded in finding operating point.

.step idx=1345
Direct Newton iteration succeeded in finding operating point.

.step idx=1346
Direct Newton iteration succeeded in finding operating point.

.step idx=1347
Direct Newton iteration succeeded in finding operating point.

.step idx=1348
Direct Newton iteration succeeded in finding operating point.

.step idx=1349
Direct Newton iteration succeeded in finding operating point.

.step idx=1350
Direct Newton iteration succeeded in finding operating point.

.step idx=1351
Direct Newton iteration succeeded in finding operating point.

.step idx=1352
Direct Newton iteration succeeded in finding operating point.

.step idx=1353
Direct Newton iteration succeeded in finding operating point.

.step idx=1354
Direct Newton iteration succeeded in finding operating point.

.step idx=1355
Direct Newton iteration succeeded in finding operating point.

.step idx=1356
Direct Newton iteration succeeded in finding operating point.

.step idx=1357
Direct Newton iteration succeeded in finding operating point.

.step idx=1358
Direct Newton iteration succeeded in finding operating point.

.step idx=1359
Direct Newton iteration succeeded in finding operating point.

.step idx=1360
Direct Newton iteration succeeded in finding operating point.

.step idx=1361
Direct Newton iteration succeeded in finding operating point.

.step idx=1362
Direct Newton iteration succeeded in finding operating point.

.step idx=1363
Direct Newton iteration succeeded in finding operating point.

.step idx=1364
Direct Newton iteration succeeded in finding operating point.

.step idx=1365
Direct Newton iteration succeeded in finding operating point.

.step idx=1366
Direct Newton iteration succeeded in finding operating point.

.step idx=1367
Direct Newton iteration succeeded in finding operating point.

.step idx=1368
Direct Newton iteration succeeded in finding operating point.

.step idx=1369
Direct Newton iteration succeeded in finding operating point.

.step idx=1370
Direct Newton iteration succeeded in finding operating point.

.step idx=1371
Direct Newton iteration succeeded in finding operating point.

.step idx=1372
Direct Newton iteration succeeded in finding operating point.

.step idx=1373
Direct Newton iteration succeeded in finding operating point.

.step idx=1374
Direct Newton iteration succeeded in finding operating point.

.step idx=1375
Direct Newton iteration succeeded in finding operating point.

.step idx=1376
Direct Newton iteration succeeded in finding operating point.

.step idx=1377
Direct Newton iteration succeeded in finding operating point.

.step idx=1378
Direct Newton iteration succeeded in finding operating point.

.step idx=1379
Direct Newton iteration succeeded in finding operating point.

.step idx=1380
Direct Newton iteration succeeded in finding operating point.

.step idx=1381
Direct Newton iteration succeeded in finding operating point.

.step idx=1382
Direct Newton iteration succeeded in finding operating point.

.step idx=1383
Direct Newton iteration succeeded in finding operating point.

.step idx=1384
Direct Newton iteration succeeded in finding operating point.

.step idx=1385
Direct Newton iteration succeeded in finding operating point.

.step idx=1386
Direct Newton iteration succeeded in finding operating point.

.step idx=1387
Direct Newton iteration succeeded in finding operating point.

.step idx=1388
Direct Newton iteration succeeded in finding operating point.

.step idx=1389
Direct Newton iteration succeeded in finding operating point.

.step idx=1390
Direct Newton iteration succeeded in finding operating point.

.step idx=1391
Direct Newton iteration succeeded in finding operating point.

.step idx=1392
Direct Newton iteration succeeded in finding operating point.

.step idx=1393
Direct Newton iteration succeeded in finding operating point.

.step idx=1394
Direct Newton iteration succeeded in finding operating point.

.step idx=1395
Direct Newton iteration succeeded in finding operating point.

.step idx=1396
Direct Newton iteration succeeded in finding operating point.

.step idx=1397
Direct Newton iteration succeeded in finding operating point.

.step idx=1398
Direct Newton iteration succeeded in finding operating point.

.step idx=1399
Direct Newton iteration succeeded in finding operating point.

.step idx=1400
Direct Newton iteration succeeded in finding operating point.

.step idx=1401
Direct Newton iteration succeeded in finding operating point.

.step idx=1402
Direct Newton iteration succeeded in finding operating point.

.step idx=1403
Direct Newton iteration succeeded in finding operating point.

.step idx=1404
Direct Newton iteration succeeded in finding operating point.

.step idx=1405
Direct Newton iteration succeeded in finding operating point.

.step idx=1406
Direct Newton iteration succeeded in finding operating point.

.step idx=1407
Direct Newton iteration succeeded in finding operating point.

.step idx=1408
Direct Newton iteration succeeded in finding operating point.

.step idx=1409
Direct Newton iteration succeeded in finding operating point.

.step idx=1410
Direct Newton iteration succeeded in finding operating point.

.step idx=1411
Direct Newton iteration succeeded in finding operating point.

.step idx=1412
Direct Newton iteration succeeded in finding operating point.

.step idx=1413
Direct Newton iteration succeeded in finding operating point.

.step idx=1414
Direct Newton iteration succeeded in finding operating point.

.step idx=1415
Direct Newton iteration succeeded in finding operating point.

.step idx=1416
Direct Newton iteration succeeded in finding operating point.

.step idx=1417
Direct Newton iteration succeeded in finding operating point.

.step idx=1418
Direct Newton iteration succeeded in finding operating point.

.step idx=1419
Direct Newton iteration succeeded in finding operating point.

.step idx=1420
Direct Newton iteration succeeded in finding operating point.

.step idx=1421
Direct Newton iteration succeeded in finding operating point.

.step idx=1422
Direct Newton iteration succeeded in finding operating point.

.step idx=1423
Direct Newton iteration succeeded in finding operating point.

.step idx=1424
Direct Newton iteration succeeded in finding operating point.

.step idx=1425
Direct Newton iteration succeeded in finding operating point.

.step idx=1426
Direct Newton iteration succeeded in finding operating point.

.step idx=1427
Direct Newton iteration succeeded in finding operating point.

.step idx=1428
Direct Newton iteration succeeded in finding operating point.

.step idx=1429
Direct Newton iteration succeeded in finding operating point.

.step idx=1430
Direct Newton iteration succeeded in finding operating point.

.step idx=1431
Direct Newton iteration succeeded in finding operating point.

.step idx=1432
Direct Newton iteration succeeded in finding operating point.

.step idx=1433
Direct Newton iteration succeeded in finding operating point.

.step idx=1434
Direct Newton iteration succeeded in finding operating point.

.step idx=1435
Direct Newton iteration succeeded in finding operating point.

.step idx=1436
Direct Newton iteration succeeded in finding operating point.

.step idx=1437
Direct Newton iteration succeeded in finding operating point.

.step idx=1438
Direct Newton iteration succeeded in finding operating point.

.step idx=1439
Direct Newton iteration succeeded in finding operating point.

.step idx=1440
Direct Newton iteration succeeded in finding operating point.

.step idx=1441
Direct Newton iteration succeeded in finding operating point.

.step idx=1442
Direct Newton iteration succeeded in finding operating point.

.step idx=1443
Direct Newton iteration succeeded in finding operating point.

.step idx=1444
Direct Newton iteration succeeded in finding operating point.

.step idx=1445
Direct Newton iteration succeeded in finding operating point.

.step idx=1446
Direct Newton iteration succeeded in finding operating point.

.step idx=1447
Direct Newton iteration succeeded in finding operating point.

.step idx=1448
Direct Newton iteration succeeded in finding operating point.

.step idx=1449
Direct Newton iteration succeeded in finding operating point.

.step idx=1450
Direct Newton iteration succeeded in finding operating point.

.step idx=1451
Direct Newton iteration succeeded in finding operating point.

.step idx=1452
Direct Newton iteration succeeded in finding operating point.

.step idx=1453
Direct Newton iteration succeeded in finding operating point.

.step idx=1454
Direct Newton iteration succeeded in finding operating point.

.step idx=1455
Direct Newton iteration succeeded in finding operating point.

.step idx=1456
Direct Newton iteration succeeded in finding operating point.

.step idx=1457
Direct Newton iteration succeeded in finding operating point.

.step idx=1458
Direct Newton iteration succeeded in finding operating point.

.step idx=1459
Direct Newton iteration succeeded in finding operating point.

.step idx=1460
Direct Newton iteration succeeded in finding operating point.

.step idx=1461
Direct Newton iteration succeeded in finding operating point.

.step idx=1462
Direct Newton iteration succeeded in finding operating point.

.step idx=1463
Direct Newton iteration succeeded in finding operating point.

.step idx=1464
Direct Newton iteration succeeded in finding operating point.

.step idx=1465
Direct Newton iteration succeeded in finding operating point.

.step idx=1466
Direct Newton iteration succeeded in finding operating point.

.step idx=1467
Direct Newton iteration succeeded in finding operating point.

.step idx=1468
Direct Newton iteration succeeded in finding operating point.

.step idx=1469
Direct Newton iteration succeeded in finding operating point.

.step idx=1470
Direct Newton iteration succeeded in finding operating point.

.step idx=1471
Direct Newton iteration succeeded in finding operating point.

.step idx=1472
Direct Newton iteration succeeded in finding operating point.

.step idx=1473
Direct Newton iteration succeeded in finding operating point.

.step idx=1474
Direct Newton iteration succeeded in finding operating point.

.step idx=1475
Direct Newton iteration succeeded in finding operating point.

.step idx=1476
Direct Newton iteration succeeded in finding operating point.

.step idx=1477
Direct Newton iteration succeeded in finding operating point.

.step idx=1478
Direct Newton iteration succeeded in finding operating point.

.step idx=1479
Direct Newton iteration succeeded in finding operating point.

.step idx=1480
Direct Newton iteration succeeded in finding operating point.

.step idx=1481
Direct Newton iteration succeeded in finding operating point.

.step idx=1482
Direct Newton iteration succeeded in finding operating point.

.step idx=1483
Direct Newton iteration succeeded in finding operating point.

.step idx=1484
Direct Newton iteration succeeded in finding operating point.

.step idx=1485
Direct Newton iteration succeeded in finding operating point.

.step idx=1486
Direct Newton iteration succeeded in finding operating point.

.step idx=1487
Direct Newton iteration succeeded in finding operating point.

.step idx=1488
Direct Newton iteration succeeded in finding operating point.

.step idx=1489
Direct Newton iteration succeeded in finding operating point.

.step idx=1490
Direct Newton iteration succeeded in finding operating point.

.step idx=1491
Direct Newton iteration succeeded in finding operating point.

.step idx=1492
Direct Newton iteration succeeded in finding operating point.

.step idx=1493
Direct Newton iteration succeeded in finding operating point.

.step idx=1494
Direct Newton iteration succeeded in finding operating point.

.step idx=1495
Direct Newton iteration succeeded in finding operating point.

.step idx=1496
Direct Newton iteration succeeded in finding operating point.

.step idx=1497
Direct Newton iteration succeeded in finding operating point.

.step idx=1498
Direct Newton iteration succeeded in finding operating point.

.step idx=1499
Direct Newton iteration succeeded in finding operating point.

.step idx=1500
Direct Newton iteration succeeded in finding operating point.

.step idx=1501
Direct Newton iteration succeeded in finding operating point.

.step idx=1502
Direct Newton iteration succeeded in finding operating point.

.step idx=1503
Direct Newton iteration succeeded in finding operating point.

.step idx=1504
Direct Newton iteration succeeded in finding operating point.

.step idx=1505
Direct Newton iteration succeeded in finding operating point.

.step idx=1506
Direct Newton iteration succeeded in finding operating point.

.step idx=1507
Direct Newton iteration succeeded in finding operating point.

.step idx=1508
Direct Newton iteration succeeded in finding operating point.

.step idx=1509
Direct Newton iteration succeeded in finding operating point.

.step idx=1510
Direct Newton iteration succeeded in finding operating point.

.step idx=1511
Direct Newton iteration succeeded in finding operating point.

.step idx=1512
Direct Newton iteration succeeded in finding operating point.

.step idx=1513
Direct Newton iteration succeeded in finding operating point.

.step idx=1514
Direct Newton iteration succeeded in finding operating point.

.step idx=1515
Direct Newton iteration succeeded in finding operating point.

.step idx=1516
Direct Newton iteration succeeded in finding operating point.

.step idx=1517
Direct Newton iteration succeeded in finding operating point.

.step idx=1518
Direct Newton iteration succeeded in finding operating point.

.step idx=1519
Direct Newton iteration succeeded in finding operating point.

.step idx=1520
Direct Newton iteration succeeded in finding operating point.

.step idx=1521
Direct Newton iteration succeeded in finding operating point.

.step idx=1522
Direct Newton iteration succeeded in finding operating point.

.step idx=1523
Direct Newton iteration succeeded in finding operating point.

.step idx=1524
Direct Newton iteration succeeded in finding operating point.

.step idx=1525
Direct Newton iteration succeeded in finding operating point.

.step idx=1526
Direct Newton iteration succeeded in finding operating point.

.step idx=1527
Direct Newton iteration succeeded in finding operating point.

.step idx=1528
Direct Newton iteration succeeded in finding operating point.

.step idx=1529
Direct Newton iteration succeeded in finding operating point.

.step idx=1530
Direct Newton iteration succeeded in finding operating point.

.step idx=1531
Direct Newton iteration succeeded in finding operating point.

.step idx=1532
Direct Newton iteration succeeded in finding operating point.

.step idx=1533
Direct Newton iteration succeeded in finding operating point.

.step idx=1534
Direct Newton iteration succeeded in finding operating point.

.step idx=1535
Direct Newton iteration succeeded in finding operating point.

.step idx=1536
Direct Newton iteration succeeded in finding operating point.

.step idx=1537
Direct Newton iteration succeeded in finding operating point.

.step idx=1538
Direct Newton iteration succeeded in finding operating point.

.step idx=1539
Direct Newton iteration succeeded in finding operating point.

.step idx=1540
Direct Newton iteration succeeded in finding operating point.

.step idx=1541
Direct Newton iteration succeeded in finding operating point.

.step idx=1542
Direct Newton iteration succeeded in finding operating point.

.step idx=1543
Direct Newton iteration succeeded in finding operating point.

.step idx=1544
Direct Newton iteration succeeded in finding operating point.

.step idx=1545
Direct Newton iteration succeeded in finding operating point.

.step idx=1546
Direct Newton iteration succeeded in finding operating point.

.step idx=1547
Direct Newton iteration succeeded in finding operating point.

.step idx=1548
Direct Newton iteration succeeded in finding operating point.

.step idx=1549
Direct Newton iteration succeeded in finding operating point.

.step idx=1550
Direct Newton iteration succeeded in finding operating point.

.step idx=1551
Direct Newton iteration succeeded in finding operating point.

.step idx=1552
Direct Newton iteration succeeded in finding operating point.

.step idx=1553
Direct Newton iteration succeeded in finding operating point.

.step idx=1554
Direct Newton iteration succeeded in finding operating point.

.step idx=1555
Direct Newton iteration succeeded in finding operating point.

.step idx=1556
Direct Newton iteration succeeded in finding operating point.

.step idx=1557
Direct Newton iteration succeeded in finding operating point.

.step idx=1558
Direct Newton iteration succeeded in finding operating point.

.step idx=1559
Direct Newton iteration succeeded in finding operating point.

.step idx=1560
Direct Newton iteration succeeded in finding operating point.

.step idx=1561
Direct Newton iteration succeeded in finding operating point.

.step idx=1562
Direct Newton iteration succeeded in finding operating point.

.step idx=1563
Direct Newton iteration succeeded in finding operating point.

.step idx=1564
Direct Newton iteration succeeded in finding operating point.

.step idx=1565
Direct Newton iteration succeeded in finding operating point.

.step idx=1566
Direct Newton iteration succeeded in finding operating point.

.step idx=1567
Direct Newton iteration succeeded in finding operating point.

.step idx=1568
Direct Newton iteration succeeded in finding operating point.

.step idx=1569
Direct Newton iteration succeeded in finding operating point.

.step idx=1570
Direct Newton iteration succeeded in finding operating point.

.step idx=1571
Direct Newton iteration succeeded in finding operating point.

.step idx=1572
Direct Newton iteration succeeded in finding operating point.

.step idx=1573
Direct Newton iteration succeeded in finding operating point.

.step idx=1574
Direct Newton iteration succeeded in finding operating point.

.step idx=1575
Direct Newton iteration succeeded in finding operating point.

.step idx=1576
Direct Newton iteration succeeded in finding operating point.

.step idx=1577
Direct Newton iteration succeeded in finding operating point.

.step idx=1578
Direct Newton iteration succeeded in finding operating point.

.step idx=1579
Direct Newton iteration succeeded in finding operating point.

.step idx=1580
Direct Newton iteration succeeded in finding operating point.

.step idx=1581
Direct Newton iteration succeeded in finding operating point.

.step idx=1582
Direct Newton iteration succeeded in finding operating point.

.step idx=1583
Direct Newton iteration succeeded in finding operating point.

.step idx=1584
Direct Newton iteration succeeded in finding operating point.

.step idx=1585
Direct Newton iteration succeeded in finding operating point.

.step idx=1586
Direct Newton iteration succeeded in finding operating point.

.step idx=1587
Direct Newton iteration succeeded in finding operating point.

.step idx=1588
Direct Newton iteration succeeded in finding operating point.

.step idx=1589
Direct Newton iteration succeeded in finding operating point.

.step idx=1590
Direct Newton iteration succeeded in finding operating point.

.step idx=1591
Direct Newton iteration succeeded in finding operating point.

.step idx=1592
Direct Newton iteration succeeded in finding operating point.

.step idx=1593
Direct Newton iteration succeeded in finding operating point.

.step idx=1594
Direct Newton iteration succeeded in finding operating point.

.step idx=1595
Direct Newton iteration succeeded in finding operating point.

.step idx=1596
Direct Newton iteration succeeded in finding operating point.

.step idx=1597
Direct Newton iteration succeeded in finding operating point.

.step idx=1598
Direct Newton iteration succeeded in finding operating point.

.step idx=1599
Direct Newton iteration succeeded in finding operating point.

.step idx=1600
Direct Newton iteration succeeded in finding operating point.

.step idx=1601
Direct Newton iteration succeeded in finding operating point.

.step idx=1602
Direct Newton iteration succeeded in finding operating point.

.step idx=1603
Direct Newton iteration succeeded in finding operating point.

.step idx=1604
Direct Newton iteration succeeded in finding operating point.

.step idx=1605
Direct Newton iteration succeeded in finding operating point.

.step idx=1606
Direct Newton iteration succeeded in finding operating point.

.step idx=1607
Direct Newton iteration succeeded in finding operating point.

.step idx=1608
Direct Newton iteration succeeded in finding operating point.

.step idx=1609
Direct Newton iteration succeeded in finding operating point.

.step idx=1610
Direct Newton iteration succeeded in finding operating point.

.step idx=1611
Direct Newton iteration succeeded in finding operating point.

.step idx=1612
Direct Newton iteration succeeded in finding operating point.

.step idx=1613
Direct Newton iteration succeeded in finding operating point.

.step idx=1614
Direct Newton iteration succeeded in finding operating point.

.step idx=1615
Direct Newton iteration succeeded in finding operating point.

.step idx=1616
Direct Newton iteration succeeded in finding operating point.

.step idx=1617
Direct Newton iteration succeeded in finding operating point.

.step idx=1618
Direct Newton iteration succeeded in finding operating point.

.step idx=1619
Direct Newton iteration succeeded in finding operating point.

.step idx=1620
Direct Newton iteration succeeded in finding operating point.

.step idx=1621
Direct Newton iteration succeeded in finding operating point.

.step idx=1622
Direct Newton iteration succeeded in finding operating point.

.step idx=1623
Direct Newton iteration succeeded in finding operating point.

.step idx=1624
Direct Newton iteration succeeded in finding operating point.

.step idx=1625
Direct Newton iteration succeeded in finding operating point.

.step idx=1626
Direct Newton iteration succeeded in finding operating point.

.step idx=1627
Direct Newton iteration succeeded in finding operating point.

.step idx=1628
Direct Newton iteration succeeded in finding operating point.

.step idx=1629
Direct Newton iteration succeeded in finding operating point.

.step idx=1630
Direct Newton iteration succeeded in finding operating point.

.step idx=1631
Direct Newton iteration succeeded in finding operating point.

.step idx=1632
Direct Newton iteration succeeded in finding operating point.

.step idx=1633
Direct Newton iteration succeeded in finding operating point.

.step idx=1634
Direct Newton iteration succeeded in finding operating point.

.step idx=1635
Direct Newton iteration succeeded in finding operating point.

.step idx=1636
Direct Newton iteration succeeded in finding operating point.

.step idx=1637
Direct Newton iteration succeeded in finding operating point.

.step idx=1638
Direct Newton iteration succeeded in finding operating point.

.step idx=1639
Direct Newton iteration succeeded in finding operating point.

.step idx=1640
Direct Newton iteration succeeded in finding operating point.

.step idx=1641
Direct Newton iteration succeeded in finding operating point.

.step idx=1642
Direct Newton iteration succeeded in finding operating point.

.step idx=1643
Direct Newton iteration succeeded in finding operating point.

.step idx=1644
Direct Newton iteration succeeded in finding operating point.

.step idx=1645
Direct Newton iteration succeeded in finding operating point.

.step idx=1646
Direct Newton iteration succeeded in finding operating point.

.step idx=1647
Direct Newton iteration succeeded in finding operating point.

.step idx=1648
Direct Newton iteration succeeded in finding operating point.

.step idx=1649
Direct Newton iteration succeeded in finding operating point.

.step idx=1650
Direct Newton iteration succeeded in finding operating point.

.step idx=1651
Direct Newton iteration succeeded in finding operating point.

.step idx=1652
Direct Newton iteration succeeded in finding operating point.

.step idx=1653
Direct Newton iteration succeeded in finding operating point.

.step idx=1654
Direct Newton iteration succeeded in finding operating point.

.step idx=1655
Direct Newton iteration succeeded in finding operating point.

.step idx=1656
Direct Newton iteration succeeded in finding operating point.

.step idx=1657
Direct Newton iteration succeeded in finding operating point.

.step idx=1658
Direct Newton iteration succeeded in finding operating point.

.step idx=1659
Direct Newton iteration succeeded in finding operating point.

.step idx=1660
Direct Newton iteration succeeded in finding operating point.

.step idx=1661
Direct Newton iteration succeeded in finding operating point.

.step idx=1662
Direct Newton iteration succeeded in finding operating point.

.step idx=1663
Direct Newton iteration succeeded in finding operating point.

.step idx=1664
Direct Newton iteration succeeded in finding operating point.

.step idx=1665
Direct Newton iteration succeeded in finding operating point.

.step idx=1666
Direct Newton iteration succeeded in finding operating point.

.step idx=1667
Direct Newton iteration succeeded in finding operating point.

.step idx=1668
Direct Newton iteration succeeded in finding operating point.

.step idx=1669
Direct Newton iteration succeeded in finding operating point.

.step idx=1670
Direct Newton iteration succeeded in finding operating point.

.step idx=1671
Direct Newton iteration succeeded in finding operating point.

.step idx=1672
Direct Newton iteration succeeded in finding operating point.

.step idx=1673
Direct Newton iteration succeeded in finding operating point.

.step idx=1674
Direct Newton iteration succeeded in finding operating point.

.step idx=1675
Direct Newton iteration succeeded in finding operating point.

.step idx=1676
Direct Newton iteration succeeded in finding operating point.

.step idx=1677
Direct Newton iteration succeeded in finding operating point.

.step idx=1678
Direct Newton iteration succeeded in finding operating point.

.step idx=1679
Direct Newton iteration succeeded in finding operating point.

.step idx=1680
Direct Newton iteration succeeded in finding operating point.

.step idx=1681
Direct Newton iteration succeeded in finding operating point.

.step idx=1682
Direct Newton iteration succeeded in finding operating point.

.step idx=1683
Direct Newton iteration succeeded in finding operating point.

.step idx=1684
Direct Newton iteration succeeded in finding operating point.

.step idx=1685
Direct Newton iteration succeeded in finding operating point.

.step idx=1686
Direct Newton iteration succeeded in finding operating point.

.step idx=1687
Direct Newton iteration succeeded in finding operating point.

.step idx=1688
Direct Newton iteration succeeded in finding operating point.

.step idx=1689
Direct Newton iteration succeeded in finding operating point.

.step idx=1690
Direct Newton iteration succeeded in finding operating point.

.step idx=1691
Direct Newton iteration succeeded in finding operating point.

.step idx=1692
Direct Newton iteration succeeded in finding operating point.

.step idx=1693
Direct Newton iteration succeeded in finding operating point.

.step idx=1694
Direct Newton iteration succeeded in finding operating point.

.step idx=1695
Direct Newton iteration succeeded in finding operating point.

.step idx=1696
Direct Newton iteration succeeded in finding operating point.

.step idx=1697
Direct Newton iteration succeeded in finding operating point.

.step idx=1698
Direct Newton iteration succeeded in finding operating point.

.step idx=1699
Direct Newton iteration succeeded in finding operating point.

.step idx=1700
Direct Newton iteration succeeded in finding operating point.

.step idx=1701
Direct Newton iteration succeeded in finding operating point.

.step idx=1702
Direct Newton iteration succeeded in finding operating point.

.step idx=1703
Direct Newton iteration succeeded in finding operating point.

.step idx=1704
Direct Newton iteration succeeded in finding operating point.

.step idx=1705
Direct Newton iteration succeeded in finding operating point.

.step idx=1706
Direct Newton iteration succeeded in finding operating point.

.step idx=1707
Direct Newton iteration succeeded in finding operating point.

.step idx=1708
Direct Newton iteration succeeded in finding operating point.

.step idx=1709
Direct Newton iteration succeeded in finding operating point.

.step idx=1710
Direct Newton iteration succeeded in finding operating point.

.step idx=1711
Direct Newton iteration succeeded in finding operating point.

.step idx=1712
Direct Newton iteration succeeded in finding operating point.

.step idx=1713
Direct Newton iteration succeeded in finding operating point.

.step idx=1714
Direct Newton iteration succeeded in finding operating point.

.step idx=1715
Direct Newton iteration succeeded in finding operating point.

.step idx=1716
Direct Newton iteration succeeded in finding operating point.

.step idx=1717
Direct Newton iteration succeeded in finding operating point.

.step idx=1718
Direct Newton iteration succeeded in finding operating point.

.step idx=1719
Direct Newton iteration succeeded in finding operating point.

.step idx=1720
Direct Newton iteration succeeded in finding operating point.

.step idx=1721
Direct Newton iteration succeeded in finding operating point.

.step idx=1722
Direct Newton iteration succeeded in finding operating point.

.step idx=1723
Direct Newton iteration succeeded in finding operating point.

.step idx=1724
Direct Newton iteration succeeded in finding operating point.

.step idx=1725
Direct Newton iteration succeeded in finding operating point.

.step idx=1726
Direct Newton iteration succeeded in finding operating point.

.step idx=1727
Direct Newton iteration succeeded in finding operating point.

.step idx=1728
Direct Newton iteration succeeded in finding operating point.

.step idx=1729
Direct Newton iteration succeeded in finding operating point.

.step idx=1730
Direct Newton iteration succeeded in finding operating point.

.step idx=1731
Direct Newton iteration succeeded in finding operating point.

.step idx=1732
Direct Newton iteration succeeded in finding operating point.

.step idx=1733
Direct Newton iteration succeeded in finding operating point.

.step idx=1734
Direct Newton iteration succeeded in finding operating point.

.step idx=1735
Direct Newton iteration succeeded in finding operating point.

.step idx=1736
Direct Newton iteration succeeded in finding operating point.

.step idx=1737
Direct Newton iteration succeeded in finding operating point.

.step idx=1738
Direct Newton iteration succeeded in finding operating point.

.step idx=1739
Direct Newton iteration succeeded in finding operating point.

.step idx=1740
Direct Newton iteration succeeded in finding operating point.

.step idx=1741
Direct Newton iteration succeeded in finding operating point.

.step idx=1742
Direct Newton iteration succeeded in finding operating point.

.step idx=1743
Direct Newton iteration succeeded in finding operating point.

.step idx=1744
Direct Newton iteration succeeded in finding operating point.

.step idx=1745
Direct Newton iteration succeeded in finding operating point.

.step idx=1746
Direct Newton iteration succeeded in finding operating point.

.step idx=1747
Direct Newton iteration succeeded in finding operating point.

.step idx=1748
Direct Newton iteration succeeded in finding operating point.

.step idx=1749
Direct Newton iteration succeeded in finding operating point.

.step idx=1750
Direct Newton iteration succeeded in finding operating point.

.step idx=1751
Direct Newton iteration succeeded in finding operating point.

.step idx=1752
Direct Newton iteration succeeded in finding operating point.

.step idx=1753
Direct Newton iteration succeeded in finding operating point.

.step idx=1754
Direct Newton iteration succeeded in finding operating point.

.step idx=1755
Direct Newton iteration succeeded in finding operating point.

.step idx=1756
Direct Newton iteration succeeded in finding operating point.

.step idx=1757
Direct Newton iteration succeeded in finding operating point.

.step idx=1758
Direct Newton iteration succeeded in finding operating point.

.step idx=1759
Direct Newton iteration succeeded in finding operating point.

.step idx=1760
Direct Newton iteration succeeded in finding operating point.

.step idx=1761
Direct Newton iteration succeeded in finding operating point.

.step idx=1762
Direct Newton iteration succeeded in finding operating point.

.step idx=1763
Direct Newton iteration succeeded in finding operating point.

.step idx=1764
Direct Newton iteration succeeded in finding operating point.

.step idx=1765
Direct Newton iteration succeeded in finding operating point.

.step idx=1766
Direct Newton iteration succeeded in finding operating point.

.step idx=1767
Direct Newton iteration succeeded in finding operating point.

.step idx=1768
Direct Newton iteration succeeded in finding operating point.

.step idx=1769
Direct Newton iteration succeeded in finding operating point.

.step idx=1770
Direct Newton iteration succeeded in finding operating point.

.step idx=1771
Direct Newton iteration succeeded in finding operating point.

.step idx=1772
Direct Newton iteration succeeded in finding operating point.

.step idx=1773
Direct Newton iteration succeeded in finding operating point.

.step idx=1774
Direct Newton iteration succeeded in finding operating point.

.step idx=1775
Direct Newton iteration succeeded in finding operating point.

.step idx=1776
Direct Newton iteration succeeded in finding operating point.

.step idx=1777
Direct Newton iteration succeeded in finding operating point.

.step idx=1778
Direct Newton iteration succeeded in finding operating point.

.step idx=1779
Direct Newton iteration succeeded in finding operating point.

.step idx=1780
Direct Newton iteration succeeded in finding operating point.

.step idx=1781
Direct Newton iteration succeeded in finding operating point.

.step idx=1782
Direct Newton iteration succeeded in finding operating point.

.step idx=1783
Direct Newton iteration succeeded in finding operating point.

.step idx=1784
Direct Newton iteration succeeded in finding operating point.

.step idx=1785
Direct Newton iteration succeeded in finding operating point.

.step idx=1786
Direct Newton iteration succeeded in finding operating point.

.step idx=1787
Direct Newton iteration succeeded in finding operating point.

.step idx=1788
Direct Newton iteration succeeded in finding operating point.

.step idx=1789
Direct Newton iteration succeeded in finding operating point.

.step idx=1790
Direct Newton iteration succeeded in finding operating point.

.step idx=1791
Direct Newton iteration succeeded in finding operating point.

.step idx=1792
Direct Newton iteration succeeded in finding operating point.

.step idx=1793
Direct Newton iteration succeeded in finding operating point.

.step idx=1794
Direct Newton iteration succeeded in finding operating point.

.step idx=1795
Direct Newton iteration succeeded in finding operating point.

.step idx=1796
Direct Newton iteration succeeded in finding operating point.

.step idx=1797
Direct Newton iteration succeeded in finding operating point.

.step idx=1798
Direct Newton iteration succeeded in finding operating point.

.step idx=1799
Direct Newton iteration succeeded in finding operating point.

.step idx=1800
Direct Newton iteration succeeded in finding operating point.

.step idx=1801
Direct Newton iteration succeeded in finding operating point.

.step idx=1802
Direct Newton iteration succeeded in finding operating point.

.step idx=1803
Direct Newton iteration succeeded in finding operating point.

.step idx=1804
Direct Newton iteration succeeded in finding operating point.

.step idx=1805
Direct Newton iteration succeeded in finding operating point.

.step idx=1806
Direct Newton iteration succeeded in finding operating point.

.step idx=1807
Direct Newton iteration succeeded in finding operating point.

.step idx=1808
Direct Newton iteration succeeded in finding operating point.

.step idx=1809
Direct Newton iteration succeeded in finding operating point.

.step idx=1810
Direct Newton iteration succeeded in finding operating point.

.step idx=1811
Direct Newton iteration succeeded in finding operating point.

.step idx=1812
Direct Newton iteration succeeded in finding operating point.

.step idx=1813
Direct Newton iteration succeeded in finding operating point.

.step idx=1814
Direct Newton iteration succeeded in finding operating point.

.step idx=1815
Direct Newton iteration succeeded in finding operating point.

.step idx=1816
Direct Newton iteration succeeded in finding operating point.

.step idx=1817
Direct Newton iteration succeeded in finding operating point.

.step idx=1818
Direct Newton iteration succeeded in finding operating point.

.step idx=1819
Direct Newton iteration succeeded in finding operating point.

.step idx=1820
Direct Newton iteration succeeded in finding operating point.

.step idx=1821
Direct Newton iteration succeeded in finding operating point.

.step idx=1822
Direct Newton iteration succeeded in finding operating point.

.step idx=1823
Direct Newton iteration succeeded in finding operating point.

.step idx=1824
Direct Newton iteration succeeded in finding operating point.

.step idx=1825
Direct Newton iteration succeeded in finding operating point.

.step idx=1826
Direct Newton iteration succeeded in finding operating point.

.step idx=1827
Direct Newton iteration succeeded in finding operating point.

.step idx=1828
Direct Newton iteration succeeded in finding operating point.

.step idx=1829
Direct Newton iteration succeeded in finding operating point.

.step idx=1830
Direct Newton iteration succeeded in finding operating point.

.step idx=1831
Direct Newton iteration succeeded in finding operating point.

.step idx=1832
Direct Newton iteration succeeded in finding operating point.

.step idx=1833
Direct Newton iteration succeeded in finding operating point.

.step idx=1834
Direct Newton iteration succeeded in finding operating point.

.step idx=1835
Direct Newton iteration succeeded in finding operating point.

.step idx=1836
Direct Newton iteration succeeded in finding operating point.

.step idx=1837
Direct Newton iteration succeeded in finding operating point.

.step idx=1838
Direct Newton iteration succeeded in finding operating point.

.step idx=1839
Direct Newton iteration succeeded in finding operating point.

.step idx=1840
Direct Newton iteration succeeded in finding operating point.

.step idx=1841
Direct Newton iteration succeeded in finding operating point.

.step idx=1842
Direct Newton iteration succeeded in finding operating point.

.step idx=1843
Direct Newton iteration succeeded in finding operating point.

.step idx=1844
Direct Newton iteration succeeded in finding operating point.

.step idx=1845
Direct Newton iteration succeeded in finding operating point.

.step idx=1846
Direct Newton iteration succeeded in finding operating point.

.step idx=1847
Direct Newton iteration succeeded in finding operating point.

.step idx=1848
Direct Newton iteration succeeded in finding operating point.

.step idx=1849
Direct Newton iteration succeeded in finding operating point.

.step idx=1850
Direct Newton iteration succeeded in finding operating point.

.step idx=1851
Direct Newton iteration succeeded in finding operating point.

.step idx=1852
Direct Newton iteration succeeded in finding operating point.

.step idx=1853
Direct Newton iteration succeeded in finding operating point.

.step idx=1854
Direct Newton iteration succeeded in finding operating point.

.step idx=1855
Direct Newton iteration succeeded in finding operating point.

.step idx=1856
Direct Newton iteration succeeded in finding operating point.

.step idx=1857
Direct Newton iteration succeeded in finding operating point.

.step idx=1858
Direct Newton iteration succeeded in finding operating point.

.step idx=1859
Direct Newton iteration succeeded in finding operating point.

.step idx=1860
Direct Newton iteration succeeded in finding operating point.

.step idx=1861
Direct Newton iteration succeeded in finding operating point.

.step idx=1862
Direct Newton iteration succeeded in finding operating point.

.step idx=1863
Direct Newton iteration succeeded in finding operating point.

.step idx=1864
Direct Newton iteration succeeded in finding operating point.

.step idx=1865
Direct Newton iteration succeeded in finding operating point.

.step idx=1866
Direct Newton iteration succeeded in finding operating point.

.step idx=1867
Direct Newton iteration succeeded in finding operating point.

.step idx=1868
Direct Newton iteration succeeded in finding operating point.

.step idx=1869
Direct Newton iteration succeeded in finding operating point.

.step idx=1870
Direct Newton iteration succeeded in finding operating point.

.step idx=1871
Direct Newton iteration succeeded in finding operating point.

.step idx=1872
Direct Newton iteration succeeded in finding operating point.

.step idx=1873
Direct Newton iteration succeeded in finding operating point.

.step idx=1874
Direct Newton iteration succeeded in finding operating point.

.step idx=1875
Direct Newton iteration succeeded in finding operating point.

.step idx=1876
Direct Newton iteration succeeded in finding operating point.

.step idx=1877
Direct Newton iteration succeeded in finding operating point.

.step idx=1878
Direct Newton iteration succeeded in finding operating point.

.step idx=1879
Direct Newton iteration succeeded in finding operating point.

.step idx=1880
Direct Newton iteration succeeded in finding operating point.

.step idx=1881
Direct Newton iteration succeeded in finding operating point.

.step idx=1882
Direct Newton iteration succeeded in finding operating point.

.step idx=1883
Direct Newton iteration succeeded in finding operating point.

.step idx=1884
Direct Newton iteration succeeded in finding operating point.

.step idx=1885
Direct Newton iteration succeeded in finding operating point.

.step idx=1886
Direct Newton iteration succeeded in finding operating point.

.step idx=1887
Direct Newton iteration succeeded in finding operating point.

.step idx=1888
Direct Newton iteration succeeded in finding operating point.

.step idx=1889
Direct Newton iteration succeeded in finding operating point.

.step idx=1890
Direct Newton iteration succeeded in finding operating point.

.step idx=1891
Direct Newton iteration succeeded in finding operating point.

.step idx=1892
Direct Newton iteration succeeded in finding operating point.

.step idx=1893
Direct Newton iteration succeeded in finding operating point.

.step idx=1894
Direct Newton iteration succeeded in finding operating point.

.step idx=1895
Direct Newton iteration succeeded in finding operating point.

.step idx=1896
Direct Newton iteration succeeded in finding operating point.

.step idx=1897
Direct Newton iteration succeeded in finding operating point.

.step idx=1898
Direct Newton iteration succeeded in finding operating point.

.step idx=1899
Direct Newton iteration succeeded in finding operating point.

.step idx=1900
Direct Newton iteration succeeded in finding operating point.

.step idx=1901
Direct Newton iteration succeeded in finding operating point.

.step idx=1902
Direct Newton iteration succeeded in finding operating point.

.step idx=1903
Direct Newton iteration succeeded in finding operating point.

.step idx=1904
Direct Newton iteration succeeded in finding operating point.

.step idx=1905
Direct Newton iteration succeeded in finding operating point.

.step idx=1906
Direct Newton iteration succeeded in finding operating point.

.step idx=1907
Direct Newton iteration succeeded in finding operating point.

.step idx=1908
Direct Newton iteration succeeded in finding operating point.

.step idx=1909
Direct Newton iteration succeeded in finding operating point.

.step idx=1910
Direct Newton iteration succeeded in finding operating point.

.step idx=1911
Direct Newton iteration succeeded in finding operating point.

.step idx=1912
Direct Newton iteration succeeded in finding operating point.

.step idx=1913
Direct Newton iteration succeeded in finding operating point.

.step idx=1914
Direct Newton iteration succeeded in finding operating point.

.step idx=1915
Direct Newton iteration succeeded in finding operating point.

.step idx=1916
Direct Newton iteration succeeded in finding operating point.

.step idx=1917
Direct Newton iteration succeeded in finding operating point.

.step idx=1918
Direct Newton iteration succeeded in finding operating point.

.step idx=1919
Direct Newton iteration succeeded in finding operating point.

.step idx=1920
Direct Newton iteration succeeded in finding operating point.

.step idx=1921
Direct Newton iteration succeeded in finding operating point.

.step idx=1922
Direct Newton iteration succeeded in finding operating point.

.step idx=1923
Direct Newton iteration succeeded in finding operating point.

.step idx=1924
Direct Newton iteration succeeded in finding operating point.

.step idx=1925
Direct Newton iteration succeeded in finding operating point.

.step idx=1926
Direct Newton iteration succeeded in finding operating point.

.step idx=1927
Direct Newton iteration succeeded in finding operating point.

.step idx=1928
Direct Newton iteration succeeded in finding operating point.

.step idx=1929
Direct Newton iteration succeeded in finding operating point.

.step idx=1930
Direct Newton iteration succeeded in finding operating point.

.step idx=1931
Direct Newton iteration succeeded in finding operating point.

.step idx=1932
Direct Newton iteration succeeded in finding operating point.

.step idx=1933
Direct Newton iteration succeeded in finding operating point.

.step idx=1934
Direct Newton iteration succeeded in finding operating point.

.step idx=1935
Direct Newton iteration succeeded in finding operating point.

.step idx=1936
Direct Newton iteration succeeded in finding operating point.

.step idx=1937
Direct Newton iteration succeeded in finding operating point.

.step idx=1938
Direct Newton iteration succeeded in finding operating point.

.step idx=1939
Direct Newton iteration succeeded in finding operating point.

.step idx=1940
Direct Newton iteration succeeded in finding operating point.

.step idx=1941
Direct Newton iteration succeeded in finding operating point.

.step idx=1942
Direct Newton iteration succeeded in finding operating point.

.step idx=1943
Direct Newton iteration succeeded in finding operating point.

.step idx=1944
Direct Newton iteration succeeded in finding operating point.

.step idx=1945
Direct Newton iteration succeeded in finding operating point.

.step idx=1946
Direct Newton iteration succeeded in finding operating point.

.step idx=1947
Direct Newton iteration succeeded in finding operating point.

.step idx=1948
Direct Newton iteration succeeded in finding operating point.

.step idx=1949
Direct Newton iteration succeeded in finding operating point.

.step idx=1950
Direct Newton iteration succeeded in finding operating point.

.step idx=1951
Direct Newton iteration succeeded in finding operating point.

.step idx=1952
Direct Newton iteration succeeded in finding operating point.

.step idx=1953
Direct Newton iteration succeeded in finding operating point.

.step idx=1954
Direct Newton iteration succeeded in finding operating point.

.step idx=1955
Direct Newton iteration succeeded in finding operating point.

.step idx=1956
Direct Newton iteration succeeded in finding operating point.

.step idx=1957
Direct Newton iteration succeeded in finding operating point.

.step idx=1958
Direct Newton iteration succeeded in finding operating point.

.step idx=1959
Direct Newton iteration succeeded in finding operating point.

.step idx=1960
Direct Newton iteration succeeded in finding operating point.

.step idx=1961
Direct Newton iteration succeeded in finding operating point.

.step idx=1962
Direct Newton iteration succeeded in finding operating point.

.step idx=1963
Direct Newton iteration succeeded in finding operating point.

.step idx=1964
Direct Newton iteration succeeded in finding operating point.

.step idx=1965
Direct Newton iteration succeeded in finding operating point.

.step idx=1966
Direct Newton iteration succeeded in finding operating point.

.step idx=1967
Direct Newton iteration succeeded in finding operating point.

.step idx=1968
Direct Newton iteration succeeded in finding operating point.

.step idx=1969
Direct Newton iteration succeeded in finding operating point.

.step idx=1970
Direct Newton iteration succeeded in finding operating point.

.step idx=1971
Direct Newton iteration succeeded in finding operating point.

.step idx=1972
Direct Newton iteration succeeded in finding operating point.

.step idx=1973
Direct Newton iteration succeeded in finding operating point.

.step idx=1974
Direct Newton iteration succeeded in finding operating point.

.step idx=1975
Direct Newton iteration succeeded in finding operating point.

.step idx=1976
Direct Newton iteration succeeded in finding operating point.

.step idx=1977
Direct Newton iteration succeeded in finding operating point.

.step idx=1978
Direct Newton iteration succeeded in finding operating point.

.step idx=1979
Direct Newton iteration succeeded in finding operating point.

.step idx=1980
Direct Newton iteration succeeded in finding operating point.

.step idx=1981
Direct Newton iteration succeeded in finding operating point.

.step idx=1982
Direct Newton iteration succeeded in finding operating point.

.step idx=1983
Direct Newton iteration succeeded in finding operating point.

.step idx=1984
Direct Newton iteration succeeded in finding operating point.

.step idx=1985
Direct Newton iteration succeeded in finding operating point.

.step idx=1986
Direct Newton iteration succeeded in finding operating point.

.step idx=1987
Direct Newton iteration succeeded in finding operating point.

.step idx=1988
Direct Newton iteration succeeded in finding operating point.

.step idx=1989
Direct Newton iteration succeeded in finding operating point.

.step idx=1990
Direct Newton iteration succeeded in finding operating point.

.step idx=1991
Direct Newton iteration succeeded in finding operating point.

.step idx=1992
Direct Newton iteration succeeded in finding operating point.

.step idx=1993
Direct Newton iteration succeeded in finding operating point.

.step idx=1994
Direct Newton iteration succeeded in finding operating point.

.step idx=1995
Direct Newton iteration succeeded in finding operating point.

.step idx=1996
Direct Newton iteration succeeded in finding operating point.

.step idx=1997
Direct Newton iteration succeeded in finding operating point.

.step idx=1998
Direct Newton iteration succeeded in finding operating point.

.step idx=1999
Direct Newton iteration succeeded in finding operating point.

.step idx=2000
Direct Newton iteration succeeded in finding operating point.

.step idx=2001
Direct Newton iteration succeeded in finding operating point.

.step idx=2002
Direct Newton iteration succeeded in finding operating point.

.step idx=2003
Direct Newton iteration succeeded in finding operating point.

.step idx=2004
Direct Newton iteration succeeded in finding operating point.

.step idx=2005
Direct Newton iteration succeeded in finding operating point.

.step idx=2006
Direct Newton iteration succeeded in finding operating point.

.step idx=2007
Direct Newton iteration succeeded in finding operating point.

.step idx=2008
Direct Newton iteration succeeded in finding operating point.

.step idx=2009
Direct Newton iteration succeeded in finding operating point.

.step idx=2010
Direct Newton iteration succeeded in finding operating point.

.step idx=2011
Direct Newton iteration succeeded in finding operating point.

.step idx=2012
Direct Newton iteration succeeded in finding operating point.

.step idx=2013
Direct Newton iteration succeeded in finding operating point.

.step idx=2014
Direct Newton iteration succeeded in finding operating point.

.step idx=2015
Direct Newton iteration succeeded in finding operating point.

.step idx=2016
Direct Newton iteration succeeded in finding operating point.

.step idx=2017
Direct Newton iteration succeeded in finding operating point.

.step idx=2018
Direct Newton iteration succeeded in finding operating point.

.step idx=2019
Direct Newton iteration succeeded in finding operating point.

.step idx=2020
Direct Newton iteration succeeded in finding operating point.

.step idx=2021
Direct Newton iteration succeeded in finding operating point.

.step idx=2022
Direct Newton iteration succeeded in finding operating point.

.step idx=2023
Direct Newton iteration succeeded in finding operating point.

.step idx=2024
Direct Newton iteration succeeded in finding operating point.

.step idx=2025
Direct Newton iteration succeeded in finding operating point.

.step idx=2026
Direct Newton iteration succeeded in finding operating point.

.step idx=2027
Direct Newton iteration succeeded in finding operating point.

.step idx=2028
Direct Newton iteration succeeded in finding operating point.

.step idx=2029
Direct Newton iteration succeeded in finding operating point.

.step idx=2030
Direct Newton iteration succeeded in finding operating point.

.step idx=2031
Direct Newton iteration succeeded in finding operating point.

.step idx=2032
Direct Newton iteration succeeded in finding operating point.

.step idx=2033
Direct Newton iteration succeeded in finding operating point.

.step idx=2034
Direct Newton iteration succeeded in finding operating point.

.step idx=2035
Direct Newton iteration succeeded in finding operating point.

.step idx=2036
Direct Newton iteration succeeded in finding operating point.

.step idx=2037
Direct Newton iteration succeeded in finding operating point.

.step idx=2038
Direct Newton iteration succeeded in finding operating point.

.step idx=2039
Direct Newton iteration succeeded in finding operating point.

.step idx=2040
Direct Newton iteration succeeded in finding operating point.

.step idx=2041
Direct Newton iteration succeeded in finding operating point.

.step idx=2042
Direct Newton iteration succeeded in finding operating point.

.step idx=2043
Direct Newton iteration succeeded in finding operating point.

.step idx=2044
Direct Newton iteration succeeded in finding operating point.

.step idx=2045
Direct Newton iteration succeeded in finding operating point.

.step idx=2046
Direct Newton iteration succeeded in finding operating point.

.step idx=2047
Direct Newton iteration succeeded in finding operating point.

.step idx=2048
Direct Newton iteration succeeded in finding operating point.

.step idx=2049
Direct Newton iteration succeeded in finding operating point.

.step idx=2050
Direct Newton iteration succeeded in finding operating point.

.step idx=2051
Direct Newton iteration succeeded in finding operating point.

.step idx=2052
Direct Newton iteration succeeded in finding operating point.

.step idx=2053
Direct Newton iteration succeeded in finding operating point.

.step idx=2054
Direct Newton iteration succeeded in finding operating point.

.step idx=2055
Direct Newton iteration succeeded in finding operating point.

.step idx=2056
Direct Newton iteration succeeded in finding operating point.

.step idx=2057
Direct Newton iteration succeeded in finding operating point.

.step idx=2058
Direct Newton iteration succeeded in finding operating point.

.step idx=2059
Direct Newton iteration succeeded in finding operating point.

.step idx=2060
Direct Newton iteration succeeded in finding operating point.

.step idx=2061
Direct Newton iteration succeeded in finding operating point.

.step idx=2062
Direct Newton iteration succeeded in finding operating point.

.step idx=2063
Direct Newton iteration succeeded in finding operating point.

.step idx=2064
Direct Newton iteration succeeded in finding operating point.

.step idx=2065
Direct Newton iteration succeeded in finding operating point.

.step idx=2066
Direct Newton iteration succeeded in finding operating point.

.step idx=2067
Direct Newton iteration succeeded in finding operating point.

.step idx=2068
Direct Newton iteration succeeded in finding operating point.

.step idx=2069
Direct Newton iteration succeeded in finding operating point.

.step idx=2070
Direct Newton iteration succeeded in finding operating point.

.step idx=2071
Direct Newton iteration succeeded in finding operating point.

.step idx=2072
Direct Newton iteration succeeded in finding operating point.

.step idx=2073
Direct Newton iteration succeeded in finding operating point.

.step idx=2074
Direct Newton iteration succeeded in finding operating point.

.step idx=2075
Direct Newton iteration succeeded in finding operating point.

.step idx=2076
Direct Newton iteration succeeded in finding operating point.

.step idx=2077
Direct Newton iteration succeeded in finding operating point.

.step idx=2078
Direct Newton iteration succeeded in finding operating point.

.step idx=2079
Direct Newton iteration succeeded in finding operating point.

.step idx=2080
Direct Newton iteration succeeded in finding operating point.

.step idx=2081
Direct Newton iteration succeeded in finding operating point.

.step idx=2082
Direct Newton iteration succeeded in finding operating point.

.step idx=2083
Direct Newton iteration succeeded in finding operating point.

.step idx=2084
Direct Newton iteration succeeded in finding operating point.

.step idx=2085
Direct Newton iteration succeeded in finding operating point.

.step idx=2086
Direct Newton iteration succeeded in finding operating point.

.step idx=2087
Direct Newton iteration succeeded in finding operating point.

.step idx=2088
Direct Newton iteration succeeded in finding operating point.

.step idx=2089
Direct Newton iteration succeeded in finding operating point.

.step idx=2090
Direct Newton iteration succeeded in finding operating point.

.step idx=2091
Direct Newton iteration succeeded in finding operating point.

.step idx=2092
Direct Newton iteration succeeded in finding operating point.

.step idx=2093
Direct Newton iteration succeeded in finding operating point.

.step idx=2094
Direct Newton iteration succeeded in finding operating point.

.step idx=2095
Direct Newton iteration succeeded in finding operating point.

.step idx=2096
Direct Newton iteration succeeded in finding operating point.

.step idx=2097
Direct Newton iteration succeeded in finding operating point.

.step idx=2098
Direct Newton iteration succeeded in finding operating point.

.step idx=2099
Direct Newton iteration succeeded in finding operating point.

.step idx=2100
Direct Newton iteration succeeded in finding operating point.

.step idx=2101
Direct Newton iteration succeeded in finding operating point.

.step idx=2102
Direct Newton iteration succeeded in finding operating point.

.step idx=2103
Direct Newton iteration succeeded in finding operating point.

.step idx=2104
Direct Newton iteration succeeded in finding operating point.

.step idx=2105
Direct Newton iteration succeeded in finding operating point.

.step idx=2106
Direct Newton iteration succeeded in finding operating point.

.step idx=2107
Direct Newton iteration succeeded in finding operating point.

.step idx=2108
Direct Newton iteration succeeded in finding operating point.

.step idx=2109
Direct Newton iteration succeeded in finding operating point.

.step idx=2110
Direct Newton iteration succeeded in finding operating point.

.step idx=2111
Direct Newton iteration succeeded in finding operating point.

.step idx=2112
Direct Newton iteration succeeded in finding operating point.

.step idx=2113
Direct Newton iteration succeeded in finding operating point.

.step idx=2114
Direct Newton iteration succeeded in finding operating point.

.step idx=2115
Direct Newton iteration succeeded in finding operating point.

.step idx=2116
Direct Newton iteration succeeded in finding operating point.

.step idx=2117
Direct Newton iteration succeeded in finding operating point.

.step idx=2118
Direct Newton iteration succeeded in finding operating point.

.step idx=2119
Direct Newton iteration succeeded in finding operating point.

.step idx=2120
Direct Newton iteration succeeded in finding operating point.

.step idx=2121
Direct Newton iteration succeeded in finding operating point.

.step idx=2122
Direct Newton iteration succeeded in finding operating point.

.step idx=2123
Direct Newton iteration succeeded in finding operating point.

.step idx=2124
Direct Newton iteration succeeded in finding operating point.

.step idx=2125
Direct Newton iteration succeeded in finding operating point.

.step idx=2126
Direct Newton iteration succeeded in finding operating point.

.step idx=2127
Direct Newton iteration succeeded in finding operating point.

.step idx=2128
Direct Newton iteration succeeded in finding operating point.

.step idx=2129
Direct Newton iteration succeeded in finding operating point.

.step idx=2130
Direct Newton iteration succeeded in finding operating point.

.step idx=2131
Direct Newton iteration succeeded in finding operating point.

.step idx=2132
Direct Newton iteration succeeded in finding operating point.

.step idx=2133
Direct Newton iteration succeeded in finding operating point.

.step idx=2134
Direct Newton iteration succeeded in finding operating point.

.step idx=2135
Direct Newton iteration succeeded in finding operating point.

.step idx=2136
Direct Newton iteration succeeded in finding operating point.

.step idx=2137
Direct Newton iteration succeeded in finding operating point.

.step idx=2138
Direct Newton iteration succeeded in finding operating point.

.step idx=2139
Direct Newton iteration succeeded in finding operating point.

.step idx=2140
Direct Newton iteration succeeded in finding operating point.

.step idx=2141
Direct Newton iteration succeeded in finding operating point.

.step idx=2142
Direct Newton iteration succeeded in finding operating point.

.step idx=2143
Direct Newton iteration succeeded in finding operating point.

.step idx=2144
Direct Newton iteration succeeded in finding operating point.

.step idx=2145
Direct Newton iteration succeeded in finding operating point.

.step idx=2146
Direct Newton iteration succeeded in finding operating point.

.step idx=2147
Direct Newton iteration succeeded in finding operating point.

.step idx=2148
Direct Newton iteration succeeded in finding operating point.

.step idx=2149
Direct Newton iteration succeeded in finding operating point.

.step idx=2150
Direct Newton iteration succeeded in finding operating point.

.step idx=2151
Direct Newton iteration succeeded in finding operating point.

.step idx=2152
Direct Newton iteration succeeded in finding operating point.

.step idx=2153
Direct Newton iteration succeeded in finding operating point.

.step idx=2154
Direct Newton iteration succeeded in finding operating point.

.step idx=2155
Direct Newton iteration succeeded in finding operating point.

.step idx=2156
Direct Newton iteration succeeded in finding operating point.

.step idx=2157
Direct Newton iteration succeeded in finding operating point.

.step idx=2158
Direct Newton iteration succeeded in finding operating point.

.step idx=2159
Direct Newton iteration succeeded in finding operating point.

.step idx=2160
Direct Newton iteration succeeded in finding operating point.

.step idx=2161
Direct Newton iteration succeeded in finding operating point.

.step idx=2162
Direct Newton iteration succeeded in finding operating point.

.step idx=2163
Direct Newton iteration succeeded in finding operating point.

.step idx=2164
Direct Newton iteration succeeded in finding operating point.

.step idx=2165
Direct Newton iteration succeeded in finding operating point.

.step idx=2166
Direct Newton iteration succeeded in finding operating point.

.step idx=2167
Direct Newton iteration succeeded in finding operating point.

.step idx=2168
Direct Newton iteration succeeded in finding operating point.

.step idx=2169
Direct Newton iteration succeeded in finding operating point.

.step idx=2170
Direct Newton iteration succeeded in finding operating point.

.step idx=2171
Direct Newton iteration succeeded in finding operating point.

.step idx=2172
Direct Newton iteration succeeded in finding operating point.

.step idx=2173
Direct Newton iteration succeeded in finding operating point.

.step idx=2174
Direct Newton iteration succeeded in finding operating point.

.step idx=2175
Direct Newton iteration succeeded in finding operating point.

.step idx=2176
Direct Newton iteration succeeded in finding operating point.

.step idx=2177
Direct Newton iteration succeeded in finding operating point.

.step idx=2178
Direct Newton iteration succeeded in finding operating point.

.step idx=2179
Direct Newton iteration succeeded in finding operating point.

.step idx=2180
Direct Newton iteration succeeded in finding operating point.

.step idx=2181
Direct Newton iteration succeeded in finding operating point.

.step idx=2182
Direct Newton iteration succeeded in finding operating point.

.step idx=2183
Direct Newton iteration succeeded in finding operating point.

.step idx=2184
Direct Newton iteration succeeded in finding operating point.

.step idx=2185
Direct Newton iteration succeeded in finding operating point.

.step idx=2186
Direct Newton iteration succeeded in finding operating point.

.step idx=2187
Direct Newton iteration succeeded in finding operating point.

.step idx=2188
Direct Newton iteration succeeded in finding operating point.

.step idx=2189
Direct Newton iteration succeeded in finding operating point.

.step idx=2190
Direct Newton iteration succeeded in finding operating point.

.step idx=2191
Direct Newton iteration succeeded in finding operating point.

.step idx=2192
Direct Newton iteration succeeded in finding operating point.

.step idx=2193
Direct Newton iteration succeeded in finding operating point.

.step idx=2194
Direct Newton iteration succeeded in finding operating point.

.step idx=2195
Direct Newton iteration succeeded in finding operating point.

.step idx=2196
Direct Newton iteration succeeded in finding operating point.

.step idx=2197
Direct Newton iteration succeeded in finding operating point.

.step idx=2198
Direct Newton iteration succeeded in finding operating point.

.step idx=2199
Direct Newton iteration succeeded in finding operating point.

.step idx=2200
Direct Newton iteration succeeded in finding operating point.

.step idx=2201
Direct Newton iteration succeeded in finding operating point.

.step idx=2202
Direct Newton iteration succeeded in finding operating point.

.step idx=2203
Direct Newton iteration succeeded in finding operating point.

.step idx=2204
Direct Newton iteration succeeded in finding operating point.

.step idx=2205
Direct Newton iteration succeeded in finding operating point.

.step idx=2206
Direct Newton iteration succeeded in finding operating point.

.step idx=2207
Direct Newton iteration succeeded in finding operating point.

.step idx=2208
Direct Newton iteration succeeded in finding operating point.

.step idx=2209
Direct Newton iteration succeeded in finding operating point.

.step idx=2210
Direct Newton iteration succeeded in finding operating point.

.step idx=2211
Direct Newton iteration succeeded in finding operating point.

.step idx=2212
Direct Newton iteration succeeded in finding operating point.

.step idx=2213
Direct Newton iteration succeeded in finding operating point.

.step idx=2214
Direct Newton iteration succeeded in finding operating point.

.step idx=2215
Direct Newton iteration succeeded in finding operating point.

.step idx=2216
Direct Newton iteration succeeded in finding operating point.

.step idx=2217
Direct Newton iteration succeeded in finding operating point.

.step idx=2218
Direct Newton iteration succeeded in finding operating point.

.step idx=2219
Direct Newton iteration succeeded in finding operating point.

.step idx=2220
Direct Newton iteration succeeded in finding operating point.

.step idx=2221
Direct Newton iteration succeeded in finding operating point.

.step idx=2222
Direct Newton iteration succeeded in finding operating point.

.step idx=2223
Direct Newton iteration succeeded in finding operating point.

.step idx=2224
Direct Newton iteration succeeded in finding operating point.

.step idx=2225
Direct Newton iteration succeeded in finding operating point.

.step idx=2226
Direct Newton iteration succeeded in finding operating point.

.step idx=2227
Direct Newton iteration succeeded in finding operating point.

.step idx=2228
Direct Newton iteration succeeded in finding operating point.

.step idx=2229
Direct Newton iteration succeeded in finding operating point.

.step idx=2230
Direct Newton iteration succeeded in finding operating point.

.step idx=2231
Direct Newton iteration succeeded in finding operating point.

.step idx=2232
Direct Newton iteration succeeded in finding operating point.

.step idx=2233
Direct Newton iteration succeeded in finding operating point.

.step idx=2234
Direct Newton iteration succeeded in finding operating point.

.step idx=2235
Direct Newton iteration succeeded in finding operating point.

.step idx=2236
Direct Newton iteration succeeded in finding operating point.

.step idx=2237
Direct Newton iteration succeeded in finding operating point.

.step idx=2238
Direct Newton iteration succeeded in finding operating point.

.step idx=2239
Direct Newton iteration succeeded in finding operating point.

.step idx=2240
Direct Newton iteration succeeded in finding operating point.

.step idx=2241
Direct Newton iteration succeeded in finding operating point.

.step idx=2242
Direct Newton iteration succeeded in finding operating point.

.step idx=2243
Direct Newton iteration succeeded in finding operating point.

.step idx=2244
Direct Newton iteration succeeded in finding operating point.

.step idx=2245
Direct Newton iteration succeeded in finding operating point.

.step idx=2246
Direct Newton iteration succeeded in finding operating point.

.step idx=2247
Direct Newton iteration succeeded in finding operating point.

.step idx=2248
Direct Newton iteration succeeded in finding operating point.

.step idx=2249
Direct Newton iteration succeeded in finding operating point.

.step idx=2250
Direct Newton iteration succeeded in finding operating point.

.step idx=2251
Direct Newton iteration succeeded in finding operating point.

.step idx=2252
Direct Newton iteration succeeded in finding operating point.

.step idx=2253
Direct Newton iteration succeeded in finding operating point.

.step idx=2254
Direct Newton iteration succeeded in finding operating point.

.step idx=2255
Direct Newton iteration succeeded in finding operating point.

.step idx=2256
Direct Newton iteration succeeded in finding operating point.

.step idx=2257
Direct Newton iteration succeeded in finding operating point.

.step idx=2258
Direct Newton iteration succeeded in finding operating point.

.step idx=2259
Direct Newton iteration succeeded in finding operating point.

.step idx=2260
Direct Newton iteration succeeded in finding operating point.

.step idx=2261
Direct Newton iteration succeeded in finding operating point.

.step idx=2262
Direct Newton iteration succeeded in finding operating point.

.step idx=2263
Direct Newton iteration succeeded in finding operating point.

.step idx=2264
Direct Newton iteration succeeded in finding operating point.

.step idx=2265
Direct Newton iteration succeeded in finding operating point.

.step idx=2266
Direct Newton iteration succeeded in finding operating point.

.step idx=2267
Direct Newton iteration succeeded in finding operating point.

.step idx=2268
Direct Newton iteration succeeded in finding operating point.

.step idx=2269
Direct Newton iteration succeeded in finding operating point.

.step idx=2270
Direct Newton iteration succeeded in finding operating point.

.step idx=2271
Direct Newton iteration succeeded in finding operating point.

.step idx=2272
Direct Newton iteration succeeded in finding operating point.

.step idx=2273
Direct Newton iteration succeeded in finding operating point.

.step idx=2274
Direct Newton iteration succeeded in finding operating point.

.step idx=2275
Direct Newton iteration succeeded in finding operating point.

.step idx=2276
Direct Newton iteration succeeded in finding operating point.

.step idx=2277
Direct Newton iteration succeeded in finding operating point.

.step idx=2278
Direct Newton iteration succeeded in finding operating point.

.step idx=2279
Direct Newton iteration succeeded in finding operating point.

.step idx=2280
Direct Newton iteration succeeded in finding operating point.

.step idx=2281
Direct Newton iteration succeeded in finding operating point.

.step idx=2282
Direct Newton iteration succeeded in finding operating point.

.step idx=2283
Direct Newton iteration succeeded in finding operating point.

.step idx=2284
Direct Newton iteration succeeded in finding operating point.

.step idx=2285
Direct Newton iteration succeeded in finding operating point.

.step idx=2286
Direct Newton iteration succeeded in finding operating point.

.step idx=2287
Direct Newton iteration succeeded in finding operating point.

.step idx=2288
Direct Newton iteration succeeded in finding operating point.

.step idx=2289
Direct Newton iteration succeeded in finding operating point.

.step idx=2290
Direct Newton iteration succeeded in finding operating point.

.step idx=2291
Direct Newton iteration succeeded in finding operating point.

.step idx=2292
Direct Newton iteration succeeded in finding operating point.

.step idx=2293
Direct Newton iteration succeeded in finding operating point.

.step idx=2294
Direct Newton iteration succeeded in finding operating point.

.step idx=2295
Direct Newton iteration succeeded in finding operating point.

.step idx=2296
Direct Newton iteration succeeded in finding operating point.

.step idx=2297
Direct Newton iteration succeeded in finding operating point.

.step idx=2298
Direct Newton iteration succeeded in finding operating point.

.step idx=2299
Direct Newton iteration succeeded in finding operating point.

.step idx=2300
Direct Newton iteration succeeded in finding operating point.

.step idx=2301
Direct Newton iteration succeeded in finding operating point.

.step idx=2302
Direct Newton iteration succeeded in finding operating point.

.step idx=2303
Direct Newton iteration succeeded in finding operating point.

.step idx=2304
Direct Newton iteration succeeded in finding operating point.

.step idx=2305
Direct Newton iteration succeeded in finding operating point.

.step idx=2306
Direct Newton iteration succeeded in finding operating point.

.step idx=2307
Direct Newton iteration succeeded in finding operating point.

.step idx=2308
Direct Newton iteration succeeded in finding operating point.

.step idx=2309
Direct Newton iteration succeeded in finding operating point.

.step idx=2310
Direct Newton iteration succeeded in finding operating point.

.step idx=2311
Direct Newton iteration succeeded in finding operating point.

.step idx=2312
Direct Newton iteration succeeded in finding operating point.

.step idx=2313
Direct Newton iteration succeeded in finding operating point.

.step idx=2314
Direct Newton iteration succeeded in finding operating point.

.step idx=2315
Direct Newton iteration succeeded in finding operating point.

.step idx=2316
Direct Newton iteration succeeded in finding operating point.

.step idx=2317
Direct Newton iteration succeeded in finding operating point.

.step idx=2318
Direct Newton iteration succeeded in finding operating point.

.step idx=2319
Direct Newton iteration succeeded in finding operating point.

.step idx=2320
Direct Newton iteration succeeded in finding operating point.

.step idx=2321
Direct Newton iteration succeeded in finding operating point.

.step idx=2322
Direct Newton iteration succeeded in finding operating point.

.step idx=2323
Direct Newton iteration succeeded in finding operating point.

.step idx=2324
Direct Newton iteration succeeded in finding operating point.

.step idx=2325
Direct Newton iteration succeeded in finding operating point.

.step idx=2326
Direct Newton iteration succeeded in finding operating point.

.step idx=2327
Direct Newton iteration succeeded in finding operating point.

.step idx=2328
Direct Newton iteration succeeded in finding operating point.

.step idx=2329
Direct Newton iteration succeeded in finding operating point.

.step idx=2330
Direct Newton iteration succeeded in finding operating point.

.step idx=2331
Direct Newton iteration succeeded in finding operating point.

.step idx=2332
Direct Newton iteration succeeded in finding operating point.

.step idx=2333
Direct Newton iteration succeeded in finding operating point.

.step idx=2334
Direct Newton iteration succeeded in finding operating point.

.step idx=2335
Direct Newton iteration succeeded in finding operating point.

.step idx=2336
Direct Newton iteration succeeded in finding operating point.

.step idx=2337
Direct Newton iteration succeeded in finding operating point.

.step idx=2338
Direct Newton iteration succeeded in finding operating point.

.step idx=2339
Direct Newton iteration succeeded in finding operating point.

.step idx=2340
Direct Newton iteration succeeded in finding operating point.

.step idx=2341
Direct Newton iteration succeeded in finding operating point.

.step idx=2342
Direct Newton iteration succeeded in finding operating point.

.step idx=2343
Direct Newton iteration succeeded in finding operating point.

.step idx=2344
Direct Newton iteration succeeded in finding operating point.

.step idx=2345
Direct Newton iteration succeeded in finding operating point.

.step idx=2346
Direct Newton iteration succeeded in finding operating point.

.step idx=2347
Direct Newton iteration succeeded in finding operating point.

.step idx=2348
Direct Newton iteration succeeded in finding operating point.

.step idx=2349
Direct Newton iteration succeeded in finding operating point.

.step idx=2350
Direct Newton iteration succeeded in finding operating point.

.step idx=2351
Direct Newton iteration succeeded in finding operating point.

.step idx=2352
Direct Newton iteration succeeded in finding operating point.

.step idx=2353
Direct Newton iteration succeeded in finding operating point.

.step idx=2354
Direct Newton iteration succeeded in finding operating point.

.step idx=2355
Direct Newton iteration succeeded in finding operating point.

.step idx=2356
Direct Newton iteration succeeded in finding operating point.

.step idx=2357
Direct Newton iteration succeeded in finding operating point.

.step idx=2358
Direct Newton iteration succeeded in finding operating point.

.step idx=2359
Direct Newton iteration succeeded in finding operating point.

.step idx=2360
Direct Newton iteration succeeded in finding operating point.

.step idx=2361
Direct Newton iteration succeeded in finding operating point.

.step idx=2362
Direct Newton iteration succeeded in finding operating point.

.step idx=2363
Direct Newton iteration succeeded in finding operating point.

.step idx=2364
Direct Newton iteration succeeded in finding operating point.

.step idx=2365
Direct Newton iteration succeeded in finding operating point.

.step idx=2366
Direct Newton iteration succeeded in finding operating point.

.step idx=2367
Direct Newton iteration succeeded in finding operating point.

.step idx=2368
Direct Newton iteration succeeded in finding operating point.

.step idx=2369
Direct Newton iteration succeeded in finding operating point.

.step idx=2370
Direct Newton iteration succeeded in finding operating point.

.step idx=2371
Direct Newton iteration succeeded in finding operating point.

.step idx=2372
Direct Newton iteration succeeded in finding operating point.

.step idx=2373
Direct Newton iteration succeeded in finding operating point.

.step idx=2374
Direct Newton iteration succeeded in finding operating point.

.step idx=2375
Direct Newton iteration succeeded in finding operating point.

.step idx=2376
Direct Newton iteration succeeded in finding operating point.

.step idx=2377
Direct Newton iteration succeeded in finding operating point.

.step idx=2378
Direct Newton iteration succeeded in finding operating point.

.step idx=2379
Direct Newton iteration succeeded in finding operating point.

.step idx=2380
Direct Newton iteration succeeded in finding operating point.

.step idx=2381
Direct Newton iteration succeeded in finding operating point.

.step idx=2382
Direct Newton iteration succeeded in finding operating point.

.step idx=2383
Direct Newton iteration succeeded in finding operating point.

.step idx=2384
Direct Newton iteration succeeded in finding operating point.

.step idx=2385
Direct Newton iteration succeeded in finding operating point.

.step idx=2386
Direct Newton iteration succeeded in finding operating point.

.step idx=2387
Direct Newton iteration succeeded in finding operating point.

.step idx=2388
Direct Newton iteration succeeded in finding operating point.

.step idx=2389
Direct Newton iteration succeeded in finding operating point.

.step idx=2390
Direct Newton iteration succeeded in finding operating point.

.step idx=2391
Direct Newton iteration succeeded in finding operating point.

.step idx=2392
Direct Newton iteration succeeded in finding operating point.

.step idx=2393
Direct Newton iteration succeeded in finding operating point.

.step idx=2394
Direct Newton iteration succeeded in finding operating point.

.step idx=2395
Direct Newton iteration succeeded in finding operating point.

.step idx=2396
Direct Newton iteration succeeded in finding operating point.

.step idx=2397
Direct Newton iteration succeeded in finding operating point.

.step idx=2398
Direct Newton iteration succeeded in finding operating point.

.step idx=2399
Direct Newton iteration succeeded in finding operating point.

.step idx=2400
Direct Newton iteration succeeded in finding operating point.

.step idx=2401
Direct Newton iteration succeeded in finding operating point.

.step idx=2402
Direct Newton iteration succeeded in finding operating point.

.step idx=2403
Direct Newton iteration succeeded in finding operating point.

.step idx=2404
Direct Newton iteration succeeded in finding operating point.

.step idx=2405
Direct Newton iteration succeeded in finding operating point.

.step idx=2406
Direct Newton iteration succeeded in finding operating point.

.step idx=2407
Direct Newton iteration succeeded in finding operating point.

.step idx=2408
Direct Newton iteration succeeded in finding operating point.

.step idx=2409
Direct Newton iteration succeeded in finding operating point.

.step idx=2410
Direct Newton iteration succeeded in finding operating point.

.step idx=2411
Direct Newton iteration succeeded in finding operating point.

.step idx=2412
Direct Newton iteration succeeded in finding operating point.

.step idx=2413
Direct Newton iteration succeeded in finding operating point.

.step idx=2414
Direct Newton iteration succeeded in finding operating point.

.step idx=2415
Direct Newton iteration succeeded in finding operating point.

.step idx=2416
Direct Newton iteration succeeded in finding operating point.

.step idx=2417
Direct Newton iteration succeeded in finding operating point.

.step idx=2418
Direct Newton iteration succeeded in finding operating point.

.step idx=2419
Direct Newton iteration succeeded in finding operating point.

.step idx=2420
Direct Newton iteration succeeded in finding operating point.

.step idx=2421
Direct Newton iteration succeeded in finding operating point.

.step idx=2422
Direct Newton iteration succeeded in finding operating point.

.step idx=2423
Direct Newton iteration succeeded in finding operating point.

.step idx=2424
Direct Newton iteration succeeded in finding operating point.

.step idx=2425
Direct Newton iteration succeeded in finding operating point.

.step idx=2426
Direct Newton iteration succeeded in finding operating point.

.step idx=2427
Direct Newton iteration succeeded in finding operating point.

.step idx=2428
Direct Newton iteration succeeded in finding operating point.

.step idx=2429
Direct Newton iteration succeeded in finding operating point.

.step idx=2430
Direct Newton iteration succeeded in finding operating point.

.step idx=2431
Direct Newton iteration succeeded in finding operating point.

.step idx=2432
Direct Newton iteration succeeded in finding operating point.

.step idx=2433
Direct Newton iteration succeeded in finding operating point.

.step idx=2434
Direct Newton iteration succeeded in finding operating point.

.step idx=2435
Direct Newton iteration succeeded in finding operating point.

.step idx=2436
Direct Newton iteration succeeded in finding operating point.

.step idx=2437
Direct Newton iteration succeeded in finding operating point.

.step idx=2438
Direct Newton iteration succeeded in finding operating point.

.step idx=2439
Direct Newton iteration succeeded in finding operating point.

.step idx=2440
Direct Newton iteration succeeded in finding operating point.

.step idx=2441
Direct Newton iteration succeeded in finding operating point.

.step idx=2442
Direct Newton iteration succeeded in finding operating point.

.step idx=2443
Direct Newton iteration succeeded in finding operating point.

.step idx=2444
Direct Newton iteration succeeded in finding operating point.

.step idx=2445
Direct Newton iteration succeeded in finding operating point.

.step idx=2446
Direct Newton iteration succeeded in finding operating point.

.step idx=2447
Direct Newton iteration succeeded in finding operating point.

.step idx=2448
Direct Newton iteration succeeded in finding operating point.

.step idx=2449
Direct Newton iteration succeeded in finding operating point.

.step idx=2450
Direct Newton iteration succeeded in finding operating point.

.step idx=2451
Direct Newton iteration succeeded in finding operating point.

.step idx=2452
Direct Newton iteration succeeded in finding operating point.

.step idx=2453
Direct Newton iteration succeeded in finding operating point.

.step idx=2454
Direct Newton iteration succeeded in finding operating point.

.step idx=2455
Direct Newton iteration succeeded in finding operating point.

.step idx=2456
Direct Newton iteration succeeded in finding operating point.

.step idx=2457
Direct Newton iteration succeeded in finding operating point.

.step idx=2458
Direct Newton iteration succeeded in finding operating point.

.step idx=2459
Direct Newton iteration succeeded in finding operating point.

.step idx=2460
Direct Newton iteration succeeded in finding operating point.

.step idx=2461
Direct Newton iteration succeeded in finding operating point.

.step idx=2462
Direct Newton iteration succeeded in finding operating point.

.step idx=2463
Direct Newton iteration succeeded in finding operating point.

.step idx=2464
Direct Newton iteration succeeded in finding operating point.

.step idx=2465
Direct Newton iteration succeeded in finding operating point.

.step idx=2466
Direct Newton iteration succeeded in finding operating point.

.step idx=2467
Direct Newton iteration succeeded in finding operating point.

.step idx=2468
Direct Newton iteration succeeded in finding operating point.

.step idx=2469
Direct Newton iteration succeeded in finding operating point.

.step idx=2470
Direct Newton iteration succeeded in finding operating point.

.step idx=2471
Direct Newton iteration succeeded in finding operating point.

.step idx=2472
Direct Newton iteration succeeded in finding operating point.

.step idx=2473
Direct Newton iteration succeeded in finding operating point.

.step idx=2474
Direct Newton iteration succeeded in finding operating point.

.step idx=2475
Direct Newton iteration succeeded in finding operating point.

.step idx=2476
Direct Newton iteration succeeded in finding operating point.

.step idx=2477
Direct Newton iteration succeeded in finding operating point.

.step idx=2478
Direct Newton iteration succeeded in finding operating point.

.step idx=2479
Direct Newton iteration succeeded in finding operating point.

.step idx=2480
Direct Newton iteration succeeded in finding operating point.

.step idx=2481
Direct Newton iteration succeeded in finding operating point.

.step idx=2482
Direct Newton iteration succeeded in finding operating point.

.step idx=2483
Direct Newton iteration succeeded in finding operating point.

.step idx=2484
Direct Newton iteration succeeded in finding operating point.

.step idx=2485
Direct Newton iteration succeeded in finding operating point.

.step idx=2486
Direct Newton iteration succeeded in finding operating point.

.step idx=2487
Direct Newton iteration succeeded in finding operating point.

.step idx=2488
Direct Newton iteration succeeded in finding operating point.

.step idx=2489
Direct Newton iteration succeeded in finding operating point.

.step idx=2490
Direct Newton iteration succeeded in finding operating point.

.step idx=2491
Direct Newton iteration succeeded in finding operating point.

.step idx=2492
Direct Newton iteration succeeded in finding operating point.

.step idx=2493
Direct Newton iteration succeeded in finding operating point.

.step idx=2494
Direct Newton iteration succeeded in finding operating point.

.step idx=2495
Direct Newton iteration succeeded in finding operating point.

.step idx=2496
Direct Newton iteration succeeded in finding operating point.

.step idx=2497
Direct Newton iteration succeeded in finding operating point.

.step idx=2498
Direct Newton iteration succeeded in finding operating point.

.step idx=2499
Direct Newton iteration succeeded in finding operating point.

.step idx=2500
Direct Newton iteration succeeded in finding operating point.

.step idx=2501
Direct Newton iteration succeeded in finding operating point.

.step idx=2502
Direct Newton iteration succeeded in finding operating point.

.step idx=2503
Direct Newton iteration succeeded in finding operating point.

.step idx=2504
Direct Newton iteration succeeded in finding operating point.

.step idx=2505
Direct Newton iteration succeeded in finding operating point.

.step idx=2506
Direct Newton iteration succeeded in finding operating point.

.step idx=2507
Direct Newton iteration succeeded in finding operating point.

.step idx=2508
Direct Newton iteration succeeded in finding operating point.

.step idx=2509
Direct Newton iteration succeeded in finding operating point.

.step idx=2510
Direct Newton iteration succeeded in finding operating point.

.step idx=2511
Direct Newton iteration succeeded in finding operating point.

.step idx=2512
Direct Newton iteration succeeded in finding operating point.

.step idx=2513
Direct Newton iteration succeeded in finding operating point.

.step idx=2514
Direct Newton iteration succeeded in finding operating point.

.step idx=2515
Direct Newton iteration succeeded in finding operating point.

.step idx=2516
Direct Newton iteration succeeded in finding operating point.

.step idx=2517
Direct Newton iteration succeeded in finding operating point.

.step idx=2518
Direct Newton iteration succeeded in finding operating point.

.step idx=2519
Direct Newton iteration succeeded in finding operating point.

.step idx=2520
Direct Newton iteration succeeded in finding operating point.

.step idx=2521
Direct Newton iteration succeeded in finding operating point.

.step idx=2522
Direct Newton iteration succeeded in finding operating point.

.step idx=2523
Direct Newton iteration succeeded in finding operating point.

.step idx=2524
Direct Newton iteration succeeded in finding operating point.

.step idx=2525
Direct Newton iteration succeeded in finding operating point.

.step idx=2526
Direct Newton iteration succeeded in finding operating point.

.step idx=2527
Direct Newton iteration succeeded in finding operating point.

.step idx=2528
Direct Newton iteration succeeded in finding operating point.

.step idx=2529
Direct Newton iteration succeeded in finding operating point.

.step idx=2530
Direct Newton iteration succeeded in finding operating point.

.step idx=2531
Direct Newton iteration succeeded in finding operating point.

.step idx=2532
Direct Newton iteration succeeded in finding operating point.

.step idx=2533
Direct Newton iteration succeeded in finding operating point.

.step idx=2534
Direct Newton iteration succeeded in finding operating point.

.step idx=2535
Direct Newton iteration succeeded in finding operating point.

.step idx=2536
Direct Newton iteration succeeded in finding operating point.

.step idx=2537
Direct Newton iteration succeeded in finding operating point.

.step idx=2538
Direct Newton iteration succeeded in finding operating point.

.step idx=2539
Direct Newton iteration succeeded in finding operating point.

.step idx=2540
Direct Newton iteration succeeded in finding operating point.

.step idx=2541
Direct Newton iteration succeeded in finding operating point.

.step idx=2542
Direct Newton iteration succeeded in finding operating point.

.step idx=2543
Direct Newton iteration succeeded in finding operating point.

.step idx=2544
Direct Newton iteration succeeded in finding operating point.

.step idx=2545
Direct Newton iteration succeeded in finding operating point.

.step idx=2546
Direct Newton iteration succeeded in finding operating point.

.step idx=2547
Direct Newton iteration succeeded in finding operating point.

.step idx=2548
Direct Newton iteration succeeded in finding operating point.

.step idx=2549
Direct Newton iteration succeeded in finding operating point.

.step idx=2550
Direct Newton iteration succeeded in finding operating point.

.step idx=2551
Direct Newton iteration succeeded in finding operating point.

.step idx=2552
Direct Newton iteration succeeded in finding operating point.

.step idx=2553
Direct Newton iteration succeeded in finding operating point.

.step idx=2554
Direct Newton iteration succeeded in finding operating point.

.step idx=2555
Direct Newton iteration succeeded in finding operating point.

.step idx=2556
Direct Newton iteration succeeded in finding operating point.

.step idx=2557
Direct Newton iteration succeeded in finding operating point.

.step idx=2558
Direct Newton iteration succeeded in finding operating point.

.step idx=2559
Direct Newton iteration succeeded in finding operating point.

.step idx=2560
Direct Newton iteration succeeded in finding operating point.

.step idx=2561
Direct Newton iteration succeeded in finding operating point.

.step idx=2562
Direct Newton iteration succeeded in finding operating point.

.step idx=2563
Direct Newton iteration succeeded in finding operating point.

.step idx=2564
Direct Newton iteration succeeded in finding operating point.

.step idx=2565
Direct Newton iteration succeeded in finding operating point.

.step idx=2566
Direct Newton iteration succeeded in finding operating point.

.step idx=2567
Direct Newton iteration succeeded in finding operating point.

.step idx=2568
Direct Newton iteration succeeded in finding operating point.

.step idx=2569
Direct Newton iteration succeeded in finding operating point.

.step idx=2570
Direct Newton iteration succeeded in finding operating point.

.step idx=2571
Direct Newton iteration succeeded in finding operating point.

.step idx=2572
Direct Newton iteration succeeded in finding operating point.

.step idx=2573
Direct Newton iteration succeeded in finding operating point.

.step idx=2574
Direct Newton iteration succeeded in finding operating point.

.step idx=2575
Direct Newton iteration succeeded in finding operating point.

.step idx=2576
Direct Newton iteration succeeded in finding operating point.

.step idx=2577
Direct Newton iteration succeeded in finding operating point.

.step idx=2578
Direct Newton iteration succeeded in finding operating point.

.step idx=2579
Direct Newton iteration succeeded in finding operating point.

.step idx=2580
Direct Newton iteration succeeded in finding operating point.

.step idx=2581
Direct Newton iteration succeeded in finding operating point.

.step idx=2582
Direct Newton iteration succeeded in finding operating point.

.step idx=2583
Direct Newton iteration succeeded in finding operating point.

.step idx=2584
Direct Newton iteration succeeded in finding operating point.

.step idx=2585
Direct Newton iteration succeeded in finding operating point.

.step idx=2586
Direct Newton iteration succeeded in finding operating point.

.step idx=2587
Direct Newton iteration succeeded in finding operating point.

.step idx=2588
Direct Newton iteration succeeded in finding operating point.

.step idx=2589
Direct Newton iteration succeeded in finding operating point.

.step idx=2590
Direct Newton iteration succeeded in finding operating point.

.step idx=2591
Direct Newton iteration succeeded in finding operating point.

.step idx=2592
Direct Newton iteration succeeded in finding operating point.

.step idx=2593
Direct Newton iteration succeeded in finding operating point.

.step idx=2594
Direct Newton iteration succeeded in finding operating point.

.step idx=2595
Direct Newton iteration succeeded in finding operating point.

.step idx=2596
Direct Newton iteration succeeded in finding operating point.

.step idx=2597
Direct Newton iteration succeeded in finding operating point.

.step idx=2598
Direct Newton iteration succeeded in finding operating point.

.step idx=2599
Direct Newton iteration succeeded in finding operating point.

.step idx=2600
Direct Newton iteration succeeded in finding operating point.

.step idx=2601
Direct Newton iteration succeeded in finding operating point.

.step idx=2602
Direct Newton iteration succeeded in finding operating point.

.step idx=2603
Direct Newton iteration succeeded in finding operating point.

.step idx=2604
Direct Newton iteration succeeded in finding operating point.

.step idx=2605
Direct Newton iteration succeeded in finding operating point.

.step idx=2606
Direct Newton iteration succeeded in finding operating point.

.step idx=2607
Direct Newton iteration succeeded in finding operating point.

.step idx=2608
Direct Newton iteration succeeded in finding operating point.

.step idx=2609
Direct Newton iteration succeeded in finding operating point.

.step idx=2610
Direct Newton iteration succeeded in finding operating point.

.step idx=2611
Direct Newton iteration succeeded in finding operating point.

.step idx=2612
Direct Newton iteration succeeded in finding operating point.

.step idx=2613
Direct Newton iteration succeeded in finding operating point.

.step idx=2614
Direct Newton iteration succeeded in finding operating point.

.step idx=2615
Direct Newton iteration succeeded in finding operating point.

.step idx=2616
Direct Newton iteration succeeded in finding operating point.

.step idx=2617
Direct Newton iteration succeeded in finding operating point.

.step idx=2618
Direct Newton iteration succeeded in finding operating point.

.step idx=2619
Direct Newton iteration succeeded in finding operating point.

.step idx=2620
Direct Newton iteration succeeded in finding operating point.

.step idx=2621
Direct Newton iteration succeeded in finding operating point.

.step idx=2622
Direct Newton iteration succeeded in finding operating point.

.step idx=2623
Direct Newton iteration succeeded in finding operating point.

.step idx=2624
Direct Newton iteration succeeded in finding operating point.

.step idx=2625
Direct Newton iteration succeeded in finding operating point.

.step idx=2626
Direct Newton iteration succeeded in finding operating point.

.step idx=2627
Direct Newton iteration succeeded in finding operating point.

.step idx=2628
Direct Newton iteration succeeded in finding operating point.

.step idx=2629
Direct Newton iteration succeeded in finding operating point.

.step idx=2630
Direct Newton iteration succeeded in finding operating point.

.step idx=2631
Direct Newton iteration succeeded in finding operating point.

.step idx=2632
Direct Newton iteration succeeded in finding operating point.

.step idx=2633
Direct Newton iteration succeeded in finding operating point.

.step idx=2634
Direct Newton iteration succeeded in finding operating point.

.step idx=2635
Direct Newton iteration succeeded in finding operating point.

.step idx=2636
Direct Newton iteration succeeded in finding operating point.

.step idx=2637
Direct Newton iteration succeeded in finding operating point.

.step idx=2638
Direct Newton iteration succeeded in finding operating point.

.step idx=2639
Direct Newton iteration succeeded in finding operating point.

.step idx=2640
Direct Newton iteration succeeded in finding operating point.

.step idx=2641
Direct Newton iteration succeeded in finding operating point.

.step idx=2642
Direct Newton iteration succeeded in finding operating point.

.step idx=2643
Direct Newton iteration succeeded in finding operating point.

.step idx=2644
Direct Newton iteration succeeded in finding operating point.

.step idx=2645
Direct Newton iteration succeeded in finding operating point.

.step idx=2646
Direct Newton iteration succeeded in finding operating point.

.step idx=2647
Direct Newton iteration succeeded in finding operating point.

.step idx=2648
Direct Newton iteration succeeded in finding operating point.

.step idx=2649
Direct Newton iteration succeeded in finding operating point.

.step idx=2650
Direct Newton iteration succeeded in finding operating point.

.step idx=2651
Direct Newton iteration succeeded in finding operating point.

.step idx=2652
Direct Newton iteration succeeded in finding operating point.

.step idx=2653
Direct Newton iteration succeeded in finding operating point.

.step idx=2654
Direct Newton iteration succeeded in finding operating point.

.step idx=2655
Direct Newton iteration succeeded in finding operating point.

.step idx=2656
Direct Newton iteration succeeded in finding operating point.

.step idx=2657
Direct Newton iteration succeeded in finding operating point.

.step idx=2658
Direct Newton iteration succeeded in finding operating point.

.step idx=2659
Direct Newton iteration succeeded in finding operating point.

.step idx=2660
Direct Newton iteration succeeded in finding operating point.

.step idx=2661
Direct Newton iteration succeeded in finding operating point.

.step idx=2662
Direct Newton iteration succeeded in finding operating point.

.step idx=2663
Direct Newton iteration succeeded in finding operating point.

.step idx=2664
Direct Newton iteration succeeded in finding operating point.

.step idx=2665
Direct Newton iteration succeeded in finding operating point.

.step idx=2666
Direct Newton iteration succeeded in finding operating point.

.step idx=2667
Direct Newton iteration succeeded in finding operating point.

.step idx=2668
Direct Newton iteration succeeded in finding operating point.

.step idx=2669
Direct Newton iteration succeeded in finding operating point.

.step idx=2670
Direct Newton iteration succeeded in finding operating point.

.step idx=2671
Direct Newton iteration succeeded in finding operating point.

.step idx=2672
Direct Newton iteration succeeded in finding operating point.

.step idx=2673
Direct Newton iteration succeeded in finding operating point.

.step idx=2674
Direct Newton iteration succeeded in finding operating point.

.step idx=2675
Direct Newton iteration succeeded in finding operating point.

.step idx=2676
Direct Newton iteration succeeded in finding operating point.

.step idx=2677
Direct Newton iteration succeeded in finding operating point.

.step idx=2678
Direct Newton iteration succeeded in finding operating point.

.step idx=2679
Direct Newton iteration succeeded in finding operating point.

.step idx=2680
Direct Newton iteration succeeded in finding operating point.

.step idx=2681
Direct Newton iteration succeeded in finding operating point.

.step idx=2682
Direct Newton iteration succeeded in finding operating point.

.step idx=2683
Direct Newton iteration succeeded in finding operating point.

.step idx=2684
Direct Newton iteration succeeded in finding operating point.

.step idx=2685
Direct Newton iteration succeeded in finding operating point.

.step idx=2686
Direct Newton iteration succeeded in finding operating point.

.step idx=2687
Direct Newton iteration succeeded in finding operating point.

.step idx=2688
Direct Newton iteration succeeded in finding operating point.

.step idx=2689
Direct Newton iteration succeeded in finding operating point.

.step idx=2690
Direct Newton iteration succeeded in finding operating point.

.step idx=2691
Direct Newton iteration succeeded in finding operating point.

.step idx=2692
Direct Newton iteration succeeded in finding operating point.

.step idx=2693
Direct Newton iteration succeeded in finding operating point.

.step idx=2694
Direct Newton iteration succeeded in finding operating point.

.step idx=2695
Direct Newton iteration succeeded in finding operating point.

.step idx=2696
Direct Newton iteration succeeded in finding operating point.

.step idx=2697
Direct Newton iteration succeeded in finding operating point.

.step idx=2698
Direct Newton iteration succeeded in finding operating point.

.step idx=2699
Direct Newton iteration succeeded in finding operating point.

.step idx=2700
Direct Newton iteration succeeded in finding operating point.

.step idx=2701
Direct Newton iteration succeeded in finding operating point.

.step idx=2702
Direct Newton iteration succeeded in finding operating point.

.step idx=2703
Direct Newton iteration succeeded in finding operating point.

.step idx=2704
Direct Newton iteration succeeded in finding operating point.

.step idx=2705
Direct Newton iteration succeeded in finding operating point.

.step idx=2706
Direct Newton iteration succeeded in finding operating point.

.step idx=2707
Direct Newton iteration succeeded in finding operating point.

.step idx=2708
Direct Newton iteration succeeded in finding operating point.

.step idx=2709
Direct Newton iteration succeeded in finding operating point.

.step idx=2710
Direct Newton iteration succeeded in finding operating point.

.step idx=2711
Direct Newton iteration succeeded in finding operating point.

.step idx=2712
Direct Newton iteration succeeded in finding operating point.

.step idx=2713
Direct Newton iteration succeeded in finding operating point.

.step idx=2714
Direct Newton iteration succeeded in finding operating point.

.step idx=2715
Direct Newton iteration succeeded in finding operating point.

.step idx=2716
Direct Newton iteration succeeded in finding operating point.

.step idx=2717
Direct Newton iteration succeeded in finding operating point.

.step idx=2718
Direct Newton iteration succeeded in finding operating point.

.step idx=2719
Direct Newton iteration succeeded in finding operating point.

.step idx=2720
Direct Newton iteration succeeded in finding operating point.

.step idx=2721
Direct Newton iteration succeeded in finding operating point.

.step idx=2722
Direct Newton iteration succeeded in finding operating point.

.step idx=2723
Direct Newton iteration succeeded in finding operating point.

.step idx=2724
Direct Newton iteration succeeded in finding operating point.

.step idx=2725
Direct Newton iteration succeeded in finding operating point.

.step idx=2726
Direct Newton iteration succeeded in finding operating point.

.step idx=2727
Direct Newton iteration succeeded in finding operating point.

.step idx=2728
Direct Newton iteration succeeded in finding operating point.

.step idx=2729
Direct Newton iteration succeeded in finding operating point.

.step idx=2730
Direct Newton iteration succeeded in finding operating point.

.step idx=2731
Direct Newton iteration succeeded in finding operating point.

.step idx=2732
Direct Newton iteration succeeded in finding operating point.

.step idx=2733
Direct Newton iteration succeeded in finding operating point.

.step idx=2734
Direct Newton iteration succeeded in finding operating point.

.step idx=2735
Direct Newton iteration succeeded in finding operating point.

.step idx=2736
Direct Newton iteration succeeded in finding operating point.

.step idx=2737
Direct Newton iteration succeeded in finding operating point.

.step idx=2738
Direct Newton iteration succeeded in finding operating point.

.step idx=2739
Direct Newton iteration succeeded in finding operating point.

.step idx=2740
Direct Newton iteration succeeded in finding operating point.

.step idx=2741
Direct Newton iteration succeeded in finding operating point.

.step idx=2742
Direct Newton iteration succeeded in finding operating point.

.step idx=2743
Direct Newton iteration succeeded in finding operating point.

.step idx=2744
Direct Newton iteration succeeded in finding operating point.

.step idx=2745
Direct Newton iteration succeeded in finding operating point.

.step idx=2746
Direct Newton iteration succeeded in finding operating point.

.step idx=2747
Direct Newton iteration succeeded in finding operating point.

.step idx=2748
Direct Newton iteration succeeded in finding operating point.

.step idx=2749
Direct Newton iteration succeeded in finding operating point.

.step idx=2750
Direct Newton iteration succeeded in finding operating point.

.step idx=2751
Direct Newton iteration succeeded in finding operating point.

.step idx=2752
Direct Newton iteration succeeded in finding operating point.

.step idx=2753
Direct Newton iteration succeeded in finding operating point.

.step idx=2754
Direct Newton iteration succeeded in finding operating point.

.step idx=2755
Direct Newton iteration succeeded in finding operating point.

.step idx=2756
Direct Newton iteration succeeded in finding operating point.

.step idx=2757
Direct Newton iteration succeeded in finding operating point.

.step idx=2758
Direct Newton iteration succeeded in finding operating point.

.step idx=2759
Direct Newton iteration succeeded in finding operating point.

.step idx=2760
Direct Newton iteration succeeded in finding operating point.

.step idx=2761
Direct Newton iteration succeeded in finding operating point.

.step idx=2762
Direct Newton iteration succeeded in finding operating point.

.step idx=2763
Direct Newton iteration succeeded in finding operating point.

.step idx=2764
Direct Newton iteration succeeded in finding operating point.

.step idx=2765
Direct Newton iteration succeeded in finding operating point.

.step idx=2766
Direct Newton iteration succeeded in finding operating point.

.step idx=2767
Direct Newton iteration succeeded in finding operating point.

.step idx=2768
Direct Newton iteration succeeded in finding operating point.

.step idx=2769
Direct Newton iteration succeeded in finding operating point.

.step idx=2770
Direct Newton iteration succeeded in finding operating point.

.step idx=2771
Direct Newton iteration succeeded in finding operating point.

.step idx=2772
Direct Newton iteration succeeded in finding operating point.

.step idx=2773
Direct Newton iteration succeeded in finding operating point.

.step idx=2774
Direct Newton iteration succeeded in finding operating point.

.step idx=2775
Direct Newton iteration succeeded in finding operating point.

.step idx=2776
Direct Newton iteration succeeded in finding operating point.

.step idx=2777
Direct Newton iteration succeeded in finding operating point.

.step idx=2778
Direct Newton iteration succeeded in finding operating point.

.step idx=2779
Direct Newton iteration succeeded in finding operating point.

.step idx=2780
Direct Newton iteration succeeded in finding operating point.

.step idx=2781
Direct Newton iteration succeeded in finding operating point.

.step idx=2782
Direct Newton iteration succeeded in finding operating point.

.step idx=2783
Direct Newton iteration succeeded in finding operating point.

.step idx=2784
Direct Newton iteration succeeded in finding operating point.

.step idx=2785
Direct Newton iteration succeeded in finding operating point.

.step idx=2786
Direct Newton iteration succeeded in finding operating point.

.step idx=2787
Direct Newton iteration succeeded in finding operating point.

.step idx=2788
Direct Newton iteration succeeded in finding operating point.

.step idx=2789
Direct Newton iteration succeeded in finding operating point.

.step idx=2790
Direct Newton iteration succeeded in finding operating point.

.step idx=2791
Direct Newton iteration succeeded in finding operating point.

.step idx=2792
Direct Newton iteration succeeded in finding operating point.

.step idx=2793
Direct Newton iteration succeeded in finding operating point.

.step idx=2794
Direct Newton iteration succeeded in finding operating point.

.step idx=2795
Direct Newton iteration succeeded in finding operating point.

.step idx=2796
Direct Newton iteration succeeded in finding operating point.

.step idx=2797
Direct Newton iteration succeeded in finding operating point.

.step idx=2798
Direct Newton iteration succeeded in finding operating point.

.step idx=2799
Direct Newton iteration succeeded in finding operating point.

.step idx=2800
Direct Newton iteration succeeded in finding operating point.

.step idx=2801
Direct Newton iteration succeeded in finding operating point.

.step idx=2802
Direct Newton iteration succeeded in finding operating point.

.step idx=2803
Direct Newton iteration succeeded in finding operating point.

.step idx=2804
Direct Newton iteration succeeded in finding operating point.

.step idx=2805
Direct Newton iteration succeeded in finding operating point.

.step idx=2806
Direct Newton iteration succeeded in finding operating point.

.step idx=2807
Direct Newton iteration succeeded in finding operating point.

.step idx=2808
Direct Newton iteration succeeded in finding operating point.

.step idx=2809
Direct Newton iteration succeeded in finding operating point.

.step idx=2810
Direct Newton iteration succeeded in finding operating point.

.step idx=2811
Direct Newton iteration succeeded in finding operating point.

.step idx=2812
Direct Newton iteration succeeded in finding operating point.

.step idx=2813
Direct Newton iteration succeeded in finding operating point.

.step idx=2814
Direct Newton iteration succeeded in finding operating point.

.step idx=2815
Direct Newton iteration succeeded in finding operating point.

.step idx=2816
Direct Newton iteration succeeded in finding operating point.

.step idx=2817
Direct Newton iteration succeeded in finding operating point.

.step idx=2818
Direct Newton iteration succeeded in finding operating point.

.step idx=2819
Direct Newton iteration succeeded in finding operating point.

.step idx=2820
Direct Newton iteration succeeded in finding operating point.

.step idx=2821
Direct Newton iteration succeeded in finding operating point.

.step idx=2822
Direct Newton iteration succeeded in finding operating point.

.step idx=2823
Direct Newton iteration succeeded in finding operating point.

.step idx=2824
Direct Newton iteration succeeded in finding operating point.

.step idx=2825
Direct Newton iteration succeeded in finding operating point.

.step idx=2826
Direct Newton iteration succeeded in finding operating point.

.step idx=2827
Direct Newton iteration succeeded in finding operating point.

.step idx=2828
Direct Newton iteration succeeded in finding operating point.

.step idx=2829
Direct Newton iteration succeeded in finding operating point.

.step idx=2830
Direct Newton iteration succeeded in finding operating point.

.step idx=2831
Direct Newton iteration succeeded in finding operating point.

.step idx=2832
Direct Newton iteration succeeded in finding operating point.

.step idx=2833
Direct Newton iteration succeeded in finding operating point.

.step idx=2834
Direct Newton iteration succeeded in finding operating point.

.step idx=2835
Direct Newton iteration succeeded in finding operating point.

.step idx=2836
Direct Newton iteration succeeded in finding operating point.

.step idx=2837
Direct Newton iteration succeeded in finding operating point.

.step idx=2838
Direct Newton iteration succeeded in finding operating point.

.step idx=2839
Direct Newton iteration succeeded in finding operating point.

.step idx=2840
Direct Newton iteration succeeded in finding operating point.

.step idx=2841
Direct Newton iteration succeeded in finding operating point.

.step idx=2842
Direct Newton iteration succeeded in finding operating point.

.step idx=2843
Direct Newton iteration succeeded in finding operating point.

.step idx=2844
Direct Newton iteration succeeded in finding operating point.

.step idx=2845
Direct Newton iteration succeeded in finding operating point.

.step idx=2846
Direct Newton iteration succeeded in finding operating point.

.step idx=2847
Direct Newton iteration succeeded in finding operating point.

.step idx=2848
Direct Newton iteration succeeded in finding operating point.

.step idx=2849
Direct Newton iteration succeeded in finding operating point.

.step idx=2850
Direct Newton iteration succeeded in finding operating point.

.step idx=2851
Direct Newton iteration succeeded in finding operating point.

.step idx=2852
Direct Newton iteration succeeded in finding operating point.

.step idx=2853
Direct Newton iteration succeeded in finding operating point.

.step idx=2854
Direct Newton iteration succeeded in finding operating point.

.step idx=2855
Direct Newton iteration succeeded in finding operating point.

.step idx=2856
Direct Newton iteration succeeded in finding operating point.

.step idx=2857
Direct Newton iteration succeeded in finding operating point.

.step idx=2858
Direct Newton iteration succeeded in finding operating point.

.step idx=2859
Direct Newton iteration succeeded in finding operating point.

.step idx=2860
Direct Newton iteration succeeded in finding operating point.

.step idx=2861
Direct Newton iteration succeeded in finding operating point.

.step idx=2862
Direct Newton iteration succeeded in finding operating point.

.step idx=2863
Direct Newton iteration succeeded in finding operating point.

.step idx=2864
Direct Newton iteration succeeded in finding operating point.

.step idx=2865
Direct Newton iteration succeeded in finding operating point.

.step idx=2866
Direct Newton iteration succeeded in finding operating point.

.step idx=2867
Direct Newton iteration succeeded in finding operating point.

.step idx=2868
Direct Newton iteration succeeded in finding operating point.

.step idx=2869
Direct Newton iteration succeeded in finding operating point.

.step idx=2870
Direct Newton iteration succeeded in finding operating point.

.step idx=2871
Direct Newton iteration succeeded in finding operating point.

.step idx=2872
Direct Newton iteration succeeded in finding operating point.

.step idx=2873
Direct Newton iteration succeeded in finding operating point.

.step idx=2874
Direct Newton iteration succeeded in finding operating point.

.step idx=2875
Direct Newton iteration succeeded in finding operating point.

.step idx=2876
Direct Newton iteration succeeded in finding operating point.

.step idx=2877
Direct Newton iteration succeeded in finding operating point.

.step idx=2878
Direct Newton iteration succeeded in finding operating point.

.step idx=2879
Direct Newton iteration succeeded in finding operating point.

.step idx=2880
Direct Newton iteration succeeded in finding operating point.

.step idx=2881
Direct Newton iteration succeeded in finding operating point.

.step idx=2882
Direct Newton iteration succeeded in finding operating point.

.step idx=2883
Direct Newton iteration succeeded in finding operating point.

.step idx=2884
Direct Newton iteration succeeded in finding operating point.

.step idx=2885
Direct Newton iteration succeeded in finding operating point.

.step idx=2886
Direct Newton iteration succeeded in finding operating point.

.step idx=2887
Direct Newton iteration succeeded in finding operating point.

.step idx=2888
Direct Newton iteration succeeded in finding operating point.

.step idx=2889
Direct Newton iteration succeeded in finding operating point.

.step idx=2890
Direct Newton iteration succeeded in finding operating point.

.step idx=2891
Direct Newton iteration succeeded in finding operating point.

.step idx=2892
Direct Newton iteration succeeded in finding operating point.

.step idx=2893
Direct Newton iteration succeeded in finding operating point.

.step idx=2894
Direct Newton iteration succeeded in finding operating point.

.step idx=2895
Direct Newton iteration succeeded in finding operating point.

.step idx=2896
Direct Newton iteration succeeded in finding operating point.

.step idx=2897
Direct Newton iteration succeeded in finding operating point.

.step idx=2898
Direct Newton iteration succeeded in finding operating point.

.step idx=2899
Direct Newton iteration succeeded in finding operating point.

.step idx=2900
Direct Newton iteration succeeded in finding operating point.

.step idx=2901
Direct Newton iteration succeeded in finding operating point.

.step idx=2902
Direct Newton iteration succeeded in finding operating point.

.step idx=2903
Direct Newton iteration succeeded in finding operating point.

.step idx=2904
Direct Newton iteration succeeded in finding operating point.

.step idx=2905
Direct Newton iteration succeeded in finding operating point.

.step idx=2906
Direct Newton iteration succeeded in finding operating point.

.step idx=2907
Direct Newton iteration succeeded in finding operating point.

.step idx=2908
Direct Newton iteration succeeded in finding operating point.

.step idx=2909
Direct Newton iteration succeeded in finding operating point.

.step idx=2910
Direct Newton iteration succeeded in finding operating point.

.step idx=2911
Direct Newton iteration succeeded in finding operating point.

.step idx=2912
Direct Newton iteration succeeded in finding operating point.

.step idx=2913
Direct Newton iteration succeeded in finding operating point.

.step idx=2914
Direct Newton iteration succeeded in finding operating point.

.step idx=2915
Direct Newton iteration succeeded in finding operating point.

.step idx=2916
Direct Newton iteration succeeded in finding operating point.

.step idx=2917
Direct Newton iteration succeeded in finding operating point.

.step idx=2918
Direct Newton iteration succeeded in finding operating point.

.step idx=2919
Direct Newton iteration succeeded in finding operating point.

.step idx=2920
Direct Newton iteration succeeded in finding operating point.

.step idx=2921
Direct Newton iteration succeeded in finding operating point.

.step idx=2922
Direct Newton iteration succeeded in finding operating point.

.step idx=2923
Direct Newton iteration succeeded in finding operating point.

.step idx=2924
Direct Newton iteration succeeded in finding operating point.

.step idx=2925
Direct Newton iteration succeeded in finding operating point.

.step idx=2926
Direct Newton iteration succeeded in finding operating point.

.step idx=2927
Direct Newton iteration succeeded in finding operating point.

.step idx=2928
Direct Newton iteration succeeded in finding operating point.

.step idx=2929
Direct Newton iteration succeeded in finding operating point.

.step idx=2930
Direct Newton iteration succeeded in finding operating point.

.step idx=2931
Direct Newton iteration succeeded in finding operating point.

.step idx=2932
Direct Newton iteration succeeded in finding operating point.

.step idx=2933
Direct Newton iteration succeeded in finding operating point.

.step idx=2934
Direct Newton iteration succeeded in finding operating point.

.step idx=2935
Direct Newton iteration succeeded in finding operating point.

.step idx=2936
Direct Newton iteration succeeded in finding operating point.

.step idx=2937
Direct Newton iteration succeeded in finding operating point.

.step idx=2938
Direct Newton iteration succeeded in finding operating point.

.step idx=2939
Direct Newton iteration succeeded in finding operating point.

.step idx=2940
Direct Newton iteration succeeded in finding operating point.

.step idx=2941
Direct Newton iteration succeeded in finding operating point.

.step idx=2942
Direct Newton iteration succeeded in finding operating point.

.step idx=2943
Direct Newton iteration succeeded in finding operating point.

.step idx=2944
Direct Newton iteration succeeded in finding operating point.

.step idx=2945
Direct Newton iteration succeeded in finding operating point.

.step idx=2946
Direct Newton iteration succeeded in finding operating point.

.step idx=2947
Direct Newton iteration succeeded in finding operating point.

.step idx=2948
Direct Newton iteration succeeded in finding operating point.

.step idx=2949
Direct Newton iteration succeeded in finding operating point.

.step idx=2950
Direct Newton iteration succeeded in finding operating point.

.step idx=2951
Direct Newton iteration succeeded in finding operating point.

.step idx=2952
Direct Newton iteration succeeded in finding operating point.

.step idx=2953
Direct Newton iteration succeeded in finding operating point.

.step idx=2954
Direct Newton iteration succeeded in finding operating point.

.step idx=2955
Direct Newton iteration succeeded in finding operating point.

.step idx=2956
Direct Newton iteration succeeded in finding operating point.

.step idx=2957
Direct Newton iteration succeeded in finding operating point.

.step idx=2958
Direct Newton iteration succeeded in finding operating point.

.step idx=2959
Direct Newton iteration succeeded in finding operating point.

.step idx=2960
Direct Newton iteration succeeded in finding operating point.

.step idx=2961
Direct Newton iteration succeeded in finding operating point.

.step idx=2962
Direct Newton iteration succeeded in finding operating point.

.step idx=2963
Direct Newton iteration succeeded in finding operating point.

.step idx=2964
Direct Newton iteration succeeded in finding operating point.

.step idx=2965
Direct Newton iteration succeeded in finding operating point.

.step idx=2966
Direct Newton iteration succeeded in finding operating point.

.step idx=2967
Direct Newton iteration succeeded in finding operating point.

.step idx=2968
Direct Newton iteration succeeded in finding operating point.

.step idx=2969
Direct Newton iteration succeeded in finding operating point.

.step idx=2970
Direct Newton iteration succeeded in finding operating point.

.step idx=2971
Direct Newton iteration succeeded in finding operating point.

.step idx=2972
Direct Newton iteration succeeded in finding operating point.

.step idx=2973
Direct Newton iteration succeeded in finding operating point.

.step idx=2974
Direct Newton iteration succeeded in finding operating point.

.step idx=2975
Direct Newton iteration succeeded in finding operating point.

.step idx=2976
Direct Newton iteration succeeded in finding operating point.

.step idx=2977
Direct Newton iteration succeeded in finding operating point.

.step idx=2978
Direct Newton iteration succeeded in finding operating point.

.step idx=2979
Direct Newton iteration succeeded in finding operating point.

.step idx=2980
Direct Newton iteration succeeded in finding operating point.

.step idx=2981
Direct Newton iteration succeeded in finding operating point.

.step idx=2982
Direct Newton iteration succeeded in finding operating point.

.step idx=2983
Direct Newton iteration succeeded in finding operating point.

.step idx=2984
Direct Newton iteration succeeded in finding operating point.

.step idx=2985
Direct Newton iteration succeeded in finding operating point.

.step idx=2986
Direct Newton iteration succeeded in finding operating point.

.step idx=2987
Direct Newton iteration succeeded in finding operating point.

.step idx=2988
Direct Newton iteration succeeded in finding operating point.

.step idx=2989
Direct Newton iteration succeeded in finding operating point.

.step idx=2990
Direct Newton iteration succeeded in finding operating point.

.step idx=2991
Direct Newton iteration succeeded in finding operating point.

.step idx=2992
Direct Newton iteration succeeded in finding operating point.

.step idx=2993
Direct Newton iteration succeeded in finding operating point.

.step idx=2994
Direct Newton iteration succeeded in finding operating point.

.step idx=2995
Direct Newton iteration succeeded in finding operating point.

.step idx=2996
Direct Newton iteration succeeded in finding operating point.

.step idx=2997
Direct Newton iteration succeeded in finding operating point.

.step idx=2998
Direct Newton iteration succeeded in finding operating point.

.step idx=2999
Direct Newton iteration succeeded in finding operating point.

.step idx=3000
Direct Newton iteration succeeded in finding operating point.

.step idx=3001
Direct Newton iteration succeeded in finding operating point.

.step idx=3002
Direct Newton iteration succeeded in finding operating point.

.step idx=3003
Direct Newton iteration succeeded in finding operating point.

.step idx=3004
Direct Newton iteration succeeded in finding operating point.

.step idx=3005
Direct Newton iteration succeeded in finding operating point.

.step idx=3006
Direct Newton iteration succeeded in finding operating point.

.step idx=3007
Direct Newton iteration succeeded in finding operating point.

.step idx=3008
Direct Newton iteration succeeded in finding operating point.

.step idx=3009
Direct Newton iteration succeeded in finding operating point.

.step idx=3010
Direct Newton iteration succeeded in finding operating point.

.step idx=3011
Direct Newton iteration succeeded in finding operating point.

.step idx=3012
Direct Newton iteration succeeded in finding operating point.

.step idx=3013
Direct Newton iteration succeeded in finding operating point.

.step idx=3014
Direct Newton iteration succeeded in finding operating point.

.step idx=3015
Direct Newton iteration succeeded in finding operating point.

.step idx=3016
Direct Newton iteration succeeded in finding operating point.

.step idx=3017
Direct Newton iteration succeeded in finding operating point.

.step idx=3018
Direct Newton iteration succeeded in finding operating point.

.step idx=3019
Direct Newton iteration succeeded in finding operating point.

.step idx=3020
Direct Newton iteration succeeded in finding operating point.

.step idx=3021
Direct Newton iteration succeeded in finding operating point.

.step idx=3022
Direct Newton iteration succeeded in finding operating point.

.step idx=3023
Direct Newton iteration succeeded in finding operating point.

.step idx=3024
Direct Newton iteration succeeded in finding operating point.

.step idx=3025
Direct Newton iteration succeeded in finding operating point.

.step idx=3026
Direct Newton iteration succeeded in finding operating point.

.step idx=3027
Direct Newton iteration succeeded in finding operating point.

.step idx=3028
Direct Newton iteration succeeded in finding operating point.

.step idx=3029
Direct Newton iteration succeeded in finding operating point.

.step idx=3030
Direct Newton iteration succeeded in finding operating point.

.step idx=3031
Direct Newton iteration succeeded in finding operating point.

.step idx=3032
Direct Newton iteration succeeded in finding operating point.

.step idx=3033
Direct Newton iteration succeeded in finding operating point.

.step idx=3034
Direct Newton iteration succeeded in finding operating point.

.step idx=3035
Direct Newton iteration succeeded in finding operating point.

.step idx=3036
Direct Newton iteration succeeded in finding operating point.

.step idx=3037
Direct Newton iteration succeeded in finding operating point.

.step idx=3038
Direct Newton iteration succeeded in finding operating point.

.step idx=3039
Direct Newton iteration succeeded in finding operating point.

.step idx=3040
Direct Newton iteration succeeded in finding operating point.

.step idx=3041
Direct Newton iteration succeeded in finding operating point.

.step idx=3042
Direct Newton iteration succeeded in finding operating point.

.step idx=3043
Direct Newton iteration succeeded in finding operating point.

.step idx=3044
Direct Newton iteration succeeded in finding operating point.

.step idx=3045
Direct Newton iteration succeeded in finding operating point.

.step idx=3046
Direct Newton iteration succeeded in finding operating point.

.step idx=3047
Direct Newton iteration succeeded in finding operating point.

.step idx=3048
Direct Newton iteration succeeded in finding operating point.

.step idx=3049
Direct Newton iteration succeeded in finding operating point.

.step idx=3050
Direct Newton iteration succeeded in finding operating point.

.step idx=3051
Direct Newton iteration succeeded in finding operating point.

.step idx=3052
Direct Newton iteration succeeded in finding operating point.

.step idx=3053
Direct Newton iteration succeeded in finding operating point.

.step idx=3054
Direct Newton iteration succeeded in finding operating point.

.step idx=3055
Direct Newton iteration succeeded in finding operating point.

.step idx=3056
Direct Newton iteration succeeded in finding operating point.

.step idx=3057
Direct Newton iteration succeeded in finding operating point.

.step idx=3058
Direct Newton iteration succeeded in finding operating point.

.step idx=3059
Direct Newton iteration succeeded in finding operating point.

.step idx=3060
Direct Newton iteration succeeded in finding operating point.

.step idx=3061
Direct Newton iteration succeeded in finding operating point.

.step idx=3062
Direct Newton iteration succeeded in finding operating point.

.step idx=3063
Direct Newton iteration succeeded in finding operating point.

.step idx=3064
Direct Newton iteration succeeded in finding operating point.

.step idx=3065
Direct Newton iteration succeeded in finding operating point.

.step idx=3066
Direct Newton iteration succeeded in finding operating point.

.step idx=3067
Direct Newton iteration succeeded in finding operating point.

.step idx=3068
Direct Newton iteration succeeded in finding operating point.

.step idx=3069
Direct Newton iteration succeeded in finding operating point.

.step idx=3070
Direct Newton iteration succeeded in finding operating point.

.step idx=3071
Direct Newton iteration succeeded in finding operating point.

.step idx=3072
Direct Newton iteration succeeded in finding operating point.

.step idx=3073
Direct Newton iteration succeeded in finding operating point.

.step idx=3074
Direct Newton iteration succeeded in finding operating point.

.step idx=3075
Direct Newton iteration succeeded in finding operating point.

.step idx=3076
Direct Newton iteration succeeded in finding operating point.

.step idx=3077
Direct Newton iteration succeeded in finding operating point.

.step idx=3078
Direct Newton iteration succeeded in finding operating point.

.step idx=3079
Direct Newton iteration succeeded in finding operating point.

.step idx=3080
Direct Newton iteration succeeded in finding operating point.

.step idx=3081
Direct Newton iteration succeeded in finding operating point.

.step idx=3082
Direct Newton iteration succeeded in finding operating point.

.step idx=3083
Direct Newton iteration succeeded in finding operating point.

.step idx=3084
Direct Newton iteration succeeded in finding operating point.

.step idx=3085
Direct Newton iteration succeeded in finding operating point.

.step idx=3086
Direct Newton iteration succeeded in finding operating point.

.step idx=3087
Direct Newton iteration succeeded in finding operating point.

.step idx=3088
Direct Newton iteration succeeded in finding operating point.

.step idx=3089
Direct Newton iteration succeeded in finding operating point.

.step idx=3090
Direct Newton iteration succeeded in finding operating point.

.step idx=3091
Direct Newton iteration succeeded in finding operating point.

.step idx=3092
Direct Newton iteration succeeded in finding operating point.

.step idx=3093
Direct Newton iteration succeeded in finding operating point.

.step idx=3094
Direct Newton iteration succeeded in finding operating point.

.step idx=3095
Direct Newton iteration succeeded in finding operating point.

.step idx=3096
Direct Newton iteration succeeded in finding operating point.

.step idx=3097
Direct Newton iteration succeeded in finding operating point.

.step idx=3098
Direct Newton iteration succeeded in finding operating point.

.step idx=3099
Direct Newton iteration succeeded in finding operating point.

.step idx=3100
Direct Newton iteration succeeded in finding operating point.

.step idx=3101
Direct Newton iteration succeeded in finding operating point.

.step idx=3102
Direct Newton iteration succeeded in finding operating point.

.step idx=3103
Direct Newton iteration succeeded in finding operating point.

.step idx=3104
Direct Newton iteration succeeded in finding operating point.

.step idx=3105
Direct Newton iteration succeeded in finding operating point.

.step idx=3106
Direct Newton iteration succeeded in finding operating point.

.step idx=3107
Direct Newton iteration succeeded in finding operating point.

.step idx=3108
Direct Newton iteration succeeded in finding operating point.

.step idx=3109
Direct Newton iteration succeeded in finding operating point.

.step idx=3110
Direct Newton iteration succeeded in finding operating point.

.step idx=3111
Direct Newton iteration succeeded in finding operating point.

.step idx=3112
Direct Newton iteration succeeded in finding operating point.

.step idx=3113
Direct Newton iteration succeeded in finding operating point.

.step idx=3114
Direct Newton iteration succeeded in finding operating point.

.step idx=3115
Direct Newton iteration succeeded in finding operating point.

.step idx=3116
Direct Newton iteration succeeded in finding operating point.

.step idx=3117
Direct Newton iteration succeeded in finding operating point.

.step idx=3118
Direct Newton iteration succeeded in finding operating point.

.step idx=3119
Direct Newton iteration succeeded in finding operating point.

.step idx=3120
Direct Newton iteration succeeded in finding operating point.

.step idx=3121
Direct Newton iteration succeeded in finding operating point.

.step idx=3122
Direct Newton iteration succeeded in finding operating point.

.step idx=3123
Direct Newton iteration succeeded in finding operating point.

.step idx=3124
Direct Newton iteration succeeded in finding operating point.

.step idx=3125
Direct Newton iteration succeeded in finding operating point.

.step idx=3126
Direct Newton iteration succeeded in finding operating point.

.step idx=3127
Direct Newton iteration succeeded in finding operating point.

.step idx=3128
Direct Newton iteration succeeded in finding operating point.

.step idx=3129
Direct Newton iteration succeeded in finding operating point.

.step idx=3130
Direct Newton iteration succeeded in finding operating point.

.step idx=3131
Direct Newton iteration succeeded in finding operating point.

.step idx=3132
Direct Newton iteration succeeded in finding operating point.

.step idx=3133
Direct Newton iteration succeeded in finding operating point.

.step idx=3134
Direct Newton iteration succeeded in finding operating point.

.step idx=3135
Direct Newton iteration succeeded in finding operating point.

.step idx=3136
Direct Newton iteration succeeded in finding operating point.

.step idx=3137
Direct Newton iteration succeeded in finding operating point.

.step idx=3138
Direct Newton iteration succeeded in finding operating point.

.step idx=3139
Direct Newton iteration succeeded in finding operating point.

.step idx=3140
Direct Newton iteration succeeded in finding operating point.

.step idx=3141
Direct Newton iteration succeeded in finding operating point.

.step idx=3142
Direct Newton iteration succeeded in finding operating point.

.step idx=3143
Direct Newton iteration succeeded in finding operating point.

.step idx=3144
Direct Newton iteration succeeded in finding operating point.

.step idx=3145
Direct Newton iteration succeeded in finding operating point.

.step idx=3146
Direct Newton iteration succeeded in finding operating point.

.step idx=3147
Direct Newton iteration succeeded in finding operating point.

.step idx=3148
Direct Newton iteration succeeded in finding operating point.

.step idx=3149
Direct Newton iteration succeeded in finding operating point.

.step idx=3150
Direct Newton iteration succeeded in finding operating point.

.step idx=3151
Direct Newton iteration succeeded in finding operating point.

.step idx=3152
Direct Newton iteration succeeded in finding operating point.

.step idx=3153
Direct Newton iteration succeeded in finding operating point.

.step idx=3154
Direct Newton iteration succeeded in finding operating point.

.step idx=3155
Direct Newton iteration succeeded in finding operating point.

.step idx=3156
Direct Newton iteration succeeded in finding operating point.

.step idx=3157
Direct Newton iteration succeeded in finding operating point.

.step idx=3158
Direct Newton iteration succeeded in finding operating point.

.step idx=3159
Direct Newton iteration succeeded in finding operating point.

.step idx=3160
Direct Newton iteration succeeded in finding operating point.

.step idx=3161
Direct Newton iteration succeeded in finding operating point.

.step idx=3162
Direct Newton iteration succeeded in finding operating point.

.step idx=3163
Direct Newton iteration succeeded in finding operating point.

.step idx=3164
Direct Newton iteration succeeded in finding operating point.

.step idx=3165
Direct Newton iteration succeeded in finding operating point.

.step idx=3166
Direct Newton iteration succeeded in finding operating point.

.step idx=3167
Direct Newton iteration succeeded in finding operating point.

.step idx=3168
Direct Newton iteration succeeded in finding operating point.

.step idx=3169
Direct Newton iteration succeeded in finding operating point.

.step idx=3170
Direct Newton iteration succeeded in finding operating point.

.step idx=3171
Direct Newton iteration succeeded in finding operating point.

.step idx=3172
Direct Newton iteration succeeded in finding operating point.

.step idx=3173
Direct Newton iteration succeeded in finding operating point.

.step idx=3174
Direct Newton iteration succeeded in finding operating point.

.step idx=3175
Direct Newton iteration succeeded in finding operating point.

.step idx=3176
Direct Newton iteration succeeded in finding operating point.

.step idx=3177
Direct Newton iteration succeeded in finding operating point.

.step idx=3178
Direct Newton iteration succeeded in finding operating point.

.step idx=3179
Direct Newton iteration succeeded in finding operating point.

.step idx=3180
Direct Newton iteration succeeded in finding operating point.

.step idx=3181
Direct Newton iteration succeeded in finding operating point.

.step idx=3182
Direct Newton iteration succeeded in finding operating point.

.step idx=3183
Direct Newton iteration succeeded in finding operating point.

.step idx=3184
Direct Newton iteration succeeded in finding operating point.

.step idx=3185
Direct Newton iteration succeeded in finding operating point.

.step idx=3186
Direct Newton iteration succeeded in finding operating point.

.step idx=3187
Direct Newton iteration succeeded in finding operating point.

.step idx=3188
Direct Newton iteration succeeded in finding operating point.

.step idx=3189
Direct Newton iteration succeeded in finding operating point.

.step idx=3190
Direct Newton iteration succeeded in finding operating point.

.step idx=3191
Direct Newton iteration succeeded in finding operating point.

.step idx=3192
Direct Newton iteration succeeded in finding operating point.

.step idx=3193
Direct Newton iteration succeeded in finding operating point.

.step idx=3194
Direct Newton iteration succeeded in finding operating point.

.step idx=3195
Direct Newton iteration succeeded in finding operating point.

.step idx=3196
Direct Newton iteration succeeded in finding operating point.

.step idx=3197
Direct Newton iteration succeeded in finding operating point.

.step idx=3198
Direct Newton iteration succeeded in finding operating point.

.step idx=3199
Direct Newton iteration succeeded in finding operating point.

.step idx=3200
Direct Newton iteration succeeded in finding operating point.

.step idx=3201
Direct Newton iteration succeeded in finding operating point.

.step idx=3202
Direct Newton iteration succeeded in finding operating point.

.step idx=3203
Direct Newton iteration succeeded in finding operating point.

.step idx=3204
Direct Newton iteration succeeded in finding operating point.

.step idx=3205
Direct Newton iteration succeeded in finding operating point.

.step idx=3206
Direct Newton iteration succeeded in finding operating point.

.step idx=3207
Direct Newton iteration succeeded in finding operating point.

.step idx=3208
Direct Newton iteration succeeded in finding operating point.

.step idx=3209
Direct Newton iteration succeeded in finding operating point.

.step idx=3210
Direct Newton iteration succeeded in finding operating point.

.step idx=3211
Direct Newton iteration succeeded in finding operating point.

.step idx=3212
Direct Newton iteration succeeded in finding operating point.

.step idx=3213
Direct Newton iteration succeeded in finding operating point.

.step idx=3214
Direct Newton iteration succeeded in finding operating point.

.step idx=3215
Direct Newton iteration succeeded in finding operating point.

.step idx=3216
Direct Newton iteration succeeded in finding operating point.

.step idx=3217
Direct Newton iteration succeeded in finding operating point.

.step idx=3218
Direct Newton iteration succeeded in finding operating point.

.step idx=3219
Direct Newton iteration succeeded in finding operating point.

.step idx=3220
Direct Newton iteration succeeded in finding operating point.

.step idx=3221
Direct Newton iteration succeeded in finding operating point.

.step idx=3222
Direct Newton iteration succeeded in finding operating point.

.step idx=3223
Direct Newton iteration succeeded in finding operating point.

.step idx=3224
Direct Newton iteration succeeded in finding operating point.

.step idx=3225
Direct Newton iteration succeeded in finding operating point.

.step idx=3226
Direct Newton iteration succeeded in finding operating point.

.step idx=3227
Direct Newton iteration succeeded in finding operating point.

.step idx=3228
Direct Newton iteration succeeded in finding operating point.

.step idx=3229
Direct Newton iteration succeeded in finding operating point.

.step idx=3230
Direct Newton iteration succeeded in finding operating point.

.step idx=3231
Direct Newton iteration succeeded in finding operating point.

.step idx=3232
Direct Newton iteration succeeded in finding operating point.

.step idx=3233
Direct Newton iteration succeeded in finding operating point.

.step idx=3234
Direct Newton iteration succeeded in finding operating point.

.step idx=3235
Direct Newton iteration succeeded in finding operating point.

.step idx=3236
Direct Newton iteration succeeded in finding operating point.

.step idx=3237
Direct Newton iteration succeeded in finding operating point.

.step idx=3238
Direct Newton iteration succeeded in finding operating point.

.step idx=3239
Direct Newton iteration succeeded in finding operating point.

.step idx=3240
Direct Newton iteration succeeded in finding operating point.

.step idx=3241
Direct Newton iteration succeeded in finding operating point.

.step idx=3242
Direct Newton iteration succeeded in finding operating point.

.step idx=3243
Direct Newton iteration succeeded in finding operating point.

.step idx=3244
Direct Newton iteration succeeded in finding operating point.

.step idx=3245
Direct Newton iteration succeeded in finding operating point.

.step idx=3246
Direct Newton iteration succeeded in finding operating point.

.step idx=3247
Direct Newton iteration succeeded in finding operating point.

.step idx=3248
Direct Newton iteration succeeded in finding operating point.

.step idx=3249
Direct Newton iteration succeeded in finding operating point.

.step idx=3250
Direct Newton iteration succeeded in finding operating point.

.step idx=3251
Direct Newton iteration succeeded in finding operating point.

.step idx=3252
Direct Newton iteration succeeded in finding operating point.

.step idx=3253
Direct Newton iteration succeeded in finding operating point.

.step idx=3254
Direct Newton iteration succeeded in finding operating point.

.step idx=3255
Direct Newton iteration succeeded in finding operating point.

.step idx=3256
Direct Newton iteration succeeded in finding operating point.

.step idx=3257
Direct Newton iteration succeeded in finding operating point.

.step idx=3258
Direct Newton iteration succeeded in finding operating point.

.step idx=3259
Direct Newton iteration succeeded in finding operating point.

.step idx=3260
Direct Newton iteration succeeded in finding operating point.

.step idx=3261
Direct Newton iteration succeeded in finding operating point.

.step idx=3262
Direct Newton iteration succeeded in finding operating point.

.step idx=3263
Direct Newton iteration succeeded in finding operating point.

.step idx=3264
Direct Newton iteration succeeded in finding operating point.

.step idx=3265
Direct Newton iteration succeeded in finding operating point.

.step idx=3266
Direct Newton iteration succeeded in finding operating point.

.step idx=3267
Direct Newton iteration succeeded in finding operating point.

.step idx=3268
Direct Newton iteration succeeded in finding operating point.

.step idx=3269
Direct Newton iteration succeeded in finding operating point.

.step idx=3270
Direct Newton iteration succeeded in finding operating point.

.step idx=3271
Direct Newton iteration succeeded in finding operating point.

.step idx=3272
Direct Newton iteration succeeded in finding operating point.

.step idx=3273
Direct Newton iteration succeeded in finding operating point.

.step idx=3274
Direct Newton iteration succeeded in finding operating point.

.step idx=3275
Direct Newton iteration succeeded in finding operating point.

.step idx=3276
Direct Newton iteration succeeded in finding operating point.

.step idx=3277
Direct Newton iteration succeeded in finding operating point.

.step idx=3278
Direct Newton iteration succeeded in finding operating point.

.step idx=3279
Direct Newton iteration succeeded in finding operating point.

.step idx=3280
Direct Newton iteration succeeded in finding operating point.

.step idx=3281
Direct Newton iteration succeeded in finding operating point.

.step idx=3282
Direct Newton iteration succeeded in finding operating point.

.step idx=3283
Direct Newton iteration succeeded in finding operating point.

.step idx=3284
Direct Newton iteration succeeded in finding operating point.

.step idx=3285
Direct Newton iteration succeeded in finding operating point.

.step idx=3286
Direct Newton iteration succeeded in finding operating point.

.step idx=3287
Direct Newton iteration succeeded in finding operating point.

.step idx=3288
Direct Newton iteration succeeded in finding operating point.

.step idx=3289
Direct Newton iteration succeeded in finding operating point.

.step idx=3290
Direct Newton iteration succeeded in finding operating point.

.step idx=3291
Direct Newton iteration succeeded in finding operating point.

.step idx=3292
Direct Newton iteration succeeded in finding operating point.

.step idx=3293
Direct Newton iteration succeeded in finding operating point.

.step idx=3294
Direct Newton iteration succeeded in finding operating point.

.step idx=3295
Direct Newton iteration succeeded in finding operating point.

.step idx=3296
Direct Newton iteration succeeded in finding operating point.

.step idx=3297
Direct Newton iteration succeeded in finding operating point.

.step idx=3298
Direct Newton iteration succeeded in finding operating point.

.step idx=3299
Direct Newton iteration succeeded in finding operating point.

.step idx=3300
Direct Newton iteration succeeded in finding operating point.

.step idx=3301
Direct Newton iteration succeeded in finding operating point.

.step idx=3302
Direct Newton iteration succeeded in finding operating point.

.step idx=3303
Direct Newton iteration succeeded in finding operating point.

.step idx=3304
Direct Newton iteration succeeded in finding operating point.

.step idx=3305
Direct Newton iteration succeeded in finding operating point.

.step idx=3306
Direct Newton iteration succeeded in finding operating point.

.step idx=3307
Direct Newton iteration succeeded in finding operating point.

.step idx=3308
Direct Newton iteration succeeded in finding operating point.

.step idx=3309
Direct Newton iteration succeeded in finding operating point.

.step idx=3310
Direct Newton iteration succeeded in finding operating point.

.step idx=3311
Direct Newton iteration succeeded in finding operating point.

.step idx=3312
Direct Newton iteration succeeded in finding operating point.

.step idx=3313
Direct Newton iteration succeeded in finding operating point.

.step idx=3314
Direct Newton iteration succeeded in finding operating point.

.step idx=3315
Direct Newton iteration succeeded in finding operating point.

.step idx=3316
Direct Newton iteration succeeded in finding operating point.

.step idx=3317
Direct Newton iteration succeeded in finding operating point.

.step idx=3318
Direct Newton iteration succeeded in finding operating point.

.step idx=3319
Direct Newton iteration succeeded in finding operating point.

.step idx=3320
Direct Newton iteration succeeded in finding operating point.

.step idx=3321
Direct Newton iteration succeeded in finding operating point.

.step idx=3322
Direct Newton iteration succeeded in finding operating point.

.step idx=3323
Direct Newton iteration succeeded in finding operating point.

.step idx=3324
Direct Newton iteration succeeded in finding operating point.

.step idx=3325
Direct Newton iteration succeeded in finding operating point.

.step idx=3326
Direct Newton iteration succeeded in finding operating point.

.step idx=3327
Direct Newton iteration succeeded in finding operating point.

.step idx=3328
Direct Newton iteration succeeded in finding operating point.

.step idx=3329
Direct Newton iteration succeeded in finding operating point.

.step idx=3330
Direct Newton iteration succeeded in finding operating point.

.step idx=3331
Direct Newton iteration succeeded in finding operating point.

.step idx=3332
Direct Newton iteration succeeded in finding operating point.

.step idx=3333
Direct Newton iteration succeeded in finding operating point.

.step idx=3334
Direct Newton iteration succeeded in finding operating point.

.step idx=3335
Direct Newton iteration succeeded in finding operating point.

.step idx=3336
Direct Newton iteration succeeded in finding operating point.

.step idx=3337
Direct Newton iteration succeeded in finding operating point.

.step idx=3338
Direct Newton iteration succeeded in finding operating point.

.step idx=3339
Direct Newton iteration succeeded in finding operating point.

.step idx=3340
Direct Newton iteration succeeded in finding operating point.

.step idx=3341
Direct Newton iteration succeeded in finding operating point.

.step idx=3342
Direct Newton iteration succeeded in finding operating point.

.step idx=3343
Direct Newton iteration succeeded in finding operating point.

.step idx=3344
Direct Newton iteration succeeded in finding operating point.

.step idx=3345
Direct Newton iteration succeeded in finding operating point.

.step idx=3346
Direct Newton iteration succeeded in finding operating point.

.step idx=3347
Direct Newton iteration succeeded in finding operating point.

.step idx=3348
Direct Newton iteration succeeded in finding operating point.

.step idx=3349
Direct Newton iteration succeeded in finding operating point.

.step idx=3350
Direct Newton iteration succeeded in finding operating point.

.step idx=3351
Direct Newton iteration succeeded in finding operating point.

.step idx=3352
Direct Newton iteration succeeded in finding operating point.

.step idx=3353
Direct Newton iteration succeeded in finding operating point.

.step idx=3354
Direct Newton iteration succeeded in finding operating point.

.step idx=3355
Direct Newton iteration succeeded in finding operating point.

.step idx=3356
Direct Newton iteration succeeded in finding operating point.

.step idx=3357
Direct Newton iteration succeeded in finding operating point.

.step idx=3358
Direct Newton iteration succeeded in finding operating point.

.step idx=3359
Direct Newton iteration succeeded in finding operating point.

.step idx=3360
Direct Newton iteration succeeded in finding operating point.

.step idx=3361
Direct Newton iteration succeeded in finding operating point.

.step idx=3362
Direct Newton iteration succeeded in finding operating point.

.step idx=3363
Direct Newton iteration succeeded in finding operating point.

.step idx=3364
Direct Newton iteration succeeded in finding operating point.

.step idx=3365
Direct Newton iteration succeeded in finding operating point.

.step idx=3366
Direct Newton iteration succeeded in finding operating point.

.step idx=3367
Direct Newton iteration succeeded in finding operating point.

.step idx=3368
Direct Newton iteration succeeded in finding operating point.

.step idx=3369
Direct Newton iteration succeeded in finding operating point.

.step idx=3370
Direct Newton iteration succeeded in finding operating point.

.step idx=3371
Direct Newton iteration succeeded in finding operating point.

.step idx=3372
Direct Newton iteration succeeded in finding operating point.

.step idx=3373
Direct Newton iteration succeeded in finding operating point.

.step idx=3374
Direct Newton iteration succeeded in finding operating point.

.step idx=3375
Direct Newton iteration succeeded in finding operating point.

.step idx=3376
Direct Newton iteration succeeded in finding operating point.

.step idx=3377
Direct Newton iteration succeeded in finding operating point.

.step idx=3378
Direct Newton iteration succeeded in finding operating point.

.step idx=3379
Direct Newton iteration succeeded in finding operating point.

.step idx=3380
Direct Newton iteration succeeded in finding operating point.

.step idx=3381
Direct Newton iteration succeeded in finding operating point.

.step idx=3382
Direct Newton iteration succeeded in finding operating point.

.step idx=3383
Direct Newton iteration succeeded in finding operating point.

.step idx=3384
Direct Newton iteration succeeded in finding operating point.

.step idx=3385
Direct Newton iteration succeeded in finding operating point.

.step idx=3386
Direct Newton iteration succeeded in finding operating point.

.step idx=3387
Direct Newton iteration succeeded in finding operating point.

.step idx=3388
Direct Newton iteration succeeded in finding operating point.

.step idx=3389
Direct Newton iteration succeeded in finding operating point.

.step idx=3390
Direct Newton iteration succeeded in finding operating point.

.step idx=3391
Direct Newton iteration succeeded in finding operating point.

.step idx=3392
Direct Newton iteration succeeded in finding operating point.

.step idx=3393
Direct Newton iteration succeeded in finding operating point.

.step idx=3394
Direct Newton iteration succeeded in finding operating point.

.step idx=3395
Direct Newton iteration succeeded in finding operating point.

.step idx=3396
Direct Newton iteration succeeded in finding operating point.

.step idx=3397
Direct Newton iteration succeeded in finding operating point.

.step idx=3398
Direct Newton iteration succeeded in finding operating point.

.step idx=3399
Direct Newton iteration succeeded in finding operating point.

.step idx=3400
Direct Newton iteration succeeded in finding operating point.

.step idx=3401
Direct Newton iteration succeeded in finding operating point.

.step idx=3402
Direct Newton iteration succeeded in finding operating point.

.step idx=3403
Direct Newton iteration succeeded in finding operating point.

.step idx=3404
Direct Newton iteration succeeded in finding operating point.

.step idx=3405
Direct Newton iteration succeeded in finding operating point.

.step idx=3406
Direct Newton iteration succeeded in finding operating point.

.step idx=3407
Direct Newton iteration succeeded in finding operating point.

.step idx=3408
Direct Newton iteration succeeded in finding operating point.

.step idx=3409
Direct Newton iteration succeeded in finding operating point.

.step idx=3410
Direct Newton iteration succeeded in finding operating point.

.step idx=3411
Direct Newton iteration succeeded in finding operating point.

.step idx=3412
Direct Newton iteration succeeded in finding operating point.

.step idx=3413
Direct Newton iteration succeeded in finding operating point.

.step idx=3414
Direct Newton iteration succeeded in finding operating point.

.step idx=3415
Direct Newton iteration succeeded in finding operating point.

.step idx=3416
Direct Newton iteration succeeded in finding operating point.

.step idx=3417
Direct Newton iteration succeeded in finding operating point.

.step idx=3418
Direct Newton iteration succeeded in finding operating point.

.step idx=3419
Direct Newton iteration succeeded in finding operating point.

.step idx=3420
Direct Newton iteration succeeded in finding operating point.

.step idx=3421
Direct Newton iteration succeeded in finding operating point.

.step idx=3422
Direct Newton iteration succeeded in finding operating point.

.step idx=3423
Direct Newton iteration succeeded in finding operating point.

.step idx=3424
Direct Newton iteration succeeded in finding operating point.

.step idx=3425
Direct Newton iteration succeeded in finding operating point.

.step idx=3426
Direct Newton iteration succeeded in finding operating point.

.step idx=3427
Direct Newton iteration succeeded in finding operating point.

.step idx=3428
Direct Newton iteration succeeded in finding operating point.

.step idx=3429
Direct Newton iteration succeeded in finding operating point.

.step idx=3430
Direct Newton iteration succeeded in finding operating point.

.step idx=3431
Direct Newton iteration succeeded in finding operating point.

.step idx=3432
Direct Newton iteration succeeded in finding operating point.

.step idx=3433
Direct Newton iteration succeeded in finding operating point.

.step idx=3434
Direct Newton iteration succeeded in finding operating point.

.step idx=3435
Direct Newton iteration succeeded in finding operating point.

.step idx=3436
Direct Newton iteration succeeded in finding operating point.

.step idx=3437
Direct Newton iteration succeeded in finding operating point.

.step idx=3438
Direct Newton iteration succeeded in finding operating point.

.step idx=3439
Direct Newton iteration succeeded in finding operating point.

.step idx=3440
Direct Newton iteration succeeded in finding operating point.

.step idx=3441
Direct Newton iteration succeeded in finding operating point.

.step idx=3442
Direct Newton iteration succeeded in finding operating point.

.step idx=3443
Direct Newton iteration succeeded in finding operating point.

.step idx=3444
Direct Newton iteration succeeded in finding operating point.

.step idx=3445
Direct Newton iteration succeeded in finding operating point.

.step idx=3446
Direct Newton iteration succeeded in finding operating point.

.step idx=3447
Direct Newton iteration succeeded in finding operating point.

.step idx=3448
Direct Newton iteration succeeded in finding operating point.

.step idx=3449
Direct Newton iteration succeeded in finding operating point.

.step idx=3450
Direct Newton iteration succeeded in finding operating point.

.step idx=3451
Direct Newton iteration succeeded in finding operating point.

.step idx=3452
Direct Newton iteration succeeded in finding operating point.

.step idx=3453
Direct Newton iteration succeeded in finding operating point.

.step idx=3454
Direct Newton iteration succeeded in finding operating point.

.step idx=3455
Direct Newton iteration succeeded in finding operating point.

.step idx=3456
Direct Newton iteration succeeded in finding operating point.

.step idx=3457
Direct Newton iteration succeeded in finding operating point.

.step idx=3458
Direct Newton iteration succeeded in finding operating point.

.step idx=3459
Direct Newton iteration succeeded in finding operating point.

.step idx=3460
Direct Newton iteration succeeded in finding operating point.

.step idx=3461
Direct Newton iteration succeeded in finding operating point.

.step idx=3462
Direct Newton iteration succeeded in finding operating point.

.step idx=3463
Direct Newton iteration succeeded in finding operating point.

.step idx=3464
Direct Newton iteration succeeded in finding operating point.

.step idx=3465
Direct Newton iteration succeeded in finding operating point.

.step idx=3466
Direct Newton iteration succeeded in finding operating point.

.step idx=3467
Direct Newton iteration succeeded in finding operating point.

.step idx=3468
Direct Newton iteration succeeded in finding operating point.

.step idx=3469
Direct Newton iteration succeeded in finding operating point.

.step idx=3470
Direct Newton iteration succeeded in finding operating point.

.step idx=3471
Direct Newton iteration succeeded in finding operating point.

.step idx=3472
Direct Newton iteration succeeded in finding operating point.

.step idx=3473
Direct Newton iteration succeeded in finding operating point.

.step idx=3474
Direct Newton iteration succeeded in finding operating point.

.step idx=3475
Direct Newton iteration succeeded in finding operating point.

.step idx=3476
Direct Newton iteration succeeded in finding operating point.

.step idx=3477
Direct Newton iteration succeeded in finding operating point.

.step idx=3478
Direct Newton iteration succeeded in finding operating point.

.step idx=3479
Direct Newton iteration succeeded in finding operating point.

.step idx=3480
Direct Newton iteration succeeded in finding operating point.

.step idx=3481
Direct Newton iteration succeeded in finding operating point.

.step idx=3482
Direct Newton iteration succeeded in finding operating point.

.step idx=3483
Direct Newton iteration succeeded in finding operating point.

.step idx=3484
Direct Newton iteration succeeded in finding operating point.

.step idx=3485
Direct Newton iteration succeeded in finding operating point.

.step idx=3486
Direct Newton iteration succeeded in finding operating point.

.step idx=3487
Direct Newton iteration succeeded in finding operating point.

.step idx=3488
Direct Newton iteration succeeded in finding operating point.

.step idx=3489
Direct Newton iteration succeeded in finding operating point.

.step idx=3490
Direct Newton iteration succeeded in finding operating point.

.step idx=3491
Direct Newton iteration succeeded in finding operating point.

.step idx=3492
Direct Newton iteration succeeded in finding operating point.

.step idx=3493
Direct Newton iteration succeeded in finding operating point.

.step idx=3494
Direct Newton iteration succeeded in finding operating point.

.step idx=3495
Direct Newton iteration succeeded in finding operating point.

.step idx=3496
Direct Newton iteration succeeded in finding operating point.

.step idx=3497
Direct Newton iteration succeeded in finding operating point.

.step idx=3498
Direct Newton iteration succeeded in finding operating point.

.step idx=3499
Direct Newton iteration succeeded in finding operating point.

.step idx=3500
Direct Newton iteration succeeded in finding operating point.

.step idx=3501
Direct Newton iteration succeeded in finding operating point.

.step idx=3502
Direct Newton iteration succeeded in finding operating point.

.step idx=3503
Direct Newton iteration succeeded in finding operating point.

.step idx=3504
Direct Newton iteration succeeded in finding operating point.

.step idx=3505
Direct Newton iteration succeeded in finding operating point.

.step idx=3506
Direct Newton iteration succeeded in finding operating point.

.step idx=3507
Direct Newton iteration succeeded in finding operating point.

.step idx=3508
Direct Newton iteration succeeded in finding operating point.

.step idx=3509
Direct Newton iteration succeeded in finding operating point.

.step idx=3510
Direct Newton iteration succeeded in finding operating point.

.step idx=3511
Direct Newton iteration succeeded in finding operating point.

.step idx=3512
Direct Newton iteration succeeded in finding operating point.

.step idx=3513
Direct Newton iteration succeeded in finding operating point.

.step idx=3514
Direct Newton iteration succeeded in finding operating point.

.step idx=3515
Direct Newton iteration succeeded in finding operating point.

.step idx=3516
Direct Newton iteration succeeded in finding operating point.

.step idx=3517
Direct Newton iteration succeeded in finding operating point.

.step idx=3518
Direct Newton iteration succeeded in finding operating point.

.step idx=3519
Direct Newton iteration succeeded in finding operating point.

.step idx=3520
Direct Newton iteration succeeded in finding operating point.

.step idx=3521
Direct Newton iteration succeeded in finding operating point.

.step idx=3522
Direct Newton iteration succeeded in finding operating point.

.step idx=3523
Direct Newton iteration succeeded in finding operating point.

.step idx=3524
Direct Newton iteration succeeded in finding operating point.

.step idx=3525
Direct Newton iteration succeeded in finding operating point.

.step idx=3526
Direct Newton iteration succeeded in finding operating point.

.step idx=3527
Direct Newton iteration succeeded in finding operating point.

.step idx=3528
Direct Newton iteration succeeded in finding operating point.

.step idx=3529
Direct Newton iteration succeeded in finding operating point.

.step idx=3530
Direct Newton iteration succeeded in finding operating point.

.step idx=3531
Direct Newton iteration succeeded in finding operating point.

.step idx=3532
Direct Newton iteration succeeded in finding operating point.

.step idx=3533
Direct Newton iteration succeeded in finding operating point.

.step idx=3534
Direct Newton iteration succeeded in finding operating point.

.step idx=3535
Direct Newton iteration succeeded in finding operating point.

.step idx=3536
Direct Newton iteration succeeded in finding operating point.

.step idx=3537
Direct Newton iteration succeeded in finding operating point.

.step idx=3538
Direct Newton iteration succeeded in finding operating point.

.step idx=3539
Direct Newton iteration succeeded in finding operating point.

.step idx=3540
Direct Newton iteration succeeded in finding operating point.

.step idx=3541
Direct Newton iteration succeeded in finding operating point.

.step idx=3542
Direct Newton iteration succeeded in finding operating point.

.step idx=3543
Direct Newton iteration succeeded in finding operating point.

.step idx=3544
Direct Newton iteration succeeded in finding operating point.

.step idx=3545
Direct Newton iteration succeeded in finding operating point.

.step idx=3546
Direct Newton iteration succeeded in finding operating point.

.step idx=3547
Direct Newton iteration succeeded in finding operating point.

.step idx=3548
Direct Newton iteration succeeded in finding operating point.

.step idx=3549
Direct Newton iteration succeeded in finding operating point.

.step idx=3550
Direct Newton iteration succeeded in finding operating point.

.step idx=3551
Direct Newton iteration succeeded in finding operating point.

.step idx=3552
Direct Newton iteration succeeded in finding operating point.

.step idx=3553
Direct Newton iteration succeeded in finding operating point.

.step idx=3554
Direct Newton iteration succeeded in finding operating point.

.step idx=3555
Direct Newton iteration succeeded in finding operating point.

.step idx=3556
Direct Newton iteration succeeded in finding operating point.

.step idx=3557
Direct Newton iteration succeeded in finding operating point.

.step idx=3558
Direct Newton iteration succeeded in finding operating point.

.step idx=3559
Direct Newton iteration succeeded in finding operating point.

.step idx=3560
Direct Newton iteration succeeded in finding operating point.

.step idx=3561
Direct Newton iteration succeeded in finding operating point.

.step idx=3562
Direct Newton iteration succeeded in finding operating point.

.step idx=3563
Direct Newton iteration succeeded in finding operating point.

.step idx=3564
Direct Newton iteration succeeded in finding operating point.

.step idx=3565
Direct Newton iteration succeeded in finding operating point.

.step idx=3566
Direct Newton iteration succeeded in finding operating point.

.step idx=3567
Direct Newton iteration succeeded in finding operating point.

.step idx=3568
Direct Newton iteration succeeded in finding operating point.

.step idx=3569
Direct Newton iteration succeeded in finding operating point.

.step idx=3570
Direct Newton iteration succeeded in finding operating point.

.step idx=3571
Direct Newton iteration succeeded in finding operating point.

.step idx=3572
Direct Newton iteration succeeded in finding operating point.

.step idx=3573
Direct Newton iteration succeeded in finding operating point.

.step idx=3574
Direct Newton iteration succeeded in finding operating point.

.step idx=3575
Direct Newton iteration succeeded in finding operating point.

.step idx=3576
Direct Newton iteration succeeded in finding operating point.

.step idx=3577
Direct Newton iteration succeeded in finding operating point.

.step idx=3578
Direct Newton iteration succeeded in finding operating point.

.step idx=3579
Direct Newton iteration succeeded in finding operating point.

.step idx=3580
Direct Newton iteration succeeded in finding operating point.

.step idx=3581
Direct Newton iteration succeeded in finding operating point.

.step idx=3582
Direct Newton iteration succeeded in finding operating point.

.step idx=3583
Direct Newton iteration succeeded in finding operating point.

.step idx=3584
Direct Newton iteration succeeded in finding operating point.

.step idx=3585
Direct Newton iteration succeeded in finding operating point.

.step idx=3586
Direct Newton iteration succeeded in finding operating point.

.step idx=3587
Direct Newton iteration succeeded in finding operating point.

.step idx=3588
Direct Newton iteration succeeded in finding operating point.

.step idx=3589
Direct Newton iteration succeeded in finding operating point.

.step idx=3590
Direct Newton iteration succeeded in finding operating point.

.step idx=3591
Direct Newton iteration succeeded in finding operating point.

.step idx=3592
Direct Newton iteration succeeded in finding operating point.

.step idx=3593
Direct Newton iteration succeeded in finding operating point.

.step idx=3594
Direct Newton iteration succeeded in finding operating point.

.step idx=3595
Direct Newton iteration succeeded in finding operating point.

.step idx=3596
Direct Newton iteration succeeded in finding operating point.

.step idx=3597
Direct Newton iteration succeeded in finding operating point.

.step idx=3598
Direct Newton iteration succeeded in finding operating point.

.step idx=3599
Direct Newton iteration succeeded in finding operating point.

.step idx=3600
Direct Newton iteration succeeded in finding operating point.

.step idx=3601
Direct Newton iteration succeeded in finding operating point.

.step idx=3602
Direct Newton iteration succeeded in finding operating point.

.step idx=3603
Direct Newton iteration succeeded in finding operating point.

.step idx=3604
Direct Newton iteration succeeded in finding operating point.

.step idx=3605
Direct Newton iteration succeeded in finding operating point.

.step idx=3606
Direct Newton iteration succeeded in finding operating point.

.step idx=3607
Direct Newton iteration succeeded in finding operating point.

.step idx=3608
Direct Newton iteration succeeded in finding operating point.

.step idx=3609
Direct Newton iteration succeeded in finding operating point.

.step idx=3610
Direct Newton iteration succeeded in finding operating point.

.step idx=3611
Direct Newton iteration succeeded in finding operating point.

.step idx=3612
Direct Newton iteration succeeded in finding operating point.

.step idx=3613
Direct Newton iteration succeeded in finding operating point.

.step idx=3614
Direct Newton iteration succeeded in finding operating point.

.step idx=3615
Direct Newton iteration succeeded in finding operating point.

.step idx=3616
Direct Newton iteration succeeded in finding operating point.

.step idx=3617
Direct Newton iteration succeeded in finding operating point.

.step idx=3618
Direct Newton iteration succeeded in finding operating point.

.step idx=3619
Direct Newton iteration succeeded in finding operating point.

.step idx=3620
Direct Newton iteration succeeded in finding operating point.

.step idx=3621
Direct Newton iteration succeeded in finding operating point.

.step idx=3622
Direct Newton iteration succeeded in finding operating point.

.step idx=3623
Direct Newton iteration succeeded in finding operating point.

.step idx=3624
Direct Newton iteration succeeded in finding operating point.

.step idx=3625
Direct Newton iteration succeeded in finding operating point.

.step idx=3626
Direct Newton iteration succeeded in finding operating point.

.step idx=3627
Direct Newton iteration succeeded in finding operating point.

.step idx=3628
Direct Newton iteration succeeded in finding operating point.

.step idx=3629
Direct Newton iteration succeeded in finding operating point.

.step idx=3630
Direct Newton iteration succeeded in finding operating point.

.step idx=3631
Direct Newton iteration succeeded in finding operating point.

.step idx=3632
Direct Newton iteration succeeded in finding operating point.

.step idx=3633
Direct Newton iteration succeeded in finding operating point.

.step idx=3634
Direct Newton iteration succeeded in finding operating point.

.step idx=3635
Direct Newton iteration succeeded in finding operating point.

.step idx=3636
Direct Newton iteration succeeded in finding operating point.

.step idx=3637
Direct Newton iteration succeeded in finding operating point.

.step idx=3638
Direct Newton iteration succeeded in finding operating point.

.step idx=3639
Direct Newton iteration succeeded in finding operating point.

.step idx=3640
Direct Newton iteration succeeded in finding operating point.

.step idx=3641
Direct Newton iteration succeeded in finding operating point.

.step idx=3642
Direct Newton iteration succeeded in finding operating point.

.step idx=3643
Direct Newton iteration succeeded in finding operating point.

.step idx=3644
Direct Newton iteration succeeded in finding operating point.

.step idx=3645
Direct Newton iteration succeeded in finding operating point.

.step idx=3646
Direct Newton iteration succeeded in finding operating point.

.step idx=3647
Direct Newton iteration succeeded in finding operating point.

.step idx=3648
Direct Newton iteration succeeded in finding operating point.

.step idx=3649
Direct Newton iteration succeeded in finding operating point.

.step idx=3650
Direct Newton iteration succeeded in finding operating point.

.step idx=3651
Direct Newton iteration succeeded in finding operating point.

.step idx=3652
Direct Newton iteration succeeded in finding operating point.

.step idx=3653
Direct Newton iteration succeeded in finding operating point.

.step idx=3654
Direct Newton iteration succeeded in finding operating point.

.step idx=3655
Direct Newton iteration succeeded in finding operating point.

.step idx=3656
Direct Newton iteration succeeded in finding operating point.

.step idx=3657
Direct Newton iteration succeeded in finding operating point.

.step idx=3658
Direct Newton iteration succeeded in finding operating point.

.step idx=3659
Direct Newton iteration succeeded in finding operating point.

.step idx=3660
Direct Newton iteration succeeded in finding operating point.

.step idx=3661
Direct Newton iteration succeeded in finding operating point.

.step idx=3662
Direct Newton iteration succeeded in finding operating point.

.step idx=3663
Direct Newton iteration succeeded in finding operating point.

.step idx=3664
Direct Newton iteration succeeded in finding operating point.

.step idx=3665
Direct Newton iteration succeeded in finding operating point.

.step idx=3666
Direct Newton iteration succeeded in finding operating point.

.step idx=3667
Direct Newton iteration succeeded in finding operating point.

.step idx=3668
Direct Newton iteration succeeded in finding operating point.

.step idx=3669
Direct Newton iteration succeeded in finding operating point.

.step idx=3670
Direct Newton iteration succeeded in finding operating point.

.step idx=3671
Direct Newton iteration succeeded in finding operating point.

.step idx=3672
Direct Newton iteration succeeded in finding operating point.

.step idx=3673
Direct Newton iteration succeeded in finding operating point.

.step idx=3674
Direct Newton iteration succeeded in finding operating point.

.step idx=3675
Direct Newton iteration succeeded in finding operating point.

.step idx=3676
Direct Newton iteration succeeded in finding operating point.

.step idx=3677
Direct Newton iteration succeeded in finding operating point.

.step idx=3678
Direct Newton iteration succeeded in finding operating point.

.step idx=3679
Direct Newton iteration succeeded in finding operating point.

.step idx=3680
Direct Newton iteration succeeded in finding operating point.

.step idx=3681
Direct Newton iteration succeeded in finding operating point.

.step idx=3682
Direct Newton iteration succeeded in finding operating point.

.step idx=3683
Direct Newton iteration succeeded in finding operating point.

.step idx=3684
Direct Newton iteration succeeded in finding operating point.

.step idx=3685
Direct Newton iteration succeeded in finding operating point.

.step idx=3686
Direct Newton iteration succeeded in finding operating point.

.step idx=3687
Direct Newton iteration succeeded in finding operating point.

.step idx=3688
Direct Newton iteration succeeded in finding operating point.

.step idx=3689
Direct Newton iteration succeeded in finding operating point.

.step idx=3690
Direct Newton iteration succeeded in finding operating point.

.step idx=3691
Direct Newton iteration succeeded in finding operating point.

.step idx=3692
Direct Newton iteration succeeded in finding operating point.

.step idx=3693
Direct Newton iteration succeeded in finding operating point.

.step idx=3694
Direct Newton iteration succeeded in finding operating point.

.step idx=3695
Direct Newton iteration succeeded in finding operating point.

.step idx=3696
Direct Newton iteration succeeded in finding operating point.

.step idx=3697
Direct Newton iteration succeeded in finding operating point.

.step idx=3698
Direct Newton iteration succeeded in finding operating point.

.step idx=3699
Direct Newton iteration succeeded in finding operating point.

.step idx=3700
Direct Newton iteration succeeded in finding operating point.

.step idx=3701
Direct Newton iteration succeeded in finding operating point.

.step idx=3702
Direct Newton iteration succeeded in finding operating point.

.step idx=3703
Direct Newton iteration succeeded in finding operating point.

.step idx=3704
Direct Newton iteration succeeded in finding operating point.

.step idx=3705
Direct Newton iteration succeeded in finding operating point.

.step idx=3706
Direct Newton iteration succeeded in finding operating point.

.step idx=3707
Direct Newton iteration succeeded in finding operating point.

.step idx=3708
Direct Newton iteration succeeded in finding operating point.

.step idx=3709
Direct Newton iteration succeeded in finding operating point.

.step idx=3710
Direct Newton iteration succeeded in finding operating point.

.step idx=3711
Direct Newton iteration succeeded in finding operating point.

.step idx=3712
Direct Newton iteration succeeded in finding operating point.

.step idx=3713
Direct Newton iteration succeeded in finding operating point.

.step idx=3714
Direct Newton iteration succeeded in finding operating point.

.step idx=3715
Direct Newton iteration succeeded in finding operating point.

.step idx=3716
Direct Newton iteration succeeded in finding operating point.

.step idx=3717
Direct Newton iteration succeeded in finding operating point.

.step idx=3718
Direct Newton iteration succeeded in finding operating point.

.step idx=3719
Direct Newton iteration succeeded in finding operating point.

.step idx=3720
Direct Newton iteration succeeded in finding operating point.

.step idx=3721
Direct Newton iteration succeeded in finding operating point.

.step idx=3722
Direct Newton iteration succeeded in finding operating point.

.step idx=3723
Direct Newton iteration succeeded in finding operating point.

.step idx=3724
Direct Newton iteration succeeded in finding operating point.

.step idx=3725
Direct Newton iteration succeeded in finding operating point.

.step idx=3726
Direct Newton iteration succeeded in finding operating point.

.step idx=3727
Direct Newton iteration succeeded in finding operating point.

.step idx=3728
Direct Newton iteration succeeded in finding operating point.

.step idx=3729
Direct Newton iteration succeeded in finding operating point.

.step idx=3730
Direct Newton iteration succeeded in finding operating point.

.step idx=3731
Direct Newton iteration succeeded in finding operating point.

.step idx=3732
Direct Newton iteration succeeded in finding operating point.

.step idx=3733
Direct Newton iteration succeeded in finding operating point.

.step idx=3734
Direct Newton iteration succeeded in finding operating point.

.step idx=3735
Direct Newton iteration succeeded in finding operating point.

.step idx=3736
Direct Newton iteration succeeded in finding operating point.

.step idx=3737
Direct Newton iteration succeeded in finding operating point.

.step idx=3738
Direct Newton iteration succeeded in finding operating point.

.step idx=3739
Direct Newton iteration succeeded in finding operating point.

.step idx=3740
Direct Newton iteration succeeded in finding operating point.

.step idx=3741
Direct Newton iteration succeeded in finding operating point.

.step idx=3742
Direct Newton iteration succeeded in finding operating point.

.step idx=3743
Direct Newton iteration succeeded in finding operating point.

.step idx=3744
Direct Newton iteration succeeded in finding operating point.

.step idx=3745
Direct Newton iteration succeeded in finding operating point.

.step idx=3746
Direct Newton iteration succeeded in finding operating point.

.step idx=3747
Direct Newton iteration succeeded in finding operating point.

.step idx=3748
Direct Newton iteration succeeded in finding operating point.

.step idx=3749
Direct Newton iteration succeeded in finding operating point.

.step idx=3750
Direct Newton iteration succeeded in finding operating point.

.step idx=3751
Direct Newton iteration succeeded in finding operating point.

.step idx=3752
Direct Newton iteration succeeded in finding operating point.

.step idx=3753
Direct Newton iteration succeeded in finding operating point.

.step idx=3754
Direct Newton iteration succeeded in finding operating point.

.step idx=3755
Direct Newton iteration succeeded in finding operating point.

.step idx=3756
Direct Newton iteration succeeded in finding operating point.

.step idx=3757
Direct Newton iteration succeeded in finding operating point.

.step idx=3758
Direct Newton iteration succeeded in finding operating point.

.step idx=3759
Direct Newton iteration succeeded in finding operating point.

.step idx=3760
Direct Newton iteration succeeded in finding operating point.

.step idx=3761
Direct Newton iteration succeeded in finding operating point.

.step idx=3762
Direct Newton iteration succeeded in finding operating point.

.step idx=3763
Direct Newton iteration succeeded in finding operating point.

.step idx=3764
Direct Newton iteration succeeded in finding operating point.

.step idx=3765
Direct Newton iteration succeeded in finding operating point.

.step idx=3766
Direct Newton iteration succeeded in finding operating point.

.step idx=3767
Direct Newton iteration succeeded in finding operating point.

.step idx=3768
Direct Newton iteration succeeded in finding operating point.

.step idx=3769
Direct Newton iteration succeeded in finding operating point.

.step idx=3770
Direct Newton iteration succeeded in finding operating point.

.step idx=3771
Direct Newton iteration succeeded in finding operating point.

.step idx=3772
Direct Newton iteration succeeded in finding operating point.

.step idx=3773
Direct Newton iteration succeeded in finding operating point.

.step idx=3774
Direct Newton iteration succeeded in finding operating point.

.step idx=3775
Direct Newton iteration succeeded in finding operating point.

.step idx=3776
Direct Newton iteration succeeded in finding operating point.

.step idx=3777
Direct Newton iteration succeeded in finding operating point.

.step idx=3778
Direct Newton iteration succeeded in finding operating point.

.step idx=3779
Direct Newton iteration succeeded in finding operating point.

.step idx=3780
Direct Newton iteration succeeded in finding operating point.

.step idx=3781
Direct Newton iteration succeeded in finding operating point.

.step idx=3782
Direct Newton iteration succeeded in finding operating point.

.step idx=3783
Direct Newton iteration succeeded in finding operating point.

.step idx=3784
Direct Newton iteration succeeded in finding operating point.

.step idx=3785
Direct Newton iteration succeeded in finding operating point.

.step idx=3786
Direct Newton iteration succeeded in finding operating point.

.step idx=3787
Direct Newton iteration succeeded in finding operating point.

.step idx=3788
Direct Newton iteration succeeded in finding operating point.

.step idx=3789
Direct Newton iteration succeeded in finding operating point.

.step idx=3790
Direct Newton iteration succeeded in finding operating point.

.step idx=3791
Direct Newton iteration succeeded in finding operating point.

.step idx=3792
Direct Newton iteration succeeded in finding operating point.

.step idx=3793
Direct Newton iteration succeeded in finding operating point.

.step idx=3794
Direct Newton iteration succeeded in finding operating point.

.step idx=3795
Direct Newton iteration succeeded in finding operating point.

.step idx=3796
Direct Newton iteration succeeded in finding operating point.

.step idx=3797
Direct Newton iteration succeeded in finding operating point.

.step idx=3798
Direct Newton iteration succeeded in finding operating point.

.step idx=3799
Direct Newton iteration succeeded in finding operating point.

.step idx=3800
Direct Newton iteration succeeded in finding operating point.

.step idx=3801
Direct Newton iteration succeeded in finding operating point.

.step idx=3802
Direct Newton iteration succeeded in finding operating point.

.step idx=3803
Direct Newton iteration succeeded in finding operating point.

.step idx=3804
Direct Newton iteration succeeded in finding operating point.

.step idx=3805
Direct Newton iteration succeeded in finding operating point.

.step idx=3806
Direct Newton iteration succeeded in finding operating point.

.step idx=3807
Direct Newton iteration succeeded in finding operating point.

.step idx=3808
Direct Newton iteration succeeded in finding operating point.

.step idx=3809
Direct Newton iteration succeeded in finding operating point.

.step idx=3810
Direct Newton iteration succeeded in finding operating point.

.step idx=3811
Direct Newton iteration succeeded in finding operating point.

.step idx=3812
Direct Newton iteration succeeded in finding operating point.

.step idx=3813
Direct Newton iteration succeeded in finding operating point.

.step idx=3814
Direct Newton iteration succeeded in finding operating point.

.step idx=3815
Direct Newton iteration succeeded in finding operating point.

.step idx=3816
Direct Newton iteration succeeded in finding operating point.

.step idx=3817
Direct Newton iteration succeeded in finding operating point.

.step idx=3818
Direct Newton iteration succeeded in finding operating point.

.step idx=3819
Direct Newton iteration succeeded in finding operating point.

.step idx=3820
Direct Newton iteration succeeded in finding operating point.

.step idx=3821
Direct Newton iteration succeeded in finding operating point.

.step idx=3822
Direct Newton iteration succeeded in finding operating point.

.step idx=3823
Direct Newton iteration succeeded in finding operating point.

.step idx=3824
Direct Newton iteration succeeded in finding operating point.

.step idx=3825
Direct Newton iteration succeeded in finding operating point.

.step idx=3826
Direct Newton iteration succeeded in finding operating point.

.step idx=3827
Direct Newton iteration succeeded in finding operating point.

.step idx=3828
Direct Newton iteration succeeded in finding operating point.

.step idx=3829
Direct Newton iteration succeeded in finding operating point.

.step idx=3830
Direct Newton iteration succeeded in finding operating point.

.step idx=3831
Direct Newton iteration succeeded in finding operating point.

.step idx=3832
Direct Newton iteration succeeded in finding operating point.

.step idx=3833
Direct Newton iteration succeeded in finding operating point.

.step idx=3834
Direct Newton iteration succeeded in finding operating point.

.step idx=3835
Direct Newton iteration succeeded in finding operating point.

.step idx=3836
Direct Newton iteration succeeded in finding operating point.

.step idx=3837
Direct Newton iteration succeeded in finding operating point.

.step idx=3838
Direct Newton iteration succeeded in finding operating point.

.step idx=3839
Direct Newton iteration succeeded in finding operating point.

.step idx=3840
Direct Newton iteration succeeded in finding operating point.

.step idx=3841
Direct Newton iteration succeeded in finding operating point.

.step idx=3842
Direct Newton iteration succeeded in finding operating point.

.step idx=3843
Direct Newton iteration succeeded in finding operating point.

.step idx=3844
Direct Newton iteration succeeded in finding operating point.

.step idx=3845
Direct Newton iteration succeeded in finding operating point.

.step idx=3846
Direct Newton iteration succeeded in finding operating point.

.step idx=3847
Direct Newton iteration succeeded in finding operating point.

.step idx=3848
Direct Newton iteration succeeded in finding operating point.

.step idx=3849
Direct Newton iteration succeeded in finding operating point.

.step idx=3850
Direct Newton iteration succeeded in finding operating point.

.step idx=3851
Direct Newton iteration succeeded in finding operating point.

.step idx=3852
Direct Newton iteration succeeded in finding operating point.

.step idx=3853
Direct Newton iteration succeeded in finding operating point.

.step idx=3854
Direct Newton iteration succeeded in finding operating point.

.step idx=3855
Direct Newton iteration succeeded in finding operating point.

.step idx=3856
Direct Newton iteration succeeded in finding operating point.

.step idx=3857
Direct Newton iteration succeeded in finding operating point.

.step idx=3858
Direct Newton iteration succeeded in finding operating point.

.step idx=3859
Direct Newton iteration succeeded in finding operating point.

.step idx=3860
Direct Newton iteration succeeded in finding operating point.

.step idx=3861
Direct Newton iteration succeeded in finding operating point.

.step idx=3862
Direct Newton iteration succeeded in finding operating point.

.step idx=3863
Direct Newton iteration succeeded in finding operating point.

.step idx=3864
Direct Newton iteration succeeded in finding operating point.

.step idx=3865
Direct Newton iteration succeeded in finding operating point.

.step idx=3866
Direct Newton iteration succeeded in finding operating point.

.step idx=3867
Direct Newton iteration succeeded in finding operating point.

.step idx=3868
Direct Newton iteration succeeded in finding operating point.

.step idx=3869
Direct Newton iteration succeeded in finding operating point.

.step idx=3870
Direct Newton iteration succeeded in finding operating point.

.step idx=3871
Direct Newton iteration succeeded in finding operating point.

.step idx=3872
Direct Newton iteration succeeded in finding operating point.

.step idx=3873
Direct Newton iteration succeeded in finding operating point.

.step idx=3874
Direct Newton iteration succeeded in finding operating point.

.step idx=3875
Direct Newton iteration succeeded in finding operating point.

.step idx=3876
Direct Newton iteration succeeded in finding operating point.

.step idx=3877
Direct Newton iteration succeeded in finding operating point.

.step idx=3878
Direct Newton iteration succeeded in finding operating point.

.step idx=3879
Direct Newton iteration succeeded in finding operating point.

.step idx=3880
Direct Newton iteration succeeded in finding operating point.

.step idx=3881
Direct Newton iteration succeeded in finding operating point.

.step idx=3882
Direct Newton iteration succeeded in finding operating point.

.step idx=3883
Direct Newton iteration succeeded in finding operating point.

.step idx=3884
Direct Newton iteration succeeded in finding operating point.

.step idx=3885
Direct Newton iteration succeeded in finding operating point.

.step idx=3886
Direct Newton iteration succeeded in finding operating point.

.step idx=3887
Direct Newton iteration succeeded in finding operating point.

.step idx=3888
Direct Newton iteration succeeded in finding operating point.

.step idx=3889
Direct Newton iteration succeeded in finding operating point.

.step idx=3890
Direct Newton iteration succeeded in finding operating point.

.step idx=3891
Direct Newton iteration succeeded in finding operating point.

.step idx=3892
Direct Newton iteration succeeded in finding operating point.

.step idx=3893
Direct Newton iteration succeeded in finding operating point.

.step idx=3894
Direct Newton iteration succeeded in finding operating point.

.step idx=3895
Direct Newton iteration succeeded in finding operating point.

.step idx=3896
Direct Newton iteration succeeded in finding operating point.

.step idx=3897
Direct Newton iteration succeeded in finding operating point.

.step idx=3898
Direct Newton iteration succeeded in finding operating point.

.step idx=3899
Direct Newton iteration succeeded in finding operating point.

.step idx=3900
Direct Newton iteration succeeded in finding operating point.

.step idx=3901
Direct Newton iteration succeeded in finding operating point.

.step idx=3902
Direct Newton iteration succeeded in finding operating point.

.step idx=3903
Direct Newton iteration succeeded in finding operating point.

.step idx=3904
Direct Newton iteration succeeded in finding operating point.

.step idx=3905
Direct Newton iteration succeeded in finding operating point.

.step idx=3906
Direct Newton iteration succeeded in finding operating point.

.step idx=3907
Direct Newton iteration succeeded in finding operating point.

.step idx=3908
Direct Newton iteration succeeded in finding operating point.

.step idx=3909
Direct Newton iteration succeeded in finding operating point.

.step idx=3910
Direct Newton iteration succeeded in finding operating point.

.step idx=3911
Direct Newton iteration succeeded in finding operating point.

.step idx=3912
Direct Newton iteration succeeded in finding operating point.

.step idx=3913
Direct Newton iteration succeeded in finding operating point.

.step idx=3914
Direct Newton iteration succeeded in finding operating point.

.step idx=3915
Direct Newton iteration succeeded in finding operating point.

.step idx=3916
Direct Newton iteration succeeded in finding operating point.

.step idx=3917
Direct Newton iteration succeeded in finding operating point.

.step idx=3918
Direct Newton iteration succeeded in finding operating point.

.step idx=3919
Direct Newton iteration succeeded in finding operating point.

.step idx=3920
Direct Newton iteration succeeded in finding operating point.

.step idx=3921
Direct Newton iteration succeeded in finding operating point.

.step idx=3922
Direct Newton iteration succeeded in finding operating point.

.step idx=3923
Direct Newton iteration succeeded in finding operating point.

.step idx=3924
Direct Newton iteration succeeded in finding operating point.

.step idx=3925
Direct Newton iteration succeeded in finding operating point.

.step idx=3926
Direct Newton iteration succeeded in finding operating point.

.step idx=3927
Direct Newton iteration succeeded in finding operating point.

.step idx=3928
Direct Newton iteration succeeded in finding operating point.

.step idx=3929
Direct Newton iteration succeeded in finding operating point.

.step idx=3930
Direct Newton iteration succeeded in finding operating point.

.step idx=3931
Direct Newton iteration succeeded in finding operating point.

.step idx=3932
Direct Newton iteration succeeded in finding operating point.

.step idx=3933
Direct Newton iteration succeeded in finding operating point.

.step idx=3934
Direct Newton iteration succeeded in finding operating point.

.step idx=3935
Direct Newton iteration succeeded in finding operating point.

.step idx=3936
Direct Newton iteration succeeded in finding operating point.

.step idx=3937
Direct Newton iteration succeeded in finding operating point.

.step idx=3938
Direct Newton iteration succeeded in finding operating point.

.step idx=3939
Direct Newton iteration succeeded in finding operating point.

.step idx=3940
Direct Newton iteration succeeded in finding operating point.

.step idx=3941
Direct Newton iteration succeeded in finding operating point.

.step idx=3942
Direct Newton iteration succeeded in finding operating point.

.step idx=3943
Direct Newton iteration succeeded in finding operating point.

.step idx=3944
Direct Newton iteration succeeded in finding operating point.

.step idx=3945
Direct Newton iteration succeeded in finding operating point.

.step idx=3946
Direct Newton iteration succeeded in finding operating point.

.step idx=3947
Direct Newton iteration succeeded in finding operating point.

.step idx=3948
Direct Newton iteration succeeded in finding operating point.

.step idx=3949
Direct Newton iteration succeeded in finding operating point.

.step idx=3950
Direct Newton iteration succeeded in finding operating point.

.step idx=3951
Direct Newton iteration succeeded in finding operating point.

.step idx=3952
Direct Newton iteration succeeded in finding operating point.

.step idx=3953
Direct Newton iteration succeeded in finding operating point.

.step idx=3954
Direct Newton iteration succeeded in finding operating point.

.step idx=3955
Direct Newton iteration succeeded in finding operating point.

.step idx=3956
Direct Newton iteration succeeded in finding operating point.

.step idx=3957
Direct Newton iteration succeeded in finding operating point.

.step idx=3958
Direct Newton iteration succeeded in finding operating point.

.step idx=3959
Direct Newton iteration succeeded in finding operating point.

.step idx=3960
Direct Newton iteration succeeded in finding operating point.

.step idx=3961
Direct Newton iteration succeeded in finding operating point.

.step idx=3962
Direct Newton iteration succeeded in finding operating point.

.step idx=3963
Direct Newton iteration succeeded in finding operating point.

.step idx=3964
Direct Newton iteration succeeded in finding operating point.

.step idx=3965
Direct Newton iteration succeeded in finding operating point.

.step idx=3966
Direct Newton iteration succeeded in finding operating point.

.step idx=3967
Direct Newton iteration succeeded in finding operating point.

.step idx=3968
Direct Newton iteration succeeded in finding operating point.

.step idx=3969
Direct Newton iteration succeeded in finding operating point.

.step idx=3970
Direct Newton iteration succeeded in finding operating point.

.step idx=3971
Direct Newton iteration succeeded in finding operating point.

.step idx=3972
Direct Newton iteration succeeded in finding operating point.

.step idx=3973
Direct Newton iteration succeeded in finding operating point.

.step idx=3974
Direct Newton iteration succeeded in finding operating point.

.step idx=3975
Direct Newton iteration succeeded in finding operating point.

.step idx=3976
Direct Newton iteration succeeded in finding operating point.

.step idx=3977
Direct Newton iteration succeeded in finding operating point.

.step idx=3978
Direct Newton iteration succeeded in finding operating point.

.step idx=3979
Direct Newton iteration succeeded in finding operating point.

.step idx=3980
Direct Newton iteration succeeded in finding operating point.

.step idx=3981
Direct Newton iteration succeeded in finding operating point.

.step idx=3982
Direct Newton iteration succeeded in finding operating point.

.step idx=3983
Direct Newton iteration succeeded in finding operating point.

.step idx=3984
Direct Newton iteration succeeded in finding operating point.

.step idx=3985
Direct Newton iteration succeeded in finding operating point.

.step idx=3986
Direct Newton iteration succeeded in finding operating point.

.step idx=3987
Direct Newton iteration succeeded in finding operating point.

.step idx=3988
Direct Newton iteration succeeded in finding operating point.

.step idx=3989
Direct Newton iteration succeeded in finding operating point.

.step idx=3990
Direct Newton iteration succeeded in finding operating point.

.step idx=3991
Direct Newton iteration succeeded in finding operating point.

.step idx=3992
Direct Newton iteration succeeded in finding operating point.

.step idx=3993
Direct Newton iteration succeeded in finding operating point.

.step idx=3994
Direct Newton iteration succeeded in finding operating point.

.step idx=3995
Direct Newton iteration succeeded in finding operating point.

.step idx=3996
Direct Newton iteration succeeded in finding operating point.

.step idx=3997
Direct Newton iteration succeeded in finding operating point.

.step idx=3998
Direct Newton iteration succeeded in finding operating point.

.step idx=3999
Direct Newton iteration succeeded in finding operating point.

.step idx=4000
Direct Newton iteration succeeded in finding operating point.

.step idx=4001
Direct Newton iteration succeeded in finding operating point.

.step idx=4002
Direct Newton iteration succeeded in finding operating point.

.step idx=4003
Direct Newton iteration succeeded in finding operating point.

.step idx=4004
Direct Newton iteration succeeded in finding operating point.

.step idx=4005
Direct Newton iteration succeeded in finding operating point.

.step idx=4006
Direct Newton iteration succeeded in finding operating point.

.step idx=4007
Direct Newton iteration succeeded in finding operating point.

.step idx=4008
Direct Newton iteration succeeded in finding operating point.

.step idx=4009
Direct Newton iteration succeeded in finding operating point.

.step idx=4010
Direct Newton iteration succeeded in finding operating point.

.step idx=4011
Direct Newton iteration succeeded in finding operating point.

.step idx=4012
Direct Newton iteration succeeded in finding operating point.

.step idx=4013
Direct Newton iteration succeeded in finding operating point.

.step idx=4014
Direct Newton iteration succeeded in finding operating point.

.step idx=4015
Direct Newton iteration succeeded in finding operating point.

.step idx=4016
Direct Newton iteration succeeded in finding operating point.

.step idx=4017
Direct Newton iteration succeeded in finding operating point.

.step idx=4018
Direct Newton iteration succeeded in finding operating point.

.step idx=4019
Direct Newton iteration succeeded in finding operating point.

.step idx=4020
Direct Newton iteration succeeded in finding operating point.

.step idx=4021
Direct Newton iteration succeeded in finding operating point.

.step idx=4022
Direct Newton iteration succeeded in finding operating point.

.step idx=4023
Direct Newton iteration succeeded in finding operating point.

.step idx=4024
Direct Newton iteration succeeded in finding operating point.

.step idx=4025
Direct Newton iteration succeeded in finding operating point.

.step idx=4026
Direct Newton iteration succeeded in finding operating point.

.step idx=4027
Direct Newton iteration succeeded in finding operating point.

.step idx=4028
Direct Newton iteration succeeded in finding operating point.

.step idx=4029
Direct Newton iteration succeeded in finding operating point.

.step idx=4030
Direct Newton iteration succeeded in finding operating point.

.step idx=4031
Direct Newton iteration succeeded in finding operating point.

.step idx=4032
Direct Newton iteration succeeded in finding operating point.

.step idx=4033
Direct Newton iteration succeeded in finding operating point.

.step idx=4034
Direct Newton iteration succeeded in finding operating point.

.step idx=4035
Direct Newton iteration succeeded in finding operating point.

.step idx=4036
Direct Newton iteration succeeded in finding operating point.

.step idx=4037
Direct Newton iteration succeeded in finding operating point.

.step idx=4038
Direct Newton iteration succeeded in finding operating point.

.step idx=4039
Direct Newton iteration succeeded in finding operating point.

.step idx=4040
Direct Newton iteration succeeded in finding operating point.

.step idx=4041
Direct Newton iteration succeeded in finding operating point.

.step idx=4042
Direct Newton iteration succeeded in finding operating point.

.step idx=4043
Direct Newton iteration succeeded in finding operating point.

.step idx=4044
Direct Newton iteration succeeded in finding operating point.

.step idx=4045
Direct Newton iteration succeeded in finding operating point.

.step idx=4046
Direct Newton iteration succeeded in finding operating point.

.step idx=4047
Direct Newton iteration succeeded in finding operating point.

.step idx=4048
Direct Newton iteration succeeded in finding operating point.

.step idx=4049
Direct Newton iteration succeeded in finding operating point.

.step idx=4050
Direct Newton iteration succeeded in finding operating point.

.step idx=4051
Direct Newton iteration succeeded in finding operating point.

.step idx=4052
Direct Newton iteration succeeded in finding operating point.

.step idx=4053
Direct Newton iteration succeeded in finding operating point.

.step idx=4054
Direct Newton iteration succeeded in finding operating point.

.step idx=4055
Direct Newton iteration succeeded in finding operating point.

.step idx=4056
Direct Newton iteration succeeded in finding operating point.

.step idx=4057
Direct Newton iteration succeeded in finding operating point.

.step idx=4058
Direct Newton iteration succeeded in finding operating point.

.step idx=4059
Direct Newton iteration succeeded in finding operating point.

.step idx=4060
Direct Newton iteration succeeded in finding operating point.

.step idx=4061
Direct Newton iteration succeeded in finding operating point.

.step idx=4062
Direct Newton iteration succeeded in finding operating point.

.step idx=4063
Direct Newton iteration succeeded in finding operating point.

.step idx=4064
Direct Newton iteration succeeded in finding operating point.

.step idx=4065
Direct Newton iteration succeeded in finding operating point.

.step idx=4066
Direct Newton iteration succeeded in finding operating point.

.step idx=4067
Direct Newton iteration succeeded in finding operating point.

.step idx=4068
Direct Newton iteration succeeded in finding operating point.

.step idx=4069
Direct Newton iteration succeeded in finding operating point.

.step idx=4070
Direct Newton iteration succeeded in finding operating point.

.step idx=4071
Direct Newton iteration succeeded in finding operating point.

.step idx=4072
Direct Newton iteration succeeded in finding operating point.

.step idx=4073
Direct Newton iteration succeeded in finding operating point.

.step idx=4074
Direct Newton iteration succeeded in finding operating point.

.step idx=4075
Direct Newton iteration succeeded in finding operating point.

.step idx=4076
Direct Newton iteration succeeded in finding operating point.

.step idx=4077
Direct Newton iteration succeeded in finding operating point.

.step idx=4078
Direct Newton iteration succeeded in finding operating point.

.step idx=4079
Direct Newton iteration succeeded in finding operating point.

.step idx=4080
Direct Newton iteration succeeded in finding operating point.

.step idx=4081
Direct Newton iteration succeeded in finding operating point.

.step idx=4082
Direct Newton iteration succeeded in finding operating point.

.step idx=4083
Direct Newton iteration succeeded in finding operating point.

.step idx=4084
Direct Newton iteration succeeded in finding operating point.

.step idx=4085
Direct Newton iteration succeeded in finding operating point.

.step idx=4086
Direct Newton iteration succeeded in finding operating point.

.step idx=4087
Direct Newton iteration succeeded in finding operating point.

.step idx=4088
Direct Newton iteration succeeded in finding operating point.

.step idx=4089
Direct Newton iteration succeeded in finding operating point.

.step idx=4090
Direct Newton iteration succeeded in finding operating point.

.step idx=4091
Direct Newton iteration succeeded in finding operating point.

.step idx=4092
Direct Newton iteration succeeded in finding operating point.

.step idx=4093
Direct Newton iteration succeeded in finding operating point.

.step idx=4094
Direct Newton iteration succeeded in finding operating point.

.step idx=4095
Direct Newton iteration succeeded in finding operating point.

.step idx=4096
Direct Newton iteration succeeded in finding operating point.

.step idx=4097
Direct Newton iteration succeeded in finding operating point.

.step idx=4098
Direct Newton iteration succeeded in finding operating point.

.step idx=4099
Direct Newton iteration succeeded in finding operating point.

.step idx=4100
Direct Newton iteration succeeded in finding operating point.

.step idx=4101
Direct Newton iteration succeeded in finding operating point.

.step idx=4102
Direct Newton iteration succeeded in finding operating point.

.step idx=4103
Direct Newton iteration succeeded in finding operating point.

.step idx=4104
Direct Newton iteration succeeded in finding operating point.

.step idx=4105
Direct Newton iteration succeeded in finding operating point.

.step idx=4106
Direct Newton iteration succeeded in finding operating point.

.step idx=4107
Direct Newton iteration succeeded in finding operating point.

.step idx=4108
Direct Newton iteration succeeded in finding operating point.

.step idx=4109
Direct Newton iteration succeeded in finding operating point.

.step idx=4110
Direct Newton iteration succeeded in finding operating point.

.step idx=4111
Direct Newton iteration succeeded in finding operating point.

.step idx=4112
Direct Newton iteration succeeded in finding operating point.

.step idx=4113
Direct Newton iteration succeeded in finding operating point.

.step idx=4114
Direct Newton iteration succeeded in finding operating point.

.step idx=4115
Direct Newton iteration succeeded in finding operating point.

.step idx=4116
Direct Newton iteration succeeded in finding operating point.

.step idx=4117
Direct Newton iteration succeeded in finding operating point.

.step idx=4118
Direct Newton iteration succeeded in finding operating point.

.step idx=4119
Direct Newton iteration succeeded in finding operating point.

.step idx=4120
Direct Newton iteration succeeded in finding operating point.

.step idx=4121
Direct Newton iteration succeeded in finding operating point.

.step idx=4122
Direct Newton iteration succeeded in finding operating point.

.step idx=4123
Direct Newton iteration succeeded in finding operating point.

.step idx=4124
Direct Newton iteration succeeded in finding operating point.

.step idx=4125
Direct Newton iteration succeeded in finding operating point.

.step idx=4126
Direct Newton iteration succeeded in finding operating point.

.step idx=4127
Direct Newton iteration succeeded in finding operating point.

.step idx=4128
Direct Newton iteration succeeded in finding operating point.

.step idx=4129
Direct Newton iteration succeeded in finding operating point.

.step idx=4130
Direct Newton iteration succeeded in finding operating point.

.step idx=4131
Direct Newton iteration succeeded in finding operating point.

.step idx=4132
Direct Newton iteration succeeded in finding operating point.

.step idx=4133
Direct Newton iteration succeeded in finding operating point.

.step idx=4134
Direct Newton iteration succeeded in finding operating point.

.step idx=4135
Direct Newton iteration succeeded in finding operating point.

.step idx=4136
Direct Newton iteration succeeded in finding operating point.

.step idx=4137
Direct Newton iteration succeeded in finding operating point.

.step idx=4138
Direct Newton iteration succeeded in finding operating point.

.step idx=4139
Direct Newton iteration succeeded in finding operating point.

.step idx=4140
Direct Newton iteration succeeded in finding operating point.

.step idx=4141
Direct Newton iteration succeeded in finding operating point.

.step idx=4142
Direct Newton iteration succeeded in finding operating point.

.step idx=4143
Direct Newton iteration succeeded in finding operating point.

.step idx=4144
Direct Newton iteration succeeded in finding operating point.

.step idx=4145
Direct Newton iteration succeeded in finding operating point.

.step idx=4146
Direct Newton iteration succeeded in finding operating point.

.step idx=4147
Direct Newton iteration succeeded in finding operating point.

.step idx=4148
Direct Newton iteration succeeded in finding operating point.

.step idx=4149
Direct Newton iteration succeeded in finding operating point.

.step idx=4150
Direct Newton iteration succeeded in finding operating point.

.step idx=4151
Direct Newton iteration succeeded in finding operating point.

.step idx=4152
Direct Newton iteration succeeded in finding operating point.

.step idx=4153
Direct Newton iteration succeeded in finding operating point.

.step idx=4154
Direct Newton iteration succeeded in finding operating point.

.step idx=4155
Direct Newton iteration succeeded in finding operating point.

.step idx=4156
Direct Newton iteration succeeded in finding operating point.

.step idx=4157
Direct Newton iteration succeeded in finding operating point.

.step idx=4158
Direct Newton iteration succeeded in finding operating point.

.step idx=4159
Direct Newton iteration succeeded in finding operating point.

.step idx=4160
Direct Newton iteration succeeded in finding operating point.

.step idx=4161
Direct Newton iteration succeeded in finding operating point.

.step idx=4162
Direct Newton iteration succeeded in finding operating point.

.step idx=4163
Direct Newton iteration succeeded in finding operating point.

.step idx=4164
Direct Newton iteration succeeded in finding operating point.

.step idx=4165
Direct Newton iteration succeeded in finding operating point.

.step idx=4166
Direct Newton iteration succeeded in finding operating point.

.step idx=4167
Direct Newton iteration succeeded in finding operating point.

.step idx=4168
Direct Newton iteration succeeded in finding operating point.

.step idx=4169
Direct Newton iteration succeeded in finding operating point.

.step idx=4170
Direct Newton iteration succeeded in finding operating point.

.step idx=4171
Direct Newton iteration succeeded in finding operating point.

.step idx=4172
Direct Newton iteration succeeded in finding operating point.

.step idx=4173
Direct Newton iteration succeeded in finding operating point.

.step idx=4174
Direct Newton iteration succeeded in finding operating point.

.step idx=4175
Direct Newton iteration succeeded in finding operating point.

.step idx=4176
Direct Newton iteration succeeded in finding operating point.

.step idx=4177
Direct Newton iteration succeeded in finding operating point.

.step idx=4178
Direct Newton iteration succeeded in finding operating point.

.step idx=4179
Direct Newton iteration succeeded in finding operating point.

.step idx=4180
Direct Newton iteration succeeded in finding operating point.

.step idx=4181
Direct Newton iteration succeeded in finding operating point.

.step idx=4182
Direct Newton iteration succeeded in finding operating point.

.step idx=4183
Direct Newton iteration succeeded in finding operating point.

.step idx=4184
Direct Newton iteration succeeded in finding operating point.

.step idx=4185
Direct Newton iteration succeeded in finding operating point.

.step idx=4186
Direct Newton iteration succeeded in finding operating point.

.step idx=4187
Direct Newton iteration succeeded in finding operating point.

.step idx=4188
Direct Newton iteration succeeded in finding operating point.

.step idx=4189
Direct Newton iteration succeeded in finding operating point.

.step idx=4190
Direct Newton iteration succeeded in finding operating point.

.step idx=4191
Direct Newton iteration succeeded in finding operating point.

.step idx=4192
Direct Newton iteration succeeded in finding operating point.

.step idx=4193
Direct Newton iteration succeeded in finding operating point.

.step idx=4194
Direct Newton iteration succeeded in finding operating point.

.step idx=4195
Direct Newton iteration succeeded in finding operating point.

.step idx=4196
Direct Newton iteration succeeded in finding operating point.

.step idx=4197
Direct Newton iteration succeeded in finding operating point.

.step idx=4198
Direct Newton iteration succeeded in finding operating point.

.step idx=4199
Direct Newton iteration succeeded in finding operating point.

.step idx=4200
Direct Newton iteration succeeded in finding operating point.

.step idx=4201
Direct Newton iteration succeeded in finding operating point.

.step idx=4202
Direct Newton iteration succeeded in finding operating point.

.step idx=4203
Direct Newton iteration succeeded in finding operating point.

.step idx=4204
Direct Newton iteration succeeded in finding operating point.

.step idx=4205
Direct Newton iteration succeeded in finding operating point.

.step idx=4206
Direct Newton iteration succeeded in finding operating point.

.step idx=4207
Direct Newton iteration succeeded in finding operating point.

.step idx=4208
Direct Newton iteration succeeded in finding operating point.

.step idx=4209
Direct Newton iteration succeeded in finding operating point.

.step idx=4210
Direct Newton iteration succeeded in finding operating point.

.step idx=4211
Direct Newton iteration succeeded in finding operating point.

.step idx=4212
Direct Newton iteration succeeded in finding operating point.

.step idx=4213
Direct Newton iteration succeeded in finding operating point.

.step idx=4214
Direct Newton iteration succeeded in finding operating point.

.step idx=4215
Direct Newton iteration succeeded in finding operating point.

.step idx=4216
Direct Newton iteration succeeded in finding operating point.

.step idx=4217
Direct Newton iteration succeeded in finding operating point.

.step idx=4218
Direct Newton iteration succeeded in finding operating point.

.step idx=4219
Direct Newton iteration succeeded in finding operating point.

.step idx=4220
Direct Newton iteration succeeded in finding operating point.

.step idx=4221
Direct Newton iteration succeeded in finding operating point.

.step idx=4222
Direct Newton iteration succeeded in finding operating point.

.step idx=4223
Direct Newton iteration succeeded in finding operating point.

.step idx=4224
Direct Newton iteration succeeded in finding operating point.

.step idx=4225
Direct Newton iteration succeeded in finding operating point.

.step idx=4226
Direct Newton iteration succeeded in finding operating point.

.step idx=4227
Direct Newton iteration succeeded in finding operating point.

.step idx=4228
Direct Newton iteration succeeded in finding operating point.

.step idx=4229
Direct Newton iteration succeeded in finding operating point.

.step idx=4230
Direct Newton iteration succeeded in finding operating point.

.step idx=4231
Direct Newton iteration succeeded in finding operating point.

.step idx=4232
Direct Newton iteration succeeded in finding operating point.

.step idx=4233
Direct Newton iteration succeeded in finding operating point.

.step idx=4234
Direct Newton iteration succeeded in finding operating point.

.step idx=4235
Direct Newton iteration succeeded in finding operating point.

.step idx=4236
Direct Newton iteration succeeded in finding operating point.

.step idx=4237
Direct Newton iteration succeeded in finding operating point.

.step idx=4238
Direct Newton iteration succeeded in finding operating point.

.step idx=4239
Direct Newton iteration succeeded in finding operating point.

.step idx=4240
Direct Newton iteration succeeded in finding operating point.

.step idx=4241
Direct Newton iteration succeeded in finding operating point.

.step idx=4242
Direct Newton iteration succeeded in finding operating point.

.step idx=4243
Direct Newton iteration succeeded in finding operating point.

.step idx=4244
Direct Newton iteration succeeded in finding operating point.

.step idx=4245
Direct Newton iteration succeeded in finding operating point.

.step idx=4246
Direct Newton iteration succeeded in finding operating point.

.step idx=4247
Direct Newton iteration succeeded in finding operating point.

.step idx=4248
Direct Newton iteration succeeded in finding operating point.

.step idx=4249
Direct Newton iteration succeeded in finding operating point.

.step idx=4250
Direct Newton iteration succeeded in finding operating point.

.step idx=4251
Direct Newton iteration succeeded in finding operating point.

.step idx=4252
Direct Newton iteration succeeded in finding operating point.

.step idx=4253
Direct Newton iteration succeeded in finding operating point.

.step idx=4254
Direct Newton iteration succeeded in finding operating point.

.step idx=4255
Direct Newton iteration succeeded in finding operating point.

.step idx=4256
Direct Newton iteration succeeded in finding operating point.

.step idx=4257
Direct Newton iteration succeeded in finding operating point.

.step idx=4258
Direct Newton iteration succeeded in finding operating point.

.step idx=4259
Direct Newton iteration succeeded in finding operating point.

.step idx=4260
Direct Newton iteration succeeded in finding operating point.

.step idx=4261
Direct Newton iteration succeeded in finding operating point.

.step idx=4262
Direct Newton iteration succeeded in finding operating point.

.step idx=4263
Direct Newton iteration succeeded in finding operating point.

.step idx=4264
Direct Newton iteration succeeded in finding operating point.

.step idx=4265
Direct Newton iteration succeeded in finding operating point.

.step idx=4266
Direct Newton iteration succeeded in finding operating point.

.step idx=4267
Direct Newton iteration succeeded in finding operating point.

.step idx=4268
Direct Newton iteration succeeded in finding operating point.

.step idx=4269
Direct Newton iteration succeeded in finding operating point.

.step idx=4270
Direct Newton iteration succeeded in finding operating point.

.step idx=4271
Direct Newton iteration succeeded in finding operating point.

.step idx=4272
Direct Newton iteration succeeded in finding operating point.

.step idx=4273
Direct Newton iteration succeeded in finding operating point.

.step idx=4274
Direct Newton iteration succeeded in finding operating point.

.step idx=4275
Direct Newton iteration succeeded in finding operating point.

.step idx=4276
Direct Newton iteration succeeded in finding operating point.

.step idx=4277
Direct Newton iteration succeeded in finding operating point.

.step idx=4278
Direct Newton iteration succeeded in finding operating point.

.step idx=4279
Direct Newton iteration succeeded in finding operating point.

.step idx=4280
Direct Newton iteration succeeded in finding operating point.

.step idx=4281
Direct Newton iteration succeeded in finding operating point.

.step idx=4282
Direct Newton iteration succeeded in finding operating point.

.step idx=4283
Direct Newton iteration succeeded in finding operating point.

.step idx=4284
Direct Newton iteration succeeded in finding operating point.

.step idx=4285
Direct Newton iteration succeeded in finding operating point.

.step idx=4286
Direct Newton iteration succeeded in finding operating point.

.step idx=4287
Direct Newton iteration succeeded in finding operating point.

.step idx=4288
Direct Newton iteration succeeded in finding operating point.

.step idx=4289
Direct Newton iteration succeeded in finding operating point.

.step idx=4290
Direct Newton iteration succeeded in finding operating point.

.step idx=4291
Direct Newton iteration succeeded in finding operating point.

.step idx=4292
Direct Newton iteration succeeded in finding operating point.

.step idx=4293
Direct Newton iteration succeeded in finding operating point.

.step idx=4294
Direct Newton iteration succeeded in finding operating point.

.step idx=4295
Direct Newton iteration succeeded in finding operating point.

.step idx=4296
Direct Newton iteration succeeded in finding operating point.

.step idx=4297
Direct Newton iteration succeeded in finding operating point.

.step idx=4298
Direct Newton iteration succeeded in finding operating point.

.step idx=4299
Direct Newton iteration succeeded in finding operating point.

.step idx=4300
Direct Newton iteration succeeded in finding operating point.

.step idx=4301
Direct Newton iteration succeeded in finding operating point.

.step idx=4302
Direct Newton iteration succeeded in finding operating point.

.step idx=4303
Direct Newton iteration succeeded in finding operating point.

.step idx=4304
Direct Newton iteration succeeded in finding operating point.

.step idx=4305
Direct Newton iteration succeeded in finding operating point.

.step idx=4306
Direct Newton iteration succeeded in finding operating point.

.step idx=4307
Direct Newton iteration succeeded in finding operating point.

.step idx=4308
Direct Newton iteration succeeded in finding operating point.

.step idx=4309
Direct Newton iteration succeeded in finding operating point.

.step idx=4310
Direct Newton iteration succeeded in finding operating point.

.step idx=4311
Direct Newton iteration succeeded in finding operating point.

.step idx=4312
Direct Newton iteration succeeded in finding operating point.

.step idx=4313
Direct Newton iteration succeeded in finding operating point.

.step idx=4314
Direct Newton iteration succeeded in finding operating point.

.step idx=4315
Direct Newton iteration succeeded in finding operating point.

.step idx=4316
Direct Newton iteration succeeded in finding operating point.

.step idx=4317
Direct Newton iteration succeeded in finding operating point.

.step idx=4318
Direct Newton iteration succeeded in finding operating point.

.step idx=4319
Direct Newton iteration succeeded in finding operating point.

.step idx=4320
Direct Newton iteration succeeded in finding operating point.

.step idx=4321
Direct Newton iteration succeeded in finding operating point.

.step idx=4322
Direct Newton iteration succeeded in finding operating point.

.step idx=4323
Direct Newton iteration succeeded in finding operating point.

.step idx=4324
Direct Newton iteration succeeded in finding operating point.

.step idx=4325
Direct Newton iteration succeeded in finding operating point.

.step idx=4326
Direct Newton iteration succeeded in finding operating point.

.step idx=4327
Direct Newton iteration succeeded in finding operating point.

.step idx=4328
Direct Newton iteration succeeded in finding operating point.

.step idx=4329
Direct Newton iteration succeeded in finding operating point.

.step idx=4330
Direct Newton iteration succeeded in finding operating point.

.step idx=4331
Direct Newton iteration succeeded in finding operating point.

.step idx=4332
Direct Newton iteration succeeded in finding operating point.

.step idx=4333
Direct Newton iteration succeeded in finding operating point.

.step idx=4334
Direct Newton iteration succeeded in finding operating point.

.step idx=4335
Direct Newton iteration succeeded in finding operating point.

.step idx=4336
Direct Newton iteration succeeded in finding operating point.

.step idx=4337
Direct Newton iteration succeeded in finding operating point.

.step idx=4338
Direct Newton iteration succeeded in finding operating point.

.step idx=4339
Direct Newton iteration succeeded in finding operating point.

.step idx=4340
Direct Newton iteration succeeded in finding operating point.

.step idx=4341
Direct Newton iteration succeeded in finding operating point.

.step idx=4342
Direct Newton iteration succeeded in finding operating point.

.step idx=4343
Direct Newton iteration succeeded in finding operating point.

.step idx=4344
Direct Newton iteration succeeded in finding operating point.

.step idx=4345
Direct Newton iteration succeeded in finding operating point.

.step idx=4346
Direct Newton iteration succeeded in finding operating point.

.step idx=4347
Direct Newton iteration succeeded in finding operating point.

.step idx=4348
Direct Newton iteration succeeded in finding operating point.

.step idx=4349
Direct Newton iteration succeeded in finding operating point.

.step idx=4350
Direct Newton iteration succeeded in finding operating point.

.step idx=4351
Direct Newton iteration succeeded in finding operating point.

.step idx=4352
Direct Newton iteration succeeded in finding operating point.

.step idx=4353
Direct Newton iteration succeeded in finding operating point.

.step idx=4354
Direct Newton iteration succeeded in finding operating point.

.step idx=4355
Direct Newton iteration succeeded in finding operating point.

.step idx=4356
Direct Newton iteration succeeded in finding operating point.

.step idx=4357
Direct Newton iteration succeeded in finding operating point.

.step idx=4358
Direct Newton iteration succeeded in finding operating point.

.step idx=4359
Direct Newton iteration succeeded in finding operating point.

.step idx=4360
Direct Newton iteration succeeded in finding operating point.

.step idx=4361
Direct Newton iteration succeeded in finding operating point.

.step idx=4362
Direct Newton iteration succeeded in finding operating point.

.step idx=4363
Direct Newton iteration succeeded in finding operating point.

.step idx=4364
Direct Newton iteration succeeded in finding operating point.

.step idx=4365
Direct Newton iteration succeeded in finding operating point.

.step idx=4366
Direct Newton iteration succeeded in finding operating point.

.step idx=4367
Direct Newton iteration succeeded in finding operating point.

.step idx=4368
Direct Newton iteration succeeded in finding operating point.

.step idx=4369
Direct Newton iteration succeeded in finding operating point.

.step idx=4370
Direct Newton iteration succeeded in finding operating point.

.step idx=4371
Direct Newton iteration succeeded in finding operating point.

.step idx=4372
Direct Newton iteration succeeded in finding operating point.

.step idx=4373
Direct Newton iteration succeeded in finding operating point.

.step idx=4374
Direct Newton iteration succeeded in finding operating point.

.step idx=4375
Direct Newton iteration succeeded in finding operating point.

.step idx=4376
Direct Newton iteration succeeded in finding operating point.

.step idx=4377
Direct Newton iteration succeeded in finding operating point.

.step idx=4378
Direct Newton iteration succeeded in finding operating point.

.step idx=4379
Direct Newton iteration succeeded in finding operating point.

.step idx=4380
Direct Newton iteration succeeded in finding operating point.

.step idx=4381
Direct Newton iteration succeeded in finding operating point.

.step idx=4382
Direct Newton iteration succeeded in finding operating point.

.step idx=4383
Direct Newton iteration succeeded in finding operating point.

.step idx=4384
Direct Newton iteration succeeded in finding operating point.

.step idx=4385
Direct Newton iteration succeeded in finding operating point.

.step idx=4386
Direct Newton iteration succeeded in finding operating point.

.step idx=4387
Direct Newton iteration succeeded in finding operating point.

.step idx=4388
Direct Newton iteration succeeded in finding operating point.

.step idx=4389
Direct Newton iteration succeeded in finding operating point.

.step idx=4390
Direct Newton iteration succeeded in finding operating point.

.step idx=4391
Direct Newton iteration succeeded in finding operating point.

.step idx=4392
Direct Newton iteration succeeded in finding operating point.

.step idx=4393
Direct Newton iteration succeeded in finding operating point.

.step idx=4394
Direct Newton iteration succeeded in finding operating point.

.step idx=4395
Direct Newton iteration succeeded in finding operating point.

.step idx=4396
Direct Newton iteration succeeded in finding operating point.

.step idx=4397
Direct Newton iteration succeeded in finding operating point.

.step idx=4398
Direct Newton iteration succeeded in finding operating point.

.step idx=4399
Direct Newton iteration succeeded in finding operating point.

.step idx=4400
Direct Newton iteration succeeded in finding operating point.

.step idx=4401
Direct Newton iteration succeeded in finding operating point.

.step idx=4402
Direct Newton iteration succeeded in finding operating point.

.step idx=4403
Direct Newton iteration succeeded in finding operating point.

.step idx=4404
Direct Newton iteration succeeded in finding operating point.

.step idx=4405
Direct Newton iteration succeeded in finding operating point.

.step idx=4406
Direct Newton iteration succeeded in finding operating point.

.step idx=4407
Direct Newton iteration succeeded in finding operating point.

.step idx=4408
Direct Newton iteration succeeded in finding operating point.

.step idx=4409
Direct Newton iteration succeeded in finding operating point.

.step idx=4410
Direct Newton iteration succeeded in finding operating point.

.step idx=4411
Direct Newton iteration succeeded in finding operating point.

.step idx=4412
Direct Newton iteration succeeded in finding operating point.

.step idx=4413
Direct Newton iteration succeeded in finding operating point.

.step idx=4414
Direct Newton iteration succeeded in finding operating point.

.step idx=4415
Direct Newton iteration succeeded in finding operating point.

.step idx=4416
Direct Newton iteration succeeded in finding operating point.

.step idx=4417
Direct Newton iteration succeeded in finding operating point.

.step idx=4418
Direct Newton iteration succeeded in finding operating point.

.step idx=4419
Direct Newton iteration succeeded in finding operating point.

.step idx=4420
Direct Newton iteration succeeded in finding operating point.

.step idx=4421
Direct Newton iteration succeeded in finding operating point.

.step idx=4422
Direct Newton iteration succeeded in finding operating point.

.step idx=4423
Direct Newton iteration succeeded in finding operating point.

.step idx=4424
Direct Newton iteration succeeded in finding operating point.

.step idx=4425
Direct Newton iteration succeeded in finding operating point.

.step idx=4426
Direct Newton iteration succeeded in finding operating point.

.step idx=4427
Direct Newton iteration succeeded in finding operating point.

.step idx=4428
Direct Newton iteration succeeded in finding operating point.

.step idx=4429
Direct Newton iteration succeeded in finding operating point.

.step idx=4430
Direct Newton iteration succeeded in finding operating point.

.step idx=4431
Direct Newton iteration succeeded in finding operating point.

.step idx=4432
Direct Newton iteration succeeded in finding operating point.

.step idx=4433
Direct Newton iteration succeeded in finding operating point.

.step idx=4434
Direct Newton iteration succeeded in finding operating point.

.step idx=4435
Direct Newton iteration succeeded in finding operating point.

.step idx=4436
Direct Newton iteration succeeded in finding operating point.

.step idx=4437
Direct Newton iteration succeeded in finding operating point.

.step idx=4438
Direct Newton iteration succeeded in finding operating point.

.step idx=4439
Direct Newton iteration succeeded in finding operating point.

.step idx=4440
Direct Newton iteration succeeded in finding operating point.

.step idx=4441
Direct Newton iteration succeeded in finding operating point.

.step idx=4442
Direct Newton iteration succeeded in finding operating point.

.step idx=4443
Direct Newton iteration succeeded in finding operating point.

.step idx=4444
Direct Newton iteration succeeded in finding operating point.

.step idx=4445
Direct Newton iteration succeeded in finding operating point.

.step idx=4446
Direct Newton iteration succeeded in finding operating point.

.step idx=4447
Direct Newton iteration succeeded in finding operating point.

.step idx=4448
Direct Newton iteration succeeded in finding operating point.

.step idx=4449
Direct Newton iteration succeeded in finding operating point.

.step idx=4450
Direct Newton iteration succeeded in finding operating point.

.step idx=4451
Direct Newton iteration succeeded in finding operating point.

.step idx=4452
Direct Newton iteration succeeded in finding operating point.

.step idx=4453
Direct Newton iteration succeeded in finding operating point.

.step idx=4454
Direct Newton iteration succeeded in finding operating point.

.step idx=4455
Direct Newton iteration succeeded in finding operating point.

.step idx=4456
Direct Newton iteration succeeded in finding operating point.

.step idx=4457
Direct Newton iteration succeeded in finding operating point.

.step idx=4458
Direct Newton iteration succeeded in finding operating point.

.step idx=4459
Direct Newton iteration succeeded in finding operating point.

.step idx=4460
Direct Newton iteration succeeded in finding operating point.

.step idx=4461
Direct Newton iteration succeeded in finding operating point.

.step idx=4462
Direct Newton iteration succeeded in finding operating point.

.step idx=4463
Direct Newton iteration succeeded in finding operating point.

.step idx=4464
Direct Newton iteration succeeded in finding operating point.

.step idx=4465
Direct Newton iteration succeeded in finding operating point.

.step idx=4466
Direct Newton iteration succeeded in finding operating point.

.step idx=4467
Direct Newton iteration succeeded in finding operating point.

.step idx=4468
Direct Newton iteration succeeded in finding operating point.

.step idx=4469
Direct Newton iteration succeeded in finding operating point.

.step idx=4470
Direct Newton iteration succeeded in finding operating point.

.step idx=4471
Direct Newton iteration succeeded in finding operating point.

.step idx=4472
Direct Newton iteration succeeded in finding operating point.

.step idx=4473
Direct Newton iteration succeeded in finding operating point.

.step idx=4474
Direct Newton iteration succeeded in finding operating point.

.step idx=4475
Direct Newton iteration succeeded in finding operating point.

.step idx=4476
Direct Newton iteration succeeded in finding operating point.

.step idx=4477
Direct Newton iteration succeeded in finding operating point.

.step idx=4478
Direct Newton iteration succeeded in finding operating point.

.step idx=4479
Direct Newton iteration succeeded in finding operating point.

.step idx=4480
Direct Newton iteration succeeded in finding operating point.

.step idx=4481
Direct Newton iteration succeeded in finding operating point.

.step idx=4482
Direct Newton iteration succeeded in finding operating point.

.step idx=4483
Direct Newton iteration succeeded in finding operating point.

.step idx=4484
Direct Newton iteration succeeded in finding operating point.

.step idx=4485
Direct Newton iteration succeeded in finding operating point.

.step idx=4486
Direct Newton iteration succeeded in finding operating point.

.step idx=4487
Direct Newton iteration succeeded in finding operating point.

.step idx=4488
Direct Newton iteration succeeded in finding operating point.

.step idx=4489
Direct Newton iteration succeeded in finding operating point.

.step idx=4490
Direct Newton iteration succeeded in finding operating point.

.step idx=4491
Direct Newton iteration succeeded in finding operating point.

.step idx=4492
Direct Newton iteration succeeded in finding operating point.

.step idx=4493
Direct Newton iteration succeeded in finding operating point.

.step idx=4494
Direct Newton iteration succeeded in finding operating point.

.step idx=4495
Direct Newton iteration succeeded in finding operating point.

.step idx=4496
Direct Newton iteration succeeded in finding operating point.

.step idx=4497
Direct Newton iteration succeeded in finding operating point.

.step idx=4498
Direct Newton iteration succeeded in finding operating point.

.step idx=4499
Direct Newton iteration succeeded in finding operating point.

.step idx=4500
Direct Newton iteration succeeded in finding operating point.

.step idx=4501
Direct Newton iteration succeeded in finding operating point.

.step idx=4502
Direct Newton iteration succeeded in finding operating point.

.step idx=4503
Direct Newton iteration succeeded in finding operating point.

.step idx=4504
Direct Newton iteration succeeded in finding operating point.

.step idx=4505
Direct Newton iteration succeeded in finding operating point.

.step idx=4506
Direct Newton iteration succeeded in finding operating point.

.step idx=4507
Direct Newton iteration succeeded in finding operating point.

.step idx=4508
Direct Newton iteration succeeded in finding operating point.

.step idx=4509
Direct Newton iteration succeeded in finding operating point.

.step idx=4510
Direct Newton iteration succeeded in finding operating point.

.step idx=4511
Direct Newton iteration succeeded in finding operating point.

.step idx=4512
Direct Newton iteration succeeded in finding operating point.

.step idx=4513
Direct Newton iteration succeeded in finding operating point.

.step idx=4514
Direct Newton iteration succeeded in finding operating point.

.step idx=4515
Direct Newton iteration succeeded in finding operating point.

.step idx=4516
Direct Newton iteration succeeded in finding operating point.

.step idx=4517
Direct Newton iteration succeeded in finding operating point.

.step idx=4518
Direct Newton iteration succeeded in finding operating point.

.step idx=4519
Direct Newton iteration succeeded in finding operating point.

.step idx=4520
Direct Newton iteration succeeded in finding operating point.

.step idx=4521
Direct Newton iteration succeeded in finding operating point.

.step idx=4522
Direct Newton iteration succeeded in finding operating point.

.step idx=4523
Direct Newton iteration succeeded in finding operating point.

.step idx=4524
Direct Newton iteration succeeded in finding operating point.

.step idx=4525
Direct Newton iteration succeeded in finding operating point.

.step idx=4526
Direct Newton iteration succeeded in finding operating point.

.step idx=4527
Direct Newton iteration succeeded in finding operating point.

.step idx=4528
Direct Newton iteration succeeded in finding operating point.

.step idx=4529
Direct Newton iteration succeeded in finding operating point.

.step idx=4530
Direct Newton iteration succeeded in finding operating point.

.step idx=4531
Direct Newton iteration succeeded in finding operating point.

.step idx=4532
Direct Newton iteration succeeded in finding operating point.

.step idx=4533
Direct Newton iteration succeeded in finding operating point.

.step idx=4534
Direct Newton iteration succeeded in finding operating point.

.step idx=4535
Direct Newton iteration succeeded in finding operating point.

.step idx=4536
Direct Newton iteration succeeded in finding operating point.

.step idx=4537
Direct Newton iteration succeeded in finding operating point.

.step idx=4538
Direct Newton iteration succeeded in finding operating point.

.step idx=4539
Direct Newton iteration succeeded in finding operating point.

.step idx=4540
Direct Newton iteration succeeded in finding operating point.

.step idx=4541
Direct Newton iteration succeeded in finding operating point.

.step idx=4542
Direct Newton iteration succeeded in finding operating point.

.step idx=4543
Direct Newton iteration succeeded in finding operating point.

.step idx=4544
Direct Newton iteration succeeded in finding operating point.

.step idx=4545
Direct Newton iteration succeeded in finding operating point.

.step idx=4546
Direct Newton iteration succeeded in finding operating point.

.step idx=4547
Direct Newton iteration succeeded in finding operating point.

.step idx=4548
Direct Newton iteration succeeded in finding operating point.

.step idx=4549
Direct Newton iteration succeeded in finding operating point.

.step idx=4550
Direct Newton iteration succeeded in finding operating point.

.step idx=4551
Direct Newton iteration succeeded in finding operating point.

.step idx=4552
Direct Newton iteration succeeded in finding operating point.

.step idx=4553
Direct Newton iteration succeeded in finding operating point.

.step idx=4554
Direct Newton iteration succeeded in finding operating point.

.step idx=4555
Direct Newton iteration succeeded in finding operating point.

.step idx=4556
Direct Newton iteration succeeded in finding operating point.

.step idx=4557
Direct Newton iteration succeeded in finding operating point.

.step idx=4558
Direct Newton iteration succeeded in finding operating point.

.step idx=4559
Direct Newton iteration succeeded in finding operating point.

.step idx=4560
Direct Newton iteration succeeded in finding operating point.

.step idx=4561
Direct Newton iteration succeeded in finding operating point.

.step idx=4562
Direct Newton iteration succeeded in finding operating point.

.step idx=4563
Direct Newton iteration succeeded in finding operating point.

.step idx=4564
Direct Newton iteration succeeded in finding operating point.

.step idx=4565
Direct Newton iteration succeeded in finding operating point.

.step idx=4566
Direct Newton iteration succeeded in finding operating point.

.step idx=4567
Direct Newton iteration succeeded in finding operating point.

.step idx=4568
Direct Newton iteration succeeded in finding operating point.

.step idx=4569
Direct Newton iteration succeeded in finding operating point.

.step idx=4570
Direct Newton iteration succeeded in finding operating point.

.step idx=4571
Direct Newton iteration succeeded in finding operating point.

.step idx=4572
Direct Newton iteration succeeded in finding operating point.

.step idx=4573
Direct Newton iteration succeeded in finding operating point.

.step idx=4574
Direct Newton iteration succeeded in finding operating point.

.step idx=4575
Direct Newton iteration succeeded in finding operating point.

.step idx=4576
Direct Newton iteration succeeded in finding operating point.

.step idx=4577
Direct Newton iteration succeeded in finding operating point.

.step idx=4578
Direct Newton iteration succeeded in finding operating point.

.step idx=4579
Direct Newton iteration succeeded in finding operating point.

.step idx=4580
Direct Newton iteration succeeded in finding operating point.

.step idx=4581
Direct Newton iteration succeeded in finding operating point.

.step idx=4582
Direct Newton iteration succeeded in finding operating point.

.step idx=4583
Direct Newton iteration succeeded in finding operating point.

.step idx=4584
Direct Newton iteration succeeded in finding operating point.

.step idx=4585
Direct Newton iteration succeeded in finding operating point.

.step idx=4586
Direct Newton iteration succeeded in finding operating point.

.step idx=4587
Direct Newton iteration succeeded in finding operating point.

.step idx=4588
Direct Newton iteration succeeded in finding operating point.

.step idx=4589
Direct Newton iteration succeeded in finding operating point.

.step idx=4590
Direct Newton iteration succeeded in finding operating point.

.step idx=4591
Direct Newton iteration succeeded in finding operating point.

.step idx=4592
Direct Newton iteration succeeded in finding operating point.

.step idx=4593
Direct Newton iteration succeeded in finding operating point.

.step idx=4594
Direct Newton iteration succeeded in finding operating point.

.step idx=4595
Direct Newton iteration succeeded in finding operating point.

.step idx=4596
Direct Newton iteration succeeded in finding operating point.

.step idx=4597
Direct Newton iteration succeeded in finding operating point.

.step idx=4598
Direct Newton iteration succeeded in finding operating point.

.step idx=4599
Direct Newton iteration succeeded in finding operating point.

.step idx=4600
Direct Newton iteration succeeded in finding operating point.

.step idx=4601
Direct Newton iteration succeeded in finding operating point.

.step idx=4602
Direct Newton iteration succeeded in finding operating point.

.step idx=4603
Direct Newton iteration succeeded in finding operating point.

.step idx=4604
Direct Newton iteration succeeded in finding operating point.

.step idx=4605
Direct Newton iteration succeeded in finding operating point.

.step idx=4606
Direct Newton iteration succeeded in finding operating point.

.step idx=4607
Direct Newton iteration succeeded in finding operating point.

.step idx=4608
Direct Newton iteration succeeded in finding operating point.

.step idx=4609
Direct Newton iteration succeeded in finding operating point.

.step idx=4610
Direct Newton iteration succeeded in finding operating point.

.step idx=4611
Direct Newton iteration succeeded in finding operating point.

.step idx=4612
Direct Newton iteration succeeded in finding operating point.

.step idx=4613
Direct Newton iteration succeeded in finding operating point.

.step idx=4614
Direct Newton iteration succeeded in finding operating point.

.step idx=4615
Direct Newton iteration succeeded in finding operating point.

.step idx=4616
Direct Newton iteration succeeded in finding operating point.

.step idx=4617
Direct Newton iteration succeeded in finding operating point.

.step idx=4618
Direct Newton iteration succeeded in finding operating point.

.step idx=4619
Direct Newton iteration succeeded in finding operating point.

.step idx=4620
Direct Newton iteration succeeded in finding operating point.

.step idx=4621
Direct Newton iteration succeeded in finding operating point.

.step idx=4622
Direct Newton iteration succeeded in finding operating point.

.step idx=4623
Direct Newton iteration succeeded in finding operating point.

.step idx=4624
Direct Newton iteration succeeded in finding operating point.

.step idx=4625
Direct Newton iteration succeeded in finding operating point.

.step idx=4626
Direct Newton iteration succeeded in finding operating point.

.step idx=4627
Direct Newton iteration succeeded in finding operating point.

.step idx=4628
Direct Newton iteration succeeded in finding operating point.

.step idx=4629
Direct Newton iteration succeeded in finding operating point.

.step idx=4630
Direct Newton iteration succeeded in finding operating point.

.step idx=4631
Direct Newton iteration succeeded in finding operating point.

.step idx=4632
Direct Newton iteration succeeded in finding operating point.

.step idx=4633
Direct Newton iteration succeeded in finding operating point.

.step idx=4634
Direct Newton iteration succeeded in finding operating point.

.step idx=4635
Direct Newton iteration succeeded in finding operating point.

.step idx=4636
Direct Newton iteration succeeded in finding operating point.

.step idx=4637
Direct Newton iteration succeeded in finding operating point.

.step idx=4638
Direct Newton iteration succeeded in finding operating point.

.step idx=4639
Direct Newton iteration succeeded in finding operating point.

.step idx=4640
Direct Newton iteration succeeded in finding operating point.

.step idx=4641
Direct Newton iteration succeeded in finding operating point.

.step idx=4642
Direct Newton iteration succeeded in finding operating point.

.step idx=4643
Direct Newton iteration succeeded in finding operating point.

.step idx=4644
Direct Newton iteration succeeded in finding operating point.

.step idx=4645
Direct Newton iteration succeeded in finding operating point.

.step idx=4646
Direct Newton iteration succeeded in finding operating point.

.step idx=4647
Direct Newton iteration succeeded in finding operating point.

.step idx=4648
Direct Newton iteration succeeded in finding operating point.

.step idx=4649
Direct Newton iteration succeeded in finding operating point.

.step idx=4650
Direct Newton iteration succeeded in finding operating point.

.step idx=4651
Direct Newton iteration succeeded in finding operating point.

.step idx=4652
Direct Newton iteration succeeded in finding operating point.

.step idx=4653
Direct Newton iteration succeeded in finding operating point.

.step idx=4654
Direct Newton iteration succeeded in finding operating point.

.step idx=4655
Direct Newton iteration succeeded in finding operating point.

.step idx=4656
Direct Newton iteration succeeded in finding operating point.

.step idx=4657
Direct Newton iteration succeeded in finding operating point.

.step idx=4658
Direct Newton iteration succeeded in finding operating point.

.step idx=4659
Direct Newton iteration succeeded in finding operating point.

.step idx=4660
Direct Newton iteration succeeded in finding operating point.

.step idx=4661
Direct Newton iteration succeeded in finding operating point.

.step idx=4662
Direct Newton iteration succeeded in finding operating point.

.step idx=4663
Direct Newton iteration succeeded in finding operating point.

.step idx=4664
Direct Newton iteration succeeded in finding operating point.

.step idx=4665
Direct Newton iteration succeeded in finding operating point.

.step idx=4666
Direct Newton iteration succeeded in finding operating point.

.step idx=4667
Direct Newton iteration succeeded in finding operating point.

.step idx=4668
Direct Newton iteration succeeded in finding operating point.

.step idx=4669
Direct Newton iteration succeeded in finding operating point.

.step idx=4670
Direct Newton iteration succeeded in finding operating point.

.step idx=4671
Direct Newton iteration succeeded in finding operating point.

.step idx=4672
Direct Newton iteration succeeded in finding operating point.

.step idx=4673
Direct Newton iteration succeeded in finding operating point.

.step idx=4674
Direct Newton iteration succeeded in finding operating point.

.step idx=4675
Direct Newton iteration succeeded in finding operating point.

.step idx=4676
Direct Newton iteration succeeded in finding operating point.

.step idx=4677
Direct Newton iteration succeeded in finding operating point.

.step idx=4678
Direct Newton iteration succeeded in finding operating point.

.step idx=4679
Direct Newton iteration succeeded in finding operating point.

.step idx=4680
Direct Newton iteration succeeded in finding operating point.

.step idx=4681
Direct Newton iteration succeeded in finding operating point.

.step idx=4682
Direct Newton iteration succeeded in finding operating point.

.step idx=4683
Direct Newton iteration succeeded in finding operating point.

.step idx=4684
Direct Newton iteration succeeded in finding operating point.

.step idx=4685
Direct Newton iteration succeeded in finding operating point.

.step idx=4686
Direct Newton iteration succeeded in finding operating point.

.step idx=4687
Direct Newton iteration succeeded in finding operating point.

.step idx=4688
Direct Newton iteration succeeded in finding operating point.

.step idx=4689
Direct Newton iteration succeeded in finding operating point.

.step idx=4690
Direct Newton iteration succeeded in finding operating point.

.step idx=4691
Direct Newton iteration succeeded in finding operating point.

.step idx=4692
Direct Newton iteration succeeded in finding operating point.

.step idx=4693
Direct Newton iteration succeeded in finding operating point.

.step idx=4694
Direct Newton iteration succeeded in finding operating point.

.step idx=4695
Direct Newton iteration succeeded in finding operating point.

.step idx=4696
Direct Newton iteration succeeded in finding operating point.

.step idx=4697
Direct Newton iteration succeeded in finding operating point.

.step idx=4698
Direct Newton iteration succeeded in finding operating point.

.step idx=4699
Direct Newton iteration succeeded in finding operating point.

.step idx=4700
Direct Newton iteration succeeded in finding operating point.

.step idx=4701
Direct Newton iteration succeeded in finding operating point.

.step idx=4702
Direct Newton iteration succeeded in finding operating point.

.step idx=4703
Direct Newton iteration succeeded in finding operating point.

.step idx=4704
Direct Newton iteration succeeded in finding operating point.

.step idx=4705
Direct Newton iteration succeeded in finding operating point.

.step idx=4706
Direct Newton iteration succeeded in finding operating point.

.step idx=4707
Direct Newton iteration succeeded in finding operating point.

.step idx=4708
Direct Newton iteration succeeded in finding operating point.

.step idx=4709
Direct Newton iteration succeeded in finding operating point.

.step idx=4710
Direct Newton iteration succeeded in finding operating point.

.step idx=4711
Direct Newton iteration succeeded in finding operating point.

.step idx=4712
Direct Newton iteration succeeded in finding operating point.

.step idx=4713
Direct Newton iteration succeeded in finding operating point.

.step idx=4714
Direct Newton iteration succeeded in finding operating point.

.step idx=4715
Direct Newton iteration succeeded in finding operating point.

.step idx=4716
Direct Newton iteration succeeded in finding operating point.

.step idx=4717
Direct Newton iteration succeeded in finding operating point.

.step idx=4718
Direct Newton iteration succeeded in finding operating point.

.step idx=4719
Direct Newton iteration succeeded in finding operating point.

.step idx=4720
Direct Newton iteration succeeded in finding operating point.

.step idx=4721
Direct Newton iteration succeeded in finding operating point.

.step idx=4722
Direct Newton iteration succeeded in finding operating point.

.step idx=4723
Direct Newton iteration succeeded in finding operating point.

.step idx=4724
Direct Newton iteration succeeded in finding operating point.

.step idx=4725
Direct Newton iteration succeeded in finding operating point.

.step idx=4726
Direct Newton iteration succeeded in finding operating point.

.step idx=4727
Direct Newton iteration succeeded in finding operating point.

.step idx=4728
Direct Newton iteration succeeded in finding operating point.

.step idx=4729
Direct Newton iteration succeeded in finding operating point.

.step idx=4730
Direct Newton iteration succeeded in finding operating point.

.step idx=4731
Direct Newton iteration succeeded in finding operating point.

.step idx=4732
Direct Newton iteration succeeded in finding operating point.

.step idx=4733
Direct Newton iteration succeeded in finding operating point.

.step idx=4734
Direct Newton iteration succeeded in finding operating point.

.step idx=4735
Direct Newton iteration succeeded in finding operating point.

.step idx=4736
Direct Newton iteration succeeded in finding operating point.

.step idx=4737
Direct Newton iteration succeeded in finding operating point.

.step idx=4738
Direct Newton iteration succeeded in finding operating point.

.step idx=4739
Direct Newton iteration succeeded in finding operating point.

.step idx=4740
Direct Newton iteration succeeded in finding operating point.

.step idx=4741
Direct Newton iteration succeeded in finding operating point.

.step idx=4742
Direct Newton iteration succeeded in finding operating point.

.step idx=4743
Direct Newton iteration succeeded in finding operating point.

.step idx=4744
Direct Newton iteration succeeded in finding operating point.

.step idx=4745
Direct Newton iteration succeeded in finding operating point.

.step idx=4746
Direct Newton iteration succeeded in finding operating point.

.step idx=4747
Direct Newton iteration succeeded in finding operating point.

.step idx=4748
Direct Newton iteration succeeded in finding operating point.

.step idx=4749
Direct Newton iteration succeeded in finding operating point.

.step idx=4750
Direct Newton iteration succeeded in finding operating point.

.step idx=4751
Direct Newton iteration succeeded in finding operating point.

.step idx=4752
Direct Newton iteration succeeded in finding operating point.

.step idx=4753
Direct Newton iteration succeeded in finding operating point.

.step idx=4754
Direct Newton iteration succeeded in finding operating point.

.step idx=4755
Direct Newton iteration succeeded in finding operating point.

.step idx=4756
Direct Newton iteration succeeded in finding operating point.

.step idx=4757
Direct Newton iteration succeeded in finding operating point.

.step idx=4758
Direct Newton iteration succeeded in finding operating point.

.step idx=4759
Direct Newton iteration succeeded in finding operating point.

.step idx=4760
Direct Newton iteration succeeded in finding operating point.

.step idx=4761
Direct Newton iteration succeeded in finding operating point.

.step idx=4762
Direct Newton iteration succeeded in finding operating point.

.step idx=4763
Direct Newton iteration succeeded in finding operating point.

.step idx=4764
Direct Newton iteration succeeded in finding operating point.

.step idx=4765
Direct Newton iteration succeeded in finding operating point.

.step idx=4766
Direct Newton iteration succeeded in finding operating point.

.step idx=4767
Direct Newton iteration succeeded in finding operating point.

.step idx=4768
Direct Newton iteration succeeded in finding operating point.

.step idx=4769
Direct Newton iteration succeeded in finding operating point.

.step idx=4770
Direct Newton iteration succeeded in finding operating point.

.step idx=4771
Direct Newton iteration succeeded in finding operating point.

.step idx=4772
Direct Newton iteration succeeded in finding operating point.

.step idx=4773
Direct Newton iteration succeeded in finding operating point.

.step idx=4774
Direct Newton iteration succeeded in finding operating point.

.step idx=4775
Direct Newton iteration succeeded in finding operating point.

.step idx=4776
Direct Newton iteration succeeded in finding operating point.

.step idx=4777
Direct Newton iteration succeeded in finding operating point.

.step idx=4778
Direct Newton iteration succeeded in finding operating point.

.step idx=4779
Direct Newton iteration succeeded in finding operating point.

.step idx=4780
Direct Newton iteration succeeded in finding operating point.

.step idx=4781
Direct Newton iteration succeeded in finding operating point.

.step idx=4782
Direct Newton iteration succeeded in finding operating point.

.step idx=4783
Direct Newton iteration succeeded in finding operating point.

.step idx=4784
Direct Newton iteration succeeded in finding operating point.

.step idx=4785
Direct Newton iteration succeeded in finding operating point.

.step idx=4786
Direct Newton iteration succeeded in finding operating point.

.step idx=4787
Direct Newton iteration succeeded in finding operating point.

.step idx=4788
Direct Newton iteration succeeded in finding operating point.

.step idx=4789
Direct Newton iteration succeeded in finding operating point.

.step idx=4790
Direct Newton iteration succeeded in finding operating point.

.step idx=4791
Direct Newton iteration succeeded in finding operating point.

.step idx=4792
Direct Newton iteration succeeded in finding operating point.

.step idx=4793
Direct Newton iteration succeeded in finding operating point.

.step idx=4794
Direct Newton iteration succeeded in finding operating point.

.step idx=4795
Direct Newton iteration succeeded in finding operating point.

.step idx=4796
Direct Newton iteration succeeded in finding operating point.

.step idx=4797
Direct Newton iteration succeeded in finding operating point.

.step idx=4798
Direct Newton iteration succeeded in finding operating point.

.step idx=4799
Direct Newton iteration succeeded in finding operating point.

.step idx=4800
Direct Newton iteration succeeded in finding operating point.

.step idx=4801
Direct Newton iteration succeeded in finding operating point.

.step idx=4802
Direct Newton iteration succeeded in finding operating point.

.step idx=4803
Direct Newton iteration succeeded in finding operating point.

.step idx=4804
Direct Newton iteration succeeded in finding operating point.

.step idx=4805
Direct Newton iteration succeeded in finding operating point.

.step idx=4806
Direct Newton iteration succeeded in finding operating point.

.step idx=4807
Direct Newton iteration succeeded in finding operating point.

.step idx=4808
Direct Newton iteration succeeded in finding operating point.

.step idx=4809
Direct Newton iteration succeeded in finding operating point.

.step idx=4810
Direct Newton iteration succeeded in finding operating point.

.step idx=4811
Direct Newton iteration succeeded in finding operating point.

.step idx=4812
Direct Newton iteration succeeded in finding operating point.

.step idx=4813
Direct Newton iteration succeeded in finding operating point.

.step idx=4814
Direct Newton iteration succeeded in finding operating point.

.step idx=4815
Direct Newton iteration succeeded in finding operating point.

.step idx=4816
Direct Newton iteration succeeded in finding operating point.

.step idx=4817
Direct Newton iteration succeeded in finding operating point.

.step idx=4818
Direct Newton iteration succeeded in finding operating point.

.step idx=4819
Direct Newton iteration succeeded in finding operating point.

.step idx=4820
Direct Newton iteration succeeded in finding operating point.

.step idx=4821
Direct Newton iteration succeeded in finding operating point.

.step idx=4822
Direct Newton iteration succeeded in finding operating point.

.step idx=4823
Direct Newton iteration succeeded in finding operating point.

.step idx=4824
Direct Newton iteration succeeded in finding operating point.

.step idx=4825
Direct Newton iteration succeeded in finding operating point.

.step idx=4826
Direct Newton iteration succeeded in finding operating point.

.step idx=4827
Direct Newton iteration succeeded in finding operating point.

.step idx=4828
Direct Newton iteration succeeded in finding operating point.

.step idx=4829
Direct Newton iteration succeeded in finding operating point.

.step idx=4830
Direct Newton iteration succeeded in finding operating point.

.step idx=4831
Direct Newton iteration succeeded in finding operating point.

.step idx=4832
Direct Newton iteration succeeded in finding operating point.

.step idx=4833
Direct Newton iteration succeeded in finding operating point.

.step idx=4834
Direct Newton iteration succeeded in finding operating point.

.step idx=4835
Direct Newton iteration succeeded in finding operating point.

.step idx=4836
Direct Newton iteration succeeded in finding operating point.

.step idx=4837
Direct Newton iteration succeeded in finding operating point.

.step idx=4838
Direct Newton iteration succeeded in finding operating point.

.step idx=4839
Direct Newton iteration succeeded in finding operating point.

.step idx=4840
Direct Newton iteration succeeded in finding operating point.

.step idx=4841
Direct Newton iteration succeeded in finding operating point.

.step idx=4842
Direct Newton iteration succeeded in finding operating point.

.step idx=4843
Direct Newton iteration succeeded in finding operating point.

.step idx=4844
Direct Newton iteration succeeded in finding operating point.

.step idx=4845
Direct Newton iteration succeeded in finding operating point.

.step idx=4846
Direct Newton iteration succeeded in finding operating point.

.step idx=4847
Direct Newton iteration succeeded in finding operating point.

.step idx=4848
Direct Newton iteration succeeded in finding operating point.

.step idx=4849
Direct Newton iteration succeeded in finding operating point.

.step idx=4850
Direct Newton iteration succeeded in finding operating point.

.step idx=4851
Direct Newton iteration succeeded in finding operating point.

.step idx=4852
Direct Newton iteration succeeded in finding operating point.

.step idx=4853
Direct Newton iteration succeeded in finding operating point.

.step idx=4854
Direct Newton iteration succeeded in finding operating point.

.step idx=4855
Direct Newton iteration succeeded in finding operating point.

.step idx=4856
Direct Newton iteration succeeded in finding operating point.

.step idx=4857
Direct Newton iteration succeeded in finding operating point.

.step idx=4858
Direct Newton iteration succeeded in finding operating point.

.step idx=4859
Direct Newton iteration succeeded in finding operating point.

.step idx=4860
Direct Newton iteration succeeded in finding operating point.

.step idx=4861
Direct Newton iteration succeeded in finding operating point.

.step idx=4862
Direct Newton iteration succeeded in finding operating point.

.step idx=4863
Direct Newton iteration succeeded in finding operating point.

.step idx=4864
Direct Newton iteration succeeded in finding operating point.

.step idx=4865
Direct Newton iteration succeeded in finding operating point.

.step idx=4866
Direct Newton iteration succeeded in finding operating point.

.step idx=4867
Direct Newton iteration succeeded in finding operating point.

.step idx=4868
Direct Newton iteration succeeded in finding operating point.

.step idx=4869
Direct Newton iteration succeeded in finding operating point.

.step idx=4870
Direct Newton iteration succeeded in finding operating point.

.step idx=4871
Direct Newton iteration succeeded in finding operating point.

.step idx=4872
Direct Newton iteration succeeded in finding operating point.

.step idx=4873
Direct Newton iteration succeeded in finding operating point.

.step idx=4874
Direct Newton iteration succeeded in finding operating point.

.step idx=4875
Direct Newton iteration succeeded in finding operating point.

.step idx=4876
Direct Newton iteration succeeded in finding operating point.

.step idx=4877
Direct Newton iteration succeeded in finding operating point.

.step idx=4878
Direct Newton iteration succeeded in finding operating point.

.step idx=4879
Direct Newton iteration succeeded in finding operating point.

.step idx=4880
Direct Newton iteration succeeded in finding operating point.

.step idx=4881
Direct Newton iteration succeeded in finding operating point.

.step idx=4882
Direct Newton iteration succeeded in finding operating point.

.step idx=4883
Direct Newton iteration succeeded in finding operating point.

.step idx=4884
Direct Newton iteration succeeded in finding operating point.

.step idx=4885
Direct Newton iteration succeeded in finding operating point.

.step idx=4886
Direct Newton iteration succeeded in finding operating point.

.step idx=4887
Direct Newton iteration succeeded in finding operating point.

.step idx=4888
Direct Newton iteration succeeded in finding operating point.

.step idx=4889
Direct Newton iteration succeeded in finding operating point.

.step idx=4890
Direct Newton iteration succeeded in finding operating point.

.step idx=4891
Direct Newton iteration succeeded in finding operating point.

.step idx=4892
Direct Newton iteration succeeded in finding operating point.

.step idx=4893
Direct Newton iteration succeeded in finding operating point.

.step idx=4894
Direct Newton iteration succeeded in finding operating point.

.step idx=4895
Direct Newton iteration succeeded in finding operating point.

.step idx=4896
Direct Newton iteration succeeded in finding operating point.

.step idx=4897
Direct Newton iteration succeeded in finding operating point.

.step idx=4898
Direct Newton iteration succeeded in finding operating point.

.step idx=4899
Direct Newton iteration succeeded in finding operating point.

.step idx=4900
Direct Newton iteration succeeded in finding operating point.

.step idx=4901
Direct Newton iteration succeeded in finding operating point.

.step idx=4902
Direct Newton iteration succeeded in finding operating point.

.step idx=4903
Direct Newton iteration succeeded in finding operating point.

.step idx=4904
Direct Newton iteration succeeded in finding operating point.

.step idx=4905
Direct Newton iteration succeeded in finding operating point.

.step idx=4906
Direct Newton iteration succeeded in finding operating point.

.step idx=4907
Direct Newton iteration succeeded in finding operating point.

.step idx=4908
Direct Newton iteration succeeded in finding operating point.

.step idx=4909
Direct Newton iteration succeeded in finding operating point.

.step idx=4910
Direct Newton iteration succeeded in finding operating point.

.step idx=4911
Direct Newton iteration succeeded in finding operating point.

.step idx=4912
Direct Newton iteration succeeded in finding operating point.

.step idx=4913
Direct Newton iteration succeeded in finding operating point.

.step idx=4914
Direct Newton iteration succeeded in finding operating point.

.step idx=4915
Direct Newton iteration succeeded in finding operating point.

.step idx=4916
Direct Newton iteration succeeded in finding operating point.

.step idx=4917
Direct Newton iteration succeeded in finding operating point.

.step idx=4918
Direct Newton iteration succeeded in finding operating point.

.step idx=4919
Direct Newton iteration succeeded in finding operating point.

.step idx=4920
Direct Newton iteration succeeded in finding operating point.

.step idx=4921
Direct Newton iteration succeeded in finding operating point.

.step idx=4922
Direct Newton iteration succeeded in finding operating point.

.step idx=4923
Direct Newton iteration succeeded in finding operating point.

.step idx=4924
Direct Newton iteration succeeded in finding operating point.

.step idx=4925
Direct Newton iteration succeeded in finding operating point.

.step idx=4926
Direct Newton iteration succeeded in finding operating point.

.step idx=4927
Direct Newton iteration succeeded in finding operating point.

.step idx=4928
Direct Newton iteration succeeded in finding operating point.

.step idx=4929
Direct Newton iteration succeeded in finding operating point.

.step idx=4930
Direct Newton iteration succeeded in finding operating point.

.step idx=4931
Direct Newton iteration succeeded in finding operating point.

.step idx=4932
Direct Newton iteration succeeded in finding operating point.

.step idx=4933
Direct Newton iteration succeeded in finding operating point.

.step idx=4934
Direct Newton iteration succeeded in finding operating point.

.step idx=4935
Direct Newton iteration succeeded in finding operating point.

.step idx=4936
Direct Newton iteration succeeded in finding operating point.

.step idx=4937
Direct Newton iteration succeeded in finding operating point.

.step idx=4938
Direct Newton iteration succeeded in finding operating point.

.step idx=4939
Direct Newton iteration succeeded in finding operating point.

.step idx=4940
Direct Newton iteration succeeded in finding operating point.

.step idx=4941
Direct Newton iteration succeeded in finding operating point.

.step idx=4942
Direct Newton iteration succeeded in finding operating point.

.step idx=4943
Direct Newton iteration succeeded in finding operating point.

.step idx=4944
Direct Newton iteration succeeded in finding operating point.

.step idx=4945
Direct Newton iteration succeeded in finding operating point.

.step idx=4946
Direct Newton iteration succeeded in finding operating point.

.step idx=4947
Direct Newton iteration succeeded in finding operating point.

.step idx=4948
Direct Newton iteration succeeded in finding operating point.

.step idx=4949
Direct Newton iteration succeeded in finding operating point.

.step idx=4950
Direct Newton iteration succeeded in finding operating point.

.step idx=4951
Direct Newton iteration succeeded in finding operating point.

.step idx=4952
Direct Newton iteration succeeded in finding operating point.

.step idx=4953
Direct Newton iteration succeeded in finding operating point.

.step idx=4954
Direct Newton iteration succeeded in finding operating point.

.step idx=4955
Direct Newton iteration succeeded in finding operating point.

.step idx=4956
Direct Newton iteration succeeded in finding operating point.

.step idx=4957
Direct Newton iteration succeeded in finding operating point.

.step idx=4958
Direct Newton iteration succeeded in finding operating point.

.step idx=4959
Direct Newton iteration succeeded in finding operating point.

.step idx=4960
Direct Newton iteration succeeded in finding operating point.

.step idx=4961
Direct Newton iteration succeeded in finding operating point.

.step idx=4962
Direct Newton iteration succeeded in finding operating point.

.step idx=4963
Direct Newton iteration succeeded in finding operating point.

.step idx=4964
Direct Newton iteration succeeded in finding operating point.

.step idx=4965
Direct Newton iteration succeeded in finding operating point.

.step idx=4966
Direct Newton iteration succeeded in finding operating point.

.step idx=4967
Direct Newton iteration succeeded in finding operating point.

.step idx=4968
Direct Newton iteration succeeded in finding operating point.

.step idx=4969
Direct Newton iteration succeeded in finding operating point.

.step idx=4970
Direct Newton iteration succeeded in finding operating point.

.step idx=4971
Direct Newton iteration succeeded in finding operating point.

.step idx=4972
Direct Newton iteration succeeded in finding operating point.

.step idx=4973
Direct Newton iteration succeeded in finding operating point.

.step idx=4974
Direct Newton iteration succeeded in finding operating point.

.step idx=4975
Direct Newton iteration succeeded in finding operating point.

.step idx=4976
Direct Newton iteration succeeded in finding operating point.

.step idx=4977
Direct Newton iteration succeeded in finding operating point.

.step idx=4978
Direct Newton iteration succeeded in finding operating point.

.step idx=4979
Direct Newton iteration succeeded in finding operating point.

.step idx=4980
Direct Newton iteration succeeded in finding operating point.

.step idx=4981
Direct Newton iteration succeeded in finding operating point.

.step idx=4982
Direct Newton iteration succeeded in finding operating point.

.step idx=4983
Direct Newton iteration succeeded in finding operating point.

.step idx=4984
Direct Newton iteration succeeded in finding operating point.

.step idx=4985
Direct Newton iteration succeeded in finding operating point.

.step idx=4986
Direct Newton iteration succeeded in finding operating point.

.step idx=4987
Direct Newton iteration succeeded in finding operating point.

.step idx=4988
Direct Newton iteration succeeded in finding operating point.

.step idx=4989
Direct Newton iteration succeeded in finding operating point.

.step idx=4990
Direct Newton iteration succeeded in finding operating point.

.step idx=4991
Direct Newton iteration succeeded in finding operating point.

.step idx=4992
Direct Newton iteration succeeded in finding operating point.

.step idx=4993
Direct Newton iteration succeeded in finding operating point.

.step idx=4994
Direct Newton iteration succeeded in finding operating point.

.step idx=4995
Direct Newton iteration succeeded in finding operating point.

.step idx=4996
Direct Newton iteration succeeded in finding operating point.

.step idx=4997
Direct Newton iteration succeeded in finding operating point.

.step idx=4998
Direct Newton iteration succeeded in finding operating point.

.step idx=4999
Direct Newton iteration succeeded in finding operating point.

.step idx=5000
Direct Newton iteration succeeded in finding operating point.

.step idx=5001
Direct Newton iteration succeeded in finding operating point.

.step idx=5002
Direct Newton iteration succeeded in finding operating point.

.step idx=5003
Direct Newton iteration succeeded in finding operating point.

.step idx=5004
Direct Newton iteration succeeded in finding operating point.

.step idx=5005
Direct Newton iteration succeeded in finding operating point.

.step idx=5006
Direct Newton iteration succeeded in finding operating point.

.step idx=5007
Direct Newton iteration succeeded in finding operating point.

.step idx=5008
Direct Newton iteration succeeded in finding operating point.

.step idx=5009
Direct Newton iteration succeeded in finding operating point.

.step idx=5010
Direct Newton iteration succeeded in finding operating point.

.step idx=5011
Direct Newton iteration succeeded in finding operating point.

.step idx=5012
Direct Newton iteration succeeded in finding operating point.

.step idx=5013
Direct Newton iteration succeeded in finding operating point.

.step idx=5014
Direct Newton iteration succeeded in finding operating point.

.step idx=5015
Direct Newton iteration succeeded in finding operating point.

.step idx=5016
Direct Newton iteration succeeded in finding operating point.

.step idx=5017
Direct Newton iteration succeeded in finding operating point.

.step idx=5018
Direct Newton iteration succeeded in finding operating point.

.step idx=5019
Direct Newton iteration succeeded in finding operating point.

.step idx=5020
Direct Newton iteration succeeded in finding operating point.

.step idx=5021
Direct Newton iteration succeeded in finding operating point.

.step idx=5022
Direct Newton iteration succeeded in finding operating point.

.step idx=5023
Direct Newton iteration succeeded in finding operating point.

.step idx=5024
Direct Newton iteration succeeded in finding operating point.

.step idx=5025
Direct Newton iteration succeeded in finding operating point.

.step idx=5026
Direct Newton iteration succeeded in finding operating point.

.step idx=5027
Direct Newton iteration succeeded in finding operating point.

.step idx=5028
Direct Newton iteration succeeded in finding operating point.

.step idx=5029
Direct Newton iteration succeeded in finding operating point.

.step idx=5030
Direct Newton iteration succeeded in finding operating point.

.step idx=5031
Direct Newton iteration succeeded in finding operating point.

.step idx=5032
Direct Newton iteration succeeded in finding operating point.

.step idx=5033
Direct Newton iteration succeeded in finding operating point.

.step idx=5034
Direct Newton iteration succeeded in finding operating point.

.step idx=5035
Direct Newton iteration succeeded in finding operating point.

.step idx=5036
Direct Newton iteration succeeded in finding operating point.

.step idx=5037
Direct Newton iteration succeeded in finding operating point.

.step idx=5038
Direct Newton iteration succeeded in finding operating point.

.step idx=5039
Direct Newton iteration succeeded in finding operating point.

.step idx=5040
Direct Newton iteration succeeded in finding operating point.

.step idx=5041
Direct Newton iteration succeeded in finding operating point.

.step idx=5042
Direct Newton iteration succeeded in finding operating point.

.step idx=5043
Direct Newton iteration succeeded in finding operating point.

.step idx=5044
Direct Newton iteration succeeded in finding operating point.

.step idx=5045
Direct Newton iteration succeeded in finding operating point.

.step idx=5046
Direct Newton iteration succeeded in finding operating point.

.step idx=5047
Direct Newton iteration succeeded in finding operating point.

.step idx=5048
Direct Newton iteration succeeded in finding operating point.

.step idx=5049
Direct Newton iteration succeeded in finding operating point.

.step idx=5050
Direct Newton iteration succeeded in finding operating point.

.step idx=5051
Direct Newton iteration succeeded in finding operating point.

.step idx=5052
Direct Newton iteration succeeded in finding operating point.

.step idx=5053
Direct Newton iteration succeeded in finding operating point.

.step idx=5054
Direct Newton iteration succeeded in finding operating point.

.step idx=5055
Direct Newton iteration succeeded in finding operating point.

.step idx=5056
Direct Newton iteration succeeded in finding operating point.

.step idx=5057
Direct Newton iteration succeeded in finding operating point.

.step idx=5058
Direct Newton iteration succeeded in finding operating point.

.step idx=5059
Direct Newton iteration succeeded in finding operating point.

.step idx=5060
Direct Newton iteration succeeded in finding operating point.

.step idx=5061
Direct Newton iteration succeeded in finding operating point.

.step idx=5062
Direct Newton iteration succeeded in finding operating point.

.step idx=5063
Direct Newton iteration succeeded in finding operating point.

.step idx=5064
Direct Newton iteration succeeded in finding operating point.

.step idx=5065
Direct Newton iteration succeeded in finding operating point.

.step idx=5066
Direct Newton iteration succeeded in finding operating point.

.step idx=5067
Direct Newton iteration succeeded in finding operating point.

.step idx=5068
Direct Newton iteration succeeded in finding operating point.

.step idx=5069
Direct Newton iteration succeeded in finding operating point.

.step idx=5070
Direct Newton iteration succeeded in finding operating point.

.step idx=5071
Direct Newton iteration succeeded in finding operating point.

.step idx=5072
Direct Newton iteration succeeded in finding operating point.

.step idx=5073
Direct Newton iteration succeeded in finding operating point.

.step idx=5074
Direct Newton iteration succeeded in finding operating point.

.step idx=5075
Direct Newton iteration succeeded in finding operating point.

.step idx=5076
Direct Newton iteration succeeded in finding operating point.

.step idx=5077
Direct Newton iteration succeeded in finding operating point.

.step idx=5078
Direct Newton iteration succeeded in finding operating point.

.step idx=5079
Direct Newton iteration succeeded in finding operating point.

.step idx=5080
Direct Newton iteration succeeded in finding operating point.

.step idx=5081
Direct Newton iteration succeeded in finding operating point.

.step idx=5082
Direct Newton iteration succeeded in finding operating point.

.step idx=5083
Direct Newton iteration succeeded in finding operating point.

.step idx=5084
Direct Newton iteration succeeded in finding operating point.

.step idx=5085
Direct Newton iteration succeeded in finding operating point.

.step idx=5086
Direct Newton iteration succeeded in finding operating point.

.step idx=5087
Direct Newton iteration succeeded in finding operating point.

.step idx=5088
Direct Newton iteration succeeded in finding operating point.

.step idx=5089
Direct Newton iteration succeeded in finding operating point.

.step idx=5090
Direct Newton iteration succeeded in finding operating point.

.step idx=5091
Direct Newton iteration succeeded in finding operating point.

.step idx=5092
Direct Newton iteration succeeded in finding operating point.

.step idx=5093
Direct Newton iteration succeeded in finding operating point.

.step idx=5094
Direct Newton iteration succeeded in finding operating point.

.step idx=5095
Direct Newton iteration succeeded in finding operating point.

.step idx=5096
Direct Newton iteration succeeded in finding operating point.

.step idx=5097
Direct Newton iteration succeeded in finding operating point.

.step idx=5098
Direct Newton iteration succeeded in finding operating point.

.step idx=5099
Direct Newton iteration succeeded in finding operating point.

.step idx=5100
Direct Newton iteration succeeded in finding operating point.

.step idx=5101
Direct Newton iteration succeeded in finding operating point.

.step idx=5102
Direct Newton iteration succeeded in finding operating point.

.step idx=5103
Direct Newton iteration succeeded in finding operating point.

.step idx=5104
Direct Newton iteration succeeded in finding operating point.

.step idx=5105
Direct Newton iteration succeeded in finding operating point.

.step idx=5106
Direct Newton iteration succeeded in finding operating point.

.step idx=5107
Direct Newton iteration succeeded in finding operating point.

.step idx=5108
Direct Newton iteration succeeded in finding operating point.

.step idx=5109
Direct Newton iteration succeeded in finding operating point.

.step idx=5110
Direct Newton iteration succeeded in finding operating point.

.step idx=5111
Direct Newton iteration succeeded in finding operating point.

.step idx=5112
Direct Newton iteration succeeded in finding operating point.

.step idx=5113
Direct Newton iteration succeeded in finding operating point.

.step idx=5114
Direct Newton iteration succeeded in finding operating point.

.step idx=5115
Direct Newton iteration succeeded in finding operating point.

.step idx=5116
Direct Newton iteration succeeded in finding operating point.

.step idx=5117
Direct Newton iteration succeeded in finding operating point.

.step idx=5118
Direct Newton iteration succeeded in finding operating point.

.step idx=5119
Direct Newton iteration succeeded in finding operating point.

.step idx=5120
Direct Newton iteration succeeded in finding operating point.

.step idx=5121
Direct Newton iteration succeeded in finding operating point.

.step idx=5122
Direct Newton iteration succeeded in finding operating point.

.step idx=5123
Direct Newton iteration succeeded in finding operating point.

.step idx=5124
Direct Newton iteration succeeded in finding operating point.

.step idx=5125
Direct Newton iteration succeeded in finding operating point.

.step idx=5126
Direct Newton iteration succeeded in finding operating point.

.step idx=5127
Direct Newton iteration succeeded in finding operating point.

.step idx=5128
Direct Newton iteration succeeded in finding operating point.

.step idx=5129
Direct Newton iteration succeeded in finding operating point.

.step idx=5130
Direct Newton iteration succeeded in finding operating point.

.step idx=5131
Direct Newton iteration succeeded in finding operating point.

.step idx=5132
Direct Newton iteration succeeded in finding operating point.

.step idx=5133
Direct Newton iteration succeeded in finding operating point.

.step idx=5134
Direct Newton iteration succeeded in finding operating point.

.step idx=5135
Direct Newton iteration succeeded in finding operating point.

.step idx=5136
Direct Newton iteration succeeded in finding operating point.

.step idx=5137
Direct Newton iteration succeeded in finding operating point.

.step idx=5138
Direct Newton iteration succeeded in finding operating point.

.step idx=5139
Direct Newton iteration succeeded in finding operating point.

.step idx=5140
Direct Newton iteration succeeded in finding operating point.

.step idx=5141
Direct Newton iteration succeeded in finding operating point.

.step idx=5142
Direct Newton iteration succeeded in finding operating point.

.step idx=5143
Direct Newton iteration succeeded in finding operating point.

.step idx=5144
Direct Newton iteration succeeded in finding operating point.

.step idx=5145
Direct Newton iteration succeeded in finding operating point.

.step idx=5146
Direct Newton iteration succeeded in finding operating point.

.step idx=5147
Direct Newton iteration succeeded in finding operating point.

.step idx=5148
Direct Newton iteration succeeded in finding operating point.

.step idx=5149
Direct Newton iteration succeeded in finding operating point.

.step idx=5150
Direct Newton iteration succeeded in finding operating point.

.step idx=5151
Direct Newton iteration succeeded in finding operating point.

.step idx=5152
Direct Newton iteration succeeded in finding operating point.

.step idx=5153
Direct Newton iteration succeeded in finding operating point.

.step idx=5154
Direct Newton iteration succeeded in finding operating point.

.step idx=5155
Direct Newton iteration succeeded in finding operating point.

.step idx=5156
Direct Newton iteration succeeded in finding operating point.

.step idx=5157
Direct Newton iteration succeeded in finding operating point.

.step idx=5158
Direct Newton iteration succeeded in finding operating point.

.step idx=5159
Direct Newton iteration succeeded in finding operating point.

.step idx=5160
Direct Newton iteration succeeded in finding operating point.

.step idx=5161
Direct Newton iteration succeeded in finding operating point.

.step idx=5162
Direct Newton iteration succeeded in finding operating point.

.step idx=5163
Direct Newton iteration succeeded in finding operating point.

.step idx=5164
Direct Newton iteration succeeded in finding operating point.

.step idx=5165
Direct Newton iteration succeeded in finding operating point.

.step idx=5166
Direct Newton iteration succeeded in finding operating point.

.step idx=5167
Direct Newton iteration succeeded in finding operating point.

.step idx=5168
Direct Newton iteration succeeded in finding operating point.

.step idx=5169
Direct Newton iteration succeeded in finding operating point.

.step idx=5170
Direct Newton iteration succeeded in finding operating point.

.step idx=5171
Direct Newton iteration succeeded in finding operating point.

.step idx=5172
Direct Newton iteration succeeded in finding operating point.

.step idx=5173
Direct Newton iteration succeeded in finding operating point.

.step idx=5174
Direct Newton iteration succeeded in finding operating point.

.step idx=5175
Direct Newton iteration succeeded in finding operating point.

.step idx=5176
Direct Newton iteration succeeded in finding operating point.

.step idx=5177
Direct Newton iteration succeeded in finding operating point.

.step idx=5178
Direct Newton iteration succeeded in finding operating point.

.step idx=5179
Direct Newton iteration succeeded in finding operating point.

.step idx=5180
Direct Newton iteration succeeded in finding operating point.

.step idx=5181
Direct Newton iteration succeeded in finding operating point.

.step idx=5182
Direct Newton iteration succeeded in finding operating point.

.step idx=5183
Direct Newton iteration succeeded in finding operating point.

.step idx=5184
Direct Newton iteration succeeded in finding operating point.

.step idx=5185
Direct Newton iteration succeeded in finding operating point.

.step idx=5186
Direct Newton iteration succeeded in finding operating point.

.step idx=5187
Direct Newton iteration succeeded in finding operating point.

.step idx=5188
Direct Newton iteration succeeded in finding operating point.

.step idx=5189
Direct Newton iteration succeeded in finding operating point.

.step idx=5190
Direct Newton iteration succeeded in finding operating point.

.step idx=5191
Direct Newton iteration succeeded in finding operating point.

.step idx=5192
Direct Newton iteration succeeded in finding operating point.

.step idx=5193
Direct Newton iteration succeeded in finding operating point.

.step idx=5194
Direct Newton iteration succeeded in finding operating point.

.step idx=5195
Direct Newton iteration succeeded in finding operating point.

.step idx=5196
Direct Newton iteration succeeded in finding operating point.

.step idx=5197
Direct Newton iteration succeeded in finding operating point.

.step idx=5198
Direct Newton iteration succeeded in finding operating point.

.step idx=5199
Direct Newton iteration succeeded in finding operating point.

.step idx=5200
Direct Newton iteration succeeded in finding operating point.

.step idx=5201
Direct Newton iteration succeeded in finding operating point.

.step idx=5202
Direct Newton iteration succeeded in finding operating point.

.step idx=5203
Direct Newton iteration succeeded in finding operating point.

.step idx=5204
Direct Newton iteration succeeded in finding operating point.

.step idx=5205
Direct Newton iteration succeeded in finding operating point.

.step idx=5206
Direct Newton iteration succeeded in finding operating point.

.step idx=5207
Direct Newton iteration succeeded in finding operating point.

.step idx=5208
Direct Newton iteration succeeded in finding operating point.

.step idx=5209
Direct Newton iteration succeeded in finding operating point.

.step idx=5210
Direct Newton iteration succeeded in finding operating point.

.step idx=5211
Direct Newton iteration succeeded in finding operating point.

.step idx=5212
Direct Newton iteration succeeded in finding operating point.

.step idx=5213
Direct Newton iteration succeeded in finding operating point.

.step idx=5214
Direct Newton iteration succeeded in finding operating point.

.step idx=5215
Direct Newton iteration succeeded in finding operating point.

.step idx=5216
Direct Newton iteration succeeded in finding operating point.

.step idx=5217
Direct Newton iteration succeeded in finding operating point.

.step idx=5218
Direct Newton iteration succeeded in finding operating point.

.step idx=5219
Direct Newton iteration succeeded in finding operating point.

.step idx=5220
Direct Newton iteration succeeded in finding operating point.

.step idx=5221
Direct Newton iteration succeeded in finding operating point.

.step idx=5222
Direct Newton iteration succeeded in finding operating point.

.step idx=5223
Direct Newton iteration succeeded in finding operating point.

.step idx=5224
Direct Newton iteration succeeded in finding operating point.

.step idx=5225
Direct Newton iteration succeeded in finding operating point.

.step idx=5226
Direct Newton iteration succeeded in finding operating point.

.step idx=5227
Direct Newton iteration succeeded in finding operating point.

.step idx=5228
Direct Newton iteration succeeded in finding operating point.

.step idx=5229
Direct Newton iteration succeeded in finding operating point.

.step idx=5230
Direct Newton iteration succeeded in finding operating point.

.step idx=5231
Direct Newton iteration succeeded in finding operating point.

.step idx=5232
Direct Newton iteration succeeded in finding operating point.

.step idx=5233
Direct Newton iteration succeeded in finding operating point.

.step idx=5234
Direct Newton iteration succeeded in finding operating point.

.step idx=5235
Direct Newton iteration succeeded in finding operating point.

.step idx=5236
Direct Newton iteration succeeded in finding operating point.

.step idx=5237
Direct Newton iteration succeeded in finding operating point.

.step idx=5238
Direct Newton iteration succeeded in finding operating point.

.step idx=5239
Direct Newton iteration succeeded in finding operating point.

.step idx=5240
Direct Newton iteration succeeded in finding operating point.

.step idx=5241
Direct Newton iteration succeeded in finding operating point.

.step idx=5242
Direct Newton iteration succeeded in finding operating point.

.step idx=5243
Direct Newton iteration succeeded in finding operating point.

.step idx=5244
Direct Newton iteration succeeded in finding operating point.

.step idx=5245
Direct Newton iteration succeeded in finding operating point.

.step idx=5246
Direct Newton iteration succeeded in finding operating point.

.step idx=5247
Direct Newton iteration succeeded in finding operating point.

.step idx=5248
Direct Newton iteration succeeded in finding operating point.

.step idx=5249
Direct Newton iteration succeeded in finding operating point.

.step idx=5250
Direct Newton iteration succeeded in finding operating point.

.step idx=5251
Direct Newton iteration succeeded in finding operating point.

.step idx=5252
Direct Newton iteration succeeded in finding operating point.

.step idx=5253
Direct Newton iteration succeeded in finding operating point.

.step idx=5254
Direct Newton iteration succeeded in finding operating point.

.step idx=5255
Direct Newton iteration succeeded in finding operating point.

.step idx=5256
Direct Newton iteration succeeded in finding operating point.

.step idx=5257
Direct Newton iteration succeeded in finding operating point.

.step idx=5258
Direct Newton iteration succeeded in finding operating point.

.step idx=5259
Direct Newton iteration succeeded in finding operating point.

.step idx=5260
Direct Newton iteration succeeded in finding operating point.

.step idx=5261
Direct Newton iteration succeeded in finding operating point.

.step idx=5262
Direct Newton iteration succeeded in finding operating point.

.step idx=5263
Direct Newton iteration succeeded in finding operating point.

.step idx=5264
Direct Newton iteration succeeded in finding operating point.

.step idx=5265
Direct Newton iteration succeeded in finding operating point.

.step idx=5266
Direct Newton iteration succeeded in finding operating point.

.step idx=5267
Direct Newton iteration succeeded in finding operating point.

.step idx=5268
Direct Newton iteration succeeded in finding operating point.

.step idx=5269
Direct Newton iteration succeeded in finding operating point.

.step idx=5270
Direct Newton iteration succeeded in finding operating point.

.step idx=5271
Direct Newton iteration succeeded in finding operating point.

.step idx=5272
Direct Newton iteration succeeded in finding operating point.

.step idx=5273
Direct Newton iteration succeeded in finding operating point.

.step idx=5274
Direct Newton iteration succeeded in finding operating point.

.step idx=5275
Direct Newton iteration succeeded in finding operating point.

.step idx=5276
Direct Newton iteration succeeded in finding operating point.

.step idx=5277
Direct Newton iteration succeeded in finding operating point.

.step idx=5278
Direct Newton iteration succeeded in finding operating point.

.step idx=5279
Direct Newton iteration succeeded in finding operating point.

.step idx=5280
Direct Newton iteration succeeded in finding operating point.

.step idx=5281
Direct Newton iteration succeeded in finding operating point.

.step idx=5282
Direct Newton iteration succeeded in finding operating point.

.step idx=5283
Direct Newton iteration succeeded in finding operating point.

.step idx=5284
Direct Newton iteration succeeded in finding operating point.

.step idx=5285
Direct Newton iteration succeeded in finding operating point.

.step idx=5286
Direct Newton iteration succeeded in finding operating point.

.step idx=5287
Direct Newton iteration succeeded in finding operating point.

.step idx=5288
Direct Newton iteration succeeded in finding operating point.

.step idx=5289
Direct Newton iteration succeeded in finding operating point.

.step idx=5290
Direct Newton iteration succeeded in finding operating point.

.step idx=5291
Direct Newton iteration succeeded in finding operating point.

.step idx=5292
Direct Newton iteration succeeded in finding operating point.

.step idx=5293
Direct Newton iteration succeeded in finding operating point.

.step idx=5294
Direct Newton iteration succeeded in finding operating point.

.step idx=5295
Direct Newton iteration succeeded in finding operating point.

.step idx=5296
Direct Newton iteration succeeded in finding operating point.

.step idx=5297
Direct Newton iteration succeeded in finding operating point.

.step idx=5298
Direct Newton iteration succeeded in finding operating point.

.step idx=5299
Direct Newton iteration succeeded in finding operating point.

.step idx=5300
Direct Newton iteration succeeded in finding operating point.

.step idx=5301
Direct Newton iteration succeeded in finding operating point.

.step idx=5302
Direct Newton iteration succeeded in finding operating point.

.step idx=5303
Direct Newton iteration succeeded in finding operating point.

.step idx=5304
Direct Newton iteration succeeded in finding operating point.

.step idx=5305
Direct Newton iteration succeeded in finding operating point.

.step idx=5306
Direct Newton iteration succeeded in finding operating point.

.step idx=5307
Direct Newton iteration succeeded in finding operating point.

.step idx=5308
Direct Newton iteration succeeded in finding operating point.

.step idx=5309
Direct Newton iteration succeeded in finding operating point.

.step idx=5310
Direct Newton iteration succeeded in finding operating point.

.step idx=5311
Direct Newton iteration succeeded in finding operating point.

.step idx=5312
Direct Newton iteration succeeded in finding operating point.

.step idx=5313
Direct Newton iteration succeeded in finding operating point.

.step idx=5314
Direct Newton iteration succeeded in finding operating point.

.step idx=5315
Direct Newton iteration succeeded in finding operating point.

.step idx=5316
Direct Newton iteration succeeded in finding operating point.

.step idx=5317
Direct Newton iteration succeeded in finding operating point.

.step idx=5318
Direct Newton iteration succeeded in finding operating point.

.step idx=5319
Direct Newton iteration succeeded in finding operating point.

.step idx=5320
Direct Newton iteration succeeded in finding operating point.

.step idx=5321
Direct Newton iteration succeeded in finding operating point.

.step idx=5322
Direct Newton iteration succeeded in finding operating point.

.step idx=5323
Direct Newton iteration succeeded in finding operating point.

.step idx=5324
Direct Newton iteration succeeded in finding operating point.

.step idx=5325
Direct Newton iteration succeeded in finding operating point.

.step idx=5326
Direct Newton iteration succeeded in finding operating point.

.step idx=5327
Direct Newton iteration succeeded in finding operating point.

.step idx=5328
Direct Newton iteration succeeded in finding operating point.

.step idx=5329
Direct Newton iteration succeeded in finding operating point.

.step idx=5330
Direct Newton iteration succeeded in finding operating point.

.step idx=5331
Direct Newton iteration succeeded in finding operating point.

.step idx=5332
Direct Newton iteration succeeded in finding operating point.

.step idx=5333
Direct Newton iteration succeeded in finding operating point.

.step idx=5334
Direct Newton iteration succeeded in finding operating point.

.step idx=5335
Direct Newton iteration succeeded in finding operating point.

.step idx=5336
Direct Newton iteration succeeded in finding operating point.

.step idx=5337
Direct Newton iteration succeeded in finding operating point.

.step idx=5338
Direct Newton iteration succeeded in finding operating point.

.step idx=5339
Direct Newton iteration succeeded in finding operating point.

.step idx=5340
Direct Newton iteration succeeded in finding operating point.

.step idx=5341
Direct Newton iteration succeeded in finding operating point.

.step idx=5342
Direct Newton iteration succeeded in finding operating point.

.step idx=5343
Direct Newton iteration succeeded in finding operating point.

.step idx=5344
Direct Newton iteration succeeded in finding operating point.

.step idx=5345
Direct Newton iteration succeeded in finding operating point.

.step idx=5346
Direct Newton iteration succeeded in finding operating point.

.step idx=5347
Direct Newton iteration succeeded in finding operating point.

.step idx=5348
Direct Newton iteration succeeded in finding operating point.

.step idx=5349
Direct Newton iteration succeeded in finding operating point.

.step idx=5350
Direct Newton iteration succeeded in finding operating point.

.step idx=5351
Direct Newton iteration succeeded in finding operating point.

.step idx=5352
Direct Newton iteration succeeded in finding operating point.

.step idx=5353
Direct Newton iteration succeeded in finding operating point.

.step idx=5354
Direct Newton iteration succeeded in finding operating point.

.step idx=5355
Direct Newton iteration succeeded in finding operating point.

.step idx=5356
Direct Newton iteration succeeded in finding operating point.

.step idx=5357
Direct Newton iteration succeeded in finding operating point.

.step idx=5358
Direct Newton iteration succeeded in finding operating point.

.step idx=5359
Direct Newton iteration succeeded in finding operating point.

.step idx=5360
Direct Newton iteration succeeded in finding operating point.

.step idx=5361
Direct Newton iteration succeeded in finding operating point.

.step idx=5362
Direct Newton iteration succeeded in finding operating point.

.step idx=5363
Direct Newton iteration succeeded in finding operating point.

.step idx=5364
Direct Newton iteration succeeded in finding operating point.

.step idx=5365
Direct Newton iteration succeeded in finding operating point.

.step idx=5366
Direct Newton iteration succeeded in finding operating point.

.step idx=5367
Direct Newton iteration succeeded in finding operating point.

.step idx=5368
Direct Newton iteration succeeded in finding operating point.

.step idx=5369
Direct Newton iteration succeeded in finding operating point.

.step idx=5370
Direct Newton iteration succeeded in finding operating point.

.step idx=5371
Direct Newton iteration succeeded in finding operating point.

.step idx=5372
Direct Newton iteration succeeded in finding operating point.

.step idx=5373
Direct Newton iteration succeeded in finding operating point.

.step idx=5374
Direct Newton iteration succeeded in finding operating point.

.step idx=5375
Direct Newton iteration succeeded in finding operating point.

.step idx=5376
Direct Newton iteration succeeded in finding operating point.

.step idx=5377
Direct Newton iteration succeeded in finding operating point.

.step idx=5378
Direct Newton iteration succeeded in finding operating point.

.step idx=5379
Direct Newton iteration succeeded in finding operating point.

.step idx=5380
Direct Newton iteration succeeded in finding operating point.

.step idx=5381
Direct Newton iteration succeeded in finding operating point.

.step idx=5382
Direct Newton iteration succeeded in finding operating point.

.step idx=5383
Direct Newton iteration succeeded in finding operating point.

.step idx=5384
Direct Newton iteration succeeded in finding operating point.

.step idx=5385
Direct Newton iteration succeeded in finding operating point.

.step idx=5386
Direct Newton iteration succeeded in finding operating point.

.step idx=5387
Direct Newton iteration succeeded in finding operating point.

.step idx=5388
Direct Newton iteration succeeded in finding operating point.

.step idx=5389
Direct Newton iteration succeeded in finding operating point.

.step idx=5390
Direct Newton iteration succeeded in finding operating point.

.step idx=5391
Direct Newton iteration succeeded in finding operating point.

.step idx=5392
Direct Newton iteration succeeded in finding operating point.

.step idx=5393
Direct Newton iteration succeeded in finding operating point.

.step idx=5394
Direct Newton iteration succeeded in finding operating point.

.step idx=5395
Direct Newton iteration succeeded in finding operating point.

.step idx=5396
Direct Newton iteration succeeded in finding operating point.

.step idx=5397
Direct Newton iteration succeeded in finding operating point.

.step idx=5398
Direct Newton iteration succeeded in finding operating point.

.step idx=5399
Direct Newton iteration succeeded in finding operating point.

.step idx=5400
Direct Newton iteration succeeded in finding operating point.

.step idx=5401
Direct Newton iteration succeeded in finding operating point.

.step idx=5402
Direct Newton iteration succeeded in finding operating point.

.step idx=5403
Direct Newton iteration succeeded in finding operating point.

.step idx=5404
Direct Newton iteration succeeded in finding operating point.

.step idx=5405
Direct Newton iteration succeeded in finding operating point.

.step idx=5406
Direct Newton iteration succeeded in finding operating point.

.step idx=5407
Direct Newton iteration succeeded in finding operating point.

.step idx=5408
Direct Newton iteration succeeded in finding operating point.

.step idx=5409
Direct Newton iteration succeeded in finding operating point.

.step idx=5410
Direct Newton iteration succeeded in finding operating point.

.step idx=5411
Direct Newton iteration succeeded in finding operating point.

.step idx=5412
Direct Newton iteration succeeded in finding operating point.

.step idx=5413
Direct Newton iteration succeeded in finding operating point.

.step idx=5414
Direct Newton iteration succeeded in finding operating point.

.step idx=5415
Direct Newton iteration succeeded in finding operating point.

.step idx=5416
Direct Newton iteration succeeded in finding operating point.

.step idx=5417
Direct Newton iteration succeeded in finding operating point.

.step idx=5418
Direct Newton iteration succeeded in finding operating point.

.step idx=5419
Direct Newton iteration succeeded in finding operating point.

.step idx=5420
Direct Newton iteration succeeded in finding operating point.

.step idx=5421
Direct Newton iteration succeeded in finding operating point.

.step idx=5422
Direct Newton iteration succeeded in finding operating point.

.step idx=5423
Direct Newton iteration succeeded in finding operating point.

.step idx=5424
Direct Newton iteration succeeded in finding operating point.

.step idx=5425
Direct Newton iteration succeeded in finding operating point.

.step idx=5426
Direct Newton iteration succeeded in finding operating point.

.step idx=5427
Direct Newton iteration succeeded in finding operating point.

.step idx=5428
Direct Newton iteration succeeded in finding operating point.

.step idx=5429
Direct Newton iteration succeeded in finding operating point.

.step idx=5430
Direct Newton iteration succeeded in finding operating point.

.step idx=5431
Direct Newton iteration succeeded in finding operating point.

.step idx=5432
Direct Newton iteration succeeded in finding operating point.

.step idx=5433
Direct Newton iteration succeeded in finding operating point.

.step idx=5434
Direct Newton iteration succeeded in finding operating point.

.step idx=5435
Direct Newton iteration succeeded in finding operating point.

.step idx=5436
Direct Newton iteration succeeded in finding operating point.

.step idx=5437
Direct Newton iteration succeeded in finding operating point.

.step idx=5438
Direct Newton iteration succeeded in finding operating point.

.step idx=5439
Direct Newton iteration succeeded in finding operating point.

.step idx=5440
Direct Newton iteration succeeded in finding operating point.

.step idx=5441
Direct Newton iteration succeeded in finding operating point.

.step idx=5442
Direct Newton iteration succeeded in finding operating point.

.step idx=5443
Direct Newton iteration succeeded in finding operating point.

.step idx=5444
Direct Newton iteration succeeded in finding operating point.

.step idx=5445
Direct Newton iteration succeeded in finding operating point.

.step idx=5446
Direct Newton iteration succeeded in finding operating point.

.step idx=5447
Direct Newton iteration succeeded in finding operating point.

.step idx=5448
Direct Newton iteration succeeded in finding operating point.

.step idx=5449
Direct Newton iteration succeeded in finding operating point.

.step idx=5450
Direct Newton iteration succeeded in finding operating point.

.step idx=5451
Direct Newton iteration succeeded in finding operating point.

.step idx=5452
Direct Newton iteration succeeded in finding operating point.

.step idx=5453
Direct Newton iteration succeeded in finding operating point.

.step idx=5454
Direct Newton iteration succeeded in finding operating point.

.step idx=5455
Direct Newton iteration succeeded in finding operating point.

.step idx=5456
Direct Newton iteration succeeded in finding operating point.

.step idx=5457
Direct Newton iteration succeeded in finding operating point.

.step idx=5458
Direct Newton iteration succeeded in finding operating point.

.step idx=5459
Direct Newton iteration succeeded in finding operating point.

.step idx=5460
Direct Newton iteration succeeded in finding operating point.

.step idx=5461
Direct Newton iteration succeeded in finding operating point.

.step idx=5462
Direct Newton iteration succeeded in finding operating point.

.step idx=5463
Direct Newton iteration succeeded in finding operating point.

.step idx=5464
Direct Newton iteration succeeded in finding operating point.

.step idx=5465
Direct Newton iteration succeeded in finding operating point.

.step idx=5466
Direct Newton iteration succeeded in finding operating point.

.step idx=5467
Direct Newton iteration succeeded in finding operating point.

.step idx=5468
Direct Newton iteration succeeded in finding operating point.

.step idx=5469
Direct Newton iteration succeeded in finding operating point.

.step idx=5470
Direct Newton iteration succeeded in finding operating point.

.step idx=5471
Direct Newton iteration succeeded in finding operating point.

.step idx=5472
Direct Newton iteration succeeded in finding operating point.

.step idx=5473
Direct Newton iteration succeeded in finding operating point.

.step idx=5474
Direct Newton iteration succeeded in finding operating point.

.step idx=5475
Direct Newton iteration succeeded in finding operating point.

.step idx=5476
Direct Newton iteration succeeded in finding operating point.

.step idx=5477
Direct Newton iteration succeeded in finding operating point.

.step idx=5478
Direct Newton iteration succeeded in finding operating point.

.step idx=5479
Direct Newton iteration succeeded in finding operating point.

.step idx=5480
Direct Newton iteration succeeded in finding operating point.

.step idx=5481
Direct Newton iteration succeeded in finding operating point.

.step idx=5482
Direct Newton iteration succeeded in finding operating point.

.step idx=5483
Direct Newton iteration succeeded in finding operating point.

.step idx=5484
Direct Newton iteration succeeded in finding operating point.

.step idx=5485
Direct Newton iteration succeeded in finding operating point.

.step idx=5486
Direct Newton iteration succeeded in finding operating point.

.step idx=5487
Direct Newton iteration succeeded in finding operating point.

.step idx=5488
Direct Newton iteration succeeded in finding operating point.

.step idx=5489
Direct Newton iteration succeeded in finding operating point.

.step idx=5490
Direct Newton iteration succeeded in finding operating point.

.step idx=5491
Direct Newton iteration succeeded in finding operating point.

.step idx=5492
Direct Newton iteration succeeded in finding operating point.

.step idx=5493
Direct Newton iteration succeeded in finding operating point.

.step idx=5494
Direct Newton iteration succeeded in finding operating point.

.step idx=5495
Direct Newton iteration succeeded in finding operating point.

.step idx=5496
Direct Newton iteration succeeded in finding operating point.

.step idx=5497
Direct Newton iteration succeeded in finding operating point.

.step idx=5498
Direct Newton iteration succeeded in finding operating point.

.step idx=5499
Direct Newton iteration succeeded in finding operating point.

.step idx=5500
Direct Newton iteration succeeded in finding operating point.

.step idx=5501
Direct Newton iteration succeeded in finding operating point.

.step idx=5502
Direct Newton iteration succeeded in finding operating point.

.step idx=5503
Direct Newton iteration succeeded in finding operating point.

.step idx=5504
Direct Newton iteration succeeded in finding operating point.

.step idx=5505
Direct Newton iteration succeeded in finding operating point.

.step idx=5506
Direct Newton iteration succeeded in finding operating point.

.step idx=5507
Direct Newton iteration succeeded in finding operating point.

.step idx=5508
Direct Newton iteration succeeded in finding operating point.

.step idx=5509
Direct Newton iteration succeeded in finding operating point.

.step idx=5510
Direct Newton iteration succeeded in finding operating point.

.step idx=5511
Direct Newton iteration succeeded in finding operating point.

.step idx=5512
Direct Newton iteration succeeded in finding operating point.

.step idx=5513
Direct Newton iteration succeeded in finding operating point.

.step idx=5514
Direct Newton iteration succeeded in finding operating point.

.step idx=5515
Direct Newton iteration succeeded in finding operating point.

.step idx=5516
Direct Newton iteration succeeded in finding operating point.

.step idx=5517
Direct Newton iteration succeeded in finding operating point.

.step idx=5518
Direct Newton iteration succeeded in finding operating point.

.step idx=5519
Direct Newton iteration succeeded in finding operating point.

.step idx=5520
Direct Newton iteration succeeded in finding operating point.

.step idx=5521
Direct Newton iteration succeeded in finding operating point.

.step idx=5522
Direct Newton iteration succeeded in finding operating point.

.step idx=5523
Direct Newton iteration succeeded in finding operating point.

.step idx=5524
Direct Newton iteration succeeded in finding operating point.

.step idx=5525
Direct Newton iteration succeeded in finding operating point.

.step idx=5526
Direct Newton iteration succeeded in finding operating point.

.step idx=5527
Direct Newton iteration succeeded in finding operating point.

.step idx=5528
Direct Newton iteration succeeded in finding operating point.

.step idx=5529
Direct Newton iteration succeeded in finding operating point.

.step idx=5530
Direct Newton iteration succeeded in finding operating point.

.step idx=5531
Direct Newton iteration succeeded in finding operating point.

.step idx=5532
Direct Newton iteration succeeded in finding operating point.

.step idx=5533
Direct Newton iteration succeeded in finding operating point.

.step idx=5534
Direct Newton iteration succeeded in finding operating point.

.step idx=5535
Direct Newton iteration succeeded in finding operating point.

.step idx=5536
Direct Newton iteration succeeded in finding operating point.

.step idx=5537
Direct Newton iteration succeeded in finding operating point.

.step idx=5538
Direct Newton iteration succeeded in finding operating point.

.step idx=5539
Direct Newton iteration succeeded in finding operating point.

.step idx=5540
Direct Newton iteration succeeded in finding operating point.

.step idx=5541
Direct Newton iteration succeeded in finding operating point.

.step idx=5542
Direct Newton iteration succeeded in finding operating point.

.step idx=5543
Direct Newton iteration succeeded in finding operating point.

.step idx=5544
Direct Newton iteration succeeded in finding operating point.

.step idx=5545
Direct Newton iteration succeeded in finding operating point.

.step idx=5546
Direct Newton iteration succeeded in finding operating point.

.step idx=5547
Direct Newton iteration succeeded in finding operating point.

.step idx=5548
Direct Newton iteration succeeded in finding operating point.

.step idx=5549
Direct Newton iteration succeeded in finding operating point.

.step idx=5550
Direct Newton iteration succeeded in finding operating point.

.step idx=5551
Direct Newton iteration succeeded in finding operating point.

.step idx=5552
Direct Newton iteration succeeded in finding operating point.

.step idx=5553
Direct Newton iteration succeeded in finding operating point.

.step idx=5554
Direct Newton iteration succeeded in finding operating point.

.step idx=5555
Direct Newton iteration succeeded in finding operating point.

.step idx=5556
Direct Newton iteration succeeded in finding operating point.

.step idx=5557
Direct Newton iteration succeeded in finding operating point.

.step idx=5558
Direct Newton iteration succeeded in finding operating point.

.step idx=5559
Direct Newton iteration succeeded in finding operating point.

.step idx=5560
Direct Newton iteration succeeded in finding operating point.

.step idx=5561
Direct Newton iteration succeeded in finding operating point.

.step idx=5562
Direct Newton iteration succeeded in finding operating point.

.step idx=5563
Direct Newton iteration succeeded in finding operating point.

.step idx=5564
Direct Newton iteration succeeded in finding operating point.

.step idx=5565
Direct Newton iteration succeeded in finding operating point.

.step idx=5566
Direct Newton iteration succeeded in finding operating point.

.step idx=5567
Direct Newton iteration succeeded in finding operating point.

.step idx=5568
Direct Newton iteration succeeded in finding operating point.

.step idx=5569
Direct Newton iteration succeeded in finding operating point.

.step idx=5570
Direct Newton iteration succeeded in finding operating point.

.step idx=5571
Direct Newton iteration succeeded in finding operating point.

.step idx=5572
Direct Newton iteration succeeded in finding operating point.

.step idx=5573
Direct Newton iteration succeeded in finding operating point.

.step idx=5574
Direct Newton iteration succeeded in finding operating point.

.step idx=5575
Direct Newton iteration succeeded in finding operating point.

.step idx=5576
Direct Newton iteration succeeded in finding operating point.

.step idx=5577
Direct Newton iteration succeeded in finding operating point.

.step idx=5578
Direct Newton iteration succeeded in finding operating point.

.step idx=5579
Direct Newton iteration succeeded in finding operating point.

.step idx=5580
Direct Newton iteration succeeded in finding operating point.

.step idx=5581
Direct Newton iteration succeeded in finding operating point.

.step idx=5582
Direct Newton iteration succeeded in finding operating point.

.step idx=5583
Direct Newton iteration succeeded in finding operating point.

.step idx=5584
Direct Newton iteration succeeded in finding operating point.

.step idx=5585
Direct Newton iteration succeeded in finding operating point.

.step idx=5586
Direct Newton iteration succeeded in finding operating point.

.step idx=5587
Direct Newton iteration succeeded in finding operating point.

.step idx=5588
Direct Newton iteration succeeded in finding operating point.

.step idx=5589
Direct Newton iteration succeeded in finding operating point.

.step idx=5590
Direct Newton iteration succeeded in finding operating point.

.step idx=5591
Direct Newton iteration succeeded in finding operating point.

.step idx=5592
Direct Newton iteration succeeded in finding operating point.

.step idx=5593
Direct Newton iteration succeeded in finding operating point.

.step idx=5594
Direct Newton iteration succeeded in finding operating point.

.step idx=5595
Direct Newton iteration succeeded in finding operating point.

.step idx=5596
Direct Newton iteration succeeded in finding operating point.

.step idx=5597
Direct Newton iteration succeeded in finding operating point.

.step idx=5598
Direct Newton iteration succeeded in finding operating point.

.step idx=5599
Direct Newton iteration succeeded in finding operating point.

.step idx=5600
Direct Newton iteration succeeded in finding operating point.

.step idx=5601
Direct Newton iteration succeeded in finding operating point.

.step idx=5602
Direct Newton iteration succeeded in finding operating point.

.step idx=5603
Direct Newton iteration succeeded in finding operating point.

.step idx=5604
Direct Newton iteration succeeded in finding operating point.

.step idx=5605
Direct Newton iteration succeeded in finding operating point.

.step idx=5606
Direct Newton iteration succeeded in finding operating point.

.step idx=5607
Direct Newton iteration succeeded in finding operating point.

.step idx=5608
Direct Newton iteration succeeded in finding operating point.

.step idx=5609
Direct Newton iteration succeeded in finding operating point.

.step idx=5610
Direct Newton iteration succeeded in finding operating point.

.step idx=5611
Direct Newton iteration succeeded in finding operating point.

.step idx=5612
Direct Newton iteration succeeded in finding operating point.

.step idx=5613
Direct Newton iteration succeeded in finding operating point.

.step idx=5614
Direct Newton iteration succeeded in finding operating point.

.step idx=5615
Direct Newton iteration succeeded in finding operating point.

.step idx=5616
Direct Newton iteration succeeded in finding operating point.

.step idx=5617
Direct Newton iteration succeeded in finding operating point.

.step idx=5618
Direct Newton iteration succeeded in finding operating point.

.step idx=5619
Direct Newton iteration succeeded in finding operating point.

.step idx=5620
Direct Newton iteration succeeded in finding operating point.

.step idx=5621
Direct Newton iteration succeeded in finding operating point.

.step idx=5622
Direct Newton iteration succeeded in finding operating point.

.step idx=5623
Direct Newton iteration succeeded in finding operating point.

.step idx=5624
Direct Newton iteration succeeded in finding operating point.

.step idx=5625
Direct Newton iteration succeeded in finding operating point.

.step idx=5626
Direct Newton iteration succeeded in finding operating point.

.step idx=5627
Direct Newton iteration succeeded in finding operating point.

.step idx=5628
Direct Newton iteration succeeded in finding operating point.

.step idx=5629
Direct Newton iteration succeeded in finding operating point.

.step idx=5630
Direct Newton iteration succeeded in finding operating point.

.step idx=5631
Direct Newton iteration succeeded in finding operating point.

.step idx=5632
Direct Newton iteration succeeded in finding operating point.

.step idx=5633
Direct Newton iteration succeeded in finding operating point.

.step idx=5634
Direct Newton iteration succeeded in finding operating point.

.step idx=5635
Direct Newton iteration succeeded in finding operating point.

.step idx=5636
Direct Newton iteration succeeded in finding operating point.

.step idx=5637
Direct Newton iteration succeeded in finding operating point.

.step idx=5638
Direct Newton iteration succeeded in finding operating point.

.step idx=5639
Direct Newton iteration succeeded in finding operating point.

.step idx=5640
Direct Newton iteration succeeded in finding operating point.

.step idx=5641
Direct Newton iteration succeeded in finding operating point.

.step idx=5642
Direct Newton iteration succeeded in finding operating point.

.step idx=5643
Direct Newton iteration succeeded in finding operating point.

.step idx=5644
Direct Newton iteration succeeded in finding operating point.

.step idx=5645
Direct Newton iteration succeeded in finding operating point.

.step idx=5646
Direct Newton iteration succeeded in finding operating point.

.step idx=5647
Direct Newton iteration succeeded in finding operating point.

.step idx=5648
Direct Newton iteration succeeded in finding operating point.

.step idx=5649
Direct Newton iteration succeeded in finding operating point.

.step idx=5650
Direct Newton iteration succeeded in finding operating point.

.step idx=5651
Direct Newton iteration succeeded in finding operating point.

.step idx=5652
Direct Newton iteration succeeded in finding operating point.

.step idx=5653
Direct Newton iteration succeeded in finding operating point.

.step idx=5654
Direct Newton iteration succeeded in finding operating point.

.step idx=5655
Direct Newton iteration succeeded in finding operating point.

.step idx=5656
Direct Newton iteration succeeded in finding operating point.

.step idx=5657
Direct Newton iteration succeeded in finding operating point.

.step idx=5658
Direct Newton iteration succeeded in finding operating point.

.step idx=5659
Direct Newton iteration succeeded in finding operating point.

.step idx=5660
Direct Newton iteration succeeded in finding operating point.

.step idx=5661
Direct Newton iteration succeeded in finding operating point.

.step idx=5662
Direct Newton iteration succeeded in finding operating point.

.step idx=5663
Direct Newton iteration succeeded in finding operating point.

.step idx=5664
Direct Newton iteration succeeded in finding operating point.

.step idx=5665
Direct Newton iteration succeeded in finding operating point.

.step idx=5666
Direct Newton iteration succeeded in finding operating point.

.step idx=5667
Direct Newton iteration succeeded in finding operating point.

.step idx=5668
Direct Newton iteration succeeded in finding operating point.

.step idx=5669
Direct Newton iteration succeeded in finding operating point.

.step idx=5670
Direct Newton iteration succeeded in finding operating point.

.step idx=5671
Direct Newton iteration succeeded in finding operating point.

.step idx=5672
Direct Newton iteration succeeded in finding operating point.

.step idx=5673
Direct Newton iteration succeeded in finding operating point.

.step idx=5674
Direct Newton iteration succeeded in finding operating point.

.step idx=5675
Direct Newton iteration succeeded in finding operating point.

.step idx=5676
Direct Newton iteration succeeded in finding operating point.

.step idx=5677
Direct Newton iteration succeeded in finding operating point.

.step idx=5678
Direct Newton iteration succeeded in finding operating point.

.step idx=5679
Direct Newton iteration succeeded in finding operating point.

.step idx=5680
Direct Newton iteration succeeded in finding operating point.

.step idx=5681
Direct Newton iteration succeeded in finding operating point.

.step idx=5682
Direct Newton iteration succeeded in finding operating point.

.step idx=5683
Direct Newton iteration succeeded in finding operating point.

.step idx=5684
Direct Newton iteration succeeded in finding operating point.

.step idx=5685
Direct Newton iteration succeeded in finding operating point.

.step idx=5686
Direct Newton iteration succeeded in finding operating point.

.step idx=5687
Direct Newton iteration succeeded in finding operating point.

.step idx=5688
Direct Newton iteration succeeded in finding operating point.

.step idx=5689
Direct Newton iteration succeeded in finding operating point.

.step idx=5690
Direct Newton iteration succeeded in finding operating point.

.step idx=5691
Direct Newton iteration succeeded in finding operating point.

.step idx=5692
Direct Newton iteration succeeded in finding operating point.

.step idx=5693
Direct Newton iteration succeeded in finding operating point.

.step idx=5694
Direct Newton iteration succeeded in finding operating point.

.step idx=5695
Direct Newton iteration succeeded in finding operating point.

.step idx=5696
Direct Newton iteration succeeded in finding operating point.

.step idx=5697
Direct Newton iteration succeeded in finding operating point.

.step idx=5698
Direct Newton iteration succeeded in finding operating point.

.step idx=5699
Direct Newton iteration succeeded in finding operating point.

.step idx=5700
Direct Newton iteration succeeded in finding operating point.

.step idx=5701
Direct Newton iteration succeeded in finding operating point.

.step idx=5702
Direct Newton iteration succeeded in finding operating point.

.step idx=5703
Direct Newton iteration succeeded in finding operating point.

.step idx=5704
Direct Newton iteration succeeded in finding operating point.

.step idx=5705
Direct Newton iteration succeeded in finding operating point.

.step idx=5706
Direct Newton iteration succeeded in finding operating point.

.step idx=5707
Direct Newton iteration succeeded in finding operating point.

.step idx=5708
Direct Newton iteration succeeded in finding operating point.

.step idx=5709
Direct Newton iteration succeeded in finding operating point.

.step idx=5710
Direct Newton iteration succeeded in finding operating point.

.step idx=5711
Direct Newton iteration succeeded in finding operating point.

.step idx=5712
Direct Newton iteration succeeded in finding operating point.

.step idx=5713
Direct Newton iteration succeeded in finding operating point.

.step idx=5714
Direct Newton iteration succeeded in finding operating point.

.step idx=5715
Direct Newton iteration succeeded in finding operating point.

.step idx=5716
Direct Newton iteration succeeded in finding operating point.

.step idx=5717
Direct Newton iteration succeeded in finding operating point.

.step idx=5718
Direct Newton iteration succeeded in finding operating point.

.step idx=5719
Direct Newton iteration succeeded in finding operating point.

.step idx=5720
Direct Newton iteration succeeded in finding operating point.

.step idx=5721
Direct Newton iteration succeeded in finding operating point.

.step idx=5722
Direct Newton iteration succeeded in finding operating point.

.step idx=5723
Direct Newton iteration succeeded in finding operating point.

.step idx=5724
Direct Newton iteration succeeded in finding operating point.

.step idx=5725
Direct Newton iteration succeeded in finding operating point.

.step idx=5726
Direct Newton iteration succeeded in finding operating point.

.step idx=5727
Direct Newton iteration succeeded in finding operating point.

.step idx=5728
Direct Newton iteration succeeded in finding operating point.

.step idx=5729
Direct Newton iteration succeeded in finding operating point.

.step idx=5730
Direct Newton iteration succeeded in finding operating point.

.step idx=5731
Direct Newton iteration succeeded in finding operating point.

.step idx=5732
Direct Newton iteration succeeded in finding operating point.

.step idx=5733
Direct Newton iteration succeeded in finding operating point.

.step idx=5734
Direct Newton iteration succeeded in finding operating point.

.step idx=5735
Direct Newton iteration succeeded in finding operating point.

.step idx=5736
Direct Newton iteration succeeded in finding operating point.

.step idx=5737
Direct Newton iteration succeeded in finding operating point.

.step idx=5738
Direct Newton iteration succeeded in finding operating point.

.step idx=5739
Direct Newton iteration succeeded in finding operating point.

.step idx=5740
Direct Newton iteration succeeded in finding operating point.

.step idx=5741
Direct Newton iteration succeeded in finding operating point.

.step idx=5742
Direct Newton iteration succeeded in finding operating point.

.step idx=5743
Direct Newton iteration succeeded in finding operating point.

.step idx=5744
Direct Newton iteration succeeded in finding operating point.

.step idx=5745
Direct Newton iteration succeeded in finding operating point.

.step idx=5746
Direct Newton iteration succeeded in finding operating point.

.step idx=5747
Direct Newton iteration succeeded in finding operating point.

.step idx=5748
Direct Newton iteration succeeded in finding operating point.

.step idx=5749
Direct Newton iteration succeeded in finding operating point.

.step idx=5750
Direct Newton iteration succeeded in finding operating point.

.step idx=5751
Direct Newton iteration succeeded in finding operating point.

.step idx=5752
Direct Newton iteration succeeded in finding operating point.

.step idx=5753
Direct Newton iteration succeeded in finding operating point.

.step idx=5754
Direct Newton iteration succeeded in finding operating point.

.step idx=5755
Direct Newton iteration succeeded in finding operating point.

.step idx=5756
Direct Newton iteration succeeded in finding operating point.

.step idx=5757
Direct Newton iteration succeeded in finding operating point.

.step idx=5758
Direct Newton iteration succeeded in finding operating point.

.step idx=5759
Direct Newton iteration succeeded in finding operating point.

.step idx=5760
Direct Newton iteration succeeded in finding operating point.

.step idx=5761
Direct Newton iteration succeeded in finding operating point.

.step idx=5762
Direct Newton iteration succeeded in finding operating point.

.step idx=5763
Direct Newton iteration succeeded in finding operating point.

.step idx=5764
Direct Newton iteration succeeded in finding operating point.

.step idx=5765
Direct Newton iteration succeeded in finding operating point.

.step idx=5766
Direct Newton iteration succeeded in finding operating point.

.step idx=5767
Direct Newton iteration succeeded in finding operating point.

.step idx=5768
Direct Newton iteration succeeded in finding operating point.

.step idx=5769
Direct Newton iteration succeeded in finding operating point.

.step idx=5770
Direct Newton iteration succeeded in finding operating point.

.step idx=5771
Direct Newton iteration succeeded in finding operating point.

.step idx=5772
Direct Newton iteration succeeded in finding operating point.

.step idx=5773
Direct Newton iteration succeeded in finding operating point.

.step idx=5774
Direct Newton iteration succeeded in finding operating point.

.step idx=5775
Direct Newton iteration succeeded in finding operating point.

.step idx=5776
Direct Newton iteration succeeded in finding operating point.

.step idx=5777
Direct Newton iteration succeeded in finding operating point.

.step idx=5778
Direct Newton iteration succeeded in finding operating point.

.step idx=5779
Direct Newton iteration succeeded in finding operating point.

.step idx=5780
Direct Newton iteration succeeded in finding operating point.

.step idx=5781
Direct Newton iteration succeeded in finding operating point.

.step idx=5782
Direct Newton iteration succeeded in finding operating point.

.step idx=5783
Direct Newton iteration succeeded in finding operating point.

.step idx=5784
Direct Newton iteration succeeded in finding operating point.

.step idx=5785
Direct Newton iteration succeeded in finding operating point.

.step idx=5786
Direct Newton iteration succeeded in finding operating point.

.step idx=5787
Direct Newton iteration succeeded in finding operating point.

.step idx=5788
Direct Newton iteration succeeded in finding operating point.

.step idx=5789
Direct Newton iteration succeeded in finding operating point.

.step idx=5790
Direct Newton iteration succeeded in finding operating point.

.step idx=5791
Direct Newton iteration succeeded in finding operating point.

.step idx=5792
Direct Newton iteration succeeded in finding operating point.

.step idx=5793
Direct Newton iteration succeeded in finding operating point.

.step idx=5794
Direct Newton iteration succeeded in finding operating point.

.step idx=5795
Direct Newton iteration succeeded in finding operating point.

.step idx=5796
Direct Newton iteration succeeded in finding operating point.

.step idx=5797
Direct Newton iteration succeeded in finding operating point.

.step idx=5798
Direct Newton iteration succeeded in finding operating point.

.step idx=5799
Direct Newton iteration succeeded in finding operating point.

.step idx=5800
Direct Newton iteration succeeded in finding operating point.

.step idx=5801
Direct Newton iteration succeeded in finding operating point.

.step idx=5802
Direct Newton iteration succeeded in finding operating point.

.step idx=5803
Direct Newton iteration succeeded in finding operating point.

.step idx=5804
Direct Newton iteration succeeded in finding operating point.

.step idx=5805
Direct Newton iteration succeeded in finding operating point.

.step idx=5806
Direct Newton iteration succeeded in finding operating point.

.step idx=5807
Direct Newton iteration succeeded in finding operating point.

.step idx=5808
Direct Newton iteration succeeded in finding operating point.

.step idx=5809
Direct Newton iteration succeeded in finding operating point.

.step idx=5810
Direct Newton iteration succeeded in finding operating point.

.step idx=5811
Direct Newton iteration succeeded in finding operating point.

.step idx=5812
Direct Newton iteration succeeded in finding operating point.

.step idx=5813
Direct Newton iteration succeeded in finding operating point.

.step idx=5814
Direct Newton iteration succeeded in finding operating point.

.step idx=5815
Direct Newton iteration succeeded in finding operating point.

.step idx=5816
Direct Newton iteration succeeded in finding operating point.

.step idx=5817
Direct Newton iteration succeeded in finding operating point.

.step idx=5818
Direct Newton iteration succeeded in finding operating point.

.step idx=5819
Direct Newton iteration succeeded in finding operating point.

.step idx=5820
Direct Newton iteration succeeded in finding operating point.

.step idx=5821
Direct Newton iteration succeeded in finding operating point.

.step idx=5822
Direct Newton iteration succeeded in finding operating point.

.step idx=5823
Direct Newton iteration succeeded in finding operating point.

.step idx=5824
Direct Newton iteration succeeded in finding operating point.

.step idx=5825
Direct Newton iteration succeeded in finding operating point.

.step idx=5826
Direct Newton iteration succeeded in finding operating point.

.step idx=5827
Direct Newton iteration succeeded in finding operating point.

.step idx=5828
Direct Newton iteration succeeded in finding operating point.

.step idx=5829
Direct Newton iteration succeeded in finding operating point.

.step idx=5830
Direct Newton iteration succeeded in finding operating point.

.step idx=5831
Direct Newton iteration succeeded in finding operating point.

.step idx=5832
Direct Newton iteration succeeded in finding operating point.

.step idx=5833
Direct Newton iteration succeeded in finding operating point.

.step idx=5834
Direct Newton iteration succeeded in finding operating point.

.step idx=5835
Direct Newton iteration succeeded in finding operating point.

.step idx=5836
Direct Newton iteration succeeded in finding operating point.

.step idx=5837
Direct Newton iteration succeeded in finding operating point.

.step idx=5838
Direct Newton iteration succeeded in finding operating point.

.step idx=5839
Direct Newton iteration succeeded in finding operating point.

.step idx=5840
Direct Newton iteration succeeded in finding operating point.

.step idx=5841
Direct Newton iteration succeeded in finding operating point.

.step idx=5842
Direct Newton iteration succeeded in finding operating point.

.step idx=5843
Direct Newton iteration succeeded in finding operating point.

.step idx=5844
Direct Newton iteration succeeded in finding operating point.

.step idx=5845
Direct Newton iteration succeeded in finding operating point.

.step idx=5846
Direct Newton iteration succeeded in finding operating point.

.step idx=5847
Direct Newton iteration succeeded in finding operating point.

.step idx=5848
Direct Newton iteration succeeded in finding operating point.

.step idx=5849
Direct Newton iteration succeeded in finding operating point.

.step idx=5850
Direct Newton iteration succeeded in finding operating point.

.step idx=5851
Direct Newton iteration succeeded in finding operating point.

.step idx=5852
Direct Newton iteration succeeded in finding operating point.

.step idx=5853
Direct Newton iteration succeeded in finding operating point.

.step idx=5854
Direct Newton iteration succeeded in finding operating point.

.step idx=5855
Direct Newton iteration succeeded in finding operating point.

.step idx=5856
Direct Newton iteration succeeded in finding operating point.

.step idx=5857
Direct Newton iteration succeeded in finding operating point.

.step idx=5858
Direct Newton iteration succeeded in finding operating point.

.step idx=5859
Direct Newton iteration succeeded in finding operating point.

.step idx=5860
Direct Newton iteration succeeded in finding operating point.

.step idx=5861
Direct Newton iteration succeeded in finding operating point.

.step idx=5862
Direct Newton iteration succeeded in finding operating point.

.step idx=5863
Direct Newton iteration succeeded in finding operating point.

.step idx=5864
Direct Newton iteration succeeded in finding operating point.

.step idx=5865
Direct Newton iteration succeeded in finding operating point.

.step idx=5866
Direct Newton iteration succeeded in finding operating point.

.step idx=5867
Direct Newton iteration succeeded in finding operating point.

.step idx=5868
Direct Newton iteration succeeded in finding operating point.

.step idx=5869
Direct Newton iteration succeeded in finding operating point.

.step idx=5870
Direct Newton iteration succeeded in finding operating point.

.step idx=5871
Direct Newton iteration succeeded in finding operating point.

.step idx=5872
Direct Newton iteration succeeded in finding operating point.

.step idx=5873
Direct Newton iteration succeeded in finding operating point.

.step idx=5874
Direct Newton iteration succeeded in finding operating point.

.step idx=5875
Direct Newton iteration succeeded in finding operating point.

.step idx=5876
Direct Newton iteration succeeded in finding operating point.

.step idx=5877
Direct Newton iteration succeeded in finding operating point.

.step idx=5878
Direct Newton iteration succeeded in finding operating point.

.step idx=5879
Direct Newton iteration succeeded in finding operating point.

.step idx=5880
Direct Newton iteration succeeded in finding operating point.

.step idx=5881
Direct Newton iteration succeeded in finding operating point.

.step idx=5882
Direct Newton iteration succeeded in finding operating point.

.step idx=5883
Direct Newton iteration succeeded in finding operating point.

.step idx=5884
Direct Newton iteration succeeded in finding operating point.

.step idx=5885
Direct Newton iteration succeeded in finding operating point.

.step idx=5886
Direct Newton iteration succeeded in finding operating point.

.step idx=5887
Direct Newton iteration succeeded in finding operating point.

.step idx=5888
Direct Newton iteration succeeded in finding operating point.

.step idx=5889
Direct Newton iteration succeeded in finding operating point.

.step idx=5890
Direct Newton iteration succeeded in finding operating point.

.step idx=5891
Direct Newton iteration succeeded in finding operating point.

.step idx=5892
Direct Newton iteration succeeded in finding operating point.

.step idx=5893
Direct Newton iteration succeeded in finding operating point.

.step idx=5894
Direct Newton iteration succeeded in finding operating point.

.step idx=5895
Direct Newton iteration succeeded in finding operating point.

.step idx=5896
Direct Newton iteration succeeded in finding operating point.

.step idx=5897
Direct Newton iteration succeeded in finding operating point.

.step idx=5898
Direct Newton iteration succeeded in finding operating point.

.step idx=5899
Direct Newton iteration succeeded in finding operating point.

.step idx=5900
Direct Newton iteration succeeded in finding operating point.

.step idx=5901
Direct Newton iteration succeeded in finding operating point.

.step idx=5902
Direct Newton iteration succeeded in finding operating point.

.step idx=5903
Direct Newton iteration succeeded in finding operating point.

.step idx=5904
Direct Newton iteration succeeded in finding operating point.

.step idx=5905
Direct Newton iteration succeeded in finding operating point.

.step idx=5906
Direct Newton iteration succeeded in finding operating point.

.step idx=5907
Direct Newton iteration succeeded in finding operating point.

.step idx=5908
Direct Newton iteration succeeded in finding operating point.

.step idx=5909
Direct Newton iteration succeeded in finding operating point.

.step idx=5910
Direct Newton iteration succeeded in finding operating point.

.step idx=5911
Direct Newton iteration succeeded in finding operating point.

.step idx=5912
Direct Newton iteration succeeded in finding operating point.

.step idx=5913
Direct Newton iteration succeeded in finding operating point.

.step idx=5914
Direct Newton iteration succeeded in finding operating point.

.step idx=5915
Direct Newton iteration succeeded in finding operating point.

.step idx=5916
Direct Newton iteration succeeded in finding operating point.

.step idx=5917
Direct Newton iteration succeeded in finding operating point.

.step idx=5918
Direct Newton iteration succeeded in finding operating point.

.step idx=5919
Direct Newton iteration succeeded in finding operating point.

.step idx=5920
Direct Newton iteration succeeded in finding operating point.

.step idx=5921
Direct Newton iteration succeeded in finding operating point.

.step idx=5922
Direct Newton iteration succeeded in finding operating point.

.step idx=5923
Direct Newton iteration succeeded in finding operating point.

.step idx=5924
Direct Newton iteration succeeded in finding operating point.

.step idx=5925
Direct Newton iteration succeeded in finding operating point.

.step idx=5926
Direct Newton iteration succeeded in finding operating point.

.step idx=5927
Direct Newton iteration succeeded in finding operating point.

.step idx=5928
Direct Newton iteration succeeded in finding operating point.

.step idx=5929
Direct Newton iteration succeeded in finding operating point.

.step idx=5930
Direct Newton iteration succeeded in finding operating point.

.step idx=5931
Direct Newton iteration succeeded in finding operating point.

.step idx=5932
Direct Newton iteration succeeded in finding operating point.

.step idx=5933
Direct Newton iteration succeeded in finding operating point.

.step idx=5934
Direct Newton iteration succeeded in finding operating point.

.step idx=5935
Direct Newton iteration succeeded in finding operating point.

.step idx=5936
Direct Newton iteration succeeded in finding operating point.

.step idx=5937
Direct Newton iteration succeeded in finding operating point.

.step idx=5938
Direct Newton iteration succeeded in finding operating point.

.step idx=5939
Direct Newton iteration succeeded in finding operating point.

.step idx=5940
Direct Newton iteration succeeded in finding operating point.

.step idx=5941
Direct Newton iteration succeeded in finding operating point.

.step idx=5942
Direct Newton iteration succeeded in finding operating point.

.step idx=5943
Direct Newton iteration succeeded in finding operating point.

.step idx=5944
Direct Newton iteration succeeded in finding operating point.

.step idx=5945
Direct Newton iteration succeeded in finding operating point.

.step idx=5946
Direct Newton iteration succeeded in finding operating point.

.step idx=5947
Direct Newton iteration succeeded in finding operating point.

.step idx=5948
Direct Newton iteration succeeded in finding operating point.

.step idx=5949
Direct Newton iteration succeeded in finding operating point.

.step idx=5950
Direct Newton iteration succeeded in finding operating point.

.step idx=5951
Direct Newton iteration succeeded in finding operating point.

.step idx=5952
Direct Newton iteration succeeded in finding operating point.

.step idx=5953
Direct Newton iteration succeeded in finding operating point.

.step idx=5954
Direct Newton iteration succeeded in finding operating point.

.step idx=5955
Direct Newton iteration succeeded in finding operating point.

.step idx=5956
Direct Newton iteration succeeded in finding operating point.

.step idx=5957
Direct Newton iteration succeeded in finding operating point.

.step idx=5958
Direct Newton iteration succeeded in finding operating point.

.step idx=5959
Direct Newton iteration succeeded in finding operating point.

.step idx=5960
Direct Newton iteration succeeded in finding operating point.

.step idx=5961
Direct Newton iteration succeeded in finding operating point.

.step idx=5962
Direct Newton iteration succeeded in finding operating point.

.step idx=5963
Direct Newton iteration succeeded in finding operating point.

.step idx=5964
Direct Newton iteration succeeded in finding operating point.

.step idx=5965
Direct Newton iteration succeeded in finding operating point.

.step idx=5966
Direct Newton iteration succeeded in finding operating point.

.step idx=5967
Direct Newton iteration succeeded in finding operating point.

.step idx=5968
Direct Newton iteration succeeded in finding operating point.

.step idx=5969
Direct Newton iteration succeeded in finding operating point.

.step idx=5970
Direct Newton iteration succeeded in finding operating point.

.step idx=5971
Direct Newton iteration succeeded in finding operating point.

.step idx=5972
Direct Newton iteration succeeded in finding operating point.

.step idx=5973
Direct Newton iteration succeeded in finding operating point.

.step idx=5974
Direct Newton iteration succeeded in finding operating point.

.step idx=5975
Direct Newton iteration succeeded in finding operating point.

.step idx=5976
Direct Newton iteration succeeded in finding operating point.

.step idx=5977
Direct Newton iteration succeeded in finding operating point.

.step idx=5978
Direct Newton iteration succeeded in finding operating point.

.step idx=5979
Direct Newton iteration succeeded in finding operating point.

.step idx=5980
Direct Newton iteration succeeded in finding operating point.

.step idx=5981
Direct Newton iteration succeeded in finding operating point.

.step idx=5982
Direct Newton iteration succeeded in finding operating point.

.step idx=5983
Direct Newton iteration succeeded in finding operating point.

.step idx=5984
Direct Newton iteration succeeded in finding operating point.

.step idx=5985
Direct Newton iteration succeeded in finding operating point.

.step idx=5986
Direct Newton iteration succeeded in finding operating point.

.step idx=5987
Direct Newton iteration succeeded in finding operating point.

.step idx=5988
Direct Newton iteration succeeded in finding operating point.

.step idx=5989
Direct Newton iteration succeeded in finding operating point.

.step idx=5990
Direct Newton iteration succeeded in finding operating point.

.step idx=5991
Direct Newton iteration succeeded in finding operating point.

.step idx=5992
Direct Newton iteration succeeded in finding operating point.

.step idx=5993
Direct Newton iteration succeeded in finding operating point.

.step idx=5994
Direct Newton iteration succeeded in finding operating point.

.step idx=5995
Direct Newton iteration succeeded in finding operating point.

.step idx=5996
Direct Newton iteration succeeded in finding operating point.

.step idx=5997
Direct Newton iteration succeeded in finding operating point.

.step idx=5998
Direct Newton iteration succeeded in finding operating point.

.step idx=5999
Direct Newton iteration succeeded in finding operating point.

.step idx=6000
Direct Newton iteration succeeded in finding operating point.

.step idx=6001
Direct Newton iteration succeeded in finding operating point.

.step idx=6002
Direct Newton iteration succeeded in finding operating point.

.step idx=6003
Direct Newton iteration succeeded in finding operating point.

.step idx=6004
Direct Newton iteration succeeded in finding operating point.

.step idx=6005
Direct Newton iteration succeeded in finding operating point.

.step idx=6006
Direct Newton iteration succeeded in finding operating point.

.step idx=6007
Direct Newton iteration succeeded in finding operating point.

.step idx=6008
Direct Newton iteration succeeded in finding operating point.

.step idx=6009
Direct Newton iteration succeeded in finding operating point.

.step idx=6010
Direct Newton iteration succeeded in finding operating point.

.step idx=6011
Direct Newton iteration succeeded in finding operating point.

.step idx=6012
Direct Newton iteration succeeded in finding operating point.

.step idx=6013
Direct Newton iteration succeeded in finding operating point.

.step idx=6014
Direct Newton iteration succeeded in finding operating point.

.step idx=6015
Direct Newton iteration succeeded in finding operating point.

.step idx=6016
Direct Newton iteration succeeded in finding operating point.

.step idx=6017
Direct Newton iteration succeeded in finding operating point.

.step idx=6018
Direct Newton iteration succeeded in finding operating point.

.step idx=6019
Direct Newton iteration succeeded in finding operating point.

.step idx=6020
Direct Newton iteration succeeded in finding operating point.

.step idx=6021
Direct Newton iteration succeeded in finding operating point.

.step idx=6022
Direct Newton iteration succeeded in finding operating point.

.step idx=6023
Direct Newton iteration succeeded in finding operating point.

.step idx=6024
Direct Newton iteration succeeded in finding operating point.

.step idx=6025
Direct Newton iteration succeeded in finding operating point.

.step idx=6026
Direct Newton iteration succeeded in finding operating point.

.step idx=6027
Direct Newton iteration succeeded in finding operating point.

.step idx=6028
Direct Newton iteration succeeded in finding operating point.

.step idx=6029
Direct Newton iteration succeeded in finding operating point.

.step idx=6030
Direct Newton iteration succeeded in finding operating point.

.step idx=6031
Direct Newton iteration succeeded in finding operating point.

.step idx=6032
Direct Newton iteration succeeded in finding operating point.

.step idx=6033
Direct Newton iteration succeeded in finding operating point.

.step idx=6034
Direct Newton iteration succeeded in finding operating point.

.step idx=6035
Direct Newton iteration succeeded in finding operating point.

.step idx=6036
Direct Newton iteration succeeded in finding operating point.

.step idx=6037
Direct Newton iteration succeeded in finding operating point.

.step idx=6038
Direct Newton iteration succeeded in finding operating point.

.step idx=6039
Direct Newton iteration succeeded in finding operating point.

.step idx=6040
Direct Newton iteration succeeded in finding operating point.

.step idx=6041
Direct Newton iteration succeeded in finding operating point.

.step idx=6042
Direct Newton iteration succeeded in finding operating point.

.step idx=6043
Direct Newton iteration succeeded in finding operating point.

.step idx=6044
Direct Newton iteration succeeded in finding operating point.

.step idx=6045
Direct Newton iteration succeeded in finding operating point.

.step idx=6046
Direct Newton iteration succeeded in finding operating point.

.step idx=6047
Direct Newton iteration succeeded in finding operating point.

.step idx=6048
Direct Newton iteration succeeded in finding operating point.

.step idx=6049
Direct Newton iteration succeeded in finding operating point.

.step idx=6050
Direct Newton iteration succeeded in finding operating point.

.step idx=6051
Direct Newton iteration succeeded in finding operating point.

.step idx=6052
Direct Newton iteration succeeded in finding operating point.

.step idx=6053
Direct Newton iteration succeeded in finding operating point.

.step idx=6054
Direct Newton iteration succeeded in finding operating point.

.step idx=6055
Direct Newton iteration succeeded in finding operating point.

.step idx=6056
Direct Newton iteration succeeded in finding operating point.

.step idx=6057
Direct Newton iteration succeeded in finding operating point.

.step idx=6058
Direct Newton iteration succeeded in finding operating point.

.step idx=6059
Direct Newton iteration succeeded in finding operating point.

.step idx=6060
Direct Newton iteration succeeded in finding operating point.

.step idx=6061
Direct Newton iteration succeeded in finding operating point.

.step idx=6062
Direct Newton iteration succeeded in finding operating point.

.step idx=6063
Direct Newton iteration succeeded in finding operating point.

.step idx=6064
Direct Newton iteration succeeded in finding operating point.

.step idx=6065
Direct Newton iteration succeeded in finding operating point.

.step idx=6066
Direct Newton iteration succeeded in finding operating point.

.step idx=6067
Direct Newton iteration succeeded in finding operating point.

.step idx=6068
Direct Newton iteration succeeded in finding operating point.

.step idx=6069
Direct Newton iteration succeeded in finding operating point.

.step idx=6070
Direct Newton iteration succeeded in finding operating point.

.step idx=6071
Direct Newton iteration succeeded in finding operating point.

.step idx=6072
Direct Newton iteration succeeded in finding operating point.

.step idx=6073
Direct Newton iteration succeeded in finding operating point.

.step idx=6074
Direct Newton iteration succeeded in finding operating point.

.step idx=6075
Direct Newton iteration succeeded in finding operating point.

.step idx=6076
Direct Newton iteration succeeded in finding operating point.

.step idx=6077
Direct Newton iteration succeeded in finding operating point.

.step idx=6078
Direct Newton iteration succeeded in finding operating point.

.step idx=6079
Direct Newton iteration succeeded in finding operating point.

.step idx=6080
Direct Newton iteration succeeded in finding operating point.

.step idx=6081
Direct Newton iteration succeeded in finding operating point.

.step idx=6082
Direct Newton iteration succeeded in finding operating point.

.step idx=6083
Direct Newton iteration succeeded in finding operating point.

.step idx=6084
Direct Newton iteration succeeded in finding operating point.

.step idx=6085
Direct Newton iteration succeeded in finding operating point.

.step idx=6086
Direct Newton iteration succeeded in finding operating point.

.step idx=6087
Direct Newton iteration succeeded in finding operating point.

.step idx=6088
Direct Newton iteration succeeded in finding operating point.

.step idx=6089
Direct Newton iteration succeeded in finding operating point.

.step idx=6090
Direct Newton iteration succeeded in finding operating point.

.step idx=6091
Direct Newton iteration succeeded in finding operating point.

.step idx=6092
Direct Newton iteration succeeded in finding operating point.

.step idx=6093
Direct Newton iteration succeeded in finding operating point.

.step idx=6094
Direct Newton iteration succeeded in finding operating point.

.step idx=6095
Direct Newton iteration succeeded in finding operating point.

.step idx=6096
Direct Newton iteration succeeded in finding operating point.

.step idx=6097
Direct Newton iteration succeeded in finding operating point.

.step idx=6098
Direct Newton iteration succeeded in finding operating point.

.step idx=6099
Direct Newton iteration succeeded in finding operating point.

.step idx=6100
Direct Newton iteration succeeded in finding operating point.

.step idx=6101
Direct Newton iteration succeeded in finding operating point.

.step idx=6102
Direct Newton iteration succeeded in finding operating point.

.step idx=6103
Direct Newton iteration succeeded in finding operating point.

.step idx=6104
Direct Newton iteration succeeded in finding operating point.

.step idx=6105
Direct Newton iteration succeeded in finding operating point.

.step idx=6106
Direct Newton iteration succeeded in finding operating point.

.step idx=6107
Direct Newton iteration succeeded in finding operating point.

.step idx=6108
Direct Newton iteration succeeded in finding operating point.

.step idx=6109
Direct Newton iteration succeeded in finding operating point.

.step idx=6110
Direct Newton iteration succeeded in finding operating point.

.step idx=6111
Direct Newton iteration succeeded in finding operating point.

.step idx=6112
Direct Newton iteration succeeded in finding operating point.

.step idx=6113
Direct Newton iteration succeeded in finding operating point.

.step idx=6114
Direct Newton iteration succeeded in finding operating point.

.step idx=6115
Direct Newton iteration succeeded in finding operating point.

.step idx=6116
Direct Newton iteration succeeded in finding operating point.

.step idx=6117
Direct Newton iteration succeeded in finding operating point.

.step idx=6118
Direct Newton iteration succeeded in finding operating point.

.step idx=6119
Direct Newton iteration succeeded in finding operating point.

.step idx=6120
Direct Newton iteration succeeded in finding operating point.

.step idx=6121
Direct Newton iteration succeeded in finding operating point.

.step idx=6122
Direct Newton iteration succeeded in finding operating point.

.step idx=6123
Direct Newton iteration succeeded in finding operating point.

.step idx=6124
Direct Newton iteration succeeded in finding operating point.

.step idx=6125
Direct Newton iteration succeeded in finding operating point.

.step idx=6126
Direct Newton iteration succeeded in finding operating point.

.step idx=6127
Direct Newton iteration succeeded in finding operating point.

.step idx=6128
Direct Newton iteration succeeded in finding operating point.

.step idx=6129
Direct Newton iteration succeeded in finding operating point.

.step idx=6130
Direct Newton iteration succeeded in finding operating point.

.step idx=6131
Direct Newton iteration succeeded in finding operating point.

.step idx=6132
Direct Newton iteration succeeded in finding operating point.

.step idx=6133
Direct Newton iteration succeeded in finding operating point.

.step idx=6134
Direct Newton iteration succeeded in finding operating point.

.step idx=6135
Direct Newton iteration succeeded in finding operating point.

.step idx=6136
Direct Newton iteration succeeded in finding operating point.

.step idx=6137
Direct Newton iteration succeeded in finding operating point.

.step idx=6138
Direct Newton iteration succeeded in finding operating point.

.step idx=6139
Direct Newton iteration succeeded in finding operating point.

.step idx=6140
Direct Newton iteration succeeded in finding operating point.

.step idx=6141
Direct Newton iteration succeeded in finding operating point.

.step idx=6142
Direct Newton iteration succeeded in finding operating point.

.step idx=6143
Direct Newton iteration succeeded in finding operating point.

.step idx=6144
Direct Newton iteration succeeded in finding operating point.

.step idx=6145
Direct Newton iteration succeeded in finding operating point.

.step idx=6146
Direct Newton iteration succeeded in finding operating point.

.step idx=6147
Direct Newton iteration succeeded in finding operating point.

.step idx=6148
Direct Newton iteration succeeded in finding operating point.

.step idx=6149
Direct Newton iteration succeeded in finding operating point.

.step idx=6150
Direct Newton iteration succeeded in finding operating point.

.step idx=6151
Direct Newton iteration succeeded in finding operating point.

.step idx=6152
Direct Newton iteration succeeded in finding operating point.

.step idx=6153
Direct Newton iteration succeeded in finding operating point.

.step idx=6154
Direct Newton iteration succeeded in finding operating point.

.step idx=6155
Direct Newton iteration succeeded in finding operating point.

.step idx=6156
Direct Newton iteration succeeded in finding operating point.

.step idx=6157
Direct Newton iteration succeeded in finding operating point.

.step idx=6158
Direct Newton iteration succeeded in finding operating point.

.step idx=6159
Direct Newton iteration succeeded in finding operating point.

.step idx=6160
Direct Newton iteration succeeded in finding operating point.

.step idx=6161
Direct Newton iteration succeeded in finding operating point.

.step idx=6162
Direct Newton iteration succeeded in finding operating point.

.step idx=6163
Direct Newton iteration succeeded in finding operating point.

.step idx=6164
Direct Newton iteration succeeded in finding operating point.

.step idx=6165
Direct Newton iteration succeeded in finding operating point.

.step idx=6166
Direct Newton iteration succeeded in finding operating point.

.step idx=6167
Direct Newton iteration succeeded in finding operating point.

.step idx=6168
Direct Newton iteration succeeded in finding operating point.

.step idx=6169
Direct Newton iteration succeeded in finding operating point.

.step idx=6170
Direct Newton iteration succeeded in finding operating point.

.step idx=6171
Direct Newton iteration succeeded in finding operating point.

.step idx=6172
Direct Newton iteration succeeded in finding operating point.

.step idx=6173
Direct Newton iteration succeeded in finding operating point.

.step idx=6174
Direct Newton iteration succeeded in finding operating point.

.step idx=6175
Direct Newton iteration succeeded in finding operating point.

.step idx=6176
Direct Newton iteration succeeded in finding operating point.

.step idx=6177
Direct Newton iteration succeeded in finding operating point.

.step idx=6178
Direct Newton iteration succeeded in finding operating point.

.step idx=6179
Direct Newton iteration succeeded in finding operating point.

.step idx=6180
Direct Newton iteration succeeded in finding operating point.

.step idx=6181
Direct Newton iteration succeeded in finding operating point.

.step idx=6182
Direct Newton iteration succeeded in finding operating point.

.step idx=6183
Direct Newton iteration succeeded in finding operating point.

.step idx=6184
Direct Newton iteration succeeded in finding operating point.

.step idx=6185
Direct Newton iteration succeeded in finding operating point.

.step idx=6186
Direct Newton iteration succeeded in finding operating point.

.step idx=6187
Direct Newton iteration succeeded in finding operating point.

.step idx=6188
Direct Newton iteration succeeded in finding operating point.

.step idx=6189
Direct Newton iteration succeeded in finding operating point.

.step idx=6190
Direct Newton iteration succeeded in finding operating point.

.step idx=6191
Direct Newton iteration succeeded in finding operating point.

.step idx=6192
Direct Newton iteration succeeded in finding operating point.

.step idx=6193
Direct Newton iteration succeeded in finding operating point.

.step idx=6194
Direct Newton iteration succeeded in finding operating point.

.step idx=6195
Direct Newton iteration succeeded in finding operating point.

.step idx=6196
Direct Newton iteration succeeded in finding operating point.

.step idx=6197
Direct Newton iteration succeeded in finding operating point.

.step idx=6198
Direct Newton iteration succeeded in finding operating point.

.step idx=6199
Direct Newton iteration succeeded in finding operating point.

.step idx=6200
Direct Newton iteration succeeded in finding operating point.

.step idx=6201
Direct Newton iteration succeeded in finding operating point.

.step idx=6202
Direct Newton iteration succeeded in finding operating point.

.step idx=6203
Direct Newton iteration succeeded in finding operating point.

.step idx=6204
Direct Newton iteration succeeded in finding operating point.

.step idx=6205
Direct Newton iteration succeeded in finding operating point.

.step idx=6206
Direct Newton iteration succeeded in finding operating point.

.step idx=6207
Direct Newton iteration succeeded in finding operating point.

.step idx=6208
Direct Newton iteration succeeded in finding operating point.

.step idx=6209
Direct Newton iteration succeeded in finding operating point.

.step idx=6210
Direct Newton iteration succeeded in finding operating point.

.step idx=6211
Direct Newton iteration succeeded in finding operating point.

.step idx=6212
Direct Newton iteration succeeded in finding operating point.

.step idx=6213
Direct Newton iteration succeeded in finding operating point.

.step idx=6214
Direct Newton iteration succeeded in finding operating point.

.step idx=6215
Direct Newton iteration succeeded in finding operating point.

.step idx=6216
Direct Newton iteration succeeded in finding operating point.

.step idx=6217
Direct Newton iteration succeeded in finding operating point.

.step idx=6218
Direct Newton iteration succeeded in finding operating point.

.step idx=6219
Direct Newton iteration succeeded in finding operating point.

.step idx=6220
Direct Newton iteration succeeded in finding operating point.

.step idx=6221
Direct Newton iteration succeeded in finding operating point.

.step idx=6222
Direct Newton iteration succeeded in finding operating point.

.step idx=6223
Direct Newton iteration succeeded in finding operating point.

.step idx=6224
Direct Newton iteration succeeded in finding operating point.

.step idx=6225
Direct Newton iteration succeeded in finding operating point.

.step idx=6226
Direct Newton iteration succeeded in finding operating point.

.step idx=6227
Direct Newton iteration succeeded in finding operating point.

.step idx=6228
Direct Newton iteration succeeded in finding operating point.

.step idx=6229
Direct Newton iteration succeeded in finding operating point.

.step idx=6230
Direct Newton iteration succeeded in finding operating point.

.step idx=6231
Direct Newton iteration succeeded in finding operating point.

.step idx=6232
Direct Newton iteration succeeded in finding operating point.

.step idx=6233
Direct Newton iteration succeeded in finding operating point.

.step idx=6234
Direct Newton iteration succeeded in finding operating point.

.step idx=6235
Direct Newton iteration succeeded in finding operating point.

.step idx=6236
Direct Newton iteration succeeded in finding operating point.

.step idx=6237
Direct Newton iteration succeeded in finding operating point.

.step idx=6238
Direct Newton iteration succeeded in finding operating point.

.step idx=6239
Direct Newton iteration succeeded in finding operating point.

.step idx=6240
Direct Newton iteration succeeded in finding operating point.

.step idx=6241
Direct Newton iteration succeeded in finding operating point.

.step idx=6242
Direct Newton iteration succeeded in finding operating point.

.step idx=6243
Direct Newton iteration succeeded in finding operating point.

.step idx=6244
Direct Newton iteration succeeded in finding operating point.

.step idx=6245
Direct Newton iteration succeeded in finding operating point.

.step idx=6246
Direct Newton iteration succeeded in finding operating point.

.step idx=6247
Direct Newton iteration succeeded in finding operating point.

.step idx=6248
Direct Newton iteration succeeded in finding operating point.

.step idx=6249
Direct Newton iteration succeeded in finding operating point.

.step idx=6250
Direct Newton iteration succeeded in finding operating point.

.step idx=6251
Direct Newton iteration succeeded in finding operating point.

.step idx=6252
Direct Newton iteration succeeded in finding operating point.

.step idx=6253
Direct Newton iteration succeeded in finding operating point.

.step idx=6254
Direct Newton iteration succeeded in finding operating point.

.step idx=6255
Direct Newton iteration succeeded in finding operating point.

.step idx=6256
Direct Newton iteration succeeded in finding operating point.

.step idx=6257
Direct Newton iteration succeeded in finding operating point.

.step idx=6258
Direct Newton iteration succeeded in finding operating point.

.step idx=6259
Direct Newton iteration succeeded in finding operating point.

.step idx=6260
Direct Newton iteration succeeded in finding operating point.

.step idx=6261
Direct Newton iteration succeeded in finding operating point.

.step idx=6262
Direct Newton iteration succeeded in finding operating point.

.step idx=6263
Direct Newton iteration succeeded in finding operating point.

.step idx=6264
Direct Newton iteration succeeded in finding operating point.

.step idx=6265
Direct Newton iteration succeeded in finding operating point.

.step idx=6266
Direct Newton iteration succeeded in finding operating point.

.step idx=6267
Direct Newton iteration succeeded in finding operating point.

.step idx=6268
Direct Newton iteration succeeded in finding operating point.

.step idx=6269
Direct Newton iteration succeeded in finding operating point.

.step idx=6270
Direct Newton iteration succeeded in finding operating point.

.step idx=6271
Direct Newton iteration succeeded in finding operating point.

.step idx=6272
Direct Newton iteration succeeded in finding operating point.

.step idx=6273
Direct Newton iteration succeeded in finding operating point.

.step idx=6274
Direct Newton iteration succeeded in finding operating point.

.step idx=6275
Direct Newton iteration succeeded in finding operating point.

.step idx=6276
Direct Newton iteration succeeded in finding operating point.

.step idx=6277
Direct Newton iteration succeeded in finding operating point.

.step idx=6278
Direct Newton iteration succeeded in finding operating point.

.step idx=6279
Direct Newton iteration succeeded in finding operating point.

.step idx=6280
Direct Newton iteration succeeded in finding operating point.

.step idx=6281
Direct Newton iteration succeeded in finding operating point.

.step idx=6282
Direct Newton iteration succeeded in finding operating point.

.step idx=6283
Direct Newton iteration succeeded in finding operating point.

.step idx=6284
Direct Newton iteration succeeded in finding operating point.

.step idx=6285
Direct Newton iteration succeeded in finding operating point.

.step idx=6286
Direct Newton iteration succeeded in finding operating point.

.step idx=6287
Direct Newton iteration succeeded in finding operating point.

.step idx=6288
Direct Newton iteration succeeded in finding operating point.

.step idx=6289
Direct Newton iteration succeeded in finding operating point.

.step idx=6290
Direct Newton iteration succeeded in finding operating point.

.step idx=6291
Direct Newton iteration succeeded in finding operating point.

.step idx=6292
Direct Newton iteration succeeded in finding operating point.

.step idx=6293
Direct Newton iteration succeeded in finding operating point.

.step idx=6294
Direct Newton iteration succeeded in finding operating point.

.step idx=6295
Direct Newton iteration succeeded in finding operating point.

.step idx=6296
Direct Newton iteration succeeded in finding operating point.

.step idx=6297
Direct Newton iteration succeeded in finding operating point.

.step idx=6298
Direct Newton iteration succeeded in finding operating point.

.step idx=6299
Direct Newton iteration succeeded in finding operating point.

.step idx=6300
Direct Newton iteration succeeded in finding operating point.

.step idx=6301
Direct Newton iteration succeeded in finding operating point.

.step idx=6302
Direct Newton iteration succeeded in finding operating point.

.step idx=6303
Direct Newton iteration succeeded in finding operating point.

.step idx=6304
Direct Newton iteration succeeded in finding operating point.

.step idx=6305
Direct Newton iteration succeeded in finding operating point.

.step idx=6306
Direct Newton iteration succeeded in finding operating point.

.step idx=6307
Direct Newton iteration succeeded in finding operating point.

.step idx=6308
Direct Newton iteration succeeded in finding operating point.

.step idx=6309
Direct Newton iteration succeeded in finding operating point.

.step idx=6310
Direct Newton iteration succeeded in finding operating point.

.step idx=6311
Direct Newton iteration succeeded in finding operating point.

.step idx=6312
Direct Newton iteration succeeded in finding operating point.

.step idx=6313
Direct Newton iteration succeeded in finding operating point.

.step idx=6314
Direct Newton iteration succeeded in finding operating point.

.step idx=6315
Direct Newton iteration succeeded in finding operating point.

.step idx=6316
Direct Newton iteration succeeded in finding operating point.

.step idx=6317
Direct Newton iteration succeeded in finding operating point.

.step idx=6318
Direct Newton iteration succeeded in finding operating point.

.step idx=6319
Direct Newton iteration succeeded in finding operating point.

.step idx=6320
Direct Newton iteration succeeded in finding operating point.

.step idx=6321
Direct Newton iteration succeeded in finding operating point.

.step idx=6322
Direct Newton iteration succeeded in finding operating point.

.step idx=6323
Direct Newton iteration succeeded in finding operating point.

.step idx=6324
Direct Newton iteration succeeded in finding operating point.

.step idx=6325
Direct Newton iteration succeeded in finding operating point.

.step idx=6326
Direct Newton iteration succeeded in finding operating point.

.step idx=6327
Direct Newton iteration succeeded in finding operating point.

.step idx=6328
Direct Newton iteration succeeded in finding operating point.

.step idx=6329
Direct Newton iteration succeeded in finding operating point.

.step idx=6330
Direct Newton iteration succeeded in finding operating point.

.step idx=6331
Direct Newton iteration succeeded in finding operating point.

.step idx=6332
Direct Newton iteration succeeded in finding operating point.

.step idx=6333
Direct Newton iteration succeeded in finding operating point.

.step idx=6334
Direct Newton iteration succeeded in finding operating point.

.step idx=6335
Direct Newton iteration succeeded in finding operating point.

.step idx=6336
Direct Newton iteration succeeded in finding operating point.

.step idx=6337
Direct Newton iteration succeeded in finding operating point.

.step idx=6338
Direct Newton iteration succeeded in finding operating point.

.step idx=6339
Direct Newton iteration succeeded in finding operating point.

.step idx=6340
Direct Newton iteration succeeded in finding operating point.

.step idx=6341
Direct Newton iteration succeeded in finding operating point.

.step idx=6342
Direct Newton iteration succeeded in finding operating point.

.step idx=6343
Direct Newton iteration succeeded in finding operating point.

.step idx=6344
Direct Newton iteration succeeded in finding operating point.

.step idx=6345
Direct Newton iteration succeeded in finding operating point.

.step idx=6346
Direct Newton iteration succeeded in finding operating point.

.step idx=6347
Direct Newton iteration succeeded in finding operating point.

.step idx=6348
Direct Newton iteration succeeded in finding operating point.

.step idx=6349
Direct Newton iteration succeeded in finding operating point.

.step idx=6350
Direct Newton iteration succeeded in finding operating point.

.step idx=6351
Direct Newton iteration succeeded in finding operating point.

.step idx=6352
Direct Newton iteration succeeded in finding operating point.

.step idx=6353
Direct Newton iteration succeeded in finding operating point.

.step idx=6354
Direct Newton iteration succeeded in finding operating point.

.step idx=6355
Direct Newton iteration succeeded in finding operating point.

.step idx=6356
Direct Newton iteration succeeded in finding operating point.

.step idx=6357
Direct Newton iteration succeeded in finding operating point.

.step idx=6358
Direct Newton iteration succeeded in finding operating point.

.step idx=6359
Direct Newton iteration succeeded in finding operating point.

.step idx=6360
Direct Newton iteration succeeded in finding operating point.

.step idx=6361
Direct Newton iteration succeeded in finding operating point.

.step idx=6362
Direct Newton iteration succeeded in finding operating point.

.step idx=6363
Direct Newton iteration succeeded in finding operating point.

.step idx=6364
Direct Newton iteration succeeded in finding operating point.

.step idx=6365
Direct Newton iteration succeeded in finding operating point.

.step idx=6366
Direct Newton iteration succeeded in finding operating point.

.step idx=6367
Direct Newton iteration succeeded in finding operating point.

.step idx=6368
Direct Newton iteration succeeded in finding operating point.

.step idx=6369
Direct Newton iteration succeeded in finding operating point.

.step idx=6370
Direct Newton iteration succeeded in finding operating point.

.step idx=6371
Direct Newton iteration succeeded in finding operating point.

.step idx=6372
Direct Newton iteration succeeded in finding operating point.

.step idx=6373
Direct Newton iteration succeeded in finding operating point.

.step idx=6374
Direct Newton iteration succeeded in finding operating point.

.step idx=6375
Direct Newton iteration succeeded in finding operating point.

.step idx=6376
Direct Newton iteration succeeded in finding operating point.

.step idx=6377
Direct Newton iteration succeeded in finding operating point.

.step idx=6378
Direct Newton iteration succeeded in finding operating point.

.step idx=6379
Direct Newton iteration succeeded in finding operating point.

.step idx=6380
Direct Newton iteration succeeded in finding operating point.

.step idx=6381
Direct Newton iteration succeeded in finding operating point.

.step idx=6382
Direct Newton iteration succeeded in finding operating point.

.step idx=6383
Direct Newton iteration succeeded in finding operating point.

.step idx=6384
Direct Newton iteration succeeded in finding operating point.

.step idx=6385
Direct Newton iteration succeeded in finding operating point.

.step idx=6386
Direct Newton iteration succeeded in finding operating point.

.step idx=6387
Direct Newton iteration succeeded in finding operating point.

.step idx=6388
Direct Newton iteration succeeded in finding operating point.

.step idx=6389
Direct Newton iteration succeeded in finding operating point.

.step idx=6390
Direct Newton iteration succeeded in finding operating point.

.step idx=6391
Direct Newton iteration succeeded in finding operating point.

.step idx=6392
Direct Newton iteration succeeded in finding operating point.

.step idx=6393
Direct Newton iteration succeeded in finding operating point.

.step idx=6394
Direct Newton iteration succeeded in finding operating point.

.step idx=6395
Direct Newton iteration succeeded in finding operating point.

.step idx=6396
Direct Newton iteration succeeded in finding operating point.

.step idx=6397
Direct Newton iteration succeeded in finding operating point.

.step idx=6398
Direct Newton iteration succeeded in finding operating point.

.step idx=6399
Direct Newton iteration succeeded in finding operating point.

.step idx=6400
Direct Newton iteration succeeded in finding operating point.

.step idx=6401
Direct Newton iteration succeeded in finding operating point.

.step idx=6402
Direct Newton iteration succeeded in finding operating point.

.step idx=6403
Direct Newton iteration succeeded in finding operating point.

.step idx=6404
Direct Newton iteration succeeded in finding operating point.

.step idx=6405
Direct Newton iteration succeeded in finding operating point.

.step idx=6406
Direct Newton iteration succeeded in finding operating point.

.step idx=6407
Direct Newton iteration succeeded in finding operating point.

.step idx=6408
Direct Newton iteration succeeded in finding operating point.

.step idx=6409
Direct Newton iteration succeeded in finding operating point.

.step idx=6410
Direct Newton iteration succeeded in finding operating point.

.step idx=6411
Direct Newton iteration succeeded in finding operating point.

.step idx=6412
Direct Newton iteration succeeded in finding operating point.

.step idx=6413
Direct Newton iteration succeeded in finding operating point.

.step idx=6414
Direct Newton iteration succeeded in finding operating point.

.step idx=6415
Direct Newton iteration succeeded in finding operating point.

.step idx=6416
Direct Newton iteration succeeded in finding operating point.

.step idx=6417
Direct Newton iteration succeeded in finding operating point.

.step idx=6418
Direct Newton iteration succeeded in finding operating point.

.step idx=6419
Direct Newton iteration succeeded in finding operating point.

.step idx=6420
Direct Newton iteration succeeded in finding operating point.

.step idx=6421
Direct Newton iteration succeeded in finding operating point.

.step idx=6422
Direct Newton iteration succeeded in finding operating point.

.step idx=6423
Direct Newton iteration succeeded in finding operating point.

.step idx=6424
Direct Newton iteration succeeded in finding operating point.

.step idx=6425
Direct Newton iteration succeeded in finding operating point.

.step idx=6426
Direct Newton iteration succeeded in finding operating point.

.step idx=6427
Direct Newton iteration succeeded in finding operating point.

.step idx=6428
Direct Newton iteration succeeded in finding operating point.

.step idx=6429
Direct Newton iteration succeeded in finding operating point.

.step idx=6430
Direct Newton iteration succeeded in finding operating point.

.step idx=6431
Direct Newton iteration succeeded in finding operating point.

.step idx=6432
Direct Newton iteration succeeded in finding operating point.

.step idx=6433
Direct Newton iteration succeeded in finding operating point.

.step idx=6434
Direct Newton iteration succeeded in finding operating point.

.step idx=6435
Direct Newton iteration succeeded in finding operating point.

.step idx=6436
Direct Newton iteration succeeded in finding operating point.

.step idx=6437
Direct Newton iteration succeeded in finding operating point.

.step idx=6438
Direct Newton iteration succeeded in finding operating point.

.step idx=6439
Direct Newton iteration succeeded in finding operating point.

.step idx=6440
Direct Newton iteration succeeded in finding operating point.

.step idx=6441
Direct Newton iteration succeeded in finding operating point.

.step idx=6442
Direct Newton iteration succeeded in finding operating point.

.step idx=6443
Direct Newton iteration succeeded in finding operating point.

.step idx=6444
Direct Newton iteration succeeded in finding operating point.

.step idx=6445
Direct Newton iteration succeeded in finding operating point.

.step idx=6446
Direct Newton iteration succeeded in finding operating point.

.step idx=6447
Direct Newton iteration succeeded in finding operating point.

.step idx=6448
Direct Newton iteration succeeded in finding operating point.

.step idx=6449
Direct Newton iteration succeeded in finding operating point.

.step idx=6450
Direct Newton iteration succeeded in finding operating point.

.step idx=6451
Direct Newton iteration succeeded in finding operating point.

.step idx=6452
Direct Newton iteration succeeded in finding operating point.

.step idx=6453
Direct Newton iteration succeeded in finding operating point.

.step idx=6454
Direct Newton iteration succeeded in finding operating point.

.step idx=6455
Direct Newton iteration succeeded in finding operating point.

.step idx=6456
Direct Newton iteration succeeded in finding operating point.

.step idx=6457
Direct Newton iteration succeeded in finding operating point.

.step idx=6458
Direct Newton iteration succeeded in finding operating point.

.step idx=6459
Direct Newton iteration succeeded in finding operating point.

.step idx=6460
Direct Newton iteration succeeded in finding operating point.

.step idx=6461
Direct Newton iteration succeeded in finding operating point.

.step idx=6462
Direct Newton iteration succeeded in finding operating point.

.step idx=6463
Direct Newton iteration succeeded in finding operating point.

.step idx=6464
Direct Newton iteration succeeded in finding operating point.

.step idx=6465
Direct Newton iteration succeeded in finding operating point.

.step idx=6466
Direct Newton iteration succeeded in finding operating point.

.step idx=6467
Direct Newton iteration succeeded in finding operating point.

.step idx=6468
Direct Newton iteration succeeded in finding operating point.

.step idx=6469
Direct Newton iteration succeeded in finding operating point.

.step idx=6470
Direct Newton iteration succeeded in finding operating point.

.step idx=6471
Direct Newton iteration succeeded in finding operating point.

.step idx=6472
Direct Newton iteration succeeded in finding operating point.

.step idx=6473
Direct Newton iteration succeeded in finding operating point.

.step idx=6474
Direct Newton iteration succeeded in finding operating point.

.step idx=6475
Direct Newton iteration succeeded in finding operating point.

.step idx=6476
Direct Newton iteration succeeded in finding operating point.

.step idx=6477
Direct Newton iteration succeeded in finding operating point.

.step idx=6478
Direct Newton iteration succeeded in finding operating point.

.step idx=6479
Direct Newton iteration succeeded in finding operating point.

.step idx=6480
Direct Newton iteration succeeded in finding operating point.

.step idx=6481
Direct Newton iteration succeeded in finding operating point.

.step idx=6482
Direct Newton iteration succeeded in finding operating point.

.step idx=6483
Direct Newton iteration succeeded in finding operating point.

.step idx=6484
Direct Newton iteration succeeded in finding operating point.

.step idx=6485
Direct Newton iteration succeeded in finding operating point.

.step idx=6486
Direct Newton iteration succeeded in finding operating point.

.step idx=6487
Direct Newton iteration succeeded in finding operating point.

.step idx=6488
Direct Newton iteration succeeded in finding operating point.

.step idx=6489
Direct Newton iteration succeeded in finding operating point.

.step idx=6490
Direct Newton iteration succeeded in finding operating point.

.step idx=6491
Direct Newton iteration succeeded in finding operating point.

.step idx=6492
Direct Newton iteration succeeded in finding operating point.

.step idx=6493
Direct Newton iteration succeeded in finding operating point.

.step idx=6494
Direct Newton iteration succeeded in finding operating point.

.step idx=6495
Direct Newton iteration succeeded in finding operating point.

.step idx=6496
Direct Newton iteration succeeded in finding operating point.

.step idx=6497
Direct Newton iteration succeeded in finding operating point.

.step idx=6498
Direct Newton iteration succeeded in finding operating point.

.step idx=6499
Direct Newton iteration succeeded in finding operating point.

.step idx=6500
Direct Newton iteration succeeded in finding operating point.

.step idx=6501
Direct Newton iteration succeeded in finding operating point.

.step idx=6502
Direct Newton iteration succeeded in finding operating point.

.step idx=6503
Direct Newton iteration succeeded in finding operating point.

.step idx=6504
Direct Newton iteration succeeded in finding operating point.

.step idx=6505
Direct Newton iteration succeeded in finding operating point.

.step idx=6506
Direct Newton iteration succeeded in finding operating point.

.step idx=6507
Direct Newton iteration succeeded in finding operating point.

.step idx=6508
Direct Newton iteration succeeded in finding operating point.

.step idx=6509
Direct Newton iteration succeeded in finding operating point.

.step idx=6510
Direct Newton iteration succeeded in finding operating point.

.step idx=6511
Direct Newton iteration succeeded in finding operating point.

.step idx=6512
Direct Newton iteration succeeded in finding operating point.

.step idx=6513
Direct Newton iteration succeeded in finding operating point.

.step idx=6514
Direct Newton iteration succeeded in finding operating point.

.step idx=6515
Direct Newton iteration succeeded in finding operating point.

.step idx=6516
Direct Newton iteration succeeded in finding operating point.

.step idx=6517
Direct Newton iteration succeeded in finding operating point.

.step idx=6518
Direct Newton iteration succeeded in finding operating point.

.step idx=6519
Direct Newton iteration succeeded in finding operating point.

.step idx=6520
Direct Newton iteration succeeded in finding operating point.

.step idx=6521
Direct Newton iteration succeeded in finding operating point.

.step idx=6522
Direct Newton iteration succeeded in finding operating point.

.step idx=6523
Direct Newton iteration succeeded in finding operating point.

.step idx=6524
Direct Newton iteration succeeded in finding operating point.

.step idx=6525
Direct Newton iteration succeeded in finding operating point.

.step idx=6526
Direct Newton iteration succeeded in finding operating point.

.step idx=6527
Direct Newton iteration succeeded in finding operating point.

.step idx=6528
Direct Newton iteration succeeded in finding operating point.

.step idx=6529
Direct Newton iteration succeeded in finding operating point.

.step idx=6530
Direct Newton iteration succeeded in finding operating point.

.step idx=6531
Direct Newton iteration succeeded in finding operating point.

.step idx=6532
Direct Newton iteration succeeded in finding operating point.

.step idx=6533
Direct Newton iteration succeeded in finding operating point.

.step idx=6534
Direct Newton iteration succeeded in finding operating point.

.step idx=6535
Direct Newton iteration succeeded in finding operating point.

.step idx=6536
Direct Newton iteration succeeded in finding operating point.

.step idx=6537
Direct Newton iteration succeeded in finding operating point.

.step idx=6538
Direct Newton iteration succeeded in finding operating point.

.step idx=6539
Direct Newton iteration succeeded in finding operating point.

.step idx=6540
Direct Newton iteration succeeded in finding operating point.

.step idx=6541
Direct Newton iteration succeeded in finding operating point.

.step idx=6542
Direct Newton iteration succeeded in finding operating point.

.step idx=6543
Direct Newton iteration succeeded in finding operating point.

.step idx=6544
Direct Newton iteration succeeded in finding operating point.

.step idx=6545
Direct Newton iteration succeeded in finding operating point.

.step idx=6546
Direct Newton iteration succeeded in finding operating point.

.step idx=6547
Direct Newton iteration succeeded in finding operating point.

.step idx=6548
Direct Newton iteration succeeded in finding operating point.

.step idx=6549
Direct Newton iteration succeeded in finding operating point.

.step idx=6550
Direct Newton iteration succeeded in finding operating point.

.step idx=6551
Direct Newton iteration succeeded in finding operating point.

.step idx=6552
Direct Newton iteration succeeded in finding operating point.

.step idx=6553
Direct Newton iteration succeeded in finding operating point.

.step idx=6554
Direct Newton iteration succeeded in finding operating point.

.step idx=6555
Direct Newton iteration succeeded in finding operating point.

.step idx=6556
Direct Newton iteration succeeded in finding operating point.

.step idx=6557
Direct Newton iteration succeeded in finding operating point.

.step idx=6558
Direct Newton iteration succeeded in finding operating point.

.step idx=6559
Direct Newton iteration succeeded in finding operating point.

.step idx=6560
Direct Newton iteration succeeded in finding operating point.

.step idx=6561
Direct Newton iteration succeeded in finding operating point.

.step idx=6562
Direct Newton iteration succeeded in finding operating point.

.step idx=6563
Direct Newton iteration succeeded in finding operating point.

.step idx=6564
Direct Newton iteration succeeded in finding operating point.

.step idx=6565
Direct Newton iteration succeeded in finding operating point.

.step idx=6566
Direct Newton iteration succeeded in finding operating point.

.step idx=6567
Direct Newton iteration succeeded in finding operating point.

.step idx=6568
Direct Newton iteration succeeded in finding operating point.

.step idx=6569
Direct Newton iteration succeeded in finding operating point.

.step idx=6570
Direct Newton iteration succeeded in finding operating point.

.step idx=6571
Direct Newton iteration succeeded in finding operating point.

.step idx=6572
Direct Newton iteration succeeded in finding operating point.

.step idx=6573
Direct Newton iteration succeeded in finding operating point.

.step idx=6574
Direct Newton iteration succeeded in finding operating point.

.step idx=6575
Direct Newton iteration succeeded in finding operating point.

.step idx=6576
Direct Newton iteration succeeded in finding operating point.

.step idx=6577
Direct Newton iteration succeeded in finding operating point.

.step idx=6578
Direct Newton iteration succeeded in finding operating point.

.step idx=6579
Direct Newton iteration succeeded in finding operating point.

.step idx=6580
Direct Newton iteration succeeded in finding operating point.

.step idx=6581
Direct Newton iteration succeeded in finding operating point.

.step idx=6582
Direct Newton iteration succeeded in finding operating point.

.step idx=6583
Direct Newton iteration succeeded in finding operating point.

.step idx=6584
Direct Newton iteration succeeded in finding operating point.

.step idx=6585
Direct Newton iteration succeeded in finding operating point.

.step idx=6586
Direct Newton iteration succeeded in finding operating point.

.step idx=6587
Direct Newton iteration succeeded in finding operating point.

.step idx=6588
Direct Newton iteration succeeded in finding operating point.

.step idx=6589
Direct Newton iteration succeeded in finding operating point.

.step idx=6590
Direct Newton iteration succeeded in finding operating point.

.step idx=6591
Direct Newton iteration succeeded in finding operating point.

.step idx=6592
Direct Newton iteration succeeded in finding operating point.

.step idx=6593
Direct Newton iteration succeeded in finding operating point.

.step idx=6594
Direct Newton iteration succeeded in finding operating point.

.step idx=6595
Direct Newton iteration succeeded in finding operating point.

.step idx=6596
Direct Newton iteration succeeded in finding operating point.

.step idx=6597
Direct Newton iteration succeeded in finding operating point.

.step idx=6598
Direct Newton iteration succeeded in finding operating point.

.step idx=6599
Direct Newton iteration succeeded in finding operating point.

.step idx=6600
Direct Newton iteration succeeded in finding operating point.

.step idx=6601
Direct Newton iteration succeeded in finding operating point.

.step idx=6602
Direct Newton iteration succeeded in finding operating point.

.step idx=6603
Direct Newton iteration succeeded in finding operating point.

.step idx=6604
Direct Newton iteration succeeded in finding operating point.

.step idx=6605
Direct Newton iteration succeeded in finding operating point.

.step idx=6606
Direct Newton iteration succeeded in finding operating point.

.step idx=6607
Direct Newton iteration succeeded in finding operating point.

.step idx=6608
Direct Newton iteration succeeded in finding operating point.

.step idx=6609
Direct Newton iteration succeeded in finding operating point.

.step idx=6610
Direct Newton iteration succeeded in finding operating point.

.step idx=6611
Direct Newton iteration succeeded in finding operating point.

.step idx=6612
Direct Newton iteration succeeded in finding operating point.

.step idx=6613
Direct Newton iteration succeeded in finding operating point.

.step idx=6614
Direct Newton iteration succeeded in finding operating point.

.step idx=6615
Direct Newton iteration succeeded in finding operating point.

.step idx=6616
Direct Newton iteration succeeded in finding operating point.

.step idx=6617
Direct Newton iteration succeeded in finding operating point.

.step idx=6618
Direct Newton iteration succeeded in finding operating point.

.step idx=6619
Direct Newton iteration succeeded in finding operating point.

.step idx=6620
Direct Newton iteration succeeded in finding operating point.

.step idx=6621
Direct Newton iteration succeeded in finding operating point.

.step idx=6622
Direct Newton iteration succeeded in finding operating point.

.step idx=6623
Direct Newton iteration succeeded in finding operating point.

.step idx=6624
Direct Newton iteration succeeded in finding operating point.

.step idx=6625
Direct Newton iteration succeeded in finding operating point.

.step idx=6626
Direct Newton iteration succeeded in finding operating point.

.step idx=6627
Direct Newton iteration succeeded in finding operating point.

.step idx=6628
Direct Newton iteration succeeded in finding operating point.

.step idx=6629
Direct Newton iteration succeeded in finding operating point.

.step idx=6630
Direct Newton iteration succeeded in finding operating point.

.step idx=6631
Direct Newton iteration succeeded in finding operating point.

.step idx=6632
Direct Newton iteration succeeded in finding operating point.

.step idx=6633
Direct Newton iteration succeeded in finding operating point.

.step idx=6634
Direct Newton iteration succeeded in finding operating point.

.step idx=6635
Direct Newton iteration succeeded in finding operating point.

.step idx=6636
Direct Newton iteration succeeded in finding operating point.

.step idx=6637
Direct Newton iteration succeeded in finding operating point.

.step idx=6638
Direct Newton iteration succeeded in finding operating point.

.step idx=6639
Direct Newton iteration succeeded in finding operating point.

.step idx=6640
Direct Newton iteration succeeded in finding operating point.

.step idx=6641
Direct Newton iteration succeeded in finding operating point.

.step idx=6642
Direct Newton iteration succeeded in finding operating point.

.step idx=6643
Direct Newton iteration succeeded in finding operating point.

.step idx=6644
Direct Newton iteration succeeded in finding operating point.

.step idx=6645
Direct Newton iteration succeeded in finding operating point.

.step idx=6646
Direct Newton iteration succeeded in finding operating point.

.step idx=6647
Direct Newton iteration succeeded in finding operating point.

.step idx=6648
Direct Newton iteration succeeded in finding operating point.

.step idx=6649
Direct Newton iteration succeeded in finding operating point.

.step idx=6650
Direct Newton iteration succeeded in finding operating point.

.step idx=6651
Direct Newton iteration succeeded in finding operating point.

.step idx=6652
Direct Newton iteration succeeded in finding operating point.

.step idx=6653
Direct Newton iteration succeeded in finding operating point.

.step idx=6654
Direct Newton iteration succeeded in finding operating point.

.step idx=6655
Direct Newton iteration succeeded in finding operating point.

.step idx=6656
Direct Newton iteration succeeded in finding operating point.

.step idx=6657
Direct Newton iteration succeeded in finding operating point.

.step idx=6658
Direct Newton iteration succeeded in finding operating point.

.step idx=6659
Direct Newton iteration succeeded in finding operating point.

.step idx=6660
Direct Newton iteration succeeded in finding operating point.

.step idx=6661
Direct Newton iteration succeeded in finding operating point.

.step idx=6662
Direct Newton iteration succeeded in finding operating point.

.step idx=6663
Direct Newton iteration succeeded in finding operating point.

.step idx=6664
Direct Newton iteration succeeded in finding operating point.

.step idx=6665
Direct Newton iteration succeeded in finding operating point.

.step idx=6666
Direct Newton iteration succeeded in finding operating point.

.step idx=6667
Direct Newton iteration succeeded in finding operating point.

.step idx=6668
Direct Newton iteration succeeded in finding operating point.

.step idx=6669
Direct Newton iteration succeeded in finding operating point.

.step idx=6670
Direct Newton iteration succeeded in finding operating point.

.step idx=6671
Direct Newton iteration succeeded in finding operating point.

.step idx=6672
Direct Newton iteration succeeded in finding operating point.

.step idx=6673
Direct Newton iteration succeeded in finding operating point.

.step idx=6674
Direct Newton iteration succeeded in finding operating point.

.step idx=6675
Direct Newton iteration succeeded in finding operating point.

.step idx=6676
Direct Newton iteration succeeded in finding operating point.

.step idx=6677
Direct Newton iteration succeeded in finding operating point.

.step idx=6678
Direct Newton iteration succeeded in finding operating point.

.step idx=6679
Direct Newton iteration succeeded in finding operating point.

.step idx=6680
Direct Newton iteration succeeded in finding operating point.

.step idx=6681
Direct Newton iteration succeeded in finding operating point.

.step idx=6682
Direct Newton iteration succeeded in finding operating point.

.step idx=6683
Direct Newton iteration succeeded in finding operating point.

.step idx=6684
Direct Newton iteration succeeded in finding operating point.

.step idx=6685
Direct Newton iteration succeeded in finding operating point.

.step idx=6686
Direct Newton iteration succeeded in finding operating point.

.step idx=6687
Direct Newton iteration succeeded in finding operating point.

.step idx=6688
Direct Newton iteration succeeded in finding operating point.

.step idx=6689
Direct Newton iteration succeeded in finding operating point.

.step idx=6690
Direct Newton iteration succeeded in finding operating point.

.step idx=6691
Direct Newton iteration succeeded in finding operating point.

.step idx=6692
Direct Newton iteration succeeded in finding operating point.

.step idx=6693
Direct Newton iteration succeeded in finding operating point.

.step idx=6694
Direct Newton iteration succeeded in finding operating point.

.step idx=6695
Direct Newton iteration succeeded in finding operating point.

.step idx=6696
Direct Newton iteration succeeded in finding operating point.

.step idx=6697
Direct Newton iteration succeeded in finding operating point.

.step idx=6698
Direct Newton iteration succeeded in finding operating point.

.step idx=6699
Direct Newton iteration succeeded in finding operating point.

.step idx=6700
Direct Newton iteration succeeded in finding operating point.

.step idx=6701
Direct Newton iteration succeeded in finding operating point.

.step idx=6702
Direct Newton iteration succeeded in finding operating point.

.step idx=6703
Direct Newton iteration succeeded in finding operating point.

.step idx=6704
Direct Newton iteration succeeded in finding operating point.

.step idx=6705
Direct Newton iteration succeeded in finding operating point.

.step idx=6706
Direct Newton iteration succeeded in finding operating point.

.step idx=6707
Direct Newton iteration succeeded in finding operating point.

.step idx=6708
Direct Newton iteration succeeded in finding operating point.

.step idx=6709
Direct Newton iteration succeeded in finding operating point.

.step idx=6710
Direct Newton iteration succeeded in finding operating point.

.step idx=6711
Direct Newton iteration succeeded in finding operating point.

.step idx=6712
Direct Newton iteration succeeded in finding operating point.

.step idx=6713
Direct Newton iteration succeeded in finding operating point.

.step idx=6714
Direct Newton iteration succeeded in finding operating point.

.step idx=6715
Direct Newton iteration succeeded in finding operating point.

.step idx=6716
Direct Newton iteration succeeded in finding operating point.

.step idx=6717
Direct Newton iteration succeeded in finding operating point.

.step idx=6718
Direct Newton iteration succeeded in finding operating point.

.step idx=6719
Direct Newton iteration succeeded in finding operating point.

.step idx=6720
Direct Newton iteration succeeded in finding operating point.

.step idx=6721
Direct Newton iteration succeeded in finding operating point.

.step idx=6722
Direct Newton iteration succeeded in finding operating point.

.step idx=6723
Direct Newton iteration succeeded in finding operating point.

.step idx=6724
Direct Newton iteration succeeded in finding operating point.

.step idx=6725
Direct Newton iteration succeeded in finding operating point.

.step idx=6726
Direct Newton iteration succeeded in finding operating point.

.step idx=6727
Direct Newton iteration succeeded in finding operating point.

.step idx=6728
Direct Newton iteration succeeded in finding operating point.

.step idx=6729
Direct Newton iteration succeeded in finding operating point.

.step idx=6730
Direct Newton iteration succeeded in finding operating point.

.step idx=6731
Direct Newton iteration succeeded in finding operating point.

.step idx=6732
Direct Newton iteration succeeded in finding operating point.

.step idx=6733
Direct Newton iteration succeeded in finding operating point.

.step idx=6734
Direct Newton iteration succeeded in finding operating point.

.step idx=6735
Direct Newton iteration succeeded in finding operating point.

.step idx=6736
Direct Newton iteration succeeded in finding operating point.

.step idx=6737
Direct Newton iteration succeeded in finding operating point.

.step idx=6738
Direct Newton iteration succeeded in finding operating point.

.step idx=6739
Direct Newton iteration succeeded in finding operating point.

.step idx=6740
Direct Newton iteration succeeded in finding operating point.

.step idx=6741
Direct Newton iteration succeeded in finding operating point.

.step idx=6742
Direct Newton iteration succeeded in finding operating point.

.step idx=6743
Direct Newton iteration succeeded in finding operating point.

.step idx=6744
Direct Newton iteration succeeded in finding operating point.

.step idx=6745
Direct Newton iteration succeeded in finding operating point.

.step idx=6746
Direct Newton iteration succeeded in finding operating point.

.step idx=6747
Direct Newton iteration succeeded in finding operating point.

.step idx=6748
Direct Newton iteration succeeded in finding operating point.

.step idx=6749
Direct Newton iteration succeeded in finding operating point.

.step idx=6750
Direct Newton iteration succeeded in finding operating point.

.step idx=6751
Direct Newton iteration succeeded in finding operating point.

.step idx=6752
Direct Newton iteration succeeded in finding operating point.

.step idx=6753
Direct Newton iteration succeeded in finding operating point.

.step idx=6754
Direct Newton iteration succeeded in finding operating point.

.step idx=6755
Direct Newton iteration succeeded in finding operating point.

.step idx=6756
Direct Newton iteration succeeded in finding operating point.

.step idx=6757
Direct Newton iteration succeeded in finding operating point.

.step idx=6758
Direct Newton iteration succeeded in finding operating point.

.step idx=6759
Direct Newton iteration succeeded in finding operating point.

.step idx=6760
Direct Newton iteration succeeded in finding operating point.

.step idx=6761
Direct Newton iteration succeeded in finding operating point.

.step idx=6762
Direct Newton iteration succeeded in finding operating point.

.step idx=6763
Direct Newton iteration succeeded in finding operating point.

.step idx=6764
Direct Newton iteration succeeded in finding operating point.

.step idx=6765
Direct Newton iteration succeeded in finding operating point.

.step idx=6766
Direct Newton iteration succeeded in finding operating point.

.step idx=6767
Direct Newton iteration succeeded in finding operating point.

.step idx=6768
Direct Newton iteration succeeded in finding operating point.

.step idx=6769
Direct Newton iteration succeeded in finding operating point.

.step idx=6770
Direct Newton iteration succeeded in finding operating point.

.step idx=6771
Direct Newton iteration succeeded in finding operating point.

.step idx=6772
Direct Newton iteration succeeded in finding operating point.

.step idx=6773
Direct Newton iteration succeeded in finding operating point.

.step idx=6774
Direct Newton iteration succeeded in finding operating point.

.step idx=6775
Direct Newton iteration succeeded in finding operating point.

.step idx=6776
Direct Newton iteration succeeded in finding operating point.

.step idx=6777
Direct Newton iteration succeeded in finding operating point.

.step idx=6778
Direct Newton iteration succeeded in finding operating point.

.step idx=6779
Direct Newton iteration succeeded in finding operating point.

.step idx=6780
Direct Newton iteration succeeded in finding operating point.

.step idx=6781
Direct Newton iteration succeeded in finding operating point.

.step idx=6782
Direct Newton iteration succeeded in finding operating point.

.step idx=6783
Direct Newton iteration succeeded in finding operating point.

.step idx=6784
Direct Newton iteration succeeded in finding operating point.

.step idx=6785
Direct Newton iteration succeeded in finding operating point.

.step idx=6786
Direct Newton iteration succeeded in finding operating point.

.step idx=6787
Direct Newton iteration succeeded in finding operating point.

.step idx=6788
Direct Newton iteration succeeded in finding operating point.

.step idx=6789
Direct Newton iteration succeeded in finding operating point.

.step idx=6790
Direct Newton iteration succeeded in finding operating point.

.step idx=6791
Direct Newton iteration succeeded in finding operating point.

.step idx=6792
Direct Newton iteration succeeded in finding operating point.

.step idx=6793
Direct Newton iteration succeeded in finding operating point.

.step idx=6794
Direct Newton iteration succeeded in finding operating point.

.step idx=6795
Direct Newton iteration succeeded in finding operating point.

.step idx=6796
Direct Newton iteration succeeded in finding operating point.

.step idx=6797
Direct Newton iteration succeeded in finding operating point.

.step idx=6798
Direct Newton iteration succeeded in finding operating point.

.step idx=6799
Direct Newton iteration succeeded in finding operating point.

.step idx=6800
Direct Newton iteration succeeded in finding operating point.

.step idx=6801
Direct Newton iteration succeeded in finding operating point.

.step idx=6802
Direct Newton iteration succeeded in finding operating point.

.step idx=6803
Direct Newton iteration succeeded in finding operating point.

.step idx=6804
Direct Newton iteration succeeded in finding operating point.

.step idx=6805
Direct Newton iteration succeeded in finding operating point.

.step idx=6806
Direct Newton iteration succeeded in finding operating point.

.step idx=6807
Direct Newton iteration succeeded in finding operating point.

.step idx=6808
Direct Newton iteration succeeded in finding operating point.

.step idx=6809
Direct Newton iteration succeeded in finding operating point.

.step idx=6810
Direct Newton iteration succeeded in finding operating point.

.step idx=6811
Direct Newton iteration succeeded in finding operating point.

.step idx=6812
Direct Newton iteration succeeded in finding operating point.

.step idx=6813
Direct Newton iteration succeeded in finding operating point.

.step idx=6814
Direct Newton iteration succeeded in finding operating point.

.step idx=6815
Direct Newton iteration succeeded in finding operating point.

.step idx=6816
Direct Newton iteration succeeded in finding operating point.

.step idx=6817
Direct Newton iteration succeeded in finding operating point.

.step idx=6818
Direct Newton iteration succeeded in finding operating point.

.step idx=6819
Direct Newton iteration succeeded in finding operating point.

.step idx=6820
Direct Newton iteration succeeded in finding operating point.

.step idx=6821
Direct Newton iteration succeeded in finding operating point.

.step idx=6822
Direct Newton iteration succeeded in finding operating point.

.step idx=6823
Direct Newton iteration succeeded in finding operating point.

.step idx=6824
Direct Newton iteration succeeded in finding operating point.

.step idx=6825
Direct Newton iteration succeeded in finding operating point.

.step idx=6826
Direct Newton iteration succeeded in finding operating point.

.step idx=6827
Direct Newton iteration succeeded in finding operating point.

.step idx=6828
Direct Newton iteration succeeded in finding operating point.

.step idx=6829
Direct Newton iteration succeeded in finding operating point.

.step idx=6830
Direct Newton iteration succeeded in finding operating point.

.step idx=6831
Direct Newton iteration succeeded in finding operating point.

.step idx=6832
Direct Newton iteration succeeded in finding operating point.

.step idx=6833
Direct Newton iteration succeeded in finding operating point.

.step idx=6834
Direct Newton iteration succeeded in finding operating point.

.step idx=6835
Direct Newton iteration succeeded in finding operating point.

.step idx=6836
Direct Newton iteration succeeded in finding operating point.

.step idx=6837
Direct Newton iteration succeeded in finding operating point.

.step idx=6838
Direct Newton iteration succeeded in finding operating point.

.step idx=6839
Direct Newton iteration succeeded in finding operating point.

.step idx=6840
Direct Newton iteration succeeded in finding operating point.

.step idx=6841
Direct Newton iteration succeeded in finding operating point.

.step idx=6842
Direct Newton iteration succeeded in finding operating point.

.step idx=6843
Direct Newton iteration succeeded in finding operating point.

.step idx=6844
Direct Newton iteration succeeded in finding operating point.

.step idx=6845
Direct Newton iteration succeeded in finding operating point.

.step idx=6846
Direct Newton iteration succeeded in finding operating point.

.step idx=6847
Direct Newton iteration succeeded in finding operating point.

.step idx=6848
Direct Newton iteration succeeded in finding operating point.

.step idx=6849
Direct Newton iteration succeeded in finding operating point.

.step idx=6850
Direct Newton iteration succeeded in finding operating point.

.step idx=6851
Direct Newton iteration succeeded in finding operating point.

.step idx=6852
Direct Newton iteration succeeded in finding operating point.

.step idx=6853
Direct Newton iteration succeeded in finding operating point.

.step idx=6854
Direct Newton iteration succeeded in finding operating point.

.step idx=6855
Direct Newton iteration succeeded in finding operating point.

.step idx=6856
Direct Newton iteration succeeded in finding operating point.

.step idx=6857
Direct Newton iteration succeeded in finding operating point.

.step idx=6858
Direct Newton iteration succeeded in finding operating point.

.step idx=6859
Direct Newton iteration succeeded in finding operating point.

.step idx=6860
Direct Newton iteration succeeded in finding operating point.

.step idx=6861
Direct Newton iteration succeeded in finding operating point.

.step idx=6862
Direct Newton iteration succeeded in finding operating point.

.step idx=6863
Direct Newton iteration succeeded in finding operating point.

.step idx=6864
Direct Newton iteration succeeded in finding operating point.

.step idx=6865
Direct Newton iteration succeeded in finding operating point.

.step idx=6866
Direct Newton iteration succeeded in finding operating point.

.step idx=6867
Direct Newton iteration succeeded in finding operating point.

.step idx=6868
Direct Newton iteration succeeded in finding operating point.

.step idx=6869
Direct Newton iteration succeeded in finding operating point.

.step idx=6870
Direct Newton iteration succeeded in finding operating point.

.step idx=6871
Direct Newton iteration succeeded in finding operating point.

.step idx=6872
Direct Newton iteration succeeded in finding operating point.

.step idx=6873
Direct Newton iteration succeeded in finding operating point.

.step idx=6874
Direct Newton iteration succeeded in finding operating point.

.step idx=6875
Direct Newton iteration succeeded in finding operating point.

.step idx=6876
Direct Newton iteration succeeded in finding operating point.

.step idx=6877
Direct Newton iteration succeeded in finding operating point.

.step idx=6878
Direct Newton iteration succeeded in finding operating point.

.step idx=6879
Direct Newton iteration succeeded in finding operating point.

.step idx=6880
Direct Newton iteration succeeded in finding operating point.

.step idx=6881
Direct Newton iteration succeeded in finding operating point.

.step idx=6882
Direct Newton iteration succeeded in finding operating point.

.step idx=6883
Direct Newton iteration succeeded in finding operating point.

.step idx=6884
Direct Newton iteration succeeded in finding operating point.

.step idx=6885
Direct Newton iteration succeeded in finding operating point.

.step idx=6886
Direct Newton iteration succeeded in finding operating point.

.step idx=6887
Direct Newton iteration succeeded in finding operating point.

.step idx=6888
Direct Newton iteration succeeded in finding operating point.

.step idx=6889
Direct Newton iteration succeeded in finding operating point.

.step idx=6890
Direct Newton iteration succeeded in finding operating point.

.step idx=6891
Direct Newton iteration succeeded in finding operating point.

.step idx=6892
Direct Newton iteration succeeded in finding operating point.

.step idx=6893
Direct Newton iteration succeeded in finding operating point.

.step idx=6894
Direct Newton iteration succeeded in finding operating point.

.step idx=6895
Direct Newton iteration succeeded in finding operating point.

.step idx=6896
Direct Newton iteration succeeded in finding operating point.

.step idx=6897
Direct Newton iteration succeeded in finding operating point.

.step idx=6898
Direct Newton iteration succeeded in finding operating point.

.step idx=6899
Direct Newton iteration succeeded in finding operating point.

.step idx=6900
Direct Newton iteration succeeded in finding operating point.

.step idx=6901
Direct Newton iteration succeeded in finding operating point.

.step idx=6902
Direct Newton iteration succeeded in finding operating point.

.step idx=6903
Direct Newton iteration succeeded in finding operating point.

.step idx=6904
Direct Newton iteration succeeded in finding operating point.

.step idx=6905
Direct Newton iteration succeeded in finding operating point.

.step idx=6906
Direct Newton iteration succeeded in finding operating point.

.step idx=6907
Direct Newton iteration succeeded in finding operating point.

.step idx=6908
Direct Newton iteration succeeded in finding operating point.

.step idx=6909
Direct Newton iteration succeeded in finding operating point.

.step idx=6910
Direct Newton iteration succeeded in finding operating point.

.step idx=6911
Direct Newton iteration succeeded in finding operating point.

.step idx=6912
Direct Newton iteration succeeded in finding operating point.

.step idx=6913
Direct Newton iteration succeeded in finding operating point.

.step idx=6914
Direct Newton iteration succeeded in finding operating point.

.step idx=6915
Direct Newton iteration succeeded in finding operating point.

.step idx=6916
Direct Newton iteration succeeded in finding operating point.

.step idx=6917
Direct Newton iteration succeeded in finding operating point.

.step idx=6918
Direct Newton iteration succeeded in finding operating point.

.step idx=6919
Direct Newton iteration succeeded in finding operating point.

.step idx=6920
Direct Newton iteration succeeded in finding operating point.

.step idx=6921
Direct Newton iteration succeeded in finding operating point.

.step idx=6922
Direct Newton iteration succeeded in finding operating point.

.step idx=6923
Direct Newton iteration succeeded in finding operating point.

.step idx=6924
Direct Newton iteration succeeded in finding operating point.

.step idx=6925
Direct Newton iteration succeeded in finding operating point.

.step idx=6926
Direct Newton iteration succeeded in finding operating point.

.step idx=6927
Direct Newton iteration succeeded in finding operating point.

.step idx=6928
Direct Newton iteration succeeded in finding operating point.

.step idx=6929
Direct Newton iteration succeeded in finding operating point.

.step idx=6930
Direct Newton iteration succeeded in finding operating point.

.step idx=6931
Direct Newton iteration succeeded in finding operating point.

.step idx=6932
Direct Newton iteration succeeded in finding operating point.

.step idx=6933
Direct Newton iteration succeeded in finding operating point.

.step idx=6934
Direct Newton iteration succeeded in finding operating point.

.step idx=6935
Direct Newton iteration succeeded in finding operating point.

.step idx=6936
Direct Newton iteration succeeded in finding operating point.

.step idx=6937
Direct Newton iteration succeeded in finding operating point.

.step idx=6938
Direct Newton iteration succeeded in finding operating point.

.step idx=6939
Direct Newton iteration succeeded in finding operating point.

.step idx=6940
Direct Newton iteration succeeded in finding operating point.

.step idx=6941
Direct Newton iteration succeeded in finding operating point.

.step idx=6942
Direct Newton iteration succeeded in finding operating point.

.step idx=6943
Direct Newton iteration succeeded in finding operating point.

.step idx=6944
Direct Newton iteration succeeded in finding operating point.

.step idx=6945
Direct Newton iteration succeeded in finding operating point.

.step idx=6946
Direct Newton iteration succeeded in finding operating point.

.step idx=6947
Direct Newton iteration succeeded in finding operating point.

.step idx=6948
Direct Newton iteration succeeded in finding operating point.

.step idx=6949
Direct Newton iteration succeeded in finding operating point.

.step idx=6950
Direct Newton iteration succeeded in finding operating point.

.step idx=6951
Direct Newton iteration succeeded in finding operating point.

.step idx=6952
Direct Newton iteration succeeded in finding operating point.

.step idx=6953
Direct Newton iteration succeeded in finding operating point.

.step idx=6954
Direct Newton iteration succeeded in finding operating point.

.step idx=6955
Direct Newton iteration succeeded in finding operating point.

.step idx=6956
Direct Newton iteration succeeded in finding operating point.

.step idx=6957
Direct Newton iteration succeeded in finding operating point.

.step idx=6958
Direct Newton iteration succeeded in finding operating point.

.step idx=6959
Direct Newton iteration succeeded in finding operating point.

.step idx=6960
Direct Newton iteration succeeded in finding operating point.

.step idx=6961
Direct Newton iteration succeeded in finding operating point.

.step idx=6962
Direct Newton iteration succeeded in finding operating point.

.step idx=6963
Direct Newton iteration succeeded in finding operating point.

.step idx=6964
Direct Newton iteration succeeded in finding operating point.

.step idx=6965
Direct Newton iteration succeeded in finding operating point.

.step idx=6966
Direct Newton iteration succeeded in finding operating point.

.step idx=6967
Direct Newton iteration succeeded in finding operating point.

.step idx=6968
Direct Newton iteration succeeded in finding operating point.

.step idx=6969
Direct Newton iteration succeeded in finding operating point.

.step idx=6970
Direct Newton iteration succeeded in finding operating point.

.step idx=6971
Direct Newton iteration succeeded in finding operating point.

.step idx=6972
Direct Newton iteration succeeded in finding operating point.

.step idx=6973
Direct Newton iteration succeeded in finding operating point.

.step idx=6974
Direct Newton iteration succeeded in finding operating point.

.step idx=6975
Direct Newton iteration succeeded in finding operating point.

.step idx=6976
Direct Newton iteration succeeded in finding operating point.

.step idx=6977
Direct Newton iteration succeeded in finding operating point.

.step idx=6978
Direct Newton iteration succeeded in finding operating point.

.step idx=6979
Direct Newton iteration succeeded in finding operating point.

.step idx=6980
Direct Newton iteration succeeded in finding operating point.

.step idx=6981
Direct Newton iteration succeeded in finding operating point.

.step idx=6982
Direct Newton iteration succeeded in finding operating point.

.step idx=6983
Direct Newton iteration succeeded in finding operating point.

.step idx=6984
Direct Newton iteration succeeded in finding operating point.

.step idx=6985
Direct Newton iteration succeeded in finding operating point.

.step idx=6986
Direct Newton iteration succeeded in finding operating point.

.step idx=6987
Direct Newton iteration succeeded in finding operating point.

.step idx=6988
Direct Newton iteration succeeded in finding operating point.

.step idx=6989
Direct Newton iteration succeeded in finding operating point.

.step idx=6990
Direct Newton iteration succeeded in finding operating point.

.step idx=6991
Direct Newton iteration succeeded in finding operating point.

.step idx=6992
Direct Newton iteration succeeded in finding operating point.

.step idx=6993
Direct Newton iteration succeeded in finding operating point.

.step idx=6994
Direct Newton iteration succeeded in finding operating point.

.step idx=6995
Direct Newton iteration succeeded in finding operating point.

.step idx=6996
Direct Newton iteration succeeded in finding operating point.

.step idx=6997
Direct Newton iteration succeeded in finding operating point.

.step idx=6998
Direct Newton iteration succeeded in finding operating point.

.step idx=6999
Direct Newton iteration succeeded in finding operating point.

.step idx=7000
Direct Newton iteration succeeded in finding operating point.

.step idx=7001
Direct Newton iteration succeeded in finding operating point.

.step idx=7002
Direct Newton iteration succeeded in finding operating point.

.step idx=7003
Direct Newton iteration succeeded in finding operating point.

.step idx=7004
Direct Newton iteration succeeded in finding operating point.

.step idx=7005
Direct Newton iteration succeeded in finding operating point.

.step idx=7006
Direct Newton iteration succeeded in finding operating point.

.step idx=7007
Direct Newton iteration succeeded in finding operating point.

.step idx=7008
Direct Newton iteration succeeded in finding operating point.

.step idx=7009
Direct Newton iteration succeeded in finding operating point.

.step idx=7010
Direct Newton iteration succeeded in finding operating point.

.step idx=7011
Direct Newton iteration succeeded in finding operating point.

.step idx=7012
Direct Newton iteration succeeded in finding operating point.

.step idx=7013
Direct Newton iteration succeeded in finding operating point.

.step idx=7014
Direct Newton iteration succeeded in finding operating point.

.step idx=7015
Direct Newton iteration succeeded in finding operating point.

.step idx=7016
Direct Newton iteration succeeded in finding operating point.

.step idx=7017
Direct Newton iteration succeeded in finding operating point.

.step idx=7018
Direct Newton iteration succeeded in finding operating point.

.step idx=7019
Direct Newton iteration succeeded in finding operating point.

.step idx=7020
Direct Newton iteration succeeded in finding operating point.

.step idx=7021
Direct Newton iteration succeeded in finding operating point.

.step idx=7022
Direct Newton iteration succeeded in finding operating point.

.step idx=7023
Direct Newton iteration succeeded in finding operating point.

.step idx=7024
Direct Newton iteration succeeded in finding operating point.

.step idx=7025
Direct Newton iteration succeeded in finding operating point.

.step idx=7026
Direct Newton iteration succeeded in finding operating point.

.step idx=7027
Direct Newton iteration succeeded in finding operating point.

.step idx=7028
Direct Newton iteration succeeded in finding operating point.

.step idx=7029
Direct Newton iteration succeeded in finding operating point.

.step idx=7030
Direct Newton iteration succeeded in finding operating point.

.step idx=7031
Direct Newton iteration succeeded in finding operating point.

.step idx=7032
Direct Newton iteration succeeded in finding operating point.

.step idx=7033
Direct Newton iteration succeeded in finding operating point.

.step idx=7034
Direct Newton iteration succeeded in finding operating point.

.step idx=7035
Direct Newton iteration succeeded in finding operating point.

.step idx=7036
Direct Newton iteration succeeded in finding operating point.

.step idx=7037
Direct Newton iteration succeeded in finding operating point.

.step idx=7038
Direct Newton iteration succeeded in finding operating point.

.step idx=7039
Direct Newton iteration succeeded in finding operating point.

.step idx=7040
Direct Newton iteration succeeded in finding operating point.

.step idx=7041
Direct Newton iteration succeeded in finding operating point.

.step idx=7042
Direct Newton iteration succeeded in finding operating point.

.step idx=7043
Direct Newton iteration succeeded in finding operating point.

.step idx=7044
Direct Newton iteration succeeded in finding operating point.

.step idx=7045
Direct Newton iteration succeeded in finding operating point.

.step idx=7046
Direct Newton iteration succeeded in finding operating point.

.step idx=7047
Direct Newton iteration succeeded in finding operating point.

.step idx=7048
Direct Newton iteration succeeded in finding operating point.

.step idx=7049
Direct Newton iteration succeeded in finding operating point.

.step idx=7050
Direct Newton iteration succeeded in finding operating point.

.step idx=7051
Direct Newton iteration succeeded in finding operating point.

.step idx=7052
Direct Newton iteration succeeded in finding operating point.

.step idx=7053
Direct Newton iteration succeeded in finding operating point.

.step idx=7054
Direct Newton iteration succeeded in finding operating point.

.step idx=7055
Direct Newton iteration succeeded in finding operating point.

.step idx=7056
Direct Newton iteration succeeded in finding operating point.

.step idx=7057
Direct Newton iteration succeeded in finding operating point.

.step idx=7058
Direct Newton iteration succeeded in finding operating point.

.step idx=7059
Direct Newton iteration succeeded in finding operating point.

.step idx=7060
Direct Newton iteration succeeded in finding operating point.

.step idx=7061
Direct Newton iteration succeeded in finding operating point.

.step idx=7062
Direct Newton iteration succeeded in finding operating point.

.step idx=7063
Direct Newton iteration succeeded in finding operating point.

.step idx=7064
Direct Newton iteration succeeded in finding operating point.

.step idx=7065
Direct Newton iteration succeeded in finding operating point.

.step idx=7066
Direct Newton iteration succeeded in finding operating point.

.step idx=7067
Direct Newton iteration succeeded in finding operating point.

.step idx=7068
Direct Newton iteration succeeded in finding operating point.

.step idx=7069
Direct Newton iteration succeeded in finding operating point.

.step idx=7070
Direct Newton iteration succeeded in finding operating point.

.step idx=7071
Direct Newton iteration succeeded in finding operating point.

.step idx=7072
Direct Newton iteration succeeded in finding operating point.

.step idx=7073
Direct Newton iteration succeeded in finding operating point.

.step idx=7074
Direct Newton iteration succeeded in finding operating point.

.step idx=7075
Direct Newton iteration succeeded in finding operating point.

.step idx=7076
Direct Newton iteration succeeded in finding operating point.

.step idx=7077
Direct Newton iteration succeeded in finding operating point.

.step idx=7078
Direct Newton iteration succeeded in finding operating point.

.step idx=7079
Direct Newton iteration succeeded in finding operating point.

.step idx=7080
Direct Newton iteration succeeded in finding operating point.

.step idx=7081
Direct Newton iteration succeeded in finding operating point.

.step idx=7082
Direct Newton iteration succeeded in finding operating point.

.step idx=7083
Direct Newton iteration succeeded in finding operating point.

.step idx=7084
Direct Newton iteration succeeded in finding operating point.

.step idx=7085
Direct Newton iteration succeeded in finding operating point.

.step idx=7086
Direct Newton iteration succeeded in finding operating point.

.step idx=7087
Direct Newton iteration succeeded in finding operating point.

.step idx=7088
Direct Newton iteration succeeded in finding operating point.

.step idx=7089
Direct Newton iteration succeeded in finding operating point.

.step idx=7090
Direct Newton iteration succeeded in finding operating point.

.step idx=7091
Direct Newton iteration succeeded in finding operating point.

.step idx=7092
Direct Newton iteration succeeded in finding operating point.

.step idx=7093
Direct Newton iteration succeeded in finding operating point.

.step idx=7094
Direct Newton iteration succeeded in finding operating point.

.step idx=7095
Direct Newton iteration succeeded in finding operating point.

.step idx=7096
Direct Newton iteration succeeded in finding operating point.

.step idx=7097
Direct Newton iteration succeeded in finding operating point.

.step idx=7098
Direct Newton iteration succeeded in finding operating point.

.step idx=7099
Direct Newton iteration succeeded in finding operating point.

.step idx=7100
Direct Newton iteration succeeded in finding operating point.

.step idx=7101
Direct Newton iteration succeeded in finding operating point.

.step idx=7102
Direct Newton iteration succeeded in finding operating point.

.step idx=7103
Direct Newton iteration succeeded in finding operating point.

.step idx=7104
Direct Newton iteration succeeded in finding operating point.

.step idx=7105
Direct Newton iteration succeeded in finding operating point.

.step idx=7106
Direct Newton iteration succeeded in finding operating point.

.step idx=7107
Direct Newton iteration succeeded in finding operating point.

.step idx=7108
Direct Newton iteration succeeded in finding operating point.

.step idx=7109
Direct Newton iteration succeeded in finding operating point.

.step idx=7110
Direct Newton iteration succeeded in finding operating point.

.step idx=7111
Direct Newton iteration succeeded in finding operating point.

.step idx=7112
Direct Newton iteration succeeded in finding operating point.

.step idx=7113
Direct Newton iteration succeeded in finding operating point.

.step idx=7114
Direct Newton iteration succeeded in finding operating point.

.step idx=7115
Direct Newton iteration succeeded in finding operating point.

.step idx=7116
Direct Newton iteration succeeded in finding operating point.

.step idx=7117
Direct Newton iteration succeeded in finding operating point.

.step idx=7118
Direct Newton iteration succeeded in finding operating point.

.step idx=7119
Direct Newton iteration succeeded in finding operating point.

.step idx=7120
Direct Newton iteration succeeded in finding operating point.

.step idx=7121
Direct Newton iteration succeeded in finding operating point.

.step idx=7122
Direct Newton iteration succeeded in finding operating point.

.step idx=7123
Direct Newton iteration succeeded in finding operating point.

.step idx=7124
Direct Newton iteration succeeded in finding operating point.

.step idx=7125
Direct Newton iteration succeeded in finding operating point.

.step idx=7126
Direct Newton iteration succeeded in finding operating point.

.step idx=7127
Direct Newton iteration succeeded in finding operating point.

.step idx=7128
Direct Newton iteration succeeded in finding operating point.

.step idx=7129
Direct Newton iteration succeeded in finding operating point.

.step idx=7130
Direct Newton iteration succeeded in finding operating point.

.step idx=7131
Direct Newton iteration succeeded in finding operating point.

.step idx=7132
Direct Newton iteration succeeded in finding operating point.

.step idx=7133
Direct Newton iteration succeeded in finding operating point.

.step idx=7134
Direct Newton iteration succeeded in finding operating point.

.step idx=7135
Direct Newton iteration succeeded in finding operating point.

.step idx=7136
Direct Newton iteration succeeded in finding operating point.

.step idx=7137
Direct Newton iteration succeeded in finding operating point.

.step idx=7138
Direct Newton iteration succeeded in finding operating point.

.step idx=7139
Direct Newton iteration succeeded in finding operating point.

.step idx=7140
Direct Newton iteration succeeded in finding operating point.

.step idx=7141
Direct Newton iteration succeeded in finding operating point.

.step idx=7142
Direct Newton iteration succeeded in finding operating point.

.step idx=7143
Direct Newton iteration succeeded in finding operating point.

.step idx=7144
Direct Newton iteration succeeded in finding operating point.

.step idx=7145
Direct Newton iteration succeeded in finding operating point.

.step idx=7146
Direct Newton iteration succeeded in finding operating point.

.step idx=7147
Direct Newton iteration succeeded in finding operating point.

.step idx=7148
Direct Newton iteration succeeded in finding operating point.

.step idx=7149
Direct Newton iteration succeeded in finding operating point.

.step idx=7150
Direct Newton iteration succeeded in finding operating point.

.step idx=7151
Direct Newton iteration succeeded in finding operating point.

.step idx=7152
Direct Newton iteration succeeded in finding operating point.

.step idx=7153
Direct Newton iteration succeeded in finding operating point.

.step idx=7154
Direct Newton iteration succeeded in finding operating point.

.step idx=7155
Direct Newton iteration succeeded in finding operating point.

.step idx=7156
Direct Newton iteration succeeded in finding operating point.

.step idx=7157
Direct Newton iteration succeeded in finding operating point.

.step idx=7158
Direct Newton iteration succeeded in finding operating point.

.step idx=7159
Direct Newton iteration succeeded in finding operating point.

.step idx=7160
Direct Newton iteration succeeded in finding operating point.

.step idx=7161
Direct Newton iteration succeeded in finding operating point.

.step idx=7162
Direct Newton iteration succeeded in finding operating point.

.step idx=7163
Direct Newton iteration succeeded in finding operating point.

.step idx=7164
Direct Newton iteration succeeded in finding operating point.

.step idx=7165
Direct Newton iteration succeeded in finding operating point.

.step idx=7166
Direct Newton iteration succeeded in finding operating point.

.step idx=7167
Direct Newton iteration succeeded in finding operating point.

.step idx=7168
Direct Newton iteration succeeded in finding operating point.

.step idx=7169
Direct Newton iteration succeeded in finding operating point.

.step idx=7170
Direct Newton iteration succeeded in finding operating point.

.step idx=7171
Direct Newton iteration succeeded in finding operating point.

.step idx=7172
Direct Newton iteration succeeded in finding operating point.

.step idx=7173
Direct Newton iteration succeeded in finding operating point.

.step idx=7174
Direct Newton iteration succeeded in finding operating point.

.step idx=7175
Direct Newton iteration succeeded in finding operating point.

.step idx=7176
Direct Newton iteration succeeded in finding operating point.

.step idx=7177
Direct Newton iteration succeeded in finding operating point.

.step idx=7178
Direct Newton iteration succeeded in finding operating point.

.step idx=7179
Direct Newton iteration succeeded in finding operating point.

.step idx=7180
Direct Newton iteration succeeded in finding operating point.

.step idx=7181
Direct Newton iteration succeeded in finding operating point.

.step idx=7182
Direct Newton iteration succeeded in finding operating point.

.step idx=7183
Direct Newton iteration succeeded in finding operating point.

.step idx=7184
Direct Newton iteration succeeded in finding operating point.

.step idx=7185
Direct Newton iteration succeeded in finding operating point.

.step idx=7186
Direct Newton iteration succeeded in finding operating point.

.step idx=7187
Direct Newton iteration succeeded in finding operating point.

.step idx=7188
Direct Newton iteration succeeded in finding operating point.

.step idx=7189
Direct Newton iteration succeeded in finding operating point.

.step idx=7190
Direct Newton iteration succeeded in finding operating point.

.step idx=7191
Direct Newton iteration succeeded in finding operating point.

.step idx=7192
Direct Newton iteration succeeded in finding operating point.

.step idx=7193
Direct Newton iteration succeeded in finding operating point.

.step idx=7194
Direct Newton iteration succeeded in finding operating point.

.step idx=7195
Direct Newton iteration succeeded in finding operating point.

.step idx=7196
Direct Newton iteration succeeded in finding operating point.

.step idx=7197
Direct Newton iteration succeeded in finding operating point.

.step idx=7198
Direct Newton iteration succeeded in finding operating point.

.step idx=7199
Direct Newton iteration succeeded in finding operating point.

.step idx=7200
Direct Newton iteration succeeded in finding operating point.

.step idx=7201
Direct Newton iteration succeeded in finding operating point.

.step idx=7202
Direct Newton iteration succeeded in finding operating point.

.step idx=7203
Direct Newton iteration succeeded in finding operating point.

.step idx=7204
Direct Newton iteration succeeded in finding operating point.

.step idx=7205
Direct Newton iteration succeeded in finding operating point.

.step idx=7206
Direct Newton iteration succeeded in finding operating point.

.step idx=7207
Direct Newton iteration succeeded in finding operating point.

.step idx=7208
Direct Newton iteration succeeded in finding operating point.

.step idx=7209
Direct Newton iteration succeeded in finding operating point.

.step idx=7210
Direct Newton iteration succeeded in finding operating point.

.step idx=7211
Direct Newton iteration succeeded in finding operating point.

.step idx=7212
Direct Newton iteration succeeded in finding operating point.

.step idx=7213
Direct Newton iteration succeeded in finding operating point.

.step idx=7214
Direct Newton iteration succeeded in finding operating point.

.step idx=7215
Direct Newton iteration succeeded in finding operating point.

.step idx=7216
Direct Newton iteration succeeded in finding operating point.

.step idx=7217
Direct Newton iteration succeeded in finding operating point.

.step idx=7218
Direct Newton iteration succeeded in finding operating point.

.step idx=7219
Direct Newton iteration succeeded in finding operating point.

.step idx=7220
Direct Newton iteration succeeded in finding operating point.

.step idx=7221
Direct Newton iteration succeeded in finding operating point.

.step idx=7222
Direct Newton iteration succeeded in finding operating point.

.step idx=7223
Direct Newton iteration succeeded in finding operating point.

.step idx=7224
Direct Newton iteration succeeded in finding operating point.

.step idx=7225
Direct Newton iteration succeeded in finding operating point.

.step idx=7226
Direct Newton iteration succeeded in finding operating point.

.step idx=7227
Direct Newton iteration succeeded in finding operating point.

.step idx=7228
Direct Newton iteration succeeded in finding operating point.

.step idx=7229
Direct Newton iteration succeeded in finding operating point.

.step idx=7230
Direct Newton iteration succeeded in finding operating point.

.step idx=7231
Direct Newton iteration succeeded in finding operating point.

.step idx=7232
Direct Newton iteration succeeded in finding operating point.

.step idx=7233
Direct Newton iteration succeeded in finding operating point.

.step idx=7234
Direct Newton iteration succeeded in finding operating point.

.step idx=7235
Direct Newton iteration succeeded in finding operating point.

.step idx=7236
Direct Newton iteration succeeded in finding operating point.

.step idx=7237
Direct Newton iteration succeeded in finding operating point.

.step idx=7238
Direct Newton iteration succeeded in finding operating point.

.step idx=7239
Direct Newton iteration succeeded in finding operating point.

.step idx=7240
Direct Newton iteration succeeded in finding operating point.

.step idx=7241
Direct Newton iteration succeeded in finding operating point.

.step idx=7242
Direct Newton iteration succeeded in finding operating point.

.step idx=7243
Direct Newton iteration succeeded in finding operating point.

.step idx=7244
Direct Newton iteration succeeded in finding operating point.

.step idx=7245
Direct Newton iteration succeeded in finding operating point.

.step idx=7246
Direct Newton iteration succeeded in finding operating point.

.step idx=7247
Direct Newton iteration succeeded in finding operating point.

.step idx=7248
Direct Newton iteration succeeded in finding operating point.

.step idx=7249
Direct Newton iteration succeeded in finding operating point.

.step idx=7250
Direct Newton iteration succeeded in finding operating point.

.step idx=7251
Direct Newton iteration succeeded in finding operating point.

.step idx=7252
Direct Newton iteration succeeded in finding operating point.

.step idx=7253
Direct Newton iteration succeeded in finding operating point.

.step idx=7254
Direct Newton iteration succeeded in finding operating point.

.step idx=7255
Direct Newton iteration succeeded in finding operating point.

.step idx=7256
Direct Newton iteration succeeded in finding operating point.

.step idx=7257
Direct Newton iteration succeeded in finding operating point.

.step idx=7258
Direct Newton iteration succeeded in finding operating point.

.step idx=7259
Direct Newton iteration succeeded in finding operating point.

.step idx=7260
Direct Newton iteration succeeded in finding operating point.

.step idx=7261
Direct Newton iteration succeeded in finding operating point.

.step idx=7262
Direct Newton iteration succeeded in finding operating point.

.step idx=7263
Direct Newton iteration succeeded in finding operating point.

.step idx=7264
Direct Newton iteration succeeded in finding operating point.

.step idx=7265
Direct Newton iteration succeeded in finding operating point.

.step idx=7266
Direct Newton iteration succeeded in finding operating point.

.step idx=7267
Direct Newton iteration succeeded in finding operating point.

.step idx=7268
Direct Newton iteration succeeded in finding operating point.

.step idx=7269
Direct Newton iteration succeeded in finding operating point.

.step idx=7270
Direct Newton iteration succeeded in finding operating point.

.step idx=7271
Direct Newton iteration succeeded in finding operating point.

.step idx=7272
Direct Newton iteration succeeded in finding operating point.

.step idx=7273
Direct Newton iteration succeeded in finding operating point.

.step idx=7274
Direct Newton iteration succeeded in finding operating point.

.step idx=7275
Direct Newton iteration succeeded in finding operating point.

.step idx=7276
Direct Newton iteration succeeded in finding operating point.

.step idx=7277
Direct Newton iteration succeeded in finding operating point.

.step idx=7278
Direct Newton iteration succeeded in finding operating point.

.step idx=7279
Direct Newton iteration succeeded in finding operating point.

.step idx=7280
Direct Newton iteration succeeded in finding operating point.

.step idx=7281
Direct Newton iteration succeeded in finding operating point.

.step idx=7282
Direct Newton iteration succeeded in finding operating point.

.step idx=7283
Direct Newton iteration succeeded in finding operating point.

.step idx=7284
Direct Newton iteration succeeded in finding operating point.

.step idx=7285
Direct Newton iteration succeeded in finding operating point.

.step idx=7286
Direct Newton iteration succeeded in finding operating point.

.step idx=7287
Direct Newton iteration succeeded in finding operating point.

.step idx=7288
Direct Newton iteration succeeded in finding operating point.

.step idx=7289
Direct Newton iteration succeeded in finding operating point.

.step idx=7290
Direct Newton iteration succeeded in finding operating point.

.step idx=7291
Direct Newton iteration succeeded in finding operating point.

.step idx=7292
Direct Newton iteration succeeded in finding operating point.

.step idx=7293
Direct Newton iteration succeeded in finding operating point.

.step idx=7294
Direct Newton iteration succeeded in finding operating point.

.step idx=7295
Direct Newton iteration succeeded in finding operating point.

.step idx=7296
Direct Newton iteration succeeded in finding operating point.

.step idx=7297
Direct Newton iteration succeeded in finding operating point.

.step idx=7298
Direct Newton iteration succeeded in finding operating point.

.step idx=7299
Direct Newton iteration succeeded in finding operating point.

.step idx=7300
Direct Newton iteration succeeded in finding operating point.

.step idx=7301
Direct Newton iteration succeeded in finding operating point.

.step idx=7302
Direct Newton iteration succeeded in finding operating point.

.step idx=7303
Direct Newton iteration succeeded in finding operating point.

.step idx=7304
Direct Newton iteration succeeded in finding operating point.

.step idx=7305
Direct Newton iteration succeeded in finding operating point.

.step idx=7306
Direct Newton iteration succeeded in finding operating point.

.step idx=7307
Direct Newton iteration succeeded in finding operating point.

.step idx=7308
Direct Newton iteration succeeded in finding operating point.

.step idx=7309
Direct Newton iteration succeeded in finding operating point.

.step idx=7310
Direct Newton iteration succeeded in finding operating point.

.step idx=7311
Direct Newton iteration succeeded in finding operating point.

.step idx=7312
Direct Newton iteration succeeded in finding operating point.

.step idx=7313
Direct Newton iteration succeeded in finding operating point.

.step idx=7314
Direct Newton iteration succeeded in finding operating point.

.step idx=7315
Direct Newton iteration succeeded in finding operating point.

.step idx=7316
Direct Newton iteration succeeded in finding operating point.

.step idx=7317
Direct Newton iteration succeeded in finding operating point.

.step idx=7318
Direct Newton iteration succeeded in finding operating point.

.step idx=7319
Direct Newton iteration succeeded in finding operating point.

.step idx=7320
Direct Newton iteration succeeded in finding operating point.

.step idx=7321
Direct Newton iteration succeeded in finding operating point.

.step idx=7322
Direct Newton iteration succeeded in finding operating point.

.step idx=7323
Direct Newton iteration succeeded in finding operating point.

.step idx=7324
Direct Newton iteration succeeded in finding operating point.

.step idx=7325
Direct Newton iteration succeeded in finding operating point.

.step idx=7326
Direct Newton iteration succeeded in finding operating point.

.step idx=7327
Direct Newton iteration succeeded in finding operating point.

.step idx=7328
Direct Newton iteration succeeded in finding operating point.

.step idx=7329
Direct Newton iteration succeeded in finding operating point.

.step idx=7330
Direct Newton iteration succeeded in finding operating point.

.step idx=7331
Direct Newton iteration succeeded in finding operating point.

.step idx=7332
Direct Newton iteration succeeded in finding operating point.

.step idx=7333
Direct Newton iteration succeeded in finding operating point.

.step idx=7334
Direct Newton iteration succeeded in finding operating point.

.step idx=7335
Direct Newton iteration succeeded in finding operating point.

.step idx=7336
Direct Newton iteration succeeded in finding operating point.

.step idx=7337
Direct Newton iteration succeeded in finding operating point.

.step idx=7338
Direct Newton iteration succeeded in finding operating point.

.step idx=7339
Direct Newton iteration succeeded in finding operating point.

.step idx=7340
Direct Newton iteration succeeded in finding operating point.

.step idx=7341
Direct Newton iteration succeeded in finding operating point.

.step idx=7342
Direct Newton iteration succeeded in finding operating point.

.step idx=7343
Direct Newton iteration succeeded in finding operating point.

.step idx=7344
Direct Newton iteration succeeded in finding operating point.

.step idx=7345
Direct Newton iteration succeeded in finding operating point.

.step idx=7346
Direct Newton iteration succeeded in finding operating point.

.step idx=7347
Direct Newton iteration succeeded in finding operating point.

.step idx=7348
Direct Newton iteration succeeded in finding operating point.

.step idx=7349
Direct Newton iteration succeeded in finding operating point.

.step idx=7350
Direct Newton iteration succeeded in finding operating point.

.step idx=7351
Direct Newton iteration succeeded in finding operating point.

.step idx=7352
Direct Newton iteration succeeded in finding operating point.

.step idx=7353
Direct Newton iteration succeeded in finding operating point.

.step idx=7354
Direct Newton iteration succeeded in finding operating point.

.step idx=7355
Direct Newton iteration succeeded in finding operating point.

.step idx=7356
Direct Newton iteration succeeded in finding operating point.

.step idx=7357
Direct Newton iteration succeeded in finding operating point.

.step idx=7358
Direct Newton iteration succeeded in finding operating point.

.step idx=7359
Direct Newton iteration succeeded in finding operating point.

.step idx=7360
Direct Newton iteration succeeded in finding operating point.

.step idx=7361
Direct Newton iteration succeeded in finding operating point.

.step idx=7362
Direct Newton iteration succeeded in finding operating point.

.step idx=7363
Direct Newton iteration succeeded in finding operating point.

.step idx=7364
Direct Newton iteration succeeded in finding operating point.

.step idx=7365
Direct Newton iteration succeeded in finding operating point.

.step idx=7366
Direct Newton iteration succeeded in finding operating point.

.step idx=7367
Direct Newton iteration succeeded in finding operating point.

.step idx=7368
Direct Newton iteration succeeded in finding operating point.

.step idx=7369
Direct Newton iteration succeeded in finding operating point.

.step idx=7370
Direct Newton iteration succeeded in finding operating point.

.step idx=7371
Direct Newton iteration succeeded in finding operating point.

.step idx=7372
Direct Newton iteration succeeded in finding operating point.

.step idx=7373
Direct Newton iteration succeeded in finding operating point.

.step idx=7374
Direct Newton iteration succeeded in finding operating point.

.step idx=7375
Direct Newton iteration succeeded in finding operating point.

.step idx=7376
Direct Newton iteration succeeded in finding operating point.

.step idx=7377
Direct Newton iteration succeeded in finding operating point.

.step idx=7378
Direct Newton iteration succeeded in finding operating point.

.step idx=7379
Direct Newton iteration succeeded in finding operating point.

.step idx=7380
Direct Newton iteration succeeded in finding operating point.

.step idx=7381
Direct Newton iteration succeeded in finding operating point.

.step idx=7382
Direct Newton iteration succeeded in finding operating point.

.step idx=7383
Direct Newton iteration succeeded in finding operating point.

.step idx=7384
Direct Newton iteration succeeded in finding operating point.

.step idx=7385
Direct Newton iteration succeeded in finding operating point.

.step idx=7386
Direct Newton iteration succeeded in finding operating point.

.step idx=7387
Direct Newton iteration succeeded in finding operating point.

.step idx=7388
Direct Newton iteration succeeded in finding operating point.

.step idx=7389
Direct Newton iteration succeeded in finding operating point.

.step idx=7390
Direct Newton iteration succeeded in finding operating point.

.step idx=7391
Direct Newton iteration succeeded in finding operating point.

.step idx=7392
Direct Newton iteration succeeded in finding operating point.

.step idx=7393
Direct Newton iteration succeeded in finding operating point.

.step idx=7394
Direct Newton iteration succeeded in finding operating point.

.step idx=7395
Direct Newton iteration succeeded in finding operating point.

.step idx=7396
Direct Newton iteration succeeded in finding operating point.

.step idx=7397
Direct Newton iteration succeeded in finding operating point.

.step idx=7398
Direct Newton iteration succeeded in finding operating point.

.step idx=7399
Direct Newton iteration succeeded in finding operating point.

.step idx=7400
Direct Newton iteration succeeded in finding operating point.

.step idx=7401
Direct Newton iteration succeeded in finding operating point.

.step idx=7402
Direct Newton iteration succeeded in finding operating point.

.step idx=7403
Direct Newton iteration succeeded in finding operating point.

.step idx=7404
Direct Newton iteration succeeded in finding operating point.

.step idx=7405
Direct Newton iteration succeeded in finding operating point.

.step idx=7406
Direct Newton iteration succeeded in finding operating point.

.step idx=7407
Direct Newton iteration succeeded in finding operating point.

.step idx=7408
Direct Newton iteration succeeded in finding operating point.

.step idx=7409
Direct Newton iteration succeeded in finding operating point.

.step idx=7410
Direct Newton iteration succeeded in finding operating point.

.step idx=7411
Direct Newton iteration succeeded in finding operating point.

.step idx=7412
Direct Newton iteration succeeded in finding operating point.

.step idx=7413
Direct Newton iteration succeeded in finding operating point.

.step idx=7414
Direct Newton iteration succeeded in finding operating point.

.step idx=7415
Direct Newton iteration succeeded in finding operating point.

.step idx=7416
Direct Newton iteration succeeded in finding operating point.

.step idx=7417
Direct Newton iteration succeeded in finding operating point.

.step idx=7418
Direct Newton iteration succeeded in finding operating point.

.step idx=7419
Direct Newton iteration succeeded in finding operating point.

.step idx=7420
Direct Newton iteration succeeded in finding operating point.

.step idx=7421
Direct Newton iteration succeeded in finding operating point.

.step idx=7422
Direct Newton iteration succeeded in finding operating point.

.step idx=7423
Direct Newton iteration succeeded in finding operating point.

.step idx=7424
Direct Newton iteration succeeded in finding operating point.

.step idx=7425
Direct Newton iteration succeeded in finding operating point.

.step idx=7426
Direct Newton iteration succeeded in finding operating point.

.step idx=7427
Direct Newton iteration succeeded in finding operating point.

.step idx=7428
Direct Newton iteration succeeded in finding operating point.

.step idx=7429
Direct Newton iteration succeeded in finding operating point.

.step idx=7430
Direct Newton iteration succeeded in finding operating point.

.step idx=7431
Direct Newton iteration succeeded in finding operating point.

.step idx=7432
Direct Newton iteration succeeded in finding operating point.

.step idx=7433
Direct Newton iteration succeeded in finding operating point.

.step idx=7434
Direct Newton iteration succeeded in finding operating point.

.step idx=7435
Direct Newton iteration succeeded in finding operating point.

.step idx=7436
Direct Newton iteration succeeded in finding operating point.

.step idx=7437
Direct Newton iteration succeeded in finding operating point.

.step idx=7438
Direct Newton iteration succeeded in finding operating point.

.step idx=7439
Direct Newton iteration succeeded in finding operating point.

.step idx=7440
Direct Newton iteration succeeded in finding operating point.

.step idx=7441
Direct Newton iteration succeeded in finding operating point.

.step idx=7442
Direct Newton iteration succeeded in finding operating point.

.step idx=7443
Direct Newton iteration succeeded in finding operating point.

.step idx=7444
Direct Newton iteration succeeded in finding operating point.

.step idx=7445
Direct Newton iteration succeeded in finding operating point.

.step idx=7446
Direct Newton iteration succeeded in finding operating point.

.step idx=7447
Direct Newton iteration succeeded in finding operating point.

.step idx=7448
Direct Newton iteration succeeded in finding operating point.

.step idx=7449
Direct Newton iteration succeeded in finding operating point.

.step idx=7450
Direct Newton iteration succeeded in finding operating point.

.step idx=7451
Direct Newton iteration succeeded in finding operating point.

.step idx=7452
Direct Newton iteration succeeded in finding operating point.

.step idx=7453
Direct Newton iteration succeeded in finding operating point.

.step idx=7454
Direct Newton iteration succeeded in finding operating point.

.step idx=7455
Direct Newton iteration succeeded in finding operating point.

.step idx=7456
Direct Newton iteration succeeded in finding operating point.

.step idx=7457
Direct Newton iteration succeeded in finding operating point.

.step idx=7458
Direct Newton iteration succeeded in finding operating point.

.step idx=7459
Direct Newton iteration succeeded in finding operating point.

.step idx=7460
Direct Newton iteration succeeded in finding operating point.

.step idx=7461
Direct Newton iteration succeeded in finding operating point.

.step idx=7462
Direct Newton iteration succeeded in finding operating point.

.step idx=7463
Direct Newton iteration succeeded in finding operating point.

.step idx=7464
Direct Newton iteration succeeded in finding operating point.

.step idx=7465
Direct Newton iteration succeeded in finding operating point.

.step idx=7466
Direct Newton iteration succeeded in finding operating point.

.step idx=7467
Direct Newton iteration succeeded in finding operating point.

.step idx=7468
Direct Newton iteration succeeded in finding operating point.

.step idx=7469
Direct Newton iteration succeeded in finding operating point.

.step idx=7470
Direct Newton iteration succeeded in finding operating point.

.step idx=7471
Direct Newton iteration succeeded in finding operating point.

.step idx=7472
Direct Newton iteration succeeded in finding operating point.

.step idx=7473
Direct Newton iteration succeeded in finding operating point.

.step idx=7474
Direct Newton iteration succeeded in finding operating point.

.step idx=7475
Direct Newton iteration succeeded in finding operating point.

.step idx=7476
Direct Newton iteration succeeded in finding operating point.

.step idx=7477
Direct Newton iteration succeeded in finding operating point.

.step idx=7478
Direct Newton iteration succeeded in finding operating point.

.step idx=7479
Direct Newton iteration succeeded in finding operating point.

.step idx=7480
Direct Newton iteration succeeded in finding operating point.

.step idx=7481
Direct Newton iteration succeeded in finding operating point.

.step idx=7482
Direct Newton iteration succeeded in finding operating point.

.step idx=7483
Direct Newton iteration succeeded in finding operating point.

.step idx=7484
Direct Newton iteration succeeded in finding operating point.

.step idx=7485
Direct Newton iteration succeeded in finding operating point.

.step idx=7486
Direct Newton iteration succeeded in finding operating point.

.step idx=7487
Direct Newton iteration succeeded in finding operating point.

.step idx=7488
Direct Newton iteration succeeded in finding operating point.

.step idx=7489
Direct Newton iteration succeeded in finding operating point.

.step idx=7490
Direct Newton iteration succeeded in finding operating point.

.step idx=7491
Direct Newton iteration succeeded in finding operating point.

.step idx=7492
Direct Newton iteration succeeded in finding operating point.

.step idx=7493
Direct Newton iteration succeeded in finding operating point.

.step idx=7494
Direct Newton iteration succeeded in finding operating point.

.step idx=7495
Direct Newton iteration succeeded in finding operating point.

.step idx=7496
Direct Newton iteration succeeded in finding operating point.

.step idx=7497
Direct Newton iteration succeeded in finding operating point.

.step idx=7498
Direct Newton iteration succeeded in finding operating point.

.step idx=7499
Direct Newton iteration succeeded in finding operating point.

.step idx=7500
Direct Newton iteration succeeded in finding operating point.

.step idx=7501
Direct Newton iteration succeeded in finding operating point.

.step idx=7502
Direct Newton iteration succeeded in finding operating point.

.step idx=7503
Direct Newton iteration succeeded in finding operating point.

.step idx=7504
Direct Newton iteration succeeded in finding operating point.

.step idx=7505
Direct Newton iteration succeeded in finding operating point.

.step idx=7506
Direct Newton iteration succeeded in finding operating point.

.step idx=7507
Direct Newton iteration succeeded in finding operating point.

.step idx=7508
Direct Newton iteration succeeded in finding operating point.

.step idx=7509
Direct Newton iteration succeeded in finding operating point.

.step idx=7510
Direct Newton iteration succeeded in finding operating point.

.step idx=7511
Direct Newton iteration succeeded in finding operating point.

.step idx=7512
Direct Newton iteration succeeded in finding operating point.

.step idx=7513
Direct Newton iteration succeeded in finding operating point.

.step idx=7514
Direct Newton iteration succeeded in finding operating point.

.step idx=7515
Direct Newton iteration succeeded in finding operating point.

.step idx=7516
Direct Newton iteration succeeded in finding operating point.

.step idx=7517
Direct Newton iteration succeeded in finding operating point.

.step idx=7518
Direct Newton iteration succeeded in finding operating point.

.step idx=7519
Direct Newton iteration succeeded in finding operating point.

.step idx=7520
Direct Newton iteration succeeded in finding operating point.

.step idx=7521
Direct Newton iteration succeeded in finding operating point.

.step idx=7522
Direct Newton iteration succeeded in finding operating point.

.step idx=7523
Direct Newton iteration succeeded in finding operating point.

.step idx=7524
Direct Newton iteration succeeded in finding operating point.

.step idx=7525
Direct Newton iteration succeeded in finding operating point.

.step idx=7526
Direct Newton iteration succeeded in finding operating point.

.step idx=7527
Direct Newton iteration succeeded in finding operating point.

.step idx=7528
Direct Newton iteration succeeded in finding operating point.

.step idx=7529
Direct Newton iteration succeeded in finding operating point.

.step idx=7530
Direct Newton iteration succeeded in finding operating point.

.step idx=7531
Direct Newton iteration succeeded in finding operating point.

.step idx=7532
Direct Newton iteration succeeded in finding operating point.

.step idx=7533
Direct Newton iteration succeeded in finding operating point.

.step idx=7534
Direct Newton iteration succeeded in finding operating point.

.step idx=7535
Direct Newton iteration succeeded in finding operating point.

.step idx=7536
Direct Newton iteration succeeded in finding operating point.

.step idx=7537
Direct Newton iteration succeeded in finding operating point.

.step idx=7538
Direct Newton iteration succeeded in finding operating point.

.step idx=7539
Direct Newton iteration succeeded in finding operating point.

.step idx=7540
Direct Newton iteration succeeded in finding operating point.

.step idx=7541
Direct Newton iteration succeeded in finding operating point.

.step idx=7542
Direct Newton iteration succeeded in finding operating point.

.step idx=7543
Direct Newton iteration succeeded in finding operating point.

.step idx=7544
Direct Newton iteration succeeded in finding operating point.

.step idx=7545
Direct Newton iteration succeeded in finding operating point.

.step idx=7546
Direct Newton iteration succeeded in finding operating point.

.step idx=7547
Direct Newton iteration succeeded in finding operating point.

.step idx=7548
Direct Newton iteration succeeded in finding operating point.

.step idx=7549
Direct Newton iteration succeeded in finding operating point.

.step idx=7550
Direct Newton iteration succeeded in finding operating point.

.step idx=7551
Direct Newton iteration succeeded in finding operating point.

.step idx=7552
Direct Newton iteration succeeded in finding operating point.

.step idx=7553
Direct Newton iteration succeeded in finding operating point.

.step idx=7554
Direct Newton iteration succeeded in finding operating point.

.step idx=7555
Direct Newton iteration succeeded in finding operating point.

.step idx=7556
Direct Newton iteration succeeded in finding operating point.

.step idx=7557
Direct Newton iteration succeeded in finding operating point.

.step idx=7558
Direct Newton iteration succeeded in finding operating point.

.step idx=7559
Direct Newton iteration succeeded in finding operating point.

.step idx=7560
Direct Newton iteration succeeded in finding operating point.

.step idx=7561
Direct Newton iteration succeeded in finding operating point.

.step idx=7562
Direct Newton iteration succeeded in finding operating point.

.step idx=7563
Direct Newton iteration succeeded in finding operating point.

.step idx=7564
Direct Newton iteration succeeded in finding operating point.

.step idx=7565
Direct Newton iteration succeeded in finding operating point.

.step idx=7566
Direct Newton iteration succeeded in finding operating point.

.step idx=7567
Direct Newton iteration succeeded in finding operating point.

.step idx=7568
Direct Newton iteration succeeded in finding operating point.

.step idx=7569
Direct Newton iteration succeeded in finding operating point.

.step idx=7570
Direct Newton iteration succeeded in finding operating point.

.step idx=7571
Direct Newton iteration succeeded in finding operating point.

.step idx=7572
Direct Newton iteration succeeded in finding operating point.

.step idx=7573
Direct Newton iteration succeeded in finding operating point.

.step idx=7574
Direct Newton iteration succeeded in finding operating point.

.step idx=7575
Direct Newton iteration succeeded in finding operating point.

.step idx=7576
Direct Newton iteration succeeded in finding operating point.

.step idx=7577
Direct Newton iteration succeeded in finding operating point.

.step idx=7578
Direct Newton iteration succeeded in finding operating point.

.step idx=7579
Direct Newton iteration succeeded in finding operating point.

.step idx=7580
Direct Newton iteration succeeded in finding operating point.

.step idx=7581
Direct Newton iteration succeeded in finding operating point.

.step idx=7582
Direct Newton iteration succeeded in finding operating point.

.step idx=7583
Direct Newton iteration succeeded in finding operating point.

.step idx=7584
Direct Newton iteration succeeded in finding operating point.

.step idx=7585
Direct Newton iteration succeeded in finding operating point.

.step idx=7586
Direct Newton iteration succeeded in finding operating point.

.step idx=7587
Direct Newton iteration succeeded in finding operating point.

.step idx=7588
Direct Newton iteration succeeded in finding operating point.

.step idx=7589
Direct Newton iteration succeeded in finding operating point.

.step idx=7590
Direct Newton iteration succeeded in finding operating point.

.step idx=7591
Direct Newton iteration succeeded in finding operating point.

.step idx=7592
Direct Newton iteration succeeded in finding operating point.

.step idx=7593
Direct Newton iteration succeeded in finding operating point.

.step idx=7594
Direct Newton iteration succeeded in finding operating point.

.step idx=7595
Direct Newton iteration succeeded in finding operating point.

.step idx=7596
Direct Newton iteration succeeded in finding operating point.

.step idx=7597
Direct Newton iteration succeeded in finding operating point.

.step idx=7598
Direct Newton iteration succeeded in finding operating point.

.step idx=7599
Direct Newton iteration succeeded in finding operating point.

.step idx=7600
Direct Newton iteration succeeded in finding operating point.

.step idx=7601
Direct Newton iteration succeeded in finding operating point.

.step idx=7602
Direct Newton iteration succeeded in finding operating point.

.step idx=7603
Direct Newton iteration succeeded in finding operating point.

.step idx=7604
Direct Newton iteration succeeded in finding operating point.

.step idx=7605
Direct Newton iteration succeeded in finding operating point.

.step idx=7606
Direct Newton iteration succeeded in finding operating point.

.step idx=7607
Direct Newton iteration succeeded in finding operating point.

.step idx=7608
Direct Newton iteration succeeded in finding operating point.

.step idx=7609
Direct Newton iteration succeeded in finding operating point.

.step idx=7610
Direct Newton iteration succeeded in finding operating point.

.step idx=7611
Direct Newton iteration succeeded in finding operating point.

.step idx=7612
Direct Newton iteration succeeded in finding operating point.

.step idx=7613
Direct Newton iteration succeeded in finding operating point.

.step idx=7614
Direct Newton iteration succeeded in finding operating point.

.step idx=7615
Direct Newton iteration succeeded in finding operating point.

.step idx=7616
Direct Newton iteration succeeded in finding operating point.

.step idx=7617
Direct Newton iteration succeeded in finding operating point.

.step idx=7618
Direct Newton iteration succeeded in finding operating point.

.step idx=7619
Direct Newton iteration succeeded in finding operating point.

.step idx=7620
Direct Newton iteration succeeded in finding operating point.

.step idx=7621
Direct Newton iteration succeeded in finding operating point.

.step idx=7622
Direct Newton iteration succeeded in finding operating point.

.step idx=7623
Direct Newton iteration succeeded in finding operating point.

.step idx=7624
Direct Newton iteration succeeded in finding operating point.

.step idx=7625
Direct Newton iteration succeeded in finding operating point.

.step idx=7626
Direct Newton iteration succeeded in finding operating point.

.step idx=7627
Direct Newton iteration succeeded in finding operating point.

.step idx=7628
Direct Newton iteration succeeded in finding operating point.

.step idx=7629
Direct Newton iteration succeeded in finding operating point.

.step idx=7630
Direct Newton iteration succeeded in finding operating point.

.step idx=7631
Direct Newton iteration succeeded in finding operating point.

.step idx=7632
Direct Newton iteration succeeded in finding operating point.

.step idx=7633
Direct Newton iteration succeeded in finding operating point.

.step idx=7634
Direct Newton iteration succeeded in finding operating point.

.step idx=7635
Direct Newton iteration succeeded in finding operating point.

.step idx=7636
Direct Newton iteration succeeded in finding operating point.

.step idx=7637
Direct Newton iteration succeeded in finding operating point.

.step idx=7638
Direct Newton iteration succeeded in finding operating point.

.step idx=7639
Direct Newton iteration succeeded in finding operating point.

.step idx=7640
Direct Newton iteration succeeded in finding operating point.

.step idx=7641
Direct Newton iteration succeeded in finding operating point.

.step idx=7642
Direct Newton iteration succeeded in finding operating point.

.step idx=7643
Direct Newton iteration succeeded in finding operating point.

.step idx=7644
Direct Newton iteration succeeded in finding operating point.

.step idx=7645
Direct Newton iteration succeeded in finding operating point.

.step idx=7646
Direct Newton iteration succeeded in finding operating point.

.step idx=7647
Direct Newton iteration succeeded in finding operating point.

.step idx=7648
Direct Newton iteration succeeded in finding operating point.

.step idx=7649
Direct Newton iteration succeeded in finding operating point.

.step idx=7650
Direct Newton iteration succeeded in finding operating point.

.step idx=7651
Direct Newton iteration succeeded in finding operating point.

.step idx=7652
Direct Newton iteration succeeded in finding operating point.

.step idx=7653
Direct Newton iteration succeeded in finding operating point.

.step idx=7654
Direct Newton iteration succeeded in finding operating point.

.step idx=7655
Direct Newton iteration succeeded in finding operating point.

.step idx=7656
Direct Newton iteration succeeded in finding operating point.

.step idx=7657
Direct Newton iteration succeeded in finding operating point.

.step idx=7658
Direct Newton iteration succeeded in finding operating point.

.step idx=7659
Direct Newton iteration succeeded in finding operating point.

.step idx=7660
Direct Newton iteration succeeded in finding operating point.

.step idx=7661
Direct Newton iteration succeeded in finding operating point.

.step idx=7662
Direct Newton iteration succeeded in finding operating point.

.step idx=7663
Direct Newton iteration succeeded in finding operating point.

.step idx=7664
Direct Newton iteration succeeded in finding operating point.

.step idx=7665
Direct Newton iteration succeeded in finding operating point.

.step idx=7666
Direct Newton iteration succeeded in finding operating point.

.step idx=7667
Direct Newton iteration succeeded in finding operating point.

.step idx=7668
Direct Newton iteration succeeded in finding operating point.

.step idx=7669
Direct Newton iteration succeeded in finding operating point.

.step idx=7670
Direct Newton iteration succeeded in finding operating point.

.step idx=7671
Direct Newton iteration succeeded in finding operating point.

.step idx=7672
Direct Newton iteration succeeded in finding operating point.

.step idx=7673
Direct Newton iteration succeeded in finding operating point.

.step idx=7674
Direct Newton iteration succeeded in finding operating point.

.step idx=7675
Direct Newton iteration succeeded in finding operating point.

.step idx=7676
Direct Newton iteration succeeded in finding operating point.

.step idx=7677
Direct Newton iteration succeeded in finding operating point.

.step idx=7678
Direct Newton iteration succeeded in finding operating point.

.step idx=7679
Direct Newton iteration succeeded in finding operating point.

.step idx=7680
Direct Newton iteration succeeded in finding operating point.

.step idx=7681
Direct Newton iteration succeeded in finding operating point.

.step idx=7682
Direct Newton iteration succeeded in finding operating point.

.step idx=7683
Direct Newton iteration succeeded in finding operating point.

.step idx=7684
Direct Newton iteration succeeded in finding operating point.

.step idx=7685
Direct Newton iteration succeeded in finding operating point.

.step idx=7686
Direct Newton iteration succeeded in finding operating point.

.step idx=7687
Direct Newton iteration succeeded in finding operating point.

.step idx=7688
Direct Newton iteration succeeded in finding operating point.

.step idx=7689
Direct Newton iteration succeeded in finding operating point.

.step idx=7690
Direct Newton iteration succeeded in finding operating point.

.step idx=7691
Direct Newton iteration succeeded in finding operating point.

.step idx=7692
Direct Newton iteration succeeded in finding operating point.

.step idx=7693
Direct Newton iteration succeeded in finding operating point.

.step idx=7694
Direct Newton iteration succeeded in finding operating point.

.step idx=7695
Direct Newton iteration succeeded in finding operating point.

.step idx=7696
Direct Newton iteration succeeded in finding operating point.

.step idx=7697
Direct Newton iteration succeeded in finding operating point.

.step idx=7698
Direct Newton iteration succeeded in finding operating point.

.step idx=7699
Direct Newton iteration succeeded in finding operating point.

.step idx=7700
Direct Newton iteration succeeded in finding operating point.

.step idx=7701
Direct Newton iteration succeeded in finding operating point.

.step idx=7702
Direct Newton iteration succeeded in finding operating point.

.step idx=7703
Direct Newton iteration succeeded in finding operating point.

.step idx=7704
Direct Newton iteration succeeded in finding operating point.

.step idx=7705
Direct Newton iteration succeeded in finding operating point.

.step idx=7706
Direct Newton iteration succeeded in finding operating point.

.step idx=7707
Direct Newton iteration succeeded in finding operating point.

.step idx=7708
Direct Newton iteration succeeded in finding operating point.

.step idx=7709
Direct Newton iteration succeeded in finding operating point.

.step idx=7710
Direct Newton iteration succeeded in finding operating point.

.step idx=7711
Direct Newton iteration succeeded in finding operating point.

.step idx=7712
Direct Newton iteration succeeded in finding operating point.

.step idx=7713
Direct Newton iteration succeeded in finding operating point.

.step idx=7714
Direct Newton iteration succeeded in finding operating point.

.step idx=7715
Direct Newton iteration succeeded in finding operating point.

.step idx=7716
Direct Newton iteration succeeded in finding operating point.

.step idx=7717
Direct Newton iteration succeeded in finding operating point.

.step idx=7718
Direct Newton iteration succeeded in finding operating point.

.step idx=7719
Direct Newton iteration succeeded in finding operating point.

.step idx=7720
Direct Newton iteration succeeded in finding operating point.

.step idx=7721
Direct Newton iteration succeeded in finding operating point.

.step idx=7722
Direct Newton iteration succeeded in finding operating point.

.step idx=7723
Direct Newton iteration succeeded in finding operating point.

.step idx=7724
Direct Newton iteration succeeded in finding operating point.

.step idx=7725
Direct Newton iteration succeeded in finding operating point.

.step idx=7726
Direct Newton iteration succeeded in finding operating point.

.step idx=7727
Direct Newton iteration succeeded in finding operating point.

.step idx=7728
Direct Newton iteration succeeded in finding operating point.

.step idx=7729
Direct Newton iteration succeeded in finding operating point.

.step idx=7730
Direct Newton iteration succeeded in finding operating point.

.step idx=7731
Direct Newton iteration succeeded in finding operating point.

.step idx=7732
Direct Newton iteration succeeded in finding operating point.

.step idx=7733
Direct Newton iteration succeeded in finding operating point.

.step idx=7734
Direct Newton iteration succeeded in finding operating point.

.step idx=7735
Direct Newton iteration succeeded in finding operating point.

.step idx=7736
Direct Newton iteration succeeded in finding operating point.

.step idx=7737
Direct Newton iteration succeeded in finding operating point.

.step idx=7738
Direct Newton iteration succeeded in finding operating point.

.step idx=7739
Direct Newton iteration succeeded in finding operating point.

.step idx=7740
Direct Newton iteration succeeded in finding operating point.

.step idx=7741
Direct Newton iteration succeeded in finding operating point.

.step idx=7742
Direct Newton iteration succeeded in finding operating point.

.step idx=7743
Direct Newton iteration succeeded in finding operating point.

.step idx=7744
Direct Newton iteration succeeded in finding operating point.

.step idx=7745
Direct Newton iteration succeeded in finding operating point.

.step idx=7746
Direct Newton iteration succeeded in finding operating point.

.step idx=7747
Direct Newton iteration succeeded in finding operating point.

.step idx=7748
Direct Newton iteration succeeded in finding operating point.

.step idx=7749
Direct Newton iteration succeeded in finding operating point.

.step idx=7750
Direct Newton iteration succeeded in finding operating point.

.step idx=7751
Direct Newton iteration succeeded in finding operating point.

.step idx=7752
Direct Newton iteration succeeded in finding operating point.

.step idx=7753
Direct Newton iteration succeeded in finding operating point.

.step idx=7754
Direct Newton iteration succeeded in finding operating point.

.step idx=7755
Direct Newton iteration succeeded in finding operating point.

.step idx=7756
Direct Newton iteration succeeded in finding operating point.

.step idx=7757
Direct Newton iteration succeeded in finding operating point.

.step idx=7758
Direct Newton iteration succeeded in finding operating point.

.step idx=7759
Direct Newton iteration succeeded in finding operating point.

.step idx=7760
Direct Newton iteration succeeded in finding operating point.

.step idx=7761
Direct Newton iteration succeeded in finding operating point.

.step idx=7762
Direct Newton iteration succeeded in finding operating point.

.step idx=7763
Direct Newton iteration succeeded in finding operating point.

.step idx=7764
Direct Newton iteration succeeded in finding operating point.

.step idx=7765
Direct Newton iteration succeeded in finding operating point.

.step idx=7766
Direct Newton iteration succeeded in finding operating point.

.step idx=7767
Direct Newton iteration succeeded in finding operating point.

.step idx=7768
Direct Newton iteration succeeded in finding operating point.

.step idx=7769
Direct Newton iteration succeeded in finding operating point.

.step idx=7770
Direct Newton iteration succeeded in finding operating point.

.step idx=7771
Direct Newton iteration succeeded in finding operating point.

.step idx=7772
Direct Newton iteration succeeded in finding operating point.

.step idx=7773
Direct Newton iteration succeeded in finding operating point.

.step idx=7774
Direct Newton iteration succeeded in finding operating point.

.step idx=7775
Direct Newton iteration succeeded in finding operating point.

.step idx=7776
Direct Newton iteration succeeded in finding operating point.

.step idx=7777
Direct Newton iteration succeeded in finding operating point.

.step idx=7778
Direct Newton iteration succeeded in finding operating point.

.step idx=7779
Direct Newton iteration succeeded in finding operating point.

.step idx=7780
Direct Newton iteration succeeded in finding operating point.

.step idx=7781
Direct Newton iteration succeeded in finding operating point.

.step idx=7782
Direct Newton iteration succeeded in finding operating point.

.step idx=7783
Direct Newton iteration succeeded in finding operating point.

.step idx=7784
Direct Newton iteration succeeded in finding operating point.

.step idx=7785
Direct Newton iteration succeeded in finding operating point.

.step idx=7786
Direct Newton iteration succeeded in finding operating point.

.step idx=7787
Direct Newton iteration succeeded in finding operating point.

.step idx=7788
Direct Newton iteration succeeded in finding operating point.

.step idx=7789
Direct Newton iteration succeeded in finding operating point.

.step idx=7790
Direct Newton iteration succeeded in finding operating point.

.step idx=7791
Direct Newton iteration succeeded in finding operating point.

.step idx=7792
Direct Newton iteration succeeded in finding operating point.

.step idx=7793
Direct Newton iteration succeeded in finding operating point.

.step idx=7794
Direct Newton iteration succeeded in finding operating point.

.step idx=7795
Direct Newton iteration succeeded in finding operating point.

.step idx=7796
Direct Newton iteration succeeded in finding operating point.

.step idx=7797
Direct Newton iteration succeeded in finding operating point.

.step idx=7798
Direct Newton iteration succeeded in finding operating point.

.step idx=7799
Direct Newton iteration succeeded in finding operating point.

.step idx=7800
Direct Newton iteration succeeded in finding operating point.

.step idx=7801
Direct Newton iteration succeeded in finding operating point.

.step idx=7802
Direct Newton iteration succeeded in finding operating point.

.step idx=7803
Direct Newton iteration succeeded in finding operating point.

.step idx=7804
Direct Newton iteration succeeded in finding operating point.

.step idx=7805
Direct Newton iteration succeeded in finding operating point.

.step idx=7806
Direct Newton iteration succeeded in finding operating point.

.step idx=7807
Direct Newton iteration succeeded in finding operating point.

.step idx=7808
Direct Newton iteration succeeded in finding operating point.

.step idx=7809
Direct Newton iteration succeeded in finding operating point.

.step idx=7810
Direct Newton iteration succeeded in finding operating point.

.step idx=7811
Direct Newton iteration succeeded in finding operating point.

.step idx=7812
Direct Newton iteration succeeded in finding operating point.

.step idx=7813
Direct Newton iteration succeeded in finding operating point.

.step idx=7814
Direct Newton iteration succeeded in finding operating point.

.step idx=7815
Direct Newton iteration succeeded in finding operating point.

.step idx=7816
Direct Newton iteration succeeded in finding operating point.

.step idx=7817
Direct Newton iteration succeeded in finding operating point.

.step idx=7818
Direct Newton iteration succeeded in finding operating point.

.step idx=7819
Direct Newton iteration succeeded in finding operating point.

.step idx=7820
Direct Newton iteration succeeded in finding operating point.

.step idx=7821
Direct Newton iteration succeeded in finding operating point.

.step idx=7822
Direct Newton iteration succeeded in finding operating point.

.step idx=7823
Direct Newton iteration succeeded in finding operating point.

.step idx=7824
Direct Newton iteration succeeded in finding operating point.

.step idx=7825
Direct Newton iteration succeeded in finding operating point.

.step idx=7826
Direct Newton iteration succeeded in finding operating point.

.step idx=7827
Direct Newton iteration succeeded in finding operating point.

.step idx=7828
Direct Newton iteration succeeded in finding operating point.

.step idx=7829
Direct Newton iteration succeeded in finding operating point.

.step idx=7830
Direct Newton iteration succeeded in finding operating point.

.step idx=7831
Direct Newton iteration succeeded in finding operating point.

.step idx=7832
Direct Newton iteration succeeded in finding operating point.

.step idx=7833
Direct Newton iteration succeeded in finding operating point.

.step idx=7834
Direct Newton iteration succeeded in finding operating point.

.step idx=7835
Direct Newton iteration succeeded in finding operating point.

.step idx=7836
Direct Newton iteration succeeded in finding operating point.

.step idx=7837
Direct Newton iteration succeeded in finding operating point.

.step idx=7838
Direct Newton iteration succeeded in finding operating point.

.step idx=7839
Direct Newton iteration succeeded in finding operating point.

.step idx=7840
Direct Newton iteration succeeded in finding operating point.

.step idx=7841
Direct Newton iteration succeeded in finding operating point.

.step idx=7842
Direct Newton iteration succeeded in finding operating point.

.step idx=7843
Direct Newton iteration succeeded in finding operating point.

.step idx=7844
Direct Newton iteration succeeded in finding operating point.

.step idx=7845
Direct Newton iteration succeeded in finding operating point.

.step idx=7846
Direct Newton iteration succeeded in finding operating point.

.step idx=7847
Direct Newton iteration succeeded in finding operating point.

.step idx=7848
Direct Newton iteration succeeded in finding operating point.

.step idx=7849
Direct Newton iteration succeeded in finding operating point.

.step idx=7850
Direct Newton iteration succeeded in finding operating point.

.step idx=7851
Direct Newton iteration succeeded in finding operating point.

.step idx=7852
Direct Newton iteration succeeded in finding operating point.

.step idx=7853
Direct Newton iteration succeeded in finding operating point.

.step idx=7854
Direct Newton iteration succeeded in finding operating point.

.step idx=7855
Direct Newton iteration succeeded in finding operating point.

.step idx=7856
Direct Newton iteration succeeded in finding operating point.

.step idx=7857
Direct Newton iteration succeeded in finding operating point.

.step idx=7858
Direct Newton iteration succeeded in finding operating point.

.step idx=7859
Direct Newton iteration succeeded in finding operating point.

.step idx=7860
Direct Newton iteration succeeded in finding operating point.

.step idx=7861
Direct Newton iteration succeeded in finding operating point.

.step idx=7862
Direct Newton iteration succeeded in finding operating point.

.step idx=7863
Direct Newton iteration succeeded in finding operating point.

.step idx=7864
Direct Newton iteration succeeded in finding operating point.

.step idx=7865
Direct Newton iteration succeeded in finding operating point.

.step idx=7866
Direct Newton iteration succeeded in finding operating point.

.step idx=7867
Direct Newton iteration succeeded in finding operating point.

.step idx=7868
Direct Newton iteration succeeded in finding operating point.

.step idx=7869
Direct Newton iteration succeeded in finding operating point.

.step idx=7870
Direct Newton iteration succeeded in finding operating point.

.step idx=7871
Direct Newton iteration succeeded in finding operating point.

.step idx=7872
Direct Newton iteration succeeded in finding operating point.

.step idx=7873
Direct Newton iteration succeeded in finding operating point.

.step idx=7874
Direct Newton iteration succeeded in finding operating point.

.step idx=7875
Direct Newton iteration succeeded in finding operating point.

.step idx=7876
Direct Newton iteration succeeded in finding operating point.

.step idx=7877
Direct Newton iteration succeeded in finding operating point.

.step idx=7878
Direct Newton iteration succeeded in finding operating point.

.step idx=7879
Direct Newton iteration succeeded in finding operating point.

.step idx=7880
Direct Newton iteration succeeded in finding operating point.

.step idx=7881
Direct Newton iteration succeeded in finding operating point.

.step idx=7882
Direct Newton iteration succeeded in finding operating point.

.step idx=7883
Direct Newton iteration succeeded in finding operating point.

.step idx=7884
Direct Newton iteration succeeded in finding operating point.

.step idx=7885
Direct Newton iteration succeeded in finding operating point.

.step idx=7886
Direct Newton iteration succeeded in finding operating point.

.step idx=7887
Direct Newton iteration succeeded in finding operating point.

.step idx=7888
Direct Newton iteration succeeded in finding operating point.

.step idx=7889
Direct Newton iteration succeeded in finding operating point.

.step idx=7890
Direct Newton iteration succeeded in finding operating point.

.step idx=7891
Direct Newton iteration succeeded in finding operating point.

.step idx=7892
Direct Newton iteration succeeded in finding operating point.

.step idx=7893
Direct Newton iteration succeeded in finding operating point.

.step idx=7894
Direct Newton iteration succeeded in finding operating point.

.step idx=7895
Direct Newton iteration succeeded in finding operating point.

.step idx=7896
Direct Newton iteration succeeded in finding operating point.

.step idx=7897
Direct Newton iteration succeeded in finding operating point.

.step idx=7898
Direct Newton iteration succeeded in finding operating point.

.step idx=7899
Direct Newton iteration succeeded in finding operating point.

.step idx=7900
Direct Newton iteration succeeded in finding operating point.

.step idx=7901
Direct Newton iteration succeeded in finding operating point.

.step idx=7902
Direct Newton iteration succeeded in finding operating point.

.step idx=7903
Direct Newton iteration succeeded in finding operating point.

.step idx=7904
Direct Newton iteration succeeded in finding operating point.

.step idx=7905
Direct Newton iteration succeeded in finding operating point.

.step idx=7906
Direct Newton iteration succeeded in finding operating point.

.step idx=7907
Direct Newton iteration succeeded in finding operating point.

.step idx=7908
Direct Newton iteration succeeded in finding operating point.

.step idx=7909
Direct Newton iteration succeeded in finding operating point.

.step idx=7910
Direct Newton iteration succeeded in finding operating point.

.step idx=7911
Direct Newton iteration succeeded in finding operating point.

.step idx=7912
Direct Newton iteration succeeded in finding operating point.

.step idx=7913
Direct Newton iteration succeeded in finding operating point.

.step idx=7914
Direct Newton iteration succeeded in finding operating point.

.step idx=7915
Direct Newton iteration succeeded in finding operating point.

.step idx=7916
Direct Newton iteration succeeded in finding operating point.

.step idx=7917
Direct Newton iteration succeeded in finding operating point.

.step idx=7918
Direct Newton iteration succeeded in finding operating point.

.step idx=7919
Direct Newton iteration succeeded in finding operating point.

.step idx=7920
Direct Newton iteration succeeded in finding operating point.

.step idx=7921
Direct Newton iteration succeeded in finding operating point.

.step idx=7922
Direct Newton iteration succeeded in finding operating point.

.step idx=7923
Direct Newton iteration succeeded in finding operating point.

.step idx=7924
Direct Newton iteration succeeded in finding operating point.

.step idx=7925
Direct Newton iteration succeeded in finding operating point.

.step idx=7926
Direct Newton iteration succeeded in finding operating point.

.step idx=7927
Direct Newton iteration succeeded in finding operating point.

.step idx=7928
Direct Newton iteration succeeded in finding operating point.

.step idx=7929
Direct Newton iteration succeeded in finding operating point.

.step idx=7930
Direct Newton iteration succeeded in finding operating point.

.step idx=7931
Direct Newton iteration succeeded in finding operating point.

.step idx=7932
Direct Newton iteration succeeded in finding operating point.

.step idx=7933
Direct Newton iteration succeeded in finding operating point.

.step idx=7934
Direct Newton iteration succeeded in finding operating point.

.step idx=7935
Direct Newton iteration succeeded in finding operating point.

.step idx=7936
Direct Newton iteration succeeded in finding operating point.

.step idx=7937
Direct Newton iteration succeeded in finding operating point.

.step idx=7938
Direct Newton iteration succeeded in finding operating point.

.step idx=7939
Direct Newton iteration succeeded in finding operating point.

.step idx=7940
Direct Newton iteration succeeded in finding operating point.

.step idx=7941
Direct Newton iteration succeeded in finding operating point.

.step idx=7942
Direct Newton iteration succeeded in finding operating point.

.step idx=7943
Direct Newton iteration succeeded in finding operating point.

.step idx=7944
Direct Newton iteration succeeded in finding operating point.

.step idx=7945
Direct Newton iteration succeeded in finding operating point.

.step idx=7946
Direct Newton iteration succeeded in finding operating point.

.step idx=7947
Direct Newton iteration succeeded in finding operating point.

.step idx=7948
Direct Newton iteration succeeded in finding operating point.

.step idx=7949
Direct Newton iteration succeeded in finding operating point.

.step idx=7950
Direct Newton iteration succeeded in finding operating point.

.step idx=7951
Direct Newton iteration succeeded in finding operating point.

.step idx=7952
Direct Newton iteration succeeded in finding operating point.

.step idx=7953
Direct Newton iteration succeeded in finding operating point.

.step idx=7954
Direct Newton iteration succeeded in finding operating point.

.step idx=7955
Direct Newton iteration succeeded in finding operating point.

.step idx=7956
Direct Newton iteration succeeded in finding operating point.

.step idx=7957
Direct Newton iteration succeeded in finding operating point.

.step idx=7958
Direct Newton iteration succeeded in finding operating point.

.step idx=7959
Direct Newton iteration succeeded in finding operating point.

.step idx=7960
Direct Newton iteration succeeded in finding operating point.

.step idx=7961
Direct Newton iteration succeeded in finding operating point.

.step idx=7962
Direct Newton iteration succeeded in finding operating point.

.step idx=7963
Direct Newton iteration succeeded in finding operating point.

.step idx=7964
Direct Newton iteration succeeded in finding operating point.

.step idx=7965
Direct Newton iteration succeeded in finding operating point.

.step idx=7966
Direct Newton iteration succeeded in finding operating point.

.step idx=7967
Direct Newton iteration succeeded in finding operating point.

.step idx=7968
Direct Newton iteration succeeded in finding operating point.

.step idx=7969
Direct Newton iteration succeeded in finding operating point.

.step idx=7970
Direct Newton iteration succeeded in finding operating point.

.step idx=7971
Direct Newton iteration succeeded in finding operating point.

.step idx=7972
Direct Newton iteration succeeded in finding operating point.

.step idx=7973
Direct Newton iteration succeeded in finding operating point.

.step idx=7974
Direct Newton iteration succeeded in finding operating point.

.step idx=7975
Direct Newton iteration succeeded in finding operating point.

.step idx=7976
Direct Newton iteration succeeded in finding operating point.

.step idx=7977
Direct Newton iteration succeeded in finding operating point.

.step idx=7978
Direct Newton iteration succeeded in finding operating point.

.step idx=7979
Direct Newton iteration succeeded in finding operating point.

.step idx=7980
Direct Newton iteration succeeded in finding operating point.

.step idx=7981
Direct Newton iteration succeeded in finding operating point.

.step idx=7982
Direct Newton iteration succeeded in finding operating point.

.step idx=7983
Direct Newton iteration succeeded in finding operating point.

.step idx=7984
Direct Newton iteration succeeded in finding operating point.

.step idx=7985
Direct Newton iteration succeeded in finding operating point.

.step idx=7986
Direct Newton iteration succeeded in finding operating point.

.step idx=7987
Direct Newton iteration succeeded in finding operating point.

.step idx=7988
Direct Newton iteration succeeded in finding operating point.

.step idx=7989
Direct Newton iteration succeeded in finding operating point.

.step idx=7990
Direct Newton iteration succeeded in finding operating point.

.step idx=7991
Direct Newton iteration succeeded in finding operating point.

.step idx=7992
Direct Newton iteration succeeded in finding operating point.

.step idx=7993
Direct Newton iteration succeeded in finding operating point.

.step idx=7994
Direct Newton iteration succeeded in finding operating point.

.step idx=7995
Direct Newton iteration succeeded in finding operating point.

.step idx=7996
Direct Newton iteration succeeded in finding operating point.

.step idx=7997
Direct Newton iteration succeeded in finding operating point.

.step idx=7998
Direct Newton iteration succeeded in finding operating point.

.step idx=7999
Direct Newton iteration succeeded in finding operating point.

.step idx=8000
Direct Newton iteration succeeded in finding operating point.

.step idx=8001
Direct Newton iteration succeeded in finding operating point.

.step idx=8002
Direct Newton iteration succeeded in finding operating point.

.step idx=8003
Direct Newton iteration succeeded in finding operating point.

.step idx=8004
Direct Newton iteration succeeded in finding operating point.

.step idx=8005
Direct Newton iteration succeeded in finding operating point.

.step idx=8006
Direct Newton iteration succeeded in finding operating point.

.step idx=8007
Direct Newton iteration succeeded in finding operating point.

.step idx=8008
Direct Newton iteration succeeded in finding operating point.

.step idx=8009
Direct Newton iteration succeeded in finding operating point.

.step idx=8010
Direct Newton iteration succeeded in finding operating point.

.step idx=8011
Direct Newton iteration succeeded in finding operating point.

.step idx=8012
Direct Newton iteration succeeded in finding operating point.

.step idx=8013
Direct Newton iteration succeeded in finding operating point.

.step idx=8014
Direct Newton iteration succeeded in finding operating point.

.step idx=8015
Direct Newton iteration succeeded in finding operating point.

.step idx=8016
Direct Newton iteration succeeded in finding operating point.

.step idx=8017
Direct Newton iteration succeeded in finding operating point.

.step idx=8018
Direct Newton iteration succeeded in finding operating point.

.step idx=8019
Direct Newton iteration succeeded in finding operating point.

.step idx=8020
Direct Newton iteration succeeded in finding operating point.

.step idx=8021
Direct Newton iteration succeeded in finding operating point.

.step idx=8022
Direct Newton iteration succeeded in finding operating point.

.step idx=8023
Direct Newton iteration succeeded in finding operating point.

.step idx=8024
Direct Newton iteration succeeded in finding operating point.

.step idx=8025
Direct Newton iteration succeeded in finding operating point.

.step idx=8026
Direct Newton iteration succeeded in finding operating point.

.step idx=8027
Direct Newton iteration succeeded in finding operating point.

.step idx=8028
Direct Newton iteration succeeded in finding operating point.

.step idx=8029
Direct Newton iteration succeeded in finding operating point.

.step idx=8030
Direct Newton iteration succeeded in finding operating point.

.step idx=8031
Direct Newton iteration succeeded in finding operating point.

.step idx=8032
Direct Newton iteration succeeded in finding operating point.

.step idx=8033
Direct Newton iteration succeeded in finding operating point.

.step idx=8034
Direct Newton iteration succeeded in finding operating point.

.step idx=8035
Direct Newton iteration succeeded in finding operating point.

.step idx=8036
Direct Newton iteration succeeded in finding operating point.

.step idx=8037
Direct Newton iteration succeeded in finding operating point.

.step idx=8038
Direct Newton iteration succeeded in finding operating point.

.step idx=8039
Direct Newton iteration succeeded in finding operating point.

.step idx=8040
Direct Newton iteration succeeded in finding operating point.

.step idx=8041
Direct Newton iteration succeeded in finding operating point.

.step idx=8042
Direct Newton iteration succeeded in finding operating point.

.step idx=8043
Direct Newton iteration succeeded in finding operating point.

.step idx=8044
Direct Newton iteration succeeded in finding operating point.

.step idx=8045
Direct Newton iteration succeeded in finding operating point.

.step idx=8046
Direct Newton iteration succeeded in finding operating point.

.step idx=8047
Direct Newton iteration succeeded in finding operating point.

.step idx=8048
Direct Newton iteration succeeded in finding operating point.

.step idx=8049
Direct Newton iteration succeeded in finding operating point.

.step idx=8050
Direct Newton iteration succeeded in finding operating point.

.step idx=8051
Direct Newton iteration succeeded in finding operating point.

.step idx=8052
Direct Newton iteration succeeded in finding operating point.

.step idx=8053
Direct Newton iteration succeeded in finding operating point.

.step idx=8054
Direct Newton iteration succeeded in finding operating point.

.step idx=8055
Direct Newton iteration succeeded in finding operating point.

.step idx=8056
Direct Newton iteration succeeded in finding operating point.

.step idx=8057
Direct Newton iteration succeeded in finding operating point.

.step idx=8058
Direct Newton iteration succeeded in finding operating point.

.step idx=8059
Direct Newton iteration succeeded in finding operating point.

.step idx=8060
Direct Newton iteration succeeded in finding operating point.

.step idx=8061
Direct Newton iteration succeeded in finding operating point.

.step idx=8062
Direct Newton iteration succeeded in finding operating point.

.step idx=8063
Direct Newton iteration succeeded in finding operating point.

.step idx=8064
Direct Newton iteration succeeded in finding operating point.

.step idx=8065
Direct Newton iteration succeeded in finding operating point.

.step idx=8066
Direct Newton iteration succeeded in finding operating point.

.step idx=8067
Direct Newton iteration succeeded in finding operating point.

.step idx=8068
Direct Newton iteration succeeded in finding operating point.

.step idx=8069
Direct Newton iteration succeeded in finding operating point.

.step idx=8070
Direct Newton iteration succeeded in finding operating point.

.step idx=8071
Direct Newton iteration succeeded in finding operating point.

.step idx=8072
Direct Newton iteration succeeded in finding operating point.

.step idx=8073
Direct Newton iteration succeeded in finding operating point.

.step idx=8074
Direct Newton iteration succeeded in finding operating point.

.step idx=8075
Direct Newton iteration succeeded in finding operating point.

.step idx=8076
Direct Newton iteration succeeded in finding operating point.

.step idx=8077
Direct Newton iteration succeeded in finding operating point.

.step idx=8078
Direct Newton iteration succeeded in finding operating point.

.step idx=8079
Direct Newton iteration succeeded in finding operating point.

.step idx=8080
Direct Newton iteration succeeded in finding operating point.

.step idx=8081
Direct Newton iteration succeeded in finding operating point.

.step idx=8082
Direct Newton iteration succeeded in finding operating point.

.step idx=8083
Direct Newton iteration succeeded in finding operating point.

.step idx=8084
Direct Newton iteration succeeded in finding operating point.

.step idx=8085
Direct Newton iteration succeeded in finding operating point.

.step idx=8086
Direct Newton iteration succeeded in finding operating point.

.step idx=8087
Direct Newton iteration succeeded in finding operating point.

.step idx=8088
Direct Newton iteration succeeded in finding operating point.

.step idx=8089
Direct Newton iteration succeeded in finding operating point.

.step idx=8090
Direct Newton iteration succeeded in finding operating point.

.step idx=8091
Direct Newton iteration succeeded in finding operating point.

.step idx=8092
Direct Newton iteration succeeded in finding operating point.

.step idx=8093
Direct Newton iteration succeeded in finding operating point.

.step idx=8094
Direct Newton iteration succeeded in finding operating point.

.step idx=8095
Direct Newton iteration succeeded in finding operating point.

.step idx=8096
Direct Newton iteration succeeded in finding operating point.

.step idx=8097
Direct Newton iteration succeeded in finding operating point.

.step idx=8098
Direct Newton iteration succeeded in finding operating point.

.step idx=8099
Direct Newton iteration succeeded in finding operating point.
Total elapsed time: 1032.498 seconds.

Files loaded:
/private/var/folders/7r/frnl9vtn153bhbn6cgk07_2m0000gn/T/cwht-lts.fx61u4/drive_a5_bpf.cir

