run,C1C,C1ESR,C1ESL,C1Lvia,C1Cpad,C3C,C3ESR,C3ESL,C3Lvia,C3Cpad,C5C,C5ESR,C5ESL,C5Lvia,C5Cpad,C7C,C7ESR,C7ESL,C7Lvia,C7Cpad,L2L,L2R,L2C,L2Ltr,L2Q,L2SRF,L4L,L4R,L4C,L4Ltr,L4Q,L4SRF,L6L,L6R,L6C,L6Ltr,L6Q,L6SRF,K24,K46,K26,Cio
1,1.710000e-11,2.000000e-01,1.000000e-09,8.496433e-10,3.489749e-13,3.135000e-11,2.000000e-01,1.000000e-09,8.496433e-10,3.489749e-13,3.135000e-11,2.000000e-01,1.000000e-09,8.496433e-10,3.489749e-13,1.710000e-11,2.000000e-01,1.000000e-09,8.496433e-10,3.489749e-13,6.460000e-08,6.088407e-01,2.242710e-13,1.000000e-09,1.000000e+02,1.500000e+09,7.790000e-08,7.341902e-01,2.424049e-13,1.000000e-09,1.000000e+02,1.300000e+09,6.460000e-08,6.088407e-01,2.242710e-13,1.000000e-09,1.000000e+02,1.500000e+09,5.000000e-03,5.000000e-03,1.000000e-03,2.000000e-15
2,1.890000e-11,2.000000e-01,1.000000e-09,8.496433e-10,3.489749e-13,3.465000e-11,2.000000e-01,1.000000e-09,8.496433e-10,3.489749e-13,3.465000e-11,2.000000e-01,1.000000e-09,8.496433e-10,3.489749e-13,1.890000e-11,2.000000e-01,1.000000e-09,8.496433e-10,3.489749e-13,7.140000e-08,6.729291e-01,2.076738e-13,1.000000e-09,1.000000e+02,1.500000e+09,8.610000e-08,8.114734e-01,2.240806e-13,1.000000e-09,1.000000e+02,1.300000e+09,7.140000e-08,6.729291e-01,2.076738e-13,1.000000e-09,1.000000e+02,1.500000e+09,5.000000e-03,5.000000e-03,1.000000e-03,2.000000e-15
3,1.884771e-11,2.647196e-01,1.103908e-09,4.676544e-10,5.223889e-13,3.207310e-11,3.841193e-01,1.112316e-09,1.091231e-09,4.675738e-13,3.315297e-11,1.025131e-01,1.070702e-09,1.153884e-09,2.739209e-13,1.746871e-11,3.051494e-01,9.980808e-10,6.879666e-10,4.512918e-13,6.487367e-08,5.955852e-01,2.052944e-13,1.777487e-09,1.026587e+02,1.747431e+09,8.478292e-08,7.194283e-01,1.842624e-13,1.942710e-09,1.110688e+02,1.596958e+09,6.536591e-08,5.649942e-01,1.587189e-13,7.532363e-10,1.090382e+02,1.874590e+09,9.309906e-03,7.557869e-03,1.558098e-03,3.958382e-15
4,1.883299e-11,2.528534e-01,1.118606e-09,6.551144e-10,3.313724e-13,3.350341e-11,2.674754e-01,1.139535e-09,8.330442e-10,4.605092e-13,3.298514e-11,1.303655e-01,6.082931e-10,8.999387e-10,2.666319e-13,1.801288e-11,1.677080e-01,7.334169e-10,7.165430e-10,5.162159e-13,6.770234e-08,5.931353e-01,2.263240e-13,1.790047e-09,1.075774e+02,1.571222e+09,7.938066e-08,7.125029e-01,1.983485e-13,1.318136e-09,1.050024e+02,1.460340e+09,6.485610e-08,5.632490e-01,2.038705e-13,1.911660e-09,1.085229e+02,1.717718e+09,1.608077e-03,9.632449e-03,6.518107e-04,1.732320e-15
5,1.802713e-11,1.374274e-01,1.018369e-09,8.971121e-10,2.630526e-13,3.226466e-11,3.958769e-01,9.032541e-10,1.088842e-09,1.948517e-13,3.360946e-11,3.094007e-01,1.190309e-09,1.166077e-09,4.996132e-13,1.812410e-11,3.247601e-01,8.137099e-10,7.297281e-10,4.551220e-13,6.460111e-08,5.384620e-01,1.505033e-13,1.530860e-09,1.130723e+02,1.931678e+09,8.215753e-08,6.300296e-01,1.889603e-13,1.542521e-09,1.229016e+02,1.377232e+09,6.680600e-08,5.568934e-01,1.393502e-13,5.844727e-10,1.130614e+02,1.825956e+09,9.760055e-03,7.982118e-03,2.248219e-03,1.765130e-15
6,1.889446e-11,2.561270e-01,1.160235e-09,1.086797e-09,3.126604e-13,3.155890e-11,3.014384e-01,1.064114e-09,1.077465e-09,4.152511e-13,3.312387e-11,1.636272e-01,1.131205e-09,1.097234e-09,4.120908e-13,1.835696e-11,3.075636e-01,9.662871e-10,4.795536e-10,2.696116e-13,7.085637e-08,5.436561e-01,1.598608e-13,1.190516e-09,1.228360e+02,1.862443e+09,7.909279e-08,7.315355e-01,1.850024e-13,7.742734e-10,1.018996e+02,1.411412e+09,6.489575e-08,5.674013e-01,1.777079e-13,1.280904e-09,1.077946e+02,1.891090e+09,9.619260e-03,3.375352e-03,1.586805e-03,3.290157e-15
7,1.828029e-11,2.784135e-01,6.181913e-10,6.231915e-10,2.790144e-13,3.188712e-11,3.054188e-01,1.198519e-09,3.331966e-10,5.097791e-13,3.245494e-11,3.600854e-01,8.781775e-10,2.752883e-10,4.252165e-13,1.854055e-11,1.545389e-01,1.026333e-09,9.579901e-10,2.013987e-13,6.493216e-08,4.785936e-01,1.812864e-13,1.655090e-09,1.278687e+02,1.753927e+09,8.258728e-08,6.873137e-01,2.341398e-13,1.536302e-09,1.132477e+02,1.314229e+09,6.611163e-08,4.936936e-01,1.891255e-13,1.504806e-09,1.262093e+02,1.661007e+09,4.670113e-03,1.325537e-03,2.744612e-03,3.475463e-15
8,1.836875e-11,3.081256e-01,6.864231e-10,3.186952e-10,3.251386e-13,3.290314e-11,2.568663e-01,6.712730e-10,1.059274e-09,4.442097e-13,3.375588e-11,2.243457e-01,9.476760e-10,6.830571e-10,1.774241e-13,1.783851e-11,3.445933e-01,9.831617e-10,1.291666e-09,4.356221e-13,6.718578e-08,5.806737e-01,1.829546e-13,1.332814e-09,1.090477e+02,1.816091e+09,8.124502e-08,6.542223e-01,1.517771e-13,1.333513e-09,1.170422e+02,1.570620e+09,6.792067e-08,5.805497e-01,1.818015e-13,1.635724e-09,1.102640e+02,1.609768e+09,5.015294e-03,7.829761e-03,1.934927e-03,2.696398e-15
9,1.831432e-11,2.306943e-01,6.246514e-10,7.565939e-10,1.798397e-13,3.320052e-11,2.820409e-01,9.054925e-10,7.592411e-10,2.730342e-13,3.308975e-11,2.725599e-01,7.768159e-10,7.446735e-10,2.626355e-13,1.774654e-11,2.009842e-01,1.100549e-09,1.154511e-09,4.529364e-13,6.999494e-08,5.383609e-01,1.696797e-13,1.195546e-09,1.225362e+02,1.856343e+09,8.323818e-08,6.254448e-01,1.789342e-13,7.753436e-10,1.254310e+02,1.412814e+09,6.607083e-08,5.825299e-01,1.945879e-13,9.405757e-10,1.068963e+02,1.718505e+09,3.232917e-03,2.337843e-04,2.225238e-03,4.417496e-15
10,1.753794e-11,2.106870e-01,1.159891e-09,1.200419e-09,4.825514e-13,3.287932e-11,1.137663e-01,9.697367e-10,2.913540e-10,3.853877e-13,3.224356e-11,3.892777e-01,6.377484e-10,1.156071e-09,3.804675e-13,1.853607e-11,2.917324e-01,8.709676e-10,7.318762e-10,5.017171e-13,6.698203e-08,5.967478e-01,2.241179e-13,5.480977e-10,1.057885e+02,1.583860e+09,7.790074e-08,6.902917e-01,2.574763e-13,1.608216e-09,1.063604e+02,1.315415e+09,7.040926e-08,5.828539e-01,1.307454e-13,1.374599e-09,1.138521e+02,1.870264e+09,1.060341e-03,5.722856e-04,2.540473e-03,2.161490e-15
11,1.751750e-11,3.815840e-01,9.159278e-10,1.046300e-09,3.559685e-13,3.311476e-11,2.612730e-01,1.004651e-09,5.087794e-10,3.382540e-13,3.458612e-11,1.299862e-01,7.494863e-10,1.229514e-09,4.403212e-13,1.731167e-11,3.970045e-01,6.951253e-10,7.006514e-10,2.583980e-13,6.565821e-08,5.716127e-01,1.822231e-13,1.046199e-09,1.082576e+02,1.878600e+09,8.154720e-08,6.668162e-01,2.163527e-13,1.918048e-09,1.152588e+02,1.362433e+09,6.957314e-08,5.169591e-01,1.576221e-13,1.550477e-09,1.268401e+02,1.693488e+09,1.108558e-03,5.987004e-03,2.218058e-03,3.876489e-15
12,1.719221e-11,3.036219e-01,7.824822e-10,1.064414e-09,4.140943e-13,3.364144e-11,2.129969e-01,1.155908e-09,3.820736e-10,4.597996e-13,3.280677e-11,2.347565e-01,1.002675e-09,1.061933e-09,5.133014e-13,1.841197e-11,1.513844e-01,1.119536e-09,1.026062e-09,3.929906e-13,7.030138e-08,5.780973e-01,1.687662e-13,1.567879e-09,1.146130e+02,1.635346e+09,8.537799e-08,7.302619e-01,1.706302e-13,1.559230e-09,1.101890e+02,1.600126e+09,6.666081e-08,5.396681e-01,1.482408e-13,1.669963e-09,1.164166e+02,1.785797e+09,2.388006e-03,4.559451e-03,2.086626e-03,3.101143e-15
13,1.793836e-11,3.311154e-01,7.131482e-10,1.059242e-09,4.066055e-13,3.369874e-11,1.237412e-01,9.745675e-10,3.569769e-10,2.471919e-13,3.166901e-11,3.735393e-01,6.850933e-10,1.200832e-09,2.021769e-13,1.801641e-11,3.458115e-01,1.071728e-09,4.339171e-10,3.541055e-13,6.791231e-08,5.790057e-01,2.102792e-13,1.653465e-09,1.105444e+02,1.560007e+09,8.455760e-08,6.280642e-01,2.013863e-13,1.336445e-09,1.268877e+02,1.508045e+09,6.818522e-08,6.385283e-01,1.937639e-13,8.464426e-10,1.006425e+02,1.506978e+09,9.264230e-03,2.822147e-03,4.592839e-04,1.266195e-15
14,1.816411e-11,2.188534e-01,7.471849e-10,1.015238e-09,3.744411e-13,3.256765e-11,3.124637e-01,1.184647e-09,1.043769e-09,4.258945e-13,3.275480e-11,1.702767e-01,1.009726e-09,8.330213e-10,3.624340e-13,1.864317e-11,1.995079e-01,1.160013e-09,3.047557e-10,2.374789e-13,6.836850e-08,5.154642e-01,1.863249e-13,8.358064e-10,1.250054e+02,1.594707e+09,8.368661e-08,7.302439e-01,2.151373e-13,1.934813e-09,1.080088e+02,1.482472e+09,7.086396e-08,5.951944e-01,1.311355e-13,1.498527e-09,1.122116e+02,1.938339e+09,2.294461e-03,9.900512e-03,2.307643e-03,3.408181e-15
15,1.762524e-11,2.758448e-01,9.955812e-10,8.217139e-10,3.406117e-13,3.177092e-11,3.566970e-01,1.061217e-09,1.177862e-09,3.814806e-13,3.436922e-11,2.234209e-01,6.990833e-10,4.391653e-10,4.994364e-13,1.786954e-11,1.645789e-01,8.641996e-10,1.182036e-09,3.155601e-13,6.660910e-08,5.447802e-01,1.469222e-13,1.466576e-09,1.152347e+02,1.945914e+09,8.528932e-08,7.061835e-01,2.195099e-13,1.617514e-09,1.138278e+02,1.326442e+09,6.762395e-08,5.651537e-01,1.757487e-13,1.878010e-09,1.127730e+02,1.605757e+09,9.939708e-03,1.428321e-04,7.016216e-04,2.734617e-15
16,1.867302e-11,2.343054e-01,9.322440e-10,9.725591e-10,4.652253e-13,3.395737e-11,1.533614e-01,9.874752e-10,1.074897e-09,3.492685e-13,3.406932e-11,3.981260e-01,7.239670e-10,3.621014e-10,4.726241e-13,1.860198e-11,1.618927e-01,9.151968e-10,8.901995e-10,2.729439e-13,6.689001e-08,5.543059e-01,1.817102e-13,1.296094e-09,1.137321e+02,1.571546e+09,8.093530e-08,6.039192e-01,1.754163e-13,8.057199e-10,1.263078e+02,1.573243e+09,6.574457e-08,5.150826e-01,1.816418e-13,1.422768e-09,1.202968e+02,1.592451e+09,9.345744e-03,3.825598e-03,2.394756e-03,2.823646e-15
17,1.872884e-11,3.946708e-01,9.314686e-10,2.709624e-10,2.237836e-13,3.208773e-11,2.977210e-01,9.948143e-10,9.912286e-10,4.274121e-13,3.349361e-11,2.624611e-01,9.901977e-10,8.622252e-10,2.473215e-13,1.877507e-11,2.825530e-01,1.090781e-09,1.017572e-09,4.047238e-13,6.743908e-08,6.129630e-01,1.528584e-13,1.632395e-09,1.036928e+02,1.844711e+09,8.011679e-08,5.959767e-01,2.148273e-13,1.726508e-09,1.266967e+02,1.418575e+09,6.623191e-08,5.494592e-01,1.366237e-13,1.102015e-09,1.136064e+02,1.820545e+09,7.903692e-03,2.660331e-03,1.288387e-03,3.720132e-15
18,1.834722e-11,3.744456e-01,8.819921e-10,9.807499e-10,4.935196e-13,3.139214e-11,2.322660e-01,1.196665e-09,6.857317e-10,2.291158e-13,3.452847e-11,1.371220e-01,1.187866e-09,1.105985e-09,3.412310e-13,1.885295e-11,2.193713e-01,1.117770e-09,6.536788e-10,4.911223e-13,6.689645e-08,5.431028e-01,2.211627e-13,9.083035e-10,1.160893e+02,1.594647e+09,7.922697e-08,5.935885e-01,1.564451e-13,6.988696e-10,1.257936e+02,1.670950e+09,6.712314e-08,4.918468e-01,1.753955e-13,1.386425e-09,1.286215e+02,1.800441e+09,9.629487e-03,3.611061e-04,2.738820e-03,5.158702e-16
19,1.814035e-11,3.092660e-01,7.195102e-10,8.309691e-10,1.970847e-13,3.419257e-11,2.275080e-01,1.189953e-09,3.318410e-10,4.540875e-13,3.193793e-11,2.019505e-01,9.608053e-10,4.486205e-10,2.917056e-13,1.762032e-11,2.507131e-01,1.125575e-09,1.268283e-09,2.650734e-13,7.107047e-08,5.631436e-01,1.682661e-13,6.401030e-10,1.189436e+02,1.598362e+09,8.153520e-08,6.134547e-01,1.407991e-13,1.715034e-09,1.252662e+02,1.606836e+09,6.944100e-08,5.205707e-01,1.314486e-13,1.628101e-09,1.257209e+02,1.925469e+09,1.697271e-03,8.967384e-03,2.539666e-03,5.253255e-16
20,1.841866e-11,3.437800e-01,1.161877e-09,1.182240e-09,3.094947e-13,3.389328e-11,3.165152e-01,7.905134e-10,1.266352e-09,4.268940e-13,3.339647e-11,3.691120e-01,1.121182e-09,4.620864e-10,5.051178e-13,1.757469e-11,3.002439e-01,6.061114e-10,6.281621e-10,3.484821e-13,6.503404e-08,5.710144e-01,1.495210e-13,1.338991e-09,1.073408e+02,1.892264e+09,8.114604e-08,7.066653e-01,1.609059e-13,1.542423e-09,1.082243e+02,1.580509e+09,7.029350e-08,6.284416e-01,1.715856e-13,1.861853e-09,1.054196e+02,1.823480e+09,1.086337e-03,3.056433e-03,1.275482e-03,4.673455e-15
21,1.741090e-11,3.582822e-01,1.019475e-09,3.111864e-10,3.681903e-13,3.195676e-11,2.458747e-01,6.104409e-10,1.067829e-09,3.003081e-13,3.443170e-11,2.812301e-01,9.988951e-10,5.091133e-10,2.064698e-13,1.855950e-11,2.851508e-01,8.700633e-10,7.062366e-10,1.773738e-13,6.965011e-08,6.518765e-01,1.562520e-13,1.109250e-09,1.006996e+02,1.892526e+09,8.229252e-08,6.361211e-01,1.901582e-13,1.018580e-09,1.219247e+02,1.417819e+09,7.126418e-08,5.831484e-01,2.231530e-13,5.495780e-10,1.151764e+02,1.563323e+09,7.964236e-03,8.712936e-03,2.986712e-03,2.598551e-15
22,1.832646e-11,2.150477e-01,8.078854e-10,5.402846e-10,4.921088e-13,3.315094e-11,2.348226e-01,6.926777e-10,3.189534e-10,3.019219e-13,3.275422e-11,2.013168e-01,6.662991e-10,9.717561e-10,3.861904e-13,1.889782e-11,2.542348e-01,8.924709e-10,4.055327e-10,2.084857e-13,6.778192e-08,5.682885e-01,1.937033e-13,1.979206e-09,1.124129e+02,1.634172e+09,8.211207e-08,5.983176e-01,1.990332e-13,1.965556e-09,1.293440e+02,1.469865e+09,6.618587e-08,6.083471e-01,2.157530e-13,1.445994e-09,1.025380e+02,1.636562e+09,8.641957e-03,8.583074e-03,2.075085e-03,2.015791e-15
23,1.886906e-11,2.586336e-01,7.147418e-10,1.120865e-09,2.534059e-13,3.275069e-11,1.135405e-01,8.446620e-10,8.827162e-10,3.000108e-13,3.193205e-11,1.500307e-01,8.027127e-10,8.514240e-10,4.426951e-13,1.779142e-11,1.749674e-01,7.992564e-10,1.216578e-09,2.933970e-13,6.693560e-08,5.174551e-01,1.464010e-13,8.259943e-10,1.219146e+02,1.844590e+09,8.038120e-08,6.531571e-01,2.452778e-13,1.261319e-09,1.159866e+02,1.367046e+09,7.135051e-08,5.634247e-01,1.575532e-13,1.065866e-09,1.193527e+02,1.714648e+09,3.851771e-03,5.302635e-03,1.034994e-03,4.095128e-15
24,1.814895e-11,3.017287e-01,8.354009e-10,1.057514e-09,3.223353e-13,3.395466e-11,1.963367e-01,6.482773e-10,9.220897e-10,2.649315e-13,3.151642e-11,1.365621e-01,1.110592e-09,8.971465e-10,3.813677e-13,1.808528e-11,1.096914e-01,1.193798e-09,3.796951e-10,3.513143e-13,6.775004e-08,5.252232e-01,1.386459e-13,1.256137e-09,1.215729e+02,1.889028e+09,7.898666e-08,6.344967e-01,2.148210e-13,9.625334e-10,1.173263e+02,1.485597e+09,6.878163e-08,5.183939e-01,1.514838e-13,1.464931e-09,1.250500e+02,1.771421e+09,9.444280e-03,6.325319e-03,2.146376e-03,5.397608e-16
25,1.766994e-11,1.983498e-01,9.619772e-10,1.270909e-09,2.864969e-13,3.447346e-11,1.510407e-01,1.020038e-09,5.722110e-10,5.095692e-13,3.441713e-11,3.318362e-01,9.137306e-10,8.388687e-10,2.399017e-13,1.780860e-11,2.276653e-01,9.617650e-10,1.183452e-09,4.333572e-13,7.112733e-08,5.380438e-01,2.050979e-13,1.100874e-09,1.245920e+02,1.502949e+09,8.469676e-08,6.512754e-01,1.665890e-13,5.673727e-10,1.225669e+02,1.651406e+09,6.945482e-08,5.376581e-01,1.826321e-13,1.619636e-09,1.217495e+02,1.677223e+09,2.011680e-03,8.562686e-03,2.269159e-03,1.859178e-15
26,1.725651e-11,3.785796e-01,6.280212e-10,1.156460e-09,3.586678e-13,3.430050e-11,3.514587e-01,8.189742e-10,4.067247e-10,2.490716e-13,3.368360e-11,1.192906e-01,1.038291e-09,3.605278e-10,1.911444e-13,1.825403e-11,1.291142e-01,1.105842e-09,6.084895e-10,3.975034e-13,6.547113e-08,5.467614e-01,1.947752e-13,1.248022e-09,1.128556e+02,1.643991e+09,7.859616e-08,7.381763e-01,2.060068e-13,1.068604e-09,1.003488e+02,1.432799e+09,6.483884e-08,5.531771e-01,2.444528e-13,1.341357e-09,1.104694e+02,1.525523e+09,6.036103e-03,2.865620e-03,2.777864e-03,4.767912e-15
27,1.758760e-11,1.953167e-01,6.404138e-10,1.275090e-09,4.597878e-13,3.304209e-11,2.808732e-01,7.648570e-10,1.229422e-09,2.553000e-13,3.401225e-11,3.682962e-01,7.614030e-10,6.560905e-10,3.249278e-13,1.869458e-11,3.547678e-01,9.871990e-10,5.351692e-10,2.348971e-13,7.096895e-08,5.635056e-01,1.935703e-13,1.265857e-09,1.186974e+02,1.627575e+09,8.198459e-08,6.413032e-01,2.274654e-13,1.251474e-09,1.204869e+02,1.393814e+09,6.667093e-08,6.121745e-01,1.495293e-13,9.015609e-10,1.026437e+02,1.863866e+09,1.858111e-04,7.895677e-03,8.300285e-04,3.689063e-15
28,1.829084e-11,1.240107e-01,7.201851e-10,6.852043e-10,3.501968e-13,3.425294e-11,2.695505e-01,8.532390e-10,3.200041e-10,4.364636e-13,3.233295e-11,3.977689e-01,1.184227e-09,3.218901e-10,4.391808e-13,1.796294e-11,1.496045e-01,1.100180e-09,1.232895e-09,1.964583e-13,6.717797e-08,5.664973e-01,2.172254e-13,1.486204e-09,1.117635e+02,1.649943e+09,8.162867e-08,6.730812e-01,1.815882e-13,1.906377e-09,1.143000e+02,1.437843e+09,6.482584e-08,4.986056e-01,1.955220e-13,8.211001e-10,1.225355e+02,1.563282e+09,6.547597e-03,8.007615e-04,7.474034e-04,3.571557e-15
29,1.847457e-11,1.758165e-01,1.035980e-09,1.005001e-09,2.870192e-13,3.370987e-11,3.239711e-01,1.068605e-09,3.262831e-10,4.256145e-13,3.317207e-11,1.685342e-01,9.065192e-10,1.067850e-09,1.829404e-13,1.822710e-11,2.120115e-01,1.073929e-09,9.324702e-10,3.768913e-13,6.529866e-08,6.133583e-01,1.521301e-13,7.352691e-10,1.003370e+02,1.846209e+09,8.518488e-08,6.435120e-01,1.838974e-13,5.092402e-10,1.247605e+02,1.357817e+09,6.853852e-08,6.081570e-01,1.451978e-13,1.094795e-09,1.062160e+02,1.731276e+09,2.359508e-03,1.770923e-03,2.741720e-03,3.554168e-15
30,1.876103e-11,3.930723e-01,6.394535e-10,8.046764e-10,4.618636e-13,3.181350e-11,3.253659e-01,1.117392e-09,4.838643e-10,4.627791e-13,3.428006e-11,1.931518e-01,9.285293e-10,9.519312e-10,3.885930e-13,1.762951e-11,1.586533e-01,9.908850e-10,8.781271e-10,4.458312e-13,6.530379e-08,5.880572e-01,1.934072e-13,5.843023e-10,1.046622e+02,1.708214e+09,8.436643e-08,6.793740e-01,2.093138e-13,9.823864e-10,1.170393e+02,1.514107e+09,7.064625e-08,5.132182e-01,1.829083e-13,8.363021e-10,1.297353e+02,1.704562e+09,7.525770e-03,5.987864e-03,2.048718e-03,2.257077e-15
31,1.718875e-11,3.787148e-01,6.550499e-10,4.942257e-10,4.929799e-13,3.198560e-11,3.537799e-01,1.124590e-09,8.717028e-10,3.379857e-13,3.331793e-11,2.274250e-01,6.637692e-10,5.071569e-10,3.579253e-13,1.713039e-11,1.048005e-01,8.548320e-10,9.749971e-10,2.583813e-13,6.493946e-08,5.755186e-01,1.932343e-13,1.596672e-09,1.063458e+02,1.537688e+09,8.132081e-08,6.652796e-01,1.657005e-13,5.550202e-10,1.152043e+02,1.649385e+09,6.579308e-08,6.085457e-01,1.583144e-13,1.447085e-09,1.018962e+02,1.749981e+09,4.567314e-03,6.750880e-03,2.005528e-03,1.362789e-15
32,1.755758e-11,3.124567e-01,1.131663e-09,1.240475e-09,5.062646e-13,3.203527e-11,3.977670e-01,7.224520e-10,5.124600e-10,4.740050e-13,3.255935e-11,2.748061e-01,8.554787e-10,1.179827e-09,2.925848e-13,1.799479e-11,3.435335e-01,1.086384e-09,5.278900e-10,1.905791e-13,6.701547e-08,6.094249e-01,1.679593e-13,8.314425e-10,1.036397e+02,1.743423e+09,8.037504e-08,6.312489e-01,1.946865e-13,1.333525e-09,1.200029e+02,1.628120e+09,6.659900e-08,5.179637e-01,2.295513e-13,8.957792e-10,1.211824e+02,1.522535e+09,7.405206e-03,4.965341e-03,1.967566e-04,4.407466e-15
33,1.726870e-11,3.928888e-01,1.128585e-09,4.316652e-10,4.148804e-13,3.320231e-11,2.212253e-01,1.148328e-09,7.300988e-10,2.925072e-13,3.335539e-11,2.223727e-01,1.179280e-09,1.119035e-09,3.774897e-13,1.869774e-11,3.248344e-01,1.157377e-09,1.138019e-09,3.140443e-13,6.630914e-08,5.579335e-01,1.889444e-13,1.093458e-09,1.120114e+02,1.814949e+09,8.394318e-08,7.866362e-01,1.888601e-13,1.984025e-09,1.005733e+02,1.590850e+09,6.582591e-08,5.450503e-01,1.736627e-13,1.130442e-09,1.138234e+02,1.695457e+09,5.583572e-03,3.513198e-03,2.043962e-03,1.051062e-15
34,1.825166e-11,1.133859e-01,9.576673e-10,1.082113e-09,5.287775e-13,3.169662e-11,1.489721e-01,1.068838e-09,1.063241e-09,3.610197e-13,3.462128e-11,1.442612e-01,8.896216e-10,4.239799e-10,3.501543e-13,1.735758e-11,1.041054e-01,9.248918e-10,6.654144e-10,2.429511e-13,6.862788e-08,5.051249e-01,2.000947e-13,5.411967e-10,1.280480e+02,1.683516e+09,8.162905e-08,6.461198e-01,1.789452e-13,6.210318e-10,1.190701e+02,1.554701e+09,6.648024e-08,5.235913e-01,1.917781e-13,1.969291e-09,1.196661e+02,1.571616e+09,9.649112e-03,2.215826e-03,2.793724e-03,1.996573e-15
35,1.784019e-11,1.945567e-01,1.051078e-09,1.291112e-09,1.855043e-13,3.171626e-11,3.637874e-01,1.008233e-09,4.811698e-10,4.659067e-13,3.384723e-11,3.213858e-01,7.156279e-10,6.161546e-10,4.537457e-13,1.747058e-11,1.498221e-01,1.175283e-09,1.029651e-09,1.946050e-13,6.947938e-08,5.186111e-01,1.672604e-13,1.072194e-09,1.262657e+02,1.764367e+09,7.974416e-08,5.857761e-01,1.959451e-13,6.971547e-10,1.283035e+02,1.390721e+09,6.975124e-08,5.529134e-01,1.767795e-13,1.643929e-09,1.188956e+02,1.695152e+09,9.702106e-03,5.294408e-04,2.755343e-03,2.915406e-15
36,1.781897e-11,3.755854e-01,1.141133e-09,3.597233e-10,5.013335e-13,3.292179e-11,1.191857e-01,1.121251e-09,3.618830e-10,3.399724e-13,3.344931e-11,2.509313e-01,8.272974e-10,3.662832e-10,4.746202e-13,1.739783e-11,3.315172e-01,1.032901e-09,3.336688e-10,4.697386e-13,6.646060e-08,5.415836e-01,2.059586e-13,7.272833e-10,1.156565e+02,1.710434e+09,7.870219e-08,6.534256e-01,1.482642e-13,1.635417e-09,1.135172e+02,1.677060e+09,7.118151e-08,6.379512e-01,1.863591e-13,7.341172e-10,1.051601e+02,1.599904e+09,9.264803e-03,7.519461e-03,5.505154e-04,4.897597e-15
37,1.820191e-11,3.652819e-01,1.130670e-09,1.161963e-09,5.030956e-13,3.412951e-11,1.355311e-01,1.152762e-09,1.290865e-09,3.800123e-13,3.354163e-11,2.772618e-01,1.057971e-09,1.215646e-09,1.876680e-13,1.770854e-11,3.159177e-01,6.662156e-10,1.158222e-09,2.107579e-13,6.501036e-08,6.040852e-01,2.194752e-13,1.653361e-09,1.014274e+02,1.559695e+09,8.520815e-08,6.887099e-01,2.082241e-13,8.150019e-10,1.166047e+02,1.515078e+09,7.025320e-08,5.548234e-01,2.162017e-13,1.046067e-09,1.193390e+02,1.604827e+09,3.677127e-03,7.941060e-03,2.564480e-03,4.096857e-15
38,1.854898e-11,2.914913e-01,6.746045e-10,4.926209e-10,2.933236e-13,3.407590e-11,1.629886e-01,1.120998e-09,5.994905e-10,3.881653e-13,3.418509e-11,3.593680e-01,1.182629e-09,8.037696e-10,4.354637e-13,1.731353e-11,1.570608e-01,1.129478e-09,1.173519e-09,5.161898e-13,6.745412e-08,5.749618e-01,1.614643e-13,1.080295e-09,1.105709e+02,1.851649e+09,8.553579e-08,7.982063e-01,1.561409e-13,1.648559e-09,1.009959e+02,1.550794e+09,6.899997e-08,6.206114e-01,1.585015e-13,1.948912e-09,1.047853e+02,1.813520e+09,9.003014e-03,6.788785e-03,9.188607e-04,2.848874e-15
39,1.884719e-11,2.302839e-01,1.096373e-09,9.044470e-10,2.894655e-13,3.442628e-11,1.846290e-01,7.486797e-10,8.454106e-10,4.137285e-13,3.378554e-11,1.412530e-01,1.190088e-09,1.071661e-09,4.245435e-13,1.796241e-11,3.156882e-01,6.671116e-10,5.056255e-10,3.008070e-13,6.730008e-08,5.120006e-01,1.735354e-13,1.016602e-09,1.238843e+02,1.699005e+09,8.040806e-08,6.422174e-01,1.789762e-13,6.264484e-10,1.180018e+02,1.631094e+09,6.762460e-08,6.000539e-01,2.129482e-13,8.601872e-10,1.062149e+02,1.507076e+09,4.279538e-03,2.326415e-04,2.986510e-03,1.891513e-15
40,1.774012e-11,2.299309e-01,7.116994e-10,3.631453e-10,3.481397e-13,3.344461e-11,3.538263e-01,1.138684e-09,1.195506e-09,2.826059e-13,3.138946e-11,1.269508e-01,9.247308e-10,6.022251e-10,4.426546e-13,1.850801e-11,2.861615e-01,6.967427e-10,1.060134e-09,2.726730e-13,6.800430e-08,5.984542e-01,1.573000e-13,1.711599e-09,1.070968e+02,1.786249e+09,8.279347e-08,6.232242e-01,2.135189e-13,1.533988e-09,1.252054e+02,1.308899e+09,6.675533e-08,5.529889e-01,1.839593e-13,1.764540e-09,1.137734e+02,1.585501e+09,9.256310e-03,1.222200e-03,1.506057e-03,4.557018e-15
41,1.736862e-11,1.923722e-01,7.281739e-10,8.794203e-10,4.670434e-13,3.315090e-11,1.680357e-01,9.892079e-10,9.150326e-10,3.145788e-13,3.395627e-11,2.041887e-01,6.112428e-10,5.608892e-10,3.292338e-13,1.816559e-11,1.163167e-01,6.026196e-10,3.521389e-10,3.842145e-13,6.657724e-08,5.529970e-01,2.224795e-13,1.350345e-09,1.134682e+02,1.518000e+09,7.907532e-08,5.810984e-01,1.815642e-13,5.952330e-10,1.282515e+02,1.629106e+09,6.842722e-08,5.035549e-01,1.929820e-13,1.959738e-09,1.280717e+02,1.682585e+09,2.322690e-03,1.610474e-03,2.152165e-04,3.963888e-15
42,1.857833e-11,3.581500e-01,8.921151e-10,5.929566e-10,5.168428e-13,3.195658e-11,3.380710e-01,9.996122e-10,9.488532e-10,4.086550e-13,3.299088e-11,3.023476e-01,9.881072e-10,7.077798e-10,4.765855e-13,1.848349e-11,3.089437e-01,1.097239e-09,8.902053e-10,4.787806e-13,6.837106e-08,5.495598e-01,1.673792e-13,1.399680e-09,1.172542e+02,1.863989e+09,7.842478e-08,6.614790e-01,1.984672e-13,1.514486e-09,1.117399e+02,1.422409e+09,6.669225e-08,5.037133e-01,2.034334e-13,8.237526e-10,1.247852e+02,1.577111e+09,1.124918e-03,8.247822e-03,9.921148e-04,2.747056e-15
43,1.770685e-11,3.473777e-01,7.315155e-10,8.148052e-10,5.286098e-13,3.299363e-11,3.698266e-01,9.991569e-10,1.024138e-09,2.475469e-13,3.253092e-11,1.947462e-01,8.693821e-10,4.012539e-10,2.076393e-13,1.860356e-11,3.302255e-01,8.445647e-10,1.222403e-09,4.423370e-13,6.733621e-08,5.202676e-01,1.771254e-13,1.437400e-09,1.219812e+02,1.891435e+09,8.221707e-08,6.429587e-01,1.665894e-13,6.757347e-10,1.205175e+02,1.542235e+09,6.634161e-08,4.972397e-01,1.705731e-13,1.980334e-09,1.257452e+02,1.743619e+09,3.884379e-03,5.901055e-03,1.246937e-03,1.535489e-15
44,1.865684e-11,3.175370e-01,8.986347e-10,7.037693e-10,1.893680e-13,3.380825e-11,2.830232e-01,7.964578e-10,2.732649e-10,4.075915e-13,3.267636e-11,3.641557e-01,8.237713e-10,9.463350e-10,2.115109e-13,1.797257e-11,3.610223e-01,9.629135e-10,4.255265e-10,4.825374e-13,6.684824e-08,5.571511e-01,1.254093e-13,1.298695e-09,1.130806e+02,1.908860e+09,8.565101e-08,6.265732e-01,2.040921e-13,1.849122e-09,1.288344e+02,1.380132e+09,6.541162e-08,5.915034e-01,1.822642e-13,9.062853e-10,1.042242e+02,1.821712e+09,5.984707e-03,3.247814e-03,1.703200e-03,4.649479e-15
45,1.885455e-11,3.144673e-01,6.341485e-10,7.155380e-10,5.181151e-13,3.393497e-11,3.542203e-01,9.790735e-10,1.286640e-09,2.403264e-13,3.457286e-11,2.439489e-01,8.259863e-10,1.102335e-09,3.434218e-13,1.744301e-11,3.783373e-01,1.049829e-09,8.626154e-10,4.122148e-13,6.779182e-08,5.870756e-01,2.158342e-13,1.875984e-09,1.088314e+02,1.566731e+09,8.300736e-08,7.786226e-01,2.150853e-13,9.470912e-10,1.004756e+02,1.341650e+09,6.936429e-08,5.206141e-01,1.327260e-13,7.218597e-10,1.255715e+02,1.868414e+09,3.881124e-03,7.071003e-03,1.323787e-03,4.269339e-15
46,1.730887e-11,1.227341e-01,1.083604e-09,1.047097e-09,5.295126e-13,3.145686e-11,3.250741e-01,9.895177e-10,8.338303e-10,2.643810e-13,3.240093e-11,1.986520e-01,1.166817e-09,1.099736e-09,3.510385e-13,1.856555e-11,2.967776e-01,7.115750e-10,8.005909e-10,2.909192e-13,6.658646e-08,5.622024e-01,1.462330e-13,1.299622e-09,1.116257e+02,1.790060e+09,8.529258e-08,6.948608e-01,1.663378e-13,1.512724e-09,1.156870e+02,1.615158e+09,6.929564e-08,5.961155e-01,1.754110e-13,8.088303e-10,1.095586e+02,1.908154e+09,6.227469e-04,6.797987e-03,2.074008e-03,2.849050e-15
47,1.876044e-11,1.678755e-01,9.603138e-10,2.926804e-10,4.227830e-13,3.353816e-11,1.308370e-01,7.346772e-10,7.075431e-10,2.124135e-13,3.373668e-11,1.268816e-01,8.540797e-10,1.115529e-09,4.622267e-13,1.881588e-11,2.541269e-01,9.915440e-10,1.136416e-09,2.312346e-13,7.099718e-08,5.156583e-01,1.923375e-13,1.709072e-09,1.297628e+02,1.715043e+09,8.233266e-08,7.069131e-01,1.543853e-13,1.139642e-09,1.097684e+02,1.567655e+09,6.664796e-08,5.690549e-01,2.152835e-13,1.686016e-09,1.103834e+02,1.577822e+09,4.766093e-04,3.238241e-03,1.956531e-03,4.985463e-15
48,1.837684e-11,3.557648e-01,1.029421e-09,3.124693e-10,2.603236e-13,3.243631e-11,1.157402e-01,1.176020e-09,3.000097e-10,2.490045e-13,3.154616e-11,2.279934e-01,8.490498e-10,9.948345e-10,1.990696e-13,1.786839e-11,1.404268e-01,7.923796e-10,9.232172e-10,1.917877e-13,6.966701e-08,5.181325e-01,1.434627e-13,7.224393e-10,1.267236e+02,1.917651e+09,8.455023e-08,7.407887e-01,1.682347e-13,1.663963e-09,1.075701e+02,1.644404e+09,6.631523e-08,6.041793e-01,1.849727e-13,6.967266e-10,1.034472e+02,1.764862e+09,7.191056e-03,2.570650e-03,1.848326e-03,1.883737e-15
49,1.745534e-11,1.846903e-01,7.293937e-10,7.620066e-10,3.931542e-13,3.137978e-11,2.133544e-01,1.048661e-09,5.656283e-10,2.747863e-13,3.317669e-11,2.038319e-01,6.267082e-10,1.088142e-09,4.766488e-13,1.778642e-11,3.263535e-01,7.336686e-10,3.933261e-10,1.836691e-13,6.630744e-08,5.056409e-01,1.930342e-13,1.083590e-09,1.235922e+02,1.769222e+09,8.220497e-08,7.116706e-01,2.346464e-13,1.173815e-09,1.088655e+02,1.405017e+09,6.489432e-08,5.550461e-01,1.461436e-13,1.662214e-09,1.101917e+02,1.897512e+09,8.228678e-03,2.411710e-04,3.309984e-04,8.081778e-16
50,1.761202e-11,3.844704e-01,1.002295e-09,9.077506e-10,1.904927e-13,3.427111e-11,3.968674e-01,6.607448e-10,5.643156e-10,3.593149e-13,3.316343e-11,1.763933e-01,1.022319e-09,6.468056e-10,3.353316e-13,1.800224e-11,2.974187e-01,6.442500e-10,5.065131e-10,2.285065e-13,6.577500e-08,4.954056e-01,1.812286e-13,5.118481e-10,1.251328e+02,1.948444e+09,8.549637e-08,6.823438e-01,1.744349e-13,1.177543e-09,1.180907e+02,1.681368e+09,6.795441e-08,5.541976e-01,2.377503e-13,1.197641e-09,1.155644e+02,1.536006e+09,8.649796e-03,1.596015e-03,2.631542e-03,1.644544e-15
51,1.767138e-11,1.490428e-01,8.412183e-10,1.126484e-09,4.833228e-13,3.182916e-11,3.975601e-01,9.487716e-10,9.950781e-10,3.194946e-13,3.332100e-11,3.887680e-01,7.466121e-10,4.146466e-10,2.720785e-13,1.878229e-11,1.122744e-01,8.884628e-10,7.587484e-10,3.593735e-13,6.499315e-08,6.114034e-01,2.277535e-13,6.785824e-10,1.001869e+02,1.554584e+09,8.252957e-08,6.793757e-01,1.629045e-13,1.265357e-09,1.144908e+02,1.531518e+09,6.721878e-08,5.250843e-01,2.123819e-13,1.059632e-09,1.206515e+02,1.634263e+09,8.576158e-03,6.822452e-03,2.980847e-03,2.767219e-15
52,1.761742e-11,3.993205e-01,7.127352e-10,7.015462e-10,2.864695e-13,3.256159e-11,2.632565e-01,7.149750e-10,3.931250e-10,1.751462e-13,3.219796e-11,1.217988e-01,8.257479e-10,6.215397e-10,2.077026e-13,1.737794e-11,2.902463e-01,8.893563e-10,6.124587e-10,2.522108e-13,6.896295e-08,5.582701e-01,1.978131e-13,9.185327e-10,1.164240e+02,1.524486e+09,7.811511e-08,6.520453e-01,2.238207e-13,9.702537e-10,1.129090e+02,1.460395e+09,6.784678e-08,5.622911e-01,1.832923e-13,1.614377e-09,1.137206e+02,1.861602e+09,2.550190e-03,7.249794e-03,2.117133e-03,1.581353e-15
53,1.871034e-11,3.110089e-01,1.098696e-09,7.783821e-10,2.324185e-13,3.294212e-11,2.942757e-01,1.186225e-09,8.986096e-10,4.055582e-13,3.300284e-11,3.936097e-01,9.308216e-10,1.117614e-09,2.678710e-13,1.886816e-11,2.987997e-01,7.929302e-10,9.929333e-10,5.028322e-13,6.706016e-08,5.688131e-01,1.599195e-13,1.969957e-09,1.111133e+02,1.903540e+09,7.943741e-08,6.330491e-01,1.773607e-13,8.535102e-10,1.182657e+02,1.532168e+09,6.668363e-08,5.445736e-01,1.698268e-13,1.285916e-09,1.154074e+02,1.646193e+09,6.951152e-03,1.419865e-03,2.599818e-03,4.733063e-15
54,1.734895e-11,1.384099e-01,9.224625e-10,5.782852e-10,1.735884e-13,3.455056e-11,2.222725e-01,6.152086e-10,4.019831e-10,3.299553e-13,3.367947e-11,2.547836e-01,9.596149e-10,8.489865e-10,5.108614e-13,1.838133e-11,1.513317e-01,8.407130e-10,3.628257e-10,5.041020e-13,6.955505e-08,5.519672e-01,1.412180e-13,6.328470e-10,1.187645e+02,1.771188e+09,8.036612e-08,5.895795e-01,2.109554e-13,1.923980e-09,1.284700e+02,1.352870e+09,6.698446e-08,5.328827e-01,1.499961e-13,1.140058e-09,1.184714e+02,1.825754e+09,6.517803e-03,9.123086e-03,6.863492e-04,6.134547e-16
55,1.791865e-11,1.719443e-01,1.158416e-09,5.061187e-10,3.394787e-13,3.148753e-11,3.774800e-01,1.051213e-09,5.685471e-10,5.168153e-13,3.212041e-11,1.226004e-01,6.493516e-10,9.329491e-10,2.732935e-13,1.758542e-11,2.139018e-01,1.103630e-09,7.796227e-10,2.304981e-13,6.963151e-08,5.687443e-01,1.892857e-13,1.254400e-09,1.153878e+02,1.718722e+09,8.095813e-08,7.162816e-01,2.452566e-13,1.839074e-09,1.065241e+02,1.351102e+09,6.709637e-08,5.968480e-01,2.065333e-13,1.124664e-09,1.059513e+02,1.657178e+09,4.169482e-03,3.156453e-03,2.922471e-03,2.643921e-15
56,1.779651e-11,2.496307e-01,1.186535e-09,9.560614e-10,4.890212e-13,3.247101e-11,2.985735e-01,8.114796e-10,1.001622e-09,3.801227e-13,3.321224e-11,2.369345e-01,8.062479e-10,6.798543e-10,3.411100e-13,1.829049e-11,3.772867e-01,7.161206e-10,6.598917e-10,4.504689e-13,7.080292e-08,5.358545e-01,1.904783e-13,1.543291e-09,1.245304e+02,1.653793e+09,8.183005e-08,6.557808e-01,2.240944e-13,6.784278e-10,1.176049e+02,1.420089e+09,6.815017e-08,5.866552e-01,1.637000e-13,9.626850e-10,1.094851e+02,1.695843e+09,4.447820e-03,2.350101e-03,2.221238e-03,1.091889e-15
57,1.838466e-11,2.225196e-01,8.884360e-10,1.169066e-09,3.838425e-13,3.152630e-11,3.302415e-01,7.393806e-10,4.762855e-10,3.709963e-13,3.142988e-11,1.778368e-01,7.067383e-10,1.260398e-09,4.413833e-13,1.838304e-11,3.067748e-01,8.928877e-10,3.068731e-10,5.119989e-13,6.853714e-08,6.245733e-01,1.587955e-13,1.112818e-09,1.034222e+02,1.690845e+09,8.511362e-08,7.194481e-01,1.668949e-13,1.834096e-09,1.114989e+02,1.575540e+09,6.509867e-08,4.988850e-01,1.831420e-13,1.252754e-09,1.229824e+02,1.626125e+09,1.114977e-03,3.907239e-03,1.073265e-03,3.553330e-15
58,1.816152e-11,3.122038e-01,7.601106e-10,5.384534e-10,2.146658e-13,3.170282e-11,3.892942e-01,1.082911e-09,9.196492e-10,4.048314e-13,3.277860e-11,1.384779e-01,1.013805e-09,5.505914e-10,3.984670e-13,1.729396e-11,3.891976e-01,6.530985e-10,4.740415e-10,5.009414e-13,6.928744e-08,5.249738e-01,1.875372e-13,1.883529e-09,1.243907e+02,1.548598e+09,7.986593e-08,6.189214e-01,1.953050e-13,1.943531e-09,1.216178e+02,1.485231e+09,6.657070e-08,4.848454e-01,2.270830e-13,1.238694e-09,1.294050e+02,1.575289e+09,4.007985e-03,4.590885e-03,1.886567e-03,2.848227e-15
59,1.721552e-11,3.873188e-01,8.592517e-10,4.926650e-10,2.944036e-13,3.286112e-11,2.362422e-01,1.097666e-09,3.113751e-10,3.975808e-13,3.136665e-11,1.173142e-01,9.508084e-10,5.588624e-10,5.262543e-13,1.889977e-11,1.465149e-01,6.768951e-10,1.190530e-09,3.759534e-13,6.997554e-08,6.296071e-01,1.957895e-13,1.633344e-09,1.047485e+02,1.509084e+09,8.213464e-08,7.288751e-01,2.337421e-13,1.104541e-09,1.062048e+02,1.311270e+09,6.730790e-08,5.795991e-01,1.679034e-13,1.860970e-09,1.094484e+02,1.778881e+09,9.879846e-03,3.765172e-04,1.447907e-03,7.685505e-16
60,1.748727e-11,3.181860e-01,7.509171e-10,4.597583e-10,3.870941e-13,3.275369e-11,3.621763e-01,6.178977e-10,1.042068e-09,2.210669e-13,3.195101e-11,1.337233e-01,9.477139e-10,2.817691e-10,2.913844e-13,1.714429e-11,3.821453e-01,8.698518e-10,2.948288e-10,3.476963e-13,6.661647e-08,5.058243e-01,1.946052e-13,1.763177e-09,1.241232e+02,1.706726e+09,7.876145e-08,6.048178e-01,1.794844e-13,1.672448e-09,1.227327e+02,1.608419e+09,6.660827e-08,5.330551e-01,1.678275e-13,1.145251e-09,1.177680e+02,1.935657e+09,1.538134e-03,1.451445e-03,8.884978e-04,4.846409e-15
61,1.860918e-11,1.039180e-01,1.190444e-09,6.123186e-10,4.823206e-13,3.448035e-11,3.325910e-01,9.367350e-10,1.187980e-09,4.030870e-13,3.408938e-11,1.262127e-01,1.182475e-09,1.045829e-09,4.325622e-13,1.808110e-11,1.726153e-01,9.385532e-10,4.379818e-10,2.276851e-13,7.024072e-08,5.325148e-01,1.968998e-13,1.204496e-09,1.243164e+02,1.617433e+09,8.454791e-08,6.984736e-01,2.211372e-13,1.331326e-09,1.140838e+02,1.423017e+09,6.741158e-08,6.299437e-01,2.170937e-13,1.109944e-09,1.008565e+02,1.638437e+09,8.553801e-03,4.191266e-03,4.044508e-04,3.750237e-15
62,1.796718e-11,2.708267e-01,8.723683e-10,6.073592e-10,3.380154e-13,3.184248e-11,3.941607e-01,6.625590e-10,7.295446e-10,1.817476e-13,3.180870e-11,3.233894e-01,1.148392e-09,7.142806e-10,3.807587e-13,1.744338e-11,3.649041e-01,6.726511e-10,3.662045e-10,3.313286e-13,6.537790e-08,5.001974e-01,1.626647e-13,1.146548e-09,1.231858e+02,1.680155e+09,7.810845e-08,6.861111e-01,2.310970e-13,1.210029e-09,1.072938e+02,1.325272e+09,6.823353e-08,6.421214e-01,1.675922e-13,1.535691e-09,1.001502e+02,1.591185e+09,8.154185e-03,8.364182e-03,2.825511e-03,4.943244e-15
63,1.729039e-11,1.419082e-01,1.019213e-09,9.504844e-10,4.283305e-13,3.412462e-11,1.983569e-01,1.026548e-09,1.032681e-09,1.913119e-13,3.328048e-11,1.620070e-01,1.084353e-09,9.790706e-10,2.892104e-13,1.734828e-11,2.864266e-01,8.493848e-10,1.247922e-09,4.843586e-13,6.671379e-08,5.922279e-01,1.604309e-13,1.807249e-09,1.061690e+02,1.652339e+09,8.010605e-08,7.383941e-01,1.985020e-13,1.367591e-09,1.022465e+02,1.559632e+09,7.126256e-08,6.296528e-01,1.399197e-13,1.946541e-09,1.066673e+02,1.877246e+09,2.560762e-03,3.592884e-03,9.659996e-04,7.016328e-16
64,1.877728e-11,3.570284e-01,6.045940e-10,1.044734e-09,4.460704e-13,3.439473e-11,2.436205e-01,7.386483e-10,1.085393e-09,1.933835e-13,3.231372e-11,3.158413e-01,7.200760e-10,7.963793e-10,4.743247e-13,1.851527e-11,2.003141e-01,8.948658e-10,7.563906e-10,3.007974e-13,6.864408e-08,6.037725e-01,1.681478e-13,5.682673e-10,1.071521e+02,1.700368e+09,8.319887e-08,7.252125e-01,2.125917e-13,1.677608e-09,1.081243e+02,1.404778e+09,6.545168e-08,4.968312e-01,1.575827e-13,1.245483e-09,1.241604e+02,1.893767e+09,5.561671e-04,6.923511e-03,4.974770e-04,2.664270e-15
65,1.798810e-11,1.112531e-01,1.176253e-09,1.157667e-09,2.895067e-13,3.335136e-11,1.220274e-01,1.136313e-09,9.044634e-10,4.965717e-13,3.239667e-11,1.706294e-01,9.941111e-10,4.398076e-10,5.111259e-13,1.730992e-11,1.084523e-01,1.124070e-09,2.784648e-10,3.252153e-13,6.875591e-08,5.157978e-01,1.580742e-13,1.140852e-09,1.256324e+02,1.895271e+09,7.900709e-08,5.938778e-01,2.213800e-13,1.757209e-09,1.253834e+02,1.356954e+09,6.465631e-08,5.956585e-01,2.127785e-13,1.556142e-09,1.023021e+02,1.561711e+09,3.390269e-03,7.128805e-03,2.464058e-03,4.108121e-15
66,1.883092e-11,1.533788e-01,6.990092e-10,3.257316e-10,4.719355e-13,3.183174e-11,2.911807e-01,9.743025e-10,3.422657e-10,4.640034e-13,3.164392e-11,1.815429e-01,9.906415e-10,7.578957e-10,3.325837e-13,1.720503e-11,3.337504e-01,8.940853e-10,5.581835e-10,4.349436e-13,6.879499e-08,5.590394e-01,1.530723e-13,8.418208e-10,1.159806e+02,1.848058e+09,8.351240e-08,6.427556e-01,1.637564e-13,1.119793e-09,1.224549e+02,1.518713e+09,6.825712e-08,6.094346e-01,2.027399e-13,1.785375e-09,1.055582e+02,1.614611e+09,6.462615e-03,1.627326e-03,1.566090e-03,1.826027e-15
67,1.736894e-11,3.013805e-01,7.313625e-10,7.153913e-10,3.695162e-13,3.412101e-11,2.592478e-01,9.606792e-10,8.969561e-10,3.662686e-13,3.457252e-11,3.384488e-01,8.537562e-10,9.300283e-10,4.349759e-13,1.810416e-11,3.907271e-01,6.454420e-10,3.283976e-10,3.066362e-13,6.880252e-08,5.552416e-01,1.378328e-13,1.758523e-09,1.167867e+02,1.866875e+09,7.865436e-08,7.330969e-01,1.734413e-13,1.911756e-09,1.011189e+02,1.584540e+09,6.567178e-08,6.046299e-01,1.771230e-13,1.316425e-09,1.023671e+02,1.842047e+09,3.492146e-03,9.356160e-03,2.656564e-03,4.847971e-15
68,1.877273e-11,3.095719e-01,9.899314e-10,1.118886e-09,3.353127e-13,3.164987e-11,1.745511e-01,8.546374e-10,7.476707e-10,2.287525e-13,3.268066e-11,2.186797e-01,8.908743e-10,8.061944e-10,5.093641e-13,1.778622e-11,2.979360e-01,9.363813e-10,4.549604e-10,3.642014e-13,7.065722e-08,5.492031e-01,1.821554e-13,1.225670e-09,1.212536e+02,1.821357e+09,7.792636e-08,6.246756e-01,1.721925e-13,1.496684e-09,1.175712e+02,1.680375e+09,6.987109e-08,6.002875e-01,1.627055e-13,1.302907e-09,1.097007e+02,1.726756e+09,6.160000e-03,3.751646e-03,1.037820e-04,5.957251e-16
69,1.864105e-11,1.156965e-01,1.009088e-09,1.008480e-09,3.778033e-13,3.336074e-11,1.026707e-01,1.193235e-09,1.217673e-09,3.067285e-13,3.424195e-11,2.237009e-01,1.085909e-09,6.862274e-10,4.511796e-13,1.836832e-11,2.533098e-01,8.080524e-10,2.838110e-10,5.013721e-13,6.805191e-08,5.022909e-01,1.541253e-13,1.706603e-09,1.276898e+02,1.705760e+09,8.530938e-08,7.467173e-01,1.382037e-13,1.211005e-09,1.076742e+02,1.615758e+09,6.579779e-08,5.391120e-01,1.480346e-13,1.792305e-09,1.150280e+02,1.930617e+09,8.499305e-03,6.385129e-03,2.625207e-03,1.638539e-15
70,1.780164e-11,1.245991e-01,1.040120e-09,8.576619e-10,3.765928e-13,3.406572e-11,2.531990e-01,1.090182e-09,1.109698e-09,2.774675e-13,3.445549e-11,2.710709e-01,8.743046e-10,3.746049e-10,3.634491e-13,1.787133e-11,1.176848e-01,7.576875e-10,6.283996e-10,1.848746e-13,6.970368e-08,6.540908e-01,2.082862e-13,1.527021e-09,1.004359e+02,1.644193e+09,8.525799e-08,6.697521e-01,1.781499e-13,1.886417e-09,1.199754e+02,1.641870e+09,6.508396e-08,4.825655e-01,1.301873e-13,9.262814e-10,1.271127e+02,1.930456e+09,6.765877e-03,1.425963e-03,1.251203e-03,1.008800e-15
71,1.738336e-11,3.396608e-01,7.446880e-10,9.866477e-10,2.719174e-13,3.236307e-11,1.685154e-01,7.755636e-10,9.658035e-10,3.175643e-13,3.146581e-11,3.393315e-01,1.179134e-09,5.158285e-10,4.385175e-13,1.784389e-11,1.579222e-01,1.178860e-09,1.253429e-09,4.124052e-13,6.515104e-08,4.851594e-01,1.695997e-13,1.739350e-09,1.265634e+02,1.686792e+09,8.379781e-08,7.474172e-01,1.503560e-13,1.894500e-09,1.056673e+02,1.593024e+09,7.110802e-08,6.613160e-01,2.211755e-13,1.337579e-09,1.013400e+02,1.514376e+09,5.643842e-03,1.757386e-03,2.985681e-03,3.377342e-15
72,1.827070e-11,3.988713e-01,8.336213e-10,4.585859e-10,4.843158e-13,3.198496e-11,2.686359e-01,8.895652e-10,1.298693e-09,2.515055e-13,3.187378e-11,3.131831e-01,6.881327e-10,1.294958e-09,3.276013e-13,1.801789e-11,3.514909e-01,1.151743e-09,1.296471e-09,3.140692e-13,6.939637e-08,5.181705e-01,1.674897e-13,5.323731e-10,1.262220e+02,1.896303e+09,8.568554e-08,6.269686e-01,1.393103e-13,1.544031e-09,1.288050e+02,1.580838e+09,7.108860e-08,6.214624e-01,1.465521e-13,8.461911e-10,1.078093e+02,1.709808e+09,6.804240e-03,1.936196e-03,2.092451e-03,1.726512e-15
73,1.778785e-11,1.714741e-01,9.879611e-10,7.741817e-10,2.828833e-13,3.376556e-11,3.429933e-01,8.701584e-10,6.282610e-10,3.443309e-13,3.138980e-11,2.583787e-01,9.733204e-10,9.291458e-10,1.779971e-13,1.749440e-11,2.610945e-01,8.967620e-10,3.855201e-10,4.424360e-13,6.603535e-08,4.810247e-01,1.867194e-13,1.707866e-09,1.293839e+02,1.849489e+09,8.354730e-08,7.787380e-01,2.246142e-13,1.752072e-09,1.011142e+02,1.418825e+09,7.076182e-08,5.332539e-01,1.352517e-13,1.014965e-09,1.250651e+02,1.866585e+09,5.742251e-03,9.278012e-03,9.549054e-04,3.485852e-15
74,1.868163e-11,2.215577e-01,6.841157e-10,4.529654e-10,4.306354e-13,3.423663e-11,1.778132e-01,9.397210e-10,7.654692e-10,4.604475e-13,3.322006e-11,1.905277e-01,1.182546e-09,7.156355e-10,2.329228e-13,1.851795e-11,2.711043e-01,7.641514e-10,6.235658e-10,2.021151e-13,6.832951e-08,5.266132e-01,1.868813e-13,6.134908e-10,1.222891e+02,1.756899e+09,8.326616e-08,7.719461e-01,1.859894e-13,1.711116e-09,1.016606e+02,1.555481e+09,6.856484e-08,5.072147e-01,1.608741e-13,1.468502e-09,1.274033e+02,1.817228e+09,4.760033e-03,2.073962e-03,1.129678e-03,1.314023e-15
75,1.759983e-11,2.929354e-01,6.805531e-10,1.036080e-09,1.990484e-13,3.201257e-11,1.732129e-01,7.541157e-10,1.284036e-09,2.544258e-13,3.291158e-11,1.313279e-01,1.161475e-09,1.020535e-09,4.997033e-13,1.731682e-11,2.434558e-01,7.826861e-10,9.907753e-10,3.477251e-13,6.677914e-08,5.604965e-01,1.877159e-13,1.906669e-09,1.122895e+02,1.718134e+09,7.920254e-08,7.435613e-01,2.296993e-13,1.457149e-09,1.003907e+02,1.341652e+09,7.069534e-08,6.249005e-01,1.509815e-13,1.424668e-09,1.066230e+02,1.739953e+09,3.907481e-03,6.292699e-03,2.358848e-03,3.669588e-15
76,1.729342e-11,1.472817e-01,1.093214e-09,8.926301e-10,4.665479e-13,3.256977e-11,3.166360e-01,7.929277e-10,1.012154e-09,4.859199e-13,3.442613e-11,1.010621e-01,1.068677e-09,6.151801e-10,2.227202e-13,1.879272e-11,3.402133e-01,1.124450e-09,3.216912e-10,4.735804e-13,6.538515e-08,6.007376e-01,1.747266e-13,5.601591e-10,1.025807e+02,1.614126e+09,8.300654e-08,6.432933e-01,1.670371e-13,1.689869e-09,1.216114e+02,1.598310e+09,6.849123e-08,5.432176e-01,1.354890e-13,9.095756e-10,1.188317e+02,1.935938e+09,6.932514e-03,3.282809e-03,1.959191e-04,1.276905e-15
77,1.744351e-11,1.005109e-01,7.074532e-10,4.837765e-10,2.189915e-13,3.251452e-11,3.092660e-01,6.647430e-10,3.959807e-10,4.873115e-13,3.157786e-11,3.256385e-01,7.546401e-10,5.671074e-10,2.252135e-13,1.845691e-11,3.770120e-01,6.187208e-10,4.232217e-10,4.071272e-13,6.877033e-08,5.337462e-01,1.733780e-13,1.746667e-09,1.214332e+02,1.809936e+09,8.241069e-08,6.417939e-01,1.887882e-13,1.899381e-09,1.210205e+02,1.386140e+09,6.872908e-08,5.011902e-01,1.315362e-13,1.111455e-09,1.292436e+02,1.939335e+09,4.041202e-03,4.124788e-03,2.505243e-03,2.746407e-15
78,1.777935e-11,2.760341e-01,7.200858e-10,1.153983e-09,1.886608e-13,3.163175e-11,3.588699e-01,9.294371e-10,1.096174e-09,2.485184e-13,3.171553e-11,1.041266e-01,7.726954e-10,1.232000e-09,3.667621e-13,1.823519e-11,3.343388e-01,1.010822e-09,8.404101e-10,3.368560e-13,6.701212e-08,6.002985e-01,1.872883e-13,9.468580e-10,1.052100e+02,1.700573e+09,8.488586e-08,7.135653e-01,1.981038e-13,1.685195e-09,1.121173e+02,1.406021e+09,6.485373e-08,5.463982e-01,1.570840e-13,5.935792e-10,1.118657e+02,1.844756e+09,1.060552e-03,1.826357e-03,1.221361e-03,2.290604e-15
79,1.730150e-11,2.289815e-01,1.134445e-09,5.329757e-10,1.951520e-13,3.427344e-11,2.866936e-01,7.514572e-10,7.177989e-10,5.171773e-13,3.325019e-11,2.226880e-01,9.463411e-10,6.633028e-10,2.116071e-13,1.741991e-11,2.704926e-01,6.939023e-10,1.159497e-09,4.218792e-13,7.078639e-08,5.942999e-01,1.331067e-13,1.695648e-09,1.122575e+02,1.905417e+09,7.793677e-08,6.326878e-01,1.669827e-13,1.329481e-09,1.160978e+02,1.646494e+09,6.882484e-08,5.987829e-01,1.527090e-13,1.408575e-09,1.083296e+02,1.879942e+09,4.359278e-03,8.161320e-03,9.888595e-04,2.390545e-15
80,1.879347e-11,2.350397e-01,6.630856e-10,6.136764e-10,2.351014e-13,3.236499e-11,2.906514e-01,1.176751e-09,1.212332e-09,4.235390e-13,3.428824e-11,3.335155e-01,9.957817e-10,4.287433e-10,2.109519e-13,1.862954e-11,1.076712e-01,6.324009e-10,5.905860e-10,5.273855e-13,6.689728e-08,5.673069e-01,1.670281e-13,1.416364e-09,1.111377e+02,1.749415e+09,7.919633e-08,6.380825e-01,1.973087e-13,1.632701e-09,1.169767e+02,1.582412e+09,7.138565e-08,5.996236e-01,1.695800e-13,7.234646e-10,1.122027e+02,1.904771e+09,1.768208e-04,1.437164e-03,2.257018e-03,3.922508e-15
81,1.881570e-11,1.733775e-01,8.012170e-10,5.187658e-10,4.586073e-13,3.140590e-11,1.270089e-01,1.162047e-09,4.853474e-10,4.755404e-13,3.217085e-11,3.402951e-01,1.097095e-09,6.570607e-10,5.030382e-13,1.797123e-11,3.894835e-01,8.895395e-10,2.717267e-10,4.838341e-13,7.031713e-08,5.193671e-01,1.789851e-13,8.242819e-10,1.276021e+02,1.819634e+09,7.873221e-08,5.852277e-01,2.472865e-13,1.417997e-09,1.267940e+02,1.366715e+09,6.845333e-08,5.370164e-01,2.017575e-13,1.047372e-09,1.201374e+02,1.537204e+09,7.771495e-03,4.531192e-03,2.569983e-03,1.510439e-15
82,1.730615e-11,1.913353e-01,7.702051e-10,7.740835e-10,2.801058e-13,3.415416e-11,3.817377e-01,7.962160e-10,1.019496e-09,3.422104e-13,3.338681e-11,3.579198e-01,1.032544e-09,4.150988e-10,2.521441e-13,1.762917e-11,1.007588e-01,7.797103e-10,9.680617e-10,2.744906e-13,6.858812e-08,6.008203e-01,1.910737e-13,8.761241e-10,1.075909e+02,1.707729e+09,8.436535e-08,6.633618e-01,1.843761e-13,1.472411e-09,1.198629e+02,1.363754e+09,6.797421e-08,5.246813e-01,1.747139e-13,6.580413e-10,1.221011e+02,1.776300e+09,2.397742e-03,9.953607e-03,2.999088e-03,1.891454e-15
83,1.844795e-11,2.264151e-01,7.412668e-10,3.866148e-10,1.705796e-13,3.380418e-11,1.780676e-01,9.729346e-10,7.000438e-10,2.938074e-13,3.464545e-11,1.157151e-01,6.308194e-10,1.104120e-09,2.522003e-13,1.857242e-11,1.730808e-01,6.129056e-10,6.948323e-10,2.220496e-13,7.065612e-08,5.183284e-01,1.918905e-13,1.070350e-09,1.284742e+02,1.697438e+09,7.802167e-08,6.348043e-01,1.870800e-13,1.709086e-09,1.158368e+02,1.669441e+09,6.863576e-08,6.389466e-01,1.829109e-13,1.894441e-09,1.012411e+02,1.656345e+09,7.691214e-03,7.191703e-03,5.764015e-04,4.750045e-15
84,1.724311e-11,1.416474e-01,8.671588e-10,1.233914e-09,5.015649e-13,3.350858e-11,2.257018e-01,1.054246e-09,9.998824e-10,3.859053e-13,3.316361e-11,1.844355e-01,7.214990e-10,6.814973e-10,3.530320e-13,1.724991e-11,2.127211e-01,7.729135e-10,3.722235e-10,5.254019e-13,6.641672e-08,5.717737e-01,2.074591e-13,9.771879e-10,1.094774e+02,1.629540e+09,7.939386e-08,6.215788e-01,1.485324e-13,8.266518e-10,1.203821e+02,1.676246e+09,6.727537e-08,5.189709e-01,1.550006e-13,1.687093e-09,1.221755e+02,1.944773e+09,5.038274e-04,5.596851e-03,2.171074e-03,4.862049e-15
85,1.814715e-11,3.790178e-01,9.929561e-10,6.083081e-10,3.181115e-13,3.236687e-11,1.734672e-01,1.175875e-09,5.533344e-10,4.756554e-13,3.330772e-11,3.432162e-01,6.502866e-10,7.484444e-10,4.621829e-13,1.756929e-11,1.587599e-01,7.397007e-10,1.019910e-09,3.835269e-13,6.510822e-08,4.880112e-01,2.203667e-13,1.732989e-09,1.257411e+02,1.635323e+09,7.792808e-08,6.277395e-01,1.930296e-13,1.245984e-09,1.169999e+02,1.492821e+09,6.586872e-08,5.436975e-01,1.584245e-13,1.842694e-09,1.141808e+02,1.924126e+09,9.704576e-03,8.241242e-03,1.399368e-03,8.283538e-16
86,1.736744e-11,1.406280e-01,1.023329e-09,9.771981e-10,4.742533e-13,3.318321e-11,2.768669e-01,8.684924e-10,1.162047e-09,3.359198e-13,3.149736e-11,1.339005e-01,1.190569e-09,4.554492e-10,3.488973e-13,1.731976e-11,1.980684e-01,1.081831e-09,9.246935e-10,1.772458e-13,6.917624e-08,5.625329e-01,1.522212e-13,6.137282e-10,1.158991e+02,1.718685e+09,8.227865e-08,6.702651e-01,2.275958e-13,1.193133e-09,1.156942e+02,1.337807e+09,6.527668e-08,5.396858e-01,1.593995e-13,5.100843e-10,1.139956e+02,1.768630e+09,9.992980e-03,4.412479e-03,3.697517e-04,2.523156e-15
87,1.852136e-11,2.850274e-01,1.141927e-09,4.739340e-10,3.575412e-13,3.304069e-11,3.482299e-01,7.437230e-10,1.254217e-09,4.306279e-13,3.295446e-11,2.564559e-01,1.100252e-09,4.772302e-10,3.003842e-13,1.716553e-11,2.563000e-01,1.085055e-09,9.233723e-10,1.835144e-13,6.586115e-08,5.094493e-01,1.702606e-13,1.106168e-09,1.218427e+02,1.687516e+09,8.043120e-08,6.554247e-01,2.379584e-13,1.484969e-09,1.156573e+02,1.377377e+09,6.834950e-08,5.190924e-01,1.974782e-13,1.911720e-09,1.240972e+02,1.574773e+09,7.689840e-04,8.493740e-03,1.866676e-03,1.695419e-15
88,1.851917e-11,3.368192e-01,9.427646e-10,1.114966e-09,4.255155e-13,3.219899e-11,1.746139e-01,6.056689e-10,9.239328e-10,4.032295e-13,3.291381e-11,1.851847e-01,6.633627e-10,1.183363e-09,3.119298e-13,1.869483e-11,1.754340e-01,1.158429e-09,6.905471e-10,4.273789e-13,6.681106e-08,5.305360e-01,1.635273e-13,1.558659e-09,1.186874e+02,1.685618e+09,7.918973e-08,7.053234e-01,1.788691e-13,5.382342e-10,1.058161e+02,1.526862e+09,6.947455e-08,6.172768e-01,1.305436e-13,1.591011e-09,1.060759e+02,1.925428e+09,9.052795e-03,3.475730e-03,9.296554e-04,3.924305e-15
89,1.739947e-11,1.433636e-01,1.116454e-09,7.667642e-10,3.669758e-13,3.283159e-11,2.296690e-01,6.782235e-10,8.532975e-10,2.021771e-13,3.374891e-11,2.317839e-01,9.707508e-10,8.657905e-10,2.970091e-13,1.834145e-11,2.191965e-01,1.021385e-09,1.059231e-09,2.146272e-13,6.986452e-08,5.692733e-01,1.584850e-13,1.250163e-09,1.156663e+02,1.634806e+09,8.135641e-08,7.322666e-01,1.779037e-13,1.771252e-09,1.047113e+02,1.417193e+09,6.578569e-08,4.773123e-01,1.729647e-13,9.188252e-10,1.298972e+02,1.913683e+09,8.858472e-04,5.878679e-03,1.849133e-03,4.964854e-15
90,1.777745e-11,3.120408e-01,1.012783e-09,2.898702e-10,2.654711e-13,3.156514e-11,1.577784e-01,1.149417e-09,5.984494e-10,1.708985e-13,3.314377e-11,3.399930e-01,9.639103e-10,6.810941e-10,4.626075e-13,1.724782e-11,1.678983e-01,7.221572e-10,8.835263e-10,2.020187e-13,6.919024e-08,5.517060e-01,1.752406e-13,1.746989e-09,1.181975e+02,1.942223e+09,8.021133e-08,5.840490e-01,1.863505e-13,1.940693e-09,1.294367e+02,1.528269e+09,6.591253e-08,4.844589e-01,1.497408e-13,1.133614e-09,1.282278e+02,1.826827e+09,5.185786e-03,4.033456e-03,9.186159e-04,5.786797e-16
91,1.866027e-11,1.810433e-01,7.889545e-10,3.199225e-10,4.584585e-13,3.185410e-11,1.550180e-01,6.253092e-10,6.934712e-10,1.988577e-13,3.197293e-11,2.442410e-01,8.820085e-10,9.937167e-10,2.649941e-13,1.798989e-11,3.044886e-01,1.070096e-09,1.187480e-09,2.387192e-13,6.762836e-08,5.931716e-01,1.820466e-13,1.957764e-09,1.074533e+02,1.823743e+09,8.157529e-08,6.269972e-01,1.673372e-13,1.838292e-09,1.226208e+02,1.659277e+09,6.871242e-08,5.290743e-01,1.758877e-13,1.944253e-09,1.224023e+02,1.726865e+09,3.657366e-03,9.451251e-03,2.458849e-03,3.345747e-15
92,1.759338e-11,2.646043e-01,6.081419e-10,8.159073e-10,3.913535e-13,3.435897e-11,2.845623e-01,7.475799e-10,1.214257e-09,4.257255e-13,3.252734e-11,1.312724e-01,1.122672e-09,3.441058e-10,3.127996e-13,1.726273e-11,2.730064e-01,7.921080e-10,9.827374e-10,5.075462e-13,6.920522e-08,5.934527e-01,1.483819e-13,1.205516e-09,1.099066e+02,1.806561e+09,7.902622e-08,5.764145e-01,1.464331e-13,1.989664e-09,1.292134e+02,1.650298e+09,6.961846e-08,5.712752e-01,1.835131e-13,1.932605e-09,1.148551e+02,1.703165e+09,3.175783e-03,8.910756e-03,3.080847e-04,1.585170e-15
93,1.718746e-11,1.240017e-01,1.075054e-09,5.702072e-10,2.794587e-13,3.147801e-11,3.815804e-01,1.041279e-09,6.032164e-10,2.882350e-13,3.184774e-11,2.415126e-01,6.518877e-10,4.769769e-10,4.154566e-13,1.745349e-11,2.751691e-01,6.293497e-10,4.538911e-10,3.295549e-13,6.513152e-08,5.770693e-01,1.655946e-13,1.073855e-09,1.063737e+02,1.725726e+09,7.878642e-08,7.270418e-01,2.188363e-13,1.685066e-09,1.021323e+02,1.365897e+09,6.934999e-08,5.227253e-01,1.594349e-13,1.720129e-09,1.250386e+02,1.841003e+09,6.243818e-03,8.907004e-03,5.267565e-04,1.867362e-15
94,1.885504e-11,3.456141e-01,1.094436e-09,4.748597e-10,4.174436e-13,3.172016e-11,3.221978e-01,6.872863e-10,8.955904e-10,3.141691e-13,3.356351e-11,2.385937e-01,9.554695e-10,8.640120e-10,2.155780e-13,1.884514e-11,1.744649e-01,7.127816e-10,9.846701e-10,1.957320e-13,6.751845e-08,5.675361e-01,1.871675e-13,8.424470e-10,1.121244e+02,1.561260e+09,8.434303e-08,6.162423e-01,2.073046e-13,5.504278e-10,1.289938e+02,1.419960e+09,6.678574e-08,6.105125e-01,1.925268e-13,7.591334e-10,1.031004e+02,1.761708e+09,2.539818e-03,6.713552e-03,4.934396e-04,1.058670e-15
95,1.799924e-11,1.679427e-01,6.276229e-10,4.873144e-10,4.613441e-13,3.279581e-11,2.780197e-01,1.070818e-09,6.579714e-10,4.885744e-13,3.205921e-11,3.642411e-01,7.564294e-10,6.078774e-10,4.105653e-13,1.889649e-11,3.732585e-01,1.116497e-09,5.495645e-10,3.783720e-13,7.094461e-08,6.285406e-01,1.588936e-13,1.600743e-09,1.063793e+02,1.647865e+09,7.940284e-08,6.339795e-01,2.355990e-13,1.012076e-09,1.180407e+02,1.304245e+09,6.568145e-08,5.694166e-01,1.831565e-13,1.510879e-09,1.087136e+02,1.556388e+09,9.562141e-04,2.627946e-03,6.760356e-04,3.300666e-15
96,1.867965e-11,3.159445e-01,8.138557e-10,9.437143e-10,4.065950e-13,3.178707e-11,1.115368e-01,1.100721e-09,7.488954e-10,4.764240e-13,3.388948e-11,1.489682e-01,1.140058e-09,8.246809e-10,4.363273e-13,1.732792e-11,1.190485e-01,9.919680e-10,1.070653e-09,3.337594e-13,6.517362e-08,5.681094e-01,1.801640e-13,1.606104e-09,1.081212e+02,1.560425e+09,8.144465e-08,5.940042e-01,1.934806e-13,1.494602e-09,1.292243e+02,1.487179e+09,6.634019e-08,4.996415e-01,1.642414e-13,1.764698e-09,1.251380e+02,1.696472e+09,7.574992e-03,1.852572e-03,9.009029e-04,2.264651e-15
97,1.717064e-11,1.997068e-01,8.851943e-10,1.147949e-09,3.270570e-13,3.450100e-11,1.761276e-01,1.140114e-09,9.068238e-10,4.046530e-13,3.315159e-11,1.723333e-01,6.603960e-10,9.358133e-10,5.136322e-13,1.840960e-11,1.571036e-01,1.172536e-09,7.098216e-10,3.650484e-13,6.722727e-08,5.918603e-01,1.664660e-13,6.633551e-10,1.070526e+02,1.720486e+09,8.118769e-08,5.957720e-01,1.793468e-13,5.201443e-10,1.284344e+02,1.556281e+09,6.515763e-08,5.524895e-01,2.292952e-13,1.761411e-09,1.111507e+02,1.551904e+09,2.251121e-03,8.293080e-03,2.120114e-03,1.838842e-15
98,1.886217e-11,1.274457e-01,7.456430e-10,1.235071e-09,2.300573e-13,3.450164e-11,3.569528e-01,1.128058e-09,4.045422e-10,4.792243e-13,3.315805e-11,3.456720e-01,1.131230e-09,4.997396e-10,5.239757e-13,1.740288e-11,2.474136e-01,1.023889e-09,8.295951e-10,2.487262e-13,6.843741e-08,5.099241e-01,1.660279e-13,5.453012e-10,1.264909e+02,1.787017e+09,8.012662e-08,7.296281e-01,2.009752e-13,8.686041e-10,1.035014e+02,1.533584e+09,6.597849e-08,4.822466e-01,2.136919e-13,9.009691e-10,1.289449e+02,1.664317e+09,5.252317e-03,1.031835e-03,9.117448e-04,4.005380e-15
99,1.805694e-11,2.012119e-01,8.235254e-10,3.323565e-10,3.376274e-13,3.291661e-11,1.052961e-01,6.776852e-10,8.047614e-10,4.409614e-13,3.411070e-11,1.224508e-01,1.072124e-09,8.648097e-10,2.628819e-13,1.870015e-11,1.561808e-01,9.312932e-10,5.120005e-10,2.466545e-13,6.600172e-08,5.601297e-01,1.977272e-13,1.850933e-09,1.110549e+02,1.682440e+09,8.164004e-08,6.404256e-01,1.976571e-13,1.770530e-09,1.201450e+02,1.463889e+09,6.805091e-08,5.764804e-01,2.129748e-13,7.587810e-10,1.112553e+02,1.619869e+09,9.631009e-04,6.465343e-03,2.550365e-03,1.836231e-15
100,1.841855e-11,2.873178e-01,9.467868e-10,1.199171e-09,1.743832e-13,3.276441e-11,3.081569e-01,1.086038e-09,1.244847e-09,2.134171e-13,3.362331e-11,2.675754e-01,1.125002e-09,5.597083e-10,4.546130e-13,1.731758e-11,2.153104e-01,9.554683e-10,1.282807e-09,3.186902e-13,6.548296e-08,5.050219e-01,1.434702e-13,8.050773e-10,1.222051e+02,1.852375e+09,8.415290e-08,7.174275e-01,2.231562e-13,1.181816e-09,1.105509e+02,1.349702e+09,6.929749e-08,5.189962e-01,1.348738e-13,1.484192e-09,1.258416e+02,1.793769e+09,8.627217e-04,2.065209e-03,2.263417e-03,4.128615e-15
101,1.782955e-11,2.958669e-01,9.914362e-10,1.100870e-09,3.150762e-13,3.352477e-11,3.140307e-01,8.293181e-10,9.893723e-10,4.197261e-13,3.311543e-11,3.079088e-01,1.055485e-09,3.817295e-10,3.971665e-13,1.788329e-11,3.238098e-01,1.168595e-09,1.125397e-09,4.888172e-13,6.603974e-08,4.818449e-01,1.969340e-13,1.574015e-09,1.291722e+02,1.800317e+09,8.044962e-08,5.994602e-01,1.747450e-13,1.886936e-09,1.264838e+02,1.554447e+09,6.558460e-08,5.818499e-01,1.540027e-13,1.414012e-09,1.062336e+02,1.733948e+09,5.828446e-03,9.015650e-03,1.844689e-03,3.473020e-15
102,1.746524e-11,1.288602e-01,7.776601e-10,9.391596e-10,4.140475e-13,3.441068e-11,3.125810e-01,6.283989e-10,7.231069e-10,2.490818e-13,3.379666e-11,2.503837e-01,7.908266e-10,4.752243e-10,2.944268e-13,1.758403e-11,2.935122e-01,6.647637e-10,1.102096e-09,2.759392e-13,6.533282e-08,5.370675e-01,2.243118e-13,6.256963e-10,1.146499e+02,1.622037e+09,8.523461e-08,7.089875e-01,2.106176e-13,1.194840e-09,1.133048e+02,1.378446e+09,7.059051e-08,6.375290e-01,1.329175e-13,5.919977e-10,1.043560e+02,1.904907e+09,9.976986e-03,7.997735e-03,2.137147e-03,3.950001e-15
103,1.846095e-11,1.398534e-01,7.474895e-10,5.833097e-10,5.182865e-13,3.219542e-11,1.412491e-01,9.405297e-10,1.060988e-09,2.386884e-13,3.275356e-11,1.450964e-01,7.219400e-10,6.251091e-10,5.110851e-13,1.764688e-11,3.175650e-01,1.001645e-09,5.172153e-10,4.973657e-13,6.877920e-08,5.335044e-01,1.786948e-13,1.746659e-09,1.215039e+02,1.631915e+09,8.396507e-08,6.956684e-01,1.916576e-13,7.888146e-10,1.137542e+02,1.335935e+09,7.055472e-08,5.880825e-01,2.145698e-13,1.851618e-09,1.130730e+02,1.628858e+09,1.869136e-03,9.953017e-03,2.449816e-03,6.376814e-16
104,1.811147e-11,1.590429e-01,9.798713e-10,1.151936e-09,3.272475e-13,3.142941e-11,2.222794e-01,9.845242e-10,1.053804e-09,3.403728e-13,3.309759e-11,3.445872e-01,1.140694e-09,1.155117e-09,3.618013e-13,1.742567e-11,3.684430e-01,8.629816e-10,1.036712e-09,4.599796e-13,6.846382e-08,5.121288e-01,1.521296e-13,8.527150e-10,1.259949e+02,1.684550e+09,7.922424e-08,6.654845e-01,2.216223e-13,1.988020e-09,1.121996e+02,1.371440e+09,6.764664e-08,5.711046e-01,1.795528e-13,5.016698e-10,1.116353e+02,1.772878e+09,7.800965e-03,4.441994e-03,2.283665e-03,3.413785e-15
105,1.844613e-11,3.215909e-01,9.542612e-10,8.023378e-10,2.868059e-13,3.460256e-11,3.577909e-01,1.108498e-09,1.139823e-09,5.209886e-13,3.454580e-11,2.790945e-01,9.945935e-10,5.160383e-10,3.947428e-13,1.711624e-11,1.322275e-01,1.106928e-09,4.324105e-10,2.813883e-13,6.820381e-08,5.874317e-01,1.805185e-13,1.095849e-09,1.094265e+02,1.853805e+09,8.015260e-08,5.986853e-01,1.705828e-13,1.440044e-09,1.261799e+02,1.619316e+09,6.759646e-08,6.119275e-01,1.216949e-13,1.505901e-09,1.041106e+02,1.935325e+09,4.721921e-03,7.786304e-03,6.584349e-04,1.969748e-15
106,1.753049e-11,3.495291e-01,7.956281e-10,1.030440e-09,4.496230e-13,3.369815e-11,1.555835e-01,1.041203e-09,3.331248e-10,2.686482e-13,3.176817e-11,3.136571e-01,9.370330e-10,3.801575e-10,4.707886e-13,1.757876e-11,3.216122e-01,1.185640e-09,8.211245e-10,4.785787e-13,6.727522e-08,4.896129e-01,1.568177e-13,1.458825e-09,1.295011e+02,1.724971e+09,7.836308e-08,5.896217e-01,2.444650e-13,5.353147e-10,1.252591e+02,1.365354e+09,6.940688e-08,6.478448e-01,1.638829e-13,7.801077e-10,1.009724e+02,1.608680e+09,3.587470e-04,6.675473e-03,2.068874e-03,3.653446e-15
107,1.841044e-11,3.688226e-01,9.725886e-10,1.168783e-09,2.524079e-13,3.205767e-11,3.637701e-01,1.058564e-09,9.100903e-10,3.034635e-13,3.197099e-11,1.072033e-01,9.349214e-10,5.928194e-10,3.012177e-13,1.737871e-11,3.481165e-01,9.305821e-10,7.630958e-10,3.476016e-13,7.007347e-08,5.196808e-01,1.213129e-13,1.410822e-09,1.270832e+02,1.901201e+09,8.383671e-08,7.094745e-01,2.082721e-13,1.427597e-09,1.113701e+02,1.486769e+09,6.676801e-08,5.364177e-01,1.800133e-13,7.232560e-10,1.173104e+02,1.665842e+09,1.706151e-03,6.191273e-03,2.020173e-03,4.764126e-15
108,1.791876e-11,3.033343e-01,1.162443e-09,9.290474e-10,2.090353e-13,3.291100e-11,1.731428e-01,1.161424e-09,8.723069e-10,4.607808e-13,3.187966e-11,2.523402e-01,1.107955e-09,4.381326e-10,5.182951e-13,1.844380e-11,3.050975e-01,6.899968e-10,5.990040e-10,1.816896e-13,7.120837e-08,5.872382e-01,1.726033e-13,1.796556e-09,1.142846e+02,1.846132e+09,8.403677e-08,6.769433e-01,2.324334e-13,1.259877e-09,1.170006e+02,1.404249e+09,6.816402e-08,5.288227e-01,2.263183e-13,1.363708e-09,1.214832e+02,1.543653e+09,9.272761e-03,5.823827e-03,2.820980e-03,1.751910e-15
109,1.821451e-11,2.092676e-01,9.507061e-10,8.798359e-10,2.681025e-13,3.232534e-11,3.789360e-01,1.035785e-09,3.210587e-10,2.724787e-13,3.368420e-11,3.397625e-01,8.214832e-10,6.914674e-10,5.093479e-13,1.837665e-11,2.603455e-01,1.181870e-09,6.068557e-10,3.212514e-13,6.826885e-08,5.131911e-01,2.041064e-13,1.912938e-09,1.253760e+02,1.544757e+09,7.953601e-08,6.975872e-01,1.450109e-13,1.307646e-09,1.074574e+02,1.689289e+09,6.627057e-08,5.602392e-01,1.805320e-13,1.648995e-09,1.114855e+02,1.768909e+09,7.976684e-03,4.997827e-03,2.397834e-03,2.484117e-15
110,1.877819e-11,2.452173e-01,1.147522e-09,9.547788e-10,4.132465e-13,3.234111e-11,1.623040e-01,1.038789e-09,1.186214e-09,2.534786e-13,3.311361e-11,2.294290e-01,7.848970e-10,3.077668e-10,4.521678e-13,1.849091e-11,3.400209e-01,8.636490e-10,3.063557e-10,2.265438e-13,6.481416e-08,5.627388e-01,1.675622e-13,7.267450e-10,1.085511e+02,1.728083e+09,7.799205e-08,6.958439e-01,1.996730e-13,1.233858e-09,1.056354e+02,1.348032e+09,6.675654e-08,5.606373e-01,2.124223e-13,1.348630e-09,1.122233e+02,1.624758e+09,9.636649e-03,6.505867e-03,1.826711e-03,1.173127e-15
111,1.825430e-11,1.828486e-01,6.761105e-10,6.432360e-10,2.876724e-13,3.232525e-11,3.551320e-01,7.783632e-10,7.128416e-10,5.035747e-13,3.297472e-11,3.854959e-01,1.133733e-09,6.766780e-10,3.769654e-13,1.875463e-11,2.301449e-01,1.096298e-09,9.261223e-10,5.275043e-13,6.680691e-08,5.050709e-01,1.848074e-13,6.795027e-10,1.246637e+02,1.656751e+09,8.420597e-08,6.835068e-01,1.677472e-13,7.009129e-10,1.161104e+02,1.461074e+09,6.797237e-08,5.727198e-01,1.516833e-13,1.150774e-09,1.118565e+02,1.868194e+09,4.350177e-03,2.144456e-03,1.875844e-03,3.773652e-15
112,1.862634e-11,1.948621e-01,9.182177e-10,1.206483e-09,4.276981e-13,3.346082e-11,3.866882e-01,8.618519e-10,6.056334e-10,3.256579e-13,3.164384e-11,2.483506e-01,1.013336e-09,3.923356e-10,2.651145e-13,1.754592e-11,3.504620e-01,8.688680e-10,6.630437e-10,3.570076e-13,7.042553e-08,5.675113e-01,2.080258e-13,1.795872e-09,1.169571e+02,1.596182e+09,8.034127e-08,6.311134e-01,2.294791e-13,1.623208e-09,1.199782e+02,1.301816e+09,7.006796e-08,6.056755e-01,1.764092e-13,1.234339e-09,1.090311e+02,1.866282e+09,1.368190e-03,7.254606e-03,1.062615e-04,2.156283e-15
113,1.779067e-11,1.246133e-01,8.422644e-10,2.993543e-10,3.114521e-13,3.175292e-11,1.071050e-01,9.536999e-10,3.671633e-10,4.802185e-13,3.154382e-11,3.228527e-01,9.840245e-10,4.718826e-10,2.078269e-13,1.769835e-11,2.468316e-01,8.753366e-10,7.357638e-10,3.450877e-13,6.689257e-08,4.914446e-01,1.470815e-13,1.082904e-09,1.282846e+02,1.945521e+09,8.208243e-08,6.720167e-01,2.012189e-13,1.626104e-09,1.151175e+02,1.427766e+09,7.104159e-08,6.294949e-01,1.617478e-13,9.796959e-10,1.063632e+02,1.615936e+09,3.288200e-03,6.813763e-03,2.404952e-03,1.403629e-15
114,1.725950e-11,2.797065e-01,9.748595e-10,7.232096e-10,1.924622e-13,3.396403e-11,3.390691e-01,9.462068e-10,1.254708e-09,2.213133e-13,3.439473e-11,2.102742e-01,1.196074e-09,1.111020e-09,3.311128e-13,1.851107e-11,1.506724e-01,8.935604e-10,1.031151e-09,3.278905e-13,6.599608e-08,5.081100e-01,1.617265e-13,1.679384e-09,1.224141e+02,1.936207e+09,8.521218e-08,7.059241e-01,1.753355e-13,7.889180e-10,1.137666e+02,1.582466e+09,7.067360e-08,5.851387e-01,1.931082e-13,1.128391e-09,1.138334e+02,1.512886e+09,4.049663e-03,2.996957e-03,8.862037e-04,7.975291e-16
115,1.820240e-11,3.211428e-01,9.278935e-10,8.350690e-10,3.651205e-13,3.413114e-11,2.942140e-01,1.189199e-09,1.214664e-09,4.837070e-13,3.349305e-11,1.637639e-01,7.017221e-10,1.209120e-09,3.698130e-13,1.867780e-11,3.309656e-01,1.101933e-09,5.282115e-10,1.886197e-13,6.939586e-08,5.374063e-01,1.505528e-13,1.304300e-09,1.217032e+02,1.928215e+09,8.527942e-08,7.296607e-01,2.215099e-13,1.967783e-09,1.101525e+02,1.422374e+09,7.115096e-08,6.487325e-01,1.930879e-13,7.183529e-10,1.033680e+02,1.723636e+09,9.972542e-03,2.237735e-03,1.197538e-03,2.534310e-15
116,1.859572e-11,2.601073e-01,1.056111e-09,1.133304e-09,4.710659e-13,3.206964e-11,2.745658e-01,7.930371e-10,5.847620e-10,3.215091e-13,3.463862e-11,3.547927e-01,9.130399e-10,2.809285e-10,4.812647e-13,1.717075e-11,2.398918e-01,1.118738e-09,7.661992e-10,3.217710e-13,6.824389e-08,5.830320e-01,1.360458e-13,5.790338e-10,1.103170e+02,1.914851e+09,8.072753e-08,6.521869e-01,2.085470e-13,1.679482e-09,1.166597e+02,1.354434e+09,6.460541e-08,5.254313e-01,1.583765e-13,1.041228e-09,1.158842e+02,1.785004e+09,3.662385e-04,7.168335e-04,1.863794e-03,2.173945e-15
117,1.888765e-11,1.477614e-01,1.131051e-09,1.285380e-09,4.697534e-13,3.281160e-11,2.437934e-01,9.517425e-10,5.753372e-10,3.921831e-13,3.256728e-11,1.738781e-01,6.857445e-10,9.912664e-10,3.478253e-13,1.765572e-11,2.112270e-01,6.783658e-10,4.243191e-10,2.451148e-13,6.807357e-08,5.374669e-01,1.386801e-13,7.704123e-10,1.193707e+02,1.774937e+09,8.536804e-08,7.135766e-01,1.462347e-13,1.330102e-09,1.127524e+02,1.613913e+09,6.861148e-08,6.264824e-01,1.989310e-13,1.531380e-09,1.032189e+02,1.717799e+09,2.102316e-03,4.394966e-03,1.109217e-03,4.413499e-15
118,1.763885e-11,1.878339e-01,1.145280e-09,5.646849e-10,4.086483e-13,3.320623e-11,3.606932e-01,1.146885e-09,7.164607e-10,1.906516e-13,3.233284e-11,2.182967e-01,8.098567e-10,1.113855e-09,2.123300e-13,1.815930e-11,3.695854e-01,1.176384e-09,4.882752e-10,4.168593e-13,7.000087e-08,5.172221e-01,1.914033e-13,1.047244e-09,1.275550e+02,1.740637e+09,8.125080e-08,7.453342e-01,1.515052e-13,1.373826e-09,1.027419e+02,1.673732e+09,6.591212e-08,5.521054e-01,1.725396e-13,1.289786e-09,1.125160e+02,1.940288e+09,4.954151e-03,1.312524e-03,1.607531e-03,3.691620e-15
119,1.790935e-11,2.755961e-01,6.726947e-10,8.386893e-10,5.246699e-13,3.405473e-11,2.374779e-01,1.189994e-09,5.192165e-10,4.346693e-13,3.426928e-11,2.298790e-01,9.248720e-10,5.777362e-10,3.496619e-13,1.828188e-11,1.096037e-01,8.204180e-10,9.881682e-10,2.636930e-13,7.117419e-08,5.506925e-01,1.451262e-13,1.604904e-09,1.218104e+02,1.948576e+09,8.594789e-08,7.367307e-01,1.658073e-13,6.533917e-10,1.099506e+02,1.561102e+09,6.985529e-08,5.270663e-01,1.571268e-13,7.364234e-10,1.249123e+02,1.735554e+09,6.943039e-03,1.406866e-04,2.564027e-03,3.385551e-15
120,1.885748e-11,2.000514e-01,8.888116e-10,5.894345e-10,2.787451e-13,3.196485e-11,3.693456e-01,8.029451e-10,5.033213e-10,5.117457e-13,3.323835e-11,2.706889e-01,9.747764e-10,1.092870e-09,4.332850e-13,1.725594e-11,1.680504e-01,1.188882e-09,1.037816e-09,2.883922e-13,6.633125e-08,5.158699e-01,2.246916e-13,1.159834e-09,1.211851e+02,1.619701e+09,8.201678e-08,6.579451e-01,2.192529e-13,1.838529e-09,1.174855e+02,1.450885e+09,7.095016e-08,5.686295e-01,1.992242e-13,7.856574e-10,1.175967e+02,1.586263e+09,6.061097e-03,3.724593e-03,5.165424e-04,2.560211e-15
121,1.835725e-11,2.064032e-01,9.012694e-10,7.093129e-10,2.959325e-13,3.159515e-11,2.343731e-01,9.226422e-10,9.540332e-10,2.809157e-13,3.276987e-11,2.670342e-01,1.165055e-09,9.305336e-10,4.920080e-13,1.714921e-11,3.501724e-01,1.011263e-09,3.446090e-10,3.620878e-13,6.721080e-08,4.971264e-01,2.046651e-13,8.574607e-10,1.274217e+02,1.706260e+09,8.298184e-08,6.041794e-01,1.393107e-13,8.894363e-10,1.294459e+02,1.606369e+09,6.572181e-08,5.522129e-01,1.712089e-13,1.981503e-09,1.121693e+02,1.652259e+09,7.029133e-03,6.483092e-03,2.019264e-03,2.434976e-15
122,1.724743e-11,3.018035e-01,1.108150e-09,6.806225e-10,1.998477e-13,3.214511e-11,1.753910e-01,7.221164e-10,5.454197e-10,2.800531e-13,3.424854e-11,2.430526e-01,1.137435e-09,7.613975e-10,3.654666e-13,1.754271e-11,3.518719e-01,9.527654e-10,2.854829e-10,1.769307e-13,6.855299e-08,5.218539e-01,1.686997e-13,1.909220e-09,1.238080e+02,1.867805e+09,7.852960e-08,6.653898e-01,2.016145e-13,1.593107e-09,1.112316e+02,1.572779e+09,6.669600e-08,5.713533e-01,1.440379e-13,1.179219e-09,1.100186e+02,1.933059e+09,9.221740e-03,1.022226e-03,2.231040e-03,3.048838e-15
123,1.786338e-11,1.114880e-01,6.106721e-10,3.133306e-10,1.853952e-13,3.286613e-11,2.275711e-01,8.058452e-10,6.959670e-10,5.002696e-13,3.323288e-11,1.293252e-01,7.235463e-10,1.011880e-09,3.627186e-13,1.721374e-11,1.588642e-01,6.531894e-10,7.404443e-10,1.963910e-13,6.681389e-08,6.021373e-01,1.671300e-13,1.598447e-09,1.045785e+02,1.808650e+09,8.273719e-08,6.222604e-01,2.360348e-13,1.725063e-09,1.253140e+02,1.360886e+09,6.604154e-08,5.192896e-01,2.082585e-13,1.472853e-09,1.198612e+02,1.685581e+09,9.696655e-03,6.398829e-03,1.372946e-03,3.580560e-15
124,1.838445e-11,1.997627e-01,1.039970e-09,8.137608e-10,2.440575e-13,3.245625e-11,2.061885e-01,6.531676e-10,4.548531e-10,2.766386e-13,3.256887e-11,1.285305e-01,1.111767e-09,3.703769e-10,4.138536e-13,1.845973e-11,2.875240e-01,8.000404e-10,3.988340e-10,4.989762e-13,6.664260e-08,5.270702e-01,1.461194e-13,1.079460e-09,1.191666e+02,1.779248e+09,8.280543e-08,6.110256e-01,2.117630e-13,1.238483e-09,1.277234e+02,1.402450e+09,6.901613e-08,5.863195e-01,1.944040e-13,9.996092e-10,1.109398e+02,1.662023e+09,2.802284e-03,1.268450e-03,1.529819e-04,3.146272e-15
125,1.736049e-11,3.584734e-01,8.664405e-10,8.848862e-10,4.533634e-13,3.323878e-11,2.975806e-01,9.924723e-10,7.312195e-10,2.021543e-13,3.444985e-11,2.723171e-01,7.056794e-10,3.104293e-10,3.020998e-13,1.715842e-11,3.788774e-01,8.807198e-10,9.847225e-10,3.365852e-13,6.648731e-08,6.203057e-01,1.923458e-13,1.128884e-09,1.010192e+02,1.595255e+09,8.350713e-08,6.343430e-01,1.552368e-13,1.132439e-09,1.240711e+02,1.519596e+09,6.800531e-08,5.117523e-01,1.273024e-13,7.603745e-10,1.252432e+02,1.892227e+09,3.495057e-03,1.072130e-03,2.795126e-03,3.293325e-15
126,1.819557e-11,1.536495e-01,9.118278e-10,1.291444e-09,2.789679e-13,3.317607e-11,1.864629e-01,7.814986e-10,1.009634e-09,2.243808e-13,3.161093e-11,3.723088e-01,1.058497e-09,2.784973e-10,4.077725e-13,1.840108e-11,1.656602e-01,9.825203e-10,6.617535e-10,3.487392e-13,6.959520e-08,6.436754e-01,1.641634e-13,1.989043e-09,1.019022e+02,1.825453e+09,8.065637e-08,6.006195e-01,1.845412e-13,1.911980e-09,1.265640e+02,1.634368e+09,6.587345e-08,4.841733e-01,1.353071e-13,1.845750e-09,1.282274e+02,1.880943e+09,1.488518e-03,9.295114e-03,1.522851e-03,4.477486e-15
127,1.804012e-11,2.160583e-01,1.131148e-09,5.939860e-10,2.362091e-13,3.270176e-11,2.249217e-01,8.697065e-10,1.001754e-09,4.736709e-13,3.302488e-11,3.454845e-01,1.187306e-09,7.633712e-10,2.440468e-13,1.763447e-11,2.549144e-01,1.150240e-09,8.253929e-10,3.551721e-13,6.931892e-08,5.155991e-01,1.588716e-13,1.023486e-09,1.267100e+02,1.684239e+09,8.335851e-08,6.548938e-01,2.214937e-13,1.200816e-09,1.199638e+02,1.365930e+09,7.127259e-08,5.224560e-01,2.138946e-13,9.944808e-10,1.285713e+02,1.542417e+09,7.020869e-04,1.992067e-03,1.926047e-03,3.187546e-15
128,1.822083e-11,2.805088e-01,7.753055e-10,9.748622e-10,5.284388e-13,3.208507e-11,3.420994e-01,8.483982e-10,9.913177e-10,3.810630e-13,3.336899e-11,1.494467e-01,8.057789e-10,4.457140e-10,3.639187e-13,1.753554e-11,2.965534e-01,1.059332e-09,6.150290e-10,3.676032e-13,6.540251e-08,5.177766e-01,1.825158e-13,1.731098e-09,1.190483e+02,1.851563e+09,7.883652e-08,7.356700e-01,2.398521e-13,6.200288e-10,1.009986e+02,1.312057e+09,6.662890e-08,4.863317e-01,1.239648e-13,8.705844e-10,1.291223e+02,1.948933e+09,5.950377e-03,2.161091e-03,2.027408e-03,1.200828e-15
129,1.883273e-11,3.150880e-01,9.638033e-10,7.339777e-10,3.925704e-13,3.434185e-11,3.166087e-01,7.688696e-10,6.173571e-10,4.463473e-13,3.427981e-11,3.064306e-01,1.034493e-09,9.973167e-10,3.173916e-13,1.785781e-11,1.402507e-01,1.002876e-09,1.149598e-09,2.553760e-13,7.112349e-08,5.292439e-01,1.665884e-13,1.123734e-09,1.266568e+02,1.728560e+09,8.052603e-08,7.578214e-01,1.816610e-13,1.277377e-09,1.001476e+02,1.553990e+09,6.567555e-08,4.944825e-01,2.247350e-13,8.790644e-10,1.251768e+02,1.512609e+09,3.087040e-03,9.536903e-04,1.891387e-03,4.203185e-15
130,1.785456e-11,3.235850e-01,1.076460e-09,9.737752e-10,3.355833e-13,3.454980e-11,3.709436e-01,6.011883e-10,7.998359e-10,3.815615e-13,3.323811e-11,1.536571e-01,8.071883e-10,3.332644e-10,2.703723e-13,1.801749e-11,2.157490e-01,6.022868e-10,8.045995e-10,4.150663e-13,6.909230e-08,5.438697e-01,1.589046e-13,1.936576e-09,1.197308e+02,1.934053e+09,7.799224e-08,6.528271e-01,1.692679e-13,1.639414e-09,1.125964e+02,1.647695e+09,6.629493e-08,6.010738e-01,1.662628e-13,9.768923e-10,1.039498e+02,1.638105e+09,7.700344e-03,4.210152e-03,1.246383e-03,6.546647e-16
131,1.840592e-11,2.926610e-01,8.678190e-10,1.245984e-09,1.827151e-13,3.194703e-11,2.373466e-01,1.012231e-09,4.061088e-10,4.307986e-13,3.352511e-11,1.200867e-01,7.347016e-10,8.279570e-10,3.554683e-13,1.784988e-11,1.261943e-01,8.075703e-10,1.288314e-09,2.398256e-13,6.837420e-08,5.659253e-01,1.798914e-13,1.128692e-09,1.138687e+02,1.899553e+09,8.164416e-08,6.345951e-01,2.095169e-13,1.222843e-09,1.212550e+02,1.423678e+09,7.009381e-08,5.645193e-01,1.460525e-13,1.357766e-09,1.170232e+02,1.786711e+09,4.063042e-04,5.675156e-03,2.759295e-03,2.847414e-15
132,1.839716e-11,3.417905e-01,7.949063e-10,5.440216e-10,3.512435e-13,3.338350e-11,3.733518e-01,9.880105e-10,4.060835e-10,2.154103e-13,3.386309e-11,1.380855e-01,1.140242e-09,7.900821e-10,2.748523e-13,1.850704e-11,2.043312e-01,8.308609e-10,8.391557e-10,2.159315e-13,7.010900e-08,5.181523e-01,1.761508e-13,1.434575e-09,1.275227e+02,1.775473e+09,8.504192e-08,6.770613e-01,2.022216e-13,9.933926e-10,1.183794e+02,1.327214e+09,6.479790e-08,5.143601e-01,1.732433e-13,1.757750e-09,1.187312e+02,1.927867e+09,1.965626e-03,2.941786e-03,1.805169e-03,1.632487e-15
133,1.821868e-11,3.767317e-01,1.185651e-09,1.071266e-09,4.054433e-13,3.393737e-11,1.634970e-01,8.289772e-10,1.258195e-09,3.193148e-13,3.224773e-11,3.741489e-01,9.942698e-10,1.004257e-09,4.530585e-13,1.760440e-11,3.166493e-01,6.663494e-10,7.893271e-10,2.673330e-13,7.062992e-08,5.780122e-01,1.505529e-13,1.413257e-09,1.151656e+02,1.820759e+09,8.287852e-08,6.230649e-01,2.037208e-13,1.410043e-09,1.253660e+02,1.413756e+09,6.475513e-08,5.006711e-01,1.624098e-13,1.975142e-09,1.218969e+02,1.831907e+09,6.389589e-03,2.374825e-03,1.973241e-03,6.867612e-16
134,1.817298e-11,3.894887e-01,8.190392e-10,1.236192e-09,3.370155e-13,3.163327e-11,1.195874e-01,6.580614e-10,9.849706e-10,2.018922e-13,3.363151e-11,3.354368e-01,1.170992e-09,1.183691e-09,2.478123e-13,1.846739e-11,1.850072e-01,9.641762e-10,4.213740e-10,2.956664e-13,7.014740e-08,5.391550e-01,1.864299e-13,9.080486e-10,1.226222e+02,1.829429e+09,8.202933e-08,7.080156e-01,1.923995e-13,9.442277e-10,1.091937e+02,1.631737e+09,6.641259e-08,5.799829e-01,1.371246e-13,8.280244e-10,1.079211e+02,1.948061e+09,1.886495e-03,4.589189e-03,6.824166e-04,2.637700e-15
135,1.794969e-11,3.265549e-01,1.171894e-09,1.177668e-09,4.428533e-13,3.365283e-11,3.266547e-01,9.563514e-10,1.098970e-09,1.746188e-13,3.219253e-11,1.299455e-01,8.490334e-10,6.077444e-10,2.224899e-13,1.734857e-11,1.666906e-01,7.921606e-10,1.117854e-09,3.777614e-13,6.813676e-08,5.661370e-01,2.160322e-13,1.600951e-09,1.134308e+02,1.550518e+09,8.342481e-08,6.218051e-01,1.934685e-13,1.093594e-09,1.264480e+02,1.508194e+09,7.006830e-08,5.294755e-01,1.716117e-13,1.169556e-09,1.247231e+02,1.847814e+09,7.300004e-03,7.042235e-03,1.640729e-03,4.451244e-15
136,1.753457e-11,3.031093e-01,9.136315e-10,9.650712e-10,1.833863e-13,3.203233e-11,3.545398e-01,8.553470e-10,6.686667e-10,4.581263e-13,3.317486e-11,2.837741e-01,1.152983e-09,9.834734e-10,4.853738e-13,1.802631e-11,3.334739e-01,1.077112e-09,6.320619e-10,4.550453e-13,6.632530e-08,4.889516e-01,1.972760e-13,9.500052e-10,1.278452e+02,1.505188e+09,8.489051e-08,6.422110e-01,1.480627e-13,1.797689e-09,1.245812e+02,1.577676e+09,6.849096e-08,5.109970e-01,2.032575e-13,1.525342e-09,1.263240e+02,1.537814e+09,8.128468e-03,3.190100e-03,4.514988e-04,1.928305e-15
137,1.826857e-11,1.184387e-01,9.748983e-10,4.033041e-10,4.461174e-13,3.155412e-11,1.694495e-01,7.646636e-10,9.016177e-10,2.222311e-13,3.232295e-11,3.515561e-01,9.017740e-10,1.077192e-09,2.251142e-13,1.817848e-11,2.128659e-01,1.044246e-09,1.074101e-09,4.835651e-13,6.672741e-08,5.630487e-01,1.472433e-13,6.369854e-10,1.116939e+02,1.757884e+09,8.336490e-08,7.157119e-01,2.308025e-13,1.099071e-09,1.097782e+02,1.373404e+09,6.503951e-08,5.529120e-01,1.868114e-13,5.468037e-10,1.108645e+02,1.768896e+09,7.657878e-03,1.759281e-03,2.669892e-03,3.844047e-15
138,1.795629e-11,2.306751e-01,7.955684e-10,6.202817e-10,3.445616e-13,3.283124e-11,2.203944e-01,1.008030e-09,8.254099e-10,4.183323e-13,3.346597e-11,3.099213e-01,9.951942e-10,1.033552e-09,2.416360e-13,1.723691e-11,3.993937e-01,9.581011e-10,6.136414e-10,4.407930e-13,6.677551e-08,5.033594e-01,2.130025e-13,1.510635e-09,1.250288e+02,1.660730e+09,8.403335e-08,7.336024e-01,1.639087e-13,1.267186e-09,1.079598e+02,1.614736e+09,6.514480e-08,5.254987e-01,2.153601e-13,1.544618e-09,1.168367e+02,1.534217e+09,7.179366e-03,5.193451e-03,5.969131e-04,3.882938e-15
139,1.852935e-11,1.060477e-01,6.740089e-10,1.004948e-09,4.514068e-13,3.177199e-11,2.048468e-01,7.532782e-10,1.256537e-09,4.267327e-13,3.318467e-11,3.632936e-01,7.080826e-10,5.323915e-10,5.110536e-13,1.728178e-11,1.681945e-01,7.526742e-10,7.014394e-10,3.346770e-13,6.544626e-08,5.500285e-01,1.854565e-13,1.215291e-09,1.121426e+02,1.711385e+09,8.559347e-08,6.948796e-01,1.656384e-13,1.857794e-09,1.160920e+02,1.511114e+09,6.994892e-08,5.470950e-01,1.684590e-13,1.820451e-09,1.205007e+02,1.564593e+09,8.853879e-04,3.997039e-03,9.951613e-04,2.851849e-15
140,1.769423e-11,1.934008e-01,9.911098e-10,9.708037e-10,3.509100e-13,3.278007e-11,2.238014e-01,6.328850e-10,1.167070e-09,4.704439e-13,3.174285e-11,3.363759e-01,9.854182e-10,4.559151e-10,4.060286e-13,1.748408e-11,1.200659e-01,1.194521e-09,4.347862e-10,2.597797e-13,7.074613e-08,5.783533e-01,1.663199e-13,1.687218e-09,1.152871e+02,1.865261e+09,8.455420e-08,6.701215e-01,1.719159e-13,1.238649e-09,1.189194e+02,1.422760e+09,6.519767e-08,4.772094e-01,1.760929e-13,1.875607e-09,1.287639e+02,1.597408e+09,2.848423e-03,5.886895e-04,1.908008e-03,4.496151e-15
141,1.884933e-11,3.908791e-01,9.836734e-10,9.818186e-10,4.688270e-13,3.140215e-11,2.984734e-01,6.938767e-10,8.881434e-10,1.945359e-13,3.219631e-11,1.709887e-01,9.277985e-10,1.297653e-09,4.293143e-13,1.878575e-11,2.166094e-01,6.140004e-10,4.221880e-10,3.633375e-13,6.781337e-08,5.792421e-01,1.809681e-13,1.989021e-09,1.103383e+02,1.605341e+09,7.964885e-08,5.918567e-01,2.097386e-13,1.918712e-09,1.268335e+02,1.489601e+09,6.568329e-08,5.402847e-01,1.972421e-13,6.989598e-10,1.145786e+02,1.567103e+09,6.331369e-03,1.910754e-03,2.745555e-03,4.250776e-15
142,1.831903e-11,2.255979e-01,7.151988e-10,1.045557e-09,4.821418e-13,3.160106e-11,3.331044e-01,7.643399e-10,9.484361e-10,2.268238e-13,3.143555e-11,2.295532e-01,6.137458e-10,7.330358e-10,3.280835e-13,1.809225e-11,3.385064e-01,6.462495e-10,5.629967e-10,5.122955e-13,6.553903e-08,4.951394e-01,2.066892e-13,6.680964e-10,1.247509e+02,1.522725e+09,8.414391e-08,6.933336e-01,1.828523e-13,8.085101e-10,1.143804e+02,1.400855e+09,6.798898e-08,6.255337e-01,1.569139e-13,1.766259e-09,1.024375e+02,1.672343e+09,8.792051e-03,3.214415e-03,1.167902e-04,3.964022e-15
143,1.723418e-11,1.816484e-01,1.063090e-09,7.858646e-10,3.615321e-13,3.358090e-11,1.543266e-01,6.760800e-10,5.852152e-10,3.195164e-13,3.372726e-11,2.567315e-01,1.022850e-09,9.967596e-10,1.687815e-13,1.800627e-11,3.748072e-01,6.033468e-10,4.488359e-10,4.363101e-13,6.925588e-08,6.479914e-01,1.732983e-13,6.499438e-10,1.007299e+02,1.598595e+09,8.409541e-08,6.205975e-01,1.813227e-13,1.588228e-09,1.277125e+02,1.650730e+09,6.711408e-08,4.870078e-01,1.945216e-13,1.242419e-09,1.298820e+02,1.520759e+09,6.826663e-03,4.007215e-03,7.609065e-04,2.278569e-15
144,1.864078e-11,3.781412e-01,7.547169e-10,1.040698e-09,5.047071e-13,3.290679e-11,3.780261e-01,6.421552e-10,9.956827e-10,3.704987e-13,3.421121e-11,3.285654e-01,8.058201e-10,4.421113e-10,2.969430e-13,1.824944e-11,2.775833e-01,1.013757e-09,8.526210e-10,4.875780e-13,7.033646e-08,6.548061e-01,1.389161e-13,1.591827e-09,1.012369e+02,1.897864e+09,8.500809e-08,6.872254e-01,1.755206e-13,5.597527e-10,1.165822e+02,1.616138e+09,6.887386e-08,5.640249e-01,1.857285e-13,8.299123e-10,1.150873e+02,1.677332e+09,9.279719e-03,3.552605e-04,2.036914e-03,4.285110e-15
145,1.830534e-11,3.455094e-01,6.884286e-10,6.402355e-10,3.798752e-13,3.326613e-11,2.104406e-01,7.487149e-10,4.319643e-10,4.833372e-13,3.419836e-11,2.113949e-01,9.824031e-10,6.762676e-10,4.213586e-13,1.825378e-11,1.912231e-01,1.123895e-09,1.112032e-09,2.024249e-13,7.088634e-08,6.002153e-01,1.957539e-13,1.092874e-09,1.113081e+02,1.582728e+09,7.811798e-08,6.244103e-01,2.265767e-13,1.541036e-09,1.179104e+02,1.411617e+09,6.682294e-08,5.983121e-01,1.617680e-13,6.627433e-10,1.052613e+02,1.759191e+09,4.965371e-03,6.991781e-03,2.331067e-03,3.671209e-15
146,1.735407e-11,1.939792e-01,6.446082e-10,4.181110e-10,5.067932e-13,3.407834e-11,2.241585e-01,1.146705e-09,3.226162e-10,2.239157e-13,3.348029e-11,3.079664e-01,7.097269e-10,6.337017e-10,4.619775e-13,1.802266e-11,2.990120e-01,9.863497e-10,1.035175e-09,2.558895e-13,6.547784e-08,5.071534e-01,1.872783e-13,1.271088e-09,1.216820e+02,1.626506e+09,8.393880e-08,6.979316e-01,2.298535e-13,1.490948e-09,1.133499e+02,1.321388e+09,7.026438e-08,5.375945e-01,2.214190e-13,7.925665e-10,1.231832e+02,1.553964e+09,2.477440e-04,1.707848e-03,1.068557e-03,2.350293e-15
147,1.818878e-11,2.660557e-01,8.286194e-10,4.164441e-10,4.517564e-13,3.220359e-11,3.460015e-01,9.585278e-10,4.727254e-10,2.115996e-13,3.240226e-11,1.415102e-01,6.162641e-10,3.727820e-10,4.037008e-13,1.744864e-11,1.913235e-01,1.174141e-09,8.999896e-10,3.245698e-13,7.041704e-08,5.577618e-01,1.833478e-13,1.765059e-09,1.189872e+02,1.508811e+09,8.535088e-08,7.424417e-01,1.972737e-13,9.445018e-10,1.083470e+02,1.428337e+09,6.793267e-08,4.954847e-01,1.795660e-13,1.705338e-09,1.292170e+02,1.896063e+09,7.561762e-03,2.742291e-03,2.632380e-03,2.189278e-15
148,1.834664e-11,2.612501e-01,1.068194e-09,7.819623e-10,4.964579e-13,3.241482e-11,2.883024e-01,8.353450e-10,1.077219e-09,4.296388e-13,3.329928e-11,3.009385e-01,6.125637e-10,1.241249e-09,2.466711e-13,1.802833e-11,3.672364e-01,9.888531e-10,4.666802e-10,1.828671e-13,6.629782e-08,4.888525e-01,1.329645e-13,5.221905e-10,1.278182e+02,1.905132e+09,8.159703e-08,6.177284e-01,1.407786e-13,1.724259e-09,1.244938e+02,1.660639e+09,6.542518e-08,5.745518e-01,1.598792e-13,1.792147e-09,1.073215e+02,1.696476e+09,4.545332e-03,8.071113e-03,5.647301e-04,3.064645e-15
149,1.752679e-11,1.122737e-01,9.345344e-10,1.230636e-09,4.829447e-13,3.288512e-11,3.665773e-01,6.055800e-10,9.056413e-10,3.051112e-13,3.157833e-11,3.804142e-01,9.137906e-10,1.138126e-09,2.858248e-13,1.886350e-11,1.990233e-01,1.028775e-09,1.034592e-09,4.572119e-13,6.591470e-08,5.529167e-01,1.575070e-13,1.702329e-09,1.123553e+02,1.875971e+09,7.892482e-08,6.271270e-01,1.883033e-13,8.505545e-10,1.186122e+02,1.537231e+09,6.758040e-08,6.270000e-01,1.881465e-13,1.446182e-09,1.015838e+02,1.570333e+09,6.379601e-03,5.310971e-03,2.002973e-03,2.344323e-15
150,1.821577e-11,1.711223e-01,6.228788e-10,8.857293e-10,2.061821e-13,3.332061e-11,3.372952e-01,1.113945e-09,6.125331e-10,4.750358e-13,3.135421e-11,2.619459e-01,8.654435e-10,7.217693e-10,2.232623e-13,1.877944e-11,1.613231e-01,8.688181e-10,1.242809e-09,4.277727e-13,6.760355e-08,5.428363e-01,1.597673e-13,1.944449e-09,1.173740e+02,1.817175e+09,8.199008e-08,6.062106e-01,2.044182e-13,7.301108e-10,1.274703e+02,1.390560e+09,7.036788e-08,5.240800e-01,2.079031e-13,1.913344e-09,1.265459e+02,1.617689e+09,6.608691e-03,5.476119e-03,1.732500e-04,4.066810e-15
151,1.780126e-11,1.069691e-01,7.846137e-10,1.131806e-09,3.228393e-13,3.217023e-11,3.646169e-01,1.056040e-09,1.127689e-09,1.840114e-13,3.418809e-11,1.053437e-01,6.691848e-10,9.358127e-10,4.833673e-13,1.839451e-11,3.546093e-01,1.101770e-09,5.978653e-10,5.270828e-13,6.770347e-08,5.267292e-01,1.297427e-13,1.338557e-09,1.211420e+02,1.945090e+09,8.295712e-08,6.528137e-01,2.049619e-13,7.978506e-10,1.197666e+02,1.343610e+09,6.880036e-08,5.600815e-01,1.526001e-13,1.485253e-09,1.157739e+02,1.784456e+09,8.910874e-03,2.174205e-03,7.136246e-04,3.984485e-15
152,1.757145e-11,3.374426e-01,8.890123e-10,8.625379e-10,3.901447e-13,3.245288e-11,1.901582e-01,6.970362e-10,5.988348e-10,4.426260e-13,3.232572e-11,3.523015e-01,6.374833e-10,7.406366e-10,2.924581e-13,1.738342e-11,1.731304e-01,1.197186e-09,7.544352e-10,4.015921e-13,6.724168e-08,5.233064e-01,1.899176e-13,7.132853e-10,1.211027e+02,1.625178e+09,8.100580e-08,7.106600e-01,1.706965e-13,6.386831e-10,1.074300e+02,1.667848e+09,6.864414e-08,6.328360e-01,1.250614e-13,1.593594e-09,1.022312e+02,1.903677e+09,4.892903e-03,9.457979e-04,1.945898e-03,4.273277e-15
153,1.871935e-11,1.756662e-01,1.091069e-09,6.983785e-10,3.775382e-13,3.152930e-11,1.140912e-01,8.409801e-10,6.626234e-10,2.707887e-13,3.406764e-11,2.602259e-01,1.117827e-09,1.222736e-09,4.985905e-13,1.729714e-11,1.350683e-01,1.157324e-09,1.011688e-09,1.947159e-13,6.664915e-08,5.275054e-01,1.632408e-13,1.716843e-09,1.190800e+02,1.798485e+09,8.156453e-08,7.503636e-01,1.765528e-13,1.101257e-09,1.024473e+02,1.509107e+09,6.461733e-08,4.983335e-01,1.975351e-13,1.194487e-09,1.222081e+02,1.743359e+09,8.222064e-03,4.536742e-03,2.592562e-04,2.217839e-15
154,1.742882e-11,2.499773e-01,7.801982e-10,8.784827e-10,4.257481e-13,3.358228e-11,3.794595e-01,1.013810e-09,1.197618e-09,2.369278e-13,3.306793e-11,3.908910e-01,7.250171e-10,8.276175e-10,4.108996e-13,1.782288e-11,2.718349e-01,9.266597e-10,8.852423e-10,4.558594e-13,7.098027e-08,6.419821e-01,1.797630e-13,1.895155e-09,1.042044e+02,1.810649e+09,8.388383e-08,7.369456e-01,1.613071e-13,8.155231e-10,1.072788e+02,1.545770e+09,6.504182e-08,5.602865e-01,1.629712e-13,1.979585e-09,1.094092e+02,1.786383e+09,9.292995e-03,1.448198e-03,1.970229e-03,4.493852e-15
155,1.842313e-11,3.336898e-01,1.140629e-09,8.592422e-10,4.536636e-13,3.306324e-11,1.787868e-01,8.450958e-10,9.678728e-10,3.336280e-13,3.289834e-11,2.794015e-01,1.108249e-09,8.793340e-10,3.309090e-13,1.788702e-11,1.189529e-01,7.434651e-10,9.653266e-10,2.485907e-13,7.135212e-08,5.694066e-01,1.755520e-13,1.093858e-09,1.181015e+02,1.901513e+09,8.399140e-08,7.323430e-01,2.434385e-13,1.517286e-09,1.080915e+02,1.304421e+09,6.836414e-08,5.658678e-01,1.540131e-13,8.998675e-10,1.138635e+02,1.704732e+09,4.515350e-03,3.347429e-03,1.186836e-03,1.158646e-15
156,1.754899e-11,2.720129e-01,1.065307e-09,9.480373e-10,5.163567e-13,3.394968e-11,1.664530e-01,1.182918e-09,1.042406e-09,5.114177e-13,3.387070e-11,3.187632e-01,1.186461e-09,5.400261e-10,4.233128e-13,1.714327e-11,1.839879e-01,6.668287e-10,8.064488e-10,4.457217e-13,6.585556e-08,5.347146e-01,2.174246e-13,1.284674e-09,1.160757e+02,1.631002e+09,7.828311e-08,6.024854e-01,2.207056e-13,1.891371e-09,1.224596e+02,1.348971e+09,6.472472e-08,5.210579e-01,1.467551e-13,6.908116e-10,1.170726e+02,1.881169e+09,1.240326e-03,2.431980e-03,1.707972e-03,1.495133e-15
157,1.818581e-11,1.233427e-01,6.986779e-10,1.038577e-09,3.124448e-13,3.178922e-11,1.389676e-01,7.045579e-10,1.163463e-09,4.165821e-13,3.308837e-11,1.252068e-01,8.196437e-10,1.000348e-09,4.574197e-13,1.726537e-11,1.648184e-01,7.049305e-10,1.039794e-09,3.092293e-13,6.490728e-08,5.292539e-01,1.664612e-13,1.708585e-09,1.155847e+02,1.774204e+09,8.262191e-08,6.236213e-01,2.219432e-13,5.640218e-10,1.248663e+02,1.450066e+09,6.980905e-08,6.496920e-01,1.961972e-13,1.343608e-09,1.012687e+02,1.517513e+09,9.193880e-03,4.162531e-03,1.415986e-04,3.300921e-15
158,1.861324e-11,3.562573e-01,9.123809e-10,1.005281e-09,3.288630e-13,3.143278e-11,2.310854e-01,8.682444e-10,1.191643e-09,2.514358e-13,3.319635e-11,2.085207e-01,8.509093e-10,3.546046e-10,3.846622e-13,1.767064e-11,2.427103e-01,7.966117e-10,6.511506e-10,1.768457e-13,6.671968e-08,5.998881e-01,1.847094e-13,1.892990e-09,1.048226e+02,1.634659e+09,8.220339e-08,6.343054e-01,1.443161e-13,1.634464e-09,1.221413e+02,1.578141e+09,6.474960e-08,5.139747e-01,1.521254e-13,1.163753e-09,1.187316e+02,1.836218e+09,7.601073e-03,2.610618e-04,1.036200e-03,2.510809e-15
159,1.728719e-11,3.579142e-01,1.000617e-09,5.052097e-10,4.149978e-13,3.439428e-11,3.745562e-01,1.185894e-09,7.656180e-10,4.830652e-13,3.189051e-11,2.381889e-01,7.955679e-10,1.282530e-09,2.433573e-13,1.866403e-11,2.258430e-01,7.738452e-10,9.363726e-10,4.875969e-13,6.824732e-08,6.250272e-01,1.730072e-13,7.549042e-10,1.029101e+02,1.941964e+09,8.001717e-08,7.290645e-01,1.859775e-13,9.677791e-10,1.034400e+02,1.612129e+09,7.029692e-08,5.865901e-01,1.415126e-13,1.884904e-09,1.129465e+02,1.936292e+09,3.265793e-03,2.983196e-03,7.010637e-04,1.927948e-15
160,1.798910e-11,1.375993e-01,1.149906e-09,1.043180e-09,4.793487e-13,3.210742e-11,3.347665e-01,1.093357e-09,8.016108e-10,2.416369e-13,3.412073e-11,1.440904e-01,1.157393e-09,9.169991e-10,2.119166e-13,1.763018e-11,2.989515e-01,6.885521e-10,1.113090e-09,5.199013e-13,6.651469e-08,6.255662e-01,2.086541e-13,1.640117e-09,1.002110e+02,1.539049e+09,8.382314e-08,6.526989e-01,1.417596e-13,1.154611e-09,1.210381e+02,1.627623e+09,6.801175e-08,5.545461e-01,1.331088e-13,7.711704e-10,1.155893e+02,1.838537e+09,7.043163e-04,4.066352e-03,1.960032e-03,4.910671e-15
161,1.734962e-11,1.825504e-01,7.470489e-10,1.257221e-09,4.458229e-13,3.284044e-11,1.863310e-01,9.750807e-10,7.031706e-10,5.180741e-13,3.170464e-11,2.111440e-01,9.591909e-10,1.030987e-09,2.075125e-13,1.775901e-11,1.399710e-01,8.288487e-10,1.026144e-09,3.256080e-13,7.092608e-08,6.240131e-01,1.977152e-13,8.225183e-10,1.071232e+02,1.539181e+09,8.398470e-08,7.506748e-01,1.640029e-13,1.847389e-09,1.054434e+02,1.512454e+09,7.060908e-08,5.709568e-01,1.994578e-13,1.299184e-09,1.165543e+02,1.719085e+09,9.440683e-03,5.289789e-03,7.154874e-04,3.053181e-15
162,1.755083e-11,1.443471e-01,1.157844e-09,7.599297e-10,4.284265e-13,3.184074e-11,2.290820e-01,9.121305e-10,5.252164e-10,2.604672e-13,3.441704e-11,3.131076e-01,1.175773e-09,9.357249e-10,3.289672e-13,1.880008e-11,2.919920e-01,1.111074e-09,6.465401e-10,3.042641e-13,6.817989e-08,5.227744e-01,1.872765e-13,9.185024e-10,1.229173e+02,1.729501e+09,8.158410e-08,6.654887e-01,1.595095e-13,9.584580e-10,1.155410e+02,1.568707e+09,6.794430e-08,5.746929e-01,2.007904e-13,5.744709e-10,1.114265e+02,1.678582e+09,7.109442e-03,5.298838e-03,7.193836e-04,4.347256e-15
163,1.850089e-11,2.640650e-01,9.461776e-10,1.231433e-09,3.555448e-13,3.337148e-11,2.540680e-01,6.757326e-10,1.158900e-09,2.163722e-13,3.292487e-11,3.414188e-01,6.212378e-10,9.496445e-10,1.729169e-13,1.888563e-11,1.841722e-01,8.466852e-10,4.672291e-10,3.218224e-13,6.669404e-08,5.405754e-01,2.060624e-13,1.650295e-09,1.162792e+02,1.651796e+09,8.114958e-08,7.544863e-01,1.612561e-13,1.946512e-09,1.013692e+02,1.525607e+09,7.020762e-08,5.228153e-01,1.621372e-13,8.989235e-10,1.265631e+02,1.819318e+09,2.933799e-03,8.267676e-03,2.954936e-03,8.665429e-16
164,1.742157e-11,1.051444e-01,9.984470e-10,7.883921e-10,2.681585e-13,3.267578e-11,2.142168e-01,7.062482e-10,4.861704e-10,2.275220e-13,3.351186e-11,3.499044e-01,9.105181e-10,6.982007e-10,4.630375e-13,1.805513e-11,2.357614e-01,1.099424e-09,4.265030e-10,5.171032e-13,6.718984e-08,5.887838e-01,1.290913e-13,1.005932e-09,1.075521e+02,1.911273e+09,7.822272e-08,7.105848e-01,2.108886e-13,1.358294e-09,1.037500e+02,1.453962e+09,6.977547e-08,5.399363e-01,1.773550e-13,1.881782e-09,1.217955e+02,1.663377e+09,1.019932e-03,4.205234e-03,6.533436e-04,2.658189e-15
165,1.858841e-11,3.126084e-01,1.005199e-09,9.336986e-10,2.593629e-13,3.262007e-11,3.781169e-01,6.339659e-10,9.326513e-10,2.456998e-13,3.460866e-11,2.316764e-01,1.021860e-09,7.025253e-10,1.781076e-13,1.781883e-11,3.474535e-01,1.088128e-09,9.642610e-10,3.509122e-13,7.130932e-08,6.326743e-01,1.831509e-13,5.066476e-10,1.062276e+02,1.534974e+09,8.128952e-08,7.509354e-01,1.990522e-13,1.682146e-09,1.020242e+02,1.505319e+09,6.887540e-08,6.132039e-01,1.554501e-13,1.814224e-09,1.058596e+02,1.808121e+09,5.531556e-03,7.886471e-03,1.368613e-03,3.825135e-15
166,1.777535e-11,2.626877e-01,7.488219e-10,8.433096e-10,3.234388e-13,3.453264e-11,3.981571e-01,6.888294e-10,7.595287e-10,1.819337e-13,3.148116e-11,2.535473e-01,9.050916e-10,1.197843e-09,2.464139e-13,1.756075e-11,1.865869e-01,1.193481e-09,3.535707e-10,1.694938e-13,6.692514e-08,5.224796e-01,2.100106e-13,6.367227e-10,1.207233e+02,1.530784e+09,7.869365e-08,6.273413e-01,1.789524e-13,1.070776e-09,1.182243e+02,1.655801e+09,6.955953e-08,6.054028e-01,2.250862e-13,8.811302e-10,1.082888e+02,1.583150e+09,9.441438e-03,8.361256e-03,4.889617e-04,3.997436e-15
167,1.814209e-11,1.028186e-01,1.098191e-09,3.490492e-10,2.600388e-13,3.210400e-11,3.204910e-01,6.602875e-10,7.710495e-10,1.712192e-13,3.445348e-11,2.522370e-01,7.589503e-10,8.052692e-10,3.969233e-13,1.841696e-11,3.019047e-01,7.268937e-10,6.265117e-10,2.930979e-13,6.634803e-08,4.932315e-01,2.075892e-13,1.099606e-09,1.267793e+02,1.558340e+09,8.157181e-08,7.427977e-01,1.829628e-13,7.646420e-10,1.035001e+02,1.600536e+09,7.033702e-08,5.840525e-01,1.699099e-13,1.257472e-09,1.135019e+02,1.936897e+09,5.146569e-03,2.216252e-03,9.826709e-04,1.104431e-15
168,1.752156e-11,3.784271e-01,8.401068e-10,1.277119e-09,2.381446e-13,3.187426e-11,1.854744e-01,8.674676e-10,6.033260e-10,2.369529e-13,3.389384e-11,1.973260e-01,8.302157e-10,3.751056e-10,3.720328e-13,1.740585e-11,1.363356e-01,9.844546e-10,6.997121e-10,2.551504e-13,6.478550e-08,5.590436e-01,1.624286e-13,1.773053e-09,1.092203e+02,1.844711e+09,8.136906e-08,6.518820e-01,2.338103e-13,8.369739e-10,1.176417e+02,1.333163e+09,6.898915e-08,6.322505e-01,1.532922e-13,1.336839e-09,1.028402e+02,1.928825e+09,6.090182e-03,3.582037e-03,2.030143e-03,3.513647e-15
169,1.775916e-11,3.482554e-01,1.171203e-09,1.006235e-09,3.842429e-13,3.336673e-11,3.154810e-01,6.594965e-10,4.164097e-10,2.252260e-13,3.313380e-11,1.965977e-01,6.668670e-10,9.181685e-10,4.771553e-13,1.769855e-11,2.412608e-01,7.730033e-10,9.971383e-10,1.912332e-13,6.724155e-08,5.110770e-01,1.999926e-13,1.628620e-09,1.240002e+02,1.769264e+09,7.848368e-08,6.625420e-01,1.703024e-13,5.842433e-10,1.116444e+02,1.495923e+09,6.605830e-08,5.597786e-01,1.796509e-13,1.291445e-09,1.112198e+02,1.721380e+09,3.942277e-03,7.464247e-03,2.211605e-03,2.227672e-15
170,1.868728e-11,1.981906e-01,1.009496e-09,7.297602e-10,5.017867e-13,3.327653e-11,1.305644e-01,1.055336e-09,8.818073e-10,2.673462e-13,3.241259e-11,1.762707e-01,9.690826e-10,6.830561e-10,3.567483e-13,1.828378e-11,1.335494e-01,9.904455e-10,8.264672e-10,4.319366e-13,6.726867e-08,6.001264e-01,1.657335e-13,6.771447e-10,1.056431e+02,1.844519e+09,8.365710e-08,6.132119e-01,1.978223e-13,1.698604e-09,1.285770e+02,1.408603e+09,7.069913e-08,5.576484e-01,1.515266e-13,1.597578e-09,1.194881e+02,1.875785e+09,6.362129e-03,4.816355e-03,2.080737e-03,9.671437e-16
171,1.782498e-11,1.479190e-01,8.843552e-10,7.947240e-10,3.326872e-13,3.250621e-11,3.567261e-01,8.682986e-10,4.056089e-10,2.210154e-13,3.454456e-11,1.400476e-01,8.439854e-10,7.292143e-10,4.772736e-13,1.764164e-11,1.112003e-01,8.773074e-10,7.637671e-10,1.891413e-13,6.568093e-08,5.108870e-01,1.906552e-13,6.197144e-10,1.211673e+02,1.619790e+09,8.393069e-08,7.769557e-01,1.503291e-13,1.178894e-09,1.018112e+02,1.565398e+09,6.569336e-08,6.071711e-01,1.919592e-13,5.986410e-10,1.019721e+02,1.500749e+09,3.103623e-03,6.108235e-03,9.461903e-04,4.966057e-15
172,1.713976e-11,1.463079e-01,9.419145e-10,1.021668e-09,2.535174e-13,3.301471e-11,1.313406e-01,9.673256e-10,6.619746e-10,2.065908e-13,3.197993e-11,3.664406e-01,1.023898e-09,5.538145e-10,2.461871e-13,1.815336e-11,2.358097e-01,6.704585e-10,1.105183e-09,2.810340e-13,6.970639e-08,6.142406e-01,1.535956e-13,1.708340e-09,1.069560e+02,1.808173e+09,8.421444e-08,7.591465e-01,1.789140e-13,1.076717e-09,1.045519e+02,1.667762e+09,6.900690e-08,6.158550e-01,1.751431e-13,1.907402e-09,1.056052e+02,1.896999e+09,6.108112e-03,2.213194e-04,1.004472e-03,5.455667e-16
173,1.821848e-11,3.412882e-01,7.247057e-10,7.905382e-10,5.140162e-13,3.254886e-11,1.511440e-01,9.316304e-10,8.225049e-10,4.204590e-13,3.254221e-11,1.090736e-01,9.574983e-10,9.062068e-10,4.259804e-13,1.777288e-11,1.082977e-01,1.192606e-09,1.098525e-09,2.420637e-13,6.614142e-08,5.793032e-01,1.569329e-13,1.018810e-09,1.076065e+02,1.854750e+09,8.344582e-08,6.874167e-01,1.689644e-13,8.346965e-10,1.144078e+02,1.518529e+09,6.504573e-08,6.109413e-01,1.723726e-13,1.547385e-09,1.003438e+02,1.769639e+09,8.351144e-03,8.157624e-03,1.450280e-04,1.445273e-15
174,1.782643e-11,2.728682e-01,7.888628e-10,5.708693e-10,4.881232e-13,3.237326e-11,1.569787e-01,7.355631e-10,4.129617e-10,4.027467e-13,3.251809e-11,3.578533e-01,6.530428e-10,3.823358e-10,4.234222e-13,1.787776e-11,2.356500e-01,1.052749e-09,4.126094e-10,3.083193e-13,7.017321e-08,5.352543e-01,1.651588e-13,1.195180e-09,1.235613e+02,1.876328e+09,7.812487e-08,5.905766e-01,2.209674e-13,5.310911e-10,1.246764e+02,1.411232e+09,6.620649e-08,5.678676e-01,2.312893e-13,8.046744e-10,1.098815e+02,1.585031e+09,3.186060e-03,3.401785e-03,2.140132e-03,1.584071e-15
175,1.834916e-11,2.598659e-01,6.389765e-10,4.782782e-10,2.972746e-13,3.241283e-11,3.949959e-01,9.806411e-10,4.824009e-10,4.176358e-13,3.220378e-11,3.745733e-01,7.422468e-10,5.880049e-10,1.838176e-13,1.783477e-11,1.378591e-01,7.140791e-10,1.279855e-09,3.481266e-13,6.962576e-08,5.765560e-01,2.121031e-13,1.290181e-09,1.138150e+02,1.620190e+09,7.986664e-08,7.428241e-01,2.045323e-13,1.011800e-09,1.013329e+02,1.325204e+09,6.868766e-08,5.566918e-01,2.176844e-13,1.293568e-09,1.162880e+02,1.630297e+09,8.757855e-03,8.372239e-03,6.177424e-04,3.403449e-15
176,1.881120e-11,3.015636e-01,1.017874e-09,1.062746e-09,3.857670e-13,3.220030e-11,3.447297e-01,7.210709e-10,8.583689e-10,3.948993e-13,3.304865e-11,2.491932e-01,8.490792e-10,5.799728e-10,2.330181e-13,1.784657e-11,1.831017e-01,9.549848e-10,5.293712e-10,3.653563e-13,7.105333e-08,6.256774e-01,1.922869e-13,1.277195e-09,1.070299e+02,1.752620e+09,8.275272e-08,7.201734e-01,2.210556e-13,1.480052e-09,1.082970e+02,1.321314e+09,7.139661e-08,6.673199e-01,1.811513e-13,1.904697e-09,1.008358e+02,1.829080e+09,7.314261e-03,7.787227e-03,2.543826e-03,5.397760e-16
177,1.737305e-11,3.249716e-01,7.135732e-10,7.134584e-10,2.666140e-13,3.434388e-11,1.769142e-01,1.156177e-09,7.329875e-10,4.871101e-13,3.207829e-11,1.604753e-01,6.552128e-10,5.258133e-10,2.998491e-13,1.816124e-11,2.618853e-01,1.184933e-09,4.789304e-10,4.492898e-13,6.616941e-08,5.381097e-01,1.939006e-13,1.565541e-09,1.158931e+02,1.794769e+09,8.423610e-08,6.334667e-01,1.765356e-13,9.796733e-10,1.253273e+02,1.606876e+09,7.075832e-08,5.140252e-01,1.967193e-13,1.317580e-09,1.297371e+02,1.698063e+09,9.730821e-04,8.170041e-03,1.846615e-03,5.741840e-16
178,1.809482e-11,2.435397e-01,9.980266e-10,1.037099e-09,3.290376e-13,3.287818e-11,1.908005e-01,7.563289e-10,1.177963e-09,5.236289e-13,3.244226e-11,1.181201e-01,6.918774e-10,1.258404e-09,3.456700e-13,1.777868e-11,3.041364e-01,6.609320e-10,1.056217e-09,2.193430e-13,6.981527e-08,5.353773e-01,1.308630e-13,1.069980e-09,1.229027e+02,1.887447e+09,8.362739e-08,6.950394e-01,2.132308e-13,7.590533e-10,1.133993e+02,1.417274e+09,6.832842e-08,5.084170e-01,1.676091e-13,1.952282e-09,1.266638e+02,1.723167e+09,9.293619e-03,4.511421e-03,1.504922e-03,2.197260e-15
179,1.820230e-11,1.174321e-01,1.100631e-09,3.665627e-10,2.418349e-13,3.315452e-11,3.404331e-01,8.907044e-10,7.198833e-10,5.175211e-13,3.136941e-11,2.519119e-01,1.046693e-09,4.719313e-10,4.591131e-13,1.741580e-11,2.979414e-01,1.074669e-09,1.171347e-09,4.254864e-13,6.602254e-08,5.510901e-01,1.369401e-13,1.790153e-09,1.129122e+02,1.861674e+09,8.179605e-08,5.961802e-01,2.179021e-13,1.348193e-09,1.293082e+02,1.364501e+09,6.740078e-08,5.000520e-01,1.464272e-13,5.960199e-10,1.270343e+02,1.904923e+09,5.141690e-03,6.603363e-03,4.657130e-04,2.080985e-15
180,1.740274e-11,2.709961e-01,8.827844e-10,7.792383e-10,2.388381e-13,3.195233e-11,3.766452e-01,1.102667e-09,4.772527e-10,2.211448e-13,3.269738e-11,3.533952e-01,1.016082e-09,5.827162e-10,2.940944e-13,1.757619e-11,1.461738e-01,7.736986e-10,7.547881e-10,3.128024e-13,7.054686e-08,5.744137e-01,1.237686e-13,1.972579e-09,1.157508e+02,1.883449e+09,7.989812e-08,7.311067e-01,1.819922e-13,1.327562e-09,1.029975e+02,1.495250e+09,6.776812e-08,6.249465e-01,1.971653e-13,8.825328e-10,1.022007e+02,1.508380e+09,4.948516e-03,8.310276e-03,1.898003e-03,4.611706e-15
181,1.862642e-11,3.935221e-01,7.848993e-10,1.090521e-09,3.064236e-13,3.281623e-11,3.489396e-01,1.115959e-09,4.952230e-10,4.791002e-13,3.461494e-11,1.050618e-01,6.519400e-10,7.183827e-10,2.204365e-13,1.763014e-11,2.366427e-01,6.540966e-10,3.367600e-10,1.912571e-13,6.941450e-08,5.626915e-01,1.690506e-13,1.857696e-09,1.162655e+02,1.825405e+09,8.252973e-08,7.660702e-01,2.063743e-13,6.992094e-10,1.015344e+02,1.472479e+09,7.015087e-08,5.214734e-01,1.913000e-13,6.024311e-10,1.267862e+02,1.621506e+09,7.107239e-03,2.966817e-03,4.605149e-04,1.949163e-15
182,1.761864e-11,1.894490e-01,1.188952e-09,9.983246e-10,3.606331e-13,3.219721e-11,3.171308e-01,9.345272e-10,5.872403e-10,5.103429e-13,3.153843e-11,2.716375e-01,6.195590e-10,1.093789e-09,2.539144e-13,1.831237e-11,2.923445e-01,7.327343e-10,9.407115e-10,2.364048e-13,6.831145e-08,5.616240e-01,1.788466e-13,5.614094e-10,1.146354e+02,1.784559e+09,8.062014e-08,6.101567e-01,2.130964e-13,1.214667e-09,1.245298e+02,1.368245e+09,6.540299e-08,5.260657e-01,1.622748e-13,1.741596e-09,1.171733e+02,1.692347e+09,2.675607e-03,9.743705e-03,2.527807e-04,2.354852e-15
183,1.812737e-11,2.702836e-01,1.137645e-09,3.331788e-10,1.726761e-13,3.413990e-11,1.485854e-01,7.611996e-10,6.443699e-10,2.540643e-13,3.292289e-11,1.354631e-01,9.949226e-10,5.865497e-10,5.293818e-13,1.716283e-11,1.160524e-01,1.117700e-09,8.712788e-10,3.015546e-13,6.705286e-08,4.963177e-01,1.756996e-13,1.281064e-09,1.273294e+02,1.679078e+09,7.907587e-08,6.231870e-01,2.096700e-13,1.294693e-09,1.195905e+02,1.361183e+09,6.694485e-08,5.956748e-01,2.091548e-13,1.513993e-09,1.059203e+02,1.677894e+09,1.500028e-03,7.820542e-03,8.857398e-04,6.750072e-16
184,1.724409e-11,1.605486e-01,9.583977e-10,1.017049e-09,4.913370e-13,3.151626e-11,3.927458e-01,9.471877e-10,9.024363e-10,2.394583e-13,3.371939e-11,1.633184e-01,9.907539e-10,8.043643e-10,4.580639e-13,1.849500e-11,1.979177e-01,7.637908e-10,6.516551e-10,2.565085e-13,6.725027e-08,5.009301e-01,1.974432e-13,1.301795e-09,1.265284e+02,1.779491e+09,8.083423e-08,6.979644e-01,2.320503e-13,7.316451e-10,1.091524e+02,1.427915e+09,6.608887e-08,4.873709e-01,1.901182e-13,8.393682e-10,1.278026e+02,1.594311e+09,6.739210e-03,8.122072e-03,9.202939e-04,1.396755e-15
185,1.822962e-11,1.592117e-01,6.467442e-10,1.194061e-09,2.882112e-13,3.408350e-11,1.547497e-01,1.184667e-09,1.185687e-09,3.542830e-13,3.383052e-11,2.388876e-01,1.084346e-09,1.062745e-09,3.036482e-13,1.784284e-11,3.728405e-01,8.633680e-10,5.609491e-10,3.982680e-13,6.963700e-08,6.318047e-01,2.073551e-13,9.199058e-10,1.038791e+02,1.510574e+09,8.161199e-08,6.060086e-01,2.017734e-13,1.568650e-09,1.269247e+02,1.337473e+09,6.470805e-08,5.383539e-01,1.813070e-13,1.405498e-09,1.132822e+02,1.871416e+09,4.207267e-03,3.950801e-03,4.541152e-04,4.871708e-15
186,1.850103e-11,3.501735e-01,8.747421e-10,7.837516e-10,5.271018e-13,3.357781e-11,3.679165e-01,1.026295e-09,2.977846e-10,2.160192e-13,3.300249e-11,1.445164e-01,9.772127e-10,4.515333e-10,3.264606e-13,1.762677e-11,2.464989e-01,7.046222e-10,9.913320e-10,2.032747e-13,6.478727e-08,5.099152e-01,1.708840e-13,1.662019e-09,1.197465e+02,1.726803e+09,8.449805e-08,6.688932e-01,1.837877e-13,6.570236e-10,1.190587e+02,1.450540e+09,7.064203e-08,5.759941e-01,2.297267e-13,1.129912e-09,1.155889e+02,1.533885e+09,8.167608e-03,4.131315e-03,1.261392e-03,7.513642e-16
187,1.733747e-11,3.539560e-01,1.018292e-09,8.365507e-10,4.431510e-13,3.156411e-11,1.393281e-01,6.900125e-10,9.595616e-10,2.458043e-13,3.463443e-11,1.621090e-01,7.313191e-10,5.243300e-10,4.215897e-13,1.822195e-11,2.443584e-01,1.108845e-09,7.955103e-10,4.458046e-13,6.887225e-08,5.646574e-01,1.963400e-13,1.105922e-09,1.149557e+02,1.642384e+09,7.861278e-08,5.711863e-01,1.705082e-13,1.667444e-09,1.297139e+02,1.662601e+09,6.853088e-08,5.313890e-01,2.108713e-13,6.507283e-10,1.215472e+02,1.524350e+09,8.812778e-03,9.089189e-03,1.202993e-03,4.849231e-15
188,1.802734e-11,2.489998e-01,1.177837e-09,8.194680e-10,3.299891e-13,3.412697e-11,2.850718e-01,8.156664e-10,5.955694e-10,3.774501e-13,3.447693e-11,3.413604e-01,7.341502e-10,7.831663e-10,3.866318e-13,1.874964e-11,2.157700e-01,9.986129e-10,1.165253e-09,4.112456e-13,6.507373e-08,5.746285e-01,1.837613e-13,1.747938e-09,1.067308e+02,1.633304e+09,8.279192e-08,6.707224e-01,1.482014e-13,7.423252e-10,1.163366e+02,1.628982e+09,6.632714e-08,4.966533e-01,2.219264e-13,9.840030e-10,1.258662e+02,1.544995e+09,6.000264e-03,5.538302e-03,3.345080e-04,2.969071e-15
189,1.757417e-11,1.478397e-01,9.644456e-10,7.174255e-10,4.831008e-13,3.302267e-11,3.634030e-01,8.596716e-10,3.408504e-10,4.103703e-13,3.410321e-11,1.651870e-01,8.004223e-10,4.791030e-10,3.393579e-13,1.859918e-11,1.888988e-01,1.005857e-09,8.650050e-10,4.203524e-13,6.857725e-08,5.000214e-01,1.603839e-13,1.972184e-09,1.292595e+02,1.670751e+09,8.451059e-08,6.370025e-01,2.345676e-13,1.519301e-09,1.250378e+02,1.374177e+09,6.910067e-08,5.423929e-01,1.458716e-13,8.436558e-10,1.200713e+02,1.829917e+09,3.011566e-03,8.659035e-03,2.716185e-03,4.848706e-15
190,1.874852e-11,3.348682e-01,8.939911e-10,1.161253e-09,2.895843e-13,3.226654e-11,3.503217e-01,9.310578e-10,1.087973e-09,3.381106e-13,3.140725e-11,3.519091e-01,8.308998e-10,8.257693e-10,4.669719e-13,1.801879e-11,3.675230e-01,8.885761e-10,3.026969e-10,4.759535e-13,6.512792e-08,5.565665e-01,2.429873e-13,1.916759e-09,1.102862e+02,1.544557e+09,8.051125e-08,6.043790e-01,2.473588e-13,1.627473e-09,1.255505e+02,1.329045e+09,6.915009e-08,5.456171e-01,1.333689e-13,7.459505e-10,1.194472e+02,1.853681e+09,1.450428e-03,6.352690e-04,2.638183e-03,4.167386e-15
191,1.807873e-11,3.802290e-01,6.310658e-10,1.119624e-09,2.912942e-13,3.387682e-11,2.002443e-01,1.093388e-09,7.540557e-10,4.706202e-13,3.191135e-11,1.874158e-01,8.341138e-10,8.861727e-10,3.745893e-13,1.833468e-11,1.118823e-01,1.028634e-09,8.057104e-10,2.765382e-13,6.483746e-08,4.924173e-01,2.083994e-13,1.329949e-09,1.240977e+02,1.705054e+09,8.026331e-08,7.548010e-01,1.492357e-13,1.693853e-09,1.002203e+02,1.566606e+09,6.551518e-08,6.092058e-01,2.175552e-13,1.435925e-09,1.013559e+02,1.569318e+09,7.669240e-03,2.169062e-03,2.115642e-03,4.206969e-15
192,1.776594e-11,3.966467e-01,7.648600e-10,1.211997e-09,1.993351e-13,3.256498e-11,1.259228e-01,1.075133e-09,3.538180e-10,4.044323e-13,3.401502e-11,1.897253e-01,6.226026e-10,1.235615e-09,3.908080e-13,1.781053e-11,3.555861e-01,6.044350e-10,4.177255e-10,2.142024e-13,6.903589e-08,5.310489e-01,1.577115e-13,6.965045e-10,1.225213e+02,1.873766e+09,8.128038e-08,5.960133e-01,1.848780e-13,1.088844e-09,1.285289e+02,1.641631e+09,6.827447e-08,5.503820e-01,1.594711e-13,1.222470e-09,1.169137e+02,1.942257e+09,2.620964e-03,2.215608e-03,3.385404e-04,3.340344e-15
193,1.872803e-11,1.346778e-01,8.995647e-10,1.254045e-09,4.408722e-13,3.393456e-11,3.236672e-01,1.072814e-09,1.224688e-09,2.072260e-13,3.270381e-11,3.245072e-01,8.049772e-10,1.120561e-09,2.327574e-13,1.715682e-11,3.411481e-01,1.057484e-09,5.630799e-10,5.060132e-13,6.952932e-08,5.609175e-01,1.873279e-13,1.366859e-09,1.168262e+02,1.532905e+09,8.483024e-08,7.461958e-01,1.460067e-13,1.436683e-09,1.071443e+02,1.585236e+09,7.033757e-08,5.391184e-01,2.327893e-13,5.969771e-10,1.229630e+02,1.514999e+09,2.474795e-03,2.195197e-03,1.032420e-03,2.974491e-15
194,1.730655e-11,1.318255e-01,8.170224e-10,3.119769e-10,1.846609e-13,3.389771e-11,1.850023e-01,9.070814e-10,4.319391e-10,3.848428e-13,3.266593e-11,1.356949e-01,1.160497e-09,8.870316e-10,2.510184e-13,1.809834e-11,2.899181e-01,8.438105e-10,3.717460e-10,4.986890e-13,6.857078e-08,5.247217e-01,1.717885e-13,1.659185e-09,1.231633e+02,1.678540e+09,7.811399e-08,6.318812e-01,1.731659e-13,1.591346e-09,1.165103e+02,1.492575e+09,6.936780e-08,6.159089e-01,1.532164e-13,6.480681e-10,1.061482e+02,1.676398e+09,1.274381e-03,4.796737e-03,7.904850e-04,1.633997e-15
195,1.827344e-11,3.564992e-01,9.902519e-10,1.122745e-09,3.926626e-13,3.327528e-11,2.473603e-01,9.500723e-10,1.019991e-09,3.824010e-13,3.166306e-11,3.581627e-01,7.331593e-10,3.302906e-10,4.149177e-13,1.771439e-11,3.156521e-01,1.087485e-09,8.029290e-10,3.190832e-13,6.786162e-08,5.618157e-01,2.386062e-13,1.248101e-09,1.138417e+02,1.527836e+09,8.509044e-08,7.227876e-01,2.060916e-13,1.954438e-09,1.109536e+02,1.454818e+09,6.823391e-08,6.205020e-01,1.831796e-13,1.373279e-09,1.036402e+02,1.614577e+09,9.213880e-03,3.854625e-04,2.337337e-03,2.184242e-15
196,1.786780e-11,2.380152e-01,1.066584e-09,1.190434e-09,3.395407e-13,3.254886e-11,3.950349e-01,8.426457e-10,5.707333e-10,3.788633e-13,3.287648e-11,1.492772e-01,1.083666e-09,9.600231e-10,2.202289e-13,1.826466e-11,2.397108e-01,6.555833e-10,9.727365e-10,2.403010e-13,6.733255e-08,5.705057e-01,1.853073e-13,5.638106e-10,1.112336e+02,1.570488e+09,8.371427e-08,6.368701e-01,1.583705e-13,1.295736e-09,1.238853e+02,1.545800e+09,6.648226e-08,5.294022e-01,1.658616e-13,1.297083e-09,1.183562e+02,1.756252e+09,5.414446e-04,7.764851e-03,1.712571e-03,4.329859e-15
197,1.842897e-11,1.853771e-01,7.884101e-10,1.205191e-09,2.647127e-13,3.203105e-11,1.661153e-01,1.027068e-09,1.250478e-09,3.504021e-13,3.242784e-11,1.408910e-01,8.780761e-10,8.111267e-10,3.013650e-13,1.829176e-11,1.352783e-01,9.104652e-10,1.151091e-09,4.286622e-13,6.841863e-08,4.993744e-01,1.601165e-13,8.038201e-10,1.291276e+02,1.696276e+09,8.039151e-08,5.831404e-01,1.687101e-13,7.687336e-10,1.299296e+02,1.625026e+09,6.758993e-08,5.772326e-01,1.617042e-13,1.112092e-09,1.103576e+02,1.706907e+09,8.500277e-03,8.183288e-03,1.759821e-03,3.124505e-15
198,1.847765e-11,1.813718e-01,7.816737e-10,1.027249e-09,4.475050e-13,3.206107e-11,1.501187e-01,9.496837e-10,1.110968e-09,4.787915e-13,3.380322e-11,1.093995e-01,1.150693e-09,3.322034e-10,3.273530e-13,1.778646e-11,3.758625e-01,1.058449e-09,1.127540e-09,2.648594e-13,6.922190e-08,5.920497e-01,1.474750e-13,1.393756e-09,1.101936e+02,1.917108e+09,8.389591e-08,7.710496e-01,1.609403e-13,8.425676e-10,1.025486e+02,1.505219e+09,7.112918e-08,5.629221e-01,1.259278e-13,8.277379e-10,1.190887e+02,1.838374e+09,8.395087e-03,1.326783e-03,4.120901e-04,2.630066e-15
199,1.750879e-11,2.663840e-01,9.518241e-10,5.913446e-10,4.843798e-13,3.461063e-11,2.356924e-01,7.867845e-10,2.851183e-10,4.911000e-13,3.279772e-11,2.716148e-01,9.019637e-10,3.928328e-10,3.746005e-13,1.718715e-11,1.215650e-01,8.686038e-10,6.272896e-10,4.070368e-13,6.771035e-08,6.303125e-01,2.036056e-13,1.971535e-09,1.012442e+02,1.605826e+09,8.587090e-08,7.296765e-01,2.063590e-13,1.676352e-09,1.109141e+02,1.344433e+09,6.924775e-08,5.489114e-01,1.678439e-13,1.397006e-09,1.188980e+02,1.582183e+09,1.493954e-04,8.582391e-03,4.706316e-04,1.713006e-15
200,1.806515e-11,2.581529e-01,1.039447e-09,1.231687e-09,4.432311e-13,3.296690e-11,1.711166e-01,6.778364e-10,1.134053e-09,3.447814e-13,3.263119e-11,1.784632e-01,1.020205e-09,1.095499e-09,4.510486e-13,1.792236e-11,1.030335e-01,7.696275e-10,8.690075e-10,4.657613e-13,6.500227e-08,5.152265e-01,1.894178e-13,5.483137e-10,1.189054e+02,1.783654e+09,7.975610e-08,7.408673e-01,2.382540e-13,5.433914e-10,1.014599e+02,1.387159e+09,6.853745e-08,6.138692e-01,2.064563e-13,1.325453e-09,1.052260e+02,1.545950e+09,8.496317e-03,9.625230e-03,1.989753e-03,4.518898e-15
201,1.734458e-11,2.786679e-01,6.209696e-10,7.008263e-10,4.272268e-13,3.432891e-11,1.732103e-01,8.759304e-10,3.337394e-10,5.119892e-13,3.385897e-11,1.632720e-01,6.670690e-10,4.671818e-10,4.736127e-13,1.760256e-11,1.169025e-01,1.013580e-09,1.234962e-09,2.401502e-13,6.845086e-08,6.018989e-01,1.527166e-13,1.581258e-09,1.071831e+02,1.792364e+09,8.557195e-08,6.394177e-01,2.180853e-13,1.634244e-09,1.261299e+02,1.347151e+09,6.503771e-08,4.871793e-01,2.073052e-13,1.907386e-09,1.258194e+02,1.511795e+09,5.665526e-03,8.879896e-03,2.227799e-03,4.179895e-15
202,1.727456e-11,3.883626e-01,1.138727e-09,1.114331e-09,5.133805e-13,3.226480e-11,1.507488e-01,1.140615e-09,4.978954e-10,4.930944e-13,3.404987e-11,2.080224e-01,1.146800e-09,9.364571e-10,4.856580e-13,1.789691e-11,2.807454e-01,8.176359e-10,4.559797e-10,1.739013e-13,6.511090e-08,5.197746e-01,1.420139e-13,1.000427e-09,1.180619e+02,1.897017e+09,8.499826e-08,6.420258e-01,1.705554e-13,1.341434e-09,1.247753e+02,1.624561e+09,6.460569e-08,5.087032e-01,2.071894e-13,1.640084e-09,1.196954e+02,1.592631e+09,7.706793e-04,8.411471e-03,6.287251e-04,4.409034e-15
203,1.750206e-11,2.827429e-01,1.032445e-09,3.501824e-10,3.683702e-13,3.336160e-11,3.181875e-01,6.073658e-10,6.566901e-10,3.421041e-13,3.202588e-11,2.665079e-01,7.991708e-10,7.749815e-10,4.106701e-13,1.747538e-11,1.111449e-01,6.657514e-10,8.085872e-10,2.449303e-13,6.879497e-08,5.724947e-01,2.012684e-13,1.918130e-09,1.132547e+02,1.718878e+09,8.098123e-08,5.993873e-01,1.525233e-13,7.869209e-10,1.273351e+02,1.675379e+09,6.547629e-08,5.875856e-01,2.207686e-13,9.587288e-10,1.050229e+02,1.548194e+09,9.787195e-03,9.437590e-03,4.212187e-04,1.388504e-15
204,1.762775e-11,1.357027e-01,7.901641e-10,2.965868e-10,2.323902e-13,3.278052e-11,2.059641e-01,1.004432e-09,1.012924e-09,4.106275e-13,3.380257e-11,3.747015e-01,8.218670e-10,1.013365e-09,4.053514e-13,1.792942e-11,2.522421e-01,7.027432e-10,4.680740e-10,2.362114e-13,6.826246e-08,5.394592e-01,1.993215e-13,1.053688e-09,1.192599e+02,1.513299e+09,8.144576e-08,7.430332e-01,1.899298e-13,5.358053e-10,1.033074e+02,1.647352e+09,6.794164e-08,5.119089e-01,1.707765e-13,1.993129e-09,1.250876e+02,1.584099e+09,6.327326e-03,6.017286e-03,2.264267e-03,1.931605e-15
205,1.824558e-11,2.098042e-01,9.007685e-10,7.387980e-10,3.634530e-13,3.403140e-11,1.766935e-01,9.768766e-10,3.789741e-10,3.792196e-13,3.215204e-11,2.045099e-01,1.121684e-09,7.701388e-10,2.116012e-13,1.759607e-11,2.342309e-01,6.274501e-10,5.290207e-10,4.621742e-13,6.554208e-08,5.117823e-01,1.965534e-13,1.871322e-09,1.206997e+02,1.696695e+09,8.251257e-08,6.657918e-01,1.848234e-13,1.488555e-09,1.168027e+02,1.443919e+09,6.908633e-08,6.208416e-01,1.311649e-13,1.087370e-09,1.048775e+02,1.887527e+09,7.778875e-03,2.891027e-03,6.307035e-04,5.766971e-16
206,1.876127e-11,1.349744e-01,9.715869e-10,6.407730e-10,2.258674e-13,3.242834e-11,1.594246e-01,1.012563e-09,1.097108e-09,1.862687e-13,3.375001e-11,2.135115e-01,1.184609e-09,6.555917e-10,1.724402e-13,1.804546e-11,3.866781e-01,9.089292e-10,4.196787e-10,3.104484e-13,7.039209e-08,6.542980e-01,1.830015e-13,8.064381e-10,1.013957e+02,1.654206e+09,8.472465e-08,7.586544e-01,1.840970e-13,1.153827e-09,1.052536e+02,1.578493e+09,6.903345e-08,5.825126e-01,1.800502e-13,1.216753e-09,1.116929e+02,1.873930e+09,6.543895e-03,9.137865e-04,3.078923e-04,2.165981e-15
207,1.757459e-11,2.730526e-01,1.146490e-09,9.988795e-10,4.305655e-13,3.425076e-11,3.624615e-01,9.533780e-10,4.396551e-10,4.383168e-13,3.168720e-11,1.318366e-01,6.685149e-10,1.111760e-09,2.900540e-13,1.837920e-11,2.218755e-01,6.729144e-10,8.071253e-10,2.098047e-13,6.638058e-08,6.123011e-01,1.882719e-13,9.548710e-10,1.021756e+02,1.584299e+09,7.957749e-08,6.653024e-01,1.832143e-13,1.525141e-09,1.127307e+02,1.656208e+09,6.830250e-08,4.998382e-01,2.047819e-13,6.694639e-10,1.287889e+02,1.707264e+09,3.209875e-03,6.411153e-03,1.524139e-03,1.878886e-15
208,1.710012e-11,1.021173e-01,7.187072e-10,8.296138e-10,4.295324e-13,3.202934e-11,3.990189e-01,6.148985e-10,5.613164e-10,3.386867e-13,3.239745e-11,2.116616e-01,7.159251e-10,7.220309e-10,4.007956e-13,1.816242e-11,2.638410e-01,1.191698e-09,1.102919e-09,4.287810e-13,6.592265e-08,4.877056e-01,1.721117e-13,1.339538e-09,1.273937e+02,1.751359e+09,7.817751e-08,7.001518e-01,1.544252e-13,1.638328e-09,1.052351e+02,1.585833e+09,6.864668e-08,6.089080e-01,2.310760e-13,5.277414e-10,1.062525e+02,1.537134e+09,3.190557e-03,4.202786e-03,1.572176e-03,4.245563e-15
209,1.879067e-11,1.648218e-01,7.873866e-10,4.420150e-10,2.564684e-13,3.259209e-11,1.117081e-01,8.136486e-10,5.410058e-10,4.969373e-13,3.215495e-11,1.936863e-01,9.325707e-10,3.038655e-10,4.515443e-13,1.839482e-11,1.401109e-01,6.603773e-10,1.152188e-09,4.393837e-13,7.017948e-08,5.878097e-01,1.610902e-13,8.447101e-10,1.125238e+02,1.697304e+09,8.266940e-08,6.904639e-01,1.507484e-13,1.727552e-09,1.128431e+02,1.543295e+09,6.544984e-08,4.769599e-01,2.064962e-13,1.154413e-09,1.293296e+02,1.549935e+09,9.745195e-03,6.735461e-03,1.465366e-03,3.281841e-15
210,1.711070e-11,3.772449e-01,6.739518e-10,8.760927e-10,2.687072e-13,3.228113e-11,1.526452e-01,6.619587e-10,9.470201e-10,4.749975e-13,3.400463e-11,2.507167e-01,7.021278e-10,9.370701e-10,3.206041e-13,1.727748e-11,1.423126e-01,9.892168e-10,5.388197e-10,3.222342e-13,6.578080e-08,5.061164e-01,1.684453e-13,1.630691e-09,1.224954e+02,1.829405e+09,7.905214e-08,5.854596e-01,1.658431e-13,1.621863e-09,1.272588e+02,1.484879e+09,7.000270e-08,5.175001e-01,2.045710e-13,1.355059e-09,1.274898e+02,1.527650e+09,3.191322e-03,9.290444e-03,2.547093e-03,3.664173e-15
211,1.779454e-11,2.551224e-01,7.601264e-10,7.944742e-10,4.612765e-13,3.224904e-11,3.889754e-01,6.184542e-10,5.871356e-10,4.527469e-13,3.449726e-11,1.390245e-01,8.392397e-10,5.051416e-10,2.489403e-13,1.877977e-11,3.367985e-01,1.164057e-09,3.231367e-10,5.254284e-13,6.773287e-08,6.330413e-01,2.078131e-13,1.276388e-09,1.008413e+02,1.532179e+09,8.222790e-08,6.173194e-01,2.035412e-13,8.994218e-10,1.255395e+02,1.305275e+09,6.924276e-08,6.249946e-01,1.630809e-13,1.473715e-09,1.044165e+02,1.656515e+09,5.997632e-03,8.805685e-03,2.264241e-03,9.317805e-16
212,1.798905e-11,3.512423e-01,8.693312e-10,7.037126e-10,5.000951e-13,3.351131e-11,2.276584e-01,9.571718e-10,5.099969e-10,3.808582e-13,3.412058e-11,2.138477e-01,8.246235e-10,6.732688e-10,3.496345e-13,1.823758e-11,2.239775e-01,8.710004e-10,3.884750e-10,4.953076e-13,6.901936e-08,6.419906e-01,2.016915e-13,1.444032e-09,1.013243e+02,1.688307e+09,8.054436e-08,5.885398e-01,1.706720e-13,8.190776e-10,1.289824e+02,1.557926e+09,6.539312e-08,6.120814e-01,1.574131e-13,1.111550e-09,1.006918e+02,1.696330e+09,6.562449e-03,3.266703e-03,8.216320e-04,1.123589e-15
213,1.742551e-11,3.738392e-01,1.117004e-09,1.165565e-09,2.964749e-13,3.376703e-11,1.722147e-01,1.101054e-09,1.031601e-09,3.757532e-13,3.193785e-11,1.988222e-01,8.017456e-10,3.386235e-10,4.380739e-13,1.713727e-11,1.137159e-01,7.103348e-10,6.176664e-10,4.681954e-13,6.958241e-08,6.278587e-01,1.502277e-13,1.468779e-09,1.044501e+02,1.745077e+09,7.796513e-08,7.128830e-01,1.663314e-13,8.259644e-10,1.030750e+02,1.526286e+09,6.605897e-08,4.908013e-01,1.623207e-13,6.548846e-10,1.268520e+02,1.891207e+09,2.943482e-03,9.900876e-03,2.529967e-03,3.916122e-15
214,1.877820e-11,2.099339e-01,7.863371e-10,9.466156e-10,4.545695e-13,3.349720e-11,3.171087e-01,9.486160e-10,1.072082e-09,3.107985e-13,3.142251e-11,2.598880e-01,1.049934e-09,1.159138e-09,3.145274e-13,1.830938e-11,2.876287e-01,1.022840e-09,7.078089e-10,3.414280e-13,6.821215e-08,5.008652e-01,2.125245e-13,1.972642e-09,1.283548e+02,1.519976e+09,8.068358e-08,7.181768e-01,1.851125e-13,1.672825e-09,1.058827e+02,1.677785e+09,6.733882e-08,5.661357e-01,1.777993e-13,9.596269e-10,1.121027e+02,1.723158e+09,2.401197e-03,8.756626e-03,2.569109e-04,5.803067e-16
215,1.844250e-11,2.075312e-01,7.690167e-10,1.035892e-09,3.214233e-13,3.373964e-11,2.480586e-01,7.992219e-10,7.570003e-10,2.411496e-13,3.307677e-11,2.994372e-01,6.659435e-10,1.160966e-09,3.399747e-13,1.880440e-11,1.273892e-01,8.770036e-10,5.613692e-10,4.238035e-13,6.547279e-08,5.335950e-01,1.716090e-13,8.202538e-10,1.156432e+02,1.871943e+09,8.547909e-08,7.850463e-01,1.766076e-13,6.418892e-10,1.026209e+02,1.644478e+09,6.727292e-08,5.436768e-01,1.660198e-13,1.211551e-09,1.166193e+02,1.828635e+09,7.902677e-03,8.509346e-03,2.246950e-04,2.372257e-15
216,1.846111e-11,2.394823e-01,7.181632e-10,3.023048e-10,5.182362e-13,3.403969e-11,2.023192e-01,1.041038e-09,9.017115e-10,5.290540e-13,3.455380e-11,2.458763e-01,1.016386e-09,1.163840e-09,2.783410e-13,1.756861e-11,1.059762e-01,1.139650e-09,1.156719e-09,3.864037e-13,7.073073e-08,5.571950e-01,1.796020e-13,9.958367e-10,1.196388e+02,1.733760e+09,7.841037e-08,6.119693e-01,1.923984e-13,9.377535e-10,1.207578e+02,1.638286e+09,7.099645e-08,5.335299e-01,1.407633e-13,1.648380e-09,1.254148e+02,1.755855e+09,7.892169e-03,9.459935e-03,2.577962e-03,3.418729e-15
217,1.852207e-11,1.256119e-01,1.103363e-09,9.506561e-10,4.144947e-13,3.232936e-11,3.219348e-01,9.862620e-10,6.224093e-10,1.864241e-13,3.141259e-11,2.466163e-01,8.655758e-10,1.038682e-09,3.473333e-13,1.883544e-11,3.691448e-01,1.030972e-09,9.266111e-10,2.291271e-13,6.609688e-08,5.700901e-01,1.836539e-13,1.754870e-09,1.092719e+02,1.649417e+09,8.396330e-08,6.606595e-01,2.165947e-13,1.349807e-09,1.197796e+02,1.317073e+09,6.741625e-08,5.807207e-01,1.556424e-13,1.201333e-09,1.094129e+02,1.731351e+09,9.911193e-03,4.913389e-03,1.289258e-03,1.725632e-15
218,1.784868e-11,3.955191e-01,9.376175e-10,4.623867e-10,4.309800e-13,3.305513e-11,1.462441e-01,8.465114e-10,1.086866e-09,4.225228e-13,3.201045e-11,2.773016e-01,1.008391e-09,1.196242e-09,2.641452e-13,1.744383e-11,3.439474e-01,6.659927e-10,1.044806e-09,1.760527e-13,6.668402e-08,4.955811e-01,1.963751e-13,1.338313e-09,1.268172e+02,1.626972e+09,8.421113e-08,7.751795e-01,2.201025e-13,1.583300e-09,1.023855e+02,1.305052e+09,7.092091e-08,6.494467e-01,1.616322e-13,1.538418e-09,1.029205e+02,1.882568e+09,6.905313e-03,6.795270e-03,2.969933e-03,1.880378e-15
219,1.786493e-11,2.261932e-01,7.595619e-10,9.200115e-10,2.357782e-13,3.367183e-11,2.164243e-01,9.844897e-10,1.255508e-09,2.575786e-13,3.353893e-11,2.965004e-01,1.118133e-09,1.188953e-09,4.103568e-13,1.885642e-11,1.534483e-01,1.008004e-09,6.537645e-10,3.932663e-13,6.690048e-08,5.464609e-01,2.213272e-13,1.476286e-09,1.153829e+02,1.614833e+09,8.179253e-08,6.181641e-01,2.004871e-13,5.373541e-10,1.247042e+02,1.468030e+09,6.805274e-08,5.238786e-01,2.122496e-13,1.619635e-09,1.224295e+02,1.649787e+09,9.707188e-03,1.958278e-03,2.543071e-04,1.169338e-15
220,1.868024e-11,2.607712e-01,8.712566e-10,3.216449e-10,3.270716e-13,3.381065e-11,1.793756e-01,8.750642e-10,1.252968e-09,4.590744e-13,3.266877e-11,1.546115e-01,8.576111e-10,9.440381e-10,5.130777e-13,1.725129e-11,2.173867e-01,8.139921e-10,1.125124e-09,5.073980e-13,7.037621e-08,6.629196e-01,1.253946e-13,1.416384e-09,1.000544e+02,1.887210e+09,8.486638e-08,7.602939e-01,1.901198e-13,1.652817e-09,1.052023e+02,1.471219e+09,6.781852e-08,5.276820e-01,1.854766e-13,1.884701e-09,1.211287e+02,1.522779e+09,9.284372e-03,1.793165e-03,1.660238e-03,3.118793e-15
221,1.781967e-11,3.839404e-01,7.616259e-10,1.040763e-09,2.629353e-13,3.344908e-11,1.189510e-01,7.693093e-10,4.786548e-10,4.595204e-13,3.197724e-11,3.682659e-01,1.149699e-09,5.797387e-10,2.196535e-13,1.786324e-11,3.807239e-01,1.026845e-09,1.132847e-09,3.742363e-13,6.567260e-08,5.143132e-01,2.232412e-13,6.156068e-10,1.203449e+02,1.579033e+09,8.216011e-08,6.534761e-01,1.628372e-13,9.945001e-10,1.184957e+02,1.507738e+09,6.476567e-08,6.050065e-01,1.766667e-13,1.653343e-09,1.008918e+02,1.812546e+09,2.319347e-03,5.268568e-03,1.662932e-03,1.423437e-15
222,1.777103e-11,3.208948e-01,9.743956e-10,9.285078e-10,2.750677e-13,3.454843e-11,3.737129e-01,6.123988e-10,1.040931e-09,3.247522e-13,3.376965e-11,3.725734e-01,6.090560e-10,5.692106e-10,2.656530e-13,1.762797e-11,2.422490e-01,9.781127e-10,3.420894e-10,1.788286e-13,7.001273e-08,5.307210e-01,2.207103e-13,1.803655e-09,1.243317e+02,1.528280e+09,8.339825e-08,7.046546e-01,1.820252e-13,6.195962e-10,1.115454e+02,1.498189e+09,7.077374e-08,5.166021e-01,2.019341e-13,1.331498e-09,1.291181e+02,1.688153e+09,1.650388e-03,3.868905e-03,2.692419e-03,1.635146e-15
223,1.878464e-11,1.379561e-01,9.960767e-10,1.240611e-09,4.572415e-13,3.198507e-11,3.070650e-01,6.432974e-10,9.960093e-10,1.874095e-13,3.426875e-11,1.975741e-01,7.545229e-10,8.430337e-10,2.849112e-13,1.880768e-11,1.458214e-01,8.946046e-10,1.166642e-09,4.092574e-13,6.484553e-08,5.774679e-01,1.863388e-13,6.210628e-10,1.058335e+02,1.682141e+09,7.850275e-08,6.779934e-01,1.973056e-13,1.042213e-09,1.091266e+02,1.604420e+09,6.621591e-08,5.114987e-01,1.870505e-13,1.308824e-09,1.220082e+02,1.642196e+09,6.065224e-03,6.257781e-03,1.415346e-03,2.524678e-15
224,1.764256e-11,1.742032e-01,6.763042e-10,1.090530e-09,2.818945e-13,3.322369e-11,3.795075e-01,9.860423e-10,5.583143e-10,5.087851e-13,3.425628e-11,1.988978e-01,1.159291e-09,1.069363e-09,2.927593e-13,1.868669e-11,1.217810e-01,1.133601e-09,5.598411e-10,4.456599e-13,6.670454e-08,5.187600e-01,1.761080e-13,1.581655e-09,1.211881e+02,1.572628e+09,7.936959e-08,7.300934e-01,2.046443e-13,1.385699e-09,1.024582e+02,1.413134e+09,6.903073e-08,5.586393e-01,1.589878e-13,1.315910e-09,1.164614e+02,1.765235e+09,2.305211e-03,2.837866e-03,1.019315e-03,1.055108e-15
225,1.769506e-11,1.569401e-01,1.087790e-09,4.843501e-10,2.650717e-13,3.374816e-11,1.384352e-01,1.078550e-09,4.273243e-10,4.739677e-13,3.265052e-11,2.962387e-01,1.120984e-09,5.004044e-10,1.756973e-13,1.793731e-11,3.686717e-01,1.133447e-09,7.710050e-10,3.498124e-13,7.119668e-08,5.351448e-01,1.561096e-13,5.777434e-10,1.253891e+02,1.629877e+09,8.333612e-08,7.593023e-01,1.755619e-13,1.270328e-09,1.034403e+02,1.441008e+09,6.461573e-08,5.267663e-01,1.350794e-13,1.786343e-09,1.156089e+02,1.946567e+09,9.581894e-03,2.537317e-03,2.109365e-03,4.298394e-15
226,1.729378e-11,1.887797e-01,7.064751e-10,5.847257e-10,4.012108e-13,3.346704e-11,1.487400e-01,8.519379e-10,1.258396e-09,2.274546e-13,3.258150e-11,2.343030e-01,8.620714e-10,7.907681e-10,3.817108e-13,1.755270e-11,2.993413e-01,9.111532e-10,9.764205e-10,4.555226e-13,7.096179e-08,5.349239e-01,2.046845e-13,8.261153e-10,1.250270e+02,1.567695e+09,8.141533e-08,6.267562e-01,1.952015e-13,1.826971e-09,1.224274e+02,1.598631e+09,6.777460e-08,5.604778e-01,1.784322e-13,1.060852e-09,1.139671e+02,1.617092e+09,6.927022e-03,3.085796e-03,8.449158e-04,2.976065e-15
227,1.879856e-11,3.671109e-01,8.872017e-10,7.582307e-10,2.068119e-13,3.450381e-11,3.786564e-01,9.521719e-10,6.620004e-10,3.975718e-13,3.218440e-11,1.198699e-01,6.113191e-10,3.133231e-10,1.963889e-13,1.749535e-11,1.757308e-01,1.178662e-09,1.056034e-09,3.380559e-13,7.087242e-08,5.413538e-01,1.958719e-13,1.362862e-09,1.233864e+02,1.742525e+09,8.188722e-08,6.281222e-01,1.966889e-13,1.498284e-09,1.228692e+02,1.527275e+09,6.659211e-08,6.040348e-01,2.267572e-13,1.958917e-09,1.039039e+02,1.576532e+09,4.575908e-03,8.181044e-03,1.739469e-03,2.878264e-15
228,1.715810e-11,2.649890e-01,1.152603e-09,9.544441e-10,3.278563e-13,3.416849e-11,2.495153e-01,9.576168e-10,6.060696e-10,3.145754e-13,3.327686e-11,2.403485e-01,1.003540e-09,3.828199e-10,3.582210e-13,1.772357e-11,3.778105e-01,1.052600e-09,8.556185e-10,3.021946e-13,7.043056e-08,5.452207e-01,2.025143e-13,1.301823e-09,1.217475e+02,1.522183e+09,7.990914e-08,6.405648e-01,1.875558e-13,9.632290e-10,1.175722e+02,1.608335e+09,6.513513e-08,4.739376e-01,2.098024e-13,1.028182e-09,1.295285e+02,1.723244e+09,2.818133e-03,3.724119e-03,6.939394e-04,3.352701e-15
229,1.827450e-11,2.291012e-01,6.385173e-10,5.300644e-10,3.474113e-13,3.222391e-11,2.472752e-01,1.075044e-09,8.872542e-10,2.194268e-13,3.362426e-11,2.829769e-01,7.411541e-10,4.581020e-10,1.731052e-13,1.845674e-11,3.911343e-01,8.022311e-10,4.837916e-10,2.128928e-13,6.714726e-08,5.705872e-01,1.717847e-13,1.738771e-09,1.109117e+02,1.710812e+09,8.139602e-08,6.180117e-01,1.816631e-13,1.364991e-09,1.241302e+02,1.629651e+09,6.740597e-08,5.294537e-01,1.856290e-13,7.796927e-10,1.199890e+02,1.508103e+09,5.196615e-03,1.265998e-03,2.146984e-03,1.888911e-15
230,1.738662e-11,2.406744e-01,7.289953e-10,6.713808e-10,1.971128e-13,3.368757e-11,2.736936e-01,1.186748e-09,5.560221e-10,5.217521e-13,3.194404e-11,3.054671e-01,1.112636e-09,1.262435e-09,3.438388e-13,1.794849e-11,3.008831e-01,1.023880e-09,3.201602e-10,4.848761e-13,6.528931e-08,4.842176e-01,1.550506e-13,5.174300e-10,1.270787e+02,1.787948e+09,8.529228e-08,6.456363e-01,1.854610e-13,1.488243e-09,1.245067e+02,1.526659e+09,6.824457e-08,6.306843e-01,2.221253e-13,1.615600e-09,1.019829e+02,1.505381e+09,2.957741e-03,8.133410e-03,2.033733e-03,8.119429e-16
231,1.878607e-11,2.989593e-01,9.815315e-10,3.201394e-10,3.053302e-13,3.174508e-11,1.528207e-01,9.491310e-10,2.855263e-10,2.564407e-13,3.463386e-11,2.421906e-01,9.335322e-10,8.483308e-10,2.333489e-13,1.867372e-11,1.918216e-01,7.140190e-10,9.985184e-10,4.499989e-13,6.922433e-08,5.572044e-01,1.727006e-13,1.169175e-09,1.170888e+02,1.677767e+09,7.806629e-08,6.450517e-01,1.949599e-13,1.342111e-09,1.140618e+02,1.469537e+09,7.107610e-08,5.708964e-01,1.650734e-13,1.409281e-09,1.173377e+02,1.731734e+09,6.752344e-03,1.498915e-03,1.905450e-03,1.158984e-15
232,1.832454e-11,1.581193e-01,9.305058e-10,5.736003e-10,3.906887e-13,3.201775e-11,1.431456e-01,1.147800e-09,1.208803e-09,4.529712e-13,3.457722e-11,3.951551e-01,6.803443e-10,4.394360e-10,4.518159e-13,1.874520e-11,3.875102e-01,6.186843e-10,3.125586e-10,2.651507e-13,6.953106e-08,6.493111e-01,1.224115e-13,1.396782e-09,1.009246e+02,1.895805e+09,7.961324e-08,7.075497e-01,2.280876e-13,6.363023e-10,1.060473e+02,1.322418e+09,7.126903e-08,6.646001e-01,2.012574e-13,5.821144e-10,1.010675e+02,1.575152e+09,9.287799e-03,7.269544e-03,2.416194e-04,4.505897e-15
233,1.740850e-11,2.363382e-01,9.805586e-10,1.089748e-09,2.898867e-13,3.461104e-11,1.364247e-01,7.550155e-10,4.750593e-10,2.067913e-13,3.354039e-11,2.144254e-01,6.809346e-10,2.694239e-10,2.180260e-13,1.848916e-11,1.914354e-01,1.111697e-09,1.203276e-09,3.766224e-13,6.933988e-08,5.898903e-01,1.468282e-13,5.759234e-10,1.107855e+02,1.731372e+09,8.392380e-08,6.180498e-01,1.869157e-13,1.076318e-09,1.279773e+02,1.665161e+09,6.738830e-08,5.311791e-01,2.022850e-13,1.964558e-09,1.195679e+02,1.555617e+09,3.809825e-03,5.510241e-03,1.680639e-03,2.419248e-15
234,1.721684e-11,3.921091e-01,8.468783e-10,8.186291e-10,4.062435e-13,3.372085e-11,3.455624e-01,1.039100e-09,4.783612e-10,2.226895e-13,3.343880e-11,3.349023e-01,8.877537e-10,8.437101e-10,3.636524e-13,1.754091e-11,1.083746e-01,1.022301e-09,1.209577e-09,4.891725e-13,6.675780e-08,4.880979e-01,1.979029e-13,1.446376e-09,1.289039e+02,1.672430e+09,8.327159e-08,6.547254e-01,1.549946e-13,1.270357e-09,1.198695e+02,1.511986e+09,7.103393e-08,6.105469e-01,1.667684e-13,5.030820e-10,1.096524e+02,1.658744e+09,2.247508e-03,4.899904e-03,3.635513e-04,3.617454e-15
235,1.780400e-11,2.630725e-01,1.132837e-09,1.008165e-09,4.621962e-13,3.321442e-11,3.118085e-01,7.685344e-10,3.955426e-10,1.811491e-13,3.202678e-11,3.031780e-01,7.068605e-10,4.973384e-10,4.051493e-13,1.886526e-11,3.402993e-01,6.649267e-10,8.665582e-10,4.320284e-13,6.609913e-08,4.930001e-01,1.567595e-13,1.650447e-09,1.263630e+02,1.741981e+09,8.214365e-08,7.340167e-01,1.796595e-13,1.457695e-09,1.054725e+02,1.546033e+09,6.633478e-08,4.827025e-01,1.690812e-13,5.200895e-10,1.295188e+02,1.652076e+09,1.498133e-03,5.899240e-03,1.823494e-03,3.555724e-15
236,1.871248e-11,2.265232e-01,7.548583e-10,8.198720e-10,2.756551e-13,3.432150e-11,1.483829e-01,1.079312e-09,1.141936e-09,4.658785e-13,3.209709e-11,3.661046e-01,1.111041e-09,4.584380e-10,3.307683e-13,1.831764e-11,3.032372e-01,1.059408e-09,1.225661e-09,4.627493e-13,6.508185e-08,6.118585e-01,1.959249e-13,8.657957e-10,1.002490e+02,1.801188e+09,8.156123e-08,6.296341e-01,2.125706e-13,1.949248e-09,1.220862e+02,1.420402e+09,7.072748e-08,5.648983e-01,1.448579e-13,1.181228e-09,1.180019e+02,1.944778e+09,9.809643e-03,3.206346e-03,1.637443e-03,1.769189e-15
237,1.836693e-11,2.982907e-01,9.635783e-10,5.678571e-10,2.270865e-13,3.455501e-11,3.861824e-01,8.053963e-10,1.265615e-09,4.516657e-13,3.275984e-11,3.803022e-01,8.149249e-10,3.890251e-10,2.170885e-13,1.785916e-11,1.878950e-01,6.757234e-10,3.552705e-10,3.665561e-13,7.088322e-08,5.694669e-01,1.710248e-13,1.311650e-09,1.173130e+02,1.761617e+09,8.207015e-08,6.193236e-01,1.906462e-13,1.966740e-09,1.248932e+02,1.376621e+09,7.037442e-08,5.196143e-01,1.369458e-13,6.658989e-10,1.276453e+02,1.770858e+09,4.959675e-03,3.675166e-04,1.213201e-03,9.114081e-16
238,1.867707e-11,1.617591e-01,1.060559e-09,2.975327e-10,4.170329e-13,3.378507e-11,3.971854e-01,1.142294e-09,8.087578e-10,4.390060e-13,3.458667e-11,3.280072e-01,6.376500e-10,6.411113e-10,3.452617e-13,1.832751e-11,1.688090e-01,9.295619e-10,9.277383e-10,5.294560e-13,6.968606e-08,5.457931e-01,1.505710e-13,1.410951e-09,1.203342e+02,1.939739e+09,8.221117e-08,7.564494e-01,1.942437e-13,9.640852e-10,1.024288e+02,1.544064e+09,6.624722e-08,6.025151e-01,1.687082e-13,1.782242e-09,1.036265e+02,1.612522e+09,2.896225e-03,9.755234e-03,5.420638e-04,7.017962e-16
239,1.762509e-11,3.454566e-01,8.294951e-10,8.719681e-10,4.694239e-13,3.415623e-11,1.257579e-01,7.305494e-10,6.535698e-10,4.159364e-13,3.258939e-11,1.638936e-01,1.108092e-09,6.502597e-10,4.007892e-13,1.844956e-11,2.543572e-01,6.604607e-10,3.072565e-10,4.225401e-13,7.073580e-08,5.955187e-01,1.794062e-13,1.980880e-09,1.119477e+02,1.889592e+09,7.839951e-08,6.672341e-01,2.485406e-13,1.369924e-09,1.107404e+02,1.311579e+09,6.600036e-08,6.185367e-01,1.450261e-13,1.873061e-09,1.005662e+02,1.798715e+09,1.820073e-03,8.658347e-03,2.517440e-03,4.573526e-15
240,1.821259e-11,2.909122e-01,8.761757e-10,1.123040e-09,3.703874e-13,3.334728e-11,3.567101e-01,1.188781e-09,1.026413e-09,5.110357e-13,3.288452e-11,3.852723e-01,9.355219e-10,6.557744e-10,2.966222e-13,1.880478e-11,1.571373e-01,7.735172e-10,4.716303e-10,4.496990e-13,6.841508e-08,6.006676e-01,1.695061e-13,6.020032e-10,1.073467e+02,1.935489e+09,8.518635e-08,6.988163e-01,2.399150e-13,9.792953e-10,1.148889e+02,1.334231e+09,6.736727e-08,6.190154e-01,2.343241e-13,1.272507e-09,1.025696e+02,1.558460e+09,8.631317e-03,6.262838e-04,1.406151e-03,3.050069e-15
241,1.856281e-11,1.424909e-01,8.490828e-10,4.512964e-10,4.701916e-13,3.286853e-11,1.768104e-01,7.371368e-10,1.099340e-09,2.394996e-13,3.320840e-11,3.230964e-01,8.886771e-10,3.753459e-10,2.598822e-13,1.868146e-11,1.777632e-01,8.890205e-10,8.792005e-10,4.760351e-13,6.793049e-08,5.275281e-01,1.453987e-13,1.300640e-09,1.213641e+02,1.803313e+09,8.239156e-08,7.607572e-01,2.084876e-13,1.077500e-09,1.020723e+02,1.396625e+09,7.014274e-08,5.336068e-01,1.317471e-13,1.677936e-09,1.238889e+02,1.807168e+09,2.627439e-03,1.465987e-03,1.381274e-03,4.159053e-15
242,1.850454e-11,1.343145e-01,8.021232e-10,6.283217e-10,4.653322e-13,3.258481e-11,2.352778e-01,1.198950e-09,5.478256e-10,2.691670e-13,3.153351e-11,3.239367e-01,1.161922e-09,8.810873e-10,3.489422e-13,1.794438e-11,3.363769e-01,1.110076e-09,8.322934e-10,3.930247e-13,6.843191e-08,5.499255e-01,2.323463e-13,1.796718e-09,1.172805e+02,1.504388e+09,8.230933e-08,7.209457e-01,1.917481e-13,1.193706e-09,1.076013e+02,1.419080e+09,6.611995e-08,4.931462e-01,2.395103e-13,1.332281e-09,1.263653e+02,1.542131e+09,2.810431e-03,7.816238e-03,2.104805e-03,2.004618e-15
243,1.783306e-11,3.794704e-01,1.096473e-09,9.279975e-10,2.735904e-13,3.343814e-11,2.024027e-01,6.011330e-10,8.143890e-10,2.741927e-13,3.387648e-11,2.707878e-01,1.047775e-09,4.899867e-10,3.938056e-13,1.757737e-11,2.228689e-01,9.048642e-10,7.465041e-10,2.929688e-13,6.595435e-08,5.078703e-01,1.713345e-13,1.000177e-09,1.223945e+02,1.829629e+09,8.385818e-08,7.148971e-01,1.687622e-13,1.629209e-09,1.105536e+02,1.596086e+09,6.821376e-08,6.204904e-01,1.759791e-13,6.969414e-10,1.036115e+02,1.698332e+09,1.153869e-03,9.038642e-03,2.807554e-03,3.939474e-15
244,1.724762e-11,2.763470e-01,6.374813e-10,3.831330e-10,2.731747e-13,3.387736e-11,3.197049e-01,8.570238e-10,7.191159e-10,4.745490e-13,3.448645e-11,1.091024e-01,9.711973e-10,8.072646e-10,3.525021e-13,1.741791e-11,3.007575e-01,7.973429e-10,4.204100e-10,4.619045e-13,6.720677e-08,5.708241e-01,1.941188e-13,9.311361e-10,1.109639e+02,1.628536e+09,7.931900e-08,6.989558e-01,2.056082e-13,7.907018e-10,1.069544e+02,1.480571e+09,6.886694e-08,6.482653e-01,1.519253e-13,6.730697e-10,1.001219e+02,1.854154e+09,6.005624e-03,8.619587e-03,9.128862e-04,1.832141e-15
245,1.857172e-11,1.595231e-01,8.928958e-10,7.046718e-10,2.166315e-13,3.217016e-11,1.791958e-01,7.438465e-10,6.695021e-10,2.532756e-13,3.265111e-11,1.888860e-01,9.647288e-10,9.255718e-10,4.169902e-13,1.768126e-11,3.097800e-01,6.394758e-10,1.041536e-09,4.138924e-13,6.858875e-08,5.268004e-01,1.601775e-13,1.120823e-09,1.227094e+02,1.664956e+09,8.194947e-08,6.151839e-01,2.156174e-13,1.221104e-09,1.255487e+02,1.504583e+09,6.623823e-08,5.291067e-01,1.365730e-13,1.127706e-09,1.179876e+02,1.927208e+09,9.544135e-03,3.678583e-03,9.502508e-04,1.145639e-15
246,1.788377e-11,3.506984e-01,7.605858e-10,4.394920e-10,2.157860e-13,3.361806e-11,2.541206e-01,9.275817e-10,7.234809e-10,1.922017e-13,3.414314e-11,3.192044e-01,1.161145e-09,8.222338e-10,4.353446e-13,1.841235e-11,2.686709e-01,9.979171e-10,4.266832e-10,4.828156e-13,6.879122e-08,5.246826e-01,1.781338e-13,1.989443e-09,1.235684e+02,1.899733e+09,7.966099e-08,6.617119e-01,1.399271e-13,1.853495e-09,1.134613e+02,1.630035e+09,6.884290e-08,5.671281e-01,1.888480e-13,7.202770e-10,1.144061e+02,1.672603e+09,5.649659e-03,5.315752e-04,1.863444e-03,4.358272e-15
247,1.850062e-11,3.682581e-01,1.067046e-09,9.871346e-10,3.640772e-13,3.283368e-11,1.710297e-01,1.160421e-09,6.584249e-10,4.443669e-13,3.426080e-11,1.234058e-01,8.596305e-10,1.080137e-09,5.248154e-13,1.774794e-11,3.971722e-01,8.433919e-10,8.269467e-10,4.943498e-13,6.769778e-08,5.007099e-01,2.090627e-13,1.442514e-09,1.274264e+02,1.696604e+09,8.375356e-08,7.601706e-01,1.556781e-13,5.498436e-10,1.038397e+02,1.620563e+09,7.115545e-08,5.582688e-01,1.811966e-13,1.314779e-09,1.201257e+02,1.594647e+09,8.323746e-03,4.913390e-03,2.798996e-03,3.733369e-15
248,1.814534e-11,1.426754e-01,6.947934e-10,1.042797e-09,2.426416e-13,3.148056e-11,2.503279e-01,8.609381e-10,6.579404e-10,3.690798e-13,3.423222e-11,1.861928e-01,9.287398e-10,8.270447e-10,2.482662e-13,1.740398e-11,1.869280e-01,1.109242e-09,1.086166e-09,3.575450e-13,6.708957e-08,6.186750e-01,1.604169e-13,1.656316e-09,1.022030e+02,1.814160e+09,8.178347e-08,6.495295e-01,1.772557e-13,1.639743e-09,1.186691e+02,1.608799e+09,6.793620e-08,5.517289e-01,1.724945e-13,1.685826e-09,1.160504e+02,1.777480e+09,9.946576e-03,1.911608e-03,1.400478e-03,2.006641e-15
249,1.762069e-11,1.249159e-01,7.932747e-10,1.212773e-09,4.095296e-13,3.403120e-11,3.653085e-01,9.442742e-10,1.137135e-09,4.983954e-13,3.440367e-11,1.091921e-01,8.592730e-10,8.996782e-10,4.359123e-13,1.879395e-11,3.559623e-01,9.574303e-10,3.022269e-10,2.702895e-13,6.700981e-08,5.141594e-01,2.322512e-13,5.149835e-10,1.228321e+02,1.518404e+09,8.047651e-08,7.010908e-01,2.137621e-13,1.029917e-09,1.081847e+02,1.475768e+09,6.624709e-08,4.916624e-01,1.874538e-13,1.810076e-09,1.269904e+02,1.810266e+09,5.503556e-03,3.962641e-03,2.403702e-03,8.792286e-16
250,1.842218e-11,3.805924e-01,8.281422e-10,1.186582e-09,4.936628e-13,3.301111e-11,3.473417e-01,7.152814e-10,3.413373e-10,3.199182e-13,3.356714e-11,1.780422e-01,7.818919e-10,4.375436e-10,2.939962e-13,1.777061e-11,1.430589e-01,7.797527e-10,8.474966e-10,2.819543e-13,6.897694e-08,5.930690e-01,1.997016e-13,1.989590e-09,1.096150e+02,1.510922e+09,7.881333e-08,6.149507e-01,2.383315e-13,1.560690e-09,1.207899e+02,1.331216e+09,6.624849e-08,5.968062e-01,1.970854e-13,1.288497e-09,1.046198e+02,1.531658e+09,9.478671e-04,8.529226e-03,2.451863e-03,2.581977e-15
251,1.853027e-11,2.117058e-01,1.030393e-09,3.364849e-10,5.239981e-13,3.442437e-11,1.585366e-01,9.196564e-10,5.287910e-10,3.182022e-13,3.457262e-11,2.503095e-01,9.176280e-10,8.420502e-10,2.815163e-13,1.850262e-11,1.979589e-01,8.612146e-10,9.384553e-10,3.889114e-13,7.119489e-08,6.296340e-01,2.015431e-13,1.972862e-09,1.065692e+02,1.549011e+09,8.149314e-08,6.686773e-01,1.776049e-13,1.887674e-09,1.148618e+02,1.418313e+09,6.650842e-08,5.443514e-01,1.982742e-13,1.582479e-09,1.151512e+02,1.526126e+09,5.893901e-03,7.670720e-03,2.053610e-03,9.999156e-16
252,1.749425e-11,1.647366e-01,7.631610e-10,9.532451e-10,3.513796e-13,3.148652e-11,2.156637e-01,8.229105e-10,7.503915e-10,5.051557e-13,3.440004e-11,1.630503e-01,7.247806e-10,5.722283e-10,2.753508e-13,1.860498e-11,2.887960e-01,8.273438e-10,1.169436e-09,5.144227e-13,6.716495e-08,5.145956e-01,1.731367e-13,1.092172e-09,1.230121e+02,1.845254e+09,8.069065e-08,7.525936e-01,2.128949e-13,1.725605e-09,1.010494e+02,1.318749e+09,6.571881e-08,4.898861e-01,1.696680e-13,1.404698e-09,1.264345e+02,1.919011e+09,1.225504e-03,9.911099e-03,1.120289e-03,4.278354e-15
