plan,finalist,carrier_MHz,f_MHz,family,source,injection,mirror,ant_lo_dBm,ant_hi_dBm,gva_ref_lo_dBm,gva_ref_hi_dBm,verdict_60dBc,verdict_25uW,basis,change_named,contributors
B0,A5,144.05,118.0000,RP2350 on-die products,2 x 125 - 11 x 12 MHz,gva,False,-95.8,-33.0,-140.8,-78.0,pass,pass,"on-die current into the Pico 2 PDN (0.1 to 0.5 ohm), path pdn 40 to 70 dB","C1 puts every on-die product on the 12 MHz grid (120, 132, 144, 156, 168 MHz); level: L1 to L3",
B0,A5,144.05,118.1055,PWM comb,PWM 149.88 kHz x 788,gva,False,-350.4,-320.7,-395.4,-365.7,pass,pass,"3.3 V GPIO, tr 2 to 5 ns, every 25th line of the comb shown","none needed (coherent 150 kHz comb, ADR-031 rule 3)",
B0,A5,144.05,119.0500,Si5351 PLL spurs,PFD reference spur fc - 25 MHz,pre,False,-47.0,-27.0,-92.0,-72.0,pass,pass,"VCO spur at the 25 MHz PFD offset, divided by 6 (-15.6 dB) (Low)",level only (on-die PLL); tinySA sweep,
B0,A5,144.05,120.0000,RP2350 XOSC 12 MHz,XOSC 12 MHz x 10,gva,False,-90.2,-32.8,-135.2,-77.8,pass,pass,"on-die current into the Pico 2 PDN (0.1 to 0.5 ohm), path pdn 40 to 70 dB",cannot be moved (Pico 2 crystal); level: layout rules L1 to L3; tinySA sweep,
B0,A5,144.05,120.1000,RP2350 XOSC 12 MHz,mirror of XOSC 12 MHz x 14,gva,True,-96.2,-38.8,-141.2,-83.8,pass,pass,"on-die current into the Pico 2 PDN (0.1 to 0.5 ohm), path pdn 40 to 70 dB",cannot be moved (Pico 2 crystal); level: layout rules L1 to L3; tinySA sweep,
B0,A5,144.05,121.2835,PWM comb,mirror of PWM 149.88 kHz x 1113,gva,True,-108.9,-71.3,-153.9,-116.3,pass,pass,"3.3 V GPIO, tr 2 to 5 ns, every 25th line of the comb shown","none needed (coherent 150 kHz comb, ADR-031 rule 3)",
B0,A5,144.05,121.8525,PWM comb,PWM 149.88 kHz x 813,gva,False,-94.6,-64.5,-139.6,-109.5,pass,pass,"3.3 V GPIO, tr 2 to 5 ns, every 25th line of the comb shown","none needed (coherent 150 kHz comb, ADR-031 rule 3)",
B0,A5,144.05,122.1000,RP2350 on-die products,mirror of 2 x 125 - 7 x 12 MHz,gva,True,-101.8,-39.0,-146.8,-84.0,pass,pass,"on-die current into the Pico 2 PDN (0.1 to 0.5 ohm), path pdn 40 to 70 dB","C1 puts every on-die product on the 12 MHz grid (120, 132, 144, 156, 168 MHz); level: L1 to L3",
B0,A5,144.05,125.0000,Si5351 reference 25 MHz,4 coincident lines at 125.000 MHz (amplitude sum),pre,False,-37.1,-5.6,-82.1,-50.6,not shown,not shown,no datasheet figure; below the -35 to -50 dBc output-to-output crosstalk reported for full-swing outputs (Low),"C1: clk_sys = clk_peri = 96 MHz in every state (PLL_SYS FBDIV 120, POSTDIV1 5, POSTDIV2 3); fundamental below 118 MHz, 2nd harmonic 192 MHz; C4: QSPI CLKDIV 2 (48 MHz, lines only on 144.000 MHz) and the transmit-path code and data in SRAM so the flash is idle during key-down; L4: TCXO output lead at most 10 mm and at least 8 mm from the CLK1 trace; cannot be moved (Si5351A reference 25 MHz, clock-plan rule 7); level: F1 Si5351 VDD filter; tinySA sweep","clk_sys 125 MHz x 1: -65.8 to -13.0 dBm | QSPI SCK 31.25 MHz x 4: -365.2 to -29.6 dBm | 25 MHz x 5, Si5351 on-die feedthrough to CLK1: -37.1 to -12.1 dBm | 25 MHz x 5, TCXO lead near CLK1: -67.7 to -33.6 dBm"
B0,A5,144.05,125.0305,PWM comb,mirror of PWM 149.88 kHz x 1088,gva,True,-374.4,-337.8,-419.4,-382.8,pass,pass,"3.3 V GPIO, tr 2 to 5 ns, every 25th line of the comb shown","none needed (coherent 150 kHz comb, ADR-031 rule 3)",
B0,A5,144.05,125.5995,PWM comb,PWM 149.88 kHz x 838,gva,False,-356.6,-326.2,-401.6,-371.2,pass,pass,"3.3 V GPIO, tr 2 to 5 ns, every 25th line of the comb shown","none needed (coherent 150 kHz comb, ADR-031 rule 3)",
B0,A5,144.05,126.0438,/8 prescaler,4 coincident lines at 126.044 MHz (amplitude sum),pre,False,-27.2,-0.6,-72.2,-45.6,not shown,not shown,"100 pF tap on CLK1, shared VCC: fc +/- fc/8 sidebands (Low)","C7: prescaler fed through 330 ohm in series (after the 100 pF), each 74LVC1G80 on its own bead-and-100 nF supply; C8: 470 ohm series resistor at the /8 output and the /8 trace 15 to 25 mm from the CLK1 net (L5); option C9 (/4 prescaler) moves both lines out of the window but needs a REQ-TX-013 CR",/8 output x 7 (7/8 fc) on the trace: -42.0 to -12.8 dBm | /8 kickback sideband (7/8 fc): -27.2 to -7.2 dBm | mirror of /8 output x 9 (9/8 fc) on the trace: -50.5 to -20.7 dBm | mirror of /8 kickback sideband (9/8 fc): -34.9 to -14.9 dBm
B0,A5,144.05,127.1000,RP2350 on-die products,mirror of 1 x 125 + 3 x 12 MHz,gva,True,-101.8,-39.0,-146.8,-84.0,pass,pass,"on-die current into the Pico 2 PDN (0.1 to 0.5 ohm), path pdn 40 to 70 dB","C1 puts every on-die product on the 12 MHz grid (120, 132, 144, 156, 168 MHz); level: L1 to L3",
B0,A5,144.05,128.0500,Si5351 PLL B / CLK2,2 coincident lines at 128.050 MHz (amplitude sum),pre,False,-37.2,-14.2,-82.2,-59.2,not shown,not shown,"residual after CLK2 power-down; -35 to -50 dBc when the output runs (pavelmc Si5351_issues, NT7S part 8) (Low)",C6: in transmit PLL B is parked on the PLL A multiplier and CLK2 and CLK0 are powered down and disabled (register 3),"CLK2 BFO product fc - 2 x 8 MHz (CLK2 powered down, PLL B running): -37.2 to -17.2 dBm | mirror of CLK2 BFO product fc + 2 x 8 MHz (CLK2 powered down, PLL B running): -44.8 to -24.8 dBm"
B0,A5,144.05,128.7775,PWM comb,mirror of PWM 149.88 kHz x 1063,gva,True,-106.9,-71.2,-151.9,-116.2,pass,pass,"3.3 V GPIO, tr 2 to 5 ns, every 25th line of the comb shown","none needed (coherent 150 kHz comb, ADR-031 rule 3)",
B0,A5,144.05,129.3465,PWM comb,PWM 149.88 kHz x 863,gva,False,-95.6,-64.7,-140.6,-109.7,pass,pass,"3.3 V GPIO, tr 2 to 5 ns, every 25th line of the comb shown","none needed (coherent 150 kHz comb, ADR-031 rule 3)",
B0,A5,144.05,130.0000,RP2350 on-die products,2 x 125 - 10 x 12 MHz,gva,False,-95.8,-33.0,-140.8,-78.0,pass,pass,"on-die current into the Pico 2 PDN (0.1 to 0.5 ohm), path pdn 40 to 70 dB","C1 puts every on-die product on the 12 MHz grid (120, 132, 144, 156, 168 MHz); level: L1 to L3",
B0,A5,144.05,131.8500,RP2350 QSPI SCK,mirror of QSPI SCK 31.25 MHz x 5,gva,True,-60.0,-23.7,-105.0,-68.7,pass,pass,"3.3 V trace, tr 1 to 2 ns, activity (0.1, 1.0)","C4: QSPI CLKDIV 2 (48 MHz, lines only on 144.000 MHz) and the transmit-path code and data in SRAM so the flash is idle during key-down",
B0,A5,144.05,132.0000,RP2350 XOSC 12 MHz,XOSC 12 MHz x 11,gva,False,-90.2,-32.8,-135.2,-77.8,pass,pass,"on-die current into the Pico 2 PDN (0.1 to 0.5 ohm), path pdn 40 to 70 dB",cannot be moved (Pico 2 crystal); level: layout rules L1 to L3; tinySA sweep,
B0,A5,144.05,132.1000,RP2350 XOSC 12 MHz,mirror of XOSC 12 MHz x 13,gva,True,-96.2,-38.8,-141.2,-83.8,pass,pass,"on-die current into the Pico 2 PDN (0.1 to 0.5 ohm), path pdn 40 to 70 dB",cannot be moved (Pico 2 crystal); level: layout rules L1 to L3; tinySA sweep,
B0,A5,144.05,132.5245,PWM comb,mirror of PWM 149.88 kHz x 1038,gva,True,-378.3,-343.3,-423.3,-388.3,pass,pass,"3.3 V GPIO, tr 2 to 5 ns, every 25th line of the comb shown","none needed (coherent 150 kHz comb, ADR-031 rule 3)",
B0,A5,144.05,133.0935,PWM comb,PWM 149.88 kHz x 888,gva,False,-374.7,-343.3,-419.7,-388.3,pass,pass,"3.3 V GPIO, tr 2 to 5 ns, every 25th line of the comb shown","none needed (coherent 150 kHz comb, ADR-031 rule 3)",
B0,A5,144.05,133.3333,Si5351 PLL B / CLK2,VCO B 800 MHz / 6 through MS1,pre,False,-32.4,-12.4,-77.4,-57.4,not shown,not shown,VCO B leakage into MS1 (Low),C6 (as above): VCO B leakage through MS1 then falls on the carrier,
B0,A5,144.05,134.1000,RP2350 on-die products,mirror of 2 x 125 - 8 x 12 MHz,gva,True,-101.8,-39.1,-146.8,-84.1,pass,pass,"on-die current into the Pico 2 PDN (0.1 to 0.5 ohm), path pdn 40 to 70 dB","C1 puts every on-die product on the 12 MHz grid (120, 132, 144, 156, 168 MHz); level: L1 to L3",
B0,A5,144.05,135.0500,VGG / supply sidebands,"RP2350 core regulator (3 MHz typ) ripple on the GVA-84+ bias, fc - 3 x 3 MHz",rel,False,-70.2,-39.7,-115.2,-84.7,pass,pass,ripple 1 to 10 mV at the GVA-84+ Vcc,F3: GVA-84+ supply through a ferrite bead and 22 uF (ripple at most 3 mV at 1 to 10 MHz); derived requirement to WP-PDR-22 and WP-PDR-24,
B0,A5,144.05,136.0500,Si5351 PLL B / CLK2,2 coincident lines at 136.050 MHz (amplitude sum),pre,False,-37.6,-14.3,-82.6,-59.3,not shown,not shown,"residual after CLK2 power-down; -35 to -50 dBc when the output runs (pavelmc Si5351_issues, NT7S part 8) (Low)",C6: in transmit PLL B is parked on the PLL A multiplier and CLK2 and CLK0 are powered down and disabled (register 3),"CLK2 BFO product fc - 1 x 8 MHz (CLK2 powered down, PLL B running): -37.6 to -17.6 dBm | mirror of CLK2 BFO product fc + 1 x 8 MHz (CLK2 powered down, PLL B running): -44.3 to -24.3 dBm"
B0,A5,144.05,136.2715,PWM comb,mirror of PWM 149.88 kHz x 1013,gva,True,-105.3,-71.1,-150.3,-116.1,pass,pass,"3.3 V GPIO, tr 2 to 5 ns, every 25th line of the comb shown","none needed (coherent 150 kHz comb, ADR-031 rule 3)",
B0,A5,144.05,136.8405,PWM comb,PWM 149.88 kHz x 913,gva,False,-96.7,-64.8,-141.7,-109.8,pass,pass,"3.3 V GPIO, tr 2 to 5 ns, every 25th line of the comb shown","none needed (coherent 150 kHz comb, ADR-031 rule 3)",
B0,A5,144.05,137.0000,RP2350 on-die products,1 x 125 + 1 x 12 MHz,gva,False,-95.8,-33.1,-140.8,-78.1,pass,pass,"on-die current into the Pico 2 PDN (0.1 to 0.5 ohm), path pdn 40 to 70 dB","C1 puts every on-die product on the 12 MHz grid (120, 132, 144, 156, 168 MHz); level: L1 to L3",
B0,A5,144.05,138.0500,VGG / supply sidebands,2 coincident lines at 138.050 MHz (amplitude sum),rel,False,-64.2,-30.2,-109.2,-75.2,pass,pass,ripple 1 to 10 mV at the GVA-84+ Vcc,F3: GVA-84+ supply through a ferrite bead and 22 uF (ripple at most 3 mV at 1 to 10 MHz); derived requirement to WP-PDR-22 and WP-PDR-24,"RT6150 (Pico 2, about 2 MHz, Low) ripple on the GVA-84+ bias, fc - 3 x 2 MHz: -70.2 to -39.7 dBm | RP2350 core regulator (3 MHz typ) ripple on the GVA-84+ bias, fc - 2 x 3 MHz: -64.2 to -33.7 dBm"
B0,A5,144.05,138.1000,Si5351 reference 25 MHz,2 coincident lines at 138.100 MHz (amplitude sum),pre,True,-44.2,-18.4,-89.2,-63.4,not shown,pass,no datasheet figure; below the -35 to -50 dBc output-to-output crosstalk reported for full-swing outputs (Low),"L4: TCXO output lead at most 10 mm and at least 8 mm from the CLK1 trace; cannot be moved (Si5351A reference 25 MHz, clock-plan rule 7); level: F1 Si5351 VDD filter; tinySA sweep","mirror of 25 MHz x 6, Si5351 on-die feedthrough to CLK1: -44.2 to -19.2 dBm | mirror of 25 MHz x 6, TCXO lead near CLK1: -73.3 to -39.2 dBm"
B0,A5,144.05,139.1000,RP2350 on-die products,mirror of 1 x 125 + 2 x 12 MHz,gva,True,-101.9,-39.1,-146.9,-84.1,pass,pass,"on-die current into the Pico 2 PDN (0.1 to 0.5 ohm), path pdn 40 to 70 dB","C1 puts every on-die product on the 12 MHz grid (120, 132, 144, 156, 168 MHz); level: L1 to L3",
B0,A5,144.05,140.0185,PWM comb,mirror of PWM 149.88 kHz x 988,gva,True,-365.0,-331.4,-410.0,-376.4,pass,pass,"3.3 V GPIO, tr 2 to 5 ns, every 25th line of the comb shown","none needed (coherent 150 kHz comb, ADR-031 rule 3)",
B0,A5,144.05,140.0500,VGG / supply sidebands,"RT6150 (Pico 2, about 2 MHz, Low) ripple on the GVA-84+ bias, fc - 2 x 2 MHz",rel,False,-64.2,-33.8,-109.2,-78.8,pass,pass,ripple 1 to 10 mV at the GVA-84+ Vcc,F3: GVA-84+ supply through a ferrite bead and 22 uF (ripple at most 3 mV at 1 to 10 MHz); derived requirement to WP-PDR-22 and WP-PDR-24,
B0,A5,144.05,140.5875,PWM comb,PWM 149.88 kHz x 938,gva,False,-352.8,-320.4,-397.8,-365.4,pass,pass,"3.3 V GPIO, tr 2 to 5 ns, every 25th line of the comb shown","none needed (coherent 150 kHz comb, ADR-031 rule 3)",
B0,A5,144.05,141.0500,VGG / supply sidebands,"RP2350 core regulator (3 MHz typ) ripple on the GVA-84+ bias, fc - 1 x 3 MHz",rel,False,-58.2,-27.8,-103.2,-72.8,pass,pass,ripple 1 to 10 mV at the GVA-84+ Vcc,F3: GVA-84+ supply through a ferrite bead and 22 uF (ripple at most 3 mV at 1 to 10 MHz); derived requirement to WP-PDR-22 and WP-PDR-24,
B0,A5,144.05,142.0000,RP2350 on-die products,2 x 125 - 9 x 12 MHz,gva,False,-95.9,-33.2,-140.9,-78.2,pass,pass,"on-die current into the Pico 2 PDN (0.1 to 0.5 ohm), path pdn 40 to 70 dB","C1 puts every on-die product on the 12 MHz grid (120, 132, 144, 156, 168 MHz); level: L1 to L3",
B0,A5,144.05,142.0500,Si5351 PLL spurs,2 coincident lines at 142.050 MHz (amplitude sum),pre,False,-42.9,-19.0,-87.9,-64.0,not shown,pass,"PA3FWM tn42b: about -80 dBc in theory, measured worse (Low); offset depends on the fraction","C5: PLL A multiplier rule, fractional part not within 0.002 of an integer (firmware table check); tinySA sweep at the worst channel; F3: GVA-84+ supply through a ferrite bead and 22 uF (ripple at most 3 mV at 1 to 10 MHz); derived requirement to WP-PDR-22 and WP-PDR-24","fractional / integer-boundary spur fc -2 MHz (representative): -42.9 to -22.9 dBm | RT6150 (Pico 2, about 2 MHz, Low) ripple on the GVA-84+ bias, fc - 1 x 2 MHz: -58.2 to -27.8 dBm"
B0,A5,144.05,143.5500,Si5351 PLL spurs,fractional / integer-boundary spur fc -0.5 MHz (representative),pre,False,-43.0,-23.0,-88.0,-68.0,not shown,pass,"PA3FWM tn42b: about -80 dBc in theory, measured worse (Low); offset depends on the fraction","C5: PLL A multiplier rule, fractional part not within 0.002 of an integer (firmware table check); tinySA sweep at the worst channel",
B0,A5,144.05,143.7500,VGG / supply sidebands,"envelope-reference PWM ripple, fc - 2 x 150 kHz",rel,False,-60.1,-41.0,-105.1,-86.0,pass,pass,"AM index m = 0.6/V x ripple; ripple 0.23 to 0.84 mV (2-pole RC, 1 to 3 kHz)",none needed; derived requirement to WP-PDR-22: PWM ripple at VGG at most 3.3 mV peak,
B0,A5,144.05,143.7655,PWM comb,mirror of PWM 149.88 kHz x 963,gva,True,-104.0,-71.0,-149.0,-116.0,pass,pass,"3.3 V GPIO, tr 2 to 5 ns, every 25th line of the comb shown","none needed (coherent 150 kHz comb, ADR-031 rule 3)",
B0,A5,144.05,143.9000,VGG / supply sidebands,"envelope-reference PWM ripple, fc - 1 x 150 kHz",rel,False,-54.1,-35.0,-99.1,-80.0,pass,pass,"AM index m = 0.6/V x ripple; ripple 0.23 to 0.84 mV (2-pole RC, 1 to 3 kHz)",none needed; derived requirement to WP-PDR-22: PWM ripple at VGG at most 3.3 mV peak,
B0,A5,144.05,144.0000,RP2350 XOSC 12 MHz,3 coincident lines at 144.000 MHz (amplitude sum),gva,False,-90.4,-26.9,-135.4,-71.9,pass,pass,"on-die current into the Pico 2 PDN (0.1 to 0.5 ohm), path pdn 40 to 70 dB","C2: clk_adc from PLL_SYS / 2 (AUXSRC CLKSRC_PLL_SYS, DIV 2) enabled only for conversion bursts (ENABLE bit); C3: PLL_USB powered down (PWR.PD, VCOPD) outside USB; cannot be moved (Pico 2 crystal); level: layout rules L1 to L3; tinySA sweep",XOSC 12 MHz x 12: -90.4 to -32.9 dBm | clk_adc 48 MHz x 3 (continuous): -100.8 to -42.5 dBm | PLL_USB 48 MHz x 3 (running): -96.4 to -36.5 dBm
B0,A5,144.05,144.1000,RP2350 XOSC 12 MHz,3 coincident lines at 144.100 MHz (amplitude sum),gva,True,-96.4,-32.9,-141.4,-77.9,pass,pass,"on-die current into the Pico 2 PDN (0.1 to 0.5 ohm), path pdn 40 to 70 dB","C2: clk_adc from PLL_SYS / 2 (AUXSRC CLKSRC_PLL_SYS, DIV 2) enabled only for conversion bursts (ENABLE bit); C3: PLL_USB powered down (PWR.PD, VCOPD) outside USB; cannot be moved (Pico 2 crystal); level: layout rules L1 to L3; tinySA sweep",mirror of XOSC 12 MHz x 12: -96.4 to -38.9 dBm | mirror of clk_adc 48 MHz x 3 (continuous): -106.8 to -48.5 dBm | mirror of PLL_USB 48 MHz x 3 (running): -102.4 to -42.5 dBm
B0,A5,144.05,144.2000,VGG / supply sidebands,"envelope-reference PWM ripple, fc + 1 x 150 kHz",rel,False,-54.1,-35.0,-99.1,-80.0,pass,pass,"AM index m = 0.6/V x ripple; ripple 0.23 to 0.84 mV (2-pole RC, 1 to 3 kHz)",none needed; derived requirement to WP-PDR-22: PWM ripple at VGG at most 3.3 mV peak,
B0,A5,144.05,144.3345,PWM comb,PWM 149.88 kHz x 963,gva,False,-98.0,-65.0,-143.0,-110.0,pass,pass,"3.3 V GPIO, tr 2 to 5 ns, every 25th line of the comb shown","none needed (coherent 150 kHz comb, ADR-031 rule 3)",
B0,A5,144.05,144.3500,VGG / supply sidebands,"envelope-reference PWM ripple, fc + 2 x 150 kHz",rel,False,-60.1,-41.0,-105.1,-86.0,pass,pass,"AM index m = 0.6/V x ripple; ripple 0.23 to 0.84 mV (2-pole RC, 1 to 3 kHz)",none needed; derived requirement to WP-PDR-22: PWM ripple at VGG at most 3.3 mV peak,
B0,A5,144.05,144.5500,Si5351 PLL spurs,fractional / integer-boundary spur fc +0.5 MHz (representative),pre,False,-43.0,-23.0,-88.0,-68.0,pass,pass,"PA3FWM tn42b: about -80 dBc in theory, measured worse (Low); offset depends on the fraction","C5: PLL A multiplier rule, fractional part not within 0.002 of an integer (firmware table check); tinySA sweep at the worst channel",
B0,A5,144.05,146.0500,Si5351 PLL spurs,2 coincident lines at 146.050 MHz (amplitude sum),pre,False,-43.1,-19.1,-88.1,-64.1,not shown,pass,"PA3FWM tn42b: about -80 dBc in theory, measured worse (Low); offset depends on the fraction","C5: PLL A multiplier rule, fractional part not within 0.002 of an integer (firmware table check); tinySA sweep at the worst channel; F3: GVA-84+ supply through a ferrite bead and 22 uF (ripple at most 3 mV at 1 to 10 MHz); derived requirement to WP-PDR-22 and WP-PDR-24","fractional / integer-boundary spur fc +2 MHz (representative): -43.1 to -23.1 dBm | RT6150 (Pico 2, about 2 MHz, Low) ripple on the GVA-84+ bias, fc + 1 x 2 MHz: -58.3 to -27.8 dBm"
B0,A5,144.05,146.1000,RP2350 on-die products,mirror of 2 x 125 - 9 x 12 MHz,gva,True,-101.9,-39.2,-146.9,-84.2,pass,pass,"on-die current into the Pico 2 PDN (0.1 to 0.5 ohm), path pdn 40 to 70 dB","C1 puts every on-die product on the 12 MHz grid (120, 132, 144, 156, 168 MHz); level: L1 to L3",
B0,A5,144.05,147.0500,VGG / supply sidebands,"RP2350 core regulator (3 MHz typ) ripple on the GVA-84+ bias, fc + 1 x 3 MHz",rel,False,-58.3,-27.8,-103.3,-72.8,pass,pass,ripple 1 to 10 mV at the GVA-84+ Vcc,F3: GVA-84+ supply through a ferrite bead and 22 uF (ripple at most 3 mV at 1 to 10 MHz); derived requirement to WP-PDR-22 and WP-PDR-24,
B0,A5,144.05,147.5125,PWM comb,mirror of PWM 149.88 kHz x 938,gva,True,-358.9,-326.5,-403.9,-371.5,pass,pass,"3.3 V GPIO, tr 2 to 5 ns, every 25th line of the comb shown","none needed (coherent 150 kHz comb, ADR-031 rule 3)",
B0,A5,144.05,148.0500,VGG / supply sidebands,"RT6150 (Pico 2, about 2 MHz, Low) ripple on the GVA-84+ bias, fc + 2 x 2 MHz",rel,False,-64.3,-33.8,-109.3,-78.8,pass,pass,ripple 1 to 10 mV at the GVA-84+ Vcc,F3: GVA-84+ supply through a ferrite bead and 22 uF (ripple at most 3 mV at 1 to 10 MHz); derived requirement to WP-PDR-22 and WP-PDR-24,
B0,A5,144.05,148.0815,PWM comb,PWM 149.88 kHz x 988,gva,False,-359.1,-325.5,-404.1,-370.5,pass,pass,"3.3 V GPIO, tr 2 to 5 ns, every 25th line of the comb shown","none needed (coherent 150 kHz comb, ADR-031 rule 3)",
B0,A5,144.05,149.0000,RP2350 on-die products,1 x 125 + 2 x 12 MHz,gva,False,-96.0,-33.2,-141.0,-78.2,pass,pass,"on-die current into the Pico 2 PDN (0.1 to 0.5 ohm), path pdn 40 to 70 dB","C1 puts every on-die product on the 12 MHz grid (120, 132, 144, 156, 168 MHz); level: L1 to L3",
B0,A5,144.05,150.0000,Si5351 reference 25 MHz,2 coincident lines at 150.000 MHz (amplitude sum),pre,False,-38.4,-12.5,-83.4,-57.5,not shown,not shown,no datasheet figure; below the -35 to -50 dBc output-to-output crosstalk reported for full-swing outputs (Low),"L4: TCXO output lead at most 10 mm and at least 8 mm from the CLK1 trace; cannot be moved (Si5351A reference 25 MHz, clock-plan rule 7); level: F1 Si5351 VDD filter; tinySA sweep","25 MHz x 6, Si5351 on-die feedthrough to CLK1: -38.4 to -13.4 dBm | 25 MHz x 6, TCXO lead near CLK1: -67.4 to -33.3 dBm"
B0,A5,144.05,150.0500,VGG / supply sidebands,2 coincident lines at 150.050 MHz (amplitude sum),rel,False,-64.3,-30.3,-109.3,-75.3,pass,pass,ripple 1 to 10 mV at the GVA-84+ Vcc,F3: GVA-84+ supply through a ferrite bead and 22 uF (ripple at most 3 mV at 1 to 10 MHz); derived requirement to WP-PDR-22 and WP-PDR-24,"RT6150 (Pico 2, about 2 MHz, Low) ripple on the GVA-84+ bias, fc + 3 x 2 MHz: -70.3 to -39.9 dBm | RP2350 core regulator (3 MHz typ) ripple on the GVA-84+ bias, fc + 2 x 3 MHz: -64.3 to -33.9 dBm"
B0,A5,144.05,151.1000,RP2350 on-die products,mirror of 1 x 125 + 1 x 12 MHz,gva,True,-102.0,-39.2,-147.0,-84.2,pass,pass,"on-die current into the Pico 2 PDN (0.1 to 0.5 ohm), path pdn 40 to 70 dB","C1 puts every on-die product on the 12 MHz grid (120, 132, 144, 156, 168 MHz); level: L1 to L3",
B0,A5,144.05,151.2595,PWM comb,mirror of PWM 149.88 kHz x 913,gva,True,-102.8,-71.0,-147.8,-116.0,pass,pass,"3.3 V GPIO, tr 2 to 5 ns, every 25th line of the comb shown","none needed (coherent 150 kHz comb, ADR-031 rule 3)",
B0,A5,144.05,151.8285,PWM comb,PWM 149.88 kHz x 1013,gva,False,-99.5,-65.2,-144.5,-110.2,pass,pass,"3.3 V GPIO, tr 2 to 5 ns, every 25th line of the comb shown","none needed (coherent 150 kHz comb, ADR-031 rule 3)",
B0,A5,144.05,152.0500,Si5351 PLL B / CLK2,2 coincident lines at 152.050 MHz (amplitude sum),pre,False,-38.5,-14.7,-83.5,-59.7,not shown,not shown,"residual after CLK2 power-down; -35 to -50 dBc when the output runs (pavelmc Si5351_issues, NT7S part 8) (Low)",C6: in transmit PLL B is parked on the PLL A multiplier and CLK2 and CLK0 are powered down and disabled (register 3),"mirror of CLK2 BFO product fc - 1 x 8 MHz (CLK2 powered down, PLL B running): -43.7 to -23.7 dBm | CLK2 BFO product fc + 1 x 8 MHz (CLK2 powered down, PLL B running): -38.5 to -18.5 dBm"
B0,A5,144.05,153.0500,VGG / supply sidebands,"RP2350 core regulator (3 MHz typ) ripple on the GVA-84+ bias, fc + 3 x 3 MHz",rel,False,-70.3,-39.9,-115.3,-84.9,pass,pass,ripple 1 to 10 mV at the GVA-84+ Vcc,F3: GVA-84+ supply through a ferrite bead and 22 uF (ripple at most 3 mV at 1 to 10 MHz); derived requirement to WP-PDR-22 and WP-PDR-24,
B0,A5,144.05,154.0000,RP2350 on-die products,2 x 125 - 8 x 12 MHz,gva,False,-96.0,-33.2,-141.0,-78.2,pass,pass,"on-die current into the Pico 2 PDN (0.1 to 0.5 ohm), path pdn 40 to 70 dB","C1 puts every on-die product on the 12 MHz grid (120, 132, 144, 156, 168 MHz); level: L1 to L3",
B0,A5,144.05,154.7667,Si5351 PLL B / CLK2,mirror of VCO B 800 MHz / 6 through MS1,pre,True,-38.6,-18.6,-83.6,-63.6,not shown,pass,VCO B leakage into MS1 (Low),C6 (as above): VCO B leakage through MS1 then falls on the carrier,
B0,A5,144.05,155.0065,PWM comb,mirror of PWM 149.88 kHz x 888,gva,True,-380.9,-349.5,-425.9,-394.5,pass,pass,"3.3 V GPIO, tr 2 to 5 ns, every 25th line of the comb shown","none needed (coherent 150 kHz comb, ADR-031 rule 3)",
B0,A5,144.05,155.5755,PWM comb,PWM 149.88 kHz x 1038,gva,False,-372.5,-337.5,-417.5,-382.5,pass,pass,"3.3 V GPIO, tr 2 to 5 ns, every 25th line of the comb shown","none needed (coherent 150 kHz comb, ADR-031 rule 3)",
B0,A5,144.05,156.0000,RP2350 XOSC 12 MHz,XOSC 12 MHz x 13,gva,False,-90.4,-33.0,-135.4,-78.0,pass,pass,"on-die current into the Pico 2 PDN (0.1 to 0.5 ohm), path pdn 40 to 70 dB",cannot be moved (Pico 2 crystal); level: layout rules L1 to L3; tinySA sweep,
B0,A5,144.05,156.1000,RP2350 XOSC 12 MHz,mirror of XOSC 12 MHz x 11,gva,True,-96.4,-39.0,-141.4,-84.0,pass,pass,"on-die current into the Pico 2 PDN (0.1 to 0.5 ohm), path pdn 40 to 70 dB",cannot be moved (Pico 2 crystal); level: layout rules L1 to L3; tinySA sweep,
B0,A5,144.05,156.2500,RP2350 QSPI SCK,QSPI SCK 31.25 MHz x 5,gva,False,-54.2,-17.9,-99.2,-62.9,not shown,pass,"3.3 V trace, tr 1 to 2 ns, activity (0.1, 1.0)","C4: QSPI CLKDIV 2 (48 MHz, lines only on 144.000 MHz) and the transmit-path code and data in SRAM so the flash is idle during key-down",
B0,A5,144.05,158.1000,RP2350 on-die products,mirror of 2 x 125 - 10 x 12 MHz,gva,True,-102.0,-39.3,-147.0,-84.3,pass,pass,"on-die current into the Pico 2 PDN (0.1 to 0.5 ohm), path pdn 40 to 70 dB","C1 puts every on-die product on the 12 MHz grid (120, 132, 144, 156, 168 MHz); level: L1 to L3",
B0,A5,144.05,158.7535,PWM comb,mirror of PWM 149.88 kHz x 863,gva,True,-101.8,-70.9,-146.8,-115.9,pass,pass,"3.3 V GPIO, tr 2 to 5 ns, every 25th line of the comb shown","none needed (coherent 150 kHz comb, ADR-031 rule 3)",
B0,A5,144.05,159.3225,PWM comb,PWM 149.88 kHz x 1063,gva,False,-101.2,-65.4,-146.2,-110.4,pass,pass,"3.3 V GPIO, tr 2 to 5 ns, every 25th line of the comb shown","none needed (coherent 150 kHz comb, ADR-031 rule 3)",
B0,A5,144.05,160.0500,Si5351 PLL B / CLK2,2 coincident lines at 160.050 MHz (amplitude sum),pre,False,-39.0,-15.0,-84.0,-60.0,not shown,not shown,"residual after CLK2 power-down; -35 to -50 dBc when the output runs (pavelmc Si5351_issues, NT7S part 8) (Low)",C6: in transmit PLL B is parked on the PLL A multiplier and CLK2 and CLK0 are powered down and disabled (register 3),"mirror of CLK2 BFO product fc - 2 x 8 MHz (CLK2 powered down, PLL B running): -43.5 to -23.5 dBm | CLK2 BFO product fc + 2 x 8 MHz (CLK2 powered down, PLL B running): -39.0 to -19.0 dBm"
B0,A5,144.05,161.0000,RP2350 on-die products,1 x 125 + 3 x 12 MHz,gva,False,-96.1,-33.3,-141.1,-78.3,pass,pass,"on-die current into the Pico 2 PDN (0.1 to 0.5 ohm), path pdn 40 to 70 dB","C1 puts every on-die product on the 12 MHz grid (120, 132, 144, 156, 168 MHz); level: L1 to L3",
B0,A5,144.05,162.0563,/8 prescaler,4 coincident lines at 162.056 MHz (amplitude sum),pre,False,-29.2,-1.5,-74.2,-46.5,not shown,not shown,"100 pF tap on CLK1, shared VCC: fc +/- fc/8 sidebands (Low)","C7: prescaler fed through 330 ohm in series (after the 100 pF), each 74LVC1G80 on its own bead-and-100 nF supply; C8: 470 ohm series resistor at the /8 output and the /8 trace 15 to 25 mm from the CLK1 net (L5); option C9 (/4 prescaler) moves both lines out of the window but needs a REQ-TX-013 CR",mirror of /8 output x 7 (7/8 fc) on the trace: -48.3 to -19.2 dBm | mirror of /8 kickback sideband (7/8 fc): -33.5 to -13.5 dBm | /8 output x 9 (9/8 fc) on the trace: -44.8 to -15.1 dBm | /8 kickback sideband (9/8 fc): -29.2 to -9.2 dBm
B0,A5,144.05,162.5005,PWM comb,mirror of PWM 149.88 kHz x 838,gva,True,-363.0,-332.5,-408.0,-377.5,pass,pass,"3.3 V GPIO, tr 2 to 5 ns, every 25th line of the comb shown","none needed (coherent 150 kHz comb, ADR-031 rule 3)",
B0,A5,144.05,163.0695,PWM comb,PWM 149.88 kHz x 1088,gva,False,-368.8,-332.2,-413.8,-377.2,pass,pass,"3.3 V GPIO, tr 2 to 5 ns, every 25th line of the comb shown","none needed (coherent 150 kHz comb, ADR-031 rule 3)",
B0,A5,144.05,163.1000,Si5351 reference 25 MHz,4 coincident lines at 163.100 MHz (amplitude sum),pre,True,-43.5,-12.0,-88.5,-57.0,not shown,not shown,no datasheet figure; below the -35 to -50 dBc output-to-output crosstalk reported for full-swing outputs (Low),"C1: clk_sys = clk_peri = 96 MHz in every state (PLL_SYS FBDIV 120, POSTDIV1 5, POSTDIV2 3); fundamental below 118 MHz, 2nd harmonic 192 MHz; C4: QSPI CLKDIV 2 (48 MHz, lines only on 144.000 MHz) and the transmit-path code and data in SRAM so the flash is idle during key-down; L4: TCXO output lead at most 10 mm and at least 8 mm from the CLK1 trace; cannot be moved (Si5351A reference 25 MHz, clock-plan rule 7); level: F1 Si5351 VDD filter; tinySA sweep","mirror of clk_sys 125 MHz x 1: -72.2 to -19.4 dBm | mirror of QSPI SCK 31.25 MHz x 4: -371.6 to -36.0 dBm | mirror of 25 MHz x 5, Si5351 on-die feedthrough to CLK1: -43.5 to -18.5 dBm | mirror of 25 MHz x 5, TCXO lead near CLK1: -74.1 to -40.0 dBm"
B0,A5,144.05,166.0000,RP2350 on-die products,2 x 125 - 7 x 12 MHz,gva,False,-96.4,-33.6,-141.4,-78.6,pass,pass,"on-die current into the Pico 2 PDN (0.1 to 0.5 ohm), path pdn 40 to 70 dB","C1 puts every on-die product on the 12 MHz grid (120, 132, 144, 156, 168 MHz); level: L1 to L3",
B0,A5,144.05,166.2475,PWM comb,mirror of PWM 149.88 kHz x 813,gva,True,-101.2,-71.2,-146.2,-116.2,pass,pass,"3.3 V GPIO, tr 2 to 5 ns, every 25th line of the comb shown","none needed (coherent 150 kHz comb, ADR-031 rule 3)",
B0,A5,144.05,166.8165,PWM comb,PWM 149.88 kHz x 1113,gva,False,-103.6,-66.0,-148.6,-111.0,pass,pass,"3.3 V GPIO, tr 2 to 5 ns, every 25th line of the comb shown","none needed (coherent 150 kHz comb, ADR-031 rule 3)",
B0,A5,144.05,168.0000,RP2350 XOSC 12 MHz,XOSC 12 MHz x 14,gva,False,-91.1,-33.7,-136.1,-78.7,pass,pass,"on-die current into the Pico 2 PDN (0.1 to 0.5 ohm), path pdn 40 to 70 dB",cannot be moved (Pico 2 crystal); level: layout rules L1 to L3; tinySA sweep,
B0,A5,144.05,168.1000,RP2350 XOSC 12 MHz,mirror of XOSC 12 MHz x 10,gva,True,-97.1,-39.7,-142.1,-84.7,pass,pass,"on-die current into the Pico 2 PDN (0.1 to 0.5 ohm), path pdn 40 to 70 dB",cannot be moved (Pico 2 crystal); level: layout rules L1 to L3; tinySA sweep,
B0,A5,144.05,169.0500,Si5351 PLL spurs,PFD reference spur fc + 25 MHz,pre,False,-50.5,-30.5,-95.5,-75.5,pass,pass,"VCO spur at the 25 MHz PFD offset, divided by 6 (-15.6 dB) (Low)",level only (on-die PLL); tinySA sweep,
B0,A5,144.05,169.9945,PWM comb,mirror of PWM 149.88 kHz x 788,gva,True,-357.6,-328.0,-402.6,-373.0,pass,pass,"3.3 V GPIO, tr 2 to 5 ns, every 25th line of the comb shown","none needed (coherent 150 kHz comb, ADR-031 rule 3)",
B0,A5,144.05,170.1000,RP2350 on-die products,mirror of 2 x 125 - 11 x 12 MHz,gva,True,-103.1,-40.3,-148.1,-85.3,pass,pass,"on-die current into the Pico 2 PDN (0.1 to 0.5 ohm), path pdn 40 to 70 dB","C1 puts every on-die product on the 12 MHz grid (120, 132, 144, 156, 168 MHz); level: L1 to L3",
B0,A5,144.05,170.5635,PWM comb,PWM 149.88 kHz x 1138,gva,False,-364.7,-326.1,-409.7,-371.1,pass,pass,"3.3 V GPIO, tr 2 to 5 ns, every 25th line of the comb shown","none needed (coherent 150 kHz comb, ADR-031 rule 3)",
B0,A5,144.05,173.0000,RP2350 on-die products,1 x 125 + 4 x 12 MHz,gva,False,-97.9,-35.2,-142.9,-80.2,pass,pass,"on-die current into the Pico 2 PDN (0.1 to 0.5 ohm), path pdn 40 to 70 dB","C1 puts every on-die product on the 12 MHz grid (120, 132, 144, 156, 168 MHz); level: L1 to L3",
B0,A5,144.05,174.3106,PWM comb,PWM 149.88 kHz x 1163,gva,False,-107.9,-68.1,-152.9,-113.1,pass,pass,"3.3 V GPIO, tr 2 to 5 ns, every 25th line of the comb shown","none needed (coherent 150 kHz comb, ADR-031 rule 3)",
B0,A5,144.05,175.0000,Si5351 reference 25 MHz,2 coincident lines at 175.000 MHz (amplitude sum),pre,False,-42.8,-16.8,-87.8,-61.8,not shown,pass,no datasheet figure; below the -35 to -50 dBc output-to-output crosstalk reported for full-swing outputs (Low),"L4: TCXO output lead at most 10 mm and at least 8 mm from the CLK1 trace; cannot be moved (Si5351A reference 25 MHz, clock-plan rule 7); level: F1 Si5351 VDD filter; tinySA sweep","25 MHz x 7, Si5351 on-die feedthrough to CLK1: -42.8 to -17.8 dBm | 25 MHz x 7, TCXO lead near CLK1: -70.4 to -36.3 dBm"
B0,A5,146.0,118.0000,RP2350 on-die products,2 x 125 - 11 x 12 MHz,gva,False,-95.7,-32.9,-140.7,-77.9,pass,pass,"on-die current into the Pico 2 PDN (0.1 to 0.5 ohm), path pdn 40 to 70 dB","C1 puts every on-die product on the 12 MHz grid (120, 132, 144, 156, 168 MHz); level: L1 to L3",
B0,A5,146.0,118.1055,PWM comb,PWM 149.88 kHz x 788,gva,False,-350.3,-320.6,-395.3,-365.6,pass,pass,"3.3 V GPIO, tr 2 to 5 ns, every 25th line of the comb shown","none needed (coherent 150 kHz comb, ADR-031 rule 3)",
B0,A5,146.0,119.0000,RP2350 on-die products,mirror of 1 x 125 + 4 x 12 MHz,gva,True,-101.7,-38.9,-146.7,-83.9,pass,pass,"on-die current into the Pico 2 PDN (0.1 to 0.5 ohm), path pdn 40 to 70 dB","C1 puts every on-die product on the 12 MHz grid (120, 132, 144, 156, 168 MHz); level: L1 to L3",
B0,A5,146.0,120.0000,RP2350 XOSC 12 MHz,XOSC 12 MHz x 10,gva,False,-90.1,-32.7,-135.1,-77.7,pass,pass,"on-die current into the Pico 2 PDN (0.1 to 0.5 ohm), path pdn 40 to 70 dB",cannot be moved (Pico 2 crystal); level: layout rules L1 to L3; tinySA sweep,
B0,A5,146.0,121.0000,Si5351 PLL spurs,PFD reference spur fc - 25 MHz,pre,False,-46.9,-26.9,-91.9,-71.9,pass,pass,"VCO spur at the 25 MHz PFD offset, divided by 6 (-15.6 dB) (Low)",level only (on-die PLL); tinySA sweep,
B0,A5,146.0,121.4365,PWM comb,mirror of PWM 149.88 kHz x 1138,gva,True,-369.2,-330.6,-414.2,-375.6,pass,pass,"3.3 V GPIO, tr 2 to 5 ns, every 25th line of the comb shown","none needed (coherent 150 kHz comb, ADR-031 rule 3)",
B0,A5,146.0,121.8525,PWM comb,PWM 149.88 kHz x 813,gva,False,-94.5,-64.4,-139.5,-109.4,pass,pass,"3.3 V GPIO, tr 2 to 5 ns, every 25th line of the comb shown","none needed (coherent 150 kHz comb, ADR-031 rule 3)",
B0,A5,146.0,124.0000,RP2350 XOSC 12 MHz,mirror of XOSC 12 MHz x 14,gva,True,-96.1,-38.7,-141.1,-83.7,pass,pass,"on-die current into the Pico 2 PDN (0.1 to 0.5 ohm), path pdn 40 to 70 dB",cannot be moved (Pico 2 crystal); level: layout rules L1 to L3; tinySA sweep,
B0,A5,146.0,125.0000,Si5351 reference 25 MHz,4 coincident lines at 125.000 MHz (amplitude sum),pre,False,-37.0,-5.5,-82.0,-50.5,not shown,not shown,no datasheet figure; below the -35 to -50 dBc output-to-output crosstalk reported for full-swing outputs (Low),"C1: clk_sys = clk_peri = 96 MHz in every state (PLL_SYS FBDIV 120, POSTDIV1 5, POSTDIV2 3); fundamental below 118 MHz, 2nd harmonic 192 MHz; C4: QSPI CLKDIV 2 (48 MHz, lines only on 144.000 MHz) and the transmit-path code and data in SRAM so the flash is idle during key-down; L4: TCXO output lead at most 10 mm and at least 8 mm from the CLK1 trace; cannot be moved (Si5351A reference 25 MHz, clock-plan rule 7); level: F1 Si5351 VDD filter; tinySA sweep","clk_sys 125 MHz x 1: -65.7 to -12.9 dBm | QSPI SCK 31.25 MHz x 4: -365.1 to -29.5 dBm | 25 MHz x 5, Si5351 on-die feedthrough to CLK1: -37.0 to -12.0 dBm | 25 MHz x 5, TCXO lead near CLK1: -67.6 to -33.5 dBm"
B0,A5,146.0,125.1835,PWM comb,mirror of PWM 149.88 kHz x 1113,gva,True,-108.7,-71.2,-153.7,-116.2,pass,pass,"3.3 V GPIO, tr 2 to 5 ns, every 25th line of the comb shown","none needed (coherent 150 kHz comb, ADR-031 rule 3)",
B0,A5,146.0,125.5995,PWM comb,PWM 149.88 kHz x 838,gva,False,-356.5,-326.1,-401.5,-371.1,pass,pass,"3.3 V GPIO, tr 2 to 5 ns, every 25th line of the comb shown","none needed (coherent 150 kHz comb, ADR-031 rule 3)",
B0,A5,146.0,126.0000,RP2350 on-die products,mirror of 2 x 125 - 7 x 12 MHz,gva,True,-101.7,-38.9,-146.7,-83.9,pass,pass,"on-die current into the Pico 2 PDN (0.1 to 0.5 ohm), path pdn 40 to 70 dB","C1 puts every on-die product on the 12 MHz grid (120, 132, 144, 156, 168 MHz); level: L1 to L3",
B0,A5,146.0,127.7500,/8 prescaler,4 coincident lines at 127.750 MHz (amplitude sum),pre,False,-27.1,-0.5,-72.1,-45.5,not shown,not shown,"100 pF tap on CLK1, shared VCC: fc +/- fc/8 sidebands (Low)","C7: prescaler fed through 330 ohm in series (after the 100 pF), each 74LVC1G80 on its own bead-and-100 nF supply; C8: 470 ohm series resistor at the /8 output and the /8 trace 15 to 25 mm from the CLK1 net (L5); option C9 (/4 prescaler) moves both lines out of the window but needs a REQ-TX-013 CR",/8 output x 7 (7/8 fc) on the trace: -41.9 to -12.7 dBm | /8 kickback sideband (7/8 fc): -27.1 to -7.1 dBm | mirror of /8 output x 9 (9/8 fc) on the trace: -50.5 to -20.7 dBm | mirror of /8 kickback sideband (9/8 fc): -34.9 to -14.9 dBm
B0,A5,146.0,128.9305,PWM comb,mirror of PWM 149.88 kHz x 1088,gva,True,-374.3,-337.7,-419.3,-382.7,pass,pass,"3.3 V GPIO, tr 2 to 5 ns, every 25th line of the comb shown","none needed (coherent 150 kHz comb, ADR-031 rule 3)",
B0,A5,146.0,129.3465,PWM comb,PWM 149.88 kHz x 863,gva,False,-95.4,-64.5,-140.4,-109.5,pass,pass,"3.3 V GPIO, tr 2 to 5 ns, every 25th line of the comb shown","none needed (coherent 150 kHz comb, ADR-031 rule 3)",
B0,A5,146.0,130.0000,Si5351 PLL B / CLK2,3 coincident lines at 130.000 MHz (amplitude sum),pre,False,-37.2,-13.2,-82.2,-58.2,not shown,not shown,"residual after CLK2 power-down; -35 to -50 dBc when the output runs (pavelmc Si5351_issues, NT7S part 8) (Low)","C1 puts every on-die product on the 12 MHz grid (120, 132, 144, 156, 168 MHz); level: L1 to L3; C6: in transmit PLL B is parked on the PLL A multiplier and CLK2 and CLK0 are powered down and disabled (register 3)","2 x 125 - 10 x 12 MHz: -95.7 to -32.9 dBm | CLK2 BFO product fc - 2 x 8 MHz (CLK2 powered down, PLL B running): -37.2 to -17.2 dBm | mirror of CLK2 BFO product fc + 2 x 8 MHz (CLK2 powered down, PLL B running): -44.8 to -24.8 dBm"
B0,A5,146.0,131.0000,RP2350 on-die products,mirror of 1 x 125 + 3 x 12 MHz,gva,True,-101.7,-38.9,-146.7,-83.9,pass,pass,"on-die current into the Pico 2 PDN (0.1 to 0.5 ohm), path pdn 40 to 70 dB","C1 puts every on-die product on the 12 MHz grid (120, 132, 144, 156, 168 MHz); level: L1 to L3",
B0,A5,146.0,132.0000,RP2350 XOSC 12 MHz,XOSC 12 MHz x 11,gva,False,-90.1,-32.7,-135.1,-77.7,pass,pass,"on-die current into the Pico 2 PDN (0.1 to 0.5 ohm), path pdn 40 to 70 dB",cannot be moved (Pico 2 crystal); level: layout rules L1 to L3; tinySA sweep,
B0,A5,146.0,132.6775,PWM comb,mirror of PWM 149.88 kHz x 1063,gva,True,-106.8,-71.1,-151.8,-116.1,pass,pass,"3.3 V GPIO, tr 2 to 5 ns, every 25th line of the comb shown","none needed (coherent 150 kHz comb, ADR-031 rule 3)",
B0,A5,146.0,133.0935,PWM comb,PWM 149.88 kHz x 888,gva,False,-374.6,-343.2,-419.6,-388.2,pass,pass,"3.3 V GPIO, tr 2 to 5 ns, every 25th line of the comb shown","none needed (coherent 150 kHz comb, ADR-031 rule 3)",
B0,A5,146.0,133.3333,Si5351 PLL B / CLK2,VCO B 800 MHz / 6 through MS1,pre,False,-32.3,-12.3,-77.3,-57.3,not shown,not shown,VCO B leakage into MS1 (Low),C6 (as above): VCO B leakage through MS1 then falls on the carrier,
B0,A5,146.0,135.7500,RP2350 QSPI SCK,mirror of QSPI SCK 31.25 MHz x 5,gva,True,-59.9,-23.6,-104.9,-68.6,pass,pass,"3.3 V trace, tr 1 to 2 ns, activity (0.1, 1.0)","C4: QSPI CLKDIV 2 (48 MHz, lines only on 144.000 MHz) and the transmit-path code and data in SRAM so the flash is idle during key-down",
B0,A5,146.0,136.0000,RP2350 XOSC 12 MHz,mirror of XOSC 12 MHz x 13,gva,True,-96.1,-38.7,-141.1,-83.7,pass,pass,"on-die current into the Pico 2 PDN (0.1 to 0.5 ohm), path pdn 40 to 70 dB",cannot be moved (Pico 2 crystal); level: layout rules L1 to L3; tinySA sweep,
B0,A5,146.0,136.4245,PWM comb,mirror of PWM 149.88 kHz x 1038,gva,True,-378.2,-343.3,-423.2,-388.3,pass,pass,"3.3 V GPIO, tr 2 to 5 ns, every 25th line of the comb shown","none needed (coherent 150 kHz comb, ADR-031 rule 3)",
B0,A5,146.0,136.8405,PWM comb,PWM 149.88 kHz x 913,gva,False,-96.6,-64.7,-141.6,-109.7,pass,pass,"3.3 V GPIO, tr 2 to 5 ns, every 25th line of the comb shown","none needed (coherent 150 kHz comb, ADR-031 rule 3)",
B0,A5,146.0,137.0000,RP2350 on-die products,2 coincident lines at 137.000 MHz (amplitude sum),gva,False,-70.2,-29.7,-115.2,-74.7,pass,pass,"on-die current into the Pico 2 PDN (0.1 to 0.5 ohm), path pdn 40 to 70 dB","C1 puts every on-die product on the 12 MHz grid (120, 132, 144, 156, 168 MHz); level: L1 to L3; F3: GVA-84+ supply through a ferrite bead and 22 uF (ripple at most 3 mV at 1 to 10 MHz); derived requirement to WP-PDR-22 and WP-PDR-24","1 x 125 + 1 x 12 MHz: -95.7 to -33.0 dBm | RP2350 core regulator (3 MHz typ) ripple on the GVA-84+ bias, fc - 3 x 3 MHz: -70.2 to -39.7 dBm"
B0,A5,146.0,138.0000,Si5351 PLL B / CLK2,3 coincident lines at 138.000 MHz (amplitude sum),pre,False,-37.5,-13.8,-82.5,-58.8,not shown,not shown,"residual after CLK2 power-down; -35 to -50 dBc when the output runs (pavelmc Si5351_issues, NT7S part 8) (Low)","C1 puts every on-die product on the 12 MHz grid (120, 132, 144, 156, 168 MHz); level: L1 to L3; C6: in transmit PLL B is parked on the PLL A multiplier and CLK2 and CLK0 are powered down and disabled (register 3)","mirror of 2 x 125 - 8 x 12 MHz: -101.7 to -39.0 dBm | CLK2 BFO product fc - 1 x 8 MHz (CLK2 powered down, PLL B running): -37.5 to -17.5 dBm | mirror of CLK2 BFO product fc + 1 x 8 MHz (CLK2 powered down, PLL B running): -44.3 to -24.3 dBm"
B0,A5,146.0,140.0000,VGG / supply sidebands,2 coincident lines at 140.000 MHz (amplitude sum),rel,False,-64.2,-30.2,-109.2,-75.2,pass,pass,ripple 1 to 10 mV at the GVA-84+ Vcc,F3: GVA-84+ supply through a ferrite bead and 22 uF (ripple at most 3 mV at 1 to 10 MHz); derived requirement to WP-PDR-22 and WP-PDR-24,"RT6150 (Pico 2, about 2 MHz, Low) ripple on the GVA-84+ bias, fc - 3 x 2 MHz: -70.2 to -39.7 dBm | RP2350 core regulator (3 MHz typ) ripple on the GVA-84+ bias, fc - 2 x 3 MHz: -64.2 to -33.7 dBm"
B0,A5,146.0,140.1715,PWM comb,mirror of PWM 149.88 kHz x 1013,gva,True,-105.2,-71.0,-150.2,-116.0,pass,pass,"3.3 V GPIO, tr 2 to 5 ns, every 25th line of the comb shown","none needed (coherent 150 kHz comb, ADR-031 rule 3)",
B0,A5,146.0,140.5875,PWM comb,PWM 149.88 kHz x 938,gva,False,-352.7,-320.3,-397.7,-365.3,pass,pass,"3.3 V GPIO, tr 2 to 5 ns, every 25th line of the comb shown","none needed (coherent 150 kHz comb, ADR-031 rule 3)",
B0,A5,146.0,142.0000,Si5351 reference 25 MHz,4 coincident lines at 142.000 MHz (amplitude sum),pre,True,-44.2,-15.7,-89.2,-60.7,not shown,not shown,no datasheet figure; below the -35 to -50 dBc output-to-output crosstalk reported for full-swing outputs (Low),"C1 puts every on-die product on the 12 MHz grid (120, 132, 144, 156, 168 MHz); level: L1 to L3; F3: GVA-84+ supply through a ferrite bead and 22 uF (ripple at most 3 mV at 1 to 10 MHz); derived requirement to WP-PDR-22 and WP-PDR-24; L4: TCXO output lead at most 10 mm and at least 8 mm from the CLK1 trace; cannot be moved (Si5351A reference 25 MHz, clock-plan rule 7); level: F1 Si5351 VDD filter; tinySA sweep","2 x 125 - 9 x 12 MHz: -95.8 to -33.0 dBm | mirror of 25 MHz x 6, Si5351 on-die feedthrough to CLK1: -44.2 to -19.2 dBm | mirror of 25 MHz x 6, TCXO lead near CLK1: -73.2 to -39.1 dBm | RT6150 (Pico 2, about 2 MHz, Low) ripple on the GVA-84+ bias, fc - 2 x 2 MHz: -64.2 to -33.8 dBm"
B0,A5,146.0,143.0000,VGG / supply sidebands,2 coincident lines at 143.000 MHz (amplitude sum),rel,False,-58.2,-25.7,-103.2,-70.7,pass,pass,ripple 1 to 10 mV at the GVA-84+ Vcc,"C1 puts every on-die product on the 12 MHz grid (120, 132, 144, 156, 168 MHz); level: L1 to L3; F3: GVA-84+ supply through a ferrite bead and 22 uF (ripple at most 3 mV at 1 to 10 MHz); derived requirement to WP-PDR-22 and WP-PDR-24","mirror of 1 x 125 + 2 x 12 MHz: -101.8 to -39.0 dBm | RP2350 core regulator (3 MHz typ) ripple on the GVA-84+ bias, fc - 1 x 3 MHz: -58.2 to -27.8 dBm"
B0,A5,146.0,143.9185,PWM comb,mirror of PWM 149.88 kHz x 988,gva,True,-364.9,-331.3,-409.9,-376.3,pass,pass,"3.3 V GPIO, tr 2 to 5 ns, every 25th line of the comb shown","none needed (coherent 150 kHz comb, ADR-031 rule 3)",
B0,A5,146.0,144.0000,Si5351 PLL spurs,5 coincident lines at 144.000 MHz (amplitude sum),pre,False,-42.9,-16.0,-87.9,-61.0,not shown,pass,"PA3FWM tn42b: about -80 dBc in theory, measured worse (Low); offset depends on the fraction","C2: clk_adc from PLL_SYS / 2 (AUXSRC CLKSRC_PLL_SYS, DIV 2) enabled only for conversion bursts (ENABLE bit); C3: PLL_USB powered down (PWR.PD, VCOPD) outside USB; C5: PLL A multiplier rule, fractional part not within 0.002 of an integer (firmware table check); tinySA sweep at the worst channel; F3: GVA-84+ supply through a ferrite bead and 22 uF (ripple at most 3 mV at 1 to 10 MHz); derived requirement to WP-PDR-22 and WP-PDR-24; cannot be moved (Pico 2 crystal); level: layout rules L1 to L3; tinySA sweep","XOSC 12 MHz x 12: -90.2 to -32.8 dBm | clk_adc 48 MHz x 3 (continuous): -100.7 to -42.4 dBm | PLL_USB 48 MHz x 3 (running): -96.3 to -36.3 dBm | fractional / integer-boundary spur fc -2 MHz (representative): -42.9 to -22.9 dBm | RT6150 (Pico 2, about 2 MHz, Low) ripple on the GVA-84+ bias, fc - 1 x 2 MHz: -58.2 to -27.8 dBm"
B0,A5,146.0,144.3345,PWM comb,PWM 149.88 kHz x 963,gva,False,-97.9,-64.9,-142.9,-109.9,pass,pass,"3.3 V GPIO, tr 2 to 5 ns, every 25th line of the comb shown","none needed (coherent 150 kHz comb, ADR-031 rule 3)",
B0,A5,146.0,145.5000,Si5351 PLL spurs,fractional / integer-boundary spur fc -0.5 MHz (representative),pre,False,-43.0,-23.0,-88.0,-68.0,not shown,pass,"PA3FWM tn42b: about -80 dBc in theory, measured worse (Low); offset depends on the fraction","C5: PLL A multiplier rule, fractional part not within 0.002 of an integer (firmware table check); tinySA sweep at the worst channel",
B0,A5,146.0,145.7000,VGG / supply sidebands,"envelope-reference PWM ripple, fc - 2 x 150 kHz",rel,False,-60.1,-41.0,-105.1,-86.0,pass,pass,"AM index m = 0.6/V x ripple; ripple 0.23 to 0.84 mV (2-pole RC, 1 to 3 kHz)",none needed; derived requirement to WP-PDR-22: PWM ripple at VGG at most 3.3 mV peak,
B0,A5,146.0,145.8500,VGG / supply sidebands,"envelope-reference PWM ripple, fc - 1 x 150 kHz",rel,False,-54.1,-35.0,-99.1,-80.0,pass,pass,"AM index m = 0.6/V x ripple; ripple 0.23 to 0.84 mV (2-pole RC, 1 to 3 kHz)",none needed; derived requirement to WP-PDR-22: PWM ripple at VGG at most 3.3 mV peak,
B0,A5,146.0,146.1500,VGG / supply sidebands,"envelope-reference PWM ripple, fc + 1 x 150 kHz",rel,False,-54.1,-35.0,-99.1,-80.0,pass,pass,"AM index m = 0.6/V x ripple; ripple 0.23 to 0.84 mV (2-pole RC, 1 to 3 kHz)",none needed; derived requirement to WP-PDR-22: PWM ripple at VGG at most 3.3 mV peak,
B0,A5,146.0,146.3000,VGG / supply sidebands,"envelope-reference PWM ripple, fc + 2 x 150 kHz",rel,False,-60.1,-41.0,-105.1,-86.0,pass,pass,"AM index m = 0.6/V x ripple; ripple 0.23 to 0.84 mV (2-pole RC, 1 to 3 kHz)",none needed; derived requirement to WP-PDR-22: PWM ripple at VGG at most 3.3 mV peak,
B0,A5,146.0,146.5000,Si5351 PLL spurs,fractional / integer-boundary spur fc +0.5 MHz (representative),pre,False,-43.0,-23.0,-88.0,-68.0,pass,pass,"PA3FWM tn42b: about -80 dBc in theory, measured worse (Low); offset depends on the fraction","C5: PLL A multiplier rule, fractional part not within 0.002 of an integer (firmware table check); tinySA sweep at the worst channel",
B0,A5,146.0,147.6655,PWM comb,mirror of PWM 149.88 kHz x 963,gva,True,-103.9,-71.0,-148.9,-116.0,pass,pass,"3.3 V GPIO, tr 2 to 5 ns, every 25th line of the comb shown","none needed (coherent 150 kHz comb, ADR-031 rule 3)",
B0,A5,146.0,148.0000,Si5351 PLL spurs,5 coincident lines at 148.000 MHz (amplitude sum),pre,False,-43.1,-17.5,-88.1,-62.5,not shown,pass,"PA3FWM tn42b: about -80 dBc in theory, measured worse (Low); offset depends on the fraction","C2: clk_adc from PLL_SYS / 2 (AUXSRC CLKSRC_PLL_SYS, DIV 2) enabled only for conversion bursts (ENABLE bit); C3: PLL_USB powered down (PWR.PD, VCOPD) outside USB; C5: PLL A multiplier rule, fractional part not within 0.002 of an integer (firmware table check); tinySA sweep at the worst channel; F3: GVA-84+ supply through a ferrite bead and 22 uF (ripple at most 3 mV at 1 to 10 MHz); derived requirement to WP-PDR-22 and WP-PDR-24; cannot be moved (Pico 2 crystal); level: layout rules L1 to L3; tinySA sweep","mirror of XOSC 12 MHz x 12: -96.3 to -38.9 dBm | mirror of clk_adc 48 MHz x 3 (continuous): -106.7 to -48.4 dBm | mirror of PLL_USB 48 MHz x 3 (running): -102.3 to -42.4 dBm | fractional / integer-boundary spur fc +2 MHz (representative): -43.1 to -23.1 dBm | RT6150 (Pico 2, about 2 MHz, Low) ripple on the GVA-84+ bias, fc + 1 x 2 MHz: -58.3 to -27.8 dBm"
B0,A5,146.0,148.0815,PWM comb,PWM 149.88 kHz x 988,gva,False,-358.9,-325.4,-403.9,-370.4,pass,pass,"3.3 V GPIO, tr 2 to 5 ns, every 25th line of the comb shown","none needed (coherent 150 kHz comb, ADR-031 rule 3)",
B0,A5,146.0,149.0000,VGG / supply sidebands,2 coincident lines at 149.000 MHz (amplitude sum),rel,False,-58.3,-24.1,-103.3,-69.1,pass,pass,ripple 1 to 10 mV at the GVA-84+ Vcc,"C1 puts every on-die product on the 12 MHz grid (120, 132, 144, 156, 168 MHz); level: L1 to L3; F3: GVA-84+ supply through a ferrite bead and 22 uF (ripple at most 3 mV at 1 to 10 MHz); derived requirement to WP-PDR-22 and WP-PDR-24","1 x 125 + 2 x 12 MHz: -95.8 to -33.1 dBm | RP2350 core regulator (3 MHz typ) ripple on the GVA-84+ bias, fc + 1 x 3 MHz: -58.3 to -27.8 dBm"
B0,A5,146.0,150.0000,Si5351 reference 25 MHz,4 coincident lines at 150.000 MHz (amplitude sum),pre,False,-38.2,-11.3,-83.2,-56.3,not shown,not shown,no datasheet figure; below the -35 to -50 dBc output-to-output crosstalk reported for full-swing outputs (Low),"C1 puts every on-die product on the 12 MHz grid (120, 132, 144, 156, 168 MHz); level: L1 to L3; F3: GVA-84+ supply through a ferrite bead and 22 uF (ripple at most 3 mV at 1 to 10 MHz); derived requirement to WP-PDR-22 and WP-PDR-24; L4: TCXO output lead at most 10 mm and at least 8 mm from the CLK1 trace; cannot be moved (Si5351A reference 25 MHz, clock-plan rule 7); level: F1 Si5351 VDD filter; tinySA sweep","mirror of 2 x 125 - 9 x 12 MHz: -101.9 to -39.1 dBm | 25 MHz x 6, Si5351 on-die feedthrough to CLK1: -38.2 to -13.2 dBm | 25 MHz x 6, TCXO lead near CLK1: -67.3 to -33.2 dBm | RT6150 (Pico 2, about 2 MHz, Low) ripple on the GVA-84+ bias, fc + 2 x 2 MHz: -64.3 to -33.8 dBm"
B0,A5,146.0,151.4125,PWM comb,mirror of PWM 149.88 kHz x 938,gva,True,-358.8,-326.4,-403.8,-371.4,pass,pass,"3.3 V GPIO, tr 2 to 5 ns, every 25th line of the comb shown","none needed (coherent 150 kHz comb, ADR-031 rule 3)",
B0,A5,146.0,151.8285,PWM comb,PWM 149.88 kHz x 1013,gva,False,-99.3,-65.1,-144.3,-110.1,pass,pass,"3.3 V GPIO, tr 2 to 5 ns, every 25th line of the comb shown","none needed (coherent 150 kHz comb, ADR-031 rule 3)",
B0,A5,146.0,152.0000,VGG / supply sidebands,2 coincident lines at 152.000 MHz (amplitude sum),rel,False,-64.3,-30.3,-109.3,-75.3,pass,pass,ripple 1 to 10 mV at the GVA-84+ Vcc,F3: GVA-84+ supply through a ferrite bead and 22 uF (ripple at most 3 mV at 1 to 10 MHz); derived requirement to WP-PDR-22 and WP-PDR-24,"RT6150 (Pico 2, about 2 MHz, Low) ripple on the GVA-84+ bias, fc + 3 x 2 MHz: -70.3 to -39.9 dBm | RP2350 core regulator (3 MHz typ) ripple on the GVA-84+ bias, fc + 2 x 3 MHz: -64.3 to -33.9 dBm"
B0,A5,146.0,154.0000,Si5351 PLL B / CLK2,3 coincident lines at 154.000 MHz (amplitude sum),pre,False,-38.5,-13.7,-83.5,-58.7,not shown,not shown,"residual after CLK2 power-down; -35 to -50 dBc when the output runs (pavelmc Si5351_issues, NT7S part 8) (Low)","C1 puts every on-die product on the 12 MHz grid (120, 132, 144, 156, 168 MHz); level: L1 to L3; C6: in transmit PLL B is parked on the PLL A multiplier and CLK2 and CLK0 are powered down and disabled (register 3)","2 x 125 - 8 x 12 MHz: -95.9 to -33.1 dBm | mirror of CLK2 BFO product fc - 1 x 8 MHz (CLK2 powered down, PLL B running): -43.7 to -23.7 dBm | CLK2 BFO product fc + 1 x 8 MHz (CLK2 powered down, PLL B running): -38.5 to -18.5 dBm"
B0,A5,146.0,155.0000,RP2350 on-die products,2 coincident lines at 155.000 MHz (amplitude sum),gva,True,-70.3,-33.5,-115.3,-78.5,pass,pass,"on-die current into the Pico 2 PDN (0.1 to 0.5 ohm), path pdn 40 to 70 dB","C1 puts every on-die product on the 12 MHz grid (120, 132, 144, 156, 168 MHz); level: L1 to L3; F3: GVA-84+ supply through a ferrite bead and 22 uF (ripple at most 3 mV at 1 to 10 MHz); derived requirement to WP-PDR-22 and WP-PDR-24","mirror of 1 x 125 + 1 x 12 MHz: -101.9 to -39.1 dBm | RP2350 core regulator (3 MHz typ) ripple on the GVA-84+ bias, fc + 3 x 3 MHz: -70.3 to -39.9 dBm"
B0,A5,146.0,155.1595,PWM comb,mirror of PWM 149.88 kHz x 913,gva,True,-102.7,-70.9,-147.7,-115.9,pass,pass,"3.3 V GPIO, tr 2 to 5 ns, every 25th line of the comb shown","none needed (coherent 150 kHz comb, ADR-031 rule 3)",
B0,A5,146.0,155.5755,PWM comb,PWM 149.88 kHz x 1038,gva,False,-372.4,-337.4,-417.4,-382.4,pass,pass,"3.3 V GPIO, tr 2 to 5 ns, every 25th line of the comb shown","none needed (coherent 150 kHz comb, ADR-031 rule 3)",
B0,A5,146.0,156.0000,RP2350 XOSC 12 MHz,XOSC 12 MHz x 13,gva,False,-90.3,-32.9,-135.3,-77.9,pass,pass,"on-die current into the Pico 2 PDN (0.1 to 0.5 ohm), path pdn 40 to 70 dB",cannot be moved (Pico 2 crystal); level: layout rules L1 to L3; tinySA sweep,
B0,A5,146.0,156.2500,RP2350 QSPI SCK,QSPI SCK 31.25 MHz x 5,gva,False,-54.0,-17.7,-99.0,-62.7,not shown,pass,"3.3 V trace, tr 1 to 2 ns, activity (0.1, 1.0)","C4: QSPI CLKDIV 2 (48 MHz, lines only on 144.000 MHz) and the transmit-path code and data in SRAM so the flash is idle during key-down",
B0,A5,146.0,158.6667,Si5351 PLL B / CLK2,mirror of VCO B 800 MHz / 6 through MS1,pre,True,-38.5,-18.5,-83.5,-63.5,not shown,pass,VCO B leakage into MS1 (Low),C6 (as above): VCO B leakage through MS1 then falls on the carrier,
B0,A5,146.0,158.9065,PWM comb,mirror of PWM 149.88 kHz x 888,gva,True,-380.8,-349.4,-425.8,-394.4,pass,pass,"3.3 V GPIO, tr 2 to 5 ns, every 25th line of the comb shown","none needed (coherent 150 kHz comb, ADR-031 rule 3)",
B0,A5,146.0,159.3225,PWM comb,PWM 149.88 kHz x 1063,gva,False,-101.0,-65.3,-146.0,-110.3,pass,pass,"3.3 V GPIO, tr 2 to 5 ns, every 25th line of the comb shown","none needed (coherent 150 kHz comb, ADR-031 rule 3)",
B0,A5,146.0,160.0000,RP2350 XOSC 12 MHz,mirror of XOSC 12 MHz x 11,gva,True,-96.4,-38.9,-141.4,-83.9,pass,pass,"on-die current into the Pico 2 PDN (0.1 to 0.5 ohm), path pdn 40 to 70 dB",cannot be moved (Pico 2 crystal); level: layout rules L1 to L3; tinySA sweep,
B0,A5,146.0,161.0000,RP2350 on-die products,1 x 125 + 3 x 12 MHz,gva,False,-96.0,-33.2,-141.0,-78.2,pass,pass,"on-die current into the Pico 2 PDN (0.1 to 0.5 ohm), path pdn 40 to 70 dB","C1 puts every on-die product on the 12 MHz grid (120, 132, 144, 156, 168 MHz); level: L1 to L3",
B0,A5,146.0,162.0000,Si5351 PLL B / CLK2,3 coincident lines at 162.000 MHz (amplitude sum),pre,False,-39.1,-14.5,-84.1,-59.5,not shown,not shown,"residual after CLK2 power-down; -35 to -50 dBc when the output runs (pavelmc Si5351_issues, NT7S part 8) (Low)","C1 puts every on-die product on the 12 MHz grid (120, 132, 144, 156, 168 MHz); level: L1 to L3; C6: in transmit PLL B is parked on the PLL A multiplier and CLK2 and CLK0 are powered down and disabled (register 3)","mirror of 2 x 125 - 10 x 12 MHz: -102.0 to -39.2 dBm | mirror of CLK2 BFO product fc - 2 x 8 MHz (CLK2 powered down, PLL B running): -43.5 to -23.5 dBm | CLK2 BFO product fc + 2 x 8 MHz (CLK2 powered down, PLL B running): -39.1 to -19.1 dBm"
B0,A5,146.0,162.6535,PWM comb,mirror of PWM 149.88 kHz x 863,gva,True,-101.8,-70.9,-146.8,-115.9,pass,pass,"3.3 V GPIO, tr 2 to 5 ns, every 25th line of the comb shown","none needed (coherent 150 kHz comb, ADR-031 rule 3)",
B0,A5,146.0,163.0695,PWM comb,PWM 149.88 kHz x 1088,gva,False,-368.6,-332.0,-413.6,-377.0,pass,pass,"3.3 V GPIO, tr 2 to 5 ns, every 25th line of the comb shown","none needed (coherent 150 kHz comb, ADR-031 rule 3)",
B0,A5,146.0,164.2500,/8 prescaler,4 coincident lines at 164.250 MHz (amplitude sum),pre,False,-29.4,-1.6,-74.4,-46.6,not shown,not shown,"100 pF tap on CLK1, shared VCC: fc +/- fc/8 sidebands (Low)","C7: prescaler fed through 330 ohm in series (after the 100 pF), each 74LVC1G80 on its own bead-and-100 nF supply; C8: 470 ohm series resistor at the /8 output and the /8 trace 15 to 25 mm from the CLK1 net (L5); option C9 (/4 prescaler) moves both lines out of the window but needs a REQ-TX-013 CR",mirror of /8 output x 7 (7/8 fc) on the trace: -48.3 to -19.1 dBm | mirror of /8 kickback sideband (7/8 fc): -33.6 to -13.6 dBm | /8 output x 9 (9/8 fc) on the trace: -44.9 to -15.1 dBm | /8 kickback sideband (9/8 fc): -29.4 to -9.4 dBm
B0,A5,146.0,166.0000,RP2350 on-die products,2 x 125 - 7 x 12 MHz,gva,False,-96.3,-33.5,-141.3,-78.5,pass,pass,"on-die current into the Pico 2 PDN (0.1 to 0.5 ohm), path pdn 40 to 70 dB","C1 puts every on-die product on the 12 MHz grid (120, 132, 144, 156, 168 MHz); level: L1 to L3",
B0,A5,146.0,166.4005,PWM comb,mirror of PWM 149.88 kHz x 838,gva,True,-363.2,-332.7,-408.2,-377.7,pass,pass,"3.3 V GPIO, tr 2 to 5 ns, every 25th line of the comb shown","none needed (coherent 150 kHz comb, ADR-031 rule 3)",
B0,A5,146.0,166.8165,PWM comb,PWM 149.88 kHz x 1113,gva,False,-103.5,-65.9,-148.5,-110.9,pass,pass,"3.3 V GPIO, tr 2 to 5 ns, every 25th line of the comb shown","none needed (coherent 150 kHz comb, ADR-031 rule 3)",
B0,A5,146.0,167.0000,Si5351 reference 25 MHz,4 coincident lines at 167.000 MHz (amplitude sum),pre,True,-43.8,-12.2,-88.8,-57.2,not shown,not shown,no datasheet figure; below the -35 to -50 dBc output-to-output crosstalk reported for full-swing outputs (Low),"C1: clk_sys = clk_peri = 96 MHz in every state (PLL_SYS FBDIV 120, POSTDIV1 5, POSTDIV2 3); fundamental below 118 MHz, 2nd harmonic 192 MHz; C4: QSPI CLKDIV 2 (48 MHz, lines only on 144.000 MHz) and the transmit-path code and data in SRAM so the flash is idle during key-down; L4: TCXO output lead at most 10 mm and at least 8 mm from the CLK1 trace; cannot be moved (Si5351A reference 25 MHz, clock-plan rule 7); level: F1 Si5351 VDD filter; tinySA sweep","mirror of clk_sys 125 MHz x 1: -72.4 to -19.6 dBm | mirror of QSPI SCK 31.25 MHz x 4: -371.8 to -36.2 dBm | mirror of 25 MHz x 5, Si5351 on-die feedthrough to CLK1: -43.8 to -18.8 dBm | mirror of 25 MHz x 5, TCXO lead near CLK1: -74.4 to -40.3 dBm"
B0,A5,146.0,168.0000,RP2350 XOSC 12 MHz,XOSC 12 MHz x 14,gva,False,-91.0,-33.6,-136.0,-78.6,pass,pass,"on-die current into the Pico 2 PDN (0.1 to 0.5 ohm), path pdn 40 to 70 dB",cannot be moved (Pico 2 crystal); level: layout rules L1 to L3; tinySA sweep,
B0,A5,146.0,170.1475,PWM comb,mirror of PWM 149.88 kHz x 813,gva,True,-101.8,-71.7,-146.8,-116.7,pass,pass,"3.3 V GPIO, tr 2 to 5 ns, every 25th line of the comb shown","none needed (coherent 150 kHz comb, ADR-031 rule 3)",
B0,A5,146.0,170.5635,PWM comb,PWM 149.88 kHz x 1138,gva,False,-364.6,-326.0,-409.6,-371.0,pass,pass,"3.3 V GPIO, tr 2 to 5 ns, every 25th line of the comb shown","none needed (coherent 150 kHz comb, ADR-031 rule 3)",
B0,A5,146.0,171.0000,Si5351 PLL spurs,PFD reference spur fc + 25 MHz,pre,False,-51.0,-31.0,-96.0,-76.0,pass,pass,"VCO spur at the 25 MHz PFD offset, divided by 6 (-15.6 dB) (Low)",level only (on-die PLL); tinySA sweep,
B0,A5,146.0,172.0000,RP2350 XOSC 12 MHz,mirror of XOSC 12 MHz x 10,gva,True,-97.9,-40.5,-142.9,-85.5,pass,pass,"on-die current into the Pico 2 PDN (0.1 to 0.5 ohm), path pdn 40 to 70 dB",cannot be moved (Pico 2 crystal); level: layout rules L1 to L3; tinySA sweep,
B0,A5,146.0,173.0000,RP2350 on-die products,1 x 125 + 4 x 12 MHz,gva,False,-97.8,-35.1,-142.8,-80.1,pass,pass,"on-die current into the Pico 2 PDN (0.1 to 0.5 ohm), path pdn 40 to 70 dB","C1 puts every on-die product on the 12 MHz grid (120, 132, 144, 156, 168 MHz); level: L1 to L3",
B0,A5,146.0,173.8945,PWM comb,mirror of PWM 149.88 kHz x 788,gva,True,-358.7,-329.0,-403.7,-374.0,pass,pass,"3.3 V GPIO, tr 2 to 5 ns, every 25th line of the comb shown","none needed (coherent 150 kHz comb, ADR-031 rule 3)",
B0,A5,146.0,174.0000,RP2350 on-die products,mirror of 2 x 125 - 11 x 12 MHz,gva,True,-104.2,-41.4,-149.2,-86.4,pass,pass,"on-die current into the Pico 2 PDN (0.1 to 0.5 ohm), path pdn 40 to 70 dB","C1 puts every on-die product on the 12 MHz grid (120, 132, 144, 156, 168 MHz); level: L1 to L3",
B0,A5,146.0,174.3106,PWM comb,PWM 149.88 kHz x 1163,gva,False,-107.8,-68.0,-152.8,-113.0,pass,pass,"3.3 V GPIO, tr 2 to 5 ns, every 25th line of the comb shown","none needed (coherent 150 kHz comb, ADR-031 rule 3)",
B0,A5,146.0,175.0000,Si5351 reference 25 MHz,2 coincident lines at 175.000 MHz (amplitude sum),pre,False,-42.6,-16.7,-87.6,-61.7,not shown,pass,no datasheet figure; below the -35 to -50 dBc output-to-output crosstalk reported for full-swing outputs (Low),"L4: TCXO output lead at most 10 mm and at least 8 mm from the CLK1 trace; cannot be moved (Si5351A reference 25 MHz, clock-plan rule 7); level: F1 Si5351 VDD filter; tinySA sweep","25 MHz x 7, Si5351 on-die feedthrough to CLK1: -42.6 to -17.6 dBm | 25 MHz x 7, TCXO lead near CLK1: -70.3 to -36.2 dBm"
B0,A5,147.95,118.0000,RP2350 on-die products,2 x 125 - 11 x 12 MHz,gva,False,-95.5,-32.8,-140.5,-77.8,pass,pass,"on-die current into the Pico 2 PDN (0.1 to 0.5 ohm), path pdn 40 to 70 dB","C1 puts every on-die product on the 12 MHz grid (120, 132, 144, 156, 168 MHz); level: L1 to L3",
B0,A5,147.95,118.1055,PWM comb,PWM 149.88 kHz x 788,gva,False,-350.1,-320.5,-395.1,-365.5,pass,pass,"3.3 V GPIO, tr 2 to 5 ns, every 25th line of the comb shown","none needed (coherent 150 kHz comb, ADR-031 rule 3)",
B0,A5,147.95,120.0000,RP2350 XOSC 12 MHz,XOSC 12 MHz x 10,gva,False,-90.0,-32.6,-135.0,-77.6,pass,pass,"on-die current into the Pico 2 PDN (0.1 to 0.5 ohm), path pdn 40 to 70 dB",cannot be moved (Pico 2 crystal); level: layout rules L1 to L3; tinySA sweep,
B0,A5,147.95,120.9000,Si5351 reference 25 MHz,2 coincident lines at 120.900 MHz (amplitude sum),pre,True,-45.6,-19.7,-90.6,-64.7,not shown,pass,no datasheet figure; below the -35 to -50 dBc output-to-output crosstalk reported for full-swing outputs (Low),"L4: TCXO output lead at most 10 mm and at least 8 mm from the CLK1 trace; cannot be moved (Si5351A reference 25 MHz, clock-plan rule 7); level: F1 Si5351 VDD filter; tinySA sweep","mirror of 25 MHz x 7, Si5351 on-die feedthrough to CLK1: -45.6 to -20.6 dBm | mirror of 25 MHz x 7, TCXO lead near CLK1: -73.3 to -39.2 dBm"
B0,A5,147.95,121.5894,PWM comb,mirror of PWM 149.88 kHz x 1163,gva,True,-111.1,-71.2,-156.1,-116.2,pass,pass,"3.3 V GPIO, tr 2 to 5 ns, every 25th line of the comb shown","none needed (coherent 150 kHz comb, ADR-031 rule 3)",
B0,A5,147.95,121.8525,PWM comb,PWM 149.88 kHz x 813,gva,False,-94.4,-64.3,-139.4,-109.3,pass,pass,"3.3 V GPIO, tr 2 to 5 ns, every 25th line of the comb shown","none needed (coherent 150 kHz comb, ADR-031 rule 3)",
B0,A5,147.95,122.9000,RP2350 on-die products,mirror of 1 x 125 + 4 x 12 MHz,gva,True,-101.5,-38.8,-146.5,-83.8,pass,pass,"on-die current into the Pico 2 PDN (0.1 to 0.5 ohm), path pdn 40 to 70 dB","C1 puts every on-die product on the 12 MHz grid (120, 132, 144, 156, 168 MHz); level: L1 to L3",
B0,A5,147.95,122.9500,Si5351 PLL spurs,PFD reference spur fc - 25 MHz,pre,False,-46.8,-26.8,-91.8,-71.8,pass,pass,"VCO spur at the 25 MHz PFD offset, divided by 6 (-15.6 dB) (Low)",level only (on-die PLL); tinySA sweep,
B0,A5,147.95,125.0000,Si5351 reference 25 MHz,4 coincident lines at 125.000 MHz (amplitude sum),pre,False,-36.9,-5.4,-81.9,-50.4,not shown,not shown,no datasheet figure; below the -35 to -50 dBc output-to-output crosstalk reported for full-swing outputs (Low),"C1: clk_sys = clk_peri = 96 MHz in every state (PLL_SYS FBDIV 120, POSTDIV1 5, POSTDIV2 3); fundamental below 118 MHz, 2nd harmonic 192 MHz; C4: QSPI CLKDIV 2 (48 MHz, lines only on 144.000 MHz) and the transmit-path code and data in SRAM so the flash is idle during key-down; L4: TCXO output lead at most 10 mm and at least 8 mm from the CLK1 trace; cannot be moved (Si5351A reference 25 MHz, clock-plan rule 7); level: F1 Si5351 VDD filter; tinySA sweep","clk_sys 125 MHz x 1: -65.5 to -12.8 dBm | QSPI SCK 31.25 MHz x 4: -365.0 to -29.4 dBm | 25 MHz x 5, Si5351 on-die feedthrough to CLK1: -36.9 to -11.9 dBm | 25 MHz x 5, TCXO lead near CLK1: -67.5 to -33.4 dBm"
B0,A5,147.95,125.3365,PWM comb,mirror of PWM 149.88 kHz x 1138,gva,True,-369.0,-330.4,-414.0,-375.4,pass,pass,"3.3 V GPIO, tr 2 to 5 ns, every 25th line of the comb shown","none needed (coherent 150 kHz comb, ADR-031 rule 3)",
B0,A5,147.95,125.5995,PWM comb,PWM 149.88 kHz x 838,gva,False,-356.4,-325.9,-401.4,-370.9,pass,pass,"3.3 V GPIO, tr 2 to 5 ns, every 25th line of the comb shown","none needed (coherent 150 kHz comb, ADR-031 rule 3)",
B0,A5,147.95,127.9000,RP2350 XOSC 12 MHz,mirror of XOSC 12 MHz x 14,gva,True,-96.0,-38.6,-141.0,-83.6,pass,pass,"on-die current into the Pico 2 PDN (0.1 to 0.5 ohm), path pdn 40 to 70 dB",cannot be moved (Pico 2 crystal); level: layout rules L1 to L3; tinySA sweep,
B0,A5,147.95,129.0835,PWM comb,mirror of PWM 149.88 kHz x 1113,gva,True,-108.6,-71.1,-153.6,-116.1,pass,pass,"3.3 V GPIO, tr 2 to 5 ns, every 25th line of the comb shown","none needed (coherent 150 kHz comb, ADR-031 rule 3)",
B0,A5,147.95,129.3465,PWM comb,PWM 149.88 kHz x 863,gva,False,-95.3,-64.4,-140.3,-109.4,pass,pass,"3.3 V GPIO, tr 2 to 5 ns, every 25th line of the comb shown","none needed (coherent 150 kHz comb, ADR-031 rule 3)",
B0,A5,147.95,129.4562,/8 prescaler,4 coincident lines at 129.456 MHz (amplitude sum),pre,False,-27.0,-0.4,-72.0,-45.4,not shown,not shown,"100 pF tap on CLK1, shared VCC: fc +/- fc/8 sidebands (Low)","C7: prescaler fed through 330 ohm in series (after the 100 pF), each 74LVC1G80 on its own bead-and-100 nF supply; C8: 470 ohm series resistor at the /8 output and the /8 trace 15 to 25 mm from the CLK1 net (L5); option C9 (/4 prescaler) moves both lines out of the window but needs a REQ-TX-013 CR",/8 output x 7 (7/8 fc) on the trace: -41.7 to -12.5 dBm | /8 kickback sideband (7/8 fc): -27.0 to -7.0 dBm | mirror of /8 output x 9 (9/8 fc) on the trace: -50.5 to -20.6 dBm | mirror of /8 kickback sideband (9/8 fc): -35.0 to -15.0 dBm
B0,A5,147.95,129.9000,RP2350 on-die products,mirror of 2 x 125 - 7 x 12 MHz,gva,True,-101.5,-38.8,-146.5,-83.8,pass,pass,"on-die current into the Pico 2 PDN (0.1 to 0.5 ohm), path pdn 40 to 70 dB","C1 puts every on-die product on the 12 MHz grid (120, 132, 144, 156, 168 MHz); level: L1 to L3",
B0,A5,147.95,130.0000,RP2350 on-die products,2 x 125 - 10 x 12 MHz,gva,False,-95.5,-32.8,-140.5,-77.8,pass,pass,"on-die current into the Pico 2 PDN (0.1 to 0.5 ohm), path pdn 40 to 70 dB","C1 puts every on-die product on the 12 MHz grid (120, 132, 144, 156, 168 MHz); level: L1 to L3",
B0,A5,147.95,131.9500,Si5351 PLL B / CLK2,2 coincident lines at 131.950 MHz (amplitude sum),pre,False,-37.1,-14.1,-82.1,-59.1,not shown,not shown,"residual after CLK2 power-down; -35 to -50 dBc when the output runs (pavelmc Si5351_issues, NT7S part 8) (Low)",C6: in transmit PLL B is parked on the PLL A multiplier and CLK2 and CLK0 are powered down and disabled (register 3),"CLK2 BFO product fc - 2 x 8 MHz (CLK2 powered down, PLL B running): -37.1 to -17.1 dBm | mirror of CLK2 BFO product fc + 2 x 8 MHz (CLK2 powered down, PLL B running): -44.8 to -24.8 dBm"
B0,A5,147.95,132.0000,RP2350 XOSC 12 MHz,XOSC 12 MHz x 11,gva,False,-90.0,-32.6,-135.0,-77.6,pass,pass,"on-die current into the Pico 2 PDN (0.1 to 0.5 ohm), path pdn 40 to 70 dB",cannot be moved (Pico 2 crystal); level: layout rules L1 to L3; tinySA sweep,
B0,A5,147.95,132.8305,PWM comb,mirror of PWM 149.88 kHz x 1088,gva,True,-374.2,-337.6,-419.2,-382.6,pass,pass,"3.3 V GPIO, tr 2 to 5 ns, every 25th line of the comb shown","none needed (coherent 150 kHz comb, ADR-031 rule 3)",
B0,A5,147.95,133.0935,PWM comb,PWM 149.88 kHz x 888,gva,False,-374.5,-343.1,-419.5,-388.1,pass,pass,"3.3 V GPIO, tr 2 to 5 ns, every 25th line of the comb shown","none needed (coherent 150 kHz comb, ADR-031 rule 3)",
B0,A5,147.95,133.3333,Si5351 PLL B / CLK2,VCO B 800 MHz / 6 through MS1,pre,False,-32.2,-12.2,-77.2,-57.2,not shown,not shown,VCO B leakage into MS1 (Low),C6 (as above): VCO B leakage through MS1 then falls on the carrier,
B0,A5,147.95,134.9000,RP2350 on-die products,mirror of 1 x 125 + 3 x 12 MHz,gva,True,-101.6,-38.8,-146.6,-83.8,pass,pass,"on-die current into the Pico 2 PDN (0.1 to 0.5 ohm), path pdn 40 to 70 dB","C1 puts every on-die product on the 12 MHz grid (120, 132, 144, 156, 168 MHz); level: L1 to L3",
B0,A5,147.95,136.5775,PWM comb,mirror of PWM 149.88 kHz x 1063,gva,True,-106.7,-71.0,-151.7,-116.0,pass,pass,"3.3 V GPIO, tr 2 to 5 ns, every 25th line of the comb shown","none needed (coherent 150 kHz comb, ADR-031 rule 3)",
B0,A5,147.95,136.8405,PWM comb,PWM 149.88 kHz x 913,gva,False,-96.5,-64.6,-141.5,-109.6,pass,pass,"3.3 V GPIO, tr 2 to 5 ns, every 25th line of the comb shown","none needed (coherent 150 kHz comb, ADR-031 rule 3)",
B0,A5,147.95,137.0000,RP2350 on-die products,1 x 125 + 1 x 12 MHz,gva,False,-95.6,-32.9,-140.6,-77.9,pass,pass,"on-die current into the Pico 2 PDN (0.1 to 0.5 ohm), path pdn 40 to 70 dB","C1 puts every on-die product on the 12 MHz grid (120, 132, 144, 156, 168 MHz); level: L1 to L3",
B0,A5,147.95,138.9500,VGG / supply sidebands,"RP2350 core regulator (3 MHz typ) ripple on the GVA-84+ bias, fc - 3 x 3 MHz",rel,False,-70.2,-39.7,-115.2,-84.7,pass,pass,ripple 1 to 10 mV at the GVA-84+ Vcc,F3: GVA-84+ supply through a ferrite bead and 22 uF (ripple at most 3 mV at 1 to 10 MHz); derived requirement to WP-PDR-22 and WP-PDR-24,
B0,A5,147.95,139.6500,RP2350 QSPI SCK,mirror of QSPI SCK 31.25 MHz x 5,gva,True,-59.8,-23.5,-104.8,-68.5,pass,pass,"3.3 V trace, tr 1 to 2 ns, activity (0.1, 1.0)","C4: QSPI CLKDIV 2 (48 MHz, lines only on 144.000 MHz) and the transmit-path code and data in SRAM so the flash is idle during key-down",
B0,A5,147.95,139.9000,RP2350 XOSC 12 MHz,mirror of XOSC 12 MHz x 13,gva,True,-96.1,-38.6,-141.1,-83.6,pass,pass,"on-die current into the Pico 2 PDN (0.1 to 0.5 ohm), path pdn 40 to 70 dB",cannot be moved (Pico 2 crystal); level: layout rules L1 to L3; tinySA sweep,
B0,A5,147.95,139.9500,Si5351 PLL B / CLK2,2 coincident lines at 139.950 MHz (amplitude sum),pre,False,-37.5,-14.3,-82.5,-59.3,not shown,not shown,"residual after CLK2 power-down; -35 to -50 dBc when the output runs (pavelmc Si5351_issues, NT7S part 8) (Low)",C6: in transmit PLL B is parked on the PLL A multiplier and CLK2 and CLK0 are powered down and disabled (register 3),"CLK2 BFO product fc - 1 x 8 MHz (CLK2 powered down, PLL B running): -37.5 to -17.5 dBm | mirror of CLK2 BFO product fc + 1 x 8 MHz (CLK2 powered down, PLL B running): -44.4 to -24.4 dBm"
B0,A5,147.95,140.3245,PWM comb,mirror of PWM 149.88 kHz x 1038,gva,True,-378.1,-343.2,-423.1,-388.2,pass,pass,"3.3 V GPIO, tr 2 to 5 ns, every 25th line of the comb shown","none needed (coherent 150 kHz comb, ADR-031 rule 3)",
B0,A5,147.95,140.5875,PWM comb,PWM 149.88 kHz x 938,gva,False,-352.6,-320.2,-397.6,-365.2,pass,pass,"3.3 V GPIO, tr 2 to 5 ns, every 25th line of the comb shown","none needed (coherent 150 kHz comb, ADR-031 rule 3)",
B0,A5,147.95,141.9000,RP2350 on-die products,mirror of 2 x 125 - 8 x 12 MHz,gva,True,-101.7,-38.9,-146.7,-83.9,pass,pass,"on-die current into the Pico 2 PDN (0.1 to 0.5 ohm), path pdn 40 to 70 dB","C1 puts every on-die product on the 12 MHz grid (120, 132, 144, 156, 168 MHz); level: L1 to L3",
B0,A5,147.95,141.9500,VGG / supply sidebands,2 coincident lines at 141.950 MHz (amplitude sum),rel,False,-64.2,-30.2,-109.2,-75.2,pass,pass,ripple 1 to 10 mV at the GVA-84+ Vcc,F3: GVA-84+ supply through a ferrite bead and 22 uF (ripple at most 3 mV at 1 to 10 MHz); derived requirement to WP-PDR-22 and WP-PDR-24,"RT6150 (Pico 2, about 2 MHz, Low) ripple on the GVA-84+ bias, fc - 3 x 2 MHz: -70.2 to -39.7 dBm | RP2350 core regulator (3 MHz typ) ripple on the GVA-84+ bias, fc - 2 x 3 MHz: -64.2 to -33.7 dBm"
B0,A5,147.95,142.0000,RP2350 on-die products,2 x 125 - 9 x 12 MHz,gva,False,-95.7,-32.9,-140.7,-77.9,pass,pass,"on-die current into the Pico 2 PDN (0.1 to 0.5 ohm), path pdn 40 to 70 dB","C1 puts every on-die product on the 12 MHz grid (120, 132, 144, 156, 168 MHz); level: L1 to L3",
B0,A5,147.95,143.9500,VGG / supply sidebands,"RT6150 (Pico 2, about 2 MHz, Low) ripple on the GVA-84+ bias, fc - 2 x 2 MHz",rel,False,-64.2,-33.8,-109.2,-78.8,pass,pass,ripple 1 to 10 mV at the GVA-84+ Vcc,F3: GVA-84+ supply through a ferrite bead and 22 uF (ripple at most 3 mV at 1 to 10 MHz); derived requirement to WP-PDR-22 and WP-PDR-24,
B0,A5,147.95,144.0000,RP2350 XOSC 12 MHz,3 coincident lines at 144.000 MHz (amplitude sum),gva,False,-90.1,-26.7,-135.1,-71.7,pass,pass,"on-die current into the Pico 2 PDN (0.1 to 0.5 ohm), path pdn 40 to 70 dB","C2: clk_adc from PLL_SYS / 2 (AUXSRC CLKSRC_PLL_SYS, DIV 2) enabled only for conversion bursts (ENABLE bit); C3: PLL_USB powered down (PWR.PD, VCOPD) outside USB; cannot be moved (Pico 2 crystal); level: layout rules L1 to L3; tinySA sweep",XOSC 12 MHz x 12: -90.1 to -32.7 dBm | clk_adc 48 MHz x 3 (continuous): -100.6 to -42.2 dBm | PLL_USB 48 MHz x 3 (running): -96.1 to -36.2 dBm
B0,A5,147.95,144.0715,PWM comb,mirror of PWM 149.88 kHz x 1013,gva,True,-105.2,-70.9,-150.2,-115.9,pass,pass,"3.3 V GPIO, tr 2 to 5 ns, every 25th line of the comb shown","none needed (coherent 150 kHz comb, ADR-031 rule 3)",
B0,A5,147.95,144.3345,PWM comb,PWM 149.88 kHz x 963,gva,False,-97.8,-64.8,-142.8,-109.8,pass,pass,"3.3 V GPIO, tr 2 to 5 ns, every 25th line of the comb shown","none needed (coherent 150 kHz comb, ADR-031 rule 3)",
B0,A5,147.95,144.9500,VGG / supply sidebands,"RP2350 core regulator (3 MHz typ) ripple on the GVA-84+ bias, fc - 1 x 3 MHz",rel,False,-58.2,-27.8,-103.2,-72.8,pass,pass,ripple 1 to 10 mV at the GVA-84+ Vcc,F3: GVA-84+ supply through a ferrite bead and 22 uF (ripple at most 3 mV at 1 to 10 MHz); derived requirement to WP-PDR-22 and WP-PDR-24,
B0,A5,147.95,145.9000,Si5351 reference 25 MHz,2 coincident lines at 145.900 MHz (amplitude sum),pre,True,-44.1,-18.3,-89.1,-63.3,not shown,pass,no datasheet figure; below the -35 to -50 dBc output-to-output crosstalk reported for full-swing outputs (Low),"L4: TCXO output lead at most 10 mm and at least 8 mm from the CLK1 trace; cannot be moved (Si5351A reference 25 MHz, clock-plan rule 7); level: F1 Si5351 VDD filter; tinySA sweep","mirror of 25 MHz x 6, Si5351 on-die feedthrough to CLK1: -44.1 to -19.1 dBm | mirror of 25 MHz x 6, TCXO lead near CLK1: -73.1 to -39.0 dBm"
B0,A5,147.95,145.9500,Si5351 PLL spurs,2 coincident lines at 145.950 MHz (amplitude sum),pre,False,-42.9,-19.0,-87.9,-64.0,not shown,pass,"PA3FWM tn42b: about -80 dBc in theory, measured worse (Low); offset depends on the fraction","C5: PLL A multiplier rule, fractional part not within 0.002 of an integer (firmware table check); tinySA sweep at the worst channel; F3: GVA-84+ supply through a ferrite bead and 22 uF (ripple at most 3 mV at 1 to 10 MHz); derived requirement to WP-PDR-22 and WP-PDR-24","fractional / integer-boundary spur fc -2 MHz (representative): -42.9 to -22.9 dBm | RT6150 (Pico 2, about 2 MHz, Low) ripple on the GVA-84+ bias, fc - 1 x 2 MHz: -58.2 to -27.8 dBm"
B0,A5,147.95,146.9000,RP2350 on-die products,mirror of 1 x 125 + 2 x 12 MHz,gva,True,-101.7,-39.0,-146.7,-84.0,pass,pass,"on-die current into the Pico 2 PDN (0.1 to 0.5 ohm), path pdn 40 to 70 dB","C1 puts every on-die product on the 12 MHz grid (120, 132, 144, 156, 168 MHz); level: L1 to L3",
B0,A5,147.95,147.4500,Si5351 PLL spurs,fractional / integer-boundary spur fc -0.5 MHz (representative),pre,False,-43.0,-23.0,-88.0,-68.0,not shown,pass,"PA3FWM tn42b: about -80 dBc in theory, measured worse (Low); offset depends on the fraction","C5: PLL A multiplier rule, fractional part not within 0.002 of an integer (firmware table check); tinySA sweep at the worst channel",
B0,A5,147.95,147.6500,VGG / supply sidebands,"envelope-reference PWM ripple, fc - 2 x 150 kHz",rel,False,-60.1,-41.0,-105.1,-86.0,pass,pass,"AM index m = 0.6/V x ripple; ripple 0.23 to 0.84 mV (2-pole RC, 1 to 3 kHz)",none needed; derived requirement to WP-PDR-22: PWM ripple at VGG at most 3.3 mV peak,
B0,A5,147.95,147.8000,VGG / supply sidebands,"envelope-reference PWM ripple, fc - 1 x 150 kHz",rel,False,-54.1,-35.0,-99.1,-80.0,pass,pass,"AM index m = 0.6/V x ripple; ripple 0.23 to 0.84 mV (2-pole RC, 1 to 3 kHz)",none needed; derived requirement to WP-PDR-22: PWM ripple at VGG at most 3.3 mV peak,
B0,A5,147.95,147.8185,PWM comb,mirror of PWM 149.88 kHz x 988,gva,True,-364.8,-331.3,-409.8,-376.3,pass,pass,"3.3 V GPIO, tr 2 to 5 ns, every 25th line of the comb shown","none needed (coherent 150 kHz comb, ADR-031 rule 3)",
B0,A5,147.95,148.0815,PWM comb,PWM 149.88 kHz x 988,gva,False,-358.8,-325.3,-403.8,-370.3,pass,pass,"3.3 V GPIO, tr 2 to 5 ns, every 25th line of the comb shown","none needed (coherent 150 kHz comb, ADR-031 rule 3)",
B0,A5,147.95,148.1000,VGG / supply sidebands,"envelope-reference PWM ripple, fc + 1 x 150 kHz",rel,False,-54.1,-35.0,-99.1,-80.0,pass,pass,"AM index m = 0.6/V x ripple; ripple 0.23 to 0.84 mV (2-pole RC, 1 to 3 kHz)",none needed; derived requirement to WP-PDR-22: PWM ripple at VGG at most 3.3 mV peak,
B0,A5,147.95,148.2500,VGG / supply sidebands,"envelope-reference PWM ripple, fc + 2 x 150 kHz",rel,False,-60.1,-41.0,-105.1,-86.0,pass,pass,"AM index m = 0.6/V x ripple; ripple 0.23 to 0.84 mV (2-pole RC, 1 to 3 kHz)",none needed; derived requirement to WP-PDR-22: PWM ripple at VGG at most 3.3 mV peak,
B0,A5,147.95,148.4500,Si5351 PLL spurs,fractional / integer-boundary spur fc +0.5 MHz (representative),pre,False,-43.0,-23.0,-88.0,-68.0,pass,pass,"PA3FWM tn42b: about -80 dBc in theory, measured worse (Low); offset depends on the fraction","C5: PLL A multiplier rule, fractional part not within 0.002 of an integer (firmware table check); tinySA sweep at the worst channel",
B0,A5,147.95,149.0000,RP2350 on-die products,1 x 125 + 2 x 12 MHz,gva,False,-95.7,-33.0,-140.7,-78.0,pass,pass,"on-die current into the Pico 2 PDN (0.1 to 0.5 ohm), path pdn 40 to 70 dB","C1 puts every on-die product on the 12 MHz grid (120, 132, 144, 156, 168 MHz); level: L1 to L3",
B0,A5,147.95,149.9500,Si5351 PLL spurs,2 coincident lines at 149.950 MHz (amplitude sum),pre,False,-43.1,-19.1,-88.1,-64.1,not shown,pass,"PA3FWM tn42b: about -80 dBc in theory, measured worse (Low); offset depends on the fraction","C5: PLL A multiplier rule, fractional part not within 0.002 of an integer (firmware table check); tinySA sweep at the worst channel; F3: GVA-84+ supply through a ferrite bead and 22 uF (ripple at most 3 mV at 1 to 10 MHz); derived requirement to WP-PDR-22 and WP-PDR-24","fractional / integer-boundary spur fc +2 MHz (representative): -43.1 to -23.1 dBm | RT6150 (Pico 2, about 2 MHz, Low) ripple on the GVA-84+ bias, fc + 1 x 2 MHz: -58.3 to -27.8 dBm"
B0,A5,147.95,150.0000,Si5351 reference 25 MHz,2 coincident lines at 150.000 MHz (amplitude sum),pre,False,-38.1,-12.3,-83.1,-57.3,not shown,not shown,no datasheet figure; below the -35 to -50 dBc output-to-output crosstalk reported for full-swing outputs (Low),"L4: TCXO output lead at most 10 mm and at least 8 mm from the CLK1 trace; cannot be moved (Si5351A reference 25 MHz, clock-plan rule 7); level: F1 Si5351 VDD filter; tinySA sweep","25 MHz x 6, Si5351 on-die feedthrough to CLK1: -38.1 to -13.1 dBm | 25 MHz x 6, TCXO lead near CLK1: -67.1 to -33.0 dBm"
B0,A5,147.95,150.9500,VGG / supply sidebands,"RP2350 core regulator (3 MHz typ) ripple on the GVA-84+ bias, fc + 1 x 3 MHz",rel,False,-58.3,-27.8,-103.3,-72.8,pass,pass,ripple 1 to 10 mV at the GVA-84+ Vcc,F3: GVA-84+ supply through a ferrite bead and 22 uF (ripple at most 3 mV at 1 to 10 MHz); derived requirement to WP-PDR-22 and WP-PDR-24,
B0,A5,147.95,151.5655,PWM comb,mirror of PWM 149.88 kHz x 963,gva,True,-103.8,-70.9,-148.8,-115.9,pass,pass,"3.3 V GPIO, tr 2 to 5 ns, every 25th line of the comb shown","none needed (coherent 150 kHz comb, ADR-031 rule 3)",
B0,A5,147.95,151.8285,PWM comb,PWM 149.88 kHz x 1013,gva,False,-99.2,-65.0,-144.2,-110.0,pass,pass,"3.3 V GPIO, tr 2 to 5 ns, every 25th line of the comb shown","none needed (coherent 150 kHz comb, ADR-031 rule 3)",
B0,A5,147.95,151.9000,RP2350 XOSC 12 MHz,3 coincident lines at 151.900 MHz (amplitude sum),gva,True,-96.2,-32.7,-141.2,-77.7,pass,pass,"on-die current into the Pico 2 PDN (0.1 to 0.5 ohm), path pdn 40 to 70 dB","C2: clk_adc from PLL_SYS / 2 (AUXSRC CLKSRC_PLL_SYS, DIV 2) enabled only for conversion bursts (ENABLE bit); C3: PLL_USB powered down (PWR.PD, VCOPD) outside USB; cannot be moved (Pico 2 crystal); level: layout rules L1 to L3; tinySA sweep",mirror of XOSC 12 MHz x 12: -96.2 to -38.8 dBm | mirror of clk_adc 48 MHz x 3 (continuous): -106.6 to -48.3 dBm | mirror of PLL_USB 48 MHz x 3 (running): -102.2 to -42.3 dBm
B0,A5,147.95,151.9500,VGG / supply sidebands,"RT6150 (Pico 2, about 2 MHz, Low) ripple on the GVA-84+ bias, fc + 2 x 2 MHz",rel,False,-64.3,-33.8,-109.3,-78.8,pass,pass,ripple 1 to 10 mV at the GVA-84+ Vcc,F3: GVA-84+ supply through a ferrite bead and 22 uF (ripple at most 3 mV at 1 to 10 MHz); derived requirement to WP-PDR-22 and WP-PDR-24,
B0,A5,147.95,153.9000,RP2350 on-die products,mirror of 2 x 125 - 9 x 12 MHz,gva,True,-101.8,-39.0,-146.8,-84.0,pass,pass,"on-die current into the Pico 2 PDN (0.1 to 0.5 ohm), path pdn 40 to 70 dB","C1 puts every on-die product on the 12 MHz grid (120, 132, 144, 156, 168 MHz); level: L1 to L3",
B0,A5,147.95,153.9500,VGG / supply sidebands,2 coincident lines at 153.950 MHz (amplitude sum),rel,False,-64.3,-30.3,-109.3,-75.3,pass,pass,ripple 1 to 10 mV at the GVA-84+ Vcc,F3: GVA-84+ supply through a ferrite bead and 22 uF (ripple at most 3 mV at 1 to 10 MHz); derived requirement to WP-PDR-22 and WP-PDR-24,"RT6150 (Pico 2, about 2 MHz, Low) ripple on the GVA-84+ bias, fc + 3 x 2 MHz: -70.3 to -39.8 dBm | RP2350 core regulator (3 MHz typ) ripple on the GVA-84+ bias, fc + 2 x 3 MHz: -64.3 to -33.8 dBm"
B0,A5,147.95,154.0000,RP2350 on-die products,2 x 125 - 8 x 12 MHz,gva,False,-95.8,-33.0,-140.8,-78.0,pass,pass,"on-die current into the Pico 2 PDN (0.1 to 0.5 ohm), path pdn 40 to 70 dB","C1 puts every on-die product on the 12 MHz grid (120, 132, 144, 156, 168 MHz); level: L1 to L3",
B0,A5,147.95,155.3125,PWM comb,mirror of PWM 149.88 kHz x 938,gva,True,-358.7,-326.3,-403.7,-371.3,pass,pass,"3.3 V GPIO, tr 2 to 5 ns, every 25th line of the comb shown","none needed (coherent 150 kHz comb, ADR-031 rule 3)",
B0,A5,147.95,155.5755,PWM comb,PWM 149.88 kHz x 1038,gva,False,-372.3,-337.3,-417.3,-382.3,pass,pass,"3.3 V GPIO, tr 2 to 5 ns, every 25th line of the comb shown","none needed (coherent 150 kHz comb, ADR-031 rule 3)",
B0,A5,147.95,155.9500,Si5351 PLL B / CLK2,2 coincident lines at 155.950 MHz (amplitude sum),pre,False,-38.5,-14.7,-83.5,-59.7,not shown,not shown,"residual after CLK2 power-down; -35 to -50 dBc when the output runs (pavelmc Si5351_issues, NT7S part 8) (Low)",C6: in transmit PLL B is parked on the PLL A multiplier and CLK2 and CLK0 are powered down and disabled (register 3),"mirror of CLK2 BFO product fc - 1 x 8 MHz (CLK2 powered down, PLL B running): -43.7 to -23.7 dBm | CLK2 BFO product fc + 1 x 8 MHz (CLK2 powered down, PLL B running): -38.5 to -18.5 dBm"
B0,A5,147.95,156.0000,RP2350 XOSC 12 MHz,XOSC 12 MHz x 13,gva,False,-90.2,-32.8,-135.2,-77.8,pass,pass,"on-die current into the Pico 2 PDN (0.1 to 0.5 ohm), path pdn 40 to 70 dB",cannot be moved (Pico 2 crystal); level: layout rules L1 to L3; tinySA sweep,
B0,A5,147.95,156.2500,RP2350 QSPI SCK,QSPI SCK 31.25 MHz x 5,gva,False,-53.9,-17.6,-98.9,-62.6,not shown,pass,"3.3 V trace, tr 1 to 2 ns, activity (0.1, 1.0)","C4: QSPI CLKDIV 2 (48 MHz, lines only on 144.000 MHz) and the transmit-path code and data in SRAM so the flash is idle during key-down",
B0,A5,147.95,156.9500,VGG / supply sidebands,"RP2350 core regulator (3 MHz typ) ripple on the GVA-84+ bias, fc + 3 x 3 MHz",rel,False,-70.3,-39.9,-115.3,-84.9,pass,pass,ripple 1 to 10 mV at the GVA-84+ Vcc,F3: GVA-84+ supply through a ferrite bead and 22 uF (ripple at most 3 mV at 1 to 10 MHz); derived requirement to WP-PDR-22 and WP-PDR-24,
B0,A5,147.95,158.9000,RP2350 on-die products,mirror of 1 x 125 + 1 x 12 MHz,gva,True,-101.8,-39.0,-146.8,-84.0,pass,pass,"on-die current into the Pico 2 PDN (0.1 to 0.5 ohm), path pdn 40 to 70 dB","C1 puts every on-die product on the 12 MHz grid (120, 132, 144, 156, 168 MHz); level: L1 to L3",
B0,A5,147.95,159.0595,PWM comb,mirror of PWM 149.88 kHz x 913,gva,True,-102.6,-70.8,-147.6,-115.8,pass,pass,"3.3 V GPIO, tr 2 to 5 ns, every 25th line of the comb shown","none needed (coherent 150 kHz comb, ADR-031 rule 3)",
B0,A5,147.95,159.3225,PWM comb,PWM 149.88 kHz x 1063,gva,False,-100.9,-65.2,-145.9,-110.2,pass,pass,"3.3 V GPIO, tr 2 to 5 ns, every 25th line of the comb shown","none needed (coherent 150 kHz comb, ADR-031 rule 3)",
B0,A5,147.95,161.0000,RP2350 on-die products,1 x 125 + 3 x 12 MHz,gva,False,-95.8,-33.1,-140.8,-78.1,pass,pass,"on-die current into the Pico 2 PDN (0.1 to 0.5 ohm), path pdn 40 to 70 dB","C1 puts every on-die product on the 12 MHz grid (120, 132, 144, 156, 168 MHz); level: L1 to L3",
B0,A5,147.95,162.5667,Si5351 PLL B / CLK2,mirror of VCO B 800 MHz / 6 through MS1,pre,True,-38.5,-18.5,-83.5,-63.5,not shown,pass,VCO B leakage into MS1 (Low),C6 (as above): VCO B leakage through MS1 then falls on the carrier,
B0,A5,147.95,162.8065,PWM comb,mirror of PWM 149.88 kHz x 888,gva,True,-380.8,-349.4,-425.8,-394.4,pass,pass,"3.3 V GPIO, tr 2 to 5 ns, every 25th line of the comb shown","none needed (coherent 150 kHz comb, ADR-031 rule 3)",
B0,A5,147.95,163.0695,PWM comb,PWM 149.88 kHz x 1088,gva,False,-368.5,-331.9,-413.5,-376.9,pass,pass,"3.3 V GPIO, tr 2 to 5 ns, every 25th line of the comb shown","none needed (coherent 150 kHz comb, ADR-031 rule 3)",
B0,A5,147.95,163.9000,RP2350 XOSC 12 MHz,mirror of XOSC 12 MHz x 11,gva,True,-96.4,-39.0,-141.4,-84.0,pass,pass,"on-die current into the Pico 2 PDN (0.1 to 0.5 ohm), path pdn 40 to 70 dB",cannot be moved (Pico 2 crystal); level: layout rules L1 to L3; tinySA sweep,
B0,A5,147.95,163.9500,Si5351 PLL B / CLK2,2 coincident lines at 163.950 MHz (amplitude sum),pre,False,-39.2,-15.1,-84.2,-60.1,not shown,not shown,"residual after CLK2 power-down; -35 to -50 dBc when the output runs (pavelmc Si5351_issues, NT7S part 8) (Low)",C6: in transmit PLL B is parked on the PLL A multiplier and CLK2 and CLK0 are powered down and disabled (register 3),"mirror of CLK2 BFO product fc - 2 x 8 MHz (CLK2 powered down, PLL B running): -43.6 to -23.6 dBm | CLK2 BFO product fc + 2 x 8 MHz (CLK2 powered down, PLL B running): -39.2 to -19.2 dBm"
B0,A5,147.95,165.9000,RP2350 on-die products,mirror of 2 x 125 - 10 x 12 MHz,gva,True,-102.1,-39.4,-147.1,-84.4,pass,pass,"on-die current into the Pico 2 PDN (0.1 to 0.5 ohm), path pdn 40 to 70 dB","C1 puts every on-die product on the 12 MHz grid (120, 132, 144, 156, 168 MHz); level: L1 to L3",
B0,A5,147.95,166.0000,RP2350 on-die products,2 x 125 - 7 x 12 MHz,gva,False,-96.1,-33.4,-141.1,-78.4,pass,pass,"on-die current into the Pico 2 PDN (0.1 to 0.5 ohm), path pdn 40 to 70 dB","C1 puts every on-die product on the 12 MHz grid (120, 132, 144, 156, 168 MHz); level: L1 to L3",
B0,A5,147.95,166.4437,/8 prescaler,4 coincident lines at 166.444 MHz (amplitude sum),pre,False,-29.6,-1.7,-74.6,-46.7,not shown,not shown,"100 pF tap on CLK1, shared VCC: fc +/- fc/8 sidebands (Low)","C7: prescaler fed through 330 ohm in series (after the 100 pF), each 74LVC1G80 on its own bead-and-100 nF supply; C8: 470 ohm series resistor at the /8 output and the /8 trace 15 to 25 mm from the CLK1 net (L5); option C9 (/4 prescaler) moves both lines out of the window but needs a REQ-TX-013 CR",mirror of /8 output x 7 (7/8 fc) on the trace: -48.4 to -19.2 dBm | mirror of /8 kickback sideband (7/8 fc): -33.7 to -13.7 dBm | /8 output x 9 (9/8 fc) on the trace: -45.1 to -15.3 dBm | /8 kickback sideband (9/8 fc): -29.6 to -9.6 dBm
B0,A5,147.95,166.5535,PWM comb,mirror of PWM 149.88 kHz x 863,gva,True,-102.0,-71.1,-147.0,-116.1,pass,pass,"3.3 V GPIO, tr 2 to 5 ns, every 25th line of the comb shown","none needed (coherent 150 kHz comb, ADR-031 rule 3)",
B0,A5,147.95,166.8165,PWM comb,PWM 149.88 kHz x 1113,gva,False,-103.3,-65.8,-148.3,-110.8,pass,pass,"3.3 V GPIO, tr 2 to 5 ns, every 25th line of the comb shown","none needed (coherent 150 kHz comb, ADR-031 rule 3)",
B0,A5,147.95,168.0000,RP2350 XOSC 12 MHz,XOSC 12 MHz x 14,gva,False,-90.9,-33.4,-135.9,-78.4,pass,pass,"on-die current into the Pico 2 PDN (0.1 to 0.5 ohm), path pdn 40 to 70 dB",cannot be moved (Pico 2 crystal); level: layout rules L1 to L3; tinySA sweep,
B0,A5,147.95,170.3005,PWM comb,mirror of PWM 149.88 kHz x 838,gva,True,-363.8,-333.3,-408.8,-378.3,pass,pass,"3.3 V GPIO, tr 2 to 5 ns, every 25th line of the comb shown","none needed (coherent 150 kHz comb, ADR-031 rule 3)",
B0,A5,147.95,170.5635,PWM comb,PWM 149.88 kHz x 1138,gva,False,-364.5,-325.9,-409.5,-370.9,pass,pass,"3.3 V GPIO, tr 2 to 5 ns, every 25th line of the comb shown","none needed (coherent 150 kHz comb, ADR-031 rule 3)",
B0,A5,147.95,170.9000,Si5351 reference 25 MHz,4 coincident lines at 170.900 MHz (amplitude sum),pre,True,-44.4,-12.9,-89.4,-57.9,not shown,not shown,no datasheet figure; below the -35 to -50 dBc output-to-output crosstalk reported for full-swing outputs (Low),"C1: clk_sys = clk_peri = 96 MHz in every state (PLL_SYS FBDIV 120, POSTDIV1 5, POSTDIV2 3); fundamental below 118 MHz, 2nd harmonic 192 MHz; C4: QSPI CLKDIV 2 (48 MHz, lines only on 144.000 MHz) and the transmit-path code and data in SRAM so the flash is idle during key-down; L4: TCXO output lead at most 10 mm and at least 8 mm from the CLK1 trace; cannot be moved (Si5351A reference 25 MHz, clock-plan rule 7); level: F1 Si5351 VDD filter; tinySA sweep","mirror of clk_sys 125 MHz x 1: -73.0 to -20.3 dBm | mirror of QSPI SCK 31.25 MHz x 4: -372.5 to -36.9 dBm | mirror of 25 MHz x 5, Si5351 on-die feedthrough to CLK1: -44.4 to -19.4 dBm | mirror of 25 MHz x 5, TCXO lead near CLK1: -75.0 to -40.9 dBm"
B0,A5,147.95,172.9500,Si5351 PLL spurs,PFD reference spur fc + 25 MHz,pre,False,-51.6,-31.6,-96.6,-76.6,pass,pass,"VCO spur at the 25 MHz PFD offset, divided by 6 (-15.6 dB) (Low)",level only (on-die PLL); tinySA sweep,
B0,A5,147.95,173.0000,RP2350 on-die products,1 x 125 + 4 x 12 MHz,gva,False,-97.7,-34.9,-142.7,-79.9,pass,pass,"on-die current into the Pico 2 PDN (0.1 to 0.5 ohm), path pdn 40 to 70 dB","C1 puts every on-die product on the 12 MHz grid (120, 132, 144, 156, 168 MHz); level: L1 to L3",
B0,A5,147.95,174.0475,PWM comb,mirror of PWM 149.88 kHz x 813,gva,True,-102.9,-72.8,-147.9,-117.8,pass,pass,"3.3 V GPIO, tr 2 to 5 ns, every 25th line of the comb shown","none needed (coherent 150 kHz comb, ADR-031 rule 3)",
B0,A5,147.95,174.3106,PWM comb,PWM 149.88 kHz x 1163,gva,False,-107.7,-67.9,-152.7,-112.9,pass,pass,"3.3 V GPIO, tr 2 to 5 ns, every 25th line of the comb shown","none needed (coherent 150 kHz comb, ADR-031 rule 3)",
B0,A5,147.95,175.0000,Si5351 reference 25 MHz,2 coincident lines at 175.000 MHz (amplitude sum),pre,False,-42.5,-16.6,-87.5,-61.6,not shown,pass,no datasheet figure; below the -35 to -50 dBc output-to-output crosstalk reported for full-swing outputs (Low),"L4: TCXO output lead at most 10 mm and at least 8 mm from the CLK1 trace; cannot be moved (Si5351A reference 25 MHz, clock-plan rule 7); level: F1 Si5351 VDD filter; tinySA sweep","25 MHz x 7, Si5351 on-die feedthrough to CLK1: -42.5 to -17.5 dBm | 25 MHz x 7, TCXO lead near CLK1: -70.2 to -36.1 dBm"
B0,A4,144.05,118.0000,RP2350 on-die products,2 x 125 - 11 x 12 MHz,gva,False,-100.4,-38.6,-145.4,-83.6,pass,pass,"on-die current into the Pico 2 PDN (0.1 to 0.5 ohm), path pdn 40 to 70 dB","C1 puts every on-die product on the 12 MHz grid (120, 132, 144, 156, 168 MHz); level: L1 to L3",
B0,A4,144.05,118.1055,PWM comb,PWM 149.88 kHz x 788,gva,False,-355.0,-326.2,-400.0,-371.2,pass,pass,"3.3 V GPIO, tr 2 to 5 ns, every 25th line of the comb shown","none needed (coherent 150 kHz comb, ADR-031 rule 3)",
B0,A4,144.05,119.0500,Si5351 PLL spurs,PFD reference spur fc - 25 MHz,pre,False,-47.0,-27.0,-92.0,-72.0,pass,pass,"VCO spur at the 25 MHz PFD offset, divided by 6 (-15.6 dB) (Low)",level only (on-die PLL); tinySA sweep,
B0,A4,144.05,120.0000,RP2350 XOSC 12 MHz,XOSC 12 MHz x 10,gva,False,-94.8,-38.3,-139.8,-83.3,pass,pass,"on-die current into the Pico 2 PDN (0.1 to 0.5 ohm), path pdn 40 to 70 dB",cannot be moved (Pico 2 crystal); level: layout rules L1 to L3; tinySA sweep,
B0,A4,144.05,120.1000,RP2350 XOSC 12 MHz,mirror of XOSC 12 MHz x 14,gva,True,-100.8,-44.3,-145.8,-89.3,pass,pass,"on-die current into the Pico 2 PDN (0.1 to 0.5 ohm), path pdn 40 to 70 dB",cannot be moved (Pico 2 crystal); level: layout rules L1 to L3; tinySA sweep,
B0,A4,144.05,121.2835,PWM comb,mirror of PWM 149.88 kHz x 1113,gva,True,-113.5,-76.8,-158.5,-121.8,pass,pass,"3.3 V GPIO, tr 2 to 5 ns, every 25th line of the comb shown","none needed (coherent 150 kHz comb, ADR-031 rule 3)",
B0,A4,144.05,121.8525,PWM comb,PWM 149.88 kHz x 813,gva,False,-99.2,-70.1,-144.2,-115.1,pass,pass,"3.3 V GPIO, tr 2 to 5 ns, every 25th line of the comb shown","none needed (coherent 150 kHz comb, ADR-031 rule 3)",
B0,A4,144.05,122.1000,RP2350 on-die products,mirror of 2 x 125 - 7 x 12 MHz,gva,True,-106.4,-44.6,-151.4,-89.6,pass,pass,"on-die current into the Pico 2 PDN (0.1 to 0.5 ohm), path pdn 40 to 70 dB","C1 puts every on-die product on the 12 MHz grid (120, 132, 144, 156, 168 MHz); level: L1 to L3",
B0,A4,144.05,125.0000,Si5351 reference 25 MHz,4 coincident lines at 125.000 MHz (amplitude sum),pre,False,-37.1,-8.2,-82.1,-53.2,not shown,not shown,no datasheet figure; below the -35 to -50 dBc output-to-output crosstalk reported for full-swing outputs (Low),"C1: clk_sys = clk_peri = 96 MHz in every state (PLL_SYS FBDIV 120, POSTDIV1 5, POSTDIV2 3); fundamental below 118 MHz, 2nd harmonic 192 MHz; C4: QSPI CLKDIV 2 (48 MHz, lines only on 144.000 MHz) and the transmit-path code and data in SRAM so the flash is idle during key-down; L4: TCXO output lead at most 10 mm and at least 8 mm from the CLK1 trace; cannot be moved (Si5351A reference 25 MHz, clock-plan rule 7); level: F1 Si5351 VDD filter; tinySA sweep","clk_sys 125 MHz x 1: -70.4 to -18.6 dBm | QSPI SCK 31.25 MHz x 4: -369.8 to -35.1 dBm | 25 MHz x 5, Si5351 on-die feedthrough to CLK1: -37.1 to -12.1 dBm | 25 MHz x 5, crystal node near CLK1: -80.8 to -46.7 dBm"
B0,A4,144.05,125.0305,PWM comb,mirror of PWM 149.88 kHz x 1088,gva,True,-379.0,-343.3,-424.0,-388.3,pass,pass,"3.3 V GPIO, tr 2 to 5 ns, every 25th line of the comb shown","none needed (coherent 150 kHz comb, ADR-031 rule 3)",
B0,A4,144.05,125.5995,PWM comb,PWM 149.88 kHz x 838,gva,False,-361.3,-331.7,-406.3,-376.7,pass,pass,"3.3 V GPIO, tr 2 to 5 ns, every 25th line of the comb shown","none needed (coherent 150 kHz comb, ADR-031 rule 3)",
B0,A4,144.05,126.0438,/8 prescaler,4 coincident lines at 126.044 MHz (amplitude sum),pre,False,-27.2,-0.6,-72.2,-45.6,not shown,not shown,"100 pF tap on CLK1, shared VCC: fc +/- fc/8 sidebands (Low)","C7: prescaler fed through 330 ohm in series (after the 100 pF), each 74LVC1G80 on its own bead-and-100 nF supply; C8: 470 ohm series resistor at the /8 output and the /8 trace 15 to 25 mm from the CLK1 net (L5); option C9 (/4 prescaler) moves both lines out of the window but needs a REQ-TX-013 CR",/8 output x 7 (7/8 fc) on the trace: -42.0 to -12.8 dBm | /8 kickback sideband (7/8 fc): -27.2 to -7.2 dBm | mirror of /8 output x 9 (9/8 fc) on the trace: -50.5 to -20.7 dBm | mirror of /8 kickback sideband (9/8 fc): -34.9 to -14.9 dBm
B0,A4,144.05,127.1000,RP2350 on-die products,mirror of 1 x 125 + 3 x 12 MHz,gva,True,-106.4,-44.6,-151.4,-89.6,pass,pass,"on-die current into the Pico 2 PDN (0.1 to 0.5 ohm), path pdn 40 to 70 dB","C1 puts every on-die product on the 12 MHz grid (120, 132, 144, 156, 168 MHz); level: L1 to L3",
B0,A4,144.05,128.0500,Si5351 PLL B / CLK2,2 coincident lines at 128.050 MHz (amplitude sum),pre,False,-37.2,-14.2,-82.2,-59.2,not shown,not shown,"residual after CLK2 power-down; -35 to -50 dBc when the output runs (pavelmc Si5351_issues, NT7S part 8) (Low)",C6: in transmit PLL B is parked on the PLL A multiplier and CLK2 and CLK0 are powered down and disabled (register 3),"CLK2 BFO product fc - 2 x 8 MHz (CLK2 powered down, PLL B running): -37.2 to -17.2 dBm | mirror of CLK2 BFO product fc + 2 x 8 MHz (CLK2 powered down, PLL B running): -44.8 to -24.8 dBm"
B0,A4,144.05,128.7775,PWM comb,mirror of PWM 149.88 kHz x 1063,gva,True,-111.5,-76.7,-156.5,-121.7,pass,pass,"3.3 V GPIO, tr 2 to 5 ns, every 25th line of the comb shown","none needed (coherent 150 kHz comb, ADR-031 rule 3)",
B0,A4,144.05,129.3465,PWM comb,PWM 149.88 kHz x 863,gva,False,-100.2,-70.2,-145.2,-115.2,pass,pass,"3.3 V GPIO, tr 2 to 5 ns, every 25th line of the comb shown","none needed (coherent 150 kHz comb, ADR-031 rule 3)",
B0,A4,144.05,130.0000,RP2350 on-die products,2 x 125 - 10 x 12 MHz,gva,False,-100.4,-38.6,-145.4,-83.6,pass,pass,"on-die current into the Pico 2 PDN (0.1 to 0.5 ohm), path pdn 40 to 70 dB","C1 puts every on-die product on the 12 MHz grid (120, 132, 144, 156, 168 MHz); level: L1 to L3",
B0,A4,144.05,131.8500,RP2350 QSPI SCK,mirror of QSPI SCK 31.25 MHz x 5,gva,True,-64.6,-29.2,-109.6,-74.2,pass,pass,"3.3 V trace, tr 1 to 2 ns, activity (0.1, 1.0)","C4: QSPI CLKDIV 2 (48 MHz, lines only on 144.000 MHz) and the transmit-path code and data in SRAM so the flash is idle during key-down",
B0,A4,144.05,132.0000,RP2350 XOSC 12 MHz,XOSC 12 MHz x 11,gva,False,-94.9,-38.3,-139.9,-83.3,pass,pass,"on-die current into the Pico 2 PDN (0.1 to 0.5 ohm), path pdn 40 to 70 dB",cannot be moved (Pico 2 crystal); level: layout rules L1 to L3; tinySA sweep,
B0,A4,144.05,132.1000,RP2350 XOSC 12 MHz,mirror of XOSC 12 MHz x 13,gva,True,-100.9,-44.3,-145.9,-89.3,pass,pass,"on-die current into the Pico 2 PDN (0.1 to 0.5 ohm), path pdn 40 to 70 dB",cannot be moved (Pico 2 crystal); level: layout rules L1 to L3; tinySA sweep,
B0,A4,144.05,132.5245,PWM comb,mirror of PWM 149.88 kHz x 1038,gva,True,-382.9,-348.9,-427.9,-393.9,pass,pass,"3.3 V GPIO, tr 2 to 5 ns, every 25th line of the comb shown","none needed (coherent 150 kHz comb, ADR-031 rule 3)",
B0,A4,144.05,133.0935,PWM comb,PWM 149.88 kHz x 888,gva,False,-379.3,-348.9,-424.3,-393.9,pass,pass,"3.3 V GPIO, tr 2 to 5 ns, every 25th line of the comb shown","none needed (coherent 150 kHz comb, ADR-031 rule 3)",
B0,A4,144.05,133.3333,Si5351 PLL B / CLK2,VCO B 800 MHz / 6 through MS1,pre,False,-32.4,-12.4,-77.4,-57.4,not shown,not shown,VCO B leakage into MS1 (Low),C6 (as above): VCO B leakage through MS1 then falls on the carrier,
B0,A4,144.05,134.1000,RP2350 on-die products,mirror of 2 x 125 - 8 x 12 MHz,gva,True,-106.4,-44.6,-151.4,-89.6,pass,pass,"on-die current into the Pico 2 PDN (0.1 to 0.5 ohm), path pdn 40 to 70 dB","C1 puts every on-die product on the 12 MHz grid (120, 132, 144, 156, 168 MHz); level: L1 to L3",
B0,A4,144.05,135.0500,VGG / supply sidebands,"RP2350 core regulator (3 MHz typ) ripple on the GVA-84+ bias, fc - 3 x 3 MHz",rel,False,-70.2,-39.7,-115.2,-84.7,pass,pass,ripple 1 to 10 mV at the GVA-84+ Vcc,F3: GVA-84+ supply through a ferrite bead and 22 uF (ripple at most 3 mV at 1 to 10 MHz); derived requirement to WP-PDR-22 and WP-PDR-24,
B0,A4,144.05,136.0500,Si5351 PLL B / CLK2,2 coincident lines at 136.050 MHz (amplitude sum),pre,False,-37.6,-14.3,-82.6,-59.3,not shown,not shown,"residual after CLK2 power-down; -35 to -50 dBc when the output runs (pavelmc Si5351_issues, NT7S part 8) (Low)",C6: in transmit PLL B is parked on the PLL A multiplier and CLK2 and CLK0 are powered down and disabled (register 3),"CLK2 BFO product fc - 1 x 8 MHz (CLK2 powered down, PLL B running): -37.6 to -17.6 dBm | mirror of CLK2 BFO product fc + 1 x 8 MHz (CLK2 powered down, PLL B running): -44.3 to -24.3 dBm"
B0,A4,144.05,136.2715,PWM comb,mirror of PWM 149.88 kHz x 1013,gva,True,-109.9,-76.6,-154.9,-121.6,pass,pass,"3.3 V GPIO, tr 2 to 5 ns, every 25th line of the comb shown","none needed (coherent 150 kHz comb, ADR-031 rule 3)",
B0,A4,144.05,136.8405,PWM comb,PWM 149.88 kHz x 913,gva,False,-101.3,-70.4,-146.3,-115.4,pass,pass,"3.3 V GPIO, tr 2 to 5 ns, every 25th line of the comb shown","none needed (coherent 150 kHz comb, ADR-031 rule 3)",
B0,A4,144.05,137.0000,RP2350 on-die products,1 x 125 + 1 x 12 MHz,gva,False,-100.5,-38.6,-145.5,-83.6,pass,pass,"on-die current into the Pico 2 PDN (0.1 to 0.5 ohm), path pdn 40 to 70 dB","C1 puts every on-die product on the 12 MHz grid (120, 132, 144, 156, 168 MHz); level: L1 to L3",
B0,A4,144.05,138.0500,VGG / supply sidebands,2 coincident lines at 138.050 MHz (amplitude sum),rel,False,-64.2,-30.2,-109.2,-75.2,pass,pass,ripple 1 to 10 mV at the GVA-84+ Vcc,F3: GVA-84+ supply through a ferrite bead and 22 uF (ripple at most 3 mV at 1 to 10 MHz); derived requirement to WP-PDR-22 and WP-PDR-24,"RT6150 (Pico 2, about 2 MHz, Low) ripple on the GVA-84+ bias, fc - 3 x 2 MHz: -70.2 to -39.7 dBm | RP2350 core regulator (3 MHz typ) ripple on the GVA-84+ bias, fc - 2 x 3 MHz: -64.2 to -33.7 dBm"
B0,A4,144.05,138.1000,Si5351 reference 25 MHz,2 coincident lines at 138.100 MHz (amplitude sum),pre,True,-44.2,-19.0,-89.2,-64.0,not shown,pass,no datasheet figure; below the -35 to -50 dBc output-to-output crosstalk reported for full-swing outputs (Low),"L4: TCXO output lead at most 10 mm and at least 8 mm from the CLK1 trace; cannot be moved (Si5351A reference 25 MHz, clock-plan rule 7); level: F1 Si5351 VDD filter; tinySA sweep","mirror of 25 MHz x 6, Si5351 on-die feedthrough to CLK1: -44.2 to -19.2 dBm | mirror of 25 MHz x 6, crystal node near CLK1: -86.3 to -52.2 dBm"
B0,A4,144.05,139.1000,RP2350 on-die products,mirror of 1 x 125 + 2 x 12 MHz,gva,True,-106.5,-44.6,-151.5,-89.6,pass,pass,"on-die current into the Pico 2 PDN (0.1 to 0.5 ohm), path pdn 40 to 70 dB","C1 puts every on-die product on the 12 MHz grid (120, 132, 144, 156, 168 MHz); level: L1 to L3",
B0,A4,144.05,140.0185,PWM comb,mirror of PWM 149.88 kHz x 988,gva,True,-369.6,-336.9,-414.6,-381.9,pass,pass,"3.3 V GPIO, tr 2 to 5 ns, every 25th line of the comb shown","none needed (coherent 150 kHz comb, ADR-031 rule 3)",
B0,A4,144.05,140.0500,VGG / supply sidebands,"RT6150 (Pico 2, about 2 MHz, Low) ripple on the GVA-84+ bias, fc - 2 x 2 MHz",rel,False,-64.2,-33.8,-109.2,-78.8,pass,pass,ripple 1 to 10 mV at the GVA-84+ Vcc,F3: GVA-84+ supply through a ferrite bead and 22 uF (ripple at most 3 mV at 1 to 10 MHz); derived requirement to WP-PDR-22 and WP-PDR-24,
B0,A4,144.05,140.5875,PWM comb,PWM 149.88 kHz x 938,gva,False,-357.5,-326.0,-402.5,-371.0,pass,pass,"3.3 V GPIO, tr 2 to 5 ns, every 25th line of the comb shown","none needed (coherent 150 kHz comb, ADR-031 rule 3)",
B0,A4,144.05,141.0500,VGG / supply sidebands,"RP2350 core regulator (3 MHz typ) ripple on the GVA-84+ bias, fc - 1 x 3 MHz",rel,False,-58.2,-27.8,-103.2,-72.8,pass,pass,ripple 1 to 10 mV at the GVA-84+ Vcc,F3: GVA-84+ supply through a ferrite bead and 22 uF (ripple at most 3 mV at 1 to 10 MHz); derived requirement to WP-PDR-22 and WP-PDR-24,
B0,A4,144.05,142.0000,RP2350 on-die products,2 x 125 - 9 x 12 MHz,gva,False,-100.5,-38.7,-145.5,-83.7,pass,pass,"on-die current into the Pico 2 PDN (0.1 to 0.5 ohm), path pdn 40 to 70 dB","C1 puts every on-die product on the 12 MHz grid (120, 132, 144, 156, 168 MHz); level: L1 to L3",
B0,A4,144.05,142.0500,Si5351 PLL spurs,2 coincident lines at 142.050 MHz (amplitude sum),pre,False,-42.9,-19.0,-87.9,-64.0,not shown,pass,"PA3FWM tn42b: about -80 dBc in theory, measured worse (Low); offset depends on the fraction","C5: PLL A multiplier rule, fractional part not within 0.002 of an integer (firmware table check); tinySA sweep at the worst channel; F3: GVA-84+ supply through a ferrite bead and 22 uF (ripple at most 3 mV at 1 to 10 MHz); derived requirement to WP-PDR-22 and WP-PDR-24","fractional / integer-boundary spur fc -2 MHz (representative): -42.9 to -22.9 dBm | RT6150 (Pico 2, about 2 MHz, Low) ripple on the GVA-84+ bias, fc - 1 x 2 MHz: -58.2 to -27.8 dBm"
B0,A4,144.05,143.5500,Si5351 PLL spurs,fractional / integer-boundary spur fc -0.5 MHz (representative),pre,False,-43.0,-23.0,-88.0,-68.0,not shown,pass,"PA3FWM tn42b: about -80 dBc in theory, measured worse (Low); offset depends on the fraction","C5: PLL A multiplier rule, fractional part not within 0.002 of an integer (firmware table check); tinySA sweep at the worst channel",
B0,A4,144.05,143.7500,VGG / supply sidebands,"envelope-reference PWM ripple, fc - 2 x 150 kHz",rel,False,-60.1,-41.0,-105.1,-86.0,pass,pass,"AM index m = 0.6/V x ripple; ripple 0.23 to 0.84 mV (2-pole RC, 1 to 3 kHz)",none needed; derived requirement to WP-PDR-22: PWM ripple at VGG at most 3.3 mV peak,
B0,A4,144.05,143.7655,PWM comb,mirror of PWM 149.88 kHz x 963,gva,True,-108.6,-76.6,-153.6,-121.6,pass,pass,"3.3 V GPIO, tr 2 to 5 ns, every 25th line of the comb shown","none needed (coherent 150 kHz comb, ADR-031 rule 3)",
B0,A4,144.05,143.9000,VGG / supply sidebands,"envelope-reference PWM ripple, fc - 1 x 150 kHz",rel,False,-54.1,-35.0,-99.1,-80.0,pass,pass,"AM index m = 0.6/V x ripple; ripple 0.23 to 0.84 mV (2-pole RC, 1 to 3 kHz)",none needed; derived requirement to WP-PDR-22: PWM ripple at VGG at most 3.3 mV peak,
B0,A4,144.05,144.0000,RP2350 XOSC 12 MHz,3 coincident lines at 144.000 MHz (amplitude sum),gva,False,-95.0,-32.4,-140.0,-77.4,pass,pass,"on-die current into the Pico 2 PDN (0.1 to 0.5 ohm), path pdn 40 to 70 dB","C2: clk_adc from PLL_SYS / 2 (AUXSRC CLKSRC_PLL_SYS, DIV 2) enabled only for conversion bursts (ENABLE bit); C3: PLL_USB powered down (PWR.PD, VCOPD) outside USB; cannot be moved (Pico 2 crystal); level: layout rules L1 to L3; tinySA sweep",XOSC 12 MHz x 12: -95.0 to -38.5 dBm | clk_adc 48 MHz x 3 (continuous): -105.4 to -48.0 dBm | PLL_USB 48 MHz x 3 (running): -101.0 to -42.0 dBm
B0,A4,144.05,144.1000,RP2350 XOSC 12 MHz,3 coincident lines at 144.100 MHz (amplitude sum),gva,True,-101.0,-38.4,-146.0,-83.4,pass,pass,"on-die current into the Pico 2 PDN (0.1 to 0.5 ohm), path pdn 40 to 70 dB","C2: clk_adc from PLL_SYS / 2 (AUXSRC CLKSRC_PLL_SYS, DIV 2) enabled only for conversion bursts (ENABLE bit); C3: PLL_USB powered down (PWR.PD, VCOPD) outside USB; cannot be moved (Pico 2 crystal); level: layout rules L1 to L3; tinySA sweep",mirror of XOSC 12 MHz x 12: -101.0 to -44.5 dBm | mirror of clk_adc 48 MHz x 3 (continuous): -111.4 to -54.0 dBm | mirror of PLL_USB 48 MHz x 3 (running): -107.0 to -48.0 dBm
B0,A4,144.05,144.2000,VGG / supply sidebands,"envelope-reference PWM ripple, fc + 1 x 150 kHz",rel,False,-54.1,-35.0,-99.1,-80.0,pass,pass,"AM index m = 0.6/V x ripple; ripple 0.23 to 0.84 mV (2-pole RC, 1 to 3 kHz)",none needed; derived requirement to WP-PDR-22: PWM ripple at VGG at most 3.3 mV peak,
B0,A4,144.05,144.3345,PWM comb,PWM 149.88 kHz x 963,gva,False,-102.6,-70.6,-147.6,-115.6,pass,pass,"3.3 V GPIO, tr 2 to 5 ns, every 25th line of the comb shown","none needed (coherent 150 kHz comb, ADR-031 rule 3)",
B0,A4,144.05,144.3500,VGG / supply sidebands,"envelope-reference PWM ripple, fc + 2 x 150 kHz",rel,False,-60.1,-41.0,-105.1,-86.0,pass,pass,"AM index m = 0.6/V x ripple; ripple 0.23 to 0.84 mV (2-pole RC, 1 to 3 kHz)",none needed; derived requirement to WP-PDR-22: PWM ripple at VGG at most 3.3 mV peak,
B0,A4,144.05,144.5500,Si5351 PLL spurs,fractional / integer-boundary spur fc +0.5 MHz (representative),pre,False,-43.0,-23.0,-88.0,-68.0,pass,pass,"PA3FWM tn42b: about -80 dBc in theory, measured worse (Low); offset depends on the fraction","C5: PLL A multiplier rule, fractional part not within 0.002 of an integer (firmware table check); tinySA sweep at the worst channel",
B0,A4,144.05,146.0500,Si5351 PLL spurs,2 coincident lines at 146.050 MHz (amplitude sum),pre,False,-43.1,-19.1,-88.1,-64.1,not shown,pass,"PA3FWM tn42b: about -80 dBc in theory, measured worse (Low); offset depends on the fraction","C5: PLL A multiplier rule, fractional part not within 0.002 of an integer (firmware table check); tinySA sweep at the worst channel; F3: GVA-84+ supply through a ferrite bead and 22 uF (ripple at most 3 mV at 1 to 10 MHz); derived requirement to WP-PDR-22 and WP-PDR-24","fractional / integer-boundary spur fc +2 MHz (representative): -43.1 to -23.1 dBm | RT6150 (Pico 2, about 2 MHz, Low) ripple on the GVA-84+ bias, fc + 1 x 2 MHz: -58.3 to -27.8 dBm"
B0,A4,144.05,146.1000,RP2350 on-die products,mirror of 2 x 125 - 9 x 12 MHz,gva,True,-106.6,-44.7,-151.6,-89.7,pass,pass,"on-die current into the Pico 2 PDN (0.1 to 0.5 ohm), path pdn 40 to 70 dB","C1 puts every on-die product on the 12 MHz grid (120, 132, 144, 156, 168 MHz); level: L1 to L3",
B0,A4,144.05,147.0500,VGG / supply sidebands,"RP2350 core regulator (3 MHz typ) ripple on the GVA-84+ bias, fc + 1 x 3 MHz",rel,False,-58.3,-27.8,-103.3,-72.8,pass,pass,ripple 1 to 10 mV at the GVA-84+ Vcc,F3: GVA-84+ supply through a ferrite bead and 22 uF (ripple at most 3 mV at 1 to 10 MHz); derived requirement to WP-PDR-22 and WP-PDR-24,
B0,A4,144.05,147.5125,PWM comb,mirror of PWM 149.88 kHz x 938,gva,True,-363.5,-332.0,-408.5,-377.0,pass,pass,"3.3 V GPIO, tr 2 to 5 ns, every 25th line of the comb shown","none needed (coherent 150 kHz comb, ADR-031 rule 3)",
B0,A4,144.05,148.0500,VGG / supply sidebands,"RT6150 (Pico 2, about 2 MHz, Low) ripple on the GVA-84+ bias, fc + 2 x 2 MHz",rel,False,-64.3,-33.8,-109.3,-78.8,pass,pass,ripple 1 to 10 mV at the GVA-84+ Vcc,F3: GVA-84+ supply through a ferrite bead and 22 uF (ripple at most 3 mV at 1 to 10 MHz); derived requirement to WP-PDR-22 and WP-PDR-24,
B0,A4,144.05,148.0815,PWM comb,PWM 149.88 kHz x 988,gva,False,-363.7,-331.0,-408.7,-376.0,pass,pass,"3.3 V GPIO, tr 2 to 5 ns, every 25th line of the comb shown","none needed (coherent 150 kHz comb, ADR-031 rule 3)",
B0,A4,144.05,149.0000,RP2350 on-die products,1 x 125 + 2 x 12 MHz,gva,False,-100.6,-38.7,-145.6,-83.7,pass,pass,"on-die current into the Pico 2 PDN (0.1 to 0.5 ohm), path pdn 40 to 70 dB","C1 puts every on-die product on the 12 MHz grid (120, 132, 144, 156, 168 MHz); level: L1 to L3",
B0,A4,144.05,150.0000,Si5351 reference 25 MHz,2 coincident lines at 150.000 MHz (amplitude sum),pre,False,-38.4,-13.2,-83.4,-58.2,not shown,not shown,no datasheet figure; below the -35 to -50 dBc output-to-output crosstalk reported for full-swing outputs (Low),"L4: TCXO output lead at most 10 mm and at least 8 mm from the CLK1 trace; cannot be moved (Si5351A reference 25 MHz, clock-plan rule 7); level: F1 Si5351 VDD filter; tinySA sweep","25 MHz x 6, Si5351 on-die feedthrough to CLK1: -38.4 to -13.4 dBm | 25 MHz x 6, crystal node near CLK1: -80.4 to -46.3 dBm"
B0,A4,144.05,150.0500,VGG / supply sidebands,2 coincident lines at 150.050 MHz (amplitude sum),rel,False,-64.3,-30.3,-109.3,-75.3,pass,pass,ripple 1 to 10 mV at the GVA-84+ Vcc,F3: GVA-84+ supply through a ferrite bead and 22 uF (ripple at most 3 mV at 1 to 10 MHz); derived requirement to WP-PDR-22 and WP-PDR-24,"RT6150 (Pico 2, about 2 MHz, Low) ripple on the GVA-84+ bias, fc + 3 x 2 MHz: -70.3 to -39.9 dBm | RP2350 core regulator (3 MHz typ) ripple on the GVA-84+ bias, fc + 2 x 3 MHz: -64.3 to -33.9 dBm"
B0,A4,144.05,151.1000,RP2350 on-die products,mirror of 1 x 125 + 1 x 12 MHz,gva,True,-106.6,-44.8,-151.6,-89.8,pass,pass,"on-die current into the Pico 2 PDN (0.1 to 0.5 ohm), path pdn 40 to 70 dB","C1 puts every on-die product on the 12 MHz grid (120, 132, 144, 156, 168 MHz); level: L1 to L3",
B0,A4,144.05,151.2595,PWM comb,mirror of PWM 149.88 kHz x 913,gva,True,-107.5,-76.5,-152.5,-121.5,pass,pass,"3.3 V GPIO, tr 2 to 5 ns, every 25th line of the comb shown","none needed (coherent 150 kHz comb, ADR-031 rule 3)",
B0,A4,144.05,151.8285,PWM comb,PWM 149.88 kHz x 1013,gva,False,-104.1,-70.8,-149.1,-115.8,pass,pass,"3.3 V GPIO, tr 2 to 5 ns, every 25th line of the comb shown","none needed (coherent 150 kHz comb, ADR-031 rule 3)",
B0,A4,144.05,152.0500,Si5351 PLL B / CLK2,2 coincident lines at 152.050 MHz (amplitude sum),pre,False,-38.5,-14.7,-83.5,-59.7,not shown,not shown,"residual after CLK2 power-down; -35 to -50 dBc when the output runs (pavelmc Si5351_issues, NT7S part 8) (Low)",C6: in transmit PLL B is parked on the PLL A multiplier and CLK2 and CLK0 are powered down and disabled (register 3),"mirror of CLK2 BFO product fc - 1 x 8 MHz (CLK2 powered down, PLL B running): -43.7 to -23.7 dBm | CLK2 BFO product fc + 1 x 8 MHz (CLK2 powered down, PLL B running): -38.5 to -18.5 dBm"
B0,A4,144.05,153.0500,VGG / supply sidebands,"RP2350 core regulator (3 MHz typ) ripple on the GVA-84+ bias, fc + 3 x 3 MHz",rel,False,-70.3,-39.9,-115.3,-84.9,pass,pass,ripple 1 to 10 mV at the GVA-84+ Vcc,F3: GVA-84+ supply through a ferrite bead and 22 uF (ripple at most 3 mV at 1 to 10 MHz); derived requirement to WP-PDR-22 and WP-PDR-24,
B0,A4,144.05,154.0000,RP2350 on-die products,2 x 125 - 8 x 12 MHz,gva,False,-100.6,-38.8,-145.6,-83.8,pass,pass,"on-die current into the Pico 2 PDN (0.1 to 0.5 ohm), path pdn 40 to 70 dB","C1 puts every on-die product on the 12 MHz grid (120, 132, 144, 156, 168 MHz); level: L1 to L3",
B0,A4,144.05,154.7667,Si5351 PLL B / CLK2,mirror of VCO B 800 MHz / 6 through MS1,pre,True,-38.6,-18.6,-83.6,-63.6,not shown,pass,VCO B leakage into MS1 (Low),C6 (as above): VCO B leakage through MS1 then falls on the carrier,
B0,A4,144.05,155.0065,PWM comb,mirror of PWM 149.88 kHz x 888,gva,True,-385.5,-355.1,-430.5,-400.1,pass,pass,"3.3 V GPIO, tr 2 to 5 ns, every 25th line of the comb shown","none needed (coherent 150 kHz comb, ADR-031 rule 3)",
B0,A4,144.05,155.5755,PWM comb,PWM 149.88 kHz x 1038,gva,False,-377.1,-343.1,-422.1,-388.1,pass,pass,"3.3 V GPIO, tr 2 to 5 ns, every 25th line of the comb shown","none needed (coherent 150 kHz comb, ADR-031 rule 3)",
B0,A4,144.05,156.0000,RP2350 XOSC 12 MHz,XOSC 12 MHz x 13,gva,False,-95.1,-38.5,-140.1,-83.5,pass,pass,"on-die current into the Pico 2 PDN (0.1 to 0.5 ohm), path pdn 40 to 70 dB",cannot be moved (Pico 2 crystal); level: layout rules L1 to L3; tinySA sweep,
B0,A4,144.05,156.1000,RP2350 XOSC 12 MHz,mirror of XOSC 12 MHz x 11,gva,True,-101.1,-44.5,-146.1,-89.5,pass,pass,"on-die current into the Pico 2 PDN (0.1 to 0.5 ohm), path pdn 40 to 70 dB",cannot be moved (Pico 2 crystal); level: layout rules L1 to L3; tinySA sweep,
B0,A4,144.05,156.2500,RP2350 QSPI SCK,QSPI SCK 31.25 MHz x 5,gva,False,-58.8,-23.4,-103.8,-68.4,pass,pass,"3.3 V trace, tr 1 to 2 ns, activity (0.1, 1.0)","C4: QSPI CLKDIV 2 (48 MHz, lines only on 144.000 MHz) and the transmit-path code and data in SRAM so the flash is idle during key-down",
B0,A4,144.05,158.1000,RP2350 on-die products,mirror of 2 x 125 - 10 x 12 MHz,gva,True,-106.6,-44.8,-151.6,-89.8,pass,pass,"on-die current into the Pico 2 PDN (0.1 to 0.5 ohm), path pdn 40 to 70 dB","C1 puts every on-die product on the 12 MHz grid (120, 132, 144, 156, 168 MHz); level: L1 to L3",
B0,A4,144.05,158.7535,PWM comb,mirror of PWM 149.88 kHz x 863,gva,True,-106.4,-76.4,-151.4,-121.4,pass,pass,"3.3 V GPIO, tr 2 to 5 ns, every 25th line of the comb shown","none needed (coherent 150 kHz comb, ADR-031 rule 3)",
B0,A4,144.05,159.3225,PWM comb,PWM 149.88 kHz x 1063,gva,False,-105.8,-71.0,-150.8,-116.0,pass,pass,"3.3 V GPIO, tr 2 to 5 ns, every 25th line of the comb shown","none needed (coherent 150 kHz comb, ADR-031 rule 3)",
B0,A4,144.05,160.0500,Si5351 PLL B / CLK2,2 coincident lines at 160.050 MHz (amplitude sum),pre,False,-39.0,-15.0,-84.0,-60.0,not shown,not shown,"residual after CLK2 power-down; -35 to -50 dBc when the output runs (pavelmc Si5351_issues, NT7S part 8) (Low)",C6: in transmit PLL B is parked on the PLL A multiplier and CLK2 and CLK0 are powered down and disabled (register 3),"mirror of CLK2 BFO product fc - 2 x 8 MHz (CLK2 powered down, PLL B running): -43.5 to -23.5 dBm | CLK2 BFO product fc + 2 x 8 MHz (CLK2 powered down, PLL B running): -39.0 to -19.0 dBm"
B0,A4,144.05,161.0000,RP2350 on-die products,1 x 125 + 3 x 12 MHz,gva,False,-100.7,-38.9,-145.7,-83.9,pass,pass,"on-die current into the Pico 2 PDN (0.1 to 0.5 ohm), path pdn 40 to 70 dB","C1 puts every on-die product on the 12 MHz grid (120, 132, 144, 156, 168 MHz); level: L1 to L3",
B0,A4,144.05,162.0563,/8 prescaler,4 coincident lines at 162.056 MHz (amplitude sum),pre,False,-29.2,-1.5,-74.2,-46.5,not shown,not shown,"100 pF tap on CLK1, shared VCC: fc +/- fc/8 sidebands (Low)","C7: prescaler fed through 330 ohm in series (after the 100 pF), each 74LVC1G80 on its own bead-and-100 nF supply; C8: 470 ohm series resistor at the /8 output and the /8 trace 15 to 25 mm from the CLK1 net (L5); option C9 (/4 prescaler) moves both lines out of the window but needs a REQ-TX-013 CR",mirror of /8 output x 7 (7/8 fc) on the trace: -48.3 to -19.2 dBm | mirror of /8 kickback sideband (7/8 fc): -33.5 to -13.5 dBm | /8 output x 9 (9/8 fc) on the trace: -44.8 to -15.1 dBm | /8 kickback sideband (9/8 fc): -29.2 to -9.2 dBm
B0,A4,144.05,162.5005,PWM comb,mirror of PWM 149.88 kHz x 838,gva,True,-367.6,-338.1,-412.6,-383.1,pass,pass,"3.3 V GPIO, tr 2 to 5 ns, every 25th line of the comb shown","none needed (coherent 150 kHz comb, ADR-031 rule 3)",
B0,A4,144.05,163.0695,PWM comb,PWM 149.88 kHz x 1088,gva,False,-373.4,-337.7,-418.4,-382.7,pass,pass,"3.3 V GPIO, tr 2 to 5 ns, every 25th line of the comb shown","none needed (coherent 150 kHz comb, ADR-031 rule 3)",
B0,A4,144.05,163.1000,Si5351 reference 25 MHz,4 coincident lines at 163.100 MHz (amplitude sum),pre,True,-43.5,-14.6,-88.5,-59.6,not shown,not shown,no datasheet figure; below the -35 to -50 dBc output-to-output crosstalk reported for full-swing outputs (Low),"C1: clk_sys = clk_peri = 96 MHz in every state (PLL_SYS FBDIV 120, POSTDIV1 5, POSTDIV2 3); fundamental below 118 MHz, 2nd harmonic 192 MHz; C4: QSPI CLKDIV 2 (48 MHz, lines only on 144.000 MHz) and the transmit-path code and data in SRAM so the flash is idle during key-down; L4: TCXO output lead at most 10 mm and at least 8 mm from the CLK1 trace; cannot be moved (Si5351A reference 25 MHz, clock-plan rule 7); level: F1 Si5351 VDD filter; tinySA sweep","mirror of clk_sys 125 MHz x 1: -76.8 to -24.9 dBm | mirror of QSPI SCK 31.25 MHz x 4: -376.2 to -41.5 dBm | mirror of 25 MHz x 5, Si5351 on-die feedthrough to CLK1: -43.5 to -18.5 dBm | mirror of 25 MHz x 5, crystal node near CLK1: -87.2 to -53.1 dBm"
B0,A4,144.05,166.0000,RP2350 on-die products,2 x 125 - 7 x 12 MHz,gva,False,-101.0,-39.2,-146.0,-84.2,pass,pass,"on-die current into the Pico 2 PDN (0.1 to 0.5 ohm), path pdn 40 to 70 dB","C1 puts every on-die product on the 12 MHz grid (120, 132, 144, 156, 168 MHz); level: L1 to L3",
B0,A4,144.05,166.2475,PWM comb,mirror of PWM 149.88 kHz x 813,gva,True,-105.9,-76.7,-150.9,-121.7,pass,pass,"3.3 V GPIO, tr 2 to 5 ns, every 25th line of the comb shown","none needed (coherent 150 kHz comb, ADR-031 rule 3)",
B0,A4,144.05,166.8165,PWM comb,PWM 149.88 kHz x 1113,gva,False,-108.2,-71.6,-153.2,-116.6,pass,pass,"3.3 V GPIO, tr 2 to 5 ns, every 25th line of the comb shown","none needed (coherent 150 kHz comb, ADR-031 rule 3)",
B0,A4,144.05,168.0000,RP2350 XOSC 12 MHz,XOSC 12 MHz x 14,gva,False,-95.7,-39.2,-140.7,-84.2,pass,pass,"on-die current into the Pico 2 PDN (0.1 to 0.5 ohm), path pdn 40 to 70 dB",cannot be moved (Pico 2 crystal); level: layout rules L1 to L3; tinySA sweep,
B0,A4,144.05,168.1000,RP2350 XOSC 12 MHz,mirror of XOSC 12 MHz x 10,gva,True,-101.7,-45.2,-146.7,-90.2,pass,pass,"on-die current into the Pico 2 PDN (0.1 to 0.5 ohm), path pdn 40 to 70 dB",cannot be moved (Pico 2 crystal); level: layout rules L1 to L3; tinySA sweep,
B0,A4,144.05,169.0500,Si5351 PLL spurs,PFD reference spur fc + 25 MHz,pre,False,-50.5,-30.5,-95.5,-75.5,pass,pass,"VCO spur at the 25 MHz PFD offset, divided by 6 (-15.6 dB) (Low)",level only (on-die PLL); tinySA sweep,
B0,A4,144.05,169.9945,PWM comb,mirror of PWM 149.88 kHz x 788,gva,True,-362.3,-333.5,-407.3,-378.5,pass,pass,"3.3 V GPIO, tr 2 to 5 ns, every 25th line of the comb shown","none needed (coherent 150 kHz comb, ADR-031 rule 3)",
B0,A4,144.05,170.1000,RP2350 on-die products,mirror of 2 x 125 - 11 x 12 MHz,gva,True,-107.7,-45.9,-152.7,-90.9,pass,pass,"on-die current into the Pico 2 PDN (0.1 to 0.5 ohm), path pdn 40 to 70 dB","C1 puts every on-die product on the 12 MHz grid (120, 132, 144, 156, 168 MHz); level: L1 to L3",
B0,A4,144.05,170.5635,PWM comb,PWM 149.88 kHz x 1138,gva,False,-369.3,-331.6,-414.3,-376.6,pass,pass,"3.3 V GPIO, tr 2 to 5 ns, every 25th line of the comb shown","none needed (coherent 150 kHz comb, ADR-031 rule 3)",
B0,A4,144.05,173.0000,RP2350 on-die products,1 x 125 + 4 x 12 MHz,gva,False,-102.5,-40.7,-147.5,-85.7,pass,pass,"on-die current into the Pico 2 PDN (0.1 to 0.5 ohm), path pdn 40 to 70 dB","C1 puts every on-die product on the 12 MHz grid (120, 132, 144, 156, 168 MHz); level: L1 to L3",
B0,A4,144.05,174.3106,PWM comb,PWM 149.88 kHz x 1163,gva,False,-112.6,-73.6,-157.6,-118.6,pass,pass,"3.3 V GPIO, tr 2 to 5 ns, every 25th line of the comb shown","none needed (coherent 150 kHz comb, ADR-031 rule 3)",
B0,A4,144.05,175.0000,Si5351 reference 25 MHz,2 coincident lines at 175.000 MHz (amplitude sum),pre,False,-42.8,-17.5,-87.8,-62.5,not shown,pass,no datasheet figure; below the -35 to -50 dBc output-to-output crosstalk reported for full-swing outputs (Low),"L4: TCXO output lead at most 10 mm and at least 8 mm from the CLK1 trace; cannot be moved (Si5351A reference 25 MHz, clock-plan rule 7); level: F1 Si5351 VDD filter; tinySA sweep","25 MHz x 7, Si5351 on-die feedthrough to CLK1: -42.8 to -17.8 dBm | 25 MHz x 7, crystal node near CLK1: -83.5 to -49.4 dBm"
B0,A4,146.0,118.0000,RP2350 on-die products,2 x 125 - 11 x 12 MHz,gva,False,-100.4,-38.5,-145.4,-83.5,pass,pass,"on-die current into the Pico 2 PDN (0.1 to 0.5 ohm), path pdn 40 to 70 dB","C1 puts every on-die product on the 12 MHz grid (120, 132, 144, 156, 168 MHz); level: L1 to L3",
B0,A4,146.0,118.1055,PWM comb,PWM 149.88 kHz x 788,gva,False,-355.0,-326.2,-400.0,-371.2,pass,pass,"3.3 V GPIO, tr 2 to 5 ns, every 25th line of the comb shown","none needed (coherent 150 kHz comb, ADR-031 rule 3)",
B0,A4,146.0,119.0000,RP2350 on-die products,mirror of 1 x 125 + 4 x 12 MHz,gva,True,-106.4,-44.5,-151.4,-89.5,pass,pass,"on-die current into the Pico 2 PDN (0.1 to 0.5 ohm), path pdn 40 to 70 dB","C1 puts every on-die product on the 12 MHz grid (120, 132, 144, 156, 168 MHz); level: L1 to L3",
B0,A4,146.0,120.0000,RP2350 XOSC 12 MHz,XOSC 12 MHz x 10,gva,False,-94.8,-38.3,-139.8,-83.3,pass,pass,"on-die current into the Pico 2 PDN (0.1 to 0.5 ohm), path pdn 40 to 70 dB",cannot be moved (Pico 2 crystal); level: layout rules L1 to L3; tinySA sweep,
B0,A4,146.0,121.0000,Si5351 PLL spurs,PFD reference spur fc - 25 MHz,pre,False,-46.9,-26.9,-91.9,-71.9,pass,pass,"VCO spur at the 25 MHz PFD offset, divided by 6 (-15.6 dB) (Low)",level only (on-die PLL); tinySA sweep,
B0,A4,146.0,121.4365,PWM comb,mirror of PWM 149.88 kHz x 1138,gva,True,-373.9,-336.2,-418.9,-381.2,pass,pass,"3.3 V GPIO, tr 2 to 5 ns, every 25th line of the comb shown","none needed (coherent 150 kHz comb, ADR-031 rule 3)",
B0,A4,146.0,121.8525,PWM comb,PWM 149.88 kHz x 813,gva,False,-99.2,-70.0,-144.2,-115.0,pass,pass,"3.3 V GPIO, tr 2 to 5 ns, every 25th line of the comb shown","none needed (coherent 150 kHz comb, ADR-031 rule 3)",
B0,A4,146.0,124.0000,RP2350 XOSC 12 MHz,mirror of XOSC 12 MHz x 14,gva,True,-100.8,-44.3,-145.8,-89.3,pass,pass,"on-die current into the Pico 2 PDN (0.1 to 0.5 ohm), path pdn 40 to 70 dB",cannot be moved (Pico 2 crystal); level: layout rules L1 to L3; tinySA sweep,
B0,A4,146.0,125.0000,Si5351 reference 25 MHz,4 coincident lines at 125.000 MHz (amplitude sum),pre,False,-37.0,-8.2,-82.0,-53.2,not shown,not shown,no datasheet figure; below the -35 to -50 dBc output-to-output crosstalk reported for full-swing outputs (Low),"C1: clk_sys = clk_peri = 96 MHz in every state (PLL_SYS FBDIV 120, POSTDIV1 5, POSTDIV2 3); fundamental below 118 MHz, 2nd harmonic 192 MHz; C4: QSPI CLKDIV 2 (48 MHz, lines only on 144.000 MHz) and the transmit-path code and data in SRAM so the flash is idle during key-down; L4: TCXO output lead at most 10 mm and at least 8 mm from the CLK1 trace; cannot be moved (Si5351A reference 25 MHz, clock-plan rule 7); level: F1 Si5351 VDD filter; tinySA sweep","clk_sys 125 MHz x 1: -70.4 to -18.5 dBm | QSPI SCK 31.25 MHz x 4: -369.8 to -35.1 dBm | 25 MHz x 5, Si5351 on-die feedthrough to CLK1: -37.0 to -12.0 dBm | 25 MHz x 5, crystal node near CLK1: -80.7 to -46.6 dBm"
B0,A4,146.0,125.1835,PWM comb,mirror of PWM 149.88 kHz x 1113,gva,True,-113.5,-76.8,-158.5,-121.8,pass,pass,"3.3 V GPIO, tr 2 to 5 ns, every 25th line of the comb shown","none needed (coherent 150 kHz comb, ADR-031 rule 3)",
B0,A4,146.0,125.5995,PWM comb,PWM 149.88 kHz x 838,gva,False,-361.3,-331.7,-406.3,-376.7,pass,pass,"3.3 V GPIO, tr 2 to 5 ns, every 25th line of the comb shown","none needed (coherent 150 kHz comb, ADR-031 rule 3)",
B0,A4,146.0,126.0000,RP2350 on-die products,mirror of 2 x 125 - 7 x 12 MHz,gva,True,-106.4,-44.5,-151.4,-89.5,pass,pass,"on-die current into the Pico 2 PDN (0.1 to 0.5 ohm), path pdn 40 to 70 dB","C1 puts every on-die product on the 12 MHz grid (120, 132, 144, 156, 168 MHz); level: L1 to L3",
B0,A4,146.0,127.7500,/8 prescaler,4 coincident lines at 127.750 MHz (amplitude sum),pre,False,-27.1,-0.5,-72.1,-45.5,not shown,not shown,"100 pF tap on CLK1, shared VCC: fc +/- fc/8 sidebands (Low)","C7: prescaler fed through 330 ohm in series (after the 100 pF), each 74LVC1G80 on its own bead-and-100 nF supply; C8: 470 ohm series resistor at the /8 output and the /8 trace 15 to 25 mm from the CLK1 net (L5); option C9 (/4 prescaler) moves both lines out of the window but needs a REQ-TX-013 CR",/8 output x 7 (7/8 fc) on the trace: -41.9 to -12.7 dBm | /8 kickback sideband (7/8 fc): -27.1 to -7.1 dBm | mirror of /8 output x 9 (9/8 fc) on the trace: -50.5 to -20.7 dBm | mirror of /8 kickback sideband (9/8 fc): -34.9 to -14.9 dBm
B0,A4,146.0,128.9305,PWM comb,mirror of PWM 149.88 kHz x 1088,gva,True,-379.0,-343.3,-424.0,-388.3,pass,pass,"3.3 V GPIO, tr 2 to 5 ns, every 25th line of the comb shown","none needed (coherent 150 kHz comb, ADR-031 rule 3)",
B0,A4,146.0,129.3465,PWM comb,PWM 149.88 kHz x 863,gva,False,-100.2,-70.2,-145.2,-115.2,pass,pass,"3.3 V GPIO, tr 2 to 5 ns, every 25th line of the comb shown","none needed (coherent 150 kHz comb, ADR-031 rule 3)",
B0,A4,146.0,130.0000,Si5351 PLL B / CLK2,3 coincident lines at 130.000 MHz (amplitude sum),pre,False,-37.2,-13.7,-82.2,-58.7,not shown,not shown,"residual after CLK2 power-down; -35 to -50 dBc when the output runs (pavelmc Si5351_issues, NT7S part 8) (Low)","C1 puts every on-die product on the 12 MHz grid (120, 132, 144, 156, 168 MHz); level: L1 to L3; C6: in transmit PLL B is parked on the PLL A multiplier and CLK2 and CLK0 are powered down and disabled (register 3)","2 x 125 - 10 x 12 MHz: -100.4 to -38.6 dBm | CLK2 BFO product fc - 2 x 8 MHz (CLK2 powered down, PLL B running): -37.2 to -17.2 dBm | mirror of CLK2 BFO product fc + 2 x 8 MHz (CLK2 powered down, PLL B running): -44.8 to -24.8 dBm"
B0,A4,146.0,131.0000,RP2350 on-die products,mirror of 1 x 125 + 3 x 12 MHz,gva,True,-106.4,-44.6,-151.4,-89.6,pass,pass,"on-die current into the Pico 2 PDN (0.1 to 0.5 ohm), path pdn 40 to 70 dB","C1 puts every on-die product on the 12 MHz grid (120, 132, 144, 156, 168 MHz); level: L1 to L3",
B0,A4,146.0,132.0000,RP2350 XOSC 12 MHz,XOSC 12 MHz x 11,gva,False,-94.8,-38.3,-139.8,-83.3,pass,pass,"on-die current into the Pico 2 PDN (0.1 to 0.5 ohm), path pdn 40 to 70 dB",cannot be moved (Pico 2 crystal); level: layout rules L1 to L3; tinySA sweep,
B0,A4,146.0,132.6775,PWM comb,mirror of PWM 149.88 kHz x 1063,gva,True,-111.5,-76.7,-156.5,-121.7,pass,pass,"3.3 V GPIO, tr 2 to 5 ns, every 25th line of the comb shown","none needed (coherent 150 kHz comb, ADR-031 rule 3)",
B0,A4,146.0,133.0935,PWM comb,PWM 149.88 kHz x 888,gva,False,-379.3,-348.8,-424.3,-393.8,pass,pass,"3.3 V GPIO, tr 2 to 5 ns, every 25th line of the comb shown","none needed (coherent 150 kHz comb, ADR-031 rule 3)",
B0,A4,146.0,133.3333,Si5351 PLL B / CLK2,VCO B 800 MHz / 6 through MS1,pre,False,-32.3,-12.3,-77.3,-57.3,not shown,not shown,VCO B leakage into MS1 (Low),C6 (as above): VCO B leakage through MS1 then falls on the carrier,
B0,A4,146.0,135.7500,RP2350 QSPI SCK,mirror of QSPI SCK 31.25 MHz x 5,gva,True,-64.6,-29.2,-109.6,-74.2,pass,pass,"3.3 V trace, tr 1 to 2 ns, activity (0.1, 1.0)","C4: QSPI CLKDIV 2 (48 MHz, lines only on 144.000 MHz) and the transmit-path code and data in SRAM so the flash is idle during key-down",
B0,A4,146.0,136.0000,RP2350 XOSC 12 MHz,mirror of XOSC 12 MHz x 13,gva,True,-100.9,-44.3,-145.9,-89.3,pass,pass,"on-die current into the Pico 2 PDN (0.1 to 0.5 ohm), path pdn 40 to 70 dB",cannot be moved (Pico 2 crystal); level: layout rules L1 to L3; tinySA sweep,
B0,A4,146.0,136.4245,PWM comb,mirror of PWM 149.88 kHz x 1038,gva,True,-382.9,-348.9,-427.9,-393.9,pass,pass,"3.3 V GPIO, tr 2 to 5 ns, every 25th line of the comb shown","none needed (coherent 150 kHz comb, ADR-031 rule 3)",
B0,A4,146.0,136.8405,PWM comb,PWM 149.88 kHz x 913,gva,False,-101.3,-70.3,-146.3,-115.3,pass,pass,"3.3 V GPIO, tr 2 to 5 ns, every 25th line of the comb shown","none needed (coherent 150 kHz comb, ADR-031 rule 3)",
B0,A4,146.0,137.0000,RP2350 on-die products,2 coincident lines at 137.000 MHz (amplitude sum),gva,False,-70.2,-33.1,-115.2,-78.1,pass,pass,"on-die current into the Pico 2 PDN (0.1 to 0.5 ohm), path pdn 40 to 70 dB","C1 puts every on-die product on the 12 MHz grid (120, 132, 144, 156, 168 MHz); level: L1 to L3; F3: GVA-84+ supply through a ferrite bead and 22 uF (ripple at most 3 mV at 1 to 10 MHz); derived requirement to WP-PDR-22 and WP-PDR-24","1 x 125 + 1 x 12 MHz: -100.4 to -38.6 dBm | RP2350 core regulator (3 MHz typ) ripple on the GVA-84+ bias, fc - 3 x 3 MHz: -70.2 to -39.7 dBm"
B0,A4,146.0,138.0000,Si5351 PLL B / CLK2,3 coincident lines at 138.000 MHz (amplitude sum),pre,False,-37.5,-14.0,-82.5,-59.0,not shown,not shown,"residual after CLK2 power-down; -35 to -50 dBc when the output runs (pavelmc Si5351_issues, NT7S part 8) (Low)","C1 puts every on-die product on the 12 MHz grid (120, 132, 144, 156, 168 MHz); level: L1 to L3; C6: in transmit PLL B is parked on the PLL A multiplier and CLK2 and CLK0 are powered down and disabled (register 3)","mirror of 2 x 125 - 8 x 12 MHz: -106.5 to -44.6 dBm | CLK2 BFO product fc - 1 x 8 MHz (CLK2 powered down, PLL B running): -37.5 to -17.5 dBm | mirror of CLK2 BFO product fc + 1 x 8 MHz (CLK2 powered down, PLL B running): -44.3 to -24.3 dBm"
B0,A4,146.0,140.0000,VGG / supply sidebands,2 coincident lines at 140.000 MHz (amplitude sum),rel,False,-64.2,-30.2,-109.2,-75.2,pass,pass,ripple 1 to 10 mV at the GVA-84+ Vcc,F3: GVA-84+ supply through a ferrite bead and 22 uF (ripple at most 3 mV at 1 to 10 MHz); derived requirement to WP-PDR-22 and WP-PDR-24,"RT6150 (Pico 2, about 2 MHz, Low) ripple on the GVA-84+ bias, fc - 3 x 2 MHz: -70.2 to -39.7 dBm | RP2350 core regulator (3 MHz typ) ripple on the GVA-84+ bias, fc - 2 x 3 MHz: -64.2 to -33.7 dBm"
B0,A4,146.0,140.1715,PWM comb,mirror of PWM 149.88 kHz x 1013,gva,True,-110.0,-76.6,-155.0,-121.6,pass,pass,"3.3 V GPIO, tr 2 to 5 ns, every 25th line of the comb shown","none needed (coherent 150 kHz comb, ADR-031 rule 3)",
B0,A4,146.0,140.5875,PWM comb,PWM 149.88 kHz x 938,gva,False,-357.4,-326.0,-402.4,-371.0,pass,pass,"3.3 V GPIO, tr 2 to 5 ns, every 25th line of the comb shown","none needed (coherent 150 kHz comb, ADR-031 rule 3)",
B0,A4,146.0,142.0000,Si5351 reference 25 MHz,4 coincident lines at 142.000 MHz (amplitude sum),pre,True,-44.2,-16.8,-89.2,-61.8,not shown,pass,no datasheet figure; below the -35 to -50 dBc output-to-output crosstalk reported for full-swing outputs (Low),"C1 puts every on-die product on the 12 MHz grid (120, 132, 144, 156, 168 MHz); level: L1 to L3; F3: GVA-84+ supply through a ferrite bead and 22 uF (ripple at most 3 mV at 1 to 10 MHz); derived requirement to WP-PDR-22 and WP-PDR-24; L4: TCXO output lead at most 10 mm and at least 8 mm from the CLK1 trace; cannot be moved (Si5351A reference 25 MHz, clock-plan rule 7); level: F1 Si5351 VDD filter; tinySA sweep","2 x 125 - 9 x 12 MHz: -100.5 to -38.7 dBm | mirror of 25 MHz x 6, Si5351 on-die feedthrough to CLK1: -44.2 to -19.2 dBm | mirror of 25 MHz x 6, crystal node near CLK1: -86.3 to -52.1 dBm | RT6150 (Pico 2, about 2 MHz, Low) ripple on the GVA-84+ bias, fc - 2 x 2 MHz: -64.2 to -33.8 dBm"
B0,A4,146.0,143.0000,VGG / supply sidebands,2 coincident lines at 143.000 MHz (amplitude sum),rel,False,-58.2,-26.6,-103.2,-71.6,pass,pass,ripple 1 to 10 mV at the GVA-84+ Vcc,"C1 puts every on-die product on the 12 MHz grid (120, 132, 144, 156, 168 MHz); level: L1 to L3; F3: GVA-84+ supply through a ferrite bead and 22 uF (ripple at most 3 mV at 1 to 10 MHz); derived requirement to WP-PDR-22 and WP-PDR-24","mirror of 1 x 125 + 2 x 12 MHz: -106.5 to -44.7 dBm | RP2350 core regulator (3 MHz typ) ripple on the GVA-84+ bias, fc - 1 x 3 MHz: -58.2 to -27.8 dBm"
B0,A4,146.0,143.9185,PWM comb,mirror of PWM 149.88 kHz x 988,gva,True,-369.6,-337.0,-414.6,-382.0,pass,pass,"3.3 V GPIO, tr 2 to 5 ns, every 25th line of the comb shown","none needed (coherent 150 kHz comb, ADR-031 rule 3)",
B0,A4,146.0,144.0000,Si5351 PLL spurs,5 coincident lines at 144.000 MHz (amplitude sum),pre,False,-42.9,-17.3,-87.9,-62.3,not shown,pass,"PA3FWM tn42b: about -80 dBc in theory, measured worse (Low); offset depends on the fraction","C2: clk_adc from PLL_SYS / 2 (AUXSRC CLKSRC_PLL_SYS, DIV 2) enabled only for conversion bursts (ENABLE bit); C3: PLL_USB powered down (PWR.PD, VCOPD) outside USB; C5: PLL A multiplier rule, fractional part not within 0.002 of an integer (firmware table check); tinySA sweep at the worst channel; F3: GVA-84+ supply through a ferrite bead and 22 uF (ripple at most 3 mV at 1 to 10 MHz); derived requirement to WP-PDR-22 and WP-PDR-24; cannot be moved (Pico 2 crystal); level: layout rules L1 to L3; tinySA sweep","XOSC 12 MHz x 12: -95.0 to -38.4 dBm | clk_adc 48 MHz x 3 (continuous): -105.4 to -48.0 dBm | PLL_USB 48 MHz x 3 (running): -101.0 to -42.0 dBm | fractional / integer-boundary spur fc -2 MHz (representative): -42.9 to -22.9 dBm | RT6150 (Pico 2, about 2 MHz, Low) ripple on the GVA-84+ bias, fc - 1 x 2 MHz: -58.2 to -27.8 dBm"
B0,A4,146.0,144.3345,PWM comb,PWM 149.88 kHz x 963,gva,False,-102.6,-70.5,-147.6,-115.5,pass,pass,"3.3 V GPIO, tr 2 to 5 ns, every 25th line of the comb shown","none needed (coherent 150 kHz comb, ADR-031 rule 3)",
B0,A4,146.0,145.5000,Si5351 PLL spurs,fractional / integer-boundary spur fc -0.5 MHz (representative),pre,False,-43.0,-23.0,-88.0,-68.0,not shown,pass,"PA3FWM tn42b: about -80 dBc in theory, measured worse (Low); offset depends on the fraction","C5: PLL A multiplier rule, fractional part not within 0.002 of an integer (firmware table check); tinySA sweep at the worst channel",
B0,A4,146.0,145.7000,VGG / supply sidebands,"envelope-reference PWM ripple, fc - 2 x 150 kHz",rel,False,-60.1,-41.0,-105.1,-86.0,pass,pass,"AM index m = 0.6/V x ripple; ripple 0.23 to 0.84 mV (2-pole RC, 1 to 3 kHz)",none needed; derived requirement to WP-PDR-22: PWM ripple at VGG at most 3.3 mV peak,
B0,A4,146.0,145.8500,VGG / supply sidebands,"envelope-reference PWM ripple, fc - 1 x 150 kHz",rel,False,-54.1,-35.0,-99.1,-80.0,pass,pass,"AM index m = 0.6/V x ripple; ripple 0.23 to 0.84 mV (2-pole RC, 1 to 3 kHz)",none needed; derived requirement to WP-PDR-22: PWM ripple at VGG at most 3.3 mV peak,
B0,A4,146.0,146.1500,VGG / supply sidebands,"envelope-reference PWM ripple, fc + 1 x 150 kHz",rel,False,-54.1,-35.0,-99.1,-80.0,pass,pass,"AM index m = 0.6/V x ripple; ripple 0.23 to 0.84 mV (2-pole RC, 1 to 3 kHz)",none needed; derived requirement to WP-PDR-22: PWM ripple at VGG at most 3.3 mV peak,
B0,A4,146.0,146.3000,VGG / supply sidebands,"envelope-reference PWM ripple, fc + 2 x 150 kHz",rel,False,-60.1,-41.0,-105.1,-86.0,pass,pass,"AM index m = 0.6/V x ripple; ripple 0.23 to 0.84 mV (2-pole RC, 1 to 3 kHz)",none needed; derived requirement to WP-PDR-22: PWM ripple at VGG at most 3.3 mV peak,
B0,A4,146.0,146.5000,Si5351 PLL spurs,fractional / integer-boundary spur fc +0.5 MHz (representative),pre,False,-43.0,-23.0,-88.0,-68.0,pass,pass,"PA3FWM tn42b: about -80 dBc in theory, measured worse (Low); offset depends on the fraction","C5: PLL A multiplier rule, fractional part not within 0.002 of an integer (firmware table check); tinySA sweep at the worst channel",
B0,A4,146.0,147.6655,PWM comb,mirror of PWM 149.88 kHz x 963,gva,True,-108.6,-76.6,-153.6,-121.6,pass,pass,"3.3 V GPIO, tr 2 to 5 ns, every 25th line of the comb shown","none needed (coherent 150 kHz comb, ADR-031 rule 3)",
B0,A4,146.0,148.0000,Si5351 PLL spurs,5 coincident lines at 148.000 MHz (amplitude sum),pre,False,-43.1,-18.2,-88.1,-63.2,not shown,pass,"PA3FWM tn42b: about -80 dBc in theory, measured worse (Low); offset depends on the fraction","C2: clk_adc from PLL_SYS / 2 (AUXSRC CLKSRC_PLL_SYS, DIV 2) enabled only for conversion bursts (ENABLE bit); C3: PLL_USB powered down (PWR.PD, VCOPD) outside USB; C5: PLL A multiplier rule, fractional part not within 0.002 of an integer (firmware table check); tinySA sweep at the worst channel; F3: GVA-84+ supply through a ferrite bead and 22 uF (ripple at most 3 mV at 1 to 10 MHz); derived requirement to WP-PDR-22 and WP-PDR-24; cannot be moved (Pico 2 crystal); level: layout rules L1 to L3; tinySA sweep","mirror of XOSC 12 MHz x 12: -101.0 to -44.5 dBm | mirror of clk_adc 48 MHz x 3 (continuous): -111.5 to -54.0 dBm | mirror of PLL_USB 48 MHz x 3 (running): -107.0 to -48.0 dBm | fractional / integer-boundary spur fc +2 MHz (representative): -43.1 to -23.1 dBm | RT6150 (Pico 2, about 2 MHz, Low) ripple on the GVA-84+ bias, fc + 1 x 2 MHz: -58.3 to -27.8 dBm"
B0,A4,146.0,148.0815,PWM comb,PWM 149.88 kHz x 988,gva,False,-363.7,-331.0,-408.7,-376.0,pass,pass,"3.3 V GPIO, tr 2 to 5 ns, every 25th line of the comb shown","none needed (coherent 150 kHz comb, ADR-031 rule 3)",
B0,A4,146.0,149.0000,VGG / supply sidebands,2 coincident lines at 149.000 MHz (amplitude sum),rel,False,-58.3,-25.7,-103.3,-70.7,pass,pass,ripple 1 to 10 mV at the GVA-84+ Vcc,"C1 puts every on-die product on the 12 MHz grid (120, 132, 144, 156, 168 MHz); level: L1 to L3; F3: GVA-84+ supply through a ferrite bead and 22 uF (ripple at most 3 mV at 1 to 10 MHz); derived requirement to WP-PDR-22 and WP-PDR-24","1 x 125 + 2 x 12 MHz: -100.6 to -38.7 dBm | RP2350 core regulator (3 MHz typ) ripple on the GVA-84+ bias, fc + 1 x 3 MHz: -58.3 to -27.8 dBm"
B0,A4,146.0,150.0000,Si5351 reference 25 MHz,4 coincident lines at 150.000 MHz (amplitude sum),pre,False,-38.2,-12.1,-83.2,-57.1,not shown,not shown,no datasheet figure; below the -35 to -50 dBc output-to-output crosstalk reported for full-swing outputs (Low),"C1 puts every on-die product on the 12 MHz grid (120, 132, 144, 156, 168 MHz); level: L1 to L3; F3: GVA-84+ supply through a ferrite bead and 22 uF (ripple at most 3 mV at 1 to 10 MHz); derived requirement to WP-PDR-22 and WP-PDR-24; L4: TCXO output lead at most 10 mm and at least 8 mm from the CLK1 trace; cannot be moved (Si5351A reference 25 MHz, clock-plan rule 7); level: F1 Si5351 VDD filter; tinySA sweep","mirror of 2 x 125 - 9 x 12 MHz: -106.6 to -44.7 dBm | 25 MHz x 6, Si5351 on-die feedthrough to CLK1: -38.2 to -13.2 dBm | 25 MHz x 6, crystal node near CLK1: -80.3 to -46.2 dBm | RT6150 (Pico 2, about 2 MHz, Low) ripple on the GVA-84+ bias, fc + 2 x 2 MHz: -64.3 to -33.8 dBm"
B0,A4,146.0,151.4125,PWM comb,mirror of PWM 149.88 kHz x 938,gva,True,-363.5,-332.1,-408.5,-377.1,pass,pass,"3.3 V GPIO, tr 2 to 5 ns, every 25th line of the comb shown","none needed (coherent 150 kHz comb, ADR-031 rule 3)",
B0,A4,146.0,151.8285,PWM comb,PWM 149.88 kHz x 1013,gva,False,-104.1,-70.7,-149.1,-115.7,pass,pass,"3.3 V GPIO, tr 2 to 5 ns, every 25th line of the comb shown","none needed (coherent 150 kHz comb, ADR-031 rule 3)",
B0,A4,146.0,152.0000,VGG / supply sidebands,2 coincident lines at 152.000 MHz (amplitude sum),rel,False,-64.3,-30.3,-109.3,-75.3,pass,pass,ripple 1 to 10 mV at the GVA-84+ Vcc,F3: GVA-84+ supply through a ferrite bead and 22 uF (ripple at most 3 mV at 1 to 10 MHz); derived requirement to WP-PDR-22 and WP-PDR-24,"RT6150 (Pico 2, about 2 MHz, Low) ripple on the GVA-84+ bias, fc + 3 x 2 MHz: -70.3 to -39.9 dBm | RP2350 core regulator (3 MHz typ) ripple on the GVA-84+ bias, fc + 2 x 3 MHz: -64.3 to -33.9 dBm"
B0,A4,146.0,154.0000,Si5351 PLL B / CLK2,3 coincident lines at 154.000 MHz (amplitude sum),pre,False,-38.5,-14.2,-83.5,-59.2,not shown,not shown,"residual after CLK2 power-down; -35 to -50 dBc when the output runs (pavelmc Si5351_issues, NT7S part 8) (Low)","C1 puts every on-die product on the 12 MHz grid (120, 132, 144, 156, 168 MHz); level: L1 to L3; C6: in transmit PLL B is parked on the PLL A multiplier and CLK2 and CLK0 are powered down and disabled (register 3)","2 x 125 - 8 x 12 MHz: -100.6 to -38.8 dBm | mirror of CLK2 BFO product fc - 1 x 8 MHz (CLK2 powered down, PLL B running): -43.7 to -23.7 dBm | CLK2 BFO product fc + 1 x 8 MHz (CLK2 powered down, PLL B running): -38.5 to -18.5 dBm"
B0,A4,146.0,155.0000,VGG / supply sidebands,2 coincident lines at 155.000 MHz (amplitude sum),rel,False,-70.3,-36.0,-115.3,-81.0,pass,pass,ripple 1 to 10 mV at the GVA-84+ Vcc,"C1 puts every on-die product on the 12 MHz grid (120, 132, 144, 156, 168 MHz); level: L1 to L3; F3: GVA-84+ supply through a ferrite bead and 22 uF (ripple at most 3 mV at 1 to 10 MHz); derived requirement to WP-PDR-22 and WP-PDR-24","mirror of 1 x 125 + 1 x 12 MHz: -106.6 to -44.8 dBm | RP2350 core regulator (3 MHz typ) ripple on the GVA-84+ bias, fc + 3 x 3 MHz: -70.3 to -39.9 dBm"
B0,A4,146.0,155.1595,PWM comb,mirror of PWM 149.88 kHz x 913,gva,True,-107.5,-76.5,-152.5,-121.5,pass,pass,"3.3 V GPIO, tr 2 to 5 ns, every 25th line of the comb shown","none needed (coherent 150 kHz comb, ADR-031 rule 3)",
B0,A4,146.0,155.5755,PWM comb,PWM 149.88 kHz x 1038,gva,False,-377.1,-343.1,-422.1,-388.1,pass,pass,"3.3 V GPIO, tr 2 to 5 ns, every 25th line of the comb shown","none needed (coherent 150 kHz comb, ADR-031 rule 3)",
B0,A4,146.0,156.0000,RP2350 XOSC 12 MHz,XOSC 12 MHz x 13,gva,False,-95.0,-38.5,-140.0,-83.5,pass,pass,"on-die current into the Pico 2 PDN (0.1 to 0.5 ohm), path pdn 40 to 70 dB",cannot be moved (Pico 2 crystal); level: layout rules L1 to L3; tinySA sweep,
B0,A4,146.0,156.2500,RP2350 QSPI SCK,QSPI SCK 31.25 MHz x 5,gva,False,-58.8,-23.4,-103.8,-68.4,pass,pass,"3.3 V trace, tr 1 to 2 ns, activity (0.1, 1.0)","C4: QSPI CLKDIV 2 (48 MHz, lines only on 144.000 MHz) and the transmit-path code and data in SRAM so the flash is idle during key-down",
B0,A4,146.0,158.6667,Si5351 PLL B / CLK2,mirror of VCO B 800 MHz / 6 through MS1,pre,True,-38.5,-18.5,-83.5,-63.5,not shown,pass,VCO B leakage into MS1 (Low),C6 (as above): VCO B leakage through MS1 then falls on the carrier,
B0,A4,146.0,158.9065,PWM comb,mirror of PWM 149.88 kHz x 888,gva,True,-385.5,-355.1,-430.5,-400.1,pass,pass,"3.3 V GPIO, tr 2 to 5 ns, every 25th line of the comb shown","none needed (coherent 150 kHz comb, ADR-031 rule 3)",
B0,A4,146.0,159.3225,PWM comb,PWM 149.88 kHz x 1063,gva,False,-105.8,-70.9,-150.8,-115.9,pass,pass,"3.3 V GPIO, tr 2 to 5 ns, every 25th line of the comb shown","none needed (coherent 150 kHz comb, ADR-031 rule 3)",
B0,A4,146.0,160.0000,RP2350 XOSC 12 MHz,mirror of XOSC 12 MHz x 11,gva,True,-101.1,-44.6,-146.1,-89.6,pass,pass,"on-die current into the Pico 2 PDN (0.1 to 0.5 ohm), path pdn 40 to 70 dB",cannot be moved (Pico 2 crystal); level: layout rules L1 to L3; tinySA sweep,
B0,A4,146.0,161.0000,RP2350 on-die products,1 x 125 + 3 x 12 MHz,gva,False,-100.7,-38.8,-145.7,-83.8,pass,pass,"on-die current into the Pico 2 PDN (0.1 to 0.5 ohm), path pdn 40 to 70 dB","C1 puts every on-die product on the 12 MHz grid (120, 132, 144, 156, 168 MHz); level: L1 to L3",
B0,A4,146.0,162.0000,Si5351 PLL B / CLK2,3 coincident lines at 162.000 MHz (amplitude sum),pre,False,-39.1,-14.7,-84.1,-59.7,not shown,not shown,"residual after CLK2 power-down; -35 to -50 dBc when the output runs (pavelmc Si5351_issues, NT7S part 8) (Low)","C1 puts every on-die product on the 12 MHz grid (120, 132, 144, 156, 168 MHz); level: L1 to L3; C6: in transmit PLL B is parked on the PLL A multiplier and CLK2 and CLK0 are powered down and disabled (register 3)","mirror of 2 x 125 - 10 x 12 MHz: -106.7 to -44.9 dBm | mirror of CLK2 BFO product fc - 2 x 8 MHz (CLK2 powered down, PLL B running): -43.5 to -23.5 dBm | CLK2 BFO product fc + 2 x 8 MHz (CLK2 powered down, PLL B running): -39.1 to -19.1 dBm"
B0,A4,146.0,162.6535,PWM comb,mirror of PWM 149.88 kHz x 863,gva,True,-106.5,-76.5,-151.5,-121.5,pass,pass,"3.3 V GPIO, tr 2 to 5 ns, every 25th line of the comb shown","none needed (coherent 150 kHz comb, ADR-031 rule 3)",
B0,A4,146.0,163.0695,PWM comb,PWM 149.88 kHz x 1088,gva,False,-373.4,-337.7,-418.4,-382.7,pass,pass,"3.3 V GPIO, tr 2 to 5 ns, every 25th line of the comb shown","none needed (coherent 150 kHz comb, ADR-031 rule 3)",
B0,A4,146.0,164.2500,/8 prescaler,4 coincident lines at 164.250 MHz (amplitude sum),pre,False,-29.4,-1.6,-74.4,-46.6,not shown,not shown,"100 pF tap on CLK1, shared VCC: fc +/- fc/8 sidebands (Low)","C7: prescaler fed through 330 ohm in series (after the 100 pF), each 74LVC1G80 on its own bead-and-100 nF supply; C8: 470 ohm series resistor at the /8 output and the /8 trace 15 to 25 mm from the CLK1 net (L5); option C9 (/4 prescaler) moves both lines out of the window but needs a REQ-TX-013 CR",mirror of /8 output x 7 (7/8 fc) on the trace: -48.3 to -19.1 dBm | mirror of /8 kickback sideband (7/8 fc): -33.6 to -13.6 dBm | /8 output x 9 (9/8 fc) on the trace: -44.9 to -15.1 dBm | /8 kickback sideband (9/8 fc): -29.4 to -9.4 dBm
B0,A4,146.0,166.0000,RP2350 on-die products,2 x 125 - 7 x 12 MHz,gva,False,-101.0,-39.1,-146.0,-84.1,pass,pass,"on-die current into the Pico 2 PDN (0.1 to 0.5 ohm), path pdn 40 to 70 dB","C1 puts every on-die product on the 12 MHz grid (120, 132, 144, 156, 168 MHz); level: L1 to L3",
B0,A4,146.0,166.4005,PWM comb,mirror of PWM 149.88 kHz x 838,gva,True,-367.9,-338.3,-412.9,-383.3,pass,pass,"3.3 V GPIO, tr 2 to 5 ns, every 25th line of the comb shown","none needed (coherent 150 kHz comb, ADR-031 rule 3)",
B0,A4,146.0,166.8165,PWM comb,PWM 149.88 kHz x 1113,gva,False,-108.2,-71.5,-153.2,-116.5,pass,pass,"3.3 V GPIO, tr 2 to 5 ns, every 25th line of the comb shown","none needed (coherent 150 kHz comb, ADR-031 rule 3)",
B0,A4,146.0,167.0000,Si5351 reference 25 MHz,4 coincident lines at 167.000 MHz (amplitude sum),pre,True,-43.8,-14.9,-88.8,-59.9,not shown,not shown,no datasheet figure; below the -35 to -50 dBc output-to-output crosstalk reported for full-swing outputs (Low),"C1: clk_sys = clk_peri = 96 MHz in every state (PLL_SYS FBDIV 120, POSTDIV1 5, POSTDIV2 3); fundamental below 118 MHz, 2nd harmonic 192 MHz; C4: QSPI CLKDIV 2 (48 MHz, lines only on 144.000 MHz) and the transmit-path code and data in SRAM so the flash is idle during key-down; L4: TCXO output lead at most 10 mm and at least 8 mm from the CLK1 trace; cannot be moved (Si5351A reference 25 MHz, clock-plan rule 7); level: F1 Si5351 VDD filter; tinySA sweep","mirror of clk_sys 125 MHz x 1: -77.1 to -25.3 dBm | mirror of QSPI SCK 31.25 MHz x 4: -376.5 to -41.8 dBm | mirror of 25 MHz x 5, Si5351 on-die feedthrough to CLK1: -43.8 to -18.8 dBm | mirror of 25 MHz x 5, crystal node near CLK1: -87.4 to -53.3 dBm"
B0,A4,146.0,168.0000,RP2350 XOSC 12 MHz,XOSC 12 MHz x 14,gva,False,-95.7,-39.2,-140.7,-84.2,pass,pass,"on-die current into the Pico 2 PDN (0.1 to 0.5 ohm), path pdn 40 to 70 dB",cannot be moved (Pico 2 crystal); level: layout rules L1 to L3; tinySA sweep,
B0,A4,146.0,170.1475,PWM comb,mirror of PWM 149.88 kHz x 813,gva,True,-106.5,-77.4,-151.5,-122.4,pass,pass,"3.3 V GPIO, tr 2 to 5 ns, every 25th line of the comb shown","none needed (coherent 150 kHz comb, ADR-031 rule 3)",
B0,A4,146.0,170.5635,PWM comb,PWM 149.88 kHz x 1138,gva,False,-369.3,-331.6,-414.3,-376.6,pass,pass,"3.3 V GPIO, tr 2 to 5 ns, every 25th line of the comb shown","none needed (coherent 150 kHz comb, ADR-031 rule 3)",
B0,A4,146.0,171.0000,Si5351 PLL spurs,PFD reference spur fc + 25 MHz,pre,False,-51.0,-31.0,-96.0,-76.0,pass,pass,"VCO spur at the 25 MHz PFD offset, divided by 6 (-15.6 dB) (Low)",level only (on-die PLL); tinySA sweep,
B0,A4,146.0,172.0000,RP2350 XOSC 12 MHz,mirror of XOSC 12 MHz x 10,gva,True,-102.6,-46.1,-147.6,-91.1,pass,pass,"on-die current into the Pico 2 PDN (0.1 to 0.5 ohm), path pdn 40 to 70 dB",cannot be moved (Pico 2 crystal); level: layout rules L1 to L3; tinySA sweep,
B0,A4,146.0,173.0000,RP2350 on-die products,1 x 125 + 4 x 12 MHz,gva,False,-102.5,-40.7,-147.5,-85.7,pass,pass,"on-die current into the Pico 2 PDN (0.1 to 0.5 ohm), path pdn 40 to 70 dB","C1 puts every on-die product on the 12 MHz grid (120, 132, 144, 156, 168 MHz); level: L1 to L3",
B0,A4,146.0,173.8945,PWM comb,mirror of PWM 149.88 kHz x 788,gva,True,-363.4,-334.7,-408.4,-379.7,pass,pass,"3.3 V GPIO, tr 2 to 5 ns, every 25th line of the comb shown","none needed (coherent 150 kHz comb, ADR-031 rule 3)",
B0,A4,146.0,174.0000,RP2350 on-die products,mirror of 2 x 125 - 11 x 12 MHz,gva,True,-108.9,-47.1,-153.9,-92.1,pass,pass,"on-die current into the Pico 2 PDN (0.1 to 0.5 ohm), path pdn 40 to 70 dB","C1 puts every on-die product on the 12 MHz grid (120, 132, 144, 156, 168 MHz); level: L1 to L3",
B0,A4,146.0,174.3106,PWM comb,PWM 149.88 kHz x 1163,gva,False,-112.5,-73.6,-157.5,-118.6,pass,pass,"3.3 V GPIO, tr 2 to 5 ns, every 25th line of the comb shown","none needed (coherent 150 kHz comb, ADR-031 rule 3)",
B0,A4,146.0,175.0000,Si5351 reference 25 MHz,2 coincident lines at 175.000 MHz (amplitude sum),pre,False,-42.6,-17.4,-87.6,-62.4,not shown,pass,no datasheet figure; below the -35 to -50 dBc output-to-output crosstalk reported for full-swing outputs (Low),"L4: TCXO output lead at most 10 mm and at least 8 mm from the CLK1 trace; cannot be moved (Si5351A reference 25 MHz, clock-plan rule 7); level: F1 Si5351 VDD filter; tinySA sweep","25 MHz x 7, Si5351 on-die feedthrough to CLK1: -42.6 to -17.6 dBm | 25 MHz x 7, crystal node near CLK1: -83.4 to -49.3 dBm"
B0,A4,147.95,118.0000,RP2350 on-die products,2 x 125 - 11 x 12 MHz,gva,False,-100.4,-38.5,-145.4,-83.5,pass,pass,"on-die current into the Pico 2 PDN (0.1 to 0.5 ohm), path pdn 40 to 70 dB","C1 puts every on-die product on the 12 MHz grid (120, 132, 144, 156, 168 MHz); level: L1 to L3",
B0,A4,147.95,118.1055,PWM comb,PWM 149.88 kHz x 788,gva,False,-355.0,-326.2,-400.0,-371.2,pass,pass,"3.3 V GPIO, tr 2 to 5 ns, every 25th line of the comb shown","none needed (coherent 150 kHz comb, ADR-031 rule 3)",
B0,A4,147.95,120.0000,RP2350 XOSC 12 MHz,XOSC 12 MHz x 10,gva,False,-94.8,-38.3,-139.8,-83.3,pass,pass,"on-die current into the Pico 2 PDN (0.1 to 0.5 ohm), path pdn 40 to 70 dB",cannot be moved (Pico 2 crystal); level: layout rules L1 to L3; tinySA sweep,
B0,A4,147.95,120.9000,Si5351 reference 25 MHz,2 coincident lines at 120.900 MHz (amplitude sum),pre,True,-45.6,-20.4,-90.6,-65.4,not shown,pass,no datasheet figure; below the -35 to -50 dBc output-to-output crosstalk reported for full-swing outputs (Low),"L4: TCXO output lead at most 10 mm and at least 8 mm from the CLK1 trace; cannot be moved (Si5351A reference 25 MHz, clock-plan rule 7); level: F1 Si5351 VDD filter; tinySA sweep","mirror of 25 MHz x 7, Si5351 on-die feedthrough to CLK1: -45.6 to -20.6 dBm | mirror of 25 MHz x 7, crystal node near CLK1: -86.4 to -52.3 dBm"
B0,A4,147.95,121.5894,PWM comb,mirror of PWM 149.88 kHz x 1163,gva,True,-115.9,-77.0,-160.9,-122.0,pass,pass,"3.3 V GPIO, tr 2 to 5 ns, every 25th line of the comb shown","none needed (coherent 150 kHz comb, ADR-031 rule 3)",
B0,A4,147.95,121.8525,PWM comb,PWM 149.88 kHz x 813,gva,False,-99.2,-70.0,-144.2,-115.0,pass,pass,"3.3 V GPIO, tr 2 to 5 ns, every 25th line of the comb shown","none needed (coherent 150 kHz comb, ADR-031 rule 3)",
B0,A4,147.95,122.9000,RP2350 on-die products,mirror of 1 x 125 + 4 x 12 MHz,gva,True,-106.4,-44.5,-151.4,-89.5,pass,pass,"on-die current into the Pico 2 PDN (0.1 to 0.5 ohm), path pdn 40 to 70 dB","C1 puts every on-die product on the 12 MHz grid (120, 132, 144, 156, 168 MHz); level: L1 to L3",
B0,A4,147.95,122.9500,Si5351 PLL spurs,PFD reference spur fc - 25 MHz,pre,False,-46.8,-26.8,-91.8,-71.8,pass,pass,"VCO spur at the 25 MHz PFD offset, divided by 6 (-15.6 dB) (Low)",level only (on-die PLL); tinySA sweep,
B0,A4,147.95,125.0000,Si5351 reference 25 MHz,4 coincident lines at 125.000 MHz (amplitude sum),pre,False,-36.9,-8.1,-81.9,-53.1,not shown,not shown,no datasheet figure; below the -35 to -50 dBc output-to-output crosstalk reported for full-swing outputs (Low),"C1: clk_sys = clk_peri = 96 MHz in every state (PLL_SYS FBDIV 120, POSTDIV1 5, POSTDIV2 3); fundamental below 118 MHz, 2nd harmonic 192 MHz; C4: QSPI CLKDIV 2 (48 MHz, lines only on 144.000 MHz) and the transmit-path code and data in SRAM so the flash is idle during key-down; L4: TCXO output lead at most 10 mm and at least 8 mm from the CLK1 trace; cannot be moved (Si5351A reference 25 MHz, clock-plan rule 7); level: F1 Si5351 VDD filter; tinySA sweep","clk_sys 125 MHz x 1: -70.4 to -18.5 dBm | QSPI SCK 31.25 MHz x 4: -369.8 to -35.1 dBm | 25 MHz x 5, Si5351 on-die feedthrough to CLK1: -36.9 to -11.9 dBm | 25 MHz x 5, crystal node near CLK1: -80.6 to -46.5 dBm"
B0,A4,147.95,125.3365,PWM comb,mirror of PWM 149.88 kHz x 1138,gva,True,-373.9,-336.2,-418.9,-381.2,pass,pass,"3.3 V GPIO, tr 2 to 5 ns, every 25th line of the comb shown","none needed (coherent 150 kHz comb, ADR-031 rule 3)",
B0,A4,147.95,125.5995,PWM comb,PWM 149.88 kHz x 838,gva,False,-361.2,-331.7,-406.2,-376.7,pass,pass,"3.3 V GPIO, tr 2 to 5 ns, every 25th line of the comb shown","none needed (coherent 150 kHz comb, ADR-031 rule 3)",
B0,A4,147.95,127.9000,RP2350 XOSC 12 MHz,mirror of XOSC 12 MHz x 14,gva,True,-100.8,-44.3,-145.8,-89.3,pass,pass,"on-die current into the Pico 2 PDN (0.1 to 0.5 ohm), path pdn 40 to 70 dB",cannot be moved (Pico 2 crystal); level: layout rules L1 to L3; tinySA sweep,
B0,A4,147.95,129.0835,PWM comb,mirror of PWM 149.88 kHz x 1113,gva,True,-113.5,-76.8,-158.5,-121.8,pass,pass,"3.3 V GPIO, tr 2 to 5 ns, every 25th line of the comb shown","none needed (coherent 150 kHz comb, ADR-031 rule 3)",
B0,A4,147.95,129.3465,PWM comb,PWM 149.88 kHz x 863,gva,False,-100.1,-70.1,-145.1,-115.1,pass,pass,"3.3 V GPIO, tr 2 to 5 ns, every 25th line of the comb shown","none needed (coherent 150 kHz comb, ADR-031 rule 3)",
B0,A4,147.95,129.4562,/8 prescaler,4 coincident lines at 129.456 MHz (amplitude sum),pre,False,-27.0,-0.4,-72.0,-45.4,not shown,not shown,"100 pF tap on CLK1, shared VCC: fc +/- fc/8 sidebands (Low)","C7: prescaler fed through 330 ohm in series (after the 100 pF), each 74LVC1G80 on its own bead-and-100 nF supply; C8: 470 ohm series resistor at the /8 output and the /8 trace 15 to 25 mm from the CLK1 net (L5); option C9 (/4 prescaler) moves both lines out of the window but needs a REQ-TX-013 CR",/8 output x 7 (7/8 fc) on the trace: -41.7 to -12.5 dBm | /8 kickback sideband (7/8 fc): -27.0 to -7.0 dBm | mirror of /8 output x 9 (9/8 fc) on the trace: -50.5 to -20.6 dBm | mirror of /8 kickback sideband (9/8 fc): -35.0 to -15.0 dBm
B0,A4,147.95,129.9000,RP2350 on-die products,mirror of 2 x 125 - 7 x 12 MHz,gva,True,-106.4,-44.5,-151.4,-89.5,pass,pass,"on-die current into the Pico 2 PDN (0.1 to 0.5 ohm), path pdn 40 to 70 dB","C1 puts every on-die product on the 12 MHz grid (120, 132, 144, 156, 168 MHz); level: L1 to L3",
B0,A4,147.95,130.0000,RP2350 on-die products,2 x 125 - 10 x 12 MHz,gva,False,-100.4,-38.5,-145.4,-83.5,pass,pass,"on-die current into the Pico 2 PDN (0.1 to 0.5 ohm), path pdn 40 to 70 dB","C1 puts every on-die product on the 12 MHz grid (120, 132, 144, 156, 168 MHz); level: L1 to L3",
B0,A4,147.95,131.9500,Si5351 PLL B / CLK2,2 coincident lines at 131.950 MHz (amplitude sum),pre,False,-37.1,-14.1,-82.1,-59.1,not shown,not shown,"residual after CLK2 power-down; -35 to -50 dBc when the output runs (pavelmc Si5351_issues, NT7S part 8) (Low)",C6: in transmit PLL B is parked on the PLL A multiplier and CLK2 and CLK0 are powered down and disabled (register 3),"CLK2 BFO product fc - 2 x 8 MHz (CLK2 powered down, PLL B running): -37.1 to -17.1 dBm | mirror of CLK2 BFO product fc + 2 x 8 MHz (CLK2 powered down, PLL B running): -44.8 to -24.8 dBm"
B0,A4,147.95,132.0000,RP2350 XOSC 12 MHz,XOSC 12 MHz x 11,gva,False,-94.8,-38.3,-139.8,-83.3,pass,pass,"on-die current into the Pico 2 PDN (0.1 to 0.5 ohm), path pdn 40 to 70 dB",cannot be moved (Pico 2 crystal); level: layout rules L1 to L3; tinySA sweep,
B0,A4,147.95,132.8305,PWM comb,mirror of PWM 149.88 kHz x 1088,gva,True,-379.0,-343.3,-424.0,-388.3,pass,pass,"3.3 V GPIO, tr 2 to 5 ns, every 25th line of the comb shown","none needed (coherent 150 kHz comb, ADR-031 rule 3)",
B0,A4,147.95,133.0935,PWM comb,PWM 149.88 kHz x 888,gva,False,-379.3,-348.8,-424.3,-393.8,pass,pass,"3.3 V GPIO, tr 2 to 5 ns, every 25th line of the comb shown","none needed (coherent 150 kHz comb, ADR-031 rule 3)",
B0,A4,147.95,133.3333,Si5351 PLL B / CLK2,VCO B 800 MHz / 6 through MS1,pre,False,-32.2,-12.2,-77.2,-57.2,not shown,not shown,VCO B leakage into MS1 (Low),C6 (as above): VCO B leakage through MS1 then falls on the carrier,
B0,A4,147.95,134.9000,RP2350 on-die products,mirror of 1 x 125 + 3 x 12 MHz,gva,True,-106.4,-44.6,-151.4,-89.6,pass,pass,"on-die current into the Pico 2 PDN (0.1 to 0.5 ohm), path pdn 40 to 70 dB","C1 puts every on-die product on the 12 MHz grid (120, 132, 144, 156, 168 MHz); level: L1 to L3",
B0,A4,147.95,136.5775,PWM comb,mirror of PWM 149.88 kHz x 1063,gva,True,-111.5,-76.7,-156.5,-121.7,pass,pass,"3.3 V GPIO, tr 2 to 5 ns, every 25th line of the comb shown","none needed (coherent 150 kHz comb, ADR-031 rule 3)",
B0,A4,147.95,136.8405,PWM comb,PWM 149.88 kHz x 913,gva,False,-101.3,-70.3,-146.3,-115.3,pass,pass,"3.3 V GPIO, tr 2 to 5 ns, every 25th line of the comb shown","none needed (coherent 150 kHz comb, ADR-031 rule 3)",
B0,A4,147.95,137.0000,RP2350 on-die products,1 x 125 + 1 x 12 MHz,gva,False,-100.4,-38.6,-145.4,-83.6,pass,pass,"on-die current into the Pico 2 PDN (0.1 to 0.5 ohm), path pdn 40 to 70 dB","C1 puts every on-die product on the 12 MHz grid (120, 132, 144, 156, 168 MHz); level: L1 to L3",
B0,A4,147.95,138.9500,VGG / supply sidebands,"RP2350 core regulator (3 MHz typ) ripple on the GVA-84+ bias, fc - 3 x 3 MHz",rel,False,-70.2,-39.7,-115.2,-84.7,pass,pass,ripple 1 to 10 mV at the GVA-84+ Vcc,F3: GVA-84+ supply through a ferrite bead and 22 uF (ripple at most 3 mV at 1 to 10 MHz); derived requirement to WP-PDR-22 and WP-PDR-24,
B0,A4,147.95,139.6500,RP2350 QSPI SCK,mirror of QSPI SCK 31.25 MHz x 5,gva,True,-64.6,-29.2,-109.6,-74.2,pass,pass,"3.3 V trace, tr 1 to 2 ns, activity (0.1, 1.0)","C4: QSPI CLKDIV 2 (48 MHz, lines only on 144.000 MHz) and the transmit-path code and data in SRAM so the flash is idle during key-down",
B0,A4,147.95,139.9000,RP2350 XOSC 12 MHz,mirror of XOSC 12 MHz x 13,gva,True,-100.9,-44.4,-145.9,-89.4,pass,pass,"on-die current into the Pico 2 PDN (0.1 to 0.5 ohm), path pdn 40 to 70 dB",cannot be moved (Pico 2 crystal); level: layout rules L1 to L3; tinySA sweep,
B0,A4,147.95,139.9500,Si5351 PLL B / CLK2,2 coincident lines at 139.950 MHz (amplitude sum),pre,False,-37.5,-14.3,-82.5,-59.3,not shown,not shown,"residual after CLK2 power-down; -35 to -50 dBc when the output runs (pavelmc Si5351_issues, NT7S part 8) (Low)",C6: in transmit PLL B is parked on the PLL A multiplier and CLK2 and CLK0 are powered down and disabled (register 3),"CLK2 BFO product fc - 1 x 8 MHz (CLK2 powered down, PLL B running): -37.5 to -17.5 dBm | mirror of CLK2 BFO product fc + 1 x 8 MHz (CLK2 powered down, PLL B running): -44.4 to -24.4 dBm"
B0,A4,147.95,140.3245,PWM comb,mirror of PWM 149.88 kHz x 1038,gva,True,-383.0,-348.9,-428.0,-393.9,pass,pass,"3.3 V GPIO, tr 2 to 5 ns, every 25th line of the comb shown","none needed (coherent 150 kHz comb, ADR-031 rule 3)",
B0,A4,147.95,140.5875,PWM comb,PWM 149.88 kHz x 938,gva,False,-357.4,-325.9,-402.4,-370.9,pass,pass,"3.3 V GPIO, tr 2 to 5 ns, every 25th line of the comb shown","none needed (coherent 150 kHz comb, ADR-031 rule 3)",
B0,A4,147.95,141.9000,RP2350 on-die products,mirror of 2 x 125 - 8 x 12 MHz,gva,True,-106.5,-44.6,-151.5,-89.6,pass,pass,"on-die current into the Pico 2 PDN (0.1 to 0.5 ohm), path pdn 40 to 70 dB","C1 puts every on-die product on the 12 MHz grid (120, 132, 144, 156, 168 MHz); level: L1 to L3",
B0,A4,147.95,141.9500,VGG / supply sidebands,2 coincident lines at 141.950 MHz (amplitude sum),rel,False,-64.2,-30.2,-109.2,-75.2,pass,pass,ripple 1 to 10 mV at the GVA-84+ Vcc,F3: GVA-84+ supply through a ferrite bead and 22 uF (ripple at most 3 mV at 1 to 10 MHz); derived requirement to WP-PDR-22 and WP-PDR-24,"RT6150 (Pico 2, about 2 MHz, Low) ripple on the GVA-84+ bias, fc - 3 x 2 MHz: -70.2 to -39.7 dBm | RP2350 core regulator (3 MHz typ) ripple on the GVA-84+ bias, fc - 2 x 3 MHz: -64.2 to -33.7 dBm"
B0,A4,147.95,142.0000,RP2350 on-die products,2 x 125 - 9 x 12 MHz,gva,False,-100.5,-38.6,-145.5,-83.6,pass,pass,"on-die current into the Pico 2 PDN (0.1 to 0.5 ohm), path pdn 40 to 70 dB","C1 puts every on-die product on the 12 MHz grid (120, 132, 144, 156, 168 MHz); level: L1 to L3",
B0,A4,147.95,143.9500,VGG / supply sidebands,"RT6150 (Pico 2, about 2 MHz, Low) ripple on the GVA-84+ bias, fc - 2 x 2 MHz",rel,False,-64.2,-33.8,-109.2,-78.8,pass,pass,ripple 1 to 10 mV at the GVA-84+ Vcc,F3: GVA-84+ supply through a ferrite bead and 22 uF (ripple at most 3 mV at 1 to 10 MHz); derived requirement to WP-PDR-22 and WP-PDR-24,
B0,A4,147.95,144.0000,RP2350 XOSC 12 MHz,3 coincident lines at 144.000 MHz (amplitude sum),gva,False,-94.9,-32.4,-139.9,-77.4,pass,pass,"on-die current into the Pico 2 PDN (0.1 to 0.5 ohm), path pdn 40 to 70 dB","C2: clk_adc from PLL_SYS / 2 (AUXSRC CLKSRC_PLL_SYS, DIV 2) enabled only for conversion bursts (ENABLE bit); C3: PLL_USB powered down (PWR.PD, VCOPD) outside USB; cannot be moved (Pico 2 crystal); level: layout rules L1 to L3; tinySA sweep",XOSC 12 MHz x 12: -94.9 to -38.4 dBm | clk_adc 48 MHz x 3 (continuous): -105.4 to -48.0 dBm | PLL_USB 48 MHz x 3 (running): -101.0 to -41.9 dBm
B0,A4,147.95,144.0715,PWM comb,mirror of PWM 149.88 kHz x 1013,gva,True,-110.0,-76.7,-155.0,-121.7,pass,pass,"3.3 V GPIO, tr 2 to 5 ns, every 25th line of the comb shown","none needed (coherent 150 kHz comb, ADR-031 rule 3)",
B0,A4,147.95,144.3345,PWM comb,PWM 149.88 kHz x 963,gva,False,-102.6,-70.5,-147.6,-115.5,pass,pass,"3.3 V GPIO, tr 2 to 5 ns, every 25th line of the comb shown","none needed (coherent 150 kHz comb, ADR-031 rule 3)",
B0,A4,147.95,144.9500,VGG / supply sidebands,"RP2350 core regulator (3 MHz typ) ripple on the GVA-84+ bias, fc - 1 x 3 MHz",rel,False,-58.2,-27.8,-103.2,-72.8,pass,pass,ripple 1 to 10 mV at the GVA-84+ Vcc,F3: GVA-84+ supply through a ferrite bead and 22 uF (ripple at most 3 mV at 1 to 10 MHz); derived requirement to WP-PDR-22 and WP-PDR-24,
B0,A4,147.95,145.9000,Si5351 reference 25 MHz,2 coincident lines at 145.900 MHz (amplitude sum),pre,True,-44.1,-18.9,-89.1,-63.9,not shown,pass,no datasheet figure; below the -35 to -50 dBc output-to-output crosstalk reported for full-swing outputs (Low),"L4: TCXO output lead at most 10 mm and at least 8 mm from the CLK1 trace; cannot be moved (Si5351A reference 25 MHz, clock-plan rule 7); level: F1 Si5351 VDD filter; tinySA sweep","mirror of 25 MHz x 6, Si5351 on-die feedthrough to CLK1: -44.1 to -19.1 dBm | mirror of 25 MHz x 6, crystal node near CLK1: -86.2 to -52.1 dBm"
B0,A4,147.95,145.9500,Si5351 PLL spurs,2 coincident lines at 145.950 MHz (amplitude sum),pre,False,-42.9,-19.0,-87.9,-64.0,not shown,pass,"PA3FWM tn42b: about -80 dBc in theory, measured worse (Low); offset depends on the fraction","C5: PLL A multiplier rule, fractional part not within 0.002 of an integer (firmware table check); tinySA sweep at the worst channel; F3: GVA-84+ supply through a ferrite bead and 22 uF (ripple at most 3 mV at 1 to 10 MHz); derived requirement to WP-PDR-22 and WP-PDR-24","fractional / integer-boundary spur fc -2 MHz (representative): -42.9 to -22.9 dBm | RT6150 (Pico 2, about 2 MHz, Low) ripple on the GVA-84+ bias, fc - 1 x 2 MHz: -58.2 to -27.8 dBm"
B0,A4,147.95,146.9000,RP2350 on-die products,mirror of 1 x 125 + 2 x 12 MHz,gva,True,-106.5,-44.7,-151.5,-89.7,pass,pass,"on-die current into the Pico 2 PDN (0.1 to 0.5 ohm), path pdn 40 to 70 dB","C1 puts every on-die product on the 12 MHz grid (120, 132, 144, 156, 168 MHz); level: L1 to L3",
B0,A4,147.95,147.4500,Si5351 PLL spurs,fractional / integer-boundary spur fc -0.5 MHz (representative),pre,False,-43.0,-23.0,-88.0,-68.0,not shown,pass,"PA3FWM tn42b: about -80 dBc in theory, measured worse (Low); offset depends on the fraction","C5: PLL A multiplier rule, fractional part not within 0.002 of an integer (firmware table check); tinySA sweep at the worst channel",
B0,A4,147.95,147.6500,VGG / supply sidebands,"envelope-reference PWM ripple, fc - 2 x 150 kHz",rel,False,-60.1,-41.0,-105.1,-86.0,pass,pass,"AM index m = 0.6/V x ripple; ripple 0.23 to 0.84 mV (2-pole RC, 1 to 3 kHz)",none needed; derived requirement to WP-PDR-22: PWM ripple at VGG at most 3.3 mV peak,
B0,A4,147.95,147.8000,VGG / supply sidebands,"envelope-reference PWM ripple, fc - 1 x 150 kHz",rel,False,-54.1,-35.0,-99.1,-80.0,pass,pass,"AM index m = 0.6/V x ripple; ripple 0.23 to 0.84 mV (2-pole RC, 1 to 3 kHz)",none needed; derived requirement to WP-PDR-22: PWM ripple at VGG at most 3.3 mV peak,
B0,A4,147.95,147.8185,PWM comb,mirror of PWM 149.88 kHz x 988,gva,True,-369.6,-337.0,-414.6,-382.0,pass,pass,"3.3 V GPIO, tr 2 to 5 ns, every 25th line of the comb shown","none needed (coherent 150 kHz comb, ADR-031 rule 3)",
B0,A4,147.95,148.0815,PWM comb,PWM 149.88 kHz x 988,gva,False,-363.6,-331.0,-408.6,-376.0,pass,pass,"3.3 V GPIO, tr 2 to 5 ns, every 25th line of the comb shown","none needed (coherent 150 kHz comb, ADR-031 rule 3)",
B0,A4,147.95,148.1000,VGG / supply sidebands,"envelope-reference PWM ripple, fc + 1 x 150 kHz",rel,False,-54.1,-35.0,-99.1,-80.0,pass,pass,"AM index m = 0.6/V x ripple; ripple 0.23 to 0.84 mV (2-pole RC, 1 to 3 kHz)",none needed; derived requirement to WP-PDR-22: PWM ripple at VGG at most 3.3 mV peak,
B0,A4,147.95,148.2500,VGG / supply sidebands,"envelope-reference PWM ripple, fc + 2 x 150 kHz",rel,False,-60.1,-41.0,-105.1,-86.0,pass,pass,"AM index m = 0.6/V x ripple; ripple 0.23 to 0.84 mV (2-pole RC, 1 to 3 kHz)",none needed; derived requirement to WP-PDR-22: PWM ripple at VGG at most 3.3 mV peak,
B0,A4,147.95,148.4500,Si5351 PLL spurs,fractional / integer-boundary spur fc +0.5 MHz (representative),pre,False,-43.0,-23.0,-88.0,-68.0,pass,pass,"PA3FWM tn42b: about -80 dBc in theory, measured worse (Low); offset depends on the fraction","C5: PLL A multiplier rule, fractional part not within 0.002 of an integer (firmware table check); tinySA sweep at the worst channel",
B0,A4,147.95,149.0000,RP2350 on-die products,1 x 125 + 2 x 12 MHz,gva,False,-100.6,-38.7,-145.6,-83.7,pass,pass,"on-die current into the Pico 2 PDN (0.1 to 0.5 ohm), path pdn 40 to 70 dB","C1 puts every on-die product on the 12 MHz grid (120, 132, 144, 156, 168 MHz); level: L1 to L3",
B0,A4,147.95,149.9500,Si5351 PLL spurs,2 coincident lines at 149.950 MHz (amplitude sum),pre,False,-43.1,-19.1,-88.1,-64.1,not shown,pass,"PA3FWM tn42b: about -80 dBc in theory, measured worse (Low); offset depends on the fraction","C5: PLL A multiplier rule, fractional part not within 0.002 of an integer (firmware table check); tinySA sweep at the worst channel; F3: GVA-84+ supply through a ferrite bead and 22 uF (ripple at most 3 mV at 1 to 10 MHz); derived requirement to WP-PDR-22 and WP-PDR-24","fractional / integer-boundary spur fc +2 MHz (representative): -43.1 to -23.1 dBm | RT6150 (Pico 2, about 2 MHz, Low) ripple on the GVA-84+ bias, fc + 1 x 2 MHz: -58.3 to -27.8 dBm"
B0,A4,147.95,150.0000,Si5351 reference 25 MHz,2 coincident lines at 150.000 MHz (amplitude sum),pre,False,-38.1,-12.9,-83.1,-57.9,not shown,not shown,no datasheet figure; below the -35 to -50 dBc output-to-output crosstalk reported for full-swing outputs (Low),"L4: TCXO output lead at most 10 mm and at least 8 mm from the CLK1 trace; cannot be moved (Si5351A reference 25 MHz, clock-plan rule 7); level: F1 Si5351 VDD filter; tinySA sweep","25 MHz x 6, Si5351 on-die feedthrough to CLK1: -38.1 to -13.1 dBm | 25 MHz x 6, crystal node near CLK1: -80.2 to -46.1 dBm"
B0,A4,147.95,150.9500,VGG / supply sidebands,"RP2350 core regulator (3 MHz typ) ripple on the GVA-84+ bias, fc + 1 x 3 MHz",rel,False,-58.3,-27.8,-103.3,-72.8,pass,pass,ripple 1 to 10 mV at the GVA-84+ Vcc,F3: GVA-84+ supply through a ferrite bead and 22 uF (ripple at most 3 mV at 1 to 10 MHz); derived requirement to WP-PDR-22 and WP-PDR-24,
B0,A4,147.95,151.5655,PWM comb,mirror of PWM 149.88 kHz x 963,gva,True,-108.6,-76.6,-153.6,-121.6,pass,pass,"3.3 V GPIO, tr 2 to 5 ns, every 25th line of the comb shown","none needed (coherent 150 kHz comb, ADR-031 rule 3)",
B0,A4,147.95,151.8285,PWM comb,PWM 149.88 kHz x 1013,gva,False,-104.0,-70.7,-149.0,-115.7,pass,pass,"3.3 V GPIO, tr 2 to 5 ns, every 25th line of the comb shown","none needed (coherent 150 kHz comb, ADR-031 rule 3)",
B0,A4,147.95,151.9000,RP2350 XOSC 12 MHz,3 coincident lines at 151.900 MHz (amplitude sum),gva,True,-101.0,-38.5,-146.0,-83.5,pass,pass,"on-die current into the Pico 2 PDN (0.1 to 0.5 ohm), path pdn 40 to 70 dB","C2: clk_adc from PLL_SYS / 2 (AUXSRC CLKSRC_PLL_SYS, DIV 2) enabled only for conversion bursts (ENABLE bit); C3: PLL_USB powered down (PWR.PD, VCOPD) outside USB; cannot be moved (Pico 2 crystal); level: layout rules L1 to L3; tinySA sweep",mirror of XOSC 12 MHz x 12: -101.0 to -44.5 dBm | mirror of clk_adc 48 MHz x 3 (continuous): -111.5 to -54.0 dBm | mirror of PLL_USB 48 MHz x 3 (running): -107.0 to -48.0 dBm
B0,A4,147.95,151.9500,VGG / supply sidebands,"RT6150 (Pico 2, about 2 MHz, Low) ripple on the GVA-84+ bias, fc + 2 x 2 MHz",rel,False,-64.3,-33.8,-109.3,-78.8,pass,pass,ripple 1 to 10 mV at the GVA-84+ Vcc,F3: GVA-84+ supply through a ferrite bead and 22 uF (ripple at most 3 mV at 1 to 10 MHz); derived requirement to WP-PDR-22 and WP-PDR-24,
B0,A4,147.95,153.9000,RP2350 on-die products,mirror of 2 x 125 - 9 x 12 MHz,gva,True,-106.6,-44.7,-151.6,-89.7,pass,pass,"on-die current into the Pico 2 PDN (0.1 to 0.5 ohm), path pdn 40 to 70 dB","C1 puts every on-die product on the 12 MHz grid (120, 132, 144, 156, 168 MHz); level: L1 to L3",
B0,A4,147.95,153.9500,VGG / supply sidebands,2 coincident lines at 153.950 MHz (amplitude sum),rel,False,-64.3,-30.3,-109.3,-75.3,pass,pass,ripple 1 to 10 mV at the GVA-84+ Vcc,F3: GVA-84+ supply through a ferrite bead and 22 uF (ripple at most 3 mV at 1 to 10 MHz); derived requirement to WP-PDR-22 and WP-PDR-24,"RT6150 (Pico 2, about 2 MHz, Low) ripple on the GVA-84+ bias, fc + 3 x 2 MHz: -70.3 to -39.8 dBm | RP2350 core regulator (3 MHz typ) ripple on the GVA-84+ bias, fc + 2 x 3 MHz: -64.3 to -33.8 dBm"
B0,A4,147.95,154.0000,RP2350 on-die products,2 x 125 - 8 x 12 MHz,gva,False,-100.6,-38.7,-145.6,-83.7,pass,pass,"on-die current into the Pico 2 PDN (0.1 to 0.5 ohm), path pdn 40 to 70 dB","C1 puts every on-die product on the 12 MHz grid (120, 132, 144, 156, 168 MHz); level: L1 to L3",
B0,A4,147.95,155.3125,PWM comb,mirror of PWM 149.88 kHz x 938,gva,True,-363.5,-332.1,-408.5,-377.1,pass,pass,"3.3 V GPIO, tr 2 to 5 ns, every 25th line of the comb shown","none needed (coherent 150 kHz comb, ADR-031 rule 3)",
B0,A4,147.95,155.5755,PWM comb,PWM 149.88 kHz x 1038,gva,False,-377.1,-343.0,-422.1,-388.0,pass,pass,"3.3 V GPIO, tr 2 to 5 ns, every 25th line of the comb shown","none needed (coherent 150 kHz comb, ADR-031 rule 3)",
B0,A4,147.95,155.9500,Si5351 PLL B / CLK2,2 coincident lines at 155.950 MHz (amplitude sum),pre,False,-38.5,-14.7,-83.5,-59.7,not shown,not shown,"residual after CLK2 power-down; -35 to -50 dBc when the output runs (pavelmc Si5351_issues, NT7S part 8) (Low)",C6: in transmit PLL B is parked on the PLL A multiplier and CLK2 and CLK0 are powered down and disabled (register 3),"mirror of CLK2 BFO product fc - 1 x 8 MHz (CLK2 powered down, PLL B running): -43.7 to -23.7 dBm | CLK2 BFO product fc + 1 x 8 MHz (CLK2 powered down, PLL B running): -38.5 to -18.5 dBm"
B0,A4,147.95,156.0000,RP2350 XOSC 12 MHz,XOSC 12 MHz x 13,gva,False,-95.0,-38.5,-140.0,-83.5,pass,pass,"on-die current into the Pico 2 PDN (0.1 to 0.5 ohm), path pdn 40 to 70 dB",cannot be moved (Pico 2 crystal); level: layout rules L1 to L3; tinySA sweep,
B0,A4,147.95,156.2500,RP2350 QSPI SCK,QSPI SCK 31.25 MHz x 5,gva,False,-58.7,-23.4,-103.7,-68.4,pass,pass,"3.3 V trace, tr 1 to 2 ns, activity (0.1, 1.0)","C4: QSPI CLKDIV 2 (48 MHz, lines only on 144.000 MHz) and the transmit-path code and data in SRAM so the flash is idle during key-down",
B0,A4,147.95,156.9500,VGG / supply sidebands,"RP2350 core regulator (3 MHz typ) ripple on the GVA-84+ bias, fc + 3 x 3 MHz",rel,False,-70.3,-39.9,-115.3,-84.9,pass,pass,ripple 1 to 10 mV at the GVA-84+ Vcc,F3: GVA-84+ supply through a ferrite bead and 22 uF (ripple at most 3 mV at 1 to 10 MHz); derived requirement to WP-PDR-22 and WP-PDR-24,
B0,A4,147.95,158.9000,RP2350 on-die products,mirror of 1 x 125 + 1 x 12 MHz,gva,True,-106.6,-44.8,-151.6,-89.8,pass,pass,"on-die current into the Pico 2 PDN (0.1 to 0.5 ohm), path pdn 40 to 70 dB","C1 puts every on-die product on the 12 MHz grid (120, 132, 144, 156, 168 MHz); level: L1 to L3",
B0,A4,147.95,159.0595,PWM comb,mirror of PWM 149.88 kHz x 913,gva,True,-107.5,-76.5,-152.5,-121.5,pass,pass,"3.3 V GPIO, tr 2 to 5 ns, every 25th line of the comb shown","none needed (coherent 150 kHz comb, ADR-031 rule 3)",
B0,A4,147.95,159.3225,PWM comb,PWM 149.88 kHz x 1063,gva,False,-105.7,-70.9,-150.7,-115.9,pass,pass,"3.3 V GPIO, tr 2 to 5 ns, every 25th line of the comb shown","none needed (coherent 150 kHz comb, ADR-031 rule 3)",
B0,A4,147.95,161.0000,RP2350 on-die products,1 x 125 + 3 x 12 MHz,gva,False,-100.7,-38.8,-145.7,-83.8,pass,pass,"on-die current into the Pico 2 PDN (0.1 to 0.5 ohm), path pdn 40 to 70 dB","C1 puts every on-die product on the 12 MHz grid (120, 132, 144, 156, 168 MHz); level: L1 to L3",
B0,A4,147.95,162.5667,Si5351 PLL B / CLK2,mirror of VCO B 800 MHz / 6 through MS1,pre,True,-38.5,-18.5,-83.5,-63.5,not shown,pass,VCO B leakage into MS1 (Low),C6 (as above): VCO B leakage through MS1 then falls on the carrier,
B0,A4,147.95,162.8065,PWM comb,mirror of PWM 149.88 kHz x 888,gva,True,-385.6,-355.2,-430.6,-400.2,pass,pass,"3.3 V GPIO, tr 2 to 5 ns, every 25th line of the comb shown","none needed (coherent 150 kHz comb, ADR-031 rule 3)",
B0,A4,147.95,163.0695,PWM comb,PWM 149.88 kHz x 1088,gva,False,-373.3,-337.7,-418.3,-382.7,pass,pass,"3.3 V GPIO, tr 2 to 5 ns, every 25th line of the comb shown","none needed (coherent 150 kHz comb, ADR-031 rule 3)",
B0,A4,147.95,163.9000,RP2350 XOSC 12 MHz,mirror of XOSC 12 MHz x 11,gva,True,-101.2,-44.7,-146.2,-89.7,pass,pass,"on-die current into the Pico 2 PDN (0.1 to 0.5 ohm), path pdn 40 to 70 dB",cannot be moved (Pico 2 crystal); level: layout rules L1 to L3; tinySA sweep,
B0,A4,147.95,163.9500,Si5351 PLL B / CLK2,2 coincident lines at 163.950 MHz (amplitude sum),pre,False,-39.2,-15.1,-84.2,-60.1,not shown,not shown,"residual after CLK2 power-down; -35 to -50 dBc when the output runs (pavelmc Si5351_issues, NT7S part 8) (Low)",C6: in transmit PLL B is parked on the PLL A multiplier and CLK2 and CLK0 are powered down and disabled (register 3),"mirror of CLK2 BFO product fc - 2 x 8 MHz (CLK2 powered down, PLL B running): -43.6 to -23.6 dBm | CLK2 BFO product fc + 2 x 8 MHz (CLK2 powered down, PLL B running): -39.2 to -19.2 dBm"
B0,A4,147.95,165.9000,RP2350 on-die products,mirror of 2 x 125 - 10 x 12 MHz,gva,True,-107.0,-45.1,-152.0,-90.1,pass,pass,"on-die current into the Pico 2 PDN (0.1 to 0.5 ohm), path pdn 40 to 70 dB","C1 puts every on-die product on the 12 MHz grid (120, 132, 144, 156, 168 MHz); level: L1 to L3",
B0,A4,147.95,166.0000,RP2350 on-die products,2 x 125 - 7 x 12 MHz,gva,False,-101.0,-39.1,-146.0,-84.1,pass,pass,"on-die current into the Pico 2 PDN (0.1 to 0.5 ohm), path pdn 40 to 70 dB","C1 puts every on-die product on the 12 MHz grid (120, 132, 144, 156, 168 MHz); level: L1 to L3",
B0,A4,147.95,166.4437,/8 prescaler,4 coincident lines at 166.444 MHz (amplitude sum),pre,False,-29.6,-1.7,-74.6,-46.7,not shown,not shown,"100 pF tap on CLK1, shared VCC: fc +/- fc/8 sidebands (Low)","C7: prescaler fed through 330 ohm in series (after the 100 pF), each 74LVC1G80 on its own bead-and-100 nF supply; C8: 470 ohm series resistor at the /8 output and the /8 trace 15 to 25 mm from the CLK1 net (L5); option C9 (/4 prescaler) moves both lines out of the window but needs a REQ-TX-013 CR",mirror of /8 output x 7 (7/8 fc) on the trace: -48.4 to -19.2 dBm | mirror of /8 kickback sideband (7/8 fc): -33.7 to -13.7 dBm | /8 output x 9 (9/8 fc) on the trace: -45.1 to -15.3 dBm | /8 kickback sideband (9/8 fc): -29.6 to -9.6 dBm
B0,A4,147.95,166.5535,PWM comb,mirror of PWM 149.88 kHz x 863,gva,True,-106.8,-76.8,-151.8,-121.8,pass,pass,"3.3 V GPIO, tr 2 to 5 ns, every 25th line of the comb shown","none needed (coherent 150 kHz comb, ADR-031 rule 3)",
B0,A4,147.95,166.8165,PWM comb,PWM 149.88 kHz x 1113,gva,False,-108.2,-71.5,-153.2,-116.5,pass,pass,"3.3 V GPIO, tr 2 to 5 ns, every 25th line of the comb shown","none needed (coherent 150 kHz comb, ADR-031 rule 3)",
B0,A4,147.95,168.0000,RP2350 XOSC 12 MHz,XOSC 12 MHz x 14,gva,False,-95.7,-39.2,-140.7,-84.2,pass,pass,"on-die current into the Pico 2 PDN (0.1 to 0.5 ohm), path pdn 40 to 70 dB",cannot be moved (Pico 2 crystal); level: layout rules L1 to L3; tinySA sweep,
B0,A4,147.95,170.3005,PWM comb,mirror of PWM 149.88 kHz x 838,gva,True,-368.6,-339.0,-413.6,-384.0,pass,pass,"3.3 V GPIO, tr 2 to 5 ns, every 25th line of the comb shown","none needed (coherent 150 kHz comb, ADR-031 rule 3)",
B0,A4,147.95,170.5635,PWM comb,PWM 149.88 kHz x 1138,gva,False,-369.3,-331.6,-414.3,-376.6,pass,pass,"3.3 V GPIO, tr 2 to 5 ns, every 25th line of the comb shown","none needed (coherent 150 kHz comb, ADR-031 rule 3)",
B0,A4,147.95,170.9000,Si5351 reference 25 MHz,4 coincident lines at 170.900 MHz (amplitude sum),pre,True,-44.4,-15.6,-89.4,-60.6,not shown,not shown,no datasheet figure; below the -35 to -50 dBc output-to-output crosstalk reported for full-swing outputs (Low),"C1: clk_sys = clk_peri = 96 MHz in every state (PLL_SYS FBDIV 120, POSTDIV1 5, POSTDIV2 3); fundamental below 118 MHz, 2nd harmonic 192 MHz; C4: QSPI CLKDIV 2 (48 MHz, lines only on 144.000 MHz) and the transmit-path code and data in SRAM so the flash is idle during key-down; L4: TCXO output lead at most 10 mm and at least 8 mm from the CLK1 trace; cannot be moved (Si5351A reference 25 MHz, clock-plan rule 7); level: F1 Si5351 VDD filter; tinySA sweep","mirror of clk_sys 125 MHz x 1: -77.9 to -26.0 dBm | mirror of QSPI SCK 31.25 MHz x 4: -377.3 to -42.6 dBm | mirror of 25 MHz x 5, Si5351 on-die feedthrough to CLK1: -44.4 to -19.4 dBm | mirror of 25 MHz x 5, crystal node near CLK1: -88.1 to -54.0 dBm"
B0,A4,147.95,172.9500,Si5351 PLL spurs,PFD reference spur fc + 25 MHz,pre,False,-51.6,-31.6,-96.6,-76.6,pass,pass,"VCO spur at the 25 MHz PFD offset, divided by 6 (-15.6 dB) (Low)",level only (on-die PLL); tinySA sweep,
B0,A4,147.95,173.0000,RP2350 on-die products,1 x 125 + 4 x 12 MHz,gva,False,-102.5,-40.7,-147.5,-85.7,pass,pass,"on-die current into the Pico 2 PDN (0.1 to 0.5 ohm), path pdn 40 to 70 dB","C1 puts every on-die product on the 12 MHz grid (120, 132, 144, 156, 168 MHz); level: L1 to L3",
B0,A4,147.95,174.0475,PWM comb,mirror of PWM 149.88 kHz x 813,gva,True,-107.7,-78.5,-152.7,-123.5,pass,pass,"3.3 V GPIO, tr 2 to 5 ns, every 25th line of the comb shown","none needed (coherent 150 kHz comb, ADR-031 rule 3)",
B0,A4,147.95,174.3106,PWM comb,PWM 149.88 kHz x 1163,gva,False,-112.5,-73.6,-157.5,-118.6,pass,pass,"3.3 V GPIO, tr 2 to 5 ns, every 25th line of the comb shown","none needed (coherent 150 kHz comb, ADR-031 rule 3)",
B0,A4,147.95,175.0000,Si5351 reference 25 MHz,2 coincident lines at 175.000 MHz (amplitude sum),pre,False,-42.5,-17.3,-87.5,-62.3,not shown,pass,no datasheet figure; below the -35 to -50 dBc output-to-output crosstalk reported for full-swing outputs (Low),"L4: TCXO output lead at most 10 mm and at least 8 mm from the CLK1 trace; cannot be moved (Si5351A reference 25 MHz, clock-plan rule 7); level: F1 Si5351 VDD filter; tinySA sweep","25 MHz x 7, Si5351 on-die feedthrough to CLK1: -42.5 to -17.5 dBm | 25 MHz x 7, crystal node near CLK1: -83.3 to -49.2 dBm"
B1,A5,144.05,118.0500,PWM comb,PWM 150.00 kHz x 787,gva,False,-94.2,-64.5,-139.2,-109.5,pass,pass,"3.3 V GPIO, tr 2 to 5 ns, every 25th line of the comb shown","none needed (coherent 150 kHz comb, ADR-031 rule 3)",
B1,A5,144.05,119.0500,Si5351 PLL spurs,PFD reference spur fc - 25 MHz,pre,False,-47.0,-27.0,-92.0,-72.0,pass,pass,"VCO spur at the 25 MHz PFD offset, divided by 6 (-15.6 dB) (Low)",level only (on-die PLL); tinySA sweep,
B1,A5,144.05,120.0000,RP2350 on-die products,2 coincident lines at 120.000 MHz (amplitude sum),gva,False,-90.2,-26.1,-135.2,-71.1,pass,pass,"on-die current into the Pico 2 PDN (0.1 to 0.5 ohm), path pdn 40 to 70 dB","C1 puts every on-die product on the 12 MHz grid (120, 132, 144, 156, 168 MHz); level: L1 to L3; cannot be moved (Pico 2 crystal); level: layout rules L1 to L3; tinySA sweep",XOSC 12 MHz x 10: -90.2 to -32.8 dBm | 2 x 150 - 15 x 12 MHz: -94.2 to -31.5 dBm
B1,A5,144.05,120.1000,RP2350 on-die products,2 coincident lines at 120.100 MHz (amplitude sum),gva,True,-96.2,-32.1,-141.2,-77.1,pass,pass,"on-die current into the Pico 2 PDN (0.1 to 0.5 ohm), path pdn 40 to 70 dB","C1 puts every on-die product on the 12 MHz grid (120, 132, 144, 156, 168 MHz); level: L1 to L3; cannot be moved (Pico 2 crystal); level: layout rules L1 to L3; tinySA sweep",mirror of XOSC 12 MHz x 14: -96.2 to -38.8 dBm | mirror of 2 x 150 - 11 x 12 MHz: -100.2 to -37.5 dBm
B1,A5,144.05,121.3000,PWM comb,mirror of PWM 150.00 kHz x 1112,gva,True,-370.5,-333.0,-415.5,-378.0,pass,pass,"3.3 V GPIO, tr 2 to 5 ns, every 25th line of the comb shown","none needed (coherent 150 kHz comb, ADR-031 rule 3)",
B1,A5,144.05,121.8000,PWM comb,PWM 150.00 kHz x 812,gva,False,-359.5,-329.4,-404.5,-374.4,pass,pass,"3.3 V GPIO, tr 2 to 5 ns, every 25th line of the comb shown","none needed (coherent 150 kHz comb, ADR-031 rule 3)",
B1,A5,144.05,125.0000,Si5351 reference 25 MHz,2 coincident lines at 125.000 MHz (amplitude sum),pre,False,-37.1,-11.4,-82.1,-56.4,not shown,not shown,no datasheet figure; below the -35 to -50 dBc output-to-output crosstalk reported for full-swing outputs (Low),"L4: TCXO output lead at most 10 mm and at least 8 mm from the CLK1 trace; cannot be moved (Si5351A reference 25 MHz, clock-plan rule 7); level: F1 Si5351 VDD filter; tinySA sweep","25 MHz x 5, Si5351 on-die feedthrough to CLK1: -37.1 to -12.1 dBm | 25 MHz x 5, TCXO lead near CLK1: -67.7 to -33.6 dBm"
B1,A5,144.05,125.0500,PWM comb,mirror of PWM 150.00 kHz x 1087,gva,True,-107.8,-71.2,-152.8,-116.2,pass,pass,"3.3 V GPIO, tr 2 to 5 ns, every 25th line of the comb shown","none needed (coherent 150 kHz comb, ADR-031 rule 3)",
B1,A5,144.05,125.5500,PWM comb,PWM 150.00 kHz x 837,gva,False,-95.0,-64.6,-140.0,-109.6,pass,pass,"3.3 V GPIO, tr 2 to 5 ns, every 25th line of the comb shown","none needed (coherent 150 kHz comb, ADR-031 rule 3)",
B1,A5,144.05,126.0000,RP2350 on-die products,1 x 150 - 2 x 12 MHz,gva,False,-94.2,-31.4,-139.2,-76.4,pass,pass,"on-die current into the Pico 2 PDN (0.1 to 0.5 ohm), path pdn 40 to 70 dB","C1 puts every on-die product on the 12 MHz grid (120, 132, 144, 156, 168 MHz); level: L1 to L3",
B1,A5,144.05,126.0438,/8 prescaler,4 coincident lines at 126.044 MHz (amplitude sum),pre,False,-27.2,-0.6,-72.2,-45.6,not shown,not shown,"100 pF tap on CLK1, shared VCC: fc +/- fc/8 sidebands (Low)","C7: prescaler fed through 330 ohm in series (after the 100 pF), each 74LVC1G80 on its own bead-and-100 nF supply; C8: 470 ohm series resistor at the /8 output and the /8 trace 15 to 25 mm from the CLK1 net (L5); option C9 (/4 prescaler) moves both lines out of the window but needs a REQ-TX-013 CR",/8 output x 7 (7/8 fc) on the trace: -42.0 to -12.8 dBm | /8 kickback sideband (7/8 fc): -27.2 to -7.2 dBm | mirror of /8 output x 9 (9/8 fc) on the trace: -50.5 to -20.7 dBm | mirror of /8 kickback sideband (9/8 fc): -34.9 to -14.9 dBm
B1,A5,144.05,126.1000,RP2350 on-die products,mirror of 1 x 150 + 1 x 12 MHz,gva,True,-100.2,-37.4,-145.2,-82.4,pass,pass,"on-die current into the Pico 2 PDN (0.1 to 0.5 ohm), path pdn 40 to 70 dB","C1 puts every on-die product on the 12 MHz grid (120, 132, 144, 156, 168 MHz); level: L1 to L3",
B1,A5,144.05,128.0500,Si5351 PLL B / CLK2,2 coincident lines at 128.050 MHz (amplitude sum),pre,False,-37.2,-14.2,-82.2,-59.2,not shown,not shown,"residual after CLK2 power-down; -35 to -50 dBc when the output runs (pavelmc Si5351_issues, NT7S part 8) (Low)",C6: in transmit PLL B is parked on the PLL A multiplier and CLK2 and CLK0 are powered down and disabled (register 3),"CLK2 BFO product fc - 2 x 8 MHz (CLK2 powered down, PLL B running): -37.2 to -17.2 dBm | mirror of CLK2 BFO product fc + 2 x 8 MHz (CLK2 powered down, PLL B running): -44.8 to -24.8 dBm"
B1,A5,144.05,128.8000,PWM comb,mirror of PWM 150.00 kHz x 1062,gva,True,-363.1,-327.4,-408.1,-372.4,pass,pass,"3.3 V GPIO, tr 2 to 5 ns, every 25th line of the comb shown","none needed (coherent 150 kHz comb, ADR-031 rule 3)",
B1,A5,144.05,129.3000,PWM comb,PWM 150.00 kHz x 862,gva,False,-372.2,-341.3,-417.2,-386.3,pass,pass,"3.3 V GPIO, tr 2 to 5 ns, every 25th line of the comb shown","none needed (coherent 150 kHz comb, ADR-031 rule 3)",
B1,A5,144.05,132.0000,RP2350 on-die products,2 coincident lines at 132.000 MHz (amplitude sum),gva,False,-90.2,-26.1,-135.2,-71.1,pass,pass,"on-die current into the Pico 2 PDN (0.1 to 0.5 ohm), path pdn 40 to 70 dB","C1 puts every on-die product on the 12 MHz grid (120, 132, 144, 156, 168 MHz); level: L1 to L3; cannot be moved (Pico 2 crystal); level: layout rules L1 to L3; tinySA sweep",XOSC 12 MHz x 11: -90.2 to -32.8 dBm | 2 x 150 - 14 x 12 MHz: -94.2 to -31.5 dBm
B1,A5,144.05,132.1000,RP2350 on-die products,2 coincident lines at 132.100 MHz (amplitude sum),gva,True,-96.2,-32.1,-141.2,-77.1,pass,pass,"on-die current into the Pico 2 PDN (0.1 to 0.5 ohm), path pdn 40 to 70 dB","C1 puts every on-die product on the 12 MHz grid (120, 132, 144, 156, 168 MHz); level: L1 to L3; cannot be moved (Pico 2 crystal); level: layout rules L1 to L3; tinySA sweep",mirror of XOSC 12 MHz x 13: -96.2 to -38.8 dBm | mirror of 2 x 150 - 12 x 12 MHz: -100.2 to -37.5 dBm
B1,A5,144.05,132.5500,PWM comb,mirror of PWM 150.00 kHz x 1037,gva,True,-106.1,-71.1,-151.1,-116.1,pass,pass,"3.3 V GPIO, tr 2 to 5 ns, every 25th line of the comb shown","none needed (coherent 150 kHz comb, ADR-031 rule 3)",
B1,A5,144.05,133.0500,PWM comb,PWM 150.00 kHz x 887,gva,False,-96.1,-64.7,-141.1,-109.7,pass,pass,"3.3 V GPIO, tr 2 to 5 ns, every 25th line of the comb shown","none needed (coherent 150 kHz comb, ADR-031 rule 3)",
B1,A5,144.05,133.3333,Si5351 PLL B / CLK2,VCO B 800 MHz / 6 through MS1,pre,False,-32.4,-12.4,-77.4,-57.4,not shown,not shown,VCO B leakage into MS1 (Low),C6 (as above): VCO B leakage through MS1 then falls on the carrier,
B1,A5,144.05,135.0500,VGG / supply sidebands,"RP2350 core regulator (3 MHz typ) ripple on the GVA-84+ bias, fc - 3 x 3 MHz",rel,False,-70.2,-39.7,-115.2,-84.7,pass,pass,ripple 1 to 10 mV at the GVA-84+ Vcc,F3: GVA-84+ supply through a ferrite bead and 22 uF (ripple at most 3 mV at 1 to 10 MHz); derived requirement to WP-PDR-22 and WP-PDR-24,
B1,A5,144.05,136.0500,Si5351 PLL B / CLK2,2 coincident lines at 136.050 MHz (amplitude sum),pre,False,-37.6,-14.3,-82.6,-59.3,not shown,not shown,"residual after CLK2 power-down; -35 to -50 dBc when the output runs (pavelmc Si5351_issues, NT7S part 8) (Low)",C6: in transmit PLL B is parked on the PLL A multiplier and CLK2 and CLK0 are powered down and disabled (register 3),"CLK2 BFO product fc - 1 x 8 MHz (CLK2 powered down, PLL B running): -37.6 to -17.6 dBm | mirror of CLK2 BFO product fc + 1 x 8 MHz (CLK2 powered down, PLL B running): -44.3 to -24.3 dBm"
B1,A5,144.05,136.3000,PWM comb,mirror of PWM 150.00 kHz x 1012,gva,True,-399.4,-365.1,-444.4,-410.1,pass,pass,"3.3 V GPIO, tr 2 to 5 ns, every 25th line of the comb shown","none needed (coherent 150 kHz comb, ADR-031 rule 3)",
B1,A5,144.05,136.8000,PWM comb,PWM 150.00 kHz x 912,gva,False,-353.7,-321.8,-398.7,-366.8,pass,pass,"3.3 V GPIO, tr 2 to 5 ns, every 25th line of the comb shown","none needed (coherent 150 kHz comb, ADR-031 rule 3)",
B1,A5,144.05,138.0000,RP2350 on-die products,1 x 150 - 1 x 12 MHz,gva,False,-94.3,-31.5,-139.3,-76.5,pass,pass,"on-die current into the Pico 2 PDN (0.1 to 0.5 ohm), path pdn 40 to 70 dB","C1 puts every on-die product on the 12 MHz grid (120, 132, 144, 156, 168 MHz); level: L1 to L3",
B1,A5,144.05,138.0500,VGG / supply sidebands,2 coincident lines at 138.050 MHz (amplitude sum),rel,False,-64.2,-30.2,-109.2,-75.2,pass,pass,ripple 1 to 10 mV at the GVA-84+ Vcc,F3: GVA-84+ supply through a ferrite bead and 22 uF (ripple at most 3 mV at 1 to 10 MHz); derived requirement to WP-PDR-22 and WP-PDR-24,"RT6150 (Pico 2, about 2 MHz, Low) ripple on the GVA-84+ bias, fc - 3 x 2 MHz: -70.2 to -39.7 dBm | RP2350 core regulator (3 MHz typ) ripple on the GVA-84+ bias, fc - 2 x 3 MHz: -64.2 to -33.7 dBm"
B1,A5,144.05,138.1000,RP2350 clk_sys,4 coincident lines at 138.100 MHz (amplitude sum),gva,True,-44.2,-11.3,-89.2,-56.3,not shown,not shown,"on-die current into the Pico 2 PDN (0.1 to 0.5 ohm), path pdn 40 to 70 dB","C1: clk_sys = clk_peri = 96 MHz in every state (PLL_SYS FBDIV 120, POSTDIV1 5, POSTDIV2 3); fundamental below 118 MHz, 2nd harmonic 192 MHz; C4: QSPI CLKDIV 2 (48 MHz, lines only on 144.000 MHz) and the transmit-path code and data in SRAM so the flash is idle during key-down; L4: TCXO output lead at most 10 mm and at least 8 mm from the CLK1 trace; cannot be moved (Si5351A reference 25 MHz, clock-plan rule 7); level: F1 Si5351 VDD filter; tinySA sweep","mirror of clk_sys 150 MHz x 1: -70.3 to -17.5 dBm | mirror of QSPI SCK 37.5 MHz x 4: -370.1 to -34.2 dBm | mirror of 25 MHz x 6, Si5351 on-die feedthrough to CLK1: -44.2 to -19.2 dBm | mirror of 25 MHz x 6, TCXO lead near CLK1: -73.3 to -39.2 dBm"
B1,A5,144.05,140.0500,VGG / supply sidebands,2 coincident lines at 140.050 MHz (amplitude sum),rel,False,-64.2,-33.6,-109.2,-78.6,pass,pass,ripple 1 to 10 mV at the GVA-84+ Vcc,"F3: GVA-84+ supply through a ferrite bead and 22 uF (ripple at most 3 mV at 1 to 10 MHz); derived requirement to WP-PDR-22 and WP-PDR-24; none needed (coherent 150 kHz comb, ADR-031 rule 3)","mirror of PWM 150.00 kHz x 987: -104.6 to -71.0 dBm | RT6150 (Pico 2, about 2 MHz, Low) ripple on the GVA-84+ bias, fc - 2 x 2 MHz: -64.2 to -33.8 dBm"
B1,A5,144.05,140.5500,PWM comb,PWM 150.00 kHz x 937,gva,False,-97.3,-64.9,-142.3,-109.9,pass,pass,"3.3 V GPIO, tr 2 to 5 ns, every 25th line of the comb shown","none needed (coherent 150 kHz comb, ADR-031 rule 3)",
B1,A5,144.05,141.0500,VGG / supply sidebands,"RP2350 core regulator (3 MHz typ) ripple on the GVA-84+ bias, fc - 1 x 3 MHz",rel,False,-58.2,-27.8,-103.2,-72.8,pass,pass,ripple 1 to 10 mV at the GVA-84+ Vcc,F3: GVA-84+ supply through a ferrite bead and 22 uF (ripple at most 3 mV at 1 to 10 MHz); derived requirement to WP-PDR-22 and WP-PDR-24,
B1,A5,144.05,142.0500,Si5351 PLL spurs,2 coincident lines at 142.050 MHz (amplitude sum),pre,False,-42.9,-19.0,-87.9,-64.0,not shown,pass,"PA3FWM tn42b: about -80 dBc in theory, measured worse (Low); offset depends on the fraction","C5: PLL A multiplier rule, fractional part not within 0.002 of an integer (firmware table check); tinySA sweep at the worst channel; F3: GVA-84+ supply through a ferrite bead and 22 uF (ripple at most 3 mV at 1 to 10 MHz); derived requirement to WP-PDR-22 and WP-PDR-24","fractional / integer-boundary spur fc -2 MHz (representative): -42.9 to -22.9 dBm | RT6150 (Pico 2, about 2 MHz, Low) ripple on the GVA-84+ bias, fc - 1 x 2 MHz: -58.2 to -27.8 dBm"
B1,A5,144.05,143.5500,Si5351 PLL spurs,fractional / integer-boundary spur fc -0.5 MHz (representative),pre,False,-43.0,-23.0,-88.0,-68.0,not shown,pass,"PA3FWM tn42b: about -80 dBc in theory, measured worse (Low); offset depends on the fraction","C5: PLL A multiplier rule, fractional part not within 0.002 of an integer (firmware table check); tinySA sweep at the worst channel",
B1,A5,144.05,143.7500,VGG / supply sidebands,"envelope-reference PWM ripple, fc - 2 x 150 kHz",rel,False,-60.1,-41.0,-105.1,-86.0,pass,pass,"AM index m = 0.6/V x ripple; ripple 0.23 to 0.84 mV (2-pole RC, 1 to 3 kHz)",none needed; derived requirement to WP-PDR-22: PWM ripple at VGG at most 3.3 mV peak,
B1,A5,144.05,143.8000,PWM comb,mirror of PWM 150.00 kHz x 962,gva,True,-367.1,-334.2,-412.1,-379.2,pass,pass,"3.3 V GPIO, tr 2 to 5 ns, every 25th line of the comb shown","none needed (coherent 150 kHz comb, ADR-031 rule 3)",
B1,A5,144.05,143.9000,VGG / supply sidebands,"envelope-reference PWM ripple, fc - 1 x 150 kHz",rel,False,-54.1,-35.0,-99.1,-80.0,pass,pass,"AM index m = 0.6/V x ripple; ripple 0.23 to 0.84 mV (2-pole RC, 1 to 3 kHz)",none needed; derived requirement to WP-PDR-22: PWM ripple at VGG at most 3.3 mV peak,
B1,A5,144.05,144.0000,RP2350 on-die products,4 coincident lines at 144.000 MHz (amplitude sum),gva,False,-90.4,-22.9,-135.4,-67.9,not shown,pass,"on-die current into the Pico 2 PDN (0.1 to 0.5 ohm), path pdn 40 to 70 dB","C1 puts every on-die product on the 12 MHz grid (120, 132, 144, 156, 168 MHz); level: L1 to L3; C2: clk_adc from PLL_SYS / 2 (AUXSRC CLKSRC_PLL_SYS, DIV 2) enabled only for conversion bursts (ENABLE bit); C3: PLL_USB powered down (PWR.PD, VCOPD) outside USB; cannot be moved (Pico 2 crystal); level: layout rules L1 to L3; tinySA sweep",XOSC 12 MHz x 12: -90.4 to -32.9 dBm | 2 x 150 - 13 x 12 MHz: -94.3 to -31.6 dBm | clk_adc 48 MHz x 3 (continuous): -100.8 to -42.5 dBm | PLL_USB 48 MHz x 3 (running): -96.4 to -36.5 dBm
B1,A5,144.05,144.1000,RP2350 on-die products,4 coincident lines at 144.100 MHz (amplitude sum),gva,True,-96.4,-28.9,-141.4,-73.9,pass,pass,"on-die current into the Pico 2 PDN (0.1 to 0.5 ohm), path pdn 40 to 70 dB","C1 puts every on-die product on the 12 MHz grid (120, 132, 144, 156, 168 MHz); level: L1 to L3; C2: clk_adc from PLL_SYS / 2 (AUXSRC CLKSRC_PLL_SYS, DIV 2) enabled only for conversion bursts (ENABLE bit); C3: PLL_USB powered down (PWR.PD, VCOPD) outside USB; cannot be moved (Pico 2 crystal); level: layout rules L1 to L3; tinySA sweep",mirror of XOSC 12 MHz x 12: -96.4 to -38.9 dBm | mirror of 2 x 150 - 13 x 12 MHz: -100.3 to -37.6 dBm | mirror of clk_adc 48 MHz x 3 (continuous): -106.8 to -48.5 dBm | mirror of PLL_USB 48 MHz x 3 (running): -102.4 to -42.5 dBm
B1,A5,144.05,144.2000,VGG / supply sidebands,"envelope-reference PWM ripple, fc + 1 x 150 kHz",rel,False,-54.1,-35.0,-99.1,-80.0,pass,pass,"AM index m = 0.6/V x ripple; ripple 0.23 to 0.84 mV (2-pole RC, 1 to 3 kHz)",none needed; derived requirement to WP-PDR-22: PWM ripple at VGG at most 3.3 mV peak,
B1,A5,144.05,144.3000,PWM comb,PWM 150.00 kHz x 962,gva,False,-361.1,-328.2,-406.1,-373.2,pass,pass,"3.3 V GPIO, tr 2 to 5 ns, every 25th line of the comb shown","none needed (coherent 150 kHz comb, ADR-031 rule 3)",
B1,A5,144.05,144.3500,VGG / supply sidebands,"envelope-reference PWM ripple, fc + 2 x 150 kHz",rel,False,-60.1,-41.0,-105.1,-86.0,pass,pass,"AM index m = 0.6/V x ripple; ripple 0.23 to 0.84 mV (2-pole RC, 1 to 3 kHz)",none needed; derived requirement to WP-PDR-22: PWM ripple at VGG at most 3.3 mV peak,
B1,A5,144.05,144.5500,Si5351 PLL spurs,fractional / integer-boundary spur fc +0.5 MHz (representative),pre,False,-43.0,-23.0,-88.0,-68.0,pass,pass,"PA3FWM tn42b: about -80 dBc in theory, measured worse (Low); offset depends on the fraction","C5: PLL A multiplier rule, fractional part not within 0.002 of an integer (firmware table check); tinySA sweep at the worst channel",
B1,A5,144.05,146.0500,Si5351 PLL spurs,2 coincident lines at 146.050 MHz (amplitude sum),pre,False,-43.1,-19.1,-88.1,-64.1,not shown,pass,"PA3FWM tn42b: about -80 dBc in theory, measured worse (Low); offset depends on the fraction","C5: PLL A multiplier rule, fractional part not within 0.002 of an integer (firmware table check); tinySA sweep at the worst channel; F3: GVA-84+ supply through a ferrite bead and 22 uF (ripple at most 3 mV at 1 to 10 MHz); derived requirement to WP-PDR-22 and WP-PDR-24","fractional / integer-boundary spur fc +2 MHz (representative): -43.1 to -23.1 dBm | RT6150 (Pico 2, about 2 MHz, Low) ripple on the GVA-84+ bias, fc + 1 x 2 MHz: -58.3 to -27.8 dBm"
B1,A5,144.05,147.0500,VGG / supply sidebands,"RP2350 core regulator (3 MHz typ) ripple on the GVA-84+ bias, fc + 1 x 3 MHz",rel,False,-58.3,-27.8,-103.3,-72.8,pass,pass,ripple 1 to 10 mV at the GVA-84+ Vcc,F3: GVA-84+ supply through a ferrite bead and 22 uF (ripple at most 3 mV at 1 to 10 MHz); derived requirement to WP-PDR-22 and WP-PDR-24,
B1,A5,144.05,147.5500,PWM comb,mirror of PWM 150.00 kHz x 937,gva,True,-103.4,-71.0,-148.4,-116.0,pass,pass,"3.3 V GPIO, tr 2 to 5 ns, every 25th line of the comb shown","none needed (coherent 150 kHz comb, ADR-031 rule 3)",
B1,A5,144.05,148.0500,VGG / supply sidebands,2 coincident lines at 148.050 MHz (amplitude sum),rel,False,-64.3,-33.6,-109.3,-78.6,pass,pass,ripple 1 to 10 mV at the GVA-84+ Vcc,"F3: GVA-84+ supply through a ferrite bead and 22 uF (ripple at most 3 mV at 1 to 10 MHz); derived requirement to WP-PDR-22 and WP-PDR-24; none needed (coherent 150 kHz comb, ADR-031 rule 3)","PWM 150.00 kHz x 987: -98.7 to -65.1 dBm | RT6150 (Pico 2, about 2 MHz, Low) ripple on the GVA-84+ bias, fc + 2 x 2 MHz: -64.3 to -33.8 dBm"
B1,A5,144.05,150.0000,RP2350 clk_sys,4 coincident lines at 150.000 MHz (amplitude sum),gva,False,-38.4,-5.4,-83.4,-50.4,not shown,not shown,"on-die current into the Pico 2 PDN (0.1 to 0.5 ohm), path pdn 40 to 70 dB","C1: clk_sys = clk_peri = 96 MHz in every state (PLL_SYS FBDIV 120, POSTDIV1 5, POSTDIV2 3); fundamental below 118 MHz, 2nd harmonic 192 MHz; C4: QSPI CLKDIV 2 (48 MHz, lines only on 144.000 MHz) and the transmit-path code and data in SRAM so the flash is idle during key-down; L4: TCXO output lead at most 10 mm and at least 8 mm from the CLK1 trace; cannot be moved (Si5351A reference 25 MHz, clock-plan rule 7); level: F1 Si5351 VDD filter; tinySA sweep","clk_sys 150 MHz x 1: -64.4 to -11.6 dBm | QSPI SCK 37.5 MHz x 4: -364.2 to -28.3 dBm | 25 MHz x 6, Si5351 on-die feedthrough to CLK1: -38.4 to -13.4 dBm | 25 MHz x 6, TCXO lead near CLK1: -67.4 to -33.3 dBm"
B1,A5,144.05,150.0500,VGG / supply sidebands,2 coincident lines at 150.050 MHz (amplitude sum),rel,False,-64.3,-30.3,-109.3,-75.3,pass,pass,ripple 1 to 10 mV at the GVA-84+ Vcc,F3: GVA-84+ supply through a ferrite bead and 22 uF (ripple at most 3 mV at 1 to 10 MHz); derived requirement to WP-PDR-22 and WP-PDR-24,"RT6150 (Pico 2, about 2 MHz, Low) ripple on the GVA-84+ bias, fc + 3 x 2 MHz: -70.3 to -39.9 dBm | RP2350 core regulator (3 MHz typ) ripple on the GVA-84+ bias, fc + 2 x 3 MHz: -64.3 to -33.9 dBm"
B1,A5,144.05,150.1000,RP2350 on-die products,mirror of 1 x 150 - 1 x 12 MHz,gva,True,-100.4,-37.6,-145.4,-82.6,pass,pass,"on-die current into the Pico 2 PDN (0.1 to 0.5 ohm), path pdn 40 to 70 dB","C1 puts every on-die product on the 12 MHz grid (120, 132, 144, 156, 168 MHz); level: L1 to L3",
B1,A5,144.05,151.3000,PWM comb,mirror of PWM 150.00 kHz x 912,gva,True,-359.8,-328.0,-404.8,-373.0,pass,pass,"3.3 V GPIO, tr 2 to 5 ns, every 25th line of the comb shown","none needed (coherent 150 kHz comb, ADR-031 rule 3)",
B1,A5,144.05,151.8000,PWM comb,PWM 150.00 kHz x 1012,gva,False,-393.5,-359.3,-438.5,-404.3,pass,pass,"3.3 V GPIO, tr 2 to 5 ns, every 25th line of the comb shown","none needed (coherent 150 kHz comb, ADR-031 rule 3)",
B1,A5,144.05,152.0500,Si5351 PLL B / CLK2,2 coincident lines at 152.050 MHz (amplitude sum),pre,False,-38.5,-14.7,-83.5,-59.7,not shown,not shown,"residual after CLK2 power-down; -35 to -50 dBc when the output runs (pavelmc Si5351_issues, NT7S part 8) (Low)",C6: in transmit PLL B is parked on the PLL A multiplier and CLK2 and CLK0 are powered down and disabled (register 3),"mirror of CLK2 BFO product fc - 1 x 8 MHz (CLK2 powered down, PLL B running): -43.7 to -23.7 dBm | CLK2 BFO product fc + 1 x 8 MHz (CLK2 powered down, PLL B running): -38.5 to -18.5 dBm"
B1,A5,144.05,153.0500,VGG / supply sidebands,"RP2350 core regulator (3 MHz typ) ripple on the GVA-84+ bias, fc + 3 x 3 MHz",rel,False,-70.3,-39.9,-115.3,-84.9,pass,pass,ripple 1 to 10 mV at the GVA-84+ Vcc,F3: GVA-84+ supply through a ferrite bead and 22 uF (ripple at most 3 mV at 1 to 10 MHz); derived requirement to WP-PDR-22 and WP-PDR-24,
B1,A5,144.05,154.7667,Si5351 PLL B / CLK2,mirror of VCO B 800 MHz / 6 through MS1,pre,True,-38.6,-18.6,-83.6,-63.6,not shown,pass,VCO B leakage into MS1 (Low),C6 (as above): VCO B leakage through MS1 then falls on the carrier,
B1,A5,144.05,155.0500,PWM comb,mirror of PWM 150.00 kHz x 887,gva,True,-102.3,-70.9,-147.3,-115.9,pass,pass,"3.3 V GPIO, tr 2 to 5 ns, every 25th line of the comb shown","none needed (coherent 150 kHz comb, ADR-031 rule 3)",
B1,A5,144.05,155.5500,PWM comb,PWM 150.00 kHz x 1037,gva,False,-100.3,-65.3,-145.3,-110.3,pass,pass,"3.3 V GPIO, tr 2 to 5 ns, every 25th line of the comb shown","none needed (coherent 150 kHz comb, ADR-031 rule 3)",
B1,A5,144.05,156.0000,RP2350 on-die products,2 coincident lines at 156.000 MHz (amplitude sum),gva,False,-90.4,-26.3,-135.4,-71.3,pass,pass,"on-die current into the Pico 2 PDN (0.1 to 0.5 ohm), path pdn 40 to 70 dB","C1 puts every on-die product on the 12 MHz grid (120, 132, 144, 156, 168 MHz); level: L1 to L3; cannot be moved (Pico 2 crystal); level: layout rules L1 to L3; tinySA sweep",XOSC 12 MHz x 13: -90.4 to -33.0 dBm | 2 x 150 - 12 x 12 MHz: -94.4 to -31.7 dBm
B1,A5,144.05,156.1000,RP2350 on-die products,2 coincident lines at 156.100 MHz (amplitude sum),gva,True,-96.4,-32.3,-141.4,-77.3,pass,pass,"on-die current into the Pico 2 PDN (0.1 to 0.5 ohm), path pdn 40 to 70 dB","C1 puts every on-die product on the 12 MHz grid (120, 132, 144, 156, 168 MHz); level: L1 to L3; cannot be moved (Pico 2 crystal); level: layout rules L1 to L3; tinySA sweep",mirror of XOSC 12 MHz x 11: -96.4 to -39.0 dBm | mirror of 2 x 150 - 14 x 12 MHz: -100.4 to -37.7 dBm
B1,A5,144.05,158.8000,PWM comb,mirror of PWM 150.00 kHz x 862,gva,True,-378.4,-347.5,-423.4,-392.5,pass,pass,"3.3 V GPIO, tr 2 to 5 ns, every 25th line of the comb shown","none needed (coherent 150 kHz comb, ADR-031 rule 3)",
B1,A5,144.05,159.3000,PWM comb,PWM 150.00 kHz x 1062,gva,False,-357.4,-321.7,-402.4,-366.7,pass,pass,"3.3 V GPIO, tr 2 to 5 ns, every 25th line of the comb shown","none needed (coherent 150 kHz comb, ADR-031 rule 3)",
B1,A5,144.05,160.0500,Si5351 PLL B / CLK2,2 coincident lines at 160.050 MHz (amplitude sum),pre,False,-39.0,-15.0,-84.0,-60.0,not shown,not shown,"residual after CLK2 power-down; -35 to -50 dBc when the output runs (pavelmc Si5351_issues, NT7S part 8) (Low)",C6: in transmit PLL B is parked on the PLL A multiplier and CLK2 and CLK0 are powered down and disabled (register 3),"mirror of CLK2 BFO product fc - 2 x 8 MHz (CLK2 powered down, PLL B running): -43.5 to -23.5 dBm | CLK2 BFO product fc + 2 x 8 MHz (CLK2 powered down, PLL B running): -39.0 to -19.0 dBm"
B1,A5,144.05,162.0000,RP2350 on-die products,1 x 150 + 1 x 12 MHz,gva,False,-94.5,-31.8,-139.5,-76.8,pass,pass,"on-die current into the Pico 2 PDN (0.1 to 0.5 ohm), path pdn 40 to 70 dB","C1 puts every on-die product on the 12 MHz grid (120, 132, 144, 156, 168 MHz); level: L1 to L3",
B1,A5,144.05,162.0563,/8 prescaler,4 coincident lines at 162.056 MHz (amplitude sum),pre,False,-29.2,-1.5,-74.2,-46.5,not shown,not shown,"100 pF tap on CLK1, shared VCC: fc +/- fc/8 sidebands (Low)","C7: prescaler fed through 330 ohm in series (after the 100 pF), each 74LVC1G80 on its own bead-and-100 nF supply; C8: 470 ohm series resistor at the /8 output and the /8 trace 15 to 25 mm from the CLK1 net (L5); option C9 (/4 prescaler) moves both lines out of the window but needs a REQ-TX-013 CR",mirror of /8 output x 7 (7/8 fc) on the trace: -48.3 to -19.2 dBm | mirror of /8 kickback sideband (7/8 fc): -33.5 to -13.5 dBm | /8 output x 9 (9/8 fc) on the trace: -44.8 to -15.1 dBm | /8 kickback sideband (9/8 fc): -29.2 to -9.2 dBm
B1,A5,144.05,162.1000,RP2350 on-die products,mirror of 1 x 150 - 2 x 12 MHz,gva,True,-100.5,-37.8,-145.5,-82.8,pass,pass,"on-die current into the Pico 2 PDN (0.1 to 0.5 ohm), path pdn 40 to 70 dB","C1 puts every on-die product on the 12 MHz grid (120, 132, 144, 156, 168 MHz); level: L1 to L3",
B1,A5,144.05,162.5500,PWM comb,mirror of PWM 150.00 kHz x 837,gva,True,-101.4,-70.9,-146.4,-115.9,pass,pass,"3.3 V GPIO, tr 2 to 5 ns, every 25th line of the comb shown","none needed (coherent 150 kHz comb, ADR-031 rule 3)",
B1,A5,144.05,163.0500,PWM comb,PWM 150.00 kHz x 1087,gva,False,-102.2,-65.6,-147.2,-110.6,pass,pass,"3.3 V GPIO, tr 2 to 5 ns, every 25th line of the comb shown","none needed (coherent 150 kHz comb, ADR-031 rule 3)",
B1,A5,144.05,163.1000,Si5351 reference 25 MHz,2 coincident lines at 163.100 MHz (amplitude sum),pre,True,-43.5,-17.8,-88.5,-62.8,not shown,pass,no datasheet figure; below the -35 to -50 dBc output-to-output crosstalk reported for full-swing outputs (Low),"L4: TCXO output lead at most 10 mm and at least 8 mm from the CLK1 trace; cannot be moved (Si5351A reference 25 MHz, clock-plan rule 7); level: F1 Si5351 VDD filter; tinySA sweep","mirror of 25 MHz x 5, Si5351 on-die feedthrough to CLK1: -43.5 to -18.5 dBm | mirror of 25 MHz x 5, TCXO lead near CLK1: -74.1 to -40.0 dBm"
B1,A5,144.05,166.3000,PWM comb,mirror of PWM 150.00 kHz x 812,gva,True,-366.1,-336.1,-411.1,-381.1,pass,pass,"3.3 V GPIO, tr 2 to 5 ns, every 25th line of the comb shown","none needed (coherent 150 kHz comb, ADR-031 rule 3)",
B1,A5,144.05,166.8000,PWM comb,PWM 150.00 kHz x 1112,gva,False,-365.2,-327.7,-410.2,-372.7,pass,pass,"3.3 V GPIO, tr 2 to 5 ns, every 25th line of the comb shown","none needed (coherent 150 kHz comb, ADR-031 rule 3)",
B1,A5,144.05,168.0000,RP2350 on-die products,2 coincident lines at 168.000 MHz (amplitude sum),gva,False,-91.1,-27.0,-136.1,-72.0,pass,pass,"on-die current into the Pico 2 PDN (0.1 to 0.5 ohm), path pdn 40 to 70 dB","C1 puts every on-die product on the 12 MHz grid (120, 132, 144, 156, 168 MHz); level: L1 to L3; cannot be moved (Pico 2 crystal); level: layout rules L1 to L3; tinySA sweep",XOSC 12 MHz x 14: -91.1 to -33.7 dBm | 2 x 150 - 11 x 12 MHz: -95.1 to -32.3 dBm
B1,A5,144.05,168.1000,RP2350 on-die products,2 coincident lines at 168.100 MHz (amplitude sum),gva,True,-97.1,-33.0,-142.1,-78.0,pass,pass,"on-die current into the Pico 2 PDN (0.1 to 0.5 ohm), path pdn 40 to 70 dB","C1 puts every on-die product on the 12 MHz grid (120, 132, 144, 156, 168 MHz); level: L1 to L3; cannot be moved (Pico 2 crystal); level: layout rules L1 to L3; tinySA sweep",mirror of XOSC 12 MHz x 10: -97.1 to -39.7 dBm | mirror of 2 x 150 - 15 x 12 MHz: -101.1 to -38.4 dBm
B1,A5,144.05,169.0500,Si5351 PLL spurs,PFD reference spur fc + 25 MHz,pre,False,-50.5,-30.5,-95.5,-75.5,pass,pass,"VCO spur at the 25 MHz PFD offset, divided by 6 (-15.6 dB) (Low)",level only (on-die PLL); tinySA sweep,
B1,A5,144.05,170.0500,PWM comb,mirror of PWM 150.00 kHz x 787,gva,True,-101.4,-71.8,-146.4,-116.8,pass,pass,"3.3 V GPIO, tr 2 to 5 ns, every 25th line of the comb shown","none needed (coherent 150 kHz comb, ADR-031 rule 3)",
B1,A5,144.05,170.5500,PWM comb,PWM 150.00 kHz x 1137,gva,False,-105.4,-66.8,-150.4,-111.8,pass,pass,"3.3 V GPIO, tr 2 to 5 ns, every 25th line of the comb shown","none needed (coherent 150 kHz comb, ADR-031 rule 3)",
B1,A5,144.05,174.0000,RP2350 on-die products,1 x 150 + 2 x 12 MHz,gva,False,-96.7,-34.0,-141.7,-79.0,pass,pass,"on-die current into the Pico 2 PDN (0.1 to 0.5 ohm), path pdn 40 to 70 dB","C1 puts every on-die product on the 12 MHz grid (120, 132, 144, 156, 168 MHz); level: L1 to L3",
B1,A5,144.05,174.3000,PWM comb,PWM 150.00 kHz x 1162,gva,False,-387.3,-347.5,-432.3,-392.5,pass,pass,"3.3 V GPIO, tr 2 to 5 ns, every 25th line of the comb shown","none needed (coherent 150 kHz comb, ADR-031 rule 3)",
B1,A5,144.05,175.0000,Si5351 reference 25 MHz,2 coincident lines at 175.000 MHz (amplitude sum),pre,False,-42.8,-16.8,-87.8,-61.8,not shown,pass,no datasheet figure; below the -35 to -50 dBc output-to-output crosstalk reported for full-swing outputs (Low),"L4: TCXO output lead at most 10 mm and at least 8 mm from the CLK1 trace; cannot be moved (Si5351A reference 25 MHz, clock-plan rule 7); level: F1 Si5351 VDD filter; tinySA sweep","25 MHz x 7, Si5351 on-die feedthrough to CLK1: -42.8 to -17.8 dBm | 25 MHz x 7, TCXO lead near CLK1: -70.4 to -36.3 dBm"
B1,A5,146.0,118.0000,RP2350 on-die products,mirror of 1 x 150 + 2 x 12 MHz,gva,True,-100.1,-37.3,-145.1,-82.3,pass,pass,"on-die current into the Pico 2 PDN (0.1 to 0.5 ohm), path pdn 40 to 70 dB","C1 puts every on-die product on the 12 MHz grid (120, 132, 144, 156, 168 MHz); level: L1 to L3",
B1,A5,146.0,118.0500,PWM comb,PWM 150.00 kHz x 787,gva,False,-94.0,-64.4,-139.0,-109.4,pass,pass,"3.3 V GPIO, tr 2 to 5 ns, every 25th line of the comb shown","none needed (coherent 150 kHz comb, ADR-031 rule 3)",
B1,A5,146.0,120.0000,RP2350 on-die products,2 coincident lines at 120.000 MHz (amplitude sum),gva,False,-90.1,-26.0,-135.1,-71.0,pass,pass,"on-die current into the Pico 2 PDN (0.1 to 0.5 ohm), path pdn 40 to 70 dB","C1 puts every on-die product on the 12 MHz grid (120, 132, 144, 156, 168 MHz); level: L1 to L3; cannot be moved (Pico 2 crystal); level: layout rules L1 to L3; tinySA sweep",XOSC 12 MHz x 10: -90.1 to -32.7 dBm | 2 x 150 - 15 x 12 MHz: -94.1 to -31.3 dBm
B1,A5,146.0,121.0000,Si5351 PLL spurs,PFD reference spur fc - 25 MHz,pre,False,-46.9,-26.9,-91.9,-71.9,pass,pass,"VCO spur at the 25 MHz PFD offset, divided by 6 (-15.6 dB) (Low)",level only (on-die PLL); tinySA sweep,
B1,A5,146.0,121.4500,PWM comb,mirror of PWM 150.00 kHz x 1137,gva,True,-109.9,-71.3,-154.9,-116.3,pass,pass,"3.3 V GPIO, tr 2 to 5 ns, every 25th line of the comb shown","none needed (coherent 150 kHz comb, ADR-031 rule 3)",
B1,A5,146.0,121.8000,PWM comb,PWM 150.00 kHz x 812,gva,False,-359.4,-329.3,-404.4,-374.3,pass,pass,"3.3 V GPIO, tr 2 to 5 ns, every 25th line of the comb shown","none needed (coherent 150 kHz comb, ADR-031 rule 3)",
B1,A5,146.0,124.0000,RP2350 on-die products,2 coincident lines at 124.000 MHz (amplitude sum),gva,True,-96.1,-32.0,-141.1,-77.0,pass,pass,"on-die current into the Pico 2 PDN (0.1 to 0.5 ohm), path pdn 40 to 70 dB","C1 puts every on-die product on the 12 MHz grid (120, 132, 144, 156, 168 MHz); level: L1 to L3; cannot be moved (Pico 2 crystal); level: layout rules L1 to L3; tinySA sweep",mirror of XOSC 12 MHz x 14: -96.1 to -38.7 dBm | mirror of 2 x 150 - 11 x 12 MHz: -100.1 to -37.3 dBm
B1,A5,146.0,125.0000,Si5351 reference 25 MHz,2 coincident lines at 125.000 MHz (amplitude sum),pre,False,-37.0,-11.3,-82.0,-56.3,not shown,not shown,no datasheet figure; below the -35 to -50 dBc output-to-output crosstalk reported for full-swing outputs (Low),"L4: TCXO output lead at most 10 mm and at least 8 mm from the CLK1 trace; cannot be moved (Si5351A reference 25 MHz, clock-plan rule 7); level: F1 Si5351 VDD filter; tinySA sweep","25 MHz x 5, Si5351 on-die feedthrough to CLK1: -37.0 to -12.0 dBm | 25 MHz x 5, TCXO lead near CLK1: -67.6 to -33.5 dBm"
B1,A5,146.0,125.2000,PWM comb,mirror of PWM 150.00 kHz x 1112,gva,True,-370.4,-332.9,-415.4,-377.9,pass,pass,"3.3 V GPIO, tr 2 to 5 ns, every 25th line of the comb shown","none needed (coherent 150 kHz comb, ADR-031 rule 3)",
B1,A5,146.0,125.5500,PWM comb,PWM 150.00 kHz x 837,gva,False,-94.9,-64.5,-139.9,-109.5,pass,pass,"3.3 V GPIO, tr 2 to 5 ns, every 25th line of the comb shown","none needed (coherent 150 kHz comb, ADR-031 rule 3)",
B1,A5,146.0,126.0000,RP2350 on-die products,1 x 150 - 2 x 12 MHz,gva,False,-94.1,-31.3,-139.1,-76.3,pass,pass,"on-die current into the Pico 2 PDN (0.1 to 0.5 ohm), path pdn 40 to 70 dB","C1 puts every on-die product on the 12 MHz grid (120, 132, 144, 156, 168 MHz); level: L1 to L3",
B1,A5,146.0,127.7500,/8 prescaler,4 coincident lines at 127.750 MHz (amplitude sum),pre,False,-27.1,-0.5,-72.1,-45.5,not shown,not shown,"100 pF tap on CLK1, shared VCC: fc +/- fc/8 sidebands (Low)","C7: prescaler fed through 330 ohm in series (after the 100 pF), each 74LVC1G80 on its own bead-and-100 nF supply; C8: 470 ohm series resistor at the /8 output and the /8 trace 15 to 25 mm from the CLK1 net (L5); option C9 (/4 prescaler) moves both lines out of the window but needs a REQ-TX-013 CR",/8 output x 7 (7/8 fc) on the trace: -41.9 to -12.7 dBm | /8 kickback sideband (7/8 fc): -27.1 to -7.1 dBm | mirror of /8 output x 9 (9/8 fc) on the trace: -50.5 to -20.7 dBm | mirror of /8 kickback sideband (9/8 fc): -34.9 to -14.9 dBm
B1,A5,146.0,128.9500,PWM comb,mirror of PWM 150.00 kHz x 1087,gva,True,-107.7,-71.1,-152.7,-116.1,pass,pass,"3.3 V GPIO, tr 2 to 5 ns, every 25th line of the comb shown","none needed (coherent 150 kHz comb, ADR-031 rule 3)",
B1,A5,146.0,129.3000,PWM comb,PWM 150.00 kHz x 862,gva,False,-372.1,-341.2,-417.1,-386.2,pass,pass,"3.3 V GPIO, tr 2 to 5 ns, every 25th line of the comb shown","none needed (coherent 150 kHz comb, ADR-031 rule 3)",
B1,A5,146.0,130.0000,Si5351 PLL B / CLK2,3 coincident lines at 130.000 MHz (amplitude sum),pre,False,-37.2,-13.6,-82.2,-58.6,not shown,not shown,"residual after CLK2 power-down; -35 to -50 dBc when the output runs (pavelmc Si5351_issues, NT7S part 8) (Low)","C1 puts every on-die product on the 12 MHz grid (120, 132, 144, 156, 168 MHz); level: L1 to L3; C6: in transmit PLL B is parked on the PLL A multiplier and CLK2 and CLK0 are powered down and disabled (register 3)","mirror of 1 x 150 + 1 x 12 MHz: -100.1 to -37.3 dBm | CLK2 BFO product fc - 2 x 8 MHz (CLK2 powered down, PLL B running): -37.2 to -17.2 dBm | mirror of CLK2 BFO product fc + 2 x 8 MHz (CLK2 powered down, PLL B running): -44.8 to -24.8 dBm"
B1,A5,146.0,132.0000,RP2350 on-die products,2 coincident lines at 132.000 MHz (amplitude sum),gva,False,-90.1,-26.0,-135.1,-71.0,pass,pass,"on-die current into the Pico 2 PDN (0.1 to 0.5 ohm), path pdn 40 to 70 dB","C1 puts every on-die product on the 12 MHz grid (120, 132, 144, 156, 168 MHz); level: L1 to L3; cannot be moved (Pico 2 crystal); level: layout rules L1 to L3; tinySA sweep",XOSC 12 MHz x 11: -90.1 to -32.7 dBm | 2 x 150 - 14 x 12 MHz: -94.1 to -31.4 dBm
B1,A5,146.0,132.7000,PWM comb,mirror of PWM 150.00 kHz x 1062,gva,True,-363.1,-327.3,-408.1,-372.3,pass,pass,"3.3 V GPIO, tr 2 to 5 ns, every 25th line of the comb shown","none needed (coherent 150 kHz comb, ADR-031 rule 3)",
B1,A5,146.0,133.0500,PWM comb,PWM 150.00 kHz x 887,gva,False,-96.0,-64.6,-141.0,-109.6,pass,pass,"3.3 V GPIO, tr 2 to 5 ns, every 25th line of the comb shown","none needed (coherent 150 kHz comb, ADR-031 rule 3)",
B1,A5,146.0,133.3333,Si5351 PLL B / CLK2,VCO B 800 MHz / 6 through MS1,pre,False,-32.3,-12.3,-77.3,-57.3,not shown,not shown,VCO B leakage into MS1 (Low),C6 (as above): VCO B leakage through MS1 then falls on the carrier,
B1,A5,146.0,136.0000,RP2350 on-die products,2 coincident lines at 136.000 MHz (amplitude sum),gva,True,-96.1,-32.0,-141.1,-77.0,pass,pass,"on-die current into the Pico 2 PDN (0.1 to 0.5 ohm), path pdn 40 to 70 dB","C1 puts every on-die product on the 12 MHz grid (120, 132, 144, 156, 168 MHz); level: L1 to L3; cannot be moved (Pico 2 crystal); level: layout rules L1 to L3; tinySA sweep",mirror of XOSC 12 MHz x 13: -96.1 to -38.7 dBm | mirror of 2 x 150 - 12 x 12 MHz: -100.1 to -37.4 dBm
B1,A5,146.0,136.4500,PWM comb,mirror of PWM 150.00 kHz x 1037,gva,True,-106.0,-71.0,-151.0,-116.0,pass,pass,"3.3 V GPIO, tr 2 to 5 ns, every 25th line of the comb shown","none needed (coherent 150 kHz comb, ADR-031 rule 3)",
B1,A5,146.0,136.8000,PWM comb,PWM 150.00 kHz x 912,gva,False,-353.6,-321.7,-398.6,-366.7,pass,pass,"3.3 V GPIO, tr 2 to 5 ns, every 25th line of the comb shown","none needed (coherent 150 kHz comb, ADR-031 rule 3)",
B1,A5,146.0,137.0000,VGG / supply sidebands,"RP2350 core regulator (3 MHz typ) ripple on the GVA-84+ bias, fc - 3 x 3 MHz",rel,False,-70.2,-39.7,-115.2,-84.7,pass,pass,ripple 1 to 10 mV at the GVA-84+ Vcc,F3: GVA-84+ supply through a ferrite bead and 22 uF (ripple at most 3 mV at 1 to 10 MHz); derived requirement to WP-PDR-22 and WP-PDR-24,
B1,A5,146.0,138.0000,Si5351 PLL B / CLK2,3 coincident lines at 138.000 MHz (amplitude sum),pre,False,-37.5,-13.1,-82.5,-58.1,not shown,not shown,"residual after CLK2 power-down; -35 to -50 dBc when the output runs (pavelmc Si5351_issues, NT7S part 8) (Low)","C1 puts every on-die product on the 12 MHz grid (120, 132, 144, 156, 168 MHz); level: L1 to L3; C6: in transmit PLL B is parked on the PLL A multiplier and CLK2 and CLK0 are powered down and disabled (register 3)","1 x 150 - 1 x 12 MHz: -94.1 to -31.4 dBm | CLK2 BFO product fc - 1 x 8 MHz (CLK2 powered down, PLL B running): -37.5 to -17.5 dBm | mirror of CLK2 BFO product fc + 1 x 8 MHz (CLK2 powered down, PLL B running): -44.3 to -24.3 dBm"
B1,A5,146.0,140.0000,VGG / supply sidebands,2 coincident lines at 140.000 MHz (amplitude sum),rel,False,-64.2,-30.2,-109.2,-75.2,pass,pass,ripple 1 to 10 mV at the GVA-84+ Vcc,F3: GVA-84+ supply through a ferrite bead and 22 uF (ripple at most 3 mV at 1 to 10 MHz); derived requirement to WP-PDR-22 and WP-PDR-24,"RT6150 (Pico 2, about 2 MHz, Low) ripple on the GVA-84+ bias, fc - 3 x 2 MHz: -70.2 to -39.7 dBm | RP2350 core regulator (3 MHz typ) ripple on the GVA-84+ bias, fc - 2 x 3 MHz: -64.2 to -33.7 dBm"
B1,A5,146.0,140.2000,PWM comb,mirror of PWM 150.00 kHz x 1012,gva,True,-399.3,-365.1,-444.3,-410.1,pass,pass,"3.3 V GPIO, tr 2 to 5 ns, every 25th line of the comb shown","none needed (coherent 150 kHz comb, ADR-031 rule 3)",
B1,A5,146.0,140.5500,PWM comb,PWM 150.00 kHz x 937,gva,False,-97.2,-64.8,-142.2,-109.8,pass,pass,"3.3 V GPIO, tr 2 to 5 ns, every 25th line of the comb shown","none needed (coherent 150 kHz comb, ADR-031 rule 3)",
B1,A5,146.0,142.0000,RP2350 clk_sys,5 coincident lines at 142.000 MHz (amplitude sum),gva,True,-44.2,-10.6,-89.2,-55.6,not shown,not shown,"on-die current into the Pico 2 PDN (0.1 to 0.5 ohm), path pdn 40 to 70 dB","C1: clk_sys = clk_peri = 96 MHz in every state (PLL_SYS FBDIV 120, POSTDIV1 5, POSTDIV2 3); fundamental below 118 MHz, 2nd harmonic 192 MHz; C4: QSPI CLKDIV 2 (48 MHz, lines only on 144.000 MHz) and the transmit-path code and data in SRAM so the flash is idle during key-down; F3: GVA-84+ supply through a ferrite bead and 22 uF (ripple at most 3 mV at 1 to 10 MHz); derived requirement to WP-PDR-22 and WP-PDR-24; L4: TCXO output lead at most 10 mm and at least 8 mm from the CLK1 trace; cannot be moved (Si5351A reference 25 MHz, clock-plan rule 7); level: F1 Si5351 VDD filter; tinySA sweep","mirror of clk_sys 150 MHz x 1: -70.2 to -17.5 dBm | mirror of QSPI SCK 37.5 MHz x 4: -370.0 to -34.1 dBm | mirror of 25 MHz x 6, Si5351 on-die feedthrough to CLK1: -44.2 to -19.2 dBm | mirror of 25 MHz x 6, TCXO lead near CLK1: -73.2 to -39.1 dBm | RT6150 (Pico 2, about 2 MHz, Low) ripple on the GVA-84+ bias, fc - 2 x 2 MHz: -64.2 to -33.8 dBm"
B1,A5,146.0,143.0000,VGG / supply sidebands,"RP2350 core regulator (3 MHz typ) ripple on the GVA-84+ bias, fc - 1 x 3 MHz",rel,False,-58.2,-27.8,-103.2,-72.8,pass,pass,ripple 1 to 10 mV at the GVA-84+ Vcc,F3: GVA-84+ supply through a ferrite bead and 22 uF (ripple at most 3 mV at 1 to 10 MHz); derived requirement to WP-PDR-22 and WP-PDR-24,
B1,A5,146.0,143.9500,PWM comb,mirror of PWM 150.00 kHz x 987,gva,True,-104.5,-71.0,-149.5,-116.0,pass,pass,"3.3 V GPIO, tr 2 to 5 ns, every 25th line of the comb shown","none needed (coherent 150 kHz comb, ADR-031 rule 3)",
B1,A5,146.0,144.0000,Si5351 PLL spurs,6 coincident lines at 144.000 MHz (amplitude sum),pre,False,-42.9,-14.7,-87.9,-59.7,not shown,not shown,"PA3FWM tn42b: about -80 dBc in theory, measured worse (Low); offset depends on the fraction","C1 puts every on-die product on the 12 MHz grid (120, 132, 144, 156, 168 MHz); level: L1 to L3; C2: clk_adc from PLL_SYS / 2 (AUXSRC CLKSRC_PLL_SYS, DIV 2) enabled only for conversion bursts (ENABLE bit); C3: PLL_USB powered down (PWR.PD, VCOPD) outside USB; C5: PLL A multiplier rule, fractional part not within 0.002 of an integer (firmware table check); tinySA sweep at the worst channel; F3: GVA-84+ supply through a ferrite bead and 22 uF (ripple at most 3 mV at 1 to 10 MHz); derived requirement to WP-PDR-22 and WP-PDR-24; cannot be moved (Pico 2 crystal); level: layout rules L1 to L3; tinySA sweep","XOSC 12 MHz x 12: -90.2 to -32.8 dBm | 2 x 150 - 13 x 12 MHz: -94.2 to -31.5 dBm | clk_adc 48 MHz x 3 (continuous): -100.7 to -42.4 dBm | PLL_USB 48 MHz x 3 (running): -96.3 to -36.3 dBm | fractional / integer-boundary spur fc -2 MHz (representative): -42.9 to -22.9 dBm | RT6150 (Pico 2, about 2 MHz, Low) ripple on the GVA-84+ bias, fc - 1 x 2 MHz: -58.2 to -27.8 dBm"
B1,A5,146.0,144.3000,PWM comb,PWM 150.00 kHz x 962,gva,False,-361.0,-328.1,-406.0,-373.1,pass,pass,"3.3 V GPIO, tr 2 to 5 ns, every 25th line of the comb shown","none needed (coherent 150 kHz comb, ADR-031 rule 3)",
B1,A5,146.0,145.5000,Si5351 PLL spurs,fractional / integer-boundary spur fc -0.5 MHz (representative),pre,False,-43.0,-23.0,-88.0,-68.0,not shown,pass,"PA3FWM tn42b: about -80 dBc in theory, measured worse (Low); offset depends on the fraction","C5: PLL A multiplier rule, fractional part not within 0.002 of an integer (firmware table check); tinySA sweep at the worst channel",
B1,A5,146.0,145.7000,VGG / supply sidebands,"envelope-reference PWM ripple, fc - 2 x 150 kHz",rel,False,-60.1,-41.0,-105.1,-86.0,pass,pass,"AM index m = 0.6/V x ripple; ripple 0.23 to 0.84 mV (2-pole RC, 1 to 3 kHz)",none needed; derived requirement to WP-PDR-22: PWM ripple at VGG at most 3.3 mV peak,
B1,A5,146.0,145.8500,VGG / supply sidebands,"envelope-reference PWM ripple, fc - 1 x 150 kHz",rel,False,-54.1,-35.0,-99.1,-80.0,pass,pass,"AM index m = 0.6/V x ripple; ripple 0.23 to 0.84 mV (2-pole RC, 1 to 3 kHz)",none needed; derived requirement to WP-PDR-22: PWM ripple at VGG at most 3.3 mV peak,
B1,A5,146.0,146.1500,VGG / supply sidebands,"envelope-reference PWM ripple, fc + 1 x 150 kHz",rel,False,-54.1,-35.0,-99.1,-80.0,pass,pass,"AM index m = 0.6/V x ripple; ripple 0.23 to 0.84 mV (2-pole RC, 1 to 3 kHz)",none needed; derived requirement to WP-PDR-22: PWM ripple at VGG at most 3.3 mV peak,
B1,A5,146.0,146.3000,VGG / supply sidebands,"envelope-reference PWM ripple, fc + 2 x 150 kHz",rel,False,-60.1,-41.0,-105.1,-86.0,pass,pass,"AM index m = 0.6/V x ripple; ripple 0.23 to 0.84 mV (2-pole RC, 1 to 3 kHz)",none needed; derived requirement to WP-PDR-22: PWM ripple at VGG at most 3.3 mV peak,
B1,A5,146.0,146.5000,Si5351 PLL spurs,fractional / integer-boundary spur fc +0.5 MHz (representative),pre,False,-43.0,-23.0,-88.0,-68.0,pass,pass,"PA3FWM tn42b: about -80 dBc in theory, measured worse (Low); offset depends on the fraction","C5: PLL A multiplier rule, fractional part not within 0.002 of an integer (firmware table check); tinySA sweep at the worst channel",
B1,A5,146.0,147.7000,PWM comb,mirror of PWM 150.00 kHz x 962,gva,True,-367.1,-334.1,-412.1,-379.1,pass,pass,"3.3 V GPIO, tr 2 to 5 ns, every 25th line of the comb shown","none needed (coherent 150 kHz comb, ADR-031 rule 3)",
B1,A5,146.0,148.0000,Si5351 PLL spurs,6 coincident lines at 148.000 MHz (amplitude sum),pre,False,-43.1,-16.7,-88.1,-61.7,not shown,pass,"PA3FWM tn42b: about -80 dBc in theory, measured worse (Low); offset depends on the fraction","C1 puts every on-die product on the 12 MHz grid (120, 132, 144, 156, 168 MHz); level: L1 to L3; C2: clk_adc from PLL_SYS / 2 (AUXSRC CLKSRC_PLL_SYS, DIV 2) enabled only for conversion bursts (ENABLE bit); C3: PLL_USB powered down (PWR.PD, VCOPD) outside USB; C5: PLL A multiplier rule, fractional part not within 0.002 of an integer (firmware table check); tinySA sweep at the worst channel; F3: GVA-84+ supply through a ferrite bead and 22 uF (ripple at most 3 mV at 1 to 10 MHz); derived requirement to WP-PDR-22 and WP-PDR-24; cannot be moved (Pico 2 crystal); level: layout rules L1 to L3; tinySA sweep","mirror of XOSC 12 MHz x 12: -96.3 to -38.9 dBm | mirror of 2 x 150 - 13 x 12 MHz: -100.3 to -37.5 dBm | mirror of clk_adc 48 MHz x 3 (continuous): -106.7 to -48.4 dBm | mirror of PLL_USB 48 MHz x 3 (running): -102.3 to -42.4 dBm | fractional / integer-boundary spur fc +2 MHz (representative): -43.1 to -23.1 dBm | RT6150 (Pico 2, about 2 MHz, Low) ripple on the GVA-84+ bias, fc + 1 x 2 MHz: -58.3 to -27.8 dBm"
B1,A5,146.0,148.0500,PWM comb,PWM 150.00 kHz x 987,gva,False,-98.6,-65.0,-143.6,-110.0,pass,pass,"3.3 V GPIO, tr 2 to 5 ns, every 25th line of the comb shown","none needed (coherent 150 kHz comb, ADR-031 rule 3)",
B1,A5,146.0,149.0000,VGG / supply sidebands,"RP2350 core regulator (3 MHz typ) ripple on the GVA-84+ bias, fc + 1 x 3 MHz",rel,False,-58.3,-27.8,-103.3,-72.8,pass,pass,ripple 1 to 10 mV at the GVA-84+ Vcc,F3: GVA-84+ supply through a ferrite bead and 22 uF (ripple at most 3 mV at 1 to 10 MHz); derived requirement to WP-PDR-22 and WP-PDR-24,
B1,A5,146.0,150.0000,RP2350 clk_sys,5 coincident lines at 150.000 MHz (amplitude sum),gva,False,-38.2,-5.0,-83.2,-50.0,not shown,not shown,"on-die current into the Pico 2 PDN (0.1 to 0.5 ohm), path pdn 40 to 70 dB","C1: clk_sys = clk_peri = 96 MHz in every state (PLL_SYS FBDIV 120, POSTDIV1 5, POSTDIV2 3); fundamental below 118 MHz, 2nd harmonic 192 MHz; C4: QSPI CLKDIV 2 (48 MHz, lines only on 144.000 MHz) and the transmit-path code and data in SRAM so the flash is idle during key-down; F3: GVA-84+ supply through a ferrite bead and 22 uF (ripple at most 3 mV at 1 to 10 MHz); derived requirement to WP-PDR-22 and WP-PDR-24; L4: TCXO output lead at most 10 mm and at least 8 mm from the CLK1 trace; cannot be moved (Si5351A reference 25 MHz, clock-plan rule 7); level: F1 Si5351 VDD filter; tinySA sweep","clk_sys 150 MHz x 1: -64.3 to -11.5 dBm | QSPI SCK 37.5 MHz x 4: -364.1 to -28.2 dBm | 25 MHz x 6, Si5351 on-die feedthrough to CLK1: -38.2 to -13.2 dBm | 25 MHz x 6, TCXO lead near CLK1: -67.3 to -33.2 dBm | RT6150 (Pico 2, about 2 MHz, Low) ripple on the GVA-84+ bias, fc + 2 x 2 MHz: -64.3 to -33.8 dBm"
B1,A5,146.0,151.4500,PWM comb,mirror of PWM 150.00 kHz x 937,gva,True,-103.3,-70.9,-148.3,-115.9,pass,pass,"3.3 V GPIO, tr 2 to 5 ns, every 25th line of the comb shown","none needed (coherent 150 kHz comb, ADR-031 rule 3)",
B1,A5,146.0,151.8000,PWM comb,PWM 150.00 kHz x 1012,gva,False,-393.4,-359.2,-438.4,-404.2,pass,pass,"3.3 V GPIO, tr 2 to 5 ns, every 25th line of the comb shown","none needed (coherent 150 kHz comb, ADR-031 rule 3)",
B1,A5,146.0,152.0000,VGG / supply sidebands,2 coincident lines at 152.000 MHz (amplitude sum),rel,False,-64.3,-30.3,-109.3,-75.3,pass,pass,ripple 1 to 10 mV at the GVA-84+ Vcc,F3: GVA-84+ supply through a ferrite bead and 22 uF (ripple at most 3 mV at 1 to 10 MHz); derived requirement to WP-PDR-22 and WP-PDR-24,"RT6150 (Pico 2, about 2 MHz, Low) ripple on the GVA-84+ bias, fc + 3 x 2 MHz: -70.3 to -39.9 dBm | RP2350 core regulator (3 MHz typ) ripple on the GVA-84+ bias, fc + 2 x 3 MHz: -64.3 to -33.9 dBm"
B1,A5,146.0,154.0000,Si5351 PLL B / CLK2,3 coincident lines at 154.000 MHz (amplitude sum),pre,False,-38.5,-14.1,-83.5,-59.1,not shown,not shown,"residual after CLK2 power-down; -35 to -50 dBc when the output runs (pavelmc Si5351_issues, NT7S part 8) (Low)","C1 puts every on-die product on the 12 MHz grid (120, 132, 144, 156, 168 MHz); level: L1 to L3; C6: in transmit PLL B is parked on the PLL A multiplier and CLK2 and CLK0 are powered down and disabled (register 3)","mirror of 1 x 150 - 1 x 12 MHz: -100.3 to -37.5 dBm | mirror of CLK2 BFO product fc - 1 x 8 MHz (CLK2 powered down, PLL B running): -43.7 to -23.7 dBm | CLK2 BFO product fc + 1 x 8 MHz (CLK2 powered down, PLL B running): -38.5 to -18.5 dBm"
B1,A5,146.0,155.0000,VGG / supply sidebands,"RP2350 core regulator (3 MHz typ) ripple on the GVA-84+ bias, fc + 3 x 3 MHz",rel,False,-70.3,-39.9,-115.3,-84.9,pass,pass,ripple 1 to 10 mV at the GVA-84+ Vcc,F3: GVA-84+ supply through a ferrite bead and 22 uF (ripple at most 3 mV at 1 to 10 MHz); derived requirement to WP-PDR-22 and WP-PDR-24,
B1,A5,146.0,155.2000,PWM comb,mirror of PWM 150.00 kHz x 912,gva,True,-359.7,-327.9,-404.7,-372.9,pass,pass,"3.3 V GPIO, tr 2 to 5 ns, every 25th line of the comb shown","none needed (coherent 150 kHz comb, ADR-031 rule 3)",
B1,A5,146.0,155.5500,PWM comb,PWM 150.00 kHz x 1037,gva,False,-100.1,-65.2,-145.1,-110.2,pass,pass,"3.3 V GPIO, tr 2 to 5 ns, every 25th line of the comb shown","none needed (coherent 150 kHz comb, ADR-031 rule 3)",
B1,A5,146.0,156.0000,RP2350 on-die products,2 coincident lines at 156.000 MHz (amplitude sum),gva,False,-90.3,-26.2,-135.3,-71.2,pass,pass,"on-die current into the Pico 2 PDN (0.1 to 0.5 ohm), path pdn 40 to 70 dB","C1 puts every on-die product on the 12 MHz grid (120, 132, 144, 156, 168 MHz); level: L1 to L3; cannot be moved (Pico 2 crystal); level: layout rules L1 to L3; tinySA sweep",XOSC 12 MHz x 13: -90.3 to -32.9 dBm | 2 x 150 - 12 x 12 MHz: -94.3 to -31.6 dBm
B1,A5,146.0,158.6667,Si5351 PLL B / CLK2,mirror of VCO B 800 MHz / 6 through MS1,pre,True,-38.5,-18.5,-83.5,-63.5,not shown,pass,VCO B leakage into MS1 (Low),C6 (as above): VCO B leakage through MS1 then falls on the carrier,
B1,A5,146.0,158.9500,PWM comb,mirror of PWM 150.00 kHz x 887,gva,True,-102.2,-70.8,-147.2,-115.8,pass,pass,"3.3 V GPIO, tr 2 to 5 ns, every 25th line of the comb shown","none needed (coherent 150 kHz comb, ADR-031 rule 3)",
B1,A5,146.0,159.3000,PWM comb,PWM 150.00 kHz x 1062,gva,False,-357.3,-321.6,-402.3,-366.6,pass,pass,"3.3 V GPIO, tr 2 to 5 ns, every 25th line of the comb shown","none needed (coherent 150 kHz comb, ADR-031 rule 3)",
B1,A5,146.0,160.0000,RP2350 on-die products,2 coincident lines at 160.000 MHz (amplitude sum),gva,True,-96.4,-32.2,-141.4,-77.2,pass,pass,"on-die current into the Pico 2 PDN (0.1 to 0.5 ohm), path pdn 40 to 70 dB","C1 puts every on-die product on the 12 MHz grid (120, 132, 144, 156, 168 MHz); level: L1 to L3; cannot be moved (Pico 2 crystal); level: layout rules L1 to L3; tinySA sweep",mirror of XOSC 12 MHz x 11: -96.4 to -38.9 dBm | mirror of 2 x 150 - 14 x 12 MHz: -100.3 to -37.6 dBm
B1,A5,146.0,162.0000,Si5351 PLL B / CLK2,3 coincident lines at 162.000 MHz (amplitude sum),pre,False,-39.1,-13.8,-84.1,-58.8,not shown,not shown,"residual after CLK2 power-down; -35 to -50 dBc when the output runs (pavelmc Si5351_issues, NT7S part 8) (Low)","C1 puts every on-die product on the 12 MHz grid (120, 132, 144, 156, 168 MHz); level: L1 to L3; C6: in transmit PLL B is parked on the PLL A multiplier and CLK2 and CLK0 are powered down and disabled (register 3)","1 x 150 + 1 x 12 MHz: -94.4 to -31.7 dBm | mirror of CLK2 BFO product fc - 2 x 8 MHz (CLK2 powered down, PLL B running): -43.5 to -23.5 dBm | CLK2 BFO product fc + 2 x 8 MHz (CLK2 powered down, PLL B running): -39.1 to -19.1 dBm"
B1,A5,146.0,162.7000,PWM comb,mirror of PWM 150.00 kHz x 862,gva,True,-378.4,-347.5,-423.4,-392.5,pass,pass,"3.3 V GPIO, tr 2 to 5 ns, every 25th line of the comb shown","none needed (coherent 150 kHz comb, ADR-031 rule 3)",
B1,A5,146.0,163.0500,PWM comb,PWM 150.00 kHz x 1087,gva,False,-102.1,-65.5,-147.1,-110.5,pass,pass,"3.3 V GPIO, tr 2 to 5 ns, every 25th line of the comb shown","none needed (coherent 150 kHz comb, ADR-031 rule 3)",
B1,A5,146.0,164.2500,/8 prescaler,4 coincident lines at 164.250 MHz (amplitude sum),pre,False,-29.4,-1.6,-74.4,-46.6,not shown,not shown,"100 pF tap on CLK1, shared VCC: fc +/- fc/8 sidebands (Low)","C7: prescaler fed through 330 ohm in series (after the 100 pF), each 74LVC1G80 on its own bead-and-100 nF supply; C8: 470 ohm series resistor at the /8 output and the /8 trace 15 to 25 mm from the CLK1 net (L5); option C9 (/4 prescaler) moves both lines out of the window but needs a REQ-TX-013 CR",mirror of /8 output x 7 (7/8 fc) on the trace: -48.3 to -19.1 dBm | mirror of /8 kickback sideband (7/8 fc): -33.6 to -13.6 dBm | /8 output x 9 (9/8 fc) on the trace: -44.9 to -15.1 dBm | /8 kickback sideband (9/8 fc): -29.4 to -9.4 dBm
B1,A5,146.0,166.0000,RP2350 on-die products,mirror of 1 x 150 - 2 x 12 MHz,gva,True,-100.7,-37.9,-145.7,-82.9,pass,pass,"on-die current into the Pico 2 PDN (0.1 to 0.5 ohm), path pdn 40 to 70 dB","C1 puts every on-die product on the 12 MHz grid (120, 132, 144, 156, 168 MHz); level: L1 to L3",
B1,A5,146.0,166.4500,PWM comb,mirror of PWM 150.00 kHz x 837,gva,True,-101.6,-71.1,-146.6,-116.1,pass,pass,"3.3 V GPIO, tr 2 to 5 ns, every 25th line of the comb shown","none needed (coherent 150 kHz comb, ADR-031 rule 3)",
B1,A5,146.0,166.8000,PWM comb,PWM 150.00 kHz x 1112,gva,False,-365.1,-327.6,-410.1,-372.6,pass,pass,"3.3 V GPIO, tr 2 to 5 ns, every 25th line of the comb shown","none needed (coherent 150 kHz comb, ADR-031 rule 3)",
B1,A5,146.0,167.0000,Si5351 reference 25 MHz,2 coincident lines at 167.000 MHz (amplitude sum),pre,True,-43.8,-18.1,-88.8,-63.1,not shown,pass,no datasheet figure; below the -35 to -50 dBc output-to-output crosstalk reported for full-swing outputs (Low),"L4: TCXO output lead at most 10 mm and at least 8 mm from the CLK1 trace; cannot be moved (Si5351A reference 25 MHz, clock-plan rule 7); level: F1 Si5351 VDD filter; tinySA sweep","mirror of 25 MHz x 5, Si5351 on-die feedthrough to CLK1: -43.8 to -18.8 dBm | mirror of 25 MHz x 5, TCXO lead near CLK1: -74.4 to -40.3 dBm"
B1,A5,146.0,168.0000,RP2350 on-die products,2 coincident lines at 168.000 MHz (amplitude sum),gva,False,-91.0,-26.8,-136.0,-71.8,pass,pass,"on-die current into the Pico 2 PDN (0.1 to 0.5 ohm), path pdn 40 to 70 dB","C1 puts every on-die product on the 12 MHz grid (120, 132, 144, 156, 168 MHz); level: L1 to L3; cannot be moved (Pico 2 crystal); level: layout rules L1 to L3; tinySA sweep",XOSC 12 MHz x 14: -91.0 to -33.6 dBm | 2 x 150 - 11 x 12 MHz: -95.0 to -32.2 dBm
B1,A5,146.0,170.2000,PWM comb,mirror of PWM 150.00 kHz x 812,gva,True,-366.7,-336.6,-411.7,-381.6,pass,pass,"3.3 V GPIO, tr 2 to 5 ns, every 25th line of the comb shown","none needed (coherent 150 kHz comb, ADR-031 rule 3)",
B1,A5,146.0,170.5500,PWM comb,PWM 150.00 kHz x 1137,gva,False,-105.3,-66.7,-150.3,-111.7,pass,pass,"3.3 V GPIO, tr 2 to 5 ns, every 25th line of the comb shown","none needed (coherent 150 kHz comb, ADR-031 rule 3)",
B1,A5,146.0,171.0000,Si5351 PLL spurs,PFD reference spur fc + 25 MHz,pre,False,-51.0,-31.0,-96.0,-76.0,pass,pass,"VCO spur at the 25 MHz PFD offset, divided by 6 (-15.6 dB) (Low)",level only (on-die PLL); tinySA sweep,
B1,A5,146.0,172.0000,RP2350 on-die products,2 coincident lines at 172.000 MHz (amplitude sum),gva,True,-97.9,-33.8,-142.9,-78.8,pass,pass,"on-die current into the Pico 2 PDN (0.1 to 0.5 ohm), path pdn 40 to 70 dB","C1 puts every on-die product on the 12 MHz grid (120, 132, 144, 156, 168 MHz); level: L1 to L3; cannot be moved (Pico 2 crystal); level: layout rules L1 to L3; tinySA sweep",mirror of XOSC 12 MHz x 10: -97.9 to -40.5 dBm | mirror of 2 x 150 - 15 x 12 MHz: -101.9 to -39.2 dBm
B1,A5,146.0,173.9500,PWM comb,mirror of PWM 150.00 kHz x 787,gva,True,-102.5,-72.8,-147.5,-117.8,pass,pass,"3.3 V GPIO, tr 2 to 5 ns, every 25th line of the comb shown","none needed (coherent 150 kHz comb, ADR-031 rule 3)",
B1,A5,146.0,174.0000,RP2350 on-die products,1 x 150 + 2 x 12 MHz,gva,False,-96.6,-33.8,-141.6,-78.8,pass,pass,"on-die current into the Pico 2 PDN (0.1 to 0.5 ohm), path pdn 40 to 70 dB","C1 puts every on-die product on the 12 MHz grid (120, 132, 144, 156, 168 MHz); level: L1 to L3",
B1,A5,146.0,174.3000,PWM comb,PWM 150.00 kHz x 1162,gva,False,-387.2,-347.3,-432.2,-392.3,pass,pass,"3.3 V GPIO, tr 2 to 5 ns, every 25th line of the comb shown","none needed (coherent 150 kHz comb, ADR-031 rule 3)",
B1,A5,146.0,175.0000,Si5351 reference 25 MHz,2 coincident lines at 175.000 MHz (amplitude sum),pre,False,-42.6,-16.7,-87.6,-61.7,not shown,pass,no datasheet figure; below the -35 to -50 dBc output-to-output crosstalk reported for full-swing outputs (Low),"L4: TCXO output lead at most 10 mm and at least 8 mm from the CLK1 trace; cannot be moved (Si5351A reference 25 MHz, clock-plan rule 7); level: F1 Si5351 VDD filter; tinySA sweep","25 MHz x 7, Si5351 on-die feedthrough to CLK1: -42.6 to -17.6 dBm | 25 MHz x 7, TCXO lead near CLK1: -70.3 to -36.2 dBm"
B1,A5,147.95,118.0500,PWM comb,PWM 150.00 kHz x 787,gva,False,-93.9,-64.2,-138.9,-109.2,pass,pass,"3.3 V GPIO, tr 2 to 5 ns, every 25th line of the comb shown","none needed (coherent 150 kHz comb, ADR-031 rule 3)",
B1,A5,147.95,120.0000,RP2350 on-die products,2 coincident lines at 120.000 MHz (amplitude sum),gva,False,-90.0,-25.8,-135.0,-70.8,pass,pass,"on-die current into the Pico 2 PDN (0.1 to 0.5 ohm), path pdn 40 to 70 dB","C1 puts every on-die product on the 12 MHz grid (120, 132, 144, 156, 168 MHz); level: L1 to L3; cannot be moved (Pico 2 crystal); level: layout rules L1 to L3; tinySA sweep",XOSC 12 MHz x 10: -90.0 to -32.6 dBm | 2 x 150 - 15 x 12 MHz: -94.0 to -31.2 dBm
B1,A5,147.95,120.9000,Si5351 reference 25 MHz,2 coincident lines at 120.900 MHz (amplitude sum),pre,True,-45.6,-19.7,-90.6,-64.7,not shown,pass,no datasheet figure; below the -35 to -50 dBc output-to-output crosstalk reported for full-swing outputs (Low),"L4: TCXO output lead at most 10 mm and at least 8 mm from the CLK1 trace; cannot be moved (Si5351A reference 25 MHz, clock-plan rule 7); level: F1 Si5351 VDD filter; tinySA sweep","mirror of 25 MHz x 7, Si5351 on-die feedthrough to CLK1: -45.6 to -20.6 dBm | mirror of 25 MHz x 7, TCXO lead near CLK1: -73.3 to -39.2 dBm"
B1,A5,147.95,121.6000,PWM comb,mirror of PWM 150.00 kHz x 1162,gva,True,-390.4,-350.6,-435.4,-395.6,pass,pass,"3.3 V GPIO, tr 2 to 5 ns, every 25th line of the comb shown","none needed (coherent 150 kHz comb, ADR-031 rule 3)",
B1,A5,147.95,121.8000,PWM comb,PWM 150.00 kHz x 812,gva,False,-359.3,-329.2,-404.3,-374.2,pass,pass,"3.3 V GPIO, tr 2 to 5 ns, every 25th line of the comb shown","none needed (coherent 150 kHz comb, ADR-031 rule 3)",
B1,A5,147.95,121.9000,RP2350 on-die products,mirror of 1 x 150 + 2 x 12 MHz,gva,True,-100.0,-37.2,-145.0,-82.2,pass,pass,"on-die current into the Pico 2 PDN (0.1 to 0.5 ohm), path pdn 40 to 70 dB","C1 puts every on-die product on the 12 MHz grid (120, 132, 144, 156, 168 MHz); level: L1 to L3",
B1,A5,147.95,122.9500,Si5351 PLL spurs,PFD reference spur fc - 25 MHz,pre,False,-46.8,-26.8,-91.8,-71.8,pass,pass,"VCO spur at the 25 MHz PFD offset, divided by 6 (-15.6 dB) (Low)",level only (on-die PLL); tinySA sweep,
B1,A5,147.95,125.0000,Si5351 reference 25 MHz,2 coincident lines at 125.000 MHz (amplitude sum),pre,False,-36.9,-11.2,-81.9,-56.2,not shown,not shown,no datasheet figure; below the -35 to -50 dBc output-to-output crosstalk reported for full-swing outputs (Low),"L4: TCXO output lead at most 10 mm and at least 8 mm from the CLK1 trace; cannot be moved (Si5351A reference 25 MHz, clock-plan rule 7); level: F1 Si5351 VDD filter; tinySA sweep","25 MHz x 5, Si5351 on-die feedthrough to CLK1: -36.9 to -11.9 dBm | 25 MHz x 5, TCXO lead near CLK1: -67.5 to -33.4 dBm"
B1,A5,147.95,125.3500,PWM comb,mirror of PWM 150.00 kHz x 1137,gva,True,-109.8,-71.2,-154.8,-116.2,pass,pass,"3.3 V GPIO, tr 2 to 5 ns, every 25th line of the comb shown","none needed (coherent 150 kHz comb, ADR-031 rule 3)",
B1,A5,147.95,125.5500,PWM comb,PWM 150.00 kHz x 837,gva,False,-94.8,-64.3,-139.8,-109.3,pass,pass,"3.3 V GPIO, tr 2 to 5 ns, every 25th line of the comb shown","none needed (coherent 150 kHz comb, ADR-031 rule 3)",
B1,A5,147.95,126.0000,RP2350 on-die products,1 x 150 - 2 x 12 MHz,gva,False,-94.0,-31.2,-139.0,-76.2,pass,pass,"on-die current into the Pico 2 PDN (0.1 to 0.5 ohm), path pdn 40 to 70 dB","C1 puts every on-die product on the 12 MHz grid (120, 132, 144, 156, 168 MHz); level: L1 to L3",
B1,A5,147.95,127.9000,RP2350 on-die products,2 coincident lines at 127.900 MHz (amplitude sum),gva,True,-96.0,-31.8,-141.0,-76.8,pass,pass,"on-die current into the Pico 2 PDN (0.1 to 0.5 ohm), path pdn 40 to 70 dB","C1 puts every on-die product on the 12 MHz grid (120, 132, 144, 156, 168 MHz); level: L1 to L3; cannot be moved (Pico 2 crystal); level: layout rules L1 to L3; tinySA sweep",mirror of XOSC 12 MHz x 14: -96.0 to -38.6 dBm | mirror of 2 x 150 - 11 x 12 MHz: -100.0 to -37.2 dBm
B1,A5,147.95,129.1000,PWM comb,mirror of PWM 150.00 kHz x 1112,gva,True,-370.3,-332.8,-415.3,-377.8,pass,pass,"3.3 V GPIO, tr 2 to 5 ns, every 25th line of the comb shown","none needed (coherent 150 kHz comb, ADR-031 rule 3)",
B1,A5,147.95,129.3000,PWM comb,PWM 150.00 kHz x 862,gva,False,-372.0,-341.1,-417.0,-386.1,pass,pass,"3.3 V GPIO, tr 2 to 5 ns, every 25th line of the comb shown","none needed (coherent 150 kHz comb, ADR-031 rule 3)",
B1,A5,147.95,129.4562,/8 prescaler,4 coincident lines at 129.456 MHz (amplitude sum),pre,False,-27.0,-0.4,-72.0,-45.4,not shown,not shown,"100 pF tap on CLK1, shared VCC: fc +/- fc/8 sidebands (Low)","C7: prescaler fed through 330 ohm in series (after the 100 pF), each 74LVC1G80 on its own bead-and-100 nF supply; C8: 470 ohm series resistor at the /8 output and the /8 trace 15 to 25 mm from the CLK1 net (L5); option C9 (/4 prescaler) moves both lines out of the window but needs a REQ-TX-013 CR",/8 output x 7 (7/8 fc) on the trace: -41.7 to -12.5 dBm | /8 kickback sideband (7/8 fc): -27.0 to -7.0 dBm | mirror of /8 output x 9 (9/8 fc) on the trace: -50.5 to -20.6 dBm | mirror of /8 kickback sideband (9/8 fc): -35.0 to -15.0 dBm
B1,A5,147.95,131.9500,Si5351 PLL B / CLK2,2 coincident lines at 131.950 MHz (amplitude sum),pre,False,-37.1,-14.1,-82.1,-59.1,not shown,not shown,"residual after CLK2 power-down; -35 to -50 dBc when the output runs (pavelmc Si5351_issues, NT7S part 8) (Low)",C6: in transmit PLL B is parked on the PLL A multiplier and CLK2 and CLK0 are powered down and disabled (register 3),"CLK2 BFO product fc - 2 x 8 MHz (CLK2 powered down, PLL B running): -37.1 to -17.1 dBm | mirror of CLK2 BFO product fc + 2 x 8 MHz (CLK2 powered down, PLL B running): -44.8 to -24.8 dBm"
B1,A5,147.95,132.0000,RP2350 on-die products,2 coincident lines at 132.000 MHz (amplitude sum),gva,False,-90.0,-25.9,-135.0,-70.9,pass,pass,"on-die current into the Pico 2 PDN (0.1 to 0.5 ohm), path pdn 40 to 70 dB","C1 puts every on-die product on the 12 MHz grid (120, 132, 144, 156, 168 MHz); level: L1 to L3; cannot be moved (Pico 2 crystal); level: layout rules L1 to L3; tinySA sweep",XOSC 12 MHz x 11: -90.0 to -32.6 dBm | 2 x 150 - 14 x 12 MHz: -94.0 to -31.2 dBm
B1,A5,147.95,132.8500,PWM comb,mirror of PWM 150.00 kHz x 1087,gva,True,-107.6,-71.0,-152.6,-116.0,pass,pass,"3.3 V GPIO, tr 2 to 5 ns, every 25th line of the comb shown","none needed (coherent 150 kHz comb, ADR-031 rule 3)",
B1,A5,147.95,133.0500,PWM comb,PWM 150.00 kHz x 887,gva,False,-95.9,-64.5,-140.9,-109.5,pass,pass,"3.3 V GPIO, tr 2 to 5 ns, every 25th line of the comb shown","none needed (coherent 150 kHz comb, ADR-031 rule 3)",
B1,A5,147.95,133.3333,Si5351 PLL B / CLK2,VCO B 800 MHz / 6 through MS1,pre,False,-32.2,-12.2,-77.2,-57.2,not shown,not shown,VCO B leakage into MS1 (Low),C6 (as above): VCO B leakage through MS1 then falls on the carrier,
B1,A5,147.95,133.9000,RP2350 on-die products,mirror of 1 x 150 + 1 x 12 MHz,gva,True,-100.0,-37.3,-145.0,-82.3,pass,pass,"on-die current into the Pico 2 PDN (0.1 to 0.5 ohm), path pdn 40 to 70 dB","C1 puts every on-die product on the 12 MHz grid (120, 132, 144, 156, 168 MHz); level: L1 to L3",
B1,A5,147.95,136.6000,PWM comb,mirror of PWM 150.00 kHz x 1062,gva,True,-363.0,-327.2,-408.0,-372.2,pass,pass,"3.3 V GPIO, tr 2 to 5 ns, every 25th line of the comb shown","none needed (coherent 150 kHz comb, ADR-031 rule 3)",
B1,A5,147.95,136.8000,PWM comb,PWM 150.00 kHz x 912,gva,False,-353.5,-321.6,-398.5,-366.6,pass,pass,"3.3 V GPIO, tr 2 to 5 ns, every 25th line of the comb shown","none needed (coherent 150 kHz comb, ADR-031 rule 3)",
B1,A5,147.95,138.0000,RP2350 on-die products,1 x 150 - 1 x 12 MHz,gva,False,-94.0,-31.3,-139.0,-76.3,pass,pass,"on-die current into the Pico 2 PDN (0.1 to 0.5 ohm), path pdn 40 to 70 dB","C1 puts every on-die product on the 12 MHz grid (120, 132, 144, 156, 168 MHz); level: L1 to L3",
B1,A5,147.95,138.9500,VGG / supply sidebands,"RP2350 core regulator (3 MHz typ) ripple on the GVA-84+ bias, fc - 3 x 3 MHz",rel,False,-70.2,-39.7,-115.2,-84.7,pass,pass,ripple 1 to 10 mV at the GVA-84+ Vcc,F3: GVA-84+ supply through a ferrite bead and 22 uF (ripple at most 3 mV at 1 to 10 MHz); derived requirement to WP-PDR-22 and WP-PDR-24,
B1,A5,147.95,139.9000,RP2350 on-die products,2 coincident lines at 139.900 MHz (amplitude sum),gva,True,-96.1,-31.9,-141.1,-76.9,pass,pass,"on-die current into the Pico 2 PDN (0.1 to 0.5 ohm), path pdn 40 to 70 dB","C1 puts every on-die product on the 12 MHz grid (120, 132, 144, 156, 168 MHz); level: L1 to L3; cannot be moved (Pico 2 crystal); level: layout rules L1 to L3; tinySA sweep",mirror of XOSC 12 MHz x 13: -96.1 to -38.6 dBm | mirror of 2 x 150 - 12 x 12 MHz: -100.0 to -37.3 dBm
B1,A5,147.95,139.9500,Si5351 PLL B / CLK2,2 coincident lines at 139.950 MHz (amplitude sum),pre,False,-37.5,-14.3,-82.5,-59.3,not shown,not shown,"residual after CLK2 power-down; -35 to -50 dBc when the output runs (pavelmc Si5351_issues, NT7S part 8) (Low)",C6: in transmit PLL B is parked on the PLL A multiplier and CLK2 and CLK0 are powered down and disabled (register 3),"CLK2 BFO product fc - 1 x 8 MHz (CLK2 powered down, PLL B running): -37.5 to -17.5 dBm | mirror of CLK2 BFO product fc + 1 x 8 MHz (CLK2 powered down, PLL B running): -44.4 to -24.4 dBm"
B1,A5,147.95,140.3500,PWM comb,mirror of PWM 150.00 kHz x 1037,gva,True,-105.9,-71.0,-150.9,-116.0,pass,pass,"3.3 V GPIO, tr 2 to 5 ns, every 25th line of the comb shown","none needed (coherent 150 kHz comb, ADR-031 rule 3)",
B1,A5,147.95,140.5500,PWM comb,PWM 150.00 kHz x 937,gva,False,-97.1,-64.7,-142.1,-109.7,pass,pass,"3.3 V GPIO, tr 2 to 5 ns, every 25th line of the comb shown","none needed (coherent 150 kHz comb, ADR-031 rule 3)",
B1,A5,147.95,141.9500,VGG / supply sidebands,2 coincident lines at 141.950 MHz (amplitude sum),rel,False,-64.2,-30.2,-109.2,-75.2,pass,pass,ripple 1 to 10 mV at the GVA-84+ Vcc,F3: GVA-84+ supply through a ferrite bead and 22 uF (ripple at most 3 mV at 1 to 10 MHz); derived requirement to WP-PDR-22 and WP-PDR-24,"RT6150 (Pico 2, about 2 MHz, Low) ripple on the GVA-84+ bias, fc - 3 x 2 MHz: -70.2 to -39.7 dBm | RP2350 core regulator (3 MHz typ) ripple on the GVA-84+ bias, fc - 2 x 3 MHz: -64.2 to -33.7 dBm"
B1,A5,147.95,143.9500,VGG / supply sidebands,"RT6150 (Pico 2, about 2 MHz, Low) ripple on the GVA-84+ bias, fc - 2 x 2 MHz",rel,False,-64.2,-33.8,-109.2,-78.8,pass,pass,ripple 1 to 10 mV at the GVA-84+ Vcc,F3: GVA-84+ supply through a ferrite bead and 22 uF (ripple at most 3 mV at 1 to 10 MHz); derived requirement to WP-PDR-22 and WP-PDR-24,
B1,A5,147.95,144.0000,RP2350 on-die products,4 coincident lines at 144.000 MHz (amplitude sum),gva,False,-90.1,-22.7,-135.1,-67.7,not shown,pass,"on-die current into the Pico 2 PDN (0.1 to 0.5 ohm), path pdn 40 to 70 dB","C1 puts every on-die product on the 12 MHz grid (120, 132, 144, 156, 168 MHz); level: L1 to L3; C2: clk_adc from PLL_SYS / 2 (AUXSRC CLKSRC_PLL_SYS, DIV 2) enabled only for conversion bursts (ENABLE bit); C3: PLL_USB powered down (PWR.PD, VCOPD) outside USB; cannot be moved (Pico 2 crystal); level: layout rules L1 to L3; tinySA sweep",XOSC 12 MHz x 12: -90.1 to -32.7 dBm | 2 x 150 - 13 x 12 MHz: -94.1 to -31.4 dBm | clk_adc 48 MHz x 3 (continuous): -100.6 to -42.2 dBm | PLL_USB 48 MHz x 3 (running): -96.1 to -36.2 dBm
B1,A5,147.95,144.1000,PWM comb,mirror of PWM 150.00 kHz x 1012,gva,True,-399.2,-365.0,-444.2,-410.0,pass,pass,"3.3 V GPIO, tr 2 to 5 ns, every 25th line of the comb shown","none needed (coherent 150 kHz comb, ADR-031 rule 3)",
B1,A5,147.95,144.3000,PWM comb,PWM 150.00 kHz x 962,gva,False,-360.9,-327.9,-405.9,-372.9,pass,pass,"3.3 V GPIO, tr 2 to 5 ns, every 25th line of the comb shown","none needed (coherent 150 kHz comb, ADR-031 rule 3)",
B1,A5,147.95,144.9500,VGG / supply sidebands,"RP2350 core regulator (3 MHz typ) ripple on the GVA-84+ bias, fc - 1 x 3 MHz",rel,False,-58.2,-27.8,-103.2,-72.8,pass,pass,ripple 1 to 10 mV at the GVA-84+ Vcc,F3: GVA-84+ supply through a ferrite bead and 22 uF (ripple at most 3 mV at 1 to 10 MHz); derived requirement to WP-PDR-22 and WP-PDR-24,
B1,A5,147.95,145.9000,RP2350 clk_sys,4 coincident lines at 145.900 MHz (amplitude sum),gva,True,-44.1,-11.1,-89.1,-56.1,not shown,not shown,"on-die current into the Pico 2 PDN (0.1 to 0.5 ohm), path pdn 40 to 70 dB","C1: clk_sys = clk_peri = 96 MHz in every state (PLL_SYS FBDIV 120, POSTDIV1 5, POSTDIV2 3); fundamental below 118 MHz, 2nd harmonic 192 MHz; C4: QSPI CLKDIV 2 (48 MHz, lines only on 144.000 MHz) and the transmit-path code and data in SRAM so the flash is idle during key-down; L4: TCXO output lead at most 10 mm and at least 8 mm from the CLK1 trace; cannot be moved (Si5351A reference 25 MHz, clock-plan rule 7); level: F1 Si5351 VDD filter; tinySA sweep","mirror of clk_sys 150 MHz x 1: -70.1 to -17.4 dBm | mirror of QSPI SCK 37.5 MHz x 4: -369.9 to -34.0 dBm | mirror of 25 MHz x 6, Si5351 on-die feedthrough to CLK1: -44.1 to -19.1 dBm | mirror of 25 MHz x 6, TCXO lead near CLK1: -73.1 to -39.0 dBm"
B1,A5,147.95,145.9500,Si5351 PLL spurs,2 coincident lines at 145.950 MHz (amplitude sum),pre,False,-42.9,-19.0,-87.9,-64.0,not shown,pass,"PA3FWM tn42b: about -80 dBc in theory, measured worse (Low); offset depends on the fraction","C5: PLL A multiplier rule, fractional part not within 0.002 of an integer (firmware table check); tinySA sweep at the worst channel; F3: GVA-84+ supply through a ferrite bead and 22 uF (ripple at most 3 mV at 1 to 10 MHz); derived requirement to WP-PDR-22 and WP-PDR-24","fractional / integer-boundary spur fc -2 MHz (representative): -42.9 to -22.9 dBm | RT6150 (Pico 2, about 2 MHz, Low) ripple on the GVA-84+ bias, fc - 1 x 2 MHz: -58.2 to -27.8 dBm"
B1,A5,147.95,147.4500,Si5351 PLL spurs,fractional / integer-boundary spur fc -0.5 MHz (representative),pre,False,-43.0,-23.0,-88.0,-68.0,not shown,pass,"PA3FWM tn42b: about -80 dBc in theory, measured worse (Low); offset depends on the fraction","C5: PLL A multiplier rule, fractional part not within 0.002 of an integer (firmware table check); tinySA sweep at the worst channel",
B1,A5,147.95,147.6500,VGG / supply sidebands,"envelope-reference PWM ripple, fc - 2 x 150 kHz",rel,False,-60.1,-41.0,-105.1,-86.0,pass,pass,"AM index m = 0.6/V x ripple; ripple 0.23 to 0.84 mV (2-pole RC, 1 to 3 kHz)",none needed; derived requirement to WP-PDR-22: PWM ripple at VGG at most 3.3 mV peak,
B1,A5,147.95,147.8000,VGG / supply sidebands,"envelope-reference PWM ripple, fc - 1 x 150 kHz",rel,False,-54.1,-35.0,-99.1,-80.0,pass,pass,"AM index m = 0.6/V x ripple; ripple 0.23 to 0.84 mV (2-pole RC, 1 to 3 kHz)",none needed; derived requirement to WP-PDR-22: PWM ripple at VGG at most 3.3 mV peak,
B1,A5,147.95,147.8500,PWM comb,mirror of PWM 150.00 kHz x 987,gva,True,-104.5,-70.9,-149.5,-115.9,pass,pass,"3.3 V GPIO, tr 2 to 5 ns, every 25th line of the comb shown","none needed (coherent 150 kHz comb, ADR-031 rule 3)",
B1,A5,147.95,148.0500,PWM comb,PWM 150.00 kHz x 987,gva,False,-98.5,-64.9,-143.5,-109.9,pass,pass,"3.3 V GPIO, tr 2 to 5 ns, every 25th line of the comb shown","none needed (coherent 150 kHz comb, ADR-031 rule 3)",
B1,A5,147.95,148.1000,VGG / supply sidebands,"envelope-reference PWM ripple, fc + 1 x 150 kHz",rel,False,-54.1,-35.0,-99.1,-80.0,pass,pass,"AM index m = 0.6/V x ripple; ripple 0.23 to 0.84 mV (2-pole RC, 1 to 3 kHz)",none needed; derived requirement to WP-PDR-22: PWM ripple at VGG at most 3.3 mV peak,
B1,A5,147.95,148.2500,VGG / supply sidebands,"envelope-reference PWM ripple, fc + 2 x 150 kHz",rel,False,-60.1,-41.0,-105.1,-86.0,pass,pass,"AM index m = 0.6/V x ripple; ripple 0.23 to 0.84 mV (2-pole RC, 1 to 3 kHz)",none needed; derived requirement to WP-PDR-22: PWM ripple at VGG at most 3.3 mV peak,
B1,A5,147.95,148.4500,Si5351 PLL spurs,fractional / integer-boundary spur fc +0.5 MHz (representative),pre,False,-43.0,-23.0,-88.0,-68.0,pass,pass,"PA3FWM tn42b: about -80 dBc in theory, measured worse (Low); offset depends on the fraction","C5: PLL A multiplier rule, fractional part not within 0.002 of an integer (firmware table check); tinySA sweep at the worst channel",
B1,A5,147.95,149.9500,Si5351 PLL spurs,2 coincident lines at 149.950 MHz (amplitude sum),pre,False,-43.1,-19.1,-88.1,-64.1,not shown,pass,"PA3FWM tn42b: about -80 dBc in theory, measured worse (Low); offset depends on the fraction","C5: PLL A multiplier rule, fractional part not within 0.002 of an integer (firmware table check); tinySA sweep at the worst channel; F3: GVA-84+ supply through a ferrite bead and 22 uF (ripple at most 3 mV at 1 to 10 MHz); derived requirement to WP-PDR-22 and WP-PDR-24","fractional / integer-boundary spur fc +2 MHz (representative): -43.1 to -23.1 dBm | RT6150 (Pico 2, about 2 MHz, Low) ripple on the GVA-84+ bias, fc + 1 x 2 MHz: -58.3 to -27.8 dBm"
B1,A5,147.95,150.0000,RP2350 clk_sys,4 coincident lines at 150.000 MHz (amplitude sum),gva,False,-38.1,-5.2,-83.1,-50.2,not shown,not shown,"on-die current into the Pico 2 PDN (0.1 to 0.5 ohm), path pdn 40 to 70 dB","C1: clk_sys = clk_peri = 96 MHz in every state (PLL_SYS FBDIV 120, POSTDIV1 5, POSTDIV2 3); fundamental below 118 MHz, 2nd harmonic 192 MHz; C4: QSPI CLKDIV 2 (48 MHz, lines only on 144.000 MHz) and the transmit-path code and data in SRAM so the flash is idle during key-down; L4: TCXO output lead at most 10 mm and at least 8 mm from the CLK1 trace; cannot be moved (Si5351A reference 25 MHz, clock-plan rule 7); level: F1 Si5351 VDD filter; tinySA sweep","clk_sys 150 MHz x 1: -64.2 to -11.4 dBm | QSPI SCK 37.5 MHz x 4: -364.0 to -28.1 dBm | 25 MHz x 6, Si5351 on-die feedthrough to CLK1: -38.1 to -13.1 dBm | 25 MHz x 6, TCXO lead near CLK1: -67.1 to -33.0 dBm"
B1,A5,147.95,150.9500,VGG / supply sidebands,"RP2350 core regulator (3 MHz typ) ripple on the GVA-84+ bias, fc + 1 x 3 MHz",rel,False,-58.3,-27.8,-103.3,-72.8,pass,pass,ripple 1 to 10 mV at the GVA-84+ Vcc,F3: GVA-84+ supply through a ferrite bead and 22 uF (ripple at most 3 mV at 1 to 10 MHz); derived requirement to WP-PDR-22 and WP-PDR-24,
B1,A5,147.95,151.6000,PWM comb,mirror of PWM 150.00 kHz x 962,gva,True,-367.0,-334.0,-412.0,-379.0,pass,pass,"3.3 V GPIO, tr 2 to 5 ns, every 25th line of the comb shown","none needed (coherent 150 kHz comb, ADR-031 rule 3)",
B1,A5,147.95,151.8000,PWM comb,PWM 150.00 kHz x 1012,gva,False,-393.3,-359.1,-438.3,-404.1,pass,pass,"3.3 V GPIO, tr 2 to 5 ns, every 25th line of the comb shown","none needed (coherent 150 kHz comb, ADR-031 rule 3)",
B1,A5,147.95,151.9000,RP2350 on-die products,4 coincident lines at 151.900 MHz (amplitude sum),gva,True,-96.2,-28.7,-141.2,-73.7,pass,pass,"on-die current into the Pico 2 PDN (0.1 to 0.5 ohm), path pdn 40 to 70 dB","C1 puts every on-die product on the 12 MHz grid (120, 132, 144, 156, 168 MHz); level: L1 to L3; C2: clk_adc from PLL_SYS / 2 (AUXSRC CLKSRC_PLL_SYS, DIV 2) enabled only for conversion bursts (ENABLE bit); C3: PLL_USB powered down (PWR.PD, VCOPD) outside USB; cannot be moved (Pico 2 crystal); level: layout rules L1 to L3; tinySA sweep",mirror of XOSC 12 MHz x 12: -96.2 to -38.8 dBm | mirror of 2 x 150 - 13 x 12 MHz: -100.2 to -37.4 dBm | mirror of clk_adc 48 MHz x 3 (continuous): -106.6 to -48.3 dBm | mirror of PLL_USB 48 MHz x 3 (running): -102.2 to -42.3 dBm
B1,A5,147.95,151.9500,VGG / supply sidebands,"RT6150 (Pico 2, about 2 MHz, Low) ripple on the GVA-84+ bias, fc + 2 x 2 MHz",rel,False,-64.3,-33.8,-109.3,-78.8,pass,pass,ripple 1 to 10 mV at the GVA-84+ Vcc,F3: GVA-84+ supply through a ferrite bead and 22 uF (ripple at most 3 mV at 1 to 10 MHz); derived requirement to WP-PDR-22 and WP-PDR-24,
B1,A5,147.95,153.9500,VGG / supply sidebands,2 coincident lines at 153.950 MHz (amplitude sum),rel,False,-64.3,-30.3,-109.3,-75.3,pass,pass,ripple 1 to 10 mV at the GVA-84+ Vcc,F3: GVA-84+ supply through a ferrite bead and 22 uF (ripple at most 3 mV at 1 to 10 MHz); derived requirement to WP-PDR-22 and WP-PDR-24,"RT6150 (Pico 2, about 2 MHz, Low) ripple on the GVA-84+ bias, fc + 3 x 2 MHz: -70.3 to -39.8 dBm | RP2350 core regulator (3 MHz typ) ripple on the GVA-84+ bias, fc + 2 x 3 MHz: -64.3 to -33.8 dBm"
B1,A5,147.95,155.3500,PWM comb,mirror of PWM 150.00 kHz x 937,gva,True,-103.2,-70.8,-148.2,-115.8,pass,pass,"3.3 V GPIO, tr 2 to 5 ns, every 25th line of the comb shown","none needed (coherent 150 kHz comb, ADR-031 rule 3)",
B1,A5,147.95,155.5500,PWM comb,PWM 150.00 kHz x 1037,gva,False,-100.0,-65.1,-145.0,-110.1,pass,pass,"3.3 V GPIO, tr 2 to 5 ns, every 25th line of the comb shown","none needed (coherent 150 kHz comb, ADR-031 rule 3)",
B1,A5,147.95,155.9500,Si5351 PLL B / CLK2,2 coincident lines at 155.950 MHz (amplitude sum),pre,False,-38.5,-14.7,-83.5,-59.7,not shown,not shown,"residual after CLK2 power-down; -35 to -50 dBc when the output runs (pavelmc Si5351_issues, NT7S part 8) (Low)",C6: in transmit PLL B is parked on the PLL A multiplier and CLK2 and CLK0 are powered down and disabled (register 3),"mirror of CLK2 BFO product fc - 1 x 8 MHz (CLK2 powered down, PLL B running): -43.7 to -23.7 dBm | CLK2 BFO product fc + 1 x 8 MHz (CLK2 powered down, PLL B running): -38.5 to -18.5 dBm"
B1,A5,147.95,156.0000,RP2350 on-die products,2 coincident lines at 156.000 MHz (amplitude sum),gva,False,-90.2,-26.1,-135.2,-71.1,pass,pass,"on-die current into the Pico 2 PDN (0.1 to 0.5 ohm), path pdn 40 to 70 dB","C1 puts every on-die product on the 12 MHz grid (120, 132, 144, 156, 168 MHz); level: L1 to L3; cannot be moved (Pico 2 crystal); level: layout rules L1 to L3; tinySA sweep",XOSC 12 MHz x 13: -90.2 to -32.8 dBm | 2 x 150 - 12 x 12 MHz: -94.2 to -31.4 dBm
B1,A5,147.95,156.9500,VGG / supply sidebands,"RP2350 core regulator (3 MHz typ) ripple on the GVA-84+ bias, fc + 3 x 3 MHz",rel,False,-70.3,-39.9,-115.3,-84.9,pass,pass,ripple 1 to 10 mV at the GVA-84+ Vcc,F3: GVA-84+ supply through a ferrite bead and 22 uF (ripple at most 3 mV at 1 to 10 MHz); derived requirement to WP-PDR-22 and WP-PDR-24,
B1,A5,147.95,157.9000,RP2350 on-die products,mirror of 1 x 150 - 1 x 12 MHz,gva,True,-100.2,-37.5,-145.2,-82.5,pass,pass,"on-die current into the Pico 2 PDN (0.1 to 0.5 ohm), path pdn 40 to 70 dB","C1 puts every on-die product on the 12 MHz grid (120, 132, 144, 156, 168 MHz); level: L1 to L3",
B1,A5,147.95,159.1000,PWM comb,mirror of PWM 150.00 kHz x 912,gva,True,-359.6,-327.8,-404.6,-372.8,pass,pass,"3.3 V GPIO, tr 2 to 5 ns, every 25th line of the comb shown","none needed (coherent 150 kHz comb, ADR-031 rule 3)",
B1,A5,147.95,159.3000,PWM comb,PWM 150.00 kHz x 1062,gva,False,-357.2,-321.4,-402.2,-366.4,pass,pass,"3.3 V GPIO, tr 2 to 5 ns, every 25th line of the comb shown","none needed (coherent 150 kHz comb, ADR-031 rule 3)",
B1,A5,147.95,162.0000,RP2350 on-die products,1 x 150 + 1 x 12 MHz,gva,False,-94.3,-31.5,-139.3,-76.5,pass,pass,"on-die current into the Pico 2 PDN (0.1 to 0.5 ohm), path pdn 40 to 70 dB","C1 puts every on-die product on the 12 MHz grid (120, 132, 144, 156, 168 MHz); level: L1 to L3",
B1,A5,147.95,162.5667,Si5351 PLL B / CLK2,mirror of VCO B 800 MHz / 6 through MS1,pre,True,-38.5,-18.5,-83.5,-63.5,not shown,pass,VCO B leakage into MS1 (Low),C6 (as above): VCO B leakage through MS1 then falls on the carrier,
B1,A5,147.95,162.8500,PWM comb,mirror of PWM 150.00 kHz x 887,gva,True,-102.2,-70.8,-147.2,-115.8,pass,pass,"3.3 V GPIO, tr 2 to 5 ns, every 25th line of the comb shown","none needed (coherent 150 kHz comb, ADR-031 rule 3)",
B1,A5,147.95,163.0500,PWM comb,PWM 150.00 kHz x 1087,gva,False,-102.0,-65.4,-147.0,-110.4,pass,pass,"3.3 V GPIO, tr 2 to 5 ns, every 25th line of the comb shown","none needed (coherent 150 kHz comb, ADR-031 rule 3)",
B1,A5,147.95,163.9000,RP2350 on-die products,2 coincident lines at 163.900 MHz (amplitude sum),gva,True,-96.4,-32.3,-141.4,-77.3,pass,pass,"on-die current into the Pico 2 PDN (0.1 to 0.5 ohm), path pdn 40 to 70 dB","C1 puts every on-die product on the 12 MHz grid (120, 132, 144, 156, 168 MHz); level: L1 to L3; cannot be moved (Pico 2 crystal); level: layout rules L1 to L3; tinySA sweep",mirror of XOSC 12 MHz x 11: -96.4 to -39.0 dBm | mirror of 2 x 150 - 14 x 12 MHz: -100.4 to -37.6 dBm
B1,A5,147.95,163.9500,Si5351 PLL B / CLK2,2 coincident lines at 163.950 MHz (amplitude sum),pre,False,-39.2,-15.1,-84.2,-60.1,not shown,not shown,"residual after CLK2 power-down; -35 to -50 dBc when the output runs (pavelmc Si5351_issues, NT7S part 8) (Low)",C6: in transmit PLL B is parked on the PLL A multiplier and CLK2 and CLK0 are powered down and disabled (register 3),"mirror of CLK2 BFO product fc - 2 x 8 MHz (CLK2 powered down, PLL B running): -43.6 to -23.6 dBm | CLK2 BFO product fc + 2 x 8 MHz (CLK2 powered down, PLL B running): -39.2 to -19.2 dBm"
B1,A5,147.95,166.4437,/8 prescaler,4 coincident lines at 166.444 MHz (amplitude sum),pre,False,-29.6,-1.7,-74.6,-46.7,not shown,not shown,"100 pF tap on CLK1, shared VCC: fc +/- fc/8 sidebands (Low)","C7: prescaler fed through 330 ohm in series (after the 100 pF), each 74LVC1G80 on its own bead-and-100 nF supply; C8: 470 ohm series resistor at the /8 output and the /8 trace 15 to 25 mm from the CLK1 net (L5); option C9 (/4 prescaler) moves both lines out of the window but needs a REQ-TX-013 CR",mirror of /8 output x 7 (7/8 fc) on the trace: -48.4 to -19.2 dBm | mirror of /8 kickback sideband (7/8 fc): -33.7 to -13.7 dBm | /8 output x 9 (9/8 fc) on the trace: -45.1 to -15.3 dBm | /8 kickback sideband (9/8 fc): -29.6 to -9.6 dBm
B1,A5,147.95,166.6000,PWM comb,mirror of PWM 150.00 kHz x 862,gva,True,-378.6,-347.7,-423.6,-392.7,pass,pass,"3.3 V GPIO, tr 2 to 5 ns, every 25th line of the comb shown","none needed (coherent 150 kHz comb, ADR-031 rule 3)",
B1,A5,147.95,166.8000,PWM comb,PWM 150.00 kHz x 1112,gva,False,-365.0,-327.5,-410.0,-372.5,pass,pass,"3.3 V GPIO, tr 2 to 5 ns, every 25th line of the comb shown","none needed (coherent 150 kHz comb, ADR-031 rule 3)",
B1,A5,147.95,168.0000,RP2350 on-die products,2 coincident lines at 168.000 MHz (amplitude sum),gva,False,-90.9,-26.7,-135.9,-71.7,pass,pass,"on-die current into the Pico 2 PDN (0.1 to 0.5 ohm), path pdn 40 to 70 dB","C1 puts every on-die product on the 12 MHz grid (120, 132, 144, 156, 168 MHz); level: L1 to L3; cannot be moved (Pico 2 crystal); level: layout rules L1 to L3; tinySA sweep",XOSC 12 MHz x 14: -90.9 to -33.4 dBm | 2 x 150 - 11 x 12 MHz: -94.8 to -32.1 dBm
B1,A5,147.95,169.9000,RP2350 on-die products,mirror of 1 x 150 - 2 x 12 MHz,gva,True,-101.2,-38.5,-146.2,-83.5,pass,pass,"on-die current into the Pico 2 PDN (0.1 to 0.5 ohm), path pdn 40 to 70 dB","C1 puts every on-die product on the 12 MHz grid (120, 132, 144, 156, 168 MHz); level: L1 to L3",
B1,A5,147.95,170.3500,PWM comb,mirror of PWM 150.00 kHz x 837,gva,True,-102.2,-71.7,-147.2,-116.7,pass,pass,"3.3 V GPIO, tr 2 to 5 ns, every 25th line of the comb shown","none needed (coherent 150 kHz comb, ADR-031 rule 3)",
B1,A5,147.95,170.5500,PWM comb,PWM 150.00 kHz x 1137,gva,False,-105.2,-66.6,-150.2,-111.6,pass,pass,"3.3 V GPIO, tr 2 to 5 ns, every 25th line of the comb shown","none needed (coherent 150 kHz comb, ADR-031 rule 3)",
B1,A5,147.95,170.9000,Si5351 reference 25 MHz,2 coincident lines at 170.900 MHz (amplitude sum),pre,True,-44.4,-18.7,-89.4,-63.7,not shown,pass,no datasheet figure; below the -35 to -50 dBc output-to-output crosstalk reported for full-swing outputs (Low),"L4: TCXO output lead at most 10 mm and at least 8 mm from the CLK1 trace; cannot be moved (Si5351A reference 25 MHz, clock-plan rule 7); level: F1 Si5351 VDD filter; tinySA sweep","mirror of 25 MHz x 5, Si5351 on-die feedthrough to CLK1: -44.4 to -19.4 dBm | mirror of 25 MHz x 5, TCXO lead near CLK1: -75.0 to -40.9 dBm"
B1,A5,147.95,172.9500,Si5351 PLL spurs,PFD reference spur fc + 25 MHz,pre,False,-51.6,-31.6,-96.6,-76.6,pass,pass,"VCO spur at the 25 MHz PFD offset, divided by 6 (-15.6 dB) (Low)",level only (on-die PLL); tinySA sweep,
B1,A5,147.95,174.0000,RP2350 on-die products,1 x 150 + 2 x 12 MHz,gva,False,-96.5,-33.7,-141.5,-78.7,pass,pass,"on-die current into the Pico 2 PDN (0.1 to 0.5 ohm), path pdn 40 to 70 dB","C1 puts every on-die product on the 12 MHz grid (120, 132, 144, 156, 168 MHz); level: L1 to L3",
B1,A5,147.95,174.1000,PWM comb,mirror of PWM 150.00 kHz x 812,gva,True,-367.8,-337.7,-412.8,-382.7,pass,pass,"3.3 V GPIO, tr 2 to 5 ns, every 25th line of the comb shown","none needed (coherent 150 kHz comb, ADR-031 rule 3)",
B1,A5,147.95,174.3000,PWM comb,PWM 150.00 kHz x 1162,gva,False,-387.1,-347.2,-432.1,-392.2,pass,pass,"3.3 V GPIO, tr 2 to 5 ns, every 25th line of the comb shown","none needed (coherent 150 kHz comb, ADR-031 rule 3)",
B1,A5,147.95,175.0000,Si5351 reference 25 MHz,2 coincident lines at 175.000 MHz (amplitude sum),pre,False,-42.5,-16.6,-87.5,-61.6,not shown,pass,no datasheet figure; below the -35 to -50 dBc output-to-output crosstalk reported for full-swing outputs (Low),"L4: TCXO output lead at most 10 mm and at least 8 mm from the CLK1 trace; cannot be moved (Si5351A reference 25 MHz, clock-plan rule 7); level: F1 Si5351 VDD filter; tinySA sweep","25 MHz x 7, Si5351 on-die feedthrough to CLK1: -42.5 to -17.5 dBm | 25 MHz x 7, TCXO lead near CLK1: -70.2 to -36.1 dBm"
B1,A4,144.05,118.0500,PWM comb,PWM 150.00 kHz x 787,gva,False,-98.8,-70.0,-143.8,-115.0,pass,pass,"3.3 V GPIO, tr 2 to 5 ns, every 25th line of the comb shown","none needed (coherent 150 kHz comb, ADR-031 rule 3)",
B1,A4,144.05,119.0500,Si5351 PLL spurs,PFD reference spur fc - 25 MHz,pre,False,-47.0,-27.0,-92.0,-72.0,pass,pass,"VCO spur at the 25 MHz PFD offset, divided by 6 (-15.6 dB) (Low)",level only (on-die PLL); tinySA sweep,
B1,A4,144.05,120.0000,RP2350 on-die products,2 coincident lines at 120.000 MHz (amplitude sum),gva,False,-94.8,-31.6,-139.8,-76.6,pass,pass,"on-die current into the Pico 2 PDN (0.1 to 0.5 ohm), path pdn 40 to 70 dB","C1 puts every on-die product on the 12 MHz grid (120, 132, 144, 156, 168 MHz); level: L1 to L3; cannot be moved (Pico 2 crystal); level: layout rules L1 to L3; tinySA sweep",XOSC 12 MHz x 10: -94.8 to -38.3 dBm | 2 x 150 - 15 x 12 MHz: -98.8 to -37.0 dBm
B1,A4,144.05,120.1000,RP2350 on-die products,2 coincident lines at 120.100 MHz (amplitude sum),gva,True,-100.8,-37.6,-145.8,-82.6,pass,pass,"on-die current into the Pico 2 PDN (0.1 to 0.5 ohm), path pdn 40 to 70 dB","C1 puts every on-die product on the 12 MHz grid (120, 132, 144, 156, 168 MHz); level: L1 to L3; cannot be moved (Pico 2 crystal); level: layout rules L1 to L3; tinySA sweep",mirror of XOSC 12 MHz x 14: -100.8 to -44.3 dBm | mirror of 2 x 150 - 11 x 12 MHz: -104.8 to -43.0 dBm
B1,A4,144.05,121.3000,PWM comb,mirror of PWM 150.00 kHz x 1112,gva,True,-375.2,-338.5,-420.2,-383.5,pass,pass,"3.3 V GPIO, tr 2 to 5 ns, every 25th line of the comb shown","none needed (coherent 150 kHz comb, ADR-031 rule 3)",
B1,A4,144.05,121.8000,PWM comb,PWM 150.00 kHz x 812,gva,False,-364.1,-335.0,-409.1,-380.0,pass,pass,"3.3 V GPIO, tr 2 to 5 ns, every 25th line of the comb shown","none needed (coherent 150 kHz comb, ADR-031 rule 3)",
B1,A4,144.05,125.0000,Si5351 reference 25 MHz,2 coincident lines at 125.000 MHz (amplitude sum),pre,False,-37.1,-12.0,-82.1,-57.0,not shown,not shown,no datasheet figure; below the -35 to -50 dBc output-to-output crosstalk reported for full-swing outputs (Low),"L4: TCXO output lead at most 10 mm and at least 8 mm from the CLK1 trace; cannot be moved (Si5351A reference 25 MHz, clock-plan rule 7); level: F1 Si5351 VDD filter; tinySA sweep","25 MHz x 5, Si5351 on-die feedthrough to CLK1: -37.1 to -12.1 dBm | 25 MHz x 5, crystal node near CLK1: -80.8 to -46.7 dBm"
B1,A4,144.05,125.0500,PWM comb,mirror of PWM 150.00 kHz x 1087,gva,True,-112.4,-76.8,-157.4,-121.8,pass,pass,"3.3 V GPIO, tr 2 to 5 ns, every 25th line of the comb shown","none needed (coherent 150 kHz comb, ADR-031 rule 3)",
B1,A4,144.05,125.5500,PWM comb,PWM 150.00 kHz x 837,gva,False,-99.7,-70.1,-144.7,-115.1,pass,pass,"3.3 V GPIO, tr 2 to 5 ns, every 25th line of the comb shown","none needed (coherent 150 kHz comb, ADR-031 rule 3)",
B1,A4,144.05,126.0000,RP2350 on-die products,1 x 150 - 2 x 12 MHz,gva,False,-98.8,-37.0,-143.8,-82.0,pass,pass,"on-die current into the Pico 2 PDN (0.1 to 0.5 ohm), path pdn 40 to 70 dB","C1 puts every on-die product on the 12 MHz grid (120, 132, 144, 156, 168 MHz); level: L1 to L3",
B1,A4,144.05,126.0438,/8 prescaler,4 coincident lines at 126.044 MHz (amplitude sum),pre,False,-27.2,-0.6,-72.2,-45.6,not shown,not shown,"100 pF tap on CLK1, shared VCC: fc +/- fc/8 sidebands (Low)","C7: prescaler fed through 330 ohm in series (after the 100 pF), each 74LVC1G80 on its own bead-and-100 nF supply; C8: 470 ohm series resistor at the /8 output and the /8 trace 15 to 25 mm from the CLK1 net (L5); option C9 (/4 prescaler) moves both lines out of the window but needs a REQ-TX-013 CR",/8 output x 7 (7/8 fc) on the trace: -42.0 to -12.8 dBm | /8 kickback sideband (7/8 fc): -27.2 to -7.2 dBm | mirror of /8 output x 9 (9/8 fc) on the trace: -50.5 to -20.7 dBm | mirror of /8 kickback sideband (9/8 fc): -34.9 to -14.9 dBm
B1,A4,144.05,126.1000,RP2350 on-die products,mirror of 1 x 150 + 1 x 12 MHz,gva,True,-104.8,-43.0,-149.8,-88.0,pass,pass,"on-die current into the Pico 2 PDN (0.1 to 0.5 ohm), path pdn 40 to 70 dB","C1 puts every on-die product on the 12 MHz grid (120, 132, 144, 156, 168 MHz); level: L1 to L3",
B1,A4,144.05,128.0500,Si5351 PLL B / CLK2,2 coincident lines at 128.050 MHz (amplitude sum),pre,False,-37.2,-14.2,-82.2,-59.2,not shown,not shown,"residual after CLK2 power-down; -35 to -50 dBc when the output runs (pavelmc Si5351_issues, NT7S part 8) (Low)",C6: in transmit PLL B is parked on the PLL A multiplier and CLK2 and CLK0 are powered down and disabled (register 3),"CLK2 BFO product fc - 2 x 8 MHz (CLK2 powered down, PLL B running): -37.2 to -17.2 dBm | mirror of CLK2 BFO product fc + 2 x 8 MHz (CLK2 powered down, PLL B running): -44.8 to -24.8 dBm"
B1,A4,144.05,128.8000,PWM comb,mirror of PWM 150.00 kHz x 1062,gva,True,-367.8,-333.0,-412.8,-378.0,pass,pass,"3.3 V GPIO, tr 2 to 5 ns, every 25th line of the comb shown","none needed (coherent 150 kHz comb, ADR-031 rule 3)",
B1,A4,144.05,129.3000,PWM comb,PWM 150.00 kHz x 862,gva,False,-376.8,-346.8,-421.8,-391.8,pass,pass,"3.3 V GPIO, tr 2 to 5 ns, every 25th line of the comb shown","none needed (coherent 150 kHz comb, ADR-031 rule 3)",
B1,A4,144.05,132.0000,RP2350 on-die products,2 coincident lines at 132.000 MHz (amplitude sum),gva,False,-94.9,-31.6,-139.9,-76.6,pass,pass,"on-die current into the Pico 2 PDN (0.1 to 0.5 ohm), path pdn 40 to 70 dB","C1 puts every on-die product on the 12 MHz grid (120, 132, 144, 156, 168 MHz); level: L1 to L3; cannot be moved (Pico 2 crystal); level: layout rules L1 to L3; tinySA sweep",XOSC 12 MHz x 11: -94.9 to -38.3 dBm | 2 x 150 - 14 x 12 MHz: -98.8 to -37.0 dBm
B1,A4,144.05,132.1000,RP2350 on-die products,2 coincident lines at 132.100 MHz (amplitude sum),gva,True,-100.9,-37.6,-145.9,-82.6,pass,pass,"on-die current into the Pico 2 PDN (0.1 to 0.5 ohm), path pdn 40 to 70 dB","C1 puts every on-die product on the 12 MHz grid (120, 132, 144, 156, 168 MHz); level: L1 to L3; cannot be moved (Pico 2 crystal); level: layout rules L1 to L3; tinySA sweep",mirror of XOSC 12 MHz x 13: -100.9 to -44.3 dBm | mirror of 2 x 150 - 12 x 12 MHz: -104.8 to -43.0 dBm
B1,A4,144.05,132.5500,PWM comb,mirror of PWM 150.00 kHz x 1037,gva,True,-110.7,-76.6,-155.7,-121.6,pass,pass,"3.3 V GPIO, tr 2 to 5 ns, every 25th line of the comb shown","none needed (coherent 150 kHz comb, ADR-031 rule 3)",
B1,A4,144.05,133.0500,PWM comb,PWM 150.00 kHz x 887,gva,False,-100.7,-70.3,-145.7,-115.3,pass,pass,"3.3 V GPIO, tr 2 to 5 ns, every 25th line of the comb shown","none needed (coherent 150 kHz comb, ADR-031 rule 3)",
B1,A4,144.05,133.3333,Si5351 PLL B / CLK2,VCO B 800 MHz / 6 through MS1,pre,False,-32.4,-12.4,-77.4,-57.4,not shown,not shown,VCO B leakage into MS1 (Low),C6 (as above): VCO B leakage through MS1 then falls on the carrier,
B1,A4,144.05,135.0500,VGG / supply sidebands,"RP2350 core regulator (3 MHz typ) ripple on the GVA-84+ bias, fc - 3 x 3 MHz",rel,False,-70.2,-39.7,-115.2,-84.7,pass,pass,ripple 1 to 10 mV at the GVA-84+ Vcc,F3: GVA-84+ supply through a ferrite bead and 22 uF (ripple at most 3 mV at 1 to 10 MHz); derived requirement to WP-PDR-22 and WP-PDR-24,
B1,A4,144.05,136.0500,Si5351 PLL B / CLK2,2 coincident lines at 136.050 MHz (amplitude sum),pre,False,-37.6,-14.3,-82.6,-59.3,not shown,not shown,"residual after CLK2 power-down; -35 to -50 dBc when the output runs (pavelmc Si5351_issues, NT7S part 8) (Low)",C6: in transmit PLL B is parked on the PLL A multiplier and CLK2 and CLK0 are powered down and disabled (register 3),"CLK2 BFO product fc - 1 x 8 MHz (CLK2 powered down, PLL B running): -37.6 to -17.6 dBm | mirror of CLK2 BFO product fc + 1 x 8 MHz (CLK2 powered down, PLL B running): -44.3 to -24.3 dBm"
B1,A4,144.05,136.3000,PWM comb,mirror of PWM 150.00 kHz x 1012,gva,True,-404.0,-370.7,-449.0,-415.7,pass,pass,"3.3 V GPIO, tr 2 to 5 ns, every 25th line of the comb shown","none needed (coherent 150 kHz comb, ADR-031 rule 3)",
B1,A4,144.05,136.8000,PWM comb,PWM 150.00 kHz x 912,gva,False,-358.3,-327.4,-403.3,-372.4,pass,pass,"3.3 V GPIO, tr 2 to 5 ns, every 25th line of the comb shown","none needed (coherent 150 kHz comb, ADR-031 rule 3)",
B1,A4,144.05,138.0000,RP2350 on-die products,1 x 150 - 1 x 12 MHz,gva,False,-98.9,-37.1,-143.9,-82.1,pass,pass,"on-die current into the Pico 2 PDN (0.1 to 0.5 ohm), path pdn 40 to 70 dB","C1 puts every on-die product on the 12 MHz grid (120, 132, 144, 156, 168 MHz); level: L1 to L3",
B1,A4,144.05,138.0500,VGG / supply sidebands,2 coincident lines at 138.050 MHz (amplitude sum),rel,False,-64.2,-30.2,-109.2,-75.2,pass,pass,ripple 1 to 10 mV at the GVA-84+ Vcc,F3: GVA-84+ supply through a ferrite bead and 22 uF (ripple at most 3 mV at 1 to 10 MHz); derived requirement to WP-PDR-22 and WP-PDR-24,"RT6150 (Pico 2, about 2 MHz, Low) ripple on the GVA-84+ bias, fc - 3 x 2 MHz: -70.2 to -39.7 dBm | RP2350 core regulator (3 MHz typ) ripple on the GVA-84+ bias, fc - 2 x 3 MHz: -64.2 to -33.7 dBm"
B1,A4,144.05,138.1000,Si5351 reference 25 MHz,4 coincident lines at 138.100 MHz (amplitude sum),pre,True,-44.2,-14.3,-89.2,-59.3,not shown,not shown,no datasheet figure; below the -35 to -50 dBc output-to-output crosstalk reported for full-swing outputs (Low),"C1: clk_sys = clk_peri = 96 MHz in every state (PLL_SYS FBDIV 120, POSTDIV1 5, POSTDIV2 3); fundamental below 118 MHz, 2nd harmonic 192 MHz; C4: QSPI CLKDIV 2 (48 MHz, lines only on 144.000 MHz) and the transmit-path code and data in SRAM so the flash is idle during key-down; L4: TCXO output lead at most 10 mm and at least 8 mm from the CLK1 trace; cannot be moved (Si5351A reference 25 MHz, clock-plan rule 7); level: F1 Si5351 VDD filter; tinySA sweep","mirror of clk_sys 150 MHz x 1: -74.9 to -23.1 dBm | mirror of QSPI SCK 37.5 MHz x 4: -374.7 to -39.7 dBm | mirror of 25 MHz x 6, Si5351 on-die feedthrough to CLK1: -44.2 to -19.2 dBm | mirror of 25 MHz x 6, crystal node near CLK1: -86.3 to -52.2 dBm"
B1,A4,144.05,140.0500,VGG / supply sidebands,2 coincident lines at 140.050 MHz (amplitude sum),rel,False,-64.2,-33.7,-109.2,-78.7,pass,pass,ripple 1 to 10 mV at the GVA-84+ Vcc,"F3: GVA-84+ supply through a ferrite bead and 22 uF (ripple at most 3 mV at 1 to 10 MHz); derived requirement to WP-PDR-22 and WP-PDR-24; none needed (coherent 150 kHz comb, ADR-031 rule 3)","mirror of PWM 150.00 kHz x 987: -109.2 to -76.6 dBm | RT6150 (Pico 2, about 2 MHz, Low) ripple on the GVA-84+ bias, fc - 2 x 2 MHz: -64.2 to -33.8 dBm"
B1,A4,144.05,140.5500,PWM comb,PWM 150.00 kHz x 937,gva,False,-101.9,-70.4,-146.9,-115.4,pass,pass,"3.3 V GPIO, tr 2 to 5 ns, every 25th line of the comb shown","none needed (coherent 150 kHz comb, ADR-031 rule 3)",
B1,A4,144.05,141.0500,VGG / supply sidebands,"RP2350 core regulator (3 MHz typ) ripple on the GVA-84+ bias, fc - 1 x 3 MHz",rel,False,-58.2,-27.8,-103.2,-72.8,pass,pass,ripple 1 to 10 mV at the GVA-84+ Vcc,F3: GVA-84+ supply through a ferrite bead and 22 uF (ripple at most 3 mV at 1 to 10 MHz); derived requirement to WP-PDR-22 and WP-PDR-24,
B1,A4,144.05,142.0500,Si5351 PLL spurs,2 coincident lines at 142.050 MHz (amplitude sum),pre,False,-42.9,-19.0,-87.9,-64.0,not shown,pass,"PA3FWM tn42b: about -80 dBc in theory, measured worse (Low); offset depends on the fraction","C5: PLL A multiplier rule, fractional part not within 0.002 of an integer (firmware table check); tinySA sweep at the worst channel; F3: GVA-84+ supply through a ferrite bead and 22 uF (ripple at most 3 mV at 1 to 10 MHz); derived requirement to WP-PDR-22 and WP-PDR-24","fractional / integer-boundary spur fc -2 MHz (representative): -42.9 to -22.9 dBm | RT6150 (Pico 2, about 2 MHz, Low) ripple on the GVA-84+ bias, fc - 1 x 2 MHz: -58.2 to -27.8 dBm"
B1,A4,144.05,143.5500,Si5351 PLL spurs,fractional / integer-boundary spur fc -0.5 MHz (representative),pre,False,-43.0,-23.0,-88.0,-68.0,not shown,pass,"PA3FWM tn42b: about -80 dBc in theory, measured worse (Low); offset depends on the fraction","C5: PLL A multiplier rule, fractional part not within 0.002 of an integer (firmware table check); tinySA sweep at the worst channel",
B1,A4,144.05,143.7500,VGG / supply sidebands,"envelope-reference PWM ripple, fc - 2 x 150 kHz",rel,False,-60.1,-41.0,-105.1,-86.0,pass,pass,"AM index m = 0.6/V x ripple; ripple 0.23 to 0.84 mV (2-pole RC, 1 to 3 kHz)",none needed; derived requirement to WP-PDR-22: PWM ripple at VGG at most 3.3 mV peak,
B1,A4,144.05,143.8000,PWM comb,mirror of PWM 150.00 kHz x 962,gva,True,-371.8,-339.7,-416.8,-384.7,pass,pass,"3.3 V GPIO, tr 2 to 5 ns, every 25th line of the comb shown","none needed (coherent 150 kHz comb, ADR-031 rule 3)",
B1,A4,144.05,143.9000,VGG / supply sidebands,"envelope-reference PWM ripple, fc - 1 x 150 kHz",rel,False,-54.1,-35.0,-99.1,-80.0,pass,pass,"AM index m = 0.6/V x ripple; ripple 0.23 to 0.84 mV (2-pole RC, 1 to 3 kHz)",none needed; derived requirement to WP-PDR-22: PWM ripple at VGG at most 3.3 mV peak,
B1,A4,144.05,144.0000,RP2350 on-die products,4 coincident lines at 144.000 MHz (amplitude sum),gva,False,-95.0,-28.4,-140.0,-73.4,pass,pass,"on-die current into the Pico 2 PDN (0.1 to 0.5 ohm), path pdn 40 to 70 dB","C1 puts every on-die product on the 12 MHz grid (120, 132, 144, 156, 168 MHz); level: L1 to L3; C2: clk_adc from PLL_SYS / 2 (AUXSRC CLKSRC_PLL_SYS, DIV 2) enabled only for conversion bursts (ENABLE bit); C3: PLL_USB powered down (PWR.PD, VCOPD) outside USB; cannot be moved (Pico 2 crystal); level: layout rules L1 to L3; tinySA sweep",XOSC 12 MHz x 12: -95.0 to -38.5 dBm | 2 x 150 - 13 x 12 MHz: -99.0 to -37.1 dBm | clk_adc 48 MHz x 3 (continuous): -105.4 to -48.0 dBm | PLL_USB 48 MHz x 3 (running): -101.0 to -42.0 dBm
B1,A4,144.05,144.1000,RP2350 on-die products,4 coincident lines at 144.100 MHz (amplitude sum),gva,True,-101.0,-34.4,-146.0,-79.4,pass,pass,"on-die current into the Pico 2 PDN (0.1 to 0.5 ohm), path pdn 40 to 70 dB","C1 puts every on-die product on the 12 MHz grid (120, 132, 144, 156, 168 MHz); level: L1 to L3; C2: clk_adc from PLL_SYS / 2 (AUXSRC CLKSRC_PLL_SYS, DIV 2) enabled only for conversion bursts (ENABLE bit); C3: PLL_USB powered down (PWR.PD, VCOPD) outside USB; cannot be moved (Pico 2 crystal); level: layout rules L1 to L3; tinySA sweep",mirror of XOSC 12 MHz x 12: -101.0 to -44.5 dBm | mirror of 2 x 150 - 13 x 12 MHz: -105.0 to -43.1 dBm | mirror of clk_adc 48 MHz x 3 (continuous): -111.4 to -54.0 dBm | mirror of PLL_USB 48 MHz x 3 (running): -107.0 to -48.0 dBm
B1,A4,144.05,144.2000,VGG / supply sidebands,"envelope-reference PWM ripple, fc + 1 x 150 kHz",rel,False,-54.1,-35.0,-99.1,-80.0,pass,pass,"AM index m = 0.6/V x ripple; ripple 0.23 to 0.84 mV (2-pole RC, 1 to 3 kHz)",none needed; derived requirement to WP-PDR-22: PWM ripple at VGG at most 3.3 mV peak,
B1,A4,144.05,144.3000,PWM comb,PWM 150.00 kHz x 962,gva,False,-365.8,-333.7,-410.8,-378.7,pass,pass,"3.3 V GPIO, tr 2 to 5 ns, every 25th line of the comb shown","none needed (coherent 150 kHz comb, ADR-031 rule 3)",
B1,A4,144.05,144.3500,VGG / supply sidebands,"envelope-reference PWM ripple, fc + 2 x 150 kHz",rel,False,-60.1,-41.0,-105.1,-86.0,pass,pass,"AM index m = 0.6/V x ripple; ripple 0.23 to 0.84 mV (2-pole RC, 1 to 3 kHz)",none needed; derived requirement to WP-PDR-22: PWM ripple at VGG at most 3.3 mV peak,
B1,A4,144.05,144.5500,Si5351 PLL spurs,fractional / integer-boundary spur fc +0.5 MHz (representative),pre,False,-43.0,-23.0,-88.0,-68.0,pass,pass,"PA3FWM tn42b: about -80 dBc in theory, measured worse (Low); offset depends on the fraction","C5: PLL A multiplier rule, fractional part not within 0.002 of an integer (firmware table check); tinySA sweep at the worst channel",
B1,A4,144.05,146.0500,Si5351 PLL spurs,2 coincident lines at 146.050 MHz (amplitude sum),pre,False,-43.1,-19.1,-88.1,-64.1,not shown,pass,"PA3FWM tn42b: about -80 dBc in theory, measured worse (Low); offset depends on the fraction","C5: PLL A multiplier rule, fractional part not within 0.002 of an integer (firmware table check); tinySA sweep at the worst channel; F3: GVA-84+ supply through a ferrite bead and 22 uF (ripple at most 3 mV at 1 to 10 MHz); derived requirement to WP-PDR-22 and WP-PDR-24","fractional / integer-boundary spur fc +2 MHz (representative): -43.1 to -23.1 dBm | RT6150 (Pico 2, about 2 MHz, Low) ripple on the GVA-84+ bias, fc + 1 x 2 MHz: -58.3 to -27.8 dBm"
B1,A4,144.05,147.0500,VGG / supply sidebands,"RP2350 core regulator (3 MHz typ) ripple on the GVA-84+ bias, fc + 1 x 3 MHz",rel,False,-58.3,-27.8,-103.3,-72.8,pass,pass,ripple 1 to 10 mV at the GVA-84+ Vcc,F3: GVA-84+ supply through a ferrite bead and 22 uF (ripple at most 3 mV at 1 to 10 MHz); derived requirement to WP-PDR-22 and WP-PDR-24,
B1,A4,144.05,147.5500,PWM comb,mirror of PWM 150.00 kHz x 937,gva,True,-108.0,-76.5,-153.0,-121.5,pass,pass,"3.3 V GPIO, tr 2 to 5 ns, every 25th line of the comb shown","none needed (coherent 150 kHz comb, ADR-031 rule 3)",
B1,A4,144.05,148.0500,VGG / supply sidebands,2 coincident lines at 148.050 MHz (amplitude sum),rel,False,-64.3,-33.7,-109.3,-78.7,pass,pass,ripple 1 to 10 mV at the GVA-84+ Vcc,"F3: GVA-84+ supply through a ferrite bead and 22 uF (ripple at most 3 mV at 1 to 10 MHz); derived requirement to WP-PDR-22 and WP-PDR-24; none needed (coherent 150 kHz comb, ADR-031 rule 3)","PWM 150.00 kHz x 987: -103.3 to -70.7 dBm | RT6150 (Pico 2, about 2 MHz, Low) ripple on the GVA-84+ bias, fc + 2 x 2 MHz: -64.3 to -33.8 dBm"
B1,A4,144.05,150.0000,Si5351 reference 25 MHz,4 coincident lines at 150.000 MHz (amplitude sum),pre,False,-38.4,-8.4,-83.4,-53.4,not shown,not shown,no datasheet figure; below the -35 to -50 dBc output-to-output crosstalk reported for full-swing outputs (Low),"C1: clk_sys = clk_peri = 96 MHz in every state (PLL_SYS FBDIV 120, POSTDIV1 5, POSTDIV2 3); fundamental below 118 MHz, 2nd harmonic 192 MHz; C4: QSPI CLKDIV 2 (48 MHz, lines only on 144.000 MHz) and the transmit-path code and data in SRAM so the flash is idle during key-down; L4: TCXO output lead at most 10 mm and at least 8 mm from the CLK1 trace; cannot be moved (Si5351A reference 25 MHz, clock-plan rule 7); level: F1 Si5351 VDD filter; tinySA sweep","clk_sys 150 MHz x 1: -69.0 to -17.2 dBm | QSPI SCK 37.5 MHz x 4: -368.8 to -33.8 dBm | 25 MHz x 6, Si5351 on-die feedthrough to CLK1: -38.4 to -13.4 dBm | 25 MHz x 6, crystal node near CLK1: -80.4 to -46.3 dBm"
B1,A4,144.05,150.0500,VGG / supply sidebands,2 coincident lines at 150.050 MHz (amplitude sum),rel,False,-64.3,-30.3,-109.3,-75.3,pass,pass,ripple 1 to 10 mV at the GVA-84+ Vcc,F3: GVA-84+ supply through a ferrite bead and 22 uF (ripple at most 3 mV at 1 to 10 MHz); derived requirement to WP-PDR-22 and WP-PDR-24,"RT6150 (Pico 2, about 2 MHz, Low) ripple on the GVA-84+ bias, fc + 3 x 2 MHz: -70.3 to -39.9 dBm | RP2350 core regulator (3 MHz typ) ripple on the GVA-84+ bias, fc + 2 x 3 MHz: -64.3 to -33.9 dBm"
B1,A4,144.05,150.1000,RP2350 on-die products,mirror of 1 x 150 - 1 x 12 MHz,gva,True,-105.0,-43.2,-150.0,-88.2,pass,pass,"on-die current into the Pico 2 PDN (0.1 to 0.5 ohm), path pdn 40 to 70 dB","C1 puts every on-die product on the 12 MHz grid (120, 132, 144, 156, 168 MHz); level: L1 to L3",
B1,A4,144.05,151.3000,PWM comb,mirror of PWM 150.00 kHz x 912,gva,True,-364.5,-333.5,-409.5,-378.5,pass,pass,"3.3 V GPIO, tr 2 to 5 ns, every 25th line of the comb shown","none needed (coherent 150 kHz comb, ADR-031 rule 3)",
B1,A4,144.05,151.8000,PWM comb,PWM 150.00 kHz x 1012,gva,False,-398.1,-364.8,-443.1,-409.8,pass,pass,"3.3 V GPIO, tr 2 to 5 ns, every 25th line of the comb shown","none needed (coherent 150 kHz comb, ADR-031 rule 3)",
B1,A4,144.05,152.0500,Si5351 PLL B / CLK2,2 coincident lines at 152.050 MHz (amplitude sum),pre,False,-38.5,-14.7,-83.5,-59.7,not shown,not shown,"residual after CLK2 power-down; -35 to -50 dBc when the output runs (pavelmc Si5351_issues, NT7S part 8) (Low)",C6: in transmit PLL B is parked on the PLL A multiplier and CLK2 and CLK0 are powered down and disabled (register 3),"mirror of CLK2 BFO product fc - 1 x 8 MHz (CLK2 powered down, PLL B running): -43.7 to -23.7 dBm | CLK2 BFO product fc + 1 x 8 MHz (CLK2 powered down, PLL B running): -38.5 to -18.5 dBm"
B1,A4,144.05,153.0500,VGG / supply sidebands,"RP2350 core regulator (3 MHz typ) ripple on the GVA-84+ bias, fc + 3 x 3 MHz",rel,False,-70.3,-39.9,-115.3,-84.9,pass,pass,ripple 1 to 10 mV at the GVA-84+ Vcc,F3: GVA-84+ supply through a ferrite bead and 22 uF (ripple at most 3 mV at 1 to 10 MHz); derived requirement to WP-PDR-22 and WP-PDR-24,
B1,A4,144.05,154.7667,Si5351 PLL B / CLK2,mirror of VCO B 800 MHz / 6 through MS1,pre,True,-38.6,-18.6,-83.6,-63.6,not shown,pass,VCO B leakage into MS1 (Low),C6 (as above): VCO B leakage through MS1 then falls on the carrier,
B1,A4,144.05,155.0500,PWM comb,mirror of PWM 150.00 kHz x 887,gva,True,-106.9,-76.4,-151.9,-121.4,pass,pass,"3.3 V GPIO, tr 2 to 5 ns, every 25th line of the comb shown","none needed (coherent 150 kHz comb, ADR-031 rule 3)",
B1,A4,144.05,155.5500,PWM comb,PWM 150.00 kHz x 1037,gva,False,-104.9,-70.8,-149.9,-115.8,pass,pass,"3.3 V GPIO, tr 2 to 5 ns, every 25th line of the comb shown","none needed (coherent 150 kHz comb, ADR-031 rule 3)",
B1,A4,144.05,156.0000,RP2350 on-die products,2 coincident lines at 156.000 MHz (amplitude sum),gva,False,-95.1,-31.8,-140.1,-76.8,pass,pass,"on-die current into the Pico 2 PDN (0.1 to 0.5 ohm), path pdn 40 to 70 dB","C1 puts every on-die product on the 12 MHz grid (120, 132, 144, 156, 168 MHz); level: L1 to L3; cannot be moved (Pico 2 crystal); level: layout rules L1 to L3; tinySA sweep",XOSC 12 MHz x 13: -95.1 to -38.5 dBm | 2 x 150 - 12 x 12 MHz: -99.0 to -37.2 dBm
B1,A4,144.05,156.1000,RP2350 on-die products,2 coincident lines at 156.100 MHz (amplitude sum),gva,True,-101.1,-37.8,-146.1,-82.8,pass,pass,"on-die current into the Pico 2 PDN (0.1 to 0.5 ohm), path pdn 40 to 70 dB","C1 puts every on-die product on the 12 MHz grid (120, 132, 144, 156, 168 MHz); level: L1 to L3; cannot be moved (Pico 2 crystal); level: layout rules L1 to L3; tinySA sweep",mirror of XOSC 12 MHz x 11: -101.1 to -44.5 dBm | mirror of 2 x 150 - 14 x 12 MHz: -105.0 to -43.2 dBm
B1,A4,144.05,158.8000,PWM comb,mirror of PWM 150.00 kHz x 862,gva,True,-383.1,-353.1,-428.1,-398.1,pass,pass,"3.3 V GPIO, tr 2 to 5 ns, every 25th line of the comb shown","none needed (coherent 150 kHz comb, ADR-031 rule 3)",
B1,A4,144.05,159.3000,PWM comb,PWM 150.00 kHz x 1062,gva,False,-362.0,-327.2,-407.0,-372.2,pass,pass,"3.3 V GPIO, tr 2 to 5 ns, every 25th line of the comb shown","none needed (coherent 150 kHz comb, ADR-031 rule 3)",
B1,A4,144.05,160.0500,Si5351 PLL B / CLK2,2 coincident lines at 160.050 MHz (amplitude sum),pre,False,-39.0,-15.0,-84.0,-60.0,not shown,not shown,"residual after CLK2 power-down; -35 to -50 dBc when the output runs (pavelmc Si5351_issues, NT7S part 8) (Low)",C6: in transmit PLL B is parked on the PLL A multiplier and CLK2 and CLK0 are powered down and disabled (register 3),"mirror of CLK2 BFO product fc - 2 x 8 MHz (CLK2 powered down, PLL B running): -43.5 to -23.5 dBm | CLK2 BFO product fc + 2 x 8 MHz (CLK2 powered down, PLL B running): -39.0 to -19.0 dBm"
B1,A4,144.05,162.0000,RP2350 on-die products,1 x 150 + 1 x 12 MHz,gva,False,-99.1,-37.3,-144.1,-82.3,pass,pass,"on-die current into the Pico 2 PDN (0.1 to 0.5 ohm), path pdn 40 to 70 dB","C1 puts every on-die product on the 12 MHz grid (120, 132, 144, 156, 168 MHz); level: L1 to L3",
B1,A4,144.05,162.0563,/8 prescaler,4 coincident lines at 162.056 MHz (amplitude sum),pre,False,-29.2,-1.5,-74.2,-46.5,not shown,not shown,"100 pF tap on CLK1, shared VCC: fc +/- fc/8 sidebands (Low)","C7: prescaler fed through 330 ohm in series (after the 100 pF), each 74LVC1G80 on its own bead-and-100 nF supply; C8: 470 ohm series resistor at the /8 output and the /8 trace 15 to 25 mm from the CLK1 net (L5); option C9 (/4 prescaler) moves both lines out of the window but needs a REQ-TX-013 CR",mirror of /8 output x 7 (7/8 fc) on the trace: -48.3 to -19.2 dBm | mirror of /8 kickback sideband (7/8 fc): -33.5 to -13.5 dBm | /8 output x 9 (9/8 fc) on the trace: -44.8 to -15.1 dBm | /8 kickback sideband (9/8 fc): -29.2 to -9.2 dBm
B1,A4,144.05,162.1000,RP2350 on-die products,mirror of 1 x 150 - 2 x 12 MHz,gva,True,-105.1,-43.3,-150.1,-88.3,pass,pass,"on-die current into the Pico 2 PDN (0.1 to 0.5 ohm), path pdn 40 to 70 dB","C1 puts every on-die product on the 12 MHz grid (120, 132, 144, 156, 168 MHz); level: L1 to L3",
B1,A4,144.05,162.5500,PWM comb,mirror of PWM 150.00 kHz x 837,gva,True,-106.0,-76.5,-151.0,-121.5,pass,pass,"3.3 V GPIO, tr 2 to 5 ns, every 25th line of the comb shown","none needed (coherent 150 kHz comb, ADR-031 rule 3)",
B1,A4,144.05,163.0500,PWM comb,PWM 150.00 kHz x 1087,gva,False,-106.8,-71.1,-151.8,-116.1,pass,pass,"3.3 V GPIO, tr 2 to 5 ns, every 25th line of the comb shown","none needed (coherent 150 kHz comb, ADR-031 rule 3)",
B1,A4,144.05,163.1000,Si5351 reference 25 MHz,2 coincident lines at 163.100 MHz (amplitude sum),pre,True,-43.5,-18.4,-88.5,-63.4,not shown,pass,no datasheet figure; below the -35 to -50 dBc output-to-output crosstalk reported for full-swing outputs (Low),"L4: TCXO output lead at most 10 mm and at least 8 mm from the CLK1 trace; cannot be moved (Si5351A reference 25 MHz, clock-plan rule 7); level: F1 Si5351 VDD filter; tinySA sweep","mirror of 25 MHz x 5, Si5351 on-die feedthrough to CLK1: -43.5 to -18.5 dBm | mirror of 25 MHz x 5, crystal node near CLK1: -87.2 to -53.1 dBm"
B1,A4,144.05,166.3000,PWM comb,mirror of PWM 150.00 kHz x 812,gva,True,-370.8,-341.6,-415.8,-386.6,pass,pass,"3.3 V GPIO, tr 2 to 5 ns, every 25th line of the comb shown","none needed (coherent 150 kHz comb, ADR-031 rule 3)",
B1,A4,144.05,166.8000,PWM comb,PWM 150.00 kHz x 1112,gva,False,-369.9,-333.2,-414.9,-378.2,pass,pass,"3.3 V GPIO, tr 2 to 5 ns, every 25th line of the comb shown","none needed (coherent 150 kHz comb, ADR-031 rule 3)",
B1,A4,144.05,168.0000,RP2350 on-die products,2 coincident lines at 168.000 MHz (amplitude sum),gva,False,-95.7,-32.5,-140.7,-77.5,pass,pass,"on-die current into the Pico 2 PDN (0.1 to 0.5 ohm), path pdn 40 to 70 dB","C1 puts every on-die product on the 12 MHz grid (120, 132, 144, 156, 168 MHz); level: L1 to L3; cannot be moved (Pico 2 crystal); level: layout rules L1 to L3; tinySA sweep",XOSC 12 MHz x 14: -95.7 to -39.2 dBm | 2 x 150 - 11 x 12 MHz: -99.7 to -37.9 dBm
B1,A4,144.05,168.1000,RP2350 on-die products,2 coincident lines at 168.100 MHz (amplitude sum),gva,True,-101.7,-38.5,-146.7,-83.5,pass,pass,"on-die current into the Pico 2 PDN (0.1 to 0.5 ohm), path pdn 40 to 70 dB","C1 puts every on-die product on the 12 MHz grid (120, 132, 144, 156, 168 MHz); level: L1 to L3; cannot be moved (Pico 2 crystal); level: layout rules L1 to L3; tinySA sweep",mirror of XOSC 12 MHz x 10: -101.7 to -45.2 dBm | mirror of 2 x 150 - 15 x 12 MHz: -105.7 to -43.9 dBm
B1,A4,144.05,169.0500,Si5351 PLL spurs,PFD reference spur fc + 25 MHz,pre,False,-50.5,-30.5,-95.5,-75.5,pass,pass,"VCO spur at the 25 MHz PFD offset, divided by 6 (-15.6 dB) (Low)",level only (on-die PLL); tinySA sweep,
B1,A4,144.05,170.0500,PWM comb,mirror of PWM 150.00 kHz x 787,gva,True,-106.1,-77.3,-151.1,-122.3,pass,pass,"3.3 V GPIO, tr 2 to 5 ns, every 25th line of the comb shown","none needed (coherent 150 kHz comb, ADR-031 rule 3)",
B1,A4,144.05,170.5500,PWM comb,PWM 150.00 kHz x 1137,gva,False,-110.0,-72.3,-155.0,-117.3,pass,pass,"3.3 V GPIO, tr 2 to 5 ns, every 25th line of the comb shown","none needed (coherent 150 kHz comb, ADR-031 rule 3)",
B1,A4,144.05,174.0000,RP2350 on-die products,1 x 150 + 2 x 12 MHz,gva,False,-101.3,-39.5,-146.3,-84.5,pass,pass,"on-die current into the Pico 2 PDN (0.1 to 0.5 ohm), path pdn 40 to 70 dB","C1 puts every on-die product on the 12 MHz grid (120, 132, 144, 156, 168 MHz); level: L1 to L3",
B1,A4,144.05,174.3000,PWM comb,PWM 150.00 kHz x 1162,gva,False,-391.9,-353.0,-436.9,-398.0,pass,pass,"3.3 V GPIO, tr 2 to 5 ns, every 25th line of the comb shown","none needed (coherent 150 kHz comb, ADR-031 rule 3)",
B1,A4,144.05,175.0000,Si5351 reference 25 MHz,2 coincident lines at 175.000 MHz (amplitude sum),pre,False,-42.8,-17.5,-87.8,-62.5,not shown,pass,no datasheet figure; below the -35 to -50 dBc output-to-output crosstalk reported for full-swing outputs (Low),"L4: TCXO output lead at most 10 mm and at least 8 mm from the CLK1 trace; cannot be moved (Si5351A reference 25 MHz, clock-plan rule 7); level: F1 Si5351 VDD filter; tinySA sweep","25 MHz x 7, Si5351 on-die feedthrough to CLK1: -42.8 to -17.8 dBm | 25 MHz x 7, crystal node near CLK1: -83.5 to -49.4 dBm"
B1,A4,146.0,118.0000,RP2350 on-die products,mirror of 1 x 150 + 2 x 12 MHz,gva,True,-104.8,-43.0,-149.8,-88.0,pass,pass,"on-die current into the Pico 2 PDN (0.1 to 0.5 ohm), path pdn 40 to 70 dB","C1 puts every on-die product on the 12 MHz grid (120, 132, 144, 156, 168 MHz); level: L1 to L3",
B1,A4,146.0,118.0500,PWM comb,PWM 150.00 kHz x 787,gva,False,-98.8,-70.0,-143.8,-115.0,pass,pass,"3.3 V GPIO, tr 2 to 5 ns, every 25th line of the comb shown","none needed (coherent 150 kHz comb, ADR-031 rule 3)",
B1,A4,146.0,120.0000,RP2350 on-die products,2 coincident lines at 120.000 MHz (amplitude sum),gva,False,-94.8,-31.6,-139.8,-76.6,pass,pass,"on-die current into the Pico 2 PDN (0.1 to 0.5 ohm), path pdn 40 to 70 dB","C1 puts every on-die product on the 12 MHz grid (120, 132, 144, 156, 168 MHz); level: L1 to L3; cannot be moved (Pico 2 crystal); level: layout rules L1 to L3; tinySA sweep",XOSC 12 MHz x 10: -94.8 to -38.3 dBm | 2 x 150 - 15 x 12 MHz: -98.8 to -37.0 dBm
B1,A4,146.0,121.0000,Si5351 PLL spurs,PFD reference spur fc - 25 MHz,pre,False,-46.9,-26.9,-91.9,-71.9,pass,pass,"VCO spur at the 25 MHz PFD offset, divided by 6 (-15.6 dB) (Low)",level only (on-die PLL); tinySA sweep,
B1,A4,146.0,121.4500,PWM comb,mirror of PWM 150.00 kHz x 1137,gva,True,-114.6,-76.9,-159.6,-121.9,pass,pass,"3.3 V GPIO, tr 2 to 5 ns, every 25th line of the comb shown","none needed (coherent 150 kHz comb, ADR-031 rule 3)",
B1,A4,146.0,121.8000,PWM comb,PWM 150.00 kHz x 812,gva,False,-364.1,-334.9,-409.1,-379.9,pass,pass,"3.3 V GPIO, tr 2 to 5 ns, every 25th line of the comb shown","none needed (coherent 150 kHz comb, ADR-031 rule 3)",
B1,A4,146.0,124.0000,RP2350 on-die products,2 coincident lines at 124.000 MHz (amplitude sum),gva,True,-100.8,-37.6,-145.8,-82.6,pass,pass,"on-die current into the Pico 2 PDN (0.1 to 0.5 ohm), path pdn 40 to 70 dB","C1 puts every on-die product on the 12 MHz grid (120, 132, 144, 156, 168 MHz); level: L1 to L3; cannot be moved (Pico 2 crystal); level: layout rules L1 to L3; tinySA sweep",mirror of XOSC 12 MHz x 14: -100.8 to -44.3 dBm | mirror of 2 x 150 - 11 x 12 MHz: -104.8 to -43.0 dBm
B1,A4,146.0,125.0000,Si5351 reference 25 MHz,2 coincident lines at 125.000 MHz (amplitude sum),pre,False,-37.0,-11.9,-82.0,-56.9,not shown,not shown,no datasheet figure; below the -35 to -50 dBc output-to-output crosstalk reported for full-swing outputs (Low),"L4: TCXO output lead at most 10 mm and at least 8 mm from the CLK1 trace; cannot be moved (Si5351A reference 25 MHz, clock-plan rule 7); level: F1 Si5351 VDD filter; tinySA sweep","25 MHz x 5, Si5351 on-die feedthrough to CLK1: -37.0 to -12.0 dBm | 25 MHz x 5, crystal node near CLK1: -80.7 to -46.6 dBm"
B1,A4,146.0,125.2000,PWM comb,mirror of PWM 150.00 kHz x 1112,gva,True,-375.1,-338.5,-420.1,-383.5,pass,pass,"3.3 V GPIO, tr 2 to 5 ns, every 25th line of the comb shown","none needed (coherent 150 kHz comb, ADR-031 rule 3)",
B1,A4,146.0,125.5500,PWM comb,PWM 150.00 kHz x 837,gva,False,-99.7,-70.1,-144.7,-115.1,pass,pass,"3.3 V GPIO, tr 2 to 5 ns, every 25th line of the comb shown","none needed (coherent 150 kHz comb, ADR-031 rule 3)",
B1,A4,146.0,126.0000,RP2350 on-die products,1 x 150 - 2 x 12 MHz,gva,False,-98.8,-37.0,-143.8,-82.0,pass,pass,"on-die current into the Pico 2 PDN (0.1 to 0.5 ohm), path pdn 40 to 70 dB","C1 puts every on-die product on the 12 MHz grid (120, 132, 144, 156, 168 MHz); level: L1 to L3",
B1,A4,146.0,127.7500,/8 prescaler,4 coincident lines at 127.750 MHz (amplitude sum),pre,False,-27.1,-0.5,-72.1,-45.5,not shown,not shown,"100 pF tap on CLK1, shared VCC: fc +/- fc/8 sidebands (Low)","C7: prescaler fed through 330 ohm in series (after the 100 pF), each 74LVC1G80 on its own bead-and-100 nF supply; C8: 470 ohm series resistor at the /8 output and the /8 trace 15 to 25 mm from the CLK1 net (L5); option C9 (/4 prescaler) moves both lines out of the window but needs a REQ-TX-013 CR",/8 output x 7 (7/8 fc) on the trace: -41.9 to -12.7 dBm | /8 kickback sideband (7/8 fc): -27.1 to -7.1 dBm | mirror of /8 output x 9 (9/8 fc) on the trace: -50.5 to -20.7 dBm | mirror of /8 kickback sideband (9/8 fc): -34.9 to -14.9 dBm
B1,A4,146.0,128.9500,PWM comb,mirror of PWM 150.00 kHz x 1087,gva,True,-112.4,-76.7,-157.4,-121.7,pass,pass,"3.3 V GPIO, tr 2 to 5 ns, every 25th line of the comb shown","none needed (coherent 150 kHz comb, ADR-031 rule 3)",
B1,A4,146.0,129.3000,PWM comb,PWM 150.00 kHz x 862,gva,False,-376.8,-346.8,-421.8,-391.8,pass,pass,"3.3 V GPIO, tr 2 to 5 ns, every 25th line of the comb shown","none needed (coherent 150 kHz comb, ADR-031 rule 3)",
B1,A4,146.0,130.0000,Si5351 PLL B / CLK2,3 coincident lines at 130.000 MHz (amplitude sum),pre,False,-37.2,-13.9,-82.2,-58.9,not shown,not shown,"residual after CLK2 power-down; -35 to -50 dBc when the output runs (pavelmc Si5351_issues, NT7S part 8) (Low)","C1 puts every on-die product on the 12 MHz grid (120, 132, 144, 156, 168 MHz); level: L1 to L3; C6: in transmit PLL B is parked on the PLL A multiplier and CLK2 and CLK0 are powered down and disabled (register 3)","mirror of 1 x 150 + 1 x 12 MHz: -104.8 to -43.0 dBm | CLK2 BFO product fc - 2 x 8 MHz (CLK2 powered down, PLL B running): -37.2 to -17.2 dBm | mirror of CLK2 BFO product fc + 2 x 8 MHz (CLK2 powered down, PLL B running): -44.8 to -24.8 dBm"
B1,A4,146.0,132.0000,RP2350 on-die products,2 coincident lines at 132.000 MHz (amplitude sum),gva,False,-94.8,-31.6,-139.8,-76.6,pass,pass,"on-die current into the Pico 2 PDN (0.1 to 0.5 ohm), path pdn 40 to 70 dB","C1 puts every on-die product on the 12 MHz grid (120, 132, 144, 156, 168 MHz); level: L1 to L3; cannot be moved (Pico 2 crystal); level: layout rules L1 to L3; tinySA sweep",XOSC 12 MHz x 11: -94.8 to -38.3 dBm | 2 x 150 - 14 x 12 MHz: -98.8 to -37.0 dBm
B1,A4,146.0,132.7000,PWM comb,mirror of PWM 150.00 kHz x 1062,gva,True,-367.8,-333.0,-412.8,-378.0,pass,pass,"3.3 V GPIO, tr 2 to 5 ns, every 25th line of the comb shown","none needed (coherent 150 kHz comb, ADR-031 rule 3)",
B1,A4,146.0,133.0500,PWM comb,PWM 150.00 kHz x 887,gva,False,-100.7,-70.2,-145.7,-115.2,pass,pass,"3.3 V GPIO, tr 2 to 5 ns, every 25th line of the comb shown","none needed (coherent 150 kHz comb, ADR-031 rule 3)",
B1,A4,146.0,133.3333,Si5351 PLL B / CLK2,VCO B 800 MHz / 6 through MS1,pre,False,-32.3,-12.3,-77.3,-57.3,not shown,not shown,VCO B leakage into MS1 (Low),C6 (as above): VCO B leakage through MS1 then falls on the carrier,
B1,A4,146.0,136.0000,RP2350 on-die products,2 coincident lines at 136.000 MHz (amplitude sum),gva,True,-100.9,-37.6,-145.9,-82.6,pass,pass,"on-die current into the Pico 2 PDN (0.1 to 0.5 ohm), path pdn 40 to 70 dB","C1 puts every on-die product on the 12 MHz grid (120, 132, 144, 156, 168 MHz); level: L1 to L3; cannot be moved (Pico 2 crystal); level: layout rules L1 to L3; tinySA sweep",mirror of XOSC 12 MHz x 13: -100.9 to -44.3 dBm | mirror of 2 x 150 - 12 x 12 MHz: -104.8 to -43.0 dBm
B1,A4,146.0,136.4500,PWM comb,mirror of PWM 150.00 kHz x 1037,gva,True,-110.7,-76.7,-155.7,-121.7,pass,pass,"3.3 V GPIO, tr 2 to 5 ns, every 25th line of the comb shown","none needed (coherent 150 kHz comb, ADR-031 rule 3)",
B1,A4,146.0,136.8000,PWM comb,PWM 150.00 kHz x 912,gva,False,-358.3,-327.3,-403.3,-372.3,pass,pass,"3.3 V GPIO, tr 2 to 5 ns, every 25th line of the comb shown","none needed (coherent 150 kHz comb, ADR-031 rule 3)",
B1,A4,146.0,137.0000,VGG / supply sidebands,"RP2350 core regulator (3 MHz typ) ripple on the GVA-84+ bias, fc - 3 x 3 MHz",rel,False,-70.2,-39.7,-115.2,-84.7,pass,pass,ripple 1 to 10 mV at the GVA-84+ Vcc,F3: GVA-84+ supply through a ferrite bead and 22 uF (ripple at most 3 mV at 1 to 10 MHz); derived requirement to WP-PDR-22 and WP-PDR-24,
B1,A4,146.0,138.0000,Si5351 PLL B / CLK2,3 coincident lines at 138.000 MHz (amplitude sum),pre,False,-37.5,-13.7,-82.5,-58.7,not shown,not shown,"residual after CLK2 power-down; -35 to -50 dBc when the output runs (pavelmc Si5351_issues, NT7S part 8) (Low)","C1 puts every on-die product on the 12 MHz grid (120, 132, 144, 156, 168 MHz); level: L1 to L3; C6: in transmit PLL B is parked on the PLL A multiplier and CLK2 and CLK0 are powered down and disabled (register 3)","1 x 150 - 1 x 12 MHz: -98.9 to -37.0 dBm | CLK2 BFO product fc - 1 x 8 MHz (CLK2 powered down, PLL B running): -37.5 to -17.5 dBm | mirror of CLK2 BFO product fc + 1 x 8 MHz (CLK2 powered down, PLL B running): -44.3 to -24.3 dBm"
B1,A4,146.0,140.0000,VGG / supply sidebands,2 coincident lines at 140.000 MHz (amplitude sum),rel,False,-64.2,-30.2,-109.2,-75.2,pass,pass,ripple 1 to 10 mV at the GVA-84+ Vcc,F3: GVA-84+ supply through a ferrite bead and 22 uF (ripple at most 3 mV at 1 to 10 MHz); derived requirement to WP-PDR-22 and WP-PDR-24,"RT6150 (Pico 2, about 2 MHz, Low) ripple on the GVA-84+ bias, fc - 3 x 2 MHz: -70.2 to -39.7 dBm | RP2350 core regulator (3 MHz typ) ripple on the GVA-84+ bias, fc - 2 x 3 MHz: -64.2 to -33.7 dBm"
B1,A4,146.0,140.2000,PWM comb,mirror of PWM 150.00 kHz x 1012,gva,True,-404.0,-370.7,-449.0,-415.7,pass,pass,"3.3 V GPIO, tr 2 to 5 ns, every 25th line of the comb shown","none needed (coherent 150 kHz comb, ADR-031 rule 3)",
B1,A4,146.0,140.5500,PWM comb,PWM 150.00 kHz x 937,gva,False,-101.9,-70.4,-146.9,-115.4,pass,pass,"3.3 V GPIO, tr 2 to 5 ns, every 25th line of the comb shown","none needed (coherent 150 kHz comb, ADR-031 rule 3)",
B1,A4,146.0,142.0000,Si5351 reference 25 MHz,5 coincident lines at 142.000 MHz (amplitude sum),pre,True,-44.2,-13.4,-89.2,-58.4,not shown,not shown,no datasheet figure; below the -35 to -50 dBc output-to-output crosstalk reported for full-swing outputs (Low),"C1: clk_sys = clk_peri = 96 MHz in every state (PLL_SYS FBDIV 120, POSTDIV1 5, POSTDIV2 3); fundamental below 118 MHz, 2nd harmonic 192 MHz; C4: QSPI CLKDIV 2 (48 MHz, lines only on 144.000 MHz) and the transmit-path code and data in SRAM so the flash is idle during key-down; F3: GVA-84+ supply through a ferrite bead and 22 uF (ripple at most 3 mV at 1 to 10 MHz); derived requirement to WP-PDR-22 and WP-PDR-24; L4: TCXO output lead at most 10 mm and at least 8 mm from the CLK1 trace; cannot be moved (Si5351A reference 25 MHz, clock-plan rule 7); level: F1 Si5351 VDD filter; tinySA sweep","mirror of clk_sys 150 MHz x 1: -74.9 to -23.1 dBm | mirror of QSPI SCK 37.5 MHz x 4: -374.7 to -39.7 dBm | mirror of 25 MHz x 6, Si5351 on-die feedthrough to CLK1: -44.2 to -19.2 dBm | mirror of 25 MHz x 6, crystal node near CLK1: -86.3 to -52.1 dBm | RT6150 (Pico 2, about 2 MHz, Low) ripple on the GVA-84+ bias, fc - 2 x 2 MHz: -64.2 to -33.8 dBm"
B1,A4,146.0,143.0000,VGG / supply sidebands,"RP2350 core regulator (3 MHz typ) ripple on the GVA-84+ bias, fc - 1 x 3 MHz",rel,False,-58.2,-27.8,-103.2,-72.8,pass,pass,ripple 1 to 10 mV at the GVA-84+ Vcc,F3: GVA-84+ supply through a ferrite bead and 22 uF (ripple at most 3 mV at 1 to 10 MHz); derived requirement to WP-PDR-22 and WP-PDR-24,
B1,A4,146.0,143.9500,PWM comb,mirror of PWM 150.00 kHz x 987,gva,True,-109.3,-76.6,-154.3,-121.6,pass,pass,"3.3 V GPIO, tr 2 to 5 ns, every 25th line of the comb shown","none needed (coherent 150 kHz comb, ADR-031 rule 3)",
B1,A4,146.0,144.0000,Si5351 PLL spurs,6 coincident lines at 144.000 MHz (amplitude sum),pre,False,-42.9,-16.4,-87.9,-61.4,not shown,pass,"PA3FWM tn42b: about -80 dBc in theory, measured worse (Low); offset depends on the fraction","C1 puts every on-die product on the 12 MHz grid (120, 132, 144, 156, 168 MHz); level: L1 to L3; C2: clk_adc from PLL_SYS / 2 (AUXSRC CLKSRC_PLL_SYS, DIV 2) enabled only for conversion bursts (ENABLE bit); C3: PLL_USB powered down (PWR.PD, VCOPD) outside USB; C5: PLL A multiplier rule, fractional part not within 0.002 of an integer (firmware table check); tinySA sweep at the worst channel; F3: GVA-84+ supply through a ferrite bead and 22 uF (ripple at most 3 mV at 1 to 10 MHz); derived requirement to WP-PDR-22 and WP-PDR-24; cannot be moved (Pico 2 crystal); level: layout rules L1 to L3; tinySA sweep","XOSC 12 MHz x 12: -95.0 to -38.4 dBm | 2 x 150 - 13 x 12 MHz: -98.9 to -37.1 dBm | clk_adc 48 MHz x 3 (continuous): -105.4 to -48.0 dBm | PLL_USB 48 MHz x 3 (running): -101.0 to -42.0 dBm | fractional / integer-boundary spur fc -2 MHz (representative): -42.9 to -22.9 dBm | RT6150 (Pico 2, about 2 MHz, Low) ripple on the GVA-84+ bias, fc - 1 x 2 MHz: -58.2 to -27.8 dBm"
B1,A4,146.0,144.3000,PWM comb,PWM 150.00 kHz x 962,gva,False,-365.7,-333.7,-410.7,-378.7,pass,pass,"3.3 V GPIO, tr 2 to 5 ns, every 25th line of the comb shown","none needed (coherent 150 kHz comb, ADR-031 rule 3)",
B1,A4,146.0,145.5000,Si5351 PLL spurs,fractional / integer-boundary spur fc -0.5 MHz (representative),pre,False,-43.0,-23.0,-88.0,-68.0,not shown,pass,"PA3FWM tn42b: about -80 dBc in theory, measured worse (Low); offset depends on the fraction","C5: PLL A multiplier rule, fractional part not within 0.002 of an integer (firmware table check); tinySA sweep at the worst channel",
B1,A4,146.0,145.7000,VGG / supply sidebands,"envelope-reference PWM ripple, fc - 2 x 150 kHz",rel,False,-60.1,-41.0,-105.1,-86.0,pass,pass,"AM index m = 0.6/V x ripple; ripple 0.23 to 0.84 mV (2-pole RC, 1 to 3 kHz)",none needed; derived requirement to WP-PDR-22: PWM ripple at VGG at most 3.3 mV peak,
B1,A4,146.0,145.8500,VGG / supply sidebands,"envelope-reference PWM ripple, fc - 1 x 150 kHz",rel,False,-54.1,-35.0,-99.1,-80.0,pass,pass,"AM index m = 0.6/V x ripple; ripple 0.23 to 0.84 mV (2-pole RC, 1 to 3 kHz)",none needed; derived requirement to WP-PDR-22: PWM ripple at VGG at most 3.3 mV peak,
B1,A4,146.0,146.1500,VGG / supply sidebands,"envelope-reference PWM ripple, fc + 1 x 150 kHz",rel,False,-54.1,-35.0,-99.1,-80.0,pass,pass,"AM index m = 0.6/V x ripple; ripple 0.23 to 0.84 mV (2-pole RC, 1 to 3 kHz)",none needed; derived requirement to WP-PDR-22: PWM ripple at VGG at most 3.3 mV peak,
B1,A4,146.0,146.3000,VGG / supply sidebands,"envelope-reference PWM ripple, fc + 2 x 150 kHz",rel,False,-60.1,-41.0,-105.1,-86.0,pass,pass,"AM index m = 0.6/V x ripple; ripple 0.23 to 0.84 mV (2-pole RC, 1 to 3 kHz)",none needed; derived requirement to WP-PDR-22: PWM ripple at VGG at most 3.3 mV peak,
B1,A4,146.0,146.5000,Si5351 PLL spurs,fractional / integer-boundary spur fc +0.5 MHz (representative),pre,False,-43.0,-23.0,-88.0,-68.0,pass,pass,"PA3FWM tn42b: about -80 dBc in theory, measured worse (Low); offset depends on the fraction","C5: PLL A multiplier rule, fractional part not within 0.002 of an integer (firmware table check); tinySA sweep at the worst channel",
B1,A4,146.0,147.7000,PWM comb,mirror of PWM 150.00 kHz x 962,gva,True,-371.8,-339.7,-416.8,-384.7,pass,pass,"3.3 V GPIO, tr 2 to 5 ns, every 25th line of the comb shown","none needed (coherent 150 kHz comb, ADR-031 rule 3)",
B1,A4,146.0,148.0000,Si5351 PLL spurs,6 coincident lines at 148.000 MHz (amplitude sum),pre,False,-43.1,-17.8,-88.1,-62.8,not shown,pass,"PA3FWM tn42b: about -80 dBc in theory, measured worse (Low); offset depends on the fraction","C1 puts every on-die product on the 12 MHz grid (120, 132, 144, 156, 168 MHz); level: L1 to L3; C2: clk_adc from PLL_SYS / 2 (AUXSRC CLKSRC_PLL_SYS, DIV 2) enabled only for conversion bursts (ENABLE bit); C3: PLL_USB powered down (PWR.PD, VCOPD) outside USB; C5: PLL A multiplier rule, fractional part not within 0.002 of an integer (firmware table check); tinySA sweep at the worst channel; F3: GVA-84+ supply through a ferrite bead and 22 uF (ripple at most 3 mV at 1 to 10 MHz); derived requirement to WP-PDR-22 and WP-PDR-24; cannot be moved (Pico 2 crystal); level: layout rules L1 to L3; tinySA sweep","mirror of XOSC 12 MHz x 12: -101.0 to -44.5 dBm | mirror of 2 x 150 - 13 x 12 MHz: -105.0 to -43.1 dBm | mirror of clk_adc 48 MHz x 3 (continuous): -111.5 to -54.0 dBm | mirror of PLL_USB 48 MHz x 3 (running): -107.0 to -48.0 dBm | fractional / integer-boundary spur fc +2 MHz (representative): -43.1 to -23.1 dBm | RT6150 (Pico 2, about 2 MHz, Low) ripple on the GVA-84+ bias, fc + 1 x 2 MHz: -58.3 to -27.8 dBm"
B1,A4,146.0,148.0500,PWM comb,PWM 150.00 kHz x 987,gva,False,-103.3,-70.6,-148.3,-115.6,pass,pass,"3.3 V GPIO, tr 2 to 5 ns, every 25th line of the comb shown","none needed (coherent 150 kHz comb, ADR-031 rule 3)",
B1,A4,146.0,149.0000,VGG / supply sidebands,"RP2350 core regulator (3 MHz typ) ripple on the GVA-84+ bias, fc + 1 x 3 MHz",rel,False,-58.3,-27.8,-103.3,-72.8,pass,pass,ripple 1 to 10 mV at the GVA-84+ Vcc,F3: GVA-84+ supply through a ferrite bead and 22 uF (ripple at most 3 mV at 1 to 10 MHz); derived requirement to WP-PDR-22 and WP-PDR-24,
B1,A4,146.0,150.0000,Si5351 reference 25 MHz,5 coincident lines at 150.000 MHz (amplitude sum),pre,False,-38.2,-7.9,-83.2,-52.9,not shown,not shown,no datasheet figure; below the -35 to -50 dBc output-to-output crosstalk reported for full-swing outputs (Low),"C1: clk_sys = clk_peri = 96 MHz in every state (PLL_SYS FBDIV 120, POSTDIV1 5, POSTDIV2 3); fundamental below 118 MHz, 2nd harmonic 192 MHz; C4: QSPI CLKDIV 2 (48 MHz, lines only on 144.000 MHz) and the transmit-path code and data in SRAM so the flash is idle during key-down; F3: GVA-84+ supply through a ferrite bead and 22 uF (ripple at most 3 mV at 1 to 10 MHz); derived requirement to WP-PDR-22 and WP-PDR-24; L4: TCXO output lead at most 10 mm and at least 8 mm from the CLK1 trace; cannot be moved (Si5351A reference 25 MHz, clock-plan rule 7); level: F1 Si5351 VDD filter; tinySA sweep","clk_sys 150 MHz x 1: -69.0 to -17.2 dBm | QSPI SCK 37.5 MHz x 4: -368.8 to -33.8 dBm | 25 MHz x 6, Si5351 on-die feedthrough to CLK1: -38.2 to -13.2 dBm | 25 MHz x 6, crystal node near CLK1: -80.3 to -46.2 dBm | RT6150 (Pico 2, about 2 MHz, Low) ripple on the GVA-84+ bias, fc + 2 x 2 MHz: -64.3 to -33.8 dBm"
B1,A4,146.0,151.4500,PWM comb,mirror of PWM 150.00 kHz x 937,gva,True,-108.0,-76.5,-153.0,-121.5,pass,pass,"3.3 V GPIO, tr 2 to 5 ns, every 25th line of the comb shown","none needed (coherent 150 kHz comb, ADR-031 rule 3)",
B1,A4,146.0,151.8000,PWM comb,PWM 150.00 kHz x 1012,gva,False,-398.1,-364.8,-443.1,-409.8,pass,pass,"3.3 V GPIO, tr 2 to 5 ns, every 25th line of the comb shown","none needed (coherent 150 kHz comb, ADR-031 rule 3)",
B1,A4,146.0,152.0000,VGG / supply sidebands,2 coincident lines at 152.000 MHz (amplitude sum),rel,False,-64.3,-30.3,-109.3,-75.3,pass,pass,ripple 1 to 10 mV at the GVA-84+ Vcc,F3: GVA-84+ supply through a ferrite bead and 22 uF (ripple at most 3 mV at 1 to 10 MHz); derived requirement to WP-PDR-22 and WP-PDR-24,"RT6150 (Pico 2, about 2 MHz, Low) ripple on the GVA-84+ bias, fc + 3 x 2 MHz: -70.3 to -39.9 dBm | RP2350 core regulator (3 MHz typ) ripple on the GVA-84+ bias, fc + 2 x 3 MHz: -64.3 to -33.9 dBm"
B1,A4,146.0,154.0000,Si5351 PLL B / CLK2,3 coincident lines at 154.000 MHz (amplitude sum),pre,False,-38.5,-14.4,-83.5,-59.4,not shown,not shown,"residual after CLK2 power-down; -35 to -50 dBc when the output runs (pavelmc Si5351_issues, NT7S part 8) (Low)","C1 puts every on-die product on the 12 MHz grid (120, 132, 144, 156, 168 MHz); level: L1 to L3; C6: in transmit PLL B is parked on the PLL A multiplier and CLK2 and CLK0 are powered down and disabled (register 3)","mirror of 1 x 150 - 1 x 12 MHz: -105.0 to -43.2 dBm | mirror of CLK2 BFO product fc - 1 x 8 MHz (CLK2 powered down, PLL B running): -43.7 to -23.7 dBm | CLK2 BFO product fc + 1 x 8 MHz (CLK2 powered down, PLL B running): -38.5 to -18.5 dBm"
B1,A4,146.0,155.0000,VGG / supply sidebands,"RP2350 core regulator (3 MHz typ) ripple on the GVA-84+ bias, fc + 3 x 3 MHz",rel,False,-70.3,-39.9,-115.3,-84.9,pass,pass,ripple 1 to 10 mV at the GVA-84+ Vcc,F3: GVA-84+ supply through a ferrite bead and 22 uF (ripple at most 3 mV at 1 to 10 MHz); derived requirement to WP-PDR-22 and WP-PDR-24,
B1,A4,146.0,155.2000,PWM comb,mirror of PWM 150.00 kHz x 912,gva,True,-364.5,-333.5,-409.5,-378.5,pass,pass,"3.3 V GPIO, tr 2 to 5 ns, every 25th line of the comb shown","none needed (coherent 150 kHz comb, ADR-031 rule 3)",
B1,A4,146.0,155.5500,PWM comb,PWM 150.00 kHz x 1037,gva,False,-104.9,-70.8,-149.9,-115.8,pass,pass,"3.3 V GPIO, tr 2 to 5 ns, every 25th line of the comb shown","none needed (coherent 150 kHz comb, ADR-031 rule 3)",
B1,A4,146.0,156.0000,RP2350 on-die products,2 coincident lines at 156.000 MHz (amplitude sum),gva,False,-95.0,-31.8,-140.0,-76.8,pass,pass,"on-die current into the Pico 2 PDN (0.1 to 0.5 ohm), path pdn 40 to 70 dB","C1 puts every on-die product on the 12 MHz grid (120, 132, 144, 156, 168 MHz); level: L1 to L3; cannot be moved (Pico 2 crystal); level: layout rules L1 to L3; tinySA sweep",XOSC 12 MHz x 13: -95.0 to -38.5 dBm | 2 x 150 - 12 x 12 MHz: -99.0 to -37.2 dBm
B1,A4,146.0,158.6667,Si5351 PLL B / CLK2,mirror of VCO B 800 MHz / 6 through MS1,pre,True,-38.5,-18.5,-83.5,-63.5,not shown,pass,VCO B leakage into MS1 (Low),C6 (as above): VCO B leakage through MS1 then falls on the carrier,
B1,A4,146.0,158.9500,PWM comb,mirror of PWM 150.00 kHz x 887,gva,True,-106.9,-76.5,-151.9,-121.5,pass,pass,"3.3 V GPIO, tr 2 to 5 ns, every 25th line of the comb shown","none needed (coherent 150 kHz comb, ADR-031 rule 3)",
B1,A4,146.0,159.3000,PWM comb,PWM 150.00 kHz x 1062,gva,False,-362.0,-327.2,-407.0,-372.2,pass,pass,"3.3 V GPIO, tr 2 to 5 ns, every 25th line of the comb shown","none needed (coherent 150 kHz comb, ADR-031 rule 3)",
B1,A4,146.0,160.0000,RP2350 on-die products,2 coincident lines at 160.000 MHz (amplitude sum),gva,True,-101.1,-37.8,-146.1,-82.8,pass,pass,"on-die current into the Pico 2 PDN (0.1 to 0.5 ohm), path pdn 40 to 70 dB","C1 puts every on-die product on the 12 MHz grid (120, 132, 144, 156, 168 MHz); level: L1 to L3; cannot be moved (Pico 2 crystal); level: layout rules L1 to L3; tinySA sweep",mirror of XOSC 12 MHz x 11: -101.1 to -44.6 dBm | mirror of 2 x 150 - 14 x 12 MHz: -105.1 to -43.2 dBm
B1,A4,146.0,162.0000,Si5351 PLL B / CLK2,3 coincident lines at 162.000 MHz (amplitude sum),pre,False,-39.1,-14.4,-84.1,-59.4,not shown,not shown,"residual after CLK2 power-down; -35 to -50 dBc when the output runs (pavelmc Si5351_issues, NT7S part 8) (Low)","C1 puts every on-die product on the 12 MHz grid (120, 132, 144, 156, 168 MHz); level: L1 to L3; C6: in transmit PLL B is parked on the PLL A multiplier and CLK2 and CLK0 are powered down and disabled (register 3)","1 x 150 + 1 x 12 MHz: -99.1 to -37.3 dBm | mirror of CLK2 BFO product fc - 2 x 8 MHz (CLK2 powered down, PLL B running): -43.5 to -23.5 dBm | CLK2 BFO product fc + 2 x 8 MHz (CLK2 powered down, PLL B running): -39.1 to -19.1 dBm"
B1,A4,146.0,162.7000,PWM comb,mirror of PWM 150.00 kHz x 862,gva,True,-383.1,-353.1,-428.1,-398.1,pass,pass,"3.3 V GPIO, tr 2 to 5 ns, every 25th line of the comb shown","none needed (coherent 150 kHz comb, ADR-031 rule 3)",
B1,A4,146.0,163.0500,PWM comb,PWM 150.00 kHz x 1087,gva,False,-106.8,-71.1,-151.8,-116.1,pass,pass,"3.3 V GPIO, tr 2 to 5 ns, every 25th line of the comb shown","none needed (coherent 150 kHz comb, ADR-031 rule 3)",
B1,A4,146.0,164.2500,/8 prescaler,4 coincident lines at 164.250 MHz (amplitude sum),pre,False,-29.4,-1.6,-74.4,-46.6,not shown,not shown,"100 pF tap on CLK1, shared VCC: fc +/- fc/8 sidebands (Low)","C7: prescaler fed through 330 ohm in series (after the 100 pF), each 74LVC1G80 on its own bead-and-100 nF supply; C8: 470 ohm series resistor at the /8 output and the /8 trace 15 to 25 mm from the CLK1 net (L5); option C9 (/4 prescaler) moves both lines out of the window but needs a REQ-TX-013 CR",mirror of /8 output x 7 (7/8 fc) on the trace: -48.3 to -19.1 dBm | mirror of /8 kickback sideband (7/8 fc): -33.6 to -13.6 dBm | /8 output x 9 (9/8 fc) on the trace: -44.9 to -15.1 dBm | /8 kickback sideband (9/8 fc): -29.4 to -9.4 dBm
B1,A4,146.0,166.0000,RP2350 on-die products,mirror of 1 x 150 - 2 x 12 MHz,gva,True,-105.4,-43.6,-150.4,-88.6,pass,pass,"on-die current into the Pico 2 PDN (0.1 to 0.5 ohm), path pdn 40 to 70 dB","C1 puts every on-die product on the 12 MHz grid (120, 132, 144, 156, 168 MHz); level: L1 to L3",
B1,A4,146.0,166.4500,PWM comb,mirror of PWM 150.00 kHz x 837,gva,True,-106.3,-76.7,-151.3,-121.7,pass,pass,"3.3 V GPIO, tr 2 to 5 ns, every 25th line of the comb shown","none needed (coherent 150 kHz comb, ADR-031 rule 3)",
B1,A4,146.0,166.8000,PWM comb,PWM 150.00 kHz x 1112,gva,False,-369.9,-333.2,-414.9,-378.2,pass,pass,"3.3 V GPIO, tr 2 to 5 ns, every 25th line of the comb shown","none needed (coherent 150 kHz comb, ADR-031 rule 3)",
B1,A4,146.0,167.0000,Si5351 reference 25 MHz,2 coincident lines at 167.000 MHz (amplitude sum),pre,True,-43.8,-18.6,-88.8,-63.6,not shown,pass,no datasheet figure; below the -35 to -50 dBc output-to-output crosstalk reported for full-swing outputs (Low),"L4: TCXO output lead at most 10 mm and at least 8 mm from the CLK1 trace; cannot be moved (Si5351A reference 25 MHz, clock-plan rule 7); level: F1 Si5351 VDD filter; tinySA sweep","mirror of 25 MHz x 5, Si5351 on-die feedthrough to CLK1: -43.8 to -18.8 dBm | mirror of 25 MHz x 5, crystal node near CLK1: -87.4 to -53.3 dBm"
B1,A4,146.0,168.0000,RP2350 on-die products,2 coincident lines at 168.000 MHz (amplitude sum),gva,False,-95.7,-32.5,-140.7,-77.5,pass,pass,"on-die current into the Pico 2 PDN (0.1 to 0.5 ohm), path pdn 40 to 70 dB","C1 puts every on-die product on the 12 MHz grid (120, 132, 144, 156, 168 MHz); level: L1 to L3; cannot be moved (Pico 2 crystal); level: layout rules L1 to L3; tinySA sweep",XOSC 12 MHz x 14: -95.7 to -39.2 dBm | 2 x 150 - 11 x 12 MHz: -99.7 to -37.8 dBm
B1,A4,146.0,170.2000,PWM comb,mirror of PWM 150.00 kHz x 812,gva,True,-371.4,-342.3,-416.4,-387.3,pass,pass,"3.3 V GPIO, tr 2 to 5 ns, every 25th line of the comb shown","none needed (coherent 150 kHz comb, ADR-031 rule 3)",
B1,A4,146.0,170.5500,PWM comb,PWM 150.00 kHz x 1137,gva,False,-110.0,-72.3,-155.0,-117.3,pass,pass,"3.3 V GPIO, tr 2 to 5 ns, every 25th line of the comb shown","none needed (coherent 150 kHz comb, ADR-031 rule 3)",
B1,A4,146.0,171.0000,Si5351 PLL spurs,PFD reference spur fc + 25 MHz,pre,False,-51.0,-31.0,-96.0,-76.0,pass,pass,"VCO spur at the 25 MHz PFD offset, divided by 6 (-15.6 dB) (Low)",level only (on-die PLL); tinySA sweep,
B1,A4,146.0,172.0000,RP2350 on-die products,2 coincident lines at 172.000 MHz (amplitude sum),gva,True,-102.6,-39.4,-147.6,-84.4,pass,pass,"on-die current into the Pico 2 PDN (0.1 to 0.5 ohm), path pdn 40 to 70 dB","C1 puts every on-die product on the 12 MHz grid (120, 132, 144, 156, 168 MHz); level: L1 to L3; cannot be moved (Pico 2 crystal); level: layout rules L1 to L3; tinySA sweep",mirror of XOSC 12 MHz x 10: -102.6 to -46.1 dBm | mirror of 2 x 150 - 15 x 12 MHz: -106.6 to -44.8 dBm
B1,A4,146.0,173.9500,PWM comb,mirror of PWM 150.00 kHz x 787,gva,True,-107.2,-78.5,-152.2,-123.5,pass,pass,"3.3 V GPIO, tr 2 to 5 ns, every 25th line of the comb shown","none needed (coherent 150 kHz comb, ADR-031 rule 3)",
B1,A4,146.0,174.0000,RP2350 on-die products,1 x 150 + 2 x 12 MHz,gva,False,-101.3,-39.5,-146.3,-84.5,pass,pass,"on-die current into the Pico 2 PDN (0.1 to 0.5 ohm), path pdn 40 to 70 dB","C1 puts every on-die product on the 12 MHz grid (120, 132, 144, 156, 168 MHz); level: L1 to L3",
B1,A4,146.0,174.3000,PWM comb,PWM 150.00 kHz x 1162,gva,False,-391.9,-353.0,-436.9,-398.0,pass,pass,"3.3 V GPIO, tr 2 to 5 ns, every 25th line of the comb shown","none needed (coherent 150 kHz comb, ADR-031 rule 3)",
B1,A4,146.0,175.0000,Si5351 reference 25 MHz,2 coincident lines at 175.000 MHz (amplitude sum),pre,False,-42.6,-17.4,-87.6,-62.4,not shown,pass,no datasheet figure; below the -35 to -50 dBc output-to-output crosstalk reported for full-swing outputs (Low),"L4: TCXO output lead at most 10 mm and at least 8 mm from the CLK1 trace; cannot be moved (Si5351A reference 25 MHz, clock-plan rule 7); level: F1 Si5351 VDD filter; tinySA sweep","25 MHz x 7, Si5351 on-die feedthrough to CLK1: -42.6 to -17.6 dBm | 25 MHz x 7, crystal node near CLK1: -83.4 to -49.3 dBm"
B1,A4,147.95,118.0500,PWM comb,PWM 150.00 kHz x 787,gva,False,-98.7,-70.0,-143.7,-115.0,pass,pass,"3.3 V GPIO, tr 2 to 5 ns, every 25th line of the comb shown","none needed (coherent 150 kHz comb, ADR-031 rule 3)",
B1,A4,147.95,120.0000,RP2350 on-die products,2 coincident lines at 120.000 MHz (amplitude sum),gva,False,-94.8,-31.6,-139.8,-76.6,pass,pass,"on-die current into the Pico 2 PDN (0.1 to 0.5 ohm), path pdn 40 to 70 dB","C1 puts every on-die product on the 12 MHz grid (120, 132, 144, 156, 168 MHz); level: L1 to L3; cannot be moved (Pico 2 crystal); level: layout rules L1 to L3; tinySA sweep",XOSC 12 MHz x 10: -94.8 to -38.3 dBm | 2 x 150 - 15 x 12 MHz: -98.8 to -36.9 dBm
B1,A4,147.95,120.9000,Si5351 reference 25 MHz,2 coincident lines at 120.900 MHz (amplitude sum),pre,True,-45.6,-20.4,-90.6,-65.4,not shown,pass,no datasheet figure; below the -35 to -50 dBc output-to-output crosstalk reported for full-swing outputs (Low),"L4: TCXO output lead at most 10 mm and at least 8 mm from the CLK1 trace; cannot be moved (Si5351A reference 25 MHz, clock-plan rule 7); level: F1 Si5351 VDD filter; tinySA sweep","mirror of 25 MHz x 7, Si5351 on-die feedthrough to CLK1: -45.6 to -20.6 dBm | mirror of 25 MHz x 7, crystal node near CLK1: -86.4 to -52.3 dBm"
B1,A4,147.95,121.6000,PWM comb,mirror of PWM 150.00 kHz x 1162,gva,True,-395.2,-356.3,-440.2,-401.3,pass,pass,"3.3 V GPIO, tr 2 to 5 ns, every 25th line of the comb shown","none needed (coherent 150 kHz comb, ADR-031 rule 3)",
B1,A4,147.95,121.8000,PWM comb,PWM 150.00 kHz x 812,gva,False,-364.1,-334.9,-409.1,-379.9,pass,pass,"3.3 V GPIO, tr 2 to 5 ns, every 25th line of the comb shown","none needed (coherent 150 kHz comb, ADR-031 rule 3)",
B1,A4,147.95,121.9000,RP2350 on-die products,mirror of 1 x 150 + 2 x 12 MHz,gva,True,-104.8,-42.9,-149.8,-87.9,pass,pass,"on-die current into the Pico 2 PDN (0.1 to 0.5 ohm), path pdn 40 to 70 dB","C1 puts every on-die product on the 12 MHz grid (120, 132, 144, 156, 168 MHz); level: L1 to L3",
B1,A4,147.95,122.9500,Si5351 PLL spurs,PFD reference spur fc - 25 MHz,pre,False,-46.8,-26.8,-91.8,-71.8,pass,pass,"VCO spur at the 25 MHz PFD offset, divided by 6 (-15.6 dB) (Low)",level only (on-die PLL); tinySA sweep,
B1,A4,147.95,125.0000,Si5351 reference 25 MHz,2 coincident lines at 125.000 MHz (amplitude sum),pre,False,-36.9,-11.7,-81.9,-56.7,not shown,not shown,no datasheet figure; below the -35 to -50 dBc output-to-output crosstalk reported for full-swing outputs (Low),"L4: TCXO output lead at most 10 mm and at least 8 mm from the CLK1 trace; cannot be moved (Si5351A reference 25 MHz, clock-plan rule 7); level: F1 Si5351 VDD filter; tinySA sweep","25 MHz x 5, Si5351 on-die feedthrough to CLK1: -36.9 to -11.9 dBm | 25 MHz x 5, crystal node near CLK1: -80.6 to -46.5 dBm"
B1,A4,147.95,125.3500,PWM comb,mirror of PWM 150.00 kHz x 1137,gva,True,-114.6,-76.9,-159.6,-121.9,pass,pass,"3.3 V GPIO, tr 2 to 5 ns, every 25th line of the comb shown","none needed (coherent 150 kHz comb, ADR-031 rule 3)",
B1,A4,147.95,125.5500,PWM comb,PWM 150.00 kHz x 837,gva,False,-99.6,-70.1,-144.6,-115.1,pass,pass,"3.3 V GPIO, tr 2 to 5 ns, every 25th line of the comb shown","none needed (coherent 150 kHz comb, ADR-031 rule 3)",
B1,A4,147.95,126.0000,RP2350 on-die products,1 x 150 - 2 x 12 MHz,gva,False,-98.8,-36.9,-143.8,-81.9,pass,pass,"on-die current into the Pico 2 PDN (0.1 to 0.5 ohm), path pdn 40 to 70 dB","C1 puts every on-die product on the 12 MHz grid (120, 132, 144, 156, 168 MHz); level: L1 to L3",
B1,A4,147.95,127.9000,RP2350 on-die products,2 coincident lines at 127.900 MHz (amplitude sum),gva,True,-100.8,-37.6,-145.8,-82.6,pass,pass,"on-die current into the Pico 2 PDN (0.1 to 0.5 ohm), path pdn 40 to 70 dB","C1 puts every on-die product on the 12 MHz grid (120, 132, 144, 156, 168 MHz); level: L1 to L3; cannot be moved (Pico 2 crystal); level: layout rules L1 to L3; tinySA sweep",mirror of XOSC 12 MHz x 14: -100.8 to -44.3 dBm | mirror of 2 x 150 - 11 x 12 MHz: -104.8 to -42.9 dBm
B1,A4,147.95,129.1000,PWM comb,mirror of PWM 150.00 kHz x 1112,gva,True,-375.1,-338.5,-420.1,-383.5,pass,pass,"3.3 V GPIO, tr 2 to 5 ns, every 25th line of the comb shown","none needed (coherent 150 kHz comb, ADR-031 rule 3)",
B1,A4,147.95,129.3000,PWM comb,PWM 150.00 kHz x 862,gva,False,-376.8,-346.8,-421.8,-391.8,pass,pass,"3.3 V GPIO, tr 2 to 5 ns, every 25th line of the comb shown","none needed (coherent 150 kHz comb, ADR-031 rule 3)",
B1,A4,147.95,129.4562,/8 prescaler,4 coincident lines at 129.456 MHz (amplitude sum),pre,False,-27.0,-0.4,-72.0,-45.4,not shown,not shown,"100 pF tap on CLK1, shared VCC: fc +/- fc/8 sidebands (Low)","C7: prescaler fed through 330 ohm in series (after the 100 pF), each 74LVC1G80 on its own bead-and-100 nF supply; C8: 470 ohm series resistor at the /8 output and the /8 trace 15 to 25 mm from the CLK1 net (L5); option C9 (/4 prescaler) moves both lines out of the window but needs a REQ-TX-013 CR",/8 output x 7 (7/8 fc) on the trace: -41.7 to -12.5 dBm | /8 kickback sideband (7/8 fc): -27.0 to -7.0 dBm | mirror of /8 output x 9 (9/8 fc) on the trace: -50.5 to -20.6 dBm | mirror of /8 kickback sideband (9/8 fc): -35.0 to -15.0 dBm
B1,A4,147.95,131.9500,Si5351 PLL B / CLK2,2 coincident lines at 131.950 MHz (amplitude sum),pre,False,-37.1,-14.1,-82.1,-59.1,not shown,not shown,"residual after CLK2 power-down; -35 to -50 dBc when the output runs (pavelmc Si5351_issues, NT7S part 8) (Low)",C6: in transmit PLL B is parked on the PLL A multiplier and CLK2 and CLK0 are powered down and disabled (register 3),"CLK2 BFO product fc - 2 x 8 MHz (CLK2 powered down, PLL B running): -37.1 to -17.1 dBm | mirror of CLK2 BFO product fc + 2 x 8 MHz (CLK2 powered down, PLL B running): -44.8 to -24.8 dBm"
B1,A4,147.95,132.0000,RP2350 on-die products,2 coincident lines at 132.000 MHz (amplitude sum),gva,False,-94.8,-31.6,-139.8,-76.6,pass,pass,"on-die current into the Pico 2 PDN (0.1 to 0.5 ohm), path pdn 40 to 70 dB","C1 puts every on-die product on the 12 MHz grid (120, 132, 144, 156, 168 MHz); level: L1 to L3; cannot be moved (Pico 2 crystal); level: layout rules L1 to L3; tinySA sweep",XOSC 12 MHz x 11: -94.8 to -38.3 dBm | 2 x 150 - 14 x 12 MHz: -98.8 to -37.0 dBm
B1,A4,147.95,132.8500,PWM comb,mirror of PWM 150.00 kHz x 1087,gva,True,-112.4,-76.8,-157.4,-121.8,pass,pass,"3.3 V GPIO, tr 2 to 5 ns, every 25th line of the comb shown","none needed (coherent 150 kHz comb, ADR-031 rule 3)",
B1,A4,147.95,133.0500,PWM comb,PWM 150.00 kHz x 887,gva,False,-100.7,-70.2,-145.7,-115.2,pass,pass,"3.3 V GPIO, tr 2 to 5 ns, every 25th line of the comb shown","none needed (coherent 150 kHz comb, ADR-031 rule 3)",
B1,A4,147.95,133.3333,Si5351 PLL B / CLK2,VCO B 800 MHz / 6 through MS1,pre,False,-32.2,-12.2,-77.2,-57.2,not shown,not shown,VCO B leakage into MS1 (Low),C6 (as above): VCO B leakage through MS1 then falls on the carrier,
B1,A4,147.95,133.9000,RP2350 on-die products,mirror of 1 x 150 + 1 x 12 MHz,gva,True,-104.8,-43.0,-149.8,-88.0,pass,pass,"on-die current into the Pico 2 PDN (0.1 to 0.5 ohm), path pdn 40 to 70 dB","C1 puts every on-die product on the 12 MHz grid (120, 132, 144, 156, 168 MHz); level: L1 to L3",
B1,A4,147.95,136.6000,PWM comb,mirror of PWM 150.00 kHz x 1062,gva,True,-367.8,-333.0,-412.8,-378.0,pass,pass,"3.3 V GPIO, tr 2 to 5 ns, every 25th line of the comb shown","none needed (coherent 150 kHz comb, ADR-031 rule 3)",
B1,A4,147.95,136.8000,PWM comb,PWM 150.00 kHz x 912,gva,False,-358.3,-327.3,-403.3,-372.3,pass,pass,"3.3 V GPIO, tr 2 to 5 ns, every 25th line of the comb shown","none needed (coherent 150 kHz comb, ADR-031 rule 3)",
B1,A4,147.95,138.0000,RP2350 on-die products,1 x 150 - 1 x 12 MHz,gva,False,-98.9,-37.0,-143.9,-82.0,pass,pass,"on-die current into the Pico 2 PDN (0.1 to 0.5 ohm), path pdn 40 to 70 dB","C1 puts every on-die product on the 12 MHz grid (120, 132, 144, 156, 168 MHz); level: L1 to L3",
B1,A4,147.95,138.9500,VGG / supply sidebands,"RP2350 core regulator (3 MHz typ) ripple on the GVA-84+ bias, fc - 3 x 3 MHz",rel,False,-70.2,-39.7,-115.2,-84.7,pass,pass,ripple 1 to 10 mV at the GVA-84+ Vcc,F3: GVA-84+ supply through a ferrite bead and 22 uF (ripple at most 3 mV at 1 to 10 MHz); derived requirement to WP-PDR-22 and WP-PDR-24,
B1,A4,147.95,139.9000,RP2350 on-die products,2 coincident lines at 139.900 MHz (amplitude sum),gva,True,-100.9,-37.7,-145.9,-82.7,pass,pass,"on-die current into the Pico 2 PDN (0.1 to 0.5 ohm), path pdn 40 to 70 dB","C1 puts every on-die product on the 12 MHz grid (120, 132, 144, 156, 168 MHz); level: L1 to L3; cannot be moved (Pico 2 crystal); level: layout rules L1 to L3; tinySA sweep",mirror of XOSC 12 MHz x 13: -100.9 to -44.4 dBm | mirror of 2 x 150 - 12 x 12 MHz: -104.9 to -43.0 dBm
B1,A4,147.95,139.9500,Si5351 PLL B / CLK2,2 coincident lines at 139.950 MHz (amplitude sum),pre,False,-37.5,-14.3,-82.5,-59.3,not shown,not shown,"residual after CLK2 power-down; -35 to -50 dBc when the output runs (pavelmc Si5351_issues, NT7S part 8) (Low)",C6: in transmit PLL B is parked on the PLL A multiplier and CLK2 and CLK0 are powered down and disabled (register 3),"CLK2 BFO product fc - 1 x 8 MHz (CLK2 powered down, PLL B running): -37.5 to -17.5 dBm | mirror of CLK2 BFO product fc + 1 x 8 MHz (CLK2 powered down, PLL B running): -44.4 to -24.4 dBm"
B1,A4,147.95,140.3500,PWM comb,mirror of PWM 150.00 kHz x 1037,gva,True,-110.7,-76.7,-155.7,-121.7,pass,pass,"3.3 V GPIO, tr 2 to 5 ns, every 25th line of the comb shown","none needed (coherent 150 kHz comb, ADR-031 rule 3)",
B1,A4,147.95,140.5500,PWM comb,PWM 150.00 kHz x 937,gva,False,-101.9,-70.4,-146.9,-115.4,pass,pass,"3.3 V GPIO, tr 2 to 5 ns, every 25th line of the comb shown","none needed (coherent 150 kHz comb, ADR-031 rule 3)",
B1,A4,147.95,141.9500,VGG / supply sidebands,2 coincident lines at 141.950 MHz (amplitude sum),rel,False,-64.2,-30.2,-109.2,-75.2,pass,pass,ripple 1 to 10 mV at the GVA-84+ Vcc,F3: GVA-84+ supply through a ferrite bead and 22 uF (ripple at most 3 mV at 1 to 10 MHz); derived requirement to WP-PDR-22 and WP-PDR-24,"RT6150 (Pico 2, about 2 MHz, Low) ripple on the GVA-84+ bias, fc - 3 x 2 MHz: -70.2 to -39.7 dBm | RP2350 core regulator (3 MHz typ) ripple on the GVA-84+ bias, fc - 2 x 3 MHz: -64.2 to -33.7 dBm"
B1,A4,147.95,143.9500,VGG / supply sidebands,"RT6150 (Pico 2, about 2 MHz, Low) ripple on the GVA-84+ bias, fc - 2 x 2 MHz",rel,False,-64.2,-33.8,-109.2,-78.8,pass,pass,ripple 1 to 10 mV at the GVA-84+ Vcc,F3: GVA-84+ supply through a ferrite bead and 22 uF (ripple at most 3 mV at 1 to 10 MHz); derived requirement to WP-PDR-22 and WP-PDR-24,
B1,A4,147.95,144.0000,RP2350 on-die products,4 coincident lines at 144.000 MHz (amplitude sum),gva,False,-94.9,-28.4,-139.9,-73.4,pass,pass,"on-die current into the Pico 2 PDN (0.1 to 0.5 ohm), path pdn 40 to 70 dB","C1 puts every on-die product on the 12 MHz grid (120, 132, 144, 156, 168 MHz); level: L1 to L3; C2: clk_adc from PLL_SYS / 2 (AUXSRC CLKSRC_PLL_SYS, DIV 2) enabled only for conversion bursts (ENABLE bit); C3: PLL_USB powered down (PWR.PD, VCOPD) outside USB; cannot be moved (Pico 2 crystal); level: layout rules L1 to L3; tinySA sweep",XOSC 12 MHz x 12: -94.9 to -38.4 dBm | 2 x 150 - 13 x 12 MHz: -98.9 to -37.1 dBm | clk_adc 48 MHz x 3 (continuous): -105.4 to -48.0 dBm | PLL_USB 48 MHz x 3 (running): -101.0 to -41.9 dBm
B1,A4,147.95,144.1000,PWM comb,mirror of PWM 150.00 kHz x 1012,gva,True,-404.0,-370.7,-449.0,-415.7,pass,pass,"3.3 V GPIO, tr 2 to 5 ns, every 25th line of the comb shown","none needed (coherent 150 kHz comb, ADR-031 rule 3)",
B1,A4,147.95,144.3000,PWM comb,PWM 150.00 kHz x 962,gva,False,-365.7,-333.7,-410.7,-378.7,pass,pass,"3.3 V GPIO, tr 2 to 5 ns, every 25th line of the comb shown","none needed (coherent 150 kHz comb, ADR-031 rule 3)",
B1,A4,147.95,144.9500,VGG / supply sidebands,"RP2350 core regulator (3 MHz typ) ripple on the GVA-84+ bias, fc - 1 x 3 MHz",rel,False,-58.2,-27.8,-103.2,-72.8,pass,pass,ripple 1 to 10 mV at the GVA-84+ Vcc,F3: GVA-84+ supply through a ferrite bead and 22 uF (ripple at most 3 mV at 1 to 10 MHz); derived requirement to WP-PDR-22 and WP-PDR-24,
B1,A4,147.95,145.9000,Si5351 reference 25 MHz,4 coincident lines at 145.900 MHz (amplitude sum),pre,True,-44.1,-14.3,-89.1,-59.3,not shown,not shown,no datasheet figure; below the -35 to -50 dBc output-to-output crosstalk reported for full-swing outputs (Low),"C1: clk_sys = clk_peri = 96 MHz in every state (PLL_SYS FBDIV 120, POSTDIV1 5, POSTDIV2 3); fundamental below 118 MHz, 2nd harmonic 192 MHz; C4: QSPI CLKDIV 2 (48 MHz, lines only on 144.000 MHz) and the transmit-path code and data in SRAM so the flash is idle during key-down; L4: TCXO output lead at most 10 mm and at least 8 mm from the CLK1 trace; cannot be moved (Si5351A reference 25 MHz, clock-plan rule 7); level: F1 Si5351 VDD filter; tinySA sweep","mirror of clk_sys 150 MHz x 1: -74.9 to -23.1 dBm | mirror of QSPI SCK 37.5 MHz x 4: -374.8 to -39.8 dBm | mirror of 25 MHz x 6, Si5351 on-die feedthrough to CLK1: -44.1 to -19.1 dBm | mirror of 25 MHz x 6, crystal node near CLK1: -86.2 to -52.1 dBm"
B1,A4,147.95,145.9500,Si5351 PLL spurs,2 coincident lines at 145.950 MHz (amplitude sum),pre,False,-42.9,-19.0,-87.9,-64.0,not shown,pass,"PA3FWM tn42b: about -80 dBc in theory, measured worse (Low); offset depends on the fraction","C5: PLL A multiplier rule, fractional part not within 0.002 of an integer (firmware table check); tinySA sweep at the worst channel; F3: GVA-84+ supply through a ferrite bead and 22 uF (ripple at most 3 mV at 1 to 10 MHz); derived requirement to WP-PDR-22 and WP-PDR-24","fractional / integer-boundary spur fc -2 MHz (representative): -42.9 to -22.9 dBm | RT6150 (Pico 2, about 2 MHz, Low) ripple on the GVA-84+ bias, fc - 1 x 2 MHz: -58.2 to -27.8 dBm"
B1,A4,147.95,147.4500,Si5351 PLL spurs,fractional / integer-boundary spur fc -0.5 MHz (representative),pre,False,-43.0,-23.0,-88.0,-68.0,not shown,pass,"PA3FWM tn42b: about -80 dBc in theory, measured worse (Low); offset depends on the fraction","C5: PLL A multiplier rule, fractional part not within 0.002 of an integer (firmware table check); tinySA sweep at the worst channel",
B1,A4,147.95,147.6500,VGG / supply sidebands,"envelope-reference PWM ripple, fc - 2 x 150 kHz",rel,False,-60.1,-41.0,-105.1,-86.0,pass,pass,"AM index m = 0.6/V x ripple; ripple 0.23 to 0.84 mV (2-pole RC, 1 to 3 kHz)",none needed; derived requirement to WP-PDR-22: PWM ripple at VGG at most 3.3 mV peak,
B1,A4,147.95,147.8000,VGG / supply sidebands,"envelope-reference PWM ripple, fc - 1 x 150 kHz",rel,False,-54.1,-35.0,-99.1,-80.0,pass,pass,"AM index m = 0.6/V x ripple; ripple 0.23 to 0.84 mV (2-pole RC, 1 to 3 kHz)",none needed; derived requirement to WP-PDR-22: PWM ripple at VGG at most 3.3 mV peak,
B1,A4,147.95,147.8500,PWM comb,mirror of PWM 150.00 kHz x 987,gva,True,-109.3,-76.6,-154.3,-121.6,pass,pass,"3.3 V GPIO, tr 2 to 5 ns, every 25th line of the comb shown","none needed (coherent 150 kHz comb, ADR-031 rule 3)",
B1,A4,147.95,148.0500,PWM comb,PWM 150.00 kHz x 987,gva,False,-103.3,-70.6,-148.3,-115.6,pass,pass,"3.3 V GPIO, tr 2 to 5 ns, every 25th line of the comb shown","none needed (coherent 150 kHz comb, ADR-031 rule 3)",
B1,A4,147.95,148.1000,VGG / supply sidebands,"envelope-reference PWM ripple, fc + 1 x 150 kHz",rel,False,-54.1,-35.0,-99.1,-80.0,pass,pass,"AM index m = 0.6/V x ripple; ripple 0.23 to 0.84 mV (2-pole RC, 1 to 3 kHz)",none needed; derived requirement to WP-PDR-22: PWM ripple at VGG at most 3.3 mV peak,
B1,A4,147.95,148.2500,VGG / supply sidebands,"envelope-reference PWM ripple, fc + 2 x 150 kHz",rel,False,-60.1,-41.0,-105.1,-86.0,pass,pass,"AM index m = 0.6/V x ripple; ripple 0.23 to 0.84 mV (2-pole RC, 1 to 3 kHz)",none needed; derived requirement to WP-PDR-22: PWM ripple at VGG at most 3.3 mV peak,
B1,A4,147.95,148.4500,Si5351 PLL spurs,fractional / integer-boundary spur fc +0.5 MHz (representative),pre,False,-43.0,-23.0,-88.0,-68.0,pass,pass,"PA3FWM tn42b: about -80 dBc in theory, measured worse (Low); offset depends on the fraction","C5: PLL A multiplier rule, fractional part not within 0.002 of an integer (firmware table check); tinySA sweep at the worst channel",
B1,A4,147.95,149.9500,Si5351 PLL spurs,2 coincident lines at 149.950 MHz (amplitude sum),pre,False,-43.1,-19.1,-88.1,-64.1,not shown,pass,"PA3FWM tn42b: about -80 dBc in theory, measured worse (Low); offset depends on the fraction","C5: PLL A multiplier rule, fractional part not within 0.002 of an integer (firmware table check); tinySA sweep at the worst channel; F3: GVA-84+ supply through a ferrite bead and 22 uF (ripple at most 3 mV at 1 to 10 MHz); derived requirement to WP-PDR-22 and WP-PDR-24","fractional / integer-boundary spur fc +2 MHz (representative): -43.1 to -23.1 dBm | RT6150 (Pico 2, about 2 MHz, Low) ripple on the GVA-84+ bias, fc + 1 x 2 MHz: -58.3 to -27.8 dBm"
B1,A4,147.95,150.0000,Si5351 reference 25 MHz,4 coincident lines at 150.000 MHz (amplitude sum),pre,False,-38.1,-8.3,-83.1,-53.3,not shown,not shown,no datasheet figure; below the -35 to -50 dBc output-to-output crosstalk reported for full-swing outputs (Low),"C1: clk_sys = clk_peri = 96 MHz in every state (PLL_SYS FBDIV 120, POSTDIV1 5, POSTDIV2 3); fundamental below 118 MHz, 2nd harmonic 192 MHz; C4: QSPI CLKDIV 2 (48 MHz, lines only on 144.000 MHz) and the transmit-path code and data in SRAM so the flash is idle during key-down; L4: TCXO output lead at most 10 mm and at least 8 mm from the CLK1 trace; cannot be moved (Si5351A reference 25 MHz, clock-plan rule 7); level: F1 Si5351 VDD filter; tinySA sweep","clk_sys 150 MHz x 1: -69.0 to -17.1 dBm | QSPI SCK 37.5 MHz x 4: -368.8 to -33.8 dBm | 25 MHz x 6, Si5351 on-die feedthrough to CLK1: -38.1 to -13.1 dBm | 25 MHz x 6, crystal node near CLK1: -80.2 to -46.1 dBm"
B1,A4,147.95,150.9500,VGG / supply sidebands,"RP2350 core regulator (3 MHz typ) ripple on the GVA-84+ bias, fc + 1 x 3 MHz",rel,False,-58.3,-27.8,-103.3,-72.8,pass,pass,ripple 1 to 10 mV at the GVA-84+ Vcc,F3: GVA-84+ supply through a ferrite bead and 22 uF (ripple at most 3 mV at 1 to 10 MHz); derived requirement to WP-PDR-22 and WP-PDR-24,
B1,A4,147.95,151.6000,PWM comb,mirror of PWM 150.00 kHz x 962,gva,True,-371.8,-339.7,-416.8,-384.7,pass,pass,"3.3 V GPIO, tr 2 to 5 ns, every 25th line of the comb shown","none needed (coherent 150 kHz comb, ADR-031 rule 3)",
B1,A4,147.95,151.8000,PWM comb,PWM 150.00 kHz x 1012,gva,False,-398.1,-364.8,-443.1,-409.8,pass,pass,"3.3 V GPIO, tr 2 to 5 ns, every 25th line of the comb shown","none needed (coherent 150 kHz comb, ADR-031 rule 3)",
B1,A4,147.95,151.9000,RP2350 on-die products,4 coincident lines at 151.900 MHz (amplitude sum),gva,True,-101.0,-34.5,-146.0,-79.5,pass,pass,"on-die current into the Pico 2 PDN (0.1 to 0.5 ohm), path pdn 40 to 70 dB","C1 puts every on-die product on the 12 MHz grid (120, 132, 144, 156, 168 MHz); level: L1 to L3; C2: clk_adc from PLL_SYS / 2 (AUXSRC CLKSRC_PLL_SYS, DIV 2) enabled only for conversion bursts (ENABLE bit); C3: PLL_USB powered down (PWR.PD, VCOPD) outside USB; cannot be moved (Pico 2 crystal); level: layout rules L1 to L3; tinySA sweep",mirror of XOSC 12 MHz x 12: -101.0 to -44.5 dBm | mirror of 2 x 150 - 13 x 12 MHz: -105.0 to -43.1 dBm | mirror of clk_adc 48 MHz x 3 (continuous): -111.5 to -54.0 dBm | mirror of PLL_USB 48 MHz x 3 (running): -107.0 to -48.0 dBm
B1,A4,147.95,151.9500,VGG / supply sidebands,"RT6150 (Pico 2, about 2 MHz, Low) ripple on the GVA-84+ bias, fc + 2 x 2 MHz",rel,False,-64.3,-33.8,-109.3,-78.8,pass,pass,ripple 1 to 10 mV at the GVA-84+ Vcc,F3: GVA-84+ supply through a ferrite bead and 22 uF (ripple at most 3 mV at 1 to 10 MHz); derived requirement to WP-PDR-22 and WP-PDR-24,
B1,A4,147.95,153.9500,VGG / supply sidebands,2 coincident lines at 153.950 MHz (amplitude sum),rel,False,-64.3,-30.3,-109.3,-75.3,pass,pass,ripple 1 to 10 mV at the GVA-84+ Vcc,F3: GVA-84+ supply through a ferrite bead and 22 uF (ripple at most 3 mV at 1 to 10 MHz); derived requirement to WP-PDR-22 and WP-PDR-24,"RT6150 (Pico 2, about 2 MHz, Low) ripple on the GVA-84+ bias, fc + 3 x 2 MHz: -70.3 to -39.8 dBm | RP2350 core regulator (3 MHz typ) ripple on the GVA-84+ bias, fc + 2 x 3 MHz: -64.3 to -33.8 dBm"
B1,A4,147.95,155.3500,PWM comb,mirror of PWM 150.00 kHz x 937,gva,True,-108.0,-76.5,-153.0,-121.5,pass,pass,"3.3 V GPIO, tr 2 to 5 ns, every 25th line of the comb shown","none needed (coherent 150 kHz comb, ADR-031 rule 3)",
B1,A4,147.95,155.5500,PWM comb,PWM 150.00 kHz x 1037,gva,False,-104.8,-70.8,-149.8,-115.8,pass,pass,"3.3 V GPIO, tr 2 to 5 ns, every 25th line of the comb shown","none needed (coherent 150 kHz comb, ADR-031 rule 3)",
B1,A4,147.95,155.9500,Si5351 PLL B / CLK2,2 coincident lines at 155.950 MHz (amplitude sum),pre,False,-38.5,-14.7,-83.5,-59.7,not shown,not shown,"residual after CLK2 power-down; -35 to -50 dBc when the output runs (pavelmc Si5351_issues, NT7S part 8) (Low)",C6: in transmit PLL B is parked on the PLL A multiplier and CLK2 and CLK0 are powered down and disabled (register 3),"mirror of CLK2 BFO product fc - 1 x 8 MHz (CLK2 powered down, PLL B running): -43.7 to -23.7 dBm | CLK2 BFO product fc + 1 x 8 MHz (CLK2 powered down, PLL B running): -38.5 to -18.5 dBm"
B1,A4,147.95,156.0000,RP2350 on-die products,2 coincident lines at 156.000 MHz (amplitude sum),gva,False,-95.0,-31.8,-140.0,-76.8,pass,pass,"on-die current into the Pico 2 PDN (0.1 to 0.5 ohm), path pdn 40 to 70 dB","C1 puts every on-die product on the 12 MHz grid (120, 132, 144, 156, 168 MHz); level: L1 to L3; cannot be moved (Pico 2 crystal); level: layout rules L1 to L3; tinySA sweep",XOSC 12 MHz x 13: -95.0 to -38.5 dBm | 2 x 150 - 12 x 12 MHz: -99.0 to -37.2 dBm
B1,A4,147.95,156.9500,VGG / supply sidebands,"RP2350 core regulator (3 MHz typ) ripple on the GVA-84+ bias, fc + 3 x 3 MHz",rel,False,-70.3,-39.9,-115.3,-84.9,pass,pass,ripple 1 to 10 mV at the GVA-84+ Vcc,F3: GVA-84+ supply through a ferrite bead and 22 uF (ripple at most 3 mV at 1 to 10 MHz); derived requirement to WP-PDR-22 and WP-PDR-24,
B1,A4,147.95,157.9000,RP2350 on-die products,mirror of 1 x 150 - 1 x 12 MHz,gva,True,-105.0,-43.2,-150.0,-88.2,pass,pass,"on-die current into the Pico 2 PDN (0.1 to 0.5 ohm), path pdn 40 to 70 dB","C1 puts every on-die product on the 12 MHz grid (120, 132, 144, 156, 168 MHz); level: L1 to L3",
B1,A4,147.95,159.1000,PWM comb,mirror of PWM 150.00 kHz x 912,gva,True,-364.5,-333.5,-409.5,-378.5,pass,pass,"3.3 V GPIO, tr 2 to 5 ns, every 25th line of the comb shown","none needed (coherent 150 kHz comb, ADR-031 rule 3)",
B1,A4,147.95,159.3000,PWM comb,PWM 150.00 kHz x 1062,gva,False,-362.0,-327.2,-407.0,-372.2,pass,pass,"3.3 V GPIO, tr 2 to 5 ns, every 25th line of the comb shown","none needed (coherent 150 kHz comb, ADR-031 rule 3)",
B1,A4,147.95,162.0000,RP2350 on-die products,1 x 150 + 1 x 12 MHz,gva,False,-99.1,-37.3,-144.1,-82.3,pass,pass,"on-die current into the Pico 2 PDN (0.1 to 0.5 ohm), path pdn 40 to 70 dB","C1 puts every on-die product on the 12 MHz grid (120, 132, 144, 156, 168 MHz); level: L1 to L3",
B1,A4,147.95,162.5667,Si5351 PLL B / CLK2,mirror of VCO B 800 MHz / 6 through MS1,pre,True,-38.5,-18.5,-83.5,-63.5,not shown,pass,VCO B leakage into MS1 (Low),C6 (as above): VCO B leakage through MS1 then falls on the carrier,
B1,A4,147.95,162.8500,PWM comb,mirror of PWM 150.00 kHz x 887,gva,True,-107.0,-76.6,-152.0,-121.6,pass,pass,"3.3 V GPIO, tr 2 to 5 ns, every 25th line of the comb shown","none needed (coherent 150 kHz comb, ADR-031 rule 3)",
B1,A4,147.95,163.0500,PWM comb,PWM 150.00 kHz x 1087,gva,False,-106.8,-71.1,-151.8,-116.1,pass,pass,"3.3 V GPIO, tr 2 to 5 ns, every 25th line of the comb shown","none needed (coherent 150 kHz comb, ADR-031 rule 3)",
B1,A4,147.95,163.9000,RP2350 on-die products,2 coincident lines at 163.900 MHz (amplitude sum),gva,True,-101.2,-38.0,-146.2,-83.0,pass,pass,"on-die current into the Pico 2 PDN (0.1 to 0.5 ohm), path pdn 40 to 70 dB","C1 puts every on-die product on the 12 MHz grid (120, 132, 144, 156, 168 MHz); level: L1 to L3; cannot be moved (Pico 2 crystal); level: layout rules L1 to L3; tinySA sweep",mirror of XOSC 12 MHz x 11: -101.2 to -44.7 dBm | mirror of 2 x 150 - 14 x 12 MHz: -105.2 to -43.4 dBm
B1,A4,147.95,163.9500,Si5351 PLL B / CLK2,2 coincident lines at 163.950 MHz (amplitude sum),pre,False,-39.2,-15.1,-84.2,-60.1,not shown,not shown,"residual after CLK2 power-down; -35 to -50 dBc when the output runs (pavelmc Si5351_issues, NT7S part 8) (Low)",C6: in transmit PLL B is parked on the PLL A multiplier and CLK2 and CLK0 are powered down and disabled (register 3),"mirror of CLK2 BFO product fc - 2 x 8 MHz (CLK2 powered down, PLL B running): -43.6 to -23.6 dBm | CLK2 BFO product fc + 2 x 8 MHz (CLK2 powered down, PLL B running): -39.2 to -19.2 dBm"
B1,A4,147.95,166.4437,/8 prescaler,4 coincident lines at 166.444 MHz (amplitude sum),pre,False,-29.6,-1.7,-74.6,-46.7,not shown,not shown,"100 pF tap on CLK1, shared VCC: fc +/- fc/8 sidebands (Low)","C7: prescaler fed through 330 ohm in series (after the 100 pF), each 74LVC1G80 on its own bead-and-100 nF supply; C8: 470 ohm series resistor at the /8 output and the /8 trace 15 to 25 mm from the CLK1 net (L5); option C9 (/4 prescaler) moves both lines out of the window but needs a REQ-TX-013 CR",mirror of /8 output x 7 (7/8 fc) on the trace: -48.4 to -19.2 dBm | mirror of /8 kickback sideband (7/8 fc): -33.7 to -13.7 dBm | /8 output x 9 (9/8 fc) on the trace: -45.1 to -15.3 dBm | /8 kickback sideband (9/8 fc): -29.6 to -9.6 dBm
B1,A4,147.95,166.6000,PWM comb,mirror of PWM 150.00 kHz x 862,gva,True,-383.5,-353.4,-428.5,-398.4,pass,pass,"3.3 V GPIO, tr 2 to 5 ns, every 25th line of the comb shown","none needed (coherent 150 kHz comb, ADR-031 rule 3)",
B1,A4,147.95,166.8000,PWM comb,PWM 150.00 kHz x 1112,gva,False,-369.8,-333.2,-414.8,-378.2,pass,pass,"3.3 V GPIO, tr 2 to 5 ns, every 25th line of the comb shown","none needed (coherent 150 kHz comb, ADR-031 rule 3)",
B1,A4,147.95,168.0000,RP2350 on-die products,2 coincident lines at 168.000 MHz (amplitude sum),gva,False,-95.7,-32.4,-140.7,-77.4,pass,pass,"on-die current into the Pico 2 PDN (0.1 to 0.5 ohm), path pdn 40 to 70 dB","C1 puts every on-die product on the 12 MHz grid (120, 132, 144, 156, 168 MHz); level: L1 to L3; cannot be moved (Pico 2 crystal); level: layout rules L1 to L3; tinySA sweep",XOSC 12 MHz x 14: -95.7 to -39.2 dBm | 2 x 150 - 11 x 12 MHz: -99.7 to -37.8 dBm
B1,A4,147.95,169.9000,RP2350 on-die products,mirror of 1 x 150 - 2 x 12 MHz,gva,True,-106.0,-44.2,-151.0,-89.2,pass,pass,"on-die current into the Pico 2 PDN (0.1 to 0.5 ohm), path pdn 40 to 70 dB","C1 puts every on-die product on the 12 MHz grid (120, 132, 144, 156, 168 MHz); level: L1 to L3",
B1,A4,147.95,170.3500,PWM comb,mirror of PWM 150.00 kHz x 837,gva,True,-107.0,-77.4,-152.0,-122.4,pass,pass,"3.3 V GPIO, tr 2 to 5 ns, every 25th line of the comb shown","none needed (coherent 150 kHz comb, ADR-031 rule 3)",
B1,A4,147.95,170.5500,PWM comb,PWM 150.00 kHz x 1137,gva,False,-110.0,-72.3,-155.0,-117.3,pass,pass,"3.3 V GPIO, tr 2 to 5 ns, every 25th line of the comb shown","none needed (coherent 150 kHz comb, ADR-031 rule 3)",
B1,A4,147.95,170.9000,Si5351 reference 25 MHz,2 coincident lines at 170.900 MHz (amplitude sum),pre,True,-44.4,-19.2,-89.4,-64.2,not shown,pass,no datasheet figure; below the -35 to -50 dBc output-to-output crosstalk reported for full-swing outputs (Low),"L4: TCXO output lead at most 10 mm and at least 8 mm from the CLK1 trace; cannot be moved (Si5351A reference 25 MHz, clock-plan rule 7); level: F1 Si5351 VDD filter; tinySA sweep","mirror of 25 MHz x 5, Si5351 on-die feedthrough to CLK1: -44.4 to -19.4 dBm | mirror of 25 MHz x 5, crystal node near CLK1: -88.1 to -54.0 dBm"
B1,A4,147.95,172.9500,Si5351 PLL spurs,PFD reference spur fc + 25 MHz,pre,False,-51.6,-31.6,-96.6,-76.6,pass,pass,"VCO spur at the 25 MHz PFD offset, divided by 6 (-15.6 dB) (Low)",level only (on-die PLL); tinySA sweep,
B1,A4,147.95,174.0000,RP2350 on-die products,1 x 150 + 2 x 12 MHz,gva,False,-101.3,-39.4,-146.3,-84.4,pass,pass,"on-die current into the Pico 2 PDN (0.1 to 0.5 ohm), path pdn 40 to 70 dB","C1 puts every on-die product on the 12 MHz grid (120, 132, 144, 156, 168 MHz); level: L1 to L3",
B1,A4,147.95,174.1000,PWM comb,mirror of PWM 150.00 kHz x 812,gva,True,-372.6,-343.5,-417.6,-388.5,pass,pass,"3.3 V GPIO, tr 2 to 5 ns, every 25th line of the comb shown","none needed (coherent 150 kHz comb, ADR-031 rule 3)",
B1,A4,147.95,174.3000,PWM comb,PWM 150.00 kHz x 1162,gva,False,-391.9,-353.0,-436.9,-398.0,pass,pass,"3.3 V GPIO, tr 2 to 5 ns, every 25th line of the comb shown","none needed (coherent 150 kHz comb, ADR-031 rule 3)",
B1,A4,147.95,175.0000,Si5351 reference 25 MHz,2 coincident lines at 175.000 MHz (amplitude sum),pre,False,-42.5,-17.3,-87.5,-62.3,not shown,pass,no datasheet figure; below the -35 to -50 dBc output-to-output crosstalk reported for full-swing outputs (Low),"L4: TCXO output lead at most 10 mm and at least 8 mm from the CLK1 trace; cannot be moved (Si5351A reference 25 MHz, clock-plan rule 7); level: F1 Si5351 VDD filter; tinySA sweep","25 MHz x 7, Si5351 on-die feedthrough to CLK1: -42.5 to -17.5 dBm | 25 MHz x 7, crystal node near CLK1: -83.3 to -49.2 dBm"
P,A5,144.05,118.0500,PWM comb,PWM 150.00 kHz x 787,gva,False,-94.2,-64.5,-139.2,-109.5,pass,pass,"3.3 V GPIO, tr 2 to 5 ns, every 25th line of the comb shown","none needed (coherent 150 kHz comb, ADR-031 rule 3)",
P,A5,144.05,119.0500,Si5351 PLL spurs,PFD reference spur fc - 25 MHz,pre,False,-47.0,-27.0,-92.0,-72.0,pass,pass,"VCO spur at the 25 MHz PFD offset, divided by 6 (-15.6 dB) (Low)",level only (on-die PLL); tinySA sweep,
P,A5,144.05,120.0000,RP2350 XOSC 12 MHz,3 coincident lines at 120.000 MHz (amplitude sum),gva,False,-95.2,-34.9,-140.2,-79.9,pass,pass,"on-die current into the Pico 2 PDN (0.1 to 0.5 ohm), path pdn_p 50 to 75 dB","C1 puts every on-die product on the 12 MHz grid (120, 132, 144, 156, 168 MHz); level: L1 to L3; cannot be moved (Pico 2 crystal); level: layout rules L1 to L3; tinySA sweep",XOSC 12 MHz x 10: -95.2 to -42.8 dBm | 1 x 96 + 2 x 12 MHz: -103.1 to -45.3 dBm | 2 x 96 - 6 x 12 MHz: -103.1 to -45.3 dBm
P,A5,144.05,120.1000,RP2350 XOSC 12 MHz,3 coincident lines at 120.100 MHz (amplitude sum),gva,True,-101.2,-40.9,-146.2,-85.9,pass,pass,"on-die current into the Pico 2 PDN (0.1 to 0.5 ohm), path pdn_p 50 to 75 dB","C1 puts every on-die product on the 12 MHz grid (120, 132, 144, 156, 168 MHz); level: L1 to L3; cannot be moved (Pico 2 crystal); level: layout rules L1 to L3; tinySA sweep",mirror of XOSC 12 MHz x 14: -101.2 to -48.8 dBm | mirror of 1 x 96 + 6 x 12 MHz: -109.1 to -51.3 dBm | mirror of 2 x 96 - 2 x 12 MHz: -109.1 to -51.3 dBm
P,A5,144.05,121.3000,PWM comb,mirror of PWM 150.00 kHz x 1112,gva,True,-370.5,-333.0,-415.5,-378.0,pass,pass,"3.3 V GPIO, tr 2 to 5 ns, every 25th line of the comb shown","none needed (coherent 150 kHz comb, ADR-031 rule 3)",
P,A5,144.05,121.8000,PWM comb,PWM 150.00 kHz x 812,gva,False,-359.5,-329.4,-404.5,-374.4,pass,pass,"3.3 V GPIO, tr 2 to 5 ns, every 25th line of the comb shown","none needed (coherent 150 kHz comb, ADR-031 rule 3)",
P,A5,144.05,125.0000,Si5351 reference 25 MHz,2 coincident lines at 125.000 MHz (amplitude sum),pre,False,-37.1,-11.4,-82.1,-56.4,not shown,not shown,no datasheet figure; below the -35 to -50 dBc output-to-output crosstalk reported for full-swing outputs (Low),"L4: TCXO output lead at most 10 mm and at least 8 mm from the CLK1 trace; cannot be moved (Si5351A reference 25 MHz, clock-plan rule 7); level: F1 Si5351 VDD filter; tinySA sweep","25 MHz x 5, Si5351 on-die feedthrough to CLK1: -37.1 to -12.1 dBm | 25 MHz x 5, TCXO lead near CLK1: -67.7 to -33.6 dBm"
P,A5,144.05,125.0500,PWM comb,mirror of PWM 150.00 kHz x 1087,gva,True,-107.8,-71.2,-152.8,-116.2,pass,pass,"3.3 V GPIO, tr 2 to 5 ns, every 25th line of the comb shown","none needed (coherent 150 kHz comb, ADR-031 rule 3)",
P,A5,144.05,125.5500,PWM comb,PWM 150.00 kHz x 837,gva,False,-95.0,-64.6,-140.0,-109.6,pass,pass,"3.3 V GPIO, tr 2 to 5 ns, every 25th line of the comb shown","none needed (coherent 150 kHz comb, ADR-031 rule 3)",
P,A5,144.05,126.0438,/8 prescaler,4 coincident lines at 126.044 MHz (amplitude sum),pre,False,-50.2,-24.3,-95.2,-69.3,pass,pass,"330 ohm series tap (23 dB reverse isolation, derived) and separate supply per flip-flop","C7: prescaler fed through 330 ohm in series (after the 100 pF), each 74LVC1G80 on its own bead-and-100 nF supply; C8: 470 ohm series resistor at the /8 output and the /8 trace 15 to 25 mm from the CLK1 net (L5); option C9 (/4 prescaler) moves both lines out of the window but needs a REQ-TX-013 CR",/8 output x 7 (7/8 fc) on the trace: -60.8 to -37.7 dBm | /8 kickback sideband (7/8 fc): -50.2 to -30.2 dBm | mirror of /8 output x 9 (9/8 fc) on the trace: -71.3 to -47.3 dBm | mirror of /8 kickback sideband (9/8 fc): -57.9 to -37.9 dBm
P,A5,144.05,128.8000,PWM comb,mirror of PWM 150.00 kHz x 1062,gva,True,-363.1,-327.4,-408.1,-372.4,pass,pass,"3.3 V GPIO, tr 2 to 5 ns, every 25th line of the comb shown","none needed (coherent 150 kHz comb, ADR-031 rule 3)",
P,A5,144.05,129.3000,PWM comb,PWM 150.00 kHz x 862,gva,False,-372.2,-341.3,-417.2,-386.3,pass,pass,"3.3 V GPIO, tr 2 to 5 ns, every 25th line of the comb shown","none needed (coherent 150 kHz comb, ADR-031 rule 3)",
P,A5,144.05,132.0000,RP2350 XOSC 12 MHz,3 coincident lines at 132.000 MHz (amplitude sum),gva,False,-95.2,-34.9,-140.2,-79.9,pass,pass,"on-die current into the Pico 2 PDN (0.1 to 0.5 ohm), path pdn_p 50 to 75 dB","C1 puts every on-die product on the 12 MHz grid (120, 132, 144, 156, 168 MHz); level: L1 to L3; cannot be moved (Pico 2 crystal); level: layout rules L1 to L3; tinySA sweep",XOSC 12 MHz x 11: -95.2 to -42.8 dBm | 1 x 96 + 3 x 12 MHz: -103.1 to -45.3 dBm | 2 x 96 - 5 x 12 MHz: -103.1 to -45.3 dBm
P,A5,144.05,132.1000,RP2350 XOSC 12 MHz,3 coincident lines at 132.100 MHz (amplitude sum),gva,True,-101.2,-40.9,-146.2,-85.9,pass,pass,"on-die current into the Pico 2 PDN (0.1 to 0.5 ohm), path pdn_p 50 to 75 dB","C1 puts every on-die product on the 12 MHz grid (120, 132, 144, 156, 168 MHz); level: L1 to L3; cannot be moved (Pico 2 crystal); level: layout rules L1 to L3; tinySA sweep",mirror of XOSC 12 MHz x 13: -101.2 to -48.8 dBm | mirror of 1 x 96 + 5 x 12 MHz: -109.1 to -51.3 dBm | mirror of 2 x 96 - 3 x 12 MHz: -109.1 to -51.3 dBm
P,A5,144.05,132.5500,PWM comb,mirror of PWM 150.00 kHz x 1037,gva,True,-106.1,-71.1,-151.1,-116.1,pass,pass,"3.3 V GPIO, tr 2 to 5 ns, every 25th line of the comb shown","none needed (coherent 150 kHz comb, ADR-031 rule 3)",
P,A5,144.05,133.0500,PWM comb,PWM 150.00 kHz x 887,gva,False,-96.1,-64.7,-141.1,-109.7,pass,pass,"3.3 V GPIO, tr 2 to 5 ns, every 25th line of the comb shown","none needed (coherent 150 kHz comb, ADR-031 rule 3)",
P,A5,144.05,135.0500,VGG / supply sidebands,"RP2350 core regulator (3 MHz typ) ripple on the GVA-84+ bias, fc - 3 x 3 MHz",rel,False,-80.6,-50.2,-125.6,-95.2,pass,pass,ripple 0.3 to 3 mV at the GVA-84+ Vcc,F3: GVA-84+ supply through a ferrite bead and 22 uF (ripple at most 3 mV at 1 to 10 MHz); derived requirement to WP-PDR-22 and WP-PDR-24,
P,A5,144.05,136.3000,PWM comb,mirror of PWM 150.00 kHz x 1012,gva,True,-399.4,-365.1,-444.4,-410.1,pass,pass,"3.3 V GPIO, tr 2 to 5 ns, every 25th line of the comb shown","none needed (coherent 150 kHz comb, ADR-031 rule 3)",
P,A5,144.05,136.8000,PWM comb,PWM 150.00 kHz x 912,gva,False,-353.7,-321.8,-398.7,-366.8,pass,pass,"3.3 V GPIO, tr 2 to 5 ns, every 25th line of the comb shown","none needed (coherent 150 kHz comb, ADR-031 rule 3)",
P,A5,144.05,138.0500,VGG / supply sidebands,2 coincident lines at 138.050 MHz (amplitude sum),rel,False,-74.7,-40.7,-119.7,-85.7,pass,pass,ripple 0.3 to 3 mV at the GVA-84+ Vcc,F3: GVA-84+ supply through a ferrite bead and 22 uF (ripple at most 3 mV at 1 to 10 MHz); derived requirement to WP-PDR-22 and WP-PDR-24,"RT6150 (Pico 2, about 2 MHz, Low) ripple on the GVA-84+ bias, fc - 3 x 2 MHz: -80.7 to -50.2 dBm | RP2350 core regulator (3 MHz typ) ripple on the GVA-84+ bias, fc - 2 x 3 MHz: -74.7 to -44.2 dBm"
P,A5,144.05,138.1000,Si5351 reference 25 MHz,2 coincident lines at 138.100 MHz (amplitude sum),pre,True,-44.2,-18.4,-89.2,-63.4,not shown,pass,no datasheet figure; below the -35 to -50 dBc output-to-output crosstalk reported for full-swing outputs (Low),"L4: TCXO output lead at most 10 mm and at least 8 mm from the CLK1 trace; cannot be moved (Si5351A reference 25 MHz, clock-plan rule 7); level: F1 Si5351 VDD filter; tinySA sweep","mirror of 25 MHz x 6, Si5351 on-die feedthrough to CLK1: -44.2 to -19.2 dBm | mirror of 25 MHz x 6, TCXO lead near CLK1: -73.3 to -39.2 dBm"
P,A5,144.05,140.0500,VGG / supply sidebands,2 coincident lines at 140.050 MHz (amplitude sum),rel,False,-74.7,-43.8,-119.7,-88.8,pass,pass,ripple 0.3 to 3 mV at the GVA-84+ Vcc,"F3: GVA-84+ supply through a ferrite bead and 22 uF (ripple at most 3 mV at 1 to 10 MHz); derived requirement to WP-PDR-22 and WP-PDR-24; none needed (coherent 150 kHz comb, ADR-031 rule 3)","mirror of PWM 150.00 kHz x 987: -104.6 to -71.0 dBm | RT6150 (Pico 2, about 2 MHz, Low) ripple on the GVA-84+ bias, fc - 2 x 2 MHz: -74.7 to -44.2 dBm"
P,A5,144.05,140.5500,PWM comb,PWM 150.00 kHz x 937,gva,False,-97.3,-64.9,-142.3,-109.9,pass,pass,"3.3 V GPIO, tr 2 to 5 ns, every 25th line of the comb shown","none needed (coherent 150 kHz comb, ADR-031 rule 3)",
P,A5,144.05,141.0500,VGG / supply sidebands,"RP2350 core regulator (3 MHz typ) ripple on the GVA-84+ bias, fc - 1 x 3 MHz",rel,False,-68.7,-38.2,-113.7,-83.2,pass,pass,ripple 0.3 to 3 mV at the GVA-84+ Vcc,F3: GVA-84+ supply through a ferrite bead and 22 uF (ripple at most 3 mV at 1 to 10 MHz); derived requirement to WP-PDR-22 and WP-PDR-24,
P,A5,144.05,142.0500,Si5351 PLL spurs,2 coincident lines at 142.050 MHz (amplitude sum),pre,False,-42.9,-21.5,-87.9,-66.5,not shown,pass,"PA3FWM tn42b: about -80 dBc in theory, measured worse (Low); offset depends on the fraction","C5: PLL A multiplier rule, fractional part not within 0.002 of an integer (firmware table check); tinySA sweep at the worst channel; F3: GVA-84+ supply through a ferrite bead and 22 uF (ripple at most 3 mV at 1 to 10 MHz); derived requirement to WP-PDR-22 and WP-PDR-24","fractional / integer-boundary spur fc -2 MHz (representative): -42.9 to -22.9 dBm | RT6150 (Pico 2, about 2 MHz, Low) ripple on the GVA-84+ bias, fc - 1 x 2 MHz: -68.7 to -38.2 dBm"
P,A5,144.05,143.5500,Si5351 PLL spurs,fractional / integer-boundary spur fc -0.5 MHz (representative),pre,False,-43.0,-23.0,-88.0,-68.0,not shown,pass,"PA3FWM tn42b: about -80 dBc in theory, measured worse (Low); offset depends on the fraction","C5: PLL A multiplier rule, fractional part not within 0.002 of an integer (firmware table check); tinySA sweep at the worst channel",
P,A5,144.05,143.7500,VGG / supply sidebands,"envelope-reference PWM ripple, fc - 2 x 150 kHz",rel,False,-60.1,-41.0,-105.1,-86.0,pass,pass,"AM index m = 0.6/V x ripple; ripple 0.23 to 0.84 mV (2-pole RC, 1 to 3 kHz)",none needed; derived requirement to WP-PDR-22: PWM ripple at VGG at most 3.3 mV peak,
P,A5,144.05,143.8000,PWM comb,mirror of PWM 150.00 kHz x 962,gva,True,-367.1,-334.2,-412.1,-379.2,pass,pass,"3.3 V GPIO, tr 2 to 5 ns, every 25th line of the comb shown","none needed (coherent 150 kHz comb, ADR-031 rule 3)",
P,A5,144.05,143.9000,VGG / supply sidebands,"envelope-reference PWM ripple, fc - 1 x 150 kHz",rel,False,-54.1,-35.0,-99.1,-80.0,pass,pass,"AM index m = 0.6/V x ripple; ripple 0.23 to 0.84 mV (2-pole RC, 1 to 3 kHz)",none needed; derived requirement to WP-PDR-22: PWM ripple at VGG at most 3.3 mV peak,
P,A5,144.05,144.0000,RP2350 XOSC 12 MHz,4 coincident lines at 144.000 MHz (amplitude sum),gva,False,-95.4,-34.8,-140.4,-79.8,pass,pass,"on-die current into the Pico 2 PDN (0.1 to 0.5 ohm), path pdn_p 50 to 75 dB","C1 puts every on-die product on the 12 MHz grid (120, 132, 144, 156, 168 MHz); level: L1 to L3; C2: clk_adc from PLL_SYS / 2 (AUXSRC CLKSRC_PLL_SYS, DIV 2) enabled only for conversion bursts (ENABLE bit); C3: PLL_USB powered down (PWR.PD, VCOPD) outside USB; cannot be moved (Pico 2 crystal); level: layout rules L1 to L3; tinySA sweep","XOSC 12 MHz x 12: -95.4 to -42.9 dBm | 1 x 96 + 4 x 12 MHz: -103.2 to -45.5 dBm | 2 x 96 - 4 x 12 MHz: -103.2 to -45.5 dBm | clk_adc 48 MHz x 3 (bursts, PLL_SYS / 2): -128.8 to -69.5 dBm"
P,A5,144.05,144.1000,RP2350 XOSC 12 MHz,4 coincident lines at 144.100 MHz (amplitude sum),gva,True,-101.4,-40.8,-146.4,-85.8,pass,pass,"on-die current into the Pico 2 PDN (0.1 to 0.5 ohm), path pdn_p 50 to 75 dB","C1 puts every on-die product on the 12 MHz grid (120, 132, 144, 156, 168 MHz); level: L1 to L3; C2: clk_adc from PLL_SYS / 2 (AUXSRC CLKSRC_PLL_SYS, DIV 2) enabled only for conversion bursts (ENABLE bit); C3: PLL_USB powered down (PWR.PD, VCOPD) outside USB; cannot be moved (Pico 2 crystal); level: layout rules L1 to L3; tinySA sweep","mirror of XOSC 12 MHz x 12: -101.4 to -48.9 dBm | mirror of 1 x 96 + 4 x 12 MHz: -109.2 to -51.5 dBm | mirror of 2 x 96 - 4 x 12 MHz: -109.2 to -51.5 dBm | mirror of clk_adc 48 MHz x 3 (bursts, PLL_SYS / 2): -134.8 to -75.5 dBm"
P,A5,144.05,144.2000,VGG / supply sidebands,"envelope-reference PWM ripple, fc + 1 x 150 kHz",rel,False,-54.1,-35.0,-99.1,-80.0,pass,pass,"AM index m = 0.6/V x ripple; ripple 0.23 to 0.84 mV (2-pole RC, 1 to 3 kHz)",none needed; derived requirement to WP-PDR-22: PWM ripple at VGG at most 3.3 mV peak,
P,A5,144.05,144.3000,PWM comb,PWM 150.00 kHz x 962,gva,False,-361.1,-328.2,-406.1,-373.2,pass,pass,"3.3 V GPIO, tr 2 to 5 ns, every 25th line of the comb shown","none needed (coherent 150 kHz comb, ADR-031 rule 3)",
P,A5,144.05,144.3500,VGG / supply sidebands,"envelope-reference PWM ripple, fc + 2 x 150 kHz",rel,False,-60.1,-41.0,-105.1,-86.0,pass,pass,"AM index m = 0.6/V x ripple; ripple 0.23 to 0.84 mV (2-pole RC, 1 to 3 kHz)",none needed; derived requirement to WP-PDR-22: PWM ripple at VGG at most 3.3 mV peak,
P,A5,144.05,144.5500,Si5351 PLL spurs,fractional / integer-boundary spur fc +0.5 MHz (representative),pre,False,-43.0,-23.0,-88.0,-68.0,pass,pass,"PA3FWM tn42b: about -80 dBc in theory, measured worse (Low); offset depends on the fraction","C5: PLL A multiplier rule, fractional part not within 0.002 of an integer (firmware table check); tinySA sweep at the worst channel",
P,A5,144.05,146.0500,Si5351 PLL spurs,2 coincident lines at 146.050 MHz (amplitude sum),pre,False,-43.1,-21.7,-88.1,-66.7,not shown,pass,"PA3FWM tn42b: about -80 dBc in theory, measured worse (Low); offset depends on the fraction","C5: PLL A multiplier rule, fractional part not within 0.002 of an integer (firmware table check); tinySA sweep at the worst channel; F3: GVA-84+ supply through a ferrite bead and 22 uF (ripple at most 3 mV at 1 to 10 MHz); derived requirement to WP-PDR-22 and WP-PDR-24","fractional / integer-boundary spur fc +2 MHz (representative): -43.1 to -23.1 dBm | RT6150 (Pico 2, about 2 MHz, Low) ripple on the GVA-84+ bias, fc + 1 x 2 MHz: -68.7 to -38.3 dBm"
P,A5,144.05,147.0500,VGG / supply sidebands,"RP2350 core regulator (3 MHz typ) ripple on the GVA-84+ bias, fc + 1 x 3 MHz",rel,False,-68.8,-38.3,-113.8,-83.3,pass,pass,ripple 0.3 to 3 mV at the GVA-84+ Vcc,F3: GVA-84+ supply through a ferrite bead and 22 uF (ripple at most 3 mV at 1 to 10 MHz); derived requirement to WP-PDR-22 and WP-PDR-24,
P,A5,144.05,147.5500,PWM comb,mirror of PWM 150.00 kHz x 937,gva,True,-103.4,-71.0,-148.4,-116.0,pass,pass,"3.3 V GPIO, tr 2 to 5 ns, every 25th line of the comb shown","none needed (coherent 150 kHz comb, ADR-031 rule 3)",
P,A5,144.05,148.0500,VGG / supply sidebands,2 coincident lines at 148.050 MHz (amplitude sum),rel,False,-74.8,-43.5,-119.8,-88.5,pass,pass,ripple 0.3 to 3 mV at the GVA-84+ Vcc,"F3: GVA-84+ supply through a ferrite bead and 22 uF (ripple at most 3 mV at 1 to 10 MHz); derived requirement to WP-PDR-22 and WP-PDR-24; none needed (coherent 150 kHz comb, ADR-031 rule 3)","PWM 150.00 kHz x 987: -98.7 to -65.1 dBm | RT6150 (Pico 2, about 2 MHz, Low) ripple on the GVA-84+ bias, fc + 2 x 2 MHz: -74.8 to -44.3 dBm"
P,A5,144.05,150.0000,Si5351 reference 25 MHz,2 coincident lines at 150.000 MHz (amplitude sum),pre,False,-38.4,-12.5,-83.4,-57.5,not shown,not shown,no datasheet figure; below the -35 to -50 dBc output-to-output crosstalk reported for full-swing outputs (Low),"L4: TCXO output lead at most 10 mm and at least 8 mm from the CLK1 trace; cannot be moved (Si5351A reference 25 MHz, clock-plan rule 7); level: F1 Si5351 VDD filter; tinySA sweep","25 MHz x 6, Si5351 on-die feedthrough to CLK1: -38.4 to -13.4 dBm | 25 MHz x 6, TCXO lead near CLK1: -67.4 to -33.3 dBm"
P,A5,144.05,150.0500,VGG / supply sidebands,2 coincident lines at 150.050 MHz (amplitude sum),rel,False,-74.8,-40.8,-119.8,-85.8,pass,pass,ripple 0.3 to 3 mV at the GVA-84+ Vcc,F3: GVA-84+ supply through a ferrite bead and 22 uF (ripple at most 3 mV at 1 to 10 MHz); derived requirement to WP-PDR-22 and WP-PDR-24,"RT6150 (Pico 2, about 2 MHz, Low) ripple on the GVA-84+ bias, fc + 3 x 2 MHz: -80.8 to -50.3 dBm | RP2350 core regulator (3 MHz typ) ripple on the GVA-84+ bias, fc + 2 x 3 MHz: -74.8 to -44.3 dBm"
P,A5,144.05,151.3000,PWM comb,mirror of PWM 150.00 kHz x 912,gva,True,-359.8,-328.0,-404.8,-373.0,pass,pass,"3.3 V GPIO, tr 2 to 5 ns, every 25th line of the comb shown","none needed (coherent 150 kHz comb, ADR-031 rule 3)",
P,A5,144.05,151.8000,PWM comb,PWM 150.00 kHz x 1012,gva,False,-393.5,-359.3,-438.5,-404.3,pass,pass,"3.3 V GPIO, tr 2 to 5 ns, every 25th line of the comb shown","none needed (coherent 150 kHz comb, ADR-031 rule 3)",
P,A5,144.05,153.0500,VGG / supply sidebands,"RP2350 core regulator (3 MHz typ) ripple on the GVA-84+ bias, fc + 3 x 3 MHz",rel,False,-80.8,-50.3,-125.8,-95.3,pass,pass,ripple 0.3 to 3 mV at the GVA-84+ Vcc,F3: GVA-84+ supply through a ferrite bead and 22 uF (ripple at most 3 mV at 1 to 10 MHz); derived requirement to WP-PDR-22 and WP-PDR-24,
P,A5,144.05,155.0500,PWM comb,mirror of PWM 150.00 kHz x 887,gva,True,-102.3,-70.9,-147.3,-115.9,pass,pass,"3.3 V GPIO, tr 2 to 5 ns, every 25th line of the comb shown","none needed (coherent 150 kHz comb, ADR-031 rule 3)",
P,A5,144.05,155.5500,PWM comb,PWM 150.00 kHz x 1037,gva,False,-100.3,-65.3,-145.3,-110.3,pass,pass,"3.3 V GPIO, tr 2 to 5 ns, every 25th line of the comb shown","none needed (coherent 150 kHz comb, ADR-031 rule 3)",
P,A5,144.05,156.0000,RP2350 XOSC 12 MHz,3 coincident lines at 156.000 MHz (amplitude sum),gva,False,-95.4,-35.1,-140.4,-80.1,pass,pass,"on-die current into the Pico 2 PDN (0.1 to 0.5 ohm), path pdn_p 50 to 75 dB","C1 puts every on-die product on the 12 MHz grid (120, 132, 144, 156, 168 MHz); level: L1 to L3; cannot be moved (Pico 2 crystal); level: layout rules L1 to L3; tinySA sweep",XOSC 12 MHz x 13: -95.4 to -43.0 dBm | 1 x 96 + 5 x 12 MHz: -103.3 to -45.6 dBm | 2 x 96 - 3 x 12 MHz: -103.3 to -45.6 dBm
P,A5,144.05,156.1000,RP2350 XOSC 12 MHz,3 coincident lines at 156.100 MHz (amplitude sum),gva,True,-101.4,-41.1,-146.4,-86.1,pass,pass,"on-die current into the Pico 2 PDN (0.1 to 0.5 ohm), path pdn_p 50 to 75 dB","C1 puts every on-die product on the 12 MHz grid (120, 132, 144, 156, 168 MHz); level: L1 to L3; cannot be moved (Pico 2 crystal); level: layout rules L1 to L3; tinySA sweep",mirror of XOSC 12 MHz x 11: -101.4 to -49.0 dBm | mirror of 1 x 96 + 3 x 12 MHz: -109.3 to -51.6 dBm | mirror of 2 x 96 - 5 x 12 MHz: -109.3 to -51.6 dBm
P,A5,144.05,158.8000,PWM comb,mirror of PWM 150.00 kHz x 862,gva,True,-378.4,-347.5,-423.4,-392.5,pass,pass,"3.3 V GPIO, tr 2 to 5 ns, every 25th line of the comb shown","none needed (coherent 150 kHz comb, ADR-031 rule 3)",
P,A5,144.05,159.3000,PWM comb,PWM 150.00 kHz x 1062,gva,False,-357.4,-321.7,-402.4,-366.7,pass,pass,"3.3 V GPIO, tr 2 to 5 ns, every 25th line of the comb shown","none needed (coherent 150 kHz comb, ADR-031 rule 3)",
P,A5,144.05,162.0563,/8 prescaler,4 coincident lines at 162.056 MHz (amplitude sum),pre,False,-52.3,-25.4,-97.3,-70.4,pass,pass,"330 ohm series tap (23 dB reverse isolation, derived) and separate supply per flip-flop","C7: prescaler fed through 330 ohm in series (after the 100 pF), each 74LVC1G80 on its own bead-and-100 nF supply; C8: 470 ohm series resistor at the /8 output and the /8 trace 15 to 25 mm from the CLK1 net (L5); option C9 (/4 prescaler) moves both lines out of the window but needs a REQ-TX-013 CR",mirror of /8 output x 7 (7/8 fc) on the trace: -67.1 to -44.0 dBm | mirror of /8 kickback sideband (7/8 fc): -56.5 to -36.5 dBm | /8 output x 9 (9/8 fc) on the trace: -65.6 to -41.7 dBm | /8 kickback sideband (9/8 fc): -52.3 to -32.3 dBm
P,A5,144.05,162.5500,PWM comb,mirror of PWM 150.00 kHz x 837,gva,True,-101.4,-70.9,-146.4,-115.9,pass,pass,"3.3 V GPIO, tr 2 to 5 ns, every 25th line of the comb shown","none needed (coherent 150 kHz comb, ADR-031 rule 3)",
P,A5,144.05,163.0500,PWM comb,PWM 150.00 kHz x 1087,gva,False,-102.2,-65.6,-147.2,-110.6,pass,pass,"3.3 V GPIO, tr 2 to 5 ns, every 25th line of the comb shown","none needed (coherent 150 kHz comb, ADR-031 rule 3)",
P,A5,144.05,163.1000,Si5351 reference 25 MHz,2 coincident lines at 163.100 MHz (amplitude sum),pre,True,-43.5,-17.8,-88.5,-62.8,not shown,pass,no datasheet figure; below the -35 to -50 dBc output-to-output crosstalk reported for full-swing outputs (Low),"L4: TCXO output lead at most 10 mm and at least 8 mm from the CLK1 trace; cannot be moved (Si5351A reference 25 MHz, clock-plan rule 7); level: F1 Si5351 VDD filter; tinySA sweep","mirror of 25 MHz x 5, Si5351 on-die feedthrough to CLK1: -43.5 to -18.5 dBm | mirror of 25 MHz x 5, TCXO lead near CLK1: -74.1 to -40.0 dBm"
P,A5,144.05,166.3000,PWM comb,mirror of PWM 150.00 kHz x 812,gva,True,-366.1,-336.1,-411.1,-381.1,pass,pass,"3.3 V GPIO, tr 2 to 5 ns, every 25th line of the comb shown","none needed (coherent 150 kHz comb, ADR-031 rule 3)",
P,A5,144.05,166.8000,PWM comb,PWM 150.00 kHz x 1112,gva,False,-365.2,-327.7,-410.2,-372.7,pass,pass,"3.3 V GPIO, tr 2 to 5 ns, every 25th line of the comb shown","none needed (coherent 150 kHz comb, ADR-031 rule 3)",
P,A5,144.05,168.0000,RP2350 XOSC 12 MHz,3 coincident lines at 168.000 MHz (amplitude sum),gva,False,-96.1,-35.7,-141.1,-80.7,pass,pass,"on-die current into the Pico 2 PDN (0.1 to 0.5 ohm), path pdn_p 50 to 75 dB","C1 puts every on-die product on the 12 MHz grid (120, 132, 144, 156, 168 MHz); level: L1 to L3; cannot be moved (Pico 2 crystal); level: layout rules L1 to L3; tinySA sweep",XOSC 12 MHz x 14: -96.1 to -43.7 dBm | 1 x 96 + 6 x 12 MHz: -103.9 to -46.2 dBm | 2 x 96 - 2 x 12 MHz: -103.9 to -46.2 dBm
P,A5,144.05,168.1000,RP2350 XOSC 12 MHz,3 coincident lines at 168.100 MHz (amplitude sum),gva,True,-102.1,-41.8,-147.1,-86.8,pass,pass,"on-die current into the Pico 2 PDN (0.1 to 0.5 ohm), path pdn_p 50 to 75 dB","C1 puts every on-die product on the 12 MHz grid (120, 132, 144, 156, 168 MHz); level: L1 to L3; cannot be moved (Pico 2 crystal); level: layout rules L1 to L3; tinySA sweep",mirror of XOSC 12 MHz x 10: -102.1 to -49.7 dBm | mirror of 1 x 96 + 2 x 12 MHz: -110.0 to -52.2 dBm | mirror of 2 x 96 - 6 x 12 MHz: -110.0 to -52.2 dBm
P,A5,144.05,169.0500,Si5351 PLL spurs,PFD reference spur fc + 25 MHz,pre,False,-50.5,-30.5,-95.5,-75.5,pass,pass,"VCO spur at the 25 MHz PFD offset, divided by 6 (-15.6 dB) (Low)",level only (on-die PLL); tinySA sweep,
P,A5,144.05,170.0500,PWM comb,mirror of PWM 150.00 kHz x 787,gva,True,-101.4,-71.8,-146.4,-116.8,pass,pass,"3.3 V GPIO, tr 2 to 5 ns, every 25th line of the comb shown","none needed (coherent 150 kHz comb, ADR-031 rule 3)",
P,A5,144.05,170.5500,PWM comb,PWM 150.00 kHz x 1137,gva,False,-105.4,-66.8,-150.4,-111.8,pass,pass,"3.3 V GPIO, tr 2 to 5 ns, every 25th line of the comb shown","none needed (coherent 150 kHz comb, ADR-031 rule 3)",
P,A5,144.05,174.3000,PWM comb,PWM 150.00 kHz x 1162,gva,False,-387.3,-347.5,-432.3,-392.5,pass,pass,"3.3 V GPIO, tr 2 to 5 ns, every 25th line of the comb shown","none needed (coherent 150 kHz comb, ADR-031 rule 3)",
P,A5,144.05,175.0000,Si5351 reference 25 MHz,2 coincident lines at 175.000 MHz (amplitude sum),pre,False,-42.8,-16.8,-87.8,-61.8,not shown,pass,no datasheet figure; below the -35 to -50 dBc output-to-output crosstalk reported for full-swing outputs (Low),"L4: TCXO output lead at most 10 mm and at least 8 mm from the CLK1 trace; cannot be moved (Si5351A reference 25 MHz, clock-plan rule 7); level: F1 Si5351 VDD filter; tinySA sweep","25 MHz x 7, Si5351 on-die feedthrough to CLK1: -42.8 to -17.8 dBm | 25 MHz x 7, TCXO lead near CLK1: -70.4 to -36.3 dBm"
P,A5,146.0,118.0500,PWM comb,PWM 150.00 kHz x 787,gva,False,-94.0,-64.4,-139.0,-109.4,pass,pass,"3.3 V GPIO, tr 2 to 5 ns, every 25th line of the comb shown","none needed (coherent 150 kHz comb, ADR-031 rule 3)",
P,A5,146.0,120.0000,RP2350 XOSC 12 MHz,3 coincident lines at 120.000 MHz (amplitude sum),gva,False,-95.1,-34.7,-140.1,-79.7,pass,pass,"on-die current into the Pico 2 PDN (0.1 to 0.5 ohm), path pdn_p 50 to 75 dB","C1 puts every on-die product on the 12 MHz grid (120, 132, 144, 156, 168 MHz); level: L1 to L3; cannot be moved (Pico 2 crystal); level: layout rules L1 to L3; tinySA sweep",XOSC 12 MHz x 10: -95.1 to -42.7 dBm | 1 x 96 + 2 x 12 MHz: -103.0 to -45.2 dBm | 2 x 96 - 6 x 12 MHz: -103.0 to -45.2 dBm
P,A5,146.0,121.0000,Si5351 PLL spurs,PFD reference spur fc - 25 MHz,pre,False,-46.9,-26.9,-91.9,-71.9,pass,pass,"VCO spur at the 25 MHz PFD offset, divided by 6 (-15.6 dB) (Low)",level only (on-die PLL); tinySA sweep,
P,A5,146.0,121.4500,PWM comb,mirror of PWM 150.00 kHz x 1137,gva,True,-109.9,-71.3,-154.9,-116.3,pass,pass,"3.3 V GPIO, tr 2 to 5 ns, every 25th line of the comb shown","none needed (coherent 150 kHz comb, ADR-031 rule 3)",
P,A5,146.0,121.8000,PWM comb,PWM 150.00 kHz x 812,gva,False,-359.4,-329.3,-404.4,-374.3,pass,pass,"3.3 V GPIO, tr 2 to 5 ns, every 25th line of the comb shown","none needed (coherent 150 kHz comb, ADR-031 rule 3)",
P,A5,146.0,124.0000,RP2350 XOSC 12 MHz,3 coincident lines at 124.000 MHz (amplitude sum),gva,True,-101.1,-40.7,-146.1,-85.7,pass,pass,"on-die current into the Pico 2 PDN (0.1 to 0.5 ohm), path pdn_p 50 to 75 dB","C1 puts every on-die product on the 12 MHz grid (120, 132, 144, 156, 168 MHz); level: L1 to L3; cannot be moved (Pico 2 crystal); level: layout rules L1 to L3; tinySA sweep",mirror of XOSC 12 MHz x 14: -101.1 to -48.7 dBm | mirror of 1 x 96 + 6 x 12 MHz: -108.9 to -51.2 dBm | mirror of 2 x 96 - 2 x 12 MHz: -108.9 to -51.2 dBm
P,A5,146.0,125.0000,Si5351 reference 25 MHz,2 coincident lines at 125.000 MHz (amplitude sum),pre,False,-37.0,-11.3,-82.0,-56.3,not shown,not shown,no datasheet figure; below the -35 to -50 dBc output-to-output crosstalk reported for full-swing outputs (Low),"L4: TCXO output lead at most 10 mm and at least 8 mm from the CLK1 trace; cannot be moved (Si5351A reference 25 MHz, clock-plan rule 7); level: F1 Si5351 VDD filter; tinySA sweep","25 MHz x 5, Si5351 on-die feedthrough to CLK1: -37.0 to -12.0 dBm | 25 MHz x 5, TCXO lead near CLK1: -67.6 to -33.5 dBm"
P,A5,146.0,125.2000,PWM comb,mirror of PWM 150.00 kHz x 1112,gva,True,-370.4,-332.9,-415.4,-377.9,pass,pass,"3.3 V GPIO, tr 2 to 5 ns, every 25th line of the comb shown","none needed (coherent 150 kHz comb, ADR-031 rule 3)",
P,A5,146.0,125.5500,PWM comb,PWM 150.00 kHz x 837,gva,False,-94.9,-64.5,-139.9,-109.5,pass,pass,"3.3 V GPIO, tr 2 to 5 ns, every 25th line of the comb shown","none needed (coherent 150 kHz comb, ADR-031 rule 3)",
P,A5,146.0,127.7500,/8 prescaler,4 coincident lines at 127.750 MHz (amplitude sum),pre,False,-50.1,-24.3,-95.1,-69.3,pass,pass,"330 ohm series tap (23 dB reverse isolation, derived) and separate supply per flip-flop","C7: prescaler fed through 330 ohm in series (after the 100 pF), each 74LVC1G80 on its own bead-and-100 nF supply; C8: 470 ohm series resistor at the /8 output and the /8 trace 15 to 25 mm from the CLK1 net (L5); option C9 (/4 prescaler) moves both lines out of the window but needs a REQ-TX-013 CR",/8 output x 7 (7/8 fc) on the trace: -60.7 to -37.6 dBm | /8 kickback sideband (7/8 fc): -50.1 to -30.1 dBm | mirror of /8 output x 9 (9/8 fc) on the trace: -71.4 to -47.4 dBm | mirror of /8 kickback sideband (9/8 fc): -58.0 to -38.0 dBm
P,A5,146.0,128.9500,PWM comb,mirror of PWM 150.00 kHz x 1087,gva,True,-107.7,-71.1,-152.7,-116.1,pass,pass,"3.3 V GPIO, tr 2 to 5 ns, every 25th line of the comb shown","none needed (coherent 150 kHz comb, ADR-031 rule 3)",
P,A5,146.0,129.3000,PWM comb,PWM 150.00 kHz x 862,gva,False,-372.1,-341.2,-417.1,-386.2,pass,pass,"3.3 V GPIO, tr 2 to 5 ns, every 25th line of the comb shown","none needed (coherent 150 kHz comb, ADR-031 rule 3)",
P,A5,146.0,132.0000,RP2350 XOSC 12 MHz,3 coincident lines at 132.000 MHz (amplitude sum),gva,False,-95.1,-34.8,-140.1,-79.8,pass,pass,"on-die current into the Pico 2 PDN (0.1 to 0.5 ohm), path pdn_p 50 to 75 dB","C1 puts every on-die product on the 12 MHz grid (120, 132, 144, 156, 168 MHz); level: L1 to L3; cannot be moved (Pico 2 crystal); level: layout rules L1 to L3; tinySA sweep",XOSC 12 MHz x 11: -95.1 to -42.7 dBm | 1 x 96 + 3 x 12 MHz: -103.0 to -45.2 dBm | 2 x 96 - 5 x 12 MHz: -103.0 to -45.2 dBm
P,A5,146.0,132.7000,PWM comb,mirror of PWM 150.00 kHz x 1062,gva,True,-363.1,-327.3,-408.1,-372.3,pass,pass,"3.3 V GPIO, tr 2 to 5 ns, every 25th line of the comb shown","none needed (coherent 150 kHz comb, ADR-031 rule 3)",
P,A5,146.0,133.0500,PWM comb,PWM 150.00 kHz x 887,gva,False,-96.0,-64.6,-141.0,-109.6,pass,pass,"3.3 V GPIO, tr 2 to 5 ns, every 25th line of the comb shown","none needed (coherent 150 kHz comb, ADR-031 rule 3)",
P,A5,146.0,136.0000,RP2350 XOSC 12 MHz,3 coincident lines at 136.000 MHz (amplitude sum),gva,True,-101.1,-40.8,-146.1,-85.8,pass,pass,"on-die current into the Pico 2 PDN (0.1 to 0.5 ohm), path pdn_p 50 to 75 dB","C1 puts every on-die product on the 12 MHz grid (120, 132, 144, 156, 168 MHz); level: L1 to L3; cannot be moved (Pico 2 crystal); level: layout rules L1 to L3; tinySA sweep",mirror of XOSC 12 MHz x 13: -101.1 to -48.7 dBm | mirror of 1 x 96 + 5 x 12 MHz: -109.0 to -51.3 dBm | mirror of 2 x 96 - 3 x 12 MHz: -109.0 to -51.3 dBm
P,A5,146.0,136.4500,PWM comb,mirror of PWM 150.00 kHz x 1037,gva,True,-106.0,-71.0,-151.0,-116.0,pass,pass,"3.3 V GPIO, tr 2 to 5 ns, every 25th line of the comb shown","none needed (coherent 150 kHz comb, ADR-031 rule 3)",
P,A5,146.0,136.8000,PWM comb,PWM 150.00 kHz x 912,gva,False,-353.6,-321.7,-398.6,-366.7,pass,pass,"3.3 V GPIO, tr 2 to 5 ns, every 25th line of the comb shown","none needed (coherent 150 kHz comb, ADR-031 rule 3)",
P,A5,146.0,137.0000,VGG / supply sidebands,"RP2350 core regulator (3 MHz typ) ripple on the GVA-84+ bias, fc - 3 x 3 MHz",rel,False,-80.6,-50.2,-125.6,-95.2,pass,pass,ripple 0.3 to 3 mV at the GVA-84+ Vcc,F3: GVA-84+ supply through a ferrite bead and 22 uF (ripple at most 3 mV at 1 to 10 MHz); derived requirement to WP-PDR-22 and WP-PDR-24,
P,A5,146.0,140.0000,VGG / supply sidebands,2 coincident lines at 140.000 MHz (amplitude sum),rel,False,-74.7,-40.7,-119.7,-85.7,pass,pass,ripple 0.3 to 3 mV at the GVA-84+ Vcc,F3: GVA-84+ supply through a ferrite bead and 22 uF (ripple at most 3 mV at 1 to 10 MHz); derived requirement to WP-PDR-22 and WP-PDR-24,"RT6150 (Pico 2, about 2 MHz, Low) ripple on the GVA-84+ bias, fc - 3 x 2 MHz: -80.7 to -50.2 dBm | RP2350 core regulator (3 MHz typ) ripple on the GVA-84+ bias, fc - 2 x 3 MHz: -74.7 to -44.2 dBm"
P,A5,146.0,140.2000,PWM comb,mirror of PWM 150.00 kHz x 1012,gva,True,-399.3,-365.1,-444.3,-410.1,pass,pass,"3.3 V GPIO, tr 2 to 5 ns, every 25th line of the comb shown","none needed (coherent 150 kHz comb, ADR-031 rule 3)",
P,A5,146.0,140.5500,PWM comb,PWM 150.00 kHz x 937,gva,False,-97.2,-64.8,-142.2,-109.8,pass,pass,"3.3 V GPIO, tr 2 to 5 ns, every 25th line of the comb shown","none needed (coherent 150 kHz comb, ADR-031 rule 3)",
P,A5,146.0,142.0000,Si5351 reference 25 MHz,3 coincident lines at 142.000 MHz (amplitude sum),pre,True,-44.2,-17.9,-89.2,-62.9,not shown,pass,no datasheet figure; below the -35 to -50 dBc output-to-output crosstalk reported for full-swing outputs (Low),"F3: GVA-84+ supply through a ferrite bead and 22 uF (ripple at most 3 mV at 1 to 10 MHz); derived requirement to WP-PDR-22 and WP-PDR-24; L4: TCXO output lead at most 10 mm and at least 8 mm from the CLK1 trace; cannot be moved (Si5351A reference 25 MHz, clock-plan rule 7); level: F1 Si5351 VDD filter; tinySA sweep","mirror of 25 MHz x 6, Si5351 on-die feedthrough to CLK1: -44.2 to -19.2 dBm | mirror of 25 MHz x 6, TCXO lead near CLK1: -73.2 to -39.1 dBm | RT6150 (Pico 2, about 2 MHz, Low) ripple on the GVA-84+ bias, fc - 2 x 2 MHz: -74.7 to -44.2 dBm"
P,A5,146.0,143.0000,VGG / supply sidebands,"RP2350 core regulator (3 MHz typ) ripple on the GVA-84+ bias, fc - 1 x 3 MHz",rel,False,-68.7,-38.2,-113.7,-83.2,pass,pass,ripple 0.3 to 3 mV at the GVA-84+ Vcc,F3: GVA-84+ supply through a ferrite bead and 22 uF (ripple at most 3 mV at 1 to 10 MHz); derived requirement to WP-PDR-22 and WP-PDR-24,
P,A5,146.0,143.9500,PWM comb,mirror of PWM 150.00 kHz x 987,gva,True,-104.5,-71.0,-149.5,-116.0,pass,pass,"3.3 V GPIO, tr 2 to 5 ns, every 25th line of the comb shown","none needed (coherent 150 kHz comb, ADR-031 rule 3)",
P,A5,146.0,144.0000,Si5351 PLL spurs,6 coincident lines at 144.000 MHz (amplitude sum),pre,False,-42.9,-19.8,-87.9,-64.8,not shown,pass,"PA3FWM tn42b: about -80 dBc in theory, measured worse (Low); offset depends on the fraction","C1 puts every on-die product on the 12 MHz grid (120, 132, 144, 156, 168 MHz); level: L1 to L3; C2: clk_adc from PLL_SYS / 2 (AUXSRC CLKSRC_PLL_SYS, DIV 2) enabled only for conversion bursts (ENABLE bit); C3: PLL_USB powered down (PWR.PD, VCOPD) outside USB; C5: PLL A multiplier rule, fractional part not within 0.002 of an integer (firmware table check); tinySA sweep at the worst channel; F3: GVA-84+ supply through a ferrite bead and 22 uF (ripple at most 3 mV at 1 to 10 MHz); derived requirement to WP-PDR-22 and WP-PDR-24; cannot be moved (Pico 2 crystal); level: layout rules L1 to L3; tinySA sweep","XOSC 12 MHz x 12: -95.2 to -42.8 dBm | 1 x 96 + 4 x 12 MHz: -103.1 to -45.4 dBm | 2 x 96 - 4 x 12 MHz: -103.1 to -45.4 dBm | clk_adc 48 MHz x 3 (bursts, PLL_SYS / 2): -128.7 to -69.3 dBm | fractional / integer-boundary spur fc -2 MHz (representative): -42.9 to -22.9 dBm | RT6150 (Pico 2, about 2 MHz, Low) ripple on the GVA-84+ bias, fc - 1 x 2 MHz: -68.7 to -38.2 dBm"
P,A5,146.0,144.3000,PWM comb,PWM 150.00 kHz x 962,gva,False,-361.0,-328.1,-406.0,-373.1,pass,pass,"3.3 V GPIO, tr 2 to 5 ns, every 25th line of the comb shown","none needed (coherent 150 kHz comb, ADR-031 rule 3)",
P,A5,146.0,145.5000,Si5351 PLL spurs,fractional / integer-boundary spur fc -0.5 MHz (representative),pre,False,-43.0,-23.0,-88.0,-68.0,not shown,pass,"PA3FWM tn42b: about -80 dBc in theory, measured worse (Low); offset depends on the fraction","C5: PLL A multiplier rule, fractional part not within 0.002 of an integer (firmware table check); tinySA sweep at the worst channel",
P,A5,146.0,145.7000,VGG / supply sidebands,"envelope-reference PWM ripple, fc - 2 x 150 kHz",rel,False,-60.1,-41.0,-105.1,-86.0,pass,pass,"AM index m = 0.6/V x ripple; ripple 0.23 to 0.84 mV (2-pole RC, 1 to 3 kHz)",none needed; derived requirement to WP-PDR-22: PWM ripple at VGG at most 3.3 mV peak,
P,A5,146.0,145.8500,VGG / supply sidebands,"envelope-reference PWM ripple, fc - 1 x 150 kHz",rel,False,-54.1,-35.0,-99.1,-80.0,pass,pass,"AM index m = 0.6/V x ripple; ripple 0.23 to 0.84 mV (2-pole RC, 1 to 3 kHz)",none needed; derived requirement to WP-PDR-22: PWM ripple at VGG at most 3.3 mV peak,
P,A5,146.0,146.1500,VGG / supply sidebands,"envelope-reference PWM ripple, fc + 1 x 150 kHz",rel,False,-54.1,-35.0,-99.1,-80.0,pass,pass,"AM index m = 0.6/V x ripple; ripple 0.23 to 0.84 mV (2-pole RC, 1 to 3 kHz)",none needed; derived requirement to WP-PDR-22: PWM ripple at VGG at most 3.3 mV peak,
P,A5,146.0,146.3000,VGG / supply sidebands,"envelope-reference PWM ripple, fc + 2 x 150 kHz",rel,False,-60.1,-41.0,-105.1,-86.0,pass,pass,"AM index m = 0.6/V x ripple; ripple 0.23 to 0.84 mV (2-pole RC, 1 to 3 kHz)",none needed; derived requirement to WP-PDR-22: PWM ripple at VGG at most 3.3 mV peak,
P,A5,146.0,146.5000,Si5351 PLL spurs,fractional / integer-boundary spur fc +0.5 MHz (representative),pre,False,-43.0,-23.0,-88.0,-68.0,pass,pass,"PA3FWM tn42b: about -80 dBc in theory, measured worse (Low); offset depends on the fraction","C5: PLL A multiplier rule, fractional part not within 0.002 of an integer (firmware table check); tinySA sweep at the worst channel",
P,A5,146.0,147.7000,PWM comb,mirror of PWM 150.00 kHz x 962,gva,True,-367.1,-334.1,-412.1,-379.1,pass,pass,"3.3 V GPIO, tr 2 to 5 ns, every 25th line of the comb shown","none needed (coherent 150 kHz comb, ADR-031 rule 3)",
P,A5,146.0,148.0000,Si5351 PLL spurs,6 coincident lines at 148.000 MHz (amplitude sum),pre,False,-43.1,-20.8,-88.1,-65.8,not shown,pass,"PA3FWM tn42b: about -80 dBc in theory, measured worse (Low); offset depends on the fraction","C1 puts every on-die product on the 12 MHz grid (120, 132, 144, 156, 168 MHz); level: L1 to L3; C2: clk_adc from PLL_SYS / 2 (AUXSRC CLKSRC_PLL_SYS, DIV 2) enabled only for conversion bursts (ENABLE bit); C3: PLL_USB powered down (PWR.PD, VCOPD) outside USB; C5: PLL A multiplier rule, fractional part not within 0.002 of an integer (firmware table check); tinySA sweep at the worst channel; F3: GVA-84+ supply through a ferrite bead and 22 uF (ripple at most 3 mV at 1 to 10 MHz); derived requirement to WP-PDR-22 and WP-PDR-24; cannot be moved (Pico 2 crystal); level: layout rules L1 to L3; tinySA sweep","mirror of XOSC 12 MHz x 12: -101.3 to -48.9 dBm | mirror of 1 x 96 + 4 x 12 MHz: -109.1 to -51.4 dBm | mirror of 2 x 96 - 4 x 12 MHz: -109.1 to -51.4 dBm | mirror of clk_adc 48 MHz x 3 (bursts, PLL_SYS / 2): -134.7 to -75.4 dBm | fractional / integer-boundary spur fc +2 MHz (representative): -43.1 to -23.1 dBm | RT6150 (Pico 2, about 2 MHz, Low) ripple on the GVA-84+ bias, fc + 1 x 2 MHz: -68.7 to -38.3 dBm"
P,A5,146.0,148.0500,PWM comb,PWM 150.00 kHz x 987,gva,False,-98.6,-65.0,-143.6,-110.0,pass,pass,"3.3 V GPIO, tr 2 to 5 ns, every 25th line of the comb shown","none needed (coherent 150 kHz comb, ADR-031 rule 3)",
P,A5,146.0,149.0000,VGG / supply sidebands,"RP2350 core regulator (3 MHz typ) ripple on the GVA-84+ bias, fc + 1 x 3 MHz",rel,False,-68.7,-38.3,-113.7,-83.3,pass,pass,ripple 0.3 to 3 mV at the GVA-84+ Vcc,F3: GVA-84+ supply through a ferrite bead and 22 uF (ripple at most 3 mV at 1 to 10 MHz); derived requirement to WP-PDR-22 and WP-PDR-24,
P,A5,146.0,150.0000,Si5351 reference 25 MHz,3 coincident lines at 150.000 MHz (amplitude sum),pre,False,-38.2,-12.2,-83.2,-57.2,not shown,not shown,no datasheet figure; below the -35 to -50 dBc output-to-output crosstalk reported for full-swing outputs (Low),"F3: GVA-84+ supply through a ferrite bead and 22 uF (ripple at most 3 mV at 1 to 10 MHz); derived requirement to WP-PDR-22 and WP-PDR-24; L4: TCXO output lead at most 10 mm and at least 8 mm from the CLK1 trace; cannot be moved (Si5351A reference 25 MHz, clock-plan rule 7); level: F1 Si5351 VDD filter; tinySA sweep","25 MHz x 6, Si5351 on-die feedthrough to CLK1: -38.2 to -13.2 dBm | 25 MHz x 6, TCXO lead near CLK1: -67.3 to -33.2 dBm | RT6150 (Pico 2, about 2 MHz, Low) ripple on the GVA-84+ bias, fc + 2 x 2 MHz: -74.8 to -44.3 dBm"
P,A5,146.0,151.4500,PWM comb,mirror of PWM 150.00 kHz x 937,gva,True,-103.3,-70.9,-148.3,-115.9,pass,pass,"3.3 V GPIO, tr 2 to 5 ns, every 25th line of the comb shown","none needed (coherent 150 kHz comb, ADR-031 rule 3)",
P,A5,146.0,151.8000,PWM comb,PWM 150.00 kHz x 1012,gva,False,-393.4,-359.2,-438.4,-404.2,pass,pass,"3.3 V GPIO, tr 2 to 5 ns, every 25th line of the comb shown","none needed (coherent 150 kHz comb, ADR-031 rule 3)",
P,A5,146.0,152.0000,VGG / supply sidebands,2 coincident lines at 152.000 MHz (amplitude sum),rel,False,-74.8,-40.8,-119.8,-85.8,pass,pass,ripple 0.3 to 3 mV at the GVA-84+ Vcc,F3: GVA-84+ supply through a ferrite bead and 22 uF (ripple at most 3 mV at 1 to 10 MHz); derived requirement to WP-PDR-22 and WP-PDR-24,"RT6150 (Pico 2, about 2 MHz, Low) ripple on the GVA-84+ bias, fc + 3 x 2 MHz: -80.8 to -50.3 dBm | RP2350 core regulator (3 MHz typ) ripple on the GVA-84+ bias, fc + 2 x 3 MHz: -74.8 to -44.3 dBm"
P,A5,146.0,155.0000,VGG / supply sidebands,"RP2350 core regulator (3 MHz typ) ripple on the GVA-84+ bias, fc + 3 x 3 MHz",rel,False,-80.8,-50.3,-125.8,-95.3,pass,pass,ripple 0.3 to 3 mV at the GVA-84+ Vcc,F3: GVA-84+ supply through a ferrite bead and 22 uF (ripple at most 3 mV at 1 to 10 MHz); derived requirement to WP-PDR-22 and WP-PDR-24,
P,A5,146.0,155.2000,PWM comb,mirror of PWM 150.00 kHz x 912,gva,True,-359.7,-327.9,-404.7,-372.9,pass,pass,"3.3 V GPIO, tr 2 to 5 ns, every 25th line of the comb shown","none needed (coherent 150 kHz comb, ADR-031 rule 3)",
P,A5,146.0,155.5500,PWM comb,PWM 150.00 kHz x 1037,gva,False,-100.1,-65.2,-145.1,-110.2,pass,pass,"3.3 V GPIO, tr 2 to 5 ns, every 25th line of the comb shown","none needed (coherent 150 kHz comb, ADR-031 rule 3)",
P,A5,146.0,156.0000,RP2350 XOSC 12 MHz,3 coincident lines at 156.000 MHz (amplitude sum),gva,False,-95.3,-35.0,-140.3,-80.0,pass,pass,"on-die current into the Pico 2 PDN (0.1 to 0.5 ohm), path pdn_p 50 to 75 dB","C1 puts every on-die product on the 12 MHz grid (120, 132, 144, 156, 168 MHz); level: L1 to L3; cannot be moved (Pico 2 crystal); level: layout rules L1 to L3; tinySA sweep",XOSC 12 MHz x 13: -95.3 to -42.9 dBm | 1 x 96 + 5 x 12 MHz: -103.2 to -45.4 dBm | 2 x 96 - 3 x 12 MHz: -103.2 to -45.4 dBm
P,A5,146.0,158.9500,PWM comb,mirror of PWM 150.00 kHz x 887,gva,True,-102.2,-70.8,-147.2,-115.8,pass,pass,"3.3 V GPIO, tr 2 to 5 ns, every 25th line of the comb shown","none needed (coherent 150 kHz comb, ADR-031 rule 3)",
P,A5,146.0,159.3000,PWM comb,PWM 150.00 kHz x 1062,gva,False,-357.3,-321.6,-402.3,-366.6,pass,pass,"3.3 V GPIO, tr 2 to 5 ns, every 25th line of the comb shown","none needed (coherent 150 kHz comb, ADR-031 rule 3)",
P,A5,146.0,160.0000,RP2350 XOSC 12 MHz,3 coincident lines at 160.000 MHz (amplitude sum),gva,True,-101.4,-41.0,-146.4,-86.0,pass,pass,"on-die current into the Pico 2 PDN (0.1 to 0.5 ohm), path pdn_p 50 to 75 dB","C1 puts every on-die product on the 12 MHz grid (120, 132, 144, 156, 168 MHz); level: L1 to L3; cannot be moved (Pico 2 crystal); level: layout rules L1 to L3; tinySA sweep",mirror of XOSC 12 MHz x 11: -101.4 to -48.9 dBm | mirror of 1 x 96 + 3 x 12 MHz: -109.2 to -51.5 dBm | mirror of 2 x 96 - 5 x 12 MHz: -109.2 to -51.5 dBm
P,A5,146.0,162.7000,PWM comb,mirror of PWM 150.00 kHz x 862,gva,True,-378.4,-347.5,-423.4,-392.5,pass,pass,"3.3 V GPIO, tr 2 to 5 ns, every 25th line of the comb shown","none needed (coherent 150 kHz comb, ADR-031 rule 3)",
P,A5,146.0,163.0500,PWM comb,PWM 150.00 kHz x 1087,gva,False,-102.1,-65.5,-147.1,-110.5,pass,pass,"3.3 V GPIO, tr 2 to 5 ns, every 25th line of the comb shown","none needed (coherent 150 kHz comb, ADR-031 rule 3)",
P,A5,146.0,164.2500,/8 prescaler,4 coincident lines at 164.250 MHz (amplitude sum),pre,False,-52.4,-25.5,-97.4,-70.5,pass,pass,"330 ohm series tap (23 dB reverse isolation, derived) and separate supply per flip-flop","C7: prescaler fed through 330 ohm in series (after the 100 pF), each 74LVC1G80 on its own bead-and-100 nF supply; C8: 470 ohm series resistor at the /8 output and the /8 trace 15 to 25 mm from the CLK1 net (L5); option C9 (/4 prescaler) moves both lines out of the window but needs a REQ-TX-013 CR",mirror of /8 output x 7 (7/8 fc) on the trace: -67.2 to -44.0 dBm | mirror of /8 kickback sideband (7/8 fc): -56.6 to -36.6 dBm | /8 output x 9 (9/8 fc) on the trace: -65.8 to -41.8 dBm | /8 kickback sideband (9/8 fc): -52.4 to -32.4 dBm
P,A5,146.0,166.4500,PWM comb,mirror of PWM 150.00 kHz x 837,gva,True,-101.6,-71.1,-146.6,-116.1,pass,pass,"3.3 V GPIO, tr 2 to 5 ns, every 25th line of the comb shown","none needed (coherent 150 kHz comb, ADR-031 rule 3)",
P,A5,146.0,166.8000,PWM comb,PWM 150.00 kHz x 1112,gva,False,-365.1,-327.6,-410.1,-372.6,pass,pass,"3.3 V GPIO, tr 2 to 5 ns, every 25th line of the comb shown","none needed (coherent 150 kHz comb, ADR-031 rule 3)",
P,A5,146.0,167.0000,Si5351 reference 25 MHz,2 coincident lines at 167.000 MHz (amplitude sum),pre,True,-43.8,-18.1,-88.8,-63.1,not shown,pass,no datasheet figure; below the -35 to -50 dBc output-to-output crosstalk reported for full-swing outputs (Low),"L4: TCXO output lead at most 10 mm and at least 8 mm from the CLK1 trace; cannot be moved (Si5351A reference 25 MHz, clock-plan rule 7); level: F1 Si5351 VDD filter; tinySA sweep","mirror of 25 MHz x 5, Si5351 on-die feedthrough to CLK1: -43.8 to -18.8 dBm | mirror of 25 MHz x 5, TCXO lead near CLK1: -74.4 to -40.3 dBm"
P,A5,146.0,168.0000,RP2350 XOSC 12 MHz,3 coincident lines at 168.000 MHz (amplitude sum),gva,False,-96.0,-35.6,-141.0,-80.6,pass,pass,"on-die current into the Pico 2 PDN (0.1 to 0.5 ohm), path pdn_p 50 to 75 dB","C1 puts every on-die product on the 12 MHz grid (120, 132, 144, 156, 168 MHz); level: L1 to L3; cannot be moved (Pico 2 crystal); level: layout rules L1 to L3; tinySA sweep",XOSC 12 MHz x 14: -96.0 to -43.6 dBm | 1 x 96 + 6 x 12 MHz: -103.8 to -46.1 dBm | 2 x 96 - 2 x 12 MHz: -103.8 to -46.1 dBm
P,A5,146.0,170.2000,PWM comb,mirror of PWM 150.00 kHz x 812,gva,True,-366.7,-336.6,-411.7,-381.6,pass,pass,"3.3 V GPIO, tr 2 to 5 ns, every 25th line of the comb shown","none needed (coherent 150 kHz comb, ADR-031 rule 3)",
P,A5,146.0,170.5500,PWM comb,PWM 150.00 kHz x 1137,gva,False,-105.3,-66.7,-150.3,-111.7,pass,pass,"3.3 V GPIO, tr 2 to 5 ns, every 25th line of the comb shown","none needed (coherent 150 kHz comb, ADR-031 rule 3)",
P,A5,146.0,171.0000,Si5351 PLL spurs,PFD reference spur fc + 25 MHz,pre,False,-51.0,-31.0,-96.0,-76.0,pass,pass,"VCO spur at the 25 MHz PFD offset, divided by 6 (-15.6 dB) (Low)",level only (on-die PLL); tinySA sweep,
P,A5,146.0,172.0000,RP2350 XOSC 12 MHz,3 coincident lines at 172.000 MHz (amplitude sum),gva,True,-102.9,-42.6,-147.9,-87.6,pass,pass,"on-die current into the Pico 2 PDN (0.1 to 0.5 ohm), path pdn_p 50 to 75 dB","C1 puts every on-die product on the 12 MHz grid (120, 132, 144, 156, 168 MHz); level: L1 to L3; cannot be moved (Pico 2 crystal); level: layout rules L1 to L3; tinySA sweep",mirror of XOSC 12 MHz x 10: -102.9 to -50.5 dBm | mirror of 1 x 96 + 2 x 12 MHz: -110.8 to -53.0 dBm | mirror of 2 x 96 - 6 x 12 MHz: -110.8 to -53.0 dBm
P,A5,146.0,173.9500,PWM comb,mirror of PWM 150.00 kHz x 787,gva,True,-102.5,-72.8,-147.5,-117.8,pass,pass,"3.3 V GPIO, tr 2 to 5 ns, every 25th line of the comb shown","none needed (coherent 150 kHz comb, ADR-031 rule 3)",
P,A5,146.0,174.3000,PWM comb,PWM 150.00 kHz x 1162,gva,False,-387.2,-347.3,-432.2,-392.3,pass,pass,"3.3 V GPIO, tr 2 to 5 ns, every 25th line of the comb shown","none needed (coherent 150 kHz comb, ADR-031 rule 3)",
P,A5,146.0,175.0000,Si5351 reference 25 MHz,2 coincident lines at 175.000 MHz (amplitude sum),pre,False,-42.6,-16.7,-87.6,-61.7,not shown,pass,no datasheet figure; below the -35 to -50 dBc output-to-output crosstalk reported for full-swing outputs (Low),"L4: TCXO output lead at most 10 mm and at least 8 mm from the CLK1 trace; cannot be moved (Si5351A reference 25 MHz, clock-plan rule 7); level: F1 Si5351 VDD filter; tinySA sweep","25 MHz x 7, Si5351 on-die feedthrough to CLK1: -42.6 to -17.6 dBm | 25 MHz x 7, TCXO lead near CLK1: -70.3 to -36.2 dBm"
P,A5,147.95,118.0500,PWM comb,PWM 150.00 kHz x 787,gva,False,-93.9,-64.2,-138.9,-109.2,pass,pass,"3.3 V GPIO, tr 2 to 5 ns, every 25th line of the comb shown","none needed (coherent 150 kHz comb, ADR-031 rule 3)",
P,A5,147.95,120.0000,RP2350 XOSC 12 MHz,3 coincident lines at 120.000 MHz (amplitude sum),gva,False,-95.0,-34.6,-140.0,-79.6,pass,pass,"on-die current into the Pico 2 PDN (0.1 to 0.5 ohm), path pdn_p 50 to 75 dB","C1 puts every on-die product on the 12 MHz grid (120, 132, 144, 156, 168 MHz); level: L1 to L3; cannot be moved (Pico 2 crystal); level: layout rules L1 to L3; tinySA sweep",XOSC 12 MHz x 10: -95.0 to -42.6 dBm | 1 x 96 + 2 x 12 MHz: -102.8 to -45.1 dBm | 2 x 96 - 6 x 12 MHz: -102.8 to -45.1 dBm
P,A5,147.95,120.9000,Si5351 reference 25 MHz,2 coincident lines at 120.900 MHz (amplitude sum),pre,True,-45.6,-19.7,-90.6,-64.7,not shown,pass,no datasheet figure; below the -35 to -50 dBc output-to-output crosstalk reported for full-swing outputs (Low),"L4: TCXO output lead at most 10 mm and at least 8 mm from the CLK1 trace; cannot be moved (Si5351A reference 25 MHz, clock-plan rule 7); level: F1 Si5351 VDD filter; tinySA sweep","mirror of 25 MHz x 7, Si5351 on-die feedthrough to CLK1: -45.6 to -20.6 dBm | mirror of 25 MHz x 7, TCXO lead near CLK1: -73.3 to -39.2 dBm"
P,A5,147.95,121.6000,PWM comb,mirror of PWM 150.00 kHz x 1162,gva,True,-390.4,-350.6,-435.4,-395.6,pass,pass,"3.3 V GPIO, tr 2 to 5 ns, every 25th line of the comb shown","none needed (coherent 150 kHz comb, ADR-031 rule 3)",
P,A5,147.95,121.8000,PWM comb,PWM 150.00 kHz x 812,gva,False,-359.3,-329.2,-404.3,-374.2,pass,pass,"3.3 V GPIO, tr 2 to 5 ns, every 25th line of the comb shown","none needed (coherent 150 kHz comb, ADR-031 rule 3)",
P,A5,147.95,122.9500,Si5351 PLL spurs,PFD reference spur fc - 25 MHz,pre,False,-46.8,-26.8,-91.8,-71.8,pass,pass,"VCO spur at the 25 MHz PFD offset, divided by 6 (-15.6 dB) (Low)",level only (on-die PLL); tinySA sweep,
P,A5,147.95,125.0000,Si5351 reference 25 MHz,2 coincident lines at 125.000 MHz (amplitude sum),pre,False,-36.9,-11.2,-81.9,-56.2,not shown,not shown,no datasheet figure; below the -35 to -50 dBc output-to-output crosstalk reported for full-swing outputs (Low),"L4: TCXO output lead at most 10 mm and at least 8 mm from the CLK1 trace; cannot be moved (Si5351A reference 25 MHz, clock-plan rule 7); level: F1 Si5351 VDD filter; tinySA sweep","25 MHz x 5, Si5351 on-die feedthrough to CLK1: -36.9 to -11.9 dBm | 25 MHz x 5, TCXO lead near CLK1: -67.5 to -33.4 dBm"
P,A5,147.95,125.3500,PWM comb,mirror of PWM 150.00 kHz x 1137,gva,True,-109.8,-71.2,-154.8,-116.2,pass,pass,"3.3 V GPIO, tr 2 to 5 ns, every 25th line of the comb shown","none needed (coherent 150 kHz comb, ADR-031 rule 3)",
P,A5,147.95,125.5500,PWM comb,PWM 150.00 kHz x 837,gva,False,-94.8,-64.3,-139.8,-109.3,pass,pass,"3.3 V GPIO, tr 2 to 5 ns, every 25th line of the comb shown","none needed (coherent 150 kHz comb, ADR-031 rule 3)",
P,A5,147.95,127.9000,RP2350 XOSC 12 MHz,3 coincident lines at 127.900 MHz (amplitude sum),gva,True,-101.0,-40.6,-146.0,-85.6,pass,pass,"on-die current into the Pico 2 PDN (0.1 to 0.5 ohm), path pdn_p 50 to 75 dB","C1 puts every on-die product on the 12 MHz grid (120, 132, 144, 156, 168 MHz); level: L1 to L3; cannot be moved (Pico 2 crystal); level: layout rules L1 to L3; tinySA sweep",mirror of XOSC 12 MHz x 14: -101.0 to -48.6 dBm | mirror of 1 x 96 + 6 x 12 MHz: -108.8 to -51.1 dBm | mirror of 2 x 96 - 2 x 12 MHz: -108.8 to -51.1 dBm
P,A5,147.95,129.1000,PWM comb,mirror of PWM 150.00 kHz x 1112,gva,True,-370.3,-332.8,-415.3,-377.8,pass,pass,"3.3 V GPIO, tr 2 to 5 ns, every 25th line of the comb shown","none needed (coherent 150 kHz comb, ADR-031 rule 3)",
P,A5,147.95,129.3000,PWM comb,PWM 150.00 kHz x 862,gva,False,-372.0,-341.1,-417.0,-386.1,pass,pass,"3.3 V GPIO, tr 2 to 5 ns, every 25th line of the comb shown","none needed (coherent 150 kHz comb, ADR-031 rule 3)",
P,A5,147.95,129.4562,/8 prescaler,4 coincident lines at 129.456 MHz (amplitude sum),pre,False,-50.1,-24.2,-95.1,-69.2,pass,pass,"330 ohm series tap (23 dB reverse isolation, derived) and separate supply per flip-flop","C7: prescaler fed through 330 ohm in series (after the 100 pF), each 74LVC1G80 on its own bead-and-100 nF supply; C8: 470 ohm series resistor at the /8 output and the /8 trace 15 to 25 mm from the CLK1 net (L5); option C9 (/4 prescaler) moves both lines out of the window but needs a REQ-TX-013 CR",/8 output x 7 (7/8 fc) on the trace: -60.7 to -37.5 dBm | /8 kickback sideband (7/8 fc): -50.1 to -30.1 dBm | mirror of /8 output x 9 (9/8 fc) on the trace: -71.4 to -47.4 dBm | mirror of /8 kickback sideband (9/8 fc): -58.0 to -38.0 dBm
P,A5,147.95,132.0000,RP2350 XOSC 12 MHz,3 coincident lines at 132.000 MHz (amplitude sum),gva,False,-95.0,-34.6,-140.0,-79.6,pass,pass,"on-die current into the Pico 2 PDN (0.1 to 0.5 ohm), path pdn_p 50 to 75 dB","C1 puts every on-die product on the 12 MHz grid (120, 132, 144, 156, 168 MHz); level: L1 to L3; cannot be moved (Pico 2 crystal); level: layout rules L1 to L3; tinySA sweep",XOSC 12 MHz x 11: -95.0 to -42.6 dBm | 1 x 96 + 3 x 12 MHz: -102.9 to -45.1 dBm | 2 x 96 - 5 x 12 MHz: -102.9 to -45.1 dBm
P,A5,147.95,132.8500,PWM comb,mirror of PWM 150.00 kHz x 1087,gva,True,-107.6,-71.0,-152.6,-116.0,pass,pass,"3.3 V GPIO, tr 2 to 5 ns, every 25th line of the comb shown","none needed (coherent 150 kHz comb, ADR-031 rule 3)",
P,A5,147.95,133.0500,PWM comb,PWM 150.00 kHz x 887,gva,False,-95.9,-64.5,-140.9,-109.5,pass,pass,"3.3 V GPIO, tr 2 to 5 ns, every 25th line of the comb shown","none needed (coherent 150 kHz comb, ADR-031 rule 3)",
P,A5,147.95,136.6000,PWM comb,mirror of PWM 150.00 kHz x 1062,gva,True,-363.0,-327.2,-408.0,-372.2,pass,pass,"3.3 V GPIO, tr 2 to 5 ns, every 25th line of the comb shown","none needed (coherent 150 kHz comb, ADR-031 rule 3)",
P,A5,147.95,136.8000,PWM comb,PWM 150.00 kHz x 912,gva,False,-353.5,-321.6,-398.5,-366.6,pass,pass,"3.3 V GPIO, tr 2 to 5 ns, every 25th line of the comb shown","none needed (coherent 150 kHz comb, ADR-031 rule 3)",
P,A5,147.95,138.9500,VGG / supply sidebands,"RP2350 core regulator (3 MHz typ) ripple on the GVA-84+ bias, fc - 3 x 3 MHz",rel,False,-80.6,-50.2,-125.6,-95.2,pass,pass,ripple 0.3 to 3 mV at the GVA-84+ Vcc,F3: GVA-84+ supply through a ferrite bead and 22 uF (ripple at most 3 mV at 1 to 10 MHz); derived requirement to WP-PDR-22 and WP-PDR-24,
P,A5,147.95,139.9000,RP2350 XOSC 12 MHz,3 coincident lines at 139.900 MHz (amplitude sum),gva,True,-101.1,-40.7,-146.1,-85.7,pass,pass,"on-die current into the Pico 2 PDN (0.1 to 0.5 ohm), path pdn_p 50 to 75 dB","C1 puts every on-die product on the 12 MHz grid (120, 132, 144, 156, 168 MHz); level: L1 to L3; cannot be moved (Pico 2 crystal); level: layout rules L1 to L3; tinySA sweep",mirror of XOSC 12 MHz x 13: -101.1 to -48.6 dBm | mirror of 1 x 96 + 5 x 12 MHz: -108.9 to -51.2 dBm | mirror of 2 x 96 - 3 x 12 MHz: -108.9 to -51.2 dBm
P,A5,147.95,140.3500,PWM comb,mirror of PWM 150.00 kHz x 1037,gva,True,-105.9,-71.0,-150.9,-116.0,pass,pass,"3.3 V GPIO, tr 2 to 5 ns, every 25th line of the comb shown","none needed (coherent 150 kHz comb, ADR-031 rule 3)",
P,A5,147.95,140.5500,PWM comb,PWM 150.00 kHz x 937,gva,False,-97.1,-64.7,-142.1,-109.7,pass,pass,"3.3 V GPIO, tr 2 to 5 ns, every 25th line of the comb shown","none needed (coherent 150 kHz comb, ADR-031 rule 3)",
P,A5,147.95,141.9500,VGG / supply sidebands,2 coincident lines at 141.950 MHz (amplitude sum),rel,False,-74.7,-40.7,-119.7,-85.7,pass,pass,ripple 0.3 to 3 mV at the GVA-84+ Vcc,F3: GVA-84+ supply through a ferrite bead and 22 uF (ripple at most 3 mV at 1 to 10 MHz); derived requirement to WP-PDR-22 and WP-PDR-24,"RT6150 (Pico 2, about 2 MHz, Low) ripple on the GVA-84+ bias, fc - 3 x 2 MHz: -80.7 to -50.2 dBm | RP2350 core regulator (3 MHz typ) ripple on the GVA-84+ bias, fc - 2 x 3 MHz: -74.7 to -44.2 dBm"
P,A5,147.95,143.9500,VGG / supply sidebands,"RT6150 (Pico 2, about 2 MHz, Low) ripple on the GVA-84+ bias, fc - 2 x 2 MHz",rel,False,-74.7,-44.2,-119.7,-89.2,pass,pass,ripple 0.3 to 3 mV at the GVA-84+ Vcc,F3: GVA-84+ supply through a ferrite bead and 22 uF (ripple at most 3 mV at 1 to 10 MHz); derived requirement to WP-PDR-22 and WP-PDR-24,
P,A5,147.95,144.0000,RP2350 XOSC 12 MHz,4 coincident lines at 144.000 MHz (amplitude sum),gva,False,-95.1,-34.6,-140.1,-79.6,pass,pass,"on-die current into the Pico 2 PDN (0.1 to 0.5 ohm), path pdn_p 50 to 75 dB","C1 puts every on-die product on the 12 MHz grid (120, 132, 144, 156, 168 MHz); level: L1 to L3; C2: clk_adc from PLL_SYS / 2 (AUXSRC CLKSRC_PLL_SYS, DIV 2) enabled only for conversion bursts (ENABLE bit); C3: PLL_USB powered down (PWR.PD, VCOPD) outside USB; cannot be moved (Pico 2 crystal); level: layout rules L1 to L3; tinySA sweep","XOSC 12 MHz x 12: -95.1 to -42.7 dBm | 1 x 96 + 4 x 12 MHz: -103.0 to -45.2 dBm | 2 x 96 - 4 x 12 MHz: -103.0 to -45.2 dBm | clk_adc 48 MHz x 3 (bursts, PLL_SYS / 2): -128.6 to -69.2 dBm"
P,A5,147.95,144.1000,PWM comb,mirror of PWM 150.00 kHz x 1012,gva,True,-399.2,-365.0,-444.2,-410.0,pass,pass,"3.3 V GPIO, tr 2 to 5 ns, every 25th line of the comb shown","none needed (coherent 150 kHz comb, ADR-031 rule 3)",
P,A5,147.95,144.3000,PWM comb,PWM 150.00 kHz x 962,gva,False,-360.9,-327.9,-405.9,-372.9,pass,pass,"3.3 V GPIO, tr 2 to 5 ns, every 25th line of the comb shown","none needed (coherent 150 kHz comb, ADR-031 rule 3)",
P,A5,147.95,144.9500,VGG / supply sidebands,"RP2350 core regulator (3 MHz typ) ripple on the GVA-84+ bias, fc - 1 x 3 MHz",rel,False,-68.7,-38.2,-113.7,-83.2,pass,pass,ripple 0.3 to 3 mV at the GVA-84+ Vcc,F3: GVA-84+ supply through a ferrite bead and 22 uF (ripple at most 3 mV at 1 to 10 MHz); derived requirement to WP-PDR-22 and WP-PDR-24,
P,A5,147.95,145.9000,Si5351 reference 25 MHz,2 coincident lines at 145.900 MHz (amplitude sum),pre,True,-44.1,-18.3,-89.1,-63.3,not shown,pass,no datasheet figure; below the -35 to -50 dBc output-to-output crosstalk reported for full-swing outputs (Low),"L4: TCXO output lead at most 10 mm and at least 8 mm from the CLK1 trace; cannot be moved (Si5351A reference 25 MHz, clock-plan rule 7); level: F1 Si5351 VDD filter; tinySA sweep","mirror of 25 MHz x 6, Si5351 on-die feedthrough to CLK1: -44.1 to -19.1 dBm | mirror of 25 MHz x 6, TCXO lead near CLK1: -73.1 to -39.0 dBm"
P,A5,147.95,145.9500,Si5351 PLL spurs,2 coincident lines at 145.950 MHz (amplitude sum),pre,False,-42.9,-21.5,-87.9,-66.5,not shown,pass,"PA3FWM tn42b: about -80 dBc in theory, measured worse (Low); offset depends on the fraction","C5: PLL A multiplier rule, fractional part not within 0.002 of an integer (firmware table check); tinySA sweep at the worst channel; F3: GVA-84+ supply through a ferrite bead and 22 uF (ripple at most 3 mV at 1 to 10 MHz); derived requirement to WP-PDR-22 and WP-PDR-24","fractional / integer-boundary spur fc -2 MHz (representative): -42.9 to -22.9 dBm | RT6150 (Pico 2, about 2 MHz, Low) ripple on the GVA-84+ bias, fc - 1 x 2 MHz: -68.7 to -38.2 dBm"
P,A5,147.95,147.4500,Si5351 PLL spurs,fractional / integer-boundary spur fc -0.5 MHz (representative),pre,False,-43.0,-23.0,-88.0,-68.0,not shown,pass,"PA3FWM tn42b: about -80 dBc in theory, measured worse (Low); offset depends on the fraction","C5: PLL A multiplier rule, fractional part not within 0.002 of an integer (firmware table check); tinySA sweep at the worst channel",
P,A5,147.95,147.6500,VGG / supply sidebands,"envelope-reference PWM ripple, fc - 2 x 150 kHz",rel,False,-60.1,-41.0,-105.1,-86.0,pass,pass,"AM index m = 0.6/V x ripple; ripple 0.23 to 0.84 mV (2-pole RC, 1 to 3 kHz)",none needed; derived requirement to WP-PDR-22: PWM ripple at VGG at most 3.3 mV peak,
P,A5,147.95,147.8000,VGG / supply sidebands,"envelope-reference PWM ripple, fc - 1 x 150 kHz",rel,False,-54.1,-35.0,-99.1,-80.0,pass,pass,"AM index m = 0.6/V x ripple; ripple 0.23 to 0.84 mV (2-pole RC, 1 to 3 kHz)",none needed; derived requirement to WP-PDR-22: PWM ripple at VGG at most 3.3 mV peak,
P,A5,147.95,147.8500,PWM comb,mirror of PWM 150.00 kHz x 987,gva,True,-104.5,-70.9,-149.5,-115.9,pass,pass,"3.3 V GPIO, tr 2 to 5 ns, every 25th line of the comb shown","none needed (coherent 150 kHz comb, ADR-031 rule 3)",
P,A5,147.95,148.0500,PWM comb,PWM 150.00 kHz x 987,gva,False,-98.5,-64.9,-143.5,-109.9,pass,pass,"3.3 V GPIO, tr 2 to 5 ns, every 25th line of the comb shown","none needed (coherent 150 kHz comb, ADR-031 rule 3)",
P,A5,147.95,148.1000,VGG / supply sidebands,"envelope-reference PWM ripple, fc + 1 x 150 kHz",rel,False,-54.1,-35.0,-99.1,-80.0,pass,pass,"AM index m = 0.6/V x ripple; ripple 0.23 to 0.84 mV (2-pole RC, 1 to 3 kHz)",none needed; derived requirement to WP-PDR-22: PWM ripple at VGG at most 3.3 mV peak,
P,A5,147.95,148.2500,VGG / supply sidebands,"envelope-reference PWM ripple, fc + 2 x 150 kHz",rel,False,-60.1,-41.0,-105.1,-86.0,pass,pass,"AM index m = 0.6/V x ripple; ripple 0.23 to 0.84 mV (2-pole RC, 1 to 3 kHz)",none needed; derived requirement to WP-PDR-22: PWM ripple at VGG at most 3.3 mV peak,
P,A5,147.95,148.4500,Si5351 PLL spurs,fractional / integer-boundary spur fc +0.5 MHz (representative),pre,False,-43.0,-23.0,-88.0,-68.0,pass,pass,"PA3FWM tn42b: about -80 dBc in theory, measured worse (Low); offset depends on the fraction","C5: PLL A multiplier rule, fractional part not within 0.002 of an integer (firmware table check); tinySA sweep at the worst channel",
P,A5,147.95,149.9500,Si5351 PLL spurs,2 coincident lines at 149.950 MHz (amplitude sum),pre,False,-43.1,-21.7,-88.1,-66.7,not shown,pass,"PA3FWM tn42b: about -80 dBc in theory, measured worse (Low); offset depends on the fraction","C5: PLL A multiplier rule, fractional part not within 0.002 of an integer (firmware table check); tinySA sweep at the worst channel; F3: GVA-84+ supply through a ferrite bead and 22 uF (ripple at most 3 mV at 1 to 10 MHz); derived requirement to WP-PDR-22 and WP-PDR-24","fractional / integer-boundary spur fc +2 MHz (representative): -43.1 to -23.1 dBm | RT6150 (Pico 2, about 2 MHz, Low) ripple on the GVA-84+ bias, fc + 1 x 2 MHz: -68.7 to -38.3 dBm"
P,A5,147.95,150.0000,Si5351 reference 25 MHz,2 coincident lines at 150.000 MHz (amplitude sum),pre,False,-38.1,-12.3,-83.1,-57.3,not shown,not shown,no datasheet figure; below the -35 to -50 dBc output-to-output crosstalk reported for full-swing outputs (Low),"L4: TCXO output lead at most 10 mm and at least 8 mm from the CLK1 trace; cannot be moved (Si5351A reference 25 MHz, clock-plan rule 7); level: F1 Si5351 VDD filter; tinySA sweep","25 MHz x 6, Si5351 on-die feedthrough to CLK1: -38.1 to -13.1 dBm | 25 MHz x 6, TCXO lead near CLK1: -67.1 to -33.0 dBm"
P,A5,147.95,150.9500,VGG / supply sidebands,"RP2350 core regulator (3 MHz typ) ripple on the GVA-84+ bias, fc + 1 x 3 MHz",rel,False,-68.7,-38.3,-113.7,-83.3,pass,pass,ripple 0.3 to 3 mV at the GVA-84+ Vcc,F3: GVA-84+ supply through a ferrite bead and 22 uF (ripple at most 3 mV at 1 to 10 MHz); derived requirement to WP-PDR-22 and WP-PDR-24,
P,A5,147.95,151.6000,PWM comb,mirror of PWM 150.00 kHz x 962,gva,True,-367.0,-334.0,-412.0,-379.0,pass,pass,"3.3 V GPIO, tr 2 to 5 ns, every 25th line of the comb shown","none needed (coherent 150 kHz comb, ADR-031 rule 3)",
P,A5,147.95,151.8000,PWM comb,PWM 150.00 kHz x 1012,gva,False,-393.3,-359.1,-438.3,-404.1,pass,pass,"3.3 V GPIO, tr 2 to 5 ns, every 25th line of the comb shown","none needed (coherent 150 kHz comb, ADR-031 rule 3)",
P,A5,147.95,151.9000,RP2350 XOSC 12 MHz,4 coincident lines at 151.900 MHz (amplitude sum),gva,True,-101.2,-40.7,-146.2,-85.7,pass,pass,"on-die current into the Pico 2 PDN (0.1 to 0.5 ohm), path pdn_p 50 to 75 dB","C1 puts every on-die product on the 12 MHz grid (120, 132, 144, 156, 168 MHz); level: L1 to L3; C2: clk_adc from PLL_SYS / 2 (AUXSRC CLKSRC_PLL_SYS, DIV 2) enabled only for conversion bursts (ENABLE bit); C3: PLL_USB powered down (PWR.PD, VCOPD) outside USB; cannot be moved (Pico 2 crystal); level: layout rules L1 to L3; tinySA sweep","mirror of XOSC 12 MHz x 12: -101.2 to -48.8 dBm | mirror of 1 x 96 + 4 x 12 MHz: -109.0 to -51.3 dBm | mirror of 2 x 96 - 4 x 12 MHz: -109.0 to -51.3 dBm | mirror of clk_adc 48 MHz x 3 (bursts, PLL_SYS / 2): -134.7 to -75.3 dBm"
P,A5,147.95,151.9500,VGG / supply sidebands,"RT6150 (Pico 2, about 2 MHz, Low) ripple on the GVA-84+ bias, fc + 2 x 2 MHz",rel,False,-74.7,-44.3,-119.7,-89.3,pass,pass,ripple 0.3 to 3 mV at the GVA-84+ Vcc,F3: GVA-84+ supply through a ferrite bead and 22 uF (ripple at most 3 mV at 1 to 10 MHz); derived requirement to WP-PDR-22 and WP-PDR-24,
P,A5,147.95,153.9500,VGG / supply sidebands,2 coincident lines at 153.950 MHz (amplitude sum),rel,False,-74.8,-40.8,-119.8,-85.8,pass,pass,ripple 0.3 to 3 mV at the GVA-84+ Vcc,F3: GVA-84+ supply through a ferrite bead and 22 uF (ripple at most 3 mV at 1 to 10 MHz); derived requirement to WP-PDR-22 and WP-PDR-24,"RT6150 (Pico 2, about 2 MHz, Low) ripple on the GVA-84+ bias, fc + 3 x 2 MHz: -80.8 to -50.3 dBm | RP2350 core regulator (3 MHz typ) ripple on the GVA-84+ bias, fc + 2 x 3 MHz: -74.8 to -44.3 dBm"
P,A5,147.95,155.3500,PWM comb,mirror of PWM 150.00 kHz x 937,gva,True,-103.2,-70.8,-148.2,-115.8,pass,pass,"3.3 V GPIO, tr 2 to 5 ns, every 25th line of the comb shown","none needed (coherent 150 kHz comb, ADR-031 rule 3)",
P,A5,147.95,155.5500,PWM comb,PWM 150.00 kHz x 1037,gva,False,-100.0,-65.1,-145.0,-110.1,pass,pass,"3.3 V GPIO, tr 2 to 5 ns, every 25th line of the comb shown","none needed (coherent 150 kHz comb, ADR-031 rule 3)",
P,A5,147.95,156.0000,RP2350 XOSC 12 MHz,3 coincident lines at 156.000 MHz (amplitude sum),gva,False,-95.2,-34.8,-140.2,-79.8,pass,pass,"on-die current into the Pico 2 PDN (0.1 to 0.5 ohm), path pdn_p 50 to 75 dB","C1 puts every on-die product on the 12 MHz grid (120, 132, 144, 156, 168 MHz); level: L1 to L3; cannot be moved (Pico 2 crystal); level: layout rules L1 to L3; tinySA sweep",XOSC 12 MHz x 13: -95.2 to -42.8 dBm | 1 x 96 + 5 x 12 MHz: -103.1 to -45.3 dBm | 2 x 96 - 3 x 12 MHz: -103.1 to -45.3 dBm
P,A5,147.95,156.9500,VGG / supply sidebands,"RP2350 core regulator (3 MHz typ) ripple on the GVA-84+ bias, fc + 3 x 3 MHz",rel,False,-80.8,-50.3,-125.8,-95.3,pass,pass,ripple 0.3 to 3 mV at the GVA-84+ Vcc,F3: GVA-84+ supply through a ferrite bead and 22 uF (ripple at most 3 mV at 1 to 10 MHz); derived requirement to WP-PDR-22 and WP-PDR-24,
P,A5,147.95,159.1000,PWM comb,mirror of PWM 150.00 kHz x 912,gva,True,-359.6,-327.8,-404.6,-372.8,pass,pass,"3.3 V GPIO, tr 2 to 5 ns, every 25th line of the comb shown","none needed (coherent 150 kHz comb, ADR-031 rule 3)",
P,A5,147.95,159.3000,PWM comb,PWM 150.00 kHz x 1062,gva,False,-357.2,-321.4,-402.2,-366.4,pass,pass,"3.3 V GPIO, tr 2 to 5 ns, every 25th line of the comb shown","none needed (coherent 150 kHz comb, ADR-031 rule 3)",
P,A5,147.95,162.8500,PWM comb,mirror of PWM 150.00 kHz x 887,gva,True,-102.2,-70.8,-147.2,-115.8,pass,pass,"3.3 V GPIO, tr 2 to 5 ns, every 25th line of the comb shown","none needed (coherent 150 kHz comb, ADR-031 rule 3)",
P,A5,147.95,163.0500,PWM comb,PWM 150.00 kHz x 1087,gva,False,-102.0,-65.4,-147.0,-110.4,pass,pass,"3.3 V GPIO, tr 2 to 5 ns, every 25th line of the comb shown","none needed (coherent 150 kHz comb, ADR-031 rule 3)",
P,A5,147.95,163.9000,RP2350 XOSC 12 MHz,3 coincident lines at 163.900 MHz (amplitude sum),gva,True,-101.4,-41.0,-146.4,-86.0,pass,pass,"on-die current into the Pico 2 PDN (0.1 to 0.5 ohm), path pdn_p 50 to 75 dB","C1 puts every on-die product on the 12 MHz grid (120, 132, 144, 156, 168 MHz); level: L1 to L3; cannot be moved (Pico 2 crystal); level: layout rules L1 to L3; tinySA sweep",mirror of XOSC 12 MHz x 11: -101.4 to -49.0 dBm | mirror of 1 x 96 + 3 x 12 MHz: -109.3 to -51.5 dBm | mirror of 2 x 96 - 5 x 12 MHz: -109.3 to -51.5 dBm
P,A5,147.95,166.4437,/8 prescaler,4 coincident lines at 166.444 MHz (amplitude sum),pre,False,-52.7,-25.7,-97.7,-70.7,pass,pass,"330 ohm series tap (23 dB reverse isolation, derived) and separate supply per flip-flop","C7: prescaler fed through 330 ohm in series (after the 100 pF), each 74LVC1G80 on its own bead-and-100 nF supply; C8: 470 ohm series resistor at the /8 output and the /8 trace 15 to 25 mm from the CLK1 net (L5); option C9 (/4 prescaler) moves both lines out of the window but needs a REQ-TX-013 CR",mirror of /8 output x 7 (7/8 fc) on the trace: -67.3 to -44.2 dBm | mirror of /8 kickback sideband (7/8 fc): -56.7 to -36.7 dBm | /8 output x 9 (9/8 fc) on the trace: -66.1 to -42.1 dBm | /8 kickback sideband (9/8 fc): -52.7 to -32.7 dBm
P,A5,147.95,166.6000,PWM comb,mirror of PWM 150.00 kHz x 862,gva,True,-378.6,-347.7,-423.6,-392.7,pass,pass,"3.3 V GPIO, tr 2 to 5 ns, every 25th line of the comb shown","none needed (coherent 150 kHz comb, ADR-031 rule 3)",
P,A5,147.95,166.8000,PWM comb,PWM 150.00 kHz x 1112,gva,False,-365.0,-327.5,-410.0,-372.5,pass,pass,"3.3 V GPIO, tr 2 to 5 ns, every 25th line of the comb shown","none needed (coherent 150 kHz comb, ADR-031 rule 3)",
P,A5,147.95,168.0000,RP2350 XOSC 12 MHz,3 coincident lines at 168.000 MHz (amplitude sum),gva,False,-95.9,-35.5,-140.9,-80.5,pass,pass,"on-die current into the Pico 2 PDN (0.1 to 0.5 ohm), path pdn_p 50 to 75 dB","C1 puts every on-die product on the 12 MHz grid (120, 132, 144, 156, 168 MHz); level: L1 to L3; cannot be moved (Pico 2 crystal); level: layout rules L1 to L3; tinySA sweep",XOSC 12 MHz x 14: -95.9 to -43.4 dBm | 1 x 96 + 6 x 12 MHz: -103.7 to -46.0 dBm | 2 x 96 - 2 x 12 MHz: -103.7 to -46.0 dBm
P,A5,147.95,170.3500,PWM comb,mirror of PWM 150.00 kHz x 837,gva,True,-102.2,-71.7,-147.2,-116.7,pass,pass,"3.3 V GPIO, tr 2 to 5 ns, every 25th line of the comb shown","none needed (coherent 150 kHz comb, ADR-031 rule 3)",
P,A5,147.95,170.5500,PWM comb,PWM 150.00 kHz x 1137,gva,False,-105.2,-66.6,-150.2,-111.6,pass,pass,"3.3 V GPIO, tr 2 to 5 ns, every 25th line of the comb shown","none needed (coherent 150 kHz comb, ADR-031 rule 3)",
P,A5,147.95,170.9000,Si5351 reference 25 MHz,2 coincident lines at 170.900 MHz (amplitude sum),pre,True,-44.4,-18.7,-89.4,-63.7,not shown,pass,no datasheet figure; below the -35 to -50 dBc output-to-output crosstalk reported for full-swing outputs (Low),"L4: TCXO output lead at most 10 mm and at least 8 mm from the CLK1 trace; cannot be moved (Si5351A reference 25 MHz, clock-plan rule 7); level: F1 Si5351 VDD filter; tinySA sweep","mirror of 25 MHz x 5, Si5351 on-die feedthrough to CLK1: -44.4 to -19.4 dBm | mirror of 25 MHz x 5, TCXO lead near CLK1: -75.0 to -40.9 dBm"
P,A5,147.95,172.9500,Si5351 PLL spurs,PFD reference spur fc + 25 MHz,pre,False,-51.6,-31.6,-96.6,-76.6,pass,pass,"VCO spur at the 25 MHz PFD offset, divided by 6 (-15.6 dB) (Low)",level only (on-die PLL); tinySA sweep,
P,A5,147.95,174.1000,PWM comb,mirror of PWM 150.00 kHz x 812,gva,True,-367.8,-337.7,-412.8,-382.7,pass,pass,"3.3 V GPIO, tr 2 to 5 ns, every 25th line of the comb shown","none needed (coherent 150 kHz comb, ADR-031 rule 3)",
P,A5,147.95,174.3000,PWM comb,PWM 150.00 kHz x 1162,gva,False,-387.1,-347.2,-432.1,-392.2,pass,pass,"3.3 V GPIO, tr 2 to 5 ns, every 25th line of the comb shown","none needed (coherent 150 kHz comb, ADR-031 rule 3)",
P,A5,147.95,175.0000,Si5351 reference 25 MHz,2 coincident lines at 175.000 MHz (amplitude sum),pre,False,-42.5,-16.6,-87.5,-61.6,not shown,pass,no datasheet figure; below the -35 to -50 dBc output-to-output crosstalk reported for full-swing outputs (Low),"L4: TCXO output lead at most 10 mm and at least 8 mm from the CLK1 trace; cannot be moved (Si5351A reference 25 MHz, clock-plan rule 7); level: F1 Si5351 VDD filter; tinySA sweep","25 MHz x 7, Si5351 on-die feedthrough to CLK1: -42.5 to -17.5 dBm | 25 MHz x 7, TCXO lead near CLK1: -70.2 to -36.1 dBm"
P,A4,144.05,118.0500,PWM comb,PWM 150.00 kHz x 787,gva,False,-98.8,-70.0,-143.8,-115.0,pass,pass,"3.3 V GPIO, tr 2 to 5 ns, every 25th line of the comb shown","none needed (coherent 150 kHz comb, ADR-031 rule 3)",
P,A4,144.05,119.0500,Si5351 PLL spurs,PFD reference spur fc - 25 MHz,pre,False,-47.0,-27.0,-92.0,-72.0,pass,pass,"VCO spur at the 25 MHz PFD offset, divided by 6 (-15.6 dB) (Low)",level only (on-die PLL); tinySA sweep,
P,A4,144.05,120.0000,RP2350 XOSC 12 MHz,3 coincident lines at 120.000 MHz (amplitude sum),gva,False,-99.8,-40.4,-144.8,-85.4,pass,pass,"on-die current into the Pico 2 PDN (0.1 to 0.5 ohm), path pdn_p 50 to 75 dB","C1 puts every on-die product on the 12 MHz grid (120, 132, 144, 156, 168 MHz); level: L1 to L3; cannot be moved (Pico 2 crystal); level: layout rules L1 to L3; tinySA sweep",XOSC 12 MHz x 10: -99.8 to -48.3 dBm | 1 x 96 + 2 x 12 MHz: -107.7 to -50.9 dBm | 2 x 96 - 6 x 12 MHz: -107.7 to -50.9 dBm
P,A4,144.05,120.1000,RP2350 XOSC 12 MHz,3 coincident lines at 120.100 MHz (amplitude sum),gva,True,-105.8,-46.4,-150.8,-91.4,pass,pass,"on-die current into the Pico 2 PDN (0.1 to 0.5 ohm), path pdn_p 50 to 75 dB","C1 puts every on-die product on the 12 MHz grid (120, 132, 144, 156, 168 MHz); level: L1 to L3; cannot be moved (Pico 2 crystal); level: layout rules L1 to L3; tinySA sweep",mirror of XOSC 12 MHz x 14: -105.8 to -54.3 dBm | mirror of 1 x 96 + 6 x 12 MHz: -113.7 to -56.9 dBm | mirror of 2 x 96 - 2 x 12 MHz: -113.7 to -56.9 dBm
P,A4,144.05,121.3000,PWM comb,mirror of PWM 150.00 kHz x 1112,gva,True,-375.2,-338.5,-420.2,-383.5,pass,pass,"3.3 V GPIO, tr 2 to 5 ns, every 25th line of the comb shown","none needed (coherent 150 kHz comb, ADR-031 rule 3)",
P,A4,144.05,121.8000,PWM comb,PWM 150.00 kHz x 812,gva,False,-364.1,-335.0,-409.1,-380.0,pass,pass,"3.3 V GPIO, tr 2 to 5 ns, every 25th line of the comb shown","none needed (coherent 150 kHz comb, ADR-031 rule 3)",
P,A4,144.05,125.0000,Si5351 reference 25 MHz,2 coincident lines at 125.000 MHz (amplitude sum),pre,False,-37.1,-12.0,-82.1,-57.0,not shown,not shown,no datasheet figure; below the -35 to -50 dBc output-to-output crosstalk reported for full-swing outputs (Low),"L4: TCXO output lead at most 10 mm and at least 8 mm from the CLK1 trace; cannot be moved (Si5351A reference 25 MHz, clock-plan rule 7); level: F1 Si5351 VDD filter; tinySA sweep","25 MHz x 5, Si5351 on-die feedthrough to CLK1: -37.1 to -12.1 dBm | 25 MHz x 5, crystal node near CLK1: -80.8 to -46.7 dBm"
P,A4,144.05,125.0500,PWM comb,mirror of PWM 150.00 kHz x 1087,gva,True,-112.4,-76.8,-157.4,-121.8,pass,pass,"3.3 V GPIO, tr 2 to 5 ns, every 25th line of the comb shown","none needed (coherent 150 kHz comb, ADR-031 rule 3)",
P,A4,144.05,125.5500,PWM comb,PWM 150.00 kHz x 837,gva,False,-99.7,-70.1,-144.7,-115.1,pass,pass,"3.3 V GPIO, tr 2 to 5 ns, every 25th line of the comb shown","none needed (coherent 150 kHz comb, ADR-031 rule 3)",
P,A4,144.05,126.0438,/8 prescaler,4 coincident lines at 126.044 MHz (amplitude sum),pre,False,-50.2,-24.3,-95.2,-69.3,pass,pass,"330 ohm series tap (23 dB reverse isolation, derived) and separate supply per flip-flop","C7: prescaler fed through 330 ohm in series (after the 100 pF), each 74LVC1G80 on its own bead-and-100 nF supply; C8: 470 ohm series resistor at the /8 output and the /8 trace 15 to 25 mm from the CLK1 net (L5); option C9 (/4 prescaler) moves both lines out of the window but needs a REQ-TX-013 CR",/8 output x 7 (7/8 fc) on the trace: -60.8 to -37.7 dBm | /8 kickback sideband (7/8 fc): -50.2 to -30.2 dBm | mirror of /8 output x 9 (9/8 fc) on the trace: -71.3 to -47.3 dBm | mirror of /8 kickback sideband (9/8 fc): -57.9 to -37.9 dBm
P,A4,144.05,128.8000,PWM comb,mirror of PWM 150.00 kHz x 1062,gva,True,-367.8,-333.0,-412.8,-378.0,pass,pass,"3.3 V GPIO, tr 2 to 5 ns, every 25th line of the comb shown","none needed (coherent 150 kHz comb, ADR-031 rule 3)",
P,A4,144.05,129.3000,PWM comb,PWM 150.00 kHz x 862,gva,False,-376.8,-346.8,-421.8,-391.8,pass,pass,"3.3 V GPIO, tr 2 to 5 ns, every 25th line of the comb shown","none needed (coherent 150 kHz comb, ADR-031 rule 3)",
P,A4,144.05,132.0000,RP2350 XOSC 12 MHz,3 coincident lines at 132.000 MHz (amplitude sum),gva,False,-99.9,-40.4,-144.9,-85.4,pass,pass,"on-die current into the Pico 2 PDN (0.1 to 0.5 ohm), path pdn_p 50 to 75 dB","C1 puts every on-die product on the 12 MHz grid (120, 132, 144, 156, 168 MHz); level: L1 to L3; cannot be moved (Pico 2 crystal); level: layout rules L1 to L3; tinySA sweep",XOSC 12 MHz x 11: -99.9 to -48.3 dBm | 1 x 96 + 3 x 12 MHz: -107.7 to -50.9 dBm | 2 x 96 - 5 x 12 MHz: -107.7 to -50.9 dBm
P,A4,144.05,132.1000,RP2350 XOSC 12 MHz,3 coincident lines at 132.100 MHz (amplitude sum),gva,True,-105.9,-46.4,-150.9,-91.4,pass,pass,"on-die current into the Pico 2 PDN (0.1 to 0.5 ohm), path pdn_p 50 to 75 dB","C1 puts every on-die product on the 12 MHz grid (120, 132, 144, 156, 168 MHz); level: L1 to L3; cannot be moved (Pico 2 crystal); level: layout rules L1 to L3; tinySA sweep",mirror of XOSC 12 MHz x 13: -105.9 to -54.3 dBm | mirror of 1 x 96 + 5 x 12 MHz: -113.7 to -56.9 dBm | mirror of 2 x 96 - 3 x 12 MHz: -113.7 to -56.9 dBm
P,A4,144.05,132.5500,PWM comb,mirror of PWM 150.00 kHz x 1037,gva,True,-110.7,-76.6,-155.7,-121.6,pass,pass,"3.3 V GPIO, tr 2 to 5 ns, every 25th line of the comb shown","none needed (coherent 150 kHz comb, ADR-031 rule 3)",
P,A4,144.05,133.0500,PWM comb,PWM 150.00 kHz x 887,gva,False,-100.7,-70.3,-145.7,-115.3,pass,pass,"3.3 V GPIO, tr 2 to 5 ns, every 25th line of the comb shown","none needed (coherent 150 kHz comb, ADR-031 rule 3)",
P,A4,144.05,135.0500,VGG / supply sidebands,"RP2350 core regulator (3 MHz typ) ripple on the GVA-84+ bias, fc - 3 x 3 MHz",rel,False,-80.6,-50.2,-125.6,-95.2,pass,pass,ripple 0.3 to 3 mV at the GVA-84+ Vcc,F3: GVA-84+ supply through a ferrite bead and 22 uF (ripple at most 3 mV at 1 to 10 MHz); derived requirement to WP-PDR-22 and WP-PDR-24,
P,A4,144.05,136.3000,PWM comb,mirror of PWM 150.00 kHz x 1012,gva,True,-404.0,-370.7,-449.0,-415.7,pass,pass,"3.3 V GPIO, tr 2 to 5 ns, every 25th line of the comb shown","none needed (coherent 150 kHz comb, ADR-031 rule 3)",
P,A4,144.05,136.8000,PWM comb,PWM 150.00 kHz x 912,gva,False,-358.3,-327.4,-403.3,-372.4,pass,pass,"3.3 V GPIO, tr 2 to 5 ns, every 25th line of the comb shown","none needed (coherent 150 kHz comb, ADR-031 rule 3)",
P,A4,144.05,138.0500,VGG / supply sidebands,2 coincident lines at 138.050 MHz (amplitude sum),rel,False,-74.7,-40.7,-119.7,-85.7,pass,pass,ripple 0.3 to 3 mV at the GVA-84+ Vcc,F3: GVA-84+ supply through a ferrite bead and 22 uF (ripple at most 3 mV at 1 to 10 MHz); derived requirement to WP-PDR-22 and WP-PDR-24,"RT6150 (Pico 2, about 2 MHz, Low) ripple on the GVA-84+ bias, fc - 3 x 2 MHz: -80.7 to -50.2 dBm | RP2350 core regulator (3 MHz typ) ripple on the GVA-84+ bias, fc - 2 x 3 MHz: -74.7 to -44.2 dBm"
P,A4,144.05,138.1000,Si5351 reference 25 MHz,2 coincident lines at 138.100 MHz (amplitude sum),pre,True,-44.2,-19.0,-89.2,-64.0,not shown,pass,no datasheet figure; below the -35 to -50 dBc output-to-output crosstalk reported for full-swing outputs (Low),"L4: TCXO output lead at most 10 mm and at least 8 mm from the CLK1 trace; cannot be moved (Si5351A reference 25 MHz, clock-plan rule 7); level: F1 Si5351 VDD filter; tinySA sweep","mirror of 25 MHz x 6, Si5351 on-die feedthrough to CLK1: -44.2 to -19.2 dBm | mirror of 25 MHz x 6, crystal node near CLK1: -86.3 to -52.2 dBm"
P,A4,144.05,140.0500,VGG / supply sidebands,2 coincident lines at 140.050 MHz (amplitude sum),rel,False,-74.7,-44.0,-119.7,-89.0,pass,pass,ripple 0.3 to 3 mV at the GVA-84+ Vcc,"F3: GVA-84+ supply through a ferrite bead and 22 uF (ripple at most 3 mV at 1 to 10 MHz); derived requirement to WP-PDR-22 and WP-PDR-24; none needed (coherent 150 kHz comb, ADR-031 rule 3)","mirror of PWM 150.00 kHz x 987: -109.2 to -76.6 dBm | RT6150 (Pico 2, about 2 MHz, Low) ripple on the GVA-84+ bias, fc - 2 x 2 MHz: -74.7 to -44.2 dBm"
P,A4,144.05,140.5500,PWM comb,PWM 150.00 kHz x 937,gva,False,-101.9,-70.4,-146.9,-115.4,pass,pass,"3.3 V GPIO, tr 2 to 5 ns, every 25th line of the comb shown","none needed (coherent 150 kHz comb, ADR-031 rule 3)",
P,A4,144.05,141.0500,VGG / supply sidebands,"RP2350 core regulator (3 MHz typ) ripple on the GVA-84+ bias, fc - 1 x 3 MHz",rel,False,-68.7,-38.2,-113.7,-83.2,pass,pass,ripple 0.3 to 3 mV at the GVA-84+ Vcc,F3: GVA-84+ supply through a ferrite bead and 22 uF (ripple at most 3 mV at 1 to 10 MHz); derived requirement to WP-PDR-22 and WP-PDR-24,
P,A4,144.05,142.0500,Si5351 PLL spurs,2 coincident lines at 142.050 MHz (amplitude sum),pre,False,-42.9,-21.5,-87.9,-66.5,not shown,pass,"PA3FWM tn42b: about -80 dBc in theory, measured worse (Low); offset depends on the fraction","C5: PLL A multiplier rule, fractional part not within 0.002 of an integer (firmware table check); tinySA sweep at the worst channel; F3: GVA-84+ supply through a ferrite bead and 22 uF (ripple at most 3 mV at 1 to 10 MHz); derived requirement to WP-PDR-22 and WP-PDR-24","fractional / integer-boundary spur fc -2 MHz (representative): -42.9 to -22.9 dBm | RT6150 (Pico 2, about 2 MHz, Low) ripple on the GVA-84+ bias, fc - 1 x 2 MHz: -68.7 to -38.2 dBm"
P,A4,144.05,143.5500,Si5351 PLL spurs,fractional / integer-boundary spur fc -0.5 MHz (representative),pre,False,-43.0,-23.0,-88.0,-68.0,not shown,pass,"PA3FWM tn42b: about -80 dBc in theory, measured worse (Low); offset depends on the fraction","C5: PLL A multiplier rule, fractional part not within 0.002 of an integer (firmware table check); tinySA sweep at the worst channel",
P,A4,144.05,143.7500,VGG / supply sidebands,"envelope-reference PWM ripple, fc - 2 x 150 kHz",rel,False,-60.1,-41.0,-105.1,-86.0,pass,pass,"AM index m = 0.6/V x ripple; ripple 0.23 to 0.84 mV (2-pole RC, 1 to 3 kHz)",none needed; derived requirement to WP-PDR-22: PWM ripple at VGG at most 3.3 mV peak,
P,A4,144.05,143.8000,PWM comb,mirror of PWM 150.00 kHz x 962,gva,True,-371.8,-339.7,-416.8,-384.7,pass,pass,"3.3 V GPIO, tr 2 to 5 ns, every 25th line of the comb shown","none needed (coherent 150 kHz comb, ADR-031 rule 3)",
P,A4,144.05,143.9000,VGG / supply sidebands,"envelope-reference PWM ripple, fc - 1 x 150 kHz",rel,False,-54.1,-35.0,-99.1,-80.0,pass,pass,"AM index m = 0.6/V x ripple; ripple 0.23 to 0.84 mV (2-pole RC, 1 to 3 kHz)",none needed; derived requirement to WP-PDR-22: PWM ripple at VGG at most 3.3 mV peak,
P,A4,144.05,144.0000,RP2350 XOSC 12 MHz,4 coincident lines at 144.000 MHz (amplitude sum),gva,False,-100.0,-40.4,-145.0,-85.4,pass,pass,"on-die current into the Pico 2 PDN (0.1 to 0.5 ohm), path pdn_p 50 to 75 dB","C1 puts every on-die product on the 12 MHz grid (120, 132, 144, 156, 168 MHz); level: L1 to L3; C2: clk_adc from PLL_SYS / 2 (AUXSRC CLKSRC_PLL_SYS, DIV 2) enabled only for conversion bursts (ENABLE bit); C3: PLL_USB powered down (PWR.PD, VCOPD) outside USB; cannot be moved (Pico 2 crystal); level: layout rules L1 to L3; tinySA sweep","XOSC 12 MHz x 12: -100.0 to -48.5 dBm | 1 x 96 + 4 x 12 MHz: -107.8 to -51.0 dBm | 2 x 96 - 4 x 12 MHz: -107.8 to -51.0 dBm | clk_adc 48 MHz x 3 (bursts, PLL_SYS / 2): -133.4 to -75.0 dBm"
P,A4,144.05,144.1000,RP2350 XOSC 12 MHz,4 coincident lines at 144.100 MHz (amplitude sum),gva,True,-106.0,-46.4,-151.0,-91.4,pass,pass,"on-die current into the Pico 2 PDN (0.1 to 0.5 ohm), path pdn_p 50 to 75 dB","C1 puts every on-die product on the 12 MHz grid (120, 132, 144, 156, 168 MHz); level: L1 to L3; C2: clk_adc from PLL_SYS / 2 (AUXSRC CLKSRC_PLL_SYS, DIV 2) enabled only for conversion bursts (ENABLE bit); C3: PLL_USB powered down (PWR.PD, VCOPD) outside USB; cannot be moved (Pico 2 crystal); level: layout rules L1 to L3; tinySA sweep","mirror of XOSC 12 MHz x 12: -106.0 to -54.5 dBm | mirror of 1 x 96 + 4 x 12 MHz: -113.8 to -57.0 dBm | mirror of 2 x 96 - 4 x 12 MHz: -113.8 to -57.0 dBm | mirror of clk_adc 48 MHz x 3 (bursts, PLL_SYS / 2): -139.4 to -81.0 dBm"
P,A4,144.05,144.2000,VGG / supply sidebands,"envelope-reference PWM ripple, fc + 1 x 150 kHz",rel,False,-54.1,-35.0,-99.1,-80.0,pass,pass,"AM index m = 0.6/V x ripple; ripple 0.23 to 0.84 mV (2-pole RC, 1 to 3 kHz)",none needed; derived requirement to WP-PDR-22: PWM ripple at VGG at most 3.3 mV peak,
P,A4,144.05,144.3000,PWM comb,PWM 150.00 kHz x 962,gva,False,-365.8,-333.7,-410.8,-378.7,pass,pass,"3.3 V GPIO, tr 2 to 5 ns, every 25th line of the comb shown","none needed (coherent 150 kHz comb, ADR-031 rule 3)",
P,A4,144.05,144.3500,VGG / supply sidebands,"envelope-reference PWM ripple, fc + 2 x 150 kHz",rel,False,-60.1,-41.0,-105.1,-86.0,pass,pass,"AM index m = 0.6/V x ripple; ripple 0.23 to 0.84 mV (2-pole RC, 1 to 3 kHz)",none needed; derived requirement to WP-PDR-22: PWM ripple at VGG at most 3.3 mV peak,
P,A4,144.05,144.5500,Si5351 PLL spurs,fractional / integer-boundary spur fc +0.5 MHz (representative),pre,False,-43.0,-23.0,-88.0,-68.0,pass,pass,"PA3FWM tn42b: about -80 dBc in theory, measured worse (Low); offset depends on the fraction","C5: PLL A multiplier rule, fractional part not within 0.002 of an integer (firmware table check); tinySA sweep at the worst channel",
P,A4,144.05,146.0500,Si5351 PLL spurs,2 coincident lines at 146.050 MHz (amplitude sum),pre,False,-43.1,-21.7,-88.1,-66.7,not shown,pass,"PA3FWM tn42b: about -80 dBc in theory, measured worse (Low); offset depends on the fraction","C5: PLL A multiplier rule, fractional part not within 0.002 of an integer (firmware table check); tinySA sweep at the worst channel; F3: GVA-84+ supply through a ferrite bead and 22 uF (ripple at most 3 mV at 1 to 10 MHz); derived requirement to WP-PDR-22 and WP-PDR-24","fractional / integer-boundary spur fc +2 MHz (representative): -43.1 to -23.1 dBm | RT6150 (Pico 2, about 2 MHz, Low) ripple on the GVA-84+ bias, fc + 1 x 2 MHz: -68.7 to -38.3 dBm"
P,A4,144.05,147.0500,VGG / supply sidebands,"RP2350 core regulator (3 MHz typ) ripple on the GVA-84+ bias, fc + 1 x 3 MHz",rel,False,-68.8,-38.3,-113.8,-83.3,pass,pass,ripple 0.3 to 3 mV at the GVA-84+ Vcc,F3: GVA-84+ supply through a ferrite bead and 22 uF (ripple at most 3 mV at 1 to 10 MHz); derived requirement to WP-PDR-22 and WP-PDR-24,
P,A4,144.05,147.5500,PWM comb,mirror of PWM 150.00 kHz x 937,gva,True,-108.0,-76.5,-153.0,-121.5,pass,pass,"3.3 V GPIO, tr 2 to 5 ns, every 25th line of the comb shown","none needed (coherent 150 kHz comb, ADR-031 rule 3)",
P,A4,144.05,148.0500,VGG / supply sidebands,2 coincident lines at 148.050 MHz (amplitude sum),rel,False,-74.8,-43.9,-119.8,-88.9,pass,pass,ripple 0.3 to 3 mV at the GVA-84+ Vcc,"F3: GVA-84+ supply through a ferrite bead and 22 uF (ripple at most 3 mV at 1 to 10 MHz); derived requirement to WP-PDR-22 and WP-PDR-24; none needed (coherent 150 kHz comb, ADR-031 rule 3)","PWM 150.00 kHz x 987: -103.3 to -70.7 dBm | RT6150 (Pico 2, about 2 MHz, Low) ripple on the GVA-84+ bias, fc + 2 x 2 MHz: -74.8 to -44.3 dBm"
P,A4,144.05,150.0000,Si5351 reference 25 MHz,2 coincident lines at 150.000 MHz (amplitude sum),pre,False,-38.4,-13.2,-83.4,-58.2,not shown,not shown,no datasheet figure; below the -35 to -50 dBc output-to-output crosstalk reported for full-swing outputs (Low),"L4: TCXO output lead at most 10 mm and at least 8 mm from the CLK1 trace; cannot be moved (Si5351A reference 25 MHz, clock-plan rule 7); level: F1 Si5351 VDD filter; tinySA sweep","25 MHz x 6, Si5351 on-die feedthrough to CLK1: -38.4 to -13.4 dBm | 25 MHz x 6, crystal node near CLK1: -80.4 to -46.3 dBm"
P,A4,144.05,150.0500,VGG / supply sidebands,2 coincident lines at 150.050 MHz (amplitude sum),rel,False,-74.8,-40.8,-119.8,-85.8,pass,pass,ripple 0.3 to 3 mV at the GVA-84+ Vcc,F3: GVA-84+ supply through a ferrite bead and 22 uF (ripple at most 3 mV at 1 to 10 MHz); derived requirement to WP-PDR-22 and WP-PDR-24,"RT6150 (Pico 2, about 2 MHz, Low) ripple on the GVA-84+ bias, fc + 3 x 2 MHz: -80.8 to -50.3 dBm | RP2350 core regulator (3 MHz typ) ripple on the GVA-84+ bias, fc + 2 x 3 MHz: -74.8 to -44.3 dBm"
P,A4,144.05,151.3000,PWM comb,mirror of PWM 150.00 kHz x 912,gva,True,-364.5,-333.5,-409.5,-378.5,pass,pass,"3.3 V GPIO, tr 2 to 5 ns, every 25th line of the comb shown","none needed (coherent 150 kHz comb, ADR-031 rule 3)",
P,A4,144.05,151.8000,PWM comb,PWM 150.00 kHz x 1012,gva,False,-398.1,-364.8,-443.1,-409.8,pass,pass,"3.3 V GPIO, tr 2 to 5 ns, every 25th line of the comb shown","none needed (coherent 150 kHz comb, ADR-031 rule 3)",
P,A4,144.05,153.0500,VGG / supply sidebands,"RP2350 core regulator (3 MHz typ) ripple on the GVA-84+ bias, fc + 3 x 3 MHz",rel,False,-80.8,-50.3,-125.8,-95.3,pass,pass,ripple 0.3 to 3 mV at the GVA-84+ Vcc,F3: GVA-84+ supply through a ferrite bead and 22 uF (ripple at most 3 mV at 1 to 10 MHz); derived requirement to WP-PDR-22 and WP-PDR-24,
P,A4,144.05,155.0500,PWM comb,mirror of PWM 150.00 kHz x 887,gva,True,-106.9,-76.4,-151.9,-121.4,pass,pass,"3.3 V GPIO, tr 2 to 5 ns, every 25th line of the comb shown","none needed (coherent 150 kHz comb, ADR-031 rule 3)",
P,A4,144.05,155.5500,PWM comb,PWM 150.00 kHz x 1037,gva,False,-104.9,-70.8,-149.9,-115.8,pass,pass,"3.3 V GPIO, tr 2 to 5 ns, every 25th line of the comb shown","none needed (coherent 150 kHz comb, ADR-031 rule 3)",
P,A4,144.05,156.0000,RP2350 XOSC 12 MHz,3 coincident lines at 156.000 MHz (amplitude sum),gva,False,-100.1,-40.6,-145.1,-85.6,pass,pass,"on-die current into the Pico 2 PDN (0.1 to 0.5 ohm), path pdn_p 50 to 75 dB","C1 puts every on-die product on the 12 MHz grid (120, 132, 144, 156, 168 MHz); level: L1 to L3; cannot be moved (Pico 2 crystal); level: layout rules L1 to L3; tinySA sweep",XOSC 12 MHz x 13: -100.1 to -48.5 dBm | 1 x 96 + 5 x 12 MHz: -107.9 to -51.1 dBm | 2 x 96 - 3 x 12 MHz: -107.9 to -51.1 dBm
P,A4,144.05,156.1000,RP2350 XOSC 12 MHz,3 coincident lines at 156.100 MHz (amplitude sum),gva,True,-106.1,-46.6,-151.1,-91.6,pass,pass,"on-die current into the Pico 2 PDN (0.1 to 0.5 ohm), path pdn_p 50 to 75 dB","C1 puts every on-die product on the 12 MHz grid (120, 132, 144, 156, 168 MHz); level: L1 to L3; cannot be moved (Pico 2 crystal); level: layout rules L1 to L3; tinySA sweep",mirror of XOSC 12 MHz x 11: -106.1 to -54.5 dBm | mirror of 1 x 96 + 3 x 12 MHz: -113.9 to -57.1 dBm | mirror of 2 x 96 - 5 x 12 MHz: -113.9 to -57.1 dBm
P,A4,144.05,158.8000,PWM comb,mirror of PWM 150.00 kHz x 862,gva,True,-383.1,-353.1,-428.1,-398.1,pass,pass,"3.3 V GPIO, tr 2 to 5 ns, every 25th line of the comb shown","none needed (coherent 150 kHz comb, ADR-031 rule 3)",
P,A4,144.05,159.3000,PWM comb,PWM 150.00 kHz x 1062,gva,False,-362.0,-327.2,-407.0,-372.2,pass,pass,"3.3 V GPIO, tr 2 to 5 ns, every 25th line of the comb shown","none needed (coherent 150 kHz comb, ADR-031 rule 3)",
P,A4,144.05,162.0563,/8 prescaler,4 coincident lines at 162.056 MHz (amplitude sum),pre,False,-52.3,-25.4,-97.3,-70.4,pass,pass,"330 ohm series tap (23 dB reverse isolation, derived) and separate supply per flip-flop","C7: prescaler fed through 330 ohm in series (after the 100 pF), each 74LVC1G80 on its own bead-and-100 nF supply; C8: 470 ohm series resistor at the /8 output and the /8 trace 15 to 25 mm from the CLK1 net (L5); option C9 (/4 prescaler) moves both lines out of the window but needs a REQ-TX-013 CR",mirror of /8 output x 7 (7/8 fc) on the trace: -67.1 to -44.0 dBm | mirror of /8 kickback sideband (7/8 fc): -56.5 to -36.5 dBm | /8 output x 9 (9/8 fc) on the trace: -65.6 to -41.7 dBm | /8 kickback sideband (9/8 fc): -52.3 to -32.3 dBm
P,A4,144.05,162.5500,PWM comb,mirror of PWM 150.00 kHz x 837,gva,True,-106.0,-76.5,-151.0,-121.5,pass,pass,"3.3 V GPIO, tr 2 to 5 ns, every 25th line of the comb shown","none needed (coherent 150 kHz comb, ADR-031 rule 3)",
P,A4,144.05,163.0500,PWM comb,PWM 150.00 kHz x 1087,gva,False,-106.8,-71.1,-151.8,-116.1,pass,pass,"3.3 V GPIO, tr 2 to 5 ns, every 25th line of the comb shown","none needed (coherent 150 kHz comb, ADR-031 rule 3)",
P,A4,144.05,163.1000,Si5351 reference 25 MHz,2 coincident lines at 163.100 MHz (amplitude sum),pre,True,-43.5,-18.4,-88.5,-63.4,not shown,pass,no datasheet figure; below the -35 to -50 dBc output-to-output crosstalk reported for full-swing outputs (Low),"L4: TCXO output lead at most 10 mm and at least 8 mm from the CLK1 trace; cannot be moved (Si5351A reference 25 MHz, clock-plan rule 7); level: F1 Si5351 VDD filter; tinySA sweep","mirror of 25 MHz x 5, Si5351 on-die feedthrough to CLK1: -43.5 to -18.5 dBm | mirror of 25 MHz x 5, crystal node near CLK1: -87.2 to -53.1 dBm"
P,A4,144.05,166.3000,PWM comb,mirror of PWM 150.00 kHz x 812,gva,True,-370.8,-341.6,-415.8,-386.6,pass,pass,"3.3 V GPIO, tr 2 to 5 ns, every 25th line of the comb shown","none needed (coherent 150 kHz comb, ADR-031 rule 3)",
P,A4,144.05,166.8000,PWM comb,PWM 150.00 kHz x 1112,gva,False,-369.9,-333.2,-414.9,-378.2,pass,pass,"3.3 V GPIO, tr 2 to 5 ns, every 25th line of the comb shown","none needed (coherent 150 kHz comb, ADR-031 rule 3)",
P,A4,144.05,168.0000,RP2350 XOSC 12 MHz,3 coincident lines at 168.000 MHz (amplitude sum),gva,False,-100.7,-41.3,-145.7,-86.3,pass,pass,"on-die current into the Pico 2 PDN (0.1 to 0.5 ohm), path pdn_p 50 to 75 dB","C1 puts every on-die product on the 12 MHz grid (120, 132, 144, 156, 168 MHz); level: L1 to L3; cannot be moved (Pico 2 crystal); level: layout rules L1 to L3; tinySA sweep",XOSC 12 MHz x 14: -100.7 to -49.2 dBm | 1 x 96 + 6 x 12 MHz: -108.6 to -51.7 dBm | 2 x 96 - 2 x 12 MHz: -108.6 to -51.7 dBm
P,A4,144.05,168.1000,RP2350 XOSC 12 MHz,3 coincident lines at 168.100 MHz (amplitude sum),gva,True,-106.7,-47.3,-151.7,-92.3,pass,pass,"on-die current into the Pico 2 PDN (0.1 to 0.5 ohm), path pdn_p 50 to 75 dB","C1 puts every on-die product on the 12 MHz grid (120, 132, 144, 156, 168 MHz); level: L1 to L3; cannot be moved (Pico 2 crystal); level: layout rules L1 to L3; tinySA sweep",mirror of XOSC 12 MHz x 10: -106.7 to -55.2 dBm | mirror of 1 x 96 + 2 x 12 MHz: -114.6 to -57.8 dBm | mirror of 2 x 96 - 6 x 12 MHz: -114.6 to -57.8 dBm
P,A4,144.05,169.0500,Si5351 PLL spurs,PFD reference spur fc + 25 MHz,pre,False,-50.5,-30.5,-95.5,-75.5,pass,pass,"VCO spur at the 25 MHz PFD offset, divided by 6 (-15.6 dB) (Low)",level only (on-die PLL); tinySA sweep,
P,A4,144.05,170.0500,PWM comb,mirror of PWM 150.00 kHz x 787,gva,True,-106.1,-77.3,-151.1,-122.3,pass,pass,"3.3 V GPIO, tr 2 to 5 ns, every 25th line of the comb shown","none needed (coherent 150 kHz comb, ADR-031 rule 3)",
P,A4,144.05,170.5500,PWM comb,PWM 150.00 kHz x 1137,gva,False,-110.0,-72.3,-155.0,-117.3,pass,pass,"3.3 V GPIO, tr 2 to 5 ns, every 25th line of the comb shown","none needed (coherent 150 kHz comb, ADR-031 rule 3)",
P,A4,144.05,174.3000,PWM comb,PWM 150.00 kHz x 1162,gva,False,-391.9,-353.0,-436.9,-398.0,pass,pass,"3.3 V GPIO, tr 2 to 5 ns, every 25th line of the comb shown","none needed (coherent 150 kHz comb, ADR-031 rule 3)",
P,A4,144.05,175.0000,Si5351 reference 25 MHz,2 coincident lines at 175.000 MHz (amplitude sum),pre,False,-42.8,-17.5,-87.8,-62.5,not shown,pass,no datasheet figure; below the -35 to -50 dBc output-to-output crosstalk reported for full-swing outputs (Low),"L4: TCXO output lead at most 10 mm and at least 8 mm from the CLK1 trace; cannot be moved (Si5351A reference 25 MHz, clock-plan rule 7); level: F1 Si5351 VDD filter; tinySA sweep","25 MHz x 7, Si5351 on-die feedthrough to CLK1: -42.8 to -17.8 dBm | 25 MHz x 7, crystal node near CLK1: -83.5 to -49.4 dBm"
P,A4,146.0,118.0500,PWM comb,PWM 150.00 kHz x 787,gva,False,-98.8,-70.0,-143.8,-115.0,pass,pass,"3.3 V GPIO, tr 2 to 5 ns, every 25th line of the comb shown","none needed (coherent 150 kHz comb, ADR-031 rule 3)",
P,A4,146.0,120.0000,RP2350 XOSC 12 MHz,3 coincident lines at 120.000 MHz (amplitude sum),gva,False,-99.8,-40.4,-144.8,-85.4,pass,pass,"on-die current into the Pico 2 PDN (0.1 to 0.5 ohm), path pdn_p 50 to 75 dB","C1 puts every on-die product on the 12 MHz grid (120, 132, 144, 156, 168 MHz); level: L1 to L3; cannot be moved (Pico 2 crystal); level: layout rules L1 to L3; tinySA sweep",XOSC 12 MHz x 10: -99.8 to -48.3 dBm | 1 x 96 + 2 x 12 MHz: -107.7 to -50.8 dBm | 2 x 96 - 6 x 12 MHz: -107.7 to -50.8 dBm
P,A4,146.0,121.0000,Si5351 PLL spurs,PFD reference spur fc - 25 MHz,pre,False,-46.9,-26.9,-91.9,-71.9,pass,pass,"VCO spur at the 25 MHz PFD offset, divided by 6 (-15.6 dB) (Low)",level only (on-die PLL); tinySA sweep,
P,A4,146.0,121.4500,PWM comb,mirror of PWM 150.00 kHz x 1137,gva,True,-114.6,-76.9,-159.6,-121.9,pass,pass,"3.3 V GPIO, tr 2 to 5 ns, every 25th line of the comb shown","none needed (coherent 150 kHz comb, ADR-031 rule 3)",
P,A4,146.0,121.8000,PWM comb,PWM 150.00 kHz x 812,gva,False,-364.1,-334.9,-409.1,-379.9,pass,pass,"3.3 V GPIO, tr 2 to 5 ns, every 25th line of the comb shown","none needed (coherent 150 kHz comb, ADR-031 rule 3)",
P,A4,146.0,124.0000,RP2350 XOSC 12 MHz,3 coincident lines at 124.000 MHz (amplitude sum),gva,True,-105.8,-46.4,-150.8,-91.4,pass,pass,"on-die current into the Pico 2 PDN (0.1 to 0.5 ohm), path pdn_p 50 to 75 dB","C1 puts every on-die product on the 12 MHz grid (120, 132, 144, 156, 168 MHz); level: L1 to L3; cannot be moved (Pico 2 crystal); level: layout rules L1 to L3; tinySA sweep",mirror of XOSC 12 MHz x 14: -105.8 to -54.3 dBm | mirror of 1 x 96 + 6 x 12 MHz: -113.7 to -56.8 dBm | mirror of 2 x 96 - 2 x 12 MHz: -113.7 to -56.8 dBm
P,A4,146.0,125.0000,Si5351 reference 25 MHz,2 coincident lines at 125.000 MHz (amplitude sum),pre,False,-37.0,-11.9,-82.0,-56.9,not shown,not shown,no datasheet figure; below the -35 to -50 dBc output-to-output crosstalk reported for full-swing outputs (Low),"L4: TCXO output lead at most 10 mm and at least 8 mm from the CLK1 trace; cannot be moved (Si5351A reference 25 MHz, clock-plan rule 7); level: F1 Si5351 VDD filter; tinySA sweep","25 MHz x 5, Si5351 on-die feedthrough to CLK1: -37.0 to -12.0 dBm | 25 MHz x 5, crystal node near CLK1: -80.7 to -46.6 dBm"
P,A4,146.0,125.2000,PWM comb,mirror of PWM 150.00 kHz x 1112,gva,True,-375.1,-338.5,-420.1,-383.5,pass,pass,"3.3 V GPIO, tr 2 to 5 ns, every 25th line of the comb shown","none needed (coherent 150 kHz comb, ADR-031 rule 3)",
P,A4,146.0,125.5500,PWM comb,PWM 150.00 kHz x 837,gva,False,-99.7,-70.1,-144.7,-115.1,pass,pass,"3.3 V GPIO, tr 2 to 5 ns, every 25th line of the comb shown","none needed (coherent 150 kHz comb, ADR-031 rule 3)",
P,A4,146.0,127.7500,/8 prescaler,4 coincident lines at 127.750 MHz (amplitude sum),pre,False,-50.1,-24.3,-95.1,-69.3,pass,pass,"330 ohm series tap (23 dB reverse isolation, derived) and separate supply per flip-flop","C7: prescaler fed through 330 ohm in series (after the 100 pF), each 74LVC1G80 on its own bead-and-100 nF supply; C8: 470 ohm series resistor at the /8 output and the /8 trace 15 to 25 mm from the CLK1 net (L5); option C9 (/4 prescaler) moves both lines out of the window but needs a REQ-TX-013 CR",/8 output x 7 (7/8 fc) on the trace: -60.7 to -37.6 dBm | /8 kickback sideband (7/8 fc): -50.1 to -30.1 dBm | mirror of /8 output x 9 (9/8 fc) on the trace: -71.4 to -47.4 dBm | mirror of /8 kickback sideband (9/8 fc): -58.0 to -38.0 dBm
P,A4,146.0,128.9500,PWM comb,mirror of PWM 150.00 kHz x 1087,gva,True,-112.4,-76.7,-157.4,-121.7,pass,pass,"3.3 V GPIO, tr 2 to 5 ns, every 25th line of the comb shown","none needed (coherent 150 kHz comb, ADR-031 rule 3)",
P,A4,146.0,129.3000,PWM comb,PWM 150.00 kHz x 862,gva,False,-376.8,-346.8,-421.8,-391.8,pass,pass,"3.3 V GPIO, tr 2 to 5 ns, every 25th line of the comb shown","none needed (coherent 150 kHz comb, ADR-031 rule 3)",
P,A4,146.0,132.0000,RP2350 XOSC 12 MHz,3 coincident lines at 132.000 MHz (amplitude sum),gva,False,-99.8,-40.4,-144.8,-85.4,pass,pass,"on-die current into the Pico 2 PDN (0.1 to 0.5 ohm), path pdn_p 50 to 75 dB","C1 puts every on-die product on the 12 MHz grid (120, 132, 144, 156, 168 MHz); level: L1 to L3; cannot be moved (Pico 2 crystal); level: layout rules L1 to L3; tinySA sweep",XOSC 12 MHz x 11: -99.8 to -48.3 dBm | 1 x 96 + 3 x 12 MHz: -107.7 to -50.9 dBm | 2 x 96 - 5 x 12 MHz: -107.7 to -50.9 dBm
P,A4,146.0,132.7000,PWM comb,mirror of PWM 150.00 kHz x 1062,gva,True,-367.8,-333.0,-412.8,-378.0,pass,pass,"3.3 V GPIO, tr 2 to 5 ns, every 25th line of the comb shown","none needed (coherent 150 kHz comb, ADR-031 rule 3)",
P,A4,146.0,133.0500,PWM comb,PWM 150.00 kHz x 887,gva,False,-100.7,-70.2,-145.7,-115.2,pass,pass,"3.3 V GPIO, tr 2 to 5 ns, every 25th line of the comb shown","none needed (coherent 150 kHz comb, ADR-031 rule 3)",
P,A4,146.0,136.0000,RP2350 XOSC 12 MHz,3 coincident lines at 136.000 MHz (amplitude sum),gva,True,-105.9,-46.4,-150.9,-91.4,pass,pass,"on-die current into the Pico 2 PDN (0.1 to 0.5 ohm), path pdn_p 50 to 75 dB","C1 puts every on-die product on the 12 MHz grid (120, 132, 144, 156, 168 MHz); level: L1 to L3; cannot be moved (Pico 2 crystal); level: layout rules L1 to L3; tinySA sweep",mirror of XOSC 12 MHz x 13: -105.9 to -54.3 dBm | mirror of 1 x 96 + 5 x 12 MHz: -113.7 to -56.9 dBm | mirror of 2 x 96 - 3 x 12 MHz: -113.7 to -56.9 dBm
P,A4,146.0,136.4500,PWM comb,mirror of PWM 150.00 kHz x 1037,gva,True,-110.7,-76.7,-155.7,-121.7,pass,pass,"3.3 V GPIO, tr 2 to 5 ns, every 25th line of the comb shown","none needed (coherent 150 kHz comb, ADR-031 rule 3)",
P,A4,146.0,136.8000,PWM comb,PWM 150.00 kHz x 912,gva,False,-358.3,-327.3,-403.3,-372.3,pass,pass,"3.3 V GPIO, tr 2 to 5 ns, every 25th line of the comb shown","none needed (coherent 150 kHz comb, ADR-031 rule 3)",
P,A4,146.0,137.0000,VGG / supply sidebands,"RP2350 core regulator (3 MHz typ) ripple on the GVA-84+ bias, fc - 3 x 3 MHz",rel,False,-80.6,-50.2,-125.6,-95.2,pass,pass,ripple 0.3 to 3 mV at the GVA-84+ Vcc,F3: GVA-84+ supply through a ferrite bead and 22 uF (ripple at most 3 mV at 1 to 10 MHz); derived requirement to WP-PDR-22 and WP-PDR-24,
P,A4,146.0,140.0000,VGG / supply sidebands,2 coincident lines at 140.000 MHz (amplitude sum),rel,False,-74.7,-40.7,-119.7,-85.7,pass,pass,ripple 0.3 to 3 mV at the GVA-84+ Vcc,F3: GVA-84+ supply through a ferrite bead and 22 uF (ripple at most 3 mV at 1 to 10 MHz); derived requirement to WP-PDR-22 and WP-PDR-24,"RT6150 (Pico 2, about 2 MHz, Low) ripple on the GVA-84+ bias, fc - 3 x 2 MHz: -80.7 to -50.2 dBm | RP2350 core regulator (3 MHz typ) ripple on the GVA-84+ bias, fc - 2 x 3 MHz: -74.7 to -44.2 dBm"
P,A4,146.0,140.2000,PWM comb,mirror of PWM 150.00 kHz x 1012,gva,True,-404.0,-370.7,-449.0,-415.7,pass,pass,"3.3 V GPIO, tr 2 to 5 ns, every 25th line of the comb shown","none needed (coherent 150 kHz comb, ADR-031 rule 3)",
P,A4,146.0,140.5500,PWM comb,PWM 150.00 kHz x 937,gva,False,-101.9,-70.4,-146.9,-115.4,pass,pass,"3.3 V GPIO, tr 2 to 5 ns, every 25th line of the comb shown","none needed (coherent 150 kHz comb, ADR-031 rule 3)",
P,A4,146.0,142.0000,Si5351 reference 25 MHz,3 coincident lines at 142.000 MHz (amplitude sum),pre,True,-44.2,-18.5,-89.2,-63.5,not shown,pass,no datasheet figure; below the -35 to -50 dBc output-to-output crosstalk reported for full-swing outputs (Low),"F3: GVA-84+ supply through a ferrite bead and 22 uF (ripple at most 3 mV at 1 to 10 MHz); derived requirement to WP-PDR-22 and WP-PDR-24; L4: TCXO output lead at most 10 mm and at least 8 mm from the CLK1 trace; cannot be moved (Si5351A reference 25 MHz, clock-plan rule 7); level: F1 Si5351 VDD filter; tinySA sweep","mirror of 25 MHz x 6, Si5351 on-die feedthrough to CLK1: -44.2 to -19.2 dBm | mirror of 25 MHz x 6, crystal node near CLK1: -86.3 to -52.1 dBm | RT6150 (Pico 2, about 2 MHz, Low) ripple on the GVA-84+ bias, fc - 2 x 2 MHz: -74.7 to -44.2 dBm"
P,A4,146.0,143.0000,VGG / supply sidebands,"RP2350 core regulator (3 MHz typ) ripple on the GVA-84+ bias, fc - 1 x 3 MHz",rel,False,-68.7,-38.2,-113.7,-83.2,pass,pass,ripple 0.3 to 3 mV at the GVA-84+ Vcc,F3: GVA-84+ supply through a ferrite bead and 22 uF (ripple at most 3 mV at 1 to 10 MHz); derived requirement to WP-PDR-22 and WP-PDR-24,
P,A4,146.0,143.9500,PWM comb,mirror of PWM 150.00 kHz x 987,gva,True,-109.3,-76.6,-154.3,-121.6,pass,pass,"3.3 V GPIO, tr 2 to 5 ns, every 25th line of the comb shown","none needed (coherent 150 kHz comb, ADR-031 rule 3)",
P,A4,146.0,144.0000,Si5351 PLL spurs,6 coincident lines at 144.000 MHz (amplitude sum),pre,False,-42.9,-20.6,-87.9,-65.6,not shown,pass,"PA3FWM tn42b: about -80 dBc in theory, measured worse (Low); offset depends on the fraction","C1 puts every on-die product on the 12 MHz grid (120, 132, 144, 156, 168 MHz); level: L1 to L3; C2: clk_adc from PLL_SYS / 2 (AUXSRC CLKSRC_PLL_SYS, DIV 2) enabled only for conversion bursts (ENABLE bit); C3: PLL_USB powered down (PWR.PD, VCOPD) outside USB; C5: PLL A multiplier rule, fractional part not within 0.002 of an integer (firmware table check); tinySA sweep at the worst channel; F3: GVA-84+ supply through a ferrite bead and 22 uF (ripple at most 3 mV at 1 to 10 MHz); derived requirement to WP-PDR-22 and WP-PDR-24; cannot be moved (Pico 2 crystal); level: layout rules L1 to L3; tinySA sweep","XOSC 12 MHz x 12: -100.0 to -48.4 dBm | 1 x 96 + 4 x 12 MHz: -107.8 to -51.0 dBm | 2 x 96 - 4 x 12 MHz: -107.8 to -51.0 dBm | clk_adc 48 MHz x 3 (bursts, PLL_SYS / 2): -133.4 to -75.0 dBm | fractional / integer-boundary spur fc -2 MHz (representative): -42.9 to -22.9 dBm | RT6150 (Pico 2, about 2 MHz, Low) ripple on the GVA-84+ bias, fc - 1 x 2 MHz: -68.7 to -38.2 dBm"
P,A4,146.0,144.3000,PWM comb,PWM 150.00 kHz x 962,gva,False,-365.7,-333.7,-410.7,-378.7,pass,pass,"3.3 V GPIO, tr 2 to 5 ns, every 25th line of the comb shown","none needed (coherent 150 kHz comb, ADR-031 rule 3)",
P,A4,146.0,145.5000,Si5351 PLL spurs,fractional / integer-boundary spur fc -0.5 MHz (representative),pre,False,-43.0,-23.0,-88.0,-68.0,not shown,pass,"PA3FWM tn42b: about -80 dBc in theory, measured worse (Low); offset depends on the fraction","C5: PLL A multiplier rule, fractional part not within 0.002 of an integer (firmware table check); tinySA sweep at the worst channel",
P,A4,146.0,145.7000,VGG / supply sidebands,"envelope-reference PWM ripple, fc - 2 x 150 kHz",rel,False,-60.1,-41.0,-105.1,-86.0,pass,pass,"AM index m = 0.6/V x ripple; ripple 0.23 to 0.84 mV (2-pole RC, 1 to 3 kHz)",none needed; derived requirement to WP-PDR-22: PWM ripple at VGG at most 3.3 mV peak,
P,A4,146.0,145.8500,VGG / supply sidebands,"envelope-reference PWM ripple, fc - 1 x 150 kHz",rel,False,-54.1,-35.0,-99.1,-80.0,pass,pass,"AM index m = 0.6/V x ripple; ripple 0.23 to 0.84 mV (2-pole RC, 1 to 3 kHz)",none needed; derived requirement to WP-PDR-22: PWM ripple at VGG at most 3.3 mV peak,
P,A4,146.0,146.1500,VGG / supply sidebands,"envelope-reference PWM ripple, fc + 1 x 150 kHz",rel,False,-54.1,-35.0,-99.1,-80.0,pass,pass,"AM index m = 0.6/V x ripple; ripple 0.23 to 0.84 mV (2-pole RC, 1 to 3 kHz)",none needed; derived requirement to WP-PDR-22: PWM ripple at VGG at most 3.3 mV peak,
P,A4,146.0,146.3000,VGG / supply sidebands,"envelope-reference PWM ripple, fc + 2 x 150 kHz",rel,False,-60.1,-41.0,-105.1,-86.0,pass,pass,"AM index m = 0.6/V x ripple; ripple 0.23 to 0.84 mV (2-pole RC, 1 to 3 kHz)",none needed; derived requirement to WP-PDR-22: PWM ripple at VGG at most 3.3 mV peak,
P,A4,146.0,146.5000,Si5351 PLL spurs,fractional / integer-boundary spur fc +0.5 MHz (representative),pre,False,-43.0,-23.0,-88.0,-68.0,pass,pass,"PA3FWM tn42b: about -80 dBc in theory, measured worse (Low); offset depends on the fraction","C5: PLL A multiplier rule, fractional part not within 0.002 of an integer (firmware table check); tinySA sweep at the worst channel",
P,A4,146.0,147.7000,PWM comb,mirror of PWM 150.00 kHz x 962,gva,True,-371.8,-339.7,-416.8,-384.7,pass,pass,"3.3 V GPIO, tr 2 to 5 ns, every 25th line of the comb shown","none needed (coherent 150 kHz comb, ADR-031 rule 3)",
P,A4,146.0,148.0000,Si5351 PLL spurs,6 coincident lines at 148.000 MHz (amplitude sum),pre,False,-43.1,-21.2,-88.1,-66.2,not shown,pass,"PA3FWM tn42b: about -80 dBc in theory, measured worse (Low); offset depends on the fraction","C1 puts every on-die product on the 12 MHz grid (120, 132, 144, 156, 168 MHz); level: L1 to L3; C2: clk_adc from PLL_SYS / 2 (AUXSRC CLKSRC_PLL_SYS, DIV 2) enabled only for conversion bursts (ENABLE bit); C3: PLL_USB powered down (PWR.PD, VCOPD) outside USB; C5: PLL A multiplier rule, fractional part not within 0.002 of an integer (firmware table check); tinySA sweep at the worst channel; F3: GVA-84+ supply through a ferrite bead and 22 uF (ripple at most 3 mV at 1 to 10 MHz); derived requirement to WP-PDR-22 and WP-PDR-24; cannot be moved (Pico 2 crystal); level: layout rules L1 to L3; tinySA sweep","mirror of XOSC 12 MHz x 12: -106.0 to -54.5 dBm | mirror of 1 x 96 + 4 x 12 MHz: -113.9 to -57.0 dBm | mirror of 2 x 96 - 4 x 12 MHz: -113.9 to -57.0 dBm | mirror of clk_adc 48 MHz x 3 (bursts, PLL_SYS / 2): -139.5 to -81.0 dBm | fractional / integer-boundary spur fc +2 MHz (representative): -43.1 to -23.1 dBm | RT6150 (Pico 2, about 2 MHz, Low) ripple on the GVA-84+ bias, fc + 1 x 2 MHz: -68.7 to -38.3 dBm"
P,A4,146.0,148.0500,PWM comb,PWM 150.00 kHz x 987,gva,False,-103.3,-70.6,-148.3,-115.6,pass,pass,"3.3 V GPIO, tr 2 to 5 ns, every 25th line of the comb shown","none needed (coherent 150 kHz comb, ADR-031 rule 3)",
P,A4,146.0,149.0000,VGG / supply sidebands,"RP2350 core regulator (3 MHz typ) ripple on the GVA-84+ bias, fc + 1 x 3 MHz",rel,False,-68.7,-38.3,-113.7,-83.3,pass,pass,ripple 0.3 to 3 mV at the GVA-84+ Vcc,F3: GVA-84+ supply through a ferrite bead and 22 uF (ripple at most 3 mV at 1 to 10 MHz); derived requirement to WP-PDR-22 and WP-PDR-24,
P,A4,146.0,150.0000,Si5351 reference 25 MHz,3 coincident lines at 150.000 MHz (amplitude sum),pre,False,-38.2,-12.8,-83.2,-57.8,not shown,not shown,no datasheet figure; below the -35 to -50 dBc output-to-output crosstalk reported for full-swing outputs (Low),"F3: GVA-84+ supply through a ferrite bead and 22 uF (ripple at most 3 mV at 1 to 10 MHz); derived requirement to WP-PDR-22 and WP-PDR-24; L4: TCXO output lead at most 10 mm and at least 8 mm from the CLK1 trace; cannot be moved (Si5351A reference 25 MHz, clock-plan rule 7); level: F1 Si5351 VDD filter; tinySA sweep","25 MHz x 6, Si5351 on-die feedthrough to CLK1: -38.2 to -13.2 dBm | 25 MHz x 6, crystal node near CLK1: -80.3 to -46.2 dBm | RT6150 (Pico 2, about 2 MHz, Low) ripple on the GVA-84+ bias, fc + 2 x 2 MHz: -74.8 to -44.3 dBm"
P,A4,146.0,151.4500,PWM comb,mirror of PWM 150.00 kHz x 937,gva,True,-108.0,-76.5,-153.0,-121.5,pass,pass,"3.3 V GPIO, tr 2 to 5 ns, every 25th line of the comb shown","none needed (coherent 150 kHz comb, ADR-031 rule 3)",
P,A4,146.0,151.8000,PWM comb,PWM 150.00 kHz x 1012,gva,False,-398.1,-364.8,-443.1,-409.8,pass,pass,"3.3 V GPIO, tr 2 to 5 ns, every 25th line of the comb shown","none needed (coherent 150 kHz comb, ADR-031 rule 3)",
P,A4,146.0,152.0000,VGG / supply sidebands,2 coincident lines at 152.000 MHz (amplitude sum),rel,False,-74.8,-40.8,-119.8,-85.8,pass,pass,ripple 0.3 to 3 mV at the GVA-84+ Vcc,F3: GVA-84+ supply through a ferrite bead and 22 uF (ripple at most 3 mV at 1 to 10 MHz); derived requirement to WP-PDR-22 and WP-PDR-24,"RT6150 (Pico 2, about 2 MHz, Low) ripple on the GVA-84+ bias, fc + 3 x 2 MHz: -80.8 to -50.3 dBm | RP2350 core regulator (3 MHz typ) ripple on the GVA-84+ bias, fc + 2 x 3 MHz: -74.8 to -44.3 dBm"
P,A4,146.0,155.0000,VGG / supply sidebands,"RP2350 core regulator (3 MHz typ) ripple on the GVA-84+ bias, fc + 3 x 3 MHz",rel,False,-80.8,-50.3,-125.8,-95.3,pass,pass,ripple 0.3 to 3 mV at the GVA-84+ Vcc,F3: GVA-84+ supply through a ferrite bead and 22 uF (ripple at most 3 mV at 1 to 10 MHz); derived requirement to WP-PDR-22 and WP-PDR-24,
P,A4,146.0,155.2000,PWM comb,mirror of PWM 150.00 kHz x 912,gva,True,-364.5,-333.5,-409.5,-378.5,pass,pass,"3.3 V GPIO, tr 2 to 5 ns, every 25th line of the comb shown","none needed (coherent 150 kHz comb, ADR-031 rule 3)",
P,A4,146.0,155.5500,PWM comb,PWM 150.00 kHz x 1037,gva,False,-104.9,-70.8,-149.9,-115.8,pass,pass,"3.3 V GPIO, tr 2 to 5 ns, every 25th line of the comb shown","none needed (coherent 150 kHz comb, ADR-031 rule 3)",
P,A4,146.0,156.0000,RP2350 XOSC 12 MHz,3 coincident lines at 156.000 MHz (amplitude sum),gva,False,-100.0,-40.6,-145.0,-85.6,pass,pass,"on-die current into the Pico 2 PDN (0.1 to 0.5 ohm), path pdn_p 50 to 75 dB","C1 puts every on-die product on the 12 MHz grid (120, 132, 144, 156, 168 MHz); level: L1 to L3; cannot be moved (Pico 2 crystal); level: layout rules L1 to L3; tinySA sweep",XOSC 12 MHz x 13: -100.0 to -48.5 dBm | 1 x 96 + 5 x 12 MHz: -107.9 to -51.1 dBm | 2 x 96 - 3 x 12 MHz: -107.9 to -51.1 dBm
P,A4,146.0,158.9500,PWM comb,mirror of PWM 150.00 kHz x 887,gva,True,-106.9,-76.5,-151.9,-121.5,pass,pass,"3.3 V GPIO, tr 2 to 5 ns, every 25th line of the comb shown","none needed (coherent 150 kHz comb, ADR-031 rule 3)",
P,A4,146.0,159.3000,PWM comb,PWM 150.00 kHz x 1062,gva,False,-362.0,-327.2,-407.0,-372.2,pass,pass,"3.3 V GPIO, tr 2 to 5 ns, every 25th line of the comb shown","none needed (coherent 150 kHz comb, ADR-031 rule 3)",
P,A4,146.0,160.0000,RP2350 XOSC 12 MHz,3 coincident lines at 160.000 MHz (amplitude sum),gva,True,-106.1,-46.6,-151.1,-91.6,pass,pass,"on-die current into the Pico 2 PDN (0.1 to 0.5 ohm), path pdn_p 50 to 75 dB","C1 puts every on-die product on the 12 MHz grid (120, 132, 144, 156, 168 MHz); level: L1 to L3; cannot be moved (Pico 2 crystal); level: layout rules L1 to L3; tinySA sweep",mirror of XOSC 12 MHz x 11: -106.1 to -54.6 dBm | mirror of 1 x 96 + 3 x 12 MHz: -113.9 to -57.1 dBm | mirror of 2 x 96 - 5 x 12 MHz: -113.9 to -57.1 dBm
P,A4,146.0,162.7000,PWM comb,mirror of PWM 150.00 kHz x 862,gva,True,-383.1,-353.1,-428.1,-398.1,pass,pass,"3.3 V GPIO, tr 2 to 5 ns, every 25th line of the comb shown","none needed (coherent 150 kHz comb, ADR-031 rule 3)",
P,A4,146.0,163.0500,PWM comb,PWM 150.00 kHz x 1087,gva,False,-106.8,-71.1,-151.8,-116.1,pass,pass,"3.3 V GPIO, tr 2 to 5 ns, every 25th line of the comb shown","none needed (coherent 150 kHz comb, ADR-031 rule 3)",
P,A4,146.0,164.2500,/8 prescaler,4 coincident lines at 164.250 MHz (amplitude sum),pre,False,-52.4,-25.5,-97.4,-70.5,pass,pass,"330 ohm series tap (23 dB reverse isolation, derived) and separate supply per flip-flop","C7: prescaler fed through 330 ohm in series (after the 100 pF), each 74LVC1G80 on its own bead-and-100 nF supply; C8: 470 ohm series resistor at the /8 output and the /8 trace 15 to 25 mm from the CLK1 net (L5); option C9 (/4 prescaler) moves both lines out of the window but needs a REQ-TX-013 CR",mirror of /8 output x 7 (7/8 fc) on the trace: -67.2 to -44.0 dBm | mirror of /8 kickback sideband (7/8 fc): -56.6 to -36.6 dBm | /8 output x 9 (9/8 fc) on the trace: -65.8 to -41.8 dBm | /8 kickback sideband (9/8 fc): -52.4 to -32.4 dBm
P,A4,146.0,166.4500,PWM comb,mirror of PWM 150.00 kHz x 837,gva,True,-106.3,-76.7,-151.3,-121.7,pass,pass,"3.3 V GPIO, tr 2 to 5 ns, every 25th line of the comb shown","none needed (coherent 150 kHz comb, ADR-031 rule 3)",
P,A4,146.0,166.8000,PWM comb,PWM 150.00 kHz x 1112,gva,False,-369.9,-333.2,-414.9,-378.2,pass,pass,"3.3 V GPIO, tr 2 to 5 ns, every 25th line of the comb shown","none needed (coherent 150 kHz comb, ADR-031 rule 3)",
P,A4,146.0,167.0000,Si5351 reference 25 MHz,2 coincident lines at 167.000 MHz (amplitude sum),pre,True,-43.8,-18.6,-88.8,-63.6,not shown,pass,no datasheet figure; below the -35 to -50 dBc output-to-output crosstalk reported for full-swing outputs (Low),"L4: TCXO output lead at most 10 mm and at least 8 mm from the CLK1 trace; cannot be moved (Si5351A reference 25 MHz, clock-plan rule 7); level: F1 Si5351 VDD filter; tinySA sweep","mirror of 25 MHz x 5, Si5351 on-die feedthrough to CLK1: -43.8 to -18.8 dBm | mirror of 25 MHz x 5, crystal node near CLK1: -87.4 to -53.3 dBm"
P,A4,146.0,168.0000,RP2350 XOSC 12 MHz,3 coincident lines at 168.000 MHz (amplitude sum),gva,False,-100.7,-41.2,-145.7,-86.2,pass,pass,"on-die current into the Pico 2 PDN (0.1 to 0.5 ohm), path pdn_p 50 to 75 dB","C1 puts every on-die product on the 12 MHz grid (120, 132, 144, 156, 168 MHz); level: L1 to L3; cannot be moved (Pico 2 crystal); level: layout rules L1 to L3; tinySA sweep",XOSC 12 MHz x 14: -100.7 to -49.2 dBm | 1 x 96 + 6 x 12 MHz: -108.6 to -51.7 dBm | 2 x 96 - 2 x 12 MHz: -108.6 to -51.7 dBm
P,A4,146.0,170.2000,PWM comb,mirror of PWM 150.00 kHz x 812,gva,True,-371.4,-342.3,-416.4,-387.3,pass,pass,"3.3 V GPIO, tr 2 to 5 ns, every 25th line of the comb shown","none needed (coherent 150 kHz comb, ADR-031 rule 3)",
P,A4,146.0,170.5500,PWM comb,PWM 150.00 kHz x 1137,gva,False,-110.0,-72.3,-155.0,-117.3,pass,pass,"3.3 V GPIO, tr 2 to 5 ns, every 25th line of the comb shown","none needed (coherent 150 kHz comb, ADR-031 rule 3)",
P,A4,146.0,171.0000,Si5351 PLL spurs,PFD reference spur fc + 25 MHz,pre,False,-51.0,-31.0,-96.0,-76.0,pass,pass,"VCO spur at the 25 MHz PFD offset, divided by 6 (-15.6 dB) (Low)",level only (on-die PLL); tinySA sweep,
P,A4,146.0,172.0000,RP2350 XOSC 12 MHz,3 coincident lines at 172.000 MHz (amplitude sum),gva,True,-107.6,-48.2,-152.6,-93.2,pass,pass,"on-die current into the Pico 2 PDN (0.1 to 0.5 ohm), path pdn_p 50 to 75 dB","C1 puts every on-die product on the 12 MHz grid (120, 132, 144, 156, 168 MHz); level: L1 to L3; cannot be moved (Pico 2 crystal); level: layout rules L1 to L3; tinySA sweep",mirror of XOSC 12 MHz x 10: -107.6 to -56.1 dBm | mirror of 1 x 96 + 2 x 12 MHz: -115.5 to -58.7 dBm | mirror of 2 x 96 - 6 x 12 MHz: -115.5 to -58.7 dBm
P,A4,146.0,173.9500,PWM comb,mirror of PWM 150.00 kHz x 787,gva,True,-107.2,-78.5,-152.2,-123.5,pass,pass,"3.3 V GPIO, tr 2 to 5 ns, every 25th line of the comb shown","none needed (coherent 150 kHz comb, ADR-031 rule 3)",
P,A4,146.0,174.3000,PWM comb,PWM 150.00 kHz x 1162,gva,False,-391.9,-353.0,-436.9,-398.0,pass,pass,"3.3 V GPIO, tr 2 to 5 ns, every 25th line of the comb shown","none needed (coherent 150 kHz comb, ADR-031 rule 3)",
P,A4,146.0,175.0000,Si5351 reference 25 MHz,2 coincident lines at 175.000 MHz (amplitude sum),pre,False,-42.6,-17.4,-87.6,-62.4,not shown,pass,no datasheet figure; below the -35 to -50 dBc output-to-output crosstalk reported for full-swing outputs (Low),"L4: TCXO output lead at most 10 mm and at least 8 mm from the CLK1 trace; cannot be moved (Si5351A reference 25 MHz, clock-plan rule 7); level: F1 Si5351 VDD filter; tinySA sweep","25 MHz x 7, Si5351 on-die feedthrough to CLK1: -42.6 to -17.6 dBm | 25 MHz x 7, crystal node near CLK1: -83.4 to -49.3 dBm"
P,A4,147.95,118.0500,PWM comb,PWM 150.00 kHz x 787,gva,False,-98.7,-70.0,-143.7,-115.0,pass,pass,"3.3 V GPIO, tr 2 to 5 ns, every 25th line of the comb shown","none needed (coherent 150 kHz comb, ADR-031 rule 3)",
P,A4,147.95,120.0000,RP2350 XOSC 12 MHz,3 coincident lines at 120.000 MHz (amplitude sum),gva,False,-99.8,-40.3,-144.8,-85.3,pass,pass,"on-die current into the Pico 2 PDN (0.1 to 0.5 ohm), path pdn_p 50 to 75 dB","C1 puts every on-die product on the 12 MHz grid (120, 132, 144, 156, 168 MHz); level: L1 to L3; cannot be moved (Pico 2 crystal); level: layout rules L1 to L3; tinySA sweep",XOSC 12 MHz x 10: -99.8 to -48.3 dBm | 1 x 96 + 2 x 12 MHz: -107.7 to -50.8 dBm | 2 x 96 - 6 x 12 MHz: -107.7 to -50.8 dBm
P,A4,147.95,120.9000,Si5351 reference 25 MHz,2 coincident lines at 120.900 MHz (amplitude sum),pre,True,-45.6,-20.4,-90.6,-65.4,not shown,pass,no datasheet figure; below the -35 to -50 dBc output-to-output crosstalk reported for full-swing outputs (Low),"L4: TCXO output lead at most 10 mm and at least 8 mm from the CLK1 trace; cannot be moved (Si5351A reference 25 MHz, clock-plan rule 7); level: F1 Si5351 VDD filter; tinySA sweep","mirror of 25 MHz x 7, Si5351 on-die feedthrough to CLK1: -45.6 to -20.6 dBm | mirror of 25 MHz x 7, crystal node near CLK1: -86.4 to -52.3 dBm"
P,A4,147.95,121.6000,PWM comb,mirror of PWM 150.00 kHz x 1162,gva,True,-395.2,-356.3,-440.2,-401.3,pass,pass,"3.3 V GPIO, tr 2 to 5 ns, every 25th line of the comb shown","none needed (coherent 150 kHz comb, ADR-031 rule 3)",
P,A4,147.95,121.8000,PWM comb,PWM 150.00 kHz x 812,gva,False,-364.1,-334.9,-409.1,-379.9,pass,pass,"3.3 V GPIO, tr 2 to 5 ns, every 25th line of the comb shown","none needed (coherent 150 kHz comb, ADR-031 rule 3)",
P,A4,147.95,122.9500,Si5351 PLL spurs,PFD reference spur fc - 25 MHz,pre,False,-46.8,-26.8,-91.8,-71.8,pass,pass,"VCO spur at the 25 MHz PFD offset, divided by 6 (-15.6 dB) (Low)",level only (on-die PLL); tinySA sweep,
P,A4,147.95,125.0000,Si5351 reference 25 MHz,2 coincident lines at 125.000 MHz (amplitude sum),pre,False,-36.9,-11.7,-81.9,-56.7,not shown,not shown,no datasheet figure; below the -35 to -50 dBc output-to-output crosstalk reported for full-swing outputs (Low),"L4: TCXO output lead at most 10 mm and at least 8 mm from the CLK1 trace; cannot be moved (Si5351A reference 25 MHz, clock-plan rule 7); level: F1 Si5351 VDD filter; tinySA sweep","25 MHz x 5, Si5351 on-die feedthrough to CLK1: -36.9 to -11.9 dBm | 25 MHz x 5, crystal node near CLK1: -80.6 to -46.5 dBm"
P,A4,147.95,125.3500,PWM comb,mirror of PWM 150.00 kHz x 1137,gva,True,-114.6,-76.9,-159.6,-121.9,pass,pass,"3.3 V GPIO, tr 2 to 5 ns, every 25th line of the comb shown","none needed (coherent 150 kHz comb, ADR-031 rule 3)",
P,A4,147.95,125.5500,PWM comb,PWM 150.00 kHz x 837,gva,False,-99.6,-70.1,-144.6,-115.1,pass,pass,"3.3 V GPIO, tr 2 to 5 ns, every 25th line of the comb shown","none needed (coherent 150 kHz comb, ADR-031 rule 3)",
P,A4,147.95,127.9000,RP2350 XOSC 12 MHz,3 coincident lines at 127.900 MHz (amplitude sum),gva,True,-105.8,-46.3,-150.8,-91.3,pass,pass,"on-die current into the Pico 2 PDN (0.1 to 0.5 ohm), path pdn_p 50 to 75 dB","C1 puts every on-die product on the 12 MHz grid (120, 132, 144, 156, 168 MHz); level: L1 to L3; cannot be moved (Pico 2 crystal); level: layout rules L1 to L3; tinySA sweep",mirror of XOSC 12 MHz x 14: -105.8 to -54.3 dBm | mirror of 1 x 96 + 6 x 12 MHz: -113.7 to -56.8 dBm | mirror of 2 x 96 - 2 x 12 MHz: -113.7 to -56.8 dBm
P,A4,147.95,129.1000,PWM comb,mirror of PWM 150.00 kHz x 1112,gva,True,-375.1,-338.5,-420.1,-383.5,pass,pass,"3.3 V GPIO, tr 2 to 5 ns, every 25th line of the comb shown","none needed (coherent 150 kHz comb, ADR-031 rule 3)",
P,A4,147.95,129.3000,PWM comb,PWM 150.00 kHz x 862,gva,False,-376.8,-346.8,-421.8,-391.8,pass,pass,"3.3 V GPIO, tr 2 to 5 ns, every 25th line of the comb shown","none needed (coherent 150 kHz comb, ADR-031 rule 3)",
P,A4,147.95,129.4562,/8 prescaler,4 coincident lines at 129.456 MHz (amplitude sum),pre,False,-50.1,-24.2,-95.1,-69.2,pass,pass,"330 ohm series tap (23 dB reverse isolation, derived) and separate supply per flip-flop","C7: prescaler fed through 330 ohm in series (after the 100 pF), each 74LVC1G80 on its own bead-and-100 nF supply; C8: 470 ohm series resistor at the /8 output and the /8 trace 15 to 25 mm from the CLK1 net (L5); option C9 (/4 prescaler) moves both lines out of the window but needs a REQ-TX-013 CR",/8 output x 7 (7/8 fc) on the trace: -60.7 to -37.5 dBm | /8 kickback sideband (7/8 fc): -50.1 to -30.1 dBm | mirror of /8 output x 9 (9/8 fc) on the trace: -71.4 to -47.4 dBm | mirror of /8 kickback sideband (9/8 fc): -58.0 to -38.0 dBm
P,A4,147.95,132.0000,RP2350 XOSC 12 MHz,3 coincident lines at 132.000 MHz (amplitude sum),gva,False,-99.8,-40.4,-144.8,-85.4,pass,pass,"on-die current into the Pico 2 PDN (0.1 to 0.5 ohm), path pdn_p 50 to 75 dB","C1 puts every on-die product on the 12 MHz grid (120, 132, 144, 156, 168 MHz); level: L1 to L3; cannot be moved (Pico 2 crystal); level: layout rules L1 to L3; tinySA sweep",XOSC 12 MHz x 11: -99.8 to -48.3 dBm | 1 x 96 + 3 x 12 MHz: -107.7 to -50.8 dBm | 2 x 96 - 5 x 12 MHz: -107.7 to -50.8 dBm
P,A4,147.95,132.8500,PWM comb,mirror of PWM 150.00 kHz x 1087,gva,True,-112.4,-76.8,-157.4,-121.8,pass,pass,"3.3 V GPIO, tr 2 to 5 ns, every 25th line of the comb shown","none needed (coherent 150 kHz comb, ADR-031 rule 3)",
P,A4,147.95,133.0500,PWM comb,PWM 150.00 kHz x 887,gva,False,-100.7,-70.2,-145.7,-115.2,pass,pass,"3.3 V GPIO, tr 2 to 5 ns, every 25th line of the comb shown","none needed (coherent 150 kHz comb, ADR-031 rule 3)",
P,A4,147.95,136.6000,PWM comb,mirror of PWM 150.00 kHz x 1062,gva,True,-367.8,-333.0,-412.8,-378.0,pass,pass,"3.3 V GPIO, tr 2 to 5 ns, every 25th line of the comb shown","none needed (coherent 150 kHz comb, ADR-031 rule 3)",
P,A4,147.95,136.8000,PWM comb,PWM 150.00 kHz x 912,gva,False,-358.3,-327.3,-403.3,-372.3,pass,pass,"3.3 V GPIO, tr 2 to 5 ns, every 25th line of the comb shown","none needed (coherent 150 kHz comb, ADR-031 rule 3)",
P,A4,147.95,138.9500,VGG / supply sidebands,"RP2350 core regulator (3 MHz typ) ripple on the GVA-84+ bias, fc - 3 x 3 MHz",rel,False,-80.6,-50.2,-125.6,-95.2,pass,pass,ripple 0.3 to 3 mV at the GVA-84+ Vcc,F3: GVA-84+ supply through a ferrite bead and 22 uF (ripple at most 3 mV at 1 to 10 MHz); derived requirement to WP-PDR-22 and WP-PDR-24,
P,A4,147.95,139.9000,RP2350 XOSC 12 MHz,3 coincident lines at 139.900 MHz (amplitude sum),gva,True,-105.9,-46.4,-150.9,-91.4,pass,pass,"on-die current into the Pico 2 PDN (0.1 to 0.5 ohm), path pdn_p 50 to 75 dB","C1 puts every on-die product on the 12 MHz grid (120, 132, 144, 156, 168 MHz); level: L1 to L3; cannot be moved (Pico 2 crystal); level: layout rules L1 to L3; tinySA sweep",mirror of XOSC 12 MHz x 13: -105.9 to -54.4 dBm | mirror of 1 x 96 + 5 x 12 MHz: -113.7 to -56.9 dBm | mirror of 2 x 96 - 3 x 12 MHz: -113.7 to -56.9 dBm
P,A4,147.95,140.3500,PWM comb,mirror of PWM 150.00 kHz x 1037,gva,True,-110.7,-76.7,-155.7,-121.7,pass,pass,"3.3 V GPIO, tr 2 to 5 ns, every 25th line of the comb shown","none needed (coherent 150 kHz comb, ADR-031 rule 3)",
P,A4,147.95,140.5500,PWM comb,PWM 150.00 kHz x 937,gva,False,-101.9,-70.4,-146.9,-115.4,pass,pass,"3.3 V GPIO, tr 2 to 5 ns, every 25th line of the comb shown","none needed (coherent 150 kHz comb, ADR-031 rule 3)",
P,A4,147.95,141.9500,VGG / supply sidebands,2 coincident lines at 141.950 MHz (amplitude sum),rel,False,-74.7,-40.7,-119.7,-85.7,pass,pass,ripple 0.3 to 3 mV at the GVA-84+ Vcc,F3: GVA-84+ supply through a ferrite bead and 22 uF (ripple at most 3 mV at 1 to 10 MHz); derived requirement to WP-PDR-22 and WP-PDR-24,"RT6150 (Pico 2, about 2 MHz, Low) ripple on the GVA-84+ bias, fc - 3 x 2 MHz: -80.7 to -50.2 dBm | RP2350 core regulator (3 MHz typ) ripple on the GVA-84+ bias, fc - 2 x 3 MHz: -74.7 to -44.2 dBm"
P,A4,147.95,143.9500,VGG / supply sidebands,"RT6150 (Pico 2, about 2 MHz, Low) ripple on the GVA-84+ bias, fc - 2 x 2 MHz",rel,False,-74.7,-44.2,-119.7,-89.2,pass,pass,ripple 0.3 to 3 mV at the GVA-84+ Vcc,F3: GVA-84+ supply through a ferrite bead and 22 uF (ripple at most 3 mV at 1 to 10 MHz); derived requirement to WP-PDR-22 and WP-PDR-24,
P,A4,147.95,144.0000,RP2350 XOSC 12 MHz,4 coincident lines at 144.000 MHz (amplitude sum),gva,False,-99.9,-40.3,-144.9,-85.3,pass,pass,"on-die current into the Pico 2 PDN (0.1 to 0.5 ohm), path pdn_p 50 to 75 dB","C1 puts every on-die product on the 12 MHz grid (120, 132, 144, 156, 168 MHz); level: L1 to L3; C2: clk_adc from PLL_SYS / 2 (AUXSRC CLKSRC_PLL_SYS, DIV 2) enabled only for conversion bursts (ENABLE bit); C3: PLL_USB powered down (PWR.PD, VCOPD) outside USB; cannot be moved (Pico 2 crystal); level: layout rules L1 to L3; tinySA sweep","XOSC 12 MHz x 12: -99.9 to -48.4 dBm | 1 x 96 + 4 x 12 MHz: -107.8 to -51.0 dBm | 2 x 96 - 4 x 12 MHz: -107.8 to -51.0 dBm | clk_adc 48 MHz x 3 (bursts, PLL_SYS / 2): -133.4 to -75.0 dBm"
P,A4,147.95,144.1000,PWM comb,mirror of PWM 150.00 kHz x 1012,gva,True,-404.0,-370.7,-449.0,-415.7,pass,pass,"3.3 V GPIO, tr 2 to 5 ns, every 25th line of the comb shown","none needed (coherent 150 kHz comb, ADR-031 rule 3)",
P,A4,147.95,144.3000,PWM comb,PWM 150.00 kHz x 962,gva,False,-365.7,-333.7,-410.7,-378.7,pass,pass,"3.3 V GPIO, tr 2 to 5 ns, every 25th line of the comb shown","none needed (coherent 150 kHz comb, ADR-031 rule 3)",
P,A4,147.95,144.9500,VGG / supply sidebands,"RP2350 core regulator (3 MHz typ) ripple on the GVA-84+ bias, fc - 1 x 3 MHz",rel,False,-68.7,-38.2,-113.7,-83.2,pass,pass,ripple 0.3 to 3 mV at the GVA-84+ Vcc,F3: GVA-84+ supply through a ferrite bead and 22 uF (ripple at most 3 mV at 1 to 10 MHz); derived requirement to WP-PDR-22 and WP-PDR-24,
P,A4,147.95,145.9000,Si5351 reference 25 MHz,2 coincident lines at 145.900 MHz (amplitude sum),pre,True,-44.1,-18.9,-89.1,-63.9,not shown,pass,no datasheet figure; below the -35 to -50 dBc output-to-output crosstalk reported for full-swing outputs (Low),"L4: TCXO output lead at most 10 mm and at least 8 mm from the CLK1 trace; cannot be moved (Si5351A reference 25 MHz, clock-plan rule 7); level: F1 Si5351 VDD filter; tinySA sweep","mirror of 25 MHz x 6, Si5351 on-die feedthrough to CLK1: -44.1 to -19.1 dBm | mirror of 25 MHz x 6, crystal node near CLK1: -86.2 to -52.1 dBm"
P,A4,147.95,145.9500,Si5351 PLL spurs,2 coincident lines at 145.950 MHz (amplitude sum),pre,False,-42.9,-21.5,-87.9,-66.5,not shown,pass,"PA3FWM tn42b: about -80 dBc in theory, measured worse (Low); offset depends on the fraction","C5: PLL A multiplier rule, fractional part not within 0.002 of an integer (firmware table check); tinySA sweep at the worst channel; F3: GVA-84+ supply through a ferrite bead and 22 uF (ripple at most 3 mV at 1 to 10 MHz); derived requirement to WP-PDR-22 and WP-PDR-24","fractional / integer-boundary spur fc -2 MHz (representative): -42.9 to -22.9 dBm | RT6150 (Pico 2, about 2 MHz, Low) ripple on the GVA-84+ bias, fc - 1 x 2 MHz: -68.7 to -38.2 dBm"
P,A4,147.95,147.4500,Si5351 PLL spurs,fractional / integer-boundary spur fc -0.5 MHz (representative),pre,False,-43.0,-23.0,-88.0,-68.0,not shown,pass,"PA3FWM tn42b: about -80 dBc in theory, measured worse (Low); offset depends on the fraction","C5: PLL A multiplier rule, fractional part not within 0.002 of an integer (firmware table check); tinySA sweep at the worst channel",
P,A4,147.95,147.6500,VGG / supply sidebands,"envelope-reference PWM ripple, fc - 2 x 150 kHz",rel,False,-60.1,-41.0,-105.1,-86.0,pass,pass,"AM index m = 0.6/V x ripple; ripple 0.23 to 0.84 mV (2-pole RC, 1 to 3 kHz)",none needed; derived requirement to WP-PDR-22: PWM ripple at VGG at most 3.3 mV peak,
P,A4,147.95,147.8000,VGG / supply sidebands,"envelope-reference PWM ripple, fc - 1 x 150 kHz",rel,False,-54.1,-35.0,-99.1,-80.0,pass,pass,"AM index m = 0.6/V x ripple; ripple 0.23 to 0.84 mV (2-pole RC, 1 to 3 kHz)",none needed; derived requirement to WP-PDR-22: PWM ripple at VGG at most 3.3 mV peak,
P,A4,147.95,147.8500,PWM comb,mirror of PWM 150.00 kHz x 987,gva,True,-109.3,-76.6,-154.3,-121.6,pass,pass,"3.3 V GPIO, tr 2 to 5 ns, every 25th line of the comb shown","none needed (coherent 150 kHz comb, ADR-031 rule 3)",
P,A4,147.95,148.0500,PWM comb,PWM 150.00 kHz x 987,gva,False,-103.3,-70.6,-148.3,-115.6,pass,pass,"3.3 V GPIO, tr 2 to 5 ns, every 25th line of the comb shown","none needed (coherent 150 kHz comb, ADR-031 rule 3)",
P,A4,147.95,148.1000,VGG / supply sidebands,"envelope-reference PWM ripple, fc + 1 x 150 kHz",rel,False,-54.1,-35.0,-99.1,-80.0,pass,pass,"AM index m = 0.6/V x ripple; ripple 0.23 to 0.84 mV (2-pole RC, 1 to 3 kHz)",none needed; derived requirement to WP-PDR-22: PWM ripple at VGG at most 3.3 mV peak,
P,A4,147.95,148.2500,VGG / supply sidebands,"envelope-reference PWM ripple, fc + 2 x 150 kHz",rel,False,-60.1,-41.0,-105.1,-86.0,pass,pass,"AM index m = 0.6/V x ripple; ripple 0.23 to 0.84 mV (2-pole RC, 1 to 3 kHz)",none needed; derived requirement to WP-PDR-22: PWM ripple at VGG at most 3.3 mV peak,
P,A4,147.95,148.4500,Si5351 PLL spurs,fractional / integer-boundary spur fc +0.5 MHz (representative),pre,False,-43.0,-23.0,-88.0,-68.0,pass,pass,"PA3FWM tn42b: about -80 dBc in theory, measured worse (Low); offset depends on the fraction","C5: PLL A multiplier rule, fractional part not within 0.002 of an integer (firmware table check); tinySA sweep at the worst channel",
P,A4,147.95,149.9500,Si5351 PLL spurs,2 coincident lines at 149.950 MHz (amplitude sum),pre,False,-43.1,-21.7,-88.1,-66.7,not shown,pass,"PA3FWM tn42b: about -80 dBc in theory, measured worse (Low); offset depends on the fraction","C5: PLL A multiplier rule, fractional part not within 0.002 of an integer (firmware table check); tinySA sweep at the worst channel; F3: GVA-84+ supply through a ferrite bead and 22 uF (ripple at most 3 mV at 1 to 10 MHz); derived requirement to WP-PDR-22 and WP-PDR-24","fractional / integer-boundary spur fc +2 MHz (representative): -43.1 to -23.1 dBm | RT6150 (Pico 2, about 2 MHz, Low) ripple on the GVA-84+ bias, fc + 1 x 2 MHz: -68.7 to -38.3 dBm"
P,A4,147.95,150.0000,Si5351 reference 25 MHz,2 coincident lines at 150.000 MHz (amplitude sum),pre,False,-38.1,-12.9,-83.1,-57.9,not shown,not shown,no datasheet figure; below the -35 to -50 dBc output-to-output crosstalk reported for full-swing outputs (Low),"L4: TCXO output lead at most 10 mm and at least 8 mm from the CLK1 trace; cannot be moved (Si5351A reference 25 MHz, clock-plan rule 7); level: F1 Si5351 VDD filter; tinySA sweep","25 MHz x 6, Si5351 on-die feedthrough to CLK1: -38.1 to -13.1 dBm | 25 MHz x 6, crystal node near CLK1: -80.2 to -46.1 dBm"
P,A4,147.95,150.9500,VGG / supply sidebands,"RP2350 core regulator (3 MHz typ) ripple on the GVA-84+ bias, fc + 1 x 3 MHz",rel,False,-68.7,-38.3,-113.7,-83.3,pass,pass,ripple 0.3 to 3 mV at the GVA-84+ Vcc,F3: GVA-84+ supply through a ferrite bead and 22 uF (ripple at most 3 mV at 1 to 10 MHz); derived requirement to WP-PDR-22 and WP-PDR-24,
P,A4,147.95,151.6000,PWM comb,mirror of PWM 150.00 kHz x 962,gva,True,-371.8,-339.7,-416.8,-384.7,pass,pass,"3.3 V GPIO, tr 2 to 5 ns, every 25th line of the comb shown","none needed (coherent 150 kHz comb, ADR-031 rule 3)",
P,A4,147.95,151.8000,PWM comb,PWM 150.00 kHz x 1012,gva,False,-398.1,-364.8,-443.1,-409.8,pass,pass,"3.3 V GPIO, tr 2 to 5 ns, every 25th line of the comb shown","none needed (coherent 150 kHz comb, ADR-031 rule 3)",
P,A4,147.95,151.9000,RP2350 XOSC 12 MHz,4 coincident lines at 151.900 MHz (amplitude sum),gva,True,-106.0,-46.4,-151.0,-91.4,pass,pass,"on-die current into the Pico 2 PDN (0.1 to 0.5 ohm), path pdn_p 50 to 75 dB","C1 puts every on-die product on the 12 MHz grid (120, 132, 144, 156, 168 MHz); level: L1 to L3; C2: clk_adc from PLL_SYS / 2 (AUXSRC CLKSRC_PLL_SYS, DIV 2) enabled only for conversion bursts (ENABLE bit); C3: PLL_USB powered down (PWR.PD, VCOPD) outside USB; cannot be moved (Pico 2 crystal); level: layout rules L1 to L3; tinySA sweep","mirror of XOSC 12 MHz x 12: -106.0 to -54.5 dBm | mirror of 1 x 96 + 4 x 12 MHz: -113.9 to -57.0 dBm | mirror of 2 x 96 - 4 x 12 MHz: -113.9 to -57.0 dBm | mirror of clk_adc 48 MHz x 3 (bursts, PLL_SYS / 2): -139.5 to -81.0 dBm"
P,A4,147.95,151.9500,VGG / supply sidebands,"RT6150 (Pico 2, about 2 MHz, Low) ripple on the GVA-84+ bias, fc + 2 x 2 MHz",rel,False,-74.7,-44.3,-119.7,-89.3,pass,pass,ripple 0.3 to 3 mV at the GVA-84+ Vcc,F3: GVA-84+ supply through a ferrite bead and 22 uF (ripple at most 3 mV at 1 to 10 MHz); derived requirement to WP-PDR-22 and WP-PDR-24,
P,A4,147.95,153.9500,VGG / supply sidebands,2 coincident lines at 153.950 MHz (amplitude sum),rel,False,-74.8,-40.8,-119.8,-85.8,pass,pass,ripple 0.3 to 3 mV at the GVA-84+ Vcc,F3: GVA-84+ supply through a ferrite bead and 22 uF (ripple at most 3 mV at 1 to 10 MHz); derived requirement to WP-PDR-22 and WP-PDR-24,"RT6150 (Pico 2, about 2 MHz, Low) ripple on the GVA-84+ bias, fc + 3 x 2 MHz: -80.8 to -50.3 dBm | RP2350 core regulator (3 MHz typ) ripple on the GVA-84+ bias, fc + 2 x 3 MHz: -74.8 to -44.3 dBm"
P,A4,147.95,155.3500,PWM comb,mirror of PWM 150.00 kHz x 937,gva,True,-108.0,-76.5,-153.0,-121.5,pass,pass,"3.3 V GPIO, tr 2 to 5 ns, every 25th line of the comb shown","none needed (coherent 150 kHz comb, ADR-031 rule 3)",
P,A4,147.95,155.5500,PWM comb,PWM 150.00 kHz x 1037,gva,False,-104.8,-70.8,-149.8,-115.8,pass,pass,"3.3 V GPIO, tr 2 to 5 ns, every 25th line of the comb shown","none needed (coherent 150 kHz comb, ADR-031 rule 3)",
P,A4,147.95,156.0000,RP2350 XOSC 12 MHz,3 coincident lines at 156.000 MHz (amplitude sum),gva,False,-100.0,-40.6,-145.0,-85.6,pass,pass,"on-die current into the Pico 2 PDN (0.1 to 0.5 ohm), path pdn_p 50 to 75 dB","C1 puts every on-die product on the 12 MHz grid (120, 132, 144, 156, 168 MHz); level: L1 to L3; cannot be moved (Pico 2 crystal); level: layout rules L1 to L3; tinySA sweep",XOSC 12 MHz x 13: -100.0 to -48.5 dBm | 1 x 96 + 5 x 12 MHz: -107.9 to -51.0 dBm | 2 x 96 - 3 x 12 MHz: -107.9 to -51.0 dBm
P,A4,147.95,156.9500,VGG / supply sidebands,"RP2350 core regulator (3 MHz typ) ripple on the GVA-84+ bias, fc + 3 x 3 MHz",rel,False,-80.8,-50.3,-125.8,-95.3,pass,pass,ripple 0.3 to 3 mV at the GVA-84+ Vcc,F3: GVA-84+ supply through a ferrite bead and 22 uF (ripple at most 3 mV at 1 to 10 MHz); derived requirement to WP-PDR-22 and WP-PDR-24,
P,A4,147.95,159.1000,PWM comb,mirror of PWM 150.00 kHz x 912,gva,True,-364.5,-333.5,-409.5,-378.5,pass,pass,"3.3 V GPIO, tr 2 to 5 ns, every 25th line of the comb shown","none needed (coherent 150 kHz comb, ADR-031 rule 3)",
P,A4,147.95,159.3000,PWM comb,PWM 150.00 kHz x 1062,gva,False,-362.0,-327.2,-407.0,-372.2,pass,pass,"3.3 V GPIO, tr 2 to 5 ns, every 25th line of the comb shown","none needed (coherent 150 kHz comb, ADR-031 rule 3)",
P,A4,147.95,162.8500,PWM comb,mirror of PWM 150.00 kHz x 887,gva,True,-107.0,-76.6,-152.0,-121.6,pass,pass,"3.3 V GPIO, tr 2 to 5 ns, every 25th line of the comb shown","none needed (coherent 150 kHz comb, ADR-031 rule 3)",
P,A4,147.95,163.0500,PWM comb,PWM 150.00 kHz x 1087,gva,False,-106.8,-71.1,-151.8,-116.1,pass,pass,"3.3 V GPIO, tr 2 to 5 ns, every 25th line of the comb shown","none needed (coherent 150 kHz comb, ADR-031 rule 3)",
P,A4,147.95,163.9000,RP2350 XOSC 12 MHz,3 coincident lines at 163.900 MHz (amplitude sum),gva,True,-106.2,-46.8,-151.2,-91.8,pass,pass,"on-die current into the Pico 2 PDN (0.1 to 0.5 ohm), path pdn_p 50 to 75 dB","C1 puts every on-die product on the 12 MHz grid (120, 132, 144, 156, 168 MHz); level: L1 to L3; cannot be moved (Pico 2 crystal); level: layout rules L1 to L3; tinySA sweep",mirror of XOSC 12 MHz x 11: -106.2 to -54.7 dBm | mirror of 1 x 96 + 3 x 12 MHz: -114.1 to -57.2 dBm | mirror of 2 x 96 - 5 x 12 MHz: -114.1 to -57.2 dBm
P,A4,147.95,166.4437,/8 prescaler,4 coincident lines at 166.444 MHz (amplitude sum),pre,False,-52.7,-25.7,-97.7,-70.7,pass,pass,"330 ohm series tap (23 dB reverse isolation, derived) and separate supply per flip-flop","C7: prescaler fed through 330 ohm in series (after the 100 pF), each 74LVC1G80 on its own bead-and-100 nF supply; C8: 470 ohm series resistor at the /8 output and the /8 trace 15 to 25 mm from the CLK1 net (L5); option C9 (/4 prescaler) moves both lines out of the window but needs a REQ-TX-013 CR",mirror of /8 output x 7 (7/8 fc) on the trace: -67.3 to -44.2 dBm | mirror of /8 kickback sideband (7/8 fc): -56.7 to -36.7 dBm | /8 output x 9 (9/8 fc) on the trace: -66.1 to -42.1 dBm | /8 kickback sideband (9/8 fc): -52.7 to -32.7 dBm
P,A4,147.95,166.6000,PWM comb,mirror of PWM 150.00 kHz x 862,gva,True,-383.5,-353.4,-428.5,-398.4,pass,pass,"3.3 V GPIO, tr 2 to 5 ns, every 25th line of the comb shown","none needed (coherent 150 kHz comb, ADR-031 rule 3)",
P,A4,147.95,166.8000,PWM comb,PWM 150.00 kHz x 1112,gva,False,-369.8,-333.2,-414.8,-378.2,pass,pass,"3.3 V GPIO, tr 2 to 5 ns, every 25th line of the comb shown","none needed (coherent 150 kHz comb, ADR-031 rule 3)",
P,A4,147.95,168.0000,RP2350 XOSC 12 MHz,3 coincident lines at 168.000 MHz (amplitude sum),gva,False,-100.7,-41.2,-145.7,-86.2,pass,pass,"on-die current into the Pico 2 PDN (0.1 to 0.5 ohm), path pdn_p 50 to 75 dB","C1 puts every on-die product on the 12 MHz grid (120, 132, 144, 156, 168 MHz); level: L1 to L3; cannot be moved (Pico 2 crystal); level: layout rules L1 to L3; tinySA sweep",XOSC 12 MHz x 14: -100.7 to -49.2 dBm | 1 x 96 + 6 x 12 MHz: -108.5 to -51.7 dBm | 2 x 96 - 2 x 12 MHz: -108.5 to -51.7 dBm
P,A4,147.95,170.3500,PWM comb,mirror of PWM 150.00 kHz x 837,gva,True,-107.0,-77.4,-152.0,-122.4,pass,pass,"3.3 V GPIO, tr 2 to 5 ns, every 25th line of the comb shown","none needed (coherent 150 kHz comb, ADR-031 rule 3)",
P,A4,147.95,170.5500,PWM comb,PWM 150.00 kHz x 1137,gva,False,-110.0,-72.3,-155.0,-117.3,pass,pass,"3.3 V GPIO, tr 2 to 5 ns, every 25th line of the comb shown","none needed (coherent 150 kHz comb, ADR-031 rule 3)",
P,A4,147.95,170.9000,Si5351 reference 25 MHz,2 coincident lines at 170.900 MHz (amplitude sum),pre,True,-44.4,-19.2,-89.4,-64.2,not shown,pass,no datasheet figure; below the -35 to -50 dBc output-to-output crosstalk reported for full-swing outputs (Low),"L4: TCXO output lead at most 10 mm and at least 8 mm from the CLK1 trace; cannot be moved (Si5351A reference 25 MHz, clock-plan rule 7); level: F1 Si5351 VDD filter; tinySA sweep","mirror of 25 MHz x 5, Si5351 on-die feedthrough to CLK1: -44.4 to -19.4 dBm | mirror of 25 MHz x 5, crystal node near CLK1: -88.1 to -54.0 dBm"
P,A4,147.95,172.9500,Si5351 PLL spurs,PFD reference spur fc + 25 MHz,pre,False,-51.6,-31.6,-96.6,-76.6,pass,pass,"VCO spur at the 25 MHz PFD offset, divided by 6 (-15.6 dB) (Low)",level only (on-die PLL); tinySA sweep,
P,A4,147.95,174.1000,PWM comb,mirror of PWM 150.00 kHz x 812,gva,True,-372.6,-343.5,-417.6,-388.5,pass,pass,"3.3 V GPIO, tr 2 to 5 ns, every 25th line of the comb shown","none needed (coherent 150 kHz comb, ADR-031 rule 3)",
P,A4,147.95,174.3000,PWM comb,PWM 150.00 kHz x 1162,gva,False,-391.9,-353.0,-436.9,-398.0,pass,pass,"3.3 V GPIO, tr 2 to 5 ns, every 25th line of the comb shown","none needed (coherent 150 kHz comb, ADR-031 rule 3)",
P,A4,147.95,175.0000,Si5351 reference 25 MHz,2 coincident lines at 175.000 MHz (amplitude sum),pre,False,-42.5,-17.3,-87.5,-62.3,not shown,pass,no datasheet figure; below the -35 to -50 dBc output-to-output crosstalk reported for full-swing outputs (Low),"L4: TCXO output lead at most 10 mm and at least 8 mm from the CLK1 trace; cannot be moved (Si5351A reference 25 MHz, clock-plan rule 7); level: F1 Si5351 VDD filter; tinySA sweep","25 MHz x 7, Si5351 on-die feedthrough to CLK1: -42.5 to -17.5 dBm | 25 MHz x 7, crystal node near CLK1: -83.3 to -49.2 dBm"
PB,A5,144.05,118.0500,PWM comb,PWM 150.00 kHz x 787,gva,False,-94.0,-64.3,-139.0,-109.3,pass,pass,"3.3 V GPIO, tr 2 to 5 ns, every 25th line of the comb shown","none needed (coherent 150 kHz comb, ADR-031 rule 3)",
PB,A5,144.05,119.0500,Si5351 PLL spurs,PFD reference spur fc - 25 MHz,pre,False,-70.9,-50.9,-115.9,-95.9,pass,pass,"VCO spur at the 25 MHz PFD offset, divided by 6 (-15.6 dB) (Low)",level only (on-die PLL); tinySA sweep; C10: drive bandpass in place of the drive low-pass,
PB,A5,144.05,120.0000,RP2350 XOSC 12 MHz,3 coincident lines at 120.000 MHz (amplitude sum),gva,False,-95.0,-34.7,-140.0,-79.7,pass,pass,"on-die current into the Pico 2 PDN (0.1 to 0.5 ohm), path pdn_p 50 to 75 dB","C1 puts every on-die product on the 12 MHz grid (120, 132, 144, 156, 168 MHz); level: L1 to L3; cannot be moved (Pico 2 crystal); level: layout rules L1 to L3; tinySA sweep",XOSC 12 MHz x 10: -95.0 to -42.6 dBm | 1 x 96 + 2 x 12 MHz: -102.9 to -45.1 dBm | 2 x 96 - 6 x 12 MHz: -102.9 to -45.1 dBm
PB,A5,144.05,120.1000,RP2350 XOSC 12 MHz,3 coincident lines at 120.100 MHz (amplitude sum),gva,True,-101.0,-40.7,-146.0,-85.7,pass,pass,"on-die current into the Pico 2 PDN (0.1 to 0.5 ohm), path pdn_p 50 to 75 dB","C1 puts every on-die product on the 12 MHz grid (120, 132, 144, 156, 168 MHz); level: L1 to L3; cannot be moved (Pico 2 crystal); level: layout rules L1 to L3; tinySA sweep",mirror of XOSC 12 MHz x 14: -101.0 to -48.6 dBm | mirror of 1 x 96 + 6 x 12 MHz: -108.9 to -51.1 dBm | mirror of 2 x 96 - 2 x 12 MHz: -108.9 to -51.1 dBm
PB,A5,144.05,121.3000,PWM comb,mirror of PWM 150.00 kHz x 1112,gva,True,-370.4,-332.8,-415.4,-377.8,pass,pass,"3.3 V GPIO, tr 2 to 5 ns, every 25th line of the comb shown","none needed (coherent 150 kHz comb, ADR-031 rule 3)",
PB,A5,144.05,121.8000,PWM comb,PWM 150.00 kHz x 812,gva,False,-359.3,-329.2,-404.3,-374.2,pass,pass,"3.3 V GPIO, tr 2 to 5 ns, every 25th line of the comb shown","none needed (coherent 150 kHz comb, ADR-031 rule 3)",
PB,A5,144.05,125.0000,Si5351 reference 25 MHz,2 coincident lines at 125.000 MHz (amplitude sum),pre,False,-55.1,-29.4,-100.1,-74.4,pass,pass,no datasheet figure; below the -35 to -50 dBc output-to-output crosstalk reported for full-swing outputs (Low),"L4: TCXO output lead at most 10 mm and at least 8 mm from the CLK1 trace; C10: drive bandpass in place of the drive low-pass; cannot be moved (Si5351A reference 25 MHz, clock-plan rule 7); level: F1 Si5351 VDD filter; tinySA sweep; C10: drive bandpass in place of the drive low-pass","25 MHz x 5, Si5351 on-die feedthrough to CLK1: -55.1 to -30.1 dBm | 25 MHz x 5, TCXO lead near CLK1: -85.7 to -51.6 dBm"
PB,A5,144.05,125.0500,PWM comb,mirror of PWM 150.00 kHz x 1087,gva,True,-107.6,-71.0,-152.6,-116.0,pass,pass,"3.3 V GPIO, tr 2 to 5 ns, every 25th line of the comb shown","none needed (coherent 150 kHz comb, ADR-031 rule 3)",
PB,A5,144.05,125.5500,PWM comb,PWM 150.00 kHz x 837,gva,False,-94.9,-64.4,-139.9,-109.4,pass,pass,"3.3 V GPIO, tr 2 to 5 ns, every 25th line of the comb shown","none needed (coherent 150 kHz comb, ADR-031 rule 3)",
PB,A5,144.05,126.0437,/8 prescaler,4 coincident lines at 126.044 MHz (amplitude sum),pre,True,-61.8,-35.3,-106.8,-80.3,pass,pass,"330 ohm series tap (23 dB reverse isolation, derived) and separate supply per flip-flop","C7: prescaler fed through 330 ohm in series (after the 100 pF), each 74LVC1G80 on its own bead-and-100 nF supply; C10: drive bandpass in place of the drive low-pass; C8: 470 ohm series resistor at the /8 output and the /8 trace 15 to 25 mm from the CLK1 net (L5); option C9 (/4 prescaler) moves both lines out of the window but needs a REQ-TX-013 CR; C10: drive bandpass in place of the drive low-pass",/8 output x 7 (7/8 fc) on the trace: -77.6 to -54.5 dBm | /8 kickback sideband (7/8 fc): -67.1 to -47.1 dBm | mirror of /8 output x 9 (9/8 fc) on the trace: -75.1 to -51.2 dBm | mirror of /8 kickback sideband (9/8 fc): -61.8 to -41.8 dBm
PB,A5,144.05,128.8000,PWM comb,mirror of PWM 150.00 kHz x 1062,gva,True,-363.0,-327.2,-408.0,-372.2,pass,pass,"3.3 V GPIO, tr 2 to 5 ns, every 25th line of the comb shown","none needed (coherent 150 kHz comb, ADR-031 rule 3)",
PB,A5,144.05,129.3000,PWM comb,PWM 150.00 kHz x 862,gva,False,-372.0,-341.1,-417.0,-386.1,pass,pass,"3.3 V GPIO, tr 2 to 5 ns, every 25th line of the comb shown","none needed (coherent 150 kHz comb, ADR-031 rule 3)",
PB,A5,144.05,132.0000,RP2350 XOSC 12 MHz,3 coincident lines at 132.000 MHz (amplitude sum),gva,False,-95.0,-34.7,-140.0,-79.7,pass,pass,"on-die current into the Pico 2 PDN (0.1 to 0.5 ohm), path pdn_p 50 to 75 dB","C1 puts every on-die product on the 12 MHz grid (120, 132, 144, 156, 168 MHz); level: L1 to L3; cannot be moved (Pico 2 crystal); level: layout rules L1 to L3; tinySA sweep",XOSC 12 MHz x 11: -95.0 to -42.6 dBm | 1 x 96 + 3 x 12 MHz: -102.9 to -45.2 dBm | 2 x 96 - 5 x 12 MHz: -102.9 to -45.2 dBm
PB,A5,144.05,132.1000,RP2350 XOSC 12 MHz,3 coincident lines at 132.100 MHz (amplitude sum),gva,True,-101.0,-40.7,-146.0,-85.7,pass,pass,"on-die current into the Pico 2 PDN (0.1 to 0.5 ohm), path pdn_p 50 to 75 dB","C1 puts every on-die product on the 12 MHz grid (120, 132, 144, 156, 168 MHz); level: L1 to L3; cannot be moved (Pico 2 crystal); level: layout rules L1 to L3; tinySA sweep",mirror of XOSC 12 MHz x 13: -101.0 to -48.6 dBm | mirror of 1 x 96 + 5 x 12 MHz: -108.9 to -51.2 dBm | mirror of 2 x 96 - 3 x 12 MHz: -108.9 to -51.2 dBm
PB,A5,144.05,132.5500,PWM comb,mirror of PWM 150.00 kHz x 1037,gva,True,-105.9,-70.9,-150.9,-115.9,pass,pass,"3.3 V GPIO, tr 2 to 5 ns, every 25th line of the comb shown","none needed (coherent 150 kHz comb, ADR-031 rule 3)",
PB,A5,144.05,133.0500,PWM comb,PWM 150.00 kHz x 887,gva,False,-95.9,-64.5,-140.9,-109.5,pass,pass,"3.3 V GPIO, tr 2 to 5 ns, every 25th line of the comb shown","none needed (coherent 150 kHz comb, ADR-031 rule 3)",
PB,A5,144.05,135.0500,VGG / supply sidebands,"RP2350 core regulator (3 MHz typ) ripple on the GVA-84+ bias, fc - 3 x 3 MHz",rel,False,-80.6,-50.2,-125.6,-95.2,pass,pass,ripple 0.3 to 3 mV at the GVA-84+ Vcc,F3: GVA-84+ supply through a ferrite bead and 22 uF (ripple at most 3 mV at 1 to 10 MHz); derived requirement to WP-PDR-22 and WP-PDR-24,
PB,A5,144.05,136.3000,PWM comb,mirror of PWM 150.00 kHz x 1012,gva,True,-399.2,-364.9,-444.2,-409.9,pass,pass,"3.3 V GPIO, tr 2 to 5 ns, every 25th line of the comb shown","none needed (coherent 150 kHz comb, ADR-031 rule 3)",
PB,A5,144.05,136.8000,PWM comb,PWM 150.00 kHz x 912,gva,False,-353.5,-321.6,-398.5,-366.6,pass,pass,"3.3 V GPIO, tr 2 to 5 ns, every 25th line of the comb shown","none needed (coherent 150 kHz comb, ADR-031 rule 3)",
PB,A5,144.05,138.0500,VGG / supply sidebands,2 coincident lines at 138.050 MHz (amplitude sum),rel,False,-74.7,-40.7,-119.7,-85.7,pass,pass,ripple 0.3 to 3 mV at the GVA-84+ Vcc,F3: GVA-84+ supply through a ferrite bead and 22 uF (ripple at most 3 mV at 1 to 10 MHz); derived requirement to WP-PDR-22 and WP-PDR-24,"RT6150 (Pico 2, about 2 MHz, Low) ripple on the GVA-84+ bias, fc - 3 x 2 MHz: -80.7 to -50.2 dBm | RP2350 core regulator (3 MHz typ) ripple on the GVA-84+ bias, fc - 2 x 3 MHz: -74.7 to -44.2 dBm"
PB,A5,144.05,138.1000,Si5351 reference 25 MHz,2 coincident lines at 138.100 MHz (amplitude sum),pre,True,-43.8,-18.0,-88.8,-63.0,not shown,pass,no datasheet figure; below the -35 to -50 dBc output-to-output crosstalk reported for full-swing outputs (Low),"L4: TCXO output lead at most 10 mm and at least 8 mm from the CLK1 trace; C10: drive bandpass in place of the drive low-pass; cannot be moved (Si5351A reference 25 MHz, clock-plan rule 7); level: F1 Si5351 VDD filter; tinySA sweep; C10: drive bandpass in place of the drive low-pass","mirror of 25 MHz x 6, Si5351 on-die feedthrough to CLK1: -43.8 to -18.8 dBm | mirror of 25 MHz x 6, TCXO lead near CLK1: -72.8 to -38.7 dBm"
PB,A5,144.05,140.0500,VGG / supply sidebands,2 coincident lines at 140.050 MHz (amplitude sum),rel,False,-74.7,-43.8,-119.7,-88.8,pass,pass,ripple 0.3 to 3 mV at the GVA-84+ Vcc,"F3: GVA-84+ supply through a ferrite bead and 22 uF (ripple at most 3 mV at 1 to 10 MHz); derived requirement to WP-PDR-22 and WP-PDR-24; none needed (coherent 150 kHz comb, ADR-031 rule 3)","mirror of PWM 150.00 kHz x 987: -104.4 to -70.9 dBm | RT6150 (Pico 2, about 2 MHz, Low) ripple on the GVA-84+ bias, fc - 2 x 2 MHz: -74.7 to -44.2 dBm"
PB,A5,144.05,140.5500,PWM comb,PWM 150.00 kHz x 937,gva,False,-97.1,-64.7,-142.1,-109.7,pass,pass,"3.3 V GPIO, tr 2 to 5 ns, every 25th line of the comb shown","none needed (coherent 150 kHz comb, ADR-031 rule 3)",
PB,A5,144.05,141.0500,VGG / supply sidebands,"RP2350 core regulator (3 MHz typ) ripple on the GVA-84+ bias, fc - 1 x 3 MHz",rel,False,-68.7,-38.2,-113.7,-83.2,pass,pass,ripple 0.3 to 3 mV at the GVA-84+ Vcc,F3: GVA-84+ supply through a ferrite bead and 22 uF (ripple at most 3 mV at 1 to 10 MHz); derived requirement to WP-PDR-22 and WP-PDR-24,
PB,A5,144.05,142.0500,Si5351 PLL spurs,2 coincident lines at 142.050 MHz (amplitude sum),pre,False,-43.3,-21.9,-88.3,-66.9,not shown,pass,"PA3FWM tn42b: about -80 dBc in theory, measured worse (Low); offset depends on the fraction","C5: PLL A multiplier rule, fractional part not within 0.002 of an integer (firmware table check); tinySA sweep at the worst channel; C10: drive bandpass in place of the drive low-pass; F3: GVA-84+ supply through a ferrite bead and 22 uF (ripple at most 3 mV at 1 to 10 MHz); derived requirement to WP-PDR-22 and WP-PDR-24","fractional / integer-boundary spur fc -2 MHz (representative): -43.3 to -23.3 dBm | RT6150 (Pico 2, about 2 MHz, Low) ripple on the GVA-84+ bias, fc - 1 x 2 MHz: -68.7 to -38.2 dBm"
PB,A5,144.05,143.5500,Si5351 PLL spurs,fractional / integer-boundary spur fc -0.5 MHz (representative),pre,False,-43.1,-23.1,-88.1,-68.1,pass,pass,"PA3FWM tn42b: about -80 dBc in theory, measured worse (Low); offset depends on the fraction","C5: PLL A multiplier rule, fractional part not within 0.002 of an integer (firmware table check); tinySA sweep at the worst channel; C10: drive bandpass in place of the drive low-pass",
PB,A5,144.05,143.7500,VGG / supply sidebands,"envelope-reference PWM ripple, fc - 2 x 150 kHz",rel,False,-60.1,-41.0,-105.1,-86.0,pass,pass,"AM index m = 0.6/V x ripple; ripple 0.23 to 0.84 mV (2-pole RC, 1 to 3 kHz)",none needed; derived requirement to WP-PDR-22: PWM ripple at VGG at most 3.3 mV peak,
PB,A5,144.05,143.8000,PWM comb,mirror of PWM 150.00 kHz x 962,gva,True,-366.9,-334.0,-411.9,-379.0,pass,pass,"3.3 V GPIO, tr 2 to 5 ns, every 25th line of the comb shown","none needed (coherent 150 kHz comb, ADR-031 rule 3)",
PB,A5,144.05,143.9000,VGG / supply sidebands,"envelope-reference PWM ripple, fc - 1 x 150 kHz",rel,False,-54.1,-35.0,-99.1,-80.0,pass,pass,"AM index m = 0.6/V x ripple; ripple 0.23 to 0.84 mV (2-pole RC, 1 to 3 kHz)",none needed; derived requirement to WP-PDR-22: PWM ripple at VGG at most 3.3 mV peak,
PB,A5,144.05,144.0000,RP2350 XOSC 12 MHz,4 coincident lines at 144.000 MHz (amplitude sum),gva,False,-95.2,-34.6,-140.2,-79.6,pass,pass,"on-die current into the Pico 2 PDN (0.1 to 0.5 ohm), path pdn_p 50 to 75 dB","C1 puts every on-die product on the 12 MHz grid (120, 132, 144, 156, 168 MHz); level: L1 to L3; C2: clk_adc from PLL_SYS / 2 (AUXSRC CLKSRC_PLL_SYS, DIV 2) enabled only for conversion bursts (ENABLE bit); C3: PLL_USB powered down (PWR.PD, VCOPD) outside USB; cannot be moved (Pico 2 crystal); level: layout rules L1 to L3; tinySA sweep","XOSC 12 MHz x 12: -95.2 to -42.7 dBm | 1 x 96 + 4 x 12 MHz: -103.0 to -45.3 dBm | 2 x 96 - 4 x 12 MHz: -103.0 to -45.3 dBm | clk_adc 48 MHz x 3 (bursts, PLL_SYS / 2): -128.6 to -69.3 dBm"
PB,A5,144.05,144.1000,RP2350 XOSC 12 MHz,4 coincident lines at 144.100 MHz (amplitude sum),gva,True,-101.2,-40.6,-146.2,-85.6,pass,pass,"on-die current into the Pico 2 PDN (0.1 to 0.5 ohm), path pdn_p 50 to 75 dB","C1 puts every on-die product on the 12 MHz grid (120, 132, 144, 156, 168 MHz); level: L1 to L3; C2: clk_adc from PLL_SYS / 2 (AUXSRC CLKSRC_PLL_SYS, DIV 2) enabled only for conversion bursts (ENABLE bit); C3: PLL_USB powered down (PWR.PD, VCOPD) outside USB; cannot be moved (Pico 2 crystal); level: layout rules L1 to L3; tinySA sweep","mirror of XOSC 12 MHz x 12: -101.2 to -48.7 dBm | mirror of 1 x 96 + 4 x 12 MHz: -109.0 to -51.3 dBm | mirror of 2 x 96 - 4 x 12 MHz: -109.0 to -51.3 dBm | mirror of clk_adc 48 MHz x 3 (bursts, PLL_SYS / 2): -134.6 to -75.3 dBm"
PB,A5,144.05,144.2000,VGG / supply sidebands,"envelope-reference PWM ripple, fc + 1 x 150 kHz",rel,False,-54.1,-35.0,-99.1,-80.0,pass,pass,"AM index m = 0.6/V x ripple; ripple 0.23 to 0.84 mV (2-pole RC, 1 to 3 kHz)",none needed; derived requirement to WP-PDR-22: PWM ripple at VGG at most 3.3 mV peak,
PB,A5,144.05,144.3000,PWM comb,PWM 150.00 kHz x 962,gva,False,-360.9,-328.0,-405.9,-373.0,pass,pass,"3.3 V GPIO, tr 2 to 5 ns, every 25th line of the comb shown","none needed (coherent 150 kHz comb, ADR-031 rule 3)",
PB,A5,144.05,144.3500,VGG / supply sidebands,"envelope-reference PWM ripple, fc + 2 x 150 kHz",rel,False,-60.1,-41.0,-105.1,-86.0,pass,pass,"AM index m = 0.6/V x ripple; ripple 0.23 to 0.84 mV (2-pole RC, 1 to 3 kHz)",none needed; derived requirement to WP-PDR-22: PWM ripple at VGG at most 3.3 mV peak,
PB,A5,144.05,144.5500,Si5351 PLL spurs,fractional / integer-boundary spur fc +0.5 MHz (representative),pre,False,-43.0,-23.0,-88.0,-68.0,not shown,pass,"PA3FWM tn42b: about -80 dBc in theory, measured worse (Low); offset depends on the fraction","C5: PLL A multiplier rule, fractional part not within 0.002 of an integer (firmware table check); tinySA sweep at the worst channel; C10: drive bandpass in place of the drive low-pass",
PB,A5,144.05,146.0500,Si5351 PLL spurs,2 coincident lines at 146.050 MHz (amplitude sum),pre,False,-42.9,-21.5,-87.9,-66.5,not shown,pass,"PA3FWM tn42b: about -80 dBc in theory, measured worse (Low); offset depends on the fraction","C5: PLL A multiplier rule, fractional part not within 0.002 of an integer (firmware table check); tinySA sweep at the worst channel; C10: drive bandpass in place of the drive low-pass; F3: GVA-84+ supply through a ferrite bead and 22 uF (ripple at most 3 mV at 1 to 10 MHz); derived requirement to WP-PDR-22 and WP-PDR-24","fractional / integer-boundary spur fc +2 MHz (representative): -42.9 to -22.9 dBm | RT6150 (Pico 2, about 2 MHz, Low) ripple on the GVA-84+ bias, fc + 1 x 2 MHz: -68.7 to -38.3 dBm"
PB,A5,144.05,147.0500,VGG / supply sidebands,"RP2350 core regulator (3 MHz typ) ripple on the GVA-84+ bias, fc + 1 x 3 MHz",rel,False,-68.8,-38.3,-113.8,-83.3,pass,pass,ripple 0.3 to 3 mV at the GVA-84+ Vcc,F3: GVA-84+ supply through a ferrite bead and 22 uF (ripple at most 3 mV at 1 to 10 MHz); derived requirement to WP-PDR-22 and WP-PDR-24,
PB,A5,144.05,147.5500,PWM comb,mirror of PWM 150.00 kHz x 937,gva,True,-103.2,-70.8,-148.2,-115.8,pass,pass,"3.3 V GPIO, tr 2 to 5 ns, every 25th line of the comb shown","none needed (coherent 150 kHz comb, ADR-031 rule 3)",
PB,A5,144.05,148.0500,VGG / supply sidebands,2 coincident lines at 148.050 MHz (amplitude sum),rel,False,-74.8,-43.5,-119.8,-88.5,pass,pass,ripple 0.3 to 3 mV at the GVA-84+ Vcc,"F3: GVA-84+ supply through a ferrite bead and 22 uF (ripple at most 3 mV at 1 to 10 MHz); derived requirement to WP-PDR-22 and WP-PDR-24; none needed (coherent 150 kHz comb, ADR-031 rule 3)","PWM 150.00 kHz x 987: -98.5 to -64.9 dBm | RT6150 (Pico 2, about 2 MHz, Low) ripple on the GVA-84+ bias, fc + 2 x 2 MHz: -74.8 to -44.3 dBm"
PB,A5,144.05,150.0000,Si5351 reference 25 MHz,2 coincident lines at 150.000 MHz (amplitude sum),pre,False,-37.9,-12.1,-82.9,-57.1,not shown,not shown,no datasheet figure; below the -35 to -50 dBc output-to-output crosstalk reported for full-swing outputs (Low),"L4: TCXO output lead at most 10 mm and at least 8 mm from the CLK1 trace; C10: drive bandpass in place of the drive low-pass; cannot be moved (Si5351A reference 25 MHz, clock-plan rule 7); level: F1 Si5351 VDD filter; tinySA sweep; C10: drive bandpass in place of the drive low-pass","25 MHz x 6, Si5351 on-die feedthrough to CLK1: -37.9 to -12.9 dBm | 25 MHz x 6, TCXO lead near CLK1: -67.0 to -32.9 dBm"
PB,A5,144.05,150.0500,VGG / supply sidebands,2 coincident lines at 150.050 MHz (amplitude sum),rel,False,-74.8,-40.8,-119.8,-85.8,pass,pass,ripple 0.3 to 3 mV at the GVA-84+ Vcc,F3: GVA-84+ supply through a ferrite bead and 22 uF (ripple at most 3 mV at 1 to 10 MHz); derived requirement to WP-PDR-22 and WP-PDR-24,"RT6150 (Pico 2, about 2 MHz, Low) ripple on the GVA-84+ bias, fc + 3 x 2 MHz: -80.8 to -50.3 dBm | RP2350 core regulator (3 MHz typ) ripple on the GVA-84+ bias, fc + 2 x 3 MHz: -74.8 to -44.3 dBm"
PB,A5,144.05,151.3000,PWM comb,mirror of PWM 150.00 kHz x 912,gva,True,-359.6,-327.8,-404.6,-372.8,pass,pass,"3.3 V GPIO, tr 2 to 5 ns, every 25th line of the comb shown","none needed (coherent 150 kHz comb, ADR-031 rule 3)",
PB,A5,144.05,151.8000,PWM comb,PWM 150.00 kHz x 1012,gva,False,-393.3,-359.1,-438.3,-404.1,pass,pass,"3.3 V GPIO, tr 2 to 5 ns, every 25th line of the comb shown","none needed (coherent 150 kHz comb, ADR-031 rule 3)",
PB,A5,144.05,153.0500,VGG / supply sidebands,"RP2350 core regulator (3 MHz typ) ripple on the GVA-84+ bias, fc + 3 x 3 MHz",rel,False,-80.8,-50.3,-125.8,-95.3,pass,pass,ripple 0.3 to 3 mV at the GVA-84+ Vcc,F3: GVA-84+ supply through a ferrite bead and 22 uF (ripple at most 3 mV at 1 to 10 MHz); derived requirement to WP-PDR-22 and WP-PDR-24,
PB,A5,144.05,155.0500,PWM comb,mirror of PWM 150.00 kHz x 887,gva,True,-102.1,-70.7,-147.1,-115.7,pass,pass,"3.3 V GPIO, tr 2 to 5 ns, every 25th line of the comb shown","none needed (coherent 150 kHz comb, ADR-031 rule 3)",
PB,A5,144.05,155.5500,PWM comb,PWM 150.00 kHz x 1037,gva,False,-100.1,-65.1,-145.1,-110.1,pass,pass,"3.3 V GPIO, tr 2 to 5 ns, every 25th line of the comb shown","none needed (coherent 150 kHz comb, ADR-031 rule 3)",
PB,A5,144.05,156.0000,RP2350 XOSC 12 MHz,3 coincident lines at 156.000 MHz (amplitude sum),gva,False,-95.3,-34.9,-140.3,-79.9,pass,pass,"on-die current into the Pico 2 PDN (0.1 to 0.5 ohm), path pdn_p 50 to 75 dB","C1 puts every on-die product on the 12 MHz grid (120, 132, 144, 156, 168 MHz); level: L1 to L3; cannot be moved (Pico 2 crystal); level: layout rules L1 to L3; tinySA sweep",XOSC 12 MHz x 13: -95.3 to -42.8 dBm | 1 x 96 + 5 x 12 MHz: -103.1 to -45.4 dBm | 2 x 96 - 3 x 12 MHz: -103.1 to -45.4 dBm
PB,A5,144.05,156.1000,RP2350 XOSC 12 MHz,3 coincident lines at 156.100 MHz (amplitude sum),gva,True,-101.3,-40.9,-146.3,-85.9,pass,pass,"on-die current into the Pico 2 PDN (0.1 to 0.5 ohm), path pdn_p 50 to 75 dB","C1 puts every on-die product on the 12 MHz grid (120, 132, 144, 156, 168 MHz); level: L1 to L3; cannot be moved (Pico 2 crystal); level: layout rules L1 to L3; tinySA sweep",mirror of XOSC 12 MHz x 11: -101.3 to -48.8 dBm | mirror of 1 x 96 + 3 x 12 MHz: -109.1 to -51.4 dBm | mirror of 2 x 96 - 5 x 12 MHz: -109.1 to -51.4 dBm
PB,A5,144.05,158.8000,PWM comb,mirror of PWM 150.00 kHz x 862,gva,True,-378.2,-347.3,-423.2,-392.3,pass,pass,"3.3 V GPIO, tr 2 to 5 ns, every 25th line of the comb shown","none needed (coherent 150 kHz comb, ADR-031 rule 3)",
PB,A5,144.05,159.3000,PWM comb,PWM 150.00 kHz x 1062,gva,False,-357.2,-321.5,-402.2,-366.5,pass,pass,"3.3 V GPIO, tr 2 to 5 ns, every 25th line of the comb shown","none needed (coherent 150 kHz comb, ADR-031 rule 3)",
PB,A5,144.05,162.0563,/8 prescaler,4 coincident lines at 162.056 MHz (amplitude sum),pre,False,-56.1,-32.4,-101.1,-77.4,pass,pass,"330 ohm series tap (23 dB reverse isolation, derived) and separate supply per flip-flop","C7: prescaler fed through 330 ohm in series (after the 100 pF), each 74LVC1G80 on its own bead-and-100 nF supply; C10: drive bandpass in place of the drive low-pass; C8: 470 ohm series resistor at the /8 output and the /8 trace 15 to 25 mm from the CLK1 net (L5); option C9 (/4 prescaler) moves both lines out of the window but needs a REQ-TX-013 CR; C10: drive bandpass in place of the drive low-pass",mirror of /8 output x 7 (7/8 fc) on the trace: -84.0 to -60.9 dBm | mirror of /8 kickback sideband (7/8 fc): -73.4 to -53.4 dBm | /8 output x 9 (9/8 fc) on the trace: -69.4 to -45.5 dBm | /8 kickback sideband (9/8 fc): -56.1 to -36.1 dBm
PB,A5,144.05,162.5500,PWM comb,mirror of PWM 150.00 kHz x 837,gva,True,-101.2,-70.7,-146.2,-115.7,pass,pass,"3.3 V GPIO, tr 2 to 5 ns, every 25th line of the comb shown","none needed (coherent 150 kHz comb, ADR-031 rule 3)",
PB,A5,144.05,163.0500,PWM comb,PWM 150.00 kHz x 1087,gva,False,-102.0,-65.4,-147.0,-110.4,pass,pass,"3.3 V GPIO, tr 2 to 5 ns, every 25th line of the comb shown","none needed (coherent 150 kHz comb, ADR-031 rule 3)",
PB,A5,144.05,163.1000,Si5351 reference 25 MHz,2 coincident lines at 163.100 MHz (amplitude sum),pre,True,-61.5,-35.8,-106.5,-80.8,pass,pass,no datasheet figure; below the -35 to -50 dBc output-to-output crosstalk reported for full-swing outputs (Low),"L4: TCXO output lead at most 10 mm and at least 8 mm from the CLK1 trace; C10: drive bandpass in place of the drive low-pass; cannot be moved (Si5351A reference 25 MHz, clock-plan rule 7); level: F1 Si5351 VDD filter; tinySA sweep; C10: drive bandpass in place of the drive low-pass","mirror of 25 MHz x 5, Si5351 on-die feedthrough to CLK1: -61.5 to -36.5 dBm | mirror of 25 MHz x 5, TCXO lead near CLK1: -92.1 to -58.0 dBm"
PB,A5,144.05,166.3000,PWM comb,mirror of PWM 150.00 kHz x 812,gva,True,-366.0,-335.9,-411.0,-380.9,pass,pass,"3.3 V GPIO, tr 2 to 5 ns, every 25th line of the comb shown","none needed (coherent 150 kHz comb, ADR-031 rule 3)",
PB,A5,144.05,166.8000,PWM comb,PWM 150.00 kHz x 1112,gva,False,-365.1,-327.5,-410.1,-372.5,pass,pass,"3.3 V GPIO, tr 2 to 5 ns, every 25th line of the comb shown","none needed (coherent 150 kHz comb, ADR-031 rule 3)",
PB,A5,144.05,168.0000,RP2350 XOSC 12 MHz,3 coincident lines at 168.000 MHz (amplitude sum),gva,False,-95.9,-35.6,-140.9,-80.6,pass,pass,"on-die current into the Pico 2 PDN (0.1 to 0.5 ohm), path pdn_p 50 to 75 dB","C1 puts every on-die product on the 12 MHz grid (120, 132, 144, 156, 168 MHz); level: L1 to L3; cannot be moved (Pico 2 crystal); level: layout rules L1 to L3; tinySA sweep",XOSC 12 MHz x 14: -95.9 to -43.5 dBm | 1 x 96 + 6 x 12 MHz: -103.8 to -46.0 dBm | 2 x 96 - 2 x 12 MHz: -103.8 to -46.0 dBm
PB,A5,144.05,168.1000,RP2350 XOSC 12 MHz,3 coincident lines at 168.100 MHz (amplitude sum),gva,True,-101.9,-41.6,-146.9,-86.6,pass,pass,"on-die current into the Pico 2 PDN (0.1 to 0.5 ohm), path pdn_p 50 to 75 dB","C1 puts every on-die product on the 12 MHz grid (120, 132, 144, 156, 168 MHz); level: L1 to L3; cannot be moved (Pico 2 crystal); level: layout rules L1 to L3; tinySA sweep",mirror of XOSC 12 MHz x 10: -101.9 to -49.5 dBm | mirror of 1 x 96 + 2 x 12 MHz: -109.8 to -52.0 dBm | mirror of 2 x 96 - 6 x 12 MHz: -109.8 to -52.0 dBm
PB,A5,144.05,169.0500,Si5351 PLL spurs,PFD reference spur fc + 25 MHz,pre,False,-57.6,-37.6,-102.6,-82.6,pass,pass,"VCO spur at the 25 MHz PFD offset, divided by 6 (-15.6 dB) (Low)",level only (on-die PLL); tinySA sweep; C10: drive bandpass in place of the drive low-pass,
PB,A5,144.05,170.0500,PWM comb,mirror of PWM 150.00 kHz x 787,gva,True,-101.3,-71.6,-146.3,-116.6,pass,pass,"3.3 V GPIO, tr 2 to 5 ns, every 25th line of the comb shown","none needed (coherent 150 kHz comb, ADR-031 rule 3)",
PB,A5,144.05,170.5500,PWM comb,PWM 150.00 kHz x 1137,gva,False,-105.2,-66.6,-150.2,-111.6,pass,pass,"3.3 V GPIO, tr 2 to 5 ns, every 25th line of the comb shown","none needed (coherent 150 kHz comb, ADR-031 rule 3)",
PB,A5,144.05,174.3000,PWM comb,PWM 150.00 kHz x 1162,gva,False,-387.1,-347.3,-432.1,-392.3,pass,pass,"3.3 V GPIO, tr 2 to 5 ns, every 25th line of the comb shown","none needed (coherent 150 kHz comb, ADR-031 rule 3)",
PB,A5,144.05,175.0000,Si5351 reference 25 MHz,2 coincident lines at 175.000 MHz (amplitude sum),pre,False,-52.0,-26.0,-97.0,-71.0,pass,pass,no datasheet figure; below the -35 to -50 dBc output-to-output crosstalk reported for full-swing outputs (Low),"L4: TCXO output lead at most 10 mm and at least 8 mm from the CLK1 trace; C10: drive bandpass in place of the drive low-pass; cannot be moved (Si5351A reference 25 MHz, clock-plan rule 7); level: F1 Si5351 VDD filter; tinySA sweep; C10: drive bandpass in place of the drive low-pass","25 MHz x 7, Si5351 on-die feedthrough to CLK1: -52.0 to -27.0 dBm | 25 MHz x 7, TCXO lead near CLK1: -79.7 to -45.6 dBm"
PB,A5,146.0,118.0500,PWM comb,PWM 150.00 kHz x 787,gva,False,-94.1,-64.4,-139.1,-109.4,pass,pass,"3.3 V GPIO, tr 2 to 5 ns, every 25th line of the comb shown","none needed (coherent 150 kHz comb, ADR-031 rule 3)",
PB,A5,146.0,120.0000,RP2350 XOSC 12 MHz,3 coincident lines at 120.000 MHz (amplitude sum),gva,False,-95.1,-34.8,-140.1,-79.8,pass,pass,"on-die current into the Pico 2 PDN (0.1 to 0.5 ohm), path pdn_p 50 to 75 dB","C1 puts every on-die product on the 12 MHz grid (120, 132, 144, 156, 168 MHz); level: L1 to L3; cannot be moved (Pico 2 crystal); level: layout rules L1 to L3; tinySA sweep",XOSC 12 MHz x 10: -95.1 to -42.7 dBm | 1 x 96 + 2 x 12 MHz: -103.0 to -45.3 dBm | 2 x 96 - 6 x 12 MHz: -103.0 to -45.3 dBm
PB,A5,146.0,121.0000,Si5351 PLL spurs,PFD reference spur fc - 25 MHz,pre,False,-69.2,-49.2,-114.2,-94.2,pass,pass,"VCO spur at the 25 MHz PFD offset, divided by 6 (-15.6 dB) (Low)",level only (on-die PLL); tinySA sweep; C10: drive bandpass in place of the drive low-pass,
PB,A5,146.0,121.4500,PWM comb,mirror of PWM 150.00 kHz x 1137,gva,True,-109.9,-71.3,-154.9,-116.3,pass,pass,"3.3 V GPIO, tr 2 to 5 ns, every 25th line of the comb shown","none needed (coherent 150 kHz comb, ADR-031 rule 3)",
PB,A5,146.0,121.8000,PWM comb,PWM 150.00 kHz x 812,gva,False,-359.4,-329.4,-404.4,-374.4,pass,pass,"3.3 V GPIO, tr 2 to 5 ns, every 25th line of the comb shown","none needed (coherent 150 kHz comb, ADR-031 rule 3)",
PB,A5,146.0,124.0000,RP2350 XOSC 12 MHz,3 coincident lines at 124.000 MHz (amplitude sum),gva,True,-101.1,-40.8,-146.1,-85.8,pass,pass,"on-die current into the Pico 2 PDN (0.1 to 0.5 ohm), path pdn_p 50 to 75 dB","C1 puts every on-die product on the 12 MHz grid (120, 132, 144, 156, 168 MHz); level: L1 to L3; cannot be moved (Pico 2 crystal); level: layout rules L1 to L3; tinySA sweep",mirror of XOSC 12 MHz x 14: -101.1 to -48.7 dBm | mirror of 1 x 96 + 6 x 12 MHz: -109.0 to -51.3 dBm | mirror of 2 x 96 - 2 x 12 MHz: -109.0 to -51.3 dBm
PB,A5,146.0,125.0000,Si5351 reference 25 MHz,2 coincident lines at 125.000 MHz (amplitude sum),pre,False,-55.3,-29.6,-100.3,-74.6,pass,pass,no datasheet figure; below the -35 to -50 dBc output-to-output crosstalk reported for full-swing outputs (Low),"L4: TCXO output lead at most 10 mm and at least 8 mm from the CLK1 trace; C10: drive bandpass in place of the drive low-pass; cannot be moved (Si5351A reference 25 MHz, clock-plan rule 7); level: F1 Si5351 VDD filter; tinySA sweep; C10: drive bandpass in place of the drive low-pass","25 MHz x 5, Si5351 on-die feedthrough to CLK1: -55.3 to -30.3 dBm | 25 MHz x 5, TCXO lead near CLK1: -85.9 to -51.8 dBm"
PB,A5,146.0,125.2000,PWM comb,mirror of PWM 150.00 kHz x 1112,gva,True,-370.5,-332.9,-415.5,-377.9,pass,pass,"3.3 V GPIO, tr 2 to 5 ns, every 25th line of the comb shown","none needed (coherent 150 kHz comb, ADR-031 rule 3)",
PB,A5,146.0,125.5500,PWM comb,PWM 150.00 kHz x 837,gva,False,-95.0,-64.5,-140.0,-109.5,pass,pass,"3.3 V GPIO, tr 2 to 5 ns, every 25th line of the comb shown","none needed (coherent 150 kHz comb, ADR-031 rule 3)",
PB,A5,146.0,127.7500,/8 prescaler,4 coincident lines at 127.750 MHz (amplitude sum),pre,True,-63.2,-35.4,-108.2,-80.4,pass,pass,"330 ohm series tap (23 dB reverse isolation, derived) and separate supply per flip-flop","C7: prescaler fed through 330 ohm in series (after the 100 pF), each 74LVC1G80 on its own bead-and-100 nF supply; C10: drive bandpass in place of the drive low-pass; C8: 470 ohm series resistor at the /8 output and the /8 trace 15 to 25 mm from the CLK1 net (L5); option C9 (/4 prescaler) moves both lines out of the window but needs a REQ-TX-013 CR; C10: drive bandpass in place of the drive low-pass",/8 output x 7 (7/8 fc) on the trace: -75.9 to -52.8 dBm | /8 kickback sideband (7/8 fc): -65.3 to -45.3 dBm | mirror of /8 output x 9 (9/8 fc) on the trace: -76.6 to -52.6 dBm | mirror of /8 kickback sideband (9/8 fc): -63.2 to -43.2 dBm
PB,A5,146.0,128.9500,PWM comb,mirror of PWM 150.00 kHz x 1087,gva,True,-107.8,-71.2,-152.8,-116.2,pass,pass,"3.3 V GPIO, tr 2 to 5 ns, every 25th line of the comb shown","none needed (coherent 150 kHz comb, ADR-031 rule 3)",
PB,A5,146.0,129.3000,PWM comb,PWM 150.00 kHz x 862,gva,False,-372.1,-341.2,-417.1,-386.2,pass,pass,"3.3 V GPIO, tr 2 to 5 ns, every 25th line of the comb shown","none needed (coherent 150 kHz comb, ADR-031 rule 3)",
PB,A5,146.0,132.0000,RP2350 XOSC 12 MHz,3 coincident lines at 132.000 MHz (amplitude sum),gva,False,-95.2,-34.8,-140.2,-79.8,pass,pass,"on-die current into the Pico 2 PDN (0.1 to 0.5 ohm), path pdn_p 50 to 75 dB","C1 puts every on-die product on the 12 MHz grid (120, 132, 144, 156, 168 MHz); level: L1 to L3; cannot be moved (Pico 2 crystal); level: layout rules L1 to L3; tinySA sweep",XOSC 12 MHz x 11: -95.2 to -42.7 dBm | 1 x 96 + 3 x 12 MHz: -103.0 to -45.3 dBm | 2 x 96 - 5 x 12 MHz: -103.0 to -45.3 dBm
PB,A5,146.0,132.7000,PWM comb,mirror of PWM 150.00 kHz x 1062,gva,True,-363.1,-327.4,-408.1,-372.4,pass,pass,"3.3 V GPIO, tr 2 to 5 ns, every 25th line of the comb shown","none needed (coherent 150 kHz comb, ADR-031 rule 3)",
PB,A5,146.0,133.0500,PWM comb,PWM 150.00 kHz x 887,gva,False,-96.0,-64.7,-141.0,-109.7,pass,pass,"3.3 V GPIO, tr 2 to 5 ns, every 25th line of the comb shown","none needed (coherent 150 kHz comb, ADR-031 rule 3)",
PB,A5,146.0,136.0000,RP2350 XOSC 12 MHz,3 coincident lines at 136.000 MHz (amplitude sum),gva,True,-101.2,-40.8,-146.2,-85.8,pass,pass,"on-die current into the Pico 2 PDN (0.1 to 0.5 ohm), path pdn_p 50 to 75 dB","C1 puts every on-die product on the 12 MHz grid (120, 132, 144, 156, 168 MHz); level: L1 to L3; cannot be moved (Pico 2 crystal); level: layout rules L1 to L3; tinySA sweep",mirror of XOSC 12 MHz x 13: -101.2 to -48.8 dBm | mirror of 1 x 96 + 5 x 12 MHz: -109.1 to -51.3 dBm | mirror of 2 x 96 - 3 x 12 MHz: -109.1 to -51.3 dBm
PB,A5,146.0,136.4500,PWM comb,mirror of PWM 150.00 kHz x 1037,gva,True,-106.0,-71.1,-151.0,-116.1,pass,pass,"3.3 V GPIO, tr 2 to 5 ns, every 25th line of the comb shown","none needed (coherent 150 kHz comb, ADR-031 rule 3)",
PB,A5,146.0,136.8000,PWM comb,PWM 150.00 kHz x 912,gva,False,-353.6,-321.8,-398.6,-366.8,pass,pass,"3.3 V GPIO, tr 2 to 5 ns, every 25th line of the comb shown","none needed (coherent 150 kHz comb, ADR-031 rule 3)",
PB,A5,146.0,137.0000,VGG / supply sidebands,"RP2350 core regulator (3 MHz typ) ripple on the GVA-84+ bias, fc - 3 x 3 MHz",rel,False,-80.6,-50.2,-125.6,-95.2,pass,pass,ripple 0.3 to 3 mV at the GVA-84+ Vcc,F3: GVA-84+ supply through a ferrite bead and 22 uF (ripple at most 3 mV at 1 to 10 MHz); derived requirement to WP-PDR-22 and WP-PDR-24,
PB,A5,146.0,140.0000,VGG / supply sidebands,2 coincident lines at 140.000 MHz (amplitude sum),rel,False,-74.7,-40.7,-119.7,-85.7,pass,pass,ripple 0.3 to 3 mV at the GVA-84+ Vcc,F3: GVA-84+ supply through a ferrite bead and 22 uF (ripple at most 3 mV at 1 to 10 MHz); derived requirement to WP-PDR-22 and WP-PDR-24,"RT6150 (Pico 2, about 2 MHz, Low) ripple on the GVA-84+ bias, fc - 3 x 2 MHz: -80.7 to -50.2 dBm | RP2350 core regulator (3 MHz typ) ripple on the GVA-84+ bias, fc - 2 x 3 MHz: -74.7 to -44.2 dBm"
PB,A5,146.0,140.2000,PWM comb,mirror of PWM 150.00 kHz x 1012,gva,True,-399.3,-365.1,-444.3,-410.1,pass,pass,"3.3 V GPIO, tr 2 to 5 ns, every 25th line of the comb shown","none needed (coherent 150 kHz comb, ADR-031 rule 3)",
PB,A5,146.0,140.5500,PWM comb,PWM 150.00 kHz x 937,gva,False,-97.2,-64.9,-142.2,-109.9,pass,pass,"3.3 V GPIO, tr 2 to 5 ns, every 25th line of the comb shown","none needed (coherent 150 kHz comb, ADR-031 rule 3)",
PB,A5,146.0,142.0000,Si5351 reference 25 MHz,3 coincident lines at 142.000 MHz (amplitude sum),pre,True,-44.0,-17.7,-89.0,-62.7,not shown,pass,no datasheet figure; below the -35 to -50 dBc output-to-output crosstalk reported for full-swing outputs (Low),"F3: GVA-84+ supply through a ferrite bead and 22 uF (ripple at most 3 mV at 1 to 10 MHz); derived requirement to WP-PDR-22 and WP-PDR-24; L4: TCXO output lead at most 10 mm and at least 8 mm from the CLK1 trace; C10: drive bandpass in place of the drive low-pass; cannot be moved (Si5351A reference 25 MHz, clock-plan rule 7); level: F1 Si5351 VDD filter; tinySA sweep; C10: drive bandpass in place of the drive low-pass","mirror of 25 MHz x 6, Si5351 on-die feedthrough to CLK1: -44.0 to -19.0 dBm | mirror of 25 MHz x 6, TCXO lead near CLK1: -73.0 to -38.9 dBm | RT6150 (Pico 2, about 2 MHz, Low) ripple on the GVA-84+ bias, fc - 2 x 2 MHz: -74.7 to -44.2 dBm"
PB,A5,146.0,143.0000,VGG / supply sidebands,"RP2350 core regulator (3 MHz typ) ripple on the GVA-84+ bias, fc - 1 x 3 MHz",rel,False,-68.7,-38.2,-113.7,-83.2,pass,pass,ripple 0.3 to 3 mV at the GVA-84+ Vcc,F3: GVA-84+ supply through a ferrite bead and 22 uF (ripple at most 3 mV at 1 to 10 MHz); derived requirement to WP-PDR-22 and WP-PDR-24,
PB,A5,146.0,143.9500,PWM comb,mirror of PWM 150.00 kHz x 987,gva,True,-104.6,-71.0,-149.6,-116.0,pass,pass,"3.3 V GPIO, tr 2 to 5 ns, every 25th line of the comb shown","none needed (coherent 150 kHz comb, ADR-031 rule 3)",
PB,A5,146.0,144.0000,Si5351 PLL spurs,6 coincident lines at 144.000 MHz (amplitude sum),pre,False,-43.1,-20.0,-88.1,-65.0,not shown,pass,"PA3FWM tn42b: about -80 dBc in theory, measured worse (Low); offset depends on the fraction","C1 puts every on-die product on the 12 MHz grid (120, 132, 144, 156, 168 MHz); level: L1 to L3; C2: clk_adc from PLL_SYS / 2 (AUXSRC CLKSRC_PLL_SYS, DIV 2) enabled only for conversion bursts (ENABLE bit); C3: PLL_USB powered down (PWR.PD, VCOPD) outside USB; C5: PLL A multiplier rule, fractional part not within 0.002 of an integer (firmware table check); tinySA sweep at the worst channel; C10: drive bandpass in place of the drive low-pass; F3: GVA-84+ supply through a ferrite bead and 22 uF (ripple at most 3 mV at 1 to 10 MHz); derived requirement to WP-PDR-22 and WP-PDR-24; cannot be moved (Pico 2 crystal); level: layout rules L1 to L3; tinySA sweep","XOSC 12 MHz x 12: -95.3 to -42.9 dBm | 1 x 96 + 4 x 12 MHz: -103.1 to -45.4 dBm | 2 x 96 - 4 x 12 MHz: -103.1 to -45.4 dBm | clk_adc 48 MHz x 3 (bursts, PLL_SYS / 2): -128.8 to -69.4 dBm | fractional / integer-boundary spur fc -2 MHz (representative): -43.1 to -23.1 dBm | RT6150 (Pico 2, about 2 MHz, Low) ripple on the GVA-84+ bias, fc - 1 x 2 MHz: -68.7 to -38.2 dBm"
PB,A5,146.0,144.3000,PWM comb,PWM 150.00 kHz x 962,gva,False,-361.1,-328.1,-406.1,-373.1,pass,pass,"3.3 V GPIO, tr 2 to 5 ns, every 25th line of the comb shown","none needed (coherent 150 kHz comb, ADR-031 rule 3)",
PB,A5,146.0,145.5000,Si5351 PLL spurs,fractional / integer-boundary spur fc -0.5 MHz (representative),pre,False,-43.0,-23.0,-88.0,-68.0,pass,pass,"PA3FWM tn42b: about -80 dBc in theory, measured worse (Low); offset depends on the fraction","C5: PLL A multiplier rule, fractional part not within 0.002 of an integer (firmware table check); tinySA sweep at the worst channel; C10: drive bandpass in place of the drive low-pass",
PB,A5,146.0,145.7000,VGG / supply sidebands,"envelope-reference PWM ripple, fc - 2 x 150 kHz",rel,False,-60.1,-41.0,-105.1,-86.0,pass,pass,"AM index m = 0.6/V x ripple; ripple 0.23 to 0.84 mV (2-pole RC, 1 to 3 kHz)",none needed; derived requirement to WP-PDR-22: PWM ripple at VGG at most 3.3 mV peak,
PB,A5,146.0,145.8500,VGG / supply sidebands,"envelope-reference PWM ripple, fc - 1 x 150 kHz",rel,False,-54.1,-35.0,-99.1,-80.0,pass,pass,"AM index m = 0.6/V x ripple; ripple 0.23 to 0.84 mV (2-pole RC, 1 to 3 kHz)",none needed; derived requirement to WP-PDR-22: PWM ripple at VGG at most 3.3 mV peak,
PB,A5,146.0,146.1500,VGG / supply sidebands,"envelope-reference PWM ripple, fc + 1 x 150 kHz",rel,False,-54.1,-35.0,-99.1,-80.0,pass,pass,"AM index m = 0.6/V x ripple; ripple 0.23 to 0.84 mV (2-pole RC, 1 to 3 kHz)",none needed; derived requirement to WP-PDR-22: PWM ripple at VGG at most 3.3 mV peak,
PB,A5,146.0,146.3000,VGG / supply sidebands,"envelope-reference PWM ripple, fc + 2 x 150 kHz",rel,False,-60.1,-41.0,-105.1,-86.0,pass,pass,"AM index m = 0.6/V x ripple; ripple 0.23 to 0.84 mV (2-pole RC, 1 to 3 kHz)",none needed; derived requirement to WP-PDR-22: PWM ripple at VGG at most 3.3 mV peak,
PB,A5,146.0,146.5000,Si5351 PLL spurs,fractional / integer-boundary spur fc +0.5 MHz (representative),pre,False,-43.0,-23.0,-88.0,-68.0,not shown,pass,"PA3FWM tn42b: about -80 dBc in theory, measured worse (Low); offset depends on the fraction","C5: PLL A multiplier rule, fractional part not within 0.002 of an integer (firmware table check); tinySA sweep at the worst channel; C10: drive bandpass in place of the drive low-pass",
PB,A5,146.0,147.7000,PWM comb,mirror of PWM 150.00 kHz x 962,gva,True,-367.1,-334.1,-412.1,-379.1,pass,pass,"3.3 V GPIO, tr 2 to 5 ns, every 25th line of the comb shown","none needed (coherent 150 kHz comb, ADR-031 rule 3)",
PB,A5,146.0,148.0000,Si5351 PLL spurs,6 coincident lines at 148.000 MHz (amplitude sum),pre,False,-43.0,-20.7,-88.0,-65.7,not shown,pass,"PA3FWM tn42b: about -80 dBc in theory, measured worse (Low); offset depends on the fraction","C1 puts every on-die product on the 12 MHz grid (120, 132, 144, 156, 168 MHz); level: L1 to L3; C2: clk_adc from PLL_SYS / 2 (AUXSRC CLKSRC_PLL_SYS, DIV 2) enabled only for conversion bursts (ENABLE bit); C3: PLL_USB powered down (PWR.PD, VCOPD) outside USB; C5: PLL A multiplier rule, fractional part not within 0.002 of an integer (firmware table check); tinySA sweep at the worst channel; C10: drive bandpass in place of the drive low-pass; F3: GVA-84+ supply through a ferrite bead and 22 uF (ripple at most 3 mV at 1 to 10 MHz); derived requirement to WP-PDR-22 and WP-PDR-24; cannot be moved (Pico 2 crystal); level: layout rules L1 to L3; tinySA sweep","mirror of XOSC 12 MHz x 12: -101.3 to -48.9 dBm | mirror of 1 x 96 + 4 x 12 MHz: -109.2 to -51.4 dBm | mirror of 2 x 96 - 4 x 12 MHz: -109.2 to -51.4 dBm | mirror of clk_adc 48 MHz x 3 (bursts, PLL_SYS / 2): -134.8 to -75.4 dBm | fractional / integer-boundary spur fc +2 MHz (representative): -43.0 to -23.0 dBm | RT6150 (Pico 2, about 2 MHz, Low) ripple on the GVA-84+ bias, fc + 1 x 2 MHz: -68.7 to -38.3 dBm"
PB,A5,146.0,148.0500,PWM comb,PWM 150.00 kHz x 987,gva,False,-98.6,-65.1,-143.6,-110.1,pass,pass,"3.3 V GPIO, tr 2 to 5 ns, every 25th line of the comb shown","none needed (coherent 150 kHz comb, ADR-031 rule 3)",
PB,A5,146.0,149.0000,VGG / supply sidebands,"RP2350 core regulator (3 MHz typ) ripple on the GVA-84+ bias, fc + 1 x 3 MHz",rel,False,-68.7,-38.3,-113.7,-83.3,pass,pass,ripple 0.3 to 3 mV at the GVA-84+ Vcc,F3: GVA-84+ supply through a ferrite bead and 22 uF (ripple at most 3 mV at 1 to 10 MHz); derived requirement to WP-PDR-22 and WP-PDR-24,
PB,A5,146.0,150.0000,Si5351 reference 25 MHz,3 coincident lines at 150.000 MHz (amplitude sum),pre,False,-38.1,-12.0,-83.1,-57.0,not shown,not shown,no datasheet figure; below the -35 to -50 dBc output-to-output crosstalk reported for full-swing outputs (Low),"F3: GVA-84+ supply through a ferrite bead and 22 uF (ripple at most 3 mV at 1 to 10 MHz); derived requirement to WP-PDR-22 and WP-PDR-24; L4: TCXO output lead at most 10 mm and at least 8 mm from the CLK1 trace; C10: drive bandpass in place of the drive low-pass; cannot be moved (Si5351A reference 25 MHz, clock-plan rule 7); level: F1 Si5351 VDD filter; tinySA sweep; C10: drive bandpass in place of the drive low-pass","25 MHz x 6, Si5351 on-die feedthrough to CLK1: -38.1 to -13.1 dBm | 25 MHz x 6, TCXO lead near CLK1: -67.1 to -33.0 dBm | RT6150 (Pico 2, about 2 MHz, Low) ripple on the GVA-84+ bias, fc + 2 x 2 MHz: -74.8 to -44.3 dBm"
PB,A5,146.0,151.4500,PWM comb,mirror of PWM 150.00 kHz x 937,gva,True,-103.3,-71.0,-148.3,-116.0,pass,pass,"3.3 V GPIO, tr 2 to 5 ns, every 25th line of the comb shown","none needed (coherent 150 kHz comb, ADR-031 rule 3)",
PB,A5,146.0,151.8000,PWM comb,PWM 150.00 kHz x 1012,gva,False,-393.4,-359.2,-438.4,-404.2,pass,pass,"3.3 V GPIO, tr 2 to 5 ns, every 25th line of the comb shown","none needed (coherent 150 kHz comb, ADR-031 rule 3)",
PB,A5,146.0,152.0000,VGG / supply sidebands,2 coincident lines at 152.000 MHz (amplitude sum),rel,False,-74.8,-40.8,-119.8,-85.8,pass,pass,ripple 0.3 to 3 mV at the GVA-84+ Vcc,F3: GVA-84+ supply through a ferrite bead and 22 uF (ripple at most 3 mV at 1 to 10 MHz); derived requirement to WP-PDR-22 and WP-PDR-24,"RT6150 (Pico 2, about 2 MHz, Low) ripple on the GVA-84+ bias, fc + 3 x 2 MHz: -80.8 to -50.3 dBm | RP2350 core regulator (3 MHz typ) ripple on the GVA-84+ bias, fc + 2 x 3 MHz: -74.8 to -44.3 dBm"
PB,A5,146.0,155.0000,VGG / supply sidebands,"RP2350 core regulator (3 MHz typ) ripple on the GVA-84+ bias, fc + 3 x 3 MHz",rel,False,-80.8,-50.3,-125.8,-95.3,pass,pass,ripple 0.3 to 3 mV at the GVA-84+ Vcc,F3: GVA-84+ supply through a ferrite bead and 22 uF (ripple at most 3 mV at 1 to 10 MHz); derived requirement to WP-PDR-22 and WP-PDR-24,
PB,A5,146.0,155.2000,PWM comb,mirror of PWM 150.00 kHz x 912,gva,True,-359.8,-327.9,-404.8,-372.9,pass,pass,"3.3 V GPIO, tr 2 to 5 ns, every 25th line of the comb shown","none needed (coherent 150 kHz comb, ADR-031 rule 3)",
PB,A5,146.0,155.5500,PWM comb,PWM 150.00 kHz x 1037,gva,False,-100.2,-65.2,-145.2,-110.2,pass,pass,"3.3 V GPIO, tr 2 to 5 ns, every 25th line of the comb shown","none needed (coherent 150 kHz comb, ADR-031 rule 3)",
PB,A5,146.0,156.0000,RP2350 XOSC 12 MHz,3 coincident lines at 156.000 MHz (amplitude sum),gva,False,-95.4,-35.0,-140.4,-80.0,pass,pass,"on-die current into the Pico 2 PDN (0.1 to 0.5 ohm), path pdn_p 50 to 75 dB","C1 puts every on-die product on the 12 MHz grid (120, 132, 144, 156, 168 MHz); level: L1 to L3; cannot be moved (Pico 2 crystal); level: layout rules L1 to L3; tinySA sweep",XOSC 12 MHz x 13: -95.4 to -42.9 dBm | 1 x 96 + 5 x 12 MHz: -103.2 to -45.5 dBm | 2 x 96 - 3 x 12 MHz: -103.2 to -45.5 dBm
PB,A5,146.0,158.9500,PWM comb,mirror of PWM 150.00 kHz x 887,gva,True,-102.2,-70.9,-147.2,-115.9,pass,pass,"3.3 V GPIO, tr 2 to 5 ns, every 25th line of the comb shown","none needed (coherent 150 kHz comb, ADR-031 rule 3)",
PB,A5,146.0,159.3000,PWM comb,PWM 150.00 kHz x 1062,gva,False,-357.3,-321.6,-402.3,-366.6,pass,pass,"3.3 V GPIO, tr 2 to 5 ns, every 25th line of the comb shown","none needed (coherent 150 kHz comb, ADR-031 rule 3)",
PB,A5,146.0,160.0000,RP2350 XOSC 12 MHz,3 coincident lines at 160.000 MHz (amplitude sum),gva,True,-101.4,-41.1,-146.4,-86.1,pass,pass,"on-die current into the Pico 2 PDN (0.1 to 0.5 ohm), path pdn_p 50 to 75 dB","C1 puts every on-die product on the 12 MHz grid (120, 132, 144, 156, 168 MHz); level: L1 to L3; cannot be moved (Pico 2 crystal); level: layout rules L1 to L3; tinySA sweep",mirror of XOSC 12 MHz x 11: -101.4 to -49.0 dBm | mirror of 1 x 96 + 3 x 12 MHz: -109.3 to -51.5 dBm | mirror of 2 x 96 - 5 x 12 MHz: -109.3 to -51.5 dBm
PB,A5,146.0,162.7000,PWM comb,mirror of PWM 150.00 kHz x 862,gva,True,-378.5,-347.6,-423.5,-392.6,pass,pass,"3.3 V GPIO, tr 2 to 5 ns, every 25th line of the comb shown","none needed (coherent 150 kHz comb, ADR-031 rule 3)",
PB,A5,146.0,163.0500,PWM comb,PWM 150.00 kHz x 1087,gva,False,-102.1,-65.5,-147.1,-110.5,pass,pass,"3.3 V GPIO, tr 2 to 5 ns, every 25th line of the comb shown","none needed (coherent 150 kHz comb, ADR-031 rule 3)",
PB,A5,146.0,164.2500,/8 prescaler,4 coincident lines at 164.250 MHz (amplitude sum),pre,False,-57.6,-33.4,-102.6,-78.4,pass,pass,"330 ohm series tap (23 dB reverse isolation, derived) and separate supply per flip-flop","C7: prescaler fed through 330 ohm in series (after the 100 pF), each 74LVC1G80 on its own bead-and-100 nF supply; C10: drive bandpass in place of the drive low-pass; C8: 470 ohm series resistor at the /8 output and the /8 trace 15 to 25 mm from the CLK1 net (L5); option C9 (/4 prescaler) moves both lines out of the window but needs a REQ-TX-013 CR; C10: drive bandpass in place of the drive low-pass",mirror of /8 output x 7 (7/8 fc) on the trace: -82.3 to -59.2 dBm | mirror of /8 kickback sideband (7/8 fc): -71.8 to -51.8 dBm | /8 output x 9 (9/8 fc) on the trace: -71.0 to -47.0 dBm | /8 kickback sideband (9/8 fc): -57.6 to -37.6 dBm
PB,A5,146.0,166.4500,PWM comb,mirror of PWM 150.00 kHz x 837,gva,True,-101.6,-71.2,-146.6,-116.2,pass,pass,"3.3 V GPIO, tr 2 to 5 ns, every 25th line of the comb shown","none needed (coherent 150 kHz comb, ADR-031 rule 3)",
PB,A5,146.0,166.8000,PWM comb,PWM 150.00 kHz x 1112,gva,False,-365.2,-327.6,-410.2,-372.6,pass,pass,"3.3 V GPIO, tr 2 to 5 ns, every 25th line of the comb shown","none needed (coherent 150 kHz comb, ADR-031 rule 3)",
PB,A5,146.0,167.0000,Si5351 reference 25 MHz,2 coincident lines at 167.000 MHz (amplitude sum),pre,True,-62.0,-36.3,-107.0,-81.3,pass,pass,no datasheet figure; below the -35 to -50 dBc output-to-output crosstalk reported for full-swing outputs (Low),"L4: TCXO output lead at most 10 mm and at least 8 mm from the CLK1 trace; C10: drive bandpass in place of the drive low-pass; cannot be moved (Si5351A reference 25 MHz, clock-plan rule 7); level: F1 Si5351 VDD filter; tinySA sweep; C10: drive bandpass in place of the drive low-pass","mirror of 25 MHz x 5, Si5351 on-die feedthrough to CLK1: -62.0 to -37.0 dBm | mirror of 25 MHz x 5, TCXO lead near CLK1: -92.6 to -58.5 dBm"
PB,A5,146.0,168.0000,RP2350 XOSC 12 MHz,3 coincident lines at 168.000 MHz (amplitude sum),gva,False,-96.0,-35.7,-141.0,-80.7,pass,pass,"on-die current into the Pico 2 PDN (0.1 to 0.5 ohm), path pdn_p 50 to 75 dB","C1 puts every on-die product on the 12 MHz grid (120, 132, 144, 156, 168 MHz); level: L1 to L3; cannot be moved (Pico 2 crystal); level: layout rules L1 to L3; tinySA sweep",XOSC 12 MHz x 14: -96.0 to -43.6 dBm | 1 x 96 + 6 x 12 MHz: -103.9 to -46.1 dBm | 2 x 96 - 2 x 12 MHz: -103.9 to -46.1 dBm
PB,A5,146.0,170.2000,PWM comb,mirror of PWM 150.00 kHz x 812,gva,True,-366.8,-336.7,-411.8,-381.7,pass,pass,"3.3 V GPIO, tr 2 to 5 ns, every 25th line of the comb shown","none needed (coherent 150 kHz comb, ADR-031 rule 3)",
PB,A5,146.0,170.5500,PWM comb,PWM 150.00 kHz x 1137,gva,False,-105.3,-66.7,-150.3,-111.7,pass,pass,"3.3 V GPIO, tr 2 to 5 ns, every 25th line of the comb shown","none needed (coherent 150 kHz comb, ADR-031 rule 3)",
PB,A5,146.0,171.0000,Si5351 PLL spurs,PFD reference spur fc + 25 MHz,pre,False,-59.1,-39.1,-104.1,-84.1,pass,pass,"VCO spur at the 25 MHz PFD offset, divided by 6 (-15.6 dB) (Low)",level only (on-die PLL); tinySA sweep; C10: drive bandpass in place of the drive low-pass,
PB,A5,146.0,172.0000,RP2350 XOSC 12 MHz,3 coincident lines at 172.000 MHz (amplitude sum),gva,True,-103.0,-42.6,-148.0,-87.6,pass,pass,"on-die current into the Pico 2 PDN (0.1 to 0.5 ohm), path pdn_p 50 to 75 dB","C1 puts every on-die product on the 12 MHz grid (120, 132, 144, 156, 168 MHz); level: L1 to L3; cannot be moved (Pico 2 crystal); level: layout rules L1 to L3; tinySA sweep",mirror of XOSC 12 MHz x 10: -103.0 to -50.5 dBm | mirror of 1 x 96 + 2 x 12 MHz: -110.8 to -53.1 dBm | mirror of 2 x 96 - 6 x 12 MHz: -110.8 to -53.1 dBm
PB,A5,146.0,173.9500,PWM comb,mirror of PWM 150.00 kHz x 787,gva,True,-102.6,-72.9,-147.6,-117.9,pass,pass,"3.3 V GPIO, tr 2 to 5 ns, every 25th line of the comb shown","none needed (coherent 150 kHz comb, ADR-031 rule 3)",
PB,A5,146.0,174.3000,PWM comb,PWM 150.00 kHz x 1162,gva,False,-387.2,-347.4,-432.2,-392.4,pass,pass,"3.3 V GPIO, tr 2 to 5 ns, every 25th line of the comb shown","none needed (coherent 150 kHz comb, ADR-031 rule 3)",
PB,A5,146.0,175.0000,Si5351 reference 25 MHz,2 coincident lines at 175.000 MHz (amplitude sum),pre,False,-52.1,-26.2,-97.1,-71.2,pass,pass,no datasheet figure; below the -35 to -50 dBc output-to-output crosstalk reported for full-swing outputs (Low),"L4: TCXO output lead at most 10 mm and at least 8 mm from the CLK1 trace; C10: drive bandpass in place of the drive low-pass; cannot be moved (Si5351A reference 25 MHz, clock-plan rule 7); level: F1 Si5351 VDD filter; tinySA sweep; C10: drive bandpass in place of the drive low-pass","25 MHz x 7, Si5351 on-die feedthrough to CLK1: -52.1 to -27.1 dBm | 25 MHz x 7, TCXO lead near CLK1: -79.8 to -45.7 dBm"
PB,A5,147.95,118.0500,PWM comb,PWM 150.00 kHz x 787,gva,False,-94.1,-64.4,-139.1,-109.4,pass,pass,"3.3 V GPIO, tr 2 to 5 ns, every 25th line of the comb shown","none needed (coherent 150 kHz comb, ADR-031 rule 3)",
PB,A5,147.95,120.0000,RP2350 XOSC 12 MHz,3 coincident lines at 120.000 MHz (amplitude sum),gva,False,-95.2,-34.8,-140.2,-79.8,pass,pass,"on-die current into the Pico 2 PDN (0.1 to 0.5 ohm), path pdn_p 50 to 75 dB","C1 puts every on-die product on the 12 MHz grid (120, 132, 144, 156, 168 MHz); level: L1 to L3; cannot be moved (Pico 2 crystal); level: layout rules L1 to L3; tinySA sweep",XOSC 12 MHz x 10: -95.2 to -42.7 dBm | 1 x 96 + 2 x 12 MHz: -103.0 to -45.3 dBm | 2 x 96 - 6 x 12 MHz: -103.0 to -45.3 dBm
PB,A5,147.95,120.9000,Si5351 reference 25 MHz,2 coincident lines at 120.900 MHz (amplitude sum),pre,True,-55.3,-29.3,-100.3,-74.3,pass,pass,no datasheet figure; below the -35 to -50 dBc output-to-output crosstalk reported for full-swing outputs (Low),"L4: TCXO output lead at most 10 mm and at least 8 mm from the CLK1 trace; C10: drive bandpass in place of the drive low-pass; cannot be moved (Si5351A reference 25 MHz, clock-plan rule 7); level: F1 Si5351 VDD filter; tinySA sweep; C10: drive bandpass in place of the drive low-pass","mirror of 25 MHz x 7, Si5351 on-die feedthrough to CLK1: -55.3 to -30.3 dBm | mirror of 25 MHz x 7, TCXO lead near CLK1: -82.9 to -48.8 dBm"
PB,A5,147.95,121.6000,PWM comb,mirror of PWM 150.00 kHz x 1162,gva,True,-390.6,-350.8,-435.6,-395.8,pass,pass,"3.3 V GPIO, tr 2 to 5 ns, every 25th line of the comb shown","none needed (coherent 150 kHz comb, ADR-031 rule 3)",
PB,A5,147.95,121.8000,PWM comb,PWM 150.00 kHz x 812,gva,False,-359.5,-329.4,-404.5,-374.4,pass,pass,"3.3 V GPIO, tr 2 to 5 ns, every 25th line of the comb shown","none needed (coherent 150 kHz comb, ADR-031 rule 3)",
PB,A5,147.95,122.9500,Si5351 PLL spurs,PFD reference spur fc - 25 MHz,pre,False,-67.4,-47.4,-112.4,-92.4,pass,pass,"VCO spur at the 25 MHz PFD offset, divided by 6 (-15.6 dB) (Low)",level only (on-die PLL); tinySA sweep; C10: drive bandpass in place of the drive low-pass,
PB,A5,147.95,125.0000,Si5351 reference 25 MHz,2 coincident lines at 125.000 MHz (amplitude sum),pre,False,-55.3,-29.6,-100.3,-74.6,pass,pass,no datasheet figure; below the -35 to -50 dBc output-to-output crosstalk reported for full-swing outputs (Low),"L4: TCXO output lead at most 10 mm and at least 8 mm from the CLK1 trace; C10: drive bandpass in place of the drive low-pass; cannot be moved (Si5351A reference 25 MHz, clock-plan rule 7); level: F1 Si5351 VDD filter; tinySA sweep; C10: drive bandpass in place of the drive low-pass","25 MHz x 5, Si5351 on-die feedthrough to CLK1: -55.3 to -30.3 dBm | 25 MHz x 5, TCXO lead near CLK1: -85.9 to -51.8 dBm"
PB,A5,147.95,125.3500,PWM comb,mirror of PWM 150.00 kHz x 1137,gva,True,-110.0,-71.3,-155.0,-116.3,pass,pass,"3.3 V GPIO, tr 2 to 5 ns, every 25th line of the comb shown","none needed (coherent 150 kHz comb, ADR-031 rule 3)",
PB,A5,147.95,125.5500,PWM comb,PWM 150.00 kHz x 837,gva,False,-95.0,-64.5,-140.0,-109.5,pass,pass,"3.3 V GPIO, tr 2 to 5 ns, every 25th line of the comb shown","none needed (coherent 150 kHz comb, ADR-031 rule 3)",
PB,A5,147.95,127.9000,RP2350 XOSC 12 MHz,3 coincident lines at 127.900 MHz (amplitude sum),gva,True,-101.2,-40.8,-146.2,-85.8,pass,pass,"on-die current into the Pico 2 PDN (0.1 to 0.5 ohm), path pdn_p 50 to 75 dB","C1 puts every on-die product on the 12 MHz grid (120, 132, 144, 156, 168 MHz); level: L1 to L3; cannot be moved (Pico 2 crystal); level: layout rules L1 to L3; tinySA sweep",mirror of XOSC 12 MHz x 14: -101.2 to -48.8 dBm | mirror of 1 x 96 + 6 x 12 MHz: -109.0 to -51.3 dBm | mirror of 2 x 96 - 2 x 12 MHz: -109.0 to -51.3 dBm
PB,A5,147.95,129.1000,PWM comb,mirror of PWM 150.00 kHz x 1112,gva,True,-370.5,-333.0,-415.5,-378.0,pass,pass,"3.3 V GPIO, tr 2 to 5 ns, every 25th line of the comb shown","none needed (coherent 150 kHz comb, ADR-031 rule 3)",
PB,A5,147.95,129.3000,PWM comb,PWM 150.00 kHz x 862,gva,False,-372.2,-341.2,-417.2,-386.2,pass,pass,"3.3 V GPIO, tr 2 to 5 ns, every 25th line of the comb shown","none needed (coherent 150 kHz comb, ADR-031 rule 3)",
PB,A5,147.95,129.4562,/8 prescaler,4 coincident lines at 129.456 MHz (amplitude sum),pre,False,-63.4,-35.1,-108.4,-80.1,pass,pass,"330 ohm series tap (23 dB reverse isolation, derived) and separate supply per flip-flop","C7: prescaler fed through 330 ohm in series (after the 100 pF), each 74LVC1G80 on its own bead-and-100 nF supply; C10: drive bandpass in place of the drive low-pass; C8: 470 ohm series resistor at the /8 output and the /8 trace 15 to 25 mm from the CLK1 net (L5); option C9 (/4 prescaler) moves both lines out of the window but needs a REQ-TX-013 CR; C10: drive bandpass in place of the drive low-pass",/8 output x 7 (7/8 fc) on the trace: -74.0 to -50.8 dBm | /8 kickback sideband (7/8 fc): -63.4 to -43.4 dBm | mirror of /8 output x 9 (9/8 fc) on the trace: -77.8 to -53.8 dBm | mirror of /8 kickback sideband (9/8 fc): -64.4 to -44.4 dBm
PB,A5,147.95,132.0000,RP2350 XOSC 12 MHz,3 coincident lines at 132.000 MHz (amplitude sum),gva,False,-95.2,-34.8,-140.2,-79.8,pass,pass,"on-die current into the Pico 2 PDN (0.1 to 0.5 ohm), path pdn_p 50 to 75 dB","C1 puts every on-die product on the 12 MHz grid (120, 132, 144, 156, 168 MHz); level: L1 to L3; cannot be moved (Pico 2 crystal); level: layout rules L1 to L3; tinySA sweep",XOSC 12 MHz x 11: -95.2 to -42.8 dBm | 1 x 96 + 3 x 12 MHz: -103.0 to -45.3 dBm | 2 x 96 - 5 x 12 MHz: -103.0 to -45.3 dBm
PB,A5,147.95,132.8500,PWM comb,mirror of PWM 150.00 kHz x 1087,gva,True,-107.8,-71.2,-152.8,-116.2,pass,pass,"3.3 V GPIO, tr 2 to 5 ns, every 25th line of the comb shown","none needed (coherent 150 kHz comb, ADR-031 rule 3)",
PB,A5,147.95,133.0500,PWM comb,PWM 150.00 kHz x 887,gva,False,-96.0,-64.7,-141.0,-109.7,pass,pass,"3.3 V GPIO, tr 2 to 5 ns, every 25th line of the comb shown","none needed (coherent 150 kHz comb, ADR-031 rule 3)",
PB,A5,147.95,136.6000,PWM comb,mirror of PWM 150.00 kHz x 1062,gva,True,-363.2,-327.4,-408.2,-372.4,pass,pass,"3.3 V GPIO, tr 2 to 5 ns, every 25th line of the comb shown","none needed (coherent 150 kHz comb, ADR-031 rule 3)",
PB,A5,147.95,136.8000,PWM comb,PWM 150.00 kHz x 912,gva,False,-353.6,-321.8,-398.6,-366.8,pass,pass,"3.3 V GPIO, tr 2 to 5 ns, every 25th line of the comb shown","none needed (coherent 150 kHz comb, ADR-031 rule 3)",
PB,A5,147.95,138.9500,VGG / supply sidebands,"RP2350 core regulator (3 MHz typ) ripple on the GVA-84+ bias, fc - 3 x 3 MHz",rel,False,-80.6,-50.2,-125.6,-95.2,pass,pass,ripple 0.3 to 3 mV at the GVA-84+ Vcc,F3: GVA-84+ supply through a ferrite bead and 22 uF (ripple at most 3 mV at 1 to 10 MHz); derived requirement to WP-PDR-22 and WP-PDR-24,
PB,A5,147.95,139.9000,RP2350 XOSC 12 MHz,3 coincident lines at 139.900 MHz (amplitude sum),gva,True,-101.3,-40.9,-146.3,-85.9,pass,pass,"on-die current into the Pico 2 PDN (0.1 to 0.5 ohm), path pdn_p 50 to 75 dB","C1 puts every on-die product on the 12 MHz grid (120, 132, 144, 156, 168 MHz); level: L1 to L3; cannot be moved (Pico 2 crystal); level: layout rules L1 to L3; tinySA sweep",mirror of XOSC 12 MHz x 13: -101.3 to -48.8 dBm | mirror of 1 x 96 + 5 x 12 MHz: -109.1 to -51.4 dBm | mirror of 2 x 96 - 3 x 12 MHz: -109.1 to -51.4 dBm
PB,A5,147.95,140.3500,PWM comb,mirror of PWM 150.00 kHz x 1037,gva,True,-106.1,-71.1,-151.1,-116.1,pass,pass,"3.3 V GPIO, tr 2 to 5 ns, every 25th line of the comb shown","none needed (coherent 150 kHz comb, ADR-031 rule 3)",
PB,A5,147.95,140.5500,PWM comb,PWM 150.00 kHz x 937,gva,False,-97.3,-64.9,-142.3,-109.9,pass,pass,"3.3 V GPIO, tr 2 to 5 ns, every 25th line of the comb shown","none needed (coherent 150 kHz comb, ADR-031 rule 3)",
PB,A5,147.95,141.9500,VGG / supply sidebands,2 coincident lines at 141.950 MHz (amplitude sum),rel,False,-74.7,-40.7,-119.7,-85.7,pass,pass,ripple 0.3 to 3 mV at the GVA-84+ Vcc,F3: GVA-84+ supply through a ferrite bead and 22 uF (ripple at most 3 mV at 1 to 10 MHz); derived requirement to WP-PDR-22 and WP-PDR-24,"RT6150 (Pico 2, about 2 MHz, Low) ripple on the GVA-84+ bias, fc - 3 x 2 MHz: -80.7 to -50.2 dBm | RP2350 core regulator (3 MHz typ) ripple on the GVA-84+ bias, fc - 2 x 3 MHz: -74.7 to -44.2 dBm"
PB,A5,147.95,143.9500,VGG / supply sidebands,"RT6150 (Pico 2, about 2 MHz, Low) ripple on the GVA-84+ bias, fc - 2 x 2 MHz",rel,False,-74.7,-44.2,-119.7,-89.2,pass,pass,ripple 0.3 to 3 mV at the GVA-84+ Vcc,F3: GVA-84+ supply through a ferrite bead and 22 uF (ripple at most 3 mV at 1 to 10 MHz); derived requirement to WP-PDR-22 and WP-PDR-24,
PB,A5,147.95,144.0000,RP2350 XOSC 12 MHz,4 coincident lines at 144.000 MHz (amplitude sum),gva,False,-95.3,-34.8,-140.3,-79.8,pass,pass,"on-die current into the Pico 2 PDN (0.1 to 0.5 ohm), path pdn_p 50 to 75 dB","C1 puts every on-die product on the 12 MHz grid (120, 132, 144, 156, 168 MHz); level: L1 to L3; C2: clk_adc from PLL_SYS / 2 (AUXSRC CLKSRC_PLL_SYS, DIV 2) enabled only for conversion bursts (ENABLE bit); C3: PLL_USB powered down (PWR.PD, VCOPD) outside USB; cannot be moved (Pico 2 crystal); level: layout rules L1 to L3; tinySA sweep","XOSC 12 MHz x 12: -95.3 to -42.9 dBm | 1 x 96 + 4 x 12 MHz: -103.2 to -45.4 dBm | 2 x 96 - 4 x 12 MHz: -103.2 to -45.4 dBm | clk_adc 48 MHz x 3 (bursts, PLL_SYS / 2): -128.8 to -69.4 dBm"
PB,A5,147.95,144.1000,PWM comb,mirror of PWM 150.00 kHz x 1012,gva,True,-399.4,-365.2,-444.4,-410.2,pass,pass,"3.3 V GPIO, tr 2 to 5 ns, every 25th line of the comb shown","none needed (coherent 150 kHz comb, ADR-031 rule 3)",
PB,A5,147.95,144.3000,PWM comb,PWM 150.00 kHz x 962,gva,False,-361.1,-328.1,-406.1,-373.1,pass,pass,"3.3 V GPIO, tr 2 to 5 ns, every 25th line of the comb shown","none needed (coherent 150 kHz comb, ADR-031 rule 3)",
PB,A5,147.95,144.9500,VGG / supply sidebands,"RP2350 core regulator (3 MHz typ) ripple on the GVA-84+ bias, fc - 1 x 3 MHz",rel,False,-68.7,-38.2,-113.7,-83.2,pass,pass,ripple 0.3 to 3 mV at the GVA-84+ Vcc,F3: GVA-84+ supply through a ferrite bead and 22 uF (ripple at most 3 mV at 1 to 10 MHz); derived requirement to WP-PDR-22 and WP-PDR-24,
PB,A5,147.95,145.9000,Si5351 reference 25 MHz,2 coincident lines at 145.900 MHz (amplitude sum),pre,True,-44.0,-18.2,-89.0,-63.2,not shown,pass,no datasheet figure; below the -35 to -50 dBc output-to-output crosstalk reported for full-swing outputs (Low),"L4: TCXO output lead at most 10 mm and at least 8 mm from the CLK1 trace; C10: drive bandpass in place of the drive low-pass; cannot be moved (Si5351A reference 25 MHz, clock-plan rule 7); level: F1 Si5351 VDD filter; tinySA sweep; C10: drive bandpass in place of the drive low-pass","mirror of 25 MHz x 6, Si5351 on-die feedthrough to CLK1: -44.0 to -19.0 dBm | mirror of 25 MHz x 6, TCXO lead near CLK1: -73.1 to -39.0 dBm"
PB,A5,147.95,145.9500,Si5351 PLL spurs,2 coincident lines at 145.950 MHz (amplitude sum),pre,False,-43.0,-21.6,-88.0,-66.6,not shown,pass,"PA3FWM tn42b: about -80 dBc in theory, measured worse (Low); offset depends on the fraction","C5: PLL A multiplier rule, fractional part not within 0.002 of an integer (firmware table check); tinySA sweep at the worst channel; C10: drive bandpass in place of the drive low-pass; F3: GVA-84+ supply through a ferrite bead and 22 uF (ripple at most 3 mV at 1 to 10 MHz); derived requirement to WP-PDR-22 and WP-PDR-24","fractional / integer-boundary spur fc -2 MHz (representative): -43.0 to -23.0 dBm | RT6150 (Pico 2, about 2 MHz, Low) ripple on the GVA-84+ bias, fc - 1 x 2 MHz: -68.7 to -38.2 dBm"
PB,A5,147.95,147.4500,Si5351 PLL spurs,fractional / integer-boundary spur fc -0.5 MHz (representative),pre,False,-43.0,-23.0,-88.0,-68.0,not shown,pass,"PA3FWM tn42b: about -80 dBc in theory, measured worse (Low); offset depends on the fraction","C5: PLL A multiplier rule, fractional part not within 0.002 of an integer (firmware table check); tinySA sweep at the worst channel; C10: drive bandpass in place of the drive low-pass",
PB,A5,147.95,147.6500,VGG / supply sidebands,"envelope-reference PWM ripple, fc - 2 x 150 kHz",rel,False,-60.1,-41.0,-105.1,-86.0,pass,pass,"AM index m = 0.6/V x ripple; ripple 0.23 to 0.84 mV (2-pole RC, 1 to 3 kHz)",none needed; derived requirement to WP-PDR-22: PWM ripple at VGG at most 3.3 mV peak,
PB,A5,147.95,147.8000,VGG / supply sidebands,"envelope-reference PWM ripple, fc - 1 x 150 kHz",rel,False,-54.1,-35.0,-99.1,-80.0,pass,pass,"AM index m = 0.6/V x ripple; ripple 0.23 to 0.84 mV (2-pole RC, 1 to 3 kHz)",none needed; derived requirement to WP-PDR-22: PWM ripple at VGG at most 3.3 mV peak,
PB,A5,147.95,147.8500,PWM comb,mirror of PWM 150.00 kHz x 987,gva,True,-104.7,-71.1,-149.7,-116.1,pass,pass,"3.3 V GPIO, tr 2 to 5 ns, every 25th line of the comb shown","none needed (coherent 150 kHz comb, ADR-031 rule 3)",
PB,A5,147.95,148.0500,PWM comb,PWM 150.00 kHz x 987,gva,False,-98.7,-65.1,-143.7,-110.1,pass,pass,"3.3 V GPIO, tr 2 to 5 ns, every 25th line of the comb shown","none needed (coherent 150 kHz comb, ADR-031 rule 3)",
PB,A5,147.95,148.1000,VGG / supply sidebands,"envelope-reference PWM ripple, fc + 1 x 150 kHz",rel,False,-54.1,-35.0,-99.1,-80.0,pass,pass,"AM index m = 0.6/V x ripple; ripple 0.23 to 0.84 mV (2-pole RC, 1 to 3 kHz)",none needed; derived requirement to WP-PDR-22: PWM ripple at VGG at most 3.3 mV peak,
PB,A5,147.95,148.2500,VGG / supply sidebands,"envelope-reference PWM ripple, fc + 2 x 150 kHz",rel,False,-60.1,-41.0,-105.1,-86.0,pass,pass,"AM index m = 0.6/V x ripple; ripple 0.23 to 0.84 mV (2-pole RC, 1 to 3 kHz)",none needed; derived requirement to WP-PDR-22: PWM ripple at VGG at most 3.3 mV peak,
PB,A5,147.95,148.4500,Si5351 PLL spurs,fractional / integer-boundary spur fc +0.5 MHz (representative),pre,False,-43.0,-23.0,-88.0,-68.0,pass,pass,"PA3FWM tn42b: about -80 dBc in theory, measured worse (Low); offset depends on the fraction","C5: PLL A multiplier rule, fractional part not within 0.002 of an integer (firmware table check); tinySA sweep at the worst channel; C10: drive bandpass in place of the drive low-pass",
PB,A5,147.95,149.9500,Si5351 PLL spurs,2 coincident lines at 149.950 MHz (amplitude sum),pre,False,-43.1,-21.7,-88.1,-66.7,not shown,pass,"PA3FWM tn42b: about -80 dBc in theory, measured worse (Low); offset depends on the fraction","C5: PLL A multiplier rule, fractional part not within 0.002 of an integer (firmware table check); tinySA sweep at the worst channel; C10: drive bandpass in place of the drive low-pass; F3: GVA-84+ supply through a ferrite bead and 22 uF (ripple at most 3 mV at 1 to 10 MHz); derived requirement to WP-PDR-22 and WP-PDR-24","fractional / integer-boundary spur fc +2 MHz (representative): -43.1 to -23.1 dBm | RT6150 (Pico 2, about 2 MHz, Low) ripple on the GVA-84+ bias, fc + 1 x 2 MHz: -68.7 to -38.3 dBm"
PB,A5,147.95,150.0000,Si5351 reference 25 MHz,2 coincident lines at 150.000 MHz (amplitude sum),pre,False,-38.1,-12.2,-83.1,-57.2,not shown,not shown,no datasheet figure; below the -35 to -50 dBc output-to-output crosstalk reported for full-swing outputs (Low),"L4: TCXO output lead at most 10 mm and at least 8 mm from the CLK1 trace; C10: drive bandpass in place of the drive low-pass; cannot be moved (Si5351A reference 25 MHz, clock-plan rule 7); level: F1 Si5351 VDD filter; tinySA sweep; C10: drive bandpass in place of the drive low-pass","25 MHz x 6, Si5351 on-die feedthrough to CLK1: -38.1 to -13.1 dBm | 25 MHz x 6, TCXO lead near CLK1: -67.1 to -33.0 dBm"
PB,A5,147.95,150.9500,VGG / supply sidebands,"RP2350 core regulator (3 MHz typ) ripple on the GVA-84+ bias, fc + 1 x 3 MHz",rel,False,-68.7,-38.3,-113.7,-83.3,pass,pass,ripple 0.3 to 3 mV at the GVA-84+ Vcc,F3: GVA-84+ supply through a ferrite bead and 22 uF (ripple at most 3 mV at 1 to 10 MHz); derived requirement to WP-PDR-22 and WP-PDR-24,
PB,A5,147.95,151.6000,PWM comb,mirror of PWM 150.00 kHz x 962,gva,True,-367.2,-334.2,-412.2,-379.2,pass,pass,"3.3 V GPIO, tr 2 to 5 ns, every 25th line of the comb shown","none needed (coherent 150 kHz comb, ADR-031 rule 3)",
PB,A5,147.95,151.8000,PWM comb,PWM 150.00 kHz x 1012,gva,False,-393.5,-359.2,-438.5,-404.2,pass,pass,"3.3 V GPIO, tr 2 to 5 ns, every 25th line of the comb shown","none needed (coherent 150 kHz comb, ADR-031 rule 3)",
PB,A5,147.95,151.9000,RP2350 XOSC 12 MHz,4 coincident lines at 151.900 MHz (amplitude sum),gva,True,-101.4,-40.9,-146.4,-85.9,pass,pass,"on-die current into the Pico 2 PDN (0.1 to 0.5 ohm), path pdn_p 50 to 75 dB","C1 puts every on-die product on the 12 MHz grid (120, 132, 144, 156, 168 MHz); level: L1 to L3; C2: clk_adc from PLL_SYS / 2 (AUXSRC CLKSRC_PLL_SYS, DIV 2) enabled only for conversion bursts (ENABLE bit); C3: PLL_USB powered down (PWR.PD, VCOPD) outside USB; cannot be moved (Pico 2 crystal); level: layout rules L1 to L3; tinySA sweep","mirror of XOSC 12 MHz x 12: -101.4 to -49.0 dBm | mirror of 1 x 96 + 4 x 12 MHz: -109.2 to -51.5 dBm | mirror of 2 x 96 - 4 x 12 MHz: -109.2 to -51.5 dBm | mirror of clk_adc 48 MHz x 3 (bursts, PLL_SYS / 2): -134.8 to -75.5 dBm"
PB,A5,147.95,151.9500,VGG / supply sidebands,"RT6150 (Pico 2, about 2 MHz, Low) ripple on the GVA-84+ bias, fc + 2 x 2 MHz",rel,False,-74.7,-44.3,-119.7,-89.3,pass,pass,ripple 0.3 to 3 mV at the GVA-84+ Vcc,F3: GVA-84+ supply through a ferrite bead and 22 uF (ripple at most 3 mV at 1 to 10 MHz); derived requirement to WP-PDR-22 and WP-PDR-24,
PB,A5,147.95,153.9500,VGG / supply sidebands,2 coincident lines at 153.950 MHz (amplitude sum),rel,False,-74.8,-40.8,-119.8,-85.8,pass,pass,ripple 0.3 to 3 mV at the GVA-84+ Vcc,F3: GVA-84+ supply through a ferrite bead and 22 uF (ripple at most 3 mV at 1 to 10 MHz); derived requirement to WP-PDR-22 and WP-PDR-24,"RT6150 (Pico 2, about 2 MHz, Low) ripple on the GVA-84+ bias, fc + 3 x 2 MHz: -80.8 to -50.3 dBm | RP2350 core regulator (3 MHz typ) ripple on the GVA-84+ bias, fc + 2 x 3 MHz: -74.8 to -44.3 dBm"
PB,A5,147.95,155.3500,PWM comb,mirror of PWM 150.00 kHz x 937,gva,True,-103.4,-71.0,-148.4,-116.0,pass,pass,"3.3 V GPIO, tr 2 to 5 ns, every 25th line of the comb shown","none needed (coherent 150 kHz comb, ADR-031 rule 3)",
PB,A5,147.95,155.5500,PWM comb,PWM 150.00 kHz x 1037,gva,False,-100.2,-65.3,-145.2,-110.3,pass,pass,"3.3 V GPIO, tr 2 to 5 ns, every 25th line of the comb shown","none needed (coherent 150 kHz comb, ADR-031 rule 3)",
PB,A5,147.95,156.0000,RP2350 XOSC 12 MHz,3 coincident lines at 156.000 MHz (amplitude sum),gva,False,-95.4,-35.0,-140.4,-80.0,pass,pass,"on-die current into the Pico 2 PDN (0.1 to 0.5 ohm), path pdn_p 50 to 75 dB","C1 puts every on-die product on the 12 MHz grid (120, 132, 144, 156, 168 MHz); level: L1 to L3; cannot be moved (Pico 2 crystal); level: layout rules L1 to L3; tinySA sweep",XOSC 12 MHz x 13: -95.4 to -43.0 dBm | 1 x 96 + 5 x 12 MHz: -103.3 to -45.5 dBm | 2 x 96 - 3 x 12 MHz: -103.3 to -45.5 dBm
PB,A5,147.95,156.9500,VGG / supply sidebands,"RP2350 core regulator (3 MHz typ) ripple on the GVA-84+ bias, fc + 3 x 3 MHz",rel,False,-80.8,-50.3,-125.8,-95.3,pass,pass,ripple 0.3 to 3 mV at the GVA-84+ Vcc,F3: GVA-84+ supply through a ferrite bead and 22 uF (ripple at most 3 mV at 1 to 10 MHz); derived requirement to WP-PDR-22 and WP-PDR-24,
PB,A5,147.95,159.1000,PWM comb,mirror of PWM 150.00 kHz x 912,gva,True,-359.8,-328.0,-404.8,-373.0,pass,pass,"3.3 V GPIO, tr 2 to 5 ns, every 25th line of the comb shown","none needed (coherent 150 kHz comb, ADR-031 rule 3)",
PB,A5,147.95,159.3000,PWM comb,PWM 150.00 kHz x 1062,gva,False,-357.4,-321.6,-402.4,-366.6,pass,pass,"3.3 V GPIO, tr 2 to 5 ns, every 25th line of the comb shown","none needed (coherent 150 kHz comb, ADR-031 rule 3)",
PB,A5,147.95,162.8500,PWM comb,mirror of PWM 150.00 kHz x 887,gva,True,-102.4,-71.0,-147.4,-116.0,pass,pass,"3.3 V GPIO, tr 2 to 5 ns, every 25th line of the comb shown","none needed (coherent 150 kHz comb, ADR-031 rule 3)",
PB,A5,147.95,163.0500,PWM comb,PWM 150.00 kHz x 1087,gva,False,-102.2,-65.6,-147.2,-110.6,pass,pass,"3.3 V GPIO, tr 2 to 5 ns, every 25th line of the comb shown","none needed (coherent 150 kHz comb, ADR-031 rule 3)",
PB,A5,147.95,163.9000,RP2350 XOSC 12 MHz,3 coincident lines at 163.900 MHz (amplitude sum),gva,True,-101.6,-41.2,-146.6,-86.2,pass,pass,"on-die current into the Pico 2 PDN (0.1 to 0.5 ohm), path pdn_p 50 to 75 dB","C1 puts every on-die product on the 12 MHz grid (120, 132, 144, 156, 168 MHz); level: L1 to L3; cannot be moved (Pico 2 crystal); level: layout rules L1 to L3; tinySA sweep",mirror of XOSC 12 MHz x 11: -101.6 to -49.2 dBm | mirror of 1 x 96 + 3 x 12 MHz: -109.5 to -51.7 dBm | mirror of 2 x 96 - 5 x 12 MHz: -109.5 to -51.7 dBm
PB,A5,147.95,166.4437,/8 prescaler,4 coincident lines at 166.444 MHz (amplitude sum),pre,False,-59.1,-34.3,-104.1,-79.3,pass,pass,"330 ohm series tap (23 dB reverse isolation, derived) and separate supply per flip-flop","C7: prescaler fed through 330 ohm in series (after the 100 pF), each 74LVC1G80 on its own bead-and-100 nF supply; C10: drive bandpass in place of the drive low-pass; C8: 470 ohm series resistor at the /8 output and the /8 trace 15 to 25 mm from the CLK1 net (L5); option C9 (/4 prescaler) moves both lines out of the window but needs a REQ-TX-013 CR; C10: drive bandpass in place of the drive low-pass",mirror of /8 output x 7 (7/8 fc) on the trace: -80.6 to -57.5 dBm | mirror of /8 kickback sideband (7/8 fc): -70.1 to -50.1 dBm | /8 output x 9 (9/8 fc) on the trace: -72.5 to -48.5 dBm | /8 kickback sideband (9/8 fc): -59.1 to -39.1 dBm
PB,A5,147.95,166.6000,PWM comb,mirror of PWM 150.00 kHz x 862,gva,True,-378.8,-347.9,-423.8,-392.9,pass,pass,"3.3 V GPIO, tr 2 to 5 ns, every 25th line of the comb shown","none needed (coherent 150 kHz comb, ADR-031 rule 3)",
PB,A5,147.95,166.8000,PWM comb,PWM 150.00 kHz x 1112,gva,False,-365.2,-327.7,-410.2,-372.7,pass,pass,"3.3 V GPIO, tr 2 to 5 ns, every 25th line of the comb shown","none needed (coherent 150 kHz comb, ADR-031 rule 3)",
PB,A5,147.95,168.0000,RP2350 XOSC 12 MHz,3 coincident lines at 168.000 MHz (amplitude sum),gva,False,-96.1,-35.7,-141.1,-80.7,pass,pass,"on-die current into the Pico 2 PDN (0.1 to 0.5 ohm), path pdn_p 50 to 75 dB","C1 puts every on-die product on the 12 MHz grid (120, 132, 144, 156, 168 MHz); level: L1 to L3; cannot be moved (Pico 2 crystal); level: layout rules L1 to L3; tinySA sweep",XOSC 12 MHz x 14: -96.1 to -43.6 dBm | 1 x 96 + 6 x 12 MHz: -103.9 to -46.2 dBm | 2 x 96 - 2 x 12 MHz: -103.9 to -46.2 dBm
PB,A5,147.95,170.3500,PWM comb,mirror of PWM 150.00 kHz x 837,gva,True,-102.4,-71.9,-147.4,-116.9,pass,pass,"3.3 V GPIO, tr 2 to 5 ns, every 25th line of the comb shown","none needed (coherent 150 kHz comb, ADR-031 rule 3)",
PB,A5,147.95,170.5500,PWM comb,PWM 150.00 kHz x 1137,gva,False,-105.4,-66.8,-150.4,-111.8,pass,pass,"3.3 V GPIO, tr 2 to 5 ns, every 25th line of the comb shown","none needed (coherent 150 kHz comb, ADR-031 rule 3)",
PB,A5,147.95,170.9000,Si5351 reference 25 MHz,2 coincident lines at 170.900 MHz (amplitude sum),pre,True,-62.8,-37.1,-107.8,-82.1,pass,pass,no datasheet figure; below the -35 to -50 dBc output-to-output crosstalk reported for full-swing outputs (Low),"L4: TCXO output lead at most 10 mm and at least 8 mm from the CLK1 trace; C10: drive bandpass in place of the drive low-pass; cannot be moved (Si5351A reference 25 MHz, clock-plan rule 7); level: F1 Si5351 VDD filter; tinySA sweep; C10: drive bandpass in place of the drive low-pass","mirror of 25 MHz x 5, Si5351 on-die feedthrough to CLK1: -62.8 to -37.8 dBm | mirror of 25 MHz x 5, TCXO lead near CLK1: -93.4 to -59.3 dBm"
PB,A5,147.95,172.9500,Si5351 PLL spurs,PFD reference spur fc + 25 MHz,pre,False,-60.6,-40.6,-105.6,-85.6,pass,pass,"VCO spur at the 25 MHz PFD offset, divided by 6 (-15.6 dB) (Low)",level only (on-die PLL); tinySA sweep; C10: drive bandpass in place of the drive low-pass,
PB,A5,147.95,174.1000,PWM comb,mirror of PWM 150.00 kHz x 812,gva,True,-368.0,-337.9,-413.0,-382.9,pass,pass,"3.3 V GPIO, tr 2 to 5 ns, every 25th line of the comb shown","none needed (coherent 150 kHz comb, ADR-031 rule 3)",
PB,A5,147.95,174.3000,PWM comb,PWM 150.00 kHz x 1162,gva,False,-387.2,-347.4,-432.2,-392.4,pass,pass,"3.3 V GPIO, tr 2 to 5 ns, every 25th line of the comb shown","none needed (coherent 150 kHz comb, ADR-031 rule 3)",
PB,A5,147.95,175.0000,Si5351 reference 25 MHz,2 coincident lines at 175.000 MHz (amplitude sum),pre,False,-52.2,-26.2,-97.2,-71.2,pass,pass,no datasheet figure; below the -35 to -50 dBc output-to-output crosstalk reported for full-swing outputs (Low),"L4: TCXO output lead at most 10 mm and at least 8 mm from the CLK1 trace; C10: drive bandpass in place of the drive low-pass; cannot be moved (Si5351A reference 25 MHz, clock-plan rule 7); level: F1 Si5351 VDD filter; tinySA sweep; C10: drive bandpass in place of the drive low-pass","25 MHz x 7, Si5351 on-die feedthrough to CLK1: -52.2 to -27.2 dBm | 25 MHz x 7, TCXO lead near CLK1: -79.8 to -45.7 dBm"
PB,A4,144.05,118.0500,PWM comb,PWM 150.00 kHz x 787,gva,False,-98.8,-70.0,-143.8,-115.0,pass,pass,"3.3 V GPIO, tr 2 to 5 ns, every 25th line of the comb shown","none needed (coherent 150 kHz comb, ADR-031 rule 3)",
PB,A4,144.05,119.0500,Si5351 PLL spurs,PFD reference spur fc - 25 MHz,pre,False,-70.9,-50.9,-115.9,-95.9,pass,pass,"VCO spur at the 25 MHz PFD offset, divided by 6 (-15.6 dB) (Low)",level only (on-die PLL); tinySA sweep; C10: drive bandpass in place of the drive low-pass,
PB,A4,144.05,120.0000,RP2350 XOSC 12 MHz,3 coincident lines at 120.000 MHz (amplitude sum),gva,False,-99.8,-40.4,-144.8,-85.4,pass,pass,"on-die current into the Pico 2 PDN (0.1 to 0.5 ohm), path pdn_p 50 to 75 dB","C1 puts every on-die product on the 12 MHz grid (120, 132, 144, 156, 168 MHz); level: L1 to L3; cannot be moved (Pico 2 crystal); level: layout rules L1 to L3; tinySA sweep",XOSC 12 MHz x 10: -99.8 to -48.3 dBm | 1 x 96 + 2 x 12 MHz: -107.7 to -50.9 dBm | 2 x 96 - 6 x 12 MHz: -107.7 to -50.9 dBm
PB,A4,144.05,120.1000,RP2350 XOSC 12 MHz,3 coincident lines at 120.100 MHz (amplitude sum),gva,True,-105.8,-46.4,-150.8,-91.4,pass,pass,"on-die current into the Pico 2 PDN (0.1 to 0.5 ohm), path pdn_p 50 to 75 dB","C1 puts every on-die product on the 12 MHz grid (120, 132, 144, 156, 168 MHz); level: L1 to L3; cannot be moved (Pico 2 crystal); level: layout rules L1 to L3; tinySA sweep",mirror of XOSC 12 MHz x 14: -105.8 to -54.3 dBm | mirror of 1 x 96 + 6 x 12 MHz: -113.7 to -56.9 dBm | mirror of 2 x 96 - 2 x 12 MHz: -113.7 to -56.9 dBm
PB,A4,144.05,121.3000,PWM comb,mirror of PWM 150.00 kHz x 1112,gva,True,-375.2,-338.5,-420.2,-383.5,pass,pass,"3.3 V GPIO, tr 2 to 5 ns, every 25th line of the comb shown","none needed (coherent 150 kHz comb, ADR-031 rule 3)",
PB,A4,144.05,121.8000,PWM comb,PWM 150.00 kHz x 812,gva,False,-364.1,-335.0,-409.1,-380.0,pass,pass,"3.3 V GPIO, tr 2 to 5 ns, every 25th line of the comb shown","none needed (coherent 150 kHz comb, ADR-031 rule 3)",
PB,A4,144.05,125.0000,Si5351 reference 25 MHz,2 coincident lines at 125.000 MHz (amplitude sum),pre,False,-55.1,-30.0,-100.1,-75.0,pass,pass,no datasheet figure; below the -35 to -50 dBc output-to-output crosstalk reported for full-swing outputs (Low),"L4: TCXO output lead at most 10 mm and at least 8 mm from the CLK1 trace; C10: drive bandpass in place of the drive low-pass; cannot be moved (Si5351A reference 25 MHz, clock-plan rule 7); level: F1 Si5351 VDD filter; tinySA sweep; C10: drive bandpass in place of the drive low-pass","25 MHz x 5, Si5351 on-die feedthrough to CLK1: -55.1 to -30.1 dBm | 25 MHz x 5, crystal node near CLK1: -98.8 to -64.7 dBm"
PB,A4,144.05,125.0500,PWM comb,mirror of PWM 150.00 kHz x 1087,gva,True,-112.4,-76.8,-157.4,-121.8,pass,pass,"3.3 V GPIO, tr 2 to 5 ns, every 25th line of the comb shown","none needed (coherent 150 kHz comb, ADR-031 rule 3)",
PB,A4,144.05,125.5500,PWM comb,PWM 150.00 kHz x 837,gva,False,-99.7,-70.1,-144.7,-115.1,pass,pass,"3.3 V GPIO, tr 2 to 5 ns, every 25th line of the comb shown","none needed (coherent 150 kHz comb, ADR-031 rule 3)",
PB,A4,144.05,126.0437,/8 prescaler,4 coincident lines at 126.044 MHz (amplitude sum),pre,True,-61.8,-35.3,-106.8,-80.3,pass,pass,"330 ohm series tap (23 dB reverse isolation, derived) and separate supply per flip-flop","C7: prescaler fed through 330 ohm in series (after the 100 pF), each 74LVC1G80 on its own bead-and-100 nF supply; C10: drive bandpass in place of the drive low-pass; C8: 470 ohm series resistor at the /8 output and the /8 trace 15 to 25 mm from the CLK1 net (L5); option C9 (/4 prescaler) moves both lines out of the window but needs a REQ-TX-013 CR; C10: drive bandpass in place of the drive low-pass",/8 output x 7 (7/8 fc) on the trace: -77.6 to -54.5 dBm | /8 kickback sideband (7/8 fc): -67.1 to -47.1 dBm | mirror of /8 output x 9 (9/8 fc) on the trace: -75.1 to -51.2 dBm | mirror of /8 kickback sideband (9/8 fc): -61.8 to -41.8 dBm
PB,A4,144.05,128.8000,PWM comb,mirror of PWM 150.00 kHz x 1062,gva,True,-367.8,-333.0,-412.8,-378.0,pass,pass,"3.3 V GPIO, tr 2 to 5 ns, every 25th line of the comb shown","none needed (coherent 150 kHz comb, ADR-031 rule 3)",
PB,A4,144.05,129.3000,PWM comb,PWM 150.00 kHz x 862,gva,False,-376.8,-346.8,-421.8,-391.8,pass,pass,"3.3 V GPIO, tr 2 to 5 ns, every 25th line of the comb shown","none needed (coherent 150 kHz comb, ADR-031 rule 3)",
PB,A4,144.05,132.0000,RP2350 XOSC 12 MHz,3 coincident lines at 132.000 MHz (amplitude sum),gva,False,-99.9,-40.4,-144.9,-85.4,pass,pass,"on-die current into the Pico 2 PDN (0.1 to 0.5 ohm), path pdn_p 50 to 75 dB","C1 puts every on-die product on the 12 MHz grid (120, 132, 144, 156, 168 MHz); level: L1 to L3; cannot be moved (Pico 2 crystal); level: layout rules L1 to L3; tinySA sweep",XOSC 12 MHz x 11: -99.9 to -48.3 dBm | 1 x 96 + 3 x 12 MHz: -107.7 to -50.9 dBm | 2 x 96 - 5 x 12 MHz: -107.7 to -50.9 dBm
PB,A4,144.05,132.1000,RP2350 XOSC 12 MHz,3 coincident lines at 132.100 MHz (amplitude sum),gva,True,-105.9,-46.4,-150.9,-91.4,pass,pass,"on-die current into the Pico 2 PDN (0.1 to 0.5 ohm), path pdn_p 50 to 75 dB","C1 puts every on-die product on the 12 MHz grid (120, 132, 144, 156, 168 MHz); level: L1 to L3; cannot be moved (Pico 2 crystal); level: layout rules L1 to L3; tinySA sweep",mirror of XOSC 12 MHz x 13: -105.9 to -54.3 dBm | mirror of 1 x 96 + 5 x 12 MHz: -113.7 to -56.9 dBm | mirror of 2 x 96 - 3 x 12 MHz: -113.7 to -56.9 dBm
PB,A4,144.05,132.5500,PWM comb,mirror of PWM 150.00 kHz x 1037,gva,True,-110.7,-76.6,-155.7,-121.6,pass,pass,"3.3 V GPIO, tr 2 to 5 ns, every 25th line of the comb shown","none needed (coherent 150 kHz comb, ADR-031 rule 3)",
PB,A4,144.05,133.0500,PWM comb,PWM 150.00 kHz x 887,gva,False,-100.7,-70.3,-145.7,-115.3,pass,pass,"3.3 V GPIO, tr 2 to 5 ns, every 25th line of the comb shown","none needed (coherent 150 kHz comb, ADR-031 rule 3)",
PB,A4,144.05,135.0500,VGG / supply sidebands,"RP2350 core regulator (3 MHz typ) ripple on the GVA-84+ bias, fc - 3 x 3 MHz",rel,False,-80.6,-50.2,-125.6,-95.2,pass,pass,ripple 0.3 to 3 mV at the GVA-84+ Vcc,F3: GVA-84+ supply through a ferrite bead and 22 uF (ripple at most 3 mV at 1 to 10 MHz); derived requirement to WP-PDR-22 and WP-PDR-24,
PB,A4,144.05,136.3000,PWM comb,mirror of PWM 150.00 kHz x 1012,gva,True,-404.0,-370.7,-449.0,-415.7,pass,pass,"3.3 V GPIO, tr 2 to 5 ns, every 25th line of the comb shown","none needed (coherent 150 kHz comb, ADR-031 rule 3)",
PB,A4,144.05,136.8000,PWM comb,PWM 150.00 kHz x 912,gva,False,-358.3,-327.4,-403.3,-372.4,pass,pass,"3.3 V GPIO, tr 2 to 5 ns, every 25th line of the comb shown","none needed (coherent 150 kHz comb, ADR-031 rule 3)",
PB,A4,144.05,138.0500,VGG / supply sidebands,2 coincident lines at 138.050 MHz (amplitude sum),rel,False,-74.7,-40.7,-119.7,-85.7,pass,pass,ripple 0.3 to 3 mV at the GVA-84+ Vcc,F3: GVA-84+ supply through a ferrite bead and 22 uF (ripple at most 3 mV at 1 to 10 MHz); derived requirement to WP-PDR-22 and WP-PDR-24,"RT6150 (Pico 2, about 2 MHz, Low) ripple on the GVA-84+ bias, fc - 3 x 2 MHz: -80.7 to -50.2 dBm | RP2350 core regulator (3 MHz typ) ripple on the GVA-84+ bias, fc - 2 x 3 MHz: -74.7 to -44.2 dBm"
PB,A4,144.05,138.1000,Si5351 reference 25 MHz,2 coincident lines at 138.100 MHz (amplitude sum),pre,True,-43.8,-18.6,-88.8,-63.6,not shown,pass,no datasheet figure; below the -35 to -50 dBc output-to-output crosstalk reported for full-swing outputs (Low),"L4: TCXO output lead at most 10 mm and at least 8 mm from the CLK1 trace; C10: drive bandpass in place of the drive low-pass; cannot be moved (Si5351A reference 25 MHz, clock-plan rule 7); level: F1 Si5351 VDD filter; tinySA sweep; C10: drive bandpass in place of the drive low-pass","mirror of 25 MHz x 6, Si5351 on-die feedthrough to CLK1: -43.8 to -18.8 dBm | mirror of 25 MHz x 6, crystal node near CLK1: -85.9 to -51.8 dBm"
PB,A4,144.05,140.0500,VGG / supply sidebands,2 coincident lines at 140.050 MHz (amplitude sum),rel,False,-74.7,-44.0,-119.7,-89.0,pass,pass,ripple 0.3 to 3 mV at the GVA-84+ Vcc,"F3: GVA-84+ supply through a ferrite bead and 22 uF (ripple at most 3 mV at 1 to 10 MHz); derived requirement to WP-PDR-22 and WP-PDR-24; none needed (coherent 150 kHz comb, ADR-031 rule 3)","mirror of PWM 150.00 kHz x 987: -109.2 to -76.6 dBm | RT6150 (Pico 2, about 2 MHz, Low) ripple on the GVA-84+ bias, fc - 2 x 2 MHz: -74.7 to -44.2 dBm"
PB,A4,144.05,140.5500,PWM comb,PWM 150.00 kHz x 937,gva,False,-101.9,-70.4,-146.9,-115.4,pass,pass,"3.3 V GPIO, tr 2 to 5 ns, every 25th line of the comb shown","none needed (coherent 150 kHz comb, ADR-031 rule 3)",
PB,A4,144.05,141.0500,VGG / supply sidebands,"RP2350 core regulator (3 MHz typ) ripple on the GVA-84+ bias, fc - 1 x 3 MHz",rel,False,-68.7,-38.2,-113.7,-83.2,pass,pass,ripple 0.3 to 3 mV at the GVA-84+ Vcc,F3: GVA-84+ supply through a ferrite bead and 22 uF (ripple at most 3 mV at 1 to 10 MHz); derived requirement to WP-PDR-22 and WP-PDR-24,
PB,A4,144.05,142.0500,Si5351 PLL spurs,2 coincident lines at 142.050 MHz (amplitude sum),pre,False,-43.3,-21.9,-88.3,-66.9,not shown,pass,"PA3FWM tn42b: about -80 dBc in theory, measured worse (Low); offset depends on the fraction","C5: PLL A multiplier rule, fractional part not within 0.002 of an integer (firmware table check); tinySA sweep at the worst channel; C10: drive bandpass in place of the drive low-pass; F3: GVA-84+ supply through a ferrite bead and 22 uF (ripple at most 3 mV at 1 to 10 MHz); derived requirement to WP-PDR-22 and WP-PDR-24","fractional / integer-boundary spur fc -2 MHz (representative): -43.3 to -23.3 dBm | RT6150 (Pico 2, about 2 MHz, Low) ripple on the GVA-84+ bias, fc - 1 x 2 MHz: -68.7 to -38.2 dBm"
PB,A4,144.05,143.5500,Si5351 PLL spurs,fractional / integer-boundary spur fc -0.5 MHz (representative),pre,False,-43.1,-23.1,-88.1,-68.1,pass,pass,"PA3FWM tn42b: about -80 dBc in theory, measured worse (Low); offset depends on the fraction","C5: PLL A multiplier rule, fractional part not within 0.002 of an integer (firmware table check); tinySA sweep at the worst channel; C10: drive bandpass in place of the drive low-pass",
PB,A4,144.05,143.7500,VGG / supply sidebands,"envelope-reference PWM ripple, fc - 2 x 150 kHz",rel,False,-60.1,-41.0,-105.1,-86.0,pass,pass,"AM index m = 0.6/V x ripple; ripple 0.23 to 0.84 mV (2-pole RC, 1 to 3 kHz)",none needed; derived requirement to WP-PDR-22: PWM ripple at VGG at most 3.3 mV peak,
PB,A4,144.05,143.8000,PWM comb,mirror of PWM 150.00 kHz x 962,gva,True,-371.8,-339.7,-416.8,-384.7,pass,pass,"3.3 V GPIO, tr 2 to 5 ns, every 25th line of the comb shown","none needed (coherent 150 kHz comb, ADR-031 rule 3)",
PB,A4,144.05,143.9000,VGG / supply sidebands,"envelope-reference PWM ripple, fc - 1 x 150 kHz",rel,False,-54.1,-35.0,-99.1,-80.0,pass,pass,"AM index m = 0.6/V x ripple; ripple 0.23 to 0.84 mV (2-pole RC, 1 to 3 kHz)",none needed; derived requirement to WP-PDR-22: PWM ripple at VGG at most 3.3 mV peak,
PB,A4,144.05,144.0000,RP2350 XOSC 12 MHz,4 coincident lines at 144.000 MHz (amplitude sum),gva,False,-100.0,-40.4,-145.0,-85.4,pass,pass,"on-die current into the Pico 2 PDN (0.1 to 0.5 ohm), path pdn_p 50 to 75 dB","C1 puts every on-die product on the 12 MHz grid (120, 132, 144, 156, 168 MHz); level: L1 to L3; C2: clk_adc from PLL_SYS / 2 (AUXSRC CLKSRC_PLL_SYS, DIV 2) enabled only for conversion bursts (ENABLE bit); C3: PLL_USB powered down (PWR.PD, VCOPD) outside USB; cannot be moved (Pico 2 crystal); level: layout rules L1 to L3; tinySA sweep","XOSC 12 MHz x 12: -100.0 to -48.5 dBm | 1 x 96 + 4 x 12 MHz: -107.8 to -51.0 dBm | 2 x 96 - 4 x 12 MHz: -107.8 to -51.0 dBm | clk_adc 48 MHz x 3 (bursts, PLL_SYS / 2): -133.4 to -75.0 dBm"
PB,A4,144.05,144.1000,RP2350 XOSC 12 MHz,4 coincident lines at 144.100 MHz (amplitude sum),gva,True,-106.0,-46.4,-151.0,-91.4,pass,pass,"on-die current into the Pico 2 PDN (0.1 to 0.5 ohm), path pdn_p 50 to 75 dB","C1 puts every on-die product on the 12 MHz grid (120, 132, 144, 156, 168 MHz); level: L1 to L3; C2: clk_adc from PLL_SYS / 2 (AUXSRC CLKSRC_PLL_SYS, DIV 2) enabled only for conversion bursts (ENABLE bit); C3: PLL_USB powered down (PWR.PD, VCOPD) outside USB; cannot be moved (Pico 2 crystal); level: layout rules L1 to L3; tinySA sweep","mirror of XOSC 12 MHz x 12: -106.0 to -54.5 dBm | mirror of 1 x 96 + 4 x 12 MHz: -113.8 to -57.0 dBm | mirror of 2 x 96 - 4 x 12 MHz: -113.8 to -57.0 dBm | mirror of clk_adc 48 MHz x 3 (bursts, PLL_SYS / 2): -139.4 to -81.0 dBm"
PB,A4,144.05,144.2000,VGG / supply sidebands,"envelope-reference PWM ripple, fc + 1 x 150 kHz",rel,False,-54.1,-35.0,-99.1,-80.0,pass,pass,"AM index m = 0.6/V x ripple; ripple 0.23 to 0.84 mV (2-pole RC, 1 to 3 kHz)",none needed; derived requirement to WP-PDR-22: PWM ripple at VGG at most 3.3 mV peak,
PB,A4,144.05,144.3000,PWM comb,PWM 150.00 kHz x 962,gva,False,-365.8,-333.7,-410.8,-378.7,pass,pass,"3.3 V GPIO, tr 2 to 5 ns, every 25th line of the comb shown","none needed (coherent 150 kHz comb, ADR-031 rule 3)",
PB,A4,144.05,144.3500,VGG / supply sidebands,"envelope-reference PWM ripple, fc + 2 x 150 kHz",rel,False,-60.1,-41.0,-105.1,-86.0,pass,pass,"AM index m = 0.6/V x ripple; ripple 0.23 to 0.84 mV (2-pole RC, 1 to 3 kHz)",none needed; derived requirement to WP-PDR-22: PWM ripple at VGG at most 3.3 mV peak,
PB,A4,144.05,144.5500,Si5351 PLL spurs,fractional / integer-boundary spur fc +0.5 MHz (representative),pre,False,-43.0,-23.0,-88.0,-68.0,not shown,pass,"PA3FWM tn42b: about -80 dBc in theory, measured worse (Low); offset depends on the fraction","C5: PLL A multiplier rule, fractional part not within 0.002 of an integer (firmware table check); tinySA sweep at the worst channel; C10: drive bandpass in place of the drive low-pass",
PB,A4,144.05,146.0500,Si5351 PLL spurs,2 coincident lines at 146.050 MHz (amplitude sum),pre,False,-42.9,-21.5,-87.9,-66.5,not shown,pass,"PA3FWM tn42b: about -80 dBc in theory, measured worse (Low); offset depends on the fraction","C5: PLL A multiplier rule, fractional part not within 0.002 of an integer (firmware table check); tinySA sweep at the worst channel; C10: drive bandpass in place of the drive low-pass; F3: GVA-84+ supply through a ferrite bead and 22 uF (ripple at most 3 mV at 1 to 10 MHz); derived requirement to WP-PDR-22 and WP-PDR-24","fractional / integer-boundary spur fc +2 MHz (representative): -42.9 to -22.9 dBm | RT6150 (Pico 2, about 2 MHz, Low) ripple on the GVA-84+ bias, fc + 1 x 2 MHz: -68.7 to -38.3 dBm"
PB,A4,144.05,147.0500,VGG / supply sidebands,"RP2350 core regulator (3 MHz typ) ripple on the GVA-84+ bias, fc + 1 x 3 MHz",rel,False,-68.8,-38.3,-113.8,-83.3,pass,pass,ripple 0.3 to 3 mV at the GVA-84+ Vcc,F3: GVA-84+ supply through a ferrite bead and 22 uF (ripple at most 3 mV at 1 to 10 MHz); derived requirement to WP-PDR-22 and WP-PDR-24,
PB,A4,144.05,147.5500,PWM comb,mirror of PWM 150.00 kHz x 937,gva,True,-108.0,-76.5,-153.0,-121.5,pass,pass,"3.3 V GPIO, tr 2 to 5 ns, every 25th line of the comb shown","none needed (coherent 150 kHz comb, ADR-031 rule 3)",
PB,A4,144.05,148.0500,VGG / supply sidebands,2 coincident lines at 148.050 MHz (amplitude sum),rel,False,-74.8,-43.9,-119.8,-88.9,pass,pass,ripple 0.3 to 3 mV at the GVA-84+ Vcc,"F3: GVA-84+ supply through a ferrite bead and 22 uF (ripple at most 3 mV at 1 to 10 MHz); derived requirement to WP-PDR-22 and WP-PDR-24; none needed (coherent 150 kHz comb, ADR-031 rule 3)","PWM 150.00 kHz x 987: -103.3 to -70.7 dBm | RT6150 (Pico 2, about 2 MHz, Low) ripple on the GVA-84+ bias, fc + 2 x 2 MHz: -74.8 to -44.3 dBm"
PB,A4,144.05,150.0000,Si5351 reference 25 MHz,2 coincident lines at 150.000 MHz (amplitude sum),pre,False,-37.9,-12.7,-82.9,-57.7,not shown,not shown,no datasheet figure; below the -35 to -50 dBc output-to-output crosstalk reported for full-swing outputs (Low),"L4: TCXO output lead at most 10 mm and at least 8 mm from the CLK1 trace; C10: drive bandpass in place of the drive low-pass; cannot be moved (Si5351A reference 25 MHz, clock-plan rule 7); level: F1 Si5351 VDD filter; tinySA sweep; C10: drive bandpass in place of the drive low-pass","25 MHz x 6, Si5351 on-die feedthrough to CLK1: -37.9 to -12.9 dBm | 25 MHz x 6, crystal node near CLK1: -80.0 to -45.9 dBm"
PB,A4,144.05,150.0500,VGG / supply sidebands,2 coincident lines at 150.050 MHz (amplitude sum),rel,False,-74.8,-40.8,-119.8,-85.8,pass,pass,ripple 0.3 to 3 mV at the GVA-84+ Vcc,F3: GVA-84+ supply through a ferrite bead and 22 uF (ripple at most 3 mV at 1 to 10 MHz); derived requirement to WP-PDR-22 and WP-PDR-24,"RT6150 (Pico 2, about 2 MHz, Low) ripple on the GVA-84+ bias, fc + 3 x 2 MHz: -80.8 to -50.3 dBm | RP2350 core regulator (3 MHz typ) ripple on the GVA-84+ bias, fc + 2 x 3 MHz: -74.8 to -44.3 dBm"
PB,A4,144.05,151.3000,PWM comb,mirror of PWM 150.00 kHz x 912,gva,True,-364.5,-333.5,-409.5,-378.5,pass,pass,"3.3 V GPIO, tr 2 to 5 ns, every 25th line of the comb shown","none needed (coherent 150 kHz comb, ADR-031 rule 3)",
PB,A4,144.05,151.8000,PWM comb,PWM 150.00 kHz x 1012,gva,False,-398.1,-364.8,-443.1,-409.8,pass,pass,"3.3 V GPIO, tr 2 to 5 ns, every 25th line of the comb shown","none needed (coherent 150 kHz comb, ADR-031 rule 3)",
PB,A4,144.05,153.0500,VGG / supply sidebands,"RP2350 core regulator (3 MHz typ) ripple on the GVA-84+ bias, fc + 3 x 3 MHz",rel,False,-80.8,-50.3,-125.8,-95.3,pass,pass,ripple 0.3 to 3 mV at the GVA-84+ Vcc,F3: GVA-84+ supply through a ferrite bead and 22 uF (ripple at most 3 mV at 1 to 10 MHz); derived requirement to WP-PDR-22 and WP-PDR-24,
PB,A4,144.05,155.0500,PWM comb,mirror of PWM 150.00 kHz x 887,gva,True,-106.9,-76.4,-151.9,-121.4,pass,pass,"3.3 V GPIO, tr 2 to 5 ns, every 25th line of the comb shown","none needed (coherent 150 kHz comb, ADR-031 rule 3)",
PB,A4,144.05,155.5500,PWM comb,PWM 150.00 kHz x 1037,gva,False,-104.9,-70.8,-149.9,-115.8,pass,pass,"3.3 V GPIO, tr 2 to 5 ns, every 25th line of the comb shown","none needed (coherent 150 kHz comb, ADR-031 rule 3)",
PB,A4,144.05,156.0000,RP2350 XOSC 12 MHz,3 coincident lines at 156.000 MHz (amplitude sum),gva,False,-100.1,-40.6,-145.1,-85.6,pass,pass,"on-die current into the Pico 2 PDN (0.1 to 0.5 ohm), path pdn_p 50 to 75 dB","C1 puts every on-die product on the 12 MHz grid (120, 132, 144, 156, 168 MHz); level: L1 to L3; cannot be moved (Pico 2 crystal); level: layout rules L1 to L3; tinySA sweep",XOSC 12 MHz x 13: -100.1 to -48.5 dBm | 1 x 96 + 5 x 12 MHz: -107.9 to -51.1 dBm | 2 x 96 - 3 x 12 MHz: -107.9 to -51.1 dBm
PB,A4,144.05,156.1000,RP2350 XOSC 12 MHz,3 coincident lines at 156.100 MHz (amplitude sum),gva,True,-106.1,-46.6,-151.1,-91.6,pass,pass,"on-die current into the Pico 2 PDN (0.1 to 0.5 ohm), path pdn_p 50 to 75 dB","C1 puts every on-die product on the 12 MHz grid (120, 132, 144, 156, 168 MHz); level: L1 to L3; cannot be moved (Pico 2 crystal); level: layout rules L1 to L3; tinySA sweep",mirror of XOSC 12 MHz x 11: -106.1 to -54.5 dBm | mirror of 1 x 96 + 3 x 12 MHz: -113.9 to -57.1 dBm | mirror of 2 x 96 - 5 x 12 MHz: -113.9 to -57.1 dBm
PB,A4,144.05,158.8000,PWM comb,mirror of PWM 150.00 kHz x 862,gva,True,-383.1,-353.1,-428.1,-398.1,pass,pass,"3.3 V GPIO, tr 2 to 5 ns, every 25th line of the comb shown","none needed (coherent 150 kHz comb, ADR-031 rule 3)",
PB,A4,144.05,159.3000,PWM comb,PWM 150.00 kHz x 1062,gva,False,-362.0,-327.2,-407.0,-372.2,pass,pass,"3.3 V GPIO, tr 2 to 5 ns, every 25th line of the comb shown","none needed (coherent 150 kHz comb, ADR-031 rule 3)",
PB,A4,144.05,162.0563,/8 prescaler,4 coincident lines at 162.056 MHz (amplitude sum),pre,False,-56.1,-32.4,-101.1,-77.4,pass,pass,"330 ohm series tap (23 dB reverse isolation, derived) and separate supply per flip-flop","C7: prescaler fed through 330 ohm in series (after the 100 pF), each 74LVC1G80 on its own bead-and-100 nF supply; C10: drive bandpass in place of the drive low-pass; C8: 470 ohm series resistor at the /8 output and the /8 trace 15 to 25 mm from the CLK1 net (L5); option C9 (/4 prescaler) moves both lines out of the window but needs a REQ-TX-013 CR; C10: drive bandpass in place of the drive low-pass",mirror of /8 output x 7 (7/8 fc) on the trace: -84.0 to -60.9 dBm | mirror of /8 kickback sideband (7/8 fc): -73.4 to -53.4 dBm | /8 output x 9 (9/8 fc) on the trace: -69.4 to -45.5 dBm | /8 kickback sideband (9/8 fc): -56.1 to -36.1 dBm
PB,A4,144.05,162.5500,PWM comb,mirror of PWM 150.00 kHz x 837,gva,True,-106.0,-76.5,-151.0,-121.5,pass,pass,"3.3 V GPIO, tr 2 to 5 ns, every 25th line of the comb shown","none needed (coherent 150 kHz comb, ADR-031 rule 3)",
PB,A4,144.05,163.0500,PWM comb,PWM 150.00 kHz x 1087,gva,False,-106.8,-71.1,-151.8,-116.1,pass,pass,"3.3 V GPIO, tr 2 to 5 ns, every 25th line of the comb shown","none needed (coherent 150 kHz comb, ADR-031 rule 3)",
PB,A4,144.05,163.1000,Si5351 reference 25 MHz,2 coincident lines at 163.100 MHz (amplitude sum),pre,True,-61.5,-36.4,-106.5,-81.4,pass,pass,no datasheet figure; below the -35 to -50 dBc output-to-output crosstalk reported for full-swing outputs (Low),"L4: TCXO output lead at most 10 mm and at least 8 mm from the CLK1 trace; C10: drive bandpass in place of the drive low-pass; cannot be moved (Si5351A reference 25 MHz, clock-plan rule 7); level: F1 Si5351 VDD filter; tinySA sweep; C10: drive bandpass in place of the drive low-pass","mirror of 25 MHz x 5, Si5351 on-die feedthrough to CLK1: -61.5 to -36.5 dBm | mirror of 25 MHz x 5, crystal node near CLK1: -105.2 to -71.1 dBm"
PB,A4,144.05,166.3000,PWM comb,mirror of PWM 150.00 kHz x 812,gva,True,-370.8,-341.6,-415.8,-386.6,pass,pass,"3.3 V GPIO, tr 2 to 5 ns, every 25th line of the comb shown","none needed (coherent 150 kHz comb, ADR-031 rule 3)",
PB,A4,144.05,166.8000,PWM comb,PWM 150.00 kHz x 1112,gva,False,-369.9,-333.2,-414.9,-378.2,pass,pass,"3.3 V GPIO, tr 2 to 5 ns, every 25th line of the comb shown","none needed (coherent 150 kHz comb, ADR-031 rule 3)",
PB,A4,144.05,168.0000,RP2350 XOSC 12 MHz,3 coincident lines at 168.000 MHz (amplitude sum),gva,False,-100.7,-41.3,-145.7,-86.3,pass,pass,"on-die current into the Pico 2 PDN (0.1 to 0.5 ohm), path pdn_p 50 to 75 dB","C1 puts every on-die product on the 12 MHz grid (120, 132, 144, 156, 168 MHz); level: L1 to L3; cannot be moved (Pico 2 crystal); level: layout rules L1 to L3; tinySA sweep",XOSC 12 MHz x 14: -100.7 to -49.2 dBm | 1 x 96 + 6 x 12 MHz: -108.6 to -51.7 dBm | 2 x 96 - 2 x 12 MHz: -108.6 to -51.7 dBm
PB,A4,144.05,168.1000,RP2350 XOSC 12 MHz,3 coincident lines at 168.100 MHz (amplitude sum),gva,True,-106.7,-47.3,-151.7,-92.3,pass,pass,"on-die current into the Pico 2 PDN (0.1 to 0.5 ohm), path pdn_p 50 to 75 dB","C1 puts every on-die product on the 12 MHz grid (120, 132, 144, 156, 168 MHz); level: L1 to L3; cannot be moved (Pico 2 crystal); level: layout rules L1 to L3; tinySA sweep",mirror of XOSC 12 MHz x 10: -106.7 to -55.2 dBm | mirror of 1 x 96 + 2 x 12 MHz: -114.6 to -57.8 dBm | mirror of 2 x 96 - 6 x 12 MHz: -114.6 to -57.8 dBm
PB,A4,144.05,169.0500,Si5351 PLL spurs,PFD reference spur fc + 25 MHz,pre,False,-57.6,-37.6,-102.6,-82.6,pass,pass,"VCO spur at the 25 MHz PFD offset, divided by 6 (-15.6 dB) (Low)",level only (on-die PLL); tinySA sweep; C10: drive bandpass in place of the drive low-pass,
PB,A4,144.05,170.0500,PWM comb,mirror of PWM 150.00 kHz x 787,gva,True,-106.1,-77.3,-151.1,-122.3,pass,pass,"3.3 V GPIO, tr 2 to 5 ns, every 25th line of the comb shown","none needed (coherent 150 kHz comb, ADR-031 rule 3)",
PB,A4,144.05,170.5500,PWM comb,PWM 150.00 kHz x 1137,gva,False,-110.0,-72.3,-155.0,-117.3,pass,pass,"3.3 V GPIO, tr 2 to 5 ns, every 25th line of the comb shown","none needed (coherent 150 kHz comb, ADR-031 rule 3)",
PB,A4,144.05,174.3000,PWM comb,PWM 150.00 kHz x 1162,gva,False,-391.9,-353.0,-436.9,-398.0,pass,pass,"3.3 V GPIO, tr 2 to 5 ns, every 25th line of the comb shown","none needed (coherent 150 kHz comb, ADR-031 rule 3)",
PB,A4,144.05,175.0000,Si5351 reference 25 MHz,2 coincident lines at 175.000 MHz (amplitude sum),pre,False,-52.0,-26.8,-97.0,-71.8,pass,pass,no datasheet figure; below the -35 to -50 dBc output-to-output crosstalk reported for full-swing outputs (Low),"L4: TCXO output lead at most 10 mm and at least 8 mm from the CLK1 trace; C10: drive bandpass in place of the drive low-pass; cannot be moved (Si5351A reference 25 MHz, clock-plan rule 7); level: F1 Si5351 VDD filter; tinySA sweep; C10: drive bandpass in place of the drive low-pass","25 MHz x 7, Si5351 on-die feedthrough to CLK1: -52.0 to -27.0 dBm | 25 MHz x 7, crystal node near CLK1: -92.8 to -58.7 dBm"
PB,A4,146.0,118.0500,PWM comb,PWM 150.00 kHz x 787,gva,False,-98.8,-70.0,-143.8,-115.0,pass,pass,"3.3 V GPIO, tr 2 to 5 ns, every 25th line of the comb shown","none needed (coherent 150 kHz comb, ADR-031 rule 3)",
PB,A4,146.0,120.0000,RP2350 XOSC 12 MHz,3 coincident lines at 120.000 MHz (amplitude sum),gva,False,-99.8,-40.4,-144.8,-85.4,pass,pass,"on-die current into the Pico 2 PDN (0.1 to 0.5 ohm), path pdn_p 50 to 75 dB","C1 puts every on-die product on the 12 MHz grid (120, 132, 144, 156, 168 MHz); level: L1 to L3; cannot be moved (Pico 2 crystal); level: layout rules L1 to L3; tinySA sweep",XOSC 12 MHz x 10: -99.8 to -48.3 dBm | 1 x 96 + 2 x 12 MHz: -107.7 to -50.8 dBm | 2 x 96 - 6 x 12 MHz: -107.7 to -50.8 dBm
PB,A4,146.0,121.0000,Si5351 PLL spurs,PFD reference spur fc - 25 MHz,pre,False,-69.2,-49.2,-114.2,-94.2,pass,pass,"VCO spur at the 25 MHz PFD offset, divided by 6 (-15.6 dB) (Low)",level only (on-die PLL); tinySA sweep; C10: drive bandpass in place of the drive low-pass,
PB,A4,146.0,121.4500,PWM comb,mirror of PWM 150.00 kHz x 1137,gva,True,-114.6,-76.9,-159.6,-121.9,pass,pass,"3.3 V GPIO, tr 2 to 5 ns, every 25th line of the comb shown","none needed (coherent 150 kHz comb, ADR-031 rule 3)",
PB,A4,146.0,121.8000,PWM comb,PWM 150.00 kHz x 812,gva,False,-364.1,-334.9,-409.1,-379.9,pass,pass,"3.3 V GPIO, tr 2 to 5 ns, every 25th line of the comb shown","none needed (coherent 150 kHz comb, ADR-031 rule 3)",
PB,A4,146.0,124.0000,RP2350 XOSC 12 MHz,3 coincident lines at 124.000 MHz (amplitude sum),gva,True,-105.8,-46.4,-150.8,-91.4,pass,pass,"on-die current into the Pico 2 PDN (0.1 to 0.5 ohm), path pdn_p 50 to 75 dB","C1 puts every on-die product on the 12 MHz grid (120, 132, 144, 156, 168 MHz); level: L1 to L3; cannot be moved (Pico 2 crystal); level: layout rules L1 to L3; tinySA sweep",mirror of XOSC 12 MHz x 14: -105.8 to -54.3 dBm | mirror of 1 x 96 + 6 x 12 MHz: -113.7 to -56.8 dBm | mirror of 2 x 96 - 2 x 12 MHz: -113.7 to -56.8 dBm
PB,A4,146.0,125.0000,Si5351 reference 25 MHz,2 coincident lines at 125.000 MHz (amplitude sum),pre,False,-55.3,-30.1,-100.3,-75.1,pass,pass,no datasheet figure; below the -35 to -50 dBc output-to-output crosstalk reported for full-swing outputs (Low),"L4: TCXO output lead at most 10 mm and at least 8 mm from the CLK1 trace; C10: drive bandpass in place of the drive low-pass; cannot be moved (Si5351A reference 25 MHz, clock-plan rule 7); level: F1 Si5351 VDD filter; tinySA sweep; C10: drive bandpass in place of the drive low-pass","25 MHz x 5, Si5351 on-die feedthrough to CLK1: -55.3 to -30.3 dBm | 25 MHz x 5, crystal node near CLK1: -98.9 to -64.8 dBm"
PB,A4,146.0,125.2000,PWM comb,mirror of PWM 150.00 kHz x 1112,gva,True,-375.1,-338.5,-420.1,-383.5,pass,pass,"3.3 V GPIO, tr 2 to 5 ns, every 25th line of the comb shown","none needed (coherent 150 kHz comb, ADR-031 rule 3)",
PB,A4,146.0,125.5500,PWM comb,PWM 150.00 kHz x 837,gva,False,-99.7,-70.1,-144.7,-115.1,pass,pass,"3.3 V GPIO, tr 2 to 5 ns, every 25th line of the comb shown","none needed (coherent 150 kHz comb, ADR-031 rule 3)",
PB,A4,146.0,127.7500,/8 prescaler,4 coincident lines at 127.750 MHz (amplitude sum),pre,True,-63.2,-35.4,-108.2,-80.4,pass,pass,"330 ohm series tap (23 dB reverse isolation, derived) and separate supply per flip-flop","C7: prescaler fed through 330 ohm in series (after the 100 pF), each 74LVC1G80 on its own bead-and-100 nF supply; C10: drive bandpass in place of the drive low-pass; C8: 470 ohm series resistor at the /8 output and the /8 trace 15 to 25 mm from the CLK1 net (L5); option C9 (/4 prescaler) moves both lines out of the window but needs a REQ-TX-013 CR; C10: drive bandpass in place of the drive low-pass",/8 output x 7 (7/8 fc) on the trace: -75.9 to -52.8 dBm | /8 kickback sideband (7/8 fc): -65.3 to -45.3 dBm | mirror of /8 output x 9 (9/8 fc) on the trace: -76.6 to -52.6 dBm | mirror of /8 kickback sideband (9/8 fc): -63.2 to -43.2 dBm
PB,A4,146.0,128.9500,PWM comb,mirror of PWM 150.00 kHz x 1087,gva,True,-112.4,-76.7,-157.4,-121.7,pass,pass,"3.3 V GPIO, tr 2 to 5 ns, every 25th line of the comb shown","none needed (coherent 150 kHz comb, ADR-031 rule 3)",
PB,A4,146.0,129.3000,PWM comb,PWM 150.00 kHz x 862,gva,False,-376.8,-346.8,-421.8,-391.8,pass,pass,"3.3 V GPIO, tr 2 to 5 ns, every 25th line of the comb shown","none needed (coherent 150 kHz comb, ADR-031 rule 3)",
PB,A4,146.0,132.0000,RP2350 XOSC 12 MHz,3 coincident lines at 132.000 MHz (amplitude sum),gva,False,-99.8,-40.4,-144.8,-85.4,pass,pass,"on-die current into the Pico 2 PDN (0.1 to 0.5 ohm), path pdn_p 50 to 75 dB","C1 puts every on-die product on the 12 MHz grid (120, 132, 144, 156, 168 MHz); level: L1 to L3; cannot be moved (Pico 2 crystal); level: layout rules L1 to L3; tinySA sweep",XOSC 12 MHz x 11: -99.8 to -48.3 dBm | 1 x 96 + 3 x 12 MHz: -107.7 to -50.9 dBm | 2 x 96 - 5 x 12 MHz: -107.7 to -50.9 dBm
PB,A4,146.0,132.7000,PWM comb,mirror of PWM 150.00 kHz x 1062,gva,True,-367.8,-333.0,-412.8,-378.0,pass,pass,"3.3 V GPIO, tr 2 to 5 ns, every 25th line of the comb shown","none needed (coherent 150 kHz comb, ADR-031 rule 3)",
PB,A4,146.0,133.0500,PWM comb,PWM 150.00 kHz x 887,gva,False,-100.7,-70.2,-145.7,-115.2,pass,pass,"3.3 V GPIO, tr 2 to 5 ns, every 25th line of the comb shown","none needed (coherent 150 kHz comb, ADR-031 rule 3)",
PB,A4,146.0,136.0000,RP2350 XOSC 12 MHz,3 coincident lines at 136.000 MHz (amplitude sum),gva,True,-105.9,-46.4,-150.9,-91.4,pass,pass,"on-die current into the Pico 2 PDN (0.1 to 0.5 ohm), path pdn_p 50 to 75 dB","C1 puts every on-die product on the 12 MHz grid (120, 132, 144, 156, 168 MHz); level: L1 to L3; cannot be moved (Pico 2 crystal); level: layout rules L1 to L3; tinySA sweep",mirror of XOSC 12 MHz x 13: -105.9 to -54.3 dBm | mirror of 1 x 96 + 5 x 12 MHz: -113.7 to -56.9 dBm | mirror of 2 x 96 - 3 x 12 MHz: -113.7 to -56.9 dBm
PB,A4,146.0,136.4500,PWM comb,mirror of PWM 150.00 kHz x 1037,gva,True,-110.7,-76.7,-155.7,-121.7,pass,pass,"3.3 V GPIO, tr 2 to 5 ns, every 25th line of the comb shown","none needed (coherent 150 kHz comb, ADR-031 rule 3)",
PB,A4,146.0,136.8000,PWM comb,PWM 150.00 kHz x 912,gva,False,-358.3,-327.3,-403.3,-372.3,pass,pass,"3.3 V GPIO, tr 2 to 5 ns, every 25th line of the comb shown","none needed (coherent 150 kHz comb, ADR-031 rule 3)",
PB,A4,146.0,137.0000,VGG / supply sidebands,"RP2350 core regulator (3 MHz typ) ripple on the GVA-84+ bias, fc - 3 x 3 MHz",rel,False,-80.6,-50.2,-125.6,-95.2,pass,pass,ripple 0.3 to 3 mV at the GVA-84+ Vcc,F3: GVA-84+ supply through a ferrite bead and 22 uF (ripple at most 3 mV at 1 to 10 MHz); derived requirement to WP-PDR-22 and WP-PDR-24,
PB,A4,146.0,140.0000,VGG / supply sidebands,2 coincident lines at 140.000 MHz (amplitude sum),rel,False,-74.7,-40.7,-119.7,-85.7,pass,pass,ripple 0.3 to 3 mV at the GVA-84+ Vcc,F3: GVA-84+ supply through a ferrite bead and 22 uF (ripple at most 3 mV at 1 to 10 MHz); derived requirement to WP-PDR-22 and WP-PDR-24,"RT6150 (Pico 2, about 2 MHz, Low) ripple on the GVA-84+ bias, fc - 3 x 2 MHz: -80.7 to -50.2 dBm | RP2350 core regulator (3 MHz typ) ripple on the GVA-84+ bias, fc - 2 x 3 MHz: -74.7 to -44.2 dBm"
PB,A4,146.0,140.2000,PWM comb,mirror of PWM 150.00 kHz x 1012,gva,True,-404.0,-370.7,-449.0,-415.7,pass,pass,"3.3 V GPIO, tr 2 to 5 ns, every 25th line of the comb shown","none needed (coherent 150 kHz comb, ADR-031 rule 3)",
PB,A4,146.0,140.5500,PWM comb,PWM 150.00 kHz x 937,gva,False,-101.9,-70.4,-146.9,-115.4,pass,pass,"3.3 V GPIO, tr 2 to 5 ns, every 25th line of the comb shown","none needed (coherent 150 kHz comb, ADR-031 rule 3)",
PB,A4,146.0,142.0000,Si5351 reference 25 MHz,3 coincident lines at 142.000 MHz (amplitude sum),pre,True,-44.0,-18.3,-89.0,-63.3,not shown,pass,no datasheet figure; below the -35 to -50 dBc output-to-output crosstalk reported for full-swing outputs (Low),"F3: GVA-84+ supply through a ferrite bead and 22 uF (ripple at most 3 mV at 1 to 10 MHz); derived requirement to WP-PDR-22 and WP-PDR-24; L4: TCXO output lead at most 10 mm and at least 8 mm from the CLK1 trace; C10: drive bandpass in place of the drive low-pass; cannot be moved (Si5351A reference 25 MHz, clock-plan rule 7); level: F1 Si5351 VDD filter; tinySA sweep; C10: drive bandpass in place of the drive low-pass","mirror of 25 MHz x 6, Si5351 on-die feedthrough to CLK1: -44.0 to -19.0 dBm | mirror of 25 MHz x 6, crystal node near CLK1: -86.1 to -52.0 dBm | RT6150 (Pico 2, about 2 MHz, Low) ripple on the GVA-84+ bias, fc - 2 x 2 MHz: -74.7 to -44.2 dBm"
PB,A4,146.0,143.0000,VGG / supply sidebands,"RP2350 core regulator (3 MHz typ) ripple on the GVA-84+ bias, fc - 1 x 3 MHz",rel,False,-68.7,-38.2,-113.7,-83.2,pass,pass,ripple 0.3 to 3 mV at the GVA-84+ Vcc,F3: GVA-84+ supply through a ferrite bead and 22 uF (ripple at most 3 mV at 1 to 10 MHz); derived requirement to WP-PDR-22 and WP-PDR-24,
PB,A4,146.0,143.9500,PWM comb,mirror of PWM 150.00 kHz x 987,gva,True,-109.3,-76.6,-154.3,-121.6,pass,pass,"3.3 V GPIO, tr 2 to 5 ns, every 25th line of the comb shown","none needed (coherent 150 kHz comb, ADR-031 rule 3)",
PB,A4,146.0,144.0000,Si5351 PLL spurs,6 coincident lines at 144.000 MHz (amplitude sum),pre,False,-43.1,-20.8,-88.1,-65.8,not shown,pass,"PA3FWM tn42b: about -80 dBc in theory, measured worse (Low); offset depends on the fraction","C1 puts every on-die product on the 12 MHz grid (120, 132, 144, 156, 168 MHz); level: L1 to L3; C2: clk_adc from PLL_SYS / 2 (AUXSRC CLKSRC_PLL_SYS, DIV 2) enabled only for conversion bursts (ENABLE bit); C3: PLL_USB powered down (PWR.PD, VCOPD) outside USB; C5: PLL A multiplier rule, fractional part not within 0.002 of an integer (firmware table check); tinySA sweep at the worst channel; C10: drive bandpass in place of the drive low-pass; F3: GVA-84+ supply through a ferrite bead and 22 uF (ripple at most 3 mV at 1 to 10 MHz); derived requirement to WP-PDR-22 and WP-PDR-24; cannot be moved (Pico 2 crystal); level: layout rules L1 to L3; tinySA sweep","XOSC 12 MHz x 12: -100.0 to -48.4 dBm | 1 x 96 + 4 x 12 MHz: -107.8 to -51.0 dBm | 2 x 96 - 4 x 12 MHz: -107.8 to -51.0 dBm | clk_adc 48 MHz x 3 (bursts, PLL_SYS / 2): -133.4 to -75.0 dBm | fractional / integer-boundary spur fc -2 MHz (representative): -43.1 to -23.1 dBm | RT6150 (Pico 2, about 2 MHz, Low) ripple on the GVA-84+ bias, fc - 1 x 2 MHz: -68.7 to -38.2 dBm"
PB,A4,146.0,144.3000,PWM comb,PWM 150.00 kHz x 962,gva,False,-365.7,-333.7,-410.7,-378.7,pass,pass,"3.3 V GPIO, tr 2 to 5 ns, every 25th line of the comb shown","none needed (coherent 150 kHz comb, ADR-031 rule 3)",
PB,A4,146.0,145.5000,Si5351 PLL spurs,fractional / integer-boundary spur fc -0.5 MHz (representative),pre,False,-43.0,-23.0,-88.0,-68.0,pass,pass,"PA3FWM tn42b: about -80 dBc in theory, measured worse (Low); offset depends on the fraction","C5: PLL A multiplier rule, fractional part not within 0.002 of an integer (firmware table check); tinySA sweep at the worst channel; C10: drive bandpass in place of the drive low-pass",
PB,A4,146.0,145.7000,VGG / supply sidebands,"envelope-reference PWM ripple, fc - 2 x 150 kHz",rel,False,-60.1,-41.0,-105.1,-86.0,pass,pass,"AM index m = 0.6/V x ripple; ripple 0.23 to 0.84 mV (2-pole RC, 1 to 3 kHz)",none needed; derived requirement to WP-PDR-22: PWM ripple at VGG at most 3.3 mV peak,
PB,A4,146.0,145.8500,VGG / supply sidebands,"envelope-reference PWM ripple, fc - 1 x 150 kHz",rel,False,-54.1,-35.0,-99.1,-80.0,pass,pass,"AM index m = 0.6/V x ripple; ripple 0.23 to 0.84 mV (2-pole RC, 1 to 3 kHz)",none needed; derived requirement to WP-PDR-22: PWM ripple at VGG at most 3.3 mV peak,
PB,A4,146.0,146.1500,VGG / supply sidebands,"envelope-reference PWM ripple, fc + 1 x 150 kHz",rel,False,-54.1,-35.0,-99.1,-80.0,pass,pass,"AM index m = 0.6/V x ripple; ripple 0.23 to 0.84 mV (2-pole RC, 1 to 3 kHz)",none needed; derived requirement to WP-PDR-22: PWM ripple at VGG at most 3.3 mV peak,
PB,A4,146.0,146.3000,VGG / supply sidebands,"envelope-reference PWM ripple, fc + 2 x 150 kHz",rel,False,-60.1,-41.0,-105.1,-86.0,pass,pass,"AM index m = 0.6/V x ripple; ripple 0.23 to 0.84 mV (2-pole RC, 1 to 3 kHz)",none needed; derived requirement to WP-PDR-22: PWM ripple at VGG at most 3.3 mV peak,
PB,A4,146.0,146.5000,Si5351 PLL spurs,fractional / integer-boundary spur fc +0.5 MHz (representative),pre,False,-43.0,-23.0,-88.0,-68.0,not shown,pass,"PA3FWM tn42b: about -80 dBc in theory, measured worse (Low); offset depends on the fraction","C5: PLL A multiplier rule, fractional part not within 0.002 of an integer (firmware table check); tinySA sweep at the worst channel; C10: drive bandpass in place of the drive low-pass",
PB,A4,146.0,147.7000,PWM comb,mirror of PWM 150.00 kHz x 962,gva,True,-371.8,-339.7,-416.8,-384.7,pass,pass,"3.3 V GPIO, tr 2 to 5 ns, every 25th line of the comb shown","none needed (coherent 150 kHz comb, ADR-031 rule 3)",
PB,A4,146.0,148.0000,Si5351 PLL spurs,6 coincident lines at 148.000 MHz (amplitude sum),pre,False,-43.0,-21.1,-88.0,-66.1,not shown,pass,"PA3FWM tn42b: about -80 dBc in theory, measured worse (Low); offset depends on the fraction","C1 puts every on-die product on the 12 MHz grid (120, 132, 144, 156, 168 MHz); level: L1 to L3; C2: clk_adc from PLL_SYS / 2 (AUXSRC CLKSRC_PLL_SYS, DIV 2) enabled only for conversion bursts (ENABLE bit); C3: PLL_USB powered down (PWR.PD, VCOPD) outside USB; C5: PLL A multiplier rule, fractional part not within 0.002 of an integer (firmware table check); tinySA sweep at the worst channel; C10: drive bandpass in place of the drive low-pass; F3: GVA-84+ supply through a ferrite bead and 22 uF (ripple at most 3 mV at 1 to 10 MHz); derived requirement to WP-PDR-22 and WP-PDR-24; cannot be moved (Pico 2 crystal); level: layout rules L1 to L3; tinySA sweep","mirror of XOSC 12 MHz x 12: -106.0 to -54.5 dBm | mirror of 1 x 96 + 4 x 12 MHz: -113.9 to -57.0 dBm | mirror of 2 x 96 - 4 x 12 MHz: -113.9 to -57.0 dBm | mirror of clk_adc 48 MHz x 3 (bursts, PLL_SYS / 2): -139.5 to -81.0 dBm | fractional / integer-boundary spur fc +2 MHz (representative): -43.0 to -23.0 dBm | RT6150 (Pico 2, about 2 MHz, Low) ripple on the GVA-84+ bias, fc + 1 x 2 MHz: -68.7 to -38.3 dBm"
PB,A4,146.0,148.0500,PWM comb,PWM 150.00 kHz x 987,gva,False,-103.3,-70.6,-148.3,-115.6,pass,pass,"3.3 V GPIO, tr 2 to 5 ns, every 25th line of the comb shown","none needed (coherent 150 kHz comb, ADR-031 rule 3)",
PB,A4,146.0,149.0000,VGG / supply sidebands,"RP2350 core regulator (3 MHz typ) ripple on the GVA-84+ bias, fc + 1 x 3 MHz",rel,False,-68.7,-38.3,-113.7,-83.3,pass,pass,ripple 0.3 to 3 mV at the GVA-84+ Vcc,F3: GVA-84+ supply through a ferrite bead and 22 uF (ripple at most 3 mV at 1 to 10 MHz); derived requirement to WP-PDR-22 and WP-PDR-24,
PB,A4,146.0,150.0000,Si5351 reference 25 MHz,3 coincident lines at 150.000 MHz (amplitude sum),pre,False,-38.1,-12.6,-83.1,-57.6,not shown,not shown,no datasheet figure; below the -35 to -50 dBc output-to-output crosstalk reported for full-swing outputs (Low),"F3: GVA-84+ supply through a ferrite bead and 22 uF (ripple at most 3 mV at 1 to 10 MHz); derived requirement to WP-PDR-22 and WP-PDR-24; L4: TCXO output lead at most 10 mm and at least 8 mm from the CLK1 trace; C10: drive bandpass in place of the drive low-pass; cannot be moved (Si5351A reference 25 MHz, clock-plan rule 7); level: F1 Si5351 VDD filter; tinySA sweep; C10: drive bandpass in place of the drive low-pass","25 MHz x 6, Si5351 on-die feedthrough to CLK1: -38.1 to -13.1 dBm | 25 MHz x 6, crystal node near CLK1: -80.1 to -46.0 dBm | RT6150 (Pico 2, about 2 MHz, Low) ripple on the GVA-84+ bias, fc + 2 x 2 MHz: -74.8 to -44.3 dBm"
PB,A4,146.0,151.4500,PWM comb,mirror of PWM 150.00 kHz x 937,gva,True,-108.0,-76.5,-153.0,-121.5,pass,pass,"3.3 V GPIO, tr 2 to 5 ns, every 25th line of the comb shown","none needed (coherent 150 kHz comb, ADR-031 rule 3)",
PB,A4,146.0,151.8000,PWM comb,PWM 150.00 kHz x 1012,gva,False,-398.1,-364.8,-443.1,-409.8,pass,pass,"3.3 V GPIO, tr 2 to 5 ns, every 25th line of the comb shown","none needed (coherent 150 kHz comb, ADR-031 rule 3)",
PB,A4,146.0,152.0000,VGG / supply sidebands,2 coincident lines at 152.000 MHz (amplitude sum),rel,False,-74.8,-40.8,-119.8,-85.8,pass,pass,ripple 0.3 to 3 mV at the GVA-84+ Vcc,F3: GVA-84+ supply through a ferrite bead and 22 uF (ripple at most 3 mV at 1 to 10 MHz); derived requirement to WP-PDR-22 and WP-PDR-24,"RT6150 (Pico 2, about 2 MHz, Low) ripple on the GVA-84+ bias, fc + 3 x 2 MHz: -80.8 to -50.3 dBm | RP2350 core regulator (3 MHz typ) ripple on the GVA-84+ bias, fc + 2 x 3 MHz: -74.8 to -44.3 dBm"
PB,A4,146.0,155.0000,VGG / supply sidebands,"RP2350 core regulator (3 MHz typ) ripple on the GVA-84+ bias, fc + 3 x 3 MHz",rel,False,-80.8,-50.3,-125.8,-95.3,pass,pass,ripple 0.3 to 3 mV at the GVA-84+ Vcc,F3: GVA-84+ supply through a ferrite bead and 22 uF (ripple at most 3 mV at 1 to 10 MHz); derived requirement to WP-PDR-22 and WP-PDR-24,
PB,A4,146.0,155.2000,PWM comb,mirror of PWM 150.00 kHz x 912,gva,True,-364.5,-333.5,-409.5,-378.5,pass,pass,"3.3 V GPIO, tr 2 to 5 ns, every 25th line of the comb shown","none needed (coherent 150 kHz comb, ADR-031 rule 3)",
PB,A4,146.0,155.5500,PWM comb,PWM 150.00 kHz x 1037,gva,False,-104.9,-70.8,-149.9,-115.8,pass,pass,"3.3 V GPIO, tr 2 to 5 ns, every 25th line of the comb shown","none needed (coherent 150 kHz comb, ADR-031 rule 3)",
PB,A4,146.0,156.0000,RP2350 XOSC 12 MHz,3 coincident lines at 156.000 MHz (amplitude sum),gva,False,-100.0,-40.6,-145.0,-85.6,pass,pass,"on-die current into the Pico 2 PDN (0.1 to 0.5 ohm), path pdn_p 50 to 75 dB","C1 puts every on-die product on the 12 MHz grid (120, 132, 144, 156, 168 MHz); level: L1 to L3; cannot be moved (Pico 2 crystal); level: layout rules L1 to L3; tinySA sweep",XOSC 12 MHz x 13: -100.0 to -48.5 dBm | 1 x 96 + 5 x 12 MHz: -107.9 to -51.1 dBm | 2 x 96 - 3 x 12 MHz: -107.9 to -51.1 dBm
PB,A4,146.0,158.9500,PWM comb,mirror of PWM 150.00 kHz x 887,gva,True,-106.9,-76.5,-151.9,-121.5,pass,pass,"3.3 V GPIO, tr 2 to 5 ns, every 25th line of the comb shown","none needed (coherent 150 kHz comb, ADR-031 rule 3)",
PB,A4,146.0,159.3000,PWM comb,PWM 150.00 kHz x 1062,gva,False,-362.0,-327.2,-407.0,-372.2,pass,pass,"3.3 V GPIO, tr 2 to 5 ns, every 25th line of the comb shown","none needed (coherent 150 kHz comb, ADR-031 rule 3)",
PB,A4,146.0,160.0000,RP2350 XOSC 12 MHz,3 coincident lines at 160.000 MHz (amplitude sum),gva,True,-106.1,-46.6,-151.1,-91.6,pass,pass,"on-die current into the Pico 2 PDN (0.1 to 0.5 ohm), path pdn_p 50 to 75 dB","C1 puts every on-die product on the 12 MHz grid (120, 132, 144, 156, 168 MHz); level: L1 to L3; cannot be moved (Pico 2 crystal); level: layout rules L1 to L3; tinySA sweep",mirror of XOSC 12 MHz x 11: -106.1 to -54.6 dBm | mirror of 1 x 96 + 3 x 12 MHz: -113.9 to -57.1 dBm | mirror of 2 x 96 - 5 x 12 MHz: -113.9 to -57.1 dBm
PB,A4,146.0,162.7000,PWM comb,mirror of PWM 150.00 kHz x 862,gva,True,-383.1,-353.1,-428.1,-398.1,pass,pass,"3.3 V GPIO, tr 2 to 5 ns, every 25th line of the comb shown","none needed (coherent 150 kHz comb, ADR-031 rule 3)",
PB,A4,146.0,163.0500,PWM comb,PWM 150.00 kHz x 1087,gva,False,-106.8,-71.1,-151.8,-116.1,pass,pass,"3.3 V GPIO, tr 2 to 5 ns, every 25th line of the comb shown","none needed (coherent 150 kHz comb, ADR-031 rule 3)",
PB,A4,146.0,164.2500,/8 prescaler,4 coincident lines at 164.250 MHz (amplitude sum),pre,False,-57.6,-33.4,-102.6,-78.4,pass,pass,"330 ohm series tap (23 dB reverse isolation, derived) and separate supply per flip-flop","C7: prescaler fed through 330 ohm in series (after the 100 pF), each 74LVC1G80 on its own bead-and-100 nF supply; C10: drive bandpass in place of the drive low-pass; C8: 470 ohm series resistor at the /8 output and the /8 trace 15 to 25 mm from the CLK1 net (L5); option C9 (/4 prescaler) moves both lines out of the window but needs a REQ-TX-013 CR; C10: drive bandpass in place of the drive low-pass",mirror of /8 output x 7 (7/8 fc) on the trace: -82.3 to -59.2 dBm | mirror of /8 kickback sideband (7/8 fc): -71.8 to -51.8 dBm | /8 output x 9 (9/8 fc) on the trace: -71.0 to -47.0 dBm | /8 kickback sideband (9/8 fc): -57.6 to -37.6 dBm
PB,A4,146.0,166.4500,PWM comb,mirror of PWM 150.00 kHz x 837,gva,True,-106.3,-76.7,-151.3,-121.7,pass,pass,"3.3 V GPIO, tr 2 to 5 ns, every 25th line of the comb shown","none needed (coherent 150 kHz comb, ADR-031 rule 3)",
PB,A4,146.0,166.8000,PWM comb,PWM 150.00 kHz x 1112,gva,False,-369.9,-333.2,-414.9,-378.2,pass,pass,"3.3 V GPIO, tr 2 to 5 ns, every 25th line of the comb shown","none needed (coherent 150 kHz comb, ADR-031 rule 3)",
PB,A4,146.0,167.0000,Si5351 reference 25 MHz,2 coincident lines at 167.000 MHz (amplitude sum),pre,True,-62.0,-36.8,-107.0,-81.8,pass,pass,no datasheet figure; below the -35 to -50 dBc output-to-output crosstalk reported for full-swing outputs (Low),"L4: TCXO output lead at most 10 mm and at least 8 mm from the CLK1 trace; C10: drive bandpass in place of the drive low-pass; cannot be moved (Si5351A reference 25 MHz, clock-plan rule 7); level: F1 Si5351 VDD filter; tinySA sweep; C10: drive bandpass in place of the drive low-pass","mirror of 25 MHz x 5, Si5351 on-die feedthrough to CLK1: -62.0 to -37.0 dBm | mirror of 25 MHz x 5, crystal node near CLK1: -105.7 to -71.6 dBm"
PB,A4,146.0,168.0000,RP2350 XOSC 12 MHz,3 coincident lines at 168.000 MHz (amplitude sum),gva,False,-100.7,-41.2,-145.7,-86.2,pass,pass,"on-die current into the Pico 2 PDN (0.1 to 0.5 ohm), path pdn_p 50 to 75 dB","C1 puts every on-die product on the 12 MHz grid (120, 132, 144, 156, 168 MHz); level: L1 to L3; cannot be moved (Pico 2 crystal); level: layout rules L1 to L3; tinySA sweep",XOSC 12 MHz x 14: -100.7 to -49.2 dBm | 1 x 96 + 6 x 12 MHz: -108.6 to -51.7 dBm | 2 x 96 - 2 x 12 MHz: -108.6 to -51.7 dBm
PB,A4,146.0,170.2000,PWM comb,mirror of PWM 150.00 kHz x 812,gva,True,-371.4,-342.3,-416.4,-387.3,pass,pass,"3.3 V GPIO, tr 2 to 5 ns, every 25th line of the comb shown","none needed (coherent 150 kHz comb, ADR-031 rule 3)",
PB,A4,146.0,170.5500,PWM comb,PWM 150.00 kHz x 1137,gva,False,-110.0,-72.3,-155.0,-117.3,pass,pass,"3.3 V GPIO, tr 2 to 5 ns, every 25th line of the comb shown","none needed (coherent 150 kHz comb, ADR-031 rule 3)",
PB,A4,146.0,171.0000,Si5351 PLL spurs,PFD reference spur fc + 25 MHz,pre,False,-59.1,-39.1,-104.1,-84.1,pass,pass,"VCO spur at the 25 MHz PFD offset, divided by 6 (-15.6 dB) (Low)",level only (on-die PLL); tinySA sweep; C10: drive bandpass in place of the drive low-pass,
PB,A4,146.0,172.0000,RP2350 XOSC 12 MHz,3 coincident lines at 172.000 MHz (amplitude sum),gva,True,-107.6,-48.2,-152.6,-93.2,pass,pass,"on-die current into the Pico 2 PDN (0.1 to 0.5 ohm), path pdn_p 50 to 75 dB","C1 puts every on-die product on the 12 MHz grid (120, 132, 144, 156, 168 MHz); level: L1 to L3; cannot be moved (Pico 2 crystal); level: layout rules L1 to L3; tinySA sweep",mirror of XOSC 12 MHz x 10: -107.6 to -56.1 dBm | mirror of 1 x 96 + 2 x 12 MHz: -115.5 to -58.7 dBm | mirror of 2 x 96 - 6 x 12 MHz: -115.5 to -58.7 dBm
PB,A4,146.0,173.9500,PWM comb,mirror of PWM 150.00 kHz x 787,gva,True,-107.2,-78.5,-152.2,-123.5,pass,pass,"3.3 V GPIO, tr 2 to 5 ns, every 25th line of the comb shown","none needed (coherent 150 kHz comb, ADR-031 rule 3)",
PB,A4,146.0,174.3000,PWM comb,PWM 150.00 kHz x 1162,gva,False,-391.9,-353.0,-436.9,-398.0,pass,pass,"3.3 V GPIO, tr 2 to 5 ns, every 25th line of the comb shown","none needed (coherent 150 kHz comb, ADR-031 rule 3)",
PB,A4,146.0,175.0000,Si5351 reference 25 MHz,2 coincident lines at 175.000 MHz (amplitude sum),pre,False,-52.1,-26.9,-97.1,-71.9,pass,pass,no datasheet figure; below the -35 to -50 dBc output-to-output crosstalk reported for full-swing outputs (Low),"L4: TCXO output lead at most 10 mm and at least 8 mm from the CLK1 trace; C10: drive bandpass in place of the drive low-pass; cannot be moved (Si5351A reference 25 MHz, clock-plan rule 7); level: F1 Si5351 VDD filter; tinySA sweep; C10: drive bandpass in place of the drive low-pass","25 MHz x 7, Si5351 on-die feedthrough to CLK1: -52.1 to -27.1 dBm | 25 MHz x 7, crystal node near CLK1: -92.9 to -58.8 dBm"
PB,A4,147.95,118.0500,PWM comb,PWM 150.00 kHz x 787,gva,False,-98.7,-70.0,-143.7,-115.0,pass,pass,"3.3 V GPIO, tr 2 to 5 ns, every 25th line of the comb shown","none needed (coherent 150 kHz comb, ADR-031 rule 3)",
PB,A4,147.95,120.0000,RP2350 XOSC 12 MHz,3 coincident lines at 120.000 MHz (amplitude sum),gva,False,-99.8,-40.3,-144.8,-85.3,pass,pass,"on-die current into the Pico 2 PDN (0.1 to 0.5 ohm), path pdn_p 50 to 75 dB","C1 puts every on-die product on the 12 MHz grid (120, 132, 144, 156, 168 MHz); level: L1 to L3; cannot be moved (Pico 2 crystal); level: layout rules L1 to L3; tinySA sweep",XOSC 12 MHz x 10: -99.8 to -48.3 dBm | 1 x 96 + 2 x 12 MHz: -107.7 to -50.8 dBm | 2 x 96 - 6 x 12 MHz: -107.7 to -50.8 dBm
PB,A4,147.95,120.9000,Si5351 reference 25 MHz,2 coincident lines at 120.900 MHz (amplitude sum),pre,True,-55.3,-30.0,-100.3,-75.0,pass,pass,no datasheet figure; below the -35 to -50 dBc output-to-output crosstalk reported for full-swing outputs (Low),"L4: TCXO output lead at most 10 mm and at least 8 mm from the CLK1 trace; C10: drive bandpass in place of the drive low-pass; cannot be moved (Si5351A reference 25 MHz, clock-plan rule 7); level: F1 Si5351 VDD filter; tinySA sweep; C10: drive bandpass in place of the drive low-pass","mirror of 25 MHz x 7, Si5351 on-die feedthrough to CLK1: -55.3 to -30.3 dBm | mirror of 25 MHz x 7, crystal node near CLK1: -96.0 to -61.9 dBm"
PB,A4,147.95,121.6000,PWM comb,mirror of PWM 150.00 kHz x 1162,gva,True,-395.2,-356.3,-440.2,-401.3,pass,pass,"3.3 V GPIO, tr 2 to 5 ns, every 25th line of the comb shown","none needed (coherent 150 kHz comb, ADR-031 rule 3)",
PB,A4,147.95,121.8000,PWM comb,PWM 150.00 kHz x 812,gva,False,-364.1,-334.9,-409.1,-379.9,pass,pass,"3.3 V GPIO, tr 2 to 5 ns, every 25th line of the comb shown","none needed (coherent 150 kHz comb, ADR-031 rule 3)",
PB,A4,147.95,122.9500,Si5351 PLL spurs,PFD reference spur fc - 25 MHz,pre,False,-67.4,-47.4,-112.4,-92.4,pass,pass,"VCO spur at the 25 MHz PFD offset, divided by 6 (-15.6 dB) (Low)",level only (on-die PLL); tinySA sweep; C10: drive bandpass in place of the drive low-pass,
PB,A4,147.95,125.0000,Si5351 reference 25 MHz,2 coincident lines at 125.000 MHz (amplitude sum),pre,False,-55.3,-30.1,-100.3,-75.1,pass,pass,no datasheet figure; below the -35 to -50 dBc output-to-output crosstalk reported for full-swing outputs (Low),"L4: TCXO output lead at most 10 mm and at least 8 mm from the CLK1 trace; C10: drive bandpass in place of the drive low-pass; cannot be moved (Si5351A reference 25 MHz, clock-plan rule 7); level: F1 Si5351 VDD filter; tinySA sweep; C10: drive bandpass in place of the drive low-pass","25 MHz x 5, Si5351 on-die feedthrough to CLK1: -55.3 to -30.3 dBm | 25 MHz x 5, crystal node near CLK1: -98.9 to -64.8 dBm"
PB,A4,147.95,125.3500,PWM comb,mirror of PWM 150.00 kHz x 1137,gva,True,-114.6,-76.9,-159.6,-121.9,pass,pass,"3.3 V GPIO, tr 2 to 5 ns, every 25th line of the comb shown","none needed (coherent 150 kHz comb, ADR-031 rule 3)",
PB,A4,147.95,125.5500,PWM comb,PWM 150.00 kHz x 837,gva,False,-99.6,-70.1,-144.6,-115.1,pass,pass,"3.3 V GPIO, tr 2 to 5 ns, every 25th line of the comb shown","none needed (coherent 150 kHz comb, ADR-031 rule 3)",
PB,A4,147.95,127.9000,RP2350 XOSC 12 MHz,3 coincident lines at 127.900 MHz (amplitude sum),gva,True,-105.8,-46.3,-150.8,-91.3,pass,pass,"on-die current into the Pico 2 PDN (0.1 to 0.5 ohm), path pdn_p 50 to 75 dB","C1 puts every on-die product on the 12 MHz grid (120, 132, 144, 156, 168 MHz); level: L1 to L3; cannot be moved (Pico 2 crystal); level: layout rules L1 to L3; tinySA sweep",mirror of XOSC 12 MHz x 14: -105.8 to -54.3 dBm | mirror of 1 x 96 + 6 x 12 MHz: -113.7 to -56.8 dBm | mirror of 2 x 96 - 2 x 12 MHz: -113.7 to -56.8 dBm
PB,A4,147.95,129.1000,PWM comb,mirror of PWM 150.00 kHz x 1112,gva,True,-375.1,-338.5,-420.1,-383.5,pass,pass,"3.3 V GPIO, tr 2 to 5 ns, every 25th line of the comb shown","none needed (coherent 150 kHz comb, ADR-031 rule 3)",
PB,A4,147.95,129.3000,PWM comb,PWM 150.00 kHz x 862,gva,False,-376.8,-346.8,-421.8,-391.8,pass,pass,"3.3 V GPIO, tr 2 to 5 ns, every 25th line of the comb shown","none needed (coherent 150 kHz comb, ADR-031 rule 3)",
PB,A4,147.95,129.4562,/8 prescaler,4 coincident lines at 129.456 MHz (amplitude sum),pre,False,-63.4,-35.1,-108.4,-80.1,pass,pass,"330 ohm series tap (23 dB reverse isolation, derived) and separate supply per flip-flop","C7: prescaler fed through 330 ohm in series (after the 100 pF), each 74LVC1G80 on its own bead-and-100 nF supply; C10: drive bandpass in place of the drive low-pass; C8: 470 ohm series resistor at the /8 output and the /8 trace 15 to 25 mm from the CLK1 net (L5); option C9 (/4 prescaler) moves both lines out of the window but needs a REQ-TX-013 CR; C10: drive bandpass in place of the drive low-pass",/8 output x 7 (7/8 fc) on the trace: -74.0 to -50.8 dBm | /8 kickback sideband (7/8 fc): -63.4 to -43.4 dBm | mirror of /8 output x 9 (9/8 fc) on the trace: -77.8 to -53.8 dBm | mirror of /8 kickback sideband (9/8 fc): -64.4 to -44.4 dBm
PB,A4,147.95,132.0000,RP2350 XOSC 12 MHz,3 coincident lines at 132.000 MHz (amplitude sum),gva,False,-99.8,-40.4,-144.8,-85.4,pass,pass,"on-die current into the Pico 2 PDN (0.1 to 0.5 ohm), path pdn_p 50 to 75 dB","C1 puts every on-die product on the 12 MHz grid (120, 132, 144, 156, 168 MHz); level: L1 to L3; cannot be moved (Pico 2 crystal); level: layout rules L1 to L3; tinySA sweep",XOSC 12 MHz x 11: -99.8 to -48.3 dBm | 1 x 96 + 3 x 12 MHz: -107.7 to -50.8 dBm | 2 x 96 - 5 x 12 MHz: -107.7 to -50.8 dBm
PB,A4,147.95,132.8500,PWM comb,mirror of PWM 150.00 kHz x 1087,gva,True,-112.4,-76.8,-157.4,-121.8,pass,pass,"3.3 V GPIO, tr 2 to 5 ns, every 25th line of the comb shown","none needed (coherent 150 kHz comb, ADR-031 rule 3)",
PB,A4,147.95,133.0500,PWM comb,PWM 150.00 kHz x 887,gva,False,-100.7,-70.2,-145.7,-115.2,pass,pass,"3.3 V GPIO, tr 2 to 5 ns, every 25th line of the comb shown","none needed (coherent 150 kHz comb, ADR-031 rule 3)",
PB,A4,147.95,136.6000,PWM comb,mirror of PWM 150.00 kHz x 1062,gva,True,-367.8,-333.0,-412.8,-378.0,pass,pass,"3.3 V GPIO, tr 2 to 5 ns, every 25th line of the comb shown","none needed (coherent 150 kHz comb, ADR-031 rule 3)",
PB,A4,147.95,136.8000,PWM comb,PWM 150.00 kHz x 912,gva,False,-358.3,-327.3,-403.3,-372.3,pass,pass,"3.3 V GPIO, tr 2 to 5 ns, every 25th line of the comb shown","none needed (coherent 150 kHz comb, ADR-031 rule 3)",
PB,A4,147.95,138.9500,VGG / supply sidebands,"RP2350 core regulator (3 MHz typ) ripple on the GVA-84+ bias, fc - 3 x 3 MHz",rel,False,-80.6,-50.2,-125.6,-95.2,pass,pass,ripple 0.3 to 3 mV at the GVA-84+ Vcc,F3: GVA-84+ supply through a ferrite bead and 22 uF (ripple at most 3 mV at 1 to 10 MHz); derived requirement to WP-PDR-22 and WP-PDR-24,
PB,A4,147.95,139.9000,RP2350 XOSC 12 MHz,3 coincident lines at 139.900 MHz (amplitude sum),gva,True,-105.9,-46.4,-150.9,-91.4,pass,pass,"on-die current into the Pico 2 PDN (0.1 to 0.5 ohm), path pdn_p 50 to 75 dB","C1 puts every on-die product on the 12 MHz grid (120, 132, 144, 156, 168 MHz); level: L1 to L3; cannot be moved (Pico 2 crystal); level: layout rules L1 to L3; tinySA sweep",mirror of XOSC 12 MHz x 13: -105.9 to -54.4 dBm | mirror of 1 x 96 + 5 x 12 MHz: -113.7 to -56.9 dBm | mirror of 2 x 96 - 3 x 12 MHz: -113.7 to -56.9 dBm
PB,A4,147.95,140.3500,PWM comb,mirror of PWM 150.00 kHz x 1037,gva,True,-110.7,-76.7,-155.7,-121.7,pass,pass,"3.3 V GPIO, tr 2 to 5 ns, every 25th line of the comb shown","none needed (coherent 150 kHz comb, ADR-031 rule 3)",
PB,A4,147.95,140.5500,PWM comb,PWM 150.00 kHz x 937,gva,False,-101.9,-70.4,-146.9,-115.4,pass,pass,"3.3 V GPIO, tr 2 to 5 ns, every 25th line of the comb shown","none needed (coherent 150 kHz comb, ADR-031 rule 3)",
PB,A4,147.95,141.9500,VGG / supply sidebands,2 coincident lines at 141.950 MHz (amplitude sum),rel,False,-74.7,-40.7,-119.7,-85.7,pass,pass,ripple 0.3 to 3 mV at the GVA-84+ Vcc,F3: GVA-84+ supply through a ferrite bead and 22 uF (ripple at most 3 mV at 1 to 10 MHz); derived requirement to WP-PDR-22 and WP-PDR-24,"RT6150 (Pico 2, about 2 MHz, Low) ripple on the GVA-84+ bias, fc - 3 x 2 MHz: -80.7 to -50.2 dBm | RP2350 core regulator (3 MHz typ) ripple on the GVA-84+ bias, fc - 2 x 3 MHz: -74.7 to -44.2 dBm"
PB,A4,147.95,143.9500,VGG / supply sidebands,"RT6150 (Pico 2, about 2 MHz, Low) ripple on the GVA-84+ bias, fc - 2 x 2 MHz",rel,False,-74.7,-44.2,-119.7,-89.2,pass,pass,ripple 0.3 to 3 mV at the GVA-84+ Vcc,F3: GVA-84+ supply through a ferrite bead and 22 uF (ripple at most 3 mV at 1 to 10 MHz); derived requirement to WP-PDR-22 and WP-PDR-24,
PB,A4,147.95,144.0000,RP2350 XOSC 12 MHz,4 coincident lines at 144.000 MHz (amplitude sum),gva,False,-99.9,-40.3,-144.9,-85.3,pass,pass,"on-die current into the Pico 2 PDN (0.1 to 0.5 ohm), path pdn_p 50 to 75 dB","C1 puts every on-die product on the 12 MHz grid (120, 132, 144, 156, 168 MHz); level: L1 to L3; C2: clk_adc from PLL_SYS / 2 (AUXSRC CLKSRC_PLL_SYS, DIV 2) enabled only for conversion bursts (ENABLE bit); C3: PLL_USB powered down (PWR.PD, VCOPD) outside USB; cannot be moved (Pico 2 crystal); level: layout rules L1 to L3; tinySA sweep","XOSC 12 MHz x 12: -99.9 to -48.4 dBm | 1 x 96 + 4 x 12 MHz: -107.8 to -51.0 dBm | 2 x 96 - 4 x 12 MHz: -107.8 to -51.0 dBm | clk_adc 48 MHz x 3 (bursts, PLL_SYS / 2): -133.4 to -75.0 dBm"
PB,A4,147.95,144.1000,PWM comb,mirror of PWM 150.00 kHz x 1012,gva,True,-404.0,-370.7,-449.0,-415.7,pass,pass,"3.3 V GPIO, tr 2 to 5 ns, every 25th line of the comb shown","none needed (coherent 150 kHz comb, ADR-031 rule 3)",
PB,A4,147.95,144.3000,PWM comb,PWM 150.00 kHz x 962,gva,False,-365.7,-333.7,-410.7,-378.7,pass,pass,"3.3 V GPIO, tr 2 to 5 ns, every 25th line of the comb shown","none needed (coherent 150 kHz comb, ADR-031 rule 3)",
PB,A4,147.95,144.9500,VGG / supply sidebands,"RP2350 core regulator (3 MHz typ) ripple on the GVA-84+ bias, fc - 1 x 3 MHz",rel,False,-68.7,-38.2,-113.7,-83.2,pass,pass,ripple 0.3 to 3 mV at the GVA-84+ Vcc,F3: GVA-84+ supply through a ferrite bead and 22 uF (ripple at most 3 mV at 1 to 10 MHz); derived requirement to WP-PDR-22 and WP-PDR-24,
PB,A4,147.95,145.9000,Si5351 reference 25 MHz,2 coincident lines at 145.900 MHz (amplitude sum),pre,True,-44.0,-18.9,-89.0,-63.9,not shown,pass,no datasheet figure; below the -35 to -50 dBc output-to-output crosstalk reported for full-swing outputs (Low),"L4: TCXO output lead at most 10 mm and at least 8 mm from the CLK1 trace; C10: drive bandpass in place of the drive low-pass; cannot be moved (Si5351A reference 25 MHz, clock-plan rule 7); level: F1 Si5351 VDD filter; tinySA sweep; C10: drive bandpass in place of the drive low-pass","mirror of 25 MHz x 6, Si5351 on-die feedthrough to CLK1: -44.0 to -19.0 dBm | mirror of 25 MHz x 6, crystal node near CLK1: -86.1 to -52.0 dBm"
PB,A4,147.95,145.9500,Si5351 PLL spurs,2 coincident lines at 145.950 MHz (amplitude sum),pre,False,-43.0,-21.6,-88.0,-66.6,not shown,pass,"PA3FWM tn42b: about -80 dBc in theory, measured worse (Low); offset depends on the fraction","C5: PLL A multiplier rule, fractional part not within 0.002 of an integer (firmware table check); tinySA sweep at the worst channel; C10: drive bandpass in place of the drive low-pass; F3: GVA-84+ supply through a ferrite bead and 22 uF (ripple at most 3 mV at 1 to 10 MHz); derived requirement to WP-PDR-22 and WP-PDR-24","fractional / integer-boundary spur fc -2 MHz (representative): -43.0 to -23.0 dBm | RT6150 (Pico 2, about 2 MHz, Low) ripple on the GVA-84+ bias, fc - 1 x 2 MHz: -68.7 to -38.2 dBm"
PB,A4,147.95,147.4500,Si5351 PLL spurs,fractional / integer-boundary spur fc -0.5 MHz (representative),pre,False,-43.0,-23.0,-88.0,-68.0,not shown,pass,"PA3FWM tn42b: about -80 dBc in theory, measured worse (Low); offset depends on the fraction","C5: PLL A multiplier rule, fractional part not within 0.002 of an integer (firmware table check); tinySA sweep at the worst channel; C10: drive bandpass in place of the drive low-pass",
PB,A4,147.95,147.6500,VGG / supply sidebands,"envelope-reference PWM ripple, fc - 2 x 150 kHz",rel,False,-60.1,-41.0,-105.1,-86.0,pass,pass,"AM index m = 0.6/V x ripple; ripple 0.23 to 0.84 mV (2-pole RC, 1 to 3 kHz)",none needed; derived requirement to WP-PDR-22: PWM ripple at VGG at most 3.3 mV peak,
PB,A4,147.95,147.8000,VGG / supply sidebands,"envelope-reference PWM ripple, fc - 1 x 150 kHz",rel,False,-54.1,-35.0,-99.1,-80.0,pass,pass,"AM index m = 0.6/V x ripple; ripple 0.23 to 0.84 mV (2-pole RC, 1 to 3 kHz)",none needed; derived requirement to WP-PDR-22: PWM ripple at VGG at most 3.3 mV peak,
PB,A4,147.95,147.8500,PWM comb,mirror of PWM 150.00 kHz x 987,gva,True,-109.3,-76.6,-154.3,-121.6,pass,pass,"3.3 V GPIO, tr 2 to 5 ns, every 25th line of the comb shown","none needed (coherent 150 kHz comb, ADR-031 rule 3)",
PB,A4,147.95,148.0500,PWM comb,PWM 150.00 kHz x 987,gva,False,-103.3,-70.6,-148.3,-115.6,pass,pass,"3.3 V GPIO, tr 2 to 5 ns, every 25th line of the comb shown","none needed (coherent 150 kHz comb, ADR-031 rule 3)",
PB,A4,147.95,148.1000,VGG / supply sidebands,"envelope-reference PWM ripple, fc + 1 x 150 kHz",rel,False,-54.1,-35.0,-99.1,-80.0,pass,pass,"AM index m = 0.6/V x ripple; ripple 0.23 to 0.84 mV (2-pole RC, 1 to 3 kHz)",none needed; derived requirement to WP-PDR-22: PWM ripple at VGG at most 3.3 mV peak,
PB,A4,147.95,148.2500,VGG / supply sidebands,"envelope-reference PWM ripple, fc + 2 x 150 kHz",rel,False,-60.1,-41.0,-105.1,-86.0,pass,pass,"AM index m = 0.6/V x ripple; ripple 0.23 to 0.84 mV (2-pole RC, 1 to 3 kHz)",none needed; derived requirement to WP-PDR-22: PWM ripple at VGG at most 3.3 mV peak,
PB,A4,147.95,148.4500,Si5351 PLL spurs,fractional / integer-boundary spur fc +0.5 MHz (representative),pre,False,-43.0,-23.0,-88.0,-68.0,pass,pass,"PA3FWM tn42b: about -80 dBc in theory, measured worse (Low); offset depends on the fraction","C5: PLL A multiplier rule, fractional part not within 0.002 of an integer (firmware table check); tinySA sweep at the worst channel; C10: drive bandpass in place of the drive low-pass",
PB,A4,147.95,149.9500,Si5351 PLL spurs,2 coincident lines at 149.950 MHz (amplitude sum),pre,False,-43.1,-21.7,-88.1,-66.7,not shown,pass,"PA3FWM tn42b: about -80 dBc in theory, measured worse (Low); offset depends on the fraction","C5: PLL A multiplier rule, fractional part not within 0.002 of an integer (firmware table check); tinySA sweep at the worst channel; C10: drive bandpass in place of the drive low-pass; F3: GVA-84+ supply through a ferrite bead and 22 uF (ripple at most 3 mV at 1 to 10 MHz); derived requirement to WP-PDR-22 and WP-PDR-24","fractional / integer-boundary spur fc +2 MHz (representative): -43.1 to -23.1 dBm | RT6150 (Pico 2, about 2 MHz, Low) ripple on the GVA-84+ bias, fc + 1 x 2 MHz: -68.7 to -38.3 dBm"
PB,A4,147.95,150.0000,Si5351 reference 25 MHz,2 coincident lines at 150.000 MHz (amplitude sum),pre,False,-38.1,-12.9,-83.1,-57.9,not shown,not shown,no datasheet figure; below the -35 to -50 dBc output-to-output crosstalk reported for full-swing outputs (Low),"L4: TCXO output lead at most 10 mm and at least 8 mm from the CLK1 trace; C10: drive bandpass in place of the drive low-pass; cannot be moved (Si5351A reference 25 MHz, clock-plan rule 7); level: F1 Si5351 VDD filter; tinySA sweep; C10: drive bandpass in place of the drive low-pass","25 MHz x 6, Si5351 on-die feedthrough to CLK1: -38.1 to -13.1 dBm | 25 MHz x 6, crystal node near CLK1: -80.2 to -46.1 dBm"
PB,A4,147.95,150.9500,VGG / supply sidebands,"RP2350 core regulator (3 MHz typ) ripple on the GVA-84+ bias, fc + 1 x 3 MHz",rel,False,-68.7,-38.3,-113.7,-83.3,pass,pass,ripple 0.3 to 3 mV at the GVA-84+ Vcc,F3: GVA-84+ supply through a ferrite bead and 22 uF (ripple at most 3 mV at 1 to 10 MHz); derived requirement to WP-PDR-22 and WP-PDR-24,
PB,A4,147.95,151.6000,PWM comb,mirror of PWM 150.00 kHz x 962,gva,True,-371.8,-339.7,-416.8,-384.7,pass,pass,"3.3 V GPIO, tr 2 to 5 ns, every 25th line of the comb shown","none needed (coherent 150 kHz comb, ADR-031 rule 3)",
PB,A4,147.95,151.8000,PWM comb,PWM 150.00 kHz x 1012,gva,False,-398.1,-364.8,-443.1,-409.8,pass,pass,"3.3 V GPIO, tr 2 to 5 ns, every 25th line of the comb shown","none needed (coherent 150 kHz comb, ADR-031 rule 3)",
PB,A4,147.95,151.9000,RP2350 XOSC 12 MHz,4 coincident lines at 151.900 MHz (amplitude sum),gva,True,-106.0,-46.4,-151.0,-91.4,pass,pass,"on-die current into the Pico 2 PDN (0.1 to 0.5 ohm), path pdn_p 50 to 75 dB","C1 puts every on-die product on the 12 MHz grid (120, 132, 144, 156, 168 MHz); level: L1 to L3; C2: clk_adc from PLL_SYS / 2 (AUXSRC CLKSRC_PLL_SYS, DIV 2) enabled only for conversion bursts (ENABLE bit); C3: PLL_USB powered down (PWR.PD, VCOPD) outside USB; cannot be moved (Pico 2 crystal); level: layout rules L1 to L3; tinySA sweep","mirror of XOSC 12 MHz x 12: -106.0 to -54.5 dBm | mirror of 1 x 96 + 4 x 12 MHz: -113.9 to -57.0 dBm | mirror of 2 x 96 - 4 x 12 MHz: -113.9 to -57.0 dBm | mirror of clk_adc 48 MHz x 3 (bursts, PLL_SYS / 2): -139.5 to -81.0 dBm"
PB,A4,147.95,151.9500,VGG / supply sidebands,"RT6150 (Pico 2, about 2 MHz, Low) ripple on the GVA-84+ bias, fc + 2 x 2 MHz",rel,False,-74.7,-44.3,-119.7,-89.3,pass,pass,ripple 0.3 to 3 mV at the GVA-84+ Vcc,F3: GVA-84+ supply through a ferrite bead and 22 uF (ripple at most 3 mV at 1 to 10 MHz); derived requirement to WP-PDR-22 and WP-PDR-24,
PB,A4,147.95,153.9500,VGG / supply sidebands,2 coincident lines at 153.950 MHz (amplitude sum),rel,False,-74.8,-40.8,-119.8,-85.8,pass,pass,ripple 0.3 to 3 mV at the GVA-84+ Vcc,F3: GVA-84+ supply through a ferrite bead and 22 uF (ripple at most 3 mV at 1 to 10 MHz); derived requirement to WP-PDR-22 and WP-PDR-24,"RT6150 (Pico 2, about 2 MHz, Low) ripple on the GVA-84+ bias, fc + 3 x 2 MHz: -80.8 to -50.3 dBm | RP2350 core regulator (3 MHz typ) ripple on the GVA-84+ bias, fc + 2 x 3 MHz: -74.8 to -44.3 dBm"
PB,A4,147.95,155.3500,PWM comb,mirror of PWM 150.00 kHz x 937,gva,True,-108.0,-76.5,-153.0,-121.5,pass,pass,"3.3 V GPIO, tr 2 to 5 ns, every 25th line of the comb shown","none needed (coherent 150 kHz comb, ADR-031 rule 3)",
PB,A4,147.95,155.5500,PWM comb,PWM 150.00 kHz x 1037,gva,False,-104.8,-70.8,-149.8,-115.8,pass,pass,"3.3 V GPIO, tr 2 to 5 ns, every 25th line of the comb shown","none needed (coherent 150 kHz comb, ADR-031 rule 3)",
PB,A4,147.95,156.0000,RP2350 XOSC 12 MHz,3 coincident lines at 156.000 MHz (amplitude sum),gva,False,-100.0,-40.6,-145.0,-85.6,pass,pass,"on-die current into the Pico 2 PDN (0.1 to 0.5 ohm), path pdn_p 50 to 75 dB","C1 puts every on-die product on the 12 MHz grid (120, 132, 144, 156, 168 MHz); level: L1 to L3; cannot be moved (Pico 2 crystal); level: layout rules L1 to L3; tinySA sweep",XOSC 12 MHz x 13: -100.0 to -48.5 dBm | 1 x 96 + 5 x 12 MHz: -107.9 to -51.0 dBm | 2 x 96 - 3 x 12 MHz: -107.9 to -51.0 dBm
PB,A4,147.95,156.9500,VGG / supply sidebands,"RP2350 core regulator (3 MHz typ) ripple on the GVA-84+ bias, fc + 3 x 3 MHz",rel,False,-80.8,-50.3,-125.8,-95.3,pass,pass,ripple 0.3 to 3 mV at the GVA-84+ Vcc,F3: GVA-84+ supply through a ferrite bead and 22 uF (ripple at most 3 mV at 1 to 10 MHz); derived requirement to WP-PDR-22 and WP-PDR-24,
PB,A4,147.95,159.1000,PWM comb,mirror of PWM 150.00 kHz x 912,gva,True,-364.5,-333.5,-409.5,-378.5,pass,pass,"3.3 V GPIO, tr 2 to 5 ns, every 25th line of the comb shown","none needed (coherent 150 kHz comb, ADR-031 rule 3)",
PB,A4,147.95,159.3000,PWM comb,PWM 150.00 kHz x 1062,gva,False,-362.0,-327.2,-407.0,-372.2,pass,pass,"3.3 V GPIO, tr 2 to 5 ns, every 25th line of the comb shown","none needed (coherent 150 kHz comb, ADR-031 rule 3)",
PB,A4,147.95,162.8500,PWM comb,mirror of PWM 150.00 kHz x 887,gva,True,-107.0,-76.6,-152.0,-121.6,pass,pass,"3.3 V GPIO, tr 2 to 5 ns, every 25th line of the comb shown","none needed (coherent 150 kHz comb, ADR-031 rule 3)",
PB,A4,147.95,163.0500,PWM comb,PWM 150.00 kHz x 1087,gva,False,-106.8,-71.1,-151.8,-116.1,pass,pass,"3.3 V GPIO, tr 2 to 5 ns, every 25th line of the comb shown","none needed (coherent 150 kHz comb, ADR-031 rule 3)",
PB,A4,147.95,163.9000,RP2350 XOSC 12 MHz,3 coincident lines at 163.900 MHz (amplitude sum),gva,True,-106.2,-46.8,-151.2,-91.8,pass,pass,"on-die current into the Pico 2 PDN (0.1 to 0.5 ohm), path pdn_p 50 to 75 dB","C1 puts every on-die product on the 12 MHz grid (120, 132, 144, 156, 168 MHz); level: L1 to L3; cannot be moved (Pico 2 crystal); level: layout rules L1 to L3; tinySA sweep",mirror of XOSC 12 MHz x 11: -106.2 to -54.7 dBm | mirror of 1 x 96 + 3 x 12 MHz: -114.1 to -57.2 dBm | mirror of 2 x 96 - 5 x 12 MHz: -114.1 to -57.2 dBm
PB,A4,147.95,166.4437,/8 prescaler,4 coincident lines at 166.444 MHz (amplitude sum),pre,False,-59.1,-34.3,-104.1,-79.3,pass,pass,"330 ohm series tap (23 dB reverse isolation, derived) and separate supply per flip-flop","C7: prescaler fed through 330 ohm in series (after the 100 pF), each 74LVC1G80 on its own bead-and-100 nF supply; C10: drive bandpass in place of the drive low-pass; C8: 470 ohm series resistor at the /8 output and the /8 trace 15 to 25 mm from the CLK1 net (L5); option C9 (/4 prescaler) moves both lines out of the window but needs a REQ-TX-013 CR; C10: drive bandpass in place of the drive low-pass",mirror of /8 output x 7 (7/8 fc) on the trace: -80.6 to -57.5 dBm | mirror of /8 kickback sideband (7/8 fc): -70.1 to -50.1 dBm | /8 output x 9 (9/8 fc) on the trace: -72.5 to -48.5 dBm | /8 kickback sideband (9/8 fc): -59.1 to -39.1 dBm
PB,A4,147.95,166.6000,PWM comb,mirror of PWM 150.00 kHz x 862,gva,True,-383.5,-353.4,-428.5,-398.4,pass,pass,"3.3 V GPIO, tr 2 to 5 ns, every 25th line of the comb shown","none needed (coherent 150 kHz comb, ADR-031 rule 3)",
PB,A4,147.95,166.8000,PWM comb,PWM 150.00 kHz x 1112,gva,False,-369.8,-333.2,-414.8,-378.2,pass,pass,"3.3 V GPIO, tr 2 to 5 ns, every 25th line of the comb shown","none needed (coherent 150 kHz comb, ADR-031 rule 3)",
PB,A4,147.95,168.0000,RP2350 XOSC 12 MHz,3 coincident lines at 168.000 MHz (amplitude sum),gva,False,-100.7,-41.2,-145.7,-86.2,pass,pass,"on-die current into the Pico 2 PDN (0.1 to 0.5 ohm), path pdn_p 50 to 75 dB","C1 puts every on-die product on the 12 MHz grid (120, 132, 144, 156, 168 MHz); level: L1 to L3; cannot be moved (Pico 2 crystal); level: layout rules L1 to L3; tinySA sweep",XOSC 12 MHz x 14: -100.7 to -49.2 dBm | 1 x 96 + 6 x 12 MHz: -108.5 to -51.7 dBm | 2 x 96 - 2 x 12 MHz: -108.5 to -51.7 dBm
PB,A4,147.95,170.3500,PWM comb,mirror of PWM 150.00 kHz x 837,gva,True,-107.0,-77.4,-152.0,-122.4,pass,pass,"3.3 V GPIO, tr 2 to 5 ns, every 25th line of the comb shown","none needed (coherent 150 kHz comb, ADR-031 rule 3)",
PB,A4,147.95,170.5500,PWM comb,PWM 150.00 kHz x 1137,gva,False,-110.0,-72.3,-155.0,-117.3,pass,pass,"3.3 V GPIO, tr 2 to 5 ns, every 25th line of the comb shown","none needed (coherent 150 kHz comb, ADR-031 rule 3)",
PB,A4,147.95,170.9000,Si5351 reference 25 MHz,2 coincident lines at 170.900 MHz (amplitude sum),pre,True,-62.8,-37.6,-107.8,-82.6,pass,pass,no datasheet figure; below the -35 to -50 dBc output-to-output crosstalk reported for full-swing outputs (Low),"L4: TCXO output lead at most 10 mm and at least 8 mm from the CLK1 trace; C10: drive bandpass in place of the drive low-pass; cannot be moved (Si5351A reference 25 MHz, clock-plan rule 7); level: F1 Si5351 VDD filter; tinySA sweep; C10: drive bandpass in place of the drive low-pass","mirror of 25 MHz x 5, Si5351 on-die feedthrough to CLK1: -62.8 to -37.8 dBm | mirror of 25 MHz x 5, crystal node near CLK1: -106.5 to -72.4 dBm"
PB,A4,147.95,172.9500,Si5351 PLL spurs,PFD reference spur fc + 25 MHz,pre,False,-60.6,-40.6,-105.6,-85.6,pass,pass,"VCO spur at the 25 MHz PFD offset, divided by 6 (-15.6 dB) (Low)",level only (on-die PLL); tinySA sweep; C10: drive bandpass in place of the drive low-pass,
PB,A4,147.95,174.1000,PWM comb,mirror of PWM 150.00 kHz x 812,gva,True,-372.6,-343.5,-417.6,-388.5,pass,pass,"3.3 V GPIO, tr 2 to 5 ns, every 25th line of the comb shown","none needed (coherent 150 kHz comb, ADR-031 rule 3)",
PB,A4,147.95,174.3000,PWM comb,PWM 150.00 kHz x 1162,gva,False,-391.9,-353.0,-436.9,-398.0,pass,pass,"3.3 V GPIO, tr 2 to 5 ns, every 25th line of the comb shown","none needed (coherent 150 kHz comb, ADR-031 rule 3)",
PB,A4,147.95,175.0000,Si5351 reference 25 MHz,2 coincident lines at 175.000 MHz (amplitude sum),pre,False,-52.2,-26.9,-97.2,-71.9,pass,pass,no datasheet figure; below the -35 to -50 dBc output-to-output crosstalk reported for full-swing outputs (Low),"L4: TCXO output lead at most 10 mm and at least 8 mm from the CLK1 trace; C10: drive bandpass in place of the drive low-pass; cannot be moved (Si5351A reference 25 MHz, clock-plan rule 7); level: F1 Si5351 VDD filter; tinySA sweep; C10: drive bandpass in place of the drive low-pass","25 MHz x 7, Si5351 on-die feedthrough to CLK1: -52.2 to -27.2 dBm | 25 MHz x 7, crystal node near CLK1: -92.9 to -58.8 dBm"
