layout,metric,param,cls,base_value,low,high,out_base,out_low,out_high,swing
A5-R4,tj_ss,r_feed,E,0.2600,0.2600,0.4500,142.0888,142.0888,135.7188,6.3700
A5-R4,tj_pk50,r_feed,E,0.2600,0.2600,0.4500,114.5725,114.5725,110.4604,4.1121
A5-R4,tj_300,r_feed,E,0.2600,0.2600,0.4500,109.1779,109.1779,104.3958,4.7822
A5-R4,tj_180,r_feed,E,0.2600,0.2600,0.4500,96.6209,96.6209,92.5964,4.0245
A5-R4,case_ss,r_feed,E,0.2600,0.2600,0.4500,121.8353,121.8353,117.2350,4.6003
A5-R4,dl_case,r_feed,E,0.2600,0.2600,0.4500,84.4444,84.4444,82.4774,1.9670
A5-R4,surf5,r_feed,E,0.2600,0.2600,0.4500,64.1822,64.1822,61.5234,2.6588
A5-R4,petg_ss,r_feed,E,0.2600,0.2600,0.4500,92.2799,92.2799,91.9337,0.3462
A5-R4,petg_ss50,r_feed,E,0.2600,0.2600,0.4500,74.6275,74.6275,74.6099,0.0176
A5-R4,dl_petg,r_feed,E,0.2600,0.2600,0.4500,70.6646,70.6646,70.6156,0.0490
A5-R4,bay_ss,r_feed,E,0.2600,0.2600,0.4500,88.8258,88.8258,87.8967,0.9290
A5-R4,dl_bay,r_feed,E,0.2600,0.2600,0.4500,69.8364,69.8364,69.4639,0.3725
A5-R4,cell30,r_feed,E,0.2600,0.2600,0.4500,51.8146,51.8146,52.8917,1.0771
A5-R4,main30,r_feed,E,0.2600,0.2600,0.4500,58.5638,58.5638,61.2533,2.6895
A5-R4,cell_ss50,r_feed,E,0.2600,0.2600,0.4500,61.3257,61.3257,63.7231,2.3974
A5-R4,dl_cell,r_feed,E,0.2600,0.2600,0.4500,59.5500,59.5500,61.4940,1.9440
A5-R4,dl_main,r_feed,E,0.2600,0.2600,0.4500,60.1992,60.1992,62.6507,2.4515
A5-R4,tj_ss,r_cellpath,E,0.0600,0.0500,0.1000,142.0888,142.0941,142.0676,0.0265
A5-R4,tj_pk50,r_cellpath,E,0.0600,0.0500,0.1000,114.5725,114.5750,114.5626,0.0124
A5-R4,tj_300,r_cellpath,E,0.0600,0.0500,0.1000,109.1779,109.1792,109.1730,0.0061
A5-R4,tj_180,r_cellpath,E,0.0600,0.0500,0.1000,96.6209,96.6213,96.6197,0.0016
A5-R4,case_ss,r_cellpath,E,0.0600,0.0500,0.1000,121.8353,121.8406,121.8141,0.0265
A5-R4,dl_case,r_cellpath,E,0.0600,0.0500,0.1000,84.4444,84.4467,84.4352,0.0115
A5-R4,surf5,r_cellpath,E,0.0600,0.0500,0.1000,64.1822,64.1834,64.1774,0.0060
A5-R4,petg_ss,r_cellpath,E,0.0600,0.0500,0.1000,92.2799,92.3017,92.1928,0.1089
A5-R4,petg_ss50,r_cellpath,E,0.0600,0.0500,0.1000,74.6275,74.6402,74.5765,0.0638
A5-R4,dl_petg,r_cellpath,E,0.0600,0.0500,0.1000,70.6646,70.6754,70.6216,0.0538
A5-R4,bay_ss,r_cellpath,E,0.0600,0.0500,0.1000,88.8258,88.8354,88.7874,0.0480
A5-R4,dl_bay,r_cellpath,E,0.0600,0.0500,0.1000,69.8364,69.8413,69.8166,0.0247
A5-R4,cell30,r_cellpath,E,0.0600,0.0500,0.1000,51.8146,51.5301,52.9525,1.4224
A5-R4,main30,r_cellpath,E,0.0600,0.0500,0.1000,58.5638,58.6564,58.1933,0.4631
A5-R4,cell_ss50,r_cellpath,E,0.0600,0.0500,0.1000,61.3257,60.8224,63.3390,2.5166
A5-R4,dl_cell,r_cellpath,E,0.0600,0.0500,0.1000,59.5500,59.1441,61.1738,2.0297
A5-R4,dl_main,r_cellpath,E,0.0600,0.0500,0.1000,60.1992,60.2292,60.0791,0.1501
A5-R4,tj_ss,i_bus,E,0.3000,0.2500,0.4000,142.0888,142.0625,142.1431,0.0806
A5-R4,tj_pk50,i_bus,E,0.3000,0.2500,0.4000,114.5725,114.5591,114.6009,0.0419
A5-R4,tj_300,i_bus,E,0.3000,0.2500,0.4000,109.1779,109.1768,109.1802,0.0034
A5-R4,tj_180,i_bus,E,0.3000,0.2500,0.4000,96.6209,96.6207,96.6215,0.0009
A5-R4,case_ss,i_bus,E,0.3000,0.2500,0.4000,121.8353,121.8089,121.8896,0.0806
A5-R4,dl_case,i_bus,E,0.3000,0.2500,0.4000,84.4444,84.4313,84.4726,0.0414
A5-R4,surf5,i_bus,E,0.3000,0.2500,0.4000,64.1822,64.1811,64.1844,0.0033
A5-R4,petg_ss,i_bus,E,0.3000,0.2500,0.4000,92.2799,92.1717,92.5034,0.3317
A5-R4,petg_ss50,i_bus,E,0.3000,0.2500,0.4000,74.6275,74.5576,74.7755,0.2179
A5-R4,dl_petg,i_bus,E,0.3000,0.2500,0.4000,70.6646,70.6030,70.7965,0.1935
A5-R4,bay_ss,i_bus,E,0.3000,0.2500,0.4000,88.8258,88.7781,88.9242,0.1461
A5-R4,dl_bay,i_bus,E,0.3000,0.2500,0.4000,69.8364,69.8081,69.8969,0.0888
A5-R4,cell30,i_bus,E,0.3000,0.2500,0.4000,51.8146,51.6585,52.1452,0.4867
A5-R4,main30,i_bus,E,0.3000,0.2500,0.4000,58.5638,58.4021,58.9062,0.5041
A5-R4,cell_ss50,i_bus,E,0.3000,0.2500,0.4000,61.3257,61.0119,61.9901,0.9782
A5-R4,dl_cell,i_bus,E,0.3000,0.2500,0.4000,59.5500,59.2842,60.1189,0.8347
A5-R4,dl_main,i_bus,E,0.3000,0.2500,0.4000,60.1992,60.0272,60.5670,0.5398
A5-R4,tj_ss,a5_idd,DD,1.9700,1.7900,1.9700,142.0888,129.5998,142.0888,12.4890
A5-R4,tj_pk50,a5_idd,DD,1.9700,1.7900,1.9700,114.5725,106.5478,114.5725,8.0247
A5-R4,tj_300,a5_idd,DD,1.9700,1.7900,1.9700,109.1779,100.4493,109.1779,8.7287
A5-R4,tj_180,a5_idd,DD,1.9700,1.7900,1.9700,96.6209,89.3095,96.6209,7.3114
A5-R4,case_ss,a5_idd,DD,1.9700,1.7900,1.9700,121.8353,112.5527,121.8353,9.2826
A5-R4,dl_case,a5_idd,DD,1.9700,1.7900,1.9700,84.4444,80.4397,84.4444,4.0047
A5-R4,surf5,a5_idd,DD,1.9700,1.7900,1.9700,64.1822,59.3016,64.1822,4.8806
A5-R4,petg_ss,a5_idd,DD,1.9700,1.7900,1.9700,92.2799,87.7697,92.2799,4.5102
A5-R4,petg_ss50,a5_idd,DD,1.9700,1.7900,1.9700,74.6275,72.2926,74.6275,2.3349
A5-R4,dl_petg,a5_idd,DD,1.9700,1.7900,1.9700,70.6646,68.6624,70.6646,2.0023
A5-R4,bay_ss,a5_idd,DD,1.9700,1.7900,1.9700,88.8258,85.4294,88.8258,3.3964
A5-R4,dl_bay,a5_idd,DD,1.9700,1.7900,1.9700,69.8364,68.2791,69.8364,1.5572
A5-R4,cell30,a5_idd,DD,1.9700,1.7900,1.9700,51.8146,51.2475,51.8146,0.5672
A5-R4,main30,a5_idd,DD,1.9700,1.7900,1.9700,58.5638,57.7706,58.5638,0.7932
A5-R4,cell_ss50,a5_idd,DD,1.9700,1.7900,1.9700,61.3257,60.0711,61.3257,1.2546
A5-R4,dl_cell,a5_idd,DD,1.9700,1.7900,1.9700,59.5500,58.5266,59.5500,1.0235
A5-R4,dl_main,a5_idd,DD,1.9700,1.7900,1.9700,60.1992,59.3901,60.1992,0.8091
A5-R4,tj_ss,a5_p1,DD,1.5000,1.2000,1.8000,142.0888,142.8088,141.3688,1.4400
A5-R4,tj_pk50,a5_p1,DD,1.5000,1.2000,1.8000,114.5725,115.2924,113.8526,1.4398
A5-R4,tj_300,a5_p1,DD,1.5000,1.2000,1.8000,109.1779,109.8979,108.4580,1.4398
A5-R4,tj_180,a5_p1,DD,1.5000,1.2000,1.8000,96.6209,97.3408,95.9010,1.4398
A5-R4,case_ss,a5_p1,DD,1.5000,1.2000,1.8000,121.8353,121.8353,121.8353,0.0000
A5-R4,dl_case,a5_p1,DD,1.5000,1.2000,1.8000,84.4444,84.4444,84.4444,0.0000
A5-R4,surf5,a5_p1,DD,1.5000,1.2000,1.8000,64.1822,64.1821,64.1823,0.0002
A5-R4,petg_ss,a5_p1,DD,1.5000,1.2000,1.8000,92.2799,92.2799,92.2799,0.0000
A5-R4,petg_ss50,a5_p1,DD,1.5000,1.2000,1.8000,74.6275,74.6275,74.6275,0.0000
A5-R4,dl_petg,a5_p1,DD,1.5000,1.2000,1.8000,70.6646,70.6646,70.6646,0.0000
A5-R4,bay_ss,a5_p1,DD,1.5000,1.2000,1.8000,88.8258,88.8258,88.8258,0.0000
A5-R4,dl_bay,a5_p1,DD,1.5000,1.2000,1.8000,69.8364,69.8364,69.8364,0.0000
A5-R4,cell30,a5_p1,DD,1.5000,1.2000,1.8000,51.8146,51.8146,51.8146,0.0000
A5-R4,main30,a5_p1,DD,1.5000,1.2000,1.8000,58.5638,58.5638,58.5638,0.0000
A5-R4,cell_ss50,a5_p1,DD,1.5000,1.2000,1.8000,61.3257,61.3257,61.3257,0.0000
A5-R4,dl_cell,a5_p1,DD,1.5000,1.2000,1.8000,59.5500,59.5500,59.5500,0.0000
A5-R4,dl_main,a5_p1,DD,1.5000,1.2000,1.8000,60.1992,60.1992,60.1992,0.0000
A5-R4,tj_ss,a5_rjc2,D,2.4000,2.1600,2.6400,142.0888,140.0634,144.1141,4.0507
A5-R4,tj_pk50,a5_rjc2,D,2.4000,2.1600,2.6400,114.5725,112.5556,116.5894,4.0338
A5-R4,tj_300,a5_rjc2,D,2.4000,2.1600,2.6400,109.1779,107.1603,111.1956,4.0353
A5-R4,tj_180,a5_rjc2,D,2.4000,2.1600,2.6400,96.6209,94.6062,98.6357,4.0295
A5-R4,case_ss,a5_rjc2,D,2.4000,2.1600,2.6400,121.8353,121.8353,121.8353,0.0000
A5-R4,dl_case,a5_rjc2,D,2.4000,2.1600,2.6400,84.4444,84.4444,84.4444,0.0000
A5-R4,surf5,a5_rjc2,D,2.4000,2.1600,2.6400,64.1822,64.1856,64.1788,0.0068
A5-R4,petg_ss,a5_rjc2,D,2.4000,2.1600,2.6400,92.2799,92.2799,92.2799,0.0000
A5-R4,petg_ss50,a5_rjc2,D,2.4000,2.1600,2.6400,74.6275,74.6275,74.6275,0.0000
A5-R4,dl_petg,a5_rjc2,D,2.4000,2.1600,2.6400,70.6646,70.6646,70.6646,0.0000
A5-R4,bay_ss,a5_rjc2,D,2.4000,2.1600,2.6400,88.8258,88.8258,88.8258,0.0000
A5-R4,dl_bay,a5_rjc2,D,2.4000,2.1600,2.6400,69.8364,69.8364,69.8364,0.0000
A5-R4,cell30,a5_rjc2,D,2.4000,2.1600,2.6400,51.8146,51.8146,51.8146,0.0001
A5-R4,main30,a5_rjc2,D,2.4000,2.1600,2.6400,58.5638,58.5639,58.5638,0.0001
A5-R4,cell_ss50,a5_rjc2,D,2.4000,2.1600,2.6400,61.3257,61.3257,61.3257,0.0000
A5-R4,dl_cell,a5_rjc2,D,2.4000,2.1600,2.6400,59.5500,59.5500,59.5500,0.0000
A5-R4,dl_main,a5_rjc2,D,2.4000,2.1600,2.6400,60.1992,60.1992,60.1992,0.0000
A5-R4,tj_ss,a5_rjc1,D,4.5000,4.0500,4.9500,142.0888,142.0888,142.0888,0.0000
A5-R4,tj_pk50,a5_rjc1,D,4.5000,4.0500,4.9500,114.5725,114.5732,114.5718,0.0013
A5-R4,tj_300,a5_rjc1,D,4.5000,4.0500,4.9500,109.1779,109.1785,109.1774,0.0011
A5-R4,tj_180,a5_rjc1,D,4.5000,4.0500,4.9500,96.6209,96.6217,96.6201,0.0016
A5-R4,case_ss,a5_rjc1,D,4.5000,4.0500,4.9500,121.8353,121.8353,121.8353,0.0000
A5-R4,dl_case,a5_rjc1,D,4.5000,4.0500,4.9500,84.4444,84.4444,84.4444,0.0000
A5-R4,surf5,a5_rjc1,D,4.5000,4.0500,4.9500,64.1822,64.1828,64.1816,0.0011
A5-R4,petg_ss,a5_rjc1,D,4.5000,4.0500,4.9500,92.2799,92.2799,92.2799,0.0000
A5-R4,petg_ss50,a5_rjc1,D,4.5000,4.0500,4.9500,74.6275,74.6275,74.6275,0.0000
A5-R4,dl_petg,a5_rjc1,D,4.5000,4.0500,4.9500,70.6646,70.6646,70.6646,0.0000
A5-R4,bay_ss,a5_rjc1,D,4.5000,4.0500,4.9500,88.8258,88.8258,88.8258,0.0000
A5-R4,dl_bay,a5_rjc1,D,4.5000,4.0500,4.9500,69.8364,69.8364,69.8364,0.0000
A5-R4,cell30,a5_rjc1,D,4.5000,4.0500,4.9500,51.8146,51.8146,51.8146,0.0000
A5-R4,main30,a5_rjc1,D,4.5000,4.0500,4.9500,58.5638,58.5638,58.5638,0.0000
A5-R4,cell_ss50,a5_rjc1,D,4.5000,4.0500,4.9500,61.3257,61.3257,61.3257,0.0000
A5-R4,dl_cell,a5_rjc1,D,4.5000,4.0500,4.9500,59.5500,59.5500,59.5500,0.0000
A5-R4,dl_main,a5_rjc1,D,4.5000,4.0500,4.9500,60.1992,60.1992,60.1992,0.0000
A5-R4,tj_ss,a5_bond,E,0.0001,0.0000,0.0001,142.0888,139.6452,144.5287,4.8835
A5-R4,tj_pk50,a5_bond,E,0.0001,0.0000,0.0001,114.5725,112.2538,116.8405,4.5867
A5-R4,tj_300,a5_bond,E,0.0001,0.0000,0.0001,109.1779,106.8626,111.4892,4.6265
A5-R4,tj_180,a5_bond,E,0.0001,0.0000,0.0001,96.6209,94.3481,98.8896,4.5416
A5-R4,case_ss,a5_bond,E,0.0001,0.0000,0.0001,121.8353,119.3917,124.2752,4.8835
A5-R4,dl_case,a5_bond,E,0.0001,0.0000,0.0001,84.4444,83.4690,85.4185,1.9495
A5-R4,surf5,a5_bond,E,0.0001,0.0000,0.0001,64.1822,64.2706,64.0938,0.1768
A5-R4,petg_ss,a5_bond,E,0.0001,0.0000,0.0001,92.2799,92.2762,92.2837,0.0075
A5-R4,petg_ss50,a5_bond,E,0.0001,0.0000,0.0001,74.6275,74.6237,74.6313,0.0076
A5-R4,dl_petg,a5_bond,E,0.0001,0.0000,0.0001,70.6646,70.6616,70.6676,0.0060
A5-R4,bay_ss,a5_bond,E,0.0001,0.0000,0.0001,88.8258,88.7981,88.8534,0.0553
A5-R4,dl_bay,a5_bond,E,0.0001,0.0000,0.0001,69.8364,69.8224,69.8503,0.0280
A5-R4,cell30,a5_bond,E,0.0001,0.0000,0.0001,51.8146,51.8144,51.8148,0.0004
A5-R4,main30,a5_bond,E,0.0001,0.0000,0.0001,58.5638,58.5627,58.5650,0.0023
A5-R4,cell_ss50,a5_bond,E,0.0001,0.0000,0.0001,61.3257,61.3242,61.3273,0.0031
A5-R4,dl_cell,a5_bond,E,0.0001,0.0000,0.0001,59.5500,59.5488,59.5513,0.0025
A5-R4,dl_main,a5_bond,E,0.0001,0.0000,0.0001,60.1992,60.1976,60.2008,0.0032
A5-R4,tj_ss,k_tim,E,0.7000,0.6000,0.8000,142.0888,142.9025,141.4782,1.4243
A5-R4,tj_pk50,k_tim,E,0.7000,0.6000,0.8000,114.5725,115.3377,113.9950,1.3427
A5-R4,tj_300,k_tim,E,0.7000,0.6000,0.8000,109.1779,109.9488,108.5995,1.3493
A5-R4,tj_180,k_tim,E,0.7000,0.6000,0.8000,96.6209,97.3776,96.0531,1.3245
A5-R4,case_ss,k_tim,E,0.7000,0.6000,0.8000,121.8353,122.6490,121.2247,1.4243
A5-R4,dl_case,k_tim,E,0.7000,0.6000,0.8000,84.4444,84.7693,84.2007,0.5686
A5-R4,surf5,k_tim,E,0.7000,0.6000,0.8000,64.1822,64.1527,64.2043,0.0516
A5-R4,petg_ss,k_tim,E,0.7000,0.6000,0.8000,92.2799,92.2812,92.2790,0.0022
A5-R4,petg_ss50,k_tim,E,0.7000,0.6000,0.8000,74.6275,74.6287,74.6265,0.0022
A5-R4,dl_petg,k_tim,E,0.7000,0.6000,0.8000,70.6646,70.6656,70.6639,0.0018
A5-R4,bay_ss,k_tim,E,0.7000,0.6000,0.8000,88.8258,88.8350,88.8189,0.0161
A5-R4,dl_bay,k_tim,E,0.7000,0.6000,0.8000,69.8364,69.8410,69.8329,0.0082
A5-R4,cell30,k_tim,E,0.7000,0.6000,0.8000,51.8146,51.8147,51.8146,0.0001
A5-R4,main30,k_tim,E,0.7000,0.6000,0.8000,58.5638,58.5642,58.5636,0.0007
A5-R4,cell_ss50,k_tim,E,0.7000,0.6000,0.8000,61.3257,61.3262,61.3253,0.0009
A5-R4,dl_cell,k_tim,E,0.7000,0.6000,0.8000,59.5500,59.5505,59.5497,0.0007
A5-R4,dl_main,k_tim,E,0.7000,0.6000,0.8000,60.1992,60.1998,60.1988,0.0009
A5-R4,tj_ss,r_spread_x,E,0.0000,0.0000,0.3000,142.0888,142.0888,144.9988,2.9100
A5-R4,tj_pk50,r_spread_x,E,0.0000,0.0000,0.3000,114.5725,114.5725,117.2658,2.6933
A5-R4,tj_300,r_spread_x,E,0.0000,0.0000,0.3000,109.1779,109.1779,111.9343,2.7564
A5-R4,tj_180,r_spread_x,E,0.0000,0.0000,0.3000,96.6209,96.6209,99.3266,2.7056
A5-R4,case_ss,r_spread_x,E,0.0000,0.0000,0.3000,121.8353,121.8353,124.7452,2.9100
A5-R4,dl_case,r_spread_x,E,0.0000,0.0000,0.3000,84.4444,84.4444,85.6061,1.1617
A5-R4,surf5,r_spread_x,E,0.0000,0.0000,0.3000,64.1822,64.1822,64.0767,0.1055
A5-R4,petg_ss,r_spread_x,E,0.0000,0.0000,0.3000,92.2799,92.2799,92.2844,0.0045
A5-R4,petg_ss50,r_spread_x,E,0.0000,0.0000,0.3000,74.6275,74.6275,74.6320,0.0045
A5-R4,dl_petg,r_spread_x,E,0.0000,0.0000,0.3000,70.6646,70.6646,70.6682,0.0036
A5-R4,bay_ss,r_spread_x,E,0.0000,0.0000,0.3000,88.8258,88.8258,88.8587,0.0329
A5-R4,dl_bay,r_spread_x,E,0.0000,0.0000,0.3000,69.8364,69.8364,69.8530,0.0167
A5-R4,cell30,r_spread_x,E,0.0000,0.0000,0.3000,51.8146,51.8146,51.8148,0.0002
A5-R4,main30,r_spread_x,E,0.0000,0.0000,0.3000,58.5638,58.5638,58.5652,0.0013
A5-R4,cell_ss50,r_spread_x,E,0.0000,0.0000,0.3000,61.3257,61.3257,61.3276,0.0019
A5-R4,dl_cell,r_spread_x,E,0.0000,0.0000,0.3000,59.5500,59.5500,59.5516,0.0015
A5-R4,dl_main,r_spread_x,E,0.0000,0.0000,0.3000,60.1992,60.1992,60.2011,0.0019
A5-R4,tj_ss,a4_isat,DD,1.3870,1.2610,1.5580,142.0888,142.0888,142.0888,0.0000
A5-R4,tj_pk50,a4_isat,DD,1.3870,1.2610,1.5580,114.5725,114.5725,114.5725,0.0000
A5-R4,tj_300,a4_isat,DD,1.3870,1.2610,1.5580,109.1779,109.1779,109.1779,0.0000
A5-R4,tj_180,a4_isat,DD,1.3870,1.2610,1.5580,96.6209,96.6209,96.6209,0.0000
A5-R4,case_ss,a4_isat,DD,1.3870,1.2610,1.5580,121.8353,121.8353,121.8353,0.0000
A5-R4,dl_case,a4_isat,DD,1.3870,1.2610,1.5580,84.4444,84.4444,84.4444,0.0000
A5-R4,surf5,a4_isat,DD,1.3870,1.2610,1.5580,64.1822,64.1822,64.1822,0.0000
A5-R4,petg_ss,a4_isat,DD,1.3870,1.2610,1.5580,92.2799,92.2799,92.2799,0.0000
A5-R4,petg_ss50,a4_isat,DD,1.3870,1.2610,1.5580,74.6275,74.6275,74.6275,0.0000
A5-R4,dl_petg,a4_isat,DD,1.3870,1.2610,1.5580,70.6646,70.6646,70.6646,0.0000
A5-R4,bay_ss,a4_isat,DD,1.3870,1.2610,1.5580,88.8258,88.8258,88.8258,0.0000
A5-R4,dl_bay,a4_isat,DD,1.3870,1.2610,1.5580,69.8364,69.8364,69.8364,0.0000
A5-R4,cell30,a4_isat,DD,1.3870,1.2610,1.5580,51.8146,51.8146,51.8146,0.0000
A5-R4,main30,a4_isat,DD,1.3870,1.2610,1.5580,58.5638,58.5638,58.5638,0.0000
A5-R4,cell_ss50,a4_isat,DD,1.3870,1.2610,1.5580,61.3257,61.3257,61.3257,0.0000
A5-R4,dl_cell,a4_isat,DD,1.3870,1.2610,1.5580,59.5500,59.5500,59.5500,0.0000
A5-R4,dl_main,a4_isat,DD,1.3870,1.2610,1.5580,60.1992,60.1992,60.1992,0.0000
A5-R4,tj_ss,a4_rjc,D,4.4000,3.9600,4.8400,142.0888,142.0888,142.0888,0.0000
A5-R4,tj_pk50,a4_rjc,D,4.4000,3.9600,4.8400,114.5725,114.5725,114.5725,0.0000
A5-R4,tj_300,a4_rjc,D,4.4000,3.9600,4.8400,109.1779,109.1779,109.1779,0.0000
A5-R4,tj_180,a4_rjc,D,4.4000,3.9600,4.8400,96.6209,96.6209,96.6209,0.0000
A5-R4,case_ss,a4_rjc,D,4.4000,3.9600,4.8400,121.8353,121.8353,121.8353,0.0000
A5-R4,dl_case,a4_rjc,D,4.4000,3.9600,4.8400,84.4444,84.4444,84.4444,0.0000
A5-R4,surf5,a4_rjc,D,4.4000,3.9600,4.8400,64.1822,64.1822,64.1822,0.0000
A5-R4,petg_ss,a4_rjc,D,4.4000,3.9600,4.8400,92.2799,92.2799,92.2799,0.0000
A5-R4,petg_ss50,a4_rjc,D,4.4000,3.9600,4.8400,74.6275,74.6275,74.6275,0.0000
A5-R4,dl_petg,a4_rjc,D,4.4000,3.9600,4.8400,70.6646,70.6646,70.6646,0.0000
A5-R4,bay_ss,a4_rjc,D,4.4000,3.9600,4.8400,88.8258,88.8258,88.8258,0.0000
A5-R4,dl_bay,a4_rjc,D,4.4000,3.9600,4.8400,69.8364,69.8364,69.8364,0.0000
A5-R4,cell30,a4_rjc,D,4.4000,3.9600,4.8400,51.8146,51.8146,51.8146,0.0000
A5-R4,main30,a4_rjc,D,4.4000,3.9600,4.8400,58.5638,58.5638,58.5638,0.0000
A5-R4,cell_ss50,a4_rjc,D,4.4000,3.9600,4.8400,61.3257,61.3257,61.3257,0.0000
A5-R4,dl_cell,a4_rjc,D,4.4000,3.9600,4.8400,59.5500,59.5500,59.5500,0.0000
A5-R4,dl_main,a4_rjc,D,4.4000,3.9600,4.8400,60.1992,60.1992,60.1992,0.0000
A5-R4,tj_ss,a4_r_pad,E,0.8000,0.5000,1.5000,142.0888,142.0888,142.0888,0.0000
A5-R4,tj_pk50,a4_r_pad,E,0.8000,0.5000,1.5000,114.5725,114.5725,114.5725,0.0000
A5-R4,tj_300,a4_r_pad,E,0.8000,0.5000,1.5000,109.1779,109.1779,109.1779,0.0000
A5-R4,tj_180,a4_r_pad,E,0.8000,0.5000,1.5000,96.6209,96.6209,96.6209,0.0000
A5-R4,case_ss,a4_r_pad,E,0.8000,0.5000,1.5000,121.8353,121.8353,121.8353,0.0000
A5-R4,dl_case,a4_r_pad,E,0.8000,0.5000,1.5000,84.4444,84.4444,84.4444,0.0000
A5-R4,surf5,a4_r_pad,E,0.8000,0.5000,1.5000,64.1822,64.1822,64.1822,0.0000
A5-R4,petg_ss,a4_r_pad,E,0.8000,0.5000,1.5000,92.2799,92.2799,92.2799,0.0000
A5-R4,petg_ss50,a4_r_pad,E,0.8000,0.5000,1.5000,74.6275,74.6275,74.6275,0.0000
A5-R4,dl_petg,a4_r_pad,E,0.8000,0.5000,1.5000,70.6646,70.6646,70.6646,0.0000
A5-R4,bay_ss,a4_r_pad,E,0.8000,0.5000,1.5000,88.8258,88.8258,88.8258,0.0000
A5-R4,dl_bay,a4_r_pad,E,0.8000,0.5000,1.5000,69.8364,69.8364,69.8364,0.0000
A5-R4,cell30,a4_r_pad,E,0.8000,0.5000,1.5000,51.8146,51.8146,51.8146,0.0000
A5-R4,main30,a4_r_pad,E,0.8000,0.5000,1.5000,58.5638,58.5638,58.5638,0.0000
A5-R4,cell_ss50,a4_r_pad,E,0.8000,0.5000,1.5000,61.3257,61.3257,61.3257,0.0000
A5-R4,dl_cell,a4_r_pad,E,0.8000,0.5000,1.5000,59.5500,59.5500,59.5500,0.0000
A5-R4,dl_main,a4_r_pad,E,0.8000,0.5000,1.5000,60.1992,60.1992,60.1992,0.0000
A5-R4,tj_ss,a4_r_via,DD,1.1000,0.9000,1.6000,142.0888,142.0888,142.0888,0.0000
A5-R4,tj_pk50,a4_r_via,DD,1.1000,0.9000,1.6000,114.5725,114.5725,114.5725,0.0000
A5-R4,tj_300,a4_r_via,DD,1.1000,0.9000,1.6000,109.1779,109.1779,109.1779,0.0000
A5-R4,tj_180,a4_r_via,DD,1.1000,0.9000,1.6000,96.6209,96.6209,96.6209,0.0000
A5-R4,case_ss,a4_r_via,DD,1.1000,0.9000,1.6000,121.8353,121.8353,121.8353,0.0000
A5-R4,dl_case,a4_r_via,DD,1.1000,0.9000,1.6000,84.4444,84.4444,84.4444,0.0000
A5-R4,surf5,a4_r_via,DD,1.1000,0.9000,1.6000,64.1822,64.1822,64.1822,0.0000
A5-R4,petg_ss,a4_r_via,DD,1.1000,0.9000,1.6000,92.2799,92.2799,92.2799,0.0000
A5-R4,petg_ss50,a4_r_via,DD,1.1000,0.9000,1.6000,74.6275,74.6275,74.6275,0.0000
A5-R4,dl_petg,a4_r_via,DD,1.1000,0.9000,1.6000,70.6646,70.6646,70.6646,0.0000
A5-R4,bay_ss,a4_r_via,DD,1.1000,0.9000,1.6000,88.8258,88.8258,88.8258,0.0000
A5-R4,dl_bay,a4_r_via,DD,1.1000,0.9000,1.6000,69.8364,69.8364,69.8364,0.0000
A5-R4,cell30,a4_r_via,DD,1.1000,0.9000,1.6000,51.8146,51.8146,51.8146,0.0000
A5-R4,main30,a4_r_via,DD,1.1000,0.9000,1.6000,58.5638,58.5638,58.5638,0.0000
A5-R4,cell_ss50,a4_r_via,DD,1.1000,0.9000,1.6000,61.3257,61.3257,61.3257,0.0000
A5-R4,dl_cell,a4_r_via,DD,1.1000,0.9000,1.6000,59.5500,59.5500,59.5500,0.0000
A5-R4,dl_main,a4_r_via,DD,1.1000,0.9000,1.6000,60.1992,60.1992,60.1992,0.0000
A5-R4,tj_ss,a4_r_bs,E,0.6000,0.4000,1.0000,142.0888,142.0888,142.0888,0.0000
A5-R4,tj_pk50,a4_r_bs,E,0.6000,0.4000,1.0000,114.5725,114.5725,114.5725,0.0000
A5-R4,tj_300,a4_r_bs,E,0.6000,0.4000,1.0000,109.1779,109.1779,109.1779,0.0000
A5-R4,tj_180,a4_r_bs,E,0.6000,0.4000,1.0000,96.6209,96.6209,96.6209,0.0000
A5-R4,case_ss,a4_r_bs,E,0.6000,0.4000,1.0000,121.8353,121.8353,121.8353,0.0000
A5-R4,dl_case,a4_r_bs,E,0.6000,0.4000,1.0000,84.4444,84.4444,84.4444,0.0000
A5-R4,surf5,a4_r_bs,E,0.6000,0.4000,1.0000,64.1822,64.1822,64.1822,0.0000
A5-R4,petg_ss,a4_r_bs,E,0.6000,0.4000,1.0000,92.2799,92.2799,92.2799,0.0000
A5-R4,petg_ss50,a4_r_bs,E,0.6000,0.4000,1.0000,74.6275,74.6275,74.6275,0.0000
A5-R4,dl_petg,a4_r_bs,E,0.6000,0.4000,1.0000,70.6646,70.6646,70.6646,0.0000
A5-R4,bay_ss,a4_r_bs,E,0.6000,0.4000,1.0000,88.8258,88.8258,88.8258,0.0000
A5-R4,dl_bay,a4_r_bs,E,0.6000,0.4000,1.0000,69.8364,69.8364,69.8364,0.0000
A5-R4,cell30,a4_r_bs,E,0.6000,0.4000,1.0000,51.8146,51.8146,51.8146,0.0000
A5-R4,main30,a4_r_bs,E,0.6000,0.4000,1.0000,58.5638,58.5638,58.5638,0.0000
A5-R4,cell_ss50,a4_r_bs,E,0.6000,0.4000,1.0000,61.3257,61.3257,61.3257,0.0000
A5-R4,dl_cell,a4_r_bs,E,0.6000,0.4000,1.0000,59.5500,59.5500,59.5500,0.0000
A5-R4,dl_main,a4_r_bs,E,0.6000,0.4000,1.0000,60.1992,60.1992,60.1992,0.0000
A5-R4,tj_ss,a4_gva_on_sink,E,0.5000,0.0000,0.5000,142.0888,142.0888,142.0888,0.0000
A5-R4,tj_pk50,a4_gva_on_sink,E,0.5000,0.0000,0.5000,114.5725,114.5725,114.5725,0.0000
A5-R4,tj_300,a4_gva_on_sink,E,0.5000,0.0000,0.5000,109.1779,109.1779,109.1779,0.0000
A5-R4,tj_180,a4_gva_on_sink,E,0.5000,0.0000,0.5000,96.6209,96.6209,96.6209,0.0000
A5-R4,case_ss,a4_gva_on_sink,E,0.5000,0.0000,0.5000,121.8353,121.8353,121.8353,0.0000
A5-R4,dl_case,a4_gva_on_sink,E,0.5000,0.0000,0.5000,84.4444,84.4444,84.4444,0.0000
A5-R4,surf5,a4_gva_on_sink,E,0.5000,0.0000,0.5000,64.1822,64.1822,64.1822,0.0000
A5-R4,petg_ss,a4_gva_on_sink,E,0.5000,0.0000,0.5000,92.2799,92.2799,92.2799,0.0000
A5-R4,petg_ss50,a4_gva_on_sink,E,0.5000,0.0000,0.5000,74.6275,74.6275,74.6275,0.0000
A5-R4,dl_petg,a4_gva_on_sink,E,0.5000,0.0000,0.5000,70.6646,70.6646,70.6646,0.0000
A5-R4,bay_ss,a4_gva_on_sink,E,0.5000,0.0000,0.5000,88.8258,88.8258,88.8258,0.0000
A5-R4,dl_bay,a4_gva_on_sink,E,0.5000,0.0000,0.5000,69.8364,69.8364,69.8364,0.0000
A5-R4,cell30,a4_gva_on_sink,E,0.5000,0.0000,0.5000,51.8146,51.8146,51.8146,0.0000
A5-R4,main30,a4_gva_on_sink,E,0.5000,0.0000,0.5000,58.5638,58.5638,58.5638,0.0000
A5-R4,cell_ss50,a4_gva_on_sink,E,0.5000,0.0000,0.5000,61.3257,61.3257,61.3257,0.0000
A5-R4,dl_cell,a4_gva_on_sink,E,0.5000,0.0000,0.5000,59.5500,59.5500,59.5500,0.0000
A5-R4,dl_main,a4_gva_on_sink,E,0.5000,0.0000,0.5000,60.1992,60.1992,60.1992,0.0000
A5-R4,tj_ss,sink_mass,DD,57.0000,52.0000,62.0000,142.0888,142.0888,142.0888,0.0000
A5-R4,tj_pk50,sink_mass,DD,57.0000,52.0000,62.0000,114.5725,114.5887,114.5592,0.0294
A5-R4,tj_300,sink_mass,DD,57.0000,52.0000,62.0000,109.1779,111.3009,107.2319,4.0690
A5-R4,tj_180,sink_mass,DD,57.0000,52.0000,62.0000,96.6209,98.4279,95.0200,3.4078
A5-R4,case_ss,sink_mass,DD,57.0000,52.0000,62.0000,121.8353,121.8353,121.8353,0.0000
A5-R4,dl_case,sink_mass,DD,57.0000,52.0000,62.0000,84.4444,84.4444,84.4444,0.0000
A5-R4,surf5,sink_mass,DD,57.0000,52.0000,62.0000,64.1822,66.3126,62.2284,4.0842
A5-R4,petg_ss,sink_mass,DD,57.0000,52.0000,62.0000,92.2799,92.2799,92.2799,0.0000
A5-R4,petg_ss50,sink_mass,DD,57.0000,52.0000,62.0000,74.6275,74.6275,74.6275,0.0000
A5-R4,dl_petg,sink_mass,DD,57.0000,52.0000,62.0000,70.6646,70.6646,70.6646,0.0000
A5-R4,bay_ss,sink_mass,DD,57.0000,52.0000,62.0000,88.8258,88.8258,88.8258,0.0000
A5-R4,dl_bay,sink_mass,DD,57.0000,52.0000,62.0000,69.8364,69.8364,69.8364,0.0000
A5-R4,cell30,sink_mass,DD,57.0000,52.0000,62.0000,51.8146,51.8349,51.7951,0.0398
A5-R4,main30,sink_mass,DD,57.0000,52.0000,62.0000,58.5638,58.6056,58.5211,0.0845
A5-R4,cell_ss50,sink_mass,DD,57.0000,52.0000,62.0000,61.3257,61.3257,61.3257,0.0000
A5-R4,dl_cell,sink_mass,DD,57.0000,52.0000,62.0000,59.5500,59.5500,59.5500,0.0000
A5-R4,dl_main,sink_mass,DD,57.0000,52.0000,62.0000,60.1992,60.1992,60.1992,0.0000
A5-R4,tj_ss,k_cat,DD,1.0000,0.9300,1.0700,142.0888,146.0445,138.5972,7.4473
A5-R4,tj_pk50,k_cat,DD,1.0000,0.9300,1.0700,114.5725,116.3724,112.9528,3.4196
A5-R4,tj_300,k_cat,DD,1.0000,0.9300,1.0700,109.1779,109.8728,108.5111,1.3617
A5-R4,tj_180,k_cat,DD,1.0000,0.9300,1.0700,96.6209,96.9244,96.3249,0.5995
A5-R4,case_ss,k_cat,DD,1.0000,0.9300,1.0700,121.8353,125.7910,118.3437,7.4473
A5-R4,dl_case,k_cat,DD,1.0000,0.9300,1.0700,84.4444,86.1299,82.9341,3.1957
A5-R4,surf5,k_cat,DD,1.0000,0.9300,1.0700,64.1822,64.8846,63.5083,1.3763
A5-R4,petg_ss,k_cat,DD,1.0000,0.9300,1.0700,92.2799,93.2123,91.3785,1.8338
A5-R4,petg_ss50,k_cat,DD,1.0000,0.9300,1.0700,74.6275,75.0562,74.2141,0.8420
A5-R4,dl_petg,k_cat,DD,1.0000,0.9300,1.0700,70.6646,71.0731,70.2697,0.8034
A5-R4,bay_ss,k_cat,DD,1.0000,0.9300,1.0700,88.8258,89.5257,88.1516,1.3741
A5-R4,dl_bay,k_cat,DD,1.0000,0.9300,1.0700,69.8364,70.1633,69.5216,0.6416
A5-R4,cell30,k_cat,DD,1.0000,0.9300,1.0700,51.8146,51.8159,51.8125,0.0035
A5-R4,main30,k_cat,DD,1.0000,0.9300,1.0700,58.5638,58.5919,58.5342,0.0577
A5-R4,cell_ss50,k_cat,DD,1.0000,0.9300,1.0700,61.3257,61.3813,61.2722,0.1091
A5-R4,dl_cell,k_cat,DD,1.0000,0.9300,1.0700,59.5500,59.6032,59.4988,0.1044
A5-R4,dl_main,k_cat,DD,1.0000,0.9300,1.0700,60.1992,60.2663,60.1345,0.1318
A5-R4,tj_ss,k_orient,E,1.3500,1.1000,2.0000,142.0888,132.0568,166.4849,34.4281
A5-R4,tj_pk50,k_orient,E,1.3500,1.1000,2.0000,114.5725,109.6846,124.9689,15.2843
A5-R4,tj_300,k_orient,E,1.3500,1.1000,2.0000,109.1779,107.1069,112.6683,5.5614
A5-R4,tj_180,k_orient,E,1.3500,1.1000,2.0000,96.6209,95.6858,98.0977,2.4119
A5-R4,case_ss,k_orient,E,1.3500,1.1000,2.0000,121.8353,111.8033,146.2314,34.4281
A5-R4,dl_case,k_orient,E,1.3500,1.1000,2.0000,84.4444,80.0451,93.9156,13.8705
A5-R4,surf5,k_orient,E,1.3500,1.1000,2.0000,64.1822,62.0900,67.7116,5.6216
A5-R4,petg_ss,k_orient,E,1.3500,1.1000,2.0000,92.2799,89.4603,96.8845,7.4242
A5-R4,petg_ss50,k_orient,E,1.3500,1.1000,2.0000,74.6275,73.2881,76.7427,3.4546
A5-R4,dl_petg,k_orient,E,1.3500,1.1000,2.0000,70.6646,69.4278,72.6032,3.1754
A5-R4,bay_ss,k_orient,E,1.3500,1.1000,2.0000,88.8258,86.7199,92.3460,5.6260
A5-R4,dl_bay,k_orient,E,1.3500,1.1000,2.0000,69.8364,68.8533,71.4114,2.5581
A5-R4,cell30,k_orient,E,1.3500,1.1000,2.0000,51.8146,51.8053,51.8107,0.0054
A5-R4,main30,k_orient,E,1.3500,1.1000,2.0000,58.5638,58.4650,58.6712,0.2062
A5-R4,cell_ss50,k_orient,E,1.3500,1.1000,2.0000,61.3257,61.1527,61.6022,0.4495
A5-R4,dl_cell,k_orient,E,1.3500,1.1000,2.0000,59.5500,59.3898,59.8044,0.4146
A5-R4,dl_main,k_orient,E,1.3500,1.1000,2.0000,60.1992,59.9970,60.5203,0.5233
A5-R4,tj_ss,r_frac,E,0.3500,0.2500,0.4500,142.0888,142.8606,141.6694,1.1912
A5-R4,tj_pk50,r_frac,E,0.3500,0.2500,0.4500,114.5725,114.9988,114.2986,0.7002
A5-R4,tj_300,r_frac,E,0.3500,0.2500,0.4500,109.1779,109.5885,108.8270,0.7615
A5-R4,tj_180,r_frac,E,0.3500,0.2500,0.4500,96.6209,96.8287,96.4325,0.3961
A5-R4,case_ss,r_frac,E,0.3500,0.2500,0.4500,121.8353,122.6071,121.4159,1.1912
A5-R4,dl_case,r_frac,E,0.3500,0.2500,0.4500,84.4444,84.8665,84.1635,0.7030
A5-R4,surf5,r_frac,E,0.3500,0.2500,0.4500,64.1822,64.5963,63.8307,0.7655
A5-R4,petg_ss,r_frac,E,0.3500,0.2500,0.4500,92.2799,90.3021,93.9581,3.6560
A5-R4,petg_ss50,r_frac,E,0.3500,0.2500,0.4500,74.6275,73.5752,75.5230,1.9478
A5-R4,dl_petg,r_frac,E,0.3500,0.2500,0.4500,70.6646,69.8493,71.3628,1.5134
A5-R4,bay_ss,r_frac,E,0.3500,0.2500,0.4500,88.8258,89.3128,88.3603,0.9525
A5-R4,dl_bay,r_frac,E,0.3500,0.2500,0.4500,69.8364,70.0382,69.6474,0.3908
A5-R4,cell30,r_frac,E,0.3500,0.2500,0.4500,51.8146,51.7943,51.8308,0.0364
A5-R4,main30,r_frac,E,0.3500,0.2500,0.4500,58.5638,58.5005,58.6139,0.1134
A5-R4,cell_ss50,r_frac,E,0.3500,0.2500,0.4500,61.3257,61.2703,61.3706,0.1003
A5-R4,dl_cell,r_frac,E,0.3500,0.2500,0.4500,59.5500,59.5084,59.5840,0.0756
A5-R4,dl_main,r_frac,E,0.3500,0.2500,0.4500,60.1992,60.1467,60.2421,0.0954
A5-R4,tj_ss,eta_encl,E,0.6000,0.4000,0.8000,142.0888,144.1353,140.4897,3.6456
A5-R4,tj_pk50,eta_encl,E,0.6000,0.4000,0.8000,114.5725,115.4259,113.8864,1.5395
A5-R4,tj_300,eta_encl,E,0.6000,0.4000,0.8000,109.1779,109.7241,108.6873,1.0368
A5-R4,tj_180,eta_encl,E,0.6000,0.4000,0.8000,96.6209,96.8668,96.3910,0.4758
A5-R4,case_ss,eta_encl,E,0.6000,0.4000,0.8000,121.8353,123.8818,120.2362,3.6456
A5-R4,dl_case,eta_encl,E,0.6000,0.4000,0.8000,84.4444,85.2052,83.8366,1.3686
A5-R4,surf5,eta_encl,E,0.6000,0.4000,0.8000,64.1822,64.7331,63.6880,1.0451
A5-R4,petg_ss,eta_encl,E,0.6000,0.4000,0.8000,92.2799,92.0150,92.4829,0.4679
A5-R4,petg_ss50,eta_encl,E,0.6000,0.4000,0.8000,74.6275,74.3866,74.8177,0.4311
A5-R4,dl_petg,eta_encl,E,0.6000,0.4000,0.8000,70.6646,70.4818,70.8082,0.3264
A5-R4,bay_ss,eta_encl,E,0.6000,0.4000,0.8000,88.8258,86.8808,90.3220,3.4412
A5-R4,dl_bay,eta_encl,E,0.6000,0.4000,0.8000,69.8364,68.9853,70.5042,1.5189
A5-R4,cell30,eta_encl,E,0.6000,0.4000,0.8000,51.8146,51.7821,51.8411,0.0591
A5-R4,main30,eta_encl,E,0.6000,0.4000,0.8000,58.5638,58.4584,58.6474,0.1890
A5-R4,cell_ss50,eta_encl,E,0.6000,0.4000,0.8000,61.3257,61.2266,61.4037,0.1771
A5-R4,dl_cell,eta_encl,E,0.6000,0.4000,0.8000,59.5500,59.4726,59.6108,0.1382
A5-R4,dl_main,eta_encl,E,0.6000,0.4000,0.8000,60.1992,60.1015,60.2759,0.1745
A5-R4,tj_ss,eta_wall,E,0.6000,0.4500,0.7500,142.0888,142.0888,142.0888,0.0000
A5-R4,tj_pk50,eta_wall,E,0.6000,0.4500,0.7500,114.5725,114.5725,114.5725,0.0000
A5-R4,tj_300,eta_wall,E,0.6000,0.4500,0.7500,109.1779,109.1779,109.1779,0.0000
A5-R4,tj_180,eta_wall,E,0.6000,0.4500,0.7500,96.6209,96.6209,96.6209,0.0000
A5-R4,case_ss,eta_wall,E,0.6000,0.4500,0.7500,121.8353,121.8353,121.8353,0.0000
A5-R4,dl_case,eta_wall,E,0.6000,0.4500,0.7500,84.4444,84.4444,84.4444,0.0000
A5-R4,surf5,eta_wall,E,0.6000,0.4500,0.7500,64.1822,64.1822,64.1822,0.0000
A5-R4,petg_ss,eta_wall,E,0.6000,0.4500,0.7500,92.2799,92.2799,92.2799,0.0000
A5-R4,petg_ss50,eta_wall,E,0.6000,0.4500,0.7500,74.6275,74.6275,74.6275,0.0000
A5-R4,dl_petg,eta_wall,E,0.6000,0.4500,0.7500,70.6646,70.6646,70.6646,0.0000
A5-R4,bay_ss,eta_wall,E,0.6000,0.4500,0.7500,88.8258,88.8258,88.8258,0.0000
A5-R4,dl_bay,eta_wall,E,0.6000,0.4500,0.7500,69.8364,69.8364,69.8364,0.0000
A5-R4,cell30,eta_wall,E,0.6000,0.4500,0.7500,51.8146,51.8146,51.8146,0.0000
A5-R4,main30,eta_wall,E,0.6000,0.4500,0.7500,58.5638,58.5638,58.5638,0.0000
A5-R4,cell_ss50,eta_wall,E,0.6000,0.4500,0.7500,61.3257,61.3257,61.3257,0.0000
A5-R4,dl_cell,eta_wall,E,0.6000,0.4500,0.7500,59.5500,59.5500,59.5500,0.0000
A5-R4,dl_main,eta_wall,E,0.6000,0.4500,0.7500,60.1992,60.1992,60.1992,0.0000
A5-R4,tj_ss,eta_guard3,E,0.7500,0.6000,0.8500,142.0888,148.0881,138.5695,9.5187
A5-R4,tj_pk50,eta_guard3,E,0.7500,0.6000,0.8500,114.5725,117.3225,112.9437,4.3788
A5-R4,tj_300,eta_guard3,E,0.7500,0.6000,0.8500,109.1779,109.9723,108.6631,1.3092
A5-R4,tj_180,eta_guard3,E,0.7500,0.6000,0.8500,96.6209,96.9480,96.4063,0.5417
A5-R4,case_ss,eta_guard3,E,0.7500,0.6000,0.8500,121.8353,127.8346,118.3159,9.5187
A5-R4,dl_case,eta_guard3,E,0.7500,0.6000,0.8500,84.4444,87.0165,82.9174,4.0991
A5-R4,surf5,eta_guard3,E,0.7500,0.6000,0.8500,64.1822,64.9869,63.6607,1.3262
A5-R4,petg_ss,eta_guard3,E,0.7500,0.6000,0.8500,92.2799,95.1448,90.5855,4.5594
A5-R4,petg_ss50,eta_guard3,E,0.7500,0.6000,0.8500,74.6275,76.0882,73.7711,2.3171
A5-R4,dl_petg,eta_guard3,E,0.7500,0.6000,0.8500,70.6646,71.9439,69.9116,2.0323
A5-R4,bay_ss,eta_guard3,E,0.7500,0.6000,0.8500,88.8258,91.0574,87.5043,3.5531
A5-R4,dl_bay,eta_guard3,E,0.7500,0.6000,0.8500,69.8364,70.8675,69.2283,1.6392
A5-R4,cell30,eta_guard3,E,0.7500,0.6000,0.8500,51.8146,51.8451,51.7959,0.0492
A5-R4,main30,eta_guard3,E,0.7500,0.6000,0.8500,58.5638,58.7069,58.4770,0.2300
A5-R4,cell_ss50,eta_guard3,E,0.7500,0.6000,0.8500,61.3257,61.5166,61.2139,0.3027
A5-R4,dl_cell,eta_guard3,E,0.7500,0.6000,0.8500,59.5500,59.7172,59.4517,0.2655
A5-R4,dl_main,eta_guard3,E,0.7500,0.6000,0.8500,60.1992,60.4102,60.0751,0.3351
A5-R4,tj_ss,phi3,E,0.5000,0.3500,0.6500,142.0888,141.3512,142.9005,1.5493
A5-R4,tj_pk50,phi3,E,0.5000,0.3500,0.6500,114.5725,114.1844,115.0040,0.8196
A5-R4,tj_300,phi3,E,0.5000,0.3500,0.6500,109.1779,109.1161,109.2464,0.1303
A5-R4,tj_180,phi3,E,0.5000,0.3500,0.6500,96.6209,96.6030,96.6408,0.0378
A5-R4,case_ss,phi3,E,0.5000,0.3500,0.6500,121.8353,121.0977,122.6470,1.5493
A5-R4,dl_case,phi3,E,0.5000,0.3500,0.6500,84.4444,84.0679,84.8660,0.7981
A5-R4,surf5,phi3,E,0.5000,0.3500,0.6500,64.1822,64.1179,64.2534,0.1354
A5-R4,petg_ss,phi3,E,0.5000,0.3500,0.6500,92.2799,91.9257,92.6693,0.7436
A5-R4,petg_ss50,phi3,E,0.5000,0.3500,0.6500,74.6275,74.4226,74.8558,0.4332
A5-R4,dl_petg,phi3,E,0.5000,0.3500,0.6500,70.6646,70.4785,70.8734,0.3949
A5-R4,bay_ss,phi3,E,0.5000,0.3500,0.6500,88.8258,88.5496,89.1293,0.5797
A5-R4,dl_bay,phi3,E,0.5000,0.3500,0.6500,69.8364,69.6861,70.0048,0.3186
A5-R4,cell30,phi3,E,0.5000,0.3500,0.6500,51.8146,51.8108,51.8189,0.0081
A5-R4,main30,phi3,E,0.5000,0.3500,0.6500,58.5638,58.5445,58.5853,0.0408
A5-R4,cell_ss50,phi3,E,0.5000,0.3500,0.6500,61.3257,61.2990,61.3555,0.0566
A5-R4,dl_cell,phi3,E,0.5000,0.3500,0.6500,59.5500,59.5257,59.5773,0.0516
A5-R4,dl_main,phi3,E,0.5000,0.3500,0.6500,60.1992,60.1685,60.2336,0.0651
A5-R4,tj_ss,eta_guard_dc,E,0.8500,0.7500,0.9200,142.0888,142.0888,142.0888,0.0000
A5-R4,tj_pk50,eta_guard_dc,E,0.8500,0.7500,0.9200,114.5725,114.5725,114.5725,0.0000
A5-R4,tj_300,eta_guard_dc,E,0.8500,0.7500,0.9200,109.1779,109.1779,109.1779,0.0000
A5-R4,tj_180,eta_guard_dc,E,0.8500,0.7500,0.9200,96.6209,96.6209,96.6209,0.0000
A5-R4,case_ss,eta_guard_dc,E,0.8500,0.7500,0.9200,121.8353,121.8353,121.8353,0.0000
A5-R4,dl_case,eta_guard_dc,E,0.8500,0.7500,0.9200,84.4444,84.4444,84.4444,0.0000
A5-R4,surf5,eta_guard_dc,E,0.8500,0.7500,0.9200,64.1822,64.1822,64.1822,0.0000
A5-R4,petg_ss,eta_guard_dc,E,0.8500,0.7500,0.9200,92.2799,92.2799,92.2799,0.0000
A5-R4,petg_ss50,eta_guard_dc,E,0.8500,0.7500,0.9200,74.6275,74.6275,74.6275,0.0000
A5-R4,dl_petg,eta_guard_dc,E,0.8500,0.7500,0.9200,70.6646,70.6646,70.6646,0.0000
A5-R4,bay_ss,eta_guard_dc,E,0.8500,0.7500,0.9200,88.8258,88.8258,88.8258,0.0000
A5-R4,dl_bay,eta_guard_dc,E,0.8500,0.7500,0.9200,69.8364,69.8364,69.8364,0.0000
A5-R4,cell30,eta_guard_dc,E,0.8500,0.7500,0.9200,51.8146,51.8146,51.8146,0.0000
A5-R4,main30,eta_guard_dc,E,0.8500,0.7500,0.9200,58.5638,58.5638,58.5638,0.0000
A5-R4,cell_ss50,eta_guard_dc,E,0.8500,0.7500,0.9200,61.3257,61.3257,61.3257,0.0000
A5-R4,dl_cell,eta_guard_dc,E,0.8500,0.7500,0.9200,59.5500,59.5500,59.5500,0.0000
A5-R4,dl_main,eta_guard_dc,E,0.8500,0.7500,0.9200,60.1992,60.1992,60.1992,0.0000
A5-R4,tj_ss,phi_dc,E,0.3500,0.2500,0.5000,142.0888,142.0888,142.0888,0.0000
A5-R4,tj_pk50,phi_dc,E,0.3500,0.2500,0.5000,114.5725,114.5725,114.5725,0.0000
A5-R4,tj_300,phi_dc,E,0.3500,0.2500,0.5000,109.1779,109.1779,109.1779,0.0000
A5-R4,tj_180,phi_dc,E,0.3500,0.2500,0.5000,96.6209,96.6209,96.6209,0.0000
A5-R4,case_ss,phi_dc,E,0.3500,0.2500,0.5000,121.8353,121.8353,121.8353,0.0000
A5-R4,dl_case,phi_dc,E,0.3500,0.2500,0.5000,84.4444,84.4444,84.4444,0.0000
A5-R4,surf5,phi_dc,E,0.3500,0.2500,0.5000,64.1822,64.1822,64.1822,0.0000
A5-R4,petg_ss,phi_dc,E,0.3500,0.2500,0.5000,92.2799,92.2799,92.2799,0.0000
A5-R4,petg_ss50,phi_dc,E,0.3500,0.2500,0.5000,74.6275,74.6275,74.6275,0.0000
A5-R4,dl_petg,phi_dc,E,0.3500,0.2500,0.5000,70.6646,70.6646,70.6646,0.0000
A5-R4,bay_ss,phi_dc,E,0.3500,0.2500,0.5000,88.8258,88.8258,88.8258,0.0000
A5-R4,dl_bay,phi_dc,E,0.3500,0.2500,0.5000,69.8364,69.8364,69.8364,0.0000
A5-R4,cell30,phi_dc,E,0.3500,0.2500,0.5000,51.8146,51.8146,51.8146,0.0000
A5-R4,main30,phi_dc,E,0.3500,0.2500,0.5000,58.5638,58.5638,58.5638,0.0000
A5-R4,cell_ss50,phi_dc,E,0.3500,0.2500,0.5000,61.3257,61.3257,61.3257,0.0000
A5-R4,dl_cell,phi_dc,E,0.3500,0.2500,0.5000,59.5500,59.5500,59.5500,0.0000
A5-R4,dl_main,phi_dc,E,0.3500,0.2500,0.5000,60.1992,60.1992,60.1992,0.0000
A5-R4,tj_ss,shield_rad,E,0.2500,0.1500,0.4000,142.0888,142.0888,142.0888,0.0000
A5-R4,tj_pk50,shield_rad,E,0.2500,0.1500,0.4000,114.5725,114.5725,114.5725,0.0000
A5-R4,tj_300,shield_rad,E,0.2500,0.1500,0.4000,109.1779,109.1779,109.1779,0.0000
A5-R4,tj_180,shield_rad,E,0.2500,0.1500,0.4000,96.6209,96.6209,96.6209,0.0000
A5-R4,case_ss,shield_rad,E,0.2500,0.1500,0.4000,121.8353,121.8353,121.8353,0.0000
A5-R4,dl_case,shield_rad,E,0.2500,0.1500,0.4000,84.4444,84.4444,84.4444,0.0000
A5-R4,surf5,shield_rad,E,0.2500,0.1500,0.4000,64.1822,64.1822,64.1822,0.0000
A5-R4,petg_ss,shield_rad,E,0.2500,0.1500,0.4000,92.2799,92.2799,92.2799,0.0000
A5-R4,petg_ss50,shield_rad,E,0.2500,0.1500,0.4000,74.6275,74.6275,74.6275,0.0000
A5-R4,dl_petg,shield_rad,E,0.2500,0.1500,0.4000,70.6646,70.6646,70.6646,0.0000
A5-R4,bay_ss,shield_rad,E,0.2500,0.1500,0.4000,88.8258,88.8258,88.8258,0.0000
A5-R4,dl_bay,shield_rad,E,0.2500,0.1500,0.4000,69.8364,69.8364,69.8364,0.0000
A5-R4,cell30,shield_rad,E,0.2500,0.1500,0.4000,51.8146,51.8146,51.8146,0.0000
A5-R4,main30,shield_rad,E,0.2500,0.1500,0.4000,58.5638,58.5638,58.5638,0.0000
A5-R4,cell_ss50,shield_rad,E,0.2500,0.1500,0.4000,61.3257,61.3257,61.3257,0.0000
A5-R4,dl_cell,shield_rad,E,0.2500,0.1500,0.4000,59.5500,59.5500,59.5500,0.0000
A5-R4,dl_main,shield_rad,E,0.2500,0.1500,0.4000,60.1992,60.1992,60.1992,0.0000
A5-R4,tj_ss,main_vent_area,E,0.0002,0.0000,0.0003,142.0888,142.0888,142.0888,0.0000
A5-R4,tj_pk50,main_vent_area,E,0.0002,0.0000,0.0003,114.5725,114.5725,114.5725,0.0000
A5-R4,tj_300,main_vent_area,E,0.0002,0.0000,0.0003,109.1779,109.1779,109.1779,0.0000
A5-R4,tj_180,main_vent_area,E,0.0002,0.0000,0.0003,96.6209,96.6209,96.6209,0.0000
A5-R4,case_ss,main_vent_area,E,0.0002,0.0000,0.0003,121.8353,121.8353,121.8353,0.0000
A5-R4,dl_case,main_vent_area,E,0.0002,0.0000,0.0003,84.4444,84.4444,84.4444,0.0000
A5-R4,surf5,main_vent_area,E,0.0002,0.0000,0.0003,64.1822,64.1822,64.1822,0.0000
A5-R4,petg_ss,main_vent_area,E,0.0002,0.0000,0.0003,92.2799,92.2799,92.2799,0.0000
A5-R4,petg_ss50,main_vent_area,E,0.0002,0.0000,0.0003,74.6275,74.6275,74.6275,0.0000
A5-R4,dl_petg,main_vent_area,E,0.0002,0.0000,0.0003,70.6646,70.6646,70.6646,0.0000
A5-R4,bay_ss,main_vent_area,E,0.0002,0.0000,0.0003,88.8258,88.8258,88.8258,0.0000
A5-R4,dl_bay,main_vent_area,E,0.0002,0.0000,0.0003,69.8364,69.8364,69.8364,0.0000
A5-R4,cell30,main_vent_area,E,0.0002,0.0000,0.0003,51.8146,51.8146,51.8146,0.0000
A5-R4,main30,main_vent_area,E,0.0002,0.0000,0.0003,58.5638,58.5638,58.5638,0.0000
A5-R4,cell_ss50,main_vent_area,E,0.0002,0.0000,0.0003,61.3257,61.3257,61.3257,0.0000
A5-R4,dl_cell,main_vent_area,E,0.0002,0.0000,0.0003,59.5500,59.5500,59.5500,0.0000
A5-R4,dl_main,main_vent_area,E,0.0002,0.0000,0.0003,60.1992,60.1992,60.1992,0.0000
A5-R4,tj_ss,k_petg,E,0.2000,0.1800,0.2500,142.0888,142.1292,142.0155,0.1137
A5-R4,tj_pk50,k_petg,E,0.2000,0.1800,0.2500,114.5725,114.5932,114.5350,0.0581
A5-R4,tj_300,k_petg,E,0.2000,0.1800,0.2500,109.1779,109.1789,109.1762,0.0027
A5-R4,tj_180,k_petg,E,0.2000,0.1800,0.2500,96.6209,96.6211,96.6206,0.0005
A5-R4,case_ss,k_petg,E,0.2000,0.1800,0.2500,121.8353,121.8757,121.7620,0.1137
A5-R4,dl_case,k_petg,E,0.2000,0.1800,0.2500,84.4444,84.4647,84.4076,0.0571
A5-R4,surf5,k_petg,E,0.2000,0.1800,0.2500,64.1822,64.1830,64.1808,0.0022
A5-R4,petg_ss,k_petg,E,0.2000,0.1800,0.2500,92.2799,92.4389,91.9915,0.4474
A5-R4,petg_ss50,k_petg,E,0.2000,0.1800,0.2500,74.6275,74.7193,74.4608,0.2585
A5-R4,dl_petg,k_petg,E,0.2000,0.1800,0.2500,70.6646,70.7428,70.5227,0.2201
A5-R4,bay_ss,k_petg,E,0.2000,0.1800,0.2500,88.8258,88.8862,88.7159,0.1702
A5-R4,dl_bay,k_petg,E,0.2000,0.1800,0.2500,69.8364,69.8745,69.7671,0.1073
A5-R4,cell30,k_petg,E,0.2000,0.1800,0.2500,51.8146,51.8260,51.7938,0.0322
A5-R4,main30,k_petg,E,0.2000,0.1800,0.2500,58.5638,58.6042,58.4907,0.1135
A5-R4,cell_ss50,k_petg,E,0.2000,0.1800,0.2500,61.3257,61.3830,61.2224,0.1607
A5-R4,dl_cell,k_petg,E,0.2000,0.1800,0.2500,59.5500,59.6027,59.4551,0.1476
A5-R4,dl_main,k_petg,E,0.2000,0.1800,0.2500,60.1992,60.2632,60.0838,0.1794
A5-R4,tj_ss,h_out_c,E,4.0000,3.0000,6.0000,142.0888,142.7326,140.9710,1.7616
A5-R4,tj_pk50,h_out_c,E,4.0000,3.0000,6.0000,114.5725,114.9185,113.9802,0.9383
A5-R4,tj_300,h_out_c,E,4.0000,3.0000,6.0000,109.1779,109.1934,109.1486,0.0449
A5-R4,tj_180,h_out_c,E,4.0000,3.0000,6.0000,96.6209,96.6237,96.6155,0.0082
A5-R4,case_ss,h_out_c,E,4.0000,3.0000,6.0000,121.8353,122.4791,120.7175,1.7616
A5-R4,dl_case,h_out_c,E,4.0000,3.0000,6.0000,84.4444,84.7863,83.8623,0.9240
A5-R4,surf5,h_out_c,E,4.0000,3.0000,6.0000,64.1822,64.1984,64.1515,0.0469
A5-R4,petg_ss,h_out_c,E,4.0000,3.0000,6.0000,92.2799,92.9528,91.1490,1.8039
A5-R4,petg_ss50,h_out_c,E,4.0000,3.0000,6.0000,74.6275,75.1001,73.8448,1.2553
A5-R4,dl_petg,h_out_c,E,4.0000,3.0000,6.0000,70.6646,71.1042,69.9400,1.1642
A5-R4,bay_ss,h_out_c,E,4.0000,3.0000,6.0000,88.8258,89.4437,87.7632,1.6805
A5-R4,dl_bay,h_out_c,E,4.0000,3.0000,6.0000,69.8364,70.2349,69.1635,1.0714
A5-R4,cell30,h_out_c,E,4.0000,3.0000,6.0000,51.8146,51.9367,51.6064,0.3303
A5-R4,main30,h_out_c,E,4.0000,3.0000,6.0000,58.5638,58.8898,58.0172,0.8726
A5-R4,cell_ss50,h_out_c,E,4.0000,3.0000,6.0000,61.3257,62.0154,60.2436,1.7718
A5-R4,dl_cell,h_out_c,E,4.0000,3.0000,6.0000,59.5500,60.1813,58.5612,1.6201
A5-R4,dl_main,h_out_c,E,4.0000,3.0000,6.0000,60.1992,60.8097,59.2412,1.5685
A5-R4,tj_ss,h_in_c,E,2.5000,1.5000,4.0000,142.0888,142.2350,141.9026,0.3324
A5-R4,tj_pk50,h_in_c,E,2.5000,1.5000,4.0000,114.5725,114.6602,114.4623,0.1980
A5-R4,tj_300,h_in_c,E,2.5000,1.5000,4.0000,109.1779,109.1769,109.1790,0.0021
A5-R4,tj_180,h_in_c,E,2.5000,1.5000,4.0000,96.6209,96.6201,96.6220,0.0019
A5-R4,case_ss,h_in_c,E,2.5000,1.5000,4.0000,121.8353,121.9815,121.6491,0.3324
A5-R4,dl_case,h_in_c,E,2.5000,1.5000,4.0000,84.4444,84.5348,84.3313,0.2036
A5-R4,surf5,h_in_c,E,2.5000,1.5000,4.0000,64.1822,64.1802,64.1846,0.0044
A5-R4,petg_ss,h_in_c,E,2.5000,1.5000,4.0000,92.2799,93.1888,91.1377,2.0511
A5-R4,petg_ss50,h_in_c,E,2.5000,1.5000,4.0000,74.6275,75.2744,73.8283,1.4461
A5-R4,dl_petg,h_in_c,E,2.5000,1.5000,4.0000,70.6646,71.2448,69.9509,1.2940
A5-R4,bay_ss,h_in_c,E,2.5000,1.5000,4.0000,88.8258,89.1908,88.3495,0.8413
A5-R4,dl_bay,h_in_c,E,2.5000,1.5000,4.0000,69.8364,70.1456,69.4401,0.7055
A5-R4,cell30,h_in_c,E,2.5000,1.5000,4.0000,51.8146,51.9366,51.6671,0.2695
A5-R4,main30,h_in_c,E,2.5000,1.5000,4.0000,58.5638,59.1417,57.8714,1.2703
A5-R4,cell_ss50,h_in_c,E,2.5000,1.5000,4.0000,61.3257,61.7685,60.8032,0.9653
A5-R4,dl_cell,h_in_c,E,2.5000,1.5000,4.0000,59.5500,59.9652,59.0611,0.9041
A5-R4,dl_main,h_in_c,E,2.5000,1.5000,4.0000,60.1992,60.9340,59.3310,1.6030
A5-R4,tj_ss,g_leads,E,0.0150,0.0080,0.0300,142.0888,142.3848,141.5784,0.8064
A5-R4,tj_pk50,g_leads,E,0.0150,0.0080,0.0300,114.5725,114.7278,114.3098,0.4180
A5-R4,tj_300,g_leads,E,0.0150,0.0080,0.0300,109.1779,109.1974,109.1392,0.0582
A5-R4,tj_180,g_leads,E,0.0150,0.0080,0.0300,96.6209,96.6257,96.6113,0.0144
A5-R4,case_ss,g_leads,E,0.0150,0.0080,0.0300,121.8353,122.1313,121.3249,0.8064
A5-R4,dl_case,g_leads,E,0.0150,0.0080,0.0300,84.4444,84.5934,84.1941,0.3993
A5-R4,surf5,g_leads,E,0.0150,0.0080,0.0300,64.1822,64.2015,64.1438,0.0577
A5-R4,petg_ss,g_leads,E,0.0150,0.0080,0.0300,92.2799,92.5269,91.8548,0.6721
A5-R4,petg_ss50,g_leads,E,0.0150,0.0080,0.0300,74.6275,74.7925,74.3480,0.4445
A5-R4,dl_petg,g_leads,E,0.0150,0.0080,0.0300,70.6646,70.8136,70.4140,0.3996
A5-R4,bay_ss,g_leads,E,0.0150,0.0080,0.0300,88.8258,89.6298,87.4381,2.1917
A5-R4,dl_bay,g_leads,E,0.0150,0.0080,0.0300,69.8364,70.3028,69.0519,1.2510
A5-R4,cell30,g_leads,E,0.0150,0.0080,0.0300,51.8146,51.6682,52.0731,0.4049
A5-R4,main30,g_leads,E,0.0150,0.0080,0.0300,58.5638,58.0963,59.3665,1.2702
A5-R4,cell_ss50,g_leads,E,0.0150,0.0080,0.0300,61.3257,60.9405,61.9704,1.0299
A5-R4,dl_cell,g_leads,E,0.0150,0.0080,0.0300,59.5500,59.2321,60.0791,0.8470
A5-R4,dl_main,g_leads,E,0.0150,0.0080,0.0300,60.1992,59.7978,60.8669,1.0691
A5-R4,tj_ss,g_cell_main,E,0.0300,0.0200,0.0450,142.0888,142.0870,142.0904,0.0033
A5-R4,tj_pk50,g_cell_main,E,0.0300,0.0200,0.0450,114.5725,114.5729,114.5721,0.0008
A5-R4,tj_300,g_cell_main,E,0.0300,0.0200,0.0450,109.1779,109.1784,109.1772,0.0012
A5-R4,tj_180,g_cell_main,E,0.0300,0.0200,0.0450,96.6209,96.6210,96.6208,0.0002
A5-R4,case_ss,g_cell_main,E,0.0300,0.0200,0.0450,121.8353,121.8335,121.8369,0.0033
A5-R4,dl_case,g_cell_main,E,0.0300,0.0200,0.0450,84.4444,84.4453,84.4436,0.0017
A5-R4,surf5,g_cell_main,E,0.0300,0.0200,0.0450,64.1822,64.1827,64.1815,0.0012
A5-R4,petg_ss,g_cell_main,E,0.0300,0.0200,0.0450,92.2799,92.2728,92.2864,0.0137
A5-R4,petg_ss50,g_cell_main,E,0.0300,0.0200,0.0450,74.6275,74.6295,74.6256,0.0039
A5-R4,dl_petg,g_cell_main,E,0.0300,0.0200,0.0450,70.6646,70.6688,70.6608,0.0079
A5-R4,bay_ss,g_cell_main,E,0.0300,0.0200,0.0450,88.8258,88.8226,88.8287,0.0060
A5-R4,dl_bay,g_cell_main,E,0.0300,0.0200,0.0450,69.8364,69.8383,69.8346,0.0036
A5-R4,cell30,g_cell_main,E,0.0300,0.0200,0.0450,51.8146,51.0384,52.7235,1.6851
A5-R4,main30,g_cell_main,E,0.0300,0.0200,0.0450,58.5638,58.8610,58.2419,0.6191
A5-R4,cell_ss50,g_cell_main,E,0.0300,0.0200,0.0450,61.3257,61.2447,61.3994,0.1548
A5-R4,dl_cell,g_cell_main,E,0.0300,0.0200,0.0450,59.5500,59.3931,59.6928,0.2997
A5-R4,dl_main,g_cell_main,E,0.0300,0.0200,0.0450,60.1992,60.2108,60.1887,0.0222
A5-R4,tj_ss,g_cell_wall,E,0.0200,0.0100,0.0300,142.0888,142.1151,142.0717,0.0434
A5-R4,tj_pk50,g_cell_wall,E,0.0200,0.0100,0.0300,114.5725,114.5874,114.5629,0.0245
A5-R4,tj_300,g_cell_wall,E,0.0200,0.0100,0.0300,109.1779,109.1779,109.1779,0.0000
A5-R4,tj_180,g_cell_wall,E,0.0200,0.0100,0.0300,96.6209,96.6209,96.6209,0.0000
A5-R4,case_ss,g_cell_wall,E,0.0200,0.0100,0.0300,121.8353,121.8616,121.8182,0.0434
A5-R4,dl_case,g_cell_wall,E,0.0200,0.0100,0.0300,84.4444,84.4596,84.4346,0.0250
A5-R4,surf5,g_cell_wall,E,0.0200,0.0100,0.0300,64.1822,64.1822,64.1822,0.0000
A5-R4,petg_ss,g_cell_wall,E,0.0200,0.0100,0.0300,92.2799,92.3881,92.2097,0.1784
A5-R4,petg_ss50,g_cell_wall,E,0.0200,0.0100,0.0300,74.6275,74.7051,74.5772,0.1280
A5-R4,dl_petg,g_cell_wall,E,0.0200,0.0100,0.0300,70.6646,70.7356,70.6186,0.1170
A5-R4,bay_ss,g_cell_wall,E,0.0200,0.0100,0.0300,88.8258,88.8735,88.7948,0.0786
A5-R4,dl_bay,g_cell_wall,E,0.0200,0.0100,0.0300,69.8364,69.8689,69.8152,0.0537
A5-R4,cell30,g_cell_wall,E,0.0200,0.0100,0.0300,51.8146,51.7699,51.8467,0.0768
A5-R4,main30,g_cell_wall,E,0.0200,0.0100,0.0300,58.5638,58.5578,58.5706,0.0129
A5-R4,cell_ss50,g_cell_wall,E,0.0200,0.0100,0.0300,61.3257,63.5813,59.8641,3.7172
A5-R4,dl_cell,g_cell_wall,E,0.0200,0.0100,0.0300,59.5500,61.5246,58.2709,3.2537
A5-R4,dl_main,g_cell_wall,E,0.0200,0.0100,0.0300,60.1992,60.3973,60.0708,0.3265
A5-R4,tj_ss,vent_area,E,0.0004,0.0000,0.0005,142.0888,152.3270,140.2592,12.0678
A5-R4,tj_pk50,vent_area,E,0.0004,0.0000,0.0005,114.5725,119.1661,113.7028,5.4633
A5-R4,tj_300,vent_area,E,0.0004,0.0000,0.0005,109.1779,109.3108,109.1322,0.1786
A5-R4,tj_180,vent_area,E,0.0004,0.0000,0.0005,96.6209,96.6460,96.6118,0.0342
A5-R4,case_ss,vent_area,E,0.0004,0.0000,0.0005,121.8353,132.0735,120.0056,12.0678
A5-R4,dl_case,vent_area,E,0.0004,0.0000,0.0005,84.4444,88.6929,83.6140,5.0788
A5-R4,surf5,vent_area,E,0.0004,0.0000,0.0005,64.1822,64.3214,64.1346,0.1868
A5-R4,petg_ss,vent_area,E,0.0004,0.0000,0.0005,92.2799,108.0077,89.5823,18.4254
A5-R4,petg_ss50,vent_area,E,0.0004,0.0000,0.0005,74.6275,83.3692,72.9893,10.3799
A5-R4,dl_petg,vent_area,E,0.0004,0.0000,0.0005,70.6646,78.2365,69.2302,9.0063
A5-R4,bay_ss,vent_area,E,0.0004,0.0000,0.0005,88.8258,114.5156,84.1706,30.3450
A5-R4,dl_bay,vent_area,E,0.0004,0.0000,0.0005,69.8364,82.3175,67.3930,14.9245
A5-R4,cell30,vent_area,E,0.0004,0.0000,0.0005,51.8146,52.0723,51.7506,0.3217
A5-R4,main30,vent_area,E,0.0004,0.0000,0.0005,58.5638,59.7400,58.2969,1.4431
A5-R4,cell_ss50,vent_area,E,0.0004,0.0000,0.0005,61.3257,63.0343,60.9973,2.0371
A5-R4,dl_cell,vent_area,E,0.0004,0.0000,0.0005,59.5500,61.0191,59.2650,1.7541
A5-R4,dl_main,vent_area,E,0.0004,0.0000,0.0005,60.1992,62.0523,59.8393,2.2129
A5-R4,tj_ss,vent_area_dc,E,0.0005,0.0003,0.0006,142.0888,142.0888,142.0888,0.0000
A5-R4,tj_pk50,vent_area_dc,E,0.0005,0.0003,0.0006,114.5725,114.5725,114.5725,0.0000
A5-R4,tj_300,vent_area_dc,E,0.0005,0.0003,0.0006,109.1779,109.1779,109.1779,0.0000
A5-R4,tj_180,vent_area_dc,E,0.0005,0.0003,0.0006,96.6209,96.6209,96.6209,0.0000
A5-R4,case_ss,vent_area_dc,E,0.0005,0.0003,0.0006,121.8353,121.8353,121.8353,0.0000
A5-R4,dl_case,vent_area_dc,E,0.0005,0.0003,0.0006,84.4444,84.4444,84.4444,0.0000
A5-R4,surf5,vent_area_dc,E,0.0005,0.0003,0.0006,64.1822,64.1822,64.1822,0.0000
A5-R4,petg_ss,vent_area_dc,E,0.0005,0.0003,0.0006,92.2799,92.2799,92.2799,0.0000
A5-R4,petg_ss50,vent_area_dc,E,0.0005,0.0003,0.0006,74.6275,74.6275,74.6275,0.0000
A5-R4,dl_petg,vent_area_dc,E,0.0005,0.0003,0.0006,70.6646,70.6646,70.6646,0.0000
A5-R4,bay_ss,vent_area_dc,E,0.0005,0.0003,0.0006,88.8258,88.8258,88.8258,0.0000
A5-R4,dl_bay,vent_area_dc,E,0.0005,0.0003,0.0006,69.8364,69.8364,69.8364,0.0000
A5-R4,cell30,vent_area_dc,E,0.0005,0.0003,0.0006,51.8146,51.8146,51.8146,0.0000
A5-R4,main30,vent_area_dc,E,0.0005,0.0003,0.0006,58.5638,58.5638,58.5638,0.0000
A5-R4,cell_ss50,vent_area_dc,E,0.0005,0.0003,0.0006,61.3257,61.3257,61.3257,0.0000
A5-R4,dl_cell,vent_area_dc,E,0.0005,0.0003,0.0006,59.5500,59.5500,59.5500,0.0000
A5-R4,dl_main,vent_area_dc,E,0.0005,0.0003,0.0006,60.1992,60.1992,60.1992,0.0000
A5-R4,tj_ss,relay_hold,E,0.4000,0.3000,1.0000,142.0888,142.0888,142.0888,0.0000
A5-R4,tj_pk50,relay_hold,E,0.4000,0.3000,1.0000,114.5725,114.5725,114.5725,0.0000
A5-R4,tj_300,relay_hold,E,0.4000,0.3000,1.0000,109.1779,109.1779,109.1779,0.0000
A5-R4,tj_180,relay_hold,E,0.4000,0.3000,1.0000,96.6209,96.6209,96.6209,0.0000
A5-R4,case_ss,relay_hold,E,0.4000,0.3000,1.0000,121.8353,121.8353,121.8353,0.0000
A5-R4,dl_case,relay_hold,E,0.4000,0.3000,1.0000,84.4444,84.4444,84.4444,0.0000
A5-R4,surf5,relay_hold,E,0.4000,0.3000,1.0000,64.1822,64.1822,64.1822,0.0000
A5-R4,petg_ss,relay_hold,E,0.4000,0.3000,1.0000,92.2799,92.2799,92.2799,0.0000
A5-R4,petg_ss50,relay_hold,E,0.4000,0.3000,1.0000,74.6275,74.6275,74.6275,0.0000
A5-R4,dl_petg,relay_hold,E,0.4000,0.3000,1.0000,70.6646,70.6646,70.6646,0.0000
A5-R4,bay_ss,relay_hold,E,0.4000,0.3000,1.0000,88.8258,88.8258,88.8258,0.0000
A5-R4,dl_bay,relay_hold,E,0.4000,0.3000,1.0000,69.8364,69.8364,69.8364,0.0000
A5-R4,cell30,relay_hold,E,0.4000,0.3000,1.0000,51.8146,51.8146,51.8146,0.0000
A5-R4,main30,relay_hold,E,0.4000,0.3000,1.0000,58.5638,58.5638,58.5638,0.0000
A5-R4,cell_ss50,relay_hold,E,0.4000,0.3000,1.0000,61.3257,61.3257,61.3257,0.0000
A5-R4,dl_cell,relay_hold,E,0.4000,0.3000,1.0000,59.5500,59.5500,59.5500,0.0000
A5-R4,dl_main,relay_hold,E,0.4000,0.3000,1.0000,60.1992,60.1992,60.1992,0.0000
A5-R4,tj_ss,k_fr4,E,0.3000,0.2500,0.3500,142.0888,142.0888,142.0888,0.0000
A5-R4,tj_pk50,k_fr4,E,0.3000,0.2500,0.3500,114.5725,114.5725,114.5725,0.0000
A5-R4,tj_300,k_fr4,E,0.3000,0.2500,0.3500,109.1779,109.1779,109.1779,0.0000
A5-R4,tj_180,k_fr4,E,0.3000,0.2500,0.3500,96.6209,96.6209,96.6209,0.0000
A5-R4,case_ss,k_fr4,E,0.3000,0.2500,0.3500,121.8353,121.8353,121.8353,0.0000
A5-R4,dl_case,k_fr4,E,0.3000,0.2500,0.3500,84.4444,84.4444,84.4444,0.0000
A5-R4,surf5,k_fr4,E,0.3000,0.2500,0.3500,64.1822,64.1822,64.1822,0.0000
A5-R4,petg_ss,k_fr4,E,0.3000,0.2500,0.3500,92.2799,92.2799,92.2799,0.0000
A5-R4,petg_ss50,k_fr4,E,0.3000,0.2500,0.3500,74.6275,74.6275,74.6275,0.0000
A5-R4,dl_petg,k_fr4,E,0.3000,0.2500,0.3500,70.6646,70.6646,70.6646,0.0000
A5-R4,bay_ss,k_fr4,E,0.3000,0.2500,0.3500,88.8258,88.8258,88.8258,0.0000
A5-R4,dl_bay,k_fr4,E,0.3000,0.2500,0.3500,69.8364,69.8364,69.8364,0.0000
A5-R4,cell30,k_fr4,E,0.3000,0.2500,0.3500,51.8146,51.8146,51.8146,0.0000
A5-R4,main30,k_fr4,E,0.3000,0.2500,0.3500,58.5638,58.5638,58.5638,0.0000
A5-R4,cell_ss50,k_fr4,E,0.3000,0.2500,0.3500,61.3257,61.3257,61.3257,0.0000
A5-R4,dl_cell,k_fr4,E,0.3000,0.2500,0.3500,59.5500,59.5500,59.5500,0.0000
A5-R4,dl_main,k_fr4,E,0.3000,0.2500,0.3500,60.1992,60.1992,60.1992,0.0000
A5-R4,tj_ss,p_lm2940,DD,0.9000,0.6000,1.0000,142.0888,141.9460,142.1362,0.1902
A5-R4,tj_pk50,p_lm2940,DD,0.9000,0.6000,1.0000,114.5725,114.4430,114.6155,0.1725
A5-R4,tj_300,p_lm2940,DD,0.9000,0.6000,1.0000,109.1779,109.1706,109.1804,0.0098
A5-R4,tj_180,p_lm2940,DD,0.9000,0.6000,1.0000,96.6209,96.6191,96.6216,0.0025
A5-R4,case_ss,p_lm2940,DD,0.9000,0.6000,1.0000,121.8353,121.6925,121.8827,0.1902
A5-R4,dl_case,p_lm2940,DD,0.9000,0.6000,1.0000,84.4444,84.2933,84.4945,0.2012
A5-R4,surf5,p_lm2940,DD,0.9000,0.6000,1.0000,64.1822,64.1750,64.1846,0.0095
A5-R4,petg_ss,p_lm2940,DD,0.9000,0.6000,1.0000,92.2799,91.6935,92.4749,0.7814
A5-R4,petg_ss50,p_lm2940,DD,0.9000,0.6000,1.0000,74.6275,73.9521,74.8518,0.8997
A5-R4,dl_petg,p_lm2940,DD,0.9000,0.6000,1.0000,70.6646,69.9586,70.8991,0.9404
A5-R4,bay_ss,p_lm2940,DD,0.9000,0.6000,1.0000,88.8258,88.5668,88.9117,0.3449
A5-R4,dl_bay,p_lm2940,DD,0.9000,0.6000,1.0000,69.8364,69.5114,69.9439,0.4325
A5-R4,cell30,p_lm2940,DD,0.9000,0.6000,1.0000,51.8146,51.1354,52.0404,0.9049
A5-R4,main30,p_lm2940,DD,0.9000,0.6000,1.0000,58.5638,56.8326,59.1381,2.3055
A5-R4,cell_ss50,p_lm2940,DD,0.9000,0.6000,1.0000,61.3257,59.7751,61.8395,2.0644
A5-R4,dl_cell,p_lm2940,DD,0.9000,0.6000,1.0000,59.5500,57.9866,60.0680,2.0814
A5-R4,dl_main,p_lm2940,DD,0.9000,0.6000,1.0000,60.1992,58.2242,60.8529,2.6287
A5-R4,tj_ss,p_pico,E,0.2000,0.1500,0.3000,142.0888,142.0650,142.1362,0.0711
A5-R4,tj_pk50,p_pico,E,0.2000,0.1500,0.3000,114.5725,114.5510,114.6155,0.0645
A5-R4,tj_300,p_pico,E,0.2000,0.1500,0.3000,109.1779,109.1767,109.1804,0.0037
A5-R4,tj_180,p_pico,E,0.2000,0.1500,0.3000,96.6209,96.6206,96.6216,0.0009
A5-R4,case_ss,p_pico,E,0.2000,0.1500,0.3000,121.8353,121.8115,121.8827,0.0711
A5-R4,dl_case,p_pico,E,0.2000,0.1500,0.3000,84.4444,84.4193,84.4945,0.0752
A5-R4,surf5,p_pico,E,0.2000,0.1500,0.3000,64.1822,64.1810,64.1846,0.0036
A5-R4,petg_ss,p_pico,E,0.2000,0.1500,0.3000,92.2799,92.1823,92.4749,0.2926
A5-R4,petg_ss50,p_pico,E,0.2000,0.1500,0.3000,74.6275,74.5152,74.8518,0.3367
A5-R4,dl_petg,p_pico,E,0.2000,0.1500,0.3000,70.6646,70.5472,70.8991,0.3518
A5-R4,bay_ss,p_pico,E,0.2000,0.1500,0.3000,88.8258,88.7828,88.9117,0.1289
A5-R4,dl_bay,p_pico,E,0.2000,0.1500,0.3000,69.8364,69.7824,69.9439,0.1615
A5-R4,cell30,p_pico,E,0.2000,0.1500,0.3000,51.8146,51.7016,52.0404,0.3388
A5-R4,main30,p_pico,E,0.2000,0.1500,0.3000,58.5638,58.2762,59.1381,0.8619
A5-R4,cell_ss50,p_pico,E,0.2000,0.1500,0.3000,61.3257,61.0682,61.8395,0.7712
A5-R4,dl_cell,p_pico,E,0.2000,0.1500,0.3000,59.5500,59.2905,60.0680,0.7776
A5-R4,dl_main,p_pico,E,0.2000,0.1500,0.3000,60.1992,59.8715,60.8529,0.9814
A5-R4,tj_ss,c_cell,E,92.0000,85.0000,100.0000,142.0888,142.0888,142.0888,0.0000
A5-R4,tj_pk50,c_cell,E,92.0000,85.0000,100.0000,114.5725,114.5725,114.5725,0.0000
A5-R4,tj_300,c_cell,E,92.0000,85.0000,100.0000,109.1779,109.1780,109.1779,0.0000
A5-R4,tj_180,c_cell,E,92.0000,85.0000,100.0000,96.6209,96.6209,96.6209,0.0000
A5-R4,case_ss,c_cell,E,92.0000,85.0000,100.0000,121.8353,121.8353,121.8353,0.0000
A5-R4,dl_case,c_cell,E,92.0000,85.0000,100.0000,84.4444,84.4444,84.4444,0.0000
A5-R4,surf5,c_cell,E,92.0000,85.0000,100.0000,64.1822,64.1822,64.1822,0.0000
A5-R4,petg_ss,c_cell,E,92.0000,85.0000,100.0000,92.2799,92.2799,92.2799,0.0000
A5-R4,petg_ss50,c_cell,E,92.0000,85.0000,100.0000,74.6275,74.6275,74.6275,0.0000
A5-R4,dl_petg,c_cell,E,92.0000,85.0000,100.0000,70.6646,70.6646,70.6646,0.0000
A5-R4,bay_ss,c_cell,E,92.0000,85.0000,100.0000,88.8258,88.8258,88.8258,0.0000
A5-R4,dl_bay,c_cell,E,92.0000,85.0000,100.0000,69.8364,69.8364,69.8364,0.0000
A5-R4,cell30,c_cell,E,92.0000,85.0000,100.0000,51.8146,52.1876,51.4311,0.7565
A5-R4,main30,c_cell,E,92.0000,85.0000,100.0000,58.5638,58.6263,58.5003,0.1260
A5-R4,cell_ss50,c_cell,E,92.0000,85.0000,100.0000,61.3257,61.3257,61.3257,0.0000
A5-R4,dl_cell,c_cell,E,92.0000,85.0000,100.0000,59.5500,59.5500,59.5500,0.0000
A5-R4,dl_main,c_cell,E,92.0000,85.0000,100.0000,60.1992,60.1992,60.1992,0.0000
A5-R4,tj_ss,a_guard_end,DD,0.0029,0.0027,0.0032,142.0888,142.1283,142.0538,0.0745
A5-R4,tj_pk50,a_guard_end,DD,0.0029,0.0027,0.0032,114.5725,114.5860,114.5610,0.0250
A5-R4,tj_300,a_guard_end,DD,0.0029,0.0027,0.0032,109.1779,109.1820,109.1744,0.0075
A5-R4,tj_180,a_guard_end,DD,0.0029,0.0027,0.0032,96.6209,96.6221,96.6199,0.0022
A5-R4,case_ss,a_guard_end,DD,0.0029,0.0027,0.0032,121.8353,121.8748,121.8003,0.0745
A5-R4,dl_case,a_guard_end,DD,0.0029,0.0027,0.0032,84.4444,84.4558,84.4350,0.0208
A5-R4,surf5,a_guard_end,DD,0.0029,0.0027,0.0032,64.1822,64.1864,64.1786,0.0078
A5-R4,petg_ss,a_guard_end,DD,0.0029,0.0027,0.0032,92.2799,92.2989,92.2631,0.0357
A5-R4,petg_ss50,a_guard_end,DD,0.0029,0.0027,0.0032,74.6275,74.6346,74.6214,0.0132
A5-R4,dl_petg,a_guard_end,DD,0.0029,0.0027,0.0032,70.6646,70.6702,70.6600,0.0103
A5-R4,bay_ss,a_guard_end,DD,0.0029,0.0027,0.0032,88.8258,88.8406,88.8127,0.0279
A5-R4,dl_bay,a_guard_end,DD,0.0029,0.0027,0.0032,69.8364,69.8409,69.8326,0.0083
A5-R4,cell30,a_guard_end,DD,0.0029,0.0027,0.0032,51.8146,51.8148,51.8145,0.0003
A5-R4,main30,a_guard_end,DD,0.0029,0.0027,0.0032,58.5638,58.5646,58.5632,0.0014
A5-R4,cell_ss50,a_guard_end,DD,0.0029,0.0027,0.0032,61.3257,61.3266,61.3249,0.0017
A5-R4,dl_cell,a_guard_end,DD,0.0029,0.0027,0.0032,59.5500,59.5508,59.5494,0.0013
A5-R4,dl_main,a_guard_end,DD,0.0029,0.0027,0.0032,60.1992,60.2001,60.1984,0.0017
A5-R4,tj_ss,a_guard_side,DD,0.0057,0.0051,0.0063,142.0888,142.1276,142.0544,0.0732
A5-R4,tj_pk50,a_guard_side,DD,0.0057,0.0051,0.0063,114.5725,114.5858,114.5612,0.0246
A5-R4,tj_300,a_guard_side,DD,0.0057,0.0051,0.0063,109.1779,109.1819,109.1745,0.0074
A5-R4,tj_180,a_guard_side,DD,0.0057,0.0051,0.0063,96.6209,96.6221,96.6199,0.0022
A5-R4,case_ss,a_guard_side,DD,0.0057,0.0051,0.0063,121.8353,121.8740,121.8009,0.0732
A5-R4,dl_case,a_guard_side,DD,0.0057,0.0051,0.0063,84.4444,84.4556,84.4352,0.0204
A5-R4,surf5,a_guard_side,DD,0.0057,0.0051,0.0063,64.1822,64.1863,64.1787,0.0076
A5-R4,petg_ss,a_guard_side,DD,0.0057,0.0051,0.0063,92.2799,92.2985,92.2634,0.0351
A5-R4,petg_ss50,a_guard_side,DD,0.0057,0.0051,0.0063,74.6275,74.6345,74.6215,0.0129
A5-R4,dl_petg,a_guard_side,DD,0.0057,0.0051,0.0063,70.6646,70.6701,70.6600,0.0101
A5-R4,bay_ss,a_guard_side,DD,0.0057,0.0051,0.0063,88.8258,88.8403,88.8129,0.0274
A5-R4,dl_bay,a_guard_side,DD,0.0057,0.0051,0.0063,69.8364,69.8408,69.8326,0.0081
A5-R4,cell30,a_guard_side,DD,0.0057,0.0051,0.0063,51.8146,51.8148,51.8145,0.0003
A5-R4,main30,a_guard_side,DD,0.0057,0.0051,0.0063,58.5638,58.5646,58.5632,0.0013
A5-R4,cell_ss50,a_guard_side,DD,0.0057,0.0051,0.0063,61.3257,61.3266,61.3249,0.0017
A5-R4,dl_cell,a_guard_side,DD,0.0057,0.0051,0.0063,59.5500,59.5508,59.5494,0.0013
A5-R4,dl_main,a_guard_side,DD,0.0057,0.0051,0.0063,60.1992,60.2001,60.1985,0.0017
A5-R4,tj_ss,guard_solid,E,0.5000,0.4000,0.6500,142.0888,142.2791,141.9329,0.3462
A5-R4,tj_pk50,guard_solid,E,0.5000,0.4000,0.6500,114.5725,114.6414,114.5277,0.1137
A5-R4,tj_300,guard_solid,E,0.5000,0.4000,0.6500,109.1779,109.1979,109.1629,0.0351
A5-R4,tj_180,guard_solid,E,0.5000,0.4000,0.6500,96.6209,96.6268,96.6166,0.0102
A5-R4,case_ss,guard_solid,E,0.5000,0.4000,0.6500,121.8353,122.0256,121.6793,0.3462
A5-R4,dl_case,guard_solid,E,0.5000,0.4000,0.6500,84.4444,84.5035,84.4101,0.0934
A5-R4,surf5,guard_solid,E,0.5000,0.4000,0.6500,64.1822,64.2029,64.1666,0.0363
A5-R4,petg_ss,guard_solid,E,0.5000,0.4000,0.6500,92.2799,92.3713,92.2051,0.1662
A5-R4,petg_ss50,guard_solid,E,0.5000,0.4000,0.6500,74.6275,74.6638,74.6039,0.0599
A5-R4,dl_petg,guard_solid,E,0.5000,0.4000,0.6500,70.6646,70.6938,70.6476,0.0462
A5-R4,bay_ss,guard_solid,E,0.5000,0.4000,0.6500,88.8258,88.8970,88.7674,0.1295
A5-R4,dl_bay,guard_solid,E,0.5000,0.4000,0.6500,69.8364,69.8599,69.8227,0.0373
A5-R4,cell30,guard_solid,E,0.5000,0.4000,0.6500,51.8146,51.8154,51.8141,0.0013
A5-R4,main30,guard_solid,E,0.5000,0.4000,0.6500,58.5638,58.5676,58.5614,0.0062
A5-R4,cell_ss50,guard_solid,E,0.5000,0.4000,0.6500,61.3257,61.3304,61.3226,0.0078
A5-R4,dl_cell,guard_solid,E,0.5000,0.4000,0.6500,59.5500,59.5539,59.5478,0.0060
A5-R4,dl_main,guard_solid,E,0.5000,0.4000,0.6500,60.1992,60.2040,60.1964,0.0076
A5-R4,tj_ss,v_g,E,0.4500,0.3000,0.6000,142.0888,140.3632,144.1056,3.7424
A5-R4,tj_pk50,v_g,E,0.4500,0.3000,0.6000,114.5725,113.8139,115.4605,1.6466
A5-R4,tj_300,v_g,E,0.4500,0.3000,0.6000,109.1779,109.0574,109.3221,0.2647
A5-R4,tj_180,v_g,E,0.4500,0.3000,0.6000,96.6209,96.5872,96.6617,0.0745
A5-R4,case_ss,v_g,E,0.4500,0.3000,0.6000,121.8353,120.1097,123.8521,3.7424
A5-R4,dl_case,v_g,E,0.4500,0.3000,0.6000,84.4444,83.7422,85.2656,1.5234
A5-R4,surf5,v_g,E,0.4500,0.3000,0.6000,64.1822,64.0568,64.3320,0.2752
A5-R4,petg_ss,v_g,E,0.4500,0.3000,0.6000,92.2799,91.4504,93.2463,1.7959
A5-R4,petg_ss50,v_g,E,0.4500,0.3000,0.6000,74.6275,74.2279,75.0975,0.8696
A5-R4,dl_petg,v_g,E,0.4500,0.3000,0.6000,70.6646,70.3177,71.0716,0.7539
A5-R4,bay_ss,v_g,E,0.4500,0.3000,0.6000,88.8258,88.1790,89.5789,1.3999
A5-R4,dl_bay,v_g,E,0.4500,0.3000,0.6000,69.8364,69.5563,70.1646,0.6083
A5-R4,cell30,v_g,E,0.4500,0.3000,0.6000,51.8146,51.8074,51.8230,0.0157
A5-R4,main30,v_g,E,0.4500,0.3000,0.6000,58.5638,58.5272,58.6066,0.0794
A5-R4,cell_ss50,v_g,E,0.4500,0.3000,0.6000,61.3257,61.2735,61.3871,0.1136
A5-R4,dl_cell,v_g,E,0.4500,0.3000,0.6000,59.5500,59.5047,59.6032,0.0984
A5-R4,dl_main,v_g,E,0.4500,0.3000,0.6000,60.1992,60.1420,60.2663,0.1243
A5-R4,tj_ss,h_gc,E,5.0000,3.0000,8.0000,142.0888,141.4668,143.0510,1.5841
A5-R4,tj_pk50,h_gc,E,5.0000,3.0000,8.0000,114.5725,114.2316,115.1002,0.8686
A5-R4,tj_300,h_gc,E,5.0000,3.0000,8.0000,109.1779,109.1067,109.2956,0.1889
A5-R4,tj_180,h_gc,E,5.0000,3.0000,8.0000,96.6209,96.5992,96.6578,0.0586
A5-R4,case_ss,h_gc,E,5.0000,3.0000,8.0000,121.8353,121.2133,122.7974,1.5841
A5-R4,dl_case,h_gc,E,5.0000,3.0000,8.0000,84.4444,84.1100,84.9653,0.8553
A5-R4,surf5,h_gc,E,5.0000,3.0000,8.0000,64.1822,64.1083,64.3040,0.1957
A5-R4,petg_ss,h_gc,E,5.0000,3.0000,8.0000,92.2799,91.9812,92.7414,0.7602
A5-R4,petg_ss50,h_gc,E,5.0000,3.0000,8.0000,74.6275,74.4474,74.9070,0.4596
A5-R4,dl_petg,h_gc,E,5.0000,3.0000,8.0000,70.6646,70.4993,70.9226,0.4233
A5-R4,bay_ss,h_gc,E,5.0000,3.0000,8.0000,88.8258,88.5929,89.1855,0.5925
A5-R4,dl_bay,h_gc,E,5.0000,3.0000,8.0000,69.8364,69.7029,70.0445,0.3416
A5-R4,cell30,h_gc,E,5.0000,3.0000,8.0000,51.8146,51.8108,51.8206,0.0098
A5-R4,main30,h_gc,E,5.0000,3.0000,8.0000,58.5638,58.5456,58.5923,0.0466
A5-R4,cell_ss50,h_gc,E,5.0000,3.0000,8.0000,61.3257,61.3022,61.3622,0.0600
A5-R4,dl_cell,h_gc,E,5.0000,3.0000,8.0000,59.5500,59.5284,59.5837,0.0553
A5-R4,dl_main,h_gc,E,5.0000,3.0000,8.0000,60.1992,60.1720,60.2417,0.0698
A5-R4,tj_ss,a_ef,DD,0.0028,0.0025,0.0031,142.0888,142.3589,141.8373,0.5216
A5-R4,tj_pk50,a_ef,DD,0.0028,0.0025,0.0031,114.5725,114.7150,114.4394,0.2756
A5-R4,tj_300,a_ef,DD,0.0028,0.0025,0.0031,109.1779,109.2067,109.1524,0.0543
A5-R4,tj_180,a_ef,DD,0.0028,0.0025,0.0031,96.6209,96.6296,96.6133,0.0164
A5-R4,case_ss,a_ef,DD,0.0028,0.0025,0.0031,121.8353,122.1054,121.5838,0.5216
A5-R4,dl_case,a_ef,DD,0.0028,0.0025,0.0031,84.4444,84.5847,84.3134,0.2713
A5-R4,surf5,a_ef,DD,0.0028,0.0025,0.0031,64.1822,64.2111,64.1566,0.0544
A5-R4,petg_ss,a_ef,DD,0.0028,0.0025,0.0031,92.2799,92.5380,92.0303,0.5077
A5-R4,petg_ss50,a_ef,DD,0.0028,0.0025,0.0031,74.6275,74.8024,74.4574,0.3450
A5-R4,dl_petg,a_ef,DD,0.0028,0.0025,0.0031,70.6646,70.8262,70.5077,0.3186
A5-R4,bay_ss,a_ef,DD,0.0028,0.0025,0.0031,88.8258,89.2046,88.4524,0.7522
A5-R4,dl_bay,a_ef,DD,0.0028,0.0025,0.0031,69.8364,70.0819,69.5945,0.4874
A5-R4,cell30,a_ef,DD,0.0028,0.0025,0.0031,51.8146,51.8226,51.8067,0.0160
A5-R4,main30,a_ef,DD,0.0028,0.0025,0.0031,58.5638,58.5936,58.5347,0.0589
A5-R4,cell_ss50,a_ef,DD,0.0028,0.0025,0.0031,61.3257,61.3582,61.2938,0.0643
A5-R4,dl_cell,a_ef,DD,0.0028,0.0025,0.0031,59.5500,59.5799,59.5208,0.0591
A5-R4,dl_main,a_ef,DD,0.0028,0.0025,0.0031,60.1992,60.2369,60.1623,0.0746
A5-R4,tj_ss,a_ew,DD,0.0029,0.0027,0.0032,142.0888,142.0888,142.0888,0.0000
A5-R4,tj_pk50,a_ew,DD,0.0029,0.0027,0.0032,114.5725,114.5725,114.5725,0.0000
A5-R4,tj_300,a_ew,DD,0.0029,0.0027,0.0032,109.1779,109.1779,109.1779,0.0000
A5-R4,tj_180,a_ew,DD,0.0029,0.0027,0.0032,96.6209,96.6209,96.6209,0.0000
A5-R4,case_ss,a_ew,DD,0.0029,0.0027,0.0032,121.8353,121.8353,121.8353,0.0000
A5-R4,dl_case,a_ew,DD,0.0029,0.0027,0.0032,84.4444,84.4444,84.4444,0.0000
A5-R4,surf5,a_ew,DD,0.0029,0.0027,0.0032,64.1822,64.1822,64.1822,0.0000
A5-R4,petg_ss,a_ew,DD,0.0029,0.0027,0.0032,92.2799,92.2799,92.2799,0.0000
A5-R4,petg_ss50,a_ew,DD,0.0029,0.0027,0.0032,74.6275,74.6275,74.6275,0.0000
A5-R4,dl_petg,a_ew,DD,0.0029,0.0027,0.0032,70.6646,70.6646,70.6646,0.0000
A5-R4,bay_ss,a_ew,DD,0.0029,0.0027,0.0032,88.8258,88.8258,88.8258,0.0000
A5-R4,dl_bay,a_ew,DD,0.0029,0.0027,0.0032,69.8364,69.8364,69.8364,0.0000
A5-R4,cell30,a_ew,DD,0.0029,0.0027,0.0032,51.8146,51.8146,51.8146,0.0000
A5-R4,main30,a_ew,DD,0.0029,0.0027,0.0032,58.5638,58.5638,58.5638,0.0000
A5-R4,cell_ss50,a_ew,DD,0.0029,0.0027,0.0032,61.3257,61.3257,61.3257,0.0000
A5-R4,dl_cell,a_ew,DD,0.0029,0.0027,0.0032,59.5500,59.5500,59.5500,0.0000
A5-R4,dl_main,a_ew,DD,0.0029,0.0027,0.0032,60.1992,60.1992,60.1992,0.0000
A5-R4,tj_ss,t_ew_fr4,E,0.0016,0.0008,0.0016,142.0888,142.0888,142.0888,0.0000
A5-R4,tj_pk50,t_ew_fr4,E,0.0016,0.0008,0.0016,114.5725,114.5725,114.5725,0.0000
A5-R4,tj_300,t_ew_fr4,E,0.0016,0.0008,0.0016,109.1779,109.1779,109.1779,0.0000
A5-R4,tj_180,t_ew_fr4,E,0.0016,0.0008,0.0016,96.6209,96.6209,96.6209,0.0000
A5-R4,case_ss,t_ew_fr4,E,0.0016,0.0008,0.0016,121.8353,121.8353,121.8353,0.0000
A5-R4,dl_case,t_ew_fr4,E,0.0016,0.0008,0.0016,84.4444,84.4444,84.4444,0.0000
A5-R4,surf5,t_ew_fr4,E,0.0016,0.0008,0.0016,64.1822,64.1822,64.1822,0.0000
A5-R4,petg_ss,t_ew_fr4,E,0.0016,0.0008,0.0016,92.2799,92.2799,92.2799,0.0000
A5-R4,petg_ss50,t_ew_fr4,E,0.0016,0.0008,0.0016,74.6275,74.6275,74.6275,0.0000
A5-R4,dl_petg,t_ew_fr4,E,0.0016,0.0008,0.0016,70.6646,70.6646,70.6646,0.0000
A5-R4,bay_ss,t_ew_fr4,E,0.0016,0.0008,0.0016,88.8258,88.8258,88.8258,0.0000
A5-R4,dl_bay,t_ew_fr4,E,0.0016,0.0008,0.0016,69.8364,69.8364,69.8364,0.0000
A5-R4,cell30,t_ew_fr4,E,0.0016,0.0008,0.0016,51.8146,51.8146,51.8146,0.0000
A5-R4,main30,t_ew_fr4,E,0.0016,0.0008,0.0016,58.5638,58.5638,58.5638,0.0000
A5-R4,cell_ss50,t_ew_fr4,E,0.0016,0.0008,0.0016,61.3257,61.3257,61.3257,0.0000
A5-R4,dl_cell,t_ew_fr4,E,0.0016,0.0008,0.0016,59.5500,59.5500,59.5500,0.0000
A5-R4,dl_main,t_ew_fr4,E,0.0016,0.0008,0.0016,60.1992,60.1992,60.1992,0.0000
A5-R4,tj_ss,a_bw_gross,DD,0.0029,0.0026,0.0032,142.0888,142.2762,141.9120,0.3642
A5-R4,tj_pk50,a_bw_gross,DD,0.0029,0.0026,0.0032,114.5725,114.6689,114.4810,0.1878
A5-R4,tj_300,a_bw_gross,DD,0.0029,0.0026,0.0032,109.1779,109.1931,109.1640,0.0291
A5-R4,tj_180,a_bw_gross,DD,0.0029,0.0026,0.0032,96.6209,96.6252,96.6170,0.0082
A5-R4,case_ss,a_bw_gross,DD,0.0029,0.0026,0.0032,121.8353,122.0227,121.6585,0.3642
A5-R4,dl_case,a_bw_gross,DD,0.0029,0.0026,0.0032,84.4444,84.5390,84.3545,0.1844
A5-R4,surf5,a_bw_gross,DD,0.0029,0.0026,0.0032,64.1822,64.1970,64.1687,0.0283
A5-R4,petg_ss,a_bw_gross,DD,0.0029,0.0026,0.0032,92.2799,92.4834,92.0816,0.4018
A5-R4,petg_ss50,a_bw_gross,DD,0.0029,0.0026,0.0032,74.6275,74.7667,74.4913,0.2754
A5-R4,dl_petg,a_bw_gross,DD,0.0029,0.0026,0.0032,70.6646,70.7930,70.5391,0.2539
A5-R4,bay_ss,a_bw_gross,DD,0.0029,0.0026,0.0032,88.8258,89.1416,88.5139,0.6277
A5-R4,dl_bay,a_bw_gross,DD,0.0029,0.0026,0.0032,69.8364,70.0418,69.6337,0.4081
A5-R4,cell30,a_bw_gross,DD,0.0029,0.0026,0.0032,51.8146,51.8213,51.8080,0.0132
A5-R4,main30,a_bw_gross,DD,0.0029,0.0026,0.0032,58.5638,58.5883,58.5397,0.0486
A5-R4,cell_ss50,a_bw_gross,DD,0.0029,0.0026,0.0032,61.3257,61.3524,61.2994,0.0530
A5-R4,dl_cell,a_bw_gross,DD,0.0029,0.0026,0.0032,59.5500,59.5746,59.5259,0.0486
A5-R4,dl_main,a_bw_gross,DD,0.0029,0.0026,0.0032,60.1992,60.2302,60.1688,0.0614
A5-R4,tj_ss,bw_solid,E,0.8000,0.7000,0.9000,142.0888,142.3258,141.8685,0.4574
A5-R4,tj_pk50,bw_solid,E,0.8000,0.7000,0.9000,114.5725,114.6943,114.4585,0.2358
A5-R4,tj_300,bw_solid,E,0.8000,0.7000,0.9000,109.1779,109.1972,109.1606,0.0366
A5-R4,tj_180,bw_solid,E,0.8000,0.7000,0.9000,96.6209,96.6264,96.6161,0.0103
A5-R4,case_ss,bw_solid,E,0.8000,0.7000,0.9000,121.8353,122.0723,121.6150,0.4574
A5-R4,dl_case,bw_solid,E,0.8000,0.7000,0.9000,84.4444,84.5639,84.3323,0.2315
A5-R4,surf5,bw_solid,E,0.8000,0.7000,0.9000,64.1822,64.2010,64.1655,0.0356
A5-R4,petg_ss,bw_solid,E,0.8000,0.7000,0.9000,92.2799,92.5361,92.0319,0.5042
A5-R4,petg_ss50,bw_solid,E,0.8000,0.7000,0.9000,74.6275,74.8026,74.4571,0.3455
A5-R4,dl_petg,bw_solid,E,0.8000,0.7000,0.9000,70.6646,70.8261,70.5076,0.3185
A5-R4,bay_ss,bw_solid,E,0.8000,0.7000,0.9000,88.8258,89.2225,88.4352,0.7873
A5-R4,dl_bay,bw_solid,E,0.8000,0.7000,0.9000,69.8364,70.0945,69.5826,0.5118
A5-R4,cell30,bw_solid,E,0.8000,0.7000,0.9000,51.8146,51.8230,51.8064,0.0166
A5-R4,main30,bw_solid,E,0.8000,0.7000,0.9000,58.5638,58.5946,58.5336,0.0610
A5-R4,cell_ss50,bw_solid,E,0.8000,0.7000,0.9000,61.3257,61.3593,61.2928,0.0665
A5-R4,dl_cell,bw_solid,E,0.8000,0.7000,0.9000,59.5500,59.5809,59.5199,0.0610
A5-R4,dl_main,bw_solid,E,0.8000,0.7000,0.9000,60.1992,60.2381,60.1611,0.0770
A5-R4,tj_ss,a_bh,DD,0.0025,0.0022,0.0027,142.0888,142.1898,141.9971,0.1927
A5-R4,tj_pk50,a_bh,DD,0.0025,0.0022,0.0027,114.5725,114.6171,114.5319,0.0852
A5-R4,tj_300,a_bh,DD,0.0025,0.0022,0.0027,109.1779,109.1991,109.1589,0.0402
A5-R4,tj_180,a_bh,DD,0.0025,0.0022,0.0027,96.6209,96.6275,96.6151,0.0123
A5-R4,case_ss,a_bh,DD,0.0025,0.0022,0.0027,121.8353,121.9363,121.7436,0.1927
A5-R4,dl_case,a_bh,DD,0.0025,0.0022,0.0027,84.4444,84.4848,84.4076,0.0772
A5-R4,surf5,a_bh,DD,0.0025,0.0022,0.0027,64.1822,64.2035,64.1632,0.0404
A5-R4,petg_ss,a_bh,DD,0.0025,0.0022,0.0027,92.2799,93.1263,91.5445,1.5819
A5-R4,petg_ss50,a_bh,DD,0.0025,0.0022,0.0027,74.6275,75.0865,74.2299,0.8567
A5-R4,dl_petg,a_bh,DD,0.0025,0.0022,0.0027,70.6646,71.0330,70.3459,0.6871
A5-R4,bay_ss,a_bh,DD,0.0025,0.0022,0.0027,88.8258,88.9054,88.7451,0.1603
A5-R4,dl_bay,a_bh,DD,0.0025,0.0022,0.0027,69.8364,69.8807,69.7916,0.0891
A5-R4,cell30,a_bh,DD,0.0025,0.0022,0.0027,51.8146,51.8079,51.8205,0.0126
A5-R4,main30,a_bh,DD,0.0025,0.0022,0.0027,58.5638,58.5168,58.6078,0.0910
A5-R4,cell_ss50,a_bh,DD,0.0025,0.0022,0.0027,61.3257,61.2675,61.3813,0.1138
A5-R4,dl_cell,a_bh,DD,0.0025,0.0022,0.0027,59.5500,59.5034,59.5946,0.0912
A5-R4,dl_main,a_bh,DD,0.0025,0.0022,0.0027,60.1992,60.1403,60.2555,0.1151
A5-R4,tj_ss,t_bh,E,0.0012,0.0010,0.0014,142.0888,142.0799,142.0976,0.0177
A5-R4,tj_pk50,t_bh,E,0.0012,0.0010,0.0014,114.5725,114.5689,114.5761,0.0072
A5-R4,tj_300,t_bh,E,0.0012,0.0010,0.0014,109.1779,109.2107,109.1507,0.0600
A5-R4,tj_180,t_bh,E,0.0012,0.0010,0.0014,96.6209,96.6320,96.6121,0.0199
A5-R4,case_ss,t_bh,E,0.0012,0.0010,0.0014,121.8353,121.8264,121.8441,0.0177
A5-R4,dl_case,t_bh,E,0.0012,0.0010,0.0014,84.4444,84.4411,84.4477,0.0066
A5-R4,surf5,t_bh,E,0.0012,0.0010,0.0014,64.1822,64.2155,64.1547,0.0608
A5-R4,petg_ss,t_bh,E,0.0012,0.0010,0.0014,92.2799,92.1279,92.4311,0.3032
A5-R4,petg_ss50,t_bh,E,0.0012,0.0010,0.0014,74.6275,74.5519,74.7026,0.1507
A5-R4,dl_petg,t_bh,E,0.0012,0.0010,0.0014,70.6646,70.6053,70.7237,0.1184
A5-R4,bay_ss,t_bh,E,0.0012,0.0010,0.0014,88.8258,88.8174,88.8340,0.0167
A5-R4,dl_bay,t_bh,E,0.0012,0.0010,0.0014,69.8364,69.8323,69.8404,0.0081
A5-R4,cell30,t_bh,E,0.0012,0.0010,0.0014,51.8146,51.8403,51.7896,0.0508
A5-R4,main30,t_bh,E,0.0012,0.0010,0.0014,58.5638,58.6089,58.5167,0.0922
A5-R4,cell_ss50,t_bh,E,0.0012,0.0010,0.0014,61.3257,61.3308,61.3206,0.0102
A5-R4,dl_cell,t_bh,E,0.0012,0.0010,0.0014,59.5500,59.5541,59.5461,0.0080
A5-R4,dl_main,t_bh,E,0.0012,0.0010,0.0014,60.1992,60.2043,60.1942,0.0101
A5-R4,tj_ss,gap_bh,E,0.0030,0.0020,0.0040,142.0888,142.0191,142.1351,0.1161
A5-R4,tj_pk50,gap_bh,E,0.0030,0.0020,0.0040,114.5725,114.5400,114.5946,0.0546
A5-R4,tj_300,gap_bh,E,0.0030,0.0020,0.0040,109.1779,109.1686,109.1838,0.0152
A5-R4,tj_180,gap_bh,E,0.0030,0.0020,0.0040,96.6209,96.6185,96.6224,0.0040
A5-R4,case_ss,gap_bh,E,0.0030,0.0020,0.0040,121.8353,121.7655,121.8816,0.1161
A5-R4,dl_case,gap_bh,E,0.0030,0.0020,0.0040,84.4444,84.4145,84.4649,0.0504
A5-R4,surf5,gap_bh,E,0.0030,0.0020,0.0040,64.1822,64.1723,64.1886,0.0163
A5-R4,petg_ss,gap_bh,E,0.0030,0.0020,0.0040,92.2799,91.8120,92.5907,0.7787
A5-R4,petg_ss50,gap_bh,E,0.0030,0.0020,0.0040,74.6275,74.3454,74.8187,0.4733
A5-R4,dl_petg,gap_bh,E,0.0030,0.0020,0.0040,70.6646,70.4300,70.8244,0.3944
A5-R4,bay_ss,gap_bh,E,0.0030,0.0020,0.0040,88.8258,88.7495,88.8765,0.1271
A5-R4,dl_bay,gap_bh,E,0.0030,0.0020,0.0040,69.8364,69.7973,69.8630,0.0657
A5-R4,cell30,gap_bh,E,0.0030,0.0020,0.0040,51.8146,51.8316,51.8031,0.0285
A5-R4,main30,gap_bh,E,0.0030,0.0020,0.0040,58.5638,58.6188,58.5264,0.0924
A5-R4,cell_ss50,gap_bh,E,0.0030,0.0020,0.0040,61.3257,61.3728,61.2938,0.0790
A5-R4,dl_cell,gap_bh,E,0.0030,0.0020,0.0040,59.5500,59.5876,59.5244,0.0631
A5-R4,dl_main,gap_bh,E,0.0030,0.0020,0.0040,60.1992,60.2466,60.1669,0.0797
A5-R4,tj_ss,a_mw,E,0.0262,0.0210,0.0314,142.0888,142.4239,141.8473,0.5766
A5-R4,tj_pk50,a_mw,E,0.0262,0.0210,0.0314,114.5725,114.7835,114.4207,0.3628
A5-R4,tj_300,a_mw,E,0.0262,0.0210,0.0314,109.1779,109.1802,109.1758,0.0044
A5-R4,tj_180,a_mw,E,0.0262,0.0210,0.0314,96.6209,96.6213,96.6206,0.0007
A5-R4,case_ss,a_mw,E,0.0262,0.0210,0.0314,121.8353,122.1704,121.5938,0.5766
A5-R4,dl_case,a_mw,E,0.0262,0.0210,0.0314,84.4444,84.6677,84.2838,0.3839
A5-R4,surf5,a_mw,E,0.0262,0.0210,0.0314,64.1822,64.1842,64.1803,0.0039
A5-R4,petg_ss,a_mw,E,0.0262,0.0210,0.0314,92.2799,93.6618,91.2892,2.3726
A5-R4,petg_ss50,a_mw,E,0.0262,0.0210,0.0314,74.6275,75.7299,73.8366,1.8932
A5-R4,dl_petg,a_mw,E,0.0262,0.0210,0.0314,70.6646,71.7112,69.9142,1.7970
A5-R4,bay_ss,a_mw,E,0.0262,0.0210,0.0314,88.8258,89.4319,88.3876,1.0443
A5-R4,dl_bay,a_mw,E,0.0262,0.0210,0.0314,69.8364,70.3151,69.4909,0.8242
A5-R4,cell30,a_mw,E,0.0262,0.0210,0.0314,51.8146,52.4204,51.3264,1.0940
A5-R4,main30,a_mw,E,0.0262,0.0210,0.0314,58.5638,60.5585,57.0092,3.5493
A5-R4,cell_ss50,a_mw,E,0.0262,0.0210,0.0314,61.3257,63.8807,59.4891,4.3915
A5-R4,dl_cell,a_mw,E,0.0262,0.0210,0.0314,59.5500,61.8895,57.8703,4.0192
A5-R4,dl_main,a_mw,E,0.0262,0.0210,0.0314,60.1992,63.1086,58.0996,5.0090
A5-R4,tj_ss,eps_out,E,0.9000,0.8500,0.9500,142.0888,142.3519,141.8373,0.5147
A5-R4,tj_pk50,eps_out,E,0.9000,0.8500,0.9500,114.5725,114.7055,114.4453,0.2602
A5-R4,tj_300,eps_out,E,0.9000,0.8500,0.9500,109.1779,109.1837,109.1723,0.0114
A5-R4,tj_180,eps_out,E,0.9000,0.8500,0.9500,96.6209,96.6220,96.6199,0.0020
A5-R4,case_ss,eps_out,E,0.9000,0.8500,0.9500,121.8353,122.0984,121.5837,0.5147
A5-R4,dl_case,eps_out,E,0.9000,0.8500,0.9500,84.4444,84.5740,84.3207,0.2533
A5-R4,surf5,eps_out,E,0.9000,0.8500,0.9500,64.1822,64.1871,64.1773,0.0098
A5-R4,petg_ss,eps_out,E,0.9000,0.8500,0.9500,92.2799,92.5460,92.0274,0.5185
A5-R4,petg_ss50,eps_out,E,0.9000,0.8500,0.9500,74.6275,74.8049,74.4592,0.3457
A5-R4,dl_petg,eps_out,E,0.9000,0.8500,0.9500,70.6646,70.8278,70.5099,0.3179
A5-R4,bay_ss,eps_out,E,0.9000,0.8500,0.9500,88.8258,89.0766,88.5865,0.4901
A5-R4,dl_bay,eps_out,E,0.9000,0.8500,0.9500,69.8364,69.9868,69.6929,0.2939
A5-R4,cell30,eps_out,E,0.9000,0.8500,0.9500,51.8146,51.8586,51.7724,0.0863
A5-R4,main30,eps_out,E,0.9000,0.8500,0.9500,58.5638,58.6817,58.4513,0.2305
A5-R4,cell_ss50,eps_out,E,0.9000,0.8500,0.9500,61.3257,61.5744,61.0929,0.4815
A5-R4,dl_cell,eps_out,E,0.9000,0.8500,0.9500,59.5500,59.7766,59.3380,0.4386
A5-R4,dl_main,eps_out,E,0.9000,0.8500,0.9500,60.1992,60.4186,59.9938,0.4248
A5-R4,tj_ss,eps_in,E,0.8000,0.7000,0.9000,142.0888,142.2220,141.9719,0.2501
A5-R4,tj_pk50,eps_in,E,0.8000,0.7000,0.9000,114.5725,114.6462,114.5077,0.1385
A5-R4,tj_300,eps_in,E,0.8000,0.7000,0.9000,109.1779,109.1771,109.1786,0.0015
A5-R4,tj_180,eps_in,E,0.8000,0.7000,0.9000,96.6209,96.6203,96.6215,0.0012
A5-R4,case_ss,eps_in,E,0.8000,0.7000,0.9000,121.8353,121.9685,121.7184,0.2501
A5-R4,dl_case,eps_in,E,0.8000,0.7000,0.9000,84.4444,84.5189,84.3789,0.1401
A5-R4,surf5,eps_in,E,0.8000,0.7000,0.9000,64.1822,64.1809,64.1834,0.0024
A5-R4,petg_ss,eps_in,E,0.8000,0.7000,0.9000,92.2799,93.1434,91.5356,1.6078
A5-R4,petg_ss50,eps_in,E,0.8000,0.7000,0.9000,74.6275,75.1821,74.1474,1.0347
A5-R4,dl_petg,eps_in,E,0.8000,0.7000,0.9000,70.6646,71.1506,70.2435,0.9071
A5-R4,bay_ss,eps_in,E,0.8000,0.7000,0.9000,88.8258,89.1707,88.5160,0.6547
A5-R4,dl_bay,eps_in,E,0.8000,0.7000,0.9000,69.8364,70.0977,69.6023,0.4954
A5-R4,cell30,eps_in,E,0.8000,0.7000,0.9000,51.8146,51.9074,51.7338,0.1736
A5-R4,main30,eps_in,E,0.8000,0.7000,0.9000,58.5638,59.0127,58.1764,0.8364
A5-R4,cell_ss50,eps_in,E,0.8000,0.7000,0.9000,61.3257,61.6817,61.0238,0.6578
A5-R4,dl_cell,eps_in,E,0.8000,0.7000,0.9000,59.5500,59.8803,59.2698,0.6105
A5-R4,dl_main,eps_in,E,0.8000,0.7000,0.9000,60.1992,60.7840,59.7020,1.0821
A5-R4,tj_ss,eps_bh,E,0.8200,0.7500,0.9000,142.0888,142.1025,142.0741,0.0284
A5-R4,tj_pk50,eps_bh,E,0.8200,0.7500,0.9000,114.5725,114.5782,114.5664,0.0118
A5-R4,tj_300,eps_bh,E,0.8200,0.7500,0.9000,109.1779,109.1792,109.1765,0.0027
A5-R4,tj_180,eps_bh,E,0.8200,0.7500,0.9000,96.6209,96.6213,96.6206,0.0007
A5-R4,case_ss,eps_bh,E,0.8200,0.7500,0.9000,121.8353,121.8490,121.8206,0.0284
A5-R4,dl_case,eps_bh,E,0.8200,0.7500,0.9000,84.4444,84.4495,84.4390,0.0106
A5-R4,surf5,eps_bh,E,0.8200,0.7500,0.9000,64.1822,64.1833,64.1810,0.0024
A5-R4,petg_ss,eps_bh,E,0.8200,0.7500,0.9000,92.2799,92.3721,92.1814,0.1907
A5-R4,petg_ss50,eps_bh,E,0.8200,0.7500,0.9000,74.6275,74.6767,74.5746,0.1021
A5-R4,dl_petg,eps_bh,E,0.8200,0.7500,0.9000,70.6646,70.7045,70.6218,0.0827
A5-R4,bay_ss,eps_bh,E,0.8200,0.7500,0.9000,88.8258,88.8408,88.8097,0.0311
A5-R4,dl_bay,eps_bh,E,0.8200,0.7500,0.9000,69.8364,69.8430,69.8292,0.0138
A5-R4,cell30,eps_bh,E,0.8200,0.7500,0.9000,51.8146,51.8119,51.8175,0.0057
A5-R4,main30,eps_bh,E,0.8200,0.7500,0.9000,58.5638,58.5546,58.5737,0.0191
A5-R4,cell_ss50,eps_bh,E,0.8200,0.7500,0.9000,61.3257,61.3175,61.3345,0.0170
A5-R4,dl_cell,eps_bh,E,0.8200,0.7500,0.9000,59.5500,59.5437,59.5569,0.0132
A5-R4,dl_main,eps_bh,E,0.8200,0.7500,0.9000,60.1992,60.1912,60.2079,0.0167
A5-R4,tj_ss,k_air,D,0.0280,0.0270,0.0290,142.0888,142.1243,142.0536,0.0706
A5-R4,tj_pk50,k_air,D,0.0280,0.0270,0.0290,114.5725,114.5921,114.5531,0.0391
A5-R4,tj_300,k_air,D,0.0280,0.0270,0.0290,109.1779,109.1903,109.1656,0.0247
A5-R4,tj_180,k_air,D,0.0280,0.0270,0.0290,96.6209,96.6271,96.6148,0.0123
A5-R4,case_ss,k_air,D,0.0280,0.0270,0.0290,121.8353,121.8708,121.8001,0.0706
A5-R4,dl_case,k_air,D,0.0280,0.0270,0.0290,84.4444,84.4637,84.4254,0.0383
A5-R4,surf5,k_air,D,0.0280,0.0270,0.0290,64.1822,64.1947,64.1698,0.0250
A5-R4,petg_ss,k_air,D,0.0280,0.0270,0.0290,92.2799,92.3286,92.2324,0.0962
A5-R4,petg_ss50,k_air,D,0.0280,0.0270,0.0290,74.6275,74.6566,74.5991,0.0575
A5-R4,dl_petg,k_air,D,0.0280,0.0270,0.0290,70.6646,70.6894,70.6405,0.0490
A5-R4,bay_ss,k_air,D,0.0280,0.0270,0.0290,88.8258,88.8304,88.8214,0.0090
A5-R4,dl_bay,k_air,D,0.0280,0.0270,0.0290,69.8364,69.8380,69.8348,0.0032
A5-R4,cell30,k_air,D,0.0280,0.0270,0.0290,51.8146,51.8131,51.8161,0.0030
A5-R4,main30,k_air,D,0.0280,0.0270,0.0290,58.5638,58.5591,58.5685,0.0094
A5-R4,cell_ss50,k_air,D,0.0280,0.0270,0.0290,61.3257,61.3217,61.3296,0.0079
A5-R4,dl_cell,k_air,D,0.0280,0.0270,0.0290,59.5500,59.5469,59.5531,0.0062
A5-R4,dl_main,k_air,D,0.0280,0.0270,0.0290,60.1992,60.1952,60.2031,0.0079
A5-R4,tj_ss,gap_face,E,0.0020,0.0015,0.0030,142.0888,141.8222,142.3704,0.5482
A5-R4,tj_pk50,gap_face,E,0.0020,0.0015,0.0030,114.5725,114.4207,114.7331,0.3124
A5-R4,tj_300,gap_face,E,0.0020,0.0015,0.0030,109.1779,109.0717,109.2880,0.2164
A5-R4,tj_180,gap_face,E,0.0020,0.0015,0.0030,96.6209,96.5659,96.6773,0.1114
A5-R4,case_ss,gap_face,E,0.0020,0.0015,0.0030,121.8353,121.5687,122.1169,0.5482
A5-R4,dl_case,gap_face,E,0.0020,0.0015,0.0030,84.4444,84.2944,84.6037,0.3092
A5-R4,surf5,gap_face,E,0.0020,0.0015,0.0030,64.1822,64.0754,64.2930,0.2176
A5-R4,petg_ss,gap_face,E,0.0020,0.0015,0.0030,92.2799,92.2065,92.3574,0.1509
A5-R4,petg_ss50,gap_face,E,0.0020,0.0015,0.0030,74.6275,74.5885,74.6688,0.0804
A5-R4,dl_petg,gap_face,E,0.0020,0.0015,0.0030,70.6646,70.6274,70.7042,0.0768
A5-R4,bay_ss,gap_face,E,0.0020,0.0015,0.0030,88.8258,88.8442,88.8063,0.0379
A5-R4,dl_bay,gap_face,E,0.0020,0.0015,0.0030,69.8364,69.8525,69.8192,0.0333
A5-R4,cell30,gap_face,E,0.0020,0.0015,0.0030,51.8146,51.8147,51.8145,0.0002
A5-R4,main30,gap_face,E,0.0020,0.0015,0.0030,58.5638,58.5631,58.5646,0.0014
A5-R4,cell_ss50,gap_face,E,0.0020,0.0015,0.0030,61.3257,61.3246,61.3269,0.0023
A5-R4,dl_cell,gap_face,E,0.0020,0.0015,0.0030,59.5500,59.5487,59.5515,0.0028
A5-R4,dl_main,gap_face,E,0.0020,0.0015,0.0030,60.1992,60.1975,60.2010,0.0035
A5-R4,tj_ss,h_rad_gap,E,7.0000,5.0000,8.0000,142.0888,142.2076,142.0304,0.1771
A5-R4,tj_pk50,h_rad_gap,E,7.0000,5.0000,8.0000,114.5725,114.6402,114.5393,0.1010
A5-R4,tj_300,h_rad_gap,E,7.0000,5.0000,8.0000,109.1779,109.2246,109.1548,0.0698
A5-R4,tj_180,h_rad_gap,E,7.0000,5.0000,8.0000,96.6209,96.6449,96.6090,0.0359
A5-R4,case_ss,h_rad_gap,E,7.0000,5.0000,8.0000,121.8353,121.9541,121.7769,0.1771
A5-R4,dl_case,h_rad_gap,E,7.0000,5.0000,8.0000,84.4444,84.5115,84.4115,0.1000
A5-R4,surf5,h_rad_gap,E,7.0000,5.0000,8.0000,64.1822,64.2292,64.1590,0.0702
A5-R4,petg_ss,h_rad_gap,E,7.0000,5.0000,8.0000,92.2799,92.3126,92.2639,0.0488
A5-R4,petg_ss50,h_rad_gap,E,7.0000,5.0000,8.0000,74.6275,74.6449,74.6189,0.0260
A5-R4,dl_petg,h_rad_gap,E,7.0000,5.0000,8.0000,70.6646,70.6813,70.6565,0.0248
A5-R4,bay_ss,h_rad_gap,E,7.0000,5.0000,8.0000,88.8258,88.8176,88.8298,0.0122
A5-R4,dl_bay,h_rad_gap,E,7.0000,5.0000,8.0000,69.8364,69.8291,69.8399,0.0108
A5-R4,cell30,h_rad_gap,E,7.0000,5.0000,8.0000,51.8146,51.8146,51.8146,0.0001
A5-R4,main30,h_rad_gap,E,7.0000,5.0000,8.0000,58.5638,58.5641,58.5637,0.0005
A5-R4,cell_ss50,h_rad_gap,E,7.0000,5.0000,8.0000,61.3257,61.3262,61.3255,0.0007
A5-R4,dl_cell,h_rad_gap,E,7.0000,5.0000,8.0000,59.5500,59.5506,59.5497,0.0009
A5-R4,dl_main,h_rad_gap,E,7.0000,5.0000,8.0000,60.1992,60.2000,60.1988,0.0011
A5-R4,tj_ss,a_gap_face,E,0.0004,0.0002,0.0006,142.0888,142.7458,141.5083,1.2375
A5-R4,tj_pk50,a_gap_face,E,0.0004,0.0002,0.0006,114.5725,114.9474,114.2421,0.7053
A5-R4,tj_300,a_gap_face,E,0.0004,0.0002,0.0006,109.1779,109.4312,108.9439,0.4873
A5-R4,tj_180,a_gap_face,E,0.0004,0.0002,0.0006,96.6209,96.7497,96.4990,0.2507
A5-R4,case_ss,a_gap_face,E,0.0004,0.0002,0.0006,121.8353,122.4923,121.2548,1.2375
A5-R4,dl_case,a_gap_face,E,0.0004,0.0002,0.0006,84.4444,84.8171,84.1187,0.6983
A5-R4,surf5,a_gap_face,E,0.0004,0.0002,0.0006,64.1822,64.4374,63.9472,0.4902
A5-R4,petg_ss,a_gap_face,E,0.0004,0.0002,0.0006,92.2799,92.4607,92.1202,0.3406
A5-R4,petg_ss50,a_gap_face,E,0.0004,0.0002,0.0006,74.6275,74.7242,74.5427,0.1814
A5-R4,dl_petg,a_gap_face,E,0.0004,0.0002,0.0006,70.6646,70.7573,70.5839,0.1734
A5-R4,bay_ss,a_gap_face,E,0.0004,0.0002,0.0006,88.8258,88.7805,88.8660,0.0855
A5-R4,dl_bay,a_gap_face,E,0.0004,0.0002,0.0006,69.8364,69.7962,69.8714,0.0752
A5-R4,cell30,a_gap_face,E,0.0004,0.0002,0.0006,51.8146,51.8144,51.8148,0.0005
A5-R4,main30,a_gap_face,E,0.0004,0.0002,0.0006,58.5638,58.5655,58.5623,0.0032
A5-R4,cell_ss50,a_gap_face,E,0.0004,0.0002,0.0006,61.3257,61.3284,61.3233,0.0051
A5-R4,dl_cell,a_gap_face,E,0.0004,0.0002,0.0006,59.5500,59.5534,59.5471,0.0063
A5-R4,dl_main,a_gap_face,E,0.0004,0.0002,0.0006,60.1992,60.2035,60.1955,0.0079
A5-R4,tj_ss,rad_f_ef,E,0.3000,0.2000,0.4500,142.0888,142.0726,142.4268,0.3542
A5-R4,tj_pk50,rad_f_ef,E,0.3000,0.2000,0.4500,114.5725,114.5524,114.7382,0.1858
A5-R4,tj_300,rad_f_ef,E,0.3000,0.2000,0.4500,109.1779,109.1685,109.2347,0.0662
A5-R4,tj_180,rad_f_ef,E,0.3000,0.2000,0.4500,96.6209,96.6175,96.6391,0.0216
A5-R4,case_ss,rad_f_ef,E,0.3000,0.2000,0.4500,121.8353,121.8191,122.1733,0.3542
A5-R4,dl_case,rad_f_ef,E,0.3000,0.2000,0.4500,84.4444,84.4223,84.6013,0.1790
A5-R4,surf5,rad_f_ef,E,0.3000,0.2000,0.4500,64.1822,64.1722,64.2423,0.0700
A5-R4,petg_ss,rad_f_ef,E,0.3000,0.2000,0.4500,92.2799,92.2754,92.3735,0.0981
A5-R4,petg_ss50,rad_f_ef,E,0.3000,0.2000,0.4500,74.6275,74.6223,74.6703,0.0481
A5-R4,dl_petg,rad_f_ef,E,0.3000,0.2000,0.4500,70.6646,70.6591,70.7038,0.0447
A5-R4,bay_ss,rad_f_ef,E,0.3000,0.2000,0.4500,88.8258,88.8268,88.8037,0.0231
A5-R4,dl_bay,rad_f_ef,E,0.3000,0.2000,0.4500,69.8364,69.8387,69.8199,0.0188
A5-R4,cell30,rad_f_ef,E,0.3000,0.2000,0.4500,51.8146,51.8146,51.8145,0.0001
A5-R4,main30,rad_f_ef,E,0.3000,0.2000,0.4500,58.5638,58.5637,58.5644,0.0007
A5-R4,cell_ss50,rad_f_ef,E,0.3000,0.2000,0.4500,61.3257,61.3256,61.3270,0.0014
A5-R4,dl_cell,rad_f_ef,E,0.3000,0.2000,0.4500,59.5500,59.5498,59.5515,0.0017
A5-R4,dl_main,rad_f_ef,E,0.3000,0.2000,0.4500,60.1992,60.1990,60.2011,0.0021
A5-R4,tj_ss,rad_f_bh,E,0.4000,0.2500,0.5000,142.0888,141.7027,142.5375,0.8349
A5-R4,tj_pk50,rad_f_bh,E,0.4000,0.2500,0.5000,114.5725,114.3645,114.7943,0.4298
A5-R4,tj_300,rad_f_bh,E,0.4000,0.2500,0.5000,109.1779,109.1537,109.2269,0.0732
A5-R4,tj_180,rad_f_bh,E,0.4000,0.2500,0.5000,96.6209,96.6129,96.6368,0.0239
A5-R4,case_ss,rad_f_bh,E,0.4000,0.2500,0.5000,121.8353,121.4492,122.2840,0.8349
A5-R4,dl_case,rad_f_bh,E,0.4000,0.2500,0.5000,84.4444,84.2375,84.6580,0.4204
A5-R4,surf5,rad_f_bh,E,0.4000,0.2500,0.5000,64.1822,64.1590,64.2325,0.0735
A5-R4,petg_ss,rad_f_bh,E,0.4000,0.2500,0.5000,92.2799,88.8486,94.2625,5.4139
A5-R4,petg_ss50,rad_f_bh,E,0.4000,0.2500,0.5000,74.6275,72.8056,75.7007,2.8950
A5-R4,dl_petg,rad_f_bh,E,0.4000,0.2500,0.5000,70.6646,69.2145,71.5314,2.3169
A5-R4,bay_ss,rad_f_bh,E,0.4000,0.2500,0.5000,88.8258,88.6636,88.9024,0.2388
A5-R4,dl_bay,rad_f_bh,E,0.4000,0.2500,0.5000,69.8364,69.7712,69.8640,0.0928
A5-R4,cell30,rad_f_bh,E,0.4000,0.2500,0.5000,51.8146,51.7692,51.8408,0.0716
A5-R4,main30,rad_f_bh,E,0.4000,0.2500,0.5000,58.5638,58.4148,58.6494,0.2346
A5-R4,cell_ss50,rad_f_bh,E,0.4000,0.2500,0.5000,61.3257,61.1914,61.4033,0.2118
A5-R4,dl_cell,rad_f_bh,E,0.4000,0.2500,0.5000,59.5500,59.4437,59.6122,0.1685
A5-R4,dl_main,rad_f_bh,E,0.4000,0.2500,0.5000,60.1992,60.0649,60.2777,0.2127
A5-R4,tj_ss,o3_rad_amb,E,0.3000,0.2000,0.4000,142.0888,142.0888,142.0888,0.0000
A5-R4,tj_pk50,o3_rad_amb,E,0.3000,0.2000,0.4000,114.5725,114.5725,114.5725,0.0000
A5-R4,tj_300,o3_rad_amb,E,0.3000,0.2000,0.4000,109.1779,109.1779,109.1779,0.0000
A5-R4,tj_180,o3_rad_amb,E,0.3000,0.2000,0.4000,96.6209,96.6209,96.6209,0.0000
A5-R4,case_ss,o3_rad_amb,E,0.3000,0.2000,0.4000,121.8353,121.8353,121.8353,0.0000
A5-R4,dl_case,o3_rad_amb,E,0.3000,0.2000,0.4000,84.4444,84.4444,84.4444,0.0000
A5-R4,surf5,o3_rad_amb,E,0.3000,0.2000,0.4000,64.1822,64.1822,64.1822,0.0000
A5-R4,petg_ss,o3_rad_amb,E,0.3000,0.2000,0.4000,92.2799,92.2799,92.2799,0.0000
A5-R4,petg_ss50,o3_rad_amb,E,0.3000,0.2000,0.4000,74.6275,74.6275,74.6275,0.0000
A5-R4,dl_petg,o3_rad_amb,E,0.3000,0.2000,0.4000,70.6646,70.6646,70.6646,0.0000
A5-R4,bay_ss,o3_rad_amb,E,0.3000,0.2000,0.4000,88.8258,88.8258,88.8258,0.0000
A5-R4,dl_bay,o3_rad_amb,E,0.3000,0.2000,0.4000,69.8364,69.8364,69.8364,0.0000
A5-R4,cell30,o3_rad_amb,E,0.3000,0.2000,0.4000,51.8146,51.8146,51.8146,0.0000
A5-R4,main30,o3_rad_amb,E,0.3000,0.2000,0.4000,58.5638,58.5638,58.5638,0.0000
A5-R4,cell_ss50,o3_rad_amb,E,0.3000,0.2000,0.4000,61.3257,61.3257,61.3257,0.0000
A5-R4,dl_cell,o3_rad_amb,E,0.3000,0.2000,0.4000,59.5500,59.5500,59.5500,0.0000
A5-R4,dl_main,o3_rad_amb,E,0.3000,0.2000,0.4000,60.1992,60.1992,60.1992,0.0000
A5-R4,tj_ss,o3_rad_guard,E,0.2000,0.1000,0.3000,142.0888,142.0888,142.0888,0.0000
A5-R4,tj_pk50,o3_rad_guard,E,0.2000,0.1000,0.3000,114.5725,114.5725,114.5725,0.0000
A5-R4,tj_300,o3_rad_guard,E,0.2000,0.1000,0.3000,109.1779,109.1779,109.1779,0.0000
A5-R4,tj_180,o3_rad_guard,E,0.2000,0.1000,0.3000,96.6209,96.6209,96.6209,0.0000
A5-R4,case_ss,o3_rad_guard,E,0.2000,0.1000,0.3000,121.8353,121.8353,121.8353,0.0000
A5-R4,dl_case,o3_rad_guard,E,0.2000,0.1000,0.3000,84.4444,84.4444,84.4444,0.0000
A5-R4,surf5,o3_rad_guard,E,0.2000,0.1000,0.3000,64.1822,64.1822,64.1822,0.0000
A5-R4,petg_ss,o3_rad_guard,E,0.2000,0.1000,0.3000,92.2799,92.2799,92.2799,0.0000
A5-R4,petg_ss50,o3_rad_guard,E,0.2000,0.1000,0.3000,74.6275,74.6275,74.6275,0.0000
A5-R4,dl_petg,o3_rad_guard,E,0.2000,0.1000,0.3000,70.6646,70.6646,70.6646,0.0000
A5-R4,bay_ss,o3_rad_guard,E,0.2000,0.1000,0.3000,88.8258,88.8258,88.8258,0.0000
A5-R4,dl_bay,o3_rad_guard,E,0.2000,0.1000,0.3000,69.8364,69.8364,69.8364,0.0000
A5-R4,cell30,o3_rad_guard,E,0.2000,0.1000,0.3000,51.8146,51.8146,51.8146,0.0000
A5-R4,main30,o3_rad_guard,E,0.2000,0.1000,0.3000,58.5638,58.5638,58.5638,0.0000
A5-R4,cell_ss50,o3_rad_guard,E,0.2000,0.1000,0.3000,61.3257,61.3257,61.3257,0.0000
A5-R4,dl_cell,o3_rad_guard,E,0.2000,0.1000,0.3000,59.5500,59.5500,59.5500,0.0000
A5-R4,dl_main,o3_rad_guard,E,0.2000,0.1000,0.3000,60.1992,60.1992,60.1992,0.0000
A5-R4,tj_ss,h_gapc,E,3.0000,1.5000,5.0000,142.0888,142.0888,142.0888,0.0000
A5-R4,tj_pk50,h_gapc,E,3.0000,1.5000,5.0000,114.5725,114.5725,114.5725,0.0000
A5-R4,tj_300,h_gapc,E,3.0000,1.5000,5.0000,109.1779,109.1779,109.1779,0.0000
A5-R4,tj_180,h_gapc,E,3.0000,1.5000,5.0000,96.6209,96.6209,96.6209,0.0000
A5-R4,case_ss,h_gapc,E,3.0000,1.5000,5.0000,121.8353,121.8353,121.8353,0.0000
A5-R4,dl_case,h_gapc,E,3.0000,1.5000,5.0000,84.4444,84.4444,84.4444,0.0000
A5-R4,surf5,h_gapc,E,3.0000,1.5000,5.0000,64.1822,64.1822,64.1822,0.0000
A5-R4,petg_ss,h_gapc,E,3.0000,1.5000,5.0000,92.2799,92.2799,92.2799,0.0000
A5-R4,petg_ss50,h_gapc,E,3.0000,1.5000,5.0000,74.6275,74.6275,74.6275,0.0000
A5-R4,dl_petg,h_gapc,E,3.0000,1.5000,5.0000,70.6646,70.6646,70.6646,0.0000
A5-R4,bay_ss,h_gapc,E,3.0000,1.5000,5.0000,88.8258,88.8258,88.8258,0.0000
A5-R4,dl_bay,h_gapc,E,3.0000,1.5000,5.0000,69.8364,69.8364,69.8364,0.0000
A5-R4,cell30,h_gapc,E,3.0000,1.5000,5.0000,51.8146,51.8146,51.8146,0.0000
A5-R4,main30,h_gapc,E,3.0000,1.5000,5.0000,58.5638,58.5638,58.5638,0.0000
A5-R4,cell_ss50,h_gapc,E,3.0000,1.5000,5.0000,61.3257,61.3257,61.3257,0.0000
A5-R4,dl_cell,h_gapc,E,3.0000,1.5000,5.0000,59.5500,59.5500,59.5500,0.0000
A5-R4,dl_main,h_gapc,E,3.0000,1.5000,5.0000,60.1992,60.1992,60.1992,0.0000
A5-R4,tj_ss,gap_share,E,0.5000,0.3000,0.7000,142.0888,142.0888,142.0888,0.0000
A5-R4,tj_pk50,gap_share,E,0.5000,0.3000,0.7000,114.5725,114.5725,114.5725,0.0000
A5-R4,tj_300,gap_share,E,0.5000,0.3000,0.7000,109.1779,109.1779,109.1779,0.0000
A5-R4,tj_180,gap_share,E,0.5000,0.3000,0.7000,96.6209,96.6209,96.6209,0.0000
A5-R4,case_ss,gap_share,E,0.5000,0.3000,0.7000,121.8353,121.8353,121.8353,0.0000
A5-R4,dl_case,gap_share,E,0.5000,0.3000,0.7000,84.4444,84.4444,84.4444,0.0000
A5-R4,surf5,gap_share,E,0.5000,0.3000,0.7000,64.1822,64.1822,64.1822,0.0000
A5-R4,petg_ss,gap_share,E,0.5000,0.3000,0.7000,92.2799,92.2799,92.2799,0.0000
A5-R4,petg_ss50,gap_share,E,0.5000,0.3000,0.7000,74.6275,74.6275,74.6275,0.0000
A5-R4,dl_petg,gap_share,E,0.5000,0.3000,0.7000,70.6646,70.6646,70.6646,0.0000
A5-R4,bay_ss,gap_share,E,0.5000,0.3000,0.7000,88.8258,88.8258,88.8258,0.0000
A5-R4,dl_bay,gap_share,E,0.5000,0.3000,0.7000,69.8364,69.8364,69.8364,0.0000
A5-R4,cell30,gap_share,E,0.5000,0.3000,0.7000,51.8146,51.8146,51.8146,0.0000
A5-R4,main30,gap_share,E,0.5000,0.3000,0.7000,58.5638,58.5638,58.5638,0.0000
A5-R4,cell_ss50,gap_share,E,0.5000,0.3000,0.7000,61.3257,61.3257,61.3257,0.0000
A5-R4,dl_cell,gap_share,E,0.5000,0.3000,0.7000,59.5500,59.5500,59.5500,0.0000
A5-R4,dl_main,gap_share,E,0.5000,0.3000,0.7000,60.1992,60.1992,60.1992,0.0000
A5-R4,tj_ss,g_case_air,E,0.0030,0.0010,0.0060,142.0888,142.3877,141.6580,0.7297
A5-R4,tj_pk50,g_case_air,E,0.0030,0.0010,0.0060,114.5725,114.7284,114.3477,0.3808
A5-R4,tj_300,g_case_air,E,0.0030,0.0010,0.0060,109.1779,109.3192,108.9717,0.3475
A5-R4,tj_180,g_case_air,E,0.0030,0.0010,0.0060,96.6209,96.7049,96.4975,0.2074
A5-R4,case_ss,g_case_air,E,0.0030,0.0010,0.0060,121.8353,122.1342,121.4045,0.7297
A5-R4,dl_case,g_case_air,E,0.0030,0.0010,0.0060,84.4444,84.5861,84.2413,0.3449
A5-R4,surf5,g_case_air,E,0.0030,0.0010,0.0060,64.1822,64.2976,64.0136,0.2839
A5-R4,petg_ss,g_case_air,E,0.0030,0.0010,0.0060,92.2799,92.2459,92.3287,0.0828
A5-R4,petg_ss50,g_case_air,E,0.0030,0.0010,0.0060,74.6275,74.5897,74.6817,0.0920
A5-R4,dl_petg,g_case_air,E,0.0030,0.0010,0.0060,70.6646,70.6344,70.7078,0.0734
A5-R4,bay_ss,g_case_air,E,0.0030,0.0010,0.0060,88.8258,88.5756,89.1852,0.6096
A5-R4,dl_bay,g_case_air,E,0.0030,0.0010,0.0060,69.8364,69.6958,70.0372,0.3414
A5-R4,cell30,g_case_air,E,0.0030,0.0010,0.0060,51.8146,51.8088,51.8230,0.0142
A5-R4,main30,g_case_air,E,0.0030,0.0010,0.0060,58.5638,58.5466,58.5886,0.0421
A5-R4,cell_ss50,g_case_air,E,0.0030,0.0010,0.0060,61.3257,61.3102,61.3480,0.0378
A5-R4,dl_cell,g_case_air,E,0.0030,0.0010,0.0060,59.5500,59.5372,59.5683,0.0311
A5-R4,dl_main,g_case_air,E,0.0030,0.0010,0.0060,60.1992,60.1831,60.2223,0.0392
A5-R4,tj_ss,cd_vent,E,0.6000,0.4000,0.7000,142.0888,144.2350,141.2354,2.9996
A5-R4,tj_pk50,cd_vent,E,0.6000,0.4000,0.7000,114.5725,115.5721,114.1688,1.4033
A5-R4,tj_300,cd_vent,E,0.6000,0.4000,0.7000,109.1779,109.2196,109.1580,0.0616
A5-R4,tj_180,cd_vent,E,0.6000,0.4000,0.7000,96.6209,96.6290,96.6170,0.0121
A5-R4,case_ss,cd_vent,E,0.6000,0.4000,0.7000,121.8353,123.9815,120.9819,2.9996
A5-R4,dl_case,cd_vent,E,0.6000,0.4000,0.7000,84.4444,85.3947,84.0594,1.3353
A5-R4,surf5,cd_vent,E,0.6000,0.4000,0.7000,64.1822,64.2257,64.1614,0.0643
A5-R4,petg_ss,cd_vent,E,0.6000,0.4000,0.7000,92.2799,95.4703,91.0192,4.4511
A5-R4,petg_ss50,cd_vent,E,0.6000,0.4000,0.7000,74.6275,76.5200,73.8670,2.6529
A5-R4,dl_petg,cd_vent,E,0.6000,0.4000,0.7000,70.6646,72.3238,69.9992,2.3246
A5-R4,bay_ss,cd_vent,E,0.6000,0.4000,0.7000,88.8258,94.2611,86.6570,7.6041
A5-R4,dl_bay,cd_vent,E,0.6000,0.4000,0.7000,69.8364,72.6222,68.7045,3.9176
A5-R4,cell30,cd_vent,E,0.6000,0.4000,0.7000,51.8146,51.8818,51.7856,0.0962
A5-R4,main30,cd_vent,E,0.6000,0.4000,0.7000,58.5638,58.8543,58.4415,0.4128
A5-R4,cell_ss50,cd_vent,E,0.6000,0.4000,0.7000,61.3257,61.7023,61.1733,0.5290
A5-R4,dl_cell,cd_vent,E,0.6000,0.4000,0.7000,59.5500,59.8761,59.4179,0.4582
A5-R4,dl_main,cd_vent,E,0.6000,0.4000,0.7000,60.1992,60.6107,60.0324,0.5783
A5-R4,tj_ss,h_stack_bay,E,0.0350,0.0250,0.0450,142.0888,143.0007,141.3941,1.6066
A5-R4,tj_pk50,h_stack_bay,E,0.0350,0.0250,0.0450,114.5725,115.0000,114.2441,0.7559
A5-R4,tj_300,h_stack_bay,E,0.0350,0.0250,0.0450,109.1779,109.1970,109.1619,0.0351
A5-R4,tj_180,h_stack_bay,E,0.0350,0.0250,0.0450,96.6209,96.6247,96.6177,0.0069
A5-R4,case_ss,h_stack_bay,E,0.0350,0.0250,0.0450,121.8353,122.7471,121.1406,1.6066
A5-R4,dl_case,h_stack_bay,E,0.0350,0.0250,0.0450,84.4444,84.8514,84.1313,0.7200
A5-R4,surf5,h_stack_bay,E,0.0350,0.0250,0.0450,64.1822,64.2021,64.1655,0.0366
A5-R4,petg_ss,h_stack_bay,E,0.0350,0.0250,0.0450,92.2799,93.6320,91.2532,2.3788
A5-R4,petg_ss50,h_stack_bay,E,0.0350,0.0250,0.0450,74.6275,75.4329,74.0089,1.4240
A5-R4,dl_petg,h_stack_bay,E,0.0350,0.0250,0.0450,70.6646,71.3685,70.1234,1.2451
A5-R4,bay_ss,h_stack_bay,E,0.0350,0.0250,0.0450,88.8258,91.1384,87.0606,4.0778
A5-R4,dl_bay,h_stack_bay,E,0.0350,0.0250,0.0450,69.8364,71.0306,68.9160,2.1146
A5-R4,cell30,h_stack_bay,E,0.0350,0.0250,0.0450,51.8146,51.8442,51.7911,0.0531
A5-R4,main30,h_stack_bay,E,0.0350,0.0250,0.0450,58.5638,58.6902,58.4646,0.2257
A5-R4,cell_ss50,h_stack_bay,E,0.0350,0.0250,0.0450,61.3257,61.4869,61.2018,0.2851
A5-R4,dl_cell,h_stack_bay,E,0.0350,0.0250,0.0450,59.5500,59.6897,59.4426,0.2471
A5-R4,dl_main,h_stack_bay,E,0.0350,0.0250,0.0450,60.1992,60.3755,60.0636,0.3119
A5-R4,tj_ss,h_stack_main,E,0.0300,0.0200,0.0400,142.0888,142.0888,142.0888,0.0000
A5-R4,tj_pk50,h_stack_main,E,0.0300,0.0200,0.0400,114.5725,114.5725,114.5725,0.0000
A5-R4,tj_300,h_stack_main,E,0.0300,0.0200,0.0400,109.1779,109.1779,109.1779,0.0000
A5-R4,tj_180,h_stack_main,E,0.0300,0.0200,0.0400,96.6209,96.6209,96.6209,0.0000
A5-R4,case_ss,h_stack_main,E,0.0300,0.0200,0.0400,121.8353,121.8353,121.8353,0.0000
A5-R4,dl_case,h_stack_main,E,0.0300,0.0200,0.0400,84.4444,84.4444,84.4444,0.0000
A5-R4,surf5,h_stack_main,E,0.0300,0.0200,0.0400,64.1822,64.1822,64.1822,0.0000
A5-R4,petg_ss,h_stack_main,E,0.0300,0.0200,0.0400,92.2799,92.2799,92.2799,0.0000
A5-R4,petg_ss50,h_stack_main,E,0.0300,0.0200,0.0400,74.6275,74.6275,74.6275,0.0000
A5-R4,dl_petg,h_stack_main,E,0.0300,0.0200,0.0400,70.6646,70.6646,70.6646,0.0000
A5-R4,bay_ss,h_stack_main,E,0.0300,0.0200,0.0400,88.8258,88.8258,88.8258,0.0000
A5-R4,dl_bay,h_stack_main,E,0.0300,0.0200,0.0400,69.8364,69.8364,69.8364,0.0000
A5-R4,cell30,h_stack_main,E,0.0300,0.0200,0.0400,51.8146,51.8146,51.8146,0.0000
A5-R4,main30,h_stack_main,E,0.0300,0.0200,0.0400,58.5638,58.5638,58.5638,0.0000
A5-R4,cell_ss50,h_stack_main,E,0.0300,0.0200,0.0400,61.3257,61.3257,61.3257,0.0000
A5-R4,dl_cell,h_stack_main,E,0.0300,0.0200,0.0400,59.5500,59.5500,59.5500,0.0000
A5-R4,dl_main,h_stack_main,E,0.0300,0.0200,0.0400,60.1992,60.1992,60.1992,0.0000
A5-R4,tj_ss,rho_air,D,1.1000,1.0700,1.1300,142.0888,142.2403,141.9408,0.2995
A5-R4,tj_pk50,rho_air,D,1.1000,1.0700,1.1300,114.5725,114.6438,114.5028,0.1410
A5-R4,tj_300,rho_air,D,1.1000,1.0700,1.1300,109.1779,109.1813,109.1746,0.0066
A5-R4,tj_180,rho_air,D,1.1000,1.0700,1.1300,96.6209,96.6216,96.6203,0.0013
A5-R4,case_ss,rho_air,D,1.1000,1.0700,1.1300,121.8353,121.9868,121.6873,0.2995
A5-R4,dl_case,rho_air,D,1.1000,1.0700,1.1300,84.4444,84.5124,84.3780,0.1344
A5-R4,surf5,rho_air,D,1.1000,1.0700,1.1300,64.1822,64.1857,64.1788,0.0069
A5-R4,petg_ss,rho_air,D,1.1000,1.0700,1.1300,92.2799,92.5042,92.0610,0.4432
A5-R4,petg_ss50,rho_air,D,1.1000,1.0700,1.1300,74.6275,74.7618,74.4961,0.2657
A5-R4,dl_petg,rho_air,D,1.1000,1.0700,1.1300,70.6646,70.7821,70.5497,0.2324
A5-R4,bay_ss,rho_air,D,1.1000,1.0700,1.1300,88.8258,89.2104,88.4501,0.7603
A5-R4,dl_bay,rho_air,D,1.1000,1.0700,1.1300,69.8364,70.0359,69.6411,0.3948
A5-R4,cell30,rho_air,D,1.1000,1.0700,1.1300,51.8146,51.8196,51.8097,0.0100
A5-R4,main30,rho_air,D,1.1000,1.0700,1.1300,58.5638,58.5851,58.5429,0.0422
A5-R4,cell_ss50,rho_air,D,1.1000,1.0700,1.1300,61.3257,61.3526,61.2994,0.0532
A5-R4,dl_cell,rho_air,D,1.1000,1.0700,1.1300,59.5500,59.5733,59.5272,0.0461
A5-R4,dl_main,rho_air,D,1.1000,1.0700,1.1300,60.1992,60.2286,60.1704,0.0582
A5-R4,tj_ss,cp_air,D,1007.0000,1005.0000,1009.0000,142.0888,142.0997,142.0779,0.0218
A5-R4,tj_pk50,cp_air,D,1007.0000,1005.0000,1009.0000,114.5725,114.5776,114.5674,0.0103
A5-R4,tj_300,cp_air,D,1007.0000,1005.0000,1009.0000,109.1779,109.1782,109.1777,0.0005
A5-R4,tj_180,cp_air,D,1007.0000,1005.0000,1009.0000,96.6209,96.6210,96.6209,0.0001
A5-R4,case_ss,cp_air,D,1007.0000,1005.0000,1009.0000,121.8353,121.8462,121.8244,0.0218
A5-R4,dl_case,cp_air,D,1007.0000,1005.0000,1009.0000,84.4444,84.4493,84.4396,0.0098
A5-R4,surf5,cp_air,D,1007.0000,1005.0000,1009.0000,64.1822,64.1825,64.1820,0.0005
A5-R4,petg_ss,cp_air,D,1007.0000,1005.0000,1009.0000,92.2799,92.2961,92.2638,0.0323
A5-R4,petg_ss50,cp_air,D,1007.0000,1005.0000,1009.0000,74.6275,74.6372,74.6178,0.0193
A5-R4,dl_petg,cp_air,D,1007.0000,1005.0000,1009.0000,70.6646,70.6731,70.6562,0.0169
A5-R4,bay_ss,cp_air,D,1007.0000,1005.0000,1009.0000,88.8258,88.8535,88.7981,0.0554
A5-R4,dl_bay,cp_air,D,1007.0000,1005.0000,1009.0000,69.8364,69.8507,69.8220,0.0287
A5-R4,cell30,cp_air,D,1007.0000,1005.0000,1009.0000,51.8146,51.8150,51.8142,0.0007
A5-R4,main30,cp_air,D,1007.0000,1005.0000,1009.0000,58.5638,58.5654,58.5623,0.0031
A5-R4,cell_ss50,cp_air,D,1007.0000,1005.0000,1009.0000,61.3257,61.3276,61.3238,0.0039
A5-R4,dl_cell,cp_air,D,1007.0000,1005.0000,1009.0000,59.5500,59.5517,59.5484,0.0034
A5-R4,dl_main,cp_air,D,1007.0000,1005.0000,1009.0000,60.1992,60.2013,60.1971,0.0042
A5-R4,tj_ss,cp_al,D,896.0000,880.0000,910.0000,142.0888,142.0888,142.0888,0.0000
A5-R4,tj_pk50,cp_al,D,896.0000,880.0000,910.0000,114.5725,114.5755,114.5700,0.0056
A5-R4,tj_300,cp_al,D,896.0000,880.0000,910.0000,109.1779,109.5953,108.8188,0.7765
A5-R4,tj_180,cp_al,D,896.0000,880.0000,910.0000,96.6209,96.9710,96.3217,0.6493
A5-R4,case_ss,cp_al,D,896.0000,880.0000,910.0000,121.8353,121.8353,121.8353,0.0000
A5-R4,dl_case,cp_al,D,896.0000,880.0000,910.0000,84.4444,84.4444,84.4444,0.0000
A5-R4,surf5,cp_al,D,896.0000,880.0000,910.0000,64.1822,64.6011,63.8217,0.7794
A5-R4,petg_ss,cp_al,D,896.0000,880.0000,910.0000,92.2799,92.2799,92.2799,0.0000
A5-R4,petg_ss50,cp_al,D,896.0000,880.0000,910.0000,74.6275,74.6275,74.6275,0.0000
A5-R4,dl_petg,cp_al,D,896.0000,880.0000,910.0000,70.6646,70.6646,70.6646,0.0000
A5-R4,bay_ss,cp_al,D,896.0000,880.0000,910.0000,88.8258,88.8258,88.8258,0.0000
A5-R4,dl_bay,cp_al,D,896.0000,880.0000,910.0000,69.8364,69.8364,69.8364,0.0000
A5-R4,cell30,cp_al,D,896.0000,880.0000,910.0000,51.8146,51.8187,51.8111,0.0076
A5-R4,main30,cp_al,D,896.0000,880.0000,910.0000,58.5638,58.5724,58.5563,0.0161
A5-R4,cell_ss50,cp_al,D,896.0000,880.0000,910.0000,61.3257,61.3257,61.3257,0.0000
A5-R4,dl_cell,cp_al,D,896.0000,880.0000,910.0000,59.5500,59.5500,59.5500,0.0000
A5-R4,dl_main,cp_al,D,896.0000,880.0000,910.0000,60.1992,60.1992,60.1992,0.0000
A5-R4,tj_ss,rho_petg,E,1270.0000,1230.0000,1290.0000,142.0888,142.0888,142.0888,0.0000
A5-R4,tj_pk50,rho_petg,E,1270.0000,1230.0000,1290.0000,114.5725,114.5725,114.5725,0.0000
A5-R4,tj_300,rho_petg,E,1270.0000,1230.0000,1290.0000,109.1779,109.2000,109.1672,0.0327
A5-R4,tj_180,rho_petg,E,1270.0000,1230.0000,1290.0000,96.6209,96.6284,96.6173,0.0110
A5-R4,case_ss,rho_petg,E,1270.0000,1230.0000,1290.0000,121.8353,121.8353,121.8353,0.0000
A5-R4,dl_case,rho_petg,E,1270.0000,1230.0000,1290.0000,84.4444,84.4444,84.4444,0.0000
A5-R4,surf5,rho_petg,E,1270.0000,1230.0000,1290.0000,64.1822,64.2050,64.1711,0.0339
A5-R4,petg_ss,rho_petg,E,1270.0000,1230.0000,1290.0000,92.2799,92.2799,92.2799,0.0000
A5-R4,petg_ss50,rho_petg,E,1270.0000,1230.0000,1290.0000,74.6275,74.6275,74.6275,0.0000
A5-R4,dl_petg,rho_petg,E,1270.0000,1230.0000,1290.0000,70.6646,70.6646,70.6646,0.0000
A5-R4,bay_ss,rho_petg,E,1270.0000,1230.0000,1290.0000,88.8258,88.8258,88.8258,0.0000
A5-R4,dl_bay,rho_petg,E,1270.0000,1230.0000,1290.0000,69.8364,69.8364,69.8364,0.0000
A5-R4,cell30,rho_petg,E,1270.0000,1230.0000,1290.0000,51.8146,51.8324,51.8058,0.0266
A5-R4,main30,rho_petg,E,1270.0000,1230.0000,1290.0000,58.5638,58.5896,58.5509,0.0387
A5-R4,cell_ss50,rho_petg,E,1270.0000,1230.0000,1290.0000,61.3257,61.3257,61.3257,0.0000
A5-R4,dl_cell,rho_petg,E,1270.0000,1230.0000,1290.0000,59.5500,59.5500,59.5500,0.0000
A5-R4,dl_main,rho_petg,E,1270.0000,1230.0000,1290.0000,60.1992,60.1992,60.1992,0.0000
A5-R4,tj_ss,cp_petg,E,1200.0000,1100.0000,1300.0000,142.0888,142.0888,142.0888,0.0000
A5-R4,tj_pk50,cp_petg,E,1200.0000,1100.0000,1300.0000,114.5725,114.5725,114.5725,0.0001
A5-R4,tj_300,cp_petg,E,1200.0000,1100.0000,1300.0000,109.1779,109.2380,109.1233,0.1147
A5-R4,tj_180,cp_petg,E,1200.0000,1100.0000,1300.0000,96.6209,96.6413,96.6028,0.0386
A5-R4,case_ss,cp_petg,E,1200.0000,1100.0000,1300.0000,121.8353,121.8353,121.8353,0.0000
A5-R4,dl_case,cp_petg,E,1200.0000,1100.0000,1300.0000,84.4444,84.4444,84.4444,0.0000
A5-R4,surf5,cp_petg,E,1200.0000,1100.0000,1300.0000,64.1822,64.2445,64.1257,0.1188
A5-R4,petg_ss,cp_petg,E,1200.0000,1100.0000,1300.0000,92.2799,92.2799,92.2799,0.0000
A5-R4,petg_ss50,cp_petg,E,1200.0000,1100.0000,1300.0000,74.6275,74.6275,74.6275,0.0000
A5-R4,dl_petg,cp_petg,E,1200.0000,1100.0000,1300.0000,70.6646,70.6646,70.6646,0.0000
A5-R4,bay_ss,cp_petg,E,1200.0000,1100.0000,1300.0000,88.8258,88.8258,88.8258,0.0000
A5-R4,dl_bay,cp_petg,E,1200.0000,1100.0000,1300.0000,69.8364,69.8364,69.8364,0.0000
A5-R4,cell30,cp_petg,E,1200.0000,1100.0000,1300.0000,51.8146,51.8619,51.7682,0.0937
A5-R4,main30,cp_petg,E,1200.0000,1100.0000,1300.0000,58.5638,58.6316,58.4949,0.1368
A5-R4,cell_ss50,cp_petg,E,1200.0000,1100.0000,1300.0000,61.3257,61.3257,61.3257,0.0000
A5-R4,dl_cell,cp_petg,E,1200.0000,1100.0000,1300.0000,59.5500,59.5500,59.5500,0.0000
A5-R4,dl_main,cp_petg,E,1200.0000,1100.0000,1300.0000,60.1992,60.1992,60.1992,0.0000
A5-R4,tj_ss,rho_fr4,E,1850.0000,1800.0000,1900.0000,142.0888,142.0888,142.0888,0.0000
A5-R4,tj_pk50,rho_fr4,E,1850.0000,1800.0000,1900.0000,114.5725,114.5725,114.5725,0.0000
A5-R4,tj_300,rho_fr4,E,1850.0000,1800.0000,1900.0000,109.1779,109.1779,109.1779,0.0000
A5-R4,tj_180,rho_fr4,E,1850.0000,1800.0000,1900.0000,96.6209,96.6209,96.6209,0.0000
A5-R4,case_ss,rho_fr4,E,1850.0000,1800.0000,1900.0000,121.8353,121.8353,121.8353,0.0000
A5-R4,dl_case,rho_fr4,E,1850.0000,1800.0000,1900.0000,84.4444,84.4444,84.4444,0.0000
A5-R4,surf5,rho_fr4,E,1850.0000,1800.0000,1900.0000,64.1822,64.1822,64.1822,0.0000
A5-R4,petg_ss,rho_fr4,E,1850.0000,1800.0000,1900.0000,92.2799,92.2799,92.2799,0.0000
A5-R4,petg_ss50,rho_fr4,E,1850.0000,1800.0000,1900.0000,74.6275,74.6275,74.6275,0.0000
A5-R4,dl_petg,rho_fr4,E,1850.0000,1800.0000,1900.0000,70.6646,70.6646,70.6646,0.0000
A5-R4,bay_ss,rho_fr4,E,1850.0000,1800.0000,1900.0000,88.8258,88.8258,88.8258,0.0000
A5-R4,dl_bay,rho_fr4,E,1850.0000,1800.0000,1900.0000,69.8364,69.8364,69.8364,0.0000
A5-R4,cell30,rho_fr4,E,1850.0000,1800.0000,1900.0000,51.8146,51.8146,51.8146,0.0000
A5-R4,main30,rho_fr4,E,1850.0000,1800.0000,1900.0000,58.5638,58.5638,58.5638,0.0000
A5-R4,cell_ss50,rho_fr4,E,1850.0000,1800.0000,1900.0000,61.3257,61.3257,61.3257,0.0000
A5-R4,dl_cell,rho_fr4,E,1850.0000,1800.0000,1900.0000,59.5500,59.5500,59.5500,0.0000
A5-R4,dl_main,rho_fr4,E,1850.0000,1800.0000,1900.0000,60.1992,60.1992,60.1992,0.0000
A5-R4,tj_ss,cp_fr4,E,1100.0000,1000.0000,1200.0000,142.0888,142.0888,142.0888,0.0000
A5-R4,tj_pk50,cp_fr4,E,1100.0000,1000.0000,1200.0000,114.5725,114.5725,114.5725,0.0000
A5-R4,tj_300,cp_fr4,E,1100.0000,1000.0000,1200.0000,109.1779,109.1779,109.1779,0.0000
A5-R4,tj_180,cp_fr4,E,1100.0000,1000.0000,1200.0000,96.6209,96.6209,96.6209,0.0000
A5-R4,case_ss,cp_fr4,E,1100.0000,1000.0000,1200.0000,121.8353,121.8353,121.8353,0.0000
A5-R4,dl_case,cp_fr4,E,1100.0000,1000.0000,1200.0000,84.4444,84.4444,84.4444,0.0000
A5-R4,surf5,cp_fr4,E,1100.0000,1000.0000,1200.0000,64.1822,64.1822,64.1822,0.0000
A5-R4,petg_ss,cp_fr4,E,1100.0000,1000.0000,1200.0000,92.2799,92.2799,92.2799,0.0000
A5-R4,petg_ss50,cp_fr4,E,1100.0000,1000.0000,1200.0000,74.6275,74.6275,74.6275,0.0000
A5-R4,dl_petg,cp_fr4,E,1100.0000,1000.0000,1200.0000,70.6646,70.6646,70.6646,0.0000
A5-R4,bay_ss,cp_fr4,E,1100.0000,1000.0000,1200.0000,88.8258,88.8258,88.8258,0.0000
A5-R4,dl_bay,cp_fr4,E,1100.0000,1000.0000,1200.0000,69.8364,69.8364,69.8364,0.0000
A5-R4,cell30,cp_fr4,E,1100.0000,1000.0000,1200.0000,51.8146,51.8146,51.8146,0.0000
A5-R4,main30,cp_fr4,E,1100.0000,1000.0000,1200.0000,58.5638,58.5638,58.5638,0.0000
A5-R4,cell_ss50,cp_fr4,E,1100.0000,1000.0000,1200.0000,61.3257,61.3257,61.3257,0.0000
A5-R4,dl_cell,cp_fr4,E,1100.0000,1000.0000,1200.0000,59.5500,59.5500,59.5500,0.0000
A5-R4,dl_main,cp_fr4,E,1100.0000,1000.0000,1200.0000,60.1992,60.1992,60.1992,0.0000
A5-R4,tj_ss,c_bay,E,25.0000,15.0000,40.0000,142.0888,142.0888,142.0888,0.0000
A5-R4,tj_pk50,c_bay,E,25.0000,15.0000,40.0000,114.5725,114.5717,114.5722,0.0005
A5-R4,tj_300,c_bay,E,25.0000,15.0000,40.0000,109.1779,109.7026,108.7102,0.9924
A5-R4,tj_180,c_bay,E,25.0000,15.0000,40.0000,96.6209,96.8908,96.4170,0.4737
A5-R4,case_ss,c_bay,E,25.0000,15.0000,40.0000,121.8353,121.8353,121.8353,0.0000
A5-R4,dl_case,c_bay,E,25.0000,15.0000,40.0000,84.4444,84.4444,84.4444,0.0000
A5-R4,surf5,c_bay,E,25.0000,15.0000,40.0000,64.1822,64.7125,63.7128,0.9997
A5-R4,petg_ss,c_bay,E,25.0000,15.0000,40.0000,92.2799,92.2799,92.2799,0.0000
A5-R4,petg_ss50,c_bay,E,25.0000,15.0000,40.0000,74.6275,74.6275,74.6275,0.0000
A5-R4,dl_petg,c_bay,E,25.0000,15.0000,40.0000,70.6646,70.6646,70.6646,0.0000
A5-R4,bay_ss,c_bay,E,25.0000,15.0000,40.0000,88.8258,88.8258,88.8258,0.0000
A5-R4,dl_bay,c_bay,E,25.0000,15.0000,40.0000,69.8364,69.8364,69.8364,0.0000
A5-R4,cell30,c_bay,E,25.0000,15.0000,40.0000,51.8146,51.8794,51.7249,0.1545
A5-R4,main30,c_bay,E,25.0000,15.0000,40.0000,58.5638,58.6566,58.4035,0.2531
A5-R4,cell_ss50,c_bay,E,25.0000,15.0000,40.0000,61.3257,61.3257,61.3257,0.0000
A5-R4,dl_cell,c_bay,E,25.0000,15.0000,40.0000,59.5500,59.5500,59.5500,0.0000
A5-R4,dl_main,c_bay,E,25.0000,15.0000,40.0000,60.1992,60.1992,60.1992,0.0000
A5-R4,tj_ss,c_main,E,60.0000,40.0000,90.0000,142.0888,142.0888,142.0888,0.0000
A5-R4,tj_pk50,c_main,E,60.0000,40.0000,90.0000,114.5725,114.5726,114.5723,0.0003
A5-R4,tj_300,c_main,E,60.0000,40.0000,90.0000,109.1779,109.1954,109.1633,0.0321
A5-R4,tj_180,c_main,E,60.0000,40.0000,90.0000,96.6209,96.6261,96.6169,0.0092
A5-R4,case_ss,c_main,E,60.0000,40.0000,90.0000,121.8353,121.8353,121.8353,0.0000
A5-R4,dl_case,c_main,E,60.0000,40.0000,90.0000,84.4444,84.4444,84.4444,0.0000
A5-R4,surf5,c_main,E,60.0000,40.0000,90.0000,64.1822,64.1999,64.1676,0.0322
A5-R4,petg_ss,c_main,E,60.0000,40.0000,90.0000,92.2799,92.2799,92.2799,0.0000
A5-R4,petg_ss50,c_main,E,60.0000,40.0000,90.0000,74.6275,74.6275,74.6275,0.0000
A5-R4,dl_petg,c_main,E,60.0000,40.0000,90.0000,70.6646,70.6646,70.6646,0.0000
A5-R4,bay_ss,c_main,E,60.0000,40.0000,90.0000,88.8258,88.8258,88.8258,0.0000
A5-R4,dl_bay,c_main,E,60.0000,40.0000,90.0000,69.8364,69.8364,69.8364,0.0000
A5-R4,cell30,c_main,E,60.0000,40.0000,90.0000,51.8146,52.1870,51.3039,0.8830
A5-R4,main30,c_main,E,60.0000,40.0000,90.0000,58.5638,58.9955,57.7970,1.1985
A5-R4,cell_ss50,c_main,E,60.0000,40.0000,90.0000,61.3257,61.3257,61.3257,0.0000
A5-R4,dl_cell,c_main,E,60.0000,40.0000,90.0000,59.5500,59.5500,59.5500,0.0000
A5-R4,dl_main,c_main,E,60.0000,40.0000,90.0000,60.1992,60.1992,60.1992,0.0000
A5-R4,tj_ss,c_case_a5,E,3.0000,2.0000,4.5000,142.0888,142.0888,142.0888,0.0000
A5-R4,tj_pk50,c_case_a5,E,3.0000,2.0000,4.5000,114.5725,114.6675,114.4223,0.2453
A5-R4,tj_300,c_case_a5,E,3.0000,2.0000,4.5000,109.1779,109.7211,108.3808,1.3403
A5-R4,tj_180,c_case_a5,E,3.0000,2.0000,4.5000,96.6209,97.1216,95.8945,1.2272
A5-R4,case_ss,c_case_a5,E,3.0000,2.0000,4.5000,121.8353,121.8353,121.8353,0.0000
A5-R4,dl_case,c_case_a5,E,3.0000,2.0000,4.5000,84.4444,84.4444,84.4444,0.0000
A5-R4,surf5,c_case_a5,E,3.0000,2.0000,4.5000,64.1822,64.6818,63.4504,1.2314
A5-R4,petg_ss,c_case_a5,E,3.0000,2.0000,4.5000,92.2799,92.2799,92.2799,0.0000
A5-R4,petg_ss50,c_case_a5,E,3.0000,2.0000,4.5000,74.6275,74.6275,74.6275,0.0000
A5-R4,dl_petg,c_case_a5,E,3.0000,2.0000,4.5000,70.6646,70.6646,70.6646,0.0000
A5-R4,bay_ss,c_case_a5,E,3.0000,2.0000,4.5000,88.8258,88.8258,88.8258,0.0000
A5-R4,dl_bay,c_case_a5,E,3.0000,2.0000,4.5000,69.8364,69.8364,69.8364,0.0000
A5-R4,cell30,c_case_a5,E,3.0000,2.0000,4.5000,51.8146,51.8194,51.8075,0.0119
A5-R4,main30,c_case_a5,E,3.0000,2.0000,4.5000,58.5638,58.5737,58.5490,0.0247
A5-R4,cell_ss50,c_case_a5,E,3.0000,2.0000,4.5000,61.3257,61.3257,61.3257,0.0000
A5-R4,dl_cell,c_case_a5,E,3.0000,2.0000,4.5000,59.5500,59.5500,59.5500,0.0000
A5-R4,dl_main,c_case_a5,E,3.0000,2.0000,4.5000,60.1992,60.1992,60.1992,0.0000
A5-R4,tj_ss,c_j2,E,0.2000,0.1000,0.4000,142.0888,142.0888,142.0888,0.0000
A5-R4,tj_pk50,c_j2,E,0.2000,0.1000,0.4000,114.5725,114.6236,114.4602,0.1634
A5-R4,tj_300,c_j2,E,0.2000,0.1000,0.4000,109.1779,109.2703,108.9932,0.2771
A5-R4,tj_180,c_j2,E,0.2000,0.1000,0.4000,96.6209,96.7233,96.4167,0.3067
A5-R4,case_ss,c_j2,E,0.2000,0.1000,0.4000,121.8353,121.8353,121.8353,0.0000
A5-R4,dl_case,c_j2,E,0.2000,0.1000,0.4000,84.4444,84.4444,84.4444,0.0000
A5-R4,surf5,c_j2,E,0.2000,0.1000,0.4000,64.1822,64.2487,64.0495,0.1992
A5-R4,petg_ss,c_j2,E,0.2000,0.1000,0.4000,92.2799,92.2799,92.2799,0.0000
A5-R4,petg_ss50,c_j2,E,0.2000,0.1000,0.4000,74.6275,74.6275,74.6275,0.0000
A5-R4,dl_petg,c_j2,E,0.2000,0.1000,0.4000,70.6646,70.6646,70.6646,0.0000
A5-R4,bay_ss,c_j2,E,0.2000,0.1000,0.4000,88.8258,88.8258,88.8258,0.0000
A5-R4,dl_bay,c_j2,E,0.2000,0.1000,0.4000,69.8364,69.8364,69.8364,0.0000
A5-R4,cell30,c_j2,E,0.2000,0.1000,0.4000,51.8146,51.8152,51.8134,0.0018
A5-R4,main30,c_j2,E,0.2000,0.1000,0.4000,58.5638,58.5650,58.5615,0.0034
A5-R4,cell_ss50,c_j2,E,0.2000,0.1000,0.4000,61.3257,61.3257,61.3257,0.0000
A5-R4,dl_cell,c_j2,E,0.2000,0.1000,0.4000,59.5500,59.5500,59.5500,0.0000
A5-R4,dl_main,c_j2,E,0.2000,0.1000,0.4000,60.1992,60.1992,60.1992,0.0000
A5-R4,tj_ss,c_j1,E,0.1000,0.0500,0.2000,142.0888,142.0888,142.0888,0.0000
A5-R4,tj_pk50,c_j1,E,0.1000,0.0500,0.2000,114.5725,114.5806,114.5554,0.0252
A5-R4,tj_300,c_j1,E,0.1000,0.0500,0.2000,109.1779,109.2077,109.1185,0.0892
A5-R4,tj_180,c_j1,E,0.1000,0.0500,0.2000,96.6209,96.6496,96.5638,0.0858
A5-R4,case_ss,c_j1,E,0.1000,0.0500,0.2000,121.8353,121.8353,121.8353,0.0000
A5-R4,dl_case,c_j1,E,0.1000,0.0500,0.2000,84.4444,84.4444,84.4444,0.0000
A5-R4,surf5,c_j1,E,0.1000,0.0500,0.2000,64.1822,64.2098,64.1271,0.0826
A5-R4,petg_ss,c_j1,E,0.1000,0.0500,0.2000,92.2799,92.2799,92.2799,0.0000
A5-R4,petg_ss50,c_j1,E,0.1000,0.0500,0.2000,74.6275,74.6275,74.6275,0.0000
A5-R4,dl_petg,c_j1,E,0.1000,0.0500,0.2000,70.6646,70.6646,70.6646,0.0000
A5-R4,bay_ss,c_j1,E,0.1000,0.0500,0.2000,88.8258,88.8258,88.8258,0.0000
A5-R4,dl_bay,c_j1,E,0.1000,0.0500,0.2000,69.8364,69.8364,69.8364,0.0000
A5-R4,cell30,c_j1,E,0.1000,0.0500,0.2000,51.8146,51.8149,51.8141,0.0008
A5-R4,main30,c_j1,E,0.1000,0.0500,0.2000,58.5638,58.5644,58.5628,0.0016
A5-R4,cell_ss50,c_j1,E,0.1000,0.0500,0.2000,61.3257,61.3257,61.3257,0.0000
A5-R4,dl_cell,c_j1,E,0.1000,0.0500,0.2000,59.5500,59.5500,59.5500,0.0000
A5-R4,dl_main,c_j1,E,0.1000,0.0500,0.2000,60.1992,60.1992,60.1992,0.0000
A5-R4,tj_ss,c_j_a4,E,0.0500,0.0200,0.1000,142.0888,142.0888,142.0888,0.0000
A5-R4,tj_pk50,c_j_a4,E,0.0500,0.0200,0.1000,114.5725,114.5725,114.5725,0.0000
A5-R4,tj_300,c_j_a4,E,0.0500,0.0200,0.1000,109.1779,109.1779,109.1779,0.0000
A5-R4,tj_180,c_j_a4,E,0.0500,0.0200,0.1000,96.6209,96.6209,96.6209,0.0000
A5-R4,case_ss,c_j_a4,E,0.0500,0.0200,0.1000,121.8353,121.8353,121.8353,0.0000
A5-R4,dl_case,c_j_a4,E,0.0500,0.0200,0.1000,84.4444,84.4444,84.4444,0.0000
A5-R4,surf5,c_j_a4,E,0.0500,0.0200,0.1000,64.1822,64.1822,64.1822,0.0000
A5-R4,petg_ss,c_j_a4,E,0.0500,0.0200,0.1000,92.2799,92.2799,92.2799,0.0000
A5-R4,petg_ss50,c_j_a4,E,0.0500,0.0200,0.1000,74.6275,74.6275,74.6275,0.0000
A5-R4,dl_petg,c_j_a4,E,0.0500,0.0200,0.1000,70.6646,70.6646,70.6646,0.0000
A5-R4,bay_ss,c_j_a4,E,0.0500,0.0200,0.1000,88.8258,88.8258,88.8258,0.0000
A5-R4,dl_bay,c_j_a4,E,0.0500,0.0200,0.1000,69.8364,69.8364,69.8364,0.0000
A5-R4,cell30,c_j_a4,E,0.0500,0.0200,0.1000,51.8146,51.8146,51.8146,0.0000
A5-R4,main30,c_j_a4,E,0.0500,0.0200,0.1000,58.5638,58.5638,58.5638,0.0000
A5-R4,cell_ss50,c_j_a4,E,0.0500,0.0200,0.1000,61.3257,61.3257,61.3257,0.0000
A5-R4,dl_cell,c_j_a4,E,0.0500,0.0200,0.1000,59.5500,59.5500,59.5500,0.0000
A5-R4,dl_main,c_j_a4,E,0.0500,0.0200,0.1000,60.1992,60.1992,60.1992,0.0000
A5-R4,tj_ss,c_case_a4,E,1.0000,0.6000,1.6000,142.0888,142.0888,142.0888,0.0000
A5-R4,tj_pk50,c_case_a4,E,1.0000,0.6000,1.6000,114.5725,114.5725,114.5725,0.0000
A5-R4,tj_300,c_case_a4,E,1.0000,0.6000,1.6000,109.1779,109.1779,109.1779,0.0000
A5-R4,tj_180,c_case_a4,E,1.0000,0.6000,1.6000,96.6209,96.6209,96.6209,0.0000
A5-R4,case_ss,c_case_a4,E,1.0000,0.6000,1.6000,121.8353,121.8353,121.8353,0.0000
A5-R4,dl_case,c_case_a4,E,1.0000,0.6000,1.6000,84.4444,84.4444,84.4444,0.0000
A5-R4,surf5,c_case_a4,E,1.0000,0.6000,1.6000,64.1822,64.1822,64.1822,0.0000
A5-R4,petg_ss,c_case_a4,E,1.0000,0.6000,1.6000,92.2799,92.2799,92.2799,0.0000
A5-R4,petg_ss50,c_case_a4,E,1.0000,0.6000,1.6000,74.6275,74.6275,74.6275,0.0000
A5-R4,dl_petg,c_case_a4,E,1.0000,0.6000,1.6000,70.6646,70.6646,70.6646,0.0000
A5-R4,bay_ss,c_case_a4,E,1.0000,0.6000,1.6000,88.8258,88.8258,88.8258,0.0000
A5-R4,dl_bay,c_case_a4,E,1.0000,0.6000,1.6000,69.8364,69.8364,69.8364,0.0000
A5-R4,cell30,c_case_a4,E,1.0000,0.6000,1.6000,51.8146,51.8146,51.8146,0.0000
A5-R4,main30,c_case_a4,E,1.0000,0.6000,1.6000,58.5638,58.5638,58.5638,0.0000
A5-R4,cell_ss50,c_case_a4,E,1.0000,0.6000,1.6000,61.3257,61.3257,61.3257,0.0000
A5-R4,dl_cell,c_case_a4,E,1.0000,0.6000,1.6000,59.5500,59.5500,59.5500,0.0000
A5-R4,dl_main,c_case_a4,E,1.0000,0.6000,1.6000,60.1992,60.1992,60.1992,0.0000
A5-DC,tj_ss,r_feed,E,0.2600,0.2600,0.4500,125.9480,125.9480,121.4347,4.5133
A5-DC,tj_pk50,r_feed,E,0.2600,0.2600,0.4500,104.3873,104.3873,100.2151,4.1721
A5-DC,tj_300,r_feed,E,0.2600,0.2600,0.4500,107.0576,107.0576,102.3445,4.7130
A5-DC,tj_180,r_feed,E,0.2600,0.2600,0.4500,95.8368,95.8368,91.8291,4.0077
A5-DC,case_ss,r_feed,E,0.2600,0.2600,0.4500,105.6945,105.6945,102.9509,2.7436
A5-DC,dl_case,r_feed,E,0.2600,0.2600,0.4500,87.2107,87.2107,84.6991,2.5116
A5-DC,surf5,r_feed,E,0.2600,0.2600,0.4500,32.2864,32.2864,31.7075,0.5789
A5-DC,petg_ss,r_feed,E,0.2600,0.2600,0.4500,65.9812,65.9812,67.4900,1.5088
A5-DC,petg_ss50,r_feed,E,0.2600,0.2600,0.4500,58.7059,58.7059,60.0881,1.3822
A5-DC,dl_petg,r_feed,E,0.2600,0.2600,0.4500,60.0510,60.0510,61.6692,1.6182
A5-DC,fr4_ss,r_feed,E,0.2600,0.2600,0.4500,74.8219,74.8219,74.5589,0.2630
A5-DC,bay_ss,r_feed,E,0.2600,0.2600,0.4500,67.0532,67.0532,67.9161,0.8629
A5-DC,dl_bay,r_feed,E,0.2600,0.2600,0.4500,61.3851,61.3851,61.9446,0.5595
A5-DC,cell30,r_feed,E,0.2600,0.2600,0.4500,50.6750,50.6750,51.7264,1.0515
A5-DC,main30,r_feed,E,0.2600,0.2600,0.4500,54.9195,54.9195,57.5485,2.6291
A5-DC,cell_ss50,r_feed,E,0.2600,0.2600,0.4500,57.5206,57.5206,59.8134,2.2929
A5-DC,dl_cell,r_feed,E,0.2600,0.2600,0.4500,58.8751,58.8751,61.5813,2.7062
A5-DC,dl_main,r_feed,E,0.2600,0.2600,0.4500,57.7868,57.7868,61.2049,3.4181
A5-DC,tj_ss,r_cellpath,E,0.0600,0.0500,0.1000,125.9480,125.9482,125.9471,0.0012
A5-DC,tj_pk50,r_cellpath,E,0.0600,0.0500,0.1000,104.3873,104.3876,104.3861,0.0015
A5-DC,tj_300,r_cellpath,E,0.0600,0.0500,0.1000,107.0576,107.0576,107.0574,0.0002
A5-DC,tj_180,r_cellpath,E,0.0600,0.0500,0.1000,95.8368,95.8368,95.8368,0.0000
A5-DC,case_ss,r_cellpath,E,0.0600,0.0500,0.1000,105.6945,105.6947,105.6936,0.0012
A5-DC,dl_case,r_cellpath,E,0.0600,0.0500,0.1000,87.2107,87.2110,87.2094,0.0016
A5-DC,surf5,r_cellpath,E,0.0600,0.0500,0.1000,32.2864,32.2864,32.2863,0.0000
A5-DC,petg_ss,r_cellpath,E,0.0600,0.0500,0.1000,65.9812,65.9813,65.9807,0.0007
A5-DC,petg_ss50,r_cellpath,E,0.0600,0.0500,0.1000,58.7059,58.7230,58.6372,0.0858
A5-DC,dl_petg,r_cellpath,E,0.0600,0.0500,0.1000,60.0510,60.0711,59.9708,0.1003
A5-DC,fr4_ss,r_cellpath,E,0.0600,0.0500,0.1000,74.8219,74.8293,74.7924,0.0369
A5-DC,bay_ss,r_cellpath,E,0.0600,0.0500,0.1000,67.0532,67.0654,67.0042,0.0612
A5-DC,dl_bay,r_cellpath,E,0.0600,0.0500,0.1000,61.3851,61.3935,61.3513,0.0422
A5-DC,cell30,r_cellpath,E,0.0600,0.0500,0.1000,50.6750,50.3880,51.8228,1.4349
A5-DC,main30,r_cellpath,E,0.0600,0.0500,0.1000,54.9195,55.0053,54.5754,0.4299
A5-DC,cell_ss50,r_cellpath,E,0.0600,0.0500,0.1000,57.5206,57.0146,59.5444,2.5298
A5-DC,dl_cell,r_cellpath,E,0.0600,0.0500,0.1000,58.8751,58.2711,61.2909,3.0197
A5-DC,dl_main,r_cellpath,E,0.0600,0.0500,0.1000,57.7868,57.8267,57.6271,0.1996
A5-DC,tj_ss,i_bus,E,0.3000,0.2500,0.4000,125.9480,125.9469,125.9504,0.0035
A5-DC,tj_pk50,i_bus,E,0.3000,0.2500,0.4000,104.3873,104.3857,104.3907,0.0050
A5-DC,tj_300,i_bus,E,0.3000,0.2500,0.4000,107.0576,107.0575,107.0576,0.0001
A5-DC,tj_180,i_bus,E,0.3000,0.2500,0.4000,95.8368,95.8368,95.8368,0.0000
A5-DC,case_ss,i_bus,E,0.3000,0.2500,0.4000,105.6945,105.6933,105.6969,0.0035
A5-DC,dl_case,i_bus,E,0.3000,0.2500,0.4000,87.2107,87.2090,87.2143,0.0053
A5-DC,surf5,i_bus,E,0.3000,0.2500,0.4000,32.2864,32.2864,32.2864,0.0000
A5-DC,petg_ss,i_bus,E,0.3000,0.2500,0.4000,65.9812,65.9805,65.9826,0.0021
A5-DC,petg_ss50,i_bus,E,0.3000,0.2500,0.4000,58.7059,58.6119,58.9044,0.2926
A5-DC,dl_petg,i_bus,E,0.3000,0.2500,0.4000,60.0510,59.9445,60.2743,0.3298
A5-DC,fr4_ss,i_bus,E,0.3000,0.2500,0.4000,74.8219,74.7853,74.8973,0.1121
A5-DC,bay_ss,i_bus,E,0.3000,0.2500,0.4000,67.0532,66.9924,67.1783,0.1859
A5-DC,dl_bay,i_bus,E,0.3000,0.2500,0.4000,61.3851,61.3402,61.4791,0.1389
A5-DC,cell30,i_bus,E,0.3000,0.2500,0.4000,50.6750,50.5223,50.9985,0.4762
A5-DC,main30,i_bus,E,0.3000,0.2500,0.4000,54.9195,54.7683,55.2392,0.4710
A5-DC,cell_ss50,i_bus,E,0.3000,0.2500,0.4000,57.5206,57.2207,58.1552,0.9346
A5-DC,dl_cell,i_bus,E,0.3000,0.2500,0.4000,58.8751,58.5299,59.6000,1.0702
A5-DC,dl_main,i_bus,E,0.3000,0.2500,0.4000,57.7868,57.5748,58.2311,0.6563
A5-DC,tj_ss,a5_idd,DD,1.9700,1.7900,1.9700,125.9480,117.4794,125.9480,8.4686
A5-DC,tj_pk50,a5_idd,DD,1.9700,1.7900,1.9700,104.3873,96.7413,104.3873,7.6460
A5-DC,tj_300,a5_idd,DD,1.9700,1.7900,1.9700,107.0576,98.4973,107.0576,8.5603
A5-DC,tj_180,a5_idd,DD,1.9700,1.7900,1.9700,95.8368,88.5661,95.8368,7.2707
A5-DC,case_ss,a5_idd,DD,1.9700,1.7900,1.9700,105.6945,100.4323,105.6945,5.2622
A5-DC,dl_case,a5_idd,DD,1.9700,1.7900,1.9700,87.2107,82.5609,87.2107,4.6498
A5-DC,surf5,a5_idd,DD,1.9700,1.7900,1.9700,32.2864,31.2412,32.2864,1.0451
A5-DC,petg_ss,a5_idd,DD,1.9700,1.7900,1.9700,65.9812,64.1801,65.9812,1.8012
A5-DC,petg_ss50,a5_idd,DD,1.9700,1.7900,1.9700,58.7059,58.2254,58.7059,0.4805
A5-DC,dl_petg,a5_idd,DD,1.9700,1.7900,1.9700,60.0510,59.4953,60.0510,0.5557
A5-DC,fr4_ss,a5_idd,DD,1.9700,1.7900,1.9700,74.8219,72.9971,74.8219,1.8248
A5-DC,bay_ss,a5_idd,DD,1.9700,1.7900,1.9700,67.0532,66.4902,67.0532,0.5630
A5-DC,dl_bay,a5_idd,DD,1.9700,1.7900,1.9700,61.3851,60.9311,61.3851,0.4539
A5-DC,cell30,a5_idd,DD,1.9700,1.7900,1.9700,50.6750,50.1924,50.6750,0.4825
A5-DC,main30,a5_idd,DD,1.9700,1.7900,1.9700,54.9195,54.4202,54.9195,0.4993
A5-DC,cell_ss50,a5_idd,DD,1.9700,1.7900,1.9700,57.5206,56.5561,57.5206,0.9645
A5-DC,dl_cell,a5_idd,DD,1.9700,1.7900,1.9700,58.8751,57.7250,58.8751,1.1501
A5-DC,dl_main,a5_idd,DD,1.9700,1.7900,1.9700,57.7868,57.0581,57.7868,0.7287
A5-DC,tj_ss,a5_p1,DD,1.5000,1.2000,1.8000,125.9480,126.6680,125.2280,1.4400
A5-DC,tj_pk50,a5_p1,DD,1.5000,1.2000,1.8000,104.3873,105.1072,103.6674,1.4398
A5-DC,tj_300,a5_p1,DD,1.5000,1.2000,1.8000,107.0576,107.7775,106.3376,1.4399
A5-DC,tj_180,a5_p1,DD,1.5000,1.2000,1.8000,95.8368,96.5567,95.1169,1.4398
A5-DC,case_ss,a5_p1,DD,1.5000,1.2000,1.8000,105.6945,105.6945,105.6945,0.0000
A5-DC,dl_case,a5_p1,DD,1.5000,1.2000,1.8000,87.2107,87.2107,87.2107,0.0000
A5-DC,surf5,a5_p1,DD,1.5000,1.2000,1.8000,32.2864,32.2863,32.2864,0.0001
A5-DC,petg_ss,a5_p1,DD,1.5000,1.2000,1.8000,65.9812,65.9812,65.9812,0.0000
A5-DC,petg_ss50,a5_p1,DD,1.5000,1.2000,1.8000,58.7059,58.7059,58.7059,0.0000
A5-DC,dl_petg,a5_p1,DD,1.5000,1.2000,1.8000,60.0510,60.0510,60.0510,0.0000
A5-DC,fr4_ss,a5_p1,DD,1.5000,1.2000,1.8000,74.8219,74.8219,74.8219,0.0000
A5-DC,bay_ss,a5_p1,DD,1.5000,1.2000,1.8000,67.0532,67.0532,67.0532,0.0000
A5-DC,dl_bay,a5_p1,DD,1.5000,1.2000,1.8000,61.3851,61.3851,61.3851,0.0000
A5-DC,cell30,a5_p1,DD,1.5000,1.2000,1.8000,50.6750,50.6750,50.6750,0.0000
A5-DC,main30,a5_p1,DD,1.5000,1.2000,1.8000,54.9195,54.9195,54.9195,0.0000
A5-DC,cell_ss50,a5_p1,DD,1.5000,1.2000,1.8000,57.5206,57.5206,57.5206,0.0000
A5-DC,dl_cell,a5_p1,DD,1.5000,1.2000,1.8000,58.8751,58.8751,58.8751,0.0000
A5-DC,dl_main,a5_p1,DD,1.5000,1.2000,1.8000,57.7868,57.7868,57.7868,0.0000
A5-DC,tj_ss,a5_rjc2,D,2.4000,2.1600,2.6400,125.9480,123.9227,127.9734,4.0507
A5-DC,tj_pk50,a5_rjc2,D,2.4000,2.1600,2.6400,104.3873,102.3703,106.4042,4.0338
A5-DC,tj_300,a5_rjc2,D,2.4000,2.1600,2.6400,107.0576,105.0390,109.0761,4.0372
A5-DC,tj_180,a5_rjc2,D,2.4000,2.1600,2.6400,95.8368,93.8215,97.8521,4.0307
A5-DC,case_ss,a5_rjc2,D,2.4000,2.1600,2.6400,105.6945,105.6945,105.6945,0.0000
A5-DC,dl_case,a5_rjc2,D,2.4000,2.1600,2.6400,87.2107,87.2107,87.2107,0.0000
A5-DC,surf5,a5_rjc2,D,2.4000,2.1600,2.6400,32.2864,32.2877,32.2851,0.0026
A5-DC,petg_ss,a5_rjc2,D,2.4000,2.1600,2.6400,65.9812,65.9812,65.9812,0.0000
A5-DC,petg_ss50,a5_rjc2,D,2.4000,2.1600,2.6400,58.7059,58.7059,58.7059,0.0000
A5-DC,dl_petg,a5_rjc2,D,2.4000,2.1600,2.6400,60.0510,60.0510,60.0510,0.0000
A5-DC,fr4_ss,a5_rjc2,D,2.4000,2.1600,2.6400,74.8219,74.8219,74.8219,0.0000
A5-DC,bay_ss,a5_rjc2,D,2.4000,2.1600,2.6400,67.0532,67.0532,67.0532,0.0000
A5-DC,dl_bay,a5_rjc2,D,2.4000,2.1600,2.6400,61.3851,61.3851,61.3851,0.0000
A5-DC,cell30,a5_rjc2,D,2.4000,2.1600,2.6400,50.6750,50.6750,50.6750,0.0000
A5-DC,main30,a5_rjc2,D,2.4000,2.1600,2.6400,54.9195,54.9195,54.9194,0.0000
A5-DC,cell_ss50,a5_rjc2,D,2.4000,2.1600,2.6400,57.5206,57.5206,57.5206,0.0000
A5-DC,dl_cell,a5_rjc2,D,2.4000,2.1600,2.6400,58.8751,58.8751,58.8751,0.0000
A5-DC,dl_main,a5_rjc2,D,2.4000,2.1600,2.6400,57.7868,57.7868,57.7868,0.0000
A5-DC,tj_ss,a5_rjc1,D,4.5000,4.0500,4.9500,125.9480,125.9480,125.9480,0.0000
A5-DC,tj_pk50,a5_rjc1,D,4.5000,4.0500,4.9500,104.3873,104.3879,104.3866,0.0013
A5-DC,tj_300,a5_rjc1,D,4.5000,4.0500,4.9500,107.0576,107.0581,107.0570,0.0010
A5-DC,tj_180,a5_rjc1,D,4.5000,4.0500,4.9500,95.8368,95.8376,95.8360,0.0015
A5-DC,case_ss,a5_rjc1,D,4.5000,4.0500,4.9500,105.6945,105.6945,105.6945,0.0000
A5-DC,dl_case,a5_rjc1,D,4.5000,4.0500,4.9500,87.2107,87.2107,87.2107,0.0000
A5-DC,surf5,a5_rjc1,D,4.5000,4.0500,4.9500,32.2864,32.2866,32.2861,0.0004
A5-DC,petg_ss,a5_rjc1,D,4.5000,4.0500,4.9500,65.9812,65.9812,65.9812,0.0000
A5-DC,petg_ss50,a5_rjc1,D,4.5000,4.0500,4.9500,58.7059,58.7059,58.7059,0.0000
A5-DC,dl_petg,a5_rjc1,D,4.5000,4.0500,4.9500,60.0510,60.0510,60.0510,0.0000
A5-DC,fr4_ss,a5_rjc1,D,4.5000,4.0500,4.9500,74.8219,74.8219,74.8219,0.0000
A5-DC,bay_ss,a5_rjc1,D,4.5000,4.0500,4.9500,67.0532,67.0532,67.0532,0.0000
A5-DC,dl_bay,a5_rjc1,D,4.5000,4.0500,4.9500,61.3851,61.3851,61.3851,0.0000
A5-DC,cell30,a5_rjc1,D,4.5000,4.0500,4.9500,50.6750,50.6750,50.6750,0.0000
A5-DC,main30,a5_rjc1,D,4.5000,4.0500,4.9500,54.9195,54.9195,54.9195,0.0000
A5-DC,cell_ss50,a5_rjc1,D,4.5000,4.0500,4.9500,57.5206,57.5206,57.5206,0.0000
A5-DC,dl_cell,a5_rjc1,D,4.5000,4.0500,4.9500,58.8751,58.8751,58.8751,0.0000
A5-DC,dl_main,a5_rjc1,D,4.5000,4.0500,4.9500,57.7868,57.7868,57.7868,0.0000
A5-DC,tj_ss,a5_bond,E,0.0001,0.0000,0.0001,125.9480,123.4859,128.4067,4.9209
A5-DC,tj_pk50,a5_bond,E,0.0001,0.0000,0.0001,104.3873,102.0688,106.6553,4.5865
A5-DC,tj_300,a5_bond,E,0.0001,0.0000,0.0001,107.0576,104.7313,109.3798,4.6485
A5-DC,tj_180,a5_bond,E,0.0001,0.0000,0.0001,95.8368,93.5590,98.1105,4.5515
A5-DC,case_ss,a5_bond,E,0.0001,0.0000,0.0001,105.6945,103.2323,108.1532,4.9209
A5-DC,dl_case,a5_bond,E,0.0001,0.0000,0.0001,87.2107,85.7437,88.6757,2.9319
A5-DC,surf5,a5_bond,E,0.0001,0.0000,0.0001,32.2864,32.3168,32.2560,0.0608
A5-DC,petg_ss,a5_bond,E,0.0001,0.0000,0.0001,65.9812,65.9889,65.9736,0.0153
A5-DC,petg_ss50,a5_bond,E,0.0001,0.0000,0.0001,58.7059,58.6913,58.7203,0.0290
A5-DC,dl_petg,a5_bond,E,0.0001,0.0000,0.0001,60.0510,60.0341,60.0679,0.0339
A5-DC,fr4_ss,a5_bond,E,0.0001,0.0000,0.0001,74.8219,74.6366,75.0069,0.3703
A5-DC,bay_ss,a5_bond,E,0.0001,0.0000,0.0001,67.0532,67.0150,67.0913,0.0763
A5-DC,dl_bay,a5_bond,E,0.0001,0.0000,0.0001,61.3851,61.3602,61.4098,0.0496
A5-DC,cell30,a5_bond,E,0.0001,0.0000,0.0001,50.6750,50.6744,50.6756,0.0013
A5-DC,main30,a5_bond,E,0.0001,0.0000,0.0001,54.9195,54.9172,54.9217,0.0045
A5-DC,cell_ss50,a5_bond,E,0.0001,0.0000,0.0001,57.5206,57.5183,57.5228,0.0046
A5-DC,dl_cell,a5_bond,E,0.0001,0.0000,0.0001,58.8751,58.8724,58.8778,0.0053
A5-DC,dl_main,a5_bond,E,0.0001,0.0000,0.0001,57.7868,57.7834,57.7901,0.0067
A5-DC,tj_ss,k_tim,E,0.7000,0.6000,0.8000,125.9480,126.7680,125.3328,1.4352
A5-DC,tj_pk50,k_tim,E,0.7000,0.6000,0.8000,104.3873,105.1525,103.8098,1.3427
A5-DC,tj_300,k_tim,E,0.7000,0.6000,0.8000,107.0576,107.8321,106.4764,1.3557
A5-DC,tj_180,k_tim,E,0.7000,0.6000,0.8000,95.8368,96.5952,95.2677,1.3274
A5-DC,case_ss,k_tim,E,0.7000,0.6000,0.8000,105.6945,106.5144,105.0793,1.4352
A5-DC,dl_case,k_tim,E,0.7000,0.6000,0.8000,87.2107,87.6992,86.8441,0.8551
A5-DC,surf5,k_tim,E,0.7000,0.6000,0.8000,32.2864,32.2762,32.2940,0.0177
A5-DC,petg_ss,k_tim,E,0.7000,0.6000,0.8000,65.9812,65.9787,65.9831,0.0045
A5-DC,petg_ss50,k_tim,E,0.7000,0.6000,0.8000,58.7059,58.7107,58.7022,0.0085
A5-DC,dl_petg,k_tim,E,0.7000,0.6000,0.8000,60.0510,60.0566,60.0468,0.0099
A5-DC,fr4_ss,k_tim,E,0.7000,0.6000,0.8000,74.8219,74.8836,74.7756,0.1080
A5-DC,bay_ss,k_tim,E,0.7000,0.6000,0.8000,67.0532,67.0659,67.0437,0.0223
A5-DC,dl_bay,k_tim,E,0.7000,0.6000,0.8000,61.3851,61.3933,61.3789,0.0145
A5-DC,cell30,k_tim,E,0.7000,0.6000,0.8000,50.6750,50.6752,50.6748,0.0004
A5-DC,main30,k_tim,E,0.7000,0.6000,0.8000,54.9195,54.9202,54.9189,0.0013
A5-DC,cell_ss50,k_tim,E,0.7000,0.6000,0.8000,57.5206,57.5213,57.5200,0.0013
A5-DC,dl_cell,k_tim,E,0.7000,0.6000,0.8000,58.8751,58.8760,58.8744,0.0015
A5-DC,dl_main,k_tim,E,0.7000,0.6000,0.8000,57.7868,57.7879,57.7859,0.0020
A5-DC,tj_ss,r_spread_x,E,0.0000,0.0000,0.3000,125.9480,125.9480,128.8804,2.9324
A5-DC,tj_pk50,r_spread_x,E,0.0000,0.0000,0.3000,104.3873,104.3873,107.0806,2.6934
A5-DC,tj_300,r_spread_x,E,0.0000,0.0000,0.3000,107.0576,107.0576,109.8270,2.7695
A5-DC,tj_180,r_spread_x,E,0.0000,0.0000,0.3000,95.8368,95.8368,98.5483,2.7115
A5-DC,case_ss,r_spread_x,E,0.0000,0.0000,0.3000,105.6945,105.6945,108.6269,2.9324
A5-DC,dl_case,r_spread_x,E,0.0000,0.0000,0.3000,87.2107,87.2107,88.9579,1.7472
A5-DC,surf5,r_spread_x,E,0.0000,0.0000,0.3000,32.2864,32.2864,32.2501,0.0362
A5-DC,petg_ss,r_spread_x,E,0.0000,0.0000,0.3000,65.9812,65.9812,65.9721,0.0091
A5-DC,petg_ss50,r_spread_x,E,0.0000,0.0000,0.3000,58.7059,58.7059,58.7231,0.0173
A5-DC,dl_petg,r_spread_x,E,0.0000,0.0000,0.3000,60.0510,60.0510,60.0712,0.0202
A5-DC,fr4_ss,r_spread_x,E,0.0000,0.0000,0.3000,74.8219,74.8219,75.0425,0.2206
A5-DC,bay_ss,r_spread_x,E,0.0000,0.0000,0.3000,67.0532,67.0532,67.0987,0.0455
A5-DC,dl_bay,r_spread_x,E,0.0000,0.0000,0.3000,61.3851,61.3851,61.4146,0.0296
A5-DC,cell30,r_spread_x,E,0.0000,0.0000,0.3000,50.6750,50.6750,50.6757,0.0007
A5-DC,main30,r_spread_x,E,0.0000,0.0000,0.3000,54.9195,54.9195,54.9222,0.0027
A5-DC,cell_ss50,r_spread_x,E,0.0000,0.0000,0.3000,57.5206,57.5206,57.5233,0.0027
A5-DC,dl_cell,r_spread_x,E,0.0000,0.0000,0.3000,58.8751,58.8751,58.8783,0.0032
A5-DC,dl_main,r_spread_x,E,0.0000,0.0000,0.3000,57.7868,57.7868,57.7908,0.0040
A5-DC,tj_ss,a4_isat,DD,1.3870,1.2610,1.5580,125.9480,125.9480,125.9480,0.0000
A5-DC,tj_pk50,a4_isat,DD,1.3870,1.2610,1.5580,104.3873,104.3873,104.3873,0.0000
A5-DC,tj_300,a4_isat,DD,1.3870,1.2610,1.5580,107.0576,107.0576,107.0576,0.0000
A5-DC,tj_180,a4_isat,DD,1.3870,1.2610,1.5580,95.8368,95.8368,95.8368,0.0000
A5-DC,case_ss,a4_isat,DD,1.3870,1.2610,1.5580,105.6945,105.6945,105.6945,0.0000
A5-DC,dl_case,a4_isat,DD,1.3870,1.2610,1.5580,87.2107,87.2107,87.2107,0.0000
A5-DC,surf5,a4_isat,DD,1.3870,1.2610,1.5580,32.2864,32.2864,32.2864,0.0000
A5-DC,petg_ss,a4_isat,DD,1.3870,1.2610,1.5580,65.9812,65.9812,65.9812,0.0000
A5-DC,petg_ss50,a4_isat,DD,1.3870,1.2610,1.5580,58.7059,58.7059,58.7059,0.0000
A5-DC,dl_petg,a4_isat,DD,1.3870,1.2610,1.5580,60.0510,60.0510,60.0510,0.0000
A5-DC,fr4_ss,a4_isat,DD,1.3870,1.2610,1.5580,74.8219,74.8219,74.8219,0.0000
A5-DC,bay_ss,a4_isat,DD,1.3870,1.2610,1.5580,67.0532,67.0532,67.0532,0.0000
A5-DC,dl_bay,a4_isat,DD,1.3870,1.2610,1.5580,61.3851,61.3851,61.3851,0.0000
A5-DC,cell30,a4_isat,DD,1.3870,1.2610,1.5580,50.6750,50.6750,50.6750,0.0000
A5-DC,main30,a4_isat,DD,1.3870,1.2610,1.5580,54.9195,54.9195,54.9195,0.0000
A5-DC,cell_ss50,a4_isat,DD,1.3870,1.2610,1.5580,57.5206,57.5206,57.5206,0.0000
A5-DC,dl_cell,a4_isat,DD,1.3870,1.2610,1.5580,58.8751,58.8751,58.8751,0.0000
A5-DC,dl_main,a4_isat,DD,1.3870,1.2610,1.5580,57.7868,57.7868,57.7868,0.0000
A5-DC,tj_ss,a4_rjc,D,4.4000,3.9600,4.8400,125.9480,125.9480,125.9480,0.0000
A5-DC,tj_pk50,a4_rjc,D,4.4000,3.9600,4.8400,104.3873,104.3873,104.3873,0.0000
A5-DC,tj_300,a4_rjc,D,4.4000,3.9600,4.8400,107.0576,107.0576,107.0576,0.0000
A5-DC,tj_180,a4_rjc,D,4.4000,3.9600,4.8400,95.8368,95.8368,95.8368,0.0000
A5-DC,case_ss,a4_rjc,D,4.4000,3.9600,4.8400,105.6945,105.6945,105.6945,0.0000
A5-DC,dl_case,a4_rjc,D,4.4000,3.9600,4.8400,87.2107,87.2107,87.2107,0.0000
A5-DC,surf5,a4_rjc,D,4.4000,3.9600,4.8400,32.2864,32.2864,32.2864,0.0000
A5-DC,petg_ss,a4_rjc,D,4.4000,3.9600,4.8400,65.9812,65.9812,65.9812,0.0000
A5-DC,petg_ss50,a4_rjc,D,4.4000,3.9600,4.8400,58.7059,58.7059,58.7059,0.0000
A5-DC,dl_petg,a4_rjc,D,4.4000,3.9600,4.8400,60.0510,60.0510,60.0510,0.0000
A5-DC,fr4_ss,a4_rjc,D,4.4000,3.9600,4.8400,74.8219,74.8219,74.8219,0.0000
A5-DC,bay_ss,a4_rjc,D,4.4000,3.9600,4.8400,67.0532,67.0532,67.0532,0.0000
A5-DC,dl_bay,a4_rjc,D,4.4000,3.9600,4.8400,61.3851,61.3851,61.3851,0.0000
A5-DC,cell30,a4_rjc,D,4.4000,3.9600,4.8400,50.6750,50.6750,50.6750,0.0000
A5-DC,main30,a4_rjc,D,4.4000,3.9600,4.8400,54.9195,54.9195,54.9195,0.0000
A5-DC,cell_ss50,a4_rjc,D,4.4000,3.9600,4.8400,57.5206,57.5206,57.5206,0.0000
A5-DC,dl_cell,a4_rjc,D,4.4000,3.9600,4.8400,58.8751,58.8751,58.8751,0.0000
A5-DC,dl_main,a4_rjc,D,4.4000,3.9600,4.8400,57.7868,57.7868,57.7868,0.0000
A5-DC,tj_ss,a4_r_pad,E,0.8000,0.5000,1.5000,125.9480,125.9480,125.9480,0.0000
A5-DC,tj_pk50,a4_r_pad,E,0.8000,0.5000,1.5000,104.3873,104.3873,104.3873,0.0000
A5-DC,tj_300,a4_r_pad,E,0.8000,0.5000,1.5000,107.0576,107.0576,107.0576,0.0000
A5-DC,tj_180,a4_r_pad,E,0.8000,0.5000,1.5000,95.8368,95.8368,95.8368,0.0000
A5-DC,case_ss,a4_r_pad,E,0.8000,0.5000,1.5000,105.6945,105.6945,105.6945,0.0000
A5-DC,dl_case,a4_r_pad,E,0.8000,0.5000,1.5000,87.2107,87.2107,87.2107,0.0000
A5-DC,surf5,a4_r_pad,E,0.8000,0.5000,1.5000,32.2864,32.2864,32.2864,0.0000
A5-DC,petg_ss,a4_r_pad,E,0.8000,0.5000,1.5000,65.9812,65.9812,65.9812,0.0000
A5-DC,petg_ss50,a4_r_pad,E,0.8000,0.5000,1.5000,58.7059,58.7059,58.7059,0.0000
A5-DC,dl_petg,a4_r_pad,E,0.8000,0.5000,1.5000,60.0510,60.0510,60.0510,0.0000
A5-DC,fr4_ss,a4_r_pad,E,0.8000,0.5000,1.5000,74.8219,74.8219,74.8219,0.0000
A5-DC,bay_ss,a4_r_pad,E,0.8000,0.5000,1.5000,67.0532,67.0532,67.0532,0.0000
A5-DC,dl_bay,a4_r_pad,E,0.8000,0.5000,1.5000,61.3851,61.3851,61.3851,0.0000
A5-DC,cell30,a4_r_pad,E,0.8000,0.5000,1.5000,50.6750,50.6750,50.6750,0.0000
A5-DC,main30,a4_r_pad,E,0.8000,0.5000,1.5000,54.9195,54.9195,54.9195,0.0000
A5-DC,cell_ss50,a4_r_pad,E,0.8000,0.5000,1.5000,57.5206,57.5206,57.5206,0.0000
A5-DC,dl_cell,a4_r_pad,E,0.8000,0.5000,1.5000,58.8751,58.8751,58.8751,0.0000
A5-DC,dl_main,a4_r_pad,E,0.8000,0.5000,1.5000,57.7868,57.7868,57.7868,0.0000
A5-DC,tj_ss,a4_r_via,DD,1.1000,0.9000,1.6000,125.9480,125.9480,125.9480,0.0000
A5-DC,tj_pk50,a4_r_via,DD,1.1000,0.9000,1.6000,104.3873,104.3873,104.3873,0.0000
A5-DC,tj_300,a4_r_via,DD,1.1000,0.9000,1.6000,107.0576,107.0576,107.0576,0.0000
A5-DC,tj_180,a4_r_via,DD,1.1000,0.9000,1.6000,95.8368,95.8368,95.8368,0.0000
A5-DC,case_ss,a4_r_via,DD,1.1000,0.9000,1.6000,105.6945,105.6945,105.6945,0.0000
A5-DC,dl_case,a4_r_via,DD,1.1000,0.9000,1.6000,87.2107,87.2107,87.2107,0.0000
A5-DC,surf5,a4_r_via,DD,1.1000,0.9000,1.6000,32.2864,32.2864,32.2864,0.0000
A5-DC,petg_ss,a4_r_via,DD,1.1000,0.9000,1.6000,65.9812,65.9812,65.9812,0.0000
A5-DC,petg_ss50,a4_r_via,DD,1.1000,0.9000,1.6000,58.7059,58.7059,58.7059,0.0000
A5-DC,dl_petg,a4_r_via,DD,1.1000,0.9000,1.6000,60.0510,60.0510,60.0510,0.0000
A5-DC,fr4_ss,a4_r_via,DD,1.1000,0.9000,1.6000,74.8219,74.8219,74.8219,0.0000
A5-DC,bay_ss,a4_r_via,DD,1.1000,0.9000,1.6000,67.0532,67.0532,67.0532,0.0000
A5-DC,dl_bay,a4_r_via,DD,1.1000,0.9000,1.6000,61.3851,61.3851,61.3851,0.0000
A5-DC,cell30,a4_r_via,DD,1.1000,0.9000,1.6000,50.6750,50.6750,50.6750,0.0000
A5-DC,main30,a4_r_via,DD,1.1000,0.9000,1.6000,54.9195,54.9195,54.9195,0.0000
A5-DC,cell_ss50,a4_r_via,DD,1.1000,0.9000,1.6000,57.5206,57.5206,57.5206,0.0000
A5-DC,dl_cell,a4_r_via,DD,1.1000,0.9000,1.6000,58.8751,58.8751,58.8751,0.0000
A5-DC,dl_main,a4_r_via,DD,1.1000,0.9000,1.6000,57.7868,57.7868,57.7868,0.0000
A5-DC,tj_ss,a4_r_bs,E,0.6000,0.4000,1.0000,125.9480,125.9480,125.9480,0.0000
A5-DC,tj_pk50,a4_r_bs,E,0.6000,0.4000,1.0000,104.3873,104.3873,104.3873,0.0000
A5-DC,tj_300,a4_r_bs,E,0.6000,0.4000,1.0000,107.0576,107.0576,107.0576,0.0000
A5-DC,tj_180,a4_r_bs,E,0.6000,0.4000,1.0000,95.8368,95.8368,95.8368,0.0000
A5-DC,case_ss,a4_r_bs,E,0.6000,0.4000,1.0000,105.6945,105.6945,105.6945,0.0000
A5-DC,dl_case,a4_r_bs,E,0.6000,0.4000,1.0000,87.2107,87.2107,87.2107,0.0000
A5-DC,surf5,a4_r_bs,E,0.6000,0.4000,1.0000,32.2864,32.2864,32.2864,0.0000
A5-DC,petg_ss,a4_r_bs,E,0.6000,0.4000,1.0000,65.9812,65.9812,65.9812,0.0000
A5-DC,petg_ss50,a4_r_bs,E,0.6000,0.4000,1.0000,58.7059,58.7059,58.7059,0.0000
A5-DC,dl_petg,a4_r_bs,E,0.6000,0.4000,1.0000,60.0510,60.0510,60.0510,0.0000
A5-DC,fr4_ss,a4_r_bs,E,0.6000,0.4000,1.0000,74.8219,74.8219,74.8219,0.0000
A5-DC,bay_ss,a4_r_bs,E,0.6000,0.4000,1.0000,67.0532,67.0532,67.0532,0.0000
A5-DC,dl_bay,a4_r_bs,E,0.6000,0.4000,1.0000,61.3851,61.3851,61.3851,0.0000
A5-DC,cell30,a4_r_bs,E,0.6000,0.4000,1.0000,50.6750,50.6750,50.6750,0.0000
A5-DC,main30,a4_r_bs,E,0.6000,0.4000,1.0000,54.9195,54.9195,54.9195,0.0000
A5-DC,cell_ss50,a4_r_bs,E,0.6000,0.4000,1.0000,57.5206,57.5206,57.5206,0.0000
A5-DC,dl_cell,a4_r_bs,E,0.6000,0.4000,1.0000,58.8751,58.8751,58.8751,0.0000
A5-DC,dl_main,a4_r_bs,E,0.6000,0.4000,1.0000,57.7868,57.7868,57.7868,0.0000
A5-DC,tj_ss,a4_gva_on_sink,E,0.5000,0.0000,0.5000,125.9480,125.9480,125.9480,0.0000
A5-DC,tj_pk50,a4_gva_on_sink,E,0.5000,0.0000,0.5000,104.3873,104.3873,104.3873,0.0000
A5-DC,tj_300,a4_gva_on_sink,E,0.5000,0.0000,0.5000,107.0576,107.0576,107.0576,0.0000
A5-DC,tj_180,a4_gva_on_sink,E,0.5000,0.0000,0.5000,95.8368,95.8368,95.8368,0.0000
A5-DC,case_ss,a4_gva_on_sink,E,0.5000,0.0000,0.5000,105.6945,105.6945,105.6945,0.0000
A5-DC,dl_case,a4_gva_on_sink,E,0.5000,0.0000,0.5000,87.2107,87.2107,87.2107,0.0000
A5-DC,surf5,a4_gva_on_sink,E,0.5000,0.0000,0.5000,32.2864,32.2864,32.2864,0.0000
A5-DC,petg_ss,a4_gva_on_sink,E,0.5000,0.0000,0.5000,65.9812,65.9812,65.9812,0.0000
A5-DC,petg_ss50,a4_gva_on_sink,E,0.5000,0.0000,0.5000,58.7059,58.7059,58.7059,0.0000
A5-DC,dl_petg,a4_gva_on_sink,E,0.5000,0.0000,0.5000,60.0510,60.0510,60.0510,0.0000
A5-DC,fr4_ss,a4_gva_on_sink,E,0.5000,0.0000,0.5000,74.8219,74.8219,74.8219,0.0000
A5-DC,bay_ss,a4_gva_on_sink,E,0.5000,0.0000,0.5000,67.0532,67.0532,67.0532,0.0000
A5-DC,dl_bay,a4_gva_on_sink,E,0.5000,0.0000,0.5000,61.3851,61.3851,61.3851,0.0000
A5-DC,cell30,a4_gva_on_sink,E,0.5000,0.0000,0.5000,50.6750,50.6750,50.6750,0.0000
A5-DC,main30,a4_gva_on_sink,E,0.5000,0.0000,0.5000,54.9195,54.9195,54.9195,0.0000
A5-DC,cell_ss50,a4_gva_on_sink,E,0.5000,0.0000,0.5000,57.5206,57.5206,57.5206,0.0000
A5-DC,dl_cell,a4_gva_on_sink,E,0.5000,0.0000,0.5000,58.8751,58.8751,58.8751,0.0000
A5-DC,dl_main,a4_gva_on_sink,E,0.5000,0.0000,0.5000,57.7868,57.7868,57.7868,0.0000
A5-DC,tj_ss,sink_mass,DD,57.0000,52.0000,62.0000,125.9480,125.9480,125.9480,0.0000
A5-DC,tj_pk50,sink_mass,DD,57.0000,52.0000,62.0000,104.3873,104.4026,104.3748,0.0278
A5-DC,tj_300,sink_mass,DD,57.0000,52.0000,62.0000,107.0576,108.9516,105.3043,3.6473
A5-DC,tj_180,sink_mass,DD,57.0000,52.0000,62.0000,95.8368,97.5584,94.3060,3.2525
A5-DC,case_ss,sink_mass,DD,57.0000,52.0000,62.0000,105.6945,105.6945,105.6945,0.0000
A5-DC,dl_case,sink_mass,DD,57.0000,52.0000,62.0000,87.2107,87.2107,87.2107,0.0000
A5-DC,surf5,sink_mass,DD,57.0000,52.0000,62.0000,32.2864,32.7846,31.8427,0.9419
A5-DC,petg_ss,sink_mass,DD,57.0000,52.0000,62.0000,65.9812,65.9812,65.9812,0.0000
A5-DC,petg_ss50,sink_mass,DD,57.0000,52.0000,62.0000,58.7059,58.7059,58.7059,0.0000
A5-DC,dl_petg,sink_mass,DD,57.0000,52.0000,62.0000,60.0510,60.0510,60.0510,0.0000
A5-DC,fr4_ss,sink_mass,DD,57.0000,52.0000,62.0000,74.8219,74.8219,74.8219,0.0000
A5-DC,bay_ss,sink_mass,DD,57.0000,52.0000,62.0000,67.0532,67.0532,67.0532,0.0000
A5-DC,dl_bay,sink_mass,DD,57.0000,52.0000,62.0000,61.3851,61.3851,61.3851,0.0000
A5-DC,cell30,sink_mass,DD,57.0000,52.0000,62.0000,50.6750,50.6766,50.6735,0.0031
A5-DC,main30,sink_mass,DD,57.0000,52.0000,62.0000,54.9195,54.9234,54.9154,0.0080
A5-DC,cell_ss50,sink_mass,DD,57.0000,52.0000,62.0000,57.5206,57.5206,57.5206,0.0000
A5-DC,dl_cell,sink_mass,DD,57.0000,52.0000,62.0000,58.8751,58.8751,58.8751,0.0000
A5-DC,dl_main,sink_mass,DD,57.0000,52.0000,62.0000,57.7868,57.7868,57.7868,0.0000
A5-DC,tj_ss,k_cat,DD,1.0000,0.9300,1.0700,125.9480,127.6431,123.9507,3.6924
A5-DC,tj_pk50,k_cat,DD,1.0000,0.9300,1.0700,104.3873,106.3293,102.6577,3.6716
A5-DC,tj_300,k_cat,DD,1.0000,0.9300,1.0700,107.0576,107.8951,106.2525,1.6426
A5-DC,tj_180,k_cat,DD,1.0000,0.9300,1.0700,95.8368,96.2003,95.4815,0.7187
A5-DC,case_ss,k_cat,DD,1.0000,0.9300,1.0700,105.6945,107.3895,103.6971,3.6924
A5-DC,dl_case,k_cat,DD,1.0000,0.9300,1.0700,87.2107,89.3822,85.2532,4.1289
A5-DC,surf5,k_cat,DD,1.0000,0.9300,1.0700,32.2864,32.1099,32.4495,0.3395
A5-DC,petg_ss,k_cat,DD,1.0000,0.9300,1.0700,65.9812,66.2681,65.6358,0.6324
A5-DC,petg_ss50,k_cat,DD,1.0000,0.9300,1.0700,58.7059,58.7812,58.6378,0.1434
A5-DC,dl_petg,k_cat,DD,1.0000,0.9300,1.0700,60.0510,60.1333,59.9757,0.1576
A5-DC,fr4_ss,k_cat,DD,1.0000,0.9300,1.0700,74.8219,75.2514,74.3100,0.9414
A5-DC,bay_ss,k_cat,DD,1.0000,0.9300,1.0700,67.0532,67.1418,66.9478,0.1940
A5-DC,dl_bay,k_cat,DD,1.0000,0.9300,1.0700,61.3851,61.5057,61.2748,0.2309
A5-DC,cell30,k_cat,DD,1.0000,0.9300,1.0700,50.6750,50.6762,50.6738,0.0023
A5-DC,main30,k_cat,DD,1.0000,0.9300,1.0700,54.9195,54.9266,54.9128,0.0139
A5-DC,cell_ss50,k_cat,DD,1.0000,0.9300,1.0700,57.5206,57.5324,57.5098,0.0226
A5-DC,dl_cell,k_cat,DD,1.0000,0.9300,1.0700,58.8751,58.8880,58.8633,0.0247
A5-DC,dl_main,k_cat,DD,1.0000,0.9300,1.0700,57.7868,57.8031,57.7719,0.0312
A5-DC,tj_ss,k_orient,E,1.3500,1.1000,2.0000,125.9480,119.5369,145.2272,25.6903
A5-DC,tj_pk50,k_orient,E,1.3500,1.1000,2.0000,104.3873,99.3820,115.5981,16.2161
A5-DC,tj_300,k_orient,E,1.3500,1.1000,2.0000,107.0576,104.5535,111.2522,6.6987
A5-DC,tj_180,k_orient,E,1.3500,1.1000,2.0000,95.8368,94.7117,97.5979,2.8863
A5-DC,case_ss,k_orient,E,1.3500,1.1000,2.0000,105.6945,99.2834,124.9737,25.6903
A5-DC,dl_case,k_orient,E,1.3500,1.1000,2.0000,87.2107,81.5382,99.2636,17.7254
A5-DC,surf5,k_orient,E,1.3500,1.1000,2.0000,32.2864,32.7719,31.3387,1.4332
A5-DC,petg_ss,k_orient,E,1.3500,1.1000,2.0000,65.9812,64.8407,68.9822,4.1416
A5-DC,petg_ss50,k_orient,E,1.3500,1.1000,2.0000,58.7059,58.5057,59.1292,0.6235
A5-DC,dl_petg,k_orient,E,1.3500,1.1000,2.0000,60.0510,59.8296,60.5143,0.6847
A5-DC,fr4_ss,k_orient,E,1.3500,1.1000,2.0000,74.8219,73.1536,79.5018,6.3482
A5-DC,bay_ss,k_orient,E,1.3500,1.1000,2.0000,67.0532,66.7103,68.0243,1.3140
A5-DC,dl_bay,k_orient,E,1.3500,1.1000,2.0000,61.3851,61.0604,62.0367,0.9762
A5-DC,cell30,k_orient,E,1.3500,1.1000,2.0000,50.6750,50.6715,50.6813,0.0098
A5-DC,main30,k_orient,E,1.3500,1.1000,2.0000,54.9195,54.8993,54.9581,0.0588
A5-DC,cell_ss50,k_orient,E,1.3500,1.1000,2.0000,57.5206,57.4890,57.5873,0.0983
A5-DC,dl_cell,k_orient,E,1.3500,1.1000,2.0000,58.8751,58.8404,58.9448,0.1044
A5-DC,dl_main,k_orient,E,1.3500,1.1000,2.0000,57.7868,57.7429,57.8749,0.1321
A5-DC,tj_ss,r_frac,E,0.3500,0.2500,0.4500,125.9480,126.1280,125.8360,0.2921
A5-DC,tj_pk50,r_frac,E,0.3500,0.2500,0.4500,104.3873,104.6295,104.2216,0.4079
A5-DC,tj_300,r_frac,E,0.3500,0.2500,0.4500,107.0576,107.3217,106.8215,0.5001
A5-DC,tj_180,r_frac,E,0.3500,0.2500,0.4500,95.8368,95.9720,95.7104,0.2615
A5-DC,case_ss,r_frac,E,0.3500,0.2500,0.4500,105.6945,105.8745,105.5824,0.2921
A5-DC,dl_case,r_frac,E,0.3500,0.2500,0.4500,87.2107,87.4802,87.0283,0.4519
A5-DC,surf5,r_frac,E,0.3500,0.2500,0.4500,32.2864,31.0079,33.4597,2.4517
A5-DC,petg_ss,r_frac,E,0.3500,0.2500,0.4500,65.9812,64.8263,68.6291,3.8028
A5-DC,petg_ss50,r_frac,E,0.3500,0.2500,0.4500,58.7059,58.6406,58.7686,0.1280
A5-DC,dl_petg,r_frac,E,0.3500,0.2500,0.4500,60.0510,59.9720,60.4485,0.4765
A5-DC,fr4_ss,r_frac,E,0.3500,0.2500,0.4500,74.8219,73.8818,75.7039,1.8221
A5-DC,bay_ss,r_frac,E,0.3500,0.2500,0.4500,67.0532,66.8598,67.2352,0.3754
A5-DC,dl_bay,r_frac,E,0.3500,0.2500,0.4500,61.3851,61.2692,61.4961,0.2268
A5-DC,cell30,r_frac,E,0.3500,0.2500,0.4500,50.6750,50.6721,50.6777,0.0057
A5-DC,main30,r_frac,E,0.3500,0.2500,0.4500,54.9195,54.9083,54.9301,0.0218
A5-DC,cell_ss50,r_frac,E,0.3500,0.2500,0.4500,57.5206,57.5103,57.5305,0.0202
A5-DC,dl_cell,r_frac,E,0.3500,0.2500,0.4500,58.8751,58.8627,58.8870,0.0243
A5-DC,dl_main,r_frac,E,0.3500,0.2500,0.4500,57.7868,57.7711,57.8018,0.0307
A5-DC,tj_ss,eta_encl,E,0.6000,0.4000,0.8000,125.9480,125.9480,125.9480,0.0000
A5-DC,tj_pk50,eta_encl,E,0.6000,0.4000,0.8000,104.3873,104.3873,104.3873,0.0000
A5-DC,tj_300,eta_encl,E,0.6000,0.4000,0.8000,107.0576,107.0576,107.0576,0.0000
A5-DC,tj_180,eta_encl,E,0.6000,0.4000,0.8000,95.8368,95.8368,95.8368,0.0000
A5-DC,case_ss,eta_encl,E,0.6000,0.4000,0.8000,105.6945,105.6945,105.6945,0.0000
A5-DC,dl_case,eta_encl,E,0.6000,0.4000,0.8000,87.2107,87.2107,87.2107,0.0000
A5-DC,surf5,eta_encl,E,0.6000,0.4000,0.8000,32.2864,32.2864,32.2864,0.0000
A5-DC,petg_ss,eta_encl,E,0.6000,0.4000,0.8000,65.9812,65.9812,65.9812,0.0000
A5-DC,petg_ss50,eta_encl,E,0.6000,0.4000,0.8000,58.7059,58.7059,58.7059,0.0000
A5-DC,dl_petg,eta_encl,E,0.6000,0.4000,0.8000,60.0510,60.0510,60.0510,0.0000
A5-DC,fr4_ss,eta_encl,E,0.6000,0.4000,0.8000,74.8219,74.8219,74.8219,0.0000
A5-DC,bay_ss,eta_encl,E,0.6000,0.4000,0.8000,67.0532,67.0532,67.0532,0.0000
A5-DC,dl_bay,eta_encl,E,0.6000,0.4000,0.8000,61.3851,61.3851,61.3851,0.0000
A5-DC,cell30,eta_encl,E,0.6000,0.4000,0.8000,50.6750,50.6750,50.6750,0.0000
A5-DC,main30,eta_encl,E,0.6000,0.4000,0.8000,54.9195,54.9195,54.9195,0.0000
A5-DC,cell_ss50,eta_encl,E,0.6000,0.4000,0.8000,57.5206,57.5206,57.5206,0.0000
A5-DC,dl_cell,eta_encl,E,0.6000,0.4000,0.8000,58.8751,58.8751,58.8751,0.0000
A5-DC,dl_main,eta_encl,E,0.6000,0.4000,0.8000,57.7868,57.7868,57.7868,0.0000
A5-DC,tj_ss,eta_wall,E,0.6000,0.4500,0.7500,125.9480,127.5352,124.0760,3.4592
A5-DC,tj_pk50,eta_wall,E,0.6000,0.4500,0.7500,104.3873,106.1932,102.7632,3.4300
A5-DC,tj_300,eta_wall,E,0.6000,0.4500,0.7500,107.0576,107.7998,106.3395,1.4602
A5-DC,tj_180,eta_wall,E,0.6000,0.4500,0.7500,95.8368,96.1542,95.5253,0.6289
A5-DC,case_ss,eta_wall,E,0.6000,0.4500,0.7500,105.6945,107.2817,103.8225,3.4592
A5-DC,dl_case,eta_wall,E,0.6000,0.4500,0.7500,87.2107,89.2448,85.3718,3.8730
A5-DC,surf5,eta_wall,E,0.6000,0.4500,0.7500,32.2864,32.4134,32.1631,0.2502
A5-DC,petg_ss,eta_wall,E,0.6000,0.4500,0.7500,65.9812,66.9709,65.0217,1.9491
A5-DC,petg_ss50,eta_wall,E,0.6000,0.4500,0.7500,58.7059,58.7945,58.6265,0.1680
A5-DC,dl_petg,eta_wall,E,0.6000,0.4500,0.7500,60.0510,60.1503,59.9618,0.1884
A5-DC,fr4_ss,eta_wall,E,0.6000,0.4500,0.7500,74.8219,75.4643,74.1362,1.3281
A5-DC,bay_ss,eta_wall,E,0.6000,0.4500,0.7500,67.0532,67.1857,66.9121,0.2736
A5-DC,dl_bay,eta_wall,E,0.6000,0.4500,0.7500,61.3851,61.5305,61.2544,0.2761
A5-DC,cell30,eta_wall,E,0.6000,0.4500,0.7500,50.6750,50.6768,50.6733,0.0036
A5-DC,main30,eta_wall,E,0.6000,0.4500,0.7500,54.9195,54.9291,54.9106,0.0184
A5-DC,cell_ss50,eta_wall,E,0.6000,0.4500,0.7500,57.5206,57.5345,57.5080,0.0265
A5-DC,dl_cell,eta_wall,E,0.6000,0.4500,0.7500,58.8751,58.8907,58.8611,0.0295
A5-DC,dl_main,eta_wall,E,0.6000,0.4500,0.7500,57.7868,57.8064,57.7691,0.0373
A5-DC,tj_ss,eta_guard3,E,0.7500,0.6000,0.8500,125.9480,125.9480,125.9480,0.0000
A5-DC,tj_pk50,eta_guard3,E,0.7500,0.6000,0.8500,104.3873,104.3873,104.3873,0.0000
A5-DC,tj_300,eta_guard3,E,0.7500,0.6000,0.8500,107.0576,107.0576,107.0576,0.0000
A5-DC,tj_180,eta_guard3,E,0.7500,0.6000,0.8500,95.8368,95.8368,95.8368,0.0000
A5-DC,case_ss,eta_guard3,E,0.7500,0.6000,0.8500,105.6945,105.6945,105.6945,0.0000
A5-DC,dl_case,eta_guard3,E,0.7500,0.6000,0.8500,87.2107,87.2107,87.2107,0.0000
A5-DC,surf5,eta_guard3,E,0.7500,0.6000,0.8500,32.2864,32.2864,32.2864,0.0000
A5-DC,petg_ss,eta_guard3,E,0.7500,0.6000,0.8500,65.9812,65.9812,65.9812,0.0000
A5-DC,petg_ss50,eta_guard3,E,0.7500,0.6000,0.8500,58.7059,58.7059,58.7059,0.0000
A5-DC,dl_petg,eta_guard3,E,0.7500,0.6000,0.8500,60.0510,60.0510,60.0510,0.0000
A5-DC,fr4_ss,eta_guard3,E,0.7500,0.6000,0.8500,74.8219,74.8219,74.8219,0.0000
A5-DC,bay_ss,eta_guard3,E,0.7500,0.6000,0.8500,67.0532,67.0532,67.0532,0.0000
A5-DC,dl_bay,eta_guard3,E,0.7500,0.6000,0.8500,61.3851,61.3851,61.3851,0.0000
A5-DC,cell30,eta_guard3,E,0.7500,0.6000,0.8500,50.6750,50.6750,50.6750,0.0000
A5-DC,main30,eta_guard3,E,0.7500,0.6000,0.8500,54.9195,54.9195,54.9195,0.0000
A5-DC,cell_ss50,eta_guard3,E,0.7500,0.6000,0.8500,57.5206,57.5206,57.5206,0.0000
A5-DC,dl_cell,eta_guard3,E,0.7500,0.6000,0.8500,58.8751,58.8751,58.8751,0.0000
A5-DC,dl_main,eta_guard3,E,0.7500,0.6000,0.8500,57.7868,57.7868,57.7868,0.0000
A5-DC,tj_ss,phi3,E,0.5000,0.3500,0.6500,125.9480,125.9480,125.9480,0.0000
A5-DC,tj_pk50,phi3,E,0.5000,0.3500,0.6500,104.3873,104.3873,104.3873,0.0000
A5-DC,tj_300,phi3,E,0.5000,0.3500,0.6500,107.0576,107.0576,107.0576,0.0000
A5-DC,tj_180,phi3,E,0.5000,0.3500,0.6500,95.8368,95.8368,95.8368,0.0000
A5-DC,case_ss,phi3,E,0.5000,0.3500,0.6500,105.6945,105.6945,105.6945,0.0000
A5-DC,dl_case,phi3,E,0.5000,0.3500,0.6500,87.2107,87.2107,87.2107,0.0000
A5-DC,surf5,phi3,E,0.5000,0.3500,0.6500,32.2864,32.2864,32.2864,0.0000
A5-DC,petg_ss,phi3,E,0.5000,0.3500,0.6500,65.9812,65.9812,65.9812,0.0000
A5-DC,petg_ss50,phi3,E,0.5000,0.3500,0.6500,58.7059,58.7059,58.7059,0.0000
A5-DC,dl_petg,phi3,E,0.5000,0.3500,0.6500,60.0510,60.0510,60.0510,0.0000
A5-DC,fr4_ss,phi3,E,0.5000,0.3500,0.6500,74.8219,74.8219,74.8219,0.0000
A5-DC,bay_ss,phi3,E,0.5000,0.3500,0.6500,67.0532,67.0532,67.0532,0.0000
A5-DC,dl_bay,phi3,E,0.5000,0.3500,0.6500,61.3851,61.3851,61.3851,0.0000
A5-DC,cell30,phi3,E,0.5000,0.3500,0.6500,50.6750,50.6750,50.6750,0.0000
A5-DC,main30,phi3,E,0.5000,0.3500,0.6500,54.9195,54.9195,54.9195,0.0000
A5-DC,cell_ss50,phi3,E,0.5000,0.3500,0.6500,57.5206,57.5206,57.5206,0.0000
A5-DC,dl_cell,phi3,E,0.5000,0.3500,0.6500,58.8751,58.8751,58.8751,0.0000
A5-DC,dl_main,phi3,E,0.5000,0.3500,0.6500,57.7868,57.7868,57.7868,0.0000
A5-DC,tj_ss,eta_guard_dc,E,0.8500,0.7500,0.9200,125.9480,126.9881,125.1524,1.8357
A5-DC,tj_pk50,eta_guard_dc,E,0.8500,0.7500,0.9200,104.3873,105.5691,103.6085,1.9606
A5-DC,tj_300,eta_guard_dc,E,0.8500,0.7500,0.9200,107.0576,107.5496,106.7195,0.8301
A5-DC,tj_180,eta_guard_dc,E,0.8500,0.7500,0.9200,95.8368,96.0477,95.6907,0.3570
A5-DC,case_ss,eta_guard_dc,E,0.8500,0.7500,0.9200,105.6945,106.7345,104.8989,1.8357
A5-DC,dl_case,eta_guard_dc,E,0.8500,0.7500,0.9200,87.2107,88.5477,86.3292,2.2185
A5-DC,surf5,eta_guard_dc,E,0.8500,0.7500,0.9200,32.2864,32.3706,32.2284,0.1422
A5-DC,petg_ss,eta_guard_dc,E,0.8500,0.7500,0.9200,65.9812,66.6283,65.5376,1.0907
A5-DC,petg_ss50,eta_guard_dc,E,0.8500,0.7500,0.9200,58.7059,58.7638,58.6678,0.0960
A5-DC,dl_petg,eta_guard_dc,E,0.8500,0.7500,0.9200,60.0510,60.1161,60.0082,0.1079
A5-DC,fr4_ss,eta_guard_dc,E,0.8500,0.7500,0.9200,74.8219,75.2419,74.5185,0.7234
A5-DC,bay_ss,eta_guard_dc,E,0.8500,0.7500,0.9200,67.0532,67.1398,66.9907,0.1491
A5-DC,dl_bay,eta_guard_dc,E,0.8500,0.7500,0.9200,61.3851,61.4805,61.3223,0.1581
A5-DC,cell30,eta_guard_dc,E,0.8500,0.7500,0.9200,50.6750,50.6762,50.6742,0.0020
A5-DC,main30,eta_guard_dc,E,0.8500,0.7500,0.9200,54.9195,54.9258,54.9152,0.0105
A5-DC,cell_ss50,eta_guard_dc,E,0.8500,0.7500,0.9200,57.5206,57.5297,57.5146,0.0151
A5-DC,dl_cell,eta_guard_dc,E,0.8500,0.7500,0.9200,58.8751,58.8853,58.8684,0.0169
A5-DC,dl_main,eta_guard_dc,E,0.8500,0.7500,0.9200,57.7868,57.7997,57.7783,0.0214
A5-DC,tj_ss,phi_dc,E,0.3500,0.2500,0.5000,125.9480,125.7542,126.2647,0.5105
A5-DC,tj_pk50,phi_dc,E,0.3500,0.2500,0.5000,104.3873,104.1418,104.7972,0.6554
A5-DC,tj_300,phi_dc,E,0.3500,0.2500,0.5000,107.0576,107.0054,107.1437,0.1383
A5-DC,tj_180,phi_dc,E,0.3500,0.2500,0.5000,95.8368,95.8214,95.8624,0.0411
A5-DC,case_ss,phi_dc,E,0.3500,0.2500,0.5000,105.6945,105.5007,106.0112,0.5105
A5-DC,dl_case,phi_dc,E,0.3500,0.2500,0.5000,87.2107,86.9388,87.6631,0.7243
A5-DC,surf5,phi_dc,E,0.3500,0.2500,0.5000,32.2864,31.7281,33.1262,1.3982
A5-DC,petg_ss,phi_dc,E,0.3500,0.2500,0.5000,65.9812,64.9479,68.0590,3.1110
A5-DC,petg_ss50,phi_dc,E,0.3500,0.2500,0.5000,58.7059,58.6938,58.7259,0.0321
A5-DC,dl_petg,phi_dc,E,0.3500,0.2500,0.5000,60.0510,60.0378,60.3216,0.2838
A5-DC,fr4_ss,phi_dc,E,0.3500,0.2500,0.5000,74.8219,74.7440,74.9494,0.2054
A5-DC,bay_ss,phi_dc,E,0.3500,0.2500,0.5000,67.0532,67.0372,67.0795,0.0423
A5-DC,dl_bay,phi_dc,E,0.3500,0.2500,0.5000,61.3851,61.3657,61.4173,0.0516
A5-DC,cell30,phi_dc,E,0.3500,0.2500,0.5000,50.6750,50.6748,50.6753,0.0006
A5-DC,main30,phi_dc,E,0.3500,0.2500,0.5000,54.9195,54.9183,54.9214,0.0031
A5-DC,cell_ss50,phi_dc,E,0.3500,0.2500,0.5000,57.5206,57.5187,57.5237,0.0051
A5-DC,dl_cell,phi_dc,E,0.3500,0.2500,0.5000,58.8751,58.8730,58.8786,0.0055
A5-DC,dl_main,phi_dc,E,0.3500,0.2500,0.5000,57.7868,57.7842,57.7911,0.0070
A5-DC,tj_ss,shield_rad,E,0.2500,0.1500,0.4000,125.9480,125.7684,126.2370,0.4685
A5-DC,tj_pk50,shield_rad,E,0.2500,0.1500,0.4000,104.3873,104.1800,104.7177,0.5377
A5-DC,tj_300,shield_rad,E,0.2500,0.1500,0.4000,107.0576,107.0250,107.1117,0.0867
A5-DC,tj_180,shield_rad,E,0.2500,0.1500,0.4000,95.8368,95.8275,95.8523,0.0248
A5-DC,case_ss,shield_rad,E,0.2500,0.1500,0.4000,105.6945,105.5149,105.9834,0.4685
A5-DC,dl_case,shield_rad,E,0.2500,0.1500,0.4000,87.2107,86.9792,87.5806,0.6014
A5-DC,surf5,shield_rad,E,0.2500,0.1500,0.4000,32.2864,32.2819,32.2939,0.0120
A5-DC,petg_ss,shield_rad,E,0.2500,0.1500,0.4000,65.9812,65.8713,66.1587,0.2874
A5-DC,petg_ss50,shield_rad,E,0.2500,0.1500,0.4000,58.7059,58.5887,58.8695,0.2808
A5-DC,dl_petg,shield_rad,E,0.2500,0.1500,0.4000,60.0510,59.9118,60.2448,0.3330
A5-DC,fr4_ss,shield_rad,E,0.2500,0.1500,0.4000,74.8219,73.3320,76.8419,3.5098
A5-DC,bay_ss,shield_rad,E,0.2500,0.1500,0.4000,67.0532,66.7469,67.4707,0.7238
A5-DC,dl_bay,shield_rad,E,0.2500,0.1500,0.4000,61.3851,61.1810,61.6690,0.4880
A5-DC,cell30,shield_rad,E,0.2500,0.1500,0.4000,50.6750,50.6702,50.6817,0.0115
A5-DC,main30,shield_rad,E,0.2500,0.1500,0.4000,54.9195,54.9005,54.9459,0.0454
A5-DC,cell_ss50,shield_rad,E,0.2500,0.1500,0.4000,57.5206,57.5021,57.5464,0.0443
A5-DC,dl_cell,shield_rad,E,0.2500,0.1500,0.4000,58.8751,58.8533,58.9055,0.0522
A5-DC,dl_main,shield_rad,E,0.2500,0.1500,0.4000,57.7868,57.7592,57.8252,0.0660
A5-DC,tj_ss,main_vent_area,E,0.0002,0.0000,0.0003,125.9480,125.9544,125.9454,0.0090
A5-DC,tj_pk50,main_vent_area,E,0.0002,0.0000,0.0003,104.3873,104.3969,104.3833,0.0136
A5-DC,tj_300,main_vent_area,E,0.0002,0.0000,0.0003,107.0576,107.0576,107.0576,0.0000
A5-DC,tj_180,main_vent_area,E,0.0002,0.0000,0.0003,95.8368,95.8368,95.8368,0.0000
A5-DC,case_ss,main_vent_area,E,0.0002,0.0000,0.0003,105.6945,105.7009,105.6919,0.0090
A5-DC,dl_case,main_vent_area,E,0.0002,0.0000,0.0003,87.2107,87.2206,87.2066,0.0141
A5-DC,surf5,main_vent_area,E,0.0002,0.0000,0.0003,32.2864,32.2864,32.2864,0.0000
A5-DC,petg_ss,main_vent_area,E,0.0002,0.0000,0.0003,65.9812,65.9850,65.9797,0.0053
A5-DC,petg_ss50,main_vent_area,E,0.0002,0.0000,0.0003,58.7059,59.2726,58.4709,0.8017
A5-DC,dl_petg,main_vent_area,E,0.0002,0.0000,0.0003,60.0510,60.6756,59.7934,0.8822
A5-DC,fr4_ss,main_vent_area,E,0.0002,0.0000,0.0003,74.8219,75.0260,74.7391,0.2869
A5-DC,bay_ss,main_vent_area,E,0.0002,0.0000,0.0003,67.0532,67.3916,66.9158,0.4758
A5-DC,dl_bay,main_vent_area,E,0.0002,0.0000,0.0003,61.3851,61.6477,61.2765,0.3712
A5-DC,cell30,main_vent_area,E,0.0002,0.0000,0.0003,50.6750,50.8520,50.5943,0.2577
A5-DC,main30,main_vent_area,E,0.0002,0.0000,0.0003,54.9195,55.5568,54.6363,0.9206
A5-DC,cell_ss50,main_vent_area,E,0.0002,0.0000,0.0003,57.5206,58.4029,57.1548,1.2481
A5-DC,dl_cell,main_vent_area,E,0.0002,0.0000,0.0003,58.8751,59.8581,58.4697,1.3883
A5-DC,dl_main,main_vent_area,E,0.0002,0.0000,0.0003,57.7868,59.0293,57.2740,1.7554
A5-DC,tj_ss,k_petg,E,0.2000,0.1800,0.2500,125.9480,125.9485,125.9472,0.0013
A5-DC,tj_pk50,k_petg,E,0.2000,0.1800,0.2500,104.3873,104.3880,104.3860,0.0021
A5-DC,tj_300,k_petg,E,0.2000,0.1800,0.2500,107.0576,107.0576,107.0575,0.0001
A5-DC,tj_180,k_petg,E,0.2000,0.1800,0.2500,95.8368,95.8368,95.8368,0.0000
A5-DC,case_ss,k_petg,E,0.2000,0.1800,0.2500,105.6945,105.6949,105.6937,0.0013
A5-DC,dl_case,k_petg,E,0.2000,0.1800,0.2500,87.2107,87.2114,87.2093,0.0021
A5-DC,surf5,k_petg,E,0.2000,0.1800,0.2500,32.2864,32.2494,32.3539,0.1045
A5-DC,petg_ss,k_petg,E,0.2000,0.1800,0.2500,65.9812,66.1386,65.6979,0.4407
A5-DC,petg_ss50,k_petg,E,0.2000,0.1800,0.2500,58.7059,58.7390,58.6456,0.0933
A5-DC,dl_petg,k_petg,E,0.2000,0.1800,0.2500,60.0510,60.0872,59.9852,0.1020
A5-DC,fr4_ss,k_petg,E,0.2000,0.1800,0.2500,74.8219,74.8364,74.7956,0.0408
A5-DC,bay_ss,k_petg,E,0.2000,0.1800,0.2500,67.0532,67.0772,67.0096,0.0677
A5-DC,dl_bay,k_petg,E,0.2000,0.1800,0.2500,61.3851,61.4048,61.3492,0.0556
A5-DC,cell30,k_petg,E,0.2000,0.1800,0.2500,50.6750,50.6837,50.6591,0.0247
A5-DC,main30,k_petg,E,0.2000,0.1800,0.2500,54.9195,54.9482,54.8674,0.0808
A5-DC,cell_ss50,k_petg,E,0.2000,0.1800,0.2500,57.5206,57.5575,57.4538,0.1037
A5-DC,dl_cell,k_petg,E,0.2000,0.1800,0.2500,58.8751,58.9148,58.8034,0.1114
A5-DC,dl_main,k_petg,E,0.2000,0.1800,0.2500,57.7868,57.8347,57.7003,0.1344
A5-DC,tj_ss,h_out_c,E,4.0000,3.0000,6.0000,125.9480,126.0242,125.8147,0.2095
A5-DC,tj_pk50,h_out_c,E,4.0000,3.0000,6.0000,104.3873,104.4792,104.2286,0.2507
A5-DC,tj_300,h_out_c,E,4.0000,3.0000,6.0000,107.0576,107.0646,107.0441,0.0205
A5-DC,tj_180,h_out_c,E,4.0000,3.0000,6.0000,95.8368,95.8381,95.8343,0.0038
A5-DC,case_ss,h_out_c,E,4.0000,3.0000,6.0000,105.6945,105.7707,105.5612,0.2095
A5-DC,dl_case,h_out_c,E,4.0000,3.0000,6.0000,87.2107,87.3130,87.0337,0.2793
A5-DC,surf5,h_out_c,E,4.0000,3.0000,6.0000,32.2864,32.5065,31.8740,0.6324
A5-DC,petg_ss,h_out_c,E,4.0000,3.0000,6.0000,65.9812,66.8858,64.4447,2.4410
A5-DC,petg_ss50,h_out_c,E,4.0000,3.0000,6.0000,58.7059,58.9545,58.3079,0.6465
A5-DC,dl_petg,h_out_c,E,4.0000,3.0000,6.0000,60.0510,60.3155,59.6270,0.6885
A5-DC,fr4_ss,h_out_c,E,4.0000,3.0000,6.0000,74.8219,74.9634,74.5872,0.3762
A5-DC,bay_ss,h_out_c,E,4.0000,3.0000,6.0000,67.0532,67.2454,66.7381,0.5073
A5-DC,dl_bay,h_out_c,E,4.0000,3.0000,6.0000,61.3851,61.5504,61.1153,0.4351
A5-DC,cell30,h_out_c,E,4.0000,3.0000,6.0000,50.6750,50.7641,50.5231,0.2410
A5-DC,main30,h_out_c,E,4.0000,3.0000,6.0000,54.9195,55.1356,54.5582,0.5774
A5-DC,cell_ss50,h_out_c,E,4.0000,3.0000,6.0000,57.5206,57.9565,56.8309,1.1256
A5-DC,dl_cell,h_out_c,E,4.0000,3.0000,6.0000,58.8751,59.3433,58.1335,1.2098
A5-DC,dl_main,h_out_c,E,4.0000,3.0000,6.0000,57.7868,58.2206,57.0991,1.1215
A5-DC,tj_ss,h_in_c,E,2.5000,1.5000,4.0000,125.9480,125.9672,125.9229,0.0443
A5-DC,tj_pk50,h_in_c,E,2.5000,1.5000,4.0000,104.3873,104.4117,104.3554,0.0563
A5-DC,tj_300,h_in_c,E,2.5000,1.5000,4.0000,107.0576,107.0546,107.0614,0.0068
A5-DC,tj_180,h_in_c,E,2.5000,1.5000,4.0000,95.8368,95.8355,95.8386,0.0032
A5-DC,case_ss,h_in_c,E,2.5000,1.5000,4.0000,105.6945,105.7137,105.6693,0.0443
A5-DC,dl_case,h_in_c,E,2.5000,1.5000,4.0000,87.2107,87.2378,87.1753,0.0626
A5-DC,surf5,h_in_c,E,2.5000,1.5000,4.0000,32.2864,32.2858,32.2871,0.0012
A5-DC,petg_ss,h_in_c,E,2.5000,1.5000,4.0000,65.9812,65.9925,65.9664,0.0262
A5-DC,petg_ss50,h_in_c,E,2.5000,1.5000,4.0000,58.7059,58.9933,58.3705,0.6228
A5-DC,dl_petg,h_in_c,E,2.5000,1.5000,4.0000,60.0510,60.3468,59.7064,0.6404
A5-DC,fr4_ss,h_in_c,E,2.5000,1.5000,4.0000,74.8219,75.4310,74.0231,1.4079
A5-DC,bay_ss,h_in_c,E,2.5000,1.5000,4.0000,67.0532,67.2696,66.7752,0.4944
A5-DC,dl_bay,h_in_c,E,2.5000,1.5000,4.0000,61.3851,61.5800,61.1369,0.4431
A5-DC,cell30,h_in_c,E,2.5000,1.5000,4.0000,50.6750,50.7665,50.5640,0.2025
A5-DC,main30,h_in_c,E,2.5000,1.5000,4.0000,54.9195,55.3317,54.4240,0.9077
A5-DC,cell_ss50,h_in_c,E,2.5000,1.5000,4.0000,57.5206,57.8059,57.1811,0.6248
A5-DC,dl_cell,h_in_c,E,2.5000,1.5000,4.0000,58.8751,59.1759,58.5168,0.6590
A5-DC,dl_main,h_in_c,E,2.5000,1.5000,4.0000,57.7868,58.3444,57.1210,1.2235
A5-DC,tj_ss,g_leads,E,0.0150,0.0080,0.0300,125.9480,125.9540,125.9380,0.0160
A5-DC,tj_pk50,g_leads,E,0.0150,0.0080,0.0300,104.3873,104.3948,104.3750,0.0197
A5-DC,tj_300,g_leads,E,0.0150,0.0080,0.0300,107.0576,107.0580,107.0566,0.0014
A5-DC,tj_180,g_leads,E,0.0150,0.0080,0.0300,95.8368,95.8369,95.8366,0.0003
A5-DC,case_ss,g_leads,E,0.0150,0.0080,0.0300,105.6945,105.7005,105.6845,0.0160
A5-DC,dl_case,g_leads,E,0.0150,0.0080,0.0300,87.2107,87.2191,87.1969,0.0222
A5-DC,surf5,g_leads,E,0.0150,0.0080,0.0300,32.2864,32.2864,32.2863,0.0001
A5-DC,petg_ss,g_leads,E,0.0150,0.0080,0.0300,65.9812,65.9847,65.9753,0.0095
A5-DC,petg_ss50,g_leads,E,0.0150,0.0080,0.0300,58.7059,58.7855,58.5750,0.2104
A5-DC,dl_petg,g_leads,E,0.0150,0.0080,0.0300,60.0510,60.1440,59.8973,0.2467
A5-DC,fr4_ss,g_leads,E,0.0150,0.0080,0.0300,74.8219,75.0119,74.5032,0.5088
A5-DC,bay_ss,g_leads,E,0.0150,0.0080,0.0300,67.0532,67.3683,66.5238,0.8446
A5-DC,dl_bay,g_leads,E,0.0150,0.0080,0.0300,61.3851,61.6065,61.0195,0.5870
A5-DC,cell30,g_leads,E,0.0150,0.0080,0.0300,50.6750,50.6352,50.7434,0.1082
A5-DC,main30,g_leads,E,0.0150,0.0080,0.0300,54.9195,54.7956,55.1251,0.3296
A5-DC,cell_ss50,g_leads,E,0.0150,0.0080,0.0300,57.5206,57.4373,57.6560,0.2187
A5-DC,dl_cell,g_leads,E,0.0150,0.0080,0.0300,58.8751,58.7738,59.0408,0.2670
A5-DC,dl_main,g_leads,E,0.0150,0.0080,0.0300,57.7868,57.6587,57.9963,0.3377
A5-DC,tj_ss,g_cell_main,E,0.0300,0.0200,0.0450,125.9480,125.9479,125.9482,0.0003
A5-DC,tj_pk50,g_cell_main,E,0.0300,0.0200,0.0450,104.3873,104.3872,104.3874,0.0002
A5-DC,tj_300,g_cell_main,E,0.0300,0.0200,0.0450,107.0576,107.0576,107.0575,0.0000
A5-DC,tj_180,g_cell_main,E,0.0300,0.0200,0.0450,95.8368,95.8368,95.8368,0.0000
A5-DC,case_ss,g_cell_main,E,0.0300,0.0200,0.0450,105.6945,105.6943,105.6946,0.0003
A5-DC,dl_case,g_cell_main,E,0.0300,0.0200,0.0450,87.2107,87.2106,87.2108,0.0003
A5-DC,surf5,g_cell_main,E,0.0300,0.0200,0.0450,32.2864,32.2864,32.2864,0.0000
A5-DC,petg_ss,g_cell_main,E,0.0300,0.0200,0.0450,65.9812,65.9811,65.9813,0.0002
A5-DC,petg_ss50,g_cell_main,E,0.0300,0.0200,0.0450,58.7059,58.7004,58.7109,0.0105
A5-DC,dl_petg,g_cell_main,E,0.0300,0.0200,0.0450,60.0510,60.0422,60.0590,0.0168
A5-DC,fr4_ss,g_cell_main,E,0.0300,0.0200,0.0450,74.8219,74.8169,74.8265,0.0097
A5-DC,bay_ss,g_cell_main,E,0.0300,0.0200,0.0450,67.0532,67.0448,67.0609,0.0161
A5-DC,dl_bay,g_cell_main,E,0.0300,0.0200,0.0450,61.3851,61.3814,61.3884,0.0071
A5-DC,cell30,g_cell_main,E,0.0300,0.0200,0.0450,50.6750,50.1217,51.3182,1.1966
A5-DC,main30,g_cell_main,E,0.0300,0.0200,0.0450,54.9195,55.0980,54.7319,0.3660
A5-DC,cell_ss50,g_cell_main,E,0.0300,0.0200,0.0450,57.5206,57.6826,57.3731,0.3095
A5-DC,dl_cell,g_cell_main,E,0.0300,0.0200,0.0450,58.8751,59.1397,58.6342,0.5055
A5-DC,dl_main,g_cell_main,E,0.0300,0.0200,0.0450,57.7868,57.7693,57.8027,0.0334
A5-DC,tj_ss,g_cell_wall,E,0.0200,0.0100,0.0300,125.9480,125.9490,125.9474,0.0016
A5-DC,tj_pk50,g_cell_wall,E,0.0200,0.0100,0.0300,104.3873,104.3887,104.3863,0.0024
A5-DC,tj_300,g_cell_wall,E,0.0200,0.0100,0.0300,107.0576,107.0576,107.0576,0.0000
A5-DC,tj_180,g_cell_wall,E,0.0200,0.0100,0.0300,95.8368,95.8368,95.8368,0.0000
A5-DC,case_ss,g_cell_wall,E,0.0200,0.0100,0.0300,105.6945,105.6955,105.6939,0.0016
A5-DC,dl_case,g_cell_wall,E,0.0200,0.0100,0.0300,87.2107,87.2122,87.2097,0.0025
A5-DC,surf5,g_cell_wall,E,0.0200,0.0100,0.0300,32.2864,32.2864,32.2864,0.0000
A5-DC,petg_ss,g_cell_wall,E,0.0200,0.0100,0.0300,65.9812,65.9818,65.9808,0.0009
A5-DC,petg_ss50,g_cell_wall,E,0.0200,0.0100,0.0300,58.7059,58.7914,58.6503,0.1411
A5-DC,dl_petg,g_cell_wall,E,0.0200,0.0100,0.0300,60.0510,60.1456,59.9896,0.1561
A5-DC,fr4_ss,g_cell_wall,E,0.0200,0.0100,0.0300,74.8219,74.8525,74.8020,0.0505
A5-DC,bay_ss,g_cell_wall,E,0.0200,0.0100,0.0300,67.0532,67.1040,67.0202,0.0838
A5-DC,dl_bay,g_cell_wall,E,0.0200,0.0100,0.0300,61.3851,61.4249,61.3592,0.0657
A5-DC,cell30,g_cell_wall,E,0.0200,0.0100,0.0300,50.6750,50.6844,50.6611,0.0233
A5-DC,main30,g_cell_wall,E,0.0200,0.0100,0.0300,54.9195,54.9096,54.9291,0.0194
A5-DC,cell_ss50,g_cell_wall,E,0.0200,0.0100,0.0300,57.5206,59.3570,56.3297,3.0273
A5-DC,dl_cell,g_cell_wall,E,0.0200,0.0100,0.0300,58.8751,60.9470,57.5312,3.4159
A5-DC,dl_main,g_cell_wall,E,0.0200,0.0100,0.0300,57.7868,57.9751,57.6645,0.3106
A5-DC,tj_ss,vent_area,E,0.0004,0.0000,0.0005,125.9480,125.9480,125.9480,0.0000
A5-DC,tj_pk50,vent_area,E,0.0004,0.0000,0.0005,104.3873,104.3873,104.3873,0.0000
A5-DC,tj_300,vent_area,E,0.0004,0.0000,0.0005,107.0576,107.0576,107.0576,0.0000
A5-DC,tj_180,vent_area,E,0.0004,0.0000,0.0005,95.8368,95.8368,95.8368,0.0000
A5-DC,case_ss,vent_area,E,0.0004,0.0000,0.0005,105.6945,105.6945,105.6945,0.0000
A5-DC,dl_case,vent_area,E,0.0004,0.0000,0.0005,87.2107,87.2107,87.2107,0.0000
A5-DC,surf5,vent_area,E,0.0004,0.0000,0.0005,32.2864,32.2864,32.2864,0.0000
A5-DC,petg_ss,vent_area,E,0.0004,0.0000,0.0005,65.9812,65.9812,65.9812,0.0000
A5-DC,petg_ss50,vent_area,E,0.0004,0.0000,0.0005,58.7059,58.7059,58.7059,0.0000
A5-DC,dl_petg,vent_area,E,0.0004,0.0000,0.0005,60.0510,60.0510,60.0510,0.0000
A5-DC,fr4_ss,vent_area,E,0.0004,0.0000,0.0005,74.8219,74.8219,74.8219,0.0000
A5-DC,bay_ss,vent_area,E,0.0004,0.0000,0.0005,67.0532,67.0532,67.0532,0.0000
A5-DC,dl_bay,vent_area,E,0.0004,0.0000,0.0005,61.3851,61.3851,61.3851,0.0000
A5-DC,cell30,vent_area,E,0.0004,0.0000,0.0005,50.6750,50.6750,50.6750,0.0000
A5-DC,main30,vent_area,E,0.0004,0.0000,0.0005,54.9195,54.9195,54.9195,0.0000
A5-DC,cell_ss50,vent_area,E,0.0004,0.0000,0.0005,57.5206,57.5206,57.5206,0.0000
A5-DC,dl_cell,vent_area,E,0.0004,0.0000,0.0005,58.8751,58.8751,58.8751,0.0000
A5-DC,dl_main,vent_area,E,0.0004,0.0000,0.0005,57.7868,57.7868,57.7868,0.0000
A5-DC,tj_ss,vent_area_dc,E,0.0005,0.0003,0.0006,125.9480,126.0767,125.9159,0.1608
A5-DC,tj_pk50,vent_area_dc,E,0.0005,0.0003,0.0006,104.3873,104.5524,104.3446,0.2078
A5-DC,tj_300,vent_area_dc,E,0.0005,0.0003,0.0006,107.0576,107.0598,107.0567,0.0030
A5-DC,tj_180,vent_area_dc,E,0.0005,0.0003,0.0006,95.8368,95.8371,95.8367,0.0005
A5-DC,case_ss,vent_area_dc,E,0.0005,0.0003,0.0006,105.6945,105.8232,105.6623,0.1608
A5-DC,dl_case,vent_area_dc,E,0.0005,0.0003,0.0006,87.2107,87.3895,87.1649,0.2246
A5-DC,surf5,vent_area_dc,E,0.0005,0.0003,0.0006,32.2864,32.2866,32.2863,0.0003
A5-DC,petg_ss,vent_area_dc,E,0.0005,0.0003,0.0006,65.9812,69.5821,65.9622,3.6199
A5-DC,petg_ss50,vent_area_dc,E,0.0005,0.0003,0.0006,58.7059,61.5356,57.9725,3.5631
A5-DC,dl_petg,vent_area_dc,E,0.0005,0.0003,0.0006,60.0510,63.2634,59.2250,4.0384
A5-DC,fr4_ss,vent_area_dc,E,0.0005,0.0003,0.0006,74.8219,78.9077,73.8007,5.1069
A5-DC,bay_ss,vent_area_dc,E,0.0005,0.0003,0.0006,67.0532,73.7474,65.3533,8.3942
A5-DC,dl_bay,vent_area_dc,E,0.0005,0.0003,0.0006,61.3851,66.0690,60.1730,5.8960
A5-DC,cell30,vent_area_dc,E,0.0005,0.0003,0.0006,50.6750,50.7465,50.6530,0.0935
A5-DC,main30,vent_area_dc,E,0.0005,0.0003,0.0006,54.9195,55.2363,54.8273,0.4090
A5-DC,cell_ss50,vent_area_dc,E,0.0005,0.0003,0.0006,57.5206,57.9657,57.4048,0.5609
A5-DC,dl_cell,vent_area_dc,E,0.0005,0.0003,0.0006,58.8751,59.3771,58.7456,0.6316
A5-DC,dl_main,vent_area_dc,E,0.0005,0.0003,0.0006,57.7868,58.4215,57.6229,0.7986
A5-DC,tj_ss,relay_hold,E,0.4000,0.3000,1.0000,125.9480,125.9394,125.9984,0.0590
A5-DC,tj_pk50,relay_hold,E,0.4000,0.3000,1.0000,104.3873,104.3667,104.5068,0.1400
A5-DC,tj_300,relay_hold,E,0.4000,0.3000,1.0000,107.0576,107.0553,107.0709,0.0156
A5-DC,tj_180,relay_hold,E,0.4000,0.3000,1.0000,95.8368,95.8361,95.8410,0.0048
A5-DC,case_ss,relay_hold,E,0.4000,0.3000,1.0000,105.6945,105.6859,105.7449,0.0590
A5-DC,dl_case,relay_hold,E,0.4000,0.3000,1.0000,87.2107,87.1917,87.3216,0.1299
A5-DC,surf5,relay_hold,E,0.4000,0.3000,1.0000,32.2864,32.2861,32.2880,0.0019
A5-DC,petg_ss,relay_hold,E,0.4000,0.3000,1.0000,65.9812,65.9762,67.1224,1.1463
A5-DC,petg_ss50,relay_hold,E,0.4000,0.3000,1.0000,58.7059,58.2895,61.1251,2.8356
A5-DC,dl_petg,relay_hold,E,0.4000,0.3000,1.0000,60.0510,59.6470,62.4064,2.7594
A5-DC,fr4_ss,relay_hold,E,0.4000,0.3000,1.0000,74.8219,74.5500,76.4233,1.8733
A5-DC,bay_ss,relay_hold,E,0.4000,0.3000,1.0000,67.0532,66.6016,69.6970,3.0954
A5-DC,dl_bay,relay_hold,E,0.4000,0.3000,1.0000,61.3851,60.8825,64.2996,3.4171
A5-DC,cell30,relay_hold,E,0.4000,0.3000,1.0000,50.6750,50.5933,51.1593,0.5659
A5-DC,main30,relay_hold,E,0.4000,0.3000,1.0000,54.9195,54.7051,56.1856,1.4806
A5-DC,cell_ss50,relay_hold,E,0.4000,0.3000,1.0000,57.5206,57.3323,58.6306,1.2983
A5-DC,dl_cell,relay_hold,E,0.4000,0.3000,1.0000,58.8751,58.6901,59.9676,1.2775
A5-DC,dl_main,relay_hold,E,0.4000,0.3000,1.0000,57.7868,57.5528,59.1678,1.6150
A5-DC,tj_ss,k_fr4,E,0.3000,0.2500,0.3500,125.9480,125.9487,125.9475,0.0012
A5-DC,tj_pk50,k_fr4,E,0.3000,0.2500,0.3500,104.3873,104.3880,104.3868,0.0012
A5-DC,tj_300,k_fr4,E,0.3000,0.2500,0.3500,107.0576,107.0574,107.0577,0.0002
A5-DC,tj_180,k_fr4,E,0.3000,0.2500,0.3500,95.8368,95.8368,95.8369,0.0001
A5-DC,case_ss,k_fr4,E,0.3000,0.2500,0.3500,105.6945,105.6952,105.6940,0.0012
A5-DC,dl_case,k_fr4,E,0.3000,0.2500,0.3500,87.2107,87.2115,87.2101,0.0014
A5-DC,surf5,k_fr4,E,0.3000,0.2500,0.3500,32.2864,32.2863,32.2864,0.0000
A5-DC,petg_ss,k_fr4,E,0.3000,0.2500,0.3500,65.9812,65.9816,65.9809,0.0007
A5-DC,petg_ss50,k_fr4,E,0.3000,0.2500,0.3500,58.7059,58.7047,58.7067,0.0020
A5-DC,dl_petg,k_fr4,E,0.3000,0.2500,0.3500,60.0510,60.0496,60.0520,0.0024
A5-DC,fr4_ss,k_fr4,E,0.3000,0.2500,0.3500,74.8219,74.9054,74.7622,0.1432
A5-DC,bay_ss,k_fr4,E,0.3000,0.2500,0.3500,67.0532,67.0499,67.0556,0.0056
A5-DC,dl_bay,k_fr4,E,0.3000,0.2500,0.3500,61.3851,61.3830,61.3865,0.0036
A5-DC,cell30,k_fr4,E,0.3000,0.2500,0.3500,50.6750,50.6750,50.6750,0.0000
A5-DC,main30,k_fr4,E,0.3000,0.2500,0.3500,54.9195,54.9193,54.9196,0.0003
A5-DC,cell_ss50,k_fr4,E,0.3000,0.2500,0.3500,57.5206,57.5204,57.5207,0.0003
A5-DC,dl_cell,k_fr4,E,0.3000,0.2500,0.3500,58.8751,58.8749,58.8753,0.0004
A5-DC,dl_main,k_fr4,E,0.3000,0.2500,0.3500,57.7868,57.7865,57.7870,0.0005
A5-DC,tj_ss,p_lm2940,DD,0.9000,0.6000,1.0000,125.9480,125.9417,125.9501,0.0084
A5-DC,tj_pk50,p_lm2940,DD,0.9000,0.6000,1.0000,104.3873,104.3717,104.3924,0.0207
A5-DC,tj_300,p_lm2940,DD,0.9000,0.6000,1.0000,107.0576,107.0573,107.0576,0.0003
A5-DC,tj_180,p_lm2940,DD,0.9000,0.6000,1.0000,95.8368,95.8368,95.8368,0.0001
A5-DC,case_ss,p_lm2940,DD,0.9000,0.6000,1.0000,105.6945,105.6882,105.6966,0.0084
A5-DC,dl_case,p_lm2940,DD,0.9000,0.6000,1.0000,87.2107,87.1964,87.2154,0.0190
A5-DC,surf5,p_lm2940,DD,0.9000,0.6000,1.0000,32.2864,32.2863,32.2864,0.0000
A5-DC,petg_ss,p_lm2940,DD,0.9000,0.6000,1.0000,65.9812,65.9775,65.9824,0.0049
A5-DC,petg_ss50,p_lm2940,DD,0.9000,0.6000,1.0000,58.7059,57.7928,59.0067,1.2139
A5-DC,dl_petg,p_lm2940,DD,0.9000,0.6000,1.0000,60.0510,59.1566,60.3459,1.1893
A5-DC,fr4_ss,p_lm2940,DD,0.9000,0.6000,1.0000,74.8219,74.6224,74.8878,0.2654
A5-DC,bay_ss,p_lm2940,DD,0.9000,0.6000,1.0000,67.0532,66.7219,67.1624,0.4405
A5-DC,dl_bay,p_lm2940,DD,0.9000,0.6000,1.0000,61.3851,61.0074,61.5092,0.5017
A5-DC,cell30,p_lm2940,DD,0.9000,0.6000,1.0000,50.6750,50.0315,50.8881,0.8566
A5-DC,main30,p_lm2940,DD,0.9000,0.6000,1.0000,54.9195,53.2974,55.4550,2.1576
A5-DC,cell_ss50,p_lm2940,DD,0.9000,0.6000,1.0000,57.5206,56.0996,57.9889,1.8894
A5-DC,dl_cell,p_lm2940,DD,0.9000,0.6000,1.0000,58.8751,57.4678,59.3391,1.8713
A5-DC,dl_main,p_lm2940,DD,0.9000,0.6000,1.0000,57.7868,56.0057,58.3735,2.3678
A5-DC,tj_ss,p_pico,E,0.2000,0.1500,0.3000,125.9480,125.9470,125.9501,0.0031
A5-DC,tj_pk50,p_pico,E,0.2000,0.1500,0.3000,104.3873,104.3847,104.3924,0.0077
A5-DC,tj_300,p_pico,E,0.2000,0.1500,0.3000,107.0576,107.0575,107.0576,0.0001
A5-DC,tj_180,p_pico,E,0.2000,0.1500,0.3000,95.8368,95.8368,95.8368,0.0000
A5-DC,case_ss,p_pico,E,0.2000,0.1500,0.3000,105.6945,105.6935,105.6966,0.0031
A5-DC,dl_case,p_pico,E,0.2000,0.1500,0.3000,87.2107,87.2083,87.2154,0.0071
A5-DC,surf5,p_pico,E,0.2000,0.1500,0.3000,32.2864,32.2864,32.2864,0.0000
A5-DC,petg_ss,p_pico,E,0.2000,0.1500,0.3000,65.9812,65.9806,65.9824,0.0018
A5-DC,petg_ss50,p_pico,E,0.2000,0.1500,0.3000,58.7059,58.5548,59.0067,0.4519
A5-DC,dl_petg,p_pico,E,0.2000,0.1500,0.3000,60.0510,59.9030,60.3459,0.4429
A5-DC,fr4_ss,p_pico,E,0.2000,0.1500,0.3000,74.8219,74.7889,74.8878,0.0989
A5-DC,bay_ss,p_pico,E,0.2000,0.1500,0.3000,67.0532,66.9984,67.1624,0.1640
A5-DC,dl_bay,p_pico,E,0.2000,0.1500,0.3000,61.3851,61.3227,61.5092,0.1865
A5-DC,cell30,p_pico,E,0.2000,0.1500,0.3000,50.6750,50.5682,50.8881,0.3199
A5-DC,main30,p_pico,E,0.2000,0.1500,0.3000,54.9195,54.6507,55.4550,0.8043
A5-DC,cell_ss50,p_pico,E,0.2000,0.1500,0.3000,57.5206,57.2854,57.9889,0.7035
A5-DC,dl_cell,p_pico,E,0.2000,0.1500,0.3000,58.8751,58.6422,59.3391,0.6970
A5-DC,dl_main,p_pico,E,0.2000,0.1500,0.3000,57.7868,57.4921,58.3735,0.8814
A5-DC,tj_ss,c_cell,E,92.0000,85.0000,100.0000,125.9480,125.9480,125.9480,0.0000
A5-DC,tj_pk50,c_cell,E,92.0000,85.0000,100.0000,104.3873,104.3873,104.3873,0.0000
A5-DC,tj_300,c_cell,E,92.0000,85.0000,100.0000,107.0576,107.0576,107.0576,0.0000
A5-DC,tj_180,c_cell,E,92.0000,85.0000,100.0000,95.8368,95.8368,95.8368,0.0000
A5-DC,case_ss,c_cell,E,92.0000,85.0000,100.0000,105.6945,105.6945,105.6945,0.0000
A5-DC,dl_case,c_cell,E,92.0000,85.0000,100.0000,87.2107,87.2107,87.2107,0.0000
A5-DC,surf5,c_cell,E,92.0000,85.0000,100.0000,32.2864,32.2864,32.2864,0.0000
A5-DC,petg_ss,c_cell,E,92.0000,85.0000,100.0000,65.9812,65.9812,65.9812,0.0000
A5-DC,petg_ss50,c_cell,E,92.0000,85.0000,100.0000,58.7059,58.7059,58.7059,0.0000
A5-DC,dl_petg,c_cell,E,92.0000,85.0000,100.0000,60.0510,60.0510,60.0510,0.0000
A5-DC,fr4_ss,c_cell,E,92.0000,85.0000,100.0000,74.8219,74.8219,74.8219,0.0000
A5-DC,bay_ss,c_cell,E,92.0000,85.0000,100.0000,67.0532,67.0532,67.0532,0.0000
A5-DC,dl_bay,c_cell,E,92.0000,85.0000,100.0000,61.3851,61.3851,61.3851,0.0000
A5-DC,cell30,c_cell,E,92.0000,85.0000,100.0000,50.6750,50.9798,50.3607,0.6191
A5-DC,main30,c_cell,E,92.0000,85.0000,100.0000,54.9195,54.9689,54.8690,0.0999
A5-DC,cell_ss50,c_cell,E,92.0000,85.0000,100.0000,57.5206,57.5206,57.5206,0.0000
A5-DC,dl_cell,c_cell,E,92.0000,85.0000,100.0000,58.8751,58.8751,58.8751,0.0000
A5-DC,dl_main,c_cell,E,92.0000,85.0000,100.0000,57.7868,57.7868,57.7868,0.0000
A5-DC,tj_ss,a_guard_end,DD,0.0029,0.0027,0.0032,125.9480,125.9627,125.9342,0.0284
A5-DC,tj_pk50,a_guard_end,DD,0.0029,0.0027,0.0032,104.3873,104.4014,104.3742,0.0272
A5-DC,tj_300,a_guard_end,DD,0.0029,0.0027,0.0032,107.0576,107.0621,107.0534,0.0087
A5-DC,tj_180,a_guard_end,DD,0.0029,0.0027,0.0032,95.8368,95.8382,95.8356,0.0026
A5-DC,case_ss,a_guard_end,DD,0.0029,0.0027,0.0032,105.6945,105.7092,105.6807,0.0284
A5-DC,dl_case,a_guard_end,DD,0.0029,0.0027,0.0032,87.2107,87.2271,87.1954,0.0318
A5-DC,surf5,a_guard_end,DD,0.0029,0.0027,0.0032,32.2864,32.4410,32.1406,0.3004
A5-DC,petg_ss,a_guard_end,DD,0.0029,0.0027,0.0032,65.9812,66.3451,65.6350,0.7101
A5-DC,petg_ss50,a_guard_end,DD,0.0029,0.0027,0.0032,58.7059,58.7065,58.7052,0.0013
A5-DC,dl_petg,a_guard_end,DD,0.0029,0.0027,0.0032,60.0510,60.0518,60.0503,0.0015
A5-DC,fr4_ss,a_guard_end,DD,0.0029,0.0027,0.0032,74.8219,74.8278,74.8164,0.0114
A5-DC,bay_ss,a_guard_end,DD,0.0029,0.0027,0.0032,67.0532,67.0544,67.0521,0.0024
A5-DC,dl_bay,a_guard_end,DD,0.0029,0.0027,0.0032,61.3851,61.3862,61.3840,0.0023
A5-DC,cell30,a_guard_end,DD,0.0029,0.0027,0.0032,50.6750,50.6750,50.6750,0.0000
A5-DC,main30,a_guard_end,DD,0.0029,0.0027,0.0032,54.9195,54.9195,54.9194,0.0001
A5-DC,cell_ss50,a_guard_end,DD,0.0029,0.0027,0.0032,57.5206,57.5207,57.5205,0.0002
A5-DC,dl_cell,a_guard_end,DD,0.0029,0.0027,0.0032,58.8751,58.8752,58.8750,0.0002
A5-DC,dl_main,a_guard_end,DD,0.0029,0.0027,0.0032,57.7868,57.7869,57.7866,0.0003
A5-DC,tj_ss,a_guard_side,DD,0.0057,0.0051,0.0063,125.9480,125.9777,125.9217,0.0560
A5-DC,tj_pk50,a_guard_side,DD,0.0057,0.0051,0.0063,104.3873,104.4160,104.3624,0.0536
A5-DC,tj_300,a_guard_side,DD,0.0057,0.0051,0.0063,107.0576,107.0668,107.0496,0.0172
A5-DC,tj_180,a_guard_side,DD,0.0057,0.0051,0.0063,95.8368,95.8396,95.8345,0.0051
A5-DC,case_ss,a_guard_side,DD,0.0057,0.0051,0.0063,105.6945,105.7242,105.6682,0.0560
A5-DC,dl_case,a_guard_side,DD,0.0057,0.0051,0.0063,87.2107,87.2442,87.1815,0.0626
A5-DC,surf5,a_guard_side,DD,0.0057,0.0051,0.0063,32.2864,32.5995,32.0075,0.5920
A5-DC,petg_ss,a_guard_side,DD,0.0057,0.0051,0.0063,65.9812,66.7144,65.3163,1.3982
A5-DC,petg_ss50,a_guard_side,DD,0.0057,0.0051,0.0063,58.7059,58.7073,58.7046,0.0026
A5-DC,dl_petg,a_guard_side,DD,0.0057,0.0051,0.0063,60.0510,60.0526,60.0496,0.0030
A5-DC,fr4_ss,a_guard_side,DD,0.0057,0.0051,0.0063,74.8219,74.8339,74.8114,0.0225
A5-DC,bay_ss,a_guard_side,DD,0.0057,0.0051,0.0063,67.0532,67.0557,67.0510,0.0046
A5-DC,dl_bay,a_guard_side,DD,0.0057,0.0051,0.0063,61.3851,61.3874,61.3830,0.0045
A5-DC,cell30,a_guard_side,DD,0.0057,0.0051,0.0063,50.6750,50.6750,50.6750,0.0001
A5-DC,main30,a_guard_side,DD,0.0057,0.0051,0.0063,54.9195,54.9196,54.9193,0.0003
A5-DC,cell_ss50,a_guard_side,DD,0.0057,0.0051,0.0063,57.5206,57.5208,57.5204,0.0004
A5-DC,dl_cell,a_guard_side,DD,0.0057,0.0051,0.0063,58.8751,58.8754,58.8749,0.0005
A5-DC,dl_main,a_guard_side,DD,0.0057,0.0051,0.0063,57.7868,57.7871,57.7865,0.0006
A5-DC,tj_ss,guard_solid,E,0.5000,0.4000,0.6500,125.9480,126.0512,125.8504,0.2008
A5-DC,tj_pk50,guard_solid,E,0.5000,0.4000,0.6500,104.3873,104.4885,104.2976,0.1909
A5-DC,tj_300,guard_solid,E,0.5000,0.4000,0.6500,107.0576,107.0905,107.0288,0.0617
A5-DC,tj_180,guard_solid,E,0.5000,0.4000,0.6500,95.8368,95.8467,95.8284,0.0183
A5-DC,case_ss,guard_solid,E,0.5000,0.4000,0.6500,105.6945,105.7977,105.5968,0.2008
A5-DC,dl_case,guard_solid,E,0.5000,0.4000,0.6500,87.2107,87.3284,87.1049,0.2235
A5-DC,surf5,guard_solid,E,0.5000,0.4000,0.6500,32.2864,33.3695,31.2257,2.1439
A5-DC,petg_ss,guard_solid,E,0.5000,0.4000,0.6500,65.9812,68.4596,64.9534,3.5062
A5-DC,petg_ss50,guard_solid,E,0.5000,0.4000,0.6500,58.7059,58.7108,58.7015,0.0093
A5-DC,dl_petg,guard_solid,E,0.5000,0.4000,0.6500,60.0510,60.3672,60.0459,0.3214
A5-DC,fr4_ss,guard_solid,E,0.5000,0.4000,0.6500,74.8219,74.8634,74.7827,0.0808
A5-DC,bay_ss,guard_solid,E,0.5000,0.4000,0.6500,67.0532,67.0618,67.0451,0.0166
A5-DC,dl_bay,guard_solid,E,0.5000,0.4000,0.6500,61.3851,61.3934,61.3775,0.0159
A5-DC,cell30,guard_solid,E,0.5000,0.4000,0.6500,50.6750,50.6751,50.6749,0.0002
A5-DC,main30,guard_solid,E,0.5000,0.4000,0.6500,54.9195,54.9200,54.9190,0.0010
A5-DC,cell_ss50,guard_solid,E,0.5000,0.4000,0.6500,57.5206,57.5213,57.5199,0.0015
A5-DC,dl_cell,guard_solid,E,0.5000,0.4000,0.6500,58.8751,58.8760,58.8743,0.0017
A5-DC,dl_main,guard_solid,E,0.5000,0.4000,0.6500,57.7868,57.7879,57.7858,0.0022
A5-DC,tj_ss,v_g,E,0.4500,0.3000,0.6000,125.9480,125.5130,126.4423,0.9292
A5-DC,tj_pk50,v_g,E,0.4500,0.3000,0.6000,104.3873,103.9244,104.9118,0.9874
A5-DC,tj_300,v_g,E,0.4500,0.3000,0.6000,107.0576,106.9541,107.1766,0.2225
A5-DC,tj_180,v_g,E,0.4500,0.3000,0.6000,95.8368,95.8071,95.8713,0.0642
A5-DC,case_ss,v_g,E,0.4500,0.3000,0.6000,105.6945,105.2595,106.1887,0.9292
A5-DC,dl_case,v_g,E,0.4500,0.3000,0.6000,87.2107,86.6815,87.8102,1.1287
A5-DC,surf5,v_g,E,0.4500,0.3000,0.6000,32.2864,31.2164,33.3036,2.0872
A5-DC,petg_ss,v_g,E,0.4500,0.3000,0.6000,65.9812,64.9343,68.5517,3.6174
A5-DC,petg_ss50,v_g,E,0.4500,0.3000,0.6000,58.7059,58.6832,58.7315,0.0483
A5-DC,dl_petg,v_g,E,0.4500,0.3000,0.6000,60.0510,60.0253,60.4586,0.4332
A5-DC,fr4_ss,v_g,E,0.4500,0.3000,0.6000,74.8219,74.6473,75.0211,0.3738
A5-DC,bay_ss,v_g,E,0.4500,0.3000,0.6000,67.0532,67.0172,67.0943,0.0770
A5-DC,dl_bay,v_g,E,0.4500,0.3000,0.6000,61.3851,61.3474,61.4278,0.0804
A5-DC,cell30,v_g,E,0.4500,0.3000,0.6000,50.6750,50.6746,50.6754,0.0008
A5-DC,main30,v_g,E,0.4500,0.3000,0.6000,54.9195,54.9172,54.9220,0.0047
A5-DC,cell_ss50,v_g,E,0.4500,0.3000,0.6000,57.5206,57.5170,57.5246,0.0076
A5-DC,dl_cell,v_g,E,0.4500,0.3000,0.6000,58.8751,58.8711,58.8797,0.0086
A5-DC,dl_main,v_g,E,0.4500,0.3000,0.6000,57.7868,57.7817,57.7926,0.0109
A5-DC,tj_ss,h_gc,E,5.0000,3.0000,8.0000,125.9480,125.8060,126.1616,0.3556
A5-DC,tj_pk50,h_gc,E,5.0000,3.0000,8.0000,104.3873,104.1930,104.6828,0.4898
A5-DC,tj_300,h_gc,E,5.0000,3.0000,8.0000,107.0576,106.9971,107.1541,0.1570
A5-DC,tj_180,h_gc,E,5.0000,3.0000,8.0000,95.8368,95.8176,95.8684,0.0507
A5-DC,case_ss,h_gc,E,5.0000,3.0000,8.0000,105.6945,105.5525,105.9081,0.3556
A5-DC,dl_case,h_gc,E,5.0000,3.0000,8.0000,87.2107,86.9980,87.5337,0.5356
A5-DC,surf5,h_gc,E,5.0000,3.0000,8.0000,32.2864,31.8402,32.8691,1.0289
A5-DC,petg_ss,h_gc,E,5.0000,3.0000,8.0000,65.9812,65.7692,66.2924,0.5232
A5-DC,petg_ss50,h_gc,E,5.0000,3.0000,8.0000,58.7059,58.6963,58.7203,0.0240
A5-DC,dl_petg,h_gc,E,5.0000,3.0000,8.0000,60.0510,60.0407,60.0667,0.0260
A5-DC,fr4_ss,h_gc,E,5.0000,3.0000,8.0000,74.8219,74.7649,74.9079,0.1430
A5-DC,bay_ss,h_gc,E,5.0000,3.0000,8.0000,67.0532,67.0415,67.0709,0.0295
A5-DC,dl_bay,h_gc,E,5.0000,3.0000,8.0000,61.3851,61.3699,61.4081,0.0382
A5-DC,cell30,h_gc,E,5.0000,3.0000,8.0000,50.6750,50.6748,50.6753,0.0005
A5-DC,main30,h_gc,E,5.0000,3.0000,8.0000,54.9195,54.9184,54.9211,0.0027
A5-DC,cell_ss50,h_gc,E,5.0000,3.0000,8.0000,57.5206,57.5191,57.5228,0.0038
A5-DC,dl_cell,h_gc,E,5.0000,3.0000,8.0000,58.8751,58.8735,58.8776,0.0041
A5-DC,dl_main,h_gc,E,5.0000,3.0000,8.0000,57.7868,57.7847,57.7899,0.0052
A5-DC,tj_ss,a_ef,DD,0.0028,0.0025,0.0031,125.9480,125.9480,125.9480,0.0000
A5-DC,tj_pk50,a_ef,DD,0.0028,0.0025,0.0031,104.3873,104.3873,104.3873,0.0000
A5-DC,tj_300,a_ef,DD,0.0028,0.0025,0.0031,107.0576,107.0576,107.0576,0.0000
A5-DC,tj_180,a_ef,DD,0.0028,0.0025,0.0031,95.8368,95.8368,95.8368,0.0000
A5-DC,case_ss,a_ef,DD,0.0028,0.0025,0.0031,105.6945,105.6945,105.6945,0.0000
A5-DC,dl_case,a_ef,DD,0.0028,0.0025,0.0031,87.2107,87.2107,87.2107,0.0000
A5-DC,surf5,a_ef,DD,0.0028,0.0025,0.0031,32.2864,32.2864,32.2864,0.0000
A5-DC,petg_ss,a_ef,DD,0.0028,0.0025,0.0031,65.9812,65.9812,65.9812,0.0000
A5-DC,petg_ss50,a_ef,DD,0.0028,0.0025,0.0031,58.7059,58.7059,58.7059,0.0000
A5-DC,dl_petg,a_ef,DD,0.0028,0.0025,0.0031,60.0510,60.0510,60.0510,0.0000
A5-DC,fr4_ss,a_ef,DD,0.0028,0.0025,0.0031,74.8219,74.8219,74.8219,0.0000
A5-DC,bay_ss,a_ef,DD,0.0028,0.0025,0.0031,67.0532,67.0532,67.0532,0.0000
A5-DC,dl_bay,a_ef,DD,0.0028,0.0025,0.0031,61.3851,61.3851,61.3851,0.0000
A5-DC,cell30,a_ef,DD,0.0028,0.0025,0.0031,50.6750,50.6750,50.6750,0.0000
A5-DC,main30,a_ef,DD,0.0028,0.0025,0.0031,54.9195,54.9195,54.9195,0.0000
A5-DC,cell_ss50,a_ef,DD,0.0028,0.0025,0.0031,57.5206,57.5206,57.5206,0.0000
A5-DC,dl_cell,a_ef,DD,0.0028,0.0025,0.0031,58.8751,58.8751,58.8751,0.0000
A5-DC,dl_main,a_ef,DD,0.0028,0.0025,0.0031,57.7868,57.7868,57.7868,0.0000
A5-DC,tj_ss,a_ew,DD,0.0029,0.0027,0.0032,125.9480,125.9906,125.9070,0.0836
A5-DC,tj_pk50,a_ew,DD,0.0029,0.0027,0.0032,104.3873,104.4411,104.3353,0.1058
A5-DC,tj_300,a_ew,DD,0.0029,0.0027,0.0032,107.0576,107.0940,107.0218,0.0723
A5-DC,tj_180,a_ew,DD,0.0029,0.0027,0.0032,95.8368,95.8535,95.8203,0.0332
A5-DC,case_ss,a_ew,DD,0.0029,0.0027,0.0032,105.6945,105.7371,105.6535,0.0836
A5-DC,dl_case,a_ew,DD,0.0029,0.0027,0.0032,87.2107,87.2711,87.1523,0.1188
A5-DC,surf5,a_ew,DD,0.0029,0.0027,0.0032,32.2864,32.2927,32.2801,0.0127
A5-DC,petg_ss,a_ew,DD,0.0029,0.0027,0.0032,65.9812,66.0071,65.9562,0.0510
A5-DC,petg_ss50,a_ew,DD,0.0029,0.0027,0.0032,58.7059,58.6891,58.7207,0.0317
A5-DC,dl_petg,a_ew,DD,0.0029,0.0027,0.0032,60.0510,60.0284,60.0713,0.0429
A5-DC,fr4_ss,a_ew,DD,0.0029,0.0027,0.0032,74.8219,75.3491,74.3761,0.9730
A5-DC,bay_ss,a_ew,DD,0.0029,0.0027,0.0032,67.0532,66.9976,67.1040,0.1064
A5-DC,dl_bay,a_ew,DD,0.0029,0.0027,0.0032,61.3851,61.3519,61.4148,0.0629
A5-DC,cell30,a_ew,DD,0.0029,0.0027,0.0032,50.6750,50.6765,50.6734,0.0032
A5-DC,main30,a_ew,DD,0.0029,0.0027,0.0032,54.9195,54.9213,54.9174,0.0039
A5-DC,cell_ss50,a_ew,DD,0.0029,0.0027,0.0032,57.5206,57.5179,57.5229,0.0050
A5-DC,dl_cell,a_ew,DD,0.0029,0.0027,0.0032,58.8751,58.8716,58.8783,0.0067
A5-DC,dl_main,a_ew,DD,0.0029,0.0027,0.0032,57.7868,57.7823,57.7908,0.0085
A5-DC,tj_ss,t_ew_fr4,E,0.0016,0.0008,0.0016,125.9480,125.9463,125.9480,0.0017
A5-DC,tj_pk50,t_ew_fr4,E,0.0016,0.0008,0.0016,104.3873,104.3855,104.3873,0.0018
A5-DC,tj_300,t_ew_fr4,E,0.0016,0.0008,0.0016,107.0576,107.1491,107.0576,0.0916
A5-DC,tj_180,t_ew_fr4,E,0.0016,0.0008,0.0016,95.8368,95.8720,95.8368,0.0352
A5-DC,case_ss,t_ew_fr4,E,0.0016,0.0008,0.0016,105.6945,105.6928,105.6945,0.0017
A5-DC,dl_case,t_ew_fr4,E,0.0016,0.0008,0.0016,87.2107,87.2087,87.2107,0.0020
A5-DC,surf5,t_ew_fr4,E,0.0016,0.0008,0.0016,32.2864,32.3003,32.2864,0.0139
A5-DC,petg_ss,t_ew_fr4,E,0.0016,0.0008,0.0016,65.9812,65.9802,65.9812,0.0010
A5-DC,petg_ss50,t_ew_fr4,E,0.0016,0.0008,0.0016,58.7059,58.7088,58.7059,0.0029
A5-DC,dl_petg,t_ew_fr4,E,0.0016,0.0008,0.0016,60.0510,60.0546,60.0510,0.0036
A5-DC,fr4_ss,t_ew_fr4,E,0.0016,0.0008,0.0016,74.8219,74.6124,74.8219,0.2095
A5-DC,bay_ss,t_ew_fr4,E,0.0016,0.0008,0.0016,67.0532,67.0614,67.0532,0.0082
A5-DC,dl_bay,t_ew_fr4,E,0.0016,0.0008,0.0016,61.3851,61.3903,61.3851,0.0052
A5-DC,cell30,t_ew_fr4,E,0.0016,0.0008,0.0016,50.6750,50.6890,50.6750,0.0141
A5-DC,main30,t_ew_fr4,E,0.0016,0.0008,0.0016,54.9195,54.9506,54.9195,0.0312
A5-DC,cell_ss50,t_ew_fr4,E,0.0016,0.0008,0.0016,57.5206,57.5210,57.5206,0.0005
A5-DC,dl_cell,t_ew_fr4,E,0.0016,0.0008,0.0016,58.8751,58.8757,58.8751,0.0006
A5-DC,dl_main,t_ew_fr4,E,0.0016,0.0008,0.0016,57.7868,57.7875,57.7868,0.0007
A5-DC,tj_ss,a_bw_gross,DD,0.0029,0.0026,0.0032,125.9480,125.9519,125.9442,0.0078
A5-DC,tj_pk50,a_bw_gross,DD,0.0029,0.0026,0.0032,104.3873,104.3934,104.3813,0.0122
A5-DC,tj_300,a_bw_gross,DD,0.0029,0.0026,0.0032,107.0576,107.0578,107.0573,0.0006
A5-DC,tj_180,a_bw_gross,DD,0.0029,0.0026,0.0032,95.8368,95.8369,95.8368,0.0001
A5-DC,case_ss,a_bw_gross,DD,0.0029,0.0026,0.0032,105.6945,105.6984,105.6907,0.0078
A5-DC,dl_case,a_bw_gross,DD,0.0029,0.0026,0.0032,87.2107,87.2170,87.2045,0.0125
A5-DC,surf5,a_bw_gross,DD,0.0029,0.0026,0.0032,32.2864,32.2864,32.2863,0.0001
A5-DC,petg_ss,a_bw_gross,DD,0.0029,0.0026,0.0032,65.9812,65.9835,65.9789,0.0046
A5-DC,petg_ss50,a_bw_gross,DD,0.0029,0.0026,0.0032,58.7059,58.8115,58.6021,0.2094
A5-DC,dl_petg,a_bw_gross,DD,0.0029,0.0026,0.0032,60.0510,60.1649,59.9392,0.2256
A5-DC,fr4_ss,a_bw_gross,DD,0.0029,0.0026,0.0032,74.8219,74.9461,74.6999,0.2461
A5-DC,bay_ss,a_bw_gross,DD,0.0029,0.0026,0.0032,67.0532,67.2591,66.8507,0.4084
A5-DC,dl_bay,a_bw_gross,DD,0.0029,0.0026,0.0032,61.3851,61.5519,61.2212,0.3307
A5-DC,cell30,a_bw_gross,DD,0.0029,0.0026,0.0032,50.6750,50.6792,50.6708,0.0083
A5-DC,main30,a_bw_gross,DD,0.0029,0.0026,0.0032,54.9195,54.9348,54.9044,0.0305
A5-DC,cell_ss50,a_bw_gross,DD,0.0029,0.0026,0.0032,57.5206,57.5372,57.5042,0.0330
A5-DC,dl_cell,a_bw_gross,DD,0.0029,0.0026,0.0032,58.8751,58.8929,58.8576,0.0354
A5-DC,dl_main,a_bw_gross,DD,0.0029,0.0026,0.0032,57.7868,57.8093,57.7646,0.0447
A5-DC,tj_ss,bw_solid,E,0.8000,0.7000,0.9000,125.9480,125.9529,125.9432,0.0097
A5-DC,tj_pk50,bw_solid,E,0.8000,0.7000,0.9000,104.3873,104.3950,104.3797,0.0153
A5-DC,tj_300,bw_solid,E,0.8000,0.7000,0.9000,107.0576,107.0579,107.0572,0.0007
A5-DC,tj_180,bw_solid,E,0.8000,0.7000,0.9000,95.8368,95.8369,95.8367,0.0001
A5-DC,case_ss,bw_solid,E,0.8000,0.7000,0.9000,105.6945,105.6994,105.6897,0.0097
A5-DC,dl_case,bw_solid,E,0.8000,0.7000,0.9000,87.2107,87.2186,87.2029,0.0157
A5-DC,surf5,bw_solid,E,0.8000,0.7000,0.9000,32.2864,32.2864,32.2863,0.0001
A5-DC,petg_ss,bw_solid,E,0.8000,0.7000,0.9000,65.9812,65.9841,65.9784,0.0057
A5-DC,petg_ss50,bw_solid,E,0.8000,0.7000,0.9000,58.7059,58.8387,58.5761,0.2627
A5-DC,dl_petg,bw_solid,E,0.8000,0.7000,0.9000,60.0510,60.1941,59.9111,0.2830
A5-DC,fr4_ss,bw_solid,E,0.8000,0.7000,0.9000,74.8219,74.9780,74.6692,0.3088
A5-DC,bay_ss,bw_solid,E,0.8000,0.7000,0.9000,67.0532,67.3120,66.7997,0.5123
A5-DC,dl_bay,bw_solid,E,0.8000,0.7000,0.9000,61.3851,61.5948,61.1800,0.4148
A5-DC,cell30,bw_solid,E,0.8000,0.7000,0.9000,50.6750,50.6803,50.6698,0.0105
A5-DC,main30,bw_solid,E,0.8000,0.7000,0.9000,54.9195,54.9388,54.9006,0.0382
A5-DC,cell_ss50,bw_solid,E,0.8000,0.7000,0.9000,57.5206,57.5415,57.5001,0.0414
A5-DC,dl_cell,bw_solid,E,0.8000,0.7000,0.9000,58.8751,58.8975,58.8532,0.0444
A5-DC,dl_main,bw_solid,E,0.8000,0.7000,0.9000,57.7868,57.8151,57.7590,0.0561
A5-DC,tj_ss,a_bh,DD,0.0025,0.0022,0.0027,125.9480,125.9487,125.9473,0.0014
A5-DC,tj_pk50,a_bh,DD,0.0025,0.0022,0.0027,104.3873,104.3881,104.3865,0.0017
A5-DC,tj_300,a_bh,DD,0.0025,0.0022,0.0027,107.0576,107.0578,107.0573,0.0005
A5-DC,tj_180,a_bh,DD,0.0025,0.0022,0.0027,95.8368,95.8369,95.8368,0.0001
A5-DC,case_ss,a_bh,DD,0.0025,0.0022,0.0027,105.6945,105.6952,105.6938,0.0014
A5-DC,dl_case,a_bh,DD,0.0025,0.0022,0.0027,87.2107,87.2117,87.2098,0.0019
A5-DC,surf5,a_bh,DD,0.0025,0.0022,0.0027,32.2864,32.2864,32.2863,0.0001
A5-DC,petg_ss,a_bh,DD,0.0025,0.0022,0.0027,65.9812,65.9816,65.9808,0.0008
A5-DC,petg_ss50,a_bh,DD,0.0025,0.0022,0.0027,58.7059,58.7148,58.6971,0.0177
A5-DC,dl_petg,a_bh,DD,0.0025,0.0022,0.0027,60.0510,60.0615,60.0407,0.0208
A5-DC,fr4_ss,a_bh,DD,0.0025,0.0022,0.0027,74.8219,74.8441,74.8002,0.0439
A5-DC,bay_ss,a_bh,DD,0.0025,0.0022,0.0027,67.0532,67.0900,67.0171,0.0729
A5-DC,dl_bay,a_bh,DD,0.0025,0.0022,0.0027,61.3851,61.4101,61.3605,0.0496
A5-DC,cell30,a_bh,DD,0.0025,0.0022,0.0027,50.6750,50.6787,50.6712,0.0075
A5-DC,main30,a_bh,DD,0.0025,0.0022,0.0027,54.9195,54.9175,54.9211,0.0036
A5-DC,cell_ss50,a_bh,DD,0.0025,0.0022,0.0027,57.5206,57.5113,57.5297,0.0184
A5-DC,dl_cell,a_bh,DD,0.0025,0.0022,0.0027,58.8751,58.8637,58.8863,0.0226
A5-DC,dl_main,a_bh,DD,0.0025,0.0022,0.0027,57.7868,57.7723,57.8009,0.0286
A5-DC,tj_ss,t_bh,E,0.0012,0.0010,0.0014,125.9480,125.9480,125.9481,0.0001
A5-DC,tj_pk50,t_bh,E,0.0012,0.0010,0.0014,104.3873,104.3872,104.3873,0.0001
A5-DC,tj_300,t_bh,E,0.0012,0.0010,0.0014,107.0576,107.0577,107.0575,0.0002
A5-DC,tj_180,t_bh,E,0.0012,0.0010,0.0014,95.8368,95.8368,95.8368,0.0000
A5-DC,case_ss,t_bh,E,0.0012,0.0010,0.0014,105.6945,105.6944,105.6945,0.0001
A5-DC,dl_case,t_bh,E,0.0012,0.0010,0.0014,87.2107,87.2106,87.2108,0.0001
A5-DC,surf5,t_bh,E,0.0012,0.0010,0.0014,32.2864,32.2864,32.2864,0.0000
A5-DC,petg_ss,t_bh,E,0.0012,0.0010,0.0014,65.9812,65.9812,65.9812,0.0001
A5-DC,petg_ss50,t_bh,E,0.0012,0.0010,0.0014,58.7059,58.6977,58.7139,0.0161
A5-DC,dl_petg,t_bh,E,0.0012,0.0010,0.0014,60.0510,60.0411,60.0608,0.0198
A5-DC,fr4_ss,t_bh,E,0.0012,0.0010,0.0014,74.8219,74.8204,74.8235,0.0031
A5-DC,bay_ss,t_bh,E,0.0012,0.0010,0.0014,67.0532,67.0506,67.0558,0.0051
A5-DC,dl_bay,t_bh,E,0.0012,0.0010,0.0014,61.3851,61.3833,61.3867,0.0034
A5-DC,cell30,t_bh,E,0.0012,0.0010,0.0014,50.6750,50.6882,50.6623,0.0259
A5-DC,main30,t_bh,E,0.0012,0.0010,0.0014,54.9195,54.9435,54.8942,0.0493
A5-DC,cell_ss50,t_bh,E,0.0012,0.0010,0.0014,57.5206,57.5212,57.5199,0.0013
A5-DC,dl_cell,t_bh,E,0.0012,0.0010,0.0014,58.8751,58.8759,58.8743,0.0015
A5-DC,dl_main,t_bh,E,0.0012,0.0010,0.0014,57.7868,57.7878,57.7858,0.0020
A5-DC,tj_ss,gap_bh,E,0.0030,0.0020,0.0040,125.9480,125.9477,125.9482,0.0006
A5-DC,tj_pk50,gap_bh,E,0.0030,0.0020,0.0040,104.3873,104.3869,104.3876,0.0007
A5-DC,tj_300,gap_bh,E,0.0030,0.0020,0.0040,107.0576,107.0575,107.0576,0.0000
A5-DC,tj_180,gap_bh,E,0.0030,0.0020,0.0040,95.8368,95.8368,95.8368,0.0000
A5-DC,case_ss,gap_bh,E,0.0030,0.0020,0.0040,105.6945,105.6942,105.6947,0.0006
A5-DC,dl_case,gap_bh,E,0.0030,0.0020,0.0040,87.2107,87.2102,87.2110,0.0008
A5-DC,surf5,gap_bh,E,0.0030,0.0020,0.0040,32.2864,32.2864,32.2864,0.0000
A5-DC,petg_ss,gap_bh,E,0.0030,0.0020,0.0040,65.9812,65.9810,65.9813,0.0003
A5-DC,petg_ss50,gap_bh,E,0.0030,0.0020,0.0040,58.7059,58.6470,58.7471,0.1001
A5-DC,dl_petg,gap_bh,E,0.0030,0.0020,0.0040,60.0510,59.9795,60.1010,0.1215
A5-DC,fr4_ss,gap_bh,E,0.0030,0.0020,0.0040,74.8219,74.8111,74.8294,0.0183
A5-DC,bay_ss,gap_bh,E,0.0030,0.0020,0.0040,67.0532,67.0353,67.0657,0.0304
A5-DC,dl_bay,gap_bh,E,0.0030,0.0020,0.0040,61.3851,61.3728,61.3936,0.0208
A5-DC,cell30,gap_bh,E,0.0030,0.0020,0.0040,50.6750,50.6770,50.6736,0.0035
A5-DC,main30,gap_bh,E,0.0030,0.0020,0.0040,54.9195,54.9262,54.9148,0.0114
A5-DC,cell_ss50,gap_bh,E,0.0030,0.0020,0.0040,57.5206,57.5251,57.5174,0.0078
A5-DC,dl_cell,gap_bh,E,0.0030,0.0020,0.0040,58.8751,58.8807,58.8712,0.0095
A5-DC,dl_main,gap_bh,E,0.0030,0.0020,0.0040,57.7868,57.7938,57.7818,0.0120
A5-DC,tj_ss,a_mw,E,0.0262,0.0210,0.0314,125.9480,125.9577,125.9407,0.0170
A5-DC,tj_pk50,a_mw,E,0.0262,0.0210,0.0314,104.3873,104.4044,104.3743,0.0301
A5-DC,tj_300,a_mw,E,0.0262,0.0210,0.0314,107.0576,107.0576,107.0575,0.0001
A5-DC,tj_180,a_mw,E,0.0262,0.0210,0.0314,95.8368,95.8368,95.8368,0.0000
A5-DC,case_ss,a_mw,E,0.0262,0.0210,0.0314,105.6945,105.7042,105.6871,0.0170
A5-DC,dl_case,a_mw,E,0.0262,0.0210,0.0314,87.2107,87.2277,87.1978,0.0299
A5-DC,surf5,a_mw,E,0.0262,0.0210,0.0314,32.2864,32.2864,32.2864,0.0000
A5-DC,petg_ss,a_mw,E,0.0262,0.0210,0.0314,65.9812,66.2504,65.9769,0.2735
A5-DC,petg_ss50,a_mw,E,0.0262,0.0210,0.0314,58.7059,59.7157,57.9462,1.7695
A5-DC,dl_petg,a_mw,E,0.0262,0.0210,0.0314,60.0510,61.1208,59.2450,1.8758
A5-DC,fr4_ss,a_mw,E,0.0262,0.0210,0.0314,74.8219,75.1294,74.5883,0.5411
A5-DC,bay_ss,a_mw,E,0.0262,0.0210,0.0314,67.0532,67.5629,66.6653,0.8976
A5-DC,dl_bay,a_mw,E,0.0262,0.0210,0.0314,61.3851,61.8343,61.0448,0.7895
A5-DC,cell30,a_mw,E,0.0262,0.0210,0.0314,50.6750,51.1140,50.3166,0.7974
A5-DC,main30,a_mw,E,0.0262,0.0210,0.0314,54.9195,56.2817,53.8387,2.4430
A5-DC,cell_ss50,a_mw,E,0.0262,0.0210,0.0314,57.5206,59.1225,56.3211,2.8015
A5-DC,dl_cell,a_mw,E,0.0262,0.0210,0.0314,58.8751,60.5917,57.5874,3.0043
A5-DC,dl_main,a_mw,E,0.0262,0.0210,0.0314,57.7868,59.9142,56.1817,3.7326
A5-DC,tj_ss,eps_out,E,0.9000,0.8500,0.9500,125.9480,125.9776,125.9195,0.0581
A5-DC,tj_pk50,eps_out,E,0.9000,0.8500,0.9500,104.3873,104.4215,104.3544,0.0671
A5-DC,tj_300,eps_out,E,0.9000,0.8500,0.9500,107.0576,107.0602,107.0550,0.0052
A5-DC,tj_180,eps_out,E,0.9000,0.8500,0.9500,95.8368,95.8373,95.8363,0.0010
A5-DC,case_ss,eps_out,E,0.9000,0.8500,0.9500,105.6945,105.7241,105.6660,0.0581
A5-DC,dl_case,eps_out,E,0.9000,0.8500,0.9500,87.2107,87.2491,87.1738,0.0753
A5-DC,surf5,eps_out,E,0.9000,0.8500,0.9500,32.2864,32.3535,32.2202,0.1333
A5-DC,petg_ss,eps_out,E,0.9000,0.8500,0.9500,65.9812,66.3342,65.6416,0.6926
A5-DC,petg_ss50,eps_out,E,0.9000,0.8500,0.9500,58.7059,58.7947,58.6221,0.1726
A5-DC,dl_petg,eps_out,E,0.9000,0.8500,0.9500,60.0510,60.1458,59.9616,0.1842
A5-DC,fr4_ss,eps_out,E,0.9000,0.8500,0.9500,74.8219,74.8742,74.7722,0.1020
A5-DC,bay_ss,eps_out,E,0.9000,0.8500,0.9500,67.0532,67.1234,66.9867,0.1367
A5-DC,dl_bay,eps_out,E,0.9000,0.8500,0.9500,61.3851,61.4447,61.3286,0.1161
A5-DC,cell30,eps_out,E,0.9000,0.8500,0.9500,50.6750,50.7069,50.6444,0.0625
A5-DC,main30,eps_out,E,0.9000,0.8500,0.9500,54.9195,54.9967,54.8457,0.1510
A5-DC,cell_ss50,eps_out,E,0.9000,0.8500,0.9500,57.5206,57.6757,57.3748,0.3009
A5-DC,dl_cell,eps_out,E,0.9000,0.8500,0.9500,58.8751,59.0422,58.7181,0.3241
A5-DC,dl_main,eps_out,E,0.9000,0.8500,0.9500,57.7868,57.9416,57.6412,0.3004
A5-DC,tj_ss,eps_in,E,0.8000,0.7000,0.9000,125.9480,125.9652,125.9325,0.0327
A5-DC,tj_pk50,eps_in,E,0.8000,0.7000,0.9000,104.3873,104.4075,104.3690,0.0385
A5-DC,tj_300,eps_in,E,0.8000,0.7000,0.9000,107.0576,107.0554,107.0596,0.0043
A5-DC,tj_180,eps_in,E,0.8000,0.7000,0.9000,95.8368,95.8358,95.8377,0.0019
A5-DC,case_ss,eps_in,E,0.8000,0.7000,0.9000,105.6945,105.7117,105.6790,0.0327
A5-DC,dl_case,eps_in,E,0.8000,0.7000,0.9000,87.2107,87.2336,87.1900,0.0436
A5-DC,surf5,eps_in,E,0.8000,0.7000,0.9000,32.2864,32.2860,32.2867,0.0006
A5-DC,petg_ss,eps_in,E,0.8000,0.7000,0.9000,65.9812,65.9914,65.9721,0.0193
A5-DC,petg_ss50,eps_in,E,0.8000,0.7000,0.9000,58.7059,58.9266,58.5189,0.4077
A5-DC,dl_petg,eps_in,E,0.8000,0.7000,0.9000,60.0510,60.2788,59.8585,0.4202
A5-DC,fr4_ss,eps_in,E,0.8000,0.7000,0.9000,74.8219,75.3680,74.3296,1.0383
A5-DC,bay_ss,eps_in,E,0.8000,0.7000,0.9000,67.0532,67.2259,66.8969,0.3290
A5-DC,dl_bay,eps_in,E,0.8000,0.7000,0.9000,61.3851,61.5376,61.2477,0.2899
A5-DC,cell30,eps_in,E,0.8000,0.7000,0.9000,50.6750,50.7437,50.6149,0.1287
A5-DC,main30,eps_in,E,0.8000,0.7000,0.9000,54.9195,55.2330,54.6475,0.5855
A5-DC,cell_ss50,eps_in,E,0.8000,0.7000,0.9000,57.5206,57.7419,57.3306,0.4113
A5-DC,dl_cell,eps_in,E,0.8000,0.7000,0.9000,58.8751,59.1100,58.6736,0.4364
A5-DC,dl_main,eps_in,E,0.8000,0.7000,0.9000,57.7868,58.2227,57.4122,0.8104
A5-DC,tj_ss,eps_bh,E,0.8200,0.7500,0.9000,125.9480,125.9481,125.9480,0.0001
A5-DC,tj_pk50,eps_bh,E,0.8200,0.7500,0.9000,104.3873,104.3874,104.3872,0.0001
A5-DC,tj_300,eps_bh,E,0.8200,0.7500,0.9000,107.0576,107.0576,107.0576,0.0000
A5-DC,tj_180,eps_bh,E,0.8200,0.7500,0.9000,95.8368,95.8368,95.8368,0.0000
A5-DC,case_ss,eps_bh,E,0.8200,0.7500,0.9000,105.6945,105.6946,105.6944,0.0001
A5-DC,dl_case,eps_bh,E,0.8200,0.7500,0.9000,87.2107,87.2108,87.2106,0.0002
A5-DC,surf5,eps_bh,E,0.8200,0.7500,0.9000,32.2864,32.2864,32.2864,0.0000
A5-DC,petg_ss,eps_bh,E,0.8200,0.7500,0.9000,65.9812,65.9812,65.9812,0.0001
A5-DC,petg_ss50,eps_bh,E,0.8200,0.7500,0.9000,58.7059,58.7151,58.6959,0.0193
A5-DC,dl_petg,eps_bh,E,0.8200,0.7500,0.9000,60.0510,60.0624,60.0388,0.0236
A5-DC,fr4_ss,eps_bh,E,0.8200,0.7500,0.9000,74.8219,74.8237,74.8200,0.0037
A5-DC,bay_ss,eps_bh,E,0.8200,0.7500,0.9000,67.0532,67.0562,67.0500,0.0062
A5-DC,dl_bay,eps_bh,E,0.8200,0.7500,0.9000,61.3851,61.3870,61.3830,0.0041
A5-DC,cell30,eps_bh,E,0.8200,0.7500,0.9000,50.6750,50.6747,50.6753,0.0006
A5-DC,main30,eps_bh,E,0.8200,0.7500,0.9000,54.9195,54.9184,54.9206,0.0021
A5-DC,cell_ss50,eps_bh,E,0.8200,0.7500,0.9000,57.5206,57.5198,57.5213,0.0015
A5-DC,dl_cell,eps_bh,E,0.8200,0.7500,0.9000,58.8751,58.8742,58.8761,0.0018
A5-DC,dl_main,eps_bh,E,0.8200,0.7500,0.9000,57.7868,57.7856,57.7880,0.0023
A5-DC,tj_ss,k_air,D,0.0280,0.0270,0.0290,125.9480,125.9480,125.9480,0.0001
A5-DC,tj_pk50,k_air,D,0.0280,0.0270,0.0290,104.3873,104.3873,104.3873,0.0001
A5-DC,tj_300,k_air,D,0.0280,0.0270,0.0290,107.0576,107.0576,107.0576,0.0000
A5-DC,tj_180,k_air,D,0.0280,0.0270,0.0290,95.8368,95.8368,95.8368,0.0000
A5-DC,case_ss,k_air,D,0.0280,0.0270,0.0290,105.6945,105.6945,105.6945,0.0001
A5-DC,dl_case,k_air,D,0.0280,0.0270,0.0290,87.2107,87.2107,87.2107,0.0001
A5-DC,surf5,k_air,D,0.0280,0.0270,0.0290,32.2864,32.2864,32.2864,0.0000
A5-DC,petg_ss,k_air,D,0.0280,0.0270,0.0290,65.9812,65.9812,65.9812,0.0000
A5-DC,petg_ss50,k_air,D,0.0280,0.0270,0.0290,58.7059,58.7111,58.7007,0.0104
A5-DC,dl_petg,k_air,D,0.0280,0.0270,0.0290,60.0510,60.0574,60.0448,0.0126
A5-DC,fr4_ss,k_air,D,0.0280,0.0270,0.0290,74.8219,74.8229,74.8210,0.0019
A5-DC,bay_ss,k_air,D,0.0280,0.0270,0.0290,67.0532,67.0548,67.0517,0.0032
A5-DC,dl_bay,k_air,D,0.0280,0.0270,0.0290,61.3851,61.3862,61.3840,0.0022
A5-DC,cell30,k_air,D,0.0280,0.0270,0.0290,50.6750,50.6748,50.6752,0.0004
A5-DC,main30,k_air,D,0.0280,0.0270,0.0290,54.9195,54.9189,54.9200,0.0012
A5-DC,cell_ss50,k_air,D,0.0280,0.0270,0.0290,57.5206,57.5202,57.5210,0.0008
A5-DC,dl_cell,k_air,D,0.0280,0.0270,0.0290,58.8751,58.8746,58.8756,0.0010
A5-DC,dl_main,k_air,D,0.0280,0.0270,0.0290,57.7868,57.7861,57.7874,0.0012
A5-DC,tj_ss,gap_face,E,0.0020,0.0015,0.0030,125.9480,125.9480,125.9480,0.0000
A5-DC,tj_pk50,gap_face,E,0.0020,0.0015,0.0030,104.3873,104.3873,104.3873,0.0000
A5-DC,tj_300,gap_face,E,0.0020,0.0015,0.0030,107.0576,107.0576,107.0576,0.0000
A5-DC,tj_180,gap_face,E,0.0020,0.0015,0.0030,95.8368,95.8368,95.8368,0.0000
A5-DC,case_ss,gap_face,E,0.0020,0.0015,0.0030,105.6945,105.6945,105.6945,0.0000
A5-DC,dl_case,gap_face,E,0.0020,0.0015,0.0030,87.2107,87.2107,87.2107,0.0000
A5-DC,surf5,gap_face,E,0.0020,0.0015,0.0030,32.2864,32.2864,32.2864,0.0000
A5-DC,petg_ss,gap_face,E,0.0020,0.0015,0.0030,65.9812,65.9812,65.9812,0.0000
A5-DC,petg_ss50,gap_face,E,0.0020,0.0015,0.0030,58.7059,58.7059,58.7059,0.0000
A5-DC,dl_petg,gap_face,E,0.0020,0.0015,0.0030,60.0510,60.0510,60.0510,0.0000
A5-DC,fr4_ss,gap_face,E,0.0020,0.0015,0.0030,74.8219,74.8219,74.8219,0.0000
A5-DC,bay_ss,gap_face,E,0.0020,0.0015,0.0030,67.0532,67.0532,67.0532,0.0000
A5-DC,dl_bay,gap_face,E,0.0020,0.0015,0.0030,61.3851,61.3851,61.3851,0.0000
A5-DC,cell30,gap_face,E,0.0020,0.0015,0.0030,50.6750,50.6750,50.6750,0.0000
A5-DC,main30,gap_face,E,0.0020,0.0015,0.0030,54.9195,54.9195,54.9195,0.0000
A5-DC,cell_ss50,gap_face,E,0.0020,0.0015,0.0030,57.5206,57.5206,57.5206,0.0000
A5-DC,dl_cell,gap_face,E,0.0020,0.0015,0.0030,58.8751,58.8751,58.8751,0.0000
A5-DC,dl_main,gap_face,E,0.0020,0.0015,0.0030,57.7868,57.7868,57.7868,0.0000
A5-DC,tj_ss,h_rad_gap,E,7.0000,5.0000,8.0000,125.9480,125.9480,125.9480,0.0000
A5-DC,tj_pk50,h_rad_gap,E,7.0000,5.0000,8.0000,104.3873,104.3873,104.3873,0.0000
A5-DC,tj_300,h_rad_gap,E,7.0000,5.0000,8.0000,107.0576,107.0576,107.0576,0.0000
A5-DC,tj_180,h_rad_gap,E,7.0000,5.0000,8.0000,95.8368,95.8368,95.8368,0.0000
A5-DC,case_ss,h_rad_gap,E,7.0000,5.0000,8.0000,105.6945,105.6945,105.6945,0.0000
A5-DC,dl_case,h_rad_gap,E,7.0000,5.0000,8.0000,87.2107,87.2107,87.2107,0.0000
A5-DC,surf5,h_rad_gap,E,7.0000,5.0000,8.0000,32.2864,32.2864,32.2864,0.0000
A5-DC,petg_ss,h_rad_gap,E,7.0000,5.0000,8.0000,65.9812,65.9812,65.9812,0.0000
A5-DC,petg_ss50,h_rad_gap,E,7.0000,5.0000,8.0000,58.7059,58.7059,58.7059,0.0000
A5-DC,dl_petg,h_rad_gap,E,7.0000,5.0000,8.0000,60.0510,60.0510,60.0510,0.0000
A5-DC,fr4_ss,h_rad_gap,E,7.0000,5.0000,8.0000,74.8219,74.8219,74.8219,0.0000
A5-DC,bay_ss,h_rad_gap,E,7.0000,5.0000,8.0000,67.0532,67.0532,67.0532,0.0000
A5-DC,dl_bay,h_rad_gap,E,7.0000,5.0000,8.0000,61.3851,61.3851,61.3851,0.0000
A5-DC,cell30,h_rad_gap,E,7.0000,5.0000,8.0000,50.6750,50.6750,50.6750,0.0000
A5-DC,main30,h_rad_gap,E,7.0000,5.0000,8.0000,54.9195,54.9195,54.9195,0.0000
A5-DC,cell_ss50,h_rad_gap,E,7.0000,5.0000,8.0000,57.5206,57.5206,57.5206,0.0000
A5-DC,dl_cell,h_rad_gap,E,7.0000,5.0000,8.0000,58.8751,58.8751,58.8751,0.0000
A5-DC,dl_main,h_rad_gap,E,7.0000,5.0000,8.0000,57.7868,57.7868,57.7868,0.0000
A5-DC,tj_ss,a_gap_face,E,0.0004,0.0002,0.0006,125.9480,125.9480,125.9480,0.0000
A5-DC,tj_pk50,a_gap_face,E,0.0004,0.0002,0.0006,104.3873,104.3873,104.3873,0.0000
A5-DC,tj_300,a_gap_face,E,0.0004,0.0002,0.0006,107.0576,107.0576,107.0576,0.0000
A5-DC,tj_180,a_gap_face,E,0.0004,0.0002,0.0006,95.8368,95.8368,95.8368,0.0000
A5-DC,case_ss,a_gap_face,E,0.0004,0.0002,0.0006,105.6945,105.6945,105.6945,0.0000
A5-DC,dl_case,a_gap_face,E,0.0004,0.0002,0.0006,87.2107,87.2107,87.2107,0.0000
A5-DC,surf5,a_gap_face,E,0.0004,0.0002,0.0006,32.2864,32.2864,32.2864,0.0000
A5-DC,petg_ss,a_gap_face,E,0.0004,0.0002,0.0006,65.9812,65.9812,65.9812,0.0000
A5-DC,petg_ss50,a_gap_face,E,0.0004,0.0002,0.0006,58.7059,58.7059,58.7059,0.0000
A5-DC,dl_petg,a_gap_face,E,0.0004,0.0002,0.0006,60.0510,60.0510,60.0510,0.0000
A5-DC,fr4_ss,a_gap_face,E,0.0004,0.0002,0.0006,74.8219,74.8219,74.8219,0.0000
A5-DC,bay_ss,a_gap_face,E,0.0004,0.0002,0.0006,67.0532,67.0532,67.0532,0.0000
A5-DC,dl_bay,a_gap_face,E,0.0004,0.0002,0.0006,61.3851,61.3851,61.3851,0.0000
A5-DC,cell30,a_gap_face,E,0.0004,0.0002,0.0006,50.6750,50.6750,50.6750,0.0000
A5-DC,main30,a_gap_face,E,0.0004,0.0002,0.0006,54.9195,54.9195,54.9195,0.0000
A5-DC,cell_ss50,a_gap_face,E,0.0004,0.0002,0.0006,57.5206,57.5206,57.5206,0.0000
A5-DC,dl_cell,a_gap_face,E,0.0004,0.0002,0.0006,58.8751,58.8751,58.8751,0.0000
A5-DC,dl_main,a_gap_face,E,0.0004,0.0002,0.0006,57.7868,57.7868,57.7868,0.0000
A5-DC,tj_ss,rad_f_ef,E,0.3000,0.2000,0.4500,125.9480,125.9480,125.9480,0.0000
A5-DC,tj_pk50,rad_f_ef,E,0.3000,0.2000,0.4500,104.3873,104.3873,104.3873,0.0000
A5-DC,tj_300,rad_f_ef,E,0.3000,0.2000,0.4500,107.0576,107.0576,107.0576,0.0000
A5-DC,tj_180,rad_f_ef,E,0.3000,0.2000,0.4500,95.8368,95.8368,95.8368,0.0000
A5-DC,case_ss,rad_f_ef,E,0.3000,0.2000,0.4500,105.6945,105.6945,105.6945,0.0000
A5-DC,dl_case,rad_f_ef,E,0.3000,0.2000,0.4500,87.2107,87.2107,87.2107,0.0000
A5-DC,surf5,rad_f_ef,E,0.3000,0.2000,0.4500,32.2864,32.2864,32.2864,0.0000
A5-DC,petg_ss,rad_f_ef,E,0.3000,0.2000,0.4500,65.9812,65.9812,65.9812,0.0000
A5-DC,petg_ss50,rad_f_ef,E,0.3000,0.2000,0.4500,58.7059,58.7059,58.7059,0.0000
A5-DC,dl_petg,rad_f_ef,E,0.3000,0.2000,0.4500,60.0510,60.0510,60.0510,0.0000
A5-DC,fr4_ss,rad_f_ef,E,0.3000,0.2000,0.4500,74.8219,74.8219,74.8219,0.0000
A5-DC,bay_ss,rad_f_ef,E,0.3000,0.2000,0.4500,67.0532,67.0532,67.0532,0.0000
A5-DC,dl_bay,rad_f_ef,E,0.3000,0.2000,0.4500,61.3851,61.3851,61.3851,0.0000
A5-DC,cell30,rad_f_ef,E,0.3000,0.2000,0.4500,50.6750,50.6750,50.6750,0.0000
A5-DC,main30,rad_f_ef,E,0.3000,0.2000,0.4500,54.9195,54.9195,54.9195,0.0000
A5-DC,cell_ss50,rad_f_ef,E,0.3000,0.2000,0.4500,57.5206,57.5206,57.5206,0.0000
A5-DC,dl_cell,rad_f_ef,E,0.3000,0.2000,0.4500,58.8751,58.8751,58.8751,0.0000
A5-DC,dl_main,rad_f_ef,E,0.3000,0.2000,0.4500,57.7868,57.7868,57.7868,0.0000
A5-DC,tj_ss,rad_f_bh,E,0.4000,0.2500,0.5000,125.9480,125.9480,125.9480,0.0000
A5-DC,tj_pk50,rad_f_bh,E,0.4000,0.2500,0.5000,104.3873,104.3873,104.3873,0.0000
A5-DC,tj_300,rad_f_bh,E,0.4000,0.2500,0.5000,107.0576,107.0576,107.0576,0.0000
A5-DC,tj_180,rad_f_bh,E,0.4000,0.2500,0.5000,95.8368,95.8368,95.8368,0.0000
A5-DC,case_ss,rad_f_bh,E,0.4000,0.2500,0.5000,105.6945,105.6945,105.6945,0.0000
A5-DC,dl_case,rad_f_bh,E,0.4000,0.2500,0.5000,87.2107,87.2107,87.2107,0.0000
A5-DC,surf5,rad_f_bh,E,0.4000,0.2500,0.5000,32.2864,32.2864,32.2864,0.0000
A5-DC,petg_ss,rad_f_bh,E,0.4000,0.2500,0.5000,65.9812,65.9812,65.9812,0.0000
A5-DC,petg_ss50,rad_f_bh,E,0.4000,0.2500,0.5000,58.7059,58.7059,58.7059,0.0000
A5-DC,dl_petg,rad_f_bh,E,0.4000,0.2500,0.5000,60.0510,60.0510,60.0510,0.0000
A5-DC,fr4_ss,rad_f_bh,E,0.4000,0.2500,0.5000,74.8219,74.8219,74.8219,0.0000
A5-DC,bay_ss,rad_f_bh,E,0.4000,0.2500,0.5000,67.0532,67.0532,67.0532,0.0000
A5-DC,dl_bay,rad_f_bh,E,0.4000,0.2500,0.5000,61.3851,61.3851,61.3851,0.0000
A5-DC,cell30,rad_f_bh,E,0.4000,0.2500,0.5000,50.6750,50.6750,50.6750,0.0000
A5-DC,main30,rad_f_bh,E,0.4000,0.2500,0.5000,54.9195,54.9195,54.9195,0.0000
A5-DC,cell_ss50,rad_f_bh,E,0.4000,0.2500,0.5000,57.5206,57.5206,57.5206,0.0000
A5-DC,dl_cell,rad_f_bh,E,0.4000,0.2500,0.5000,58.8751,58.8751,58.8751,0.0000
A5-DC,dl_main,rad_f_bh,E,0.4000,0.2500,0.5000,57.7868,57.7868,57.7868,0.0000
A5-DC,tj_ss,o3_rad_amb,E,0.3000,0.2000,0.4000,125.9480,126.0418,125.8568,0.1850
A5-DC,tj_pk50,o3_rad_amb,E,0.3000,0.2000,0.4000,104.3873,104.4949,104.2823,0.2126
A5-DC,tj_300,o3_rad_amb,E,0.3000,0.2000,0.4000,107.0576,107.0749,107.0409,0.0340
A5-DC,tj_180,o3_rad_amb,E,0.3000,0.2000,0.4000,95.8368,95.8418,95.8321,0.0097
A5-DC,case_ss,o3_rad_amb,E,0.3000,0.2000,0.4000,105.6945,105.7883,105.6033,0.1850
A5-DC,dl_case,o3_rad_amb,E,0.3000,0.2000,0.4000,87.2107,87.3311,87.0934,0.2377
A5-DC,surf5,o3_rad_amb,E,0.3000,0.2000,0.4000,32.2864,32.2888,32.2841,0.0047
A5-DC,petg_ss,o3_rad_amb,E,0.3000,0.2000,0.4000,65.9812,66.0388,65.9254,0.1134
A5-DC,petg_ss50,o3_rad_amb,E,0.3000,0.2000,0.4000,58.7059,58.7619,58.6482,0.1137
A5-DC,dl_petg,o3_rad_amb,E,0.3000,0.2000,0.4000,60.0510,60.1174,59.9825,0.1349
A5-DC,fr4_ss,o3_rad_amb,E,0.3000,0.2000,0.4000,74.8219,75.5215,74.0930,1.4285
A5-DC,bay_ss,o3_rad_amb,E,0.3000,0.2000,0.4000,67.0532,67.1975,66.9032,0.2943
A5-DC,dl_bay,o3_rad_amb,E,0.3000,0.2000,0.4000,61.3851,61.4824,61.2847,0.1977
A5-DC,cell30,o3_rad_amb,E,0.3000,0.2000,0.4000,50.6750,50.6773,50.6726,0.0046
A5-DC,main30,o3_rad_amb,E,0.3000,0.2000,0.4000,54.9195,54.9285,54.9101,0.0184
A5-DC,cell_ss50,o3_rad_amb,E,0.3000,0.2000,0.4000,57.5206,57.5294,57.5115,0.0179
A5-DC,dl_cell,o3_rad_amb,E,0.3000,0.2000,0.4000,58.8751,58.8855,58.8644,0.0211
A5-DC,dl_main,o3_rad_amb,E,0.3000,0.2000,0.4000,57.7868,57.7999,57.7732,0.0267
A5-DC,tj_ss,o3_rad_guard,E,0.2000,0.1000,0.3000,125.9480,125.7431,126.1777,0.4347
A5-DC,tj_pk50,o3_rad_guard,E,0.2000,0.1000,0.3000,104.3873,104.1774,104.6232,0.4458
A5-DC,tj_300,o3_rad_guard,E,0.2000,0.1000,0.3000,107.0576,107.0041,107.1186,0.1144
A5-DC,tj_180,o3_rad_guard,E,0.2000,0.1000,0.3000,95.8368,95.8214,95.8545,0.0331
A5-DC,case_ss,o3_rad_guard,E,0.2000,0.1000,0.3000,105.6945,105.4896,105.9242,0.4347
A5-DC,dl_case,o3_rad_guard,E,0.2000,0.1000,0.3000,87.2107,86.9681,87.4830,0.5149
A5-DC,surf5,o3_rad_guard,E,0.2000,0.1000,0.3000,32.2864,31.5814,32.9675,1.3861
A5-DC,petg_ss,o3_rad_guard,E,0.2000,0.1000,0.3000,65.9812,65.0397,67.6534,2.6137
A5-DC,petg_ss50,o3_rad_guard,E,0.2000,0.1000,0.3000,58.7059,58.7456,58.6639,0.0816
A5-DC,dl_petg,o3_rad_guard,E,0.2000,0.1000,0.3000,60.0510,60.0989,60.0004,0.0985
A5-DC,fr4_ss,o3_rad_guard,E,0.2000,0.1000,0.3000,74.8219,75.3930,74.2124,1.1806
A5-DC,bay_ss,o3_rad_guard,E,0.2000,0.1000,0.3000,67.0532,67.1710,66.9277,0.2433
A5-DC,dl_bay,o3_rad_guard,E,0.2000,0.1000,0.3000,61.3851,61.4552,61.3109,0.1443
A5-DC,cell30,o3_rad_guard,E,0.2000,0.1000,0.3000,50.6750,50.6770,50.6729,0.0041
A5-DC,main30,o3_rad_guard,E,0.2000,0.1000,0.3000,54.9195,54.9269,54.9117,0.0153
A5-DC,cell_ss50,o3_rad_guard,E,0.2000,0.1000,0.3000,57.5206,57.5268,57.5140,0.0129
A5-DC,dl_cell,o3_rad_guard,E,0.2000,0.1000,0.3000,58.8751,58.8826,58.8672,0.0154
A5-DC,dl_main,o3_rad_guard,E,0.2000,0.1000,0.3000,57.7868,57.7963,57.7767,0.0195
A5-DC,tj_ss,h_gapc,E,3.0000,1.5000,5.0000,125.9480,126.0930,125.7543,0.3388
A5-DC,tj_pk50,h_gapc,E,3.0000,1.5000,5.0000,104.3873,104.5853,104.1242,0.4611
A5-DC,tj_300,h_gapc,E,3.0000,1.5000,5.0000,107.0576,107.1974,106.8789,0.3185
A5-DC,tj_180,h_gapc,E,3.0000,1.5000,5.0000,95.8368,95.9070,95.7459,0.1611
A5-DC,case_ss,h_gapc,E,3.0000,1.5000,5.0000,105.6945,105.8395,105.5007,0.3388
A5-DC,dl_case,h_gapc,E,3.0000,1.5000,5.0000,87.2107,87.4291,86.9209,0.5081
A5-DC,surf5,h_gapc,E,3.0000,1.5000,5.0000,32.2864,32.3124,32.2530,0.0594
A5-DC,petg_ss,h_gapc,E,3.0000,1.5000,5.0000,65.9812,66.0709,65.8614,0.2095
A5-DC,petg_ss50,h_gapc,E,3.0000,1.5000,5.0000,58.7059,58.7488,58.6575,0.0913
A5-DC,dl_petg,h_gapc,E,3.0000,1.5000,5.0000,60.0510,60.0903,60.0059,0.0844
A5-DC,fr4_ss,h_gapc,E,3.0000,1.5000,5.0000,74.8219,75.0269,74.6035,0.4234
A5-DC,bay_ss,h_gapc,E,3.0000,1.5000,5.0000,67.0532,67.1077,66.9922,0.1156
A5-DC,dl_bay,h_gapc,E,3.0000,1.5000,5.0000,61.3851,61.4426,61.3189,0.1237
A5-DC,cell30,h_gapc,E,3.0000,1.5000,5.0000,50.6750,50.6723,50.6777,0.0055
A5-DC,main30,h_gapc,E,3.0000,1.5000,5.0000,54.9195,54.9139,54.9241,0.0101
A5-DC,cell_ss50,h_gapc,E,3.0000,1.5000,5.0000,57.5206,57.5273,57.5129,0.0144
A5-DC,dl_cell,h_gapc,E,3.0000,1.5000,5.0000,58.8751,58.8813,58.8680,0.0132
A5-DC,dl_main,h_gapc,E,3.0000,1.5000,5.0000,57.7868,57.7946,57.7778,0.0167
A5-DC,tj_ss,gap_share,E,0.5000,0.3000,0.7000,125.9480,126.0641,125.8318,0.2323
A5-DC,tj_pk50,gap_share,E,0.5000,0.3000,0.7000,104.3873,104.5457,104.2293,0.3164
A5-DC,tj_300,gap_share,E,0.5000,0.3000,0.7000,107.0576,107.1690,106.9493,0.2197
A5-DC,tj_180,gap_share,E,0.5000,0.3000,0.7000,95.8368,95.8928,95.7819,0.1109
A5-DC,case_ss,gap_share,E,0.5000,0.3000,0.7000,105.6945,105.8106,105.5783,0.2323
A5-DC,dl_case,gap_share,E,0.5000,0.3000,0.7000,87.2107,87.3854,87.0366,0.3488
A5-DC,surf5,gap_share,E,0.5000,0.3000,0.7000,32.2864,32.3071,32.2661,0.0410
A5-DC,petg_ss,gap_share,E,0.5000,0.3000,0.7000,65.9812,66.0530,65.9094,0.1437
A5-DC,petg_ss50,gap_share,E,0.5000,0.3000,0.7000,58.7059,58.7396,58.6759,0.0638
A5-DC,dl_petg,gap_share,E,0.5000,0.3000,0.7000,60.0510,60.0820,60.0231,0.0589
A5-DC,fr4_ss,gap_share,E,0.5000,0.3000,0.7000,74.8219,74.9824,74.6847,0.2976
A5-DC,bay_ss,gap_share,E,0.5000,0.3000,0.7000,67.0532,67.0961,67.0153,0.0808
A5-DC,dl_bay,gap_share,E,0.5000,0.3000,0.7000,61.3851,61.4304,61.3442,0.0862
A5-DC,cell30,gap_share,E,0.5000,0.3000,0.7000,50.6750,50.6729,50.6767,0.0039
A5-DC,main30,gap_share,E,0.5000,0.3000,0.7000,54.9195,54.9152,54.9225,0.0073
A5-DC,cell_ss50,gap_share,E,0.5000,0.3000,0.7000,57.5206,57.5259,57.5158,0.0101
A5-DC,dl_cell,gap_share,E,0.5000,0.3000,0.7000,58.8751,58.8800,58.8707,0.0092
A5-DC,dl_main,gap_share,E,0.5000,0.3000,0.7000,57.7868,57.7929,57.7812,0.0117
A5-DC,tj_ss,g_case_air,E,0.0030,0.0010,0.0060,125.9480,126.0876,125.7633,0.3242
A5-DC,tj_pk50,g_case_air,E,0.0030,0.0010,0.0060,104.3873,104.5498,104.1758,0.3741
A5-DC,tj_300,g_case_air,E,0.0030,0.0010,0.0060,107.0576,107.2449,106.7935,0.4514
A5-DC,tj_180,g_case_air,E,0.0030,0.0010,0.0060,95.8368,95.9482,95.6768,0.2714
A5-DC,case_ss,g_case_air,E,0.0030,0.0010,0.0060,105.6945,105.8340,105.5098,0.3242
A5-DC,dl_case,g_case_air,E,0.0030,0.0010,0.0060,87.2107,87.3913,86.9754,0.4159
A5-DC,surf5,g_case_air,E,0.0030,0.0010,0.0060,32.2864,32.3162,32.2438,0.0724
A5-DC,petg_ss,g_case_air,E,0.0030,0.0010,0.0060,65.9812,66.0488,65.8918,0.1569
A5-DC,petg_ss50,g_case_air,E,0.0030,0.0010,0.0060,58.7059,58.5579,58.8969,0.3390
A5-DC,dl_petg,g_case_air,E,0.0030,0.0010,0.0060,60.0510,59.8803,60.2721,0.3918
A5-DC,fr4_ss,g_case_air,E,0.0030,0.0010,0.0060,74.8219,73.1762,76.9746,3.7984
A5-DC,bay_ss,g_case_air,E,0.0030,0.0010,0.0060,67.0532,66.7149,67.4982,0.7833
A5-DC,dl_bay,g_case_air,E,0.0030,0.0010,0.0060,61.3851,61.1349,61.7090,0.5741
A5-DC,cell30,g_case_air,E,0.0030,0.0010,0.0060,50.6750,50.6683,50.6840,0.0158
A5-DC,main30,g_case_air,E,0.0030,0.0010,0.0060,54.9195,54.8940,54.9528,0.0588
A5-DC,cell_ss50,g_case_air,E,0.0030,0.0010,0.0060,57.5206,57.4972,57.5507,0.0535
A5-DC,dl_cell,g_case_air,E,0.0030,0.0010,0.0060,58.8751,58.8484,58.9098,0.0614
A5-DC,dl_main,g_case_air,E,0.0030,0.0010,0.0060,57.7868,57.7529,57.8306,0.0777
A5-DC,tj_ss,cd_vent,E,0.6000,0.4000,0.7000,125.9480,126.0252,125.9199,0.1053
A5-DC,tj_pk50,cd_vent,E,0.6000,0.4000,0.7000,104.3873,104.4879,104.3499,0.1380
A5-DC,tj_300,cd_vent,E,0.6000,0.4000,0.7000,107.0576,107.0590,107.0569,0.0021
A5-DC,tj_180,cd_vent,E,0.6000,0.4000,0.7000,95.8368,95.8370,95.8367,0.0003
A5-DC,case_ss,cd_vent,E,0.6000,0.4000,0.7000,105.6945,105.7717,105.6664,0.1053
A5-DC,dl_case,cd_vent,E,0.6000,0.4000,0.7000,87.2107,87.3192,87.1706,0.1486
A5-DC,surf5,cd_vent,E,0.6000,0.4000,0.7000,32.2864,32.2865,32.2863,0.0002
A5-DC,petg_ss,cd_vent,E,0.6000,0.4000,0.7000,65.9812,67.9321,65.9646,1.9675
A5-DC,petg_ss50,cd_vent,E,0.6000,0.4000,0.7000,58.7059,60.5583,58.0061,2.5523
A5-DC,dl_petg,cd_vent,E,0.6000,0.4000,0.7000,60.0510,62.1422,59.2650,2.8773
A5-DC,fr4_ss,cd_vent,E,0.6000,0.4000,0.7000,74.8219,77.2730,73.9300,3.3430
A5-DC,bay_ss,cd_vent,E,0.6000,0.4000,0.7000,67.0532,71.0892,65.5690,5.5202
A5-DC,dl_bay,cd_vent,E,0.6000,0.4000,0.7000,61.3851,64.2363,60.3241,3.9122
A5-DC,cell30,cd_vent,E,0.6000,0.4000,0.7000,50.6750,50.7769,50.6292,0.1477
A5-DC,main30,cd_vent,E,0.6000,0.4000,0.7000,54.9195,55.3193,54.7459,0.5734
A5-DC,cell_ss50,cd_vent,E,0.6000,0.4000,0.7000,57.5206,58.0640,57.2980,0.7660
A5-DC,dl_cell,cd_vent,E,0.6000,0.4000,0.7000,58.8751,59.4829,58.6273,0.8556
A5-DC,dl_main,cd_vent,E,0.6000,0.4000,0.7000,57.7868,58.5552,57.4733,1.0819
A5-DC,tj_ss,h_stack_bay,E,0.0350,0.0250,0.0450,125.9480,125.9786,125.9257,0.0529
A5-DC,tj_pk50,h_stack_bay,E,0.0350,0.0250,0.0450,104.3873,104.4273,104.3578,0.0696
A5-DC,tj_300,h_stack_bay,E,0.0350,0.0250,0.0450,107.0576,107.0582,107.0570,0.0012
A5-DC,tj_180,h_stack_bay,E,0.0350,0.0250,0.0450,95.8368,95.8369,95.8367,0.0002
A5-DC,case_ss,h_stack_bay,E,0.0350,0.0250,0.0450,105.6945,105.7251,105.6722,0.0529
A5-DC,dl_case,h_stack_bay,E,0.0350,0.0250,0.0450,87.2107,87.2538,87.1790,0.0748
A5-DC,surf5,h_stack_bay,E,0.0350,0.0250,0.0450,32.2864,32.2864,32.2863,0.0001
A5-DC,petg_ss,h_stack_bay,E,0.0350,0.0250,0.0450,65.9812,66.0625,65.9681,0.0945
A5-DC,petg_ss50,h_stack_bay,E,0.0350,0.0250,0.0450,58.7059,59.3936,58.1986,1.1950
A5-DC,dl_petg,h_stack_bay,E,0.0350,0.0250,0.0450,60.0510,60.8280,59.4795,1.3485
A5-DC,fr4_ss,h_stack_bay,E,0.0350,0.0250,0.0450,74.8219,75.7932,74.1141,1.6791
A5-DC,bay_ss,h_stack_bay,E,0.0350,0.0250,0.0450,67.0532,68.6599,65.8761,2.7838
A5-DC,dl_bay,h_stack_bay,E,0.0350,0.0250,0.0450,61.3851,62.5223,60.5468,1.9755
A5-DC,cell30,h_stack_bay,E,0.0350,0.0250,0.0450,50.6750,50.6942,50.6599,0.0343
A5-DC,main30,h_stack_bay,E,0.0350,0.0250,0.0450,54.9195,55.0021,54.8562,0.1460
A5-DC,cell_ss50,h_stack_bay,E,0.0350,0.0250,0.0450,57.5206,57.6290,57.4405,0.1885
A5-DC,dl_cell,h_stack_bay,E,0.0350,0.0250,0.0450,58.8751,58.9968,58.7855,0.2113
A5-DC,dl_main,h_stack_bay,E,0.0350,0.0250,0.0450,57.7868,57.9407,57.6734,0.2672
A5-DC,tj_ss,h_stack_main,E,0.0300,0.0200,0.0400,125.9480,125.9491,125.9472,0.0019
A5-DC,tj_pk50,h_stack_main,E,0.0300,0.0200,0.0400,104.3873,104.3889,104.3860,0.0029
A5-DC,tj_300,h_stack_main,E,0.0300,0.0200,0.0400,107.0576,107.0576,107.0576,0.0000
A5-DC,tj_180,h_stack_main,E,0.0300,0.0200,0.0400,95.8368,95.8368,95.8368,0.0000
A5-DC,case_ss,h_stack_main,E,0.0300,0.0200,0.0400,105.6945,105.6955,105.6937,0.0019
A5-DC,dl_case,h_stack_main,E,0.0300,0.0200,0.0400,87.2107,87.2123,87.2094,0.0030
A5-DC,surf5,h_stack_main,E,0.0300,0.0200,0.0400,32.2864,32.2864,32.2864,0.0000
A5-DC,petg_ss,h_stack_main,E,0.0300,0.0200,0.0400,65.9812,65.9818,65.9807,0.0011
A5-DC,petg_ss50,h_stack_main,E,0.0300,0.0200,0.0400,58.7059,58.7993,58.6302,0.1690
A5-DC,dl_petg,h_stack_main,E,0.0300,0.0200,0.0400,60.0510,60.1536,59.9680,0.1856
A5-DC,fr4_ss,h_stack_main,E,0.0300,0.0200,0.0400,74.8219,74.8551,74.7952,0.0600
A5-DC,bay_ss,h_stack_main,E,0.0300,0.0200,0.0400,67.0532,67.1083,67.0088,0.0995
A5-DC,dl_bay,h_stack_main,E,0.0300,0.0200,0.0400,61.3851,61.4283,61.3501,0.0782
A5-DC,cell30,h_stack_main,E,0.0300,0.0200,0.0400,50.6750,50.7058,50.6495,0.0563
A5-DC,main30,h_stack_main,E,0.0300,0.0200,0.0400,54.9195,55.0289,54.8295,0.1994
A5-DC,cell_ss50,h_stack_main,E,0.0300,0.0200,0.0400,57.5206,57.6660,57.4029,0.2631
A5-DC,dl_cell,h_stack_main,E,0.0300,0.0200,0.0400,58.8751,59.0366,58.7445,0.2920
A5-DC,dl_main,h_stack_main,E,0.0300,0.0200,0.0400,57.7868,57.9910,57.6216,0.3694
A5-DC,tj_ss,rho_air,D,1.1000,1.0700,1.1300,125.9480,125.9531,125.9430,0.0101
A5-DC,tj_pk50,rho_air,D,1.1000,1.0700,1.1300,104.3873,104.3941,104.3807,0.0134
A5-DC,tj_300,rho_air,D,1.1000,1.0700,1.1300,107.0576,107.0577,107.0574,0.0002
A5-DC,tj_180,rho_air,D,1.1000,1.0700,1.1300,95.8368,95.8368,95.8368,0.0000
A5-DC,case_ss,rho_air,D,1.1000,1.0700,1.1300,105.6945,105.6996,105.6895,0.0101
A5-DC,dl_case,rho_air,D,1.1000,1.0700,1.1300,87.2107,87.2180,87.2036,0.0143
A5-DC,surf5,rho_air,D,1.1000,1.0700,1.1300,32.2864,32.2864,32.2863,0.0000
A5-DC,petg_ss,rho_air,D,1.1000,1.0700,1.1300,65.9812,65.9842,65.9783,0.0060
A5-DC,petg_ss50,rho_air,D,1.1000,1.0700,1.1300,58.7059,58.8320,58.5832,0.2488
A5-DC,dl_petg,rho_air,D,1.1000,1.0700,1.1300,60.0510,60.1930,59.9131,0.2799
A5-DC,fr4_ss,rho_air,D,1.1000,1.0700,1.1300,74.8219,74.9848,74.6642,0.3205
A5-DC,bay_ss,rho_air,D,1.1000,1.0700,1.1300,67.0532,67.3233,66.7914,0.5319
A5-DC,dl_bay,rho_air,D,1.1000,1.0700,1.1300,61.3851,61.5774,61.1984,0.3790
A5-DC,cell30,rho_air,D,1.1000,1.0700,1.1300,50.6750,50.6828,50.6673,0.0155
A5-DC,main30,rho_air,D,1.1000,1.0700,1.1300,54.9195,54.9493,54.8900,0.0593
A5-DC,cell_ss50,rho_air,D,1.1000,1.0700,1.1300,57.5206,57.5596,57.4823,0.0772
A5-DC,dl_cell,rho_air,D,1.1000,1.0700,1.1300,58.8751,58.9186,58.8325,0.0861
A5-DC,dl_main,rho_air,D,1.1000,1.0700,1.1300,57.7868,57.8418,57.7329,0.1089
A5-DC,tj_ss,cp_air,D,1007.0000,1005.0000,1009.0000,125.9480,125.9484,125.9476,0.0007
A5-DC,tj_pk50,cp_air,D,1007.0000,1005.0000,1009.0000,104.3873,104.3878,104.3868,0.0010
A5-DC,tj_300,cp_air,D,1007.0000,1005.0000,1009.0000,107.0576,107.0576,107.0575,0.0000
A5-DC,tj_180,cp_air,D,1007.0000,1005.0000,1009.0000,95.8368,95.8368,95.8368,0.0000
A5-DC,case_ss,cp_air,D,1007.0000,1005.0000,1009.0000,105.6945,105.6949,105.6941,0.0007
A5-DC,dl_case,cp_air,D,1007.0000,1005.0000,1009.0000,87.2107,87.2112,87.2102,0.0010
A5-DC,surf5,cp_air,D,1007.0000,1005.0000,1009.0000,32.2864,32.2864,32.2864,0.0000
A5-DC,petg_ss,cp_air,D,1007.0000,1005.0000,1009.0000,65.9812,65.9814,65.9810,0.0004
A5-DC,petg_ss50,cp_air,D,1007.0000,1005.0000,1009.0000,58.7059,58.7149,58.6968,0.0181
A5-DC,dl_petg,cp_air,D,1007.0000,1005.0000,1009.0000,60.0510,60.0612,60.0408,0.0204
A5-DC,fr4_ss,cp_air,D,1007.0000,1005.0000,1009.0000,74.8219,74.8336,74.8103,0.0233
A5-DC,bay_ss,cp_air,D,1007.0000,1005.0000,1009.0000,67.0532,67.0726,67.0339,0.0387
A5-DC,dl_bay,cp_air,D,1007.0000,1005.0000,1009.0000,61.3851,61.3989,61.3713,0.0276
A5-DC,cell30,cp_air,D,1007.0000,1005.0000,1009.0000,50.6750,50.6755,50.6744,0.0011
A5-DC,main30,cp_air,D,1007.0000,1005.0000,1009.0000,54.9195,54.9216,54.9173,0.0043
A5-DC,cell_ss50,cp_air,D,1007.0000,1005.0000,1009.0000,57.5206,57.5234,57.5178,0.0056
A5-DC,dl_cell,cp_air,D,1007.0000,1005.0000,1009.0000,58.8751,58.8782,58.8720,0.0063
A5-DC,dl_main,cp_air,D,1007.0000,1005.0000,1009.0000,57.7868,57.7907,57.7828,0.0079
A5-DC,tj_ss,cp_al,D,896.0000,880.0000,910.0000,125.9480,125.9480,125.9480,0.0000
A5-DC,tj_pk50,cp_al,D,896.0000,880.0000,910.0000,104.3873,104.3901,104.3849,0.0053
A5-DC,tj_300,cp_al,D,896.0000,880.0000,910.0000,107.0576,107.4315,106.7351,0.6964
A5-DC,tj_180,cp_al,D,896.0000,880.0000,910.0000,95.8368,96.1708,95.5510,0.6198
A5-DC,case_ss,cp_al,D,896.0000,880.0000,910.0000,105.6945,105.6945,105.6945,0.0000
A5-DC,dl_case,cp_al,D,896.0000,880.0000,910.0000,87.2107,87.2107,87.2107,0.0000
A5-DC,surf5,cp_al,D,896.0000,880.0000,910.0000,32.2864,32.3831,32.2036,0.1795
A5-DC,petg_ss,cp_al,D,896.0000,880.0000,910.0000,65.9812,65.9812,65.9812,0.0000
A5-DC,petg_ss50,cp_al,D,896.0000,880.0000,910.0000,58.7059,58.7059,58.7059,0.0000
A5-DC,dl_petg,cp_al,D,896.0000,880.0000,910.0000,60.0510,60.0510,60.0510,0.0000
A5-DC,fr4_ss,cp_al,D,896.0000,880.0000,910.0000,74.8219,74.8219,74.8219,0.0000
A5-DC,bay_ss,cp_al,D,896.0000,880.0000,910.0000,67.0532,67.0532,67.0532,0.0000
A5-DC,dl_bay,cp_al,D,896.0000,880.0000,910.0000,61.3851,61.3851,61.3851,0.0000
A5-DC,cell30,cp_al,D,896.0000,880.0000,910.0000,50.6750,50.6753,50.6747,0.0006
A5-DC,main30,cp_al,D,896.0000,880.0000,910.0000,54.9195,54.9203,54.9187,0.0015
A5-DC,cell_ss50,cp_al,D,896.0000,880.0000,910.0000,57.5206,57.5206,57.5206,0.0000
A5-DC,dl_cell,cp_al,D,896.0000,880.0000,910.0000,58.8751,58.8751,58.8751,0.0000
A5-DC,dl_main,cp_al,D,896.0000,880.0000,910.0000,57.7868,57.7868,57.7868,0.0000
A5-DC,tj_ss,rho_petg,E,1270.0000,1230.0000,1290.0000,125.9480,125.9480,125.9480,0.0000
A5-DC,tj_pk50,rho_petg,E,1270.0000,1230.0000,1290.0000,104.3873,104.3873,104.3873,0.0000
A5-DC,tj_300,rho_petg,E,1270.0000,1230.0000,1290.0000,107.0576,107.0643,107.0543,0.0101
A5-DC,tj_180,rho_petg,E,1270.0000,1230.0000,1290.0000,95.8368,95.8392,95.8356,0.0036
A5-DC,case_ss,rho_petg,E,1270.0000,1230.0000,1290.0000,105.6945,105.6945,105.6945,0.0000
A5-DC,dl_case,rho_petg,E,1270.0000,1230.0000,1290.0000,87.2107,87.2107,87.2107,0.0000
A5-DC,surf5,rho_petg,E,1270.0000,1230.0000,1290.0000,32.2864,32.4075,32.2270,0.1805
A5-DC,petg_ss,rho_petg,E,1270.0000,1230.0000,1290.0000,65.9812,65.9812,65.9812,0.0000
A5-DC,petg_ss50,rho_petg,E,1270.0000,1230.0000,1290.0000,58.7059,58.7059,58.7059,0.0000
A5-DC,dl_petg,rho_petg,E,1270.0000,1230.0000,1290.0000,60.0510,60.0510,60.0510,0.0000
A5-DC,fr4_ss,rho_petg,E,1270.0000,1230.0000,1290.0000,74.8219,74.8219,74.8219,0.0000
A5-DC,bay_ss,rho_petg,E,1270.0000,1230.0000,1290.0000,67.0532,67.0532,67.0532,0.0000
A5-DC,dl_bay,rho_petg,E,1270.0000,1230.0000,1290.0000,61.3851,61.3851,61.3851,0.0000
A5-DC,cell30,rho_petg,E,1270.0000,1230.0000,1290.0000,50.6750,50.6863,50.6694,0.0169
A5-DC,main30,rho_petg,E,1270.0000,1230.0000,1290.0000,54.9195,54.9341,54.9121,0.0219
A5-DC,cell_ss50,rho_petg,E,1270.0000,1230.0000,1290.0000,57.5206,57.5206,57.5206,0.0000
A5-DC,dl_cell,rho_petg,E,1270.0000,1230.0000,1290.0000,58.8751,58.8751,58.8751,0.0000
A5-DC,dl_main,rho_petg,E,1270.0000,1230.0000,1290.0000,57.7868,57.7868,57.7868,0.0000
A5-DC,tj_ss,cp_petg,E,1200.0000,1100.0000,1300.0000,125.9480,125.9480,125.9480,0.0000
A5-DC,tj_pk50,cp_petg,E,1200.0000,1100.0000,1300.0000,104.3873,104.3872,104.3873,0.0001
A5-DC,tj_300,cp_petg,E,1200.0000,1100.0000,1300.0000,107.0576,107.0761,107.0407,0.0354
A5-DC,tj_180,cp_petg,E,1200.0000,1100.0000,1300.0000,95.8368,95.8434,95.8309,0.0125
A5-DC,case_ss,cp_petg,E,1200.0000,1100.0000,1300.0000,105.6945,105.6945,105.6945,0.0000
A5-DC,dl_case,cp_petg,E,1200.0000,1100.0000,1300.0000,87.2107,87.2107,87.2107,0.0000
A5-DC,surf5,cp_petg,E,1200.0000,1100.0000,1300.0000,32.2864,32.6145,31.9816,0.6329
A5-DC,petg_ss,cp_petg,E,1200.0000,1100.0000,1300.0000,65.9812,65.9812,65.9812,0.0000
A5-DC,petg_ss50,cp_petg,E,1200.0000,1100.0000,1300.0000,58.7059,58.7059,58.7059,0.0000
A5-DC,dl_petg,cp_petg,E,1200.0000,1100.0000,1300.0000,60.0510,60.0510,60.0510,0.0000
A5-DC,fr4_ss,cp_petg,E,1200.0000,1100.0000,1300.0000,74.8219,74.8219,74.8219,0.0000
A5-DC,bay_ss,cp_petg,E,1200.0000,1100.0000,1300.0000,67.0532,67.0532,67.0532,0.0000
A5-DC,dl_bay,cp_petg,E,1200.0000,1100.0000,1300.0000,61.3851,61.3851,61.3851,0.0000
A5-DC,cell30,cp_petg,E,1200.0000,1100.0000,1300.0000,50.6750,50.7051,50.6454,0.0596
A5-DC,main30,cp_petg,E,1200.0000,1100.0000,1300.0000,54.9195,54.9578,54.8803,0.0775
A5-DC,cell_ss50,cp_petg,E,1200.0000,1100.0000,1300.0000,57.5206,57.5206,57.5206,0.0000
A5-DC,dl_cell,cp_petg,E,1200.0000,1100.0000,1300.0000,58.8751,58.8751,58.8751,0.0000
A5-DC,dl_main,cp_petg,E,1200.0000,1100.0000,1300.0000,57.7868,57.7868,57.7868,0.0000
A5-DC,tj_ss,rho_fr4,E,1850.0000,1800.0000,1900.0000,125.9480,125.9480,125.9480,0.0000
A5-DC,tj_pk50,rho_fr4,E,1850.0000,1800.0000,1900.0000,104.3873,104.3873,104.3873,0.0000
A5-DC,tj_300,rho_fr4,E,1850.0000,1800.0000,1900.0000,107.0576,107.0609,107.0544,0.0065
A5-DC,tj_180,rho_fr4,E,1850.0000,1800.0000,1900.0000,95.8368,95.8380,95.8357,0.0023
A5-DC,case_ss,rho_fr4,E,1850.0000,1800.0000,1900.0000,105.6945,105.6945,105.6945,0.0000
A5-DC,dl_case,rho_fr4,E,1850.0000,1800.0000,1900.0000,87.2107,87.2107,87.2107,0.0000
A5-DC,surf5,rho_fr4,E,1850.0000,1800.0000,1900.0000,32.2864,32.2868,32.2859,0.0009
A5-DC,petg_ss,rho_fr4,E,1850.0000,1800.0000,1900.0000,65.9812,65.9812,65.9812,0.0000
A5-DC,petg_ss50,rho_fr4,E,1850.0000,1800.0000,1900.0000,58.7059,58.7059,58.7059,0.0000
A5-DC,dl_petg,rho_fr4,E,1850.0000,1800.0000,1900.0000,60.0510,60.0510,60.0510,0.0000
A5-DC,fr4_ss,rho_fr4,E,1850.0000,1800.0000,1900.0000,74.8219,74.8219,74.8219,0.0000
A5-DC,bay_ss,rho_fr4,E,1850.0000,1800.0000,1900.0000,67.0532,67.0532,67.0532,0.0000
A5-DC,dl_bay,rho_fr4,E,1850.0000,1800.0000,1900.0000,61.3851,61.3851,61.3851,0.0000
A5-DC,cell30,rho_fr4,E,1850.0000,1800.0000,1900.0000,50.6750,50.6757,50.6743,0.0014
A5-DC,main30,rho_fr4,E,1850.0000,1800.0000,1900.0000,54.9195,54.9212,54.9177,0.0035
A5-DC,cell_ss50,rho_fr4,E,1850.0000,1800.0000,1900.0000,57.5206,57.5206,57.5206,0.0000
A5-DC,dl_cell,rho_fr4,E,1850.0000,1800.0000,1900.0000,58.8751,58.8751,58.8751,0.0000
A5-DC,dl_main,rho_fr4,E,1850.0000,1800.0000,1900.0000,57.7868,57.7868,57.7868,0.0000
A5-DC,tj_ss,cp_fr4,E,1100.0000,1000.0000,1200.0000,125.9480,125.9480,125.9480,0.0000
A5-DC,tj_pk50,cp_fr4,E,1100.0000,1000.0000,1200.0000,104.3873,104.3873,104.3873,0.0000
A5-DC,tj_300,cp_fr4,E,1100.0000,1000.0000,1200.0000,107.0576,107.0693,107.0472,0.0220
A5-DC,tj_180,cp_fr4,E,1100.0000,1000.0000,1200.0000,95.8368,95.8409,95.8333,0.0076
A5-DC,case_ss,cp_fr4,E,1100.0000,1000.0000,1200.0000,105.6945,105.6945,105.6945,0.0000
A5-DC,dl_case,cp_fr4,E,1100.0000,1000.0000,1200.0000,87.2107,87.2107,87.2107,0.0000
A5-DC,surf5,cp_fr4,E,1100.0000,1000.0000,1200.0000,32.2864,32.2880,32.2849,0.0031
A5-DC,petg_ss,cp_fr4,E,1100.0000,1000.0000,1200.0000,65.9812,65.9812,65.9812,0.0000
A5-DC,petg_ss50,cp_fr4,E,1100.0000,1000.0000,1200.0000,58.7059,58.7059,58.7059,0.0000
A5-DC,dl_petg,cp_fr4,E,1100.0000,1000.0000,1200.0000,60.0510,60.0510,60.0510,0.0000
A5-DC,fr4_ss,cp_fr4,E,1100.0000,1000.0000,1200.0000,74.8219,74.8219,74.8219,0.0000
A5-DC,bay_ss,cp_fr4,E,1100.0000,1000.0000,1200.0000,67.0532,67.0532,67.0532,0.0000
A5-DC,dl_bay,cp_fr4,E,1100.0000,1000.0000,1200.0000,61.3851,61.3851,61.3851,0.0000
A5-DC,cell30,cp_fr4,E,1100.0000,1000.0000,1200.0000,50.6750,50.6773,50.6727,0.0046
A5-DC,main30,cp_fr4,E,1100.0000,1000.0000,1200.0000,54.9195,54.9253,54.9136,0.0117
A5-DC,cell_ss50,cp_fr4,E,1100.0000,1000.0000,1200.0000,57.5206,57.5206,57.5206,0.0000
A5-DC,dl_cell,cp_fr4,E,1100.0000,1000.0000,1200.0000,58.8751,58.8751,58.8751,0.0000
A5-DC,dl_main,cp_fr4,E,1100.0000,1000.0000,1200.0000,57.7868,57.7868,57.7868,0.0000
A5-DC,tj_ss,c_bay,E,25.0000,15.0000,40.0000,125.9480,125.9480,125.9480,0.0000
A5-DC,tj_pk50,c_bay,E,25.0000,15.0000,40.0000,104.3873,104.3873,104.3872,0.0001
A5-DC,tj_300,c_bay,E,25.0000,15.0000,40.0000,107.0576,107.0816,107.0389,0.0427
A5-DC,tj_180,c_bay,E,25.0000,15.0000,40.0000,95.8368,95.8458,95.8307,0.0151
A5-DC,case_ss,c_bay,E,25.0000,15.0000,40.0000,105.6945,105.6945,105.6945,0.0000
A5-DC,dl_case,c_bay,E,25.0000,15.0000,40.0000,87.2107,87.2107,87.2107,0.0000
A5-DC,surf5,c_bay,E,25.0000,15.0000,40.0000,32.2864,32.2897,32.2840,0.0057
A5-DC,petg_ss,c_bay,E,25.0000,15.0000,40.0000,65.9812,65.9812,65.9812,0.0000
A5-DC,petg_ss50,c_bay,E,25.0000,15.0000,40.0000,58.7059,58.7059,58.7059,0.0000
A5-DC,dl_petg,c_bay,E,25.0000,15.0000,40.0000,60.0510,60.0510,60.0510,0.0000
A5-DC,fr4_ss,c_bay,E,25.0000,15.0000,40.0000,74.8219,74.8219,74.8219,0.0000
A5-DC,bay_ss,c_bay,E,25.0000,15.0000,40.0000,67.0532,67.0532,67.0532,0.0000
A5-DC,dl_bay,c_bay,E,25.0000,15.0000,40.0000,61.3851,61.3851,61.3851,0.0000
A5-DC,cell30,c_bay,E,25.0000,15.0000,40.0000,50.6750,50.7176,50.6178,0.0998
A5-DC,main30,c_bay,E,25.0000,15.0000,40.0000,54.9195,54.9799,54.8122,0.1677
A5-DC,cell_ss50,c_bay,E,25.0000,15.0000,40.0000,57.5206,57.5206,57.5206,0.0000
A5-DC,dl_cell,c_bay,E,25.0000,15.0000,40.0000,58.8751,58.8751,58.8751,0.0000
A5-DC,dl_main,c_bay,E,25.0000,15.0000,40.0000,57.7868,57.7868,57.7868,0.0000
A5-DC,tj_ss,c_main,E,60.0000,40.0000,90.0000,125.9480,125.9480,125.9480,0.0000
A5-DC,tj_pk50,c_main,E,60.0000,40.0000,90.0000,104.3873,104.3873,104.3873,0.0000
A5-DC,tj_300,c_main,E,60.0000,40.0000,90.0000,107.0576,107.0581,107.0571,0.0010
A5-DC,tj_180,c_main,E,60.0000,40.0000,90.0000,95.8368,95.8369,95.8367,0.0002
A5-DC,case_ss,c_main,E,60.0000,40.0000,90.0000,105.6945,105.6945,105.6945,0.0000
A5-DC,dl_case,c_main,E,60.0000,40.0000,90.0000,87.2107,87.2107,87.2107,0.0000
A5-DC,surf5,c_main,E,60.0000,40.0000,90.0000,32.2864,32.2864,32.2863,0.0001
A5-DC,petg_ss,c_main,E,60.0000,40.0000,90.0000,65.9812,65.9812,65.9812,0.0000
A5-DC,petg_ss50,c_main,E,60.0000,40.0000,90.0000,58.7059,58.7059,58.7059,0.0000
A5-DC,dl_petg,c_main,E,60.0000,40.0000,90.0000,60.0510,60.0510,60.0510,0.0000
A5-DC,fr4_ss,c_main,E,60.0000,40.0000,90.0000,74.8219,74.8219,74.8219,0.0000
A5-DC,bay_ss,c_main,E,60.0000,40.0000,90.0000,67.0532,67.0532,67.0532,0.0000
A5-DC,dl_bay,c_main,E,60.0000,40.0000,90.0000,61.3851,61.3851,61.3851,0.0000
A5-DC,cell30,c_main,E,60.0000,40.0000,90.0000,50.6750,50.9282,50.3181,0.6102
A5-DC,main30,c_main,E,60.0000,40.0000,90.0000,54.9195,55.1664,54.4582,0.7082
A5-DC,cell_ss50,c_main,E,60.0000,40.0000,90.0000,57.5206,57.5206,57.5206,0.0000
A5-DC,dl_cell,c_main,E,60.0000,40.0000,90.0000,58.8751,58.8751,58.8751,0.0000
A5-DC,dl_main,c_main,E,60.0000,40.0000,90.0000,57.7868,57.7868,57.7868,0.0000
A5-DC,tj_ss,c_case_a5,E,3.0000,2.0000,4.5000,125.9480,125.9480,125.9480,0.0000
A5-DC,tj_pk50,c_case_a5,E,3.0000,2.0000,4.5000,104.3873,104.4822,104.2373,0.2448
A5-DC,tj_300,c_case_a5,E,3.0000,2.0000,4.5000,107.0576,107.5429,106.3425,1.2004
A5-DC,tj_180,c_case_a5,E,3.0000,2.0000,4.5000,95.8368,96.3139,95.1433,1.1706
A5-DC,case_ss,c_case_a5,E,3.0000,2.0000,4.5000,105.6945,105.6945,105.6945,0.0000
A5-DC,dl_case,c_case_a5,E,3.0000,2.0000,4.5000,87.2107,87.2107,87.2107,0.0000
A5-DC,surf5,c_case_a5,E,3.0000,2.0000,4.5000,32.2864,32.4076,32.1106,0.2970
A5-DC,petg_ss,c_case_a5,E,3.0000,2.0000,4.5000,65.9812,65.9812,65.9812,0.0000
A5-DC,petg_ss50,c_case_a5,E,3.0000,2.0000,4.5000,58.7059,58.7059,58.7059,0.0000
A5-DC,dl_petg,c_case_a5,E,3.0000,2.0000,4.5000,60.0510,60.0510,60.0510,0.0000
A5-DC,fr4_ss,c_case_a5,E,3.0000,2.0000,4.5000,74.8219,74.8219,74.8219,0.0000
A5-DC,bay_ss,c_case_a5,E,3.0000,2.0000,4.5000,67.0532,67.0532,67.0532,0.0000
A5-DC,dl_bay,c_case_a5,E,3.0000,2.0000,4.5000,61.3851,61.3851,61.3851,0.0000
A5-DC,cell30,c_case_a5,E,3.0000,2.0000,4.5000,50.6750,50.6754,50.6744,0.0010
A5-DC,main30,c_case_a5,E,3.0000,2.0000,4.5000,54.9195,54.9204,54.9180,0.0024
A5-DC,cell_ss50,c_case_a5,E,3.0000,2.0000,4.5000,57.5206,57.5206,57.5206,0.0000
A5-DC,dl_cell,c_case_a5,E,3.0000,2.0000,4.5000,58.8751,58.8751,58.8751,0.0000
A5-DC,dl_main,c_case_a5,E,3.0000,2.0000,4.5000,57.7868,57.7868,57.7868,0.0000
A5-DC,tj_ss,c_j2,E,0.2000,0.1000,0.4000,125.9480,125.9480,125.9480,0.0000
A5-DC,tj_pk50,c_j2,E,0.2000,0.1000,0.4000,104.3873,104.4384,104.2750,0.1633
A5-DC,tj_300,c_j2,E,0.2000,0.1000,0.4000,107.0576,107.1395,106.8935,0.2460
A5-DC,tj_180,c_j2,E,0.2000,0.1000,0.4000,95.8368,95.9340,95.6427,0.2914
A5-DC,case_ss,c_j2,E,0.2000,0.1000,0.4000,105.6945,105.6945,105.6945,0.0000
A5-DC,dl_case,c_j2,E,0.2000,0.1000,0.4000,87.2107,87.2107,87.2107,0.0000
A5-DC,surf5,c_j2,E,0.2000,0.1000,0.4000,32.2864,32.3048,32.2496,0.0552
A5-DC,petg_ss,c_j2,E,0.2000,0.1000,0.4000,65.9812,65.9812,65.9812,0.0000
A5-DC,petg_ss50,c_j2,E,0.2000,0.1000,0.4000,58.7059,58.7059,58.7059,0.0000
A5-DC,dl_petg,c_j2,E,0.2000,0.1000,0.4000,60.0510,60.0510,60.0510,0.0000
A5-DC,fr4_ss,c_j2,E,0.2000,0.1000,0.4000,74.8219,74.8219,74.8219,0.0000
A5-DC,bay_ss,c_j2,E,0.2000,0.1000,0.4000,67.0532,67.0532,67.0532,0.0000
A5-DC,dl_bay,c_j2,E,0.2000,0.1000,0.4000,61.3851,61.3851,61.3851,0.0000
A5-DC,cell30,c_j2,E,0.2000,0.1000,0.4000,50.6750,50.6750,50.6749,0.0002
A5-DC,main30,c_j2,E,0.2000,0.1000,0.4000,54.9195,54.9196,54.9192,0.0004
A5-DC,cell_ss50,c_j2,E,0.2000,0.1000,0.4000,57.5206,57.5206,57.5206,0.0000
A5-DC,dl_cell,c_j2,E,0.2000,0.1000,0.4000,58.8751,58.8751,58.8751,0.0000
A5-DC,dl_main,c_j2,E,0.2000,0.1000,0.4000,57.7868,57.7868,57.7868,0.0000
A5-DC,tj_ss,c_j1,E,0.1000,0.0500,0.2000,125.9480,125.9480,125.9480,0.0000
A5-DC,tj_pk50,c_j1,E,0.1000,0.0500,0.2000,104.3873,104.3954,104.3702,0.0252
A5-DC,tj_300,c_j1,E,0.1000,0.0500,0.2000,107.0576,107.0842,107.0042,0.0800
A5-DC,tj_180,c_j1,E,0.1000,0.0500,0.2000,95.8368,95.8642,95.7822,0.0820
A5-DC,case_ss,c_j1,E,0.1000,0.0500,0.2000,105.6945,105.6945,105.6945,0.0000
A5-DC,dl_case,c_j1,E,0.1000,0.0500,0.2000,87.2107,87.2107,87.2107,0.0000
A5-DC,surf5,c_j1,E,0.1000,0.0500,0.2000,32.2864,32.2934,32.2723,0.0211
A5-DC,petg_ss,c_j1,E,0.1000,0.0500,0.2000,65.9812,65.9812,65.9812,0.0000
A5-DC,petg_ss50,c_j1,E,0.1000,0.0500,0.2000,58.7059,58.7059,58.7059,0.0000
A5-DC,dl_petg,c_j1,E,0.1000,0.0500,0.2000,60.0510,60.0510,60.0510,0.0000
A5-DC,fr4_ss,c_j1,E,0.1000,0.0500,0.2000,74.8219,74.8219,74.8219,0.0000
A5-DC,bay_ss,c_j1,E,0.1000,0.0500,0.2000,67.0532,67.0532,67.0532,0.0000
A5-DC,dl_bay,c_j1,E,0.1000,0.0500,0.2000,61.3851,61.3851,61.3851,0.0000
A5-DC,cell30,c_j1,E,0.1000,0.0500,0.2000,50.6750,50.6750,50.6749,0.0001
A5-DC,main30,c_j1,E,0.1000,0.0500,0.2000,54.9195,54.9195,54.9193,0.0002
A5-DC,cell_ss50,c_j1,E,0.1000,0.0500,0.2000,57.5206,57.5206,57.5206,0.0000
A5-DC,dl_cell,c_j1,E,0.1000,0.0500,0.2000,58.8751,58.8751,58.8751,0.0000
A5-DC,dl_main,c_j1,E,0.1000,0.0500,0.2000,57.7868,57.7868,57.7868,0.0000
A5-DC,tj_ss,c_j_a4,E,0.0500,0.0200,0.1000,125.9480,125.9480,125.9480,0.0000
A5-DC,tj_pk50,c_j_a4,E,0.0500,0.0200,0.1000,104.3873,104.3873,104.3873,0.0000
A5-DC,tj_300,c_j_a4,E,0.0500,0.0200,0.1000,107.0576,107.0576,107.0576,0.0000
A5-DC,tj_180,c_j_a4,E,0.0500,0.0200,0.1000,95.8368,95.8368,95.8368,0.0000
A5-DC,case_ss,c_j_a4,E,0.0500,0.0200,0.1000,105.6945,105.6945,105.6945,0.0000
A5-DC,dl_case,c_j_a4,E,0.0500,0.0200,0.1000,87.2107,87.2107,87.2107,0.0000
A5-DC,surf5,c_j_a4,E,0.0500,0.0200,0.1000,32.2864,32.2864,32.2864,0.0000
A5-DC,petg_ss,c_j_a4,E,0.0500,0.0200,0.1000,65.9812,65.9812,65.9812,0.0000
A5-DC,petg_ss50,c_j_a4,E,0.0500,0.0200,0.1000,58.7059,58.7059,58.7059,0.0000
A5-DC,dl_petg,c_j_a4,E,0.0500,0.0200,0.1000,60.0510,60.0510,60.0510,0.0000
A5-DC,fr4_ss,c_j_a4,E,0.0500,0.0200,0.1000,74.8219,74.8219,74.8219,0.0000
A5-DC,bay_ss,c_j_a4,E,0.0500,0.0200,0.1000,67.0532,67.0532,67.0532,0.0000
A5-DC,dl_bay,c_j_a4,E,0.0500,0.0200,0.1000,61.3851,61.3851,61.3851,0.0000
A5-DC,cell30,c_j_a4,E,0.0500,0.0200,0.1000,50.6750,50.6750,50.6750,0.0000
A5-DC,main30,c_j_a4,E,0.0500,0.0200,0.1000,54.9195,54.9195,54.9195,0.0000
A5-DC,cell_ss50,c_j_a4,E,0.0500,0.0200,0.1000,57.5206,57.5206,57.5206,0.0000
A5-DC,dl_cell,c_j_a4,E,0.0500,0.0200,0.1000,58.8751,58.8751,58.8751,0.0000
A5-DC,dl_main,c_j_a4,E,0.0500,0.0200,0.1000,57.7868,57.7868,57.7868,0.0000
A5-DC,tj_ss,c_case_a4,E,1.0000,0.6000,1.6000,125.9480,125.9480,125.9480,0.0000
A5-DC,tj_pk50,c_case_a4,E,1.0000,0.6000,1.6000,104.3873,104.3873,104.3873,0.0000
A5-DC,tj_300,c_case_a4,E,1.0000,0.6000,1.6000,107.0576,107.0576,107.0576,0.0000
A5-DC,tj_180,c_case_a4,E,1.0000,0.6000,1.6000,95.8368,95.8368,95.8368,0.0000
A5-DC,case_ss,c_case_a4,E,1.0000,0.6000,1.6000,105.6945,105.6945,105.6945,0.0000
A5-DC,dl_case,c_case_a4,E,1.0000,0.6000,1.6000,87.2107,87.2107,87.2107,0.0000
A5-DC,surf5,c_case_a4,E,1.0000,0.6000,1.6000,32.2864,32.2864,32.2864,0.0000
A5-DC,petg_ss,c_case_a4,E,1.0000,0.6000,1.6000,65.9812,65.9812,65.9812,0.0000
A5-DC,petg_ss50,c_case_a4,E,1.0000,0.6000,1.6000,58.7059,58.7059,58.7059,0.0000
A5-DC,dl_petg,c_case_a4,E,1.0000,0.6000,1.6000,60.0510,60.0510,60.0510,0.0000
A5-DC,fr4_ss,c_case_a4,E,1.0000,0.6000,1.6000,74.8219,74.8219,74.8219,0.0000
A5-DC,bay_ss,c_case_a4,E,1.0000,0.6000,1.6000,67.0532,67.0532,67.0532,0.0000
A5-DC,dl_bay,c_case_a4,E,1.0000,0.6000,1.6000,61.3851,61.3851,61.3851,0.0000
A5-DC,cell30,c_case_a4,E,1.0000,0.6000,1.6000,50.6750,50.6750,50.6750,0.0000
A5-DC,main30,c_case_a4,E,1.0000,0.6000,1.6000,54.9195,54.9195,54.9195,0.0000
A5-DC,cell_ss50,c_case_a4,E,1.0000,0.6000,1.6000,57.5206,57.5206,57.5206,0.0000
A5-DC,dl_cell,c_case_a4,E,1.0000,0.6000,1.6000,58.8751,58.8751,58.8751,0.0000
A5-DC,dl_main,c_case_a4,E,1.0000,0.6000,1.6000,57.7868,57.7868,57.7868,0.0000
A4-R4,tj_ss,r_feed,E,0.2600,0.2600,0.4500,130.9394,130.9394,127.3344,3.6049
A4-R4,tj_pk50,r_feed,E,0.2600,0.2600,0.4500,111.8624,111.8624,108.6298,3.2325
A4-R4,tj_300,r_feed,E,0.2600,0.2600,0.4500,107.5455,107.5455,103.8172,3.7283
A4-R4,tj_180,r_feed,E,0.2600,0.2600,0.4500,99.5925,99.5925,96.1936,3.3989
A4-R4,case_ss,r_feed,E,0.2600,0.2600,0.4500,106.5167,106.5167,104.5200,1.9967
A4-R4,dl_case,r_feed,E,0.2600,0.2600,0.4500,77.6990,77.6990,76.6266,1.0725
A4-R4,surf5,r_feed,E,0.2600,0.2600,0.4500,49.6562,49.6562,48.4204,1.2358
A4-R4,petg_ss,r_feed,E,0.2600,0.2600,0.4500,68.3442,68.3442,68.7703,0.4261
A4-R4,petg_ss50,r_feed,E,0.2600,0.2600,0.4500,59.5907,59.5907,59.8069,0.2162
A4-R4,dl_petg,r_feed,E,0.2600,0.2600,0.4500,58.6487,58.6487,58.8462,0.1975
A4-R4,bay_ss,r_feed,E,0.2600,0.2600,0.4500,73.3321,73.3321,75.3866,2.0545
A4-R4,dl_bay,r_feed,E,0.2600,0.2600,0.4500,63.4999,63.4999,64.5374,1.0375
A4-R4,cell30,r_feed,E,0.2600,0.2600,0.4500,52.4374,52.4374,52.8701,0.4328
A4-R4,main30,r_feed,E,0.2600,0.2600,0.4500,61.7194,61.7194,62.7637,1.0443
A4-R4,cell_ss50,r_feed,E,0.2600,0.2600,0.4500,62.4115,62.4115,63.2914,0.8799
A4-R4,dl_cell,r_feed,E,0.2600,0.2600,0.4500,61.4715,61.4715,62.2757,0.8042
A4-R4,dl_main,r_feed,E,0.2600,0.2600,0.4500,63.4999,63.4999,64.5374,1.0375
A4-R4,tj_ss,r_cellpath,E,0.0600,0.0500,0.1000,130.9394,130.9465,130.9108,0.0357
A4-R4,tj_pk50,r_cellpath,E,0.0600,0.0500,0.1000,111.8624,111.8670,111.8440,0.0230
A4-R4,tj_300,r_cellpath,E,0.0600,0.0500,0.1000,107.5455,107.5542,107.5108,0.0434
A4-R4,tj_180,r_cellpath,E,0.0600,0.0500,0.1000,99.5925,99.5965,99.5763,0.0202
A4-R4,case_ss,r_cellpath,E,0.0600,0.0500,0.1000,106.5167,106.5238,106.4881,0.0357
A4-R4,dl_case,r_cellpath,E,0.0600,0.0500,0.1000,77.6990,77.7032,77.6824,0.0208
A4-R4,surf5,r_cellpath,E,0.0600,0.0500,0.1000,49.6562,49.6647,49.6224,0.0423
A4-R4,petg_ss,r_cellpath,E,0.0600,0.0500,0.1000,68.3442,68.3577,68.2901,0.0676
A4-R4,petg_ss50,r_cellpath,E,0.0600,0.0500,0.1000,59.5907,59.5982,59.5605,0.0376
A4-R4,dl_petg,r_cellpath,E,0.0600,0.0500,0.1000,58.6487,58.6556,58.6212,0.0343
A4-R4,bay_ss,r_cellpath,E,0.0600,0.0500,0.1000,73.3321,73.3632,73.2077,0.1555
A4-R4,dl_bay,r_cellpath,E,0.0600,0.0500,0.1000,63.4999,63.5155,63.4372,0.0784
A4-R4,cell30,r_cellpath,E,0.0600,0.0500,0.1000,52.4374,52.2748,53.0876,0.8129
A4-R4,main30,r_cellpath,E,0.0600,0.0500,0.1000,61.7194,61.7628,61.5459,0.2169
A4-R4,cell_ss50,r_cellpath,E,0.0600,0.0500,0.1000,62.4115,62.1274,63.5477,1.4203
A4-R4,dl_cell,r_cellpath,E,0.0600,0.0500,0.1000,61.4715,61.2142,62.5008,1.2867
A4-R4,dl_main,r_cellpath,E,0.0600,0.0500,0.1000,63.4999,63.5155,63.4372,0.0784
A4-R4,tj_ss,i_bus,E,0.3000,0.2500,0.4000,130.9394,130.8764,131.0709,0.1946
A4-R4,tj_pk50,i_bus,E,0.3000,0.2500,0.4000,111.8624,111.8176,111.9587,0.1411
A4-R4,tj_300,i_bus,E,0.3000,0.2500,0.4000,107.5455,107.5347,107.5681,0.0334
A4-R4,tj_180,i_bus,E,0.3000,0.2500,0.4000,99.5925,99.5876,99.6027,0.0151
A4-R4,case_ss,i_bus,E,0.3000,0.2500,0.4000,106.5167,106.4536,106.6482,0.1946
A4-R4,dl_case,i_bus,E,0.3000,0.2500,0.4000,77.6990,77.6572,77.7895,0.1323
A4-R4,surf5,i_bus,E,0.3000,0.2500,0.4000,49.6562,49.6457,49.6782,0.0325
A4-R4,petg_ss,i_bus,E,0.3000,0.2500,0.4000,68.3442,68.2503,68.5405,0.2902
A4-R4,petg_ss50,i_bus,E,0.3000,0.2500,0.4000,59.5907,59.5315,59.7180,0.1864
A4-R4,dl_petg,i_bus,E,0.3000,0.2500,0.4000,58.6487,58.5935,58.7683,0.1748
A4-R4,bay_ss,i_bus,E,0.3000,0.2500,0.4000,73.3321,73.1271,73.7600,0.6329
A4-R4,dl_bay,i_bus,E,0.3000,0.2500,0.4000,63.4999,63.3802,63.7590,0.3788
A4-R4,cell30,i_bus,E,0.3000,0.2500,0.4000,52.4374,52.3237,52.6824,0.3587
A4-R4,main30,i_bus,E,0.3000,0.2500,0.4000,61.7194,61.6139,61.9465,0.3326
A4-R4,cell_ss50,i_bus,E,0.3000,0.2500,0.4000,62.4115,62.1922,62.8838,0.6916
A4-R4,dl_cell,i_bus,E,0.3000,0.2500,0.4000,61.4715,61.2673,61.9137,0.6464
A4-R4,dl_main,i_bus,E,0.3000,0.2500,0.4000,63.4999,63.3802,63.7590,0.3788
A4-R4,tj_ss,a5_idd,DD,1.9700,1.7900,1.9700,130.9394,130.9394,130.9394,0.0000
A4-R4,tj_pk50,a5_idd,DD,1.9700,1.7900,1.9700,111.8624,111.8624,111.8624,0.0000
A4-R4,tj_300,a5_idd,DD,1.9700,1.7900,1.9700,107.5455,107.5455,107.5455,0.0000
A4-R4,tj_180,a5_idd,DD,1.9700,1.7900,1.9700,99.5925,99.5925,99.5925,0.0000
A4-R4,case_ss,a5_idd,DD,1.9700,1.7900,1.9700,106.5167,106.5167,106.5167,0.0000
A4-R4,dl_case,a5_idd,DD,1.9700,1.7900,1.9700,77.6990,77.6990,77.6990,0.0000
A4-R4,surf5,a5_idd,DD,1.9700,1.7900,1.9700,49.6562,49.6562,49.6562,0.0000
A4-R4,petg_ss,a5_idd,DD,1.9700,1.7900,1.9700,68.3442,68.3442,68.3442,0.0000
A4-R4,petg_ss50,a5_idd,DD,1.9700,1.7900,1.9700,59.5907,59.5907,59.5907,0.0000
A4-R4,dl_petg,a5_idd,DD,1.9700,1.7900,1.9700,58.6487,58.6487,58.6487,0.0000
A4-R4,bay_ss,a5_idd,DD,1.9700,1.7900,1.9700,73.3321,73.3321,73.3321,0.0000
A4-R4,dl_bay,a5_idd,DD,1.9700,1.7900,1.9700,63.4999,63.4999,63.4999,0.0000
A4-R4,cell30,a5_idd,DD,1.9700,1.7900,1.9700,52.4374,52.4374,52.4374,0.0000
A4-R4,main30,a5_idd,DD,1.9700,1.7900,1.9700,61.7194,61.7194,61.7194,0.0000
A4-R4,cell_ss50,a5_idd,DD,1.9700,1.7900,1.9700,62.4115,62.4115,62.4115,0.0000
A4-R4,dl_cell,a5_idd,DD,1.9700,1.7900,1.9700,61.4715,61.4715,61.4715,0.0000
A4-R4,dl_main,a5_idd,DD,1.9700,1.7900,1.9700,63.4999,63.4999,63.4999,0.0000
A4-R4,tj_ss,a5_p1,DD,1.5000,1.2000,1.8000,130.9394,130.9394,130.9394,0.0000
A4-R4,tj_pk50,a5_p1,DD,1.5000,1.2000,1.8000,111.8624,111.8624,111.8624,0.0000
A4-R4,tj_300,a5_p1,DD,1.5000,1.2000,1.8000,107.5455,107.5455,107.5455,0.0000
A4-R4,tj_180,a5_p1,DD,1.5000,1.2000,1.8000,99.5925,99.5925,99.5925,0.0000
A4-R4,case_ss,a5_p1,DD,1.5000,1.2000,1.8000,106.5167,106.5167,106.5167,0.0000
A4-R4,dl_case,a5_p1,DD,1.5000,1.2000,1.8000,77.6990,77.6990,77.6990,0.0000
A4-R4,surf5,a5_p1,DD,1.5000,1.2000,1.8000,49.6562,49.6562,49.6562,0.0000
A4-R4,petg_ss,a5_p1,DD,1.5000,1.2000,1.8000,68.3442,68.3442,68.3442,0.0000
A4-R4,petg_ss50,a5_p1,DD,1.5000,1.2000,1.8000,59.5907,59.5907,59.5907,0.0000
A4-R4,dl_petg,a5_p1,DD,1.5000,1.2000,1.8000,58.6487,58.6487,58.6487,0.0000
A4-R4,bay_ss,a5_p1,DD,1.5000,1.2000,1.8000,73.3321,73.3321,73.3321,0.0000
A4-R4,dl_bay,a5_p1,DD,1.5000,1.2000,1.8000,63.4999,63.4999,63.4999,0.0000
A4-R4,cell30,a5_p1,DD,1.5000,1.2000,1.8000,52.4374,52.4374,52.4374,0.0000
A4-R4,main30,a5_p1,DD,1.5000,1.2000,1.8000,61.7194,61.7194,61.7194,0.0000
A4-R4,cell_ss50,a5_p1,DD,1.5000,1.2000,1.8000,62.4115,62.4115,62.4115,0.0000
A4-R4,dl_cell,a5_p1,DD,1.5000,1.2000,1.8000,61.4715,61.4715,61.4715,0.0000
A4-R4,dl_main,a5_p1,DD,1.5000,1.2000,1.8000,63.4999,63.4999,63.4999,0.0000
A4-R4,tj_ss,a5_rjc2,D,2.4000,2.1600,2.6400,130.9394,130.9394,130.9394,0.0000
A4-R4,tj_pk50,a5_rjc2,D,2.4000,2.1600,2.6400,111.8624,111.8624,111.8624,0.0000
A4-R4,tj_300,a5_rjc2,D,2.4000,2.1600,2.6400,107.5455,107.5455,107.5455,0.0000
A4-R4,tj_180,a5_rjc2,D,2.4000,2.1600,2.6400,99.5925,99.5925,99.5925,0.0000
A4-R4,case_ss,a5_rjc2,D,2.4000,2.1600,2.6400,106.5167,106.5167,106.5167,0.0000
A4-R4,dl_case,a5_rjc2,D,2.4000,2.1600,2.6400,77.6990,77.6990,77.6990,0.0000
A4-R4,surf5,a5_rjc2,D,2.4000,2.1600,2.6400,49.6562,49.6562,49.6562,0.0000
A4-R4,petg_ss,a5_rjc2,D,2.4000,2.1600,2.6400,68.3442,68.3442,68.3442,0.0000
A4-R4,petg_ss50,a5_rjc2,D,2.4000,2.1600,2.6400,59.5907,59.5907,59.5907,0.0000
A4-R4,dl_petg,a5_rjc2,D,2.4000,2.1600,2.6400,58.6487,58.6487,58.6487,0.0000
A4-R4,bay_ss,a5_rjc2,D,2.4000,2.1600,2.6400,73.3321,73.3321,73.3321,0.0000
A4-R4,dl_bay,a5_rjc2,D,2.4000,2.1600,2.6400,63.4999,63.4999,63.4999,0.0000
A4-R4,cell30,a5_rjc2,D,2.4000,2.1600,2.6400,52.4374,52.4374,52.4374,0.0000
A4-R4,main30,a5_rjc2,D,2.4000,2.1600,2.6400,61.7194,61.7194,61.7194,0.0000
A4-R4,cell_ss50,a5_rjc2,D,2.4000,2.1600,2.6400,62.4115,62.4115,62.4115,0.0000
A4-R4,dl_cell,a5_rjc2,D,2.4000,2.1600,2.6400,61.4715,61.4715,61.4715,0.0000
A4-R4,dl_main,a5_rjc2,D,2.4000,2.1600,2.6400,63.4999,63.4999,63.4999,0.0000
A4-R4,tj_ss,a5_rjc1,D,4.5000,4.0500,4.9500,130.9394,130.9394,130.9394,0.0000
A4-R4,tj_pk50,a5_rjc1,D,4.5000,4.0500,4.9500,111.8624,111.8624,111.8624,0.0000
A4-R4,tj_300,a5_rjc1,D,4.5000,4.0500,4.9500,107.5455,107.5455,107.5455,0.0000
A4-R4,tj_180,a5_rjc1,D,4.5000,4.0500,4.9500,99.5925,99.5925,99.5925,0.0000
A4-R4,case_ss,a5_rjc1,D,4.5000,4.0500,4.9500,106.5167,106.5167,106.5167,0.0000
A4-R4,dl_case,a5_rjc1,D,4.5000,4.0500,4.9500,77.6990,77.6990,77.6990,0.0000
A4-R4,surf5,a5_rjc1,D,4.5000,4.0500,4.9500,49.6562,49.6562,49.6562,0.0000
A4-R4,petg_ss,a5_rjc1,D,4.5000,4.0500,4.9500,68.3442,68.3442,68.3442,0.0000
A4-R4,petg_ss50,a5_rjc1,D,4.5000,4.0500,4.9500,59.5907,59.5907,59.5907,0.0000
A4-R4,dl_petg,a5_rjc1,D,4.5000,4.0500,4.9500,58.6487,58.6487,58.6487,0.0000
A4-R4,bay_ss,a5_rjc1,D,4.5000,4.0500,4.9500,73.3321,73.3321,73.3321,0.0000
A4-R4,dl_bay,a5_rjc1,D,4.5000,4.0500,4.9500,63.4999,63.4999,63.4999,0.0000
A4-R4,cell30,a5_rjc1,D,4.5000,4.0500,4.9500,52.4374,52.4374,52.4374,0.0000
A4-R4,main30,a5_rjc1,D,4.5000,4.0500,4.9500,61.7194,61.7194,61.7194,0.0000
A4-R4,cell_ss50,a5_rjc1,D,4.5000,4.0500,4.9500,62.4115,62.4115,62.4115,0.0000
A4-R4,dl_cell,a5_rjc1,D,4.5000,4.0500,4.9500,61.4715,61.4715,61.4715,0.0000
A4-R4,dl_main,a5_rjc1,D,4.5000,4.0500,4.9500,63.4999,63.4999,63.4999,0.0000
A4-R4,tj_ss,a5_bond,E,0.0001,0.0000,0.0001,130.9394,130.9394,130.9394,0.0000
A4-R4,tj_pk50,a5_bond,E,0.0001,0.0000,0.0001,111.8624,111.8624,111.8624,0.0000
A4-R4,tj_300,a5_bond,E,0.0001,0.0000,0.0001,107.5455,107.5455,107.5455,0.0000
A4-R4,tj_180,a5_bond,E,0.0001,0.0000,0.0001,99.5925,99.5925,99.5925,0.0000
A4-R4,case_ss,a5_bond,E,0.0001,0.0000,0.0001,106.5167,106.5167,106.5167,0.0000
A4-R4,dl_case,a5_bond,E,0.0001,0.0000,0.0001,77.6990,77.6990,77.6990,0.0000
A4-R4,surf5,a5_bond,E,0.0001,0.0000,0.0001,49.6562,49.6562,49.6562,0.0000
A4-R4,petg_ss,a5_bond,E,0.0001,0.0000,0.0001,68.3442,68.3442,68.3442,0.0000
A4-R4,petg_ss50,a5_bond,E,0.0001,0.0000,0.0001,59.5907,59.5907,59.5907,0.0000
A4-R4,dl_petg,a5_bond,E,0.0001,0.0000,0.0001,58.6487,58.6487,58.6487,0.0000
A4-R4,bay_ss,a5_bond,E,0.0001,0.0000,0.0001,73.3321,73.3321,73.3321,0.0000
A4-R4,dl_bay,a5_bond,E,0.0001,0.0000,0.0001,63.4999,63.4999,63.4999,0.0000
A4-R4,cell30,a5_bond,E,0.0001,0.0000,0.0001,52.4374,52.4374,52.4374,0.0000
A4-R4,main30,a5_bond,E,0.0001,0.0000,0.0001,61.7194,61.7194,61.7194,0.0000
A4-R4,cell_ss50,a5_bond,E,0.0001,0.0000,0.0001,62.4115,62.4115,62.4115,0.0000
A4-R4,dl_cell,a5_bond,E,0.0001,0.0000,0.0001,61.4715,61.4715,61.4715,0.0000
A4-R4,dl_main,a5_bond,E,0.0001,0.0000,0.0001,63.4999,63.4999,63.4999,0.0000
A4-R4,tj_ss,k_tim,E,0.7000,0.6000,0.8000,130.9394,130.9394,130.9394,0.0000
A4-R4,tj_pk50,k_tim,E,0.7000,0.6000,0.8000,111.8624,111.8624,111.8624,0.0000
A4-R4,tj_300,k_tim,E,0.7000,0.6000,0.8000,107.5455,107.5455,107.5455,0.0000
A4-R4,tj_180,k_tim,E,0.7000,0.6000,0.8000,99.5925,99.5925,99.5925,0.0000
A4-R4,case_ss,k_tim,E,0.7000,0.6000,0.8000,106.5167,106.5167,106.5167,0.0000
A4-R4,dl_case,k_tim,E,0.7000,0.6000,0.8000,77.6990,77.6990,77.6990,0.0000
A4-R4,surf5,k_tim,E,0.7000,0.6000,0.8000,49.6562,49.6562,49.6562,0.0000
A4-R4,petg_ss,k_tim,E,0.7000,0.6000,0.8000,68.3442,68.3442,68.3442,0.0000
A4-R4,petg_ss50,k_tim,E,0.7000,0.6000,0.8000,59.5907,59.5907,59.5907,0.0000
A4-R4,dl_petg,k_tim,E,0.7000,0.6000,0.8000,58.6487,58.6487,58.6487,0.0000
A4-R4,bay_ss,k_tim,E,0.7000,0.6000,0.8000,73.3321,73.3321,73.3321,0.0000
A4-R4,dl_bay,k_tim,E,0.7000,0.6000,0.8000,63.4999,63.4999,63.4999,0.0000
A4-R4,cell30,k_tim,E,0.7000,0.6000,0.8000,52.4374,52.4374,52.4374,0.0000
A4-R4,main30,k_tim,E,0.7000,0.6000,0.8000,61.7194,61.7194,61.7194,0.0000
A4-R4,cell_ss50,k_tim,E,0.7000,0.6000,0.8000,62.4115,62.4115,62.4115,0.0000
A4-R4,dl_cell,k_tim,E,0.7000,0.6000,0.8000,61.4715,61.4715,61.4715,0.0000
A4-R4,dl_main,k_tim,E,0.7000,0.6000,0.8000,63.4999,63.4999,63.4999,0.0000
A4-R4,tj_ss,r_spread_x,E,0.0000,0.0000,0.3000,130.9394,130.9394,130.9394,0.0000
A4-R4,tj_pk50,r_spread_x,E,0.0000,0.0000,0.3000,111.8624,111.8624,111.8624,0.0000
A4-R4,tj_300,r_spread_x,E,0.0000,0.0000,0.3000,107.5455,107.5455,107.5455,0.0000
A4-R4,tj_180,r_spread_x,E,0.0000,0.0000,0.3000,99.5925,99.5925,99.5925,0.0000
A4-R4,case_ss,r_spread_x,E,0.0000,0.0000,0.3000,106.5167,106.5167,106.5167,0.0000
A4-R4,dl_case,r_spread_x,E,0.0000,0.0000,0.3000,77.6990,77.6990,77.6990,0.0000
A4-R4,surf5,r_spread_x,E,0.0000,0.0000,0.3000,49.6562,49.6562,49.6562,0.0000
A4-R4,petg_ss,r_spread_x,E,0.0000,0.0000,0.3000,68.3442,68.3442,68.3442,0.0000
A4-R4,petg_ss50,r_spread_x,E,0.0000,0.0000,0.3000,59.5907,59.5907,59.5907,0.0000
A4-R4,dl_petg,r_spread_x,E,0.0000,0.0000,0.3000,58.6487,58.6487,58.6487,0.0000
A4-R4,bay_ss,r_spread_x,E,0.0000,0.0000,0.3000,73.3321,73.3321,73.3321,0.0000
A4-R4,dl_bay,r_spread_x,E,0.0000,0.0000,0.3000,63.4999,63.4999,63.4999,0.0000
A4-R4,cell30,r_spread_x,E,0.0000,0.0000,0.3000,52.4374,52.4374,52.4374,0.0000
A4-R4,main30,r_spread_x,E,0.0000,0.0000,0.3000,61.7194,61.7194,61.7194,0.0000
A4-R4,cell_ss50,r_spread_x,E,0.0000,0.0000,0.3000,62.4115,62.4115,62.4115,0.0000
A4-R4,dl_cell,r_spread_x,E,0.0000,0.0000,0.3000,61.4715,61.4715,61.4715,0.0000
A4-R4,dl_main,r_spread_x,E,0.0000,0.0000,0.3000,63.4999,63.4999,63.4999,0.0000
A4-R4,tj_ss,a4_isat,DD,1.3870,1.2610,1.5580,130.9394,118.9762,146.3458,27.3695
A4-R4,tj_pk50,a4_isat,DD,1.3870,1.2610,1.5580,111.8624,101.7692,125.2857,23.5165
A4-R4,tj_300,a4_isat,DD,1.3870,1.2610,1.5580,107.5455,97.1239,121.4450,24.3211
A4-R4,tj_180,a4_isat,DD,1.3870,1.2610,1.5580,99.5925,90.3270,112.0153,21.6882
A4-R4,case_ss,a4_isat,DD,1.3870,1.2610,1.5580,106.5167,98.8288,116.1790,17.3502
A4-R4,dl_case,a4_isat,DD,1.3870,1.2610,1.5580,77.6990,73.4702,83.2433,9.7731
A4-R4,surf5,a4_isat,DD,1.3870,1.2610,1.5580,49.6562,45.8721,54.6348,8.7627
A4-R4,petg_ss,a4_isat,DD,1.3870,1.2610,1.5580,68.3442,65.9397,71.4418,5.5022
A4-R4,petg_ss50,a4_isat,DD,1.3870,1.2610,1.5580,59.5907,58.2021,61.4371,3.2349
A4-R4,dl_petg,a4_isat,DD,1.3870,1.2610,1.5580,58.6487,57.3822,60.3308,2.9486
A4-R4,bay_ss,a4_isat,DD,1.3870,1.2610,1.5580,73.3321,71.1149,76.2814,5.1665
A4-R4,dl_bay,a4_isat,DD,1.3870,1.2610,1.5580,63.4999,62.3902,65.0075,2.6173
A4-R4,cell30,a4_isat,DD,1.3870,1.2610,1.5580,52.4374,51.8951,53.1987,1.3035
A4-R4,main30,a4_isat,DD,1.3870,1.2610,1.5580,61.7194,60.6610,63.1564,2.4954
A4-R4,cell_ss50,a4_isat,DD,1.3870,1.2610,1.5580,62.4115,61.1424,64.1670,3.0245
A4-R4,dl_cell,a4_isat,DD,1.3870,1.2610,1.5580,61.4715,60.3223,63.0602,2.7378
A4-R4,dl_main,a4_isat,DD,1.3870,1.2610,1.5580,63.4999,62.3902,65.0075,2.6173
A4-R4,tj_ss,a4_rjc,D,4.4000,3.9600,4.8400,130.9394,128.4971,133.3817,4.8845
A4-R4,tj_pk50,a4_rjc,D,4.4000,3.9600,4.8400,111.8624,109.4250,114.2997,4.8747
A4-R4,tj_300,a4_rjc,D,4.4000,3.9600,4.8400,107.5455,105.1055,109.9855,4.8799
A4-R4,tj_180,a4_rjc,D,4.4000,3.9600,4.8400,99.5925,97.1533,102.0316,4.8783
A4-R4,case_ss,a4_rjc,D,4.4000,3.9600,4.8400,106.5167,106.5167,106.5167,0.0000
A4-R4,dl_case,a4_rjc,D,4.4000,3.9600,4.8400,77.6990,77.6990,77.6990,0.0000
A4-R4,surf5,a4_rjc,D,4.4000,3.9600,4.8400,49.6562,49.6573,49.6552,0.0021
A4-R4,petg_ss,a4_rjc,D,4.4000,3.9600,4.8400,68.3442,68.3442,68.3442,0.0000
A4-R4,petg_ss50,a4_rjc,D,4.4000,3.9600,4.8400,59.5907,59.5907,59.5907,0.0000
A4-R4,dl_petg,a4_rjc,D,4.4000,3.9600,4.8400,58.6487,58.6487,58.6487,0.0000
A4-R4,bay_ss,a4_rjc,D,4.4000,3.9600,4.8400,73.3321,73.3321,73.3321,0.0000
A4-R4,dl_bay,a4_rjc,D,4.4000,3.9600,4.8400,63.4999,63.4999,63.4999,0.0000
A4-R4,cell30,a4_rjc,D,4.4000,3.9600,4.8400,52.4374,52.4374,52.4373,0.0001
A4-R4,main30,a4_rjc,D,4.4000,3.9600,4.8400,61.7194,61.7194,61.7194,0.0000
A4-R4,cell_ss50,a4_rjc,D,4.4000,3.9600,4.8400,62.4115,62.4115,62.4115,0.0000
A4-R4,dl_cell,a4_rjc,D,4.4000,3.9600,4.8400,61.4715,61.4715,61.4715,0.0000
A4-R4,dl_main,a4_rjc,D,4.4000,3.9600,4.8400,63.4999,63.4999,63.4999,0.0000
A4-R4,tj_ss,a4_r_pad,E,0.8000,0.5000,1.5000,130.9394,129.3328,134.6771,5.3443
A4-R4,tj_pk50,a4_r_pad,E,0.8000,0.5000,1.5000,111.8624,110.3380,115.2687,4.9307
A4-R4,tj_300,a4_r_pad,E,0.8000,0.5000,1.5000,107.5455,105.9663,111.2195,5.2532
A4-R4,tj_180,a4_r_pad,E,0.8000,0.5000,1.5000,99.5925,98.0158,103.2606,5.2448
A4-R4,case_ss,a4_r_pad,E,0.8000,0.5000,1.5000,106.5167,104.9101,110.2544,5.3443
A4-R4,dl_case,a4_r_pad,E,0.8000,0.5000,1.5000,77.6990,76.9784,79.3756,2.3972
A4-R4,surf5,a4_r_pad,E,0.8000,0.5000,1.5000,49.6562,49.6882,49.5819,0.1063
A4-R4,petg_ss,a4_r_pad,E,0.8000,0.5000,1.5000,68.3442,68.3439,68.3450,0.0012
A4-R4,petg_ss50,a4_r_pad,E,0.8000,0.5000,1.5000,59.5907,59.5909,59.5900,0.0010
A4-R4,dl_petg,a4_r_pad,E,0.8000,0.5000,1.5000,58.6487,58.6490,58.6481,0.0009
A4-R4,bay_ss,a4_r_pad,E,0.8000,0.5000,1.5000,73.3321,73.3162,73.3692,0.0530
A4-R4,dl_bay,a4_r_pad,E,0.8000,0.5000,1.5000,63.4999,63.4923,63.5175,0.0252
A4-R4,cell30,a4_r_pad,E,0.8000,0.5000,1.5000,52.4374,52.4345,52.4440,0.0095
A4-R4,main30,a4_r_pad,E,0.8000,0.5000,1.5000,61.7194,61.7119,61.7368,0.0248
A4-R4,cell_ss50,a4_r_pad,E,0.8000,0.5000,1.5000,62.4115,62.4051,62.4263,0.0211
A4-R4,dl_cell,a4_r_pad,E,0.8000,0.5000,1.5000,61.4715,61.4657,61.4849,0.0192
A4-R4,dl_main,a4_r_pad,E,0.8000,0.5000,1.5000,63.4999,63.4923,63.5175,0.0252
A4-R4,tj_ss,a4_r_via,DD,1.1000,0.9000,1.6000,130.9394,129.8687,133.6107,3.7421
A4-R4,tj_pk50,a4_r_via,DD,1.1000,0.9000,1.6000,111.8624,110.8498,114.3191,3.4693
A4-R4,tj_300,a4_r_via,DD,1.1000,0.9000,1.6000,107.5455,106.4930,110.1713,3.6783
A4-R4,tj_180,a4_r_via,DD,1.1000,0.9000,1.6000,99.5925,98.5417,102.2141,3.6724
A4-R4,case_ss,a4_r_via,DD,1.1000,0.9000,1.6000,106.5167,105.4459,109.1880,3.7421
A4-R4,dl_case,a4_r_via,DD,1.1000,0.9000,1.6000,77.6990,77.2187,78.8973,1.6786
A4-R4,surf5,a4_r_via,DD,1.1000,0.9000,1.6000,49.6562,49.6775,49.6031,0.0745
A4-R4,petg_ss,a4_r_via,DD,1.1000,0.9000,1.6000,68.3442,68.3440,68.3448,0.0008
A4-R4,petg_ss50,a4_r_via,DD,1.1000,0.9000,1.6000,59.5907,59.5908,59.5902,0.0007
A4-R4,dl_petg,a4_r_via,DD,1.1000,0.9000,1.6000,58.6487,58.6489,58.6482,0.0007
A4-R4,bay_ss,a4_r_via,DD,1.1000,0.9000,1.6000,73.3321,73.3215,73.3587,0.0371
A4-R4,dl_bay,a4_r_via,DD,1.1000,0.9000,1.6000,63.4999,63.4948,63.5125,0.0177
A4-R4,cell30,a4_r_via,DD,1.1000,0.9000,1.6000,52.4374,52.4355,52.4421,0.0067
A4-R4,main30,a4_r_via,DD,1.1000,0.9000,1.6000,61.7194,61.7144,61.7318,0.0174
A4-R4,cell_ss50,a4_r_via,DD,1.1000,0.9000,1.6000,62.4115,62.4072,62.4221,0.0148
A4-R4,dl_cell,a4_r_via,DD,1.1000,0.9000,1.6000,61.4715,61.4676,61.4811,0.0134
A4-R4,dl_main,a4_r_via,DD,1.1000,0.9000,1.6000,63.4999,63.4948,63.5125,0.0177
A4-R4,tj_ss,a4_r_bs,E,0.6000,0.4000,1.0000,130.9394,129.8687,133.0771,3.2084
A4-R4,tj_pk50,a4_r_bs,E,0.6000,0.4000,1.0000,111.8624,110.8498,113.8370,2.9871
A4-R4,tj_300,a4_r_bs,E,0.6000,0.4000,1.0000,107.5455,106.4930,109.6468,3.1538
A4-R4,tj_180,a4_r_bs,E,0.6000,0.4000,1.0000,99.5925,98.5417,101.6904,3.1487
A4-R4,case_ss,a4_r_bs,E,0.6000,0.4000,1.0000,106.5167,105.4459,108.6544,3.2084
A4-R4,dl_case,a4_r_bs,E,0.6000,0.4000,1.0000,77.6990,77.2187,78.6579,1.4392
A4-R4,surf5,a4_r_bs,E,0.6000,0.4000,1.0000,49.6562,49.6775,49.6137,0.0638
A4-R4,petg_ss,a4_r_bs,E,0.6000,0.4000,1.0000,68.3442,68.3440,68.3447,0.0007
A4-R4,petg_ss50,a4_r_bs,E,0.6000,0.4000,1.0000,59.5907,59.5908,59.5903,0.0006
A4-R4,dl_petg,a4_r_bs,E,0.6000,0.4000,1.0000,58.6487,58.6489,58.6483,0.0006
A4-R4,bay_ss,a4_r_bs,E,0.6000,0.4000,1.0000,73.3321,73.3215,73.3534,0.0318
A4-R4,dl_bay,a4_r_bs,E,0.6000,0.4000,1.0000,63.4999,63.4948,63.5100,0.0151
A4-R4,cell30,a4_r_bs,E,0.6000,0.4000,1.0000,52.4374,52.4355,52.4412,0.0057
A4-R4,main30,a4_r_bs,E,0.6000,0.4000,1.0000,61.7194,61.7144,61.7293,0.0149
A4-R4,cell_ss50,a4_r_bs,E,0.6000,0.4000,1.0000,62.4115,62.4072,62.4199,0.0127
A4-R4,dl_cell,a4_r_bs,E,0.6000,0.4000,1.0000,61.4715,61.4676,61.4792,0.0115
A4-R4,dl_main,a4_r_bs,E,0.6000,0.4000,1.0000,63.4999,63.4948,63.5100,0.0151
A4-R4,tj_ss,a4_gva_on_sink,E,0.5000,0.0000,0.5000,130.9394,128.3152,130.9394,2.6241
A4-R4,tj_pk50,a4_gva_on_sink,E,0.5000,0.0000,0.5000,111.8624,110.1395,111.8624,1.7229
A4-R4,tj_300,a4_gva_on_sink,E,0.5000,0.0000,0.5000,107.5455,105.6203,107.5455,1.9252
A4-R4,tj_180,a4_gva_on_sink,E,0.5000,0.0000,0.5000,99.5925,98.2484,99.5925,1.3441
A4-R4,case_ss,a4_gva_on_sink,E,0.5000,0.0000,0.5000,106.5167,103.8925,106.5167,2.6241
A4-R4,dl_case,a4_gva_on_sink,E,0.5000,0.0000,0.5000,77.6990,76.1316,77.6990,1.5675
A4-R4,surf5,a4_gva_on_sink,E,0.5000,0.0000,0.5000,49.6562,47.7059,49.6562,1.9503
A4-R4,petg_ss,a4_gva_on_sink,E,0.5000,0.0000,0.5000,68.3442,67.2341,68.3442,1.1101
A4-R4,petg_ss50,a4_gva_on_sink,E,0.5000,0.0000,0.5000,59.5907,58.9441,59.5907,0.6465
A4-R4,dl_petg,a4_gva_on_sink,E,0.5000,0.0000,0.5000,58.6487,58.0585,58.6487,0.5902
A4-R4,bay_ss,a4_gva_on_sink,E,0.5000,0.0000,0.5000,73.3321,72.4692,73.3321,0.8629
A4-R4,dl_bay,a4_gva_on_sink,E,0.5000,0.0000,0.5000,63.4999,63.0629,63.4999,0.4370
A4-R4,cell30,a4_gva_on_sink,E,0.5000,0.0000,0.5000,52.4374,52.2842,52.4374,0.1531
A4-R4,main30,a4_gva_on_sink,E,0.5000,0.0000,0.5000,61.7194,61.2972,61.7194,0.4222
A4-R4,cell_ss50,a4_gva_on_sink,E,0.5000,0.0000,0.5000,62.4115,62.0035,62.4115,0.4080
A4-R4,dl_cell,a4_gva_on_sink,E,0.5000,0.0000,0.5000,61.4715,61.1013,61.4715,0.3702
A4-R4,dl_main,a4_gva_on_sink,E,0.5000,0.0000,0.5000,63.4999,63.0629,63.4999,0.4370
A4-R4,tj_ss,sink_mass,DD,57.0000,52.0000,62.0000,130.9394,130.9394,130.9394,0.0000
A4-R4,tj_pk50,sink_mass,DD,57.0000,52.0000,62.0000,111.8624,111.8671,111.8585,0.0086
A4-R4,tj_300,sink_mass,DD,57.0000,52.0000,62.0000,107.5455,108.9672,106.2520,2.7152
A4-R4,tj_180,sink_mass,DD,57.0000,52.0000,62.0000,99.5925,100.7709,98.5556,2.2153
A4-R4,case_ss,sink_mass,DD,57.0000,52.0000,62.0000,106.5167,106.5167,106.5167,0.0000
A4-R4,dl_case,sink_mass,DD,57.0000,52.0000,62.0000,77.6990,77.6990,77.6990,0.0000
A4-R4,surf5,sink_mass,DD,57.0000,52.0000,62.0000,49.6562,51.0928,48.3484,2.7444
A4-R4,petg_ss,sink_mass,DD,57.0000,52.0000,62.0000,68.3442,68.3442,68.3442,0.0000
A4-R4,petg_ss50,sink_mass,DD,57.0000,52.0000,62.0000,59.5907,59.5907,59.5907,0.0000
A4-R4,dl_petg,sink_mass,DD,57.0000,52.0000,62.0000,58.6487,58.6487,58.6487,0.0000
A4-R4,bay_ss,sink_mass,DD,57.0000,52.0000,62.0000,73.3321,73.3321,73.3321,0.0000
A4-R4,dl_bay,sink_mass,DD,57.0000,52.0000,62.0000,63.4999,63.4999,63.4999,0.0000
A4-R4,cell30,sink_mass,DD,57.0000,52.0000,62.0000,52.4374,52.4917,52.3844,0.1074
A4-R4,main30,sink_mass,DD,57.0000,52.0000,62.0000,61.7194,61.7914,61.6432,0.1482
A4-R4,cell_ss50,sink_mass,DD,57.0000,52.0000,62.0000,62.4115,62.4115,62.4115,0.0000
A4-R4,dl_cell,sink_mass,DD,57.0000,52.0000,62.0000,61.4715,61.4715,61.4715,0.0000
A4-R4,dl_main,sink_mass,DD,57.0000,52.0000,62.0000,63.4999,63.4999,63.4999,0.0000
A4-R4,tj_ss,k_cat,DD,1.0000,0.9300,1.0700,130.9394,132.9468,129.1409,3.8059
A4-R4,tj_pk50,k_cat,DD,1.0000,0.9300,1.0700,111.8624,113.1944,110.6826,2.5117
A4-R4,tj_300,k_cat,DD,1.0000,0.9300,1.0700,107.5455,108.0032,107.1039,0.8993
A4-R4,tj_180,k_cat,DD,1.0000,0.9300,1.0700,99.5925,99.7913,99.3979,0.3934
A4-R4,case_ss,k_cat,DD,1.0000,0.9300,1.0700,106.5167,108.5241,104.7182,3.8059
A4-R4,dl_case,k_cat,DD,1.0000,0.9300,1.0700,77.6990,78.9150,76.6137,2.3012
A4-R4,surf5,k_cat,DD,1.0000,0.9300,1.0700,49.6562,50.1227,49.2063,0.9164
A4-R4,petg_ss,k_cat,DD,1.0000,0.9300,1.0700,68.3442,68.7464,67.9733,0.7731
A4-R4,petg_ss50,k_cat,DD,1.0000,0.9300,1.0700,59.5907,59.8649,59.3400,0.5249
A4-R4,dl_petg,k_cat,DD,1.0000,0.9300,1.0700,58.6487,58.9021,58.4152,0.4869
A4-R4,bay_ss,k_cat,DD,1.0000,0.9300,1.0700,73.3321,73.5649,73.1082,0.4567
A4-R4,dl_bay,k_cat,DD,1.0000,0.9300,1.0700,63.4999,63.6579,63.3467,0.3112
A4-R4,cell30,k_cat,DD,1.0000,0.9300,1.0700,52.4374,52.4443,52.4280,0.0164
A4-R4,main30,k_cat,DD,1.0000,0.9300,1.0700,61.7194,61.8001,61.6359,0.1642
A4-R4,cell_ss50,k_cat,DD,1.0000,0.9300,1.0700,62.4115,62.5453,62.2828,0.2625
A4-R4,dl_cell,k_cat,DD,1.0000,0.9300,1.0700,61.4715,61.5973,61.3494,0.2479
A4-R4,dl_main,k_cat,DD,1.0000,0.9300,1.0700,63.4999,63.6579,63.3467,0.3112
A4-R4,tj_ss,k_orient,E,1.3500,1.1000,2.0000,130.9394,125.7474,140.9414,15.1940
A4-R4,tj_pk50,k_orient,E,1.3500,1.1000,2.0000,111.8624,108.4428,119.8361,11.3933
A4-R4,tj_300,k_orient,E,1.3500,1.1000,2.0000,107.5455,106.1657,109.8205,3.6548
A4-R4,tj_180,k_orient,E,1.3500,1.1000,2.0000,99.5925,98.9759,100.5544,1.5785
A4-R4,case_ss,k_orient,E,1.3500,1.1000,2.0000,106.5167,101.3247,116.5187,15.1940
A4-R4,dl_case,k_orient,E,1.3500,1.1000,2.0000,77.6990,74.5504,85.0320,10.4816
A4-R4,surf5,k_orient,E,1.3500,1.1000,2.0000,49.6562,48.2512,51.9766,3.7254
A4-R4,petg_ss,k_orient,E,1.3500,1.1000,2.0000,68.3442,67.2416,70.2481,3.0064
A4-R4,petg_ss50,k_orient,E,1.3500,1.1000,2.0000,59.5907,58.8397,61.1269,2.2872
A4-R4,dl_petg,k_orient,E,1.3500,1.1000,2.0000,58.6487,57.9484,60.0772,2.1289
A4-R4,bay_ss,k_orient,E,1.3500,1.1000,2.0000,73.3321,72.6392,74.3483,1.7091
A4-R4,dl_bay,k_orient,E,1.3500,1.1000,2.0000,63.4999,63.0182,64.2927,1.2745
A4-R4,cell30,k_orient,E,1.3500,1.1000,2.0000,52.4374,52.3997,52.4402,0.0405
A4-R4,main30,k_orient,E,1.3500,1.1000,2.0000,61.7194,61.4415,62.0503,0.6088
A4-R4,cell_ss50,k_orient,E,1.3500,1.1000,2.0000,62.4115,62.0070,63.0776,1.0706
A4-R4,dl_cell,k_orient,E,1.3500,1.1000,2.0000,61.4715,61.0873,62.1014,1.0141
A4-R4,dl_main,k_orient,E,1.3500,1.1000,2.0000,63.4999,63.0182,64.2927,1.2745
A4-R4,tj_ss,r_frac,E,0.3500,0.2500,0.4500,130.9394,131.8195,130.1986,1.6209
A4-R4,tj_pk50,r_frac,E,0.3500,0.2500,0.4500,111.8624,112.5060,111.3150,1.1910
A4-R4,tj_300,r_frac,E,0.3500,0.2500,0.4500,107.5455,107.8495,107.2644,0.5851
A4-R4,tj_180,r_frac,E,0.3500,0.2500,0.4500,99.5925,99.7401,99.4522,0.2879
A4-R4,case_ss,r_frac,E,0.3500,0.2500,0.4500,106.5167,107.3967,105.7758,1.6209
A4-R4,dl_case,r_frac,E,0.3500,0.2500,0.4500,77.6990,78.2982,77.1850,1.1132
A4-R4,surf5,r_frac,E,0.3500,0.2500,0.4500,49.6562,49.9684,49.3682,0.6002
A4-R4,petg_ss,r_frac,E,0.3500,0.2500,0.4500,68.3442,67.5025,69.0904,1.5879
A4-R4,petg_ss50,r_frac,E,0.3500,0.2500,0.4500,59.5907,59.1773,59.9587,0.7814
A4-R4,dl_petg,r_frac,E,0.3500,0.2500,0.4500,58.6487,58.2769,58.9788,0.7019
A4-R4,bay_ss,r_frac,E,0.3500,0.2500,0.4500,73.3321,73.5757,73.1243,0.4514
A4-R4,dl_bay,r_frac,E,0.3500,0.2500,0.4500,63.4999,63.5891,63.4339,0.1552
A4-R4,cell30,r_frac,E,0.3500,0.2500,0.4500,52.4374,52.4410,52.4365,0.0045
A4-R4,main30,r_frac,E,0.3500,0.2500,0.4500,61.7194,61.8382,61.6187,0.2196
A4-R4,cell_ss50,r_frac,E,0.3500,0.2500,0.4500,62.4115,62.4210,62.4166,0.0044
A4-R4,dl_cell,r_frac,E,0.3500,0.2500,0.4500,61.4715,61.4745,61.4817,0.0072
A4-R4,dl_main,r_frac,E,0.3500,0.2500,0.4500,63.4999,63.5891,63.4339,0.1552
A4-R4,tj_ss,eta_encl,E,0.6000,0.4000,0.8000,130.9394,132.0371,130.0355,2.0016
A4-R4,tj_pk50,eta_encl,E,0.6000,0.4000,0.8000,111.8624,112.4701,111.3674,1.1027
A4-R4,tj_300,eta_encl,E,0.6000,0.4000,0.8000,107.5455,107.9250,107.1900,0.7350
A4-R4,tj_180,eta_encl,E,0.6000,0.4000,0.8000,99.5925,99.7541,99.4374,0.3167
A4-R4,case_ss,eta_encl,E,0.6000,0.4000,0.8000,106.5167,107.6143,105.6127,2.0016
A4-R4,dl_case,eta_encl,E,0.6000,0.4000,0.8000,77.6990,78.2227,77.2700,0.9527
A4-R4,surf5,eta_encl,E,0.6000,0.4000,0.8000,49.6562,50.0390,49.2982,0.7409
A4-R4,petg_ss,eta_encl,E,0.6000,0.4000,0.8000,68.3442,68.3218,68.3614,0.0397
A4-R4,petg_ss50,eta_encl,E,0.6000,0.4000,0.8000,59.5907,59.6050,59.5793,0.0257
A4-R4,dl_petg,eta_encl,E,0.6000,0.4000,0.8000,58.6487,58.6619,58.6376,0.0243
A4-R4,bay_ss,eta_encl,E,0.6000,0.4000,0.8000,73.3321,72.3508,74.1256,1.7748
A4-R4,dl_bay,eta_encl,E,0.6000,0.4000,0.8000,63.4999,63.1397,63.7925,0.6529
A4-R4,cell30,eta_encl,E,0.6000,0.4000,0.8000,52.4374,52.2924,52.5600,0.2677
A4-R4,main30,eta_encl,E,0.6000,0.4000,0.8000,61.7194,61.2941,62.0684,0.7743
A4-R4,cell_ss50,eta_encl,E,0.6000,0.4000,0.8000,62.4115,62.0919,62.6713,0.5794
A4-R4,dl_cell,eta_encl,E,0.6000,0.4000,0.8000,61.4715,61.1976,61.6941,0.4965
A4-R4,dl_main,eta_encl,E,0.6000,0.4000,0.8000,63.4999,63.1397,63.7925,0.6529
A4-R4,tj_ss,eta_wall,E,0.6000,0.4500,0.7500,130.9394,130.9394,130.9394,0.0000
A4-R4,tj_pk50,eta_wall,E,0.6000,0.4500,0.7500,111.8624,111.8624,111.8624,0.0000
A4-R4,tj_300,eta_wall,E,0.6000,0.4500,0.7500,107.5455,107.5455,107.5455,0.0000
A4-R4,tj_180,eta_wall,E,0.6000,0.4500,0.7500,99.5925,99.5925,99.5925,0.0000
A4-R4,case_ss,eta_wall,E,0.6000,0.4500,0.7500,106.5167,106.5167,106.5167,0.0000
A4-R4,dl_case,eta_wall,E,0.6000,0.4500,0.7500,77.6990,77.6990,77.6990,0.0000
A4-R4,surf5,eta_wall,E,0.6000,0.4500,0.7500,49.6562,49.6562,49.6562,0.0000
A4-R4,petg_ss,eta_wall,E,0.6000,0.4500,0.7500,68.3442,68.3442,68.3442,0.0000
A4-R4,petg_ss50,eta_wall,E,0.6000,0.4500,0.7500,59.5907,59.5907,59.5907,0.0000
A4-R4,dl_petg,eta_wall,E,0.6000,0.4500,0.7500,58.6487,58.6487,58.6487,0.0000
A4-R4,bay_ss,eta_wall,E,0.6000,0.4500,0.7500,73.3321,73.3321,73.3321,0.0000
A4-R4,dl_bay,eta_wall,E,0.6000,0.4500,0.7500,63.4999,63.4999,63.4999,0.0000
A4-R4,cell30,eta_wall,E,0.6000,0.4500,0.7500,52.4374,52.4374,52.4374,0.0000
A4-R4,main30,eta_wall,E,0.6000,0.4500,0.7500,61.7194,61.7194,61.7194,0.0000
A4-R4,cell_ss50,eta_wall,E,0.6000,0.4500,0.7500,62.4115,62.4115,62.4115,0.0000
A4-R4,dl_cell,eta_wall,E,0.6000,0.4500,0.7500,61.4715,61.4715,61.4715,0.0000
A4-R4,dl_main,eta_wall,E,0.6000,0.4500,0.7500,63.4999,63.4999,63.4999,0.0000
A4-R4,tj_ss,eta_guard3,E,0.7500,0.6000,0.8500,130.9394,133.6765,129.2975,4.3789
A4-R4,tj_pk50,eta_guard3,E,0.7500,0.6000,0.8500,111.8624,113.7152,110.7614,2.9538
A4-R4,tj_300,eta_guard3,E,0.7500,0.6000,0.8500,107.5455,108.0344,107.2276,0.8068
A4-R4,tj_180,eta_guard3,E,0.7500,0.6000,0.8500,99.5925,99.7991,99.4567,0.3424
A4-R4,case_ss,eta_guard3,E,0.7500,0.6000,0.8500,106.5167,109.2537,104.8748,4.3789
A4-R4,dl_case,eta_guard3,E,0.7500,0.6000,0.8500,77.6990,79.4027,76.6790,2.7237
A4-R4,surf5,eta_guard3,E,0.7500,0.6000,0.8500,49.6562,50.1560,49.3314,0.8246
A4-R4,petg_ss,eta_guard3,E,0.7500,0.6000,0.8500,68.3442,69.5130,67.6504,1.8626
A4-R4,petg_ss50,eta_guard3,E,0.7500,0.6000,0.8500,59.5907,60.2957,59.1733,1.1223
A4-R4,dl_petg,eta_guard3,E,0.7500,0.6000,0.8500,58.6487,59.2955,58.2641,1.0313
A4-R4,bay_ss,eta_guard3,E,0.7500,0.6000,0.8500,73.3321,74.2470,72.7925,1.4545
A4-R4,dl_bay,eta_guard3,E,0.7500,0.6000,0.8500,63.4999,63.9815,63.2148,0.7666
A4-R4,cell30,eta_guard3,E,0.7500,0.6000,0.8500,52.4374,52.5360,52.3765,0.1595
A4-R4,main30,eta_guard3,E,0.7500,0.6000,0.8500,61.7194,62.0722,61.5052,0.5670
A4-R4,cell_ss50,eta_guard3,E,0.7500,0.6000,0.8500,62.4115,62.8587,62.1479,0.7108
A4-R4,dl_cell,eta_guard3,E,0.7500,0.6000,0.8500,61.4715,61.8797,61.2300,0.6496
A4-R4,dl_main,eta_guard3,E,0.7500,0.6000,0.8500,63.4999,63.9815,63.2148,0.7666
A4-R4,tj_ss,phi3,E,0.5000,0.3500,0.6500,130.9394,130.5575,131.3623,0.8047
A4-R4,tj_pk50,phi3,E,0.5000,0.3500,0.6500,111.8624,111.5795,112.1816,0.6022
A4-R4,tj_300,phi3,E,0.5000,0.3500,0.6500,107.5455,107.5063,107.5891,0.0828
A4-R4,tj_180,phi3,E,0.5000,0.3500,0.6500,99.5925,99.5811,99.6052,0.0241
A4-R4,case_ss,phi3,E,0.5000,0.3500,0.6500,106.5167,106.1348,106.9395,0.8047
A4-R4,dl_case,phi3,E,0.5000,0.3500,0.6500,77.6990,77.4351,77.9963,0.5612
A4-R4,surf5,phi3,E,0.5000,0.3500,0.6500,49.6562,49.6151,49.7020,0.0870
A4-R4,petg_ss,phi3,E,0.5000,0.3500,0.6500,68.3442,68.1824,68.5238,0.3414
A4-R4,petg_ss50,phi3,E,0.5000,0.3500,0.6500,59.5907,59.4834,59.7117,0.2283
A4-R4,dl_petg,phi3,E,0.5000,0.3500,0.6500,58.6487,58.5490,58.7612,0.2121
A4-R4,bay_ss,phi3,E,0.5000,0.3500,0.6500,73.3321,73.2061,73.4722,0.2662
A4-R4,dl_bay,phi3,E,0.5000,0.3500,0.6500,63.4999,63.4259,63.5834,0.1575
A4-R4,cell30,phi3,E,0.5000,0.3500,0.6500,52.4374,52.4238,52.4526,0.0287
A4-R4,main30,phi3,E,0.5000,0.3500,0.6500,61.7194,61.6676,61.7776,0.1101
A4-R4,cell_ss50,phi3,E,0.5000,0.3500,0.6500,62.4115,62.3437,62.4881,0.1444
A4-R4,dl_cell,phi3,E,0.5000,0.3500,0.6500,61.4715,61.4088,61.5423,0.1335
A4-R4,dl_main,phi3,E,0.5000,0.3500,0.6500,63.4999,63.4259,63.5834,0.1575
A4-R4,tj_ss,eta_guard_dc,E,0.8500,0.7500,0.9200,130.9394,130.9394,130.9394,0.0000
A4-R4,tj_pk50,eta_guard_dc,E,0.8500,0.7500,0.9200,111.8624,111.8624,111.8624,0.0000
A4-R4,tj_300,eta_guard_dc,E,0.8500,0.7500,0.9200,107.5455,107.5455,107.5455,0.0000
A4-R4,tj_180,eta_guard_dc,E,0.8500,0.7500,0.9200,99.5925,99.5925,99.5925,0.0000
A4-R4,case_ss,eta_guard_dc,E,0.8500,0.7500,0.9200,106.5167,106.5167,106.5167,0.0000
A4-R4,dl_case,eta_guard_dc,E,0.8500,0.7500,0.9200,77.6990,77.6990,77.6990,0.0000
A4-R4,surf5,eta_guard_dc,E,0.8500,0.7500,0.9200,49.6562,49.6562,49.6562,0.0000
A4-R4,petg_ss,eta_guard_dc,E,0.8500,0.7500,0.9200,68.3442,68.3442,68.3442,0.0000
A4-R4,petg_ss50,eta_guard_dc,E,0.8500,0.7500,0.9200,59.5907,59.5907,59.5907,0.0000
A4-R4,dl_petg,eta_guard_dc,E,0.8500,0.7500,0.9200,58.6487,58.6487,58.6487,0.0000
A4-R4,bay_ss,eta_guard_dc,E,0.8500,0.7500,0.9200,73.3321,73.3321,73.3321,0.0000
A4-R4,dl_bay,eta_guard_dc,E,0.8500,0.7500,0.9200,63.4999,63.4999,63.4999,0.0000
A4-R4,cell30,eta_guard_dc,E,0.8500,0.7500,0.9200,52.4374,52.4374,52.4374,0.0000
A4-R4,main30,eta_guard_dc,E,0.8500,0.7500,0.9200,61.7194,61.7194,61.7194,0.0000
A4-R4,cell_ss50,eta_guard_dc,E,0.8500,0.7500,0.9200,62.4115,62.4115,62.4115,0.0000
A4-R4,dl_cell,eta_guard_dc,E,0.8500,0.7500,0.9200,61.4715,61.4715,61.4715,0.0000
A4-R4,dl_main,eta_guard_dc,E,0.8500,0.7500,0.9200,63.4999,63.4999,63.4999,0.0000
A4-R4,tj_ss,phi_dc,E,0.3500,0.2500,0.5000,130.9394,130.9394,130.9394,0.0000
A4-R4,tj_pk50,phi_dc,E,0.3500,0.2500,0.5000,111.8624,111.8624,111.8624,0.0000
A4-R4,tj_300,phi_dc,E,0.3500,0.2500,0.5000,107.5455,107.5455,107.5455,0.0000
A4-R4,tj_180,phi_dc,E,0.3500,0.2500,0.5000,99.5925,99.5925,99.5925,0.0000
A4-R4,case_ss,phi_dc,E,0.3500,0.2500,0.5000,106.5167,106.5167,106.5167,0.0000
A4-R4,dl_case,phi_dc,E,0.3500,0.2500,0.5000,77.6990,77.6990,77.6990,0.0000
A4-R4,surf5,phi_dc,E,0.3500,0.2500,0.5000,49.6562,49.6562,49.6562,0.0000
A4-R4,petg_ss,phi_dc,E,0.3500,0.2500,0.5000,68.3442,68.3442,68.3442,0.0000
A4-R4,petg_ss50,phi_dc,E,0.3500,0.2500,0.5000,59.5907,59.5907,59.5907,0.0000
A4-R4,dl_petg,phi_dc,E,0.3500,0.2500,0.5000,58.6487,58.6487,58.6487,0.0000
A4-R4,bay_ss,phi_dc,E,0.3500,0.2500,0.5000,73.3321,73.3321,73.3321,0.0000
A4-R4,dl_bay,phi_dc,E,0.3500,0.2500,0.5000,63.4999,63.4999,63.4999,0.0000
A4-R4,cell30,phi_dc,E,0.3500,0.2500,0.5000,52.4374,52.4374,52.4374,0.0000
A4-R4,main30,phi_dc,E,0.3500,0.2500,0.5000,61.7194,61.7194,61.7194,0.0000
A4-R4,cell_ss50,phi_dc,E,0.3500,0.2500,0.5000,62.4115,62.4115,62.4115,0.0000
A4-R4,dl_cell,phi_dc,E,0.3500,0.2500,0.5000,61.4715,61.4715,61.4715,0.0000
A4-R4,dl_main,phi_dc,E,0.3500,0.2500,0.5000,63.4999,63.4999,63.4999,0.0000
A4-R4,tj_ss,shield_rad,E,0.2500,0.1500,0.4000,130.9394,130.9394,130.9394,0.0000
A4-R4,tj_pk50,shield_rad,E,0.2500,0.1500,0.4000,111.8624,111.8624,111.8624,0.0000
A4-R4,tj_300,shield_rad,E,0.2500,0.1500,0.4000,107.5455,107.5455,107.5455,0.0000
A4-R4,tj_180,shield_rad,E,0.2500,0.1500,0.4000,99.5925,99.5925,99.5925,0.0000
A4-R4,case_ss,shield_rad,E,0.2500,0.1500,0.4000,106.5167,106.5167,106.5167,0.0000
A4-R4,dl_case,shield_rad,E,0.2500,0.1500,0.4000,77.6990,77.6990,77.6990,0.0000
A4-R4,surf5,shield_rad,E,0.2500,0.1500,0.4000,49.6562,49.6562,49.6562,0.0000
A4-R4,petg_ss,shield_rad,E,0.2500,0.1500,0.4000,68.3442,68.3442,68.3442,0.0000
A4-R4,petg_ss50,shield_rad,E,0.2500,0.1500,0.4000,59.5907,59.5907,59.5907,0.0000
A4-R4,dl_petg,shield_rad,E,0.2500,0.1500,0.4000,58.6487,58.6487,58.6487,0.0000
A4-R4,bay_ss,shield_rad,E,0.2500,0.1500,0.4000,73.3321,73.3321,73.3321,0.0000
A4-R4,dl_bay,shield_rad,E,0.2500,0.1500,0.4000,63.4999,63.4999,63.4999,0.0000
A4-R4,cell30,shield_rad,E,0.2500,0.1500,0.4000,52.4374,52.4374,52.4374,0.0000
A4-R4,main30,shield_rad,E,0.2500,0.1500,0.4000,61.7194,61.7194,61.7194,0.0000
A4-R4,cell_ss50,shield_rad,E,0.2500,0.1500,0.4000,62.4115,62.4115,62.4115,0.0000
A4-R4,dl_cell,shield_rad,E,0.2500,0.1500,0.4000,61.4715,61.4715,61.4715,0.0000
A4-R4,dl_main,shield_rad,E,0.2500,0.1500,0.4000,63.4999,63.4999,63.4999,0.0000
A4-R4,tj_ss,main_vent_area,E,0.0002,0.0000,0.0003,130.9394,130.9394,130.9394,0.0000
A4-R4,tj_pk50,main_vent_area,E,0.0002,0.0000,0.0003,111.8624,111.8624,111.8624,0.0000
A4-R4,tj_300,main_vent_area,E,0.0002,0.0000,0.0003,107.5455,107.5455,107.5455,0.0000
A4-R4,tj_180,main_vent_area,E,0.0002,0.0000,0.0003,99.5925,99.5925,99.5925,0.0000
A4-R4,case_ss,main_vent_area,E,0.0002,0.0000,0.0003,106.5167,106.5167,106.5167,0.0000
A4-R4,dl_case,main_vent_area,E,0.0002,0.0000,0.0003,77.6990,77.6990,77.6990,0.0000
A4-R4,surf5,main_vent_area,E,0.0002,0.0000,0.0003,49.6562,49.6562,49.6562,0.0000
A4-R4,petg_ss,main_vent_area,E,0.0002,0.0000,0.0003,68.3442,68.3442,68.3442,0.0000
A4-R4,petg_ss50,main_vent_area,E,0.0002,0.0000,0.0003,59.5907,59.5907,59.5907,0.0000
A4-R4,dl_petg,main_vent_area,E,0.0002,0.0000,0.0003,58.6487,58.6487,58.6487,0.0000
A4-R4,bay_ss,main_vent_area,E,0.0002,0.0000,0.0003,73.3321,73.3321,73.3321,0.0000
A4-R4,dl_bay,main_vent_area,E,0.0002,0.0000,0.0003,63.4999,63.4999,63.4999,0.0000
A4-R4,cell30,main_vent_area,E,0.0002,0.0000,0.0003,52.4374,52.4374,52.4374,0.0000
A4-R4,main30,main_vent_area,E,0.0002,0.0000,0.0003,61.7194,61.7194,61.7194,0.0000
A4-R4,cell_ss50,main_vent_area,E,0.0002,0.0000,0.0003,62.4115,62.4115,62.4115,0.0000
A4-R4,dl_cell,main_vent_area,E,0.0002,0.0000,0.0003,61.4715,61.4715,61.4715,0.0000
A4-R4,dl_main,main_vent_area,E,0.0002,0.0000,0.0003,63.4999,63.4999,63.4999,0.0000
A4-R4,tj_ss,k_petg,E,0.2000,0.1800,0.2500,130.9394,130.9807,130.8647,0.1160
A4-R4,tj_pk50,k_petg,E,0.2000,0.1800,0.2500,111.8624,111.8945,111.8045,0.0900
A4-R4,tj_300,k_petg,E,0.2000,0.1800,0.2500,107.5455,107.5465,107.5437,0.0027
A4-R4,tj_180,k_petg,E,0.2000,0.1800,0.2500,99.5925,99.5927,99.5920,0.0007
A4-R4,case_ss,k_petg,E,0.2000,0.1800,0.2500,106.5167,106.5580,106.4420,0.1160
A4-R4,dl_case,k_petg,E,0.2000,0.1800,0.2500,77.6990,77.7295,77.6440,0.0855
A4-R4,surf5,k_petg,E,0.2000,0.1800,0.2500,49.6562,49.6570,49.6549,0.0020
A4-R4,petg_ss,k_petg,E,0.2000,0.1800,0.2500,68.3442,68.5667,67.9421,0.6246
A4-R4,petg_ss50,k_petg,E,0.2000,0.1800,0.2500,59.5907,59.7298,59.3394,0.3904
A4-R4,dl_petg,k_petg,E,0.2000,0.1800,0.2500,58.6487,58.7788,58.4137,0.3651
A4-R4,bay_ss,k_petg,E,0.2000,0.1800,0.2500,73.3321,73.4506,73.1184,0.3322
A4-R4,dl_bay,k_petg,E,0.2000,0.1800,0.2500,63.4999,63.5782,63.3586,0.2196
A4-R4,cell30,k_petg,E,0.2000,0.1800,0.2500,52.4374,52.4544,52.4065,0.0478
A4-R4,main30,k_petg,E,0.2000,0.1800,0.2500,61.7194,61.7744,61.6198,0.1546
A4-R4,cell_ss50,k_petg,E,0.2000,0.1800,0.2500,62.4115,62.4803,62.2873,0.1930
A4-R4,dl_cell,k_petg,E,0.2000,0.1800,0.2500,61.4715,61.5369,61.3534,0.1835
A4-R4,dl_main,k_petg,E,0.2000,0.1800,0.2500,63.4999,63.5782,63.3586,0.2196
A4-R4,tj_ss,h_out_c,E,4.0000,3.0000,6.0000,130.9394,131.5262,129.9829,1.5433
A4-R4,tj_pk50,h_out_c,E,4.0000,3.0000,6.0000,111.8624,112.3229,111.1261,1.1968
A4-R4,tj_300,h_out_c,E,4.0000,3.0000,6.0000,107.5455,107.5561,107.5255,0.0306
A4-R4,tj_180,h_out_c,E,4.0000,3.0000,6.0000,99.5925,99.5944,99.5887,0.0057
A4-R4,case_ss,h_out_c,E,4.0000,3.0000,6.0000,106.5167,107.1035,105.5602,1.5433
A4-R4,dl_case,h_out_c,E,4.0000,3.0000,6.0000,77.6990,78.1349,76.9989,1.1360
A4-R4,surf5,h_out_c,E,4.0000,3.0000,6.0000,49.6562,49.6672,49.6355,0.0316
A4-R4,petg_ss,h_out_c,E,4.0000,3.0000,6.0000,68.3442,69.6305,66.2087,3.4218
A4-R4,petg_ss50,h_out_c,E,4.0000,3.0000,6.0000,59.5907,60.4764,58.1450,2.3313
A4-R4,dl_petg,h_out_c,E,4.0000,3.0000,6.0000,58.6487,59.4864,57.2829,2.2035
A4-R4,bay_ss,h_out_c,E,4.0000,3.0000,6.0000,73.3321,74.4434,71.5453,2.8980
A4-R4,dl_bay,h_out_c,E,4.0000,3.0000,6.0000,63.4999,64.2448,62.3181,1.9267
A4-R4,cell30,h_out_c,E,4.0000,3.0000,6.0000,52.4374,52.6152,52.1337,0.4815
A4-R4,main30,h_out_c,E,4.0000,3.0000,6.0000,61.7194,62.1768,60.9533,1.2235
A4-R4,cell_ss50,h_out_c,E,4.0000,3.0000,6.0000,62.4115,63.2272,61.1184,2.1088
A4-R4,dl_cell,h_out_c,E,4.0000,3.0000,6.0000,61.4715,62.2468,60.2433,2.0034
A4-R4,dl_main,h_out_c,E,4.0000,3.0000,6.0000,63.4999,64.2448,62.3181,1.9267
A4-R4,tj_ss,h_in_c,E,2.5000,1.5000,4.0000,130.9394,131.1682,130.6592,0.5090
A4-R4,tj_pk50,h_in_c,E,2.5000,1.5000,4.0000,111.8624,112.0649,111.6189,0.4460
A4-R4,tj_300,h_in_c,E,2.5000,1.5000,4.0000,107.5455,107.5598,107.5263,0.0336
A4-R4,tj_180,h_in_c,E,2.5000,1.5000,4.0000,99.5925,99.5970,99.5862,0.0108
A4-R4,case_ss,h_in_c,E,2.5000,1.5000,4.0000,106.5167,106.7455,106.2365,0.5090
A4-R4,dl_case,h_in_c,E,2.5000,1.5000,4.0000,77.6990,77.8944,77.4639,0.4305
A4-R4,surf5,h_in_c,E,2.5000,1.5000,4.0000,49.6562,49.6696,49.6383,0.0313
A4-R4,petg_ss,h_in_c,E,2.5000,1.5000,4.0000,68.3442,68.5595,68.0525,0.5071
A4-R4,petg_ss50,h_in_c,E,2.5000,1.5000,4.0000,59.5907,59.7211,59.4166,0.3045
A4-R4,dl_petg,h_in_c,E,2.5000,1.5000,4.0000,58.6487,58.7676,58.4901,0.2775
A4-R4,bay_ss,h_in_c,E,2.5000,1.5000,4.0000,73.3321,74.4040,72.0286,2.3754
A4-R4,dl_bay,h_in_c,E,2.5000,1.5000,4.0000,63.4999,64.3147,62.5249,1.7899
A4-R4,cell30,h_in_c,E,2.5000,1.5000,4.0000,52.4374,52.5961,52.2440,0.3522
A4-R4,main30,h_in_c,E,2.5000,1.5000,4.0000,61.7194,62.3977,60.9015,1.4962
A4-R4,cell_ss50,h_in_c,E,2.5000,1.5000,4.0000,62.4115,62.8904,61.8385,1.0519
A4-R4,dl_cell,h_in_c,E,2.5000,1.5000,4.0000,61.4715,61.9353,60.9172,1.0182
A4-R4,dl_main,h_in_c,E,2.5000,1.5000,4.0000,63.4999,64.3147,62.5249,1.7899
A4-R4,tj_ss,g_leads,E,0.0150,0.0080,0.0300,130.9394,130.9394,130.9394,0.0000
A4-R4,tj_pk50,g_leads,E,0.0150,0.0080,0.0300,111.8624,111.8624,111.8624,0.0000
A4-R4,tj_300,g_leads,E,0.0150,0.0080,0.0300,107.5455,107.5455,107.5455,0.0000
A4-R4,tj_180,g_leads,E,0.0150,0.0080,0.0300,99.5925,99.5925,99.5925,0.0000
A4-R4,case_ss,g_leads,E,0.0150,0.0080,0.0300,106.5167,106.5167,106.5167,0.0000
A4-R4,dl_case,g_leads,E,0.0150,0.0080,0.0300,77.6990,77.6990,77.6990,0.0000
A4-R4,surf5,g_leads,E,0.0150,0.0080,0.0300,49.6562,49.6562,49.6562,0.0000
A4-R4,petg_ss,g_leads,E,0.0150,0.0080,0.0300,68.3442,68.3442,68.3442,0.0000
A4-R4,petg_ss50,g_leads,E,0.0150,0.0080,0.0300,59.5907,59.5907,59.5907,0.0000
A4-R4,dl_petg,g_leads,E,0.0150,0.0080,0.0300,58.6487,58.6487,58.6487,0.0000
A4-R4,bay_ss,g_leads,E,0.0150,0.0080,0.0300,73.3321,73.3321,73.3321,0.0000
A4-R4,dl_bay,g_leads,E,0.0150,0.0080,0.0300,63.4999,63.4999,63.4999,0.0000
A4-R4,cell30,g_leads,E,0.0150,0.0080,0.0300,52.4374,52.4374,52.4374,0.0000
A4-R4,main30,g_leads,E,0.0150,0.0080,0.0300,61.7194,61.7194,61.7194,0.0000
A4-R4,cell_ss50,g_leads,E,0.0150,0.0080,0.0300,62.4115,62.4115,62.4115,0.0000
A4-R4,dl_cell,g_leads,E,0.0150,0.0080,0.0300,61.4715,61.4715,61.4715,0.0000
A4-R4,dl_main,g_leads,E,0.0150,0.0080,0.0300,63.4999,63.4999,63.4999,0.0000
A4-R4,tj_ss,g_cell_main,E,0.0300,0.0200,0.0450,130.9394,130.9452,130.9340,0.0112
A4-R4,tj_pk50,g_cell_main,E,0.0300,0.0200,0.0450,111.8624,111.8705,111.8548,0.0157
A4-R4,tj_300,g_cell_main,E,0.0300,0.0200,0.0450,107.5455,107.5581,107.5275,0.0307
A4-R4,tj_180,g_cell_main,E,0.0300,0.0200,0.0450,99.5925,99.5962,99.5871,0.0090
A4-R4,case_ss,g_cell_main,E,0.0300,0.0200,0.0450,106.5167,106.5225,106.5113,0.0112
A4-R4,dl_case,g_cell_main,E,0.0300,0.0200,0.0450,77.6990,77.7070,77.6918,0.0152
A4-R4,surf5,g_cell_main,E,0.0300,0.0200,0.0450,49.6562,49.6685,49.6387,0.0299
A4-R4,petg_ss,g_cell_main,E,0.0300,0.0200,0.0450,68.3442,68.3553,68.3341,0.0212
A4-R4,petg_ss50,g_cell_main,E,0.0300,0.0200,0.0450,59.5907,59.6037,59.5788,0.0249
A4-R4,dl_petg,g_cell_main,E,0.0300,0.0200,0.0450,58.6487,58.6619,58.6367,0.0252
A4-R4,bay_ss,g_cell_main,E,0.0300,0.0200,0.0450,73.3321,73.3577,73.3088,0.0489
A4-R4,dl_bay,g_cell_main,E,0.0300,0.0200,0.0450,63.4999,63.5299,63.4725,0.0575
A4-R4,cell30,g_cell_main,E,0.0300,0.0200,0.0450,52.4374,51.3369,53.7361,2.3992
A4-R4,main30,g_cell_main,E,0.0300,0.0200,0.0450,61.7194,62.0617,61.3490,0.7127
A4-R4,cell_ss50,g_cell_main,E,0.0300,0.0200,0.0450,62.4115,61.9190,62.8604,0.9414
A4-R4,dl_cell,g_cell_main,E,0.0300,0.0200,0.0450,61.4715,60.9777,61.9215,0.9438
A4-R4,dl_main,g_cell_main,E,0.0300,0.0200,0.0450,63.4999,63.5299,63.4725,0.0575
A4-R4,tj_ss,g_cell_wall,E,0.0200,0.0100,0.0300,130.9394,130.9934,130.9042,0.0892
A4-R4,tj_pk50,g_cell_wall,E,0.0200,0.0100,0.0300,111.8624,111.9061,111.8339,0.0722
A4-R4,tj_300,g_cell_wall,E,0.0200,0.0100,0.0300,107.5455,107.5462,107.5449,0.0013
A4-R4,tj_180,g_cell_wall,E,0.0200,0.0100,0.0300,99.5925,99.5926,99.5924,0.0002
A4-R4,case_ss,g_cell_wall,E,0.0200,0.0100,0.0300,106.5167,106.5707,106.4814,0.0892
A4-R4,dl_case,g_cell_wall,E,0.0200,0.0100,0.0300,77.6990,77.7408,77.6718,0.0689
A4-R4,surf5,g_cell_wall,E,0.0200,0.0100,0.0300,49.6562,49.6568,49.6557,0.0012
A4-R4,petg_ss,g_cell_wall,E,0.0200,0.0100,0.0300,68.3442,68.4465,68.2776,0.1689
A4-R4,petg_ss50,g_cell_wall,E,0.0200,0.0100,0.0300,59.5907,59.6632,59.5434,0.1198
A4-R4,dl_petg,g_cell_wall,E,0.0200,0.0100,0.0300,58.6487,58.7178,58.6038,0.1140
A4-R4,bay_ss,g_cell_wall,E,0.0200,0.0100,0.0300,73.3321,73.5673,73.1788,0.3885
A4-R4,dl_bay,g_cell_wall,E,0.0200,0.0100,0.0300,63.4999,63.6575,63.3973,0.2602
A4-R4,cell30,g_cell_wall,E,0.0200,0.0100,0.0300,52.4374,52.2003,52.6322,0.4318
A4-R4,main30,g_cell_wall,E,0.0200,0.0100,0.0300,61.7194,61.7220,61.7200,0.0020
A4-R4,cell_ss50,g_cell_wall,E,0.0200,0.0100,0.0300,62.4115,64.3905,61.1239,3.2666
A4-R4,dl_cell,g_cell_wall,E,0.0200,0.0100,0.0300,61.4715,63.3436,60.2537,3.0899
A4-R4,dl_main,g_cell_wall,E,0.0200,0.0100,0.0300,63.4999,63.6575,63.3973,0.2602
A4-R4,tj_ss,vent_area,E,0.0004,0.0000,0.0005,130.9394,130.9394,130.9394,0.0000
A4-R4,tj_pk50,vent_area,E,0.0004,0.0000,0.0005,111.8624,111.8624,111.8624,0.0000
A4-R4,tj_300,vent_area,E,0.0004,0.0000,0.0005,107.5455,107.5455,107.5455,0.0000
A4-R4,tj_180,vent_area,E,0.0004,0.0000,0.0005,99.5925,99.5925,99.5925,0.0000
A4-R4,case_ss,vent_area,E,0.0004,0.0000,0.0005,106.5167,106.5167,106.5167,0.0000
A4-R4,dl_case,vent_area,E,0.0004,0.0000,0.0005,77.6990,77.6990,77.6990,0.0000
A4-R4,surf5,vent_area,E,0.0004,0.0000,0.0005,49.6562,49.6562,49.6562,0.0000
A4-R4,petg_ss,vent_area,E,0.0004,0.0000,0.0005,68.3442,68.3442,68.3442,0.0000
A4-R4,petg_ss50,vent_area,E,0.0004,0.0000,0.0005,59.5907,59.5907,59.5907,0.0000
A4-R4,dl_petg,vent_area,E,0.0004,0.0000,0.0005,58.6487,58.6487,58.6487,0.0000
A4-R4,bay_ss,vent_area,E,0.0004,0.0000,0.0005,73.3321,73.3321,73.3321,0.0000
A4-R4,dl_bay,vent_area,E,0.0004,0.0000,0.0005,63.4999,63.4999,63.4999,0.0000
A4-R4,cell30,vent_area,E,0.0004,0.0000,0.0005,52.4374,52.4374,52.4374,0.0000
A4-R4,main30,vent_area,E,0.0004,0.0000,0.0005,61.7194,61.7194,61.7194,0.0000
A4-R4,cell_ss50,vent_area,E,0.0004,0.0000,0.0005,62.4115,62.4115,62.4115,0.0000
A4-R4,dl_cell,vent_area,E,0.0004,0.0000,0.0005,61.4715,61.4715,61.4715,0.0000
A4-R4,dl_main,vent_area,E,0.0004,0.0000,0.0005,63.4999,63.4999,63.4999,0.0000
A4-R4,tj_ss,vent_area_dc,E,0.0005,0.0003,0.0006,130.9394,130.9394,130.9394,0.0000
A4-R4,tj_pk50,vent_area_dc,E,0.0005,0.0003,0.0006,111.8624,111.8624,111.8624,0.0000
A4-R4,tj_300,vent_area_dc,E,0.0005,0.0003,0.0006,107.5455,107.5455,107.5455,0.0000
A4-R4,tj_180,vent_area_dc,E,0.0005,0.0003,0.0006,99.5925,99.5925,99.5925,0.0000
A4-R4,case_ss,vent_area_dc,E,0.0005,0.0003,0.0006,106.5167,106.5167,106.5167,0.0000
A4-R4,dl_case,vent_area_dc,E,0.0005,0.0003,0.0006,77.6990,77.6990,77.6990,0.0000
A4-R4,surf5,vent_area_dc,E,0.0005,0.0003,0.0006,49.6562,49.6562,49.6562,0.0000
A4-R4,petg_ss,vent_area_dc,E,0.0005,0.0003,0.0006,68.3442,68.3442,68.3442,0.0000
A4-R4,petg_ss50,vent_area_dc,E,0.0005,0.0003,0.0006,59.5907,59.5907,59.5907,0.0000
A4-R4,dl_petg,vent_area_dc,E,0.0005,0.0003,0.0006,58.6487,58.6487,58.6487,0.0000
A4-R4,bay_ss,vent_area_dc,E,0.0005,0.0003,0.0006,73.3321,73.3321,73.3321,0.0000
A4-R4,dl_bay,vent_area_dc,E,0.0005,0.0003,0.0006,63.4999,63.4999,63.4999,0.0000
A4-R4,cell30,vent_area_dc,E,0.0005,0.0003,0.0006,52.4374,52.4374,52.4374,0.0000
A4-R4,main30,vent_area_dc,E,0.0005,0.0003,0.0006,61.7194,61.7194,61.7194,0.0000
A4-R4,cell_ss50,vent_area_dc,E,0.0005,0.0003,0.0006,62.4115,62.4115,62.4115,0.0000
A4-R4,dl_cell,vent_area_dc,E,0.0005,0.0003,0.0006,61.4715,61.4715,61.4715,0.0000
A4-R4,dl_main,vent_area_dc,E,0.0005,0.0003,0.0006,63.4999,63.4999,63.4999,0.0000
A4-R4,tj_ss,relay_hold,E,0.4000,0.3000,1.0000,130.9394,130.9394,130.9394,0.0000
A4-R4,tj_pk50,relay_hold,E,0.4000,0.3000,1.0000,111.8624,111.8624,111.8624,0.0000
A4-R4,tj_300,relay_hold,E,0.4000,0.3000,1.0000,107.5455,107.5455,107.5455,0.0000
A4-R4,tj_180,relay_hold,E,0.4000,0.3000,1.0000,99.5925,99.5925,99.5925,0.0000
A4-R4,case_ss,relay_hold,E,0.4000,0.3000,1.0000,106.5167,106.5167,106.5167,0.0000
A4-R4,dl_case,relay_hold,E,0.4000,0.3000,1.0000,77.6990,77.6990,77.6990,0.0000
A4-R4,surf5,relay_hold,E,0.4000,0.3000,1.0000,49.6562,49.6562,49.6562,0.0000
A4-R4,petg_ss,relay_hold,E,0.4000,0.3000,1.0000,68.3442,68.3442,68.3442,0.0000
A4-R4,petg_ss50,relay_hold,E,0.4000,0.3000,1.0000,59.5907,59.5907,59.5907,0.0000
A4-R4,dl_petg,relay_hold,E,0.4000,0.3000,1.0000,58.6487,58.6487,58.6487,0.0000
A4-R4,bay_ss,relay_hold,E,0.4000,0.3000,1.0000,73.3321,73.3321,73.3321,0.0000
A4-R4,dl_bay,relay_hold,E,0.4000,0.3000,1.0000,63.4999,63.4999,63.4999,0.0000
A4-R4,cell30,relay_hold,E,0.4000,0.3000,1.0000,52.4374,52.4374,52.4374,0.0000
A4-R4,main30,relay_hold,E,0.4000,0.3000,1.0000,61.7194,61.7194,61.7194,0.0000
A4-R4,cell_ss50,relay_hold,E,0.4000,0.3000,1.0000,62.4115,62.4115,62.4115,0.0000
A4-R4,dl_cell,relay_hold,E,0.4000,0.3000,1.0000,61.4715,61.4715,61.4715,0.0000
A4-R4,dl_main,relay_hold,E,0.4000,0.3000,1.0000,63.4999,63.4999,63.4999,0.0000
A4-R4,tj_ss,k_fr4,E,0.3000,0.2500,0.3500,130.9394,130.9394,130.9394,0.0000
A4-R4,tj_pk50,k_fr4,E,0.3000,0.2500,0.3500,111.8624,111.8624,111.8624,0.0000
A4-R4,tj_300,k_fr4,E,0.3000,0.2500,0.3500,107.5455,107.5455,107.5455,0.0000
A4-R4,tj_180,k_fr4,E,0.3000,0.2500,0.3500,99.5925,99.5925,99.5925,0.0000
A4-R4,case_ss,k_fr4,E,0.3000,0.2500,0.3500,106.5167,106.5167,106.5167,0.0000
A4-R4,dl_case,k_fr4,E,0.3000,0.2500,0.3500,77.6990,77.6990,77.6990,0.0000
A4-R4,surf5,k_fr4,E,0.3000,0.2500,0.3500,49.6562,49.6562,49.6562,0.0000
A4-R4,petg_ss,k_fr4,E,0.3000,0.2500,0.3500,68.3442,68.3442,68.3442,0.0000
A4-R4,petg_ss50,k_fr4,E,0.3000,0.2500,0.3500,59.5907,59.5907,59.5907,0.0000
A4-R4,dl_petg,k_fr4,E,0.3000,0.2500,0.3500,58.6487,58.6487,58.6487,0.0000
A4-R4,bay_ss,k_fr4,E,0.3000,0.2500,0.3500,73.3321,73.3321,73.3321,0.0000
A4-R4,dl_bay,k_fr4,E,0.3000,0.2500,0.3500,63.4999,63.4999,63.4999,0.0000
A4-R4,cell30,k_fr4,E,0.3000,0.2500,0.3500,52.4374,52.4374,52.4374,0.0000
A4-R4,main30,k_fr4,E,0.3000,0.2500,0.3500,61.7194,61.7194,61.7194,0.0000
A4-R4,cell_ss50,k_fr4,E,0.3000,0.2500,0.3500,62.4115,62.4115,62.4115,0.0000
A4-R4,dl_cell,k_fr4,E,0.3000,0.2500,0.3500,61.4715,61.4715,61.4715,0.0000
A4-R4,dl_main,k_fr4,E,0.3000,0.2500,0.3500,63.4999,63.4999,63.4999,0.0000
A4-R4,tj_ss,p_lm2940,DD,0.9000,0.6000,1.0000,130.9394,130.4834,131.0908,0.6074
A4-R4,tj_pk50,p_lm2940,DD,0.9000,0.6000,1.0000,111.8624,111.3100,112.0466,0.7366
A4-R4,tj_300,p_lm2940,DD,0.9000,0.6000,1.0000,107.5455,107.4494,107.5775,0.1282
A4-R4,tj_180,p_lm2940,DD,0.9000,0.6000,1.0000,99.5925,99.5488,99.6070,0.0583
A4-R4,case_ss,p_lm2940,DD,0.9000,0.6000,1.0000,106.5167,106.0607,106.6681,0.6074
A4-R4,dl_case,p_lm2940,DD,0.9000,0.6000,1.0000,77.6990,77.1393,77.8847,0.7454
A4-R4,surf5,p_lm2940,DD,0.9000,0.6000,1.0000,49.6562,49.5627,49.6874,0.1247
A4-R4,petg_ss,p_lm2940,DD,0.9000,0.6000,1.0000,68.3442,67.6580,68.5724,0.9144
A4-R4,petg_ss50,p_lm2940,DD,0.9000,0.6000,1.0000,59.5907,58.8505,59.8370,0.9866
A4-R4,dl_petg,p_lm2940,DD,0.9000,0.6000,1.0000,58.6487,57.9031,58.8966,0.9935
A4-R4,bay_ss,p_lm2940,DD,0.9000,0.6000,1.0000,73.3321,71.8272,73.8309,2.0037
A4-R4,dl_bay,p_lm2940,DD,0.9000,0.6000,1.0000,63.4999,61.8750,64.0381,2.1631
A4-R4,cell30,p_lm2940,DD,0.9000,0.6000,1.0000,52.4374,51.8482,52.6332,0.7850
A4-R4,main30,p_lm2940,DD,0.9000,0.6000,1.0000,61.7194,60.2535,62.2058,1.9523
A4-R4,cell_ss50,p_lm2940,DD,0.9000,0.6000,1.0000,62.4115,61.1343,62.8351,1.7008
A4-R4,dl_cell,p_lm2940,DD,0.9000,0.6000,1.0000,61.4715,60.1859,61.8977,1.7118
A4-R4,dl_main,p_lm2940,DD,0.9000,0.6000,1.0000,63.4999,61.8750,64.0381,2.1631
A4-R4,tj_ss,p_pico,E,0.2000,0.1500,0.3000,130.9394,130.8636,131.0908,0.2272
A4-R4,tj_pk50,p_pico,E,0.2000,0.1500,0.3000,111.8624,111.7702,112.0466,0.2764
A4-R4,tj_300,p_pico,E,0.2000,0.1500,0.3000,107.5455,107.5295,107.5775,0.0481
A4-R4,tj_180,p_pico,E,0.2000,0.1500,0.3000,99.5925,99.5852,99.6070,0.0219
A4-R4,case_ss,p_pico,E,0.2000,0.1500,0.3000,106.5167,106.4408,106.6681,0.2272
A4-R4,dl_case,p_pico,E,0.2000,0.1500,0.3000,77.6990,77.6060,77.8847,0.2787
A4-R4,surf5,p_pico,E,0.2000,0.1500,0.3000,49.6562,49.6406,49.6874,0.0468
A4-R4,petg_ss,p_pico,E,0.2000,0.1500,0.3000,68.3442,68.2300,68.5724,0.3424
A4-R4,petg_ss50,p_pico,E,0.2000,0.1500,0.3000,59.5907,59.4674,59.8370,0.3697
A4-R4,dl_petg,p_pico,E,0.2000,0.1500,0.3000,58.6487,58.5246,58.8966,0.3719
A4-R4,bay_ss,p_pico,E,0.2000,0.1500,0.3000,73.3321,73.0822,73.8309,0.7487
A4-R4,dl_bay,p_pico,E,0.2000,0.1500,0.3000,63.4999,63.2301,64.0381,0.8080
A4-R4,cell30,p_pico,E,0.2000,0.1500,0.3000,52.4374,52.3393,52.6332,0.2939
A4-R4,main30,p_pico,E,0.2000,0.1500,0.3000,61.7194,61.4758,62.2058,0.7300
A4-R4,cell_ss50,p_pico,E,0.2000,0.1500,0.3000,62.4115,62.1993,62.8351,0.6358
A4-R4,dl_cell,p_pico,E,0.2000,0.1500,0.3000,61.4715,61.2579,61.8977,0.6397
A4-R4,dl_main,p_pico,E,0.2000,0.1500,0.3000,63.4999,63.2301,64.0381,0.8080
A4-R4,tj_ss,c_cell,E,92.0000,85.0000,100.0000,130.9394,130.9394,130.9394,0.0000
A4-R4,tj_pk50,c_cell,E,92.0000,85.0000,100.0000,111.8624,111.8624,111.8623,0.0001
A4-R4,tj_300,c_cell,E,92.0000,85.0000,100.0000,107.5455,107.5458,107.5452,0.0007
A4-R4,tj_180,c_cell,E,92.0000,85.0000,100.0000,99.5925,99.5926,99.5924,0.0001
A4-R4,case_ss,c_cell,E,92.0000,85.0000,100.0000,106.5167,106.5167,106.5167,0.0000
A4-R4,dl_case,c_cell,E,92.0000,85.0000,100.0000,77.6990,77.6990,77.6990,0.0000
A4-R4,surf5,c_cell,E,92.0000,85.0000,100.0000,49.6562,49.6566,49.6559,0.0006
A4-R4,petg_ss,c_cell,E,92.0000,85.0000,100.0000,68.3442,68.3442,68.3442,0.0000
A4-R4,petg_ss50,c_cell,E,92.0000,85.0000,100.0000,59.5907,59.5907,59.5907,0.0000
A4-R4,dl_petg,c_cell,E,92.0000,85.0000,100.0000,58.6487,58.6487,58.6487,0.0000
A4-R4,bay_ss,c_cell,E,92.0000,85.0000,100.0000,73.3321,73.3321,73.3321,0.0000
A4-R4,dl_bay,c_cell,E,92.0000,85.0000,100.0000,63.4999,63.4999,63.4999,0.0000
A4-R4,cell30,c_cell,E,92.0000,85.0000,100.0000,52.4374,52.8464,52.0171,0.8293
A4-R4,main30,c_cell,E,92.0000,85.0000,100.0000,61.7194,61.7785,61.6593,0.1192
A4-R4,cell_ss50,c_cell,E,92.0000,85.0000,100.0000,62.4115,62.4115,62.4115,0.0000
A4-R4,dl_cell,c_cell,E,92.0000,85.0000,100.0000,61.4715,61.4715,61.4715,0.0000
A4-R4,dl_main,c_cell,E,92.0000,85.0000,100.0000,63.4999,63.4999,63.4999,0.0000
A4-R4,tj_ss,a_guard_end,DD,0.0029,0.0027,0.0032,130.9394,130.9539,130.9270,0.0269
A4-R4,tj_pk50,a_guard_end,DD,0.0029,0.0027,0.0032,111.8624,111.8694,111.8567,0.0128
A4-R4,tj_300,a_guard_end,DD,0.0029,0.0027,0.0032,107.5455,107.5477,107.5436,0.0041
A4-R4,tj_180,a_guard_end,DD,0.0029,0.0027,0.0032,99.5925,99.5932,99.5919,0.0013
A4-R4,case_ss,a_guard_end,DD,0.0029,0.0027,0.0032,106.5167,106.5311,106.5042,0.0269
A4-R4,dl_case,a_guard_end,DD,0.0029,0.0027,0.0032,77.6990,77.7052,77.6941,0.0112
A4-R4,surf5,a_guard_end,DD,0.0029,0.0027,0.0032,49.6562,49.6585,49.6542,0.0043
A4-R4,petg_ss,a_guard_end,DD,0.0029,0.0027,0.0032,68.3442,68.3504,68.3389,0.0114
A4-R4,petg_ss50,a_guard_end,DD,0.0029,0.0027,0.0032,59.5907,59.5933,59.5885,0.0048
A4-R4,dl_petg,a_guard_end,DD,0.0029,0.0027,0.0032,58.6487,58.6511,58.6468,0.0042
A4-R4,bay_ss,a_guard_end,DD,0.0029,0.0027,0.0032,73.3321,73.3369,73.3280,0.0089
A4-R4,dl_bay,a_guard_end,DD,0.0029,0.0027,0.0032,63.4999,63.5016,63.4985,0.0031
A4-R4,cell30,a_guard_end,DD,0.0029,0.0027,0.0032,52.4374,52.4378,52.4370,0.0008
A4-R4,main30,a_guard_end,DD,0.0029,0.0027,0.0032,61.7194,61.7209,61.7182,0.0026
A4-R4,cell_ss50,a_guard_end,DD,0.0029,0.0027,0.0032,62.4115,62.4132,62.4101,0.0031
A4-R4,dl_cell,a_guard_end,DD,0.0029,0.0027,0.0032,61.4715,61.4730,61.4703,0.0027
A4-R4,dl_main,a_guard_end,DD,0.0029,0.0027,0.0032,63.4999,63.5016,63.4985,0.0031
A4-R4,tj_ss,a_guard_side,DD,0.0057,0.0051,0.0063,130.9394,130.9536,130.9272,0.0264
A4-R4,tj_pk50,a_guard_side,DD,0.0057,0.0051,0.0063,111.8624,111.8693,111.8567,0.0126
A4-R4,tj_300,a_guard_side,DD,0.0057,0.0051,0.0063,107.5455,107.5477,107.5436,0.0041
A4-R4,tj_180,a_guard_side,DD,0.0057,0.0051,0.0063,99.5925,99.5932,99.5919,0.0013
A4-R4,case_ss,a_guard_side,DD,0.0057,0.0051,0.0063,106.5167,106.5309,106.5044,0.0264
A4-R4,dl_case,a_guard_side,DD,0.0057,0.0051,0.0063,77.6990,77.7051,77.6941,0.0110
A4-R4,surf5,a_guard_side,DD,0.0057,0.0051,0.0063,49.6562,49.6585,49.6543,0.0042
A4-R4,petg_ss,a_guard_side,DD,0.0057,0.0051,0.0063,68.3442,68.3502,68.3390,0.0112
A4-R4,petg_ss50,a_guard_side,DD,0.0057,0.0051,0.0063,59.5907,59.5933,59.5885,0.0048
A4-R4,dl_petg,a_guard_side,DD,0.0057,0.0051,0.0063,58.6487,58.6510,58.6469,0.0041
A4-R4,bay_ss,a_guard_side,DD,0.0057,0.0051,0.0063,73.3321,73.3368,73.3281,0.0087
A4-R4,dl_bay,a_guard_side,DD,0.0057,0.0051,0.0063,63.4999,63.5016,63.4985,0.0031
A4-R4,cell30,a_guard_side,DD,0.0057,0.0051,0.0063,52.4374,52.4378,52.4370,0.0008
A4-R4,main30,a_guard_side,DD,0.0057,0.0051,0.0063,61.7194,61.7208,61.7182,0.0026
A4-R4,cell_ss50,a_guard_side,DD,0.0057,0.0051,0.0063,62.4115,62.4131,62.4101,0.0030
A4-R4,dl_cell,a_guard_side,DD,0.0057,0.0051,0.0063,61.4715,61.4729,61.4703,0.0026
A4-R4,dl_main,a_guard_side,DD,0.0057,0.0051,0.0063,63.4999,63.5016,63.4985,0.0031
A4-R4,tj_ss,guard_solid,E,0.5000,0.4000,0.6500,130.9394,131.0122,130.8892,0.1230
A4-R4,tj_pk50,guard_solid,E,0.5000,0.4000,0.6500,111.8624,111.9005,111.8439,0.0566
A4-R4,tj_300,guard_solid,E,0.5000,0.4000,0.6500,107.5455,107.5567,107.5375,0.0192
A4-R4,tj_180,guard_solid,E,0.5000,0.4000,0.6500,99.5925,99.5961,99.5899,0.0062
A4-R4,case_ss,guard_solid,E,0.5000,0.4000,0.6500,106.5167,106.5895,106.4665,0.1230
A4-R4,dl_case,guard_solid,E,0.5000,0.4000,0.6500,77.6990,77.7328,77.6838,0.0490
A4-R4,surf5,guard_solid,E,0.5000,0.4000,0.6500,49.6562,49.6679,49.6479,0.0200
A4-R4,petg_ss,guard_solid,E,0.5000,0.4000,0.6500,68.3442,68.3751,68.3229,0.0522
A4-R4,petg_ss50,guard_solid,E,0.5000,0.4000,0.6500,59.5907,59.6051,59.5837,0.0214
A4-R4,dl_petg,guard_solid,E,0.5000,0.4000,0.6500,58.6487,58.6615,58.6430,0.0185
A4-R4,bay_ss,guard_solid,E,0.5000,0.4000,0.6500,73.3321,73.3562,73.3155,0.0407
A4-R4,dl_bay,guard_solid,E,0.5000,0.4000,0.6500,63.4999,63.5094,63.4956,0.0138
A4-R4,cell30,guard_solid,E,0.5000,0.4000,0.6500,52.4374,52.4396,52.4361,0.0035
A4-R4,main30,guard_solid,E,0.5000,0.4000,0.6500,61.7194,61.7271,61.7154,0.0117
A4-R4,cell_ss50,guard_solid,E,0.5000,0.4000,0.6500,62.4115,62.4206,62.4071,0.0135
A4-R4,dl_cell,guard_solid,E,0.5000,0.4000,0.6500,61.4715,61.4795,61.4679,0.0117
A4-R4,dl_main,guard_solid,E,0.5000,0.4000,0.6500,63.4999,63.5094,63.4956,0.0138
A4-R4,tj_ss,v_g,E,0.4500,0.3000,0.6000,130.9394,130.1690,131.8377,1.6686
A4-R4,tj_pk50,v_g,E,0.4500,0.3000,0.6000,111.8624,111.3624,112.4478,1.0854
A4-R4,tj_300,v_g,E,0.4500,0.3000,0.6000,107.5455,107.4733,107.6316,0.1583
A4-R4,tj_180,v_g,E,0.4500,0.3000,0.6000,99.5925,99.5713,99.6180,0.0466
A4-R4,case_ss,v_g,E,0.4500,0.3000,0.6000,106.5167,105.7463,107.4149,1.6686
A4-R4,dl_case,v_g,E,0.4500,0.3000,0.6000,77.6990,77.2391,78.2348,0.9957
A4-R4,surf5,v_g,E,0.4500,0.3000,0.6000,49.6562,49.5804,49.7466,0.1662
A4-R4,petg_ss,v_g,E,0.4500,0.3000,0.6000,68.3442,68.0181,68.7261,0.7080
A4-R4,petg_ss50,v_g,E,0.4500,0.3000,0.6000,59.5907,59.4013,59.8126,0.4114
A4-R4,dl_petg,v_g,E,0.4500,0.3000,0.6000,58.6487,58.4750,58.8515,0.3765
A4-R4,bay_ss,v_g,E,0.4500,0.3000,0.6000,73.3321,73.0782,73.6303,0.5521
A4-R4,dl_bay,v_g,E,0.4500,0.3000,0.6000,63.4999,63.3710,63.6506,0.2795
A4-R4,cell30,v_g,E,0.4500,0.3000,0.6000,52.4374,52.4137,52.4649,0.0513
A4-R4,main30,v_g,E,0.4500,0.3000,0.6000,61.7194,61.6288,61.8248,0.1960
A4-R4,cell_ss50,v_g,E,0.4500,0.3000,0.6000,62.4115,62.2917,62.5520,0.2602
A4-R4,dl_cell,v_g,E,0.4500,0.3000,0.6000,61.4715,61.3623,61.5992,0.2369
A4-R4,dl_main,v_g,E,0.4500,0.3000,0.6000,63.4999,63.3710,63.6506,0.2795
A4-R4,tj_ss,h_gc,E,5.0000,3.0000,8.0000,130.9394,130.6064,131.4535,0.8471
A4-R4,tj_pk50,h_gc,E,5.0000,3.0000,8.0000,111.8624,111.6083,112.2606,0.6523
A4-R4,tj_300,h_gc,E,5.0000,3.0000,8.0000,107.5455,107.5001,107.6210,0.1209
A4-R4,tj_180,h_gc,E,5.0000,3.0000,8.0000,99.5925,99.5787,99.6160,0.0374
A4-R4,case_ss,h_gc,E,5.0000,3.0000,8.0000,106.5167,106.1837,107.0307,0.8471
A4-R4,dl_case,h_gc,E,5.0000,3.0000,8.0000,77.6990,77.4612,78.0709,0.6096
A4-R4,surf5,h_gc,E,5.0000,3.0000,8.0000,49.6562,49.6087,49.7352,0.1265
A4-R4,petg_ss,h_gc,E,5.0000,3.0000,8.0000,68.3442,68.2031,68.5625,0.3594
A4-R4,petg_ss50,h_gc,E,5.0000,3.0000,8.0000,59.5907,59.4943,59.7417,0.2474
A4-R4,dl_petg,h_gc,E,5.0000,3.0000,8.0000,58.6487,58.5589,58.7894,0.2305
A4-R4,bay_ss,h_gc,E,5.0000,3.0000,8.0000,73.3321,73.2222,73.5025,0.2803
A4-R4,dl_bay,h_gc,E,5.0000,3.0000,8.0000,63.4999,63.4332,63.6044,0.1712
A4-R4,cell30,h_gc,E,5.0000,3.0000,8.0000,52.4374,52.4241,52.4584,0.0343
A4-R4,main30,h_gc,E,5.0000,3.0000,8.0000,61.7194,61.6706,61.7961,0.1256
A4-R4,cell_ss50,h_gc,E,5.0000,3.0000,8.0000,62.4115,62.3506,62.5071,0.1565
A4-R4,dl_cell,h_gc,E,5.0000,3.0000,8.0000,61.4715,61.4150,61.5601,0.1451
A4-R4,dl_main,h_gc,E,5.0000,3.0000,8.0000,63.4999,63.4332,63.6044,0.1712
A4-R4,tj_ss,a_ef,DD,0.0028,0.0025,0.0031,130.9394,131.0603,130.8278,0.2326
A4-R4,tj_pk50,a_ef,DD,0.0028,0.0025,0.0031,111.8624,111.9529,111.7786,0.1743
A4-R4,tj_300,a_ef,DD,0.0028,0.0025,0.0031,107.5455,107.5601,107.5329,0.0272
A4-R4,tj_180,a_ef,DD,0.0028,0.0025,0.0031,99.5925,99.5971,99.5885,0.0086
A4-R4,case_ss,a_ef,DD,0.0028,0.0025,0.0031,106.5167,106.6376,106.4050,0.2326
A4-R4,dl_case,a_ef,DD,0.0028,0.0025,0.0031,77.6990,77.7838,77.6204,0.1634
A4-R4,surf5,a_ef,DD,0.0028,0.0025,0.0031,49.6562,49.6713,49.6432,0.0280
A4-R4,petg_ss,a_ef,DD,0.0028,0.0025,0.0031,68.3442,69.1914,67.6029,1.5886
A4-R4,petg_ss50,a_ef,DD,0.0028,0.0025,0.0031,59.5907,60.0832,59.1594,0.9238
A4-R4,dl_petg,a_ef,DD,0.0028,0.0025,0.0031,58.6487,59.1001,58.2532,0.8470
A4-R4,bay_ss,a_ef,DD,0.0028,0.0025,0.0031,73.3321,73.5195,73.1464,0.3730
A4-R4,dl_bay,a_ef,DD,0.0028,0.0025,0.0031,63.4999,63.6296,63.3715,0.2581
A4-R4,cell30,a_ef,DD,0.0028,0.0025,0.0031,52.4374,52.4694,52.4056,0.0638
A4-R4,main30,a_ef,DD,0.0028,0.0025,0.0031,61.7194,61.8172,61.6222,0.1950
A4-R4,cell_ss50,a_ef,DD,0.0028,0.0025,0.0031,62.4115,62.5197,62.3045,0.2152
A4-R4,dl_cell,a_ef,DD,0.0028,0.0025,0.0031,61.4715,61.5749,61.3693,0.2056
A4-R4,dl_main,a_ef,DD,0.0028,0.0025,0.0031,63.4999,63.6296,63.3715,0.2581
A4-R4,tj_ss,a_ew,DD,0.0029,0.0027,0.0032,130.9394,130.9394,130.9394,0.0000
A4-R4,tj_pk50,a_ew,DD,0.0029,0.0027,0.0032,111.8624,111.8624,111.8624,0.0000
A4-R4,tj_300,a_ew,DD,0.0029,0.0027,0.0032,107.5455,107.5455,107.5455,0.0000
A4-R4,tj_180,a_ew,DD,0.0029,0.0027,0.0032,99.5925,99.5925,99.5925,0.0000
A4-R4,case_ss,a_ew,DD,0.0029,0.0027,0.0032,106.5167,106.5167,106.5167,0.0000
A4-R4,dl_case,a_ew,DD,0.0029,0.0027,0.0032,77.6990,77.6990,77.6990,0.0000
A4-R4,surf5,a_ew,DD,0.0029,0.0027,0.0032,49.6562,49.6562,49.6562,0.0000
A4-R4,petg_ss,a_ew,DD,0.0029,0.0027,0.0032,68.3442,68.3442,68.3442,0.0000
A4-R4,petg_ss50,a_ew,DD,0.0029,0.0027,0.0032,59.5907,59.5907,59.5907,0.0000
A4-R4,dl_petg,a_ew,DD,0.0029,0.0027,0.0032,58.6487,58.6487,58.6487,0.0000
A4-R4,bay_ss,a_ew,DD,0.0029,0.0027,0.0032,73.3321,73.3321,73.3321,0.0000
A4-R4,dl_bay,a_ew,DD,0.0029,0.0027,0.0032,63.4999,63.4999,63.4999,0.0000
A4-R4,cell30,a_ew,DD,0.0029,0.0027,0.0032,52.4374,52.4374,52.4374,0.0000
A4-R4,main30,a_ew,DD,0.0029,0.0027,0.0032,61.7194,61.7194,61.7194,0.0000
A4-R4,cell_ss50,a_ew,DD,0.0029,0.0027,0.0032,62.4115,62.4115,62.4115,0.0000
A4-R4,dl_cell,a_ew,DD,0.0029,0.0027,0.0032,61.4715,61.4715,61.4715,0.0000
A4-R4,dl_main,a_ew,DD,0.0029,0.0027,0.0032,63.4999,63.4999,63.4999,0.0000
A4-R4,tj_ss,t_ew_fr4,E,0.0016,0.0008,0.0016,130.9394,130.9394,130.9394,0.0000
A4-R4,tj_pk50,t_ew_fr4,E,0.0016,0.0008,0.0016,111.8624,111.8624,111.8624,0.0000
A4-R4,tj_300,t_ew_fr4,E,0.0016,0.0008,0.0016,107.5455,107.5455,107.5455,0.0000
A4-R4,tj_180,t_ew_fr4,E,0.0016,0.0008,0.0016,99.5925,99.5925,99.5925,0.0000
A4-R4,case_ss,t_ew_fr4,E,0.0016,0.0008,0.0016,106.5167,106.5167,106.5167,0.0000
A4-R4,dl_case,t_ew_fr4,E,0.0016,0.0008,0.0016,77.6990,77.6990,77.6990,0.0000
A4-R4,surf5,t_ew_fr4,E,0.0016,0.0008,0.0016,49.6562,49.6562,49.6562,0.0000
A4-R4,petg_ss,t_ew_fr4,E,0.0016,0.0008,0.0016,68.3442,68.3442,68.3442,0.0000
A4-R4,petg_ss50,t_ew_fr4,E,0.0016,0.0008,0.0016,59.5907,59.5907,59.5907,0.0000
A4-R4,dl_petg,t_ew_fr4,E,0.0016,0.0008,0.0016,58.6487,58.6487,58.6487,0.0000
A4-R4,bay_ss,t_ew_fr4,E,0.0016,0.0008,0.0016,73.3321,73.3321,73.3321,0.0000
A4-R4,dl_bay,t_ew_fr4,E,0.0016,0.0008,0.0016,63.4999,63.4999,63.4999,0.0000
A4-R4,cell30,t_ew_fr4,E,0.0016,0.0008,0.0016,52.4374,52.4374,52.4374,0.0000
A4-R4,main30,t_ew_fr4,E,0.0016,0.0008,0.0016,61.7194,61.7194,61.7194,0.0000
A4-R4,cell_ss50,t_ew_fr4,E,0.0016,0.0008,0.0016,62.4115,62.4115,62.4115,0.0000
A4-R4,dl_cell,t_ew_fr4,E,0.0016,0.0008,0.0016,61.4715,61.4715,61.4715,0.0000
A4-R4,dl_main,t_ew_fr4,E,0.0016,0.0008,0.0016,63.4999,63.4999,63.4999,0.0000
A4-R4,tj_ss,a_bw_gross,DD,0.0029,0.0026,0.0032,130.9394,130.9900,130.8893,0.1007
A4-R4,tj_pk50,a_bw_gross,DD,0.0029,0.0026,0.0032,111.8624,111.9032,111.8221,0.0811
A4-R4,tj_300,a_bw_gross,DD,0.0029,0.0026,0.0032,107.5455,107.5479,107.5431,0.0047
A4-R4,tj_180,a_bw_gross,DD,0.0029,0.0026,0.0032,99.5925,99.5932,99.5918,0.0014
A4-R4,case_ss,a_bw_gross,DD,0.0029,0.0026,0.0032,106.5167,106.5673,106.4666,0.1007
A4-R4,dl_case,a_bw_gross,DD,0.0029,0.0026,0.0032,77.6990,77.7380,77.6605,0.0774
A4-R4,surf5,a_bw_gross,DD,0.0029,0.0026,0.0032,49.6562,49.6583,49.6541,0.0042
A4-R4,petg_ss,a_bw_gross,DD,0.0029,0.0026,0.0032,68.3442,68.4184,68.2709,0.1474
A4-R4,petg_ss50,a_bw_gross,DD,0.0029,0.0026,0.0032,59.5907,59.6440,59.5380,0.1060
A4-R4,dl_petg,a_bw_gross,DD,0.0029,0.0026,0.0032,58.6487,58.6996,58.5984,0.1012
A4-R4,bay_ss,a_bw_gross,DD,0.0029,0.0026,0.0032,73.3321,73.4932,73.1730,0.3202
A4-R4,dl_bay,a_bw_gross,DD,0.0029,0.0026,0.0032,63.4999,63.6099,63.3911,0.2188
A4-R4,cell30,a_bw_gross,DD,0.0029,0.0026,0.0032,52.4374,52.4657,52.4093,0.0564
A4-R4,main30,a_bw_gross,DD,0.0029,0.0026,0.0032,61.7194,61.8032,61.6365,0.1667
A4-R4,cell_ss50,a_bw_gross,DD,0.0029,0.0026,0.0032,62.4115,62.5059,62.3182,0.1877
A4-R4,dl_cell,a_bw_gross,DD,0.0029,0.0026,0.0032,61.4715,61.5615,61.3825,0.1790
A4-R4,dl_main,a_bw_gross,DD,0.0029,0.0026,0.0032,63.4999,63.6099,63.3911,0.2188
A4-R4,tj_ss,bw_solid,E,0.8000,0.7000,0.9000,130.9394,131.0030,130.8767,0.1263
A4-R4,tj_pk50,bw_solid,E,0.8000,0.7000,0.9000,111.8624,111.9136,111.8119,0.1017
A4-R4,tj_300,bw_solid,E,0.8000,0.7000,0.9000,107.5455,107.5485,107.5426,0.0059
A4-R4,tj_180,bw_solid,E,0.8000,0.7000,0.9000,99.5925,99.5934,99.5916,0.0018
A4-R4,case_ss,bw_solid,E,0.8000,0.7000,0.9000,106.5167,106.5803,106.4540,0.1263
A4-R4,dl_case,bw_solid,E,0.8000,0.7000,0.9000,77.6990,77.7479,77.6508,0.0971
A4-R4,surf5,bw_solid,E,0.8000,0.7000,0.9000,49.6562,49.6589,49.6536,0.0052
A4-R4,petg_ss,bw_solid,E,0.8000,0.7000,0.9000,68.3442,68.4374,68.2524,0.1849
A4-R4,petg_ss50,bw_solid,E,0.8000,0.7000,0.9000,59.5907,59.6576,59.5247,0.1330
A4-R4,dl_petg,bw_solid,E,0.8000,0.7000,0.9000,58.6487,58.7127,58.5857,0.1269
A4-R4,bay_ss,bw_solid,E,0.8000,0.7000,0.9000,73.3321,73.5344,73.1328,0.4016
A4-R4,dl_bay,bw_solid,E,0.8000,0.7000,0.9000,63.4999,63.6381,63.3637,0.2744
A4-R4,cell30,bw_solid,E,0.8000,0.7000,0.9000,52.4374,52.4729,52.4022,0.0707
A4-R4,main30,bw_solid,E,0.8000,0.7000,0.9000,61.7194,61.8246,61.6155,0.2091
A4-R4,cell_ss50,bw_solid,E,0.8000,0.7000,0.9000,62.4115,62.5301,62.2946,0.2355
A4-R4,dl_cell,bw_solid,E,0.8000,0.7000,0.9000,61.4715,61.5846,61.3601,0.2246
A4-R4,dl_main,bw_solid,E,0.8000,0.7000,0.9000,63.4999,63.6381,63.3637,0.2744
A4-R4,tj_ss,a_bh,DD,0.0025,0.0022,0.0027,130.9394,130.9394,130.9394,0.0000
A4-R4,tj_pk50,a_bh,DD,0.0025,0.0022,0.0027,111.8624,111.8624,111.8624,0.0000
A4-R4,tj_300,a_bh,DD,0.0025,0.0022,0.0027,107.5455,107.5455,107.5455,0.0000
A4-R4,tj_180,a_bh,DD,0.0025,0.0022,0.0027,99.5925,99.5925,99.5925,0.0000
A4-R4,case_ss,a_bh,DD,0.0025,0.0022,0.0027,106.5167,106.5167,106.5167,0.0000
A4-R4,dl_case,a_bh,DD,0.0025,0.0022,0.0027,77.6990,77.6990,77.6990,0.0000
A4-R4,surf5,a_bh,DD,0.0025,0.0022,0.0027,49.6562,49.6562,49.6562,0.0000
A4-R4,petg_ss,a_bh,DD,0.0025,0.0022,0.0027,68.3442,68.3442,68.3442,0.0000
A4-R4,petg_ss50,a_bh,DD,0.0025,0.0022,0.0027,59.5907,59.5907,59.5907,0.0000
A4-R4,dl_petg,a_bh,DD,0.0025,0.0022,0.0027,58.6487,58.6487,58.6487,0.0000
A4-R4,bay_ss,a_bh,DD,0.0025,0.0022,0.0027,73.3321,73.3321,73.3321,0.0000
A4-R4,dl_bay,a_bh,DD,0.0025,0.0022,0.0027,63.4999,63.4999,63.4999,0.0000
A4-R4,cell30,a_bh,DD,0.0025,0.0022,0.0027,52.4374,52.4374,52.4374,0.0000
A4-R4,main30,a_bh,DD,0.0025,0.0022,0.0027,61.7194,61.7194,61.7194,0.0000
A4-R4,cell_ss50,a_bh,DD,0.0025,0.0022,0.0027,62.4115,62.4115,62.4115,0.0000
A4-R4,dl_cell,a_bh,DD,0.0025,0.0022,0.0027,61.4715,61.4715,61.4715,0.0000
A4-R4,dl_main,a_bh,DD,0.0025,0.0022,0.0027,63.4999,63.4999,63.4999,0.0000
A4-R4,tj_ss,t_bh,E,0.0012,0.0010,0.0014,130.9394,130.9394,130.9394,0.0000
A4-R4,tj_pk50,t_bh,E,0.0012,0.0010,0.0014,111.8624,111.8624,111.8624,0.0000
A4-R4,tj_300,t_bh,E,0.0012,0.0010,0.0014,107.5455,107.5455,107.5455,0.0000
A4-R4,tj_180,t_bh,E,0.0012,0.0010,0.0014,99.5925,99.5925,99.5925,0.0000
A4-R4,case_ss,t_bh,E,0.0012,0.0010,0.0014,106.5167,106.5167,106.5167,0.0000
A4-R4,dl_case,t_bh,E,0.0012,0.0010,0.0014,77.6990,77.6990,77.6990,0.0000
A4-R4,surf5,t_bh,E,0.0012,0.0010,0.0014,49.6562,49.6562,49.6562,0.0000
A4-R4,petg_ss,t_bh,E,0.0012,0.0010,0.0014,68.3442,68.3442,68.3442,0.0000
A4-R4,petg_ss50,t_bh,E,0.0012,0.0010,0.0014,59.5907,59.5907,59.5907,0.0000
A4-R4,dl_petg,t_bh,E,0.0012,0.0010,0.0014,58.6487,58.6487,58.6487,0.0000
A4-R4,bay_ss,t_bh,E,0.0012,0.0010,0.0014,73.3321,73.3321,73.3321,0.0000
A4-R4,dl_bay,t_bh,E,0.0012,0.0010,0.0014,63.4999,63.4999,63.4999,0.0000
A4-R4,cell30,t_bh,E,0.0012,0.0010,0.0014,52.4374,52.4374,52.4374,0.0000
A4-R4,main30,t_bh,E,0.0012,0.0010,0.0014,61.7194,61.7194,61.7194,0.0000
A4-R4,cell_ss50,t_bh,E,0.0012,0.0010,0.0014,62.4115,62.4115,62.4115,0.0000
A4-R4,dl_cell,t_bh,E,0.0012,0.0010,0.0014,61.4715,61.4715,61.4715,0.0000
A4-R4,dl_main,t_bh,E,0.0012,0.0010,0.0014,63.4999,63.4999,63.4999,0.0000
A4-R4,tj_ss,gap_bh,E,0.0030,0.0020,0.0040,130.9394,130.9394,130.9394,0.0000
A4-R4,tj_pk50,gap_bh,E,0.0030,0.0020,0.0040,111.8624,111.8624,111.8624,0.0000
A4-R4,tj_300,gap_bh,E,0.0030,0.0020,0.0040,107.5455,107.5455,107.5455,0.0000
A4-R4,tj_180,gap_bh,E,0.0030,0.0020,0.0040,99.5925,99.5925,99.5925,0.0000
A4-R4,case_ss,gap_bh,E,0.0030,0.0020,0.0040,106.5167,106.5167,106.5167,0.0000
A4-R4,dl_case,gap_bh,E,0.0030,0.0020,0.0040,77.6990,77.6990,77.6990,0.0000
A4-R4,surf5,gap_bh,E,0.0030,0.0020,0.0040,49.6562,49.6562,49.6562,0.0000
A4-R4,petg_ss,gap_bh,E,0.0030,0.0020,0.0040,68.3442,68.3442,68.3442,0.0000
A4-R4,petg_ss50,gap_bh,E,0.0030,0.0020,0.0040,59.5907,59.5907,59.5907,0.0000
A4-R4,dl_petg,gap_bh,E,0.0030,0.0020,0.0040,58.6487,58.6487,58.6487,0.0000
A4-R4,bay_ss,gap_bh,E,0.0030,0.0020,0.0040,73.3321,73.3321,73.3321,0.0000
A4-R4,dl_bay,gap_bh,E,0.0030,0.0020,0.0040,63.4999,63.4999,63.4999,0.0000
A4-R4,cell30,gap_bh,E,0.0030,0.0020,0.0040,52.4374,52.4374,52.4374,0.0000
A4-R4,main30,gap_bh,E,0.0030,0.0020,0.0040,61.7194,61.7194,61.7194,0.0000
A4-R4,cell_ss50,gap_bh,E,0.0030,0.0020,0.0040,62.4115,62.4115,62.4115,0.0000
A4-R4,dl_cell,gap_bh,E,0.0030,0.0020,0.0040,61.4715,61.4715,61.4715,0.0000
A4-R4,dl_main,gap_bh,E,0.0030,0.0020,0.0040,63.4999,63.4999,63.4999,0.0000
A4-R4,tj_ss,a_mw,E,0.0262,0.0210,0.0314,130.9394,132.2519,129.9365,2.3154
A4-R4,tj_pk50,a_mw,E,0.0262,0.0210,0.0314,111.8624,112.9245,111.0613,1.8633
A4-R4,tj_300,a_mw,E,0.0262,0.0210,0.0314,107.5455,107.6016,107.4948,0.1068
A4-R4,tj_180,a_mw,E,0.0262,0.0210,0.0314,99.5925,99.6091,99.5771,0.0321
A4-R4,case_ss,a_mw,E,0.0262,0.0210,0.0314,106.5167,107.8292,105.5138,2.3154
A4-R4,dl_case,a_mw,E,0.0262,0.0210,0.0314,77.6990,78.7125,76.9302,1.7823
A4-R4,surf5,a_mw,E,0.0262,0.0210,0.0314,49.6562,49.7058,49.6112,0.0947
A4-R4,petg_ss,a_mw,E,0.0262,0.0210,0.0314,68.3442,70.2692,66.8772,3.3921
A4-R4,petg_ss50,a_mw,E,0.0262,0.0210,0.0314,59.5907,60.9801,58.5401,2.4399
A4-R4,dl_petg,a_mw,E,0.0262,0.0210,0.0314,58.6487,59.9754,57.6448,2.3306
A4-R4,bay_ss,a_mw,E,0.0262,0.0210,0.0314,73.3321,77.4825,70.1281,7.3544
A4-R4,dl_bay,a_mw,E,0.0262,0.0210,0.0314,63.4999,66.3535,61.3215,5.0321
A4-R4,cell30,a_mw,E,0.0262,0.0210,0.0314,52.4374,53.1436,51.8583,1.2852
A4-R4,main30,a_mw,E,0.0262,0.0210,0.0314,61.7194,63.8329,60.0232,3.8097
A4-R4,cell_ss50,a_mw,E,0.0262,0.0210,0.0314,62.4115,64.8672,60.5462,4.3210
A4-R4,dl_cell,a_mw,E,0.0262,0.0210,0.0314,61.4715,63.8139,59.6929,4.1210
A4-R4,dl_main,a_mw,E,0.0262,0.0210,0.0314,63.4999,66.3535,61.3215,5.0321
A4-R4,tj_ss,eps_out,E,0.9000,0.8500,0.9500,130.9394,131.1618,130.7298,0.4320
A4-R4,tj_pk50,eps_out,E,0.9000,0.8500,0.9500,111.8624,112.0311,111.7038,0.3273
A4-R4,tj_300,eps_out,E,0.9000,0.8500,0.9500,107.5455,107.5494,107.5417,0.0077
A4-R4,tj_180,eps_out,E,0.9000,0.8500,0.9500,99.5925,99.5932,99.5918,0.0014
A4-R4,case_ss,eps_out,E,0.9000,0.8500,0.9500,106.5167,106.7391,106.3071,0.4320
A4-R4,dl_case,eps_out,E,0.9000,0.8500,0.9500,77.6990,77.8581,77.5492,0.3089
A4-R4,surf5,eps_out,E,0.9000,0.8500,0.9500,49.6562,49.6595,49.6530,0.0065
A4-R4,petg_ss,eps_out,E,0.9000,0.8500,0.9500,68.3442,68.8398,67.8752,0.9646
A4-R4,petg_ss50,eps_out,E,0.9000,0.8500,0.9500,59.5907,59.9188,59.2806,0.6381
A4-R4,dl_petg,eps_out,E,0.9000,0.8500,0.9500,58.6487,58.9577,58.3568,0.6010
A4-R4,bay_ss,eps_out,E,0.9000,0.8500,0.9500,73.3321,73.7502,72.9397,0.8105
A4-R4,dl_bay,eps_out,E,0.9000,0.8500,0.9500,63.4999,63.7707,63.2458,0.5249
A4-R4,cell30,eps_out,E,0.9000,0.8500,0.9500,52.4374,52.5020,52.3753,0.1267
A4-R4,main30,eps_out,E,0.9000,0.8500,0.9500,61.7194,61.8861,61.5604,0.3257
A4-R4,cell_ss50,eps_out,E,0.9000,0.8500,0.9500,62.4115,62.7088,62.1327,0.5761
A4-R4,dl_cell,eps_out,E,0.9000,0.8500,0.9500,61.4715,61.7532,61.2073,0.5458
A4-R4,dl_main,eps_out,E,0.9000,0.8500,0.9500,63.4999,63.7707,63.2458,0.5249
A4-R4,tj_ss,eps_in,E,0.8000,0.7000,0.9000,130.9394,131.1419,130.7658,0.3761
A4-R4,tj_pk50,eps_in,E,0.8000,0.7000,0.9000,111.8624,112.0296,111.7194,0.3102
A4-R4,tj_300,eps_in,E,0.8000,0.7000,0.9000,107.5455,107.5562,107.5355,0.0207
A4-R4,tj_180,eps_in,E,0.8000,0.7000,0.9000,99.5925,99.5958,99.5893,0.0065
A4-R4,case_ss,eps_in,E,0.8000,0.7000,0.9000,106.5167,106.7192,106.3431,0.3761
A4-R4,dl_case,eps_in,E,0.8000,0.7000,0.9000,77.6990,77.8591,77.5619,0.2972
A4-R4,surf5,eps_in,E,0.8000,0.7000,0.9000,49.6562,49.6644,49.6485,0.0159
A4-R4,petg_ss,eps_in,E,0.8000,0.7000,0.9000,68.3442,68.5292,68.1719,0.3573
A4-R4,petg_ss50,eps_in,E,0.8000,0.7000,0.9000,59.5907,59.6958,59.4932,0.2026
A4-R4,dl_petg,eps_in,E,0.8000,0.7000,0.9000,58.6487,58.7439,58.5605,0.1834
A4-R4,bay_ss,eps_in,E,0.8000,0.7000,0.9000,73.3321,74.2830,72.5218,1.7612
A4-R4,dl_bay,eps_in,E,0.8000,0.7000,0.9000,63.4999,64.1684,62.9295,1.2389
A4-R4,cell30,eps_in,E,0.8000,0.7000,0.9000,52.4374,52.5618,52.3290,0.2328
A4-R4,main30,eps_in,E,0.8000,0.7000,0.9000,61.7194,62.2636,61.2503,1.0133
A4-R4,cell_ss50,eps_in,E,0.8000,0.7000,0.9000,62.4115,62.8075,62.0740,0.7334
A4-R4,dl_cell,eps_in,E,0.8000,0.7000,0.9000,61.4715,61.8522,61.1470,0.7052
A4-R4,dl_main,eps_in,E,0.8000,0.7000,0.9000,63.4999,64.1684,62.9295,1.2389
A4-R4,tj_ss,eps_bh,E,0.8200,0.7500,0.9000,130.9394,130.9394,130.9394,0.0000
A4-R4,tj_pk50,eps_bh,E,0.8200,0.7500,0.9000,111.8624,111.8624,111.8624,0.0000
A4-R4,tj_300,eps_bh,E,0.8200,0.7500,0.9000,107.5455,107.5455,107.5455,0.0000
A4-R4,tj_180,eps_bh,E,0.8200,0.7500,0.9000,99.5925,99.5925,99.5925,0.0000
A4-R4,case_ss,eps_bh,E,0.8200,0.7500,0.9000,106.5167,106.5167,106.5167,0.0000
A4-R4,dl_case,eps_bh,E,0.8200,0.7500,0.9000,77.6990,77.6990,77.6990,0.0000
A4-R4,surf5,eps_bh,E,0.8200,0.7500,0.9000,49.6562,49.6562,49.6562,0.0000
A4-R4,petg_ss,eps_bh,E,0.8200,0.7500,0.9000,68.3442,68.3442,68.3442,0.0000
A4-R4,petg_ss50,eps_bh,E,0.8200,0.7500,0.9000,59.5907,59.5907,59.5907,0.0000
A4-R4,dl_petg,eps_bh,E,0.8200,0.7500,0.9000,58.6487,58.6487,58.6487,0.0000
A4-R4,bay_ss,eps_bh,E,0.8200,0.7500,0.9000,73.3321,73.3321,73.3321,0.0000
A4-R4,dl_bay,eps_bh,E,0.8200,0.7500,0.9000,63.4999,63.4999,63.4999,0.0000
A4-R4,cell30,eps_bh,E,0.8200,0.7500,0.9000,52.4374,52.4374,52.4374,0.0000
A4-R4,main30,eps_bh,E,0.8200,0.7500,0.9000,61.7194,61.7194,61.7194,0.0000
A4-R4,cell_ss50,eps_bh,E,0.8200,0.7500,0.9000,62.4115,62.4115,62.4115,0.0000
A4-R4,dl_cell,eps_bh,E,0.8200,0.7500,0.9000,61.4715,61.4715,61.4715,0.0000
A4-R4,dl_main,eps_bh,E,0.8200,0.7500,0.9000,63.4999,63.4999,63.4999,0.0000
A4-R4,tj_ss,k_air,D,0.0280,0.0270,0.0290,130.9394,130.9569,130.9220,0.0349
A4-R4,tj_pk50,k_air,D,0.0280,0.0270,0.0290,111.8624,111.8758,111.8490,0.0268
A4-R4,tj_300,k_air,D,0.0280,0.0270,0.0290,107.5455,107.5534,107.5376,0.0158
A4-R4,tj_180,k_air,D,0.0280,0.0270,0.0290,99.5925,99.5964,99.5886,0.0078
A4-R4,case_ss,k_air,D,0.0280,0.0270,0.0290,106.5167,106.5341,106.4993,0.0349
A4-R4,dl_case,k_air,D,0.0280,0.0270,0.0290,77.6990,77.7115,77.6866,0.0249
A4-R4,surf5,k_air,D,0.0280,0.0270,0.0290,49.6562,49.6642,49.6483,0.0160
A4-R4,petg_ss,k_air,D,0.0280,0.0270,0.0290,68.3442,68.2780,68.4100,0.1320
A4-R4,petg_ss50,k_air,D,0.0280,0.0270,0.0290,59.5907,59.5507,59.6303,0.0795
A4-R4,dl_petg,k_air,D,0.0280,0.0270,0.0290,58.6487,58.6121,58.6851,0.0730
A4-R4,bay_ss,k_air,D,0.0280,0.0270,0.0290,73.3321,73.3302,73.3341,0.0039
A4-R4,dl_bay,k_air,D,0.0280,0.0270,0.0290,63.4999,63.4989,63.5008,0.0019
A4-R4,cell30,k_air,D,0.0280,0.0270,0.0290,52.4374,52.4370,52.4377,0.0007
A4-R4,main30,k_air,D,0.0280,0.0270,0.0290,61.7194,61.7183,61.7205,0.0022
A4-R4,cell_ss50,k_air,D,0.0280,0.0270,0.0290,62.4115,62.4109,62.4121,0.0012
A4-R4,dl_cell,k_air,D,0.0280,0.0270,0.0290,61.4715,61.4709,61.4720,0.0011
A4-R4,dl_main,k_air,D,0.0280,0.0270,0.0290,63.4999,63.4989,63.5008,0.0019
A4-R4,tj_ss,gap_face,E,0.0020,0.0015,0.0030,130.9394,130.7810,131.1067,0.3257
A4-R4,tj_pk50,gap_face,E,0.0020,0.0015,0.0030,111.8624,111.7410,111.9917,0.2507
A4-R4,tj_300,gap_face,E,0.0020,0.0015,0.0030,107.5455,107.4731,107.6205,0.1474
A4-R4,tj_180,gap_face,E,0.0020,0.0015,0.0030,99.5925,99.5566,99.6292,0.0725
A4-R4,case_ss,gap_face,E,0.0020,0.0015,0.0030,106.5167,106.3583,106.6840,0.3257
A4-R4,dl_case,gap_face,E,0.0020,0.0015,0.0030,77.6990,77.5863,77.8190,0.2327
A4-R4,surf5,gap_face,E,0.0020,0.0015,0.0030,49.6562,49.5829,49.7323,0.1494
A4-R4,petg_ss,gap_face,E,0.0020,0.0015,0.0030,68.3442,68.9422,67.7092,1.2330
A4-R4,petg_ss50,gap_face,E,0.0020,0.0015,0.0030,59.5907,59.9500,59.2069,0.7431
A4-R4,dl_petg,gap_face,E,0.0020,0.0015,0.0030,58.6487,58.9786,58.2962,0.6824
A4-R4,bay_ss,gap_face,E,0.0020,0.0015,0.0030,73.3321,73.3500,73.3132,0.0368
A4-R4,dl_bay,gap_face,E,0.0020,0.0015,0.0030,63.4999,63.5085,63.4906,0.0179
A4-R4,cell30,gap_face,E,0.0020,0.0015,0.0030,52.4374,52.4407,52.4338,0.0069
A4-R4,main30,gap_face,E,0.0020,0.0015,0.0030,61.7194,61.7293,61.7088,0.0205
A4-R4,cell_ss50,gap_face,E,0.0020,0.0015,0.0030,62.4115,62.4167,62.4059,0.0108
A4-R4,dl_cell,gap_face,E,0.0020,0.0015,0.0030,61.4715,61.4763,61.4663,0.0100
A4-R4,dl_main,gap_face,E,0.0020,0.0015,0.0030,63.4999,63.5085,63.4906,0.0179
A4-R4,tj_ss,h_rad_gap,E,7.0000,5.0000,8.0000,130.9394,131.0099,130.9047,0.1052
A4-R4,tj_pk50,h_rad_gap,E,7.0000,5.0000,8.0000,111.8624,111.9168,111.8357,0.0811
A4-R4,tj_300,h_rad_gap,E,7.0000,5.0000,8.0000,107.5455,107.5773,107.5298,0.0476
A4-R4,tj_180,h_rad_gap,E,7.0000,5.0000,8.0000,99.5925,99.6081,99.5847,0.0234
A4-R4,case_ss,h_rad_gap,E,7.0000,5.0000,8.0000,106.5167,106.5872,106.4820,0.1052
A4-R4,dl_case,h_rad_gap,E,7.0000,5.0000,8.0000,77.6990,77.7495,77.6743,0.0752
A4-R4,surf5,h_rad_gap,E,7.0000,5.0000,8.0000,49.6562,49.6885,49.6403,0.0482
A4-R4,petg_ss,h_rad_gap,E,7.0000,5.0000,8.0000,68.3442,68.0768,68.4754,0.3986
A4-R4,petg_ss50,h_rad_gap,E,7.0000,5.0000,8.0000,59.5907,59.4293,59.6696,0.2403
A4-R4,dl_petg,h_rad_gap,E,7.0000,5.0000,8.0000,58.6487,58.5005,58.7212,0.2207
A4-R4,bay_ss,h_rad_gap,E,7.0000,5.0000,8.0000,73.3321,73.3242,73.3361,0.0119
A4-R4,dl_bay,h_rad_gap,E,7.0000,5.0000,8.0000,63.4999,63.4960,63.5018,0.0058
A4-R4,cell30,h_rad_gap,E,7.0000,5.0000,8.0000,52.4374,52.4359,52.4381,0.0022
A4-R4,main30,h_rad_gap,E,7.0000,5.0000,8.0000,61.7194,61.7150,61.7216,0.0066
A4-R4,cell_ss50,h_rad_gap,E,7.0000,5.0000,8.0000,62.4115,62.4091,62.4126,0.0035
A4-R4,dl_cell,h_rad_gap,E,7.0000,5.0000,8.0000,61.4715,61.4693,61.4726,0.0032
A4-R4,dl_main,h_rad_gap,E,7.0000,5.0000,8.0000,63.4999,63.4960,63.5018,0.0058
A4-R4,tj_ss,a_gap_face,E,0.0004,0.0002,0.0006,130.9394,131.3296,130.5945,0.7351
A4-R4,tj_pk50,a_gap_face,E,0.0004,0.0002,0.0006,111.8624,112.1656,111.5996,0.5660
A4-R4,tj_300,a_gap_face,E,0.0004,0.0002,0.0006,107.5455,107.7181,107.3860,0.3321
A4-R4,tj_180,a_gap_face,E,0.0004,0.0002,0.0006,99.5925,99.6764,99.5131,0.1633
A4-R4,case_ss,a_gap_face,E,0.0004,0.0002,0.0006,106.5167,106.9068,106.1718,0.7351
A4-R4,dl_case,a_gap_face,E,0.0004,0.0002,0.0006,77.6990,77.9803,77.4548,0.5256
A4-R4,surf5,a_gap_face,E,0.0004,0.0002,0.0006,49.6562,49.8314,49.4949,0.3365
A4-R4,petg_ss,a_gap_face,E,0.0004,0.0002,0.0006,68.3442,66.8577,69.6423,2.7847
A4-R4,petg_ss50,a_gap_face,E,0.0004,0.0002,0.0006,59.5907,58.6889,60.3687,1.6798
A4-R4,dl_petg,a_gap_face,E,0.0004,0.0002,0.0006,58.6487,57.8203,59.3625,1.5423
A4-R4,bay_ss,a_gap_face,E,0.0004,0.0002,0.0006,73.3321,73.2880,73.3711,0.0830
A4-R4,dl_bay,a_gap_face,E,0.0004,0.0002,0.0006,63.4999,63.4782,63.5186,0.0404
A4-R4,cell30,a_gap_face,E,0.0004,0.0002,0.0006,52.4374,52.4291,52.4446,0.0155
A4-R4,main30,a_gap_face,E,0.0004,0.0002,0.0006,61.7194,61.6946,61.7409,0.0462
A4-R4,cell_ss50,a_gap_face,E,0.0004,0.0002,0.0006,62.4115,62.3984,62.4230,0.0246
A4-R4,dl_cell,a_gap_face,E,0.0004,0.0002,0.0006,61.4715,61.4593,61.4820,0.0227
A4-R4,dl_main,a_gap_face,E,0.0004,0.0002,0.0006,63.4999,63.4782,63.5186,0.0404
A4-R4,tj_ss,rad_f_ef,E,0.3000,0.2000,0.4500,130.9394,130.7589,131.2837,0.5248
A4-R4,tj_pk50,rad_f_ef,E,0.3000,0.2000,0.4500,111.8624,111.7457,112.0826,0.3370
A4-R4,tj_300,rad_f_ef,E,0.3000,0.2000,0.4500,107.5455,107.5143,107.6043,0.0900
A4-R4,tj_180,rad_f_ef,E,0.3000,0.2000,0.4500,99.5925,99.5828,99.6110,0.0282
A4-R4,case_ss,rad_f_ef,E,0.3000,0.2000,0.4500,106.5167,106.3362,106.8610,0.5248
A4-R4,dl_case,rad_f_ef,E,0.3000,0.2000,0.4500,77.6990,77.5931,77.8983,0.3052
A4-R4,surf5,rad_f_ef,E,0.3000,0.2000,0.4500,49.6562,49.6229,49.7191,0.0963
A4-R4,petg_ss,rad_f_ef,E,0.3000,0.2000,0.4500,68.3442,66.9368,70.2701,3.3334
A4-R4,petg_ss50,rad_f_ef,E,0.3000,0.2000,0.4500,59.5907,58.8512,60.6171,1.7659
A4-R4,dl_petg,rad_f_ef,E,0.3000,0.2000,0.4500,58.6487,57.9811,59.5768,1.5957
A4-R4,bay_ss,rad_f_ef,E,0.3000,0.2000,0.4500,73.3321,73.3587,73.2838,0.0749
A4-R4,dl_bay,rad_f_ef,E,0.3000,0.2000,0.4500,63.4999,63.5112,63.4796,0.0316
A4-R4,cell30,rad_f_ef,E,0.3000,0.2000,0.4500,52.4374,52.4595,52.4023,0.0572
A4-R4,main30,rad_f_ef,E,0.3000,0.2000,0.4500,61.7194,61.7283,61.7025,0.0259
A4-R4,cell_ss50,rad_f_ef,E,0.3000,0.2000,0.4500,62.4115,62.4598,62.3348,0.1251
A4-R4,dl_cell,rad_f_ef,E,0.3000,0.2000,0.4500,61.4715,61.5151,61.4023,0.1128
A4-R4,dl_main,rad_f_ef,E,0.3000,0.2000,0.4500,63.4999,63.5112,63.4796,0.0316
A4-R4,tj_ss,rad_f_bh,E,0.4000,0.2500,0.5000,130.9394,130.9394,130.9394,0.0000
A4-R4,tj_pk50,rad_f_bh,E,0.4000,0.2500,0.5000,111.8624,111.8624,111.8624,0.0000
A4-R4,tj_300,rad_f_bh,E,0.4000,0.2500,0.5000,107.5455,107.5455,107.5455,0.0000
A4-R4,tj_180,rad_f_bh,E,0.4000,0.2500,0.5000,99.5925,99.5925,99.5925,0.0000
A4-R4,case_ss,rad_f_bh,E,0.4000,0.2500,0.5000,106.5167,106.5167,106.5167,0.0000
A4-R4,dl_case,rad_f_bh,E,0.4000,0.2500,0.5000,77.6990,77.6990,77.6990,0.0000
A4-R4,surf5,rad_f_bh,E,0.4000,0.2500,0.5000,49.6562,49.6562,49.6562,0.0000
A4-R4,petg_ss,rad_f_bh,E,0.4000,0.2500,0.5000,68.3442,68.3442,68.3442,0.0000
A4-R4,petg_ss50,rad_f_bh,E,0.4000,0.2500,0.5000,59.5907,59.5907,59.5907,0.0000
A4-R4,dl_petg,rad_f_bh,E,0.4000,0.2500,0.5000,58.6487,58.6487,58.6487,0.0000
A4-R4,bay_ss,rad_f_bh,E,0.4000,0.2500,0.5000,73.3321,73.3321,73.3321,0.0000
A4-R4,dl_bay,rad_f_bh,E,0.4000,0.2500,0.5000,63.4999,63.4999,63.4999,0.0000
A4-R4,cell30,rad_f_bh,E,0.4000,0.2500,0.5000,52.4374,52.4374,52.4374,0.0000
A4-R4,main30,rad_f_bh,E,0.4000,0.2500,0.5000,61.7194,61.7194,61.7194,0.0000
A4-R4,cell_ss50,rad_f_bh,E,0.4000,0.2500,0.5000,62.4115,62.4115,62.4115,0.0000
A4-R4,dl_cell,rad_f_bh,E,0.4000,0.2500,0.5000,61.4715,61.4715,61.4715,0.0000
A4-R4,dl_main,rad_f_bh,E,0.4000,0.2500,0.5000,63.4999,63.4999,63.4999,0.0000
A4-R4,tj_ss,o3_rad_amb,E,0.3000,0.2000,0.4000,130.9394,130.9394,130.9394,0.0000
A4-R4,tj_pk50,o3_rad_amb,E,0.3000,0.2000,0.4000,111.8624,111.8624,111.8624,0.0000
A4-R4,tj_300,o3_rad_amb,E,0.3000,0.2000,0.4000,107.5455,107.5455,107.5455,0.0000
A4-R4,tj_180,o3_rad_amb,E,0.3000,0.2000,0.4000,99.5925,99.5925,99.5925,0.0000
A4-R4,case_ss,o3_rad_amb,E,0.3000,0.2000,0.4000,106.5167,106.5167,106.5167,0.0000
A4-R4,dl_case,o3_rad_amb,E,0.3000,0.2000,0.4000,77.6990,77.6990,77.6990,0.0000
A4-R4,surf5,o3_rad_amb,E,0.3000,0.2000,0.4000,49.6562,49.6562,49.6562,0.0000
A4-R4,petg_ss,o3_rad_amb,E,0.3000,0.2000,0.4000,68.3442,68.3442,68.3442,0.0000
A4-R4,petg_ss50,o3_rad_amb,E,0.3000,0.2000,0.4000,59.5907,59.5907,59.5907,0.0000
A4-R4,dl_petg,o3_rad_amb,E,0.3000,0.2000,0.4000,58.6487,58.6487,58.6487,0.0000
A4-R4,bay_ss,o3_rad_amb,E,0.3000,0.2000,0.4000,73.3321,73.3321,73.3321,0.0000
A4-R4,dl_bay,o3_rad_amb,E,0.3000,0.2000,0.4000,63.4999,63.4999,63.4999,0.0000
A4-R4,cell30,o3_rad_amb,E,0.3000,0.2000,0.4000,52.4374,52.4374,52.4374,0.0000
A4-R4,main30,o3_rad_amb,E,0.3000,0.2000,0.4000,61.7194,61.7194,61.7194,0.0000
A4-R4,cell_ss50,o3_rad_amb,E,0.3000,0.2000,0.4000,62.4115,62.4115,62.4115,0.0000
A4-R4,dl_cell,o3_rad_amb,E,0.3000,0.2000,0.4000,61.4715,61.4715,61.4715,0.0000
A4-R4,dl_main,o3_rad_amb,E,0.3000,0.2000,0.4000,63.4999,63.4999,63.4999,0.0000
A4-R4,tj_ss,o3_rad_guard,E,0.2000,0.1000,0.3000,130.9394,130.9394,130.9394,0.0000
A4-R4,tj_pk50,o3_rad_guard,E,0.2000,0.1000,0.3000,111.8624,111.8624,111.8624,0.0000
A4-R4,tj_300,o3_rad_guard,E,0.2000,0.1000,0.3000,107.5455,107.5455,107.5455,0.0000
A4-R4,tj_180,o3_rad_guard,E,0.2000,0.1000,0.3000,99.5925,99.5925,99.5925,0.0000
A4-R4,case_ss,o3_rad_guard,E,0.2000,0.1000,0.3000,106.5167,106.5167,106.5167,0.0000
A4-R4,dl_case,o3_rad_guard,E,0.2000,0.1000,0.3000,77.6990,77.6990,77.6990,0.0000
A4-R4,surf5,o3_rad_guard,E,0.2000,0.1000,0.3000,49.6562,49.6562,49.6562,0.0000
A4-R4,petg_ss,o3_rad_guard,E,0.2000,0.1000,0.3000,68.3442,68.3442,68.3442,0.0000
A4-R4,petg_ss50,o3_rad_guard,E,0.2000,0.1000,0.3000,59.5907,59.5907,59.5907,0.0000
A4-R4,dl_petg,o3_rad_guard,E,0.2000,0.1000,0.3000,58.6487,58.6487,58.6487,0.0000
A4-R4,bay_ss,o3_rad_guard,E,0.2000,0.1000,0.3000,73.3321,73.3321,73.3321,0.0000
A4-R4,dl_bay,o3_rad_guard,E,0.2000,0.1000,0.3000,63.4999,63.4999,63.4999,0.0000
A4-R4,cell30,o3_rad_guard,E,0.2000,0.1000,0.3000,52.4374,52.4374,52.4374,0.0000
A4-R4,main30,o3_rad_guard,E,0.2000,0.1000,0.3000,61.7194,61.7194,61.7194,0.0000
A4-R4,cell_ss50,o3_rad_guard,E,0.2000,0.1000,0.3000,62.4115,62.4115,62.4115,0.0000
A4-R4,dl_cell,o3_rad_guard,E,0.2000,0.1000,0.3000,61.4715,61.4715,61.4715,0.0000
A4-R4,dl_main,o3_rad_guard,E,0.2000,0.1000,0.3000,63.4999,63.4999,63.4999,0.0000
A4-R4,tj_ss,h_gapc,E,3.0000,1.5000,5.0000,130.9394,130.9394,130.9394,0.0000
A4-R4,tj_pk50,h_gapc,E,3.0000,1.5000,5.0000,111.8624,111.8624,111.8624,0.0000
A4-R4,tj_300,h_gapc,E,3.0000,1.5000,5.0000,107.5455,107.5455,107.5455,0.0000
A4-R4,tj_180,h_gapc,E,3.0000,1.5000,5.0000,99.5925,99.5925,99.5925,0.0000
A4-R4,case_ss,h_gapc,E,3.0000,1.5000,5.0000,106.5167,106.5167,106.5167,0.0000
A4-R4,dl_case,h_gapc,E,3.0000,1.5000,5.0000,77.6990,77.6990,77.6990,0.0000
A4-R4,surf5,h_gapc,E,3.0000,1.5000,5.0000,49.6562,49.6562,49.6562,0.0000
A4-R4,petg_ss,h_gapc,E,3.0000,1.5000,5.0000,68.3442,68.3442,68.3442,0.0000
A4-R4,petg_ss50,h_gapc,E,3.0000,1.5000,5.0000,59.5907,59.5907,59.5907,0.0000
A4-R4,dl_petg,h_gapc,E,3.0000,1.5000,5.0000,58.6487,58.6487,58.6487,0.0000
A4-R4,bay_ss,h_gapc,E,3.0000,1.5000,5.0000,73.3321,73.3321,73.3321,0.0000
A4-R4,dl_bay,h_gapc,E,3.0000,1.5000,5.0000,63.4999,63.4999,63.4999,0.0000
A4-R4,cell30,h_gapc,E,3.0000,1.5000,5.0000,52.4374,52.4374,52.4374,0.0000
A4-R4,main30,h_gapc,E,3.0000,1.5000,5.0000,61.7194,61.7194,61.7194,0.0000
A4-R4,cell_ss50,h_gapc,E,3.0000,1.5000,5.0000,62.4115,62.4115,62.4115,0.0000
A4-R4,dl_cell,h_gapc,E,3.0000,1.5000,5.0000,61.4715,61.4715,61.4715,0.0000
A4-R4,dl_main,h_gapc,E,3.0000,1.5000,5.0000,63.4999,63.4999,63.4999,0.0000
A4-R4,tj_ss,gap_share,E,0.5000,0.3000,0.7000,130.9394,130.9394,130.9394,0.0000
A4-R4,tj_pk50,gap_share,E,0.5000,0.3000,0.7000,111.8624,111.8624,111.8624,0.0000
A4-R4,tj_300,gap_share,E,0.5000,0.3000,0.7000,107.5455,107.5455,107.5455,0.0000
A4-R4,tj_180,gap_share,E,0.5000,0.3000,0.7000,99.5925,99.5925,99.5925,0.0000
A4-R4,case_ss,gap_share,E,0.5000,0.3000,0.7000,106.5167,106.5167,106.5167,0.0000
A4-R4,dl_case,gap_share,E,0.5000,0.3000,0.7000,77.6990,77.6990,77.6990,0.0000
A4-R4,surf5,gap_share,E,0.5000,0.3000,0.7000,49.6562,49.6562,49.6562,0.0000
A4-R4,petg_ss,gap_share,E,0.5000,0.3000,0.7000,68.3442,68.3442,68.3442,0.0000
A4-R4,petg_ss50,gap_share,E,0.5000,0.3000,0.7000,59.5907,59.5907,59.5907,0.0000
A4-R4,dl_petg,gap_share,E,0.5000,0.3000,0.7000,58.6487,58.6487,58.6487,0.0000
A4-R4,bay_ss,gap_share,E,0.5000,0.3000,0.7000,73.3321,73.3321,73.3321,0.0000
A4-R4,dl_bay,gap_share,E,0.5000,0.3000,0.7000,63.4999,63.4999,63.4999,0.0000
A4-R4,cell30,gap_share,E,0.5000,0.3000,0.7000,52.4374,52.4374,52.4374,0.0000
A4-R4,main30,gap_share,E,0.5000,0.3000,0.7000,61.7194,61.7194,61.7194,0.0000
A4-R4,cell_ss50,gap_share,E,0.5000,0.3000,0.7000,62.4115,62.4115,62.4115,0.0000
A4-R4,dl_cell,gap_share,E,0.5000,0.3000,0.7000,61.4715,61.4715,61.4715,0.0000
A4-R4,dl_main,gap_share,E,0.5000,0.3000,0.7000,63.4999,63.4999,63.4999,0.0000
A4-R4,tj_ss,g_case_air,E,0.0030,0.0010,0.0060,130.9394,131.3549,130.3429,1.0120
A4-R4,tj_pk50,g_case_air,E,0.0030,0.0010,0.0060,111.8624,112.1368,111.4703,0.6665
A4-R4,tj_300,g_case_air,E,0.0030,0.0010,0.0060,107.5455,107.8479,107.1062,0.7417
A4-R4,tj_180,g_case_air,E,0.0030,0.0010,0.0060,99.5925,99.8061,99.2806,0.5255
A4-R4,case_ss,g_case_air,E,0.0030,0.0010,0.0060,106.5167,106.9321,105.9201,1.0120
A4-R4,dl_case,g_case_air,E,0.0030,0.0010,0.0060,77.6990,77.9162,77.3898,0.5264
A4-R4,surf5,g_case_air,E,0.0030,0.0010,0.0060,49.6562,49.8177,49.4209,0.3969
A4-R4,petg_ss,g_case_air,E,0.0030,0.0010,0.0060,68.3442,68.3393,68.3511,0.0118
A4-R4,petg_ss50,g_case_air,E,0.0030,0.0010,0.0060,59.5907,59.5945,59.5852,0.0093
A4-R4,dl_petg,g_case_air,E,0.0030,0.0010,0.0060,58.6487,58.6524,58.6434,0.0090
A4-R4,bay_ss,g_case_air,E,0.0030,0.0010,0.0060,73.3321,73.1125,73.6464,0.5340
A4-R4,dl_bay,g_case_air,E,0.0030,0.0010,0.0060,63.4999,63.4003,63.6412,0.2409
A4-R4,cell30,g_case_air,E,0.0030,0.0010,0.0060,52.4374,52.3951,52.4978,0.1026
A4-R4,main30,g_case_air,E,0.0030,0.0010,0.0060,61.7194,61.6084,61.8774,0.2690
A4-R4,cell_ss50,g_case_air,E,0.0030,0.0010,0.0060,62.4115,62.3262,62.5328,0.2067
A4-R4,dl_cell,g_case_air,E,0.0030,0.0010,0.0060,61.4715,61.3958,61.5790,0.1832
A4-R4,dl_main,g_case_air,E,0.0030,0.0010,0.0060,63.4999,63.4003,63.6412,0.2409
A4-R4,tj_ss,cd_vent,E,0.6000,0.4000,0.7000,130.9394,130.9394,130.9394,0.0000
A4-R4,tj_pk50,cd_vent,E,0.6000,0.4000,0.7000,111.8624,111.8624,111.8624,0.0000
A4-R4,tj_300,cd_vent,E,0.6000,0.4000,0.7000,107.5455,107.5455,107.5455,0.0000
A4-R4,tj_180,cd_vent,E,0.6000,0.4000,0.7000,99.5925,99.5925,99.5925,0.0000
A4-R4,case_ss,cd_vent,E,0.6000,0.4000,0.7000,106.5167,106.5167,106.5167,0.0000
A4-R4,dl_case,cd_vent,E,0.6000,0.4000,0.7000,77.6990,77.6990,77.6990,0.0000
A4-R4,surf5,cd_vent,E,0.6000,0.4000,0.7000,49.6562,49.6562,49.6562,0.0000
A4-R4,petg_ss,cd_vent,E,0.6000,0.4000,0.7000,68.3442,68.3442,68.3442,0.0000
A4-R4,petg_ss50,cd_vent,E,0.6000,0.4000,0.7000,59.5907,59.5907,59.5907,0.0000
A4-R4,dl_petg,cd_vent,E,0.6000,0.4000,0.7000,58.6487,58.6487,58.6487,0.0000
A4-R4,bay_ss,cd_vent,E,0.6000,0.4000,0.7000,73.3321,73.3321,73.3321,0.0000
A4-R4,dl_bay,cd_vent,E,0.6000,0.4000,0.7000,63.4999,63.4999,63.4999,0.0000
A4-R4,cell30,cd_vent,E,0.6000,0.4000,0.7000,52.4374,52.4374,52.4374,0.0000
A4-R4,main30,cd_vent,E,0.6000,0.4000,0.7000,61.7194,61.7194,61.7194,0.0000
A4-R4,cell_ss50,cd_vent,E,0.6000,0.4000,0.7000,62.4115,62.4115,62.4115,0.0000
A4-R4,dl_cell,cd_vent,E,0.6000,0.4000,0.7000,61.4715,61.4715,61.4715,0.0000
A4-R4,dl_main,cd_vent,E,0.6000,0.4000,0.7000,63.4999,63.4999,63.4999,0.0000
A4-R4,tj_ss,h_stack_bay,E,0.0350,0.0250,0.0450,130.9394,130.9394,130.9394,0.0000
A4-R4,tj_pk50,h_stack_bay,E,0.0350,0.0250,0.0450,111.8624,111.8624,111.8624,0.0000
A4-R4,tj_300,h_stack_bay,E,0.0350,0.0250,0.0450,107.5455,107.5455,107.5455,0.0000
A4-R4,tj_180,h_stack_bay,E,0.0350,0.0250,0.0450,99.5925,99.5925,99.5925,0.0000
A4-R4,case_ss,h_stack_bay,E,0.0350,0.0250,0.0450,106.5167,106.5167,106.5167,0.0000
A4-R4,dl_case,h_stack_bay,E,0.0350,0.0250,0.0450,77.6990,77.6990,77.6990,0.0000
A4-R4,surf5,h_stack_bay,E,0.0350,0.0250,0.0450,49.6562,49.6562,49.6562,0.0000
A4-R4,petg_ss,h_stack_bay,E,0.0350,0.0250,0.0450,68.3442,68.3442,68.3442,0.0000
A4-R4,petg_ss50,h_stack_bay,E,0.0350,0.0250,0.0450,59.5907,59.5907,59.5907,0.0000
A4-R4,dl_petg,h_stack_bay,E,0.0350,0.0250,0.0450,58.6487,58.6487,58.6487,0.0000
A4-R4,bay_ss,h_stack_bay,E,0.0350,0.0250,0.0450,73.3321,73.3321,73.3321,0.0000
A4-R4,dl_bay,h_stack_bay,E,0.0350,0.0250,0.0450,63.4999,63.4999,63.4999,0.0000
A4-R4,cell30,h_stack_bay,E,0.0350,0.0250,0.0450,52.4374,52.4374,52.4374,0.0000
A4-R4,main30,h_stack_bay,E,0.0350,0.0250,0.0450,61.7194,61.7194,61.7194,0.0000
A4-R4,cell_ss50,h_stack_bay,E,0.0350,0.0250,0.0450,62.4115,62.4115,62.4115,0.0000
A4-R4,dl_cell,h_stack_bay,E,0.0350,0.0250,0.0450,61.4715,61.4715,61.4715,0.0000
A4-R4,dl_main,h_stack_bay,E,0.0350,0.0250,0.0450,63.4999,63.4999,63.4999,0.0000
A4-R4,tj_ss,h_stack_main,E,0.0300,0.0200,0.0400,130.9394,130.9394,130.9394,0.0000
A4-R4,tj_pk50,h_stack_main,E,0.0300,0.0200,0.0400,111.8624,111.8624,111.8624,0.0000
A4-R4,tj_300,h_stack_main,E,0.0300,0.0200,0.0400,107.5455,107.5455,107.5455,0.0000
A4-R4,tj_180,h_stack_main,E,0.0300,0.0200,0.0400,99.5925,99.5925,99.5925,0.0000
A4-R4,case_ss,h_stack_main,E,0.0300,0.0200,0.0400,106.5167,106.5167,106.5167,0.0000
A4-R4,dl_case,h_stack_main,E,0.0300,0.0200,0.0400,77.6990,77.6990,77.6990,0.0000
A4-R4,surf5,h_stack_main,E,0.0300,0.0200,0.0400,49.6562,49.6562,49.6562,0.0000
A4-R4,petg_ss,h_stack_main,E,0.0300,0.0200,0.0400,68.3442,68.3442,68.3442,0.0000
A4-R4,petg_ss50,h_stack_main,E,0.0300,0.0200,0.0400,59.5907,59.5907,59.5907,0.0000
A4-R4,dl_petg,h_stack_main,E,0.0300,0.0200,0.0400,58.6487,58.6487,58.6487,0.0000
A4-R4,bay_ss,h_stack_main,E,0.0300,0.0200,0.0400,73.3321,73.3321,73.3321,0.0000
A4-R4,dl_bay,h_stack_main,E,0.0300,0.0200,0.0400,63.4999,63.4999,63.4999,0.0000
A4-R4,cell30,h_stack_main,E,0.0300,0.0200,0.0400,52.4374,52.4374,52.4374,0.0000
A4-R4,main30,h_stack_main,E,0.0300,0.0200,0.0400,61.7194,61.7194,61.7194,0.0000
A4-R4,cell_ss50,h_stack_main,E,0.0300,0.0200,0.0400,62.4115,62.4115,62.4115,0.0000
A4-R4,dl_cell,h_stack_main,E,0.0300,0.0200,0.0400,61.4715,61.4715,61.4715,0.0000
A4-R4,dl_main,h_stack_main,E,0.0300,0.0200,0.0400,63.4999,63.4999,63.4999,0.0000
A4-R4,tj_ss,rho_air,D,1.1000,1.0700,1.1300,130.9394,130.9394,130.9394,0.0000
A4-R4,tj_pk50,rho_air,D,1.1000,1.0700,1.1300,111.8624,111.8624,111.8624,0.0000
A4-R4,tj_300,rho_air,D,1.1000,1.0700,1.1300,107.5455,107.5455,107.5455,0.0000
A4-R4,tj_180,rho_air,D,1.1000,1.0700,1.1300,99.5925,99.5925,99.5925,0.0000
A4-R4,case_ss,rho_air,D,1.1000,1.0700,1.1300,106.5167,106.5167,106.5167,0.0000
A4-R4,dl_case,rho_air,D,1.1000,1.0700,1.1300,77.6990,77.6990,77.6990,0.0000
A4-R4,surf5,rho_air,D,1.1000,1.0700,1.1300,49.6562,49.6562,49.6562,0.0000
A4-R4,petg_ss,rho_air,D,1.1000,1.0700,1.1300,68.3442,68.3442,68.3442,0.0000
A4-R4,petg_ss50,rho_air,D,1.1000,1.0700,1.1300,59.5907,59.5907,59.5907,0.0000
A4-R4,dl_petg,rho_air,D,1.1000,1.0700,1.1300,58.6487,58.6487,58.6487,0.0000
A4-R4,bay_ss,rho_air,D,1.1000,1.0700,1.1300,73.3321,73.3321,73.3321,0.0000
A4-R4,dl_bay,rho_air,D,1.1000,1.0700,1.1300,63.4999,63.4999,63.4999,0.0000
A4-R4,cell30,rho_air,D,1.1000,1.0700,1.1300,52.4374,52.4374,52.4374,0.0000
A4-R4,main30,rho_air,D,1.1000,1.0700,1.1300,61.7194,61.7194,61.7194,0.0000
A4-R4,cell_ss50,rho_air,D,1.1000,1.0700,1.1300,62.4115,62.4115,62.4115,0.0000
A4-R4,dl_cell,rho_air,D,1.1000,1.0700,1.1300,61.4715,61.4715,61.4715,0.0000
A4-R4,dl_main,rho_air,D,1.1000,1.0700,1.1300,63.4999,63.4999,63.4999,0.0000
A4-R4,tj_ss,cp_air,D,1007.0000,1005.0000,1009.0000,130.9394,130.9394,130.9394,0.0000
A4-R4,tj_pk50,cp_air,D,1007.0000,1005.0000,1009.0000,111.8624,111.8624,111.8624,0.0000
A4-R4,tj_300,cp_air,D,1007.0000,1005.0000,1009.0000,107.5455,107.5455,107.5455,0.0000
A4-R4,tj_180,cp_air,D,1007.0000,1005.0000,1009.0000,99.5925,99.5925,99.5925,0.0000
A4-R4,case_ss,cp_air,D,1007.0000,1005.0000,1009.0000,106.5167,106.5167,106.5167,0.0000
A4-R4,dl_case,cp_air,D,1007.0000,1005.0000,1009.0000,77.6990,77.6990,77.6990,0.0000
A4-R4,surf5,cp_air,D,1007.0000,1005.0000,1009.0000,49.6562,49.6562,49.6562,0.0000
A4-R4,petg_ss,cp_air,D,1007.0000,1005.0000,1009.0000,68.3442,68.3442,68.3442,0.0000
A4-R4,petg_ss50,cp_air,D,1007.0000,1005.0000,1009.0000,59.5907,59.5907,59.5907,0.0000
A4-R4,dl_petg,cp_air,D,1007.0000,1005.0000,1009.0000,58.6487,58.6487,58.6487,0.0000
A4-R4,bay_ss,cp_air,D,1007.0000,1005.0000,1009.0000,73.3321,73.3321,73.3321,0.0000
A4-R4,dl_bay,cp_air,D,1007.0000,1005.0000,1009.0000,63.4999,63.4999,63.4999,0.0000
A4-R4,cell30,cp_air,D,1007.0000,1005.0000,1009.0000,52.4374,52.4374,52.4374,0.0000
A4-R4,main30,cp_air,D,1007.0000,1005.0000,1009.0000,61.7194,61.7194,61.7194,0.0000
A4-R4,cell_ss50,cp_air,D,1007.0000,1005.0000,1009.0000,62.4115,62.4115,62.4115,0.0000
A4-R4,dl_cell,cp_air,D,1007.0000,1005.0000,1009.0000,61.4715,61.4715,61.4715,0.0000
A4-R4,dl_main,cp_air,D,1007.0000,1005.0000,1009.0000,63.4999,63.4999,63.4999,0.0000
A4-R4,tj_ss,cp_al,D,896.0000,880.0000,910.0000,130.9394,130.9394,130.9394,0.0000
A4-R4,tj_pk50,cp_al,D,896.0000,880.0000,910.0000,111.8624,111.8633,111.8616,0.0016
A4-R4,tj_300,cp_al,D,896.0000,880.0000,910.0000,107.5455,107.8241,107.3061,0.5180
A4-R4,tj_180,cp_al,D,896.0000,880.0000,910.0000,99.5925,99.8200,99.3982,0.4219
A4-R4,case_ss,cp_al,D,896.0000,880.0000,910.0000,106.5167,106.5167,106.5167,0.0000
A4-R4,dl_case,cp_al,D,896.0000,880.0000,910.0000,77.6990,77.6990,77.6990,0.0000
A4-R4,surf5,cp_al,D,896.0000,880.0000,910.0000,49.6562,49.9378,49.4142,0.5236
A4-R4,petg_ss,cp_al,D,896.0000,880.0000,910.0000,68.3442,68.3442,68.3442,0.0000
A4-R4,petg_ss50,cp_al,D,896.0000,880.0000,910.0000,59.5907,59.5907,59.5907,0.0000
A4-R4,dl_petg,cp_al,D,896.0000,880.0000,910.0000,58.6487,58.6487,58.6487,0.0000
A4-R4,bay_ss,cp_al,D,896.0000,880.0000,910.0000,73.3321,73.3321,73.3321,0.0000
A4-R4,dl_bay,cp_al,D,896.0000,880.0000,910.0000,63.4999,63.4999,63.4999,0.0000
A4-R4,cell30,cp_al,D,896.0000,880.0000,910.0000,52.4374,52.4483,52.4278,0.0205
A4-R4,main30,cp_al,D,896.0000,880.0000,910.0000,61.7194,61.7344,61.7061,0.0283
A4-R4,cell_ss50,cp_al,D,896.0000,880.0000,910.0000,62.4115,62.4115,62.4115,0.0000
A4-R4,dl_cell,cp_al,D,896.0000,880.0000,910.0000,61.4715,61.4715,61.4715,0.0000
A4-R4,dl_main,cp_al,D,896.0000,880.0000,910.0000,63.4999,63.4999,63.4999,0.0000
A4-R4,tj_ss,rho_petg,E,1270.0000,1230.0000,1290.0000,130.9394,130.9394,130.9394,0.0000
A4-R4,tj_pk50,rho_petg,E,1270.0000,1230.0000,1290.0000,111.8624,111.8624,111.8624,0.0000
A4-R4,tj_300,rho_petg,E,1270.0000,1230.0000,1290.0000,107.5455,107.5567,107.5401,0.0166
A4-R4,tj_180,rho_petg,E,1270.0000,1230.0000,1290.0000,99.5925,99.5963,99.5906,0.0057
A4-R4,case_ss,rho_petg,E,1270.0000,1230.0000,1290.0000,106.5167,106.5167,106.5167,0.0000
A4-R4,dl_case,rho_petg,E,1270.0000,1230.0000,1290.0000,77.6990,77.6990,77.6990,0.0000
A4-R4,surf5,rho_petg,E,1270.0000,1230.0000,1290.0000,49.6562,49.6678,49.6506,0.0172
A4-R4,petg_ss,rho_petg,E,1270.0000,1230.0000,1290.0000,68.3442,68.3442,68.3442,0.0000
A4-R4,petg_ss50,rho_petg,E,1270.0000,1230.0000,1290.0000,59.5907,59.5907,59.5907,0.0000
A4-R4,dl_petg,rho_petg,E,1270.0000,1230.0000,1290.0000,58.6487,58.6487,58.6487,0.0000
A4-R4,bay_ss,rho_petg,E,1270.0000,1230.0000,1290.0000,73.3321,73.3321,73.3321,0.0000
A4-R4,dl_bay,rho_petg,E,1270.0000,1230.0000,1290.0000,63.4999,63.4999,63.4999,0.0000
A4-R4,cell30,rho_petg,E,1270.0000,1230.0000,1290.0000,52.4374,52.4553,52.4284,0.0269
A4-R4,main30,rho_petg,E,1270.0000,1230.0000,1290.0000,61.7194,61.7399,61.7091,0.0308
A4-R4,cell_ss50,rho_petg,E,1270.0000,1230.0000,1290.0000,62.4115,62.4115,62.4115,0.0000
A4-R4,dl_cell,rho_petg,E,1270.0000,1230.0000,1290.0000,61.4715,61.4715,61.4715,0.0000
A4-R4,dl_main,rho_petg,E,1270.0000,1230.0000,1290.0000,63.4999,63.4999,63.4999,0.0000
A4-R4,tj_ss,cp_petg,E,1200.0000,1100.0000,1300.0000,130.9394,130.9394,130.9394,0.0000
A4-R4,tj_pk50,cp_petg,E,1200.0000,1100.0000,1300.0000,111.8624,111.8625,111.8623,0.0002
A4-R4,tj_300,cp_petg,E,1200.0000,1100.0000,1300.0000,107.5455,107.5760,107.5178,0.0582
A4-R4,tj_180,cp_petg,E,1200.0000,1100.0000,1300.0000,99.5925,99.6031,99.5831,0.0201
A4-R4,case_ss,cp_petg,E,1200.0000,1100.0000,1300.0000,106.5167,106.5167,106.5167,0.0000
A4-R4,dl_case,cp_petg,E,1200.0000,1100.0000,1300.0000,77.6990,77.6990,77.6990,0.0000
A4-R4,surf5,cp_petg,E,1200.0000,1100.0000,1300.0000,49.6562,49.6878,49.6277,0.0601
A4-R4,petg_ss,cp_petg,E,1200.0000,1100.0000,1300.0000,68.3442,68.3442,68.3442,0.0000
A4-R4,petg_ss50,cp_petg,E,1200.0000,1100.0000,1300.0000,59.5907,59.5907,59.5907,0.0000
A4-R4,dl_petg,cp_petg,E,1200.0000,1100.0000,1300.0000,58.6487,58.6487,58.6487,0.0000
A4-R4,bay_ss,cp_petg,E,1200.0000,1100.0000,1300.0000,73.3321,73.3321,73.3321,0.0000
A4-R4,dl_bay,cp_petg,E,1200.0000,1100.0000,1300.0000,63.4999,63.4999,63.4999,0.0000
A4-R4,cell30,cp_petg,E,1200.0000,1100.0000,1300.0000,52.4374,52.4850,52.3903,0.0947
A4-R4,main30,cp_petg,E,1200.0000,1100.0000,1300.0000,61.7194,61.7732,61.6642,0.1090
A4-R4,cell_ss50,cp_petg,E,1200.0000,1100.0000,1300.0000,62.4115,62.4115,62.4115,0.0000
A4-R4,dl_cell,cp_petg,E,1200.0000,1100.0000,1300.0000,61.4715,61.4715,61.4715,0.0000
A4-R4,dl_main,cp_petg,E,1200.0000,1100.0000,1300.0000,63.4999,63.4999,63.4999,0.0000
A4-R4,tj_ss,rho_fr4,E,1850.0000,1800.0000,1900.0000,130.9394,130.9394,130.9394,0.0000
A4-R4,tj_pk50,rho_fr4,E,1850.0000,1800.0000,1900.0000,111.8624,111.8624,111.8624,0.0000
A4-R4,tj_300,rho_fr4,E,1850.0000,1800.0000,1900.0000,107.5455,107.5455,107.5455,0.0000
A4-R4,tj_180,rho_fr4,E,1850.0000,1800.0000,1900.0000,99.5925,99.5925,99.5925,0.0000
A4-R4,case_ss,rho_fr4,E,1850.0000,1800.0000,1900.0000,106.5167,106.5167,106.5167,0.0000
A4-R4,dl_case,rho_fr4,E,1850.0000,1800.0000,1900.0000,77.6990,77.6990,77.6990,0.0000
A4-R4,surf5,rho_fr4,E,1850.0000,1800.0000,1900.0000,49.6562,49.6562,49.6562,0.0000
A4-R4,petg_ss,rho_fr4,E,1850.0000,1800.0000,1900.0000,68.3442,68.3442,68.3442,0.0000
A4-R4,petg_ss50,rho_fr4,E,1850.0000,1800.0000,1900.0000,59.5907,59.5907,59.5907,0.0000
A4-R4,dl_petg,rho_fr4,E,1850.0000,1800.0000,1900.0000,58.6487,58.6487,58.6487,0.0000
A4-R4,bay_ss,rho_fr4,E,1850.0000,1800.0000,1900.0000,73.3321,73.3321,73.3321,0.0000
A4-R4,dl_bay,rho_fr4,E,1850.0000,1800.0000,1900.0000,63.4999,63.4999,63.4999,0.0000
A4-R4,cell30,rho_fr4,E,1850.0000,1800.0000,1900.0000,52.4374,52.4374,52.4374,0.0000
A4-R4,main30,rho_fr4,E,1850.0000,1800.0000,1900.0000,61.7194,61.7194,61.7194,0.0000
A4-R4,cell_ss50,rho_fr4,E,1850.0000,1800.0000,1900.0000,62.4115,62.4115,62.4115,0.0000
A4-R4,dl_cell,rho_fr4,E,1850.0000,1800.0000,1900.0000,61.4715,61.4715,61.4715,0.0000
A4-R4,dl_main,rho_fr4,E,1850.0000,1800.0000,1900.0000,63.4999,63.4999,63.4999,0.0000
A4-R4,tj_ss,cp_fr4,E,1100.0000,1000.0000,1200.0000,130.9394,130.9394,130.9394,0.0000
A4-R4,tj_pk50,cp_fr4,E,1100.0000,1000.0000,1200.0000,111.8624,111.8624,111.8624,0.0000
A4-R4,tj_300,cp_fr4,E,1100.0000,1000.0000,1200.0000,107.5455,107.5455,107.5455,0.0000
A4-R4,tj_180,cp_fr4,E,1100.0000,1000.0000,1200.0000,99.5925,99.5925,99.5925,0.0000
A4-R4,case_ss,cp_fr4,E,1100.0000,1000.0000,1200.0000,106.5167,106.5167,106.5167,0.0000
A4-R4,dl_case,cp_fr4,E,1100.0000,1000.0000,1200.0000,77.6990,77.6990,77.6990,0.0000
A4-R4,surf5,cp_fr4,E,1100.0000,1000.0000,1200.0000,49.6562,49.6562,49.6562,0.0000
A4-R4,petg_ss,cp_fr4,E,1100.0000,1000.0000,1200.0000,68.3442,68.3442,68.3442,0.0000
A4-R4,petg_ss50,cp_fr4,E,1100.0000,1000.0000,1200.0000,59.5907,59.5907,59.5907,0.0000
A4-R4,dl_petg,cp_fr4,E,1100.0000,1000.0000,1200.0000,58.6487,58.6487,58.6487,0.0000
A4-R4,bay_ss,cp_fr4,E,1100.0000,1000.0000,1200.0000,73.3321,73.3321,73.3321,0.0000
A4-R4,dl_bay,cp_fr4,E,1100.0000,1000.0000,1200.0000,63.4999,63.4999,63.4999,0.0000
A4-R4,cell30,cp_fr4,E,1100.0000,1000.0000,1200.0000,52.4374,52.4374,52.4374,0.0000
A4-R4,main30,cp_fr4,E,1100.0000,1000.0000,1200.0000,61.7194,61.7194,61.7194,0.0000
A4-R4,cell_ss50,cp_fr4,E,1100.0000,1000.0000,1200.0000,62.4115,62.4115,62.4115,0.0000
A4-R4,dl_cell,cp_fr4,E,1100.0000,1000.0000,1200.0000,61.4715,61.4715,61.4715,0.0000
A4-R4,dl_main,cp_fr4,E,1100.0000,1000.0000,1200.0000,63.4999,63.4999,63.4999,0.0000
A4-R4,tj_ss,c_bay,E,25.0000,15.0000,40.0000,130.9394,130.9394,130.9394,0.0000
A4-R4,tj_pk50,c_bay,E,25.0000,15.0000,40.0000,111.8624,111.8624,111.8624,0.0000
A4-R4,tj_300,c_bay,E,25.0000,15.0000,40.0000,107.5455,107.5455,107.5455,0.0000
A4-R4,tj_180,c_bay,E,25.0000,15.0000,40.0000,99.5925,99.5925,99.5925,0.0000
A4-R4,case_ss,c_bay,E,25.0000,15.0000,40.0000,106.5167,106.5167,106.5167,0.0000
A4-R4,dl_case,c_bay,E,25.0000,15.0000,40.0000,77.6990,77.6990,77.6990,0.0000
A4-R4,surf5,c_bay,E,25.0000,15.0000,40.0000,49.6562,49.6562,49.6562,0.0000
A4-R4,petg_ss,c_bay,E,25.0000,15.0000,40.0000,68.3442,68.3442,68.3442,0.0000
A4-R4,petg_ss50,c_bay,E,25.0000,15.0000,40.0000,59.5907,59.5907,59.5907,0.0000
A4-R4,dl_petg,c_bay,E,25.0000,15.0000,40.0000,58.6487,58.6487,58.6487,0.0000
A4-R4,bay_ss,c_bay,E,25.0000,15.0000,40.0000,73.3321,73.3321,73.3321,0.0000
A4-R4,dl_bay,c_bay,E,25.0000,15.0000,40.0000,63.4999,63.4999,63.4999,0.0000
A4-R4,cell30,c_bay,E,25.0000,15.0000,40.0000,52.4374,52.4374,52.4374,0.0000
A4-R4,main30,c_bay,E,25.0000,15.0000,40.0000,61.7194,61.7194,61.7194,0.0000
A4-R4,cell_ss50,c_bay,E,25.0000,15.0000,40.0000,62.4115,62.4115,62.4115,0.0000
A4-R4,dl_cell,c_bay,E,25.0000,15.0000,40.0000,61.4715,61.4715,61.4715,0.0000
A4-R4,dl_main,c_bay,E,25.0000,15.0000,40.0000,63.4999,63.4999,63.4999,0.0000
A4-R4,tj_ss,c_main,E,60.0000,40.0000,90.0000,130.9394,130.9394,130.9394,0.0000
A4-R4,tj_pk50,c_main,E,60.0000,40.0000,90.0000,111.8624,111.8629,111.8614,0.0015
A4-R4,tj_300,c_main,E,60.0000,40.0000,90.0000,107.5455,107.8177,107.2924,0.5253
A4-R4,tj_180,c_main,E,60.0000,40.0000,90.0000,99.5925,99.7383,99.4705,0.2678
A4-R4,case_ss,c_main,E,60.0000,40.0000,90.0000,106.5167,106.5167,106.5167,0.0000
A4-R4,dl_case,c_main,E,60.0000,40.0000,90.0000,77.6990,77.6990,77.6990,0.0000
A4-R4,surf5,c_main,E,60.0000,40.0000,90.0000,49.6562,49.9350,49.4036,0.5314
A4-R4,petg_ss,c_main,E,60.0000,40.0000,90.0000,68.3442,68.3442,68.3442,0.0000
A4-R4,petg_ss50,c_main,E,60.0000,40.0000,90.0000,59.5907,59.5907,59.5907,0.0000
A4-R4,dl_petg,c_main,E,60.0000,40.0000,90.0000,58.6487,58.6487,58.6487,0.0000
A4-R4,bay_ss,c_main,E,60.0000,40.0000,90.0000,73.3321,73.3321,73.3321,0.0000
A4-R4,dl_bay,c_main,E,60.0000,40.0000,90.0000,63.4999,63.4999,63.4999,0.0000
A4-R4,cell30,c_main,E,60.0000,40.0000,90.0000,52.4374,52.8254,51.8861,0.9393
A4-R4,main30,c_main,E,60.0000,40.0000,90.0000,61.7194,62.0914,61.0252,1.0662
A4-R4,cell_ss50,c_main,E,60.0000,40.0000,90.0000,62.4115,62.4115,62.4115,0.0000
A4-R4,dl_cell,c_main,E,60.0000,40.0000,90.0000,61.4715,61.4715,61.4715,0.0000
A4-R4,dl_main,c_main,E,60.0000,40.0000,90.0000,63.4999,63.4999,63.4999,0.0000
A4-R4,tj_ss,c_case_a5,E,3.0000,2.0000,4.5000,130.9394,130.9394,130.9394,0.0000
A4-R4,tj_pk50,c_case_a5,E,3.0000,2.0000,4.5000,111.8624,111.8624,111.8624,0.0000
A4-R4,tj_300,c_case_a5,E,3.0000,2.0000,4.5000,107.5455,107.5455,107.5455,0.0000
A4-R4,tj_180,c_case_a5,E,3.0000,2.0000,4.5000,99.5925,99.5925,99.5925,0.0000
A4-R4,case_ss,c_case_a5,E,3.0000,2.0000,4.5000,106.5167,106.5167,106.5167,0.0000
A4-R4,dl_case,c_case_a5,E,3.0000,2.0000,4.5000,77.6990,77.6990,77.6990,0.0000
A4-R4,surf5,c_case_a5,E,3.0000,2.0000,4.5000,49.6562,49.6562,49.6562,0.0000
A4-R4,petg_ss,c_case_a5,E,3.0000,2.0000,4.5000,68.3442,68.3442,68.3442,0.0000
A4-R4,petg_ss50,c_case_a5,E,3.0000,2.0000,4.5000,59.5907,59.5907,59.5907,0.0000
A4-R4,dl_petg,c_case_a5,E,3.0000,2.0000,4.5000,58.6487,58.6487,58.6487,0.0000
A4-R4,bay_ss,c_case_a5,E,3.0000,2.0000,4.5000,73.3321,73.3321,73.3321,0.0000
A4-R4,dl_bay,c_case_a5,E,3.0000,2.0000,4.5000,63.4999,63.4999,63.4999,0.0000
A4-R4,cell30,c_case_a5,E,3.0000,2.0000,4.5000,52.4374,52.4374,52.4374,0.0000
A4-R4,main30,c_case_a5,E,3.0000,2.0000,4.5000,61.7194,61.7194,61.7194,0.0000
A4-R4,cell_ss50,c_case_a5,E,3.0000,2.0000,4.5000,62.4115,62.4115,62.4115,0.0000
A4-R4,dl_cell,c_case_a5,E,3.0000,2.0000,4.5000,61.4715,61.4715,61.4715,0.0000
A4-R4,dl_main,c_case_a5,E,3.0000,2.0000,4.5000,63.4999,63.4999,63.4999,0.0000
A4-R4,tj_ss,c_j2,E,0.2000,0.1000,0.4000,130.9394,130.9394,130.9394,0.0000
A4-R4,tj_pk50,c_j2,E,0.2000,0.1000,0.4000,111.8624,111.8624,111.8624,0.0000
A4-R4,tj_300,c_j2,E,0.2000,0.1000,0.4000,107.5455,107.5455,107.5455,0.0000
A4-R4,tj_180,c_j2,E,0.2000,0.1000,0.4000,99.5925,99.5925,99.5925,0.0000
A4-R4,case_ss,c_j2,E,0.2000,0.1000,0.4000,106.5167,106.5167,106.5167,0.0000
A4-R4,dl_case,c_j2,E,0.2000,0.1000,0.4000,77.6990,77.6990,77.6990,0.0000
A4-R4,surf5,c_j2,E,0.2000,0.1000,0.4000,49.6562,49.6562,49.6562,0.0000
A4-R4,petg_ss,c_j2,E,0.2000,0.1000,0.4000,68.3442,68.3442,68.3442,0.0000
A4-R4,petg_ss50,c_j2,E,0.2000,0.1000,0.4000,59.5907,59.5907,59.5907,0.0000
A4-R4,dl_petg,c_j2,E,0.2000,0.1000,0.4000,58.6487,58.6487,58.6487,0.0000
A4-R4,bay_ss,c_j2,E,0.2000,0.1000,0.4000,73.3321,73.3321,73.3321,0.0000
A4-R4,dl_bay,c_j2,E,0.2000,0.1000,0.4000,63.4999,63.4999,63.4999,0.0000
A4-R4,cell30,c_j2,E,0.2000,0.1000,0.4000,52.4374,52.4374,52.4374,0.0000
A4-R4,main30,c_j2,E,0.2000,0.1000,0.4000,61.7194,61.7194,61.7194,0.0000
A4-R4,cell_ss50,c_j2,E,0.2000,0.1000,0.4000,62.4115,62.4115,62.4115,0.0000
A4-R4,dl_cell,c_j2,E,0.2000,0.1000,0.4000,61.4715,61.4715,61.4715,0.0000
A4-R4,dl_main,c_j2,E,0.2000,0.1000,0.4000,63.4999,63.4999,63.4999,0.0000
A4-R4,tj_ss,c_j1,E,0.1000,0.0500,0.2000,130.9394,130.9394,130.9394,0.0000
A4-R4,tj_pk50,c_j1,E,0.1000,0.0500,0.2000,111.8624,111.8624,111.8624,0.0000
A4-R4,tj_300,c_j1,E,0.1000,0.0500,0.2000,107.5455,107.5455,107.5455,0.0000
A4-R4,tj_180,c_j1,E,0.1000,0.0500,0.2000,99.5925,99.5925,99.5925,0.0000
A4-R4,case_ss,c_j1,E,0.1000,0.0500,0.2000,106.5167,106.5167,106.5167,0.0000
A4-R4,dl_case,c_j1,E,0.1000,0.0500,0.2000,77.6990,77.6990,77.6990,0.0000
A4-R4,surf5,c_j1,E,0.1000,0.0500,0.2000,49.6562,49.6562,49.6562,0.0000
A4-R4,petg_ss,c_j1,E,0.1000,0.0500,0.2000,68.3442,68.3442,68.3442,0.0000
A4-R4,petg_ss50,c_j1,E,0.1000,0.0500,0.2000,59.5907,59.5907,59.5907,0.0000
A4-R4,dl_petg,c_j1,E,0.1000,0.0500,0.2000,58.6487,58.6487,58.6487,0.0000
A4-R4,bay_ss,c_j1,E,0.1000,0.0500,0.2000,73.3321,73.3321,73.3321,0.0000
A4-R4,dl_bay,c_j1,E,0.1000,0.0500,0.2000,63.4999,63.4999,63.4999,0.0000
A4-R4,cell30,c_j1,E,0.1000,0.0500,0.2000,52.4374,52.4374,52.4374,0.0000
A4-R4,main30,c_j1,E,0.1000,0.0500,0.2000,61.7194,61.7194,61.7194,0.0000
A4-R4,cell_ss50,c_j1,E,0.1000,0.0500,0.2000,62.4115,62.4115,62.4115,0.0000
A4-R4,dl_cell,c_j1,E,0.1000,0.0500,0.2000,61.4715,61.4715,61.4715,0.0000
A4-R4,dl_main,c_j1,E,0.1000,0.0500,0.2000,63.4999,63.4999,63.4999,0.0000
A4-R4,tj_ss,c_j_a4,E,0.0500,0.0200,0.1000,130.9394,130.9394,130.9394,0.0000
A4-R4,tj_pk50,c_j_a4,E,0.0500,0.0200,0.1000,111.8624,111.9123,111.7612,0.1511
A4-R4,tj_300,c_j_a4,E,0.0500,0.0200,0.1000,107.5455,107.5762,107.4942,0.0820
A4-R4,tj_180,c_j_a4,E,0.0500,0.0200,0.1000,99.5925,99.6292,99.5312,0.0980
A4-R4,case_ss,c_j_a4,E,0.0500,0.0200,0.1000,106.5167,106.5167,106.5167,0.0000
A4-R4,dl_case,c_j_a4,E,0.0500,0.0200,0.1000,77.6990,77.6990,77.6990,0.0000
A4-R4,surf5,c_j_a4,E,0.0500,0.0200,0.1000,49.6562,49.6753,49.6245,0.0507
A4-R4,petg_ss,c_j_a4,E,0.0500,0.0200,0.1000,68.3442,68.3442,68.3442,0.0000
A4-R4,petg_ss50,c_j_a4,E,0.0500,0.0200,0.1000,59.5907,59.5907,59.5907,0.0000
A4-R4,dl_petg,c_j_a4,E,0.0500,0.0200,0.1000,58.6487,58.6487,58.6487,0.0000
A4-R4,bay_ss,c_j_a4,E,0.0500,0.0200,0.1000,73.3321,73.3321,73.3321,0.0000
A4-R4,dl_bay,c_j_a4,E,0.0500,0.0200,0.1000,63.4999,63.4999,63.4999,0.0000
A4-R4,cell30,c_j_a4,E,0.0500,0.0200,0.1000,52.4374,52.4380,52.4363,0.0017
A4-R4,main30,c_j_a4,E,0.0500,0.0200,0.1000,61.7194,61.7201,61.7183,0.0018
A4-R4,cell_ss50,c_j_a4,E,0.0500,0.0200,0.1000,62.4115,62.4115,62.4115,0.0000
A4-R4,dl_cell,c_j_a4,E,0.0500,0.0200,0.1000,61.4715,61.4715,61.4715,0.0000
A4-R4,dl_main,c_j_a4,E,0.0500,0.0200,0.1000,63.4999,63.4999,63.4999,0.0000
A4-R4,tj_ss,c_case_a4,E,1.0000,0.6000,1.6000,130.9394,130.9394,130.9394,0.0000
A4-R4,tj_pk50,c_case_a4,E,1.0000,0.6000,1.6000,111.8624,112.0842,111.2477,0.8365
A4-R4,tj_300,c_case_a4,E,1.0000,0.6000,1.6000,107.5455,107.7702,107.2098,0.5603
A4-R4,tj_180,c_case_a4,E,1.0000,0.6000,1.6000,99.5925,99.8317,99.2370,0.5946
A4-R4,case_ss,c_case_a4,E,1.0000,0.6000,1.6000,106.5167,106.5167,106.5167,0.0000
A4-R4,dl_case,c_case_a4,E,1.0000,0.6000,1.6000,77.6990,77.6990,77.6990,0.0000
A4-R4,surf5,c_case_a4,E,1.0000,0.6000,1.6000,49.6562,49.8254,49.4046,0.4208
A4-R4,petg_ss,c_case_a4,E,1.0000,0.6000,1.6000,68.3442,68.3442,68.3442,0.0000
A4-R4,petg_ss50,c_case_a4,E,1.0000,0.6000,1.6000,59.5907,59.5907,59.5907,0.0000
A4-R4,dl_petg,c_case_a4,E,1.0000,0.6000,1.6000,58.6487,58.6487,58.6487,0.0000
A4-R4,bay_ss,c_case_a4,E,1.0000,0.6000,1.6000,73.3321,73.3321,73.3321,0.0000
A4-R4,dl_bay,c_case_a4,E,1.0000,0.6000,1.6000,63.4999,63.4999,63.4999,0.0000
A4-R4,cell30,c_case_a4,E,1.0000,0.6000,1.6000,52.4374,52.4435,52.4282,0.0153
A4-R4,main30,c_case_a4,E,1.0000,0.6000,1.6000,61.7194,61.7269,61.7080,0.0190
A4-R4,cell_ss50,c_case_a4,E,1.0000,0.6000,1.6000,62.4115,62.4115,62.4115,0.0000
A4-R4,dl_cell,c_case_a4,E,1.0000,0.6000,1.6000,61.4715,61.4715,61.4715,0.0000
A4-R4,dl_main,c_case_a4,E,1.0000,0.6000,1.6000,63.4999,63.4999,63.4999,0.0000
A4-DC,tj_ss,r_feed,E,0.2600,0.2600,0.4500,122.6192,122.6192,118.2423,4.3769
A4-DC,tj_pk50,r_feed,E,0.2600,0.2600,0.4500,105.5318,105.5318,101.8771,3.6546
A4-DC,tj_300,r_feed,E,0.2600,0.2600,0.4500,106.4475,106.4475,102.5587,3.8888
A4-DC,tj_180,r_feed,E,0.2600,0.2600,0.4500,99.1277,99.1277,95.6532,3.4745
A4-DC,case_ss,r_feed,E,0.2600,0.2600,0.4500,98.1964,98.1964,95.4278,2.7686
A4-DC,dl_case,r_feed,E,0.2600,0.2600,0.4500,79.2896,79.2896,77.4683,1.8214
A4-DC,surf5,r_feed,E,0.2600,0.2600,0.4500,29.4110,29.4110,29.1372,0.2738
A4-DC,petg_ss,r_feed,E,0.2600,0.2600,0.4500,59.6076,59.6076,61.0933,1.4857
A4-DC,petg_ss50,r_feed,E,0.2600,0.2600,0.4500,55.6098,55.6098,56.4234,0.8136
A4-DC,dl_petg,r_feed,E,0.2600,0.2600,0.4500,56.4499,56.4499,57.4049,0.9549
A4-DC,fr4_ss,r_feed,E,0.2600,0.2600,0.4500,66.8868,66.8868,66.6002,0.2866
A4-DC,bay_ss,r_feed,E,0.2600,0.2600,0.4500,60.9506,60.9506,61.4700,0.5194
A4-DC,dl_bay,r_feed,E,0.2600,0.2600,0.4500,57.1735,57.1735,57.5245,0.3511
A4-DC,cell30,r_feed,E,0.2600,0.2600,0.4500,49.1562,49.1562,49.7528,0.5966
A4-DC,main30,r_feed,E,0.2600,0.2600,0.4500,53.1481,53.1481,54.6508,1.5026
A4-DC,cell_ss50,r_feed,E,0.2600,0.2600,0.4500,54.4088,54.4088,55.7281,1.3193
A4-DC,dl_cell,r_feed,E,0.2600,0.2600,0.4500,55.1711,55.1711,56.7273,1.5562
A4-DC,dl_main,r_feed,E,0.2600,0.2600,0.4500,55.2340,55.2340,57.2045,1.9705
A4-DC,tj_ss,r_cellpath,E,0.0600,0.0500,0.1000,122.6192,122.6195,122.6179,0.0016
A4-DC,tj_pk50,r_cellpath,E,0.0600,0.0500,0.1000,105.5318,105.5320,105.5309,0.0011
A4-DC,tj_300,r_cellpath,E,0.0600,0.0500,0.1000,106.4475,106.4476,106.4474,0.0002
A4-DC,tj_180,r_cellpath,E,0.0600,0.0500,0.1000,99.1277,99.1277,99.1276,0.0000
A4-DC,case_ss,r_cellpath,E,0.0600,0.0500,0.1000,98.1964,98.1968,98.1952,0.0016
A4-DC,dl_case,r_cellpath,E,0.0600,0.0500,0.1000,79.2896,79.2899,79.2887,0.0012
A4-DC,surf5,r_cellpath,E,0.0600,0.0500,0.1000,29.4110,29.4110,29.4110,0.0000
A4-DC,petg_ss,r_cellpath,E,0.0600,0.0500,0.1000,59.6076,59.6259,59.5340,0.0919
A4-DC,petg_ss50,r_cellpath,E,0.0600,0.0500,0.1000,55.6098,55.6200,55.5694,0.0506
A4-DC,dl_petg,r_cellpath,E,0.0600,0.0500,0.1000,56.4499,56.4618,56.4026,0.0592
A4-DC,fr4_ss,r_cellpath,E,0.0600,0.0500,0.1000,66.8868,66.8916,66.8677,0.0239
A4-DC,bay_ss,r_cellpath,E,0.0600,0.0500,0.1000,60.9506,60.9584,60.9195,0.0389
A4-DC,dl_bay,r_cellpath,E,0.0600,0.0500,0.1000,57.1735,57.1788,57.1523,0.0264
A4-DC,cell30,r_cellpath,E,0.0600,0.0500,0.1000,49.1562,48.9957,49.7980,0.8023
A4-DC,main30,r_cellpath,E,0.0600,0.0500,0.1000,53.1481,53.1971,52.9519,0.2452
A4-DC,cell_ss50,r_cellpath,E,0.0600,0.0500,0.1000,54.4088,54.1258,55.5409,1.4150
A4-DC,dl_cell,r_cellpath,E,0.0600,0.0500,0.1000,55.1711,54.8348,56.5161,1.6812
A4-DC,dl_main,r_cellpath,E,0.0600,0.0500,0.1000,55.2340,55.2569,55.1425,0.1145
A4-DC,tj_ss,i_bus,E,0.3000,0.2500,0.4000,122.6192,122.6170,122.6236,0.0065
A4-DC,tj_pk50,i_bus,E,0.3000,0.2500,0.4000,105.5318,105.5301,105.5353,0.0051
A4-DC,tj_300,i_bus,E,0.3000,0.2500,0.4000,106.4475,106.4475,106.4476,0.0001
A4-DC,tj_180,i_bus,E,0.3000,0.2500,0.4000,99.1277,99.1277,99.1277,0.0000
A4-DC,case_ss,i_bus,E,0.3000,0.2500,0.4000,98.1964,98.1943,98.2009,0.0065
A4-DC,dl_case,i_bus,E,0.3000,0.2500,0.4000,79.2896,79.2879,79.2933,0.0054
A4-DC,surf5,i_bus,E,0.3000,0.2500,0.4000,29.4110,29.4110,29.4110,0.0000
A4-DC,petg_ss,i_bus,E,0.3000,0.2500,0.4000,59.6076,59.4852,59.8625,0.3773
A4-DC,petg_ss50,i_bus,E,0.3000,0.2500,0.4000,55.6098,55.5338,55.7734,0.2396
A4-DC,dl_petg,i_bus,E,0.3000,0.2500,0.4000,56.4499,56.3642,56.6324,0.2682
A4-DC,fr4_ss,i_bus,E,0.3000,0.2500,0.4000,66.8868,66.8551,66.9530,0.0980
A4-DC,bay_ss,i_bus,E,0.3000,0.2500,0.4000,60.9506,60.8988,61.0585,0.1597
A4-DC,dl_bay,i_bus,E,0.3000,0.2500,0.4000,57.1735,57.1352,57.2549,0.1198
A4-DC,cell30,i_bus,E,0.3000,0.2500,0.4000,49.1562,49.0383,49.4101,0.3717
A4-DC,main30,i_bus,E,0.3000,0.2500,0.4000,53.1481,53.0300,53.4023,0.3722
A4-DC,cell_ss50,i_bus,E,0.3000,0.2500,0.4000,54.4088,54.1757,54.9107,0.7350
A4-DC,dl_cell,i_bus,E,0.3000,0.2500,0.4000,55.1711,54.9053,55.7379,0.8325
A4-DC,dl_main,i_bus,E,0.3000,0.2500,0.4000,55.2340,55.0684,55.5869,0.5186
A4-DC,tj_ss,a5_idd,DD,1.9700,1.7900,1.9700,122.6192,122.6192,122.6192,0.0000
A4-DC,tj_pk50,a5_idd,DD,1.9700,1.7900,1.9700,105.5318,105.5318,105.5318,0.0000
A4-DC,tj_300,a5_idd,DD,1.9700,1.7900,1.9700,106.4475,106.4475,106.4475,0.0000
A4-DC,tj_180,a5_idd,DD,1.9700,1.7900,1.9700,99.1277,99.1277,99.1277,0.0000
A4-DC,case_ss,a5_idd,DD,1.9700,1.7900,1.9700,98.1964,98.1964,98.1964,0.0000
A4-DC,dl_case,a5_idd,DD,1.9700,1.7900,1.9700,79.2896,79.2896,79.2896,0.0000
A4-DC,surf5,a5_idd,DD,1.9700,1.7900,1.9700,29.4110,29.4110,29.4110,0.0000
A4-DC,petg_ss,a5_idd,DD,1.9700,1.7900,1.9700,59.6076,59.6076,59.6076,0.0000
A4-DC,petg_ss50,a5_idd,DD,1.9700,1.7900,1.9700,55.6098,55.6098,55.6098,0.0000
A4-DC,dl_petg,a5_idd,DD,1.9700,1.7900,1.9700,56.4499,56.4499,56.4499,0.0000
A4-DC,fr4_ss,a5_idd,DD,1.9700,1.7900,1.9700,66.8868,66.8868,66.8868,0.0000
A4-DC,bay_ss,a5_idd,DD,1.9700,1.7900,1.9700,60.9506,60.9506,60.9506,0.0000
A4-DC,dl_bay,a5_idd,DD,1.9700,1.7900,1.9700,57.1735,57.1735,57.1735,0.0000
A4-DC,cell30,a5_idd,DD,1.9700,1.7900,1.9700,49.1562,49.1562,49.1562,0.0000
A4-DC,main30,a5_idd,DD,1.9700,1.7900,1.9700,53.1481,53.1481,53.1481,0.0000
A4-DC,cell_ss50,a5_idd,DD,1.9700,1.7900,1.9700,54.4088,54.4088,54.4088,0.0000
A4-DC,dl_cell,a5_idd,DD,1.9700,1.7900,1.9700,55.1711,55.1711,55.1711,0.0000
A4-DC,dl_main,a5_idd,DD,1.9700,1.7900,1.9700,55.2340,55.2340,55.2340,0.0000
A4-DC,tj_ss,a5_p1,DD,1.5000,1.2000,1.8000,122.6192,122.6192,122.6192,0.0000
A4-DC,tj_pk50,a5_p1,DD,1.5000,1.2000,1.8000,105.5318,105.5318,105.5318,0.0000
A4-DC,tj_300,a5_p1,DD,1.5000,1.2000,1.8000,106.4475,106.4475,106.4475,0.0000
A4-DC,tj_180,a5_p1,DD,1.5000,1.2000,1.8000,99.1277,99.1277,99.1277,0.0000
A4-DC,case_ss,a5_p1,DD,1.5000,1.2000,1.8000,98.1964,98.1964,98.1964,0.0000
A4-DC,dl_case,a5_p1,DD,1.5000,1.2000,1.8000,79.2896,79.2896,79.2896,0.0000
A4-DC,surf5,a5_p1,DD,1.5000,1.2000,1.8000,29.4110,29.4110,29.4110,0.0000
A4-DC,petg_ss,a5_p1,DD,1.5000,1.2000,1.8000,59.6076,59.6076,59.6076,0.0000
A4-DC,petg_ss50,a5_p1,DD,1.5000,1.2000,1.8000,55.6098,55.6098,55.6098,0.0000
A4-DC,dl_petg,a5_p1,DD,1.5000,1.2000,1.8000,56.4499,56.4499,56.4499,0.0000
A4-DC,fr4_ss,a5_p1,DD,1.5000,1.2000,1.8000,66.8868,66.8868,66.8868,0.0000
A4-DC,bay_ss,a5_p1,DD,1.5000,1.2000,1.8000,60.9506,60.9506,60.9506,0.0000
A4-DC,dl_bay,a5_p1,DD,1.5000,1.2000,1.8000,57.1735,57.1735,57.1735,0.0000
A4-DC,cell30,a5_p1,DD,1.5000,1.2000,1.8000,49.1562,49.1562,49.1562,0.0000
A4-DC,main30,a5_p1,DD,1.5000,1.2000,1.8000,53.1481,53.1481,53.1481,0.0000
A4-DC,cell_ss50,a5_p1,DD,1.5000,1.2000,1.8000,54.4088,54.4088,54.4088,0.0000
A4-DC,dl_cell,a5_p1,DD,1.5000,1.2000,1.8000,55.1711,55.1711,55.1711,0.0000
A4-DC,dl_main,a5_p1,DD,1.5000,1.2000,1.8000,55.2340,55.2340,55.2340,0.0000
A4-DC,tj_ss,a5_rjc2,D,2.4000,2.1600,2.6400,122.6192,122.6192,122.6192,0.0000
A4-DC,tj_pk50,a5_rjc2,D,2.4000,2.1600,2.6400,105.5318,105.5318,105.5318,0.0000
A4-DC,tj_300,a5_rjc2,D,2.4000,2.1600,2.6400,106.4475,106.4475,106.4475,0.0000
A4-DC,tj_180,a5_rjc2,D,2.4000,2.1600,2.6400,99.1277,99.1277,99.1277,0.0000
A4-DC,case_ss,a5_rjc2,D,2.4000,2.1600,2.6400,98.1964,98.1964,98.1964,0.0000
A4-DC,dl_case,a5_rjc2,D,2.4000,2.1600,2.6400,79.2896,79.2896,79.2896,0.0000
A4-DC,surf5,a5_rjc2,D,2.4000,2.1600,2.6400,29.4110,29.4110,29.4110,0.0000
A4-DC,petg_ss,a5_rjc2,D,2.4000,2.1600,2.6400,59.6076,59.6076,59.6076,0.0000
A4-DC,petg_ss50,a5_rjc2,D,2.4000,2.1600,2.6400,55.6098,55.6098,55.6098,0.0000
A4-DC,dl_petg,a5_rjc2,D,2.4000,2.1600,2.6400,56.4499,56.4499,56.4499,0.0000
A4-DC,fr4_ss,a5_rjc2,D,2.4000,2.1600,2.6400,66.8868,66.8868,66.8868,0.0000
A4-DC,bay_ss,a5_rjc2,D,2.4000,2.1600,2.6400,60.9506,60.9506,60.9506,0.0000
A4-DC,dl_bay,a5_rjc2,D,2.4000,2.1600,2.6400,57.1735,57.1735,57.1735,0.0000
A4-DC,cell30,a5_rjc2,D,2.4000,2.1600,2.6400,49.1562,49.1562,49.1562,0.0000
A4-DC,main30,a5_rjc2,D,2.4000,2.1600,2.6400,53.1481,53.1481,53.1481,0.0000
A4-DC,cell_ss50,a5_rjc2,D,2.4000,2.1600,2.6400,54.4088,54.4088,54.4088,0.0000
A4-DC,dl_cell,a5_rjc2,D,2.4000,2.1600,2.6400,55.1711,55.1711,55.1711,0.0000
A4-DC,dl_main,a5_rjc2,D,2.4000,2.1600,2.6400,55.2340,55.2340,55.2340,0.0000
A4-DC,tj_ss,a5_rjc1,D,4.5000,4.0500,4.9500,122.6192,122.6192,122.6192,0.0000
A4-DC,tj_pk50,a5_rjc1,D,4.5000,4.0500,4.9500,105.5318,105.5318,105.5318,0.0000
A4-DC,tj_300,a5_rjc1,D,4.5000,4.0500,4.9500,106.4475,106.4475,106.4475,0.0000
A4-DC,tj_180,a5_rjc1,D,4.5000,4.0500,4.9500,99.1277,99.1277,99.1277,0.0000
A4-DC,case_ss,a5_rjc1,D,4.5000,4.0500,4.9500,98.1964,98.1964,98.1964,0.0000
A4-DC,dl_case,a5_rjc1,D,4.5000,4.0500,4.9500,79.2896,79.2896,79.2896,0.0000
A4-DC,surf5,a5_rjc1,D,4.5000,4.0500,4.9500,29.4110,29.4110,29.4110,0.0000
A4-DC,petg_ss,a5_rjc1,D,4.5000,4.0500,4.9500,59.6076,59.6076,59.6076,0.0000
A4-DC,petg_ss50,a5_rjc1,D,4.5000,4.0500,4.9500,55.6098,55.6098,55.6098,0.0000
A4-DC,dl_petg,a5_rjc1,D,4.5000,4.0500,4.9500,56.4499,56.4499,56.4499,0.0000
A4-DC,fr4_ss,a5_rjc1,D,4.5000,4.0500,4.9500,66.8868,66.8868,66.8868,0.0000
A4-DC,bay_ss,a5_rjc1,D,4.5000,4.0500,4.9500,60.9506,60.9506,60.9506,0.0000
A4-DC,dl_bay,a5_rjc1,D,4.5000,4.0500,4.9500,57.1735,57.1735,57.1735,0.0000
A4-DC,cell30,a5_rjc1,D,4.5000,4.0500,4.9500,49.1562,49.1562,49.1562,0.0000
A4-DC,main30,a5_rjc1,D,4.5000,4.0500,4.9500,53.1481,53.1481,53.1481,0.0000
A4-DC,cell_ss50,a5_rjc1,D,4.5000,4.0500,4.9500,54.4088,54.4088,54.4088,0.0000
A4-DC,dl_cell,a5_rjc1,D,4.5000,4.0500,4.9500,55.1711,55.1711,55.1711,0.0000
A4-DC,dl_main,a5_rjc1,D,4.5000,4.0500,4.9500,55.2340,55.2340,55.2340,0.0000
A4-DC,tj_ss,a5_bond,E,0.0001,0.0000,0.0001,122.6192,122.6192,122.6192,0.0000
A4-DC,tj_pk50,a5_bond,E,0.0001,0.0000,0.0001,105.5318,105.5318,105.5318,0.0000
A4-DC,tj_300,a5_bond,E,0.0001,0.0000,0.0001,106.4475,106.4475,106.4475,0.0000
A4-DC,tj_180,a5_bond,E,0.0001,0.0000,0.0001,99.1277,99.1277,99.1277,0.0000
A4-DC,case_ss,a5_bond,E,0.0001,0.0000,0.0001,98.1964,98.1964,98.1964,0.0000
A4-DC,dl_case,a5_bond,E,0.0001,0.0000,0.0001,79.2896,79.2896,79.2896,0.0000
A4-DC,surf5,a5_bond,E,0.0001,0.0000,0.0001,29.4110,29.4110,29.4110,0.0000
A4-DC,petg_ss,a5_bond,E,0.0001,0.0000,0.0001,59.6076,59.6076,59.6076,0.0000
A4-DC,petg_ss50,a5_bond,E,0.0001,0.0000,0.0001,55.6098,55.6098,55.6098,0.0000
A4-DC,dl_petg,a5_bond,E,0.0001,0.0000,0.0001,56.4499,56.4499,56.4499,0.0000
A4-DC,fr4_ss,a5_bond,E,0.0001,0.0000,0.0001,66.8868,66.8868,66.8868,0.0000
A4-DC,bay_ss,a5_bond,E,0.0001,0.0000,0.0001,60.9506,60.9506,60.9506,0.0000
A4-DC,dl_bay,a5_bond,E,0.0001,0.0000,0.0001,57.1735,57.1735,57.1735,0.0000
A4-DC,cell30,a5_bond,E,0.0001,0.0000,0.0001,49.1562,49.1562,49.1562,0.0000
A4-DC,main30,a5_bond,E,0.0001,0.0000,0.0001,53.1481,53.1481,53.1481,0.0000
A4-DC,cell_ss50,a5_bond,E,0.0001,0.0000,0.0001,54.4088,54.4088,54.4088,0.0000
A4-DC,dl_cell,a5_bond,E,0.0001,0.0000,0.0001,55.1711,55.1711,55.1711,0.0000
A4-DC,dl_main,a5_bond,E,0.0001,0.0000,0.0001,55.2340,55.2340,55.2340,0.0000
A4-DC,tj_ss,k_tim,E,0.7000,0.6000,0.8000,122.6192,122.6192,122.6192,0.0000
A4-DC,tj_pk50,k_tim,E,0.7000,0.6000,0.8000,105.5318,105.5318,105.5318,0.0000
A4-DC,tj_300,k_tim,E,0.7000,0.6000,0.8000,106.4475,106.4475,106.4475,0.0000
A4-DC,tj_180,k_tim,E,0.7000,0.6000,0.8000,99.1277,99.1277,99.1277,0.0000
A4-DC,case_ss,k_tim,E,0.7000,0.6000,0.8000,98.1964,98.1964,98.1964,0.0000
A4-DC,dl_case,k_tim,E,0.7000,0.6000,0.8000,79.2896,79.2896,79.2896,0.0000
A4-DC,surf5,k_tim,E,0.7000,0.6000,0.8000,29.4110,29.4110,29.4110,0.0000
A4-DC,petg_ss,k_tim,E,0.7000,0.6000,0.8000,59.6076,59.6076,59.6076,0.0000
A4-DC,petg_ss50,k_tim,E,0.7000,0.6000,0.8000,55.6098,55.6098,55.6098,0.0000
A4-DC,dl_petg,k_tim,E,0.7000,0.6000,0.8000,56.4499,56.4499,56.4499,0.0000
A4-DC,fr4_ss,k_tim,E,0.7000,0.6000,0.8000,66.8868,66.8868,66.8868,0.0000
A4-DC,bay_ss,k_tim,E,0.7000,0.6000,0.8000,60.9506,60.9506,60.9506,0.0000
A4-DC,dl_bay,k_tim,E,0.7000,0.6000,0.8000,57.1735,57.1735,57.1735,0.0000
A4-DC,cell30,k_tim,E,0.7000,0.6000,0.8000,49.1562,49.1562,49.1562,0.0000
A4-DC,main30,k_tim,E,0.7000,0.6000,0.8000,53.1481,53.1481,53.1481,0.0000
A4-DC,cell_ss50,k_tim,E,0.7000,0.6000,0.8000,54.4088,54.4088,54.4088,0.0000
A4-DC,dl_cell,k_tim,E,0.7000,0.6000,0.8000,55.1711,55.1711,55.1711,0.0000
A4-DC,dl_main,k_tim,E,0.7000,0.6000,0.8000,55.2340,55.2340,55.2340,0.0000
A4-DC,tj_ss,r_spread_x,E,0.0000,0.0000,0.3000,122.6192,122.6192,122.6192,0.0000
A4-DC,tj_pk50,r_spread_x,E,0.0000,0.0000,0.3000,105.5318,105.5318,105.5318,0.0000
A4-DC,tj_300,r_spread_x,E,0.0000,0.0000,0.3000,106.4475,106.4475,106.4475,0.0000
A4-DC,tj_180,r_spread_x,E,0.0000,0.0000,0.3000,99.1277,99.1277,99.1277,0.0000
A4-DC,case_ss,r_spread_x,E,0.0000,0.0000,0.3000,98.1964,98.1964,98.1964,0.0000
A4-DC,dl_case,r_spread_x,E,0.0000,0.0000,0.3000,79.2896,79.2896,79.2896,0.0000
A4-DC,surf5,r_spread_x,E,0.0000,0.0000,0.3000,29.4110,29.4110,29.4110,0.0000
A4-DC,petg_ss,r_spread_x,E,0.0000,0.0000,0.3000,59.6076,59.6076,59.6076,0.0000
A4-DC,petg_ss50,r_spread_x,E,0.0000,0.0000,0.3000,55.6098,55.6098,55.6098,0.0000
A4-DC,dl_petg,r_spread_x,E,0.0000,0.0000,0.3000,56.4499,56.4499,56.4499,0.0000
A4-DC,fr4_ss,r_spread_x,E,0.0000,0.0000,0.3000,66.8868,66.8868,66.8868,0.0000
A4-DC,bay_ss,r_spread_x,E,0.0000,0.0000,0.3000,60.9506,60.9506,60.9506,0.0000
A4-DC,dl_bay,r_spread_x,E,0.0000,0.0000,0.3000,57.1735,57.1735,57.1735,0.0000
A4-DC,cell30,r_spread_x,E,0.0000,0.0000,0.3000,49.1562,49.1562,49.1562,0.0000
A4-DC,main30,r_spread_x,E,0.0000,0.0000,0.3000,53.1481,53.1481,53.1481,0.0000
A4-DC,cell_ss50,r_spread_x,E,0.0000,0.0000,0.3000,54.4088,54.4088,54.4088,0.0000
A4-DC,dl_cell,r_spread_x,E,0.0000,0.0000,0.3000,55.1711,55.1711,55.1711,0.0000
A4-DC,dl_main,r_spread_x,E,0.0000,0.0000,0.3000,55.2340,55.2340,55.2340,0.0000
A4-DC,tj_ss,a4_isat,DD,1.3870,1.2610,1.5580,122.6192,110.8194,137.5829,26.7636
A4-DC,tj_pk50,a4_isat,DD,1.3870,1.2610,1.5580,105.5318,95.5478,118.4228,22.8750
A4-DC,tj_300,a4_isat,DD,1.3870,1.2610,1.5580,106.4475,96.0902,120.2465,24.1562
A4-DC,tj_180,a4_isat,DD,1.3870,1.2610,1.5580,99.1277,89.8804,111.5142,21.6338
A4-DC,case_ss,a4_isat,DD,1.3870,1.2610,1.5580,98.1964,90.6719,107.4162,16.7442
A4-DC,dl_case,a4_isat,DD,1.3870,1.2610,1.5580,79.2896,74.3388,85.7369,11.3981
A4-DC,surf5,a4_isat,DD,1.3870,1.2610,1.5580,29.4110,28.6900,30.4156,1.7257
A4-DC,petg_ss,a4_isat,DD,1.3870,1.2610,1.5580,59.6076,59.0254,61.3330,2.3075
A4-DC,petg_ss50,a4_isat,DD,1.3870,1.2610,1.5580,55.6098,55.2654,56.0692,0.8038
A4-DC,dl_petg,a4_isat,DD,1.3870,1.2610,1.5580,56.4499,56.0635,56.9836,0.9201
A4-DC,fr4_ss,a4_isat,DD,1.3870,1.2610,1.5580,66.8868,64.9213,69.2921,4.3708
A4-DC,bay_ss,a4_isat,DD,1.3870,1.2610,1.5580,60.9506,60.4123,61.6361,1.2238
A4-DC,dl_bay,a4_isat,DD,1.3870,1.2610,1.5580,57.1735,56.8000,57.6714,0.8714
A4-DC,cell30,a4_isat,DD,1.3870,1.2610,1.5580,49.1562,48.9011,49.5328,0.6317
A4-DC,main30,a4_isat,DD,1.3870,1.2610,1.5580,53.1481,52.8728,53.5503,0.6775
A4-DC,cell_ss50,a4_isat,DD,1.3870,1.2610,1.5580,54.4088,53.8865,55.1729,1.2864
A4-DC,dl_cell,a4_isat,DD,1.3870,1.2610,1.5580,55.1711,54.5500,56.0828,1.5328
A4-DC,dl_main,a4_isat,DD,1.3870,1.2610,1.5580,55.2340,54.8264,55.8273,1.0009
A4-DC,tj_ss,a4_rjc,D,4.4000,3.9600,4.8400,122.6192,120.1769,125.0614,4.8845
A4-DC,tj_pk50,a4_rjc,D,4.4000,3.9600,4.8400,105.5318,103.0944,107.9691,4.8747
A4-DC,tj_300,a4_rjc,D,4.4000,3.9600,4.8400,106.4475,104.0074,108.8876,4.8802
A4-DC,tj_180,a4_rjc,D,4.4000,3.9600,4.8400,99.1277,96.6884,101.5669,4.8785
A4-DC,case_ss,a4_rjc,D,4.4000,3.9600,4.8400,98.1964,98.1964,98.1964,0.0000
A4-DC,dl_case,a4_rjc,D,4.4000,3.9600,4.8400,79.2896,79.2896,79.2896,0.0000
A4-DC,surf5,a4_rjc,D,4.4000,3.9600,4.8400,29.4110,29.4114,29.4107,0.0008
A4-DC,petg_ss,a4_rjc,D,4.4000,3.9600,4.8400,59.6076,59.6076,59.6076,0.0000
A4-DC,petg_ss50,a4_rjc,D,4.4000,3.9600,4.8400,55.6098,55.6098,55.6098,0.0000
A4-DC,dl_petg,a4_rjc,D,4.4000,3.9600,4.8400,56.4499,56.4499,56.4499,0.0000
A4-DC,fr4_ss,a4_rjc,D,4.4000,3.9600,4.8400,66.8868,66.8868,66.8868,0.0000
A4-DC,bay_ss,a4_rjc,D,4.4000,3.9600,4.8400,60.9506,60.9506,60.9506,0.0000
A4-DC,dl_bay,a4_rjc,D,4.4000,3.9600,4.8400,57.1735,57.1735,57.1735,0.0000
A4-DC,cell30,a4_rjc,D,4.4000,3.9600,4.8400,49.1562,49.1562,49.1562,0.0000
A4-DC,main30,a4_rjc,D,4.4000,3.9600,4.8400,53.1481,53.1481,53.1481,0.0000
A4-DC,cell_ss50,a4_rjc,D,4.4000,3.9600,4.8400,54.4088,54.4088,54.4088,0.0000
A4-DC,dl_cell,a4_rjc,D,4.4000,3.9600,4.8400,55.1711,55.1711,55.1711,0.0000
A4-DC,dl_main,a4_rjc,D,4.4000,3.9600,4.8400,55.2340,55.2340,55.2340,0.0000
A4-DC,tj_ss,a4_r_pad,E,0.8000,0.5000,1.5000,122.6192,121.0096,126.3646,5.3550
A4-DC,tj_pk50,a4_r_pad,E,0.8000,0.5000,1.5000,105.5318,104.0049,108.9443,4.9394
A4-DC,tj_300,a4_r_pad,E,0.8000,0.5000,1.5000,106.4475,104.8669,110.1253,5.2585
A4-DC,tj_180,a4_r_pad,E,0.8000,0.5000,1.5000,99.1277,97.5513,102.7954,5.2440
A4-DC,case_ss,a4_r_pad,E,0.8000,0.5000,1.5000,98.1964,96.5869,101.9419,5.3550
A4-DC,dl_case,a4_r_pad,E,0.8000,0.5000,1.5000,79.2896,78.3255,81.5333,3.2078
A4-DC,surf5,a4_r_pad,E,0.8000,0.5000,1.5000,29.4110,29.4196,29.3911,0.0286
A4-DC,petg_ss,a4_r_pad,E,0.8000,0.5000,1.5000,59.6076,59.5888,59.6513,0.0625
A4-DC,petg_ss50,a4_r_pad,E,0.8000,0.5000,1.5000,55.6098,55.5995,55.6339,0.0344
A4-DC,dl_petg,a4_r_pad,E,0.8000,0.5000,1.5000,56.4499,56.4378,56.4781,0.0403
A4-DC,fr4_ss,a4_r_pad,E,0.8000,0.5000,1.5000,66.8868,66.7602,67.1812,0.4210
A4-DC,bay_ss,a4_r_pad,E,0.8000,0.5000,1.5000,60.9506,60.9231,61.0147,0.0915
A4-DC,dl_bay,a4_r_pad,E,0.8000,0.5000,1.5000,57.1735,57.1557,57.2149,0.0593
A4-DC,cell30,a4_r_pad,E,0.8000,0.5000,1.5000,49.1562,49.1557,49.1573,0.0016
A4-DC,main30,a4_r_pad,E,0.8000,0.5000,1.5000,53.1481,53.1465,53.1520,0.0055
A4-DC,cell_ss50,a4_r_pad,E,0.8000,0.5000,1.5000,54.4088,54.4072,54.4127,0.0055
A4-DC,dl_cell,a4_r_pad,E,0.8000,0.5000,1.5000,55.1711,55.1692,55.1756,0.0064
A4-DC,dl_main,a4_r_pad,E,0.8000,0.5000,1.5000,55.2340,55.2316,55.2397,0.0082
A4-DC,tj_ss,a4_r_via,DD,1.1000,0.9000,1.6000,122.6192,121.5464,125.2959,3.7495
A4-DC,tj_pk50,a4_r_via,DD,1.1000,0.9000,1.6000,105.5318,104.5175,107.9929,3.4753
A4-DC,tj_300,a4_r_via,DD,1.1000,0.9000,1.6000,106.4475,105.3941,109.0760,3.6820
A4-DC,tj_180,a4_r_via,DD,1.1000,0.9000,1.6000,99.1277,98.0771,101.7489,3.6719
A4-DC,case_ss,a4_r_via,DD,1.1000,0.9000,1.6000,98.1964,97.1237,100.8732,3.7495
A4-DC,dl_case,a4_r_via,DD,1.1000,0.9000,1.6000,79.2896,78.6470,80.8931,2.2461
A4-DC,surf5,a4_r_via,DD,1.1000,0.9000,1.6000,29.4110,29.4168,29.3968,0.0200
A4-DC,petg_ss,a4_r_via,DD,1.1000,0.9000,1.6000,59.6076,59.5950,59.6388,0.0438
A4-DC,petg_ss50,a4_r_via,DD,1.1000,0.9000,1.6000,55.6098,55.6030,55.6270,0.0241
A4-DC,dl_petg,a4_r_via,DD,1.1000,0.9000,1.6000,56.4499,56.4419,56.4701,0.0282
A4-DC,fr4_ss,a4_r_via,DD,1.1000,0.9000,1.6000,66.8868,66.8025,67.0973,0.2948
A4-DC,bay_ss,a4_r_via,DD,1.1000,0.9000,1.6000,60.9506,60.9323,60.9964,0.0641
A4-DC,dl_bay,a4_r_via,DD,1.1000,0.9000,1.6000,57.1735,57.1616,57.2031,0.0415
A4-DC,cell30,a4_r_via,DD,1.1000,0.9000,1.6000,49.1562,49.1559,49.1570,0.0011
A4-DC,main30,a4_r_via,DD,1.1000,0.9000,1.6000,53.1481,53.1470,53.1509,0.0039
A4-DC,cell_ss50,a4_r_via,DD,1.1000,0.9000,1.6000,54.4088,54.4077,54.4116,0.0039
A4-DC,dl_cell,a4_r_via,DD,1.1000,0.9000,1.6000,55.1711,55.1698,55.1743,0.0045
A4-DC,dl_main,a4_r_via,DD,1.1000,0.9000,1.6000,55.2340,55.2324,55.2381,0.0057
A4-DC,tj_ss,a4_r_bs,E,0.6000,0.4000,1.0000,122.6192,121.5464,124.7612,3.2148
A4-DC,tj_pk50,a4_r_bs,E,0.6000,0.4000,1.0000,105.5318,104.5175,107.5099,2.9923
A4-DC,tj_300,a4_r_bs,E,0.6000,0.4000,1.0000,106.4475,105.3941,108.5509,3.1569
A4-DC,tj_180,a4_r_bs,E,0.6000,0.4000,1.0000,99.1277,98.0771,101.2253,3.1482
A4-DC,case_ss,a4_r_bs,E,0.6000,0.4000,1.0000,98.1964,97.1237,100.3384,3.2148
A4-DC,dl_case,a4_r_bs,E,0.6000,0.4000,1.0000,79.2896,78.6470,80.5727,1.9257
A4-DC,surf5,a4_r_bs,E,0.6000,0.4000,1.0000,29.4110,29.4168,29.3996,0.0172
A4-DC,petg_ss,a4_r_bs,E,0.6000,0.4000,1.0000,59.6076,59.5950,59.6326,0.0375
A4-DC,petg_ss50,a4_r_bs,E,0.6000,0.4000,1.0000,55.6098,55.6030,55.6236,0.0206
A4-DC,dl_petg,a4_r_bs,E,0.6000,0.4000,1.0000,56.4499,56.4419,56.4661,0.0242
A4-DC,fr4_ss,a4_r_bs,E,0.6000,0.4000,1.0000,66.8868,66.8025,67.0552,0.2528
A4-DC,bay_ss,a4_r_bs,E,0.6000,0.4000,1.0000,60.9506,60.9323,60.9872,0.0550
A4-DC,dl_bay,a4_r_bs,E,0.6000,0.4000,1.0000,57.1735,57.1616,57.1972,0.0356
A4-DC,cell30,a4_r_bs,E,0.6000,0.4000,1.0000,49.1562,49.1559,49.1568,0.0009
A4-DC,main30,a4_r_bs,E,0.6000,0.4000,1.0000,53.1481,53.1470,53.1504,0.0033
A4-DC,cell_ss50,a4_r_bs,E,0.6000,0.4000,1.0000,54.4088,54.4077,54.4111,0.0033
A4-DC,dl_cell,a4_r_bs,E,0.6000,0.4000,1.0000,55.1711,55.1698,55.1737,0.0039
A4-DC,dl_main,a4_r_bs,E,0.6000,0.4000,1.0000,55.2340,55.2324,55.2373,0.0049
A4-DC,tj_ss,a4_gva_on_sink,E,0.5000,0.0000,0.5000,122.6192,120.0120,122.6192,2.6072
A4-DC,tj_pk50,a4_gva_on_sink,E,0.5000,0.0000,0.5000,105.5318,103.8662,105.5318,1.6656
A4-DC,tj_300,a4_gva_on_sink,E,0.5000,0.0000,0.5000,106.4475,104.5404,106.4475,1.9071
A4-DC,tj_180,a4_gva_on_sink,E,0.5000,0.0000,0.5000,99.1277,97.7885,99.1277,1.3391
A4-DC,case_ss,a4_gva_on_sink,E,0.5000,0.0000,0.5000,98.1964,95.5893,98.1964,2.6072
A4-DC,dl_case,a4_gva_on_sink,E,0.5000,0.0000,0.5000,79.2896,77.4994,79.2896,1.7902
A4-DC,surf5,a4_gva_on_sink,E,0.5000,0.0000,0.5000,29.4110,29.0308,29.4110,0.3802
A4-DC,petg_ss,a4_gva_on_sink,E,0.5000,0.0000,0.5000,59.6076,59.4796,59.6076,0.1280
A4-DC,petg_ss50,a4_gva_on_sink,E,0.5000,0.0000,0.5000,55.6098,55.5260,55.6098,0.0838
A4-DC,dl_petg,a4_gva_on_sink,E,0.5000,0.0000,0.5000,56.4499,56.3594,56.4499,0.0906
A4-DC,fr4_ss,a4_gva_on_sink,E,0.5000,0.0000,0.5000,66.8868,66.0233,66.8868,0.8636
A4-DC,bay_ss,a4_gva_on_sink,E,0.5000,0.0000,0.5000,60.9506,60.7630,60.9506,0.1876
A4-DC,dl_bay,a4_gva_on_sink,E,0.5000,0.0000,0.5000,57.1735,57.0402,57.1735,0.1332
A4-DC,cell30,a4_gva_on_sink,E,0.5000,0.0000,0.5000,49.1562,49.1535,49.1562,0.0027
A4-DC,main30,a4_gva_on_sink,E,0.5000,0.0000,0.5000,53.1481,53.1363,53.1481,0.0119
A4-DC,cell_ss50,a4_gva_on_sink,E,0.5000,0.0000,0.5000,54.4088,54.3954,54.4088,0.0134
A4-DC,dl_cell,a4_gva_on_sink,E,0.5000,0.0000,0.5000,55.1711,55.1566,55.1711,0.0145
A4-DC,dl_main,a4_gva_on_sink,E,0.5000,0.0000,0.5000,55.2340,55.2157,55.2340,0.0183
A4-DC,tj_ss,sink_mass,DD,57.0000,52.0000,62.0000,122.6192,122.6192,122.6192,0.0000
A4-DC,tj_pk50,sink_mass,DD,57.0000,52.0000,62.0000,105.5318,105.5362,105.5283,0.0079
A4-DC,tj_300,sink_mass,DD,57.0000,52.0000,62.0000,106.4475,107.7763,105.2326,2.5437
A4-DC,tj_180,sink_mass,DD,57.0000,52.0000,62.0000,99.1277,100.2652,98.1245,2.1407
A4-DC,case_ss,sink_mass,DD,57.0000,52.0000,62.0000,98.1964,98.1964,98.1964,0.0000
A4-DC,dl_case,sink_mass,DD,57.0000,52.0000,62.0000,79.2896,79.2896,79.2896,0.0000
A4-DC,surf5,sink_mass,DD,57.0000,52.0000,62.0000,29.4110,29.7184,29.1417,0.5767
A4-DC,petg_ss,sink_mass,DD,57.0000,52.0000,62.0000,59.6076,59.6076,59.6076,0.0000
A4-DC,petg_ss50,sink_mass,DD,57.0000,52.0000,62.0000,55.6098,55.6098,55.6098,0.0000
A4-DC,dl_petg,sink_mass,DD,57.0000,52.0000,62.0000,56.4499,56.4499,56.4499,0.0000
A4-DC,fr4_ss,sink_mass,DD,57.0000,52.0000,62.0000,66.8868,66.8868,66.8868,0.0000
A4-DC,bay_ss,sink_mass,DD,57.0000,52.0000,62.0000,60.9506,60.9506,60.9506,0.0000
A4-DC,dl_bay,sink_mass,DD,57.0000,52.0000,62.0000,57.1735,57.1735,57.1735,0.0000
A4-DC,cell30,sink_mass,DD,57.0000,52.0000,62.0000,49.1562,49.1574,49.1551,0.0022
A4-DC,main30,sink_mass,DD,57.0000,52.0000,62.0000,53.1481,53.1514,53.1449,0.0064
A4-DC,cell_ss50,sink_mass,DD,57.0000,52.0000,62.0000,54.4088,54.4088,54.4088,0.0000
A4-DC,dl_cell,sink_mass,DD,57.0000,52.0000,62.0000,55.1711,55.1711,55.1711,0.0000
A4-DC,dl_main,sink_mass,DD,57.0000,52.0000,62.0000,55.2340,55.2340,55.2340,0.0000
A4-DC,tj_ss,k_cat,DD,1.0000,0.9300,1.0700,122.6192,124.7634,120.6572,4.1062
A4-DC,tj_pk50,k_cat,DD,1.0000,0.9300,1.0700,105.5318,106.8647,104.3113,2.5534
A4-DC,tj_300,k_cat,DD,1.0000,0.9300,1.0700,106.4475,106.9769,105.9363,1.0405
A4-DC,tj_180,k_cat,DD,1.0000,0.9300,1.0700,99.1277,99.3589,98.9014,0.4575
A4-DC,case_ss,k_cat,DD,1.0000,0.9300,1.0700,98.1964,100.3407,96.2345,4.1062
A4-DC,dl_case,k_cat,DD,1.0000,0.9300,1.0700,79.2896,80.8078,77.9394,2.8684
A4-DC,surf5,k_cat,DD,1.0000,0.9300,1.0700,29.4110,29.3021,29.5126,0.2105
A4-DC,petg_ss,k_cat,DD,1.0000,0.9300,1.0700,59.6076,59.6904,59.5307,0.1597
A4-DC,petg_ss50,k_cat,DD,1.0000,0.9300,1.0700,55.6098,55.6663,55.5569,0.1093
A4-DC,dl_petg,k_cat,DD,1.0000,0.9300,1.0700,56.4499,56.5128,56.3931,0.1197
A4-DC,fr4_ss,k_cat,DD,1.0000,0.9300,1.0700,66.8868,67.4444,66.3685,1.0759
A4-DC,bay_ss,k_cat,DD,1.0000,0.9300,1.0700,60.9506,61.0719,60.8380,0.2339
A4-DC,dl_bay,k_cat,DD,1.0000,0.9300,1.0700,57.1735,57.2659,57.0899,0.1760
A4-DC,cell30,k_cat,DD,1.0000,0.9300,1.0700,49.1562,49.1571,49.1554,0.0017
A4-DC,main30,k_cat,DD,1.0000,0.9300,1.0700,53.1481,53.1534,53.1431,0.0103
A4-DC,cell_ss50,k_cat,DD,1.0000,0.9300,1.0700,54.4088,54.4179,54.4004,0.0175
A4-DC,dl_cell,k_cat,DD,1.0000,0.9300,1.0700,55.1711,55.1811,55.1620,0.0191
A4-DC,dl_main,k_cat,DD,1.0000,0.9300,1.0700,55.2340,55.2468,55.2226,0.0242
A4-DC,tj_ss,k_orient,E,1.3500,1.1000,2.0000,122.6192,116.9332,134.6274,17.6943
A4-DC,tj_pk50,k_orient,E,1.3500,1.1000,2.0000,105.5318,101.8257,113.6172,11.7915
A4-DC,tj_300,k_orient,E,1.3500,1.1000,2.0000,106.4475,104.8482,109.0775,4.2293
A4-DC,tj_180,k_orient,E,1.3500,1.1000,2.0000,99.1277,98.4101,100.2456,1.8356
A4-DC,case_ss,k_orient,E,1.3500,1.1000,2.0000,98.1964,92.5104,110.2047,17.6943
A4-DC,dl_case,k_orient,E,1.3500,1.1000,2.0000,79.2896,75.3873,88.5335,13.1462
A4-DC,surf5,k_orient,E,1.3500,1.1000,2.0000,29.4110,29.7165,28.8329,0.8836
A4-DC,petg_ss,k_orient,E,1.3500,1.1000,2.0000,59.6076,59.3813,60.6391,1.2579
A4-DC,petg_ss50,k_orient,E,1.3500,1.1000,2.0000,55.6098,55.4469,55.9409,0.4941
A4-DC,dl_petg,k_orient,E,1.3500,1.1000,2.0000,56.4499,56.2830,56.8207,0.5376
A4-DC,fr4_ss,k_orient,E,1.3500,1.1000,2.0000,66.8868,65.3590,69.9157,4.5566
A4-DC,bay_ss,k_orient,E,1.3500,1.1000,2.0000,60.9506,60.6189,61.6112,0.9923
A4-DC,dl_bay,k_orient,E,1.3500,1.1000,2.0000,57.1735,56.9279,57.7185,0.7906
A4-DC,cell30,k_orient,E,1.3500,1.1000,2.0000,49.1562,49.1537,49.1607,0.0070
A4-DC,main30,k_orient,E,1.3500,1.1000,2.0000,53.1481,53.1331,53.1757,0.0426
A4-DC,cell_ss50,k_orient,E,1.3500,1.1000,2.0000,54.4088,54.3827,54.4619,0.0792
A4-DC,dl_cell,k_orient,E,1.3500,1.1000,2.0000,55.1711,55.1445,55.2302,0.0858
A4-DC,dl_main,k_orient,E,1.3500,1.1000,2.0000,55.2340,55.2003,55.3090,0.1087
A4-DC,tj_ss,r_frac,E,0.3500,0.2500,0.4500,122.6192,122.8837,122.4416,0.4422
A4-DC,tj_pk50,r_frac,E,0.3500,0.2500,0.4500,105.5318,105.7015,105.4134,0.2881
A4-DC,tj_300,r_frac,E,0.3500,0.2500,0.4500,106.4475,106.6152,106.2968,0.3184
A4-DC,tj_180,r_frac,E,0.3500,0.2500,0.4500,99.1277,99.2128,99.0480,0.1648
A4-DC,case_ss,r_frac,E,0.3500,0.2500,0.4500,98.1964,98.4610,98.0188,0.4422
A4-DC,dl_case,r_frac,E,0.3500,0.2500,0.4500,79.2896,79.4814,79.1568,0.3246
A4-DC,surf5,r_frac,E,0.3500,0.2500,0.4500,29.4110,28.6457,30.1172,1.4715
A4-DC,petg_ss,r_frac,E,0.3500,0.2500,0.4500,59.6076,59.5287,60.5866,1.0579
A4-DC,petg_ss50,r_frac,E,0.3500,0.2500,0.4500,55.6098,55.5738,55.6449,0.0711
A4-DC,dl_petg,r_frac,E,0.3500,0.2500,0.4500,56.4499,56.4049,56.4935,0.0887
A4-DC,fr4_ss,r_frac,E,0.3500,0.2500,0.4500,66.8868,66.3549,67.3964,1.0415
A4-DC,bay_ss,r_frac,E,0.3500,0.2500,0.4500,60.9506,60.8350,61.0615,0.2265
A4-DC,dl_bay,r_frac,E,0.3500,0.2500,0.4500,57.1735,57.1072,57.2376,0.1304
A4-DC,cell30,r_frac,E,0.3500,0.2500,0.4500,49.1562,49.1545,49.1578,0.0033
A4-DC,main30,r_frac,E,0.3500,0.2500,0.4500,53.1481,53.1417,53.1543,0.0127
A4-DC,cell_ss50,r_frac,E,0.3500,0.2500,0.4500,54.4088,54.4031,54.4145,0.0114
A4-DC,dl_cell,r_frac,E,0.3500,0.2500,0.4500,55.1711,55.1639,55.1781,0.0141
A4-DC,dl_main,r_frac,E,0.3500,0.2500,0.4500,55.2340,55.2249,55.2429,0.0179
A4-DC,tj_ss,eta_encl,E,0.6000,0.4000,0.8000,122.6192,122.6192,122.6192,0.0000
A4-DC,tj_pk50,eta_encl,E,0.6000,0.4000,0.8000,105.5318,105.5318,105.5318,0.0000
A4-DC,tj_300,eta_encl,E,0.6000,0.4000,0.8000,106.4475,106.4475,106.4475,0.0000
A4-DC,tj_180,eta_encl,E,0.6000,0.4000,0.8000,99.1277,99.1277,99.1277,0.0000
A4-DC,case_ss,eta_encl,E,0.6000,0.4000,0.8000,98.1964,98.1964,98.1964,0.0000
A4-DC,dl_case,eta_encl,E,0.6000,0.4000,0.8000,79.2896,79.2896,79.2896,0.0000
A4-DC,surf5,eta_encl,E,0.6000,0.4000,0.8000,29.4110,29.4110,29.4110,0.0000
A4-DC,petg_ss,eta_encl,E,0.6000,0.4000,0.8000,59.6076,59.6076,59.6076,0.0000
A4-DC,petg_ss50,eta_encl,E,0.6000,0.4000,0.8000,55.6098,55.6098,55.6098,0.0000
A4-DC,dl_petg,eta_encl,E,0.6000,0.4000,0.8000,56.4499,56.4499,56.4499,0.0000
A4-DC,fr4_ss,eta_encl,E,0.6000,0.4000,0.8000,66.8868,66.8868,66.8868,0.0000
A4-DC,bay_ss,eta_encl,E,0.6000,0.4000,0.8000,60.9506,60.9506,60.9506,0.0000
A4-DC,dl_bay,eta_encl,E,0.6000,0.4000,0.8000,57.1735,57.1735,57.1735,0.0000
A4-DC,cell30,eta_encl,E,0.6000,0.4000,0.8000,49.1562,49.1562,49.1562,0.0000
A4-DC,main30,eta_encl,E,0.6000,0.4000,0.8000,53.1481,53.1481,53.1481,0.0000
A4-DC,cell_ss50,eta_encl,E,0.6000,0.4000,0.8000,54.4088,54.4088,54.4088,0.0000
A4-DC,dl_cell,eta_encl,E,0.6000,0.4000,0.8000,55.1711,55.1711,55.1711,0.0000
A4-DC,dl_main,eta_encl,E,0.6000,0.4000,0.8000,55.2340,55.2340,55.2340,0.0000
A4-DC,tj_ss,eta_wall,E,0.6000,0.4500,0.7500,122.6192,124.6272,120.7748,3.8524
A4-DC,tj_pk50,eta_wall,E,0.6000,0.4500,0.7500,105.5318,106.7699,104.3928,2.3771
A4-DC,tj_300,eta_wall,E,0.6000,0.4500,0.7500,106.4475,106.9165,105.9919,0.9246
A4-DC,tj_180,eta_wall,E,0.6000,0.4500,0.7500,99.1277,99.3298,98.9291,0.4007
A4-DC,case_ss,eta_wall,E,0.6000,0.4500,0.7500,98.1964,100.2045,96.3521,3.8524
A4-DC,dl_case,eta_wall,E,0.6000,0.4500,0.7500,79.2896,80.7005,78.0223,2.6782
A4-DC,surf5,eta_wall,E,0.6000,0.4500,0.7500,29.4110,29.4840,29.3402,0.1438
A4-DC,petg_ss,eta_wall,E,0.6000,0.4500,0.7500,59.6076,59.7072,59.5169,0.1903
A4-DC,petg_ss50,eta_wall,E,0.6000,0.4500,0.7500,55.6098,55.6731,55.5516,0.1215
A4-DC,dl_petg,eta_wall,E,0.6000,0.4500,0.7500,56.4499,56.5216,56.3858,0.1359
A4-DC,fr4_ss,eta_wall,E,0.6000,0.4500,0.7500,66.8868,67.5579,66.2755,1.2824
A4-DC,bay_ss,eta_wall,E,0.6000,0.4500,0.7500,60.9506,61.0966,60.8178,0.2789
A4-DC,dl_bay,eta_wall,E,0.6000,0.4500,0.7500,57.1735,57.2789,57.0791,0.1998
A4-DC,cell30,eta_wall,E,0.6000,0.4500,0.7500,49.1562,49.1575,49.1550,0.0024
A4-DC,main30,eta_wall,E,0.6000,0.4500,0.7500,53.1481,53.1548,53.1419,0.0128
A4-DC,cell_ss50,eta_wall,E,0.6000,0.4500,0.7500,54.4088,54.4190,54.3995,0.0195
A4-DC,dl_cell,eta_wall,E,0.6000,0.4500,0.7500,55.1711,55.1825,55.1609,0.0217
A4-DC,dl_main,eta_wall,E,0.6000,0.4500,0.7500,55.2340,55.2485,55.2211,0.0275
A4-DC,tj_ss,eta_guard3,E,0.7500,0.6000,0.8500,122.6192,122.6192,122.6192,0.0000
A4-DC,tj_pk50,eta_guard3,E,0.7500,0.6000,0.8500,105.5318,105.5318,105.5318,0.0000
A4-DC,tj_300,eta_guard3,E,0.7500,0.6000,0.8500,106.4475,106.4475,106.4475,0.0000
A4-DC,tj_180,eta_guard3,E,0.7500,0.6000,0.8500,99.1277,99.1277,99.1277,0.0000
A4-DC,case_ss,eta_guard3,E,0.7500,0.6000,0.8500,98.1964,98.1964,98.1964,0.0000
A4-DC,dl_case,eta_guard3,E,0.7500,0.6000,0.8500,79.2896,79.2896,79.2896,0.0000
A4-DC,surf5,eta_guard3,E,0.7500,0.6000,0.8500,29.4110,29.4110,29.4110,0.0000
A4-DC,petg_ss,eta_guard3,E,0.7500,0.6000,0.8500,59.6076,59.6076,59.6076,0.0000
A4-DC,petg_ss50,eta_guard3,E,0.7500,0.6000,0.8500,55.6098,55.6098,55.6098,0.0000
A4-DC,dl_petg,eta_guard3,E,0.7500,0.6000,0.8500,56.4499,56.4499,56.4499,0.0000
A4-DC,fr4_ss,eta_guard3,E,0.7500,0.6000,0.8500,66.8868,66.8868,66.8868,0.0000
A4-DC,bay_ss,eta_guard3,E,0.7500,0.6000,0.8500,60.9506,60.9506,60.9506,0.0000
A4-DC,dl_bay,eta_guard3,E,0.7500,0.6000,0.8500,57.1735,57.1735,57.1735,0.0000
A4-DC,cell30,eta_guard3,E,0.7500,0.6000,0.8500,49.1562,49.1562,49.1562,0.0000
A4-DC,main30,eta_guard3,E,0.7500,0.6000,0.8500,53.1481,53.1481,53.1481,0.0000
A4-DC,cell_ss50,eta_guard3,E,0.7500,0.6000,0.8500,54.4088,54.4088,54.4088,0.0000
A4-DC,dl_cell,eta_guard3,E,0.7500,0.6000,0.8500,55.1711,55.1711,55.1711,0.0000
A4-DC,dl_main,eta_guard3,E,0.7500,0.6000,0.8500,55.2340,55.2340,55.2340,0.0000
A4-DC,tj_ss,phi3,E,0.5000,0.3500,0.6500,122.6192,122.6192,122.6192,0.0000
A4-DC,tj_pk50,phi3,E,0.5000,0.3500,0.6500,105.5318,105.5318,105.5318,0.0000
A4-DC,tj_300,phi3,E,0.5000,0.3500,0.6500,106.4475,106.4475,106.4475,0.0000
A4-DC,tj_180,phi3,E,0.5000,0.3500,0.6500,99.1277,99.1277,99.1277,0.0000
A4-DC,case_ss,phi3,E,0.5000,0.3500,0.6500,98.1964,98.1964,98.1964,0.0000
A4-DC,dl_case,phi3,E,0.5000,0.3500,0.6500,79.2896,79.2896,79.2896,0.0000
A4-DC,surf5,phi3,E,0.5000,0.3500,0.6500,29.4110,29.4110,29.4110,0.0000
A4-DC,petg_ss,phi3,E,0.5000,0.3500,0.6500,59.6076,59.6076,59.6076,0.0000
A4-DC,petg_ss50,phi3,E,0.5000,0.3500,0.6500,55.6098,55.6098,55.6098,0.0000
A4-DC,dl_petg,phi3,E,0.5000,0.3500,0.6500,56.4499,56.4499,56.4499,0.0000
A4-DC,fr4_ss,phi3,E,0.5000,0.3500,0.6500,66.8868,66.8868,66.8868,0.0000
A4-DC,bay_ss,phi3,E,0.5000,0.3500,0.6500,60.9506,60.9506,60.9506,0.0000
A4-DC,dl_bay,phi3,E,0.5000,0.3500,0.6500,57.1735,57.1735,57.1735,0.0000
A4-DC,cell30,phi3,E,0.5000,0.3500,0.6500,49.1562,49.1562,49.1562,0.0000
A4-DC,main30,phi3,E,0.5000,0.3500,0.6500,53.1481,53.1481,53.1481,0.0000
A4-DC,cell_ss50,phi3,E,0.5000,0.3500,0.6500,54.4088,54.4088,54.4088,0.0000
A4-DC,dl_cell,phi3,E,0.5000,0.3500,0.6500,55.1711,55.1711,55.1711,0.0000
A4-DC,dl_main,phi3,E,0.5000,0.3500,0.6500,55.2340,55.2340,55.2340,0.0000
A4-DC,tj_ss,eta_guard_dc,E,0.8500,0.7500,0.9200,122.6192,123.9600,121.7351,2.2250
A4-DC,tj_pk50,eta_guard_dc,E,0.8500,0.7500,0.9200,105.5318,106.3417,104.9988,1.3429
A4-DC,tj_300,eta_guard_dc,E,0.8500,0.7500,0.9200,106.4475,106.7587,106.2333,0.5254
A4-DC,tj_180,eta_guard_dc,E,0.8500,0.7500,0.9200,99.1277,99.2620,99.0346,0.2275
A4-DC,case_ss,eta_guard_dc,E,0.8500,0.7500,0.9200,98.1964,99.5373,97.3123,2.2250
A4-DC,dl_case,eta_guard_dc,E,0.8500,0.7500,0.9200,79.2896,80.2127,78.6818,1.5309
A4-DC,surf5,eta_guard_dc,E,0.8500,0.7500,0.9200,29.4110,29.4594,29.3777,0.0817
A4-DC,petg_ss,eta_guard_dc,E,0.8500,0.7500,0.9200,59.6076,59.6738,59.5641,0.1097
A4-DC,petg_ss50,eta_guard_dc,E,0.8500,0.7500,0.9200,55.6098,55.6512,55.5827,0.0686
A4-DC,dl_petg,eta_guard_dc,E,0.8500,0.7500,0.9200,56.4499,56.4968,56.4191,0.0777
A4-DC,fr4_ss,eta_guard_dc,E,0.8500,0.7500,0.9200,66.8868,67.3327,66.5935,0.7391
A4-DC,bay_ss,eta_guard_dc,E,0.8500,0.7500,0.9200,60.9506,61.0476,60.8869,0.1607
A4-DC,dl_bay,eta_guard_dc,E,0.8500,0.7500,0.9200,57.1735,57.2424,57.1282,0.1143
A4-DC,cell30,eta_guard_dc,E,0.8500,0.7500,0.9200,49.1562,49.1570,49.1557,0.0014
A4-DC,main30,eta_guard_dc,E,0.8500,0.7500,0.9200,53.1481,53.1525,53.1452,0.0073
A4-DC,cell_ss50,eta_guard_dc,E,0.8500,0.7500,0.9200,54.4088,54.4155,54.4045,0.0110
A4-DC,dl_cell,eta_guard_dc,E,0.8500,0.7500,0.9200,55.1711,55.1786,55.1662,0.0124
A4-DC,dl_main,eta_guard_dc,E,0.8500,0.7500,0.9200,55.2340,55.2435,55.2278,0.0157
A4-DC,tj_ss,phi_dc,E,0.3500,0.2500,0.5000,122.6192,122.3468,123.0723,0.7255
A4-DC,tj_pk50,phi_dc,E,0.3500,0.2500,0.5000,105.5318,105.3552,105.8292,0.4739
A4-DC,tj_300,phi_dc,E,0.3500,0.2500,0.5000,106.4475,106.4140,106.5032,0.0892
A4-DC,tj_180,phi_dc,E,0.3500,0.2500,0.5000,99.1277,99.1178,99.1441,0.0263
A4-DC,case_ss,phi_dc,E,0.3500,0.2500,0.5000,98.1964,97.9241,98.6495,0.7255
A4-DC,dl_case,phi_dc,E,0.3500,0.2500,0.5000,79.2896,79.0917,79.6220,0.5302
A4-DC,surf5,phi_dc,E,0.3500,0.2500,0.5000,29.4110,29.0549,29.9470,0.8921
A4-DC,petg_ss,phi_dc,E,0.3500,0.2500,0.5000,59.6076,59.5942,60.4549,0.8608
A4-DC,petg_ss50,phi_dc,E,0.3500,0.2500,0.5000,55.6098,55.6008,55.6250,0.0242
A4-DC,dl_petg,phi_dc,E,0.3500,0.2500,0.5000,56.4499,56.4399,56.4668,0.0269
A4-DC,fr4_ss,phi_dc,E,0.3500,0.2500,0.5000,66.8868,66.7964,67.0374,0.2409
A4-DC,bay_ss,phi_dc,E,0.3500,0.2500,0.5000,60.9506,60.9310,60.9834,0.0524
A4-DC,dl_bay,phi_dc,E,0.3500,0.2500,0.5000,57.1735,57.1587,57.1983,0.0396
A4-DC,cell30,phi_dc,E,0.3500,0.2500,0.5000,49.1562,49.1561,49.1564,0.0004
A4-DC,main30,phi_dc,E,0.3500,0.2500,0.5000,53.1481,53.1473,53.1495,0.0023
A4-DC,cell_ss50,phi_dc,E,0.3500,0.2500,0.5000,54.4088,54.4074,54.4113,0.0039
A4-DC,dl_cell,phi_dc,E,0.3500,0.2500,0.5000,55.1711,55.1695,55.1738,0.0043
A4-DC,dl_main,phi_dc,E,0.3500,0.2500,0.5000,55.2340,55.2320,55.2375,0.0054
A4-DC,tj_ss,shield_rad,E,0.2500,0.1500,0.4000,122.6192,122.3796,123.0002,0.6206
A4-DC,tj_pk50,shield_rad,E,0.2500,0.1500,0.4000,105.5318,105.3794,105.7719,0.3925
A4-DC,tj_300,shield_rad,E,0.2500,0.1500,0.4000,106.4475,106.4235,106.4867,0.0632
A4-DC,tj_180,shield_rad,E,0.2500,0.1500,0.4000,99.1277,99.1200,99.1401,0.0201
A4-DC,case_ss,shield_rad,E,0.2500,0.1500,0.4000,98.1964,97.9569,98.5775,0.6206
A4-DC,dl_case,shield_rad,E,0.2500,0.1500,0.4000,79.2896,79.1190,79.5594,0.4405
A4-DC,surf5,shield_rad,E,0.2500,0.1500,0.4000,29.4110,29.4082,29.4157,0.0076
A4-DC,petg_ss,shield_rad,E,0.2500,0.1500,0.4000,59.6076,59.4681,59.8018,0.3337
A4-DC,petg_ss50,shield_rad,E,0.2500,0.1500,0.4000,55.6098,55.5403,55.7081,0.1679
A4-DC,dl_petg,shield_rad,E,0.2500,0.1500,0.4000,56.4499,56.3655,56.5688,0.2033
A4-DC,fr4_ss,shield_rad,E,0.2500,0.1500,0.4000,66.8868,65.9461,68.1936,2.2475
A4-DC,bay_ss,shield_rad,E,0.2500,0.1500,0.4000,60.9506,60.7463,61.2351,0.4889
A4-DC,dl_bay,shield_rad,E,0.2500,0.1500,0.4000,57.1735,57.0492,57.3482,0.2990
A4-DC,cell30,shield_rad,E,0.2500,0.1500,0.4000,49.1562,49.1533,49.1603,0.0069
A4-DC,main30,shield_rad,E,0.2500,0.1500,0.4000,53.1481,53.1367,53.1643,0.0276
A4-DC,cell_ss50,shield_rad,E,0.2500,0.1500,0.4000,54.4088,54.3977,54.4246,0.0269
A4-DC,dl_cell,shield_rad,E,0.2500,0.1500,0.4000,55.1711,55.1576,55.1901,0.0324
A4-DC,dl_main,shield_rad,E,0.2500,0.1500,0.4000,55.2340,55.2170,55.2581,0.0411
A4-DC,tj_ss,main_vent_area,E,0.0002,0.0000,0.0003,122.6192,122.6295,122.6149,0.0146
A4-DC,tj_pk50,main_vent_area,E,0.0002,0.0000,0.0003,105.5318,105.5411,105.5278,0.0133
A4-DC,tj_300,main_vent_area,E,0.0002,0.0000,0.0003,106.4475,106.4475,106.4475,0.0000
A4-DC,tj_180,main_vent_area,E,0.0002,0.0000,0.0003,99.1277,99.1277,99.1277,0.0000
A4-DC,case_ss,main_vent_area,E,0.0002,0.0000,0.0003,98.1964,98.2067,98.1922,0.0146
A4-DC,dl_case,main_vent_area,E,0.0002,0.0000,0.0003,79.2896,79.2991,79.2856,0.0135
A4-DC,surf5,main_vent_area,E,0.0002,0.0000,0.0003,29.4110,29.4110,29.4110,0.0000
A4-DC,petg_ss,main_vent_area,E,0.0002,0.0000,0.0003,59.6076,60.2020,59.3618,0.8403
A4-DC,petg_ss50,main_vent_area,E,0.0002,0.0000,0.0003,55.6098,56.0469,55.4261,0.6208
A4-DC,dl_petg,main_vent_area,E,0.0002,0.0000,0.0003,56.4499,56.9183,56.2538,0.6645
A4-DC,fr4_ss,main_vent_area,E,0.0002,0.0000,0.0003,66.8868,67.0411,66.8230,0.2181
A4-DC,bay_ss,main_vent_area,E,0.0002,0.0000,0.0003,60.9506,61.2020,60.8464,0.3556
A4-DC,dl_bay,main_vent_area,E,0.0002,0.0000,0.0003,57.1735,57.3824,57.0858,0.2966
A4-DC,cell30,main_vent_area,E,0.0002,0.0000,0.0003,49.1562,49.2896,49.0950,0.1946
A4-DC,main30,main_vent_area,E,0.0002,0.0000,0.0003,53.1481,53.6276,52.9331,0.6944
A4-DC,cell_ss50,main_vent_area,E,0.0002,0.0000,0.0003,54.4088,55.0703,54.1309,0.9394
A4-DC,dl_cell,main_vent_area,E,0.0002,0.0000,0.0003,55.1711,55.8860,54.8718,1.0142
A4-DC,dl_main,main_vent_area,E,0.0002,0.0000,0.0003,55.2340,56.1396,54.8547,1.2849
A4-DC,tj_ss,k_petg,E,0.2000,0.1800,0.2500,122.6192,122.6200,122.6177,0.0022
A4-DC,tj_pk50,k_petg,E,0.2000,0.1800,0.2500,105.5318,105.5325,105.5304,0.0021
A4-DC,tj_300,k_petg,E,0.2000,0.1800,0.2500,106.4475,106.4475,106.4475,0.0000
A4-DC,tj_180,k_petg,E,0.2000,0.1800,0.2500,99.1277,99.1277,99.1277,0.0000
A4-DC,case_ss,k_petg,E,0.2000,0.1800,0.2500,98.1964,98.1972,98.1950,0.0022
A4-DC,dl_case,k_petg,E,0.2000,0.1800,0.2500,79.2896,79.2904,79.2883,0.0021
A4-DC,surf5,k_petg,E,0.2000,0.1800,0.2500,29.4110,29.3888,29.4516,0.0627
A4-DC,petg_ss,k_petg,E,0.2000,0.1800,0.2500,59.6076,59.6429,59.5433,0.0996
A4-DC,petg_ss50,k_petg,E,0.2000,0.1800,0.2500,55.6098,55.6358,55.5626,0.0732
A4-DC,dl_petg,k_petg,E,0.2000,0.1800,0.2500,56.4499,56.4779,56.3991,0.0788
A4-DC,fr4_ss,k_petg,E,0.2000,0.1800,0.2500,66.8868,66.8987,66.8653,0.0333
A4-DC,bay_ss,k_petg,E,0.2000,0.1800,0.2500,60.9506,60.9699,60.9156,0.0544
A4-DC,dl_bay,k_petg,E,0.2000,0.1800,0.2500,57.1735,57.1898,57.1438,0.0460
A4-DC,cell30,k_petg,E,0.2000,0.1800,0.2500,49.1562,49.1635,49.1430,0.0205
A4-DC,main30,k_petg,E,0.2000,0.1800,0.2500,53.1481,53.1721,53.1048,0.0673
A4-DC,cell_ss50,k_petg,E,0.2000,0.1800,0.2500,54.4088,54.4394,54.3536,0.0859
A4-DC,dl_cell,k_petg,E,0.2000,0.1800,0.2500,55.1711,55.2033,55.1130,0.0903
A4-DC,dl_main,k_petg,E,0.2000,0.1800,0.2500,55.2340,55.2730,55.1636,0.1094
A4-DC,tj_ss,h_out_c,E,4.0000,3.0000,6.0000,122.6192,122.7220,122.4412,0.2809
A4-DC,tj_pk50,h_out_c,E,4.0000,3.0000,6.0000,105.5318,105.5980,105.4183,0.1797
A4-DC,tj_300,h_out_c,E,4.0000,3.0000,6.0000,106.4475,106.4519,106.4392,0.0127
A4-DC,tj_180,h_out_c,E,4.0000,3.0000,6.0000,99.1277,99.1285,99.1261,0.0024
A4-DC,case_ss,h_out_c,E,4.0000,3.0000,6.0000,98.1964,98.2993,98.0184,0.2809
A4-DC,dl_case,h_out_c,E,4.0000,3.0000,6.0000,79.2896,79.3638,79.1623,0.2015
A4-DC,surf5,h_out_c,E,4.0000,3.0000,6.0000,29.4110,29.5466,29.1574,0.3892
A4-DC,petg_ss,h_out_c,E,4.0000,3.0000,6.0000,59.6076,59.8648,59.1954,0.6693
A4-DC,petg_ss50,h_out_c,E,4.0000,3.0000,6.0000,55.6098,55.8199,55.2749,0.5451
A4-DC,dl_petg,h_out_c,E,4.0000,3.0000,6.0000,56.4499,56.6700,56.0986,0.5715
A4-DC,fr4_ss,h_out_c,E,4.0000,3.0000,6.0000,66.8868,67.0139,66.6767,0.3372
A4-DC,bay_ss,h_out_c,E,4.0000,3.0000,6.0000,60.9506,61.1126,60.6865,0.4261
A4-DC,dl_bay,h_out_c,E,4.0000,3.0000,6.0000,57.1735,57.3143,56.9451,0.3692
A4-DC,cell30,h_out_c,E,4.0000,3.0000,6.0000,49.1562,49.2298,49.0309,0.1988
A4-DC,main30,h_out_c,E,4.0000,3.0000,6.0000,53.1481,53.3270,52.8495,0.4775
A4-DC,cell_ss50,h_out_c,E,4.0000,3.0000,6.0000,54.4088,54.7688,53.8413,0.9275
A4-DC,dl_cell,h_out_c,E,4.0000,3.0000,6.0000,55.1711,55.5502,54.5727,0.9775
A4-DC,dl_main,h_out_c,E,4.0000,3.0000,6.0000,55.2340,55.5878,54.6753,0.9124
A4-DC,tj_ss,h_in_c,E,2.5000,1.5000,4.0000,122.6192,122.6526,122.5756,0.0770
A4-DC,tj_pk50,h_in_c,E,2.5000,1.5000,4.0000,105.5318,105.5524,105.5049,0.0475
A4-DC,tj_300,h_in_c,E,2.5000,1.5000,4.0000,106.4475,106.4457,106.4499,0.0043
A4-DC,tj_180,h_in_c,E,2.5000,1.5000,4.0000,99.1277,99.1267,99.1290,0.0023
A4-DC,case_ss,h_in_c,E,2.5000,1.5000,4.0000,98.1964,98.2299,98.1529,0.0770
A4-DC,dl_case,h_in_c,E,2.5000,1.5000,4.0000,79.2896,79.3132,79.2589,0.0543
A4-DC,surf5,h_in_c,E,2.5000,1.5000,4.0000,29.4110,29.4108,29.4114,0.0006
A4-DC,petg_ss,h_in_c,E,2.5000,1.5000,4.0000,59.6076,59.8875,59.2828,0.6047
A4-DC,petg_ss50,h_in_c,E,2.5000,1.5000,4.0000,55.6098,55.8718,55.3035,0.5683
A4-DC,dl_petg,h_in_c,E,2.5000,1.5000,4.0000,56.4499,56.7152,56.1403,0.5749
A4-DC,fr4_ss,h_in_c,E,2.5000,1.5000,4.0000,66.8868,67.3875,66.2356,1.1519
A4-DC,bay_ss,h_in_c,E,2.5000,1.5000,4.0000,60.9506,61.1314,60.7203,0.4111
A4-DC,dl_bay,h_in_c,E,2.5000,1.5000,4.0000,57.1735,57.3448,56.9575,0.3874
A4-DC,cell30,h_in_c,E,2.5000,1.5000,4.0000,49.1562,49.2348,49.0610,0.1738
A4-DC,main30,h_in_c,E,2.5000,1.5000,4.0000,53.1481,53.4999,52.7264,0.7734
A4-DC,cell_ss50,h_in_c,E,2.5000,1.5000,4.0000,54.4088,54.6561,54.1158,0.5403
A4-DC,dl_cell,h_in_c,E,2.5000,1.5000,4.0000,55.1711,55.4274,54.8670,0.5604
A4-DC,dl_main,h_in_c,E,2.5000,1.5000,4.0000,55.2340,55.7041,54.6755,1.0286
A4-DC,tj_ss,g_leads,E,0.0150,0.0080,0.0300,122.6192,122.6284,122.6040,0.0244
A4-DC,tj_pk50,g_leads,E,0.0150,0.0080,0.0300,105.5318,105.5366,105.5240,0.0127
A4-DC,tj_300,g_leads,E,0.0150,0.0080,0.0300,106.4475,106.4478,106.4470,0.0009
A4-DC,tj_180,g_leads,E,0.0150,0.0080,0.0300,99.1277,99.1277,99.1276,0.0002
A4-DC,case_ss,g_leads,E,0.0150,0.0080,0.0300,98.1964,98.2057,98.1812,0.0244
A4-DC,dl_case,g_leads,E,0.0150,0.0080,0.0300,79.2896,79.2956,79.2799,0.0157
A4-DC,surf5,g_leads,E,0.0150,0.0080,0.0300,29.4110,29.4111,29.4110,0.0001
A4-DC,petg_ss,g_leads,E,0.0150,0.0080,0.0300,59.6076,59.7022,59.4512,0.2510
A4-DC,petg_ss50,g_leads,E,0.0150,0.0080,0.0300,55.6098,55.6545,55.5378,0.1167
A4-DC,dl_petg,g_leads,E,0.0150,0.0080,0.0300,56.4499,56.5069,56.3573,0.1496
A4-DC,fr4_ss,g_leads,E,0.0150,0.0080,0.0300,66.8868,67.0248,66.6596,0.3652
A4-DC,bay_ss,g_leads,E,0.0150,0.0080,0.0300,60.9506,61.1755,60.5798,0.5957
A4-DC,dl_bay,g_leads,E,0.0150,0.0080,0.0300,57.1735,57.3054,56.9596,0.3458
A4-DC,cell30,g_leads,E,0.0150,0.0080,0.0300,49.1562,49.1369,49.1894,0.0525
A4-DC,main30,g_leads,E,0.0150,0.0080,0.0300,53.1481,53.0818,53.2578,0.1760
A4-DC,cell_ss50,g_leads,E,0.0150,0.0080,0.0300,54.4088,54.3673,54.4755,0.1081
A4-DC,dl_cell,g_leads,E,0.0150,0.0080,0.0300,55.1711,55.1161,55.2598,0.1437
A4-DC,dl_main,g_leads,E,0.0150,0.0080,0.0300,55.2340,55.1643,55.3464,0.1821
A4-DC,tj_ss,g_cell_main,E,0.0300,0.0200,0.0450,122.6192,122.6190,122.6193,0.0002
A4-DC,tj_pk50,g_cell_main,E,0.0300,0.0200,0.0450,105.5318,105.5318,105.5317,0.0001
A4-DC,tj_300,g_cell_main,E,0.0300,0.0200,0.0450,106.4475,106.4475,106.4475,0.0000
A4-DC,tj_180,g_cell_main,E,0.0300,0.0200,0.0450,99.1277,99.1277,99.1277,0.0000
A4-DC,case_ss,g_cell_main,E,0.0300,0.0200,0.0450,98.1964,98.1963,98.1965,0.0002
A4-DC,dl_case,g_cell_main,E,0.0300,0.0200,0.0450,79.2896,79.2896,79.2896,0.0000
A4-DC,surf5,g_cell_main,E,0.0300,0.0200,0.0450,29.4110,29.4110,29.4110,0.0000
A4-DC,petg_ss,g_cell_main,E,0.0300,0.0200,0.0450,59.6076,59.6007,59.6138,0.0131
A4-DC,petg_ss50,g_cell_main,E,0.0300,0.0200,0.0450,55.6098,55.6123,55.6076,0.0047
A4-DC,dl_petg,g_cell_main,E,0.0300,0.0200,0.0450,56.4499,56.4505,56.4494,0.0010
A4-DC,fr4_ss,g_cell_main,E,0.0300,0.0200,0.0450,66.8868,66.8851,66.8885,0.0034
A4-DC,bay_ss,g_cell_main,E,0.0300,0.0200,0.0450,60.9506,60.9477,60.9533,0.0055
A4-DC,dl_bay,g_cell_main,E,0.0300,0.0200,0.0450,57.1735,57.1737,57.1733,0.0005
A4-DC,cell30,g_cell_main,E,0.0300,0.0200,0.0450,49.1562,48.6594,49.7351,1.0757
A4-DC,main30,g_cell_main,E,0.0300,0.0200,0.0450,53.1481,53.3163,52.9695,0.3468
A4-DC,cell_ss50,g_cell_main,E,0.0300,0.0200,0.0450,54.4088,54.3396,54.4718,0.1322
A4-DC,dl_cell,g_cell_main,E,0.0300,0.0200,0.0450,55.1711,55.1558,55.1850,0.0292
A4-DC,dl_main,g_cell_main,E,0.0300,0.0200,0.0450,55.2340,55.2351,55.2331,0.0020
A4-DC,tj_ss,g_cell_wall,E,0.0200,0.0100,0.0300,122.6192,122.6207,122.6182,0.0026
A4-DC,tj_pk50,g_cell_wall,E,0.0200,0.0100,0.0300,105.5318,105.5331,105.5309,0.0022
A4-DC,tj_300,g_cell_wall,E,0.0200,0.0100,0.0300,106.4475,106.4475,106.4475,0.0000
A4-DC,tj_180,g_cell_wall,E,0.0200,0.0100,0.0300,99.1277,99.1277,99.1277,0.0000
A4-DC,case_ss,g_cell_wall,E,0.0200,0.0100,0.0300,98.1964,98.1980,98.1954,0.0026
A4-DC,dl_case,g_cell_wall,E,0.0200,0.0100,0.0300,79.2896,79.2910,79.2887,0.0023
A4-DC,surf5,g_cell_wall,E,0.0200,0.0100,0.0300,29.4110,29.4110,29.4110,0.0000
A4-DC,petg_ss,g_cell_wall,E,0.0200,0.0100,0.0300,59.6076,59.6970,59.5495,0.1476
A4-DC,petg_ss50,g_cell_wall,E,0.0200,0.0100,0.0300,55.6098,55.6733,55.5687,0.1046
A4-DC,dl_petg,g_cell_wall,E,0.0200,0.0100,0.0300,56.4499,56.5188,56.4052,0.1136
A4-DC,fr4_ss,g_cell_wall,E,0.0200,0.0100,0.0300,66.8868,66.9101,66.8717,0.0383
A4-DC,bay_ss,g_cell_wall,E,0.0200,0.0100,0.0300,60.9506,60.9885,60.9260,0.0625
A4-DC,dl_bay,g_cell_wall,E,0.0200,0.0100,0.0300,57.1735,57.2042,57.1535,0.0507
A4-DC,cell30,g_cell_wall,E,0.0200,0.0100,0.0300,49.1562,49.1230,49.1799,0.0568
A4-DC,main30,g_cell_wall,E,0.0200,0.0100,0.0300,53.1481,53.1433,53.1535,0.0102
A4-DC,cell_ss50,g_cell_wall,E,0.0200,0.0100,0.0300,54.4088,55.7038,53.5695,2.1343
A4-DC,dl_cell,g_cell_wall,E,0.0200,0.0100,0.0300,55.1711,56.5977,54.2463,2.3514
A4-DC,dl_main,g_cell_wall,E,0.0200,0.0100,0.0300,55.2340,55.3672,55.1476,0.2196
A4-DC,tj_ss,vent_area,E,0.0004,0.0000,0.0005,122.6192,122.6192,122.6192,0.0000
A4-DC,tj_pk50,vent_area,E,0.0004,0.0000,0.0005,105.5318,105.5318,105.5318,0.0000
A4-DC,tj_300,vent_area,E,0.0004,0.0000,0.0005,106.4475,106.4475,106.4475,0.0000
A4-DC,tj_180,vent_area,E,0.0004,0.0000,0.0005,99.1277,99.1277,99.1277,0.0000
A4-DC,case_ss,vent_area,E,0.0004,0.0000,0.0005,98.1964,98.1964,98.1964,0.0000
A4-DC,dl_case,vent_area,E,0.0004,0.0000,0.0005,79.2896,79.2896,79.2896,0.0000
A4-DC,surf5,vent_area,E,0.0004,0.0000,0.0005,29.4110,29.4110,29.4110,0.0000
A4-DC,petg_ss,vent_area,E,0.0004,0.0000,0.0005,59.6076,59.6076,59.6076,0.0000
A4-DC,petg_ss50,vent_area,E,0.0004,0.0000,0.0005,55.6098,55.6098,55.6098,0.0000
A4-DC,dl_petg,vent_area,E,0.0004,0.0000,0.0005,56.4499,56.4499,56.4499,0.0000
A4-DC,fr4_ss,vent_area,E,0.0004,0.0000,0.0005,66.8868,66.8868,66.8868,0.0000
A4-DC,bay_ss,vent_area,E,0.0004,0.0000,0.0005,60.9506,60.9506,60.9506,0.0000
A4-DC,dl_bay,vent_area,E,0.0004,0.0000,0.0005,57.1735,57.1735,57.1735,0.0000
A4-DC,cell30,vent_area,E,0.0004,0.0000,0.0005,49.1562,49.1562,49.1562,0.0000
A4-DC,main30,vent_area,E,0.0004,0.0000,0.0005,53.1481,53.1481,53.1481,0.0000
A4-DC,cell_ss50,vent_area,E,0.0004,0.0000,0.0005,54.4088,54.4088,54.4088,0.0000
A4-DC,dl_cell,vent_area,E,0.0004,0.0000,0.0005,55.1711,55.1711,55.1711,0.0000
A4-DC,dl_main,vent_area,E,0.0004,0.0000,0.0005,55.2340,55.2340,55.2340,0.0000
A4-DC,tj_ss,vent_area_dc,E,0.0005,0.0003,0.0006,122.6192,122.8066,122.5711,0.2355
A4-DC,tj_pk50,vent_area_dc,E,0.0005,0.0003,0.0006,105.5318,105.6697,105.4953,0.1744
A4-DC,tj_300,vent_area_dc,E,0.0005,0.0003,0.0006,106.4475,106.4491,106.4469,0.0021
A4-DC,tj_180,vent_area_dc,E,0.0005,0.0003,0.0006,99.1277,99.1279,99.1276,0.0004
A4-DC,case_ss,vent_area_dc,E,0.0005,0.0003,0.0006,98.1964,98.3838,98.1484,0.2355
A4-DC,dl_case,vent_area_dc,E,0.0005,0.0003,0.0006,79.2896,79.4379,79.2507,0.1871
A4-DC,surf5,vent_area_dc,E,0.0005,0.0003,0.0006,29.4110,29.4111,29.4110,0.0001
A4-DC,petg_ss,vent_area_dc,E,0.0005,0.0003,0.0006,59.6076,62.7174,58.8260,3.8914
A4-DC,petg_ss50,vent_area_dc,E,0.0005,0.0003,0.0006,55.6098,57.5924,55.0843,2.5081
A4-DC,dl_petg,vent_area_dc,E,0.0005,0.0003,0.0006,56.4499,58.6644,55.8670,2.7974
A4-DC,fr4_ss,vent_area_dc,E,0.0005,0.0003,0.0006,66.8868,69.6912,66.1678,3.5235
A4-DC,bay_ss,vent_area_dc,E,0.0005,0.0003,0.0006,60.9506,65.4852,59.7752,5.7099
A4-DC,dl_bay,vent_area_dc,E,0.0005,0.0003,0.0006,57.1735,60.4194,56.3153,4.1042
A4-DC,cell30,vent_area_dc,E,0.0005,0.0003,0.0006,49.1562,49.2017,49.1418,0.0600
A4-DC,main30,vent_area_dc,E,0.0005,0.0003,0.0006,53.1481,53.3565,53.0856,0.2709
A4-DC,cell_ss50,vent_area_dc,E,0.0005,0.0003,0.0006,54.4088,54.7259,54.3246,0.4014
A4-DC,dl_cell,vent_area_dc,E,0.0005,0.0003,0.0006,55.1711,55.5237,55.0780,0.4457
A4-DC,dl_main,vent_area_dc,E,0.0005,0.0003,0.0006,55.2340,55.6808,55.1161,0.5647
A4-DC,tj_ss,relay_hold,E,0.4000,0.3000,1.0000,122.6192,122.5984,122.7403,0.1419
A4-DC,tj_pk50,relay_hold,E,0.4000,0.3000,1.0000,105.5318,105.5049,105.6859,0.1810
A4-DC,tj_300,relay_hold,E,0.4000,0.3000,1.0000,106.4475,106.4446,106.4653,0.0207
A4-DC,tj_180,relay_hold,E,0.4000,0.3000,1.0000,99.1277,99.1267,99.1337,0.0071
A4-DC,case_ss,relay_hold,E,0.4000,0.3000,1.0000,98.1964,98.1757,98.3176,0.1419
A4-DC,dl_case,relay_hold,E,0.4000,0.3000,1.0000,79.2896,79.2644,79.4349,0.1704
A4-DC,surf5,relay_hold,E,0.4000,0.3000,1.0000,29.4110,29.4108,29.4126,0.0018
A4-DC,petg_ss,relay_hold,E,0.4000,0.3000,1.0000,59.6076,59.1999,61.9823,2.7824
A4-DC,petg_ss50,relay_hold,E,0.4000,0.3000,1.0000,55.6098,55.1583,58.2049,3.0466
A4-DC,dl_petg,relay_hold,E,0.4000,0.3000,1.0000,56.4499,56.0093,58.9920,2.9827
A4-DC,fr4_ss,relay_hold,E,0.4000,0.3000,1.0000,66.8868,66.5760,68.6996,2.1236
A4-DC,bay_ss,relay_hold,E,0.4000,0.3000,1.0000,60.9506,60.4432,63.8906,3.4474
A4-DC,dl_bay,relay_hold,E,0.4000,0.3000,1.0000,57.1735,56.6183,60.3545,3.7363
A4-DC,cell30,relay_hold,E,0.4000,0.3000,1.0000,49.1562,49.0724,49.6516,0.5791
A4-DC,main30,relay_hold,E,0.4000,0.3000,1.0000,53.1481,52.9255,54.4572,1.5318
A4-DC,cell_ss50,relay_hold,E,0.4000,0.3000,1.0000,54.4088,54.2117,55.5656,1.3540
A4-DC,dl_cell,relay_hold,E,0.4000,0.3000,1.0000,55.1711,54.9765,56.3145,1.3380
A4-DC,dl_main,relay_hold,E,0.4000,0.3000,1.0000,55.2340,54.9875,56.6821,1.6947
A4-DC,tj_ss,k_fr4,E,0.3000,0.2500,0.3500,122.6192,122.6202,122.6184,0.0018
A4-DC,tj_pk50,k_fr4,E,0.3000,0.2500,0.3500,105.5318,105.5322,105.5314,0.0008
A4-DC,tj_300,k_fr4,E,0.3000,0.2500,0.3500,106.4475,106.4474,106.4476,0.0001
A4-DC,tj_180,k_fr4,E,0.3000,0.2500,0.3500,99.1277,99.1276,99.1277,0.0001
A4-DC,case_ss,k_fr4,E,0.3000,0.2500,0.3500,98.1964,98.1975,98.1957,0.0018
A4-DC,dl_case,k_fr4,E,0.3000,0.2500,0.3500,79.2896,79.2902,79.2892,0.0010
A4-DC,surf5,k_fr4,E,0.3000,0.2500,0.3500,29.4110,29.4110,29.4110,0.0000
A4-DC,petg_ss,k_fr4,E,0.3000,0.2500,0.3500,59.6076,59.6058,59.6088,0.0030
A4-DC,petg_ss50,k_fr4,E,0.3000,0.2500,0.3500,55.6098,55.6091,55.6104,0.0013
A4-DC,dl_petg,k_fr4,E,0.3000,0.2500,0.3500,56.4499,56.4490,56.4506,0.0016
A4-DC,fr4_ss,k_fr4,E,0.3000,0.2500,0.3500,66.8868,66.9481,66.8430,0.1051
A4-DC,bay_ss,k_fr4,E,0.3000,0.2500,0.3500,60.9506,60.9481,60.9524,0.0044
A4-DC,dl_bay,k_fr4,E,0.3000,0.2500,0.3500,57.1735,57.1721,57.1745,0.0024
A4-DC,cell30,k_fr4,E,0.3000,0.2500,0.3500,49.1562,49.1562,49.1562,0.0000
A4-DC,main30,k_fr4,E,0.3000,0.2500,0.3500,53.1481,53.1480,53.1482,0.0002
A4-DC,cell_ss50,k_fr4,E,0.3000,0.2500,0.3500,54.4088,54.4087,54.4089,0.0002
A4-DC,dl_cell,k_fr4,E,0.3000,0.2500,0.3500,55.1711,55.1709,55.1712,0.0003
A4-DC,dl_main,k_fr4,E,0.3000,0.2500,0.3500,55.2340,55.2339,55.2342,0.0003
A4-DC,tj_ss,p_lm2940,DD,0.9000,0.6000,1.0000,122.6192,122.6035,122.6243,0.0208
A4-DC,tj_pk50,p_lm2940,DD,0.9000,0.6000,1.0000,105.5318,105.5111,105.5385,0.0274
A4-DC,tj_300,p_lm2940,DD,0.9000,0.6000,1.0000,106.4475,106.4472,106.4476,0.0005
A4-DC,tj_180,p_lm2940,DD,0.9000,0.6000,1.0000,99.1277,99.1276,99.1277,0.0001
A4-DC,case_ss,p_lm2940,DD,0.9000,0.6000,1.0000,98.1964,98.1808,98.2016,0.0208
A4-DC,dl_case,p_lm2940,DD,0.9000,0.6000,1.0000,79.2896,79.2703,79.2960,0.0256
A4-DC,surf5,p_lm2940,DD,0.9000,0.6000,1.0000,29.4110,29.4110,29.4110,0.0000
A4-DC,petg_ss,p_lm2940,DD,0.9000,0.6000,1.0000,59.6076,58.8373,59.9045,1.0672
A4-DC,petg_ss50,p_lm2940,DD,0.9000,0.6000,1.0000,55.6098,54.6466,55.9265,1.2800
A4-DC,dl_petg,p_lm2940,DD,0.9000,0.6000,1.0000,56.4499,55.5014,56.7620,1.2607
A4-DC,fr4_ss,p_lm2940,DD,0.9000,0.6000,1.0000,66.8868,66.6524,66.9639,0.3115
A4-DC,bay_ss,p_lm2940,DD,0.9000,0.6000,1.0000,60.9506,60.5681,61.0763,0.5083
A4-DC,dl_bay,p_lm2940,DD,0.9000,0.6000,1.0000,57.1735,56.7482,57.3127,0.5645
A4-DC,cell30,p_lm2940,DD,0.9000,0.6000,1.0000,49.1562,48.5056,49.3716,0.8660
A4-DC,main30,p_lm2940,DD,0.9000,0.6000,1.0000,53.1481,51.4976,53.6926,2.1950
A4-DC,cell_ss50,p_lm2940,DD,0.9000,0.6000,1.0000,54.4088,52.9529,54.8881,1.9352
A4-DC,dl_cell,p_lm2940,DD,0.9000,0.6000,1.0000,55.1711,53.7245,55.6474,1.9230
A4-DC,dl_main,p_lm2940,DD,0.9000,0.6000,1.0000,55.2340,53.3997,55.8375,2.4378
A4-DC,tj_ss,p_pico,E,0.2000,0.1500,0.3000,122.6192,122.6166,122.6243,0.0077
A4-DC,tj_pk50,p_pico,E,0.2000,0.1500,0.3000,105.5318,105.5284,105.5385,0.0102
A4-DC,tj_300,p_pico,E,0.2000,0.1500,0.3000,106.4475,106.4475,106.4476,0.0002
A4-DC,tj_180,p_pico,E,0.2000,0.1500,0.3000,99.1277,99.1277,99.1277,0.0000
A4-DC,case_ss,p_pico,E,0.2000,0.1500,0.3000,98.1964,98.1938,98.2016,0.0077
A4-DC,dl_case,p_pico,E,0.2000,0.1500,0.3000,79.2896,79.2864,79.2960,0.0095
A4-DC,surf5,p_pico,E,0.2000,0.1500,0.3000,29.4110,29.4110,29.4110,0.0000
A4-DC,petg_ss,p_pico,E,0.2000,0.1500,0.3000,59.6076,59.4585,59.9045,0.4460
A4-DC,petg_ss50,p_pico,E,0.2000,0.1500,0.3000,55.6098,55.4507,55.9265,0.4759
A4-DC,dl_petg,p_pico,E,0.2000,0.1500,0.3000,56.4499,56.2932,56.7620,0.4689
A4-DC,fr4_ss,p_pico,E,0.2000,0.1500,0.3000,66.8868,66.8481,66.9639,0.1158
A4-DC,bay_ss,p_pico,E,0.2000,0.1500,0.3000,60.9506,60.8875,61.0763,0.1888
A4-DC,dl_bay,p_pico,E,0.2000,0.1500,0.3000,57.1735,57.1034,57.3127,0.2093
A4-DC,cell30,p_pico,E,0.2000,0.1500,0.3000,49.1562,49.0483,49.3716,0.3233
A4-DC,main30,p_pico,E,0.2000,0.1500,0.3000,53.1481,52.8749,53.6926,0.8178
A4-DC,cell_ss50,p_pico,E,0.2000,0.1500,0.3000,54.4088,54.1681,54.8881,0.7199
A4-DC,dl_cell,p_pico,E,0.2000,0.1500,0.3000,55.1711,54.9319,55.6474,0.7156
A4-DC,dl_main,p_pico,E,0.2000,0.1500,0.3000,55.2340,54.9309,55.8375,0.9066
A4-DC,tj_ss,c_cell,E,92.0000,85.0000,100.0000,122.6192,122.6192,122.6192,0.0000
A4-DC,tj_pk50,c_cell,E,92.0000,85.0000,100.0000,105.5318,105.5318,105.5318,0.0000
A4-DC,tj_300,c_cell,E,92.0000,85.0000,100.0000,106.4475,106.4475,106.4475,0.0000
A4-DC,tj_180,c_cell,E,92.0000,85.0000,100.0000,99.1277,99.1277,99.1277,0.0000
A4-DC,case_ss,c_cell,E,92.0000,85.0000,100.0000,98.1964,98.1964,98.1964,0.0000
A4-DC,dl_case,c_cell,E,92.0000,85.0000,100.0000,79.2896,79.2896,79.2896,0.0000
A4-DC,surf5,c_cell,E,92.0000,85.0000,100.0000,29.4110,29.4110,29.4110,0.0000
A4-DC,petg_ss,c_cell,E,92.0000,85.0000,100.0000,59.6076,59.6076,59.6076,0.0000
A4-DC,petg_ss50,c_cell,E,92.0000,85.0000,100.0000,55.6098,55.6098,55.6098,0.0000
A4-DC,dl_petg,c_cell,E,92.0000,85.0000,100.0000,56.4499,56.4499,56.4499,0.0000
A4-DC,fr4_ss,c_cell,E,92.0000,85.0000,100.0000,66.8868,66.8868,66.8868,0.0000
A4-DC,bay_ss,c_cell,E,92.0000,85.0000,100.0000,60.9506,60.9506,60.9506,0.0000
A4-DC,dl_bay,c_cell,E,92.0000,85.0000,100.0000,57.1735,57.1735,57.1735,0.0000
A4-DC,cell30,c_cell,E,92.0000,85.0000,100.0000,49.1562,49.3814,48.9244,0.4570
A4-DC,main30,c_cell,E,92.0000,85.0000,100.0000,53.1481,53.1848,53.1108,0.0740
A4-DC,cell_ss50,c_cell,E,92.0000,85.0000,100.0000,54.4088,54.4088,54.4088,0.0000
A4-DC,dl_cell,c_cell,E,92.0000,85.0000,100.0000,55.1711,55.1711,55.1711,0.0000
A4-DC,dl_main,c_cell,E,92.0000,85.0000,100.0000,55.2340,55.2340,55.2340,0.0000
A4-DC,tj_ss,a_guard_end,DD,0.0029,0.0027,0.0032,122.6192,122.6357,122.6038,0.0319
A4-DC,tj_pk50,a_guard_end,DD,0.0029,0.0027,0.0032,105.5318,105.5406,105.5236,0.0170
A4-DC,tj_300,a_guard_end,DD,0.0029,0.0027,0.0032,106.4475,106.4502,106.4451,0.0051
A4-DC,tj_180,a_guard_end,DD,0.0029,0.0027,0.0032,99.1277,99.1285,99.1269,0.0016
A4-DC,case_ss,a_guard_end,DD,0.0029,0.0027,0.0032,98.1964,98.2130,98.1810,0.0319
A4-DC,dl_case,a_guard_end,DD,0.0029,0.0027,0.0032,79.2896,79.3000,79.2800,0.0200
A4-DC,surf5,a_guard_end,DD,0.0029,0.0027,0.0032,29.4110,29.5037,29.3237,0.1800
A4-DC,petg_ss,a_guard_end,DD,0.0029,0.0027,0.0032,59.6076,59.6084,59.6068,0.0016
A4-DC,petg_ss50,a_guard_end,DD,0.0029,0.0027,0.0032,55.6098,55.6103,55.6094,0.0009
A4-DC,dl_petg,a_guard_end,DD,0.0029,0.0027,0.0032,56.4499,56.4505,56.4495,0.0010
A4-DC,fr4_ss,a_guard_end,DD,0.0029,0.0027,0.0032,66.8868,66.8923,66.8817,0.0106
A4-DC,bay_ss,a_guard_end,DD,0.0029,0.0027,0.0032,60.9506,60.9518,60.9495,0.0023
A4-DC,dl_bay,a_guard_end,DD,0.0029,0.0027,0.0032,57.1735,57.1743,57.1728,0.0015
A4-DC,cell30,a_guard_end,DD,0.0029,0.0027,0.0032,49.1562,49.1562,49.1562,0.0000
A4-DC,main30,a_guard_end,DD,0.0029,0.0027,0.0032,53.1481,53.1482,53.1481,0.0001
A4-DC,cell_ss50,a_guard_end,DD,0.0029,0.0027,0.0032,54.4088,54.4089,54.4088,0.0001
A4-DC,dl_cell,a_guard_end,DD,0.0029,0.0027,0.0032,55.1711,55.1712,55.1710,0.0002
A4-DC,dl_main,a_guard_end,DD,0.0029,0.0027,0.0032,55.2340,55.2342,55.2340,0.0002
A4-DC,tj_ss,a_guard_side,DD,0.0057,0.0051,0.0063,122.6192,122.6528,122.5899,0.0629
A4-DC,tj_pk50,a_guard_side,DD,0.0057,0.0051,0.0063,105.5318,105.5498,105.5163,0.0335
A4-DC,tj_300,a_guard_side,DD,0.0057,0.0051,0.0063,106.4475,106.4530,106.4429,0.0101
A4-DC,tj_180,a_guard_side,DD,0.0057,0.0051,0.0063,99.1277,99.1294,99.1262,0.0032
A4-DC,case_ss,a_guard_side,DD,0.0057,0.0051,0.0063,98.1964,98.2300,98.1671,0.0629
A4-DC,dl_case,a_guard_side,DD,0.0057,0.0051,0.0063,79.2896,79.3108,79.2714,0.0394
A4-DC,surf5,a_guard_side,DD,0.0057,0.0051,0.0063,29.4110,29.5988,29.2440,0.3548
A4-DC,petg_ss,a_guard_side,DD,0.0057,0.0051,0.0063,59.6076,59.6092,59.6061,0.0031
A4-DC,petg_ss50,a_guard_side,DD,0.0057,0.0051,0.0063,55.6098,55.6108,55.6091,0.0017
A4-DC,dl_petg,a_guard_side,DD,0.0057,0.0051,0.0063,56.4499,56.4510,56.4490,0.0020
A4-DC,fr4_ss,a_guard_side,DD,0.0057,0.0051,0.0063,66.8868,66.8980,66.8771,0.0209
A4-DC,bay_ss,a_guard_side,DD,0.0057,0.0051,0.0063,60.9506,60.9531,60.9485,0.0045
A4-DC,dl_bay,a_guard_side,DD,0.0057,0.0051,0.0063,57.1735,57.1751,57.1721,0.0029
A4-DC,cell30,a_guard_side,DD,0.0057,0.0051,0.0063,49.1562,49.1562,49.1562,0.0000
A4-DC,main30,a_guard_side,DD,0.0057,0.0051,0.0063,53.1481,53.1482,53.1481,0.0002
A4-DC,cell_ss50,a_guard_side,DD,0.0057,0.0051,0.0063,54.4088,54.4090,54.4087,0.0003
A4-DC,dl_cell,a_guard_side,DD,0.0057,0.0051,0.0063,55.1711,55.1713,55.1709,0.0003
A4-DC,dl_main,a_guard_side,DD,0.0057,0.0051,0.0063,55.2340,55.2343,55.2339,0.0004
A4-DC,tj_ss,guard_solid,E,0.5000,0.4000,0.6500,122.6192,122.7374,122.5128,0.2246
A4-DC,tj_pk50,guard_solid,E,0.5000,0.4000,0.6500,105.5318,105.5961,105.4770,0.1191
A4-DC,tj_300,guard_solid,E,0.5000,0.4000,0.6500,106.4475,106.4670,106.4308,0.0362
A4-DC,tj_180,guard_solid,E,0.5000,0.4000,0.6500,99.1277,99.1338,99.1224,0.0114
A4-DC,case_ss,guard_solid,E,0.5000,0.4000,0.6500,98.1964,98.3147,98.0901,0.2246
A4-DC,dl_case,guard_solid,E,0.5000,0.4000,0.6500,79.2896,79.3649,79.2247,0.1402
A4-DC,surf5,guard_solid,E,0.5000,0.4000,0.6500,29.4110,30.0613,28.7765,1.2848
A4-DC,petg_ss,guard_solid,E,0.5000,0.4000,0.6500,59.6076,60.5037,59.6023,0.9014
A4-DC,petg_ss50,guard_solid,E,0.5000,0.4000,0.6500,55.6098,55.6131,55.6071,0.0061
A4-DC,dl_petg,guard_solid,E,0.5000,0.4000,0.6500,56.4499,56.4538,56.4466,0.0071
A4-DC,fr4_ss,guard_solid,E,0.5000,0.4000,0.6500,66.8868,66.9261,66.8515,0.0746
A4-DC,bay_ss,guard_solid,E,0.5000,0.4000,0.6500,60.9506,60.9592,60.9430,0.0162
A4-DC,dl_bay,guard_solid,E,0.5000,0.4000,0.6500,57.1735,57.1791,57.1686,0.0105
A4-DC,cell30,guard_solid,E,0.5000,0.4000,0.6500,49.1562,49.1563,49.1562,0.0001
A4-DC,main30,guard_solid,E,0.5000,0.4000,0.6500,53.1481,53.1485,53.1478,0.0007
A4-DC,cell_ss50,guard_solid,E,0.5000,0.4000,0.6500,54.4088,54.4094,54.4084,0.0010
A4-DC,dl_cell,guard_solid,E,0.5000,0.4000,0.6500,55.1711,55.1717,55.1706,0.0011
A4-DC,dl_main,guard_solid,E,0.5000,0.4000,0.6500,55.2340,55.2348,55.2334,0.0014
A4-DC,tj_ss,v_g,E,0.4500,0.3000,0.6000,122.6192,122.0881,123.2208,1.1327
A4-DC,tj_pk50,v_g,E,0.4500,0.3000,0.6000,105.5318,105.2236,105.8811,0.6576
A4-DC,tj_300,v_g,E,0.4500,0.3000,0.6000,106.4475,106.3844,106.5200,0.1355
A4-DC,tj_180,v_g,E,0.4500,0.3000,0.6000,99.1277,99.1090,99.1493,0.0404
A4-DC,case_ss,v_g,E,0.4500,0.3000,0.6000,98.1964,97.6654,98.7981,1.1327
A4-DC,dl_case,v_g,E,0.4500,0.3000,0.6000,79.2896,78.9352,79.6914,0.7562
A4-DC,surf5,v_g,E,0.4500,0.3000,0.6000,29.4110,28.7713,30.0211,1.2498
A4-DC,petg_ss,v_g,E,0.4500,0.3000,0.6000,59.6076,59.5814,60.5959,1.0145
A4-DC,petg_ss50,v_g,E,0.4500,0.3000,0.6000,55.6098,55.5941,55.6277,0.0335
A4-DC,dl_petg,v_g,E,0.4500,0.3000,0.6000,56.4499,56.4320,56.4703,0.0384
A4-DC,fr4_ss,v_g,E,0.4500,0.3000,0.6000,66.8868,66.7106,67.0867,0.3761
A4-DC,bay_ss,v_g,E,0.4500,0.3000,0.6000,60.9506,60.9123,60.9941,0.0818
A4-DC,dl_bay,v_g,E,0.4500,0.3000,0.6000,57.1735,57.1471,57.2035,0.0564
A4-DC,cell30,v_g,E,0.4500,0.3000,0.6000,49.1562,49.1560,49.1565,0.0005
A4-DC,main30,v_g,E,0.4500,0.3000,0.6000,53.1481,53.1466,53.1498,0.0032
A4-DC,cell_ss50,v_g,E,0.4500,0.3000,0.6000,54.4088,54.4063,54.4117,0.0054
A4-DC,dl_cell,v_g,E,0.4500,0.3000,0.6000,55.1711,55.1682,55.1744,0.0061
A4-DC,dl_main,v_g,E,0.4500,0.3000,0.6000,55.2340,55.2304,55.2382,0.0078
A4-DC,tj_ss,h_gc,E,5.0000,3.0000,8.0000,122.6192,122.4063,122.9424,0.5361
A4-DC,tj_pk50,h_gc,E,5.0000,3.0000,8.0000,105.5318,105.3878,105.7515,0.3637
A4-DC,tj_300,h_gc,E,5.0000,3.0000,8.0000,106.4475,106.4083,106.5105,0.1022
A4-DC,tj_180,h_gc,E,5.0000,3.0000,8.0000,99.1277,99.1154,99.1479,0.0325
A4-DC,case_ss,h_gc,E,5.0000,3.0000,8.0000,98.1964,97.9836,98.5197,0.5361
A4-DC,dl_case,h_gc,E,5.0000,3.0000,8.0000,79.2896,79.1298,79.5333,0.4035
A4-DC,surf5,h_gc,E,5.0000,3.0000,8.0000,29.4110,29.1188,29.7935,0.6747
A4-DC,petg_ss,h_gc,E,5.0000,3.0000,8.0000,59.6076,59.5971,59.6235,0.0264
A4-DC,petg_ss50,h_gc,E,5.0000,3.0000,8.0000,55.6098,55.6025,55.6211,0.0186
A4-DC,dl_petg,h_gc,E,5.0000,3.0000,8.0000,56.4499,56.4418,56.4623,0.0205
A4-DC,fr4_ss,h_gc,E,5.0000,3.0000,8.0000,66.8868,66.8162,66.9942,0.1780
A4-DC,bay_ss,h_gc,E,5.0000,3.0000,8.0000,60.9506,60.9353,60.9740,0.0387
A4-DC,dl_bay,h_gc,E,5.0000,3.0000,8.0000,57.1735,57.1616,57.1917,0.0301
A4-DC,cell30,h_gc,E,5.0000,3.0000,8.0000,49.1562,49.1561,49.1564,0.0004
A4-DC,main30,h_gc,E,5.0000,3.0000,8.0000,53.1481,53.1474,53.1493,0.0020
A4-DC,cell_ss50,h_gc,E,5.0000,3.0000,8.0000,54.4088,54.4077,54.4106,0.0030
A4-DC,dl_cell,h_gc,E,5.0000,3.0000,8.0000,55.1711,55.1698,55.1731,0.0033
A4-DC,dl_main,h_gc,E,5.0000,3.0000,8.0000,55.2340,55.2324,55.2365,0.0041
A4-DC,tj_ss,a_ef,DD,0.0028,0.0025,0.0031,122.6192,122.6192,122.6192,0.0000
A4-DC,tj_pk50,a_ef,DD,0.0028,0.0025,0.0031,105.5318,105.5318,105.5318,0.0000
A4-DC,tj_300,a_ef,DD,0.0028,0.0025,0.0031,106.4475,106.4475,106.4475,0.0000
A4-DC,tj_180,a_ef,DD,0.0028,0.0025,0.0031,99.1277,99.1277,99.1277,0.0000
A4-DC,case_ss,a_ef,DD,0.0028,0.0025,0.0031,98.1964,98.1964,98.1964,0.0000
A4-DC,dl_case,a_ef,DD,0.0028,0.0025,0.0031,79.2896,79.2896,79.2896,0.0000
A4-DC,surf5,a_ef,DD,0.0028,0.0025,0.0031,29.4110,29.4110,29.4110,0.0000
A4-DC,petg_ss,a_ef,DD,0.0028,0.0025,0.0031,59.6076,59.6076,59.6076,0.0000
A4-DC,petg_ss50,a_ef,DD,0.0028,0.0025,0.0031,55.6098,55.6098,55.6098,0.0000
A4-DC,dl_petg,a_ef,DD,0.0028,0.0025,0.0031,56.4499,56.4499,56.4499,0.0000
A4-DC,fr4_ss,a_ef,DD,0.0028,0.0025,0.0031,66.8868,66.8868,66.8868,0.0000
A4-DC,bay_ss,a_ef,DD,0.0028,0.0025,0.0031,60.9506,60.9506,60.9506,0.0000
A4-DC,dl_bay,a_ef,DD,0.0028,0.0025,0.0031,57.1735,57.1735,57.1735,0.0000
A4-DC,cell30,a_ef,DD,0.0028,0.0025,0.0031,49.1562,49.1562,49.1562,0.0000
A4-DC,main30,a_ef,DD,0.0028,0.0025,0.0031,53.1481,53.1481,53.1481,0.0000
A4-DC,cell_ss50,a_ef,DD,0.0028,0.0025,0.0031,54.4088,54.4088,54.4088,0.0000
A4-DC,dl_cell,a_ef,DD,0.0028,0.0025,0.0031,55.1711,55.1711,55.1711,0.0000
A4-DC,dl_main,a_ef,DD,0.0028,0.0025,0.0031,55.2340,55.2340,55.2340,0.0000
A4-DC,tj_ss,a_ew,DD,0.0029,0.0027,0.0032,122.6192,122.6851,122.5561,0.1290
A4-DC,tj_pk50,a_ew,DD,0.0029,0.0027,0.0032,105.5318,105.5709,105.4942,0.0767
A4-DC,tj_300,a_ew,DD,0.0029,0.0027,0.0032,106.4475,106.4745,106.4214,0.0530
A4-DC,tj_180,a_ew,DD,0.0029,0.0027,0.0032,99.1277,99.1399,99.1159,0.0240
A4-DC,case_ss,a_ew,DD,0.0029,0.0027,0.0032,98.1964,98.2623,98.1333,0.1290
A4-DC,dl_case,a_ew,DD,0.0029,0.0027,0.0032,79.2896,79.3349,79.2462,0.0888
A4-DC,surf5,a_ew,DD,0.0029,0.0027,0.0032,29.4110,29.4150,29.4072,0.0079
A4-DC,petg_ss,a_ew,DD,0.0029,0.0027,0.0032,59.6076,59.5799,59.6325,0.0525
A4-DC,petg_ss50,a_ew,DD,0.0029,0.0027,0.0032,55.6098,55.6040,55.6144,0.0104
A4-DC,dl_petg,a_ew,DD,0.0029,0.0027,0.0032,56.4499,56.4391,56.4591,0.0201
A4-DC,fr4_ss,a_ew,DD,0.0029,0.0027,0.0032,66.8868,67.3154,66.5243,0.7910
A4-DC,bay_ss,a_ew,DD,0.0029,0.0027,0.0032,60.9506,60.9101,60.9871,0.0770
A4-DC,dl_bay,a_ew,DD,0.0029,0.0027,0.0032,57.1735,57.1575,57.1870,0.0295
A4-DC,cell30,a_ew,DD,0.0029,0.0027,0.0032,49.1562,49.1576,49.1548,0.0029
A4-DC,main30,a_ew,DD,0.0029,0.0027,0.0032,53.1481,53.1508,53.1454,0.0054
A4-DC,cell_ss50,a_ew,DD,0.0029,0.0027,0.0032,54.4088,54.4079,54.4096,0.0017
A4-DC,dl_cell,a_ew,DD,0.0029,0.0027,0.0032,55.1711,55.1694,55.1726,0.0032
A4-DC,dl_main,a_ew,DD,0.0029,0.0027,0.0032,55.2340,55.2319,55.2359,0.0041
A4-DC,tj_ss,t_ew_fr4,E,0.0016,0.0008,0.0016,122.6192,122.6165,122.6192,0.0027
A4-DC,tj_pk50,t_ew_fr4,E,0.0016,0.0008,0.0016,105.5318,105.5305,105.5318,0.0013
A4-DC,tj_300,t_ew_fr4,E,0.0016,0.0008,0.0016,106.4475,106.5295,106.4475,0.0820
A4-DC,tj_180,t_ew_fr4,E,0.0016,0.0008,0.0016,99.1277,99.1647,99.1277,0.0370
A4-DC,case_ss,t_ew_fr4,E,0.0016,0.0008,0.0016,98.1964,98.1938,98.1964,0.0027
A4-DC,dl_case,t_ew_fr4,E,0.0016,0.0008,0.0016,79.2896,79.2881,79.2896,0.0015
A4-DC,surf5,t_ew_fr4,E,0.0016,0.0008,0.0016,29.4110,29.4206,29.4110,0.0095
A4-DC,petg_ss,t_ew_fr4,E,0.0016,0.0008,0.0016,59.6076,59.6119,59.6076,0.0044
A4-DC,petg_ss50,t_ew_fr4,E,0.0016,0.0008,0.0016,55.6098,55.6117,55.6098,0.0018
A4-DC,dl_petg,t_ew_fr4,E,0.0016,0.0008,0.0016,56.4499,56.4523,56.4499,0.0024
A4-DC,fr4_ss,t_ew_fr4,E,0.0016,0.0008,0.0016,66.8868,66.7332,66.8868,0.1537
A4-DC,bay_ss,t_ew_fr4,E,0.0016,0.0008,0.0016,60.9506,60.9570,60.9506,0.0064
A4-DC,dl_bay,t_ew_fr4,E,0.0016,0.0008,0.0016,57.1735,57.1770,57.1735,0.0035
A4-DC,cell30,t_ew_fr4,E,0.0016,0.0008,0.0016,49.1562,49.1668,49.1562,0.0106
A4-DC,main30,t_ew_fr4,E,0.0016,0.0008,0.0016,53.1481,53.1731,53.1481,0.0250
A4-DC,cell_ss50,t_ew_fr4,E,0.0016,0.0008,0.0016,54.4088,54.4091,54.4088,0.0003
A4-DC,dl_cell,t_ew_fr4,E,0.0016,0.0008,0.0016,55.1711,55.1715,55.1711,0.0004
A4-DC,dl_main,t_ew_fr4,E,0.0016,0.0008,0.0016,55.2340,55.2345,55.2340,0.0005
A4-DC,tj_ss,a_bw_gross,DD,0.0029,0.0026,0.0032,122.6192,122.6259,122.6126,0.0133
A4-DC,tj_pk50,a_bw_gross,DD,0.0029,0.0026,0.0032,105.5318,105.5377,105.5259,0.0118
A4-DC,tj_300,a_bw_gross,DD,0.0029,0.0026,0.0032,106.4475,106.4478,106.4473,0.0005
A4-DC,tj_180,a_bw_gross,DD,0.0029,0.0026,0.0032,99.1277,99.1277,99.1276,0.0001
A4-DC,case_ss,a_bw_gross,DD,0.0029,0.0026,0.0032,98.1964,98.2031,98.1898,0.0133
A4-DC,dl_case,a_bw_gross,DD,0.0029,0.0026,0.0032,79.2896,79.2958,79.2836,0.0121
A4-DC,surf5,a_bw_gross,DD,0.0029,0.0026,0.0032,29.4110,29.4111,29.4110,0.0000
A4-DC,petg_ss,a_bw_gross,DD,0.0029,0.0026,0.0032,59.6076,59.7193,59.4979,0.2214
A4-DC,petg_ss50,a_bw_gross,DD,0.0029,0.0026,0.0032,55.6098,55.6958,55.5256,0.1701
A4-DC,dl_petg,a_bw_gross,DD,0.0029,0.0026,0.0032,56.4499,56.5416,56.3601,0.1815
A4-DC,fr4_ss,a_bw_gross,DD,0.0029,0.0026,0.0032,66.8868,66.9872,66.7883,0.1989
A4-DC,bay_ss,a_bw_gross,DD,0.0029,0.0026,0.0032,60.9506,61.1143,60.7899,0.3245
A4-DC,dl_bay,a_bw_gross,DD,0.0029,0.0026,0.0032,57.1735,57.3082,57.0413,0.2669
A4-DC,cell30,a_bw_gross,DD,0.0029,0.0026,0.0032,49.1562,49.1594,49.1531,0.0064
A4-DC,main30,a_bw_gross,DD,0.0029,0.0026,0.0032,53.1481,53.1602,53.1363,0.0239
A4-DC,cell_ss50,a_bw_gross,DD,0.0029,0.0026,0.0032,54.4088,54.4226,54.3954,0.0273
A4-DC,dl_cell,a_bw_gross,DD,0.0029,0.0026,0.0032,55.1711,55.1857,55.1568,0.0290
A4-DC,dl_main,a_bw_gross,DD,0.0029,0.0026,0.0032,55.2340,55.2526,55.2159,0.0367
A4-DC,tj_ss,bw_solid,E,0.8000,0.7000,0.9000,122.6192,122.6276,122.6109,0.0167
A4-DC,tj_pk50,bw_solid,E,0.8000,0.7000,0.9000,105.5318,105.5393,105.5245,0.0148
A4-DC,tj_300,bw_solid,E,0.8000,0.7000,0.9000,106.4475,106.4478,106.4472,0.0006
A4-DC,tj_180,bw_solid,E,0.8000,0.7000,0.9000,99.1277,99.1277,99.1276,0.0001
A4-DC,case_ss,bw_solid,E,0.8000,0.7000,0.9000,98.1964,98.2049,98.1882,0.0167
A4-DC,dl_case,bw_solid,E,0.8000,0.7000,0.9000,79.2896,79.2973,79.2821,0.0152
A4-DC,surf5,bw_solid,E,0.8000,0.7000,0.9000,29.4110,29.4111,29.4110,0.0000
A4-DC,petg_ss,bw_solid,E,0.8000,0.7000,0.9000,59.6076,59.7480,59.4703,0.2778
A4-DC,petg_ss50,bw_solid,E,0.8000,0.7000,0.9000,55.6098,55.7179,55.5045,0.2134
A4-DC,dl_petg,bw_solid,E,0.8000,0.7000,0.9000,56.4499,56.5652,56.3375,0.2276
A4-DC,fr4_ss,bw_solid,E,0.8000,0.7000,0.9000,66.8868,67.0131,66.7635,0.2495
A4-DC,bay_ss,bw_solid,E,0.8000,0.7000,0.9000,60.9506,61.1564,60.7494,0.4070
A4-DC,dl_bay,bw_solid,E,0.8000,0.7000,0.9000,57.1735,57.3429,57.0081,0.3348
A4-DC,cell30,bw_solid,E,0.8000,0.7000,0.9000,49.1562,49.1602,49.1523,0.0080
A4-DC,main30,bw_solid,E,0.8000,0.7000,0.9000,53.1481,53.1633,53.1333,0.0300
A4-DC,cell_ss50,bw_solid,E,0.8000,0.7000,0.9000,54.4088,54.4262,54.3920,0.0342
A4-DC,dl_cell,bw_solid,E,0.8000,0.7000,0.9000,55.1711,55.1895,55.1532,0.0363
A4-DC,dl_main,bw_solid,E,0.8000,0.7000,0.9000,55.2340,55.2573,55.2113,0.0460
A4-DC,tj_ss,a_bh,DD,0.0025,0.0022,0.0027,122.6192,122.6202,122.6181,0.0021
A4-DC,tj_pk50,a_bh,DD,0.0025,0.0022,0.0027,105.5318,105.5323,105.5313,0.0011
A4-DC,tj_300,a_bh,DD,0.0025,0.0022,0.0027,106.4475,106.4478,106.4473,0.0005
A4-DC,tj_180,a_bh,DD,0.0025,0.0022,0.0027,99.1277,99.1277,99.1276,0.0001
A4-DC,case_ss,a_bh,DD,0.0025,0.0022,0.0027,98.1964,98.1975,98.1954,0.0021
A4-DC,dl_case,a_bh,DD,0.0025,0.0022,0.0027,79.2896,79.2903,79.2890,0.0013
A4-DC,surf5,a_bh,DD,0.0025,0.0022,0.0027,29.4110,29.4111,29.4110,0.0000
A4-DC,petg_ss,a_bh,DD,0.0025,0.0022,0.0027,59.6076,59.6182,59.5971,0.0211
A4-DC,petg_ss50,a_bh,DD,0.0025,0.0022,0.0027,55.6098,55.6147,55.6051,0.0097
A4-DC,dl_petg,a_bh,DD,0.0025,0.0022,0.0027,56.4499,56.4562,56.4438,0.0124
A4-DC,fr4_ss,a_bh,DD,0.0025,0.0022,0.0027,66.8868,66.9024,66.8716,0.0308
A4-DC,bay_ss,a_bh,DD,0.0025,0.0022,0.0027,60.9506,60.9760,60.9258,0.0502
A4-DC,dl_bay,a_bh,DD,0.0025,0.0022,0.0027,57.1735,57.1880,57.1593,0.0288
A4-DC,cell30,a_bh,DD,0.0025,0.0022,0.0027,49.1562,49.1605,49.1519,0.0086
A4-DC,main30,a_bh,DD,0.0025,0.0022,0.0027,53.1481,53.1507,53.1454,0.0053
A4-DC,cell_ss50,a_bh,DD,0.0025,0.0022,0.0027,54.4088,54.4043,54.4133,0.0090
A4-DC,dl_cell,a_bh,DD,0.0025,0.0022,0.0027,55.1711,55.1650,55.1770,0.0120
A4-DC,dl_main,a_bh,DD,0.0025,0.0022,0.0027,55.2340,55.2264,55.2415,0.0152
A4-DC,tj_ss,t_bh,E,0.0012,0.0010,0.0014,122.6192,122.6191,122.6192,0.0001
A4-DC,tj_pk50,t_bh,E,0.0012,0.0010,0.0014,105.5318,105.5317,105.5318,0.0001
A4-DC,tj_300,t_bh,E,0.0012,0.0010,0.0014,106.4475,106.4476,106.4475,0.0002
A4-DC,tj_180,t_bh,E,0.0012,0.0010,0.0014,99.1277,99.1277,99.1277,0.0000
A4-DC,case_ss,t_bh,E,0.0012,0.0010,0.0014,98.1964,98.1964,98.1965,0.0001
A4-DC,dl_case,t_bh,E,0.0012,0.0010,0.0014,79.2896,79.2896,79.2897,0.0001
A4-DC,surf5,t_bh,E,0.0012,0.0010,0.0014,29.4110,29.4110,29.4110,0.0000
A4-DC,petg_ss,t_bh,E,0.0012,0.0010,0.0014,59.6076,59.5976,59.6174,0.0199
A4-DC,petg_ss50,t_bh,E,0.0012,0.0010,0.0014,55.6098,55.6058,55.6138,0.0080
A4-DC,dl_petg,t_bh,E,0.0012,0.0010,0.0014,56.4499,56.4446,56.4552,0.0106
A4-DC,fr4_ss,t_bh,E,0.0012,0.0010,0.0014,66.8868,66.8858,66.8879,0.0021
A4-DC,bay_ss,t_bh,E,0.0012,0.0010,0.0014,60.9506,60.9489,60.9523,0.0034
A4-DC,dl_bay,t_bh,E,0.0012,0.0010,0.0014,57.1735,57.1725,57.1744,0.0019
A4-DC,cell30,t_bh,E,0.0012,0.0010,0.0014,49.1562,49.1665,49.1464,0.0201
A4-DC,main30,t_bh,E,0.0012,0.0010,0.0014,53.1481,53.1676,53.1278,0.0398
A4-DC,cell_ss50,t_bh,E,0.0012,0.0010,0.0014,54.4088,54.4092,54.4086,0.0006
A4-DC,dl_cell,t_bh,E,0.0012,0.0010,0.0014,55.1711,55.1715,55.1707,0.0008
A4-DC,dl_main,t_bh,E,0.0012,0.0010,0.0014,55.2340,55.2346,55.2335,0.0010
A4-DC,tj_ss,gap_bh,E,0.0030,0.0020,0.0040,122.6192,122.6187,122.6195,0.0009
A4-DC,tj_pk50,gap_bh,E,0.0030,0.0020,0.0040,105.5318,105.5315,105.5320,0.0004
A4-DC,tj_300,gap_bh,E,0.0030,0.0020,0.0040,106.4475,106.4475,106.4475,0.0000
A4-DC,tj_180,gap_bh,E,0.0030,0.0020,0.0040,99.1277,99.1277,99.1277,0.0000
A4-DC,case_ss,gap_bh,E,0.0030,0.0020,0.0040,98.1964,98.1959,98.1968,0.0009
A4-DC,dl_case,gap_bh,E,0.0030,0.0020,0.0040,79.2896,79.2893,79.2899,0.0006
A4-DC,surf5,gap_bh,E,0.0030,0.0020,0.0040,29.4110,29.4110,29.4110,0.0000
A4-DC,petg_ss,gap_bh,E,0.0030,0.0020,0.0040,59.6076,59.5355,59.6580,0.1225
A4-DC,petg_ss50,gap_bh,E,0.0030,0.0020,0.0040,55.6098,55.5802,55.6307,0.0505
A4-DC,dl_petg,gap_bh,E,0.0030,0.0020,0.0040,56.4499,56.4108,56.4774,0.0666
A4-DC,fr4_ss,gap_bh,E,0.0030,0.0020,0.0040,66.8868,66.8792,66.8922,0.0130
A4-DC,bay_ss,gap_bh,E,0.0030,0.0020,0.0040,60.9506,60.9382,60.9593,0.0211
A4-DC,dl_bay,gap_bh,E,0.0030,0.0020,0.0040,57.1735,57.1663,57.1785,0.0122
A4-DC,cell30,gap_bh,E,0.0030,0.0020,0.0040,49.1562,49.1572,49.1555,0.0016
A4-DC,main30,gap_bh,E,0.0030,0.0020,0.0040,53.1481,53.1517,53.1457,0.0060
A4-DC,cell_ss50,gap_bh,E,0.0030,0.0020,0.0040,54.4088,54.4111,54.4073,0.0038
A4-DC,dl_cell,gap_bh,E,0.0030,0.0020,0.0040,55.1711,55.1741,55.1690,0.0051
A4-DC,dl_main,gap_bh,E,0.0030,0.0020,0.0040,55.2340,55.2378,55.2314,0.0064
A4-DC,tj_ss,a_mw,E,0.0262,0.0210,0.0314,122.6192,122.6371,122.6056,0.0316
A4-DC,tj_pk50,a_mw,E,0.0262,0.0210,0.0314,105.5318,105.5502,105.5179,0.0324
A4-DC,tj_300,a_mw,E,0.0262,0.0210,0.0314,106.4475,106.4476,106.4475,0.0001
A4-DC,tj_180,a_mw,E,0.0262,0.0210,0.0314,99.1277,99.1277,99.1277,0.0000
A4-DC,case_ss,a_mw,E,0.0262,0.0210,0.0314,98.1964,98.2144,98.1828,0.0316
A4-DC,dl_case,a_mw,E,0.0262,0.0210,0.0314,79.2896,79.3079,79.2759,0.0320
A4-DC,surf5,a_mw,E,0.0262,0.0210,0.0314,29.4110,29.4110,29.4110,0.0000
A4-DC,petg_ss,a_mw,E,0.0262,0.0210,0.0314,59.6076,60.6453,58.8380,1.8073
A4-DC,petg_ss50,a_mw,E,0.0262,0.0210,0.0314,55.6098,56.4757,54.9612,1.5146
A4-DC,dl_petg,a_mw,E,0.0262,0.0210,0.0314,56.4499,57.3516,55.7737,1.5779
A4-DC,fr4_ss,a_mw,E,0.0262,0.0210,0.0314,66.8868,67.1558,66.6836,0.4722
A4-DC,bay_ss,a_mw,E,0.0262,0.0210,0.0314,60.9506,61.3889,60.6190,0.7700
A4-DC,dl_bay,a_mw,E,0.0262,0.0210,0.0314,57.1735,57.5750,56.8706,0.7043
A4-DC,cell30,a_mw,E,0.0262,0.0210,0.0314,49.1562,49.5204,48.8592,0.6612
A4-DC,main30,a_mw,E,0.0262,0.0210,0.0314,53.1481,54.2815,52.2509,2.0306
A4-DC,cell_ss50,a_mw,E,0.0262,0.0210,0.0314,54.4088,55.7409,53.4162,2.3248
A4-DC,dl_cell,a_mw,E,0.0262,0.0210,0.0314,55.1711,56.5711,54.1264,2.4447
A4-DC,dl_main,a_mw,E,0.0262,0.0210,0.0314,55.2340,56.9773,53.9264,3.0509
A4-DC,tj_ss,eps_out,E,0.9000,0.8500,0.9500,122.6192,122.6578,122.5820,0.0758
A4-DC,tj_pk50,eps_out,E,0.9000,0.8500,0.9500,105.5318,105.5559,105.5086,0.0473
A4-DC,tj_300,eps_out,E,0.9000,0.8500,0.9500,106.4475,106.4491,106.4460,0.0032
A4-DC,tj_180,eps_out,E,0.9000,0.8500,0.9500,99.1277,99.1280,99.1274,0.0006
A4-DC,case_ss,eps_out,E,0.9000,0.8500,0.9500,98.1964,98.2351,98.1593,0.0758
A4-DC,dl_case,eps_out,E,0.9000,0.8500,0.9500,79.2896,79.3168,79.2635,0.0533
A4-DC,surf5,eps_out,E,0.9000,0.8500,0.9500,29.4110,29.4519,29.3708,0.0811
A4-DC,petg_ss,eps_out,E,0.9000,0.8500,0.9500,59.6076,59.6997,59.5208,0.1789
A4-DC,petg_ss50,eps_out,E,0.9000,0.8500,0.9500,55.6098,55.6844,55.5396,0.1447
A4-DC,dl_petg,eps_out,E,0.9000,0.8500,0.9500,56.4499,56.5282,56.3762,0.1519
A4-DC,fr4_ss,eps_out,E,0.9000,0.8500,0.9500,66.8868,66.9331,66.8429,0.0902
A4-DC,bay_ss,eps_out,E,0.9000,0.8500,0.9500,60.9506,61.0090,60.8954,0.1136
A4-DC,dl_bay,eps_out,E,0.9000,0.8500,0.9500,57.1735,57.2238,57.1259,0.0979
A4-DC,cell30,eps_out,E,0.9000,0.8500,0.9500,49.1562,49.1825,49.1310,0.0515
A4-DC,main30,eps_out,E,0.9000,0.8500,0.9500,53.1481,53.2118,53.0873,0.1245
A4-DC,cell_ss50,eps_out,E,0.9000,0.8500,0.9500,54.4088,54.5361,54.2893,0.2469
A4-DC,dl_cell,eps_out,E,0.9000,0.8500,0.9500,55.1711,55.3054,55.0449,0.2604
A4-DC,dl_main,eps_out,E,0.9000,0.8500,0.9500,55.2340,55.3594,55.1163,0.2431
A4-DC,tj_ss,eps_in,E,0.8000,0.7000,0.9000,122.6192,122.6474,122.5937,0.0538
A4-DC,tj_pk50,eps_in,E,0.8000,0.7000,0.9000,105.5318,105.5482,105.5168,0.0313
A4-DC,tj_300,eps_in,E,0.8000,0.7000,0.9000,106.4475,106.4462,106.4488,0.0026
A4-DC,tj_180,eps_in,E,0.8000,0.7000,0.9000,99.1277,99.1269,99.1284,0.0014
A4-DC,case_ss,eps_in,E,0.8000,0.7000,0.9000,98.1964,98.2247,98.1709,0.0538
A4-DC,dl_case,eps_in,E,0.8000,0.7000,0.9000,79.2896,79.3086,79.2724,0.0363
A4-DC,surf5,eps_in,E,0.8000,0.7000,0.9000,29.4110,29.4109,29.4112,0.0003
A4-DC,petg_ss,eps_in,E,0.8000,0.7000,0.9000,59.6076,59.8214,59.4272,0.3943
A4-DC,petg_ss50,eps_in,E,0.8000,0.7000,0.9000,55.6098,55.8090,55.4404,0.3686
A4-DC,dl_petg,eps_in,E,0.8000,0.7000,0.9000,56.4499,56.6519,56.2784,0.3735
A4-DC,fr4_ss,eps_in,E,0.8000,0.7000,0.9000,66.8868,67.3096,66.5054,0.8042
A4-DC,bay_ss,eps_in,E,0.8000,0.7000,0.9000,60.9506,61.0906,60.8244,0.2662
A4-DC,dl_bay,eps_in,E,0.8000,0.7000,0.9000,57.1735,57.3052,57.0556,0.2496
A4-DC,cell30,eps_in,E,0.8000,0.7000,0.9000,49.1562,49.2147,49.1050,0.1097
A4-DC,main30,eps_in,E,0.8000,0.7000,0.9000,53.1481,53.4125,52.9187,0.4938
A4-DC,cell_ss50,eps_in,E,0.8000,0.7000,0.9000,54.4088,54.5976,54.2468,0.3508
A4-DC,dl_cell,eps_in,E,0.8000,0.7000,0.9000,55.1711,55.3676,55.0024,0.3651
A4-DC,dl_main,eps_in,E,0.8000,0.7000,0.9000,55.2340,55.5945,54.9243,0.6702
A4-DC,tj_ss,eps_bh,E,0.8200,0.7500,0.9000,122.6192,122.6192,122.6191,0.0002
A4-DC,tj_pk50,eps_bh,E,0.8200,0.7500,0.9000,105.5318,105.5318,105.5317,0.0001
A4-DC,tj_300,eps_bh,E,0.8200,0.7500,0.9000,106.4475,106.4475,106.4475,0.0000
A4-DC,tj_180,eps_bh,E,0.8200,0.7500,0.9000,99.1277,99.1277,99.1277,0.0000
A4-DC,case_ss,eps_bh,E,0.8200,0.7500,0.9000,98.1964,98.1965,98.1963,0.0002
A4-DC,dl_case,eps_bh,E,0.8200,0.7500,0.9000,79.2896,79.2897,79.2896,0.0001
A4-DC,surf5,eps_bh,E,0.8200,0.7500,0.9000,29.4110,29.4110,29.4110,0.0000
A4-DC,petg_ss,eps_bh,E,0.8200,0.7500,0.9000,59.6076,59.6190,59.5953,0.0237
A4-DC,petg_ss50,eps_bh,E,0.8200,0.7500,0.9000,55.6098,55.6144,55.6049,0.0095
A4-DC,dl_petg,eps_bh,E,0.8200,0.7500,0.9000,56.4499,56.4560,56.4434,0.0126
A4-DC,fr4_ss,eps_bh,E,0.8200,0.7500,0.9000,66.8868,66.8881,66.8855,0.0025
A4-DC,bay_ss,eps_bh,E,0.8200,0.7500,0.9000,60.9506,60.9526,60.9485,0.0041
A4-DC,dl_bay,eps_bh,E,0.8200,0.7500,0.9000,57.1735,57.1746,57.1723,0.0023
A4-DC,cell30,eps_bh,E,0.8200,0.7500,0.9000,49.1562,49.1561,49.1564,0.0003
A4-DC,main30,eps_bh,E,0.8200,0.7500,0.9000,53.1481,53.1476,53.1487,0.0011
A4-DC,cell_ss50,eps_bh,E,0.8200,0.7500,0.9000,54.4088,54.4085,54.4092,0.0007
A4-DC,dl_cell,eps_bh,E,0.8200,0.7500,0.9000,55.1711,55.1706,55.1716,0.0010
A4-DC,dl_main,eps_bh,E,0.8200,0.7500,0.9000,55.2340,55.2335,55.2347,0.0012
A4-DC,tj_ss,k_air,D,0.0280,0.0270,0.0290,122.6192,122.6192,122.6191,0.0001
A4-DC,tj_pk50,k_air,D,0.0280,0.0270,0.0290,105.5318,105.5318,105.5318,0.0000
A4-DC,tj_300,k_air,D,0.0280,0.0270,0.0290,106.4475,106.4475,106.4475,0.0000
A4-DC,tj_180,k_air,D,0.0280,0.0270,0.0290,99.1277,99.1277,99.1277,0.0000
A4-DC,case_ss,k_air,D,0.0280,0.0270,0.0290,98.1964,98.1965,98.1964,0.0001
A4-DC,dl_case,k_air,D,0.0280,0.0270,0.0290,79.2896,79.2897,79.2896,0.0001
A4-DC,surf5,k_air,D,0.0280,0.0270,0.0290,29.4110,29.4110,29.4110,0.0000
A4-DC,petg_ss,k_air,D,0.0280,0.0270,0.0290,59.6076,59.6140,59.6013,0.0127
A4-DC,petg_ss50,k_air,D,0.0280,0.0270,0.0290,55.6098,55.6125,55.6073,0.0052
A4-DC,dl_petg,k_air,D,0.0280,0.0270,0.0290,56.4499,56.4535,56.4465,0.0069
A4-DC,fr4_ss,k_air,D,0.0280,0.0270,0.0290,66.8868,66.8875,66.8862,0.0013
A4-DC,bay_ss,k_air,D,0.0280,0.0270,0.0290,60.9506,60.9517,60.9496,0.0022
A4-DC,dl_bay,k_air,D,0.0280,0.0270,0.0290,57.1735,57.1741,57.1729,0.0013
A4-DC,cell30,k_air,D,0.0280,0.0270,0.0290,49.1562,49.1561,49.1563,0.0002
A4-DC,main30,k_air,D,0.0280,0.0270,0.0290,53.1481,53.1478,53.1484,0.0006
A4-DC,cell_ss50,k_air,D,0.0280,0.0270,0.0290,54.4088,54.4086,54.4090,0.0004
A4-DC,dl_cell,k_air,D,0.0280,0.0270,0.0290,55.1711,55.1708,55.1714,0.0005
A4-DC,dl_main,k_air,D,0.0280,0.0270,0.0290,55.2340,55.2337,55.2344,0.0007
A4-DC,tj_ss,gap_face,E,0.0020,0.0015,0.0030,122.6192,122.6192,122.6192,0.0000
A4-DC,tj_pk50,gap_face,E,0.0020,0.0015,0.0030,105.5318,105.5318,105.5318,0.0000
A4-DC,tj_300,gap_face,E,0.0020,0.0015,0.0030,106.4475,106.4475,106.4475,0.0000
A4-DC,tj_180,gap_face,E,0.0020,0.0015,0.0030,99.1277,99.1277,99.1277,0.0000
A4-DC,case_ss,gap_face,E,0.0020,0.0015,0.0030,98.1964,98.1964,98.1964,0.0000
A4-DC,dl_case,gap_face,E,0.0020,0.0015,0.0030,79.2896,79.2896,79.2896,0.0000
A4-DC,surf5,gap_face,E,0.0020,0.0015,0.0030,29.4110,29.4110,29.4110,0.0000
A4-DC,petg_ss,gap_face,E,0.0020,0.0015,0.0030,59.6076,59.6076,59.6076,0.0000
A4-DC,petg_ss50,gap_face,E,0.0020,0.0015,0.0030,55.6098,55.6098,55.6098,0.0000
A4-DC,dl_petg,gap_face,E,0.0020,0.0015,0.0030,56.4499,56.4499,56.4499,0.0000
A4-DC,fr4_ss,gap_face,E,0.0020,0.0015,0.0030,66.8868,66.8868,66.8868,0.0000
A4-DC,bay_ss,gap_face,E,0.0020,0.0015,0.0030,60.9506,60.9506,60.9506,0.0000
A4-DC,dl_bay,gap_face,E,0.0020,0.0015,0.0030,57.1735,57.1735,57.1735,0.0000
A4-DC,cell30,gap_face,E,0.0020,0.0015,0.0030,49.1562,49.1562,49.1562,0.0000
A4-DC,main30,gap_face,E,0.0020,0.0015,0.0030,53.1481,53.1481,53.1481,0.0000
A4-DC,cell_ss50,gap_face,E,0.0020,0.0015,0.0030,54.4088,54.4088,54.4088,0.0000
A4-DC,dl_cell,gap_face,E,0.0020,0.0015,0.0030,55.1711,55.1711,55.1711,0.0000
A4-DC,dl_main,gap_face,E,0.0020,0.0015,0.0030,55.2340,55.2340,55.2340,0.0000
A4-DC,tj_ss,h_rad_gap,E,7.0000,5.0000,8.0000,122.6192,122.6192,122.6192,0.0000
A4-DC,tj_pk50,h_rad_gap,E,7.0000,5.0000,8.0000,105.5318,105.5318,105.5318,0.0000
A4-DC,tj_300,h_rad_gap,E,7.0000,5.0000,8.0000,106.4475,106.4475,106.4475,0.0000
A4-DC,tj_180,h_rad_gap,E,7.0000,5.0000,8.0000,99.1277,99.1277,99.1277,0.0000
A4-DC,case_ss,h_rad_gap,E,7.0000,5.0000,8.0000,98.1964,98.1964,98.1964,0.0000
A4-DC,dl_case,h_rad_gap,E,7.0000,5.0000,8.0000,79.2896,79.2896,79.2896,0.0000
A4-DC,surf5,h_rad_gap,E,7.0000,5.0000,8.0000,29.4110,29.4110,29.4110,0.0000
A4-DC,petg_ss,h_rad_gap,E,7.0000,5.0000,8.0000,59.6076,59.6076,59.6076,0.0000
A4-DC,petg_ss50,h_rad_gap,E,7.0000,5.0000,8.0000,55.6098,55.6098,55.6098,0.0000
A4-DC,dl_petg,h_rad_gap,E,7.0000,5.0000,8.0000,56.4499,56.4499,56.4499,0.0000
A4-DC,fr4_ss,h_rad_gap,E,7.0000,5.0000,8.0000,66.8868,66.8868,66.8868,0.0000
A4-DC,bay_ss,h_rad_gap,E,7.0000,5.0000,8.0000,60.9506,60.9506,60.9506,0.0000
A4-DC,dl_bay,h_rad_gap,E,7.0000,5.0000,8.0000,57.1735,57.1735,57.1735,0.0000
A4-DC,cell30,h_rad_gap,E,7.0000,5.0000,8.0000,49.1562,49.1562,49.1562,0.0000
A4-DC,main30,h_rad_gap,E,7.0000,5.0000,8.0000,53.1481,53.1481,53.1481,0.0000
A4-DC,cell_ss50,h_rad_gap,E,7.0000,5.0000,8.0000,54.4088,54.4088,54.4088,0.0000
A4-DC,dl_cell,h_rad_gap,E,7.0000,5.0000,8.0000,55.1711,55.1711,55.1711,0.0000
A4-DC,dl_main,h_rad_gap,E,7.0000,5.0000,8.0000,55.2340,55.2340,55.2340,0.0000
A4-DC,tj_ss,a_gap_face,E,0.0004,0.0002,0.0006,122.6192,122.6192,122.6192,0.0000
A4-DC,tj_pk50,a_gap_face,E,0.0004,0.0002,0.0006,105.5318,105.5318,105.5318,0.0000
A4-DC,tj_300,a_gap_face,E,0.0004,0.0002,0.0006,106.4475,106.4475,106.4475,0.0000
A4-DC,tj_180,a_gap_face,E,0.0004,0.0002,0.0006,99.1277,99.1277,99.1277,0.0000
A4-DC,case_ss,a_gap_face,E,0.0004,0.0002,0.0006,98.1964,98.1964,98.1964,0.0000
A4-DC,dl_case,a_gap_face,E,0.0004,0.0002,0.0006,79.2896,79.2896,79.2896,0.0000
A4-DC,surf5,a_gap_face,E,0.0004,0.0002,0.0006,29.4110,29.4110,29.4110,0.0000
A4-DC,petg_ss,a_gap_face,E,0.0004,0.0002,0.0006,59.6076,59.6076,59.6076,0.0000
A4-DC,petg_ss50,a_gap_face,E,0.0004,0.0002,0.0006,55.6098,55.6098,55.6098,0.0000
A4-DC,dl_petg,a_gap_face,E,0.0004,0.0002,0.0006,56.4499,56.4499,56.4499,0.0000
A4-DC,fr4_ss,a_gap_face,E,0.0004,0.0002,0.0006,66.8868,66.8868,66.8868,0.0000
A4-DC,bay_ss,a_gap_face,E,0.0004,0.0002,0.0006,60.9506,60.9506,60.9506,0.0000
A4-DC,dl_bay,a_gap_face,E,0.0004,0.0002,0.0006,57.1735,57.1735,57.1735,0.0000
A4-DC,cell30,a_gap_face,E,0.0004,0.0002,0.0006,49.1562,49.1562,49.1562,0.0000
A4-DC,main30,a_gap_face,E,0.0004,0.0002,0.0006,53.1481,53.1481,53.1481,0.0000
A4-DC,cell_ss50,a_gap_face,E,0.0004,0.0002,0.0006,54.4088,54.4088,54.4088,0.0000
A4-DC,dl_cell,a_gap_face,E,0.0004,0.0002,0.0006,55.1711,55.1711,55.1711,0.0000
A4-DC,dl_main,a_gap_face,E,0.0004,0.0002,0.0006,55.2340,55.2340,55.2340,0.0000
A4-DC,tj_ss,rad_f_ef,E,0.3000,0.2000,0.4500,122.6192,122.6192,122.6192,0.0000
A4-DC,tj_pk50,rad_f_ef,E,0.3000,0.2000,0.4500,105.5318,105.5318,105.5318,0.0000
A4-DC,tj_300,rad_f_ef,E,0.3000,0.2000,0.4500,106.4475,106.4475,106.4475,0.0000
A4-DC,tj_180,rad_f_ef,E,0.3000,0.2000,0.4500,99.1277,99.1277,99.1277,0.0000
A4-DC,case_ss,rad_f_ef,E,0.3000,0.2000,0.4500,98.1964,98.1964,98.1964,0.0000
A4-DC,dl_case,rad_f_ef,E,0.3000,0.2000,0.4500,79.2896,79.2896,79.2896,0.0000
A4-DC,surf5,rad_f_ef,E,0.3000,0.2000,0.4500,29.4110,29.4110,29.4110,0.0000
A4-DC,petg_ss,rad_f_ef,E,0.3000,0.2000,0.4500,59.6076,59.6076,59.6076,0.0000
A4-DC,petg_ss50,rad_f_ef,E,0.3000,0.2000,0.4500,55.6098,55.6098,55.6098,0.0000
A4-DC,dl_petg,rad_f_ef,E,0.3000,0.2000,0.4500,56.4499,56.4499,56.4499,0.0000
A4-DC,fr4_ss,rad_f_ef,E,0.3000,0.2000,0.4500,66.8868,66.8868,66.8868,0.0000
A4-DC,bay_ss,rad_f_ef,E,0.3000,0.2000,0.4500,60.9506,60.9506,60.9506,0.0000
A4-DC,dl_bay,rad_f_ef,E,0.3000,0.2000,0.4500,57.1735,57.1735,57.1735,0.0000
A4-DC,cell30,rad_f_ef,E,0.3000,0.2000,0.4500,49.1562,49.1562,49.1562,0.0000
A4-DC,main30,rad_f_ef,E,0.3000,0.2000,0.4500,53.1481,53.1481,53.1481,0.0000
A4-DC,cell_ss50,rad_f_ef,E,0.3000,0.2000,0.4500,54.4088,54.4088,54.4088,0.0000
A4-DC,dl_cell,rad_f_ef,E,0.3000,0.2000,0.4500,55.1711,55.1711,55.1711,0.0000
A4-DC,dl_main,rad_f_ef,E,0.3000,0.2000,0.4500,55.2340,55.2340,55.2340,0.0000
A4-DC,tj_ss,rad_f_bh,E,0.4000,0.2500,0.5000,122.6192,122.6192,122.6192,0.0000
A4-DC,tj_pk50,rad_f_bh,E,0.4000,0.2500,0.5000,105.5318,105.5318,105.5318,0.0000
A4-DC,tj_300,rad_f_bh,E,0.4000,0.2500,0.5000,106.4475,106.4475,106.4475,0.0000
A4-DC,tj_180,rad_f_bh,E,0.4000,0.2500,0.5000,99.1277,99.1277,99.1277,0.0000
A4-DC,case_ss,rad_f_bh,E,0.4000,0.2500,0.5000,98.1964,98.1964,98.1964,0.0000
A4-DC,dl_case,rad_f_bh,E,0.4000,0.2500,0.5000,79.2896,79.2896,79.2896,0.0000
A4-DC,surf5,rad_f_bh,E,0.4000,0.2500,0.5000,29.4110,29.4110,29.4110,0.0000
A4-DC,petg_ss,rad_f_bh,E,0.4000,0.2500,0.5000,59.6076,59.6076,59.6076,0.0000
A4-DC,petg_ss50,rad_f_bh,E,0.4000,0.2500,0.5000,55.6098,55.6098,55.6098,0.0000
A4-DC,dl_petg,rad_f_bh,E,0.4000,0.2500,0.5000,56.4499,56.4499,56.4499,0.0000
A4-DC,fr4_ss,rad_f_bh,E,0.4000,0.2500,0.5000,66.8868,66.8868,66.8868,0.0000
A4-DC,bay_ss,rad_f_bh,E,0.4000,0.2500,0.5000,60.9506,60.9506,60.9506,0.0000
A4-DC,dl_bay,rad_f_bh,E,0.4000,0.2500,0.5000,57.1735,57.1735,57.1735,0.0000
A4-DC,cell30,rad_f_bh,E,0.4000,0.2500,0.5000,49.1562,49.1562,49.1562,0.0000
A4-DC,main30,rad_f_bh,E,0.4000,0.2500,0.5000,53.1481,53.1481,53.1481,0.0000
A4-DC,cell_ss50,rad_f_bh,E,0.4000,0.2500,0.5000,54.4088,54.4088,54.4088,0.0000
A4-DC,dl_cell,rad_f_bh,E,0.4000,0.2500,0.5000,55.1711,55.1711,55.1711,0.0000
A4-DC,dl_main,rad_f_bh,E,0.4000,0.2500,0.5000,55.2340,55.2340,55.2340,0.0000
A4-DC,tj_ss,o3_rad_amb,E,0.3000,0.2000,0.4000,122.6192,122.7434,122.4979,0.2455
A4-DC,tj_pk50,o3_rad_amb,E,0.3000,0.2000,0.4000,105.5318,105.6103,105.4548,0.1555
A4-DC,tj_300,o3_rad_amb,E,0.3000,0.2000,0.4000,106.4475,106.4602,106.4353,0.0249
A4-DC,tj_180,o3_rad_amb,E,0.3000,0.2000,0.4000,99.1277,99.1317,99.1238,0.0079
A4-DC,case_ss,o3_rad_amb,E,0.3000,0.2000,0.4000,98.1964,98.3206,98.0752,0.2455
A4-DC,dl_case,o3_rad_amb,E,0.3000,0.2000,0.4000,79.2896,79.3778,79.2033,0.1744
A4-DC,surf5,o3_rad_amb,E,0.3000,0.2000,0.4000,29.4110,29.4126,29.4096,0.0030
A4-DC,petg_ss,o3_rad_amb,E,0.3000,0.2000,0.4000,59.6076,59.6741,59.5390,0.1352
A4-DC,petg_ss50,o3_rad_amb,E,0.3000,0.2000,0.4000,55.6098,55.6433,55.5755,0.0678
A4-DC,dl_petg,o3_rad_amb,E,0.3000,0.2000,0.4000,56.4499,56.4905,56.4083,0.0822
A4-DC,fr4_ss,o3_rad_amb,E,0.3000,0.2000,0.4000,66.8868,67.3352,66.4242,0.9110
A4-DC,bay_ss,o3_rad_amb,E,0.3000,0.2000,0.4000,60.9506,61.0482,60.8501,0.1981
A4-DC,dl_bay,o3_rad_amb,E,0.3000,0.2000,0.4000,57.1735,57.2331,57.1122,0.1209
A4-DC,cell30,o3_rad_amb,E,0.3000,0.2000,0.4000,49.1562,49.1576,49.1548,0.0028
A4-DC,main30,o3_rad_amb,E,0.3000,0.2000,0.4000,53.1481,53.1537,53.1425,0.0112
A4-DC,cell_ss50,o3_rad_amb,E,0.3000,0.2000,0.4000,54.4088,54.4142,54.4033,0.0109
A4-DC,dl_cell,o3_rad_amb,E,0.3000,0.2000,0.4000,55.1711,55.1776,55.1645,0.0131
A4-DC,dl_main,o3_rad_amb,E,0.3000,0.2000,0.4000,55.2340,55.2423,55.2256,0.0166
A4-DC,tj_ss,o3_rad_guard,E,0.2000,0.1000,0.3000,122.6192,122.3791,122.8889,0.5098
A4-DC,tj_pk50,o3_rad_guard,E,0.2000,0.1000,0.3000,105.5318,105.3988,105.6818,0.2830
A4-DC,tj_300,o3_rad_guard,E,0.2000,0.1000,0.3000,106.4475,106.4170,106.4826,0.0655
A4-DC,tj_180,o3_rad_guard,E,0.2000,0.1000,0.3000,99.1277,99.1189,99.1379,0.0190
A4-DC,case_ss,o3_rad_guard,E,0.2000,0.1000,0.3000,98.1964,97.9563,98.4662,0.5098
A4-DC,dl_case,o3_rad_guard,E,0.2000,0.1000,0.3000,79.2896,79.1346,79.4644,0.3298
A4-DC,surf5,o3_rad_guard,E,0.2000,0.1000,0.3000,29.4110,28.9894,29.8193,0.8299
A4-DC,petg_ss,o3_rad_guard,E,0.2000,0.1000,0.3000,59.6076,59.6552,59.9704,0.3152
A4-DC,petg_ss50,o3_rad_guard,E,0.2000,0.1000,0.3000,55.6098,55.6321,55.5865,0.0456
A4-DC,dl_petg,o3_rad_guard,E,0.2000,0.1000,0.3000,56.4499,56.4776,56.4209,0.0567
A4-DC,fr4_ss,o3_rad_guard,E,0.2000,0.1000,0.3000,66.8868,67.2079,66.5470,0.6610
A4-DC,bay_ss,o3_rad_guard,E,0.2000,0.1000,0.3000,60.9506,61.0205,60.8768,0.1437
A4-DC,dl_bay,o3_rad_guard,E,0.2000,0.1000,0.3000,57.1735,57.2141,57.1307,0.0834
A4-DC,cell30,o3_rad_guard,E,0.2000,0.1000,0.3000,49.1562,49.1574,49.1550,0.0024
A4-DC,main30,o3_rad_guard,E,0.2000,0.1000,0.3000,53.1481,53.1526,53.1435,0.0091
A4-DC,cell_ss50,o3_rad_guard,E,0.2000,0.1000,0.3000,54.4088,54.4124,54.4051,0.0073
A4-DC,dl_cell,o3_rad_guard,E,0.2000,0.1000,0.3000,55.1711,55.1755,55.1665,0.0091
A4-DC,dl_main,o3_rad_guard,E,0.2000,0.1000,0.3000,55.2340,55.2396,55.2282,0.0115
A4-DC,tj_ss,h_gapc,E,3.0000,1.5000,5.0000,122.6192,122.8373,122.3295,0.5078
A4-DC,tj_pk50,h_gapc,E,3.0000,1.5000,5.0000,105.5318,105.6750,105.3401,0.3349
A4-DC,tj_300,h_gapc,E,3.0000,1.5000,5.0000,106.4475,106.5378,106.3318,0.2060
A4-DC,tj_180,h_gapc,E,3.0000,1.5000,5.0000,99.1277,99.1710,99.0715,0.0995
A4-DC,case_ss,h_gapc,E,3.0000,1.5000,5.0000,98.1964,98.4146,97.9067,0.5078
A4-DC,dl_case,h_gapc,E,3.0000,1.5000,5.0000,79.2896,79.4505,79.0749,0.3756
A4-DC,surf5,h_gapc,E,3.0000,1.5000,5.0000,29.4110,29.4263,29.3914,0.0349
A4-DC,petg_ss,h_gapc,E,3.0000,1.5000,5.0000,59.6076,59.6553,59.5538,0.1015
A4-DC,petg_ss50,h_gapc,E,3.0000,1.5000,5.0000,55.6098,55.6676,55.5480,0.1196
A4-DC,dl_petg,h_gapc,E,3.0000,1.5000,5.0000,56.4499,56.5049,56.3904,0.1146
A4-DC,fr4_ss,h_gapc,E,3.0000,1.5000,5.0000,66.8868,67.1642,66.5811,0.5831
A4-DC,bay_ss,h_gapc,E,3.0000,1.5000,5.0000,60.9506,61.0205,60.8718,0.1487
A4-DC,dl_bay,h_gapc,E,3.0000,1.5000,5.0000,57.1735,57.2544,57.0858,0.1685
A4-DC,cell30,h_gapc,E,3.0000,1.5000,5.0000,49.1562,49.1549,49.1575,0.0026
A4-DC,main30,h_gapc,E,3.0000,1.5000,5.0000,53.1481,53.1467,53.1487,0.0021
A4-DC,cell_ss50,h_gapc,E,3.0000,1.5000,5.0000,54.4088,54.4181,54.3989,0.0192
A4-DC,dl_cell,h_gapc,E,3.0000,1.5000,5.0000,55.1711,55.1799,55.1616,0.0183
A4-DC,dl_main,h_gapc,E,3.0000,1.5000,5.0000,55.2340,55.2452,55.2220,0.0232
A4-DC,tj_ss,gap_share,E,0.5000,0.3000,0.7000,122.6192,122.7936,122.4451,0.3485
A4-DC,tj_pk50,gap_share,E,0.5000,0.3000,0.7000,105.5318,105.6464,105.4168,0.2296
A4-DC,tj_300,gap_share,E,0.5000,0.3000,0.7000,106.4475,106.5195,106.3775,0.1420
A4-DC,tj_180,gap_share,E,0.5000,0.3000,0.7000,99.1277,99.1622,99.0938,0.0685
A4-DC,case_ss,gap_share,E,0.5000,0.3000,0.7000,98.1964,98.3709,98.0224,0.3485
A4-DC,dl_case,gap_share,E,0.5000,0.3000,0.7000,79.2896,79.4184,79.1607,0.2577
A4-DC,surf5,gap_share,E,0.5000,0.3000,0.7000,29.4110,29.4232,29.3992,0.0240
A4-DC,petg_ss,gap_share,E,0.5000,0.3000,0.7000,59.6076,59.6451,59.5742,0.0709
A4-DC,petg_ss50,gap_share,E,0.5000,0.3000,0.7000,55.6098,55.6551,55.5711,0.0840
A4-DC,dl_petg,gap_share,E,0.5000,0.3000,0.7000,56.4499,56.4930,56.4127,0.0804
A4-DC,fr4_ss,gap_share,E,0.5000,0.3000,0.7000,66.8868,67.1045,66.6963,0.4083
A4-DC,bay_ss,gap_share,E,0.5000,0.3000,0.7000,60.9506,61.0056,60.9017,0.1039
A4-DC,dl_bay,gap_share,E,0.5000,0.3000,0.7000,57.1735,57.2369,57.1187,0.1182
A4-DC,cell30,gap_share,E,0.5000,0.3000,0.7000,49.1562,49.1552,49.1570,0.0018
A4-DC,main30,gap_share,E,0.5000,0.3000,0.7000,53.1481,53.1471,53.1486,0.0016
A4-DC,cell_ss50,gap_share,E,0.5000,0.3000,0.7000,54.4088,54.4161,54.4026,0.0135
A4-DC,dl_cell,gap_share,E,0.5000,0.3000,0.7000,55.1711,55.1780,55.1652,0.0128
A4-DC,dl_main,gap_share,E,0.5000,0.3000,0.7000,55.2340,55.2428,55.2265,0.0163
A4-DC,tj_ss,g_case_air,E,0.0030,0.0010,0.0060,122.6192,123.0094,122.1146,0.8948
A4-DC,tj_pk50,g_case_air,E,0.0030,0.0010,0.0060,105.5318,105.7810,105.2069,0.5741
A4-DC,tj_300,g_case_air,E,0.0030,0.0010,0.0060,106.4475,106.7731,105.9989,0.7742
A4-DC,tj_180,g_case_air,E,0.0030,0.0010,0.0060,99.1277,99.3645,98.7945,0.5700
A4-DC,case_ss,g_case_air,E,0.0030,0.0010,0.0060,98.1964,98.5866,97.6919,0.8948
A4-DC,dl_case,g_case_air,E,0.0030,0.0010,0.0060,79.2896,79.5463,78.9604,0.5859
A4-DC,surf5,g_case_air,E,0.0030,0.0010,0.0060,29.4110,29.4429,29.3663,0.0766
A4-DC,petg_ss,g_case_air,E,0.0030,0.0010,0.0060,59.6076,59.3503,59.9380,0.5878
A4-DC,petg_ss50,g_case_air,E,0.0030,0.0010,0.0060,55.6098,55.4679,55.7903,0.3223
A4-DC,dl_petg,g_case_air,E,0.0030,0.0010,0.0060,56.4499,56.2822,56.6637,0.3814
A4-DC,fr4_ss,g_case_air,E,0.0030,0.0010,0.0060,66.8868,65.1492,69.1076,3.9584
A4-DC,bay_ss,g_case_air,E,0.0030,0.0010,0.0060,60.9506,60.5734,61.4346,0.8611
A4-DC,dl_bay,g_case_air,E,0.0030,0.0010,0.0060,57.1735,56.9267,57.4878,0.5610
A4-DC,cell30,g_case_air,E,0.0030,0.0010,0.0060,49.1562,49.1498,49.1648,0.0150
A4-DC,main30,g_case_air,E,0.0030,0.0010,0.0060,53.1481,53.1240,53.1794,0.0554
A4-DC,cell_ss50,g_case_air,E,0.0030,0.0010,0.0060,54.4088,54.3861,54.4378,0.0517
A4-DC,dl_cell,g_case_air,E,0.0030,0.0010,0.0060,55.1711,55.1443,55.2052,0.0609
A4-DC,dl_main,g_case_air,E,0.0030,0.0010,0.0060,55.2340,55.2001,55.2773,0.0771
A4-DC,tj_ss,cd_vent,E,0.6000,0.4000,0.7000,122.6192,122.7329,122.5771,0.1558
A4-DC,tj_pk50,cd_vent,E,0.6000,0.4000,0.7000,105.5318,105.6169,105.4997,0.1173
A4-DC,tj_300,cd_vent,E,0.6000,0.4000,0.7000,106.4475,106.4486,106.4470,0.0015
A4-DC,tj_180,cd_vent,E,0.6000,0.4000,0.7000,99.1277,99.1278,99.1276,0.0003
A4-DC,case_ss,cd_vent,E,0.6000,0.4000,0.7000,98.1964,98.3102,98.1544,0.1558
A4-DC,dl_case,cd_vent,E,0.6000,0.4000,0.7000,79.2896,79.3808,79.2554,0.1253
A4-DC,surf5,cd_vent,E,0.6000,0.4000,0.7000,29.4110,29.4111,29.4110,0.0001
A4-DC,petg_ss,cd_vent,E,0.6000,0.4000,0.7000,59.6076,61.6302,58.8466,2.7836
A4-DC,petg_ss50,cd_vent,E,0.6000,0.4000,0.7000,55.6098,56.9306,55.1036,1.8270
A4-DC,dl_petg,cd_vent,E,0.6000,0.4000,0.7000,56.4499,57.9153,55.8909,2.0244
A4-DC,fr4_ss,cd_vent,E,0.6000,0.4000,0.7000,66.8868,68.5886,66.2575,2.3311
A4-DC,bay_ss,cd_vent,E,0.6000,0.4000,0.7000,60.9506,63.7115,59.9222,3.7894
A4-DC,dl_bay,cd_vent,E,0.6000,0.4000,0.7000,57.1735,59.1732,56.4193,2.7540
A4-DC,cell30,cd_vent,E,0.6000,0.4000,0.7000,49.1562,49.2280,49.1234,0.1046
A4-DC,main30,cd_vent,E,0.6000,0.4000,0.7000,53.1481,53.4318,53.0227,0.4091
A4-DC,cell_ss50,cd_vent,E,0.6000,0.4000,0.7000,54.4088,54.8084,54.2430,0.5654
A4-DC,dl_cell,cd_vent,E,0.6000,0.4000,0.7000,55.1711,55.6083,54.9905,0.6178
A4-DC,dl_main,cd_vent,E,0.6000,0.4000,0.7000,55.2340,55.7879,55.0052,0.7827
A4-DC,tj_ss,h_stack_bay,E,0.0350,0.0250,0.0450,122.6192,122.6644,122.5859,0.0785
A4-DC,tj_pk50,h_stack_bay,E,0.0350,0.0250,0.0450,105.5318,105.5657,105.5066,0.0591
A4-DC,tj_300,h_stack_bay,E,0.0350,0.0250,0.0450,106.4475,106.4480,106.4471,0.0009
A4-DC,tj_180,h_stack_bay,E,0.0350,0.0250,0.0450,99.1277,99.1277,99.1276,0.0001
A4-DC,case_ss,h_stack_bay,E,0.0350,0.0250,0.0450,98.1964,98.2417,98.1632,0.0785
A4-DC,dl_case,h_stack_bay,E,0.0350,0.0250,0.0450,79.2896,79.3259,79.2627,0.0632
A4-DC,surf5,h_stack_bay,E,0.0350,0.0250,0.0450,29.4110,29.4111,29.4110,0.0001
A4-DC,petg_ss,h_stack_bay,E,0.0350,0.0250,0.0450,59.6076,60.3606,59.0533,1.3073
A4-DC,petg_ss50,h_stack_bay,E,0.0350,0.0250,0.0450,55.6098,56.0984,55.2468,0.8515
A4-DC,dl_petg,h_stack_bay,E,0.0350,0.0250,0.0450,56.4499,56.9933,56.0472,0.9461
A4-DC,fr4_ss,h_stack_bay,E,0.0350,0.0250,0.0450,66.8868,67.5640,66.3892,1.1748
A4-DC,bay_ss,h_stack_bay,E,0.0350,0.0250,0.0450,60.9506,62.0527,60.1378,1.9150
A4-DC,dl_bay,h_stack_bay,E,0.0350,0.0250,0.0450,57.1735,57.9720,56.5807,1.3913
A4-DC,cell30,h_stack_bay,E,0.0350,0.0250,0.0450,49.1562,49.1687,49.1464,0.0223
A4-DC,main30,h_stack_bay,E,0.0350,0.0250,0.0450,53.1481,53.2035,53.1053,0.0982
A4-DC,cell_ss50,h_stack_bay,E,0.0350,0.0250,0.0450,54.4088,54.4871,54.3506,0.1365
A4-DC,dl_cell,h_stack_bay,E,0.0350,0.0250,0.0450,55.1711,55.2578,55.1068,0.1510
A4-DC,dl_main,h_stack_bay,E,0.0350,0.0250,0.0450,55.2340,55.3439,55.1526,0.1913
A4-DC,tj_ss,h_stack_main,E,0.0300,0.0200,0.0400,122.6192,122.6209,122.6178,0.0031
A4-DC,tj_pk50,h_stack_main,E,0.0300,0.0200,0.0400,105.5318,105.5333,105.5305,0.0028
A4-DC,tj_300,h_stack_main,E,0.0300,0.0200,0.0400,106.4475,106.4475,106.4475,0.0000
A4-DC,tj_180,h_stack_main,E,0.0300,0.0200,0.0400,99.1277,99.1277,99.1277,0.0000
A4-DC,case_ss,h_stack_main,E,0.0300,0.0200,0.0400,98.1964,98.1981,98.1951,0.0031
A4-DC,dl_case,h_stack_main,E,0.0300,0.0200,0.0400,79.2896,79.2912,79.2884,0.0029
A4-DC,surf5,h_stack_main,E,0.0300,0.0200,0.0400,29.4110,29.4110,29.4110,0.0000
A4-DC,petg_ss,h_stack_main,E,0.0300,0.0200,0.0400,59.6076,59.7054,59.5284,0.1769
A4-DC,petg_ss50,h_stack_main,E,0.0300,0.0200,0.0400,55.6098,55.6825,55.5509,0.1316
A4-DC,dl_petg,h_stack_main,E,0.0300,0.0200,0.0400,56.4499,56.5276,56.3869,0.1407
A4-DC,fr4_ss,h_stack_main,E,0.0300,0.0200,0.0400,66.8868,66.9122,66.8663,0.0460
A4-DC,bay_ss,h_stack_main,E,0.0300,0.0200,0.0400,60.9506,60.9920,60.9171,0.0749
A4-DC,dl_bay,h_stack_main,E,0.0300,0.0200,0.0400,57.1735,57.2082,57.1453,0.0628
A4-DC,cell30,h_stack_main,E,0.0300,0.0200,0.0400,49.1562,49.1795,49.1369,0.0426
A4-DC,main30,h_stack_main,E,0.0300,0.0200,0.0400,53.1481,53.2309,53.0800,0.1509
A4-DC,cell_ss50,h_stack_main,E,0.0300,0.0200,0.0400,54.4088,54.5187,54.3196,0.1991
A4-DC,dl_cell,h_stack_main,E,0.0300,0.0200,0.0400,55.1711,55.2896,55.0750,0.2147
A4-DC,dl_main,h_stack_main,E,0.0300,0.0200,0.0400,55.2340,55.3842,55.1122,0.2720
A4-DC,tj_ss,rho_air,D,1.1000,1.0700,1.1300,122.6192,122.6268,122.6118,0.0151
A4-DC,tj_pk50,rho_air,D,1.1000,1.0700,1.1300,105.5318,105.5376,105.5261,0.0114
A4-DC,tj_300,rho_air,D,1.1000,1.0700,1.1300,106.4475,106.4476,106.4474,0.0002
A4-DC,tj_180,rho_air,D,1.1000,1.0700,1.1300,99.1277,99.1277,99.1277,0.0000
A4-DC,case_ss,rho_air,D,1.1000,1.0700,1.1300,98.1964,98.2041,98.1890,0.0151
A4-DC,dl_case,rho_air,D,1.1000,1.0700,1.1300,79.2896,79.2958,79.2836,0.0122
A4-DC,surf5,rho_air,D,1.1000,1.0700,1.1300,29.4110,29.4110,29.4110,0.0000
A4-DC,petg_ss,rho_air,D,1.1000,1.0700,1.1300,59.6076,59.7450,59.4741,0.2709
A4-DC,petg_ss50,rho_air,D,1.1000,1.0700,1.1300,55.6098,55.7007,55.5214,0.1793
A4-DC,dl_petg,rho_air,D,1.1000,1.0700,1.1300,56.4499,56.5504,56.3522,0.1982
A4-DC,fr4_ss,rho_air,D,1.1000,1.0700,1.1300,66.8868,67.0012,66.7760,0.2252
A4-DC,bay_ss,rho_air,D,1.1000,1.0700,1.1300,60.9506,61.1370,60.7697,0.3673
A4-DC,dl_bay,rho_air,D,1.1000,1.0700,1.1300,57.1735,57.3096,57.0412,0.2685
A4-DC,cell30,rho_air,D,1.1000,1.0700,1.1300,49.1562,49.1618,49.1507,0.0110
A4-DC,main30,rho_air,D,1.1000,1.0700,1.1300,53.1481,53.1696,53.1270,0.0426
A4-DC,cell_ss50,rho_air,D,1.1000,1.0700,1.1300,54.4088,54.4378,54.3805,0.0573
A4-DC,dl_cell,rho_air,D,1.1000,1.0700,1.1300,55.1711,55.2027,55.1401,0.0625
A4-DC,dl_main,rho_air,D,1.1000,1.0700,1.1300,55.2340,55.2740,55.1948,0.0792
A4-DC,tj_ss,cp_air,D,1007.0000,1005.0000,1009.0000,122.6192,122.6197,122.6186,0.0011
A4-DC,tj_pk50,cp_air,D,1007.0000,1005.0000,1009.0000,105.5318,105.5322,105.5314,0.0008
A4-DC,tj_300,cp_air,D,1007.0000,1005.0000,1009.0000,106.4475,106.4475,106.4475,0.0000
A4-DC,tj_180,cp_air,D,1007.0000,1005.0000,1009.0000,99.1277,99.1277,99.1277,0.0000
A4-DC,case_ss,cp_air,D,1007.0000,1005.0000,1009.0000,98.1964,98.1970,98.1959,0.0011
A4-DC,dl_case,cp_air,D,1007.0000,1005.0000,1009.0000,79.2896,79.2901,79.2892,0.0009
A4-DC,surf5,cp_air,D,1007.0000,1005.0000,1009.0000,29.4110,29.4110,29.4110,0.0000
A4-DC,petg_ss,cp_air,D,1007.0000,1005.0000,1009.0000,59.6076,59.6174,59.5977,0.0197
A4-DC,petg_ss50,cp_air,D,1007.0000,1005.0000,1009.0000,55.6098,55.6164,55.6033,0.0131
A4-DC,dl_petg,cp_air,D,1007.0000,1005.0000,1009.0000,56.4499,56.4572,56.4427,0.0144
A4-DC,fr4_ss,cp_air,D,1007.0000,1005.0000,1009.0000,66.8868,66.8950,66.8787,0.0164
A4-DC,bay_ss,cp_air,D,1007.0000,1005.0000,1009.0000,60.9506,60.9640,60.9373,0.0267
A4-DC,dl_bay,cp_air,D,1007.0000,1005.0000,1009.0000,57.1735,57.1833,57.1637,0.0195
A4-DC,cell30,cp_air,D,1007.0000,1005.0000,1009.0000,49.1562,49.1566,49.1558,0.0008
A4-DC,main30,cp_air,D,1007.0000,1005.0000,1009.0000,53.1481,53.1497,53.1466,0.0031
A4-DC,cell_ss50,cp_air,D,1007.0000,1005.0000,1009.0000,54.4088,54.4109,54.4068,0.0042
A4-DC,dl_cell,cp_air,D,1007.0000,1005.0000,1009.0000,55.1711,55.1734,55.1688,0.0046
A4-DC,dl_main,cp_air,D,1007.0000,1005.0000,1009.0000,55.2340,55.2369,55.2312,0.0058
A4-DC,tj_ss,cp_al,D,896.0000,880.0000,910.0000,122.6192,122.6192,122.6192,0.0000
A4-DC,tj_pk50,cp_al,D,896.0000,880.0000,910.0000,105.5318,105.5326,105.5311,0.0015
A4-DC,tj_300,cp_al,D,896.0000,880.0000,910.0000,106.4475,106.7085,106.2231,0.4854
A4-DC,tj_180,cp_al,D,896.0000,880.0000,910.0000,99.1277,99.3476,98.9398,0.4078
A4-DC,case_ss,cp_al,D,896.0000,880.0000,910.0000,98.1964,98.1964,98.1964,0.0000
A4-DC,dl_case,cp_al,D,896.0000,880.0000,910.0000,79.2896,79.2896,79.2896,0.0000
A4-DC,surf5,cp_al,D,896.0000,880.0000,910.0000,29.4110,29.4703,29.3605,0.1099
A4-DC,petg_ss,cp_al,D,896.0000,880.0000,910.0000,59.6076,59.6076,59.6076,0.0000
A4-DC,petg_ss50,cp_al,D,896.0000,880.0000,910.0000,55.6098,55.6098,55.6098,0.0000
A4-DC,dl_petg,cp_al,D,896.0000,880.0000,910.0000,56.4499,56.4499,56.4499,0.0000
A4-DC,fr4_ss,cp_al,D,896.0000,880.0000,910.0000,66.8868,66.8868,66.8868,0.0000
A4-DC,bay_ss,cp_al,D,896.0000,880.0000,910.0000,60.9506,60.9506,60.9506,0.0000
A4-DC,dl_bay,cp_al,D,896.0000,880.0000,910.0000,57.1735,57.1735,57.1735,0.0000
A4-DC,cell30,cp_al,D,896.0000,880.0000,910.0000,49.1562,49.1564,49.1560,0.0004
A4-DC,main30,cp_al,D,896.0000,880.0000,910.0000,53.1481,53.1488,53.1476,0.0012
A4-DC,cell_ss50,cp_al,D,896.0000,880.0000,910.0000,54.4088,54.4088,54.4088,0.0000
A4-DC,dl_cell,cp_al,D,896.0000,880.0000,910.0000,55.1711,55.1711,55.1711,0.0000
A4-DC,dl_main,cp_al,D,896.0000,880.0000,910.0000,55.2340,55.2340,55.2340,0.0000
A4-DC,tj_ss,rho_petg,E,1270.0000,1230.0000,1290.0000,122.6192,122.6192,122.6192,0.0000
A4-DC,tj_pk50,rho_petg,E,1270.0000,1230.0000,1290.0000,105.5318,105.5318,105.5318,0.0000
A4-DC,tj_300,rho_petg,E,1270.0000,1230.0000,1290.0000,106.4475,106.4518,106.4455,0.0063
A4-DC,tj_180,rho_petg,E,1270.0000,1230.0000,1290.0000,99.1277,99.1292,99.1269,0.0023
A4-DC,case_ss,rho_petg,E,1270.0000,1230.0000,1290.0000,98.1964,98.1964,98.1964,0.0000
A4-DC,dl_case,rho_petg,E,1270.0000,1230.0000,1290.0000,79.2896,79.2896,79.2896,0.0000
A4-DC,surf5,rho_petg,E,1270.0000,1230.0000,1290.0000,29.4110,29.4848,29.3749,0.1098
A4-DC,petg_ss,rho_petg,E,1270.0000,1230.0000,1290.0000,59.6076,59.6076,59.6076,0.0000
A4-DC,petg_ss50,rho_petg,E,1270.0000,1230.0000,1290.0000,55.6098,55.6098,55.6098,0.0000
A4-DC,dl_petg,rho_petg,E,1270.0000,1230.0000,1290.0000,56.4499,56.4499,56.4499,0.0000
A4-DC,fr4_ss,rho_petg,E,1270.0000,1230.0000,1290.0000,66.8868,66.8868,66.8868,0.0000
A4-DC,bay_ss,rho_petg,E,1270.0000,1230.0000,1290.0000,60.9506,60.9506,60.9506,0.0000
A4-DC,dl_bay,rho_petg,E,1270.0000,1230.0000,1290.0000,57.1735,57.1735,57.1735,0.0000
A4-DC,cell30,rho_petg,E,1270.0000,1230.0000,1290.0000,49.1562,49.1654,49.1516,0.0138
A4-DC,main30,rho_petg,E,1270.0000,1230.0000,1290.0000,53.1481,53.1601,53.1421,0.0180
A4-DC,cell_ss50,rho_petg,E,1270.0000,1230.0000,1290.0000,54.4088,54.4088,54.4088,0.0000
A4-DC,dl_cell,rho_petg,E,1270.0000,1230.0000,1290.0000,55.1711,55.1711,55.1711,0.0000
A4-DC,dl_main,rho_petg,E,1270.0000,1230.0000,1290.0000,55.2340,55.2340,55.2340,0.0000
A4-DC,tj_ss,cp_petg,E,1200.0000,1100.0000,1300.0000,122.6192,122.6192,122.6192,0.0000
A4-DC,tj_pk50,cp_petg,E,1200.0000,1100.0000,1300.0000,105.5318,105.5317,105.5318,0.0001
A4-DC,tj_300,cp_petg,E,1200.0000,1100.0000,1300.0000,106.4475,106.4591,106.4370,0.0221
A4-DC,tj_180,cp_petg,E,1200.0000,1100.0000,1300.0000,99.1277,99.1319,99.1239,0.0079
A4-DC,case_ss,cp_petg,E,1200.0000,1100.0000,1300.0000,98.1964,98.1964,98.1964,0.0000
A4-DC,dl_case,cp_petg,E,1200.0000,1100.0000,1300.0000,79.2896,79.2896,79.2896,0.0000
A4-DC,surf5,cp_petg,E,1200.0000,1100.0000,1300.0000,29.4110,29.6107,29.2257,0.3851
A4-DC,petg_ss,cp_petg,E,1200.0000,1100.0000,1300.0000,59.6076,59.6076,59.6076,0.0000
A4-DC,petg_ss50,cp_petg,E,1200.0000,1100.0000,1300.0000,55.6098,55.6098,55.6098,0.0000
A4-DC,dl_petg,cp_petg,E,1200.0000,1100.0000,1300.0000,56.4499,56.4499,56.4499,0.0000
A4-DC,fr4_ss,cp_petg,E,1200.0000,1100.0000,1300.0000,66.8868,66.8868,66.8868,0.0000
A4-DC,bay_ss,cp_petg,E,1200.0000,1100.0000,1300.0000,60.9506,60.9506,60.9506,0.0000
A4-DC,dl_bay,cp_petg,E,1200.0000,1100.0000,1300.0000,57.1735,57.1735,57.1735,0.0000
A4-DC,cell30,cp_petg,E,1200.0000,1100.0000,1300.0000,49.1562,49.1807,49.1322,0.0485
A4-DC,main30,cp_petg,E,1200.0000,1100.0000,1300.0000,53.1481,53.1797,53.1159,0.0637
A4-DC,cell_ss50,cp_petg,E,1200.0000,1100.0000,1300.0000,54.4088,54.4088,54.4088,0.0000
A4-DC,dl_cell,cp_petg,E,1200.0000,1100.0000,1300.0000,55.1711,55.1711,55.1711,0.0000
A4-DC,dl_main,cp_petg,E,1200.0000,1100.0000,1300.0000,55.2340,55.2340,55.2340,0.0000
A4-DC,tj_ss,rho_fr4,E,1850.0000,1800.0000,1900.0000,122.6192,122.6192,122.6192,0.0000
A4-DC,tj_pk50,rho_fr4,E,1850.0000,1800.0000,1900.0000,105.5318,105.5318,105.5318,0.0000
A4-DC,tj_300,rho_fr4,E,1850.0000,1800.0000,1900.0000,106.4475,106.4506,106.4446,0.0060
A4-DC,tj_180,rho_fr4,E,1850.0000,1800.0000,1900.0000,99.1277,99.1289,99.1265,0.0024
A4-DC,case_ss,rho_fr4,E,1850.0000,1800.0000,1900.0000,98.1964,98.1964,98.1964,0.0000
A4-DC,dl_case,rho_fr4,E,1850.0000,1800.0000,1900.0000,79.2896,79.2896,79.2896,0.0000
A4-DC,surf5,rho_fr4,E,1850.0000,1800.0000,1900.0000,29.4110,29.4114,29.4107,0.0006
A4-DC,petg_ss,rho_fr4,E,1850.0000,1800.0000,1900.0000,59.6076,59.6076,59.6076,0.0000
A4-DC,petg_ss50,rho_fr4,E,1850.0000,1800.0000,1900.0000,55.6098,55.6098,55.6098,0.0000
A4-DC,dl_petg,rho_fr4,E,1850.0000,1800.0000,1900.0000,56.4499,56.4499,56.4499,0.0000
A4-DC,fr4_ss,rho_fr4,E,1850.0000,1800.0000,1900.0000,66.8868,66.8868,66.8868,0.0000
A4-DC,bay_ss,rho_fr4,E,1850.0000,1800.0000,1900.0000,60.9506,60.9506,60.9506,0.0000
A4-DC,dl_bay,rho_fr4,E,1850.0000,1800.0000,1900.0000,57.1735,57.1735,57.1735,0.0000
A4-DC,cell30,rho_fr4,E,1850.0000,1800.0000,1900.0000,49.1562,49.1567,49.1557,0.0010
A4-DC,main30,rho_fr4,E,1850.0000,1800.0000,1900.0000,53.1481,53.1495,53.1468,0.0028
A4-DC,cell_ss50,rho_fr4,E,1850.0000,1800.0000,1900.0000,54.4088,54.4088,54.4088,0.0000
A4-DC,dl_cell,rho_fr4,E,1850.0000,1800.0000,1900.0000,55.1711,55.1711,55.1711,0.0000
A4-DC,dl_main,rho_fr4,E,1850.0000,1800.0000,1900.0000,55.2340,55.2340,55.2340,0.0000
A4-DC,tj_ss,cp_fr4,E,1100.0000,1000.0000,1200.0000,122.6192,122.6192,122.6192,0.0000
A4-DC,tj_pk50,cp_fr4,E,1100.0000,1000.0000,1200.0000,105.5318,105.5318,105.5317,0.0000
A4-DC,tj_300,cp_fr4,E,1100.0000,1000.0000,1200.0000,106.4475,106.4582,106.4381,0.0201
A4-DC,tj_180,cp_fr4,E,1100.0000,1000.0000,1200.0000,99.1277,99.1321,99.1238,0.0082
A4-DC,case_ss,cp_fr4,E,1100.0000,1000.0000,1200.0000,98.1964,98.1964,98.1964,0.0000
A4-DC,dl_case,cp_fr4,E,1100.0000,1000.0000,1200.0000,79.2896,79.2896,79.2896,0.0000
A4-DC,surf5,cp_fr4,E,1100.0000,1000.0000,1200.0000,29.4110,29.4122,29.4100,0.0022
A4-DC,petg_ss,cp_fr4,E,1100.0000,1000.0000,1200.0000,59.6076,59.6076,59.6076,0.0000
A4-DC,petg_ss50,cp_fr4,E,1100.0000,1000.0000,1200.0000,55.6098,55.6098,55.6098,0.0000
A4-DC,dl_petg,cp_fr4,E,1100.0000,1000.0000,1200.0000,56.4499,56.4499,56.4499,0.0000
A4-DC,fr4_ss,cp_fr4,E,1100.0000,1000.0000,1200.0000,66.8868,66.8868,66.8868,0.0000
A4-DC,bay_ss,cp_fr4,E,1100.0000,1000.0000,1200.0000,60.9506,60.9506,60.9506,0.0000
A4-DC,dl_bay,cp_fr4,E,1100.0000,1000.0000,1200.0000,57.1735,57.1735,57.1735,0.0000
A4-DC,cell30,cp_fr4,E,1100.0000,1000.0000,1200.0000,49.1562,49.1580,49.1545,0.0034
A4-DC,main30,cp_fr4,E,1100.0000,1000.0000,1200.0000,53.1481,53.1528,53.1435,0.0093
A4-DC,cell_ss50,cp_fr4,E,1100.0000,1000.0000,1200.0000,54.4088,54.4088,54.4088,0.0000
A4-DC,dl_cell,cp_fr4,E,1100.0000,1000.0000,1200.0000,55.1711,55.1711,55.1711,0.0000
A4-DC,dl_main,cp_fr4,E,1100.0000,1000.0000,1200.0000,55.2340,55.2340,55.2340,0.0000
A4-DC,tj_ss,c_bay,E,25.0000,15.0000,40.0000,122.6192,122.6192,122.6192,0.0000
A4-DC,tj_pk50,c_bay,E,25.0000,15.0000,40.0000,105.5318,105.5318,105.5317,0.0001
A4-DC,tj_300,c_bay,E,25.0000,15.0000,40.0000,106.4475,106.4676,106.4320,0.0356
A4-DC,tj_180,c_bay,E,25.0000,15.0000,40.0000,99.1277,99.1358,99.1221,0.0137
A4-DC,case_ss,c_bay,E,25.0000,15.0000,40.0000,98.1964,98.1964,98.1964,0.0000
A4-DC,dl_case,c_bay,E,25.0000,15.0000,40.0000,79.2896,79.2896,79.2896,0.0000
A4-DC,surf5,c_bay,E,25.0000,15.0000,40.0000,29.4110,29.4130,29.4096,0.0034
A4-DC,petg_ss,c_bay,E,25.0000,15.0000,40.0000,59.6076,59.6076,59.6076,0.0000
A4-DC,petg_ss50,c_bay,E,25.0000,15.0000,40.0000,55.6098,55.6098,55.6098,0.0000
A4-DC,dl_petg,c_bay,E,25.0000,15.0000,40.0000,56.4499,56.4499,56.4499,0.0000
A4-DC,fr4_ss,c_bay,E,25.0000,15.0000,40.0000,66.8868,66.8868,66.8868,0.0000
A4-DC,bay_ss,c_bay,E,25.0000,15.0000,40.0000,60.9506,60.9506,60.9506,0.0000
A4-DC,dl_bay,c_bay,E,25.0000,15.0000,40.0000,57.1735,57.1735,57.1735,0.0000
A4-DC,cell30,c_bay,E,25.0000,15.0000,40.0000,49.1562,49.1902,49.1117,0.0784
A4-DC,main30,c_bay,E,25.0000,15.0000,40.0000,53.1481,53.2008,53.0577,0.1431
A4-DC,cell_ss50,c_bay,E,25.0000,15.0000,40.0000,54.4088,54.4088,54.4088,0.0000
A4-DC,dl_cell,c_bay,E,25.0000,15.0000,40.0000,55.1711,55.1711,55.1711,0.0000
A4-DC,dl_main,c_bay,E,25.0000,15.0000,40.0000,55.2340,55.2340,55.2340,0.0000
A4-DC,tj_ss,c_main,E,60.0000,40.0000,90.0000,122.6192,122.6192,122.6192,0.0000
A4-DC,tj_pk50,c_main,E,60.0000,40.0000,90.0000,105.5318,105.5318,105.5318,0.0000
A4-DC,tj_300,c_main,E,60.0000,40.0000,90.0000,106.4475,106.4481,106.4470,0.0011
A4-DC,tj_180,c_main,E,60.0000,40.0000,90.0000,99.1277,99.1278,99.1276,0.0003
A4-DC,case_ss,c_main,E,60.0000,40.0000,90.0000,98.1964,98.1964,98.1964,0.0000
A4-DC,dl_case,c_main,E,60.0000,40.0000,90.0000,79.2896,79.2896,79.2896,0.0000
A4-DC,surf5,c_main,E,60.0000,40.0000,90.0000,29.4110,29.4111,29.4110,0.0001
A4-DC,petg_ss,c_main,E,60.0000,40.0000,90.0000,59.6076,59.6076,59.6076,0.0000
A4-DC,petg_ss50,c_main,E,60.0000,40.0000,90.0000,55.6098,55.6098,55.6098,0.0000
A4-DC,dl_petg,c_main,E,60.0000,40.0000,90.0000,56.4499,56.4499,56.4499,0.0000
A4-DC,fr4_ss,c_main,E,60.0000,40.0000,90.0000,66.8868,66.8868,66.8868,0.0000
A4-DC,bay_ss,c_main,E,60.0000,40.0000,90.0000,60.9506,60.9506,60.9506,0.0000
A4-DC,dl_bay,c_main,E,60.0000,40.0000,90.0000,57.1735,57.1735,57.1735,0.0000
A4-DC,cell30,c_main,E,60.0000,40.0000,90.0000,49.1562,49.3668,48.8599,0.5070
A4-DC,main30,c_main,E,60.0000,40.0000,90.0000,53.1481,53.3539,52.7641,0.5898
A4-DC,cell_ss50,c_main,E,60.0000,40.0000,90.0000,54.4088,54.4088,54.4088,0.0000
A4-DC,dl_cell,c_main,E,60.0000,40.0000,90.0000,55.1711,55.1711,55.1711,0.0000
A4-DC,dl_main,c_main,E,60.0000,40.0000,90.0000,55.2340,55.2340,55.2340,0.0000
A4-DC,tj_ss,c_case_a5,E,3.0000,2.0000,4.5000,122.6192,122.6192,122.6192,0.0000
A4-DC,tj_pk50,c_case_a5,E,3.0000,2.0000,4.5000,105.5318,105.5318,105.5318,0.0000
A4-DC,tj_300,c_case_a5,E,3.0000,2.0000,4.5000,106.4475,106.4475,106.4475,0.0000
A4-DC,tj_180,c_case_a5,E,3.0000,2.0000,4.5000,99.1277,99.1277,99.1277,0.0000
A4-DC,case_ss,c_case_a5,E,3.0000,2.0000,4.5000,98.1964,98.1964,98.1964,0.0000
A4-DC,dl_case,c_case_a5,E,3.0000,2.0000,4.5000,79.2896,79.2896,79.2896,0.0000
A4-DC,surf5,c_case_a5,E,3.0000,2.0000,4.5000,29.4110,29.4110,29.4110,0.0000
A4-DC,petg_ss,c_case_a5,E,3.0000,2.0000,4.5000,59.6076,59.6076,59.6076,0.0000
A4-DC,petg_ss50,c_case_a5,E,3.0000,2.0000,4.5000,55.6098,55.6098,55.6098,0.0000
A4-DC,dl_petg,c_case_a5,E,3.0000,2.0000,4.5000,56.4499,56.4499,56.4499,0.0000
A4-DC,fr4_ss,c_case_a5,E,3.0000,2.0000,4.5000,66.8868,66.8868,66.8868,0.0000
A4-DC,bay_ss,c_case_a5,E,3.0000,2.0000,4.5000,60.9506,60.9506,60.9506,0.0000
A4-DC,dl_bay,c_case_a5,E,3.0000,2.0000,4.5000,57.1735,57.1735,57.1735,0.0000
A4-DC,cell30,c_case_a5,E,3.0000,2.0000,4.5000,49.1562,49.1562,49.1562,0.0000
A4-DC,main30,c_case_a5,E,3.0000,2.0000,4.5000,53.1481,53.1481,53.1481,0.0000
A4-DC,cell_ss50,c_case_a5,E,3.0000,2.0000,4.5000,54.4088,54.4088,54.4088,0.0000
A4-DC,dl_cell,c_case_a5,E,3.0000,2.0000,4.5000,55.1711,55.1711,55.1711,0.0000
A4-DC,dl_main,c_case_a5,E,3.0000,2.0000,4.5000,55.2340,55.2340,55.2340,0.0000
A4-DC,tj_ss,c_j2,E,0.2000,0.1000,0.4000,122.6192,122.6192,122.6192,0.0000
A4-DC,tj_pk50,c_j2,E,0.2000,0.1000,0.4000,105.5318,105.5318,105.5318,0.0000
A4-DC,tj_300,c_j2,E,0.2000,0.1000,0.4000,106.4475,106.4475,106.4475,0.0000
A4-DC,tj_180,c_j2,E,0.2000,0.1000,0.4000,99.1277,99.1277,99.1277,0.0000
A4-DC,case_ss,c_j2,E,0.2000,0.1000,0.4000,98.1964,98.1964,98.1964,0.0000
A4-DC,dl_case,c_j2,E,0.2000,0.1000,0.4000,79.2896,79.2896,79.2896,0.0000
A4-DC,surf5,c_j2,E,0.2000,0.1000,0.4000,29.4110,29.4110,29.4110,0.0000
A4-DC,petg_ss,c_j2,E,0.2000,0.1000,0.4000,59.6076,59.6076,59.6076,0.0000
A4-DC,petg_ss50,c_j2,E,0.2000,0.1000,0.4000,55.6098,55.6098,55.6098,0.0000
A4-DC,dl_petg,c_j2,E,0.2000,0.1000,0.4000,56.4499,56.4499,56.4499,0.0000
A4-DC,fr4_ss,c_j2,E,0.2000,0.1000,0.4000,66.8868,66.8868,66.8868,0.0000
A4-DC,bay_ss,c_j2,E,0.2000,0.1000,0.4000,60.9506,60.9506,60.9506,0.0000
A4-DC,dl_bay,c_j2,E,0.2000,0.1000,0.4000,57.1735,57.1735,57.1735,0.0000
A4-DC,cell30,c_j2,E,0.2000,0.1000,0.4000,49.1562,49.1562,49.1562,0.0000
A4-DC,main30,c_j2,E,0.2000,0.1000,0.4000,53.1481,53.1481,53.1481,0.0000
A4-DC,cell_ss50,c_j2,E,0.2000,0.1000,0.4000,54.4088,54.4088,54.4088,0.0000
A4-DC,dl_cell,c_j2,E,0.2000,0.1000,0.4000,55.1711,55.1711,55.1711,0.0000
A4-DC,dl_main,c_j2,E,0.2000,0.1000,0.4000,55.2340,55.2340,55.2340,0.0000
A4-DC,tj_ss,c_j1,E,0.1000,0.0500,0.2000,122.6192,122.6192,122.6192,0.0000
A4-DC,tj_pk50,c_j1,E,0.1000,0.0500,0.2000,105.5318,105.5318,105.5318,0.0000
A4-DC,tj_300,c_j1,E,0.1000,0.0500,0.2000,106.4475,106.4475,106.4475,0.0000
A4-DC,tj_180,c_j1,E,0.1000,0.0500,0.2000,99.1277,99.1277,99.1277,0.0000
A4-DC,case_ss,c_j1,E,0.1000,0.0500,0.2000,98.1964,98.1964,98.1964,0.0000
A4-DC,dl_case,c_j1,E,0.1000,0.0500,0.2000,79.2896,79.2896,79.2896,0.0000
A4-DC,surf5,c_j1,E,0.1000,0.0500,0.2000,29.4110,29.4110,29.4110,0.0000
A4-DC,petg_ss,c_j1,E,0.1000,0.0500,0.2000,59.6076,59.6076,59.6076,0.0000
A4-DC,petg_ss50,c_j1,E,0.1000,0.0500,0.2000,55.6098,55.6098,55.6098,0.0000
A4-DC,dl_petg,c_j1,E,0.1000,0.0500,0.2000,56.4499,56.4499,56.4499,0.0000
A4-DC,fr4_ss,c_j1,E,0.1000,0.0500,0.2000,66.8868,66.8868,66.8868,0.0000
A4-DC,bay_ss,c_j1,E,0.1000,0.0500,0.2000,60.9506,60.9506,60.9506,0.0000
A4-DC,dl_bay,c_j1,E,0.1000,0.0500,0.2000,57.1735,57.1735,57.1735,0.0000
A4-DC,cell30,c_j1,E,0.1000,0.0500,0.2000,49.1562,49.1562,49.1562,0.0000
A4-DC,main30,c_j1,E,0.1000,0.0500,0.2000,53.1481,53.1481,53.1481,0.0000
A4-DC,cell_ss50,c_j1,E,0.1000,0.0500,0.2000,54.4088,54.4088,54.4088,0.0000
A4-DC,dl_cell,c_j1,E,0.1000,0.0500,0.2000,55.1711,55.1711,55.1711,0.0000
A4-DC,dl_main,c_j1,E,0.1000,0.0500,0.2000,55.2340,55.2340,55.2340,0.0000
A4-DC,tj_ss,c_j_a4,E,0.0500,0.0200,0.1000,122.6192,122.6192,122.6192,0.0000
A4-DC,tj_pk50,c_j_a4,E,0.0500,0.0200,0.1000,105.5318,105.5817,105.4306,0.1511
A4-DC,tj_300,c_j_a4,E,0.0500,0.0200,0.1000,106.4475,106.4762,106.3997,0.0765
A4-DC,tj_180,c_j_a4,E,0.0500,0.0200,0.1000,99.1277,99.1631,99.0686,0.0945
A4-DC,case_ss,c_j_a4,E,0.0500,0.0200,0.1000,98.1964,98.1964,98.1964,0.0000
A4-DC,dl_case,c_j_a4,E,0.0500,0.0200,0.1000,79.2896,79.2896,79.2896,0.0000
A4-DC,surf5,c_j_a4,E,0.0500,0.0200,0.1000,29.4110,29.4165,29.4019,0.0146
A4-DC,petg_ss,c_j_a4,E,0.0500,0.0200,0.1000,59.6076,59.6076,59.6076,0.0000
A4-DC,petg_ss50,c_j_a4,E,0.0500,0.0200,0.1000,55.6098,55.6098,55.6098,0.0000
A4-DC,dl_petg,c_j_a4,E,0.0500,0.0200,0.1000,56.4499,56.4499,56.4499,0.0000
A4-DC,fr4_ss,c_j_a4,E,0.0500,0.0200,0.1000,66.8868,66.8868,66.8868,0.0000
A4-DC,bay_ss,c_j_a4,E,0.0500,0.0200,0.1000,60.9506,60.9506,60.9506,0.0000
A4-DC,dl_bay,c_j_a4,E,0.0500,0.0200,0.1000,57.1735,57.1735,57.1735,0.0000
A4-DC,cell30,c_j_a4,E,0.0500,0.0200,0.1000,49.1562,49.1562,49.1562,0.0000
A4-DC,main30,c_j_a4,E,0.0500,0.0200,0.1000,53.1481,53.1482,53.1481,0.0001
A4-DC,cell_ss50,c_j_a4,E,0.0500,0.0200,0.1000,54.4088,54.4088,54.4088,0.0000
A4-DC,dl_cell,c_j_a4,E,0.0500,0.0200,0.1000,55.1711,55.1711,55.1711,0.0000
A4-DC,dl_main,c_j_a4,E,0.0500,0.0200,0.1000,55.2340,55.2340,55.2340,0.0000
A4-DC,tj_ss,c_case_a4,E,1.0000,0.6000,1.6000,122.6192,122.6192,122.6192,0.0000
A4-DC,tj_pk50,c_case_a4,E,1.0000,0.6000,1.6000,105.5318,105.7535,104.9172,0.8362
A4-DC,tj_300,c_case_a4,E,1.0000,0.6000,1.6000,106.4475,106.6573,106.1335,0.5238
A4-DC,tj_180,c_case_a4,E,1.0000,0.6000,1.6000,99.1277,99.3584,98.7844,0.5741
A4-DC,case_ss,c_case_a4,E,1.0000,0.6000,1.6000,98.1964,98.1964,98.1964,0.0000
A4-DC,dl_case,c_case_a4,E,1.0000,0.6000,1.6000,79.2896,79.2896,79.2896,0.0000
A4-DC,surf5,c_case_a4,E,1.0000,0.6000,1.6000,29.4110,29.4536,29.3483,0.1053
A4-DC,petg_ss,c_case_a4,E,1.0000,0.6000,1.6000,59.6076,59.6076,59.6076,0.0000
A4-DC,petg_ss50,c_case_a4,E,1.0000,0.6000,1.6000,55.6098,55.6098,55.6098,0.0000
A4-DC,dl_petg,c_case_a4,E,1.0000,0.6000,1.6000,56.4499,56.4499,56.4499,0.0000
A4-DC,fr4_ss,c_case_a4,E,1.0000,0.6000,1.6000,66.8868,66.8868,66.8868,0.0000
A4-DC,bay_ss,c_case_a4,E,1.0000,0.6000,1.6000,60.9506,60.9506,60.9506,0.0000
A4-DC,dl_bay,c_case_a4,E,1.0000,0.6000,1.6000,57.1735,57.1735,57.1735,0.0000
A4-DC,cell30,c_case_a4,E,1.0000,0.6000,1.6000,49.1562,49.1564,49.1560,0.0004
A4-DC,main30,c_case_a4,E,1.0000,0.6000,1.6000,53.1481,53.1485,53.1476,0.0010
A4-DC,cell_ss50,c_case_a4,E,1.0000,0.6000,1.6000,54.4088,54.4088,54.4088,0.0000
A4-DC,dl_cell,c_case_a4,E,1.0000,0.6000,1.6000,55.1711,55.1711,55.1711,0.0000
A4-DC,dl_main,c_case_a4,E,1.0000,0.6000,1.6000,55.2340,55.2340,55.2340,0.0000
