run,kind,C1C,C1ESR,C1ESL,C1Lvia,C1Cpad,C3C,C3ESR,C3ESL,C3Lvia,C3Cpad,C5C,C5ESR,C5ESL,C5Lvia,C5Cpad,C7C,C7ESR,C7ESL,C7Lvia,C7Cpad,L2L,L2R,L2C,L2Ltr,L4L,L4R,L4C,L4Ltr,L6L,L6R,L6C,L6Ltr,K24,K46,K26,Cio,L2Q,L2SRF,L4Q,L4SRF,L6Q,L6SRF
1,corner -tol,1.710000e-11,2.000000e-01,1.000000e-09,8.496433e-10,3.489749e-13,3.135000e-11,2.000000e-01,1.000000e-09,8.496433e-10,3.489749e-13,3.135000e-11,2.000000e-01,1.000000e-09,8.496433e-10,3.489749e-13,1.710000e-11,2.000000e-01,1.000000e-09,8.496433e-10,3.489749e-13,6.460000e-08,6.088407e-01,2.242710e-13,1.000000e-09,7.790000e-08,7.341902e-01,2.424049e-13,1.000000e-09,6.460000e-08,6.088407e-01,2.242710e-13,1.000000e-09,5.000000e-03,5.000000e-03,1.000000e-03,2.000000e-15,1.000000e+02,1.500000e+09,1.000000e+02,1.300000e+09,1.000000e+02,1.500000e+09
2,corner +tol,1.890000e-11,2.000000e-01,1.000000e-09,8.496433e-10,3.489749e-13,3.465000e-11,2.000000e-01,1.000000e-09,8.496433e-10,3.489749e-13,3.465000e-11,2.000000e-01,1.000000e-09,8.496433e-10,3.489749e-13,1.890000e-11,2.000000e-01,1.000000e-09,8.496433e-10,3.489749e-13,7.140000e-08,6.729291e-01,2.076738e-13,1.000000e-09,8.610000e-08,8.114734e-01,2.240806e-13,1.000000e-09,7.140000e-08,6.729291e-01,2.076738e-13,1.000000e-09,5.000000e-03,5.000000e-03,1.000000e-03,2.000000e-15,1.000000e+02,1.500000e+09,1.000000e+02,1.300000e+09,1.000000e+02,1.500000e+09
3,monte carlo,1.849670e-11,3.002318e-01,6.908567e-10,1.153745e-09,4.087940e-13,3.257327e-11,3.085238e-01,8.773843e-10,3.452720e-10,2.000272e-13,3.334086e-11,2.587753e-01,1.059743e-09,4.292919e-10,3.507332e-13,1.874728e-11,2.700391e-01,9.766691e-10,3.618435e-10,1.695542e-13,6.794327e-08,5.321393e-01,1.701404e-13,8.572734e-10,8.467323e-08,6.823130e-01,1.565437e-13,1.960225e-09,6.945924e-08,5.891984e-01,1.314141e-13,6.601005e-10,5.336182e-03,7.300580e-04,-1.801371e-03,2.993381e-15,1.203351e+02,1.889223e+09,1.169590e+02,1.488930e+09,1.111065e+02,1.902822e+09
4,monte carlo,1.772233e-11,2.602036e-01,9.322236e-10,1.269658e-09,2.326748e-13,3.439386e-11,3.991631e-01,7.354507e-10,8.783490e-10,3.271667e-13,3.376096e-11,1.603340e-01,6.174497e-10,1.134315e-09,4.326603e-13,1.773547e-11,2.753808e-01,9.148805e-10,1.257103e-09,3.202338e-13,7.072855e-08,5.837425e-01,1.240864e-13,5.640915e-10,8.536971e-08,7.164818e-01,1.748758e-13,1.345630e-09,7.022643e-08,5.198093e-01,2.195051e-13,1.470488e-09,8.459381e-03,6.452889e-03,-3.620061e-04,3.861066e-15,1.141943e+02,1.949662e+09,1.122974e+02,1.439789e+09,1.273291e+02,1.564024e+09
5,monte carlo,1.804346e-11,1.130910e-01,1.092934e-09,7.040444e-10,3.753829e-13,3.393111e-11,2.092568e-01,7.258314e-10,8.975971e-10,2.145740e-13,3.350823e-11,2.487861e-01,8.273868e-10,6.820867e-10,3.395199e-13,1.762329e-11,2.519097e-01,1.006274e-09,8.188801e-10,4.608968e-13,6.997163e-08,5.357405e-01,1.502342e-13,1.976081e-09,7.998446e-08,6.256771e-01,2.095668e-13,1.731415e-09,6.601393e-08,5.441759e-01,1.803404e-13,1.697997e-09,5.249014e-03,-1.894578e-03,1.454404e-03,1.854693e-15,1.230945e+02,1.683219e+09,1.204832e+02,1.495978e+09,1.143319e+02,1.685033e+09
6,monte carlo,1.812912e-11,2.853641e-01,1.063940e-09,6.620680e-10,4.289876e-13,3.214300e-11,2.382200e-01,6.690409e-10,1.212180e-09,4.739200e-13,3.281237e-11,1.374917e-01,1.035944e-09,1.080823e-09,4.387311e-13,1.860584e-11,1.339217e-01,9.043371e-10,5.925008e-10,5.166572e-13,6.938975e-08,5.633188e-01,1.581801e-13,7.794864e-10,8.068023e-08,6.532907e-01,1.678151e-13,1.365962e-09,6.789362e-08,5.550132e-01,1.298908e-13,1.770215e-09,5.505669e-03,-3.984449e-03,-2.721652e-03,1.433785e-15,1.160946e+02,1.885659e+09,1.163943e+02,1.681400e+09,1.152914e+02,1.895873e+09
7,monte carlo,1.863284e-11,2.456921e-01,7.592746e-10,1.097026e-09,4.402656e-13,3.348734e-11,3.356185e-01,6.757016e-10,4.998824e-10,2.073266e-13,3.300186e-11,1.932446e-01,9.857145e-10,8.856206e-10,4.781727e-13,1.882035e-11,3.723287e-01,6.927295e-10,6.650507e-10,4.373309e-13,6.635920e-08,5.201828e-01,1.769286e-13,7.375233e-10,8.139674e-08,7.439317e-01,2.376686e-13,1.270489e-09,6.563396e-08,5.495913e-01,1.935265e-13,1.196200e-09,-7.795178e-03,-3.661166e-03,2.882887e-03,1.682288e-15,1.202309e+02,1.801605e+09,1.031205e+02,1.346739e+09,1.125537e+02,1.781549e+09
8,monte carlo,1.815055e-11,3.549470e-01,7.900433e-10,1.019146e-09,4.029691e-13,3.194223e-11,2.955411e-01,7.115226e-10,7.888443e-10,4.318798e-13,3.286743e-11,1.988491e-01,7.651824e-10,1.067255e-09,3.849931e-13,1.824265e-11,2.722589e-01,8.971148e-10,6.759411e-10,4.990886e-13,6.558600e-08,4.881163e-01,1.576722e-13,1.756620e-09,8.556103e-08,6.379758e-01,1.752120e-13,5.897840e-10,6.588722e-08,4.788384e-01,1.564049e-13,1.210250e-09,-6.217883e-03,-1.070631e-04,-1.280056e-03,4.612192e-15,1.266365e+02,1.814708e+09,1.263988e+02,1.668236e+09,1.296831e+02,1.851692e+09
9,monte carlo,1.856735e-11,1.778894e-01,9.065147e-10,6.089592e-10,2.674308e-13,3.178691e-11,1.809692e-01,9.517719e-10,6.920769e-10,2.426420e-13,3.360806e-11,2.443222e-01,9.472514e-10,4.689330e-10,3.629468e-13,1.836241e-11,2.489866e-01,1.138015e-09,6.840585e-10,2.952041e-13,6.634985e-08,4.943599e-01,1.532320e-13,1.075265e-09,8.164340e-08,7.519153e-01,1.947224e-13,1.553860e-09,6.757971e-08,5.550400e-01,1.795213e-13,8.083719e-10,-5.286683e-03,-1.836739e-03,2.411234e-03,1.374487e-15,1.264934e+02,1.697235e+09,1.023348e+02,1.526259e+09,1.147528e+02,1.905182e+09
10,monte carlo,1.768127e-11,3.262365e-01,6.715955e-10,8.203409e-10,4.835911e-13,3.306479e-11,2.217294e-01,9.455921e-10,2.821907e-10,2.895964e-13,3.172685e-11,3.275073e-01,6.611609e-10,9.871007e-10,1.802159e-13,1.731475e-11,2.588956e-01,7.227089e-10,2.845422e-10,4.378690e-13,6.871317e-08,5.400854e-01,2.048781e-13,1.910679e-09,8.564506e-08,6.635091e-01,1.725962e-13,1.898843e-09,7.057550e-08,5.669197e-01,1.886787e-13,1.585324e-09,9.198962e-04,4.160443e-03,1.668038e-03,1.075389e-15,1.199081e+02,1.644179e+09,1.216540e+02,1.511324e+09,1.173285e+02,1.593471e+09
11,monte carlo,1.888242e-11,2.260960e-01,1.199886e-09,3.922472e-10,3.576635e-13,3.329737e-11,2.977808e-01,7.864341e-10,8.264868e-10,1.872189e-13,3.142755e-11,2.673251e-01,1.026063e-09,7.667170e-10,4.230711e-13,1.873270e-11,3.353862e-01,1.034246e-09,4.554575e-10,4.768525e-13,7.069814e-08,5.863226e-01,2.082741e-13,1.573297e-09,8.042255e-08,6.200435e-01,1.900942e-13,1.291896e-09,6.869939e-08,6.227087e-01,1.730488e-13,1.138395e-09,7.298333e-03,5.488345e-03,-8.518660e-04,4.851358e-15,1.136429e+02,1.614356e+09,1.222438e+02,1.446212e+09,1.039774e+02,1.795984e+09
12,monte carlo,1.849132e-11,2.991023e-01,9.108938e-10,1.179059e-09,4.320080e-13,3.420740e-11,3.462643e-01,9.395699e-10,3.476112e-10,4.070893e-13,3.146620e-11,2.325103e-01,6.760917e-10,9.997232e-10,2.042068e-13,1.831808e-11,2.423286e-01,6.050310e-10,9.178361e-10,3.822715e-13,6.778010e-08,4.977493e-01,2.053077e-13,9.536228e-10,8.189747e-08,6.054648e-01,2.378900e-13,1.936004e-09,6.993954e-08,5.639968e-01,1.658244e-13,1.717115e-09,-7.082366e-03,-1.263858e-03,2.652733e-03,4.030838e-15,1.283402e+02,1.503723e+09,1.274831e+02,1.331238e+09,1.168738e+02,1.666387e+09
13,monte carlo,1.832720e-11,1.689722e-01,8.370129e-10,3.278393e-10,5.246850e-13,3.450921e-11,3.601176e-01,6.358111e-10,9.693808e-10,4.248559e-13,3.332905e-11,3.118845e-01,6.703117e-10,1.142996e-09,4.010961e-13,1.722195e-11,1.720283e-01,8.760841e-10,1.168448e-09,2.067978e-13,6.923186e-08,6.297517e-01,1.613958e-13,1.992650e-09,7.815727e-08,6.417295e-01,2.224331e-13,8.475929e-10,6.630155e-08,5.097897e-01,1.865030e-13,1.812857e-09,-5.102535e-03,8.704375e-03,-4.167680e-04,1.078307e-15,1.036115e+02,1.689500e+09,1.147859e+02,1.502008e+09,1.225755e+02,1.734860e+09
14,monte carlo,1.721934e-11,1.071107e-01,1.188614e-09,7.520083e-10,3.979770e-13,3.199091e-11,1.311214e-01,8.768946e-10,9.090300e-10,3.630073e-13,3.227133e-11,2.538737e-01,6.990605e-10,4.133783e-10,3.373233e-13,1.780109e-11,2.126705e-01,8.463461e-10,6.621180e-10,4.393096e-13,6.666038e-08,5.066219e-01,1.999156e-13,1.502206e-09,7.864874e-08,6.960037e-01,2.058777e-13,1.044573e-09,6.553634e-08,5.244778e-01,1.978899e-13,6.153719e-10,1.009758e-03,-1.523502e-03,1.805672e-03,2.161790e-15,1.240095e+02,1.623884e+09,1.065004e+02,1.510829e+09,1.177677e+02,1.707381e+09
15,monte carlo,1.853220e-11,1.708794e-01,8.586257e-10,1.158922e-09,1.851290e-13,3.444154e-11,3.204881e-01,1.138613e-09,9.249698e-10,2.958981e-13,3.185252e-11,3.610632e-01,7.136985e-10,1.060885e-09,4.693084e-13,1.768722e-11,2.212005e-01,9.602051e-10,8.872674e-10,3.919827e-13,6.702586e-08,5.088495e-01,2.061391e-13,8.478535e-10,8.393643e-08,7.800448e-01,2.010640e-13,1.503059e-09,6.972450e-08,5.350676e-01,1.838191e-13,1.262484e-09,-7.128361e-03,-7.753498e-03,-1.552486e-03,1.183254e-15,1.241436e+02,1.695044e+09,1.014150e+02,1.324174e+09,1.228140e+02,1.691861e+09
16,monte carlo,1.750676e-11,1.044031e-01,1.087577e-09,6.199088e-10,2.368369e-13,3.227953e-11,3.940270e-01,1.003759e-09,9.775041e-10,3.723239e-13,3.421656e-11,1.738704e-01,1.091682e-09,1.243559e-09,3.320295e-13,1.870365e-11,3.862573e-01,1.063405e-09,7.948796e-10,2.436684e-13,6.665811e-08,5.067571e-01,2.007238e-13,9.096893e-10,8.227792e-08,7.042326e-01,2.467166e-13,1.592652e-09,6.862302e-08,6.249766e-01,1.818630e-13,1.631616e-09,-1.413805e-04,7.906665e-03,2.699951e-03,4.620446e-15,1.239722e+02,1.644444e+09,1.101129e+02,1.311786e+09,1.034850e+02,1.604780e+09
17,monte carlo,1.817316e-11,2.017936e-01,1.163198e-09,4.095023e-10,4.661993e-13,3.417371e-11,1.345403e-01,8.113941e-10,1.191575e-09,4.623783e-13,3.437851e-11,2.190614e-01,1.016302e-09,9.506180e-10,1.744249e-13,1.755899e-11,1.929523e-01,8.317066e-10,3.898793e-10,4.944405e-13,6.722744e-08,5.381031e-01,1.741831e-13,1.101423e-09,7.811712e-08,6.544536e-01,2.120382e-13,1.893553e-09,6.675906e-08,5.825304e-01,1.319779e-13,1.572271e-09,6.432519e-03,-5.077948e-03,-1.293789e-03,3.367265e-15,1.177476e+02,1.748597e+09,1.124964e+02,1.353547e+09,1.080097e+02,1.921915e+09
18,monte carlo,1.749496e-11,2.203477e-01,6.295158e-10,3.594365e-10,2.255044e-13,3.206955e-11,1.370415e-01,1.144722e-09,6.684629e-10,2.544262e-13,3.367841e-11,2.069450e-01,6.419421e-10,5.445447e-10,4.635942e-13,1.881045e-11,2.939978e-01,9.034844e-10,8.967511e-10,4.324760e-13,6.538413e-08,5.259946e-01,1.992016e-13,1.058726e-09,7.962243e-08,6.465594e-01,1.885030e-13,1.180885e-09,6.878423e-08,5.439062e-01,2.000548e-13,1.387560e-09,2.949631e-03,6.002017e-03,-2.951235e-04,3.978225e-15,1.171554e+02,1.658611e+09,1.160642e+02,1.410177e+09,1.191889e+02,1.669170e+09
19,monte carlo,1.731200e-11,3.220202e-01,7.902684e-10,1.081321e-09,4.241938e-13,3.322739e-11,2.919435e-01,6.730280e-10,1.051280e-09,4.269565e-13,3.436476e-11,3.250575e-01,8.849934e-10,9.148624e-10,4.165783e-13,1.854886e-11,3.803870e-01,8.593508e-10,6.376326e-10,5.096075e-13,6.702264e-08,5.088131e-01,1.883228e-13,1.649550e-09,8.222022e-08,7.312863e-01,2.047408e-13,9.300178e-10,6.700947e-08,5.961107e-01,1.669154e-13,1.075369e-09,-4.402936e-03,5.324524e-03,1.482056e-03,6.835904e-16,1.241465e+02,1.635090e+09,1.059650e+02,1.324951e+09,1.059450e+02,1.739123e+09
20,monte carlo,1.772587e-11,1.043746e-01,6.656592e-10,1.105142e-09,2.569854e-13,3.248536e-11,3.539712e-01,7.926225e-10,7.071289e-10,2.018596e-13,3.361363e-11,2.945126e-01,8.895661e-10,1.024699e-09,3.264217e-13,1.770181e-11,1.012209e-01,1.146351e-09,5.243441e-10,5.185482e-13,6.914804e-08,5.717226e-01,1.992604e-13,1.150850e-09,7.945279e-08,5.841619e-01,2.078786e-13,8.709837e-10,6.649651e-08,5.127877e-01,1.655434e-13,7.334630e-10,8.620317e-03,-4.280243e-04,-3.192085e-04,1.802948e-15,1.139897e+02,1.551889e+09,1.281879e+02,1.354061e+09,1.222172e+02,1.645863e+09
21,monte carlo,1.857087e-11,2.506017e-01,7.193947e-10,1.166570e-09,2.147305e-13,3.456540e-11,2.259210e-01,7.334681e-10,4.176542e-10,1.707602e-13,3.265171e-11,3.431716e-01,1.181522e-09,4.706780e-10,2.899369e-13,1.880505e-11,3.019159e-01,8.965093e-10,1.052259e-09,4.645826e-13,6.841416e-08,6.285626e-01,2.109044e-13,1.653895e-09,7.858819e-08,6.413639e-01,2.143172e-13,9.501211e-10,6.893556e-08,5.587587e-01,1.700590e-13,6.850674e-10,-3.397376e-03,4.590776e-03,-7.584350e-05,5.419348e-16,1.025814e+02,1.519405e+09,1.154845e+02,1.308064e+09,1.162760e+02,1.657195e+09
22,monte carlo,1.874892e-11,1.094518e-01,1.060021e-09,4.023850e-10,1.865689e-13,3.362368e-11,1.581862e-01,1.150318e-09,6.968510e-10,2.008287e-13,3.430814e-11,1.896728e-01,6.556701e-10,5.084244e-10,3.162910e-13,1.813521e-11,2.921008e-01,9.476075e-10,1.041432e-09,3.227932e-13,6.806203e-08,5.717105e-01,1.902602e-13,8.979425e-10,7.934214e-08,6.658172e-01,2.172574e-13,1.196192e-09,6.817694e-08,5.280694e-01,1.827060e-13,1.502836e-09,-9.232385e-03,-7.038102e-03,1.774872e-03,8.510247e-16,1.122018e+02,1.749081e+09,1.123104e+02,1.458082e+09,1.216795e+02,1.652324e+09
23,monte carlo,1.765364e-11,2.538158e-01,6.533171e-10,9.198238e-10,2.466171e-13,3.417447e-11,2.641718e-01,8.778751e-10,5.920512e-10,2.030157e-13,3.265451e-11,3.996864e-01,1.036564e-09,5.171580e-10,5.057643e-13,1.806895e-11,3.602113e-01,1.002045e-09,8.051199e-10,3.794533e-13,7.064399e-08,5.718527e-01,1.551141e-13,8.305207e-10,7.970919e-08,6.110652e-01,1.746044e-13,5.331547e-10,6.866457e-08,6.422164e-01,2.039311e-13,5.148688e-10,4.375986e-03,6.583918e-03,9.137997e-04,3.346281e-15,1.164293e+02,1.854986e+09,1.229396e+02,1.484682e+09,1.007679e+02,1.640427e+09
24,monte carlo,1.849538e-11,2.133627e-01,6.232382e-10,9.846275e-10,3.420988e-13,3.351765e-11,2.607914e-01,9.822707e-10,1.291700e-09,2.700520e-13,3.323664e-11,1.676718e-01,7.823174e-10,1.191748e-09,3.962327e-13,1.824191e-11,3.599252e-01,1.120688e-09,4.163728e-10,3.156258e-13,6.936226e-08,5.175635e-01,1.677888e-13,1.580254e-09,8.041322e-08,6.021155e-01,2.041703e-13,1.929403e-09,7.026993e-08,6.135766e-01,1.695427e-13,8.467368e-10,-1.370338e-04,3.457382e-03,1.730421e-04,1.938448e-15,1.263079e+02,1.685701e+09,1.258690e+02,1.550266e+09,1.079374e+02,1.608337e+09
25,monte carlo,1.818823e-11,1.884123e-01,6.454019e-10,1.022731e-09,4.849764e-13,3.188165e-11,1.454286e-01,8.300655e-10,9.952373e-10,3.967326e-13,3.302739e-11,2.599630e-01,1.050600e-09,8.309500e-10,2.676154e-13,1.801644e-11,2.341655e-01,1.198601e-09,3.173475e-10,3.004957e-13,6.698536e-08,6.194065e-01,1.869377e-13,1.836777e-09,8.278753e-08,7.610367e-01,1.803375e-13,1.333234e-09,6.940657e-08,5.142517e-01,1.703256e-13,1.818331e-09,-3.467552e-03,-8.814019e-03,2.307408e-03,4.305707e-15,1.019237e+02,1.602349e+09,1.025252e+02,1.668621e+09,1.272026e+02,1.768243e+09
26,monte carlo,1.759688e-11,3.949825e-01,6.782849e-10,1.091856e-09,3.106586e-13,3.436934e-11,2.865069e-01,1.013473e-09,5.787381e-10,2.447708e-13,3.347829e-11,2.556331e-01,7.984184e-10,3.090192e-10,4.293184e-13,1.722653e-11,3.979694e-01,9.988397e-10,5.167797e-10,3.030726e-13,6.895835e-08,6.098292e-01,1.716147e-13,1.509234e-09,7.838141e-08,6.684891e-01,2.136549e-13,1.007322e-09,6.953080e-08,5.728811e-01,1.857833e-13,1.832717e-09,-9.783812e-04,4.443775e-03,-6.027057e-04,4.154698e-15,1.065736e+02,1.722685e+09,1.105070e+02,1.504296e+09,1.143889e+02,1.635294e+09
27,monte carlo,1.858304e-11,1.561619e-01,7.349897e-10,3.570454e-10,5.179400e-13,3.193867e-11,3.956402e-01,8.673302e-10,1.168173e-09,5.277239e-13,3.186486e-11,1.742898e-01,1.135509e-09,1.072964e-09,4.776690e-13,1.879528e-11,2.936661e-01,1.145038e-09,4.550374e-10,2.171882e-13,6.798563e-08,5.732936e-01,1.573801e-13,6.986337e-10,7.879723e-08,6.425425e-01,1.948291e-13,1.356004e-09,7.119902e-08,6.696879e-01,1.661267e-13,1.632591e-09,-4.954192e-03,-7.300906e-03,8.526230e-04,3.320276e-15,1.117664e+02,1.777474e+09,1.155793e+02,1.564521e+09,1.002012e+02,1.664023e+09
28,monte carlo,1.840649e-11,2.302010e-01,9.746116e-10,6.824150e-10,5.164395e-13,3.309196e-11,2.603390e-01,8.012767e-10,7.637607e-10,5.284288e-13,3.151824e-11,2.157868e-01,6.270727e-10,4.150209e-10,4.712356e-13,1.734044e-11,3.475447e-01,7.807839e-10,7.044268e-10,4.791253e-13,6.989832e-08,5.195591e-01,1.919984e-13,1.188565e-09,8.443140e-08,6.456969e-01,2.322483e-13,1.227237e-09,6.490824e-08,5.680727e-01,1.873656e-13,1.688714e-09,2.624054e-03,-7.620717e-03,-1.870837e-04,9.739422e-16,1.267952e+02,1.663766e+09,1.232385e+02,1.317257e+09,1.076879e+02,1.619262e+09
29,monte carlo,1.777837e-11,1.368998e-01,6.308684e-10,9.865968e-10,4.013438e-13,3.314388e-11,3.118680e-01,1.069055e-09,1.267598e-09,3.269701e-13,3.331686e-11,2.610826e-01,1.178977e-09,7.340926e-10,4.436937e-13,1.811424e-11,1.235958e-01,7.357431e-10,6.064858e-10,5.085273e-13,6.908521e-08,5.878921e-01,1.623295e-13,9.230995e-10,8.212201e-08,6.147245e-01,2.052749e-13,6.464425e-10,7.099646e-08,5.223565e-01,1.354432e-13,8.811122e-10,-9.896539e-03,8.268764e-03,-1.646642e-03,1.699608e-15,1.107538e+02,1.861612e+09,1.259071e+02,1.404172e+09,1.280975e+02,1.905277e+09
30,monte carlo,1.889666e-11,2.628899e-01,8.872115e-10,8.873183e-10,3.683983e-13,3.175826e-11,2.657470e-01,1.129057e-09,3.366732e-10,3.285485e-13,3.400914e-11,2.683273e-01,8.357162e-10,8.958178e-10,4.046166e-13,1.744080e-11,2.007733e-01,8.967460e-10,3.614976e-10,1.758407e-13,6.638096e-08,4.933869e-01,1.592594e-13,1.125564e-09,8.500728e-08,7.484645e-01,1.658483e-13,1.237647e-09,6.557585e-08,4.820865e-01,1.786769e-13,9.520338e-10,8.329906e-03,8.241091e-03,-2.145136e-03,4.988791e-15,1.268023e+02,1.770056e+09,1.070425e+02,1.558626e+09,1.282006e+02,1.738520e+09
31,monte carlo,1.851900e-11,3.126645e-01,8.981174e-10,8.003219e-10,1.781660e-13,3.430394e-11,1.115441e-01,1.136473e-09,7.397254e-10,4.289376e-13,3.287635e-11,2.526184e-01,8.274632e-10,1.251890e-09,3.607002e-13,1.844916e-11,2.698715e-01,1.095611e-09,8.189214e-10,2.855936e-13,6.619469e-08,6.066362e-01,2.029712e-13,9.034890e-10,8.493014e-08,7.639350e-01,2.369872e-13,9.081233e-10,6.815796e-08,5.231122e-01,1.619323e-13,1.688101e-09,-2.250965e-03,1.603343e-03,-2.685642e-03,3.618718e-15,1.028409e+02,1.740837e+09,1.047796e+02,1.342187e+09,1.227985e+02,1.753566e+09
32,monte carlo,1.859326e-11,3.167453e-01,8.750164e-10,5.091810e-10,5.136129e-13,3.341636e-11,2.129914e-01,8.408796e-10,7.801363e-10,2.200163e-13,3.383800e-11,3.583084e-01,8.657099e-10,1.032954e-09,2.984893e-13,1.781351e-11,2.094747e-01,1.176561e-09,8.404948e-10,1.964934e-13,6.783487e-08,5.578526e-01,2.070117e-13,5.133049e-10,8.143691e-08,6.237349e-01,2.132700e-13,8.963517e-10,6.697887e-08,5.946049e-01,1.909586e-13,1.170605e-09,-1.541065e-03,-4.783548e-03,1.304836e-03,3.502397e-15,1.146053e+02,1.634731e+09,1.230530e+02,1.419773e+09,1.061648e+02,1.508634e+09
33,monte carlo,1.742476e-11,2.326314e-01,1.194499e-09,4.979957e-10,2.536343e-13,3.177952e-11,1.355073e-01,1.136751e-09,9.990764e-10,5.101467e-13,3.455665e-11,3.413865e-01,9.206202e-10,6.092286e-10,4.993150e-13,1.854940e-11,1.568680e-01,7.266431e-10,6.313022e-10,3.002634e-13,7.078295e-08,5.302591e-01,1.876106e-13,1.131391e-09,8.539148e-08,7.059429e-01,1.700662e-13,1.870609e-09,7.028604e-08,5.547971e-01,1.738893e-13,1.544776e-09,-4.522471e-03,3.595716e-03,-1.650936e-03,4.884990e-15,1.258090e+02,1.667434e+09,1.140030e+02,1.489964e+09,1.194004e+02,1.690998e+09
34,monte carlo,1.728736e-11,2.329305e-01,1.072440e-09,2.898813e-10,2.684272e-13,3.357908e-11,3.102479e-01,8.058619e-10,3.909915e-10,3.534234e-13,3.274241e-11,2.637207e-01,9.952631e-10,3.520635e-10,3.790983e-13,1.778378e-11,1.064192e-01,9.476013e-10,8.109300e-10,3.331333e-13,6.901214e-08,5.390619e-01,1.966849e-13,1.251571e-09,7.978792e-08,7.154951e-01,2.246109e-13,1.688525e-09,6.583034e-08,5.190329e-01,1.783380e-13,1.768479e-09,8.140078e-03,-3.123400e-03,2.271269e-03,2.980722e-15,1.206585e+02,1.658003e+09,1.050997e+02,1.467661e+09,1.195370e+02,1.917972e+09
35,monte carlo,1.787360e-11,2.792170e-01,6.554375e-10,7.480417e-10,2.742091e-13,3.312256e-11,1.177120e-01,8.787879e-10,5.201458e-10,3.240290e-13,3.194866e-11,2.291739e-01,9.967886e-10,1.009994e-09,3.824611e-13,1.757448e-11,1.830536e-01,9.093721e-10,8.120950e-10,2.493015e-13,6.863594e-08,5.747677e-01,1.847069e-13,1.673459e-09,8.468777e-08,7.581760e-01,2.360110e-13,9.564449e-10,6.460236e-08,5.483136e-01,1.808030e-13,1.238694e-09,8.591442e-04,4.536042e-03,-2.165378e-03,2.937254e-15,1.125461e+02,1.707930e+09,1.052742e+02,1.332726e+09,1.110428e+02,1.729739e+09
36,monte carlo,1.759211e-11,3.652441e-01,1.183745e-09,6.207934e-10,5.162787e-13,3.225840e-11,3.103601e-01,1.126960e-09,4.108584e-10,2.005597e-13,3.320599e-11,3.828273e-01,8.479647e-10,4.773269e-10,4.407293e-13,1.888951e-11,3.506900e-01,7.612163e-10,5.316360e-10,3.115945e-13,6.904797e-08,5.689090e-01,2.074563e-13,1.930260e-09,7.986655e-08,6.387051e-01,1.916335e-13,1.424572e-09,6.564658e-08,4.787237e-01,1.645603e-13,1.954144e-09,5.778862e-04,-9.059832e-03,-2.989269e-03,3.152175e-15,1.143877e+02,1.647211e+09,1.178516e+02,1.374142e+09,1.292404e+02,1.791263e+09
37,monte carlo,1.855788e-11,1.845012e-01,1.075966e-09,3.315538e-10,2.217461e-13,3.258720e-11,2.180655e-01,8.120586e-10,9.745292e-10,4.232844e-13,3.382956e-11,1.590935e-01,8.389630e-10,2.812076e-10,2.516153e-13,1.723892e-11,1.609725e-01,9.487396e-10,3.861838e-10,5.271708e-13,7.048911e-08,5.780941e-01,1.592966e-13,1.914035e-09,7.974411e-08,6.903787e-01,1.920448e-13,6.194162e-10,6.838047e-08,5.886244e-01,1.649792e-13,9.981452e-10,9.212858e-03,6.507056e-04,2.543729e-03,4.635607e-15,1.149198e+02,1.639067e+09,1.088635e+02,1.474842e+09,1.094876e+02,1.744792e+09
38,monte carlo,1.783804e-11,2.304830e-01,6.499403e-10,8.730526e-10,3.719733e-13,3.173858e-11,2.289297e-01,6.253153e-10,1.139422e-09,2.046650e-13,3.414955e-11,2.679126e-01,9.310057e-10,5.870148e-10,4.356193e-13,1.732040e-11,3.056887e-01,1.093878e-09,7.739535e-10,1.797579e-13,6.684677e-08,6.041762e-01,1.933351e-13,1.009337e-09,7.839616e-08,6.322334e-01,1.891235e-13,1.641383e-09,6.955907e-08,5.587515e-01,1.658021e-13,1.379410e-09,-2.707110e-03,-5.651003e-03,-2.525098e-03,6.020874e-16,1.042769e+02,1.815638e+09,1.168661e+02,1.527218e+09,1.173292e+02,1.816410e+09
39,monte carlo,1.764415e-11,2.809188e-01,6.484191e-10,6.600797e-10,4.514935e-13,3.260923e-11,3.470233e-01,1.196560e-09,1.269940e-09,4.967550e-13,3.454956e-11,2.216628e-01,8.559936e-10,6.161566e-10,2.559777e-13,1.796176e-11,3.204394e-01,9.609524e-10,4.413809e-10,3.900848e-13,6.974048e-08,5.356204e-01,1.896002e-13,1.584743e-09,8.186387e-08,6.094245e-01,1.845064e-13,8.080542e-10,6.871961e-08,5.695000e-01,1.501739e-13,5.871339e-10,-3.976010e-03,8.895526e-03,-2.267764e-03,4.507876e-15,1.227154e+02,1.666789e+09,1.266029e+02,1.373223e+09,1.137256e+02,1.738928e+09
40,monte carlo,1.878615e-11,3.670895e-01,1.097807e-09,6.958660e-10,3.247505e-13,3.427631e-11,1.235144e-01,1.091205e-09,4.020633e-10,3.667571e-13,3.281119e-11,1.526677e-01,9.083334e-10,4.884969e-10,4.067691e-13,1.879493e-11,3.046533e-01,8.328478e-10,1.023833e-09,3.379567e-13,6.599268e-08,5.656803e-01,1.833207e-13,8.524339e-10,8.005253e-08,6.049969e-01,1.745810e-13,5.299257e-10,6.597528e-08,6.110388e-01,1.569170e-13,1.746669e-09,-5.754792e-03,-2.731471e-03,-1.068526e-03,4.302647e-15,1.099501e+02,1.914662e+09,1.247076e+02,1.465668e+09,1.017615e+02,1.867261e+09
41,monte carlo,1.730002e-11,2.583474e-01,8.204252e-10,8.709100e-10,5.149382e-13,3.336800e-11,1.865791e-01,6.259438e-10,6.979350e-10,2.244102e-13,3.377928e-11,1.068433e-01,6.740508e-10,1.048263e-09,1.687138e-13,1.820118e-11,2.110351e-01,8.059553e-10,3.989567e-10,3.148322e-13,6.792771e-08,6.392590e-01,1.308988e-13,1.111443e-09,8.260660e-08,7.232063e-01,1.572264e-13,6.882376e-10,6.789872e-08,5.464389e-01,1.562196e-13,1.743080e-09,4.508924e-03,-3.791405e-03,-2.453143e-03,3.829030e-15,1.001478e+02,1.916793e+09,1.076524e+02,1.530169e+09,1.171092e+02,1.668437e+09
42,monte carlo,1.793266e-11,2.159970e-01,9.364974e-10,7.747554e-10,3.126055e-13,3.421130e-11,3.983436e-01,8.714476e-10,5.760048e-10,3.266176e-13,3.160157e-11,2.646858e-01,8.611628e-10,1.227834e-09,1.800510e-13,1.742078e-11,3.919210e-01,6.997021e-10,4.567267e-10,3.093987e-13,6.813986e-08,6.099001e-01,1.671455e-13,8.788460e-10,8.202480e-08,6.991856e-01,1.685051e-13,1.494937e-09,6.852715e-08,6.116990e-01,1.324445e-13,6.087460e-10,3.523876e-03,-5.633403e-03,-1.436393e-03,2.312204e-15,1.052964e+02,1.642964e+09,1.105666e+02,1.444574e+09,1.055835e+02,1.873689e+09
43,monte carlo,1.807174e-11,2.830672e-01,8.298317e-10,1.241329e-09,2.252314e-13,3.442317e-11,2.755236e-01,9.316434e-10,9.143378e-10,2.115948e-13,3.446430e-11,3.314560e-01,8.842072e-10,5.426298e-10,2.206941e-13,1.855406e-11,1.042275e-01,1.129666e-09,1.044973e-09,3.524479e-13,6.994110e-08,6.159473e-01,1.962921e-13,1.620902e-09,8.366207e-08,7.057542e-01,1.611648e-13,5.236851e-10,6.494887e-08,5.095777e-01,1.824325e-13,9.814776e-10,4.133228e-03,3.468103e-03,2.505703e-03,1.588248e-15,1.070188e+02,1.588452e+09,1.117239e+02,1.667281e+09,1.201247e+02,1.755961e+09
44,monte carlo,1.788620e-11,2.641490e-01,9.742926e-10,9.511529e-10,2.353737e-13,3.440481e-11,1.243022e-01,1.129783e-09,1.130407e-09,1.811125e-13,3.235229e-11,1.543504e-01,1.181861e-09,3.214238e-10,2.480796e-13,1.826548e-11,2.416574e-01,9.592881e-10,1.281798e-09,3.904539e-13,7.045393e-08,6.226202e-01,1.958743e-13,1.565922e-09,8.004483e-08,6.261235e-01,1.670607e-13,8.845733e-10,7.072358e-08,6.453098e-01,1.833304e-13,9.203260e-10,-5.161688e-03,1.022131e-03,8.286900e-04,1.822672e-15,1.066481e+02,1.651735e+09,1.204882e+02,1.522557e+09,1.032921e+02,1.611039e+09
45,monte carlo,1.858806e-11,1.664594e-01,9.995220e-10,6.611952e-10,5.270971e-13,3.321714e-11,1.879648e-01,1.106310e-09,4.352769e-10,4.873355e-13,3.303964e-11,3.171235e-01,6.655340e-10,2.982485e-10,4.138957e-13,1.856641e-11,2.486612e-01,9.192026e-10,1.075501e-09,2.740525e-13,6.948239e-08,5.998138e-01,1.857374e-13,1.108427e-09,7.790013e-08,6.536181e-01,1.941817e-13,1.462258e-09,6.600137e-08,4.943130e-01,1.929630e-13,1.678354e-09,7.484872e-03,-1.558857e-03,-5.328607e-04,4.759639e-15,1.091766e+02,1.737299e+09,1.123273e+02,1.621688e+09,1.258410e+02,1.644302e+09
46,monte carlo,1.769531e-11,2.794776e-01,9.290123e-10,4.868090e-10,2.151729e-13,3.173118e-11,1.223586e-01,7.944713e-10,8.852648e-10,3.415349e-13,3.283599e-11,3.989254e-01,6.614388e-10,1.074558e-09,2.989737e-13,1.823999e-11,2.049010e-01,9.617167e-10,1.150431e-09,4.369034e-13,6.505374e-08,5.574760e-01,1.830262e-13,1.182820e-09,8.483894e-08,7.243068e-01,1.952002e-13,1.585751e-09,6.580222e-08,5.396756e-01,1.665865e-13,1.943834e-09,-3.104336e-03,6.015626e-03,9.067050e-04,3.320535e-15,1.099809e+02,1.908626e+09,1.103936e+02,1.375563e+09,1.149156e+02,1.635873e+09
47,monte carlo,1.869422e-11,2.245782e-01,1.029283e-09,5.108929e-10,5.123488e-13,3.328821e-11,1.692025e-01,8.573408e-10,4.490316e-10,3.948458e-13,3.175503e-11,2.107026e-01,1.157940e-09,7.726498e-10,4.063395e-13,1.885705e-11,1.251208e-01,1.022306e-09,6.634789e-10,4.592621e-13,6.694712e-08,5.437693e-01,1.473681e-13,1.713291e-09,8.200249e-08,6.182621e-01,1.935766e-13,6.356285e-10,6.810831e-08,5.898982e-01,1.592967e-13,1.140008e-09,-2.857353e-03,8.496132e-03,2.893385e-03,6.240571e-16,1.160348e+02,1.731732e+09,1.250045e+02,1.537203e+09,1.088164e+02,1.867059e+09
48,monte carlo,1.824887e-11,3.022581e-01,6.101471e-10,1.136280e-09,3.298686e-13,3.274198e-11,3.291009e-01,1.099419e-09,1.115101e-09,1.758509e-13,3.430849e-11,1.058120e-01,6.550523e-10,1.253152e-09,4.553670e-13,1.805621e-11,1.736137e-01,6.170930e-10,5.266029e-10,4.310844e-13,6.470537e-08,4.883284e-01,2.076810e-13,8.602042e-10,8.505604e-08,7.266493e-01,1.730900e-13,1.940025e-09,6.753224e-08,5.986728e-01,1.640646e-13,1.452250e-09,6.071009e-03,2.521334e-03,2.356857e-03,3.056677e-15,1.248819e+02,1.662853e+09,1.103193e+02,1.592135e+09,1.063146e+02,1.851928e+09
49,monte carlo,1.731685e-11,2.604887e-01,1.176416e-09,6.438287e-10,2.867703e-13,3.347704e-11,3.235333e-01,8.331060e-10,4.711388e-10,2.053647e-13,3.369721e-11,3.514237e-01,9.829692e-10,7.843584e-10,3.357765e-13,1.864018e-11,1.370612e-01,7.633934e-10,3.907505e-10,2.424697e-13,6.765426e-08,5.749453e-01,1.606887e-13,1.253085e-09,8.262433e-08,6.170391e-01,1.999890e-13,5.523305e-10,6.502167e-08,4.748264e-01,1.448807e-13,1.240511e-09,6.470171e-03,-7.078973e-03,2.556618e-03,2.025458e-15,1.109021e+02,1.852762e+09,1.262020e+02,1.549630e+09,1.290608e+02,1.793859e+09
50,monte carlo,1.770853e-11,2.758817e-01,9.215769e-10,1.071818e-09,5.130854e-13,3.346620e-11,2.202808e-01,7.453747e-10,5.555961e-10,3.367265e-13,3.441875e-11,1.212723e-01,7.312420e-10,7.359699e-10,2.940120e-13,1.777465e-11,3.567914e-01,1.179651e-09,6.673562e-10,2.224108e-13,6.681255e-08,4.898075e-01,1.725951e-13,8.482638e-10,8.163008e-08,7.385464e-01,2.344154e-13,1.478612e-09,7.001410e-08,6.375402e-01,1.791566e-13,1.916118e-09,3.557271e-03,6.552553e-03,-1.190706e-03,1.981170e-15,1.285594e+02,1.651026e+09,1.041702e+02,1.392015e+09,1.035021e+02,1.667879e+09
51,monte carlo,1.736315e-11,3.778864e-01,9.816360e-10,6.859367e-10,3.272797e-13,3.347085e-11,2.009706e-01,7.735184e-10,9.733914e-10,3.036324e-13,3.399561e-11,3.781742e-01,9.035206e-10,9.955658e-10,2.688218e-13,1.870891e-11,3.225132e-01,7.713206e-10,9.627531e-10,3.188752e-13,6.789866e-08,4.973900e-01,1.719670e-13,6.579209e-10,8.594295e-08,7.129302e-01,1.845200e-13,1.069559e-09,7.048256e-08,5.352150e-01,2.201168e-13,5.020747e-10,-3.223297e-03,4.922180e-03,2.060867e-03,4.869122e-15,1.286576e+02,1.785664e+09,1.136147e+02,1.362876e+09,1.241151e+02,1.594737e+09
52,monte carlo,1.783313e-11,2.163345e-01,7.285138e-10,1.015230e-09,2.277261e-13,3.163568e-11,3.552692e-01,1.171079e-09,7.652188e-10,3.568278e-13,3.140018e-11,3.345166e-01,7.335508e-10,4.185625e-10,4.425947e-13,1.827056e-11,2.233079e-01,1.014277e-09,1.171487e-09,1.697346e-13,6.488670e-08,5.201438e-01,1.856437e-13,1.909459e-09,8.555221e-08,7.359151e-01,1.736464e-13,1.563052e-09,6.983818e-08,5.105178e-01,2.176789e-13,1.726451e-09,4.592282e-03,9.120053e-03,2.752482e-03,2.789668e-15,1.175719e+02,1.802189e+09,1.095657e+02,1.430432e+09,1.289297e+02,1.524337e+09
53,monte carlo,1.803306e-11,2.853692e-01,1.098997e-09,1.233970e-09,5.199488e-13,3.429681e-11,1.960519e-01,1.177428e-09,2.905118e-10,2.725088e-13,3.175568e-11,3.492722e-01,1.197684e-09,1.012298e-09,4.056642e-13,1.858493e-11,3.094059e-01,1.188530e-09,5.195910e-10,2.140638e-13,6.655136e-08,4.986973e-01,2.007748e-13,1.478810e-09,8.307756e-08,7.302282e-01,2.101074e-13,1.683968e-09,6.769700e-08,5.562436e-01,2.101824e-13,1.292025e-09,-6.563351e-03,-5.542389e-03,5.940768e-04,3.427606e-15,1.257741e+02,1.744988e+09,1.072251e+02,1.435832e+09,1.147032e+02,1.568022e+09
54,monte carlo,1.800137e-11,3.287578e-01,7.610773e-10,8.319699e-10,2.749809e-13,3.146088e-11,1.547143e-01,1.061885e-09,1.032685e-09,5.148945e-13,3.417605e-11,1.715698e-01,7.708424e-10,8.166374e-10,2.382138e-13,1.744323e-11,3.928931e-01,8.957549e-10,1.077476e-09,2.781976e-13,6.518116e-08,4.794475e-01,1.466475e-13,5.282070e-10,8.217191e-08,7.083247e-01,2.019247e-13,9.217524e-10,6.728219e-08,6.203076e-01,1.521512e-13,9.498991e-10,1.262226e-03,2.654448e-03,-2.870637e-03,2.181330e-15,1.281304e+02,1.782366e+09,1.093357e+02,1.536894e+09,1.022266e+02,1.774605e+09
55,monte carlo,1.739954e-11,3.651725e-01,6.884333e-10,1.212344e-09,2.338066e-13,3.391483e-11,1.785529e-01,1.153265e-09,1.286430e-09,2.134051e-13,3.289224e-11,1.883853e-01,1.175539e-09,6.644821e-10,3.868933e-13,1.886369e-11,2.125876e-01,9.517708e-10,1.186574e-09,3.617416e-13,6.545761e-08,5.412439e-01,1.531906e-13,1.075336e-09,8.062191e-08,7.391891e-01,1.910483e-13,1.495467e-09,6.665151e-08,5.114424e-01,1.696237e-13,1.701104e-09,-4.166496e-03,2.356354e-03,1.829063e-03,1.335776e-15,1.139825e+02,1.888908e+09,1.027942e+02,1.373132e+09,1.228243e+02,1.638444e+09
56,monte carlo,1.848759e-11,2.664385e-01,1.034868e-09,1.018146e-09,4.823534e-13,3.443259e-11,2.526674e-01,6.623052e-10,1.007825e-09,4.074053e-13,3.290105e-11,2.355445e-01,1.041693e-09,1.214555e-09,4.338991e-13,1.729338e-11,1.772874e-01,1.089730e-09,1.065823e-09,3.359020e-13,6.535325e-08,4.898646e-01,1.772615e-13,5.357517e-10,7.991026e-08,6.285891e-01,1.612051e-13,1.367121e-09,6.645413e-08,5.290363e-01,1.343183e-13,7.899214e-10,8.417702e-04,-7.868870e-03,2.863360e-03,2.637330e-15,1.257368e+02,1.675387e+09,1.198138e+02,1.558439e+09,1.183880e+02,1.895209e+09
57,monte carlo,1.807046e-11,1.434073e-01,1.162592e-09,4.201121e-10,2.262598e-13,3.224719e-11,2.495967e-01,1.043588e-09,8.779067e-10,2.309703e-13,3.191272e-11,2.856729e-01,9.734436e-10,4.505199e-10,1.999973e-13,1.831708e-11,2.781696e-01,8.611945e-10,1.207459e-09,2.570347e-13,6.632892e-08,5.481175e-01,1.279302e-13,1.864417e-09,7.995912e-08,6.505652e-01,2.255836e-13,1.743817e-09,6.875342e-08,5.302982e-01,1.454647e-13,8.665139e-10,9.251713e-03,-9.105513e-03,-2.111166e-04,1.148916e-15,1.140513e+02,1.888473e+09,1.158373e+02,1.324443e+09,1.221927e+02,1.913505e+09
58,monte carlo,1.765519e-11,3.296507e-01,9.883008e-10,1.119423e-09,3.285318e-13,3.178063e-11,3.289264e-01,8.915988e-10,3.596666e-10,4.474066e-13,3.370580e-11,2.689341e-01,1.086903e-09,3.268227e-10,1.837905e-13,1.712064e-11,2.971710e-01,6.074765e-10,1.129103e-09,5.047369e-13,6.772552e-08,6.257476e-01,2.093160e-13,1.341651e-09,8.279684e-08,7.434890e-01,1.691699e-13,1.371662e-09,7.070513e-08,5.405418e-01,1.710104e-13,1.984736e-09,6.207934e-03,-8.884862e-03,-1.133249e-03,4.124640e-15,1.020057e+02,1.518359e+09,1.049567e+02,1.491320e+09,1.232800e+02,1.552854e+09
59,monte carlo,1.831274e-11,1.321520e-01,9.723417e-10,1.233876e-09,4.354462e-13,3.151181e-11,3.864806e-01,8.782951e-10,8.982911e-10,4.910045e-13,3.458380e-11,1.742400e-01,1.191949e-09,1.269756e-09,5.149951e-13,1.781961e-11,2.031362e-01,7.728797e-10,6.118987e-10,3.061231e-13,7.065158e-08,6.603014e-01,1.281418e-13,1.079262e-09,8.585688e-08,7.793581e-01,2.002617e-13,1.185413e-09,7.036156e-08,5.346994e-01,1.388436e-13,8.083169e-10,-1.559475e-03,5.127871e-04,2.434437e-04,4.977927e-15,1.008442e+02,1.935329e+09,1.038267e+02,1.503625e+09,1.240215e+02,1.902279e+09
60,monte carlo,1.793964e-11,3.860973e-01,7.833932e-10,5.324648e-10,4.675619e-13,3.457489e-11,3.055773e-01,6.418812e-10,1.029009e-09,4.260736e-13,3.281647e-11,1.202381e-01,1.103861e-09,1.207320e-09,3.715362e-13,1.739007e-11,2.445010e-01,1.175994e-09,8.423697e-10,2.050553e-13,6.733084e-08,4.912716e-01,1.847478e-13,1.991753e-09,8.033889e-08,6.844599e-01,1.693330e-13,6.646475e-10,7.106533e-08,6.411205e-01,1.621602e-13,1.600317e-09,3.501125e-03,-4.613156e-03,1.381709e-03,1.881515e-15,1.291705e+02,1.790241e+09,1.106239e+02,1.679574e+09,1.044694e+02,1.916815e+09
61,monte carlo,1.868127e-11,1.326588e-01,9.695911e-10,1.132393e-09,2.169009e-13,3.452089e-11,3.573085e-01,6.244483e-10,5.300679e-10,3.791408e-13,3.252748e-11,3.605463e-01,6.310459e-10,8.689063e-10,2.855999e-13,1.820564e-11,2.921692e-01,7.491430e-10,4.032922e-10,2.166438e-13,7.074188e-08,6.271354e-01,1.979963e-13,1.520809e-09,8.362480e-08,7.424319e-01,2.228607e-13,1.643484e-09,6.740989e-08,6.203828e-01,1.682773e-13,8.982067e-10,9.948898e-03,-1.747582e-04,-1.084262e-03,3.119749e-15,1.063130e+02,1.694171e+09,1.061572e+02,1.402348e+09,1.024083e+02,1.870426e+09
62,monte carlo,1.889827e-11,3.957230e-01,8.079797e-10,1.030539e-09,3.864751e-13,3.242091e-11,1.784387e-01,8.813883e-10,1.256119e-09,4.215666e-13,3.452593e-11,2.460986e-01,7.014427e-10,1.115399e-09,3.162206e-13,1.777807e-11,2.794696e-01,1.051447e-09,1.271126e-09,4.878194e-13,7.023953e-08,5.258147e-01,1.944466e-13,8.139846e-10,8.354112e-08,6.897883e-01,2.002338e-13,1.320493e-09,6.924082e-08,5.047814e-01,1.630597e-13,1.754618e-09,-9.840916e-03,-4.026825e-03,2.498591e-03,6.869356e-16,1.258983e+02,1.667558e+09,1.141446e+02,1.562618e+09,1.292796e+02,1.742442e+09
63,monte carlo,1.838272e-11,1.095668e-01,6.281730e-10,4.220357e-10,5.170107e-13,3.447752e-11,1.487599e-01,9.809680e-10,5.246793e-10,5.007649e-13,3.211170e-11,3.578031e-01,6.297257e-10,1.095090e-09,4.353723e-13,1.819983e-11,2.905280e-01,7.900362e-10,1.083372e-09,3.756804e-13,6.571628e-08,5.075420e-01,1.497315e-13,8.581562e-10,7.927550e-08,5.799508e-01,1.760405e-13,6.284901e-10,6.631295e-08,6.091327e-01,1.428519e-13,1.268510e-09,-4.207722e-03,9.878714e-04,-1.187794e-03,4.064406e-15,1.220315e+02,1.761988e+09,1.288306e+02,1.482776e+09,1.026024e+02,1.846449e+09
64,monte carlo,1.759786e-11,3.958397e-01,9.897183e-10,6.114472e-10,4.213496e-13,3.419508e-11,1.159616e-01,9.416977e-10,5.423097e-10,1.977370e-13,3.364159e-11,1.123124e-01,1.136129e-09,6.797688e-10,4.800766e-13,1.784359e-11,3.235037e-01,1.073577e-09,5.215852e-10,3.733453e-13,7.058430e-08,5.987590e-01,1.982522e-13,1.423130e-09,8.600971e-08,7.541306e-01,1.946247e-13,1.330524e-09,6.669840e-08,5.291632e-01,1.480255e-13,5.530514e-10,4.729428e-04,6.857615e-03,-1.471088e-03,4.496215e-15,1.111034e+02,1.692027e+09,1.074910e+02,1.509258e+09,1.187947e+02,1.891227e+09
65,monte carlo,1.808862e-11,2.001499e-01,1.092498e-09,7.487365e-10,5.296067e-13,3.340409e-11,2.484479e-01,9.141567e-10,5.970856e-10,3.375539e-13,3.460118e-11,2.165452e-01,6.477559e-10,4.436296e-10,2.181776e-13,1.828243e-11,1.984638e-01,9.673712e-10,8.541801e-10,3.630512e-13,6.711992e-08,5.752959e-01,1.605750e-13,5.315599e-10,7.915752e-08,6.038861e-01,2.433579e-13,1.242137e-09,6.571663e-08,4.907148e-01,1.788740e-13,1.001064e-09,5.945597e-03,6.973415e-03,3.931831e-04,1.804784e-15,1.099591e+02,1.878235e+09,1.235402e+02,1.304156e+09,1.262168e+02,1.795783e+09
66,monte carlo,1.846081e-11,1.666538e-01,1.011996e-09,8.674278e-10,5.126091e-13,3.238983e-11,1.173721e-01,1.146614e-09,8.165623e-10,1.807057e-13,3.358486e-11,2.898336e-01,1.038031e-09,2.847287e-10,2.669760e-13,1.815974e-11,2.737311e-01,1.062974e-09,3.893898e-10,2.814994e-13,6.838643e-08,5.577647e-01,1.850672e-13,6.065908e-10,8.262132e-08,7.724313e-01,1.823009e-13,1.726809e-09,6.896021e-08,5.549158e-01,1.524801e-13,1.312486e-09,1.011338e-03,-8.565553e-03,-2.954860e-03,2.822486e-15,1.155553e+02,1.873905e+09,1.008099e+02,1.474145e+09,1.171231e+02,1.755647e+09
67,monte carlo,1.851343e-11,2.156757e-01,1.077638e-09,1.214952e-09,3.920451e-13,3.350655e-11,1.813138e-01,7.895472e-10,7.836769e-10,2.692368e-13,3.256089e-11,2.531379e-01,7.822598e-10,9.728521e-10,2.951482e-13,1.722184e-11,3.729119e-01,1.036858e-09,6.638695e-10,1.933906e-13,7.128237e-08,5.825225e-01,2.055215e-13,1.804573e-09,8.420104e-08,6.762715e-01,1.773249e-13,1.572725e-09,6.604704e-08,5.416546e-01,2.160873e-13,6.263121e-10,-6.561324e-03,-5.784756e-03,-2.587725e-03,2.176022e-15,1.153295e+02,1.654475e+09,1.173458e+02,1.479658e+09,1.149217e+02,1.506283e+09
68,monte carlo,1.807992e-11,2.059854e-01,1.048732e-09,5.095242e-10,2.543344e-13,3.396097e-11,3.483680e-01,1.197775e-09,1.028854e-09,5.026199e-13,3.352632e-11,3.686217e-01,7.522117e-10,1.247672e-09,5.098802e-13,1.758975e-11,1.656339e-01,8.170209e-10,1.297949e-09,3.241284e-13,6.681511e-08,5.988420e-01,2.081780e-13,1.197044e-09,8.153569e-08,6.762449e-01,1.463045e-13,1.516985e-09,6.968251e-08,5.807360e-01,1.660074e-13,1.252036e-09,5.665509e-04,7.393631e-04,-2.410764e-03,1.627538e-15,1.051559e+02,1.630406e+09,1.136357e+02,1.632341e+09,1.130879e+02,1.783694e+09
69,monte carlo,1.742172e-11,1.571927e-01,1.121626e-09,2.903348e-10,3.687706e-13,3.141534e-11,3.706087e-01,7.980049e-10,1.280608e-09,2.773058e-13,3.393155e-11,1.397075e-01,6.448787e-10,5.166571e-10,4.469371e-13,1.839327e-11,3.194174e-01,7.407627e-10,8.132662e-10,4.964535e-13,7.096311e-08,5.409139e-01,1.554118e-13,5.261104e-10,7.890214e-08,6.899865e-01,1.949685e-13,8.487486e-10,6.877828e-08,5.797460e-01,1.840549e-13,1.963027e-09,7.051202e-04,5.845492e-03,1.879788e-03,1.366749e-15,1.236447e+02,1.674238e+09,1.077753e+02,1.578208e+09,1.118110e+02,1.760300e+09
70,monte carlo,1.849223e-11,2.191174e-01,7.017917e-10,3.534443e-10,3.625893e-13,3.425178e-11,1.489185e-01,8.029447e-10,7.567631e-10,3.690368e-13,3.161799e-11,1.611567e-01,6.415566e-10,3.458515e-10,2.273472e-13,1.782004e-11,1.383180e-01,9.531680e-10,5.392677e-10,1.899561e-13,7.058834e-08,5.902527e-01,1.996217e-13,5.361869e-10,8.305023e-08,6.113891e-01,1.677157e-13,1.820342e-09,6.998607e-08,5.599260e-01,1.698323e-13,1.573187e-09,8.869881e-03,4.414553e-03,-1.307152e-03,4.481569e-15,1.127110e+02,1.605371e+09,1.280248e+02,1.642400e+09,1.178019e+02,1.736758e+09
71,monte carlo,1.711071e-11,2.171288e-01,9.279650e-10,8.583521e-10,5.108146e-13,3.425216e-11,1.961968e-01,1.169399e-09,7.236320e-10,2.182206e-13,3.166538e-11,3.294397e-01,1.042315e-09,1.224659e-09,1.753277e-13,1.798940e-11,1.259372e-01,7.623227e-10,5.713350e-10,3.940210e-13,6.799023e-08,5.635679e-01,2.224840e-13,9.523576e-10,8.120164e-08,7.498238e-01,1.502902e-13,1.632955e-09,6.612537e-08,5.297516e-01,1.681861e-13,1.506331e-09,-2.479499e-03,-8.235705e-03,-1.374928e-04,1.202997e-15,1.137028e+02,1.525190e+09,1.020650e+02,1.647026e+09,1.176432e+02,1.796571e+09
72,monte carlo,1.862994e-11,2.532357e-01,1.027817e-09,5.603782e-10,5.073944e-13,3.455127e-11,2.949333e-01,7.467687e-10,4.305411e-10,2.836958e-13,3.333613e-11,2.422971e-01,1.013684e-09,5.774189e-10,2.161776e-13,1.822611e-11,3.007171e-01,8.600231e-10,1.274315e-09,4.623212e-13,6.876876e-08,5.939051e-01,2.190563e-13,1.593551e-09,8.202754e-08,6.903951e-01,2.165326e-13,1.281420e-09,6.686151e-08,5.833798e-01,2.229907e-13,1.950252e-09,-3.211974e-03,4.069421e-03,1.938126e-03,3.162236e-15,1.091303e+02,1.564616e+09,1.119781e+02,1.439036e+09,1.080179e+02,1.517385e+09
73,monte carlo,1.858586e-11,1.498621e-01,1.039588e-09,1.179401e-09,5.240023e-13,3.260943e-11,3.139909e-01,9.543291e-10,1.223856e-09,4.593659e-13,3.207462e-11,3.618745e-01,6.303937e-10,5.070679e-10,2.789528e-13,1.849782e-11,3.732692e-01,6.577521e-10,1.033642e-09,3.328128e-13,6.588120e-08,5.082596e-01,1.812195e-13,1.569504e-09,8.403453e-08,6.382826e-01,1.716156e-13,1.823773e-09,7.004309e-08,5.379301e-01,1.714905e-13,1.584767e-09,5.925546e-03,9.155701e-03,1.527666e-03,1.228348e-15,1.221651e+02,1.722215e+09,1.240840e+02,1.566653e+09,1.227187e+02,1.860689e+09
74,monte carlo,1.827692e-11,1.294780e-01,6.045933e-10,7.950717e-10,3.716589e-13,3.257681e-11,1.358671e-01,7.457607e-10,7.623169e-10,4.329964e-13,3.137661e-11,1.636251e-01,7.676101e-10,4.166283e-10,3.616763e-13,1.715059e-11,1.032686e-01,1.176441e-09,1.176813e-09,4.357091e-13,7.025725e-08,5.799552e-01,1.577638e-13,1.025393e-09,8.265544e-08,6.632995e-01,1.452676e-13,1.980495e-09,6.599242e-08,4.841817e-01,1.909477e-13,1.730507e-09,-3.409363e-03,4.031188e-03,-1.128668e-03,1.708452e-15,1.141742e+02,1.794674e+09,1.174446e+02,1.672918e+09,1.284567e+02,1.837335e+09
75,monte carlo,1.840208e-11,3.398932e-01,8.114272e-10,5.086062e-10,4.110369e-13,3.139160e-11,3.923809e-01,6.336805e-10,4.654493e-10,3.171195e-13,3.369510e-11,1.892217e-01,8.088651e-10,8.963208e-10,2.096039e-13,1.803351e-11,1.750703e-01,1.046035e-09,1.265318e-09,2.766818e-13,7.097234e-08,5.416287e-01,2.216446e-13,8.305958e-10,8.225237e-08,7.328197e-01,1.868273e-13,6.398009e-10,6.468334e-08,6.058755e-01,1.974440e-13,9.731907e-10,9.113906e-03,3.717531e-03,-2.898669e-03,4.971404e-15,1.234976e+02,1.570756e+09,1.057846e+02,1.387758e+09,1.006190e+02,1.548290e+09
76,monte carlo,1.879232e-11,1.528539e-01,6.993816e-10,6.125042e-10,2.373035e-13,3.267067e-11,1.545412e-01,1.051045e-09,6.360067e-10,3.790008e-13,3.425647e-11,2.769551e-01,7.438252e-10,1.239942e-09,4.983099e-13,1.722182e-11,2.104676e-01,8.768838e-10,6.791850e-10,2.782913e-13,7.043223e-08,5.857233e-01,1.635653e-13,1.875435e-09,8.274984e-08,7.456422e-01,1.703474e-13,1.152012e-09,6.857978e-08,5.474029e-01,2.065849e-13,1.385214e-09,1.358630e-04,6.812849e-03,-2.187985e-03,2.018746e-15,1.133313e+02,1.846437e+09,1.045943e+02,1.474389e+09,1.180756e+02,1.705592e+09
77,monte carlo,1.785875e-11,3.022874e-01,6.615162e-10,7.331552e-10,2.160345e-13,3.358642e-11,3.453289e-01,8.827143e-10,9.585014e-10,5.125183e-13,3.385385e-11,2.116766e-01,9.161515e-10,9.308677e-10,2.712138e-13,1.819590e-11,1.867436e-01,7.643379e-10,2.794996e-10,3.138670e-13,7.027980e-08,5.118273e-01,1.697521e-13,9.277560e-10,8.006963e-08,7.514676e-01,2.069203e-13,1.282976e-09,6.766377e-08,5.602768e-01,2.096238e-13,9.819272e-10,-9.021471e-03,8.883203e-04,-1.720595e-03,4.448260e-15,1.294131e+02,1.903960e+09,1.004220e+02,1.562473e+09,1.138216e+02,1.648123e+09
78,monte carlo,1.751785e-11,3.294228e-01,6.746384e-10,7.680876e-10,2.485563e-13,3.415606e-11,2.787659e-01,9.971643e-10,4.902494e-10,2.792380e-13,3.257818e-11,1.117414e-01,6.237124e-10,1.123086e-09,1.779990e-13,1.883801e-11,3.516683e-01,1.119695e-09,1.176366e-09,4.741099e-13,7.012668e-08,6.539315e-01,1.353504e-13,1.697984e-09,8.016543e-08,6.889237e-01,1.843337e-13,6.621307e-10,7.090538e-08,5.858502e-01,1.909576e-13,1.309865e-09,-5.177184e-03,1.291459e-03,-1.999930e-03,3.207543e-15,1.010700e+02,1.905661e+09,1.096698e+02,1.558324e+09,1.140680e+02,1.647433e+09
79,monte carlo,1.795486e-11,2.299927e-01,9.926065e-10,1.198480e-09,1.991031e-13,3.289337e-11,3.004284e-01,7.693775e-10,6.618714e-10,5.049635e-13,3.297268e-11,2.483745e-01,8.484784e-10,3.916864e-10,2.585383e-13,1.735332e-11,2.872274e-01,8.651641e-10,1.079190e-09,2.517291e-13,6.499954e-08,5.368101e-01,2.317123e-13,6.909141e-10,7.803956e-08,7.221956e-01,1.663472e-13,1.521322e-09,6.477714e-08,5.184111e-01,1.649221e-13,1.957092e-09,5.528054e-03,2.886832e-03,-2.016475e-03,3.277340e-15,1.141197e+02,1.520925e+09,1.018430e+02,1.602285e+09,1.177656e+02,1.848364e+09
80,monte carlo,1.862213e-11,2.293920e-01,6.573775e-10,1.134551e-09,2.582680e-13,3.445867e-11,1.396013e-01,9.435691e-10,3.256966e-10,5.161501e-13,3.347313e-11,1.010820e-01,1.098535e-09,6.891975e-10,3.534948e-13,1.785801e-11,1.980784e-01,6.184356e-10,3.675155e-10,2.634386e-13,6.615871e-08,5.040882e-01,1.856857e-13,1.766568e-09,8.046004e-08,5.851925e-01,2.282202e-13,6.347003e-10,6.567491e-08,5.037524e-01,1.463692e-13,1.142116e-09,-3.081130e-03,-7.697477e-03,-1.976549e-05,1.997243e-15,1.236949e+02,1.764429e+09,1.295844e+02,1.328111e+09,1.228722e+02,1.758601e+09
81,monte carlo,1.764127e-11,3.033297e-01,9.542329e-10,1.215013e-09,3.686814e-13,3.352725e-11,2.090966e-01,1.126314e-09,3.023204e-10,2.836555e-13,3.208015e-11,2.581175e-01,1.038621e-09,1.269170e-09,2.682894e-13,1.811342e-11,2.717580e-01,1.199050e-09,8.243718e-10,3.585563e-13,6.507435e-08,4.847855e-01,1.608637e-13,6.672098e-10,8.578261e-08,6.917668e-01,1.262939e-13,1.570453e-09,6.646906e-08,5.465016e-01,1.679552e-13,1.734640e-09,-7.982007e-03,7.276583e-03,-2.371617e-03,2.833344e-15,1.265119e+02,1.734479e+09,1.168721e+02,1.684193e+09,1.146302e+02,1.890252e+09
82,monte carlo,1.748498e-11,1.447813e-01,9.075801e-10,1.025832e-09,3.203665e-13,3.463158e-11,2.341279e-01,7.760513e-10,1.093127e-09,2.235192e-13,3.438863e-11,2.868429e-01,6.287548e-10,7.185788e-10,5.193554e-13,1.766941e-11,2.264828e-01,1.074289e-09,6.987765e-10,5.103652e-13,6.845738e-08,6.244796e-01,2.098704e-13,1.378109e-09,8.079787e-08,6.030364e-01,1.758545e-13,1.427765e-09,6.775664e-08,6.143510e-01,1.585165e-13,6.639804e-10,3.678171e-03,5.626276e-03,9.662492e-04,2.669557e-15,1.033173e+02,1.554992e+09,1.262779e+02,1.468511e+09,1.039457e+02,1.928445e+09
83,monte carlo,1.711883e-11,2.090896e-01,1.008845e-09,9.203955e-10,3.271711e-13,3.428624e-11,2.859307e-01,6.246028e-10,8.435270e-10,5.101196e-13,3.186180e-11,3.380539e-01,1.056822e-09,9.588337e-10,4.423974e-13,1.790867e-11,3.579212e-01,1.178057e-09,9.549694e-10,5.125106e-13,7.132919e-08,6.598757e-01,1.805737e-13,1.320575e-09,8.397017e-08,7.450041e-01,1.677887e-13,1.379376e-09,6.935360e-08,5.486764e-01,1.692234e-13,9.686466e-10,6.578167e-03,-6.326686e-03,-1.753615e-03,1.595830e-15,1.018770e+02,1.534478e+09,1.062276e+02,1.458802e+09,1.191308e+02,1.749909e+09
84,monte carlo,1.721741e-11,3.718648e-01,8.154302e-10,6.995776e-10,2.296975e-13,3.411787e-11,3.304303e-01,1.097285e-09,7.701281e-10,2.921666e-13,3.243703e-11,1.781827e-01,6.397443e-10,4.215126e-10,3.182047e-13,1.799096e-11,3.018811e-01,1.048432e-09,1.192499e-09,3.456227e-13,6.839397e-08,5.847286e-01,2.058929e-13,1.687630e-09,8.297917e-08,7.206718e-01,1.588134e-13,1.752778e-09,7.132483e-08,5.499066e-01,1.765988e-13,1.430225e-09,9.946806e-04,-3.680891e-03,1.300855e-03,4.902253e-15,1.102388e+02,1.527267e+09,1.085182e+02,1.508866e+09,1.222427e+02,1.868184e+09
85,monte carlo,1.864275e-11,1.604368e-01,6.933279e-10,5.980526e-10,2.419947e-13,3.461596e-11,1.725972e-01,6.025152e-10,6.525709e-10,2.653868e-13,3.200319e-11,1.052806e-01,1.115053e-09,7.059798e-10,2.604411e-13,1.762325e-11,2.263716e-01,1.006427e-09,1.112790e-09,4.970545e-13,6.969642e-08,5.111395e-01,2.015948e-13,1.805149e-09,8.275091e-08,7.276200e-01,1.530640e-13,1.950724e-09,6.734627e-08,4.897689e-01,2.158043e-13,8.260318e-10,-1.955111e-03,-8.766717e-03,8.834969e-04,2.649375e-15,1.285115e+02,1.538517e+09,1.071863e+02,1.618010e+09,1.295966e+02,1.516049e+09
86,monte carlo,1.721722e-11,2.328786e-01,1.058166e-09,7.253619e-10,3.639606e-13,3.137494e-11,1.545166e-01,9.060350e-10,4.147775e-10,1.756721e-13,3.315879e-11,2.010419e-01,1.167588e-09,1.200468e-09,1.962236e-13,1.738656e-11,2.668748e-01,1.094090e-09,4.084901e-10,2.658532e-13,6.584992e-08,6.034242e-01,1.274546e-13,1.773346e-09,8.185370e-08,6.021423e-01,1.619448e-13,1.462507e-09,6.658911e-08,5.722909e-01,1.566455e-13,8.123171e-10,-8.250651e-03,-3.586485e-03,8.233563e-04,2.597923e-15,1.028498e+02,1.897364e+09,1.281180e+02,1.583891e+09,1.096623e+02,1.872355e+09
87,monte carlo,1.826161e-11,2.933011e-01,8.609444e-10,9.269186e-10,3.592878e-13,3.314774e-11,1.496402e-01,8.679669e-10,6.146787e-10,3.051864e-13,3.398722e-11,2.676307e-01,6.384303e-10,7.896123e-10,4.609080e-13,1.820418e-11,1.677163e-01,1.025432e-09,6.498418e-10,2.261841e-13,6.530862e-08,5.178379e-01,2.125202e-13,1.686347e-09,8.494258e-08,7.361705e-01,1.703145e-13,1.768538e-09,6.659239e-08,5.303078e-01,2.306641e-13,9.987270e-10,-8.953292e-03,6.503097e-03,7.402440e-04,3.895773e-15,1.188633e+02,1.612217e+09,1.087472e+02,1.658357e+09,1.183499e+02,1.516810e+09
88,monte carlo,1.782535e-11,2.952616e-01,7.197000e-10,7.544073e-10,2.383403e-13,3.339518e-11,1.424446e-01,6.633478e-10,3.660336e-10,5.108455e-13,3.230024e-11,3.067219e-01,7.854643e-10,4.058660e-10,2.347945e-13,1.805878e-11,2.960562e-01,1.119882e-09,4.932739e-10,2.747056e-13,6.858659e-08,5.563338e-01,2.013292e-13,1.744398e-09,8.036982e-08,6.575952e-01,2.138608e-13,1.231968e-09,6.589789e-08,5.840721e-01,1.983847e-13,1.169097e-09,2.982282e-03,9.042816e-03,1.929644e-03,4.793742e-15,1.161916e+02,1.663267e+09,1.151875e+02,1.378992e+09,1.063350e+02,1.791870e+09
89,monte carlo,1.733756e-11,1.718025e-01,7.629861e-10,1.207087e-09,2.876348e-13,3.415711e-11,2.805805e-01,6.270175e-10,8.762749e-10,4.150980e-13,3.248680e-11,2.194462e-01,9.522560e-10,1.186189e-09,4.880322e-13,1.874891e-11,1.720139e-01,8.835706e-10,8.868979e-10,3.441535e-13,6.757189e-08,5.298163e-01,1.852604e-13,1.941520e-09,8.458970e-08,6.252215e-01,1.825177e-13,7.562397e-10,6.882760e-08,5.797100e-01,1.946671e-13,1.192295e-09,-9.288530e-03,-6.617809e-03,-2.980247e-03,4.651124e-15,1.202021e+02,1.710337e+09,1.275131e+02,1.580085e+09,1.118982e+02,1.708886e+09
90,monte carlo,1.817032e-11,2.681246e-01,9.423304e-10,4.439001e-10,2.033827e-13,3.392107e-11,3.334623e-01,9.434384e-10,5.111764e-10,2.023072e-13,3.240921e-11,2.788589e-01,1.118368e-09,5.222489e-10,3.140670e-13,1.880588e-11,2.741042e-01,6.233503e-10,6.662376e-10,3.469011e-13,6.752171e-08,4.954291e-01,1.945403e-13,1.717158e-09,8.369956e-08,6.235553e-01,1.728160e-13,1.831754e-09,6.846265e-08,6.363169e-01,1.766119e-13,1.953795e-09,2.569536e-03,-9.344846e-03,2.030113e-03,3.322504e-15,1.284497e+02,1.564526e+09,1.265084e+02,1.532724e+09,1.014031e+02,1.833279e+09
91,monte carlo,1.732024e-11,2.917385e-01,9.582624e-10,2.920568e-10,3.107187e-13,3.366430e-11,2.351670e-01,1.026637e-09,1.220673e-09,4.125101e-13,3.272852e-11,2.414196e-01,6.013255e-10,8.965649e-10,3.360538e-13,1.857363e-11,3.790532e-01,1.022742e-09,9.392498e-10,2.409075e-13,6.901079e-08,5.519249e-01,1.887043e-13,1.552871e-09,8.283042e-08,7.049209e-01,2.454775e-13,1.622650e-09,6.882630e-08,6.225641e-01,1.837198e-13,6.381082e-10,1.257509e-03,5.823566e-03,2.831300e-03,2.798512e-15,1.178442e+02,1.616359e+09,1.107441e+02,1.345326e+09,1.041937e+02,1.690269e+09
92,monte carlo,1.772049e-11,1.717947e-01,1.073774e-09,1.217454e-09,1.952779e-13,3.262049e-11,3.540137e-01,1.115380e-09,8.710537e-10,4.564611e-13,3.252194e-11,2.675920e-01,1.161918e-09,1.124485e-09,3.536687e-13,1.848383e-11,1.616567e-01,1.103511e-09,3.340755e-10,3.820210e-13,6.762670e-08,6.175872e-01,1.735336e-13,9.283891e-10,7.978176e-08,7.212446e-01,1.976634e-13,1.656711e-09,6.844832e-08,5.690004e-01,1.654975e-13,1.741259e-09,-8.760836e-03,6.422831e-03,-1.592981e-03,2.375439e-15,1.032027e+02,1.680346e+09,1.042539e+02,1.374848e+09,1.133761e+02,1.826648e+09
93,monte carlo,1.800234e-11,2.953684e-01,8.460641e-10,4.786453e-10,3.559883e-13,3.217145e-11,1.879319e-01,8.620717e-10,1.026484e-09,3.710851e-13,3.352325e-11,3.558608e-01,9.637500e-10,4.615151e-10,5.217616e-13,1.800754e-11,1.607758e-01,1.021693e-09,5.531260e-10,4.546372e-13,6.879677e-08,6.430273e-01,1.936279e-13,9.582185e-10,7.818034e-08,7.275342e-01,2.340243e-13,1.888868e-09,6.854074e-08,4.973817e-01,1.735341e-13,1.582279e-09,7.547479e-03,9.434752e-03,-2.310454e-03,2.227131e-15,1.008346e+02,1.795908e+09,1.012780e+02,1.334099e+09,1.298764e+02,1.940929e+09
94,monte carlo,1.791573e-11,2.821978e-01,1.166831e-09,5.111016e-10,2.275278e-13,3.288729e-11,1.381961e-01,1.062687e-09,9.970057e-10,5.170735e-13,3.292444e-11,3.347456e-01,1.095442e-09,8.335463e-10,2.950272e-13,1.772698e-11,2.357601e-01,1.144342e-09,7.056082e-10,4.278306e-13,6.560073e-08,5.650890e-01,1.495199e-13,1.967882e-09,8.176809e-08,6.159295e-01,1.710736e-13,9.017922e-10,6.963240e-08,6.302587e-01,1.821178e-13,1.447752e-09,-7.666132e-04,2.407161e-03,5.498763e-04,3.289932e-15,1.094115e+02,1.762524e+09,1.251192e+02,1.673233e+09,1.041271e+02,1.690915e+09
95,monte carlo,1.870030e-11,2.024590e-01,9.707138e-10,9.872126e-10,2.461238e-13,3.428250e-11,3.016241e-01,1.000210e-09,8.381193e-10,2.583426e-13,3.247948e-11,2.913031e-01,1.145148e-09,4.031127e-10,1.803488e-13,1.719367e-11,2.186333e-01,8.671403e-10,8.164579e-10,2.198894e-13,6.776100e-08,5.822580e-01,2.007624e-13,1.266563e-09,8.223420e-08,6.255024e-01,1.771056e-13,1.194980e-09,6.745750e-08,4.973201e-01,1.779609e-13,8.715030e-10,-9.688225e-03,6.270298e-03,-1.532259e-03,1.022163e-15,1.096820e+02,1.615001e+09,1.239066e+02,1.492023e+09,1.278396e+02,1.920467e+09
96,monte carlo,1.764020e-11,3.768215e-01,7.954099e-10,4.735071e-10,3.181935e-13,3.219706e-11,1.336605e-01,9.356132e-10,1.144486e-09,3.675523e-13,3.373997e-11,3.103320e-01,1.078724e-09,1.074760e-09,2.783313e-13,1.742043e-11,3.837045e-01,8.162595e-10,1.264812e-09,5.260868e-13,6.761729e-08,4.947977e-01,1.873664e-13,1.826522e-09,8.316985e-08,7.212615e-01,2.044313e-13,8.437114e-10,6.807862e-08,5.607717e-01,1.528434e-13,1.112581e-09,8.691750e-03,6.683080e-03,-1.480189e-03,2.550996e-15,1.287957e+02,1.620899e+09,1.086787e+02,1.503894e+09,1.144184e+02,1.907981e+09
97,monte carlo,1.862791e-11,3.885337e-01,8.179761e-10,1.189503e-09,3.778436e-13,3.226570e-11,3.783982e-01,9.297893e-10,1.208564e-09,3.917758e-13,3.145062e-11,1.901231e-01,9.098023e-10,3.625852e-10,3.721595e-13,1.839306e-11,3.560361e-01,9.441046e-10,9.673381e-10,2.159551e-13,6.596259e-08,5.630563e-01,1.570243e-13,9.847246e-10,8.247344e-08,6.522778e-01,1.956214e-13,1.430262e-09,6.797104e-08,5.276090e-01,1.611643e-13,9.860924e-10,9.301019e-03,-5.631407e-04,9.977303e-04,3.639916e-15,1.104122e+02,1.928941e+09,1.191661e+02,1.390151e+09,1.214179e+02,1.634487e+09
98,monte carlo,1.806237e-11,1.202721e-01,7.126282e-10,3.273245e-10,4.672156e-13,3.186124e-11,2.126881e-01,6.854741e-10,1.291684e-09,3.600048e-13,3.279562e-11,1.568157e-01,1.193253e-09,4.508494e-10,2.139867e-13,1.758368e-11,1.365620e-01,8.658775e-10,5.791491e-10,3.590177e-13,7.083515e-08,6.564520e-01,1.501445e-13,1.707151e-09,8.248934e-08,6.331785e-01,2.424824e-13,1.991729e-09,7.084272e-08,6.055805e-01,1.474948e-13,1.398526e-09,-5.831096e-03,-8.630364e-03,-2.130846e-03,2.665510e-15,1.016991e+02,1.746995e+09,1.227843e+02,1.360637e+09,1.102540e+02,1.737030e+09
99,monte carlo,1.786312e-11,2.357683e-01,1.063742e-09,1.188613e-09,4.822289e-13,3.316995e-11,3.851480e-01,8.036805e-10,1.038729e-09,3.982398e-13,3.357573e-11,2.693747e-01,1.143816e-09,4.167906e-10,4.511138e-13,1.814600e-11,2.858333e-01,1.167812e-09,3.400104e-10,4.219205e-13,6.864773e-08,6.071674e-01,2.087200e-13,7.087058e-10,8.145617e-08,6.603248e-01,1.594311e-13,5.017860e-10,6.838599e-08,5.380690e-01,1.847350e-13,1.856535e-09,1.937249e-04,-9.949376e-03,-4.551489e-04,2.897828e-15,1.065587e+02,1.673320e+09,1.162619e+02,1.561402e+09,1.197844e+02,1.575613e+09
100,monte carlo,1.773106e-11,3.333016e-01,1.035391e-09,3.798564e-10,2.319621e-13,3.446343e-11,3.949011e-01,8.684107e-10,1.272457e-09,3.001688e-13,3.343263e-11,1.122048e-01,7.652474e-10,7.682441e-10,3.884793e-13,1.769429e-11,3.830797e-01,7.453195e-10,8.215569e-10,4.130794e-13,6.496333e-08,5.304574e-01,1.541052e-13,1.176490e-09,8.598316e-08,7.178078e-01,2.085297e-13,1.590751e-09,6.934806e-08,6.305940e-01,1.762490e-13,1.944136e-09,3.633836e-03,1.907931e-03,-9.292981e-04,2.939956e-15,1.154221e+02,1.867073e+09,1.128954e+02,1.402914e+09,1.036467e+02,1.904171e+09
101,monte carlo,1.800536e-11,2.960641e-01,9.310209e-10,7.692951e-10,1.970289e-13,3.447512e-11,3.760278e-01,6.770032e-10,3.549098e-10,2.035716e-13,3.438358e-11,2.297364e-01,1.135737e-09,4.886008e-10,4.405680e-13,1.860086e-11,1.259774e-01,6.594219e-10,6.659383e-10,5.272715e-13,6.636826e-08,5.198578e-01,1.406772e-13,1.045705e-09,8.393030e-08,7.133022e-01,1.816608e-13,6.014460e-10,6.867227e-08,6.133303e-01,2.068125e-13,1.346977e-09,4.351151e-03,-3.716958e-03,-4.192313e-04,1.044705e-15,1.203225e+02,1.800591e+09,1.108961e+02,1.510349e+09,1.055257e+02,1.543640e+09
102,monte carlo,1.806062e-11,1.663250e-01,8.529976e-10,5.971563e-10,5.230241e-13,3.372893e-11,1.010594e-01,1.169434e-09,6.860065e-10,3.253952e-13,3.382776e-11,2.128005e-01,7.266103e-10,3.560831e-10,2.519989e-13,1.816370e-11,2.744341e-01,9.463636e-10,6.255290e-10,4.814991e-13,7.132120e-08,5.674659e-01,1.981130e-13,7.479578e-10,8.039214e-08,6.977822e-01,2.331321e-13,6.069588e-10,7.069144e-08,5.659111e-01,1.410040e-13,1.528845e-09,-2.616299e-04,-1.696142e-04,-2.246166e-03,4.474846e-15,1.184541e+02,1.681079e+09,1.085838e+02,1.350471e+09,1.177307e+02,1.853257e+09
103,monte carlo,1.742499e-11,3.045237e-01,7.028548e-10,5.657075e-10,5.217003e-13,3.227131e-11,3.125263e-01,8.659202e-10,6.446568e-10,2.613302e-13,3.462975e-11,3.381736e-01,6.230203e-10,1.215320e-09,3.188603e-13,1.824919e-11,3.354540e-01,1.013434e-09,3.206859e-10,2.538378e-13,6.743537e-08,5.782373e-01,2.067670e-13,5.992543e-10,8.247440e-08,6.518262e-01,1.372248e-13,1.468939e-09,7.044844e-08,5.772356e-01,1.690097e-13,1.233845e-09,7.533766e-03,1.637914e-03,9.034229e-04,4.092949e-15,1.099139e+02,1.595513e+09,1.192500e+02,1.633656e+09,1.150242e+02,1.862217e+09
104,monte carlo,1.808687e-11,1.562271e-01,1.104760e-09,5.393418e-10,4.112841e-13,3.344873e-11,3.242810e-01,7.241466e-10,9.717385e-10,3.743753e-13,3.287257e-11,3.225937e-01,1.181230e-09,5.848521e-10,2.427032e-13,1.771558e-11,3.827995e-01,1.173163e-09,1.259394e-09,4.865136e-13,6.562120e-08,6.096619e-01,1.959020e-13,1.952613e-09,8.452053e-08,6.497908e-01,2.074420e-13,9.871531e-10,7.036188e-08,5.828433e-01,1.825571e-13,7.494068e-10,2.243639e-03,2.017413e-03,-2.280753e-03,3.985651e-15,1.014440e+02,1.723337e+09,1.225913e+02,1.491088e+09,1.137776e+02,1.541197e+09
105,monte carlo,1.824751e-11,2.759321e-01,9.665121e-10,3.131548e-10,2.164746e-13,3.449133e-11,2.149396e-01,6.157708e-10,7.631151e-10,4.430010e-13,3.392977e-11,1.727691e-01,1.139072e-09,1.291064e-09,3.346370e-13,1.764406e-11,3.314473e-01,6.515516e-10,7.767490e-10,4.347625e-13,6.722582e-08,5.278736e-01,1.736407e-13,9.429496e-10,8.346338e-08,6.339318e-01,2.058305e-13,1.867531e-09,6.752338e-08,5.376909e-01,2.001776e-13,1.613498e-09,6.383745e-03,9.478052e-03,2.245102e-03,3.005187e-15,1.200265e+02,1.802011e+09,1.240865e+02,1.508425e+09,1.183566e+02,1.747263e+09
106,monte carlo,1.736778e-11,1.618384e-01,6.610199e-10,1.060288e-09,1.791073e-13,3.313178e-11,2.906597e-01,6.541203e-10,6.516950e-10,4.743498e-13,3.147630e-11,2.800738e-01,1.180870e-09,4.917692e-10,5.122249e-13,1.727025e-11,3.405871e-01,1.190180e-09,7.331842e-10,2.139075e-13,6.533009e-08,5.846886e-01,2.414820e-13,1.727801e-09,8.229784e-08,7.274166e-01,2.044120e-13,9.992610e-10,6.524876e-08,5.420575e-01,1.485825e-13,1.248221e-09,-5.291019e-03,-3.778187e-03,-3.979522e-06,3.151233e-15,1.053076e+02,1.508237e+09,1.066293e+02,1.438830e+09,1.134483e+02,1.846403e+09
107,monte carlo,1.856901e-11,2.561493e-01,6.196330e-10,6.325599e-10,5.025691e-13,3.390535e-11,3.110795e-01,1.195152e-09,5.142359e-10,2.965113e-13,3.236505e-11,2.673168e-01,7.717012e-10,1.038855e-09,3.170501e-13,1.735624e-11,3.063341e-01,9.496313e-10,4.774161e-10,5.238160e-13,6.710282e-08,5.825848e-01,1.878461e-13,5.507295e-10,8.297039e-08,7.179124e-01,1.800233e-13,1.028976e-09,6.927308e-08,6.276020e-01,1.746838e-13,1.973620e-09,8.161486e-03,7.934949e-03,2.622729e-03,5.946475e-16,1.085557e+02,1.568742e+09,1.089238e+02,1.561510e+09,1.040283e+02,1.800571e+09
108,monte carlo,1.772297e-11,2.185473e-01,7.708472e-10,1.295179e-09,4.758298e-13,3.143311e-11,2.763960e-01,1.158537e-09,9.695796e-10,1.782534e-13,3.347567e-11,3.651441e-01,9.512285e-10,6.556845e-10,5.184732e-13,1.814716e-11,2.683551e-01,1.036403e-09,1.097426e-09,4.145292e-13,7.044997e-08,5.260216e-01,2.193738e-13,5.256242e-10,7.886856e-08,6.190610e-01,1.442851e-13,7.092464e-10,6.504507e-08,5.090555e-01,1.900743e-13,5.908174e-10,-8.950244e-03,-3.742252e-03,8.819415e-04,1.116864e-15,1.262259e+02,1.518429e+09,1.200719e+02,1.660798e+09,1.204260e+02,1.795841e+09
109,monte carlo,1.827202e-11,3.036154e-01,8.112871e-10,8.831006e-10,1.968936e-13,3.442443e-11,1.725863e-01,1.002162e-09,5.351994e-10,2.340591e-13,3.217822e-11,2.525379e-01,6.232329e-10,1.110372e-09,4.643002e-13,1.738834e-11,3.387023e-01,1.142558e-09,7.207753e-10,4.518033e-13,6.461952e-08,4.712502e-01,1.519488e-13,7.231639e-10,7.937207e-08,6.635514e-01,1.932426e-13,8.964308e-10,6.924860e-08,6.026089e-01,1.476256e-13,1.441929e-09,6.070963e-03,6.081433e-03,2.481970e-04,1.198947e-15,1.292359e+02,1.825707e+09,1.127364e+02,1.397106e+09,1.083045e+02,1.852299e+09
110,monte carlo,1.851158e-11,2.982817e-01,7.617085e-10,8.438207e-10,4.213975e-13,3.275010e-11,3.099251e-01,1.077313e-09,7.738115e-10,4.452749e-13,3.185526e-11,2.135787e-01,1.056997e-09,1.017937e-09,5.169427e-13,1.716587e-11,1.665983e-01,1.177998e-09,8.786312e-10,1.840859e-13,6.608926e-08,4.905282e-01,1.886608e-13,6.925429e-10,8.482107e-08,6.462321e-01,2.175031e-13,7.297174e-10,7.117029e-08,6.296136e-01,2.083057e-13,1.899355e-09,1.459621e-03,3.088404e-03,-2.238494e-03,3.873823e-15,1.269808e+02,1.556983e+09,1.237048e+02,1.395400e+09,1.065358e+02,1.653342e+09
111,monte carlo,1.828736e-11,2.593604e-01,9.510395e-10,9.955466e-10,3.288903e-13,3.292590e-11,1.773934e-01,7.111856e-10,1.199693e-09,4.303970e-13,3.325041e-11,1.479408e-01,6.766766e-10,7.136941e-10,3.885381e-13,1.799403e-11,2.356436e-01,6.951369e-10,1.075993e-09,2.735270e-13,6.863646e-08,5.393633e-01,2.239481e-13,1.427884e-09,8.210791e-08,7.702741e-01,1.813521e-13,1.709409e-09,6.989941e-08,5.752069e-01,1.257643e-13,5.694357e-10,-6.825975e-03,-4.268817e-03,6.641764e-04,2.939486e-15,1.199346e+02,1.578234e+09,1.004641e+02,1.476575e+09,1.145303e+02,1.890185e+09
112,monte carlo,1.732327e-11,3.900634e-01,1.061451e-09,8.959306e-10,2.908171e-13,3.263102e-11,1.522356e-01,7.640119e-10,2.727236e-10,2.636226e-13,3.138162e-11,3.468765e-01,1.110312e-09,7.349361e-10,3.428900e-13,1.815619e-11,2.563602e-01,1.117997e-09,2.781710e-10,4.717654e-13,6.640579e-08,5.475805e-01,1.483413e-13,1.542455e-09,7.989702e-08,6.147387e-01,2.381152e-13,1.839273e-09,6.950254e-08,5.561028e-01,1.904016e-13,1.997311e-09,-2.562080e-03,-4.319275e-03,1.921994e-03,3.988833e-15,1.142955e+02,1.839783e+09,1.224930e+02,1.326248e+09,1.177923e+02,1.569424e+09
113,monte carlo,1.716779e-11,3.808522e-01,8.994797e-10,1.091576e-09,1.719596e-13,3.166336e-11,1.429030e-01,7.420377e-10,1.174331e-09,3.532418e-13,3.443125e-11,1.929215e-01,6.665571e-10,1.175002e-09,2.026522e-13,1.771437e-11,2.758204e-01,1.033221e-09,1.051531e-09,2.026075e-13,6.496331e-08,5.075712e-01,1.702305e-13,8.692434e-10,8.268936e-08,7.377757e-01,2.200681e-13,1.948865e-09,6.609451e-08,4.959512e-01,1.316220e-13,1.817451e-09,8.201680e-03,-8.415453e-03,-1.158687e-03,3.277914e-15,1.206264e+02,1.915510e+09,1.056322e+02,1.457186e+09,1.256023e+02,1.856874e+09
114,monte carlo,1.842192e-11,2.287564e-01,1.173377e-09,1.015599e-09,3.319375e-13,3.429846e-11,2.192856e-01,1.091232e-09,2.783032e-10,1.969780e-13,3.354867e-11,2.421813e-01,1.032415e-09,4.141282e-10,3.034795e-13,1.730944e-11,1.847922e-01,1.020666e-09,3.029973e-10,4.140425e-13,7.015687e-08,5.617231e-01,1.637730e-13,1.192740e-09,8.241638e-08,6.268367e-01,1.711277e-13,6.751516e-10,6.824904e-08,5.165158e-01,1.911897e-13,1.439285e-09,5.329984e-03,-7.191007e-03,-1.176602e-03,2.174248e-15,1.177115e+02,1.904062e+09,1.239168e+02,1.659562e+09,1.245329e+02,1.753069e+09
115,monte carlo,1.774045e-11,1.701132e-01,1.057365e-09,1.207538e-09,4.478885e-13,3.444437e-11,3.144751e-01,6.270114e-10,1.223050e-09,3.145510e-13,3.393214e-11,1.891009e-01,9.958435e-10,4.733764e-10,2.779029e-13,1.748523e-11,1.311433e-01,7.422210e-10,3.518678e-10,3.028230e-13,6.553218e-08,4.905075e-01,1.452718e-13,1.228198e-09,8.584355e-08,7.115322e-01,1.761984e-13,8.337610e-10,6.797022e-08,6.320156e-01,1.553406e-13,8.484010e-10,-9.230998e-03,6.312708e-03,1.278567e-03,5.792960e-16,1.259157e+02,1.829899e+09,1.137062e+02,1.511769e+09,1.013589e+02,1.820078e+09
116,monte carlo,1.817098e-11,3.109406e-01,9.939938e-10,4.608337e-10,4.436081e-13,3.274337e-11,2.872560e-01,8.296580e-10,8.259754e-10,4.382412e-13,3.136676e-11,2.675494e-01,6.744845e-10,5.339085e-10,5.041294e-13,1.763452e-11,3.755438e-01,6.130988e-10,1.136509e-09,4.029029e-13,6.759803e-08,6.261390e-01,1.878309e-13,8.369367e-10,8.580478e-08,7.020966e-01,2.262452e-13,1.831500e-09,6.772237e-08,5.604431e-01,2.015005e-13,8.691803e-10,-6.144507e-03,-2.247506e-03,-1.200439e-03,3.050398e-15,1.017500e+02,1.699535e+09,1.151823e+02,1.393026e+09,1.138864e+02,1.610079e+09
117,monte carlo,1.818393e-11,1.607824e-01,8.503632e-10,1.047095e-09,4.550651e-13,3.440740e-11,1.895408e-01,8.308313e-10,1.253022e-09,3.454364e-13,3.388176e-11,1.957257e-01,9.399406e-10,1.192654e-09,2.417060e-13,1.720205e-11,1.965800e-01,6.808228e-10,4.180729e-10,2.623538e-13,6.872941e-08,5.616693e-01,1.617194e-13,6.749757e-10,7.804098e-08,6.060361e-01,2.165993e-13,7.299536e-10,6.939448e-08,6.333837e-01,2.098579e-13,9.696047e-10,-9.098110e-03,6.695609e-03,2.327141e-03,4.121399e-15,1.153276e+02,1.680619e+09,1.213655e+02,1.515903e+09,1.032593e+02,1.624121e+09
118,monte carlo,1.768141e-11,2.606297e-01,6.241570e-10,6.963651e-10,2.979162e-13,3.440683e-11,2.846113e-01,8.655489e-10,3.049563e-10,5.005344e-13,3.324195e-11,3.941481e-01,8.732191e-10,5.424670e-10,2.537269e-13,1.833666e-11,2.349676e-01,1.061514e-09,8.884606e-10,4.663442e-13,6.574744e-08,5.010402e-01,2.119355e-13,1.413060e-09,8.307319e-08,6.385320e-01,1.742344e-13,1.511155e-09,6.844281e-08,5.150873e-01,1.760101e-13,1.415246e-09,5.376086e-03,-5.051134e-03,-1.887744e-04,1.602880e-15,1.236737e+02,1.635992e+09,1.226166e+02,1.662866e+09,1.252328e+02,1.944666e+09
119,monte carlo,1.815092e-11,3.589913e-01,9.092265e-10,3.346181e-10,5.194494e-13,3.442450e-11,2.493817e-01,8.838241e-10,4.483781e-10,5.204989e-13,3.197980e-11,1.093917e-01,1.070767e-09,1.296898e-09,2.160000e-13,1.775555e-11,2.620954e-01,8.036844e-10,4.000940e-10,3.606860e-13,6.781521e-08,6.266402e-01,2.225789e-13,7.629439e-10,8.162341e-08,6.743392e-01,1.786727e-13,1.789472e-09,6.743596e-08,5.506378e-01,1.954224e-13,1.190764e-09,1.328808e-03,2.845900e-03,1.414036e-03,1.919350e-15,1.019953e+02,1.587300e+09,1.140795e+02,1.540927e+09,1.154241e+02,1.758665e+09
120,monte carlo,1.812296e-11,2.298287e-01,1.178051e-09,2.804375e-10,5.278370e-13,3.219443e-11,2.543436e-01,1.019021e-09,2.789621e-10,4.444056e-13,3.353762e-11,2.808895e-01,9.825020e-10,1.062915e-09,5.266292e-13,1.789641e-11,1.295804e-01,7.132473e-10,5.576493e-10,4.612988e-13,6.862445e-08,6.142333e-01,1.973024e-13,7.894794e-10,8.555157e-08,7.592843e-01,1.718316e-13,7.091344e-10,6.660052e-08,4.985780e-01,1.489831e-13,8.243661e-10,4.531098e-03,9.906457e-03,-1.967615e-03,3.186524e-15,1.052972e+02,1.653058e+09,1.061927e+02,1.653149e+09,1.258971e+02,1.935269e+09
121,monte carlo,1.875886e-11,2.241173e-01,6.013796e-10,5.774366e-10,4.511748e-13,3.155681e-11,2.401094e-01,1.049881e-09,1.200759e-09,3.848757e-13,3.319581e-11,3.149224e-01,9.985644e-10,7.075438e-10,2.030868e-13,1.727065e-11,1.863309e-01,1.107280e-09,1.015135e-09,2.999264e-13,6.936777e-08,6.001245e-01,2.277240e-13,9.723643e-10,7.873827e-08,5.887670e-01,1.869096e-13,6.520511e-10,6.929987e-08,6.200157e-01,1.833681e-13,1.782863e-09,-8.784908e-03,9.558354e-03,4.049732e-04,2.917577e-15,1.089400e+02,1.501325e+09,1.260415e+02,1.614928e+09,1.053418e+02,1.514137e+09
122,monte carlo,1.835098e-11,2.514561e-01,9.854082e-10,3.979523e-10,3.873882e-13,3.174717e-11,3.592945e-01,7.991865e-10,1.189620e-09,2.460850e-13,3.192093e-11,2.074988e-01,1.190702e-09,4.427386e-10,4.652775e-13,1.767260e-11,3.714275e-01,9.370501e-10,7.534286e-10,3.406673e-13,6.650619e-08,5.251867e-01,1.433337e-13,1.356296e-09,8.525848e-08,7.523340e-01,2.191017e-13,1.142385e-09,6.922893e-08,5.243411e-01,1.802148e-13,1.072777e-09,-1.647010e-03,-5.666261e-03,1.907710e-03,2.288054e-15,1.193492e+02,1.897514e+09,1.068066e+02,1.401395e+09,1.244357e+02,1.767096e+09
123,monte carlo,1.732472e-11,2.807533e-01,1.161036e-09,5.419031e-10,2.251261e-13,3.298544e-11,2.394153e-01,6.674109e-10,1.047987e-09,2.328120e-13,3.299836e-11,2.541692e-01,1.110934e-09,1.172714e-09,2.211475e-13,1.797665e-11,3.672611e-01,7.987745e-10,1.111385e-09,4.828170e-13,6.533391e-08,5.450082e-01,1.699008e-13,9.753115e-10,8.248319e-08,6.836721e-01,1.872319e-13,1.492925e-09,7.032760e-08,6.583345e-01,1.446379e-13,1.468591e-09,8.975920e-03,-2.263465e-03,2.626506e-03,3.372301e-15,1.129813e+02,1.842596e+09,1.137074e+02,1.391189e+09,1.006816e+02,1.852368e+09
124,monte carlo,1.808942e-11,2.469743e-01,7.983700e-10,1.135681e-09,3.679607e-13,3.256300e-11,3.320898e-01,6.768631e-10,3.421785e-10,2.756391e-13,3.233551e-11,2.053674e-01,9.324544e-10,6.958284e-10,4.952503e-13,1.732439e-11,3.720194e-01,1.022943e-09,7.417731e-10,3.596550e-13,6.478809e-08,5.191699e-01,1.974210e-13,6.331781e-10,8.104180e-08,6.109700e-01,1.889052e-13,5.847024e-10,6.625793e-08,4.984443e-01,1.962757e-13,1.876955e-09,-7.485440e-03,9.162951e-03,2.434940e-03,1.979867e-15,1.176134e+02,1.591504e+09,1.250145e+02,1.387117e+09,1.252831e+02,1.622080e+09
125,monte carlo,1.860253e-11,3.780325e-01,9.628514e-10,1.006232e-09,3.520770e-13,3.422046e-11,3.422942e-01,6.627547e-10,9.690706e-10,4.738246e-13,3.335784e-11,2.720763e-01,1.027431e-09,1.181486e-09,2.592176e-13,1.788370e-11,1.325639e-01,7.908928e-10,1.111991e-09,2.884018e-13,6.899925e-08,5.206127e-01,2.203170e-13,1.582577e-09,8.534763e-08,7.268783e-01,1.734177e-13,1.949426e-09,6.599088e-08,6.003538e-01,2.097021e-13,1.235122e-09,9.381753e-03,-4.513058e-03,1.010380e-03,7.052808e-16,1.249110e+02,1.575161e+09,1.106626e+02,1.504977e+09,1.035971e+02,1.516920e+09
126,monte carlo,1.759231e-11,2.671063e-01,6.045147e-10,6.889042e-10,3.846204e-13,3.431271e-11,3.750440e-01,9.703253e-10,8.634419e-10,4.335819e-13,3.249648e-11,1.112673e-01,1.134112e-09,1.055275e-09,3.089443e-13,1.723614e-11,1.210264e-01,9.378173e-10,5.838804e-10,4.467739e-13,6.906887e-08,5.326445e-01,2.142900e-13,5.815196e-10,7.894400e-08,5.944109e-01,1.686617e-13,6.953311e-10,6.783106e-08,5.104047e-01,1.678285e-13,8.533800e-10,-6.464841e-03,-7.160114e-03,-2.040026e-03,1.726376e-15,1.222126e+02,1.619474e+09,1.251709e+02,1.646951e+09,1.252521e+02,1.817213e+09
127,monte carlo,1.716715e-11,3.592549e-01,1.066284e-09,2.890136e-10,3.389828e-13,3.337967e-11,3.411506e-01,8.384202e-10,9.448508e-10,1.760946e-13,3.366994e-11,2.710501e-01,8.329463e-10,4.854260e-10,2.673769e-13,1.770428e-11,3.047860e-01,9.223381e-10,1.191502e-09,4.767154e-13,6.890631e-08,5.442271e-01,1.457069e-13,1.250118e-09,8.469715e-08,7.682896e-01,1.835693e-13,1.241346e-09,7.016489e-08,5.779550e-01,2.058820e-13,8.282130e-10,-4.982044e-03,-9.054437e-03,2.989600e-03,1.113777e-15,1.193301e+02,1.788571e+09,1.038999e+02,1.504745e+09,1.144187e+02,1.667237e+09
128,monte carlo,1.883545e-11,3.560804e-01,7.756003e-10,6.905790e-10,4.979804e-13,3.269218e-11,3.636347e-01,6.978370e-10,4.572169e-10,2.127817e-13,3.422137e-11,3.721802e-01,7.218684e-10,5.625751e-10,4.636769e-13,1.768605e-11,3.914228e-01,7.515932e-10,4.929966e-10,4.225714e-13,6.999626e-08,5.507046e-01,1.929734e-13,1.793943e-09,7.841988e-08,6.338786e-01,1.478207e-13,1.631361e-09,6.717908e-08,5.533404e-01,1.771841e-13,1.271897e-09,-2.518691e-03,1.317584e-03,-1.877465e-03,3.323330e-15,1.197919e+02,1.715850e+09,1.165980e+02,1.675334e+09,1.144229e+02,1.693502e+09
129,monte carlo,1.828841e-11,3.475089e-01,6.019926e-10,1.128280e-09,3.593638e-13,3.459111e-11,2.915710e-01,1.162731e-09,1.257187e-09,5.082673e-13,3.356288e-11,1.754173e-01,7.562098e-10,9.667020e-10,5.089981e-13,1.839491e-11,2.331235e-01,1.103518e-09,5.954300e-10,2.097709e-13,6.606822e-08,5.422130e-01,1.572764e-13,1.584912e-09,8.314270e-08,6.259407e-01,1.363069e-13,6.303485e-10,7.115956e-08,5.288165e-01,1.673096e-13,1.223735e-09,-8.597621e-03,9.474554e-03,2.752863e-03,3.577100e-15,1.148402e+02,1.801717e+09,1.251878e+02,1.626887e+09,1.268234e+02,1.888387e+09
130,monte carlo,1.835669e-11,2.666217e-01,8.090980e-10,3.761453e-10,2.510913e-13,3.433365e-11,1.460825e-01,7.632073e-10,3.241343e-10,3.038032e-13,3.317385e-11,2.815861e-01,1.189750e-09,6.464113e-10,4.940587e-13,1.840815e-11,1.113048e-01,6.323930e-10,1.007406e-09,2.950598e-13,6.550162e-08,5.118238e-01,2.261249e-13,1.893378e-09,8.188006e-08,7.161336e-01,2.097123e-13,1.221533e-09,6.707478e-08,5.404493e-01,1.894546e-13,1.031537e-09,1.052966e-03,1.052861e-03,-2.211224e-03,1.286992e-15,1.206154e+02,1.518694e+09,1.077594e+02,1.472454e+09,1.169702e+02,1.797909e+09
131,monte carlo,1.714120e-11,1.650799e-01,8.086118e-10,7.569611e-10,4.991434e-13,3.205420e-11,2.509187e-01,8.616998e-10,6.699901e-10,4.733174e-13,3.274564e-11,2.272364e-01,1.074930e-09,1.247097e-09,2.363026e-13,1.762690e-11,1.583086e-01,1.173375e-09,1.091325e-09,3.690041e-13,6.865393e-08,6.097365e-01,1.762910e-13,1.617189e-09,7.856718e-08,6.388187e-01,1.715594e-13,1.653454e-09,6.967037e-08,5.097266e-01,1.643397e-13,1.446032e-09,6.085307e-03,1.547964e-03,6.666512e-04,3.147469e-15,1.061193e+02,1.775938e+09,1.159137e+02,1.479305e+09,1.288196e+02,1.775410e+09
132,monte carlo,1.855567e-11,2.963718e-01,7.909235e-10,7.922204e-10,3.092984e-13,3.213224e-11,1.821545e-01,7.383722e-10,5.436400e-10,4.793515e-13,3.268525e-11,1.497927e-01,1.001234e-09,8.957942e-10,4.577691e-13,1.723036e-11,2.723190e-01,1.004180e-09,3.217169e-10,2.618397e-13,6.987832e-08,5.325979e-01,2.120503e-13,1.195596e-09,8.335944e-08,7.396360e-01,2.439812e-13,6.401658e-10,6.731384e-08,5.982861e-01,1.750926e-13,1.464226e-09,4.240015e-03,-9.674527e-03,2.880650e-03,4.319933e-15,1.236557e+02,1.629489e+09,1.062204e+02,1.359282e+09,1.060392e+02,1.863806e+09
133,monte carlo,1.854785e-11,1.160418e-01,9.913019e-10,8.195628e-10,5.278194e-13,3.432081e-11,2.488844e-01,1.113666e-09,1.285359e-09,2.041026e-13,3.395543e-11,2.681253e-01,1.073536e-09,1.222406e-09,4.309170e-13,1.730395e-11,2.260747e-01,8.097342e-10,1.067265e-09,2.574719e-13,6.746004e-08,6.305824e-01,2.092426e-13,7.864945e-10,8.281021e-08,7.174810e-01,1.817098e-13,6.684908e-10,7.088605e-08,6.329501e-01,2.227762e-13,5.658794e-10,2.659341e-03,1.142698e-03,1.386389e-03,1.664408e-15,1.008268e+02,1.572237e+09,1.087789e+02,1.624106e+09,1.055510e+02,1.513177e+09
134,monte carlo,1.850585e-11,2.177443e-01,9.625255e-10,9.820493e-10,3.775942e-13,3.456593e-11,1.713031e-01,8.687898e-10,7.875711e-10,3.501994e-13,3.396075e-11,3.259372e-01,6.732261e-10,5.516638e-10,2.765825e-13,1.743911e-11,2.684703e-01,6.005515e-10,4.292916e-10,4.199731e-13,6.629289e-08,5.372888e-01,1.601101e-13,1.673925e-09,8.286562e-08,7.410961e-01,1.732794e-13,1.333609e-09,7.022609e-08,5.327709e-01,1.506244e-13,1.357240e-09,9.968840e-03,-2.100946e-03,8.160840e-04,1.841871e-15,1.162868e+02,1.681577e+09,1.053831e+02,1.544175e+09,1.242308e+02,1.816699e+09
135,monte carlo,1.886367e-11,3.724197e-01,8.167070e-10,7.158320e-10,2.355503e-13,3.420118e-11,1.169520e-01,1.186504e-09,7.186496e-10,3.417321e-13,3.155640e-11,2.125707e-01,1.170003e-09,4.415196e-10,3.469735e-13,1.766306e-11,1.375074e-01,9.341625e-10,5.811115e-10,4.478303e-13,6.773017e-08,6.077411e-01,1.590622e-13,1.034872e-09,8.564093e-08,8.060938e-01,1.443165e-13,1.348948e-09,7.036292e-08,5.665413e-01,1.828495e-13,1.722649e-09,-8.682012e-03,-6.653932e-03,-2.011027e-04,3.581384e-15,1.050352e+02,1.838182e+09,1.001306e+02,1.653563e+09,1.170532e+02,1.795165e+09
136,monte carlo,1.779745e-11,1.667297e-01,8.872224e-10,1.028172e-09,4.279229e-13,3.453435e-11,3.811547e-01,1.012327e-09,9.545590e-10,4.229304e-13,3.306574e-11,2.447389e-01,1.087146e-09,7.259226e-10,4.828618e-13,1.724741e-11,3.527354e-01,9.112370e-10,6.696685e-10,2.999144e-13,6.622599e-08,5.781601e-01,2.250647e-13,8.370463e-10,7.918512e-08,6.048306e-01,2.574988e-13,9.760916e-10,6.512343e-08,6.086334e-01,1.520397e-13,6.993490e-10,4.554884e-03,-3.353713e-03,1.525398e-04,8.987219e-16,1.079571e+02,1.596407e+09,1.233903e+02,1.326277e+09,1.008446e+02,1.739861e+09
137,monte carlo,1.714002e-11,2.698023e-01,1.113025e-09,3.281908e-10,4.577989e-13,3.331938e-11,2.225144e-01,1.123294e-09,3.046316e-10,2.728963e-13,3.354932e-11,2.803651e-01,1.167476e-09,1.086696e-09,2.593106e-13,1.777741e-11,1.902370e-01,6.333691e-10,7.485302e-10,2.291897e-13,6.981844e-08,5.201932e-01,1.808300e-13,6.723900e-10,7.976874e-08,6.895065e-01,1.537589e-13,5.718074e-10,6.941623e-08,6.510410e-01,1.784677e-13,1.038109e-09,-8.426014e-03,-7.502378e-03,-2.203639e-03,3.525028e-15,1.264960e+02,1.747630e+09,1.090349e+02,1.657660e+09,1.004902e+02,1.737913e+09
138,monte carlo,1.867591e-11,2.140807e-01,1.061164e-09,5.419787e-10,3.833649e-13,3.243530e-11,1.974459e-01,9.126642e-10,8.571459e-10,1.859725e-13,3.214298e-11,1.756003e-01,1.174101e-09,1.263819e-09,2.788469e-13,1.846489e-11,1.470628e-01,9.578501e-10,1.291549e-09,3.096029e-13,6.878541e-08,5.206764e-01,1.812477e-13,1.799346e-09,7.923642e-08,7.086067e-01,2.005702e-13,1.825130e-09,6.678175e-08,5.119725e-01,1.610532e-13,1.350952e-09,6.584575e-03,4.960511e-04,1.143569e-03,4.292366e-15,1.245087e+02,1.743801e+09,1.053879e+02,1.545089e+09,1.229369e+02,1.756622e+09
139,monte carlo,1.773264e-11,1.767381e-01,1.184115e-09,7.268215e-10,5.158599e-13,3.148555e-11,2.429737e-01,8.240519e-10,4.754720e-10,3.534970e-13,3.414308e-11,3.324165e-01,6.434887e-10,1.109712e-09,3.613465e-13,1.751088e-11,2.873407e-01,8.915465e-10,1.070694e-09,4.681160e-13,6.590129e-08,5.472053e-01,2.446281e-13,1.643171e-09,8.162554e-08,7.251554e-01,2.089841e-13,1.057105e-09,7.101480e-08,6.386250e-01,1.699220e-13,5.709415e-10,2.521181e-03,1.956340e-03,2.447469e-03,1.997001e-15,1.135049e+02,1.521118e+09,1.060880e+02,1.306712e+09,1.048031e+02,1.824140e+09
140,monte carlo,1.752146e-11,3.510712e-01,6.843963e-10,3.705459e-10,2.340864e-13,3.340848e-11,2.630638e-01,9.839433e-10,1.178516e-09,5.092184e-13,3.198956e-11,2.526345e-01,9.730503e-10,9.533406e-10,3.031570e-13,1.844307e-11,3.118798e-01,1.125685e-09,9.262985e-10,3.329126e-13,6.789953e-08,5.180492e-01,1.817604e-13,1.643014e-09,7.934124e-08,7.274770e-01,1.736674e-13,9.931667e-10,6.577445e-08,5.412133e-01,2.155757e-13,7.879027e-10,-4.311075e-03,-7.508278e-03,1.284515e-03,6.852684e-16,1.235284e+02,1.532122e+09,1.027900e+02,1.507052e+09,1.145407e+02,1.591229e+09
141,monte carlo,1.778134e-11,3.566770e-01,1.154685e-09,8.073342e-10,3.543833e-13,3.208539e-11,3.337319e-01,1.064481e-09,6.787128e-10,5.217423e-13,3.421144e-11,2.844375e-01,6.912714e-10,7.780075e-10,3.235817e-13,1.805510e-11,2.219967e-01,1.177193e-09,9.293919e-10,3.915714e-13,6.696548e-08,5.210844e-01,2.134059e-13,9.460403e-10,8.304543e-08,6.174714e-01,1.955601e-13,1.769720e-09,6.524324e-08,5.438956e-01,1.834090e-13,9.561404e-10,-2.251725e-03,-5.553480e-03,8.429509e-04,2.191151e-15,1.211195e+02,1.568376e+09,1.267564e+02,1.370719e+09,1.130553e+02,1.757803e+09
142,monte carlo,1.827103e-11,1.167753e-01,7.473252e-10,7.662670e-10,4.275003e-13,3.431954e-11,2.519100e-01,8.286487e-10,7.482740e-10,3.175721e-13,3.180839e-11,2.454244e-01,1.159258e-09,1.147419e-09,3.755270e-13,1.864422e-11,3.185150e-01,1.060468e-09,6.517604e-10,2.516446e-13,7.048546e-08,5.748095e-01,1.539271e-13,1.464386e-09,8.056931e-08,6.569129e-01,1.899146e-13,1.618919e-09,6.701782e-08,5.106078e-01,1.501206e-13,6.483976e-10,-9.142074e-03,1.661799e-03,2.365145e-03,1.367530e-15,1.155704e+02,1.741270e+09,1.155934e+02,1.441859e+09,1.237012e+02,1.924317e+09
143,monte carlo,1.776684e-11,3.982087e-01,7.709789e-10,1.027981e-09,4.683262e-13,3.275281e-11,2.542229e-01,1.164948e-09,8.888356e-10,4.410002e-13,3.207426e-11,2.745949e-01,9.684903e-10,1.255653e-09,5.231501e-13,1.857992e-11,3.910727e-01,6.410888e-10,1.145897e-09,1.707652e-13,7.024302e-08,5.220456e-01,1.441413e-13,7.489363e-10,8.586582e-08,7.698288e-01,1.735070e-13,5.603626e-10,7.108460e-08,5.782272e-01,2.179744e-13,1.482600e-09,-8.699191e-04,-5.466398e-03,1.016934e-03,8.464086e-16,1.268136e+02,1.724430e+09,1.051229e+02,1.632241e+09,1.158639e+02,1.557698e+09
144,monte carlo,1.789118e-11,3.646725e-01,1.079375e-09,1.114747e-09,1.912938e-13,3.247976e-11,3.065006e-01,8.922045e-10,4.072845e-10,4.042094e-13,3.207224e-11,3.607375e-01,6.577173e-10,3.035285e-10,3.215704e-13,1.845984e-11,2.235718e-01,7.886656e-10,6.393054e-10,2.195338e-13,6.507297e-08,5.710364e-01,1.701845e-13,7.208941e-10,8.289174e-08,6.888405e-01,2.080238e-13,1.620367e-09,6.762429e-08,5.510091e-01,1.377804e-13,6.477354e-10,-5.819000e-03,-4.310210e-03,2.837594e-03,3.993956e-15,1.074009e+02,1.936974e+09,1.134132e+02,1.320127e+09,1.156685e+02,1.797699e+09
145,monte carlo,1.816839e-11,2.492763e-01,8.701748e-10,1.227574e-09,2.578278e-13,3.303748e-11,2.520580e-01,1.122903e-09,8.267855e-10,4.143945e-13,3.183829e-11,1.697224e-01,8.333656e-10,3.385999e-10,2.879545e-13,1.862020e-11,1.713168e-01,1.133787e-09,6.887524e-10,5.226989e-13,6.868614e-08,5.760020e-01,1.786566e-13,6.204279e-10,8.335431e-08,6.226825e-01,1.937931e-13,1.618797e-09,6.577608e-08,4.956718e-01,1.661964e-13,1.132933e-09,9.717887e-03,-3.795139e-03,1.912068e-03,1.994901e-15,1.123870e+02,1.626676e+09,1.261632e+02,1.326956e+09,1.250676e+02,1.869435e+09
146,monte carlo,1.838364e-11,3.992574e-01,1.162469e-09,1.031981e-09,2.394666e-13,3.395250e-11,2.236858e-01,1.071806e-09,9.962930e-10,2.046083e-13,3.455553e-11,1.417927e-01,8.239485e-10,9.559592e-10,3.000976e-13,1.759910e-11,2.554335e-01,7.381619e-10,4.046289e-10,2.590573e-13,7.066571e-08,5.494508e-01,1.580695e-13,5.861440e-10,7.986849e-08,6.928795e-01,1.849881e-13,7.194048e-10,6.818393e-08,6.104588e-01,1.483990e-13,1.645190e-09,6.891428e-03,1.689828e-03,1.239137e-03,3.880851e-15,1.212135e+02,1.817319e+09,1.086398e+02,1.619641e+09,1.052681e+02,1.803591e+09
147,monte carlo,1.787962e-11,2.695442e-01,9.422486e-10,1.002344e-09,5.129126e-13,3.413497e-11,3.261261e-01,8.826252e-10,7.587032e-10,1.908612e-13,3.303227e-11,1.163663e-01,8.053680e-10,1.100850e-09,4.075532e-13,1.755033e-11,3.306126e-01,8.661225e-10,8.228593e-10,3.505946e-13,6.868579e-08,5.073108e-01,1.982199e-13,5.040597e-10,7.927354e-08,6.099315e-01,2.365502e-13,1.743263e-09,6.860778e-08,5.718534e-01,1.792057e-13,9.211706e-10,2.613860e-03,3.979409e-03,-1.773217e-03,4.482877e-15,1.276039e+02,1.556174e+09,1.224950e+02,1.328199e+09,1.130732e+02,1.605955e+09
148,monte carlo,1.867369e-11,2.558358e-01,7.388742e-10,5.440834e-10,2.583338e-13,3.339561e-11,1.454248e-01,8.420063e-10,5.403677e-10,4.434767e-13,3.224391e-11,1.365621e-01,1.064281e-09,9.121230e-10,4.162498e-13,1.834719e-11,1.044250e-01,9.765994e-10,5.208131e-10,3.131833e-13,6.842205e-08,5.973537e-01,1.427576e-13,8.011810e-10,7.827283e-08,5.721862e-01,1.836464e-13,8.573413e-10,6.605118e-08,5.730424e-01,1.875919e-13,1.593557e-09,9.617725e-03,9.717378e-03,1.157557e-03,4.596008e-15,1.079532e+02,1.881007e+09,1.289273e+02,1.427695e+09,1.086338e+02,1.764552e+09
149,monte carlo,1.747592e-11,3.909168e-01,1.159890e-09,1.136303e-09,2.346123e-13,3.240499e-11,1.152347e-01,8.189604e-10,4.158167e-10,4.125350e-13,3.376681e-11,1.465751e-01,1.140182e-09,1.172081e-09,1.906541e-13,1.817980e-11,3.762716e-01,8.618222e-10,4.345959e-10,2.573812e-13,6.462456e-08,4.909185e-01,1.940281e-13,1.954151e-09,8.313960e-08,7.140246e-01,2.318470e-13,1.579532e-09,6.877533e-08,4.987700e-01,1.636463e-13,1.220781e-09,-5.280557e-04,-9.812891e-03,2.561856e-04,1.827005e-15,1.240679e+02,1.630984e+09,1.097402e+02,1.339586e+09,1.299581e+02,1.940292e+09
150,monte carlo,1.859842e-11,3.816725e-01,9.019660e-10,8.723261e-10,2.645908e-13,3.323846e-11,1.825731e-01,1.141749e-09,1.162916e-09,4.201598e-13,3.229933e-11,3.429707e-01,8.858815e-10,8.562481e-10,4.840014e-13,1.887025e-11,1.803672e-01,1.154108e-09,7.618877e-10,3.888806e-13,7.025351e-08,5.155362e-01,2.052133e-13,1.058898e-09,8.571439e-08,6.823545e-01,1.909988e-13,9.121779e-10,7.086461e-08,5.827183e-01,1.782222e-13,6.220217e-10,2.128838e-03,-1.433664e-03,-1.437559e-04,7.099695e-16,1.284340e+02,1.607519e+09,1.183900e+02,1.410118e+09,1.146151e+02,1.561140e+09
151,monte carlo,1.812097e-11,1.545322e-01,7.944123e-10,4.429066e-10,4.834025e-13,3.391800e-11,1.113166e-01,9.244309e-10,2.797968e-10,4.892510e-13,3.364830e-11,1.938733e-01,1.032061e-09,9.782236e-10,4.319603e-13,1.759546e-11,1.834868e-01,7.669962e-10,8.645170e-10,3.747444e-13,6.635811e-08,5.575391e-01,1.837512e-13,1.947910e-09,8.118081e-08,7.128542e-01,2.542281e-13,1.782226e-09,6.908679e-08,5.445317e-01,1.425706e-13,6.200348e-10,4.208404e-03,6.827997e-03,2.535660e-03,3.435103e-15,1.121734e+02,1.569748e+09,1.073307e+02,1.301366e+09,1.195757e+02,1.773668e+09
152,monte carlo,1.791908e-11,3.419029e-01,9.673646e-10,7.727678e-10,4.905636e-13,3.328815e-11,2.077100e-01,9.966724e-10,6.973995e-10,2.505758e-13,3.214165e-11,1.722646e-01,9.781463e-10,9.553960e-10,1.850295e-13,1.725654e-11,2.151771e-01,7.340043e-10,8.724040e-10,3.344145e-13,7.001782e-08,5.885606e-01,1.678227e-13,9.952978e-10,8.492920e-08,6.384827e-01,1.709345e-13,5.407035e-10,6.979252e-08,5.277782e-01,1.581693e-13,1.459266e-09,8.960078e-03,-7.392810e-03,-4.932642e-04,4.194247e-15,1.121214e+02,1.767659e+09,1.253658e+02,1.685990e+09,1.246317e+02,1.863279e+09
153,monte carlo,1.845055e-11,3.418719e-01,8.776435e-10,1.009461e-09,3.060383e-13,3.249861e-11,3.830637e-01,8.402747e-10,7.842163e-10,3.424587e-13,3.327024e-11,3.908250e-01,1.198209e-09,6.648914e-10,3.140081e-13,1.837728e-11,1.725131e-01,1.185816e-09,8.405025e-10,3.457403e-13,6.549914e-08,5.181570e-01,1.820889e-13,9.696679e-10,8.360463e-08,6.857138e-01,1.843201e-13,1.853179e-09,6.724157e-08,5.148508e-01,1.788229e-13,1.921804e-09,2.393090e-03,-2.674697e-04,-2.109186e-03,1.149445e-15,1.191366e+02,1.791704e+09,1.149102e+02,1.438040e+09,1.230914e+02,1.816620e+09
154,monte carlo,1.758860e-11,1.496250e-01,7.080921e-10,1.169836e-09,2.077243e-13,3.252327e-11,2.840143e-01,7.139514e-10,9.802932e-10,2.356958e-13,3.178362e-11,2.515481e-01,9.723618e-10,7.640064e-10,2.846405e-13,1.739090e-11,2.447319e-01,6.928359e-10,1.296985e-09,4.646139e-13,6.486415e-08,5.838554e-01,1.562041e-13,1.349326e-09,8.438859e-08,7.246351e-01,1.637697e-13,1.061968e-09,7.027553e-08,6.384939e-01,1.796707e-13,1.683888e-09,-8.677561e-04,-8.924145e-03,4.313591e-04,2.672410e-15,1.047058e+02,1.756317e+09,1.097578e+02,1.677936e+09,1.037334e+02,1.552390e+09
155,monte carlo,1.714706e-11,1.111963e-01,8.495987e-10,3.232627e-10,2.210592e-13,3.444484e-11,3.619858e-01,1.032435e-09,9.308346e-10,4.970463e-13,3.144063e-11,3.552612e-01,1.190424e-09,7.779437e-10,2.820158e-13,1.763842e-11,2.090254e-01,1.110161e-09,3.480537e-10,2.088993e-13,6.718393e-08,5.584236e-01,1.492054e-13,1.626116e-09,7.960185e-08,6.528197e-01,1.894767e-13,1.820624e-09,6.669424e-08,5.486222e-01,1.732675e-13,6.032427e-10,5.444337e-04,7.940412e-03,-5.793401e-04,3.722143e-15,1.133895e+02,1.721697e+09,1.149214e+02,1.647260e+09,1.145740e+02,1.932388e+09
156,monte carlo,1.850381e-11,2.827898e-01,6.510140e-10,6.031930e-10,1.781273e-13,3.443469e-11,3.014786e-01,8.897364e-10,4.956676e-10,3.944937e-13,3.429587e-11,3.617557e-01,7.079182e-10,1.147662e-09,4.554582e-13,1.879639e-11,3.691531e-01,7.293396e-10,1.263696e-09,4.875577e-13,6.771078e-08,6.168207e-01,2.049595e-13,6.651897e-10,8.387574e-08,6.818310e-01,1.903321e-13,9.928923e-10,6.599183e-08,5.742053e-01,1.904975e-13,6.648074e-10,2.177820e-03,-2.980265e-03,-1.087248e-04,4.714699e-15,1.034594e+02,1.601062e+09,1.159393e+02,1.334423e+09,1.083164e+02,1.576903e+09
157,monte carlo,1.761369e-11,3.286946e-01,1.107051e-09,1.041705e-09,2.658628e-13,3.276447e-11,1.260636e-01,9.638177e-10,4.188585e-10,3.285867e-13,3.222270e-11,1.757096e-01,1.179749e-09,6.130843e-10,2.718302e-13,1.789175e-11,2.202711e-01,6.943041e-10,1.177374e-09,3.275441e-13,6.903154e-08,6.160699e-01,1.703942e-13,1.945054e-09,8.058546e-08,6.064970e-01,1.588057e-13,9.918176e-10,6.575741e-08,5.362498e-01,2.115470e-13,8.780892e-10,-7.848179e-03,1.349553e-03,8.334969e-04,3.418170e-15,1.056060e+02,1.745112e+09,1.252274e+02,1.665659e+09,1.155710e+02,1.708120e+09
158,monte carlo,1.874119e-11,1.284248e-01,6.503631e-10,1.176575e-09,2.610296e-13,3.339616e-11,2.718566e-01,7.665817e-10,3.822083e-10,4.759896e-13,3.406886e-11,1.903788e-01,8.779486e-10,4.934608e-10,5.062603e-13,1.799780e-11,3.714685e-01,6.103286e-10,1.192534e-09,3.878182e-13,6.965668e-08,6.180319e-01,1.735634e-13,1.104175e-09,8.312521e-08,6.179981e-01,2.325057e-13,1.913869e-09,6.484767e-08,4.853823e-01,1.416797e-13,1.056014e-09,2.044440e-03,1.650372e-03,-1.054551e-03,4.522160e-15,1.062241e+02,1.708737e+09,1.267701e+02,1.304008e+09,1.259162e+02,1.884743e+09
159,monte carlo,1.734822e-11,3.605480e-01,1.001197e-09,5.761556e-10,4.790854e-13,3.434446e-11,3.046129e-01,8.227939e-10,6.500753e-10,3.811517e-13,3.449379e-11,2.071359e-01,7.826918e-10,8.870176e-10,4.358462e-13,1.740394e-11,1.868401e-01,8.184380e-10,6.281527e-10,2.115804e-13,7.060497e-08,6.285826e-01,1.394954e-13,5.949769e-10,8.115072e-08,7.635792e-01,2.076136e-13,1.683332e-09,7.052178e-08,5.370299e-01,1.574965e-13,1.306346e-09,7.514736e-03,-9.427356e-03,-9.330871e-05,2.964368e-15,1.058630e+02,1.846303e+09,1.001635e+02,1.384908e+09,1.237644e+02,1.860349e+09
160,monte carlo,1.809125e-11,2.598303e-01,1.076086e-09,1.171373e-09,2.501216e-13,3.194892e-11,1.343107e-01,1.024428e-09,9.454588e-10,4.060253e-13,3.297890e-11,1.912371e-01,7.154514e-10,9.246246e-10,2.730163e-13,1.772588e-11,3.241388e-01,8.428458e-10,1.004485e-09,5.173755e-13,6.652507e-08,5.456385e-01,2.374332e-13,9.267464e-10,8.238044e-08,7.646715e-01,1.551141e-13,7.805577e-10,6.847063e-08,5.457519e-01,1.233443e-13,6.485845e-10,-1.809877e-03,-1.290834e-03,-1.298057e-03,1.547487e-15,1.149083e+02,1.550239e+09,1.015361e+02,1.613939e+09,1.182443e+02,1.929451e+09
161,monte carlo,1.828590e-11,1.302491e-01,8.394144e-10,7.440565e-10,1.891818e-13,3.360037e-11,3.693277e-01,9.572684e-10,5.185008e-10,4.472782e-13,3.426894e-11,2.516850e-01,9.203751e-10,1.143816e-09,4.985459e-13,1.799009e-11,2.844165e-01,1.197994e-09,4.908269e-10,3.387455e-13,7.027776e-08,5.206402e-01,1.566605e-13,5.611459e-10,8.056765e-08,7.554417e-01,2.472107e-13,1.547155e-09,6.820586e-08,5.775661e-01,1.602797e-13,1.403878e-09,-8.578155e-03,-8.986172e-03,1.846348e-03,6.012552e-16,1.272188e+02,1.762449e+09,1.005150e+02,1.333805e+09,1.112990e+02,1.749237e+09
162,monte carlo,1.768155e-11,2.540369e-01,7.144765e-10,1.197858e-09,3.736030e-13,3.165429e-11,3.294073e-01,1.198840e-09,2.817666e-10,4.614501e-13,3.288124e-11,1.621813e-01,9.913405e-10,6.057223e-10,1.755438e-13,1.726316e-11,1.844076e-01,1.127336e-09,1.136532e-09,4.876149e-13,6.950401e-08,5.997800e-01,2.054360e-13,1.391021e-09,8.522497e-08,6.933289e-01,2.410642e-13,7.840597e-10,6.909968e-08,5.389318e-01,1.828963e-13,1.108899e-09,4.681563e-03,6.546051e-03,-5.356974e-04,3.360268e-15,1.092167e+02,1.515035e+09,1.158507e+02,1.322959e+09,1.208407e+02,1.563209e+09
163,monte carlo,1.854527e-11,2.881584e-01,8.834807e-10,7.071893e-10,3.338584e-13,3.322427e-11,2.763181e-01,9.144503e-10,1.204193e-09,3.627025e-13,3.219042e-11,1.602436e-01,7.479661e-10,6.854820e-10,2.573755e-13,1.786436e-11,1.380498e-01,1.085967e-09,6.743134e-10,2.889694e-13,6.807434e-08,5.220036e-01,1.423742e-13,1.914057e-09,7.847723e-08,6.574660e-01,2.227002e-13,1.090043e-09,6.930641e-08,5.442422e-01,1.435245e-13,1.479602e-09,4.281173e-03,-6.416611e-03,-2.052199e-03,4.279570e-15,1.229082e+02,1.833981e+09,1.124971e+02,1.401269e+09,1.200196e+02,1.854057e+09
164,monte carlo,1.752553e-11,3.714623e-01,6.747718e-10,8.689496e-10,3.122419e-13,3.284822e-11,2.241089e-01,6.883314e-10,8.896686e-10,5.231377e-13,3.234572e-11,1.168738e-01,9.012127e-10,7.165983e-10,1.689777e-13,1.789740e-11,2.913516e-01,8.213190e-10,2.734636e-10,2.610926e-13,6.652290e-08,5.761590e-01,1.530895e-13,1.600555e-09,8.256504e-08,6.890744e-01,1.644639e-13,1.867980e-09,6.658081e-08,5.196360e-01,1.317842e-13,8.237723e-10,1.703450e-03,-3.965724e-03,-1.572412e-03,4.668605e-15,1.088178e+02,1.788513e+09,1.129279e+02,1.518948e+09,1.207594e+02,1.938121e+09
165,monte carlo,1.862362e-11,1.898774e-01,8.224249e-10,3.981995e-10,5.194155e-13,3.186231e-11,2.426141e-01,1.053766e-09,9.185876e-10,3.363860e-13,3.172173e-11,3.712501e-01,9.453336e-10,1.133838e-09,4.601875e-13,1.850704e-11,2.906439e-01,8.222428e-10,7.257956e-10,1.747919e-13,6.646906e-08,5.789267e-01,1.803343e-13,1.391505e-09,8.411551e-08,7.650282e-01,1.961094e-13,5.482850e-10,6.537060e-08,5.851850e-01,1.427567e-13,1.490703e-09,3.956204e-04,3.342998e-03,2.552705e-03,6.373610e-16,1.082099e+02,1.677973e+09,1.036262e+02,1.576304e+09,1.052835e+02,1.866696e+09
166,monte carlo,1.807042e-11,3.221216e-01,6.748829e-10,3.246720e-10,2.473602e-13,3.251443e-11,2.784843e-01,6.224476e-10,2.773989e-10,5.126084e-13,3.437869e-11,2.234810e-01,7.891082e-10,4.514044e-10,3.186471e-13,1.815624e-11,3.494115e-01,8.941690e-10,8.224536e-10,4.045108e-13,6.794593e-08,5.748219e-01,1.826685e-13,7.076801e-10,7.884340e-08,7.085005e-01,2.129549e-13,1.597644e-09,6.636196e-08,5.310865e-01,2.208500e-13,1.900341e-09,4.794127e-03,2.161604e-03,1.421839e-04,3.035453e-15,1.114041e+02,1.522992e+09,1.048809e+02,1.539868e+09,1.177674e+02,1.526955e+09
167,monte carlo,1.719438e-11,3.795716e-01,7.508427e-10,1.259259e-09,3.301798e-13,3.316675e-11,3.368092e-01,6.282914e-10,6.214381e-10,1.775199e-13,3.455887e-11,2.394179e-01,9.774086e-10,1.047213e-09,4.555739e-13,1.759797e-11,2.042899e-01,7.729991e-10,2.843763e-10,2.560855e-13,6.476435e-08,4.725246e-01,1.991750e-13,1.064005e-09,8.132708e-08,6.554248e-01,1.506919e-13,1.407043e-09,7.137779e-08,5.367670e-01,1.976751e-13,1.626604e-09,-3.827601e-03,-4.006250e-04,-8.559146e-04,3.279167e-15,1.291763e+02,1.807391e+09,1.169455e+02,1.687347e+09,1.253281e+02,1.685940e+09
168,monte carlo,1.803204e-11,1.654462e-01,1.138695e-09,9.808762e-10,4.434108e-13,3.161699e-11,2.659651e-01,1.066136e-09,4.223192e-10,2.420992e-13,3.271708e-11,1.703343e-01,7.003578e-10,8.849645e-10,3.879422e-13,1.759792e-11,3.162020e-01,1.084428e-09,5.378844e-10,2.912668e-13,6.905117e-08,5.311837e-01,2.000885e-13,1.675498e-09,8.221790e-08,5.964005e-01,1.777911e-13,1.501820e-09,6.517780e-08,5.192391e-01,2.075115e-13,7.198312e-10,5.847591e-03,5.191913e-03,-5.969511e-05,4.400412e-15,1.225173e+02,1.679038e+09,1.299270e+02,1.514007e+09,1.183051e+02,1.647057e+09
169,monte carlo,1.849835e-11,1.655995e-01,7.165918e-10,4.383724e-10,4.964744e-13,3.367970e-11,2.113855e-01,8.117590e-10,3.235943e-10,5.161211e-13,3.326287e-11,1.552531e-01,8.472831e-10,4.777160e-10,3.124813e-13,1.726811e-11,3.798833e-01,7.850370e-10,1.165626e-09,2.011711e-13,6.601388e-08,4.999891e-01,1.431265e-13,1.376606e-09,8.072631e-08,6.302846e-01,1.683598e-13,5.633569e-10,7.132171e-08,5.273803e-01,1.139528e-13,9.821263e-10,-7.885846e-03,-1.368221e-05,2.612913e-03,2.991506e-15,1.244359e+02,1.932775e+09,1.207117e+02,1.469348e+09,1.274586e+02,1.944573e+09
170,monte carlo,1.816775e-11,1.618368e-01,9.538518e-10,7.245968e-10,2.811543e-13,3.305348e-11,1.649591e-01,7.873114e-10,8.581322e-10,5.283554e-13,3.353072e-11,2.536709e-01,9.698199e-10,1.222046e-09,3.845671e-13,1.740710e-11,2.981136e-01,8.543234e-10,6.558736e-10,2.221826e-13,6.667985e-08,5.985647e-01,1.896279e-13,1.531353e-09,8.432595e-08,6.137140e-01,1.731517e-13,1.238341e-09,7.018955e-08,6.016738e-01,1.914538e-13,7.703831e-10,5.360105e-03,-3.910592e-03,1.365512e-03,2.315065e-15,1.049916e+02,1.518728e+09,1.294990e+02,1.407834e+09,1.099468e+02,1.508140e+09
171,monte carlo,1.856680e-11,1.082188e-01,8.344395e-10,1.030226e-09,3.827153e-13,3.284126e-11,1.142480e-01,1.050673e-09,6.372533e-10,4.753968e-13,3.270444e-11,3.801941e-01,9.670626e-10,3.400054e-10,2.186169e-13,1.861061e-11,3.159404e-01,1.075631e-09,8.297236e-10,2.773863e-13,6.600970e-08,5.562601e-01,1.698907e-13,1.332027e-09,7.815163e-08,6.372449e-01,2.214178e-13,1.952857e-09,7.072177e-08,5.282590e-01,1.929845e-13,1.748794e-09,-7.264009e-03,7.464024e-03,-2.889217e-03,3.038416e-15,1.118410e+02,1.890289e+09,1.155854e+02,1.308509e+09,1.261762e+02,1.644472e+09
172,monte carlo,1.834830e-11,2.043288e-01,8.395578e-10,8.777762e-10,4.460236e-13,3.272000e-11,1.554244e-01,6.512444e-10,5.224423e-10,4.623773e-13,3.273480e-11,1.130675e-01,6.797905e-10,5.906702e-10,2.423011e-13,1.886639e-11,1.266098e-01,1.132074e-09,6.536091e-10,4.252478e-13,6.552506e-08,5.044388e-01,1.646818e-13,6.684158e-10,8.370518e-08,7.847705e-01,1.614181e-13,1.336819e-09,6.726157e-08,5.429607e-01,1.787079e-13,1.510853e-09,-9.094677e-03,-6.637203e-03,1.178246e-03,2.297181e-15,1.224250e+02,1.651444e+09,1.005265e+02,1.597762e+09,1.167534e+02,1.562722e+09
173,monte carlo,1.834123e-11,3.944072e-01,7.623836e-10,1.291826e-09,2.329888e-13,3.194477e-11,1.642420e-01,1.108067e-09,6.416028e-10,4.121758e-13,3.276262e-11,1.517925e-01,1.068065e-09,7.818739e-10,5.064016e-13,1.804137e-11,2.675394e-01,6.641895e-10,1.166344e-09,3.159551e-13,7.128431e-08,6.370000e-01,1.599381e-13,6.665927e-10,8.333139e-08,6.074835e-01,1.635882e-13,1.905984e-09,6.851415e-08,5.259638e-01,1.932416e-13,5.550783e-10,9.013566e-03,-4.753327e-03,-2.699244e-03,8.017562e-16,1.054692e+02,1.882434e+09,1.292841e+02,1.595891e+09,1.227709e+02,1.603232e+09
174,monte carlo,1.780313e-11,3.463510e-01,1.038534e-09,1.159101e-09,2.615955e-13,3.182023e-11,3.366467e-01,6.764066e-10,3.841820e-10,4.460307e-13,3.260937e-11,1.786480e-01,9.502895e-10,3.399752e-10,4.068705e-13,1.807842e-11,1.957253e-01,9.409306e-10,1.086734e-09,2.880001e-13,6.461626e-08,5.618933e-01,1.524178e-13,1.449119e-09,8.171859e-08,6.753426e-01,2.220654e-13,1.256275e-09,6.630308e-08,5.528814e-01,1.989864e-13,1.159593e-09,3.035931e-03,-3.235158e-03,2.047624e-03,4.333433e-15,1.083825e+02,1.852889e+09,1.140428e+02,1.303596e+09,1.130246e+02,1.570676e+09
175,monte carlo,1.727948e-11,1.650808e-01,1.195357e-09,3.680930e-10,2.640867e-13,3.227637e-11,2.923027e-01,7.794872e-10,3.159423e-10,5.025746e-13,3.216256e-11,3.553939e-01,1.188658e-09,7.489961e-10,5.121928e-13,1.744987e-11,3.523567e-01,8.503909e-10,1.069772e-09,3.179444e-13,6.680576e-08,5.850601e-01,1.745831e-13,1.399675e-09,8.600125e-08,7.224905e-01,2.149703e-13,1.826574e-09,7.040003e-08,5.452243e-01,1.623542e-13,1.324562e-09,8.646402e-03,3.283047e-03,-1.080474e-03,2.026408e-15,1.076179e+02,1.670717e+09,1.121873e+02,1.457612e+09,1.216939e+02,1.945025e+09
176,monte carlo,1.798142e-11,3.268507e-01,8.754513e-10,6.195264e-10,3.813819e-13,3.334011e-11,3.130237e-01,8.130424e-10,3.570755e-10,2.448260e-13,3.358879e-11,2.244424e-01,7.932129e-10,7.845025e-10,3.609519e-13,1.747137e-11,2.538546e-01,6.499970e-10,9.469814e-10,3.448390e-13,6.586600e-08,5.425759e-01,1.540965e-13,6.928629e-10,8.499297e-08,7.554365e-01,1.722245e-13,1.561466e-09,6.639270e-08,5.049429e-01,1.467750e-13,1.727640e-09,-1.385818e-03,7.223930e-03,3.258250e-04,4.858338e-15,1.144121e+02,1.809083e+09,1.060367e+02,1.424872e+09,1.239222e+02,1.835216e+09
177,monte carlo,1.858286e-11,3.993083e-01,8.901148e-10,9.823426e-10,2.902191e-13,3.386868e-11,3.041756e-01,7.483304e-10,1.121583e-09,4.758423e-13,3.293446e-11,2.930191e-01,1.040056e-09,5.217124e-10,3.854633e-13,1.726770e-11,1.750384e-01,1.121727e-09,9.176180e-10,4.895480e-13,6.626263e-08,5.918484e-01,1.576109e-13,1.296152e-09,8.156880e-08,6.727557e-01,1.896456e-13,1.745249e-09,6.872057e-08,4.999596e-01,1.778877e-13,1.792069e-09,6.567489e-03,-8.999882e-03,2.803294e-03,1.764522e-15,1.055187e+02,1.890704e+09,1.142715e+02,1.492913e+09,1.295457e+02,1.821511e+09
178,monte carlo,1.787406e-11,2.595954e-01,7.533220e-10,3.751794e-10,3.699189e-13,3.412731e-11,3.430768e-01,6.627222e-10,8.361978e-10,3.849894e-13,3.253674e-11,2.979366e-01,9.746185e-10,1.161758e-09,5.071527e-13,1.795860e-11,1.082343e-01,1.189351e-09,5.769668e-10,2.122920e-13,7.113604e-08,6.499587e-01,1.722394e-13,1.104978e-09,8.450458e-08,6.991397e-01,2.274475e-13,1.724015e-09,6.726933e-08,6.201449e-01,1.707716e-13,8.201665e-10,-4.121969e-03,3.347275e-03,-1.957449e-03,3.395610e-15,1.031514e+02,1.908631e+09,1.139167e+02,1.425797e+09,1.022339e+02,1.879530e+09
179,monte carlo,1.804003e-11,2.992075e-01,1.129598e-09,1.215346e-09,5.100419e-13,3.219509e-11,2.969899e-01,9.095618e-10,7.013167e-10,3.497498e-13,3.329965e-11,1.475765e-01,8.947316e-10,5.968718e-10,5.214823e-13,1.852169e-11,1.282510e-01,7.846732e-10,1.234538e-09,3.520019e-13,6.582242e-08,5.069290e-01,2.041145e-13,1.940666e-09,7.924629e-08,6.103618e-01,1.535732e-13,1.615366e-09,7.117443e-08,5.847267e-01,1.928448e-13,1.229677e-09,-9.945766e-03,2.016522e-03,-2.906168e-03,3.651445e-15,1.223764e+02,1.705165e+09,1.223665e+02,1.603424e+09,1.147208e+02,1.709310e+09
180,monte carlo,1.738666e-11,3.956355e-01,1.035766e-09,5.045718e-10,4.357850e-13,3.213837e-11,1.497730e-01,6.803133e-10,1.234871e-09,4.248257e-13,3.211667e-11,1.819961e-01,8.905322e-10,8.554789e-10,2.425575e-13,1.821941e-11,1.278708e-01,1.022666e-09,7.941252e-10,4.616321e-13,6.592608e-08,4.788310e-01,2.367658e-13,1.716784e-09,8.491852e-08,7.049461e-01,1.932970e-13,1.044962e-09,6.772740e-08,5.401865e-01,1.501831e-13,1.913423e-09,-6.649196e-03,5.663186e-03,-5.868394e-04,4.298789e-15,1.297616e+02,1.559539e+09,1.135318e+02,1.535936e+09,1.181658e+02,1.773393e+09
181,monte carlo,1.746526e-11,3.535875e-01,1.008328e-09,9.661565e-10,5.255074e-13,3.157240e-11,2.277527e-01,1.160781e-09,1.114683e-09,4.950976e-13,3.218615e-11,2.200477e-01,6.116175e-10,7.177372e-10,3.071248e-13,1.848166e-11,3.665771e-01,6.612267e-10,5.761867e-10,3.007858e-13,6.740426e-08,5.638243e-01,2.138610e-13,5.653561e-10,8.026218e-08,7.328564e-01,2.008714e-13,9.236867e-10,6.838017e-08,5.236886e-01,1.721456e-13,1.647558e-09,8.668527e-03,-1.626265e-03,1.947369e-04,1.683256e-15,1.126717e+02,1.620200e+09,1.032198e+02,1.497981e+09,1.230632e+02,1.735988e+09
182,monte carlo,1.819918e-11,1.924338e-01,1.138914e-09,1.077000e-09,4.068993e-13,3.277801e-11,3.943075e-01,8.212797e-10,1.007587e-09,3.897125e-13,3.401701e-11,2.011472e-01,9.976100e-10,9.531851e-10,1.903560e-13,1.804794e-11,2.264459e-01,9.995307e-10,4.774360e-10,1.756148e-13,7.109599e-08,5.507727e-01,2.129402e-13,1.865580e-09,8.362506e-08,7.196013e-01,1.805802e-13,1.498731e-09,6.919331e-08,5.851524e-01,2.084452e-13,1.774443e-09,-3.569318e-03,3.539613e-03,3.942734e-04,3.031836e-15,1.216589e+02,1.552626e+09,1.095256e+02,1.408079e+09,1.114465e+02,1.584148e+09
183,monte carlo,1.783214e-11,1.680482e-01,9.870979e-10,9.947300e-10,3.020154e-13,3.321934e-11,1.287144e-01,9.882927e-10,1.285198e-09,3.039328e-13,3.235604e-11,2.180694e-01,7.282975e-10,7.084386e-10,2.751299e-13,1.781294e-11,3.164990e-01,1.136290e-09,1.157467e-09,4.432744e-13,6.733855e-08,4.890033e-01,2.266248e-13,1.408130e-09,8.115971e-08,6.684571e-01,2.253299e-13,1.819708e-09,6.585997e-08,5.142744e-01,1.809757e-13,7.329174e-10,7.678060e-03,9.876457e-03,2.166557e-03,1.032074e-15,1.297846e+02,1.592682e+09,1.144295e+02,1.338035e+09,1.206974e+02,1.671902e+09
184,monte carlo,1.720436e-11,3.805466e-01,1.130413e-09,3.276993e-10,5.250943e-13,3.270375e-11,2.829626e-01,7.425424e-10,7.335352e-10,3.372190e-13,3.414372e-11,2.745795e-01,7.022563e-10,8.956907e-10,2.810981e-13,1.775973e-11,2.203031e-01,1.194239e-09,1.254374e-09,3.502885e-13,7.030962e-08,6.093259e-01,2.240466e-13,1.511709e-09,8.556388e-08,7.172787e-01,1.940791e-13,7.592088e-10,6.844763e-08,6.367401e-01,1.771165e-13,1.638983e-09,3.096868e-03,-9.523194e-03,-2.825510e-03,8.782289e-16,1.087517e+02,1.521067e+09,1.124278e+02,1.389068e+09,1.013135e+02,1.869915e+09
185,monte carlo,1.852972e-11,1.790753e-01,1.166759e-09,8.759743e-10,3.002002e-13,3.225667e-11,3.606598e-01,1.157618e-09,3.174379e-10,4.831663e-13,3.285572e-11,1.769643e-01,1.060489e-09,7.387285e-10,1.806602e-13,1.753271e-11,1.694433e-01,9.294964e-10,5.964175e-10,4.445114e-13,6.716435e-08,5.217348e-01,1.760516e-13,9.622113e-10,7.851822e-08,7.039828e-01,2.531461e-13,1.338277e-09,6.847406e-08,6.221734e-01,2.047463e-13,6.818578e-10,1.377465e-03,4.120423e-04,-1.318841e-03,2.036328e-15,1.213278e+02,1.800243e+09,1.051186e+02,1.363476e+09,1.037256e+02,1.721189e+09
186,monte carlo,1.744352e-11,3.096403e-01,1.116523e-09,7.186747e-10,2.842104e-13,3.378434e-11,2.843033e-01,8.121641e-10,6.066294e-10,3.509993e-13,3.147848e-11,1.757399e-01,1.007179e-09,9.018733e-10,2.267516e-13,1.849932e-11,1.058239e-01,1.118250e-09,9.838232e-10,2.425476e-13,6.472971e-08,6.002677e-01,2.347011e-13,1.866919e-09,8.348172e-08,6.279393e-01,1.423568e-13,1.176571e-09,6.777130e-08,5.680694e-01,1.870752e-13,1.076329e-09,3.666370e-03,-3.736851e-03,-8.149633e-04,2.467096e-15,1.016318e+02,1.502396e+09,1.252982e+02,1.586672e+09,1.124386e+02,1.829365e+09
187,monte carlo,1.753225e-11,2.980695e-01,8.010623e-10,7.594453e-10,5.150449e-13,3.264277e-11,2.579507e-01,1.061993e-09,3.525213e-10,2.190911e-13,3.165541e-11,1.115832e-01,1.085007e-09,8.633387e-10,4.204485e-13,1.847350e-11,1.654941e-01,6.150082e-10,1.066891e-09,2.324239e-13,7.041930e-08,6.585657e-01,1.758339e-13,1.887468e-09,8.368429e-08,6.550610e-01,2.145095e-13,8.381313e-10,6.589240e-08,5.031622e-01,2.294325e-13,7.101084e-10,9.183176e-03,-5.543094e-03,-1.150326e-03,9.747655e-16,1.007775e+02,1.761115e+09,1.204019e+02,1.458306e+09,1.234237e+02,1.591783e+09
188,monte carlo,1.762858e-11,2.153333e-01,7.909671e-10,2.899859e-10,3.492255e-13,3.349598e-11,2.122183e-01,1.077408e-09,3.410988e-10,4.980629e-13,3.451134e-11,1.270474e-01,6.820192e-10,7.766731e-10,2.091412e-13,1.767285e-11,3.122873e-01,1.156615e-09,4.878681e-10,3.769238e-13,7.097273e-08,6.540369e-01,1.501853e-13,7.824797e-10,7.944310e-08,7.027582e-01,2.198930e-13,7.455655e-10,7.081124e-08,6.273333e-01,1.351918e-13,1.363764e-09,-5.317925e-03,-4.279261e-03,1.449844e-03,3.591400e-15,1.022728e+02,1.912314e+09,1.065421e+02,1.483922e+09,1.063837e+02,1.763869e+09
189,monte carlo,1.760389e-11,2.081775e-01,8.903668e-10,3.218743e-10,2.374523e-13,3.397551e-11,3.381360e-01,8.303868e-10,3.612376e-10,2.248471e-13,3.322650e-11,3.003370e-01,7.120066e-10,1.167773e-09,4.305018e-13,1.821898e-11,1.282517e-01,9.392646e-10,1.286425e-09,4.048127e-13,6.522051e-08,5.455486e-01,1.922815e-13,1.819982e-09,8.591921e-08,6.627447e-01,1.787964e-13,5.488479e-10,7.054240e-08,6.219730e-01,1.335779e-13,8.851537e-10,-1.696316e-03,6.541805e-03,1.450594e-03,2.821552e-15,1.126735e+02,1.749773e+09,1.221842e+02,1.404049e+09,1.068931e+02,1.860707e+09
190,monte carlo,1.834084e-11,3.159720e-01,6.931198e-10,6.156641e-10,2.484353e-13,3.224914e-11,3.404769e-01,9.556188e-10,5.416400e-10,4.646373e-13,3.411771e-11,1.133203e-01,9.717044e-10,5.186901e-10,3.913278e-13,1.730246e-11,3.676952e-01,1.036983e-09,1.001986e-09,3.361667e-13,7.014495e-08,6.038605e-01,1.674490e-13,9.204602e-10,7.802911e-08,6.678351e-01,1.954299e-13,1.290858e-09,7.014289e-08,5.285949e-01,1.773951e-13,1.177011e-09,5.962161e-03,6.842161e-03,-2.067804e-03,7.933490e-16,1.094790e+02,1.789752e+09,1.101181e+02,1.370272e+09,1.250639e+02,1.822614e+09
191,monte carlo,1.815954e-11,2.951571e-01,8.018943e-10,1.063808e-09,3.151574e-13,3.302880e-11,1.195382e-01,1.137030e-09,7.533346e-10,3.650346e-13,3.156483e-11,3.820122e-01,1.002693e-09,1.022575e-09,5.267949e-13,1.809421e-11,2.305180e-01,6.278633e-10,5.328074e-10,5.289989e-13,7.125782e-08,6.285063e-01,1.579697e-13,5.874636e-10,8.368827e-08,6.369025e-01,1.964348e-13,1.802965e-09,7.044288e-08,6.087571e-01,1.881792e-13,1.703008e-09,-8.490510e-03,-1.992493e-06,2.601706e-03,1.488047e-15,1.068548e+02,1.651514e+09,1.238405e+02,1.486894e+09,1.090597e+02,1.748426e+09
192,monte carlo,1.833624e-11,1.853828e-01,6.902277e-10,7.800727e-10,3.843554e-13,3.258756e-11,2.908499e-01,1.149859e-09,3.776181e-10,2.209130e-13,3.184423e-11,3.551488e-01,8.394990e-10,1.054567e-09,4.151081e-13,1.715127e-11,2.874055e-01,8.031227e-10,4.082351e-10,5.058396e-13,6.670911e-08,4.880935e-01,1.671275e-13,9.758106e-10,8.352206e-08,6.323369e-01,1.820133e-13,8.802634e-10,6.661524e-08,5.851627e-01,1.873132e-13,6.609159e-10,-1.389584e-03,-7.521138e-03,-2.331331e-03,1.244188e-15,1.288111e+02,1.870272e+09,1.244869e+02,1.520624e+09,1.072922e+02,1.541919e+09
193,monte carlo,1.769805e-11,1.941417e-01,1.152264e-09,9.885020e-10,3.815664e-13,3.164216e-11,3.902307e-01,9.092866e-10,1.044508e-09,3.246993e-13,3.184498e-11,1.959359e-01,9.686913e-10,3.974693e-10,4.427923e-13,1.817349e-11,3.257273e-01,9.243410e-10,1.101779e-09,4.252491e-13,6.886061e-08,5.313424e-01,1.232364e-13,5.569498e-10,8.107760e-08,6.354835e-01,2.235988e-13,1.249791e-09,6.868664e-08,5.215482e-01,1.501392e-13,1.404393e-09,3.154412e-03,-1.710300e-03,-5.159945e-04,4.062989e-15,1.221427e+02,1.940125e+09,1.202452e+02,1.316396e+09,1.241221e+02,1.772783e+09
194,monte carlo,1.772233e-11,1.920734e-01,8.408015e-10,1.089072e-09,4.538308e-13,3.315189e-11,1.449127e-01,7.028838e-10,7.301966e-10,1.763232e-13,3.266237e-11,1.661456e-01,6.521941e-10,5.501981e-10,2.922675e-13,1.880028e-11,2.700233e-01,8.213070e-10,9.814218e-10,2.967370e-13,7.038794e-08,5.367496e-01,2.176107e-13,5.746154e-10,7.882220e-08,6.328323e-01,1.807562e-13,1.762259e-09,6.628629e-08,5.332872e-01,1.391828e-13,1.015917e-09,-5.565240e-03,6.040887e-03,-6.788404e-04,1.685566e-15,1.235941e+02,1.581946e+09,1.173900e+02,1.434912e+09,1.171477e+02,1.825441e+09
195,monte carlo,1.720540e-11,2.686338e-01,1.039154e-09,6.154172e-10,1.977806e-13,3.440329e-11,2.428029e-01,7.480874e-10,1.224779e-09,5.023594e-13,3.396655e-11,1.924811e-01,1.026124e-09,8.409427e-10,2.760020e-13,1.816855e-11,2.160649e-01,1.179528e-09,5.627349e-10,1.752761e-13,6.594433e-08,6.159576e-01,2.117892e-13,1.252470e-09,7.816932e-08,6.015485e-01,1.877987e-13,9.897577e-10,6.946741e-08,6.161646e-01,1.629933e-13,1.853696e-09,-1.454911e-03,7.024191e-03,2.055237e-03,3.565141e-15,1.009015e+02,1.528733e+09,1.224720e+02,1.450204e+09,1.062565e+02,1.863923e+09
196,monte carlo,1.771311e-11,3.322630e-01,6.603446e-10,5.540862e-10,3.608528e-13,3.341059e-11,1.571437e-01,6.297999e-10,6.900905e-10,3.469907e-13,3.229447e-11,1.021768e-01,6.637892e-10,1.196279e-09,4.129128e-13,1.761239e-11,2.613414e-01,7.950229e-10,5.884510e-10,4.356238e-13,6.634233e-08,5.317263e-01,1.907811e-13,1.673023e-09,8.175526e-08,7.454063e-01,2.536411e-13,1.295225e-09,6.562869e-08,5.632873e-01,1.981560e-13,8.246526e-10,1.579946e-03,9.468437e-03,1.202730e-03,1.672980e-15,1.175909e+02,1.558079e+09,1.033698e+02,1.309471e+09,1.098082e+02,1.542931e+09
197,monte carlo,1.713008e-11,1.892840e-01,7.418367e-10,1.088166e-09,5.229598e-13,3.399231e-11,2.950241e-01,1.111300e-09,1.071314e-09,5.111512e-13,3.141363e-11,2.032388e-01,8.985378e-10,1.240959e-09,4.556926e-13,1.791494e-11,3.592268e-01,8.069971e-10,8.136418e-10,2.339795e-13,7.113238e-08,6.471729e-01,1.852437e-13,5.860319e-10,8.042998e-08,5.837741e-01,1.537586e-13,8.836405e-10,6.847493e-08,5.122977e-01,1.644813e-13,1.599845e-09,8.315738e-03,6.622704e-03,-2.817018e-03,2.339325e-15,1.035901e+02,1.764207e+09,1.298507e+02,1.667741e+09,1.259738e+02,1.834243e+09
198,monte carlo,1.852780e-11,2.378274e-01,7.688758e-10,9.696718e-10,3.546132e-13,3.172416e-11,2.916050e-01,1.088977e-09,6.389459e-10,3.638988e-13,3.313289e-11,1.815909e-01,9.051476e-10,6.064356e-10,3.086406e-13,1.784407e-11,3.705011e-01,6.517069e-10,9.279322e-10,2.307841e-13,6.842310e-08,5.959245e-01,1.843283e-13,6.166739e-10,8.362668e-08,7.652180e-01,1.959285e-13,1.768674e-09,6.471771e-08,5.808889e-01,1.492968e-13,1.762125e-09,-5.534409e-03,4.247450e-03,-1.659933e-04,4.648846e-15,1.082138e+02,1.711775e+09,1.029985e+02,1.612786e+09,1.050029e+02,1.933445e+09
199,monte carlo,1.776186e-11,3.188482e-01,8.258488e-10,7.284694e-10,5.043826e-13,3.289840e-11,2.322974e-01,1.106742e-09,9.891470e-10,2.931733e-13,3.222551e-11,3.983742e-01,8.626163e-10,5.265137e-10,3.015865e-13,1.747208e-11,2.580327e-01,1.111363e-09,1.251817e-09,1.851500e-13,7.044138e-08,5.656155e-01,2.195285e-13,9.125801e-10,8.532870e-08,7.829829e-01,1.413584e-13,1.424219e-09,6.929381e-08,6.293687e-01,1.852470e-13,1.554638e-09,-1.757133e-03,-7.347278e-03,2.924462e-03,2.938735e-15,1.173756e+02,1.520135e+09,1.027103e+02,1.626646e+09,1.037673e+02,1.709065e+09
200,monte carlo,1.710546e-11,3.866341e-01,8.180871e-10,2.919301e-10,4.491973e-13,3.139949e-11,3.910246e-01,6.597044e-10,1.250229e-09,1.842814e-13,3.228926e-11,2.017241e-01,1.134542e-09,1.017913e-09,4.751683e-13,1.888092e-11,1.078205e-01,9.449905e-10,5.611953e-10,3.345141e-13,6.740150e-08,5.304258e-01,1.524188e-13,1.060001e-09,8.196588e-08,7.334032e-01,1.826308e-13,7.972036e-10,7.090640e-08,5.718176e-01,1.742858e-13,9.085829e-10,7.497744e-03,-2.057239e-03,-1.903835e-03,2.726805e-15,1.197612e+02,1.720601e+09,1.053323e+02,1.507218e+09,1.168689e+02,1.619689e+09
201,monte carlo,1.854933e-11,1.870183e-01,9.671645e-10,3.026711e-10,2.138306e-13,3.421498e-11,2.941607e-01,7.258031e-10,1.111241e-09,4.928464e-13,3.351736e-11,3.082480e-01,9.660826e-10,8.090205e-10,4.583018e-13,1.889377e-11,3.284819e-01,1.120423e-09,9.528570e-10,2.541910e-13,6.884560e-08,6.232797e-01,1.496680e-13,7.804962e-10,7.996699e-08,6.059777e-01,1.509122e-13,9.176848e-10,6.468198e-08,6.093285e-01,1.388449e-13,1.070592e-09,-3.719854e-03,8.703575e-04,-2.661727e-03,2.826341e-15,1.041033e+02,1.868687e+09,1.243727e+02,1.564746e+09,1.000467e+02,1.823124e+09
202,monte carlo,1.871833e-11,3.203998e-01,6.748669e-10,8.502779e-10,2.754186e-13,3.356880e-11,3.171879e-01,7.359811e-10,5.201367e-10,2.959926e-13,3.185253e-11,3.618715e-01,6.986575e-10,7.716058e-10,4.399179e-13,1.757913e-11,2.538236e-01,1.138504e-09,4.316793e-10,3.301274e-13,7.012120e-08,5.501362e-01,1.255825e-13,9.624343e-10,7.853814e-08,5.957380e-01,1.815238e-13,1.100969e-09,7.021608e-08,5.854674e-01,1.964625e-13,1.666711e-09,9.812745e-03,-4.550156e-03,1.433658e-03,3.799651e-15,1.201297e+02,1.901895e+09,1.242500e+02,1.452020e+09,1.130329e+02,1.591259e+09
203,monte carlo,1.886119e-11,2.823622e-01,8.303055e-10,8.604831e-10,4.507492e-13,3.458596e-11,3.041416e-01,9.871275e-10,5.535839e-10,2.438917e-13,3.315006e-11,2.957681e-01,7.157323e-10,1.161587e-09,3.290797e-13,1.889348e-11,3.168796e-01,1.109304e-09,9.522862e-10,5.071522e-13,6.567011e-08,4.895230e-01,1.848519e-13,1.224619e-09,7.886599e-08,7.280162e-01,2.014613e-13,1.826998e-09,6.460524e-08,4.741872e-01,2.049935e-13,6.772324e-10,-7.486021e-03,7.712690e-03,-1.815385e-03,4.221001e-15,1.264345e+02,1.817625e+09,1.020986e+02,1.458104e+09,1.284071e+02,1.723874e+09
204,monte carlo,1.826876e-11,3.754134e-01,1.144960e-09,9.109989e-10,4.004780e-13,3.360637e-11,2.723651e-01,7.821642e-10,1.075396e-09,3.912595e-13,3.201601e-11,3.241487e-01,1.061382e-09,1.251559e-09,1.864449e-13,1.839196e-11,1.929016e-01,6.194411e-10,4.561637e-10,2.448644e-13,6.719584e-08,4.996365e-01,1.457873e-13,1.469826e-09,8.126369e-08,7.465133e-01,2.414287e-13,1.575293e-09,7.090642e-08,6.173826e-01,1.494782e-13,1.387353e-09,4.655270e-03,-8.135721e-03,1.775504e-03,4.361551e-15,1.267533e+02,1.922348e+09,1.025959e+02,1.302881e+09,1.082436e+02,1.666821e+09
205,monte carlo,1.794074e-11,2.742829e-01,1.094896e-09,3.443819e-10,3.463613e-13,3.264872e-11,2.402933e-01,6.087579e-10,7.096803e-10,1.950937e-13,3.313278e-11,2.968335e-01,8.372687e-10,5.682724e-10,3.126730e-13,1.717748e-11,1.836723e-01,9.602050e-10,6.802068e-10,4.427873e-13,6.850372e-08,6.227525e-01,1.730891e-13,1.418950e-09,8.277380e-08,7.764105e-01,1.940368e-13,5.725471e-10,6.473027e-08,5.184688e-01,1.638712e-13,1.461387e-09,-4.746302e-03,8.899934e-03,7.979298e-04,4.026333e-15,1.036740e+02,1.747988e+09,1.004784e+02,1.553515e+09,1.176673e+02,1.765224e+09
206,monte carlo,1.736629e-11,1.726016e-01,1.184781e-09,1.261734e-09,3.968000e-13,3.322767e-11,3.506432e-01,8.773788e-10,1.190312e-09,3.247295e-13,3.237805e-11,2.450079e-01,9.598623e-10,7.074581e-10,3.770713e-13,1.867826e-11,1.647809e-01,9.681027e-10,1.086207e-09,5.251173e-13,7.000979e-08,5.235888e-01,1.437078e-13,1.472922e-09,8.415664e-08,6.363918e-01,2.043317e-13,1.895496e-09,6.774457e-08,6.272889e-01,1.552087e-13,7.217175e-10,-4.779428e-03,4.050629e-03,6.881006e-04,4.016556e-15,1.260200e+02,1.915544e+09,1.246335e+02,1.370720e+09,1.017836e+02,1.892282e+09
207,monte carlo,1.724535e-11,3.920416e-01,7.328481e-10,9.124694e-10,3.598517e-13,3.136878e-11,2.906518e-01,9.791393e-10,7.840955e-10,1.998324e-13,3.385461e-11,3.168928e-01,1.154843e-09,3.222610e-10,4.880174e-13,1.797084e-11,2.349797e-01,1.005187e-09,1.282781e-09,4.814964e-13,6.719151e-08,5.690793e-01,2.069215e-13,7.068520e-10,8.537366e-08,7.865715e-01,2.194049e-13,7.695103e-10,6.890960e-08,5.891838e-01,1.787671e-13,8.938162e-10,1.531260e-03,7.362406e-03,1.539110e-03,2.255488e-15,1.112789e+02,1.700645e+09,1.022956e+02,1.343271e+09,1.102301e+02,1.597108e+09
208,monte carlo,1.826559e-11,2.338036e-01,1.044906e-09,5.534224e-10,3.422676e-13,3.268976e-11,2.437372e-01,1.004159e-09,3.970836e-10,3.335771e-13,3.240532e-11,3.332163e-01,1.083389e-09,6.034056e-10,4.306005e-13,1.876824e-11,3.059337e-01,1.101870e-09,3.838040e-10,2.244599e-13,6.461227e-08,5.045535e-01,1.692868e-13,9.782563e-10,8.353781e-08,6.976974e-01,1.973696e-13,5.002985e-10,6.827761e-08,5.944034e-01,1.980192e-13,1.030762e-09,9.463571e-03,9.973485e-03,-1.355966e-03,3.835401e-15,1.206921e+02,1.804058e+09,1.128462e+02,1.415951e+09,1.082600e+02,1.572739e+09
209,monte carlo,1.755876e-11,2.491828e-01,1.112741e-09,3.163190e-10,4.463081e-13,3.333247e-11,2.344994e-01,8.452406e-10,7.970853e-10,3.041588e-13,3.434467e-11,1.171494e-01,1.193925e-09,3.824093e-10,4.563390e-13,1.766687e-11,2.937921e-01,6.648464e-10,4.100321e-10,3.413869e-13,6.820084e-08,4.945811e-01,1.279929e-13,1.668120e-09,7.856976e-08,5.783246e-01,1.954442e-13,1.549841e-09,6.946480e-08,5.519787e-01,1.570741e-13,1.534271e-09,8.242527e-03,-9.807767e-03,-2.267219e-03,5.043561e-16,1.299641e+02,1.899333e+09,1.280427e+02,1.670086e+09,1.186079e+02,1.760485e+09
210,monte carlo,1.852727e-11,1.882265e-01,6.461725e-10,1.087525e-09,3.609536e-13,3.359176e-11,2.284749e-01,6.404116e-10,5.387751e-10,2.594664e-13,3.393521e-11,1.410714e-01,1.137521e-09,1.179524e-09,2.813360e-13,1.802205e-11,2.526041e-01,1.070458e-09,1.009479e-09,2.508241e-13,6.807764e-08,5.203959e-01,1.552100e-13,1.402289e-09,7.816493e-08,5.802071e-01,1.949889e-13,7.957138e-10,6.760972e-08,5.196116e-01,2.082550e-13,1.377683e-09,-1.844685e-03,9.603219e-04,1.615889e-03,3.826513e-15,1.232940e+02,1.901002e+09,1.269697e+02,1.463604e+09,1.226313e+02,1.568619e+09
211,monte carlo,1.783124e-11,1.059650e-01,9.291765e-10,1.074051e-09,2.971748e-13,3.446819e-11,3.040542e-01,6.075732e-10,7.847357e-10,2.088902e-13,3.437635e-11,2.144457e-01,8.918507e-10,8.483005e-10,2.482271e-13,1.762571e-11,1.601062e-01,9.861254e-10,6.979237e-10,4.927390e-13,6.666760e-08,5.735931e-01,1.728594e-13,7.935084e-10,7.876837e-08,5.876000e-01,1.780145e-13,1.236117e-09,6.496058e-08,5.245487e-01,2.221501e-13,1.877017e-09,7.756874e-03,6.970671e-03,2.111866e-03,4.346621e-15,1.095423e+02,1.828341e+09,1.263401e+02,1.533595e+09,1.167173e+02,1.572295e+09
212,monte carlo,1.725208e-11,2.390062e-01,6.660002e-10,9.035959e-10,1.709997e-13,3.216960e-11,3.534333e-01,6.625643e-10,9.933977e-10,3.116975e-13,3.357046e-11,1.027003e-01,6.823848e-10,5.855243e-10,1.831364e-13,1.724378e-11,3.333817e-01,6.906743e-10,6.706167e-10,1.785071e-13,6.878890e-08,5.611206e-01,1.848725e-13,1.852632e-09,8.076806e-08,7.295814e-01,2.112010e-13,5.515373e-10,7.031818e-08,6.389064e-01,1.595953e-13,1.977053e-09,-7.867696e-04,7.122402e-04,1.103400e-04,2.187829e-15,1.155403e+02,1.569890e+09,1.043367e+02,1.309100e+09,1.037293e+02,1.904296e+09
213,monte carlo,1.745865e-11,2.592992e-01,8.952236e-10,9.105931e-10,3.740712e-13,3.301600e-11,2.490122e-01,6.666175e-10,9.567987e-10,5.152178e-13,3.208083e-11,2.056953e-01,1.079988e-09,4.954438e-10,4.159231e-13,1.740468e-11,1.909068e-01,9.689631e-10,1.278489e-09,3.784323e-13,6.786672e-08,5.092460e-01,1.711547e-13,1.667425e-09,8.081449e-08,7.140445e-01,1.588794e-13,1.671530e-09,6.801287e-08,5.508490e-01,2.195575e-13,9.897843e-10,8.538549e-03,6.410676e-03,2.269741e-03,4.347954e-15,1.256031e+02,1.694080e+09,1.066682e+02,1.677113e+09,1.163670e+02,1.540833e+09
214,monte carlo,1.811008e-11,2.364351e-01,9.235269e-10,9.932684e-10,2.341012e-13,3.314934e-11,3.017238e-01,1.024361e-09,4.676798e-10,4.916401e-13,3.256897e-11,1.144094e-01,6.816906e-10,9.670798e-10,1.950304e-13,1.878412e-11,2.800221e-01,7.990949e-10,1.130827e-09,2.349667e-13,6.845400e-08,5.972567e-01,1.793619e-13,9.370844e-10,8.358370e-08,6.620487e-01,1.918809e-13,6.655970e-10,6.621288e-08,4.982062e-01,1.778602e-13,1.630121e-09,1.064255e-03,-7.057103e-03,4.813797e-05,5.753698e-16,1.080212e+02,1.920102e+09,1.189879e+02,1.573797e+09,1.252577e+02,1.937632e+09
215,monte carlo,1.790575e-11,3.663595e-01,1.142948e-09,1.094016e-09,4.115849e-13,3.156217e-11,2.890238e-01,1.155589e-09,2.869866e-10,1.909210e-13,3.287587e-11,2.813494e-01,8.379050e-10,7.200432e-10,2.642051e-13,1.724551e-11,3.098303e-01,1.139369e-09,8.397971e-10,3.981282e-13,6.926210e-08,5.914787e-01,1.836205e-13,1.066219e-09,8.434710e-08,7.632741e-01,2.414407e-13,5.315555e-10,6.955102e-08,5.983486e-01,1.674262e-13,5.491444e-10,3.756816e-03,5.523323e-04,1.245363e-03,4.953680e-15,1.103641e+02,1.647425e+09,1.041504e+02,1.363846e+09,1.095520e+02,1.897975e+09
216,monte carlo,1.726467e-11,3.034342e-01,9.789259e-10,1.161736e-09,3.941093e-13,3.408577e-11,2.668537e-01,1.118024e-09,7.630043e-10,2.180400e-13,3.160935e-11,2.911334e-01,8.502853e-10,6.166232e-10,5.127009e-13,1.853381e-11,1.520552e-01,9.263455e-10,1.117953e-09,2.010017e-13,6.507200e-08,5.919734e-01,1.901465e-13,1.452535e-09,8.457761e-08,6.838501e-01,2.149460e-13,1.702224e-09,6.622732e-08,5.576039e-01,1.764560e-13,1.250402e-09,-2.296157e-03,-2.463133e-03,1.719610e-03,1.922763e-15,1.036008e+02,1.795944e+09,1.165643e+02,1.328719e+09,1.119393e+02,1.853594e+09
217,monte carlo,1.837606e-11,3.177500e-01,1.066255e-09,3.992781e-10,4.570709e-13,3.259320e-11,3.063843e-01,1.014292e-09,1.010273e-09,3.983028e-13,3.366621e-11,1.436107e-01,8.189009e-10,1.169651e-09,5.034071e-13,1.742550e-11,3.669985e-01,8.615002e-10,9.049002e-10,2.546839e-13,6.826536e-08,6.191960e-01,2.174645e-13,1.004120e-09,7.949936e-08,7.460482e-01,2.305105e-13,1.826780e-09,6.728074e-08,5.177822e-01,1.803167e-13,1.260964e-09,-5.163640e-03,-2.909083e-03,-2.972290e-04,1.590420e-15,1.039067e+02,1.639692e+09,1.004310e+02,1.358056e+09,1.224658e+02,1.917791e+09
218,monte carlo,1.716772e-11,1.441929e-01,1.098814e-09,7.317083e-10,4.421250e-13,3.245755e-11,1.708707e-01,9.184242e-10,1.012551e-09,2.328055e-13,3.191063e-11,1.506336e-01,6.865416e-10,2.898427e-10,3.690934e-13,1.799806e-11,2.869732e-01,8.442257e-10,1.273611e-09,5.046356e-13,6.642157e-08,5.489767e-01,1.483228e-13,1.301667e-09,8.363486e-08,7.327842e-01,2.093364e-13,1.243917e-09,6.602933e-08,5.628784e-01,1.881539e-13,5.519661e-10,-2.781139e-03,-1.854335e-03,-2.106646e-03,2.153624e-15,1.140319e+02,1.750268e+09,1.075678e+02,1.371849e+09,1.105588e+02,1.783699e+09
219,monte carlo,1.759351e-11,3.619103e-01,7.149594e-10,3.116273e-10,4.854649e-13,3.408763e-11,1.164230e-01,1.060826e-09,7.858943e-10,4.261589e-13,3.350649e-11,2.205956e-01,7.619487e-10,3.604627e-10,4.971473e-13,1.864871e-11,2.009783e-01,6.586738e-10,8.436522e-10,2.229456e-13,6.660047e-08,5.168389e-01,2.418246e-13,1.597306e-09,8.419794e-08,7.184113e-01,1.525452e-13,7.224363e-10,6.921268e-08,6.519066e-01,1.434312e-13,1.815931e-09,-6.910172e-03,-5.704595e-03,1.094036e-03,4.318093e-15,1.214488e+02,1.515759e+09,1.104586e+02,1.513573e+09,1.000625e+02,1.731026e+09
220,monte carlo,1.776973e-11,3.080275e-01,8.493426e-10,3.348690e-10,5.232932e-13,3.218715e-11,2.391514e-01,8.720452e-10,3.925152e-10,3.537207e-13,3.365273e-11,3.742174e-01,1.008794e-09,6.360784e-10,3.558136e-13,1.791976e-11,3.917660e-01,6.640724e-10,9.607456e-10,4.001243e-13,6.662339e-08,5.487053e-01,1.963198e-13,1.014348e-09,8.390932e-08,7.207793e-01,1.709400e-13,1.842242e-09,6.855909e-08,5.864024e-01,1.735260e-13,1.605267e-09,9.741994e-03,-3.361235e-03,-2.233450e-03,1.246328e-15,1.144349e+02,1.609690e+09,1.097183e+02,1.653549e+09,1.101895e+02,1.925532e+09
221,monte carlo,1.888220e-11,2.849398e-01,9.179301e-10,1.025781e-09,4.135711e-13,3.216522e-11,2.475174e-01,1.017705e-09,1.086365e-09,3.904641e-13,3.196937e-11,3.375260e-01,1.054687e-09,6.803462e-10,2.202585e-13,1.863661e-11,2.592075e-01,9.750662e-10,4.126495e-10,3.912695e-13,7.084832e-08,5.556540e-01,1.612098e-13,1.892217e-09,7.896823e-08,6.208381e-01,1.944363e-13,8.307109e-10,6.476672e-08,4.898540e-01,1.635759e-13,5.323273e-10,-6.832558e-03,6.375821e-03,2.168671e-03,4.106365e-15,1.201701e+02,1.636283e+09,1.198796e+02,1.470689e+09,1.246110e+02,1.698876e+09
222,monte carlo,1.772992e-11,2.706202e-01,9.463520e-10,1.082341e-09,4.428031e-13,3.196502e-11,2.832370e-01,8.817832e-10,6.153333e-10,4.741424e-13,3.237105e-11,1.881505e-01,7.815013e-10,1.135366e-09,5.175885e-13,1.807472e-11,1.100780e-01,7.547919e-10,7.981330e-10,3.640150e-13,7.035823e-08,6.528197e-01,1.916764e-13,1.219197e-09,8.470386e-08,7.272779e-01,2.054999e-13,1.704063e-09,6.537528e-08,5.574076e-01,1.576545e-13,1.245965e-09,-4.043980e-03,-3.717947e-03,-9.898061e-04,3.226015e-15,1.015764e+02,1.650943e+09,1.097675e+02,1.473453e+09,1.105381e+02,1.895159e+09
223,monte carlo,1.869969e-11,1.736605e-01,9.680227e-10,7.978749e-10,2.469675e-13,3.299884e-11,1.085377e-01,7.305372e-10,7.924822e-10,4.930949e-13,3.148525e-11,3.716641e-01,7.999989e-10,4.121489e-10,2.971347e-13,1.865153e-11,1.994848e-01,7.187398e-10,6.880507e-10,4.188203e-13,6.566269e-08,5.252063e-01,2.250756e-13,6.334713e-10,8.460934e-08,7.677502e-01,2.082409e-13,1.498956e-09,6.977068e-08,5.747405e-01,1.846900e-13,1.512510e-09,-4.309461e-03,8.370481e-04,2.963210e-04,1.935725e-15,1.178311e+02,1.585714e+09,1.038651e+02,1.355314e+09,1.144122e+02,1.574298e+09
224,monte carlo,1.796697e-11,2.927291e-01,1.069668e-09,1.024820e-09,1.826624e-13,3.220894e-11,3.368407e-01,9.727215e-10,8.205316e-10,2.920146e-13,3.218493e-11,3.775663e-01,9.234472e-10,9.486353e-10,2.978619e-13,1.837344e-11,1.066106e-01,1.008718e-09,1.121543e-09,4.188572e-13,7.058941e-08,5.961493e-01,1.625973e-13,1.645761e-09,8.516886e-08,7.184090e-01,1.751191e-13,1.372572e-09,7.066637e-08,6.003287e-01,1.883621e-13,1.095128e-09,7.357826e-03,-5.004135e-03,1.940440e-03,4.332610e-15,1.115978e+02,1.660333e+09,1.117327e+02,1.600438e+09,1.109417e+02,1.728216e+09
225,monte carlo,1.851225e-11,3.832927e-01,8.455750e-10,5.293792e-10,2.934860e-13,3.307507e-11,3.647119e-01,1.048628e-09,7.527005e-10,4.811997e-13,3.290414e-11,3.641819e-01,7.286896e-10,1.135880e-09,4.747438e-13,1.840792e-11,2.052142e-01,9.055970e-10,7.268076e-10,2.910977e-13,6.682846e-08,5.927043e-01,1.767510e-13,1.533056e-09,8.535109e-08,7.839929e-01,1.524387e-13,5.148396e-10,6.861018e-08,5.497289e-01,1.725231e-13,5.545047e-10,-7.759661e-03,-1.327354e-03,-5.738124e-04,3.399903e-15,1.062660e+02,1.683753e+09,1.026049e+02,1.562401e+09,1.176281e+02,1.593150e+09
226,monte carlo,1.762466e-11,2.390369e-01,1.117409e-09,5.222701e-10,2.332392e-13,3.236619e-11,3.718790e-01,7.901772e-10,6.408744e-10,3.334352e-13,3.298924e-11,1.999126e-01,1.045921e-09,7.143699e-10,3.168982e-13,1.753977e-11,3.114456e-01,6.487338e-10,1.282434e-09,2.262689e-13,6.676245e-08,4.988801e-01,2.402957e-13,5.774857e-10,8.280439e-08,7.156282e-01,2.445772e-13,1.792957e-09,6.589970e-08,5.264505e-01,1.582154e-13,1.161766e-09,-1.658141e-03,7.734994e-03,2.351283e-03,4.380453e-15,1.261267e+02,1.503826e+09,1.090529e+02,1.310553e+09,1.179769e+02,1.693761e+09
227,monte carlo,1.717568e-11,2.539728e-01,7.945602e-10,3.153163e-10,4.210180e-13,3.442618e-11,1.144004e-01,7.341542e-10,1.010778e-09,2.861719e-13,3.371255e-11,2.765616e-01,1.112398e-09,9.029558e-10,2.507565e-13,1.830685e-11,3.218366e-01,9.320308e-10,6.203406e-10,3.729492e-13,7.048737e-08,5.641213e-01,1.616828e-13,1.396502e-09,7.979031e-08,6.576722e-01,1.646683e-13,1.361307e-09,7.077940e-08,5.151416e-01,1.976002e-13,1.280188e-09,5.066843e-04,-1.531052e-03,-2.678740e-03,2.263465e-15,1.177633e+02,1.625683e+09,1.143436e+02,1.666848e+09,1.294945e+02,1.512690e+09
228,monte carlo,1.850506e-11,3.156231e-01,7.933174e-10,4.240814e-10,4.376142e-13,3.363295e-11,3.365889e-01,7.608169e-10,5.432908e-10,4.039202e-13,3.175187e-11,1.750405e-01,1.193939e-09,4.019927e-10,5.064448e-13,1.776970e-11,3.645304e-01,8.948717e-10,5.586062e-10,4.986007e-13,6.586669e-08,5.073369e-01,1.790113e-13,1.200856e-09,8.351324e-08,7.751242e-01,1.541609e-13,1.447754e-09,7.080048e-08,5.423948e-01,1.748973e-13,7.868831e-10,-9.993601e-03,-4.447028e-03,-1.287595e-03,2.685033e-15,1.223603e+02,1.869663e+09,1.015442e+02,1.638060e+09,1.230245e+02,1.834853e+09
229,monte carlo,1.710710e-11,2.315778e-01,1.001866e-09,3.343723e-10,4.872697e-13,3.170640e-11,1.232491e-01,8.535942e-10,8.984463e-10,1.965640e-13,3.327095e-11,1.027185e-01,1.038291e-09,3.100095e-10,2.640808e-13,1.801074e-11,1.007358e-01,1.085133e-09,9.582478e-10,4.571691e-13,7.042213e-08,5.105696e-01,1.857310e-13,1.032538e-09,8.547717e-08,7.319086e-01,1.474918e-13,5.250080e-10,6.788977e-08,5.536919e-01,1.863215e-13,1.777463e-09,7.489534e-03,-3.306380e-03,-7.320724e-04,2.059480e-15,1.299946e+02,1.726627e+09,1.100688e+02,1.548604e+09,1.155599e+02,1.672564e+09
230,monte carlo,1.784982e-11,2.099743e-01,6.405201e-10,1.192340e-09,4.574539e-13,3.258478e-11,1.332137e-01,1.018764e-09,3.148335e-10,4.612568e-13,3.159626e-11,2.855103e-01,1.048734e-09,9.202979e-10,2.440214e-13,1.733867e-11,3.585738e-01,1.028648e-09,7.463218e-10,2.263266e-13,6.649760e-08,5.285109e-01,1.715506e-13,1.821536e-09,8.542531e-08,8.022813e-01,1.860525e-13,1.054220e-09,6.623588e-08,5.024402e-01,1.949904e-13,6.308372e-10,6.505231e-03,2.288515e-03,2.531560e-03,4.957637e-15,1.185832e+02,1.879141e+09,1.003532e+02,1.561302e+09,1.242453e+02,1.732151e+09
231,monte carlo,1.808214e-11,2.053975e-01,8.203457e-10,5.330313e-10,4.477728e-13,3.340709e-11,1.691932e-01,8.922321e-10,4.553774e-10,2.560516e-13,3.299080e-11,2.580542e-01,1.121738e-09,8.865679e-10,4.947169e-13,1.873848e-11,2.870125e-01,8.976382e-10,1.289521e-09,3.681789e-13,7.080028e-08,5.408219e-01,1.860911e-13,7.220352e-10,8.072035e-08,6.429730e-01,1.859747e-13,1.781865e-09,7.025695e-08,6.033400e-01,1.845149e-13,1.876609e-09,-7.517714e-03,-2.937846e-03,1.908331e-04,2.568525e-15,1.233820e+02,1.696818e+09,1.183209e+02,1.449835e+09,1.097484e+02,1.709015e+09
232,monte carlo,1.825190e-11,3.443867e-01,1.176490e-09,1.245775e-09,4.261179e-13,3.364440e-11,2.046331e-01,7.894420e-10,9.887807e-10,4.529535e-13,3.401668e-11,2.832657e-01,1.118298e-09,7.147323e-10,4.043162e-13,1.833901e-11,3.353218e-01,9.033908e-10,1.264357e-09,5.292045e-13,7.104680e-08,5.942423e-01,1.563659e-13,1.343565e-09,8.498445e-08,7.974646e-01,2.161332e-13,1.537547e-09,6.567703e-08,4.972968e-01,2.032447e-13,1.045097e-09,-5.629737e-03,-2.906869e-03,-2.457928e-03,1.012311e-15,1.126814e+02,1.677887e+09,1.004383e+02,1.455434e+09,1.244712e+02,1.719329e+09
233,monte carlo,1.855007e-11,1.729484e-01,1.160022e-09,5.261489e-10,4.785497e-13,3.406204e-11,2.374181e-01,8.328226e-10,4.048472e-10,3.325025e-13,3.389343e-11,2.986277e-01,1.135304e-09,1.268047e-09,1.874592e-13,1.816004e-11,3.194821e-01,9.092724e-10,2.817295e-10,4.226563e-13,6.531181e-08,5.890671e-01,1.580484e-13,6.039920e-10,7.804111e-08,7.078627e-01,2.083645e-13,1.211805e-09,7.137183e-08,6.205155e-01,2.106789e-13,1.531945e-09,-9.131559e-03,7.862616e-03,1.384935e-03,1.319996e-15,1.044956e+02,1.746945e+09,1.039072e+02,1.315771e+09,1.084040e+02,1.506903e+09
234,monte carlo,1.832080e-11,3.225673e-01,7.875516e-10,9.603088e-10,3.890791e-13,3.311946e-11,2.528664e-01,8.090009e-10,7.083029e-10,4.803355e-13,3.196812e-11,1.542425e-01,9.251119e-10,6.641138e-10,4.216630e-13,1.829875e-11,3.713481e-01,9.027667e-10,8.831175e-10,5.169391e-13,6.684158e-08,5.416542e-01,1.933846e-13,1.175524e-09,8.472256e-08,7.142661e-01,2.213389e-13,1.268593e-09,6.804339e-08,5.774735e-01,1.413800e-13,1.215626e-09,-5.545528e-03,-2.502479e-03,-2.896871e-03,3.944241e-15,1.163043e+02,1.755492e+09,1.117919e+02,1.342019e+09,1.110516e+02,1.820092e+09
235,monte carlo,1.884733e-11,3.479516e-01,6.858240e-10,1.120569e-09,2.951214e-13,3.186009e-11,2.317861e-01,6.663311e-10,1.021380e-09,3.631469e-13,3.196096e-11,2.423421e-01,1.153184e-09,2.918374e-10,2.890341e-13,1.835849e-11,3.152620e-01,8.405413e-10,6.124220e-10,3.386951e-13,6.698205e-08,5.279895e-01,1.590902e-13,1.484763e-09,8.547316e-08,7.181016e-01,1.969808e-13,1.364129e-09,7.058686e-08,5.739405e-01,1.637735e-13,9.717962e-10,-1.859711e-03,9.133239e-03,1.663616e-04,8.124482e-16,1.195651e+02,1.768029e+09,1.121799e+02,1.544631e+09,1.159119e+02,1.877162e+09
236,monte carlo,1.766720e-11,1.401882e-01,8.431666e-10,1.024993e-09,3.893659e-13,3.301261e-11,1.470790e-01,8.536736e-10,7.284328e-10,3.281492e-13,3.155780e-11,2.879285e-01,1.096242e-09,1.283040e-09,2.123384e-13,1.727765e-11,1.676073e-01,6.633811e-10,2.835254e-10,2.237002e-13,6.804742e-08,6.006166e-01,1.985638e-13,1.608943e-09,8.190403e-08,7.486650e-01,1.930842e-13,1.805740e-09,6.604568e-08,5.656216e-01,1.268279e-13,6.069941e-10,3.799713e-03,1.435620e-03,1.034417e-03,1.817749e-15,1.067789e+02,1.553579e+09,1.031072e+02,1.533938e+09,1.100499e+02,1.941734e+09
237,monte carlo,1.889866e-11,1.710174e-01,8.305830e-10,7.957462e-10,3.296817e-13,3.431865e-11,2.056492e-01,1.009952e-09,6.476598e-10,5.070568e-13,3.454846e-11,3.843508e-01,7.211790e-10,4.509321e-10,1.854012e-13,1.880607e-11,2.138768e-01,7.972924e-10,3.875450e-10,4.765451e-13,6.982903e-08,5.394362e-01,1.795146e-13,1.493295e-09,8.293941e-08,6.148602e-01,2.042774e-13,5.664092e-10,7.095160e-08,5.750867e-01,2.035091e-13,1.507595e-09,5.375794e-03,-1.391540e-03,-5.933077e-04,2.885027e-15,1.220020e+02,1.631827e+09,1.271322e+02,1.432993e+09,1.162786e+02,1.504133e+09
238,monte carlo,1.726440e-11,2.105048e-01,9.425123e-10,7.831771e-10,4.479491e-13,3.356402e-11,2.304362e-01,7.035778e-10,7.731828e-10,3.613763e-13,3.372621e-11,1.064073e-01,1.011491e-09,4.353179e-10,3.897626e-13,1.781504e-11,1.270862e-01,1.040876e-09,1.133964e-09,3.740826e-13,6.510755e-08,5.212297e-01,1.708516e-13,1.244771e-09,8.412250e-08,7.636079e-01,1.899085e-13,9.840864e-10,6.884256e-08,6.044916e-01,1.681925e-13,1.685852e-09,-2.062599e-03,-6.197050e-03,-1.356085e-03,1.173896e-15,1.177263e+02,1.619325e+09,1.038276e+02,1.559728e+09,1.073341e+02,1.803437e+09
239,monte carlo,1.751836e-11,2.376573e-01,9.434512e-10,1.193296e-09,3.896229e-13,3.410730e-11,1.065295e-01,6.550379e-10,7.325491e-10,3.749977e-13,3.414026e-11,3.143081e-01,9.683966e-10,4.677331e-10,2.593628e-13,1.786349e-11,3.748635e-01,1.193564e-09,1.047723e-09,2.753506e-13,6.485419e-08,4.723445e-01,1.868258e-13,9.768986e-10,8.392237e-08,6.551347e-01,1.972339e-13,5.402817e-10,6.611827e-08,5.325837e-01,2.304980e-13,1.743843e-09,-3.490800e-03,5.053160e-04,-1.271919e-03,1.846672e-15,1.294048e+02,1.816597e+09,1.207309e+02,1.345812e+09,1.170051e+02,1.579625e+09
240,monte carlo,1.758627e-11,2.958690e-01,6.452889e-10,3.090204e-10,3.679546e-13,3.291963e-11,2.595585e-01,1.174104e-09,1.223571e-09,4.571754e-13,3.247241e-11,3.780107e-01,9.356877e-10,1.244353e-09,4.018803e-13,1.830748e-11,3.101583e-01,1.159728e-09,7.958750e-10,4.728832e-13,6.624871e-08,5.829616e-01,1.361094e-13,1.512514e-09,7.954746e-08,5.816425e-01,2.193785e-13,1.577387e-09,7.031600e-08,5.099361e-01,1.376864e-13,1.268500e-09,7.949643e-03,-6.192647e-03,1.101696e-03,1.022840e-15,1.071047e+02,1.880724e+09,1.288965e+02,1.386307e+09,1.299600e+02,1.749579e+09
241,monte carlo,1.856921e-11,3.656347e-01,8.892421e-10,4.290086e-10,4.395816e-13,3.251692e-11,2.316807e-01,1.034949e-09,4.346066e-10,4.215820e-13,3.293574e-11,2.898253e-01,6.097574e-10,7.659891e-10,5.005482e-13,1.750653e-11,3.052023e-01,9.552937e-10,6.872825e-10,4.884154e-13,6.487228e-08,4.952598e-01,2.071127e-13,1.914261e-09,8.468918e-08,7.869671e-01,1.623553e-13,5.830954e-10,7.118673e-08,5.775390e-01,1.697664e-13,1.933019e-09,1.441871e-06,-8.566704e-03,3.909327e-04,2.110928e-15,1.234517e+02,1.737181e+09,1.014244e+02,1.604391e+09,1.161686e+02,1.704130e+09
242,monte carlo,1.801495e-11,2.172665e-01,6.348380e-10,1.136363e-09,4.288999e-13,3.190000e-11,3.115424e-01,1.022885e-09,9.490922e-10,3.913008e-13,3.188688e-11,3.833596e-01,1.182328e-09,8.234630e-10,2.547895e-13,1.769811e-11,1.893123e-01,7.124784e-10,6.628503e-10,4.258794e-13,6.780296e-08,5.924962e-01,1.540710e-13,1.165949e-09,8.417531e-08,6.145830e-01,1.960380e-13,1.947184e-09,6.844541e-08,5.278579e-01,1.685132e-13,5.120323e-10,7.169271e-04,-3.865256e-03,-2.353574e-03,2.727230e-15,1.078535e+02,1.929177e+09,1.290849e+02,1.386317e+09,1.222076e+02,1.699825e+09
243,monte carlo,1.819110e-11,2.592134e-01,1.078839e-09,6.050869e-10,4.979311e-13,3.135015e-11,1.056890e-01,7.384981e-10,1.136709e-09,2.768467e-13,3.210478e-11,1.570174e-01,1.008670e-09,1.030562e-09,2.404783e-13,1.735708e-11,3.797377e-01,6.076476e-10,4.449403e-10,3.148322e-13,6.599826e-08,4.800922e-01,1.922501e-13,1.617664e-09,8.059306e-08,6.099609e-01,1.870047e-13,1.491500e-09,6.686698e-08,6.292989e-01,1.881115e-13,9.997722e-10,-9.376632e-05,-8.578879e-03,2.650976e-03,2.696642e-15,1.295624e+02,1.586700e+09,1.245279e+02,1.538029e+09,1.001442e+02,1.777452e+09
244,monte carlo,1.813416e-11,1.125812e-01,8.594903e-10,1.175823e-09,2.601827e-13,3.265680e-11,3.907930e-01,1.183495e-09,5.960790e-10,1.760826e-13,3.297964e-11,2.014328e-01,1.140748e-09,1.205568e-09,1.817803e-13,1.833374e-11,1.307873e-01,8.561702e-10,1.029237e-09,2.864734e-13,6.543537e-08,5.695078e-01,2.064373e-13,1.520075e-09,8.562370e-08,7.991659e-01,1.521050e-13,1.133921e-09,6.658947e-08,5.267778e-01,1.785369e-13,1.443549e-09,8.305486e-03,-6.739364e-03,3.810397e-05,2.552668e-15,1.082889e+02,1.593922e+09,1.009783e+02,1.578868e+09,1.191377e+02,1.590061e+09
245,monte carlo,1.769560e-11,3.234145e-01,6.835119e-10,5.672207e-10,1.874462e-13,3.224124e-11,3.177453e-01,8.876900e-10,7.357733e-10,2.430199e-13,3.212183e-11,3.322895e-01,9.308114e-10,4.864172e-10,2.564395e-13,1.841437e-11,1.425103e-01,1.177061e-09,1.075457e-09,4.618233e-13,6.985881e-08,5.653141e-01,1.719375e-13,7.767791e-10,8.450829e-08,6.220455e-01,1.861476e-13,8.958277e-10,6.800578e-08,5.115299e-01,2.150727e-13,1.937250e-09,-7.214234e-03,-6.761229e-03,1.569109e-03,2.256209e-15,1.164669e+02,1.745843e+09,1.280408e+02,1.488372e+09,1.252985e+02,1.547207e+09
246,monte carlo,1.798163e-11,3.496894e-01,9.474608e-10,4.998941e-10,2.011965e-13,3.352829e-11,2.325292e-01,6.496278e-10,5.774734e-10,3.101352e-13,3.450263e-11,2.906942e-01,1.195066e-09,4.686028e-10,4.358024e-13,1.861162e-11,2.994389e-01,9.372851e-10,4.588129e-10,3.163687e-13,6.492679e-08,5.057485e-01,2.062023e-13,1.804054e-09,8.088291e-08,6.793720e-01,2.182010e-13,8.005097e-10,6.626880e-08,5.096917e-01,1.495852e-13,1.105393e-09,6.140609e-04,6.611841e-03,-1.910220e-03,1.724112e-15,1.209931e+02,1.676501e+09,1.122071e+02,1.376284e+09,1.225385e+02,1.722277e+09
247,monte carlo,1.816179e-11,1.404547e-01,7.226185e-10,4.472318e-10,5.257699e-13,3.143692e-11,1.126869e-01,1.095710e-09,7.856358e-10,3.070164e-13,3.222233e-11,1.627594e-01,1.009180e-09,6.036560e-10,1.744235e-13,1.852213e-11,3.587629e-01,8.394197e-10,5.487345e-10,1.915231e-13,6.480736e-08,5.963278e-01,1.354364e-13,1.882091e-09,8.577591e-08,6.835714e-01,1.957814e-13,1.181872e-09,6.593345e-08,5.768812e-01,2.142168e-13,1.789179e-09,4.401007e-03,-6.461746e-04,1.771814e-03,4.379239e-15,1.024261e+02,1.882504e+09,1.182640e+02,1.423887e+09,1.077186e+02,1.575219e+09
248,monte carlo,1.883891e-11,1.930684e-01,7.432021e-10,1.089487e-09,2.967731e-13,3.392468e-11,3.176010e-01,1.178093e-09,1.011277e-09,3.564602e-13,3.336755e-11,3.954035e-01,8.062889e-10,1.064302e-09,4.050058e-13,1.776141e-11,3.689568e-01,6.773973e-10,8.310845e-10,3.644802e-13,6.864909e-08,5.079213e-01,1.925381e-13,5.294857e-10,8.609201e-08,6.373267e-01,1.599032e-13,1.035745e-09,6.830161e-08,6.250266e-01,1.658034e-13,1.292461e-09,3.597442e-03,6.630431e-03,8.273819e-04,4.971449e-15,1.273824e+02,1.604142e+09,1.273127e+02,1.494141e+09,1.029920e+02,1.601424e+09
249,monte carlo,1.858906e-11,2.159006e-01,1.003062e-09,1.290747e-09,3.337770e-13,3.145157e-11,3.727187e-01,6.075043e-10,1.235316e-09,3.857046e-13,3.442292e-11,3.500299e-01,1.028184e-09,5.138344e-10,2.965602e-13,1.731264e-11,2.685359e-01,9.738338e-10,8.405727e-10,2.379190e-13,6.884596e-08,5.036462e-01,1.671927e-13,9.718608e-10,8.306142e-08,7.454538e-01,2.326910e-13,1.753799e-09,6.708147e-08,5.214646e-01,1.439800e-13,1.914594e-09,-4.592894e-03,2.278817e-03,-1.755701e-03,1.323662e-15,1.288321e+02,1.726452e+09,1.050146e+02,1.401400e+09,1.212408e+02,1.891268e+09
250,monte carlo,1.872296e-11,3.835125e-01,6.636814e-10,1.084412e-09,2.075972e-13,3.274435e-11,2.423392e-01,8.853464e-10,1.227732e-09,3.985966e-13,3.162037e-11,3.107165e-01,9.470248e-10,7.855209e-10,4.650765e-13,1.870571e-11,3.665338e-01,7.678373e-10,1.114519e-09,4.554422e-13,6.798949e-08,4.987978e-01,2.342705e-13,1.714742e-09,8.294951e-08,7.253329e-01,1.838104e-13,8.331970e-10,6.526347e-08,5.205089e-01,2.382629e-13,1.137139e-09,-8.408271e-03,4.595005e-03,2.930689e-03,4.404187e-15,1.284661e+02,1.550758e+09,1.077823e+02,1.533510e+09,1.181716e+02,1.559196e+09
251,monte carlo,1.886572e-11,1.276717e-01,8.502211e-10,5.373271e-10,5.227700e-13,3.146134e-11,2.071352e-01,1.142034e-09,3.344997e-10,2.265156e-13,3.249051e-11,2.925617e-01,6.245554e-10,1.195865e-09,2.873082e-13,1.862784e-11,1.407350e-01,1.030057e-09,7.403857e-10,2.977588e-13,6.712949e-08,5.269117e-01,1.843153e-13,1.545714e-09,8.344507e-08,6.277559e-01,1.621463e-13,1.938426e-09,6.803805e-08,5.931029e-01,1.795211e-13,1.947811e-09,-1.094835e-03,8.306291e-03,1.743817e-03,8.151839e-16,1.200734e+02,1.584125e+09,1.252798e+02,1.624225e+09,1.081167e+02,1.822946e+09
252,monte carlo,1.779813e-11,2.940426e-01,1.076638e-09,1.262542e-09,3.920292e-13,3.195904e-11,2.297565e-01,1.042233e-09,4.623824e-10,4.068263e-13,3.375738e-11,1.728135e-01,6.802290e-10,5.843280e-10,3.484070e-13,1.760299e-11,2.847261e-01,1.016541e-09,1.168927e-09,4.438489e-13,6.817618e-08,5.490902e-01,2.070688e-13,6.809623e-10,8.412118e-08,6.830601e-01,1.932247e-13,1.085187e-09,6.726011e-08,5.581111e-01,1.912718e-13,7.158711e-10,-9.540855e-03,-4.114729e-03,-2.723417e-03,3.778641e-15,1.170200e+02,1.580949e+09,1.160694e+02,1.480268e+09,1.135816e+02,1.836336e+09
253,worst case il,1.890000e-11,4.000000e-01,1.200000e-09,1.299287e-09,5.296728e-13,3.135000e-11,4.000000e-01,6.000000e-10,2.693699e-10,1.682769e-13,3.465000e-11,4.000000e-01,1.200000e-09,1.299287e-09,5.296728e-13,1.710000e-11,4.000000e-01,6.000000e-10,2.693699e-10,1.682769e-13,6.460000e-08,6.088407e-01,1.231190e-13,5.000000e-10,8.610000e-08,8.114734e-01,2.540806e-13,2.000000e-09,7.140000e-08,6.729291e-01,2.376738e-13,2.000000e-09,1.000000e-02,-1.000000e-02,3.000000e-03,5.000000e-16,1.000000e+02,1.950000e+09,1.000000e+02,1.300000e+09,1.000000e+02,1.500000e+09
254,worst case att2,1.710000e-11,1.000000e-01,6.000000e-10,2.693699e-10,1.682769e-13,3.135000e-11,1.000000e-01,6.000000e-10,2.693699e-10,1.682769e-13,3.135000e-11,1.000000e-01,6.000000e-10,2.693699e-10,1.682769e-13,1.710000e-11,1.000000e-01,6.000000e-10,2.693699e-10,1.682769e-13,6.460000e-08,4.683390e-01,1.231190e-13,5.000000e-10,7.790000e-08,5.647617e-01,1.338490e-13,5.000000e-10,6.460000e-08,4.683390e-01,1.231190e-13,5.000000e-10,1.000000e-02,1.000000e-02,-3.000000e-03,5.000000e-16,1.300000e+02,1.950000e+09,1.300000e+02,1.690000e+09,1.300000e+02,1.950000e+09
255,worst case att3,1.710000e-11,1.000000e-01,6.000000e-10,2.693699e-10,1.682769e-13,3.135000e-11,1.000000e-01,6.000000e-10,2.693699e-10,1.682769e-13,3.135000e-11,1.000000e-01,6.000000e-10,2.693699e-10,1.682769e-13,1.710000e-11,1.000000e-01,6.000000e-10,2.693699e-10,1.682769e-13,6.460000e-08,4.683390e-01,1.231190e-13,5.000000e-10,7.790000e-08,5.647617e-01,1.338490e-13,5.000000e-10,6.460000e-08,4.683390e-01,1.231190e-13,5.000000e-10,1.000000e-02,1.000000e-02,-3.000000e-03,5.000000e-16,1.300000e+02,1.950000e+09,1.300000e+02,1.690000e+09,1.300000e+02,1.950000e+09
256,worst case atthi,1.890000e-11,1.000000e-01,1.200000e-09,1.299287e-09,5.296728e-13,3.465000e-11,1.000000e-01,1.200000e-09,1.299287e-09,5.296728e-13,3.465000e-11,1.000000e-01,1.200000e-09,1.299287e-09,5.296728e-13,1.890000e-11,1.000000e-01,1.200000e-09,1.299287e-09,5.296728e-13,6.460000e-08,4.683390e-01,2.542710e-13,2.000000e-09,7.790000e-08,5.647617e-01,2.724049e-13,2.000000e-09,6.460000e-08,4.683390e-01,2.542710e-13,2.000000e-09,-1.000000e-02,-1.000000e-02,3.000000e-03,5.000000e-15,1.300000e+02,1.500000e+09,1.300000e+02,1.300000e+09,1.300000e+02,1.500000e+09
257,worst case eff2,1.710000e-11,1.000000e-01,6.000000e-10,2.693699e-10,1.682769e-13,3.135000e-11,4.000000e-01,6.000000e-10,2.693699e-10,1.682769e-13,3.135000e-11,4.000000e-01,6.000000e-10,2.693699e-10,1.682769e-13,1.710000e-11,1.000000e-01,6.000000e-10,2.693699e-10,1.682769e-13,6.460000e-08,6.088407e-01,1.231190e-13,5.000000e-10,7.790000e-08,7.341902e-01,1.338490e-13,5.000000e-10,6.460000e-08,6.088407e-01,1.231190e-13,5.000000e-10,1.000000e-02,1.000000e-02,-3.000000e-03,5.000000e-16,1.000000e+02,1.950000e+09,1.000000e+02,1.690000e+09,1.000000e+02,1.950000e+09
258,worst case eff3,1.710000e-11,1.000000e-01,6.000000e-10,2.693699e-10,1.682769e-13,3.135000e-11,4.000000e-01,6.000000e-10,2.693699e-10,1.682769e-13,3.135000e-11,4.000000e-01,6.000000e-10,2.693699e-10,1.682769e-13,1.710000e-11,1.000000e-01,6.000000e-10,2.693699e-10,1.682769e-13,6.460000e-08,6.088407e-01,1.231190e-13,5.000000e-10,7.790000e-08,7.341902e-01,1.338490e-13,5.000000e-10,6.460000e-08,6.088407e-01,1.231190e-13,5.000000e-10,1.000000e-02,1.000000e-02,-3.000000e-03,5.000000e-16,1.000000e+02,1.950000e+09,1.000000e+02,1.690000e+09,1.000000e+02,1.950000e+09
259,worst case effhi,1.890000e-11,1.000000e-01,1.200000e-09,1.299287e-09,5.296728e-13,3.135000e-11,4.000000e-01,6.000000e-10,2.693699e-10,1.682769e-13,3.465000e-11,4.000000e-01,1.200000e-09,1.299287e-09,5.296728e-13,1.890000e-11,1.000000e-01,1.200000e-09,1.299287e-09,5.296728e-13,7.140000e-08,6.729291e-01,2.376738e-13,2.000000e-09,7.790000e-08,7.341902e-01,1.338490e-13,5.000000e-10,7.140000e-08,6.729291e-01,2.376738e-13,2.000000e-09,1.000000e-02,-1.000000e-02,3.000000e-03,5.000000e-15,1.000000e+02,1.500000e+09,1.000000e+02,1.690000e+09,1.000000e+02,1.500000e+09
