LTspice 26.0.2 for MacOS
Circuit: /private/var/folders/7r/frnl9vtn153bhbn6cgk07_2m0000gn/T/cwht-lts.sUIpCd/keying_a4_sens.cir
Start Time: Mon Sep 28 21:12:18 2026
Options:reltol=1e-4

.step run=1
solver = Normal
Maximum thread count: 14
tnom = 27
temp = 27
method = trap
reltol = 0.0001
Direct Newton iteration succeeded in finding operating point.

.step run=2
Direct Newton iteration succeeded in finding operating point.

.step run=3
Direct Newton iteration succeeded in finding operating point.

.step run=4
Direct Newton iteration succeeded in finding operating point.

.step run=5
Direct Newton iteration succeeded in finding operating point.

.step run=6
Direct Newton iteration succeeded in finding operating point.

.step run=7
Direct Newton iteration succeeded in finding operating point.

.step run=8
Direct Newton iteration succeeded in finding operating point.

.step run=9
Direct Newton iteration succeeded in finding operating point.

.step run=10
Direct Newton iteration succeeded in finding operating point.

.step run=11
Direct Newton iteration succeeded in finding operating point.

.step run=12
Direct Newton iteration succeeded in finding operating point.

.step run=13
Direct Newton iteration succeeded in finding operating point.

.step run=14
Direct Newton iteration succeeded in finding operating point.

.step run=15
Direct Newton iteration succeeded in finding operating point.

.step run=16
Direct Newton iteration succeeded in finding operating point.

.step run=17
Direct Newton iteration succeeded in finding operating point.

.step run=18
Direct Newton iteration succeeded in finding operating point.

.step run=19
Direct Newton iteration succeeded in finding operating point.

.step run=20
Direct Newton iteration succeeded in finding operating point.

.step run=21
Direct Newton iteration succeeded in finding operating point.

.step run=22
Direct Newton iteration succeeded in finding operating point.

.step run=23
Direct Newton iteration succeeded in finding operating point.

.step run=24
Direct Newton iteration succeeded in finding operating point.

.step run=25
Direct Newton iteration succeeded in finding operating point.

.step run=26
Direct Newton iteration succeeded in finding operating point.

.step run=27
Direct Newton iteration succeeded in finding operating point.

.step run=28
Direct Newton iteration succeeded in finding operating point.

.step run=29
Direct Newton iteration succeeded in finding operating point.

.step run=30
Direct Newton iteration succeeded in finding operating point.

.step run=31
Direct Newton iteration succeeded in finding operating point.

.step run=32
Direct Newton iteration succeeded in finding operating point.

.step run=33
Direct Newton iteration succeeded in finding operating point.

.step run=34
Direct Newton iteration succeeded in finding operating point.

.step run=35
Direct Newton iteration succeeded in finding operating point.

.step run=36
Direct Newton iteration succeeded in finding operating point.

.step run=37
Direct Newton iteration succeeded in finding operating point.

.step run=38
Direct Newton iteration succeeded in finding operating point.

.step run=39
Direct Newton iteration succeeded in finding operating point.

.step run=40
Direct Newton iteration succeeded in finding operating point.

.step run=41
Direct Newton iteration succeeded in finding operating point.

.step run=42
Direct Newton iteration succeeded in finding operating point.

.step run=43
Direct Newton iteration succeeded in finding operating point.

.step run=44
Direct Newton iteration succeeded in finding operating point.

.step run=45
Direct Newton iteration succeeded in finding operating point.

.step run=46
Direct Newton iteration succeeded in finding operating point.

.step run=47
Direct Newton iteration succeeded in finding operating point.

.step run=48
Direct Newton iteration succeeded in finding operating point.

.step run=49
Direct Newton iteration succeeded in finding operating point.

.step run=50
Direct Newton iteration succeeded in finding operating point.

.step run=51
Direct Newton iteration succeeded in finding operating point.

.step run=52
Direct Newton iteration succeeded in finding operating point.

.step run=53
Direct Newton iteration succeeded in finding operating point.

.step run=54
Direct Newton iteration succeeded in finding operating point.

.step run=55
Direct Newton iteration succeeded in finding operating point.

.step run=56
Direct Newton iteration succeeded in finding operating point.

.step run=57
Direct Newton iteration succeeded in finding operating point.

.step run=58
Direct Newton iteration succeeded in finding operating point.

.step run=59
Direct Newton iteration succeeded in finding operating point.

.step run=60
Direct Newton iteration succeeded in finding operating point.

.step run=61
Direct Newton iteration succeeded in finding operating point.

.step run=62
Direct Newton iteration succeeded in finding operating point.

.step run=63
Direct Newton iteration succeeded in finding operating point.

.step run=64
Direct Newton iteration succeeded in finding operating point.

.step run=65
Direct Newton iteration succeeded in finding operating point.

.step run=66
Direct Newton iteration succeeded in finding operating point.

.step run=67
Direct Newton iteration succeeded in finding operating point.

.step run=68
Direct Newton iteration succeeded in finding operating point.

.step run=69
Direct Newton iteration succeeded in finding operating point.

.step run=70
Direct Newton iteration succeeded in finding operating point.

.step run=71
Direct Newton iteration succeeded in finding operating point.

.step run=72
Direct Newton iteration succeeded in finding operating point.

.step run=73
Direct Newton iteration succeeded in finding operating point.

.step run=74
Direct Newton iteration succeeded in finding operating point.

.step run=75
Direct Newton iteration succeeded in finding operating point.

.step run=76
Direct Newton iteration succeeded in finding operating point.

.step run=77
Direct Newton iteration succeeded in finding operating point.

.step run=78
Direct Newton iteration succeeded in finding operating point.

.step run=79
Direct Newton iteration succeeded in finding operating point.

.step run=80
Direct Newton iteration succeeded in finding operating point.

.step run=81
Direct Newton iteration succeeded in finding operating point.

.step run=82
Direct Newton iteration succeeded in finding operating point.

.step run=83
Direct Newton iteration succeeded in finding operating point.

.step run=84
Direct Newton iteration succeeded in finding operating point.

.step run=85
Direct Newton iteration succeeded in finding operating point.

.step run=86
Direct Newton iteration succeeded in finding operating point.

.step run=87
Direct Newton iteration succeeded in finding operating point.

.step run=88
Direct Newton iteration succeeded in finding operating point.

.step run=89
Direct Newton iteration succeeded in finding operating point.

.step run=90
Direct Newton iteration succeeded in finding operating point.

.step run=91
Direct Newton iteration succeeded in finding operating point.

.step run=92
Direct Newton iteration succeeded in finding operating point.

.step run=93
Direct Newton iteration succeeded in finding operating point.

.step run=94
Direct Newton iteration succeeded in finding operating point.

.step run=95
Direct Newton iteration succeeded in finding operating point.

.step run=96
Direct Newton iteration succeeded in finding operating point.

.step run=97
Direct Newton iteration succeeded in finding operating point.

.step run=98
Direct Newton iteration succeeded in finding operating point.

.step run=99
Direct Newton iteration succeeded in finding operating point.

.step run=100
Direct Newton iteration succeeded in finding operating point.

.step run=101
Direct Newton iteration succeeded in finding operating point.

.step run=102
Direct Newton iteration succeeded in finding operating point.

.step run=103
Direct Newton iteration succeeded in finding operating point.

.step run=104
Direct Newton iteration succeeded in finding operating point.

.step run=105
Direct Newton iteration succeeded in finding operating point.

.step run=106
Direct Newton iteration succeeded in finding operating point.

.step run=107
Direct Newton iteration succeeded in finding operating point.

.step run=108
Direct Newton iteration succeeded in finding operating point.

.step run=109
Direct Newton iteration succeeded in finding operating point.

.step run=110
Direct Newton iteration succeeded in finding operating point.

.step run=111
Direct Newton iteration succeeded in finding operating point.

.step run=112
Direct Newton iteration succeeded in finding operating point.

.step run=113
Direct Newton iteration succeeded in finding operating point.

.step run=114
Direct Newton iteration succeeded in finding operating point.

.step run=115
Direct Newton iteration succeeded in finding operating point.

.step run=116
Direct Newton iteration succeeded in finding operating point.

.step run=117
Direct Newton iteration succeeded in finding operating point.

.step run=118
Direct Newton iteration succeeded in finding operating point.

.step run=119
Direct Newton iteration succeeded in finding operating point.

.step run=120
Direct Newton iteration succeeded in finding operating point.

.step run=121
Direct Newton iteration succeeded in finding operating point.

.step run=122
Direct Newton iteration succeeded in finding operating point.

.step run=123
Direct Newton iteration succeeded in finding operating point.

.step run=124
Direct Newton iteration succeeded in finding operating point.

.step run=125
Direct Newton iteration succeeded in finding operating point.

.step run=126
Direct Newton iteration succeeded in finding operating point.

.step run=127
Direct Newton iteration succeeded in finding operating point.

.step run=128
Direct Newton iteration succeeded in finding operating point.

.step run=129
Direct Newton iteration succeeded in finding operating point.

.step run=130
Direct Newton iteration succeeded in finding operating point.

.step run=131
Direct Newton iteration succeeded in finding operating point.

.step run=132
Direct Newton iteration succeeded in finding operating point.

.step run=133
Direct Newton iteration succeeded in finding operating point.

.step run=134
Direct Newton iteration succeeded in finding operating point.

.step run=135
Direct Newton iteration succeeded in finding operating point.

.step run=136
Direct Newton iteration succeeded in finding operating point.

.step run=137
Direct Newton iteration succeeded in finding operating point.

.step run=138
Direct Newton iteration succeeded in finding operating point.

.step run=139
Direct Newton iteration succeeded in finding operating point.

.step run=140
Direct Newton iteration succeeded in finding operating point.

.step run=141
Direct Newton iteration succeeded in finding operating point.

.step run=142
Direct Newton iteration succeeded in finding operating point.

.step run=143
Direct Newton iteration succeeded in finding operating point.

.step run=144
Direct Newton iteration succeeded in finding operating point.

.step run=145
Direct Newton iteration succeeded in finding operating point.

.step run=146
Direct Newton iteration succeeded in finding operating point.

.step run=147
Direct Newton iteration succeeded in finding operating point.

.step run=148
Direct Newton iteration succeeded in finding operating point.

.step run=149
Direct Newton iteration succeeded in finding operating point.

.step run=150
Direct Newton iteration succeeded in finding operating point.

.step run=151
Direct Newton iteration succeeded in finding operating point.

.step run=152
Direct Newton iteration succeeded in finding operating point.

.step run=153
Direct Newton iteration succeeded in finding operating point.

.step run=154
Direct Newton iteration succeeded in finding operating point.

.step run=155
Direct Newton iteration succeeded in finding operating point.

.step run=156
Direct Newton iteration succeeded in finding operating point.

.step run=157
Direct Newton iteration succeeded in finding operating point.

.step run=158
Direct Newton iteration succeeded in finding operating point.

.step run=159
Direct Newton iteration succeeded in finding operating point.

.step run=160
Direct Newton iteration succeeded in finding operating point.

.step run=161
Direct Newton iteration succeeded in finding operating point.

.step run=162
Direct Newton iteration succeeded in finding operating point.

.step run=163
Direct Newton iteration succeeded in finding operating point.

.step run=164
Direct Newton iteration succeeded in finding operating point.

.step run=165
Direct Newton iteration succeeded in finding operating point.

.step run=166
Direct Newton iteration succeeded in finding operating point.

.step run=167
Direct Newton iteration succeeded in finding operating point.

.step run=168
Direct Newton iteration succeeded in finding operating point.

.step run=169
Direct Newton iteration succeeded in finding operating point.

.step run=170
Direct Newton iteration succeeded in finding operating point.

.step run=171
Direct Newton iteration succeeded in finding operating point.

.step run=172
Direct Newton iteration succeeded in finding operating point.

.step run=173
Direct Newton iteration succeeded in finding operating point.

.step run=174
Direct Newton iteration succeeded in finding operating point.

.step run=175
Direct Newton iteration succeeded in finding operating point.

.step run=176
Direct Newton iteration succeeded in finding operating point.

.step run=177
Direct Newton iteration succeeded in finding operating point.

.step run=178
Direct Newton iteration succeeded in finding operating point.

.step run=179
Direct Newton iteration succeeded in finding operating point.

.step run=180
Direct Newton iteration succeeded in finding operating point.

.step run=181
Direct Newton iteration succeeded in finding operating point.

.step run=182
Direct Newton iteration succeeded in finding operating point.

.step run=183
Direct Newton iteration succeeded in finding operating point.

.step run=184
Direct Newton iteration succeeded in finding operating point.

.step run=185
Direct Newton iteration succeeded in finding operating point.

.step run=186
Direct Newton iteration succeeded in finding operating point.

.step run=187
Direct Newton iteration succeeded in finding operating point.

.step run=188
Direct Newton iteration succeeded in finding operating point.

.step run=189
Direct Newton iteration succeeded in finding operating point.

.step run=190
Direct Newton iteration succeeded in finding operating point.

.step run=191
Direct Newton iteration succeeded in finding operating point.

.step run=192
Direct Newton iteration succeeded in finding operating point.

.step run=193
Direct Newton iteration succeeded in finding operating point.

.step run=194
Direct Newton iteration succeeded in finding operating point.

.step run=195
Direct Newton iteration succeeded in finding operating point.

.step run=196
Direct Newton iteration succeeded in finding operating point.

.step run=197
Direct Newton iteration succeeded in finding operating point.

.step run=198
Direct Newton iteration succeeded in finding operating point.

.step run=199
Direct Newton iteration succeeded in finding operating point.

.step run=200
Direct Newton iteration succeeded in finding operating point.

.step run=201
Direct Newton iteration succeeded in finding operating point.

.step run=202
Direct Newton iteration succeeded in finding operating point.

.step run=203
Direct Newton iteration succeeded in finding operating point.

.step run=204
Direct Newton iteration succeeded in finding operating point.

.step run=205
Direct Newton iteration succeeded in finding operating point.

.step run=206
Direct Newton iteration succeeded in finding operating point.

.step run=207
Direct Newton iteration succeeded in finding operating point.

.step run=208
Direct Newton iteration succeeded in finding operating point.

.step run=209
Direct Newton iteration succeeded in finding operating point.

.step run=210
Direct Newton iteration succeeded in finding operating point.

.step run=211
Direct Newton iteration succeeded in finding operating point.

.step run=212
Direct Newton iteration succeeded in finding operating point.

.step run=213
Direct Newton iteration succeeded in finding operating point.

.step run=214
Direct Newton iteration succeeded in finding operating point.

.step run=215
Direct Newton iteration succeeded in finding operating point.

.step run=216
Direct Newton iteration succeeded in finding operating point.

.step run=217
Direct Newton iteration succeeded in finding operating point.

.step run=218
Direct Newton iteration succeeded in finding operating point.

.step run=219
Direct Newton iteration succeeded in finding operating point.

.step run=220
Direct Newton iteration succeeded in finding operating point.

.step run=221
Direct Newton iteration succeeded in finding operating point.

.step run=222
Direct Newton iteration succeeded in finding operating point.

.step run=223
Direct Newton iteration succeeded in finding operating point.

.step run=224
Direct Newton iteration succeeded in finding operating point.

.step run=225
Direct Newton iteration succeeded in finding operating point.

.step run=226
Direct Newton iteration succeeded in finding operating point.

.step run=227
Direct Newton iteration succeeded in finding operating point.

.step run=228
Direct Newton iteration succeeded in finding operating point.

.step run=229
Direct Newton iteration succeeded in finding operating point.

.step run=230
Direct Newton iteration succeeded in finding operating point.

.step run=231
Direct Newton iteration succeeded in finding operating point.

.step run=232
Direct Newton iteration succeeded in finding operating point.

.step run=233
Direct Newton iteration succeeded in finding operating point.

.step run=234
Direct Newton iteration succeeded in finding operating point.

.step run=235
Direct Newton iteration succeeded in finding operating point.

.step run=236
Direct Newton iteration succeeded in finding operating point.

.step run=237
Direct Newton iteration succeeded in finding operating point.

.step run=238
Direct Newton iteration succeeded in finding operating point.

.step run=239
Direct Newton iteration succeeded in finding operating point.

.step run=240
Direct Newton iteration succeeded in finding operating point.

.step run=241
Direct Newton iteration succeeded in finding operating point.

.step run=242
Direct Newton iteration succeeded in finding operating point.

.step run=243
Direct Newton iteration succeeded in finding operating point.

.step run=244
Direct Newton iteration succeeded in finding operating point.

.step run=245
Direct Newton iteration succeeded in finding operating point.

.step run=246
Direct Newton iteration succeeded in finding operating point.

.step run=247
Direct Newton iteration succeeded in finding operating point.

.step run=248
Direct Newton iteration succeeded in finding operating point.

.step run=249
Direct Newton iteration succeeded in finding operating point.

.step run=250
Direct Newton iteration succeeded in finding operating point.

.step run=251
Direct Newton iteration succeeded in finding operating point.

.step run=252
Direct Newton iteration succeeded in finding operating point.

.step run=253
Direct Newton iteration succeeded in finding operating point.

.step run=254
Direct Newton iteration succeeded in finding operating point.

.step run=255
Direct Newton iteration succeeded in finding operating point.

.step run=256
Direct Newton iteration succeeded in finding operating point.

.step run=257
Direct Newton iteration succeeded in finding operating point.

.step run=258
Direct Newton iteration succeeded in finding operating point.

.step run=259
Direct Newton iteration succeeded in finding operating point.

.step run=260
Direct Newton iteration succeeded in finding operating point.

.step run=261
Direct Newton iteration succeeded in finding operating point.

.step run=262
Direct Newton iteration succeeded in finding operating point.

.step run=263
Direct Newton iteration succeeded in finding operating point.

.step run=264
Direct Newton iteration succeeded in finding operating point.

.step run=265
Direct Newton iteration succeeded in finding operating point.

.step run=266
Direct Newton iteration succeeded in finding operating point.

.step run=267
Direct Newton iteration succeeded in finding operating point.

.step run=268
Direct Newton iteration succeeded in finding operating point.

.step run=269
Direct Newton iteration succeeded in finding operating point.

.step run=270
Direct Newton iteration succeeded in finding operating point.

.step run=271
Direct Newton iteration succeeded in finding operating point.

.step run=272
Direct Newton iteration succeeded in finding operating point.

.step run=273
Direct Newton iteration succeeded in finding operating point.

.step run=274
Direct Newton iteration succeeded in finding operating point.

.step run=275
Direct Newton iteration succeeded in finding operating point.

.step run=276
Direct Newton iteration succeeded in finding operating point.

.step run=277
Direct Newton iteration succeeded in finding operating point.

.step run=278
Direct Newton iteration succeeded in finding operating point.

.step run=279
Direct Newton iteration succeeded in finding operating point.

.step run=280
Direct Newton iteration succeeded in finding operating point.

.step run=281
Direct Newton iteration succeeded in finding operating point.

.step run=282
Direct Newton iteration succeeded in finding operating point.

.step run=283
Direct Newton iteration succeeded in finding operating point.

.step run=284
Direct Newton iteration succeeded in finding operating point.

.step run=285
Direct Newton iteration succeeded in finding operating point.

.step run=286
Direct Newton iteration succeeded in finding operating point.

.step run=287
Direct Newton iteration succeeded in finding operating point.

.step run=288
Direct Newton iteration succeeded in finding operating point.

.step run=289
Direct Newton iteration succeeded in finding operating point.

.step run=290
Direct Newton iteration succeeded in finding operating point.

.step run=291
Direct Newton iteration succeeded in finding operating point.

.step run=292
Direct Newton iteration succeeded in finding operating point.

.step run=293
Direct Newton iteration succeeded in finding operating point.

.step run=294
Direct Newton iteration succeeded in finding operating point.

.step run=295
Direct Newton iteration succeeded in finding operating point.

.step run=296
Direct Newton iteration succeeded in finding operating point.

.step run=297
Direct Newton iteration succeeded in finding operating point.

.step run=298
Direct Newton iteration succeeded in finding operating point.

.step run=299
Direct Newton iteration succeeded in finding operating point.

.step run=300
Direct Newton iteration succeeded in finding operating point.

.step run=301
Direct Newton iteration succeeded in finding operating point.

.step run=302
Direct Newton iteration succeeded in finding operating point.

.step run=303
Direct Newton iteration succeeded in finding operating point.

.step run=304
Direct Newton iteration succeeded in finding operating point.

.step run=305
Direct Newton iteration succeeded in finding operating point.

.step run=306
Direct Newton iteration succeeded in finding operating point.

.step run=307
Direct Newton iteration succeeded in finding operating point.

.step run=308
Direct Newton iteration succeeded in finding operating point.

.step run=309
Direct Newton iteration succeeded in finding operating point.

.step run=310
Direct Newton iteration succeeded in finding operating point.

.step run=311
Direct Newton iteration succeeded in finding operating point.

.step run=312
Direct Newton iteration succeeded in finding operating point.

.step run=313
Direct Newton iteration succeeded in finding operating point.

.step run=314
Direct Newton iteration succeeded in finding operating point.

.step run=315
Direct Newton iteration succeeded in finding operating point.

.step run=316
Direct Newton iteration succeeded in finding operating point.

.step run=317
Direct Newton iteration succeeded in finding operating point.

.step run=318
Direct Newton iteration succeeded in finding operating point.

.step run=319
Direct Newton iteration succeeded in finding operating point.

.step run=320
Direct Newton iteration succeeded in finding operating point.

.step run=321
Direct Newton iteration succeeded in finding operating point.

.step run=322
Direct Newton iteration succeeded in finding operating point.

.step run=323
Direct Newton iteration succeeded in finding operating point.

.step run=324
Direct Newton iteration succeeded in finding operating point.

.step run=325
Direct Newton iteration succeeded in finding operating point.

.step run=326
Direct Newton iteration succeeded in finding operating point.

.step run=327
Direct Newton iteration succeeded in finding operating point.

.step run=328
Direct Newton iteration succeeded in finding operating point.

.step run=329
Direct Newton iteration succeeded in finding operating point.

.step run=330
Direct Newton iteration succeeded in finding operating point.

.step run=331
Direct Newton iteration succeeded in finding operating point.

.step run=332
Direct Newton iteration succeeded in finding operating point.

.step run=333
Direct Newton iteration succeeded in finding operating point.

.step run=334
Direct Newton iteration succeeded in finding operating point.

.step run=335
Direct Newton iteration succeeded in finding operating point.

.step run=336
Direct Newton iteration succeeded in finding operating point.

.step run=337
Direct Newton iteration succeeded in finding operating point.

.step run=338
Direct Newton iteration succeeded in finding operating point.

.step run=339
Direct Newton iteration succeeded in finding operating point.

.step run=340
Direct Newton iteration succeeded in finding operating point.

.step run=341
Direct Newton iteration succeeded in finding operating point.

.step run=342
Direct Newton iteration succeeded in finding operating point.

.step run=343
Direct Newton iteration succeeded in finding operating point.

.step run=344
Direct Newton iteration succeeded in finding operating point.

.step run=345
Direct Newton iteration succeeded in finding operating point.

.step run=346
Direct Newton iteration succeeded in finding operating point.

.step run=347
Direct Newton iteration succeeded in finding operating point.

.step run=348
Direct Newton iteration succeeded in finding operating point.

.step run=349
Direct Newton iteration succeeded in finding operating point.

.step run=350
Direct Newton iteration succeeded in finding operating point.

.step run=351
Direct Newton iteration succeeded in finding operating point.

.step run=352
Direct Newton iteration succeeded in finding operating point.

.step run=353
Direct Newton iteration succeeded in finding operating point.

.step run=354
Direct Newton iteration succeeded in finding operating point.

.step run=355
Direct Newton iteration succeeded in finding operating point.

.step run=356
Direct Newton iteration succeeded in finding operating point.

.step run=357
Direct Newton iteration succeeded in finding operating point.

.step run=358
Direct Newton iteration succeeded in finding operating point.

.step run=359
Direct Newton iteration succeeded in finding operating point.

.step run=360
Direct Newton iteration succeeded in finding operating point.

.step run=361
Direct Newton iteration succeeded in finding operating point.

.step run=362
Direct Newton iteration succeeded in finding operating point.

.step run=363
Direct Newton iteration succeeded in finding operating point.

.step run=364
Direct Newton iteration succeeded in finding operating point.

.step run=365
Direct Newton iteration succeeded in finding operating point.

.step run=366
Direct Newton iteration succeeded in finding operating point.

.step run=367
Direct Newton iteration succeeded in finding operating point.

.step run=368
Direct Newton iteration succeeded in finding operating point.

.step run=369
Direct Newton iteration succeeded in finding operating point.

.step run=370
Direct Newton iteration succeeded in finding operating point.

.step run=371
Direct Newton iteration succeeded in finding operating point.

.step run=372
Direct Newton iteration succeeded in finding operating point.

.step run=373
Direct Newton iteration succeeded in finding operating point.

.step run=374
Direct Newton iteration succeeded in finding operating point.

.step run=375
Direct Newton iteration succeeded in finding operating point.

.step run=376
Direct Newton iteration succeeded in finding operating point.

.step run=377
Direct Newton iteration succeeded in finding operating point.

.step run=378
Direct Newton iteration succeeded in finding operating point.

.step run=379
Direct Newton iteration succeeded in finding operating point.

.step run=380
Direct Newton iteration succeeded in finding operating point.

.step run=381
Direct Newton iteration succeeded in finding operating point.

.step run=382
Direct Newton iteration succeeded in finding operating point.

.step run=383
Direct Newton iteration succeeded in finding operating point.

.step run=384
Direct Newton iteration succeeded in finding operating point.

.step run=385
Direct Newton iteration succeeded in finding operating point.

.step run=386
Direct Newton iteration succeeded in finding operating point.

.step run=387
Direct Newton iteration succeeded in finding operating point.

.step run=388
Direct Newton iteration succeeded in finding operating point.

.step run=389
Direct Newton iteration succeeded in finding operating point.

.step run=390
Direct Newton iteration succeeded in finding operating point.

.step run=391
Direct Newton iteration succeeded in finding operating point.

.step run=392
Direct Newton iteration succeeded in finding operating point.

.step run=393
Direct Newton iteration succeeded in finding operating point.

.step run=394
Direct Newton iteration succeeded in finding operating point.

.step run=395
Direct Newton iteration succeeded in finding operating point.

.step run=396
Direct Newton iteration succeeded in finding operating point.

.step run=397
Direct Newton iteration succeeded in finding operating point.

.step run=398
Direct Newton iteration succeeded in finding operating point.

.step run=399
Direct Newton iteration succeeded in finding operating point.

.step run=400
Direct Newton iteration succeeded in finding operating point.

.step run=401
Direct Newton iteration succeeded in finding operating point.

.step run=402
Direct Newton iteration succeeded in finding operating point.

.step run=403
Direct Newton iteration succeeded in finding operating point.

.step run=404
Direct Newton iteration succeeded in finding operating point.

.step run=405
Direct Newton iteration succeeded in finding operating point.

.step run=406
Direct Newton iteration succeeded in finding operating point.

.step run=407
Direct Newton iteration succeeded in finding operating point.

.step run=408
Direct Newton iteration succeeded in finding operating point.

.step run=409
Direct Newton iteration succeeded in finding operating point.

.step run=410
Direct Newton iteration succeeded in finding operating point.

.step run=411
Direct Newton iteration succeeded in finding operating point.

.step run=412
Direct Newton iteration succeeded in finding operating point.

.step run=413
Direct Newton iteration succeeded in finding operating point.

.step run=414
Direct Newton iteration succeeded in finding operating point.

.step run=415
Direct Newton iteration succeeded in finding operating point.

.step run=416
Direct Newton iteration succeeded in finding operating point.

.step run=417
Direct Newton iteration succeeded in finding operating point.

.step run=418
Direct Newton iteration succeeded in finding operating point.

.step run=419
Direct Newton iteration succeeded in finding operating point.

.step run=420
Direct Newton iteration succeeded in finding operating point.

.step run=421
Direct Newton iteration succeeded in finding operating point.

.step run=422
Direct Newton iteration succeeded in finding operating point.

.step run=423
Direct Newton iteration succeeded in finding operating point.

.step run=424
Direct Newton iteration succeeded in finding operating point.

.step run=425
Direct Newton iteration succeeded in finding operating point.

.step run=426
Direct Newton iteration succeeded in finding operating point.

.step run=427
Direct Newton iteration succeeded in finding operating point.

.step run=428
Direct Newton iteration succeeded in finding operating point.

.step run=429
Direct Newton iteration succeeded in finding operating point.

.step run=430
Direct Newton iteration succeeded in finding operating point.

.step run=431
Direct Newton iteration succeeded in finding operating point.

.step run=432
Direct Newton iteration succeeded in finding operating point.

.step run=433
Direct Newton iteration succeeded in finding operating point.

.step run=434
Direct Newton iteration succeeded in finding operating point.

.step run=435
Direct Newton iteration succeeded in finding operating point.

.step run=436
Direct Newton iteration succeeded in finding operating point.

.step run=437
Direct Newton iteration succeeded in finding operating point.

.step run=438
Direct Newton iteration succeeded in finding operating point.

.step run=439
Direct Newton iteration succeeded in finding operating point.

.step run=440
Direct Newton iteration succeeded in finding operating point.

.step run=441
Direct Newton iteration succeeded in finding operating point.

.step run=442
Direct Newton iteration succeeded in finding operating point.

.step run=443
Direct Newton iteration succeeded in finding operating point.

.step run=444
Direct Newton iteration succeeded in finding operating point.

.step run=445
Direct Newton iteration succeeded in finding operating point.

.step run=446
Direct Newton iteration succeeded in finding operating point.

.step run=447
Direct Newton iteration succeeded in finding operating point.

.step run=448
Direct Newton iteration succeeded in finding operating point.

.step run=449
Direct Newton iteration succeeded in finding operating point.

.step run=450
Direct Newton iteration succeeded in finding operating point.

.step run=451
Direct Newton iteration succeeded in finding operating point.

.step run=452
Direct Newton iteration succeeded in finding operating point.

.step run=453
Direct Newton iteration succeeded in finding operating point.

.step run=454
Direct Newton iteration succeeded in finding operating point.

.step run=455
Direct Newton iteration succeeded in finding operating point.

.step run=456
Direct Newton iteration succeeded in finding operating point.

.step run=457
Direct Newton iteration succeeded in finding operating point.

.step run=458
Direct Newton iteration succeeded in finding operating point.

.step run=459
Direct Newton iteration succeeded in finding operating point.

.step run=460
Direct Newton iteration succeeded in finding operating point.

.step run=461
Direct Newton iteration succeeded in finding operating point.

.step run=462
Direct Newton iteration succeeded in finding operating point.

.step run=463
Direct Newton iteration succeeded in finding operating point.

.step run=464
Direct Newton iteration succeeded in finding operating point.

.step run=465
Direct Newton iteration succeeded in finding operating point.

.step run=466
Direct Newton iteration succeeded in finding operating point.

.step run=467
Direct Newton iteration succeeded in finding operating point.

.step run=468
Direct Newton iteration succeeded in finding operating point.

.step run=469
Direct Newton iteration succeeded in finding operating point.

.step run=470
Direct Newton iteration succeeded in finding operating point.

.step run=471
Direct Newton iteration succeeded in finding operating point.

.step run=472
Direct Newton iteration succeeded in finding operating point.

.step run=473
Direct Newton iteration succeeded in finding operating point.

.step run=474
Direct Newton iteration succeeded in finding operating point.

.step run=475
Direct Newton iteration succeeded in finding operating point.

.step run=476
Direct Newton iteration succeeded in finding operating point.

.step run=477
Direct Newton iteration succeeded in finding operating point.

.step run=478
Direct Newton iteration succeeded in finding operating point.

.step run=479
Direct Newton iteration succeeded in finding operating point.

.step run=480
Direct Newton iteration succeeded in finding operating point.

.step run=481
Direct Newton iteration succeeded in finding operating point.

.step run=482
Direct Newton iteration succeeded in finding operating point.

.step run=483
Direct Newton iteration succeeded in finding operating point.

.step run=484
Direct Newton iteration succeeded in finding operating point.

.step run=485
Direct Newton iteration succeeded in finding operating point.

.step run=486
Direct Newton iteration succeeded in finding operating point.

.step run=487
Direct Newton iteration succeeded in finding operating point.

.step run=488
Direct Newton iteration succeeded in finding operating point.

.step run=489
Direct Newton iteration succeeded in finding operating point.

.step run=490
Direct Newton iteration succeeded in finding operating point.

.step run=491
Direct Newton iteration succeeded in finding operating point.

.step run=492
Direct Newton iteration succeeded in finding operating point.

.step run=493
Direct Newton iteration succeeded in finding operating point.

.step run=494
Direct Newton iteration succeeded in finding operating point.

.step run=495
Direct Newton iteration succeeded in finding operating point.

.step run=496
Direct Newton iteration succeeded in finding operating point.

.step run=497
Direct Newton iteration succeeded in finding operating point.

.step run=498
Direct Newton iteration succeeded in finding operating point.

.step run=499
Direct Newton iteration succeeded in finding operating point.

.step run=500
Direct Newton iteration succeeded in finding operating point.

.step run=501
Direct Newton iteration succeeded in finding operating point.

.step run=502
Direct Newton iteration succeeded in finding operating point.

.step run=503
Direct Newton iteration succeeded in finding operating point.

.step run=504
Direct Newton iteration succeeded in finding operating point.

.step run=505
Direct Newton iteration succeeded in finding operating point.

.step run=506
Direct Newton iteration succeeded in finding operating point.

.step run=507
Direct Newton iteration succeeded in finding operating point.

.step run=508
Direct Newton iteration succeeded in finding operating point.

.step run=509
Direct Newton iteration succeeded in finding operating point.

.step run=510
Direct Newton iteration succeeded in finding operating point.

.step run=511
Direct Newton iteration succeeded in finding operating point.

.step run=512
Direct Newton iteration succeeded in finding operating point.

.step run=513
Direct Newton iteration succeeded in finding operating point.

.step run=514
Direct Newton iteration succeeded in finding operating point.

.step run=515
Direct Newton iteration succeeded in finding operating point.

.step run=516
Direct Newton iteration succeeded in finding operating point.

.step run=517
Direct Newton iteration succeeded in finding operating point.

.step run=518
Direct Newton iteration succeeded in finding operating point.

.step run=519
Direct Newton iteration succeeded in finding operating point.

.step run=520
Direct Newton iteration succeeded in finding operating point.

.step run=521
Direct Newton iteration succeeded in finding operating point.

.step run=522
Direct Newton iteration succeeded in finding operating point.

.step run=523
Direct Newton iteration succeeded in finding operating point.

.step run=524
Direct Newton iteration succeeded in finding operating point.

.step run=525
Direct Newton iteration succeeded in finding operating point.

.step run=526
Direct Newton iteration succeeded in finding operating point.

.step run=527
Direct Newton iteration succeeded in finding operating point.

.step run=528
Direct Newton iteration succeeded in finding operating point.

.step run=529
Direct Newton iteration succeeded in finding operating point.

.step run=530
Direct Newton iteration succeeded in finding operating point.

.step run=531
Direct Newton iteration succeeded in finding operating point.

.step run=532
Direct Newton iteration succeeded in finding operating point.

.step run=533
Direct Newton iteration succeeded in finding operating point.

.step run=534
Direct Newton iteration succeeded in finding operating point.

.step run=535
Direct Newton iteration succeeded in finding operating point.

.step run=536
Direct Newton iteration succeeded in finding operating point.

.step run=537
Direct Newton iteration succeeded in finding operating point.

.step run=538
Direct Newton iteration succeeded in finding operating point.

.step run=539
Direct Newton iteration succeeded in finding operating point.

.step run=540
Direct Newton iteration succeeded in finding operating point.

.step run=541
Direct Newton iteration succeeded in finding operating point.

.step run=542
Direct Newton iteration succeeded in finding operating point.

.step run=543
Direct Newton iteration succeeded in finding operating point.

.step run=544
Direct Newton iteration succeeded in finding operating point.

.step run=545
Direct Newton iteration succeeded in finding operating point.

.step run=546
Direct Newton iteration succeeded in finding operating point.

.step run=547
Direct Newton iteration succeeded in finding operating point.

.step run=548
Direct Newton iteration succeeded in finding operating point.

.step run=549
Direct Newton iteration succeeded in finding operating point.

.step run=550
Direct Newton iteration succeeded in finding operating point.

.step run=551
Direct Newton iteration succeeded in finding operating point.

.step run=552
Direct Newton iteration succeeded in finding operating point.

.step run=553
Direct Newton iteration succeeded in finding operating point.

.step run=554
Direct Newton iteration succeeded in finding operating point.

.step run=555
Direct Newton iteration succeeded in finding operating point.

.step run=556
Direct Newton iteration succeeded in finding operating point.

.step run=557
Direct Newton iteration succeeded in finding operating point.

.step run=558
Direct Newton iteration succeeded in finding operating point.

.step run=559
Direct Newton iteration succeeded in finding operating point.

.step run=560
Direct Newton iteration succeeded in finding operating point.

.step run=561
Direct Newton iteration succeeded in finding operating point.

.step run=562
Direct Newton iteration succeeded in finding operating point.

.step run=563
Direct Newton iteration succeeded in finding operating point.

.step run=564
Direct Newton iteration succeeded in finding operating point.

.step run=565
Direct Newton iteration succeeded in finding operating point.

.step run=566
Direct Newton iteration succeeded in finding operating point.

.step run=567
Direct Newton iteration succeeded in finding operating point.

.step run=568
Direct Newton iteration succeeded in finding operating point.

.step run=569
Direct Newton iteration succeeded in finding operating point.

.step run=570
Direct Newton iteration succeeded in finding operating point.

.step run=571
Direct Newton iteration succeeded in finding operating point.

.step run=572
Direct Newton iteration succeeded in finding operating point.

.step run=573
Direct Newton iteration succeeded in finding operating point.

.step run=574
Direct Newton iteration succeeded in finding operating point.

.step run=575
Direct Newton iteration succeeded in finding operating point.

.step run=576
Direct Newton iteration succeeded in finding operating point.

.step run=577
Direct Newton iteration succeeded in finding operating point.

.step run=578
Direct Newton iteration succeeded in finding operating point.

.step run=579
Direct Newton iteration succeeded in finding operating point.

.step run=580
Direct Newton iteration succeeded in finding operating point.

.step run=581
Direct Newton iteration succeeded in finding operating point.

.step run=582
Direct Newton iteration succeeded in finding operating point.

.step run=583
Direct Newton iteration succeeded in finding operating point.

.step run=584
Direct Newton iteration succeeded in finding operating point.

.step run=585
Direct Newton iteration succeeded in finding operating point.

.step run=586
Direct Newton iteration succeeded in finding operating point.

.step run=587
Direct Newton iteration succeeded in finding operating point.

.step run=588
Direct Newton iteration succeeded in finding operating point.

.step run=589
Direct Newton iteration succeeded in finding operating point.

.step run=590
Direct Newton iteration succeeded in finding operating point.

.step run=591
Direct Newton iteration succeeded in finding operating point.

.step run=592
Direct Newton iteration succeeded in finding operating point.

.step run=593
Direct Newton iteration succeeded in finding operating point.

.step run=594
Direct Newton iteration succeeded in finding operating point.

.step run=595
Direct Newton iteration succeeded in finding operating point.

.step run=596
Direct Newton iteration succeeded in finding operating point.

.step run=597
Direct Newton iteration succeeded in finding operating point.

.step run=598
Direct Newton iteration succeeded in finding operating point.

.step run=599
Direct Newton iteration succeeded in finding operating point.

.step run=600
Direct Newton iteration succeeded in finding operating point.

.step run=601
Direct Newton iteration succeeded in finding operating point.

.step run=602
Direct Newton iteration succeeded in finding operating point.

.step run=603
Direct Newton iteration succeeded in finding operating point.

.step run=604
Direct Newton iteration succeeded in finding operating point.

.step run=605
Direct Newton iteration succeeded in finding operating point.

.step run=606
Direct Newton iteration succeeded in finding operating point.

.step run=607
Direct Newton iteration succeeded in finding operating point.

.step run=608
Direct Newton iteration succeeded in finding operating point.

.step run=609
Direct Newton iteration succeeded in finding operating point.

.step run=610
Direct Newton iteration succeeded in finding operating point.

.step run=611
Direct Newton iteration succeeded in finding operating point.

.step run=612
Direct Newton iteration succeeded in finding operating point.

.step run=613
Direct Newton iteration succeeded in finding operating point.

.step run=614
Direct Newton iteration succeeded in finding operating point.

.step run=615
Direct Newton iteration succeeded in finding operating point.

.step run=616
Direct Newton iteration succeeded in finding operating point.

.step run=617
Direct Newton iteration succeeded in finding operating point.

.step run=618
Direct Newton iteration succeeded in finding operating point.

.step run=619
Direct Newton iteration succeeded in finding operating point.

.step run=620
Direct Newton iteration succeeded in finding operating point.

.step run=621
Direct Newton iteration succeeded in finding operating point.

.step run=622
Direct Newton iteration succeeded in finding operating point.

.step run=623
Direct Newton iteration succeeded in finding operating point.

.step run=624
Direct Newton iteration succeeded in finding operating point.

.step run=625
Direct Newton iteration succeeded in finding operating point.

.step run=626
Direct Newton iteration succeeded in finding operating point.

.step run=627
Direct Newton iteration succeeded in finding operating point.

.step run=628
Direct Newton iteration succeeded in finding operating point.

.step run=629
Direct Newton iteration succeeded in finding operating point.

.step run=630
Direct Newton iteration succeeded in finding operating point.

.step run=631
Direct Newton iteration succeeded in finding operating point.

.step run=632
Direct Newton iteration succeeded in finding operating point.

.step run=633
Direct Newton iteration succeeded in finding operating point.

.step run=634
Direct Newton iteration succeeded in finding operating point.

.step run=635
Direct Newton iteration succeeded in finding operating point.

.step run=636
Direct Newton iteration succeeded in finding operating point.

.step run=637
Direct Newton iteration succeeded in finding operating point.

.step run=638
Direct Newton iteration succeeded in finding operating point.

.step run=639
Direct Newton iteration succeeded in finding operating point.

.step run=640
Direct Newton iteration succeeded in finding operating point.

.step run=641
Direct Newton iteration succeeded in finding operating point.

.step run=642
Direct Newton iteration succeeded in finding operating point.

.step run=643
Direct Newton iteration succeeded in finding operating point.

.step run=644
Direct Newton iteration succeeded in finding operating point.

.step run=645
Direct Newton iteration succeeded in finding operating point.

.step run=646
Direct Newton iteration succeeded in finding operating point.

.step run=647
Direct Newton iteration succeeded in finding operating point.

.step run=648
Direct Newton iteration succeeded in finding operating point.

.step run=649
Direct Newton iteration succeeded in finding operating point.

.step run=650
Direct Newton iteration succeeded in finding operating point.

.step run=651
Direct Newton iteration succeeded in finding operating point.

.step run=652
Direct Newton iteration succeeded in finding operating point.

.step run=653
Direct Newton iteration succeeded in finding operating point.

.step run=654
Direct Newton iteration succeeded in finding operating point.

.step run=655
Direct Newton iteration succeeded in finding operating point.

.step run=656
Direct Newton iteration succeeded in finding operating point.

.step run=657
Direct Newton iteration succeeded in finding operating point.

.step run=658
Direct Newton iteration succeeded in finding operating point.

.step run=659
Direct Newton iteration succeeded in finding operating point.

.step run=660
Direct Newton iteration succeeded in finding operating point.

.step run=661
Direct Newton iteration succeeded in finding operating point.

.step run=662
Direct Newton iteration succeeded in finding operating point.

.step run=663
Direct Newton iteration succeeded in finding operating point.

.step run=664
Direct Newton iteration succeeded in finding operating point.

.step run=665
Direct Newton iteration succeeded in finding operating point.

.step run=666
Direct Newton iteration succeeded in finding operating point.

.step run=667
Direct Newton iteration succeeded in finding operating point.

.step run=668
Direct Newton iteration succeeded in finding operating point.

.step run=669
Direct Newton iteration succeeded in finding operating point.

.step run=670
Direct Newton iteration succeeded in finding operating point.

.step run=671
Direct Newton iteration succeeded in finding operating point.

.step run=672
Direct Newton iteration succeeded in finding operating point.

.step run=673
Direct Newton iteration succeeded in finding operating point.

.step run=674
Direct Newton iteration succeeded in finding operating point.

.step run=675
Direct Newton iteration succeeded in finding operating point.

.step run=676
Direct Newton iteration succeeded in finding operating point.

.step run=677
Direct Newton iteration succeeded in finding operating point.

.step run=678
Direct Newton iteration succeeded in finding operating point.

.step run=679
Direct Newton iteration succeeded in finding operating point.

.step run=680
Direct Newton iteration succeeded in finding operating point.

.step run=681
Direct Newton iteration succeeded in finding operating point.

.step run=682
Direct Newton iteration succeeded in finding operating point.

.step run=683
Direct Newton iteration succeeded in finding operating point.

.step run=684
Direct Newton iteration succeeded in finding operating point.

.step run=685
Direct Newton iteration succeeded in finding operating point.

.step run=686
Direct Newton iteration succeeded in finding operating point.

.step run=687
Direct Newton iteration succeeded in finding operating point.

.step run=688
Direct Newton iteration succeeded in finding operating point.

.step run=689
Direct Newton iteration succeeded in finding operating point.

.step run=690
Direct Newton iteration succeeded in finding operating point.

.step run=691
Direct Newton iteration succeeded in finding operating point.

.step run=692
Direct Newton iteration succeeded in finding operating point.

.step run=693
Direct Newton iteration succeeded in finding operating point.

.step run=694
Direct Newton iteration succeeded in finding operating point.

.step run=695
Direct Newton iteration succeeded in finding operating point.

.step run=696
Direct Newton iteration succeeded in finding operating point.

.step run=697
Direct Newton iteration succeeded in finding operating point.

.step run=698
Direct Newton iteration succeeded in finding operating point.

.step run=699
Direct Newton iteration succeeded in finding operating point.

.step run=700
Direct Newton iteration succeeded in finding operating point.

.step run=701
Direct Newton iteration succeeded in finding operating point.

.step run=702
Direct Newton iteration succeeded in finding operating point.

.step run=703
Direct Newton iteration succeeded in finding operating point.

.step run=704
Direct Newton iteration succeeded in finding operating point.

.step run=705
Direct Newton iteration succeeded in finding operating point.

.step run=706
Direct Newton iteration succeeded in finding operating point.

.step run=707
Direct Newton iteration succeeded in finding operating point.

.step run=708
Direct Newton iteration succeeded in finding operating point.

.step run=709
Direct Newton iteration succeeded in finding operating point.

.step run=710
Direct Newton iteration succeeded in finding operating point.

.step run=711
Direct Newton iteration succeeded in finding operating point.

.step run=712
Direct Newton iteration succeeded in finding operating point.

.step run=713
Direct Newton iteration succeeded in finding operating point.

.step run=714
Direct Newton iteration succeeded in finding operating point.

.step run=715
Direct Newton iteration succeeded in finding operating point.

.step run=716
Direct Newton iteration succeeded in finding operating point.

.step run=717
Direct Newton iteration succeeded in finding operating point.

.step run=718
Direct Newton iteration succeeded in finding operating point.

.step run=719
Direct Newton iteration succeeded in finding operating point.

.step run=720
Direct Newton iteration succeeded in finding operating point.

.step run=721
Direct Newton iteration succeeded in finding operating point.

.step run=722
Direct Newton iteration succeeded in finding operating point.

.step run=723
Direct Newton iteration succeeded in finding operating point.

.step run=724
Direct Newton iteration succeeded in finding operating point.

.step run=725
Direct Newton iteration succeeded in finding operating point.

.step run=726
Direct Newton iteration succeeded in finding operating point.

.step run=727
Direct Newton iteration succeeded in finding operating point.

.step run=728
Direct Newton iteration succeeded in finding operating point.

.step run=729
Direct Newton iteration succeeded in finding operating point.

.step run=730
Direct Newton iteration succeeded in finding operating point.

.step run=731
Direct Newton iteration succeeded in finding operating point.

.step run=732
Direct Newton iteration succeeded in finding operating point.

.step run=733
Direct Newton iteration succeeded in finding operating point.

.step run=734
Direct Newton iteration succeeded in finding operating point.

.step run=735
Direct Newton iteration succeeded in finding operating point.

.step run=736
Direct Newton iteration succeeded in finding operating point.

.step run=737
Direct Newton iteration succeeded in finding operating point.

.step run=738
Direct Newton iteration succeeded in finding operating point.

.step run=739
Direct Newton iteration succeeded in finding operating point.

.step run=740
Direct Newton iteration succeeded in finding operating point.

.step run=741
Direct Newton iteration succeeded in finding operating point.

.step run=742
Direct Newton iteration succeeded in finding operating point.

.step run=743
Direct Newton iteration succeeded in finding operating point.

.step run=744
Direct Newton iteration succeeded in finding operating point.

.step run=745
Direct Newton iteration succeeded in finding operating point.

.step run=746
Direct Newton iteration succeeded in finding operating point.

.step run=747
Direct Newton iteration succeeded in finding operating point.

.step run=748
Direct Newton iteration succeeded in finding operating point.

.step run=749
Direct Newton iteration succeeded in finding operating point.

.step run=750
Direct Newton iteration succeeded in finding operating point.

.step run=751
Direct Newton iteration succeeded in finding operating point.

.step run=752
Direct Newton iteration succeeded in finding operating point.

.step run=753
Direct Newton iteration succeeded in finding operating point.

.step run=754
Direct Newton iteration succeeded in finding operating point.

.step run=755
Direct Newton iteration succeeded in finding operating point.

.step run=756
Direct Newton iteration succeeded in finding operating point.

.step run=757
Direct Newton iteration succeeded in finding operating point.

.step run=758
Direct Newton iteration succeeded in finding operating point.

.step run=759
Direct Newton iteration succeeded in finding operating point.

.step run=760
Direct Newton iteration succeeded in finding operating point.

.step run=761
Direct Newton iteration succeeded in finding operating point.

.step run=762
Direct Newton iteration succeeded in finding operating point.

.step run=763
Direct Newton iteration succeeded in finding operating point.

.step run=764
Direct Newton iteration succeeded in finding operating point.

.step run=765
Direct Newton iteration succeeded in finding operating point.

.step run=766
Direct Newton iteration succeeded in finding operating point.

.step run=767
Direct Newton iteration succeeded in finding operating point.

.step run=768
Direct Newton iteration succeeded in finding operating point.

.step run=769
Direct Newton iteration succeeded in finding operating point.

.step run=770
Direct Newton iteration succeeded in finding operating point.

.step run=771
Direct Newton iteration succeeded in finding operating point.

.step run=772
Direct Newton iteration succeeded in finding operating point.

.step run=773
Direct Newton iteration succeeded in finding operating point.

.step run=774
Direct Newton iteration succeeded in finding operating point.

.step run=775
Direct Newton iteration succeeded in finding operating point.

.step run=776
Direct Newton iteration succeeded in finding operating point.

.step run=777
Direct Newton iteration succeeded in finding operating point.

.step run=778
Direct Newton iteration succeeded in finding operating point.

.step run=779
Direct Newton iteration succeeded in finding operating point.

.step run=780
Direct Newton iteration succeeded in finding operating point.

.step run=781
Direct Newton iteration succeeded in finding operating point.

.step run=782
Direct Newton iteration succeeded in finding operating point.

.step run=783
Direct Newton iteration succeeded in finding operating point.

.step run=784
Direct Newton iteration succeeded in finding operating point.

.step run=785
Direct Newton iteration succeeded in finding operating point.

.step run=786
Direct Newton iteration succeeded in finding operating point.

.step run=787
Direct Newton iteration succeeded in finding operating point.

.step run=788
Direct Newton iteration succeeded in finding operating point.

.step run=789
Direct Newton iteration succeeded in finding operating point.

.step run=790
Direct Newton iteration succeeded in finding operating point.

.step run=791
Direct Newton iteration succeeded in finding operating point.

.step run=792
Direct Newton iteration succeeded in finding operating point.

.step run=793
Direct Newton iteration succeeded in finding operating point.

.step run=794
Direct Newton iteration succeeded in finding operating point.

.step run=795
Direct Newton iteration succeeded in finding operating point.

.step run=796
Direct Newton iteration succeeded in finding operating point.

.step run=797
Direct Newton iteration succeeded in finding operating point.

.step run=798
Direct Newton iteration succeeded in finding operating point.

.step run=799
Direct Newton iteration succeeded in finding operating point.

.step run=800
Direct Newton iteration succeeded in finding operating point.

.step run=801
Direct Newton iteration succeeded in finding operating point.

.step run=802
Direct Newton iteration succeeded in finding operating point.

.step run=803
Direct Newton iteration succeeded in finding operating point.

.step run=804
Direct Newton iteration succeeded in finding operating point.

.step run=805
Direct Newton iteration succeeded in finding operating point.

.step run=806
Direct Newton iteration succeeded in finding operating point.

.step run=807
Direct Newton iteration succeeded in finding operating point.

.step run=808
Direct Newton iteration succeeded in finding operating point.

.step run=809
Direct Newton iteration succeeded in finding operating point.

.step run=810
Direct Newton iteration succeeded in finding operating point.

.step run=811
Direct Newton iteration succeeded in finding operating point.

.step run=812
Direct Newton iteration succeeded in finding operating point.

.step run=813
Direct Newton iteration succeeded in finding operating point.

.step run=814
Direct Newton iteration succeeded in finding operating point.

.step run=815
Direct Newton iteration succeeded in finding operating point.

.step run=816
Direct Newton iteration succeeded in finding operating point.

.step run=817
Direct Newton iteration succeeded in finding operating point.

.step run=818
Direct Newton iteration succeeded in finding operating point.

.step run=819
Direct Newton iteration succeeded in finding operating point.

.step run=820
Direct Newton iteration succeeded in finding operating point.

.step run=821
Direct Newton iteration succeeded in finding operating point.

.step run=822
Direct Newton iteration succeeded in finding operating point.

.step run=823
Direct Newton iteration succeeded in finding operating point.

.step run=824
Direct Newton iteration succeeded in finding operating point.

.step run=825
Direct Newton iteration succeeded in finding operating point.

.step run=826
Direct Newton iteration succeeded in finding operating point.

.step run=827
Direct Newton iteration succeeded in finding operating point.

.step run=828
Direct Newton iteration succeeded in finding operating point.

.step run=829
Direct Newton iteration succeeded in finding operating point.

.step run=830
Direct Newton iteration succeeded in finding operating point.

.step run=831
Direct Newton iteration succeeded in finding operating point.

.step run=832
Direct Newton iteration succeeded in finding operating point.

.step run=833
Direct Newton iteration succeeded in finding operating point.

.step run=834
Direct Newton iteration succeeded in finding operating point.

.step run=835
Direct Newton iteration succeeded in finding operating point.

.step run=836
Direct Newton iteration succeeded in finding operating point.

.step run=837
Direct Newton iteration succeeded in finding operating point.

.step run=838
Direct Newton iteration succeeded in finding operating point.

.step run=839
Direct Newton iteration succeeded in finding operating point.

.step run=840
Direct Newton iteration succeeded in finding operating point.

.step run=841
Direct Newton iteration succeeded in finding operating point.

.step run=842
Direct Newton iteration succeeded in finding operating point.

.step run=843
Direct Newton iteration succeeded in finding operating point.

.step run=844
Direct Newton iteration succeeded in finding operating point.

.step run=845
Direct Newton iteration succeeded in finding operating point.

.step run=846
Direct Newton iteration succeeded in finding operating point.

.step run=847
Direct Newton iteration succeeded in finding operating point.

.step run=848
Direct Newton iteration succeeded in finding operating point.

.step run=849
Direct Newton iteration succeeded in finding operating point.

.step run=850
Direct Newton iteration succeeded in finding operating point.

.step run=851
Direct Newton iteration succeeded in finding operating point.

.step run=852
Direct Newton iteration succeeded in finding operating point.

.step run=853
Direct Newton iteration succeeded in finding operating point.

.step run=854
Direct Newton iteration succeeded in finding operating point.

.step run=855
Direct Newton iteration succeeded in finding operating point.

.step run=856
Direct Newton iteration succeeded in finding operating point.

.step run=857
Direct Newton iteration succeeded in finding operating point.

.step run=858
Direct Newton iteration succeeded in finding operating point.

.step run=859
Direct Newton iteration succeeded in finding operating point.

.step run=860
Direct Newton iteration succeeded in finding operating point.

.step run=861
Direct Newton iteration succeeded in finding operating point.

.step run=862
Direct Newton iteration succeeded in finding operating point.

.step run=863
Direct Newton iteration succeeded in finding operating point.

.step run=864
Direct Newton iteration succeeded in finding operating point.

.step run=865
Direct Newton iteration succeeded in finding operating point.

.step run=866
Direct Newton iteration succeeded in finding operating point.

.step run=867
Direct Newton iteration succeeded in finding operating point.

.step run=868
Direct Newton iteration succeeded in finding operating point.

.step run=869
Direct Newton iteration succeeded in finding operating point.

.step run=870
Direct Newton iteration succeeded in finding operating point.

.step run=871
Direct Newton iteration succeeded in finding operating point.

.step run=872
Direct Newton iteration succeeded in finding operating point.

.step run=873
Direct Newton iteration succeeded in finding operating point.

.step run=874
Direct Newton iteration succeeded in finding operating point.

.step run=875
Direct Newton iteration succeeded in finding operating point.

.step run=876
Direct Newton iteration succeeded in finding operating point.

.step run=877
Direct Newton iteration succeeded in finding operating point.

.step run=878
Direct Newton iteration succeeded in finding operating point.

.step run=879
Direct Newton iteration succeeded in finding operating point.

.step run=880
Direct Newton iteration succeeded in finding operating point.

.step run=881
Direct Newton iteration succeeded in finding operating point.

.step run=882
Direct Newton iteration succeeded in finding operating point.

.step run=883
Direct Newton iteration succeeded in finding operating point.

.step run=884
Direct Newton iteration succeeded in finding operating point.

.step run=885
Direct Newton iteration succeeded in finding operating point.

.step run=886
Direct Newton iteration succeeded in finding operating point.

.step run=887
Direct Newton iteration succeeded in finding operating point.

.step run=888
Direct Newton iteration succeeded in finding operating point.

.step run=889
Direct Newton iteration succeeded in finding operating point.

.step run=890
Direct Newton iteration succeeded in finding operating point.

.step run=891
Direct Newton iteration succeeded in finding operating point.

.step run=892
Direct Newton iteration succeeded in finding operating point.

.step run=893
Direct Newton iteration succeeded in finding operating point.

.step run=894
Direct Newton iteration succeeded in finding operating point.

.step run=895
Direct Newton iteration succeeded in finding operating point.

.step run=896
Direct Newton iteration succeeded in finding operating point.

.step run=897
Direct Newton iteration succeeded in finding operating point.

.step run=898
Direct Newton iteration succeeded in finding operating point.

.step run=899
Direct Newton iteration succeeded in finding operating point.

.step run=900
Direct Newton iteration succeeded in finding operating point.

.step run=901
Direct Newton iteration succeeded in finding operating point.

.step run=902
Direct Newton iteration succeeded in finding operating point.

.step run=903
Direct Newton iteration succeeded in finding operating point.

.step run=904
Direct Newton iteration succeeded in finding operating point.

.step run=905
Direct Newton iteration succeeded in finding operating point.

.step run=906
Direct Newton iteration succeeded in finding operating point.

.step run=907
Direct Newton iteration succeeded in finding operating point.

.step run=908
Direct Newton iteration succeeded in finding operating point.

.step run=909
Direct Newton iteration succeeded in finding operating point.

.step run=910
Direct Newton iteration succeeded in finding operating point.

.step run=911
Direct Newton iteration succeeded in finding operating point.

.step run=912
Direct Newton iteration succeeded in finding operating point.

.step run=913
Direct Newton iteration succeeded in finding operating point.

.step run=914
Direct Newton iteration succeeded in finding operating point.

.step run=915
Direct Newton iteration succeeded in finding operating point.

.step run=916
Direct Newton iteration succeeded in finding operating point.

.step run=917
Direct Newton iteration succeeded in finding operating point.

.step run=918
Direct Newton iteration succeeded in finding operating point.

.step run=919
Direct Newton iteration succeeded in finding operating point.

.step run=920
Direct Newton iteration succeeded in finding operating point.

.step run=921
Direct Newton iteration succeeded in finding operating point.

.step run=922
Direct Newton iteration succeeded in finding operating point.

.step run=923
Direct Newton iteration succeeded in finding operating point.

.step run=924
Direct Newton iteration succeeded in finding operating point.

.step run=925
Direct Newton iteration succeeded in finding operating point.

.step run=926
Direct Newton iteration succeeded in finding operating point.

.step run=927
Direct Newton iteration succeeded in finding operating point.

.step run=928
Direct Newton iteration succeeded in finding operating point.

.step run=929
Direct Newton iteration succeeded in finding operating point.

.step run=930
Direct Newton iteration succeeded in finding operating point.

.step run=931
Direct Newton iteration succeeded in finding operating point.

.step run=932
Direct Newton iteration succeeded in finding operating point.

.step run=933
Direct Newton iteration succeeded in finding operating point.

.step run=934
Direct Newton iteration succeeded in finding operating point.

.step run=935
Direct Newton iteration succeeded in finding operating point.

.step run=936
Direct Newton iteration succeeded in finding operating point.

.step run=937
Direct Newton iteration succeeded in finding operating point.

.step run=938
Direct Newton iteration succeeded in finding operating point.

.step run=939
Direct Newton iteration succeeded in finding operating point.

.step run=940
Direct Newton iteration succeeded in finding operating point.

.step run=941
Direct Newton iteration succeeded in finding operating point.

.step run=942
Direct Newton iteration succeeded in finding operating point.

.step run=943
Direct Newton iteration succeeded in finding operating point.

.step run=944
Direct Newton iteration succeeded in finding operating point.

.step run=945
Direct Newton iteration succeeded in finding operating point.

.step run=946
Direct Newton iteration succeeded in finding operating point.

.step run=947
Direct Newton iteration succeeded in finding operating point.

.step run=948
Direct Newton iteration succeeded in finding operating point.

.step run=949
Direct Newton iteration succeeded in finding operating point.

.step run=950
Direct Newton iteration succeeded in finding operating point.

.step run=951
Direct Newton iteration succeeded in finding operating point.

.step run=952
Direct Newton iteration succeeded in finding operating point.

.step run=953
Direct Newton iteration succeeded in finding operating point.

.step run=954
Direct Newton iteration succeeded in finding operating point.

.step run=955
Direct Newton iteration succeeded in finding operating point.

.step run=956
Direct Newton iteration succeeded in finding operating point.

.step run=957
Direct Newton iteration succeeded in finding operating point.

.step run=958
Direct Newton iteration succeeded in finding operating point.

.step run=959
Direct Newton iteration succeeded in finding operating point.

.step run=960
Direct Newton iteration succeeded in finding operating point.

.step run=961
Direct Newton iteration succeeded in finding operating point.

.step run=962
Direct Newton iteration succeeded in finding operating point.

.step run=963
Direct Newton iteration succeeded in finding operating point.

.step run=964
Direct Newton iteration succeeded in finding operating point.

.step run=965
Direct Newton iteration succeeded in finding operating point.

.step run=966
Direct Newton iteration succeeded in finding operating point.

.step run=967
Direct Newton iteration succeeded in finding operating point.

.step run=968
Direct Newton iteration succeeded in finding operating point.

.step run=969
Direct Newton iteration succeeded in finding operating point.

.step run=970
Direct Newton iteration succeeded in finding operating point.

.step run=971
Direct Newton iteration succeeded in finding operating point.

.step run=972
Direct Newton iteration succeeded in finding operating point.

.step run=973
Direct Newton iteration succeeded in finding operating point.

.step run=974
Direct Newton iteration succeeded in finding operating point.

.step run=975
Direct Newton iteration succeeded in finding operating point.

.step run=976
Direct Newton iteration succeeded in finding operating point.

.step run=977
Direct Newton iteration succeeded in finding operating point.

.step run=978
Direct Newton iteration succeeded in finding operating point.

.step run=979
Direct Newton iteration succeeded in finding operating point.

.step run=980
Direct Newton iteration succeeded in finding operating point.

.step run=981
Direct Newton iteration succeeded in finding operating point.

.step run=982
Direct Newton iteration succeeded in finding operating point.

.step run=983
Direct Newton iteration succeeded in finding operating point.

.step run=984
Direct Newton iteration succeeded in finding operating point.

.step run=985
Direct Newton iteration succeeded in finding operating point.

.step run=986
Direct Newton iteration succeeded in finding operating point.

.step run=987
Direct Newton iteration succeeded in finding operating point.

.step run=988
Direct Newton iteration succeeded in finding operating point.

.step run=989
Direct Newton iteration succeeded in finding operating point.

.step run=990
Direct Newton iteration succeeded in finding operating point.

.step run=991
Direct Newton iteration succeeded in finding operating point.

.step run=992
Direct Newton iteration succeeded in finding operating point.

.step run=993
Direct Newton iteration succeeded in finding operating point.

.step run=994
Direct Newton iteration succeeded in finding operating point.

.step run=995
Direct Newton iteration succeeded in finding operating point.

.step run=996
Direct Newton iteration succeeded in finding operating point.

.step run=997
Direct Newton iteration succeeded in finding operating point.

.step run=998
Direct Newton iteration succeeded in finding operating point.

.step run=999
Direct Newton iteration succeeded in finding operating point.

.step run=1000
Direct Newton iteration succeeded in finding operating point.

.step run=1001
Direct Newton iteration succeeded in finding operating point.

.step run=1002
Direct Newton iteration succeeded in finding operating point.

.step run=1003
Direct Newton iteration succeeded in finding operating point.

.step run=1004
Direct Newton iteration succeeded in finding operating point.

.step run=1005
Direct Newton iteration succeeded in finding operating point.

.step run=1006
Direct Newton iteration succeeded in finding operating point.

.step run=1007
Direct Newton iteration succeeded in finding operating point.

.step run=1008
Direct Newton iteration succeeded in finding operating point.

.step run=1009
Direct Newton iteration succeeded in finding operating point.

.step run=1010
Direct Newton iteration succeeded in finding operating point.

.step run=1011
Direct Newton iteration succeeded in finding operating point.

.step run=1012
Direct Newton iteration succeeded in finding operating point.

.step run=1013
Direct Newton iteration succeeded in finding operating point.

.step run=1014
Direct Newton iteration succeeded in finding operating point.

.step run=1015
Direct Newton iteration succeeded in finding operating point.

.step run=1016
Direct Newton iteration succeeded in finding operating point.

.step run=1017
Direct Newton iteration succeeded in finding operating point.

.step run=1018
Direct Newton iteration succeeded in finding operating point.

.step run=1019
Direct Newton iteration succeeded in finding operating point.

.step run=1020
Direct Newton iteration succeeded in finding operating point.

.step run=1021
Direct Newton iteration succeeded in finding operating point.

.step run=1022
Direct Newton iteration succeeded in finding operating point.

.step run=1023
Direct Newton iteration succeeded in finding operating point.

.step run=1024
Direct Newton iteration succeeded in finding operating point.

.step run=1025
Direct Newton iteration succeeded in finding operating point.

.step run=1026
Direct Newton iteration succeeded in finding operating point.

.step run=1027
Direct Newton iteration succeeded in finding operating point.

.step run=1028
Direct Newton iteration succeeded in finding operating point.

.step run=1029
Direct Newton iteration succeeded in finding operating point.

.step run=1030
Direct Newton iteration succeeded in finding operating point.

.step run=1031
Direct Newton iteration succeeded in finding operating point.

.step run=1032
Direct Newton iteration succeeded in finding operating point.

.step run=1033
Direct Newton iteration succeeded in finding operating point.

.step run=1034
Direct Newton iteration succeeded in finding operating point.

.step run=1035
Direct Newton iteration succeeded in finding operating point.

.step run=1036
Direct Newton iteration succeeded in finding operating point.

.step run=1037
Direct Newton iteration succeeded in finding operating point.

.step run=1038
Direct Newton iteration succeeded in finding operating point.

.step run=1039
Direct Newton iteration succeeded in finding operating point.

.step run=1040
Direct Newton iteration succeeded in finding operating point.

.step run=1041
Direct Newton iteration succeeded in finding operating point.

.step run=1042
Direct Newton iteration succeeded in finding operating point.

.step run=1043
Direct Newton iteration succeeded in finding operating point.

.step run=1044
Direct Newton iteration succeeded in finding operating point.

.step run=1045
Direct Newton iteration succeeded in finding operating point.

.step run=1046
Direct Newton iteration succeeded in finding operating point.

.step run=1047
Direct Newton iteration succeeded in finding operating point.

.step run=1048
Direct Newton iteration succeeded in finding operating point.

.step run=1049
Direct Newton iteration succeeded in finding operating point.

.step run=1050
Direct Newton iteration succeeded in finding operating point.

.step run=1051
Direct Newton iteration succeeded in finding operating point.

.step run=1052
Direct Newton iteration succeeded in finding operating point.

.step run=1053
Direct Newton iteration succeeded in finding operating point.

.step run=1054
Direct Newton iteration succeeded in finding operating point.

.step run=1055
Direct Newton iteration succeeded in finding operating point.

.step run=1056
Direct Newton iteration succeeded in finding operating point.

.step run=1057
Direct Newton iteration succeeded in finding operating point.

.step run=1058
Direct Newton iteration succeeded in finding operating point.

.step run=1059
Direct Newton iteration succeeded in finding operating point.

.step run=1060
Direct Newton iteration succeeded in finding operating point.

.step run=1061
Direct Newton iteration succeeded in finding operating point.

.step run=1062
Direct Newton iteration succeeded in finding operating point.

.step run=1063
Direct Newton iteration succeeded in finding operating point.

.step run=1064
Direct Newton iteration succeeded in finding operating point.

.step run=1065
Direct Newton iteration succeeded in finding operating point.

.step run=1066
Direct Newton iteration succeeded in finding operating point.

.step run=1067
Direct Newton iteration succeeded in finding operating point.

.step run=1068
Direct Newton iteration succeeded in finding operating point.

.step run=1069
Direct Newton iteration succeeded in finding operating point.

.step run=1070
Direct Newton iteration succeeded in finding operating point.

.step run=1071
Direct Newton iteration succeeded in finding operating point.

.step run=1072
Direct Newton iteration succeeded in finding operating point.

.step run=1073
Direct Newton iteration succeeded in finding operating point.

.step run=1074
Direct Newton iteration succeeded in finding operating point.

.step run=1075
Direct Newton iteration succeeded in finding operating point.

.step run=1076
Direct Newton iteration succeeded in finding operating point.

.step run=1077
Direct Newton iteration succeeded in finding operating point.

.step run=1078
Direct Newton iteration succeeded in finding operating point.

.step run=1079
Direct Newton iteration succeeded in finding operating point.

.step run=1080
Direct Newton iteration succeeded in finding operating point.

.step run=1081
Direct Newton iteration succeeded in finding operating point.

.step run=1082
Direct Newton iteration succeeded in finding operating point.

.step run=1083
Direct Newton iteration succeeded in finding operating point.

.step run=1084
Direct Newton iteration succeeded in finding operating point.

.step run=1085
Direct Newton iteration succeeded in finding operating point.

.step run=1086
Direct Newton iteration succeeded in finding operating point.

.step run=1087
Direct Newton iteration succeeded in finding operating point.

.step run=1088
Direct Newton iteration succeeded in finding operating point.

.step run=1089
Direct Newton iteration succeeded in finding operating point.

.step run=1090
Direct Newton iteration succeeded in finding operating point.

.step run=1091
Direct Newton iteration succeeded in finding operating point.

.step run=1092
Direct Newton iteration succeeded in finding operating point.

.step run=1093
Direct Newton iteration succeeded in finding operating point.

.step run=1094
Direct Newton iteration succeeded in finding operating point.

.step run=1095
Direct Newton iteration succeeded in finding operating point.

.step run=1096
Direct Newton iteration succeeded in finding operating point.

.step run=1097
Direct Newton iteration succeeded in finding operating point.

.step run=1098
Direct Newton iteration succeeded in finding operating point.

.step run=1099
Direct Newton iteration succeeded in finding operating point.

.step run=1100
Direct Newton iteration succeeded in finding operating point.

.step run=1101
Direct Newton iteration succeeded in finding operating point.

.step run=1102
Direct Newton iteration succeeded in finding operating point.

.step run=1103
Direct Newton iteration succeeded in finding operating point.

.step run=1104
Direct Newton iteration succeeded in finding operating point.

.step run=1105
Direct Newton iteration succeeded in finding operating point.

.step run=1106
Direct Newton iteration succeeded in finding operating point.

.step run=1107
Direct Newton iteration succeeded in finding operating point.

.step run=1108
Direct Newton iteration succeeded in finding operating point.

.step run=1109
Direct Newton iteration succeeded in finding operating point.

.step run=1110
Direct Newton iteration succeeded in finding operating point.

.step run=1111
Direct Newton iteration succeeded in finding operating point.

.step run=1112
Direct Newton iteration succeeded in finding operating point.

.step run=1113
Direct Newton iteration succeeded in finding operating point.

.step run=1114
Direct Newton iteration succeeded in finding operating point.

.step run=1115
Direct Newton iteration succeeded in finding operating point.

.step run=1116
Direct Newton iteration succeeded in finding operating point.

.step run=1117
Direct Newton iteration succeeded in finding operating point.

.step run=1118
Direct Newton iteration succeeded in finding operating point.

.step run=1119
Direct Newton iteration succeeded in finding operating point.

.step run=1120
Direct Newton iteration succeeded in finding operating point.

.step run=1121
Direct Newton iteration succeeded in finding operating point.

.step run=1122
Direct Newton iteration succeeded in finding operating point.

.step run=1123
Direct Newton iteration succeeded in finding operating point.

.step run=1124
Direct Newton iteration succeeded in finding operating point.

.step run=1125
Direct Newton iteration succeeded in finding operating point.

.step run=1126
Direct Newton iteration succeeded in finding operating point.

.step run=1127
Direct Newton iteration succeeded in finding operating point.

.step run=1128
Direct Newton iteration succeeded in finding operating point.

.step run=1129
Direct Newton iteration succeeded in finding operating point.

.step run=1130
Direct Newton iteration succeeded in finding operating point.

.step run=1131
Direct Newton iteration succeeded in finding operating point.

.step run=1132
Direct Newton iteration succeeded in finding operating point.

.step run=1133
Direct Newton iteration succeeded in finding operating point.

.step run=1134
Direct Newton iteration succeeded in finding operating point.

.step run=1135
Direct Newton iteration succeeded in finding operating point.

.step run=1136
Direct Newton iteration succeeded in finding operating point.

.step run=1137
Direct Newton iteration succeeded in finding operating point.

.step run=1138
Direct Newton iteration succeeded in finding operating point.

.step run=1139
Direct Newton iteration succeeded in finding operating point.

.step run=1140
Direct Newton iteration succeeded in finding operating point.

.step run=1141
Direct Newton iteration succeeded in finding operating point.

.step run=1142
Direct Newton iteration succeeded in finding operating point.

.step run=1143
Direct Newton iteration succeeded in finding operating point.

.step run=1144
Direct Newton iteration succeeded in finding operating point.

.step run=1145
Direct Newton iteration succeeded in finding operating point.

.step run=1146
Direct Newton iteration succeeded in finding operating point.

.step run=1147
Direct Newton iteration succeeded in finding operating point.

.step run=1148
Direct Newton iteration succeeded in finding operating point.

.step run=1149
Direct Newton iteration succeeded in finding operating point.

.step run=1150
Direct Newton iteration succeeded in finding operating point.

.step run=1151
Direct Newton iteration succeeded in finding operating point.

.step run=1152
Direct Newton iteration succeeded in finding operating point.

.step run=1153
Direct Newton iteration succeeded in finding operating point.

.step run=1154
Direct Newton iteration succeeded in finding operating point.

.step run=1155
Direct Newton iteration succeeded in finding operating point.

.step run=1156
Direct Newton iteration succeeded in finding operating point.

.step run=1157
Direct Newton iteration succeeded in finding operating point.

.step run=1158
Direct Newton iteration succeeded in finding operating point.

.step run=1159
Direct Newton iteration succeeded in finding operating point.

.step run=1160
Direct Newton iteration succeeded in finding operating point.

.step run=1161
Direct Newton iteration succeeded in finding operating point.

.step run=1162
Direct Newton iteration succeeded in finding operating point.

.step run=1163
Direct Newton iteration succeeded in finding operating point.

.step run=1164
Direct Newton iteration succeeded in finding operating point.

.step run=1165
Direct Newton iteration succeeded in finding operating point.

.step run=1166
Direct Newton iteration succeeded in finding operating point.

.step run=1167
Direct Newton iteration succeeded in finding operating point.

.step run=1168
Direct Newton iteration succeeded in finding operating point.

.step run=1169
Direct Newton iteration succeeded in finding operating point.

.step run=1170
Direct Newton iteration succeeded in finding operating point.

.step run=1171
Direct Newton iteration succeeded in finding operating point.

.step run=1172
Direct Newton iteration succeeded in finding operating point.

.step run=1173
Direct Newton iteration succeeded in finding operating point.

.step run=1174
Direct Newton iteration succeeded in finding operating point.

.step run=1175
Direct Newton iteration succeeded in finding operating point.

.step run=1176
Direct Newton iteration succeeded in finding operating point.

.step run=1177
Direct Newton iteration succeeded in finding operating point.

.step run=1178
Direct Newton iteration succeeded in finding operating point.

.step run=1179
Direct Newton iteration succeeded in finding operating point.

.step run=1180
Direct Newton iteration succeeded in finding operating point.

.step run=1181
Direct Newton iteration succeeded in finding operating point.

.step run=1182
Direct Newton iteration succeeded in finding operating point.

.step run=1183
Direct Newton iteration succeeded in finding operating point.

.step run=1184
Direct Newton iteration succeeded in finding operating point.

.step run=1185
Direct Newton iteration succeeded in finding operating point.

.step run=1186
Direct Newton iteration succeeded in finding operating point.

.step run=1187
Direct Newton iteration succeeded in finding operating point.

.step run=1188
Direct Newton iteration succeeded in finding operating point.

.step run=1189
Direct Newton iteration succeeded in finding operating point.

.step run=1190
Direct Newton iteration succeeded in finding operating point.

.step run=1191
Direct Newton iteration succeeded in finding operating point.

.step run=1192
Direct Newton iteration succeeded in finding operating point.

.step run=1193
Direct Newton iteration succeeded in finding operating point.

.step run=1194
Direct Newton iteration succeeded in finding operating point.

.step run=1195
Direct Newton iteration succeeded in finding operating point.

.step run=1196
Direct Newton iteration succeeded in finding operating point.

.step run=1197
Direct Newton iteration succeeded in finding operating point.

.step run=1198
Direct Newton iteration succeeded in finding operating point.

.step run=1199
Direct Newton iteration succeeded in finding operating point.

.step run=1200
Direct Newton iteration succeeded in finding operating point.

.step run=1201
Direct Newton iteration succeeded in finding operating point.

.step run=1202
Direct Newton iteration succeeded in finding operating point.

.step run=1203
Direct Newton iteration succeeded in finding operating point.

.step run=1204
Direct Newton iteration succeeded in finding operating point.

.step run=1205
Direct Newton iteration succeeded in finding operating point.

.step run=1206
Direct Newton iteration succeeded in finding operating point.

.step run=1207
Direct Newton iteration succeeded in finding operating point.

.step run=1208
Direct Newton iteration succeeded in finding operating point.

.step run=1209
Direct Newton iteration succeeded in finding operating point.

.step run=1210
Direct Newton iteration succeeded in finding operating point.

.step run=1211
Direct Newton iteration succeeded in finding operating point.

.step run=1212
Direct Newton iteration succeeded in finding operating point.

.step run=1213
Direct Newton iteration succeeded in finding operating point.

.step run=1214
Direct Newton iteration succeeded in finding operating point.

.step run=1215
Direct Newton iteration succeeded in finding operating point.

.step run=1216
Direct Newton iteration succeeded in finding operating point.

.step run=1217
Direct Newton iteration succeeded in finding operating point.

.step run=1218
Direct Newton iteration succeeded in finding operating point.

.step run=1219
Direct Newton iteration succeeded in finding operating point.

.step run=1220
Direct Newton iteration succeeded in finding operating point.

.step run=1221
Direct Newton iteration succeeded in finding operating point.

.step run=1222
Direct Newton iteration succeeded in finding operating point.

.step run=1223
Direct Newton iteration succeeded in finding operating point.

.step run=1224
Direct Newton iteration succeeded in finding operating point.

.step run=1225
Direct Newton iteration succeeded in finding operating point.

.step run=1226
Direct Newton iteration succeeded in finding operating point.

.step run=1227
Direct Newton iteration succeeded in finding operating point.

.step run=1228
Direct Newton iteration succeeded in finding operating point.

.step run=1229
Direct Newton iteration succeeded in finding operating point.

.step run=1230
Direct Newton iteration succeeded in finding operating point.

.step run=1231
Direct Newton iteration succeeded in finding operating point.

.step run=1232
Direct Newton iteration succeeded in finding operating point.

.step run=1233
Direct Newton iteration succeeded in finding operating point.

.step run=1234
Direct Newton iteration succeeded in finding operating point.

.step run=1235
Direct Newton iteration succeeded in finding operating point.

.step run=1236
Direct Newton iteration succeeded in finding operating point.

.step run=1237
Direct Newton iteration succeeded in finding operating point.

.step run=1238
Direct Newton iteration succeeded in finding operating point.

.step run=1239
Direct Newton iteration succeeded in finding operating point.

.step run=1240
Direct Newton iteration succeeded in finding operating point.

.step run=1241
Direct Newton iteration succeeded in finding operating point.

.step run=1242
Direct Newton iteration succeeded in finding operating point.

.step run=1243
Direct Newton iteration succeeded in finding operating point.

.step run=1244
Direct Newton iteration succeeded in finding operating point.

.step run=1245
Direct Newton iteration succeeded in finding operating point.

.step run=1246
Direct Newton iteration succeeded in finding operating point.

.step run=1247
Direct Newton iteration succeeded in finding operating point.

.step run=1248
Direct Newton iteration succeeded in finding operating point.

.step run=1249
Direct Newton iteration succeeded in finding operating point.

.step run=1250
Direct Newton iteration succeeded in finding operating point.

.step run=1251
Direct Newton iteration succeeded in finding operating point.

.step run=1252
Direct Newton iteration succeeded in finding operating point.

.step run=1253
Direct Newton iteration succeeded in finding operating point.

.step run=1254
Direct Newton iteration succeeded in finding operating point.

.step run=1255
Direct Newton iteration succeeded in finding operating point.

.step run=1256
Direct Newton iteration succeeded in finding operating point.

.step run=1257
Direct Newton iteration succeeded in finding operating point.

.step run=1258
Direct Newton iteration succeeded in finding operating point.

.step run=1259
Direct Newton iteration succeeded in finding operating point.

.step run=1260
Direct Newton iteration succeeded in finding operating point.

.step run=1261
Direct Newton iteration succeeded in finding operating point.

.step run=1262
Direct Newton iteration succeeded in finding operating point.

.step run=1263
Direct Newton iteration succeeded in finding operating point.

.step run=1264
Direct Newton iteration succeeded in finding operating point.

.step run=1265
Direct Newton iteration succeeded in finding operating point.

.step run=1266
Direct Newton iteration succeeded in finding operating point.

.step run=1267
Direct Newton iteration succeeded in finding operating point.

.step run=1268
Direct Newton iteration succeeded in finding operating point.

.step run=1269
Direct Newton iteration succeeded in finding operating point.

.step run=1270
Direct Newton iteration succeeded in finding operating point.

.step run=1271
Direct Newton iteration succeeded in finding operating point.

.step run=1272
Direct Newton iteration succeeded in finding operating point.

.step run=1273
Direct Newton iteration succeeded in finding operating point.

.step run=1274
Direct Newton iteration succeeded in finding operating point.

.step run=1275
Direct Newton iteration succeeded in finding operating point.

.step run=1276
Direct Newton iteration succeeded in finding operating point.

.step run=1277
Direct Newton iteration succeeded in finding operating point.

.step run=1278
Direct Newton iteration succeeded in finding operating point.

.step run=1279
Direct Newton iteration succeeded in finding operating point.

.step run=1280
Direct Newton iteration succeeded in finding operating point.

.step run=1281
Direct Newton iteration succeeded in finding operating point.

.step run=1282
Direct Newton iteration succeeded in finding operating point.

.step run=1283
Direct Newton iteration succeeded in finding operating point.

.step run=1284
Direct Newton iteration succeeded in finding operating point.

.step run=1285
Direct Newton iteration succeeded in finding operating point.

.step run=1286
Direct Newton iteration succeeded in finding operating point.

.step run=1287
Direct Newton iteration succeeded in finding operating point.

.step run=1288
Direct Newton iteration succeeded in finding operating point.

.step run=1289
Direct Newton iteration succeeded in finding operating point.

.step run=1290
Direct Newton iteration succeeded in finding operating point.

.step run=1291
Direct Newton iteration succeeded in finding operating point.

.step run=1292
Direct Newton iteration succeeded in finding operating point.

.step run=1293
Direct Newton iteration succeeded in finding operating point.

.step run=1294
Direct Newton iteration succeeded in finding operating point.

.step run=1295
Direct Newton iteration succeeded in finding operating point.

.step run=1296
Direct Newton iteration succeeded in finding operating point.

.step run=1297
Direct Newton iteration succeeded in finding operating point.

.step run=1298
Direct Newton iteration succeeded in finding operating point.

.step run=1299
Direct Newton iteration succeeded in finding operating point.

.step run=1300
Direct Newton iteration succeeded in finding operating point.

.step run=1301
Direct Newton iteration succeeded in finding operating point.

.step run=1302
Direct Newton iteration succeeded in finding operating point.

.step run=1303
Direct Newton iteration succeeded in finding operating point.

.step run=1304
Direct Newton iteration succeeded in finding operating point.

.step run=1305
Direct Newton iteration succeeded in finding operating point.

.step run=1306
Direct Newton iteration succeeded in finding operating point.

.step run=1307
Direct Newton iteration succeeded in finding operating point.

.step run=1308
Direct Newton iteration succeeded in finding operating point.

.step run=1309
Direct Newton iteration succeeded in finding operating point.

.step run=1310
Direct Newton iteration succeeded in finding operating point.

.step run=1311
Direct Newton iteration succeeded in finding operating point.

.step run=1312
Direct Newton iteration succeeded in finding operating point.

.step run=1313
Direct Newton iteration succeeded in finding operating point.

.step run=1314
Direct Newton iteration succeeded in finding operating point.

.step run=1315
Direct Newton iteration succeeded in finding operating point.

.step run=1316
Direct Newton iteration succeeded in finding operating point.

.step run=1317
Direct Newton iteration succeeded in finding operating point.

.step run=1318
Direct Newton iteration succeeded in finding operating point.

.step run=1319
Direct Newton iteration succeeded in finding operating point.

.step run=1320
Direct Newton iteration succeeded in finding operating point.

.step run=1321
Direct Newton iteration succeeded in finding operating point.

.step run=1322
Direct Newton iteration succeeded in finding operating point.

.step run=1323
Direct Newton iteration succeeded in finding operating point.

.step run=1324
Direct Newton iteration succeeded in finding operating point.

.step run=1325
Direct Newton iteration succeeded in finding operating point.

.step run=1326
Direct Newton iteration succeeded in finding operating point.

.step run=1327
Direct Newton iteration succeeded in finding operating point.

.step run=1328
Direct Newton iteration succeeded in finding operating point.

.step run=1329
Direct Newton iteration succeeded in finding operating point.

.step run=1330
Direct Newton iteration succeeded in finding operating point.

.step run=1331
Direct Newton iteration succeeded in finding operating point.

.step run=1332
Direct Newton iteration succeeded in finding operating point.

.step run=1333
Direct Newton iteration succeeded in finding operating point.

.step run=1334
Direct Newton iteration succeeded in finding operating point.

.step run=1335
Direct Newton iteration succeeded in finding operating point.

.step run=1336
Direct Newton iteration succeeded in finding operating point.

.step run=1337
Direct Newton iteration succeeded in finding operating point.

.step run=1338
Direct Newton iteration succeeded in finding operating point.

.step run=1339
Direct Newton iteration succeeded in finding operating point.

.step run=1340
Direct Newton iteration succeeded in finding operating point.

.step run=1341
Direct Newton iteration succeeded in finding operating point.

.step run=1342
Direct Newton iteration succeeded in finding operating point.

.step run=1343
Direct Newton iteration succeeded in finding operating point.

.step run=1344
Direct Newton iteration succeeded in finding operating point.

.step run=1345
Direct Newton iteration succeeded in finding operating point.

.step run=1346
Direct Newton iteration succeeded in finding operating point.

.step run=1347
Direct Newton iteration succeeded in finding operating point.

.step run=1348
Direct Newton iteration succeeded in finding operating point.

.step run=1349
Direct Newton iteration succeeded in finding operating point.

.step run=1350
Direct Newton iteration succeeded in finding operating point.

.step run=1351
Direct Newton iteration succeeded in finding operating point.

.step run=1352
Direct Newton iteration succeeded in finding operating point.

.step run=1353
Direct Newton iteration succeeded in finding operating point.

.step run=1354
Direct Newton iteration succeeded in finding operating point.

.step run=1355
Direct Newton iteration succeeded in finding operating point.

.step run=1356
Direct Newton iteration succeeded in finding operating point.

.step run=1357
Direct Newton iteration succeeded in finding operating point.

.step run=1358
Direct Newton iteration succeeded in finding operating point.

.step run=1359
Direct Newton iteration succeeded in finding operating point.

.step run=1360
Direct Newton iteration succeeded in finding operating point.

.step run=1361
Direct Newton iteration succeeded in finding operating point.

.step run=1362
Direct Newton iteration succeeded in finding operating point.

.step run=1363
Direct Newton iteration succeeded in finding operating point.

.step run=1364
Direct Newton iteration succeeded in finding operating point.

.step run=1365
Direct Newton iteration succeeded in finding operating point.

.step run=1366
Direct Newton iteration succeeded in finding operating point.

.step run=1367
Direct Newton iteration succeeded in finding operating point.

.step run=1368
Direct Newton iteration succeeded in finding operating point.

.step run=1369
Direct Newton iteration succeeded in finding operating point.

.step run=1370
Direct Newton iteration succeeded in finding operating point.

.step run=1371
Direct Newton iteration succeeded in finding operating point.

.step run=1372
Direct Newton iteration succeeded in finding operating point.

.step run=1373
Direct Newton iteration succeeded in finding operating point.

.step run=1374
Direct Newton iteration succeeded in finding operating point.

.step run=1375
Direct Newton iteration succeeded in finding operating point.

.step run=1376
Direct Newton iteration succeeded in finding operating point.

.step run=1377
Direct Newton iteration succeeded in finding operating point.

.step run=1378
Direct Newton iteration succeeded in finding operating point.

.step run=1379
Direct Newton iteration succeeded in finding operating point.

.step run=1380
Direct Newton iteration succeeded in finding operating point.

.step run=1381
Direct Newton iteration succeeded in finding operating point.

.step run=1382
Direct Newton iteration succeeded in finding operating point.

.step run=1383
Direct Newton iteration succeeded in finding operating point.

.step run=1384
Direct Newton iteration succeeded in finding operating point.

.step run=1385
Direct Newton iteration succeeded in finding operating point.

.step run=1386
Direct Newton iteration succeeded in finding operating point.

.step run=1387
Direct Newton iteration succeeded in finding operating point.

.step run=1388
Direct Newton iteration succeeded in finding operating point.

.step run=1389
Direct Newton iteration succeeded in finding operating point.

.step run=1390
Direct Newton iteration succeeded in finding operating point.

.step run=1391
Direct Newton iteration succeeded in finding operating point.

.step run=1392
Direct Newton iteration succeeded in finding operating point.

.step run=1393
Direct Newton iteration succeeded in finding operating point.

.step run=1394
Direct Newton iteration succeeded in finding operating point.

.step run=1395
Direct Newton iteration succeeded in finding operating point.

.step run=1396
Direct Newton iteration succeeded in finding operating point.

.step run=1397
Direct Newton iteration succeeded in finding operating point.

.step run=1398
Direct Newton iteration succeeded in finding operating point.

.step run=1399
Direct Newton iteration succeeded in finding operating point.

.step run=1400
Direct Newton iteration succeeded in finding operating point.

.step run=1401
Direct Newton iteration succeeded in finding operating point.

.step run=1402
Direct Newton iteration succeeded in finding operating point.

.step run=1403
Direct Newton iteration succeeded in finding operating point.

.step run=1404
Direct Newton iteration succeeded in finding operating point.

.step run=1405
Direct Newton iteration succeeded in finding operating point.

.step run=1406
Direct Newton iteration succeeded in finding operating point.

.step run=1407
Direct Newton iteration succeeded in finding operating point.

.step run=1408
Direct Newton iteration succeeded in finding operating point.

.step run=1409
Direct Newton iteration succeeded in finding operating point.

.step run=1410
Direct Newton iteration succeeded in finding operating point.

.step run=1411
Direct Newton iteration succeeded in finding operating point.

.step run=1412
Direct Newton iteration succeeded in finding operating point.

.step run=1413
Direct Newton iteration succeeded in finding operating point.

.step run=1414
Direct Newton iteration succeeded in finding operating point.

.step run=1415
Direct Newton iteration succeeded in finding operating point.

.step run=1416
Direct Newton iteration succeeded in finding operating point.

.step run=1417
Direct Newton iteration succeeded in finding operating point.

.step run=1418
Direct Newton iteration succeeded in finding operating point.

.step run=1419
Direct Newton iteration succeeded in finding operating point.

.step run=1420
Direct Newton iteration succeeded in finding operating point.

.step run=1421
Direct Newton iteration succeeded in finding operating point.

.step run=1422
Direct Newton iteration succeeded in finding operating point.

.step run=1423
Direct Newton iteration succeeded in finding operating point.

.step run=1424
Direct Newton iteration succeeded in finding operating point.

.step run=1425
Direct Newton iteration succeeded in finding operating point.

.step run=1426
Direct Newton iteration succeeded in finding operating point.

.step run=1427
Direct Newton iteration succeeded in finding operating point.

.step run=1428
Direct Newton iteration succeeded in finding operating point.

.step run=1429
Direct Newton iteration succeeded in finding operating point.

.step run=1430
Direct Newton iteration succeeded in finding operating point.

.step run=1431
Direct Newton iteration succeeded in finding operating point.

.step run=1432
Direct Newton iteration succeeded in finding operating point.

.step run=1433
Direct Newton iteration succeeded in finding operating point.

.step run=1434
Direct Newton iteration succeeded in finding operating point.

.step run=1435
Direct Newton iteration succeeded in finding operating point.

.step run=1436
Direct Newton iteration succeeded in finding operating point.

.step run=1437
Direct Newton iteration succeeded in finding operating point.

.step run=1438
Direct Newton iteration succeeded in finding operating point.

.step run=1439
Direct Newton iteration succeeded in finding operating point.

.step run=1440
Direct Newton iteration succeeded in finding operating point.

.step run=1441
Direct Newton iteration succeeded in finding operating point.

.step run=1442
Direct Newton iteration succeeded in finding operating point.

.step run=1443
Direct Newton iteration succeeded in finding operating point.

.step run=1444
Direct Newton iteration succeeded in finding operating point.

.step run=1445
Direct Newton iteration succeeded in finding operating point.

.step run=1446
Direct Newton iteration succeeded in finding operating point.

.step run=1447
Direct Newton iteration succeeded in finding operating point.

.step run=1448
Direct Newton iteration succeeded in finding operating point.

.step run=1449
Direct Newton iteration succeeded in finding operating point.

.step run=1450
Direct Newton iteration succeeded in finding operating point.

.step run=1451
Direct Newton iteration succeeded in finding operating point.

.step run=1452
Direct Newton iteration succeeded in finding operating point.

.step run=1453
Direct Newton iteration succeeded in finding operating point.

.step run=1454
Direct Newton iteration succeeded in finding operating point.

.step run=1455
Direct Newton iteration succeeded in finding operating point.

.step run=1456
Direct Newton iteration succeeded in finding operating point.

.step run=1457
Direct Newton iteration succeeded in finding operating point.

.step run=1458
Direct Newton iteration succeeded in finding operating point.

.step run=1459
Direct Newton iteration succeeded in finding operating point.

.step run=1460
Direct Newton iteration succeeded in finding operating point.

.step run=1461
Direct Newton iteration succeeded in finding operating point.

.step run=1462
Direct Newton iteration succeeded in finding operating point.

.step run=1463
Direct Newton iteration succeeded in finding operating point.

.step run=1464
Direct Newton iteration succeeded in finding operating point.

.step run=1465
Direct Newton iteration succeeded in finding operating point.

.step run=1466
Direct Newton iteration succeeded in finding operating point.

.step run=1467
Direct Newton iteration succeeded in finding operating point.

.step run=1468
Direct Newton iteration succeeded in finding operating point.

.step run=1469
Direct Newton iteration succeeded in finding operating point.

.step run=1470
Direct Newton iteration succeeded in finding operating point.

.step run=1471
Direct Newton iteration succeeded in finding operating point.

.step run=1472
Direct Newton iteration succeeded in finding operating point.

.step run=1473
Direct Newton iteration succeeded in finding operating point.

.step run=1474
Direct Newton iteration succeeded in finding operating point.

.step run=1475
Direct Newton iteration succeeded in finding operating point.

.step run=1476
Direct Newton iteration succeeded in finding operating point.

.step run=1477
Direct Newton iteration succeeded in finding operating point.

.step run=1478
Direct Newton iteration succeeded in finding operating point.

.step run=1479
Direct Newton iteration succeeded in finding operating point.

.step run=1480
Direct Newton iteration succeeded in finding operating point.

.step run=1481
Direct Newton iteration succeeded in finding operating point.

.step run=1482
Direct Newton iteration succeeded in finding operating point.

.step run=1483
Direct Newton iteration succeeded in finding operating point.

.step run=1484
Direct Newton iteration succeeded in finding operating point.

.step run=1485
Direct Newton iteration succeeded in finding operating point.

.step run=1486
Direct Newton iteration succeeded in finding operating point.

.step run=1487
Direct Newton iteration succeeded in finding operating point.

.step run=1488
Direct Newton iteration succeeded in finding operating point.

.step run=1489
Direct Newton iteration succeeded in finding operating point.

.step run=1490
Direct Newton iteration succeeded in finding operating point.

.step run=1491
Direct Newton iteration succeeded in finding operating point.

.step run=1492
Direct Newton iteration succeeded in finding operating point.

.step run=1493
Direct Newton iteration succeeded in finding operating point.

.step run=1494
Direct Newton iteration succeeded in finding operating point.

.step run=1495
Direct Newton iteration succeeded in finding operating point.

.step run=1496
Direct Newton iteration succeeded in finding operating point.

.step run=1497
Direct Newton iteration succeeded in finding operating point.

.step run=1498
Direct Newton iteration succeeded in finding operating point.

.step run=1499
Direct Newton iteration succeeded in finding operating point.

.step run=1500
Direct Newton iteration succeeded in finding operating point.

.step run=1501
Direct Newton iteration succeeded in finding operating point.

.step run=1502
Direct Newton iteration succeeded in finding operating point.

.step run=1503
Direct Newton iteration succeeded in finding operating point.

.step run=1504
Direct Newton iteration succeeded in finding operating point.

.step run=1505
Direct Newton iteration succeeded in finding operating point.

.step run=1506
Direct Newton iteration succeeded in finding operating point.

.step run=1507
Direct Newton iteration succeeded in finding operating point.

.step run=1508
Direct Newton iteration succeeded in finding operating point.

.step run=1509
Direct Newton iteration succeeded in finding operating point.

.step run=1510
Direct Newton iteration succeeded in finding operating point.

.step run=1511
Direct Newton iteration succeeded in finding operating point.

.step run=1512
Direct Newton iteration succeeded in finding operating point.

.step run=1513
Direct Newton iteration succeeded in finding operating point.

.step run=1514
Direct Newton iteration succeeded in finding operating point.

.step run=1515
Direct Newton iteration succeeded in finding operating point.

.step run=1516
Direct Newton iteration succeeded in finding operating point.

.step run=1517
Direct Newton iteration succeeded in finding operating point.

.step run=1518
Direct Newton iteration succeeded in finding operating point.

.step run=1519
Direct Newton iteration succeeded in finding operating point.

.step run=1520
Direct Newton iteration succeeded in finding operating point.

.step run=1521
Direct Newton iteration succeeded in finding operating point.

.step run=1522
Direct Newton iteration succeeded in finding operating point.

.step run=1523
Direct Newton iteration succeeded in finding operating point.

.step run=1524
Direct Newton iteration succeeded in finding operating point.

.step run=1525
Direct Newton iteration succeeded in finding operating point.

.step run=1526
Direct Newton iteration succeeded in finding operating point.

.step run=1527
Direct Newton iteration succeeded in finding operating point.

.step run=1528
Direct Newton iteration succeeded in finding operating point.

.step run=1529
Direct Newton iteration succeeded in finding operating point.

.step run=1530
Direct Newton iteration succeeded in finding operating point.

.step run=1531
Direct Newton iteration succeeded in finding operating point.

.step run=1532
Direct Newton iteration succeeded in finding operating point.

.step run=1533
Direct Newton iteration succeeded in finding operating point.

.step run=1534
Direct Newton iteration succeeded in finding operating point.

.step run=1535
Direct Newton iteration succeeded in finding operating point.

.step run=1536
Direct Newton iteration succeeded in finding operating point.

.step run=1537
Direct Newton iteration succeeded in finding operating point.

.step run=1538
Direct Newton iteration succeeded in finding operating point.

.step run=1539
Direct Newton iteration succeeded in finding operating point.

.step run=1540
Direct Newton iteration succeeded in finding operating point.

.step run=1541
Direct Newton iteration succeeded in finding operating point.

.step run=1542
Direct Newton iteration succeeded in finding operating point.

.step run=1543
Direct Newton iteration succeeded in finding operating point.

.step run=1544
Direct Newton iteration succeeded in finding operating point.

.step run=1545
Direct Newton iteration succeeded in finding operating point.

.step run=1546
Direct Newton iteration succeeded in finding operating point.

.step run=1547
Direct Newton iteration succeeded in finding operating point.

.step run=1548
Direct Newton iteration succeeded in finding operating point.

.step run=1549
Direct Newton iteration succeeded in finding operating point.

.step run=1550
Direct Newton iteration succeeded in finding operating point.

.step run=1551
Direct Newton iteration succeeded in finding operating point.

.step run=1552
Direct Newton iteration succeeded in finding operating point.

.step run=1553
Direct Newton iteration succeeded in finding operating point.

.step run=1554
Direct Newton iteration succeeded in finding operating point.

.step run=1555
Direct Newton iteration succeeded in finding operating point.

.step run=1556
Direct Newton iteration succeeded in finding operating point.

.step run=1557
Direct Newton iteration succeeded in finding operating point.

.step run=1558
Direct Newton iteration succeeded in finding operating point.

.step run=1559
Direct Newton iteration succeeded in finding operating point.

.step run=1560
Direct Newton iteration succeeded in finding operating point.

.step run=1561
Direct Newton iteration succeeded in finding operating point.

.step run=1562
Direct Newton iteration succeeded in finding operating point.

.step run=1563
Direct Newton iteration succeeded in finding operating point.

.step run=1564
Direct Newton iteration succeeded in finding operating point.

.step run=1565
Direct Newton iteration succeeded in finding operating point.

.step run=1566
Direct Newton iteration succeeded in finding operating point.

.step run=1567
Direct Newton iteration succeeded in finding operating point.

.step run=1568
Direct Newton iteration succeeded in finding operating point.

.step run=1569
Direct Newton iteration succeeded in finding operating point.

.step run=1570
Direct Newton iteration succeeded in finding operating point.

.step run=1571
Direct Newton iteration succeeded in finding operating point.

.step run=1572
Direct Newton iteration succeeded in finding operating point.

.step run=1573
Direct Newton iteration succeeded in finding operating point.

.step run=1574
Direct Newton iteration succeeded in finding operating point.

.step run=1575
Direct Newton iteration succeeded in finding operating point.

.step run=1576
Direct Newton iteration succeeded in finding operating point.

.step run=1577
Direct Newton iteration succeeded in finding operating point.

.step run=1578
Direct Newton iteration succeeded in finding operating point.

.step run=1579
Direct Newton iteration succeeded in finding operating point.

.step run=1580
Direct Newton iteration succeeded in finding operating point.

.step run=1581
Direct Newton iteration succeeded in finding operating point.

.step run=1582
Direct Newton iteration succeeded in finding operating point.

.step run=1583
Direct Newton iteration succeeded in finding operating point.

.step run=1584
Direct Newton iteration succeeded in finding operating point.

.step run=1585
Direct Newton iteration succeeded in finding operating point.

.step run=1586
Direct Newton iteration succeeded in finding operating point.

.step run=1587
Direct Newton iteration succeeded in finding operating point.

.step run=1588
Direct Newton iteration succeeded in finding operating point.

.step run=1589
Direct Newton iteration succeeded in finding operating point.

.step run=1590
Direct Newton iteration succeeded in finding operating point.

.step run=1591
Direct Newton iteration succeeded in finding operating point.

.step run=1592
Direct Newton iteration succeeded in finding operating point.

.step run=1593
Direct Newton iteration succeeded in finding operating point.

.step run=1594
Direct Newton iteration succeeded in finding operating point.

.step run=1595
Direct Newton iteration succeeded in finding operating point.

.step run=1596
Direct Newton iteration succeeded in finding operating point.

.step run=1597
Direct Newton iteration succeeded in finding operating point.

.step run=1598
Direct Newton iteration succeeded in finding operating point.

.step run=1599
Direct Newton iteration succeeded in finding operating point.

.step run=1600
Direct Newton iteration succeeded in finding operating point.

.step run=1601
Direct Newton iteration succeeded in finding operating point.

.step run=1602
Direct Newton iteration succeeded in finding operating point.

.step run=1603
Direct Newton iteration succeeded in finding operating point.

.step run=1604
Direct Newton iteration succeeded in finding operating point.

.step run=1605
Direct Newton iteration succeeded in finding operating point.

.step run=1606
Direct Newton iteration succeeded in finding operating point.

.step run=1607
Direct Newton iteration succeeded in finding operating point.

.step run=1608
Direct Newton iteration succeeded in finding operating point.

.step run=1609
Direct Newton iteration succeeded in finding operating point.

.step run=1610
Direct Newton iteration succeeded in finding operating point.

.step run=1611
Direct Newton iteration succeeded in finding operating point.

.step run=1612
Direct Newton iteration succeeded in finding operating point.

.step run=1613
Direct Newton iteration succeeded in finding operating point.

.step run=1614
Direct Newton iteration succeeded in finding operating point.

.step run=1615
Direct Newton iteration succeeded in finding operating point.

.step run=1616
Direct Newton iteration succeeded in finding operating point.

.step run=1617
Direct Newton iteration succeeded in finding operating point.

.step run=1618
Direct Newton iteration succeeded in finding operating point.

.step run=1619
Direct Newton iteration succeeded in finding operating point.

.step run=1620
Direct Newton iteration succeeded in finding operating point.

.step run=1621
Direct Newton iteration succeeded in finding operating point.

.step run=1622
Direct Newton iteration succeeded in finding operating point.

.step run=1623
Direct Newton iteration succeeded in finding operating point.

.step run=1624
Direct Newton iteration succeeded in finding operating point.

.step run=1625
Direct Newton iteration succeeded in finding operating point.

.step run=1626
Direct Newton iteration succeeded in finding operating point.

.step run=1627
Direct Newton iteration succeeded in finding operating point.

.step run=1628
Direct Newton iteration succeeded in finding operating point.

.step run=1629
Direct Newton iteration succeeded in finding operating point.

.step run=1630
Direct Newton iteration succeeded in finding operating point.

.step run=1631
Direct Newton iteration succeeded in finding operating point.

.step run=1632
Direct Newton iteration succeeded in finding operating point.

.step run=1633
Direct Newton iteration succeeded in finding operating point.

.step run=1634
Direct Newton iteration succeeded in finding operating point.

.step run=1635
Direct Newton iteration succeeded in finding operating point.

.step run=1636
Direct Newton iteration succeeded in finding operating point.

.step run=1637
Direct Newton iteration succeeded in finding operating point.

.step run=1638
Direct Newton iteration succeeded in finding operating point.

.step run=1639
Direct Newton iteration succeeded in finding operating point.

.step run=1640
Direct Newton iteration succeeded in finding operating point.

.step run=1641
Direct Newton iteration succeeded in finding operating point.

.step run=1642
Direct Newton iteration succeeded in finding operating point.

.step run=1643
Direct Newton iteration succeeded in finding operating point.

.step run=1644
Direct Newton iteration succeeded in finding operating point.

.step run=1645
Direct Newton iteration succeeded in finding operating point.

.step run=1646
Direct Newton iteration succeeded in finding operating point.

.step run=1647
Direct Newton iteration succeeded in finding operating point.

.step run=1648
Direct Newton iteration succeeded in finding operating point.

.step run=1649
Direct Newton iteration succeeded in finding operating point.

.step run=1650
Direct Newton iteration succeeded in finding operating point.

.step run=1651
Direct Newton iteration succeeded in finding operating point.

.step run=1652
Direct Newton iteration succeeded in finding operating point.

.step run=1653
Direct Newton iteration succeeded in finding operating point.

.step run=1654
Direct Newton iteration succeeded in finding operating point.

.step run=1655
Direct Newton iteration succeeded in finding operating point.

.step run=1656
Direct Newton iteration succeeded in finding operating point.

.step run=1657
Direct Newton iteration succeeded in finding operating point.

.step run=1658
Direct Newton iteration succeeded in finding operating point.

.step run=1659
Direct Newton iteration succeeded in finding operating point.

.step run=1660
Direct Newton iteration succeeded in finding operating point.

.step run=1661
Direct Newton iteration succeeded in finding operating point.

.step run=1662
Direct Newton iteration succeeded in finding operating point.

.step run=1663
Direct Newton iteration succeeded in finding operating point.

.step run=1664
Direct Newton iteration succeeded in finding operating point.

.step run=1665
Direct Newton iteration succeeded in finding operating point.

.step run=1666
Direct Newton iteration succeeded in finding operating point.

.step run=1667
Direct Newton iteration succeeded in finding operating point.

.step run=1668
Direct Newton iteration succeeded in finding operating point.

.step run=1669
Direct Newton iteration succeeded in finding operating point.

.step run=1670
Direct Newton iteration succeeded in finding operating point.

.step run=1671
Direct Newton iteration succeeded in finding operating point.

.step run=1672
Direct Newton iteration succeeded in finding operating point.

.step run=1673
Direct Newton iteration succeeded in finding operating point.

.step run=1674
Direct Newton iteration succeeded in finding operating point.

.step run=1675
Direct Newton iteration succeeded in finding operating point.

.step run=1676
Direct Newton iteration succeeded in finding operating point.

.step run=1677
Direct Newton iteration succeeded in finding operating point.

.step run=1678
Direct Newton iteration succeeded in finding operating point.

.step run=1679
Direct Newton iteration succeeded in finding operating point.

.step run=1680
Direct Newton iteration succeeded in finding operating point.

.step run=1681
Direct Newton iteration succeeded in finding operating point.

.step run=1682
Direct Newton iteration succeeded in finding operating point.

.step run=1683
Direct Newton iteration succeeded in finding operating point.

.step run=1684
Direct Newton iteration succeeded in finding operating point.

.step run=1685
Direct Newton iteration succeeded in finding operating point.

.step run=1686
Direct Newton iteration succeeded in finding operating point.

.step run=1687
Direct Newton iteration succeeded in finding operating point.

.step run=1688
Direct Newton iteration succeeded in finding operating point.

.step run=1689
Direct Newton iteration succeeded in finding operating point.

.step run=1690
Direct Newton iteration succeeded in finding operating point.

.step run=1691
Direct Newton iteration succeeded in finding operating point.

.step run=1692
Direct Newton iteration succeeded in finding operating point.

.step run=1693
Direct Newton iteration succeeded in finding operating point.

.step run=1694
Direct Newton iteration succeeded in finding operating point.

.step run=1695
Direct Newton iteration succeeded in finding operating point.

.step run=1696
Direct Newton iteration succeeded in finding operating point.

.step run=1697
Direct Newton iteration succeeded in finding operating point.

.step run=1698
Direct Newton iteration succeeded in finding operating point.

.step run=1699
Direct Newton iteration succeeded in finding operating point.

.step run=1700
Direct Newton iteration succeeded in finding operating point.

.step run=1701
Direct Newton iteration succeeded in finding operating point.

.step run=1702
Direct Newton iteration succeeded in finding operating point.

.step run=1703
Direct Newton iteration succeeded in finding operating point.

.step run=1704
Direct Newton iteration succeeded in finding operating point.

.step run=1705
Direct Newton iteration succeeded in finding operating point.

.step run=1706
Direct Newton iteration succeeded in finding operating point.

.step run=1707
Direct Newton iteration succeeded in finding operating point.

.step run=1708
Direct Newton iteration succeeded in finding operating point.

.step run=1709
Direct Newton iteration succeeded in finding operating point.

.step run=1710
Direct Newton iteration succeeded in finding operating point.

.step run=1711
Direct Newton iteration succeeded in finding operating point.

.step run=1712
Direct Newton iteration succeeded in finding operating point.

.step run=1713
Direct Newton iteration succeeded in finding operating point.

.step run=1714
Direct Newton iteration succeeded in finding operating point.

.step run=1715
Direct Newton iteration succeeded in finding operating point.

.step run=1716
Direct Newton iteration succeeded in finding operating point.

.step run=1717
Direct Newton iteration succeeded in finding operating point.

.step run=1718
Direct Newton iteration succeeded in finding operating point.

.step run=1719
Direct Newton iteration succeeded in finding operating point.

.step run=1720
Direct Newton iteration succeeded in finding operating point.

.step run=1721
Direct Newton iteration succeeded in finding operating point.

.step run=1722
Direct Newton iteration succeeded in finding operating point.

.step run=1723
Direct Newton iteration succeeded in finding operating point.

.step run=1724
Direct Newton iteration succeeded in finding operating point.

.step run=1725
Direct Newton iteration succeeded in finding operating point.

.step run=1726
Direct Newton iteration succeeded in finding operating point.

.step run=1727
Direct Newton iteration succeeded in finding operating point.

.step run=1728
Direct Newton iteration succeeded in finding operating point.

.step run=1729
Direct Newton iteration succeeded in finding operating point.

.step run=1730
Direct Newton iteration succeeded in finding operating point.

.step run=1731
Direct Newton iteration succeeded in finding operating point.

.step run=1732
Direct Newton iteration succeeded in finding operating point.

.step run=1733
Direct Newton iteration succeeded in finding operating point.

.step run=1734
Direct Newton iteration succeeded in finding operating point.

.step run=1735
Direct Newton iteration succeeded in finding operating point.

.step run=1736
Direct Newton iteration succeeded in finding operating point.

.step run=1737
Direct Newton iteration succeeded in finding operating point.

.step run=1738
Direct Newton iteration succeeded in finding operating point.

.step run=1739
Direct Newton iteration succeeded in finding operating point.

.step run=1740
Direct Newton iteration succeeded in finding operating point.

.step run=1741
Direct Newton iteration succeeded in finding operating point.

.step run=1742
Direct Newton iteration succeeded in finding operating point.

.step run=1743
Direct Newton iteration succeeded in finding operating point.

.step run=1744
Direct Newton iteration succeeded in finding operating point.

.step run=1745
Direct Newton iteration succeeded in finding operating point.

.step run=1746
Direct Newton iteration succeeded in finding operating point.

.step run=1747
Direct Newton iteration succeeded in finding operating point.

.step run=1748
Direct Newton iteration succeeded in finding operating point.

.step run=1749
Direct Newton iteration succeeded in finding operating point.

.step run=1750
Direct Newton iteration succeeded in finding operating point.

.step run=1751
Direct Newton iteration succeeded in finding operating point.

.step run=1752
Direct Newton iteration succeeded in finding operating point.

.step run=1753
Direct Newton iteration succeeded in finding operating point.

.step run=1754
Direct Newton iteration succeeded in finding operating point.

.step run=1755
Direct Newton iteration succeeded in finding operating point.

.step run=1756
Direct Newton iteration succeeded in finding operating point.

.step run=1757
Direct Newton iteration succeeded in finding operating point.

.step run=1758
Direct Newton iteration succeeded in finding operating point.

.step run=1759
Direct Newton iteration succeeded in finding operating point.

.step run=1760
Direct Newton iteration succeeded in finding operating point.

.step run=1761
Direct Newton iteration succeeded in finding operating point.

.step run=1762
Direct Newton iteration succeeded in finding operating point.

.step run=1763
Direct Newton iteration succeeded in finding operating point.

.step run=1764
Direct Newton iteration succeeded in finding operating point.

.step run=1765
Direct Newton iteration succeeded in finding operating point.

.step run=1766
Direct Newton iteration succeeded in finding operating point.

.step run=1767
Direct Newton iteration succeeded in finding operating point.

.step run=1768
Direct Newton iteration succeeded in finding operating point.

.step run=1769
Direct Newton iteration succeeded in finding operating point.

.step run=1770
Direct Newton iteration succeeded in finding operating point.

.step run=1771
Direct Newton iteration succeeded in finding operating point.

.step run=1772
Direct Newton iteration succeeded in finding operating point.

.step run=1773
Direct Newton iteration succeeded in finding operating point.

.step run=1774
Direct Newton iteration succeeded in finding operating point.

.step run=1775
Direct Newton iteration succeeded in finding operating point.

.step run=1776
Direct Newton iteration succeeded in finding operating point.

.step run=1777
Direct Newton iteration succeeded in finding operating point.

.step run=1778
Direct Newton iteration succeeded in finding operating point.

.step run=1779
Direct Newton iteration succeeded in finding operating point.

.step run=1780
Direct Newton iteration succeeded in finding operating point.

.step run=1781
Direct Newton iteration succeeded in finding operating point.

.step run=1782
Direct Newton iteration succeeded in finding operating point.

.step run=1783
Direct Newton iteration succeeded in finding operating point.

.step run=1784
Direct Newton iteration succeeded in finding operating point.

.step run=1785
Direct Newton iteration succeeded in finding operating point.

.step run=1786
Direct Newton iteration succeeded in finding operating point.

.step run=1787
Direct Newton iteration succeeded in finding operating point.

.step run=1788
Direct Newton iteration succeeded in finding operating point.

.step run=1789
Direct Newton iteration succeeded in finding operating point.

.step run=1790
Direct Newton iteration succeeded in finding operating point.

.step run=1791
Direct Newton iteration succeeded in finding operating point.

.step run=1792
Direct Newton iteration succeeded in finding operating point.

.step run=1793
Direct Newton iteration succeeded in finding operating point.

.step run=1794
Direct Newton iteration succeeded in finding operating point.

.step run=1795
Direct Newton iteration succeeded in finding operating point.

.step run=1796
Direct Newton iteration succeeded in finding operating point.

.step run=1797
Direct Newton iteration succeeded in finding operating point.

.step run=1798
Direct Newton iteration succeeded in finding operating point.

.step run=1799
Direct Newton iteration succeeded in finding operating point.

.step run=1800
Direct Newton iteration succeeded in finding operating point.

.step run=1801
Direct Newton iteration succeeded in finding operating point.

.step run=1802
Direct Newton iteration succeeded in finding operating point.

.step run=1803
Direct Newton iteration succeeded in finding operating point.

.step run=1804
Direct Newton iteration succeeded in finding operating point.

.step run=1805
Direct Newton iteration succeeded in finding operating point.

.step run=1806
Direct Newton iteration succeeded in finding operating point.

.step run=1807
Direct Newton iteration succeeded in finding operating point.

.step run=1808
Direct Newton iteration succeeded in finding operating point.

.step run=1809
Direct Newton iteration succeeded in finding operating point.

.step run=1810
Direct Newton iteration succeeded in finding operating point.

.step run=1811
Direct Newton iteration succeeded in finding operating point.

.step run=1812
Direct Newton iteration succeeded in finding operating point.

.step run=1813
Direct Newton iteration succeeded in finding operating point.

.step run=1814
Direct Newton iteration succeeded in finding operating point.

.step run=1815
Direct Newton iteration succeeded in finding operating point.

.step run=1816
Direct Newton iteration succeeded in finding operating point.

.step run=1817
Direct Newton iteration succeeded in finding operating point.

.step run=1818
Direct Newton iteration succeeded in finding operating point.

.step run=1819
Direct Newton iteration succeeded in finding operating point.

.step run=1820
Direct Newton iteration succeeded in finding operating point.

.step run=1821
Direct Newton iteration succeeded in finding operating point.

.step run=1822
Direct Newton iteration succeeded in finding operating point.

.step run=1823
Direct Newton iteration succeeded in finding operating point.

.step run=1824
Direct Newton iteration succeeded in finding operating point.

.step run=1825
Direct Newton iteration succeeded in finding operating point.

.step run=1826
Direct Newton iteration succeeded in finding operating point.

.step run=1827
Direct Newton iteration succeeded in finding operating point.

.step run=1828
Direct Newton iteration succeeded in finding operating point.

.step run=1829
Direct Newton iteration succeeded in finding operating point.

.step run=1830
Direct Newton iteration succeeded in finding operating point.

.step run=1831
Direct Newton iteration succeeded in finding operating point.

.step run=1832
Direct Newton iteration succeeded in finding operating point.

.step run=1833
Direct Newton iteration succeeded in finding operating point.

.step run=1834
Direct Newton iteration succeeded in finding operating point.

.step run=1835
Direct Newton iteration succeeded in finding operating point.

.step run=1836
Direct Newton iteration succeeded in finding operating point.

.step run=1837
Direct Newton iteration succeeded in finding operating point.

.step run=1838
Direct Newton iteration succeeded in finding operating point.

.step run=1839
Direct Newton iteration succeeded in finding operating point.

.step run=1840
Direct Newton iteration succeeded in finding operating point.

.step run=1841
Direct Newton iteration succeeded in finding operating point.

.step run=1842
Direct Newton iteration succeeded in finding operating point.

.step run=1843
Direct Newton iteration succeeded in finding operating point.

.step run=1844
Direct Newton iteration succeeded in finding operating point.

.step run=1845
Direct Newton iteration succeeded in finding operating point.

.step run=1846
Direct Newton iteration succeeded in finding operating point.

.step run=1847
Direct Newton iteration succeeded in finding operating point.

.step run=1848
Direct Newton iteration succeeded in finding operating point.

.step run=1849
Direct Newton iteration succeeded in finding operating point.

.step run=1850
Direct Newton iteration succeeded in finding operating point.

.step run=1851
Direct Newton iteration succeeded in finding operating point.

.step run=1852
Direct Newton iteration succeeded in finding operating point.

.step run=1853
Direct Newton iteration succeeded in finding operating point.

.step run=1854
Direct Newton iteration succeeded in finding operating point.

.step run=1855
Direct Newton iteration succeeded in finding operating point.

.step run=1856
Direct Newton iteration succeeded in finding operating point.

.step run=1857
Direct Newton iteration succeeded in finding operating point.

.step run=1858
Direct Newton iteration succeeded in finding operating point.

.step run=1859
Direct Newton iteration succeeded in finding operating point.

.step run=1860
Direct Newton iteration succeeded in finding operating point.

.step run=1861
Direct Newton iteration succeeded in finding operating point.

.step run=1862
Direct Newton iteration succeeded in finding operating point.

.step run=1863
Direct Newton iteration succeeded in finding operating point.

.step run=1864
Direct Newton iteration succeeded in finding operating point.

.step run=1865
Direct Newton iteration succeeded in finding operating point.

.step run=1866
Direct Newton iteration succeeded in finding operating point.

.step run=1867
Direct Newton iteration succeeded in finding operating point.

.step run=1868
Direct Newton iteration succeeded in finding operating point.

.step run=1869
Direct Newton iteration succeeded in finding operating point.

.step run=1870
Direct Newton iteration succeeded in finding operating point.

.step run=1871
Direct Newton iteration succeeded in finding operating point.

.step run=1872
Direct Newton iteration succeeded in finding operating point.

.step run=1873
Direct Newton iteration succeeded in finding operating point.

.step run=1874
Direct Newton iteration succeeded in finding operating point.

.step run=1875
Direct Newton iteration succeeded in finding operating point.

.step run=1876
Direct Newton iteration succeeded in finding operating point.

.step run=1877
Direct Newton iteration succeeded in finding operating point.

.step run=1878
Direct Newton iteration succeeded in finding operating point.

.step run=1879
Direct Newton iteration succeeded in finding operating point.

.step run=1880
Direct Newton iteration succeeded in finding operating point.

.step run=1881
Direct Newton iteration succeeded in finding operating point.

.step run=1882
Direct Newton iteration succeeded in finding operating point.

.step run=1883
Direct Newton iteration succeeded in finding operating point.

.step run=1884
Direct Newton iteration succeeded in finding operating point.

.step run=1885
Direct Newton iteration succeeded in finding operating point.

.step run=1886
Direct Newton iteration succeeded in finding operating point.

.step run=1887
Direct Newton iteration succeeded in finding operating point.

.step run=1888
Direct Newton iteration succeeded in finding operating point.

.step run=1889
Direct Newton iteration succeeded in finding operating point.

.step run=1890
Direct Newton iteration succeeded in finding operating point.

.step run=1891
Direct Newton iteration succeeded in finding operating point.

.step run=1892
Direct Newton iteration succeeded in finding operating point.

.step run=1893
Direct Newton iteration succeeded in finding operating point.

.step run=1894
Direct Newton iteration succeeded in finding operating point.

.step run=1895
Direct Newton iteration succeeded in finding operating point.

.step run=1896
Direct Newton iteration succeeded in finding operating point.

.step run=1897
Direct Newton iteration succeeded in finding operating point.

.step run=1898
Direct Newton iteration succeeded in finding operating point.

.step run=1899
Direct Newton iteration succeeded in finding operating point.

.step run=1900
Direct Newton iteration succeeded in finding operating point.

.step run=1901
Direct Newton iteration succeeded in finding operating point.

.step run=1902
Direct Newton iteration succeeded in finding operating point.

.step run=1903
Direct Newton iteration succeeded in finding operating point.

.step run=1904
Direct Newton iteration succeeded in finding operating point.

.step run=1905
Direct Newton iteration succeeded in finding operating point.

.step run=1906
Direct Newton iteration succeeded in finding operating point.

.step run=1907
Direct Newton iteration succeeded in finding operating point.

.step run=1908
Direct Newton iteration succeeded in finding operating point.

.step run=1909
Direct Newton iteration succeeded in finding operating point.

.step run=1910
Direct Newton iteration succeeded in finding operating point.

.step run=1911
Direct Newton iteration succeeded in finding operating point.

.step run=1912
Direct Newton iteration succeeded in finding operating point.

.step run=1913
Direct Newton iteration succeeded in finding operating point.

.step run=1914
Direct Newton iteration succeeded in finding operating point.

.step run=1915
Direct Newton iteration succeeded in finding operating point.

.step run=1916
Direct Newton iteration succeeded in finding operating point.

.step run=1917
Direct Newton iteration succeeded in finding operating point.

.step run=1918
Direct Newton iteration succeeded in finding operating point.

.step run=1919
Direct Newton iteration succeeded in finding operating point.

.step run=1920
Direct Newton iteration succeeded in finding operating point.

.step run=1921
Direct Newton iteration succeeded in finding operating point.

.step run=1922
Direct Newton iteration succeeded in finding operating point.

.step run=1923
Direct Newton iteration succeeded in finding operating point.

.step run=1924
Direct Newton iteration succeeded in finding operating point.

.step run=1925
Direct Newton iteration succeeded in finding operating point.

.step run=1926
Direct Newton iteration succeeded in finding operating point.

.step run=1927
Direct Newton iteration succeeded in finding operating point.

.step run=1928
Direct Newton iteration succeeded in finding operating point.

.step run=1929
Direct Newton iteration succeeded in finding operating point.

.step run=1930
Direct Newton iteration succeeded in finding operating point.

.step run=1931
Direct Newton iteration succeeded in finding operating point.

.step run=1932
Direct Newton iteration succeeded in finding operating point.

.step run=1933
Direct Newton iteration succeeded in finding operating point.

.step run=1934
Direct Newton iteration succeeded in finding operating point.

.step run=1935
Direct Newton iteration succeeded in finding operating point.

.step run=1936
Direct Newton iteration succeeded in finding operating point.

.step run=1937
Direct Newton iteration succeeded in finding operating point.

.step run=1938
Direct Newton iteration succeeded in finding operating point.

.step run=1939
Direct Newton iteration succeeded in finding operating point.

.step run=1940
Direct Newton iteration succeeded in finding operating point.

.step run=1941
Direct Newton iteration succeeded in finding operating point.

.step run=1942
Direct Newton iteration succeeded in finding operating point.

.step run=1943
Direct Newton iteration succeeded in finding operating point.

.step run=1944
Direct Newton iteration succeeded in finding operating point.

.step run=1945
Direct Newton iteration succeeded in finding operating point.

.step run=1946
Direct Newton iteration succeeded in finding operating point.

.step run=1947
Direct Newton iteration succeeded in finding operating point.

.step run=1948
Direct Newton iteration succeeded in finding operating point.

.step run=1949
Direct Newton iteration succeeded in finding operating point.

.step run=1950
Direct Newton iteration succeeded in finding operating point.

.step run=1951
Direct Newton iteration succeeded in finding operating point.

.step run=1952
Direct Newton iteration succeeded in finding operating point.

.step run=1953
Direct Newton iteration succeeded in finding operating point.

.step run=1954
Direct Newton iteration succeeded in finding operating point.

.step run=1955
Direct Newton iteration succeeded in finding operating point.

.step run=1956
Direct Newton iteration succeeded in finding operating point.

.step run=1957
Direct Newton iteration succeeded in finding operating point.

.step run=1958
Direct Newton iteration succeeded in finding operating point.

.step run=1959
Direct Newton iteration succeeded in finding operating point.

.step run=1960
Direct Newton iteration succeeded in finding operating point.

.step run=1961
Direct Newton iteration succeeded in finding operating point.

.step run=1962
Direct Newton iteration succeeded in finding operating point.

.step run=1963
Direct Newton iteration succeeded in finding operating point.

.step run=1964
Direct Newton iteration succeeded in finding operating point.

.step run=1965
Direct Newton iteration succeeded in finding operating point.

.step run=1966
Direct Newton iteration succeeded in finding operating point.

.step run=1967
Direct Newton iteration succeeded in finding operating point.

.step run=1968
Direct Newton iteration succeeded in finding operating point.

.step run=1969
Direct Newton iteration succeeded in finding operating point.

.step run=1970
Direct Newton iteration succeeded in finding operating point.

.step run=1971
Direct Newton iteration succeeded in finding operating point.

.step run=1972
Direct Newton iteration succeeded in finding operating point.

.step run=1973
Direct Newton iteration succeeded in finding operating point.

.step run=1974
Direct Newton iteration succeeded in finding operating point.

.step run=1975
Direct Newton iteration succeeded in finding operating point.

.step run=1976
Direct Newton iteration succeeded in finding operating point.

.step run=1977
Direct Newton iteration succeeded in finding operating point.

.step run=1978
Direct Newton iteration succeeded in finding operating point.

.step run=1979
Direct Newton iteration succeeded in finding operating point.

.step run=1980
Direct Newton iteration succeeded in finding operating point.

.step run=1981
Direct Newton iteration succeeded in finding operating point.

.step run=1982
Direct Newton iteration succeeded in finding operating point.

.step run=1983
Direct Newton iteration succeeded in finding operating point.

.step run=1984
Direct Newton iteration succeeded in finding operating point.

.step run=1985
Direct Newton iteration succeeded in finding operating point.

.step run=1986
Direct Newton iteration succeeded in finding operating point.

.step run=1987
Direct Newton iteration succeeded in finding operating point.

.step run=1988
Direct Newton iteration succeeded in finding operating point.

.step run=1989
Direct Newton iteration succeeded in finding operating point.

.step run=1990
Direct Newton iteration succeeded in finding operating point.

.step run=1991
Direct Newton iteration succeeded in finding operating point.

.step run=1992
Direct Newton iteration succeeded in finding operating point.

.step run=1993
Direct Newton iteration succeeded in finding operating point.

.step run=1994
Direct Newton iteration succeeded in finding operating point.

.step run=1995
Direct Newton iteration succeeded in finding operating point.

.step run=1996
Direct Newton iteration succeeded in finding operating point.

.step run=1997
Direct Newton iteration succeeded in finding operating point.

.step run=1998
Direct Newton iteration succeeded in finding operating point.

.step run=1999
Direct Newton iteration succeeded in finding operating point.

.step run=2000
Direct Newton iteration succeeded in finding operating point.

.step run=2001
Direct Newton iteration succeeded in finding operating point.

.step run=2002
Direct Newton iteration succeeded in finding operating point.

.step run=2003
Direct Newton iteration succeeded in finding operating point.

.step run=2004
Direct Newton iteration succeeded in finding operating point.

.step run=2005
Direct Newton iteration succeeded in finding operating point.

.step run=2006
Direct Newton iteration succeeded in finding operating point.

.step run=2007
Direct Newton iteration succeeded in finding operating point.

.step run=2008
Direct Newton iteration succeeded in finding operating point.

.step run=2009
Direct Newton iteration succeeded in finding operating point.

.step run=2010
Direct Newton iteration succeeded in finding operating point.

.step run=2011
Direct Newton iteration succeeded in finding operating point.

.step run=2012
Direct Newton iteration succeeded in finding operating point.

.step run=2013
Direct Newton iteration succeeded in finding operating point.

.step run=2014
Direct Newton iteration succeeded in finding operating point.

.step run=2015
Direct Newton iteration succeeded in finding operating point.

.step run=2016
Direct Newton iteration succeeded in finding operating point.

.step run=2017
Direct Newton iteration succeeded in finding operating point.

.step run=2018
Direct Newton iteration succeeded in finding operating point.

.step run=2019
Direct Newton iteration succeeded in finding operating point.

.step run=2020
Direct Newton iteration succeeded in finding operating point.

.step run=2021
Direct Newton iteration succeeded in finding operating point.

.step run=2022
Direct Newton iteration succeeded in finding operating point.

.step run=2023
Direct Newton iteration succeeded in finding operating point.

.step run=2024
Direct Newton iteration succeeded in finding operating point.

.step run=2025
Direct Newton iteration succeeded in finding operating point.

.step run=2026
Direct Newton iteration succeeded in finding operating point.

.step run=2027
Direct Newton iteration succeeded in finding operating point.

.step run=2028
Direct Newton iteration succeeded in finding operating point.

.step run=2029
Direct Newton iteration succeeded in finding operating point.

.step run=2030
Direct Newton iteration succeeded in finding operating point.

.step run=2031
Direct Newton iteration succeeded in finding operating point.

.step run=2032
Direct Newton iteration succeeded in finding operating point.

.step run=2033
Direct Newton iteration succeeded in finding operating point.

.step run=2034
Direct Newton iteration succeeded in finding operating point.

.step run=2035
Direct Newton iteration succeeded in finding operating point.

.step run=2036
Direct Newton iteration succeeded in finding operating point.

.step run=2037
Direct Newton iteration succeeded in finding operating point.

.step run=2038
Direct Newton iteration succeeded in finding operating point.

.step run=2039
Direct Newton iteration succeeded in finding operating point.

.step run=2040
Direct Newton iteration succeeded in finding operating point.

.step run=2041
Direct Newton iteration succeeded in finding operating point.

.step run=2042
Direct Newton iteration succeeded in finding operating point.

.step run=2043
Direct Newton iteration succeeded in finding operating point.

.step run=2044
Direct Newton iteration succeeded in finding operating point.

.step run=2045
Direct Newton iteration succeeded in finding operating point.

.step run=2046
Direct Newton iteration succeeded in finding operating point.

.step run=2047
Direct Newton iteration succeeded in finding operating point.

.step run=2048
Direct Newton iteration succeeded in finding operating point.

.step run=2049
Direct Newton iteration succeeded in finding operating point.

.step run=2050
Direct Newton iteration succeeded in finding operating point.

.step run=2051
Direct Newton iteration succeeded in finding operating point.

.step run=2052
Direct Newton iteration succeeded in finding operating point.

.step run=2053
Direct Newton iteration succeeded in finding operating point.

.step run=2054
Direct Newton iteration succeeded in finding operating point.

.step run=2055
Direct Newton iteration succeeded in finding operating point.

.step run=2056
Direct Newton iteration succeeded in finding operating point.

.step run=2057
Direct Newton iteration succeeded in finding operating point.

.step run=2058
Direct Newton iteration succeeded in finding operating point.

.step run=2059
Direct Newton iteration succeeded in finding operating point.

.step run=2060
Direct Newton iteration succeeded in finding operating point.

.step run=2061
Direct Newton iteration succeeded in finding operating point.

.step run=2062
Direct Newton iteration succeeded in finding operating point.

.step run=2063
Direct Newton iteration succeeded in finding operating point.

.step run=2064
Direct Newton iteration succeeded in finding operating point.

.step run=2065
Direct Newton iteration succeeded in finding operating point.

.step run=2066
Direct Newton iteration succeeded in finding operating point.

.step run=2067
Direct Newton iteration succeeded in finding operating point.

.step run=2068
Direct Newton iteration succeeded in finding operating point.

.step run=2069
Direct Newton iteration succeeded in finding operating point.

.step run=2070
Direct Newton iteration succeeded in finding operating point.

.step run=2071
Direct Newton iteration succeeded in finding operating point.

.step run=2072
Direct Newton iteration succeeded in finding operating point.

.step run=2073
Direct Newton iteration succeeded in finding operating point.

.step run=2074
Direct Newton iteration succeeded in finding operating point.

.step run=2075
Direct Newton iteration succeeded in finding operating point.

.step run=2076
Direct Newton iteration succeeded in finding operating point.

.step run=2077
Direct Newton iteration succeeded in finding operating point.

.step run=2078
Direct Newton iteration succeeded in finding operating point.

.step run=2079
Direct Newton iteration succeeded in finding operating point.

.step run=2080
Direct Newton iteration succeeded in finding operating point.

.step run=2081
Direct Newton iteration succeeded in finding operating point.

.step run=2082
Direct Newton iteration succeeded in finding operating point.

.step run=2083
Direct Newton iteration succeeded in finding operating point.

.step run=2084
Direct Newton iteration succeeded in finding operating point.

.step run=2085
Direct Newton iteration succeeded in finding operating point.

.step run=2086
Direct Newton iteration succeeded in finding operating point.

.step run=2087
Direct Newton iteration succeeded in finding operating point.

.step run=2088
Direct Newton iteration succeeded in finding operating point.

.step run=2089
Direct Newton iteration succeeded in finding operating point.

.step run=2090
Direct Newton iteration succeeded in finding operating point.

.step run=2091
Direct Newton iteration succeeded in finding operating point.

.step run=2092
Direct Newton iteration succeeded in finding operating point.

.step run=2093
Direct Newton iteration succeeded in finding operating point.

.step run=2094
Direct Newton iteration succeeded in finding operating point.

.step run=2095
Direct Newton iteration succeeded in finding operating point.

.step run=2096
Direct Newton iteration succeeded in finding operating point.

.step run=2097
Direct Newton iteration succeeded in finding operating point.

.step run=2098
Direct Newton iteration succeeded in finding operating point.

.step run=2099
Direct Newton iteration succeeded in finding operating point.

.step run=2100
Direct Newton iteration succeeded in finding operating point.

.step run=2101
Direct Newton iteration succeeded in finding operating point.

.step run=2102
Direct Newton iteration succeeded in finding operating point.

.step run=2103
Direct Newton iteration succeeded in finding operating point.

.step run=2104
Direct Newton iteration succeeded in finding operating point.

.step run=2105
Direct Newton iteration succeeded in finding operating point.

.step run=2106
Direct Newton iteration succeeded in finding operating point.

.step run=2107
Direct Newton iteration succeeded in finding operating point.

.step run=2108
Direct Newton iteration succeeded in finding operating point.

.step run=2109
Direct Newton iteration succeeded in finding operating point.

.step run=2110
Direct Newton iteration succeeded in finding operating point.

.step run=2111
Direct Newton iteration succeeded in finding operating point.

.step run=2112
Direct Newton iteration succeeded in finding operating point.

.step run=2113
Direct Newton iteration succeeded in finding operating point.

.step run=2114
Direct Newton iteration succeeded in finding operating point.

.step run=2115
Direct Newton iteration succeeded in finding operating point.

.step run=2116
Direct Newton iteration succeeded in finding operating point.

.step run=2117
Direct Newton iteration succeeded in finding operating point.

.step run=2118
Direct Newton iteration succeeded in finding operating point.

.step run=2119
Direct Newton iteration succeeded in finding operating point.

.step run=2120
Direct Newton iteration succeeded in finding operating point.

.step run=2121
Direct Newton iteration succeeded in finding operating point.

.step run=2122
Direct Newton iteration succeeded in finding operating point.

.step run=2123
Direct Newton iteration succeeded in finding operating point.

.step run=2124
Direct Newton iteration succeeded in finding operating point.

.step run=2125
Direct Newton iteration succeeded in finding operating point.

.step run=2126
Direct Newton iteration succeeded in finding operating point.

.step run=2127
Direct Newton iteration succeeded in finding operating point.

.step run=2128
Direct Newton iteration succeeded in finding operating point.

.step run=2129
Direct Newton iteration succeeded in finding operating point.

.step run=2130
Direct Newton iteration succeeded in finding operating point.

.step run=2131
Direct Newton iteration succeeded in finding operating point.

.step run=2132
Direct Newton iteration succeeded in finding operating point.

.step run=2133
Direct Newton iteration succeeded in finding operating point.

.step run=2134
Direct Newton iteration succeeded in finding operating point.

.step run=2135
Direct Newton iteration succeeded in finding operating point.

.step run=2136
Direct Newton iteration succeeded in finding operating point.

.step run=2137
Direct Newton iteration succeeded in finding operating point.

.step run=2138
Direct Newton iteration succeeded in finding operating point.

.step run=2139
Direct Newton iteration succeeded in finding operating point.

.step run=2140
Direct Newton iteration succeeded in finding operating point.

.step run=2141
Direct Newton iteration succeeded in finding operating point.

.step run=2142
Direct Newton iteration succeeded in finding operating point.

.step run=2143
Direct Newton iteration succeeded in finding operating point.

.step run=2144
Direct Newton iteration succeeded in finding operating point.

.step run=2145
Direct Newton iteration succeeded in finding operating point.

.step run=2146
Direct Newton iteration succeeded in finding operating point.

.step run=2147
Direct Newton iteration succeeded in finding operating point.

.step run=2148
Direct Newton iteration succeeded in finding operating point.

.step run=2149
Direct Newton iteration succeeded in finding operating point.

.step run=2150
Direct Newton iteration succeeded in finding operating point.

.step run=2151
Direct Newton iteration succeeded in finding operating point.

.step run=2152
Direct Newton iteration succeeded in finding operating point.

.step run=2153
Direct Newton iteration succeeded in finding operating point.

.step run=2154
Direct Newton iteration succeeded in finding operating point.

.step run=2155
Direct Newton iteration succeeded in finding operating point.

.step run=2156
Direct Newton iteration succeeded in finding operating point.

.step run=2157
Direct Newton iteration succeeded in finding operating point.

.step run=2158
Direct Newton iteration succeeded in finding operating point.

.step run=2159
Direct Newton iteration succeeded in finding operating point.

.step run=2160
Direct Newton iteration succeeded in finding operating point.

.step run=2161
Direct Newton iteration succeeded in finding operating point.

.step run=2162
Direct Newton iteration succeeded in finding operating point.

.step run=2163
Direct Newton iteration succeeded in finding operating point.

.step run=2164
Direct Newton iteration succeeded in finding operating point.

.step run=2165
Direct Newton iteration succeeded in finding operating point.

.step run=2166
Direct Newton iteration succeeded in finding operating point.

.step run=2167
Direct Newton iteration succeeded in finding operating point.

.step run=2168
Direct Newton iteration succeeded in finding operating point.

.step run=2169
Direct Newton iteration succeeded in finding operating point.

.step run=2170
Direct Newton iteration succeeded in finding operating point.

.step run=2171
Direct Newton iteration succeeded in finding operating point.

.step run=2172
Direct Newton iteration succeeded in finding operating point.

.step run=2173
Direct Newton iteration succeeded in finding operating point.

.step run=2174
Direct Newton iteration succeeded in finding operating point.

.step run=2175
Direct Newton iteration succeeded in finding operating point.

.step run=2176
Direct Newton iteration succeeded in finding operating point.

.step run=2177
Direct Newton iteration succeeded in finding operating point.

.step run=2178
Direct Newton iteration succeeded in finding operating point.

.step run=2179
Direct Newton iteration succeeded in finding operating point.

.step run=2180
Direct Newton iteration succeeded in finding operating point.

.step run=2181
Direct Newton iteration succeeded in finding operating point.

.step run=2182
Direct Newton iteration succeeded in finding operating point.

.step run=2183
Direct Newton iteration succeeded in finding operating point.

.step run=2184
Direct Newton iteration succeeded in finding operating point.

.step run=2185
Direct Newton iteration succeeded in finding operating point.

.step run=2186
Direct Newton iteration succeeded in finding operating point.

.step run=2187
Direct Newton iteration succeeded in finding operating point.

.step run=2188
Direct Newton iteration succeeded in finding operating point.

.step run=2189
Direct Newton iteration succeeded in finding operating point.

.step run=2190
Direct Newton iteration succeeded in finding operating point.

.step run=2191
Direct Newton iteration succeeded in finding operating point.

.step run=2192
Direct Newton iteration succeeded in finding operating point.

.step run=2193
Direct Newton iteration succeeded in finding operating point.

.step run=2194
Direct Newton iteration succeeded in finding operating point.

.step run=2195
Direct Newton iteration succeeded in finding operating point.

.step run=2196
Direct Newton iteration succeeded in finding operating point.

.step run=2197
Direct Newton iteration succeeded in finding operating point.

.step run=2198
Direct Newton iteration succeeded in finding operating point.

.step run=2199
Direct Newton iteration succeeded in finding operating point.

.step run=2200
Direct Newton iteration succeeded in finding operating point.

.step run=2201
Direct Newton iteration succeeded in finding operating point.

.step run=2202
Direct Newton iteration succeeded in finding operating point.

.step run=2203
Direct Newton iteration succeeded in finding operating point.

.step run=2204
Direct Newton iteration succeeded in finding operating point.

.step run=2205
Direct Newton iteration succeeded in finding operating point.

.step run=2206
Direct Newton iteration succeeded in finding operating point.

.step run=2207
Direct Newton iteration succeeded in finding operating point.

.step run=2208
Direct Newton iteration succeeded in finding operating point.

.step run=2209
Direct Newton iteration succeeded in finding operating point.

.step run=2210
Direct Newton iteration succeeded in finding operating point.

.step run=2211
Direct Newton iteration succeeded in finding operating point.

.step run=2212
Direct Newton iteration succeeded in finding operating point.

.step run=2213
Direct Newton iteration succeeded in finding operating point.

.step run=2214
Direct Newton iteration succeeded in finding operating point.

.step run=2215
Direct Newton iteration succeeded in finding operating point.

.step run=2216
Direct Newton iteration succeeded in finding operating point.

.step run=2217
Direct Newton iteration succeeded in finding operating point.

.step run=2218
Direct Newton iteration succeeded in finding operating point.

.step run=2219
Direct Newton iteration succeeded in finding operating point.

.step run=2220
Direct Newton iteration succeeded in finding operating point.

.step run=2221
Direct Newton iteration succeeded in finding operating point.

.step run=2222
Direct Newton iteration succeeded in finding operating point.

.step run=2223
Direct Newton iteration succeeded in finding operating point.

.step run=2224
Direct Newton iteration succeeded in finding operating point.

.step run=2225
Direct Newton iteration succeeded in finding operating point.

.step run=2226
Direct Newton iteration succeeded in finding operating point.

.step run=2227
Direct Newton iteration succeeded in finding operating point.

.step run=2228
Direct Newton iteration succeeded in finding operating point.

.step run=2229
Direct Newton iteration succeeded in finding operating point.

.step run=2230
Direct Newton iteration succeeded in finding operating point.

.step run=2231
Direct Newton iteration succeeded in finding operating point.

.step run=2232
Direct Newton iteration succeeded in finding operating point.

.step run=2233
Direct Newton iteration succeeded in finding operating point.

.step run=2234
Direct Newton iteration succeeded in finding operating point.

.step run=2235
Direct Newton iteration succeeded in finding operating point.

.step run=2236
Direct Newton iteration succeeded in finding operating point.

.step run=2237
Direct Newton iteration succeeded in finding operating point.

.step run=2238
Direct Newton iteration succeeded in finding operating point.

.step run=2239
Direct Newton iteration succeeded in finding operating point.

.step run=2240
Direct Newton iteration succeeded in finding operating point.

.step run=2241
Direct Newton iteration succeeded in finding operating point.

.step run=2242
Direct Newton iteration succeeded in finding operating point.

.step run=2243
Direct Newton iteration succeeded in finding operating point.

.step run=2244
Direct Newton iteration succeeded in finding operating point.

.step run=2245
Direct Newton iteration succeeded in finding operating point.

.step run=2246
Direct Newton iteration succeeded in finding operating point.

.step run=2247
Direct Newton iteration succeeded in finding operating point.

.step run=2248
Direct Newton iteration succeeded in finding operating point.

.step run=2249
Direct Newton iteration succeeded in finding operating point.

.step run=2250
Direct Newton iteration succeeded in finding operating point.

.step run=2251
Direct Newton iteration succeeded in finding operating point.

.step run=2252
Direct Newton iteration succeeded in finding operating point.

.step run=2253
Direct Newton iteration succeeded in finding operating point.

.step run=2254
Direct Newton iteration succeeded in finding operating point.

.step run=2255
Direct Newton iteration succeeded in finding operating point.

.step run=2256
Direct Newton iteration succeeded in finding operating point.

.step run=2257
Direct Newton iteration succeeded in finding operating point.

.step run=2258
Direct Newton iteration succeeded in finding operating point.

.step run=2259
Direct Newton iteration succeeded in finding operating point.

.step run=2260
Direct Newton iteration succeeded in finding operating point.

.step run=2261
Direct Newton iteration succeeded in finding operating point.

.step run=2262
Direct Newton iteration succeeded in finding operating point.

.step run=2263
Direct Newton iteration succeeded in finding operating point.

.step run=2264
Direct Newton iteration succeeded in finding operating point.

.step run=2265
Direct Newton iteration succeeded in finding operating point.

.step run=2266
Direct Newton iteration succeeded in finding operating point.

.step run=2267
Direct Newton iteration succeeded in finding operating point.

.step run=2268
Direct Newton iteration succeeded in finding operating point.

.step run=2269
Direct Newton iteration succeeded in finding operating point.

.step run=2270
Direct Newton iteration succeeded in finding operating point.

.step run=2271
Direct Newton iteration succeeded in finding operating point.

.step run=2272
Direct Newton iteration succeeded in finding operating point.

.step run=2273
Direct Newton iteration succeeded in finding operating point.

.step run=2274
Direct Newton iteration succeeded in finding operating point.

.step run=2275
Direct Newton iteration succeeded in finding operating point.

.step run=2276
Direct Newton iteration succeeded in finding operating point.

.step run=2277
Direct Newton iteration succeeded in finding operating point.

.step run=2278
Direct Newton iteration succeeded in finding operating point.

.step run=2279
Direct Newton iteration succeeded in finding operating point.

.step run=2280
Direct Newton iteration succeeded in finding operating point.

.step run=2281
Direct Newton iteration succeeded in finding operating point.

.step run=2282
Direct Newton iteration succeeded in finding operating point.

.step run=2283
Direct Newton iteration succeeded in finding operating point.

.step run=2284
Direct Newton iteration succeeded in finding operating point.

.step run=2285
Direct Newton iteration succeeded in finding operating point.

.step run=2286
Direct Newton iteration succeeded in finding operating point.

.step run=2287
Direct Newton iteration succeeded in finding operating point.

.step run=2288
Direct Newton iteration succeeded in finding operating point.

.step run=2289
Direct Newton iteration succeeded in finding operating point.

.step run=2290
Direct Newton iteration succeeded in finding operating point.

.step run=2291
Direct Newton iteration succeeded in finding operating point.

.step run=2292
Direct Newton iteration succeeded in finding operating point.

.step run=2293
Direct Newton iteration succeeded in finding operating point.

.step run=2294
Direct Newton iteration succeeded in finding operating point.

.step run=2295
Direct Newton iteration succeeded in finding operating point.

.step run=2296
Direct Newton iteration succeeded in finding operating point.

.step run=2297
Direct Newton iteration succeeded in finding operating point.

.step run=2298
Direct Newton iteration succeeded in finding operating point.

.step run=2299
Direct Newton iteration succeeded in finding operating point.

.step run=2300
Direct Newton iteration succeeded in finding operating point.

.step run=2301
Direct Newton iteration succeeded in finding operating point.

.step run=2302
Direct Newton iteration succeeded in finding operating point.

.step run=2303
Direct Newton iteration succeeded in finding operating point.

.step run=2304
Direct Newton iteration succeeded in finding operating point.

.step run=2305
Direct Newton iteration succeeded in finding operating point.

.step run=2306
Direct Newton iteration succeeded in finding operating point.

.step run=2307
Direct Newton iteration succeeded in finding operating point.

.step run=2308
Direct Newton iteration succeeded in finding operating point.

.step run=2309
Direct Newton iteration succeeded in finding operating point.

.step run=2310
Direct Newton iteration succeeded in finding operating point.

.step run=2311
Direct Newton iteration succeeded in finding operating point.

.step run=2312
Direct Newton iteration succeeded in finding operating point.

.step run=2313
Direct Newton iteration succeeded in finding operating point.

.step run=2314
Direct Newton iteration succeeded in finding operating point.

.step run=2315
Direct Newton iteration succeeded in finding operating point.

.step run=2316
Direct Newton iteration succeeded in finding operating point.

.step run=2317
Direct Newton iteration succeeded in finding operating point.

.step run=2318
Direct Newton iteration succeeded in finding operating point.

.step run=2319
Direct Newton iteration succeeded in finding operating point.

.step run=2320
Direct Newton iteration succeeded in finding operating point.

.step run=2321
Direct Newton iteration succeeded in finding operating point.

.step run=2322
Direct Newton iteration succeeded in finding operating point.

.step run=2323
Direct Newton iteration succeeded in finding operating point.

.step run=2324
Direct Newton iteration succeeded in finding operating point.

.step run=2325
Direct Newton iteration succeeded in finding operating point.

.step run=2326
Direct Newton iteration succeeded in finding operating point.

.step run=2327
Direct Newton iteration succeeded in finding operating point.

.step run=2328
Direct Newton iteration succeeded in finding operating point.

.step run=2329
Direct Newton iteration succeeded in finding operating point.

.step run=2330
Direct Newton iteration succeeded in finding operating point.

.step run=2331
Direct Newton iteration succeeded in finding operating point.

.step run=2332
Direct Newton iteration succeeded in finding operating point.

.step run=2333
Direct Newton iteration succeeded in finding operating point.

.step run=2334
Direct Newton iteration succeeded in finding operating point.

.step run=2335
Direct Newton iteration succeeded in finding operating point.

.step run=2336
Direct Newton iteration succeeded in finding operating point.

.step run=2337
Direct Newton iteration succeeded in finding operating point.

.step run=2338
Direct Newton iteration succeeded in finding operating point.

.step run=2339
Direct Newton iteration succeeded in finding operating point.

.step run=2340
Direct Newton iteration succeeded in finding operating point.

.step run=2341
Direct Newton iteration succeeded in finding operating point.

.step run=2342
Direct Newton iteration succeeded in finding operating point.

.step run=2343
Direct Newton iteration succeeded in finding operating point.

.step run=2344
Direct Newton iteration succeeded in finding operating point.

.step run=2345
Direct Newton iteration succeeded in finding operating point.

.step run=2346
Direct Newton iteration succeeded in finding operating point.

.step run=2347
Direct Newton iteration succeeded in finding operating point.

.step run=2348
Direct Newton iteration succeeded in finding operating point.

.step run=2349
Direct Newton iteration succeeded in finding operating point.

.step run=2350
Direct Newton iteration succeeded in finding operating point.

.step run=2351
Direct Newton iteration succeeded in finding operating point.

.step run=2352
Direct Newton iteration succeeded in finding operating point.

.step run=2353
Direct Newton iteration succeeded in finding operating point.

.step run=2354
Direct Newton iteration succeeded in finding operating point.

.step run=2355
Direct Newton iteration succeeded in finding operating point.

.step run=2356
Direct Newton iteration succeeded in finding operating point.

.step run=2357
Direct Newton iteration succeeded in finding operating point.

.step run=2358
Direct Newton iteration succeeded in finding operating point.

.step run=2359
Direct Newton iteration succeeded in finding operating point.

.step run=2360
Direct Newton iteration succeeded in finding operating point.

.step run=2361
Direct Newton iteration succeeded in finding operating point.

.step run=2362
Direct Newton iteration succeeded in finding operating point.

.step run=2363
Direct Newton iteration succeeded in finding operating point.

.step run=2364
Direct Newton iteration succeeded in finding operating point.

.step run=2365
Direct Newton iteration succeeded in finding operating point.

.step run=2366
Direct Newton iteration succeeded in finding operating point.

.step run=2367
Direct Newton iteration succeeded in finding operating point.

.step run=2368
Direct Newton iteration succeeded in finding operating point.

.step run=2369
Direct Newton iteration succeeded in finding operating point.

.step run=2370
Direct Newton iteration succeeded in finding operating point.

.step run=2371
Direct Newton iteration succeeded in finding operating point.

.step run=2372
Direct Newton iteration succeeded in finding operating point.

.step run=2373
Direct Newton iteration succeeded in finding operating point.

.step run=2374
Direct Newton iteration succeeded in finding operating point.

.step run=2375
Direct Newton iteration succeeded in finding operating point.

.step run=2376
Direct Newton iteration succeeded in finding operating point.

.step run=2377
Direct Newton iteration succeeded in finding operating point.

.step run=2378
Direct Newton iteration succeeded in finding operating point.

.step run=2379
Direct Newton iteration succeeded in finding operating point.

.step run=2380
Direct Newton iteration succeeded in finding operating point.

.step run=2381
Direct Newton iteration succeeded in finding operating point.

.step run=2382
Direct Newton iteration succeeded in finding operating point.

.step run=2383
Direct Newton iteration succeeded in finding operating point.

.step run=2384
Direct Newton iteration succeeded in finding operating point.

.step run=2385
Direct Newton iteration succeeded in finding operating point.

.step run=2386
Direct Newton iteration succeeded in finding operating point.

.step run=2387
Direct Newton iteration succeeded in finding operating point.

.step run=2388
Direct Newton iteration succeeded in finding operating point.

.step run=2389
Direct Newton iteration succeeded in finding operating point.

.step run=2390
Direct Newton iteration succeeded in finding operating point.

.step run=2391
Direct Newton iteration succeeded in finding operating point.

.step run=2392
Direct Newton iteration succeeded in finding operating point.

.step run=2393
Direct Newton iteration succeeded in finding operating point.

.step run=2394
Direct Newton iteration succeeded in finding operating point.

.step run=2395
Direct Newton iteration succeeded in finding operating point.

.step run=2396
Direct Newton iteration succeeded in finding operating point.

.step run=2397
Direct Newton iteration succeeded in finding operating point.

.step run=2398
Direct Newton iteration succeeded in finding operating point.

.step run=2399
Direct Newton iteration succeeded in finding operating point.

.step run=2400
Direct Newton iteration succeeded in finding operating point.

.step run=2401
Direct Newton iteration succeeded in finding operating point.

.step run=2402
Direct Newton iteration succeeded in finding operating point.

.step run=2403
Direct Newton iteration succeeded in finding operating point.

.step run=2404
Direct Newton iteration succeeded in finding operating point.

.step run=2405
Direct Newton iteration succeeded in finding operating point.

.step run=2406
Direct Newton iteration succeeded in finding operating point.

.step run=2407
Direct Newton iteration succeeded in finding operating point.

.step run=2408
Direct Newton iteration succeeded in finding operating point.

.step run=2409
Direct Newton iteration succeeded in finding operating point.

.step run=2410
Direct Newton iteration succeeded in finding operating point.

.step run=2411
Direct Newton iteration succeeded in finding operating point.

.step run=2412
Direct Newton iteration succeeded in finding operating point.

.step run=2413
Direct Newton iteration succeeded in finding operating point.

.step run=2414
Direct Newton iteration succeeded in finding operating point.

.step run=2415
Direct Newton iteration succeeded in finding operating point.

.step run=2416
Direct Newton iteration succeeded in finding operating point.

.step run=2417
Direct Newton iteration succeeded in finding operating point.

.step run=2418
Direct Newton iteration succeeded in finding operating point.

.step run=2419
Direct Newton iteration succeeded in finding operating point.

.step run=2420
Direct Newton iteration succeeded in finding operating point.

.step run=2421
Direct Newton iteration succeeded in finding operating point.

.step run=2422
Direct Newton iteration succeeded in finding operating point.

.step run=2423
Direct Newton iteration succeeded in finding operating point.

.step run=2424
Direct Newton iteration succeeded in finding operating point.

.step run=2425
Direct Newton iteration succeeded in finding operating point.

.step run=2426
Direct Newton iteration succeeded in finding operating point.

.step run=2427
Direct Newton iteration succeeded in finding operating point.

.step run=2428
Direct Newton iteration succeeded in finding operating point.

.step run=2429
Direct Newton iteration succeeded in finding operating point.

.step run=2430
Direct Newton iteration succeeded in finding operating point.

.step run=2431
Direct Newton iteration succeeded in finding operating point.

.step run=2432
Direct Newton iteration succeeded in finding operating point.

.step run=2433
Direct Newton iteration succeeded in finding operating point.

.step run=2434
Direct Newton iteration succeeded in finding operating point.

.step run=2435
Direct Newton iteration succeeded in finding operating point.

.step run=2436
Direct Newton iteration succeeded in finding operating point.

.step run=2437
Direct Newton iteration succeeded in finding operating point.

.step run=2438
Direct Newton iteration succeeded in finding operating point.

.step run=2439
Direct Newton iteration succeeded in finding operating point.

.step run=2440
Direct Newton iteration succeeded in finding operating point.

.step run=2441
Direct Newton iteration succeeded in finding operating point.

.step run=2442
Direct Newton iteration succeeded in finding operating point.

.step run=2443
Direct Newton iteration succeeded in finding operating point.

.step run=2444
Direct Newton iteration succeeded in finding operating point.

.step run=2445
Direct Newton iteration succeeded in finding operating point.

.step run=2446
Direct Newton iteration succeeded in finding operating point.

.step run=2447
Direct Newton iteration succeeded in finding operating point.

.step run=2448
Direct Newton iteration succeeded in finding operating point.

.step run=2449
Direct Newton iteration succeeded in finding operating point.

.step run=2450
Direct Newton iteration succeeded in finding operating point.

.step run=2451
Direct Newton iteration succeeded in finding operating point.

.step run=2452
Direct Newton iteration succeeded in finding operating point.

.step run=2453
Direct Newton iteration succeeded in finding operating point.

.step run=2454
Direct Newton iteration succeeded in finding operating point.

.step run=2455
Direct Newton iteration succeeded in finding operating point.

.step run=2456
Direct Newton iteration succeeded in finding operating point.

.step run=2457
Direct Newton iteration succeeded in finding operating point.

.step run=2458
Direct Newton iteration succeeded in finding operating point.

.step run=2459
Direct Newton iteration succeeded in finding operating point.

.step run=2460
Direct Newton iteration succeeded in finding operating point.

.step run=2461
Direct Newton iteration succeeded in finding operating point.

.step run=2462
Direct Newton iteration succeeded in finding operating point.

.step run=2463
Direct Newton iteration succeeded in finding operating point.

.step run=2464
Direct Newton iteration succeeded in finding operating point.

.step run=2465
Direct Newton iteration succeeded in finding operating point.

.step run=2466
Direct Newton iteration succeeded in finding operating point.

.step run=2467
Direct Newton iteration succeeded in finding operating point.

.step run=2468
Direct Newton iteration succeeded in finding operating point.

.step run=2469
Direct Newton iteration succeeded in finding operating point.

.step run=2470
Direct Newton iteration succeeded in finding operating point.

.step run=2471
Direct Newton iteration succeeded in finding operating point.

.step run=2472
Direct Newton iteration succeeded in finding operating point.

.step run=2473
Direct Newton iteration succeeded in finding operating point.

.step run=2474
Direct Newton iteration succeeded in finding operating point.

.step run=2475
Direct Newton iteration succeeded in finding operating point.

.step run=2476
Direct Newton iteration succeeded in finding operating point.

.step run=2477
Direct Newton iteration succeeded in finding operating point.

.step run=2478
Direct Newton iteration succeeded in finding operating point.

.step run=2479
Direct Newton iteration succeeded in finding operating point.

.step run=2480
Direct Newton iteration succeeded in finding operating point.

.step run=2481
Direct Newton iteration succeeded in finding operating point.

.step run=2482
Direct Newton iteration succeeded in finding operating point.

.step run=2483
Direct Newton iteration succeeded in finding operating point.

.step run=2484
Direct Newton iteration succeeded in finding operating point.

.step run=2485
Direct Newton iteration succeeded in finding operating point.

.step run=2486
Direct Newton iteration succeeded in finding operating point.

.step run=2487
Direct Newton iteration succeeded in finding operating point.

.step run=2488
Direct Newton iteration succeeded in finding operating point.

.step run=2489
Direct Newton iteration succeeded in finding operating point.

.step run=2490
Direct Newton iteration succeeded in finding operating point.

.step run=2491
Direct Newton iteration succeeded in finding operating point.

.step run=2492
Direct Newton iteration succeeded in finding operating point.

.step run=2493
Direct Newton iteration succeeded in finding operating point.

.step run=2494
Direct Newton iteration succeeded in finding operating point.

.step run=2495
Direct Newton iteration succeeded in finding operating point.

.step run=2496
Direct Newton iteration succeeded in finding operating point.

.step run=2497
Direct Newton iteration succeeded in finding operating point.

.step run=2498
Direct Newton iteration succeeded in finding operating point.

.step run=2499
Direct Newton iteration succeeded in finding operating point.

.step run=2500
Direct Newton iteration succeeded in finding operating point.

.step run=2501
Direct Newton iteration succeeded in finding operating point.

.step run=2502
Direct Newton iteration succeeded in finding operating point.

.step run=2503
Direct Newton iteration succeeded in finding operating point.

.step run=2504
Direct Newton iteration succeeded in finding operating point.

.step run=2505
Direct Newton iteration succeeded in finding operating point.

.step run=2506
Direct Newton iteration succeeded in finding operating point.

.step run=2507
Direct Newton iteration succeeded in finding operating point.

.step run=2508
Direct Newton iteration succeeded in finding operating point.

.step run=2509
Direct Newton iteration succeeded in finding operating point.

.step run=2510
Direct Newton iteration succeeded in finding operating point.

.step run=2511
Direct Newton iteration succeeded in finding operating point.

.step run=2512
Direct Newton iteration succeeded in finding operating point.

.step run=2513
Direct Newton iteration succeeded in finding operating point.

.step run=2514
Direct Newton iteration succeeded in finding operating point.

.step run=2515
Direct Newton iteration succeeded in finding operating point.

.step run=2516
Direct Newton iteration succeeded in finding operating point.

.step run=2517
Direct Newton iteration succeeded in finding operating point.

.step run=2518
Direct Newton iteration succeeded in finding operating point.

.step run=2519
Direct Newton iteration succeeded in finding operating point.

.step run=2520
Direct Newton iteration succeeded in finding operating point.

.step run=2521
Direct Newton iteration succeeded in finding operating point.

.step run=2522
Direct Newton iteration succeeded in finding operating point.

.step run=2523
Direct Newton iteration succeeded in finding operating point.

.step run=2524
Direct Newton iteration succeeded in finding operating point.

.step run=2525
Direct Newton iteration succeeded in finding operating point.

.step run=2526
Direct Newton iteration succeeded in finding operating point.

.step run=2527
Direct Newton iteration succeeded in finding operating point.

.step run=2528
Direct Newton iteration succeeded in finding operating point.

.step run=2529
Direct Newton iteration succeeded in finding operating point.

.step run=2530
Direct Newton iteration succeeded in finding operating point.

.step run=2531
Direct Newton iteration succeeded in finding operating point.

.step run=2532
Direct Newton iteration succeeded in finding operating point.

.step run=2533
Direct Newton iteration succeeded in finding operating point.

.step run=2534
Direct Newton iteration succeeded in finding operating point.

.step run=2535
Direct Newton iteration succeeded in finding operating point.

.step run=2536
Direct Newton iteration succeeded in finding operating point.

.step run=2537
Direct Newton iteration succeeded in finding operating point.

.step run=2538
Direct Newton iteration succeeded in finding operating point.

.step run=2539
Direct Newton iteration succeeded in finding operating point.

.step run=2540
Direct Newton iteration succeeded in finding operating point.

.step run=2541
Direct Newton iteration succeeded in finding operating point.

.step run=2542
Direct Newton iteration succeeded in finding operating point.

.step run=2543
Direct Newton iteration succeeded in finding operating point.

.step run=2544
Direct Newton iteration succeeded in finding operating point.

.step run=2545
Direct Newton iteration succeeded in finding operating point.

.step run=2546
Direct Newton iteration succeeded in finding operating point.

.step run=2547
Direct Newton iteration succeeded in finding operating point.

.step run=2548
Direct Newton iteration succeeded in finding operating point.

.step run=2549
Direct Newton iteration succeeded in finding operating point.

.step run=2550
Direct Newton iteration succeeded in finding operating point.

.step run=2551
Direct Newton iteration succeeded in finding operating point.

.step run=2552
Direct Newton iteration succeeded in finding operating point.

.step run=2553
Direct Newton iteration succeeded in finding operating point.

.step run=2554
Direct Newton iteration succeeded in finding operating point.

.step run=2555
Direct Newton iteration succeeded in finding operating point.

.step run=2556
Direct Newton iteration succeeded in finding operating point.

.step run=2557
Direct Newton iteration succeeded in finding operating point.

.step run=2558
Direct Newton iteration succeeded in finding operating point.

.step run=2559
Direct Newton iteration succeeded in finding operating point.

.step run=2560
Direct Newton iteration succeeded in finding operating point.

.step run=2561
Direct Newton iteration succeeded in finding operating point.

.step run=2562
Direct Newton iteration succeeded in finding operating point.

.step run=2563
Direct Newton iteration succeeded in finding operating point.

.step run=2564
Direct Newton iteration succeeded in finding operating point.

.step run=2565
Direct Newton iteration succeeded in finding operating point.

.step run=2566
Direct Newton iteration succeeded in finding operating point.

.step run=2567
Direct Newton iteration succeeded in finding operating point.

.step run=2568
Direct Newton iteration succeeded in finding operating point.

.step run=2569
Direct Newton iteration succeeded in finding operating point.

.step run=2570
Direct Newton iteration succeeded in finding operating point.

.step run=2571
Direct Newton iteration succeeded in finding operating point.

.step run=2572
Direct Newton iteration succeeded in finding operating point.

.step run=2573
Direct Newton iteration succeeded in finding operating point.

.step run=2574
Direct Newton iteration succeeded in finding operating point.

.step run=2575
Direct Newton iteration succeeded in finding operating point.

.step run=2576
Direct Newton iteration succeeded in finding operating point.

.step run=2577
Direct Newton iteration succeeded in finding operating point.

.step run=2578
Direct Newton iteration succeeded in finding operating point.

.step run=2579
Direct Newton iteration succeeded in finding operating point.

.step run=2580
Direct Newton iteration succeeded in finding operating point.

.step run=2581
Direct Newton iteration succeeded in finding operating point.

.step run=2582
Direct Newton iteration succeeded in finding operating point.

.step run=2583
Direct Newton iteration succeeded in finding operating point.

.step run=2584
Direct Newton iteration succeeded in finding operating point.

.step run=2585
Direct Newton iteration succeeded in finding operating point.

.step run=2586
Direct Newton iteration succeeded in finding operating point.

.step run=2587
Direct Newton iteration succeeded in finding operating point.

.step run=2588
Direct Newton iteration succeeded in finding operating point.

.step run=2589
Direct Newton iteration succeeded in finding operating point.

.step run=2590
Direct Newton iteration succeeded in finding operating point.

.step run=2591
Direct Newton iteration succeeded in finding operating point.

.step run=2592
Direct Newton iteration succeeded in finding operating point.

.step run=2593
Direct Newton iteration succeeded in finding operating point.

.step run=2594
Direct Newton iteration succeeded in finding operating point.

.step run=2595
Direct Newton iteration succeeded in finding operating point.

.step run=2596
Direct Newton iteration succeeded in finding operating point.

.step run=2597
Direct Newton iteration succeeded in finding operating point.

.step run=2598
Direct Newton iteration succeeded in finding operating point.

.step run=2599
Direct Newton iteration succeeded in finding operating point.

.step run=2600
Direct Newton iteration succeeded in finding operating point.

.step run=2601
Direct Newton iteration succeeded in finding operating point.

.step run=2602
Direct Newton iteration succeeded in finding operating point.

.step run=2603
Direct Newton iteration succeeded in finding operating point.

.step run=2604
Direct Newton iteration succeeded in finding operating point.
Total elapsed time: 218.911 seconds.

Files loaded:
/private/var/folders/7r/frnl9vtn153bhbn6cgk07_2m0000gn/T/cwht-lts.sUIpCd/keying_a4_sens.cir

