run,case_label,sub_db_per_v,tset_ms,pack,vd,step_w,vsh,vos,pset_w,ptop_w,first_rise_ms,first_fall_ms,first_err_pct,first_shape_err,pass_first_t1090_req_tx005,pass_first_t1090_tc_sys013,pass_first_shape
1,nominal,100,3,7.4,7.1,0.5,-0.3,0,0.5,0.5,3.76,3.017,25.33,0.08687,FAIL,FAIL,FAIL
2,nominal,100,5,7.4,7.1,0.5,-0.3,0,0.5,0.5,5.022,5.014,0.4469,0.07063,PASS,PASS,FAIL
3,nominal,100,8,7.4,7.1,0.5,-0.3,0,0.5,0.5,8.008,8.006,0.09649,0.05756,PASS,PASS,FAIL
4,nominal,100,3,7.4,7.1,1,-0.3,0,1,1,3.028,3.01,0.9402,0.06871,PASS,PASS,FAIL
5,nominal,100,5,7.4,7.1,1,-0.3,0,1,1,5.014,5.007,0.2862,0.05604,PASS,PASS,FAIL
6,nominal,100,8,7.4,7.1,1,-0.3,0,1,1,8.009,8.006,0.1158,0.0454,PASS,PASS,PASS
7,nominal,100,3,7.4,7.1,2,-0.3,0,2,2,3.764,3.006,25.45,0.09284,FAIL,FAIL,FAIL
8,nominal,100,5,7.4,7.1,2,-0.3,0,2,2,6.29,5.003,25.8,0.07702,FAIL,FAIL,FAIL
9,nominal,100,8,7.4,7.1,2,-0.3,0,2,2,8.008,8.003,0.1047,0.06268,PASS,PASS,FAIL
10,nominal,100,3,7.4,7.1,5,-0.3,0,3.9,3.9,3.712,3.017,23.72,0.07072,FAIL,FAIL,FAIL
11,nominal,100,5,7.4,7.1,5,-0.3,0,3.9,3.9,5.009,5.01,0.1902,0.06136,PASS,PASS,FAIL
12,nominal,100,8,7.4,7.1,5,-0.3,0,3.9,3.9,8,8.004,0.04792,0.0499,PASS,PASS,PASS
13,nominal,100,3,7.4,7.1,0.5,-0.28,0,0.5,0.5,3.732,3.012,24.41,0.08005,FAIL,FAIL,FAIL
14,nominal,100,5,7.4,7.1,0.5,-0.28,0,0.5,0.5,5.022,5.01,0.4431,0.06519,PASS,PASS,FAIL
15,nominal,100,8,7.4,7.1,0.5,-0.28,0,0.5,0.5,8.01,8.011,0.1376,0.05339,PASS,PASS,FAIL
16,nominal,100,3,7.4,7.1,1,-0.28,0,1,1,3.03,3.009,1,0.06301,PASS,PASS,FAIL
17,nominal,100,5,7.4,7.1,1,-0.28,0,1,1,5.014,5.007,0.2835,0.05157,PASS,PASS,FAIL
18,nominal,100,8,7.4,7.1,1,-0.28,0,1,1,8.009,8.006,0.1158,0.04196,PASS,PASS,PASS
19,nominal,100,3,7.4,7.1,2,-0.28,0,2,2,3.735,3.01,24.5,0.08723,FAIL,FAIL,FAIL
20,nominal,100,5,7.4,7.1,2,-0.28,0,2,2,5.031,5.003,0.6243,0.07073,PASS,PASS,FAIL
21,nominal,100,8,7.4,7.1,2,-0.28,0,2,2,8.011,8.005,0.1378,0.05787,PASS,PASS,FAIL
22,nominal,100,3,7.4,7.1,5,-0.28,0,3.9,3.9,3.035,3.016,1.16,0.06679,PASS,PASS,FAIL
23,nominal,100,5,7.4,7.1,5,-0.28,0,3.9,3.9,5.013,5.01,0.2564,0.05649,PASS,PASS,FAIL
24,nominal,100,8,7.4,7.1,5,-0.28,0,3.9,3.9,8,8.005,0.06622,0.04595,PASS,PASS,PASS
25,nominal,100,3,7.4,7.1,0.5,-0.26,0,0.5,0.5,3.698,3.013,23.28,0.07401,FAIL,FAIL,FAIL
26,nominal,100,5,7.4,7.1,0.5,-0.26,0,0.5,0.5,5.023,5.014,0.4693,0.05998,PASS,PASS,FAIL
27,nominal,100,8,7.4,7.1,0.5,-0.26,0,0.5,0.5,8.008,8.006,0.0966,0.04895,PASS,PASS,PASS
28,nominal,100,3,7.4,7.1,1,-0.26,0,1,1,3.031,3.013,1.024,0.05822,PASS,PASS,FAIL
29,nominal,100,5,7.4,7.1,1,-0.26,0,1,1,5.011,5.01,0.2201,0.04738,PASS,PASS,PASS
30,nominal,100,8,7.4,7.1,1,-0.26,0,1,1,8.007,8.003,0.08704,0.03865,PASS,PASS,PASS
31,nominal,100,3,7.4,7.1,2,-0.26,0,2,2,3.707,3.009,23.56,0.07949,FAIL,FAIL,FAIL
32,nominal,100,5,7.4,7.1,2,-0.26,0,2,2,5.032,5.003,0.6315,0.0649,PASS,PASS,FAIL
33,nominal,100,8,7.4,7.1,2,-0.26,0,2,2,8.011,8.002,0.1358,0.05312,PASS,PASS,FAIL
34,nominal,100,3,7.4,7.1,5,-0.26,0,3.9,3.9,3.038,3.016,1.272,0.06371,PASS,PASS,FAIL
35,nominal,100,5,7.4,7.1,5,-0.26,0,3.9,3.9,5.009,5.011,0.224,0.05183,PASS,PASS,FAIL
36,nominal,100,8,7.4,7.1,5,-0.26,0,3.9,3.9,8.002,8.003,0.03341,0.04238,PASS,PASS,PASS
37,nominal,100,3,7.4,7.1,0.5,-0.24,0,0.5,0.5,3.655,3.015,21.85,0.06768,FAIL,FAIL,FAIL
38,nominal,100,5,7.4,7.1,0.5,-0.24,0,0.5,0.5,5.022,5.01,0.4423,0.05495,PASS,PASS,FAIL
39,nominal,100,8,7.4,7.1,0.5,-0.24,0,0.5,0.5,8.008,8.007,0.1041,0.04468,PASS,PASS,PASS
40,nominal,100,3,7.4,7.1,1,-0.24,0,1,1,3.031,3.013,1.026,0.05344,PASS,PASS,FAIL
41,nominal,100,5,7.4,7.1,1,-0.24,0,1,1,5.011,5.01,0.2274,0.04341,PASS,PASS,PASS
42,nominal,100,8,7.4,7.1,1,-0.24,0,1,1,8.009,8.006,0.1176,0.03518,PASS,PASS,PASS
43,nominal,100,3,7.4,7.1,2,-0.24,0,2,2,3.676,3.008,22.54,0.07319,FAIL,FAIL,FAIL
44,nominal,100,5,7.4,7.1,2,-0.24,0,2,2,5.032,5.003,0.6306,0.05964,PASS,PASS,FAIL
45,nominal,100,8,7.4,7.1,2,-0.24,0,2,2,8.011,8.005,0.1376,0.04838,PASS,PASS,PASS
46,nominal,100,3,7.4,7.1,5,-0.24,0,3.9,3.9,3.037,3.017,1.226,0.05827,PASS,PASS,FAIL
47,nominal,100,5,7.4,7.1,5,-0.24,0,3.9,3.9,5.009,5.013,0.2521,0.0475,PASS,PASS,PASS
48,nominal,100,8,7.4,7.1,5,-0.24,0,3.9,3.9,8.002,8.006,0.07843,0.03856,PASS,PASS,PASS
49,nominal,100,3,7.4,7.1,0.5,-0.22,0,0.5,0.5,3.582,3.013,19.41,0.06105,FAIL,FAIL,FAIL
50,nominal,100,5,7.4,7.1,0.5,-0.22,0,0.5,0.5,5.023,5.01,0.4531,0.05017,PASS,PASS,FAIL
51,nominal,100,8,7.4,7.1,0.5,-0.22,0,0.5,0.5,8.01,8.011,0.1376,0.0406,PASS,PASS,PASS
52,nominal,100,3,7.4,7.1,1,-0.22,0,1,1,3.031,3.013,1.023,0.04856,PASS,PASS,PASS
53,nominal,100,5,7.4,7.1,1,-0.22,0,1,1,5.013,5.008,0.2555,0.03936,PASS,PASS,PASS
54,nominal,100,8,7.4,7.1,1,-0.22,0,1,1,8.009,8.006,0.1158,0.03214,PASS,PASS,PASS
55,nominal,100,3,7.4,7.1,2,-0.22,0,2,2,3.634,3.009,21.13,0.0659,FAIL,FAIL,FAIL
56,nominal,100,5,7.4,7.1,2,-0.22,0,2,2,5.031,5.003,0.6222,0.05383,PASS,PASS,FAIL
57,nominal,100,8,7.4,7.1,2,-0.22,0,2,2,8.011,8.002,0.1355,0.04398,PASS,PASS,PASS
58,nominal,100,3,7.4,7.1,5,-0.22,0,3.9,3.9,3.039,3.017,1.302,0.05283,PASS,PASS,FAIL
59,nominal,100,5,7.4,7.1,5,-0.22,0,3.9,3.9,5.01,5.014,0.2787,0.04316,PASS,PASS,PASS
60,nominal,100,8,7.4,7.1,5,-0.22,0,3.9,3.9,8.001,8.005,0.06622,0.03515,PASS,PASS,PASS
61,nominal,100,3,7.4,7.1,0.5,-0.2,0,0.5,0.5,3.092,3.013,3.055,0.05509,PASS,PASS,FAIL
62,nominal,100,5,7.4,7.1,0.5,-0.2,0,0.5,0.5,5.024,5.014,0.4728,0.04481,PASS,PASS,PASS
63,nominal,100,8,7.4,7.1,0.5,-0.2,0,0.5,0.5,8.01,8.011,0.1376,0.0367,PASS,PASS,PASS
64,nominal,100,3,7.4,7.1,1,-0.2,0,1,1,3.03,3.013,1.004,0.04323,PASS,PASS,PASS
65,nominal,100,5,7.4,7.1,1,-0.2,0,1,1,5.013,5.009,0.2535,0.03537,PASS,PASS,PASS
66,nominal,100,8,7.4,7.1,1,-0.2,0,1,1,8.009,8.006,0.1158,0.02893,PASS,PASS,PASS
67,nominal,100,3,7.4,7.1,2,-0.2,0,2,2,3.578,3.008,19.25,0.05984,FAIL,FAIL,FAIL
68,nominal,100,5,7.4,7.1,2,-0.2,0,2,2,5.036,5.002,0.7226,0.04873,PASS,PASS,PASS
69,nominal,100,8,7.4,7.1,2,-0.2,0,2,2,8.009,8.005,0.112,0.03978,PASS,PASS,PASS
70,nominal,100,3,7.4,7.1,5,-0.2,0,3.9,3.9,3.038,3.016,1.265,0.04793,PASS,PASS,PASS
71,nominal,100,5,7.4,7.1,5,-0.2,0,3.9,3.9,5.013,5.012,0.251,0.03905,PASS,PASS,PASS
72,nominal,100,8,7.4,7.1,5,-0.2,0,3.9,3.9,8.002,8.005,0.06622,0.03155,PASS,PASS,PASS
73,nominal,100,3,7.4,7.1,0.5,-0.18,0,0.5,0.5,3.091,3.012,3.032,0.04938,PASS,PASS,PASS
74,nominal,100,5,7.4,7.1,0.5,-0.18,0,0.5,0.5,5.024,5.011,0.4735,0.04002,PASS,PASS,PASS
75,nominal,100,8,7.4,7.1,0.5,-0.18,0,0.5,0.5,8.007,8.008,0.1054,0.03289,PASS,PASS,PASS
76,nominal,100,3,7.4,7.1,1,-0.18,0,1,1,3.029,3.013,0.977,0.03889,PASS,PASS,PASS
77,nominal,100,5,7.4,7.1,1,-0.18,0,1,1,5.01,5.007,0.2023,0.03165,PASS,PASS,PASS
78,nominal,100,8,7.4,7.1,1,-0.18,0,1,1,8.009,8.006,0.1176,0.02585,PASS,PASS,PASS
79,nominal,100,3,7.4,7.1,2,-0.18,0,2,2,3.161,3.008,5.36,0.05375,PASS,PASS,FAIL
80,nominal,100,5,7.4,7.1,2,-0.18,0,2,2,5.031,5.003,0.6134,0.04346,PASS,PASS,PASS
81,nominal,100,8,7.4,7.1,2,-0.18,0,2,2,8.009,8.005,0.1173,0.0355,PASS,PASS,PASS
82,nominal,100,3,7.4,7.1,5,-0.18,0,3.9,3.9,3.041,3.016,1.368,0.04219,PASS,PASS,PASS
83,nominal,100,5,7.4,7.1,5,-0.18,0,3.9,3.9,5.008,5.012,0.2358,0.03483,PASS,PASS,PASS
84,nominal,100,8,7.4,7.1,5,-0.18,0,3.9,3.9,8.001,8.004,0.04791,0.02806,PASS,PASS,PASS
85,nominal,100,3,7.4,7.1,0.5,-0.16,0,0.5,0.5,3.088,3.013,2.946,0.04337,PASS,PASS,PASS
86,nominal,100,5,7.4,7.1,0.5,-0.16,0,0.5,0.5,5.022,5.01,0.4328,0.0353,PASS,PASS,PASS
87,nominal,100,8,7.4,7.1,0.5,-0.16,0,0.5,0.5,8.011,8.01,0.1334,0.02888,PASS,PASS,PASS
88,nominal,100,3,7.4,7.1,1,-0.16,0,1,1,3.031,3.012,1.038,0.034,PASS,PASS,PASS
89,nominal,100,5,7.4,7.1,1,-0.16,0,1,1,5.011,5.009,0.2281,0.0278,PASS,PASS,PASS
90,nominal,100,8,7.4,7.1,1,-0.16,0,1,1,8.009,8.006,0.1176,0.02269,PASS,PASS,PASS
91,nominal,100,3,7.4,7.1,2,-0.16,0,2,2,3.149,3.01,4.971,0.04679,PASS,PASS,PASS
92,nominal,100,5,7.4,7.1,2,-0.16,0,2,2,5.033,5.002,0.6571,0.0385,PASS,PASS,PASS
93,nominal,100,8,7.4,7.1,2,-0.16,0,2,2,8.011,8.002,0.1365,0.03158,PASS,PASS,PASS
94,nominal,100,3,7.4,7.1,5,-0.16,0,3.9,3.9,3.036,3.016,1.214,0.03735,PASS,PASS,PASS
95,nominal,100,5,7.4,7.1,5,-0.16,0,3.9,3.9,5.013,5.013,0.2558,0.03042,PASS,PASS,PASS
96,nominal,100,8,7.4,7.1,5,-0.16,0,3.9,3.9,8.001,8.005,0.06088,0.02497,PASS,PASS,PASS
97,nominal,100,3,7.4,7.1,0.5,-0.14,0,0.5,0.5,3.087,3.013,2.91,0.03712,PASS,PASS,PASS
98,nominal,100,5,7.4,7.1,0.5,-0.14,0,0.5,0.5,5.022,5.01,0.4321,0.0303,PASS,PASS,PASS
99,nominal,100,8,7.4,7.1,0.5,-0.14,0,0.5,0.5,8.008,8.006,0.09597,0.02506,PASS,PASS,PASS
100,nominal,100,3,7.4,7.1,1,-0.14,0,1,1,3.03,3.01,1.011,0.0303,PASS,PASS,PASS
101,nominal,100,5,7.4,7.1,1,-0.14,0,1,1,5.012,5.011,0.2439,0.02407,PASS,PASS,PASS
102,nominal,100,8,7.4,7.1,1,-0.14,0,1,1,8.006,8.008,0.1032,0.01979,PASS,PASS,PASS
103,nominal,100,3,7.4,7.1,2,-0.14,0,2,2,3.141,3.004,4.71,0.04058,PASS,PASS,PASS
104,nominal,100,5,7.4,7.1,2,-0.14,0,2,2,5.035,5.003,0.7094,0.03332,PASS,PASS,PASS
105,nominal,100,8,7.4,7.1,2,-0.14,0,2,2,8.011,8.003,0.1325,0.02728,PASS,PASS,PASS
106,nominal,100,3,7.4,7.1,5,-0.14,0,3.9,3.9,3.039,3.017,1.297,0.03271,PASS,PASS,PASS
107,nominal,100,5,7.4,7.1,5,-0.14,0,3.9,3.9,5.009,5.011,0.2207,0.0263,PASS,PASS,PASS
108,nominal,100,8,7.4,7.1,5,-0.14,0,3.9,3.9,8,8.007,0.08557,0.02167,PASS,PASS,PASS
109,nominal,100,3,7.4,7.1,0.5,-0.12,0,0.5,0.5,3.084,3.015,2.797,0.03153,PASS,PASS,PASS
110,nominal,100,5,7.4,7.1,0.5,-0.12,0,0.5,0.5,5.022,5.01,0.4305,0.02602,PASS,PASS,PASS
111,nominal,100,8,7.4,7.1,0.5,-0.12,0,0.5,0.5,8.007,8.011,0.1404,0.02137,PASS,PASS,PASS
112,nominal,100,3,7.4,7.1,1,-0.12,0,1,1,3.031,3.012,1.03,0.02523,PASS,PASS,PASS
113,nominal,100,5,7.4,7.1,1,-0.12,0,1,1,5.013,5.009,0.2532,0.02048,PASS,PASS,PASS
114,nominal,100,8,7.4,7.1,1,-0.12,0,1,1,8.009,8.006,0.1176,0.01672,PASS,PASS,PASS
115,nominal,100,3,7.4,7.1,2,-0.12,0,2,2,3.132,3.007,4.392,0.03488,PASS,PASS,PASS
116,nominal,100,5,7.4,7.1,2,-0.12,0,2,2,5.034,5.003,0.6858,0.02785,PASS,PASS,PASS
117,nominal,100,8,7.4,7.1,2,-0.12,0,2,2,8.009,8.003,0.1115,0.02342,PASS,PASS,PASS
118,nominal,100,3,7.4,7.1,5,-0.12,0,3.9,3.9,3.04,3.016,1.34,0.02734,PASS,PASS,PASS
119,nominal,100,5,7.4,7.1,5,-0.12,0,3.9,3.9,5.012,5.011,0.232,0.02225,PASS,PASS,PASS
120,nominal,100,8,7.4,7.1,5,-0.12,0,3.9,3.9,8.001,8.006,0.0732,0.01858,PASS,PASS,PASS
121,nominal,100,3,7.4,7.1,0.5,-0.1,0,0.5,0.5,3.079,3.012,2.623,0.02646,PASS,PASS,PASS
122,nominal,100,5,7.4,7.1,0.5,-0.1,0,0.5,0.5,5.022,5.012,0.4453,0.02136,PASS,PASS,PASS
123,nominal,100,8,7.4,7.1,0.5,-0.1,0,0.5,0.5,8.007,8.008,0.1054,0.01788,PASS,PASS,PASS
124,nominal,100,3,7.4,7.1,1,-0.1,0,1,1,3.03,3.013,1.016,0.02109,PASS,PASS,PASS
125,nominal,100,5,7.4,7.1,1,-0.1,0,1,1,5.011,5.008,0.2277,0.0168,PASS,PASS,PASS
126,nominal,100,8,7.4,7.1,1,-0.1,0,1,1,8.005,8.006,0.07401,0.01397,PASS,PASS,PASS
127,nominal,100,3,7.4,7.1,2,-0.1,0,2,2,3.115,3.01,3.848,0.02861,PASS,PASS,PASS
128,nominal,100,5,7.4,7.1,2,-0.1,0,2,2,5.028,5.004,0.5539,0.02329,PASS,PASS,PASS
129,nominal,100,8,7.4,7.1,2,-0.1,0,2,2,8.009,8.003,0.1079,0.01925,PASS,PASS,PASS
130,nominal,100,3,7.4,7.1,5,-0.1,0,3.9,3.9,3.038,3.017,1.273,0.02325,PASS,PASS,PASS
131,nominal,100,5,7.4,7.1,5,-0.1,0,3.9,3.9,5.014,5.01,0.2815,0.01875,PASS,PASS,PASS
132,nominal,100,8,7.4,7.1,5,-0.1,0,3.9,3.9,8.002,8.007,0.0842,0.01526,PASS,PASS,PASS
133,nominal,100,3,7.4,7.1,0.5,-0.08,0,0.5,0.5,3.07,3.013,2.334,0.021,PASS,PASS,PASS
134,nominal,100,5,7.4,7.1,0.5,-0.08,0,0.5,0.5,5.021,5.014,0.4133,0.01674,PASS,PASS,PASS
135,nominal,100,8,7.4,7.1,0.5,-0.08,0,0.5,0.5,8.011,8.008,0.1315,0.0141,PASS,PASS,PASS
136,nominal,100,3,7.4,7.1,1,-0.08,0,1,1,3.032,3.012,1.077,0.01701,PASS,PASS,PASS
137,nominal,100,5,7.4,7.1,1,-0.08,0,1,1,5.011,5.009,0.2118,0.01364,PASS,PASS,PASS
138,nominal,100,8,7.4,7.1,1,-0.08,0,1,1,8.005,8.003,0.05745,0.01108,PASS,PASS,PASS
139,nominal,100,3,7.4,7.1,2,-0.08,0,2,2,3.101,3.006,3.352,0.02285,PASS,PASS,PASS
140,nominal,100,5,7.4,7.1,2,-0.08,0,2,2,5.032,5.002,0.6378,0.01887,PASS,PASS,PASS
141,nominal,100,8,7.4,7.1,2,-0.08,0,2,2,8.01,8.003,0.1292,0.01538,PASS,PASS,PASS
142,nominal,100,3,7.4,7.1,5,-0.08,0,3.9,3.9,3.037,3.016,1.246,0.01883,PASS,PASS,PASS
143,nominal,100,5,7.4,7.1,5,-0.08,0,3.9,3.9,5.009,5.009,0.1845,0.01441,PASS,PASS,PASS
144,nominal,100,8,7.4,7.1,5,-0.08,0,3.9,3.9,8.003,8.007,0.09122,0.0121,PASS,PASS,PASS
145,nominal,100,3,7.4,7.1,0.5,-0.06,0,0.5,0.5,3.062,3.016,2.075,0.01573,PASS,PASS,PASS
146,nominal,100,5,7.4,7.1,0.5,-0.06,0,0.5,0.5,5.018,5.011,0.3613,0.01282,PASS,PASS,PASS
147,nominal,100,8,7.4,7.1,0.5,-0.06,0,0.5,0.5,8.006,8.008,0.1044,0.01039,PASS,PASS,PASS
148,nominal,100,3,7.4,7.1,1,-0.06,0,1,1,3.029,3.01,0.9548,0.01251,PASS,PASS,PASS
149,nominal,100,5,7.4,7.1,1,-0.06,0,1,1,5.012,5.011,0.2338,0.009805,PASS,PASS,PASS
150,nominal,100,8,7.4,7.1,1,-0.06,0,1,1,8.005,8.003,0.05745,0.008068,PASS,PASS,PASS
151,nominal,100,3,7.4,7.1,2,-0.06,0,2,2,3.087,3.006,2.888,0.0174,PASS,PASS,PASS
152,nominal,100,5,7.4,7.1,2,-0.06,0,2,2,5.028,5,0.564,0.01387,PASS,PASS,PASS
153,nominal,100,8,7.4,7.1,2,-0.06,0,2,2,8.007,8.003,0.09235,0.01125,PASS,PASS,PASS
154,nominal,100,3,7.4,7.1,5,-0.06,0,3.9,3.9,3.038,3.017,1.255,0.01413,PASS,PASS,PASS
155,nominal,100,5,7.4,7.1,5,-0.06,0,3.9,3.9,5.01,5.01,0.2039,0.0108,PASS,PASS,PASS
156,nominal,100,8,7.4,7.1,5,-0.06,0,3.9,3.9,8.002,8.004,0.05572,0.009231,PASS,PASS,PASS
157,nominal,100,3,7.4,7.1,0.5,-0.04,0,0.5,0.5,3.054,3.013,1.797,0.01084,PASS,PASS,PASS
158,nominal,100,5,7.4,7.1,0.5,-0.04,0,0.5,0.5,5.018,5.01,0.3539,0.008323,PASS,PASS,PASS
159,nominal,100,8,7.4,7.1,0.5,-0.04,0,0.5,0.5,8.007,8.011,0.1419,0.006747,PASS,PASS,PASS
160,nominal,100,3,7.4,7.1,1,-0.04,0,1,1,3.029,3.011,0.9783,0.008872,PASS,PASS,PASS
161,nominal,100,5,7.4,7.1,1,-0.04,0,1,1,5.01,5.007,0.2004,0.007008,PASS,PASS,PASS
162,nominal,100,8,7.4,7.1,1,-0.04,0,1,1,8.004,8.004,0.05092,0.005288,PASS,PASS,PASS
163,nominal,100,3,7.4,7.1,2,-0.04,0,2,2,3.069,3.004,2.305,0.01181,PASS,PASS,PASS
164,nominal,100,5,7.4,7.1,2,-0.04,0,2,2,5.025,5.002,0.4917,0.009038,PASS,PASS,PASS
165,nominal,100,8,7.4,7.1,2,-0.04,0,2,2,8.007,8.004,0.08654,0.007429,PASS,PASS,PASS
166,nominal,100,3,7.4,7.1,5,-0.04,0,3.9,3.9,3.036,3.02,1.214,0.009549,PASS,PASS,PASS
167,nominal,100,5,7.4,7.1,5,-0.04,0,3.9,3.9,5.011,5.012,0.2457,0.007244,PASS,PASS,PASS
168,nominal,100,8,7.4,7.1,5,-0.04,0,3.9,3.9,8.002,8.004,0.05242,0.005989,PASS,PASS,PASS
169,nominal,100,3,7.4,7.1,0.5,-0.02,0,0.5,0.5,3.038,3.013,1.263,0.006359,PASS,PASS,PASS
170,nominal,100,5,7.4,7.1,0.5,-0.02,0,0.5,0.5,5.016,5.01,0.3245,0.004737,PASS,PASS,PASS
171,nominal,100,8,7.4,7.1,0.5,-0.02,0,0.5,0.5,8.006,8.008,0.1008,0.004737,PASS,PASS,PASS
172,nominal,100,3,7.4,7.1,1,-0.02,0,1,1,3.03,3.01,0.9903,0.006524,PASS,PASS,PASS
173,nominal,100,5,7.4,7.1,1,-0.02,0,1,1,5.011,5.007,0.2178,0.003474,PASS,PASS,PASS
174,nominal,100,8,7.4,7.1,1,-0.02,0,1,1,8.009,8.004,0.1134,0.00335,PASS,PASS,PASS
175,nominal,100,3,7.4,7.1,2,-0.02,0,2,2,3.052,3.006,1.73,0.006935,PASS,PASS,PASS
176,nominal,100,5,7.4,7.1,2,-0.02,0,2,2,5.019,5.002,0.3868,0.005019,PASS,PASS,PASS
177,nominal,100,8,7.4,7.1,2,-0.02,0,2,2,8.009,8.002,0.1155,0.003911,PASS,PASS,PASS
178,nominal,100,3,7.4,7.1,5,-0.02,0,3.9,3.9,3.03,3.017,0.9918,0.006098,PASS,PASS,PASS
179,nominal,100,5,7.4,7.1,5,-0.02,0,3.9,3.9,5.008,5.011,0.2127,0.003894,PASS,PASS,PASS
180,nominal,100,8,7.4,7.1,5,-0.02,0,3.9,3.9,8.002,8.005,0.06396,0.003019,PASS,PASS,PASS
181,nominal,100,3,7.4,7.1,0.5,0,0,0.5,0.5,3.027,3.014,0.9058,0.004801,PASS,PASS,PASS
182,nominal,100,5,7.4,7.1,0.5,0,0,0.5,0.5,5.011,5.012,0.2402,0.004737,PASS,PASS,PASS
183,nominal,100,8,7.4,7.1,0.5,0,0,0.5,0.5,8.006,8.01,0.1268,0.004737,PASS,PASS,PASS
184,nominal,100,3,7.4,7.1,1,0,0,1,1,3.028,3.012,0.9231,0.004555,PASS,PASS,PASS
185,nominal,100,5,7.4,7.1,1,0,0,1,1,5.013,5.01,0.2579,0.00335,PASS,PASS,PASS
186,nominal,100,8,7.4,7.1,1,0,0,1,1,8.007,8.003,0.08659,0.00335,PASS,PASS,PASS
187,nominal,100,3,7.4,7.1,2,0,0,2,2,3.027,3.008,0.9077,0.00539,PASS,PASS,PASS
188,nominal,100,5,7.4,7.1,2,0,0,2,2,5.018,4.999,0.3654,0.002369,PASS,PASS,PASS
189,nominal,100,8,7.4,7.1,2,0,0,2,2,8.005,8.003,0.06505,0.002369,PASS,PASS,PASS
190,nominal,100,3,7.4,7.1,5,0,0,3.9,3.9,3.027,3.019,0.8901,0.005699,PASS,PASS,PASS
191,nominal,100,5,7.4,7.1,5,0,0,3.9,3.9,5.007,5.011,0.2165,0.002495,PASS,PASS,PASS
192,nominal,100,8,7.4,7.1,5,0,0,3.9,3.9,8.003,8.006,0.0708,0.001696,PASS,PASS,PASS
193,nominal,100,3,7.4,7.1,0.5,0.02,0,0.5,0.5,3.013,3.015,0.5031,0.008742,PASS,PASS,PASS
194,nominal,100,5,7.4,7.1,0.5,0.02,0,0.5,0.5,5.01,5.014,0.2728,0.00541,PASS,PASS,PASS
195,nominal,100,8,7.4,7.1,0.5,0.02,0,0.5,0.5,8.008,8.006,0.1029,0.004737,PASS,PASS,PASS
196,nominal,100,3,7.4,7.1,1,0.02,0,1,1,3.024,3.013,0.7928,0.007298,PASS,PASS,PASS
197,nominal,100,5,7.4,7.1,1,0.02,0,1,1,5.011,5.008,0.2197,0.004491,PASS,PASS,PASS
198,nominal,100,8,7.4,7.1,1,0.02,0,1,1,8.009,8.004,0.116,0.00335,PASS,PASS,PASS
199,nominal,100,3,7.4,7.1,2,0.02,0,2,2,3.008,3.004,0.2769,0.008561,PASS,PASS,PASS
200,nominal,100,5,7.4,7.1,2,0.02,0,2,2,5.004,5.002,0.08031,0.005619,PASS,PASS,PASS
201,nominal,100,8,7.4,7.1,2,0.02,0,2,2,8.004,8.004,0.04813,0.004507,PASS,PASS,PASS
202,nominal,100,3,7.4,7.1,5,0.02,0,3.9,3.9,3.02,3.016,0.6706,0.007451,PASS,PASS,PASS
203,nominal,100,5,7.4,7.1,5,0.02,0,3.9,3.9,5.007,5.01,0.2023,0.00489,PASS,PASS,PASS
204,nominal,100,8,7.4,7.1,5,0.02,0,3.9,3.9,8.002,8.006,0.0726,0.003497,PASS,PASS,PASS
205,nominal,100,3,7.4,7.1,0.5,0.04,0,0.5,0.5,2.993,3.014,0.4533,0.01247,PASS,PASS,PASS
206,nominal,100,5,7.4,7.1,0.5,0.04,0,0.5,0.5,5,5.011,0.2222,0.009465,PASS,PASS,PASS
207,nominal,100,8,7.4,7.1,0.5,0.04,0,0.5,0.5,8.004,8.008,0.104,0.007533,PASS,PASS,PASS
208,nominal,100,3,7.4,7.1,1,0.04,0,1,1,3.021,3.009,0.6853,0.0102,PASS,PASS,PASS
209,nominal,100,5,7.4,7.1,1,0.04,0,1,1,5.011,5.006,0.2118,0.007183,PASS,PASS,PASS
210,nominal,100,8,7.4,7.1,1,0.04,0,1,1,8.004,8.008,0.09887,0.005864,PASS,PASS,PASS
211,nominal,100,3,7.4,7.1,2,0.04,0,2,2,2.986,3.003,-0.4733,0.01381,PASS,PASS,PASS
212,nominal,100,5,7.4,7.1,2,0.04,0,2,2,4.995,5.002,-0.09778,0.01005,PASS,PASS,PASS
213,nominal,100,8,7.4,7.1,2,0.04,0,2,2,8.002,8.003,0.03597,0.008191,PASS,PASS,PASS
214,nominal,100,3,7.4,7.1,5,0.04,0,3.9,3.9,3.016,3.019,0.6304,0.01068,PASS,PASS,PASS
215,nominal,100,5,7.4,7.1,5,0.04,0,3.9,3.9,5.007,5.009,0.1769,0.007909,PASS,PASS,PASS
216,nominal,100,8,7.4,7.1,5,0.04,0,3.9,3.9,8.002,8.007,0.08398,0.006464,PASS,PASS,PASS
217,nominal,100,3,7.4,7.1,0.5,0.06,0,0.5,0.5,2.977,3.013,-0.7699,0.01626,PASS,PASS,PASS
218,nominal,100,5,7.4,7.1,0.5,0.06,0,0.5,0.5,4.993,5.009,0.1819,0.01319,PASS,PASS,PASS
219,nominal,100,8,7.4,7.1,0.5,0.06,0,0.5,0.5,8.003,8.011,0.1342,0.01048,PASS,PASS,PASS
220,nominal,100,3,7.4,7.1,1,0.06,0,1,1,3.015,3.01,0.4947,0.01356,PASS,PASS,PASS
221,nominal,100,5,7.4,7.1,1,0.06,0,1,1,5.013,5.007,0.2694,0.01031,PASS,PASS,PASS
222,nominal,100,8,7.4,7.1,1,0.06,0,1,1,8.008,8.007,0.1019,0.008498,PASS,PASS,PASS
223,nominal,100,3,7.4,7.1,2,0.06,0,2,2,2.959,3.008,-1.381,0.01817,PASS,PASS,PASS
224,nominal,100,5,7.4,7.1,2,0.06,0,2,2,4.98,5,-0.3904,0.01408,PASS,PASS,PASS
225,nominal,100,8,7.4,7.1,2,0.06,0,2,2,7.999,8.003,0.03229,0.01159,PASS,PASS,PASS
226,nominal,100,3,7.4,7.1,5,0.06,0,3.9,3.9,3.005,3.017,0.5682,0.01442,PASS,PASS,PASS
227,nominal,100,5,7.4,7.1,5,0.06,0,3.9,3.9,5.008,5.009,0.1879,0.01142,PASS,PASS,PASS
228,nominal,100,8,7.4,7.1,5,0.06,0,3.9,3.9,8,8.003,0.04042,0.009065,PASS,PASS,PASS
229,nominal,100,3,7.4,7.1,0.5,0.08,0,0.5,0.5,2.954,3.018,-1.518,0.02099,PASS,PASS,PASS
230,nominal,100,5,7.4,7.1,0.5,0.08,0,0.5,0.5,4.983,5.013,-0.3444,0.01661,PASS,PASS,PASS
231,nominal,100,8,7.4,7.1,0.5,0.08,0,0.5,0.5,8.004,8.007,0.08821,0.01349,PASS,PASS,PASS
232,nominal,100,3,7.4,7.1,1,0.08,0,1,1,3.002,3.012,0.4042,0.01673,PASS,PASS,PASS
233,nominal,100,5,7.4,7.1,1,0.08,0,1,1,5.009,5.007,0.1899,0.01328,PASS,PASS,PASS
234,nominal,100,8,7.4,7.1,1,0.08,0,1,1,8.005,8.008,0.09815,0.0109,PASS,PASS,PASS
235,nominal,100,3,7.4,7.1,2,0.08,0,2,2,2.941,3.008,-1.969,0.02339,PASS,PASS,PASS
236,nominal,100,5,7.4,7.1,2,0.08,0,2,2,4.961,5.002,-0.7826,0.01838,PASS,PASS,PASS
237,nominal,100,8,7.4,7.1,2,0.08,0,2,2,7.993,8.003,-0.08482,0.01483,PASS,PASS,PASS
238,nominal,100,3,7.4,7.1,5,0.08,0,3.9,3.9,3,3.016,0.5387,0.01819,PASS,PASS,PASS
239,nominal,100,5,7.4,7.1,5,0.08,0,3.9,3.9,5.007,5.009,0.1796,0.01435,PASS,PASS,PASS
240,nominal,100,8,7.4,7.1,5,0.08,0,3.9,3.9,8.002,8.006,0.07343,0.01189,PASS,PASS,PASS
241,nominal,100,3,7.4,7.1,0.5,0.1,0,0.5,0.5,2.937,3.012,-2.09,0.02455,PASS,PASS,PASS
242,nominal,100,5,7.4,7.1,0.5,0.1,0,0.5,0.5,4.969,5.011,-0.6185,0.02043,PASS,PASS,PASS
243,nominal,100,8,7.4,7.1,0.5,0.1,0,0.5,0.5,7.998,8.008,0.09578,0.01668,PASS,PASS,PASS
244,nominal,100,3,7.4,7.1,1,0.1,0,1,1,2.998,3.01,0.322,0.02004,PASS,PASS,PASS
245,nominal,100,5,7.4,7.1,1,0.1,0,1,1,5.01,5.009,0.1959,0.01593,PASS,PASS,PASS
246,nominal,100,8,7.4,7.1,1,0.1,0,1,1,8.006,8.004,0.07331,0.01331,PASS,PASS,PASS
247,nominal,100,3,7.4,7.1,2,0.1,0,2,2,2.92,3.008,-2.664,0.027,PASS,PASS,PASS
248,nominal,100,5,7.4,7.1,2,0.1,0,2,2,4.946,5.002,-1.074,0.02211,PASS,PASS,PASS
249,nominal,100,8,7.4,7.1,2,0.1,0,2,2,7.988,8,-0.1543,0.01796,PASS,PASS,PASS
250,nominal,100,3,7.4,7.1,5,0.1,0,3.9,3.9,2.987,3.017,0.5546,0.02204,PASS,PASS,PASS
251,nominal,100,5,7.4,7.1,5,0.1,0,3.9,3.9,5.005,5.008,0.1677,0.01726,PASS,PASS,PASS
252,nominal,100,8,7.4,7.1,5,0.1,0,3.9,3.9,8.002,8.006,0.07357,0.01443,PASS,PASS,PASS
253,nominal,100,3,7.4,7.1,0.5,0.12,0,0.5,0.5,2.919,3.013,-2.704,0.0287,PASS,PASS,PASS
254,nominal,100,5,7.4,7.1,0.5,0.12,0,0.5,0.5,4.956,5.01,-0.8836,0.02357,PASS,PASS,PASS
255,nominal,100,8,7.4,7.1,0.5,0.12,0,0.5,0.5,7.994,8.009,0.1173,0.01939,PASS,PASS,PASS
256,nominal,100,3,7.4,7.1,1,0.12,0,1,1,2.988,3.013,0.4468,0.02314,PASS,PASS,PASS
257,nominal,100,5,7.4,7.1,1,0.12,0,1,1,5.007,5.007,0.1461,0.01861,PASS,PASS,PASS
258,nominal,100,8,7.4,7.1,1,0.12,0,1,1,8.006,8.003,0.07981,0.01555,PASS,PASS,PASS
259,nominal,100,3,7.4,7.1,2,0.12,0,2,2,2.899,3.006,-3.356,0.03173,PASS,PASS,PASS
260,nominal,100,5,7.4,7.1,2,0.12,0,2,2,4.928,5.002,-1.442,0.02577,PASS,PASS,PASS
261,nominal,100,8,7.4,7.1,2,0.12,0,2,2,7.981,8.002,-0.2436,0.02131,PASS,PASS,PASS
262,nominal,100,3,7.4,7.1,5,0.12,0,3.9,3.9,2.972,3.017,-0.9178,0.02572,PASS,PASS,PASS
263,nominal,100,5,7.4,7.1,5,0.12,0,3.9,3.9,5,5.013,0.2563,0.02046,PASS,PASS,PASS
264,nominal,100,8,7.4,7.1,5,0.12,0,3.9,3.9,8.002,8.004,0.04824,0.01692,PASS,PASS,PASS
265,nominal,100,3,7.4,7.1,0.5,0.14,0,0.5,0.5,2.896,3.012,-3.468,0.033,PASS,PASS,PASS
266,nominal,100,5,7.4,7.1,0.5,0.14,0,0.5,0.5,4.936,5.01,-1.27,0.02667,PASS,PASS,PASS
267,nominal,100,8,7.4,7.1,0.5,0.14,0,0.5,0.5,7.991,8.007,-0.1165,0.02218,PASS,PASS,PASS
268,nominal,100,3,7.4,7.1,1,0.14,0,1,1,2.974,3.013,-0.8648,0.02634,PASS,PASS,PASS
269,nominal,100,5,7.4,7.1,1,0.14,0,1,1,5.006,5.006,0.1271,0.0216,PASS,PASS,PASS
270,nominal,100,8,7.4,7.1,1,0.14,0,1,1,8.006,8.006,0.07927,0.01766,PASS,PASS,PASS
271,nominal,100,3,7.4,7.1,2,0.14,0,2,2,2.877,3.008,-4.097,0.03593,PASS,PASS,PASS
272,nominal,100,5,7.4,7.1,2,0.14,0,2,2,4.902,5,-1.957,0.02917,PASS,PASS,PASS
273,nominal,100,8,7.4,7.1,2,0.14,0,2,2,7.966,8.002,-0.4227,0.02407,PASS,PASS,PASS
274,nominal,100,3,7.4,7.1,5,0.14,0,3.9,3.9,2.962,3.016,-1.253,0.02828,PASS,PASS,PASS
275,nominal,100,5,7.4,7.1,5,0.14,0,3.9,3.9,4.994,5.012,0.245,0.02298,PASS,PASS,PASS
276,nominal,100,8,7.4,7.1,5,0.14,0,3.9,3.9,8,8.006,0.07945,0.01921,PASS,PASS,PASS
277,nominal,100,3,7.4,7.1,0.5,0.16,0,0.5,0.5,2.879,3.018,-4.032,0.03712,PASS,PASS,PASS
278,nominal,100,5,7.4,7.1,0.5,0.16,0,0.5,0.5,4.918,5.011,-1.642,0.03004,PASS,PASS,PASS
279,nominal,100,8,7.4,7.1,0.5,0.16,0,0.5,0.5,7.98,8.008,-0.245,0.02483,PASS,PASS,PASS
280,nominal,100,3,7.4,7.1,1,0.16,0,1,1,2.964,3.012,-1.214,0.02949,PASS,PASS,PASS
281,nominal,100,5,7.4,7.1,1,0.16,0,1,1,5.002,5.006,0.1269,0.02382,PASS,PASS,PASS
282,nominal,100,8,7.4,7.1,1,0.16,0,1,1,8.004,8.003,0.0553,0.01971,PASS,PASS,PASS
283,nominal,100,3,7.4,7.1,2,0.16,0,2,2,2.857,3.007,-4.772,0.03994,PASS,PASS,PASS
284,nominal,100,5,7.4,7.1,2,0.16,0,2,2,4.879,5.004,-2.419,0.03243,PASS,PASS,PASS
285,nominal,100,8,7.4,7.1,2,0.16,0,2,2,7.953,8.003,-0.5865,0.02685,PASS,PASS,PASS
286,nominal,100,3,7.4,7.1,5,0.16,0,3.9,3.9,2.946,3.017,-1.807,0.03205,PASS,PASS,PASS
287,nominal,100,5,7.4,7.1,5,0.16,0,3.9,3.9,4.989,5.014,0.2834,0.02602,PASS,PASS,PASS
288,nominal,100,8,7.4,7.1,5,0.16,0,3.9,3.9,7.999,8.003,0.03591,0.0214,PASS,PASS,PASS
289,nominal,100,3,7.4,7.1,0.5,0.18,0,0.5,0.5,2.858,3.013,-4.748,0.04095,PASS,PASS,PASS
290,nominal,100,5,7.4,7.1,0.5,0.18,0,0.5,0.5,4.9,5.01,-2.008,0.03321,PASS,PASS,PASS
291,nominal,100,8,7.4,7.1,0.5,0.18,0,0.5,0.5,7.971,8.009,-0.3657,0.02746,PASS,PASS,PASS
292,nominal,100,3,7.4,7.1,1,0.18,0,1,1,2.949,3.011,-1.713,0.03291,PASS,PASS,PASS
293,nominal,100,5,7.4,7.1,1,0.18,0,1,1,4.998,5.008,0.1588,0.02644,PASS,PASS,PASS
294,nominal,100,8,7.4,7.1,1,0.18,0,1,1,8.004,8.005,0.06013,0.02168,PASS,PASS,PASS
295,nominal,100,3,7.4,7.1,2,0.18,0,2,2,2.836,3.009,-5.478,0.04429,PASS,PASS,PASS
296,nominal,100,5,7.4,7.1,2,0.18,0,2,2,4.852,5.002,-2.952,0.03548,PASS,PASS,PASS
297,nominal,100,8,7.4,7.1,2,0.18,0,2,2,7.935,8,-0.8158,0.02944,PASS,PASS,PASS
298,nominal,100,3,7.4,7.1,5,0.18,0,3.9,3.9,2.933,3.016,-2.222,0.0347,PASS,PASS,PASS
299,nominal,100,5,7.4,7.1,5,0.18,0,3.9,3.9,4.979,5.013,-0.428,0.0284,PASS,PASS,PASS
300,nominal,100,8,7.4,7.1,5,0.18,0,3.9,3.9,7.999,8.006,0.07907,0.02367,PASS,PASS,PASS
301,nominal,100,3,7.4,7.1,0.5,0.2,0,0.5,0.5,2.837,3.012,-5.419,0.0438,PASS,PASS,PASS
302,nominal,100,5,7.4,7.1,0.5,0.2,0,0.5,0.5,4.878,5.012,-2.438,0.0357,PASS,PASS,PASS
303,nominal,100,8,7.4,7.1,0.5,0.2,0,0.5,0.5,7.958,8.011,-0.522,0.02989,PASS,PASS,PASS
304,nominal,100,3,7.4,7.1,1,0.2,0,1,1,2.937,3.01,-2.104,0.03505,PASS,PASS,PASS
305,nominal,100,5,7.4,7.1,1,0.2,0,1,1,4.996,5.008,0.16,0.02882,PASS,PASS,PASS
306,nominal,100,8,7.4,7.1,1,0.2,0,1,1,8.004,8.006,0.07278,0.02378,PASS,PASS,PASS
307,nominal,100,3,7.4,7.1,2,0.2,0,2,2,2.815,3.009,-6.155,0.04826,PASS,PASS,PASS
308,nominal,100,5,7.4,7.1,2,0.2,0,2,2,4.828,5.005,-3.434,0.0387,PASS,PASS,PASS
309,nominal,100,8,7.4,7.1,2,0.2,0,2,2,7.914,8.002,-1.076,0.03227,PASS,PASS,PASS
310,nominal,100,3,7.4,7.1,5,0.2,0,3.9,3.9,2.919,3.017,-2.712,0.03746,PASS,PASS,PASS
311,nominal,100,5,7.4,7.1,5,0.2,0,3.9,3.9,4.968,5.012,-0.6424,0.03117,PASS,PASS,PASS
312,nominal,100,8,7.4,7.1,5,0.2,0,3.9,3.9,7.996,8.004,-0.04911,0.02576,PASS,PASS,PASS
313,nominal,100,3,7.4,7.1,0.5,0.22,0,0.5,0.5,2.819,3.012,-6.036,0.04703,PASS,PASS,PASS
314,nominal,100,5,7.4,7.1,0.5,0.22,0,0.5,0.5,4.857,5.012,-2.851,0.03852,PASS,PASS,PASS
315,nominal,100,8,7.4,7.1,0.5,0.22,0,0.5,0.5,7.944,8.012,-0.6998,0.03215,PASS,PASS,PASS
316,nominal,100,3,7.4,7.1,1,0.22,0,1,1,2.924,3.013,-2.535,0.03828,PASS,PASS,PASS
317,nominal,100,5,7.4,7.1,1,0.22,0,1,1,4.986,5.008,-0.2823,0.03088,PASS,PASS,PASS
318,nominal,100,8,7.4,7.1,1,0.22,0,1,1,8.006,8.008,0.1019,0.02542,PASS,PASS,PASS
319,nominal,100,3,7.4,7.1,2,0.22,0,2,2,2.795,3.004,-6.841,0.05142,PASS,PASS,FAIL
320,nominal,100,5,7.4,7.1,2,0.22,0,2,2,4.807,5.001,-3.86,0.04183,PASS,PASS,PASS
321,nominal,100,8,7.4,7.1,2,0.22,0,2,2,7.895,8.004,-1.314,0.0349,PASS,PASS,PASS
322,nominal,100,3,7.4,7.1,5,0.22,0,3.9,3.9,2.905,3.016,-3.179,0.04052,PASS,PASS,PASS
323,nominal,100,5,7.4,7.1,5,0.22,0,3.9,3.9,4.954,5.014,-0.9185,0.03368,PASS,PASS,PASS
324,nominal,100,8,7.4,7.1,5,0.22,0,3.9,3.9,7.996,8.006,0.07126,0.02786,PASS,PASS,PASS
325,nominal,100,3,7.4,7.1,0.5,0.24,0,0.5,0.5,2.797,3.013,-6.758,0.05072,PASS,PASS,FAIL
326,nominal,100,5,7.4,7.1,0.5,0.24,0,0.5,0.5,4.835,5.011,-3.309,0.04109,PASS,PASS,PASS
327,nominal,100,8,7.4,7.1,0.5,0.24,0,0.5,0.5,7.93,8.008,-0.8732,0.03451,PASS,PASS,PASS
328,nominal,100,3,7.4,7.1,1,0.24,0,1,1,2.911,3.014,-2.97,0.04107,PASS,PASS,PASS
329,nominal,100,5,7.4,7.1,1,0.24,0,1,1,4.976,5.007,-0.4767,0.03297,PASS,PASS,PASS
330,nominal,100,8,7.4,7.1,1,0.24,0,1,1,8.005,8.004,0.06684,0.02729,PASS,PASS,PASS
331,nominal,100,3,7.4,7.1,2,0.24,0,2,2,2.775,3.008,-7.496,0.05465,PASS,PASS,FAIL
332,nominal,100,5,7.4,7.1,2,0.24,0,2,2,4.782,5.003,-4.369,0.04445,PASS,PASS,PASS
333,nominal,100,8,7.4,7.1,2,0.24,0,2,2,7.866,8.005,-1.675,0.03728,PASS,PASS,PASS
334,nominal,100,3,7.4,7.1,5,0.24,0,3.9,3.9,2.889,3.016,-3.71,0.04354,PASS,PASS,PASS
335,nominal,100,5,7.4,7.1,5,0.24,0,3.9,3.9,4.945,5.013,-1.102,0.03567,PASS,PASS,PASS
336,nominal,100,8,7.4,7.1,5,0.24,0,3.9,3.9,7.995,8.006,0.07169,0.02969,PASS,PASS,PASS
337,nominal,100,3,7.4,7.1,0.5,0.26,0,0.5,0.5,2.778,3.012,-7.386,0.05394,PASS,PASS,FAIL
338,nominal,100,5,7.4,7.1,0.5,0.26,0,0.5,0.5,4.813,5.01,-3.731,0.04408,PASS,PASS,PASS
339,nominal,100,8,7.4,7.1,0.5,0.26,0,0.5,0.5,7.909,8.008,-1.134,0.03662,PASS,PASS,PASS
340,nominal,100,3,7.4,7.1,1,0.26,0,1,1,2.896,3.011,-3.482,0.04411,PASS,PASS,PASS
341,nominal,100,5,7.4,7.1,1,0.26,0,1,1,4.965,5.007,-0.6981,0.03523,PASS,PASS,PASS
342,nominal,100,8,7.4,7.1,1,0.26,0,1,1,8.004,8.006,0.07156,0.02895,PASS,PASS,PASS
343,nominal,100,3,7.4,7.1,2,0.26,0,2,2,2.755,3.006,-8.165,0.0579,PASS,PASS,FAIL
344,nominal,100,5,7.4,7.1,2,0.26,0,2,2,4.76,5.005,-4.797,0.04773,PASS,PASS,PASS
345,nominal,100,8,7.4,7.1,2,0.26,0,2,2,7.843,8.004,-1.968,0.03959,PASS,PASS,PASS
346,nominal,100,3,7.4,7.1,5,0.26,0,3.9,3.9,2.873,3.015,-4.231,0.04661,PASS,PASS,PASS
347,nominal,100,5,7.4,7.1,5,0.26,0,3.9,3.9,4.929,5.014,-1.412,0.03794,PASS,PASS,PASS
348,nominal,100,8,7.4,7.1,5,0.26,0,3.9,3.9,7.989,8.007,-0.1381,0.03176,PASS,PASS,PASS
349,nominal,100,3,7.4,7.1,0.5,0.28,0,0.5,0.5,2.759,3.015,-8.018,0.05701,PASS,PASS,FAIL
350,nominal,100,5,7.4,7.1,0.5,0.28,0,0.5,0.5,4.792,5.01,-4.165,0.04593,PASS,PASS,PASS
351,nominal,100,8,7.4,7.1,0.5,0.28,0,0.5,0.5,7.89,8.007,-1.378,0.03851,PASS,PASS,PASS
352,nominal,100,3,7.4,7.1,1,0.28,0,1,1,2.882,3.013,-3.928,0.04623,PASS,PASS,PASS
353,nominal,100,5,7.4,7.1,1,0.28,0,1,1,4.954,5.008,-0.9187,0.03701,PASS,PASS,PASS
354,nominal,100,8,7.4,7.1,1,0.28,0,1,1,8.005,8.008,0.1032,0.03078,PASS,PASS,PASS
355,nominal,100,3,7.4,7.1,2,0.28,0,2,2,2.737,3.006,-8.774,0.06123,PASS,PASS,FAIL
356,nominal,100,5,7.4,7.1,2,0.28,0,2,2,4.734,5.003,-5.326,0.04997,PASS,PASS,PASS
357,nominal,100,8,7.4,7.1,2,0.28,0,2,2,7.814,8.003,-2.323,0.04187,PASS,PASS,PASS
358,nominal,100,3,7.4,7.1,5,0.28,0,3.9,3.9,2.857,3.015,-4.78,0.04891,PASS,PASS,PASS
359,nominal,100,5,7.4,7.1,5,0.28,0,3.9,3.9,4.914,5.012,-1.715,0.04037,PASS,PASS,PASS
360,nominal,100,8,7.4,7.1,5,0.28,0,3.9,3.9,7.987,8.005,-0.1616,0.03344,PASS,PASS,PASS
361,nominal,100,3,7.4,7.1,0.5,0.3,0,0.5,0.5,2.743,3.012,-8.578,0.06016,PASS,PASS,FAIL
362,nominal,100,5,7.4,7.1,0.5,0.3,0,0.5,0.5,4.768,5.01,-4.636,0.04875,PASS,PASS,PASS
363,nominal,100,8,7.4,7.1,0.5,0.3,0,0.5,0.5,7.868,8.01,-1.652,0.04044,PASS,PASS,PASS
364,nominal,100,3,7.4,7.1,1,0.3,0,1,1,2.867,3.015,-4.422,0.04848,PASS,PASS,PASS
365,nominal,100,5,7.4,7.1,1,0.3,0,1,1,4.941,5.007,-1.185,0.03922,PASS,PASS,PASS
366,nominal,100,8,7.4,7.1,1,0.3,0,1,1,8.002,8.003,0.0432,0.03224,PASS,PASS,PASS
367,nominal,100,3,7.4,7.1,2,0.3,0,2,2,2.718,3.009,-9.385,0.06448,PASS,PASS,FAIL
368,nominal,100,5,7.4,7.1,2,0.3,0,2,2,4.714,5.001,-5.721,0.05302,PASS,PASS,FAIL
369,nominal,100,8,7.4,7.1,2,0.3,0,2,2,7.788,8.005,-2.654,0.04394,PASS,PASS,PASS
370,nominal,100,3,7.4,7.1,5,0.3,0,3.9,3.9,2.841,3.017,-5.284,0.05141,PASS,PASS,FAIL
371,nominal,100,5,7.4,7.1,5,0.3,0,3.9,3.9,4.898,5.014,-2.042,0.0426,PASS,PASS,PASS
372,nominal,100,8,7.4,7.1,5,0.3,0,3.9,3.9,7.978,8.005,-0.2739,0.03532,PASS,PASS,PASS
373,VOS +1 mV,100,3,7.4,7.1,0.5,-0.3,0.001,0.5,0.5009,3.764,3.017,25.48,0.08881,FAIL,FAIL,FAIL
374,VOS +1 mV,100,5,7.4,7.1,0.5,-0.3,0.001,0.5,0.5009,5.034,5.017,0.6723,0.07208,PASS,PASS,FAIL
375,VOS +1 mV,100,8,7.4,7.1,0.5,-0.3,0.001,0.5,0.5009,8.023,8.019,0.2828,0.05956,PASS,PASS,FAIL
376,VOS +1 mV,100,3,7.4,7.1,1,-0.3,0.001,1,1.001,3.033,3.014,1.11,0.06967,PASS,PASS,FAIL
377,VOS +1 mV,100,5,7.4,7.1,1,-0.3,0.001,1,1.001,5.019,5.014,0.3726,0.05707,PASS,PASS,FAIL
378,VOS +1 mV,100,8,7.4,7.1,1,-0.3,0.001,1,1.001,8.019,8.014,0.2339,0.04662,PASS,PASS,PASS
379,VOS +1 mV,100,3,7.4,7.1,2,-0.3,0.001,2,2.004,3.768,3.012,25.58,0.0934,FAIL,FAIL,FAIL
380,VOS +1 mV,100,5,7.4,7.1,2,-0.3,0.001,2,2.004,6.306,5.012,26.13,0.07831,FAIL,FAIL,FAIL
381,VOS +1 mV,100,8,7.4,7.1,2,-0.3,0.001,2,2.004,8.03,8.018,0.3768,0.06439,PASS,PASS,FAIL
382,VOS +1 mV,100,3,7.4,7.1,5,-0.3,0.001,3.9,3.906,3.72,3.02,24.01,0.07172,FAIL,FAIL,FAIL
383,VOS +1 mV,100,5,7.4,7.1,5,-0.3,0.001,3.9,3.906,5.015,5.016,0.3148,0.06233,PASS,PASS,FAIL
384,VOS +1 mV,100,8,7.4,7.1,5,-0.3,0.001,3.9,3.906,8.009,8.015,0.1889,0.05115,PASS,PASS,FAIL
385,VOS +1 mV,100,3,7.4,7.1,0.5,-0.28,0.001,0.5,0.5009,3.737,3.016,24.58,0.08175,FAIL,FAIL,FAIL
386,VOS +1 mV,100,5,7.4,7.1,0.5,-0.28,0.001,0.5,0.5009,5.037,5.018,0.7398,0.06671,PASS,PASS,FAIL
387,VOS +1 mV,100,8,7.4,7.1,0.5,-0.28,0.001,0.5,0.5009,8.023,8.021,0.2906,0.05502,PASS,PASS,FAIL
388,VOS +1 mV,100,3,7.4,7.1,1,-0.28,0.001,1,1.001,3.035,3.015,1.182,0.06412,PASS,PASS,FAIL
389,VOS +1 mV,100,5,7.4,7.1,1,-0.28,0.001,1,1.001,5.019,5.014,0.3844,0.0527,PASS,PASS,FAIL
390,VOS +1 mV,100,8,7.4,7.1,1,-0.28,0.001,1,1.001,8.019,8.014,0.2339,0.04318,PASS,PASS,PASS
391,VOS +1 mV,100,3,7.4,7.1,2,-0.28,0.001,2,2.004,3.742,3.016,24.74,0.08907,FAIL,FAIL,FAIL
392,VOS +1 mV,100,5,7.4,7.1,2,-0.28,0.001,2,2.004,6.215,5.012,24.3,0.07243,FAIL,FAIL,FAIL
393,VOS +1 mV,100,8,7.4,7.1,2,-0.28,0.001,2,2.004,8.027,8.017,0.3368,0.05956,PASS,PASS,FAIL
394,VOS +1 mV,100,3,7.4,7.1,5,-0.28,0.001,3.9,3.906,3.045,3.02,1.49,0.06782,PASS,PASS,FAIL
395,VOS +1 mV,100,5,7.4,7.1,5,-0.28,0.001,3.9,3.906,5.019,5.018,0.3806,0.05788,PASS,PASS,FAIL
396,VOS +1 mV,100,8,7.4,7.1,5,-0.28,0.001,3.9,3.906,8.012,8.015,0.1833,0.04738,PASS,PASS,PASS
397,VOS +1 mV,100,3,7.4,7.1,0.5,-0.26,0.001,0.5,0.5009,3.705,3.019,23.51,0.07524,FAIL,FAIL,FAIL
398,VOS +1 mV,100,5,7.4,7.1,0.5,-0.26,0.001,0.5,0.5009,5.034,5.017,0.6778,0.06133,PASS,PASS,FAIL
399,VOS +1 mV,100,8,7.4,7.1,0.5,-0.26,0.001,0.5,0.5009,8.025,8.023,0.3064,0.05077,PASS,PASS,FAIL
400,VOS +1 mV,100,3,7.4,7.1,1,-0.26,0.001,1,1.001,3.036,3.014,1.19,0.05974,PASS,PASS,FAIL
401,VOS +1 mV,100,5,7.4,7.1,1,-0.26,0.001,1,1.001,5.017,5.012,0.3498,0.04866,PASS,PASS,PASS
402,VOS +1 mV,100,8,7.4,7.1,1,-0.26,0.001,1,1.001,8.019,8.014,0.2339,0.03986,PASS,PASS,PASS
403,VOS +1 mV,100,3,7.4,7.1,2,-0.26,0.001,2,2.004,3.715,3.013,23.85,0.08151,FAIL,FAIL,FAIL
404,VOS +1 mV,100,5,7.4,7.1,2,-0.26,0.001,2,2.004,5.046,5.013,0.929,0.06686,PASS,PASS,FAIL
405,VOS +1 mV,100,8,7.4,7.1,2,-0.26,0.001,2,2.004,8.03,8.018,0.3767,0.05505,PASS,PASS,FAIL
406,VOS +1 mV,100,3,7.4,7.1,5,-0.26,0.001,3.9,3.906,3.044,3.024,1.464,0.06388,PASS,PASS,FAIL
407,VOS +1 mV,100,5,7.4,7.1,5,-0.26,0.001,3.9,3.906,5.019,5.018,0.3703,0.05313,PASS,PASS,FAIL
408,VOS +1 mV,100,8,7.4,7.1,5,-0.26,0.001,3.9,3.906,8.009,8.015,0.1889,0.0437,PASS,PASS,PASS
409,VOS +1 mV,100,3,7.4,7.1,0.5,-0.24,0.001,0.5,0.5009,3.668,3.016,22.26,0.06863,FAIL,FAIL,FAIL
410,VOS +1 mV,100,5,7.4,7.1,0.5,-0.24,0.001,0.5,0.5009,5.035,5.017,0.704,0.05653,PASS,PASS,FAIL
411,VOS +1 mV,100,8,7.4,7.1,0.5,-0.24,0.001,0.5,0.5009,8.023,8.02,0.291,0.04671,PASS,PASS,PASS
412,VOS +1 mV,100,3,7.4,7.1,1,-0.24,0.001,1,1.001,3.034,3.016,1.144,0.05432,PASS,PASS,FAIL
413,VOS +1 mV,100,5,7.4,7.1,1,-0.24,0.001,1,1.001,5.021,5.013,0.4157,0.04463,PASS,PASS,PASS
414,VOS +1 mV,100,8,7.4,7.1,1,-0.24,0.001,1,1.001,8.019,8.012,0.2357,0.03657,PASS,PASS,PASS
415,VOS +1 mV,100,3,7.4,7.1,2,-0.24,0.001,2,2.004,3.682,3.016,22.75,0.07477,FAIL,FAIL,FAIL
416,VOS +1 mV,100,5,7.4,7.1,2,-0.24,0.001,2,2.004,5.046,5.012,0.9203,0.06112,PASS,PASS,FAIL
417,VOS +1 mV,100,8,7.4,7.1,2,-0.24,0.001,2,2.004,8.027,8.018,0.3367,0.05043,PASS,PASS,FAIL
418,VOS +1 mV,100,3,7.4,7.1,5,-0.24,0.001,3.9,3.906,3.043,3.023,1.427,0.05969,PASS,PASS,FAIL
419,VOS +1 mV,100,5,7.4,7.1,5,-0.24,0.001,3.9,3.906,5.014,5.019,0.3702,0.04901,PASS,PASS,PASS
420,VOS +1 mV,100,8,7.4,7.1,5,-0.24,0.001,3.9,3.906,8.012,8.013,0.1655,0.04009,PASS,PASS,PASS
421,VOS +1 mV,100,3,7.4,7.1,0.5,-0.22,0.001,0.5,0.5009,3.612,3.017,20.39,0.06231,FAIL,FAIL,FAIL
422,VOS +1 mV,100,5,7.4,7.1,0.5,-0.22,0.001,0.5,0.5009,5.035,5.019,0.6938,0.05129,PASS,PASS,FAIL
423,VOS +1 mV,100,8,7.4,7.1,0.5,-0.22,0.001,0.5,0.5009,8.023,8.021,0.291,0.04231,PASS,PASS,PASS
424,VOS +1 mV,100,3,7.4,7.1,1,-0.22,0.001,1,1.001,3.034,3.016,1.148,0.04966,PASS,PASS,PASS
425,VOS +1 mV,100,5,7.4,7.1,1,-0.22,0.001,1,1.001,5.018,5.013,0.3691,0.04053,PASS,PASS,PASS
426,VOS +1 mV,100,8,7.4,7.1,1,-0.22,0.001,1,1.001,8.019,8.014,0.2339,0.03343,PASS,PASS,PASS
427,VOS +1 mV,100,3,7.4,7.1,2,-0.22,0.001,2,2.004,3.643,3.016,21.45,0.06863,FAIL,FAIL,FAIL
428,VOS +1 mV,100,5,7.4,7.1,2,-0.22,0.001,2,2.004,5.046,5.011,0.9255,0.05606,PASS,PASS,FAIL
429,VOS +1 mV,100,8,7.4,7.1,2,-0.22,0.001,2,2.004,8.029,8.018,0.3617,0.04608,PASS,PASS,PASS
430,VOS +1 mV,100,3,7.4,7.1,5,-0.22,0.001,3.9,3.906,3.045,3.02,1.489,0.05477,PASS,PASS,FAIL
431,VOS +1 mV,100,5,7.4,7.1,5,-0.22,0.001,3.9,3.906,5.014,5.018,0.3635,0.04422,PASS,PASS,PASS
432,VOS +1 mV,100,8,7.4,7.1,5,-0.22,0.001,3.9,3.906,8.008,8.013,0.165,0.03657,PASS,PASS,PASS
433,VOS +1 mV,100,3,7.4,7.1,0.5,-0.2,0.001,0.5,0.5009,3.103,3.021,3.432,0.05617,PASS,PASS,FAIL
434,VOS +1 mV,100,5,7.4,7.1,0.5,-0.2,0.001,0.5,0.5009,5.035,5.018,0.6987,0.0465,PASS,PASS,PASS
435,VOS +1 mV,100,8,7.4,7.1,0.5,-0.2,0.001,0.5,0.5009,8.023,8.02,0.2909,0.03844,PASS,PASS,PASS
436,VOS +1 mV,100,3,7.4,7.1,1,-0.2,0.001,1,1.001,3.035,3.016,1.181,0.04506,PASS,PASS,PASS
437,VOS +1 mV,100,5,7.4,7.1,1,-0.2,0.001,1,1.001,5.018,5.014,0.3614,0.03651,PASS,PASS,PASS
438,VOS +1 mV,100,8,7.4,7.1,1,-0.2,0.001,1,1.001,8.014,8.013,0.1751,0.03026,PASS,PASS,PASS
439,VOS +1 mV,100,3,7.4,7.1,2,-0.2,0.001,2,2.004,3.594,3.013,19.81,0.06167,FAIL,FAIL,FAIL
440,VOS +1 mV,100,5,7.4,7.1,2,-0.2,0.001,2,2.004,5.046,5.013,0.9102,0.05059,PASS,PASS,FAIL
441,VOS +1 mV,100,8,7.4,7.1,2,-0.2,0.001,2,2.004,8.031,8.017,0.3817,0.04179,PASS,PASS,PASS
442,VOS +1 mV,100,3,7.4,7.1,5,-0.2,0.001,3.9,3.906,3.044,3.022,1.45,0.04894,PASS,PASS,PASS
443,VOS +1 mV,100,5,7.4,7.1,5,-0.2,0.001,3.9,3.906,5.015,5.016,0.3146,0.04021,PASS,PASS,PASS
444,VOS +1 mV,100,8,7.4,7.1,5,-0.2,0.001,3.9,3.906,8.012,8.011,0.15,0.03311,PASS,PASS,PASS
445,VOS +1 mV,100,3,7.4,7.1,0.5,-0.18,0.001,0.5,0.5009,3.103,3.017,3.422,0.05048,PASS,PASS,FAIL
446,VOS +1 mV,100,5,7.4,7.1,0.5,-0.18,0.001,0.5,0.5009,5.036,5.018,0.7225,0.04199,PASS,PASS,PASS
447,VOS +1 mV,100,8,7.4,7.1,0.5,-0.18,0.001,0.5,0.5009,8.026,8.019,0.3278,0.03476,PASS,PASS,PASS
448,VOS +1 mV,100,3,7.4,7.1,1,-0.18,0.001,1,1.001,3.034,3.015,1.149,0.03984,PASS,PASS,PASS
449,VOS +1 mV,100,5,7.4,7.1,1,-0.18,0.001,1,1.001,5.018,5.015,0.3579,0.03274,PASS,PASS,PASS
450,VOS +1 mV,100,8,7.4,7.1,1,-0.18,0.001,1,1.001,8.019,8.013,0.2328,0.02703,PASS,PASS,PASS
451,VOS +1 mV,100,3,7.4,7.1,2,-0.18,0.001,2,2.004,3.511,3.014,17.04,0.05577,FAIL,FAIL,FAIL
452,VOS +1 mV,100,5,7.4,7.1,2,-0.18,0.001,2,2.004,5.045,5.014,0.9087,0.04529,PASS,PASS,PASS
453,VOS +1 mV,100,8,7.4,7.1,2,-0.18,0.001,2,2.004,8.027,8.015,0.3362,0.03756,PASS,PASS,PASS
454,VOS +1 mV,100,3,7.4,7.1,5,-0.18,0.001,3.9,3.906,3.046,3.022,1.52,0.04395,PASS,PASS,PASS
455,VOS +1 mV,100,5,7.4,7.1,5,-0.18,0.001,3.9,3.906,5.019,5.017,0.3892,0.03608,PASS,PASS,PASS
456,VOS +1 mV,100,8,7.4,7.1,5,-0.18,0.001,3.9,3.906,8.008,8.014,0.1761,0.02976,PASS,PASS,PASS
457,VOS +1 mV,100,3,7.4,7.1,0.5,-0.16,0.001,0.5,0.5009,3.102,3.017,3.411,0.04496,PASS,PASS,PASS
458,VOS +1 mV,100,5,7.4,7.1,0.5,-0.16,0.001,0.5,0.5009,5.034,5.017,0.6769,0.03706,PASS,PASS,PASS
459,VOS +1 mV,100,8,7.4,7.1,0.5,-0.16,0.001,0.5,0.5009,8.027,8.024,0.3315,0.03082,PASS,PASS,PASS
460,VOS +1 mV,100,3,7.4,7.1,1,-0.16,0.001,1,1.001,3.036,3.015,1.201,0.03542,PASS,PASS,PASS
461,VOS +1 mV,100,5,7.4,7.1,1,-0.16,0.001,1,1.001,5.018,5.014,0.3556,0.02916,PASS,PASS,PASS
462,VOS +1 mV,100,8,7.4,7.1,1,-0.16,0.001,1,1.001,8.019,8.014,0.2339,0.02409,PASS,PASS,PASS
463,VOS +1 mV,100,3,7.4,7.1,2,-0.16,0.001,2,2.004,3.179,3.016,5.96,0.04915,PASS,PASS,PASS
464,VOS +1 mV,100,5,7.4,7.1,2,-0.16,0.001,2,2.004,5.047,5.012,0.943,0.04002,PASS,PASS,PASS
465,VOS +1 mV,100,8,7.4,7.1,2,-0.16,0.001,2,2.004,8.029,8.018,0.3609,0.03367,PASS,PASS,PASS
466,VOS +1 mV,100,3,7.4,7.1,5,-0.16,0.001,3.9,3.906,3.043,3.018,1.439,0.03907,PASS,PASS,PASS
467,VOS +1 mV,100,5,7.4,7.1,5,-0.16,0.001,3.9,3.906,5.019,5.02,0.4004,0.03187,PASS,PASS,PASS
468,VOS +1 mV,100,8,7.4,7.1,5,-0.16,0.001,3.9,3.906,8.012,8.015,0.188,0.02663,PASS,PASS,PASS
469,VOS +1 mV,100,3,7.4,7.1,0.5,-0.14,0.001,0.5,0.5009,3.101,3.022,3.362,0.03958,PASS,PASS,PASS
470,VOS +1 mV,100,5,7.4,7.1,0.5,-0.14,0.001,0.5,0.5009,5.035,5.019,0.6975,0.03204,PASS,PASS,PASS
471,VOS +1 mV,100,8,7.4,7.1,0.5,-0.14,0.001,0.5,0.5009,8.023,8.02,0.2848,0.02714,PASS,PASS,PASS
472,VOS +1 mV,100,3,7.4,7.1,1,-0.14,0.001,1,1.001,3.036,3.016,1.193,0.03061,PASS,PASS,PASS
473,VOS +1 mV,100,5,7.4,7.1,1,-0.14,0.001,1,1.001,5.018,5.014,0.3667,0.0254,PASS,PASS,PASS
474,VOS +1 mV,100,8,7.4,7.1,1,-0.14,0.001,1,1.001,8.015,8.012,0.1822,0.02129,PASS,PASS,PASS
475,VOS +1 mV,100,3,7.4,7.1,2,-0.14,0.001,2,2.004,3.164,3.015,5.477,0.04308,PASS,PASS,PASS
476,VOS +1 mV,100,5,7.4,7.1,2,-0.14,0.001,2,2.004,5.046,5.011,0.9131,0.03514,PASS,PASS,PASS
477,VOS +1 mV,100,8,7.4,7.1,2,-0.14,0.001,2,2.004,8.029,8.018,0.3666,0.02948,PASS,PASS,PASS
478,VOS +1 mV,100,3,7.4,7.1,5,-0.14,0.001,3.9,3.906,3.04,3.024,1.34,0.03348,PASS,PASS,PASS
479,VOS +1 mV,100,5,7.4,7.1,5,-0.14,0.001,3.9,3.906,5.015,5.017,0.3341,0.02788,PASS,PASS,PASS
480,VOS +1 mV,100,8,7.4,7.1,5,-0.14,0.001,3.9,3.906,8.012,8.016,0.1965,0.02321,PASS,PASS,PASS
481,VOS +1 mV,100,3,7.4,7.1,0.5,-0.12,0.001,0.5,0.5009,3.099,3.016,3.303,0.03379,PASS,PASS,PASS
482,VOS +1 mV,100,5,7.4,7.1,0.5,-0.12,0.001,0.5,0.5009,5.034,5.018,0.6892,0.0277,PASS,PASS,PASS
483,VOS +1 mV,100,8,7.4,7.1,0.5,-0.12,0.001,0.5,0.5009,8.023,8.021,0.2899,0.02354,PASS,PASS,PASS
484,VOS +1 mV,100,3,7.4,7.1,1,-0.12,0.001,1,1.001,3.036,3.016,1.197,0.02698,PASS,PASS,PASS
485,VOS +1 mV,100,5,7.4,7.1,1,-0.12,0.001,1,1.001,5.018,5.014,0.3609,0.0218,PASS,PASS,PASS
486,VOS +1 mV,100,8,7.4,7.1,1,-0.12,0.001,1,1.001,8.019,8.014,0.2357,0.01827,PASS,PASS,PASS
487,VOS +1 mV,100,3,7.4,7.1,2,-0.12,0.001,2,2.004,3.151,3.013,5.031,0.03652,PASS,PASS,PASS
488,VOS +1 mV,100,5,7.4,7.1,2,-0.12,0.001,2,2.004,5.045,5.013,0.9052,0.03007,PASS,PASS,PASS
489,VOS +1 mV,100,8,7.4,7.1,2,-0.12,0.001,2,2.004,8.028,8.019,0.3488,0.0256,PASS,PASS,PASS
490,VOS +1 mV,100,3,7.4,7.1,5,-0.12,0.001,3.9,3.906,3.042,3.024,1.404,0.0289,PASS,PASS,PASS
491,VOS +1 mV,100,5,7.4,7.1,5,-0.12,0.001,3.9,3.906,5.014,5.019,0.3815,0.02396,PASS,PASS,PASS
492,VOS +1 mV,100,8,7.4,7.1,5,-0.12,0.001,3.9,3.906,8.01,8.011,0.1384,0.02018,PASS,PASS,PASS
493,VOS +1 mV,100,3,7.4,7.1,0.5,-0.1,0.001,0.5,0.5009,3.095,3.017,3.181,0.02781,PASS,PASS,PASS
494,VOS +1 mV,100,5,7.4,7.1,0.5,-0.1,0.001,0.5,0.5009,5.033,5.017,0.6636,0.02317,PASS,PASS,PASS
495,VOS +1 mV,100,8,7.4,7.1,0.5,-0.1,0.001,0.5,0.5009,8.026,8.024,0.3307,0.0199,PASS,PASS,PASS
496,VOS +1 mV,100,3,7.4,7.1,1,-0.1,0.001,1,1.001,3.035,3.017,1.18,0.0223,PASS,PASS,PASS
497,VOS +1 mV,100,5,7.4,7.1,1,-0.1,0.001,1,1.001,5.019,5.014,0.3723,0.01812,PASS,PASS,PASS
498,VOS +1 mV,100,8,7.4,7.1,1,-0.1,0.001,1,1.001,8.019,8.013,0.2328,0.01549,PASS,PASS,PASS
499,VOS +1 mV,100,3,7.4,7.1,2,-0.1,0.001,2,2.004,3.138,3.014,4.602,0.03081,PASS,PASS,PASS
500,VOS +1 mV,100,5,7.4,7.1,2,-0.1,0.001,2,2.004,5.049,5.016,0.978,0.02555,PASS,PASS,PASS
501,VOS +1 mV,100,8,7.4,7.1,2,-0.1,0.001,2,2.004,8.028,8.017,0.3541,0.02164,PASS,PASS,PASS
502,VOS +1 mV,100,3,7.4,7.1,5,-0.1,0.001,3.9,3.906,3.044,3.018,1.473,0.02403,PASS,PASS,PASS
503,VOS +1 mV,100,5,7.4,7.1,5,-0.1,0.001,3.9,3.906,5.014,5.018,0.364,0.02029,PASS,PASS,PASS
504,VOS +1 mV,100,8,7.4,7.1,5,-0.1,0.001,3.9,3.906,8.011,8.014,0.1806,0.01696,PASS,PASS,PASS
505,VOS +1 mV,100,3,7.4,7.1,0.5,-0.08,0.001,0.5,0.5009,3.086,3.017,2.858,0.02275,PASS,PASS,PASS
506,VOS +1 mV,100,5,7.4,7.1,0.5,-0.08,0.001,0.5,0.5009,5.032,5.017,0.6438,0.01868,PASS,PASS,PASS
507,VOS +1 mV,100,8,7.4,7.1,0.5,-0.08,0.001,0.5,0.5009,8.024,8.021,0.2986,0.01631,PASS,PASS,PASS
508,VOS +1 mV,100,3,7.4,7.1,1,-0.08,0.001,1,1.001,3.033,3.015,1.088,0.01781,PASS,PASS,PASS
509,VOS +1 mV,100,5,7.4,7.1,1,-0.08,0.001,1,1.001,5.021,5.013,0.4125,0.01473,PASS,PASS,PASS
510,VOS +1 mV,100,8,7.4,7.1,1,-0.08,0.001,1,1.001,8.015,8.014,0.1839,0.01251,PASS,PASS,PASS
511,VOS +1 mV,100,3,7.4,7.1,2,-0.08,0.001,2,2.004,3.123,3.014,4.111,0.02516,PASS,PASS,PASS
512,VOS +1 mV,100,5,7.4,7.1,2,-0.08,0.001,2,2.004,5.048,5.012,0.9684,0.02053,PASS,PASS,PASS
513,VOS +1 mV,100,8,7.4,7.1,2,-0.08,0.001,2,2.004,8.028,8.016,0.3481,0.0179,PASS,PASS,PASS
514,VOS +1 mV,100,3,7.4,7.1,5,-0.08,0.001,3.9,3.906,3.039,3.023,1.299,0.01971,PASS,PASS,PASS
515,VOS +1 mV,100,5,7.4,7.1,5,-0.08,0.001,3.9,3.906,5.014,5.017,0.3483,0.01655,PASS,PASS,PASS
516,VOS +1 mV,100,8,7.4,7.1,5,-0.08,0.001,3.9,3.906,8.011,8.016,0.2013,0.01393,PASS,PASS,PASS
517,VOS +1 mV,100,3,7.4,7.1,0.5,-0.06,0.001,0.5,0.5009,3.079,3.016,2.646,0.01788,PASS,PASS,PASS
518,VOS +1 mV,100,5,7.4,7.1,0.5,-0.06,0.001,0.5,0.5009,5.034,5.018,0.683,0.01472,PASS,PASS,PASS
519,VOS +1 mV,100,8,7.4,7.1,0.5,-0.06,0.001,0.5,0.5009,8.023,8.019,0.2822,0.01249,PASS,PASS,PASS
520,VOS +1 mV,100,3,7.4,7.1,1,-0.06,0.001,1,1.001,3.036,3.012,1.215,0.01445,PASS,PASS,PASS
521,VOS +1 mV,100,5,7.4,7.1,1,-0.06,0.001,1,1.001,5.017,5.013,0.3496,0.01154,PASS,PASS,PASS
522,VOS +1 mV,100,8,7.4,7.1,1,-0.06,0.001,1,1.001,8.019,8.013,0.2328,0.009717,PASS,PASS,PASS
523,VOS +1 mV,100,3,7.4,7.1,2,-0.06,0.001,2,2.004,3.105,3.013,3.493,0.01993,PASS,PASS,PASS
524,VOS +1 mV,100,5,7.4,7.1,2,-0.06,0.001,2,2.004,5.044,5.013,0.8713,0.01625,PASS,PASS,PASS
525,VOS +1 mV,100,8,7.4,7.1,2,-0.06,0.001,2,2.004,8.029,8.016,0.3601,0.014,PASS,PASS,PASS
526,VOS +1 mV,100,3,7.4,7.1,5,-0.06,0.001,3.9,3.906,3.04,3.02,1.344,0.0159,PASS,PASS,PASS
527,VOS +1 mV,100,5,7.4,7.1,5,-0.06,0.001,3.9,3.906,5.021,5.016,0.4145,0.01277,PASS,PASS,PASS
528,VOS +1 mV,100,8,7.4,7.1,5,-0.06,0.001,3.9,3.906,8.009,8.014,0.1766,0.0108,PASS,PASS,PASS
529,VOS +1 mV,100,3,7.4,7.1,0.5,-0.04,0.001,0.5,0.5009,3.067,3.019,2.22,0.01242,PASS,PASS,PASS
530,VOS +1 mV,100,5,7.4,7.1,0.5,-0.04,0.001,0.5,0.5009,5.032,5.021,0.6387,0.0105,PASS,PASS,PASS
531,VOS +1 mV,100,8,7.4,7.1,0.5,-0.04,0.001,0.5,0.5009,8.023,8.021,0.288,0.009159,PASS,PASS,PASS
532,VOS +1 mV,100,3,7.4,7.1,1,-0.04,0.001,1,1.001,3.035,3.012,1.155,0.0102,PASS,PASS,PASS
533,VOS +1 mV,100,5,7.4,7.1,1,-0.04,0.001,1,1.001,5.018,5.013,0.3541,0.008283,PASS,PASS,PASS
534,VOS +1 mV,100,8,7.4,7.1,1,-0.04,0.001,1,1.001,8.015,8.013,0.1823,0.007162,PASS,PASS,PASS
535,VOS +1 mV,100,3,7.4,7.1,2,-0.04,0.001,2,2.004,3.086,3.012,2.868,0.01412,PASS,PASS,PASS
536,VOS +1 mV,100,5,7.4,7.1,2,-0.04,0.001,2,2.004,5.038,5.013,0.7561,0.01158,PASS,PASS,PASS
537,VOS +1 mV,100,8,7.4,7.1,2,-0.04,0.001,2,2.004,8.029,8.014,0.3608,0.01015,PASS,PASS,PASS
538,VOS +1 mV,100,3,7.4,7.1,5,-0.04,0.001,3.9,3.906,3.039,3.021,1.313,0.01083,PASS,PASS,PASS
539,VOS +1 mV,100,5,7.4,7.1,5,-0.04,0.001,3.9,3.906,5.017,5.017,0.3441,0.008911,PASS,PASS,PASS
540,VOS +1 mV,100,8,7.4,7.1,5,-0.04,0.001,3.9,3.906,8.014,8.014,0.1811,0.007705,PASS,PASS,PASS
541,VOS +1 mV,100,3,7.4,7.1,0.5,-0.02,0.001,0.5,0.5009,3.05,3.017,1.655,0.008396,PASS,PASS,PASS
542,VOS +1 mV,100,5,7.4,7.1,0.5,-0.02,0.001,0.5,0.5009,5.03,5.017,0.5958,0.006349,PASS,PASS,PASS
543,VOS +1 mV,100,8,7.4,7.1,0.5,-0.02,0.001,0.5,0.5009,8.027,8.019,0.3344,0.005856,PASS,PASS,PASS
544,VOS +1 mV,100,3,7.4,7.1,1,-0.02,0.001,1,1.001,3.029,3.016,0.9712,0.007262,PASS,PASS,PASS
545,VOS +1 mV,100,5,7.4,7.1,1,-0.02,0.001,1,1.001,5.021,5.013,0.4104,0.004889,PASS,PASS,PASS
546,VOS +1 mV,100,8,7.4,7.1,1,-0.02,0.001,1,1.001,8.016,8.011,0.2021,0.004282,PASS,PASS,PASS
547,VOS +1 mV,100,3,7.4,7.1,2,-0.02,0.001,2,2.004,3.06,3.015,2.009,0.009382,PASS,PASS,PASS
548,VOS +1 mV,100,5,7.4,7.1,2,-0.02,0.001,2,2.004,5.038,5.012,0.7604,0.007045,PASS,PASS,PASS
549,VOS +1 mV,100,8,7.4,7.1,2,-0.02,0.001,2,2.004,8.027,8.018,0.3409,0.006439,PASS,PASS,PASS
550,VOS +1 mV,100,3,7.4,7.1,5,-0.02,0.001,3.9,3.906,3.036,3.021,1.209,0.007545,PASS,PASS,PASS
551,VOS +1 mV,100,5,7.4,7.1,5,-0.02,0.001,3.9,3.906,5.015,5.02,0.3976,0.005552,PASS,PASS,PASS
552,VOS +1 mV,100,8,7.4,7.1,5,-0.02,0.001,3.9,3.906,8.014,8.014,0.1795,0.005085,PASS,PASS,PASS
553,VOS +1 mV,100,3,7.4,7.1,0.5,0,0.001,0.5,0.5009,3.04,3.016,1.335,0.005293,PASS,PASS,PASS
554,VOS +1 mV,100,5,7.4,7.1,0.5,0,0.001,0.5,0.5009,5.027,5.02,0.5477,0.004733,PASS,PASS,PASS
555,VOS +1 mV,100,8,7.4,7.1,0.5,0,0.001,0.5,0.5009,8.025,8.019,0.3081,0.004733,PASS,PASS,PASS
556,VOS +1 mV,100,3,7.4,7.1,1,0,0.001,1,1.001,3.033,3.017,1.087,0.004892,PASS,PASS,PASS
557,VOS +1 mV,100,5,7.4,7.1,1,0,0.001,1,1.001,5.019,5.014,0.3768,0.003348,PASS,PASS,PASS
558,VOS +1 mV,100,8,7.4,7.1,1,0,0.001,1,1.001,8.017,8.013,0.2135,0.003348,PASS,PASS,PASS
559,VOS +1 mV,100,3,7.4,7.1,2,0,0.001,2,2.004,3.042,3.013,1.395,0.006163,PASS,PASS,PASS
560,VOS +1 mV,100,5,7.4,7.1,2,0,0.001,2,2.004,5.031,5.01,0.6238,0.00348,PASS,PASS,PASS
561,VOS +1 mV,100,8,7.4,7.1,2,0,0.001,2,2.004,8.027,8.016,0.333,0.003274,PASS,PASS,PASS
562,VOS +1 mV,100,3,7.4,7.1,5,0,0.001,3.9,3.906,3.03,3.021,1.017,0.006281,PASS,PASS,PASS
563,VOS +1 mV,100,5,7.4,7.1,5,0,0.001,3.9,3.906,5.014,5.016,0.3211,0.003061,PASS,PASS,PASS
564,VOS +1 mV,100,8,7.4,7.1,5,0,0.001,3.9,3.906,8.011,8.015,0.1851,0.002357,PASS,PASS,PASS
565,VOS +1 mV,100,3,7.4,7.1,0.5,0.02,0.001,0.5,0.5009,3.025,3.018,0.8289,0.007383,PASS,PASS,PASS
566,VOS +1 mV,100,5,7.4,7.1,0.5,0.02,0.001,0.5,0.5009,5.022,5.018,0.4355,0.004733,PASS,PASS,PASS
567,VOS +1 mV,100,8,7.4,7.1,0.5,0.02,0.001,0.5,0.5009,8.022,8.02,0.28,0.004733,PASS,PASS,PASS
568,VOS +1 mV,100,3,7.4,7.1,1,0.02,0.001,1,1.001,3.029,3.016,0.9548,0.006398,PASS,PASS,PASS
569,VOS +1 mV,100,5,7.4,7.1,1,0.02,0.001,1,1.001,5.018,5.011,0.3593,0.003558,PASS,PASS,PASS
570,VOS +1 mV,100,8,7.4,7.1,1,0.02,0.001,1,1.001,8.015,8.012,0.1889,0.003348,PASS,PASS,PASS
571,VOS +1 mV,100,3,7.4,7.1,2,0.02,0.001,2,2.004,3.019,3.012,0.6246,0.007876,PASS,PASS,PASS
572,VOS +1 mV,100,5,7.4,7.1,2,0.02,0.001,2,2.004,5.025,5.014,0.5003,0.004473,PASS,PASS,PASS
573,VOS +1 mV,100,8,7.4,7.1,2,0.02,0.001,2,2.004,8.025,8.016,0.3114,0.002434,PASS,PASS,PASS
574,VOS +1 mV,100,3,7.4,7.1,5,0.02,0.001,3.9,3.906,3.026,3.021,0.8697,0.006771,PASS,PASS,PASS
575,VOS +1 mV,100,5,7.4,7.1,5,0.02,0.001,3.9,3.906,5.02,5.018,0.398,0.003845,PASS,PASS,PASS
576,VOS +1 mV,100,8,7.4,7.1,5,0.02,0.001,3.9,3.906,8.014,8.016,0.2043,0.002266,PASS,PASS,PASS
577,VOS +1 mV,100,3,7.4,7.1,0.5,0.04,0.001,0.5,0.5009,3.008,3.016,0.534,0.01077,PASS,PASS,PASS
578,VOS +1 mV,100,5,7.4,7.1,0.5,0.04,0.001,0.5,0.5009,5.018,5.019,0.3787,0.007604,PASS,PASS,PASS
579,VOS +1 mV,100,8,7.4,7.1,0.5,0.04,0.001,0.5,0.5009,8.021,8.019,0.2603,0.005261,PASS,PASS,PASS
580,VOS +1 mV,100,3,7.4,7.1,1,0.04,0.001,1,1.001,3.026,3.014,0.8683,0.00947,PASS,PASS,PASS
581,VOS +1 mV,100,5,7.4,7.1,1,0.04,0.001,1,1.001,5.019,5.014,0.375,0.006364,PASS,PASS,PASS
582,VOS +1 mV,100,8,7.4,7.1,1,0.04,0.001,1,1.001,8.015,8.013,0.1822,0.004168,PASS,PASS,PASS
583,VOS +1 mV,100,3,7.4,7.1,2,0.04,0.001,2,2.004,3,3.012,0.3915,0.01159,PASS,PASS,PASS
584,VOS +1 mV,100,5,7.4,7.1,2,0.04,0.001,2,2.004,5.011,5.013,0.2552,0.007796,PASS,PASS,PASS
585,VOS +1 mV,100,8,7.4,7.1,2,0.04,0.001,2,2.004,8.028,8.018,0.3445,0.005625,PASS,PASS,PASS
586,VOS +1 mV,100,3,7.4,7.1,5,0.04,0.001,3.9,3.906,3.023,3.02,0.7723,0.01018,PASS,PASS,PASS
587,VOS +1 mV,100,5,7.4,7.1,5,0.04,0.001,3.9,3.906,5.017,5.015,0.3455,0.006866,PASS,PASS,PASS
588,VOS +1 mV,100,8,7.4,7.1,5,0.04,0.001,3.9,3.906,8.01,8.016,0.2019,0.004587,PASS,PASS,PASS
589,VOS +1 mV,100,3,7.4,7.1,0.5,0.06,0.001,0.5,0.5009,2.988,3.017,0.5573,0.01544,PASS,PASS,PASS
590,VOS +1 mV,100,5,7.4,7.1,0.5,0.06,0.001,0.5,0.5009,5.01,5.018,0.357,0.01134,PASS,PASS,PASS
591,VOS +1 mV,100,8,7.4,7.1,0.5,0.06,0.001,0.5,0.5009,8.021,8.024,0.3021,0.00824,PASS,PASS,PASS
592,VOS +1 mV,100,3,7.4,7.1,1,0.06,0.001,1,1.001,3.021,3.012,0.7057,0.01299,PASS,PASS,PASS
593,VOS +1 mV,100,5,7.4,7.1,1,0.06,0.001,1,1.001,5.016,5.013,0.3134,0.008915,PASS,PASS,PASS
594,VOS +1 mV,100,8,7.4,7.1,1,0.06,0.001,1,1.001,8.015,8.013,0.1822,0.006727,PASS,PASS,PASS
595,VOS +1 mV,100,3,7.4,7.1,2,0.06,0.001,2,2.004,2.978,3.012,-0.7483,0.01666,PASS,PASS,PASS
596,VOS +1 mV,100,5,7.4,7.1,2,0.06,0.001,2,2.004,5.001,5.01,0.1974,0.01198,PASS,PASS,PASS
597,VOS +1 mV,100,8,7.4,7.1,2,0.06,0.001,2,2.004,8.021,8.018,0.2674,0.009039,PASS,PASS,PASS
598,VOS +1 mV,100,3,7.4,7.1,5,0.06,0.001,3.9,3.906,3.012,3.02,0.6649,0.01357,PASS,PASS,PASS
599,VOS +1 mV,100,5,7.4,7.1,5,0.06,0.001,3.9,3.906,5.016,5.018,0.3671,0.01023,PASS,PASS,PASS
600,VOS +1 mV,100,8,7.4,7.1,5,0.06,0.001,3.9,3.906,8.013,8.012,0.1588,0.007517,PASS,PASS,PASS
601,VOS +1 mV,100,3,7.4,7.1,0.5,0.08,0.001,0.5,0.5009,2.969,3.022,-1.025,0.01944,PASS,PASS,PASS
602,VOS +1 mV,100,5,7.4,7.1,0.5,0.08,0.001,0.5,0.5009,5,5.018,0.3573,0.0149,PASS,PASS,PASS
603,VOS +1 mV,100,8,7.4,7.1,0.5,0.08,0.001,0.5,0.5009,8.022,8.024,0.3,0.01161,PASS,PASS,PASS
604,VOS +1 mV,100,3,7.4,7.1,1,0.08,0.001,1,1.001,3.012,3.017,0.5745,0.01625,PASS,PASS,PASS
605,VOS +1 mV,100,5,7.4,7.1,1,0.08,0.001,1,1.001,5.015,5.012,0.3066,0.01187,PASS,PASS,PASS
606,VOS +1 mV,100,8,7.4,7.1,1,0.08,0.001,1,1.001,8.019,8.014,0.2356,0.009244,PASS,PASS,PASS
607,VOS +1 mV,100,3,7.4,7.1,2,0.08,0.001,2,2.004,2.954,3.015,-1.546,0.02055,PASS,PASS,PASS
608,VOS +1 mV,100,5,7.4,7.1,2,0.08,0.001,2,2.004,4.98,5.011,-0.3922,0.01599,PASS,PASS,PASS
609,VOS +1 mV,100,8,7.4,7.1,2,0.08,0.001,2,2.004,8.017,8.018,0.2298,0.01226,PASS,PASS,PASS
610,VOS +1 mV,100,3,7.4,7.1,5,0.08,0.001,3.9,3.906,3.004,3.02,0.6805,0.0171,PASS,PASS,PASS
611,VOS +1 mV,100,5,7.4,7.1,5,0.08,0.001,3.9,3.906,5.015,5.02,0.3996,0.013,PASS,PASS,PASS
612,VOS +1 mV,100,8,7.4,7.1,5,0.08,0.001,3.9,3.906,8.01,8.012,0.1543,0.01008,PASS,PASS,PASS
613,VOS +1 mV,100,3,7.4,7.1,0.5,0.1,0.001,0.5,0.5009,2.949,3.022,-1.697,0.02349,PASS,PASS,PASS
614,VOS +1 mV,100,5,7.4,7.1,0.5,0.1,0.001,0.5,0.5009,4.987,5.018,0.352,0.01807,PASS,PASS,PASS
615,VOS +1 mV,100,8,7.4,7.1,0.5,0.1,0.001,0.5,0.5009,8.02,8.024,0.3,0.01444,PASS,PASS,PASS
616,VOS +1 mV,100,3,7.4,7.1,1,0.1,0.001,1,1.001,3.004,3.016,0.5327,0.01933,PASS,PASS,PASS
617,VOS +1 mV,100,5,7.4,7.1,1,0.1,0.001,1,1.001,5.019,5.012,0.3725,0.01455,PASS,PASS,PASS
618,VOS +1 mV,100,8,7.4,7.1,1,0.1,0.001,1,1.001,8.016,8.011,0.2017,0.01158,PASS,PASS,PASS
619,VOS +1 mV,100,3,7.4,7.1,2,0.1,0.001,2,2.004,2.933,3.011,-2.249,0.0257,PASS,PASS,PASS
620,VOS +1 mV,100,5,7.4,7.1,2,0.1,0.001,2,2.004,4.965,5.013,-0.6956,0.01988,PASS,PASS,PASS
621,VOS +1 mV,100,8,7.4,7.1,2,0.1,0.001,2,2.004,8.014,8.017,0.209,0.01561,PASS,PASS,PASS
622,VOS +1 mV,100,3,7.4,7.1,5,0.1,0.001,3.9,3.906,2.993,3.02,0.6664,0.02037,PASS,PASS,PASS
623,VOS +1 mV,100,5,7.4,7.1,5,0.1,0.001,3.9,3.906,5.013,5.016,0.3199,0.01583,PASS,PASS,PASS
624,VOS +1 mV,100,8,7.4,7.1,5,0.1,0.001,3.9,3.906,8.01,8.017,0.21,0.01255,PASS,PASS,PASS
625,VOS +1 mV,100,3,7.4,7.1,0.5,0.12,0.001,0.5,0.5009,2.926,3.021,-2.466,0.02823,PASS,PASS,PASS
626,VOS +1 mV,100,5,7.4,7.1,0.5,0.12,0.001,0.5,0.5009,4.971,5.019,-0.5835,0.02189,PASS,PASS,PASS
627,VOS +1 mV,100,8,7.4,7.1,0.5,0.12,0.001,0.5,0.5009,8.013,8.021,0.2671,0.01713,PASS,PASS,PASS
628,VOS +1 mV,100,3,7.4,7.1,1,0.12,0.001,1,1.001,2.991,3.016,0.5178,0.02265,PASS,PASS,PASS
629,VOS +1 mV,100,5,7.4,7.1,1,0.12,0.001,1,1.001,5.018,5.012,0.3568,0.01759,PASS,PASS,PASS
630,VOS +1 mV,100,8,7.4,7.1,1,0.12,0.001,1,1.001,8.014,8.013,0.1744,0.01383,PASS,PASS,PASS
631,VOS +1 mV,100,3,7.4,7.1,2,0.12,0.001,2,2.004,2.909,3.012,-3.019,0.02981,PASS,PASS,PASS
632,VOS +1 mV,100,5,7.4,7.1,2,0.12,0.001,2,2.004,4.943,5.013,-1.133,0.02347,PASS,PASS,PASS
633,VOS +1 mV,100,8,7.4,7.1,2,0.12,0.001,2,2.004,8.006,8.017,0.2144,0.01869,PASS,PASS,PASS
634,VOS +1 mV,100,3,7.4,7.1,5,0.12,0.001,3.9,3.906,2.98,3.024,0.8019,0.02392,PASS,PASS,PASS
635,VOS +1 mV,100,5,7.4,7.1,5,0.12,0.001,3.9,3.906,5.008,5.018,0.365,0.0191,PASS,PASS,PASS
636,VOS +1 mV,100,8,7.4,7.1,5,0.12,0.001,3.9,3.906,8.011,8.015,0.1937,0.01497,PASS,PASS,PASS
637,VOS +1 mV,100,3,7.4,7.1,0.5,0.14,0.001,0.5,0.5009,2.908,3.017,-3.077,0.03118,PASS,PASS,PASS
638,VOS +1 mV,100,5,7.4,7.1,0.5,0.14,0.001,0.5,0.5009,4.955,5.019,-0.9032,0.0248,PASS,PASS,PASS
639,VOS +1 mV,100,8,7.4,7.1,0.5,0.14,0.001,0.5,0.5009,8.009,8.02,0.2545,0.01987,PASS,PASS,PASS
640,VOS +1 mV,100,3,7.4,7.1,1,0.14,0.001,1,1.001,2.98,3.016,-0.6549,0.02583,PASS,PASS,PASS
641,VOS +1 mV,100,5,7.4,7.1,1,0.14,0.001,1,1.001,5.014,5.014,0.2783,0.01975,PASS,PASS,PASS
642,VOS +1 mV,100,8,7.4,7.1,1,0.14,0.001,1,1.001,8.014,8.013,0.18,0.01607,PASS,PASS,PASS
643,VOS +1 mV,100,3,7.4,7.1,2,0.14,0.001,2,2.004,2.886,3.014,-3.793,0.03381,PASS,PASS,PASS
644,VOS +1 mV,100,5,7.4,7.1,2,0.14,0.001,2,2.004,4.925,5.01,-1.507,0.02704,PASS,PASS,PASS
645,VOS +1 mV,100,8,7.4,7.1,2,0.14,0.001,2,2.004,7.994,8.018,0.2193,0.02156,PASS,PASS,PASS
646,VOS +1 mV,100,3,7.4,7.1,5,0.14,0.001,3.9,3.906,2.971,3.02,-0.9599,0.02777,PASS,PASS,PASS
647,VOS +1 mV,100,5,7.4,7.1,5,0.14,0.001,3.9,3.906,5.004,5.017,0.3307,0.02176,PASS,PASS,PASS
648,VOS +1 mV,100,8,7.4,7.1,5,0.14,0.001,3.9,3.906,8.012,8.012,0.1532,0.01729,PASS,PASS,PASS
649,VOS +1 mV,100,3,7.4,7.1,0.5,0.16,0.001,0.5,0.5009,2.888,3.017,-3.738,0.03527,PASS,PASS,PASS
650,VOS +1 mV,100,5,7.4,7.1,0.5,0.16,0.001,0.5,0.5009,4.938,5.021,-1.243,0.02827,PASS,PASS,PASS
651,VOS +1 mV,100,8,7.4,7.1,0.5,0.16,0.001,0.5,0.5009,8.007,8.02,0.2561,0.02277,PASS,PASS,PASS
652,VOS +1 mV,100,3,7.4,7.1,1,0.16,0.001,1,1.001,2.972,3.012,-0.9396,0.02856,PASS,PASS,PASS
653,VOS +1 mV,100,5,7.4,7.1,1,0.16,0.001,1,1.001,5.014,5.012,0.2795,0.02271,PASS,PASS,PASS
654,VOS +1 mV,100,8,7.4,7.1,1,0.16,0.001,1,1.001,8.015,8.012,0.1889,0.01808,PASS,PASS,PASS
655,VOS +1 mV,100,3,7.4,7.1,2,0.16,0.001,2,2.004,2.87,3.012,-4.342,0.03878,PASS,PASS,PASS
656,VOS +1 mV,100,5,7.4,7.1,2,0.16,0.001,2,2.004,4.9,5.011,-1.999,0.02999,PASS,PASS,PASS
657,VOS +1 mV,100,8,7.4,7.1,2,0.16,0.001,2,2.004,7.983,8.021,0.2587,0.02463,PASS,PASS,PASS
658,VOS +1 mV,100,3,7.4,7.1,5,0.16,0.001,3.9,3.906,2.956,3.024,-1.475,0.03102,PASS,PASS,PASS
659,VOS +1 mV,100,5,7.4,7.1,5,0.16,0.001,3.9,3.906,4.998,5.015,0.3047,0.02446,PASS,PASS,PASS
660,VOS +1 mV,100,8,7.4,7.1,5,0.16,0.001,3.9,3.906,8.01,8.017,0.213,0.01984,PASS,PASS,PASS
661,VOS +1 mV,100,3,7.4,7.1,0.5,0.18,0.001,0.5,0.5009,2.868,3.022,-4.414,0.03899,PASS,PASS,PASS
662,VOS +1 mV,100,5,7.4,7.1,0.5,0.18,0.001,0.5,0.5009,4.918,5.02,-1.635,0.03127,PASS,PASS,PASS
663,VOS +1 mV,100,8,7.4,7.1,0.5,0.18,0.001,0.5,0.5009,7.999,8.022,0.2736,0.02535,PASS,PASS,PASS
664,VOS +1 mV,100,3,7.4,7.1,1,0.18,0.001,1,1.001,2.958,3.014,-1.389,0.03179,PASS,PASS,PASS
665,VOS +1 mV,100,5,7.4,7.1,1,0.18,0.001,1,1.001,5.009,5.014,0.2737,0.02504,PASS,PASS,PASS
666,VOS +1 mV,100,8,7.4,7.1,1,0.18,0.001,1,1.001,8.014,8.013,0.181,0.02024,PASS,PASS,PASS
667,VOS +1 mV,100,3,7.4,7.1,2,0.18,0.001,2,2.004,2.848,3.013,-5.073,0.0421,PASS,PASS,PASS
668,VOS +1 mV,100,5,7.4,7.1,2,0.18,0.001,2,2.004,4.877,5.011,-2.459,0.03366,PASS,PASS,PASS
669,VOS +1 mV,100,8,7.4,7.1,2,0.18,0.001,2,2.004,7.966,8.017,-0.4275,0.02719,PASS,PASS,PASS
670,VOS +1 mV,100,3,7.4,7.1,5,0.18,0.001,3.9,3.906,2.94,3.019,-1.995,0.03407,PASS,PASS,PASS
671,VOS +1 mV,100,5,7.4,7.1,5,0.18,0.001,3.9,3.906,4.988,5.019,0.3704,0.027,PASS,PASS,PASS
672,VOS +1 mV,100,8,7.4,7.1,5,0.18,0.001,3.9,3.906,8.01,8.013,0.1598,0.02196,PASS,PASS,PASS
673,VOS +1 mV,100,3,7.4,7.1,0.5,0.2,0.001,0.5,0.5009,2.849,3.017,-5.017,0.04288,PASS,PASS,PASS
674,VOS +1 mV,100,5,7.4,7.1,0.5,0.2,0.001,0.5,0.5009,4.897,5.016,-2.063,0.03386,PASS,PASS,PASS
675,VOS +1 mV,100,8,7.4,7.1,0.5,0.2,0.001,0.5,0.5009,7.986,8.019,0.2399,0.02765,PASS,PASS,PASS
676,VOS +1 mV,100,3,7.4,7.1,1,0.2,0.001,1,1.001,2.944,3.014,-1.869,0.03463,PASS,PASS,PASS
677,VOS +1 mV,100,5,7.4,7.1,1,0.2,0.001,1,1.001,5.003,5.015,0.302,0.02705,PASS,PASS,PASS
678,VOS +1 mV,100,8,7.4,7.1,1,0.2,0.001,1,1.001,8.014,8.012,0.1765,0.02214,PASS,PASS,PASS
679,VOS +1 mV,100,3,7.4,7.1,2,0.2,0.001,2,2.004,2.826,3.015,-5.795,0.04549,PASS,PASS,PASS
680,VOS +1 mV,100,5,7.4,7.1,2,0.2,0.001,2,2.004,4.85,5.014,-3.006,0.03671,PASS,PASS,PASS
681,VOS +1 mV,100,8,7.4,7.1,2,0.2,0.001,2,2.004,7.947,8.018,-0.659,0.02993,PASS,PASS,PASS
682,VOS +1 mV,100,3,7.4,7.1,5,0.2,0.001,3.9,3.906,2.927,3.02,-2.43,0.03745,PASS,PASS,PASS
683,VOS +1 mV,100,5,7.4,7.1,5,0.2,0.001,3.9,3.906,4.983,5.018,0.3581,0.02993,PASS,PASS,PASS
684,VOS +1 mV,100,8,7.4,7.1,5,0.2,0.001,3.9,3.906,8.008,8.018,0.2221,0.02399,PASS,PASS,PASS
685,VOS +1 mV,100,3,7.4,7.1,0.5,0.22,0.001,0.5,0.5009,2.828,3.019,-5.727,0.04616,PASS,PASS,PASS
686,VOS +1 mV,100,5,7.4,7.1,0.5,0.22,0.001,0.5,0.5009,4.875,5.021,-2.491,0.0371,PASS,PASS,PASS
687,VOS +1 mV,100,8,7.4,7.1,0.5,0.22,0.001,0.5,0.5009,7.97,8.02,-0.3711,0.02989,PASS,PASS,PASS
688,VOS +1 mV,100,3,7.4,7.1,1,0.22,0.001,1,1.001,2.935,3.016,-2.153,0.03749,PASS,PASS,PASS
689,VOS +1 mV,100,5,7.4,7.1,1,0.22,0.001,1,1.001,4.996,5.013,0.2561,0.0297,PASS,PASS,PASS
690,VOS +1 mV,100,8,7.4,7.1,1,0.22,0.001,1,1.001,8.014,8.013,0.179,0.02393,PASS,PASS,PASS
691,VOS +1 mV,100,3,7.4,7.1,2,0.22,0.001,2,2.004,2.807,3.016,-6.439,0.04984,PASS,PASS,PASS
692,VOS +1 mV,100,5,7.4,7.1,2,0.22,0.001,2,2.004,4.829,5.01,-3.424,0.03987,PASS,PASS,PASS
693,VOS +1 mV,100,8,7.4,7.1,2,0.22,0.001,2,2.004,7.925,8.019,-0.9348,0.03236,PASS,PASS,PASS
694,VOS +1 mV,100,3,7.4,7.1,5,0.22,0.001,3.9,3.906,2.913,3.017,-2.899,0.04057,PASS,PASS,PASS
695,VOS +1 mV,100,5,7.4,7.1,5,0.22,0.001,3.9,3.906,4.97,5.019,-0.6086,0.03207,PASS,PASS,PASS
696,VOS +1 mV,100,8,7.4,7.1,5,0.22,0.001,3.9,3.906,8.006,8.017,0.2166,0.02619,PASS,PASS,PASS
697,VOS +1 mV,100,3,7.4,7.1,0.5,0.24,0.001,0.5,0.5009,2.807,3.02,-6.443,0.05,PASS,PASS,PASS
698,VOS +1 mV,100,5,7.4,7.1,0.5,0.24,0.001,0.5,0.5009,4.855,5.019,-2.9,0.03949,PASS,PASS,PASS
699,VOS +1 mV,100,8,7.4,7.1,0.5,0.24,0.001,0.5,0.5009,7.957,8.02,-0.5323,0.03211,PASS,PASS,PASS
700,VOS +1 mV,100,3,7.4,7.1,1,0.24,0.001,1,1.001,2.918,3.014,-2.749,0.0398,PASS,PASS,PASS
701,VOS +1 mV,100,5,7.4,7.1,1,0.24,0.001,1,1.001,4.99,5.014,0.2737,0.03188,PASS,PASS,PASS
702,VOS +1 mV,100,8,7.4,7.1,1,0.24,0.001,1,1.001,8.015,8.013,0.1821,0.02608,PASS,PASS,PASS
703,VOS +1 mV,100,3,7.4,7.1,2,0.24,0.001,2,2.004,2.787,3.016,-7.112,0.05374,PASS,PASS,FAIL
704,VOS +1 mV,100,5,7.4,7.1,2,0.24,0.001,2,2.004,4.804,5.01,-3.913,0.04271,PASS,PASS,PASS
705,VOS +1 mV,100,8,7.4,7.1,2,0.24,0.001,2,2.004,7.905,8.02,-1.188,0.03499,PASS,PASS,PASS
706,VOS +1 mV,100,3,7.4,7.1,5,0.24,0.001,3.9,3.906,2.899,3.021,-3.352,0.04317,PASS,PASS,PASS
707,VOS +1 mV,100,5,7.4,7.1,5,0.24,0.001,3.9,3.906,4.96,5.019,-0.8056,0.03434,PASS,PASS,PASS
708,VOS +1 mV,100,8,7.4,7.1,5,0.24,0.001,3.9,3.906,8.005,8.015,0.1858,0.02832,PASS,PASS,PASS
709,VOS +1 mV,100,3,7.4,7.1,0.5,0.26,0.001,0.5,0.5009,2.789,3.02,-7.029,0.05303,PASS,PASS,FAIL
710,VOS +1 mV,100,5,7.4,7.1,0.5,0.26,0.001,0.5,0.5009,4.832,5.018,-3.367,0.04246,PASS,PASS,PASS
711,VOS +1 mV,100,8,7.4,7.1,0.5,0.26,0.001,0.5,0.5009,7.938,8.02,-0.7789,0.03466,PASS,PASS,PASS
712,VOS +1 mV,100,3,7.4,7.1,1,0.26,0.001,1,1.001,2.904,3.016,-3.194,0.0423,PASS,PASS,PASS
713,VOS +1 mV,100,5,7.4,7.1,1,0.26,0.001,1,1.001,4.979,5.012,-0.4132,0.03393,PASS,PASS,PASS
714,VOS +1 mV,100,8,7.4,7.1,1,0.26,0.001,1,1.001,8.015,8.012,0.1813,0.02753,PASS,PASS,PASS
715,VOS +1 mV,100,3,7.4,7.1,2,0.26,0.001,2,2.004,2.766,3.015,-7.807,0.05733,PASS,PASS,FAIL
716,VOS +1 mV,100,5,7.4,7.1,2,0.26,0.001,2,2.004,4.781,5.014,-4.383,0.04593,PASS,PASS,PASS
717,VOS +1 mV,100,8,7.4,7.1,2,0.26,0.001,2,2.004,7.879,8.019,-1.518,0.03741,PASS,PASS,PASS
718,VOS +1 mV,100,3,7.4,7.1,5,0.26,0.001,3.9,3.906,2.882,3.024,-3.934,0.04543,PASS,PASS,PASS
719,VOS +1 mV,100,5,7.4,7.1,5,0.26,0.001,3.9,3.906,4.944,5.016,-1.127,0.03693,PASS,PASS,PASS
720,VOS +1 mV,100,8,7.4,7.1,5,0.26,0.001,3.9,3.906,8.003,8.013,0.1655,0.02991,PASS,PASS,PASS
721,VOS +1 mV,100,3,7.4,7.1,0.5,0.28,0.001,0.5,0.5009,2.769,3.021,-7.692,0.05583,PASS,PASS,FAIL
722,VOS +1 mV,100,5,7.4,7.1,0.5,0.28,0.001,0.5,0.5009,4.811,5.016,-3.773,0.0445,PASS,PASS,PASS
723,VOS +1 mV,100,8,7.4,7.1,0.5,0.28,0.001,0.5,0.5009,7.92,8.021,-1.001,0.03668,PASS,PASS,PASS
724,VOS +1 mV,100,3,7.4,7.1,1,0.28,0.001,1,1.001,2.89,3.015,-3.677,0.04467,PASS,PASS,PASS
725,VOS +1 mV,100,5,7.4,7.1,1,0.28,0.001,1,1.001,4.967,5.013,-0.6501,0.03615,PASS,PASS,PASS
726,VOS +1 mV,100,8,7.4,7.1,1,0.28,0.001,1,1.001,8.014,8.013,0.1717,0.02961,PASS,PASS,PASS
727,VOS +1 mV,100,3,7.4,7.1,2,0.28,0.001,2,2.004,2.748,3.013,-8.408,0.06053,PASS,PASS,FAIL
728,VOS +1 mV,100,5,7.4,7.1,2,0.28,0.001,2,2.004,4.756,5.012,-4.883,0.04838,PASS,PASS,PASS
729,VOS +1 mV,100,8,7.4,7.1,2,0.28,0.001,2,2.004,7.854,8.018,-1.823,0.03973,PASS,PASS,PASS
730,VOS +1 mV,100,3,7.4,7.1,5,0.28,0.001,3.9,3.906,2.865,3.019,-4.504,0.04745,PASS,PASS,PASS
731,VOS +1 mV,100,5,7.4,7.1,5,0.28,0.001,3.9,3.906,4.93,5.018,-1.399,0.03935,PASS,PASS,PASS
732,VOS +1 mV,100,8,7.4,7.1,5,0.28,0.001,3.9,3.906,7.997,8.015,0.188,0.03201,PASS,PASS,PASS
733,VOS +1 mV,100,3,7.4,7.1,0.5,0.3,0.001,0.5,0.5009,2.754,3.017,-8.21,0.05869,PASS,PASS,FAIL
734,VOS +1 mV,100,5,7.4,7.1,0.5,0.3,0.001,0.5,0.5009,4.787,5.018,-4.259,0.04707,PASS,PASS,PASS
735,VOS +1 mV,100,8,7.4,7.1,0.5,0.3,0.001,0.5,0.5009,7.897,8.024,-1.287,0.03854,PASS,PASS,PASS
736,VOS +1 mV,100,3,7.4,7.1,1,0.3,0.001,1,1.001,2.88,3.015,-4.007,0.04721,PASS,PASS,PASS
737,VOS +1 mV,100,5,7.4,7.1,1,0.3,0.001,1,1.001,4.955,5.014,-0.9034,0.0382,PASS,PASS,PASS
738,VOS +1 mV,100,8,7.4,7.1,1,0.3,0.001,1,1.001,8.014,8.013,0.1767,0.03111,PASS,PASS,PASS
739,VOS +1 mV,100,3,7.4,7.1,2,0.3,0.001,2,2.004,2.728,3.014,-9.073,0.06359,PASS,PASS,FAIL
740,VOS +1 mV,100,5,7.4,7.1,2,0.3,0.001,2,2.004,4.736,5.01,-5.284,0.05064,PASS,PASS,FAIL
741,VOS +1 mV,100,8,7.4,7.1,2,0.3,0.001,2,2.004,7.826,8.017,-2.17,0.04178,PASS,PASS,PASS
742,VOS +1 mV,100,3,7.4,7.1,5,0.3,0.001,3.9,3.906,2.853,3.019,-4.898,0.05033,PASS,PASS,FAIL
743,VOS +1 mV,100,5,7.4,7.1,5,0.3,0.001,3.9,3.906,4.913,5.018,-1.747,0.04104,PASS,PASS,PASS
744,VOS +1 mV,100,8,7.4,7.1,5,0.3,0.001,3.9,3.906,7.993,8.013,0.1597,0.03379,PASS,PASS,PASS
745,VOS -1 mV,100,3,7.4,7.1,0.5,-0.3,-0.001,0.5,0.4991,3.756,3.008,25.2,0.08554,FAIL,FAIL,FAIL
746,VOS -1 mV,100,5,7.4,7.1,0.5,-0.3,-0.001,0.5,0.4991,5.011,5.006,0.2156,0.06902,PASS,PASS,FAIL
747,VOS -1 mV,100,8,7.4,7.1,0.5,-0.3,-0.001,0.5,0.4991,7.993,7.998,-0.09303,0.05589,PASS,PASS,FAIL
748,VOS -1 mV,100,3,7.4,7.1,1,-0.3,-0.001,1,0.9987,3.026,3.006,0.8693,0.06701,PASS,PASS,FAIL
749,VOS -1 mV,100,5,7.4,7.1,1,-0.3,-0.001,1,0.9987,5.003,5.001,0.05447,0.05481,PASS,PASS,FAIL
750,VOS -1 mV,100,8,7.4,7.1,1,-0.3,-0.001,1,0.9987,8,7.997,-0.03432,0.04423,PASS,PASS,PASS
751,VOS -1 mV,100,3,7.4,7.1,2,-0.3,-0.001,2,1.996,3.757,3.004,25.23,0.09229,FAIL,FAIL,FAIL
752,VOS -1 mV,100,5,7.4,7.1,2,-0.3,-0.001,2,1.996,6.267,4.994,25.35,0.07491,FAIL,FAIL,FAIL
753,VOS -1 mV,100,8,7.4,7.1,2,-0.3,-0.001,2,1.996,7.99,7.989,-0.1357,0.06083,PASS,PASS,FAIL
754,VOS -1 mV,100,3,7.4,7.1,5,-0.3,-0.001,3.9,3.894,3.699,3.015,23.29,0.06976,FAIL,FAIL,FAIL
755,VOS -1 mV,100,5,7.4,7.1,5,-0.3,-0.001,3.9,3.894,5.003,5.005,0.1097,0.06007,PASS,PASS,FAIL
756,VOS -1 mV,100,8,7.4,7.1,5,-0.3,-0.001,3.9,3.894,7.993,7.998,-0.08824,0.04839,PASS,PASS,PASS
757,VOS -1 mV,100,3,7.4,7.1,0.5,-0.28,-0.001,0.5,0.4991,3.727,3.013,24.22,0.0791,FAIL,FAIL,FAIL
758,VOS -1 mV,100,5,7.4,7.1,0.5,-0.28,-0.001,0.5,0.4991,5.01,5.002,0.2076,0.06342,PASS,PASS,FAIL
759,VOS -1 mV,100,8,7.4,7.1,0.5,-0.28,-0.001,0.5,0.4991,7.994,7.995,-0.06968,0.05161,PASS,PASS,FAIL
760,VOS -1 mV,100,3,7.4,7.1,1,-0.28,-0.001,1,0.9987,3.025,3.01,0.8257,0.06195,PASS,PASS,FAIL
761,VOS -1 mV,100,5,7.4,7.1,1,-0.28,-0.001,1,0.9987,5.005,5.002,0.1038,0.05054,PASS,PASS,FAIL
762,VOS -1 mV,100,8,7.4,7.1,1,-0.28,-0.001,1,0.9987,8,7.998,-0.02971,0.04077,PASS,PASS,PASS
763,VOS -1 mV,100,3,7.4,7.1,2,-0.28,-0.001,2,1.996,3.73,3,24.33,0.08565,FAIL,FAIL,FAIL
764,VOS -1 mV,100,5,7.4,7.1,2,-0.28,-0.001,2,1.996,5.017,4.994,0.3391,0.06894,PASS,PASS,FAIL
765,VOS -1 mV,100,8,7.4,7.1,2,-0.28,-0.001,2,1.996,7.992,7.99,-0.1269,0.05617,PASS,PASS,FAIL
766,VOS -1 mV,100,3,7.4,7.1,5,-0.28,-0.001,3.9,3.894,3.036,3.018,1.197,0.06677,PASS,PASS,FAIL
767,VOS -1 mV,100,5,7.4,7.1,5,-0.28,-0.001,3.9,3.894,5.003,5.004,0.08443,0.0549,PASS,PASS,FAIL
768,VOS -1 mV,100,8,7.4,7.1,5,-0.28,-0.001,3.9,3.894,7.993,7.994,-0.08798,0.04454,PASS,PASS,PASS
769,VOS -1 mV,100,3,7.4,7.1,0.5,-0.26,-0.001,0.5,0.4991,3.693,3.009,23.09,0.07236,FAIL,FAIL,FAIL
770,VOS -1 mV,100,5,7.4,7.1,0.5,-0.26,-0.001,0.5,0.4991,5.013,5.003,0.2678,0.0582,PASS,PASS,FAIL
771,VOS -1 mV,100,8,7.4,7.1,0.5,-0.26,-0.001,0.5,0.4991,7.99,7.995,-0.1232,0.04732,PASS,PASS,PASS
772,VOS -1 mV,100,3,7.4,7.1,1,-0.26,-0.001,1,0.9987,3.026,3.007,0.8606,0.05731,PASS,PASS,FAIL
773,VOS -1 mV,100,5,7.4,7.1,1,-0.26,-0.001,1,0.9987,5.005,5.003,0.1076,0.04606,PASS,PASS,PASS
774,VOS -1 mV,100,8,7.4,7.1,1,-0.26,-0.001,1,0.9987,7.995,7.998,-0.06307,0.03756,PASS,PASS,PASS
775,VOS -1 mV,100,3,7.4,7.1,2,-0.26,-0.001,2,1.996,3.705,3.005,23.49,0.07809,FAIL,FAIL,FAIL
776,VOS -1 mV,100,5,7.4,7.1,2,-0.26,-0.001,2,1.996,5.017,4.994,0.3318,0.06286,PASS,PASS,FAIL
777,VOS -1 mV,100,8,7.4,7.1,2,-0.26,-0.001,2,1.996,7.992,7.986,-0.1756,0.0511,PASS,PASS,FAIL
778,VOS -1 mV,100,3,7.4,7.1,5,-0.26,-0.001,3.9,3.894,3.036,3.017,1.187,0.06283,PASS,PASS,FAIL
779,VOS -1 mV,100,5,7.4,7.1,5,-0.26,-0.001,3.9,3.894,5.004,5.004,0.08671,0.05044,PASS,PASS,FAIL
780,VOS -1 mV,100,8,7.4,7.1,5,-0.26,-0.001,3.9,3.894,7.992,7.997,-0.1028,0.04081,PASS,PASS,PASS
781,VOS -1 mV,100,3,7.4,7.1,0.5,-0.24,-0.001,0.5,0.4991,3.644,3.009,21.46,0.06555,FAIL,FAIL,FAIL
782,VOS -1 mV,100,5,7.4,7.1,0.5,-0.24,-0.001,0.5,0.4991,5.011,5.002,0.2112,0.05335,PASS,PASS,FAIL
783,VOS -1 mV,100,8,7.4,7.1,0.5,-0.24,-0.001,0.5,0.4991,7.991,7.999,-0.1125,0.04298,PASS,PASS,PASS
784,VOS -1 mV,100,3,7.4,7.1,1,-0.24,-0.001,1,0.9987,3.023,3.011,0.7695,0.05198,PASS,PASS,FAIL
785,VOS -1 mV,100,5,7.4,7.1,1,-0.24,-0.001,1,0.9987,5.003,5.001,0.05466,0.04199,PASS,PASS,PASS
786,VOS -1 mV,100,8,7.4,7.1,1,-0.24,-0.001,1,0.9987,8,7.998,-0.02971,0.03396,PASS,PASS,PASS
787,VOS -1 mV,100,3,7.4,7.1,2,-0.24,-0.001,2,1.996,3.669,3.002,22.31,0.07191,FAIL,FAIL,FAIL
788,VOS -1 mV,100,5,7.4,7.1,2,-0.24,-0.001,2,1.996,5.018,4.993,0.3568,0.05765,PASS,PASS,FAIL
789,VOS -1 mV,100,8,7.4,7.1,2,-0.24,-0.001,2,1.996,7.99,7.989,-0.1357,0.04652,PASS,PASS,PASS
790,VOS -1 mV,100,3,7.4,7.1,5,-0.24,-0.001,3.9,3.894,3.032,3.015,1.068,0.05692,PASS,PASS,FAIL
791,VOS -1 mV,100,5,7.4,7.1,5,-0.24,-0.001,3.9,3.894,5.003,5.003,0.06479,0.04586,PASS,PASS,PASS
792,VOS -1 mV,100,8,7.4,7.1,5,-0.24,-0.001,3.9,3.894,7.992,7.993,-0.1059,0.03721,PASS,PASS,PASS
793,VOS -1 mV,100,3,7.4,7.1,0.5,-0.22,-0.001,0.5,0.4991,3.08,3.011,2.657,0.05912,PASS,PASS,FAIL
794,VOS -1 mV,100,5,7.4,7.1,0.5,-0.22,-0.001,0.5,0.4991,5.01,5.006,0.2079,0.04816,PASS,PASS,PASS
795,VOS -1 mV,100,8,7.4,7.1,0.5,-0.22,-0.001,0.5,0.4991,7.99,7.999,-0.1194,0.03885,PASS,PASS,PASS
796,VOS -1 mV,100,3,7.4,7.1,1,-0.22,-0.001,1,0.9987,3.025,3.01,0.8253,0.04681,PASS,PASS,PASS
797,VOS -1 mV,100,5,7.4,7.1,1,-0.22,-0.001,1,0.9987,5.005,5.003,0.1076,0.03826,PASS,PASS,PASS
798,VOS -1 mV,100,8,7.4,7.1,1,-0.22,-0.001,1,0.9987,8,7.995,-0.06124,0.03068,PASS,PASS,PASS
799,VOS -1 mV,100,3,7.4,7.1,2,-0.22,-0.001,2,1.996,3.623,3.005,20.77,0.06482,FAIL,FAIL,FAIL
800,VOS -1 mV,100,5,7.4,7.1,2,-0.22,-0.001,2,1.996,5.017,4.994,0.3373,0.05201,PASS,PASS,FAIL
801,VOS -1 mV,100,8,7.4,7.1,2,-0.22,-0.001,2,1.996,7.99,7.99,-0.1295,0.04211,PASS,PASS,PASS
802,VOS -1 mV,100,3,7.4,7.1,5,-0.22,-0.001,3.9,3.894,3.034,3.02,1.136,0.05194,PASS,PASS,FAIL
803,VOS -1 mV,100,5,7.4,7.1,5,-0.22,-0.001,3.9,3.894,5.004,5.004,0.08667,0.0418,PASS,PASS,PASS
804,VOS -1 mV,100,8,7.4,7.1,5,-0.22,-0.001,3.9,3.894,7.991,7.997,-0.1085,0.03343,PASS,PASS,PASS
805,VOS -1 mV,100,3,7.4,7.1,0.5,-0.2,-0.001,0.5,0.4991,3.076,3.009,2.541,0.05264,PASS,PASS,FAIL
806,VOS -1 mV,100,5,7.4,7.1,0.5,-0.2,-0.001,0.5,0.4991,5.012,5.005,0.2307,0.043,PASS,PASS,PASS
807,VOS -1 mV,100,8,7.4,7.1,0.5,-0.2,-0.001,0.5,0.4991,7.99,7.996,-0.1267,0.03484,PASS,PASS,PASS
808,VOS -1 mV,100,3,7.4,7.1,1,-0.2,-0.001,1,0.9987,3.027,3.007,0.8865,0.04246,PASS,PASS,PASS
809,VOS -1 mV,100,5,7.4,7.1,1,-0.2,-0.001,1,0.9987,5.003,5.001,0.05465,0.0343,PASS,PASS,PASS
810,VOS -1 mV,100,8,7.4,7.1,1,-0.2,-0.001,1,0.9987,8,7.998,-0.02971,0.02754,PASS,PASS,PASS
811,VOS -1 mV,100,3,7.4,7.1,2,-0.2,-0.001,2,1.996,3.551,3.004,18.38,0.05766,FAIL,FAIL,FAIL
812,VOS -1 mV,100,5,7.4,7.1,2,-0.2,-0.001,2,1.996,5.017,4.994,0.3357,0.04658,PASS,PASS,PASS
813,VOS -1 mV,100,8,7.4,7.1,2,-0.2,-0.001,2,1.996,7.992,7.987,-0.1575,0.03774,PASS,PASS,PASS
814,VOS -1 mV,100,3,7.4,7.1,5,-0.2,-0.001,3.9,3.894,3.032,3.018,1.066,0.04585,PASS,PASS,PASS
815,VOS -1 mV,100,5,7.4,7.1,5,-0.2,-0.001,3.9,3.894,5.003,5.003,0.0647,0.03736,PASS,PASS,PASS
816,VOS -1 mV,100,8,7.4,7.1,5,-0.2,-0.001,3.9,3.894,7.991,7.995,-0.1131,0.03004,PASS,PASS,PASS
817,VOS -1 mV,100,3,7.4,7.1,0.5,-0.18,-0.001,0.5,0.4991,3.077,3.009,2.568,0.04689,PASS,PASS,PASS
818,VOS -1 mV,100,5,7.4,7.1,0.5,-0.18,-0.001,0.5,0.4991,5.012,5.006,0.2395,0.03833,PASS,PASS,PASS
819,VOS -1 mV,100,8,7.4,7.1,0.5,-0.18,-0.001,0.5,0.4991,7.991,7.994,-0.1122,0.0308,PASS,PASS,PASS
820,VOS -1 mV,100,3,7.4,7.1,1,-0.18,-0.001,1,0.9987,3.025,3.011,0.8222,0.03743,PASS,PASS,PASS
821,VOS -1 mV,100,5,7.4,7.1,1,-0.18,-0.001,1,0.9987,5.006,5.001,0.1276,0.03027,PASS,PASS,PASS
822,VOS -1 mV,100,8,7.4,7.1,1,-0.18,-0.001,1,0.9987,8,7.997,-0.03432,0.02442,PASS,PASS,PASS
823,VOS -1 mV,100,3,7.4,7.1,2,-0.18,-0.001,2,1.996,3.133,3.004,4.44,0.05185,PASS,PASS,FAIL
824,VOS -1 mV,100,5,7.4,7.1,2,-0.18,-0.001,2,1.996,5.022,4.995,0.4389,0.04163,PASS,PASS,PASS
825,VOS -1 mV,100,8,7.4,7.1,2,-0.18,-0.001,2,1.996,7.992,7.989,-0.1437,0.03355,PASS,PASS,PASS
826,VOS -1 mV,100,3,7.4,7.1,5,-0.18,-0.001,3.9,3.894,3.032,3.015,1.062,0.04098,PASS,PASS,PASS
827,VOS -1 mV,100,5,7.4,7.1,5,-0.18,-0.001,3.9,3.894,5.006,5.009,0.1701,0.03339,PASS,PASS,PASS
828,VOS -1 mV,100,8,7.4,7.1,5,-0.18,-0.001,3.9,3.894,7.992,7.993,-0.106,0.02661,PASS,PASS,PASS
829,VOS -1 mV,100,3,7.4,7.1,0.5,-0.16,-0.001,0.5,0.4991,3.082,3.008,2.717,0.04152,PASS,PASS,PASS
830,VOS -1 mV,100,5,7.4,7.1,0.5,-0.16,-0.001,0.5,0.4991,5.012,5.006,0.233,0.03337,PASS,PASS,PASS
831,VOS -1 mV,100,8,7.4,7.1,0.5,-0.16,-0.001,0.5,0.4991,7.99,7.996,-0.1238,0.02717,PASS,PASS,PASS
832,VOS -1 mV,100,3,7.4,7.1,1,-0.16,-0.001,1,0.9987,3.024,3.007,0.7844,0.03326,PASS,PASS,PASS
833,VOS -1 mV,100,5,7.4,7.1,1,-0.16,-0.001,1,0.9987,5.005,5.006,0.1257,0.02637,PASS,PASS,PASS
834,VOS -1 mV,100,8,7.4,7.1,1,-0.16,-0.001,1,0.9987,7.995,7.998,-0.06257,0.02143,PASS,PASS,PASS
835,VOS -1 mV,100,3,7.4,7.1,2,-0.16,-0.001,2,1.996,3.132,3.004,4.41,0.04491,PASS,PASS,PASS
836,VOS -1 mV,100,5,7.4,7.1,2,-0.16,-0.001,2,1.996,5.022,4.994,0.4344,0.03609,PASS,PASS,PASS
837,VOS -1 mV,100,8,7.4,7.1,2,-0.16,-0.001,2,1.996,7.99,7.988,-0.1469,0.02935,PASS,PASS,PASS
838,VOS -1 mV,100,3,7.4,7.1,5,-0.16,-0.001,3.9,3.894,3.037,3.015,1.231,0.03562,PASS,PASS,PASS
839,VOS -1 mV,100,5,7.4,7.1,5,-0.16,-0.001,3.9,3.894,5.004,5.004,0.08586,0.02919,PASS,PASS,PASS
840,VOS -1 mV,100,8,7.4,7.1,5,-0.16,-0.001,3.9,3.894,7.991,7.996,-0.1131,0.02336,PASS,PASS,PASS
841,VOS -1 mV,100,3,7.4,7.1,0.5,-0.14,-0.001,0.5,0.4991,3.078,3.008,2.612,0.03614,PASS,PASS,PASS
842,VOS -1 mV,100,5,7.4,7.1,0.5,-0.14,-0.001,0.5,0.4991,5.01,5.003,0.1937,0.0285,PASS,PASS,PASS
843,VOS -1 mV,100,8,7.4,7.1,0.5,-0.14,-0.001,0.5,0.4991,7.993,7.998,-0.09259,0.0232,PASS,PASS,PASS
844,VOS -1 mV,100,3,7.4,7.1,1,-0.14,-0.001,1,0.9987,3.025,3.01,0.8347,0.0287,PASS,PASS,PASS
845,VOS -1 mV,100,5,7.4,7.1,1,-0.14,-0.001,1,0.9987,5.003,5.002,0.065,0.02289,PASS,PASS,PASS
846,VOS -1 mV,100,8,7.4,7.1,1,-0.14,-0.001,1,0.9987,8,7.998,-0.02971,0.01825,PASS,PASS,PASS
847,VOS -1 mV,100,3,7.4,7.1,2,-0.14,-0.001,2,1.996,3.123,3.001,4.105,0.03879,PASS,PASS,PASS
848,VOS -1 mV,100,5,7.4,7.1,2,-0.14,-0.001,2,1.996,5.016,4.994,0.3184,0.03124,PASS,PASS,PASS
849,VOS -1 mV,100,8,7.4,7.1,2,-0.14,-0.001,2,1.996,7.992,7.987,-0.1575,0.02503,PASS,PASS,PASS
850,VOS -1 mV,100,3,7.4,7.1,5,-0.14,-0.001,3.9,3.894,3.037,3.016,1.229,0.03085,PASS,PASS,PASS
851,VOS -1 mV,100,5,7.4,7.1,5,-0.14,-0.001,3.9,3.894,5.006,5.007,0.1313,0.025,PASS,PASS,PASS
852,VOS -1 mV,100,8,7.4,7.1,5,-0.14,-0.001,3.9,3.894,7.994,7.997,-0.07837,0.02008,PASS,PASS,PASS
853,VOS -1 mV,100,3,7.4,7.1,0.5,-0.12,-0.001,0.5,0.4991,3.071,3.009,2.356,0.03054,PASS,PASS,PASS
854,VOS -1 mV,100,5,7.4,7.1,0.5,-0.12,-0.001,0.5,0.4991,5.01,5.002,0.2,0.02411,PASS,PASS,PASS
855,VOS -1 mV,100,8,7.4,7.1,0.5,-0.12,-0.001,0.5,0.4991,7.991,7.994,-0.113,0.01925,PASS,PASS,PASS
856,VOS -1 mV,100,3,7.4,7.1,1,-0.12,-0.001,1,0.9987,3.025,3.009,0.829,0.02418,PASS,PASS,PASS
857,VOS -1 mV,100,5,7.4,7.1,1,-0.12,-0.001,1,0.9987,5.003,5.002,0.06487,0.01928,PASS,PASS,PASS
858,VOS -1 mV,100,8,7.4,7.1,1,-0.12,-0.001,1,0.9987,8,7.998,-0.02933,0.01542,PASS,PASS,PASS
859,VOS -1 mV,100,3,7.4,7.1,2,-0.12,-0.001,2,1.996,3.114,3.004,3.81,0.03264,PASS,PASS,PASS
860,VOS -1 mV,100,5,7.4,7.1,2,-0.12,-0.001,2,1.996,5.02,4.994,0.4076,0.02596,PASS,PASS,PASS
861,VOS -1 mV,100,8,7.4,7.1,2,-0.12,-0.001,2,1.996,7.989,7.986,-0.1754,0.02091,PASS,PASS,PASS
862,VOS -1 mV,100,3,7.4,7.1,5,-0.12,-0.001,3.9,3.894,3.035,3.013,1.156,0.02665,PASS,PASS,PASS
863,VOS -1 mV,100,5,7.4,7.1,5,-0.12,-0.001,3.9,3.894,5.003,5.006,0.1121,0.02102,PASS,PASS,PASS
864,VOS -1 mV,100,8,7.4,7.1,5,-0.12,-0.001,3.9,3.894,7.991,7.996,-0.1106,0.01687,PASS,PASS,PASS
865,VOS -1 mV,100,3,7.4,7.1,0.5,-0.1,-0.001,0.5,0.4991,3.067,3.013,2.232,0.02472,PASS,PASS,PASS
866,VOS -1 mV,100,5,7.4,7.1,0.5,-0.1,-0.001,0.5,0.4991,5.009,5.003,0.1818,0.01951,PASS,PASS,PASS
867,VOS -1 mV,100,8,7.4,7.1,0.5,-0.1,-0.001,0.5,0.4991,7.994,7.995,-0.07168,0.01539,PASS,PASS,PASS
868,VOS -1 mV,100,3,7.4,7.1,1,-0.1,-0.001,1,0.9987,3.025,3.01,0.8368,0.0199,PASS,PASS,PASS
869,VOS -1 mV,100,5,7.4,7.1,1,-0.1,-0.001,1,0.9987,5.004,5.002,0.07423,0.01556,PASS,PASS,PASS
870,VOS -1 mV,100,8,7.4,7.1,1,-0.1,-0.001,1,0.9987,8,7.998,-0.02971,0.01231,PASS,PASS,PASS
871,VOS -1 mV,100,3,7.4,7.1,2,-0.1,-0.001,2,1.996,3.103,3.005,3.438,0.02648,PASS,PASS,PASS
872,VOS -1 mV,100,5,7.4,7.1,2,-0.1,-0.001,2,1.996,5.014,4.995,0.2793,0.02117,PASS,PASS,PASS
873,VOS -1 mV,100,8,7.4,7.1,2,-0.1,-0.001,2,1.996,7.988,7.984,-0.1974,0.01684,PASS,PASS,PASS
874,VOS -1 mV,100,3,7.4,7.1,5,-0.1,-0.001,3.9,3.894,3.037,3.013,1.224,0.02152,PASS,PASS,PASS
875,VOS -1 mV,100,5,7.4,7.1,5,-0.1,-0.001,3.9,3.894,5.001,5.005,0.1099,0.0169,PASS,PASS,PASS
876,VOS -1 mV,100,8,7.4,7.1,5,-0.1,-0.001,3.9,3.894,7.994,7.999,-0.07866,0.01373,PASS,PASS,PASS
877,VOS -1 mV,100,3,7.4,7.1,0.5,-0.08,-0.001,0.5,0.4991,3.062,3.014,2.067,0.01884,PASS,PASS,PASS
878,VOS -1 mV,100,5,7.4,7.1,0.5,-0.08,-0.001,0.5,0.4991,5.009,5.002,0.1748,0.01484,PASS,PASS,PASS
879,VOS -1 mV,100,8,7.4,7.1,0.5,-0.08,-0.001,0.5,0.4991,7.99,7.998,-0.1216,0.01198,PASS,PASS,PASS
880,VOS -1 mV,100,3,7.4,7.1,1,-0.08,-0.001,1,0.9987,3.028,3.007,0.9237,0.01506,PASS,PASS,PASS
881,VOS -1 mV,100,5,7.4,7.1,1,-0.08,-0.001,1,0.9987,5.006,5.004,0.1247,0.01184,PASS,PASS,PASS
882,VOS -1 mV,100,8,7.4,7.1,1,-0.08,-0.001,1,0.9987,7.995,7.997,-0.06694,0.00947,PASS,PASS,PASS
883,VOS -1 mV,100,3,7.4,7.1,2,-0.08,-0.001,2,1.996,3.086,3.003,2.87,0.02137,PASS,PASS,PASS
884,VOS -1 mV,100,5,7.4,7.1,2,-0.08,-0.001,2,1.996,5.012,4.995,0.2483,0.01653,PASS,PASS,PASS
885,VOS -1 mV,100,8,7.4,7.1,2,-0.08,-0.001,2,1.996,7.992,7.989,-0.1437,0.01288,PASS,PASS,PASS
886,VOS -1 mV,100,3,7.4,7.1,5,-0.08,-0.001,3.9,3.894,3.033,3.013,1.092,0.01712,PASS,PASS,PASS
887,VOS -1 mV,100,5,7.4,7.1,5,-0.08,-0.001,3.9,3.894,5.001,5.005,0.09764,0.01303,PASS,PASS,PASS
888,VOS -1 mV,100,8,7.4,7.1,5,-0.08,-0.001,3.9,3.894,7.992,7.997,-0.1055,0.01041,PASS,PASS,PASS
889,VOS -1 mV,100,3,7.4,7.1,0.5,-0.06,-0.001,0.5,0.4991,3.053,3.009,1.761,0.01383,PASS,PASS,PASS
890,VOS -1 mV,100,5,7.4,7.1,0.5,-0.06,-0.001,0.5,0.4991,5.007,5.002,0.1459,0.01083,PASS,PASS,PASS
891,VOS -1 mV,100,8,7.4,7.1,0.5,-0.06,-0.001,0.5,0.4991,7.994,7.997,-0.07628,0.008253,PASS,PASS,PASS
892,VOS -1 mV,100,3,7.4,7.1,1,-0.06,-0.001,1,0.9987,3.026,3.007,0.8594,0.01183,PASS,PASS,PASS
893,VOS -1 mV,100,5,7.4,7.1,1,-0.06,-0.001,1,0.9987,5.005,5.002,0.09499,0.008541,PASS,PASS,PASS
894,VOS -1 mV,100,8,7.4,7.1,1,-0.06,-0.001,1,0.9987,8,7.998,-0.02933,0.006437,PASS,PASS,PASS
895,VOS -1 mV,100,3,7.4,7.1,2,-0.06,-0.001,2,1.996,3.072,3.004,2.396,0.01507,PASS,PASS,PASS
896,VOS -1 mV,100,5,7.4,7.1,2,-0.06,-0.001,2,1.996,5.013,4.993,0.2687,0.01155,PASS,PASS,PASS
897,VOS -1 mV,100,8,7.4,7.1,2,-0.06,-0.001,2,1.996,7.99,7.988,-0.1476,0.008731,PASS,PASS,PASS
898,VOS -1 mV,100,3,7.4,7.1,5,-0.06,-0.001,3.9,3.894,3.029,3.018,0.9812,0.01244,PASS,PASS,PASS
899,VOS -1 mV,100,5,7.4,7.1,5,-0.06,-0.001,3.9,3.894,5.003,5.003,0.06162,0.009248,PASS,PASS,PASS
900,VOS -1 mV,100,8,7.4,7.1,5,-0.06,-0.001,3.9,3.894,7.99,7.996,-0.1199,0.007192,PASS,PASS,PASS
901,VOS -1 mV,100,3,7.4,7.1,0.5,-0.04,-0.001,0.5,0.4991,3.045,3.008,1.491,0.009057,PASS,PASS,PASS
902,VOS -1 mV,100,5,7.4,7.1,0.5,-0.04,-0.001,0.5,0.4991,5.007,5.006,0.1443,0.006251,PASS,PASS,PASS
903,VOS -1 mV,100,8,7.4,7.1,0.5,-0.04,-0.001,0.5,0.4991,7.989,7.996,-0.1353,0.004742,PASS,PASS,PASS
904,VOS -1 mV,100,3,7.4,7.1,1,-0.04,-0.001,1,0.9987,3.024,3.008,0.8013,0.007992,PASS,PASS,PASS
905,VOS -1 mV,100,5,7.4,7.1,1,-0.04,-0.001,1,0.9987,5.004,5.002,0.08904,0.005172,PASS,PASS,PASS
906,VOS -1 mV,100,8,7.4,7.1,1,-0.04,-0.001,1,0.9987,7.997,7.997,-0.04115,0.003807,PASS,PASS,PASS
907,VOS -1 mV,100,3,7.4,7.1,2,-0.04,-0.001,2,1.996,3.056,3.002,1.854,0.01049,PASS,PASS,PASS
908,VOS -1 mV,100,5,7.4,7.1,2,-0.04,-0.001,2,1.996,5.009,4.993,0.1798,0.007087,PASS,PASS,PASS
909,VOS -1 mV,100,8,7.4,7.1,2,-0.04,-0.001,2,1.996,7.989,7.987,-0.1644,0.005014,PASS,PASS,PASS
910,VOS -1 mV,100,3,7.4,7.1,5,-0.04,-0.001,3.9,3.894,3.028,3.013,0.9313,0.008767,PASS,PASS,PASS
911,VOS -1 mV,100,5,7.4,7.1,5,-0.04,-0.001,3.9,3.894,5.008,5.005,0.1569,0.006182,PASS,PASS,PASS
912,VOS -1 mV,100,8,7.4,7.1,5,-0.04,-0.001,3.9,3.894,7.996,7.996,-0.05282,0.004308,PASS,PASS,PASS
913,VOS -1 mV,100,3,7.4,7.1,0.5,-0.02,-0.001,0.5,0.4991,3.031,3.014,1.044,0.004896,PASS,PASS,PASS
914,VOS -1 mV,100,5,7.4,7.1,0.5,-0.02,-0.001,0.5,0.4991,5.003,5.003,0.06544,0.004742,PASS,PASS,PASS
915,VOS -1 mV,100,8,7.4,7.1,0.5,-0.02,-0.001,0.5,0.4991,7.993,7.997,-0.08271,0.004742,PASS,PASS,PASS
916,VOS -1 mV,100,3,7.4,7.1,1,-0.02,-0.001,1,0.9987,3.024,3.007,0.7991,0.004483,PASS,PASS,PASS
917,VOS -1 mV,100,5,7.4,7.1,1,-0.02,-0.001,1,0.9987,5.004,5.002,0.0712,0.003352,PASS,PASS,PASS
918,VOS -1 mV,100,8,7.4,7.1,1,-0.02,-0.001,1,0.9987,8,7.997,-0.03432,0.003352,PASS,PASS,PASS
919,VOS -1 mV,100,3,7.4,7.1,2,-0.02,-0.001,2,1.996,3.031,3.001,1.048,0.005696,PASS,PASS,PASS
920,VOS -1 mV,100,5,7.4,7.1,2,-0.02,-0.001,2,1.996,5.004,4.993,-0.1488,0.002745,PASS,PASS,PASS
921,VOS -1 mV,100,8,7.4,7.1,2,-0.02,-0.001,2,1.996,7.99,7.986,-0.1796,0.002371,PASS,PASS,PASS
922,VOS -1 mV,100,3,7.4,7.1,5,-0.02,-0.001,3.9,3.894,3.023,3.018,0.7831,0.005494,PASS,PASS,PASS
923,VOS -1 mV,100,5,7.4,7.1,5,-0.02,-0.001,3.9,3.894,5.004,5.001,0.07015,0.002693,PASS,PASS,PASS
924,VOS -1 mV,100,8,7.4,7.1,5,-0.02,-0.001,3.9,3.894,7.992,7.996,-0.09746,0.001697,PASS,PASS,PASS
925,VOS -1 mV,100,3,7.4,7.1,0.5,0,-0.001,0.5,0.4991,3.014,3.013,0.4745,0.005674,PASS,PASS,PASS
926,VOS -1 mV,100,5,7.4,7.1,0.5,0,-0.001,0.5,0.4991,4.998,5.001,-0.03175,0.004742,PASS,PASS,PASS
927,VOS -1 mV,100,8,7.4,7.1,0.5,0,-0.001,0.5,0.4991,7.989,7.996,-0.1334,0.004742,PASS,PASS,PASS
928,VOS -1 mV,100,3,7.4,7.1,1,0,-0.001,1,0.9987,3.021,3.014,0.7033,0.005387,PASS,PASS,PASS
929,VOS -1 mV,100,5,7.4,7.1,1,0,-0.001,1,0.9987,5.007,5.002,0.1497,0.003352,PASS,PASS,PASS
930,VOS -1 mV,100,8,7.4,7.1,1,0,-0.001,1,0.9987,7.997,7.998,-0.03224,0.003352,PASS,PASS,PASS
931,VOS -1 mV,100,3,7.4,7.1,2,0,-0.001,2,1.996,3.013,3.004,0.4175,0.005972,PASS,PASS,PASS
932,VOS -1 mV,100,5,7.4,7.1,2,0,-0.001,2,1.996,4.998,4.997,-0.06989,0.003414,PASS,PASS,PASS
933,VOS -1 mV,100,8,7.4,7.1,2,0,-0.001,2,1.996,7.987,7.986,-0.1705,0.003592,PASS,PASS,PASS
934,VOS -1 mV,100,3,7.4,7.1,5,0,-0.001,3.9,3.894,3.021,3.012,0.707,0.005787,PASS,PASS,PASS
935,VOS -1 mV,100,5,7.4,7.1,5,0,-0.001,3.9,3.894,5.002,5.002,0.04381,0.003188,PASS,PASS,PASS
936,VOS -1 mV,100,8,7.4,7.1,5,0,-0.001,3.9,3.894,7.994,7.997,-0.07824,0.002496,PASS,PASS,PASS
937,VOS -1 mV,100,3,7.4,7.1,0.5,0.02,-0.001,0.5,0.4991,3.001,3.01,0.3188,0.009388,PASS,PASS,PASS
938,VOS -1 mV,100,5,7.4,7.1,0.5,0.02,-0.001,0.5,0.4991,4.995,5.007,0.1438,0.00742,PASS,PASS,PASS
939,VOS -1 mV,100,8,7.4,7.1,0.5,0.02,-0.001,0.5,0.4991,7.992,7.997,-0.0961,0.006686,PASS,PASS,PASS
940,VOS -1 mV,100,3,7.4,7.1,1,0.02,-0.001,1,0.9987,3.017,3.01,0.5769,0.008298,PASS,PASS,PASS
941,VOS -1 mV,100,5,7.4,7.1,1,0.02,-0.001,1,0.9987,5.007,5.003,0.1331,0.005714,PASS,PASS,PASS
942,VOS -1 mV,100,8,7.4,7.1,1,0.02,-0.001,1,0.9987,7.995,7.998,-0.06313,0.005089,PASS,PASS,PASS
943,VOS -1 mV,100,3,7.4,7.1,2,0.02,-0.001,2,1.996,2.991,2.999,-0.3153,0.01052,PASS,PASS,PASS
944,VOS -1 mV,100,5,7.4,7.1,2,0.02,-0.001,2,1.996,4.988,4.993,-0.2402,0.008025,PASS,PASS,PASS
945,VOS -1 mV,100,8,7.4,7.1,2,0.02,-0.001,2,1.996,7.983,7.99,-0.2072,0.00732,PASS,PASS,PASS
946,VOS -1 mV,100,3,7.4,7.1,5,0.02,-0.001,3.9,3.894,3.017,3.012,0.5692,0.008072,PASS,PASS,PASS
947,VOS -1 mV,100,5,7.4,7.1,5,0.02,-0.001,3.9,3.894,4.999,5.002,0.04953,0.006391,PASS,PASS,PASS
948,VOS -1 mV,100,8,7.4,7.1,5,0.02,-0.001,3.9,3.894,7.99,7.995,-0.1198,0.00526,PASS,PASS,PASS
949,VOS -1 mV,100,3,7.4,7.1,0.5,0.04,-0.001,0.5,0.4991,2.982,3.013,-0.6137,0.01351,PASS,PASS,PASS
950,VOS -1 mV,100,5,7.4,7.1,0.5,0.04,-0.001,0.5,0.4991,4.988,5.002,-0.2396,0.01142,PASS,PASS,PASS
951,VOS -1 mV,100,8,7.4,7.1,0.5,0.04,-0.001,0.5,0.4991,7.986,7.995,-0.1771,0.009939,PASS,PASS,PASS
952,VOS -1 mV,100,3,7.4,7.1,1,0.04,-0.001,1,0.9987,3.011,3.011,0.3571,0.01106,PASS,PASS,PASS
953,VOS -1 mV,100,5,7.4,7.1,1,0.04,-0.001,1,0.9987,5.003,5.002,0.06513,0.008439,PASS,PASS,PASS
954,VOS -1 mV,100,8,7.4,7.1,1,0.04,-0.001,1,0.9987,7.998,7.995,-0.06393,0.007384,PASS,PASS,PASS
955,VOS -1 mV,100,3,7.4,7.1,2,0.04,-0.001,2,1.996,2.971,3.001,-0.9544,0.0145,PASS,PASS,PASS
956,VOS -1 mV,100,5,7.4,7.1,2,0.04,-0.001,2,1.996,4.976,4.995,-0.4868,0.01239,PASS,PASS,PASS
957,VOS -1 mV,100,8,7.4,7.1,2,0.04,-0.001,2,1.996,7.983,7.99,-0.2175,0.01079,PASS,PASS,PASS
958,VOS -1 mV,100,3,7.4,7.1,5,0.04,-0.001,3.9,3.894,3.006,3.019,0.6254,0.01217,PASS,PASS,PASS
959,VOS -1 mV,100,5,7.4,7.1,5,0.04,-0.001,3.9,3.894,5.005,5.008,0.1552,0.009779,PASS,PASS,PASS
960,VOS -1 mV,100,8,7.4,7.1,5,0.04,-0.001,3.9,3.894,7.993,7.994,-0.08267,0.008194,PASS,PASS,PASS
961,VOS -1 mV,100,3,7.4,7.1,0.5,0.06,-0.001,0.5,0.4991,2.965,3.01,-1.17,0.01828,PASS,PASS,PASS
962,VOS -1 mV,100,5,7.4,7.1,0.5,0.06,-0.001,0.5,0.4991,4.978,5.006,-0.4403,0.01512,PASS,PASS,PASS
963,VOS -1 mV,100,8,7.4,7.1,0.5,0.06,-0.001,0.5,0.4991,7.985,7.996,-0.1897,0.01296,PASS,PASS,PASS
964,VOS -1 mV,100,3,7.4,7.1,1,0.06,-0.001,1,0.9987,3.007,3.01,0.3488,0.01445,PASS,PASS,PASS
965,VOS -1 mV,100,5,7.4,7.1,1,0.06,-0.001,1,0.9987,5.003,5.001,0.06037,0.01186,PASS,PASS,PASS
966,VOS -1 mV,100,8,7.4,7.1,1,0.06,-0.001,1,0.9987,7.998,7.995,-0.06393,0.009997,PASS,PASS,PASS
967,VOS -1 mV,100,3,7.4,7.1,2,0.06,-0.001,2,1.996,2.948,3.003,-1.729,0.02051,PASS,PASS,PASS
968,VOS -1 mV,100,5,7.4,7.1,2,0.06,-0.001,2,1.996,4.96,4.993,-0.7914,0.01649,PASS,PASS,PASS
969,VOS -1 mV,100,8,7.4,7.1,2,0.06,-0.001,2,1.996,7.978,7.988,-0.2767,0.01433,PASS,PASS,PASS
970,VOS -1 mV,100,3,7.4,7.1,5,0.06,-0.001,3.9,3.894,3.001,3.015,0.4996,0.01596,PASS,PASS,PASS
971,VOS -1 mV,100,5,7.4,7.1,5,0.06,-0.001,3.9,3.894,5.001,5.002,0.03754,0.01278,PASS,PASS,PASS
972,VOS -1 mV,100,8,7.4,7.1,5,0.06,-0.001,3.9,3.894,7.992,7.996,-0.09575,0.01097,PASS,PASS,PASS
973,VOS -1 mV,100,3,7.4,7.1,0.5,0.08,-0.001,0.5,0.4991,2.943,3.012,-1.883,0.02219,PASS,PASS,PASS
974,VOS -1 mV,100,5,7.4,7.1,0.5,0.08,-0.001,0.5,0.4991,4.967,5.006,-0.6585,0.0188,PASS,PASS,PASS
975,VOS -1 mV,100,8,7.4,7.1,0.5,0.08,-0.001,0.5,0.4991,7.985,7.995,-0.1925,0.01609,PASS,PASS,PASS
976,VOS -1 mV,100,3,7.4,7.1,1,0.08,-0.001,1,0.9987,2.996,3.007,0.2229,0.01778,PASS,PASS,PASS
977,VOS -1 mV,100,5,7.4,7.1,1,0.08,-0.001,1,0.9987,5.003,5.003,0.06339,0.01475,PASS,PASS,PASS
978,VOS -1 mV,100,8,7.4,7.1,1,0.08,-0.001,1,0.9987,7.995,7.995,-0.06795,0.01238,PASS,PASS,PASS
979,VOS -1 mV,100,3,7.4,7.1,2,0.08,-0.001,2,1.996,2.927,3.006,-2.418,0.02434,PASS,PASS,PASS
980,VOS -1 mV,100,5,7.4,7.1,2,0.08,-0.001,2,1.996,4.943,4.99,-1.14,0.01979,PASS,PASS,PASS
981,VOS -1 mV,100,8,7.4,7.1,2,0.08,-0.001,2,1.996,7.972,7.985,-0.3519,0.01763,PASS,PASS,PASS
982,VOS -1 mV,100,3,7.4,7.1,5,0.08,-0.001,3.9,3.894,2.988,3.019,0.6453,0.01993,PASS,PASS,PASS
983,VOS -1 mV,100,5,7.4,7.1,5,0.08,-0.001,3.9,3.894,4.998,5.002,-0.04934,0.01573,PASS,PASS,PASS
984,VOS -1 mV,100,8,7.4,7.1,5,0.08,-0.001,3.9,3.894,7.993,7.996,-0.0834,0.01359,PASS,PASS,PASS
985,VOS -1 mV,100,3,7.4,7.1,0.5,0.1,-0.001,0.5,0.4991,2.926,3.008,-2.482,0.02704,PASS,PASS,PASS
986,VOS -1 mV,100,5,7.4,7.1,0.5,0.1,-0.001,0.5,0.4991,4.953,5.004,-0.9414,0.02241,PASS,PASS,PASS
987,VOS -1 mV,100,8,7.4,7.1,0.5,0.1,-0.001,0.5,0.4991,7.982,7.995,-0.2271,0.01901,PASS,PASS,PASS
988,VOS -1 mV,100,3,7.4,7.1,1,0.1,-0.001,1,0.9987,2.991,3.01,0.3299,0.02155,PASS,PASS,PASS
989,VOS -1 mV,100,5,7.4,7.1,1,0.1,-0.001,1,0.9987,5.002,5.002,0.04443,0.01753,PASS,PASS,PASS
990,VOS -1 mV,100,8,7.4,7.1,1,0.1,-0.001,1,0.9987,7.995,7.995,-0.06819,0.01471,PASS,PASS,PASS
991,VOS -1 mV,100,3,7.4,7.1,2,0.1,-0.001,2,1.996,2.902,3.005,-3.26,0.02907,PASS,PASS,PASS
992,VOS -1 mV,100,5,7.4,7.1,2,0.1,-0.001,2,1.996,4.923,4.992,-1.531,0.02378,PASS,PASS,PASS
993,VOS -1 mV,100,8,7.4,7.1,2,0.1,-0.001,2,1.996,7.962,7.987,-0.473,0.02076,PASS,PASS,PASS
994,VOS -1 mV,100,3,7.4,7.1,5,0.1,-0.001,3.9,3.894,2.978,3.014,-0.7189,0.02293,PASS,PASS,PASS
995,VOS -1 mV,100,5,7.4,7.1,5,0.1,-0.001,3.9,3.894,4.996,5.003,-0.08145,0.01905,PASS,PASS,PASS
996,VOS -1 mV,100,8,7.4,7.1,5,0.1,-0.001,3.9,3.894,7.992,7.998,-0.1005,0.01605,PASS,PASS,PASS
997,VOS -1 mV,100,3,7.4,7.1,0.5,0.12,-0.001,0.5,0.4991,2.904,3.011,-3.211,0.0312,PASS,PASS,PASS
998,VOS -1 mV,100,5,7.4,7.1,0.5,0.12,-0.001,0.5,0.4991,4.937,5.005,-1.267,0.02558,PASS,PASS,PASS
999,VOS -1 mV,100,8,7.4,7.1,0.5,0.12,-0.001,0.5,0.4991,7.973,7.995,-0.3315,0.02189,PASS,PASS,PASS
1000,VOS -1 mV,100,3,7.4,7.1,1,0.12,-0.001,1,0.9987,2.979,3.01,-0.686,0.02479,PASS,PASS,PASS
1001,VOS -1 mV,100,5,7.4,7.1,1,0.12,-0.001,1,0.9987,5,5.002,0.04069,0.02005,PASS,PASS,PASS
1002,VOS -1 mV,100,8,7.4,7.1,1,0.12,-0.001,1,0.9987,7.997,7.994,-0.06949,0.01728,PASS,PASS,PASS
1003,VOS -1 mV,100,3,7.4,7.1,2,0.12,-0.001,2,1.996,2.887,3.001,-3.775,0.03346,PASS,PASS,PASS
1004,VOS -1 mV,100,5,7.4,7.1,2,0.12,-0.001,2,1.996,4.905,4.994,-1.905,0.02742,PASS,PASS,PASS
1005,VOS -1 mV,100,8,7.4,7.1,2,0.12,-0.001,2,1.996,7.953,7.987,-0.5897,0.02359,PASS,PASS,PASS
1006,VOS -1 mV,100,3,7.4,7.1,5,0.12,-0.001,3.9,3.894,2.968,3.015,-1.079,0.02613,PASS,PASS,PASS
1007,VOS -1 mV,100,5,7.4,7.1,5,0.12,-0.001,3.9,3.894,4.987,5.006,-0.2532,0.02164,PASS,PASS,PASS
1008,VOS -1 mV,100,8,7.4,7.1,5,0.12,-0.001,3.9,3.894,7.991,7.997,-0.1126,0.01869,PASS,PASS,PASS
1009,VOS -1 mV,100,3,7.4,7.1,0.5,0.14,-0.001,0.5,0.4991,2.883,3.009,-3.916,0.03426,PASS,PASS,PASS
1010,VOS -1 mV,100,5,7.4,7.1,0.5,0.14,-0.001,0.5,0.4991,4.918,5.002,-1.637,0.02854,PASS,PASS,PASS
1011,VOS -1 mV,100,8,7.4,7.1,0.5,0.14,-0.001,0.5,0.4991,7.97,7.995,-0.3776,0.02432,PASS,PASS,PASS
1012,VOS -1 mV,100,3,7.4,7.1,1,0.14,-0.001,1,0.9987,2.968,3.006,-1.054,0.02771,PASS,PASS,PASS
1013,VOS -1 mV,100,5,7.4,7.1,1,0.14,-0.001,1,0.9987,4.997,5.001,-0.05697,0.02277,PASS,PASS,PASS
1014,VOS -1 mV,100,8,7.4,7.1,1,0.14,-0.001,1,0.9987,7.996,7.998,-0.0511,0.01941,PASS,PASS,PASS
1015,VOS -1 mV,100,3,7.4,7.1,2,0.14,-0.001,2,1.996,2.863,3.004,-4.566,0.03803,PASS,PASS,PASS
1016,VOS -1 mV,100,5,7.4,7.1,2,0.14,-0.001,2,1.996,4.878,4.993,-2.436,0.03137,PASS,PASS,PASS
1017,VOS -1 mV,100,8,7.4,7.1,2,0.14,-0.001,2,1.996,7.938,7.987,-0.7729,0.02669,PASS,PASS,PASS
1018,VOS -1 mV,100,3,7.4,7.1,5,0.14,-0.001,3.9,3.894,2.955,3.013,-1.516,0.03002,PASS,PASS,PASS
1019,VOS -1 mV,100,5,7.4,7.1,5,0.14,-0.001,3.9,3.894,4.988,5.004,-0.2413,0.02456,PASS,PASS,PASS
1020,VOS -1 mV,100,8,7.4,7.1,5,0.14,-0.001,3.9,3.894,7.993,7.993,-0.09357,0.021,PASS,PASS,PASS
1021,VOS -1 mV,100,3,7.4,7.1,0.5,0.16,-0.001,0.5,0.4991,2.866,3.013,-4.482,0.03804,PASS,PASS,PASS
1022,VOS -1 mV,100,5,7.4,7.1,0.5,0.16,-0.001,0.5,0.4991,4.899,5.003,-2.03,0.03148,PASS,PASS,PASS
1023,VOS -1 mV,100,8,7.4,7.1,0.5,0.16,-0.001,0.5,0.4991,7.958,7.999,-0.5277,0.027,PASS,PASS,PASS
1024,VOS -1 mV,100,3,7.4,7.1,1,0.16,-0.001,1,0.9987,2.959,3.01,-1.373,0.03091,PASS,PASS,PASS
1025,VOS -1 mV,100,5,7.4,7.1,1,0.16,-0.001,1,0.9987,4.996,5.004,0.0775,0.02539,PASS,PASS,PASS
1026,VOS -1 mV,100,8,7.4,7.1,1,0.16,-0.001,1,0.9987,7.998,7.999,-0.02284,0.02143,PASS,PASS,PASS
1027,VOS -1 mV,100,3,7.4,7.1,2,0.16,-0.001,2,1.996,2.845,3.005,-5.166,0.04217,PASS,PASS,PASS
1028,VOS -1 mV,100,5,7.4,7.1,2,0.16,-0.001,2,1.996,4.855,4.995,-2.891,0.03489,PASS,PASS,PASS
1029,VOS -1 mV,100,8,7.4,7.1,2,0.16,-0.001,2,1.996,7.922,7.988,-0.9762,0.02929,PASS,PASS,PASS
1030,VOS -1 mV,100,3,7.4,7.1,5,0.16,-0.001,3.9,3.894,2.939,3.016,-2.023,0.03325,PASS,PASS,PASS
1031,VOS -1 mV,100,5,7.4,7.1,5,0.16,-0.001,3.9,3.894,4.977,5.008,-0.4575,0.02742,PASS,PASS,PASS
1032,VOS -1 mV,100,8,7.4,7.1,5,0.16,-0.001,3.9,3.894,7.989,7.999,-0.1359,0.02331,PASS,PASS,PASS
1033,VOS -1 mV,100,3,7.4,7.1,0.5,0.18,-0.001,0.5,0.4991,2.844,3.009,-5.195,0.04215,PASS,PASS,PASS
1034,VOS -1 mV,100,5,7.4,7.1,0.5,0.18,-0.001,0.5,0.4991,4.881,5.004,-2.371,0.03503,PASS,PASS,PASS
1035,VOS -1 mV,100,8,7.4,7.1,0.5,0.18,-0.001,0.5,0.4991,7.945,7.995,-0.6845,0.02965,PASS,PASS,PASS
1036,VOS -1 mV,100,3,7.4,7.1,1,0.18,-0.001,1,0.9987,2.942,3.006,-1.941,0.03368,PASS,PASS,PASS
1037,VOS -1 mV,100,5,7.4,7.1,1,0.18,-0.001,1,0.9987,4.99,5.003,-0.1919,0.02744,PASS,PASS,PASS
1038,VOS -1 mV,100,8,7.4,7.1,1,0.18,-0.001,1,0.9987,7.998,7.994,-0.06947,0.02331,PASS,PASS,PASS
1039,VOS -1 mV,100,3,7.4,7.1,2,0.18,-0.001,2,1.996,2.826,3.005,-5.804,0.04537,PASS,PASS,PASS
1040,VOS -1 mV,100,5,7.4,7.1,2,0.18,-0.001,2,1.996,4.833,4.99,-3.34,0.03793,PASS,PASS,PASS
1041,VOS -1 mV,100,8,7.4,7.1,2,0.18,-0.001,2,1.996,7.903,7.986,-1.218,0.03207,PASS,PASS,PASS
1042,VOS -1 mV,100,3,7.4,7.1,5,0.18,-0.001,3.9,3.894,2.923,3.017,-2.582,0.03669,PASS,PASS,PASS
1043,VOS -1 mV,100,5,7.4,7.1,5,0.18,-0.001,3.9,3.894,4.967,5.003,-0.6622,0.03012,PASS,PASS,PASS
1044,VOS -1 mV,100,8,7.4,7.1,5,0.18,-0.001,3.9,3.894,7.988,7.993,-0.1477,0.02544,PASS,PASS,PASS
1045,VOS -1 mV,100,3,7.4,7.1,0.5,0.2,-0.001,0.5,0.4991,2.824,3.013,-5.858,0.04585,PASS,PASS,PASS
1046,VOS -1 mV,100,5,7.4,7.1,0.5,0.2,-0.001,0.5,0.4991,4.861,5.003,-2.785,0.03752,PASS,PASS,PASS
1047,VOS -1 mV,100,8,7.4,7.1,0.5,0.2,-0.001,0.5,0.4991,7.932,7.995,-0.8504,0.032,PASS,PASS,PASS
1048,VOS -1 mV,100,3,7.4,7.1,1,0.2,-0.001,1,0.9987,2.93,3.007,-2.34,0.03649,PASS,PASS,PASS
1049,VOS -1 mV,100,5,7.4,7.1,1,0.2,-0.001,1,0.9987,4.983,5.003,-0.3347,0.02973,PASS,PASS,PASS
1050,VOS -1 mV,100,8,7.4,7.1,1,0.2,-0.001,1,0.9987,7.996,7.995,-0.0575,0.02511,PASS,PASS,PASS
1051,VOS -1 mV,100,3,7.4,7.1,2,0.2,-0.001,2,1.996,2.803,3.001,-6.577,0.04896,PASS,PASS,PASS
1052,VOS -1 mV,100,5,7.4,7.1,2,0.2,-0.001,2,1.996,4.81,4.992,-3.791,0.04049,PASS,PASS,PASS
1053,VOS -1 mV,100,8,7.4,7.1,2,0.2,-0.001,2,1.996,7.879,7.987,-1.508,0.03475,PASS,PASS,PASS
1054,VOS -1 mV,100,3,7.4,7.1,5,0.2,-0.001,3.9,3.894,2.909,3.015,-3.023,0.0394,PASS,PASS,PASS
1055,VOS -1 mV,100,5,7.4,7.1,5,0.2,-0.001,3.9,3.894,4.956,5.003,-0.8785,0.03238,PASS,PASS,PASS
1056,VOS -1 mV,100,8,7.4,7.1,5,0.2,-0.001,3.9,3.894,7.99,7.996,-0.1297,0.02763,PASS,PASS,PASS
1057,VOS -1 mV,100,3,7.4,7.1,0.5,0.22,-0.001,0.5,0.4991,2.804,3.011,-6.53,0.04942,PASS,PASS,PASS
1058,VOS -1 mV,100,5,7.4,7.1,0.5,0.22,-0.001,0.5,0.4991,4.836,5.003,-3.273,0.04055,PASS,PASS,PASS
1059,VOS -1 mV,100,8,7.4,7.1,0.5,0.22,-0.001,0.5,0.4991,7.914,7.996,-1.072,0.03416,PASS,PASS,PASS
1060,VOS -1 mV,100,3,7.4,7.1,1,0.22,-0.001,1,0.9987,2.917,3.01,-2.777,0.0391,PASS,PASS,PASS
1061,VOS -1 mV,100,5,7.4,7.1,1,0.22,-0.001,1,0.9987,4.975,5.002,-0.4932,0.03218,PASS,PASS,PASS
1062,VOS -1 mV,100,8,7.4,7.1,1,0.22,-0.001,1,0.9987,7.994,7.997,-0.07346,0.02725,PASS,PASS,PASS
1063,VOS -1 mV,100,3,7.4,7.1,2,0.22,-0.001,2,1.996,2.784,3.004,-7.204,0.05344,PASS,PASS,FAIL
1064,VOS -1 mV,100,5,7.4,7.1,2,0.22,-0.001,2,1.996,4.786,4.995,-4.285,0.0438,PASS,PASS,PASS
1065,VOS -1 mV,100,8,7.4,7.1,2,0.22,-0.001,2,1.996,7.856,7.987,-1.795,0.03717,PASS,PASS,PASS
1066,VOS -1 mV,100,3,7.4,7.1,5,0.22,-0.001,3.9,3.894,2.895,3.015,-3.495,0.04207,PASS,PASS,PASS
1067,VOS -1 mV,100,5,7.4,7.1,5,0.22,-0.001,3.9,3.894,4.945,5.005,-1.11,0.03483,PASS,PASS,PASS
1068,VOS -1 mV,100,8,7.4,7.1,5,0.22,-0.001,3.9,3.894,7.985,7.997,-0.1875,0.02947,PASS,PASS,PASS
1069,VOS -1 mV,100,3,7.4,7.1,0.5,0.24,-0.001,0.5,0.4991,2.786,3.013,-7.119,0.05285,PASS,PASS,FAIL
1070,VOS -1 mV,100,5,7.4,7.1,0.5,0.24,-0.001,0.5,0.4991,4.816,5.003,-3.675,0.04274,PASS,PASS,PASS
1071,VOS -1 mV,100,8,7.4,7.1,0.5,0.24,-0.001,0.5,0.4991,7.896,7.996,-1.298,0.03643,PASS,PASS,PASS
1072,VOS -1 mV,100,3,7.4,7.1,1,0.24,-0.001,1,0.9987,2.902,3.007,-3.269,0.04169,PASS,PASS,PASS
1073,VOS -1 mV,100,5,7.4,7.1,1,0.24,-0.001,1,0.9987,4.969,5.002,-0.6294,0.03417,PASS,PASS,PASS
1074,VOS -1 mV,100,8,7.4,7.1,1,0.24,-0.001,1,0.9987,7.995,8,-0.06142,0.02882,PASS,PASS,PASS
1075,VOS -1 mV,100,3,7.4,7.1,2,0.24,-0.001,2,1.996,2.763,3.002,-7.915,0.05701,PASS,PASS,FAIL
1076,VOS -1 mV,100,5,7.4,7.1,2,0.24,-0.001,2,1.996,4.764,4.995,-4.725,0.04626,PASS,PASS,PASS
1077,VOS -1 mV,100,8,7.4,7.1,2,0.24,-0.001,2,1.996,7.831,7.986,-2.113,0.03952,PASS,PASS,PASS
1078,VOS -1 mV,100,3,7.4,7.1,5,0.24,-0.001,3.9,3.894,2.879,3.018,-4.024,0.04489,PASS,PASS,PASS
1079,VOS -1 mV,100,5,7.4,7.1,5,0.24,-0.001,3.9,3.894,4.928,5.006,-1.441,0.03742,PASS,PASS,PASS
1080,VOS -1 mV,100,8,7.4,7.1,5,0.24,-0.001,3.9,3.894,7.98,7.995,-0.2439,0.03153,PASS,PASS,PASS
1081,VOS -1 mV,100,3,7.4,7.1,0.5,0.26,-0.001,0.5,0.4991,2.769,3.008,-7.704,0.05481,PASS,PASS,FAIL
1082,VOS -1 mV,100,5,7.4,7.1,0.5,0.26,-0.001,0.5,0.4991,4.792,5.003,-4.155,0.04583,PASS,PASS,PASS
1083,VOS -1 mV,100,8,7.4,7.1,0.5,0.26,-0.001,0.5,0.4991,7.878,7.999,-1.524,0.03833,PASS,PASS,PASS
1084,VOS -1 mV,100,3,7.4,7.1,1,0.26,-0.001,1,0.9987,2.887,3.007,-3.759,0.04476,PASS,PASS,PASS
1085,VOS -1 mV,100,5,7.4,7.1,1,0.26,-0.001,1,0.9987,4.958,5.002,-0.8305,0.0363,PASS,PASS,PASS
1086,VOS -1 mV,100,8,7.4,7.1,1,0.26,-0.001,1,0.9987,7.994,7.996,-0.07659,0.03065,PASS,PASS,PASS
1087,VOS -1 mV,100,3,7.4,7.1,2,0.26,-0.001,2,1.996,2.74,3.001,-8.657,0.06007,PASS,PASS,FAIL
1088,VOS -1 mV,100,5,7.4,7.1,2,0.26,-0.001,2,1.996,4.74,4.989,-5.198,0.04946,PASS,PASS,PASS
1089,VOS -1 mV,100,8,7.4,7.1,2,0.26,-0.001,2,1.996,7.805,7.987,-2.439,0.0417,PASS,PASS,PASS
1090,VOS -1 mV,100,3,7.4,7.1,5,0.26,-0.001,3.9,3.894,2.866,3.018,-4.46,0.04718,PASS,PASS,PASS
1091,VOS -1 mV,100,5,7.4,7.1,5,0.26,-0.001,3.9,3.894,4.917,5.006,-1.657,0.03951,PASS,PASS,PASS
1092,VOS -1 mV,100,8,7.4,7.1,5,0.26,-0.001,3.9,3.894,7.976,7.997,-0.3015,0.03313,PASS,PASS,PASS
1093,VOS -1 mV,100,3,7.4,7.1,0.5,0.28,-0.001,0.5,0.4991,2.748,3.013,-8.394,0.05886,PASS,PASS,FAIL
1094,VOS -1 mV,100,5,7.4,7.1,0.5,0.28,-0.001,0.5,0.4991,4.772,5.004,-4.558,0.04817,PASS,PASS,PASS
1095,VOS -1 mV,100,8,7.4,7.1,0.5,0.28,-0.001,0.5,0.4991,7.856,7.994,-1.797,0.04051,PASS,PASS,PASS
1096,VOS -1 mV,100,3,7.4,7.1,1,0.28,-0.001,1,0.9987,2.875,3.007,-4.16,0.04737,PASS,PASS,PASS
1097,VOS -1 mV,100,5,7.4,7.1,1,0.28,-0.001,1,0.9987,4.944,5.002,-1.114,0.03802,PASS,PASS,PASS
1098,VOS -1 mV,100,8,7.4,7.1,1,0.28,-0.001,1,0.9987,7.995,7.997,-0.06773,0.03237,PASS,PASS,PASS
1099,VOS -1 mV,100,3,7.4,7.1,2,0.28,-0.001,2,1.996,2.727,3.005,-9.107,0.06367,PASS,PASS,FAIL
1100,VOS -1 mV,100,5,7.4,7.1,2,0.28,-0.001,2,1.996,4.714,4.995,-5.711,0.05201,PASS,PASS,FAIL
1101,VOS -1 mV,100,8,7.4,7.1,2,0.28,-0.001,2,1.996,7.778,7.987,-2.77,0.044,PASS,PASS,PASS
1102,VOS -1 mV,100,3,7.4,7.1,5,0.28,-0.001,3.9,3.894,2.851,3.015,-4.976,0.04968,PASS,PASS,PASS
1103,VOS -1 mV,100,5,7.4,7.1,5,0.28,-0.001,3.9,3.894,4.897,5.005,-2.059,0.04162,PASS,PASS,PASS
1104,VOS -1 mV,100,8,7.4,7.1,5,0.28,-0.001,3.9,3.894,7.971,7.993,-0.3655,0.03517,PASS,PASS,PASS
1105,VOS -1 mV,100,3,7.4,7.1,0.5,0.3,-0.001,0.5,0.4991,2.73,3.013,-8.998,0.06212,PASS,PASS,FAIL
1106,VOS -1 mV,100,5,7.4,7.1,0.5,0.3,-0.001,0.5,0.4991,4.749,5.004,-5.011,0.05021,PASS,PASS,FAIL
1107,VOS -1 mV,100,8,7.4,7.1,0.5,0.3,-0.001,0.5,0.4991,7.834,7.999,-2.076,0.0425,PASS,PASS,PASS
1108,VOS -1 mV,100,3,7.4,7.1,1,0.3,-0.001,1,0.9987,2.862,3.01,-4.615,0.04965,PASS,PASS,PASS
1109,VOS -1 mV,100,5,7.4,7.1,1,0.3,-0.001,1,0.9987,4.929,5.003,-1.418,0.04042,PASS,PASS,PASS
1110,VOS -1 mV,100,8,7.4,7.1,1,0.3,-0.001,1,0.9987,7.993,8,-0.08785,0.0336,PASS,PASS,PASS
1111,VOS -1 mV,100,3,7.4,7.1,2,0.3,-0.001,2,1.996,2.706,3.002,-9.815,0.06679,PASS,PASS,FAIL
1112,VOS -1 mV,100,5,7.4,7.1,2,0.3,-0.001,2,1.996,4.694,4.995,-6.113,0.05434,PASS,PASS,FAIL
1113,VOS -1 mV,100,8,7.4,7.1,2,0.3,-0.001,2,1.996,7.749,7.987,-3.138,0.04601,PASS,PASS,PASS
1114,VOS -1 mV,100,3,7.4,7.1,5,0.3,-0.001,3.9,3.894,2.834,3.015,-5.518,0.05274,PASS,PASS,FAIL
1115,VOS -1 mV,100,5,7.4,7.1,5,0.3,-0.001,3.9,3.894,4.885,5.005,-2.291,0.0437,PASS,PASS,PASS
1116,VOS -1 mV,100,8,7.4,7.1,5,0.3,-0.001,3.9,3.894,7.961,7.997,-0.4855,0.03665,PASS,PASS,PASS
1117,pack 6.4 V,100,3,6.4,6.1,0.5,-0.3,0,0.5,0.5,3.759,3.014,25.32,0.08723,FAIL,FAIL,FAIL
1118,pack 6.4 V,100,5,6.4,6.1,0.5,-0.3,0,0.5,0.5,5.022,5.01,0.4427,0.07106,PASS,PASS,FAIL
1119,pack 6.4 V,100,8,6.4,6.1,0.5,-0.3,0,0.5,0.5,8.006,8.008,0.0942,0.05763,PASS,PASS,FAIL
1120,pack 6.4 V,100,3,6.4,6.1,1,-0.3,0,1,1,3.033,3.012,1.116,0.06905,PASS,PASS,FAIL
1121,pack 6.4 V,100,5,6.4,6.1,1,-0.3,0,1,1,5.012,5.01,0.244,0.05602,PASS,PASS,FAIL
1122,pack 6.4 V,100,8,6.4,6.1,1,-0.3,0,1,1,8.009,8.006,0.1183,0.04565,PASS,PASS,PASS
1123,pack 6.4 V,100,3,6.4,6.1,2,-0.3,0,2,2,3.763,3.014,25.43,0.08637,FAIL,FAIL,FAIL
1124,pack 6.4 V,100,5,6.4,6.1,2,-0.3,0,2,2,6.294,5.007,25.89,0.07715,FAIL,FAIL,FAIL
1125,pack 6.4 V,100,8,6.4,6.1,2,-0.3,0,2,2,8.011,7.995,0.1426,0.06252,PASS,PASS,FAIL
1126,pack 6.4 V,100,3,6.4,6.1,5,-0.3,0,2.8,2.8,3.743,3.013,24.77,0.07558,FAIL,FAIL,FAIL
1127,pack 6.4 V,100,5,6.4,6.1,5,-0.3,0,2.8,2.8,5.015,5.014,0.3008,0.06839,PASS,PASS,FAIL
1128,pack 6.4 V,100,8,6.4,6.1,5,-0.3,0,2.8,2.8,7.999,8.009,0.1159,0.05577,PASS,PASS,FAIL
1129,pack 6.4 V,100,3,6.4,6.1,0.5,-0.28,0,0.5,0.5,3.732,3.013,24.41,0.08044,FAIL,FAIL,FAIL
1130,pack 6.4 V,100,5,6.4,6.1,0.5,-0.28,0,0.5,0.5,5.024,5.012,0.4714,0.06544,PASS,PASS,FAIL
1131,pack 6.4 V,100,8,6.4,6.1,0.5,-0.28,0,0.5,0.5,8.006,8.008,0.1034,0.05329,PASS,PASS,FAIL
1132,pack 6.4 V,100,3,6.4,6.1,1,-0.28,0,1,1,3.034,3.011,1.122,0.06322,PASS,PASS,FAIL
1133,pack 6.4 V,100,5,6.4,6.1,1,-0.28,0,1,1,5.012,5.01,0.2443,0.05165,PASS,PASS,FAIL
1134,pack 6.4 V,100,8,6.4,6.1,1,-0.28,0,1,1,8.007,8.003,0.08778,0.04219,PASS,PASS,PASS
1135,pack 6.4 V,100,3,6.4,6.1,2,-0.28,0,2,2,3.738,3.012,24.6,0.08183,FAIL,FAIL,FAIL
1136,pack 6.4 V,100,5,6.4,6.1,2,-0.28,0,2,2,5.035,5.007,0.7042,0.07107,PASS,PASS,FAIL
1137,pack 6.4 V,100,8,6.4,6.1,2,-0.28,0,2,2,8.009,7.995,0.1098,0.05777,PASS,PASS,FAIL
1138,pack 6.4 V,100,3,6.4,6.1,5,-0.28,0,2.8,2.8,3.706,3.015,23.52,0.07201,FAIL,FAIL,FAIL
1139,pack 6.4 V,100,5,6.4,6.1,5,-0.28,0,2.8,2.8,5.014,5.013,0.2859,0.06321,PASS,PASS,FAIL
1140,pack 6.4 V,100,8,6.4,6.1,5,-0.28,0,2.8,2.8,8.001,8.008,0.1016,0.0515,PASS,PASS,FAIL
1141,pack 6.4 V,100,3,6.4,6.1,0.5,-0.26,0,0.5,0.5,3.702,3.011,23.39,0.07389,FAIL,FAIL,FAIL
1142,pack 6.4 V,100,5,6.4,6.1,0.5,-0.26,0,0.5,0.5,5.023,5.009,0.4504,0.05967,PASS,PASS,FAIL
1143,pack 6.4 V,100,8,6.4,6.1,0.5,-0.26,0,0.5,0.5,8.006,8.008,0.1005,0.04897,PASS,PASS,PASS
1144,pack 6.4 V,100,3,6.4,6.1,1,-0.26,0,1,1,3.032,3.013,1.065,0.05882,PASS,PASS,FAIL
1145,pack 6.4 V,100,5,6.4,6.1,1,-0.26,0,1,1,5.013,5.01,0.2654,0.04743,PASS,PASS,PASS
1146,pack 6.4 V,100,8,6.4,6.1,1,-0.26,0,1,1,8.009,8.006,0.1166,0.03874,PASS,PASS,PASS
1147,pack 6.4 V,100,3,6.4,6.1,2,-0.26,0,2,2,3.709,3.017,23.62,0.07729,FAIL,FAIL,FAIL
1148,pack 6.4 V,100,5,6.4,6.1,2,-0.26,0,2,2,5.033,5.005,0.662,0.06521,PASS,PASS,FAIL
1149,pack 6.4 V,100,8,6.4,6.1,2,-0.26,0,2,2,8.011,7.995,0.1425,0.05307,PASS,PASS,FAIL
1150,pack 6.4 V,100,3,6.4,6.1,5,-0.26,0,2.8,2.8,3.669,3.013,22.3,0.06724,FAIL,FAIL,FAIL
1151,pack 6.4 V,100,5,6.4,6.1,5,-0.26,0,2.8,2.8,5.016,5.012,0.3172,0.05826,PASS,PASS,FAIL
1152,pack 6.4 V,100,8,6.4,6.1,5,-0.26,0,2.8,2.8,8,8.009,0.111,0.04744,PASS,PASS,PASS
1153,pack 6.4 V,100,3,6.4,6.1,0.5,-0.24,0,0.5,0.5,3.659,3.011,21.98,0.06756,FAIL,FAIL,FAIL
1154,pack 6.4 V,100,5,6.4,6.1,0.5,-0.24,0,0.5,0.5,5.023,5.009,0.4501,0.0547,PASS,PASS,FAIL
1155,pack 6.4 V,100,8,6.4,6.1,0.5,-0.24,0,0.5,0.5,8.007,8.011,0.1388,0.04455,PASS,PASS,PASS
1156,pack 6.4 V,100,3,6.4,6.1,1,-0.24,0,1,1,3.032,3.014,1.071,0.05317,PASS,PASS,FAIL
1157,pack 6.4 V,100,5,6.4,6.1,1,-0.24,0,1,1,5.012,5.01,0.244,0.04352,PASS,PASS,PASS
1158,pack 6.4 V,100,8,6.4,6.1,1,-0.24,0,1,1,8.009,8.006,0.1183,0.03534,PASS,PASS,PASS
1159,pack 6.4 V,100,3,6.4,6.1,2,-0.24,0,2,2,3.67,3.019,22.33,0.07318,FAIL,FAIL,FAIL
1160,pack 6.4 V,100,5,6.4,6.1,2,-0.24,0,2,2,5.033,5.006,0.6621,0.05921,PASS,PASS,FAIL
1161,pack 6.4 V,100,8,6.4,6.1,2,-0.24,0,2,2,8.011,7.999,0.1324,0.04848,PASS,PASS,PASS
1162,pack 6.4 V,100,3,6.4,6.1,5,-0.24,0,2.8,2.8,3.063,3.017,2.089,0.06306,PASS,PASS,FAIL
1163,pack 6.4 V,100,5,6.4,6.1,5,-0.24,0,2.8,2.8,5.015,5.013,0.2979,0.05341,PASS,PASS,FAIL
1164,pack 6.4 V,100,8,6.4,6.1,5,-0.24,0,2.8,2.8,8.002,8.007,0.08231,0.0432,PASS,PASS,PASS
1165,pack 6.4 V,100,3,6.4,6.1,0.5,-0.22,0,0.5,0.5,3.592,3.012,19.73,0.06111,FAIL,FAIL,FAIL
1166,pack 6.4 V,100,5,6.4,6.1,0.5,-0.22,0,0.5,0.5,5.022,5.009,0.4421,0.05006,PASS,PASS,FAIL
1167,pack 6.4 V,100,8,6.4,6.1,0.5,-0.22,0,0.5,0.5,8.007,8.011,0.1388,0.04071,PASS,PASS,PASS
1168,pack 6.4 V,100,3,6.4,6.1,1,-0.22,0,1,1,3.033,3.014,1.085,0.04843,PASS,PASS,PASS
1169,pack 6.4 V,100,5,6.4,6.1,1,-0.22,0,1,1,5.012,5.01,0.2355,0.03929,PASS,PASS,PASS
1170,pack 6.4 V,100,8,6.4,6.1,1,-0.22,0,1,1,8.009,8.006,0.1183,0.0321,PASS,PASS,PASS
1171,pack 6.4 V,100,3,6.4,6.1,2,-0.22,0,2,2,3.634,3.012,21.13,0.066,FAIL,FAIL,FAIL
1172,pack 6.4 V,100,5,6.4,6.1,2,-0.22,0,2,2,5.036,5.007,0.7267,0.05433,PASS,PASS,FAIL
1173,pack 6.4 V,100,8,6.4,6.1,2,-0.22,0,2,2,8.012,7.997,0.1562,0.04401,PASS,PASS,PASS
1174,pack 6.4 V,100,3,6.4,6.1,5,-0.22,0,2.8,2.8,3.062,3.017,2.069,0.05927,PASS,PASS,FAIL
1175,pack 6.4 V,100,5,6.4,6.1,5,-0.22,0,2.8,2.8,5.014,5.012,0.2709,0.04828,PASS,PASS,PASS
1176,pack 6.4 V,100,8,6.4,6.1,5,-0.22,0,2.8,2.8,7.999,8.01,0.1203,0.0392,PASS,PASS,PASS
1177,pack 6.4 V,100,3,6.4,6.1,0.5,-0.2,0,0.5,0.5,3.096,3.014,3.186,0.05475,PASS,PASS,FAIL
1178,pack 6.4 V,100,5,6.4,6.1,0.5,-0.2,0,0.5,0.5,5.024,5.013,0.4829,0.04515,PASS,PASS,PASS
1179,pack 6.4 V,100,8,6.4,6.1,0.5,-0.2,0,0.5,0.5,8.008,8.007,0.1021,0.03655,PASS,PASS,PASS
1180,pack 6.4 V,100,3,6.4,6.1,1,-0.2,0,1,1,3.036,3.01,1.197,0.0436,PASS,PASS,PASS
1181,pack 6.4 V,100,5,6.4,6.1,1,-0.2,0,1,1,5.012,5.01,0.2355,0.03558,PASS,PASS,PASS
1182,pack 6.4 V,100,8,6.4,6.1,1,-0.2,0,1,1,8.009,8.005,0.1166,0.02893,PASS,PASS,PASS
1183,pack 6.4 V,100,3,6.4,6.1,2,-0.2,0,2,2,3.577,3.012,19.24,0.05911,FAIL,FAIL,FAIL
1184,pack 6.4 V,100,5,6.4,6.1,2,-0.2,0,2,2,5.036,5.007,0.7253,0.0488,PASS,PASS,PASS
1185,pack 6.4 V,100,8,6.4,6.1,2,-0.2,0,2,2,8.013,7.995,0.1565,0.03986,PASS,PASS,PASS
1186,pack 6.4 V,100,3,6.4,6.1,5,-0.2,0,2.8,2.8,3.062,3.016,2.068,0.05359,PASS,PASS,FAIL
1187,pack 6.4 V,100,5,6.4,6.1,5,-0.2,0,2.8,2.8,5.015,5.013,0.2973,0.04354,PASS,PASS,PASS
1188,pack 6.4 V,100,8,6.4,6.1,5,-0.2,0,2.8,2.8,8.003,8.01,0.1211,0.03525,PASS,PASS,PASS
1189,pack 6.4 V,100,3,6.4,6.1,0.5,-0.18,0,0.5,0.5,3.097,3.011,3.249,0.04883,PASS,PASS,PASS
1190,pack 6.4 V,100,5,6.4,6.1,0.5,-0.18,0,0.5,0.5,5.025,5.01,0.4999,0.04001,PASS,PASS,PASS
1191,pack 6.4 V,100,8,6.4,6.1,0.5,-0.18,0,0.5,0.5,8.006,8.008,0.09989,0.03259,PASS,PASS,PASS
1192,pack 6.4 V,100,3,6.4,6.1,1,-0.18,0,1,1,3.032,3.013,1.075,0.03857,PASS,PASS,PASS
1193,pack 6.4 V,100,5,6.4,6.1,1,-0.18,0,1,1,5.01,5.007,0.2012,0.03165,PASS,PASS,PASS
1194,pack 6.4 V,100,8,6.4,6.1,1,-0.18,0,1,1,8.009,8.006,0.1166,0.02586,PASS,PASS,PASS
1195,pack 6.4 V,100,3,6.4,6.1,2,-0.18,0,2,2,3.164,3.012,5.458,0.05306,PASS,PASS,FAIL
1196,pack 6.4 V,100,5,6.4,6.1,2,-0.18,0,2,2,5.032,5.006,0.6484,0.04316,PASS,PASS,PASS
1197,pack 6.4 V,100,8,6.4,6.1,2,-0.18,0,2,2,8.011,7.995,0.1417,0.03555,PASS,PASS,PASS
1198,pack 6.4 V,100,3,6.4,6.1,5,-0.18,0,2.8,2.8,3.059,3.015,1.953,0.04794,PASS,PASS,PASS
1199,pack 6.4 V,100,5,6.4,6.1,5,-0.18,0,2.8,2.8,5.012,5.013,0.2551,0.03889,PASS,PASS,PASS
1200,pack 6.4 V,100,8,6.4,6.1,5,-0.18,0,2.8,2.8,8.001,8.007,0.08339,0.03162,PASS,PASS,PASS
1201,pack 6.4 V,100,3,6.4,6.1,0.5,-0.16,0,0.5,0.5,3.091,3.012,3.033,0.0434,PASS,PASS,PASS
1202,pack 6.4 V,100,5,6.4,6.1,0.5,-0.16,0,0.5,0.5,5.022,5.01,0.438,0.03504,PASS,PASS,PASS
1203,pack 6.4 V,100,8,6.4,6.1,0.5,-0.16,0,0.5,0.5,8.009,8.011,0.1325,0.02889,PASS,PASS,PASS
1204,pack 6.4 V,100,3,6.4,6.1,1,-0.16,0,1,1,3.032,3.013,1.07,0.03429,PASS,PASS,PASS
1205,pack 6.4 V,100,5,6.4,6.1,1,-0.16,0,1,1,5.011,5.007,0.2245,0.02791,PASS,PASS,PASS
1206,pack 6.4 V,100,8,6.4,6.1,1,-0.16,0,1,1,8.009,8.005,0.1166,0.02266,PASS,PASS,PASS
1207,pack 6.4 V,100,3,6.4,6.1,2,-0.16,0,2,2,3.155,3.012,5.17,0.047,PASS,PASS,PASS
1208,pack 6.4 V,100,5,6.4,6.1,2,-0.16,0,2,2,5.032,5.005,0.6449,0.03816,PASS,PASS,PASS
1209,pack 6.4 V,100,8,6.4,6.1,2,-0.16,0,2,2,8.01,7.997,0.1216,0.0315,PASS,PASS,PASS
1210,pack 6.4 V,100,3,6.4,6.1,5,-0.16,0,2.8,2.8,3.058,3.015,1.932,0.0421,PASS,PASS,PASS
1211,pack 6.4 V,100,5,6.4,6.1,5,-0.16,0,2.8,2.8,5.016,5.01,0.3291,0.03425,PASS,PASS,PASS
1212,pack 6.4 V,100,8,6.4,6.1,5,-0.16,0,2.8,2.8,8.002,8.009,0.1183,0.02793,PASS,PASS,PASS
1213,pack 6.4 V,100,3,6.4,6.1,0.5,-0.14,0,0.5,0.5,3.09,3.012,2.997,0.03775,PASS,PASS,PASS
1214,pack 6.4 V,100,5,6.4,6.1,0.5,-0.14,0,0.5,0.5,5.025,5.013,0.4914,0.03034,PASS,PASS,PASS
1215,pack 6.4 V,100,8,6.4,6.1,0.5,-0.14,0,0.5,0.5,8.008,8.006,0.09567,0.02494,PASS,PASS,PASS
1216,pack 6.4 V,100,3,6.4,6.1,1,-0.14,0,1,1,3.033,3.013,1.097,0.02937,PASS,PASS,PASS
1217,pack 6.4 V,100,5,6.4,6.1,1,-0.14,0,1,1,5.013,5.005,0.2662,0.0242,PASS,PASS,PASS
1218,pack 6.4 V,100,8,6.4,6.1,1,-0.14,0,1,1,8.009,8.006,0.1166,0.01972,PASS,PASS,PASS
1219,pack 6.4 V,100,3,6.4,6.1,2,-0.14,0,2,2,3.139,3.019,4.618,0.04041,PASS,PASS,PASS
1220,pack 6.4 V,100,5,6.4,6.1,2,-0.14,0,2,2,5.036,5.007,0.7121,0.03302,PASS,PASS,PASS
1221,pack 6.4 V,100,8,6.4,6.1,2,-0.14,0,2,2,8.012,7.997,0.1546,0.02715,PASS,PASS,PASS
1222,pack 6.4 V,100,3,6.4,6.1,5,-0.14,0,2.8,2.8,3.057,3.021,1.915,0.03599,PASS,PASS,PASS
1223,pack 6.4 V,100,5,6.4,6.1,5,-0.14,0,2.8,2.8,5.015,5.011,0.2942,0.02939,PASS,PASS,PASS
1224,pack 6.4 V,100,8,6.4,6.1,5,-0.14,0,2.8,2.8,8.003,8.011,0.1358,0.02433,PASS,PASS,PASS
1225,pack 6.4 V,100,3,6.4,6.1,0.5,-0.12,0,0.5,0.5,3.087,3.014,2.907,0.03216,PASS,PASS,PASS
1226,pack 6.4 V,100,5,6.4,6.1,0.5,-0.12,0,0.5,0.5,5.022,5.01,0.4445,0.02589,PASS,PASS,PASS
1227,pack 6.4 V,100,8,6.4,6.1,0.5,-0.12,0,0.5,0.5,8.006,8.008,0.0942,0.0213,PASS,PASS,PASS
1228,pack 6.4 V,100,3,6.4,6.1,1,-0.12,0,1,1,3.037,3.01,1.234,0.0259,PASS,PASS,PASS
1229,pack 6.4 V,100,5,6.4,6.1,1,-0.12,0,1,1,5.015,5.007,0.2947,0.02052,PASS,PASS,PASS
1230,pack 6.4 V,100,8,6.4,6.1,1,-0.12,0,1,1,8.007,8.003,0.08776,0.01677,PASS,PASS,PASS
1231,pack 6.4 V,100,3,6.4,6.1,2,-0.12,0,2,2,3.133,3.01,4.435,0.03483,PASS,PASS,PASS
1232,pack 6.4 V,100,5,6.4,6.1,2,-0.12,0,2,2,5.035,5.004,0.7072,0.02805,PASS,PASS,PASS
1233,pack 6.4 V,100,8,6.4,6.1,2,-0.12,0,2,2,8.008,7.997,0.1046,0.02341,PASS,PASS,PASS
1234,pack 6.4 V,100,3,6.4,6.1,5,-0.12,0,2.8,2.8,3.057,3.02,1.905,0.03125,PASS,PASS,PASS
1235,pack 6.4 V,100,5,6.4,6.1,5,-0.12,0,2.8,2.8,5.015,5.011,0.2914,0.02526,PASS,PASS,PASS
1236,pack 6.4 V,100,8,6.4,6.1,5,-0.12,0,2.8,2.8,7.998,8.008,0.1036,0.02072,PASS,PASS,PASS
1237,pack 6.4 V,100,3,6.4,6.1,0.5,-0.1,0,0.5,0.5,3.085,3.011,2.818,0.02593,PASS,PASS,PASS
1238,pack 6.4 V,100,5,6.4,6.1,0.5,-0.1,0,0.5,0.5,5.022,5.01,0.4356,0.02116,PASS,PASS,PASS
1239,pack 6.4 V,100,8,6.4,6.1,0.5,-0.1,0,0.5,0.5,8.006,8.008,0.1034,0.01777,PASS,PASS,PASS
1240,pack 6.4 V,100,3,6.4,6.1,1,-0.1,0,1,1,3.033,3.01,1.084,0.02097,PASS,PASS,PASS
1241,pack 6.4 V,100,5,6.4,6.1,1,-0.1,0,1,1,5.012,5.006,0.2449,0.01688,PASS,PASS,PASS
1242,pack 6.4 V,100,8,6.4,6.1,1,-0.1,0,1,1,8.009,8.005,0.1166,0.01401,PASS,PASS,PASS
1243,pack 6.4 V,100,3,6.4,6.1,2,-0.1,0,2,2,3.116,3.016,3.857,0.02836,PASS,PASS,PASS
1244,pack 6.4 V,100,5,6.4,6.1,2,-0.1,0,2,2,5.032,5.003,0.6465,0.02336,PASS,PASS,PASS
1245,pack 6.4 V,100,8,6.4,6.1,2,-0.1,0,2,2,8.011,7.997,0.1371,0.01914,PASS,PASS,PASS
1246,pack 6.4 V,100,3,6.4,6.1,5,-0.1,0,2.8,2.8,3.057,3.017,1.886,0.02583,PASS,PASS,PASS
1247,pack 6.4 V,100,5,6.4,6.1,5,-0.1,0,2.8,2.8,5.013,5.012,0.2639,0.02058,PASS,PASS,PASS
1248,pack 6.4 V,100,8,6.4,6.1,5,-0.1,0,2.8,2.8,8.004,8.006,0.0711,0.01713,PASS,PASS,PASS
1249,pack 6.4 V,100,3,6.4,6.1,0.5,-0.08,0,0.5,0.5,3.08,3.011,2.651,0.02091,PASS,PASS,PASS
1250,pack 6.4 V,100,5,6.4,6.1,0.5,-0.08,0,0.5,0.5,5.021,5.01,0.4136,0.01712,PASS,PASS,PASS
1251,pack 6.4 V,100,8,6.4,6.1,0.5,-0.08,0,0.5,0.5,8.01,8.008,0.1288,0.01402,PASS,PASS,PASS
1252,pack 6.4 V,100,3,6.4,6.1,1,-0.08,0,1,1,3.032,3.014,1.068,0.01672,PASS,PASS,PASS
1253,pack 6.4 V,100,5,6.4,6.1,1,-0.08,0,1,1,5.013,5.005,0.2656,0.01348,PASS,PASS,PASS
1254,pack 6.4 V,100,8,6.4,6.1,1,-0.08,0,1,1,8.009,8.003,0.1183,0.01099,PASS,PASS,PASS
1255,pack 6.4 V,100,3,6.4,6.1,2,-0.08,0,2,2,3.101,3.012,3.382,0.02356,PASS,PASS,PASS
1256,pack 6.4 V,100,5,6.4,6.1,2,-0.08,0,2,2,5.032,5.006,0.6308,0.01839,PASS,PASS,PASS
1257,pack 6.4 V,100,8,6.4,6.1,2,-0.08,0,2,2,8.008,7.997,0.09978,0.01528,PASS,PASS,PASS
1258,pack 6.4 V,100,3,6.4,6.1,5,-0.08,0,2.8,2.8,3.053,3.016,1.769,0.01998,PASS,PASS,PASS
1259,pack 6.4 V,100,5,6.4,6.1,5,-0.08,0,2.8,2.8,5.014,5.013,0.2808,0.01668,PASS,PASS,PASS
1260,pack 6.4 V,100,8,6.4,6.1,5,-0.08,0,2.8,2.8,8.004,8.008,0.1029,0.01356,PASS,PASS,PASS
1261,pack 6.4 V,100,3,6.4,6.1,0.5,-0.06,0,0.5,0.5,3.065,3.012,2.171,0.01559,PASS,PASS,PASS
1262,pack 6.4 V,100,5,6.4,6.1,0.5,-0.06,0,0.5,0.5,5.02,5.01,0.4021,0.01252,PASS,PASS,PASS
1263,pack 6.4 V,100,8,6.4,6.1,0.5,-0.06,0,0.5,0.5,8.007,8.009,0.1175,0.01034,PASS,PASS,PASS
1264,pack 6.4 V,100,3,6.4,6.1,1,-0.06,0,1,1,3.033,3.01,1.116,0.01355,PASS,PASS,PASS
1265,pack 6.4 V,100,5,6.4,6.1,1,-0.06,0,1,1,5.013,5.01,0.2641,0.009702,PASS,PASS,PASS
1266,pack 6.4 V,100,8,6.4,6.1,1,-0.06,0,1,1,8.005,8.008,0.09949,0.008204,PASS,PASS,PASS
1267,pack 6.4 V,100,3,6.4,6.1,2,-0.06,0,2,2,3.081,3.012,2.689,0.01729,PASS,PASS,PASS
1268,pack 6.4 V,100,5,6.4,6.1,2,-0.06,0,2,2,5.029,5.006,0.5891,0.0141,PASS,PASS,PASS
1269,pack 6.4 V,100,8,6.4,6.1,2,-0.06,0,2,2,8.009,7.996,0.1072,0.01133,PASS,PASS,PASS
1270,pack 6.4 V,100,3,6.4,6.1,5,-0.06,0,2.8,2.8,3.051,3.016,1.708,0.01506,PASS,PASS,PASS
1271,pack 6.4 V,100,5,6.4,6.1,5,-0.06,0,2.8,2.8,5.011,5.012,0.2452,0.01251,PASS,PASS,PASS
1272,pack 6.4 V,100,8,6.4,6.1,5,-0.06,0,2.8,2.8,8.001,8.009,0.1103,0.01003,PASS,PASS,PASS
1273,pack 6.4 V,100,3,6.4,6.1,0.5,-0.04,0,0.5,0.5,3.057,3.017,1.895,0.01053,PASS,PASS,PASS
1274,pack 6.4 V,100,5,6.4,6.1,0.5,-0.04,0,0.5,0.5,5.018,5.013,0.3685,0.008143,PASS,PASS,PASS
1275,pack 6.4 V,100,8,6.4,6.1,0.5,-0.04,0,0.5,0.5,8.007,8.011,0.1403,0.006753,PASS,PASS,PASS
1276,pack 6.4 V,100,3,6.4,6.1,1,-0.04,0,1,1,3.031,3.009,1.036,0.009632,PASS,PASS,PASS
1277,pack 6.4 V,100,5,6.4,6.1,1,-0.04,0,1,1,5.012,5.007,0.2434,0.006995,PASS,PASS,PASS
1278,pack 6.4 V,100,8,6.4,6.1,1,-0.04,0,1,1,8.004,8.003,0.04972,0.005288,PASS,PASS,PASS
1279,pack 6.4 V,100,3,6.4,6.1,2,-0.04,0,2,2,3.07,3.017,2.343,0.01214,PASS,PASS,PASS
1280,pack 6.4 V,100,5,6.4,6.1,2,-0.04,0,2,2,5.027,5.005,0.5452,0.009262,PASS,PASS,PASS
1281,pack 6.4 V,100,8,6.4,6.1,2,-0.04,0,2,2,8.009,7.995,0.1116,0.007564,PASS,PASS,PASS
1282,pack 6.4 V,100,3,6.4,6.1,5,-0.04,0,2.8,2.8,3.042,3.017,1.395,0.01107,PASS,PASS,PASS
1283,pack 6.4 V,100,5,6.4,6.1,5,-0.04,0,2.8,2.8,5.014,5.013,0.2757,0.008212,PASS,PASS,PASS
1284,pack 6.4 V,100,8,6.4,6.1,5,-0.04,0,2.8,2.8,7.999,8.008,0.1023,0.006471,PASS,PASS,PASS
1285,pack 6.4 V,100,3,6.4,6.1,0.5,-0.02,0,0.5,0.5,3.046,3.011,1.53,0.00655,PASS,PASS,PASS
1286,pack 6.4 V,100,5,6.4,6.1,0.5,-0.02,0,0.5,0.5,5.016,5.013,0.324,0.004737,PASS,PASS,PASS
1287,pack 6.4 V,100,8,6.4,6.1,0.5,-0.02,0,0.5,0.5,8.01,8.007,0.1205,0.004737,PASS,PASS,PASS
1288,pack 6.4 V,100,3,6.4,6.1,1,-0.02,0,1,1,3.031,3.011,1.042,0.006053,PASS,PASS,PASS
1289,pack 6.4 V,100,5,6.4,6.1,1,-0.02,0,1,1,5.012,5.008,0.2345,0.003579,PASS,PASS,PASS
1290,pack 6.4 V,100,8,6.4,6.1,1,-0.02,0,1,1,8.005,8.003,0.05805,0.00335,PASS,PASS,PASS
1291,pack 6.4 V,100,3,6.4,6.1,2,-0.02,0,2,2,3.048,3.015,1.615,0.007252,PASS,PASS,PASS
1292,pack 6.4 V,100,5,6.4,6.1,2,-0.02,0,2,2,5.02,5.005,0.3997,0.004651,PASS,PASS,PASS
1293,pack 6.4 V,100,8,6.4,6.1,2,-0.02,0,2,2,8.007,7.997,0.08446,0.003799,PASS,PASS,PASS
1294,pack 6.4 V,100,3,6.4,6.1,5,-0.02,0,2.8,2.8,3.034,3.013,1.145,0.006731,PASS,PASS,PASS
1295,pack 6.4 V,100,5,6.4,6.1,5,-0.02,0,2.8,2.8,5.01,5.012,0.231,0.004487,PASS,PASS,PASS
1296,pack 6.4 V,100,8,6.4,6.1,5,-0.02,0,2.8,2.8,8,8.007,0.08278,0.003304,PASS,PASS,PASS
1297,pack 6.4 V,100,3,6.4,6.1,0.5,0,0,0.5,0.5,3.032,3.014,1.052,0.004737,PASS,PASS,PASS
1298,pack 6.4 V,100,5,6.4,6.1,0.5,0,0,0.5,0.5,5.017,5.013,0.338,0.004737,PASS,PASS,PASS
1299,pack 6.4 V,100,8,6.4,6.1,0.5,0,0,0.5,0.5,8.007,8.007,0.09155,0.004737,PASS,PASS,PASS
1300,pack 6.4 V,100,3,6.4,6.1,1,0,0,1,1,3.028,3.009,0.9225,0.004924,PASS,PASS,PASS
1301,pack 6.4 V,100,5,6.4,6.1,1,0,0,1,1,5.012,5.007,0.2425,0.00335,PASS,PASS,PASS
1302,pack 6.4 V,100,8,6.4,6.1,1,0,0,1,1,8.005,8.005,0.06372,0.00335,PASS,PASS,PASS
1303,pack 6.4 V,100,3,6.4,6.1,2,0,0,2,2,3.031,3.019,1.027,0.005646,PASS,PASS,PASS
1304,pack 6.4 V,100,5,6.4,6.1,2,0,0,2,2,5.014,5.007,0.284,0.002802,PASS,PASS,PASS
1305,pack 6.4 V,100,8,6.4,6.1,2,0,0,2,2,8.007,8,0.08638,0.002369,PASS,PASS,PASS
1306,pack 6.4 V,100,3,6.4,6.1,5,0,0,2.8,2.8,3.027,3.016,0.8943,0.005828,PASS,PASS,PASS
1307,pack 6.4 V,100,5,6.4,6.1,5,0,0,2.8,2.8,5.009,5.011,0.2141,0.00268,PASS,PASS,PASS
1308,pack 6.4 V,100,8,6.4,6.1,5,0,0,2.8,2.8,8.001,8.008,0.09485,0.002002,PASS,PASS,PASS
1309,pack 6.4 V,100,3,6.4,6.1,0.5,0.02,0,0.5,0.5,3.015,3.011,0.5011,0.008429,PASS,PASS,PASS
1310,pack 6.4 V,100,5,6.4,6.1,0.5,0.02,0,0.5,0.5,5.01,5.01,0.2045,0.00567,PASS,PASS,PASS
1311,pack 6.4 V,100,8,6.4,6.1,0.5,0.02,0,0.5,0.5,8.006,8.006,0.07996,0.004737,PASS,PASS,PASS
1312,pack 6.4 V,100,3,6.4,6.1,1,0.02,0,1,1,3.025,3.01,0.8206,0.007469,PASS,PASS,PASS
1313,pack 6.4 V,100,5,6.4,6.1,1,0.02,0,1,1,5.011,5.006,0.2235,0.0044,PASS,PASS,PASS
1314,pack 6.4 V,100,8,6.4,6.1,1,0.02,0,1,1,8.004,8.005,0.0575,0.00335,PASS,PASS,PASS
1315,pack 6.4 V,100,3,6.4,6.1,2,0.02,0,2,2,3.01,3.018,0.5903,0.008518,PASS,PASS,PASS
1316,pack 6.4 V,100,5,6.4,6.1,2,0.02,0,2,2,5.008,5.006,0.1608,0.006032,PASS,PASS,PASS
1317,pack 6.4 V,100,8,6.4,6.1,2,0.02,0,2,2,8.006,7.997,0.07029,0.004519,PASS,PASS,PASS
1318,pack 6.4 V,100,3,6.4,6.1,5,0.02,0,2.8,2.8,3.015,3.015,0.5012,0.008107,PASS,PASS,PASS
1319,pack 6.4 V,100,5,6.4,6.1,5,0.02,0,2.8,2.8,5.005,5.011,0.2287,0.005461,PASS,PASS,PASS
1320,pack 6.4 V,100,8,6.4,6.1,5,0.02,0,2.8,2.8,7.998,8.007,0.08891,0.00403,PASS,PASS,PASS
1321,pack 6.4 V,100,3,6.4,6.1,0.5,0.04,0,0.5,0.5,2.997,3.017,0.5713,0.01299,PASS,PASS,PASS
1322,pack 6.4 V,100,5,6.4,6.1,0.5,0.04,0,0.5,0.5,5.002,5.009,0.1748,0.009016,PASS,PASS,PASS
1323,pack 6.4 V,100,8,6.4,6.1,0.5,0.04,0,0.5,0.5,8.003,8.009,0.1147,0.007625,PASS,PASS,PASS
1324,pack 6.4 V,100,3,6.4,6.1,1,0.04,0,1,1,3.022,3.011,0.7372,0.01004,PASS,PASS,PASS
1325,pack 6.4 V,100,5,6.4,6.1,1,0.04,0,1,1,5.012,5.006,0.2317,0.007418,PASS,PASS,PASS
1326,pack 6.4 V,100,8,6.4,6.1,1,0.04,0,1,1,8.004,8.005,0.05747,0.005954,PASS,PASS,PASS
1327,pack 6.4 V,100,3,6.4,6.1,2,0.04,0,2,2,2.986,3.013,-0.4555,0.01353,PASS,PASS,PASS
1328,pack 6.4 V,100,5,6.4,6.1,2,0.04,0,2,2,4.995,5.006,0.1201,0.009876,PASS,PASS,PASS
1329,pack 6.4 V,100,8,6.4,6.1,2,0.04,0,2,2,8.005,7.996,0.05861,0.007989,PASS,PASS,PASS
1330,pack 6.4 V,100,3,6.4,6.1,5,0.04,0,2.8,2.8,3.006,3.016,0.5293,0.01214,PASS,PASS,PASS
1331,pack 6.4 V,100,5,6.4,6.1,5,0.04,0,2.8,2.8,5.002,5.01,0.1946,0.008738,PASS,PASS,PASS
1332,pack 6.4 V,100,8,6.4,6.1,5,0.04,0,2.8,2.8,7.999,8.009,0.11,0.007135,PASS,PASS,PASS
1333,pack 6.4 V,100,3,6.4,6.1,0.5,0.06,0,0.5,0.5,2.979,3.011,-0.6963,0.01667,PASS,PASS,PASS
1334,pack 6.4 V,100,5,6.4,6.1,0.5,0.06,0,0.5,0.5,4.995,5.012,0.2337,0.01276,PASS,PASS,PASS
1335,pack 6.4 V,100,8,6.4,6.1,0.5,0.06,0,0.5,0.5,8.003,8.009,0.1175,0.01059,PASS,PASS,PASS
1336,pack 6.4 V,100,3,6.4,6.1,1,0.06,0,1,1,3.015,3.011,0.4846,0.0137,PASS,PASS,PASS
1337,pack 6.4 V,100,5,6.4,6.1,1,0.06,0,1,1,5.014,5.007,0.28,0.01057,PASS,PASS,PASS
1338,pack 6.4 V,100,8,6.4,6.1,1,0.06,0,1,1,8.005,8.005,0.05767,0.008478,PASS,PASS,PASS
1339,pack 6.4 V,100,3,6.4,6.1,2,0.06,0,2,2,2.968,3.013,-1.071,0.01775,PASS,PASS,PASS
1340,pack 6.4 V,100,5,6.4,6.1,2,0.06,0,2,2,4.983,5.007,-0.3315,0.01407,PASS,PASS,PASS
1341,pack 6.4 V,100,8,6.4,6.1,2,0.06,0,2,2,7.998,7.998,-0.02815,0.01161,PASS,PASS,PASS
1342,pack 6.4 V,100,3,6.4,6.1,5,0.06,0,2.8,2.8,2.992,3.016,0.5343,0.01611,PASS,PASS,PASS
1343,pack 6.4 V,100,5,6.4,6.1,5,0.06,0,2.8,2.8,4.996,5.014,0.281,0.01234,PASS,PASS,PASS
1344,pack 6.4 V,100,8,6.4,6.1,5,0.06,0,2.8,2.8,8,8.007,0.09012,0.01011,PASS,PASS,PASS
1345,pack 6.4 V,100,3,6.4,6.1,0.5,0.08,0,0.5,0.5,2.958,3.017,-1.386,0.02039,PASS,PASS,PASS
1346,pack 6.4 V,100,5,6.4,6.1,0.5,0.08,0,0.5,0.5,4.983,5.01,-0.3411,0.01645,PASS,PASS,PASS
1347,pack 6.4 V,100,8,6.4,6.1,0.5,0.08,0,0.5,0.5,8.002,8.006,0.07817,0.0135,PASS,PASS,PASS
1348,pack 6.4 V,100,3,6.4,6.1,1,0.08,0,1,1,3.009,3.007,0.3146,0.01693,PASS,PASS,PASS
1349,pack 6.4 V,100,5,6.4,6.1,1,0.08,0,1,1,5.01,5.007,0.1963,0.01315,PASS,PASS,PASS
1350,pack 6.4 V,100,8,6.4,6.1,1,0.08,0,1,1,8.008,8.007,0.102,0.01086,PASS,PASS,PASS
1351,pack 6.4 V,100,3,6.4,6.1,2,0.08,0,2,2,2.949,3.011,-1.709,0.02203,PASS,PASS,PASS
1352,pack 6.4 V,100,5,6.4,6.1,2,0.08,0,2,2,4.966,5.009,-0.6801,0.01778,PASS,PASS,PASS
1353,pack 6.4 V,100,8,6.4,6.1,2,0.08,0,2,2,7.997,7.995,-0.0601,0.0148,PASS,PASS,PASS
1354,pack 6.4 V,100,3,6.4,6.1,5,0.08,0,2.8,2.8,2.977,3.015,-0.76,0.02037,PASS,PASS,PASS
1355,pack 6.4 V,100,5,6.4,6.1,5,0.08,0,2.8,2.8,4.991,5.011,0.2159,0.01574,PASS,PASS,PASS
1356,pack 6.4 V,100,8,6.4,6.1,5,0.08,0,2.8,2.8,7.999,8.009,0.1103,0.01324,PASS,PASS,PASS
1357,pack 6.4 V,100,3,6.4,6.1,0.5,0.1,0,0.5,0.5,2.94,3.011,-1.997,0.02506,PASS,PASS,PASS
1358,pack 6.4 V,100,5,6.4,6.1,0.5,0.1,0,0.5,0.5,4.97,5.011,-0.5928,0.02008,PASS,PASS,PASS
1359,pack 6.4 V,100,8,6.4,6.1,0.5,0.1,0,0.5,0.5,7.998,8.007,0.09313,0.01678,PASS,PASS,PASS
1360,pack 6.4 V,100,3,6.4,6.1,1,0.1,0,1,1,3.003,3.009,0.2985,0.02048,PASS,PASS,PASS
1361,pack 6.4 V,100,5,6.4,6.1,1,0.1,0,1,1,5.011,5.01,0.2156,0.01632,PASS,PASS,PASS
1362,pack 6.4 V,100,8,6.4,6.1,1,0.1,0,1,1,8.006,8.004,0.07434,0.01333,PASS,PASS,PASS
1363,pack 6.4 V,100,3,6.4,6.1,2,0.1,0,2,2,2.931,3.013,-2.31,0.02726,PASS,PASS,PASS
1364,pack 6.4 V,100,5,6.4,6.1,2,0.1,0,2,2,4.954,5.006,-0.929,0.02189,PASS,PASS,PASS
1365,pack 6.4 V,100,8,6.4,6.1,2,0.1,0,2,2,7.988,7.996,-0.1458,0.01801,PASS,PASS,PASS
1366,pack 6.4 V,100,3,6.4,6.1,5,0.1,0,2.8,2.8,2.961,3.021,-1.305,0.0238,PASS,PASS,PASS
1367,pack 6.4 V,100,5,6.4,6.1,5,0.1,0,2.8,2.8,4.985,5.01,-0.2958,0.01965,PASS,PASS,PASS
1368,pack 6.4 V,100,8,6.4,6.1,5,0.1,0,2.8,2.8,7.995,8.005,0.06458,0.01587,PASS,PASS,PASS
1369,pack 6.4 V,100,3,6.4,6.1,0.5,0.12,0,0.5,0.5,2.92,3.011,-2.66,0.02928,PASS,PASS,PASS
1370,pack 6.4 V,100,5,6.4,6.1,0.5,0.12,0,0.5,0.5,4.954,5.01,-0.9146,0.02317,PASS,PASS,PASS
1371,pack 6.4 V,100,8,6.4,6.1,0.5,0.12,0,0.5,0.5,7.998,8.007,0.08357,0.01942,PASS,PASS,PASS
1372,pack 6.4 V,100,3,6.4,6.1,1,0.12,0,1,1,2.993,3.011,0.3501,0.02386,PASS,PASS,PASS
1373,pack 6.4 V,100,5,6.4,6.1,1,0.12,0,1,1,5.011,5.007,0.2213,0.01864,PASS,PASS,PASS
1374,pack 6.4 V,100,8,6.4,6.1,1,0.12,0,1,1,8.009,8.003,0.1087,0.01555,PASS,PASS,PASS
1375,pack 6.4 V,100,3,6.4,6.1,2,0.12,0,2,2,2.904,3.013,-3.208,0.03142,PASS,PASS,PASS
1376,pack 6.4 V,100,5,6.4,6.1,2,0.12,0,2,2,4.935,5.006,-1.307,0.02523,PASS,PASS,PASS
1377,pack 6.4 V,100,8,6.4,6.1,2,0.12,0,2,2,7.981,7.997,-0.2399,0.02094,PASS,PASS,PASS
1378,pack 6.4 V,100,3,6.4,6.1,5,0.12,0,2.8,2.8,2.945,3.015,-1.843,0.02841,PASS,PASS,PASS
1379,pack 6.4 V,100,5,6.4,6.1,5,0.12,0,2.8,2.8,4.971,5.011,-0.5774,0.02302,PASS,PASS,PASS
1380,pack 6.4 V,100,8,6.4,6.1,5,0.12,0,2.8,2.8,7.992,8.006,-0.09394,0.01871,PASS,PASS,PASS
1381,pack 6.4 V,100,3,6.4,6.1,0.5,0.14,0,0.5,0.5,2.899,3.017,-3.372,0.03274,PASS,PASS,PASS
1382,pack 6.4 V,100,5,6.4,6.1,0.5,0.14,0,0.5,0.5,4.941,5.01,-1.183,0.02696,PASS,PASS,PASS
1383,pack 6.4 V,100,8,6.4,6.1,0.5,0.14,0,0.5,0.5,7.987,8.011,-0.1565,0.0222,PASS,PASS,PASS
1384,pack 6.4 V,100,3,6.4,6.1,1,0.14,0,1,1,2.979,3.011,-0.6986,0.02712,PASS,PASS,PASS
1385,pack 6.4 V,100,5,6.4,6.1,1,0.14,0,1,1,5.005,5.005,0.1056,0.02152,PASS,PASS,PASS
1386,pack 6.4 V,100,8,6.4,6.1,1,0.14,0,1,1,8.006,8.008,0.09646,0.01764,PASS,PASS,PASS
1387,pack 6.4 V,100,3,6.4,6.1,2,0.14,0,2,2,2.888,3.01,-3.729,0.03551,PASS,PASS,PASS
1388,pack 6.4 V,100,5,6.4,6.1,2,0.14,0,2,2,4.917,5.006,-1.658,0.02887,PASS,PASS,PASS
1389,pack 6.4 V,100,8,6.4,6.1,2,0.14,0,2,2,7.97,7.995,-0.3742,0.02387,PASS,PASS,PASS
1390,pack 6.4 V,100,3,6.4,6.1,5,0.14,0,2.8,2.8,2.93,3.015,-2.339,0.03158,PASS,PASS,PASS
1391,pack 6.4 V,100,5,6.4,6.1,5,0.14,0,2.8,2.8,4.963,5.012,-0.7348,0.02573,PASS,PASS,PASS
1392,pack 6.4 V,100,8,6.4,6.1,5,0.14,0,2.8,2.8,7.991,8.006,-0.1073,0.0215,PASS,PASS,PASS
1393,pack 6.4 V,100,3,6.4,6.1,0.5,0.16,0,0.5,0.5,2.877,3.016,-4.111,0.03644,PASS,PASS,PASS
1394,pack 6.4 V,100,5,6.4,6.1,0.5,0.16,0,0.5,0.5,4.919,5.011,-1.611,0.03003,PASS,PASS,PASS
1395,pack 6.4 V,100,8,6.4,6.1,0.5,0.16,0,0.5,0.5,7.98,8.008,-0.247,0.02484,PASS,PASS,PASS
1396,pack 6.4 V,100,3,6.4,6.1,1,0.16,0,1,1,2.969,3.01,-1.032,0.02959,PASS,PASS,PASS
1397,pack 6.4 V,100,5,6.4,6.1,1,0.16,0,1,1,5.003,5.01,0.1921,0.02375,PASS,PASS,PASS
1398,pack 6.4 V,100,8,6.4,6.1,1,0.16,0,1,1,8.009,8.003,0.1171,0.01967,PASS,PASS,PASS
1399,pack 6.4 V,100,3,6.4,6.1,2,0.16,0,2,2,2.868,3.012,-4.404,0.04009,PASS,PASS,PASS
1400,pack 6.4 V,100,5,6.4,6.1,2,0.16,0,2,2,4.892,5.006,-2.154,0.03219,PASS,PASS,PASS
1401,pack 6.4 V,100,8,6.4,6.1,2,0.16,0,2,2,7.955,7.995,-0.5605,0.02678,PASS,PASS,PASS
1402,pack 6.4 V,100,3,6.4,6.1,5,0.16,0,2.8,2.8,2.913,3.016,-2.914,0.03502,PASS,PASS,PASS
1403,pack 6.4 V,100,5,6.4,6.1,5,0.16,0,2.8,2.8,4.949,5.01,-1.013,0.02911,PASS,PASS,PASS
1404,pack 6.4 V,100,8,6.4,6.1,5,0.16,0,2.8,2.8,7.99,8.008,-0.1298,0.0238,PASS,PASS,PASS
1405,pack 6.4 V,100,3,6.4,6.1,0.5,0.18,0,0.5,0.5,2.859,3.014,-4.709,0.04021,PASS,PASS,PASS
1406,pack 6.4 V,100,5,6.4,6.1,0.5,0.18,0,0.5,0.5,4.899,5.01,-2.017,0.03277,PASS,PASS,PASS
1407,pack 6.4 V,100,8,6.4,6.1,0.5,0.18,0,0.5,0.5,7.972,8.006,-0.3509,0.0271,PASS,PASS,PASS
1408,pack 6.4 V,100,3,6.4,6.1,1,0.18,0,1,1,2.952,3.013,-1.593,0.03286,PASS,PASS,PASS
1409,pack 6.4 V,100,5,6.4,6.1,1,0.18,0,1,1,4.999,5.007,0.1396,0.02632,PASS,PASS,PASS
1410,pack 6.4 V,100,8,6.4,6.1,1,0.18,0,1,1,8.009,8.005,0.1147,0.02159,PASS,PASS,PASS
1411,pack 6.4 V,100,3,6.4,6.1,2,0.18,0,2,2,2.842,3.016,-5.28,0.04372,PASS,PASS,PASS
1412,pack 6.4 V,100,5,6.4,6.1,2,0.18,0,2,2,4.87,5.006,-2.6,0.03521,PASS,PASS,PASS
1413,pack 6.4 V,100,8,6.4,6.1,2,0.18,0,2,2,7.936,7.998,-0.798,0.02961,PASS,PASS,PASS
1414,pack 6.4 V,100,3,6.4,6.1,5,0.18,0,2.8,2.8,2.893,3.013,-3.564,0.03825,PASS,PASS,PASS
1415,pack 6.4 V,100,5,6.4,6.1,5,0.18,0,2.8,2.8,4.928,5.012,-1.432,0.03176,PASS,PASS,PASS
1416,pack 6.4 V,100,8,6.4,6.1,5,0.18,0,2.8,2.8,7.982,8.005,-0.2211,0.02624,PASS,PASS,PASS
1417,pack 6.4 V,100,3,6.4,6.1,0.5,0.2,0,0.5,0.5,2.838,3.016,-5.391,0.04431,PASS,PASS,PASS
1418,pack 6.4 V,100,5,6.4,6.1,0.5,0.2,0,0.5,0.5,4.878,5.013,-2.433,0.03595,PASS,PASS,PASS
1419,pack 6.4 V,100,8,6.4,6.1,0.5,0.2,0,0.5,0.5,7.96,8.006,-0.4944,0.02962,PASS,PASS,PASS
1420,pack 6.4 V,100,3,6.4,6.1,1,0.2,0,1,1,2.942,3.013,-1.925,0.03566,PASS,PASS,PASS
1421,pack 6.4 V,100,5,6.4,6.1,1,0.2,0,1,1,4.994,5.007,0.1493,0.02874,PASS,PASS,PASS
1422,pack 6.4 V,100,8,6.4,6.1,1,0.2,0,1,1,8.005,8.004,0.06158,0.02385,PASS,PASS,PASS
1423,pack 6.4 V,100,3,6.4,6.1,2,0.2,0,2,2,2.823,3.018,-5.911,0.0477,PASS,PASS,PASS
1424,pack 6.4 V,100,5,6.4,6.1,2,0.2,0,2,2,4.843,5.005,-3.138,0.03873,PASS,PASS,PASS
1425,pack 6.4 V,100,8,6.4,6.1,2,0.2,0,2,2,7.915,7.995,-1.062,0.03224,PASS,PASS,PASS
1426,pack 6.4 V,100,3,6.4,6.1,5,0.2,0,2.8,2.8,2.878,3.014,-4.066,0.04171,PASS,PASS,PASS
1427,pack 6.4 V,100,5,6.4,6.1,5,0.2,0,2.8,2.8,4.914,5.013,-1.712,0.03468,PASS,PASS,PASS
1428,pack 6.4 V,100,8,6.4,6.1,5,0.2,0,2.8,2.8,7.975,8.008,-0.3146,0.02857,PASS,PASS,PASS
1429,pack 6.4 V,100,3,6.4,6.1,0.5,0.22,0,0.5,0.5,2.82,3.014,-6,0.04762,PASS,PASS,PASS
1430,pack 6.4 V,100,5,6.4,6.1,0.5,0.22,0,0.5,0.5,4.856,5.01,-2.871,0.03818,PASS,PASS,PASS
1431,pack 6.4 V,100,8,6.4,6.1,0.5,0.22,0,0.5,0.5,7.945,8.008,-0.6885,0.03196,PASS,PASS,PASS
1432,pack 6.4 V,100,3,6.4,6.1,1,0.22,0,1,1,2.926,3.013,-2.454,0.03804,PASS,PASS,PASS
1433,pack 6.4 V,100,5,6.4,6.1,1,0.22,0,1,1,4.989,5.006,-0.2278,0.03099,PASS,PASS,PASS
1434,pack 6.4 V,100,8,6.4,6.1,1,0.22,0,1,1,8.009,8.005,0.112,0.0255,PASS,PASS,PASS
1435,pack 6.4 V,100,3,6.4,6.1,2,0.22,0,2,2,2.8,3.019,-6.651,0.05113,PASS,PASS,FAIL
1436,pack 6.4 V,100,5,6.4,6.1,2,0.22,0,2,2,4.823,5.006,-3.532,0.04124,PASS,PASS,PASS
1437,pack 6.4 V,100,8,6.4,6.1,2,0.22,0,2,2,7.896,7.998,-1.294,0.03442,PASS,PASS,PASS
1438,pack 6.4 V,100,3,6.4,6.1,5,0.22,0,2.8,2.8,2.859,3.014,-4.694,0.04494,PASS,PASS,PASS
1439,pack 6.4 V,100,5,6.4,6.1,5,0.22,0,2.8,2.8,4.899,5.015,-2.017,0.03714,PASS,PASS,PASS
1440,pack 6.4 V,100,8,6.4,6.1,5,0.22,0,2.8,2.8,7.964,8.006,-0.4451,0.03106,PASS,PASS,PASS
1441,pack 6.4 V,100,3,6.4,6.1,0.5,0.24,0,0.5,0.5,2.799,3.012,-6.7,0.05079,PASS,PASS,FAIL
1442,pack 6.4 V,100,5,6.4,6.1,0.5,0.24,0,0.5,0.5,4.833,5.009,-3.333,0.04122,PASS,PASS,PASS
1443,pack 6.4 V,100,8,6.4,6.1,0.5,0.24,0,0.5,0.5,7.928,8.007,-0.8945,0.03418,PASS,PASS,PASS
1444,pack 6.4 V,100,3,6.4,6.1,1,0.24,0,1,1,2.917,3.009,-2.764,0.04093,PASS,PASS,PASS
1445,pack 6.4 V,100,5,6.4,6.1,1,0.24,0,1,1,4.978,5.004,-0.4405,0.03287,PASS,PASS,PASS
1446,pack 6.4 V,100,8,6.4,6.1,1,0.24,0,1,1,8.006,8.004,0.07168,0.02742,PASS,PASS,PASS
1447,pack 6.4 V,100,3,6.4,6.1,2,0.24,0,2,2,2.786,3.012,-7.137,0.05416,PASS,PASS,FAIL
1448,pack 6.4 V,100,5,6.4,6.1,2,0.24,0,2,2,4.8,5.006,-3.991,0.04403,PASS,PASS,PASS
1449,pack 6.4 V,100,8,6.4,6.1,2,0.24,0,2,2,7.874,7.996,-1.573,0.03689,PASS,PASS,PASS
1450,pack 6.4 V,100,3,6.4,6.1,5,0.24,0,2.8,2.8,2.838,3.017,-5.41,0.04774,PASS,PASS,PASS
1451,pack 6.4 V,100,5,6.4,6.1,5,0.24,0,2.8,2.8,4.879,5.014,-2.427,0.04015,PASS,PASS,PASS
1452,pack 6.4 V,100,8,6.4,6.1,5,0.24,0,2.8,2.8,7.955,8.008,-0.5668,0.03304,PASS,PASS,PASS
1453,pack 6.4 V,100,3,6.4,6.1,0.5,0.26,0,0.5,0.5,2.78,3.016,-7.34,0.05357,PASS,PASS,FAIL
1454,pack 6.4 V,100,5,6.4,6.1,0.5,0.26,0,0.5,0.5,4.814,5.011,-3.715,0.04349,PASS,PASS,PASS
1455,pack 6.4 V,100,8,6.4,6.1,0.5,0.26,0,0.5,0.5,7.908,8.009,-1.154,0.03623,PASS,PASS,PASS
1456,pack 6.4 V,100,3,6.4,6.1,1,0.26,0,1,1,2.9,3.011,-3.327,0.04362,PASS,PASS,PASS
1457,pack 6.4 V,100,5,6.4,6.1,1,0.26,0,1,1,4.966,5.008,-0.6849,0.03493,PASS,PASS,PASS
1458,pack 6.4 V,100,8,6.4,6.1,1,0.26,0,1,1,8.008,8.004,0.102,0.02906,PASS,PASS,PASS
1459,pack 6.4 V,100,3,6.4,6.1,2,0.26,0,2,2,2.767,3.012,-7.775,0.05747,PASS,PASS,FAIL
1460,pack 6.4 V,100,5,6.4,6.1,2,0.26,0,2,2,4.775,5.009,-4.494,0.04755,PASS,PASS,PASS
1461,pack 6.4 V,100,8,6.4,6.1,2,0.26,0,2,2,7.854,7.997,-1.83,0.03913,PASS,PASS,PASS
1462,pack 6.4 V,100,3,6.4,6.1,5,0.26,0,2.8,2.8,2.825,3.014,-5.848,0.05044,PASS,PASS,FAIL
1463,pack 6.4 V,100,5,6.4,6.1,5,0.26,0,2.8,2.8,4.856,5.011,-2.877,0.04244,PASS,PASS,PASS
1464,pack 6.4 V,100,8,6.4,6.1,5,0.26,0,2.8,2.8,7.942,8.008,-0.7273,0.03541,PASS,PASS,PASS
1465,pack 6.4 V,100,3,6.4,6.1,0.5,0.28,0,0.5,0.5,2.763,3.011,-7.912,0.05667,PASS,PASS,FAIL
1466,pack 6.4 V,100,5,6.4,6.1,0.5,0.28,0,0.5,0.5,4.791,5.011,-4.173,0.04628,PASS,PASS,PASS
1467,pack 6.4 V,100,8,6.4,6.1,0.5,0.28,0,0.5,0.5,7.888,8.006,-1.396,0.03834,PASS,PASS,PASS
1468,pack 6.4 V,100,3,6.4,6.1,1,0.28,0,1,1,2.883,3.01,-3.9,0.04628,PASS,PASS,PASS
1469,pack 6.4 V,100,5,6.4,6.1,1,0.28,0,1,1,4.958,5.006,-0.8348,0.03702,PASS,PASS,PASS
1470,pack 6.4 V,100,8,6.4,6.1,1,0.28,0,1,1,8.003,8.008,0.09948,0.03085,PASS,PASS,PASS
1471,pack 6.4 V,100,3,6.4,6.1,2,0.28,0,2,2,2.746,3.012,-8.455,0.06038,PASS,PASS,FAIL
1472,pack 6.4 V,100,5,6.4,6.1,2,0.28,0,2,2,4.754,5.006,-4.911,0.04963,PASS,PASS,PASS
1473,pack 6.4 V,100,8,6.4,6.1,2,0.28,0,2,2,7.824,7.996,-2.197,0.04138,PASS,PASS,PASS
1474,pack 6.4 V,100,3,6.4,6.1,5,0.28,0,2.8,2.8,2.802,3.013,-6.616,0.05411,PASS,PASS,FAIL
1475,pack 6.4 V,100,5,6.4,6.1,5,0.28,0,2.8,2.8,4.84,5.013,-3.196,0.04489,PASS,PASS,PASS
1476,pack 6.4 V,100,8,6.4,6.1,5,0.28,0,2.8,2.8,7.927,8.006,-0.9116,0.03726,PASS,PASS,PASS
1477,pack 6.4 V,100,3,6.4,6.1,0.5,0.3,0,0.5,0.5,2.743,3.016,-8.575,0.05931,PASS,PASS,FAIL
1478,pack 6.4 V,100,5,6.4,6.1,0.5,0.3,0,0.5,0.5,4.768,5.013,-4.646,0.04865,PASS,PASS,PASS
1479,pack 6.4 V,100,8,6.4,6.1,0.5,0.3,0,0.5,0.5,7.866,8.009,-1.681,0.04055,PASS,PASS,PASS
1480,pack 6.4 V,100,3,6.4,6.1,1,0.3,0,1,1,2.87,3.014,-4.34,0.04885,PASS,PASS,PASS
1481,pack 6.4 V,100,5,6.4,6.1,1,0.3,0,1,1,4.944,5.007,-1.111,0.03898,PASS,PASS,PASS
1482,pack 6.4 V,100,8,6.4,6.1,1,0.3,0,1,1,8.004,8.008,0.09896,0.03211,PASS,PASS,PASS
1483,pack 6.4 V,100,3,6.4,6.1,2,0.3,0,2,2,2.728,3.014,-9.072,0.06319,PASS,PASS,FAIL
1484,pack 6.4 V,100,5,6.4,6.1,2,0.3,0,2,2,4.73,5.005,-5.39,0.05229,PASS,PASS,FAIL
1485,pack 6.4 V,100,8,6.4,6.1,2,0.3,0,2,2,7.8,7.998,-2.495,0.04346,PASS,PASS,PASS
1486,pack 6.4 V,100,3,6.4,6.1,5,0.3,0,2.8,2.8,2.791,3.014,-6.983,0.05623,PASS,PASS,FAIL
1487,pack 6.4 V,100,5,6.4,6.1,5,0.3,0,2.8,2.8,4.818,5.012,-3.637,0.04747,PASS,PASS,PASS
1488,pack 6.4 V,100,8,6.4,6.1,5,0.3,0,2.8,2.8,7.914,8.008,-1.078,0.03908,PASS,PASS,PASS
1489,pack 8.4 V,100,3,8.4,8.1,0.5,-0.3,0,0.5,0.5,3.762,3.013,25.39,0.08653,FAIL,FAIL,FAIL
1490,pack 8.4 V,100,5,8.4,8.1,0.5,-0.3,0,0.5,0.5,5.022,5.01,0.4427,0.07029,PASS,PASS,FAIL
1491,pack 8.4 V,100,8,8.4,8.1,0.5,-0.3,0,0.5,0.5,8.007,8.008,0.1054,0.05764,PASS,PASS,FAIL
1492,pack 8.4 V,100,3,8.4,8.1,1,-0.3,0,1,1,3.034,3.012,1.13,0.06844,PASS,PASS,FAIL
1493,pack 8.4 V,100,5,8.4,8.1,1,-0.3,0,1,1,5.013,5.009,0.2534,0.05584,PASS,PASS,FAIL
1494,pack 8.4 V,100,8,8.4,8.1,1,-0.3,0,1,1,8.009,8.004,0.1163,0.04537,PASS,PASS,PASS
1495,pack 8.4 V,100,3,8.4,8.1,2,-0.3,0,2,2,3.764,3.007,25.48,0.09386,FAIL,FAIL,FAIL
1496,pack 8.4 V,100,5,8.4,8.1,2,-0.3,0,2,2,6.293,5.005,25.87,0.07667,FAIL,FAIL,FAIL
1497,pack 8.4 V,100,8,8.4,8.1,2,-0.3,0,2,2,8.011,8.003,0.1385,0.06255,PASS,PASS,FAIL
1498,pack 8.4 V,100,3,8.4,8.1,5,-0.3,0,5,5,3.03,3.018,1.014,0.068,PASS,PASS,FAIL
1499,pack 8.4 V,100,5,8.4,8.1,5,-0.3,0,5,5,5.005,5.008,0.1566,0.05656,PASS,PASS,FAIL
1500,pack 8.4 V,100,8,8.4,8.1,5,-0.3,0,5,5,7.998,8.002,0.02841,0.04579,PASS,PASS,PASS
1501,pack 8.4 V,100,3,8.4,8.1,0.5,-0.28,0,0.5,0.5,3.733,3.013,24.43,0.08032,FAIL,FAIL,FAIL
1502,pack 8.4 V,100,5,8.4,8.1,0.5,-0.28,0,0.5,0.5,5.023,5.012,0.4697,0.06517,PASS,PASS,FAIL
1503,pack 8.4 V,100,8,8.4,8.1,0.5,-0.28,0,0.5,0.5,8.008,8.006,0.09682,0.05321,PASS,PASS,FAIL
1504,pack 8.4 V,100,3,8.4,8.1,1,-0.28,0,1,1,3.028,3.012,0.946,0.06284,PASS,PASS,FAIL
1505,pack 8.4 V,100,5,8.4,8.1,1,-0.28,0,1,1,5.012,5.011,0.2447,0.0515,PASS,PASS,FAIL
1506,pack 8.4 V,100,8,8.4,8.1,1,-0.28,0,1,1,8.009,8.006,0.1178,0.04191,PASS,PASS,PASS
1507,pack 8.4 V,100,3,8.4,8.1,2,-0.28,0,2,2,3.739,3.006,24.62,0.08659,FAIL,FAIL,FAIL
1508,pack 8.4 V,100,5,8.4,8.1,2,-0.28,0,2,2,5.035,5.006,0.7051,0.07073,PASS,PASS,FAIL
1509,pack 8.4 V,100,8,8.4,8.1,2,-0.28,0,2,2,8.011,8.003,0.1385,0.0577,PASS,PASS,FAIL
1510,pack 8.4 V,100,3,8.4,8.1,5,-0.28,0,5,5,3.026,3.013,0.8616,0.06356,PASS,PASS,FAIL
1511,pack 8.4 V,100,5,8.4,8.1,5,-0.28,0,5,5,5.003,5.011,0.225,0.05194,PASS,PASS,FAIL
1512,pack 8.4 V,100,8,8.4,8.1,5,-0.28,0,5,5,7.997,8.002,-0.03729,0.04221,PASS,PASS,PASS
1513,pack 8.4 V,100,3,8.4,8.1,0.5,-0.26,0,0.5,0.5,3.701,3.013,23.35,0.07378,FAIL,FAIL,FAIL
1514,pack 8.4 V,100,5,8.4,8.1,0.5,-0.26,0,0.5,0.5,5.024,5.011,0.4792,0.05953,PASS,PASS,FAIL
1515,pack 8.4 V,100,8,8.4,8.1,0.5,-0.26,0,0.5,0.5,8.006,8.009,0.116,0.04894,PASS,PASS,PASS
1516,pack 8.4 V,100,3,8.4,8.1,1,-0.26,0,1,1,3.029,3.009,0.9656,0.05866,PASS,PASS,FAIL
1517,pack 8.4 V,100,5,8.4,8.1,1,-0.26,0,1,1,5.011,5.007,0.222,0.04728,PASS,PASS,PASS
1518,pack 8.4 V,100,8,8.4,8.1,1,-0.26,0,1,1,8.009,8.006,0.116,0.0385,PASS,PASS,PASS
1519,pack 8.4 V,100,3,8.4,8.1,2,-0.26,0,2,2,3.707,3.003,23.57,0.08005,FAIL,FAIL,FAIL
1520,pack 8.4 V,100,5,8.4,8.1,2,-0.26,0,2,2,5.035,5.008,0.6929,0.06501,PASS,PASS,FAIL
1521,pack 8.4 V,100,8,8.4,8.1,2,-0.26,0,2,2,8.011,8.003,0.1385,0.05302,PASS,PASS,FAIL
1522,pack 8.4 V,100,3,8.4,8.1,5,-0.26,0,5,5,3.026,3.018,0.852,0.0592,PASS,PASS,FAIL
1523,pack 8.4 V,100,5,8.4,8.1,5,-0.26,0,5,5,5.005,5.008,0.1677,0.04765,PASS,PASS,PASS
1524,pack 8.4 V,100,8,8.4,8.1,5,-0.26,0,5,5,7.997,8.003,-0.03461,0.03884,PASS,PASS,PASS
1525,pack 8.4 V,100,3,8.4,8.1,0.5,-0.24,0,0.5,0.5,3.657,3.013,21.9,0.06704,FAIL,FAIL,FAIL
1526,pack 8.4 V,100,5,8.4,8.1,0.5,-0.24,0,0.5,0.5,5.022,5.01,0.4496,0.05476,PASS,PASS,FAIL
1527,pack 8.4 V,100,8,8.4,8.1,0.5,-0.24,0,0.5,0.5,8.006,8.009,0.1173,0.04444,PASS,PASS,PASS
1528,pack 8.4 V,100,3,8.4,8.1,1,-0.24,0,1,1,3.032,3.016,1.077,0.05326,PASS,PASS,FAIL
1529,pack 8.4 V,100,5,8.4,8.1,1,-0.24,0,1,1,5.014,5.008,0.2836,0.04306,PASS,PASS,PASS
1530,pack 8.4 V,100,8,8.4,8.1,1,-0.24,0,1,1,8.009,8.006,0.1178,0.0353,PASS,PASS,PASS
1531,pack 8.4 V,100,3,8.4,8.1,2,-0.24,0,2,2,3.677,3.01,22.56,0.0726,FAIL,FAIL,FAIL
1532,pack 8.4 V,100,5,8.4,8.1,2,-0.24,0,2,2,5.035,5.005,0.7049,0.05941,PASS,PASS,FAIL
1533,pack 8.4 V,100,8,8.4,8.1,2,-0.24,0,2,2,8.012,8.004,0.15,0.04829,PASS,PASS,PASS
1534,pack 8.4 V,100,3,8.4,8.1,5,-0.24,0,5,5,3.027,3.021,0.9068,0.05383,PASS,PASS,FAIL
1535,pack 8.4 V,100,5,8.4,8.1,5,-0.24,0,5,5,5.007,5.01,0.2073,0.04381,PASS,PASS,PASS
1536,pack 8.4 V,100,8,8.4,8.1,5,-0.24,0,5,5,7.998,8.002,0.02415,0.03562,PASS,PASS,PASS
1537,pack 8.4 V,100,3,8.4,8.1,0.5,-0.22,0,0.5,0.5,3.589,3.012,19.62,0.06106,FAIL,FAIL,FAIL
1538,pack 8.4 V,100,5,8.4,8.1,0.5,-0.22,0,0.5,0.5,5.022,5.01,0.4492,0.04979,PASS,PASS,PASS
1539,pack 8.4 V,100,8,8.4,8.1,0.5,-0.22,0,0.5,0.5,8.008,8.006,0.09667,0.04064,PASS,PASS,PASS
1540,pack 8.4 V,100,3,8.4,8.1,1,-0.22,0,1,1,3.035,3.013,1.152,0.0479,PASS,PASS,PASS
1541,pack 8.4 V,100,5,8.4,8.1,1,-0.22,0,1,1,5.01,5.006,0.2024,0.03927,PASS,PASS,PASS
1542,pack 8.4 V,100,8,8.4,8.1,1,-0.22,0,1,1,8.009,8.006,0.1178,0.03208,PASS,PASS,PASS
1543,pack 8.4 V,100,3,8.4,8.1,2,-0.22,0,2,2,3.636,3.01,21.18,0.06593,FAIL,FAIL,FAIL
1544,pack 8.4 V,100,5,8.4,8.1,2,-0.22,0,2,2,5.035,5.005,0.7029,0.05385,PASS,PASS,FAIL
1545,pack 8.4 V,100,8,8.4,8.1,2,-0.22,0,2,2,8.013,8.006,0.1581,0.04391,PASS,PASS,PASS
1546,pack 8.4 V,100,3,8.4,8.1,5,-0.22,0,5,5,3.031,3.016,1.025,0.04873,PASS,PASS,PASS
1547,pack 8.4 V,100,5,8.4,8.1,5,-0.22,0,5,5,5.002,5.008,0.1565,0.03965,PASS,PASS,PASS
1548,pack 8.4 V,100,8,8.4,8.1,5,-0.22,0,5,5,7.998,8.002,0.02417,0.03238,PASS,PASS,PASS
1549,pack 8.4 V,100,3,8.4,8.1,0.5,-0.2,0,0.5,0.5,3.094,3.013,3.13,0.05479,PASS,PASS,FAIL
1550,pack 8.4 V,100,5,8.4,8.1,0.5,-0.2,0,0.5,0.5,5.024,5.014,0.4709,0.04456,PASS,PASS,PASS
1551,pack 8.4 V,100,8,8.4,8.1,0.5,-0.2,0,0.5,0.5,8.01,8.011,0.1376,0.0364,PASS,PASS,PASS
1552,pack 8.4 V,100,3,8.4,8.1,1,-0.2,0,1,1,3.032,3.013,1.054,0.04358,PASS,PASS,PASS
1553,pack 8.4 V,100,5,8.4,8.1,1,-0.2,0,1,1,5.01,5.007,0.2022,0.03546,PASS,PASS,PASS
1554,pack 8.4 V,100,8,8.4,8.1,1,-0.2,0,1,1,8.009,8.006,0.1178,0.02893,PASS,PASS,PASS
1555,pack 8.4 V,100,3,8.4,8.1,2,-0.2,0,2,2,3.577,3.003,19.24,0.05875,FAIL,FAIL,FAIL
1556,pack 8.4 V,100,5,8.4,8.1,2,-0.2,0,2,2,5.033,5.008,0.6594,0.04871,PASS,PASS,PASS
1557,pack 8.4 V,100,8,8.4,8.1,2,-0.2,0,2,2,8.008,8.004,0.1051,0.03986,PASS,PASS,PASS
1558,pack 8.4 V,100,3,8.4,8.1,5,-0.2,0,5,5,3.029,3.021,0.975,0.04402,PASS,PASS,PASS
1559,pack 8.4 V,100,5,8.4,8.1,5,-0.2,0,5,5,5.009,5.009,0.1894,0.03564,PASS,PASS,PASS
1560,pack 8.4 V,100,8,8.4,8.1,5,-0.2,0,5,5,7.995,8.004,-0.06692,0.02902,PASS,PASS,PASS
1561,pack 8.4 V,100,3,8.4,8.1,0.5,-0.18,0,0.5,0.5,3.093,3.018,3.098,0.04892,PASS,PASS,PASS
1562,pack 8.4 V,100,5,8.4,8.1,0.5,-0.18,0,0.5,0.5,5.022,5.01,0.4377,0.03992,PASS,PASS,PASS
1563,pack 8.4 V,100,8,8.4,8.1,0.5,-0.18,0,0.5,0.5,8.01,8.007,0.1223,0.03274,PASS,PASS,PASS
1564,pack 8.4 V,100,3,8.4,8.1,1,-0.18,0,1,1,3.029,3.009,0.9624,0.03853,PASS,PASS,PASS
1565,pack 8.4 V,100,5,8.4,8.1,1,-0.18,0,1,1,5.012,5.008,0.237,0.0316,PASS,PASS,PASS
1566,pack 8.4 V,100,8,8.4,8.1,1,-0.18,0,1,1,8.009,8.006,0.116,0.02566,PASS,PASS,PASS
1567,pack 8.4 V,100,3,8.4,8.1,2,-0.18,0,2,2,3.163,3.01,5.438,0.05267,PASS,PASS,FAIL
1568,pack 8.4 V,100,5,8.4,8.1,2,-0.18,0,2,2,5.033,5.008,0.6568,0.04365,PASS,PASS,PASS
1569,pack 8.4 V,100,8,8.4,8.1,2,-0.18,0,2,2,8.008,8.003,0.1026,0.03544,PASS,PASS,PASS
1570,pack 8.4 V,100,3,8.4,8.1,5,-0.18,0,5,5,3.027,3.021,0.901,0.03866,PASS,PASS,PASS
1571,pack 8.4 V,100,5,8.4,8.1,5,-0.18,0,5,5,5.002,5.01,0.1995,0.0318,PASS,PASS,PASS
1572,pack 8.4 V,100,8,8.4,8.1,5,-0.18,0,5,5,7.994,8.004,-0.07212,0.02587,PASS,PASS,PASS
1573,pack 8.4 V,100,3,8.4,8.1,0.5,-0.16,0,0.5,0.5,3.091,3.015,3.017,0.04308,PASS,PASS,PASS
1574,pack 8.4 V,100,5,8.4,8.1,0.5,-0.16,0,0.5,0.5,5.023,5.01,0.4666,0.03521,PASS,PASS,PASS
1575,pack 8.4 V,100,8,8.4,8.1,0.5,-0.16,0,0.5,0.5,8.007,8.008,0.1053,0.0289,PASS,PASS,PASS
1576,pack 8.4 V,100,3,8.4,8.1,1,-0.16,0,1,1,3.035,3.013,1.161,0.03425,PASS,PASS,PASS
1577,pack 8.4 V,100,5,8.4,8.1,1,-0.16,0,1,1,5.013,5.009,0.2533,0.02783,PASS,PASS,PASS
1578,pack 8.4 V,100,8,8.4,8.1,1,-0.16,0,1,1,8.009,8.006,0.1178,0.02267,PASS,PASS,PASS
1579,pack 8.4 V,100,3,8.4,8.1,2,-0.16,0,2,2,3.149,3.003,4.962,0.04648,PASS,PASS,PASS
1580,pack 8.4 V,100,5,8.4,8.1,2,-0.16,0,2,2,5.033,5.005,0.6545,0.03817,PASS,PASS,PASS
1581,pack 8.4 V,100,8,8.4,8.1,2,-0.16,0,2,2,8.008,8.003,0.1016,0.03154,PASS,PASS,PASS
1582,pack 8.4 V,100,3,8.4,8.1,5,-0.16,0,5,5,3.03,3.018,0.9979,0.03433,PASS,PASS,PASS
1583,pack 8.4 V,100,5,8.4,8.1,5,-0.16,0,5,5,5.009,5.01,0.2006,0.0279,PASS,PASS,PASS
1584,pack 8.4 V,100,8,8.4,8.1,5,-0.16,0,5,5,7.999,8.002,0.01926,0.02301,PASS,PASS,PASS
1585,pack 8.4 V,100,3,8.4,8.1,0.5,-0.14,0,0.5,0.5,3.091,3.012,3.046,0.03751,PASS,PASS,PASS
1586,pack 8.4 V,100,5,8.4,8.1,0.5,-0.14,0,0.5,0.5,5.024,5.011,0.4719,0.03012,PASS,PASS,PASS
1587,pack 8.4 V,100,8,8.4,8.1,0.5,-0.14,0,0.5,0.5,8.007,8.011,0.1404,0.02509,PASS,PASS,PASS
1588,pack 8.4 V,100,3,8.4,8.1,1,-0.14,0,1,1,3.031,3.013,1.047,0.02917,PASS,PASS,PASS
1589,pack 8.4 V,100,5,8.4,8.1,1,-0.14,0,1,1,5.012,5.009,0.2445,0.02409,PASS,PASS,PASS
1590,pack 8.4 V,100,8,8.4,8.1,1,-0.14,0,1,1,8.009,8.006,0.116,0.01969,PASS,PASS,PASS
1591,pack 8.4 V,100,3,8.4,8.1,2,-0.14,0,2,2,3.143,3.006,4.774,0.04046,PASS,PASS,PASS
1592,pack 8.4 V,100,5,8.4,8.1,2,-0.14,0,2,2,5.033,5.005,0.6627,0.03326,PASS,PASS,PASS
1593,pack 8.4 V,100,8,8.4,8.1,2,-0.14,0,2,2,8.008,8.004,0.1016,0.02723,PASS,PASS,PASS
1594,pack 8.4 V,100,3,8.4,8.1,5,-0.14,0,5,5,3.029,3.021,0.9731,0.0295,PASS,PASS,PASS
1595,pack 8.4 V,100,5,8.4,8.1,5,-0.14,0,5,5,5.004,5.009,0.1716,0.02423,PASS,PASS,PASS
1596,pack 8.4 V,100,8,8.4,8.1,5,-0.14,0,5,5,7.997,8.007,0.08982,0.01985,PASS,PASS,PASS
1597,pack 8.4 V,100,3,8.4,8.1,0.5,-0.12,0,0.5,0.5,3.084,3.015,2.813,0.0322,PASS,PASS,PASS
1598,pack 8.4 V,100,5,8.4,8.1,0.5,-0.12,0,0.5,0.5,5.023,5.014,0.4653,0.0258,PASS,PASS,PASS
1599,pack 8.4 V,100,8,8.4,8.1,0.5,-0.12,0,0.5,0.5,8.01,8.006,0.1216,0.0214,PASS,PASS,PASS
1600,pack 8.4 V,100,3,8.4,8.1,1,-0.12,0,1,1,3.033,3.011,1.091,0.02555,PASS,PASS,PASS
1601,pack 8.4 V,100,5,8.4,8.1,1,-0.12,0,1,1,5.01,5.007,0.2021,0.0204,PASS,PASS,PASS
1602,pack 8.4 V,100,8,8.4,8.1,1,-0.12,0,1,1,8.005,8.004,0.0602,0.01677,PASS,PASS,PASS
1603,pack 8.4 V,100,3,8.4,8.1,2,-0.12,0,2,2,3.133,3.009,4.439,0.0343,PASS,PASS,PASS
1604,pack 8.4 V,100,5,8.4,8.1,2,-0.12,0,2,2,5.031,5.005,0.6247,0.02804,PASS,PASS,PASS
1605,pack 8.4 V,100,8,8.4,8.1,2,-0.12,0,2,2,8.013,8.005,0.1669,0.02316,PASS,PASS,PASS
1606,pack 8.4 V,100,3,8.4,8.1,5,-0.12,0,5,5,3.03,3.021,0.9961,0.02584,PASS,PASS,PASS
1607,pack 8.4 V,100,5,8.4,8.1,5,-0.12,0,5,5,5.007,5.005,0.1322,0.02043,PASS,PASS,PASS
1608,pack 8.4 V,100,8,8.4,8.1,5,-0.12,0,5,5,7.994,8.003,-0.07295,0.01688,PASS,PASS,PASS
1609,pack 8.4 V,100,3,8.4,8.1,0.5,-0.1,0,0.5,0.5,3.079,3.013,2.633,0.02592,PASS,PASS,PASS
1610,pack 8.4 V,100,5,8.4,8.1,0.5,-0.1,0,0.5,0.5,5.021,5.01,0.4197,0.02108,PASS,PASS,PASS
1611,pack 8.4 V,100,8,8.4,8.1,0.5,-0.1,0,0.5,0.5,8.008,8.006,0.09523,0.01778,PASS,PASS,PASS
1612,pack 8.4 V,100,3,8.4,8.1,1,-0.1,0,1,1,3.032,3.009,1.057,0.02081,PASS,PASS,PASS
1613,pack 8.4 V,100,5,8.4,8.1,1,-0.1,0,1,1,5.011,5.008,0.219,0.01699,PASS,PASS,PASS
1614,pack 8.4 V,100,8,8.4,8.1,1,-0.1,0,1,1,8.005,8.006,0.07422,0.01397,PASS,PASS,PASS
1615,pack 8.4 V,100,3,8.4,8.1,2,-0.1,0,2,2,3.121,3.003,4.031,0.02816,PASS,PASS,PASS
1616,pack 8.4 V,100,5,8.4,8.1,2,-0.1,0,2,2,5.031,5.007,0.6155,0.02339,PASS,PASS,PASS
1617,pack 8.4 V,100,8,8.4,8.1,2,-0.1,0,2,2,8.013,8.004,0.1654,0.01913,PASS,PASS,PASS
1618,pack 8.4 V,100,3,8.4,8.1,5,-0.1,0,5,5,3.026,3.021,0.8823,0.02085,PASS,PASS,PASS
1619,pack 8.4 V,100,5,8.4,8.1,5,-0.1,0,5,5,5.004,5.011,0.2173,0.01703,PASS,PASS,PASS
1620,pack 8.4 V,100,8,8.4,8.1,5,-0.1,0,5,5,7.997,8.006,0.07084,0.01412,PASS,PASS,PASS
1621,pack 8.4 V,100,3,8.4,8.1,0.5,-0.08,0,0.5,0.5,3.073,3.013,2.435,0.02062,PASS,PASS,PASS
1622,pack 8.4 V,100,5,8.4,8.1,0.5,-0.08,0,0.5,0.5,5.021,5.01,0.4223,0.01682,PASS,PASS,PASS
1623,pack 8.4 V,100,8,8.4,8.1,0.5,-0.08,0,0.5,0.5,8.01,8.008,0.129,0.01402,PASS,PASS,PASS
1624,pack 8.4 V,100,3,8.4,8.1,1,-0.08,0,1,1,3.033,3.009,1.091,0.01709,PASS,PASS,PASS
1625,pack 8.4 V,100,5,8.4,8.1,1,-0.08,0,1,1,5.012,5.008,0.2336,0.0134,PASS,PASS,PASS
1626,pack 8.4 V,100,8,8.4,8.1,1,-0.08,0,1,1,8.007,8.003,0.08754,0.01102,PASS,PASS,PASS
1627,pack 8.4 V,100,3,8.4,8.1,2,-0.08,0,2,2,3.106,3.012,3.54,0.02212,PASS,PASS,PASS
1628,pack 8.4 V,100,5,8.4,8.1,2,-0.08,0,2,2,5.032,5.006,0.6344,0.01845,PASS,PASS,PASS
1629,pack 8.4 V,100,8,8.4,8.1,2,-0.08,0,2,2,8.009,8.005,0.1066,0.01538,PASS,PASS,PASS
1630,pack 8.4 V,100,3,8.4,8.1,5,-0.08,0,5,5,3.023,3.014,0.7567,0.01726,PASS,PASS,PASS
1631,pack 8.4 V,100,5,8.4,8.1,5,-0.08,0,5,5,5.007,5.009,0.1899,0.01341,PASS,PASS,PASS
1632,pack 8.4 V,100,8,8.4,8.1,5,-0.08,0,5,5,7.999,8.005,0.06651,0.01126,PASS,PASS,PASS
1633,pack 8.4 V,100,3,8.4,8.1,0.5,-0.06,0,0.5,0.5,3.065,3.013,2.167,0.01584,PASS,PASS,PASS
1634,pack 8.4 V,100,5,8.4,8.1,0.5,-0.06,0,0.5,0.5,5.02,5.01,0.397,0.0125,PASS,PASS,PASS
1635,pack 8.4 V,100,8,8.4,8.1,0.5,-0.06,0,0.5,0.5,8.008,8.007,0.1009,0.01036,PASS,PASS,PASS
1636,pack 8.4 V,100,3,8.4,8.1,1,-0.06,0,1,1,3.029,3.012,0.9569,0.01301,PASS,PASS,PASS
1637,pack 8.4 V,100,5,8.4,8.1,1,-0.06,0,1,1,5.009,5.008,0.1868,0.01024,PASS,PASS,PASS
1638,pack 8.4 V,100,8,8.4,8.1,1,-0.06,0,1,1,8.009,8.006,0.116,0.008173,PASS,PASS,PASS
1639,pack 8.4 V,100,3,8.4,8.1,2,-0.06,0,2,2,3.089,3.011,2.981,0.01624,PASS,PASS,PASS
1640,pack 8.4 V,100,5,8.4,8.1,2,-0.06,0,2,2,5.028,5.005,0.5588,0.01405,PASS,PASS,PASS
1641,pack 8.4 V,100,8,8.4,8.1,2,-0.06,0,2,2,8.012,8.007,0.1481,0.0112,PASS,PASS,PASS
1642,pack 8.4 V,100,3,8.4,8.1,5,-0.06,0,5,5,3.023,3.014,0.7688,0.01303,PASS,PASS,PASS
1643,pack 8.4 V,100,5,8.4,8.1,5,-0.06,0,5,5,5.009,5.008,0.1779,0.01015,PASS,PASS,PASS
1644,pack 8.4 V,100,8,8.4,8.1,5,-0.06,0,5,5,7.998,8.003,0.04348,0.008261,PASS,PASS,PASS
1645,pack 8.4 V,100,3,8.4,8.1,0.5,-0.04,0,0.5,0.5,3.055,3.013,1.829,0.01044,PASS,PASS,PASS
1646,pack 8.4 V,100,5,8.4,8.1,0.5,-0.04,0,0.5,0.5,5.019,5.01,0.3876,0.008129,PASS,PASS,PASS
1647,pack 8.4 V,100,8,8.4,8.1,0.5,-0.04,0,0.5,0.5,8.007,8.011,0.1419,0.006658,PASS,PASS,PASS
1648,pack 8.4 V,100,3,8.4,8.1,1,-0.04,0,1,1,3.029,3.012,0.9824,0.009308,PASS,PASS,PASS
1649,pack 8.4 V,100,5,8.4,8.1,1,-0.04,0,1,1,5.012,5.008,0.2325,0.006732,PASS,PASS,PASS
1650,pack 8.4 V,100,8,8.4,8.1,1,-0.04,0,1,1,8.004,8.008,0.09931,0.005355,PASS,PASS,PASS
1651,pack 8.4 V,100,3,8.4,8.1,2,-0.04,0,2,2,3.07,3.009,2.342,0.01134,PASS,PASS,PASS
1652,pack 8.4 V,100,5,8.4,8.1,2,-0.04,0,2,2,5.024,5.006,0.4808,0.009193,PASS,PASS,PASS
1653,pack 8.4 V,100,8,8.4,8.1,2,-0.04,0,2,2,8.008,8.008,0.1015,0.007571,PASS,PASS,PASS
1654,pack 8.4 V,100,3,8.4,8.1,5,-0.04,0,5,5,3.026,3.017,0.8583,0.009425,PASS,PASS,PASS
1655,pack 8.4 V,100,5,8.4,8.1,5,-0.04,0,5,5,5.001,5.007,0.1388,0.006545,PASS,PASS,PASS
1656,pack 8.4 V,100,8,8.4,8.1,5,-0.04,0,5,5,7.997,8.004,0.05302,0.005483,PASS,PASS,PASS
1657,pack 8.4 V,100,3,8.4,8.1,0.5,-0.02,0,0.5,0.5,3.044,3.012,1.48,0.006313,PASS,PASS,PASS
1658,pack 8.4 V,100,5,8.4,8.1,0.5,-0.02,0,0.5,0.5,5.016,5.01,0.3175,0.004737,PASS,PASS,PASS
1659,pack 8.4 V,100,8,8.4,8.1,0.5,-0.02,0,0.5,0.5,8.01,8.008,0.1233,0.004737,PASS,PASS,PASS
1660,pack 8.4 V,100,3,8.4,8.1,1,-0.02,0,1,1,3.024,3.015,0.8124,0.005429,PASS,PASS,PASS
1661,pack 8.4 V,100,5,8.4,8.1,1,-0.02,0,1,1,5.011,5.008,0.2248,0.003507,PASS,PASS,PASS
1662,pack 8.4 V,100,8,8.4,8.1,1,-0.02,0,1,1,8.005,8.003,0.05772,0.00335,PASS,PASS,PASS
1663,pack 8.4 V,100,3,8.4,8.1,2,-0.02,0,2,2,3.048,3.007,1.584,0.007297,PASS,PASS,PASS
1664,pack 8.4 V,100,5,8.4,8.1,2,-0.02,0,2,2,5.02,5.009,0.4071,0.004791,PASS,PASS,PASS
1665,pack 8.4 V,100,8,8.4,8.1,2,-0.02,0,2,2,8.008,8.006,0.09719,0.003765,PASS,PASS,PASS
1666,pack 8.4 V,100,3,8.4,8.1,5,-0.02,0,5,5,3.025,3.02,0.8269,0.005447,PASS,PASS,PASS
1667,pack 8.4 V,100,5,8.4,8.1,5,-0.02,0,5,5,5.005,5.012,0.2468,0.003578,PASS,PASS,PASS
1668,pack 8.4 V,100,8,8.4,8.1,5,-0.02,0,5,5,7.996,8.005,0.06562,0.002754,PASS,PASS,PASS
1669,pack 8.4 V,100,3,8.4,8.1,0.5,0,0,0.5,0.5,3.025,3.015,0.847,0.004737,PASS,PASS,PASS
1670,pack 8.4 V,100,5,8.4,8.1,0.5,0,0,0.5,0.5,5.015,5.009,0.2944,0.004737,PASS,PASS,PASS
1671,pack 8.4 V,100,8,8.4,8.1,0.5,0,0,0.5,0.5,8.006,8.006,0.07945,0.004737,PASS,PASS,PASS
1672,pack 8.4 V,100,3,8.4,8.1,1,0,0,1,1,3.029,3.013,0.9688,0.00461,PASS,PASS,PASS
1673,pack 8.4 V,100,5,8.4,8.1,1,0,0,1,1,5.01,5.007,0.1938,0.00335,PASS,PASS,PASS
1674,pack 8.4 V,100,8,8.4,8.1,1,0,0,1,1,8.006,8.004,0.08073,0.00335,PASS,PASS,PASS
1675,pack 8.4 V,100,3,8.4,8.1,2,0,0,2,2,3.026,3.004,0.8797,0.005694,PASS,PASS,PASS
1676,pack 8.4 V,100,5,8.4,8.1,2,0,0,2,2,5.016,5.007,0.3104,0.002872,PASS,PASS,PASS
1677,pack 8.4 V,100,8,8.4,8.1,2,0,0,2,2,8.01,8.003,0.1219,0.002369,PASS,PASS,PASS
1678,pack 8.4 V,100,3,8.4,8.1,5,0,0,5,5,3.021,3.015,0.7077,0.00528,PASS,PASS,PASS
1679,pack 8.4 V,100,5,8.4,8.1,5,0,0,5,5,5.004,5.009,0.1784,0.002279,PASS,PASS,PASS
1680,pack 8.4 V,100,8,8.4,8.1,5,0,0,5,5,7.997,8.005,0.06612,0.001498,PASS,PASS,PASS
1681,pack 8.4 V,100,3,8.4,8.1,0.5,0.02,0,0.5,0.5,3.012,3.017,0.5757,0.008243,PASS,PASS,PASS
1682,pack 8.4 V,100,5,8.4,8.1,0.5,0.02,0,0.5,0.5,5.009,5.01,0.1925,0.005352,PASS,PASS,PASS
1683,pack 8.4 V,100,8,8.4,8.1,0.5,0.02,0,0.5,0.5,8.006,8.007,0.0817,0.004737,PASS,PASS,PASS
1684,pack 8.4 V,100,3,8.4,8.1,1,0.02,0,1,1,3.021,3.013,0.6998,0.007083,PASS,PASS,PASS
1685,pack 8.4 V,100,5,8.4,8.1,1,0.02,0,1,1,5.014,5.008,0.2813,0.004494,PASS,PASS,PASS
1686,pack 8.4 V,100,8,8.4,8.1,1,0.02,0,1,1,8.006,8.004,0.07462,0.00335,PASS,PASS,PASS
1687,pack 8.4 V,100,3,8.4,8.1,2,0.02,0,2,2,3.004,3.009,0.2968,0.008753,PASS,PASS,PASS
1688,pack 8.4 V,100,5,8.4,8.1,2,0.02,0,2,2,5.007,5.007,0.143,0.005694,PASS,PASS,PASS
1689,pack 8.4 V,100,8,8.4,8.1,2,0.02,0,2,2,8.004,8.006,0.07424,0.004566,PASS,PASS,PASS
1690,pack 8.4 V,100,3,8.4,8.1,5,0.02,0,5,5,3.021,3.016,0.7056,0.007528,PASS,PASS,PASS
1691,pack 8.4 V,100,5,8.4,8.1,5,0.02,0,5,5,5.003,5.01,0.2065,0.004593,PASS,PASS,PASS
1692,pack 8.4 V,100,8,8.4,8.1,5,0.02,0,5,5,7.997,8.004,0.04659,0.003231,PASS,PASS,PASS
1693,pack 8.4 V,100,3,8.4,8.1,0.5,0.04,0,0.5,0.5,2.995,3.016,0.5376,0.01215,PASS,PASS,PASS
1694,pack 8.4 V,100,5,8.4,8.1,0.5,0.04,0,0.5,0.5,5.002,5.013,0.2537,0.009154,PASS,PASS,PASS
1695,pack 8.4 V,100,8,8.4,8.1,0.5,0.04,0,0.5,0.5,8.004,8.009,0.116,0.007631,PASS,PASS,PASS
1696,pack 8.4 V,100,3,8.4,8.1,1,0.04,0,1,1,3.021,3.011,0.6859,0.01038,PASS,PASS,PASS
1697,pack 8.4 V,100,5,8.4,8.1,1,0.04,0,1,1,5.011,5.007,0.2209,0.007424,PASS,PASS,PASS
1698,pack 8.4 V,100,8,8.4,8.1,1,0.04,0,1,1,8.006,8.008,0.1023,0.005856,PASS,PASS,PASS
1699,pack 8.4 V,100,3,8.4,8.1,2,0.04,0,2,2,2.985,3.009,-0.4939,0.01333,PASS,PASS,PASS
1700,pack 8.4 V,100,5,8.4,8.1,2,0.04,0,2,2,4.995,5.008,0.167,0.009743,PASS,PASS,PASS
1701,pack 8.4 V,100,8,8.4,8.1,2,0.04,0,2,2,8.002,8.005,0.06448,0.007846,PASS,PASS,PASS
1702,pack 8.4 V,100,3,8.4,8.1,5,0.04,0,5,5,3.017,3.021,0.7092,0.0103,PASS,PASS,PASS
1703,pack 8.4 V,100,5,8.4,8.1,5,0.04,0,5,5,5.006,5.01,0.1901,0.007404,PASS,PASS,PASS
1704,pack 8.4 V,100,8,8.4,8.1,5,0.04,0,5,5,7.998,8.001,-0.02092,0.005916,PASS,PASS,PASS
1705,pack 8.4 V,100,3,8.4,8.1,0.5,0.06,0,0.5,0.5,2.974,3.013,-0.8523,0.01716,PASS,PASS,PASS
1706,pack 8.4 V,100,5,8.4,8.1,0.5,0.06,0,0.5,0.5,4.993,5.012,0.2363,0.01276,PASS,PASS,PASS
1707,pack 8.4 V,100,8,8.4,8.1,0.5,0.06,0,0.5,0.5,8.003,8.01,0.1218,0.01059,PASS,PASS,PASS
1708,pack 8.4 V,100,3,8.4,8.1,1,0.06,0,1,1,3.015,3.014,0.4989,0.01383,PASS,PASS,PASS
1709,pack 8.4 V,100,5,8.4,8.1,1,0.06,0,1,1,5.01,5.008,0.2091,0.01007,PASS,PASS,PASS
1710,pack 8.4 V,100,8,8.4,8.1,1,0.06,0,1,1,8.006,8.005,0.07394,0.008523,PASS,PASS,PASS
1711,pack 8.4 V,100,3,8.4,8.1,2,0.06,0,2,2,2.962,3.007,-1.25,0.01827,PASS,PASS,PASS
1712,pack 8.4 V,100,5,8.4,8.1,2,0.06,0,2,2,4.981,5.006,-0.3794,0.01413,PASS,PASS,PASS
1713,pack 8.4 V,100,8,8.4,8.1,2,0.06,0,2,2,7.999,8.004,0.05125,0.01157,PASS,PASS,PASS
1714,pack 8.4 V,100,3,8.4,8.1,5,0.06,0,5,5,3.009,3.021,0.6996,0.01391,PASS,PASS,PASS
1715,pack 8.4 V,100,5,8.4,8.1,5,0.06,0,5,5,5.007,5.012,0.2338,0.01031,PASS,PASS,PASS
1716,pack 8.4 V,100,8,8.4,8.1,5,0.06,0,5,5,7.996,8.003,-0.05003,0.00842,PASS,PASS,PASS
1717,pack 8.4 V,100,3,8.4,8.1,0.5,0.08,0,0.5,0.5,2.956,3.016,-1.461,0.02067,PASS,PASS,PASS
1718,pack 8.4 V,100,5,8.4,8.1,0.5,0.08,0,0.5,0.5,4.983,5.01,-0.3462,0.0164,PASS,PASS,PASS
1719,pack 8.4 V,100,8,8.4,8.1,0.5,0.08,0,0.5,0.5,8.001,8.011,0.1342,0.01352,PASS,PASS,PASS
1720,pack 8.4 V,100,3,8.4,8.1,1,0.08,0,1,1,3.004,3.016,0.5199,0.01722,PASS,PASS,PASS
1721,pack 8.4 V,100,5,8.4,8.1,1,0.08,0,1,1,5.012,5.009,0.2323,0.01329,PASS,PASS,PASS
1722,pack 8.4 V,100,8,8.4,8.1,1,0.08,0,1,1,8.006,8.008,0.09994,0.0109,PASS,PASS,PASS
1723,pack 8.4 V,100,3,8.4,8.1,2,0.08,0,2,2,2.936,3.009,-2.129,0.023,PASS,PASS,PASS
1724,pack 8.4 V,100,5,8.4,8.1,2,0.08,0,2,2,4.963,5.006,-0.7396,0.01805,PASS,PASS,PASS
1725,pack 8.4 V,100,8,8.4,8.1,2,0.08,0,2,2,7.997,8.004,0.04379,0.01483,PASS,PASS,PASS
1726,pack 8.4 V,100,3,8.4,8.1,5,0.08,0,5,5,3.005,3.011,0.367,0.01648,PASS,PASS,PASS
1727,pack 8.4 V,100,5,8.4,8.1,5,0.08,0,5,5,5.001,5.008,0.1541,0.01313,PASS,PASS,PASS
1728,pack 8.4 V,100,8,8.4,8.1,5,0.08,0,5,5,7.997,8.001,-0.0345,0.0107,PASS,PASS,PASS
1729,pack 8.4 V,100,3,8.4,8.1,0.5,0.1,0,0.5,0.5,2.937,3.015,-2.103,0.02505,PASS,PASS,PASS
1730,pack 8.4 V,100,5,8.4,8.1,0.5,0.1,0,0.5,0.5,4.973,5.011,-0.5415,0.02,PASS,PASS,PASS
1731,pack 8.4 V,100,8,8.4,8.1,0.5,0.1,0,0.5,0.5,7.998,8.008,0.0958,0.01677,PASS,PASS,PASS
1732,pack 8.4 V,100,3,8.4,8.1,1,0.1,0,1,1,3,3.015,0.5009,0.01998,PASS,PASS,PASS
1733,pack 8.4 V,100,5,8.4,8.1,1,0.1,0,1,1,5.009,5.009,0.186,0.016,PASS,PASS,PASS
1734,pack 8.4 V,100,8,8.4,8.1,1,0.1,0,1,1,8.008,8.007,0.1017,0.01334,PASS,PASS,PASS
1735,pack 8.4 V,100,3,8.4,8.1,2,0.1,0,2,2,2.916,3.011,-2.811,0.02754,PASS,PASS,PASS
1736,pack 8.4 V,100,5,8.4,8.1,2,0.1,0,2,2,4.943,5.009,-1.136,0.02183,PASS,PASS,PASS
1737,pack 8.4 V,100,8,8.4,8.1,2,0.1,0,2,2,7.991,8.004,-0.1071,0.01804,PASS,PASS,PASS
1738,pack 8.4 V,100,3,8.4,8.1,5,0.1,0,5,5,3,3.016,0.543,0.01981,PASS,PASS,PASS
1739,pack 8.4 V,100,5,8.4,8.1,5,0.1,0,5,5,5.005,5.006,0.1196,0.01584,PASS,PASS,PASS
1740,pack 8.4 V,100,8,8.4,8.1,5,0.1,0,5,5,7.997,8.004,0.05034,0.01296,PASS,PASS,PASS
1741,pack 8.4 V,100,3,8.4,8.1,0.5,0.12,0,0.5,0.5,2.918,3.018,-2.746,0.02962,PASS,PASS,PASS
1742,pack 8.4 V,100,5,8.4,8.1,0.5,0.12,0,0.5,0.5,4.956,5.01,-0.8791,0.02311,PASS,PASS,PASS
1743,pack 8.4 V,100,8,8.4,8.1,0.5,0.12,0,0.5,0.5,7.998,8.007,0.08593,0.01942,PASS,PASS,PASS
1744,pack 8.4 V,100,3,8.4,8.1,1,0.12,0,1,1,2.99,3.013,0.4335,0.02335,PASS,PASS,PASS
1745,pack 8.4 V,100,5,8.4,8.1,1,0.12,0,1,1,5.007,5.006,0.1375,0.01872,PASS,PASS,PASS
1746,pack 8.4 V,100,8,8.4,8.1,1,0.12,0,1,1,8.006,8.003,0.07994,0.01547,PASS,PASS,PASS
1747,pack 8.4 V,100,3,8.4,8.1,2,0.12,0,2,2,2.893,3.011,-3.567,0.03163,PASS,PASS,PASS
1748,pack 8.4 V,100,5,8.4,8.1,2,0.12,0,2,2,4.926,5.005,-1.488,0.02529,PASS,PASS,PASS
1749,pack 8.4 V,100,8,8.4,8.1,2,0.12,0,2,2,7.979,8.007,-0.2654,0.02098,PASS,PASS,PASS
1750,pack 8.4 V,100,3,8.4,8.1,5,0.12,0,5,5,2.99,3.022,0.7232,0.02299,PASS,PASS,PASS
1751,pack 8.4 V,100,5,8.4,8.1,5,0.12,0,5,5,5,5.008,0.1662,0.01882,PASS,PASS,PASS
1752,pack 8.4 V,100,8,8.4,8.1,5,0.12,0,5,5,7.996,8.003,-0.04717,0.01529,PASS,PASS,PASS
1753,pack 8.4 V,100,3,8.4,8.1,0.5,0.14,0,0.5,0.5,2.897,3.017,-3.445,0.03259,PASS,PASS,PASS
1754,pack 8.4 V,100,5,8.4,8.1,0.5,0.14,0,0.5,0.5,4.937,5.013,-1.253,0.02698,PASS,PASS,PASS
1755,pack 8.4 V,100,8,8.4,8.1,0.5,0.14,0,0.5,0.5,7.989,8.011,0.1432,0.0222,PASS,PASS,PASS
1756,pack 8.4 V,100,3,8.4,8.1,1,0.14,0,1,1,2.976,3.011,-0.8055,0.02592,PASS,PASS,PASS
1757,pack 8.4 V,100,5,8.4,8.1,1,0.14,0,1,1,5.005,5.006,0.126,0.02131,PASS,PASS,PASS
1758,pack 8.4 V,100,8,8.4,8.1,1,0.14,0,1,1,8.007,8.003,0.08656,0.01767,PASS,PASS,PASS
1759,pack 8.4 V,100,3,8.4,8.1,2,0.14,0,2,2,2.865,3.006,-4.485,0.03616,PASS,PASS,PASS
1760,pack 8.4 V,100,5,8.4,8.1,2,0.14,0,2,2,4.901,5.004,-1.972,0.02895,PASS,PASS,PASS
1761,pack 8.4 V,100,8,8.4,8.1,2,0.14,0,2,2,7.97,8.004,-0.3785,0.02418,PASS,PASS,PASS
1762,pack 8.4 V,100,3,8.4,8.1,5,0.14,0,5,5,2.978,3.016,-0.7405,0.02628,PASS,PASS,PASS
1763,pack 8.4 V,100,5,8.4,8.1,5,0.14,0,5,5,5.001,5.005,0.1042,0.02103,PASS,PASS,PASS
1764,pack 8.4 V,100,8,8.4,8.1,5,0.14,0,5,5,7.995,8.003,-0.0657,0.01774,PASS,PASS,PASS
1765,pack 8.4 V,100,3,8.4,8.1,0.5,0.16,0,0.5,0.5,2.879,3.016,-4.05,0.03654,PASS,PASS,PASS
1766,pack 8.4 V,100,5,8.4,8.1,0.5,0.16,0,0.5,0.5,4.921,5.01,-1.572,0.03,PASS,PASS,PASS
1767,pack 8.4 V,100,8,8.4,8.1,0.5,0.16,0,0.5,0.5,7.98,8.012,-0.2439,0.02493,PASS,PASS,PASS
1768,pack 8.4 V,100,3,8.4,8.1,1,0.16,0,1,1,2.964,3.013,-1.21,0.02935,PASS,PASS,PASS
1769,pack 8.4 V,100,5,8.4,8.1,1,0.16,0,1,1,5.002,5.008,0.1671,0.02364,PASS,PASS,PASS
1770,pack 8.4 V,100,8,8.4,8.1,1,0.16,0,1,1,8.006,8.004,0.0757,0.01966,PASS,PASS,PASS
1771,pack 8.4 V,100,3,8.4,8.1,2,0.16,0,2,2,2.85,3.009,-4.996,0.04033,PASS,PASS,PASS
1772,pack 8.4 V,100,5,8.4,8.1,2,0.16,0,2,2,4.878,5.006,-2.432,0.03246,PASS,PASS,PASS
1773,pack 8.4 V,100,8,8.4,8.1,2,0.16,0,2,2,7.955,8.004,-0.5673,0.02683,PASS,PASS,PASS
1774,pack 8.4 V,100,3,8.4,8.1,5,0.16,0,5,5,2.966,3.017,-1.121,0.02953,PASS,PASS,PASS
1775,pack 8.4 V,100,5,8.4,8.1,5,0.16,0,5,5,4.998,5.007,0.1499,0.02373,PASS,PASS,PASS
1776,pack 8.4 V,100,8,8.4,8.1,5,0.16,0,5,5,7.995,8.007,0.08476,0.0198,PASS,PASS,PASS
1777,pack 8.4 V,100,3,8.4,8.1,0.5,0.18,0,0.5,0.5,2.859,3.012,-4.689,0.04043,PASS,PASS,PASS
1778,pack 8.4 V,100,5,8.4,8.1,0.5,0.18,0,0.5,0.5,4.899,5.01,-2.028,0.03281,PASS,PASS,PASS
1779,pack 8.4 V,100,8,8.4,8.1,0.5,0.18,0,0.5,0.5,7.972,8.006,-0.3506,0.0272,PASS,PASS,PASS
1780,pack 8.4 V,100,3,8.4,8.1,1,0.18,0,1,1,2.951,3.013,-1.621,0.0321,PASS,PASS,PASS
1781,pack 8.4 V,100,5,8.4,8.1,1,0.18,0,1,1,4.998,5.007,0.1488,0.02633,PASS,PASS,PASS
1782,pack 8.4 V,100,8,8.4,8.1,1,0.18,0,1,1,8.004,8.005,0.05986,0.0215,PASS,PASS,PASS
1783,pack 8.4 V,100,3,8.4,8.1,2,0.18,0,2,2,2.825,3.003,-5.825,0.04334,PASS,PASS,PASS
1784,pack 8.4 V,100,5,8.4,8.1,2,0.18,0,2,2,4.855,5.005,-2.892,0.03549,PASS,PASS,PASS
1785,pack 8.4 V,100,8,8.4,8.1,2,0.18,0,2,2,7.933,8.004,-0.835,0.02965,PASS,PASS,PASS
1786,pack 8.4 V,100,3,8.4,8.1,5,0.18,0,5,5,2.961,3.023,-1.286,0.03209,PASS,PASS,PASS
1787,pack 8.4 V,100,5,8.4,8.1,5,0.18,0,5,5,4.995,5.005,0.1022,0.02636,PASS,PASS,PASS
1788,pack 8.4 V,100,8,8.4,8.1,5,0.18,0,5,5,7.996,8.005,0.05688,0.02165,PASS,PASS,PASS
1789,pack 8.4 V,100,3,8.4,8.1,0.5,0.2,0,0.5,0.5,2.838,3.018,-5.398,0.04418,PASS,PASS,PASS
1790,pack 8.4 V,100,5,8.4,8.1,0.5,0.2,0,0.5,0.5,4.878,5.01,-2.448,0.03606,PASS,PASS,PASS
1791,pack 8.4 V,100,8,8.4,8.1,0.5,0.2,0,0.5,0.5,7.961,8.007,-0.4922,0.02966,PASS,PASS,PASS
1792,pack 8.4 V,100,3,8.4,8.1,1,0.2,0,1,1,2.939,3.015,-2.032,0.03482,PASS,PASS,PASS
1793,pack 8.4 V,100,5,8.4,8.1,1,0.2,0,1,1,4.993,5.008,0.1679,0.02833,PASS,PASS,PASS
1794,pack 8.4 V,100,8,8.4,8.1,1,0.2,0,1,1,8.006,8.004,0.07198,0.02354,PASS,PASS,PASS
1795,pack 8.4 V,100,3,8.4,8.1,2,0.2,0,2,2,2.807,3.01,-6.433,0.04733,PASS,PASS,PASS
1796,pack 8.4 V,100,5,8.4,8.1,2,0.2,0,2,2,4.831,5.009,-3.377,0.03818,PASS,PASS,PASS
1797,pack 8.4 V,100,8,8.4,8.1,2,0.2,0,2,2,7.915,8.005,-1.06,0.03203,PASS,PASS,PASS
1798,pack 8.4 V,100,3,8.4,8.1,5,0.2,0,5,5,2.946,3.021,-1.789,0.03485,PASS,PASS,PASS
1799,pack 8.4 V,100,5,8.4,8.1,5,0.2,0,5,5,4.991,5.01,0.2073,0.02854,PASS,PASS,PASS
1800,pack 8.4 V,100,8,8.4,8.1,5,0.2,0,5,5,7.998,8.006,0.07323,0.02347,PASS,PASS,PASS
1801,pack 8.4 V,100,3,8.4,8.1,0.5,0.22,0,0.5,0.5,2.817,3.013,-6.084,0.04779,PASS,PASS,PASS
1802,pack 8.4 V,100,5,8.4,8.1,0.5,0.22,0,0.5,0.5,4.854,5.01,-2.914,0.03853,PASS,PASS,PASS
1803,pack 8.4 V,100,8,8.4,8.1,0.5,0.22,0,0.5,0.5,7.945,8.008,-0.6854,0.03196,PASS,PASS,PASS
1804,pack 8.4 V,100,3,8.4,8.1,1,0.22,0,1,1,2.925,3.015,-2.512,0.03857,PASS,PASS,PASS
1805,pack 8.4 V,100,5,8.4,8.1,1,0.22,0,1,1,4.985,5.007,-0.2936,0.03034,PASS,PASS,PASS
1806,pack 8.4 V,100,8,8.4,8.1,1,0.22,0,1,1,8.004,8.006,0.07422,0.02559,PASS,PASS,PASS
1807,pack 8.4 V,100,3,8.4,8.1,2,0.22,0,2,2,2.782,3.003,-7.251,0.05144,PASS,PASS,FAIL
1808,pack 8.4 V,100,5,8.4,8.1,2,0.22,0,2,2,4.805,5.006,-3.904,0.04182,PASS,PASS,PASS
1809,pack 8.4 V,100,8,8.4,8.1,2,0.22,0,2,2,7.892,8.003,-1.351,0.03459,PASS,PASS,PASS
1810,pack 8.4 V,100,3,8.4,8.1,5,0.22,0,5,5,2.932,3.018,-2.251,0.03808,PASS,PASS,PASS
1811,pack 8.4 V,100,5,8.4,8.1,5,0.22,0,5,5,4.984,5.011,-0.3263,0.03093,PASS,PASS,PASS
1812,pack 8.4 V,100,8,8.4,8.1,5,0.22,0,5,5,7.997,8.003,0.03678,0.02565,PASS,PASS,PASS
1813,pack 8.4 V,100,3,8.4,8.1,0.5,0.24,0,0.5,0.5,2.796,3.016,-6.786,0.05082,PASS,PASS,FAIL
1814,pack 8.4 V,100,5,8.4,8.1,0.5,0.24,0,0.5,0.5,4.837,5.011,-3.261,0.04143,PASS,PASS,PASS
1815,pack 8.4 V,100,8,8.4,8.1,0.5,0.24,0,0.5,0.5,7.929,8.008,-0.8916,0.03424,PASS,PASS,PASS
1816,pack 8.4 V,100,3,8.4,8.1,1,0.24,0,1,1,2.911,3.013,-2.956,0.04091,PASS,PASS,PASS
1817,pack 8.4 V,100,5,8.4,8.1,1,0.24,0,1,1,4.979,5.009,-0.4281,0.03271,PASS,PASS,PASS
1818,pack 8.4 V,100,8,8.4,8.1,1,0.24,0,1,1,8.006,8.003,0.0806,0.02716,PASS,PASS,PASS
1819,pack 8.4 V,100,3,8.4,8.1,2,0.24,0,2,2,2.765,3.007,-7.82,0.05554,PASS,PASS,FAIL
1820,pack 8.4 V,100,5,8.4,8.1,2,0.24,0,2,2,4.779,5.005,-4.412,0.0443,PASS,PASS,PASS
1821,pack 8.4 V,100,8,8.4,8.1,2,0.24,0,2,2,7.867,8.007,-1.665,0.03727,PASS,PASS,PASS
1822,pack 8.4 V,100,3,8.4,8.1,5,0.24,0,5,5,2.921,3.013,-2.627,0.04068,PASS,PASS,PASS
1823,pack 8.4 V,100,5,8.4,8.1,5,0.24,0,5,5,4.975,5.01,-0.5061,0.03303,PASS,PASS,PASS
1824,pack 8.4 V,100,8,8.4,8.1,5,0.24,0,5,5,7.994,8.003,-0.07586,0.02734,PASS,PASS,PASS
1825,pack 8.4 V,100,3,8.4,8.1,0.5,0.26,0,0.5,0.5,2.779,3.012,-7.355,0.05434,PASS,PASS,FAIL
1826,pack 8.4 V,100,5,8.4,8.1,0.5,0.26,0,0.5,0.5,4.813,5.01,-3.745,0.04405,PASS,PASS,PASS
1827,pack 8.4 V,100,8,8.4,8.1,0.5,0.26,0,0.5,0.5,7.908,8.009,-1.153,0.0366,PASS,PASS,PASS
1828,pack 8.4 V,100,3,8.4,8.1,1,0.26,0,1,1,2.899,3.013,-3.379,0.04369,PASS,PASS,PASS
1829,pack 8.4 V,100,5,8.4,8.1,1,0.26,0,1,1,4.965,5.009,-0.6916,0.03499,PASS,PASS,PASS
1830,pack 8.4 V,100,8,8.4,8.1,1,0.26,0,1,1,8.008,8.005,0.1019,0.029,PASS,PASS,PASS
1831,pack 8.4 V,100,3,8.4,8.1,2,0.26,0,2,2,2.747,3.006,-8.417,0.05841,PASS,PASS,FAIL
1832,pack 8.4 V,100,5,8.4,8.1,2,0.26,0,2,2,4.755,5.006,-4.909,0.04749,PASS,PASS,PASS
1833,pack 8.4 V,100,8,8.4,8.1,2,0.26,0,2,2,7.844,8.005,-1.955,0.03933,PASS,PASS,PASS
1834,pack 8.4 V,100,3,8.4,8.1,5,0.26,0,5,5,2.907,3.021,-3.103,0.0436,PASS,PASS,PASS
1835,pack 8.4 V,100,5,8.4,8.1,5,0.26,0,5,5,4.969,5.008,-0.6187,0.03529,PASS,PASS,PASS
1836,pack 8.4 V,100,8,8.4,8.1,5,0.26,0,5,5,7.996,8.003,-0.05364,0.02927,PASS,PASS,PASS
1837,pack 8.4 V,100,3,8.4,8.1,0.5,0.28,0,0.5,0.5,2.758,3.015,-8.051,0.05698,PASS,PASS,FAIL
1838,pack 8.4 V,100,5,8.4,8.1,0.5,0.28,0,0.5,0.5,4.792,5.011,-4.155,0.04632,PASS,PASS,PASS
1839,pack 8.4 V,100,8,8.4,8.1,0.5,0.28,0,0.5,0.5,7.888,8.008,-1.397,0.0387,PASS,PASS,PASS
1840,pack 8.4 V,100,3,8.4,8.1,1,0.28,0,1,1,2.884,3.015,-3.86,0.04594,PASS,PASS,PASS
1841,pack 8.4 V,100,5,8.4,8.1,1,0.28,0,1,1,4.955,5.008,-0.8932,0.03708,PASS,PASS,PASS
1842,pack 8.4 V,100,8,8.4,8.1,1,0.28,0,1,1,8.003,8.003,0.04348,0.03047,PASS,PASS,PASS
1843,pack 8.4 V,100,3,8.4,8.1,2,0.28,0,2,2,2.726,3.006,-9.124,0.06207,PASS,PASS,FAIL
1844,pack 8.4 V,100,5,8.4,8.1,2,0.28,0,2,2,4.728,5.006,-5.447,0.04991,PASS,PASS,PASS
1845,pack 8.4 V,100,8,8.4,8.1,2,0.28,0,2,2,7.818,8.004,-2.281,0.0415,PASS,PASS,PASS
1846,pack 8.4 V,100,3,8.4,8.1,5,0.28,0,5,5,2.894,3.02,-3.543,0.04634,PASS,PASS,PASS
1847,pack 8.4 V,100,5,8.4,8.1,5,0.28,0,5,5,4.956,5.007,-0.8711,0.03738,PASS,PASS,PASS
1848,pack 8.4 V,100,8,8.4,8.1,5,0.28,0,5,5,7.995,8.004,-0.06545,0.03067,PASS,PASS,PASS
1849,pack 8.4 V,100,3,8.4,8.1,0.5,0.3,0,0.5,0.5,2.74,3.015,-8.66,0.06007,PASS,PASS,FAIL
1850,pack 8.4 V,100,5,8.4,8.1,0.5,0.3,0,0.5,0.5,4.766,5.014,-4.672,0.04884,PASS,PASS,PASS
1851,pack 8.4 V,100,8,8.4,8.1,0.5,0.3,0,0.5,0.5,7.866,8.009,-1.678,0.04055,PASS,PASS,PASS
1852,pack 8.4 V,100,3,8.4,8.1,1,0.3,0,1,1,2.871,3.016,-4.297,0.04791,PASS,PASS,PASS
1853,pack 8.4 V,100,5,8.4,8.1,1,0.3,0,1,1,4.943,5.008,-1.137,0.03904,PASS,PASS,PASS
1854,pack 8.4 V,100,8,8.4,8.1,1,0.3,0,1,1,8.003,8.006,0.07912,0.03218,PASS,PASS,PASS
1855,pack 8.4 V,100,3,8.4,8.1,2,0.3,0,2,2,2.708,3.003,-9.745,0.06501,PASS,PASS,FAIL
1856,pack 8.4 V,100,5,8.4,8.1,2,0.3,0,2,2,4.707,5.006,-5.869,0.05277,PASS,PASS,FAIL
1857,pack 8.4 V,100,8,8.4,8.1,2,0.3,0,2,2,7.791,8.004,-2.611,0.04386,PASS,PASS,PASS
1858,pack 8.4 V,100,3,8.4,8.1,5,0.3,0,5,5,2.882,3.019,-3.918,0.04803,PASS,PASS,PASS
1859,pack 8.4 V,100,5,8.4,8.1,5,0.3,0,5,5,4.947,5.01,-1.054,0.03933,PASS,PASS,PASS
1860,pack 8.4 V,100,8,8.4,8.1,5,0.3,0,5,5,7.994,8.002,-0.07521,0.0325,PASS,PASS,PASS
1861,slope 65 dB/V,65,3,7.4,7.1,0.5,-0.3,0,0.5,0.5,3.593,3.013,19.78,0.06225,FAIL,FAIL,FAIL
1862,slope 65 dB/V,65,5,7.4,7.1,0.5,-0.3,0,0.5,0.5,5.08,5.01,1.601,0.05083,PASS,PASS,FAIL
1863,slope 65 dB/V,65,8,7.4,7.1,0.5,-0.3,0,0.5,0.5,8.021,8.007,0.2594,0.04212,PASS,PASS,PASS
1864,slope 65 dB/V,65,3,7.4,7.1,1,-0.3,0,1,1,3.08,3.011,2.68,0.04985,PASS,PASS,PASS
1865,slope 65 dB/V,65,5,7.4,7.1,1,-0.3,0,1,1,5.024,5.008,0.4805,0.04021,PASS,PASS,PASS
1866,slope 65 dB/V,65,8,7.4,7.1,1,-0.3,0,1,1,8.007,8.004,0.08304,0.03305,PASS,PASS,PASS
1867,slope 65 dB/V,65,3,7.4,7.1,2,-0.3,0,2,2,3.613,3.012,20.44,0.0683,FAIL,FAIL,FAIL
1868,slope 65 dB/V,65,5,7.4,7.1,2,-0.3,0,2,2,5.129,5.009,2.583,0.05509,PASS,PASS,FAIL
1869,slope 65 dB/V,65,8,7.4,7.1,2,-0.3,0,2,2,8.039,8.004,0.4846,0.04524,PASS,PASS,PASS
1870,slope 65 dB/V,65,3,7.4,7.1,5,-0.3,0,3.9,3.9,3.132,3.01,4.399,0.05472,PASS,PASS,FAIL
1871,slope 65 dB/V,65,5,7.4,7.1,5,-0.3,0,3.9,3.9,5.029,5.008,0.5793,0.04394,PASS,PASS,PASS
1872,slope 65 dB/V,65,8,7.4,7.1,5,-0.3,0,3.9,3.9,8.008,8.006,0.1029,0.03644,PASS,PASS,PASS
1873,slope 65 dB/V,65,3,7.4,7.1,0.5,-0.28,0,0.5,0.5,3.555,3.013,18.49,0.05839,FAIL,FAIL,FAIL
1874,slope 65 dB/V,65,5,7.4,7.1,0.5,-0.28,0,0.5,0.5,5.08,5.013,1.6,0.04724,PASS,PASS,PASS
1875,slope 65 dB/V,65,8,7.4,7.1,0.5,-0.28,0,0.5,0.5,8.022,8.008,0.2689,0.03885,PASS,PASS,PASS
1876,slope 65 dB/V,65,3,7.4,7.1,1,-0.28,0,1,1,3.078,3.013,2.604,0.04587,PASS,PASS,PASS
1877,slope 65 dB/V,65,5,7.4,7.1,1,-0.28,0,1,1,5.023,5.009,0.4501,0.03757,PASS,PASS,PASS
1878,slope 65 dB/V,65,8,7.4,7.1,1,-0.28,0,1,1,8.011,8.006,0.139,0.03071,PASS,PASS,PASS
1879,slope 65 dB/V,65,3,7.4,7.1,2,-0.28,0,2,2,3.579,3.01,19.29,0.06312,FAIL,FAIL,FAIL
1880,slope 65 dB/V,65,5,7.4,7.1,2,-0.28,0,2,2,5.128,5.012,2.558,0.05115,PASS,PASS,FAIL
1881,slope 65 dB/V,65,8,7.4,7.1,2,-0.28,0,2,2,8.039,8.008,0.4839,0.04211,PASS,PASS,PASS
1882,slope 65 dB/V,65,3,7.4,7.1,5,-0.28,0,3.9,3.9,3.123,3.01,4.094,0.0507,PASS,PASS,FAIL
1883,slope 65 dB/V,65,5,7.4,7.1,5,-0.28,0,3.9,3.9,5.029,5.01,0.5769,0.04079,PASS,PASS,PASS
1884,slope 65 dB/V,65,8,7.4,7.1,5,-0.28,0,3.9,3.9,8.01,8.002,0.1252,0.03375,PASS,PASS,PASS
1885,slope 65 dB/V,65,3,7.4,7.1,0.5,-0.26,0,0.5,0.5,3.505,3.014,16.85,0.05315,FAIL,FAIL,FAIL
1886,slope 65 dB/V,65,5,7.4,7.1,0.5,-0.26,0,0.5,0.5,5.079,5.01,1.582,0.04393,PASS,PASS,PASS
1887,slope 65 dB/V,65,8,7.4,7.1,0.5,-0.26,0,0.5,0.5,8.022,8.007,0.2705,0.03593,PASS,PASS,PASS
1888,slope 65 dB/V,65,3,7.4,7.1,1,-0.26,0,1,1,3.078,3.011,2.605,0.0422,PASS,PASS,PASS
1889,slope 65 dB/V,65,5,7.4,7.1,1,-0.26,0,1,1,5.021,5.011,0.4234,0.03455,PASS,PASS,PASS
1890,slope 65 dB/V,65,8,7.4,7.1,1,-0.26,0,1,1,8.011,8.006,0.1371,0.02829,PASS,PASS,PASS
1891,slope 65 dB/V,65,3,7.4,7.1,2,-0.26,0,2,2,3.543,3.012,18.1,0.0581,FAIL,FAIL,FAIL
1892,slope 65 dB/V,65,5,7.4,7.1,2,-0.26,0,2,2,5.126,5.009,2.514,0.04718,PASS,PASS,PASS
1893,slope 65 dB/V,65,8,7.4,7.1,2,-0.26,0,2,2,8.038,8.008,0.4809,0.03881,PASS,PASS,PASS
1894,slope 65 dB/V,65,3,7.4,7.1,5,-0.26,0,3.9,3.9,3.125,3.016,4.155,0.04638,PASS,PASS,PASS
1895,slope 65 dB/V,65,5,7.4,7.1,5,-0.26,0,3.9,3.9,5.033,5.009,0.6559,0.03779,PASS,PASS,PASS
1896,slope 65 dB/V,65,8,7.4,7.1,5,-0.26,0,3.9,3.9,8.01,8.003,0.1223,0.03097,PASS,PASS,PASS
1897,slope 65 dB/V,65,3,7.4,7.1,0.5,-0.24,0,0.5,0.5,3.449,3.013,14.96,0.04929,FAIL,PASS,PASS
1898,slope 65 dB/V,65,5,7.4,7.1,0.5,-0.24,0,0.5,0.5,5.078,5.01,1.562,0.04035,PASS,PASS,PASS
1899,slope 65 dB/V,65,8,7.4,7.1,0.5,-0.24,0,0.5,0.5,8.021,8.009,0.2571,0.033,PASS,PASS,PASS
1900,slope 65 dB/V,65,3,7.4,7.1,1,-0.24,0,1,1,3.075,3.009,2.504,0.03897,PASS,PASS,PASS
1901,slope 65 dB/V,65,5,7.4,7.1,1,-0.24,0,1,1,5.024,5.008,0.4792,0.03179,PASS,PASS,PASS
1902,slope 65 dB/V,65,8,7.4,7.1,1,-0.24,0,1,1,8.007,8.006,0.08742,0.02591,PASS,PASS,PASS
1903,slope 65 dB/V,65,3,7.4,7.1,2,-0.24,0,2,2,3.498,3.012,16.6,0.05308,FAIL,PASS,FAIL
1904,slope 65 dB/V,65,5,7.4,7.1,2,-0.24,0,2,2,5.123,5.01,2.456,0.04345,PASS,PASS,PASS
1905,slope 65 dB/V,65,8,7.4,7.1,2,-0.24,0,2,2,8.035,8.006,0.4315,0.03558,PASS,PASS,PASS
1906,slope 65 dB/V,65,3,7.4,7.1,5,-0.24,0,3.9,3.9,3.123,3.01,4.111,0.043,PASS,PASS,PASS
1907,slope 65 dB/V,65,5,7.4,7.1,5,-0.24,0,3.9,3.9,5.034,5.008,0.6723,0.03496,PASS,PASS,PASS
1908,slope 65 dB/V,65,8,7.4,7.1,5,-0.24,0,3.9,3.9,8.009,8.006,0.1103,0.02848,PASS,PASS,PASS
1909,slope 65 dB/V,65,3,7.4,7.1,0.5,-0.22,0,0.5,0.5,3.383,3.014,12.76,0.04447,FAIL,PASS,PASS
1910,slope 65 dB/V,65,5,7.4,7.1,0.5,-0.22,0,0.5,0.5,5.076,5.009,1.512,0.03669,PASS,PASS,PASS
1911,slope 65 dB/V,65,8,7.4,7.1,0.5,-0.22,0,0.5,0.5,8.022,8.011,0.278,0.03029,PASS,PASS,PASS
1912,slope 65 dB/V,65,3,7.4,7.1,1,-0.22,0,1,1,3.073,3.014,2.43,0.03592,PASS,PASS,PASS
1913,slope 65 dB/V,65,5,7.4,7.1,1,-0.22,0,1,1,5.02,5.007,0.3911,0.02925,PASS,PASS,PASS
1914,slope 65 dB/V,65,8,7.4,7.1,1,-0.22,0,1,1,8.011,8.006,0.1388,0.02364,PASS,PASS,PASS
1915,slope 65 dB/V,65,3,7.4,7.1,2,-0.22,0,2,2,3.455,3.014,15.17,0.04853,FAIL,PASS,PASS
1916,slope 65 dB/V,65,5,7.4,7.1,2,-0.22,0,2,2,5.119,5.009,2.381,0.03957,PASS,PASS,PASS
1917,slope 65 dB/V,65,8,7.4,7.1,2,-0.22,0,2,2,8.037,8.006,0.4589,0.03276,PASS,PASS,PASS
1918,slope 65 dB/V,65,3,7.4,7.1,5,-0.22,0,3.9,3.9,3.113,3.011,3.769,0.03912,PASS,PASS,PASS
1919,slope 65 dB/V,65,5,7.4,7.1,5,-0.22,0,3.9,3.9,5.032,5.011,0.6318,0.03155,PASS,PASS,PASS
1920,slope 65 dB/V,65,8,7.4,7.1,5,-0.22,0,3.9,3.9,8.01,8.006,0.1248,0.02597,PASS,PASS,PASS
1921,slope 65 dB/V,65,3,7.4,7.1,0.5,-0.2,0,0.5,0.5,3.325,3.016,10.82,0.04038,FAIL,PASS,PASS
1922,slope 65 dB/V,65,5,7.4,7.1,0.5,-0.2,0,0.5,0.5,5.076,5.012,1.516,0.0334,PASS,PASS,PASS
1923,slope 65 dB/V,65,8,7.4,7.1,0.5,-0.2,0,0.5,0.5,8.021,8.011,0.2638,0.02727,PASS,PASS,PASS
1924,slope 65 dB/V,65,3,7.4,7.1,1,-0.2,0,1,1,3.072,3.01,2.394,0.03248,PASS,PASS,PASS
1925,slope 65 dB/V,65,5,7.4,7.1,1,-0.2,0,1,1,5.021,5.009,0.4204,0.02613,PASS,PASS,PASS
1926,slope 65 dB/V,65,8,7.4,7.1,1,-0.2,0,1,1,8.008,8.008,0.1043,0.02135,PASS,PASS,PASS
1927,slope 65 dB/V,65,3,7.4,7.1,2,-0.2,0,2,2,3.401,3.012,13.38,0.04428,FAIL,PASS,PASS
1928,slope 65 dB/V,65,5,7.4,7.1,2,-0.2,0,2,2,5.116,5.01,2.321,0.03575,PASS,PASS,PASS
1929,slope 65 dB/V,65,8,7.4,7.1,2,-0.2,0,2,2,8.037,8.004,0.4652,0.02965,PASS,PASS,PASS
1930,slope 65 dB/V,65,3,7.4,7.1,5,-0.2,0,3.9,3.9,3.109,3.011,3.628,0.03532,PASS,PASS,PASS
1931,slope 65 dB/V,65,5,7.4,7.1,5,-0.2,0,3.9,3.9,5.032,5.006,0.6418,0.02874,PASS,PASS,PASS
1932,slope 65 dB/V,65,8,7.4,7.1,5,-0.2,0,3.9,3.9,8.01,8.006,0.1191,0.02359,PASS,PASS,PASS
1933,slope 65 dB/V,65,3,7.4,7.1,0.5,-0.18,0,0.5,0.5,3.261,3.011,8.695,0.03611,PASS,PASS,PASS
1934,slope 65 dB/V,65,5,7.4,7.1,0.5,-0.18,0,0.5,0.5,5.073,5.01,1.453,0.02969,PASS,PASS,PASS
1935,slope 65 dB/V,65,8,7.4,7.1,0.5,-0.18,0,0.5,0.5,8.024,8.011,0.2956,0.02453,PASS,PASS,PASS
1936,slope 65 dB/V,65,3,7.4,7.1,1,-0.18,0,1,1,3.07,3.01,2.334,0.02891,PASS,PASS,PASS
1937,slope 65 dB/V,65,5,7.4,7.1,1,-0.18,0,1,1,5.022,5.011,0.4302,0.02328,PASS,PASS,PASS
1938,slope 65 dB/V,65,8,7.4,7.1,1,-0.18,0,1,1,8.006,8.003,0.07968,0.0193,PASS,PASS,PASS
1939,slope 65 dB/V,65,3,7.4,7.1,2,-0.18,0,2,2,3.348,3.012,11.59,0.0392,FAIL,PASS,PASS
1940,slope 65 dB/V,65,5,7.4,7.1,2,-0.18,0,2,2,5.113,5.008,2.255,0.03185,PASS,PASS,PASS
1941,slope 65 dB/V,65,8,7.4,7.1,2,-0.18,0,2,2,8.034,8.006,0.427,0.02663,PASS,PASS,PASS
1942,slope 65 dB/V,65,3,7.4,7.1,5,-0.18,0,3.9,3.9,3.104,3.017,3.482,0.03145,PASS,PASS,PASS
1943,slope 65 dB/V,65,5,7.4,7.1,5,-0.18,0,3.9,3.9,5.027,5.007,0.5497,0.02539,PASS,PASS,PASS
1944,slope 65 dB/V,65,8,7.4,7.1,5,-0.18,0,3.9,3.9,8.009,8.005,0.1082,0.02117,PASS,PASS,PASS
1945,slope 65 dB/V,65,3,7.4,7.1,0.5,-0.16,0,0.5,0.5,3.225,3.013,7.489,0.03165,PASS,PASS,PASS
1946,slope 65 dB/V,65,5,7.4,7.1,0.5,-0.16,0,0.5,0.5,5.067,5.009,1.349,0.02603,PASS,PASS,PASS
1947,slope 65 dB/V,65,8,7.4,7.1,0.5,-0.16,0,0.5,0.5,8.019,8.008,0.2411,0.02152,PASS,PASS,PASS
1948,slope 65 dB/V,65,3,7.4,7.1,1,-0.16,0,1,1,3.067,3.016,2.248,0.02515,PASS,PASS,PASS
1949,slope 65 dB/V,65,5,7.4,7.1,1,-0.16,0,1,1,5.019,5.007,0.3794,0.02095,PASS,PASS,PASS
1950,slope 65 dB/V,65,8,7.4,7.1,1,-0.16,0,1,1,8.011,8.006,0.1364,0.01689,PASS,PASS,PASS
1951,slope 65 dB/V,65,3,7.4,7.1,2,-0.16,0,2,2,3.293,3.016,9.766,0.03532,PASS,PASS,PASS
1952,slope 65 dB/V,65,5,7.4,7.1,2,-0.16,0,2,2,5.105,5.009,2.099,0.02824,PASS,PASS,PASS
1953,slope 65 dB/V,65,8,7.4,7.1,2,-0.16,0,2,2,8.032,8.004,0.3983,0.02363,PASS,PASS,PASS
1954,slope 65 dB/V,65,3,7.4,7.1,5,-0.16,0,3.9,3.9,3.099,3.009,3.299,0.0277,PASS,PASS,PASS
1955,slope 65 dB/V,65,5,7.4,7.1,5,-0.16,0,3.9,3.9,5.027,5.01,0.5382,0.02257,PASS,PASS,PASS
1956,slope 65 dB/V,65,8,7.4,7.1,5,-0.16,0,3.9,3.9,8.008,8.004,0.09492,0.01857,PASS,PASS,PASS
1957,slope 65 dB/V,65,3,7.4,7.1,0.5,-0.14,0,0.5,0.5,3.189,3.016,6.313,0.02781,PASS,PASS,PASS
1958,slope 65 dB/V,65,5,7.4,7.1,0.5,-0.14,0,0.5,0.5,5.067,5.01,1.35,0.02244,PASS,PASS,PASS
1959,slope 65 dB/V,65,8,7.4,7.1,0.5,-0.14,0,0.5,0.5,8.02,8.01,0.2466,0.01877,PASS,PASS,PASS
1960,slope 65 dB/V,65,3,7.4,7.1,1,-0.14,0,1,1,3.067,3.013,2.236,0.02222,PASS,PASS,PASS
1961,slope 65 dB/V,65,5,7.4,7.1,1,-0.14,0,1,1,5.02,5.007,0.3927,0.018,PASS,PASS,PASS
1962,slope 65 dB/V,65,8,7.4,7.1,1,-0.14,0,1,1,8.01,8.008,0.1232,0.01473,PASS,PASS,PASS
1963,slope 65 dB/V,65,3,7.4,7.1,2,-0.14,0,2,2,3.243,3.012,8.11,0.03077,PASS,PASS,PASS
1964,slope 65 dB/V,65,5,7.4,7.1,2,-0.14,0,2,2,5.101,5.009,2.02,0.02484,PASS,PASS,PASS
1965,slope 65 dB/V,65,8,7.4,7.1,2,-0.14,0,2,2,8.031,8.006,0.3883,0.02031,PASS,PASS,PASS
1966,slope 65 dB/V,65,3,7.4,7.1,5,-0.14,0,3.9,3.9,3.093,3.011,3.112,0.02387,PASS,PASS,PASS
1967,slope 65 dB/V,65,5,7.4,7.1,5,-0.14,0,3.9,3.9,5.029,5.01,0.5893,0.01985,PASS,PASS,PASS
1968,slope 65 dB/V,65,8,7.4,7.1,5,-0.14,0,3.9,3.9,8.009,8.003,0.1116,0.01617,PASS,PASS,PASS
1969,slope 65 dB/V,65,3,7.4,7.1,0.5,-0.12,0,0.5,0.5,3.158,3.015,5.265,0.02385,PASS,PASS,PASS
1970,slope 65 dB/V,65,5,7.4,7.1,0.5,-0.12,0,0.5,0.5,5.063,5.009,1.258,0.01921,PASS,PASS,PASS
1971,slope 65 dB/V,65,8,7.4,7.1,0.5,-0.12,0,0.5,0.5,8.023,8.007,0.282,0.01599,PASS,PASS,PASS
1972,slope 65 dB/V,65,3,7.4,7.1,1,-0.12,0,1,1,3.062,3.013,2.068,0.01935,PASS,PASS,PASS
1973,slope 65 dB/V,65,5,7.4,7.1,1,-0.12,0,1,1,5.019,5.007,0.3829,0.01567,PASS,PASS,PASS
1974,slope 65 dB/V,65,8,7.4,7.1,1,-0.12,0,1,1,8.011,8.006,0.1358,0.0126,PASS,PASS,PASS
1975,slope 65 dB/V,65,3,7.4,7.1,2,-0.12,0,2,2,3.202,3.016,6.744,0.02643,PASS,PASS,PASS
1976,slope 65 dB/V,65,5,7.4,7.1,2,-0.12,0,2,2,5.093,5.011,1.869,0.02099,PASS,PASS,PASS
1977,slope 65 dB/V,65,8,7.4,7.1,2,-0.12,0,2,2,8.031,8.003,0.3817,0.0177,PASS,PASS,PASS
1978,slope 65 dB/V,65,3,7.4,7.1,5,-0.12,0,3.9,3.9,3.081,3.01,2.708,0.02029,PASS,PASS,PASS
1979,slope 65 dB/V,65,5,7.4,7.1,5,-0.12,0,3.9,3.9,5.025,5.009,0.5074,0.01665,PASS,PASS,PASS
1980,slope 65 dB/V,65,8,7.4,7.1,5,-0.12,0,3.9,3.9,8.009,8.003,0.1103,0.01388,PASS,PASS,PASS
1981,slope 65 dB/V,65,3,7.4,7.1,0.5,-0.1,0,0.5,0.5,3.132,3.013,4.392,0.01939,PASS,PASS,PASS
1982,slope 65 dB/V,65,5,7.4,7.1,0.5,-0.1,0,0.5,0.5,5.058,5.01,1.157,0.01616,PASS,PASS,PASS
1983,slope 65 dB/V,65,8,7.4,7.1,0.5,-0.1,0,0.5,0.5,8.018,8.008,0.2196,0.01332,PASS,PASS,PASS
1984,slope 65 dB/V,65,3,7.4,7.1,1,-0.1,0,1,1,3.057,3.016,1.902,0.01571,PASS,PASS,PASS
1985,slope 65 dB/V,65,5,7.4,7.1,1,-0.1,0,1,1,5.017,5.008,0.3354,0.01262,PASS,PASS,PASS
1986,slope 65 dB/V,65,8,7.4,7.1,1,-0.1,0,1,1,8.011,8.006,0.1352,0.01053,PASS,PASS,PASS
1987,slope 65 dB/V,65,3,7.4,7.1,2,-0.1,0,2,2,3.165,3.012,5.508,0.02155,PASS,PASS,PASS
1988,slope 65 dB/V,65,5,7.4,7.1,2,-0.1,0,2,2,5.082,5.008,1.632,0.01746,PASS,PASS,PASS
1989,slope 65 dB/V,65,8,7.4,7.1,2,-0.1,0,2,2,8.03,8.005,0.3782,0.01457,PASS,PASS,PASS
1990,slope 65 dB/V,65,3,7.4,7.1,5,-0.1,0,3.9,3.9,3.077,3.011,2.564,0.01794,PASS,PASS,PASS
1991,slope 65 dB/V,65,5,7.4,7.1,5,-0.1,0,3.9,3.9,5.024,5.006,0.4844,0.01414,PASS,PASS,PASS
1992,slope 65 dB/V,65,8,7.4,7.1,5,-0.1,0,3.9,3.9,8.008,8.006,0.1031,0.01149,PASS,PASS,PASS
1993,slope 65 dB/V,65,3,7.4,7.1,0.5,-0.08,0,0.5,0.5,3.111,3.011,3.691,0.01546,PASS,PASS,PASS
1994,slope 65 dB/V,65,5,7.4,7.1,0.5,-0.08,0,0.5,0.5,5.049,5.009,0.9833,0.01299,PASS,PASS,PASS
1995,slope 65 dB/V,65,8,7.4,7.1,0.5,-0.08,0,0.5,0.5,8.016,8.007,0.2055,0.01074,PASS,PASS,PASS
1996,slope 65 dB/V,65,3,7.4,7.1,1,-0.08,0,1,1,3.051,3.01,1.697,0.01274,PASS,PASS,PASS
1997,slope 65 dB/V,65,5,7.4,7.1,1,-0.08,0,1,1,5.019,5.007,0.3803,0.009921,PASS,PASS,PASS
1998,slope 65 dB/V,65,8,7.4,7.1,1,-0.08,0,1,1,8.006,8.008,0.1043,0.008471,PASS,PASS,PASS
1999,slope 65 dB/V,65,3,7.4,7.1,2,-0.08,0,2,2,3.129,3.011,4.316,0.01766,PASS,PASS,PASS
2000,slope 65 dB/V,65,5,7.4,7.1,2,-0.08,0,2,2,5.073,5.009,1.459,0.01391,PASS,PASS,PASS
2001,slope 65 dB/V,65,8,7.4,7.1,2,-0.08,0,2,2,8.028,8.003,0.3543,0.01163,PASS,PASS,PASS
2002,slope 65 dB/V,65,3,7.4,7.1,5,-0.08,0,3.9,3.9,3.069,3.01,2.289,0.01414,PASS,PASS,PASS
2003,slope 65 dB/V,65,5,7.4,7.1,5,-0.08,0,3.9,3.9,5.029,5.006,0.5747,0.01139,PASS,PASS,PASS
2004,slope 65 dB/V,65,8,7.4,7.1,5,-0.08,0,3.9,3.9,8.01,8.005,0.1241,0.009233,PASS,PASS,PASS
2005,slope 65 dB/V,65,3,7.4,7.1,0.5,-0.06,0,0.5,0.5,3.084,3.015,2.81,0.01256,PASS,PASS,PASS
2006,slope 65 dB/V,65,5,7.4,7.1,0.5,-0.06,0,0.5,0.5,5.044,5.01,0.8704,0.009316,PASS,PASS,PASS
2007,slope 65 dB/V,65,8,7.4,7.1,0.5,-0.06,0,0.5,0.5,8.016,8.011,0.1984,0.007769,PASS,PASS,PASS
2008,slope 65 dB/V,65,3,7.4,7.1,1,-0.06,0,1,1,3.047,3.011,1.555,0.009768,PASS,PASS,PASS
2009,slope 65 dB/V,65,5,7.4,7.1,1,-0.06,0,1,1,5.015,5.008,0.3067,0.007592,PASS,PASS,PASS
2010,slope 65 dB/V,65,8,7.4,7.1,1,-0.06,0,1,1,8.011,8.006,0.1336,0.006222,PASS,PASS,PASS
2011,slope 65 dB/V,65,3,7.4,7.1,2,-0.06,0,2,2,3.105,3.016,3.498,0.01402,PASS,PASS,PASS
2012,slope 65 dB/V,65,5,7.4,7.1,2,-0.06,0,2,2,5.059,5.01,1.187,0.01058,PASS,PASS,PASS
2013,slope 65 dB/V,65,8,7.4,7.1,2,-0.06,0,2,2,8.024,8.005,0.3028,0.008839,PASS,PASS,PASS
2014,slope 65 dB/V,65,3,7.4,7.1,5,-0.06,0,3.9,3.9,3.057,3.01,1.905,0.01105,PASS,PASS,PASS
2015,slope 65 dB/V,65,5,7.4,7.1,5,-0.06,0,3.9,3.9,5.027,5.008,0.5493,0.008271,PASS,PASS,PASS
2016,slope 65 dB/V,65,8,7.4,7.1,5,-0.06,0,3.9,3.9,8.008,8.004,0.1045,0.006991,PASS,PASS,PASS
2017,slope 65 dB/V,65,3,7.4,7.1,0.5,-0.04,0,0.5,0.5,3.061,3.013,2.045,0.008712,PASS,PASS,PASS
2018,slope 65 dB/V,65,5,7.4,7.1,0.5,-0.04,0,0.5,0.5,5.033,5.011,0.6656,0.006433,PASS,PASS,PASS
2019,slope 65 dB/V,65,8,7.4,7.1,0.5,-0.04,0,0.5,0.5,8.012,8.007,0.1545,0.005072,PASS,PASS,PASS
2020,slope 65 dB/V,65,3,7.4,7.1,1,-0.04,0,1,1,3.043,3.012,1.435,0.00737,PASS,PASS,PASS
2021,slope 65 dB/V,65,5,7.4,7.1,1,-0.04,0,1,1,5.015,5.008,0.3055,0.005268,PASS,PASS,PASS
2022,slope 65 dB/V,65,8,7.4,7.1,1,-0.04,0,1,1,8.006,8.005,0.08028,0.004259,PASS,PASS,PASS
2023,slope 65 dB/V,65,3,7.4,7.1,2,-0.04,0,2,2,3.075,3.01,2.494,0.009895,PASS,PASS,PASS
2024,slope 65 dB/V,65,5,7.4,7.1,2,-0.04,0,2,2,5.045,5.008,0.89,0.007156,PASS,PASS,PASS
2025,slope 65 dB/V,65,8,7.4,7.1,2,-0.04,0,2,2,8.018,8.006,0.2297,0.005695,PASS,PASS,PASS
2026,slope 65 dB/V,65,3,7.4,7.1,5,-0.04,0,3.9,3.9,3.048,3.011,1.607,0.008264,PASS,PASS,PASS
2027,slope 65 dB/V,65,5,7.4,7.1,5,-0.04,0,3.9,3.9,5.02,5.007,0.4085,0.005625,PASS,PASS,PASS
2028,slope 65 dB/V,65,8,7.4,7.1,5,-0.04,0,3.9,3.9,8.01,8.004,0.1278,0.004516,PASS,PASS,PASS
2029,slope 65 dB/V,65,3,7.4,7.1,0.5,-0.02,0,0.5,0.5,3.044,3.012,1.452,0.005787,PASS,PASS,PASS
2030,slope 65 dB/V,65,5,7.4,7.1,0.5,-0.02,0,0.5,0.5,5.024,5.01,0.4849,0.004738,PASS,PASS,PASS
2031,slope 65 dB/V,65,8,7.4,7.1,0.5,-0.02,0,0.5,0.5,8.011,8.011,0.1399,0.004737,PASS,PASS,PASS
2032,slope 65 dB/V,65,3,7.4,7.1,1,-0.02,0,1,1,3.035,3.012,1.152,0.005456,PASS,PASS,PASS
2033,slope 65 dB/V,65,5,7.4,7.1,1,-0.02,0,1,1,5.018,5.008,0.356,0.00335,PASS,PASS,PASS
2034,slope 65 dB/V,65,8,7.4,7.1,1,-0.02,0,1,1,8.007,8.004,0.09364,0.00335,PASS,PASS,PASS
2035,slope 65 dB/V,65,3,7.4,7.1,2,-0.02,0,2,2,3.042,3.011,1.386,0.005842,PASS,PASS,PASS
2036,slope 65 dB/V,65,5,7.4,7.1,2,-0.02,0,2,2,5.03,5.009,0.605,0.003581,PASS,PASS,PASS
2037,slope 65 dB/V,65,8,7.4,7.1,2,-0.02,0,2,2,8.013,8.006,0.1653,0.002793,PASS,PASS,PASS
2038,slope 65 dB/V,65,3,7.4,7.1,5,-0.02,0,3.9,3.9,3.035,3.01,1.182,0.005924,PASS,PASS,PASS
2039,slope 65 dB/V,65,5,7.4,7.1,5,-0.02,0,3.9,3.9,5.017,5.008,0.335,0.003025,PASS,PASS,PASS
2040,slope 65 dB/V,65,8,7.4,7.1,5,-0.02,0,3.9,3.9,8.008,8.005,0.1052,0.002357,PASS,PASS,PASS
2041,slope 65 dB/V,65,3,7.4,7.1,0.5,0,0,0.5,0.5,3.018,3.013,0.5905,0.004739,PASS,PASS,PASS
2042,slope 65 dB/V,65,5,7.4,7.1,0.5,0,0,0.5,0.5,5.014,5.011,0.2893,0.004738,PASS,PASS,PASS
2043,slope 65 dB/V,65,8,7.4,7.1,0.5,0,0,0.5,0.5,8.007,8.006,0.08425,0.004737,PASS,PASS,PASS
2044,slope 65 dB/V,65,3,7.4,7.1,1,0,0,1,1,3.028,3.015,0.9316,0.004128,PASS,PASS,PASS
2045,slope 65 dB/V,65,5,7.4,7.1,1,0,0,1,1,5.017,5.01,0.3331,0.00335,PASS,PASS,PASS
2046,slope 65 dB/V,65,8,7.4,7.1,1,0,0,1,1,8.006,8.003,0.07118,0.00335,PASS,PASS,PASS
2047,slope 65 dB/V,65,3,7.4,7.1,2,0,0,2,2,3.018,3.015,0.6102,0.004777,PASS,PASS,PASS
2048,slope 65 dB/V,65,5,7.4,7.1,2,0,0,2,2,5.016,5.008,0.3154,0.002411,PASS,PASS,PASS
2049,slope 65 dB/V,65,8,7.4,7.1,2,0,0,2,2,8.008,8.005,0.09382,0.002369,PASS,PASS,PASS
2050,slope 65 dB/V,65,3,7.4,7.1,5,0,0,3.9,3.9,3.027,3.012,0.9027,0.004474,PASS,PASS,PASS
2051,slope 65 dB/V,65,5,7.4,7.1,5,0,0,3.9,3.9,5.014,5.006,0.2786,0.002104,PASS,PASS,PASS
2052,slope 65 dB/V,65,8,7.4,7.1,5,0,0,3.9,3.9,8.01,8.005,0.1228,0.001696,PASS,PASS,PASS
2053,slope 65 dB/V,65,3,7.4,7.1,0.5,0.02,0,0.5,0.5,2.998,3.013,0.4181,0.006414,PASS,PASS,PASS
2054,slope 65 dB/V,65,5,7.4,7.1,0.5,0.02,0,0.5,0.5,5.004,5.01,0.2024,0.004738,PASS,PASS,PASS
2055,slope 65 dB/V,65,8,7.4,7.1,0.5,0.02,0,0.5,0.5,8.002,8.011,0.1382,0.004737,PASS,PASS,PASS
2056,slope 65 dB/V,65,3,7.4,7.1,1,0.02,0,1,1,3.02,3.012,0.6774,0.005707,PASS,PASS,PASS
2057,slope 65 dB/V,65,5,7.4,7.1,1,0.02,0,1,1,5.011,5.009,0.2214,0.003764,PASS,PASS,PASS
2058,slope 65 dB/V,65,8,7.4,7.1,1,0.02,0,1,1,8.01,8.006,0.1283,0.00335,PASS,PASS,PASS
2059,slope 65 dB/V,65,3,7.4,7.1,2,0.02,0,2,2,2.991,3.011,0.3576,0.007732,PASS,PASS,PASS
2060,slope 65 dB/V,65,5,7.4,7.1,2,0.02,0,2,2,4.995,5.008,0.1648,0.005222,PASS,PASS,PASS
2061,slope 65 dB/V,65,8,7.4,7.1,2,0.02,0,2,2,7.999,8.004,0.05378,0.003697,PASS,PASS,PASS
2062,slope 65 dB/V,65,3,7.4,7.1,5,0.02,0,3.9,3.9,3.017,3.012,0.5832,0.006593,PASS,PASS,PASS
2063,slope 65 dB/V,65,5,7.4,7.1,5,0.02,0,3.9,3.9,5.009,5.008,0.1801,0.004003,PASS,PASS,PASS
2064,slope 65 dB/V,65,8,7.4,7.1,5,0.02,0,3.9,3.9,8.008,8.003,0.0938,0.002998,PASS,PASS,PASS
2065,slope 65 dB/V,65,3,7.4,7.1,0.5,0.04,0,0.5,0.5,2.981,3.013,-0.6296,0.009967,PASS,PASS,PASS
2066,slope 65 dB/V,65,5,7.4,7.1,0.5,0.04,0,0.5,0.5,4.987,5.01,-0.2665,0.007666,PASS,PASS,PASS
2067,slope 65 dB/V,65,8,7.4,7.1,0.5,0.04,0,0.5,0.5,7.997,8.008,0.09554,0.005837,PASS,PASS,PASS
2068,slope 65 dB/V,65,3,7.4,7.1,1,0.04,0,1,1,3.009,3.012,0.3996,0.008384,PASS,PASS,PASS
2069,slope 65 dB/V,65,5,7.4,7.1,1,0.04,0,1,1,5.009,5.008,0.1769,0.005961,PASS,PASS,PASS
2070,slope 65 dB/V,65,8,7.4,7.1,1,0.04,0,1,1,8.006,8.005,0.07081,0.004751,PASS,PASS,PASS
2071,slope 65 dB/V,65,3,7.4,7.1,2,0.04,0,2,2,2.972,3.011,-0.9441,0.01111,PASS,PASS,PASS
2072,slope 65 dB/V,65,5,7.4,7.1,2,0.04,0,2,2,4.977,5.01,-0.4595,0.008091,PASS,PASS,PASS
2073,slope 65 dB/V,65,8,7.4,7.1,2,0.04,0,2,2,7.994,8.008,0.09784,0.006219,PASS,PASS,PASS
2074,slope 65 dB/V,65,3,7.4,7.1,5,0.04,0,3.9,3.9,3.003,3.008,0.2794,0.009143,PASS,PASS,PASS
2075,slope 65 dB/V,65,5,7.4,7.1,5,0.04,0,3.9,3.9,5.005,5.009,0.1774,0.006302,PASS,PASS,PASS
2076,slope 65 dB/V,65,8,7.4,7.1,5,0.04,0,3.9,3.9,8.007,8.003,0.08906,0.005175,PASS,PASS,PASS
2077,slope 65 dB/V,65,3,7.4,7.1,0.5,0.06,0,0.5,0.5,2.962,3.012,-1.275,0.01331,PASS,PASS,PASS
2078,slope 65 dB/V,65,5,7.4,7.1,0.5,0.06,0,0.5,0.5,4.972,5.009,-0.5591,0.01052,PASS,PASS,PASS
2079,slope 65 dB/V,65,8,7.4,7.1,0.5,0.06,0,0.5,0.5,7.99,8.007,-0.1195,0.008524,PASS,PASS,PASS
2080,slope 65 dB/V,65,3,7.4,7.1,1,0.06,0,1,1,3.001,3.016,0.5403,0.01087,PASS,PASS,PASS
2081,slope 65 dB/V,65,5,7.4,7.1,1,0.06,0,1,1,5.004,5.008,0.1514,0.008204,PASS,PASS,PASS
2082,slope 65 dB/V,65,8,7.4,7.1,1,0.06,0,1,1,8.007,8.003,0.08969,0.006699,PASS,PASS,PASS
2083,slope 65 dB/V,65,3,7.4,7.1,2,0.06,0,2,2,2.951,3.017,-1.644,0.01455,PASS,PASS,PASS
2084,slope 65 dB/V,65,5,7.4,7.1,2,0.06,0,2,2,4.958,5.006,-0.8324,0.01114,PASS,PASS,PASS
2085,slope 65 dB/V,65,8,7.4,7.1,2,0.06,0,2,2,7.98,8.006,-0.2494,0.009166,PASS,PASS,PASS
2086,slope 65 dB/V,65,3,7.4,7.1,5,0.06,0,3.9,3.9,2.99,3.01,-0.3373,0.01175,PASS,PASS,PASS
2087,slope 65 dB/V,65,5,7.4,7.1,5,0.06,0,3.9,3.9,5.002,5.01,0.2074,0.009113,PASS,PASS,PASS
2088,slope 65 dB/V,65,8,7.4,7.1,5,0.06,0,3.9,3.9,8.005,8.006,0.07423,0.007293,PASS,PASS,PASS
2089,slope 65 dB/V,65,3,7.4,7.1,0.5,0.08,0,0.5,0.5,2.941,3.012,-1.981,0.01669,PASS,PASS,PASS
2090,slope 65 dB/V,65,5,7.4,7.1,0.5,0.08,0,0.5,0.5,4.957,5.011,-0.8614,0.01293,PASS,PASS,PASS
2091,slope 65 dB/V,65,8,7.4,7.1,0.5,0.08,0,0.5,0.5,7.985,8.011,-0.1912,0.0108,PASS,PASS,PASS
2092,slope 65 dB/V,65,3,7.4,7.1,1,0.08,0,1,1,2.988,3.013,0.4389,0.0138,PASS,PASS,PASS
2093,slope 65 dB/V,65,5,7.4,7.1,1,0.08,0,1,1,5.005,5.008,0.1564,0.01045,PASS,PASS,PASS
2094,slope 65 dB/V,65,8,7.4,7.1,1,0.08,0,1,1,8.008,8.008,0.09976,0.008727,PASS,PASS,PASS
2095,slope 65 dB/V,65,3,7.4,7.1,2,0.08,0,2,2,2.927,3.016,-2.422,0.01842,PASS,PASS,PASS
2096,slope 65 dB/V,65,5,7.4,7.1,2,0.08,0,2,2,4.937,5.005,-1.264,0.01466,PASS,PASS,PASS
2097,slope 65 dB/V,65,8,7.4,7.1,2,0.08,0,2,2,7.968,8.006,-0.4008,0.01181,PASS,PASS,PASS
2098,slope 65 dB/V,65,3,7.4,7.1,5,0.08,0,3.9,3.9,2.979,3.01,-0.6927,0.01484,PASS,PASS,PASS
2099,slope 65 dB/V,65,5,7.4,7.1,5,0.08,0,3.9,3.9,4.997,5.006,0.1201,0.01167,PASS,PASS,PASS
2100,slope 65 dB/V,65,8,7.4,7.1,5,0.08,0,3.9,3.9,8.005,8.007,0.08586,0.009402,PASS,PASS,PASS
2101,slope 65 dB/V,65,3,7.4,7.1,0.5,0.1,0,0.5,0.5,2.925,3.012,-2.512,0.02025,PASS,PASS,PASS
2102,slope 65 dB/V,65,5,7.4,7.1,0.5,0.1,0,0.5,0.5,4.94,5.009,-1.199,0.01628,PASS,PASS,PASS
2103,slope 65 dB/V,65,8,7.4,7.1,0.5,0.1,0,0.5,0.5,7.977,8.006,-0.2826,0.0132,PASS,PASS,PASS
2104,slope 65 dB/V,65,3,7.4,7.1,1,0.1,0,1,1,2.975,3.013,-0.8334,0.01638,PASS,PASS,PASS
2105,slope 65 dB/V,65,5,7.4,7.1,1,0.1,0,1,1,4.998,5.008,0.1599,0.01274,PASS,PASS,PASS
2106,slope 65 dB/V,65,8,7.4,7.1,1,0.1,0,1,1,8.004,8.004,0.05519,0.01045,PASS,PASS,PASS
2107,slope 65 dB/V,65,3,7.4,7.1,2,0.1,0,2,2,2.905,3.015,-3.178,0.02257,PASS,PASS,PASS
2108,slope 65 dB/V,65,5,7.4,7.1,2,0.1,0,2,2,4.914,5.01,-1.729,0.01749,PASS,PASS,PASS
2109,slope 65 dB/V,65,8,7.4,7.1,2,0.1,0,2,2,7.954,8.007,-0.5758,0.01429,PASS,PASS,PASS
2110,slope 65 dB/V,65,3,7.4,7.1,5,0.1,0,3.9,3.9,2.961,3.01,-1.289,0.01742,PASS,PASS,PASS
2111,slope 65 dB/V,65,5,7.4,7.1,5,0.1,0,3.9,3.9,4.987,5.006,-0.2519,0.01387,PASS,PASS,PASS
2112,slope 65 dB/V,65,8,7.4,7.1,5,0.1,0,3.9,3.9,8.003,8.006,0.07327,0.01157,PASS,PASS,PASS
2113,slope 65 dB/V,65,3,7.4,7.1,0.5,0.12,0,0.5,0.5,2.904,3.013,-3.215,0.02365,PASS,PASS,PASS
2114,slope 65 dB/V,65,5,7.4,7.1,0.5,0.12,0,0.5,0.5,4.926,5.011,-1.476,0.01871,PASS,PASS,PASS
2115,slope 65 dB/V,65,8,7.4,7.1,0.5,0.12,0,0.5,0.5,7.964,8.007,-0.4486,0.01564,PASS,PASS,PASS
2116,slope 65 dB/V,65,3,7.4,7.1,1,0.12,0,1,1,2.965,3.011,-1.174,0.01952,PASS,PASS,PASS
2117,slope 65 dB/V,65,5,7.4,7.1,1,0.12,0,1,1,4.992,5.012,0.2369,0.01508,PASS,PASS,PASS
2118,slope 65 dB/V,65,8,7.4,7.1,1,0.12,0,1,1,8.004,8.008,0.1032,0.01249,PASS,PASS,PASS
2119,slope 65 dB/V,65,3,7.4,7.1,2,0.12,0,2,2,2.886,3.015,-3.798,0.02634,PASS,PASS,PASS
2120,slope 65 dB/V,65,5,7.4,7.1,2,0.12,0,2,2,4.898,5.008,-2.045,0.02034,PASS,PASS,PASS
2121,slope 65 dB/V,65,8,7.4,7.1,2,0.12,0,2,2,7.942,8.005,-0.7311,0.01681,PASS,PASS,PASS
2122,slope 65 dB/V,65,3,7.4,7.1,5,0.12,0,3.9,3.9,2.95,3.01,-1.681,0.02097,PASS,PASS,PASS
2123,slope 65 dB/V,65,5,7.4,7.1,5,0.12,0,3.9,3.9,4.976,5.011,-0.4716,0.01638,PASS,PASS,PASS
2124,slope 65 dB/V,65,8,7.4,7.1,5,0.12,0,3.9,3.9,8.003,8.003,0.03651,0.01334,PASS,PASS,PASS
2125,slope 65 dB/V,65,3,7.4,7.1,0.5,0.14,0,0.5,0.5,2.883,3.013,-3.912,0.02735,PASS,PASS,PASS
2126,slope 65 dB/V,65,5,7.4,7.1,0.5,0.14,0,0.5,0.5,4.905,5.011,-1.896,0.02172,PASS,PASS,PASS
2127,slope 65 dB/V,65,8,7.4,7.1,0.5,0.14,0,0.5,0.5,7.956,8.007,-0.5528,0.01785,PASS,PASS,PASS
2128,slope 65 dB/V,65,3,7.4,7.1,1,0.14,0,1,1,2.953,3.013,-1.573,0.02217,PASS,PASS,PASS
2129,slope 65 dB/V,65,5,7.4,7.1,1,0.14,0,1,1,4.985,5.008,-0.296,0.01775,PASS,PASS,PASS
2130,slope 65 dB/V,65,8,7.4,7.1,1,0.14,0,1,1,8.005,8.004,0.06341,0.0143,PASS,PASS,PASS
2131,slope 65 dB/V,65,3,7.4,7.1,2,0.14,0,2,2,2.864,3.014,-4.54,0.02971,PASS,PASS,PASS
2132,slope 65 dB/V,65,5,7.4,7.1,2,0.14,0,2,2,4.872,5.007,-2.569,0.02331,PASS,PASS,PASS
2133,slope 65 dB/V,65,8,7.4,7.1,2,0.14,0,2,2,7.923,8.005,-0.9628,0.01916,PASS,PASS,PASS
2134,slope 65 dB/V,65,3,7.4,7.1,5,0.14,0,3.9,3.9,2.938,3.01,-2.054,0.02312,PASS,PASS,PASS
2135,slope 65 dB/V,65,5,7.4,7.1,5,0.14,0,3.9,3.9,4.966,5.011,-0.6711,0.01895,PASS,PASS,PASS
2136,slope 65 dB/V,65,8,7.4,7.1,5,0.14,0,3.9,3.9,7.999,8.003,0.04089,0.0154,PASS,PASS,PASS
2137,slope 65 dB/V,65,3,7.4,7.1,0.5,0.16,0,0.5,0.5,2.865,3.013,-4.487,0.03054,PASS,PASS,PASS
2138,slope 65 dB/V,65,5,7.4,7.1,0.5,0.16,0,0.5,0.5,4.886,5.01,-2.29,0.02451,PASS,PASS,PASS
2139,slope 65 dB/V,65,8,7.4,7.1,0.5,0.16,0,0.5,0.5,7.941,8.006,-0.7314,0.02005,PASS,PASS,PASS
2140,slope 65 dB/V,65,3,7.4,7.1,1,0.16,0,1,1,2.943,3.013,-1.914,0.02445,PASS,PASS,PASS
2141,slope 65 dB/V,65,5,7.4,7.1,1,0.16,0,1,1,4.978,5.007,-0.4343,0.01946,PASS,PASS,PASS
2142,slope 65 dB/V,65,8,7.4,7.1,1,0.16,0,1,1,8.003,8.003,0.0422,0.01589,PASS,PASS,PASS
2143,slope 65 dB/V,65,3,7.4,7.1,2,0.16,0,2,2,2.841,3.011,-5.301,0.03294,PASS,PASS,PASS
2144,slope 65 dB/V,65,5,7.4,7.1,2,0.16,0,2,2,4.848,5.009,-3.05,0.02614,PASS,PASS,PASS
2145,slope 65 dB/V,65,8,7.4,7.1,2,0.16,0,2,2,7.903,8.005,-1.215,0.02172,PASS,PASS,PASS
2146,slope 65 dB/V,65,3,7.4,7.1,5,0.16,0,3.9,3.9,2.919,3.014,-2.691,0.02604,PASS,PASS,PASS
2147,slope 65 dB/V,65,5,7.4,7.1,5,0.16,0,3.9,3.9,4.955,5.009,-0.9002,0.0208,PASS,PASS,PASS
2148,slope 65 dB/V,65,8,7.4,7.1,5,0.16,0,3.9,3.9,7.992,8.006,-0.1048,0.01744,PASS,PASS,PASS
2149,slope 65 dB/V,65,3,7.4,7.1,0.5,0.18,0,0.5,0.5,2.847,3.011,-5.088,0.03352,PASS,PASS,PASS
2150,slope 65 dB/V,65,5,7.4,7.1,0.5,0.18,0,0.5,0.5,4.87,5.01,-2.593,0.0269,PASS,PASS,PASS
2151,slope 65 dB/V,65,8,7.4,7.1,0.5,0.18,0,0.5,0.5,7.926,8.009,-0.9292,0.02214,PASS,PASS,PASS
2152,slope 65 dB/V,65,3,7.4,7.1,1,0.18,0,1,1,2.931,3.013,-2.293,0.02671,PASS,PASS,PASS
2153,slope 65 dB/V,65,5,7.4,7.1,1,0.18,0,1,1,4.97,5.009,-0.6073,0.02166,PASS,PASS,PASS
2154,slope 65 dB/V,65,8,7.4,7.1,1,0.18,0,1,1,8.001,8.005,0.05629,0.01784,PASS,PASS,PASS
2155,slope 65 dB/V,65,3,7.4,7.1,2,0.18,0,2,2,2.826,3.015,-5.815,0.03593,PASS,PASS,PASS
2156,slope 65 dB/V,65,5,7.4,7.1,2,0.18,0,2,2,4.827,5.01,-3.458,0.02935,PASS,PASS,PASS
2157,slope 65 dB/V,65,8,7.4,7.1,2,0.18,0,2,2,7.885,8.006,-1.432,0.02407,PASS,PASS,PASS
2158,slope 65 dB/V,65,3,7.4,7.1,5,0.18,0,3.9,3.9,2.909,3.01,-3.027,0.02871,PASS,PASS,PASS
2159,slope 65 dB/V,65,5,7.4,7.1,5,0.18,0,3.9,3.9,4.944,5.009,-1.115,0.02311,PASS,PASS,PASS
2160,slope 65 dB/V,65,8,7.4,7.1,5,0.18,0,3.9,3.9,7.988,8.005,-0.1493,0.01907,PASS,PASS,PASS
2161,slope 65 dB/V,65,3,7.4,7.1,0.5,0.2,0,0.5,0.5,2.828,3.017,-5.748,0.03671,PASS,PASS,PASS
2162,slope 65 dB/V,65,5,7.4,7.1,0.5,0.2,0,0.5,0.5,4.847,5.01,-3.051,0.02979,PASS,PASS,PASS
2163,slope 65 dB/V,65,8,7.4,7.1,0.5,0.2,0,0.5,0.5,7.91,8.01,-1.126,0.02435,PASS,PASS,PASS
2164,slope 65 dB/V,65,3,7.4,7.1,1,0.2,0,1,1,2.917,3.014,-2.774,0.02911,PASS,PASS,PASS
2165,slope 65 dB/V,65,5,7.4,7.1,1,0.2,0,1,1,4.962,5.009,-0.7658,0.02329,PASS,PASS,PASS
2166,slope 65 dB/V,65,8,7.4,7.1,1,0.2,0,1,1,7.998,8.005,0.06071,0.01944,PASS,PASS,PASS
2167,slope 65 dB/V,65,3,7.4,7.1,2,0.2,0,2,2,2.803,3.011,-6.574,0.03913,PASS,PASS,PASS
2168,slope 65 dB/V,65,5,7.4,7.1,2,0.2,0,2,2,4.803,5.009,-3.932,0.03168,PASS,PASS,PASS
2169,slope 65 dB/V,65,8,7.4,7.1,2,0.2,0,2,2,7.862,8.006,-1.728,0.02638,PASS,PASS,PASS
2170,slope 65 dB/V,65,3,7.4,7.1,5,0.2,0,3.9,3.9,2.895,3.01,-3.495,0.0312,PASS,PASS,PASS
2171,slope 65 dB/V,65,5,7.4,7.1,5,0.2,0,3.9,3.9,4.935,5.009,-1.31,0.02558,PASS,PASS,PASS
2172,slope 65 dB/V,65,8,7.4,7.1,5,0.2,0,3.9,3.9,7.983,8.003,-0.2075,0.0212,PASS,PASS,PASS
2173,slope 65 dB/V,65,3,7.4,7.1,0.5,0.22,0,0.5,0.5,2.81,3.018,-6.318,0.03952,PASS,PASS,PASS
2174,slope 65 dB/V,65,5,7.4,7.1,0.5,0.22,0,0.5,0.5,4.831,5.01,-3.379,0.03177,PASS,PASS,PASS
2175,slope 65 dB/V,65,8,7.4,7.1,0.5,0.22,0,0.5,0.5,7.894,8.008,-1.326,0.02631,PASS,PASS,PASS
2176,slope 65 dB/V,65,3,7.4,7.1,1,0.22,0,1,1,2.905,3.011,-3.178,0.03182,PASS,PASS,PASS
2177,slope 65 dB/V,65,5,7.4,7.1,1,0.22,0,1,1,4.951,5.011,-0.9887,0.02537,PASS,PASS,PASS
2178,slope 65 dB/V,65,8,7.4,7.1,1,0.22,0,1,1,7.997,8.008,0.1061,0.02107,PASS,PASS,PASS
2179,slope 65 dB/V,65,3,7.4,7.1,2,0.22,0,2,2,2.783,3.011,-7.223,0.0422,PASS,PASS,PASS
2180,slope 65 dB/V,65,5,7.4,7.1,2,0.22,0,2,2,4.785,5.01,-4.301,0.03472,PASS,PASS,PASS
2181,slope 65 dB/V,65,8,7.4,7.1,2,0.22,0,2,2,7.841,8.007,-1.99,0.02851,PASS,PASS,PASS
2182,slope 65 dB/V,65,3,7.4,7.1,5,0.22,0,3.9,3.9,2.88,3.01,-4.016,0.03428,PASS,PASS,PASS
2183,slope 65 dB/V,65,5,7.4,7.1,5,0.22,0,3.9,3.9,4.921,5.009,-1.574,0.02787,PASS,PASS,PASS
2184,slope 65 dB/V,65,8,7.4,7.1,5,0.22,0,3.9,3.9,7.975,8.003,-0.3175,0.02284,PASS,PASS,PASS
2185,slope 65 dB/V,65,3,7.4,7.1,0.5,0.24,0,0.5,0.5,2.792,3.015,-6.926,0.04275,PASS,PASS,PASS
2186,slope 65 dB/V,65,5,7.4,7.1,0.5,0.24,0,0.5,0.5,4.81,5.01,-3.799,0.03439,PASS,PASS,PASS
2187,slope 65 dB/V,65,8,7.4,7.1,0.5,0.24,0,0.5,0.5,7.878,8.007,-1.521,0.02847,PASS,PASS,PASS
2188,slope 65 dB/V,65,3,7.4,7.1,1,0.24,0,1,1,2.892,3.013,-3.614,0.03454,PASS,PASS,PASS
2189,slope 65 dB/V,65,5,7.4,7.1,1,0.24,0,1,1,4.94,5.008,-1.205,0.02723,PASS,PASS,PASS
2190,slope 65 dB/V,65,8,7.4,7.1,1,0.24,0,1,1,7.992,8.006,-0.09683,0.02262,PASS,PASS,PASS
2191,slope 65 dB/V,65,3,7.4,7.1,2,0.24,0,2,2,2.767,3.013,-7.768,0.04551,PASS,PASS,PASS
2192,slope 65 dB/V,65,5,7.4,7.1,2,0.24,0,2,2,4.761,5.007,-4.78,0.03708,PASS,PASS,PASS
2193,slope 65 dB/V,65,8,7.4,7.1,2,0.24,0,2,2,7.819,8.005,-2.266,0.03056,PASS,PASS,PASS
2194,slope 65 dB/V,65,3,7.4,7.1,5,0.24,0,3.9,3.9,2.867,3.011,-4.431,0.03672,PASS,PASS,PASS
2195,slope 65 dB/V,65,5,7.4,7.1,5,0.24,0,3.9,3.9,4.911,5.013,-1.783,0.03,PASS,PASS,PASS
2196,slope 65 dB/V,65,8,7.4,7.1,5,0.24,0,3.9,3.9,7.97,8.005,-0.3792,0.02477,PASS,PASS,PASS
2197,slope 65 dB/V,65,3,7.4,7.1,0.5,0.26,0,0.5,0.5,2.776,3.017,-7.482,0.04533,PASS,PASS,PASS
2198,slope 65 dB/V,65,5,7.4,7.1,0.5,0.26,0,0.5,0.5,4.79,5.01,-4.191,0.03706,PASS,PASS,PASS
2199,slope 65 dB/V,65,8,7.4,7.1,0.5,0.26,0,0.5,0.5,7.858,8.007,-1.775,0.03048,PASS,PASS,PASS
2200,slope 65 dB/V,65,3,7.4,7.1,1,0.26,0,1,1,2.878,3.011,-4.059,0.0366,PASS,PASS,PASS
2201,slope 65 dB/V,65,5,7.4,7.1,1,0.26,0,1,1,4.933,5.008,-1.332,0.02907,PASS,PASS,PASS
2202,slope 65 dB/V,65,8,7.4,7.1,1,0.26,0,1,1,7.992,8.004,-0.1061,0.02424,PASS,PASS,PASS
2203,slope 65 dB/V,65,3,7.4,7.1,2,0.26,0,2,2,2.748,3.016,-8.413,0.04891,PASS,PASS,PASS
2204,slope 65 dB/V,65,5,7.4,7.1,2,0.26,0,2,2,4.739,5.01,-5.228,0.03975,PASS,PASS,PASS
2205,slope 65 dB/V,65,8,7.4,7.1,2,0.26,0,2,2,7.796,8.007,-2.553,0.03285,PASS,PASS,PASS
2206,slope 65 dB/V,65,3,7.4,7.1,5,0.26,0,3.9,3.9,2.854,3.01,-4.857,0.03924,PASS,PASS,PASS
2207,slope 65 dB/V,65,5,7.4,7.1,5,0.26,0,3.9,3.9,4.894,5.009,-2.121,0.03209,PASS,PASS,PASS
2208,slope 65 dB/V,65,8,7.4,7.1,5,0.26,0,3.9,3.9,7.962,8.005,-0.4799,0.02626,PASS,PASS,PASS
2209,slope 65 dB/V,65,3,7.4,7.1,0.5,0.28,0,0.5,0.5,2.759,3.013,-8.02,0.0478,PASS,PASS,PASS
2210,slope 65 dB/V,65,5,7.4,7.1,0.5,0.28,0,0.5,0.5,4.771,5.01,-4.583,0.03913,PASS,PASS,PASS
2211,slope 65 dB/V,65,8,7.4,7.1,0.5,0.28,0,0.5,0.5,7.84,8.009,-2.001,0.03238,PASS,PASS,PASS
2212,slope 65 dB/V,65,3,7.4,7.1,1,0.28,0,1,1,2.867,3.016,-4.444,0.03876,PASS,PASS,PASS
2213,slope 65 dB/V,65,5,7.4,7.1,1,0.28,0,1,1,4.917,5.008,-1.656,0.03111,PASS,PASS,PASS
2214,slope 65 dB/V,65,8,7.4,7.1,1,0.28,0,1,1,7.984,8.006,-0.1975,0.02595,PASS,PASS,PASS
2215,slope 65 dB/V,65,3,7.4,7.1,2,0.28,0,2,2,2.726,3.014,-9.138,0.05192,PASS,PASS,FAIL
2216,slope 65 dB/V,65,5,7.4,7.1,2,0.28,0,2,2,4.714,5.009,-5.71,0.04229,PASS,PASS,PASS
2217,slope 65 dB/V,65,8,7.4,7.1,2,0.28,0,2,2,7.771,8.006,-2.857,0.03509,PASS,PASS,PASS
2218,slope 65 dB/V,65,3,7.4,7.1,5,0.28,0,3.9,3.9,2.839,3.01,-5.357,0.04126,PASS,PASS,PASS
2219,slope 65 dB/V,65,5,7.4,7.1,5,0.28,0,3.9,3.9,4.878,5.011,-2.433,0.03406,PASS,PASS,PASS
2220,slope 65 dB/V,65,8,7.4,7.1,5,0.28,0,3.9,3.9,7.954,8.005,-0.5786,0.02811,PASS,PASS,PASS
2221,slope 65 dB/V,65,3,7.4,7.1,0.5,0.3,0,0.5,0.5,2.741,3.015,-8.626,0.05071,PASS,PASS,FAIL
2222,slope 65 dB/V,65,5,7.4,7.1,0.5,0.3,0,0.5,0.5,4.749,5.009,-5.024,0.04103,PASS,PASS,PASS
2223,slope 65 dB/V,65,8,7.4,7.1,0.5,0.3,0,0.5,0.5,7.819,8.006,-2.267,0.03432,PASS,PASS,PASS
2224,slope 65 dB/V,65,3,7.4,7.1,1,0.3,0,1,1,2.852,3.011,-4.918,0.04152,PASS,PASS,PASS
2225,slope 65 dB/V,65,5,7.4,7.1,1,0.3,0,1,1,4.907,5.007,-1.862,0.03289,PASS,PASS,PASS
2226,slope 65 dB/V,65,8,7.4,7.1,1,0.3,0,1,1,7.979,8.004,-0.265,0.02711,PASS,PASS,PASS
2227,slope 65 dB/V,65,3,7.4,7.1,2,0.3,0,2,2,2.708,3.012,-9.724,0.05446,PASS,PASS,FAIL
2228,slope 65 dB/V,65,5,7.4,7.1,2,0.3,0,2,2,4.698,5.01,-6.046,0.04416,PASS,PASS,PASS
2229,slope 65 dB/V,65,8,7.4,7.1,2,0.3,0,2,2,7.745,8.004,-3.187,0.03712,PASS,PASS,PASS
2230,slope 65 dB/V,65,3,7.4,7.1,5,0.3,0,3.9,3.9,2.827,3.01,-5.775,0.04358,PASS,PASS,PASS
2231,slope 65 dB/V,65,5,7.4,7.1,5,0.3,0,3.9,3.9,4.865,5.009,-2.703,0.03564,PASS,PASS,PASS
2232,slope 65 dB/V,65,8,7.4,7.1,5,0.3,0,3.9,3.9,7.942,8.003,-0.7295,0.02949,PASS,PASS,PASS
2233,slope 150 dB/V,150,3,7.4,7.1,0.5,-0.3,0,0.5,0.5,3.849,3.018,28.3,0.1219,FAIL,FAIL,FAIL
2234,slope 150 dB/V,150,5,7.4,7.1,0.5,-0.3,0,0.5,0.5,6.481,5.014,29.63,0.1019,FAIL,FAIL,FAIL
2235,slope 150 dB/V,150,8,7.4,7.1,0.5,-0.3,0,0.5,0.5,10.4,8.008,30.02,0.084,FAIL,FAIL,FAIL
2236,slope 150 dB/V,150,3,7.4,7.1,1,-0.3,0,1,1,3.839,3.009,27.96,0.09481,FAIL,FAIL,FAIL
2237,slope 150 dB/V,150,5,7.4,7.1,1,-0.3,0,1,1,5.013,5.005,0.2502,0.07983,PASS,PASS,FAIL
2238,slope 150 dB/V,150,8,7.4,7.1,1,-0.3,0,1,1,8.004,8.005,0.05641,0.06608,PASS,PASS,FAIL
2239,slope 150 dB/V,150,3,7.4,7.1,2,-0.3,0,2,2,3.85,3.002,28.34,0.1115,FAIL,FAIL,FAIL
2240,slope 150 dB/V,150,5,7.4,7.1,2,-0.3,0,2,2,6.482,4.996,29.63,0.1061,FAIL,FAIL,FAIL
2241,slope 150 dB/V,150,8,7.4,7.1,2,-0.3,0,2,2,10.44,8.003,30.47,0.091,FAIL,FAIL,FAIL
2242,slope 150 dB/V,150,3,7.4,7.1,5,-0.3,0,3.9,3.9,3.831,3.021,27.71,0.08466,FAIL,FAIL,FAIL
2243,slope 150 dB/V,150,5,7.4,7.1,5,-0.3,0,3.9,3.9,5.007,5.014,0.2781,0.08074,PASS,PASS,FAIL
2244,slope 150 dB/V,150,8,7.4,7.1,5,-0.3,0,3.9,3.9,7.996,8.003,-0.05443,0.07238,PASS,PASS,FAIL
2245,slope 150 dB/V,150,3,7.4,7.1,0.5,-0.28,0,0.5,0.5,3.833,3.013,27.77,0.1116,FAIL,FAIL,FAIL
2246,slope 150 dB/V,150,5,7.4,7.1,0.5,-0.28,0,0.5,0.5,6.452,5.011,29.04,0.09303,FAIL,FAIL,FAIL
2247,slope 150 dB/V,150,8,7.4,7.1,0.5,-0.28,0,0.5,0.5,8.005,8.012,0.1442,0.07667,PASS,PASS,FAIL
2248,slope 150 dB/V,150,3,7.4,7.1,1,-0.28,0,1,1,3.822,3.014,27.39,0.08768,FAIL,FAIL,FAIL
2249,slope 150 dB/V,150,5,7.4,7.1,1,-0.28,0,1,1,5.01,5.009,0.2056,0.07277,PASS,PASS,FAIL
2250,slope 150 dB/V,150,8,7.4,7.1,1,-0.28,0,1,1,8.009,8.006,0.1083,0.06014,PASS,PASS,FAIL
2251,slope 150 dB/V,150,3,7.4,7.1,2,-0.28,0,2,2,3.833,3.002,27.75,0.1065,FAIL,FAIL,FAIL
2252,slope 150 dB/V,150,5,7.4,7.1,2,-0.28,0,2,2,6.458,4.999,29.17,0.1009,FAIL,FAIL,FAIL
2253,slope 150 dB/V,150,8,7.4,7.1,2,-0.28,0,2,2,10.36,8.003,29.54,0.0831,FAIL,FAIL,FAIL
2254,slope 150 dB/V,150,3,7.4,7.1,5,-0.28,0,3.9,3.9,3.806,3.025,26.87,0.08065,FAIL,FAIL,FAIL
2255,slope 150 dB/V,150,5,7.4,7.1,5,-0.28,0,3.9,3.9,5.007,5.016,0.3235,0.07746,PASS,PASS,FAIL
2256,slope 150 dB/V,150,8,7.4,7.1,5,-0.28,0,3.9,3.9,7.996,8.003,-0.05443,0.06612,PASS,PASS,FAIL
2257,slope 150 dB/V,150,3,7.4,7.1,0.5,-0.26,0,0.5,0.5,3.811,3.014,27.03,0.1021,FAIL,FAIL,FAIL
2258,slope 150 dB/V,150,5,7.4,7.1,0.5,-0.26,0,0.5,0.5,6.414,5.011,28.27,0.08506,FAIL,FAIL,FAIL
2259,slope 150 dB/V,150,8,7.4,7.1,0.5,-0.26,0,0.5,0.5,8.004,8.009,0.1074,0.06933,PASS,PASS,FAIL
2260,slope 150 dB/V,150,3,7.4,7.1,1,-0.26,0,1,1,3.794,3.014,26.48,0.07958,FAIL,FAIL,FAIL
2261,slope 150 dB/V,150,5,7.4,7.1,1,-0.26,0,1,1,5.013,5.005,0.2502,0.06661,PASS,PASS,FAIL
2262,slope 150 dB/V,150,8,7.4,7.1,1,-0.26,0,1,1,8.009,8.006,0.1083,0.05465,PASS,PASS,FAIL
2263,slope 150 dB/V,150,3,7.4,7.1,2,-0.26,0,2,2,3.813,3.002,27.09,0.1018,FAIL,FAIL,FAIL
2264,slope 150 dB/V,150,5,7.4,7.1,2,-0.26,0,2,2,6.42,4.999,28.41,0.09196,FAIL,FAIL,FAIL
2265,slope 150 dB/V,150,8,7.4,7.1,2,-0.26,0,2,2,8.007,8.004,0.08515,0.07557,PASS,PASS,FAIL
2266,slope 150 dB/V,150,3,7.4,7.1,5,-0.26,0,3.9,3.9,3.777,3.025,25.89,0.07671,FAIL,FAIL,FAIL
2267,slope 150 dB/V,150,5,7.4,7.1,5,-0.26,0,3.9,3.9,5.006,5.016,0.3228,0.07326,PASS,PASS,FAIL
2268,slope 150 dB/V,150,8,7.4,7.1,5,-0.26,0,3.9,3.9,7.998,8.006,0.06942,0.05983,PASS,PASS,FAIL
2269,slope 150 dB/V,150,3,7.4,7.1,0.5,-0.24,0,0.5,0.5,3.785,3.014,26.18,0.09244,FAIL,FAIL,FAIL
2270,slope 150 dB/V,150,5,7.4,7.1,0.5,-0.24,0,0.5,0.5,5.014,5.011,0.2815,0.07666,PASS,PASS,FAIL
2271,slope 150 dB/V,150,8,7.4,7.1,0.5,-0.24,0,0.5,0.5,8.008,8.007,0.1003,0.06259,PASS,PASS,FAIL
2272,slope 150 dB/V,150,3,7.4,7.1,1,-0.24,0,1,1,3.019,3.013,0.6463,0.0727,PASS,PASS,FAIL
2273,slope 150 dB/V,150,5,7.4,7.1,1,-0.24,0,1,1,5.009,5.008,0.1895,0.06023,PASS,PASS,FAIL
2274,slope 150 dB/V,150,8,7.4,7.1,1,-0.24,0,1,1,8.004,8.004,0.05481,0.04933,PASS,PASS,PASS
2275,slope 150 dB/V,150,3,7.4,7.1,2,-0.24,0,2,2,3.789,3.001,26.31,0.09651,FAIL,FAIL,FAIL
2276,slope 150 dB/V,150,5,7.4,7.1,2,-0.24,0,2,2,6.378,4.999,27.55,0.08341,FAIL,FAIL,FAIL
2277,slope 150 dB/V,150,8,7.4,7.1,2,-0.24,0,2,2,8.007,8.004,0.08518,0.06804,PASS,PASS,FAIL
2278,slope 150 dB/V,150,3,7.4,7.1,5,-0.24,0,3.9,3.9,3.021,3.022,0.7214,0.07223,PASS,PASS,FAIL
2279,slope 150 dB/V,150,5,7.4,7.1,5,-0.24,0,3.9,3.9,5.006,5.016,0.3228,0.06645,PASS,PASS,FAIL
2280,slope 150 dB/V,150,8,7.4,7.1,5,-0.24,0,3.9,3.9,7.998,8.007,0.08308,0.05431,PASS,PASS,FAIL
2281,slope 150 dB/V,150,3,7.4,7.1,0.5,-0.22,0,0.5,0.5,3.757,3.016,25.23,0.08355,FAIL,FAIL,FAIL
2282,slope 150 dB/V,150,5,7.4,7.1,0.5,-0.22,0,0.5,0.5,5.011,5.011,0.2256,0.06893,PASS,PASS,FAIL
2283,slope 150 dB/V,150,8,7.4,7.1,0.5,-0.22,0,0.5,0.5,8.007,8.007,0.09109,0.05623,PASS,PASS,FAIL
2284,slope 150 dB/V,150,3,7.4,7.1,1,-0.22,0,1,1,3.019,3.011,0.634,0.06556,PASS,PASS,FAIL
2285,slope 150 dB/V,150,5,7.4,7.1,1,-0.22,0,1,1,5.008,5.006,0.1554,0.05425,PASS,PASS,FAIL
2286,slope 150 dB/V,150,8,7.4,7.1,1,-0.22,0,1,1,8.004,8.003,0.0497,0.04452,PASS,PASS,PASS
2287,slope 150 dB/V,150,3,7.4,7.1,2,-0.22,0,2,2,3.763,3.002,25.45,0.0914,FAIL,FAIL,FAIL
2288,slope 150 dB/V,150,5,7.4,7.1,2,-0.22,0,2,2,5.011,5.001,0.2241,0.07499,PASS,PASS,FAIL
2289,slope 150 dB/V,150,8,7.4,7.1,2,-0.22,0,2,2,8.008,8.002,0.0997,0.06119,PASS,PASS,FAIL
2290,slope 150 dB/V,150,3,7.4,7.1,5,-0.22,0,3.9,3.9,3.023,3.021,0.7501,0.06902,PASS,PASS,FAIL
2291,slope 150 dB/V,150,5,7.4,7.1,5,-0.22,0,3.9,3.9,5.006,5.016,0.3228,0.05958,PASS,PASS,FAIL
2292,slope 150 dB/V,150,8,7.4,7.1,5,-0.22,0,3.9,3.9,7.996,8.006,0.07002,0.04875,PASS,PASS,PASS
2293,slope 150 dB/V,150,3,7.4,7.1,0.5,-0.2,0,0.5,0.5,3.721,3.013,24.04,0.07479,FAIL,FAIL,FAIL
2294,slope 150 dB/V,150,5,7.4,7.1,0.5,-0.2,0,0.5,0.5,5.011,5.01,0.2223,0.06157,PASS,PASS,FAIL
2295,slope 150 dB/V,150,8,7.4,7.1,0.5,-0.2,0,0.5,0.5,8.006,8.012,0.1442,0.05017,PASS,PASS,FAIL
2296,slope 150 dB/V,150,3,7.4,7.1,1,-0.2,0,1,1,3.02,3.01,0.6615,0.05878,PASS,PASS,FAIL
2297,slope 150 dB/V,150,5,7.4,7.1,1,-0.2,0,1,1,5.008,5.005,0.1658,0.04856,PASS,PASS,PASS
2298,slope 150 dB/V,150,8,7.4,7.1,1,-0.2,0,1,1,8.009,8.006,0.1101,0.03966,PASS,PASS,PASS
2299,slope 150 dB/V,150,3,7.4,7.1,2,-0.2,0,2,2,3.732,3.002,24.39,0.08141,FAIL,FAIL,FAIL
2300,slope 150 dB/V,150,5,7.4,7.1,2,-0.2,0,2,2,5.016,5.001,0.3289,0.06693,PASS,PASS,FAIL
2301,slope 150 dB/V,150,8,7.4,7.1,2,-0.2,0,2,2,8.004,8.001,0.0542,0.05453,PASS,PASS,FAIL
2302,slope 150 dB/V,150,3,7.4,7.1,5,-0.2,0,3.9,3.9,3.025,3.021,0.8466,0.06425,PASS,PASS,FAIL
2303,slope 150 dB/V,150,5,7.4,7.1,5,-0.2,0,3.9,3.9,5.005,5.011,0.227,0.05327,PASS,PASS,FAIL
2304,slope 150 dB/V,150,8,7.4,7.1,5,-0.2,0,3.9,3.9,7.998,8.007,0.08311,0.0435,PASS,PASS,PASS
2305,slope 150 dB/V,150,3,7.4,7.1,0.5,-0.18,0,0.5,0.5,3.648,3.015,21.6,0.06613,FAIL,FAIL,FAIL
2306,slope 150 dB/V,150,5,7.4,7.1,0.5,-0.18,0,0.5,0.5,5.011,5.01,0.2207,0.05455,PASS,PASS,FAIL
2307,slope 150 dB/V,150,8,7.4,7.1,0.5,-0.18,0,0.5,0.5,8.009,8.01,0.1243,0.04419,PASS,PASS,PASS
2308,slope 150 dB/V,150,3,7.4,7.1,1,-0.18,0,1,1,3.019,3.015,0.6288,0.05169,PASS,PASS,FAIL
2309,slope 150 dB/V,150,5,7.4,7.1,1,-0.18,0,1,1,5.01,5.006,0.2001,0.04308,PASS,PASS,PASS
2310,slope 150 dB/V,150,8,7.4,7.1,1,-0.18,0,1,1,8.009,8.006,0.1083,0.03506,PASS,PASS,PASS
2311,slope 150 dB/V,150,3,7.4,7.1,2,-0.18,0,2,2,3.69,3.003,22.99,0.07193,FAIL,FAIL,FAIL
2312,slope 150 dB/V,150,5,7.4,7.1,2,-0.18,0,2,2,5.011,4.996,0.2192,0.05927,PASS,PASS,FAIL
2313,slope 150 dB/V,150,8,7.4,7.1,2,-0.18,0,2,2,8.005,8.004,0.06346,0.04785,PASS,PASS,PASS
2314,slope 150 dB/V,150,3,7.4,7.1,5,-0.18,0,3.9,3.9,3.022,3.022,0.7475,0.05703,PASS,PASS,FAIL
2315,slope 150 dB/V,150,5,7.4,7.1,5,-0.18,0,3.9,3.9,5.006,5.014,0.2792,0.04719,PASS,PASS,PASS
2316,slope 150 dB/V,150,8,7.4,7.1,5,-0.18,0,3.9,3.9,7.996,8.004,-0.05442,0.03838,PASS,PASS,PASS
2317,slope 150 dB/V,150,3,7.4,7.1,0.5,-0.16,0,0.5,0.5,3.038,3.012,1.275,0.05843,PASS,PASS,FAIL
2318,slope 150 dB/V,150,5,7.4,7.1,0.5,-0.16,0,0.5,0.5,5.012,5.015,0.291,0.04793,PASS,PASS,PASS
2319,slope 150 dB/V,150,8,7.4,7.1,0.5,-0.16,0,0.5,0.5,8.005,8.009,0.1084,0.0388,PASS,PASS,PASS
2320,slope 150 dB/V,150,3,7.4,7.1,1,-0.16,0,1,1,3.021,3.011,0.7106,0.04565,PASS,PASS,PASS
2321,slope 150 dB/V,150,5,7.4,7.1,1,-0.16,0,1,1,5.008,5.008,0.1658,0.03775,PASS,PASS,PASS
2322,slope 150 dB/V,150,8,7.4,7.1,1,-0.16,0,1,1,8.004,8.006,0.07031,0.03065,PASS,PASS,PASS
2323,slope 150 dB/V,150,3,7.4,7.1,2,-0.16,0,2,2,3.618,3.003,20.61,0.06303,FAIL,FAIL,FAIL
2324,slope 150 dB/V,150,5,7.4,7.1,2,-0.16,0,2,2,5.011,5.001,0.224,0.05182,PASS,PASS,FAIL
2325,slope 150 dB/V,150,8,7.4,7.1,2,-0.16,0,2,2,8.005,8.003,0.06367,0.04201,PASS,PASS,PASS
2326,slope 150 dB/V,150,3,7.4,7.1,5,-0.16,0,3.9,3.9,3.023,3.021,0.7526,0.04996,PASS,PASS,PASS
2327,slope 150 dB/V,150,5,7.4,7.1,5,-0.16,0,3.9,3.9,5.006,5.012,0.2418,0.04144,PASS,PASS,PASS
2328,slope 150 dB/V,150,8,7.4,7.1,5,-0.16,0,3.9,3.9,7.996,8.005,0.06094,0.03343,PASS,PASS,PASS
2329,slope 150 dB/V,150,3,7.4,7.1,0.5,-0.14,0,0.5,0.5,3.038,3.012,1.272,0.04978,PASS,PASS,PASS
2330,slope 150 dB/V,150,5,7.4,7.1,0.5,-0.14,0,0.5,0.5,5.011,5.013,0.251,0.04096,PASS,PASS,PASS
2331,slope 150 dB/V,150,8,7.4,7.1,0.5,-0.14,0,0.5,0.5,8.008,8.011,0.1427,0.03338,PASS,PASS,PASS
2332,slope 150 dB/V,150,3,7.4,7.1,1,-0.14,0,1,1,3.021,3.01,0.6954,0.03941,PASS,PASS,PASS
2333,slope 150 dB/V,150,5,7.4,7.1,1,-0.14,0,1,1,5.008,5.006,0.1658,0.03259,PASS,PASS,PASS
2334,slope 150 dB/V,150,8,7.4,7.1,1,-0.14,0,1,1,8.004,8.004,0.05125,0.02626,PASS,PASS,PASS
2335,slope 150 dB/V,150,3,7.4,7.1,2,-0.14,0,2,2,3.051,3,1.699,0.05445,PASS,PASS,FAIL
2336,slope 150 dB/V,150,5,7.4,7.1,2,-0.14,0,2,2,5.014,4.997,0.2869,0.04446,PASS,PASS,PASS
2337,slope 150 dB/V,150,8,7.4,7.1,2,-0.14,0,2,2,8.007,8.003,0.08332,0.03632,PASS,PASS,PASS
2338,slope 150 dB/V,150,3,7.4,7.1,5,-0.14,0,3.9,3.9,3.021,3.021,0.7074,0.04291,PASS,PASS,PASS
2339,slope 150 dB/V,150,5,7.4,7.1,5,-0.14,0,3.9,3.9,5.006,5.015,0.308,0.03559,PASS,PASS,PASS
2340,slope 150 dB/V,150,8,7.4,7.1,5,-0.14,0,3.9,3.9,7.998,8.004,0.04844,0.02892,PASS,PASS,PASS
2341,slope 150 dB/V,150,3,7.4,7.1,0.5,-0.12,0,0.5,0.5,3.036,3.013,1.198,0.04272,PASS,PASS,PASS
2342,slope 150 dB/V,150,5,7.4,7.1,0.5,-0.12,0,0.5,0.5,5.011,5.01,0.227,0.03464,PASS,PASS,PASS
2343,slope 150 dB/V,150,8,7.4,7.1,0.5,-0.12,0,0.5,0.5,8.004,8.009,0.1074,0.02838,PASS,PASS,PASS
2344,slope 150 dB/V,150,3,7.4,7.1,1,-0.12,0,1,1,3.019,3.008,0.6308,0.0333,PASS,PASS,PASS
2345,slope 150 dB/V,150,5,7.4,7.1,1,-0.12,0,1,1,5.01,5.007,0.1953,0.0273,PASS,PASS,PASS
2346,slope 150 dB/V,150,8,7.4,7.1,1,-0.12,0,1,1,8.009,8.006,0.1083,0.02238,PASS,PASS,PASS
2347,slope 150 dB/V,150,3,7.4,7.1,2,-0.12,0,2,2,3.048,3.003,1.603,0.04584,PASS,PASS,PASS
2348,slope 150 dB/V,150,5,7.4,7.1,2,-0.12,0,2,2,5.01,4.997,0.2049,0.03745,PASS,PASS,PASS
2349,slope 150 dB/V,150,8,7.4,7.1,2,-0.12,0,2,2,8.005,8.001,0.05827,0.03075,PASS,PASS,PASS
2350,slope 150 dB/V,150,3,7.4,7.1,5,-0.12,0,3.9,3.9,3.024,3.022,0.8111,0.03628,PASS,PASS,PASS
2351,slope 150 dB/V,150,5,7.4,7.1,5,-0.12,0,3.9,3.9,5.006,5.012,0.2483,0.02999,PASS,PASS,PASS
2352,slope 150 dB/V,150,8,7.4,7.1,5,-0.12,0,3.9,3.9,8.001,8.004,0.05271,0.02444,PASS,PASS,PASS
2353,slope 150 dB/V,150,3,7.4,7.1,0.5,-0.1,0,0.5,0.5,3.037,3.013,1.222,0.03471,PASS,PASS,PASS
2354,slope 150 dB/V,150,5,7.4,7.1,0.5,-0.1,0,0.5,0.5,5.011,5.01,0.222,0.02838,PASS,PASS,PASS
2355,slope 150 dB/V,150,8,7.4,7.1,0.5,-0.1,0,0.5,0.5,8.005,8.009,0.1073,0.02351,PASS,PASS,PASS
2356,slope 150 dB/V,150,3,7.4,7.1,1,-0.1,0,1,1,3.02,3.015,0.6818,0.02721,PASS,PASS,PASS
2357,slope 150 dB/V,150,5,7.4,7.1,1,-0.1,0,1,1,5.01,5.009,0.1952,0.02235,PASS,PASS,PASS
2358,slope 150 dB/V,150,8,7.4,7.1,1,-0.1,0,1,1,8.004,8.004,0.05118,0.01842,PASS,PASS,PASS
2359,slope 150 dB/V,150,3,7.4,7.1,2,-0.1,0,2,2,3.051,3.002,1.691,0.03857,PASS,PASS,PASS
2360,slope 150 dB/V,150,5,7.4,7.1,2,-0.1,0,2,2,5.013,5,0.2576,0.03118,PASS,PASS,PASS
2361,slope 150 dB/V,150,8,7.4,7.1,2,-0.1,0,2,2,8.007,8.002,0.08465,0.02546,PASS,PASS,PASS
2362,slope 150 dB/V,150,3,7.4,7.1,5,-0.1,0,3.9,3.9,3.026,3.021,0.8701,0.03058,PASS,PASS,PASS
2363,slope 150 dB/V,150,5,7.4,7.1,5,-0.1,0,3.9,3.9,5.007,5.013,0.2679,0.02464,PASS,PASS,PASS
2364,slope 150 dB/V,150,8,7.4,7.1,5,-0.1,0,3.9,3.9,7.997,8.006,0.07711,0.02024,PASS,PASS,PASS
2365,slope 150 dB/V,150,3,7.4,7.1,0.5,-0.08,0,0.5,0.5,3.036,3.013,1.198,0.02783,PASS,PASS,PASS
2366,slope 150 dB/V,150,5,7.4,7.1,0.5,-0.08,0,0.5,0.5,5.011,5.013,0.2534,0.02244,PASS,PASS,PASS
2367,slope 150 dB/V,150,8,7.4,7.1,0.5,-0.08,0,0.5,0.5,8.005,8.012,0.1442,0.01847,PASS,PASS,PASS
2368,slope 150 dB/V,150,3,7.4,7.1,1,-0.08,0,1,1,3.018,3.015,0.6146,0.02177,PASS,PASS,PASS
2369,slope 150 dB/V,150,5,7.4,7.1,1,-0.08,0,1,1,5.009,5.005,0.1884,0.01753,PASS,PASS,PASS
2370,slope 150 dB/V,150,8,7.4,7.1,1,-0.08,0,1,1,8.005,8.006,0.06894,0.0144,PASS,PASS,PASS
2371,slope 150 dB/V,150,3,7.4,7.1,2,-0.08,0,2,2,3.05,2.999,1.652,0.02994,PASS,PASS,PASS
2372,slope 150 dB/V,150,5,7.4,7.1,2,-0.08,0,2,2,5.012,4.996,0.2426,0.02434,PASS,PASS,PASS
2373,slope 150 dB/V,150,8,7.4,7.1,2,-0.08,0,2,2,8.004,8.002,0.04732,0.02016,PASS,PASS,PASS
2374,slope 150 dB/V,150,3,7.4,7.1,5,-0.08,0,3.9,3.9,3.021,3.025,0.8382,0.02387,PASS,PASS,PASS
2375,slope 150 dB/V,150,5,7.4,7.1,5,-0.08,0,3.9,3.9,5.009,5.011,0.2161,0.01941,PASS,PASS,PASS
2376,slope 150 dB/V,150,8,7.4,7.1,5,-0.08,0,3.9,3.9,7.998,8.005,0.05721,0.01615,PASS,PASS,PASS
2377,slope 150 dB/V,150,3,7.4,7.1,0.5,-0.06,0,0.5,0.5,3.036,3.018,1.202,0.02035,PASS,PASS,PASS
2378,slope 150 dB/V,150,5,7.4,7.1,0.5,-0.06,0,0.5,0.5,5.011,5.011,0.2228,0.01669,PASS,PASS,PASS
2379,slope 150 dB/V,150,8,7.4,7.1,0.5,-0.06,0,0.5,0.5,8.005,8.01,0.1268,0.01356,PASS,PASS,PASS
2380,slope 150 dB/V,150,3,7.4,7.1,1,-0.06,0,1,1,3.022,3.014,0.727,0.01667,PASS,PASS,PASS
2381,slope 150 dB/V,150,5,7.4,7.1,1,-0.06,0,1,1,5.011,5.007,0.2202,0.01321,PASS,PASS,PASS
2382,slope 150 dB/V,150,8,7.4,7.1,1,-0.06,0,1,1,8.009,8.006,0.1083,0.01076,PASS,PASS,PASS
2383,slope 150 dB/V,150,3,7.4,7.1,2,-0.06,0,2,2,3.049,3.003,1.648,0.02306,PASS,PASS,PASS
2384,slope 150 dB/V,150,5,7.4,7.1,2,-0.06,0,2,2,5.013,4.998,0.2604,0.01797,PASS,PASS,PASS
2385,slope 150 dB/V,150,8,7.4,7.1,2,-0.06,0,2,2,8.009,8.001,0.1146,0.01491,PASS,PASS,PASS
2386,slope 150 dB/V,150,3,7.4,7.1,5,-0.06,0,3.9,3.9,3.024,3.021,0.7933,0.01858,PASS,PASS,PASS
2387,slope 150 dB/V,150,5,7.4,7.1,5,-0.06,0,3.9,3.9,5.008,5.013,0.258,0.01473,PASS,PASS,PASS
2388,slope 150 dB/V,150,8,7.4,7.1,5,-0.06,0,3.9,3.9,7.996,8.004,0.05273,0.01179,PASS,PASS,PASS
2389,slope 150 dB/V,150,3,7.4,7.1,0.5,-0.04,0,0.5,0.5,3.035,3.014,1.153,0.01382,PASS,PASS,PASS
2390,slope 150 dB/V,150,5,7.4,7.1,0.5,-0.04,0,0.5,0.5,5.011,5.01,0.2179,0.01117,PASS,PASS,PASS
2391,slope 150 dB/V,150,8,7.4,7.1,0.5,-0.04,0,0.5,0.5,8.006,8.007,0.08478,0.00885,PASS,PASS,PASS
2392,slope 150 dB/V,150,3,7.4,7.1,1,-0.04,0,1,1,3.021,3.013,0.7075,0.01111,PASS,PASS,PASS
2393,slope 150 dB/V,150,5,7.4,7.1,1,-0.04,0,1,1,5.011,5.005,0.2202,0.008631,PASS,PASS,PASS
2394,slope 150 dB/V,150,8,7.4,7.1,1,-0.04,0,1,1,8.009,8.006,0.1083,0.006961,PASS,PASS,PASS
2395,slope 150 dB/V,150,3,7.4,7.1,2,-0.04,0,2,2,3.043,3,1.43,0.01555,PASS,PASS,PASS
2396,slope 150 dB/V,150,5,7.4,7.1,2,-0.04,0,2,2,5.015,4.998,0.3024,0.0121,PASS,PASS,PASS
2397,slope 150 dB/V,150,8,7.4,7.1,2,-0.04,0,2,2,8.009,8.001,0.1145,0.0099,PASS,PASS,PASS
2398,slope 150 dB/V,150,3,7.4,7.1,5,-0.04,0,3.9,3.9,3.023,3.022,0.7574,0.01231,PASS,PASS,PASS
2399,slope 150 dB/V,150,5,7.4,7.1,5,-0.04,0,3.9,3.9,5.007,5.01,0.1971,0.009552,PASS,PASS,PASS
2400,slope 150 dB/V,150,8,7.4,7.1,5,-0.04,0,3.9,3.9,7.997,8.005,0.06486,0.007666,PASS,PASS,PASS
2401,slope 150 dB/V,150,3,7.4,7.1,0.5,-0.02,0,0.5,0.5,3.036,3.012,1.19,0.007442,PASS,PASS,PASS
2402,slope 150 dB/V,150,5,7.4,7.1,0.5,-0.02,0,0.5,0.5,5.011,5.01,0.217,0.005827,PASS,PASS,PASS
2403,slope 150 dB/V,150,8,7.4,7.1,0.5,-0.02,0,0.5,0.5,8.009,8.01,0.1243,0.004737,PASS,PASS,PASS
2404,slope 150 dB/V,150,3,7.4,7.1,1,-0.02,0,1,1,3.022,3.011,0.7244,0.007203,PASS,PASS,PASS
2405,slope 150 dB/V,150,5,7.4,7.1,1,-0.02,0,1,1,5.01,5.005,0.199,0.004683,PASS,PASS,PASS
2406,slope 150 dB/V,150,8,7.4,7.1,1,-0.02,0,1,1,8.005,8.008,0.1002,0.003432,PASS,PASS,PASS
2407,slope 150 dB/V,150,3,7.4,7.1,2,-0.02,0,2,2,3.039,2.997,1.312,0.008754,PASS,PASS,PASS
2408,slope 150 dB/V,150,5,7.4,7.1,2,-0.02,0,2,2,5.014,5,0.2858,0.006192,PASS,PASS,PASS
2409,slope 150 dB/V,150,8,7.4,7.1,2,-0.02,0,2,2,8.006,8.003,0.07066,0.005081,PASS,PASS,PASS
2410,slope 150 dB/V,150,3,7.4,7.1,5,-0.02,0,3.9,3.9,3.021,3.024,0.8068,0.007702,PASS,PASS,PASS
2411,slope 150 dB/V,150,5,7.4,7.1,5,-0.02,0,3.9,3.9,5.007,5.012,0.2494,0.00527,PASS,PASS,PASS
2412,slope 150 dB/V,150,8,7.4,7.1,5,-0.02,0,3.9,3.9,7.999,8.007,0.08247,0.003969,PASS,PASS,PASS
2413,slope 150 dB/V,150,3,7.4,7.1,0.5,0,0,0.5,0.5,3.026,3.013,0.8823,0.005691,PASS,PASS,PASS
2414,slope 150 dB/V,150,5,7.4,7.1,0.5,0,0,0.5,0.5,5.014,5.01,0.2726,0.004737,PASS,PASS,PASS
2415,slope 150 dB/V,150,8,7.4,7.1,0.5,0,0,0.5,0.5,8.005,8.008,0.1008,0.004737,PASS,PASS,PASS
2416,slope 150 dB/V,150,3,7.4,7.1,1,0,0,1,1,3.02,3.012,0.6714,0.005669,PASS,PASS,PASS
2417,slope 150 dB/V,150,5,7.4,7.1,1,0,0,1,1,5.012,5.005,0.2477,0.00335,PASS,PASS,PASS
2418,slope 150 dB/V,150,8,7.4,7.1,1,0,0,1,1,8.006,8.003,0.07325,0.00335,PASS,PASS,PASS
2419,slope 150 dB/V,150,3,7.4,7.1,2,0,0,2,2,3.027,2.999,0.889,0.006489,PASS,PASS,PASS
2420,slope 150 dB/V,150,5,7.4,7.1,2,0,0,2,2,5.014,4.996,0.2707,0.003558,PASS,PASS,PASS
2421,slope 150 dB/V,150,8,7.4,7.1,2,0,0,2,2,8.007,7.999,0.08884,0.002369,PASS,PASS,PASS
2422,slope 150 dB/V,150,3,7.4,7.1,5,0,0,3.9,3.9,3.022,3.024,0.7936,0.006457,PASS,PASS,PASS
2423,slope 150 dB/V,150,5,7.4,7.1,5,0,0,3.9,3.9,5.005,5.013,0.2516,0.003349,PASS,PASS,PASS
2424,slope 150 dB/V,150,8,7.4,7.1,5,0,0,3.9,3.9,8.001,8.006,0.07402,0.001861,PASS,PASS,PASS
2425,slope 150 dB/V,150,3,7.4,7.1,0.5,0.02,0,0.5,0.5,3.023,3.018,0.7652,0.009772,PASS,PASS,PASS
2426,slope 150 dB/V,150,5,7.4,7.1,0.5,0.02,0,0.5,0.5,5.011,5.012,0.2346,0.006797,PASS,PASS,PASS
2427,slope 150 dB/V,150,8,7.4,7.1,0.5,0.02,0,0.5,0.5,8.004,8.007,0.09111,0.005221,PASS,PASS,PASS
2428,slope 150 dB/V,150,3,7.4,7.1,1,0.02,0,1,1,3.02,3.014,0.6665,0.009045,PASS,PASS,PASS
2429,slope 150 dB/V,150,5,7.4,7.1,1,0.02,0,1,1,5.009,5.006,0.1774,0.005661,PASS,PASS,PASS
2430,slope 150 dB/V,150,8,7.4,7.1,1,0.02,0,1,1,8.007,8.007,0.0927,0.004111,PASS,PASS,PASS
2431,slope 150 dB/V,150,3,7.4,7.1,2,0.02,0,2,2,3.019,2.997,0.644,0.01065,PASS,PASS,PASS
2432,slope 150 dB/V,150,5,7.4,7.1,2,0.02,0,2,2,5.012,5,0.2307,0.007206,PASS,PASS,PASS
2433,slope 150 dB/V,150,8,7.4,7.1,2,0.02,0,2,2,8.006,8.002,0.07812,0.005487,PASS,PASS,PASS
2434,slope 150 dB/V,150,3,7.4,7.1,5,0.02,0,3.9,3.9,3.019,3.023,0.7543,0.00946,PASS,PASS,PASS
2435,slope 150 dB/V,150,5,7.4,7.1,5,0.02,0,3.9,3.9,5.002,5.011,0.2185,0.0055,PASS,PASS,PASS
2436,slope 150 dB/V,150,8,7.4,7.1,5,0.02,0,3.9,3.9,7.999,8.004,0.05538,0.004532,PASS,PASS,PASS
2437,slope 150 dB/V,150,3,7.4,7.1,0.5,0.04,0,0.5,0.5,3.01,3.014,0.4645,0.01524,PASS,PASS,PASS
2438,slope 150 dB/V,150,5,7.4,7.1,0.5,0.04,0,0.5,0.5,5.009,5.012,0.2321,0.01173,PASS,PASS,PASS
2439,slope 150 dB/V,150,8,7.4,7.1,0.5,0.04,0,0.5,0.5,8.005,8.01,0.1192,0.009517,PASS,PASS,PASS
2440,slope 150 dB/V,150,3,7.4,7.1,1,0.04,0,1,1,3.019,3.011,0.6438,0.01226,PASS,PASS,PASS
2441,slope 150 dB/V,150,5,7.4,7.1,1,0.04,0,1,1,5.013,5.008,0.2503,0.008878,PASS,PASS,PASS
2442,slope 150 dB/V,150,8,7.4,7.1,1,0.04,0,1,1,8.005,8.007,0.08628,0.007377,PASS,PASS,PASS
2443,slope 150 dB/V,150,3,7.4,7.1,2,0.04,0,2,2,3.003,2.997,-0.1036,0.01607,PASS,PASS,PASS
2444,slope 150 dB/V,150,5,7.4,7.1,2,0.04,0,2,2,5.008,5,0.1525,0.01253,PASS,PASS,PASS
2445,slope 150 dB/V,150,8,7.4,7.1,2,0.04,0,2,2,8.006,8,0.07704,0.00981,PASS,PASS,PASS
2446,slope 150 dB/V,150,3,7.4,7.1,5,0.04,0,3.9,3.9,3.023,3.027,0.9103,0.01351,PASS,PASS,PASS
2447,slope 150 dB/V,150,5,7.4,7.1,5,0.04,0,3.9,3.9,5.008,5.015,0.2919,0.009922,PASS,PASS,PASS
2448,slope 150 dB/V,150,8,7.4,7.1,5,0.04,0,3.9,3.9,7.997,8.007,0.08126,0.007883,PASS,PASS,PASS
2449,slope 150 dB/V,150,3,7.4,7.1,0.5,0.06,0,0.5,0.5,2.995,3.014,0.4708,0.02088,PASS,PASS,PASS
2450,slope 150 dB/V,150,5,7.4,7.1,0.5,0.06,0,0.5,0.5,5.006,5.012,0.2368,0.01592,PASS,PASS,PASS
2451,slope 150 dB/V,150,8,7.4,7.1,0.5,0.06,0,0.5,0.5,8.005,8.012,0.146,0.01314,PASS,PASS,PASS
2452,slope 150 dB/V,150,3,7.4,7.1,1,0.06,0,1,1,3.021,3.015,0.7001,0.01685,PASS,PASS,PASS
2453,slope 150 dB/V,150,5,7.4,7.1,1,0.06,0,1,1,5.01,5.009,0.1901,0.01254,PASS,PASS,PASS
2454,slope 150 dB/V,150,8,7.4,7.1,1,0.06,0,1,1,8.007,8.003,0.08247,0.01036,PASS,PASS,PASS
2455,slope 150 dB/V,150,3,7.4,7.1,2,0.06,0,2,2,2.975,3.002,-0.8267,0.02216,PASS,PASS,PASS
2456,slope 150 dB/V,150,5,7.4,7.1,2,0.06,0,2,2,4.998,4.998,-0.04537,0.01718,PASS,PASS,PASS
2457,slope 150 dB/V,150,8,7.4,7.1,2,0.06,0,2,2,8.007,8.002,0.08183,0.01424,PASS,PASS,PASS
2458,slope 150 dB/V,150,3,7.4,7.1,5,0.06,0,3.9,3.9,3.016,3.021,0.7074,0.0173,PASS,PASS,PASS
2459,slope 150 dB/V,150,5,7.4,7.1,5,0.06,0,3.9,3.9,5.006,5.014,0.2704,0.01354,PASS,PASS,PASS
2460,slope 150 dB/V,150,8,7.4,7.1,5,0.06,0,3.9,3.9,7.997,8.005,0.05754,0.01127,PASS,PASS,PASS
2461,slope 150 dB/V,150,3,7.4,7.1,0.5,0.08,0,0.5,0.5,2.974,3.014,-0.8581,0.02604,PASS,PASS,PASS
2462,slope 150 dB/V,150,5,7.4,7.1,0.5,0.08,0,0.5,0.5,5.006,5.012,0.2307,0.0207,PASS,PASS,PASS
2463,slope 150 dB/V,150,8,7.4,7.1,0.5,0.08,0,0.5,0.5,8.005,8.009,0.1084,0.01702,PASS,PASS,PASS
2464,slope 150 dB/V,150,3,7.4,7.1,1,0.08,0,1,1,3.021,3.01,0.6929,0.02018,PASS,PASS,PASS
2465,slope 150 dB/V,150,5,7.4,7.1,1,0.08,0,1,1,5.009,5.007,0.1829,0.01593,PASS,PASS,PASS
2466,slope 150 dB/V,150,8,7.4,7.1,1,0.08,0,1,1,8.004,8.006,0.06899,0.01334,PASS,PASS,PASS
2467,slope 150 dB/V,150,3,7.4,7.1,2,0.08,0,2,2,2.957,3,-1.434,0.0276,PASS,PASS,PASS
2468,slope 150 dB/V,150,5,7.4,7.1,2,0.08,0,2,2,4.989,4.998,-0.2107,0.02213,PASS,PASS,PASS
2469,slope 150 dB/V,150,8,7.4,7.1,2,0.08,0,2,2,8.006,8.002,0.07318,0.01837,PASS,PASS,PASS
2470,slope 150 dB/V,150,3,7.4,7.1,5,0.08,0,3.9,3.9,3.011,3.021,0.7074,0.02239,PASS,PASS,PASS
2471,slope 150 dB/V,150,5,7.4,7.1,5,0.08,0,3.9,3.9,5.011,5.016,0.3127,0.01743,PASS,PASS,PASS
2472,slope 150 dB/V,150,8,7.4,7.1,5,0.08,0,3.9,3.9,7.997,8.005,0.06319,0.01442,PASS,PASS,PASS
2473,slope 150 dB/V,150,3,7.4,7.1,0.5,0.1,0,0.5,0.5,2.955,3.015,-1.505,0.03057,PASS,PASS,PASS
2474,slope 150 dB/V,150,5,7.4,7.1,0.5,0.1,0,0.5,0.5,4.994,5.011,0.2225,0.0245,PASS,PASS,PASS
2475,slope 150 dB/V,150,8,7.4,7.1,0.5,0.1,0,0.5,0.5,8.004,8.008,0.1009,0.02045,PASS,PASS,PASS
2476,slope 150 dB/V,150,3,7.4,7.1,1,0.1,0,1,1,3.014,3.012,0.4685,0.02434,PASS,PASS,PASS
2477,slope 150 dB/V,150,5,7.4,7.1,1,0.1,0,1,1,5.013,5.005,0.2515,0.01931,PASS,PASS,PASS
2478,slope 150 dB/V,150,8,7.4,7.1,1,0.1,0,1,1,8.005,8.008,0.097,0.01605,PASS,PASS,PASS
2479,slope 150 dB/V,150,3,7.4,7.1,2,0.1,0,2,2,2.935,3.001,-2.158,0.0328,PASS,PASS,PASS
2480,slope 150 dB/V,150,5,7.4,7.1,2,0.1,0,2,2,4.977,4.997,-0.4649,0.02651,PASS,PASS,PASS
2481,slope 150 dB/V,150,8,7.4,7.1,2,0.1,0,2,2,8.003,8.003,0.04333,0.02218,PASS,PASS,PASS
2482,slope 150 dB/V,150,3,7.4,7.1,5,0.1,0,3.9,3.9,3.006,3.021,0.7006,0.02593,PASS,PASS,PASS
2483,slope 150 dB/V,150,5,7.4,7.1,5,0.1,0,3.9,3.9,5.009,5.011,0.2161,0.02102,PASS,PASS,PASS
2484,slope 150 dB/V,150,8,7.4,7.1,5,0.1,0,3.9,3.9,7.995,8.006,0.08019,0.01768,PASS,PASS,PASS
2485,slope 150 dB/V,150,3,7.4,7.1,0.5,0.12,0,0.5,0.5,2.934,3.014,-2.195,0.03451,PASS,PASS,PASS
2486,slope 150 dB/V,150,5,7.4,7.1,0.5,0.12,0,0.5,0.5,4.985,5.015,-0.3084,0.02825,PASS,PASS,PASS
2487,slope 150 dB/V,150,8,7.4,7.1,0.5,0.12,0,0.5,0.5,8.004,8.009,0.1084,0.02367,PASS,PASS,PASS
2488,slope 150 dB/V,150,3,7.4,7.1,1,0.12,0,1,1,3.01,3.01,0.3429,0.02818,PASS,PASS,PASS
2489,slope 150 dB/V,150,5,7.4,7.1,1,0.12,0,1,1,5.011,5.008,0.227,0.02266,PASS,PASS,PASS
2490,slope 150 dB/V,150,8,7.4,7.1,1,0.12,0,1,1,8.005,8.006,0.07676,0.01868,PASS,PASS,PASS
2491,slope 150 dB/V,150,3,7.4,7.1,2,0.12,0,2,2,2.912,3.001,-2.949,0.03833,PASS,PASS,PASS
2492,slope 150 dB/V,150,5,7.4,7.1,2,0.12,0,2,2,4.955,4.996,-0.8976,0.03104,PASS,PASS,PASS
2493,slope 150 dB/V,150,8,7.4,7.1,2,0.12,0,2,2,8.001,8,0.01698,0.02577,PASS,PASS,PASS
2494,slope 150 dB/V,150,3,7.4,7.1,5,0.12,0,3.9,3.9,2.993,3.021,0.7074,0.03022,PASS,PASS,PASS
2495,slope 150 dB/V,150,5,7.4,7.1,5,0.12,0,3.9,3.9,5.007,5.012,0.242,0.02455,PASS,PASS,PASS
2496,slope 150 dB/V,150,8,7.4,7.1,5,0.12,0,3.9,3.9,7.995,8.005,0.05835,0.02025,PASS,PASS,PASS
2497,slope 150 dB/V,150,3,7.4,7.1,0.5,0.14,0,0.5,0.5,2.914,3.013,-2.873,0.03952,PASS,PASS,PASS
2498,slope 150 dB/V,150,5,7.4,7.1,0.5,0.14,0,0.5,0.5,4.97,5.014,-0.5966,0.03183,PASS,PASS,PASS
2499,slope 150 dB/V,150,8,7.4,7.1,0.5,0.14,0,0.5,0.5,8.004,8.007,0.08479,0.02663,PASS,PASS,PASS
2500,slope 150 dB/V,150,3,7.4,7.1,1,0.14,0,1,1,3,3.011,0.3575,0.03182,PASS,PASS,PASS
2501,slope 150 dB/V,150,5,7.4,7.1,1,0.14,0,1,1,5.011,5.006,0.2113,0.02538,PASS,PASS,PASS
2502,slope 150 dB/V,150,8,7.4,7.1,1,0.14,0,1,1,8.004,8.004,0.05497,0.02126,PASS,PASS,PASS
2503,slope 150 dB/V,150,3,7.4,7.1,2,0.14,0,2,2,2.89,3.003,-3.67,0.04272,PASS,PASS,PASS
2504,slope 150 dB/V,150,5,7.4,7.1,2,0.14,0,2,2,4.933,4.997,-1.336,0.03516,PASS,PASS,PASS
2505,slope 150 dB/V,150,8,7.4,7.1,2,0.14,0,2,2,7.997,8.003,-0.04302,0.02916,PASS,PASS,PASS
2506,slope 150 dB/V,150,3,7.4,7.1,5,0.14,0,3.9,3.9,2.979,3.022,0.73,0.03455,PASS,PASS,PASS
2507,slope 150 dB/V,150,5,7.4,7.1,5,0.14,0,3.9,3.9,5.004,5.013,0.2585,0.02774,PASS,PASS,PASS
2508,slope 150 dB/V,150,8,7.4,7.1,5,0.14,0,3.9,3.9,7.999,8.007,0.08409,0.023,PASS,PASS,PASS
2509,slope 150 dB/V,150,3,7.4,7.1,0.5,0.16,0,0.5,0.5,2.892,3.013,-3.601,0.04288,PASS,PASS,PASS
2510,slope 150 dB/V,150,5,7.4,7.1,0.5,0.16,0,0.5,0.5,4.952,5.011,-0.97,0.03533,PASS,PASS,PASS
2511,slope 150 dB/V,150,8,7.4,7.1,0.5,0.16,0,0.5,0.5,8.001,8.009,0.1074,0.02967,PASS,PASS,PASS
2512,slope 150 dB/V,150,3,7.4,7.1,1,0.16,0,1,1,2.989,3.014,0.469,0.03485,PASS,PASS,PASS
2513,slope 150 dB/V,150,5,7.4,7.1,1,0.16,0,1,1,5.008,5.006,0.1664,0.02839,PASS,PASS,PASS
2514,slope 150 dB/V,150,8,7.4,7.1,1,0.16,0,1,1,8.005,8.004,0.06797,0.02352,PASS,PASS,PASS
2515,slope 150 dB/V,150,3,7.4,7.1,2,0.16,0,2,2,2.866,3.003,-4.457,0.04789,PASS,PASS,PASS
2516,slope 150 dB/V,150,5,7.4,7.1,2,0.16,0,2,2,4.909,4.995,-1.815,0.03851,PASS,PASS,PASS
2517,slope 150 dB/V,150,8,7.4,7.1,2,0.16,0,2,2,7.989,8.002,-0.138,0.03202,PASS,PASS,PASS
2518,slope 150 dB/V,150,3,7.4,7.1,5,0.16,0,3.9,3.9,2.967,3.022,-1.11,0.03736,PASS,PASS,PASS
2519,slope 150 dB/V,150,5,7.4,7.1,5,0.16,0,3.9,3.9,4.999,5.014,0.2743,0.03071,PASS,PASS,PASS
2520,slope 150 dB/V,150,8,7.4,7.1,5,0.16,0,3.9,3.9,7.997,8.005,0.06096,0.02547,PASS,PASS,PASS
2521,slope 150 dB/V,150,3,7.4,7.1,0.5,0.18,0,0.5,0.5,2.867,3.017,-4.436,0.04737,PASS,PASS,PASS
2522,slope 150 dB/V,150,5,7.4,7.1,0.5,0.18,0,0.5,0.5,4.931,5.011,-1.37,0.03852,PASS,PASS,PASS
2523,slope 150 dB/V,150,8,7.4,7.1,0.5,0.18,0,0.5,0.5,7.998,8.008,0.1009,0.03245,PASS,PASS,PASS
2524,slope 150 dB/V,150,3,7.4,7.1,1,0.18,0,1,1,2.972,3.014,-0.9455,0.03829,PASS,PASS,PASS
2525,slope 150 dB/V,150,5,7.4,7.1,1,0.18,0,1,1,5.014,5.006,0.2816,0.03062,PASS,PASS,PASS
2526,slope 150 dB/V,150,8,7.4,7.1,1,0.18,0,1,1,8.005,8.008,0.1016,0.02559,PASS,PASS,PASS
2527,slope 150 dB/V,150,3,7.4,7.1,2,0.18,0,2,2,2.844,3.001,-5.204,0.05136,PASS,PASS,FAIL
2528,slope 150 dB/V,150,5,7.4,7.1,2,0.18,0,2,2,4.882,4.997,-2.364,0.0424,PASS,PASS,PASS
2529,slope 150 dB/V,150,8,7.4,7.1,2,0.18,0,2,2,7.976,8,-0.2941,0.03501,PASS,PASS,PASS
2530,slope 150 dB/V,150,3,7.4,7.1,5,0.18,0,3.9,3.9,2.952,3.022,-1.586,0.04108,PASS,PASS,PASS
2531,slope 150 dB/V,150,5,7.4,7.1,5,0.18,0,3.9,3.9,4.993,5.015,0.2943,0.03371,PASS,PASS,PASS
2532,slope 150 dB/V,150,8,7.4,7.1,5,0.18,0,3.9,3.9,7.996,8.004,-0.04527,0.02808,PASS,PASS,PASS
2533,slope 150 dB/V,150,3,7.4,7.1,0.5,0.2,0,0.5,0.5,2.846,3.012,-5.131,0.05164,PASS,PASS,FAIL
2534,slope 150 dB/V,150,5,7.4,7.1,0.5,0.2,0,0.5,0.5,4.909,5.012,-1.813,0.04197,PASS,PASS,PASS
2535,slope 150 dB/V,150,8,7.4,7.1,0.5,0.2,0,0.5,0.5,7.993,8.009,0.1084,0.03474,PASS,PASS,PASS
2536,slope 150 dB/V,150,3,7.4,7.1,1,0.2,0,1,1,2.958,3.01,-1.402,0.04164,PASS,PASS,PASS
2537,slope 150 dB/V,150,5,7.4,7.1,1,0.2,0,1,1,5.012,5.009,0.2355,0.03328,PASS,PASS,PASS
2538,slope 150 dB/V,150,8,7.4,7.1,1,0.2,0,1,1,8.005,8.006,0.06887,0.02758,PASS,PASS,PASS
2539,slope 150 dB/V,150,3,7.4,7.1,2,0.2,0,2,2,2.822,3.002,-5.923,0.05594,PASS,PASS,FAIL
2540,slope 150 dB/V,150,5,7.4,7.1,2,0.2,0,2,2,4.855,5.002,-2.905,0.04565,PASS,PASS,PASS
2541,slope 150 dB/V,150,8,7.4,7.1,2,0.2,0,2,2,7.959,8.002,-0.5139,0.03772,PASS,PASS,PASS
2542,slope 150 dB/V,150,3,7.4,7.1,5,0.2,0,3.9,3.9,2.935,3.022,-2.155,0.04462,PASS,PASS,PASS
2543,slope 150 dB/V,150,5,7.4,7.1,5,0.2,0,3.9,3.9,4.99,5.014,0.2737,0.03611,PASS,PASS,PASS
2544,slope 150 dB/V,150,8,7.4,7.1,5,0.2,0,3.9,3.9,7.997,8.006,0.06943,0.03014,PASS,PASS,PASS
2545,slope 150 dB/V,150,3,7.4,7.1,0.5,0.22,0,0.5,0.5,2.823,3.014,-5.907,0.05523,PASS,PASS,FAIL
2546,slope 150 dB/V,150,5,7.4,7.1,0.5,0.22,0,0.5,0.5,4.884,5.011,-2.317,0.04477,PASS,PASS,PASS
2547,slope 150 dB/V,150,8,7.4,7.1,0.5,0.22,0,0.5,0.5,7.984,8.01,-0.2033,0.03718,PASS,PASS,PASS
2548,slope 150 dB/V,150,3,7.4,7.1,1,0.22,0,1,1,2.943,3.009,-1.914,0.0441,PASS,PASS,PASS
2549,slope 150 dB/V,150,5,7.4,7.1,1,0.22,0,1,1,5.013,5.006,0.2517,0.03591,PASS,PASS,PASS
2550,slope 150 dB/V,150,8,7.4,7.1,1,0.22,0,1,1,8.007,8.003,0.08222,0.02946,PASS,PASS,PASS
2551,slope 150 dB/V,150,3,7.4,7.1,2,0.22,0,2,2,2.8,3.001,-6.65,0.06027,PASS,PASS,FAIL
2552,slope 150 dB/V,150,5,7.4,7.1,2,0.22,0,2,2,4.828,4.995,-3.437,0.04854,PASS,PASS,PASS
2553,slope 150 dB/V,150,8,7.4,7.1,2,0.22,0,2,2,7.936,8.004,-0.794,0.04047,PASS,PASS,PASS
2554,slope 150 dB/V,150,3,7.4,7.1,5,0.22,0,3.9,3.9,2.917,3.02,-2.751,0.04682,PASS,PASS,PASS
2555,slope 150 dB/V,150,5,7.4,7.1,5,0.22,0,3.9,3.9,4.982,5.016,-0.3616,0.03921,PASS,PASS,PASS
2556,slope 150 dB/V,150,8,7.4,7.1,5,0.22,0,3.9,3.9,7.997,8.004,0.04474,0.03224,PASS,PASS,PASS
2557,slope 150 dB/V,150,3,7.4,7.1,0.5,0.24,0,0.5,0.5,2.804,3.016,-6.534,0.05861,PASS,PASS,FAIL
2558,slope 150 dB/V,150,5,7.4,7.1,0.5,0.24,0,0.5,0.5,4.859,5.014,-2.828,0.04751,PASS,PASS,PASS
2559,slope 150 dB/V,150,8,7.4,7.1,0.5,0.24,0,0.5,0.5,7.97,8.009,-0.3737,0.03948,PASS,PASS,PASS
2560,slope 150 dB/V,150,3,7.4,7.1,1,0.24,0,1,1,2.928,3.01,-2.413,0.04725,PASS,PASS,PASS
2561,slope 150 dB/V,150,5,7.4,7.1,1,0.24,0,1,1,5.006,5.007,0.1443,0.03831,PASS,PASS,PASS
2562,slope 150 dB/V,150,8,7.4,7.1,1,0.24,0,1,1,8.004,8.006,0.06899,0.03157,PASS,PASS,PASS
2563,slope 150 dB/V,150,3,7.4,7.1,2,0.24,0,2,2,2.779,2.998,-7.377,0.06367,PASS,PASS,FAIL
2564,slope 150 dB/V,150,5,7.4,7.1,2,0.24,0,2,2,4.804,4.999,-3.925,0.05174,PASS,PASS,FAIL
2565,slope 150 dB/V,150,8,7.4,7.1,2,0.24,0,2,2,7.912,8.002,-1.105,0.04306,PASS,PASS,PASS
2566,slope 150 dB/V,150,3,7.4,7.1,5,0.24,0,3.9,3.9,2.903,3.021,-3.217,0.0497,PASS,PASS,PASS
2567,slope 150 dB/V,150,5,7.4,7.1,5,0.24,0,3.9,3.9,4.97,5.014,-0.5978,0.04125,PASS,PASS,PASS
2568,slope 150 dB/V,150,8,7.4,7.1,5,0.24,0,3.9,3.9,7.996,8.007,0.08305,0.03445,PASS,PASS,PASS
2569,slope 150 dB/V,150,3,7.4,7.1,0.5,0.26,0,0.5,0.5,2.781,3.017,-7.314,0.0623,PASS,PASS,FAIL
2570,slope 150 dB/V,150,5,7.4,7.1,0.5,0.26,0,0.5,0.5,4.835,5.012,-3.302,0.04991,PASS,PASS,PASS
2571,slope 150 dB/V,150,8,7.4,7.1,0.5,0.26,0,0.5,0.5,7.954,8.011,-0.5746,0.04163,PASS,PASS,PASS
2572,slope 150 dB/V,150,3,7.4,7.1,1,0.26,0,1,1,2.914,3.011,-2.861,0.05027,PASS,PASS,FAIL
2573,slope 150 dB/V,150,5,7.4,7.1,1,0.26,0,1,1,5.002,5.009,0.1719,0.04,PASS,PASS,PASS
2574,slope 150 dB/V,150,8,7.4,7.1,1,0.26,0,1,1,8.004,8.004,0.05575,0.03317,PASS,PASS,PASS
2575,slope 150 dB/V,150,3,7.4,7.1,2,0.26,0,2,2,2.759,2.999,-8.032,0.06674,PASS,PASS,FAIL
2576,slope 150 dB/V,150,5,7.4,7.1,2,0.26,0,2,2,4.775,4.996,-4.507,0.05467,PASS,PASS,FAIL
2577,slope 150 dB/V,150,8,7.4,7.1,2,0.26,0,2,2,7.882,8.001,-1.475,0.04543,PASS,PASS,PASS
2578,slope 150 dB/V,150,3,7.4,7.1,5,0.26,0,3.9,3.9,2.889,3.021,-3.692,0.0528,PASS,PASS,FAIL
2579,slope 150 dB/V,150,5,7.4,7.1,5,0.26,0,3.9,3.9,4.957,5.015,-0.8644,0.04375,PASS,PASS,PASS
2580,slope 150 dB/V,150,8,7.4,7.1,5,0.26,0,3.9,3.9,7.996,8.004,0.04844,0.03642,PASS,PASS,PASS
2581,slope 150 dB/V,150,3,7.4,7.1,0.5,0.28,0,0.5,0.5,2.761,3.012,-7.957,0.06431,PASS,PASS,FAIL
2582,slope 150 dB/V,150,5,7.4,7.1,0.5,0.28,0,0.5,0.5,4.807,5.011,-3.867,0.05273,PASS,PASS,FAIL
2583,slope 150 dB/V,150,8,7.4,7.1,0.5,0.28,0,0.5,0.5,7.931,8.008,-0.8614,0.04398,PASS,PASS,PASS
2584,slope 150 dB/V,150,3,7.4,7.1,1,0.28,0,1,1,2.894,3.008,-3.53,0.05241,PASS,PASS,FAIL
2585,slope 150 dB/V,150,5,7.4,7.1,1,0.28,0,1,1,4.988,5.006,-0.2497,0.04205,PASS,PASS,PASS
2586,slope 150 dB/V,150,8,7.4,7.1,1,0.28,0,1,1,8.003,8.003,0.04225,0.03505,PASS,PASS,PASS
2587,slope 150 dB/V,150,3,7.4,7.1,2,0.28,0,2,2,2.739,3.001,-8.688,0.06961,PASS,PASS,FAIL
2588,slope 150 dB/V,150,5,7.4,7.1,2,0.28,0,2,2,4.752,4.999,-4.952,0.05722,PASS,PASS,FAIL
2589,slope 150 dB/V,150,8,7.4,7.1,2,0.28,0,2,2,7.853,8.001,-1.839,0.04778,PASS,PASS,PASS
2590,slope 150 dB/V,150,3,7.4,7.1,5,0.28,0,3.9,3.9,2.87,3.025,-4.319,0.05605,PASS,PASS,FAIL
2591,slope 150 dB/V,150,5,7.4,7.1,5,0.28,0,3.9,3.9,4.938,5.016,-1.249,0.04611,PASS,PASS,PASS
2592,slope 150 dB/V,150,8,7.4,7.1,5,0.28,0,3.9,3.9,7.995,8.006,0.06983,0.03822,PASS,PASS,PASS
2593,slope 150 dB/V,150,3,7.4,7.1,0.5,0.3,0,0.5,0.5,2.741,3.016,-8.644,0.06798,PASS,PASS,FAIL
2594,slope 150 dB/V,150,5,7.4,7.1,0.5,0.3,0,0.5,0.5,4.784,5.013,-4.313,0.05538,PASS,PASS,FAIL
2595,slope 150 dB/V,150,8,7.4,7.1,0.5,0.3,0,0.5,0.5,7.908,8.01,-1.154,0.04588,PASS,PASS,PASS
2596,slope 150 dB/V,150,3,7.4,7.1,1,0.3,0,1,1,2.879,3.008,-4.03,0.05452,PASS,PASS,FAIL
2597,slope 150 dB/V,150,5,7.4,7.1,1,0.3,0,1,1,4.972,5.008,-0.5535,0.04405,PASS,PASS,PASS
2598,slope 150 dB/V,150,8,7.4,7.1,1,0.3,0,1,1,8.005,8.008,0.09551,0.03672,PASS,PASS,PASS
2599,slope 150 dB/V,150,3,7.4,7.1,2,0.3,0,2,2,2.721,3.001,-9.308,0.07269,PASS,PASS,FAIL
2600,slope 150 dB/V,150,5,7.4,7.1,2,0.3,0,2,2,4.724,4.997,-5.515,0.05948,PASS,PASS,FAIL
2601,slope 150 dB/V,150,8,7.4,7.1,2,0.3,0,2,2,7.824,8,-2.2,0.04981,PASS,PASS,PASS
2602,slope 150 dB/V,150,3,7.4,7.1,5,0.3,0,3.9,3.9,2.855,3.02,-4.82,0.05759,PASS,PASS,FAIL
2603,slope 150 dB/V,150,5,7.4,7.1,5,0.3,0,3.9,3.9,4.923,5.015,-1.539,0.04836,PASS,PASS,PASS
2604,slope 150 dB/V,150,8,7.4,7.1,5,0.3,0,3.9,3.9,7.993,8.004,-0.0859,0.03989,PASS,PASS,PASS
