run,kind,C1C,C1ESR,C1ESL,C1Lvia,C1Cpad,C3C,C3ESR,C3ESL,C3Lvia,C3Cpad,C5C,C5ESR,C5ESL,C5Lvia,C5Cpad,C7C,C7ESR,C7ESL,C7Lvia,C7Cpad,L2L,L2R,L2C,L2Ltr,L4L,L4R,L4C,L4Ltr,L6L,L6R,L6C,L6Ltr,K24,K46,K26,Cio,L2Q,L2SRF,L4Q,L4SRF,L6Q,L6SRF
1,corner -tol,2.156000e-11,2.000000e-01,1.000000e-09,8.496433e-10,3.489749e-13,3.822000e-11,2.000000e-01,1.000000e-09,8.496433e-10,3.489749e-13,3.822000e-11,2.000000e-01,1.000000e-09,8.496433e-10,3.489749e-13,2.156000e-11,2.000000e-01,1.000000e-09,8.496433e-10,3.489749e-13,6.664000e-08,6.280672e-01,2.189362e-13,1.000000e-09,8.036000e-08,7.573752e-01,2.365149e-13,1.000000e-09,6.664000e-08,6.280672e-01,2.189362e-13,1.000000e-09,5.000000e-03,5.000000e-03,1.000000e-03,2.000000e-15,1.000000e+02,1.500000e+09,1.000000e+02,1.300000e+09,1.000000e+02,1.500000e+09
2,corner +tol,2.244000e-11,2.000000e-01,1.000000e-09,8.496433e-10,3.489749e-13,3.978000e-11,2.000000e-01,1.000000e-09,8.496433e-10,3.489749e-13,3.978000e-11,2.000000e-01,1.000000e-09,8.496433e-10,3.489749e-13,2.244000e-11,2.000000e-01,1.000000e-09,8.496433e-10,3.489749e-13,6.936000e-08,6.537026e-01,2.123113e-13,1.000000e-09,8.364000e-08,7.882884e-01,2.292006e-13,1.000000e-09,6.936000e-08,6.537026e-01,2.123113e-13,1.000000e-09,5.000000e-03,5.000000e-03,1.000000e-03,2.000000e-15,1.000000e+02,1.500000e+09,1.000000e+02,1.300000e+09,1.000000e+02,1.500000e+09
3,monte carlo,2.209201e-11,2.148111e-01,1.103778e-09,1.153050e-09,4.461061e-13,3.880161e-11,1.274951e-01,1.151441e-09,7.423756e-10,2.876594e-13,3.932787e-11,3.870949e-01,8.517631e-10,1.154522e-09,1.772582e-13,2.169711e-11,2.704989e-01,7.561636e-10,3.449263e-10,3.215733e-13,6.930983e-08,6.004544e-01,1.721255e-13,1.842207e-09,8.082986e-08,5.871725e-01,1.963780e-13,1.457260e-09,6.849505e-08,5.843891e-01,1.335505e-13,1.556990e-09,7.218611e-05,-2.245247e-03,-1.125399e-03,2.098985e-15,1.087892e+02,1.717142e+09,1.297410e+02,1.536554e+09,1.104659e+02,1.828901e+09
4,monte carlo,2.237116e-11,2.658706e-01,8.312807e-10,9.393532e-10,2.074990e-13,3.841464e-11,3.311928e-01,8.660929e-10,7.937468e-10,3.689556e-13,3.910126e-11,3.862028e-01,6.058602e-10,5.458244e-10,3.250892e-13,2.176951e-11,2.576986e-01,9.236703e-10,3.559641e-10,2.797112e-13,6.865279e-08,5.480411e-01,1.448656e-13,9.304589e-10,8.157834e-08,7.508491e-01,1.360555e-13,9.529343e-10,6.762152e-08,6.365367e-01,1.563988e-13,1.364995e-09,4.653519e-03,8.779303e-03,-6.256421e-04,3.690541e-15,1.180636e+02,1.943911e+09,1.023984e+02,1.647520e+09,1.001227e+02,1.744170e+09
5,monte carlo,2.231970e-11,1.395583e-01,8.521289e-10,5.811305e-10,2.565893e-13,3.859204e-11,1.994087e-01,8.799220e-10,1.127998e-09,3.910937e-13,3.888725e-11,3.808255e-01,9.313407e-10,6.489792e-10,4.885461e-13,2.158236e-11,1.728917e-01,1.167557e-09,1.256570e-09,2.465855e-13,6.687197e-08,5.475911e-01,1.943649e-13,1.152872e-09,8.237567e-08,6.166950e-01,1.913435e-13,1.281719e-09,6.900786e-08,5.389202e-01,1.193240e-13,1.958102e-09,8.157566e-03,-6.903235e-03,-2.191809e-03,3.831881e-15,1.150956e+02,1.669138e+09,1.258925e+02,1.472828e+09,1.206828e+02,1.937663e+09
6,monte carlo,2.190358e-11,2.159445e-01,8.646179e-10,1.185954e-09,4.649569e-13,3.943564e-11,1.941913e-01,8.366709e-10,4.433282e-10,3.418711e-13,3.969276e-11,2.334807e-01,7.063340e-10,1.243352e-09,2.583271e-13,2.165052e-11,3.688375e-01,7.628914e-10,3.755422e-10,2.082029e-13,6.815304e-08,5.775646e-01,1.792149e-13,1.364113e-09,8.346613e-08,6.998474e-01,1.671793e-13,1.764754e-09,6.704742e-08,5.498158e-01,2.272637e-13,1.109651e-09,-8.391608e-03,-3.451734e-03,-2.909710e-03,3.582099e-15,1.112131e+02,1.785580e+09,1.124030e+02,1.470436e+09,1.149307e+02,1.546277e+09
7,monte carlo,2.217510e-11,3.692426e-01,1.152331e-09,1.129986e-09,2.540282e-13,3.933769e-11,3.626692e-01,9.101435e-10,2.880541e-10,4.155991e-13,3.845265e-11,1.664153e-01,1.139552e-09,4.895241e-10,1.754381e-13,2.225598e-11,2.500201e-01,8.322958e-10,7.714432e-10,5.185346e-13,6.845985e-08,5.768981e-01,2.015644e-13,9.807315e-10,8.170616e-08,6.648576e-01,2.355749e-13,1.161753e-09,6.894469e-08,6.216043e-01,1.600015e-13,7.743856e-10,-2.456888e-03,4.438779e-03,1.555194e-03,2.779697e-15,1.118428e+02,1.670493e+09,1.158237e+02,1.409141e+09,1.045341e+02,1.632153e+09
8,monte carlo,2.214249e-11,3.597486e-01,1.141073e-09,1.008170e-09,4.023018e-13,3.883455e-11,2.537398e-01,7.038399e-10,5.048774e-10,3.500608e-13,3.862963e-11,1.775138e-01,6.978603e-10,4.637557e-10,1.699797e-13,2.189464e-11,2.448635e-01,9.058361e-10,5.057783e-10,4.387965e-13,6.870211e-08,5.162822e-01,1.750507e-13,7.592731e-10,8.171887e-08,7.194363e-01,1.648217e-13,9.407964e-10,6.666550e-08,4.889104e-01,2.331697e-13,1.797944e-09,-4.157663e-04,-4.593574e-04,6.270212e-04,3.539089e-15,1.254163e+02,1.597285e+09,1.070536e+02,1.631349e+09,1.285118e+02,1.564365e+09
9,monte carlo,2.190644e-11,1.294051e-01,6.230262e-10,5.033190e-10,4.340977e-13,3.919903e-11,2.605596e-01,6.446209e-10,8.731104e-10,3.060372e-13,3.914292e-11,1.932378e-01,1.058165e-09,1.130807e-09,2.796471e-13,2.183851e-11,3.402546e-01,8.673054e-10,8.934617e-10,5.265883e-13,6.722288e-08,4.882430e-01,2.114649e-13,1.068390e-09,8.290068e-08,7.432014e-01,1.818203e-13,1.403164e-09,6.757284e-08,6.322175e-01,2.010932e-13,6.963901e-10,1.803775e-03,-7.068525e-03,8.708168e-04,7.088650e-16,1.297634e+02,1.534397e+09,1.051290e+02,1.517754e+09,1.007342e+02,1.533500e+09
10,monte carlo,2.187693e-11,3.648113e-01,8.489248e-10,8.113255e-10,5.289440e-13,3.935813e-11,1.899057e-01,1.169408e-09,3.296433e-10,3.097843e-13,3.929757e-11,3.658144e-01,9.837715e-10,1.091579e-09,4.400360e-13,2.218364e-11,2.138495e-01,6.049242e-10,3.347401e-10,3.535063e-13,6.913459e-08,5.118720e-01,2.246047e-13,1.762211e-09,8.142509e-08,6.350403e-01,2.059614e-13,1.914138e-09,6.830238e-08,6.315375e-01,2.146157e-13,1.673134e-09,3.495881e-03,5.047829e-03,-2.845127e-03,5.559695e-16,1.272932e+02,1.524912e+09,1.208448e+02,1.540548e+09,1.019314e+02,1.641551e+09
11,monte carlo,2.189445e-11,1.303760e-01,8.628067e-10,1.241089e-09,3.360303e-13,3.892574e-11,2.605369e-01,1.040765e-09,5.975739e-10,3.668297e-13,3.873258e-11,3.955389e-01,8.205542e-10,7.708515e-10,3.195103e-13,2.213750e-11,1.799870e-01,9.066870e-10,3.799965e-10,4.732488e-13,6.786116e-08,6.165338e-01,1.653912e-13,1.198178e-09,8.184360e-08,6.709551e-01,2.046517e-13,1.106958e-09,6.711679e-08,5.904111e-01,1.786859e-13,9.181497e-10,8.253822e-03,-7.358886e-03,2.700372e-03,1.178958e-15,1.037374e+02,1.913636e+09,1.149641e+02,1.422758e+09,1.071391e+02,1.799586e+09
12,monte carlo,2.161747e-11,3.064694e-01,7.078136e-10,1.139270e-09,2.856245e-13,3.959568e-11,1.551833e-01,6.540379e-10,4.771798e-10,4.420664e-13,3.894517e-11,1.942332e-01,8.557584e-10,1.247852e-09,3.834546e-13,2.223026e-11,2.956892e-01,7.081987e-10,2.697356e-10,4.459058e-13,6.898548e-08,5.740375e-01,1.475608e-13,1.697304e-09,8.330659e-08,6.533207e-01,2.137799e-13,9.337050e-10,6.924188e-08,5.030368e-01,1.216084e-13,1.427700e-09,5.320234e-03,-5.033151e-03,-2.347009e-03,4.405023e-15,1.132631e+02,1.927035e+09,1.201778e+02,1.354792e+09,1.297299e+02,1.915143e+09
13,monte carlo,2.165131e-11,2.681316e-01,1.098320e-09,4.107477e-10,4.533340e-13,3.954246e-11,2.129775e-01,1.197057e-09,8.357875e-10,5.054748e-13,3.920499e-11,2.851831e-01,9.728411e-10,4.535020e-10,3.705019e-13,2.241841e-11,1.303731e-01,1.123495e-09,1.235106e-09,3.081649e-13,6.889429e-08,5.562707e-01,1.286774e-13,1.527040e-09,8.136620e-08,5.910166e-01,1.999422e-13,1.281968e-09,6.771361e-08,5.806640e-01,1.426715e-13,7.065340e-10,7.489214e-03,-5.863312e-03,-1.653634e-03,3.862117e-15,1.167262e+02,1.894776e+09,1.297524e+02,1.378648e+09,1.099062e+02,1.860309e+09
14,monte carlo,2.208507e-11,3.975455e-01,1.049468e-09,1.259875e-09,4.151846e-13,3.898746e-11,3.803147e-01,1.187583e-09,5.698157e-10,2.779844e-13,3.897192e-11,3.710661e-01,1.155425e-09,3.917939e-10,3.225587e-13,2.170444e-11,1.619737e-01,9.539489e-10,9.747146e-10,2.356108e-13,6.908767e-08,6.248641e-01,1.924410e-13,1.851604e-09,8.179716e-08,6.576862e-01,1.404183e-13,1.477591e-09,6.711801e-08,5.214710e-01,2.142652e-13,1.295320e-09,-3.001921e-04,4.778409e-03,1.110196e-03,3.924934e-15,1.042044e+02,1.745407e+09,1.172170e+02,1.678555e+09,1.213054e+02,1.676164e+09
15,monte carlo,2.229221e-11,1.254086e-01,6.082233e-10,6.025919e-10,2.779584e-13,3.924060e-11,3.898272e-01,8.480854e-10,5.620787e-10,3.701696e-13,3.945038e-11,3.592772e-01,8.677074e-10,3.408969e-10,3.896040e-13,2.209120e-11,3.097156e-01,7.238251e-10,1.047705e-09,2.335656e-13,6.763357e-08,5.553273e-01,1.620022e-13,5.607341e-10,8.170743e-08,6.116995e-01,2.039622e-13,6.584609e-10,6.672588e-08,4.998459e-01,1.547493e-13,7.724625e-10,4.890220e-03,-8.796830e-03,2.041099e-05,4.573577e-15,1.147848e+02,1.876973e+09,1.258910e+02,1.415487e+09,1.258141e+02,1.749619e+09
16,monte carlo,2.228033e-11,2.008040e-01,7.673331e-10,5.077193e-10,4.714065e-13,3.944029e-11,2.889174e-01,1.006630e-09,6.282666e-10,2.102219e-13,3.856801e-11,2.431319e-01,6.506209e-10,9.687997e-10,3.120158e-13,2.235872e-11,2.971763e-01,7.654974e-10,3.626169e-10,4.685450e-13,6.928250e-08,5.639581e-01,1.697350e-13,6.713326e-10,8.212573e-08,7.004819e-01,1.732934e-13,1.051458e-09,6.932234e-08,5.579890e-01,1.879843e-13,5.703659e-10,7.367254e-03,5.947622e-03,-3.642008e-04,9.999164e-16,1.157838e+02,1.830729e+09,1.104978e+02,1.521981e+09,1.170897e+02,1.769050e+09
17,monte carlo,2.231511e-11,2.462409e-01,7.741585e-10,7.885646e-10,4.983317e-13,3.913105e-11,1.818142e-01,7.008275e-10,8.299237e-10,2.526155e-13,3.880912e-11,1.863439e-01,6.246695e-10,1.194417e-09,3.158763e-13,2.206461e-11,2.949446e-01,1.181125e-09,6.857209e-10,3.871494e-13,6.749662e-08,4.936660e-01,1.359676e-13,5.852185e-10,8.238995e-08,7.054175e-01,1.637633e-13,1.297986e-09,6.851505e-08,5.990621e-01,1.634679e-13,6.839830e-10,-1.462506e-03,-1.520838e-03,4.260433e-04,4.950385e-15,1.288605e+02,1.906825e+09,1.100777e+02,1.625288e+09,1.077917e+02,1.741338e+09
18,monte carlo,2.157009e-11,2.955902e-01,1.072444e-09,1.077824e-09,3.583156e-13,3.837763e-11,2.879384e-01,9.353075e-10,4.482691e-10,3.445115e-13,3.836547e-11,2.035105e-01,9.392511e-10,4.472731e-10,2.436906e-13,2.211108e-11,3.915305e-01,1.147797e-09,7.943291e-10,1.917023e-13,6.825902e-08,5.528535e-01,1.770907e-13,9.378363e-10,8.361254e-08,6.660678e-01,1.865770e-13,8.958620e-10,6.818629e-08,5.098397e-01,1.818239e-13,8.597685e-10,-6.673756e-03,4.348566e-03,1.190088e-03,1.709714e-15,1.163647e+02,1.783250e+09,1.183107e+02,1.530969e+09,1.260476e+02,1.634266e+09
19,monte carlo,2.181228e-11,1.396362e-01,1.186746e-09,7.574788e-10,3.734008e-13,3.969959e-11,3.530739e-01,6.817525e-10,6.225514e-10,4.648825e-13,3.840957e-11,3.227707e-01,9.691634e-10,4.196249e-10,4.722510e-13,2.158696e-11,3.791981e-01,8.597926e-10,1.004082e-09,3.753176e-13,6.786762e-08,5.944131e-01,1.303375e-13,1.801600e-09,8.287706e-08,6.355360e-01,2.241248e-13,1.810635e-09,6.898347e-08,5.239340e-01,1.896995e-13,1.684313e-09,-7.981376e-03,-3.138039e-03,9.723115e-04,8.922070e-16,1.076082e+02,1.879806e+09,1.229038e+02,1.427676e+09,1.240908e+02,1.643946e+09
20,monte carlo,2.223912e-11,3.497652e-01,6.114068e-10,1.183812e-09,4.523460e-13,3.909314e-11,2.557615e-01,1.174446e-09,1.230569e-09,4.797934e-13,3.876024e-11,1.986528e-01,9.830023e-10,1.233357e-09,1.794445e-13,2.206278e-11,1.348679e-01,1.146707e-09,9.303461e-10,1.792601e-13,6.753605e-08,6.194192e-01,1.339443e-13,9.157420e-10,8.295870e-08,7.442767e-01,1.651057e-13,1.893910e-09,6.734863e-08,5.325687e-01,2.189972e-13,1.435536e-09,9.514667e-03,-1.905383e-03,7.426832e-04,3.573033e-15,1.027595e+02,1.935818e+09,1.050506e+02,1.500481e+09,1.191857e+02,1.544459e+09
21,monte carlo,2.161741e-11,1.543405e-01,1.018966e-09,7.991550e-10,1.734243e-13,3.840698e-11,1.521220e-01,1.138494e-09,6.669417e-10,1.828033e-13,3.875947e-11,1.834075e-01,6.403689e-10,8.579541e-10,2.590033e-13,2.185820e-11,2.811854e-01,8.560352e-10,1.212738e-09,4.995951e-13,6.684553e-08,5.619251e-01,2.191454e-13,1.053992e-09,8.137982e-08,7.045212e-01,1.735310e-13,1.759972e-09,6.903186e-08,5.834053e-01,1.626574e-13,1.971615e-09,1.824777e-05,1.063787e-03,-1.490030e-03,2.074236e-15,1.121153e+02,1.528479e+09,1.088664e+02,1.462514e+09,1.115194e+02,1.739182e+09
22,monte carlo,2.158341e-11,2.274330e-01,7.728771e-10,1.094507e-09,2.587085e-13,3.844052e-11,1.527614e-01,9.862084e-10,4.821338e-10,4.666710e-13,3.957417e-11,3.991802e-01,1.153609e-09,1.032799e-09,2.073545e-13,2.203240e-11,1.587682e-01,1.092262e-09,3.203722e-10,4.458948e-13,6.677508e-08,5.057492e-01,1.965495e-13,9.175871e-10,8.198125e-08,6.962127e-01,1.671497e-13,9.936689e-10,6.679337e-08,5.178134e-01,1.524394e-13,9.443157e-10,8.934106e-03,7.073668e-03,2.899728e-04,4.181046e-15,1.244372e+02,1.595103e+09,1.109797e+02,1.566761e+09,1.215714e+02,1.751740e+09
23,monte carlo,2.209173e-11,1.367297e-01,1.018690e-09,8.886938e-10,5.059734e-13,3.947996e-11,1.381882e-01,1.001266e-09,1.010097e-09,3.852258e-13,3.953633e-11,3.157013e-01,6.818799e-10,7.631418e-10,2.136237e-13,2.208259e-11,2.990571e-01,1.036768e-09,1.201293e-09,3.610834e-13,6.793016e-08,5.647527e-01,2.107364e-13,1.928085e-09,8.291346e-08,7.680338e-01,1.714580e-13,1.278600e-09,6.744819e-08,5.659212e-01,1.774352e-13,1.585535e-09,4.027190e-03,9.178769e-03,-7.753971e-04,3.548232e-15,1.133641e+02,1.646362e+09,1.017457e+02,1.635420e+09,1.123273e+02,1.794806e+09
24,monte carlo,2.224006e-11,1.746207e-01,7.394399e-10,1.214543e-09,2.458964e-13,3.906427e-11,2.218340e-01,1.174211e-09,8.404317e-10,2.953894e-13,3.854082e-11,1.800613e-01,1.000586e-09,8.096914e-10,4.391763e-13,2.205627e-11,1.111545e-01,1.194885e-09,9.653146e-10,3.099157e-13,6.923679e-08,6.102441e-01,1.874940e-13,1.499225e-09,8.146660e-08,6.424375e-01,1.783561e-13,7.345994e-10,6.795559e-08,5.283549e-01,1.518410e-13,1.753436e-09,4.854702e-03,-2.287409e-03,1.838923e-03,4.124653e-15,1.069312e+02,1.742055e+09,1.195143e+02,1.642551e+09,1.212189e+02,1.730436e+09
25,monte carlo,2.190907e-11,3.599994e-01,1.170092e-09,6.377299e-10,5.102820e-13,3.862712e-11,3.881659e-01,9.464857e-10,8.434705e-10,5.127586e-13,3.940111e-11,1.014208e-01,7.409388e-10,5.383402e-10,4.583052e-13,2.199696e-11,3.439244e-01,6.785394e-10,8.973560e-10,2.541913e-13,6.873187e-08,5.352490e-01,1.984272e-13,1.692344e-09,8.054437e-08,5.884451e-01,2.028760e-13,7.889331e-10,6.848856e-08,6.039322e-01,1.613173e-13,8.707100e-10,-4.636467e-04,7.858908e-03,1.729406e-03,2.175127e-15,1.210245e+02,1.532747e+09,1.290032e+02,1.402392e+09,1.068811e+02,1.659268e+09
26,monte carlo,2.222323e-11,3.404425e-01,7.601668e-10,5.072590e-10,3.064984e-13,3.963685e-11,2.021036e-01,1.104901e-09,9.393956e-10,5.000223e-13,3.885746e-11,1.904612e-01,1.019176e-09,1.068479e-09,2.466792e-13,2.239323e-11,1.112577e-01,9.548547e-10,8.547881e-10,2.310185e-13,6.815935e-08,5.001055e-01,2.167017e-13,1.675210e-09,8.187937e-08,7.675887e-01,2.224244e-13,7.941638e-10,6.768023e-08,5.503052e-01,1.615851e-13,1.328551e-09,2.712337e-03,-8.051398e-03,2.524624e-03,3.447928e-15,1.284502e+02,1.611274e+09,1.005350e+02,1.311661e+09,1.159122e+02,1.770696e+09
27,monte carlo,2.213250e-11,3.443949e-01,8.107334e-10,6.723886e-10,2.803259e-13,3.860785e-11,3.692938e-01,1.126774e-09,1.178662e-09,3.378174e-13,3.831215e-11,2.322779e-01,1.180990e-09,1.252928e-09,4.691581e-13,2.210432e-11,2.647503e-01,9.374992e-10,9.338423e-10,2.852103e-13,6.745509e-08,5.724971e-01,1.370595e-13,1.838432e-09,8.206629e-08,6.837210e-01,2.211793e-13,1.515947e-09,6.904908e-08,6.280603e-01,1.594965e-13,1.720361e-09,9.234251e-03,-7.890145e-04,-8.530687e-04,4.420820e-15,1.110485e+02,1.878600e+09,1.131246e+02,1.319029e+09,1.036162e+02,1.654147e+09
28,monte carlo,2.216033e-11,1.865229e-01,8.051304e-10,9.399243e-10,5.224354e-13,3.839170e-11,1.332920e-01,7.744258e-10,1.179925e-09,4.740775e-13,3.969302e-11,1.938282e-01,9.744337e-10,1.041034e-09,2.595071e-13,2.228910e-11,1.173349e-01,1.114257e-09,1.250558e-09,4.710240e-13,6.721827e-08,5.646171e-01,2.081426e-13,1.725503e-09,8.357653e-08,6.907997e-01,1.847714e-13,5.653469e-10,6.714864e-08,5.372077e-01,1.361069e-13,1.112103e-09,-9.776875e-03,7.875618e-03,-2.599329e-03,3.165677e-15,1.122030e+02,1.674219e+09,1.140258e+02,1.664208e+09,1.178056e+02,1.948397e+09
29,monte carlo,2.177022e-11,2.615633e-01,1.090593e-09,7.720222e-10,4.841016e-13,3.965328e-11,2.299645e-01,8.868491e-10,6.737525e-10,2.492827e-13,3.920088e-11,1.712304e-01,1.026054e-09,9.370532e-10,2.271474e-13,2.202353e-11,1.944373e-01,1.167087e-09,5.199482e-10,2.676470e-13,6.672088e-08,5.604016e-01,1.401068e-13,7.758835e-10,8.158544e-08,6.759115e-01,1.700635e-13,1.513790e-09,6.765758e-08,5.125406e-01,1.724026e-13,7.736477e-10,-4.293762e-03,-9.856846e-04,2.273026e-03,4.094165e-15,1.122105e+02,1.938671e+09,1.137612e+02,1.580418e+09,1.244111e+02,1.633148e+09
30,monte carlo,2.162262e-11,3.590884e-01,8.409639e-10,9.266142e-10,4.351915e-13,3.936073e-11,3.119934e-01,1.164663e-09,5.264049e-10,2.009618e-13,3.911086e-11,2.334683e-01,1.197323e-09,1.170181e-09,4.983000e-13,2.199783e-11,1.593752e-01,1.178938e-09,1.153831e-09,3.512552e-13,6.730578e-08,4.984415e-01,2.295245e-13,1.635225e-09,8.151575e-08,7.230724e-01,1.947194e-13,1.051776e-09,6.922117e-08,6.330221e-01,1.832675e-13,1.441339e-09,5.363414e-03,-6.637828e-03,-2.198833e-03,2.074646e-15,1.272651e+02,1.514636e+09,1.062505e+02,1.340167e+09,1.030602e+02,1.547615e+09
31,monte carlo,2.207998e-11,1.949567e-01,9.703068e-10,6.295060e-10,3.847758e-13,3.943669e-11,1.478687e-01,8.869363e-10,8.454991e-10,2.565877e-13,3.825144e-11,2.183727e-01,1.049528e-09,1.013110e-09,3.857242e-13,2.193436e-11,1.105798e-01,8.967264e-10,8.522858e-10,2.926131e-13,6.719286e-08,4.991570e-01,1.906517e-13,8.217288e-10,8.181949e-08,6.433221e-01,2.465385e-13,9.500612e-10,6.686884e-08,4.960071e-01,1.386582e-13,8.356428e-10,-5.313628e-03,2.292787e-03,-2.033719e-03,4.764601e-15,1.268694e+02,1.698102e+09,1.198669e+02,1.333147e+09,1.270595e+02,1.862264e+09
32,monte carlo,2.220338e-11,2.343418e-01,7.990926e-10,1.193076e-09,4.419833e-13,3.826922e-11,1.497378e-01,8.164763e-10,7.364342e-10,2.631329e-13,3.901746e-11,1.310268e-01,6.674363e-10,6.400021e-10,2.158332e-13,2.179398e-11,2.228934e-01,6.526699e-10,5.101013e-10,4.302243e-13,6.898389e-08,5.093910e-01,2.081777e-13,6.886234e-10,8.185999e-08,7.580107e-01,1.850501e-13,1.601948e-09,6.671609e-08,5.188207e-01,1.710639e-13,1.044792e-09,4.442721e-03,-2.968510e-03,4.991875e-04,2.171988e-15,1.276343e+02,1.584696e+09,1.017812e+02,1.582736e+09,1.211949e+02,1.882398e+09
33,monte carlo,2.232522e-11,2.836348e-01,9.932600e-10,9.408750e-10,5.188672e-13,3.972110e-11,3.176882e-01,8.495058e-10,1.265111e-09,4.304539e-13,3.869037e-11,1.264210e-01,9.058813e-10,3.652610e-10,2.009132e-13,2.160894e-11,3.977950e-01,7.994818e-10,5.246626e-10,2.862473e-13,6.846228e-08,5.405622e-01,1.944616e-13,1.305062e-09,8.157257e-08,6.416093e-01,1.885283e-13,6.282090e-10,6.665949e-08,6.083998e-01,1.924218e-13,9.413170e-10,6.424284e-03,3.319215e-03,1.488757e-03,2.214535e-15,1.193649e+02,1.528804e+09,1.198242e+02,1.585371e+09,1.032628e+02,1.828141e+09
34,monte carlo,2.189114e-11,1.699377e-01,9.192649e-10,1.282500e-09,2.298076e-13,3.949793e-11,2.834150e-01,1.157561e-09,5.359551e-10,3.675159e-13,3.961881e-11,3.332733e-01,7.024315e-10,1.020483e-09,4.252639e-13,2.209444e-11,3.686896e-01,1.170722e-09,9.467427e-10,3.940846e-13,6.824258e-08,5.280639e-01,1.547619e-13,1.491990e-09,8.354085e-08,7.080479e-01,2.265262e-13,1.726813e-09,6.790979e-08,5.285622e-01,1.640983e-13,1.402032e-09,9.711434e-03,-9.307757e-03,-2.524610e-03,2.703904e-15,1.217980e+02,1.919533e+09,1.112007e+02,1.333686e+09,1.210897e+02,1.629997e+09
35,monte carlo,2.178921e-11,1.038578e-01,8.155015e-10,4.423570e-10,3.181136e-13,3.897968e-11,2.051629e-01,1.145285e-09,5.977578e-10,3.687085e-13,3.893945e-11,3.701673e-01,8.262308e-10,4.967689e-10,3.918276e-13,2.217882e-11,1.885875e-01,6.588590e-10,3.619469e-10,5.129973e-13,6.674426e-08,5.780802e-01,2.205943e-13,1.313464e-09,8.361979e-08,6.662353e-01,1.516901e-13,8.646504e-10,6.705457e-08,5.983000e-01,1.790241e-13,1.512646e-09,8.061618e-03,8.405634e-03,2.813297e-03,8.141721e-16,1.088171e+02,1.536346e+09,1.182912e+02,1.606148e+09,1.056283e+02,1.764088e+09
36,monte carlo,2.183450e-11,2.205781e-01,8.784100e-10,5.193084e-10,3.108301e-13,3.835264e-11,2.097906e-01,8.103029e-10,3.147512e-10,4.351367e-13,3.889802e-11,3.074416e-01,1.003016e-09,7.006559e-10,3.455182e-13,2.196206e-11,3.193553e-01,8.171777e-10,8.499354e-10,5.185004e-13,6.772311e-08,6.073392e-01,1.843181e-13,1.308251e-09,8.336814e-08,6.198927e-01,1.664944e-13,1.607907e-09,6.792040e-08,5.042407e-01,1.946531e-13,1.790712e-09,-9.027655e-05,-8.515850e-03,-2.463347e-03,3.032484e-15,1.050937e+02,1.770003e+09,1.267520e+02,1.680873e+09,1.269502e+02,1.548387e+09
37,monte carlo,2.229953e-11,1.328595e-01,9.600429e-10,8.684302e-10,5.073782e-13,3.959953e-11,2.140006e-01,7.367077e-10,8.975497e-10,4.121203e-13,3.874310e-11,3.855812e-01,8.375684e-10,3.348687e-10,2.412691e-13,2.157884e-11,2.187572e-01,1.012114e-09,5.235420e-10,4.694913e-13,6.704523e-08,4.964430e-01,1.915491e-13,6.955450e-10,8.165379e-08,7.379254e-01,1.854329e-13,1.501315e-09,6.926042e-08,5.665413e-01,1.972682e-13,1.050916e-09,-7.749785e-03,-8.260386e-03,2.516482e-03,3.045145e-15,1.272828e+02,1.667858e+09,1.042882e+02,1.678305e+09,1.152191e+02,1.618865e+09
38,monte carlo,2.198052e-11,1.541975e-01,6.161076e-10,9.759169e-10,3.179560e-13,3.832919e-11,1.343516e-01,6.115340e-10,5.038223e-10,3.352094e-13,3.950680e-11,1.743513e-01,9.014057e-10,1.107811e-09,4.299652e-13,2.174168e-11,1.427872e-01,1.164287e-09,1.121805e-09,4.672554e-13,6.818762e-08,5.620546e-01,1.708776e-13,1.252407e-09,8.043483e-08,7.501517e-01,1.879386e-13,1.941188e-09,6.755167e-08,4.944812e-01,2.015002e-13,7.771726e-10,-1.063063e-03,3.580947e-03,-2.139339e-03,4.180346e-15,1.143400e+02,1.598936e+09,1.010570e+02,1.448864e+09,1.287530e+02,1.742610e+09
39,monte carlo,2.243563e-11,2.565698e-01,6.590939e-10,8.360253e-10,3.831553e-13,3.912099e-11,2.373282e-01,1.112051e-09,7.226342e-10,4.013902e-13,3.938339e-11,2.888895e-01,1.173629e-09,8.948599e-10,4.415112e-13,2.156861e-11,1.066669e-01,9.229784e-10,9.916534e-10,2.469916e-13,6.882201e-08,5.201748e-01,1.519865e-13,6.016603e-10,8.056962e-08,6.475373e-01,1.982988e-13,5.922770e-10,6.745034e-08,6.263936e-01,1.604050e-13,1.239908e-09,-9.130150e-03,-5.269225e-03,-1.318554e-03,6.536817e-16,1.246951e+02,1.909623e+09,1.172675e+02,1.613696e+09,1.014864e+02,1.768317e+09
40,monte carlo,2.219847e-11,1.042458e-01,1.083249e-09,4.745581e-10,3.277345e-13,3.940678e-11,1.748130e-01,1.092858e-09,5.316279e-10,2.300965e-13,3.957879e-11,2.919621e-01,1.162444e-09,7.459870e-10,3.922563e-13,2.193087e-11,3.815497e-01,7.451182e-10,9.832484e-10,5.081223e-13,6.746859e-08,6.047316e-01,1.645548e-13,1.673724e-09,8.052452e-08,6.358623e-01,1.960161e-13,1.597453e-09,6.670825e-08,5.039341e-01,1.816917e-13,1.887287e-09,-2.741532e-03,5.972925e-04,3.330643e-04,2.107933e-15,1.051502e+02,1.938514e+09,1.193538e+02,1.627426e+09,1.247605e+02,1.842744e+09
41,monte carlo,2.215450e-11,1.628397e-01,6.403003e-10,8.766285e-10,4.886132e-13,3.901393e-11,1.958700e-01,9.767936e-10,1.162446e-09,4.736997e-13,3.967237e-11,1.711603e-01,6.713301e-10,1.146766e-09,3.127639e-13,2.184615e-11,3.838713e-01,8.817621e-10,9.628262e-10,2.221313e-13,6.903758e-08,6.124130e-01,1.464501e-13,9.723052e-10,8.346143e-08,7.364191e-01,1.665038e-13,1.525814e-09,6.725670e-08,5.191789e-01,2.316396e-13,1.295049e-09,1.885165e-04,-2.336548e-03,-2.214787e-03,1.358456e-15,1.062459e+02,1.750091e+09,1.068149e+02,1.660406e+09,1.220927e+02,1.503497e+09
42,monte carlo,2.214571e-11,1.961462e-01,9.680166e-10,1.180061e-09,3.282440e-13,3.952274e-11,2.967423e-01,8.156791e-10,3.926113e-10,4.955156e-13,3.940082e-11,1.033624e-01,8.625471e-10,4.262485e-10,2.385995e-13,2.165459e-11,3.327364e-01,7.105374e-10,9.448315e-10,2.309469e-13,6.804428e-08,5.377343e-01,1.759700e-13,8.953574e-10,8.185818e-08,7.580825e-01,2.103733e-13,1.884173e-09,6.885297e-08,6.484590e-01,1.593321e-13,9.877645e-10,-4.351263e-03,5.601315e-03,-2.644541e-03,2.281067e-15,1.192601e+02,1.634014e+09,1.017693e+02,1.306101e+09,1.000717e+02,1.794184e+09
43,monte carlo,2.222059e-11,3.618979e-01,1.058346e-09,7.560990e-10,1.774953e-13,3.971003e-11,1.886246e-01,9.800571e-10,2.974315e-10,2.233661e-13,3.857075e-11,2.835094e-01,7.081868e-10,4.385805e-10,4.665541e-13,2.205499e-11,3.505193e-01,1.193670e-09,5.586179e-10,3.142288e-13,6.760803e-08,5.172916e-01,1.851003e-13,1.132482e-09,8.150806e-08,6.206701e-01,1.685644e-13,9.458190e-10,6.751244e-08,5.070570e-01,1.831840e-13,1.097131e-09,-9.531869e-03,-5.065864e-03,1.871218e-04,2.666958e-15,1.231782e+02,1.858196e+09,1.237687e+02,1.516797e+09,1.254868e+02,1.705666e+09
44,monte carlo,2.156703e-11,1.457177e-01,8.000773e-10,4.843679e-10,1.980226e-13,3.832430e-11,3.328982e-01,8.017354e-10,5.740935e-10,2.544231e-13,3.831658e-11,3.034238e-01,6.339231e-10,1.008605e-09,2.787912e-13,2.208180e-11,3.379339e-01,1.103864e-09,8.476857e-10,2.285074e-13,6.747999e-08,5.535140e-01,1.752658e-13,1.617688e-09,8.334963e-08,7.372585e-01,1.997102e-13,1.500408e-09,6.795542e-08,5.044949e-01,1.749754e-13,1.684379e-09,2.710288e-03,-1.457898e-03,4.859939e-04,2.728319e-15,1.148993e+02,1.943844e+09,1.065504e+02,1.463098e+09,1.269517e+02,1.719737e+09
45,monte carlo,2.204521e-11,2.415164e-01,9.207320e-10,4.622222e-10,5.260815e-13,3.904913e-11,1.105840e-01,7.585737e-10,5.314434e-10,3.247951e-13,3.971366e-11,3.325359e-01,6.924758e-10,3.437143e-10,4.099726e-13,2.192753e-11,2.592738e-01,9.743024e-10,5.363655e-10,5.222939e-13,6.901198e-08,5.646923e-01,1.597751e-13,5.698600e-10,8.088023e-08,7.401560e-01,1.601063e-13,1.609462e-09,6.690695e-08,5.475408e-01,2.133237e-13,1.658576e-09,6.232024e-03,-7.531846e-03,2.124521e-03,1.404140e-15,1.151818e+02,1.849867e+09,1.029889e+02,1.635001e+09,1.151664e+02,1.524088e+09
46,monte carlo,2.159029e-11,1.555314e-01,9.929988e-10,1.185477e-09,2.157366e-13,3.881694e-11,3.870638e-01,6.250559e-10,1.143475e-09,4.563496e-13,3.896220e-11,3.667616e-01,7.870846e-10,4.689173e-10,2.230962e-13,2.204305e-11,1.714279e-01,1.185881e-09,1.082472e-09,3.191676e-13,6.691078e-08,4.877865e-01,2.213228e-13,1.758985e-09,8.112230e-08,7.443495e-01,1.572294e-13,1.459683e-09,6.786955e-08,6.104642e-01,2.187303e-13,6.386342e-10,9.587096e-03,4.694247e-03,1.191211e-03,4.929462e-15,1.292818e+02,1.627257e+09,1.027151e+02,1.634181e+09,1.047818e+02,1.572347e+09
47,monte carlo,2.212724e-11,1.201798e-01,6.950033e-10,9.171147e-10,4.268980e-13,3.894243e-11,1.250950e-01,9.707867e-10,7.817299e-10,1.983239e-13,3.966867e-11,2.229496e-01,6.481829e-10,9.583772e-10,5.217785e-13,2.217390e-11,3.680911e-01,1.058083e-09,8.602807e-10,4.515695e-13,6.909374e-08,5.031544e-01,1.885951e-13,9.404275e-10,8.295402e-08,6.425574e-01,1.708672e-13,6.644702e-10,6.681894e-08,5.150148e-01,1.719899e-13,1.745092e-09,2.171382e-03,5.355792e-03,-9.966205e-05,4.093114e-15,1.294221e+02,1.700146e+09,1.216737e+02,1.451602e+09,1.222788e+02,1.901698e+09
48,monte carlo,2.221622e-11,2.029978e-01,6.676043e-10,1.180454e-09,1.800703e-13,3.968707e-11,1.282602e-01,7.938786e-10,3.620667e-10,4.961671e-13,3.908793e-11,2.410382e-01,8.246484e-10,7.505012e-10,3.311291e-13,2.159312e-11,3.830265e-01,7.190166e-10,1.205944e-09,5.048996e-13,6.847993e-08,6.102001e-01,1.697732e-13,8.738168e-10,8.275543e-08,6.406624e-01,1.785444e-13,5.692568e-10,6.771631e-08,6.265719e-01,1.984938e-13,1.162394e-09,2.161671e-03,-2.988459e-03,-1.895792e-04,1.055918e-15,1.057699e+02,1.639228e+09,1.217414e+02,1.583140e+09,1.018576e+02,1.501707e+09
49,monte carlo,2.182610e-11,3.690163e-01,9.502978e-10,4.609089e-10,5.130950e-13,3.975213e-11,1.129997e-01,1.184603e-09,6.103244e-10,4.574455e-13,3.977833e-11,1.863258e-01,1.090170e-09,7.229687e-10,2.484452e-13,2.230875e-11,3.425701e-01,1.071753e-09,7.366571e-10,4.200120e-13,6.799904e-08,4.957557e-01,1.994228e-13,1.712565e-09,8.274825e-08,6.350314e-01,1.728873e-13,1.522074e-09,6.688353e-08,5.945589e-01,1.688942e-13,6.176954e-10,-3.107219e-03,1.449979e-03,-4.185216e-04,4.840431e-15,1.292725e+02,1.696620e+09,1.228103e+02,1.444662e+09,1.060219e+02,1.779251e+09
50,monte carlo,2.237731e-11,1.901024e-01,1.131636e-09,4.200498e-10,4.952180e-13,3.953786e-11,1.848463e-01,9.626108e-10,3.048634e-10,4.680318e-13,3.893989e-11,3.492024e-01,1.193489e-09,4.728861e-10,4.516189e-13,2.176041e-11,1.335878e-01,9.614999e-10,4.113123e-10,5.041217e-13,6.795213e-08,5.036050e-01,1.457121e-13,1.446706e-09,8.273381e-08,6.035584e-01,2.051781e-13,1.205819e-09,6.934111e-08,5.321518e-01,1.701987e-13,1.138906e-09,4.027137e-03,-3.368319e-04,-2.083275e-03,4.823822e-15,1.271699e+02,1.764119e+09,1.291918e+02,1.398305e+09,1.228079e+02,1.588065e+09
51,monte carlo,2.204737e-11,2.464696e-01,7.995568e-10,1.019789e-09,4.513977e-13,3.908499e-11,3.828792e-01,1.130610e-09,6.169968e-10,3.274294e-13,3.942773e-11,2.301754e-01,8.455233e-10,5.580741e-10,4.102916e-13,2.164852e-11,1.205621e-01,9.107245e-10,1.034363e-09,2.197873e-13,6.798307e-08,5.701732e-01,2.177382e-13,8.500507e-10,8.292144e-08,7.096073e-01,1.764381e-13,1.747638e-09,6.735715e-08,5.536295e-01,1.716113e-13,7.346665e-10,1.268575e-03,2.972460e-03,-1.264692e-03,9.130440e-16,1.123738e+02,1.600167e+09,1.101336e+02,1.468787e+09,1.146663e+02,1.915949e+09
52,monte carlo,2.211942e-11,2.031004e-01,1.143823e-09,4.901487e-10,2.743195e-13,3.861207e-11,1.277106e-01,7.417030e-10,3.077796e-10,3.874626e-13,3.898330e-11,1.637036e-01,6.420904e-10,6.797468e-10,2.871133e-13,2.206522e-11,2.904559e-01,1.021171e-09,9.019598e-10,3.767555e-13,6.862457e-08,5.067924e-01,1.257965e-13,1.436997e-09,8.317702e-08,6.357595e-01,1.319755e-13,7.234170e-10,6.700065e-08,6.142715e-01,1.589870e-13,1.115887e-09,-3.335338e-03,-2.498985e-03,4.953438e-04,3.649503e-15,1.276206e+02,1.881583e+09,1.233053e+02,1.665821e+09,1.027992e+02,1.719855e+09
53,monte carlo,2.187338e-11,2.978381e-01,6.886656e-10,1.078489e-09,2.913552e-13,3.937102e-11,1.568770e-01,7.320146e-10,7.156906e-10,2.181153e-13,3.957377e-11,2.853448e-01,1.032932e-09,1.032985e-09,3.831353e-13,2.219994e-11,3.929380e-01,9.282226e-10,4.395662e-10,2.564256e-13,6.886011e-08,6.345715e-01,1.719510e-13,1.775756e-09,8.124943e-08,7.486250e-01,2.162973e-13,1.250636e-09,6.882875e-08,5.927860e-01,1.642949e-13,1.264984e-09,-9.044119e-03,2.139460e-03,2.609774e-03,3.012878e-15,1.022724e+02,1.617698e+09,1.022886e+02,1.428320e+09,1.094317e+02,1.601873e+09
54,monte carlo,2.202195e-11,1.856058e-01,7.583264e-10,4.975477e-10,2.113420e-13,3.838689e-11,1.627329e-01,9.941353e-10,6.674492e-10,1.740596e-13,3.916247e-11,2.586167e-01,7.862182e-10,8.476282e-10,1.718477e-13,2.206634e-11,2.674292e-01,1.046795e-09,3.639211e-10,5.198626e-13,6.857619e-08,5.437676e-01,1.451003e-13,1.417149e-09,8.161379e-08,6.166499e-01,2.302599e-13,1.097144e-09,6.781199e-08,5.375077e-01,1.485096e-13,1.300958e-09,-9.542839e-03,-1.417961e-03,6.382354e-04,3.514787e-15,1.188588e+02,1.736047e+09,1.247372e+02,1.312918e+09,1.189030e+02,1.891481e+09
55,monte carlo,2.176946e-11,3.356254e-01,1.140745e-09,8.483291e-10,4.318934e-13,3.904406e-11,1.962870e-01,7.692930e-10,3.646481e-10,2.639725e-13,3.823006e-11,3.788929e-01,1.115474e-09,1.011861e-09,3.942756e-13,2.236493e-11,2.058425e-01,1.113561e-09,7.317516e-10,5.223379e-13,6.751765e-08,4.930886e-01,1.605065e-13,1.057866e-09,8.098117e-08,6.072836e-01,2.319536e-13,1.212144e-09,6.750643e-08,5.590002e-01,1.414308e-13,7.795547e-10,2.905249e-03,-9.657100e-03,1.763924e-03,3.576373e-15,1.290516e+02,1.806829e+09,1.256793e+02,1.339671e+09,1.138163e+02,1.897240e+09
56,monte carlo,2.234618e-11,3.442411e-01,8.135389e-10,7.067846e-10,4.156102e-13,3.922134e-11,3.187953e-01,6.521371e-10,7.309772e-10,3.729244e-13,3.886913e-11,2.908172e-01,1.163897e-09,4.595458e-10,3.348061e-13,2.222457e-11,2.569928e-01,1.105636e-09,1.209758e-09,2.878811e-13,6.786463e-08,6.067742e-01,1.850837e-13,1.144371e-09,8.062831e-08,6.791634e-01,2.396491e-13,1.100586e-09,6.706452e-08,5.649779e-01,1.584499e-13,1.865506e-09,5.775451e-03,-5.838891e-03,-3.375350e-05,8.271291e-16,1.054114e+02,1.518992e+09,1.118882e+02,1.332826e+09,1.118749e+02,1.810830e+09
57,monte carlo,2.159995e-11,3.374231e-01,9.976377e-10,1.070957e-09,4.302061e-13,3.928779e-11,3.497210e-01,1.036113e-09,7.996572e-10,3.312796e-13,3.853237e-11,3.827128e-01,6.870205e-10,8.502074e-10,4.070165e-13,2.178367e-11,2.278144e-01,7.940093e-10,3.165518e-10,1.912251e-13,6.904019e-08,6.006174e-01,1.399606e-13,1.857883e-09,8.323539e-08,6.077466e-01,1.879526e-13,1.936696e-09,6.779385e-08,5.870159e-01,1.784427e-13,9.128649e-10,2.321933e-03,-8.753204e-03,-3.241248e-05,4.672847e-15,1.083366e+02,1.937724e+09,1.290793e+02,1.492706e+09,1.088458e+02,1.650256e+09
58,monte carlo,2.197098e-11,2.560161e-01,1.026370e-09,3.374492e-10,4.083564e-13,3.972611e-11,1.825407e-01,1.127203e-09,1.272520e-09,4.516913e-13,3.954661e-11,2.029931e-01,7.903073e-10,1.258149e-09,5.063666e-13,2.229161e-11,2.559476e-01,6.828239e-10,7.656000e-10,3.051094e-13,6.894031e-08,5.785440e-01,1.806250e-13,1.010683e-09,8.271070e-08,5.997730e-01,1.681345e-13,1.582711e-09,6.788105e-08,6.271022e-01,1.600900e-13,1.636630e-09,-6.784109e-03,2.274385e-03,1.806797e-03,3.288911e-15,1.123073e+02,1.825507e+09,1.299708e+02,1.535491e+09,1.020191e+02,1.772971e+09
59,monte carlo,2.179023e-11,2.373211e-01,7.733959e-10,7.552409e-10,3.196960e-13,3.855468e-11,3.367621e-01,7.631068e-10,8.695967e-10,2.689124e-13,3.900016e-11,2.644988e-01,9.244411e-10,3.956391e-10,1.995359e-13,2.230002e-11,1.962684e-01,6.777469e-10,1.231756e-09,4.965050e-13,6.835049e-08,6.434888e-01,1.420447e-13,1.083000e-09,8.242104e-08,7.431227e-01,1.685113e-13,1.511159e-09,6.874030e-08,5.451507e-01,1.881875e-13,1.541944e-09,1.307718e-03,4.579640e-03,-4.809984e-04,2.315383e-15,1.001087e+02,1.829181e+09,1.045319e+02,1.504342e+09,1.188409e+02,1.786011e+09
60,monte carlo,2.232513e-11,1.280614e-01,9.393827e-10,4.046807e-10,4.254053e-13,3.936341e-11,1.255481e-01,9.321820e-10,4.958288e-10,3.862351e-13,3.964558e-11,1.324287e-01,9.900989e-10,4.363445e-10,4.652263e-13,2.213508e-11,1.547153e-01,6.761486e-10,4.312327e-10,3.930713e-13,6.789819e-08,4.949828e-01,1.919915e-13,1.511547e-09,8.278854e-08,6.945480e-01,2.365744e-13,1.723743e-09,6.724073e-08,4.936378e-01,1.834955e-13,6.741394e-10,-8.705669e-03,-5.272715e-03,-2.633557e-03,4.730285e-15,1.292823e+02,1.703935e+09,1.123412e+02,1.390779e+09,1.283793e+02,1.882686e+09
61,monte carlo,2.231012e-11,3.326225e-01,1.184681e-09,9.635573e-10,4.460449e-13,3.907130e-11,2.581866e-01,9.766370e-10,6.404352e-10,2.142277e-13,3.846391e-11,3.425900e-01,6.528245e-10,6.868816e-10,3.344641e-13,2.180759e-11,3.418371e-01,8.595079e-10,1.065609e-09,2.818036e-13,6.928055e-08,5.443805e-01,1.701865e-13,1.160499e-09,8.171005e-08,6.617120e-01,2.033382e-13,1.387916e-09,6.883705e-08,6.362881e-01,1.435889e-13,1.004296e-09,5.354215e-03,9.169237e-03,-4.843326e-04,1.211137e-15,1.199444e+02,1.635699e+09,1.163798e+02,1.361204e+09,1.019623e+02,1.830725e+09
62,monte carlo,2.171974e-11,3.935942e-01,9.043130e-10,1.251309e-09,2.664973e-13,3.929416e-11,2.615464e-01,6.672133e-10,9.027830e-10,2.382244e-13,3.965645e-11,3.870769e-01,6.901994e-10,7.956175e-10,4.376906e-13,2.205280e-11,3.761055e-01,1.196873e-09,1.158192e-09,4.545921e-13,6.802393e-08,5.301422e-01,1.453180e-13,7.870788e-10,8.286789e-08,7.136844e-01,1.818651e-13,1.707416e-09,6.806919e-08,5.510296e-01,1.664260e-13,1.825716e-09,1.995184e-03,-8.676484e-03,-2.466081e-03,5.000536e-16,1.209318e+02,1.825116e+09,1.094337e+02,1.392558e+09,1.164251e+02,1.815775e+09
63,monte carlo,2.231118e-11,1.045345e-01,8.091276e-10,4.288386e-10,2.429684e-13,3.943658e-11,3.461657e-01,1.082448e-09,7.657243e-10,5.174232e-13,3.864064e-11,2.670494e-01,1.016483e-09,9.751832e-10,2.964181e-13,2.165600e-11,3.781890e-01,7.221170e-10,5.015895e-10,4.608011e-13,6.742246e-08,5.079596e-01,1.727649e-13,1.384376e-09,8.143202e-08,7.453401e-01,1.981714e-13,1.923379e-09,6.670444e-08,5.044092e-01,1.674383e-13,6.125997e-10,-2.646539e-03,-5.219242e-03,8.410925e-04,3.663263e-15,1.250969e+02,1.846408e+09,1.029703e+02,1.523973e+09,1.246358e+02,1.869211e+09
64,monte carlo,2.163815e-11,3.255752e-01,9.854135e-10,4.708467e-10,3.389303e-13,3.973600e-11,1.708860e-01,8.336959e-10,4.222511e-10,3.889757e-13,3.966866e-11,3.025093e-01,1.152299e-09,8.782827e-10,4.057591e-13,2.225005e-11,2.474378e-01,7.753230e-10,6.406960e-10,4.842971e-13,6.750635e-08,5.556688e-01,1.730372e-13,1.193396e-09,8.262097e-08,6.460979e-01,1.452625e-13,5.416169e-10,6.759836e-08,6.175943e-01,1.966815e-13,1.400674e-09,9.397691e-03,1.548746e-05,2.257960e-03,3.818646e-15,1.144985e+02,1.710518e+09,1.205211e+02,1.675329e+09,1.031583e+02,1.639229e+09
65,monte carlo,2.173427e-11,2.041541e-01,8.462926e-10,1.256413e-09,2.473874e-13,3.933649e-11,1.514029e-01,6.088862e-10,4.765586e-10,2.843395e-13,3.893040e-11,2.423066e-01,7.534223e-10,3.143686e-10,5.248887e-13,2.202709e-11,3.507387e-01,7.560154e-10,1.224734e-09,2.314071e-13,6.781760e-08,5.004005e-01,1.269390e-13,1.495731e-09,8.119618e-08,6.530915e-01,2.033673e-13,1.526560e-09,6.700967e-08,5.166849e-01,1.659192e-13,8.683004e-10,-4.098952e-04,-5.336411e-03,-2.478726e-03,4.201557e-15,1.277308e+02,1.923735e+09,1.171744e+02,1.379076e+09,1.222314e+02,1.949054e+09
66,monte carlo,2.216529e-11,2.410999e-01,1.177661e-09,5.195807e-10,5.122944e-13,3.888656e-11,3.851522e-01,9.380842e-10,9.598735e-10,4.864764e-13,3.944739e-11,2.937044e-01,7.679281e-10,3.843437e-10,5.267852e-13,2.229798e-11,3.396229e-01,1.032098e-09,7.294737e-10,2.755075e-13,6.706840e-08,5.614936e-01,1.839692e-13,9.413874e-10,8.260946e-08,7.727995e-01,1.741955e-13,1.924800e-09,6.868506e-08,5.329944e-01,2.020936e-13,1.732002e-09,-5.506811e-03,8.851659e-03,5.457061e-04,2.535165e-15,1.125756e+02,1.604733e+09,1.007475e+02,1.659427e+09,1.214537e+02,1.570835e+09
67,monte carlo,2.200435e-11,3.475014e-01,1.014365e-09,1.105682e-09,4.807415e-13,3.865746e-11,3.375114e-01,9.210046e-10,1.140049e-09,5.127113e-13,3.869843e-11,2.131731e-01,8.447220e-10,4.472756e-10,2.034685e-13,2.216311e-11,3.976962e-01,1.040889e-09,4.085489e-10,2.761488e-13,6.797749e-08,6.010815e-01,1.581055e-13,1.859631e-09,8.182351e-08,7.534481e-01,1.700621e-13,7.168183e-10,6.836788e-08,5.053605e-01,1.508238e-13,1.298355e-09,4.910617e-03,-3.292887e-03,-2.295528e-03,2.589234e-15,1.065867e+02,1.915203e+09,1.023519e+02,1.582596e+09,1.275034e+02,1.887594e+09
68,monte carlo,2.238463e-11,1.602892e-01,1.194325e-09,1.200002e-09,4.882078e-13,3.896842e-11,3.121402e-01,7.716560e-10,7.830511e-10,2.377278e-13,3.863181e-11,2.263953e-01,1.157818e-09,4.407034e-10,3.603259e-13,2.222107e-11,3.804389e-01,6.068140e-10,3.234003e-10,2.072357e-13,6.773013e-08,4.935677e-01,1.542103e-13,1.418868e-09,8.153362e-08,7.362186e-01,1.660270e-13,1.025261e-09,6.908312e-08,5.764052e-01,2.257312e-13,1.000724e-09,8.143193e-03,-4.920212e-03,1.891776e-03,5.198985e-16,1.293321e+02,1.746210e+09,1.043761e+02,1.653406e+09,1.129575e+02,1.522787e+09
69,monte carlo,2.204733e-11,1.544369e-01,7.569483e-10,5.946104e-10,2.514075e-13,3.918431e-11,3.977984e-01,6.367960e-10,8.379899e-10,4.597495e-13,3.946411e-11,2.520823e-01,1.023558e-09,9.102238e-10,4.221429e-13,2.187613e-11,2.610098e-01,1.163450e-09,7.453102e-10,2.994022e-13,6.777203e-08,4.934291e-01,1.879615e-13,7.743303e-10,8.081212e-08,5.927040e-01,1.769553e-13,5.869846e-10,6.722460e-08,5.422034e-01,1.614243e-13,1.611072e-09,8.729155e-03,-5.759908e-04,-2.619583e-03,2.038658e-15,1.294484e+02,1.510974e+09,1.285020e+02,1.486369e+09,1.168523e+02,1.877483e+09
70,monte carlo,2.205926e-11,3.069630e-01,9.539339e-10,3.736398e-10,2.571069e-13,3.971993e-11,3.105012e-01,7.069575e-10,2.843513e-10,4.400319e-13,3.911755e-11,3.331495e-01,1.128604e-09,1.272000e-09,2.014448e-13,2.202547e-11,2.048159e-01,1.179547e-09,9.672978e-10,3.281276e-13,6.691023e-08,5.771271e-01,1.991622e-13,1.820506e-09,8.146101e-08,7.378715e-01,1.956475e-13,1.518957e-09,6.721616e-08,5.010346e-01,1.927239e-13,5.321634e-10,-6.984051e-03,3.275387e-03,-1.763887e-03,9.851751e-16,1.092678e+02,1.574479e+09,1.040495e+02,1.401316e+09,1.264379e+02,1.735676e+09
71,monte carlo,2.220840e-11,3.335321e-01,9.311562e-10,1.183923e-09,3.497508e-13,3.918551e-11,3.350537e-01,6.954463e-10,1.128131e-09,3.128522e-13,3.974469e-11,3.666662e-01,8.092597e-10,1.029935e-09,1.985903e-13,2.166904e-11,3.035449e-01,8.483205e-10,1.011026e-09,5.275335e-13,6.678440e-08,5.586404e-01,1.928336e-13,1.527719e-09,8.221362e-08,6.248127e-01,1.750911e-13,8.525303e-10,6.705217e-08,5.449594e-01,1.680536e-13,7.250949e-10,-8.987469e-04,4.004728e-03,-9.161062e-05,1.407069e-15,1.126714e+02,1.806715e+09,1.240124e+02,1.619698e+09,1.159631e+02,1.705831e+09
72,monte carlo,2.157006e-11,3.868118e-01,8.731660e-10,3.203189e-10,4.658670e-13,3.918988e-11,3.490526e-01,9.159208e-10,1.248046e-09,5.223835e-13,3.869725e-11,3.893254e-01,7.074058e-10,5.289308e-10,3.364536e-13,2.188882e-11,2.676388e-01,1.056683e-09,1.298445e-09,2.346713e-13,6.727095e-08,6.299436e-01,2.225145e-13,1.432995e-09,8.144496e-08,6.130282e-01,1.916307e-13,1.841181e-09,6.828578e-08,6.403607e-01,1.651871e-13,1.940668e-09,-4.252638e-03,7.014043e-03,1.538793e-03,2.553200e-15,1.006461e+02,1.503237e+09,1.252146e+02,1.578807e+09,1.005025e+02,1.943008e+09
73,monte carlo,2.172548e-11,3.392628e-01,7.693757e-10,1.013143e-09,3.361003e-13,3.824495e-11,1.830596e-01,1.079386e-09,9.849327e-10,3.906295e-13,3.834289e-11,3.787144e-01,6.619284e-10,6.538512e-10,2.304677e-13,2.175754e-11,1.633215e-01,9.962752e-10,2.977394e-10,2.204912e-13,6.667518e-08,5.020534e-01,1.805804e-13,5.395283e-10,8.087051e-08,5.931736e-01,2.044037e-13,1.739886e-09,6.668340e-08,5.876904e-01,2.034434e-13,1.037970e-09,-7.682366e-03,-1.864707e-03,6.282058e-05,2.663978e-15,1.251657e+02,1.895264e+09,1.284930e+02,1.522228e+09,1.069400e+02,1.569205e+09
74,monte carlo,2.241702e-11,1.059964e-01,8.227388e-10,8.794466e-10,3.062292e-13,3.968299e-11,1.452362e-01,8.310438e-10,5.524624e-10,3.491437e-13,3.889183e-11,2.478060e-01,1.077831e-09,5.312574e-10,5.253118e-13,2.176057e-11,3.385314e-01,8.559569e-10,3.450742e-10,4.011556e-13,6.810758e-08,6.139580e-01,1.977891e-13,1.167121e-09,8.185494e-08,7.055744e-01,2.241843e-13,1.415439e-09,6.781962e-08,5.131657e-01,1.474226e-13,6.183844e-10,4.240129e-04,-9.854620e-03,2.046528e-03,4.981295e-15,1.045509e+02,1.693129e+09,1.093385e+02,1.405904e+09,1.245572e+02,1.723248e+09
75,monte carlo,2.235075e-11,2.210392e-01,6.806577e-10,3.732191e-10,1.956435e-13,3.924759e-11,1.556024e-01,7.587233e-10,1.069754e-09,4.362019e-13,3.953485e-11,1.408128e-01,9.598822e-10,1.090157e-09,4.344198e-13,2.206420e-11,2.717032e-01,8.419319e-10,4.534219e-10,2.259975e-13,6.719002e-08,5.001921e-01,1.781891e-13,9.981956e-10,8.122213e-08,7.487390e-01,2.232193e-13,1.597892e-09,6.866745e-08,5.770532e-01,1.875600e-13,1.611052e-09,8.285456e-03,1.044231e-03,-2.215638e-04,2.848050e-15,1.266016e+02,1.781603e+09,1.022386e+02,1.328037e+09,1.121518e+02,1.793664e+09
76,monte carlo,2.177281e-11,2.042644e-01,7.465598e-10,7.806771e-10,5.284458e-13,3.886011e-11,3.986344e-01,9.191809e-10,7.513416e-10,4.554495e-13,3.889331e-11,1.409510e-01,8.464554e-10,9.011760e-10,5.176917e-13,2.163679e-11,2.390022e-01,6.817387e-10,7.277511e-10,3.206026e-13,6.719857e-08,4.893044e-01,1.583389e-13,1.936505e-09,8.126049e-08,6.306069e-01,1.989472e-13,6.020379e-10,6.707435e-08,5.951067e-01,1.929444e-13,1.588157e-09,-1.955116e-03,-5.598519e-03,1.420445e-03,5.891450e-16,1.294351e+02,1.759246e+09,1.214484e+02,1.408725e+09,1.062265e+02,1.793330e+09
77,monte carlo,2.187289e-11,3.325972e-01,1.092595e-09,4.491881e-10,3.694595e-13,3.886124e-11,1.311456e-01,1.118474e-09,5.114373e-10,2.903896e-13,3.942084e-11,1.538861e-01,6.694544e-10,3.964151e-10,3.989378e-13,2.174524e-11,3.012584e-01,1.056823e-09,3.736349e-10,1.984226e-13,6.879341e-08,5.286307e-01,1.173302e-13,1.920188e-09,8.237103e-08,6.493056e-01,1.895875e-13,1.564613e-09,6.848339e-08,5.947685e-01,1.669878e-13,1.462898e-09,8.659829e-03,2.128153e-03,1.638148e-03,2.337022e-15,1.226494e+02,1.947558e+09,1.195629e+02,1.606788e+09,1.085197e+02,1.797888e+09
78,monte carlo,2.194089e-11,1.184883e-01,9.324780e-10,9.624693e-10,2.587601e-13,3.937788e-11,3.514527e-01,1.166113e-09,1.183776e-09,2.974403e-13,3.967018e-11,3.845191e-01,1.051151e-09,1.020925e-09,2.455436e-13,2.176995e-11,2.487668e-01,8.114417e-10,1.168083e-09,1.839993e-13,6.707647e-08,5.358964e-01,1.655399e-13,1.909852e-09,8.242720e-08,6.044278e-01,1.850001e-13,1.219522e-09,6.920188e-08,5.074096e-01,1.693952e-13,1.353600e-09,-5.410629e-03,4.578700e-03,-2.406847e-03,1.645865e-15,1.179670e+02,1.760887e+09,1.285279e+02,1.433860e+09,1.285377e+02,1.777025e+09
79,monte carlo,2.211831e-11,1.568929e-01,1.173748e-09,5.511641e-10,3.767759e-13,3.865779e-11,2.188643e-01,1.045345e-09,3.749683e-10,3.401289e-13,3.847866e-11,1.561584e-01,9.957252e-10,3.725750e-10,3.598712e-13,2.173198e-11,2.549190e-01,1.113615e-09,7.663666e-10,4.831152e-13,6.705159e-08,6.196171e-01,1.821713e-13,1.188097e-09,8.173899e-08,7.392298e-01,2.133865e-13,7.724635e-10,6.686979e-08,5.620747e-01,1.985483e-13,1.613924e-09,-3.037124e-03,3.249434e-03,-1.799531e-03,4.748312e-15,1.019898e+02,1.615862e+09,1.042128e+02,1.479092e+09,1.121262e+02,1.787402e+09
80,monte carlo,2.205374e-11,1.590907e-01,6.222298e-10,6.333344e-10,1.920292e-13,3.895786e-11,1.026718e-01,6.437614e-10,1.017148e-09,2.560372e-13,3.865086e-11,3.942796e-01,6.040542e-10,5.292007e-10,2.843055e-13,2.200558e-11,3.167320e-01,6.567632e-10,2.823914e-10,4.879315e-13,6.667339e-08,5.480686e-01,1.700885e-13,1.431132e-09,8.072133e-08,5.893168e-01,2.012357e-13,1.701281e-09,6.896720e-08,6.197547e-01,1.564814e-13,1.283099e-09,-3.912011e-03,-1.469188e-03,2.155833e-03,1.891964e-15,1.146539e+02,1.750497e+09,1.290954e+02,1.525222e+09,1.048803e+02,1.844061e+09
81,monte carlo,2.213757e-11,2.163839e-01,8.661132e-10,4.607548e-10,2.445405e-13,3.833431e-11,1.886982e-01,1.121174e-09,6.110954e-10,4.240767e-13,3.842399e-11,1.687022e-01,7.078054e-10,5.770242e-10,4.425240e-13,2.219008e-11,3.640962e-01,1.138009e-09,4.192824e-10,2.760164e-13,6.893526e-08,5.564776e-01,2.270208e-13,1.425524e-09,8.132421e-08,7.515131e-01,1.583331e-13,1.350623e-09,6.785957e-08,4.994876e-01,1.837826e-13,1.742556e-09,-5.708822e-03,5.277688e-03,-2.687058e-03,2.658631e-15,1.167521e+02,1.527828e+09,1.019893e+02,1.573713e+09,1.280435e+02,1.794691e+09
82,monte carlo,2.166445e-11,3.019953e-01,1.092531e-09,4.228485e-10,4.990261e-13,3.884175e-11,3.543185e-01,1.127065e-09,4.647278e-10,2.646420e-13,3.847556e-11,1.397071e-01,6.599849e-10,4.125331e-10,2.045129e-13,2.165562e-11,1.639253e-01,7.128515e-10,1.027274e-09,2.754228e-13,6.883502e-08,6.282771e-01,1.475415e-13,9.570776e-10,8.120164e-08,7.644561e-01,1.865609e-13,1.135407e-09,6.885680e-08,5.264581e-01,1.633125e-13,1.539210e-09,1.704069e-03,9.028235e-03,-7.607457e-04,2.829482e-15,1.032593e+02,1.793035e+09,1.001114e+02,1.521393e+09,1.232691e+02,1.828590e+09
83,monte carlo,2.189477e-11,2.335638e-01,1.182637e-09,3.572652e-10,2.959969e-13,3.936677e-11,3.814228e-01,9.056359e-10,1.285915e-09,2.089994e-13,3.845205e-11,2.819443e-01,7.654967e-10,6.701822e-10,2.051810e-13,2.192617e-11,1.700789e-01,1.091700e-09,6.016627e-10,3.631254e-13,6.934041e-08,6.397052e-01,1.859012e-13,1.120127e-09,8.288845e-08,6.316034e-01,1.831155e-13,5.414411e-10,6.886576e-08,5.471159e-01,2.007908e-13,1.743136e-09,-4.079720e-03,6.878727e-03,-2.626506e-03,2.999675e-15,1.021592e+02,1.564821e+09,1.236860e+02,1.643731e+09,1.186302e+02,1.560213e+09
84,monte carlo,2.186315e-11,2.578938e-01,1.117378e-09,7.214145e-10,3.226323e-13,3.930705e-11,2.911763e-01,7.264034e-10,4.145905e-10,3.433288e-13,3.967210e-11,1.882790e-01,1.177932e-09,3.263810e-10,5.177289e-13,2.220304e-11,2.932937e-01,7.628961e-10,5.916693e-10,5.152256e-13,6.892177e-08,5.465822e-01,2.069863e-13,5.611474e-10,8.334544e-08,7.718083e-01,1.819507e-13,1.231017e-09,6.850194e-08,5.090808e-01,1.683358e-13,6.428556e-10,1.246744e-03,-4.177125e-03,-1.528490e-03,8.645044e-16,1.188426e+02,1.655813e+09,1.017756e+02,1.503392e+09,1.268199e+02,1.937790e+09
85,monte carlo,2.181231e-11,3.224703e-01,1.016644e-09,1.018255e-09,3.615590e-13,3.855221e-11,3.855254e-01,6.416657e-10,9.543645e-10,3.241368e-13,3.894769e-11,1.160200e-01,7.850316e-10,9.146825e-10,3.712655e-13,2.229874e-11,3.115911e-01,8.305342e-10,4.718966e-10,4.842622e-13,6.734104e-08,5.670805e-01,2.369507e-13,1.682012e-09,8.065714e-08,6.300181e-01,1.982334e-13,9.971648e-10,6.931760e-08,5.419742e-01,2.070464e-13,7.471917e-10,-3.212691e-03,-6.100148e-03,6.721317e-04,2.846038e-15,1.119196e+02,1.521699e+09,1.206593e+02,1.402034e+09,1.205413e+02,1.617320e+09
86,monte carlo,2.157988e-11,1.965524e-01,1.050148e-09,1.159772e-09,2.916320e-13,3.933098e-11,1.170798e-01,9.046757e-10,7.640141e-10,2.856646e-13,3.927631e-11,3.484591e-01,6.323676e-10,3.450321e-10,2.966602e-13,2.200045e-11,1.309351e-01,1.072993e-09,1.176232e-09,2.189600e-13,6.823566e-08,5.290458e-01,1.509321e-13,1.870243e-09,8.337293e-08,7.558193e-01,2.001916e-13,1.542285e-09,6.809308e-08,6.119448e-01,1.259014e-13,1.958344e-09,6.801349e-03,4.120958e-03,-2.633192e-03,3.542193e-15,1.215596e+02,1.774798e+09,1.039629e+02,1.464612e+09,1.048726e+02,1.934667e+09
87,monte carlo,2.192621e-11,3.958698e-01,7.015698e-10,7.880164e-10,2.003997e-13,3.864073e-11,1.259969e-01,1.186129e-09,3.681702e-10,3.265349e-13,3.849128e-11,1.849438e-01,6.036246e-10,1.288330e-09,3.977204e-13,2.222603e-11,2.980069e-01,7.404544e-10,3.687272e-10,3.347293e-13,6.789778e-08,4.923898e-01,1.591153e-13,1.988802e-09,8.105973e-08,6.073223e-01,1.988322e-13,5.671343e-10,6.930001e-08,6.337354e-01,1.878680e-13,1.907871e-09,-4.606755e-03,-1.625162e-03,-1.159313e-03,3.103389e-15,1.299624e+02,1.717178e+09,1.257932e+02,1.405851e+09,1.030615e+02,1.719296e+09
88,monte carlo,2.176536e-11,3.276045e-01,1.124229e-09,5.423926e-10,1.776170e-13,3.938770e-11,3.710271e-01,1.143567e-09,1.230854e-09,1.701729e-13,3.973058e-11,1.417487e-01,9.833072e-10,4.321795e-10,3.070012e-13,2.239860e-11,1.306240e-01,9.716148e-10,4.237444e-10,2.786277e-13,6.755864e-08,5.832937e-01,1.472944e-13,1.797189e-09,8.052021e-08,6.216432e-01,1.635792e-13,1.572942e-09,6.721394e-08,5.103712e-01,1.668416e-13,9.919190e-10,-5.097234e-03,1.429435e-03,-2.500818e-03,3.737844e-15,1.091603e+02,1.921496e+09,1.220773e+02,1.593627e+09,1.241207e+02,1.727070e+09
89,monte carlo,2.224611e-11,1.479812e-01,6.492655e-10,1.134875e-09,4.823699e-13,3.897805e-11,2.003849e-01,8.183432e-10,6.103656e-10,2.661963e-13,3.832767e-11,2.532128e-01,7.037947e-10,9.979626e-10,3.147716e-13,2.231861e-11,3.454799e-01,6.258716e-10,1.081982e-09,2.313438e-13,6.805964e-08,5.779746e-01,1.586473e-13,1.925273e-09,8.146639e-08,6.497294e-01,2.196552e-13,1.429822e-09,6.732675e-08,4.906098e-01,1.762841e-13,6.244486e-10,3.425260e-03,-3.671822e-03,-8.973172e-04,4.057239e-15,1.109819e+02,1.754312e+09,1.181727e+02,1.443065e+09,1.293369e+02,1.623913e+09
90,monte carlo,2.230202e-11,1.506874e-01,7.422901e-10,5.431710e-10,2.954140e-13,3.948180e-11,3.741068e-01,9.182870e-10,1.198189e-09,5.155370e-13,3.971495e-11,1.551072e-01,8.828195e-10,3.414943e-10,4.994477e-13,2.228655e-11,3.488149e-01,7.262692e-10,1.062314e-09,4.086858e-13,6.722061e-08,5.898819e-01,1.645541e-13,9.914037e-10,8.140504e-08,6.187656e-01,2.121165e-13,1.505594e-09,6.786602e-08,5.286767e-01,1.668117e-13,1.558812e-09,4.649105e-03,-7.109922e-03,2.762151e-03,5.317561e-16,1.074011e+02,1.778443e+09,1.239927e+02,1.449228e+09,1.209855e+02,1.946025e+09
91,monte carlo,2.203329e-11,1.158234e-01,1.106567e-09,7.777115e-10,3.302590e-13,3.844574e-11,1.544885e-01,1.159255e-09,8.936205e-10,3.752067e-13,3.898282e-11,1.572160e-01,1.127050e-09,1.133744e-09,4.934657e-13,2.178046e-11,1.306835e-01,1.173065e-09,5.500533e-10,3.971895e-13,6.693459e-08,5.220846e-01,1.861853e-13,8.155869e-10,8.109138e-08,6.195924e-01,1.876086e-13,8.466809e-10,6.667537e-08,4.994464e-01,1.537563e-13,1.489590e-09,-1.993020e-03,6.958814e-03,-1.826571e-03,1.218050e-15,1.208317e+02,1.876806e+09,1.233502e+02,1.388721e+09,1.258194e+02,1.825911e+09
92,monte carlo,2.209583e-11,1.773592e-01,9.224020e-10,1.067951e-09,4.194175e-13,3.945108e-11,2.446035e-01,9.504776e-10,9.140046e-10,2.780779e-13,3.965077e-11,2.063843e-01,1.179533e-09,4.459779e-10,4.591039e-13,2.209811e-11,3.962559e-01,6.895562e-10,1.028793e-09,4.207552e-13,6.796360e-08,6.082479e-01,1.953463e-13,1.360343e-09,8.178747e-08,6.422347e-01,2.100884e-13,1.126201e-09,6.825198e-08,5.853220e-01,1.577546e-13,1.085359e-09,9.564699e-03,-9.205646e-03,-2.159028e-03,1.748541e-15,1.053093e+02,1.550691e+09,1.200229e+02,1.428876e+09,1.098984e+02,1.918451e+09
93,monte carlo,2.229583e-11,3.902389e-01,9.656612e-10,4.572946e-10,5.064854e-13,3.857614e-11,2.281527e-01,1.041365e-09,1.150945e-09,2.129640e-13,3.910703e-11,2.950739e-01,9.548876e-10,1.210314e-09,2.704767e-13,2.207188e-11,3.043165e-01,1.121371e-09,5.859117e-10,4.527244e-13,6.865941e-08,5.567086e-01,2.078607e-13,1.860173e-09,8.122547e-08,5.892756e-01,1.852047e-13,1.919395e-09,6.919159e-08,5.075265e-01,1.642626e-13,1.005788e-09,-9.508301e-03,5.420577e-03,-2.591747e-03,4.515598e-15,1.162367e+02,1.575715e+09,1.299107e+02,1.487649e+09,1.284889e+02,1.820846e+09
94,monte carlo,2.229505e-11,2.876948e-01,9.791959e-10,1.161259e-09,2.814074e-13,3.841022e-11,1.502138e-01,1.162130e-09,8.383368e-10,2.991699e-13,3.861622e-11,3.905599e-01,7.136340e-10,7.115432e-10,4.261660e-13,2.181854e-11,2.450939e-01,9.037660e-10,4.124885e-10,4.190652e-13,6.740426e-08,5.472212e-01,1.567360e-13,1.416663e-09,8.149563e-08,6.414811e-01,2.132058e-13,5.276550e-10,6.754030e-08,4.922147e-01,1.566922e-13,5.811060e-10,8.004903e-03,-3.200414e-03,-1.110060e-03,9.844902e-16,1.160902e+02,1.669897e+09,1.197351e+02,1.507055e+09,1.293241e+02,1.901760e+09
95,monte carlo,2.168774e-11,2.478086e-01,1.095538e-09,4.198253e-10,2.348128e-13,3.967017e-11,2.727087e-01,6.564470e-10,9.006086e-10,1.946182e-13,3.957154e-11,1.074287e-01,9.515713e-10,9.162056e-10,2.844978e-13,2.177987e-11,1.356799e-01,6.927217e-10,8.925370e-10,3.285184e-13,6.760625e-08,5.944830e-01,1.941600e-13,1.062487e-09,8.290378e-08,7.482514e-01,1.600910e-13,1.508968e-09,6.738687e-08,5.069341e-01,1.755552e-13,9.571549e-10,8.656412e-03,-3.853452e-03,2.884886e-03,2.211726e-15,1.071812e+02,1.594494e+09,1.044234e+02,1.558293e+09,1.252838e+02,1.587457e+09
96,monte carlo,2.183126e-11,2.144627e-01,6.802737e-10,5.745763e-10,1.979941e-13,3.860087e-11,2.643901e-01,6.370553e-10,1.182542e-09,3.343448e-13,3.914601e-11,3.794542e-01,1.093925e-09,9.318151e-10,4.341127e-13,2.203552e-11,2.785332e-01,8.679107e-10,4.971716e-10,1.772433e-13,6.893561e-08,5.091304e-01,1.766350e-13,1.383358e-09,8.195999e-08,7.434448e-01,1.471318e-13,1.743939e-09,6.727589e-08,5.229850e-01,2.415171e-13,1.326677e-09,-3.828963e-03,9.275627e-03,-2.881447e-03,8.651050e-16,1.276103e+02,1.747506e+09,1.039021e+02,1.593044e+09,1.212387e+02,1.506276e+09
97,monte carlo,2.175642e-11,1.784687e-01,6.609948e-10,9.178028e-10,4.003372e-13,3.862561e-11,1.730655e-01,7.244746e-10,9.106324e-10,1.998482e-13,3.829761e-11,3.381515e-01,8.533872e-10,1.017680e-09,3.197224e-13,2.216512e-11,2.679691e-01,1.002478e-09,9.983583e-10,3.444832e-13,6.769234e-08,4.982374e-01,1.997347e-13,1.053634e-09,8.064647e-08,7.427694e-01,2.015659e-13,5.224999e-10,6.830630e-08,6.299043e-01,1.598286e-13,5.285627e-10,-8.733905e-03,-7.611844e-03,2.689855e-03,3.835126e-15,1.280484e+02,1.512893e+09,1.023299e+02,1.431119e+09,1.022015e+02,1.862269e+09
98,monte carlo,2.234275e-11,2.988165e-01,6.350586e-10,9.708486e-10,1.893388e-13,3.928065e-11,3.546457e-01,1.133051e-09,1.009952e-09,2.987446e-13,3.839605e-11,2.492720e-01,1.108325e-09,3.945927e-10,4.096686e-13,2.204511e-11,2.924383e-01,1.008218e-09,5.560516e-10,4.277208e-13,6.712514e-08,6.019646e-01,2.043281e-13,1.311269e-09,8.048110e-08,5.883394e-01,2.097635e-13,1.802920e-09,6.906142e-08,5.045471e-01,2.072831e-13,1.924024e-09,3.054385e-03,-8.953869e-03,2.518892e-03,5.779570e-16,1.050958e+02,1.554991e+09,1.289250e+02,1.377554e+09,1.290045e+02,1.501644e+09
99,monte carlo,2.226782e-11,2.064894e-01,1.198802e-09,3.079027e-10,2.382890e-13,3.957649e-11,3.293622e-01,9.795165e-10,5.945696e-10,2.649684e-13,3.922308e-11,3.957737e-01,1.127698e-09,4.733234e-10,4.515486e-13,2.220888e-11,2.592747e-01,6.134932e-10,8.313564e-10,3.153705e-13,6.738596e-08,5.463964e-01,2.210481e-13,1.480441e-09,8.151854e-08,6.280384e-01,2.158545e-13,7.659078e-10,6.737882e-08,5.900775e-01,2.153912e-13,1.250574e-09,3.809811e-03,8.374186e-03,-2.427278e-03,2.469680e-15,1.162339e+02,1.528182e+09,1.223323e+02,1.301154e+09,1.076181e+02,1.638340e+09
100,monte carlo,2.218409e-11,3.720765e-01,9.112841e-10,5.135739e-10,5.064297e-13,3.833198e-11,1.355398e-01,7.540428e-10,9.190927e-10,4.952768e-13,3.937632e-11,3.533325e-01,1.177923e-09,9.422253e-10,3.905554e-13,2.221564e-11,1.317288e-01,8.041708e-10,5.118486e-10,4.178393e-13,6.807425e-08,5.412866e-01,1.824302e-13,7.014776e-10,8.247956e-08,6.052050e-01,1.690707e-13,1.909476e-09,6.687194e-08,6.104544e-01,1.805933e-13,1.413353e-09,2.985900e-03,-3.893921e-03,2.871030e-03,4.219415e-15,1.185296e+02,1.548309e+09,1.284443e+02,1.481741e+09,1.032433e+02,1.551508e+09
101,monte carlo,2.200941e-11,1.023616e-01,9.322136e-10,1.066099e-09,3.845310e-13,3.969525e-11,2.649443e-01,1.055374e-09,9.569872e-10,3.335311e-13,3.934778e-11,3.216827e-01,1.129474e-09,8.460215e-10,4.700950e-13,2.238483e-11,1.279850e-01,6.325322e-10,6.766415e-10,2.431055e-13,6.743288e-08,5.960622e-01,1.675088e-13,1.348217e-09,8.198559e-08,6.900588e-01,1.460330e-13,6.792808e-10,6.933762e-08,5.268369e-01,1.745773e-13,1.100039e-09,-7.044845e-03,5.460105e-03,-8.540080e-05,1.255260e-15,1.066231e+02,1.869347e+09,1.119754e+02,1.645726e+09,1.240406e+02,1.897823e+09
102,monte carlo,2.156393e-11,2.766575e-01,1.182277e-09,9.548901e-10,3.349643e-13,3.880286e-11,2.279527e-01,1.008072e-09,2.790662e-10,4.998426e-13,3.841754e-11,2.262539e-01,7.782688e-10,6.992925e-10,4.034281e-13,2.167359e-11,2.000118e-01,9.147479e-10,1.063171e-09,1.960621e-13,6.880084e-08,5.322680e-01,2.122765e-13,1.372362e-09,8.159865e-08,6.163554e-01,2.335125e-13,1.709002e-09,6.790247e-08,5.480103e-01,2.269477e-13,1.827658e-09,1.408368e-03,2.533568e-04,-5.385533e-04,2.989075e-15,1.218245e+02,1.541666e+09,1.247737e+02,1.313082e+09,1.167799e+02,1.586967e+09
103,monte carlo,2.172950e-11,2.945132e-01,6.810905e-10,1.180292e-09,4.067771e-13,3.922084e-11,1.651551e-01,6.281304e-10,7.619371e-10,3.680441e-13,3.964067e-11,2.640051e-01,7.818956e-10,7.692510e-10,2.393883e-13,2.196217e-11,2.035046e-01,8.353970e-10,1.215694e-09,2.255771e-13,6.882526e-08,5.429570e-01,1.439311e-13,1.219175e-09,8.133634e-08,7.436584e-01,1.839943e-13,1.386280e-09,6.759750e-08,5.174154e-01,2.074286e-13,1.570832e-09,2.440460e-03,9.774609e-03,-1.284446e-03,3.057711e-15,1.194685e+02,1.871546e+09,1.030819e+02,1.634474e+09,1.231296e+02,1.607002e+09
104,monte carlo,2.177175e-11,3.114361e-01,9.031651e-10,6.642905e-10,2.607955e-13,3.959001e-11,1.433805e-01,9.562797e-10,1.075548e-09,2.549305e-13,3.918173e-11,2.935714e-01,6.080965e-10,1.208655e-09,3.882404e-13,2.156134e-11,1.741503e-01,1.023409e-09,8.274308e-10,2.684708e-13,6.668937e-08,5.688627e-01,1.928289e-13,1.242497e-09,8.207202e-08,6.018538e-01,1.706420e-13,5.634656e-10,6.681149e-08,5.415032e-01,1.773565e-13,1.691562e-09,-3.819252e-04,1.158063e-03,-1.374209e-03,8.883704e-16,1.104893e+02,1.678823e+09,1.285213e+02,1.649762e+09,1.162843e+02,1.574909e+09
105,monte carlo,2.234562e-11,2.444362e-01,7.619713e-10,7.276306e-10,3.270665e-13,3.878024e-11,1.052928e-01,6.185641e-10,7.663570e-10,4.241859e-13,3.847122e-11,3.234119e-01,8.166392e-10,1.006519e-09,3.573052e-13,2.216249e-11,1.118261e-01,1.195081e-09,3.307001e-10,4.610323e-13,6.686421e-08,4.911798e-01,1.732217e-13,1.848361e-09,8.162572e-08,6.428486e-01,2.056102e-13,1.208092e-09,6.811351e-08,5.438012e-01,1.708998e-13,9.303110e-10,-1.456499e-03,-2.512261e-03,-1.402102e-03,6.393722e-16,1.282993e+02,1.889339e+09,1.196711e+02,1.492706e+09,1.180495e+02,1.694352e+09
106,monte carlo,2.221028e-11,2.528032e-01,7.025238e-10,7.723331e-10,2.524798e-13,3.879063e-11,2.875427e-01,7.279872e-10,1.171116e-09,1.777024e-13,3.913249e-11,3.917975e-01,8.509108e-10,1.092621e-09,2.368758e-13,2.197422e-11,1.182753e-01,9.636102e-10,1.106981e-09,3.299489e-13,6.729944e-08,5.868967e-01,1.634442e-13,9.381911e-10,8.040616e-08,5.848571e-01,2.120203e-13,1.864274e-09,6.891404e-08,5.239372e-01,1.574885e-13,5.010613e-10,-1.826408e-04,-1.055104e-03,5.944486e-04,3.583367e-15,1.080739e+02,1.912417e+09,1.295719e+02,1.433440e+09,1.239651e+02,1.741286e+09
107,monte carlo,2.218303e-11,1.440552e-01,9.701448e-10,6.510269e-10,3.463046e-13,3.898030e-11,3.684885e-01,7.036733e-10,6.180230e-10,2.593642e-13,3.832454e-11,3.889577e-01,9.356483e-10,1.102164e-09,2.615867e-13,2.181170e-11,1.516244e-01,6.927018e-10,9.012838e-10,4.134718e-13,6.741255e-08,4.934963e-01,1.788254e-13,1.492136e-09,8.160139e-08,6.493935e-01,1.380514e-13,1.895970e-09,6.932843e-08,5.920937e-01,1.797756e-13,9.719406e-10,-9.343865e-03,-4.416872e-03,-5.800923e-04,1.736074e-15,1.287443e+02,1.940201e+09,1.184297e+02,1.622071e+09,1.103550e+02,1.899425e+09
108,monte carlo,2.204780e-11,3.952625e-01,8.868156e-10,4.132332e-10,3.826927e-13,3.963991e-11,2.400075e-01,6.464543e-10,5.267857e-10,3.850008e-13,3.927259e-11,1.370646e-01,9.491169e-10,2.794301e-10,2.890563e-13,2.197120e-11,3.598755e-01,9.514236e-10,1.125981e-09,3.407464e-13,6.889293e-08,6.308700e-01,1.752355e-13,9.647228e-10,8.165138e-08,7.199861e-01,1.554388e-13,1.184746e-09,6.685541e-08,5.872817e-01,1.869964e-13,8.035533e-10,-2.431586e-03,-4.143390e-03,1.390229e-03,4.469528e-15,1.029215e+02,1.839528e+09,1.068835e+02,1.666264e+09,1.072905e+02,1.520613e+09
109,monte carlo,2.214461e-11,1.995209e-01,1.199377e-09,4.839608e-10,3.386881e-13,3.849179e-11,3.314061e-01,1.192644e-09,6.784085e-10,3.519305e-13,3.967514e-11,3.081403e-01,7.670684e-10,2.910656e-10,4.239497e-13,2.222311e-11,3.140793e-01,1.123274e-09,4.297076e-10,2.041999e-13,6.787839e-08,5.705160e-01,2.061098e-13,1.970540e-09,8.238955e-08,6.132674e-01,1.843975e-13,5.605328e-10,6.805358e-08,5.532081e-01,1.412036e-13,5.515244e-10,-8.637522e-03,2.657421e-03,-1.859511e-03,4.659103e-15,1.121333e+02,1.577473e+09,1.266174e+02,1.555328e+09,1.159401e+02,1.755507e+09
110,monte carlo,2.180176e-11,1.821258e-01,1.004631e-09,4.506674e-10,5.111591e-13,3.896230e-11,3.117819e-01,9.863269e-10,7.216169e-10,3.605066e-13,3.860335e-11,1.712295e-01,9.757410e-10,3.353422e-10,4.063779e-13,2.166494e-11,2.653981e-01,1.176070e-09,9.976964e-10,1.999507e-13,6.868035e-08,6.154657e-01,1.755595e-13,1.976205e-09,8.172109e-08,6.228260e-01,1.870352e-13,7.068634e-10,6.733438e-08,5.228410e-01,1.801994e-13,1.411785e-09,-9.338632e-03,-3.399155e-03,-1.855503e-03,1.284096e-15,1.051719e+02,1.899816e+09,1.236626e+02,1.459356e+09,1.213775e+02,1.630797e+09
111,monte carlo,2.227254e-11,2.047101e-01,7.304499e-10,3.849763e-10,4.909306e-13,3.924538e-11,2.767087e-01,1.195886e-09,5.742135e-10,2.130315e-13,3.964573e-11,3.893047e-01,1.042760e-09,5.708172e-10,4.075858e-13,2.164691e-11,1.996883e-01,6.351011e-10,8.362753e-10,2.195896e-13,6.719526e-08,5.680420e-01,1.438534e-13,7.695468e-10,8.309311e-08,7.657417e-01,1.724600e-13,1.316639e-09,6.817780e-08,5.746723e-01,1.527871e-13,5.456069e-10,8.596178e-03,3.932527e-03,2.086214e-03,1.369957e-15,1.114883e+02,1.775764e+09,1.022713e+02,1.588660e+09,1.118134e+02,1.878445e+09
112,monte carlo,2.157085e-11,2.253614e-01,1.198734e-09,6.008322e-10,2.757682e-13,3.869781e-11,1.490486e-01,6.437602e-10,3.546260e-10,4.759179e-13,3.854117e-11,1.758073e-01,8.941935e-10,3.498453e-10,4.331696e-13,2.161036e-11,3.453320e-01,6.373191e-10,1.072633e-09,3.416838e-13,6.889050e-08,5.175204e-01,1.548116e-13,9.027362e-10,8.356134e-08,6.337030e-01,2.243515e-13,1.905317e-09,6.875389e-08,5.114730e-01,1.330099e-13,5.847172e-10,1.811224e-03,3.903998e-03,2.707460e-03,1.827745e-15,1.254593e+02,1.838285e+09,1.242770e+02,1.335266e+09,1.266910e+02,1.873940e+09
113,monte carlo,2.220503e-11,3.673753e-01,8.153460e-10,1.095519e-09,2.492292e-13,3.826025e-11,1.011494e-01,9.006883e-10,1.218093e-09,1.930222e-13,3.917661e-11,2.819870e-01,1.063281e-09,1.139279e-09,2.945956e-13,2.200301e-11,2.870873e-01,6.459032e-10,5.076484e-10,3.237755e-13,6.869444e-08,5.992109e-01,1.588156e-13,1.007093e-09,8.076155e-08,6.843182e-01,1.909690e-13,1.424573e-09,6.842240e-08,4.993347e-01,1.994997e-13,1.585121e-09,2.054148e-03,9.522742e-03,-1.196991e-03,2.268078e-15,1.080471e+02,1.778921e+09,1.112289e+02,1.376880e+09,1.291450e+02,1.528504e+09
114,monte carlo,2.188860e-11,2.972471e-01,8.788962e-10,1.297020e-09,3.946197e-13,3.963712e-11,2.616167e-01,7.101978e-10,1.076554e-09,4.595956e-13,3.922538e-11,1.313541e-01,8.804005e-10,1.217708e-09,3.446923e-13,2.203971e-11,1.343620e-01,9.832729e-10,4.078723e-10,1.733858e-13,6.805082e-08,6.117608e-01,1.560737e-13,1.485028e-09,8.314805e-08,6.492410e-01,1.680943e-13,1.294380e-09,6.759698e-08,4.903877e-01,1.503603e-13,5.637900e-10,-3.854704e-03,1.236955e-03,9.324522e-04,1.629211e-15,1.048390e+02,1.846745e+09,1.207028e+02,1.541808e+09,1.299149e+02,1.853717e+09
115,monte carlo,2.181932e-11,3.318372e-01,8.046556e-10,7.095424e-10,3.652425e-13,3.877762e-11,3.298520e-01,9.212082e-10,1.249703e-09,4.579705e-13,3.824543e-11,2.221938e-01,6.532881e-10,5.389142e-10,2.724384e-13,2.197509e-11,2.166250e-01,6.942942e-10,1.002604e-09,4.940761e-13,6.891058e-08,5.612216e-01,1.826687e-13,1.833006e-09,8.146277e-08,7.025174e-01,1.512615e-13,1.888221e-09,6.695957e-08,5.707272e-01,1.463113e-13,1.955352e-09,2.622744e-03,-9.212796e-03,2.956121e-04,4.505467e-15,1.157238e+02,1.579573e+09,1.092882e+02,1.687726e+09,1.105746e+02,1.927813e+09
116,monte carlo,2.214758e-11,3.748298e-01,6.018704e-10,6.352743e-10,4.502461e-13,3.868224e-11,1.483013e-01,6.382695e-10,6.341565e-10,4.769506e-13,3.838877e-11,2.234087e-01,7.012236e-10,1.104010e-09,3.874778e-13,2.160505e-11,2.110467e-01,1.086350e-09,1.009747e-09,5.257519e-13,6.793857e-08,5.445719e-01,1.905246e-13,7.144777e-10,8.267670e-08,6.447825e-01,1.348918e-13,5.455715e-10,6.759405e-08,6.305743e-01,2.003185e-13,1.251889e-09,7.126280e-03,9.811594e-03,-2.729238e-03,2.913688e-15,1.175797e+02,1.701901e+09,1.208484e+02,1.684468e+09,1.010284e+02,1.704792e+09
117,monte carlo,2.179973e-11,1.512920e-01,1.113845e-09,8.852288e-10,4.700298e-13,3.917774e-11,2.321798e-01,1.008203e-09,7.553890e-10,2.092255e-13,3.827537e-11,1.378223e-01,1.177650e-09,4.674814e-10,2.563075e-13,2.217307e-11,1.535387e-01,7.917542e-10,9.130192e-10,3.605862e-13,6.786302e-08,5.913438e-01,1.785483e-13,9.024731e-10,8.061972e-08,6.304465e-01,1.912380e-13,8.915868e-10,6.891276e-08,6.233288e-01,1.574989e-13,1.795036e-09,-9.758176e-03,5.651003e-03,-1.962739e-04,5.235616e-16,1.081594e+02,1.579456e+09,1.205214e+02,1.373770e+09,1.041966e+02,1.661023e+09
118,monte carlo,2.192359e-11,3.275844e-01,6.882003e-10,9.272081e-10,4.728068e-13,3.915257e-11,3.317378e-01,7.493405e-10,1.198504e-09,3.361392e-13,3.948790e-11,1.367465e-01,9.637986e-10,1.160332e-09,4.937825e-13,2.206030e-11,1.867012e-01,7.807770e-10,1.193167e-09,5.034428e-13,6.834598e-08,5.704805e-01,1.561857e-13,6.779532e-10,8.190687e-08,6.607598e-01,1.700458e-13,1.316800e-09,6.902133e-08,6.329842e-01,2.029277e-13,1.627232e-09,9.141479e-03,3.991846e-03,-2.754034e-03,4.111963e-15,1.129128e+02,1.754013e+09,1.168282e+02,1.625840e+09,1.027689e+02,1.572922e+09
119,monte carlo,2.191577e-11,3.669727e-01,9.354138e-10,7.291033e-10,3.700033e-13,3.931689e-11,3.819213e-01,1.054190e-09,3.481402e-10,4.105983e-13,3.879231e-11,3.088491e-01,1.127618e-09,7.343814e-10,4.091093e-13,2.170747e-11,3.327633e-01,9.088354e-10,6.425142e-10,3.708499e-13,6.780055e-08,6.094438e-01,1.949505e-13,1.512387e-09,8.238295e-08,7.062064e-01,1.968315e-13,1.261874e-09,6.708873e-08,5.167243e-01,1.329145e-13,1.000500e-09,-5.177100e-03,-7.180642e-03,2.609748e-03,9.250901e-16,1.048505e+02,1.661074e+09,1.099453e+02,1.475752e+09,1.223663e+02,1.867597e+09
120,monte carlo,2.195223e-11,2.623955e-01,8.885008e-10,3.258570e-10,4.404639e-13,3.870629e-11,3.225911e-01,9.511927e-10,3.566268e-10,2.828484e-13,3.919538e-11,1.350111e-01,1.185738e-09,5.336287e-10,5.078339e-13,2.215642e-11,1.553853e-01,1.086307e-09,3.921136e-10,2.257711e-13,6.881222e-08,5.342961e-01,1.759496e-13,9.635908e-10,8.174568e-08,6.576671e-01,1.869047e-13,1.229318e-09,6.917351e-08,5.371656e-01,1.659073e-13,1.835587e-09,-6.482268e-03,-9.934161e-03,1.405343e-03,4.145184e-15,1.213821e+02,1.725464e+09,1.171466e+02,1.633461e+09,1.213676e+02,1.836253e+09
121,monte carlo,2.195648e-11,3.110753e-01,6.631498e-10,6.812502e-10,4.347553e-13,3.829838e-11,2.083733e-01,9.962353e-10,9.283859e-10,3.248793e-13,3.965043e-11,3.995562e-01,1.115276e-09,8.164603e-10,1.841831e-13,2.237361e-11,3.673443e-01,6.758754e-10,5.984120e-10,4.731063e-13,6.826068e-08,5.408184e-01,1.929258e-13,1.005454e-09,8.256352e-08,7.633961e-01,1.596841e-13,1.927851e-09,6.745064e-08,5.465111e-01,1.919289e-13,1.305932e-09,8.993742e-03,1.729769e-04,-2.333238e-03,1.605728e-15,1.189571e+02,1.507762e+09,1.019317e+02,1.645101e+09,1.163210e+02,1.611905e+09
122,monte carlo,2.156756e-11,3.362808e-01,9.965473e-10,4.240440e-10,2.695963e-13,3.931531e-11,1.488772e-01,9.874360e-10,3.150616e-10,3.646474e-13,3.916796e-11,3.619161e-01,1.122024e-09,4.016166e-10,4.193868e-13,2.161567e-11,1.603499e-01,6.989961e-10,1.211338e-09,3.784992e-13,6.696020e-08,5.834491e-01,1.954607e-13,1.498503e-09,8.328490e-08,7.611492e-01,1.907890e-13,1.765076e-09,6.717783e-08,5.357997e-01,2.357871e-13,1.346888e-09,5.247718e-03,8.423333e-03,2.293289e-03,3.230460e-15,1.081645e+02,1.589003e+09,1.031259e+02,1.531661e+09,1.181666e+02,1.528686e+09
123,monte carlo,2.211958e-11,3.537305e-01,6.123052e-10,3.266218e-10,4.713436e-13,3.861339e-11,1.743077e-01,8.237071e-10,2.969731e-10,2.707920e-13,3.850315e-11,1.638228e-01,1.106604e-09,7.436347e-10,3.530618e-13,2.178047e-11,2.825557e-01,7.406253e-10,8.700924e-10,3.665998e-13,6.843159e-08,6.103785e-01,1.970532e-13,1.152652e-09,8.187304e-08,5.953969e-01,1.914549e-13,6.388299e-10,6.734809e-08,5.926128e-01,2.276711e-13,1.343792e-09,-7.868768e-03,-8.948999e-03,9.207360e-04,1.622934e-15,1.056644e+02,1.758794e+09,1.296001e+02,1.543866e+09,1.071089e+02,1.595468e+09
124,monte carlo,2.203907e-11,2.121330e-01,1.189982e-09,3.328882e-10,4.445433e-13,3.891079e-11,3.643494e-01,1.173299e-09,6.154794e-10,4.914537e-13,3.920479e-11,3.629313e-01,1.102356e-09,5.471665e-10,1.918201e-13,2.234610e-11,1.508093e-01,8.737895e-10,1.064606e-09,2.385714e-13,6.774282e-08,6.021085e-01,1.798427e-13,9.219552e-10,8.103932e-08,6.762479e-01,1.763914e-13,1.103969e-09,6.853745e-08,6.114766e-01,1.641335e-13,1.769037e-09,4.031099e-03,5.093710e-03,1.641439e-03,2.417639e-15,1.060375e+02,1.580203e+09,1.129434e+02,1.427235e+09,1.056378e+02,1.779007e+09
125,monte carlo,2.169990e-11,1.549020e-01,7.867542e-10,6.027738e-10,3.363687e-13,3.976890e-11,3.327708e-01,8.439482e-10,1.147588e-09,2.157734e-13,3.904642e-11,1.047381e-01,8.573961e-10,2.723046e-10,4.902385e-13,2.217798e-11,2.618051e-01,8.059737e-10,7.988369e-10,1.771094e-13,6.744829e-08,4.966934e-01,1.995529e-13,6.698581e-10,8.106845e-08,7.259862e-01,1.796262e-13,1.492433e-09,6.870431e-08,6.216835e-01,1.402440e-13,1.000081e-09,-5.629047e-03,5.571264e-03,-6.440791e-04,3.762408e-15,1.279834e+02,1.621266e+09,1.052433e+02,1.432251e+09,1.041564e+02,1.871076e+09
126,monte carlo,2.192860e-11,2.478620e-01,1.184986e-09,1.084344e-09,3.127023e-13,3.910047e-11,1.121782e-01,1.165911e-09,1.004610e-09,1.761670e-13,3.832419e-11,3.994452e-01,1.162069e-09,8.680579e-10,3.161107e-13,2.200471e-11,3.799023e-01,1.031874e-09,7.630482e-10,4.433823e-13,6.845552e-08,5.226173e-01,1.474088e-13,5.712547e-10,8.110072e-08,6.177943e-01,1.819574e-13,8.853253e-10,6.771961e-08,5.041837e-01,1.666191e-13,7.236664e-10,8.798770e-03,4.727172e-03,2.065231e-03,3.557581e-15,1.234514e+02,1.793724e+09,1.237234e+02,1.677344e+09,1.265892e+02,1.823479e+09
127,monte carlo,2.206339e-11,2.642105e-01,1.123197e-09,8.604738e-10,5.262761e-13,3.874353e-11,3.971531e-01,8.086449e-10,7.533836e-10,4.834477e-13,3.877350e-11,1.577324e-01,1.145231e-09,9.910312e-10,2.621269e-13,2.164088e-11,1.101684e-01,8.314146e-10,4.956546e-10,3.849231e-13,6.841857e-08,5.079869e-01,1.956929e-13,1.907835e-09,8.313033e-08,7.659471e-01,1.618517e-13,1.391687e-09,6.715268e-08,5.697334e-01,1.903517e-13,5.151981e-10,-5.331298e-03,4.468467e-03,8.331239e-04,3.904633e-15,1.269383e+02,1.714650e+09,1.022897e+02,1.525933e+09,1.110869e+02,1.830209e+09
128,monte carlo,2.158803e-11,3.826329e-01,8.221098e-10,1.226330e-09,5.064270e-13,3.870647e-11,2.864128e-01,6.063657e-10,6.365589e-10,4.275131e-13,3.858899e-11,1.951794e-01,7.341141e-10,1.115639e-09,4.732746e-13,2.226428e-11,2.794165e-01,1.073119e-09,1.132055e-09,2.471902e-13,6.673080e-08,5.205622e-01,1.950233e-13,1.369537e-09,8.320348e-08,7.227094e-01,1.714968e-13,5.013374e-10,6.728152e-08,6.299639e-01,1.839410e-13,1.123312e-09,-5.591562e-03,9.607927e-03,8.480727e-04,1.381573e-15,1.208161e+02,1.540397e+09,1.085048e+02,1.676894e+09,1.006587e+02,1.812769e+09
129,monte carlo,2.228115e-11,1.892120e-01,9.967388e-10,1.194516e-09,1.735353e-13,3.920028e-11,1.324595e-01,9.717894e-10,1.230384e-09,3.032648e-13,3.919912e-11,3.692896e-01,6.677500e-10,9.300084e-10,2.390420e-13,2.175923e-11,1.803492e-01,1.062438e-09,9.300498e-10,2.831865e-13,6.717349e-08,5.484585e-01,1.547584e-13,1.869237e-09,8.307808e-08,6.028339e-01,1.597305e-13,1.954277e-09,6.875756e-08,5.338787e-01,1.472094e-13,1.711679e-09,-9.399521e-03,1.613960e-03,8.104586e-04,7.291273e-16,1.154317e+02,1.884203e+09,1.298853e+02,1.574149e+09,1.213805e+02,1.753563e+09
130,monte carlo,2.217041e-11,3.536855e-01,8.447229e-10,8.700622e-10,1.951793e-13,3.874722e-11,2.667439e-01,6.498183e-10,7.118791e-10,5.170679e-13,3.831964e-11,3.299443e-01,1.087626e-09,7.616591e-10,4.749689e-13,2.192186e-11,2.584480e-01,1.122203e-09,7.461584e-10,4.223426e-13,6.754406e-08,6.204220e-01,1.795167e-13,1.981861e-09,8.276332e-08,7.122309e-01,2.047106e-13,9.310991e-10,6.675543e-08,4.860648e-01,1.771432e-13,8.586778e-10,6.761389e-03,-4.099000e-03,-1.892333e-03,7.894892e-16,1.026056e+02,1.599367e+09,1.095187e+02,1.506440e+09,1.294385e+02,1.933310e+09
131,monte carlo,2.223577e-11,1.740036e-01,1.055269e-09,1.288717e-09,2.157911e-13,3.964332e-11,2.072020e-01,9.888178e-10,7.184126e-10,4.818530e-13,3.859000e-11,3.618320e-01,8.838491e-10,9.616858e-10,4.096241e-13,2.211921e-11,2.250571e-01,1.183092e-09,5.356344e-10,3.453426e-13,6.911268e-08,6.130006e-01,1.679099e-13,1.941542e-09,8.267407e-08,6.005699e-01,1.330972e-13,9.918467e-10,6.838982e-08,5.111311e-01,1.636637e-13,1.246538e-09,-6.341149e-04,-1.982833e-03,1.983803e-03,9.722007e-16,1.062595e+02,1.740610e+09,1.297409e+02,1.687784e+09,1.261044e+02,1.780450e+09
132,monte carlo,2.216306e-11,2.276999e-01,1.113334e-09,5.370060e-10,5.236267e-13,3.962898e-11,2.339957e-01,6.667710e-10,2.742333e-10,4.552712e-13,3.901647e-11,3.226179e-01,1.105838e-09,6.366275e-10,2.805361e-13,2.241819e-11,3.339166e-01,1.129851e-09,6.981264e-10,5.007544e-13,6.686157e-08,6.138007e-01,1.582185e-13,7.932668e-10,8.195275e-08,6.886077e-01,1.556215e-13,1.036454e-09,6.790206e-08,5.212289e-01,1.412647e-13,1.248592e-09,9.353622e-03,3.682798e-03,1.211675e-03,1.169985e-15,1.026645e+02,1.931023e+09,1.121664e+02,1.610177e+09,1.227794e+02,1.887805e+09
133,monte carlo,2.171811e-11,2.794584e-01,6.199287e-10,3.117888e-10,4.491927e-13,3.896012e-11,3.738990e-01,9.814613e-10,5.122774e-10,4.756389e-13,3.897943e-11,1.190387e-01,1.020419e-09,9.930013e-10,2.552107e-13,2.183152e-11,3.318403e-01,1.030651e-09,3.381685e-10,2.062148e-13,6.843410e-08,5.329740e-01,1.849038e-13,1.650126e-09,8.121014e-08,7.079255e-01,1.908296e-13,1.014864e-09,6.784037e-08,6.271136e-01,1.363070e-13,1.042356e-09,6.600206e-03,-6.394423e-03,9.368801e-04,4.850946e-15,1.210146e+02,1.735949e+09,1.081170e+02,1.656871e+09,1.019561e+02,1.831470e+09
134,monte carlo,2.196935e-11,3.241438e-01,1.040446e-09,8.892783e-10,4.501395e-13,3.840632e-11,3.411568e-01,6.443859e-10,6.034141e-10,3.053599e-13,3.919773e-11,2.987374e-01,1.163933e-09,1.211451e-09,5.138094e-13,2.178819e-11,1.044268e-01,6.486671e-10,1.255662e-09,2.950835e-13,6.700761e-08,6.188970e-01,2.108028e-13,1.128163e-09,8.281530e-08,7.204981e-01,1.653299e-13,9.092679e-10,6.778844e-08,5.440474e-01,1.964199e-13,1.170287e-09,-1.305613e-03,-4.827676e-03,-1.525649e-03,1.437844e-15,1.020415e+02,1.553053e+09,1.083300e+02,1.452567e+09,1.174330e+02,1.555721e+09
135,monte carlo,2.204773e-11,2.369619e-01,6.530297e-10,9.070975e-10,1.749362e-13,3.847569e-11,2.681402e-01,1.187691e-09,1.033422e-09,2.141153e-13,3.884048e-11,2.702762e-01,7.952926e-10,9.119226e-10,2.113276e-13,2.225743e-11,1.604507e-01,6.911468e-10,1.209974e-09,2.258289e-13,6.829667e-08,5.486907e-01,1.621679e-13,1.755125e-09,8.133887e-08,6.516894e-01,1.678925e-13,8.845526e-10,6.855358e-08,5.178175e-01,1.652787e-13,1.178966e-09,-4.211849e-03,1.885588e-03,-1.554358e-03,8.118948e-16,1.173122e+02,1.826637e+09,1.176328e+02,1.618116e+09,1.247741e+02,1.829296e+09
136,monte carlo,2.188904e-11,3.895526e-01,8.719265e-10,9.705973e-10,3.213211e-13,3.945553e-11,1.884071e-01,9.419860e-10,5.749809e-10,5.239415e-13,3.865913e-11,1.879224e-01,8.957359e-10,8.806784e-10,2.947041e-13,2.199781e-11,2.058589e-01,7.613273e-10,7.525670e-10,4.798167e-13,6.753216e-08,5.666753e-01,1.357917e-13,1.030708e-09,8.330313e-08,6.315032e-01,1.498119e-13,1.053867e-09,6.895639e-08,5.455986e-01,2.102192e-13,1.473422e-09,8.901858e-03,-8.032040e-03,-8.935930e-04,2.318722e-15,1.123175e+02,1.909790e+09,1.243245e+02,1.669306e+09,1.191166e+02,1.579932e+09
137,monte carlo,2.207061e-11,3.256796e-01,1.079409e-09,4.199220e-10,3.839654e-13,3.823505e-11,1.414964e-01,9.622999e-10,1.268855e-09,4.170674e-13,3.882532e-11,3.563241e-01,1.139630e-09,1.084957e-09,5.015535e-13,2.217396e-11,2.035727e-01,1.029703e-09,1.264956e-09,2.787924e-13,6.909035e-08,5.524960e-01,1.696773e-13,1.409563e-09,8.244849e-08,6.074607e-01,1.679848e-13,6.384950e-10,6.693298e-08,5.308820e-01,1.632720e-13,9.343242e-10,-7.381148e-03,-8.119877e-03,2.485406e-03,1.989212e-15,1.178581e+02,1.779274e+09,1.279192e+02,1.441999e+09,1.188265e+02,1.748946e+09
138,monte carlo,2.191240e-11,3.412894e-01,7.170951e-10,4.949475e-10,4.520915e-13,3.925823e-11,3.277872e-01,8.399557e-10,1.202713e-09,4.140752e-13,3.822968e-11,1.502908e-01,1.075861e-09,9.615365e-10,2.329683e-13,2.204613e-11,3.126329e-01,1.161751e-09,8.496259e-10,3.161485e-13,6.836855e-08,5.063641e-01,2.249542e-13,5.447810e-10,8.300040e-08,6.950842e-01,1.980815e-13,1.101236e-09,6.714096e-08,4.950451e-01,2.173668e-13,1.180265e-09,9.206890e-03,-4.231552e-03,1.780774e-03,3.358949e-15,1.272520e+02,1.509055e+09,1.125418e+02,1.531155e+09,1.278244e+02,1.581682e+09
139,monte carlo,2.186970e-11,2.636956e-01,1.099906e-09,9.875918e-10,2.800321e-13,3.822711e-11,2.412844e-01,8.943501e-10,1.156529e-09,2.152114e-13,3.832810e-11,3.839947e-01,9.682106e-10,1.151047e-09,3.859050e-13,2.243393e-11,2.824266e-01,7.104240e-10,9.192096e-10,1.941564e-13,6.716317e-08,6.219052e-01,1.593525e-13,1.915188e-09,8.112664e-08,6.122538e-01,2.369146e-13,1.572270e-09,6.907693e-08,5.961274e-01,1.704190e-13,1.297220e-09,-2.212922e-03,5.913089e-03,1.891282e-03,1.068612e-15,1.017837e+02,1.848637e+09,1.248829e+02,1.390936e+09,1.092107e+02,1.935259e+09
140,monte carlo,2.192169e-11,2.270280e-01,6.741045e-10,7.465804e-10,3.540262e-13,3.930018e-11,2.645878e-01,9.939660e-10,5.420183e-10,3.797893e-13,3.928947e-11,3.432307e-01,8.222865e-10,2.949085e-10,4.832549e-13,2.203410e-11,1.124548e-01,7.761058e-10,1.090646e-09,4.280227e-13,6.798321e-08,5.802272e-01,1.895695e-13,1.859169e-09,8.040059e-08,6.490932e-01,2.334617e-13,5.164347e-10,6.831290e-08,5.986613e-01,1.547130e-13,1.802155e-09,-7.887758e-03,2.399977e-03,7.720745e-04,4.120265e-15,1.104269e+02,1.709045e+09,1.167410e+02,1.375003e+09,1.075456e+02,1.805445e+09
141,monte carlo,2.197020e-11,3.205893e-01,1.086919e-09,1.187712e-09,3.743216e-13,3.886289e-11,1.996604e-01,8.622809e-10,8.715010e-10,1.808933e-13,3.950253e-11,3.771566e-01,1.162226e-09,8.728593e-10,3.374730e-13,2.241388e-11,1.492859e-01,9.381369e-10,8.223058e-10,5.055255e-13,6.889692e-08,6.098662e-01,1.995907e-13,1.727324e-09,8.360526e-08,6.147921e-01,1.464288e-13,1.534654e-09,6.825378e-08,5.609196e-01,1.931324e-13,1.948236e-09,8.022088e-04,2.982185e-03,2.552756e-03,4.050571e-15,1.064722e+02,1.599027e+09,1.281671e+02,1.556555e+09,1.146825e+02,1.754644e+09
142,monte carlo,2.184873e-11,1.969459e-01,1.022954e-09,5.621762e-10,2.986564e-13,3.948042e-11,2.719052e-01,9.188867e-10,1.051401e-09,3.420317e-13,3.972727e-11,2.898090e-01,8.906362e-10,1.229637e-09,5.212848e-13,2.202907e-11,1.216788e-01,1.025226e-09,6.594075e-10,3.280640e-13,6.727204e-08,5.628018e-01,1.487374e-13,9.703036e-10,8.231526e-08,5.988569e-01,2.118014e-13,9.768275e-10,6.846778e-08,6.088615e-01,1.645312e-13,6.722603e-10,-7.091983e-03,-9.440726e-03,-1.348197e-03,6.887107e-16,1.126549e+02,1.785429e+09,1.295473e+02,1.433633e+09,1.059836e+02,1.811715e+09
143,monte carlo,2.211325e-11,3.856590e-01,7.253670e-10,1.045087e-09,3.977107e-13,3.963873e-11,1.070411e-01,1.019945e-09,7.597769e-10,4.136570e-13,3.827871e-11,1.051269e-01,8.220982e-10,1.102553e-09,4.792892e-13,2.208287e-11,1.132353e-01,1.151888e-09,3.237137e-10,4.259601e-13,6.915740e-08,5.107714e-01,1.603075e-13,1.437522e-09,8.307880e-08,6.406316e-01,2.097364e-13,1.663346e-09,6.841019e-08,6.266295e-01,1.640000e-13,1.946065e-09,-3.873511e-03,8.106362e-03,2.697505e-03,2.101333e-15,1.276096e+02,1.809055e+09,1.222230e+02,1.479897e+09,1.028919e+02,1.672755e+09
144,monte carlo,2.228765e-11,2.373785e-01,1.061057e-09,5.280020e-10,2.160575e-13,3.918713e-11,1.218863e-01,1.146139e-09,9.375563e-10,2.910157e-13,3.848755e-11,1.456224e-01,1.099377e-09,1.083559e-09,4.159129e-13,2.216133e-11,2.200571e-01,9.272222e-10,1.140719e-09,3.209835e-13,6.690703e-08,5.521412e-01,1.899525e-13,1.358954e-09,8.337600e-08,6.283549e-01,2.022310e-13,7.752853e-10,6.690659e-08,5.519341e-01,2.445615e-13,9.442924e-10,7.147448e-03,2.011791e-03,-2.456815e-03,2.760865e-15,1.142070e+02,1.714155e+09,1.250568e+02,1.520757e+09,1.142491e+02,1.508917e+09
145,monte carlo,2.221938e-11,3.263011e-01,1.047101e-09,2.730853e-10,4.372133e-13,3.964945e-11,2.880639e-01,8.811597e-10,1.264388e-09,2.731746e-13,3.825744e-11,2.589952e-01,8.346013e-10,4.725148e-10,2.540439e-13,2.226641e-11,2.146123e-01,7.498125e-10,5.572561e-10,4.215315e-13,6.841445e-08,5.508193e-01,1.664902e-13,7.838521e-10,8.160238e-08,7.022147e-01,2.020284e-13,9.550693e-10,6.852445e-08,5.420617e-01,2.059280e-13,1.281624e-09,9.415335e-03,-5.181279e-03,2.329983e-04,4.163719e-15,1.170604e+02,1.647538e+09,1.095227e+02,1.401819e+09,1.191429e+02,1.548504e+09
146,monte carlo,2.194259e-11,2.261607e-01,6.998183e-10,1.173082e-09,4.841134e-13,3.935934e-11,2.640997e-01,8.135385e-10,1.090027e-09,1.996698e-13,3.905029e-11,3.936384e-01,6.397957e-10,6.990690e-10,2.300521e-13,2.188724e-11,1.247164e-01,1.167940e-09,9.458524e-10,3.326160e-13,6.751565e-08,4.992486e-01,2.076617e-13,1.574703e-09,8.110405e-08,6.580559e-01,1.815525e-13,1.699099e-09,6.864461e-08,5.356174e-01,1.885760e-13,1.830259e-09,7.456217e-03,-9.458334e-04,7.225098e-04,1.051826e-15,1.274555e+02,1.652283e+09,1.161585e+02,1.496436e+09,1.207878e+02,1.593694e+09
147,monte carlo,2.220815e-11,1.197411e-01,1.122449e-09,3.938841e-10,4.760729e-13,3.931711e-11,1.457918e-01,9.008133e-10,9.585272e-10,3.009943e-13,3.867888e-11,3.444723e-01,8.503000e-10,1.030764e-09,1.817498e-13,2.240422e-11,1.525828e-01,7.669282e-10,1.085366e-09,2.028578e-13,6.670881e-08,6.011287e-01,2.295318e-13,1.326016e-09,8.123103e-08,6.852877e-01,2.268881e-13,1.093387e-09,6.744783e-08,5.133704e-01,1.497560e-13,8.819819e-10,-2.252642e-03,-5.878765e-03,1.858239e-03,5.236979e-16,1.045892e+02,1.512898e+09,1.117172e+02,1.342908e+09,1.238250e+02,1.730685e+09
148,monte carlo,2.165794e-11,1.942328e-01,1.157579e-09,5.459362e-10,2.378442e-13,3.931676e-11,1.686758e-01,8.601124e-10,3.240775e-10,4.704128e-13,3.833789e-11,1.568444e-01,9.686420e-10,1.109203e-09,4.357340e-13,2.202145e-11,1.300567e-01,1.134394e-09,4.822658e-10,1.880951e-13,6.862945e-08,5.375143e-01,1.568695e-13,5.958768e-10,8.346429e-08,6.237081e-01,1.671133e-13,1.652914e-09,6.674640e-08,5.543792e-01,1.866665e-13,7.278351e-10,-1.608212e-03,-4.806660e-04,2.455473e-03,5.315216e-16,1.203349e+02,1.913640e+09,1.261219e+02,1.494483e+09,1.134729e+02,1.880509e+09
149,monte carlo,2.208861e-11,3.786682e-01,1.136843e-09,8.482222e-10,2.360094e-13,3.847524e-11,3.196796e-01,9.772956e-10,4.878782e-10,4.143759e-13,3.938979e-11,3.411823e-01,1.137068e-09,1.146620e-09,4.997137e-13,2.182459e-11,1.480967e-01,6.834196e-10,6.828953e-10,4.705184e-13,6.859944e-08,5.530495e-01,1.316372e-13,1.078422e-09,8.238049e-08,6.156871e-01,1.455288e-13,9.098072e-10,6.865664e-08,5.155438e-01,1.853096e-13,1.077587e-09,-1.148640e-03,2.659217e-03,-2.479159e-03,4.465762e-15,1.169036e+02,1.826870e+09,1.261059e+02,1.670377e+09,1.255128e+02,1.692968e+09
150,monte carlo,2.178286e-11,3.269509e-01,6.809883e-10,8.851906e-10,3.123533e-13,3.869206e-11,2.818844e-01,1.174010e-09,1.191647e-09,1.875510e-13,3.921884e-11,3.035519e-01,8.512996e-10,1.084662e-09,4.336767e-13,2.210222e-11,2.843093e-01,6.452378e-10,4.815338e-10,3.904464e-13,6.839988e-08,5.085894e-01,1.735462e-13,9.962750e-10,8.048799e-08,6.652082e-01,2.076678e-13,8.836023e-10,6.914310e-08,5.150716e-01,1.698086e-13,1.659568e-09,-6.628766e-05,4.190240e-03,-1.667063e-03,1.763722e-15,1.267533e+02,1.731868e+09,1.140367e+02,1.340163e+09,1.265180e+02,1.833858e+09
151,monte carlo,2.205341e-11,3.771104e-01,7.016284e-10,1.020980e-09,3.488057e-13,3.962098e-11,3.260844e-01,1.041077e-09,1.217080e-09,4.917540e-13,3.824045e-11,3.590356e-01,6.975744e-10,1.272363e-09,2.252536e-13,2.201730e-11,3.049485e-01,8.220000e-10,1.218608e-09,3.568138e-13,6.786108e-08,5.688558e-01,1.912631e-13,1.176446e-09,8.310793e-08,7.596526e-01,1.812598e-13,1.582806e-09,6.881996e-08,5.077885e-01,2.035476e-13,5.852585e-10,8.706157e-03,-9.530847e-04,-9.232112e-04,2.557045e-15,1.124319e+02,1.537280e+09,1.031095e+02,1.448152e+09,1.277329e+02,1.616533e+09
152,monte carlo,2.232081e-11,2.649311e-01,1.041767e-09,7.716088e-10,4.652091e-13,3.922354e-11,1.891084e-01,7.733035e-10,9.414661e-10,3.893934e-13,3.942493e-11,3.272520e-01,6.167954e-10,1.076258e-09,3.925124e-13,2.172401e-11,3.041469e-01,1.102666e-09,3.660901e-10,4.604303e-13,6.778533e-08,5.138356e-01,1.675674e-13,1.926751e-09,8.293418e-08,7.352083e-01,2.329685e-13,1.765142e-09,6.860353e-08,5.131945e-01,1.684400e-13,1.253056e-09,8.296098e-03,-3.308779e-03,-5.859223e-05,1.753784e-15,1.243319e+02,1.673689e+09,1.063149e+02,1.362950e+09,1.259899e+02,1.641911e+09
153,monte carlo,2.158157e-11,2.411018e-01,6.688282e-10,9.929749e-10,3.763597e-13,3.896893e-11,1.190050e-01,1.098623e-09,1.202906e-09,4.025788e-13,3.914916e-11,2.516453e-01,7.504956e-10,7.824171e-10,3.513171e-13,2.222942e-11,3.576002e-01,6.265464e-10,1.045494e-09,2.177968e-13,6.823057e-08,5.739438e-01,1.762227e-13,1.168393e-09,8.118856e-08,6.178485e-01,1.990181e-13,1.716001e-09,6.711779e-08,5.018792e-01,1.320121e-13,8.294616e-10,9.370325e-03,-9.169917e-03,1.261864e-04,2.081344e-15,1.120420e+02,1.724951e+09,1.238466e+02,1.457675e+09,1.260403e+02,1.890930e+09
154,monte carlo,2.195830e-11,2.493427e-01,7.899886e-10,5.680685e-10,2.239742e-13,3.860837e-11,1.926025e-01,9.106461e-10,5.254683e-10,4.802666e-13,3.961304e-11,2.672218e-01,1.011266e-09,6.368673e-10,2.701868e-13,2.242693e-11,2.023587e-01,1.051891e-09,1.080411e-09,1.844614e-13,6.732515e-08,5.811676e-01,1.773280e-13,1.898894e-09,8.088902e-08,6.720802e-01,1.618204e-13,8.233416e-10,6.853568e-08,6.206211e-01,1.733161e-13,8.043640e-10,-1.418995e-03,4.013342e-03,3.342115e-04,7.998477e-16,1.091810e+02,1.632956e+09,1.134330e+02,1.628701e+09,1.040786e+02,1.625450e+09
155,monte carlo,2.222453e-11,3.688062e-01,6.151469e-10,8.951978e-10,1.873070e-13,3.834582e-11,3.654797e-01,7.214405e-10,5.224957e-10,3.325656e-13,3.936738e-11,1.635447e-01,9.430714e-10,1.095936e-09,2.537609e-13,2.184047e-11,2.535825e-01,7.163851e-10,4.127170e-10,1.878886e-13,6.749807e-08,6.066399e-01,1.651914e-13,8.422852e-10,8.360978e-08,6.993374e-01,1.671409e-13,7.154231e-10,6.895683e-08,5.224762e-01,1.899290e-13,1.835691e-09,-1.114241e-03,-7.702005e-03,-8.959130e-04,4.003755e-15,1.048652e+02,1.769839e+09,1.126786e+02,1.475820e+09,1.243890e+02,1.803197e+09
156,monte carlo,2.197940e-11,1.247628e-01,8.916646e-10,3.434917e-10,5.105441e-13,3.854602e-11,3.917970e-01,8.579937e-10,1.035895e-09,3.624889e-13,3.854146e-11,2.816677e-01,1.117266e-09,6.271215e-10,2.910719e-13,2.226271e-11,1.242272e-01,8.239730e-10,5.523904e-10,4.136878e-13,6.819272e-08,5.648797e-01,2.134198e-13,9.144756e-10,8.070173e-08,6.590339e-01,1.465965e-13,1.006473e-09,6.853182e-08,4.982179e-01,1.774156e-13,1.214695e-09,1.621759e-03,-9.522932e-03,6.661123e-04,2.774044e-15,1.137767e+02,1.519957e+09,1.154107e+02,1.647237e+09,1.296415e+02,1.872035e+09
157,monte carlo,2.223585e-11,1.712085e-01,6.933957e-10,1.019441e-09,4.409942e-13,3.826385e-11,2.586538e-01,1.040258e-09,1.292702e-09,4.818042e-13,3.862130e-11,1.144573e-01,1.055847e-09,7.776677e-10,2.287349e-13,2.182077e-11,3.738753e-01,6.908398e-10,1.113856e-09,4.421192e-13,6.912884e-08,6.027098e-01,1.985455e-13,5.216664e-10,8.202257e-08,7.617493e-01,2.095964e-13,5.308087e-10,6.878404e-08,5.666595e-01,1.664025e-13,7.334856e-10,-5.414479e-04,8.300548e-03,1.593275e-04,1.617517e-15,1.080991e+02,1.557595e+09,1.014828e+02,1.402931e+09,1.144028e+02,1.862337e+09
158,monte carlo,2.221033e-11,3.300600e-01,6.024244e-10,9.453004e-10,4.980487e-13,3.867012e-11,1.901638e-01,1.100448e-09,8.661691e-10,2.747672e-13,3.922576e-11,3.945445e-01,8.363443e-10,9.374620e-10,5.250960e-13,2.239632e-11,1.778485e-01,6.874124e-10,3.437031e-10,3.144724e-13,6.749811e-08,6.301147e-01,1.761105e-13,8.935750e-10,8.100617e-08,6.429681e-01,1.775822e-13,7.613966e-10,6.777001e-08,4.970874e-01,1.522360e-13,1.280383e-09,-4.377993e-03,-8.170758e-03,1.778820e-04,4.333549e-15,1.009586e+02,1.674486e+09,1.187408e+02,1.539823e+09,1.284919e+02,1.820090e+09
159,monte carlo,2.177922e-11,1.197540e-01,8.978714e-10,3.239317e-10,3.501752e-13,3.910199e-11,2.295696e-01,1.101042e-09,4.940071e-10,5.013338e-13,3.941211e-11,2.965511e-01,8.463518e-10,4.715692e-10,3.296665e-13,2.198503e-11,1.016332e-01,8.283991e-10,3.311798e-10,4.569937e-13,6.700653e-08,5.759320e-01,2.170637e-13,6.428472e-10,8.148334e-08,6.620965e-01,1.961278e-13,1.130950e-09,6.729444e-08,5.755651e-01,1.441713e-13,9.971583e-10,7.642543e-03,-8.858875e-03,-1.154730e-04,6.202374e-16,1.096521e+02,1.577591e+09,1.159895e+02,1.371536e+09,1.101935e+02,1.768292e+09
160,monte carlo,2.180068e-11,1.425342e-01,1.022123e-09,8.206153e-10,4.171001e-13,3.832890e-11,1.246616e-01,1.018448e-09,9.915094e-10,3.768042e-13,3.970454e-11,3.911728e-01,9.756123e-10,6.405856e-10,3.173381e-13,2.171563e-11,1.376867e-01,9.659037e-10,1.040744e-09,3.919114e-13,6.744218e-08,5.016859e-01,1.771480e-13,1.535112e-09,8.163684e-08,6.944186e-01,1.475581e-13,1.034567e-09,6.837275e-08,5.683567e-01,1.218257e-13,1.260872e-09,-1.669845e-03,-2.525439e-03,6.099637e-04,4.768129e-15,1.266983e+02,1.890240e+09,1.107990e+02,1.634427e+09,1.133791e+02,1.911940e+09
161,monte carlo,2.170386e-11,2.119461e-01,9.147402e-10,6.989875e-10,2.619436e-13,3.850945e-11,2.336346e-01,1.106962e-09,7.789014e-10,4.828020e-13,3.926814e-11,2.357695e-01,1.136738e-09,3.231576e-10,3.915560e-13,2.223870e-11,2.569524e-01,6.578990e-10,9.907964e-10,3.722172e-13,6.849132e-08,5.073851e-01,1.403539e-13,1.878709e-09,8.189378e-08,6.479814e-01,1.771037e-13,1.313483e-09,6.676694e-08,5.618233e-01,2.049227e-13,1.905674e-09,3.863374e-03,9.077541e-03,2.891491e-03,3.752440e-15,1.272240e+02,1.932651e+09,1.191131e+02,1.483410e+09,1.120038e+02,1.647647e+09
162,monte carlo,2.216793e-11,3.503565e-01,8.028915e-10,4.952209e-10,2.249209e-13,3.829478e-11,3.956165e-01,6.345681e-10,7.258634e-10,4.409827e-13,3.879012e-11,2.678704e-01,9.292606e-10,7.457618e-10,3.721570e-13,2.175570e-11,3.967276e-01,8.957057e-10,6.370221e-10,4.946313e-13,6.687235e-08,4.973298e-01,1.675975e-13,8.031907e-10,8.154585e-08,6.041427e-01,1.402791e-13,1.084179e-09,6.778752e-08,5.416629e-01,1.766016e-13,1.834540e-09,-8.801347e-03,9.490219e-03,1.478492e-03,4.377381e-15,1.267282e+02,1.767771e+09,1.272136e+02,1.631799e+09,1.179483e+02,1.759777e+09
163,monte carlo,2.176175e-11,1.270103e-01,1.079360e-09,1.120549e-09,4.913287e-13,3.888409e-11,2.579452e-01,9.801241e-10,1.029019e-09,3.079752e-13,3.936566e-11,2.063861e-01,1.106419e-09,7.577983e-10,5.088691e-13,2.242423e-11,3.206444e-01,6.841584e-10,1.226672e-09,3.074347e-13,6.898604e-08,6.434019e-01,1.589993e-13,8.659197e-10,8.060338e-08,6.412895e-01,2.448912e-13,1.035435e-09,6.861723e-08,5.311451e-01,1.689478e-13,1.712138e-09,-3.830170e-03,-3.900449e-03,1.856364e-03,2.802205e-15,1.010532e+02,1.879537e+09,1.184596e+02,1.305600e+09,1.217562e+02,1.674182e+09
164,monte carlo,2.180612e-11,2.944541e-01,7.770944e-10,2.763662e-10,4.313233e-13,3.960306e-11,1.500139e-01,7.704924e-10,7.725846e-10,1.738125e-13,3.929426e-11,1.587577e-01,1.010799e-09,9.518876e-10,1.999785e-13,2.201843e-11,1.111567e-01,8.581973e-10,9.910865e-10,4.005859e-13,6.867955e-08,6.360576e-01,1.604952e-13,1.716039e-09,8.169557e-08,7.437616e-01,1.870414e-13,1.690441e-09,6.736939e-08,5.491787e-01,1.592232e-13,7.967872e-10,-7.908949e-03,-8.492612e-03,-1.439919e-03,9.835306e-16,1.017659e+02,1.809775e+09,1.035228e+02,1.403156e+09,1.156166e+02,1.822220e+09
165,monte carlo,2.198761e-11,2.036761e-01,1.158227e-09,6.072339e-10,4.940843e-13,3.911198e-11,1.918817e-01,6.214724e-10,1.147183e-09,4.868074e-13,3.916687e-11,1.908329e-01,9.146781e-10,6.098805e-10,3.785839e-13,2.216114e-11,2.720109e-01,6.426618e-10,1.092819e-09,2.230677e-13,6.894493e-08,6.315574e-01,1.447390e-13,1.453581e-09,8.263535e-08,6.158905e-01,1.807461e-13,1.296591e-09,6.800330e-08,5.714176e-01,1.669350e-13,1.089725e-09,-1.213356e-03,8.414886e-04,2.725028e-03,4.413118e-15,1.028870e+02,1.784808e+09,1.264543e+02,1.565978e+09,1.121625e+02,1.649042e+09
166,monte carlo,2.197344e-11,3.515849e-01,9.895237e-10,9.434960e-10,4.092183e-13,3.933896e-11,3.404438e-01,9.757036e-10,8.775698e-10,3.253277e-13,3.840846e-11,1.854234e-01,1.063538e-09,1.202843e-09,5.285691e-13,2.234916e-11,1.839696e-01,7.928945e-10,8.511980e-10,5.104719e-13,6.775769e-08,5.771945e-01,1.265901e-13,1.214950e-09,8.236992e-08,7.705052e-01,1.605019e-13,8.197726e-10,6.870554e-08,5.168280e-01,2.162570e-13,1.198187e-09,-3.670101e-03,5.817742e-03,-2.168799e-03,3.162328e-15,1.106388e+02,1.916307e+09,1.007544e+02,1.543514e+09,1.252901e+02,1.584630e+09
167,monte carlo,2.184053e-11,3.351178e-01,8.777939e-10,6.811232e-10,4.598835e-13,3.894055e-11,1.005500e-01,7.683198e-10,1.001723e-09,4.225753e-13,3.830847e-11,1.697590e-01,6.916141e-10,8.588368e-10,2.043106e-13,2.224009e-11,3.155920e-01,8.159519e-10,1.296860e-09,4.804996e-13,6.692053e-08,5.922049e-01,2.305833e-13,6.305940e-10,8.186105e-08,7.141258e-01,2.086029e-13,8.852255e-10,6.813215e-08,5.611615e-01,1.686369e-13,1.341611e-09,5.750635e-03,-8.167593e-03,-3.583684e-04,3.489024e-15,1.065022e+02,1.556692e+09,1.080373e+02,1.329569e+09,1.144288e+02,1.928144e+09
168,monte carlo,2.183250e-11,1.021386e-01,1.025360e-09,3.328866e-10,2.163968e-13,3.860992e-11,1.436022e-01,1.116514e-09,1.254896e-09,4.345654e-13,3.834435e-11,1.253546e-01,7.217748e-10,1.167618e-09,3.185789e-13,2.239955e-11,2.743163e-01,1.178789e-09,1.278913e-09,3.975215e-13,6.855401e-08,6.231594e-01,1.316349e-13,8.032202e-10,8.247159e-08,7.045295e-01,2.238404e-13,1.805575e-09,6.785229e-08,5.168347e-01,1.431346e-13,1.466527e-09,3.115724e-03,-1.786679e-03,1.730070e-03,4.839768e-15,1.036823e+02,1.923996e+09,1.103256e+02,1.417664e+09,1.237326e+02,1.749686e+09
169,monte carlo,2.237243e-11,1.954457e-01,8.406961e-10,5.753309e-10,2.263032e-13,3.834144e-11,3.747306e-01,7.597018e-10,3.103830e-10,1.979999e-13,3.853592e-11,3.215606e-01,1.024319e-09,7.910200e-10,2.756505e-13,2.191496e-11,3.447156e-01,6.564869e-10,1.184471e-09,3.188462e-13,6.868087e-08,5.722483e-01,2.234305e-13,1.710300e-09,8.289554e-08,7.182502e-01,1.846090e-13,1.185637e-09,6.804682e-08,6.240951e-01,2.170390e-13,1.322832e-09,6.966967e-03,8.695607e-03,-2.686748e-03,4.755540e-15,1.131156e+02,1.539778e+09,1.087744e+02,1.476404e+09,1.027610e+02,1.570482e+09
170,monte carlo,2.228217e-11,3.849044e-01,6.246523e-10,8.177903e-10,1.822294e-13,3.920483e-11,2.670917e-01,8.540118e-10,5.946074e-10,3.188903e-13,3.965355e-11,1.305900e-01,7.632821e-10,1.161920e-09,4.774845e-13,2.219539e-11,1.667623e-01,6.789504e-10,5.103109e-10,1.876978e-13,6.701596e-08,5.280684e-01,1.396429e-13,8.026823e-10,8.313749e-08,7.397370e-01,2.291441e-13,1.643120e-09,6.806041e-08,5.289160e-01,1.624792e-13,1.833274e-09,4.798388e-03,-3.280475e-03,-1.527305e-03,2.662542e-15,1.196077e+02,1.793780e+09,1.059231e+02,1.403485e+09,1.212772e+02,1.871789e+09
171,monte carlo,2.241401e-11,1.880230e-01,8.747865e-10,6.769252e-10,2.569393e-13,3.859425e-11,3.804422e-01,8.675274e-10,6.338080e-10,3.456048e-13,3.825712e-11,1.600574e-01,7.900313e-10,1.240034e-09,4.797717e-13,2.226989e-11,2.036959e-01,6.595372e-10,4.506444e-10,5.071261e-13,6.779656e-08,5.733065e-01,1.756426e-13,9.689541e-10,8.208677e-08,6.667720e-01,2.473561e-13,1.505191e-09,6.706028e-08,5.312860e-01,1.781925e-13,1.912816e-09,3.488889e-04,-5.880838e-03,2.888943e-03,1.036411e-15,1.114530e+02,1.810175e+09,1.160291e+02,1.352508e+09,1.189620e+02,1.708870e+09
172,monte carlo,2.216068e-11,3.042412e-01,6.139399e-10,1.205240e-09,3.126352e-13,3.867135e-11,2.851044e-01,1.171472e-09,1.042918e-09,3.305768e-13,3.894179e-11,3.118619e-01,6.668407e-10,7.227372e-10,3.151216e-13,2.234481e-11,2.114458e-01,1.189474e-09,1.007686e-09,4.732557e-13,6.779536e-08,5.466235e-01,1.574972e-13,8.128754e-10,8.313789e-08,6.048062e-01,2.010284e-13,1.944506e-09,6.687138e-08,5.654977e-01,2.104791e-13,7.894835e-10,7.453168e-03,-7.381234e-03,-5.483929e-04,2.912702e-15,1.168915e+02,1.751532e+09,1.295549e+02,1.558505e+09,1.114501e+02,1.689275e+09
173,monte carlo,2.243885e-11,2.429600e-01,6.248832e-10,5.929540e-10,3.686368e-13,3.956359e-11,3.582757e-01,9.114171e-10,8.323932e-10,1.762669e-13,3.890184e-11,2.641089e-01,7.885211e-10,1.121062e-09,2.817697e-13,2.210683e-11,1.014264e-01,1.033260e-09,7.137988e-10,3.402999e-13,6.767448e-08,5.857471e-01,1.875487e-13,1.314553e-09,8.088746e-08,6.455017e-01,2.158141e-13,1.598748e-09,6.679574e-08,5.309382e-01,2.028396e-13,6.024400e-10,5.687103e-03,-2.483203e-03,-4.295711e-04,1.086379e-15,1.088895e+02,1.779486e+09,1.181014e+02,1.419629e+09,1.185703e+02,1.543300e+09
174,monte carlo,2.192954e-11,2.221994e-01,8.306478e-10,1.245049e-09,5.075745e-13,3.910421e-11,2.628842e-01,8.085509e-10,3.756806e-10,3.375599e-13,3.903425e-11,1.225448e-01,1.045354e-09,1.083637e-09,2.478280e-13,2.215354e-11,2.701090e-01,9.003443e-10,8.271496e-10,3.103486e-13,6.825617e-08,5.366320e-01,1.676777e-13,9.114298e-10,8.273829e-08,6.066242e-01,1.619660e-13,1.493037e-09,6.856266e-08,5.374308e-01,1.656173e-13,1.940107e-09,4.713506e-03,4.203054e-03,-1.497221e-03,5.616130e-16,1.198772e+02,1.792232e+09,1.285458e+02,1.561453e+09,1.202365e+02,1.682311e+09
175,monte carlo,2.191131e-11,3.930821e-01,1.003616e-09,2.956494e-10,5.075261e-13,3.833735e-11,3.996307e-01,1.150282e-09,5.480973e-10,5.160034e-13,3.942073e-11,2.347666e-01,1.060054e-09,7.892149e-10,4.259044e-13,2.215303e-11,1.716726e-01,1.024713e-09,4.611908e-10,2.059961e-13,6.697309e-08,5.600127e-01,2.062516e-13,1.040356e-09,8.149000e-08,6.983726e-01,1.835670e-13,9.569726e-10,6.845584e-08,5.245907e-01,1.574554e-13,1.218428e-09,8.937764e-03,-4.816094e-03,2.260980e-03,4.098455e-15,1.127129e+02,1.538615e+09,1.099736e+02,1.494943e+09,1.229875e+02,1.913390e+09
176,monte carlo,2.202263e-11,1.553944e-01,8.811718e-10,9.936550e-10,3.812084e-13,3.885651e-11,1.764625e-01,1.029971e-09,1.262640e-09,2.698054e-13,3.896758e-11,1.862252e-01,1.142551e-09,1.238863e-09,3.910923e-13,2.216729e-11,3.665215e-01,1.054456e-09,7.567506e-10,4.573504e-13,6.678624e-08,4.940044e-01,2.232811e-13,7.444313e-10,8.248518e-08,6.897260e-01,1.472562e-13,1.709336e-09,6.724201e-08,5.753491e-01,1.362446e-13,6.988699e-10,1.869420e-03,9.148566e-03,-2.709621e-03,1.830056e-15,1.274170e+02,1.609482e+09,1.127121e+02,1.642717e+09,1.101489e+02,1.841518e+09
177,monte carlo,2.167567e-11,1.455264e-01,7.241409e-10,1.228895e-09,4.389656e-13,3.826376e-11,3.634071e-01,9.105823e-10,4.369573e-10,2.620014e-13,3.916064e-11,1.262319e-01,1.161355e-09,1.007957e-09,4.155454e-13,2.188182e-11,3.767964e-01,7.235104e-10,2.738744e-10,3.439826e-13,6.700431e-08,4.955153e-01,1.786713e-13,1.019578e-09,8.133433e-08,6.922821e-01,2.047804e-13,1.914470e-09,6.801999e-08,4.952304e-01,1.832207e-13,1.086018e-09,-1.965588e-03,6.178458e-03,1.997990e-03,6.923501e-16,1.274432e+02,1.841633e+09,1.107291e+02,1.342491e+09,1.294495e+02,1.783551e+09
178,monte carlo,2.207558e-11,3.666673e-01,1.103803e-09,7.329926e-10,4.503071e-13,3.898849e-11,2.939601e-01,7.045073e-10,1.047931e-09,4.997815e-13,3.891135e-11,3.032127e-01,1.167780e-09,2.795900e-10,2.152940e-13,2.235357e-11,3.408865e-01,1.184910e-09,8.287118e-10,4.205257e-13,6.684674e-08,5.955063e-01,1.927445e-13,5.516842e-10,8.356568e-08,7.619605e-01,1.614129e-13,1.153199e-09,6.869899e-08,6.278095e-01,1.436566e-13,1.365350e-09,-2.953405e-03,4.131495e-03,-3.646271e-04,2.140292e-15,1.057950e+02,1.674238e+09,1.033634e+02,1.470887e+09,1.031320e+02,1.774292e+09
179,monte carlo,2.201797e-11,2.204094e-01,1.135336e-09,3.377335e-10,5.167340e-13,3.954320e-11,1.953541e-01,7.895394e-10,1.125846e-09,5.083710e-13,3.919528e-11,2.032888e-01,8.747578e-10,1.005460e-09,3.821942e-13,2.178398e-11,3.979593e-01,9.269803e-10,6.411521e-10,5.271565e-13,6.788191e-08,6.288757e-01,2.178409e-13,1.849494e-09,8.195640e-08,6.663551e-01,1.963197e-13,1.332864e-09,6.795747e-08,5.941823e-01,1.808604e-13,7.843574e-10,3.055015e-03,-6.835475e-03,2.025738e-03,4.321262e-15,1.017327e+02,1.571193e+09,1.159173e+02,1.534219e+09,1.077925e+02,1.836432e+09
180,monte carlo,2.194679e-11,2.107072e-01,8.283931e-10,1.015424e-09,3.923969e-13,3.908154e-11,1.907894e-01,6.935124e-10,1.191158e-09,4.070662e-13,3.920301e-11,2.838478e-01,6.677164e-10,1.138702e-09,2.152770e-13,2.220661e-11,3.060787e-01,6.952760e-10,1.072668e-09,3.261470e-13,6.903754e-08,5.512614e-01,1.756020e-13,8.578741e-10,8.037874e-08,6.631823e-01,2.119594e-13,1.342597e-09,6.887695e-08,6.259232e-01,1.292988e-13,1.213301e-09,-7.777316e-03,3.208937e-04,2.918170e-03,4.027788e-15,1.180318e+02,1.903127e+09,1.142298e+02,1.422915e+09,1.037108e+02,1.859642e+09
181,monte carlo,2.178926e-11,3.134862e-01,7.042916e-10,6.357495e-10,1.789157e-13,3.865369e-11,2.026872e-01,1.026883e-09,1.240159e-09,2.776153e-13,3.925695e-11,3.703690e-01,6.169193e-10,4.532840e-10,3.705202e-13,2.205953e-11,3.908884e-01,6.535342e-10,1.197897e-09,1.795102e-13,6.798327e-08,6.401863e-01,1.540503e-13,1.985872e-09,8.107266e-08,6.670724e-01,1.990381e-13,1.795613e-09,6.813733e-08,5.760538e-01,1.984558e-13,6.212396e-10,6.053843e-03,-5.708877e-03,7.748067e-04,6.801207e-16,1.000845e+02,1.795445e+09,1.145441e+02,1.515552e+09,1.114790e+02,1.677357e+09
182,monte carlo,2.240315e-11,3.316644e-01,9.220242e-10,7.757716e-10,4.141412e-13,3.909462e-11,3.386548e-01,7.890522e-10,1.071333e-09,4.479171e-13,3.875071e-11,2.811003e-01,9.520380e-10,1.189911e-09,2.735790e-13,2.218643e-11,1.276832e-01,9.150719e-10,1.011207e-09,5.052355e-13,6.705303e-08,6.315886e-01,2.235142e-13,1.607921e-09,8.216867e-08,6.807613e-01,1.598848e-13,1.212108e-09,6.808347e-08,5.073491e-01,1.705034e-13,1.359675e-09,-2.077116e-03,-8.787302e-03,-2.051869e-04,1.084730e-15,1.000588e+02,1.557170e+09,1.137582e+02,1.608622e+09,1.264754e+02,1.800461e+09
183,monte carlo,2.198863e-11,2.129641e-01,9.062803e-10,3.372653e-10,4.796083e-13,3.842797e-11,2.046451e-01,6.201728e-10,1.253834e-09,5.254512e-13,3.852619e-11,1.487053e-01,1.066371e-09,1.018612e-09,2.599733e-13,2.160791e-11,1.340987e-01,1.032490e-09,8.437027e-10,1.832110e-13,6.673246e-08,5.796183e-01,1.995266e-13,5.147882e-10,8.340736e-08,7.204481e-01,2.138349e-13,5.163278e-10,6.922943e-08,6.069704e-01,1.539089e-13,1.660425e-09,6.589610e-03,-9.623537e-03,1.235539e-03,4.581819e-15,1.085091e+02,1.622355e+09,1.091121e+02,1.477609e+09,1.074965e+02,1.704865e+09
184,monte carlo,2.208498e-11,3.583860e-01,1.176579e-09,7.044954e-10,2.693120e-13,3.836018e-11,2.486801e-01,8.136734e-10,5.118491e-10,3.882437e-13,3.958350e-11,3.685339e-01,1.185275e-09,7.715900e-10,4.404465e-13,2.192514e-11,1.099427e-01,1.181375e-09,8.125433e-10,3.837341e-13,6.930463e-08,6.204552e-01,1.919603e-13,1.639495e-09,8.132281e-08,7.536579e-01,1.730818e-13,1.065555e-09,6.877723e-08,6.008045e-01,2.347843e-13,1.508225e-09,4.005771e-03,-2.512670e-03,-1.229337e-03,1.184310e-15,1.052744e+02,1.512692e+09,1.016973e+02,1.509905e+09,1.078904e+02,1.533283e+09
185,monte carlo,2.219752e-11,2.356569e-01,9.051978e-10,8.340587e-10,4.984794e-13,3.838570e-11,1.608811e-01,9.022350e-10,4.301050e-10,1.761372e-13,3.892433e-11,3.149360e-01,1.154152e-09,1.092182e-09,1.981398e-13,2.194591e-11,1.302391e-01,9.891843e-10,7.412202e-10,4.235447e-13,6.740375e-08,6.098717e-01,1.644436e-13,7.309633e-10,8.312624e-08,6.671357e-01,2.096203e-13,1.831051e-09,6.885356e-08,5.271136e-01,1.617783e-13,1.848590e-09,-4.961890e-03,-5.390415e-03,-2.738039e-03,2.569186e-15,1.041638e+02,1.900429e+09,1.174343e+02,1.518143e+09,1.231100e+02,1.851505e+09
186,monte carlo,2.177336e-11,3.614785e-01,1.018975e-09,9.112419e-10,3.323826e-13,3.922319e-11,1.073794e-01,8.956608e-10,1.210908e-09,3.863162e-13,3.904864e-11,1.441333e-01,7.381872e-10,7.441960e-10,2.237054e-13,2.197257e-11,2.922312e-01,7.425889e-10,7.529201e-10,2.724193e-13,6.769320e-08,5.912293e-01,1.607420e-13,1.758478e-09,8.299106e-08,6.181179e-01,2.049476e-13,1.780954e-09,6.797345e-08,5.132372e-01,1.969611e-13,1.767529e-09,5.944581e-03,9.307364e-03,-9.967647e-05,2.658264e-15,1.079096e+02,1.778873e+09,1.265410e+02,1.499518e+09,1.248223e+02,1.725228e+09
187,monte carlo,2.209389e-11,3.989454e-01,8.890843e-10,8.786098e-10,3.532034e-13,3.967714e-11,2.110129e-01,1.199661e-09,5.358527e-10,4.666848e-13,3.947584e-11,2.170582e-01,6.803177e-10,8.566344e-10,2.760597e-13,2.166753e-11,3.276542e-01,9.078252e-10,4.489733e-10,2.610162e-13,6.867230e-08,5.012034e-01,2.081506e-13,8.419788e-10,8.194765e-08,6.716456e-01,2.167943e-13,5.864244e-10,6.877501e-08,5.994243e-01,1.618941e-13,1.292544e-09,-5.885193e-04,6.374060e-03,-1.834666e-03,3.428736e-15,1.291334e+02,1.670991e+09,1.149920e+02,1.492289e+09,1.081353e+02,1.765999e+09
188,monte carlo,2.205881e-11,2.650234e-01,1.065363e-09,6.068622e-10,2.029625e-13,3.827623e-11,2.552300e-01,6.492693e-10,4.957491e-10,2.385517e-13,3.907708e-11,1.762157e-01,6.900782e-10,8.735765e-10,3.953068e-13,2.187654e-11,1.652651e-01,1.046648e-09,3.016069e-10,4.799347e-13,6.716987e-08,6.073339e-01,1.265595e-13,1.014081e-09,8.341113e-08,6.295696e-01,2.034916e-13,8.906333e-10,6.686704e-08,4.970854e-01,1.558223e-13,9.154019e-10,-6.168706e-03,-7.890402e-03,-3.073161e-04,3.013302e-15,1.042361e+02,1.896884e+09,1.248681e+02,1.565225e+09,1.267804e+02,1.749791e+09
189,monte carlo,2.219906e-11,3.090723e-01,6.567691e-10,6.972927e-10,1.883133e-13,3.840402e-11,2.522716e-01,1.094386e-09,1.050667e-09,2.798429e-13,3.866344e-11,1.864790e-01,9.302174e-10,7.246037e-10,5.183272e-13,2.213098e-11,3.483840e-01,9.248193e-10,1.210083e-09,2.683352e-13,6.773875e-08,5.782633e-01,1.924414e-13,9.442433e-10,8.255810e-08,6.729275e-01,1.654699e-13,1.954326e-09,6.790520e-08,6.014884e-01,1.819206e-13,1.564286e-09,6.986623e-04,8.649231e-03,-1.070108e-03,4.503533e-15,1.104034e+02,1.524685e+09,1.156279e+02,1.545240e+09,1.064013e+02,1.621722e+09
190,monte carlo,2.214249e-11,3.292644e-01,9.619525e-10,3.985088e-10,1.854261e-13,3.945941e-11,1.773915e-01,1.137515e-09,6.373285e-10,4.835436e-13,3.971416e-11,3.121840e-01,7.002584e-10,5.406436e-10,4.650634e-13,2.197434e-11,2.270674e-01,9.193458e-10,1.220451e-09,2.658829e-13,6.804787e-08,6.173050e-01,1.418936e-13,1.031535e-09,8.074142e-08,6.336696e-01,2.246521e-13,1.777959e-09,6.912536e-08,5.842333e-01,1.885903e-13,6.076866e-10,9.886150e-03,-5.932586e-03,-2.116406e-03,3.005272e-15,1.038929e+02,1.923649e+09,1.200894e+02,1.329056e+09,1.115122e+02,1.797447e+09
191,monte carlo,2.240554e-11,1.096860e-01,7.974658e-10,1.280442e-09,3.879131e-13,3.875045e-11,3.720079e-01,6.329408e-10,5.575941e-10,1.829948e-13,3.850048e-11,3.899810e-01,1.043149e-09,4.358695e-10,4.423153e-13,2.161551e-11,3.506499e-01,1.015809e-09,5.989379e-10,2.618570e-13,6.714966e-08,5.289794e-01,1.822753e-13,1.019312e-09,8.093770e-08,7.403551e-01,1.414725e-13,7.525328e-10,6.757808e-08,6.292407e-01,2.231788e-13,1.733735e-09,-9.212711e-03,9.838283e-03,1.380059e-03,2.173395e-15,1.196400e+02,1.826015e+09,1.030343e+02,1.658086e+09,1.012186e+02,1.562379e+09
192,monte carlo,2.234785e-11,3.337246e-01,8.594002e-10,1.153679e-09,2.413186e-13,3.943209e-11,1.006523e-01,9.945953e-10,5.986207e-10,5.173626e-13,3.927833e-11,1.541330e-01,1.186681e-09,4.169676e-10,3.674351e-13,2.219324e-11,2.369227e-01,6.094929e-10,6.156423e-10,4.242281e-13,6.785188e-08,5.111543e-01,2.213432e-13,1.612248e-09,8.206000e-08,7.671503e-01,2.085031e-13,1.428078e-09,6.841059e-08,5.978234e-01,2.291115e-13,6.648701e-10,-6.130902e-03,-3.435110e-03,-1.937668e-03,2.196189e-15,1.251068e+02,1.522534e+09,1.008143e+02,1.394469e+09,1.078504e+02,1.549620e+09
193,monte carlo,2.183083e-11,2.310495e-01,8.006228e-10,1.057215e-09,2.562147e-13,3.870192e-11,1.027804e-01,7.017585e-10,1.289359e-09,1.902435e-13,3.825257e-11,1.070637e-01,7.164465e-10,1.275957e-09,4.592106e-13,2.228814e-11,2.740871e-01,8.368609e-10,4.158235e-10,2.227422e-13,6.886960e-08,5.166243e-01,1.473196e-13,1.293441e-09,8.261445e-08,6.761872e-01,1.610567e-13,1.680501e-09,6.670268e-08,4.906945e-01,1.616259e-13,1.399028e-09,-4.396041e-03,1.191682e-03,1.050931e-04,2.101293e-15,1.256388e+02,1.946505e+09,1.151490e+02,1.619918e+09,1.281160e+02,1.751146e+09
194,monte carlo,2.194458e-11,2.878584e-01,9.079314e-10,1.189762e-09,2.723570e-13,3.855931e-11,2.309185e-01,8.629065e-10,7.825594e-10,3.850709e-13,3.881001e-11,1.430932e-01,9.097546e-10,9.470341e-10,2.308186e-13,2.170252e-11,1.679859e-01,1.199339e-09,3.631050e-10,4.961858e-13,6.827472e-08,5.505083e-01,2.099444e-13,1.606029e-09,8.326736e-08,6.094134e-01,2.074713e-13,7.269077e-10,6.699039e-08,5.309558e-01,1.773067e-13,5.735655e-10,6.904987e-03,-9.531945e-03,2.680271e-03,6.720320e-16,1.168873e+02,1.503696e+09,1.287757e+02,1.347056e+09,1.189119e+02,1.830677e+09
195,monte carlo,2.213721e-11,2.165707e-01,1.054230e-09,3.021091e-10,3.158363e-13,3.912064e-11,2.066981e-01,1.067577e-09,9.404607e-10,4.122748e-13,3.828111e-11,3.639318e-01,7.090774e-10,7.762619e-10,2.777046e-13,2.217501e-11,3.387080e-01,1.063482e-09,2.792016e-10,4.873028e-13,6.764424e-08,5.055475e-01,1.548240e-13,1.495773e-09,8.292074e-08,6.418973e-01,2.216980e-13,1.483752e-09,6.690154e-08,5.899389e-01,2.329438e-13,5.352641e-10,9.689736e-03,-7.096524e-04,-8.877802e-04,2.191300e-15,1.261072e+02,1.692767e+09,1.217499e+02,1.448258e+09,1.068809e+02,1.551021e+09
196,monte carlo,2.187950e-11,2.825260e-01,7.855928e-10,4.889627e-10,2.917999e-13,3.975251e-11,1.660183e-01,7.084806e-10,9.693531e-10,4.675270e-13,3.901556e-11,1.565100e-01,6.517995e-10,1.143622e-09,4.004270e-13,2.227970e-11,1.924062e-01,6.672820e-10,8.019646e-10,3.708819e-13,6.898128e-08,5.809051e-01,1.834578e-13,5.155686e-10,8.070603e-08,7.531818e-01,1.834487e-13,1.788658e-09,6.844025e-08,5.312403e-01,1.738864e-13,6.478161e-10,9.976831e-04,-8.931617e-03,-2.845278e-03,4.321558e-15,1.119173e+02,1.779754e+09,1.009898e+02,1.466332e+09,1.214204e+02,1.811447e+09
197,monte carlo,2.219582e-11,3.091586e-01,6.220355e-10,3.875200e-10,3.231888e-13,3.905007e-11,1.178073e-01,6.543172e-10,5.554775e-10,4.784728e-13,3.952964e-11,3.111757e-01,7.371088e-10,7.926258e-10,4.377238e-13,2.160608e-11,3.700837e-01,7.215605e-10,7.897817e-10,2.239904e-13,6.798796e-08,5.867539e-01,1.487610e-13,1.322938e-09,8.154450e-08,6.755496e-01,2.049177e-13,8.098850e-10,6.819967e-08,6.044880e-01,1.939625e-13,1.121301e-09,-6.592737e-03,-3.042629e-03,-7.641122e-04,3.913869e-15,1.092062e+02,1.850165e+09,1.137650e+02,1.510445e+09,1.063324e+02,1.544388e+09
198,monte carlo,2.238057e-11,3.408010e-01,1.192119e-09,5.623356e-10,5.221340e-13,3.931012e-11,1.140911e-01,7.059780e-10,1.226531e-09,5.053699e-13,3.883080e-11,2.498568e-01,8.625199e-10,3.388565e-10,4.745446e-13,2.217667e-11,2.708288e-01,1.081879e-09,1.070583e-09,2.079209e-13,6.843568e-08,6.160618e-01,1.741324e-13,1.103086e-09,8.045029e-08,6.296940e-01,1.773174e-13,1.100372e-09,6.772840e-08,5.670939e-01,1.738716e-13,7.083104e-10,9.135436e-03,-4.301040e-03,-1.202166e-03,2.515398e-15,1.046958e+02,1.579174e+09,1.204118e+02,1.490601e+09,1.125607e+02,1.655449e+09
199,monte carlo,2.172630e-11,1.550248e-01,1.022324e-09,1.100092e-09,2.024989e-13,3.945054e-11,2.072031e-01,6.407580e-10,8.238234e-10,2.106631e-13,3.880053e-11,3.082759e-01,8.998986e-10,3.318161e-10,2.167653e-13,2.182297e-11,3.302685e-01,8.475307e-10,9.048117e-10,1.951489e-13,6.743913e-08,5.218764e-01,1.817755e-13,1.959621e-09,8.078433e-08,6.182713e-01,2.495421e-13,1.363919e-09,6.872653e-08,6.152419e-01,1.301337e-13,1.386097e-09,-7.517084e-03,5.018682e-03,-9.621698e-04,4.832365e-15,1.217911e+02,1.592190e+09,1.231457e+02,1.321133e+09,1.052809e+02,1.915056e+09
200,monte carlo,2.185057e-11,3.084710e-01,8.332410e-10,6.253099e-10,4.024442e-13,3.967035e-11,1.391343e-01,8.405180e-10,3.411112e-10,3.440701e-13,3.837562e-11,1.214731e-01,9.996676e-10,4.375253e-10,2.433951e-13,2.200749e-11,3.352553e-01,6.598248e-10,2.891335e-10,5.147124e-13,6.736530e-08,5.718646e-01,1.691978e-13,1.037036e-09,8.308123e-08,7.601557e-01,1.880723e-13,7.331950e-10,6.754734e-08,5.089951e-01,1.530068e-13,1.791338e-09,-2.210988e-03,-9.435572e-03,4.604168e-04,3.051736e-15,1.110233e+02,1.909053e+09,1.030081e+02,1.559815e+09,1.250736e+02,1.848528e+09
201,monte carlo,2.174100e-11,3.692942e-01,8.391930e-10,9.754841e-10,3.383653e-13,3.950746e-11,3.118422e-01,8.593647e-10,4.456193e-10,4.106143e-13,3.950376e-11,3.647459e-01,1.123982e-09,7.090590e-10,3.758204e-13,2.178363e-11,2.355333e-01,6.522575e-10,6.025225e-10,5.240550e-13,6.758650e-08,5.283157e-01,1.923872e-13,6.113047e-10,8.298544e-08,6.037724e-01,1.361273e-13,1.899992e-09,6.710096e-08,5.318167e-01,1.875753e-13,1.176232e-09,8.274809e-03,8.506063e-03,-4.247538e-04,1.723749e-15,1.205695e+02,1.709705e+09,1.295388e+02,1.644742e+09,1.189153e+02,1.608696e+09
202,monte carlo,2.237522e-11,1.651610e-01,1.059794e-09,4.596508e-10,3.328469e-13,3.832241e-11,3.705590e-01,9.950659e-10,1.288947e-09,2.001371e-13,3.944301e-11,3.650756e-01,1.073711e-09,8.509322e-10,4.571376e-13,2.163549e-11,3.479385e-01,9.796891e-10,5.286850e-10,5.011681e-13,6.813366e-08,6.105637e-01,2.091714e-13,5.989051e-10,8.175823e-08,7.270045e-01,1.867020e-13,1.127639e-09,6.717542e-08,5.081465e-01,1.518657e-13,7.337261e-10,5.504143e-03,7.919892e-03,-1.748347e-03,4.020550e-15,1.051724e+02,1.536553e+09,1.059901e+02,1.589531e+09,1.245927e+02,1.885193e+09
203,monte carlo,2.222448e-11,1.386177e-01,1.117473e-09,4.063026e-10,3.871468e-13,3.844397e-11,2.212020e-01,8.941747e-10,9.423422e-10,2.834412e-13,3.889602e-11,2.462385e-01,1.171838e-09,2.934547e-10,3.197622e-13,2.158581e-11,2.951849e-01,6.058374e-10,1.042699e-09,3.300958e-13,6.718837e-08,5.561850e-01,2.037461e-13,5.310160e-10,8.129354e-08,7.155135e-01,2.426157e-13,7.901083e-10,6.874281e-08,5.855017e-01,1.626573e-13,1.190339e-09,1.459434e-03,-4.910694e-03,-2.527614e-03,1.662059e-15,1.138534e+02,1.603426e+09,1.070802e+02,1.340798e+09,1.106548e+02,1.817580e+09
204,monte carlo,2.170342e-11,3.886820e-01,1.198602e-09,1.202061e-09,3.824023e-13,3.880898e-11,2.726524e-01,1.046710e-09,1.218600e-09,3.498194e-13,3.852541e-11,1.802095e-01,1.042864e-09,3.542435e-10,2.423749e-13,2.212687e-11,2.468616e-01,8.105698e-10,1.092388e-09,2.642771e-13,6.932755e-08,5.730362e-01,1.788444e-13,1.997207e-09,8.203214e-08,7.056435e-01,1.993665e-13,1.636184e-09,6.730440e-08,6.274243e-01,1.508230e-13,1.094947e-09,-5.858276e-03,1.447885e-03,9.168947e-04,1.405869e-15,1.140236e+02,1.763002e+09,1.095645e+02,1.483768e+09,1.011005e+02,1.949414e+09
205,monte carlo,2.160927e-11,1.180283e-01,6.391632e-10,5.804103e-10,2.934106e-13,3.898202e-11,1.577522e-01,1.135255e-09,7.908490e-10,2.564934e-13,3.844131e-11,1.509491e-01,9.051474e-10,4.381306e-10,2.468925e-13,2.181911e-11,1.053676e-01,7.076890e-10,5.010930e-10,5.110824e-13,6.891259e-08,6.200969e-01,2.004071e-13,1.449878e-09,8.092035e-08,6.024429e-01,1.596382e-13,1.730597e-09,6.880948e-08,5.419633e-01,1.441639e-13,1.435534e-09,8.895132e-03,-3.632156e-03,-2.308053e-03,4.396649e-15,1.047394e+02,1.608506e+09,1.265940e+02,1.581282e+09,1.196601e+02,1.871893e+09
206,monte carlo,2.177678e-11,3.540498e-01,8.536316e-10,6.903158e-10,2.556078e-13,3.975653e-11,3.910845e-01,7.304134e-10,1.174255e-09,2.392474e-13,3.887361e-11,2.926221e-01,1.164959e-09,4.521975e-10,5.062738e-13,2.195145e-11,2.530826e-01,7.461564e-10,7.322849e-10,3.579998e-13,6.804201e-08,6.215067e-01,1.867924e-13,6.435256e-10,8.351571e-08,6.378875e-01,2.037361e-13,5.327797e-10,6.796684e-08,6.348082e-01,1.952752e-13,1.255873e-09,8.583757e-03,4.276552e-03,-2.663318e-03,1.318343e-15,1.031817e+02,1.652373e+09,1.233943e+02,1.560131e+09,1.009080e+02,1.748888e+09
207,monte carlo,2.177135e-11,3.468889e-01,1.005838e-09,1.089975e-09,3.322216e-13,3.865152e-11,2.424644e-01,9.021215e-10,1.049409e-09,4.680979e-13,3.924418e-11,1.402352e-01,1.164549e-09,1.199835e-09,4.570939e-13,2.161043e-11,2.643944e-01,1.069000e-09,4.936244e-10,1.995809e-13,6.891706e-08,5.389863e-01,1.611791e-13,7.427360e-10,8.202747e-08,6.534129e-01,1.675573e-13,1.194140e-09,6.818859e-08,6.176902e-01,1.828396e-13,1.786808e-09,-8.628292e-03,-2.272049e-03,-2.597074e-03,6.864541e-16,1.205092e+02,1.636850e+09,1.183158e+02,1.597832e+09,1.040428e+02,1.570718e+09
208,monte carlo,2.209056e-11,3.973151e-01,9.775851e-10,1.164871e-09,2.592435e-13,3.863690e-11,1.415358e-01,8.891246e-10,7.571242e-10,2.704113e-13,3.837909e-11,3.491737e-01,6.993004e-10,1.156893e-09,2.253525e-13,2.182081e-11,2.412611e-01,7.010134e-10,6.855220e-10,4.001106e-13,6.666865e-08,5.842080e-01,1.556976e-13,1.507595e-09,8.142868e-08,7.285378e-01,2.481414e-13,1.375768e-09,6.694833e-08,5.357709e-01,1.375214e-13,1.109372e-09,-8.609481e-03,-7.744302e-03,2.840253e-04,5.386760e-16,1.075537e+02,1.905575e+09,1.053408e+02,1.352168e+09,1.177692e+02,1.893090e+09
209,monte carlo,2.240430e-11,3.965841e-01,1.005163e-09,9.414584e-10,4.929974e-13,3.873346e-11,2.668337e-01,1.031093e-09,3.758069e-10,4.347626e-13,3.941355e-11,2.948177e-01,9.029696e-10,1.045580e-09,2.917055e-13,2.194313e-11,2.427392e-01,8.885535e-10,5.745973e-10,1.755123e-13,6.853254e-08,5.337525e-01,1.385246e-13,5.576113e-10,8.213161e-08,7.075489e-01,2.270641e-13,1.426227e-09,6.717520e-08,5.854378e-01,1.603283e-13,1.012112e-09,-6.772137e-04,-4.015666e-03,-3.927188e-04,2.082308e-15,1.210119e+02,1.917687e+09,1.094019e+02,1.430201e+09,1.081432e+02,1.717559e+09
210,monte carlo,2.157775e-11,3.041287e-01,8.278657e-10,5.242158e-10,2.453302e-13,3.933891e-11,3.900607e-01,1.064612e-09,7.636288e-10,4.841495e-13,3.926429e-11,3.702530e-01,6.150010e-10,1.126560e-09,3.133865e-13,2.220925e-11,3.975195e-01,8.736969e-10,3.446916e-10,1.983737e-13,6.825848e-08,5.305723e-01,1.950056e-13,1.487311e-09,8.201907e-08,6.960255e-01,1.819043e-13,1.156049e-09,6.778908e-08,6.089788e-01,1.815783e-13,1.941366e-09,-6.646609e-03,-3.563715e-03,2.859542e-03,4.993765e-15,1.212504e+02,1.607905e+09,1.110608e+02,1.614692e+09,1.049129e+02,1.800276e+09
211,monte carlo,2.209251e-11,1.857711e-01,9.425563e-10,8.020831e-10,2.301106e-13,3.860748e-11,3.223808e-01,6.377817e-10,5.693557e-10,3.642849e-13,3.930997e-11,2.218381e-01,1.040778e-09,4.387488e-10,2.404393e-13,2.204161e-11,2.881876e-01,8.466064e-10,9.157109e-10,4.826334e-13,6.883060e-08,6.136523e-01,1.502691e-13,7.424997e-10,8.347488e-08,7.240333e-01,1.711066e-13,9.454193e-10,6.841492e-08,5.290935e-01,1.738702e-13,1.235700e-09,-3.535445e-03,-7.148106e-03,2.347726e-03,4.473603e-15,1.057135e+02,1.715580e+09,1.086597e+02,1.617306e+09,1.218680e+02,1.753287e+09
212,monte carlo,2.198634e-11,1.285370e-01,9.907205e-10,9.203294e-10,5.274087e-13,3.858459e-11,1.790777e-01,7.046577e-10,1.176661e-09,1.749000e-13,3.957548e-11,1.955822e-01,1.146297e-09,1.237665e-09,4.667308e-13,2.210331e-11,1.820606e-01,1.101429e-09,2.964589e-10,3.856941e-13,6.673185e-08,5.283273e-01,1.819949e-13,6.439530e-10,8.036875e-08,6.815748e-01,1.850055e-13,1.113355e-09,6.677352e-08,5.766868e-01,1.704776e-13,1.790695e-09,5.682677e-03,9.707314e-03,-2.230111e-03,1.620538e-15,1.190423e+02,1.569881e+09,1.111335e+02,1.462711e+09,1.091278e+02,1.728627e+09
213,monte carlo,2.196368e-11,1.588468e-01,9.633881e-10,5.232991e-10,4.662352e-13,3.909241e-11,3.276340e-01,1.040827e-09,7.495469e-10,2.245224e-13,3.891282e-11,2.110033e-01,7.982177e-10,8.176722e-10,5.184729e-13,2.178276e-11,1.376918e-01,1.154863e-09,1.079436e-09,3.902861e-13,6.725844e-08,5.528834e-01,1.656669e-13,1.730370e-09,8.129380e-08,7.327339e-01,1.903467e-13,1.854207e-09,6.886043e-08,5.347420e-01,1.459654e-13,5.810071e-10,8.040624e-03,6.909369e-03,-7.526148e-05,1.731481e-15,1.146527e+02,1.837839e+09,1.045640e+02,1.621430e+09,1.213659e+02,1.897011e+09
214,monte carlo,2.226407e-11,3.668020e-01,1.171698e-09,7.953462e-10,1.980769e-13,3.913838e-11,2.506789e-01,8.437365e-10,7.215338e-10,2.083990e-13,3.872921e-11,1.847034e-01,1.127310e-09,9.464168e-10,2.078998e-13,2.198783e-11,2.993763e-01,9.393220e-10,3.939696e-10,3.538234e-13,6.807648e-08,5.271413e-01,1.553981e-13,5.037291e-10,8.296698e-08,6.566524e-01,2.075339e-13,5.694475e-10,6.901989e-08,5.068134e-01,1.762447e-13,9.993212e-10,5.790497e-03,-1.562941e-03,-9.937867e-04,2.680654e-15,1.217142e+02,1.727800e+09,1.190806e+02,1.370573e+09,1.283504e+02,1.542272e+09
215,monte carlo,2.223462e-11,3.140455e-01,9.462517e-10,3.515927e-10,3.937952e-13,3.971073e-11,1.664031e-01,1.150422e-09,4.451197e-10,2.475659e-13,3.925795e-11,3.601989e-01,7.658536e-10,8.661276e-10,3.228624e-13,2.169013e-11,3.977322e-01,7.596457e-10,4.274197e-10,2.400912e-13,6.758407e-08,5.049228e-01,2.035427e-13,7.604453e-10,8.080955e-08,7.242635e-01,2.158699e-13,1.282318e-09,6.882342e-08,5.457970e-01,1.563686e-13,7.255215e-10,9.573219e-03,-5.396179e-03,1.321473e-03,4.857040e-15,1.261510e+02,1.678890e+09,1.051568e+02,1.419437e+09,1.188437e+02,1.683839e+09
216,monte carlo,2.220109e-11,3.918747e-01,1.130806e-09,1.193226e-09,3.069511e-13,3.865293e-11,1.385596e-01,8.102418e-10,4.962376e-10,5.199131e-13,3.937771e-11,3.126038e-01,8.607141e-10,5.642712e-10,1.942991e-13,2.240222e-11,3.449960e-01,9.025796e-10,8.161825e-10,1.878555e-13,6.677669e-08,6.047915e-01,2.063970e-13,1.169327e-09,8.362566e-08,7.636026e-01,1.513782e-13,1.160442e-09,6.861086e-08,6.328943e-01,1.816444e-13,1.351812e-09,-1.150183e-03,-5.701642e-03,-9.269065e-04,4.591821e-15,1.040616e+02,1.568079e+09,1.032151e+02,1.549219e+09,1.021722e+02,1.884408e+09
217,monte carlo,2.204451e-11,2.653990e-01,8.341865e-10,3.294815e-10,3.741709e-13,3.846704e-11,1.614000e-01,8.038894e-10,4.472294e-10,3.743703e-13,3.969416e-11,3.682048e-01,6.095764e-10,5.709751e-10,2.273365e-13,2.221592e-11,3.524074e-01,8.744213e-10,1.024357e-09,1.694733e-13,6.764309e-08,5.386658e-01,1.811448e-13,1.580170e-09,8.149153e-08,6.856345e-01,1.866336e-13,1.016066e-09,6.723333e-08,4.899868e-01,1.997536e-13,5.844275e-10,-5.520072e-03,-3.978788e-04,1.728916e-03,3.692941e-15,1.183519e+02,1.700130e+09,1.120188e+02,1.524403e+09,1.293217e+02,1.638471e+09
218,monte carlo,2.198827e-11,2.610297e-01,6.432526e-10,1.238383e-09,3.641200e-13,3.915411e-11,3.845062e-01,1.124395e-09,2.925599e-10,3.075521e-13,3.969030e-11,1.198780e-01,6.825297e-10,7.331356e-10,2.544787e-13,2.215060e-11,2.630466e-01,8.253504e-10,3.071994e-10,2.547820e-13,6.847014e-08,5.167573e-01,2.048828e-13,8.160605e-10,8.235767e-08,6.366410e-01,1.781457e-13,1.004678e-09,6.820200e-08,5.134154e-01,1.530633e-13,1.391597e-09,-8.937589e-03,4.778900e-04,-1.025838e-03,2.881762e-15,1.248780e+02,1.582533e+09,1.219216e+02,1.676461e+09,1.251986e+02,1.942520e+09
219,monte carlo,2.242458e-11,2.702684e-01,1.197778e-09,5.347024e-10,2.572016e-13,3.957385e-11,3.464924e-01,7.129084e-10,5.783870e-10,2.548977e-13,3.875308e-11,1.973919e-01,1.041795e-09,4.735496e-10,3.024993e-13,2.243690e-11,2.621565e-01,6.144788e-10,6.962621e-10,2.680359e-13,6.905424e-08,5.695315e-01,1.844805e-13,1.746800e-09,8.184863e-08,7.349502e-01,2.129429e-13,1.420198e-09,6.769017e-08,5.951678e-01,1.522395e-13,5.280502e-10,-6.368983e-03,7.564205e-03,2.794932e-03,3.832984e-15,1.142730e+02,1.689037e+09,1.049602e+02,1.318122e+09,1.071907e+02,1.820528e+09
220,monte carlo,2.158338e-11,3.436426e-01,1.007370e-09,6.431978e-10,4.514785e-13,3.951194e-11,2.614819e-01,8.574433e-10,8.459851e-10,1.792169e-13,3.957365e-11,1.143297e-01,6.719802e-10,9.280275e-10,4.313966e-13,2.217629e-11,3.618713e-01,6.007149e-10,6.943380e-10,3.605338e-13,6.817467e-08,6.228573e-01,1.604028e-13,1.070027e-09,8.262448e-08,6.298851e-01,1.969530e-13,1.420630e-09,6.844829e-08,5.396122e-01,1.524944e-13,5.144724e-10,5.208715e-03,-7.653046e-03,-2.369099e-03,1.113368e-15,1.031586e+02,1.922151e+09,1.236285e+02,1.437580e+09,1.195507e+02,1.854682e+09
221,monte carlo,2.218987e-11,2.800221e-01,8.794289e-10,1.134337e-09,2.288109e-13,3.934774e-11,2.379786e-01,1.179600e-09,9.545613e-10,3.735379e-13,3.826068e-11,2.209761e-01,9.570355e-10,3.505224e-10,4.724859e-13,2.243694e-11,1.659703e-01,1.081309e-09,7.001152e-10,2.344466e-13,6.691324e-08,5.792224e-01,1.868159e-13,1.265439e-09,8.280668e-08,6.879987e-01,1.821308e-13,8.133970e-10,6.908367e-08,5.417395e-01,1.307470e-13,1.375737e-09,-1.395909e-03,2.508087e-03,8.936747e-04,1.594188e-15,1.088774e+02,1.785986e+09,1.134355e+02,1.621467e+09,1.201866e+02,1.894192e+09
222,monte carlo,2.198342e-11,3.670899e-01,6.135151e-10,8.907395e-10,4.823209e-13,3.872003e-11,3.712805e-01,8.901894e-10,8.509963e-10,2.765262e-13,3.873537e-11,1.779010e-01,8.876887e-10,1.041932e-09,3.497891e-13,2.217725e-11,3.949883e-01,6.463371e-10,3.430224e-10,4.584626e-13,6.767196e-08,5.187223e-01,1.513339e-13,1.690132e-09,8.171848e-08,7.060987e-01,1.720442e-13,1.304102e-09,6.803042e-08,6.123178e-01,1.555341e-13,1.641121e-09,-3.537010e-03,4.113057e-03,5.186377e-04,1.961620e-15,1.229547e+02,1.855460e+09,1.090752e+02,1.572813e+09,1.047122e+02,1.819982e+09
223,monte carlo,2.208283e-11,2.231683e-01,8.330613e-10,1.173698e-09,2.815584e-13,3.877767e-11,1.751095e-01,9.488986e-10,5.055323e-10,3.481302e-13,3.925274e-11,3.430978e-01,7.073738e-10,1.219593e-09,4.311155e-13,2.184438e-11,3.236505e-01,1.029712e-09,8.815070e-10,3.267747e-13,6.700775e-08,5.806602e-01,1.477169e-13,1.790215e-09,8.058986e-08,7.077338e-01,2.020862e-13,1.655385e-09,6.923133e-08,5.552582e-01,1.748611e-13,5.298302e-10,-4.933220e-04,-7.767537e-04,-1.096295e-03,2.290852e-15,1.087612e+02,1.800186e+09,1.073202e+02,1.389791e+09,1.175111e+02,1.548160e+09
224,monte carlo,2.195841e-11,1.243007e-01,7.895300e-10,1.225551e-09,4.222244e-13,3.905283e-11,2.791773e-01,1.091757e-09,1.215849e-09,5.261465e-13,3.825174e-11,1.708868e-01,1.172061e-09,7.403579e-10,2.743329e-13,2.200244e-11,3.913540e-01,1.154168e-09,5.535146e-10,3.563324e-13,6.927128e-08,5.359436e-01,1.506473e-13,9.083981e-10,8.138586e-08,6.752781e-01,1.968039e-13,1.440738e-09,6.928112e-08,5.219520e-01,1.723462e-13,1.653149e-09,2.035181e-03,-6.104088e-03,2.500649e-03,3.235294e-15,1.218163e+02,1.924179e+09,1.135893e+02,1.424083e+09,1.250995e+02,1.595018e+09
225,monte carlo,2.205325e-11,3.204478e-01,9.277067e-10,1.000666e-09,3.191355e-13,3.838304e-11,3.870317e-01,8.022762e-10,1.224856e-09,5.205646e-13,3.962280e-11,1.077820e-01,9.905071e-10,1.003451e-09,3.523449e-13,2.195229e-11,3.535358e-01,9.712193e-10,7.974704e-10,3.720921e-13,6.727636e-08,5.721665e-01,1.475356e-13,1.270810e-09,8.053291e-08,6.308225e-01,2.074378e-13,1.955573e-09,6.670885e-08,5.076108e-01,1.485263e-13,8.340188e-10,8.264298e-03,-8.337761e-03,9.997399e-04,4.337281e-15,1.108182e+02,1.868844e+09,1.203199e+02,1.422102e+09,1.238579e+02,1.948503e+09
226,monte carlo,2.178129e-11,2.456849e-01,7.619388e-10,7.111929e-10,1.715119e-13,3.845177e-11,3.249816e-01,1.090461e-09,3.231754e-10,4.421396e-13,3.899020e-11,2.609783e-01,7.575425e-10,3.585458e-10,2.042738e-13,2.240278e-11,3.432285e-01,9.877707e-10,4.378626e-10,2.034172e-13,6.873637e-08,5.326170e-01,1.362374e-13,1.066169e-09,8.143243e-08,6.271528e-01,2.151375e-13,1.977701e-09,6.707331e-08,5.917072e-01,1.866091e-13,5.903964e-10,-6.368051e-04,4.818898e-03,2.599105e-03,1.408330e-15,1.216306e+02,1.909647e+09,1.223757e+02,1.401487e+09,1.068351e+02,1.785930e+09
227,monte carlo,2.183302e-11,1.474418e-01,1.159434e-09,9.353647e-10,2.531276e-13,3.928324e-11,3.802241e-01,8.818424e-10,5.342097e-10,2.107872e-13,3.868306e-11,1.465104e-01,7.224664e-10,5.497918e-10,3.347410e-13,2.211779e-11,1.596712e-01,6.396690e-10,1.059240e-09,2.464055e-13,6.771307e-08,6.093241e-01,1.779652e-13,9.703020e-10,8.152564e-08,7.674868e-01,1.871794e-13,6.007731e-10,6.729834e-08,6.160598e-01,1.860387e-13,1.062634e-09,-9.209748e-03,9.976381e-04,2.363315e-03,2.186762e-15,1.047358e+02,1.925370e+09,1.001139e+02,1.580287e+09,1.029562e+02,1.812199e+09
228,monte carlo,2.161687e-11,2.913117e-01,9.800292e-10,1.258402e-09,3.920147e-13,3.905883e-11,2.764239e-01,9.864895e-10,8.083886e-10,2.577695e-13,3.951173e-11,2.076993e-01,7.615020e-10,1.274338e-09,5.290605e-13,2.174306e-11,3.717984e-01,9.181513e-10,4.519433e-10,3.637334e-13,6.925695e-08,5.293779e-01,2.183678e-13,5.360518e-10,8.141213e-08,7.265644e-01,1.758438e-13,1.800320e-09,6.840442e-08,5.942870e-01,1.929300e-13,1.778434e-09,5.104044e-03,7.461190e-03,-1.372931e-03,1.559134e-15,1.233016e+02,1.535765e+09,1.056054e+02,1.570203e+09,1.084824e+02,1.767885e+09
229,monte carlo,2.198273e-11,2.333278e-01,6.013463e-10,6.099182e-10,5.202402e-13,3.852689e-11,3.838767e-01,9.430764e-10,8.297442e-10,4.742306e-13,3.955445e-11,1.194347e-01,9.051763e-10,6.055286e-10,2.140391e-13,2.156740e-11,3.963913e-01,7.623651e-10,1.091679e-09,4.678825e-13,6.749628e-08,6.294375e-01,2.139445e-13,1.680304e-09,8.145926e-08,6.374890e-01,2.207810e-13,9.843177e-10,6.715988e-08,5.267320e-01,1.548464e-13,1.473680e-09,8.289900e-04,7.468452e-03,2.189955e-03,6.390737e-16,1.010644e+02,1.600103e+09,1.204312e+02,1.370927e+09,1.201687e+02,1.948615e+09
230,monte carlo,2.237372e-11,2.400795e-01,9.629270e-10,6.792485e-10,5.179805e-13,3.874963e-11,2.617083e-01,9.742017e-10,1.020145e-09,4.420047e-13,3.971270e-11,1.903588e-01,1.085277e-09,7.566449e-10,2.839805e-13,2.175111e-11,3.386489e-01,8.286483e-10,5.638123e-10,2.617594e-13,6.725952e-08,4.953942e-01,1.773695e-13,1.448958e-09,8.178836e-08,6.410935e-01,1.521951e-13,1.010902e-09,6.883413e-08,5.213924e-01,2.333229e-13,1.184701e-09,9.834593e-03,6.037868e-03,3.320628e-04,1.760064e-15,1.279599e+02,1.732711e+09,1.202379e+02,1.531617e+09,1.244257e+02,1.545130e+09
231,monte carlo,2.201715e-11,2.948093e-01,6.296497e-10,9.486561e-10,5.048546e-13,3.945789e-11,3.595102e-01,8.000063e-10,2.881686e-10,2.393250e-13,3.937257e-11,2.045715e-01,1.032747e-09,7.400661e-10,3.506335e-13,2.167268e-11,2.146159e-01,6.053939e-10,6.040082e-10,3.614409e-13,6.703952e-08,5.346114e-01,2.095854e-13,8.998830e-10,8.156388e-08,6.377284e-01,2.197863e-13,1.426282e-09,6.820255e-08,6.291528e-01,1.835581e-13,6.930472e-10,-9.535855e-03,4.469355e-03,-1.745161e-03,9.776496e-16,1.181854e+02,1.534129e+09,1.205406e+02,1.373795e+09,1.021682e+02,1.868622e+09
232,monte carlo,2.238405e-11,3.988762e-01,1.061411e-09,7.065003e-10,3.283834e-13,3.914668e-11,3.887459e-01,9.820262e-10,4.809909e-10,5.244043e-13,3.929554e-11,1.286530e-01,9.238310e-10,9.058587e-10,3.280540e-13,2.188757e-11,2.703362e-01,8.809873e-10,8.320257e-10,2.836810e-13,6.863047e-08,5.721318e-01,1.887413e-13,1.197036e-09,8.197786e-08,7.703143e-01,1.853940e-13,1.242718e-09,6.713706e-08,6.223685e-01,1.866174e-13,5.560661e-10,-8.513549e-03,-5.373479e-03,-1.625502e-03,3.556914e-15,1.130556e+02,1.502889e+09,1.002997e+02,1.565437e+09,1.016684e+02,1.818262e+09
233,monte carlo,2.159738e-11,3.973248e-01,7.146082e-10,1.028838e-09,1.737264e-13,3.919160e-11,1.879094e-01,6.857670e-10,9.967950e-10,3.047145e-13,3.951156e-11,3.141852e-01,8.134768e-10,5.880508e-10,2.584948e-13,2.171602e-11,2.330303e-01,6.210536e-10,7.362820e-10,2.726607e-13,6.800378e-08,5.938057e-01,1.950044e-13,6.747059e-10,8.049483e-08,7.347211e-01,1.633803e-13,9.933808e-10,6.810929e-08,5.571402e-01,1.567261e-13,1.705777e-09,-1.720410e-04,2.968300e-03,-1.162534e-03,2.108507e-15,1.079344e+02,1.535952e+09,1.032563e+02,1.603804e+09,1.152161e+02,1.884563e+09
234,monte carlo,2.237462e-11,2.315180e-01,8.077076e-10,7.498047e-10,3.792629e-13,3.969309e-11,3.113152e-01,9.704943e-10,3.183281e-10,4.138840e-13,3.856968e-11,1.233797e-01,9.757988e-10,1.106440e-09,4.776686e-13,2.199053e-11,2.868902e-01,7.012992e-10,4.381601e-10,1.948540e-13,6.896293e-08,5.610808e-01,1.500806e-13,6.152714e-10,8.068575e-08,7.175597e-01,2.139915e-13,7.556077e-10,6.914265e-08,5.759569e-01,2.216262e-13,5.652939e-10,-6.789172e-03,-7.048410e-03,2.389412e-03,3.789699e-15,1.158408e+02,1.741313e+09,1.059766e+02,1.331466e+09,1.131429e+02,1.521722e+09
235,monte carlo,2.212123e-11,1.222023e-01,6.307650e-10,1.193763e-09,4.774237e-13,3.897736e-11,3.919034e-01,1.166710e-09,6.030814e-10,4.026043e-13,3.872388e-11,2.788211e-01,9.016778e-10,5.294891e-10,3.990983e-13,2.208750e-11,1.843494e-01,6.586764e-10,5.858287e-10,3.837300e-13,6.878843e-08,5.585368e-01,1.645439e-13,7.181837e-10,8.189442e-08,6.239247e-01,2.355158e-13,5.001596e-10,6.671744e-08,5.622425e-01,1.288741e-13,1.795975e-09,-6.174429e-03,-1.142386e-04,5.555966e-04,4.048500e-15,1.160739e+02,1.875624e+09,1.237067e+02,1.313409e+09,1.118373e+02,1.881499e+09
236,monte carlo,2.216830e-11,3.305502e-01,7.722117e-10,1.236404e-09,2.272925e-13,3.928075e-11,1.405882e-01,9.363372e-10,7.163857e-10,3.699137e-13,3.906418e-11,3.536024e-01,1.031819e-09,4.528606e-10,5.109429e-13,2.231860e-11,2.454380e-01,1.190534e-09,1.044714e-09,5.133338e-13,6.861122e-08,5.523501e-01,2.108307e-13,1.307548e-09,8.316146e-08,6.507171e-01,2.025123e-13,1.528864e-09,6.793069e-08,5.521065e-01,2.339872e-13,1.597479e-09,-3.404447e-03,-3.819013e-03,1.234784e-04,1.700628e-15,1.170717e+02,1.518755e+09,1.204484e+02,1.430278e+09,1.159616e+02,1.509080e+09
237,monte carlo,2.205836e-11,2.731494e-01,6.438046e-10,1.287284e-09,3.870330e-13,3.853323e-11,2.312317e-01,8.040331e-10,1.209101e-09,2.330924e-13,3.832010e-11,1.681164e-01,1.048782e-09,4.540990e-10,2.062138e-13,2.213427e-11,2.607519e-01,7.276814e-10,2.910813e-10,4.064794e-13,6.886897e-08,6.101291e-01,1.504689e-13,9.245091e-10,8.069626e-08,5.927601e-01,2.467937e-13,1.723491e-09,6.893568e-08,5.335790e-01,2.350154e-13,1.605556e-09,-4.974504e-03,4.966418e-03,-1.730912e-03,1.447529e-15,1.063832e+02,1.710833e+09,1.283056e+02,1.326526e+09,1.217633e+02,1.510416e+09
238,monte carlo,2.204658e-11,1.011730e-01,6.779789e-10,1.005077e-09,3.036628e-13,3.955353e-11,2.637186e-01,1.090744e-09,6.470948e-10,2.243197e-13,3.837939e-11,3.127893e-01,6.952904e-10,1.134286e-09,2.061376e-13,2.185913e-11,1.991678e-01,8.314359e-10,7.962690e-10,4.105448e-13,6.805874e-08,6.374057e-01,1.941891e-13,5.447643e-10,8.140416e-08,6.556214e-01,1.680842e-13,1.093053e-09,6.879767e-08,5.281571e-01,1.691214e-13,1.868310e-09,-2.883460e-03,6.732909e-03,-1.433341e-03,6.868344e-16,1.006327e+02,1.514336e+09,1.170212e+02,1.642181e+09,1.227670e+02,1.604790e+09
239,monte carlo,2.241563e-11,2.671083e-01,6.106128e-10,6.109415e-10,5.083595e-13,3.904154e-11,3.414808e-01,8.664707e-10,5.206585e-10,2.038450e-13,3.830113e-11,2.912342e-01,9.672883e-10,8.534810e-10,3.024893e-13,2.164490e-11,3.842437e-01,7.725662e-10,1.202302e-09,3.694280e-13,6.676702e-08,5.308362e-01,1.502991e-13,1.049838e-09,8.037840e-08,6.684277e-01,2.134232e-13,1.619321e-09,6.913135e-08,5.494956e-01,1.628885e-13,7.789438e-10,4.913736e-03,1.718938e-03,-2.416845e-03,2.048561e-15,1.185421e+02,1.850034e+09,1.133329e+02,1.506920e+09,1.185720e+02,1.619546e+09
240,monte carlo,2.234073e-11,1.073403e-01,6.075197e-10,1.182854e-09,4.469747e-13,3.840541e-11,2.757625e-01,8.225221e-10,3.357150e-10,2.152188e-13,3.934767e-11,1.308108e-01,1.125643e-09,6.566215e-10,2.235052e-13,2.166949e-11,1.242840e-01,8.790277e-10,3.543886e-10,2.466436e-13,6.775570e-08,5.964208e-01,1.612057e-13,7.001964e-10,8.274652e-08,6.745993e-01,1.700906e-13,1.637546e-09,6.711088e-08,4.989979e-01,1.874151e-13,7.537907e-10,8.955754e-04,-5.223506e-03,-2.300821e-03,1.141735e-15,1.070691e+02,1.847144e+09,1.156046e+02,1.496984e+09,1.267551e+02,1.642238e+09
241,monte carlo,2.211164e-11,1.614836e-01,8.952272e-10,1.243099e-09,3.942561e-13,3.927286e-11,1.710907e-01,6.357910e-10,7.392580e-10,2.530031e-13,3.892579e-11,3.640766e-01,1.084413e-09,2.746773e-10,2.846043e-13,2.202963e-11,1.570331e-01,1.143607e-09,1.206011e-09,3.331886e-13,6.817520e-08,5.382153e-01,1.969184e-13,1.127091e-09,8.130988e-08,6.191435e-01,2.016703e-13,7.196838e-10,6.688320e-08,5.484900e-01,2.087520e-13,1.108226e-09,-4.887391e-03,-7.496300e-03,-1.780013e-05,1.033466e-15,1.193827e+02,1.781968e+09,1.237722e+02,1.420570e+09,1.149263e+02,1.587757e+09
242,monte carlo,2.168402e-11,1.861072e-01,1.143995e-09,6.764583e-10,2.463569e-13,3.890550e-11,2.591075e-01,1.005895e-09,9.805567e-10,5.211930e-13,3.852812e-11,2.015645e-01,1.182570e-09,8.184550e-10,3.639268e-13,2.213022e-11,3.611126e-01,6.135262e-10,1.248334e-09,1.935637e-13,6.681566e-08,5.141651e-01,2.353216e-13,6.375401e-10,8.142467e-08,6.626489e-01,2.099838e-13,6.411533e-10,6.777922e-08,4.964895e-01,1.897138e-13,9.874800e-10,8.209420e-03,-5.642991e-03,-1.097120e-03,4.110222e-15,1.224748e+02,1.539021e+09,1.158094e+02,1.524807e+09,1.286642e+02,1.551121e+09
243,monte carlo,2.216876e-11,2.629064e-01,8.071670e-10,1.049646e-09,3.362752e-13,3.865436e-11,1.243205e-01,9.054009e-10,1.140986e-09,5.060671e-13,3.842724e-11,3.549900e-01,1.086437e-09,8.587862e-10,3.817184e-13,2.180640e-11,2.769411e-01,8.162805e-10,3.898333e-10,2.601760e-13,6.784347e-08,5.898635e-01,1.889706e-13,7.986997e-10,8.289507e-08,7.135485e-01,1.856473e-13,1.863266e-09,6.816022e-08,6.041030e-01,2.302511e-13,1.537861e-09,9.617714e-03,-1.562188e-03,-4.976598e-05,2.569279e-15,1.083996e+02,1.591208e+09,1.094905e+02,1.517349e+09,1.063387e+02,1.504469e+09
244,monte carlo,2.196910e-11,3.094992e-01,9.235378e-10,6.604349e-10,1.703226e-13,3.914928e-11,3.105728e-01,7.745933e-10,5.543263e-10,3.347598e-13,3.833480e-11,3.866456e-01,9.439265e-10,1.205819e-09,4.542389e-13,2.190766e-11,1.902322e-01,7.820610e-10,1.190651e-09,4.953506e-13,6.785111e-08,5.106638e-01,1.271485e-13,7.761603e-10,8.147558e-08,7.043486e-01,1.607351e-13,1.399353e-09,6.876355e-08,6.240283e-01,1.859639e-13,1.954043e-09,-1.108153e-03,9.492299e-03,-8.509467e-04,2.229169e-15,1.252256e+02,1.868277e+09,1.090212e+02,1.562072e+09,1.038545e+02,1.753101e+09
245,monte carlo,2.200692e-11,3.190496e-01,1.069075e-09,2.984593e-10,2.436882e-13,3.887336e-11,3.112239e-01,1.003590e-09,9.686764e-10,3.013177e-13,3.923708e-11,1.136204e-01,7.729214e-10,7.916344e-10,3.259790e-13,2.200590e-11,1.852411e-01,6.931216e-10,8.664841e-10,1.773658e-13,6.806422e-08,5.363838e-01,2.224887e-13,1.703515e-09,8.042224e-08,5.850391e-01,1.876612e-13,5.278249e-10,6.867666e-08,5.673269e-01,2.276364e-13,1.467666e-09,-6.634963e-03,-6.553573e-03,-8.590829e-04,5.053680e-16,1.195954e+02,1.585207e+09,1.295575e+02,1.497586e+09,1.140898e+02,1.553202e+09
246,monte carlo,2.232554e-11,2.802213e-01,6.383029e-10,9.547447e-10,3.991708e-13,3.834308e-11,1.298794e-01,1.005158e-09,4.490255e-10,2.133419e-13,3.872518e-11,2.266595e-01,8.862046e-10,6.097042e-10,4.887445e-13,2.168184e-11,1.084957e-01,6.246458e-10,1.100945e-09,3.889922e-13,6.766724e-08,5.504750e-01,2.246026e-13,6.266202e-10,8.200975e-08,6.289304e-01,1.867499e-13,1.836130e-09,6.752822e-08,6.261037e-01,1.548669e-13,1.805985e-09,-7.228676e-03,-8.793213e-04,-2.516224e-03,2.076825e-15,1.158543e+02,1.578136e+09,1.228949e+02,1.369589e+09,1.016507e+02,1.898096e+09
247,monte carlo,2.226885e-11,3.023599e-01,6.719052e-10,7.139905e-10,5.051587e-13,3.859396e-11,1.078359e-01,7.694825e-10,8.287710e-10,4.275477e-13,3.870474e-11,2.815078e-01,9.497766e-10,5.073206e-10,2.594956e-13,2.176241e-11,1.289578e-01,7.849597e-10,3.586098e-10,1.834699e-13,6.909438e-08,5.113408e-01,1.800808e-13,1.042898e-09,8.238882e-08,6.568832e-01,1.968477e-13,1.213319e-09,6.791945e-08,5.108244e-01,1.675206e-13,1.844629e-09,2.869704e-03,-7.565600e-03,2.873837e-03,8.176437e-16,1.273513e+02,1.575634e+09,1.182092e+02,1.389175e+09,1.253123e+02,1.749920e+09
248,monte carlo,2.238474e-11,1.631070e-01,9.270665e-10,2.832678e-10,4.157368e-13,3.874570e-11,2.022576e-01,7.415091e-10,9.082418e-10,2.945438e-13,3.895616e-11,2.216262e-01,8.841266e-10,5.506066e-10,4.648337e-13,2.236673e-11,1.744440e-01,6.146220e-10,5.265576e-10,4.805026e-13,6.810997e-08,5.009520e-01,1.816986e-13,1.721201e-09,8.344511e-08,7.551936e-01,1.525907e-13,1.667744e-09,6.709082e-08,5.470152e-01,1.567767e-13,1.392983e-09,-5.001598e-03,4.506756e-03,1.158186e-03,3.584715e-15,1.281403e+02,1.848158e+09,1.041391e+02,1.652051e+09,1.155939e+02,1.870185e+09
249,monte carlo,2.161417e-11,3.753060e-01,1.179510e-09,1.064874e-09,4.030471e-13,3.913330e-11,2.160054e-01,6.116527e-10,1.279720e-09,3.983087e-13,3.843449e-11,3.331875e-01,8.758806e-10,3.458113e-10,2.486711e-13,2.240968e-11,3.548304e-01,8.473458e-10,9.179434e-10,3.590751e-13,6.917024e-08,5.040581e-01,1.746744e-13,1.554687e-09,8.244355e-08,6.881967e-01,1.618055e-13,1.393782e-09,6.704029e-08,5.706924e-01,1.620357e-13,7.905267e-10,7.993985e-03,-6.286706e-03,2.124086e-04,2.878245e-15,1.293331e+02,1.757943e+09,1.129055e+02,1.658383e+09,1.107146e+02,1.797581e+09
250,monte carlo,2.203847e-11,3.829431e-01,6.644528e-10,4.541444e-10,3.783891e-13,3.914695e-11,3.616966e-01,8.196495e-10,5.751107e-10,4.963817e-13,3.966716e-11,3.916656e-01,8.391547e-10,4.446035e-10,1.883995e-13,2.235189e-11,1.356482e-01,6.798847e-10,1.061893e-09,2.161569e-13,6.747575e-08,5.835382e-01,1.845005e-13,1.124893e-09,8.274257e-08,6.740880e-01,1.931260e-13,7.051655e-10,6.866680e-08,5.696225e-01,1.378712e-13,8.897313e-10,8.116800e-03,2.323469e-03,1.000587e-03,3.059782e-15,1.089807e+02,1.867183e+09,1.156867e+02,1.335552e+09,1.136137e+02,1.923284e+09
251,monte carlo,2.204209e-11,2.575136e-01,8.746290e-10,5.768296e-10,4.643540e-13,3.930674e-11,3.001172e-01,1.084700e-09,8.926899e-10,2.565790e-13,3.881336e-11,3.776558e-01,7.116073e-10,3.993305e-10,3.812301e-13,2.192014e-11,1.940745e-01,1.081829e-09,5.455483e-10,3.419149e-13,6.742140e-08,5.060966e-01,1.640210e-13,7.021907e-10,8.344810e-08,7.637849e-01,1.523361e-13,1.993914e-09,6.923492e-08,5.482800e-01,1.699024e-13,1.295275e-09,-7.536948e-03,6.204167e-03,1.984103e-03,1.337790e-15,1.255554e+02,1.909081e+09,1.029714e+02,1.678140e+09,1.190129e+02,1.661721e+09
252,monte carlo,2.193200e-11,3.968048e-01,6.967476e-10,4.664806e-10,4.816304e-13,3.824168e-11,2.101986e-01,8.922024e-10,5.000991e-10,3.660216e-13,3.877374e-11,2.410830e-01,8.296652e-10,6.717790e-10,2.375712e-13,2.214968e-11,2.106831e-01,1.016181e-09,1.111012e-09,3.180208e-13,6.722723e-08,5.815363e-01,1.606667e-13,1.435662e-09,8.288385e-08,7.568751e-01,1.604689e-13,1.977728e-09,6.743512e-08,6.276751e-01,1.519599e-13,1.925226e-09,4.210168e-03,6.668249e-03,-2.219756e-03,1.361586e-15,1.089531e+02,1.787001e+09,1.032088e+02,1.536913e+09,1.012564e+02,1.872378e+09
253,worst case il,2.156000e-11,4.000000e-01,6.000000e-10,2.693699e-10,1.682769e-13,3.978000e-11,4.000000e-01,1.200000e-09,1.299287e-09,5.296728e-13,3.978000e-11,4.000000e-01,1.200000e-09,1.299287e-09,5.296728e-13,2.156000e-11,4.000000e-01,6.000000e-10,2.693699e-10,1.682769e-13,6.936000e-08,6.537026e-01,2.423113e-13,2.000000e-09,8.364000e-08,7.882884e-01,2.592006e-13,2.000000e-09,6.936000e-08,6.537026e-01,2.423113e-13,2.000000e-09,-1.000000e-02,-1.000000e-02,3.000000e-03,5.000000e-15,1.000000e+02,1.500000e+09,1.000000e+02,1.300000e+09,1.000000e+02,1.500000e+09
254,worst case att2,2.156000e-11,1.000000e-01,6.000000e-10,2.693699e-10,1.682769e-13,3.822000e-11,1.000000e-01,6.000000e-10,2.693699e-10,1.682769e-13,3.822000e-11,1.000000e-01,6.000000e-10,2.693699e-10,1.682769e-13,2.156000e-11,1.000000e-01,6.000000e-10,2.693699e-10,1.682769e-13,6.664000e-08,4.831286e-01,1.199623e-13,5.000000e-10,8.036000e-08,5.825963e-01,1.303639e-13,5.000000e-10,6.664000e-08,4.831286e-01,1.199623e-13,5.000000e-10,1.000000e-02,1.000000e-02,-3.000000e-03,5.000000e-16,1.300000e+02,1.950000e+09,1.300000e+02,1.690000e+09,1.300000e+02,1.950000e+09
255,worst case att3,2.156000e-11,1.000000e-01,6.000000e-10,2.693699e-10,1.682769e-13,3.978000e-11,4.000000e-01,1.200000e-09,1.299287e-09,5.296728e-13,3.822000e-11,4.000000e-01,6.000000e-10,2.693699e-10,1.682769e-13,2.156000e-11,1.000000e-01,6.000000e-10,2.693699e-10,1.682769e-13,6.664000e-08,4.831286e-01,1.199623e-13,5.000000e-10,8.364000e-08,7.882884e-01,2.592006e-13,5.000000e-10,6.664000e-08,4.831286e-01,1.199623e-13,5.000000e-10,-1.000000e-02,-1.000000e-02,3.000000e-03,5.000000e-15,1.300000e+02,1.950000e+09,1.000000e+02,1.300000e+09,1.300000e+02,1.950000e+09
256,worst case atthi,2.244000e-11,1.000000e-01,1.200000e-09,1.299287e-09,5.296728e-13,3.978000e-11,1.000000e-01,1.200000e-09,1.299287e-09,5.296728e-13,3.978000e-11,1.000000e-01,1.200000e-09,1.299287e-09,5.296728e-13,2.244000e-11,1.000000e-01,1.200000e-09,1.299287e-09,5.296728e-13,6.664000e-08,4.831286e-01,2.489362e-13,2.000000e-09,8.036000e-08,5.825963e-01,2.665149e-13,2.000000e-09,6.664000e-08,4.831286e-01,2.489362e-13,2.000000e-09,-1.000000e-02,-1.000000e-02,3.000000e-03,5.000000e-15,1.300000e+02,1.500000e+09,1.300000e+02,1.300000e+09,1.300000e+02,1.500000e+09
257,worst case eff2,2.156000e-11,1.000000e-01,6.000000e-10,2.693699e-10,1.682769e-13,3.822000e-11,4.000000e-01,6.000000e-10,2.693699e-10,1.682769e-13,3.822000e-11,4.000000e-01,6.000000e-10,2.693699e-10,1.682769e-13,2.156000e-11,1.000000e-01,6.000000e-10,2.693699e-10,1.682769e-13,6.664000e-08,6.280672e-01,1.199623e-13,5.000000e-10,8.036000e-08,7.573752e-01,1.303639e-13,5.000000e-10,6.664000e-08,6.280672e-01,1.199623e-13,5.000000e-10,1.000000e-02,1.000000e-02,-3.000000e-03,5.000000e-16,1.000000e+02,1.950000e+09,1.000000e+02,1.690000e+09,1.000000e+02,1.950000e+09
258,worst case eff3,2.156000e-11,1.000000e-01,6.000000e-10,2.693699e-10,1.682769e-13,3.978000e-11,4.000000e-01,1.200000e-09,1.299287e-09,5.296728e-13,3.978000e-11,4.000000e-01,1.200000e-09,1.299287e-09,5.296728e-13,2.156000e-11,1.000000e-01,6.000000e-10,2.693699e-10,1.682769e-13,6.664000e-08,6.280672e-01,1.199623e-13,5.000000e-10,8.364000e-08,7.882884e-01,2.592006e-13,2.000000e-09,6.664000e-08,6.280672e-01,1.199623e-13,5.000000e-10,-1.000000e-02,-1.000000e-02,3.000000e-03,5.000000e-15,1.000000e+02,1.950000e+09,1.000000e+02,1.300000e+09,1.000000e+02,1.950000e+09
259,worst case effhi,2.244000e-11,1.000000e-01,1.200000e-09,1.299287e-09,5.296728e-13,3.978000e-11,4.000000e-01,1.200000e-09,1.299287e-09,5.296728e-13,3.978000e-11,4.000000e-01,1.200000e-09,1.299287e-09,5.296728e-13,2.244000e-11,1.000000e-01,1.200000e-09,1.299287e-09,5.296728e-13,6.936000e-08,6.537026e-01,2.423113e-13,2.000000e-09,8.364000e-08,7.882884e-01,2.592006e-13,2.000000e-09,6.936000e-08,6.537026e-01,2.423113e-13,2.000000e-09,-1.000000e-02,-1.000000e-02,3.000000e-03,5.000000e-15,1.000000e+02,1.500000e+09,1.000000e+02,1.300000e+09,1.000000e+02,1.500000e+09
