run,kind,C1C,C1ESR,C1ESL,C1Lvia,C1Cpad,C3C,C3ESR,C3ESL,C3Lvia,C3Cpad,C5C,C5ESR,C5ESL,C5Lvia,C5Cpad,C7C,C7ESR,C7ESL,C7Lvia,C7Cpad,L2L,L2R,L2C,L2Ltr,L4L,L4R,L4C,L4Ltr,L6L,L6R,L6C,L6Ltr,K24,K46,K26,Cio,L2Ct,L2CtESR,L2CtESL,L6Ct,L6CtESR,L6CtESL,L2Q,L2SRF,L4Q,L4SRF,L6Q,L6SRF
1,corner -tol,9.500000e-12,2.000000e-01,1.000000e-09,8.496433e-10,3.489749e-13,1.900000e-11,2.000000e-01,1.000000e-09,8.496433e-10,3.489749e-13,1.900000e-11,2.000000e-01,1.000000e-09,8.496433e-10,3.489749e-13,9.500000e-12,2.000000e-01,1.000000e-09,8.496433e-10,3.489749e-13,4.465000e-08,4.208163e-01,1.786412e-13,1.000000e-09,6.460000e-08,6.088407e-01,2.242710e-13,1.000000e-09,4.465000e-08,4.208163e-01,1.786412e-13,1.000000e-09,5.000000e-03,5.000000e-03,1.000000e-03,2.000000e-15,5.350000e-12,2.000000e-01,1.000000e-09,5.350000e-12,2.000000e-01,1.000000e-09,1.000000e+02,2.100000e+09,1.000000e+02,1.500000e+09,1.000000e+02,2.100000e+09
2,corner +tol,1.050000e-11,2.000000e-01,1.000000e-09,8.496433e-10,3.489749e-13,2.100000e-11,2.000000e-01,1.000000e-09,8.496433e-10,3.489749e-13,2.100000e-11,2.000000e-01,1.000000e-09,8.496433e-10,3.489749e-13,1.050000e-11,2.000000e-01,1.000000e-09,8.496433e-10,3.489749e-13,4.935000e-08,4.651128e-01,1.663897e-13,1.000000e-09,7.140000e-08,6.729291e-01,2.076738e-13,1.000000e-09,4.935000e-08,4.651128e-01,1.663897e-13,1.000000e-09,5.000000e-03,5.000000e-03,1.000000e-03,2.000000e-15,5.850000e-12,2.000000e-01,1.000000e-09,5.850000e-12,2.000000e-01,1.000000e-09,1.000000e+02,2.100000e+09,1.000000e+02,1.500000e+09,1.000000e+02,2.100000e+09
3,monte carlo,9.989457e-12,1.897325e-01,1.180363e-09,8.264082e-10,2.152894e-13,1.998768e-11,1.756466e-01,8.539653e-10,1.015871e-09,2.076710e-13,2.095838e-11,3.747836e-01,9.467016e-10,2.755644e-10,3.105020e-13,1.045967e-11,1.030452e-01,6.626491e-10,4.274338e-10,5.238332e-13,4.855296e-08,4.066589e-01,1.687229e-13,1.858233e-09,6.946417e-08,5.438797e-01,2.351284e-13,7.276104e-10,4.633123e-08,4.348702e-01,1.265722e-13,1.933571e-09,6.880685e-03,8.199906e-03,2.659985e-03,1.480035e-15,5.838462e-12,3.718318e-01,1.037483e-09,5.516255e-12,2.575430e-01,9.713561e-10,1.125270e+02,2.285972e+09,1.203730e+02,1.520666e+09,1.004119e+02,2.318598e+09
4,monte carlo,9.908255e-12,2.492706e-01,1.123066e-09,5.388039e-10,4.801925e-13,2.005494e-11,1.846898e-01,6.359748e-10,5.194139e-10,4.837744e-13,2.021665e-11,2.747962e-01,1.075420e-09,3.984688e-10,4.570078e-13,9.754623e-12,1.632325e-01,1.135427e-09,7.024519e-10,4.955319e-13,4.628969e-08,3.996935e-01,1.506620e-13,1.966074e-09,7.041418e-08,5.141160e-01,1.796717e-13,1.282453e-09,4.528086e-08,3.324600e-01,1.340432e-13,1.866480e-09,-4.908962e-03,-9.367132e-03,-2.026174e-03,3.439941e-15,5.657630e-12,2.028127e-01,9.030496e-10,5.687620e-12,2.785579e-01,8.222779e-10,1.091512e+02,2.318740e+09,1.290833e+02,1.754756e+09,1.283650e+02,2.649259e+09
5,monte carlo,9.992775e-12,3.915994e-01,6.752621e-10,8.320244e-10,3.997803e-13,2.082217e-11,2.964901e-01,1.121926e-09,3.951818e-10,2.265380e-13,1.960613e-11,2.454048e-01,6.619427e-10,1.221344e-09,4.665228e-13,1.009436e-11,1.576723e-01,7.284998e-10,3.700468e-10,3.537336e-13,4.574998e-08,4.263613e-01,1.495473e-13,1.631402e-09,6.664447e-08,5.900104e-01,2.074135e-13,7.579137e-10,4.921245e-08,4.488245e-01,1.303319e-13,1.431017e-09,4.740366e-03,3.498990e-03,-2.262569e-03,3.555719e-15,5.405938e-12,3.763973e-01,1.098987e-09,5.781239e-12,3.087456e-01,9.947101e-10,1.011310e+02,2.638400e+09,1.064573e+02,1.547525e+09,1.033403e+02,2.606175e+09
6,monte carlo,9.854576e-12,2.292503e-01,1.010975e-09,4.471928e-10,5.041624e-13,1.963621e-11,3.264424e-01,1.030284e-09,8.127940e-10,4.745234e-13,2.006205e-11,2.679378e-01,1.039795e-09,1.008212e-09,1.995507e-13,9.988274e-12,2.892062e-01,1.148148e-09,7.442450e-10,5.232119e-13,4.829725e-08,3.725444e-01,1.421036e-13,1.457191e-09,7.011733e-08,5.266927e-01,1.686424e-13,5.702605e-10,4.803476e-08,4.066663e-01,1.532189e-13,1.519348e-09,6.396992e-03,4.083301e-03,-1.899322e-03,1.753063e-15,5.687499e-12,2.960343e-01,1.105005e-09,5.728118e-12,3.562179e-01,1.048330e-09,1.221843e+02,2.612004e+09,1.254698e+02,1.611318e+09,1.113239e+02,2.292311e+09
7,monte carlo,9.981584e-12,1.303782e-01,8.460899e-10,4.361320e-10,4.390660e-13,1.952515e-11,2.010519e-01,1.181391e-09,8.680592e-10,3.091456e-13,1.903509e-11,1.891485e-01,9.586312e-10,9.563815e-10,5.037171e-13,9.633394e-12,3.584600e-01,9.129870e-10,1.180588e-09,3.019200e-13,4.492667e-08,3.438414e-01,1.350404e-13,5.408087e-10,7.058643e-08,5.212685e-01,1.956752e-13,7.932166e-10,4.534386e-08,3.699039e-01,1.425619e-13,1.556418e-09,-6.197969e-03,-9.815475e-03,1.429612e-03,6.092632e-16,5.839234e-12,3.988578e-01,1.180320e-09,5.695652e-12,1.183516e-01,7.844811e-10,1.231451e+02,2.597528e+09,1.276236e+02,1.742168e+09,1.155316e+02,2.406922e+09
8,monte carlo,9.797872e-12,3.295713e-01,9.723726e-10,6.035881e-10,4.626784e-13,2.083313e-11,1.021158e-01,1.179588e-09,8.350872e-10,2.030634e-13,2.058714e-11,3.509393e-01,9.682188e-10,1.168022e-09,3.768048e-13,1.030318e-11,1.992476e-01,1.156871e-09,3.314641e-10,2.889754e-13,4.891473e-08,3.712193e-01,1.737179e-13,6.384485e-10,6.927886e-08,5.729931e-01,1.601387e-13,6.234334e-10,4.534972e-08,3.639677e-01,1.780920e-13,1.329887e-09,7.707260e-03,-9.587729e-03,-3.725389e-04,6.747413e-16,5.632082e-12,2.237863e-01,6.611935e-10,5.511910e-12,1.483287e-01,1.175771e-09,1.241882e+02,2.122946e+09,1.139521e+02,1.935402e+09,1.174310e+02,2.201392e+09
9,monte carlo,1.012748e-11,3.518283e-01,1.114338e-09,1.207794e-09,5.216973e-13,1.933820e-11,2.540155e-01,9.139548e-10,1.173967e-09,2.530535e-13,2.027569e-11,1.631622e-01,9.679297e-10,6.964888e-10,3.185144e-13,1.042160e-11,1.951288e-01,6.796041e-10,4.836938e-10,3.745301e-13,4.642907e-08,3.431561e-01,1.484577e-13,8.579227e-10,6.584509e-08,5.027533e-01,1.477425e-13,8.767765e-10,4.634784e-08,3.943359e-01,1.646506e-13,1.157063e-09,7.970031e-03,-2.712576e-03,1.495136e-03,4.266753e-15,5.757855e-12,1.006834e-01,6.354271e-10,5.351696e-12,3.134025e-01,1.089218e-09,1.275174e+02,2.242629e+09,1.234354e+02,1.749032e+09,1.107731e+02,2.393955e+09
10,monte carlo,9.606257e-12,2.613548e-01,1.152561e-09,5.795328e-10,2.650983e-13,2.001611e-11,1.652074e-01,9.845586e-10,5.301911e-10,2.272980e-13,2.037223e-11,2.851477e-01,1.193865e-09,4.265292e-10,2.694799e-13,9.869719e-12,2.604867e-01,7.635143e-10,6.966748e-10,1.790491e-13,4.669414e-08,4.252619e-01,1.238689e-13,1.010214e-09,7.017368e-08,5.388198e-01,1.911936e-13,7.985043e-10,4.845697e-08,4.107710e-01,1.295524e-13,1.624598e-09,-1.863678e-03,-4.404148e-03,1.549863e-03,3.484613e-15,5.529109e-12,3.072134e-01,7.693272e-10,5.546315e-12,1.094994e-01,1.138656e-09,1.034849e+02,2.464540e+09,1.227444e+02,1.664737e+09,1.111803e+02,2.549431e+09
11,monte carlo,1.028347e-11,1.051231e-01,8.809814e-10,1.192140e-09,2.345371e-13,2.032468e-11,3.165002e-01,8.126893e-10,4.283591e-10,2.619053e-13,1.911110e-11,2.337653e-01,1.142723e-09,4.824662e-10,3.299403e-13,1.003784e-11,1.811737e-01,6.920165e-10,5.670386e-10,5.291030e-13,4.466952e-08,3.584870e-01,1.862073e-13,1.476952e-09,6.971470e-08,5.351624e-01,1.408672e-13,1.780135e-09,4.473095e-08,3.286158e-01,1.551394e-13,9.715682e-10,2.569470e-03,-3.383331e-03,2.243272e-03,4.323979e-15,5.720202e-12,2.935046e-01,6.086047e-10,5.596027e-12,2.546171e-01,1.098425e-09,1.174381e+02,2.253861e+09,1.227750e+02,1.936984e+09,1.282894e+02,2.213771e+09
12,monte carlo,9.534464e-12,2.414342e-01,7.082276e-10,6.343008e-10,2.841661e-13,2.042813e-11,1.616534e-01,6.125551e-10,3.504088e-10,2.973641e-13,1.904668e-11,1.436864e-01,9.620373e-10,9.686475e-10,4.407528e-13,9.876140e-12,3.968541e-01,8.262663e-10,8.868630e-10,5.046136e-13,4.623837e-08,3.805974e-01,1.671634e-13,1.622106e-09,7.012143e-08,6.321269e-01,1.509782e-13,1.202016e-09,4.899262e-08,3.611896e-01,1.203749e-13,1.859606e-09,-3.278339e-03,-8.077057e-03,1.523861e-03,2.545410e-15,5.832662e-12,2.037606e-01,1.079291e-09,5.387019e-12,1.424467e-01,7.217430e-10,1.145006e+02,2.303877e+09,1.045485e+02,1.691254e+09,1.278399e+02,2.457286e+09
13,monte carlo,1.019458e-11,3.187523e-01,7.824798e-10,6.352566e-10,2.344859e-13,2.044394e-11,2.439373e-01,1.094671e-09,8.057169e-10,2.879085e-13,1.901484e-11,2.699135e-01,7.711934e-10,1.035409e-09,1.758636e-13,9.706913e-12,1.212309e-01,1.054426e-09,1.293643e-09,2.976857e-13,4.711303e-08,3.966864e-01,1.428650e-13,1.896617e-09,6.640868e-08,6.068651e-01,1.626015e-13,1.417732e-09,4.684094e-08,4.113976e-01,1.361102e-13,1.660810e-09,-8.941174e-03,2.333651e-03,-2.212365e-03,3.190459e-15,5.782988e-12,2.096560e-01,9.197008e-10,5.439948e-12,2.956468e-01,1.115251e-09,1.119347e+02,2.562446e+09,1.031345e+02,1.688694e+09,1.073087e+02,2.676185e+09
14,monte carlo,1.035729e-11,2.865704e-01,9.267488e-10,6.135301e-10,3.504981e-13,2.055195e-11,1.647163e-01,6.146209e-10,6.142953e-10,2.503635e-13,2.027572e-11,3.945091e-01,1.165052e-09,6.934243e-10,3.954485e-13,1.032685e-11,1.003599e-01,1.042062e-09,6.044834e-10,3.954422e-13,4.853881e-08,4.489370e-01,1.418045e-13,9.313357e-10,6.830274e-08,6.402867e-01,1.875142e-13,1.694660e-09,4.910143e-08,4.031525e-01,1.421834e-13,1.234404e-09,-6.316098e-03,-6.458113e-03,9.133519e-04,4.304620e-15,5.374867e-12,2.746050e-01,8.134921e-10,5.604291e-12,1.868151e-01,1.041606e-09,1.019002e+02,2.586632e+09,1.005391e+02,1.824567e+09,1.147878e+02,2.279005e+09
15,monte carlo,9.722832e-12,2.260475e-01,1.163388e-09,1.292711e-09,3.549384e-13,2.025240e-11,1.946594e-01,6.299453e-10,1.022454e-09,4.918725e-13,1.955496e-11,3.729708e-01,6.735376e-10,7.217990e-10,4.934450e-13,1.017557e-11,3.518829e-01,7.397509e-10,6.631548e-10,3.704590e-13,4.788074e-08,4.375739e-01,1.798436e-13,1.946869e-09,6.852820e-08,5.521855e-01,1.527229e-13,1.319801e-09,4.786856e-08,3.707264e-01,1.542637e-13,1.667653e-09,-9.846176e-03,2.017617e-03,-2.196780e-03,3.414229e-15,5.674749e-12,2.212453e-01,6.667951e-10,5.702389e-12,3.795070e-01,6.417717e-10,1.031290e+02,2.251329e+09,1.169649e+02,1.802214e+09,1.216937e+02,2.490532e+09
16,monte carlo,9.970256e-12,3.809975e-01,1.009817e-09,1.213603e-09,4.948490e-13,1.934673e-11,3.399577e-01,9.698683e-10,4.893000e-10,4.687438e-13,1.943172e-11,2.669986e-01,1.093760e-09,5.422757e-10,2.316632e-13,9.936744e-12,1.762813e-01,1.122403e-09,8.785661e-10,1.894765e-13,4.580488e-08,4.029041e-01,1.698595e-13,1.267645e-09,6.911036e-08,5.273377e-01,1.526124e-13,1.050823e-09,4.795249e-08,3.491366e-01,1.571854e-13,5.429370e-10,-5.658457e-03,-2.916012e-03,-2.292467e-03,4.699688e-15,5.663914e-12,2.586017e-01,6.098929e-10,5.684047e-12,1.322128e-01,6.838452e-10,1.071473e+02,2.388377e+09,1.235166e+02,1.835198e+09,1.294455e+02,2.140338e+09
17,monte carlo,1.006307e-11,1.708490e-01,1.002696e-09,9.419288e-10,3.531719e-13,1.997736e-11,2.580053e-01,6.263735e-10,6.829699e-10,1.768527e-13,1.935534e-11,2.606527e-01,1.010358e-09,1.277621e-09,3.730247e-13,1.028074e-11,1.528189e-01,8.882244e-10,1.091656e-09,1.881006e-13,4.934393e-08,4.551442e-01,1.373295e-13,1.608568e-09,6.562413e-08,5.148284e-01,1.555605e-13,1.305867e-09,4.851205e-08,4.237824e-01,9.715390e-14,1.808966e-09,-5.700465e-03,-8.382585e-03,-1.642118e-03,1.293270e-15,5.843031e-12,2.125707e-01,9.765285e-10,5.351699e-12,1.064012e-01,7.514440e-10,1.021776e+02,2.385453e+09,1.201357e+02,1.717759e+09,1.078892e+02,2.631021e+09
18,monte carlo,1.031248e-11,2.861003e-01,8.411915e-10,4.419089e-10,4.022483e-13,1.910462e-11,1.294954e-01,7.855843e-10,2.776253e-10,3.181260e-13,1.932262e-11,1.992908e-01,1.039269e-09,3.913795e-10,2.783067e-13,9.897659e-12,1.159292e-01,9.204090e-10,6.854478e-10,3.761921e-13,4.683470e-08,3.661633e-01,1.779235e-13,1.991746e-09,6.683405e-08,5.617371e-01,1.508534e-13,1.327586e-09,4.730682e-08,4.181769e-01,1.440918e-13,1.703533e-09,2.710394e-03,7.319035e-03,-2.382442e-03,1.028043e-15,5.667543e-12,1.463588e-01,1.172000e-09,5.766918e-12,3.115572e-01,1.167425e-09,1.205491e+02,2.330343e+09,1.121336e+02,1.901979e+09,1.066191e+02,2.123651e+09
19,monte carlo,9.601378e-12,2.943811e-01,6.580990e-10,1.254860e-09,3.562212e-13,2.024816e-11,3.183891e-01,9.740407e-10,9.729511e-10,4.643585e-13,1.992647e-11,3.483627e-01,7.403745e-10,1.066907e-09,4.072710e-13,1.013954e-11,2.484013e-01,6.789933e-10,6.556869e-10,5.077994e-13,4.593283e-08,4.319206e-01,1.229837e-13,1.786126e-09,6.942857e-08,5.696087e-01,1.336144e-13,7.657879e-10,4.682858e-08,4.108140e-01,1.731693e-13,1.603616e-09,-2.557464e-03,9.690170e-04,2.106747e-03,3.165820e-15,5.467875e-12,1.615939e-01,1.060106e-09,5.788417e-12,3.493937e-01,6.141155e-10,1.002283e+02,2.664554e+09,1.148769e+02,1.906481e+09,1.074328e+02,2.265396e+09
20,monte carlo,9.842772e-12,2.325121e-01,1.128954e-09,9.332479e-10,2.719519e-13,1.929269e-11,3.126335e-01,1.093398e-09,8.511986e-10,3.660576e-13,1.926897e-11,3.909272e-01,1.124030e-09,3.744543e-10,4.434599e-13,9.592285e-12,2.708977e-01,6.106296e-10,7.983217e-10,4.338134e-13,4.811328e-08,3.756605e-01,1.508193e-13,1.381643e-09,6.975955e-08,5.692882e-01,2.222806e-13,5.111669e-10,4.761289e-08,3.573215e-01,1.804497e-13,1.376918e-09,8.057250e-03,-3.213460e-03,-1.578138e-03,2.507926e-15,5.738548e-12,2.624218e-01,1.175565e-09,5.526932e-12,3.821963e-01,8.408933e-10,1.207092e+02,2.225061e+09,1.154895e+02,1.525981e+09,1.255847e+02,2.110186e+09
21,monte carlo,1.022822e-11,1.897230e-01,9.985117e-10,9.084323e-10,1.942001e-13,1.971014e-11,2.411149e-01,1.026991e-09,4.805320e-10,3.703194e-13,2.013758e-11,2.581529e-01,7.631806e-10,1.250628e-09,4.733465e-13,1.009660e-11,3.044697e-01,6.343983e-10,9.297308e-10,3.572910e-13,4.574154e-08,3.789651e-01,1.437597e-13,1.163097e-09,6.623160e-08,5.564631e-01,2.178152e-13,1.218639e-09,4.639642e-08,4.180436e-01,1.741535e-13,9.903846e-10,-3.767549e-03,4.485004e-03,-2.687347e-03,2.516660e-15,5.740678e-12,1.081847e-01,1.147391e-09,5.357852e-12,1.999655e-01,8.684981e-10,1.137582e+02,2.702975e+09,1.121760e+02,1.530541e+09,1.046006e+02,2.148441e+09
22,monte carlo,9.877386e-12,2.984511e-01,1.054465e-09,1.185100e-09,5.125081e-13,2.072593e-11,2.877617e-01,9.975502e-10,1.256188e-09,2.078495e-13,1.906756e-11,3.204366e-01,1.195752e-09,6.390898e-10,3.975553e-13,9.540075e-12,3.370610e-01,6.157014e-10,1.077136e-09,5.210911e-13,4.723036e-08,3.917569e-01,1.457089e-13,1.060007e-09,6.494727e-08,4.718325e-01,2.080138e-13,1.890202e-09,4.592861e-08,4.034379e-01,1.404182e-13,1.934337e-09,3.987174e-03,6.295482e-04,4.272205e-05,4.169051e-15,5.573762e-12,2.543638e-01,9.435057e-10,5.833394e-12,2.421646e-01,1.116410e-09,1.136255e+02,2.400895e+09,1.297311e+02,1.678757e+09,1.072946e+02,2.595657e+09
23,monte carlo,1.031411e-11,2.148035e-01,9.475939e-10,1.176812e-09,3.795671e-13,1.913677e-11,3.029522e-01,1.158287e-09,5.983964e-10,3.540482e-13,2.072684e-11,1.890573e-01,6.154823e-10,5.291428e-10,3.461754e-13,9.597386e-12,2.342017e-01,9.699515e-10,1.251520e-09,5.183626e-13,4.783985e-08,4.024417e-01,1.623360e-13,8.186038e-10,7.132660e-08,5.675506e-01,1.851108e-13,8.415155e-10,4.507542e-08,4.082454e-01,1.385020e-13,1.122735e-09,8.337467e-03,-4.993912e-03,-1.264523e-03,2.825510e-15,5.508689e-12,3.511034e-01,1.034680e-09,5.535196e-12,2.493599e-01,1.145787e-09,1.120361e+02,2.248863e+09,1.184454e+02,1.717365e+09,1.040614e+02,2.543985e+09
24,monte carlo,1.004743e-11,2.290276e-01,7.533461e-10,3.397345e-10,5.210734e-13,1.925080e-11,3.198957e-01,7.195478e-10,4.466464e-10,3.429615e-13,1.916175e-11,2.642946e-01,7.805240e-10,1.285162e-09,3.106818e-13,1.026232e-11,3.603521e-01,6.863133e-10,4.059776e-10,2.161009e-13,4.551359e-08,3.355962e-01,1.534057e-13,6.275334e-10,6.855514e-08,5.682177e-01,2.076397e-13,1.955191e-09,4.591131e-08,3.398528e-01,1.432982e-13,1.816840e-09,5.853566e-03,-5.951246e-03,-2.511090e-03,3.602799e-15,5.603977e-12,2.404528e-01,1.036490e-09,5.524774e-12,2.152584e-01,9.870587e-10,1.278190e+02,2.633808e+09,1.137094e+02,1.698378e+09,1.273210e+02,2.454108e+09
25,monte carlo,9.980048e-12,3.387131e-01,8.807476e-10,9.205837e-10,3.944802e-13,2.074785e-11,1.207508e-01,9.716000e-10,7.632937e-10,3.504182e-13,1.936144e-11,3.952477e-01,1.003463e-09,1.094649e-09,3.165662e-13,9.965988e-12,3.139286e-01,9.207095e-10,6.455805e-10,1.763490e-13,4.782348e-08,4.197734e-01,1.579458e-13,5.050856e-10,6.782647e-08,6.305086e-01,1.521187e-13,8.769705e-10,4.702599e-08,3.664243e-01,1.175893e-13,1.499475e-09,-7.111208e-04,1.015660e-03,-2.036546e-03,3.170299e-15,5.658469e-12,2.529241e-01,1.168833e-09,5.722137e-12,2.409859e-01,1.116625e-09,1.073736e+02,2.458541e+09,1.013863e+02,1.683028e+09,1.209553e+02,2.617604e+09
26,monte carlo,9.809835e-12,1.144070e-01,1.126734e-09,8.656186e-10,2.206758e-13,2.026139e-11,1.131157e-01,9.932579e-10,9.272801e-10,1.971679e-13,1.934464e-11,2.172050e-01,9.889795e-10,1.282738e-09,3.564409e-13,1.045784e-11,1.250381e-01,1.178002e-09,7.148262e-10,1.772963e-13,4.722116e-08,3.964732e-01,1.356093e-13,1.285294e-09,6.554604e-08,4.905358e-01,1.892161e-13,1.440061e-09,4.683679e-08,3.913860e-01,1.416590e-13,8.854355e-10,-2.808518e-03,-9.370207e-04,-1.787298e-03,5.090732e-16,5.500484e-12,3.236626e-01,9.819690e-10,5.846145e-12,2.861405e-01,8.908493e-10,1.122520e+02,2.615052e+09,1.259351e+02,1.835555e+09,1.127854e+02,2.108575e+09
27,monte carlo,1.017021e-11,3.164446e-01,9.387157e-10,3.295801e-10,4.137005e-13,2.084076e-11,3.962428e-01,1.183267e-09,7.585377e-10,4.538000e-13,1.924490e-11,2.754530e-01,8.557329e-10,9.418897e-10,3.190906e-13,9.718935e-12,1.661871e-01,1.049447e-09,2.926662e-10,2.350307e-13,4.929346e-08,4.376269e-01,1.095388e-13,1.889024e-09,6.925842e-08,5.474656e-01,1.602017e-13,5.880129e-10,4.887119e-08,3.984762e-01,1.105308e-13,1.804041e-09,-5.715076e-03,-5.821715e-03,-1.480684e-03,4.221389e-15,5.397551e-12,3.832129e-01,9.238542e-10,5.419436e-12,2.093449e-01,9.782321e-10,1.061589e+02,2.611517e+09,1.192304e+02,1.938886e+09,1.155904e+02,2.463362e+09
28,monte carlo,9.608241e-12,3.134572e-01,1.036331e-09,8.434980e-10,3.633975e-13,2.075793e-11,3.102478e-01,6.817557e-10,9.650289e-10,4.542035e-13,2.024177e-11,3.565817e-01,6.683319e-10,3.667156e-10,4.752377e-13,1.022699e-11,3.483147e-01,1.035929e-09,1.224869e-09,5.127619e-13,4.858746e-08,3.841978e-01,1.580465e-13,1.057398e-09,6.628984e-08,5.260476e-01,2.051230e-13,6.452041e-10,4.589051e-08,3.815275e-01,1.203033e-13,1.066286e-09,4.977757e-03,6.321186e-03,-2.708335e-03,9.342628e-16,5.647743e-12,1.301925e-01,9.997091e-10,5.443433e-12,3.049777e-01,9.365498e-10,1.191902e+02,2.448822e+09,1.187663e+02,1.598274e+09,1.133622e+02,2.680120e+09
29,monte carlo,9.653098e-12,3.095828e-01,8.012160e-10,1.255092e-09,4.332141e-13,2.098115e-11,3.758390e-01,8.145127e-10,1.209889e-09,2.774750e-13,2.006817e-11,1.338052e-01,1.125912e-09,6.024052e-10,2.118165e-13,1.026696e-11,1.873247e-01,9.955402e-10,8.843674e-10,3.499138e-13,4.673787e-08,4.192062e-01,1.808623e-13,7.370027e-10,6.738568e-08,4.988931e-01,1.434701e-13,1.889411e-09,4.660720e-08,3.622330e-01,1.465950e-13,1.354983e-09,7.877698e-03,-2.351375e-03,1.716559e-03,4.150230e-15,5.416803e-12,2.997674e-01,8.491538e-10,5.424209e-12,2.952845e-01,9.791764e-10,1.050781e+02,2.312254e+09,1.273008e+02,1.858040e+09,1.212652e+02,2.420551e+09
30,monte carlo,1.007123e-11,2.507379e-01,7.405844e-10,1.011984e-09,3.106131e-13,1.991092e-11,2.424145e-01,9.616808e-10,1.288758e-09,4.205562e-13,1.903709e-11,3.325933e-01,9.603945e-10,1.040508e-09,1.885695e-13,1.028461e-11,1.922986e-01,7.065095e-10,1.251495e-09,5.238579e-13,4.615783e-08,3.381640e-01,1.608982e-13,1.555014e-09,6.757144e-08,6.331106e-01,1.883961e-13,1.316151e-09,4.523316e-08,4.099720e-01,1.243083e-13,1.153417e-09,8.108716e-03,5.016784e-03,2.299380e-03,3.116497e-15,5.617160e-12,2.741842e-01,6.937809e-10,5.776221e-12,3.845517e-01,1.055475e-09,1.286439e+02,2.158879e+09,1.005900e+02,1.849774e+09,1.039858e+02,2.525944e+09
31,monte carlo,1.021175e-11,1.857956e-01,1.146872e-09,7.430724e-10,3.209755e-13,2.054695e-11,2.557616e-01,9.874745e-10,1.199232e-09,3.624278e-13,1.962861e-11,1.024989e-01,1.111716e-09,5.046619e-10,2.632131e-13,9.624044e-12,3.926272e-01,1.170509e-09,5.977645e-10,3.175681e-13,4.516684e-08,3.596168e-01,1.389139e-13,1.124196e-09,6.668908e-08,5.141508e-01,2.273144e-13,1.010409e-09,4.764365e-08,4.027026e-01,1.323350e-13,1.703197e-09,-4.349746e-03,1.016629e-03,-2.562905e-05,3.613173e-15,5.793504e-12,2.864899e-01,6.088873e-10,5.800675e-12,2.668331e-01,1.002101e-09,1.183725e+02,2.497588e+09,1.222462e+02,1.553091e+09,1.115043e+02,2.384267e+09
32,monte carlo,9.798955e-12,2.204952e-01,9.749402e-10,9.224472e-10,2.522532e-13,1.913743e-11,1.561426e-01,9.838321e-10,9.883850e-10,4.694089e-13,2.018545e-11,1.471722e-01,8.404177e-10,5.098780e-10,3.542125e-13,9.794426e-12,3.905648e-01,1.151468e-09,5.819659e-10,2.391337e-13,4.584887e-08,4.280917e-01,1.599079e-13,9.925402e-10,6.640965e-08,5.117147e-01,1.457849e-13,5.085536e-10,4.508138e-08,4.105394e-01,1.323156e-13,1.577623e-09,-4.046736e-03,4.940324e-03,7.382532e-04,3.894678e-15,5.768126e-12,1.098143e-01,9.074631e-10,5.569842e-12,3.267658e-01,9.624729e-10,1.009399e+02,2.275672e+09,1.223135e+02,1.863698e+09,1.034936e+02,2.393603e+09
33,monte carlo,9.985480e-12,3.516662e-01,6.572380e-10,6.330368e-10,4.607974e-13,2.006094e-11,2.267064e-01,8.092195e-10,1.077126e-09,1.920946e-13,1.936193e-11,1.784980e-01,9.943783e-10,5.059161e-10,4.710029e-13,9.903246e-12,2.409959e-01,6.937156e-10,6.278287e-10,4.206599e-13,4.837153e-08,3.702977e-01,1.193034e-13,1.590520e-09,6.518355e-08,5.421576e-01,1.916101e-13,1.691549e-09,4.650639e-08,3.930427e-01,1.219642e-13,1.631390e-09,9.117573e-03,4.378426e-03,1.749833e-03,7.412533e-16,5.505495e-12,3.264936e-01,1.094187e-09,5.581788e-12,1.427533e-01,8.150505e-10,1.231147e+02,2.659608e+09,1.133140e+02,1.773811e+09,1.115178e+02,2.674806e+09
34,monte carlo,1.030792e-11,2.631607e-01,8.414187e-10,8.854185e-10,3.495298e-13,2.090329e-11,1.530873e-01,8.174365e-10,1.276493e-09,4.581354e-13,2.006332e-11,2.527349e-01,6.029554e-10,1.277984e-09,4.190165e-13,9.959808e-12,1.293625e-01,1.141081e-09,4.488244e-10,3.180007e-13,4.599867e-08,4.287906e-01,1.676054e-13,1.862911e-09,6.514916e-08,4.945534e-01,2.165039e-13,8.653557e-10,4.775801e-08,4.097063e-01,1.322711e-13,1.025286e-09,3.720955e-03,5.365474e-03,-2.268364e-04,3.855202e-15,5.415329e-12,1.688574e-01,1.052208e-09,5.691445e-12,1.483374e-01,7.963201e-10,1.011047e+02,2.367838e+09,1.241557e+02,1.666222e+09,1.098613e+02,2.300801e+09
35,monte carlo,1.035213e-11,1.419655e-01,7.078938e-10,1.219439e-09,4.661338e-13,1.918605e-11,3.751033e-01,6.914667e-10,5.615337e-10,3.117835e-13,1.916778e-11,2.196266e-01,7.914424e-10,4.436493e-10,4.451670e-13,1.016037e-11,3.750278e-01,7.553433e-10,1.138751e-09,4.833682e-13,4.697249e-08,4.064523e-01,1.234914e-13,8.633370e-10,6.723879e-08,5.301635e-01,1.838269e-13,9.050737e-10,4.628206e-08,3.872475e-01,1.179511e-13,5.226679e-10,9.410517e-03,-9.098363e-03,-8.604255e-04,1.367829e-15,5.714894e-12,3.903238e-01,6.636427e-10,5.602337e-12,3.293067e-01,8.426513e-10,1.089194e+02,2.668254e+09,1.195312e+02,1.719860e+09,1.126407e+02,2.603478e+09
36,monte carlo,1.043914e-11,3.901607e-01,8.378940e-10,4.491915e-10,3.258723e-13,1.993846e-11,1.138144e-01,1.132453e-09,9.968439e-10,3.924590e-13,1.940832e-11,1.849181e-01,7.301790e-10,7.797539e-10,5.077090e-13,9.584784e-12,1.508480e-01,8.574454e-10,4.270370e-10,4.072196e-13,4.911908e-08,3.737060e-01,1.524962e-13,7.307093e-10,6.532326e-08,5.421355e-01,1.973263e-13,6.953147e-10,4.592471e-08,3.895945e-01,9.836076e-14,1.596833e-09,-4.153900e-03,-4.649295e-04,-3.584382e-04,2.608060e-15,5.533026e-12,3.675950e-01,1.064295e-09,5.570797e-12,3.215421e-01,6.470403e-10,1.238772e+02,2.518198e+09,1.135615e+02,1.689634e+09,1.110976e+02,2.667326e+09
37,monte carlo,9.608842e-12,1.020186e-01,6.161791e-10,1.036837e-09,1.800224e-13,1.900038e-11,1.060040e-01,1.094531e-09,7.435967e-10,4.531013e-13,1.956488e-11,2.420491e-01,6.487674e-10,9.047812e-10,1.877755e-13,1.012417e-11,3.989868e-01,7.044208e-10,6.419503e-10,4.389553e-13,4.807471e-08,4.450257e-01,1.471683e-13,5.287527e-10,6.793872e-08,6.319789e-01,1.898489e-13,8.725514e-10,4.810259e-08,3.961278e-01,1.629889e-13,1.257920e-09,9.031217e-03,-9.934953e-03,-2.475546e-03,5.410336e-16,5.784189e-12,1.303293e-01,1.088771e-09,5.434688e-12,1.811728e-01,6.548243e-10,1.018129e+02,2.147536e+09,1.013178e+02,1.552069e+09,1.144470e+02,2.321619e+09
38,monte carlo,1.024301e-11,2.206242e-01,7.900842e-10,4.374876e-10,3.893747e-13,1.910877e-11,1.524494e-01,9.370436e-10,5.506354e-10,3.579153e-13,1.901742e-11,1.069183e-01,8.239114e-10,1.266736e-09,2.793450e-13,1.040210e-11,1.691305e-01,9.051136e-10,5.646048e-10,1.840339e-13,4.746243e-08,3.572422e-01,1.308033e-13,1.959855e-09,6.802469e-08,5.131595e-01,2.237756e-13,1.822521e-09,4.584672e-08,3.677410e-01,1.182929e-13,1.307390e-09,-5.148013e-03,-4.077600e-03,2.717919e-03,3.453395e-15,5.620083e-12,2.953141e-01,8.282158e-10,5.474824e-12,1.884703e-01,8.900885e-10,1.252156e+02,2.228751e+09,1.249353e+02,1.532589e+09,1.174999e+02,2.506293e+09
39,monte carlo,1.019112e-11,1.506378e-01,6.509660e-10,4.358229e-10,2.585410e-13,2.053876e-11,1.306452e-01,1.115773e-09,1.126946e-09,2.806793e-13,1.937795e-11,1.676776e-01,8.551378e-10,4.712695e-10,4.770341e-13,1.025009e-11,3.878442e-01,1.105477e-09,7.891883e-10,2.509760e-13,4.931135e-08,4.545181e-01,1.051964e-13,1.546691e-09,6.589305e-08,5.156119e-01,1.570180e-13,9.223925e-10,4.758817e-08,3.467469e-01,1.273020e-13,1.047424e-09,-7.775622e-03,4.021537e-03,-2.590205e-03,5.494936e-16,5.731214e-12,3.261312e-01,1.196293e-09,5.754089e-12,1.799019e-01,7.573615e-10,1.022508e+02,2.480728e+09,1.204447e+02,1.762903e+09,1.293474e+02,2.485682e+09
40,monte carlo,1.033737e-11,1.224128e-01,8.144025e-10,1.239603e-09,2.898339e-13,2.031009e-11,1.657764e-01,1.087412e-09,8.342226e-10,2.014805e-13,1.982584e-11,2.209595e-01,8.387683e-10,1.274839e-09,4.694050e-13,9.909061e-12,3.742058e-01,7.454736e-10,5.594290e-10,4.397399e-13,4.844788e-08,4.095715e-01,1.661638e-13,1.997386e-09,6.676008e-08,5.386213e-01,2.246864e-13,5.971065e-10,4.673305e-08,3.893892e-01,1.482609e-13,6.047759e-10,6.989740e-03,-6.535618e-03,2.263844e-04,4.347004e-15,5.765397e-12,1.649219e-01,1.012600e-09,5.527790e-12,3.864199e-01,1.082955e-09,1.114849e+02,2.205960e+09,1.168166e+02,1.504258e+09,1.131127e+02,2.665339e+09
41,monte carlo,9.762497e-12,2.510432e-01,8.957260e-10,5.392899e-10,4.254792e-13,2.012459e-11,2.677005e-01,8.138945e-10,7.706569e-10,4.863327e-13,1.987711e-11,2.668881e-01,9.182520e-10,4.942357e-10,3.299371e-13,1.038184e-11,3.629330e-01,8.521864e-10,5.259397e-10,3.747561e-13,4.774012e-08,3.784023e-01,1.242254e-13,9.556815e-10,6.608948e-08,5.869845e-01,1.663354e-13,1.572625e-09,4.713396e-08,3.930901e-01,1.911650e-13,6.849199e-10,-3.750420e-03,-8.041671e-03,-1.103134e-03,2.006912e-15,5.714177e-12,1.959189e-01,7.733368e-10,5.682679e-12,1.099544e-01,8.082006e-10,1.189052e+02,2.717424e+09,1.061150e+02,1.742851e+09,1.130090e+02,2.113934e+09
42,monte carlo,9.829405e-12,3.829517e-01,9.261800e-10,7.342651e-10,4.248581e-13,2.085963e-11,2.115868e-01,7.341472e-10,1.178555e-09,2.275233e-13,1.972642e-11,1.347376e-01,6.537600e-10,1.028174e-09,4.891749e-13,1.015709e-11,2.693316e-01,6.548464e-10,1.233907e-09,4.436474e-13,4.506440e-08,3.396550e-01,1.515057e-13,1.570773e-09,6.768682e-08,5.184648e-01,1.452896e-13,1.604660e-09,4.614479e-08,3.645281e-01,1.720190e-13,1.166589e-09,-7.484916e-04,-5.529261e-03,-1.559534e-03,1.988673e-15,5.580758e-12,3.998009e-01,9.682999e-10,5.547112e-12,3.650157e-01,1.180249e-09,1.250451e+02,2.423389e+09,1.230427e+02,1.886669e+09,1.193061e+02,2.370783e+09
43,monte carlo,1.017607e-11,3.847811e-01,1.017995e-09,1.291191e-09,2.314626e-13,2.062440e-11,2.727307e-01,9.103621e-10,1.094448e-09,4.593784e-13,1.962700e-11,3.854869e-01,7.465078e-10,1.197842e-09,4.967186e-13,9.712729e-12,1.875541e-01,7.254218e-10,8.789994e-10,4.936818e-13,4.863560e-08,4.432178e-01,1.110534e-13,1.295946e-09,6.686641e-08,5.193876e-01,1.755795e-13,1.153686e-09,4.792337e-08,4.241566e-01,1.468508e-13,1.579944e-09,3.471372e-03,-3.151150e-03,1.545365e-04,4.833961e-15,5.540046e-12,3.570452e-01,1.046846e-09,5.366984e-12,2.740093e-01,8.156083e-10,1.034209e+02,2.712754e+09,1.213354e+02,1.636129e+09,1.064859e+02,2.721678e+09
44,monte carlo,1.047456e-11,2.513777e-01,1.138163e-09,4.882911e-10,2.261349e-13,1.941257e-11,3.825422e-01,6.540161e-10,7.088343e-10,3.332021e-13,1.996115e-11,1.547527e-01,1.067599e-09,6.652838e-10,4.217739e-13,9.897500e-12,2.238948e-01,9.919207e-10,4.783194e-10,2.987684e-13,4.622884e-08,3.712881e-01,1.681047e-13,1.115580e-09,6.931863e-08,5.596555e-01,2.124625e-13,7.896498e-10,4.851932e-08,3.835224e-01,1.400527e-13,1.032651e-09,-7.670508e-03,-6.440934e-04,6.966070e-04,4.729229e-15,5.519066e-12,2.427819e-01,7.684597e-10,5.581303e-12,3.036410e-01,1.197540e-09,1.173473e+02,2.301659e+09,1.167348e+02,1.618812e+09,1.192326e+02,2.333348e+09
45,monte carlo,1.009068e-11,1.644700e-01,1.074178e-09,1.298374e-09,2.616613e-13,1.900720e-11,1.544992e-01,9.993719e-10,8.805709e-10,3.088873e-13,2.070993e-11,3.613251e-01,7.009373e-10,1.152868e-09,5.147287e-13,9.917610e-12,3.688370e-01,8.867564e-10,9.835080e-10,3.553230e-13,4.742923e-08,3.563973e-01,1.284758e-13,1.478248e-09,6.793110e-08,4.929596e-01,1.752369e-13,6.829886e-10,4.521349e-08,3.523554e-01,1.695451e-13,1.276263e-09,7.013221e-03,5.301873e-03,-1.851511e-03,3.116511e-15,5.565525e-12,3.805561e-01,7.599425e-10,5.471741e-12,1.162295e-01,1.165203e-09,1.254246e+02,2.684346e+09,1.298759e+02,1.814694e+09,1.209367e+02,2.158429e+09
46,monte carlo,1.036001e-11,3.587534e-01,7.276971e-10,1.035855e-09,2.644850e-13,2.055672e-11,3.340602e-01,6.388488e-10,1.102617e-09,1.764556e-13,1.924249e-11,3.313408e-01,6.981921e-10,6.063213e-10,4.385417e-13,9.868522e-12,3.447581e-01,1.197473e-09,2.726614e-10,2.619870e-13,4.600665e-08,3.738583e-01,1.651782e-13,5.812393e-10,6.648541e-08,6.052072e-01,1.992278e-13,5.137453e-10,4.618481e-08,4.163232e-01,1.260528e-13,5.214465e-10,-5.783852e-03,-7.354558e-03,-1.664063e-03,2.140212e-15,5.547198e-12,2.929029e-01,1.188782e-09,5.816225e-12,2.168496e-01,6.493260e-10,1.159804e+02,2.329463e+09,1.035365e+02,1.528262e+09,1.045538e+02,2.373433e+09
47,monte carlo,1.008738e-11,1.809457e-01,7.243161e-10,8.427522e-10,2.393846e-13,2.082754e-11,3.067438e-01,1.098988e-09,6.265612e-10,3.784984e-13,1.911759e-11,2.740742e-01,1.067671e-09,5.187655e-10,2.059258e-13,9.963231e-12,2.383896e-01,7.937332e-10,1.154908e-09,2.348095e-13,4.560009e-08,3.623881e-01,1.303278e-13,1.101747e-09,6.569412e-08,4.780944e-01,1.931406e-13,5.135407e-10,4.682068e-08,4.329325e-01,1.565070e-13,1.647098e-09,-7.080828e-03,5.694904e-03,-2.396258e-04,1.998666e-15,5.675422e-12,2.475294e-01,1.106813e-09,5.633251e-12,1.170139e-01,7.387651e-10,1.185940e+02,2.458820e+09,1.295042e+02,1.773981e+09,1.019269e+02,2.454364e+09
48,monte carlo,1.035619e-11,1.783892e-01,1.097002e-09,1.218462e-09,1.696111e-13,1.964877e-11,1.000357e-01,6.650182e-10,7.296109e-10,2.744879e-13,2.099083e-11,2.599798e-01,1.049976e-09,5.213219e-10,3.538663e-13,9.939538e-12,3.838675e-01,9.027308e-10,8.793652e-10,4.180303e-13,4.733522e-08,3.636978e-01,1.511561e-13,8.726532e-10,6.831387e-08,5.186440e-01,1.470117e-13,6.678769e-10,4.691334e-08,3.455480e-01,1.361244e-13,8.022347e-10,-9.093197e-03,9.714341e-03,1.278489e-03,1.265174e-15,5.785773e-12,1.051679e-01,7.035378e-10,5.362482e-12,2.222499e-01,7.418275e-10,1.226633e+02,2.219691e+09,1.241397e+02,1.872152e+09,1.279556e+02,2.669981e+09
49,monte carlo,9.876459e-12,1.237763e-01,8.807898e-10,1.048840e-09,4.102534e-13,2.075388e-11,3.030837e-01,8.049108e-10,4.732670e-10,3.494498e-13,2.013816e-11,2.376635e-01,9.478022e-10,1.064437e-09,2.714431e-13,9.521496e-12,2.686374e-01,6.029898e-10,3.741717e-10,4.387089e-13,4.923267e-08,4.282187e-01,1.416566e-13,7.083121e-10,6.661241e-08,5.203472e-01,2.100579e-13,1.666051e-09,4.822986e-08,3.523428e-01,1.362297e-13,1.675791e-09,-1.263966e-03,5.602106e-03,2.664286e-03,2.431354e-15,5.515264e-12,1.520417e-01,6.895363e-10,5.710176e-12,1.525502e-01,7.253403e-10,1.083575e+02,2.255409e+09,1.206516e+02,1.681460e+09,1.290095e+02,2.518225e+09
50,monte carlo,9.738039e-12,1.799528e-01,1.012246e-09,3.125898e-10,4.301658e-13,2.009110e-11,3.102515e-01,1.003863e-09,5.966503e-10,2.043789e-13,1.985876e-11,3.369478e-01,6.069129e-10,1.078987e-09,2.315449e-13,1.037058e-11,2.136768e-01,1.048101e-09,3.333889e-10,5.117108e-13,4.553726e-08,3.619875e-01,1.355836e-13,7.668076e-10,6.973630e-08,5.455123e-01,1.718378e-13,1.785159e-09,4.740456e-08,3.884463e-01,1.360129e-13,1.119210e-09,3.654713e-03,-7.489451e-03,2.378482e-03,1.781270e-15,5.392925e-12,1.998675e-01,1.182570e-09,5.692707e-12,1.851428e-01,1.062910e-09,1.185617e+02,2.354178e+09,1.204829e+02,1.827613e+09,1.150165e+02,2.231072e+09
51,monte carlo,9.647085e-12,2.654412e-01,1.000535e-09,4.616721e-10,2.149334e-13,2.069318e-11,1.541650e-01,1.086909e-09,3.891596e-10,2.806876e-13,2.023586e-11,2.282448e-01,6.598702e-10,1.257533e-09,4.350148e-13,9.945581e-12,1.125314e-01,1.127918e-09,3.796460e-10,2.014049e-13,4.801739e-08,3.789976e-01,1.204991e-13,1.302018e-09,6.921558e-08,6.354025e-01,1.515266e-13,8.864656e-10,4.913934e-08,3.890589e-01,1.508092e-13,1.156312e-09,6.059179e-03,-5.141807e-03,1.787065e-03,3.931486e-15,5.471574e-12,1.739865e-01,9.698799e-10,5.841533e-12,1.405775e-01,8.542478e-10,1.194079e+02,2.533508e+09,1.026659e+02,1.813013e+09,1.190379e+02,2.571633e+09
52,monte carlo,9.579603e-12,1.070134e-01,1.064197e-09,6.791261e-10,1.849899e-13,1.908429e-11,3.826448e-01,1.146262e-09,1.141003e-09,3.373335e-13,1.919896e-11,1.845391e-01,6.644444e-10,9.229213e-10,4.810053e-13,9.987941e-12,3.328582e-01,7.130244e-10,3.564462e-10,2.349041e-13,4.753507e-08,3.694214e-01,1.507879e-13,1.745377e-09,6.928195e-08,5.315986e-01,1.905859e-13,1.737063e-09,4.515530e-08,4.205194e-01,1.804762e-13,1.718151e-09,8.478656e-03,8.617721e-04,-2.331919e-03,1.648237e-15,5.715535e-12,3.367321e-01,8.857693e-10,5.528764e-12,1.021047e-01,6.372811e-10,1.212728e+02,2.450860e+09,1.228308e+02,1.775435e+09,1.012031e+02,2.268506e+09
53,monte carlo,1.026745e-11,3.396840e-01,1.084721e-09,1.108556e-09,3.185744e-13,2.058977e-11,3.480757e-01,8.727647e-10,9.699057e-10,5.179167e-13,2.009802e-11,3.844175e-01,8.305000e-10,7.737062e-10,5.015516e-13,1.017004e-11,3.475643e-01,8.222053e-10,2.868799e-10,3.101964e-13,4.864308e-08,4.407095e-01,1.246189e-13,7.218556e-10,7.079617e-08,5.196677e-01,1.801465e-13,8.173528e-10,4.596756e-08,3.651116e-01,1.595503e-13,6.187579e-10,-9.799864e-03,8.090913e-03,2.444230e-03,1.914416e-15,5.817368e-12,1.820971e-01,1.090909e-09,5.588642e-12,2.100693e-01,6.552287e-10,1.040255e+02,2.259206e+09,1.283971e+02,1.756554e+09,1.186580e+02,2.438173e+09
54,monte carlo,1.010826e-11,1.496343e-01,1.155172e-09,1.099523e-09,4.907771e-13,2.044463e-11,2.859644e-01,9.270489e-10,7.961631e-10,2.124439e-13,1.990536e-11,1.568142e-01,1.150039e-09,1.171484e-09,4.362941e-13,1.011865e-11,3.112403e-01,9.817112e-10,1.144091e-09,1.727654e-13,4.837746e-08,3.652168e-01,1.123508e-13,1.927759e-09,6.550777e-08,5.857303e-01,1.997136e-13,1.609835e-09,4.788492e-08,4.497829e-01,1.403793e-13,1.404552e-09,-9.960367e-03,6.985411e-03,-2.217651e-03,4.654610e-15,5.702540e-12,3.995053e-01,1.144389e-09,5.359611e-12,2.716318e-01,9.161069e-10,1.248428e+02,2.388112e+09,1.054062e+02,1.758888e+09,1.003384e+02,2.415232e+09
55,monte carlo,9.625494e-12,2.955486e-01,6.045658e-10,1.053432e-09,5.267932e-13,2.049484e-11,1.759665e-01,9.211069e-10,8.135624e-10,4.792207e-13,2.004936e-11,2.775568e-01,7.806228e-10,6.666927e-10,1.739167e-13,1.000801e-11,2.267022e-01,1.093856e-09,4.399572e-10,3.281173e-13,4.528996e-08,3.795598e-01,1.244702e-13,1.769194e-09,7.034141e-08,5.361886e-01,1.635877e-13,1.764981e-09,4.722462e-08,3.511354e-01,1.425608e-13,8.745461e-10,-7.806701e-03,9.662567e-03,1.398685e-03,4.078770e-15,5.729637e-12,1.380732e-01,7.814615e-10,5.480807e-12,3.242180e-01,8.757577e-10,1.124586e+02,2.318233e+09,1.236416e+02,1.911639e+09,1.267550e+02,2.186701e+09
56,monte carlo,1.006191e-11,3.371170e-01,6.820318e-10,1.107749e-09,1.705650e-13,2.045515e-11,1.568950e-01,8.770409e-10,1.172272e-09,4.756733e-13,2.010180e-11,1.452725e-01,1.133062e-09,1.298559e-09,2.625356e-13,9.593210e-12,2.046444e-01,9.112005e-10,3.661629e-10,4.968789e-13,4.905871e-08,3.725947e-01,1.514421e-13,1.482868e-09,6.872429e-08,5.132626e-01,1.576608e-13,6.348579e-10,4.723409e-08,3.770932e-01,1.060871e-13,1.366200e-09,9.261893e-03,1.708476e-04,-2.979050e-04,3.033254e-15,5.395824e-12,3.923345e-01,1.099917e-09,5.407445e-12,3.072216e-01,9.281493e-10,1.240939e+02,2.437148e+09,1.261949e+02,1.792570e+09,1.180533e+02,2.714634e+09
57,monte carlo,1.015291e-11,2.978788e-01,6.912788e-10,7.993224e-10,4.531685e-13,2.048741e-11,1.908247e-01,9.919926e-10,6.715005e-10,3.361665e-13,1.945901e-11,2.411220e-01,6.030707e-10,1.188868e-09,2.502472e-13,1.044993e-11,2.369502e-01,9.243851e-10,4.420434e-10,5.229153e-13,4.921067e-08,3.711292e-01,1.618642e-13,1.000001e-09,6.751190e-08,5.613969e-01,1.357724e-13,1.014621e-09,4.525620e-08,4.261332e-01,1.050573e-13,9.684973e-10,-6.009014e-03,9.201253e-03,-1.595342e-03,2.217837e-15,5.664267e-12,2.772476e-01,7.697348e-10,5.720313e-12,3.389136e-01,9.355827e-10,1.249699e+02,2.390728e+09,1.133396e+02,1.805175e+09,1.000930e+02,2.587079e+09
58,monte carlo,9.954299e-12,3.836416e-01,7.930962e-10,1.053269e-09,1.958351e-13,1.953170e-11,3.841490e-01,1.072260e-09,8.585158e-10,3.340885e-13,1.985963e-11,2.624283e-01,6.642283e-10,9.143973e-10,3.494371e-13,1.034114e-11,3.753389e-01,7.447957e-10,8.088596e-10,4.105072e-13,4.628034e-08,3.460135e-01,1.252741e-13,1.956716e-09,6.667423e-08,6.186237e-01,1.873860e-13,1.929119e-09,4.510483e-08,3.389695e-01,1.890515e-13,1.844962e-09,-2.074099e-04,-7.983823e-03,2.329716e-03,1.072808e-15,5.735248e-12,3.171194e-01,7.320892e-10,5.733351e-12,2.424323e-01,8.908451e-10,1.260592e+02,2.562268e+09,1.015787e+02,1.839292e+09,1.254104e+02,2.123978e+09
59,monte carlo,9.724650e-12,1.525337e-01,1.000514e-09,2.816376e-10,1.689079e-13,1.934578e-11,3.299013e-01,8.041446e-10,4.867552e-10,3.193523e-13,1.951981e-11,3.923545e-01,1.051013e-09,8.306762e-10,3.363425e-13,1.033231e-11,2.973733e-01,9.137586e-10,4.482853e-10,1.876224e-13,4.622471e-08,3.596668e-01,1.758246e-13,1.111527e-09,6.566143e-08,4.766818e-01,1.598424e-13,5.136131e-10,4.933805e-08,4.294905e-01,1.380374e-13,5.956211e-10,2.212042e-03,7.917284e-03,2.196771e-03,5.247742e-16,5.524354e-12,3.222932e-01,8.456445e-10,5.428580e-12,1.579339e-01,1.129505e-09,1.211281e+02,2.268974e+09,1.298234e+02,1.744405e+09,1.082679e+02,2.531373e+09
60,monte carlo,9.798168e-12,3.298998e-01,1.115284e-09,4.965225e-10,2.459943e-13,1.943035e-11,3.107383e-01,1.134915e-09,3.861014e-10,2.792404e-13,2.009753e-11,2.744889e-01,1.040397e-09,9.090713e-10,3.370454e-13,1.037436e-11,2.456855e-01,1.158764e-09,4.359183e-10,2.799817e-13,4.675994e-08,3.452116e-01,1.363374e-13,1.695051e-09,6.701653e-08,5.862384e-01,1.620422e-13,8.171081e-10,4.465614e-08,3.239886e-01,1.146897e-13,5.457235e-10,-4.220545e-04,9.158496e-04,-9.503258e-05,2.276629e-15,5.484326e-12,2.049534e-01,1.188048e-09,5.531946e-12,3.234081e-01,1.186762e-09,1.276614e+02,2.330578e+09,1.077405e+02,1.744662e+09,1.299040e+02,2.669877e+09
61,monte carlo,1.033979e-11,1.435326e-01,9.742361e-10,9.321009e-10,1.959742e-13,1.988846e-11,2.821396e-01,1.082106e-09,9.903988e-10,3.307103e-13,2.075013e-11,1.544862e-01,9.672771e-10,7.676464e-10,4.263616e-13,9.918315e-12,2.310871e-01,1.043767e-09,1.229799e-09,3.011712e-13,4.539552e-08,3.715134e-01,1.628487e-13,6.004652e-10,6.798824e-08,6.062271e-01,1.891139e-13,1.559994e-09,4.714554e-08,3.422845e-01,1.225896e-13,1.617157e-09,-3.888491e-03,3.097376e-03,1.332133e-03,1.923492e-15,5.723626e-12,2.336315e-01,1.155751e-09,5.467372e-12,1.549033e-01,7.645114e-10,1.151621e+02,2.366599e+09,1.056987e+02,1.839039e+09,1.298149e+02,2.470899e+09
62,monte carlo,1.031837e-11,2.412068e-01,6.443349e-10,8.061015e-10,4.996836e-13,1.903976e-11,3.957601e-01,8.096267e-10,6.213650e-10,2.532229e-13,2.060013e-11,2.661617e-01,1.167621e-09,1.252370e-09,4.637779e-13,9.894494e-12,3.088405e-01,1.028460e-09,4.366955e-10,4.537156e-13,4.574736e-08,3.627574e-01,1.653755e-13,1.387523e-09,7.105487e-08,6.472959e-01,1.767845e-13,1.484279e-09,4.921120e-08,3.678012e-01,1.189958e-13,1.243335e-09,-5.128002e-03,6.288889e-03,-7.482663e-04,4.409152e-15,5.769685e-12,2.640364e-01,6.457238e-10,5.473465e-12,3.019246e-01,1.040488e-09,1.188559e+02,2.524456e+09,1.034575e+02,1.739008e+09,1.261020e+02,2.288163e+09
63,monte carlo,1.014630e-11,3.391715e-01,1.022082e-09,9.635187e-10,4.723797e-13,1.929566e-11,3.866319e-01,9.906740e-10,6.754628e-10,3.723655e-13,2.084208e-11,2.285074e-01,7.782639e-10,4.935550e-10,3.509770e-13,1.021844e-11,3.899394e-01,6.718771e-10,1.159208e-09,4.320424e-13,4.712875e-08,3.830123e-01,1.416725e-13,1.148548e-09,6.988592e-08,5.185123e-01,2.084727e-13,1.952874e-09,4.489325e-08,3.881993e-01,1.992295e-13,1.124187e-09,5.936164e-03,-9.245743e-03,1.809995e-03,2.621134e-15,5.354583e-12,3.815987e-01,9.981293e-10,5.756517e-12,3.636913e-01,7.856814e-10,1.159697e+02,2.417367e+09,1.270287e+02,1.589346e+09,1.089927e+02,2.164816e+09
64,monte carlo,9.918980e-12,2.926624e-01,9.521912e-10,3.481847e-10,3.534999e-13,1.982477e-11,3.992398e-01,9.425457e-10,8.696396e-10,1.689214e-13,2.020332e-11,1.972691e-01,1.100274e-09,1.093087e-09,4.731118e-13,1.019595e-11,3.061103e-01,9.089158e-10,5.016928e-10,4.328633e-13,4.837735e-08,4.157491e-01,1.674954e-13,1.857796e-09,7.107484e-08,5.611080e-01,2.067408e-13,1.911429e-09,4.763765e-08,3.484044e-01,1.368966e-13,1.430091e-09,5.042510e-03,1.722661e-03,-2.437504e-03,3.116853e-15,5.790377e-12,3.490021e-01,7.853492e-10,5.549953e-12,2.526997e-01,8.246038e-10,1.096685e+02,2.252247e+09,1.193825e+02,1.581391e+09,1.288659e+02,2.480331e+09
65,monte carlo,1.038111e-11,1.706994e-01,8.899905e-10,9.563292e-10,4.927832e-13,1.906927e-11,2.245936e-01,9.813590e-10,3.985216e-10,4.445051e-13,2.086781e-11,1.802292e-01,7.537161e-10,6.945131e-10,3.198626e-13,1.044521e-11,1.681918e-01,1.161745e-09,9.280385e-10,3.883076e-13,4.651556e-08,3.759098e-01,1.371118e-13,1.919432e-09,6.978057e-08,5.911345e-01,1.621224e-13,5.840215e-10,4.465679e-08,3.864093e-01,1.443843e-13,1.906042e-09,4.662637e-04,9.647961e-03,-2.326350e-03,7.073858e-16,5.565104e-12,1.082222e-01,7.999807e-10,5.690828e-12,2.279753e-01,9.088678e-10,1.166234e+02,2.339621e+09,1.112549e+02,1.874750e+09,1.089208e+02,2.534317e+09
66,monte carlo,9.513198e-12,2.663593e-01,8.082125e-10,3.957731e-10,3.521114e-13,2.091642e-11,3.884289e-01,7.456254e-10,5.660025e-10,2.942587e-13,1.934296e-11,3.270831e-01,7.996341e-10,8.679636e-10,4.436329e-13,9.865141e-12,3.253896e-01,7.044227e-10,9.521413e-10,3.703311e-13,4.918313e-08,3.854045e-01,1.265001e-13,1.944791e-09,6.642390e-08,5.629287e-01,2.073135e-13,5.951269e-10,4.568213e-08,3.341398e-01,1.312987e-13,1.780267e-09,7.942143e-03,-5.668680e-03,2.403058e-04,1.875085e-15,5.487849e-12,3.863453e-01,1.001364e-09,5.554783e-12,2.503938e-01,9.009371e-10,1.202737e+02,2.647067e+09,1.112096e+02,1.697111e+09,1.288514e+02,2.426111e+09
67,monte carlo,1.010720e-11,2.253293e-01,8.651541e-10,8.771699e-10,2.354431e-13,2.035706e-11,2.032862e-01,1.142206e-09,1.006725e-09,3.934760e-13,2.043902e-11,2.460178e-01,8.430256e-10,4.286785e-10,2.865119e-13,9.651601e-12,2.359325e-01,7.857042e-10,1.222063e-09,3.366457e-13,4.737593e-08,3.549252e-01,1.402055e-13,1.632824e-09,6.743218e-08,5.820908e-01,1.377615e-13,1.949402e-09,4.646845e-08,4.180108e-01,1.523878e-13,1.196745e-09,-7.993914e-04,-9.851757e-03,-1.609773e-03,6.383899e-16,5.544921e-12,2.240646e-01,1.024608e-09,5.757772e-12,2.445711e-01,7.937382e-10,1.258033e+02,2.195020e+09,1.091811e+02,1.844299e+09,1.047712e+02,2.510110e+09
68,monte carlo,9.866614e-12,3.882731e-01,1.043363e-09,1.275416e-09,2.265573e-13,2.019165e-11,1.369543e-01,1.017853e-09,6.816117e-10,3.836708e-13,1.904249e-11,3.617038e-01,1.100499e-09,1.100598e-09,2.159033e-13,9.679772e-12,3.580006e-01,7.790914e-10,8.155505e-10,3.856053e-13,4.888919e-08,4.113222e-01,1.178806e-13,1.725656e-09,6.483520e-08,5.247847e-01,1.376949e-13,1.365826e-09,4.596539e-08,4.187823e-01,1.314428e-13,1.138486e-09,3.545984e-03,5.010881e-03,1.054311e-03,3.100409e-15,5.585723e-12,3.903819e-01,1.092451e-09,5.685039e-12,1.826636e-01,7.672829e-10,1.120216e+02,2.515983e+09,1.164396e+02,1.877025e+09,1.034460e+02,2.458875e+09
69,monte carlo,1.035957e-11,2.524969e-01,1.135613e-09,4.873644e-10,3.252957e-13,1.957877e-11,1.911834e-01,9.902331e-10,9.403928e-10,4.654086e-13,1.963312e-11,2.557074e-01,9.525325e-10,7.084475e-10,4.058190e-13,9.706815e-12,1.416197e-01,7.440758e-10,5.739669e-10,3.252897e-13,4.611679e-08,3.650333e-01,1.201832e-13,1.013189e-09,6.470428e-08,4.914307e-01,1.621487e-13,6.371071e-10,4.565514e-08,4.044983e-01,1.515845e-13,5.149495e-10,7.184165e-03,-5.940457e-03,4.295829e-04,1.680481e-15,5.490112e-12,2.580926e-01,7.018295e-10,5.757528e-12,2.597126e-01,7.050294e-10,1.190688e+02,2.579083e+09,1.240915e+02,1.851615e+09,1.063761e+02,2.477210e+09
70,monte carlo,1.038310e-11,1.647771e-01,8.494429e-10,7.720851e-10,4.988960e-13,1.975544e-11,3.844626e-01,8.560585e-10,9.734382e-10,3.005768e-13,1.999569e-11,1.890804e-01,7.861800e-10,6.335263e-10,2.976941e-13,1.045103e-11,1.888341e-01,8.262121e-10,7.937549e-10,3.024034e-13,4.709031e-08,4.140844e-01,1.421285e-13,8.577635e-10,6.690448e-08,5.949947e-01,2.128723e-13,1.898063e-09,4.806902e-08,3.705671e-01,1.216650e-13,1.695353e-09,6.036659e-03,9.586474e-03,1.670098e-03,1.462871e-15,5.571668e-12,1.429621e-01,1.072540e-09,5.477878e-12,2.715502e-01,8.157918e-10,1.071800e+02,2.583893e+09,1.059774e+02,1.668508e+09,1.222558e+02,2.354892e+09
71,monte carlo,9.685279e-12,1.918817e-01,9.939802e-10,9.424021e-10,4.704696e-13,2.064097e-11,1.026927e-01,8.800064e-10,7.960897e-10,2.436611e-13,2.011090e-11,2.458091e-01,6.181892e-10,7.639430e-10,2.252905e-13,9.680153e-12,3.005113e-01,7.683592e-10,7.535695e-10,3.218485e-13,4.638091e-08,3.697239e-01,1.506578e-13,1.438479e-09,6.671540e-08,6.028252e-01,2.133887e-13,7.293957e-10,4.797041e-08,3.652190e-01,1.527050e-13,1.351905e-09,-1.168943e-03,7.438033e-03,2.876264e-03,3.778249e-15,5.473073e-12,3.039756e-01,7.164336e-10,5.576327e-12,2.184248e-01,1.178581e-09,1.182314e+02,2.214147e+09,1.043052e+02,1.555613e+09,1.237916e+02,2.247673e+09
72,monte carlo,9.863219e-12,3.653970e-01,6.943848e-10,1.119254e-09,1.705586e-13,2.073018e-11,1.821425e-01,1.148629e-09,7.252675e-10,4.575751e-13,2.094602e-11,1.550403e-01,9.545147e-10,6.509890e-10,5.278794e-13,1.039186e-11,2.186787e-01,1.145807e-09,8.282673e-10,3.525473e-13,4.840728e-08,3.878037e-01,1.168054e-13,5.944140e-10,6.586166e-08,5.681614e-01,1.778972e-13,6.992982e-10,4.501407e-08,3.605898e-01,1.181562e-13,1.143017e-09,6.114869e-03,6.752747e-03,-2.182334e-03,2.131172e-15,5.541392e-12,2.832428e-01,7.484422e-10,5.703915e-12,2.841149e-01,9.763894e-10,1.176440e+02,2.679469e+09,1.092527e+02,1.645671e+09,1.176538e+02,2.416065e+09
73,monte carlo,9.917283e-12,3.750232e-01,7.913637e-10,1.074290e-09,1.808633e-13,1.964868e-11,2.474045e-01,9.332205e-10,1.010436e-09,2.236966e-13,2.038934e-11,1.411918e-01,1.024636e-09,4.451142e-10,4.882286e-13,9.971960e-12,3.681753e-01,7.915944e-10,9.388213e-10,3.709158e-13,4.554268e-08,3.396191e-01,1.355440e-13,6.797365e-10,6.624118e-08,5.584584e-01,1.334758e-13,1.381705e-09,4.763944e-08,3.988313e-01,1.437780e-13,1.009144e-09,-3.523668e-03,-7.552911e-03,-8.981835e-04,9.257254e-16,5.804784e-12,3.229185e-01,9.584417e-10,5.458110e-12,1.610434e-01,6.855592e-10,1.263856e+02,2.678691e+09,1.117914e+02,1.895904e+09,1.125767e+02,2.643205e+09
74,monte carlo,9.672203e-12,1.111660e-01,1.121996e-09,6.824854e-10,3.675730e-13,1.998448e-11,2.631808e-01,6.347646e-10,5.008908e-10,2.923857e-13,2.020953e-11,2.057478e-01,7.768031e-10,2.733988e-10,2.183638e-13,1.019931e-11,1.516656e-01,1.112264e-09,1.092269e-09,2.901628e-13,4.560212e-08,3.764118e-01,1.333649e-13,1.903301e-09,7.033996e-08,5.347245e-01,1.715493e-13,8.543013e-10,4.503700e-08,3.417836e-01,1.310707e-13,8.939688e-10,5.190664e-03,-5.071153e-03,-6.192868e-04,1.340777e-15,5.468551e-12,2.994470e-01,1.033548e-09,5.745640e-12,3.325628e-01,8.321652e-10,1.141808e+02,2.638005e+09,1.239776e+02,1.658652e+09,1.241908e+02,2.479185e+09
75,monte carlo,9.661253e-12,3.667849e-01,8.739259e-10,5.920821e-10,3.696166e-13,1.937224e-11,2.821760e-01,6.963051e-10,1.234293e-09,1.941545e-13,2.059130e-11,2.361408e-01,1.046751e-09,4.329523e-10,4.698138e-13,1.001935e-11,2.961459e-01,7.460592e-10,9.470596e-10,3.581423e-13,4.480725e-08,3.589783e-01,1.432859e-13,6.758237e-10,6.903898e-08,5.775367e-01,1.951060e-13,1.239070e-09,4.632072e-08,3.615199e-01,1.798563e-13,1.562472e-09,6.025068e-03,6.027369e-03,-2.113869e-04,9.650349e-16,5.470420e-12,1.540049e-01,1.046634e-09,5.374593e-12,1.426006e-01,9.472385e-10,1.176390e+02,2.236604e+09,1.126642e+02,1.595076e+09,1.207575e+02,2.315769e+09
76,monte carlo,9.915176e-12,1.293603e-01,1.195149e-09,6.388284e-10,3.913753e-13,2.012239e-11,3.412423e-01,1.025009e-09,3.865226e-10,4.375517e-13,2.092358e-11,3.277458e-01,8.516317e-10,1.137219e-09,5.261903e-13,1.039683e-11,3.170699e-01,9.044749e-10,1.210283e-09,4.125761e-13,4.531843e-08,3.371239e-01,1.390538e-13,6.656382e-10,7.087842e-08,6.018827e-01,1.792340e-13,6.130927e-10,4.553580e-08,3.726545e-01,1.202397e-13,1.656360e-09,6.512035e-03,-4.419776e-03,4.274900e-04,1.322194e-15,5.359918e-12,3.349939e-01,1.099110e-09,5.521756e-12,3.834021e-01,9.031627e-10,1.266941e+02,2.600140e+09,1.109873e+02,1.717861e+09,1.151643e+02,2.673567e+09
77,monte carlo,9.661499e-12,2.345341e-01,8.252172e-10,1.130891e-09,1.771533e-13,1.998888e-11,1.104580e-01,8.634125e-10,4.184033e-10,1.986418e-13,1.933012e-11,1.498243e-01,1.179558e-09,3.056529e-10,4.337285e-13,9.521283e-12,2.928870e-01,1.177723e-09,1.223350e-09,5.165094e-13,4.512185e-08,4.141775e-01,1.400075e-13,1.123499e-09,6.618818e-08,5.133874e-01,1.804739e-13,6.940982e-10,4.911590e-08,3.974263e-01,1.122207e-13,1.294769e-09,2.252478e-04,-7.363542e-03,2.240166e-03,2.470301e-15,5.513416e-12,1.080606e-01,7.198030e-10,5.715744e-12,3.116812e-01,6.007476e-10,1.026766e+02,2.495886e+09,1.215084e+02,1.604093e+09,1.164761e+02,2.416293e+09
78,monte carlo,9.843276e-12,1.453145e-01,1.043075e-09,9.339241e-10,3.164132e-13,2.064353e-11,1.642412e-01,6.006560e-10,4.676075e-10,5.231682e-13,1.923578e-11,3.476165e-01,1.148418e-09,5.594734e-10,2.339238e-13,9.856106e-12,2.333595e-01,1.023283e-09,8.578675e-10,4.911549e-13,4.588966e-08,3.872040e-01,1.131605e-13,9.289273e-10,6.584770e-08,5.743804e-01,2.040284e-13,1.030939e-09,4.907357e-08,3.996427e-01,1.300813e-13,8.228623e-10,-9.475400e-03,-7.230607e-03,9.324562e-04,1.300622e-15,5.474685e-12,1.715568e-01,8.056276e-10,5.378769e-12,3.151381e-01,9.696768e-10,1.116982e+02,2.439955e+09,1.080468e+02,1.626006e+09,1.157302e+02,2.443690e+09
79,monte carlo,1.004636e-11,3.778514e-01,1.098615e-09,3.017821e-10,2.865142e-13,1.984726e-11,1.744132e-01,9.003297e-10,5.670221e-10,4.950266e-13,2.023008e-11,3.849812e-01,7.957826e-10,1.232745e-09,4.420740e-13,9.554324e-12,1.176487e-01,1.176072e-09,3.256104e-10,2.661257e-13,4.643838e-08,4.322033e-01,1.317472e-13,1.657236e-09,6.770923e-08,5.232841e-01,1.717946e-13,1.013434e-09,4.627524e-08,3.371628e-01,1.686975e-13,1.176054e-09,8.919579e-03,-4.420336e-04,-2.891281e-03,4.951738e-15,5.522070e-12,3.534018e-01,1.134379e-09,5.617250e-12,2.450500e-01,7.832867e-10,1.012652e+02,2.585658e+09,1.219499e+02,1.818593e+09,1.293541e+02,2.203477e+09
80,monte carlo,1.020408e-11,3.080848e-01,7.029366e-10,8.978967e-10,4.950762e-13,2.093788e-11,3.878170e-01,6.356170e-10,8.737661e-10,4.616907e-13,1.925245e-11,2.687584e-01,8.210783e-10,1.243941e-09,2.201280e-13,9.933348e-12,1.605102e-01,1.011413e-09,1.295512e-09,4.335223e-13,4.672867e-08,3.463534e-01,1.654754e-13,8.755547e-10,6.844098e-08,5.441686e-01,2.067700e-13,5.854202e-10,4.740825e-08,3.865027e-01,1.793969e-13,1.098321e-09,7.650435e-03,4.521588e-03,1.909108e-03,1.782682e-15,5.588983e-12,1.539049e-01,1.063547e-09,5.621247e-12,2.270849e-01,1.173652e-09,1.271555e+02,2.509061e+09,1.185370e+02,1.629495e+09,1.156039e+02,2.291659e+09
81,monte carlo,1.047983e-11,2.597033e-01,1.107450e-09,8.035658e-10,3.640879e-13,2.062913e-11,1.789435e-01,8.066265e-10,5.285768e-10,4.519131e-13,2.036213e-11,3.638023e-01,6.336533e-10,4.792419e-10,5.141596e-13,9.601256e-12,1.857948e-01,1.011491e-09,2.955365e-10,2.331746e-13,4.663074e-08,3.696094e-01,1.233600e-13,1.055162e-09,6.991891e-08,5.073980e-01,1.425444e-13,1.707789e-09,4.527158e-08,3.733958e-01,1.377632e-13,1.608156e-09,-4.617031e-03,2.499638e-03,-1.237777e-03,1.974291e-15,5.397388e-12,3.517155e-01,9.829978e-10,5.609716e-12,1.331977e-01,6.799546e-10,1.189051e+02,2.578029e+09,1.298725e+02,1.836383e+09,1.142687e+02,2.364791e+09
82,monte carlo,1.037865e-11,2.850231e-01,6.372261e-10,5.004382e-10,4.803592e-13,2.053401e-11,2.190553e-01,6.149165e-10,4.446503e-10,3.997491e-13,2.025110e-11,1.016453e-01,6.217145e-10,5.701358e-10,4.409830e-13,9.760311e-12,3.419441e-01,8.687607e-10,1.052324e-09,4.200999e-13,4.917458e-08,4.398773e-01,1.212907e-13,6.035186e-10,6.712364e-08,5.646824e-01,1.846984e-13,1.835599e-09,4.708984e-08,3.457858e-01,1.524604e-13,1.296784e-09,-2.744071e-03,-5.396354e-03,2.091729e-03,3.102906e-15,5.575590e-12,2.774709e-01,6.464649e-10,5.541294e-12,3.820795e-01,1.089056e-09,1.053611e+02,2.410997e+09,1.120321e+02,1.669270e+09,1.283486e+02,2.613620e+09
83,monte carlo,9.949674e-12,1.906538e-01,1.161638e-09,1.010239e-09,5.169015e-13,1.904907e-11,1.643211e-01,8.304998e-10,8.250810e-10,5.253740e-13,2.078416e-11,1.317270e-01,1.072376e-09,4.057408e-10,5.286190e-13,1.007813e-11,2.451323e-01,6.229622e-10,1.168991e-09,4.771074e-13,4.836425e-08,4.193332e-01,1.803732e-13,1.512928e-09,6.843202e-08,5.061696e-01,1.870235e-13,6.311024e-10,4.663205e-08,3.496330e-01,1.294712e-13,8.758037e-10,7.267035e-03,4.805750e-03,3.090781e-04,1.156030e-15,5.499303e-12,1.163366e-01,8.424654e-10,5.359750e-12,3.197076e-01,7.537169e-10,1.087017e+02,2.280546e+09,1.274191e+02,1.836330e+09,1.257023e+02,2.288584e+09
84,monte carlo,1.027332e-11,2.681213e-01,1.166817e-09,2.735698e-10,4.304652e-13,1.986708e-11,3.312855e-01,8.717239e-10,5.538254e-10,2.209366e-13,1.912628e-11,2.637509e-01,6.823236e-10,5.615723e-10,1.960559e-13,9.853688e-12,1.062058e-01,8.602008e-10,9.585032e-10,2.751524e-13,4.761879e-08,4.137304e-01,1.556021e-13,1.200826e-09,7.054172e-08,5.319571e-01,1.948359e-13,1.707984e-09,4.872923e-08,3.821751e-01,1.639628e-13,1.844075e-09,9.417930e-03,5.664217e-03,-9.808268e-04,2.724736e-15,5.398577e-12,2.465650e-01,9.911576e-10,5.362844e-12,2.779397e-01,8.100599e-10,1.084756e+02,2.236405e+09,1.249800e+02,1.543594e+09,1.201706e+02,2.138405e+09
85,monte carlo,9.554928e-12,2.542820e-01,1.149382e-09,4.102625e-10,4.067261e-13,2.004916e-11,1.323522e-01,1.131759e-09,9.507218e-10,4.468588e-13,2.087100e-11,3.364055e-01,1.152291e-09,6.495247e-10,4.771591e-13,1.018538e-11,1.567504e-01,9.258440e-10,1.220075e-09,4.640416e-13,4.871067e-08,3.654196e-01,1.277335e-13,6.529254e-10,7.037299e-08,5.208402e-01,1.462689e-13,1.676072e-09,4.802542e-08,4.077551e-01,1.730757e-13,9.169645e-10,2.259554e-03,7.884397e-03,1.523993e-03,4.321508e-15,5.390583e-12,2.127165e-01,1.152492e-09,5.685689e-12,2.467980e-01,6.497102e-10,1.256329e+02,2.319053e+09,1.273423e+02,1.691322e+09,1.110051e+02,2.242808e+09
86,monte carlo,1.041597e-11,3.301807e-01,9.458596e-10,4.592276e-10,4.295338e-13,1.983350e-11,1.949784e-01,9.526739e-10,5.684558e-10,4.642442e-13,2.010951e-11,2.224096e-01,8.003502e-10,9.749413e-10,2.690575e-13,9.773999e-12,2.648655e-01,8.396314e-10,1.116937e-09,4.049227e-13,4.487628e-08,4.144789e-01,1.419970e-13,1.004347e-09,6.830301e-08,5.313704e-01,2.036990e-13,1.883921e-09,4.468105e-08,3.305076e-01,1.815023e-13,1.518231e-09,-6.376488e-03,7.232924e-04,2.547573e-03,1.826029e-15,5.423321e-12,3.317270e-01,7.881005e-10,5.780663e-12,1.359357e-01,1.050247e-09,1.020435e+02,2.706803e+09,1.211473e+02,1.504339e+09,1.274128e+02,2.187396e+09
87,monte carlo,9.832847e-12,1.205689e-01,9.257707e-10,1.248724e-09,3.409143e-13,1.906869e-11,3.141556e-01,1.170148e-09,1.134822e-09,4.117100e-13,2.087157e-11,1.159199e-01,9.991174e-10,7.274408e-10,2.472185e-13,9.951275e-12,3.974209e-01,1.131529e-09,1.186208e-09,1.781664e-13,4.855553e-08,3.764785e-01,1.739049e-13,1.422500e-09,6.725304e-08,5.026021e-01,1.703646e-13,1.403224e-09,4.707837e-08,3.938218e-01,1.189499e-13,5.890431e-10,-8.858406e-03,-2.345946e-03,2.604771e-03,1.842952e-15,5.733289e-12,1.322067e-01,1.050439e-09,5.725345e-12,1.714374e-01,9.884223e-10,1.215541e+02,2.202451e+09,1.261127e+02,1.748165e+09,1.126660e+02,2.332803e+09
88,monte carlo,9.684773e-12,2.180544e-01,7.997322e-10,6.369405e-10,5.216219e-13,1.907253e-11,3.268466e-01,1.124840e-09,9.716415e-10,2.404163e-13,2.070636e-11,3.627851e-01,8.419805e-10,7.551531e-10,4.291760e-13,9.851996e-12,1.662598e-01,6.500027e-10,4.408602e-10,5.092832e-13,4.485929e-08,4.125419e-01,1.260559e-13,1.825597e-09,7.034402e-08,6.482435e-01,1.586134e-13,1.480794e-09,4.901232e-08,4.023643e-01,1.468559e-13,5.419938e-10,7.309235e-03,-4.324489e-03,2.960226e-03,3.514599e-15,5.560795e-12,3.853928e-01,8.852904e-10,5.447840e-12,2.844406e-01,6.952180e-10,1.024839e+02,2.517947e+09,1.022728e+02,1.918307e+09,1.148040e+02,2.637608e+09
89,monte carlo,9.899079e-12,1.576925e-01,9.870986e-10,3.387859e-10,1.914635e-13,2.030216e-11,2.407030e-01,7.300493e-10,3.483439e-10,4.814004e-13,1.959374e-11,1.269401e-01,1.106071e-09,9.933031e-10,4.513677e-13,1.003022e-11,3.671393e-01,9.784383e-10,1.283110e-09,3.853396e-13,4.630980e-08,4.313863e-01,1.717835e-13,1.721062e-09,7.009211e-08,5.701889e-01,1.658737e-13,6.362421e-10,4.585149e-08,4.216476e-01,1.834747e-13,7.376083e-10,-4.429185e-03,1.533802e-03,2.635494e-04,6.656333e-16,5.484345e-12,1.905974e-01,8.360235e-10,5.700461e-12,2.391220e-01,9.493482e-10,1.011760e+02,2.323913e+09,1.158568e+02,1.917593e+09,1.024884e+02,2.191363e+09
90,monte carlo,1.010173e-11,2.648388e-01,8.069834e-10,1.000726e-09,2.673698e-13,2.082885e-11,3.725335e-01,8.910918e-10,4.086364e-10,3.165315e-13,2.075848e-11,1.700225e-01,9.807193e-10,7.958778e-10,4.058137e-13,9.660511e-12,2.828168e-01,8.420354e-10,9.373868e-10,3.274642e-13,4.578769e-08,4.059832e-01,1.675767e-13,1.608865e-09,6.893009e-08,6.166918e-01,2.089432e-13,1.351910e-09,4.689267e-08,4.352481e-01,1.638586e-13,1.925134e-09,5.766012e-03,-5.380781e-04,-2.525406e-03,4.717666e-15,5.672727e-12,3.187473e-01,9.604527e-10,5.738177e-12,2.422864e-01,9.779377e-10,1.062947e+02,2.466540e+09,1.053445e+02,1.555872e+09,1.015405e+02,2.433745e+09
91,monte carlo,9.625281e-12,1.343504e-01,6.980411e-10,1.273982e-09,4.820213e-13,1.964439e-11,2.270679e-01,8.359051e-10,4.766089e-10,3.765807e-13,1.995487e-11,2.704984e-01,7.378745e-10,6.046551e-10,4.703038e-13,9.755564e-12,1.145429e-01,7.287240e-10,9.730368e-10,4.687227e-13,4.879919e-08,4.458759e-01,1.406226e-13,5.613104e-10,7.102784e-08,5.859842e-01,1.744820e-13,1.493200e-09,4.720455e-08,3.441590e-01,1.434425e-13,7.629459e-10,-4.240324e-03,-2.065560e-03,-2.347231e-03,1.301439e-15,5.527353e-12,1.691139e-01,9.268028e-10,5.681699e-12,2.641198e-01,1.195269e-09,1.031501e+02,2.520694e+09,1.142389e+02,1.660431e+09,1.292695e+02,2.646067e+09
92,monte carlo,1.037930e-11,3.289793e-01,9.796919e-10,7.096459e-10,2.739813e-13,2.037259e-11,3.485554e-01,7.097647e-10,1.246416e-09,4.187854e-13,1.943677e-11,2.939486e-01,9.224293e-10,1.133579e-09,1.837117e-13,1.042641e-11,3.191888e-01,6.158926e-10,2.808626e-10,1.711990e-13,4.481470e-08,4.052104e-01,1.209933e-13,1.746429e-09,6.460237e-08,5.347692e-01,2.262180e-13,1.333261e-09,4.725680e-08,4.196730e-01,1.687475e-13,8.413451e-10,-6.820426e-03,4.353881e-03,1.291408e-03,3.972257e-15,5.496927e-12,3.350888e-01,8.620893e-10,5.377344e-12,1.955730e-01,1.009233e-09,1.042344e+02,2.636041e+09,1.138553e+02,1.512881e+09,1.061266e+02,2.257234e+09
93,monte carlo,1.022259e-11,3.775167e-01,1.145232e-09,3.464550e-10,3.817601e-13,1.927527e-11,3.399156e-01,7.157241e-10,9.545080e-10,3.638313e-13,1.956926e-11,2.301436e-01,7.634652e-10,4.422575e-10,5.207401e-13,1.028381e-11,3.848552e-01,6.465711e-10,1.133364e-09,2.225717e-13,4.777975e-08,3.962598e-01,1.954325e-13,1.428477e-09,6.726988e-08,5.337159e-01,1.656964e-13,1.342097e-09,4.747095e-08,3.576241e-01,1.416990e-13,1.599359e-09,-5.218734e-03,8.569261e-05,-1.545320e-03,4.503704e-15,5.630763e-12,1.480617e-01,1.078274e-09,5.398952e-12,3.899440e-01,6.140367e-10,1.136410e+02,2.124412e+09,1.187905e+02,1.742886e+09,1.251043e+02,2.313898e+09
94,monte carlo,9.809088e-12,2.441231e-01,1.165088e-09,4.600806e-10,4.987057e-13,1.906786e-11,1.402533e-01,1.173496e-09,1.198938e-09,2.443490e-13,1.920311e-11,1.684344e-01,7.594904e-10,9.948676e-10,2.029512e-13,1.023672e-11,1.274157e-01,7.156643e-10,1.088586e-09,2.423668e-13,4.903211e-08,3.722429e-01,9.630959e-14,1.812343e-09,6.597001e-08,5.055307e-01,1.937270e-13,6.730926e-10,4.502679e-08,3.310691e-01,1.457404e-13,1.910921e-09,-4.979871e-03,-2.029131e-04,-7.375521e-04,1.928966e-15,5.611286e-12,3.267149e-01,1.025555e-09,5.464448e-12,1.128313e-01,9.826797e-10,1.241438e+02,2.690176e+09,1.229901e+02,1.595277e+09,1.281809e+02,2.676309e+09
95,monte carlo,1.039019e-11,1.332035e-01,6.901797e-10,3.629859e-10,2.700803e-13,2.009558e-11,3.945107e-01,1.168096e-09,6.201261e-10,3.889108e-13,1.954678e-11,1.375730e-01,9.469051e-10,3.115536e-10,3.789824e-13,1.014871e-11,2.007455e-01,1.193480e-09,1.170765e-09,4.505075e-13,4.795382e-08,3.996303e-01,1.323397e-13,5.241576e-10,6.873951e-08,5.260941e-01,1.891865e-13,1.484123e-09,4.499132e-08,3.669615e-01,1.951879e-13,1.966534e-09,-5.851041e-03,9.210341e-04,-1.298403e-03,2.350956e-15,5.679178e-12,3.052389e-01,7.483257e-10,5.523746e-12,2.629542e-01,7.774850e-10,1.130931e+02,2.280212e+09,1.231443e+02,1.736583e+09,1.155525e+02,2.201811e+09
96,monte carlo,1.025792e-11,3.255067e-01,8.037918e-10,9.400849e-10,3.954125e-13,2.063906e-11,3.498412e-01,1.159054e-09,1.085057e-09,2.182444e-13,2.062079e-11,3.998346e-01,6.142063e-10,1.225487e-09,4.663450e-13,9.684447e-12,3.808341e-01,7.626418e-10,4.621074e-10,3.419158e-13,4.731417e-08,3.464236e-01,1.416739e-13,6.253321e-10,6.960311e-08,6.518831e-01,1.624551e-13,8.941106e-10,4.596928e-08,3.339329e-01,1.191827e-13,9.004150e-10,-1.615156e-03,-5.025234e-03,-2.336928e-03,3.308128e-15,5.552746e-12,2.803435e-01,6.791284e-10,5.373989e-12,2.494533e-01,7.236636e-10,1.287226e+02,2.234280e+09,1.006306e+02,1.886516e+09,1.297417e+02,2.435689e+09
97,monte carlo,9.873389e-12,2.229956e-01,9.289506e-10,1.242762e-09,3.572516e-13,1.961166e-11,3.114507e-01,1.078725e-09,3.176891e-10,2.113992e-13,1.958035e-11,2.678857e-01,1.179629e-09,6.833328e-10,4.008791e-13,9.959160e-12,3.256880e-01,9.679990e-10,9.113677e-10,3.607037e-13,4.634162e-08,3.858595e-01,1.491201e-13,1.231613e-09,7.116087e-08,6.388771e-01,1.803262e-13,1.957034e-09,4.771955e-08,3.471964e-01,1.288292e-13,5.581396e-10,2.902178e-03,-4.045409e-03,-2.943606e-04,4.356062e-15,5.473911e-12,3.502518e-01,9.140772e-10,5.553717e-12,2.894878e-01,8.655566e-10,1.131913e+02,2.682598e+09,1.049772e+02,1.791932e+09,1.295365e+02,2.666655e+09
98,monte carlo,1.028957e-11,3.160317e-01,6.062514e-10,4.909455e-10,4.829167e-13,1.948242e-11,1.779588e-01,1.059823e-09,8.969225e-10,3.063719e-13,2.083461e-11,2.182495e-01,8.996012e-10,1.146256e-09,4.623797e-13,9.828066e-12,2.971143e-01,6.533636e-10,4.217030e-10,2.709600e-13,4.555300e-08,4.249479e-01,1.149163e-13,6.320085e-10,6.674730e-08,6.172840e-01,1.954793e-13,1.520938e-09,4.542001e-08,3.544420e-01,1.051715e-13,1.593040e-09,6.440325e-03,-3.505024e-03,-2.554363e-03,4.866800e-15,5.702917e-12,2.709492e-01,6.404493e-10,5.691196e-12,3.329558e-01,7.682583e-10,1.010305e+02,2.605310e+09,1.019107e+02,1.512565e+09,1.207739e+02,2.723703e+09
99,monte carlo,1.008229e-11,2.695961e-01,9.797504e-10,9.389926e-10,5.078322e-13,2.015428e-11,1.285570e-01,7.087072e-10,5.918432e-10,2.711658e-13,1.938757e-11,2.251571e-01,7.847704e-10,4.491922e-10,3.557717e-13,9.524213e-12,3.961922e-01,6.199308e-10,4.623689e-10,2.835635e-13,4.723506e-08,3.688671e-01,1.230535e-13,1.842286e-09,7.056043e-08,5.476703e-01,1.662597e-13,1.030096e-09,4.474404e-08,3.261198e-01,1.753697e-13,9.157890e-10,-2.148070e-03,3.686265e-03,1.228845e-03,1.757386e-15,5.454630e-12,1.645087e-01,6.099412e-10,5.582226e-12,3.270815e-01,1.143823e-09,1.206884e+02,2.496586e+09,1.214264e+02,1.913677e+09,1.293091e+02,2.330155e+09
100,monte carlo,9.724215e-12,3.149851e-01,7.384281e-10,1.259407e-09,2.748429e-13,1.979566e-11,1.815424e-01,9.976433e-10,6.143551e-10,2.969317e-13,2.045919e-11,1.118913e-01,7.573795e-10,1.119935e-09,3.945497e-13,9.931710e-12,1.665635e-01,8.563440e-10,1.180127e-09,2.659763e-13,4.579587e-08,4.256300e-01,1.568630e-13,1.089985e-09,6.473404e-08,5.165061e-01,1.968402e-13,7.060151e-10,4.491895e-08,3.989489e-01,1.635501e-13,1.096398e-09,-6.387914e-03,3.260197e-03,1.743839e-04,1.998677e-15,5.558691e-12,2.911710e-01,1.098047e-09,5.725894e-12,2.800208e-01,7.016923e-10,1.014064e+02,2.487949e+09,1.181213e+02,1.693928e+09,1.061166e+02,2.196126e+09
101,monte carlo,1.008176e-11,1.116497e-01,6.366897e-10,9.323137e-10,3.217086e-13,1.929652e-11,3.318314e-01,7.149157e-10,7.608916e-10,2.246325e-13,1.910031e-11,1.013648e-01,1.000194e-09,5.304185e-10,3.774059e-13,9.775117e-12,3.587815e-01,1.063462e-09,6.852076e-10,4.442142e-13,4.883996e-08,3.993180e-01,1.540342e-13,9.102966e-10,6.991381e-08,6.107118e-01,1.618811e-13,1.491254e-09,4.792950e-08,4.383639e-01,1.135438e-13,9.265402e-10,-2.822052e-03,-5.415152e-03,-1.976513e-03,3.003309e-15,5.679716e-12,1.765184e-01,9.967652e-10,5.744438e-12,1.119879e-01,8.349767e-10,1.152730e+02,2.465819e+09,1.078941e+02,1.721603e+09,1.030479e+02,2.669690e+09
102,monte carlo,1.002568e-11,1.366927e-01,8.871897e-10,8.866157e-10,2.349086e-13,1.974923e-11,3.588957e-01,1.007759e-09,5.918343e-10,4.109101e-13,1.989758e-11,2.817013e-01,6.102590e-10,1.079951e-09,4.281114e-13,1.039624e-11,3.028988e-01,1.150516e-09,1.255484e-09,3.834144e-13,4.631479e-08,3.755317e-01,1.284742e-13,1.840380e-09,7.029971e-08,6.529883e-01,1.351230e-13,1.138497e-09,4.719789e-08,3.713908e-01,1.969013e-13,1.872629e-09,-4.716109e-03,2.938794e-03,6.743370e-04,3.143154e-15,5.812935e-12,2.433527e-01,9.041888e-10,5.746348e-12,2.695478e-01,8.450381e-10,1.162369e+02,2.359392e+09,1.014657e+02,1.812711e+09,1.197740e+02,2.103290e+09
103,monte carlo,9.618351e-12,2.043733e-01,7.938594e-10,7.914617e-10,3.487401e-13,2.062771e-11,2.640632e-01,7.302576e-10,1.272425e-09,2.602536e-13,2.015475e-11,1.403351e-01,9.470107e-10,9.114270e-10,2.435307e-13,1.030250e-11,2.623352e-01,9.982809e-10,7.198795e-10,2.981897e-13,4.918617e-08,4.273927e-01,1.720539e-13,6.478598e-10,6.545900e-08,5.440202e-01,1.430463e-13,7.106012e-10,4.816971e-08,4.047393e-01,1.680311e-13,1.468821e-09,-5.621384e-05,-3.688191e-03,1.759962e-03,2.707755e-15,5.358893e-12,2.311294e-01,7.299529e-10,5.553089e-12,2.708877e-01,9.726984e-10,1.084644e+02,2.104519e+09,1.134032e+02,1.942317e+09,1.121682e+02,2.356355e+09
104,monte carlo,1.009912e-11,3.431698e-01,1.149303e-09,1.003983e-09,2.172283e-13,1.938686e-11,1.114629e-01,7.719443e-10,1.224216e-09,3.655914e-13,2.039245e-11,3.259193e-01,1.130909e-09,1.032689e-09,2.763832e-13,1.042037e-11,1.307754e-01,1.154093e-09,1.188197e-09,4.213097e-13,4.692286e-08,3.756220e-01,1.558785e-13,1.638088e-09,6.937690e-08,6.466971e-01,1.450030e-13,1.940439e-09,4.744649e-08,3.448631e-01,1.372280e-13,6.759271e-10,6.426744e-03,8.716578e-03,-3.625012e-04,2.285191e-15,5.525755e-12,3.844399e-01,9.590644e-10,5.458389e-12,3.797223e-01,9.845992e-10,1.177347e+02,2.111697e+09,1.011079e+02,1.826920e+09,1.296667e+02,2.492511e+09
105,monte carlo,9.678566e-12,3.808507e-01,6.777004e-10,9.055153e-10,4.496109e-13,1.960115e-11,3.096941e-01,6.293626e-10,9.787770e-10,3.409967e-13,1.904245e-11,1.907145e-01,1.098001e-09,5.231369e-10,4.343034e-13,9.536846e-12,3.410196e-01,9.843152e-10,1.074063e-09,5.071129e-13,4.863368e-08,4.141430e-01,1.301401e-13,1.295490e-09,7.036509e-08,5.821431e-01,1.503659e-13,8.944996e-10,4.859154e-08,3.893327e-01,1.618040e-13,1.199177e-09,-8.506826e-04,5.343326e-03,2.296938e-04,4.492441e-15,5.607307e-12,2.801182e-01,1.036345e-09,5.749390e-12,2.157030e-01,1.063651e-09,1.106771e+02,2.550762e+09,1.139196e+02,1.914493e+09,1.176281e+02,2.449146e+09
106,monte carlo,1.007365e-11,2.452749e-01,1.016647e-09,8.142653e-10,4.275711e-13,2.072460e-11,1.595682e-01,8.133137e-10,3.730710e-10,4.380664e-13,1.996903e-11,3.956947e-01,8.498047e-10,3.670625e-10,3.732526e-13,9.637178e-12,2.951044e-01,1.146102e-09,1.127171e-09,2.588047e-13,4.741736e-08,3.497476e-01,1.674650e-13,1.523554e-09,6.786546e-08,6.070231e-01,1.337122e-13,1.496187e-09,4.871738e-08,3.533924e-01,1.224862e-13,1.198391e-09,-4.690338e-03,3.445207e-04,-5.514827e-04,2.203297e-15,5.613965e-12,1.066270e-01,6.211780e-10,5.678789e-12,2.618802e-01,9.896069e-10,1.277773e+02,2.286544e+09,1.053694e+02,1.829463e+09,1.299266e+02,2.534115e+09
107,monte carlo,9.534477e-12,3.654967e-01,1.191252e-09,3.814554e-10,4.080536e-13,1.988269e-11,2.241012e-01,6.966412e-10,1.063989e-09,2.619744e-13,2.029853e-11,2.747908e-01,9.081247e-10,4.294813e-10,4.889694e-13,1.021005e-11,2.412388e-01,1.168529e-09,1.177753e-09,3.431286e-13,4.565381e-08,3.693391e-01,1.256673e-13,1.646439e-09,6.886011e-08,6.469586e-01,1.757571e-13,1.198701e-09,4.693635e-08,4.192203e-01,1.517898e-13,1.225499e-09,2.437583e-03,-4.169567e-03,-7.611465e-04,1.717351e-15,5.741203e-12,3.766881e-01,1.078487e-09,5.631526e-12,2.334605e-01,7.053971e-10,1.164992e+02,2.365901e+09,1.003142e+02,1.628249e+09,1.055208e+02,2.240384e+09
108,monte carlo,9.521290e-12,1.458285e-01,7.842690e-10,1.179097e-09,2.639035e-13,1.970003e-11,1.153326e-01,8.347817e-10,4.124247e-10,2.362228e-13,2.057788e-11,1.396439e-01,1.100201e-09,9.849347e-10,4.959186e-13,9.809075e-12,3.810900e-01,6.760993e-10,6.350573e-10,4.017168e-13,4.642959e-08,4.215719e-01,1.702510e-13,7.889844e-10,6.974998e-08,6.482426e-01,1.787614e-13,8.485917e-10,4.640581e-08,3.812970e-01,1.628539e-13,1.237451e-09,3.744791e-03,-4.095806e-03,9.613405e-04,1.585950e-15,5.354806e-12,2.818849e-01,7.677369e-10,5.673757e-12,2.393071e-01,1.024597e-09,1.037993e+02,2.437152e+09,1.014093e+02,1.542889e+09,1.147044e+02,2.472985e+09
109,monte carlo,9.826134e-12,1.385565e-01,9.409542e-10,8.401036e-10,3.945581e-13,1.986928e-11,1.275134e-01,1.109075e-09,4.737699e-10,1.758680e-13,2.011849e-11,2.063058e-01,1.032469e-09,3.388045e-10,2.249612e-13,1.048866e-11,2.814833e-01,6.434155e-10,4.239691e-10,2.200821e-13,4.640729e-08,4.101010e-01,1.125707e-13,7.148574e-10,7.073182e-08,6.350255e-01,1.288540e-13,6.058937e-10,4.659637e-08,4.092807e-01,1.482311e-13,1.234903e-09,8.804821e-03,6.478378e-03,-1.805672e-03,1.888454e-15,5.783423e-12,2.904659e-01,8.923612e-10,5.464456e-12,3.983690e-01,8.672017e-10,1.066514e+02,2.673773e+09,1.049772e+02,1.934299e+09,1.073006e+02,2.489276e+09
110,monte carlo,1.032342e-11,1.055019e-01,1.014245e-09,6.405936e-10,2.130076e-13,2.052317e-11,3.725171e-01,7.585827e-10,8.230715e-10,4.735721e-13,2.090965e-11,2.840919e-01,1.026052e-09,3.481934e-10,5.244345e-13,9.600845e-12,2.670802e-01,7.927073e-10,1.152406e-09,2.947381e-13,4.489649e-08,3.528205e-01,1.830745e-13,1.914920e-09,6.546923e-08,5.172600e-01,1.765817e-13,1.210197e-09,4.591649e-08,3.414746e-01,1.870367e-13,1.579420e-09,-8.062674e-03,8.432539e-03,-7.740193e-04,4.914926e-15,5.800764e-12,3.180808e-01,1.097713e-09,5.451422e-12,1.319702e-01,9.286670e-10,1.199305e+02,2.153046e+09,1.192887e+02,1.655315e+09,1.267306e+02,2.114861e+09
111,monte carlo,9.745252e-12,1.465998e-01,7.596980e-10,8.377130e-10,2.284588e-13,1.957915e-11,1.039870e-01,7.317352e-10,4.442021e-10,2.791344e-13,2.031665e-11,2.960907e-01,8.177441e-10,5.246693e-10,1.867263e-13,9.936740e-12,2.512589e-01,9.856027e-10,1.150658e-09,2.222764e-13,4.658613e-08,4.042788e-01,1.496061e-13,8.855962e-10,6.541159e-08,5.421030e-01,1.573675e-13,1.129210e-09,4.519109e-08,3.814971e-01,1.195190e-13,1.462523e-09,4.834300e-03,6.377485e-03,-2.596513e-03,3.898656e-15,5.643250e-12,3.301867e-01,1.146011e-09,5.538410e-12,3.906530e-01,8.879028e-10,1.086042e+02,2.332330e+09,1.137219e+02,1.779241e+09,1.116433e+02,2.627883e+09
112,monte carlo,9.622090e-12,3.032116e-01,9.871251e-10,1.108097e-09,4.481845e-13,2.031998e-11,1.321472e-01,6.147800e-10,1.271272e-09,4.494527e-13,2.026605e-11,2.708381e-01,7.062077e-10,7.099664e-10,1.846697e-13,9.690213e-12,2.728672e-01,1.033037e-09,6.845846e-10,2.492103e-13,4.927614e-08,4.103527e-01,1.164707e-13,1.481541e-09,6.565894e-08,5.029866e-01,1.671338e-13,5.353007e-10,4.551614e-08,3.393968e-01,1.612998e-13,8.218695e-10,7.411648e-03,-3.296660e-03,-6.089799e-04,3.592772e-15,5.814812e-12,2.385887e-01,7.768241e-10,5.476487e-12,2.990971e-01,8.858329e-10,1.131750e+02,2.662650e+09,1.230293e+02,1.782986e+09,1.263947e+02,2.499272e+09
113,monte carlo,1.024968e-11,3.927924e-01,1.132786e-09,4.859054e-10,4.374554e-13,2.080097e-11,1.293965e-01,7.304210e-10,9.237767e-10,2.265823e-13,1.956395e-11,3.964301e-01,6.113642e-10,9.331317e-10,2.997624e-13,9.743698e-12,1.639541e-01,1.171876e-09,3.221883e-10,5.041623e-13,4.719862e-08,3.591740e-01,1.131484e-13,6.492656e-10,7.031930e-08,5.262122e-01,2.121744e-13,1.925471e-09,4.823385e-08,4.280568e-01,1.012868e-13,5.155133e-10,2.225571e-03,9.409456e-03,2.324358e-03,4.269750e-15,5.621086e-12,3.937502e-01,8.024381e-10,5.515944e-12,1.370518e-01,1.095193e-09,1.238499e+02,2.600516e+09,1.259461e+02,1.501663e+09,1.061993e+02,2.639318e+09
114,monte carlo,1.035855e-11,2.181664e-01,7.911051e-10,5.922567e-10,3.717632e-13,2.067893e-11,2.909260e-01,9.084877e-10,1.136040e-09,3.463388e-13,2.012518e-11,3.349510e-01,9.787696e-10,4.125830e-10,3.800764e-13,1.018512e-11,1.157817e-01,1.134003e-09,1.295866e-09,4.639320e-13,4.719722e-08,3.522768e-01,1.652136e-13,1.368801e-09,6.616408e-08,5.146927e-01,2.335250e-13,1.156930e-09,4.816605e-08,3.978114e-01,1.434656e-13,1.718309e-09,6.541419e-03,-8.386861e-03,1.020101e-03,3.965278e-15,5.602124e-12,1.606387e-01,8.542505e-10,5.849592e-12,3.260466e-01,1.173071e-09,1.262710e+02,2.353709e+09,1.211561e+02,1.561090e+09,1.141129e+02,2.117565e+09
115,monte carlo,1.003657e-11,1.924251e-01,1.164625e-09,8.024025e-10,3.912330e-13,1.925778e-11,2.413389e-01,7.061355e-10,5.109365e-10,4.102428e-13,2.058913e-11,2.183203e-01,6.416557e-10,8.830549e-10,1.868255e-13,9.818011e-12,1.096599e-01,9.187784e-10,1.096729e-09,2.964021e-13,4.891919e-08,4.307794e-01,1.711351e-13,5.561312e-10,7.107721e-08,6.036817e-01,1.530770e-13,1.789201e-09,4.739199e-08,3.453064e-01,1.298868e-13,1.729615e-09,-1.857771e-03,1.665115e-03,-1.831125e-03,7.178282e-16,5.405583e-12,1.375681e-01,1.060163e-09,5.408881e-12,2.116451e-01,9.820423e-10,1.070275e+02,2.106788e+09,1.109669e+02,1.706668e+09,1.293515e+02,2.509489e+09
116,monte carlo,1.048205e-11,2.628215e-01,7.652312e-10,7.203322e-10,4.894762e-13,1.912246e-11,3.741704e-01,7.685729e-10,3.230947e-10,4.125314e-13,2.087773e-11,2.144980e-01,9.287837e-10,4.893481e-10,2.989811e-13,1.040355e-11,3.336431e-01,7.239893e-10,5.046949e-10,1.844812e-13,4.785366e-08,4.320268e-01,1.410589e-13,6.286411e-10,6.799449e-08,5.795824e-01,1.378947e-13,1.101167e-09,4.743368e-08,3.474536e-01,1.430704e-13,1.969001e-09,2.426571e-04,-6.849271e-03,-1.498397e-03,7.532125e-16,5.436280e-12,3.508822e-01,8.656477e-10,5.510524e-12,3.754877e-01,8.752163e-10,1.043940e+02,2.221759e+09,1.105680e+02,1.911585e+09,1.286652e+02,2.255557e+09
117,monte carlo,9.939121e-12,2.527850e-01,6.701840e-10,7.719245e-10,3.393116e-13,1.969793e-11,1.913284e-01,6.397512e-10,9.536693e-10,2.409381e-13,2.052679e-11,3.892987e-01,9.767024e-10,1.191934e-09,3.357533e-13,9.854280e-12,3.305855e-01,6.257629e-10,9.290826e-10,2.451622e-13,4.872391e-08,3.787051e-01,1.110161e-13,1.303551e-09,7.120284e-08,6.191978e-01,1.501845e-13,1.604770e-09,4.924917e-08,4.007090e-01,1.365346e-13,1.600200e-09,-9.449552e-03,1.002901e-03,-2.761823e-03,6.216733e-16,5.847204e-12,3.982112e-01,7.011755e-10,5.614645e-12,2.492646e-01,7.168945e-10,1.212585e+02,2.423142e+09,1.083775e+02,1.870726e+09,1.158353e+02,2.538537e+09
118,monte carlo,1.005051e-11,1.641410e-01,6.379862e-10,8.961184e-10,4.544222e-13,2.039530e-11,2.124460e-01,6.609530e-10,4.258778e-10,2.955174e-13,2.078510e-11,3.339770e-01,8.980868e-10,4.578548e-10,2.083015e-13,9.920134e-12,1.484302e-01,6.789516e-10,1.229805e-09,1.862088e-13,4.512357e-08,3.343070e-01,1.910762e-13,1.800529e-09,6.802413e-08,5.995621e-01,1.761271e-13,1.439410e-09,4.627951e-08,3.902981e-01,1.270217e-13,6.386770e-10,-7.402010e-04,3.259969e-03,-6.697798e-04,9.508483e-16,5.668389e-12,2.087710e-01,1.001153e-09,5.545216e-12,1.276856e-01,1.104924e-09,1.272123e+02,2.240022e+09,1.069301e+02,1.544846e+09,1.117541e+02,2.591032e+09
119,monte carlo,1.023184e-11,3.864924e-01,8.003128e-10,8.553341e-10,2.062607e-13,1.916682e-11,2.706869e-01,6.967242e-10,3.193758e-10,1.712309e-13,2.019995e-11,3.383148e-01,1.016943e-09,5.273464e-10,2.472312e-13,9.620582e-12,3.501941e-01,8.430833e-10,1.068625e-09,5.230523e-13,4.466238e-08,3.346917e-01,1.608278e-13,1.030580e-09,6.890423e-08,5.881105e-01,1.963306e-13,6.169327e-10,4.523184e-08,3.589312e-01,1.686750e-13,1.120948e-09,-6.630268e-03,7.177905e-03,1.520319e-03,4.949766e-15,5.455668e-12,2.648419e-01,1.184620e-09,5.463092e-12,3.566238e-01,7.926315e-10,1.257674e+02,2.497841e+09,1.104226e+02,1.713119e+09,1.187693e+02,2.253954e+09
120,monte carlo,1.035829e-11,1.477694e-01,8.676150e-10,5.410510e-10,3.081861e-13,2.050607e-11,1.544614e-01,1.184561e-09,8.999671e-10,4.966695e-13,2.001440e-11,1.139652e-01,6.227345e-10,1.248176e-09,3.434622e-13,9.782742e-12,1.192777e-01,9.147188e-10,6.601780e-10,1.818136e-13,4.554654e-08,3.524881e-01,1.236805e-13,1.944447e-09,6.869576e-08,5.725422e-01,1.730598e-13,1.719726e-09,4.781587e-08,3.920280e-01,1.693114e-13,1.869863e-09,-5.027592e-03,9.286752e-03,-2.038915e-03,1.289791e-15,5.743542e-12,3.935036e-01,9.121534e-10,5.478193e-12,1.490545e-01,8.051303e-10,1.217817e+02,2.342119e+09,1.130820e+02,1.556552e+09,1.149545e+02,2.199428e+09
121,monte carlo,9.740797e-12,2.641742e-01,1.059013e-09,1.164626e-09,3.830810e-13,1.966921e-11,3.850608e-01,7.213203e-10,3.533651e-10,2.439454e-13,1.902712e-11,1.634575e-01,6.401270e-10,3.038632e-10,4.160222e-13,9.837711e-12,3.218050e-01,9.573962e-10,4.947171e-10,2.351270e-13,4.507993e-08,3.947501e-01,1.534271e-13,8.507199e-10,7.013060e-08,5.575085e-01,1.552286e-13,1.008741e-09,4.531282e-08,3.879947e-01,1.680410e-13,1.521005e-09,-4.944213e-03,6.338320e-03,1.965639e-03,6.839412e-16,5.749502e-12,1.610315e-01,6.833751e-10,5.648299e-12,2.110574e-01,6.546584e-10,1.076297e+02,2.354110e+09,1.185570e+02,1.716673e+09,1.100694e+02,2.511651e+09
122,monte carlo,9.654868e-12,1.505739e-01,8.100753e-10,1.217810e-09,3.906479e-13,2.017795e-11,2.251237e-01,7.218338e-10,8.963820e-10,2.767288e-13,2.050725e-11,2.771870e-01,1.034230e-09,9.723110e-10,4.778786e-13,9.998010e-12,3.980489e-01,8.310269e-10,5.329246e-10,3.659117e-13,4.898105e-08,3.772488e-01,1.472636e-13,1.082266e-09,6.705495e-08,5.566676e-01,1.774705e-13,6.164517e-10,4.918691e-08,4.283096e-01,1.081304e-13,1.806142e-09,6.976348e-03,-5.322167e-03,-3.202914e-04,2.180132e-15,5.444717e-12,1.736681e-01,7.989901e-10,5.529230e-12,1.813140e-01,7.977120e-10,1.223690e+02,2.285447e+09,1.135288e+02,1.715429e+09,1.082338e+02,2.564661e+09
123,monte carlo,1.047775e-11,3.640880e-01,7.061248e-10,4.495659e-10,4.437695e-13,1.964514e-11,3.022261e-01,1.066703e-09,2.804283e-10,3.735659e-13,1.938154e-11,1.081035e-01,7.213591e-10,6.259106e-10,2.222660e-13,9.503298e-12,1.750559e-01,6.533704e-10,1.100811e-09,4.166738e-13,4.767794e-08,4.444812e-01,1.208040e-13,1.340699e-09,6.974025e-08,6.544586e-01,1.692102e-13,1.055645e-09,4.701157e-08,3.963192e-01,1.507300e-13,8.587697e-10,1.930660e-03,3.874383e-03,2.354886e-03,9.264607e-16,5.588105e-12,2.796651e-01,6.200504e-10,5.823340e-12,3.725390e-01,8.863013e-10,1.010963e+02,2.403141e+09,1.004321e+02,1.779639e+09,1.117972e+02,2.473488e+09
124,monte carlo,9.912364e-12,2.080213e-01,6.170159e-10,6.792047e-10,5.157933e-13,2.004680e-11,3.428445e-01,1.096663e-09,7.185580e-10,4.023582e-13,1.990998e-11,1.776568e-01,6.127333e-10,6.947074e-10,5.224258e-13,1.044666e-11,2.837808e-01,7.000240e-10,1.123876e-09,3.871012e-13,4.471966e-08,3.868014e-01,1.696035e-13,1.954567e-09,6.980095e-08,5.593102e-01,1.975811e-13,1.431546e-09,4.591270e-08,4.266405e-01,1.191247e-13,8.995606e-10,5.441537e-03,-3.537356e-03,2.383738e-03,2.320884e-15,5.735441e-12,1.781011e-01,8.405868e-10,5.432995e-12,1.253619e-01,9.216786e-10,1.089636e+02,2.379321e+09,1.176196e+02,1.516636e+09,1.014243e+02,2.514998e+09
125,monte carlo,1.000018e-11,3.112639e-01,9.695307e-10,1.278402e-09,3.862482e-13,1.990214e-11,3.893331e-01,8.116463e-10,4.082291e-10,2.365499e-13,1.982367e-11,1.850966e-01,7.662952e-10,7.929942e-10,2.233893e-13,9.958821e-12,2.309353e-01,7.567743e-10,1.222406e-09,3.643239e-13,4.657498e-08,3.456326e-01,1.535588e-13,8.810973e-10,6.896882e-08,5.248357e-01,1.797399e-13,1.136687e-09,4.739653e-08,4.203991e-01,1.540614e-13,1.069167e-09,8.114348e-04,7.319001e-03,1.499369e-03,4.549708e-15,5.697399e-12,3.636393e-01,1.056783e-09,5.485369e-12,2.646885e-01,7.199722e-10,1.270016e+02,2.228540e+09,1.238513e+02,1.890733e+09,1.062566e+02,2.417205e+09
126,monte carlo,1.000865e-11,2.306583e-01,9.706567e-10,1.013892e-09,1.915971e-13,2.082118e-11,2.738722e-01,1.138343e-09,5.208391e-10,3.510293e-13,2.027318e-11,1.670145e-01,8.555832e-10,1.070320e-09,4.756796e-13,9.663351e-12,3.125075e-01,8.960925e-10,1.215563e-09,2.968503e-13,4.844435e-08,4.316463e-01,1.465215e-13,1.507895e-09,6.820156e-08,4.981275e-01,2.154577e-13,1.142254e-09,4.794434e-08,3.689895e-01,1.079689e-13,7.086008e-10,-8.861825e-03,-9.416030e-03,-2.643738e-03,2.944840e-15,5.367836e-12,1.187726e-01,9.805358e-10,5.660445e-12,3.601199e-01,8.712013e-10,1.057758e+02,2.124394e+09,1.290402e+02,1.599418e+09,1.224601e+02,2.592790e+09
127,monte carlo,9.656319e-12,1.229435e-01,6.903828e-10,9.051541e-10,3.164847e-13,1.961659e-11,1.145287e-01,6.679405e-10,6.172426e-10,4.761126e-13,2.026740e-11,1.599308e-01,8.710043e-10,5.359164e-10,4.562976e-13,1.035464e-11,1.612421e-01,9.148440e-10,6.415314e-10,3.626805e-13,4.730175e-08,4.002128e-01,1.688174e-13,1.354013e-09,6.791257e-08,6.055159e-01,1.555237e-13,1.660082e-09,4.512862e-08,3.411194e-01,1.892337e-13,1.040323e-09,-8.367376e-03,5.216246e-03,1.581062e-03,3.788593e-15,5.685741e-12,2.184408e-01,7.917946e-10,5.754003e-12,3.528927e-01,7.387588e-10,1.113928e+02,2.400148e+09,1.057051e+02,1.917829e+09,1.246857e+02,2.236593e+09
128,monte carlo,1.005684e-11,1.919508e-01,6.692380e-10,1.022362e-09,4.931253e-13,1.958946e-11,3.988706e-01,8.766033e-10,5.453416e-10,2.931754e-13,1.912877e-11,1.246584e-01,1.149596e-09,3.927186e-10,2.389501e-13,1.039509e-11,2.389449e-01,8.773305e-10,1.232892e-09,3.736857e-13,4.669600e-08,4.071880e-01,1.301343e-13,1.181372e-09,7.105907e-08,5.436849e-01,1.754546e-13,6.580033e-10,4.549767e-08,3.321456e-01,1.829767e-13,1.039440e-09,2.244851e-03,-9.305126e-03,-2.264909e-03,4.712870e-15,5.629647e-12,2.569878e-01,9.014945e-10,5.412633e-12,3.084365e-01,6.344648e-10,1.080826e+02,2.231889e+09,1.231809e+02,1.799407e+09,1.291016e+02,2.212604e+09
129,monte carlo,1.021025e-11,1.269488e-01,9.518454e-10,1.249591e-09,5.014248e-13,2.070757e-11,3.446391e-01,1.012448e-09,1.082419e-09,4.908619e-13,1.934350e-11,1.819454e-01,8.864357e-10,1.124822e-09,4.087908e-13,1.038056e-11,1.774331e-01,6.258705e-10,1.031841e-09,1.931589e-13,4.890388e-08,3.844841e-01,1.659699e-13,1.686758e-09,6.749043e-08,5.633253e-01,1.410775e-13,1.162151e-09,4.715212e-08,3.967234e-01,1.128915e-13,1.240444e-09,2.585957e-03,8.964222e-03,-3.023372e-04,9.177977e-16,5.701545e-12,1.752170e-01,7.190557e-10,5.617004e-12,3.081992e-01,9.093224e-10,1.198771e+02,2.409954e+09,1.129156e+02,1.824364e+09,1.120171e+02,2.454043e+09
130,monte carlo,1.007038e-11,1.797626e-01,1.028676e-09,8.487527e-10,3.981005e-13,1.975575e-11,3.118647e-01,6.751326e-10,6.654645e-10,2.324693e-13,2.038604e-11,3.072181e-01,9.188265e-10,8.686930e-10,4.443561e-13,9.655504e-12,3.699309e-01,7.484279e-10,5.525466e-10,5.109826e-13,4.906511e-08,3.614118e-01,1.852621e-13,1.563676e-09,6.867230e-08,6.417557e-01,1.918731e-13,5.806571e-10,4.536077e-08,3.676845e-01,1.756222e-13,1.767746e-09,6.693948e-03,-6.158337e-03,-1.708695e-03,9.380016e-16,5.558746e-12,1.670126e-01,7.548387e-10,5.457159e-12,3.172014e-01,9.010857e-10,1.279504e+02,2.179580e+09,1.008516e+02,1.732393e+09,1.162723e+02,2.304716e+09
131,monte carlo,9.535973e-12,3.970621e-01,6.266829e-10,9.883678e-10,1.961029e-13,1.924203e-11,1.150997e-01,9.958070e-10,9.061602e-10,2.494211e-13,1.902332e-11,3.228449e-01,6.153855e-10,7.130080e-10,2.438459e-13,1.036761e-11,3.466797e-01,1.180470e-09,3.453792e-10,2.449340e-13,4.831015e-08,4.144370e-01,1.393929e-13,8.975445e-10,6.644755e-08,5.245631e-01,1.426451e-13,1.130195e-09,4.658480e-08,4.338779e-01,1.666270e-13,1.386031e-09,-9.180680e-03,-5.530402e-03,1.158185e-03,4.329623e-15,5.390739e-12,3.440538e-01,1.181572e-09,5.749384e-12,2.649115e-01,1.055369e-09,1.098629e+02,2.446606e+09,1.193857e+02,1.767525e+09,1.011924e+02,2.427873e+09
132,monte carlo,9.727423e-12,1.368695e-01,9.996904e-10,6.889129e-10,2.396346e-13,2.002216e-11,1.628855e-01,7.618992e-10,1.176414e-09,4.315118e-13,2.018015e-11,2.860816e-01,6.647839e-10,5.311035e-10,2.889858e-13,1.013519e-11,3.259582e-01,1.015626e-09,5.432999e-10,2.494445e-13,4.568409e-08,3.956860e-01,1.230682e-13,7.128994e-10,6.472415e-08,5.306951e-01,2.144589e-13,1.342053e-09,4.796494e-08,3.731277e-01,1.205941e-13,1.397710e-09,-9.993549e-03,-9.562857e-04,7.099607e-04,1.426084e-15,5.423026e-12,2.696139e-01,7.546015e-10,5.356039e-12,3.066121e-01,6.150984e-10,1.088142e+02,2.415772e+09,1.149456e+02,1.634248e+09,1.211540e+02,2.491014e+09
133,monte carlo,1.043903e-11,2.457344e-01,1.126717e-09,5.687195e-10,4.416050e-13,1.949420e-11,3.046991e-01,8.599969e-10,1.146055e-09,1.905712e-13,1.976655e-11,1.045804e-01,8.212302e-10,3.514975e-10,5.054288e-13,9.796610e-12,3.606734e-01,8.481979e-10,1.077231e-09,2.048325e-13,4.809514e-08,3.830376e-01,1.236416e-13,1.682458e-09,6.529582e-08,5.705375e-01,1.944825e-13,1.903066e-09,4.754046e-08,3.719894e-01,1.118187e-13,1.150476e-09,-6.424796e-05,4.878559e-03,-2.691843e-03,4.693905e-15,5.615245e-12,3.994482e-01,7.627581e-10,5.699308e-12,1.817245e-01,6.129888e-10,1.183398e+02,2.263799e+09,1.078630e+02,1.805993e+09,1.204492e+02,2.668772e+09
134,monte carlo,1.011899e-11,2.608963e-01,1.141451e-09,4.203322e-10,1.938952e-13,1.954281e-11,2.361767e-01,9.935515e-10,4.726586e-10,3.078727e-13,1.991679e-11,3.511252e-01,9.920463e-10,7.525202e-10,4.279395e-13,9.517916e-12,1.127524e-01,7.956008e-10,1.297643e-09,1.731632e-13,4.668453e-08,4.280536e-01,1.078658e-13,1.051682e-09,7.118748e-08,6.014600e-01,1.526127e-13,1.338334e-09,4.471900e-08,3.243123e-01,1.553786e-13,1.926130e-09,1.756513e-03,1.791661e-03,1.164197e-03,1.335739e-15,5.380518e-12,1.813335e-01,6.046379e-10,5.679106e-12,3.128914e-01,1.174224e-09,1.027888e+02,2.546008e+09,1.115496e+02,1.782800e+09,1.299570e+02,2.673106e+09
135,monte carlo,1.017946e-11,2.700670e-01,1.175578e-09,6.435750e-10,2.294445e-13,2.062460e-11,3.332121e-01,8.819012e-10,3.561430e-10,2.948844e-13,2.008725e-11,2.902235e-01,8.520781e-10,1.221486e-09,1.687618e-13,9.609615e-12,1.122358e-01,6.824569e-10,5.811404e-10,3.717125e-13,4.626628e-08,3.749697e-01,1.917409e-13,1.569503e-09,7.003215e-08,6.292981e-01,1.700963e-13,1.496983e-09,4.873533e-08,3.910806e-01,1.475136e-13,1.831488e-09,1.849824e-03,9.035276e-03,-2.628387e-04,2.782861e-15,5.800616e-12,2.408713e-01,8.426035e-10,5.396474e-12,1.227144e-01,8.512708e-10,1.162893e+02,2.155589e+09,1.048847e+02,1.866800e+09,1.174489e+02,2.720582e+09
136,monte carlo,1.002840e-11,3.319666e-01,8.392745e-10,3.718172e-10,4.951917e-13,1.953391e-11,1.973302e-01,6.465545e-10,9.036206e-10,5.032816e-13,1.933754e-11,1.705028e-01,7.463433e-10,1.067922e-09,3.814047e-13,1.040453e-11,1.496484e-01,6.662307e-10,1.260297e-09,4.108454e-13,4.561861e-08,3.736401e-01,1.661822e-13,7.304479e-10,6.667446e-08,5.300772e-01,1.822470e-13,1.868013e-09,4.772528e-08,4.286396e-01,1.475833e-13,8.706473e-10,-8.134996e-03,6.118547e-04,1.823711e-03,3.765590e-15,5.453665e-12,3.978945e-01,8.931931e-10,5.354181e-12,1.347240e-01,7.801379e-10,1.150694e+02,2.376504e+09,1.185472e+02,1.730991e+09,1.049367e+02,2.435373e+09
137,monte carlo,9.671142e-12,1.960311e-01,6.166170e-10,6.575913e-10,2.669155e-13,2.056730e-11,3.356892e-01,6.266253e-10,3.430729e-10,1.882603e-13,1.968573e-11,1.523843e-01,6.982898e-10,9.153452e-10,3.257482e-13,1.036721e-11,2.340147e-01,7.693831e-10,8.749543e-10,4.752913e-13,4.898758e-08,3.838752e-01,9.849809e-14,1.392418e-09,6.591929e-08,5.980769e-01,1.914631e-13,1.608520e-09,4.581087e-08,4.050222e-01,1.169810e-13,1.926038e-09,-4.344101e-03,8.687455e-03,-1.895842e-03,9.887330e-16,5.522388e-12,1.481388e-01,7.514616e-10,5.642019e-12,1.514095e-01,9.171295e-10,1.202727e+02,2.630801e+09,1.038787e+02,1.640532e+09,1.066009e+02,2.421354e+09
138,monte carlo,9.750253e-12,1.844537e-01,1.073414e-09,4.521194e-10,3.760758e-13,1.925398e-11,1.297963e-01,6.480030e-10,2.869890e-10,2.208754e-13,2.008188e-11,2.643760e-01,1.034999e-09,1.127867e-09,4.351391e-13,9.543823e-12,1.964890e-01,1.135121e-09,7.847451e-10,2.638202e-13,4.603530e-08,3.535318e-01,1.638201e-13,8.624801e-10,6.965334e-08,5.123419e-01,2.029881e-13,1.484220e-09,4.847476e-08,3.745558e-01,1.597808e-13,9.954341e-10,-9.941775e-03,8.786153e-03,-2.488375e-03,3.300093e-15,5.658535e-12,2.740158e-01,7.626770e-10,5.435186e-12,3.390864e-01,6.833229e-10,1.227251e+02,2.460079e+09,1.281307e+02,1.578784e+09,1.219748e+02,2.186394e+09
139,monte carlo,9.964030e-12,3.842125e-01,8.446775e-10,9.923105e-10,4.200808e-13,2.008222e-11,3.849811e-01,6.569706e-10,9.178128e-10,4.749050e-13,1.976342e-11,2.792221e-01,1.174876e-09,6.710250e-10,2.003400e-13,9.579925e-12,1.728059e-01,1.065799e-09,1.258695e-09,3.087079e-13,4.777436e-08,4.125204e-01,1.357774e-13,1.264942e-09,7.031696e-08,6.032379e-01,1.400677e-13,1.421825e-09,4.781448e-08,4.146453e-01,1.203421e-13,1.423491e-09,9.118099e-03,-6.053667e-03,1.654523e-03,6.224763e-16,5.449268e-12,1.129723e-01,9.092758e-10,5.550778e-12,2.091280e-01,6.909976e-10,1.091492e+02,2.285502e+09,1.098608e+02,1.893629e+09,1.086810e+02,2.553632e+09
140,monte carlo,1.035118e-11,1.565310e-01,1.123538e-09,3.140900e-10,4.648178e-13,2.089246e-11,1.318768e-01,6.110897e-10,6.526383e-10,4.480692e-13,2.082341e-11,2.142216e-01,6.258662e-10,4.663323e-10,2.486330e-13,1.001561e-11,1.076968e-01,1.039521e-09,5.138309e-10,3.418055e-13,4.845677e-08,4.184038e-01,1.745934e-13,1.738582e-09,6.518402e-08,5.012903e-01,1.874598e-13,6.135685e-10,4.796686e-08,4.268690e-01,1.940199e-13,6.064265e-10,-7.940552e-04,-3.777602e-03,1.769231e-03,1.598527e-15,5.374411e-12,3.184101e-01,1.072399e-09,5.551911e-12,3.278543e-01,1.095783e-09,1.091516e+02,2.345172e+09,1.225527e+02,1.638479e+09,1.059053e+02,2.132522e+09
141,monte carlo,1.004143e-11,2.476705e-01,6.563834e-10,3.149451e-10,1.710251e-13,2.071145e-11,3.872784e-01,8.580135e-10,8.940156e-10,2.661479e-13,1.960049e-11,2.451381e-01,9.381127e-10,9.723496e-10,2.416817e-13,9.646956e-12,2.957669e-01,8.961532e-10,9.535928e-10,2.530959e-13,4.895114e-08,4.243687e-01,1.327949e-13,1.739647e-09,6.752224e-08,5.192965e-01,1.825475e-13,1.266135e-09,4.531000e-08,3.537565e-01,1.523647e-13,1.403141e-09,-5.364340e-03,1.444936e-03,-1.876956e-03,2.797442e-15,5.442260e-12,1.214639e-01,7.832888e-10,5.706495e-12,3.964405e-01,8.613389e-10,1.087153e+02,2.178534e+09,1.225470e+02,1.582797e+09,1.207149e+02,2.693090e+09
142,monte carlo,9.562777e-12,2.829529e-01,1.012975e-09,7.471834e-10,1.948888e-13,2.044634e-11,2.167737e-01,6.452036e-10,7.285352e-10,3.184158e-13,1.941118e-11,1.651105e-01,8.551351e-10,6.629714e-10,1.732799e-13,1.008267e-11,2.137392e-01,6.392646e-10,9.250642e-10,2.142668e-13,4.904210e-08,4.276595e-01,1.154806e-13,1.246464e-09,7.107108e-08,5.428668e-01,1.693778e-13,6.349358e-10,4.898890e-08,3.928272e-01,1.573701e-13,9.700694e-10,3.521686e-03,1.870427e-03,1.564234e-03,4.723497e-15,5.381318e-12,1.025775e-01,9.021904e-10,5.820232e-12,3.406519e-01,1.059895e-09,1.080792e+02,2.469969e+09,1.233874e+02,1.831341e+09,1.175350e+02,2.560849e+09
143,monte carlo,1.032178e-11,2.762473e-01,1.003855e-09,5.849373e-10,4.930951e-13,2.011282e-11,2.056812e-01,1.178130e-09,5.180440e-10,3.982340e-13,1.992465e-11,2.174114e-01,1.137174e-09,9.747441e-10,3.816194e-13,9.809438e-12,1.808052e-01,6.455621e-10,3.301054e-10,4.045964e-13,4.807155e-08,4.100146e-01,1.251118e-13,7.176208e-10,6.761691e-08,5.938293e-01,1.858196e-13,7.843721e-10,4.817716e-08,3.687066e-01,1.477959e-13,1.638621e-09,-4.527717e-03,-9.577583e-04,2.806202e-03,1.387422e-15,5.746644e-12,2.251972e-01,1.022243e-09,5.807328e-12,3.397987e-01,8.253492e-10,1.104994e+02,2.513937e+09,1.073161e+02,1.725431e+09,1.231491e+02,2.581994e+09
144,monte carlo,9.991717e-12,1.992629e-01,9.767921e-10,9.744735e-10,3.985836e-13,2.017226e-11,2.157700e-01,7.822188e-10,1.197387e-09,4.974170e-13,1.927532e-11,3.230767e-01,1.108163e-09,7.851298e-10,2.593113e-13,9.598625e-12,3.496915e-01,6.802278e-10,6.399785e-10,4.724221e-13,4.682768e-08,3.718139e-01,1.640347e-13,6.496651e-10,6.922857e-08,5.128564e-01,2.205578e-13,1.288579e-09,4.553275e-08,3.768631e-01,1.359423e-13,1.314716e-09,-3.811802e-03,-7.950954e-04,-1.538501e-03,4.173205e-15,5.695071e-12,2.350995e-01,8.110742e-10,5.508203e-12,3.117527e-01,6.395837e-10,1.186993e+02,2.360120e+09,1.272216e+02,1.512394e+09,1.138705e+02,2.207123e+09
145,monte carlo,1.022757e-11,3.156135e-01,9.069639e-10,6.637727e-10,4.595932e-13,2.040313e-11,3.383271e-01,6.181850e-10,1.128448e-09,5.294482e-13,1.914500e-11,2.330733e-01,9.488586e-10,5.818069e-10,4.774932e-13,9.826078e-12,1.076934e-01,8.576934e-10,9.457208e-10,3.595466e-13,4.808107e-08,3.773128e-01,1.089598e-13,1.231790e-09,6.710493e-08,6.036983e-01,1.758304e-13,1.633079e-09,4.639454e-08,4.140583e-01,1.752939e-13,1.809438e-09,4.880832e-03,-6.705005e-03,6.321949e-04,5.832245e-16,5.837538e-12,2.663100e-01,8.479508e-10,5.692035e-12,2.114880e-01,6.967073e-10,1.201002e+02,2.489541e+09,1.047624e+02,1.588057e+09,1.056031e+02,2.331101e+09
146,monte carlo,1.024021e-11,1.208917e-01,1.050815e-09,7.571915e-10,3.459782e-13,2.019669e-11,1.356799e-01,1.079709e-09,9.026114e-10,4.228541e-13,2.018225e-11,1.121795e-01,6.342709e-10,9.260023e-10,1.783329e-13,1.044583e-11,1.740558e-01,1.155289e-09,5.478896e-10,3.031921e-13,4.778896e-08,3.863787e-01,1.614627e-13,1.498115e-09,7.072401e-08,5.386450e-01,1.838195e-13,1.598096e-09,4.596120e-08,3.379031e-01,1.384505e-13,5.519006e-10,-8.319163e-03,-8.381247e-03,-2.887320e-03,2.219583e-15,5.651331e-12,1.693155e-01,9.036123e-10,5.442409e-12,2.807889e-01,9.035716e-10,1.165697e+02,2.494658e+09,1.237472e+02,1.647753e+09,1.281948e+02,2.216670e+09
147,monte carlo,1.018332e-11,2.254853e-01,7.848197e-10,4.759858e-10,2.303101e-13,2.099392e-11,2.351072e-01,1.064687e-09,1.134704e-09,2.409547e-13,1.980354e-11,2.560259e-01,6.157889e-10,1.166776e-09,1.756379e-13,9.858272e-12,2.366382e-01,7.925253e-10,8.706569e-10,2.829813e-13,4.805090e-08,4.117523e-01,1.257156e-13,1.568487e-09,6.573393e-08,4.815828e-01,2.334635e-13,1.014977e-09,4.499314e-08,3.708722e-01,1.037270e-13,1.522034e-09,-8.772002e-03,9.223428e-03,-2.719943e-03,5.799877e-16,5.374508e-12,1.670162e-01,7.238694e-10,5.392459e-12,1.248704e-01,6.548762e-10,1.099858e+02,2.327419e+09,1.286441e+02,1.574183e+09,1.143387e+02,2.697011e+09
148,monte carlo,9.729036e-12,1.724130e-01,9.629379e-10,4.724822e-10,4.614116e-13,2.017426e-11,1.570323e-01,6.190619e-10,5.035604e-10,1.690282e-13,1.966085e-11,1.988479e-01,7.737138e-10,9.178049e-10,3.756087e-13,9.987293e-12,1.183220e-01,9.607025e-10,4.951769e-10,3.113877e-13,4.720431e-08,4.244074e-01,1.909263e-13,1.589810e-09,6.594053e-08,4.924200e-01,1.514372e-13,5.524863e-10,4.773461e-08,4.488727e-01,1.796002e-13,1.704821e-09,8.382706e-03,5.068167e-03,2.102980e-03,4.904076e-15,5.540031e-12,2.329131e-01,6.955586e-10,5.488741e-12,1.873010e-01,8.503106e-10,1.048262e+02,2.164788e+09,1.262083e+02,1.890954e+09,1.002262e+02,2.133073e+09
149,monte carlo,1.035854e-11,1.778505e-01,6.691504e-10,9.821559e-10,1.947040e-13,1.936452e-11,3.263766e-01,1.118784e-09,5.976540e-10,4.250380e-13,1.927511e-11,1.132944e-01,7.596351e-10,4.010999e-10,3.891233e-13,9.663841e-12,3.656731e-01,6.583768e-10,4.844980e-10,2.806067e-13,4.647042e-08,3.375670e-01,1.332765e-13,1.329287e-09,7.011042e-08,5.238238e-01,1.787301e-13,1.781358e-09,4.875548e-08,4.243534e-01,1.332648e-13,9.249610e-10,3.940305e-03,-2.883838e-04,-1.289273e-03,7.527636e-16,5.673090e-12,3.274355e-01,1.063655e-09,5.843480e-12,2.723679e-01,9.983116e-10,1.297441e+02,2.492658e+09,1.261445e+02,1.518908e+09,1.082846e+02,2.630124e+09
150,monte carlo,9.805390e-12,2.587906e-01,6.712480e-10,4.167296e-10,2.264606e-13,1.976929e-11,3.829637e-01,8.254166e-10,1.202549e-09,4.424288e-13,2.034500e-11,1.764409e-01,8.316819e-10,1.025382e-09,3.608695e-13,1.013377e-11,3.189324e-01,9.203103e-10,6.030656e-10,2.606116e-13,4.855450e-08,4.117544e-01,1.878943e-13,1.390609e-09,7.100332e-08,5.827266e-01,1.370975e-13,1.836491e-09,4.615288e-08,3.588620e-01,1.353466e-13,8.824751e-10,-6.882900e-03,1.695080e-03,-2.904581e-03,3.886686e-15,5.520277e-12,1.081580e-01,7.247860e-10,5.405841e-12,3.927205e-01,6.226352e-10,1.111379e+02,2.192785e+09,1.148378e+02,1.855650e+09,1.212111e+02,2.512416e+09
151,monte carlo,9.784115e-12,2.875788e-01,8.294625e-10,7.350813e-10,2.192647e-13,1.938232e-11,3.335265e-01,7.362715e-10,8.585516e-10,5.269609e-13,1.984701e-11,1.644433e-01,6.434259e-10,1.209022e-09,3.610241e-13,1.026992e-11,2.630317e-01,9.121637e-10,5.691251e-10,2.950070e-13,4.716161e-08,3.843485e-01,1.446189e-13,6.101765e-10,6.634806e-08,5.731092e-01,1.652542e-13,1.006447e-09,4.524582e-08,3.583177e-01,1.475736e-13,5.953792e-10,3.518312e-03,1.969343e-03,2.444805e-03,1.073566e-15,5.468848e-12,1.954704e-01,6.496569e-10,5.562328e-12,3.376429e-01,1.188805e-09,1.156471e+02,2.321876e+09,1.091094e+02,1.908153e+09,1.190094e+02,2.103180e+09
152,monte carlo,1.012339e-11,1.870994e-01,1.199404e-09,9.065945e-10,3.155132e-13,1.923146e-11,3.488828e-01,1.084771e-09,6.980678e-10,2.939209e-13,1.953840e-11,3.595402e-01,1.029029e-09,9.723032e-10,4.822606e-13,9.946554e-12,2.466290e-01,6.308461e-10,2.993900e-10,2.806774e-13,4.691785e-08,3.781884e-01,1.531287e-13,9.698039e-10,6.968795e-08,5.177727e-01,2.087489e-13,1.760309e-09,4.567828e-08,3.919595e-01,1.404888e-13,1.853591e-09,-1.340329e-04,-8.775192e-03,2.173256e-03,3.192969e-15,5.632832e-12,3.798449e-01,1.038804e-09,5.766029e-12,1.473835e-01,8.271275e-10,1.169233e+02,2.477095e+09,1.268498e+02,1.568221e+09,1.098347e+02,2.267386e+09
153,monte carlo,9.735083e-12,2.089828e-01,8.243043e-10,1.206319e-09,1.845631e-13,1.979885e-11,3.497491e-01,6.806642e-10,7.362427e-10,4.426257e-13,1.902413e-11,3.207987e-01,1.118317e-09,8.569923e-10,4.187728e-13,9.825984e-12,1.642434e-01,1.129154e-09,1.005411e-09,2.432733e-13,4.775278e-08,3.582418e-01,1.464434e-13,1.363493e-09,6.855729e-08,5.538892e-01,1.969959e-13,1.101736e-09,4.638358e-08,3.389189e-01,1.649069e-13,1.801441e-09,3.469188e-03,-8.581637e-03,1.498202e-04,1.740302e-15,5.844733e-12,3.941915e-01,6.455679e-10,5.682173e-12,1.381604e-01,6.909075e-10,1.256300e+02,2.400260e+09,1.166546e+02,1.750338e+09,1.289851e+02,2.532512e+09
154,monte carlo,9.644243e-12,1.077512e-01,9.215059e-10,5.917148e-10,2.777506e-13,2.018731e-11,1.990348e-01,1.004240e-09,2.739314e-10,4.051629e-13,1.950089e-11,3.731851e-01,1.177483e-09,1.006991e-09,2.159515e-13,1.026446e-11,2.294076e-01,7.308277e-10,3.808046e-10,1.779766e-13,4.598204e-08,3.489833e-01,1.498611e-13,1.492627e-09,7.010495e-08,5.761519e-01,2.286877e-13,1.729001e-09,4.852346e-08,4.264938e-01,1.423789e-13,5.712201e-10,-5.714303e-03,6.819447e-03,2.384731e-03,1.430249e-15,5.461741e-12,2.959391e-01,8.997723e-10,5.481920e-12,1.294048e-01,8.842305e-10,1.241809e+02,2.123209e+09,1.146787e+02,1.556217e+09,1.072285e+02,2.216621e+09
155,monte carlo,9.657384e-12,1.132080e-01,1.186845e-09,9.832862e-10,2.285356e-13,2.092910e-11,1.995119e-01,7.009305e-10,1.077067e-09,3.522905e-13,2.051953e-11,2.527007e-01,1.039696e-09,6.808552e-10,3.071351e-13,9.837717e-12,2.536827e-01,1.088432e-09,5.635052e-10,2.278622e-13,4.528566e-08,3.297923e-01,1.603699e-13,1.524264e-09,6.719492e-08,6.124173e-01,2.318346e-13,1.265729e-09,4.632144e-08,3.570189e-01,1.843960e-13,1.763030e-09,4.618666e-03,2.017898e-03,2.573759e-05,1.527657e-15,5.712250e-12,1.430791e-01,6.159991e-10,5.738827e-12,1.693938e-01,1.017253e-09,1.294170e+02,2.232143e+09,1.034094e+02,1.557855e+09,1.222818e+02,2.132864e+09
156,monte carlo,1.047669e-11,2.784909e-01,9.463556e-10,4.453776e-10,4.830430e-13,2.087256e-11,1.255678e-01,1.041879e-09,1.069348e-09,4.697707e-13,2.015875e-11,3.709741e-01,8.363084e-10,1.042283e-09,2.627106e-13,9.575380e-12,1.069018e-01,8.622687e-10,1.149422e-09,4.111894e-13,4.537636e-08,3.516190e-01,1.673500e-13,1.972359e-09,6.589729e-08,6.105617e-01,1.714764e-13,9.510950e-10,4.484762e-08,4.156728e-01,1.943924e-13,9.266073e-10,5.079266e-03,-5.269290e-03,4.658117e-04,3.000822e-15,5.704124e-12,2.934863e-01,1.130353e-09,5.374152e-12,3.806890e-01,8.495144e-10,1.216266e+02,2.223602e+09,1.017206e+02,1.678899e+09,1.016855e+02,2.213709e+09
157,monte carlo,9.637662e-12,1.477607e-01,8.804380e-10,1.067814e-09,1.981158e-13,1.915155e-11,2.931318e-01,8.608280e-10,8.696594e-10,4.715638e-13,2.062990e-11,1.575474e-01,7.699999e-10,1.108766e-09,3.845556e-13,1.017976e-11,2.451565e-01,1.019875e-09,3.026407e-10,3.263038e-13,4.914502e-08,4.465052e-01,1.496946e-13,1.627459e-09,6.914357e-08,6.206171e-01,1.680926e-13,9.199831e-10,4.495803e-08,3.872552e-01,1.662216e-13,1.848659e-09,7.355408e-03,5.532817e-03,-2.189845e-03,3.779733e-15,5.762215e-12,2.764343e-01,1.118275e-09,5.357178e-12,2.044776e-01,1.183020e-09,1.037347e+02,2.627669e+09,1.050024e+02,1.792979e+09,1.094161e+02,2.399447e+09
158,monte carlo,9.942500e-12,2.670198e-01,8.385604e-10,1.009135e-09,4.254851e-13,1.946085e-11,2.804859e-01,1.017353e-09,5.231501e-10,2.130345e-13,2.097870e-11,1.146251e-01,6.151714e-10,3.131137e-10,2.960194e-13,9.629928e-12,3.371948e-01,6.737480e-10,9.572479e-10,3.532888e-13,4.747869e-08,4.005342e-01,1.519215e-13,5.867076e-10,6.829782e-08,5.865496e-01,2.325504e-13,1.147494e-09,4.863477e-08,4.226716e-01,1.746220e-13,1.214207e-09,-5.350376e-03,-8.156999e-03,1.495819e-03,4.813346e-15,5.697591e-12,3.178040e-01,1.190544e-09,5.727583e-12,1.929365e-01,6.157297e-10,1.117198e+02,2.527313e+09,1.097421e+02,1.546440e+09,1.084463e+02,2.291043e+09
159,monte carlo,1.030024e-11,1.105144e-01,1.081325e-09,8.874674e-10,4.196112e-13,2.051552e-11,2.982024e-01,1.090318e-09,4.376977e-10,2.270570e-13,1.974004e-11,1.886295e-01,9.103460e-10,4.217624e-10,4.816376e-13,9.672392e-12,1.706505e-01,7.618701e-10,5.604147e-10,4.648200e-13,4.673337e-08,4.178429e-01,1.541692e-13,7.181995e-10,6.969481e-08,5.631344e-01,1.712925e-13,9.446526e-10,4.884192e-08,3.933980e-01,1.226402e-13,9.595816e-10,8.515412e-03,-7.794802e-03,1.749895e-03,4.183261e-15,5.770491e-12,3.923322e-01,8.982571e-10,5.655287e-12,3.845238e-01,9.684596e-10,1.054108e+02,2.582807e+09,1.166432e+02,1.806065e+09,1.170123e+02,2.390088e+09
160,monte carlo,9.622104e-12,3.231198e-01,9.719691e-10,9.895337e-10,4.159263e-13,1.991807e-11,1.357052e-01,6.442126e-10,6.934417e-10,3.933383e-13,2.038317e-11,2.789154e-01,1.010075e-09,6.339423e-10,4.855764e-13,1.008593e-11,1.426303e-01,1.030942e-09,1.072768e-09,4.603531e-13,4.765921e-08,4.285264e-01,1.539866e-13,1.105151e-09,6.846238e-08,5.673844e-01,2.291549e-13,1.643690e-09,4.507576e-08,3.364904e-01,1.527718e-13,1.989821e-09,5.463621e-05,-1.087581e-03,2.178165e-03,4.045338e-15,5.435004e-12,2.305054e-01,7.587689e-10,5.464726e-12,3.655207e-01,8.183294e-10,1.048191e+02,2.546194e+09,1.137223e+02,1.569903e+09,1.262529e+02,2.392354e+09
161,monte carlo,1.031240e-11,3.756622e-01,7.692937e-10,1.010038e-09,4.129085e-13,1.966993e-11,3.497663e-01,1.157080e-09,7.107120e-10,4.582910e-13,2.005789e-11,3.834783e-01,8.299049e-10,6.901374e-10,3.424619e-13,1.013531e-11,1.155493e-01,9.195607e-10,3.351733e-10,2.113029e-13,4.514777e-08,3.634060e-01,1.704008e-13,1.372993e-09,6.936935e-08,5.092292e-01,2.277431e-13,5.028084e-10,4.743795e-08,3.516838e-01,1.668108e-13,1.030574e-09,3.752831e-03,1.139599e-03,-6.425607e-04,2.676847e-15,5.804067e-12,1.870717e-01,9.364436e-10,5.525829e-12,3.635708e-01,1.118439e-09,1.170888e+02,2.203216e+09,1.283883e+02,1.521599e+09,1.271290e+02,2.239052e+09
162,monte carlo,9.702128e-12,1.726127e-01,8.760077e-10,1.252848e-09,3.973386e-13,2.081428e-11,2.703464e-01,7.311063e-10,5.876496e-10,2.076244e-13,2.065375e-11,3.826896e-01,8.207510e-10,7.159138e-10,3.582139e-13,9.513583e-12,3.137685e-01,1.041774e-09,3.286944e-10,2.970703e-13,4.858575e-08,4.118525e-01,1.771064e-13,1.216309e-09,6.529195e-08,5.765138e-01,2.050843e-13,1.988173e-09,4.822294e-08,3.567998e-01,1.032604e-13,1.563621e-09,9.756665e-03,9.615514e-03,5.144862e-04,1.058709e-15,5.451321e-12,1.195030e-01,1.060994e-09,5.586894e-12,3.153564e-01,7.319643e-10,1.111830e+02,2.136024e+09,1.067385e+02,1.648616e+09,1.273797e+02,2.601967e+09
163,monte carlo,1.011777e-11,2.441487e-01,6.855062e-10,1.215005e-09,3.350395e-13,1.990037e-11,3.063755e-01,8.070162e-10,3.988465e-10,1.731288e-13,1.917343e-11,1.852261e-01,1.011964e-09,9.275492e-10,4.839627e-13,1.028503e-11,3.458878e-01,1.030232e-09,3.407939e-10,1.711190e-13,4.732982e-08,3.810238e-01,1.068195e-13,1.102702e-09,6.896205e-08,6.281619e-01,2.312715e-13,1.628023e-09,4.898878e-08,4.442064e-01,1.550401e-13,1.725226e-09,9.865291e-03,-9.788647e-03,-3.110007e-04,2.299207e-15,5.450857e-12,1.608816e-01,6.004913e-10,5.804837e-12,1.332551e-01,7.381810e-10,1.170722e+02,2.605208e+09,1.034689e+02,1.515191e+09,1.039401e+02,2.202409e+09
164,monte carlo,1.000959e-11,3.018082e-01,9.272537e-10,8.952173e-10,3.293926e-13,1.987647e-11,2.504638e-01,1.039173e-09,2.786962e-10,1.830941e-13,2.022845e-11,1.531383e-01,8.747767e-10,1.178075e-09,4.915800e-13,1.020369e-11,3.591408e-01,8.238235e-10,1.294399e-09,4.240725e-13,4.834729e-08,3.906741e-01,1.203256e-13,1.425598e-09,6.521970e-08,5.510471e-01,1.919718e-13,1.040052e-09,4.548119e-08,4.090510e-01,1.907641e-13,1.502678e-09,5.511289e-03,4.616061e-03,2.778889e-05,4.109045e-15,5.464584e-12,2.513331e-01,6.717192e-10,5.687281e-12,1.436883e-01,1.168730e-09,1.166349e+02,2.482059e+09,1.115478e+02,1.620935e+09,1.047914e+02,2.227058e+09
165,monte carlo,1.034034e-11,3.570278e-01,9.552688e-10,9.271825e-10,3.243803e-13,2.011678e-11,3.641047e-01,1.128890e-09,6.423239e-10,2.818492e-13,1.920730e-11,2.439306e-01,8.674446e-10,1.263445e-09,2.400910e-13,1.035132e-11,2.395196e-01,6.301018e-10,7.945382e-10,2.336826e-13,4.868003e-08,4.076157e-01,1.098020e-13,1.090426e-09,6.788584e-08,5.559849e-01,1.747905e-13,1.640761e-09,4.556965e-08,3.490082e-01,1.732597e-13,6.470891e-10,-6.210667e-03,5.972193e-03,1.663921e-03,1.440406e-15,5.488773e-12,2.978324e-01,7.039158e-10,5.808532e-12,3.691729e-01,1.055788e-09,1.125566e+02,2.513637e+09,1.150767e+02,1.600179e+09,1.230584e+02,2.349937e+09
166,monte carlo,9.998261e-12,2.961978e-01,7.869202e-10,3.764552e-10,1.806730e-13,1.917345e-11,2.673547e-01,9.478663e-10,9.064177e-10,3.863463e-13,1.905226e-11,1.142002e-01,8.643736e-10,1.041525e-09,2.366250e-13,1.023549e-11,1.076524e-01,1.183568e-09,4.298001e-10,4.378387e-13,4.859340e-08,3.906563e-01,1.553129e-13,1.941752e-09,7.071468e-08,5.836149e-01,1.546436e-13,7.511935e-10,4.883762e-08,4.267196e-01,1.463622e-13,1.155933e-09,4.510345e-03,-1.497508e-03,1.256663e-03,4.082681e-15,5.554396e-12,1.815465e-01,1.080663e-09,5.715762e-12,1.550535e-01,8.660837e-10,1.172340e+02,2.429099e+09,1.141969e+02,1.887049e+09,1.078656e+02,2.554174e+09
167,monte carlo,1.029849e-11,3.503687e-01,1.139240e-09,9.117009e-10,3.556062e-13,2.089958e-11,1.911635e-01,1.053417e-09,5.299634e-10,1.870469e-13,2.011261e-11,1.539732e-01,7.409978e-10,9.661572e-10,4.020694e-13,1.014421e-11,2.568354e-01,8.065787e-10,3.523581e-10,4.788498e-13,4.550636e-08,3.596436e-01,1.498058e-13,1.133498e-09,6.790134e-08,5.261114e-01,1.617763e-13,1.067771e-09,4.814482e-08,3.945313e-01,1.489555e-13,1.809074e-09,9.253604e-03,7.013311e-03,-1.678145e-04,1.056372e-15,5.803377e-12,3.706895e-01,9.955712e-10,5.662486e-12,2.075804e-01,1.007712e-09,1.192535e+02,2.546920e+09,1.216387e+02,1.739388e+09,1.150110e+02,2.534685e+09
168,monte carlo,1.037091e-11,1.325123e-01,8.256822e-10,5.020278e-10,4.282009e-13,2.057225e-11,2.268461e-01,1.038886e-09,1.118622e-09,3.658945e-13,2.018223e-11,2.277846e-01,1.055571e-09,5.063240e-10,2.852734e-13,1.042610e-11,1.773949e-01,7.343739e-10,9.759913e-10,5.108689e-13,4.887902e-08,4.024525e-01,1.391231e-13,1.438928e-09,6.846457e-08,6.323072e-01,1.431728e-13,1.275739e-09,4.538864e-08,4.118184e-01,1.515638e-13,1.350855e-09,7.324996e-03,-3.913653e-03,5.939298e-04,4.545026e-15,5.598448e-12,2.174850e-01,9.746267e-10,5.393569e-12,3.897266e-01,1.100877e-09,1.144666e+02,2.181895e+09,1.020490e+02,1.790217e+09,1.038754e+02,2.311745e+09
169,monte carlo,9.764670e-12,1.639291e-01,1.178299e-09,2.749632e-10,2.283818e-13,1.927347e-11,3.246028e-01,7.175435e-10,1.162207e-09,1.825695e-13,2.091021e-11,3.841206e-01,9.915845e-10,3.494690e-10,4.505810e-13,1.010409e-11,2.343292e-01,9.373614e-10,3.121686e-10,2.344636e-13,4.828423e-08,3.879208e-01,1.302112e-13,1.041777e-09,6.460806e-08,4.817218e-01,1.748687e-13,7.561019e-10,4.924962e-08,4.240722e-01,1.589913e-13,1.582170e-09,6.783063e-03,9.705850e-03,-1.792937e-03,4.949289e-15,5.717008e-12,1.060245e-01,8.930118e-10,5.463150e-12,3.672119e-01,9.267484e-10,1.173096e+02,2.396655e+09,1.264042e+02,1.698311e+09,1.094546e+02,2.158164e+09
170,monte carlo,1.007727e-11,2.532225e-01,7.552204e-10,7.518365e-10,3.839650e-13,2.055133e-11,2.105093e-01,7.260772e-10,3.281772e-10,3.037215e-13,2.012378e-11,1.791965e-01,1.151671e-09,7.559776e-10,1.977438e-13,9.853758e-12,2.352058e-01,6.797986e-10,7.534153e-10,3.348824e-13,4.575698e-08,3.918629e-01,1.797294e-13,1.893480e-09,6.604506e-08,4.974067e-01,2.180085e-13,1.858053e-09,4.692641e-08,4.288604e-01,1.779966e-13,1.853301e-09,7.653876e-03,8.967011e-03,-2.965751e-03,4.416002e-15,5.397002e-12,3.763854e-01,9.496760e-10,5.560087e-12,1.545272e-01,1.087503e-09,1.100511e+02,2.184194e+09,1.251411e+02,1.608384e+09,1.031270e+02,2.323606e+09
171,monte carlo,1.046569e-11,1.847180e-01,8.945303e-10,1.010580e-09,2.828011e-13,1.971281e-11,2.485609e-01,1.148582e-09,3.345973e-10,2.269972e-13,2.025361e-11,2.162211e-01,6.195340e-10,9.517009e-10,2.062070e-13,9.541147e-12,2.970206e-01,1.008253e-09,4.924225e-10,3.759608e-13,4.538396e-08,4.023276e-01,1.165838e-13,8.593171e-10,6.546523e-08,5.007581e-01,1.622363e-13,1.355531e-09,4.488415e-08,3.971757e-01,1.681145e-13,8.122220e-10,1.360469e-03,8.743688e-04,1.763583e-03,1.394326e-15,5.418885e-12,2.714420e-01,1.183723e-09,5.364021e-12,1.652421e-01,7.784482e-10,1.063148e+02,2.416882e+09,1.232122e+02,1.658648e+09,1.065078e+02,2.377121e+09
172,monte carlo,1.027279e-11,3.833833e-01,7.340806e-10,7.440838e-10,3.199636e-13,1.944624e-11,1.647379e-01,8.331877e-10,1.174797e-09,2.594262e-13,1.973542e-11,2.652538e-01,1.044294e-09,1.171934e-09,4.608115e-13,1.030346e-11,3.592313e-01,1.195197e-09,9.493208e-10,2.866378e-13,4.858975e-08,3.753197e-01,1.419815e-13,1.747388e-09,6.656054e-08,4.853091e-01,2.098327e-13,1.429638e-09,4.543805e-08,3.872781e-01,1.511257e-13,1.217332e-09,-1.681450e-03,6.875982e-03,2.517439e-03,4.503784e-15,5.360798e-12,1.351783e-01,1.096194e-09,5.790078e-12,1.784587e-01,1.072600e-09,1.220153e+02,2.503203e+09,1.292616e+02,1.559405e+09,1.105778e+02,2.370224e+09
173,monte carlo,9.593150e-12,2.602727e-01,1.070168e-09,8.429115e-10,5.221443e-13,1.994630e-11,1.653435e-01,8.690812e-10,1.186121e-09,3.242735e-13,2.056020e-11,3.368914e-01,1.072120e-09,8.539259e-10,2.414975e-13,9.739788e-12,2.337210e-01,7.727310e-10,7.469836e-10,1.921777e-13,4.853053e-08,3.637636e-01,1.594037e-13,1.063201e-09,6.538637e-08,5.509222e-01,1.610732e-13,1.132131e-09,4.492527e-08,4.179092e-01,1.285166e-13,5.895844e-10,9.452517e-03,8.753471e-03,1.197939e-03,3.343863e-15,5.417284e-12,1.440641e-01,7.582767e-10,5.451563e-12,2.071666e-01,9.926111e-10,1.257381e+02,2.420923e+09,1.118583e+02,1.827176e+09,1.013165e+02,2.653942e+09
174,monte carlo,9.775722e-12,1.542473e-01,1.151757e-09,4.394411e-10,2.474284e-13,2.055880e-11,2.101607e-01,1.182229e-09,3.457947e-10,4.994718e-13,2.042492e-11,2.289435e-01,8.284880e-10,4.642019e-10,5.296711e-13,9.758930e-12,3.222686e-01,1.077827e-09,1.056461e-09,4.776535e-13,4.503385e-08,3.869857e-01,1.617609e-13,1.664845e-09,7.122237e-08,6.421214e-01,2.078738e-13,1.668413e-09,4.527381e-08,3.490147e-01,1.169137e-13,8.175413e-10,-2.203760e-03,5.682974e-03,-7.405232e-04,3.185557e-15,5.434756e-12,1.988858e-01,7.704450e-10,5.393014e-12,2.827483e-01,9.850882e-10,1.096769e+02,2.254638e+09,1.045371e+02,1.652545e+09,1.222572e+02,2.448111e+09
175,monte carlo,1.041729e-11,1.008163e-01,6.066939e-10,5.273956e-10,3.117302e-13,1.945133e-11,3.415772e-01,1.165829e-09,1.111177e-09,4.378449e-13,1.996626e-11,3.999477e-01,6.843844e-10,4.204670e-10,2.913946e-13,1.038433e-11,2.089325e-01,1.016786e-09,5.810832e-10,4.992144e-13,4.850069e-08,4.170574e-01,1.492410e-13,1.772794e-09,6.743343e-08,4.927780e-01,1.714670e-13,8.406579e-10,4.772295e-08,3.637559e-01,1.192026e-13,1.739595e-09,-1.484070e-03,9.750871e-03,1.104666e-03,4.744500e-15,5.690756e-12,1.152915e-01,1.022127e-09,5.483827e-12,1.171370e-01,1.033201e-09,1.096032e+02,2.120236e+09,1.289719e+02,1.591848e+09,1.236483e+02,2.485154e+09
176,monte carlo,1.047737e-11,2.748735e-01,1.116982e-09,1.024540e-09,2.786640e-13,1.997963e-11,1.862956e-01,1.022658e-09,2.764130e-10,2.921990e-13,2.031660e-11,2.445773e-01,1.050936e-09,8.837602e-10,2.645808e-13,1.049032e-11,3.415562e-01,1.129247e-09,8.222823e-10,4.027271e-13,4.633899e-08,3.489579e-01,1.458976e-13,1.339235e-09,6.795097e-08,5.030147e-01,1.813323e-13,1.426874e-09,4.644011e-08,3.763658e-01,1.112688e-13,1.825989e-09,-1.536433e-03,3.674710e-04,-2.585250e-04,2.681257e-15,5.584965e-12,3.857703e-01,8.543497e-10,5.599051e-12,3.310535e-01,8.931075e-10,1.251540e+02,2.456546e+09,1.273169e+02,1.612154e+09,1.162932e+02,2.722089e+09
177,monte carlo,1.012459e-11,3.305143e-01,1.118848e-09,8.837756e-10,2.189045e-13,1.921526e-11,2.397304e-01,1.132984e-09,8.817119e-10,1.857664e-13,1.967226e-11,1.810761e-01,1.139633e-09,1.028472e-09,2.025165e-13,1.045743e-11,3.676400e-01,9.375169e-10,3.772797e-10,5.031898e-13,4.758120e-08,3.663448e-01,1.120604e-13,8.067336e-10,7.079967e-08,5.885913e-01,1.918907e-13,1.394546e-09,4.544019e-08,3.818023e-01,1.249415e-13,1.348531e-09,8.505195e-03,8.145319e-03,-1.049719e-04,4.946711e-15,5.361589e-12,3.759286e-01,8.881932e-10,5.554847e-12,2.224205e-01,6.474820e-10,1.224099e+02,2.432658e+09,1.133675e+02,1.723344e+09,1.121690e+02,2.638604e+09
178,monte carlo,1.042368e-11,2.348301e-01,7.955954e-10,1.202543e-09,2.188600e-13,1.939194e-11,2.626948e-01,1.007848e-09,1.092121e-09,2.260926e-13,1.928859e-11,1.664156e-01,6.663796e-10,1.188342e-09,3.211971e-13,1.022994e-11,2.135936e-01,7.363235e-10,9.664894e-10,4.813220e-13,4.768868e-08,4.429043e-01,1.642863e-13,1.014266e-09,6.692690e-08,5.572736e-01,2.053754e-13,1.276579e-09,4.830005e-08,4.536447e-01,1.955597e-13,1.441292e-09,6.095971e-03,4.757544e-03,1.627654e-04,3.178639e-15,5.507228e-12,3.795591e-01,7.143211e-10,5.429030e-12,1.581032e-01,8.470951e-10,1.014791e+02,2.442004e+09,1.131888e+02,1.660457e+09,1.003466e+02,2.104908e+09
179,monte carlo,9.647551e-12,3.594003e-01,7.724693e-10,1.069189e-09,3.484009e-13,2.069094e-11,1.683343e-01,1.138145e-09,8.810953e-10,2.268487e-13,1.972845e-11,2.023881e-01,8.838467e-10,9.249274e-10,5.025148e-13,1.007156e-11,3.292395e-01,8.086027e-10,3.051775e-10,4.779600e-13,4.780021e-08,3.549652e-01,1.209036e-13,7.700202e-10,6.867694e-08,5.088153e-01,1.957644e-13,1.508598e-09,4.556017e-08,3.951158e-01,1.588376e-13,1.434187e-09,-3.285223e-03,-6.576824e-03,-5.551814e-04,2.088276e-15,5.634358e-12,3.826640e-01,1.013194e-09,5.708834e-12,2.884767e-01,1.195774e-09,1.269157e+02,2.303422e+09,1.272102e+02,1.667363e+09,1.086756e+02,2.494328e+09
180,monte carlo,9.929477e-12,3.062456e-01,9.077386e-10,1.068021e-09,3.614274e-13,1.974074e-11,1.517644e-01,1.106626e-09,3.715518e-10,1.799534e-13,2.038313e-11,1.105188e-01,7.559145e-10,6.021311e-10,3.485370e-13,9.832248e-12,2.909129e-01,1.124061e-09,1.068187e-09,5.094613e-13,4.496416e-08,4.159353e-01,1.773719e-13,1.887596e-09,6.470645e-08,5.855752e-01,1.703698e-13,1.640940e-09,4.619694e-08,3.541944e-01,1.375814e-13,1.037823e-09,7.588540e-03,9.030084e-03,-2.012825e-03,3.979801e-15,5.568265e-12,1.971432e-01,6.081992e-10,5.573950e-12,2.681206e-01,6.428304e-10,1.018854e+02,2.350386e+09,1.041444e+02,1.652796e+09,1.229257e+02,2.390707e+09
181,monte carlo,9.966293e-12,2.690728e-01,8.682205e-10,8.728890e-10,5.143537e-13,2.043159e-11,3.821248e-01,1.098032e-09,9.217386e-10,2.462348e-13,1.999146e-11,3.930866e-01,8.534252e-10,1.047242e-09,3.762557e-13,1.048282e-11,1.786490e-01,1.060369e-09,5.296715e-10,4.213823e-13,4.613597e-08,4.051785e-01,1.069426e-13,1.886700e-09,6.877118e-08,5.486411e-01,2.102141e-13,5.895551e-10,4.557451e-08,3.742650e-01,1.424513e-13,1.911827e-09,-2.712641e-03,3.741387e-03,-2.341785e-03,3.613737e-15,5.654622e-12,3.604438e-01,8.148192e-10,5.538696e-12,1.158463e-01,1.055878e-09,1.073160e+02,2.574724e+09,1.181379e+02,1.535628e+09,1.147662e+02,2.564431e+09
182,monte carlo,9.874929e-12,2.122038e-01,9.241710e-10,1.221913e-09,5.210700e-13,2.057833e-11,2.404735e-01,7.347129e-10,9.447216e-10,2.955338e-13,1.902852e-11,3.222008e-01,6.354398e-10,1.287867e-09,4.878631e-13,9.763170e-12,1.545174e-01,9.668529e-10,6.776946e-10,2.615895e-13,4.684503e-08,4.072039e-01,1.498597e-13,5.237344e-10,6.968864e-08,6.461636e-01,1.840739e-13,1.224413e-09,4.671024e-08,3.554482e-01,1.196716e-13,1.038363e-09,-7.532162e-03,6.706407e-03,-3.009824e-04,1.543428e-15,5.370351e-12,3.904640e-01,1.020719e-09,5.715564e-12,3.045117e-01,7.665884e-10,1.084233e+02,2.164739e+09,1.016461e+02,1.614823e+09,1.238531e+02,2.594678e+09
183,monte carlo,1.020233e-11,2.876218e-01,6.515879e-10,7.167944e-10,3.397297e-13,2.000110e-11,3.773033e-01,6.574848e-10,8.244274e-10,4.701032e-13,1.955434e-11,2.968635e-01,7.581518e-10,1.248642e-09,3.055935e-13,9.505000e-12,2.510145e-01,8.114647e-10,3.776606e-10,2.906437e-13,4.687049e-08,3.804702e-01,1.453676e-13,1.494615e-09,6.550816e-08,4.875280e-01,1.416277e-13,1.249143e-09,4.570489e-08,4.141984e-01,1.984172e-13,1.337206e-09,-5.777559e-03,1.564855e-03,1.500930e-03,4.445742e-15,5.511601e-12,2.927189e-01,9.768508e-10,5.597379e-12,2.713955e-01,1.093800e-09,1.161047e+02,2.448295e+09,1.266389e+02,1.889389e+09,1.039981e+02,2.106925e+09
184,monte carlo,9.692231e-12,3.322254e-01,1.120833e-09,1.016365e-09,2.832699e-13,2.052779e-11,2.010858e-01,8.707337e-10,1.011295e-09,4.692222e-13,1.927769e-11,2.693531e-01,6.527938e-10,4.364718e-10,2.319432e-13,9.887720e-12,2.297470e-01,1.127673e-09,9.695518e-10,4.665995e-13,4.698049e-08,3.933947e-01,1.307371e-13,1.255191e-09,6.811437e-08,5.325618e-01,1.424460e-13,1.783303e-09,4.809287e-08,3.729546e-01,1.332736e-13,1.212436e-09,6.181337e-03,-4.609876e-03,2.959011e-03,2.819316e-15,5.683524e-12,1.190024e-01,6.197202e-10,5.356314e-12,1.825222e-01,1.036149e-09,1.125538e+02,2.368384e+09,1.205424e+02,1.791886e+09,1.215335e+02,2.324031e+09
185,monte carlo,1.009588e-11,1.261414e-01,7.813105e-10,1.078129e-09,3.850350e-13,1.973526e-11,3.337827e-01,9.810826e-10,1.092257e-09,1.900720e-13,1.924149e-11,1.364916e-01,9.132274e-10,8.930686e-10,4.362578e-13,1.028240e-11,3.255338e-01,6.648436e-10,1.208582e-09,1.723498e-13,4.553535e-08,3.787631e-01,1.642111e-13,1.197308e-09,6.761739e-08,4.962333e-01,2.047143e-13,1.886282e-09,4.592395e-08,4.270652e-01,1.076327e-13,1.555448e-09,3.142211e-03,9.652563e-03,-7.697342e-05,1.215739e-15,5.500245e-12,3.321636e-01,7.958662e-10,5.491361e-12,2.741239e-01,6.301788e-10,1.133058e+02,2.425346e+09,1.284232e+02,1.696993e+09,1.013482e+02,2.601383e+09
186,monte carlo,9.580907e-12,1.382805e-01,6.854501e-10,7.834367e-10,3.222794e-13,1.962608e-11,2.430513e-01,6.495939e-10,3.888665e-10,3.099772e-13,1.985445e-11,3.293761e-01,7.887481e-10,1.184126e-09,3.163779e-13,9.633742e-12,1.227775e-01,1.087483e-09,3.148822e-10,3.047669e-13,4.702469e-08,4.424745e-01,1.737304e-13,8.095226e-10,6.944698e-08,5.928254e-01,1.418233e-13,1.701459e-09,4.924033e-08,4.611617e-01,1.568955e-13,1.620568e-09,-9.940778e-03,-4.978811e-03,4.885680e-04,3.346620e-15,5.736749e-12,3.659977e-01,6.272360e-10,5.510466e-12,2.481498e-01,6.219761e-10,1.001633e+02,2.186434e+09,1.104073e+02,1.747787e+09,1.006326e+02,2.303655e+09
187,monte carlo,1.036683e-11,3.666308e-01,8.140444e-10,1.148555e-09,2.271342e-13,1.955227e-11,2.992555e-01,9.401320e-10,9.407686e-10,3.985168e-13,2.019204e-11,2.573885e-01,6.494688e-10,1.000152e-09,5.194731e-13,9.501008e-12,3.372060e-01,1.117825e-09,8.295683e-10,5.037825e-13,4.894716e-08,3.647410e-01,1.668916e-13,1.411650e-09,6.563120e-08,5.016506e-01,1.396308e-13,1.560260e-09,4.855244e-08,3.573410e-01,1.864394e-13,1.829095e-09,-3.129078e-03,4.988095e-03,-2.507914e-03,3.414815e-15,5.353191e-12,3.179126e-01,8.001190e-10,5.641063e-12,3.372383e-01,7.246068e-10,1.264777e+02,2.300976e+09,1.233048e+02,1.820451e+09,1.280558e+02,2.183327e+09
188,monte carlo,1.017905e-11,3.645254e-01,8.142863e-10,6.972600e-10,3.977145e-13,1.904866e-11,2.847720e-01,8.757195e-10,7.285059e-10,4.374780e-13,2.080324e-11,3.948633e-01,1.104703e-09,1.075216e-09,4.725236e-13,9.981346e-12,3.143485e-01,7.406932e-10,9.465837e-10,2.166064e-13,4.899237e-08,4.035775e-01,1.136923e-13,1.000622e-09,6.868936e-08,5.583381e-01,2.078789e-13,1.495362e-09,4.501272e-08,3.609230e-01,1.521014e-13,1.875537e-09,-2.565480e-03,8.508432e-04,-6.798834e-05,9.682332e-16,5.616788e-12,1.801972e-01,7.294341e-10,5.758434e-12,3.973670e-01,8.297147e-10,1.144123e+02,2.356255e+09,1.159480e+02,1.542111e+09,1.175417e+02,2.404537e+09
189,monte carlo,9.532523e-12,3.158843e-01,1.116033e-09,1.088735e-09,1.766590e-13,1.927837e-11,1.300792e-01,9.166690e-10,1.065462e-09,5.247629e-13,2.012728e-11,1.153704e-01,7.643589e-10,6.818553e-10,2.559413e-13,9.936974e-12,3.022805e-01,6.633020e-10,7.277962e-10,3.423191e-13,4.693896e-08,3.524292e-01,1.222856e-13,1.229869e-09,6.818204e-08,4.954996e-01,2.009936e-13,1.291789e-09,4.663772e-08,3.762750e-01,1.694639e-13,6.727753e-10,-6.933702e-03,-2.308599e-03,1.870538e-03,3.716717e-15,5.649627e-12,3.957985e-01,1.065470e-09,5.595079e-12,3.708990e-01,8.700924e-10,1.255257e+02,2.650882e+09,1.296874e+02,1.564294e+09,1.168162e+02,2.338555e+09
190,monte carlo,9.557252e-12,1.143505e-01,7.428165e-10,9.697733e-10,3.659423e-13,2.051938e-11,1.392224e-01,1.161211e-09,7.235854e-10,5.179331e-13,2.016574e-11,2.550960e-01,9.072183e-10,9.789702e-10,4.774837e-13,9.740239e-12,3.617351e-01,6.830023e-10,3.928027e-10,3.666226e-13,4.622224e-08,3.385455e-01,1.702855e-13,1.490270e-09,6.842105e-08,5.394166e-01,1.737155e-13,9.738808e-10,4.822610e-08,3.540559e-01,1.122936e-13,1.232386e-09,-9.261661e-03,3.574775e-03,1.987458e-03,3.832578e-15,5.669050e-12,3.507929e-01,9.664844e-10,5.479046e-12,1.306564e-01,1.122983e-09,1.286782e+02,2.141015e+09,1.195464e+02,1.762888e+09,1.283753e+02,2.585113e+09
191,monte carlo,1.037338e-11,2.930184e-01,7.757570e-10,7.990825e-10,2.118812e-13,2.009605e-11,2.469160e-01,8.304397e-10,1.097926e-09,2.676147e-13,2.059415e-11,3.977468e-01,7.860626e-10,1.129420e-09,5.074547e-13,1.000582e-11,1.501696e-01,9.512294e-10,4.854170e-10,3.031171e-13,4.856602e-08,3.596170e-01,1.591523e-13,1.267401e-09,7.021858e-08,5.642350e-01,1.881067e-13,1.732084e-09,4.501224e-08,3.972402e-01,1.448205e-13,8.131302e-10,8.946914e-03,6.794303e-03,-2.511237e-04,1.931681e-15,5.359622e-12,3.236751e-01,8.594704e-10,5.422020e-12,3.960892e-01,8.294270e-10,1.272809e+02,2.564302e+09,1.172906e+02,1.768421e+09,1.067944e+02,2.313872e+09
192,monte carlo,1.014163e-11,1.981595e-01,8.136657e-10,6.272277e-10,5.080625e-13,1.984077e-11,3.236471e-01,7.853376e-10,5.938893e-10,2.016216e-13,1.978345e-11,2.575195e-01,9.378082e-10,4.233883e-10,3.667937e-13,9.649603e-12,1.385256e-01,9.909416e-10,7.223745e-10,2.827112e-13,4.747575e-08,4.459119e-01,1.346973e-13,1.182860e-09,7.003370e-08,5.872637e-01,1.906927e-13,7.060591e-10,4.833492e-08,4.021082e-01,1.764788e-13,1.701155e-09,9.760404e-04,-6.190626e-03,9.877198e-04,1.225409e-15,5.603140e-12,3.238900e-01,1.129011e-09,5.377692e-12,1.999971e-01,8.171209e-10,1.003446e+02,2.415060e+09,1.123945e+02,1.795362e+09,1.132894e+02,2.215781e+09
193,monte carlo,9.560271e-12,1.216967e-01,6.475358e-10,6.347984e-10,2.643395e-13,1.969332e-11,3.330067e-01,8.025721e-10,8.696123e-10,2.967685e-13,2.091104e-11,2.249018e-01,1.056502e-09,4.646647e-10,3.277156e-13,9.965845e-12,3.119974e-01,8.375422e-10,7.941246e-10,3.142602e-13,4.707629e-08,3.494220e-01,1.326167e-13,1.333726e-09,7.010146e-08,5.114186e-01,1.511157e-13,1.890970e-09,4.732895e-08,3.783145e-01,1.153369e-13,1.997880e-09,-3.923310e-03,-7.808816e-03,1.687533e-03,2.949159e-15,5.528587e-12,3.764926e-01,1.061361e-09,5.535668e-12,2.308705e-01,6.471525e-10,1.269764e+02,2.489244e+09,1.291878e+02,1.689331e+09,1.179085e+02,2.528049e+09
194,monte carlo,1.004737e-11,3.379918e-01,1.097142e-09,7.202944e-10,2.973592e-13,2.081495e-11,2.269552e-01,8.973123e-10,5.559138e-10,2.850207e-13,1.977957e-11,1.116583e-01,6.880133e-10,8.135534e-10,3.001807e-13,9.749224e-12,1.514924e-01,1.162245e-09,9.366156e-10,3.361637e-13,4.576080e-08,4.042700e-01,1.928235e-13,8.988268e-10,7.045039e-08,6.147317e-01,1.994305e-13,1.403869e-09,4.934024e-08,3.824354e-01,1.081854e-13,1.955755e-09,1.652383e-03,-2.496511e-03,1.298264e-03,1.657108e-15,5.417978e-12,1.114485e-01,1.141122e-09,5.740538e-12,3.716705e-01,7.394301e-10,1.066825e+02,2.210056e+09,1.080112e+02,1.560272e+09,1.215946e+02,2.668513e+09
195,monte carlo,1.029531e-11,3.729687e-01,6.962925e-10,7.217273e-10,1.912040e-13,2.022396e-11,3.411287e-01,7.248301e-10,5.078309e-10,3.472579e-13,1.997558e-11,1.243812e-01,6.637101e-10,8.244414e-10,4.077413e-13,9.634119e-12,1.804283e-01,1.037893e-09,6.333734e-10,4.629115e-13,4.873659e-08,3.896793e-01,1.080563e-13,1.112960e-09,6.794537e-08,5.309834e-01,1.644976e-13,1.673495e-09,4.755449e-08,3.975814e-01,1.243104e-13,7.715306e-10,8.534675e-05,-4.419457e-03,-2.358309e-03,2.524976e-15,5.498951e-12,2.967372e-01,7.163852e-10,5.648402e-12,3.558932e-01,9.750086e-10,1.178742e+02,2.705290e+09,1.206008e+02,1.745039e+09,1.127293e+02,2.467790e+09
196,monte carlo,9.681556e-12,2.755866e-01,1.046954e-09,8.884900e-10,4.609373e-13,2.062005e-11,1.648887e-01,1.015749e-09,3.211056e-10,2.737544e-13,2.075257e-11,1.208428e-01,6.903462e-10,5.679178e-10,3.980053e-13,9.621739e-12,1.201267e-01,1.095875e-09,2.718181e-10,3.993107e-13,4.662841e-08,3.549841e-01,1.456162e-13,8.458922e-10,7.007631e-08,6.225066e-01,2.321212e-13,1.463953e-09,4.927443e-08,4.009566e-01,1.006717e-13,1.200546e-09,-4.820818e-03,-9.455053e-03,-6.847312e-04,1.157165e-15,5.835533e-12,2.079111e-01,6.534075e-10,5.762725e-12,1.656442e-01,6.219897e-10,1.237978e+02,2.671740e+09,1.060958e+02,1.520991e+09,1.158232e+02,2.543664e+09
197,monte carlo,1.012219e-11,2.601346e-01,6.378475e-10,5.028377e-10,4.941627e-13,1.999216e-11,1.246999e-01,7.048250e-10,1.007409e-09,5.249377e-13,1.995249e-11,2.601305e-01,1.007608e-09,2.842165e-10,5.266286e-13,1.045140e-11,2.485097e-01,6.335034e-10,5.044301e-10,3.996202e-13,4.853347e-08,4.063445e-01,1.322743e-13,8.428556e-10,6.475579e-08,6.022941e-01,1.606742e-13,5.328642e-10,4.830328e-08,4.128863e-01,1.092599e-13,1.796723e-09,-6.322593e-04,4.353233e-03,2.207853e-03,2.080695e-15,5.549306e-12,1.760977e-01,9.318204e-10,5.644260e-12,1.284638e-01,7.408759e-10,1.125688e+02,2.291320e+09,1.013307e+02,1.948623e+09,1.102598e+02,2.574670e+09
198,monte carlo,9.818018e-12,2.323563e-01,1.126670e-09,5.304676e-10,2.519802e-13,1.913962e-11,3.253898e-01,1.171009e-09,3.098407e-10,4.240303e-13,1.988075e-11,2.609332e-01,7.182662e-10,1.050545e-09,4.170501e-13,9.677135e-12,2.543458e-01,9.671801e-10,8.042053e-10,2.749191e-13,4.518970e-08,3.703057e-01,1.809253e-13,1.841825e-09,6.492926e-08,5.284710e-01,1.581000e-13,9.430950e-10,4.605992e-08,3.961129e-01,1.572744e-13,1.149072e-09,8.720618e-03,9.706914e-03,2.232542e-03,1.416472e-15,5.829092e-12,1.947931e-01,7.144843e-10,5.768677e-12,1.132249e-01,9.451172e-10,1.150139e+02,2.190805e+09,1.157952e+02,1.751945e+09,1.095911e+02,2.479317e+09
199,monte carlo,9.514912e-12,1.789187e-01,1.169724e-09,1.249536e-09,4.496390e-13,1.979676e-11,1.342623e-01,6.167392e-10,8.942652e-10,2.385539e-13,1.938254e-11,2.835972e-01,7.661876e-10,1.213155e-09,2.663502e-13,1.034689e-11,3.521344e-01,8.221541e-10,6.475688e-10,4.114879e-13,4.624989e-08,3.892853e-01,1.925772e-13,1.020098e-09,6.609396e-08,5.870099e-01,1.575181e-13,6.173863e-10,4.622060e-08,3.706864e-01,1.797905e-13,1.725331e-09,-2.682004e-03,2.080142e-03,1.829882e-03,4.946337e-15,5.667386e-12,2.914674e-01,1.130250e-09,5.662032e-12,3.010840e-01,6.107090e-10,1.119731e+02,2.139461e+09,1.061176e+02,1.909164e+09,1.175168e+02,2.305038e+09
200,monte carlo,1.011705e-11,3.473887e-01,1.058996e-09,4.973780e-10,3.688996e-13,1.965652e-11,2.915386e-01,9.527371e-10,3.064268e-10,3.263405e-13,1.926074e-11,3.722638e-01,9.884653e-10,1.006069e-09,2.272791e-13,1.024532e-11,3.721418e-01,6.278327e-10,8.221055e-10,1.718189e-13,4.835609e-08,3.868896e-01,1.213153e-13,1.806840e-09,6.942591e-08,6.473104e-01,1.854272e-13,5.532782e-10,4.676934e-08,3.497745e-01,1.534226e-13,8.327197e-10,-6.028338e-03,4.989261e-03,-2.270188e-03,3.965916e-15,5.610928e-12,1.754250e-01,6.038788e-10,5.616424e-12,1.415838e-01,1.067328e-09,1.177973e+02,2.487938e+09,1.010835e+02,1.643140e+09,1.260214e+02,2.621225e+09
201,monte carlo,1.020487e-11,1.332746e-01,6.532906e-10,6.916668e-10,2.036932e-13,2.075477e-11,2.096344e-01,1.158743e-09,1.272954e-09,5.083327e-13,1.934434e-11,2.489950e-01,1.163109e-09,9.308546e-10,5.227153e-13,9.766697e-12,1.045560e-01,9.236481e-10,1.286346e-09,2.580034e-13,4.577675e-08,3.496637e-01,1.775818e-13,1.246110e-09,7.130517e-08,5.222608e-01,1.890084e-13,9.522860e-10,4.755526e-08,3.501341e-01,1.168083e-13,6.417635e-10,-4.727948e-03,8.294775e-03,-1.062624e-03,2.920843e-15,5.773810e-12,1.331997e-01,9.247291e-10,5.448735e-12,3.047700e-01,7.743443e-10,1.233859e+02,2.298440e+09,1.286781e+02,1.689258e+09,1.280075e+02,2.578330e+09
202,monte carlo,1.038063e-11,1.597442e-01,1.029829e-09,6.096734e-10,4.702782e-13,2.021317e-11,2.375742e-01,6.417710e-10,7.570134e-10,3.033782e-13,1.975001e-11,3.344594e-01,1.072363e-09,4.097366e-10,3.333698e-13,9.682482e-12,2.247303e-01,7.532690e-10,6.435323e-10,2.664999e-13,4.928014e-08,4.352546e-01,1.596669e-13,1.462517e-09,6.491793e-08,4.866072e-01,1.339328e-13,8.713280e-10,4.510367e-08,3.672317e-01,1.222130e-13,9.971275e-10,6.578997e-03,6.521418e-03,-2.922879e-03,1.608736e-15,5.561780e-12,2.529317e-01,8.313109e-10,5.590789e-12,1.897166e-01,1.099499e-09,1.067087e+02,2.439478e+09,1.257353e+02,1.946542e+09,1.157558e+02,2.611345e+09
203,monte carlo,9.868567e-12,3.329884e-01,7.259752e-10,6.001385e-10,5.030995e-13,2.054624e-11,3.319222e-01,1.030694e-09,3.477167e-10,4.928198e-13,1.936553e-11,3.825678e-01,9.772151e-10,9.279168e-10,2.963594e-13,9.599056e-12,2.606146e-01,7.333855e-10,8.373242e-10,5.149714e-13,4.538838e-08,3.775909e-01,1.029365e-13,1.254262e-09,6.739152e-08,4.923503e-01,1.878032e-13,8.000160e-10,4.738647e-08,3.575161e-01,1.240218e-13,1.023559e-09,9.073661e-03,-6.973821e-03,2.143572e-03,2.078679e-15,5.619829e-12,1.705954e-01,8.621765e-10,5.482629e-12,1.397821e-01,7.894151e-10,1.132907e+02,2.704245e+09,1.290037e+02,1.844635e+09,1.249194e+02,2.365220e+09
204,monte carlo,9.615412e-12,1.074928e-01,6.118084e-10,5.132305e-10,2.687890e-13,2.045914e-11,1.268955e-01,6.767452e-10,9.825792e-10,1.955579e-13,2.023069e-11,2.055999e-01,9.167377e-10,1.013041e-09,4.062032e-13,1.026168e-11,3.875004e-01,1.118788e-09,5.916080e-10,4.319662e-13,4.482223e-08,3.954867e-01,1.823626e-13,5.958360e-10,7.001393e-08,5.965845e-01,1.419191e-13,1.811678e-09,4.876943e-08,3.912993e-01,1.739378e-13,7.664823e-10,4.773286e-03,5.042910e-03,1.996435e-03,4.022300e-15,5.470717e-12,3.004583e-01,1.025541e-09,5.607751e-12,1.695968e-01,7.405272e-10,1.068151e+02,2.221349e+09,1.106073e+02,1.929492e+09,1.174653e+02,2.339495e+09
205,monte carlo,1.040341e-11,2.411368e-01,8.335878e-10,1.288088e-09,2.032541e-13,1.923498e-11,1.846746e-01,7.299367e-10,4.015195e-10,2.182474e-13,2.006586e-11,3.804475e-01,6.018831e-10,4.335702e-10,1.710592e-13,1.025559e-11,2.284802e-01,8.759921e-10,6.045678e-10,4.803260e-13,4.792428e-08,4.190433e-01,1.333595e-13,1.410961e-09,7.130055e-08,5.645273e-01,1.845371e-13,1.507775e-09,4.573147e-08,3.949650e-01,1.523101e-13,1.289906e-09,-2.586369e-03,7.463113e-03,-1.709556e-03,1.297097e-15,5.811204e-12,3.433156e-01,7.225379e-10,5.637981e-12,2.495906e-01,9.634502e-10,1.077873e+02,2.542290e+09,1.190362e+02,1.722700e+09,1.091258e+02,2.586410e+09
206,monte carlo,9.563478e-12,2.764447e-01,1.039244e-09,7.096884e-10,2.685085e-13,2.030912e-11,1.972997e-01,9.870077e-10,1.048612e-09,2.520579e-13,2.096123e-11,2.544235e-01,1.190039e-09,4.876026e-10,5.208814e-13,9.807232e-12,3.363435e-01,9.112288e-10,4.566697e-10,4.736067e-13,4.715841e-08,3.708496e-01,1.284960e-13,1.602843e-09,6.772178e-08,5.697568e-01,1.349816e-13,1.609846e-09,4.707585e-08,4.299137e-01,1.778636e-13,1.363451e-09,6.659580e-03,5.865010e-03,-2.706627e-03,9.868843e-16,5.480013e-12,2.742658e-01,1.078012e-09,5.415995e-12,3.359224e-01,6.671120e-10,1.198485e+02,2.390487e+09,1.120237e+02,1.852414e+09,1.032020e+02,2.184038e+09
207,monte carlo,1.012195e-11,2.658676e-01,1.102714e-09,7.976550e-10,4.222790e-13,2.043807e-11,2.229082e-01,9.456602e-10,7.087549e-10,2.622399e-13,2.068508e-11,2.654162e-01,8.643895e-10,9.455531e-10,3.963483e-13,1.028951e-11,3.178281e-01,7.345627e-10,1.008878e-09,2.084657e-13,4.721135e-08,4.406038e-01,1.172742e-13,1.177540e-09,6.679550e-08,5.712845e-01,1.878155e-13,1.012587e-09,4.493968e-08,3.369195e-01,1.943315e-13,1.050097e-09,8.740832e-03,4.215202e-04,3.151409e-04,1.009826e-15,5.669828e-12,2.881200e-01,1.091313e-09,5.407675e-12,3.749460e-01,1.023159e-09,1.009879e+02,2.654677e+09,1.101960e+02,1.839454e+09,1.257115e+02,2.146978e+09
208,monte carlo,1.033683e-11,2.438140e-01,6.503518e-10,4.496645e-10,3.315819e-13,2.038761e-11,2.172784e-01,1.175438e-09,5.829091e-10,5.054927e-13,1.993835e-11,3.878533e-01,7.304285e-10,4.999846e-10,3.575644e-13,1.009267e-11,3.804549e-01,9.062899e-10,7.472745e-10,2.158126e-13,4.621142e-08,3.401736e-01,1.082859e-13,1.560399e-09,7.088996e-08,6.185504e-01,1.970391e-13,1.839303e-09,4.563017e-08,3.930096e-01,1.714508e-13,1.404248e-09,7.709043e-03,-2.407342e-03,-2.322062e-03,3.642061e-15,5.691804e-12,3.274386e-01,6.811977e-10,5.455383e-12,1.394933e-01,7.397447e-10,1.280324e+02,2.500588e+09,1.080142e+02,1.511040e+09,1.094259e+02,2.140107e+09
209,monte carlo,9.716271e-12,1.903270e-01,7.217180e-10,9.554191e-10,4.044961e-13,2.036391e-11,3.253038e-01,6.466500e-10,1.141596e-09,4.476685e-13,2.038131e-11,3.139088e-01,7.575635e-10,9.441840e-10,3.483809e-13,9.618722e-12,2.353535e-01,7.081145e-10,3.914181e-10,3.866639e-13,4.493447e-08,3.920296e-01,1.116989e-13,1.812577e-09,6.790618e-08,4.979673e-01,1.908526e-13,1.607574e-09,4.898056e-08,4.299508e-01,1.473194e-13,1.460520e-09,4.465083e-04,-3.056697e-03,2.314345e-03,4.342691e-15,5.368808e-12,1.445074e-01,7.853606e-10,5.461582e-12,1.747849e-01,9.892407e-10,1.080269e+02,2.585636e+09,1.285226e+02,1.719470e+09,1.073683e+02,2.452334e+09
210,monte carlo,1.001642e-11,2.503277e-01,8.476217e-10,5.245171e-10,4.502244e-13,2.069227e-11,2.128415e-01,1.178140e-09,5.341143e-10,4.710780e-13,1.912771e-11,2.080074e-01,1.047192e-09,8.749518e-10,3.248016e-13,1.040292e-11,2.268440e-01,1.138669e-09,5.641105e-10,3.230559e-13,4.803673e-08,4.022475e-01,1.064377e-13,7.326106e-10,6.548823e-08,5.002982e-01,1.462951e-13,9.010737e-10,4.788198e-08,4.264211e-01,1.401136e-13,7.779495e-10,-9.046490e-03,1.159114e-03,2.850280e-03,1.806066e-15,5.667660e-12,3.656350e-01,1.037299e-09,5.749611e-12,3.696764e-01,7.242884e-10,1.125515e+02,2.690917e+09,1.233688e+02,1.909380e+09,1.058290e+02,2.531491e+09
211,monte carlo,1.007158e-11,2.363317e-01,8.323814e-10,1.039090e-09,4.534637e-13,1.960719e-11,1.476714e-01,1.018359e-09,3.328164e-10,4.501677e-13,2.048043e-11,3.030819e-01,8.535252e-10,1.009866e-09,5.231373e-13,9.846311e-12,2.943176e-01,1.082832e-09,4.109620e-10,2.299386e-13,4.698764e-08,3.407216e-01,1.184441e-13,1.138957e-09,6.603517e-08,5.599686e-01,1.791243e-13,5.922863e-10,4.509701e-08,3.936426e-01,1.750426e-13,1.001390e-09,-3.453754e-03,-5.218064e-03,-1.253232e-03,2.822932e-15,5.567596e-12,3.761525e-01,7.693353e-10,5.361189e-12,3.237553e-01,1.020737e-09,1.299736e+02,2.690394e+09,1.111432e+02,1.913619e+09,1.079734e+02,2.184651e+09
212,monte carlo,1.044233e-11,1.702157e-01,1.071096e-09,1.188520e-09,3.348612e-13,1.933902e-11,2.092119e-01,8.443569e-10,9.551448e-10,4.713690e-13,1.994812e-11,3.365633e-01,1.187570e-09,1.101182e-09,4.787390e-13,1.013797e-11,1.892799e-01,8.475603e-10,1.082181e-09,3.547596e-13,4.527542e-08,3.827194e-01,1.521579e-13,6.025730e-10,7.036875e-08,6.266567e-01,1.650250e-13,1.289341e-09,4.919270e-08,3.691650e-01,1.517767e-13,1.030474e-09,-7.405503e-03,-2.773783e-03,-8.763070e-04,7.170363e-16,5.509838e-12,3.956710e-01,1.084319e-09,5.654957e-12,1.064588e-01,9.895778e-10,1.114944e+02,2.291818e+09,1.058331e+02,1.734040e+09,1.255889e+02,2.594821e+09
213,monte carlo,1.002469e-11,1.695366e-01,1.015336e-09,1.278021e-09,1.842319e-13,2.052548e-11,3.544273e-01,9.027574e-10,5.537032e-10,5.263593e-13,2.063308e-11,3.701837e-01,9.576100e-10,9.708695e-10,2.385411e-13,9.545590e-12,2.973075e-01,1.190864e-09,6.451022e-10,2.843788e-13,4.538464e-08,3.403063e-01,1.697493e-13,1.842403e-09,6.910627e-08,5.660729e-01,1.806296e-13,1.439546e-09,4.802849e-08,3.943967e-01,1.502090e-13,1.174667e-09,2.991993e-03,6.099739e-03,-1.063471e-03,1.509170e-15,5.371873e-12,1.150474e-01,8.734033e-10,5.755628e-12,3.140362e-01,9.975064e-10,1.256927e+02,2.266793e+09,1.150578e+02,1.860389e+09,1.147722e+02,2.675839e+09
214,monte carlo,9.803576e-12,2.784983e-01,9.566608e-10,1.105879e-09,1.883395e-13,2.048473e-11,3.156057e-01,1.111538e-09,5.598985e-10,2.848143e-13,1.927466e-11,1.016571e-01,6.987121e-10,3.005663e-10,3.329679e-13,9.800098e-12,3.864995e-01,8.185655e-10,2.864260e-10,2.016313e-13,4.475082e-08,3.916463e-01,1.567554e-13,1.092279e-09,6.788107e-08,6.085168e-01,1.732800e-13,1.495175e-09,4.661195e-08,4.390599e-01,1.447695e-13,1.510981e-09,5.072999e-03,5.720131e-03,2.614594e-03,1.370074e-15,5.550991e-12,3.913115e-01,6.584596e-10,5.517742e-12,3.168353e-01,1.192807e-09,1.076907e+02,2.235832e+09,1.051350e+02,1.945112e+09,1.000563e+02,2.317414e+09
215,monte carlo,1.043859e-11,2.482195e-01,6.825180e-10,1.283440e-09,1.964423e-13,2.090562e-11,1.030870e-01,6.403083e-10,6.114325e-10,3.846434e-13,2.003189e-11,2.427839e-01,1.064942e-09,1.163469e-09,1.961018e-13,1.002936e-11,1.711030e-01,9.195098e-10,8.330309e-10,4.855436e-13,4.822576e-08,4.432130e-01,1.286984e-13,1.068256e-09,7.037628e-08,5.329013e-01,1.608595e-13,1.100306e-09,4.538442e-08,4.115216e-01,1.220911e-13,1.894579e-09,-1.656223e-03,-7.189026e-04,-2.601650e-03,4.821515e-15,5.426745e-12,2.835179e-01,6.580834e-10,5.622954e-12,3.331937e-01,1.130515e-09,1.025505e+02,2.404137e+09,1.244660e+02,1.865083e+09,1.039406e+02,2.685568e+09
216,monte carlo,9.515444e-12,2.161478e-01,1.171335e-09,4.341547e-10,4.107151e-13,1.968023e-11,3.611730e-01,1.053171e-09,7.020267e-10,4.691130e-13,1.970776e-11,1.842622e-01,6.440787e-10,9.214417e-10,4.153190e-13,9.832461e-12,2.265338e-01,1.089892e-09,9.919308e-10,2.338197e-13,4.872600e-08,3.646188e-01,1.684685e-13,1.013667e-09,6.714147e-08,5.436495e-01,1.363596e-13,7.301615e-10,4.853655e-08,3.623367e-01,1.491518e-13,1.644249e-09,7.896308e-03,-7.228757e-03,-8.359764e-04,1.398760e-15,5.536495e-12,1.940636e-01,6.868473e-10,5.567607e-12,3.919540e-01,1.093116e-09,1.259484e+02,2.315994e+09,1.163973e+02,1.807200e+09,1.262489e+02,2.699888e+09
217,monte carlo,1.037034e-11,1.748287e-01,1.175422e-09,3.029793e-10,1.942295e-13,2.060145e-11,1.575709e-01,1.105961e-09,7.214077e-10,5.012997e-13,2.017575e-11,1.075304e-01,8.540374e-10,1.083231e-09,2.563124e-13,9.929160e-12,1.102723e-01,1.082674e-09,6.004827e-10,4.327641e-13,4.528955e-08,3.548664e-01,1.349230e-13,1.936426e-09,7.042814e-08,6.120890e-01,1.777773e-13,1.134566e-09,4.499958e-08,3.558171e-01,1.524021e-13,1.768746e-09,2.300313e-03,1.810165e-03,-1.264446e-04,4.002299e-15,5.549372e-12,2.985841e-01,8.425448e-10,5.592622e-12,3.530518e-01,1.037962e-09,1.202830e+02,2.527173e+09,1.084433e+02,1.736889e+09,1.191936e+02,2.642823e+09
218,monte carlo,9.789584e-12,2.058196e-01,8.785500e-10,1.104762e-09,3.974544e-13,1.994279e-11,2.618706e-01,1.033595e-09,8.980074e-10,2.136969e-13,2.015105e-11,1.303269e-01,6.928292e-10,9.382201e-10,4.525976e-13,1.049452e-11,2.583634e-01,9.593348e-10,1.269605e-09,2.839518e-13,4.549931e-08,3.555573e-01,1.488640e-13,9.077654e-10,7.106244e-08,5.720002e-01,1.924423e-13,8.579376e-10,4.851930e-08,3.812446e-01,1.088111e-13,1.010162e-09,-8.745786e-04,-7.115534e-03,8.501228e-04,1.974438e-15,5.484517e-12,1.927594e-01,8.229957e-10,5.832956e-12,2.579906e-01,6.057716e-10,1.206053e+02,2.245014e+09,1.170887e+02,1.512479e+09,1.199449e+02,2.581069e+09
219,monte carlo,9.996725e-12,1.089588e-01,9.103521e-10,7.480180e-10,2.438598e-13,1.906156e-11,2.389346e-01,1.031020e-09,4.812248e-10,4.397287e-13,2.059381e-11,3.918369e-01,9.078488e-10,5.851810e-10,2.318695e-13,9.856706e-12,1.742316e-01,1.112132e-09,4.545433e-10,4.261811e-13,4.699502e-08,4.134847e-01,1.345614e-13,1.785981e-09,6.985222e-08,6.255694e-01,1.997538e-13,1.295091e-09,4.560357e-08,4.047932e-01,1.459190e-13,6.208227e-10,6.995882e-03,3.461477e-03,1.525617e-03,8.465867e-16,5.488292e-12,2.753372e-01,9.079021e-10,5.717664e-12,2.471682e-01,7.097654e-10,1.071183e+02,2.413370e+09,1.052388e+02,1.718553e+09,1.061785e+02,2.664567e+09
220,monte carlo,9.531938e-12,3.947726e-01,1.021467e-09,8.910494e-10,5.217582e-13,2.034044e-11,2.347688e-01,9.271521e-10,1.103925e-09,2.699848e-13,1.974024e-11,2.444791e-01,1.095148e-09,9.343849e-10,1.781891e-13,1.043373e-11,1.585912e-01,8.486391e-10,6.719322e-10,3.171656e-13,4.507665e-08,3.447003e-01,1.756450e-13,1.290370e-09,7.113844e-08,6.388342e-01,2.090548e-13,8.024407e-10,4.806473e-08,3.615803e-01,1.460069e-13,8.147812e-10,7.389868e-03,2.250808e-03,-1.192504e-03,3.590869e-15,5.424690e-12,2.277494e-01,8.521439e-10,5.840373e-12,3.062619e-01,1.087145e-09,1.232483e+02,2.216034e+09,1.049512e+02,1.653825e+09,1.252832e+02,2.304850e+09
221,monte carlo,9.544451e-12,2.342053e-01,1.015428e-09,1.210755e-09,2.785689e-13,1.925446e-11,1.147892e-01,9.362692e-10,1.188666e-09,1.832835e-13,2.065419e-11,3.533592e-01,1.138557e-09,1.278924e-09,4.891327e-13,9.922452e-12,3.361528e-01,8.717151e-10,4.534831e-10,2.024482e-13,4.867213e-08,4.413080e-01,1.667146e-13,5.554662e-10,6.636651e-08,5.785897e-01,2.059459e-13,1.743094e-09,4.672178e-08,3.766046e-01,1.071944e-13,5.270164e-10,-8.941427e-03,4.688320e-03,1.972369e-03,4.159105e-15,5.352702e-12,1.039853e-01,6.517190e-10,5.821996e-12,3.251992e-01,7.796517e-10,1.039464e+02,2.169093e+09,1.081059e+02,1.700651e+09,1.169243e+02,2.685600e+09
222,monte carlo,1.009218e-11,2.531504e-01,1.108940e-09,3.237679e-10,3.779430e-13,1.930365e-11,3.062642e-01,6.177874e-10,8.430119e-10,4.219735e-13,2.028218e-11,2.079599e-01,9.405599e-10,9.843608e-10,5.285222e-13,1.017560e-11,3.235089e-01,9.525453e-10,9.741656e-10,2.538722e-13,4.494824e-08,4.145610e-01,1.712296e-13,1.766786e-09,7.128454e-08,6.454278e-01,1.491999e-13,8.749141e-10,4.696611e-08,4.252226e-01,1.776922e-13,1.405103e-09,6.296377e-03,4.954001e-03,8.180279e-04,1.893472e-15,5.665135e-12,2.747361e-01,7.363547e-10,5.562000e-12,3.911128e-01,8.627022e-10,1.021870e+02,2.375491e+09,1.040924e+02,1.698046e+09,1.040973e+02,2.248443e+09
223,monte carlo,1.048204e-11,1.142598e-01,7.876935e-10,3.612873e-10,3.624535e-13,2.093858e-11,2.613246e-01,8.676693e-10,9.504075e-10,3.157038e-13,1.974817e-11,2.899385e-01,9.006574e-10,1.003594e-09,1.886499e-13,1.019115e-11,1.352343e-01,8.501118e-10,1.121717e-09,2.907229e-13,4.693829e-08,4.366634e-01,1.752730e-13,1.316439e-09,6.613679e-08,5.901915e-01,2.217769e-13,6.530306e-10,4.634436e-08,3.919749e-01,1.692557e-13,1.296534e-09,-2.728701e-03,-3.261778e-03,-1.079187e-03,4.893775e-15,5.649797e-12,1.470613e-01,8.150508e-10,5.361729e-12,1.454530e-01,1.139898e-09,1.013098e+02,2.170863e+09,1.056140e+02,1.623825e+09,1.114320e+02,2.311218e+09
224,monte carlo,9.636346e-12,3.088630e-01,1.073087e-09,1.029755e-09,1.796818e-13,2.040913e-11,3.678035e-01,7.692770e-10,1.048327e-09,3.849181e-13,2.011083e-11,2.909182e-01,8.254781e-10,8.813606e-10,4.784383e-13,1.030334e-11,2.980993e-01,1.050813e-09,8.053483e-10,2.199929e-13,4.568344e-08,4.006801e-01,1.353925e-13,7.601891e-10,6.486308e-08,4.942621e-01,1.484222e-13,5.026871e-10,4.788242e-08,4.113995e-01,1.339898e-13,1.719664e-09,1.048991e-03,1.620724e-03,-1.314629e-03,4.928971e-15,5.793027e-12,1.540532e-01,6.662118e-10,5.750134e-12,3.914666e-01,6.757879e-10,1.074564e+02,2.462599e+09,1.236834e+02,1.797361e+09,1.096942e+02,2.323235e+09
225,monte carlo,1.008958e-11,2.360732e-01,1.032811e-09,7.556022e-10,2.215604e-13,2.062248e-11,1.846647e-01,1.091735e-09,1.250716e-09,2.935300e-13,1.997095e-11,1.453954e-01,7.555370e-10,1.128113e-09,3.594088e-13,9.547074e-12,2.887892e-01,7.133999e-10,6.858970e-10,4.563825e-13,4.877037e-08,3.952176e-01,1.516005e-13,1.682159e-09,7.031604e-08,5.525446e-01,1.647866e-13,1.114204e-09,4.725355e-08,4.011801e-01,1.692372e-13,1.846241e-09,8.374870e-03,-8.204466e-03,1.187983e-03,1.897166e-15,5.700875e-12,1.478981e-01,8.108107e-10,5.611630e-12,1.412474e-01,1.188874e-09,1.163030e+02,2.634757e+09,1.199384e+02,1.931293e+09,1.110111e+02,2.391508e+09
226,monte carlo,1.021543e-11,2.606165e-01,7.254126e-10,1.039341e-09,2.500532e-13,2.077134e-11,1.349448e-01,8.277530e-10,7.482783e-10,2.598560e-13,2.094176e-11,1.390535e-01,9.576209e-10,1.107641e-09,2.036101e-13,1.016575e-11,1.674973e-01,6.055277e-10,1.154553e-09,4.442096e-13,4.910127e-08,3.622604e-01,1.295053e-13,5.410812e-10,6.890692e-08,5.067005e-01,1.755624e-13,1.140438e-09,4.803301e-08,4.365820e-01,1.424465e-13,8.414951e-10,-2.151415e-03,6.482315e-04,2.893404e-03,4.467318e-15,5.426724e-12,3.830637e-01,6.549848e-10,5.390153e-12,3.171181e-01,6.022649e-10,1.277447e+02,2.247492e+09,1.281689e+02,1.571640e+09,1.036919e+02,2.212920e+09
227,monte carlo,9.749623e-12,2.259409e-01,1.125550e-09,8.780272e-10,2.818834e-13,1.959109e-11,2.240839e-01,7.978747e-10,9.288432e-10,2.532226e-13,1.941651e-11,3.917856e-01,9.358550e-10,4.305556e-10,1.761468e-13,9.513310e-12,1.875316e-01,8.021553e-10,1.011020e-09,1.760272e-13,4.899104e-08,3.831034e-01,1.827478e-13,1.244017e-09,6.634103e-08,6.105554e-01,2.137502e-13,5.510947e-10,4.485504e-08,3.541240e-01,1.198017e-13,8.027290e-10,1.603248e-03,3.766947e-03,-2.260777e-03,4.002211e-15,5.440300e-12,2.582686e-01,1.099646e-09,5.742508e-12,2.762406e-01,9.695785e-10,1.205235e+02,2.181132e+09,1.024067e+02,1.609490e+09,1.193787e+02,2.545469e+09
228,monte carlo,9.504984e-12,3.438940e-01,8.019999e-10,1.077265e-09,3.504651e-13,2.092848e-11,2.778934e-01,6.458327e-10,1.169615e-09,1.816476e-13,2.007849e-11,1.793415e-01,8.967736e-10,1.218963e-09,1.844193e-13,9.953434e-12,3.310623e-01,7.902992e-10,5.882776e-10,3.110404e-13,4.639664e-08,3.760226e-01,1.094447e-13,7.241295e-10,7.003144e-08,6.511074e-01,1.466876e-13,1.762745e-09,4.556447e-08,3.653832e-01,1.168649e-13,9.603050e-10,-7.016055e-03,1.312347e-03,2.413244e-03,2.845880e-15,5.838048e-12,3.348400e-01,1.069321e-09,5.490202e-12,2.123805e-01,7.893079e-10,1.162904e+02,2.644338e+09,1.013705e+02,1.758962e+09,1.175300e+02,2.638454e+09
229,monte carlo,1.031930e-11,2.054520e-01,7.648555e-10,1.281030e-09,2.621891e-13,1.974945e-11,1.792530e-01,9.593874e-10,4.016213e-10,5.238522e-13,1.982910e-11,3.691729e-01,6.092557e-10,5.860665e-10,4.218090e-13,1.041227e-11,3.810693e-01,7.317690e-10,1.281423e-09,3.583342e-13,4.774902e-08,4.409826e-01,1.423573e-13,1.844760e-09,6.570695e-08,5.673206e-01,1.747064e-13,1.838960e-09,4.536825e-08,3.699963e-01,1.520128e-13,8.087204e-10,-1.651991e-03,9.953137e-03,-9.557553e-04,4.733485e-15,5.416392e-12,1.531317e-01,1.069340e-09,5.821106e-12,1.115202e-01,6.505533e-10,1.020503e+02,2.292463e+09,1.091576e+02,1.836124e+09,1.155648e+02,2.663630e+09
230,monte carlo,9.977618e-12,1.459428e-01,9.417731e-10,4.480142e-10,2.751712e-13,2.093667e-11,1.450663e-01,7.824460e-10,4.652279e-10,2.177160e-13,2.024958e-11,2.289500e-01,7.320881e-10,8.895151e-10,1.713168e-13,9.511709e-12,2.834953e-01,9.475344e-10,6.738152e-10,3.968402e-13,4.809827e-08,4.200453e-01,1.469760e-13,1.073431e-09,7.099012e-08,5.619090e-01,1.524171e-13,1.101155e-09,4.851405e-08,3.679996e-01,1.323391e-13,1.589222e-09,-2.343751e-03,7.667463e-03,-1.910494e-03,1.000464e-15,5.736214e-12,1.895420e-01,1.186372e-09,5.774468e-12,1.570370e-01,9.666184e-10,1.079206e+02,2.605664e+09,1.190702e+02,1.783566e+09,1.242485e+02,2.214711e+09
231,monte carlo,9.579428e-12,3.942569e-01,8.408288e-10,9.000734e-10,4.150349e-13,1.917199e-11,1.343859e-01,1.012028e-09,1.208627e-09,2.430896e-13,1.964460e-11,1.787769e-01,7.497424e-10,9.459719e-10,2.889751e-13,9.831099e-12,3.807688e-01,9.470052e-10,5.632350e-10,2.645967e-13,4.516231e-08,3.853569e-01,1.947794e-13,7.676480e-10,6.878704e-08,5.938031e-01,1.915558e-13,1.447071e-09,4.633296e-08,4.124028e-01,1.478563e-13,1.946783e-09,6.231483e-03,1.412231e-03,-5.105576e-04,2.833649e-15,5.540437e-12,1.268466e-01,6.994546e-10,5.481173e-12,3.844587e-01,1.122101e-09,1.104547e+02,2.108493e+09,1.091780e+02,1.600377e+09,1.058862e+02,2.648484e+09
232,monte carlo,9.678551e-12,2.162650e-01,1.019595e-09,5.854589e-10,5.170469e-13,1.994499e-11,3.559646e-01,9.548634e-10,5.554304e-10,2.508975e-13,1.936570e-11,1.492930e-01,7.641699e-10,1.056138e-09,2.322456e-13,1.010771e-11,1.019658e-01,7.225595e-10,8.663866e-10,3.726225e-13,4.566930e-08,4.216717e-01,1.546737e-13,1.007883e-09,7.041225e-08,5.503925e-01,1.654368e-13,7.851387e-10,4.846488e-08,3.926493e-01,1.389414e-13,1.599587e-09,-4.988176e-03,7.001311e-03,-2.956495e-03,3.187021e-15,5.392471e-12,1.948587e-01,1.032487e-09,5.697552e-12,3.945020e-01,7.513662e-10,1.020754e+02,2.705703e+09,1.205721e+02,1.867313e+09,1.163305e+02,2.696835e+09
233,monte carlo,1.004527e-11,3.757852e-01,6.197780e-10,3.470075e-10,3.667037e-13,2.047562e-11,3.462981e-01,1.031488e-09,5.791241e-10,2.658033e-13,2.025750e-11,1.321636e-01,8.087052e-10,4.427598e-10,4.691702e-13,9.590187e-12,3.534444e-01,7.515357e-10,9.970624e-10,4.566451e-13,4.484849e-08,3.679742e-01,1.424477e-13,5.405155e-10,6.904273e-08,5.069412e-01,1.803340e-13,1.978853e-09,4.571047e-08,4.217880e-01,1.697891e-13,5.891731e-10,-5.506870e-03,-5.343186e-04,2.266934e-03,7.958799e-16,5.478248e-12,3.373481e-01,1.108763e-09,5.499981e-12,1.915357e-01,9.640395e-10,1.148687e+02,2.470497e+09,1.283605e+02,1.828080e+09,1.021392e+02,2.239818e+09
234,monte carlo,9.662189e-12,2.032694e-01,9.227715e-10,8.988935e-10,2.202671e-13,2.026353e-11,1.682595e-01,1.002027e-09,7.040337e-10,2.048787e-13,1.985552e-11,2.898164e-01,6.822355e-10,6.472982e-10,4.429104e-13,1.022737e-11,3.129278e-01,1.156533e-09,1.294622e-09,4.156188e-13,4.490859e-08,3.465304e-01,1.195250e-13,6.633149e-10,6.955011e-08,5.462415e-01,1.688092e-13,8.639100e-10,4.912560e-08,3.920461e-01,1.130208e-13,1.655813e-09,9.406985e-03,-7.253469e-03,2.042204e-03,3.373662e-15,5.488223e-12,3.921512e-01,9.691450e-10,5.771325e-12,1.854265e-01,6.080213e-10,1.221404e+02,2.545819e+09,1.200008e+02,1.647336e+09,1.180978e+02,2.450443e+09
235,monte carlo,9.688902e-12,1.887017e-01,1.003914e-09,3.025646e-10,1.982242e-13,2.082365e-11,2.390838e-01,9.260128e-10,8.080027e-10,4.911130e-13,2.015967e-11,1.424292e-01,8.503887e-10,5.218714e-10,2.597293e-13,9.893797e-12,1.957832e-01,7.874525e-10,1.181380e-09,2.620638e-13,4.642980e-08,3.410942e-01,1.195816e-13,1.175696e-09,6.487869e-08,5.315567e-01,1.542777e-13,1.792433e-09,4.866282e-08,3.544895e-01,1.791394e-13,6.415323e-10,-3.780139e-03,-9.184472e-03,9.718553e-05,3.778325e-15,5.371412e-12,1.748418e-01,1.113573e-09,5.800534e-12,1.525062e-01,9.515254e-10,1.282903e+02,2.713193e+09,1.150333e+02,1.939183e+09,1.293794e+02,2.264008e+09
236,monte carlo,1.022634e-11,3.662134e-01,7.312664e-10,7.886516e-10,5.029109e-13,1.969293e-11,1.118182e-01,7.226229e-10,3.770401e-10,4.825531e-13,2.029098e-11,2.144158e-01,8.321587e-10,3.837155e-10,2.715639e-13,1.020582e-11,2.855439e-01,7.185222e-10,7.421338e-10,3.832305e-13,4.894316e-08,3.935358e-01,1.803459e-13,1.753704e-09,6.894253e-08,5.666678e-01,1.711420e-13,1.330393e-09,4.880249e-08,3.694202e-01,1.663943e-13,1.172132e-09,-5.000469e-03,-6.900623e-03,2.896144e-03,3.986688e-15,5.678642e-12,3.853005e-01,1.009368e-09,5.715963e-12,2.496460e-01,8.515825e-10,1.172138e+02,2.244364e+09,1.146647e+02,1.722843e+09,1.245066e+02,2.163456e+09
237,monte carlo,9.841792e-12,1.388686e-01,1.015965e-09,5.930170e-10,3.192300e-13,1.913405e-11,1.007452e-01,1.163886e-09,1.197740e-09,1.942981e-13,1.900594e-11,3.424475e-01,1.062796e-09,9.083469e-10,4.029963e-13,1.019400e-11,3.985212e-01,7.757682e-10,4.987022e-10,2.629776e-13,4.866117e-08,4.344553e-01,1.579006e-13,7.612949e-10,6.570540e-08,4.992563e-01,1.606384e-13,1.660885e-09,4.868207e-08,4.492008e-01,1.685656e-13,1.765362e-09,5.696105e-03,3.112052e-03,2.836766e-03,3.752981e-15,5.813391e-12,3.656216e-01,7.544134e-10,5.484482e-12,3.128854e-01,1.075094e-09,1.055622e+02,2.581861e+09,1.240363e+02,1.845081e+09,1.021409e+02,2.131130e+09
238,monte carlo,1.002071e-11,1.215241e-01,1.152138e-09,4.328063e-10,4.354294e-13,1.948602e-11,2.963211e-01,1.153436e-09,5.120130e-10,5.000526e-13,2.021357e-11,2.123336e-01,7.907893e-10,1.222485e-09,1.793664e-13,9.961927e-12,1.602542e-01,7.469107e-10,1.241171e-09,3.441453e-13,4.669326e-08,3.582962e-01,1.064807e-13,1.677281e-09,6.870182e-08,5.805027e-01,2.014845e-13,9.715876e-10,4.580058e-08,4.102166e-01,1.388921e-13,1.619767e-09,-9.975054e-03,2.388123e-03,-2.108731e-03,7.445748e-16,5.562803e-12,1.413254e-01,9.549483e-10,5.835311e-12,1.229941e-01,8.180610e-10,1.228240e+02,2.692262e+09,1.115412e+02,1.559698e+09,1.052274e+02,2.379961e+09
239,monte carlo,1.030455e-11,3.159446e-01,1.024739e-09,5.721787e-10,2.369665e-13,1.904426e-11,3.278185e-01,7.661590e-10,7.852568e-10,2.763912e-13,2.005537e-11,1.584849e-01,1.053805e-09,1.095531e-09,3.896830e-13,9.769346e-12,1.708867e-01,1.175287e-09,8.511531e-10,3.856690e-13,4.723871e-08,3.835692e-01,1.590271e-13,1.172217e-09,6.764842e-08,5.651348e-01,2.033993e-13,1.751946e-09,4.498028e-08,3.998559e-01,1.572011e-13,1.028444e-09,-2.232793e-03,-1.724180e-03,2.694557e-03,4.808853e-15,5.609924e-12,2.456836e-01,1.105218e-09,5.640017e-12,1.693703e-01,1.168098e-09,1.160714e+02,2.408817e+09,1.128176e+02,1.656333e+09,1.060205e+02,2.350404e+09
240,monte carlo,1.040245e-11,3.877947e-01,1.013957e-09,1.209881e-09,3.528322e-13,1.911202e-11,3.187583e-01,9.350881e-10,5.961265e-10,4.625449e-13,1.946355e-11,3.630814e-01,1.074096e-09,1.085577e-09,3.567712e-13,9.742933e-12,1.479529e-01,9.741231e-10,5.309835e-10,2.290623e-13,4.477477e-08,3.879835e-01,1.478854e-13,1.006638e-09,6.620538e-08,5.369327e-01,2.198094e-13,1.349981e-09,4.832089e-08,3.824787e-01,1.404509e-13,9.431967e-10,4.780799e-03,-7.517044e-03,4.072634e-04,2.142664e-15,5.493776e-12,1.540436e-01,6.051364e-10,5.393098e-12,3.927242e-01,1.067322e-09,1.087655e+02,2.274384e+09,1.162103e+02,1.602605e+09,1.190690e+02,2.418096e+09
241,monte carlo,1.006143e-11,1.667892e-01,1.022128e-09,7.076615e-10,3.418414e-13,2.040099e-11,1.847273e-01,1.175157e-09,1.176568e-09,4.348004e-13,2.080667e-11,1.555839e-01,1.147049e-09,1.223864e-09,4.841027e-13,9.916810e-12,1.355097e-01,7.871377e-10,5.613625e-10,3.308380e-13,4.534445e-08,3.360703e-01,1.270936e-13,9.943727e-10,6.535096e-08,5.624250e-01,1.523413e-13,1.848475e-09,4.559349e-08,3.471639e-01,1.371281e-13,1.583069e-09,2.444837e-04,-9.058227e-03,2.659610e-03,8.375470e-16,5.423771e-12,2.115022e-01,1.058779e-09,5.798015e-12,2.313188e-01,1.091226e-09,1.271643e+02,2.670930e+09,1.095112e+02,1.882277e+09,1.237768e+02,2.686136e+09
242,monte carlo,1.016820e-11,2.085604e-01,1.094868e-09,1.118138e-09,3.997802e-13,2.094133e-11,3.661986e-01,8.171417e-10,8.554760e-10,2.571717e-13,1.917775e-11,3.126698e-01,8.953670e-10,8.212524e-10,3.449191e-13,9.764674e-12,3.783314e-01,8.207402e-10,5.954543e-10,5.294674e-13,4.585270e-08,4.207294e-01,1.879145e-13,9.628119e-10,6.829892e-08,5.265174e-01,1.883940e-13,6.129207e-10,4.773639e-08,4.178021e-01,1.532867e-13,5.733039e-10,-4.241410e-03,6.488896e-03,2.153462e-03,4.672050e-15,5.694339e-12,3.321963e-01,8.981257e-10,5.778612e-12,1.022252e-01,7.565137e-10,1.027148e+02,2.100084e+09,1.222566e+02,1.511004e+09,1.076837e+02,2.119928e+09
243,monte carlo,1.039308e-11,1.450291e-01,8.252126e-10,5.008210e-10,3.345318e-13,2.069974e-11,1.076385e-01,8.999118e-10,8.686118e-10,2.321541e-13,1.949123e-11,3.195132e-01,1.002854e-09,1.042931e-09,3.163382e-13,1.038531e-11,1.119685e-01,7.623477e-10,4.042726e-10,1.964063e-13,4.859125e-08,4.072034e-01,1.665672e-13,1.268020e-09,6.611767e-08,5.527685e-01,2.118451e-13,1.922092e-09,4.550034e-08,3.315787e-01,1.326548e-13,1.114883e-09,2.645825e-03,6.426626e-03,-4.906125e-04,4.015849e-15,5.796284e-12,2.742336e-01,1.009958e-09,5.736724e-12,1.352928e-01,1.102750e-09,1.124651e+02,2.266825e+09,1.127315e+02,1.619055e+09,1.293300e+02,2.712344e+09
244,monte carlo,9.588294e-12,1.082060e-01,7.097539e-10,8.540480e-10,3.981756e-13,1.908815e-11,3.053329e-01,9.839003e-10,9.350806e-10,2.123535e-13,1.969354e-11,2.454247e-01,8.430048e-10,4.403146e-10,3.087035e-13,9.524561e-12,3.542070e-01,9.329261e-10,6.125112e-10,2.948205e-13,4.608812e-08,3.696087e-01,1.616402e-13,1.652701e-09,6.953042e-08,6.333539e-01,1.583933e-13,1.210605e-09,4.684620e-08,3.539431e-01,1.497179e-13,8.303014e-10,3.285931e-03,-2.042291e-03,-1.595513e-03,4.530625e-15,5.424936e-12,3.556641e-01,9.095205e-10,5.796957e-12,3.910884e-01,9.096946e-10,1.175216e+02,2.346680e+09,1.034664e+02,1.797827e+09,1.247418e+02,2.187047e+09
245,monte carlo,9.756584e-12,3.116644e-01,1.158308e-09,6.468068e-10,5.259804e-13,2.044842e-11,1.670141e-01,7.884851e-10,5.855945e-10,2.153751e-13,1.984847e-11,2.940538e-01,1.068288e-09,7.743479e-10,4.682520e-13,9.519054e-12,2.689896e-01,1.078438e-09,5.636852e-10,2.996386e-13,4.489528e-08,3.881823e-01,1.440874e-13,7.958342e-10,6.766593e-08,4.978768e-01,1.647485e-13,8.485116e-10,4.489389e-08,3.561958e-01,1.751452e-13,1.032310e-09,-9.238312e-03,-3.286319e-03,4.096810e-04,4.591102e-15,5.778368e-12,3.286634e-01,8.090542e-10,5.666744e-12,1.842446e-01,9.339738e-10,1.090024e+02,2.295410e+09,1.280912e+02,1.616693e+09,1.187872e+02,2.382386e+09
246,monte carlo,9.959926e-12,1.077470e-01,1.048216e-09,4.749596e-10,2.198108e-13,2.039415e-11,3.313898e-01,6.262291e-10,7.815915e-10,4.843413e-13,2.098641e-11,1.315744e-01,8.831108e-10,8.766908e-10,2.664224e-13,9.617801e-12,1.689715e-01,1.163699e-09,1.063963e-09,3.757320e-13,4.598598e-08,3.441657e-01,1.184007e-13,6.216858e-10,6.558492e-08,5.721914e-01,2.284525e-13,6.190474e-10,4.524674e-08,3.970510e-01,1.693262e-13,5.244680e-10,9.459677e-03,5.850804e-03,-2.784049e-03,1.780264e-15,5.683597e-12,1.007330e-01,8.505666e-10,5.513217e-12,2.735116e-01,7.241521e-10,1.259300e+02,2.714239e+09,1.080274e+02,1.519403e+09,1.074019e+02,2.412821e+09
247,monte carlo,1.026464e-11,1.701850e-01,1.037573e-09,4.105881e-10,1.967920e-13,1.997478e-11,2.623478e-01,7.811872e-10,4.119403e-10,3.147097e-13,2.022305e-11,1.099479e-01,1.109644e-09,1.162236e-09,1.957081e-13,1.014370e-11,2.968883e-01,1.188503e-09,6.911842e-10,2.158330e-13,4.585414e-08,4.222716e-01,1.576324e-13,1.586595e-09,6.803294e-08,6.305496e-01,1.478141e-13,7.924784e-10,4.802041e-08,4.220249e-01,1.043427e-13,1.665774e-09,5.808832e-03,1.169647e-03,-1.928992e-03,1.191867e-15,5.841506e-12,2.533849e-01,1.060352e-09,5.719128e-12,3.648732e-01,1.005323e-09,1.023429e+02,2.416062e+09,1.016883e+02,1.710785e+09,1.072405e+02,2.703069e+09
248,monte carlo,1.038165e-11,2.814002e-01,1.016470e-09,9.830321e-10,3.670953e-13,1.969580e-11,1.969867e-01,1.003979e-09,1.195209e-09,3.448132e-13,2.024215e-11,1.413282e-01,1.153965e-09,4.264279e-10,3.270649e-13,1.027963e-11,1.704703e-01,1.045311e-09,8.691281e-10,4.918764e-13,4.775647e-08,3.466875e-01,1.109213e-13,1.816982e-09,6.847489e-08,6.043463e-01,1.325114e-13,5.785967e-10,4.475584e-08,3.287099e-01,1.428726e-13,1.472464e-09,6.775424e-03,8.927291e-03,-1.409640e-03,4.371892e-15,5.675189e-12,1.407195e-01,9.020638e-10,5.381209e-12,1.160974e-01,9.580700e-10,1.298270e+02,2.648049e+09,1.067866e+02,1.936259e+09,1.283240e+02,2.708282e+09
249,monte carlo,1.030902e-11,2.807470e-01,8.882420e-10,1.203453e-09,3.161140e-13,1.948001e-11,1.251507e-01,9.116320e-10,2.879027e-10,5.201839e-13,1.909072e-11,3.178565e-01,9.713210e-10,7.517597e-10,1.825417e-13,1.035408e-11,3.359056e-01,1.018744e-09,4.100747e-10,2.776126e-13,4.920026e-08,4.089864e-01,1.522005e-13,1.871221e-09,6.506108e-08,5.060668e-01,1.864656e-13,1.985970e-09,4.494082e-08,3.375503e-01,1.130543e-13,1.922851e-09,2.122279e-03,-6.998832e-03,2.267626e-03,6.843284e-16,5.767248e-12,1.408269e-01,1.135118e-09,5.670426e-12,1.172515e-01,7.112891e-10,1.133782e+02,2.239118e+09,1.211671e+02,1.881280e+09,1.254797e+02,2.614772e+09
250,monte carlo,9.796758e-12,2.609677e-01,1.129129e-09,1.178577e-09,2.030011e-13,1.975604e-11,2.147175e-01,1.055591e-09,3.600365e-10,2.576824e-13,2.077377e-11,3.866481e-01,1.034022e-09,6.738653e-10,3.296490e-13,1.043505e-11,3.162896e-01,8.842474e-10,3.565772e-10,2.411116e-13,4.698239e-08,3.956694e-01,1.519991e-13,1.527317e-09,7.019924e-08,5.257056e-01,1.696776e-13,5.949721e-10,4.656171e-08,3.968695e-01,1.049166e-13,8.254745e-10,-1.442115e-03,5.061471e-03,-1.719439e-03,4.558141e-15,5.727881e-12,1.532750e-01,9.522679e-10,5.416424e-12,2.582163e-01,1.021866e-09,1.119113e+02,2.727044e+09,1.258522e+02,1.588671e+09,1.105738e+02,2.560264e+09
251,monte carlo,9.772933e-12,1.497261e-01,9.182005e-10,8.520049e-10,4.703445e-13,2.009187e-11,1.162754e-01,9.426504e-10,7.625600e-10,2.809305e-13,2.024678e-11,3.544594e-01,6.140007e-10,4.365373e-10,2.787950e-13,1.025063e-11,3.788161e-01,1.078485e-09,4.948716e-10,2.376935e-13,4.589503e-08,3.398622e-01,1.714690e-13,1.047552e-09,6.652611e-08,6.144877e-01,1.513991e-13,1.122565e-09,4.567033e-08,4.270312e-01,1.038608e-13,1.297103e-09,-7.707042e-03,-6.592322e-03,2.665909e-04,1.678266e-15,5.508664e-12,1.264378e-01,9.318282e-10,5.762216e-12,1.498818e-01,6.420708e-10,1.272723e+02,2.253293e+09,1.020352e+02,1.880994e+09,1.007966e+02,2.669927e+09
252,monte carlo,1.015688e-11,2.678052e-01,6.034948e-10,3.380006e-10,5.031924e-13,1.924443e-11,1.514586e-01,9.255800e-10,9.739726e-10,2.014952e-13,1.940607e-11,1.598676e-01,7.690759e-10,1.200098e-09,3.695404e-13,1.038809e-11,1.962332e-01,7.001997e-10,4.975765e-10,5.195092e-13,4.599001e-08,3.729339e-01,1.096386e-13,9.385805e-10,6.621479e-08,5.877028e-01,1.518833e-13,1.568852e-09,4.533964e-08,3.694308e-01,1.473870e-13,1.513024e-09,-7.862077e-03,1.762160e-03,-8.709038e-04,2.874272e-15,5.504385e-12,3.547262e-01,9.643269e-10,5.671790e-12,3.738076e-01,8.718981e-10,1.162259e+02,2.728569e+09,1.061863e+02,1.924290e+09,1.156688e+02,2.485422e+09
253,worst case il,9.500000e-12,4.000000e-01,6.000000e-10,2.693699e-10,1.682769e-13,2.100000e-11,4.000000e-01,1.200000e-09,1.299287e-09,5.296728e-13,2.100000e-11,4.000000e-01,1.200000e-09,1.299287e-09,5.296728e-13,9.500000e-12,4.000000e-01,6.000000e-10,2.693699e-10,1.682769e-13,4.935000e-08,4.651128e-01,1.963897e-13,2.000000e-09,6.460000e-08,6.088407e-01,1.231190e-13,5.000000e-10,4.935000e-08,4.651128e-01,1.963897e-13,2.000000e-09,-1.000000e-02,-1.000000e-02,-3.000000e-03,5.000000e-16,5.850000e-12,4.000000e-01,1.200000e-09,5.850000e-12,4.000000e-01,1.200000e-09,1.000000e+02,2.100000e+09,1.000000e+02,1.950000e+09,1.000000e+02,2.100000e+09
254,worst case att2,9.500000e-12,1.000000e-01,6.000000e-10,2.693699e-10,1.682769e-13,1.900000e-11,1.000000e-01,6.000000e-10,2.693699e-10,1.682769e-13,1.900000e-11,1.000000e-01,6.000000e-10,2.693699e-10,1.682769e-13,9.500000e-12,1.000000e-01,6.000000e-10,2.693699e-10,1.682769e-13,4.465000e-08,3.237049e-01,9.611908e-14,5.000000e-10,6.460000e-08,4.683390e-01,1.231190e-13,5.000000e-10,4.465000e-08,3.237049e-01,9.611908e-14,5.000000e-10,1.000000e-02,1.000000e-02,-3.000000e-03,5.000000e-16,5.350000e-12,1.000000e-01,6.000000e-10,5.350000e-12,1.000000e-01,6.000000e-10,1.300000e+02,2.730000e+09,1.300000e+02,1.950000e+09,1.300000e+02,2.730000e+09
255,worst case att3,9.500000e-12,1.000000e-01,6.000000e-10,2.693699e-10,1.682769e-13,1.900000e-11,1.000000e-01,6.000000e-10,2.693699e-10,1.682769e-13,1.900000e-11,1.000000e-01,6.000000e-10,2.693699e-10,1.682769e-13,9.500000e-12,1.000000e-01,6.000000e-10,2.693699e-10,1.682769e-13,4.935000e-08,3.577791e-01,1.963897e-13,2.000000e-09,6.460000e-08,4.683390e-01,1.231190e-13,5.000000e-10,4.935000e-08,3.577791e-01,1.963897e-13,2.000000e-09,-1.000000e-02,-1.000000e-02,-3.000000e-03,5.000000e-16,5.850000e-12,1.000000e-01,1.200000e-09,5.850000e-12,1.000000e-01,1.200000e-09,1.300000e+02,2.100000e+09,1.300000e+02,1.950000e+09,1.300000e+02,2.100000e+09
256,worst case atthi,9.500000e-12,1.000000e-01,6.000000e-10,2.693699e-10,5.296728e-13,2.100000e-11,1.000000e-01,1.200000e-09,1.299287e-09,4.698860e-13,2.100000e-11,1.000000e-01,1.200000e-09,1.299287e-09,4.698860e-13,9.500000e-12,1.000000e-01,6.000000e-10,2.693699e-10,5.296728e-13,4.465000e-08,3.237049e-01,9.611908e-14,5.000000e-10,6.460000e-08,4.683390e-01,1.231190e-13,5.000000e-10,4.465000e-08,3.237049e-01,9.611908e-14,5.000000e-10,1.000000e-02,1.000000e-02,-3.000000e-03,5.000000e-16,5.350000e-12,1.000000e-01,6.000000e-10,5.350000e-12,1.000000e-01,6.000000e-10,1.300000e+02,2.730000e+09,1.300000e+02,1.950000e+09,1.300000e+02,2.730000e+09
257,worst case eff2,9.500000e-12,1.000000e-01,6.000000e-10,2.693699e-10,1.682769e-13,1.900000e-11,4.000000e-01,6.000000e-10,2.693699e-10,1.682769e-13,1.900000e-11,4.000000e-01,6.000000e-10,2.693699e-10,1.682769e-13,9.500000e-12,1.000000e-01,6.000000e-10,2.693699e-10,1.682769e-13,4.465000e-08,4.208163e-01,9.611908e-14,5.000000e-10,6.460000e-08,6.088407e-01,1.231190e-13,5.000000e-10,4.465000e-08,4.208163e-01,9.611908e-14,5.000000e-10,1.000000e-02,1.000000e-02,-3.000000e-03,5.000000e-16,5.350000e-12,1.000000e-01,6.000000e-10,5.350000e-12,1.000000e-01,6.000000e-10,1.000000e+02,2.730000e+09,1.000000e+02,1.950000e+09,1.000000e+02,2.730000e+09
258,worst case eff3,9.500000e-12,1.000000e-01,6.000000e-10,2.693699e-10,1.682769e-13,1.900000e-11,4.000000e-01,6.000000e-10,2.693699e-10,1.682769e-13,1.900000e-11,4.000000e-01,6.000000e-10,2.693699e-10,1.682769e-13,9.500000e-12,1.000000e-01,6.000000e-10,2.693699e-10,1.682769e-13,4.935000e-08,4.651128e-01,1.963897e-13,2.000000e-09,6.460000e-08,6.088407e-01,1.231190e-13,5.000000e-10,4.935000e-08,4.651128e-01,1.963897e-13,2.000000e-09,-1.000000e-02,-1.000000e-02,-3.000000e-03,5.000000e-16,5.850000e-12,1.000000e-01,1.200000e-09,5.850000e-12,1.000000e-01,1.200000e-09,1.000000e+02,2.100000e+09,1.000000e+02,1.950000e+09,1.000000e+02,2.100000e+09
259,worst case effhi,9.500000e-12,1.000000e-01,6.509918e-10,6.575434e-10,5.296728e-13,2.100000e-11,1.000000e-01,1.200000e-09,1.299287e-09,5.296728e-13,2.100000e-11,1.000000e-01,1.200000e-09,1.299287e-09,5.296728e-13,9.500000e-12,1.000000e-01,8.228321e-10,4.823387e-10,5.296728e-13,4.935000e-08,4.651128e-01,1.963897e-13,1.430129e-09,6.460000e-08,6.088407e-01,1.231190e-13,5.000000e-10,4.935000e-08,4.651128e-01,1.963897e-13,1.594809e-09,1.000000e-02,1.000000e-02,-3.000000e-03,5.000000e-16,5.850000e-12,1.000000e-01,6.000000e-10,5.572506e-12,1.000000e-01,6.000000e-10,1.000000e+02,2.100000e+09,1.000000e+02,1.950000e+09,1.000000e+02,2.100000e+09
