run,kind,C1C,C1ESR,C1ESL,C1Lvia,C1Cpad,C3C,C3ESR,C3ESL,C3Lvia,C3Cpad,C5C,C5ESR,C5ESL,C5Lvia,C5Cpad,C7C,C7ESR,C7ESL,C7Lvia,C7Cpad,L2L,L2R,L2C,L2Ltr,L4L,L4R,L4C,L4Ltr,L6L,L6R,L6C,L6Ltr,K24,K46,K26,Cio,L2Q,L2SRF,L4Q,L4SRF,L6Q,L6SRF
1,corner -tol,2.156000e-11,2.000000e-01,1.000000e-09,8.496433e-10,3.489749e-13,3.528000e-11,2.000000e-01,1.000000e-09,8.496433e-10,3.489749e-13,3.528000e-11,2.000000e-01,1.000000e-09,8.496433e-10,3.489749e-13,2.156000e-11,2.000000e-01,1.000000e-09,8.496433e-10,3.489749e-13,6.664000e-08,6.280672e-01,2.189362e-13,1.000000e-09,8.036000e-08,7.573752e-01,2.365149e-13,1.000000e-09,6.664000e-08,6.280672e-01,2.189362e-13,1.000000e-09,5.000000e-03,5.000000e-03,1.000000e-03,2.000000e-15,1.000000e+02,1.500000e+09,1.000000e+02,1.300000e+09,1.000000e+02,1.500000e+09
2,corner +tol,2.244000e-11,2.000000e-01,1.000000e-09,8.496433e-10,3.489749e-13,3.672000e-11,2.000000e-01,1.000000e-09,8.496433e-10,3.489749e-13,3.672000e-11,2.000000e-01,1.000000e-09,8.496433e-10,3.489749e-13,2.244000e-11,2.000000e-01,1.000000e-09,8.496433e-10,3.489749e-13,6.936000e-08,6.537026e-01,2.123113e-13,1.000000e-09,8.364000e-08,7.882884e-01,2.292006e-13,1.000000e-09,6.936000e-08,6.537026e-01,2.123113e-13,1.000000e-09,5.000000e-03,5.000000e-03,1.000000e-03,2.000000e-15,1.000000e+02,1.500000e+09,1.000000e+02,1.300000e+09,1.000000e+02,1.500000e+09
3,monte carlo,2.237971e-11,2.469001e-01,1.055620e-09,5.733935e-10,3.672903e-13,3.536471e-11,1.976148e-01,6.099085e-10,4.435233e-10,3.373382e-13,3.541941e-11,2.367731e-01,1.173449e-09,9.051201e-10,2.591128e-13,2.241551e-11,1.540682e-01,6.477316e-10,8.116304e-10,5.093602e-13,6.810055e-08,5.455693e-01,1.841406e-13,5.226384e-10,8.107320e-08,7.278676e-01,2.181078e-13,1.753059e-09,6.904238e-08,6.099304e-01,1.599944e-13,1.619229e-09,5.863874e-03,7.389773e-03,-2.169267e-03,2.264854e-15,1.176446e+02,1.637110e+09,1.049775e+02,1.470155e+09,1.066858e+02,1.895182e+09
4,monte carlo,2.211491e-11,3.842180e-01,8.934764e-10,7.711402e-10,4.119812e-13,3.602081e-11,1.733899e-01,7.308490e-10,3.880976e-10,2.119928e-13,3.580527e-11,2.114582e-01,9.837288e-10,6.574114e-10,4.320044e-13,2.168127e-11,2.987026e-01,1.004805e-09,4.465750e-10,2.706260e-13,6.694122e-08,4.899550e-01,1.588432e-13,1.398757e-09,8.118536e-08,7.337405e-01,1.512301e-13,1.760926e-09,6.689802e-08,5.462708e-01,2.109517e-13,8.889498e-10,-6.464756e-03,7.423238e-03,5.296527e-04,2.802491e-15,1.287682e+02,1.939192e+09,1.042813e+02,1.563998e+09,1.154188e+02,1.501686e+09
5,monte carlo,2.221604e-11,1.468051e-01,1.116881e-09,1.203919e-09,2.479745e-13,3.578639e-11,3.567052e-01,6.133347e-10,4.429993e-10,3.576124e-13,3.654076e-11,1.877855e-01,1.179808e-09,9.214274e-10,2.720220e-13,2.176221e-11,2.341220e-01,1.144099e-09,6.420255e-10,2.954265e-13,6.789935e-08,6.248054e-01,2.195860e-13,1.705947e-09,8.068758e-08,6.623851e-01,2.452175e-13,1.952697e-09,6.915761e-08,6.059973e-01,1.332483e-13,1.857222e-09,-6.110442e-04,2.266940e-03,-2.411551e-03,3.605067e-15,1.024217e+02,1.619040e+09,1.148067e+02,1.300415e+09,1.075574e+02,1.821981e+09
6,monte carlo,2.235625e-11,3.565459e-01,7.112309e-10,1.101876e-09,2.027076e-13,3.653732e-11,3.397515e-01,9.618240e-10,8.399353e-10,5.040636e-13,3.662629e-11,2.259928e-01,6.291226e-10,3.471345e-10,4.066150e-13,2.174890e-11,1.088751e-01,8.457625e-10,3.621860e-10,5.174815e-13,6.923954e-08,5.897420e-01,1.922826e-13,1.011228e-09,8.280769e-08,6.694317e-01,1.494445e-13,1.532329e-09,6.735201e-08,4.994008e-01,1.422573e-13,1.508367e-09,5.749405e-03,-2.828882e-03,2.439294e-03,2.751486e-15,1.106530e+02,1.751094e+09,1.165831e+02,1.592287e+09,1.271079e+02,1.881025e+09
7,monte carlo,2.243338e-11,2.784271e-01,1.086617e-09,1.197058e-09,4.802820e-13,3.532555e-11,3.747934e-01,7.609839e-10,1.274703e-09,3.957101e-13,3.643163e-11,1.698633e-01,1.180818e-09,1.139623e-09,2.372871e-13,2.220234e-11,3.357925e-01,1.007718e-09,1.161285e-09,2.366233e-13,6.808673e-08,5.311685e-01,1.997139e-13,1.135535e-09,8.297091e-08,6.190434e-01,2.166413e-13,8.631391e-10,6.921056e-08,6.241176e-01,1.739330e-13,6.833817e-10,5.531118e-03,-1.096444e-04,1.226981e-03,3.489219e-15,1.208096e+02,1.686655e+09,1.263211e+02,1.410576e+09,1.045146e+02,1.625787e+09
8,monte carlo,2.187979e-11,1.123211e-01,6.209839e-10,1.016683e-09,1.819071e-13,3.531349e-11,3.948215e-01,1.121674e-09,1.031206e-09,3.451999e-13,3.561352e-11,2.717156e-01,6.916573e-10,7.171678e-10,2.107638e-13,2.186957e-11,3.095287e-01,8.620323e-10,8.563936e-10,4.295160e-13,6.863089e-08,6.369589e-01,1.805367e-13,1.174371e-09,8.281241e-08,6.742019e-01,1.479981e-13,1.186910e-09,6.757444e-08,5.314063e-01,2.063909e-13,5.317708e-10,-7.902846e-03,3.426002e-03,1.330024e-03,2.515248e-15,1.015499e+02,1.816179e+09,1.157648e+02,1.653892e+09,1.198469e+02,1.679128e+09
9,monte carlo,2.187947e-11,1.722736e-01,1.053840e-09,1.264885e-09,4.197694e-13,3.550680e-11,2.603049e-01,8.374937e-10,4.477144e-10,1.699408e-13,3.638244e-11,1.467827e-01,8.138825e-10,1.290928e-09,2.397736e-13,2.180825e-11,3.549110e-01,6.599943e-10,3.284057e-10,5.059732e-13,6.913620e-08,5.960140e-01,1.749292e-13,1.947827e-09,8.180102e-08,7.470936e-01,2.277773e-13,7.082233e-10,6.887501e-08,5.210632e-01,1.390694e-13,6.804073e-10,2.449988e-03,-2.523843e-03,-2.456392e-03,4.775430e-15,1.093252e+02,1.683441e+09,1.031941e+02,1.386663e+09,1.245783e+02,1.848932e+09
10,monte carlo,2.160143e-11,1.872602e-01,7.770530e-10,1.088106e-09,1.894334e-13,3.546790e-11,3.756486e-01,6.374081e-10,5.902763e-10,5.147944e-13,3.541074e-11,1.897480e-01,1.085508e-09,7.116970e-10,3.227338e-13,2.206115e-11,3.217597e-01,7.695509e-10,1.210294e-09,3.741613e-13,6.886374e-08,5.175651e-01,1.288293e-13,1.530832e-09,8.081570e-08,6.434067e-01,2.485337e-13,1.605405e-09,6.831375e-08,5.010892e-01,1.751332e-13,1.408288e-09,-3.151682e-04,-5.012183e-03,1.460723e-03,3.630985e-15,1.253998e+02,1.888301e+09,1.183808e+02,1.340922e+09,1.284885e+02,1.692500e+09
11,monte carlo,2.219997e-11,2.513648e-01,1.028610e-09,9.879590e-10,2.845073e-13,3.558476e-11,3.257654e-01,7.033411e-10,6.444073e-10,3.320099e-13,3.574014e-11,1.241308e-01,7.362587e-10,8.310332e-10,4.162245e-13,2.225019e-11,2.304698e-01,7.627024e-10,9.330390e-10,5.259014e-13,6.780546e-08,5.686372e-01,1.304617e-13,1.352556e-09,8.296047e-08,7.506947e-01,2.042972e-13,1.287067e-09,6.917151e-08,6.443741e-01,1.319193e-13,8.447802e-10,-4.155629e-03,4.323083e-03,-9.368438e-05,4.855720e-15,1.123830e+02,1.889112e+09,1.041547e+02,1.565898e+09,1.011720e+02,1.892756e+09
12,monte carlo,2.184848e-11,1.168298e-01,9.866710e-10,1.202190e-09,1.965325e-13,3.668650e-11,3.258522e-01,1.083419e-09,6.583906e-10,1.818445e-13,3.559463e-11,2.085054e-01,6.850084e-10,9.141345e-10,2.564155e-13,2.170025e-11,2.483860e-01,7.810693e-10,7.979425e-10,2.842169e-13,6.910197e-08,5.441194e-01,1.922368e-13,1.888083e-09,8.084400e-08,7.179047e-01,2.071268e-13,1.668653e-09,6.864504e-08,5.081003e-01,1.372998e-13,1.748927e-09,-2.124645e-03,1.959203e-03,2.562033e-03,4.085469e-15,1.196926e+02,1.804668e+09,1.061334e+02,1.461672e+09,1.273300e+02,1.899434e+09
13,monte carlo,2.225481e-11,1.385834e-01,7.749827e-10,7.784967e-10,2.944590e-13,3.529607e-11,3.333357e-01,1.077204e-09,1.086420e-09,4.884106e-13,3.567109e-11,1.986253e-01,8.431423e-10,1.108964e-09,1.802717e-13,2.216024e-11,2.724268e-01,7.437823e-10,8.641811e-10,2.851267e-13,6.932656e-08,6.494067e-01,1.894280e-13,1.855994e-09,8.226590e-08,7.527879e-01,2.060255e-13,1.657943e-09,6.701014e-08,6.028218e-01,1.799585e-13,1.964684e-09,7.304033e-03,-4.971547e-03,4.624664e-04,1.292593e-15,1.006130e+02,1.718186e+09,1.029955e+02,1.509751e+09,1.047665e+02,1.758448e+09
14,monte carlo,2.161229e-11,2.097540e-01,7.759847e-10,6.668270e-10,1.693038e-13,3.539744e-11,2.792844e-01,9.503135e-10,1.134692e-09,2.445413e-13,3.651521e-11,3.609656e-01,9.466783e-10,1.220736e-09,3.699550e-13,2.200420e-11,1.364541e-01,1.029100e-09,3.832004e-10,1.826802e-13,6.887976e-08,5.412973e-01,1.933328e-13,1.039322e-09,8.038265e-08,6.592887e-01,1.819100e-13,5.797069e-10,6.745565e-08,5.740082e-01,1.899449e-13,9.466849e-10,-6.592114e-03,-7.887739e-03,2.052022e-03,2.202320e-15,1.199297e+02,1.530233e+09,1.149100e+02,1.506028e+09,1.107570e+02,1.778587e+09
15,monte carlo,2.213216e-11,1.900511e-01,1.086931e-09,1.177391e-09,2.130993e-13,3.637295e-11,3.854224e-01,1.042477e-09,1.165900e-09,3.990460e-13,3.595201e-11,3.734994e-01,9.442466e-10,1.284071e-09,4.643315e-13,2.231422e-11,1.916352e-01,9.145144e-10,7.770826e-10,3.827500e-13,6.887659e-08,5.451774e-01,1.860825e-13,1.781005e-09,8.255860e-08,7.167260e-01,2.422157e-13,1.619315e-09,6.721720e-08,5.435728e-01,1.960309e-13,1.342098e-09,-7.201859e-03,-6.555467e-03,-2.843842e-03,4.560747e-15,1.190707e+02,1.505483e+09,1.085626e+02,1.306150e+09,1.165451e+02,1.727238e+09
16,monte carlo,2.228944e-11,1.848071e-01,1.128300e-09,3.525214e-10,1.870268e-13,3.565528e-11,2.148075e-01,6.543707e-10,4.427326e-10,2.878878e-13,3.612289e-11,3.204672e-01,8.664307e-10,3.232217e-10,3.634785e-13,2.230314e-11,2.584655e-01,9.523240e-10,6.215208e-10,5.174631e-13,6.712018e-08,6.040846e-01,1.556037e-13,1.105602e-09,8.154271e-08,6.579858e-01,2.352060e-13,1.138745e-09,6.834577e-08,5.259277e-01,1.734261e-13,9.642753e-10,5.394742e-03,2.993387e-03,9.391656e-04,4.316337e-15,1.047192e+02,1.905627e+09,1.167992e+02,1.362427e+09,1.224776e+02,1.872982e+09
17,monte carlo,2.193039e-11,3.851152e-01,1.111144e-09,9.463833e-10,2.744559e-13,3.615780e-11,1.011365e-01,7.934691e-10,3.020534e-10,2.852758e-13,3.623405e-11,2.263803e-01,1.110532e-09,1.297160e-09,5.004585e-13,2.177010e-11,3.856919e-01,6.056112e-10,4.177108e-10,4.554400e-13,6.887275e-08,5.200658e-01,1.833062e-13,6.699648e-10,8.325579e-08,7.554830e-01,2.077699e-13,1.202361e-09,6.838269e-08,6.385745e-01,2.141937e-13,1.913093e-09,8.798812e-03,7.502336e-03,-2.451319e-03,4.219499e-15,1.248131e+02,1.773463e+09,1.038630e+02,1.441958e+09,1.009266e+02,1.629377e+09
18,monte carlo,2.240966e-11,1.999107e-01,6.003011e-10,9.148905e-10,4.855066e-13,3.633208e-11,1.159734e-01,8.938083e-10,5.775092e-10,3.678762e-13,3.620603e-11,2.743816e-01,6.371956e-10,3.611644e-10,4.053058e-13,2.218456e-11,2.493712e-01,1.193751e-09,9.537320e-10,4.157754e-13,6.771918e-08,6.131309e-01,1.921187e-13,1.721515e-09,8.266950e-08,6.778481e-01,1.889865e-13,7.956926e-10,6.860162e-08,5.569667e-01,1.626991e-13,1.726516e-09,7.237431e-03,2.851673e-03,9.045219e-04,4.215433e-15,1.040949e+02,1.515332e+09,1.149434e+02,1.483882e+09,1.160851e+02,1.928188e+09
19,monte carlo,2.206060e-11,1.936530e-01,7.705961e-10,7.060634e-10,4.691998e-13,3.567140e-11,2.148254e-01,7.413217e-10,8.101306e-10,2.264175e-13,3.665019e-11,2.896610e-01,9.972572e-10,9.146314e-10,2.335167e-13,2.186219e-11,1.436574e-01,1.086522e-09,1.250743e-09,5.190464e-13,6.719640e-08,6.211366e-01,1.867036e-13,1.254938e-09,8.211418e-08,7.378342e-01,1.740748e-13,1.862156e-09,6.872441e-08,5.905498e-01,1.539990e-13,1.435969e-09,-1.431138e-03,-4.617438e-03,-7.471966e-04,1.866088e-15,1.019600e+02,1.681780e+09,1.048891e+02,1.551978e+09,1.096795e+02,1.738445e+09
20,monte carlo,2.225398e-11,3.229769e-01,6.226623e-10,5.813817e-10,3.630606e-13,3.610728e-11,1.696325e-01,6.460676e-10,6.328016e-10,4.894290e-13,3.611960e-11,3.781017e-01,1.163517e-09,8.311660e-10,3.937341e-13,2.234200e-11,3.804383e-01,1.192268e-09,4.732204e-10,3.653572e-13,6.766619e-08,5.222402e-01,1.984932e-13,1.351002e-09,8.352278e-08,7.340425e-01,1.407440e-13,9.249778e-10,6.726308e-08,4.961685e-01,1.967845e-13,6.826231e-10,9.195689e-03,4.293630e-03,1.789762e-03,2.375355e-15,1.221160e+02,1.764232e+09,1.072395e+02,1.686548e+09,1.277670e+02,1.500749e+09
21,monte carlo,2.159059e-11,3.885833e-01,6.389165e-10,1.033261e-09,1.772459e-13,3.593549e-11,2.475812e-01,8.836774e-10,8.045661e-10,3.495105e-13,3.610239e-11,3.799701e-01,7.384864e-10,9.739690e-10,3.571566e-13,2.211936e-11,2.847900e-01,9.494740e-10,4.443600e-10,4.237540e-13,6.833227e-08,5.394152e-01,1.761874e-13,7.280961e-10,8.120475e-08,7.440567e-01,1.599503e-13,1.649493e-09,6.794738e-08,5.456233e-01,1.634154e-13,6.450592e-10,1.512672e-03,-7.544859e-03,-7.500738e-04,3.906142e-15,1.193916e+02,1.722577e+09,1.028600e+02,1.579542e+09,1.173683e+02,1.791132e+09
22,monte carlo,2.183696e-11,1.632032e-01,1.111783e-09,9.197622e-10,4.046707e-13,3.660258e-11,1.368699e-01,6.721382e-10,8.355147e-10,4.374767e-13,3.618069e-11,3.828766e-01,7.238617e-10,6.162590e-10,3.336542e-13,2.225688e-11,3.130409e-01,1.014986e-09,6.302964e-10,3.717185e-13,6.930544e-08,6.119363e-01,1.888987e-13,8.186670e-10,8.359039e-08,6.753724e-01,2.448949e-13,8.216293e-10,6.820722e-08,5.448026e-01,2.096986e-13,1.118519e-09,-3.535824e-03,7.504338e-03,2.981958e-03,1.253373e-15,1.067412e+02,1.716735e+09,1.166499e+02,1.322323e+09,1.179947e+02,1.636455e+09
23,monte carlo,2.203357e-11,2.628217e-01,1.195496e-09,6.652929e-10,1.971931e-13,3.551237e-11,1.764306e-01,7.100209e-10,4.199634e-10,4.025492e-13,3.530909e-11,1.660041e-01,1.191988e-09,1.078612e-09,3.813544e-13,2.183562e-11,2.643659e-01,8.082740e-10,1.185349e-09,3.774483e-13,6.779163e-08,5.947346e-01,2.125570e-13,1.230934e-09,8.094688e-08,7.146063e-01,2.184265e-13,8.484180e-10,6.739114e-08,5.082328e-01,2.004800e-13,1.810779e-09,7.749505e-03,2.028962e-03,-8.740336e-04,3.170809e-15,1.074296e+02,1.671621e+09,1.067590e+02,1.446988e+09,1.249716e+02,1.559157e+09
24,monte carlo,2.198316e-11,3.556319e-01,1.192133e-09,4.355528e-10,2.243459e-13,3.662263e-11,2.828965e-01,1.147728e-09,3.527161e-10,2.568721e-13,3.623562e-11,2.289102e-01,8.560411e-10,1.080906e-09,3.432400e-13,2.179364e-11,2.568265e-01,9.051425e-10,1.242341e-09,3.961180e-13,6.933423e-08,6.259870e-01,2.218767e-13,1.639896e-09,8.234227e-08,6.715320e-01,2.018538e-13,1.924581e-09,6.679668e-08,4.948174e-01,1.952342e-13,5.473633e-10,6.569101e-03,8.502361e-03,-9.965730e-04,3.292099e-15,1.043887e+02,1.500278e+09,1.155653e+02,1.500844e+09,1.272275e+02,1.692834e+09
25,monte carlo,2.170247e-11,3.341601e-01,1.069040e-09,4.514356e-10,2.342767e-13,3.656356e-11,2.762913e-01,8.895802e-10,1.223112e-09,2.678617e-13,3.667549e-11,1.387329e-01,7.708036e-10,1.098205e-09,3.017762e-13,2.224864e-11,2.585857e-01,7.462512e-10,6.330223e-10,2.442340e-13,6.711703e-08,5.189138e-01,1.648547e-13,8.345779e-10,8.169865e-08,6.253207e-01,2.203848e-13,6.204842e-10,6.780221e-08,5.382454e-01,1.883277e-13,1.420559e-09,5.150895e-03,-6.146265e-03,1.614406e-03,1.397068e-15,1.219014e+02,1.651619e+09,1.231355e+02,1.341682e+09,1.187229e+02,1.695190e+09
26,monte carlo,2.205684e-11,2.667276e-01,9.042824e-10,5.401149e-10,3.634337e-13,3.603230e-11,2.177979e-01,7.668163e-10,9.987652e-10,3.678959e-13,3.618389e-11,2.327790e-01,1.174107e-09,1.262194e-09,4.327799e-13,2.199941e-11,1.125531e-01,1.086026e-09,9.963583e-10,2.942184e-13,6.750709e-08,5.602636e-01,2.397499e-13,1.303102e-09,8.180850e-08,6.328572e-01,1.733852e-13,7.460377e-10,6.685399e-08,4.943809e-01,1.785373e-13,1.273254e-09,7.478683e-03,-8.826504e-03,-1.724189e-03,1.131408e-15,1.135607e+02,1.523884e+09,1.218327e+02,1.451898e+09,1.274491e+02,1.676783e+09
27,monte carlo,2.171375e-11,2.932159e-01,7.653723e-10,8.673897e-10,5.198981e-13,3.630693e-11,2.089243e-01,1.156586e-09,5.316796e-10,2.917899e-13,3.619953e-11,1.611316e-01,9.504137e-10,4.286972e-10,3.403003e-13,2.220184e-11,3.879458e-01,6.204292e-10,8.982007e-10,2.508581e-13,6.922267e-08,5.666196e-01,1.250538e-13,1.232142e-09,8.304994e-08,6.252339e-01,1.989719e-13,1.827022e-09,6.921598e-08,5.830178e-01,1.875393e-13,1.538423e-09,-4.461405e-03,8.232312e-03,1.358202e-03,3.660353e-15,1.151404e+02,1.919480e+09,1.251895e+02,1.504546e+09,1.118911e+02,1.525528e+09
28,monte carlo,2.199083e-11,2.326864e-01,7.224163e-10,7.518520e-10,2.365223e-13,3.602269e-11,1.801715e-01,1.159884e-09,8.127587e-10,4.775257e-13,3.602307e-11,2.708070e-01,7.573998e-10,4.754091e-10,3.945201e-13,2.210691e-11,1.774540e-01,6.443861e-10,5.452535e-10,1.941876e-13,6.721669e-08,5.780832e-01,1.974429e-13,1.780841e-09,8.126384e-08,7.015259e-01,2.056154e-13,1.470918e-09,6.773512e-08,5.046267e-01,1.952386e-13,9.385879e-10,5.465247e-03,-7.164245e-03,-2.626478e-03,4.358938e-15,1.095867e+02,1.654990e+09,1.091754e+02,1.534621e+09,1.265071e+02,1.705668e+09
29,monte carlo,2.162658e-11,3.773788e-01,1.170805e-09,4.363197e-10,3.191704e-13,3.663822e-11,2.294572e-01,1.018873e-09,5.919489e-10,3.076644e-13,3.646813e-11,1.527786e-01,6.385375e-10,4.400057e-10,1.752307e-13,2.187746e-11,3.388682e-01,1.023502e-09,1.279683e-09,1.881885e-13,6.928127e-08,6.224562e-01,1.817642e-13,1.547875e-09,8.296482e-08,6.755536e-01,1.734114e-13,8.600523e-10,6.907140e-08,5.347232e-01,1.440906e-13,1.332176e-09,-6.333317e-03,8.692740e-03,-1.470842e-03,1.827335e-15,1.049007e+02,1.829295e+09,1.157458e+02,1.600195e+09,1.217420e+02,1.884518e+09
30,monte carlo,2.189205e-11,2.168795e-01,1.023322e-09,6.021574e-10,2.498863e-13,3.579454e-11,1.402209e-01,8.165386e-10,6.665990e-10,4.980518e-13,3.640807e-11,1.366457e-01,8.202030e-10,8.056587e-10,3.852569e-13,2.221578e-11,1.301778e-01,6.088474e-10,1.269956e-09,1.820131e-13,6.669888e-08,5.882931e-01,1.918773e-13,1.637339e-09,8.333621e-08,6.212979e-01,2.004307e-13,1.574441e-09,6.913200e-08,5.296120e-01,1.772864e-13,1.804760e-09,6.887070e-03,9.727432e-03,-2.992036e-03,4.161873e-15,1.068553e+02,1.738558e+09,1.264168e+02,1.537919e+09,1.230247e+02,1.785285e+09
31,monte carlo,2.243911e-11,2.823204e-01,1.043271e-09,6.947355e-10,4.943646e-13,3.569656e-11,2.086341e-01,9.112981e-10,7.515574e-10,2.223593e-13,3.597138e-11,2.544823e-01,1.055349e-09,1.053133e-09,4.494891e-13,2.164328e-11,2.390510e-01,9.693599e-10,1.134171e-09,2.348700e-13,6.725727e-08,6.198624e-01,2.281568e-13,1.954240e-09,8.232812e-08,6.396030e-01,1.885773e-13,1.949426e-09,6.687744e-08,5.614934e-01,2.000468e-13,1.737318e-09,3.852501e-03,-8.870262e-03,2.463731e-03,3.853345e-15,1.022622e+02,1.528675e+09,1.213134e+02,1.574198e+09,1.122551e+02,1.671962e+09
32,monte carlo,2.206855e-11,2.685584e-01,8.593840e-10,5.755803e-10,5.213851e-13,3.532864e-11,2.873542e-01,1.187067e-09,7.861311e-10,3.976026e-13,3.545259e-11,3.948153e-01,9.462744e-10,6.466257e-10,5.024864e-13,2.206366e-11,1.758318e-01,9.431570e-10,3.311104e-10,2.414252e-13,6.930679e-08,5.634121e-01,1.781733e-13,1.356743e-09,8.363741e-08,6.454740e-01,2.230125e-13,1.198131e-09,6.673512e-08,5.682563e-01,2.121869e-13,1.249342e-09,-8.705269e-03,-2.061168e-03,1.200237e-03,2.085256e-15,1.159366e+02,1.802916e+09,1.221217e+02,1.343342e+09,1.106831e+02,1.549554e+09
33,monte carlo,2.242582e-11,2.484869e-01,7.301511e-10,9.152781e-10,2.606690e-13,3.624030e-11,2.365447e-01,8.862078e-10,2.786214e-10,3.277805e-13,3.602305e-11,1.059667e-01,1.135728e-09,5.273265e-10,4.189107e-13,2.184142e-11,2.940066e-01,6.920814e-10,4.462127e-10,5.075296e-13,6.810440e-08,5.149489e-01,1.871269e-13,1.624578e-09,8.273698e-08,6.699322e-01,1.843665e-13,6.003580e-10,6.909142e-08,5.538800e-01,1.771047e-13,1.332720e-09,-5.029275e-03,3.655998e-03,-9.327004e-04,3.220391e-15,1.246471e+02,1.700134e+09,1.163965e+02,1.382106e+09,1.175654e+02,1.747739e+09
34,monte carlo,2.162514e-11,2.928364e-01,7.034567e-10,8.865904e-10,2.616936e-13,3.590038e-11,3.082836e-01,9.526091e-10,8.631481e-10,4.782437e-13,3.647147e-11,3.532470e-01,9.634834e-10,5.678664e-10,3.026024e-13,2.203450e-11,2.118769e-01,1.038134e-09,4.099709e-10,2.694176e-13,6.879842e-08,6.466451e-01,1.391788e-13,1.879887e-09,8.308081e-08,6.986589e-01,1.588067e-13,1.475768e-09,6.902072e-08,5.787086e-01,1.847813e-13,1.487050e-09,2.922610e-03,-9.496058e-03,2.732391e-03,1.911782e-15,1.002729e+02,1.795900e+09,1.120745e+02,1.658026e+09,1.124063e+02,1.606140e+09
35,monte carlo,2.235073e-11,3.285021e-01,6.639554e-10,3.551162e-10,4.162058e-13,3.590538e-11,2.157198e-01,6.900437e-10,3.079160e-10,4.866426e-13,3.615936e-11,1.730279e-01,8.598645e-10,3.889658e-10,3.796962e-13,2.177238e-11,2.957694e-01,6.798053e-10,8.103758e-10,4.640105e-13,6.780204e-08,5.609956e-01,2.189810e-13,8.389915e-10,8.316801e-08,7.718971e-01,1.993730e-13,1.527970e-09,6.757345e-08,4.922412e-01,2.287576e-13,1.221251e-09,8.121279e-03,2.683061e-04,8.834757e-04,1.152353e-15,1.139081e+02,1.559510e+09,1.015472e+02,1.439881e+09,1.293806e+02,1.529705e+09
36,monte carlo,2.244000e-11,2.980708e-01,6.875539e-10,6.498090e-10,1.770081e-13,3.668906e-11,3.705028e-01,7.955707e-10,1.138649e-09,4.374984e-13,3.668230e-11,3.489294e-01,8.359414e-10,4.717607e-10,2.261696e-13,2.189241e-11,3.865021e-01,6.735754e-10,1.165485e-09,3.646367e-13,6.706574e-08,5.007445e-01,2.202633e-13,8.861324e-10,8.156137e-08,6.854170e-01,2.079246e-13,1.177994e-09,6.671081e-08,5.632023e-01,1.555528e-13,9.557199e-10,-1.556145e-03,3.233143e-04,-2.918190e-03,2.123955e-15,1.262280e+02,1.538874e+09,1.121504e+02,1.494324e+09,1.116357e+02,1.868897e+09
37,monte carlo,2.240108e-11,1.898272e-01,6.577337e-10,1.044925e-09,3.287560e-13,3.544776e-11,2.053850e-01,1.198880e-09,5.928773e-10,4.468018e-13,3.619448e-11,1.688716e-01,6.996974e-10,8.409197e-10,1.855475e-13,2.189597e-11,1.808292e-01,8.728994e-10,4.825598e-10,3.100758e-13,6.738897e-08,5.050337e-01,2.067075e-13,1.090679e-09,8.152303e-08,7.435469e-01,1.618634e-13,1.732995e-09,6.705027e-08,6.031020e-01,1.565459e-13,1.294043e-09,-9.959967e-03,-5.209015e-03,2.320589e-03,3.757497e-15,1.257591e+02,1.571545e+09,1.033340e+02,1.604840e+09,1.047806e+02,1.668125e+09
38,monte carlo,2.164450e-11,2.337419e-01,9.759072e-10,7.422581e-10,2.920823e-13,3.600550e-11,3.914617e-01,9.415480e-10,4.803096e-10,1.727485e-13,3.667044e-11,3.769368e-01,7.779220e-10,6.368099e-10,4.913183e-13,2.202163e-11,1.617988e-01,9.646947e-10,5.657119e-10,3.083176e-13,6.854981e-08,5.191349e-01,2.085297e-13,1.370272e-09,8.196092e-08,6.160862e-01,1.346499e-13,1.133641e-09,6.902841e-08,6.282993e-01,1.546706e-13,5.481482e-10,-2.892872e-03,-2.084065e-03,-8.603418e-04,4.191435e-15,1.244506e+02,1.672879e+09,1.253824e+02,1.658536e+09,1.035458e+02,1.839455e+09
39,monte carlo,2.211974e-11,3.581360e-01,7.095231e-10,1.246494e-09,2.951592e-13,3.529656e-11,1.644985e-01,1.027829e-09,5.786101e-10,4.276242e-13,3.604664e-11,2.061280e-01,9.311927e-10,3.780962e-10,5.039469e-13,2.232113e-11,1.101964e-01,9.707064e-10,5.225960e-10,3.517516e-13,6.890287e-08,6.302375e-01,1.739580e-13,1.858525e-09,8.360825e-08,7.342140e-01,1.690793e-13,9.103676e-10,6.872570e-08,6.135136e-01,1.518263e-13,1.482518e-09,-1.674089e-03,8.464603e-03,5.196709e-04,2.142006e-15,1.030396e+02,1.637847e+09,1.073242e+02,1.669231e+09,1.055762e+02,1.852446e+09
40,monte carlo,2.210559e-11,2.015680e-01,8.354561e-10,4.131282e-10,4.417776e-13,3.587747e-11,3.739506e-01,1.017658e-09,8.794475e-10,4.580586e-13,3.568690e-11,1.816577e-01,6.851583e-10,4.884652e-10,3.876086e-13,2.180126e-11,3.186800e-01,9.535337e-10,6.251887e-10,3.853204e-13,6.872519e-08,6.160585e-01,1.834496e-13,1.591511e-09,8.297205e-08,6.240295e-01,1.771033e-13,7.414165e-10,6.747645e-08,5.845850e-01,1.759891e-13,1.462118e-09,1.426258e-03,6.640244e-04,2.971215e-03,5.133643e-16,1.051393e+02,1.853498e+09,1.253135e+02,1.496082e+09,1.087867e+02,1.935927e+09
41,monte carlo,2.175979e-11,3.605668e-01,9.105673e-10,5.968532e-10,2.075922e-13,3.577568e-11,1.855659e-01,1.042350e-09,8.662258e-10,3.985304e-13,3.548295e-11,1.934045e-01,8.280512e-10,4.610845e-10,1.966324e-13,2.184728e-11,3.360182e-01,6.970835e-10,1.169837e-09,3.549301e-13,6.669372e-08,5.124411e-01,2.020236e-13,1.883392e-09,8.139411e-08,6.485323e-01,1.822742e-13,5.671848e-10,6.872986e-08,5.428909e-01,1.589806e-13,1.298447e-09,-7.185119e-03,-5.959603e-03,-2.125482e-04,1.673782e-15,1.226626e+02,1.698676e+09,1.182858e+02,1.664383e+09,1.193175e+02,1.632536e+09
42,monte carlo,2.230229e-11,2.874173e-01,9.964698e-10,2.911748e-10,4.512575e-13,3.589536e-11,3.030909e-01,1.189576e-09,3.123451e-10,3.244687e-13,3.624678e-11,3.637537e-01,8.120255e-10,1.074237e-09,4.522497e-13,2.179857e-11,3.804115e-01,1.000894e-09,9.373676e-10,3.860466e-13,6.674615e-08,5.484881e-01,1.766246e-13,6.510642e-10,8.192002e-08,6.055475e-01,2.039622e-13,1.740425e-09,6.824310e-08,6.342751e-01,1.693127e-13,1.818101e-09,-6.107489e-03,-4.270866e-03,1.927405e-03,3.369061e-15,1.146912e+02,1.680492e+09,1.275008e+02,1.423324e+09,1.014033e+02,1.666940e+09
43,monte carlo,2.205195e-11,2.671615e-01,1.067225e-09,5.055310e-10,2.789357e-13,3.573338e-11,1.914380e-01,1.101609e-09,6.843083e-10,4.139514e-13,3.546686e-11,3.295592e-01,1.034946e-09,1.293886e-09,3.015967e-13,2.163557e-11,1.219122e-01,1.166183e-09,1.198899e-09,4.823315e-13,6.735804e-08,6.028033e-01,1.983362e-13,6.663479e-10,8.189428e-08,7.326212e-01,1.595418e-13,1.049911e-09,6.688188e-08,5.539325e-01,2.065342e-13,6.449839e-10,2.184914e-04,6.619563e-04,-3.046967e-04,2.628974e-15,1.053137e+02,1.572339e+09,1.053526e+02,1.673569e+09,1.137949e+02,1.507267e+09
44,monte carlo,2.212814e-11,2.879245e-01,7.869070e-10,5.293414e-10,3.813872e-13,3.568448e-11,2.144863e-01,8.554180e-10,8.502910e-10,3.903113e-13,3.617058e-11,2.639832e-01,9.835068e-10,9.161088e-10,4.985647e-13,2.180512e-11,2.579387e-01,6.179458e-10,6.580028e-10,3.909536e-13,6.837638e-08,5.142417e-01,1.542450e-13,1.327177e-09,8.202942e-08,7.717741e-01,2.559195e-13,1.340523e-09,6.855317e-08,5.769686e-01,1.762401e-13,1.513953e-09,2.528519e-03,2.275260e-03,-3.829293e-04,2.197983e-15,1.253170e+02,1.916752e+09,1.001730e+02,1.303934e+09,1.119816e+02,1.589066e+09
45,monte carlo,2.195424e-11,1.131786e-01,1.022856e-09,1.138963e-09,2.776353e-13,3.587385e-11,2.253144e-01,8.346619e-10,1.064118e-09,2.909647e-13,3.566381e-11,2.457868e-01,1.091098e-09,6.315464e-10,3.850354e-13,2.173718e-11,1.676665e-01,7.738979e-10,8.180176e-10,3.741413e-13,6.784890e-08,5.824822e-01,1.554750e-13,1.775906e-09,8.337586e-08,7.064509e-01,1.653906e-13,1.903531e-09,6.750651e-08,5.266852e-01,2.244881e-13,5.396869e-10,-3.127717e-03,1.838584e-03,-2.093661e-03,1.590698e-15,1.097820e+02,1.923347e+09,1.112319e+02,1.625449e+09,1.207997e+02,1.610014e+09
46,monte carlo,2.208062e-11,2.940950e-01,1.094394e-09,1.102568e-09,2.718344e-13,3.581667e-11,2.095905e-01,7.915926e-10,3.104270e-10,4.032834e-13,3.579016e-11,1.123892e-01,6.593620e-10,6.282127e-10,4.014791e-13,2.196580e-11,2.916543e-01,1.182771e-09,1.113212e-09,3.727213e-13,6.886170e-08,6.465553e-01,1.271558e-13,6.912287e-10,8.061677e-08,6.563234e-01,2.040012e-13,1.364574e-09,6.835509e-08,5.546151e-01,1.932474e-13,6.682487e-10,9.829270e-03,-7.451061e-03,-2.608109e-03,2.142415e-15,1.003791e+02,1.948513e+09,1.157654e+02,1.417300e+09,1.161583e+02,1.666539e+09
47,monte carlo,2.182893e-11,1.204385e-01,1.151800e-09,9.145310e-10,3.651126e-13,3.625608e-11,2.220844e-01,6.657368e-10,8.753125e-10,5.027181e-13,3.544707e-11,3.823815e-01,6.486826e-10,5.375162e-10,3.925682e-13,2.170060e-11,2.107663e-01,9.717929e-10,9.296640e-10,2.530161e-13,6.809262e-08,5.783253e-01,1.969591e-13,1.197633e-09,8.257742e-08,7.298918e-01,1.610639e-13,1.718031e-09,6.831035e-08,6.234260e-01,1.964940e-13,5.239122e-10,6.232692e-03,-8.019933e-03,-1.224566e-03,1.353523e-15,1.109683e+02,1.634970e+09,1.066287e+02,1.639246e+09,1.032696e+02,1.601433e+09
48,monte carlo,2.174452e-11,1.713847e-01,7.342771e-10,8.584925e-10,1.934216e-13,3.641992e-11,3.390467e-01,8.748312e-10,9.728970e-10,2.539527e-13,3.659899e-11,1.578792e-01,1.175580e-09,4.847654e-10,4.403695e-13,2.243331e-11,2.957624e-01,6.169392e-10,3.798958e-10,2.783524e-13,6.841351e-08,5.151380e-01,1.661666e-13,1.654130e-09,8.151058e-08,6.773079e-01,1.870564e-13,1.222845e-09,6.839665e-08,5.735956e-01,1.751829e-13,1.585391e-09,-7.636440e-04,-6.829744e-03,2.258006e-03,3.341699e-15,1.251669e+02,1.637487e+09,1.134224e+02,1.491499e+09,1.123829e+02,1.918472e+09
49,monte carlo,2.171914e-11,1.683247e-01,8.377672e-10,9.167910e-10,2.672771e-13,3.644162e-11,3.020850e-01,8.317107e-10,5.954139e-10,3.584134e-13,3.548593e-11,2.768576e-01,7.113770e-10,4.286311e-10,4.262877e-13,2.202888e-11,2.713261e-01,6.146120e-10,4.081461e-10,1.934577e-13,6.676214e-08,5.358058e-01,2.353008e-13,5.047388e-10,8.131876e-08,7.131370e-01,1.349563e-13,7.122461e-10,6.931318e-08,5.300729e-01,1.804057e-13,1.442026e-09,8.369550e-03,4.389184e-03,4.007558e-04,1.604733e-15,1.174340e+02,1.531739e+09,1.074704e+02,1.665874e+09,1.232399e+02,1.890535e+09
50,monte carlo,2.180365e-11,1.753613e-01,1.096928e-09,9.461249e-10,3.002416e-13,3.649032e-11,2.130841e-01,9.202216e-10,3.175053e-10,4.792233e-13,3.576715e-11,3.094127e-01,1.031632e-09,6.587938e-10,2.954480e-13,2.164958e-11,2.595340e-01,9.063692e-10,1.110045e-09,2.360353e-13,6.809002e-08,5.302463e-01,1.285401e-13,1.465335e-09,8.083074e-08,7.490608e-01,1.472074e-13,1.605100e-09,6.789106e-08,5.322245e-01,1.574627e-13,5.525784e-10,7.860132e-03,-4.375325e-04,-4.581677e-04,5.097340e-16,1.210255e+02,1.884186e+09,1.017023e+02,1.623533e+09,1.202234e+02,1.899241e+09
51,monte carlo,2.156904e-11,2.445659e-01,1.183925e-09,8.329283e-10,3.201441e-13,3.590685e-11,3.794608e-01,8.770174e-10,1.058117e-09,2.411726e-13,3.547164e-11,1.900036e-01,9.419127e-10,1.276082e-09,5.248338e-13,2.221212e-11,3.248956e-01,6.844931e-10,1.062309e-09,2.574542e-13,6.869410e-08,5.170985e-01,1.836894e-13,1.024844e-09,8.358502e-08,7.444788e-01,1.571210e-13,1.251923e-09,6.665493e-08,4.904338e-01,1.834188e-13,1.078278e-09,3.187286e-03,-2.374189e-03,2.647969e-03,2.592413e-15,1.252037e+02,1.749269e+09,1.058150e+02,1.494205e+09,1.280923e+02,1.784812e+09
52,monte carlo,2.160937e-11,3.829612e-01,7.063786e-10,8.357887e-10,4.718839e-13,3.591436e-11,1.367755e-01,9.967358e-10,1.291866e-09,1.977164e-13,3.589758e-11,1.654156e-01,1.125446e-09,1.040687e-09,3.858072e-13,2.189424e-11,2.345780e-01,9.858954e-10,1.288565e-09,5.126971e-13,6.912034e-08,5.840714e-01,1.400024e-13,1.830560e-09,8.362743e-08,7.098388e-01,2.273007e-13,1.754222e-09,6.672618e-08,5.052179e-01,2.195646e-13,6.225188e-10,7.178687e-03,-1.635438e-03,-2.981716e-03,3.195288e-15,1.115350e+02,1.803033e+09,1.110351e+02,1.344335e+09,1.244769e+02,1.508935e+09
53,monte carlo,2.178944e-11,2.931392e-01,1.197447e-09,8.553095e-10,2.943539e-13,3.570401e-11,3.342388e-01,9.717054e-10,7.651974e-10,4.314512e-13,3.560680e-11,3.717658e-01,6.612173e-10,4.317703e-10,4.128466e-13,2.213810e-11,3.940366e-01,8.624206e-10,3.712006e-10,4.069444e-13,6.684634e-08,4.867933e-01,1.604687e-13,1.044114e-09,8.054613e-08,6.651908e-01,2.157056e-13,7.600403e-10,6.823111e-08,5.777660e-01,1.375139e-13,5.004121e-10,-2.513441e-03,-6.126610e-03,-2.869961e-03,3.999939e-15,1.294208e+02,1.779423e+09,1.141220e+02,1.353960e+09,1.113017e+02,1.819817e+09
54,monte carlo,2.233182e-11,2.401016e-01,9.684302e-10,7.485755e-10,1.816711e-13,3.644144e-11,3.558140e-01,1.154688e-09,6.416392e-10,1.914267e-13,3.618637e-11,1.748125e-01,1.095549e-09,6.436276e-10,3.422994e-13,2.173217e-11,1.444147e-01,8.888692e-10,7.861779e-10,1.812986e-13,6.904963e-08,5.888962e-01,1.557413e-13,1.349586e-09,8.074557e-08,6.440011e-01,1.616464e-13,5.755815e-10,6.776687e-08,5.320992e-01,1.966004e-13,1.974105e-09,-3.762638e-03,-9.353177e-03,1.501024e-04,1.798476e-15,1.105080e+02,1.711550e+09,1.181689e+02,1.571832e+09,1.200317e+02,1.646706e+09
55,monte carlo,2.181297e-11,1.426136e-01,1.148780e-09,1.050379e-09,3.880515e-13,3.540184e-11,3.549361e-01,1.158727e-09,6.440626e-10,4.645715e-13,3.575951e-11,1.306463e-01,1.152663e-09,4.294339e-10,2.214855e-13,2.162359e-11,1.308482e-01,1.116719e-09,8.372959e-10,3.541739e-13,6.680580e-08,5.210483e-01,1.646459e-13,1.817336e-09,8.077835e-08,6.770521e-01,1.788654e-13,1.128386e-09,6.905751e-08,6.444239e-01,1.786934e-13,1.048247e-09,8.009966e-03,4.277624e-03,1.337515e-03,3.363820e-15,1.208391e+02,1.943163e+09,1.124460e+02,1.479312e+09,1.009975e+02,1.706737e+09
56,monte carlo,2.157469e-11,3.930325e-01,9.245341e-10,7.706076e-10,5.226948e-13,3.559228e-11,3.835262e-01,7.667810e-10,7.327124e-10,4.023548e-13,3.616870e-11,3.955688e-01,1.168899e-09,5.988808e-10,3.397488e-13,2.237374e-11,1.058883e-01,8.008901e-10,7.723476e-10,5.153081e-13,6.729886e-08,5.442856e-01,2.251844e-13,5.132600e-10,8.266592e-08,6.037524e-01,1.966682e-13,9.412144e-10,6.718236e-08,5.679362e-01,1.916332e-13,1.553612e-09,-3.615501e-03,4.199591e-03,1.850113e-03,2.661161e-15,1.165338e+02,1.521031e+09,1.290443e+02,1.452322e+09,1.114877e+02,1.757446e+09
57,monte carlo,2.236780e-11,3.752404e-01,7.760632e-10,7.803713e-10,1.742650e-13,3.536905e-11,1.899112e-01,8.583933e-10,8.550725e-10,3.337996e-13,3.597125e-11,2.539424e-01,1.081814e-09,1.221565e-09,2.022208e-13,2.178728e-11,1.192563e-01,7.761300e-10,6.821451e-10,3.004125e-13,6.866969e-08,5.899493e-01,1.316659e-13,1.293987e-09,8.294410e-08,6.915620e-01,2.086026e-13,7.522273e-10,6.824649e-08,6.418746e-01,1.575787e-13,1.745032e-09,-2.784723e-03,-6.671183e-03,-1.875983e-03,3.088011e-15,1.097038e+02,1.908628e+09,1.130383e+02,1.527464e+09,1.002077e+02,1.670347e+09
58,monte carlo,2.207574e-11,2.107704e-01,1.093530e-09,1.017150e-09,1.815719e-13,3.561297e-11,3.706519e-01,7.098095e-10,9.991178e-10,3.319695e-13,3.599500e-11,1.571051e-01,6.630787e-10,1.089481e-09,3.875824e-13,2.173026e-11,1.500957e-01,7.398728e-10,6.876626e-10,3.712029e-13,6.933613e-08,5.335593e-01,1.717928e-13,1.264416e-09,8.222074e-08,7.441916e-01,1.822109e-13,1.975507e-09,6.859241e-08,5.904561e-01,1.915667e-13,8.234119e-10,6.473847e-03,4.238474e-05,-2.771153e-03,1.361281e-15,1.224751e+02,1.553379e+09,1.041280e+02,1.532367e+09,1.094863e+02,1.657797e+09
59,monte carlo,2.207324e-11,1.334876e-01,8.010677e-10,1.066857e-09,4.823002e-13,3.531664e-11,1.699894e-01,1.077364e-09,4.653811e-10,4.931628e-13,3.529060e-11,3.351015e-01,1.034425e-09,8.230604e-10,3.229103e-13,2.198443e-11,3.303091e-01,1.157367e-09,3.711109e-10,3.524237e-13,6.717606e-08,5.052608e-01,1.472236e-13,1.440326e-09,8.132640e-08,7.605850e-01,2.223754e-13,1.569538e-09,6.675676e-08,5.936268e-01,1.886693e-13,9.929043e-10,2.637655e-03,-5.383089e-03,1.588330e-03,3.137655e-15,1.253055e+02,1.823780e+09,1.007755e+02,1.354411e+09,1.059871e+02,1.672694e+09
60,monte carlo,2.231355e-11,3.144641e-01,1.143763e-09,4.544028e-10,5.128265e-13,3.600713e-11,3.038089e-01,8.905647e-10,8.608076e-10,3.905232e-13,3.549013e-11,2.679185e-01,9.253641e-10,4.039312e-10,2.738524e-13,2.178314e-11,3.420188e-01,8.045454e-10,5.079602e-10,3.435996e-13,6.781442e-08,5.545382e-01,1.523567e-13,6.042779e-10,8.232497e-08,6.585103e-01,1.686240e-13,9.514579e-10,6.794434e-08,6.390918e-01,1.767183e-13,1.397421e-09,9.539934e-03,1.086031e-03,-2.544083e-03,5.072196e-16,1.152555e+02,1.728419e+09,1.178257e+02,1.535582e+09,1.001985e+02,1.814425e+09
61,monte carlo,2.204544e-11,3.515202e-01,6.825828e-10,6.656798e-10,3.925977e-13,3.665998e-11,1.114092e-01,9.684051e-10,8.855544e-10,3.999048e-13,3.614159e-11,2.059352e-01,6.230211e-10,5.624995e-10,5.041658e-13,2.238455e-11,3.423733e-01,9.236727e-10,6.171121e-10,3.385424e-13,6.751733e-08,5.213084e-01,2.014586e-13,1.797765e-09,8.244884e-08,6.507409e-01,2.342348e-13,1.361054e-09,6.762520e-08,5.065042e-01,2.311970e-13,1.882138e-09,-6.515537e-03,5.337518e-03,-2.545630e-03,1.980085e-15,1.220651e+02,1.576159e+09,1.194119e+02,1.332445e+09,1.258336e+02,1.539244e+09
62,monte carlo,2.210466e-11,1.456874e-01,9.091155e-10,8.914695e-10,4.559049e-13,3.542558e-11,1.236903e-01,1.156863e-09,6.027658e-10,4.226979e-13,3.664799e-11,3.063793e-01,7.588758e-10,1.101808e-09,5.240146e-13,2.216679e-11,3.179717e-01,1.143237e-09,1.248408e-09,4.306599e-13,6.755032e-08,6.054549e-01,2.141437e-13,1.361543e-09,8.306676e-08,6.713074e-01,1.774951e-13,6.673866e-10,6.690928e-08,4.899969e-01,1.394037e-13,1.879376e-09,-7.743234e-03,-7.092256e-03,2.458400e-03,2.330920e-15,1.051518e+02,1.628526e+09,1.166210e+02,1.599881e+09,1.286957e+02,1.902206e+09
63,monte carlo,2.166421e-11,2.044658e-01,7.498880e-10,7.278397e-10,4.568653e-13,3.641483e-11,2.510406e-01,8.094258e-10,4.247238e-10,4.809736e-13,3.652749e-11,2.094052e-01,8.531493e-10,6.213090e-10,4.518608e-13,2.199934e-11,1.592148e-01,1.113954e-09,1.063436e-09,5.035041e-13,6.702143e-08,4.865240e-01,1.731924e-13,9.103346e-10,8.267693e-08,6.088848e-01,1.808269e-13,1.904769e-09,6.929707e-08,5.339183e-01,1.619880e-13,1.160683e-09,3.277245e-03,-9.653198e-03,-2.789690e-03,3.123417e-15,1.298316e+02,1.706415e+09,1.279736e+02,1.509450e+09,1.223239e+02,1.931728e+09
64,monte carlo,2.223562e-11,1.269376e-01,8.507817e-10,9.129677e-10,1.792390e-13,3.562187e-11,2.961054e-01,8.807283e-10,3.777543e-10,2.773398e-13,3.667618e-11,2.796551e-01,7.290868e-10,8.164978e-10,3.868367e-13,2.211435e-11,2.060290e-01,1.068707e-09,1.042406e-09,5.144988e-13,6.722128e-08,5.573896e-01,1.857408e-13,1.438164e-09,8.038694e-08,6.910617e-01,1.674371e-13,1.589160e-09,6.738572e-08,5.606827e-01,2.016341e-13,1.731513e-09,6.679793e-03,-3.321404e-03,6.635895e-04,4.517569e-15,1.136630e+02,1.624825e+09,1.096326e+02,1.499805e+09,1.132718e+02,1.686812e+09
65,monte carlo,2.201134e-11,1.006131e-01,1.122806e-09,5.547285e-10,4.531307e-13,3.621716e-11,1.394183e-01,1.096670e-09,6.224221e-10,3.166695e-13,3.567865e-11,2.678148e-01,1.053814e-09,9.424969e-10,2.793663e-13,2.208778e-11,2.847914e-01,1.184698e-09,4.456863e-10,1.935577e-13,6.839115e-08,6.365959e-01,2.284061e-13,1.961348e-09,8.176883e-08,6.606719e-01,1.705491e-13,1.720527e-09,6.726275e-08,6.022783e-01,1.923373e-13,1.102407e-09,5.496252e-03,-4.248220e-03,-2.378059e-03,4.112251e-15,1.012528e+02,1.550579e+09,1.166469e+02,1.554072e+09,1.052564e+02,1.702631e+09
66,monte carlo,2.173361e-11,2.341956e-01,7.324632e-10,8.330642e-10,4.890355e-13,3.586497e-11,3.088195e-01,9.442474e-10,1.149336e-09,3.780948e-13,3.623041e-11,1.001367e-01,6.875988e-10,3.697719e-10,3.125460e-13,2.219895e-11,1.872933e-01,1.004452e-09,9.234830e-10,2.296681e-13,6.703597e-08,4.893895e-01,1.429975e-13,1.589054e-09,8.043392e-08,6.585664e-01,1.432436e-13,7.846791e-10,6.888590e-08,5.251502e-01,1.406730e-13,1.994702e-09,3.631017e-03,4.493693e-03,-2.428464e-03,2.569179e-15,1.290995e+02,1.931104e+09,1.151094e+02,1.623493e+09,1.236283e+02,1.761652e+09
67,monte carlo,2.204753e-11,1.994877e-01,1.007737e-09,8.036951e-10,5.258179e-13,3.622085e-11,3.748484e-01,1.075714e-09,1.026778e-09,3.448396e-13,3.656699e-11,2.197309e-01,7.343191e-10,9.184203e-10,4.344104e-13,2.171090e-11,3.416527e-01,6.469227e-10,7.225647e-10,1.728920e-13,6.842579e-08,5.896579e-01,1.764400e-13,1.415280e-09,8.090469e-08,6.845269e-01,2.126919e-13,7.703716e-10,6.790980e-08,5.069713e-01,1.342868e-13,5.366392e-10,1.085367e-04,5.294844e-04,2.934111e-03,1.212179e-15,1.093682e+02,1.684526e+09,1.113921e+02,1.418682e+09,1.262467e+02,1.923542e+09
68,monte carlo,2.164514e-11,1.090391e-01,8.472850e-10,4.268604e-10,1.942400e-13,3.622180e-11,1.217563e-01,6.177657e-10,3.665100e-10,3.026303e-13,3.628031e-11,2.360522e-01,8.583001e-10,1.011109e-09,4.770082e-13,2.207500e-11,3.733059e-01,6.802215e-10,8.324502e-10,2.774373e-13,6.874917e-08,5.534515e-01,1.947580e-13,7.555307e-10,8.358645e-08,6.498468e-01,1.626030e-13,7.655482e-10,6.703709e-08,5.966294e-01,1.402972e-13,1.971601e-09,2.671354e-03,-6.922435e-03,1.717696e-03,3.604459e-15,1.170736e+02,1.695872e+09,1.212261e+02,1.656819e+09,1.058965e+02,1.851833e+09
69,monte carlo,2.212208e-11,1.742938e-01,9.246412e-10,6.562332e-10,4.024080e-13,3.563254e-11,3.184740e-01,1.080026e-09,1.101310e-09,3.571389e-13,3.659590e-11,1.070135e-01,7.599934e-10,1.021299e-09,5.091593e-13,2.217649e-11,2.448598e-01,9.293596e-10,1.249224e-09,5.215835e-13,6.811810e-08,5.139258e-01,2.333688e-13,6.421120e-10,8.284670e-08,6.529302e-01,1.865538e-13,8.988237e-10,6.822279e-08,5.530895e-01,2.233507e-13,1.101808e-09,-5.542718e-03,4.046582e-04,6.744132e-04,2.856825e-15,1.249204e+02,1.537133e+09,1.195858e+02,1.524378e+09,1.162533e+02,1.557190e+09
70,monte carlo,2.199307e-11,1.295807e-01,7.854615e-10,4.009959e-10,3.482511e-13,3.558798e-11,1.051606e-01,8.482524e-10,6.997554e-10,5.247410e-13,3.583416e-11,3.974452e-01,6.744471e-10,3.599713e-10,3.115317e-13,2.193494e-11,2.567605e-01,6.146854e-10,6.347708e-10,4.022788e-13,6.778554e-08,5.854443e-01,1.861959e-13,1.569882e-09,8.100315e-08,5.885257e-01,2.270450e-13,1.545467e-09,6.913325e-08,5.760615e-01,2.136022e-13,7.271292e-10,-6.175775e-03,1.595451e-04,2.932607e-03,4.243759e-15,1.091246e+02,1.523981e+09,1.297202e+02,1.368332e+09,1.131069e+02,1.501980e+09
71,monte carlo,2.193895e-11,2.678124e-01,6.670669e-10,1.043827e-09,4.312466e-13,3.625045e-11,3.107279e-01,6.986369e-10,4.473713e-10,3.387920e-13,3.665177e-11,3.836325e-01,7.215019e-10,6.176521e-10,3.929296e-13,2.188322e-11,1.933079e-01,1.166255e-09,1.060059e-09,1.930705e-13,6.846075e-08,5.711384e-01,1.343367e-13,9.603166e-10,8.249250e-08,6.474350e-01,1.611505e-13,1.792078e-09,6.932179e-08,6.116615e-01,1.334210e-13,1.789855e-09,-5.600052e-03,-8.921307e-03,-1.397493e-03,2.615752e-15,1.129722e+02,1.939594e+09,1.200852e+02,1.569989e+09,1.068144e+02,1.945227e+09
72,monte carlo,2.192413e-11,1.689032e-01,8.189969e-10,4.802264e-10,2.029402e-13,3.638283e-11,3.175356e-01,1.101803e-09,8.351500e-10,3.186377e-13,3.602631e-11,2.303018e-01,1.124602e-09,1.291821e-09,4.139402e-13,2.218702e-11,2.960687e-01,6.821769e-10,7.329396e-10,3.363505e-13,6.894041e-08,5.678838e-01,1.628824e-13,8.434198e-10,8.263018e-08,6.372702e-01,2.177838e-13,1.933292e-09,6.782241e-08,5.512383e-01,2.142507e-13,7.859794e-10,1.554967e-03,8.365619e-03,-2.932027e-03,2.122264e-15,1.144157e+02,1.623738e+09,1.222042e+02,1.301497e+09,1.159591e+02,1.533311e+09
73,monte carlo,2.185007e-11,3.592921e-01,7.844563e-10,3.969796e-10,1.816029e-13,3.577430e-11,3.780161e-01,8.947785e-10,9.384116e-10,5.121789e-13,3.566511e-11,2.105290e-01,8.700921e-10,4.645491e-10,2.542949e-13,2.171880e-11,3.846739e-01,9.405633e-10,7.298426e-10,5.213938e-13,6.891094e-08,5.076787e-01,2.407700e-13,1.593835e-09,8.074936e-08,7.251020e-01,2.228623e-13,8.410097e-10,6.736505e-08,5.227463e-01,1.879436e-13,1.465551e-09,-8.882199e-03,-7.964307e-03,1.781558e-03,3.234677e-15,1.279294e+02,1.509753e+09,1.049569e+02,1.393194e+09,1.214548e+02,1.642325e+09
74,monte carlo,2.216500e-11,3.235609e-01,6.347558e-10,8.335965e-10,2.538191e-13,3.637453e-11,1.682888e-01,8.851137e-10,6.026505e-10,2.794583e-13,3.607028e-11,2.165463e-01,9.173363e-10,7.442432e-10,4.639115e-13,2.240687e-11,2.025536e-01,1.110508e-09,4.849647e-10,1.817465e-13,6.692459e-08,5.387791e-01,1.915208e-13,1.075292e-09,8.224157e-08,6.111315e-01,1.962877e-13,1.561485e-09,6.823251e-08,5.033228e-01,1.436286e-13,7.705345e-10,-6.775557e-05,8.588764e-04,9.353290e-04,4.099493e-15,1.170701e+02,1.791038e+09,1.268317e+02,1.397061e+09,1.277662e+02,1.927155e+09
75,monte carlo,2.227496e-11,3.858800e-01,7.437416e-10,6.575920e-10,3.062482e-13,3.562505e-11,2.277079e-01,8.466614e-10,8.520460e-10,4.126332e-13,3.628289e-11,2.348310e-01,1.176211e-09,9.013543e-10,4.154287e-13,2.243932e-11,3.897828e-01,7.380915e-10,4.243622e-10,1.989158e-13,6.785987e-08,5.159024e-01,2.345278e-13,1.213905e-09,8.332708e-08,6.963245e-01,2.305081e-13,7.016143e-10,6.895122e-08,6.309016e-01,1.886332e-13,1.381082e-09,2.156949e-04,3.675218e-04,1.732850e-03,3.512253e-15,1.239700e+02,1.553414e+09,1.127835e+02,1.386524e+09,1.030034e+02,1.536151e+09
76,monte carlo,2.226017e-11,2.605749e-01,8.391220e-10,5.040770e-10,3.800827e-13,3.650247e-11,3.482922e-01,1.130594e-09,1.213059e-09,2.039207e-13,3.662239e-11,1.638604e-01,9.373657e-10,2.846257e-10,4.767808e-13,2.184881e-11,2.095007e-01,7.690048e-10,1.143817e-09,4.430810e-13,6.741937e-08,5.479471e-01,1.409006e-13,1.802810e-09,8.238072e-08,6.408134e-01,1.745605e-13,1.494090e-09,6.890307e-08,5.018485e-01,2.282870e-13,7.792207e-10,6.638016e-03,5.488981e-03,-1.211558e-03,4.851748e-15,1.159624e+02,1.879839e+09,1.211616e+02,1.428248e+09,1.294008e+02,1.564290e+09
77,monte carlo,2.161152e-11,1.697990e-01,9.722396e-10,9.516363e-10,4.395765e-13,3.584859e-11,2.429630e-01,1.134689e-09,4.855912e-10,4.013153e-13,3.564600e-11,3.635212e-01,7.110319e-10,1.212557e-09,4.472777e-13,2.199325e-11,1.060011e-01,8.602588e-10,1.089969e-09,3.332565e-13,6.818697e-08,5.224983e-01,1.665435e-13,1.789847e-09,8.115852e-08,6.135613e-01,1.770887e-13,1.648588e-09,6.808344e-08,5.309332e-01,1.568485e-13,1.587984e-09,9.867495e-03,-9.292856e-03,1.818476e-03,4.503163e-15,1.229950e+02,1.784414e+09,1.246658e+02,1.541746e+09,1.208573e+02,1.934412e+09
78,monte carlo,2.228345e-11,3.279706e-01,7.591201e-10,1.258734e-09,5.175224e-13,3.591043e-11,3.623933e-01,9.097709e-10,4.581302e-10,2.662710e-13,3.668089e-11,3.189459e-01,1.185936e-09,5.937713e-10,4.779465e-13,2.189240e-11,1.672759e-01,8.870555e-10,8.833549e-10,3.928757e-13,6.889253e-08,5.433047e-01,1.634388e-13,6.525439e-10,8.046334e-08,6.421104e-01,2.230611e-13,1.229680e-09,6.886934e-08,5.029238e-01,1.951679e-13,1.973399e-09,8.520393e-03,3.030938e-04,1.188791e-04,2.859792e-15,1.195088e+02,1.825982e+09,1.181026e+02,1.365276e+09,1.290610e+02,1.714006e+09
79,monte carlo,2.193927e-11,3.126853e-01,1.036964e-09,1.080521e-09,4.787679e-13,3.580288e-11,3.282509e-01,1.089882e-09,1.152235e-09,4.133907e-13,3.643660e-11,1.577396e-01,6.230570e-10,7.253941e-10,2.596654e-13,2.240281e-11,1.018218e-01,6.235767e-10,3.238861e-10,5.167717e-13,6.875355e-08,5.846274e-01,1.993117e-13,7.050356e-10,8.072356e-08,7.096817e-01,1.989287e-13,1.667419e-09,6.675959e-08,6.178115e-01,1.644292e-13,6.047840e-10,-9.926508e-03,-7.720765e-03,-1.892334e-03,3.404000e-15,1.108376e+02,1.752482e+09,1.072032e+02,1.430019e+09,1.018424e+02,1.759981e+09
80,monte carlo,2.193864e-11,2.617583e-01,7.061701e-10,8.785316e-10,2.088458e-13,3.600246e-11,2.565381e-01,8.344394e-10,9.420327e-10,4.683488e-13,3.623954e-11,3.002665e-01,1.085182e-09,5.013988e-10,3.427547e-13,2.160256e-11,2.557076e-01,7.917003e-10,7.035249e-10,2.716979e-13,6.709036e-08,5.226548e-01,1.303674e-13,1.421771e-09,8.037541e-08,6.094775e-01,2.123935e-13,1.887716e-09,6.833695e-08,5.519950e-01,1.991339e-13,5.872044e-10,1.338423e-03,8.033028e-03,-2.765193e-03,4.845138e-15,1.209807e+02,1.858003e+09,1.242901e+02,1.406693e+09,1.166787e+02,1.572270e+09
81,monte carlo,2.195567e-11,1.913274e-01,7.230846e-10,6.777699e-10,3.883349e-13,3.626397e-11,3.712457e-01,9.523726e-10,1.218542e-09,2.769082e-13,3.587976e-11,1.717056e-01,1.038350e-09,1.011556e-09,2.349555e-13,2.218219e-11,3.493751e-01,7.749279e-10,3.882006e-10,3.393324e-13,6.833748e-08,5.886822e-01,2.070221e-13,1.895427e-09,8.160942e-08,6.480211e-01,1.955277e-13,8.834228e-10,6.790645e-08,6.101079e-01,1.804649e-13,8.032523e-10,6.599252e-03,1.451857e-03,-6.022189e-04,1.503227e-15,1.094080e+02,1.557756e+09,1.186922e+02,1.432340e+09,1.049000e+02,1.643287e+09
82,monte carlo,2.229344e-11,2.252412e-01,9.012031e-10,1.142067e-09,4.937549e-13,3.623394e-11,2.934696e-01,6.541064e-10,7.688510e-10,4.975321e-13,3.615739e-11,3.772054e-01,7.884384e-10,1.097599e-09,2.743535e-13,2.219293e-11,3.040706e-01,7.599074e-10,9.947503e-10,3.604887e-13,6.726472e-08,5.600734e-01,2.305551e-13,7.490246e-10,8.072542e-08,6.104903e-01,2.284170e-13,1.009617e-09,6.673599e-08,5.838218e-01,1.546146e-13,1.448059e-09,1.028702e-03,-8.574751e-03,-1.129653e-03,2.799628e-15,1.131914e+02,1.501571e+09,1.246243e+02,1.423156e+09,1.077335e+02,1.896654e+09
83,monte carlo,2.200898e-11,2.784783e-01,9.632058e-10,6.769436e-10,4.197994e-13,3.628246e-11,2.418689e-01,6.707431e-10,7.329073e-10,2.553900e-13,3.653029e-11,2.124477e-01,1.113451e-09,1.060390e-09,4.218610e-13,2.186943e-11,3.962226e-01,6.236393e-10,6.631104e-10,2.970572e-13,6.855539e-08,5.814116e-01,1.740842e-13,8.410189e-10,8.221498e-08,7.003797e-01,1.661692e-13,1.793628e-09,6.678406e-08,5.024867e-01,1.884025e-13,1.256728e-09,-7.619275e-03,8.794929e-03,2.217059e-03,4.349163e-15,1.111294e+02,1.921612e+09,1.106340e+02,1.571210e+09,1.252620e+02,1.591014e+09
84,monte carlo,2.158537e-11,2.238811e-01,1.085686e-09,1.214486e-09,3.158411e-13,3.566261e-11,2.175432e-01,9.412318e-10,3.600475e-10,3.089866e-13,3.652900e-11,3.461800e-01,9.455460e-10,6.774899e-10,3.349966e-13,2.204189e-11,3.730441e-01,1.037033e-09,1.154152e-09,3.306396e-13,6.697743e-08,5.712578e-01,2.231397e-13,1.928362e-09,8.185900e-08,6.080339e-01,1.983729e-13,8.591305e-10,6.720530e-08,5.967424e-01,1.497698e-13,1.913373e-09,8.060225e-03,-6.624513e-03,-5.834949e-04,3.508512e-15,1.105013e+02,1.529217e+09,1.268848e+02,1.339234e+09,1.061421e+02,1.821437e+09
85,monte carlo,2.223818e-11,1.662069e-01,7.381621e-10,5.514031e-10,4.024692e-13,3.580734e-11,2.233765e-01,9.382418e-10,6.578651e-10,4.418316e-13,3.650091e-11,2.539966e-01,1.138177e-09,8.586840e-10,2.459562e-13,2.176098e-11,2.249480e-01,1.127389e-09,1.218097e-09,2.770009e-13,6.792093e-08,5.645721e-01,1.876426e-13,9.517253e-10,8.356091e-08,7.334784e-01,2.314697e-13,1.337965e-09,6.765728e-08,5.448885e-01,2.332889e-13,1.620348e-09,4.374552e-03,-1.800208e-03,1.063768e-03,3.610233e-15,1.133849e+02,1.580415e+09,1.073710e+02,1.312454e+09,1.170248e+02,1.540221e+09
86,monte carlo,2.182338e-11,1.980099e-01,1.199634e-09,6.471766e-10,5.082353e-13,3.544797e-11,3.256538e-01,1.133803e-09,2.768598e-10,4.659967e-13,3.562367e-11,3.061734e-01,1.163879e-09,1.222401e-09,5.264719e-13,2.238433e-11,2.183159e-01,6.707645e-10,3.363231e-10,2.759163e-13,6.694409e-08,5.953130e-01,1.873060e-13,1.520302e-09,8.222468e-08,6.770858e-01,1.532156e-13,1.707900e-09,6.776969e-08,4.920611e-01,1.635641e-13,1.835047e-09,2.624801e-03,-2.779975e-03,-9.348682e-04,4.854397e-15,1.059834e+02,1.783301e+09,1.144537e+02,1.620147e+09,1.298038e+02,1.754279e+09
87,monte carlo,2.171687e-11,2.418623e-01,9.099648e-10,9.024104e-10,3.018071e-13,3.544305e-11,2.500211e-01,7.923035e-10,9.119081e-10,3.545644e-13,3.623000e-11,3.907491e-01,7.408965e-10,1.159626e-09,2.836012e-13,2.220360e-11,3.514544e-01,7.975178e-10,7.881978e-10,4.766913e-13,6.686291e-08,5.670743e-01,1.751007e-13,7.200070e-10,8.233725e-08,7.717957e-01,1.612246e-13,8.508477e-10,6.704113e-08,5.619723e-01,2.015356e-13,7.906257e-10,3.133450e-03,9.285006e-03,-1.474780e-03,2.328578e-15,1.111262e+02,1.841662e+09,1.005461e+02,1.573929e+09,1.124340e+02,1.627774e+09
88,monte carlo,2.221818e-11,2.654706e-01,6.963912e-10,3.999876e-10,3.960298e-13,3.635857e-11,2.563153e-01,9.820527e-10,1.090676e-09,2.585610e-13,3.644116e-11,2.515647e-01,8.767150e-10,5.106965e-10,3.319323e-13,2.157968e-11,1.932589e-01,1.005438e-09,5.921149e-10,4.776060e-13,6.879112e-08,4.992724e-01,1.923973e-13,7.866656e-10,8.178482e-08,7.436122e-01,2.320238e-13,1.243457e-09,6.889428e-08,5.618279e-01,1.552030e-13,5.141515e-10,-2.677210e-04,-6.895511e-03,6.633440e-04,2.341123e-15,1.298572e+02,1.750013e+09,1.036567e+02,1.411696e+09,1.155716e+02,1.691448e+09
89,monte carlo,2.160312e-11,1.556586e-01,9.320742e-10,3.126502e-10,4.606836e-13,3.639631e-11,2.705949e-01,9.751026e-10,1.051830e-09,2.163040e-13,3.611637e-11,2.614800e-01,1.008507e-09,8.815149e-10,3.696568e-13,2.237224e-11,3.780273e-01,1.050147e-09,6.977536e-10,3.789587e-13,6.755243e-08,5.486169e-01,1.970466e-13,7.723749e-10,8.086159e-08,6.318295e-01,2.098742e-13,1.061659e-09,6.891686e-08,5.084066e-01,1.704682e-13,1.147508e-09,8.589845e-03,8.114863e-03,-2.342422e-03,4.894233e-15,1.160494e+02,1.682281e+09,1.206184e+02,1.495987e+09,1.277572e+02,1.911266e+09
90,monte carlo,2.172043e-11,2.691524e-01,6.731776e-10,6.210181e-10,2.068285e-13,3.665579e-11,3.223139e-01,9.848035e-10,9.184201e-10,2.363048e-13,3.578602e-11,2.165070e-01,7.048778e-10,7.172535e-10,4.172739e-13,2.185871e-11,2.068431e-01,7.644472e-10,1.059389e-09,2.341780e-13,6.886852e-08,5.300194e-01,1.828427e-13,1.258428e-09,8.333498e-08,7.429277e-01,1.907578e-13,1.988696e-09,6.718947e-08,6.187262e-01,1.397863e-13,1.127828e-09,7.303415e-04,1.230673e-03,2.199315e-03,3.503878e-15,1.224616e+02,1.834652e+09,1.057187e+02,1.583569e+09,1.023467e+02,1.896374e+09
91,monte carlo,2.209551e-11,3.868233e-01,7.880954e-10,5.523606e-10,2.893073e-13,3.571919e-11,3.476879e-01,8.773178e-10,5.497029e-10,3.736950e-13,3.586653e-11,3.961963e-01,9.371277e-10,7.276314e-10,2.860457e-13,2.203745e-11,3.393611e-01,7.422680e-10,9.574792e-10,2.450389e-13,6.813264e-08,5.605462e-01,2.028291e-13,1.049975e-09,8.275817e-08,6.116417e-01,1.952174e-13,5.617728e-10,6.849710e-08,5.967170e-01,2.055988e-13,1.110580e-09,-4.307274e-03,3.404283e-03,-1.306821e-03,2.662426e-15,1.145552e+02,1.601119e+09,1.275219e+02,1.551182e+09,1.081870e+02,1.570587e+09
92,monte carlo,2.196598e-11,3.535848e-01,7.240329e-10,5.133811e-10,3.617988e-13,3.555225e-11,1.529059e-01,8.724953e-10,3.881124e-10,2.195219e-13,3.630430e-11,2.933070e-01,6.447318e-10,1.203914e-09,3.898146e-13,2.223809e-11,3.428204e-01,8.256897e-10,8.556804e-10,3.381130e-13,6.734168e-08,5.521573e-01,1.402952e-13,6.914592e-10,8.065350e-08,6.861393e-01,1.788931e-13,1.028088e-09,6.930699e-08,5.871010e-01,1.402889e-13,1.580891e-09,4.121665e-03,-4.072757e-03,1.863366e-03,3.020024e-15,1.149456e+02,1.797392e+09,1.107853e+02,1.628067e+09,1.112591e+02,1.777817e+09
93,monte carlo,2.160162e-11,3.473148e-01,1.047275e-09,8.363089e-10,3.219524e-13,3.660764e-11,2.633614e-01,1.153853e-09,3.547310e-10,1.790244e-13,3.641767e-11,1.542753e-01,7.229520e-10,4.373999e-10,4.081316e-13,2.202052e-11,2.735751e-01,6.959999e-10,1.275694e-09,2.627430e-13,6.843033e-08,5.215039e-01,1.803990e-13,6.812369e-10,8.322756e-08,6.893471e-01,1.966066e-13,7.285872e-10,6.804452e-08,6.352899e-01,1.478070e-13,8.585519e-10,-5.589300e-03,-1.925742e-03,-8.772899e-04,1.038305e-15,1.236694e+02,1.763560e+09,1.137890e+02,1.339346e+09,1.009467e+02,1.839946e+09
94,monte carlo,2.229142e-11,2.455028e-01,7.983647e-10,1.226206e-09,3.339423e-13,3.550428e-11,2.763538e-01,7.970482e-10,2.796578e-10,4.482111e-13,3.667878e-11,3.591563e-01,6.802998e-10,1.223658e-09,1.754269e-13,2.225393e-11,2.749617e-01,1.020793e-09,4.848522e-10,2.066605e-13,6.875061e-08,5.889162e-01,1.840649e-13,5.342451e-10,8.242412e-08,7.150552e-01,1.914047e-13,7.595534e-10,6.756057e-08,5.877709e-01,1.554938e-13,1.650452e-09,1.081807e-04,9.682987e-03,-1.058912e-03,1.166515e-15,1.100257e+02,1.792480e+09,1.086390e+02,1.599854e+09,1.083319e+02,1.920536e+09
95,monte carlo,2.243506e-11,3.666082e-01,6.188951e-10,6.962137e-10,3.941600e-13,3.641742e-11,3.965147e-01,7.029725e-10,7.117967e-10,3.963673e-13,3.624877e-11,2.540792e-01,1.062203e-09,1.010254e-09,1.694689e-13,2.157236e-11,2.605896e-01,8.966839e-10,5.982072e-10,2.497568e-13,6.667009e-08,6.094938e-01,1.437631e-13,1.184288e-09,8.186758e-08,7.308646e-01,2.279314e-13,1.165816e-09,6.761809e-08,6.348617e-01,2.213396e-13,1.346003e-09,2.524203e-03,-7.172370e-03,1.016974e-03,2.948948e-15,1.030939e+02,1.828586e+09,1.055714e+02,1.372831e+09,1.003818e+02,1.622823e+09
96,monte carlo,2.204032e-11,3.733979e-01,8.191907e-10,1.257122e-09,1.809888e-13,3.562807e-11,2.585912e-01,1.017174e-09,8.196704e-10,3.843841e-13,3.554340e-11,1.843602e-01,9.830013e-10,7.990930e-10,4.140111e-13,2.199426e-11,3.031101e-01,7.297000e-10,1.091179e-09,4.693281e-13,6.736987e-08,4.925422e-01,1.378882e-13,1.177051e-09,8.226086e-08,6.339416e-01,2.488407e-13,1.271646e-09,6.713626e-08,5.191585e-01,1.749542e-13,1.130488e-09,-4.768129e-03,-9.726378e-03,-7.572141e-04,4.132436e-15,1.289120e+02,1.838406e+09,1.222968e+02,1.340305e+09,1.218788e+02,1.704796e+09
97,monte carlo,2.198616e-11,3.680796e-01,6.356273e-10,3.310136e-10,2.604065e-13,3.605434e-11,1.306490e-01,1.187723e-09,6.740268e-10,3.303687e-13,3.610457e-11,3.840460e-01,9.719262e-10,7.959691e-10,4.542917e-13,2.178153e-11,2.953117e-01,6.704414e-10,1.091568e-09,4.212957e-13,6.692327e-08,5.215130e-01,1.778650e-13,1.439714e-09,8.129198e-08,6.638715e-01,1.796539e-13,5.827074e-10,6.852507e-08,5.209658e-01,2.032849e-13,1.631229e-09,7.041352e-03,-4.546370e-03,-8.169441e-05,3.396689e-15,1.209437e+02,1.853219e+09,1.154077e+02,1.652594e+09,1.239685e+02,1.640379e+09
98,monte carlo,2.237747e-11,3.792422e-01,6.548006e-10,1.255040e-09,2.346151e-13,3.535381e-11,3.914650e-01,1.098537e-09,8.384858e-10,2.675646e-13,3.639963e-11,3.569215e-01,6.897280e-10,8.897911e-10,4.829556e-13,2.236508e-11,1.768780e-01,6.656994e-10,5.528232e-10,2.899767e-13,6.683195e-08,5.718183e-01,2.026066e-13,1.571842e-09,8.051801e-08,7.170340e-01,2.265458e-13,1.814660e-09,6.904771e-08,5.730166e-01,1.772978e-13,1.903881e-09,3.373195e-03,-4.567042e-04,1.927903e-03,4.017081e-15,1.101532e+02,1.675816e+09,1.058338e+02,1.417677e+09,1.135673e+02,1.538668e+09
99,monte carlo,2.160944e-11,3.986746e-01,9.711181e-10,1.183715e-09,3.605688e-13,3.541393e-11,3.564339e-01,1.132202e-09,5.137502e-10,4.872043e-13,3.538975e-11,3.315553e-01,9.290007e-10,5.999280e-10,3.705724e-13,2.218508e-11,3.218309e-01,7.982588e-10,3.031682e-10,3.064667e-13,6.715816e-08,5.929737e-01,1.666895e-13,1.074558e-09,8.329950e-08,6.667518e-01,1.524337e-13,7.245667e-10,6.907892e-08,6.146780e-01,1.942246e-13,1.638680e-09,2.965566e-03,1.086392e-03,2.585274e-04,1.317791e-15,1.067418e+02,1.620247e+09,1.177469e+02,1.580153e+09,1.059178e+02,1.569302e+09
100,monte carlo,2.203486e-11,3.158006e-01,6.545846e-10,1.258860e-09,3.458873e-13,3.548953e-11,2.271564e-01,6.901710e-10,6.218734e-10,5.045409e-13,3.569179e-11,1.798654e-01,8.669465e-10,4.017240e-10,2.301762e-13,2.166088e-11,2.254168e-01,1.157940e-09,4.518217e-10,3.534493e-13,6.807406e-08,5.905471e-01,1.892644e-13,6.274750e-10,8.123742e-08,7.021522e-01,1.658216e-13,8.710103e-10,6.775775e-08,5.169512e-01,1.333973e-13,1.307034e-09,-1.239606e-03,6.116544e-03,7.598161e-04,2.834999e-15,1.086421e+02,1.773653e+09,1.090425e+02,1.596702e+09,1.235323e+02,1.830416e+09
101,monte carlo,2.186862e-11,1.275822e-01,7.154109e-10,1.112588e-09,3.055966e-13,3.662294e-11,2.344442e-01,8.314111e-10,2.872121e-10,3.016059e-13,3.632238e-11,2.655773e-01,9.472806e-10,8.847561e-10,3.107776e-13,2.230510e-11,3.141686e-01,6.832175e-10,5.490522e-10,4.562067e-13,6.725680e-08,4.930291e-01,1.649193e-13,9.460095e-10,8.269889e-08,7.628936e-01,2.312588e-13,1.923377e-09,6.794634e-08,5.550720e-01,1.721327e-13,8.127058e-10,9.521057e-03,-8.020084e-04,-8.484911e-04,3.983070e-15,1.285686e+02,1.706802e+09,1.021661e+02,1.365411e+09,1.153687e+02,1.694384e+09
102,monte carlo,2.177952e-11,3.552976e-01,1.049820e-09,8.344587e-10,3.263153e-13,3.572713e-11,1.751134e-01,1.024947e-09,1.285278e-09,4.020844e-13,3.577481e-11,2.966927e-01,7.967296e-10,3.943445e-10,2.486505e-13,2.184659e-11,3.297849e-01,9.271652e-10,4.680502e-10,3.970379e-13,6.819103e-08,5.924349e-01,1.536192e-13,1.859151e-09,8.186526e-08,6.228424e-01,1.826687e-13,5.084544e-10,6.848833e-08,5.623181e-01,1.768603e-13,8.578132e-10,8.186042e-03,4.877504e-03,1.334927e-03,4.102811e-15,1.084820e+02,1.889451e+09,1.238775e+02,1.415825e+09,1.147904e+02,1.896770e+09
103,monte carlo,2.157890e-11,1.261802e-01,9.482829e-10,3.847684e-10,3.073985e-13,3.651846e-11,2.866837e-01,6.312526e-10,1.006866e-09,1.894683e-13,3.644088e-11,2.741699e-01,1.004198e-09,5.541800e-10,3.402858e-13,2.201394e-11,2.621550e-01,7.762872e-10,9.437086e-10,1.762538e-13,6.770620e-08,6.299807e-01,1.472317e-13,1.194286e-09,8.054618e-08,6.378929e-01,1.975352e-13,1.176750e-09,6.713532e-08,6.025023e-01,2.370599e-13,1.111736e-09,6.493408e-03,6.183702e-03,-7.238297e-04,2.783084e-15,1.012914e+02,1.837816e+09,1.190058e+02,1.405132e+09,1.050179e+02,1.504084e+09
104,monte carlo,2.156562e-11,2.578412e-01,9.543059e-10,5.975636e-10,5.042540e-13,3.573054e-11,1.688511e-01,7.247930e-10,8.516872e-10,3.851342e-13,3.530819e-11,3.039043e-01,1.107541e-09,1.120285e-09,4.257139e-13,2.167634e-11,1.187568e-01,6.090006e-10,6.335759e-10,3.106765e-13,6.814868e-08,6.399438e-01,1.765603e-13,1.482890e-09,8.207914e-08,7.526279e-01,2.185994e-13,1.355075e-09,6.887072e-08,6.010458e-01,2.069660e-13,1.158613e-09,8.031609e-03,-8.978935e-03,-2.874549e-03,3.896335e-15,1.003660e+02,1.900265e+09,1.027835e+02,1.320896e+09,1.079936e+02,1.569960e+09
105,monte carlo,2.216005e-11,2.817586e-01,8.098161e-10,1.173421e-09,1.916981e-13,3.534362e-11,2.112730e-01,6.217709e-10,8.432022e-10,4.799440e-13,3.643968e-11,3.719943e-01,9.034629e-10,1.170823e-09,5.009516e-13,2.195099e-11,2.783266e-01,6.744985e-10,5.910275e-10,2.752807e-13,6.850900e-08,5.042037e-01,1.340537e-13,7.279145e-10,8.108832e-08,7.283740e-01,2.256864e-13,1.396325e-09,6.696760e-08,5.930034e-01,1.437575e-13,1.509531e-09,-4.438700e-03,-7.730595e-04,4.308494e-05,7.788955e-16,1.280598e+02,1.886164e+09,1.049240e+02,1.343519e+09,1.064336e+02,1.786738e+09
106,monte carlo,2.224554e-11,2.090168e-01,9.647036e-10,4.099127e-10,3.351860e-13,3.647005e-11,3.874793e-01,9.577965e-10,6.123059e-10,2.284178e-13,3.559476e-11,2.399883e-01,7.444874e-10,1.203989e-09,2.499691e-13,2.201873e-11,3.401175e-01,9.619705e-10,9.117285e-10,1.901513e-13,6.743763e-08,5.375538e-01,2.025523e-13,1.798727e-09,8.081587e-08,6.311900e-01,2.175117e-13,5.780562e-10,6.882662e-08,6.479473e-01,1.875406e-13,1.666185e-09,-4.065946e-03,1.445151e-04,1.169494e-03,1.685922e-15,1.182365e+02,1.648789e+09,1.206723e+02,1.487475e+09,1.001124e+02,1.672869e+09
107,monte carlo,2.190901e-11,2.556361e-01,9.728013e-10,9.214631e-10,1.717600e-13,3.604219e-11,1.725912e-01,9.899080e-10,3.458058e-10,3.732798e-13,3.640776e-11,3.819595e-01,1.136741e-09,3.347710e-10,1.799962e-13,2.222688e-11,3.383694e-01,1.015776e-09,7.172925e-10,4.729933e-13,6.882531e-08,5.166771e-01,2.114177e-13,1.969072e-09,8.307969e-08,6.371284e-01,2.394191e-13,1.413158e-09,6.728255e-08,5.109604e-01,2.317850e-13,6.847676e-10,9.350824e-04,-6.754132e-03,-2.566442e-03,3.772690e-15,1.255452e+02,1.645386e+09,1.228964e+02,1.331245e+09,1.241042e+02,1.503135e+09
108,monte carlo,2.195834e-11,3.522662e-01,1.022470e-09,6.320817e-10,2.515247e-13,3.631510e-11,1.843993e-01,7.894776e-10,8.913286e-10,2.117258e-13,3.559290e-11,1.429215e-01,1.022497e-09,8.190013e-10,5.120783e-13,2.189311e-11,3.201237e-01,1.136542e-09,3.236864e-10,4.123075e-13,6.681061e-08,5.929894e-01,2.164812e-13,9.903192e-10,8.144162e-08,7.135750e-01,1.834800e-13,1.273384e-09,6.691705e-08,5.025621e-01,2.303608e-13,1.592210e-09,4.195294e-03,-7.888718e-03,-2.056715e-03,2.805419e-15,1.061866e+02,1.655932e+09,1.075667e+02,1.481193e+09,1.254926e+02,1.510658e+09
109,monte carlo,2.218356e-11,2.140251e-01,9.838718e-10,7.172245e-10,4.947844e-13,3.572563e-11,2.192656e-01,6.733184e-10,9.987200e-10,2.810213e-13,3.548653e-11,2.981129e-01,9.863391e-10,1.252019e-09,4.150417e-13,2.165169e-11,2.702026e-01,1.015448e-09,5.195019e-10,4.919128e-13,6.759552e-08,5.936196e-01,2.022319e-13,1.882366e-09,8.269848e-08,7.055698e-01,1.471339e-13,1.982840e-09,6.666763e-08,5.322852e-01,1.338614e-13,1.984355e-09,5.090242e-03,1.778419e-03,-4.804706e-04,1.700687e-15,1.073200e+02,1.721031e+09,1.104660e+02,1.654853e+09,1.180434e+02,1.920446e+09
110,monte carlo,2.168716e-11,2.389790e-01,1.024504e-09,5.969309e-10,3.482164e-13,3.596319e-11,1.500881e-01,7.217087e-10,1.225060e-09,4.958869e-13,3.659609e-11,3.301252e-01,6.138842e-10,3.109472e-10,4.527012e-13,2.204792e-11,1.555132e-01,1.113608e-09,7.359375e-10,2.591134e-13,6.893224e-08,5.043104e-01,1.987779e-13,9.358601e-10,8.333604e-08,6.790584e-01,1.788318e-13,1.572315e-09,6.775113e-08,6.082258e-01,1.387737e-13,6.446956e-10,7.006888e-03,1.596617e-03,-4.433862e-04,2.271744e-15,1.288236e+02,1.600053e+09,1.156636e+02,1.447515e+09,1.049839e+02,1.831626e+09
111,monte carlo,2.205504e-11,1.128732e-01,1.085306e-09,1.189206e-09,3.731913e-13,3.528306e-11,1.847875e-01,7.522802e-10,9.707373e-10,2.227897e-13,3.546846e-11,3.635920e-01,9.218242e-10,8.984500e-10,3.061625e-13,2.177570e-11,2.809387e-01,7.751583e-10,1.279232e-09,2.331516e-13,6.783855e-08,5.013751e-01,2.075713e-13,7.003553e-10,8.200532e-08,6.289075e-01,1.628293e-13,1.645139e-09,6.795805e-08,5.789707e-01,2.170756e-13,1.329999e-09,1.736526e-03,-7.963264e-03,-1.081428e-03,1.773485e-15,1.275219e+02,1.707826e+09,1.228928e+02,1.676920e+09,1.106256e+02,1.605416e+09
112,monte carlo,2.233258e-11,3.708428e-01,1.180930e-09,9.909164e-10,3.422513e-13,3.561452e-11,3.652512e-01,9.614118e-10,5.221407e-10,2.970066e-13,3.563620e-11,1.613233e-01,9.780644e-10,1.172214e-09,4.377184e-13,2.178983e-11,2.196203e-01,1.029143e-09,1.280379e-09,4.159036e-13,6.837133e-08,5.872392e-01,1.249057e-13,8.918743e-10,8.194838e-08,7.030805e-01,1.941985e-13,1.089642e-09,6.668233e-08,5.908029e-01,1.916800e-13,1.703771e-09,-2.717050e-03,4.298129e-03,2.932523e-03,2.502341e-15,1.097312e+02,1.928260e+09,1.098516e+02,1.549522e+09,1.063749e+02,1.507674e+09
113,monte carlo,2.178057e-11,2.561086e-01,8.853175e-10,8.170433e-10,4.344673e-13,3.666653e-11,3.745185e-01,9.627399e-10,4.960686e-10,4.825463e-13,3.646793e-11,3.157577e-01,1.196815e-09,3.597659e-10,2.610577e-13,2.200032e-11,2.972202e-01,7.659672e-10,4.113712e-10,5.289662e-13,6.915078e-08,5.136431e-01,1.675279e-13,1.191403e-09,8.280162e-08,6.322918e-01,1.568380e-13,1.823754e-09,6.731744e-08,5.628345e-01,1.631702e-13,1.263484e-09,4.668021e-03,8.852273e-03,2.478214e-03,3.916909e-15,1.268840e+02,1.918647e+09,1.234219e+02,1.657102e+09,1.127244e+02,1.706066e+09
114,monte carlo,2.220347e-11,2.677119e-01,8.760115e-10,8.653952e-10,3.695289e-13,3.563624e-11,3.885361e-01,6.133816e-10,9.663432e-10,3.531614e-13,3.543198e-11,1.850923e-01,8.022083e-10,5.895580e-10,4.212433e-13,2.237286e-11,1.906704e-01,7.133007e-10,1.172834e-09,3.558310e-13,6.908618e-08,6.348888e-01,1.988208e-13,1.144167e-09,8.339987e-08,6.047592e-01,1.767446e-13,1.335792e-09,6.737499e-08,5.873684e-01,2.172365e-13,1.368780e-09,-3.827333e-03,-1.351802e-03,-4.897140e-04,2.574224e-15,1.025568e+02,1.697933e+09,1.299733e+02,1.630966e+09,1.081084e+02,1.526123e+09
115,monte carlo,2.181399e-11,1.153835e-01,1.138840e-09,6.492141e-10,2.578822e-13,3.657610e-11,1.761386e-01,1.006107e-09,5.404149e-10,3.578287e-13,3.530717e-11,3.009271e-01,8.263815e-10,6.875189e-10,4.629003e-13,2.167215e-11,2.806074e-01,7.141522e-10,1.213741e-09,3.736330e-13,6.763069e-08,5.091792e-01,1.752114e-13,1.847848e-09,8.360537e-08,7.720136e-01,1.815078e-13,5.170787e-10,6.785313e-08,5.783296e-01,1.773647e-13,1.556855e-09,3.749843e-04,-1.182523e-03,-5.627073e-05,1.261705e-15,1.251827e+02,1.848898e+09,1.020658e+02,1.540171e+09,1.105772e+02,1.786459e+09
116,monte carlo,2.232672e-11,1.049927e-01,6.593574e-10,8.763829e-10,2.260107e-13,3.588722e-11,2.073056e-01,1.043501e-09,1.244574e-09,3.593856e-13,3.652408e-11,2.631620e-01,1.190211e-09,2.964002e-10,5.201763e-13,2.240484e-11,3.638873e-01,9.912652e-10,1.085113e-09,4.988379e-13,6.694811e-08,6.182407e-01,2.035814e-13,1.253031e-09,8.274227e-08,6.326799e-01,1.818249e-13,1.059518e-09,6.832295e-08,6.195121e-01,1.814320e-13,1.120833e-09,-5.907770e-03,5.253105e-03,-2.385699e-03,4.858236e-15,1.020591e+02,1.663857e+09,1.232578e+02,1.573697e+09,1.039413e+02,1.751500e+09
117,monte carlo,2.198428e-11,2.759752e-01,1.000970e-09,9.006267e-10,2.965684e-13,3.664405e-11,1.219700e-01,6.276513e-10,5.255060e-10,2.977401e-13,3.580730e-11,2.114609e-01,1.021378e-09,9.218698e-10,5.258358e-13,2.182873e-11,1.099639e-01,6.979044e-10,8.678199e-10,2.942384e-13,6.895464e-08,5.389549e-01,1.563425e-13,1.974978e-09,8.278828e-08,7.481752e-01,1.983409e-13,1.368273e-09,6.797786e-08,5.217577e-01,1.619278e-13,1.950568e-09,5.473837e-03,-2.456040e-03,2.700103e-05,8.402841e-16,1.205819e+02,1.789026e+09,1.042886e+02,1.405083e+09,1.227919e+02,1.915006e+09
118,monte carlo,2.233647e-11,1.416488e-01,6.118993e-10,7.232348e-10,2.932899e-13,3.654487e-11,3.056616e-01,6.297787e-10,1.087302e-09,2.412019e-13,3.649799e-11,3.793904e-01,1.109299e-09,2.734514e-10,2.750699e-13,2.230085e-11,3.993364e-01,1.020268e-09,7.994369e-10,4.338557e-13,6.795488e-08,5.155847e-01,1.617593e-13,7.026812e-10,8.343114e-08,6.066038e-01,1.768195e-13,1.990761e-09,6.823510e-08,6.339144e-01,1.586998e-13,5.262816e-10,1.950130e-03,-9.540155e-03,-6.581913e-04,1.357584e-15,1.242201e+02,1.652154e+09,1.296266e+02,1.613453e+09,1.014491e+02,1.864333e+09
119,monte carlo,2.177408e-11,2.295143e-01,1.050693e-09,4.131540e-10,4.287743e-13,3.593894e-11,1.120960e-01,1.051323e-09,7.072522e-10,4.107802e-13,3.529694e-11,3.401321e-01,9.449034e-10,1.083001e-09,2.763482e-13,2.196347e-11,2.735010e-01,1.163002e-09,2.827405e-10,3.238350e-13,6.812283e-08,5.464539e-01,2.023771e-13,1.395105e-09,8.181897e-08,6.312738e-01,1.979431e-13,1.191982e-09,6.931459e-08,5.656826e-01,1.791562e-13,1.625831e-09,-7.817692e-03,4.952047e-03,1.334718e-04,3.410512e-15,1.174925e+02,1.508083e+09,1.221539e+02,1.469562e+09,1.154843e+02,1.805498e+09
120,monte carlo,2.186411e-11,1.834544e-01,1.179603e-09,2.992870e-10,5.129816e-13,3.589124e-11,1.785611e-01,1.178713e-09,9.477811e-10,4.602102e-13,3.577069e-11,1.526581e-01,9.845837e-10,1.042460e-09,2.761075e-13,2.243003e-11,1.830346e-01,6.395328e-10,1.039159e-09,2.073475e-13,6.802546e-08,5.510370e-01,2.078468e-13,1.661314e-09,8.059345e-08,6.938458e-01,1.572237e-13,1.061366e-09,6.877696e-08,5.255157e-01,1.634570e-13,1.873929e-09,3.831350e-03,4.112130e-03,2.330331e-03,2.297060e-15,1.163488e+02,1.677143e+09,1.094732e+02,1.682874e+09,1.233469e+02,1.650518e+09
121,monte carlo,2.157950e-11,3.545788e-01,6.213782e-10,7.885048e-10,3.612708e-13,3.599273e-11,2.005671e-01,9.285776e-10,6.539102e-10,4.257350e-13,3.599673e-11,3.849251e-01,8.699733e-10,8.578758e-10,3.094618e-13,2.173609e-11,2.382344e-01,1.007383e-09,5.566838e-10,4.084823e-13,6.778827e-08,5.344639e-01,2.133953e-13,1.772500e-09,8.291205e-08,7.145178e-01,1.886448e-13,1.656298e-09,6.728042e-08,5.951865e-01,1.812294e-13,1.571443e-09,-7.694115e-03,-7.255807e-03,1.744214e-03,7.132116e-16,1.195384e+02,1.637119e+09,1.093643e+02,1.359453e+09,1.065385e+02,1.649049e+09
122,monte carlo,2.191027e-11,3.615030e-01,1.058134e-09,1.090401e-09,4.289474e-13,3.626260e-11,1.530917e-01,7.724737e-10,8.644277e-10,2.419861e-13,3.587510e-11,2.521060e-01,7.017291e-10,6.503469e-10,4.975521e-13,2.183524e-11,3.562685e-01,6.738945e-10,9.888963e-10,5.287355e-13,6.808703e-08,5.396365e-01,1.284575e-13,9.690539e-10,8.111365e-08,6.705748e-01,1.586338e-13,1.794520e-09,6.858509e-08,5.397458e-01,1.530960e-13,8.911973e-10,-7.581696e-03,3.828096e-04,-1.487011e-03,2.004405e-15,1.189143e+02,1.902593e+09,1.140034e+02,1.670803e+09,1.197599e+02,1.915109e+09
123,monte carlo,2.238063e-11,2.789146e-01,1.129941e-09,7.286369e-10,5.275289e-13,3.628356e-11,2.152711e-01,1.126328e-09,1.262068e-09,4.648897e-13,3.653680e-11,2.602024e-01,1.199722e-09,1.217239e-09,2.629251e-13,2.211829e-11,1.584954e-01,8.686239e-10,2.742996e-10,2.832018e-13,6.742059e-08,6.223588e-01,1.755603e-13,1.643857e-09,8.223706e-08,6.861594e-01,2.021979e-13,9.202366e-10,6.861847e-08,6.395674e-01,1.891845e-13,6.700804e-10,6.763652e-03,6.264877e-03,-2.625551e-03,1.784282e-15,1.020993e+02,1.582025e+09,1.129571e+02,1.324487e+09,1.011174e+02,1.768985e+09
124,monte carlo,2.164070e-11,3.230205e-01,9.148237e-10,6.578313e-10,3.049456e-13,3.665496e-11,2.585135e-01,8.479482e-10,5.629406e-10,4.533906e-13,3.555648e-11,3.092264e-01,1.188293e-09,1.260852e-09,3.178864e-13,2.163822e-11,1.184878e-01,6.577141e-10,4.931196e-10,2.068361e-13,6.760033e-08,6.273584e-01,1.474705e-13,1.778193e-09,8.090073e-08,6.436306e-01,1.861708e-13,1.227501e-09,6.681288e-08,5.143944e-01,1.507871e-13,1.711485e-09,9.961948e-03,-2.234380e-04,-2.529215e-03,4.729501e-15,1.015557e+02,1.884889e+09,1.184641e+02,1.399631e+09,1.224151e+02,1.756513e+09
125,monte carlo,2.216472e-11,1.094297e-01,6.535957e-10,3.667651e-10,1.857155e-13,3.547698e-11,1.013669e-01,7.441813e-10,1.278310e-09,2.853593e-13,3.537611e-11,2.258136e-01,8.473373e-10,4.960839e-10,5.084497e-13,2.185467e-11,2.316878e-01,7.266007e-10,1.173739e-09,4.548967e-13,6.907863e-08,5.061748e-01,1.375945e-13,1.835033e-09,8.337817e-08,7.666674e-01,2.053406e-13,1.272779e-09,6.898760e-08,6.179416e-01,1.724518e-13,1.076878e-09,6.960309e-03,9.498378e-03,-2.362791e-03,3.420904e-15,1.286217e+02,1.766853e+09,1.024983e+02,1.465167e+09,1.052191e+02,1.779983e+09
126,monte carlo,2.185501e-11,1.680540e-01,7.915395e-10,4.608937e-10,4.630041e-13,3.647300e-11,3.780069e-01,1.109817e-09,9.569076e-10,2.414446e-13,3.560720e-11,1.331109e-01,7.619457e-10,1.000656e-09,2.067946e-13,2.201860e-11,3.530484e-01,1.125893e-09,7.891407e-10,4.909766e-13,6.893469e-08,5.718546e-01,1.413734e-13,1.678812e-09,8.062117e-08,6.968868e-01,2.073626e-13,1.647190e-09,6.677160e-08,5.624034e-01,2.056877e-13,1.464734e-09,-7.779973e-03,5.270138e-03,2.250178e-03,2.475884e-15,1.136118e+02,1.842231e+09,1.090330e+02,1.505111e+09,1.118961e+02,1.666485e+09
127,monte carlo,2.240590e-11,3.635301e-01,1.167445e-09,4.171687e-10,4.638115e-13,3.542304e-11,3.371468e-01,1.186759e-09,6.090084e-10,2.557598e-13,3.541352e-11,1.587826e-01,1.079396e-09,1.122391e-09,3.738253e-13,2.193798e-11,3.177215e-01,8.670036e-10,8.545946e-10,5.198879e-13,6.833686e-08,5.129490e-01,2.004485e-13,1.956890e-09,8.190691e-08,6.056588e-01,1.757400e-13,5.114527e-10,6.730453e-08,5.555868e-01,1.472431e-13,1.423805e-09,-3.944750e-03,-7.061549e-03,-1.528272e-03,5.660012e-16,1.255602e+02,1.649337e+09,1.274570e+02,1.499549e+09,1.141730e+02,1.907783e+09
128,monte carlo,2.182229e-11,2.459297e-01,8.243722e-10,1.287785e-09,2.084705e-13,3.589803e-11,3.837067e-01,8.849998e-10,4.688382e-10,4.194358e-13,3.652286e-11,1.995474e-01,1.000696e-09,5.779710e-10,3.659266e-13,2.201131e-11,2.638538e-01,7.976063e-10,4.211944e-10,5.026176e-13,6.828362e-08,5.550695e-01,1.313710e-13,8.814930e-10,8.073812e-08,5.920724e-01,1.410042e-13,1.708497e-09,6.793408e-08,5.859091e-01,1.796452e-13,1.402046e-09,2.081066e-03,2.829346e-03,2.813680e-03,3.848947e-15,1.159419e+02,1.928036e+09,1.285213e+02,1.684301e+09,1.092769e+02,1.620297e+09
129,monte carlo,2.163081e-11,1.758866e-01,1.058952e-09,6.985804e-10,2.299287e-13,3.624568e-11,1.610083e-01,1.153847e-09,5.977583e-10,3.628545e-13,3.556410e-11,1.941697e-01,9.225797e-10,9.809985e-10,4.006845e-13,2.213683e-11,2.314384e-01,7.948610e-10,1.294166e-09,2.528955e-13,6.894650e-08,5.324733e-01,2.328959e-13,1.294301e-09,8.267473e-08,6.703927e-01,1.457487e-13,1.036672e-09,6.690642e-08,5.425918e-01,1.467637e-13,1.512630e-09,6.150168e-03,7.837748e-03,-2.526215e-04,2.865933e-15,1.220353e+02,1.501309e+09,1.162290e+02,1.603448e+09,1.162159e+02,1.935378e+09
130,monte carlo,2.239348e-11,2.811424e-01,9.903189e-10,9.568926e-10,4.549670e-13,3.668862e-11,3.915788e-01,7.416989e-10,9.621109e-10,1.811540e-13,3.628534e-11,3.938355e-01,6.608095e-10,1.107548e-09,2.653956e-13,2.203131e-11,3.597985e-01,8.274480e-10,1.054658e-09,5.180919e-13,6.694404e-08,5.369558e-01,1.683709e-13,1.609465e-09,8.115872e-08,6.672050e-01,1.851869e-13,1.469521e-09,6.914140e-08,5.026002e-01,1.832055e-13,9.043260e-10,3.303368e-03,4.383267e-03,-1.742530e-04,3.405639e-15,1.175018e+02,1.911396e+09,1.146429e+02,1.487429e+09,1.296542e+02,1.633813e+09
131,monte carlo,2.170488e-11,1.109815e-01,1.124419e-09,5.391442e-10,4.623756e-13,3.618774e-11,2.972400e-01,8.795713e-10,2.824886e-10,2.061581e-13,3.645897e-11,1.565670e-01,1.105040e-09,7.243919e-10,4.673650e-13,2.200005e-11,1.634784e-01,9.282461e-10,1.048943e-09,3.140932e-13,6.884263e-08,6.475800e-01,1.709985e-13,1.415795e-09,8.092401e-08,6.124904e-01,1.581814e-13,1.880554e-09,6.907325e-08,5.232474e-01,1.550778e-13,9.308999e-10,1.689187e-03,-3.967516e-03,2.596814e-03,2.850043e-15,1.001925e+02,1.653521e+09,1.245229e+02,1.582728e+09,1.244154e+02,1.671062e+09
132,monte carlo,2.162659e-11,2.424646e-01,6.905794e-10,4.323649e-10,3.798858e-13,3.629796e-11,3.901087e-01,9.000124e-10,9.393256e-10,3.953235e-13,3.558626e-11,1.469071e-01,1.096932e-09,1.006614e-09,2.996506e-13,2.194398e-11,3.262482e-01,6.207268e-10,6.155514e-10,4.212821e-13,6.840911e-08,5.047194e-01,1.394124e-13,5.653101e-10,8.270598e-08,7.655137e-01,1.845365e-13,7.759077e-10,6.749246e-08,5.465521e-01,1.608402e-13,9.401211e-10,7.922045e-03,-8.624858e-03,-5.841484e-04,2.493218e-15,1.277424e+02,1.888055e+09,1.018252e+02,1.625797e+09,1.163844e+02,1.708543e+09
133,monte carlo,2.163052e-11,3.356610e-01,1.193182e-09,1.134477e-09,3.777453e-13,3.627374e-11,2.592754e-01,1.074400e-09,6.495466e-10,3.729263e-13,3.563172e-11,3.098854e-01,6.941770e-10,9.331355e-10,3.309704e-13,2.173754e-11,1.507858e-01,1.024468e-09,8.187267e-10,2.973980e-13,6.772059e-08,5.811946e-01,1.711994e-13,9.827541e-10,8.044047e-08,6.668007e-01,1.745284e-13,1.822465e-09,6.746184e-08,5.437886e-01,1.581070e-13,1.656556e-09,-6.952135e-03,-4.336315e-04,-4.906514e-04,3.862143e-15,1.098172e+02,1.577440e+09,1.136972e+02,1.475824e+09,1.169228e+02,1.816481e+09
134,monte carlo,2.230931e-11,3.483635e-01,1.099329e-09,1.132466e-09,2.375517e-13,3.530357e-11,2.295482e-01,9.834317e-10,1.139938e-09,5.044079e-13,3.605654e-11,1.016685e-01,9.116072e-10,3.071287e-10,4.198573e-13,2.192585e-11,3.027121e-01,7.568429e-10,5.596983e-10,2.199906e-13,6.898411e-08,6.363629e-01,1.585811e-13,1.273419e-09,8.220758e-08,6.948614e-01,1.692085e-13,1.830844e-09,6.768993e-08,5.928960e-01,1.742917e-13,1.097120e-09,-5.432622e-04,-7.713400e-03,-1.098616e-03,9.916569e-16,1.021681e+02,1.673493e+09,1.115026e+02,1.574072e+09,1.076011e+02,1.717156e+09
135,monte carlo,2.178762e-11,3.050097e-01,9.587997e-10,1.204032e-09,2.371972e-13,3.536844e-11,1.629634e-01,6.354981e-10,6.327566e-10,2.746526e-13,3.604130e-11,1.634076e-01,8.117282e-10,6.987271e-10,2.821662e-13,2.180907e-11,2.177654e-01,8.797536e-10,3.462566e-10,4.664523e-13,6.840054e-08,4.967150e-01,1.538546e-13,9.840925e-10,8.199389e-08,7.248973e-01,1.576007e-13,1.876626e-09,6.837874e-08,5.527749e-01,1.940291e-13,5.751657e-10,1.593636e-03,9.552411e-03,1.197533e-03,3.940227e-15,1.297847e+02,1.727291e+09,1.066046e+02,1.562682e+09,1.165853e+02,1.585394e+09
136,monte carlo,2.161081e-11,3.771982e-01,1.056438e-09,8.874982e-10,4.193558e-13,3.647039e-11,1.859537e-01,8.578693e-10,9.834854e-10,3.559977e-13,3.646940e-11,1.979612e-01,6.825574e-10,1.044100e-09,5.144785e-13,2.189866e-11,2.451082e-01,6.764178e-10,7.808805e-10,5.222417e-13,6.721068e-08,5.262024e-01,1.797016e-13,1.332832e-09,8.224818e-08,6.638716e-01,1.518932e-13,9.479179e-10,6.677287e-08,5.843138e-01,2.056375e-13,7.999499e-10,4.373713e-03,2.461034e-04,-1.336541e-03,4.024129e-15,1.203806e+02,1.735349e+09,1.167652e+02,1.591498e+09,1.077023e+02,1.574212e+09
137,monte carlo,2.234536e-11,3.034414e-01,9.158802e-10,7.487042e-10,3.158401e-13,3.580789e-11,1.153203e-01,6.265068e-10,1.247592e-09,4.752430e-13,3.583945e-11,3.313327e-01,6.665233e-10,7.523833e-10,3.129547e-13,2.229424e-11,1.096600e-01,7.067129e-10,4.948646e-10,2.461741e-13,6.729938e-08,5.127514e-01,1.284623e-13,5.709452e-10,8.333640e-08,7.585551e-01,1.430233e-13,5.744453e-10,6.719032e-08,4.877200e-01,2.123647e-13,1.778129e-09,9.620118e-03,6.338247e-03,-2.425561e-03,4.291313e-15,1.237016e+02,1.884981e+09,1.035425e+02,1.649793e+09,1.298396e+02,1.652218e+09
138,monte carlo,2.199074e-11,3.442625e-01,8.978635e-10,1.068820e-09,3.473546e-13,3.650138e-11,1.724720e-01,1.040806e-09,1.125292e-09,2.069503e-13,3.666887e-11,2.942942e-01,1.056408e-09,1.131816e-09,5.063185e-13,2.197363e-11,3.871530e-01,1.101211e-09,2.755072e-10,4.564711e-13,6.933138e-08,5.663378e-01,1.952399e-13,9.487013e-10,8.227751e-08,6.989788e-01,1.517321e-13,9.231282e-10,6.871410e-08,5.509567e-01,1.677322e-13,1.399892e-09,-8.365101e-03,4.709030e-04,-1.811292e-03,7.719911e-16,1.153786e+02,1.728593e+09,1.109400e+02,1.656677e+09,1.175437e+02,1.737955e+09
139,monte carlo,2.226717e-11,1.761613e-01,1.176454e-09,2.778574e-10,5.125282e-13,3.543769e-11,1.614636e-01,6.571343e-10,7.992313e-10,2.157032e-13,3.572053e-11,2.636467e-01,1.024272e-09,6.473765e-10,4.904158e-13,2.157137e-11,1.053472e-01,7.503122e-10,9.426997e-10,4.154064e-13,6.826043e-08,6.014671e-01,1.831899e-13,5.430048e-10,8.049485e-08,6.140392e-01,1.638842e-13,1.136287e-09,6.895111e-08,5.657809e-01,1.743511e-13,9.867972e-10,-9.851121e-03,3.068889e-03,-1.142170e-03,3.262453e-15,1.069617e+02,1.559570e+09,1.235501e+02,1.622950e+09,1.148588e+02,1.851002e+09
140,monte carlo,2.171845e-11,3.649495e-01,9.579163e-10,6.824801e-10,3.857171e-13,3.596458e-11,2.332148e-01,1.014670e-09,8.027988e-10,4.654367e-13,3.581191e-11,1.091907e-01,8.147631e-10,1.260516e-09,5.179406e-13,2.227422e-11,1.485119e-01,6.090762e-10,5.126276e-10,3.885490e-13,6.867308e-08,6.113192e-01,1.973496e-13,1.375393e-09,8.353433e-08,7.253393e-01,1.933102e-13,1.117526e-09,6.774651e-08,5.098897e-01,1.886113e-13,1.451764e-09,6.567184e-03,2.941909e-03,-1.078167e-03,3.913815e-15,1.058741e+02,1.645740e+09,1.085413e+02,1.454528e+09,1.252224e+02,1.693904e+09
141,monte carlo,2.222503e-11,2.026008e-01,1.010446e-09,2.902925e-10,2.512028e-13,3.545697e-11,1.745550e-01,1.103726e-09,7.651300e-10,2.973573e-13,3.539185e-11,2.734359e-01,1.112320e-09,1.285977e-09,5.170803e-13,2.181998e-11,2.685011e-01,7.115620e-10,8.981357e-10,3.910409e-13,6.852546e-08,6.410894e-01,1.570655e-13,1.106795e-09,8.359449e-08,7.388001e-01,1.897871e-13,1.300157e-09,6.891414e-08,5.697267e-01,1.992297e-13,1.114454e-09,-5.570226e-04,4.646773e-03,-2.540238e-04,1.665466e-15,1.007406e+02,1.803009e+09,1.066404e+02,1.354532e+09,1.140021e+02,1.533904e+09
142,monte carlo,2.221091e-11,2.951480e-01,6.220399e-10,7.535211e-10,2.172593e-13,3.605525e-11,2.390287e-01,1.009251e-09,1.063435e-09,2.847622e-13,3.549676e-11,2.811848e-01,6.723516e-10,1.013342e-09,3.479126e-13,2.161841e-11,3.319518e-01,6.299513e-10,3.007017e-10,2.180428e-13,6.825528e-08,5.001689e-01,1.775726e-13,6.657828e-10,8.047846e-08,7.578880e-01,1.718165e-13,1.666401e-09,6.809768e-08,5.633149e-01,1.680932e-13,1.804780e-09,7.185929e-03,9.544551e-03,2.794048e-03,1.973499e-15,1.286147e+02,1.847043e+09,1.000796e+02,1.441639e+09,1.139337e+02,1.608062e+09
143,monte carlo,2.180335e-11,2.329723e-01,8.411817e-10,4.639733e-10,3.807704e-13,3.568616e-11,3.987406e-01,1.183585e-09,7.915272e-10,3.476876e-13,3.535731e-11,2.060291e-01,7.728704e-10,8.066967e-10,4.156651e-13,2.180550e-11,1.758454e-01,9.839548e-10,3.525760e-10,2.048004e-13,6.918186e-08,5.504858e-01,1.584092e-13,1.226453e-09,8.241034e-08,7.329772e-01,2.336885e-13,6.291679e-10,6.892257e-08,6.093475e-01,2.026489e-13,1.184345e-09,4.286907e-03,7.548196e-03,-2.615759e-03,2.049812e-15,1.184451e+02,1.822568e+09,1.059650e+02,1.313133e+09,1.066025e+02,1.511470e+09
144,monte carlo,2.171166e-11,2.231257e-01,7.415554e-10,7.711646e-10,5.121334e-13,3.535607e-11,1.474896e-01,6.690140e-10,9.519615e-10,3.273461e-13,3.578542e-11,3.960324e-01,1.065167e-09,8.376475e-10,4.220501e-13,2.238867e-11,3.378868e-01,1.163025e-09,9.191345e-10,1.878699e-13,6.842318e-08,5.713239e-01,1.529220e-13,5.998758e-10,8.242137e-08,6.560116e-01,1.426430e-13,1.385651e-09,6.743419e-08,5.326076e-01,1.635274e-13,1.326414e-09,-5.456943e-03,7.387267e-03,-1.251999e-03,2.182274e-15,1.128735e+02,1.683840e+09,1.184130e+02,1.639853e+09,1.193284e+02,1.775042e+09
145,monte carlo,2.213955e-11,2.579340e-01,9.735620e-10,5.803340e-10,5.106108e-13,3.630547e-11,3.454025e-01,1.053663e-09,2.921969e-10,2.911614e-13,3.542473e-11,1.764783e-01,1.014923e-09,4.060169e-10,1.853004e-13,2.224467e-11,3.509018e-01,7.131314e-10,4.659319e-10,3.300335e-13,6.735049e-08,5.199745e-01,1.787062e-13,1.960071e-09,8.058418e-08,6.289011e-01,1.706761e-13,1.191052e-09,6.872014e-08,5.183581e-01,2.401057e-13,1.123977e-09,1.238120e-03,9.421106e-03,-5.482958e-04,1.836961e-15,1.220759e+02,1.784694e+09,1.207643e+02,1.619039e+09,1.249468e+02,1.505439e+09
146,monte carlo,2.188559e-11,3.573052e-01,9.353917e-10,8.353993e-10,3.595406e-13,3.643072e-11,2.490119e-01,9.385751e-10,1.209153e-09,4.954855e-13,3.632399e-11,3.412498e-01,8.998247e-10,3.200175e-10,2.353165e-13,2.207979e-11,1.474113e-01,6.671951e-10,4.514021e-10,4.331217e-13,6.866836e-08,5.052380e-01,1.508548e-13,1.786078e-09,8.135219e-08,6.618243e-01,2.464245e-13,1.772264e-09,6.683395e-08,6.078181e-01,1.578110e-13,1.388988e-09,-9.929238e-03,-5.018469e-03,2.161134e-03,1.910450e-15,1.280949e+02,1.856790e+09,1.158504e+02,1.315281e+09,1.036322e+02,1.666760e+09
147,monte carlo,2.234427e-11,1.053677e-01,7.214688e-10,7.077573e-10,4.565148e-13,3.538639e-11,2.726142e-01,1.056979e-09,1.035225e-09,3.733606e-13,3.546583e-11,3.949600e-01,1.135027e-09,3.307701e-10,4.242360e-13,2.189157e-11,3.456909e-01,7.659196e-10,5.955516e-10,2.247696e-13,6.813721e-08,6.415113e-01,2.034162e-13,1.422017e-09,8.173298e-08,6.528984e-01,2.116454e-13,1.581726e-09,6.860420e-08,5.294602e-01,1.850560e-13,1.411727e-09,4.831414e-03,8.600501e-03,2.329142e-03,1.081014e-15,1.001039e+02,1.527320e+09,1.179839e+02,1.356520e+09,1.221205e+02,1.775856e+09
148,monte carlo,2.172498e-11,2.172433e-01,7.768450e-10,4.041369e-10,3.379804e-13,3.554028e-11,1.815320e-01,8.730955e-10,1.033189e-09,3.024880e-13,3.594447e-11,3.162690e-01,6.902073e-10,2.912622e-10,4.372673e-13,2.160078e-11,3.913219e-01,6.919100e-10,4.613604e-10,1.866512e-13,6.686628e-08,5.286881e-01,1.749304e-13,1.846234e-09,8.342506e-08,6.768525e-01,1.508910e-13,6.815587e-10,6.782497e-08,5.383159e-01,1.752554e-13,1.238885e-09,-9.341171e-03,-5.832370e-03,9.974601e-04,4.948399e-15,1.192007e+02,1.648707e+09,1.161646e+02,1.635928e+09,1.187472e+02,1.847038e+09
149,monte carlo,2.226618e-11,1.538151e-01,8.613599e-10,1.041862e-09,3.741808e-13,3.589160e-11,1.238528e-01,7.898941e-10,4.553319e-10,5.064894e-13,3.533128e-11,3.148557e-01,8.885810e-10,8.280332e-10,4.321419e-13,2.169534e-11,3.014632e-01,9.289547e-10,9.027037e-10,2.814262e-13,6.767662e-08,5.570893e-01,2.114849e-13,8.196593e-10,8.363721e-08,6.853865e-01,2.068662e-13,1.640020e-09,6.689900e-08,5.470823e-01,1.273057e-13,1.663793e-09,7.516468e-04,-4.700269e-03,1.134521e-03,2.468085e-15,1.144946e+02,1.582286e+09,1.150099e+02,1.468374e+09,1.152492e+02,1.932254e+09
150,monte carlo,2.158650e-11,2.217950e-01,7.332829e-10,6.934352e-10,4.827463e-13,3.656946e-11,3.895649e-01,6.619797e-10,5.390043e-10,2.107168e-13,3.588590e-11,1.082229e-01,8.318576e-10,7.900882e-10,3.148645e-13,2.235381e-11,3.496433e-01,8.346627e-10,5.726202e-10,4.347605e-13,6.718775e-08,5.539773e-01,1.545562e-13,5.219981e-10,8.038957e-08,6.072057e-01,2.207091e-13,1.516560e-09,6.787457e-08,5.608951e-01,1.640828e-13,1.875925e-09,-5.725793e-03,-4.156370e-03,2.371760e-03,7.162150e-16,1.143061e+02,1.757579e+09,1.247771e+02,1.489146e+09,1.140503e+02,1.777791e+09
151,monte carlo,2.209788e-11,1.510947e-01,9.588628e-10,3.974513e-10,3.404407e-13,3.589078e-11,3.204257e-01,7.115764e-10,1.047549e-09,3.063177e-13,3.640744e-11,1.537444e-01,1.082093e-09,1.113833e-09,2.008276e-13,2.193311e-11,3.276984e-01,7.989523e-10,8.116728e-10,2.864119e-13,6.811874e-08,5.742579e-01,1.954720e-13,6.693080e-10,8.079833e-08,6.843568e-01,2.446936e-13,6.956084e-10,6.882464e-08,6.026132e-01,1.395535e-13,1.462115e-09,-2.067714e-03,6.842630e-04,2.660537e-03,1.481990e-15,1.117972e+02,1.645508e+09,1.112733e+02,1.374619e+09,1.076407e+02,1.800736e+09
152,monte carlo,2.208033e-11,3.475738e-01,7.048433e-10,5.320375e-10,4.517178e-13,3.669092e-11,1.131855e-01,1.136228e-09,7.547571e-10,5.021947e-13,3.655988e-11,2.979951e-01,8.123914e-10,4.008226e-10,4.766493e-13,2.164741e-11,1.785375e-01,6.264551e-10,1.291296e-09,5.096342e-13,6.821596e-08,5.695227e-01,1.988521e-13,1.703071e-09,8.312149e-08,6.984986e-01,1.943773e-13,1.586319e-09,6.737615e-08,5.250450e-01,1.228190e-13,1.441699e-09,8.042387e-04,9.231539e-03,-7.450762e-04,3.056478e-15,1.128876e+02,1.550943e+09,1.121551e+02,1.393260e+09,1.209430e+02,1.941745e+09
153,monte carlo,2.238556e-11,3.747909e-01,1.093076e-09,8.178663e-10,2.056669e-13,3.663366e-11,1.110071e-01,7.447444e-10,1.114586e-09,3.822571e-13,3.619227e-11,3.668667e-01,1.109925e-09,6.829589e-10,4.994945e-13,2.210139e-11,2.046558e-01,9.560403e-10,4.902192e-10,4.019013e-13,6.864675e-08,5.383381e-01,1.731897e-13,1.049340e-09,8.100604e-08,6.396715e-01,1.918432e-13,5.035840e-10,6.810704e-08,5.640677e-01,2.201989e-13,1.214187e-09,8.309940e-03,-5.782334e-03,-1.059844e-03,1.759613e-15,1.201810e+02,1.883284e+09,1.193525e+02,1.422918e+09,1.137973e+02,1.528920e+09
154,monte carlo,2.157318e-11,1.866333e-01,1.097281e-09,1.266316e-09,3.039570e-13,3.540950e-11,3.596872e-01,6.148688e-10,3.448739e-10,2.534750e-13,3.528531e-11,3.268208e-01,9.786357e-10,8.011085e-10,1.962051e-13,2.169236e-11,1.705714e-01,8.379882e-10,7.507109e-10,3.261219e-13,6.707860e-08,5.729873e-01,1.992081e-13,9.771770e-10,8.066973e-08,6.178887e-01,2.184094e-13,1.623590e-09,6.679633e-08,4.978500e-01,1.669617e-13,7.685075e-10,-6.557106e-03,-8.494221e-03,-1.974338e-03,2.682528e-15,1.103342e+02,1.507855e+09,1.230471e+02,1.499874e+09,1.264519e+02,1.924547e+09
155,monte carlo,2.157853e-11,2.113991e-01,1.069228e-09,1.091108e-09,2.904056e-13,3.576249e-11,2.591374e-01,6.697139e-10,8.449842e-10,4.737018e-13,3.666946e-11,3.123064e-01,9.035861e-10,9.974787e-10,3.449367e-13,2.167232e-11,1.836895e-01,1.024880e-09,1.238497e-09,5.216417e-13,6.845008e-08,5.267026e-01,1.901740e-13,7.639196e-10,8.182503e-08,7.416362e-01,2.138819e-13,1.012844e-09,6.734962e-08,6.083270e-01,1.500083e-13,1.761029e-09,3.047965e-03,8.267241e-03,-5.365724e-04,2.245297e-15,1.224841e+02,1.512237e+09,1.039840e+02,1.396489e+09,1.043444e+02,1.779591e+09
156,monte carlo,2.185004e-11,1.785067e-01,8.475167e-10,8.976501e-10,3.358851e-13,3.612036e-11,2.713584e-01,6.454459e-10,8.492864e-10,3.705954e-13,3.634653e-11,1.261783e-01,9.536551e-10,9.911653e-10,3.413694e-13,2.172382e-11,1.153959e-01,9.361817e-10,6.524652e-10,4.422568e-13,6.713529e-08,6.234801e-01,1.723420e-13,5.900888e-10,8.342303e-08,6.951856e-01,2.479630e-13,1.793105e-09,6.831602e-08,6.117339e-01,1.869969e-13,1.608957e-09,4.196023e-03,-1.277800e-03,1.761000e-03,1.758273e-15,1.014844e+02,1.859534e+09,1.130984e+02,1.300901e+09,1.052522e+02,1.594750e+09
157,monte carlo,2.228768e-11,3.475466e-01,6.779123e-10,3.414086e-10,3.614885e-13,3.623016e-11,1.272115e-01,8.149380e-10,1.261022e-09,1.685850e-13,3.572466e-11,2.478563e-01,6.971264e-10,6.755419e-10,2.987497e-13,2.231491e-11,1.990210e-01,8.486668e-10,3.661838e-10,1.809322e-13,6.759763e-08,5.630393e-01,1.948787e-13,1.755194e-09,8.064885e-08,6.112266e-01,1.757732e-13,6.404965e-10,6.665214e-08,5.276831e-01,1.646146e-13,7.555525e-10,8.383082e-04,8.859388e-03,-1.276158e-03,1.607162e-15,1.131524e+02,1.606244e+09,1.243561e+02,1.635025e+09,1.190452e+02,1.853918e+09
158,monte carlo,2.210324e-11,2.438455e-01,8.193673e-10,1.154194e-09,4.207280e-13,3.609270e-11,3.917027e-01,7.042279e-10,6.406547e-10,2.312332e-13,3.578954e-11,1.397535e-01,1.087887e-09,8.388204e-10,2.259700e-13,2.240379e-11,1.072603e-01,1.014537e-09,9.990776e-10,2.788784e-13,6.675911e-08,5.567063e-01,1.895225e-13,1.284869e-09,8.076075e-08,5.927943e-01,1.985590e-13,1.153579e-09,6.889163e-08,5.450412e-01,2.387481e-13,1.387350e-09,-4.082960e-04,-8.669967e-03,-1.566427e-03,3.604797e-15,1.130201e+02,1.525047e+09,1.284007e+02,1.545022e+09,1.191265e+02,1.504631e+09
159,monte carlo,2.182851e-11,1.251969e-01,9.674640e-10,6.333842e-10,3.183820e-13,3.616151e-11,2.394089e-01,1.008516e-09,1.275086e-09,4.462156e-13,3.587517e-11,1.941075e-01,9.639830e-10,6.749775e-10,3.960903e-13,2.177194e-11,1.229151e-01,7.446872e-10,6.774420e-10,3.606382e-13,6.686444e-08,4.962797e-01,1.818602e-13,1.314519e-09,8.318506e-08,6.117375e-01,1.809379e-13,1.378145e-09,6.875248e-08,5.331628e-01,2.168811e-13,1.352250e-09,-9.217071e-03,-6.135550e-03,-2.411827e-03,1.345555e-15,1.269813e+02,1.814011e+09,1.281597e+02,1.661505e+09,1.215345e+02,1.608893e+09
160,monte carlo,2.229497e-11,1.908015e-01,8.157964e-10,7.993152e-10,3.144984e-13,3.635524e-11,1.503184e-01,9.801993e-10,1.117731e-09,2.112760e-13,3.536445e-11,3.940532e-01,8.147765e-10,1.021689e-09,3.085268e-13,2.184400e-11,3.647509e-01,1.057891e-09,7.037309e-10,4.884585e-13,6.902695e-08,5.629612e-01,1.557393e-13,1.794990e-09,8.073340e-08,6.376281e-01,2.025337e-13,1.635333e-09,6.737878e-08,5.176681e-01,1.900375e-13,8.773077e-10,-7.551470e-03,5.211825e-03,-7.245749e-04,3.814390e-15,1.155610e+02,1.664863e+09,1.193320e+02,1.494619e+09,1.226713e+02,1.527980e+09
161,monte carlo,2.222142e-11,3.651597e-01,7.878248e-10,1.014888e-09,5.254606e-13,3.606795e-11,1.697355e-01,1.043416e-09,1.051617e-09,2.973488e-13,3.559435e-11,3.727197e-01,7.689118e-10,2.711175e-10,3.417236e-13,2.204271e-11,2.828849e-01,9.175973e-10,4.724214e-10,5.104873e-13,6.919923e-08,6.303451e-01,1.655611e-13,8.199708e-10,8.045578e-08,6.460173e-01,2.096315e-13,1.840505e-09,6.838399e-08,5.715526e-01,1.824698e-13,1.433657e-09,2.935925e-03,-5.066046e-03,-1.812944e-03,1.006677e-15,1.034651e+02,1.842233e+09,1.173773e+02,1.442640e+09,1.127637e+02,1.832478e+09
162,monte carlo,2.177984e-11,1.448668e-01,8.897910e-10,8.986602e-10,2.403249e-13,3.587325e-11,2.853695e-01,8.462791e-10,7.643050e-10,2.544908e-13,3.530244e-11,1.823026e-01,8.987008e-10,3.271504e-10,5.226126e-13,2.184454e-11,1.052836e-01,1.147213e-09,4.838816e-10,3.707734e-13,6.793486e-08,5.789689e-01,1.678387e-13,9.560569e-10,8.285609e-08,7.444939e-01,1.730953e-13,1.707704e-09,6.793099e-08,5.417853e-01,1.573753e-13,7.658588e-10,-6.622754e-03,-9.136992e-03,1.599276e-04,4.824209e-15,1.105881e+02,1.766951e+09,1.048901e+02,1.468652e+09,1.181713e+02,1.758825e+09
163,monte carlo,2.193323e-11,2.836769e-01,1.102315e-09,2.906703e-10,3.090458e-13,3.612115e-11,2.774820e-01,9.426428e-10,1.151231e-09,2.394347e-13,3.648737e-11,1.232037e-01,8.976080e-10,9.869175e-10,5.064180e-13,2.185588e-11,1.625906e-01,6.113694e-10,9.633979e-10,2.714105e-13,6.738484e-08,6.210796e-01,1.713787e-13,5.982870e-10,8.094274e-08,6.997907e-01,1.687761e-13,1.622071e-09,6.774974e-08,5.323044e-01,1.605813e-13,1.721186e-09,-3.794390e-03,1.519803e-03,2.901715e-03,2.603772e-15,1.022553e+02,1.902426e+09,1.090136e+02,1.450488e+09,1.199551e+02,1.835747e+09
164,monte carlo,2.231067e-11,1.013663e-01,7.134866e-10,5.612614e-10,1.764100e-13,3.631285e-11,2.992512e-01,1.048455e-09,9.795547e-10,2.997433e-13,3.576998e-11,1.718674e-01,7.113012e-10,9.936834e-10,3.796301e-13,2.237338e-11,3.445275e-01,9.862822e-10,3.768034e-10,2.296636e-13,6.869303e-08,5.119462e-01,2.212910e-13,7.890962e-10,8.064753e-08,6.145115e-01,2.345155e-13,1.456839e-09,6.910573e-08,5.624917e-01,2.271073e-13,6.506742e-10,-6.983951e-03,4.774441e-03,-2.818794e-03,1.063107e-15,1.264618e+02,1.592264e+09,1.236893e+02,1.337839e+09,1.157895e+02,1.515567e+09
165,monte carlo,2.234900e-11,3.761676e-01,7.437256e-10,5.302070e-10,1.826748e-13,3.641486e-11,2.348254e-01,1.101529e-09,7.443230e-10,4.689425e-13,3.621931e-11,1.457282e-01,1.095367e-09,1.066441e-09,3.843038e-13,2.185872e-11,1.496094e-01,7.787519e-10,8.688580e-10,3.525795e-13,6.921175e-08,5.320410e-01,1.824914e-13,1.936405e-09,8.231937e-08,6.091207e-01,1.281284e-13,1.308714e-09,6.863355e-08,5.151901e-01,1.479183e-13,6.202310e-10,-7.654632e-03,-9.274783e-04,-7.192891e-04,3.070465e-15,1.226043e+02,1.566969e+09,1.273708e+02,1.688834e+09,1.255567e+02,1.857416e+09
166,monte carlo,2.210719e-11,3.659999e-01,9.955582e-10,1.205396e-09,3.891977e-13,3.653353e-11,1.699313e-01,1.050072e-09,5.153509e-10,4.987850e-13,3.651108e-11,3.997384e-01,1.074021e-09,1.179109e-09,4.492123e-13,2.171055e-11,1.466015e-01,8.986507e-10,4.919402e-10,3.721181e-13,6.906032e-08,5.468208e-01,1.912196e-13,1.872617e-09,8.177607e-08,7.407246e-01,1.713088e-13,6.987560e-10,6.694167e-08,5.209909e-01,2.025061e-13,1.459205e-09,-6.237495e-03,-9.536957e-04,2.301589e-03,1.804643e-15,1.190295e+02,1.514584e+09,1.040497e+02,1.611553e+09,1.210982e+02,1.584625e+09
167,monte carlo,2.183158e-11,3.325083e-01,8.073011e-10,4.542789e-10,2.911209e-13,3.561146e-11,3.068987e-01,9.071407e-10,3.064209e-10,4.770672e-13,3.583551e-11,3.160088e-01,1.038294e-09,4.874679e-10,3.305951e-13,2.234827e-11,1.037030e-01,1.104089e-09,1.275433e-09,3.878702e-13,6.685540e-08,5.161415e-01,1.908031e-13,5.114451e-10,8.261991e-08,6.938870e-01,2.445083e-13,1.394102e-09,6.904130e-08,5.694663e-01,2.052525e-13,1.677718e-09,-9.286681e-03,-3.210088e-04,1.749991e-03,2.750909e-15,1.220784e+02,1.579266e+09,1.122192e+02,1.365028e+09,1.142647e+02,1.642077e+09
168,monte carlo,2.221551e-11,3.986717e-01,8.513160e-10,3.415496e-10,4.856358e-13,3.535085e-11,3.786339e-01,7.260130e-10,1.146468e-09,4.740420e-13,3.607070e-11,1.147152e-01,1.092878e-09,1.021180e-09,4.947927e-13,2.215061e-11,3.332614e-01,9.284941e-10,1.237954e-09,4.620619e-13,6.839645e-08,5.076227e-01,1.874819e-13,1.582070e-09,8.151476e-08,7.045330e-01,1.878083e-13,1.048091e-09,6.806607e-08,5.602419e-01,1.728484e-13,1.913113e-09,2.662283e-03,-3.995655e-03,-2.503068e-03,4.015229e-15,1.269883e+02,1.622002e+09,1.090451e+02,1.481367e+09,1.145055e+02,1.802000e+09
169,monte carlo,2.159585e-11,1.818441e-01,6.328209e-10,4.849096e-10,2.402572e-13,3.575138e-11,2.177977e-01,1.096438e-09,5.223241e-10,3.800196e-13,3.661056e-11,3.897772e-01,8.207349e-10,9.631723e-10,5.039078e-13,2.230899e-11,3.174056e-01,9.367063e-10,4.584638e-10,4.566523e-13,6.767674e-08,5.936765e-01,1.660942e-13,9.079050e-10,8.111084e-08,7.297861e-01,2.554087e-13,1.998899e-09,6.819566e-08,5.503623e-01,1.630882e-13,1.709863e-09,8.496312e-03,8.539417e-03,6.490824e-04,2.626725e-15,1.074387e+02,1.857909e+09,1.047501e+02,1.318944e+09,1.167829e+02,1.859753e+09
170,monte carlo,2.187913e-11,3.229491e-01,9.302705e-10,5.392650e-10,4.351919e-13,3.576780e-11,3.280525e-01,1.136442e-09,4.775330e-10,1.716247e-13,3.567392e-11,2.265791e-01,1.166208e-09,2.719333e-10,4.662015e-13,2.233035e-11,2.199562e-01,6.673203e-10,1.073904e-09,2.804301e-13,6.758854e-08,6.238562e-01,1.339493e-13,9.121983e-10,8.320498e-08,6.815832e-01,1.748413e-13,6.603480e-10,6.747372e-08,5.484551e-01,1.293984e-13,1.600899e-09,-2.273220e-05,5.624468e-03,1.879044e-04,4.905603e-15,1.021080e+02,1.822379e+09,1.150540e+02,1.635198e+09,1.159484e+02,1.940198e+09
171,monte carlo,2.193051e-11,2.318018e-01,8.377302e-10,9.756960e-10,4.899400e-13,3.541400e-11,1.042433e-01,9.459739e-10,3.090709e-10,4.474288e-13,3.603827e-11,3.828656e-01,7.858691e-10,8.847847e-10,3.189289e-13,2.227687e-11,2.994859e-01,6.487430e-10,9.604703e-10,5.200091e-13,6.912768e-08,6.206204e-01,1.810186e-13,9.530543e-10,8.239489e-08,7.175460e-01,1.802275e-13,1.139375e-09,6.665276e-08,5.115261e-01,1.645296e-13,1.738693e-09,2.115585e-03,3.657118e-03,2.042326e-03,8.390917e-16,1.049777e+02,1.892119e+09,1.082235e+02,1.405399e+09,1.228065e+02,1.690204e+09
172,monte carlo,2.225080e-11,3.967468e-01,6.750161e-10,9.422960e-10,1.875741e-13,3.540586e-11,2.560589e-01,9.489326e-10,1.131351e-09,2.372452e-13,3.584431e-11,2.788076e-01,1.007703e-09,1.235749e-09,1.927615e-13,2.212779e-11,1.784920e-01,6.857033e-10,6.765400e-10,1.725182e-13,6.913329e-08,5.629853e-01,1.468317e-13,5.653930e-10,8.332583e-08,7.753428e-01,1.573194e-13,1.024747e-09,6.869679e-08,5.368409e-01,1.649415e-13,1.444683e-09,9.499071e-04,4.507874e-03,-2.006442e-03,3.214682e-15,1.157341e+02,1.922449e+09,1.012878e+02,1.621596e+09,1.206041e+02,1.733345e+09
173,monte carlo,2.226073e-11,1.218120e-01,1.024337e-09,8.122221e-10,4.794517e-13,3.570677e-11,1.921478e-01,1.146631e-09,1.281628e-09,2.537812e-13,3.597487e-11,2.047788e-01,9.159927e-10,1.028200e-09,4.402203e-13,2.227395e-11,3.888386e-01,1.101675e-09,7.219997e-10,4.900299e-13,6.835177e-08,6.288104e-01,1.470533e-13,1.181446e-09,8.131431e-08,7.320142e-01,2.578375e-13,1.423838e-09,6.809493e-08,5.730343e-01,1.647018e-13,6.013176e-10,8.489288e-03,-8.196156e-04,1.372183e-03,1.597280e-15,1.024475e+02,1.907677e+09,1.046932e+02,1.321995e+09,1.119967e+02,1.729557e+09
174,monte carlo,2.165239e-11,2.654704e-01,9.389977e-10,6.816233e-10,5.273371e-13,3.544708e-11,1.398347e-01,8.826684e-10,1.233044e-09,3.290581e-13,3.567085e-11,2.551068e-01,1.180302e-09,9.141109e-10,3.560622e-13,2.241194e-11,1.449698e-01,1.143506e-09,9.075392e-10,4.576977e-13,6.885406e-08,6.212770e-01,1.480320e-13,6.741130e-10,8.091625e-08,6.409817e-01,1.699000e-13,1.827716e-09,6.829886e-08,5.197896e-01,1.654094e-13,1.746981e-09,3.648834e-03,-6.163950e-03,-1.685063e-03,1.464185e-15,1.044517e+02,1.936270e+09,1.189765e+02,1.548249e+09,1.238389e+02,1.693965e+09
175,monte carlo,2.234909e-11,1.077086e-01,6.825442e-10,8.096642e-10,1.777333e-13,3.649387e-11,3.148979e-01,7.510887e-10,2.864100e-10,5.057384e-13,3.599279e-11,2.742901e-01,1.146953e-09,8.177845e-10,3.627009e-13,2.207623e-11,1.711314e-01,7.217283e-10,1.086770e-09,3.417829e-13,6.730821e-08,5.107647e-01,1.870923e-13,1.024622e-09,8.351003e-08,6.436427e-01,1.520116e-13,7.249788e-10,6.701675e-08,5.262621e-01,2.011388e-13,7.671438e-10,9.520712e-03,3.206660e-03,2.959551e-03,4.845492e-15,1.241990e+02,1.671637e+09,1.222827e+02,1.657223e+09,1.200197e+02,1.754451e+09
176,monte carlo,2.194154e-11,2.073695e-01,1.102686e-09,2.890807e-10,3.906522e-13,3.617583e-11,2.895691e-01,8.217477e-10,4.591609e-10,4.810522e-13,3.545485e-11,3.523235e-01,1.144768e-09,1.011754e-09,2.760613e-13,2.221666e-11,3.658244e-01,8.883850e-10,8.179874e-10,3.838157e-13,6.692572e-08,6.003967e-01,1.457272e-13,1.638270e-09,8.254697e-08,6.829261e-01,1.869778e-13,1.647405e-09,6.744195e-08,5.055535e-01,1.351427e-13,1.267112e-09,1.018620e-03,-2.450043e-03,-9.516433e-04,2.059709e-15,1.050572e+02,1.878337e+09,1.139196e+02,1.575892e+09,1.257286e+02,1.816607e+09
177,monte carlo,2.179720e-11,3.831721e-01,6.812357e-10,9.669633e-10,2.603547e-13,3.607834e-11,3.929229e-01,8.038534e-10,8.681290e-10,2.541184e-13,3.544792e-11,1.905105e-01,8.373589e-10,5.324695e-10,3.256209e-13,2.242679e-11,1.216710e-01,8.560365e-10,7.670052e-10,2.305303e-13,6.771504e-08,5.929196e-01,2.301382e-13,7.402389e-10,8.318840e-08,7.669113e-01,2.124246e-13,5.755955e-10,6.812148e-08,5.930797e-01,1.833331e-13,5.329354e-10,7.083039e-03,2.777000e-03,-1.382521e-03,2.626337e-15,1.076367e+02,1.539531e+09,1.022324e+02,1.359052e+09,1.082535e+02,1.752327e+09
178,monte carlo,2.224597e-11,3.367276e-01,9.150402e-10,5.315632e-10,4.370338e-13,3.645784e-11,3.159067e-01,7.358431e-10,1.147515e-09,3.526361e-13,3.555819e-11,3.614038e-01,9.810666e-10,1.154569e-09,2.056527e-13,2.184059e-11,3.567187e-01,8.416260e-10,1.266312e-09,4.903593e-13,6.921335e-08,6.491033e-01,1.469298e-13,1.486405e-09,8.195568e-08,7.137482e-01,1.804740e-13,8.249705e-10,6.887664e-08,5.522362e-01,1.736997e-13,1.057197e-09,1.614320e-03,6.650131e-03,-2.692491e-03,4.364303e-15,1.004956e+02,1.764891e+09,1.082194e+02,1.480549e+09,1.175488e+02,1.738858e+09
179,monte carlo,2.173808e-11,3.261608e-01,1.024247e-09,6.262143e-10,2.023973e-13,3.561197e-11,1.384889e-01,7.926360e-10,3.785570e-10,2.121477e-13,3.636069e-11,2.400652e-01,7.356418e-10,4.440061e-10,3.879692e-13,2.221171e-11,2.689871e-01,6.451459e-10,5.914174e-10,4.032817e-13,6.923785e-08,5.790589e-01,1.757972e-13,1.118066e-09,8.125078e-08,7.016052e-01,1.556109e-13,1.046322e-09,6.758797e-08,4.931966e-01,1.455003e-13,1.436542e-09,2.432675e-03,-4.219840e-03,2.878696e-03,1.837169e-15,1.126917e+02,1.793998e+09,1.091455e+02,1.682799e+09,1.291577e+02,1.868946e+09
180,monte carlo,2.184549e-11,1.540868e-01,8.667946e-10,1.171643e-09,5.092156e-13,3.557721e-11,2.142056e-01,1.050025e-09,1.214679e-09,2.848828e-13,3.666220e-11,1.235010e-01,8.107034e-10,2.790138e-10,3.824675e-13,2.193482e-11,2.159101e-01,7.131910e-10,7.653195e-10,2.993249e-13,6.689458e-08,5.833270e-01,2.024017e-13,1.929377e-09,8.073205e-08,7.468225e-01,2.545114e-13,1.988265e-09,6.798885e-08,5.820085e-01,2.296686e-13,1.250760e-09,5.940068e-03,2.656338e-03,-2.625487e-03,3.473779e-15,1.080811e+02,1.601409e+09,1.018825e+02,1.318225e+09,1.100980e+02,1.519541e+09
181,monte carlo,2.228659e-11,3.894370e-01,1.164757e-09,2.807418e-10,2.051619e-13,3.642431e-11,3.027677e-01,7.096156e-10,1.231715e-09,2.630220e-13,3.543063e-11,1.155250e-01,9.470239e-10,4.762686e-10,2.899834e-13,2.177809e-11,1.227527e-01,7.036820e-10,6.225758e-10,1.852441e-13,6.897144e-08,6.312009e-01,1.619228e-13,6.270346e-10,8.297848e-08,6.822472e-01,2.317379e-13,1.679002e-09,6.793083e-08,6.238001e-01,1.818519e-13,1.103946e-09,-1.533213e-03,-8.897179e-03,-5.154819e-04,3.429133e-15,1.029847e+02,1.820894e+09,1.146291e+02,1.366407e+09,1.026343e+02,1.597323e+09
182,monte carlo,2.191784e-11,2.606610e-01,6.164035e-10,5.018491e-10,5.264179e-13,3.611277e-11,2.554948e-01,9.292637e-10,4.039298e-10,3.474920e-13,3.584928e-11,3.737347e-01,1.137757e-09,5.278484e-10,2.707754e-13,2.164072e-11,2.388134e-01,1.140184e-09,8.464387e-10,2.540675e-13,6.748695e-08,5.792349e-01,2.060634e-13,1.012272e-09,8.209709e-08,7.656790e-01,1.706062e-13,1.222062e-09,6.884053e-08,5.758845e-01,1.338248e-13,1.275586e-09,7.894882e-03,2.822310e-03,2.227523e-03,8.921095e-16,1.098086e+02,1.683724e+09,1.010537e+02,1.431803e+09,1.126627e+02,1.941281e+09
183,monte carlo,2.192967e-11,2.056687e-01,7.551194e-10,1.140699e-09,2.772036e-13,3.664611e-11,3.624517e-01,1.193260e-09,1.231692e-09,2.072653e-13,3.531913e-11,3.431874e-01,1.070979e-09,6.004613e-10,4.079030e-13,2.156202e-11,1.188573e-01,1.030325e-09,6.147686e-10,1.847944e-13,6.706314e-08,5.958098e-01,1.733097e-13,1.213308e-09,8.303933e-08,6.415996e-01,2.081186e-13,8.579132e-10,6.808015e-08,5.054354e-01,2.157191e-13,7.472425e-10,5.691098e-03,6.547230e-03,2.490325e-04,3.688570e-15,1.060834e+02,1.587337e+09,1.219806e+02,1.417410e+09,1.269480e+02,1.633896e+09
184,monte carlo,2.242620e-11,2.243502e-01,1.132291e-09,8.913926e-10,1.932223e-13,3.599889e-11,1.296164e-01,7.628720e-10,8.969840e-10,4.322997e-13,3.630220e-11,2.687773e-01,6.243220e-10,7.467750e-10,3.940083e-13,2.202022e-11,1.618131e-01,8.306071e-10,6.572925e-10,4.878206e-13,6.743337e-08,6.335241e-01,1.414021e-13,1.104967e-09,8.327012e-08,6.582740e-01,1.909848e-13,1.581430e-09,6.704359e-08,5.588895e-01,1.771054e-13,1.606389e-09,-5.525935e-03,6.120589e-03,-2.533218e-03,4.944494e-15,1.003189e+02,1.929123e+09,1.192212e+02,1.507511e+09,1.130583e+02,1.788538e+09
185,monte carlo,2.220945e-11,2.045926e-01,8.562777e-10,5.924464e-10,2.651809e-13,3.627872e-11,3.716564e-01,9.925654e-10,1.052305e-09,2.169684e-13,3.647638e-11,1.618090e-01,1.020474e-09,1.265966e-09,5.070824e-13,2.158595e-11,2.465747e-01,6.486508e-10,1.141150e-09,2.560945e-13,6.850751e-08,5.559635e-01,1.822401e-13,1.152889e-09,8.082140e-08,6.020582e-01,1.872118e-13,1.531164e-09,6.710261e-08,5.369545e-01,2.155213e-13,6.381395e-10,-6.506897e-03,1.875162e-03,1.211934e-03,2.038316e-15,1.161350e+02,1.661332e+09,1.265200e+02,1.683176e+09,1.177804e+02,1.544182e+09
186,monte carlo,2.164059e-11,3.459334e-01,1.079349e-09,3.349627e-10,4.822694e-13,3.618165e-11,2.912932e-01,1.083521e-09,1.199001e-09,2.900112e-13,3.626210e-11,1.674698e-01,7.837183e-10,8.069223e-10,2.929862e-13,2.235084e-11,3.900929e-01,1.031653e-09,7.482589e-10,2.083499e-13,6.910982e-08,6.408435e-01,1.776200e-13,9.370365e-10,8.304781e-08,7.712192e-01,1.882211e-13,1.985913e-09,6.866825e-08,5.934254e-01,1.609530e-13,1.052090e-09,-9.581020e-03,3.470206e-03,2.740965e-03,9.722082e-16,1.016386e+02,1.565461e+09,1.014896e+02,1.556408e+09,1.090589e+02,1.632665e+09
187,monte carlo,2.206093e-11,1.119892e-01,9.367441e-10,7.900949e-10,4.872885e-13,3.659305e-11,3.412323e-01,7.373957e-10,1.245220e-09,4.647958e-13,3.548224e-11,1.568512e-01,6.169555e-10,8.678739e-10,5.261552e-13,2.236096e-11,3.353282e-01,6.947809e-10,9.684405e-10,2.304210e-13,6.805463e-08,6.069076e-01,1.581096e-13,1.527066e-09,8.255868e-08,7.198717e-01,2.374672e-13,7.749348e-10,6.894126e-08,5.551087e-01,1.711899e-13,5.603623e-10,8.076765e-03,-8.837911e-03,-1.790523e-04,2.582928e-15,1.056833e+02,1.839412e+09,1.080883e+02,1.332291e+09,1.170502e+02,1.933644e+09
188,monte carlo,2.172341e-11,3.526730e-01,7.346524e-10,1.174309e-09,2.330599e-13,3.645372e-11,3.167579e-01,1.087484e-09,7.961180e-10,2.593036e-13,3.557020e-11,3.108047e-01,8.282929e-10,1.103324e-09,2.338067e-13,2.230575e-11,3.020044e-01,6.973542e-10,1.240159e-09,2.331181e-13,6.807680e-08,5.969604e-01,1.957673e-13,1.545175e-09,8.127605e-08,6.234241e-01,1.971538e-13,1.878374e-09,6.831147e-08,5.643807e-01,1.569062e-13,1.796430e-09,7.648641e-03,2.695807e-03,8.207181e-04,3.604188e-15,1.074793e+02,1.764445e+09,1.228712e+02,1.365946e+09,1.140755e+02,1.899633e+09
189,monte carlo,2.229427e-11,3.672797e-01,6.158143e-10,1.044018e-09,2.472560e-13,3.655673e-11,1.944925e-01,1.023462e-09,8.506215e-10,5.095368e-13,3.581402e-11,1.272886e-01,1.044975e-09,9.525790e-10,2.288340e-13,2.230804e-11,3.966731e-01,1.003267e-09,6.483750e-10,3.866007e-13,6.834251e-08,5.228076e-01,2.013148e-13,1.737653e-09,8.193727e-08,6.123524e-01,1.750678e-13,8.400981e-10,6.845458e-08,6.219811e-01,1.355768e-13,6.773315e-10,1.415031e-03,5.091956e-03,-7.343021e-04,4.152663e-15,1.232027e+02,1.633459e+09,1.261105e+02,1.517787e+09,1.037281e+02,1.938474e+09
190,monte carlo,2.214559e-11,1.331512e-01,1.022397e-09,4.185387e-10,2.071272e-13,3.666323e-11,1.341269e-01,8.035687e-10,8.053719e-10,3.336537e-13,3.535150e-11,2.049355e-01,1.025037e-09,1.201411e-09,2.001564e-13,2.204130e-11,2.889896e-01,6.999754e-10,8.171143e-10,2.623482e-13,6.868510e-08,6.387288e-01,1.576438e-13,1.290479e-09,8.302549e-08,6.613668e-01,1.693755e-13,1.502413e-09,6.687385e-08,6.027127e-01,1.646727e-13,7.004375e-10,2.047779e-03,-7.563790e-03,1.784839e-04,3.967810e-15,1.013485e+02,1.894194e+09,1.183151e+02,1.438987e+09,1.045724e+02,1.745395e+09
191,monte carlo,2.164351e-11,3.369528e-01,7.103518e-10,1.088627e-09,3.453010e-13,3.541078e-11,3.011952e-01,8.096809e-10,1.160075e-09,2.123757e-13,3.557656e-11,2.176600e-01,9.977629e-10,1.257869e-09,4.956778e-13,2.243882e-11,3.642155e-01,7.097456e-10,5.245652e-10,1.919423e-13,6.796368e-08,5.341856e-01,1.485616e-13,1.527952e-09,8.191139e-08,6.091392e-01,1.517495e-13,1.433501e-09,6.730864e-08,5.563374e-01,1.855361e-13,6.674752e-10,2.489781e-04,-8.874660e-03,-1.755975e-03,4.862025e-15,1.199101e+02,1.783562e+09,1.267357e+02,1.633165e+09,1.140259e+02,1.715214e+09
192,monte carlo,2.217168e-11,1.406564e-01,6.495901e-10,8.620509e-10,4.424034e-13,3.641333e-11,1.216714e-01,9.207449e-10,9.901634e-10,3.419040e-13,3.556727e-11,2.498902e-01,1.018393e-09,1.228517e-09,2.068368e-13,2.203680e-11,3.169102e-01,1.011031e-09,1.224701e-09,3.955049e-13,6.872389e-08,5.371624e-01,1.984137e-13,8.187247e-10,8.110739e-08,6.186712e-01,1.612594e-13,1.985863e-09,6.848741e-08,5.167568e-01,1.979917e-13,5.743922e-10,3.540890e-04,-8.952586e-03,6.136731e-04,2.614950e-15,1.205794e+02,1.548011e+09,1.235582e+02,1.648018e+09,1.249096e+02,1.622697e+09
193,monte carlo,2.195790e-11,2.616508e-01,1.090201e-09,1.181741e-09,1.826190e-13,3.585640e-11,3.099490e-01,7.030956e-10,1.055880e-09,2.609548e-13,3.544698e-11,3.426927e-01,1.136014e-09,9.444089e-10,4.390521e-13,2.214092e-11,2.500209e-01,6.573619e-10,5.258924e-10,4.647691e-13,6.733813e-08,5.560217e-01,2.255721e-13,1.010324e-09,8.267880e-08,6.102334e-01,1.732077e-13,1.289154e-09,6.664047e-08,4.943303e-01,1.869451e-13,6.784238e-10,-7.556601e-03,-3.652197e-03,-3.011304e-04,4.469404e-15,1.141407e+02,1.513374e+09,1.276937e+02,1.676226e+09,1.270551e+02,1.737783e+09
194,monte carlo,2.215543e-11,2.659827e-01,9.833491e-10,4.740773e-10,2.018166e-13,3.623684e-11,1.926985e-01,8.113965e-10,7.464684e-10,3.397256e-13,3.635628e-11,3.007659e-01,8.695909e-10,7.907567e-10,4.893797e-13,2.172926e-11,2.160000e-01,9.725121e-10,1.038416e-09,5.063713e-13,6.908633e-08,5.356421e-01,1.850911e-13,1.907204e-09,8.247984e-08,6.276616e-01,2.337708e-13,5.298999e-10,6.759390e-08,5.764221e-01,1.798995e-13,1.029042e-09,4.673758e-03,-2.923746e-03,1.955532e-03,1.484196e-15,1.215594e+02,1.584367e+09,1.238492e+02,1.340743e+09,1.105193e+02,1.896108e+09
195,monte carlo,2.220190e-11,1.385445e-01,1.050113e-09,3.004557e-10,3.989694e-13,3.531257e-11,1.152000e-01,7.401368e-10,8.724061e-10,4.666881e-13,3.634531e-11,1.045819e-01,9.219065e-10,4.724245e-10,2.063881e-13,2.187730e-11,3.593799e-01,9.018998e-10,7.947924e-10,4.643913e-13,6.765847e-08,5.139548e-01,1.546618e-13,1.238064e-09,8.161712e-08,5.983866e-01,1.854640e-13,1.108011e-09,6.853822e-08,5.221282e-01,1.805652e-13,1.383253e-09,-4.902591e-03,1.379339e-03,8.886816e-05,4.519761e-15,1.240704e+02,1.709742e+09,1.285495e+02,1.556033e+09,1.237163e+02,1.681540e+09
196,monte carlo,2.206827e-11,1.120339e-01,6.633897e-10,5.589725e-10,3.009090e-13,3.548623e-11,3.348049e-01,7.680137e-10,9.330252e-10,4.408873e-13,3.648539e-11,1.831679e-01,8.433265e-10,4.706192e-10,4.462316e-13,2.223092e-11,2.773363e-01,1.158354e-09,4.564524e-10,1.752921e-13,6.687944e-08,5.550809e-01,1.904584e-13,1.806489e-09,8.117221e-08,6.070595e-01,1.965497e-13,9.564410e-10,6.671823e-08,6.089193e-01,1.592381e-13,1.042487e-09,-7.247319e-04,2.606784e-03,1.237005e-03,8.490811e-16,1.135553e+02,1.582409e+09,1.260223e+02,1.579558e+09,1.032657e+02,1.692939e+09
197,monte carlo,2.216534e-11,3.657994e-01,9.556509e-10,5.815474e-10,4.882695e-13,3.612668e-11,3.630594e-01,1.135455e-09,5.282276e-10,5.082557e-13,3.628260e-11,1.550224e-01,9.710068e-10,2.913367e-10,3.310101e-13,2.183203e-11,1.781633e-01,9.598990e-10,3.580651e-10,4.195083e-13,6.889195e-08,6.323894e-01,1.911489e-13,5.549729e-10,8.208979e-08,7.157631e-01,1.450593e-13,1.163113e-09,6.737949e-08,5.717626e-01,1.842694e-13,5.928841e-10,-8.091525e-03,3.279482e-03,1.728286e-03,5.158338e-16,1.026727e+02,1.700168e+09,1.080914e+02,1.684165e+09,1.110665e+02,1.599299e+09
198,monte carlo,2.227278e-11,3.807058e-01,7.066415e-10,7.781911e-10,4.756096e-13,3.653770e-11,1.249390e-01,6.305838e-10,1.228582e-09,4.090127e-13,3.633620e-11,1.950407e-01,9.278025e-10,2.995781e-10,2.115508e-13,2.186999e-11,3.178576e-01,9.425380e-10,6.786981e-10,2.890087e-13,6.683880e-08,5.925040e-01,1.816392e-13,1.842202e-09,8.250715e-08,7.526497e-01,1.938074e-13,6.871363e-10,6.764522e-08,5.248415e-01,2.126598e-13,1.316006e-09,-3.447704e-03,6.502558e-03,1.979115e-03,2.128398e-15,1.063184e+02,1.782868e+09,1.033165e+02,1.607582e+09,1.214731e+02,1.623536e+09
199,monte carlo,2.236114e-11,1.631113e-01,9.469221e-10,1.133482e-09,4.910523e-13,3.586773e-11,1.492681e-01,9.766612e-10,9.509826e-10,4.760179e-13,3.627737e-11,1.577711e-01,9.063312e-10,4.099112e-10,2.791796e-13,2.188549e-11,1.944389e-01,9.757854e-10,3.623459e-10,2.120502e-13,6.744553e-08,5.024467e-01,2.195325e-13,7.700682e-10,8.097257e-08,6.060861e-01,1.646238e-13,6.368114e-10,6.704386e-08,5.965537e-01,1.707049e-13,1.420791e-09,7.000515e-03,9.567806e-03,2.930757e-03,3.656813e-15,1.265127e+02,1.636562e+09,1.259142e+02,1.530151e+09,1.059206e+02,1.839465e+09
200,monte carlo,2.227045e-11,1.831752e-01,8.990401e-10,4.436694e-10,2.682560e-13,3.648527e-11,3.161256e-01,6.549479e-10,3.469907e-10,5.263411e-13,3.660352e-11,2.664684e-01,1.020930e-09,1.222405e-09,4.520010e-13,2.216446e-11,2.584804e-01,1.019204e-09,1.284456e-09,2.726590e-13,6.810991e-08,6.050585e-01,1.820880e-13,1.268494e-09,8.218085e-08,6.423229e-01,1.612234e-13,5.614958e-10,6.752705e-08,5.866312e-01,1.529995e-13,1.134650e-09,6.931585e-03,9.092025e-03,-1.300915e-03,4.287117e-15,1.060923e+02,1.726364e+09,1.205836e+02,1.589171e+09,1.084885e+02,1.770016e+09
201,monte carlo,2.186711e-11,2.281050e-01,8.476796e-10,3.582884e-10,1.840119e-13,3.592070e-11,3.307352e-01,7.431347e-10,9.683157e-10,2.459613e-13,3.578815e-11,1.776952e-01,6.410983e-10,1.187223e-09,3.660960e-13,2.183451e-11,2.858203e-01,8.030105e-10,1.069088e-09,3.425077e-13,6.789201e-08,6.166739e-01,2.062890e-13,1.251363e-09,8.313675e-08,6.161830e-01,1.995272e-13,5.516166e-10,6.745706e-08,5.378561e-01,1.867712e-13,8.822031e-10,-1.760183e-03,7.643357e-03,-2.465548e-03,4.703810e-15,1.037610e+02,1.715676e+09,1.271612e+02,1.498962e+09,1.182041e+02,1.768743e+09
202,monte carlo,2.160583e-11,2.227745e-01,7.035185e-10,9.612202e-10,4.808641e-13,3.601508e-11,1.377480e-01,6.074088e-10,2.838659e-10,4.068769e-13,3.641211e-11,3.281937e-01,9.211864e-10,4.065544e-10,2.657786e-13,2.182532e-11,2.705256e-01,9.481640e-10,7.277922e-10,5.061886e-13,6.701966e-08,6.003723e-01,1.566272e-13,7.367737e-10,8.109229e-08,7.449443e-01,1.890862e-13,1.243955e-09,6.910725e-08,5.932952e-01,2.208967e-13,1.204030e-09,-7.097926e-03,5.823854e-03,2.433711e-05,5.582723e-16,1.052090e+02,1.745662e+09,1.025952e+02,1.430471e+09,1.097802e+02,1.574554e+09
203,monte carlo,2.239523e-11,1.798331e-01,7.957386e-10,2.840411e-10,3.782282e-13,3.635784e-11,3.924120e-01,7.857710e-10,9.697340e-10,3.294257e-13,3.588942e-11,1.359682e-01,9.929990e-10,3.417304e-10,2.479135e-13,2.233753e-11,1.101262e-01,1.119583e-09,4.687622e-10,2.490893e-13,6.935821e-08,5.160851e-01,1.785504e-13,9.343487e-10,8.267656e-08,7.071708e-01,1.489635e-13,5.124116e-10,6.690812e-08,6.144758e-01,1.617411e-13,6.785427e-10,-5.642810e-04,6.565336e-03,7.355598e-04,9.761803e-16,1.266624e+02,1.674811e+09,1.101867e+02,1.597021e+09,1.026231e+02,1.810458e+09
204,monte carlo,2.177433e-11,2.349197e-01,9.172284e-10,4.886964e-10,1.890940e-13,3.607855e-11,3.552303e-01,8.465859e-10,2.850581e-10,3.670680e-13,3.656547e-11,3.316731e-01,9.207009e-10,1.232852e-09,3.862939e-13,2.188443e-11,3.810375e-01,1.004341e-09,7.970912e-10,2.593175e-13,6.672698e-08,4.890548e-01,2.338670e-13,1.945333e-09,8.237918e-08,6.718657e-01,1.733420e-13,1.406358e-09,6.735252e-08,5.758082e-01,1.635518e-13,1.278383e-09,4.663296e-03,1.196938e-03,1.921480e-03,3.443729e-15,1.285923e+02,1.522516e+09,1.155596e+02,1.568508e+09,1.102420e+02,1.919065e+09
205,monte carlo,2.185151e-11,1.362369e-01,8.783354e-10,9.569806e-10,5.261929e-13,3.578708e-11,1.407633e-01,6.747572e-10,3.673608e-10,3.102295e-13,3.627162e-11,1.866090e-01,7.030928e-10,6.402556e-10,3.527807e-13,2.183418e-11,2.480682e-01,6.840236e-10,3.381044e-10,3.952799e-13,6.840963e-08,6.032483e-01,2.183811e-13,1.947352e-09,8.221528e-08,7.559037e-01,2.399529e-13,1.075616e-09,6.852423e-08,5.386538e-01,1.855717e-13,1.129972e-09,8.437706e-03,-4.287331e-03,-1.911953e-03,2.711673e-15,1.068790e+02,1.536569e+09,1.025079e+02,1.308300e+09,1.198962e+02,1.604436e+09
206,monte carlo,2.184892e-11,3.011737e-01,9.402454e-10,1.161403e-09,1.762659e-13,3.550784e-11,1.851359e-01,1.067152e-09,1.177174e-09,4.692533e-13,3.600966e-11,2.595921e-01,1.175164e-09,3.773042e-10,3.730325e-13,2.231130e-11,1.410547e-01,6.200704e-10,1.273063e-09,5.165506e-13,6.825872e-08,5.236571e-01,1.755227e-13,7.615851e-10,8.121584e-08,7.524495e-01,2.141680e-13,1.172915e-09,6.671704e-08,6.074711e-01,1.795457e-13,5.531955e-10,-9.625227e-03,-5.132312e-03,-1.034694e-04,2.458105e-15,1.228520e+02,1.548999e+09,1.017266e+02,1.483354e+09,1.035100e+02,1.716750e+09
207,monte carlo,2.243036e-11,2.960896e-01,9.326520e-10,9.259957e-10,3.546847e-13,3.593341e-11,1.766143e-01,9.575688e-10,1.251583e-09,3.357561e-13,3.593164e-11,3.238766e-01,8.695634e-10,3.994676e-10,5.271591e-13,2.170708e-11,3.428848e-01,8.701381e-10,1.298398e-09,1.710695e-13,6.880806e-08,5.703993e-01,1.797193e-13,1.476494e-09,8.076612e-08,6.845823e-01,1.584128e-13,1.563496e-09,6.834572e-08,6.368158e-01,1.681970e-13,1.422151e-09,7.555812e-03,8.297642e-03,1.446390e-03,1.300287e-15,1.136924e+02,1.800547e+09,1.111923e+02,1.514694e+09,1.011506e+02,1.775315e+09
208,monte carlo,2.182298e-11,3.742917e-01,6.012733e-10,1.077070e-09,1.791585e-13,3.574772e-11,2.980823e-01,9.308278e-10,5.753074e-10,2.031954e-13,3.551907e-11,2.481722e-01,7.938267e-10,8.356706e-10,4.488798e-13,2.200643e-11,1.368235e-01,7.755163e-10,8.005671e-10,2.103040e-13,6.832973e-08,5.775768e-01,1.826048e-13,1.957079e-09,8.036780e-08,6.829211e-01,1.607172e-13,8.228318e-10,6.727381e-08,5.759321e-01,2.365749e-13,5.661559e-10,3.568714e-03,7.305481e-04,-3.148243e-04,7.249706e-16,1.114990e+02,1.861477e+09,1.109131e+02,1.531404e+09,1.100895e+02,1.500146e+09
209,monte carlo,2.228050e-11,2.465735e-01,1.088106e-09,7.062841e-10,3.040221e-13,3.624395e-11,2.953619e-01,9.819898e-10,1.260458e-09,1.792610e-13,3.548707e-11,2.752637e-01,8.688091e-10,6.228309e-10,2.190983e-13,2.209541e-11,1.420374e-01,6.022485e-10,1.212116e-09,1.851490e-13,6.693419e-08,5.538675e-01,1.908327e-13,1.349654e-09,8.146951e-08,7.392189e-01,1.639615e-13,1.602731e-09,6.809131e-08,6.044891e-01,1.893668e-13,1.858331e-09,-1.358140e-03,4.038877e-03,-4.983789e-04,3.279500e-15,1.138973e+02,1.763312e+09,1.038707e+02,1.670162e+09,1.061633e+02,1.629594e+09
210,monte carlo,2.185479e-11,3.696516e-01,6.108195e-10,1.183745e-09,3.116870e-13,3.618865e-11,2.569097e-01,9.595331e-10,6.662224e-10,1.967765e-13,3.557762e-11,2.494648e-01,1.018367e-09,1.287046e-09,3.463949e-13,2.199601e-11,3.107884e-01,6.831262e-10,1.215599e-09,2.639065e-13,6.797584e-08,5.065216e-01,1.396339e-13,1.083829e-09,8.121770e-08,6.533950e-01,1.701518e-13,6.052941e-10,6.790623e-08,5.577726e-01,1.921686e-13,6.316843e-10,7.808743e-03,7.050113e-03,2.533224e-03,2.530048e-15,1.264817e+02,1.793584e+09,1.171510e+02,1.623500e+09,1.147423e+02,1.754981e+09
211,monte carlo,2.211936e-11,3.910370e-01,1.176069e-09,3.041396e-10,4.374646e-13,3.535002e-11,3.568057e-01,9.590961e-10,5.296911e-10,3.437140e-13,3.554069e-11,3.205315e-01,9.680282e-10,1.095489e-09,2.721971e-13,2.191751e-11,3.791531e-01,9.660412e-10,1.096103e-09,2.283660e-13,6.830543e-08,5.505812e-01,1.657035e-13,6.012951e-10,8.133776e-08,5.956103e-01,1.825856e-13,1.036370e-09,6.742024e-08,5.810767e-01,1.573176e-13,5.212822e-10,-3.413831e-03,1.471264e-03,1.680560e-03,4.302242e-15,1.169243e+02,1.935581e+09,1.287067e+02,1.617654e+09,1.093523e+02,1.880946e+09
212,monte carlo,2.183108e-11,3.857075e-01,1.168034e-09,1.182051e-09,3.096403e-13,3.585880e-11,2.328645e-01,1.008766e-09,6.252950e-10,4.235407e-13,3.665415e-11,2.395239e-01,9.216330e-10,1.297793e-09,3.505665e-13,2.229898e-11,2.953905e-01,8.276382e-10,8.568294e-10,3.267564e-13,6.871459e-08,6.261538e-01,1.397700e-13,6.379626e-10,8.271869e-08,6.989701e-01,1.973756e-13,1.496451e-09,6.795392e-08,6.070250e-01,1.737632e-13,1.042134e-09,7.540141e-03,-7.880155e-03,-1.146853e-03,4.722619e-15,1.034282e+02,1.801052e+09,1.115363e+02,1.433156e+09,1.055065e+02,1.750179e+09
213,monte carlo,2.164182e-11,1.318679e-01,7.006376e-10,5.257273e-10,3.412441e-13,3.598506e-11,1.549102e-01,8.235696e-10,5.301794e-10,4.809434e-13,3.553198e-11,1.716351e-01,8.985781e-10,6.014484e-10,3.078374e-13,2.204344e-11,3.760585e-01,1.134642e-09,3.466722e-10,4.719319e-13,6.878693e-08,5.051959e-01,1.694697e-13,1.708717e-09,8.293228e-08,6.146840e-01,1.609886e-13,1.412800e-09,6.828537e-08,6.109226e-01,1.938688e-13,1.659236e-09,-9.434630e-03,5.740510e-03,7.707338e-04,4.562323e-15,1.283268e+02,1.931724e+09,1.271577e+02,1.507520e+09,1.053447e+02,1.711689e+09
214,monte carlo,2.227463e-11,3.588586e-01,8.663622e-10,5.143398e-10,2.221940e-13,3.583272e-11,3.591070e-01,1.012383e-09,9.112021e-10,1.997770e-13,3.614074e-11,2.786797e-01,6.791119e-10,8.113510e-10,3.940068e-13,2.172636e-11,3.397473e-01,8.271637e-10,7.646687e-10,5.071641e-13,6.893007e-08,6.270085e-01,1.762215e-13,1.439458e-09,8.222262e-08,6.316672e-01,1.467972e-13,1.551350e-09,6.932777e-08,6.290896e-01,1.539517e-13,7.228862e-10,7.232555e-03,-2.789973e-03,-1.096685e-03,3.760886e-15,1.036111e+02,1.727227e+09,1.226801e+02,1.637168e+09,1.038642e+02,1.699662e+09
215,monte carlo,2.223222e-11,3.882380e-01,1.072617e-09,1.166186e-09,2.901020e-13,3.596443e-11,2.684629e-01,6.486995e-10,1.238615e-09,4.426292e-13,3.597185e-11,2.281954e-01,1.054276e-09,1.263078e-09,4.696925e-13,2.158889e-11,1.529080e-01,6.854805e-10,1.057428e-09,2.545163e-13,6.917568e-08,6.337679e-01,1.564624e-13,6.310274e-10,8.304868e-08,6.793558e-01,1.942017e-13,1.337765e-09,6.673464e-08,5.492232e-01,1.573240e-13,1.936998e-09,2.482809e-03,3.999278e-03,-7.456494e-05,2.683858e-15,1.028713e+02,1.795366e+09,1.152144e+02,1.603713e+09,1.145179e+02,1.910233e+09
216,monte carlo,2.205892e-11,1.338000e-01,9.101280e-10,8.410531e-10,1.930422e-13,3.601196e-11,1.248170e-01,1.196695e-09,3.660545e-10,2.133953e-13,3.596224e-11,1.686171e-01,7.171177e-10,4.880903e-10,1.926403e-13,2.174974e-11,2.583239e-01,6.960577e-10,9.995153e-10,3.462235e-13,6.882917e-08,5.083728e-01,1.835103e-13,1.302444e-09,8.086318e-08,5.900899e-01,1.865549e-13,7.737382e-10,6.883496e-08,5.051467e-01,1.970733e-13,1.226556e-09,2.800903e-03,4.295109e-04,-2.720429e-03,1.788189e-15,1.276031e+02,1.504554e+09,1.291528e+02,1.666433e+09,1.284289e+02,1.681169e+09
217,monte carlo,2.170702e-11,3.067845e-01,1.145917e-09,4.689876e-10,4.811764e-13,3.626317e-11,1.552222e-01,6.635772e-10,7.153148e-10,3.229042e-13,3.633817e-11,1.778813e-01,8.150439e-10,7.015566e-10,4.030664e-13,2.178417e-11,3.165954e-01,7.964518e-10,7.688315e-10,2.550472e-13,6.900033e-08,5.469618e-01,1.700620e-13,5.411500e-10,8.135425e-08,5.938108e-01,1.708519e-13,1.667368e-09,6.694398e-08,5.269538e-01,2.281339e-13,1.886555e-09,-5.153306e-03,9.441355e-03,-2.615157e-04,3.029277e-15,1.188955e+02,1.872294e+09,1.291229e+02,1.676634e+09,1.197320e+02,1.551503e+09
218,monte carlo,2.172876e-11,3.974028e-01,8.120281e-10,2.718614e-10,1.845042e-13,3.657942e-11,3.202855e-01,9.277645e-10,5.399572e-10,5.083378e-13,3.539660e-11,3.661365e-01,8.213392e-10,1.293955e-09,4.521494e-13,2.207807e-11,2.762860e-01,7.937016e-10,1.137358e-09,2.875142e-13,6.849595e-08,5.990588e-01,1.801002e-13,1.495004e-09,8.221322e-08,6.521973e-01,2.153602e-13,1.427813e-09,6.751199e-08,5.691103e-01,1.256071e-13,7.189900e-10,-7.859565e-04,-9.068025e-03,-2.420188e-03,3.156316e-15,1.077622e+02,1.893336e+09,1.188047e+02,1.464106e+09,1.118035e+02,1.924829e+09
219,monte carlo,2.174490e-11,3.804339e-01,1.035851e-09,7.509727e-10,2.284881e-13,3.556898e-11,3.187606e-01,8.413839e-10,6.614639e-10,3.512025e-13,3.614067e-11,2.483375e-01,9.215136e-10,9.372175e-10,1.843492e-13,2.174420e-11,3.550491e-01,8.801505e-10,1.235702e-09,4.542394e-13,6.872061e-08,5.384642e-01,2.174295e-13,1.447644e-09,8.038437e-08,6.455940e-01,2.204029e-13,1.289655e-09,6.908506e-08,5.484023e-01,2.337905e-13,1.643132e-09,6.578524e-03,-1.119346e-03,2.804685e-04,1.717622e-15,1.202822e+02,1.517523e+09,1.173500e+02,1.446232e+09,1.187288e+02,1.532212e+09
220,monte carlo,2.157592e-11,2.078461e-01,8.067357e-10,6.320748e-10,4.250328e-13,3.591513e-11,1.654645e-01,6.430861e-10,5.323307e-10,2.172302e-13,3.567869e-11,1.176563e-01,1.097121e-09,1.283867e-09,4.758566e-13,2.166921e-11,3.071934e-01,9.825519e-10,7.473734e-10,1.847039e-13,6.688072e-08,5.455797e-01,1.729013e-13,1.998871e-09,8.038070e-08,6.197175e-01,1.711133e-13,1.829654e-09,6.751275e-08,5.049905e-01,1.791729e-13,1.295884e-09,-6.014553e-03,7.511036e-03,-6.301806e-05,3.520411e-15,1.155351e+02,1.725969e+09,1.222444e+02,1.644631e+09,1.260009e+02,1.934082e+09
221,monte carlo,2.243264e-11,1.083302e-01,8.477871e-10,9.730903e-10,1.853581e-13,3.636847e-11,1.344808e-01,9.920835e-10,3.888948e-10,3.019611e-13,3.639246e-11,2.802968e-01,7.772493e-10,9.888013e-10,4.820279e-13,2.176067e-11,2.957485e-01,9.132287e-10,8.264815e-10,4.660372e-13,6.864615e-08,5.871444e-01,1.354039e-13,1.180039e-09,8.334858e-08,6.496624e-01,1.993056e-13,1.263491e-09,6.912039e-08,5.018788e-01,1.662630e-13,1.390442e-09,8.571789e-03,-7.470690e-03,2.388054e-03,3.112308e-15,1.101900e+02,1.814832e+09,1.209154e+02,1.566720e+09,1.298011e+02,1.659296e+09
222,monte carlo,2.214593e-11,2.280333e-01,1.113497e-09,6.217013e-10,3.867633e-13,3.534181e-11,1.039282e-01,1.004696e-09,2.942151e-10,3.502763e-13,3.667088e-11,1.733205e-01,1.024610e-09,1.041086e-09,3.852255e-13,2.194956e-11,1.223537e-01,8.967720e-10,6.789454e-10,2.530906e-13,6.729476e-08,5.796141e-01,1.368736e-13,6.764880e-10,8.252684e-08,6.948127e-01,1.665642e-13,8.612461e-10,6.783416e-08,5.544149e-01,1.518777e-13,1.407063e-09,-5.451035e-03,2.228797e-03,-7.666494e-04,1.669806e-15,1.094242e+02,1.809703e+09,1.119434e+02,1.524514e+09,1.153147e+02,1.761506e+09
223,monte carlo,2.235459e-11,3.834467e-01,7.050949e-10,1.212853e-09,3.963033e-13,3.560237e-11,1.237833e-01,9.741779e-10,6.459720e-10,2.262851e-13,3.664149e-11,3.503519e-01,7.738693e-10,7.972109e-10,4.897049e-13,2.163310e-11,3.364278e-01,1.115511e-09,4.454854e-10,2.661170e-13,6.908704e-08,6.259942e-01,1.237953e-13,8.063509e-10,8.189025e-08,5.968876e-01,1.793149e-13,1.279979e-09,6.721206e-08,5.906563e-01,1.810200e-13,1.700098e-09,8.172457e-03,-3.644845e-03,6.315730e-04,3.648831e-15,1.040153e+02,1.916278e+09,1.293037e+02,1.592940e+09,1.072466e+02,1.722619e+09
224,monte carlo,2.232542e-11,2.386348e-01,9.472906e-10,9.498799e-10,2.352634e-13,3.615009e-11,1.116760e-01,1.024529e-09,1.230895e-09,2.785064e-13,3.592190e-11,3.006047e-01,7.460620e-10,1.104458e-09,4.379605e-13,2.204534e-11,1.214262e-01,6.594084e-10,3.973313e-10,3.693404e-13,6.855686e-08,4.997115e-01,1.683924e-13,1.921346e-09,8.238991e-08,6.202274e-01,1.936182e-13,1.497889e-09,6.816597e-08,5.989072e-01,1.837023e-13,9.151233e-10,-9.361060e-03,4.823727e-03,2.471551e-03,2.039109e-15,1.293012e+02,1.763739e+09,1.251971e+02,1.387363e+09,1.072702e+02,1.600813e+09
225,monte carlo,2.219151e-11,2.839215e-01,1.144788e-09,7.003502e-10,4.748736e-13,3.662307e-11,3.238827e-01,8.866469e-10,1.031511e-09,5.048752e-13,3.651789e-11,2.457839e-01,1.057264e-09,9.162366e-10,2.145277e-13,2.193401e-11,1.846641e-01,8.381586e-10,7.120340e-10,2.369407e-13,6.859448e-08,5.063944e-01,2.009262e-13,1.321206e-09,8.244469e-08,7.139547e-01,1.619787e-13,9.100978e-10,6.711308e-08,5.888076e-01,1.966669e-13,1.475498e-09,-5.384991e-03,-4.850122e-03,6.162466e-04,3.512494e-15,1.276649e+02,1.707785e+09,1.088336e+02,1.596647e+09,1.074249e+02,1.771681e+09
226,monte carlo,2.236885e-11,3.925214e-01,1.071588e-09,1.199943e-09,2.695887e-13,3.569892e-11,2.894603e-01,9.979620e-10,6.424966e-10,3.060276e-13,3.560468e-11,2.038324e-01,6.056485e-10,8.937260e-10,2.344789e-13,2.186209e-11,1.887180e-01,8.633660e-10,5.182941e-10,3.949361e-13,6.709493e-08,5.373093e-01,1.521409e-13,8.266411e-10,8.275890e-08,6.779458e-01,2.098809e-13,1.161819e-09,6.749818e-08,4.898861e-01,1.885727e-13,1.965759e-09,4.864882e-03,5.857330e-03,8.804922e-04,4.417470e-15,1.176892e+02,1.941869e+09,1.150511e+02,1.312085e+09,1.298578e+02,1.566739e+09
227,monte carlo,2.199434e-11,3.917451e-01,1.169740e-09,2.965452e-10,3.508239e-13,3.655052e-11,2.739870e-01,6.160990e-10,3.131526e-10,4.803242e-13,3.530605e-11,2.718286e-01,8.942008e-10,9.043494e-10,2.096177e-13,2.235139e-11,1.849268e-01,1.121300e-09,1.194829e-09,2.415101e-13,6.792945e-08,5.860876e-01,1.823583e-13,7.040966e-10,8.248948e-08,6.828981e-01,2.004632e-13,1.843756e-09,6.672968e-08,5.901626e-01,1.317930e-13,1.341729e-09,-6.901268e-03,-5.083076e-03,-6.896148e-04,1.053421e-15,1.092362e+02,1.878496e+09,1.138449e+02,1.564077e+09,1.065659e+02,1.937578e+09
228,monte carlo,2.232399e-11,1.050978e-01,9.245457e-10,6.620606e-10,4.687611e-13,3.656771e-11,2.019763e-01,1.084533e-09,1.088708e-09,4.525166e-13,3.548084e-11,2.022314e-01,7.100125e-10,5.181191e-10,1.711956e-13,2.162469e-11,2.404847e-01,1.149428e-09,3.519997e-10,2.080696e-13,6.854825e-08,5.546548e-01,1.906567e-13,1.527126e-09,8.138057e-08,6.208910e-01,2.041181e-13,1.914026e-09,6.761860e-08,5.577713e-01,1.701205e-13,1.864339e-09,-1.056953e-03,3.792013e-03,1.271660e-03,3.179557e-15,1.164782e+02,1.539207e+09,1.235311e+02,1.544983e+09,1.142566e+02,1.587408e+09
229,monte carlo,2.199585e-11,3.145900e-01,8.592778e-10,5.020014e-10,4.405948e-13,3.554344e-11,2.393342e-01,9.847236e-10,3.990915e-10,2.194204e-13,3.557867e-11,1.336426e-01,6.960901e-10,5.042946e-10,2.170069e-13,2.201710e-11,2.237287e-01,1.093009e-09,1.240241e-09,4.067728e-13,6.774679e-08,4.974481e-01,1.680438e-13,1.841804e-09,8.042722e-08,6.878546e-01,1.472233e-13,7.070363e-10,6.685522e-08,5.109824e-01,1.645633e-13,1.085019e-09,4.384898e-03,-7.758609e-04,-2.334908e-03,3.277808e-15,1.283548e+02,1.770229e+09,1.101990e+02,1.599965e+09,1.233106e+02,1.655192e+09
230,monte carlo,2.172142e-11,1.195969e-01,1.119886e-09,3.550047e-10,2.508266e-13,3.562620e-11,2.319965e-01,7.516110e-10,1.264138e-09,1.846106e-13,3.573853e-11,2.922524e-01,8.150480e-10,1.268116e-09,3.560692e-13,2.235216e-11,2.157027e-01,1.121650e-09,6.208569e-10,1.686033e-13,6.710128e-08,4.969018e-01,1.433192e-13,1.820471e-09,8.254136e-08,6.084676e-01,2.048246e-13,1.805730e-09,6.695143e-08,5.064090e-01,1.672164e-13,1.308789e-09,-1.253688e-03,-1.760288e-03,-2.322552e-03,3.292244e-15,1.272716e+02,1.882270e+09,1.278513e+02,1.409173e+09,1.246033e+02,1.713776e+09
231,monte carlo,2.157994e-11,3.999134e-01,8.783024e-10,8.443358e-10,4.939743e-13,3.628779e-11,1.889642e-01,7.355253e-10,7.443928e-10,1.956693e-13,3.533816e-11,2.579949e-01,8.296588e-10,9.058006e-10,4.702548e-13,2.207338e-11,2.005730e-01,1.071580e-09,4.507795e-10,5.092585e-13,6.879855e-08,5.190163e-01,1.421091e-13,8.363463e-10,8.151538e-08,6.340765e-01,2.047440e-13,8.734796e-10,6.738845e-08,5.241669e-01,1.785280e-13,1.103110e-09,9.936902e-03,-1.273890e-03,2.482750e-03,1.478392e-15,1.249308e+02,1.805342e+09,1.211627e+02,1.501474e+09,1.211677e+02,1.821962e+09
232,monte carlo,2.241555e-11,2.574222e-01,7.001324e-10,5.902811e-10,3.560465e-13,3.555190e-11,3.845001e-01,7.662483e-10,7.216241e-10,4.685299e-13,3.580506e-11,3.943000e-01,7.911093e-10,5.715264e-10,2.309072e-13,2.189397e-11,1.857484e-01,9.014856e-10,3.978705e-10,1.933985e-13,6.762238e-08,5.848459e-01,2.042381e-13,1.595135e-09,8.157998e-08,6.712651e-01,1.695052e-13,5.715783e-10,6.926342e-08,5.350970e-01,1.757275e-13,7.326670e-10,-7.063625e-03,1.561563e-03,-1.048203e-03,1.040111e-15,1.089733e+02,1.735256e+09,1.145409e+02,1.579660e+09,1.219951e+02,1.789130e+09
233,monte carlo,2.167018e-11,3.403702e-01,8.778485e-10,1.131823e-09,3.823708e-13,3.654907e-11,1.864104e-01,8.455392e-10,6.797774e-10,2.365814e-13,3.580756e-11,1.270110e-01,7.323043e-10,5.067783e-10,2.201891e-13,2.239945e-11,3.894633e-01,9.125031e-10,9.872060e-10,2.545026e-13,6.675388e-08,6.004654e-01,1.486824e-13,1.014063e-09,8.071158e-08,7.304719e-01,2.115131e-13,9.315617e-10,6.725261e-08,5.048114e-01,1.320698e-13,1.197462e-09,-1.599236e-03,-6.824120e-03,1.773287e-03,2.518956e-15,1.047755e+02,1.787540e+09,1.041366e+02,1.416336e+09,1.255599e+02,1.940190e+09
234,monte carlo,2.204522e-11,3.476840e-01,6.366968e-10,3.784651e-10,3.815540e-13,3.604582e-11,1.626409e-01,9.388041e-10,1.282823e-09,3.453559e-13,3.564012e-11,1.398132e-01,1.004453e-09,1.273111e-09,4.514917e-13,2.213846e-11,3.918094e-01,1.184297e-09,6.719094e-10,2.102407e-13,6.876104e-08,5.053031e-01,1.933213e-13,1.325367e-09,8.265549e-08,6.072429e-01,1.634196e-13,1.388205e-09,6.895907e-08,5.062273e-01,1.555315e-13,7.631286e-10,9.382174e-03,8.457487e-03,-1.306149e-03,4.737379e-15,1.282512e+02,1.568148e+09,1.282863e+02,1.482645e+09,1.283858e+02,1.933934e+09
235,monte carlo,2.209094e-11,2.932230e-01,9.256769e-10,5.978922e-10,4.038770e-13,3.664397e-11,1.000536e-01,9.914076e-10,5.294844e-10,1.702273e-13,3.651235e-11,3.960745e-01,9.910456e-10,1.122336e-09,5.235995e-13,2.173140e-11,1.739055e-01,1.159771e-09,1.204928e-09,1.738203e-13,6.908822e-08,5.590992e-01,1.461621e-13,5.142910e-10,8.070988e-08,7.365741e-01,1.794524e-13,6.832750e-10,6.817743e-08,5.632597e-01,1.864215e-13,9.502244e-10,8.481222e-03,2.454166e-03,-2.338652e-03,1.285629e-15,1.164625e+02,1.798408e+09,1.032717e+02,1.482108e+09,1.140783e+02,1.828448e+09
236,monte carlo,2.183943e-11,1.572531e-01,6.407182e-10,2.837899e-10,5.268493e-13,3.559244e-11,2.884738e-01,8.538281e-10,1.023812e-09,2.909114e-13,3.549862e-11,2.106604e-01,1.055518e-09,4.299079e-10,2.817358e-13,2.238947e-11,2.024380e-01,6.959598e-10,5.629047e-10,3.622790e-13,6.782472e-08,6.133859e-01,1.518358e-13,1.665022e-09,8.324936e-08,6.465148e-01,2.432336e-13,1.509160e-09,6.681725e-08,4.861617e-01,2.096585e-13,7.863471e-10,-2.913587e-03,-8.155557e-03,2.113288e-03,2.357986e-15,1.042138e+02,1.689227e+09,1.213594e+02,1.304438e+09,1.295326e+02,1.634510e+09
237,monte carlo,2.217001e-11,1.763540e-01,6.379332e-10,1.177513e-09,2.558724e-13,3.528623e-11,2.979996e-01,9.608775e-10,3.600436e-10,4.405730e-13,3.632975e-11,2.874701e-01,1.137432e-09,7.849349e-10,2.203392e-13,2.236876e-11,2.849634e-01,9.088334e-10,8.895906e-10,3.769371e-13,6.794360e-08,5.242175e-01,1.951867e-13,1.387095e-09,8.087965e-08,6.632062e-01,1.917412e-13,1.113805e-09,6.920738e-08,5.040566e-01,1.559998e-13,1.450274e-09,7.976822e-03,2.512205e-03,-1.368043e-03,8.696738e-16,1.221541e+02,1.791637e+09,1.149375e+02,1.593485e+09,1.294030e+02,1.703057e+09
238,monte carlo,2.210925e-11,1.388255e-01,1.042658e-09,1.248324e-09,2.731608e-13,3.548624e-11,3.409114e-01,8.615206e-10,1.290244e-09,2.863538e-13,3.602377e-11,2.626649e-01,7.898923e-10,1.155742e-09,3.328855e-13,2.214269e-11,1.970215e-01,7.464634e-10,4.658656e-10,4.565521e-13,6.833926e-08,5.757640e-01,1.933387e-13,5.447704e-10,8.166798e-08,7.238433e-01,1.487014e-13,6.454248e-10,6.682893e-08,5.904995e-01,2.222198e-13,1.761559e-09,1.811062e-03,4.866291e-03,1.203845e-03,1.998714e-15,1.118657e+02,1.712394e+09,1.063355e+02,1.656960e+09,1.066636e+02,1.572316e+09
239,monte carlo,2.225308e-11,2.254566e-01,9.551493e-10,5.655808e-10,4.054709e-13,3.554450e-11,2.321944e-01,8.694201e-10,1.063510e-09,5.231157e-13,3.592096e-11,2.436768e-01,9.501393e-10,9.708276e-10,2.544810e-13,2.214222e-11,2.911213e-01,1.086737e-09,1.144881e-09,3.811301e-13,6.888043e-08,6.280084e-01,1.701210e-13,1.523809e-09,8.305172e-08,6.039773e-01,1.465367e-13,1.926481e-09,6.904692e-08,6.204999e-01,1.411056e-13,8.383782e-10,-5.494056e-03,-8.584073e-03,-1.645803e-03,2.154707e-15,1.033717e+02,1.906228e+09,1.295982e+02,1.646195e+09,1.048754e+02,1.873896e+09
240,monte carlo,2.243262e-11,3.847814e-01,9.718688e-10,4.702530e-10,2.129768e-13,3.670702e-11,2.447209e-01,1.084342e-09,9.587268e-10,2.752137e-13,3.535703e-11,2.911079e-01,9.824732e-10,1.139396e-09,3.575675e-13,2.236129e-11,3.091293e-01,9.973127e-10,7.217159e-10,5.039951e-13,6.736831e-08,6.209871e-01,1.345152e-13,1.779098e-09,8.304810e-08,7.425093e-01,2.377165e-13,1.075024e-09,6.695771e-08,5.711205e-01,1.971537e-13,1.786138e-09,-8.420864e-03,-8.129022e-03,-7.387211e-05,8.385723e-16,1.022455e+02,1.905733e+09,1.054142e+02,1.354614e+09,1.104954e+02,1.725751e+09
241,monte carlo,2.214637e-11,1.176640e-01,1.142166e-09,5.616748e-10,3.016382e-13,3.565076e-11,1.320992e-01,7.674575e-10,8.616458e-10,3.020361e-13,3.609436e-11,2.397681e-01,1.096076e-09,3.746637e-10,3.128163e-13,2.214212e-11,2.786365e-01,8.147949e-10,1.206486e-09,2.208991e-13,6.808718e-08,5.103019e-01,2.237489e-13,6.184727e-10,8.301634e-08,6.962006e-01,1.460255e-13,5.417805e-10,6.893276e-08,5.542802e-01,2.093488e-13,1.007863e-09,-5.730873e-04,-3.905038e-03,-2.757797e-03,2.370617e-15,1.257504e+02,1.542756e+09,1.123829e+02,1.623364e+09,1.172107e+02,1.514787e+09
242,monte carlo,2.223746e-11,3.742927e-01,7.644546e-10,3.623603e-10,2.588140e-13,3.583530e-11,1.369443e-01,6.989752e-10,1.186327e-09,5.237515e-13,3.612764e-11,3.412348e-01,6.768247e-10,2.733329e-10,2.256332e-13,2.225340e-11,1.030716e-01,6.611933e-10,1.148374e-09,2.874433e-13,6.809045e-08,5.087837e-01,1.839942e-13,1.699477e-09,8.281421e-08,6.069626e-01,1.746007e-13,1.525299e-09,6.834165e-08,5.856425e-01,1.753661e-13,7.944025e-10,-2.130775e-04,1.812757e-03,1.570623e-03,4.973320e-15,1.261317e+02,1.529688e+09,1.285920e+02,1.416147e+09,1.099826e+02,1.620775e+09
243,monte carlo,2.233653e-11,2.793920e-01,1.105067e-09,1.143324e-09,2.723168e-13,3.622007e-11,3.039559e-01,7.206106e-10,6.130175e-10,4.731781e-13,3.566083e-11,2.030674e-01,1.142569e-09,9.613976e-10,3.881848e-13,2.224879e-11,3.041200e-01,7.963699e-10,4.890446e-10,1.817417e-13,6.881811e-08,6.275099e-01,1.609552e-13,1.542994e-09,8.204690e-08,6.031931e-01,2.303677e-13,1.468133e-09,6.925665e-08,5.751974e-01,1.293256e-13,1.068890e-09,-8.339052e-03,9.922225e-03,-2.175467e-03,4.220310e-15,1.033602e+02,1.721569e+09,1.281967e+02,1.417704e+09,1.134791e+02,1.838653e+09
244,monte carlo,2.186819e-11,2.229860e-01,1.077207e-09,9.830214e-10,5.185378e-13,3.562799e-11,1.733449e-01,8.299835e-10,4.141778e-10,3.624886e-13,3.556577e-11,3.091376e-01,9.090973e-10,7.750706e-10,2.125259e-13,2.226083e-11,1.789311e-01,8.682806e-10,7.969320e-10,4.892706e-13,6.895857e-08,5.735121e-01,1.735703e-13,7.638100e-10,8.040556e-08,5.854722e-01,1.870186e-13,5.559286e-10,6.719113e-08,5.907991e-01,1.759208e-13,1.599374e-09,-9.296361e-03,-7.585298e-03,2.346778e-03,6.955142e-16,1.133227e+02,1.870948e+09,1.294348e+02,1.383044e+09,1.071873e+02,1.841882e+09
245,monte carlo,2.235634e-11,1.192658e-01,1.035004e-09,1.072156e-09,3.220641e-13,3.620112e-11,3.878425e-01,1.069637e-09,3.180802e-10,4.638979e-13,3.583643e-11,3.624366e-01,1.133924e-09,1.249922e-09,2.077416e-13,2.167793e-11,3.738521e-01,1.141650e-09,3.838278e-10,4.797155e-13,6.778505e-08,6.287052e-01,1.276800e-13,5.268994e-10,8.303315e-08,7.207946e-01,1.723946e-13,9.575412e-10,6.728738e-08,6.062655e-01,1.439308e-13,1.032581e-09,7.813614e-03,-2.862104e-03,-1.635562e-03,8.343119e-16,1.016150e+02,1.884223e+09,1.085703e+02,1.503006e+09,1.046025e+02,1.874304e+09
246,monte carlo,2.219729e-11,3.379359e-01,9.639202e-10,1.016669e-09,3.649250e-13,3.594872e-11,3.176327e-01,7.373406e-10,1.005962e-09,1.917928e-13,3.603285e-11,1.439470e-01,1.026406e-09,3.498881e-10,2.512768e-13,2.189742e-11,1.229850e-01,8.379146e-10,5.194342e-10,1.801109e-13,6.853864e-08,5.261648e-01,1.692856e-13,7.270824e-10,8.111218e-08,6.125537e-01,2.090284e-13,9.511736e-10,6.793363e-08,5.440571e-01,1.792882e-13,1.231731e-09,4.342760e-03,-3.172208e-03,-1.585255e-03,1.249696e-15,1.227679e+02,1.803255e+09,1.247995e+02,1.547916e+09,1.176824e+02,1.812546e+09
247,monte carlo,2.218005e-11,2.948969e-01,1.177606e-09,7.335005e-10,2.113629e-13,3.600108e-11,2.113525e-01,1.161699e-09,9.659865e-10,3.187652e-13,3.668840e-11,3.402120e-01,6.585321e-10,5.212462e-10,3.673166e-13,2.160184e-11,2.456318e-01,7.592232e-10,7.500450e-10,4.104802e-13,6.826716e-08,6.251891e-01,2.089478e-13,1.807867e-09,8.199153e-08,6.277419e-01,1.827594e-13,8.122326e-10,6.677801e-08,4.846371e-01,1.845052e-13,9.389399e-10,8.513235e-03,-4.637443e-03,2.123564e-03,9.879449e-16,1.029133e+02,1.510390e+09,1.231003e+02,1.521253e+09,1.298638e+02,1.881675e+09
248,monte carlo,2.185467e-11,2.202863e-01,8.611245e-10,1.036774e-09,3.656057e-13,3.565754e-11,3.383161e-01,1.051787e-09,5.139407e-10,3.317031e-13,3.662642e-11,1.602623e-01,1.137748e-09,3.009412e-10,2.926052e-13,2.216366e-11,2.798522e-01,6.971656e-10,3.417852e-10,3.997013e-13,6.672172e-08,5.936484e-01,1.865850e-13,1.847765e-09,8.328306e-08,7.526485e-01,2.156466e-13,1.270545e-09,6.806659e-08,6.163764e-01,1.654572e-13,1.410218e-09,8.403400e-03,7.447482e-03,-9.271355e-05,4.650774e-15,1.059276e+02,1.671084e+09,1.042883e+02,1.319558e+09,1.040780e+02,1.817149e+09
249,monte carlo,2.213351e-11,3.059592e-01,7.494791e-10,4.165237e-10,4.869387e-13,3.610281e-11,2.573383e-01,6.267843e-10,1.214372e-09,1.950666e-13,3.608683e-11,2.364180e-01,7.958439e-10,5.672676e-10,2.272031e-13,2.164287e-11,2.984958e-01,6.790047e-10,4.533177e-10,2.127449e-13,6.683826e-08,5.017082e-01,1.755531e-13,9.083935e-10,8.139964e-08,7.517392e-01,2.066339e-13,1.250977e-09,6.740908e-08,5.919793e-01,1.858630e-13,1.554770e-09,-2.439118e-04,7.211384e-03,-2.197520e-03,1.814073e-15,1.255582e+02,1.906706e+09,1.020532e+02,1.530413e+09,1.073206e+02,1.883033e+09
250,monte carlo,2.174201e-11,2.233857e-01,8.167638e-10,1.001743e-09,4.374133e-13,3.555852e-11,3.495648e-01,6.971408e-10,1.150346e-09,2.217546e-13,3.537851e-11,2.947109e-01,6.181846e-10,4.746743e-10,4.012365e-13,2.237636e-11,3.037212e-01,6.234161e-10,1.187445e-09,3.960569e-13,6.763883e-08,5.675451e-01,1.644403e-13,1.251695e-09,8.116949e-08,6.319657e-01,1.859709e-13,1.725909e-09,6.884845e-08,6.119922e-01,1.974176e-13,9.409324e-10,4.908362e-03,4.830785e-03,2.382754e-03,2.401814e-15,1.123225e+02,1.713343e+09,1.210516e+02,1.423413e+09,1.060277e+02,1.529467e+09
251,monte carlo,2.231504e-11,2.975919e-01,7.606533e-10,9.332421e-10,5.084233e-13,3.650779e-11,2.092140e-01,8.276125e-10,3.141788e-10,2.908994e-13,3.610838e-11,1.491499e-01,1.039272e-09,7.474778e-10,3.105456e-13,2.162580e-11,1.773374e-01,9.952928e-10,3.215077e-10,3.881587e-13,6.676895e-08,5.157626e-01,1.428821e-13,5.866525e-10,8.262939e-08,6.869272e-01,1.791721e-13,9.395411e-10,6.665142e-08,5.120918e-01,1.327673e-13,1.376910e-09,-9.225720e-04,6.003239e-03,8.017425e-04,4.080637e-15,1.220101e+02,1.916564e+09,1.133692e+02,1.474178e+09,1.226684e+02,1.836767e+09
252,monte carlo,2.165937e-11,3.510162e-01,8.758403e-10,1.039807e-09,4.283424e-13,3.611893e-11,3.576555e-01,6.866028e-10,1.008690e-09,4.578974e-13,3.667205e-11,2.028880e-01,8.201049e-10,6.186780e-10,4.745708e-13,2.207874e-11,2.555997e-01,1.090719e-09,8.105084e-10,3.655600e-13,6.779308e-08,6.262424e-01,1.831511e-13,1.376069e-09,8.296525e-08,6.444608e-01,1.555365e-13,1.800776e-09,6.934124e-08,5.956892e-01,1.567009e-13,1.641571e-09,1.622995e-03,-1.005051e-03,1.752128e-03,2.116051e-15,1.020267e+02,1.861282e+09,1.213307e+02,1.529463e+09,1.097092e+02,1.937079e+09
253,worst case il,2.244000e-11,4.000000e-01,1.200000e-09,1.299287e-09,5.296728e-13,3.528000e-11,4.000000e-01,6.000000e-10,2.693699e-10,1.682769e-13,3.672000e-11,4.000000e-01,1.200000e-09,1.299287e-09,5.296728e-13,2.244000e-11,4.000000e-01,1.200000e-09,1.299287e-09,5.296728e-13,6.936000e-08,6.537026e-01,2.423113e-13,2.000000e-09,8.036000e-08,7.573752e-01,1.303639e-13,5.000000e-10,6.936000e-08,6.537026e-01,2.423113e-13,2.000000e-09,1.000000e-02,-1.000000e-02,-3.000000e-03,5.000000e-16,1.000000e+02,1.500000e+09,1.000000e+02,1.690000e+09,1.000000e+02,1.500000e+09
254,worst case att2,2.156000e-11,1.000000e-01,6.000000e-10,2.693699e-10,1.682769e-13,3.528000e-11,1.000000e-01,6.000000e-10,2.693699e-10,1.682769e-13,3.528000e-11,1.000000e-01,6.000000e-10,2.693699e-10,1.682769e-13,2.156000e-11,1.000000e-01,6.000000e-10,2.693699e-10,1.682769e-13,6.664000e-08,4.831286e-01,1.199623e-13,5.000000e-10,8.036000e-08,5.825963e-01,1.303639e-13,5.000000e-10,6.664000e-08,4.831286e-01,1.199623e-13,5.000000e-10,1.000000e-02,1.000000e-02,-3.000000e-03,5.000000e-16,1.300000e+02,1.950000e+09,1.300000e+02,1.690000e+09,1.300000e+02,1.950000e+09
255,worst case att3,2.156000e-11,1.000000e-01,6.000000e-10,2.693699e-10,1.682769e-13,3.672000e-11,4.000000e-01,1.200000e-09,1.299287e-09,5.296728e-13,3.528000e-11,4.000000e-01,6.000000e-10,2.693699e-10,1.682769e-13,2.156000e-11,1.000000e-01,6.000000e-10,2.693699e-10,1.682769e-13,6.664000e-08,4.831286e-01,1.199623e-13,5.000000e-10,8.364000e-08,7.882884e-01,2.592006e-13,2.000000e-09,6.664000e-08,4.831286e-01,1.199623e-13,5.000000e-10,-1.000000e-02,-1.000000e-02,3.000000e-03,5.000000e-15,1.300000e+02,1.950000e+09,1.000000e+02,1.300000e+09,1.300000e+02,1.950000e+09
256,worst case atthi,2.244000e-11,1.000000e-01,1.200000e-09,1.299287e-09,5.296728e-13,3.672000e-11,1.000000e-01,1.200000e-09,1.299287e-09,5.296728e-13,3.672000e-11,1.000000e-01,1.200000e-09,1.299287e-09,5.296728e-13,2.244000e-11,1.000000e-01,1.200000e-09,1.299287e-09,5.296728e-13,6.664000e-08,4.831286e-01,2.489362e-13,2.000000e-09,8.036000e-08,5.825963e-01,2.665149e-13,2.000000e-09,6.664000e-08,4.831286e-01,2.489362e-13,2.000000e-09,-1.000000e-02,-1.000000e-02,3.000000e-03,5.000000e-15,1.300000e+02,1.500000e+09,1.300000e+02,1.300000e+09,1.300000e+02,1.500000e+09
257,worst case eff2,2.156000e-11,1.000000e-01,6.000000e-10,2.693699e-10,1.682769e-13,3.528000e-11,4.000000e-01,6.000000e-10,2.693699e-10,1.682769e-13,3.528000e-11,4.000000e-01,6.000000e-10,2.693699e-10,1.682769e-13,2.156000e-11,1.000000e-01,6.000000e-10,2.693699e-10,1.682769e-13,6.664000e-08,6.280672e-01,1.199623e-13,5.000000e-10,8.036000e-08,7.573752e-01,1.303639e-13,5.000000e-10,6.664000e-08,6.280672e-01,1.199623e-13,5.000000e-10,1.000000e-02,1.000000e-02,-3.000000e-03,5.000000e-16,1.000000e+02,1.950000e+09,1.000000e+02,1.690000e+09,1.000000e+02,1.950000e+09
258,worst case eff3,2.156000e-11,1.000000e-01,6.000000e-10,2.693699e-10,1.682769e-13,3.672000e-11,4.000000e-01,1.200000e-09,1.299287e-09,5.296728e-13,3.528000e-11,4.000000e-01,6.000000e-10,2.693699e-10,1.682769e-13,2.156000e-11,1.000000e-01,6.000000e-10,2.693699e-10,1.682769e-13,6.664000e-08,6.280672e-01,1.199623e-13,5.000000e-10,8.364000e-08,7.882884e-01,2.592006e-13,2.000000e-09,6.664000e-08,6.280672e-01,1.199623e-13,5.000000e-10,-1.000000e-02,-1.000000e-02,3.000000e-03,5.000000e-15,1.000000e+02,1.950000e+09,1.000000e+02,1.300000e+09,1.000000e+02,1.950000e+09
259,worst case effhi,2.244000e-11,1.000000e-01,1.200000e-09,1.299287e-09,5.296728e-13,3.528000e-11,4.000000e-01,6.000000e-10,2.693699e-10,1.682769e-13,3.672000e-11,4.000000e-01,1.200000e-09,1.299287e-09,5.296728e-13,2.244000e-11,1.000000e-01,1.200000e-09,1.299287e-09,5.296728e-13,6.664000e-08,6.280672e-01,2.489362e-13,2.000000e-09,8.036000e-08,7.573752e-01,2.665149e-13,5.000000e-10,6.936000e-08,6.537026e-01,2.423113e-13,2.000000e-09,1.000000e-02,-1.000000e-02,3.000000e-03,5.000000e-15,1.000000e+02,1.500000e+09,1.000000e+02,1.300000e+09,1.000000e+02,1.500000e+09
