run,C1C,C1ESR,C1ESL,C1Lvia,C1Cpad,C3C,C3ESR,C3ESL,C3Lvia,C3Cpad,C5C,C5ESR,C5ESL,C5Lvia,C5Cpad,C7C,C7ESR,C7ESL,C7Lvia,C7Cpad,L2L,L2R,L2C,L2Ltr,L2Q,L2SRF,L4L,L4R,L4C,L4Ltr,L4Q,L4SRF,L6L,L6R,L6C,L6Ltr,L6Q,L6SRF,K24,K46,K26,Cio
1,2.090000e-11,2.000000e-01,1.000000e-09,8.496433e-10,3.489749e-13,3.705000e-11,2.000000e-01,1.000000e-09,8.496433e-10,3.489749e-13,3.705000e-11,2.000000e-01,1.000000e-09,8.496433e-10,3.489749e-13,2.090000e-11,2.000000e-01,1.000000e-09,8.496433e-10,3.489749e-13,6.120000e-08,3.236624e-01,2.436556e-13,1.000000e-09,1.734570e+02,1.461939e+09,7.380000e-08,3.791869e-01,2.529778e-13,1.000000e-09,1.785401e+02,1.300372e+09,6.120000e-08,3.236624e-01,2.436556e-13,1.000000e-09,1.734570e+02,1.461939e+09,1.500000e-02,1.500000e-02,2.000000e-03,2.000000e-15
2,2.310000e-11,2.000000e-01,1.000000e-09,8.496433e-10,3.489749e-13,4.095000e-11,2.000000e-01,1.000000e-09,8.496433e-10,3.489749e-13,4.095000e-11,2.000000e-01,1.000000e-09,8.496433e-10,3.489749e-13,2.310000e-11,2.000000e-01,1.000000e-09,8.496433e-10,3.489749e-13,7.480000e-08,3.955874e-01,2.084455e-13,1.000000e-09,1.734570e+02,1.461939e+09,9.020000e-08,4.634507e-01,2.160728e-13,1.000000e-09,1.785401e+02,1.300372e+09,7.480000e-08,3.955874e-01,2.084455e-13,1.000000e-09,1.734570e+02,1.461939e+09,1.500000e-02,1.500000e-02,2.000000e-03,2.000000e-15
3,2.132698e-11,2.158398e-01,9.442360e-10,3.916490e-10,1.730618e-13,3.831125e-11,1.367214e-01,9.263501e-10,1.272696e-09,5.062616e-13,3.917471e-11,3.959221e-01,1.033208e-09,1.265393e-09,2.988703e-13,2.123066e-11,3.375807e-01,8.145570e-10,8.812327e-10,2.447592e-13,7.126133e-08,4.426257e-01,1.288284e-13,8.846008e-10,1.476896e+02,1.945275e+09,8.470809e-08,3.803903e-01,1.950311e-13,1.469817e-09,2.042811e+02,1.569911e+09,7.000285e-08,3.607176e-01,2.805089e-13,1.728042e-09,1.780250e+02,1.200690e+09,2.339499e-02,2.947678e-02,5.037116e-03,1.443109e-15
4,2.134311e-11,1.122795e-01,8.401116e-10,4.374038e-10,2.408134e-13,4.069850e-11,1.924965e-01,8.547197e-10,1.102576e-09,1.708627e-13,3.876491e-11,3.398764e-01,8.126169e-10,7.223879e-10,4.692020e-13,2.277081e-11,2.085219e-01,7.522027e-10,7.663076e-10,2.274058e-13,6.676941e-08,2.899442e-01,2.316588e-13,1.857368e-09,2.112496e+02,1.381529e+09,8.647179e-08,5.173047e-01,1.418067e-13,1.393956e-09,1.533419e+02,1.626850e+09,6.783498e-08,3.697355e-01,2.118754e-13,1.505194e-09,1.683043e+02,1.595667e+09,8.956337e-03,2.991395e-02,5.531896e-03,7.892106e-16
5,2.246024e-11,3.120557e-01,1.086409e-09,9.610171e-10,1.733334e-13,3.951583e-11,2.355256e-01,1.126138e-09,9.557941e-10,1.780887e-13,3.930945e-11,2.500222e-01,8.887519e-10,4.134193e-10,1.959174e-13,2.114242e-11,2.021497e-01,8.517841e-10,1.063184e-09,5.032457e-13,7.105820e-08,3.903206e-01,1.902906e-13,1.634287e-09,1.670035e+02,1.724435e+09,8.777202e-08,4.323178e-01,1.433652e-13,7.523959e-10,1.862454e+02,1.643799e+09,6.669063e-08,3.692763e-01,2.079398e-13,7.994403e-10,1.656709e+02,1.613203e+09,4.233879e-03,2.221512e-02,5.291381e-04,2.033165e-15
6,2.276835e-11,1.226882e-01,6.095277e-10,8.139839e-10,3.602510e-13,3.934444e-11,3.757706e-01,9.329818e-10,5.709164e-10,4.845087e-13,4.041630e-11,1.785247e-01,1.181262e-09,5.618227e-10,2.349997e-13,2.135449e-11,3.785707e-01,7.535359e-10,2.926556e-10,3.164607e-13,7.159912e-08,3.243468e-01,2.634902e-13,1.834925e-09,2.025026e+02,1.213136e+09,8.890241e-08,6.056161e-01,1.395974e-13,1.423436e-09,1.346632e+02,1.687864e+09,6.292830e-08,3.155482e-01,2.091708e-13,1.675792e-09,1.829418e+02,1.644314e+09,5.846366e-03,4.940836e-03,2.308093e-03,5.402657e-16
7,2.233188e-11,2.976390e-01,8.614648e-10,4.851483e-10,2.567009e-13,3.787648e-11,1.291452e-01,9.082298e-10,7.759705e-10,3.535458e-13,3.743406e-11,2.750238e-01,6.975239e-10,7.717134e-10,4.362876e-13,2.097435e-11,3.244127e-01,1.174842e-09,5.801313e-10,3.238734e-13,6.481081e-08,2.887172e-01,2.533846e-13,1.560433e-09,2.059243e+02,1.465584e+09,8.128851e-08,4.633789e-01,1.479618e-13,6.056863e-10,1.609258e+02,1.673378e+09,7.031600e-08,3.605697e-01,1.257619e-13,1.933455e-09,1.788948e+02,1.937724e+09,9.482277e-03,2.583936e-02,4.151963e-03,4.497445e-15
8,2.276812e-11,1.445819e-01,9.272822e-10,9.532755e-10,2.094297e-13,3.912029e-11,3.132227e-01,8.591831e-10,9.199043e-10,3.077616e-13,3.720953e-11,3.085544e-01,8.105202e-10,1.246494e-09,5.056486e-13,2.112100e-11,2.801670e-01,7.911446e-10,9.513005e-10,4.218462e-13,6.224226e-08,3.288789e-01,1.563993e-13,1.250608e-09,1.736129e+02,1.877357e+09,8.274016e-08,3.752540e-01,2.293907e-13,6.927891e-10,2.022664e+02,1.271742e+09,7.476572e-08,4.861395e-01,1.392515e-13,1.654778e-09,1.410829e+02,2.028933e+09,1.530594e-02,2.784515e-02,3.420187e-03,3.428147e-15
9,2.118937e-11,2.939250e-01,8.488441e-10,4.519762e-10,2.874962e-13,3.909601e-11,2.612417e-01,9.714001e-10,3.209225e-10,2.322923e-13,4.043682e-11,1.618903e-01,6.697324e-10,9.186102e-10,1.795690e-13,2.295321e-11,1.645095e-01,9.035636e-10,8.342500e-10,3.741171e-13,6.751816e-08,3.370408e-01,1.789116e-13,9.683595e-10,1.837684e+02,1.923074e+09,7.766214e-08,3.500223e-01,2.054061e-13,1.151368e-09,2.035384e+02,1.389474e+09,7.336274e-08,4.624467e-01,1.648578e-13,1.909843e-09,1.455280e+02,2.013820e+09,8.948861e-03,2.309666e-02,1.480781e-03,2.070379e-15
10,2.235445e-11,3.872994e-01,7.706114e-10,3.989767e-10,3.978825e-13,3.956037e-11,2.339342e-01,1.076782e-09,9.520600e-10,4.186420e-13,3.776969e-11,3.634944e-01,1.181353e-09,6.114774e-10,4.769081e-13,2.295454e-11,1.146641e-01,1.116272e-09,3.825426e-10,5.136431e-13,6.325843e-08,2.901837e-01,1.572308e-13,1.161102e-09,1.999761e+02,1.941508e+09,7.442202e-08,3.510314e-01,1.941004e-13,1.356537e-09,1.944860e+02,1.487394e+09,6.573977e-08,3.766954e-01,1.232748e-13,1.889742e-09,1.600923e+02,1.970847e+09,1.113744e-02,2.426711e-02,3.273477e-03,1.371578e-15
11,2.259881e-11,2.621998e-01,9.309901e-10,1.037823e-09,3.259734e-13,3.899734e-11,3.200810e-01,8.456673e-10,1.080532e-09,2.798756e-13,3.832757e-11,1.726255e-01,9.969498e-10,8.796393e-10,2.241881e-13,2.192530e-11,1.103294e-01,1.088019e-09,8.692690e-10,2.121987e-13,7.371951e-08,3.665542e-01,1.454892e-13,7.579882e-10,1.844918e+02,1.980453e+09,7.583862e-08,3.620856e-01,1.802089e-13,5.165791e-10,1.921374e+02,1.669841e+09,6.994330e-08,4.555222e-01,2.701965e-13,1.777967e-09,1.408540e+02,1.305781e+09,8.569049e-03,2.160578e-02,3.035895e-03,3.345568e-15
12,2.232655e-11,3.731240e-01,8.026827e-10,8.051493e-10,3.850084e-13,3.788196e-11,1.315468e-01,1.159268e-09,1.133891e-09,1.693383e-13,4.034541e-11,1.821442e-01,6.016152e-10,3.414723e-10,3.282033e-13,2.271253e-11,2.368810e-01,1.092876e-09,1.155510e-09,2.540275e-13,7.386707e-08,3.172550e-01,2.494213e-13,1.275431e-09,2.135872e+02,1.412736e+09,8.499655e-08,4.619704e-01,2.668947e-13,1.915690e-09,1.687796e+02,1.122664e+09,6.161814e-08,3.051758e-01,2.278410e-13,1.947414e-09,1.852214e+02,1.579877e+09,2.112111e-02,9.046024e-03,3.701849e-03,3.215797e-15
13,2.261819e-11,2.928558e-01,7.113279e-10,8.197607e-10,3.129218e-13,3.826205e-11,1.057144e-01,6.271145e-10,3.577066e-10,3.313922e-13,3.719973e-11,2.095020e-01,9.518784e-10,2.824899e-10,2.726741e-13,2.307143e-11,3.731804e-01,6.278559e-10,8.382868e-10,4.442931e-13,6.446100e-08,3.275694e-01,1.838257e-13,1.966793e-09,1.805205e+02,1.926744e+09,7.679134e-08,3.801327e-01,3.460802e-13,6.483044e-10,1.853146e+02,1.062817e+09,6.629170e-08,2.938027e-01,1.855138e-13,7.990478e-10,2.069837e+02,1.752688e+09,1.882345e-02,5.075667e-03,4.745443e-03,3.973628e-15
14,2.270526e-11,3.669182e-01,8.930135e-10,8.679639e-10,4.770587e-13,3.733510e-11,2.406367e-01,9.011742e-10,5.527814e-10,5.099192e-13,3.859054e-11,3.445542e-01,1.052358e-09,7.986103e-10,4.460571e-13,2.095418e-11,1.233653e-01,1.050684e-09,1.122063e-09,2.364669e-13,6.772828e-08,3.345449e-01,1.802634e-13,1.135697e-09,1.857156e+02,1.720255e+09,7.402113e-08,3.535208e-01,1.687382e-13,1.085450e-09,1.920761e+02,1.758804e+09,6.266907e-08,3.479080e-01,3.031048e-13,1.067346e-09,1.652424e+02,1.249187e+09,2.449324e-02,2.540840e-02,2.212554e-03,1.848127e-15
15,2.233658e-11,1.483530e-01,1.144825e-09,3.592735e-10,3.866021e-13,3.710470e-11,2.535310e-01,9.637367e-10,8.031267e-10,5.285173e-13,3.849613e-11,3.653150e-01,9.392426e-10,3.618875e-10,5.104761e-13,2.107533e-11,3.981513e-01,7.191686e-10,1.086685e-09,2.400502e-13,7.141487e-08,5.009164e-01,1.933580e-13,1.229646e-09,1.307844e+02,1.492974e+09,8.715696e-08,3.924727e-01,1.941608e-13,8.968753e-10,2.037161e+02,1.355237e+09,6.218135e-08,2.714810e-01,2.862214e-13,1.865395e-09,2.101132e+02,1.288105e+09,6.556139e-03,1.590947e-02,5.550353e-03,5.795742e-16
16,2.227288e-11,3.032385e-01,8.439506e-10,1.071621e-09,2.015605e-13,3.904732e-11,1.099739e-01,1.154558e-09,8.719952e-10,5.084671e-13,3.875655e-11,2.071577e-01,8.450946e-10,8.994965e-10,4.437025e-13,2.133516e-11,2.017576e-01,8.359154e-10,3.430900e-10,4.795724e-13,6.627691e-08,3.449799e-01,2.447446e-13,1.149678e-09,1.762386e+02,1.332847e+09,8.535175e-08,4.050194e-01,1.578581e-13,1.503344e-09,1.933167e+02,1.609087e+09,6.594511e-08,3.413030e-01,2.899047e-13,1.833968e-09,1.772455e+02,1.215436e+09,1.527268e-02,1.628746e-02,5.476078e-03,2.581102e-15
17,2.106324e-11,3.153018e-01,1.018382e-09,3.869084e-10,3.442466e-13,3.805331e-11,1.549156e-01,6.189080e-10,9.443236e-10,4.547706e-13,4.017364e-11,1.723042e-01,8.410638e-10,4.318508e-10,4.336493e-13,2.208371e-11,1.156036e-01,7.320625e-10,4.708983e-10,3.956023e-13,6.712465e-08,3.140176e-01,1.607894e-13,1.344009e-09,1.960924e+02,1.970867e+09,7.380584e-08,3.052251e-01,2.280309e-13,1.032962e-09,2.218213e+02,1.396656e+09,7.307678e-08,3.444299e-01,1.616583e-13,1.295363e-09,1.946307e+02,1.718355e+09,1.152407e-03,6.439660e-03,3.039234e-03,3.245359e-15
18,2.119815e-11,3.747069e-01,9.890957e-10,1.295633e-09,4.717282e-13,3.733401e-11,1.671652e-01,1.019516e-09,3.808933e-10,3.069543e-13,3.990772e-11,1.665172e-01,8.692703e-10,4.580727e-10,2.398280e-13,2.183643e-11,3.150383e-01,6.410120e-10,8.335324e-10,3.032143e-13,6.189081e-08,3.978460e-01,1.342012e-13,5.000437e-10,1.427065e+02,1.985428e+09,8.493329e-08,5.145386e-01,1.470908e-13,1.378812e-09,1.514233e+02,1.536310e+09,7.362707e-08,4.349739e-01,1.397999e-13,9.033893e-10,1.552770e+02,1.749835e+09,1.212937e-02,3.213686e-03,2.862583e-03,3.195957e-15
19,2.104951e-11,3.164976e-01,7.945772e-10,9.956267e-10,3.766608e-13,3.767068e-11,3.041336e-01,7.432935e-10,8.226884e-10,2.960161e-13,3.827828e-11,3.370223e-01,1.011828e-09,8.498465e-10,2.588964e-13,2.131854e-11,3.623972e-01,6.163014e-10,1.256934e-09,2.682221e-13,6.191473e-08,3.151147e-01,1.991104e-13,1.391974e-09,1.802428e+02,1.726495e+09,8.964775e-08,4.291456e-01,2.636250e-13,1.993371e-09,1.916317e+02,1.183623e+09,6.281718e-08,4.037092e-01,1.843130e-13,6.714521e-10,1.427390e+02,1.789260e+09,2.525442e-02,2.961625e-02,2.599642e-03,4.892966e-15
20,2.162938e-11,3.099957e-01,1.135282e-09,6.200312e-10,5.250916e-13,3.786079e-11,2.486731e-01,8.652166e-10,9.851282e-10,3.351270e-13,3.997212e-11,3.852175e-01,1.143824e-09,7.853417e-10,3.199101e-13,2.211556e-11,1.647550e-01,9.640654e-10,2.944940e-10,3.656187e-13,7.014576e-08,3.852923e-01,1.974439e-13,1.827350e-09,1.670105e+02,1.703374e+09,8.237181e-08,5.006608e-01,1.913525e-13,8.084076e-10,1.509273e+02,1.419690e+09,6.125530e-08,2.611704e-01,1.660922e-13,6.148866e-10,2.151555e+02,1.832285e+09,1.775218e-03,2.725254e-02,7.547477e-04,1.173771e-15
21,2.250057e-11,2.565806e-01,9.459805e-10,7.590621e-10,3.000009e-13,3.977931e-11,3.726149e-01,1.125389e-09,9.070226e-10,4.675820e-13,4.081893e-11,2.325793e-01,1.070714e-09,1.197137e-09,3.652165e-13,2.123096e-11,3.419696e-01,1.052559e-09,1.169499e-09,2.812665e-13,7.016098e-08,3.140492e-01,1.942325e-13,1.004248e-09,2.049419e+02,1.554429e+09,7.888058e-08,4.213071e-01,2.881105e-13,1.651289e-09,1.717529e+02,1.176672e+09,6.352128e-08,3.219423e-01,1.798989e-13,5.029651e-10,1.809981e+02,1.664855e+09,1.232839e-02,8.945811e-03,1.519457e-03,4.178078e-15
22,2.153402e-11,3.736812e-01,6.852865e-10,1.264632e-09,4.443214e-13,3.972207e-11,3.270246e-01,7.594161e-10,9.906512e-10,4.690202e-13,3.731061e-11,2.486107e-01,6.678490e-10,1.178951e-09,2.607176e-13,2.138577e-11,3.511039e-01,1.026430e-09,9.668862e-10,2.600336e-13,6.774705e-08,3.664399e-01,1.663921e-13,7.794938e-10,1.695979e+02,1.841473e+09,8.610002e-08,4.634654e-01,2.567100e-13,7.524433e-10,1.704192e+02,1.231863e+09,6.478821e-08,4.082315e-01,2.361326e-13,1.234006e-09,1.455869e+02,1.510241e+09,2.357284e-02,1.705449e-02,2.560716e-03,2.468327e-15
23,2.265717e-11,1.320969e-01,1.037907e-09,5.036450e-10,2.917556e-13,3.861055e-11,2.886024e-01,8.719365e-10,9.681884e-10,3.999523e-13,4.092669e-11,3.084367e-01,6.512190e-10,4.986484e-10,3.452910e-13,2.160157e-11,2.154740e-01,6.598961e-10,3.270316e-10,4.639725e-13,6.303086e-08,3.330641e-01,1.831476e-13,7.722879e-10,1.736034e+02,1.793780e+09,7.766290e-08,3.535260e-01,1.476830e-13,1.462660e-09,2.015232e+02,1.763992e+09,6.253794e-08,3.121620e-01,2.822927e-13,1.997834e-09,1.837792e+02,1.378418e+09,2.764627e-02,1.827270e-02,1.162877e-03,5.959127e-16
24,2.301097e-11,1.759202e-01,1.024868e-09,1.251566e-09,5.085062e-13,3.863928e-11,2.469082e-01,8.381458e-10,8.509871e-10,3.162257e-13,3.715618e-11,2.689124e-01,8.472365e-10,4.818622e-10,5.137151e-13,2.256921e-11,1.396117e-01,6.098543e-10,4.716257e-10,4.867574e-13,6.169518e-08,3.256412e-01,2.497712e-13,1.680097e-09,1.737979e+02,1.515846e+09,8.433034e-08,4.585604e-01,2.188946e-13,1.776232e-09,1.687019e+02,1.436514e+09,6.831942e-08,4.434637e-01,1.962850e-13,1.588341e-09,1.413249e+02,1.738147e+09,1.945313e-02,7.690918e-04,1.778457e-03,3.888580e-15
25,2.243606e-11,2.813514e-01,9.207575e-10,6.044136e-10,2.319466e-13,3.787005e-11,1.378906e-01,8.972246e-10,1.179899e-09,3.477701e-13,3.868018e-11,3.780669e-01,6.237378e-10,1.074787e-09,2.387212e-13,2.176432e-11,3.738481e-01,6.336691e-10,9.032617e-10,4.908890e-13,6.628545e-08,3.827812e-01,1.469367e-13,1.672799e-09,1.588548e+02,2.011415e+09,8.501309e-08,5.207873e-01,1.791173e-13,1.656390e-09,1.497470e+02,1.644003e+09,7.157378e-08,3.172104e-01,1.847576e-13,1.181017e-09,2.069852e+02,1.691480e+09,1.182327e-02,2.488019e-02,2.996127e-03,1.243987e-15
26,2.228397e-11,2.724943e-01,7.559618e-10,5.969750e-10,3.270730e-13,4.081007e-11,3.096794e-01,8.945130e-10,3.174937e-10,4.475008e-13,3.773193e-11,1.061276e-01,1.021493e-09,1.027764e-09,2.058520e-13,2.231115e-11,2.428751e-01,6.930048e-10,5.220068e-10,4.379926e-13,6.187333e-08,2.930977e-01,1.832547e-13,1.594572e-09,1.936528e+02,1.877313e+09,8.191366e-08,3.409156e-01,3.041883e-13,1.614431e-09,2.204155e+02,1.114459e+09,6.644059e-08,3.038914e-01,2.603493e-13,1.406933e-09,2.005616e+02,1.280654e+09,1.462898e-02,1.580614e-02,5.707145e-03,2.151024e-15
27,2.261648e-11,1.171489e-01,9.791882e-10,8.893030e-10,2.899453e-13,3.766574e-11,1.148123e-01,7.901332e-10,7.420304e-10,4.397741e-13,3.888654e-11,3.287790e-01,7.252628e-10,1.092792e-09,3.509005e-13,2.095517e-11,2.425419e-01,7.022070e-10,2.752392e-10,1.912157e-13,6.755879e-08,4.432311e-01,2.068530e-13,1.030703e-09,1.398249e+02,1.654322e+09,7.975440e-08,3.394222e-01,2.842764e-13,1.094243e-09,2.155495e+02,1.172660e+09,6.679310e-08,3.214033e-01,2.366358e-13,1.242123e-09,1.906400e+02,1.337784e+09,1.216219e-02,1.014611e-02,4.641211e-03,2.338651e-15
28,2.180676e-11,1.951319e-01,7.477279e-10,4.578296e-10,1.725129e-13,3.762361e-11,2.285104e-01,9.390187e-10,8.120626e-10,2.822044e-13,3.970359e-11,3.161355e-01,8.373978e-10,3.780072e-10,2.082430e-13,2.225231e-11,2.931352e-01,1.183690e-09,1.199527e-09,3.409658e-13,6.849909e-08,4.015612e-01,2.013339e-13,5.565705e-10,1.564825e+02,1.524623e+09,7.907679e-08,4.239006e-01,2.700823e-13,1.681053e-09,1.711267e+02,1.245121e+09,6.297471e-08,3.530342e-01,2.397182e-13,1.692156e-09,1.636372e+02,1.513929e+09,4.702291e-03,1.057456e-02,8.729206e-04,4.644684e-15
29,2.266613e-11,1.418688e-01,1.187170e-09,1.161187e-09,2.034979e-13,4.014828e-11,1.878427e-01,6.550772e-10,8.423866e-10,4.483808e-13,3.931863e-11,1.184595e-01,1.015852e-09,1.197279e-09,3.993606e-13,2.273822e-11,3.434856e-01,1.005533e-09,1.063472e-09,4.463213e-13,6.526125e-08,3.982568e-01,2.888210e-13,1.449220e-09,1.503228e+02,1.359504e+09,7.960754e-08,5.204582e-01,3.006312e-13,5.146456e-10,1.403140e+02,1.155844e+09,6.970759e-08,3.292184e-01,1.780826e-13,1.736329e-09,1.942356e+02,1.812633e+09,4.067160e-03,2.062623e-02,4.432581e-04,1.283608e-15
30,2.166024e-11,2.952994e-01,7.116913e-10,3.674948e-10,5.211180e-13,4.027442e-11,3.839649e-01,9.325775e-10,1.146406e-09,2.127446e-13,3.891446e-11,3.880185e-01,8.591939e-10,3.042684e-10,2.799437e-13,2.289170e-11,1.233380e-01,6.603379e-10,5.235838e-10,1.697547e-13,7.148468e-08,3.821233e-01,1.262211e-13,8.934330e-10,1.716098e+02,1.964091e+09,8.786141e-08,5.172741e-01,1.823695e-13,7.255686e-10,1.558153e+02,1.559379e+09,6.978025e-08,3.192802e-01,2.266283e-13,1.174274e-09,2.004902e+02,1.518353e+09,5.190461e-03,5.882454e-03,5.582211e-03,4.610683e-15
31,2.118923e-11,3.020895e-01,8.107843e-10,7.476532e-10,3.611406e-13,3.751462e-11,3.148135e-01,1.113937e-09,3.306751e-10,2.927605e-13,4.082398e-11,1.120830e-01,1.060323e-09,7.837712e-10,4.161751e-13,2.304132e-11,2.261582e-01,1.012072e-09,1.258024e-09,3.293757e-13,6.895262e-08,3.053726e-01,2.414197e-13,1.926667e-09,2.071350e+02,1.300065e+09,8.533711e-08,3.576896e-01,3.010607e-13,8.878409e-10,2.188590e+02,1.113298e+09,6.599816e-08,4.409828e-01,1.818327e-13,5.644306e-10,1.372913e+02,1.644522e+09,1.030495e-02,8.110205e-03,2.302337e-03,3.128693e-15
32,2.142374e-11,2.795399e-01,8.617510e-10,9.500273e-10,3.454913e-13,3.984982e-11,3.595758e-01,7.242718e-10,1.043009e-09,2.695197e-13,3.924330e-11,1.072619e-01,1.050995e-09,5.732943e-10,2.106682e-13,2.301843e-11,2.702533e-01,9.405630e-10,8.256320e-10,3.475921e-13,6.677510e-08,3.151008e-01,1.889299e-13,8.320440e-10,1.944007e+02,1.761756e+09,8.060089e-08,3.341937e-01,2.229873e-13,8.457528e-10,2.212454e+02,1.336467e+09,7.422794e-08,4.230572e-01,1.287533e-13,5.141185e-10,1.609537e+02,1.915659e+09,2.273989e-02,1.592150e-02,3.393617e-03,2.258839e-15
33,2.187736e-11,3.192671e-01,1.072734e-09,9.070089e-10,5.225505e-13,3.842711e-11,2.690221e-01,9.941024e-10,8.267956e-10,3.238768e-13,3.728070e-11,1.763148e-01,6.736939e-10,8.135661e-10,2.077697e-13,2.271755e-11,1.935698e-01,9.248046e-10,4.135904e-10,3.023914e-13,6.352386e-08,4.101249e-01,1.578333e-13,1.641203e-09,1.420867e+02,1.893039e+09,7.736596e-08,3.478660e-01,2.101667e-13,9.570031e-10,2.040190e+02,1.350851e+09,6.839951e-08,3.926678e-01,1.216887e-13,1.691191e-09,1.597940e+02,1.942144e+09,1.773654e-02,2.016574e-02,1.675276e-03,7.615857e-16
34,2.211387e-11,1.357573e-01,8.967086e-10,1.111729e-09,5.246703e-13,3.836022e-11,2.969672e-01,7.237663e-10,1.144751e-09,2.296091e-13,4.075390e-11,2.866328e-01,9.092110e-10,1.076024e-09,4.587066e-13,2.187874e-11,3.319468e-01,6.394492e-10,6.658565e-10,2.512246e-13,6.555203e-08,3.210891e-01,1.529145e-13,8.902358e-10,1.872808e+02,2.023799e+09,7.462424e-08,4.839216e-01,2.794534e-13,1.812058e-09,1.414613e+02,1.255760e+09,6.780625e-08,3.130245e-01,1.397986e-13,1.979667e-09,1.987120e+02,1.855365e+09,2.093107e-02,1.604122e-03,1.526051e-03,1.666630e-15
35,2.250540e-11,1.027412e-01,7.517860e-10,1.213406e-09,5.006284e-13,4.087883e-11,3.843160e-01,6.516503e-10,9.278432e-10,3.555965e-13,3.882931e-11,1.353152e-01,7.757479e-10,6.490514e-10,5.185732e-13,2.196012e-11,2.119667e-01,6.619160e-10,8.923276e-10,4.283295e-13,6.435419e-08,3.197125e-01,3.099810e-13,1.486683e-09,1.846503e+02,1.238599e+09,8.409085e-08,4.645089e-01,2.516438e-13,5.921962e-10,1.660686e+02,1.197756e+09,6.636871e-08,4.562743e-01,1.525688e-13,1.134413e-09,1.334351e+02,2.026324e+09,2.506318e-02,1.441502e-02,5.964252e-03,4.849237e-15
36,2.098117e-11,2.472222e-01,6.282288e-10,8.812125e-10,1.731821e-13,4.047437e-11,3.828347e-01,7.959001e-10,5.092901e-10,2.838951e-13,3.817563e-11,2.229629e-01,1.040910e-09,7.289467e-10,3.059514e-13,2.270756e-11,3.658624e-01,8.265425e-10,2.968417e-10,3.565239e-13,6.805172e-08,2.907803e-01,3.147619e-13,1.751545e-09,2.146875e+02,1.227133e+09,8.510675e-08,5.321452e-01,1.869425e-13,1.265937e-09,1.467123e+02,1.349235e+09,7.343146e-08,4.705340e-01,1.210115e-13,5.778254e-10,1.431607e+02,2.000448e+09,2.084271e-02,7.840325e-03,5.590047e-03,3.470780e-15
37,2.102927e-11,3.169276e-01,8.355098e-10,7.988945e-10,4.594967e-13,3.769660e-11,2.106761e-01,6.154565e-10,5.373773e-10,3.907630e-13,3.862462e-11,2.931349e-01,1.096835e-09,9.275981e-10,1.713608e-13,2.104643e-11,1.555370e-01,8.535068e-10,1.156770e-09,1.778173e-13,6.194913e-08,3.037305e-01,1.831154e-13,1.485235e-09,1.871025e+02,1.661475e+09,7.528644e-08,4.839027e-01,3.441153e-13,1.861439e-09,1.427222e+02,1.071144e+09,7.108068e-08,4.344852e-01,1.700862e-13,8.194941e-10,1.500753e+02,1.702283e+09,3.180823e-03,1.364337e-02,2.429816e-04,1.246386e-15
38,2.199263e-11,1.877294e-01,9.926762e-10,6.199526e-10,2.477749e-13,3.913184e-11,1.100794e-01,7.009983e-10,9.872225e-10,2.128869e-13,3.944582e-11,2.113411e-01,8.206839e-10,5.354991e-10,3.177894e-13,2.090863e-11,2.273487e-01,9.876394e-10,5.451102e-10,3.643584e-13,7.286657e-08,3.925107e-01,1.693662e-13,1.894550e-09,1.702980e+02,1.773268e+09,7.463990e-08,4.176658e-01,1.828864e-13,5.148623e-10,1.639362e+02,1.651140e+09,6.550615e-08,3.003842e-01,1.431954e-13,1.500366e-09,2.000496e+02,1.966363e+09,1.729622e-02,1.347583e-02,5.804188e-03,4.828761e-15
39,2.099774e-11,2.387197e-01,1.019933e-09,4.879382e-10,2.797638e-13,3.769642e-11,2.687485e-01,8.403091e-10,6.896354e-10,4.170445e-13,3.710846e-11,3.780775e-01,1.155169e-09,8.017743e-10,3.879104e-13,2.167983e-11,2.107636e-01,1.197915e-09,5.093570e-10,4.041398e-13,6.995154e-08,3.788563e-01,1.550788e-13,1.056565e-09,1.693774e+02,1.910216e+09,8.784426e-08,4.686351e-01,1.795631e-13,1.750240e-09,1.719536e+02,1.593358e+09,6.243046e-08,3.168962e-01,1.984329e-13,1.532002e-09,1.807225e+02,1.654943e+09,9.169938e-03,8.754652e-03,3.677345e-03,1.444185e-15
40,2.223207e-11,1.389991e-01,1.175403e-09,1.063531e-09,4.670531e-13,4.042895e-11,1.384760e-01,9.121316e-10,1.269463e-09,1.976246e-13,4.068102e-11,2.530967e-01,8.573215e-10,1.029328e-09,4.004717e-13,2.193087e-11,1.060964e-01,1.024486e-09,1.283340e-09,2.941950e-13,6.343681e-08,3.178530e-01,1.470032e-13,1.927642e-09,1.830829e+02,1.934431e+09,8.331832e-08,5.416973e-01,3.076607e-13,7.661248e-10,1.410966e+02,1.122198e+09,6.458536e-08,2.838975e-01,2.762443e-13,1.130873e-09,2.086917e+02,1.286618e+09,2.414365e-02,1.675816e-03,2.188224e-03,1.121334e-15
41,2.193559e-11,2.557128e-01,8.843117e-10,1.011221e-09,3.936698e-13,3.928320e-11,2.093035e-01,8.831103e-10,5.010992e-10,2.831275e-13,3.995826e-11,1.813970e-01,6.566833e-10,2.769287e-10,2.590224e-13,2.186981e-11,2.803666e-01,8.041307e-10,1.214038e-09,3.225096e-13,6.216530e-08,3.435433e-01,1.457798e-13,1.971411e-09,1.659966e+02,1.997241e+09,7.758862e-08,3.452671e-01,1.344888e-13,1.109884e-09,2.061463e+02,1.691301e+09,7.068148e-08,3.271113e-01,1.941516e-13,1.644604e-09,1.982179e+02,1.704502e+09,3.662275e-03,1.525752e-02,4.045252e-03,4.002786e-15
42,2.156052e-11,2.831576e-01,9.241092e-10,4.278989e-10,1.850260e-13,4.041764e-11,3.797333e-01,6.453472e-10,1.195532e-09,1.963056e-13,3.819516e-11,2.238246e-01,8.262527e-10,6.947555e-10,2.937860e-13,2.185724e-11,2.058760e-01,7.794128e-10,1.019504e-09,1.689477e-13,7.279881e-08,3.655051e-01,1.857898e-13,1.115611e-09,1.827105e+02,1.670066e+09,7.585003e-08,4.419979e-01,1.407829e-13,1.954582e-09,1.574230e+02,1.699945e+09,7.430675e-08,4.072618e-01,2.097619e-13,9.902382e-10,1.673737e+02,1.385646e+09,2.359648e-02,2.478332e-02,3.203616e-03,4.966695e-15
43,2.105205e-11,3.881569e-01,1.072698e-09,3.963432e-10,3.964415e-13,3.743449e-11,2.053544e-01,1.014136e-09,5.409422e-10,2.667711e-13,3.916052e-11,1.412313e-01,7.128128e-10,1.108328e-09,3.790710e-13,2.121205e-11,3.458078e-01,7.655377e-10,9.213507e-10,3.501754e-13,7.325596e-08,4.403941e-01,2.368592e-13,1.456110e-09,1.525929e+02,1.273287e+09,7.483313e-08,3.792759e-01,2.626292e-13,8.536035e-10,1.809970e+02,1.316495e+09,7.214688e-08,3.080884e-01,1.769915e-13,6.609292e-10,2.148201e+02,1.715673e+09,7.824492e-03,1.925877e-02,2.041240e-03,4.780749e-15
44,2.268982e-11,2.807909e-01,8.299237e-10,9.062456e-10,2.465468e-13,4.079816e-11,3.092805e-01,9.444944e-10,9.464555e-10,3.088526e-13,3.835672e-11,3.384512e-01,1.033512e-09,8.413284e-10,4.046526e-13,2.281511e-11,2.716174e-01,8.152804e-10,6.733123e-10,2.901974e-13,6.336347e-08,4.179555e-01,2.113729e-13,5.107297e-10,1.390726e+02,1.502783e+09,8.584181e-08,3.988772e-01,2.151866e-13,6.896151e-10,1.974206e+02,1.310085e+09,6.432402e-08,3.179022e-01,2.118600e-13,1.809497e-09,1.856147e+02,1.671302e+09,2.404113e-02,7.483135e-03,5.310888e-03,2.177023e-15
45,2.234825e-11,3.191709e-01,9.832856e-10,1.026026e-09,3.213533e-13,3.934834e-11,1.861773e-01,9.609366e-10,1.262645e-09,1.848708e-13,3.950933e-11,1.878605e-01,6.397269e-10,8.234951e-10,2.324574e-13,2.143093e-11,3.148945e-01,1.049815e-09,3.802252e-10,4.667441e-13,6.444328e-08,4.246779e-01,1.592930e-13,1.472853e-09,1.392037e+02,2.000124e+09,8.235457e-08,4.316364e-01,1.225886e-13,1.611889e-09,1.750259e+02,1.817328e+09,6.777789e-08,3.983400e-01,2.350652e-13,1.715839e-09,1.560870e+02,1.459697e+09,2.436871e-02,2.644132e-02,1.978586e-03,2.449285e-15
46,2.268152e-11,2.585992e-01,7.600592e-10,9.368170e-10,3.412716e-13,3.834206e-11,3.404761e-01,6.111045e-10,4.961106e-10,3.465059e-13,3.965916e-11,3.830834e-01,8.389737e-10,7.463151e-10,4.151649e-13,2.181545e-11,3.843242e-01,1.108208e-09,1.245365e-09,3.046185e-13,6.604412e-08,2.977196e-01,2.003045e-13,1.736905e-09,2.034977e+02,1.775398e+09,8.581692e-08,3.863581e-01,2.417572e-13,1.606933e-09,2.037584e+02,1.247284e+09,6.944223e-08,4.029413e-01,1.494974e-13,1.558051e-09,1.580937e+02,2.003813e+09,4.421952e-03,2.292373e-02,5.508052e-03,4.880748e-15
47,2.126842e-11,2.033531e-01,9.494944e-10,6.869624e-10,2.773363e-13,3.949068e-11,3.825641e-01,8.117446e-10,6.922307e-10,4.891934e-13,3.909001e-11,2.239179e-01,6.980435e-10,5.757415e-10,5.291416e-13,2.270811e-11,1.106113e-01,8.052831e-10,9.540753e-10,3.399923e-13,6.522398e-08,3.853556e-01,2.059592e-13,6.693905e-10,1.552667e+02,1.451575e+09,8.271369e-08,5.321620e-01,1.400951e-13,1.409580e-09,1.425825e+02,1.613845e+09,6.770412e-08,3.739277e-01,2.144731e-13,1.098283e-09,1.660964e+02,1.530254e+09,4.577199e-03,6.779027e-03,3.639128e-03,1.711793e-15
48,2.258174e-11,1.929847e-01,9.053263e-10,1.043795e-09,4.200603e-13,3.716724e-11,1.056748e-01,7.219927e-10,3.935097e-10,2.862193e-13,3.801835e-11,1.165249e-01,6.115492e-10,1.025324e-09,3.446942e-13,2.241572e-11,1.703176e-01,1.134016e-09,1.007961e-09,1.741498e-13,6.765075e-08,3.635888e-01,2.155356e-13,1.841583e-09,1.706848e+02,1.512573e+09,8.730329e-08,3.698581e-01,1.471681e-13,9.909782e-10,2.165350e+02,1.819713e+09,6.951339e-08,4.449399e-01,1.786572e-13,9.032029e-10,1.433177e+02,1.709638e+09,1.789186e-02,2.002689e-02,5.699659e-03,3.787646e-15
49,2.141731e-11,1.068130e-01,6.567252e-10,8.176055e-10,3.814691e-13,3.980826e-11,3.295648e-01,9.571246e-10,7.972426e-10,2.756543e-13,3.728082e-11,1.552357e-01,1.029956e-09,3.535747e-10,2.116079e-13,2.256224e-11,3.921469e-01,9.611734e-10,5.796137e-10,2.190789e-13,6.575098e-08,2.989704e-01,2.615055e-13,1.119075e-09,2.017469e+02,1.379057e+09,7.693641e-08,3.695633e-01,1.871404e-13,6.955630e-10,1.909747e+02,1.449965e+09,6.613126e-08,2.891308e-01,1.965361e-13,1.892637e-09,2.098192e+02,1.699270e+09,1.383222e-02,1.596844e-03,4.167211e-03,1.157044e-15
50,2.229630e-11,1.236737e-01,7.189527e-10,1.295318e-09,5.273514e-13,3.901661e-11,3.943644e-01,8.911235e-10,7.618550e-10,3.154200e-13,3.917823e-11,3.962146e-01,9.425678e-10,3.390345e-10,4.198205e-13,2.181822e-11,2.285181e-01,1.011266e-09,1.190416e-09,3.602414e-13,6.267947e-08,4.006058e-01,1.693175e-13,6.833949e-10,1.435294e+02,1.645608e+09,8.035378e-08,4.550879e-01,1.658982e-13,9.406273e-10,1.619734e+02,1.566929e+09,6.592004e-08,3.189694e-01,1.825809e-13,9.572298e-10,1.895838e+02,1.757667e+09,6.174571e-03,1.632224e-02,5.612873e-03,4.895472e-15
51,2.098919e-11,3.794614e-01,9.202478e-10,5.333054e-10,4.330903e-13,4.014114e-11,2.729301e-01,9.811576e-10,1.261818e-09,1.961679e-13,4.057886e-11,1.573343e-01,6.946347e-10,1.297030e-09,2.790434e-13,2.130709e-11,2.843822e-01,9.585236e-10,1.204534e-09,4.331495e-13,6.841278e-08,3.701038e-01,2.387993e-13,1.066157e-09,1.695690e+02,1.419121e+09,7.579074e-08,3.169083e-01,2.009514e-13,9.776217e-10,2.193892e+02,1.388559e+09,7.115491e-08,3.014002e-01,1.685756e-13,8.828188e-10,2.165679e+02,1.914036e+09,1.883100e-02,5.875886e-03,2.059334e-03,6.830779e-16
52,2.101131e-11,3.356446e-01,1.129042e-09,9.480160e-10,4.360794e-13,3.990384e-11,3.015464e-01,9.592512e-10,4.561149e-10,3.211585e-13,3.926668e-11,1.359239e-01,1.031571e-09,6.860746e-10,4.139033e-13,2.133474e-11,2.916708e-01,1.015184e-09,6.816936e-10,4.606805e-13,6.418233e-08,3.001957e-01,1.253353e-13,6.679711e-10,1.961299e+02,2.039831e+09,8.878299e-08,4.091862e-01,1.977579e-13,1.488842e-09,1.990405e+02,1.310657e+09,6.713601e-08,4.186928e-01,2.655201e-13,1.717758e-09,1.470933e+02,1.278922e+09,2.645026e-02,1.319439e-02,5.146252e-04,4.296655e-15
53,2.135099e-11,1.608606e-01,1.038037e-09,1.253089e-09,2.626331e-13,4.065369e-11,3.483289e-01,6.862831e-10,8.906158e-10,4.846177e-13,4.072360e-11,3.685209e-01,1.110566e-09,1.281718e-09,3.291725e-13,2.141466e-11,1.656790e-01,1.021345e-09,1.189384e-09,3.506792e-13,6.450518e-08,4.280625e-01,2.562659e-13,1.631720e-09,1.382357e+02,1.428332e+09,8.199853e-08,4.618862e-01,1.796294e-13,1.627063e-09,1.628560e+02,1.441399e+09,6.680350e-08,3.125777e-01,1.885752e-13,9.187540e-10,1.960532e+02,1.515998e+09,1.613993e-02,8.530620e-03,2.365727e-03,1.883579e-15
54,2.169292e-11,1.030752e-01,8.642848e-10,1.155124e-09,1.711304e-13,3.844701e-11,2.394755e-01,9.827957e-10,4.311503e-10,2.873903e-13,3.848838e-11,2.073542e-01,1.188861e-09,1.080966e-09,1.703995e-13,2.212856e-11,2.658109e-01,7.811214e-10,6.959161e-10,5.162128e-13,6.199598e-08,3.959464e-01,3.102741e-13,5.215445e-10,1.436349e+02,1.316005e+09,7.648282e-08,3.203620e-01,2.102486e-13,1.791056e-09,2.190058e+02,1.588966e+09,7.049522e-08,4.042398e-01,2.339607e-13,1.584784e-09,1.599754e+02,1.367010e+09,1.111039e-02,1.598513e-02,3.374213e-03,2.610219e-15
55,2.177649e-11,1.275197e-01,6.193410e-10,8.426972e-10,4.132241e-13,3.957367e-11,2.298737e-01,1.034843e-09,8.584530e-10,4.765985e-13,3.789921e-11,2.857094e-01,1.011975e-09,4.964478e-10,3.409239e-13,2.149052e-11,2.790666e-01,8.075744e-10,1.166502e-09,4.659414e-13,6.597222e-08,3.007912e-01,1.561721e-13,1.365559e-09,2.012004e+02,2.001948e+09,7.736890e-08,4.828436e-01,1.819120e-13,7.881265e-10,1.469917e+02,1.707114e+09,6.312208e-08,3.059175e-01,2.776462e-13,1.337610e-09,1.892822e+02,1.345151e+09,4.939535e-03,8.598216e-03,2.323195e-03,4.673579e-15
56,2.206593e-11,3.697617e-01,7.228492e-10,1.158945e-09,2.800755e-13,3.785508e-11,2.944646e-01,1.114193e-09,8.591707e-10,2.431949e-13,3.983563e-11,2.815104e-01,1.123098e-09,5.078130e-10,1.737596e-13,2.278719e-11,3.447151e-01,1.156068e-09,9.502437e-10,2.431036e-13,6.957144e-08,3.498514e-01,1.541118e-13,5.325161e-10,1.824232e+02,2.054863e+09,8.810894e-08,4.674006e-01,2.016187e-13,1.569978e-09,1.729273e+02,1.343015e+09,7.225393e-08,3.219767e-01,1.788622e-13,1.240183e-09,2.058589e+02,1.689505e+09,2.997363e-02,1.040721e-03,5.164331e-03,9.246313e-16
57,2.131420e-11,3.565306e-01,7.536347e-10,1.248281e-09,2.797725e-13,3.872112e-11,1.690950e-01,6.738998e-10,1.083459e-09,4.316673e-13,3.996410e-11,3.654520e-01,6.071966e-10,9.741181e-10,1.864034e-13,2.194143e-11,3.962760e-01,7.382781e-10,1.120999e-09,3.930828e-13,7.209306e-08,3.638492e-01,2.878003e-13,6.965335e-10,1.817627e+02,1.281394e+09,7.408337e-08,4.148865e-01,3.114847e-13,1.573161e-09,1.638039e+02,1.111831e+09,7.281407e-08,3.280555e-01,1.816583e-13,1.004016e-09,2.036107e+02,1.827830e+09,2.363598e-02,1.289684e-02,4.680969e-03,2.775387e-15
58,2.148598e-11,1.109317e-01,9.719808e-10,5.692874e-10,4.941356e-13,3.847250e-11,2.884434e-01,9.864581e-10,1.242727e-09,4.279667e-13,4.020967e-11,2.644220e-01,1.003836e-09,1.160113e-09,4.801126e-13,2.309094e-11,1.366131e-01,9.454612e-10,7.145445e-10,3.690041e-13,7.277620e-08,5.027628e-01,2.900866e-13,5.841707e-10,1.327881e+02,1.266623e+09,7.565676e-08,4.182203e-01,1.372566e-13,1.085232e-09,1.659493e+02,1.796255e+09,6.185242e-08,3.258724e-01,2.851964e-13,1.070494e-09,1.741173e+02,1.378921e+09,1.707731e-02,2.715023e-02,2.902651e-03,1.145415e-15
59,2.160195e-11,3.884441e-01,1.186248e-09,7.035814e-10,3.092335e-13,4.069425e-11,2.245004e-01,8.094665e-10,9.941796e-10,4.401310e-13,3.833673e-11,2.947869e-01,1.029067e-09,8.252119e-10,4.204680e-13,2.126976e-11,3.437238e-01,1.144457e-09,1.029128e-09,1.747685e-13,6.844375e-08,3.501533e-01,1.198961e-13,9.879423e-10,1.793116e+02,1.983969e+09,7.488022e-08,5.005507e-01,2.108377e-13,9.970063e-10,1.372309e+02,1.422801e+09,7.455155e-08,4.370318e-01,1.447653e-13,1.114223e-09,1.564863e+02,1.874471e+09,2.678062e-03,8.007583e-03,5.783452e-03,8.069975e-16
60,2.116391e-11,3.885132e-01,1.072654e-09,4.018322e-10,4.592406e-13,3.786093e-11,1.108459e-01,9.168040e-10,5.798576e-10,1.753896e-13,3.994481e-11,1.189000e-01,1.048283e-09,1.024260e-09,3.777057e-13,2.120463e-11,1.261699e-01,8.352986e-10,5.021558e-10,2.309313e-13,7.283464e-08,3.282966e-01,1.537332e-13,1.958088e-09,2.035187e+02,1.822769e+09,8.065079e-08,3.951378e-01,1.409362e-13,1.472954e-09,1.872375e+02,1.761714e+09,6.965231e-08,4.863686e-01,2.234462e-13,1.211419e-09,1.313720e+02,1.561002e+09,1.163378e-02,2.925895e-02,5.104015e-03,1.360610e-15
61,2.304757e-11,1.349343e-01,9.663018e-10,1.236015e-09,4.653046e-13,3.728127e-11,2.406915e-01,9.025356e-10,6.449901e-10,2.405653e-13,3.714109e-11,1.438647e-01,8.039237e-10,1.035911e-09,4.494980e-13,2.292637e-11,1.140423e-01,7.363513e-10,7.739613e-10,4.919044e-13,7.383299e-08,3.252382e-01,2.181422e-13,1.736830e-09,2.082484e+02,1.515810e+09,8.009922e-08,4.079414e-01,1.285552e-13,1.640788e-09,1.801205e+02,1.743572e+09,7.078120e-08,3.388637e-01,2.865887e-13,1.306913e-09,1.916133e+02,1.295847e+09,6.015357e-03,1.924812e-02,1.554714e-03,3.788265e-15
62,2.128903e-11,1.470987e-01,6.984266e-10,1.045496e-09,4.982351e-13,4.085536e-11,2.478087e-01,9.590121e-10,8.350734e-10,2.271051e-13,4.080634e-11,2.207530e-01,6.151396e-10,5.523368e-10,3.684487e-13,2.167256e-11,1.670426e-01,8.576649e-10,1.140633e-09,4.424874e-13,7.133198e-08,4.137363e-01,2.893296e-13,1.920598e-09,1.581588e+02,1.273339e+09,7.546325e-08,4.198307e-01,1.969350e-13,1.624596e-09,1.648899e+02,1.652596e+09,6.950892e-08,3.281444e-01,2.496009e-13,1.575360e-09,1.943159e+02,1.397282e+09,8.288564e-03,2.660735e-02,1.795303e-03,4.279928e-15
63,2.260185e-11,2.703007e-01,6.993597e-10,1.125178e-09,2.634722e-13,3.995019e-11,1.255850e-01,8.854621e-10,1.048913e-09,5.183526e-13,3.810524e-11,3.857545e-01,7.068129e-10,1.284943e-09,4.795716e-13,2.296649e-11,3.279210e-01,1.096581e-09,5.737084e-10,4.806881e-13,7.221981e-08,3.753771e-01,1.826114e-13,1.200410e-09,1.764905e+02,1.487076e+09,8.811711e-08,4.965729e-01,1.990164e-13,1.880060e-09,1.627833e+02,1.326810e+09,7.398667e-08,3.525289e-01,1.505405e-13,1.708195e-09,1.925269e+02,1.911030e+09,1.747697e-02,2.755768e-02,4.741848e-03,3.986493e-15
64,2.108518e-11,3.797651e-01,6.529679e-10,1.022007e-09,3.675448e-13,3.716951e-11,2.490983e-01,1.017057e-09,3.921202e-10,5.151049e-13,3.969628e-11,1.806828e-01,8.218445e-10,1.108590e-09,2.851515e-13,2.282682e-11,1.873445e-01,8.704065e-10,8.374200e-10,4.649964e-13,6.974379e-08,3.876768e-01,1.713441e-13,1.310827e-09,1.650321e+02,1.557104e+09,8.456703e-08,4.975263e-01,1.796764e-13,1.015619e-09,1.559257e+02,1.539820e+09,7.288709e-08,4.900508e-01,1.419039e-13,6.064064e-10,1.364402e+02,2.015668e+09,2.902219e-02,2.468726e-02,4.342434e-04,3.734044e-15
65,2.148188e-11,2.187680e-01,1.185239e-09,5.306824e-10,2.516742e-13,3.799615e-11,1.801271e-01,8.150835e-10,1.176087e-09,2.073035e-13,3.730223e-11,1.709325e-01,1.082858e-09,5.017575e-10,4.735793e-13,2.108376e-11,3.256898e-01,7.819097e-10,1.186002e-09,2.797759e-13,6.986883e-08,4.281912e-01,1.786866e-13,1.715240e-09,1.496851e+02,1.640620e+09,8.797365e-08,5.153573e-01,1.090926e-13,1.755515e-09,1.565946e+02,1.800428e+09,6.517336e-08,3.277959e-01,1.399520e-13,5.099732e-10,1.823893e+02,1.914873e+09,8.270339e-03,2.808438e-02,3.641857e-04,1.032923e-15
66,2.097198e-11,2.532922e-01,6.583619e-10,4.106827e-10,4.426673e-13,3.974791e-11,2.903608e-01,7.530474e-10,7.652645e-10,4.224270e-13,3.806874e-11,3.962910e-01,1.023840e-09,3.030984e-10,4.879227e-13,2.177974e-11,2.264436e-01,7.393368e-10,1.208866e-09,1.911512e-13,7.019800e-08,3.154792e-01,1.933646e-13,5.582238e-10,2.041205e+02,1.492551e+09,7.755797e-08,3.969188e-01,2.337946e-13,7.133202e-10,1.792493e+02,1.331480e+09,6.240455e-08,3.711973e-01,1.578686e-13,1.013971e-09,1.542212e+02,2.044718e+09,2.859964e-02,2.807708e-02,3.598994e-03,3.265333e-15
67,2.101073e-11,3.919362e-01,8.201640e-10,4.226209e-10,3.615713e-13,3.868583e-11,1.645259e-01,9.088203e-10,9.678641e-10,3.757847e-13,3.733554e-11,3.093422e-01,7.253133e-10,7.561087e-10,4.697261e-13,2.110504e-11,2.658734e-01,7.271760e-10,1.103148e-09,2.175271e-13,6.899912e-08,4.606023e-01,1.933844e-13,5.187779e-10,1.374201e+02,1.555631e+09,8.193033e-08,4.252540e-01,2.362190e-13,1.689275e-09,1.767376e+02,1.276814e+09,6.656581e-08,3.082109e-01,2.472471e-13,7.639575e-10,1.981235e+02,1.437540e+09,1.615538e-02,2.146684e-02,1.333248e-03,1.021449e-15
68,2.127173e-11,1.319737e-01,9.058305e-10,7.557812e-10,3.979958e-13,3.807632e-11,3.782930e-01,6.308543e-10,2.852703e-10,3.841861e-13,4.024879e-11,3.354516e-01,8.574408e-10,3.021703e-10,3.218309e-13,2.228133e-11,3.708011e-01,6.097436e-10,3.097031e-10,2.558408e-13,7.123918e-08,3.475025e-01,1.369914e-13,7.216565e-10,1.880588e+02,1.850737e+09,8.457438e-08,5.746837e-01,2.432006e-13,1.379449e-09,1.350028e+02,1.307505e+09,6.354865e-08,3.942290e-01,1.809851e-13,1.585270e-09,1.478735e+02,1.625475e+09,2.106893e-02,5.548854e-03,4.759841e-03,3.547024e-15
69,2.168991e-11,2.578543e-01,9.122253e-10,7.250213e-10,4.125391e-13,4.084569e-11,3.263794e-01,1.072936e-09,1.110047e-09,4.231996e-13,4.079575e-11,2.266266e-01,1.187321e-09,5.896478e-10,3.916608e-13,2.213984e-11,1.109291e-01,8.770496e-10,1.285232e-09,2.237160e-13,6.450419e-08,2.830123e-01,1.684815e-13,1.490349e-09,2.090814e+02,1.853484e+09,8.012905e-08,4.117044e-01,2.387102e-13,1.533873e-09,1.785407e+02,1.390013e+09,6.574098e-08,3.302936e-01,1.963779e-13,1.015938e-09,1.825865e+02,1.682773e+09,6.569504e-03,2.914965e-02,4.899717e-03,1.318890e-15
70,2.111512e-11,1.091118e-01,6.607140e-10,9.817057e-10,2.649861e-13,3.778808e-11,3.046290e-01,1.193054e-09,4.339273e-10,2.370902e-13,3.844275e-11,3.902054e-01,6.120856e-10,4.940256e-10,3.779722e-13,2.279071e-11,3.668333e-01,1.080826e-09,3.246081e-10,4.858278e-13,6.743203e-08,3.438331e-01,1.632909e-13,7.582464e-10,1.799083e+02,1.985298e+09,8.163941e-08,4.562282e-01,1.308529e-13,8.196727e-10,1.641536e+02,1.729521e+09,7.077749e-08,3.131785e-01,1.232180e-13,6.606411e-10,2.073175e+02,1.893885e+09,7.419891e-03,1.589211e-02,5.518469e-03,3.770571e-15
71,2.233184e-11,1.215540e-01,1.125751e-09,9.986161e-10,3.563410e-13,3.830446e-11,2.305340e-01,8.910464e-10,3.669256e-10,2.884695e-13,3.952580e-11,1.586318e-01,1.105027e-09,5.407829e-10,2.336440e-13,2.146048e-11,2.854830e-01,9.890820e-10,6.925005e-10,3.474373e-13,6.605857e-08,3.481000e-01,1.576453e-13,8.180777e-10,1.740836e+02,1.976908e+09,8.473474e-08,4.086501e-01,2.237216e-13,1.604033e-09,1.902141e+02,1.358290e+09,6.252309e-08,2.820148e-01,1.913722e-13,6.144344e-10,2.033767e+02,1.821579e+09,8.343648e-03,7.896475e-04,2.424404e-03,4.904840e-15
72,2.298453e-11,3.354489e-01,1.101253e-09,3.799701e-10,5.211876e-13,4.088618e-11,1.676690e-01,9.217739e-10,3.355724e-10,2.689971e-13,3.862072e-11,1.577208e-01,7.871029e-10,5.142615e-10,3.056461e-13,2.252137e-11,3.341085e-01,1.163580e-09,5.270368e-10,2.486568e-13,7.391592e-08,4.552326e-01,2.532723e-13,6.681212e-10,1.489489e+02,1.387193e+09,7.496602e-08,4.178624e-01,2.618129e-13,1.291401e-09,1.645750e+02,1.294899e+09,7.437279e-08,3.971192e-01,1.866952e-13,1.356877e-09,1.718011e+02,1.640985e+09,1.780917e-02,1.407792e-02,5.832793e-03,6.504712e-16
73,2.158480e-11,1.800055e-01,7.465053e-10,1.175458e-09,3.634493e-13,3.879469e-11,2.855253e-01,6.566280e-10,8.812952e-10,5.243800e-13,3.776019e-11,1.159616e-01,1.156703e-09,1.051873e-09,2.941334e-13,2.112457e-11,2.403287e-01,1.120375e-09,6.316574e-10,2.750838e-13,6.269591e-08,3.886574e-01,2.761792e-13,1.060274e-09,1.479807e+02,1.353333e+09,8.475520e-08,5.458468e-01,2.623192e-13,1.372147e-09,1.424388e+02,1.151454e+09,7.285451e-08,3.208535e-01,1.615657e-13,1.886789e-09,2.082967e+02,1.605219e+09,2.399852e-02,9.843070e-04,5.584602e-03,7.969225e-16
74,2.251401e-11,2.625420e-01,7.956199e-10,9.566936e-10,2.150596e-13,3.983817e-11,3.445401e-01,1.135703e-09,1.272353e-09,3.666636e-13,4.025185e-11,1.287765e-01,8.956345e-10,7.882128e-10,3.729109e-13,2.282664e-11,3.643372e-01,9.123383e-10,5.439213e-10,1.763197e-13,6.433266e-08,3.706430e-01,1.492497e-13,1.014093e-09,1.592240e+02,1.881368e+09,8.486463e-08,4.835218e-01,2.515869e-13,5.103672e-10,1.610065e+02,1.171320e+09,7.233821e-08,4.376452e-01,1.700755e-13,1.433549e-09,1.516276e+02,1.916206e+09,2.617933e-02,9.589303e-04,3.919063e-03,4.776635e-15
75,2.109222e-11,2.565726e-01,7.565016e-10,5.180345e-10,2.157615e-13,3.828836e-11,3.471395e-01,7.440186e-10,9.152890e-10,3.792417e-13,3.726904e-11,3.769963e-01,1.020207e-09,9.305559e-10,2.494722e-13,2.248224e-11,2.294406e-01,8.526355e-10,1.025430e-09,4.308127e-13,6.445226e-08,2.983770e-01,2.418927e-13,1.574242e-09,1.981552e+02,1.426826e+09,8.374147e-08,4.149841e-01,1.412246e-13,9.523651e-10,1.851151e+02,1.609383e+09,7.359353e-08,4.932962e-01,1.585618e-13,9.039573e-10,1.368563e+02,1.778781e+09,1.859674e-02,6.855726e-04,2.745191e-03,4.987865e-15
76,2.160617e-11,3.720978e-01,9.803781e-10,1.127608e-09,5.011253e-13,3.997684e-11,3.087386e-01,7.487378e-10,7.717040e-10,4.383376e-13,3.725126e-11,2.611036e-01,6.444235e-10,6.838365e-10,2.878364e-13,2.228358e-11,3.666454e-01,1.134417e-09,5.429144e-10,2.900300e-13,6.948554e-08,3.812377e-01,2.573659e-13,1.397293e-09,1.671981e+02,1.366610e+09,7.613127e-08,3.793593e-01,1.278810e-13,8.684715e-10,1.840963e+02,1.781773e+09,6.194851e-08,3.457109e-01,2.958845e-13,9.699553e-10,1.643806e+02,1.369263e+09,5.067032e-03,6.115452e-03,1.150222e-03,8.980925e-16
77,2.281718e-11,3.350505e-01,7.235386e-10,4.328007e-10,2.094678e-13,3.759928e-11,3.927416e-01,9.645370e-10,1.211780e-09,3.585095e-13,3.845746e-11,2.151623e-01,6.595725e-10,5.108404e-10,3.848154e-13,2.188748e-11,3.578124e-01,9.761616e-10,1.050615e-09,1.683099e-13,6.261055e-08,4.399704e-01,1.939399e-13,1.740200e-09,1.305440e+02,1.657962e+09,8.654706e-08,4.755020e-01,2.595755e-13,1.771839e-09,1.669678e+02,1.218396e+09,6.577491e-08,3.540405e-01,2.030751e-13,1.364023e-09,1.704276e+02,1.612134e+09,2.777224e-02,1.980661e-02,3.259757e-03,2.736734e-15
78,2.098555e-11,1.198517e-01,8.020724e-10,6.661824e-10,3.962146e-13,3.997689e-11,3.825932e-01,7.808182e-10,1.194859e-09,5.190834e-13,3.873173e-11,2.291761e-01,8.607691e-10,9.666949e-10,4.385402e-13,2.167743e-11,3.331828e-01,9.283510e-10,8.301854e-10,3.733686e-13,7.010338e-08,4.587542e-01,1.514212e-13,1.671820e-09,1.401818e+02,1.759035e+09,8.820176e-08,5.533795e-01,2.316011e-13,6.984640e-10,1.462133e+02,1.207889e+09,6.294951e-08,3.427023e-01,1.397028e-13,1.402334e-09,1.685032e+02,2.057983e+09,5.526455e-03,1.721372e-02,4.527552e-03,9.220892e-16
79,2.261939e-11,1.456081e-01,8.363163e-10,6.026777e-10,1.880251e-13,3.817754e-11,3.955143e-01,6.135037e-10,1.051951e-09,3.330762e-13,4.005000e-11,1.119450e-01,7.944335e-10,3.131552e-10,4.998582e-13,2.300393e-11,3.956422e-01,1.047424e-09,5.936528e-10,4.376086e-13,6.183204e-08,3.671706e-01,2.972108e-13,1.650090e-09,1.544822e+02,1.352176e+09,7.508530e-08,3.377308e-01,3.161165e-13,1.069793e-09,2.039468e+02,1.099144e+09,6.448670e-08,3.471611e-01,1.211760e-13,1.167332e-09,1.704009e+02,2.029299e+09,7.377469e-03,9.644330e-03,1.818242e-03,2.945617e-15
80,2.265861e-11,1.643966e-01,7.504082e-10,1.040069e-09,2.506061e-13,4.012316e-11,1.619799e-01,8.714650e-10,1.154267e-09,5.176603e-13,3.996615e-11,3.312511e-01,6.950689e-10,1.223877e-09,1.958779e-13,2.271038e-11,3.362784e-01,1.084981e-09,1.162494e-09,3.676999e-13,6.147671e-08,3.760340e-01,1.715557e-13,6.145999e-10,1.499741e+02,1.731623e+09,8.288880e-08,3.501424e-01,2.313022e-13,1.339314e-09,2.171620e+02,1.292639e+09,6.221035e-08,3.085793e-01,1.806342e-13,9.694920e-10,1.849390e+02,1.895276e+09,7.658815e-03,1.062148e-02,2.110780e-03,1.817871e-15
81,2.177267e-11,1.561135e-01,6.597721e-10,8.990337e-10,4.179545e-13,4.042795e-11,1.121388e-01,7.946250e-10,6.710460e-10,4.820401e-13,3.999849e-11,2.178787e-01,1.081123e-09,3.952546e-10,2.076683e-13,2.300746e-11,2.203178e-01,1.061764e-09,3.537474e-10,2.184327e-13,7.022267e-08,3.137102e-01,2.001309e-13,6.435156e-10,2.053437e+02,1.671697e+09,8.367428e-08,5.634242e-01,2.770217e-13,1.464792e-09,1.362352e+02,1.234898e+09,6.546044e-08,3.216785e-01,2.987600e-13,8.398198e-10,1.866765e+02,1.314677e+09,1.262932e-02,2.490645e-02,2.447522e-03,6.062799e-16
82,2.104691e-11,1.871398e-01,7.756333e-10,1.032988e-09,3.992380e-13,4.064689e-11,1.300784e-01,9.073683e-10,1.182813e-09,5.261817e-13,3.865448e-11,3.645173e-01,9.448691e-10,6.069203e-10,2.443896e-13,2.151128e-11,3.077109e-01,8.833162e-10,3.116643e-10,5.050379e-13,6.410771e-08,3.797135e-01,2.527049e-13,1.813391e-09,1.548770e+02,1.502007e+09,7.804671e-08,4.680520e-01,2.917462e-13,1.864774e-09,1.529654e+02,1.169774e+09,6.426579e-08,2.892616e-01,2.663047e-13,1.839147e-09,2.038082e+02,1.402415e+09,2.009950e-02,2.639627e-02,3.456096e-03,2.540365e-15
83,2.144761e-11,1.457645e-01,7.647799e-10,4.764284e-10,4.340625e-13,3.873779e-11,2.253163e-01,7.751180e-10,1.190616e-09,2.814858e-13,3.725863e-11,2.148024e-01,6.664058e-10,6.810985e-10,3.540810e-13,2.237813e-11,3.704667e-01,6.819315e-10,4.076693e-10,2.580888e-13,6.857663e-08,3.939853e-01,1.666778e-13,1.057281e-09,1.596720e+02,2.043288e+09,7.902306e-08,3.279334e-01,2.597306e-13,6.145897e-10,2.210553e+02,1.230735e+09,6.168477e-08,4.036663e-01,1.631642e-13,6.182289e-10,1.401807e+02,1.941351e+09,2.635759e-02,6.551825e-03,4.924162e-03,4.690724e-15
84,2.145401e-11,3.907000e-01,1.183498e-09,7.021860e-10,4.791000e-13,3.944262e-11,2.117405e-01,6.156288e-10,5.475454e-10,2.278577e-13,3.841474e-11,3.933719e-01,1.066470e-09,1.293922e-09,5.242460e-13,2.142502e-11,3.645483e-01,6.769862e-10,9.676043e-10,3.562612e-13,7.109481e-08,3.319200e-01,2.097286e-13,7.121689e-10,1.964885e+02,1.592686e+09,8.899372e-08,4.820153e-01,1.789936e-13,6.238293e-10,1.693680e+02,1.626202e+09,6.954879e-08,4.524009e-01,1.351815e-13,6.216640e-10,1.410259e+02,1.970375e+09,1.197028e-02,2.540745e-02,2.361411e-03,4.536785e-15
85,2.209207e-11,3.109882e-01,7.971260e-10,7.381911e-10,3.190891e-13,3.952041e-11,2.979495e-01,6.297908e-10,6.461377e-10,4.606206e-13,3.825967e-11,2.774904e-01,7.929416e-10,7.576111e-10,2.934567e-13,2.102058e-11,2.806740e-01,1.129567e-09,2.846111e-10,3.162173e-13,7.132308e-08,3.441640e-01,1.970123e-13,7.988761e-10,1.901067e+02,1.583859e+09,8.349649e-08,5.292999e-01,2.037167e-13,1.345537e-09,1.447102e+02,1.299415e+09,6.990522e-08,3.410877e-01,1.238836e-13,9.667641e-10,1.880080e+02,1.885366e+09,1.592382e-02,6.653178e-03,3.643880e-03,6.587983e-16
86,2.137307e-11,3.004325e-01,6.276164e-10,1.156304e-09,4.293163e-13,3.907240e-11,2.829602e-01,1.015973e-09,5.750561e-10,3.662066e-13,3.783494e-11,3.473981e-01,8.523657e-10,7.406295e-10,3.838476e-13,2.149661e-11,2.342358e-01,1.147225e-09,1.048522e-09,3.012785e-13,7.343089e-08,3.215217e-01,2.470114e-13,6.447241e-10,2.095083e+02,1.415055e+09,7.511072e-08,3.257781e-01,1.823329e-13,1.383516e-09,2.115012e+02,1.514022e+09,6.260092e-08,3.390568e-01,1.908541e-13,7.741293e-10,1.693718e+02,1.618600e+09,1.258836e-03,6.469791e-03,5.396900e-04,3.319354e-15
87,2.258713e-11,1.083572e-01,1.190517e-09,6.343965e-10,2.351788e-13,3.987598e-11,1.564253e-01,1.191789e-09,9.722201e-10,2.962810e-13,3.782377e-11,2.024745e-01,1.024693e-09,1.266842e-09,2.219716e-13,2.211297e-11,1.488825e-01,6.457085e-10,7.571773e-10,3.886713e-13,7.318256e-08,4.484850e-01,1.626065e-13,1.910492e-09,1.496899e+02,1.578027e+09,7.823550e-08,4.619649e-01,3.234630e-13,1.565867e-09,1.553559e+02,1.073405e+09,6.740835e-08,3.210759e-01,3.236677e-13,7.490530e-10,1.925922e+02,1.196424e+09,9.494460e-04,1.611484e-02,1.128300e-03,3.653155e-15
88,2.132726e-11,2.199174e-01,1.078569e-09,1.290668e-09,2.425965e-13,4.030449e-11,1.748330e-01,1.166063e-09,7.963012e-10,2.887925e-13,3.809849e-11,1.808752e-01,9.040061e-10,1.264719e-09,4.647517e-13,2.256740e-11,2.004424e-01,1.076460e-09,1.005442e-09,3.558113e-13,6.774572e-08,3.010961e-01,1.772235e-13,1.986220e-09,2.063999e+02,1.772964e+09,7.905119e-08,3.487232e-01,1.474784e-13,6.773176e-10,2.079507e+02,1.717244e+09,6.282750e-08,3.444639e-01,2.135145e-13,1.343986e-09,1.673165e+02,1.481069e+09,2.987967e-02,2.997973e-02,3.789586e-03,4.504144e-15
89,2.117717e-11,1.372294e-01,1.183201e-09,1.130098e-09,2.516032e-13,3.724128e-11,1.552153e-01,1.149348e-09,4.075651e-10,3.578371e-13,4.045330e-11,1.124161e-01,8.999855e-10,3.068337e-10,3.587814e-13,2.228014e-11,1.473407e-01,9.756768e-10,6.080924e-10,2.646680e-13,6.290333e-08,3.310326e-01,1.363676e-13,7.455001e-10,1.743154e+02,1.896972e+09,8.556450e-08,3.815970e-01,2.190293e-13,1.248612e-09,2.056939e+02,1.338770e+09,6.636381e-08,3.828728e-01,1.595417e-13,1.861492e-09,1.590045e+02,1.842193e+09,2.572909e-02,2.142173e-02,6.908555e-04,3.232323e-15
90,2.212227e-11,1.673604e-01,1.122453e-09,2.926136e-10,2.983705e-13,3.867337e-11,2.280939e-01,8.070998e-10,1.074393e-09,3.737997e-13,3.900431e-11,2.696852e-01,8.285988e-10,7.852658e-10,5.241035e-13,2.111024e-11,1.751167e-01,8.009943e-10,1.150666e-09,4.765375e-13,6.684615e-08,3.064266e-01,2.627539e-13,5.445231e-10,2.001164e+02,1.271437e+09,8.562372e-08,3.570173e-01,1.557606e-13,1.635633e-09,2.200075e+02,1.769955e+09,6.363520e-08,2.757892e-01,2.239076e-13,1.808837e-09,2.116669e+02,1.627994e+09,7.116434e-03,2.441874e-02,5.115989e-03,1.618218e-15
91,2.254866e-11,1.536360e-01,7.221870e-10,6.381818e-10,2.293253e-13,4.074865e-11,3.392894e-01,8.863235e-10,5.721129e-10,3.091447e-13,4.035550e-11,1.140992e-01,9.914813e-10,1.152204e-09,2.936702e-13,2.228887e-11,1.730846e-01,1.163817e-09,1.031385e-09,5.213545e-13,6.762745e-08,3.027459e-01,1.689608e-13,6.429236e-10,2.049167e+02,1.887957e+09,7.974451e-08,5.207865e-01,2.823356e-13,1.131701e-09,1.404669e+02,1.109695e+09,6.193638e-08,3.941784e-01,2.612225e-13,1.983145e-09,1.441404e+02,1.399222e+09,1.777864e-02,1.960225e-02,4.161901e-03,9.501501e-16
92,2.141887e-11,1.846279e-01,8.871076e-10,3.855871e-10,3.223092e-13,3.873701e-11,3.404699e-01,7.528368e-10,1.019503e-09,4.750533e-13,3.920383e-11,3.173672e-01,6.460047e-10,5.847264e-10,3.236684e-13,2.212947e-11,3.553024e-01,6.207038e-10,5.978964e-10,3.661277e-13,6.517701e-08,4.555719e-01,2.291598e-13,9.838332e-10,1.312412e+02,1.613367e+09,7.606262e-08,4.487411e-01,3.040811e-13,1.606127e-09,1.554920e+02,1.096401e+09,6.996088e-08,3.484439e-01,1.344425e-13,7.431009e-10,1.841854e+02,1.951643e+09,2.633897e-02,3.303701e-03,4.345174e-03,3.864258e-15
93,2.192366e-11,2.854449e-01,8.003561e-10,4.056399e-10,2.397490e-13,3.951910e-11,2.091444e-01,8.620332e-10,5.012964e-10,3.761412e-13,3.975477e-11,1.472289e-01,1.092664e-09,5.200658e-10,2.387681e-13,2.279415e-11,1.367958e-01,1.126798e-09,9.220933e-10,4.283970e-13,6.660903e-08,4.131721e-01,2.139367e-13,1.409939e-09,1.478886e+02,1.553645e+09,8.701227e-08,4.281025e-01,1.804104e-13,1.794741e-09,1.864513e+02,1.412340e+09,6.842914e-08,3.461520e-01,2.488361e-13,1.693688e-09,1.813456e+02,1.343186e+09,7.602062e-03,2.335040e-02,3.852202e-03,1.523534e-15
94,2.254320e-11,2.571595e-01,1.096011e-09,8.349736e-10,1.683885e-13,3.999944e-11,2.678452e-01,9.950350e-10,5.342130e-10,3.994371e-13,4.025011e-11,3.466810e-01,1.134267e-09,9.959759e-10,2.883566e-13,2.293108e-11,1.997449e-01,1.032092e-09,5.766407e-10,1.922245e-13,7.097452e-08,4.589512e-01,1.516801e-13,1.152890e-09,1.418628e+02,1.705962e+09,8.095243e-08,3.496367e-01,2.453836e-13,1.133376e-09,2.123956e+02,1.313860e+09,7.144343e-08,3.239173e-01,2.325889e-13,5.711830e-10,2.023303e+02,1.414861e+09,1.249676e-03,2.334476e-02,1.662065e-03,4.050041e-15
95,2.124625e-11,1.722405e-01,9.208928e-10,7.083186e-10,3.728942e-13,3.778514e-11,3.186133e-01,1.017856e-09,4.506151e-10,2.218514e-13,3.824906e-11,1.208017e-01,1.003444e-09,9.712286e-10,1.970773e-13,2.242954e-11,3.192347e-01,7.623061e-10,8.672109e-10,4.511682e-13,6.665447e-08,3.871892e-01,1.792548e-13,7.450300e-10,1.579206e+02,1.641296e+09,7.585361e-08,4.736404e-01,2.542267e-13,5.094333e-10,1.469130e+02,1.289886e+09,6.482571e-08,3.096700e-01,1.295277e-13,8.920028e-10,1.920352e+02,2.055310e+09,3.878735e-04,9.256568e-03,3.749485e-03,2.926275e-15
96,2.106202e-11,2.795138e-01,1.091496e-09,8.602188e-10,3.721673e-13,3.862565e-11,1.445897e-01,8.778311e-10,1.085431e-09,2.547085e-13,3.873544e-11,3.364630e-01,1.061816e-09,4.357170e-10,2.227706e-13,2.196026e-11,3.887371e-01,7.647201e-10,4.321671e-10,2.876404e-13,7.169295e-08,3.103597e-01,2.260876e-13,1.526540e-09,2.119063e+02,1.320150e+09,7.958964e-08,4.492938e-01,1.747571e-13,8.750835e-10,1.625020e+02,1.584669e+09,6.187770e-08,4.237380e-01,1.635029e-13,1.324710e-09,1.339583e+02,1.864133e+09,2.997673e-02,1.661822e-02,3.543646e-04,2.561978e-15
97,2.152481e-11,3.581416e-01,6.847074e-10,5.993130e-10,2.793101e-13,3.992511e-11,2.660504e-01,9.510540e-10,1.039737e-09,2.703710e-13,3.862632e-11,2.151500e-01,6.950843e-10,4.122454e-10,1.813055e-13,2.273236e-11,3.381423e-01,8.389771e-10,5.835761e-10,2.829874e-13,7.219771e-08,3.707632e-01,1.642954e-13,1.001337e-09,1.786321e+02,1.936393e+09,8.843085e-08,4.191056e-01,1.674688e-13,1.931356e-09,1.935589e+02,1.640624e+09,6.457183e-08,3.203675e-01,1.315864e-13,1.807509e-09,1.848959e+02,1.918560e+09,2.964348e-02,1.803584e-02,2.899547e-03,2.263802e-15
98,2.203405e-11,3.738616e-01,6.667843e-10,9.170730e-10,2.682958e-13,3.815059e-11,1.363598e-01,1.028421e-09,5.828488e-10,3.871093e-13,3.990427e-11,3.428793e-01,8.052434e-10,6.045638e-10,3.482175e-13,2.290867e-11,3.041282e-01,8.980514e-10,8.061458e-10,1.997044e-13,6.177043e-08,3.954885e-01,2.367743e-13,1.027765e-09,1.432780e+02,1.487172e+09,8.210885e-08,3.619210e-01,1.873648e-13,1.440445e-09,2.081176e+02,1.377404e+09,6.836254e-08,3.002676e-01,1.488672e-13,1.723249e-09,2.088538e+02,1.851318e+09,6.195185e-03,2.117531e-03,4.550576e-03,2.129852e-15
99,2.094784e-11,2.975967e-01,1.070535e-09,7.298907e-10,3.798791e-13,3.844738e-11,2.529788e-01,9.921882e-10,4.241391e-10,3.598915e-13,3.948436e-11,3.388977e-01,9.098366e-10,1.101752e-09,2.190059e-13,2.183462e-11,2.790031e-01,6.955200e-10,3.434008e-10,2.184947e-13,6.896850e-08,2.977893e-01,1.904928e-13,1.339289e-09,2.124586e+02,1.776204e+09,7.990145e-08,4.830394e-01,3.429807e-13,8.064356e-10,1.517417e+02,1.084355e+09,6.182619e-08,3.448331e-01,1.966765e-13,1.908849e-09,1.644736e+02,1.722621e+09,1.319360e-02,6.336425e-03,3.616356e-03,3.567652e-15
100,2.198016e-11,3.050904e-01,1.059155e-09,9.425980e-10,3.367261e-13,3.877633e-11,2.647704e-01,1.148768e-09,7.342700e-10,1.805143e-13,4.026712e-11,1.245932e-01,8.283827e-10,1.296339e-09,2.463318e-13,2.090233e-11,2.503646e-01,1.163862e-09,7.867463e-10,5.009259e-13,7.196022e-08,3.760821e-01,1.753650e-13,1.389889e-09,1.755264e+02,1.524506e+09,7.443780e-08,4.440813e-01,2.023609e-13,1.345063e-09,1.537672e+02,1.448401e+09,6.666322e-08,3.005102e-01,1.295858e-13,8.057330e-10,2.034979e+02,1.864763e+09,2.727197e-02,1.602030e-02,9.822886e-04,4.858844e-15
101,2.107364e-11,3.805741e-01,8.910634e-10,7.279811e-10,4.330412e-13,4.075781e-11,3.436195e-01,1.023220e-09,7.853091e-10,4.099140e-13,3.821326e-11,1.217229e-01,9.976656e-10,4.652558e-10,2.569984e-13,2.098590e-11,3.034194e-01,9.925436e-10,7.111474e-10,3.110325e-13,6.259122e-08,3.556663e-01,2.097160e-13,8.079404e-10,1.614371e+02,1.494960e+09,8.020871e-08,5.028586e-01,1.556434e-13,1.176875e-09,1.463216e+02,1.761042e+09,6.311351e-08,3.556211e-01,1.615805e-13,1.314885e-09,1.628049e+02,1.840524e+09,2.844157e-02,1.992829e-02,5.200925e-03,6.486355e-16
102,2.247095e-11,3.478866e-01,7.545721e-10,1.069482e-09,2.819645e-13,3.939444e-11,2.232877e-01,9.526436e-10,1.085172e-09,3.007991e-13,3.855135e-11,2.865928e-01,9.971218e-10,9.508463e-10,3.241848e-13,2.096697e-11,2.516010e-01,9.984085e-10,1.185127e-09,4.616931e-13,6.814989e-08,4.184296e-01,2.694345e-13,6.753546e-10,1.494086e+02,1.263362e+09,8.608037e-08,4.012307e-01,3.132843e-13,1.551298e-09,1.968080e+02,1.080379e+09,7.101566e-08,4.025886e-01,1.509510e-13,1.971855e-09,1.618175e+02,1.756643e+09,2.653408e-04,1.372118e-02,5.248197e-03,4.271510e-15
103,2.243639e-11,2.246051e-01,9.582422e-10,4.093236e-10,5.134216e-13,3.897571e-11,3.741766e-01,1.002762e-09,9.199272e-10,1.830410e-13,4.086403e-11,3.808627e-01,1.048642e-09,7.026545e-10,2.571197e-13,2.101096e-11,1.638335e-01,6.861506e-10,9.495022e-10,3.910874e-13,6.197710e-08,4.003753e-01,2.107788e-13,1.379323e-09,1.420027e+02,1.663028e+09,8.087559e-08,5.182544e-01,2.443436e-13,1.963156e-09,1.431552e+02,1.230146e+09,7.334611e-08,3.670732e-01,1.191872e-13,1.777467e-09,1.832978e+02,2.035110e+09,1.163222e-02,1.381882e-02,4.894335e-03,2.704553e-15
104,2.209011e-11,2.162257e-01,7.913266e-10,1.087370e-09,3.732063e-13,3.799311e-11,1.402227e-01,7.403166e-10,4.862690e-10,3.366263e-13,3.723798e-11,1.341240e-01,6.318770e-10,2.801699e-10,4.762138e-13,2.286082e-11,2.640626e-01,6.840460e-10,7.887154e-10,1.942497e-13,6.215268e-08,3.802441e-01,3.269336e-13,1.134300e-09,1.499444e+02,1.268714e+09,7.982318e-08,3.343343e-01,2.289728e-13,1.357862e-09,2.190185e+02,1.249324e+09,6.253072e-08,4.065519e-01,2.036501e-13,1.737355e-09,1.410945e+02,1.511727e+09,1.669010e-02,4.781349e-03,6.911145e-04,3.947716e-15
105,2.095792e-11,3.338537e-01,1.104842e-09,8.353133e-10,2.355766e-13,3.755037e-11,3.040523e-01,1.070302e-09,1.049685e-09,2.207711e-13,4.064172e-11,1.754849e-01,9.024955e-10,6.890970e-10,5.093545e-13,2.234505e-11,1.943881e-01,6.451352e-10,6.386968e-10,5.072447e-13,6.974087e-08,4.036937e-01,1.583016e-13,5.777170e-10,1.584777e+02,1.992359e+09,8.096656e-08,3.496917e-01,2.072891e-13,1.761794e-09,2.123993e+02,1.394897e+09,6.800226e-08,4.700651e-01,1.427875e-13,1.543034e-09,1.327083e+02,1.879403e+09,1.863447e-02,2.644679e-02,4.354699e-04,2.763810e-15
106,2.180722e-11,1.465209e-01,1.078022e-09,1.042672e-09,3.611729e-13,3.851064e-11,2.807385e-01,9.701777e-10,6.719470e-10,5.154893e-13,3.964967e-11,1.318068e-01,1.002423e-09,5.551919e-10,5.270475e-13,2.292083e-11,3.775126e-01,8.772677e-10,7.100745e-10,3.861299e-13,6.181719e-08,2.660418e-01,1.499217e-13,1.805709e-09,2.131533e+02,1.796340e+09,8.169362e-08,5.517469e-01,2.035445e-13,1.338140e-09,1.358254e+02,1.555871e+09,6.121955e-08,2.988066e-01,1.289740e-13,1.325251e-09,1.879458e+02,2.043319e+09,2.098174e-02,1.636717e-02,3.008865e-03,4.441337e-15
107,2.227756e-11,1.967084e-01,1.037911e-09,5.241855e-10,2.393601e-13,3.843358e-11,2.779560e-01,6.188109e-10,4.881199e-10,2.604353e-13,3.865308e-11,1.371037e-01,7.754740e-10,9.181129e-10,1.736754e-13,2.215181e-11,2.187160e-01,9.409109e-10,1.077529e-09,3.806354e-13,6.613533e-08,3.051076e-01,2.793065e-13,9.655319e-10,1.988444e+02,1.364332e+09,7.464283e-08,3.114692e-01,3.743515e-13,1.161621e-09,2.198395e+02,1.066016e+09,6.764035e-08,3.562788e-01,2.381777e-13,1.410762e-09,1.741601e+02,1.434231e+09,1.859172e-02,1.513712e-02,4.746958e-03,2.178469e-15
108,2.123625e-11,2.932938e-01,9.119068e-10,4.855749e-10,4.389763e-13,3.834465e-11,2.683849e-01,1.118417e-09,3.421918e-10,2.714375e-13,3.915789e-11,3.136394e-01,1.079304e-09,7.453711e-10,3.599629e-13,2.238354e-11,2.573780e-01,1.080907e-09,5.505023e-10,2.951177e-13,6.332862e-08,3.091921e-01,1.493934e-13,1.792449e-09,1.878903e+02,1.807317e+09,7.455531e-08,3.980728e-01,1.741551e-13,1.848459e-09,1.718102e+02,1.835149e+09,7.126853e-08,3.076360e-01,1.624928e-13,1.376674e-09,2.125169e+02,1.803074e+09,1.357315e-02,1.609197e-02,1.643162e-03,1.048353e-15
109,2.238707e-11,3.964572e-01,7.565949e-10,1.021384e-09,4.865891e-13,3.711735e-11,2.963962e-01,8.825855e-10,7.776488e-10,4.600659e-13,3.807227e-11,2.048675e-01,1.085339e-09,4.553833e-10,3.468250e-13,2.158714e-11,1.042676e-01,1.100317e-09,1.084889e-09,2.820430e-13,6.835443e-08,4.221919e-01,2.994552e-13,1.751239e-09,1.485216e+02,1.224072e+09,8.905980e-08,5.393918e-01,1.756232e-13,1.401837e-09,1.514642e+02,1.619909e+09,7.414846e-08,4.692377e-01,2.108366e-13,1.417086e-09,1.449579e+02,1.523990e+09,3.948417e-03,1.129379e-02,3.291086e-03,3.372984e-15
110,2.135964e-11,3.673656e-01,1.176239e-09,1.042828e-09,4.060420e-13,3.792537e-11,2.317128e-01,7.199868e-10,4.868027e-10,3.287006e-13,4.053674e-11,2.287375e-01,8.542537e-10,9.356956e-10,4.438131e-13,2.118401e-11,1.968697e-01,7.398548e-10,3.973573e-10,4.982539e-13,6.264507e-08,3.249149e-01,1.448442e-13,1.125273e-09,1.768683e+02,1.985901e+09,8.371562e-08,3.612745e-01,2.570957e-13,5.058050e-10,2.125700e+02,1.240305e+09,6.816651e-08,4.435184e-01,1.713886e-13,1.479454e-09,1.409913e+02,1.887475e+09,1.788242e-02,1.137258e-02,3.106115e-03,1.587796e-15
111,2.280026e-11,3.318956e-01,7.160258e-10,1.023768e-09,3.348611e-13,4.047082e-11,3.670018e-01,1.000708e-09,2.802663e-10,3.875579e-13,3.781973e-11,1.086321e-01,7.747311e-10,8.533072e-10,4.869669e-13,2.142434e-11,3.784890e-01,1.164986e-09,1.095422e-09,1.838070e-13,7.046344e-08,4.851950e-01,1.568492e-13,1.627721e-09,1.332233e+02,1.984855e+09,8.523983e-08,4.503621e-01,1.809669e-13,1.294336e-09,1.736255e+02,1.453270e+09,6.358583e-08,3.006445e-01,2.930335e-13,5.708488e-10,1.940170e+02,1.223205e+09,9.823728e-04,1.020307e-03,3.091236e-04,2.738166e-15
112,2.290026e-11,1.506101e-01,1.076839e-09,7.093948e-10,3.622161e-13,4.028265e-11,1.849222e-01,8.912797e-10,6.046113e-10,2.366380e-13,3.705731e-11,1.925195e-01,1.198518e-09,4.119916e-10,5.038528e-13,2.166704e-11,3.054284e-01,6.680810e-10,7.833811e-10,3.924032e-13,7.279830e-08,4.232453e-01,2.154003e-13,1.976198e-09,1.577836e+02,1.591234e+09,8.580962e-08,3.675103e-01,1.125259e-13,1.746533e-09,2.141900e+02,1.821216e+09,6.844578e-08,3.821157e-01,2.486515e-13,1.482339e-09,1.643178e+02,1.415834e+09,1.779153e-02,2.717111e-02,4.820436e-03,2.800645e-15
113,2.276586e-11,1.709940e-01,1.015783e-09,9.030036e-10,2.902742e-13,3.847998e-11,2.990108e-01,8.290697e-10,6.739419e-10,3.212059e-13,3.809000e-11,2.295298e-01,6.956523e-10,8.924046e-10,3.253768e-13,2.237641e-11,2.540460e-01,8.865915e-10,9.252980e-10,3.852667e-13,7.095695e-08,4.733957e-01,2.925032e-13,1.476190e-09,1.375002e+02,1.279588e+09,7.717043e-08,4.815921e-01,2.117106e-13,1.244508e-09,1.469956e+02,1.383255e+09,6.945898e-08,4.087278e-01,1.805962e-13,1.696194e-09,1.558931e+02,1.640066e+09,1.391375e-02,2.443469e-03,2.706844e-03,4.301821e-15
114,2.094079e-11,1.163603e-01,8.987734e-10,9.529868e-10,1.702415e-13,3.952154e-11,1.366271e-01,1.197550e-09,3.167023e-10,3.947678e-13,3.801149e-11,1.486402e-01,1.117520e-09,5.243518e-10,3.806821e-13,2.306026e-11,3.885019e-01,8.850264e-10,1.240777e-09,1.929161e-13,7.211261e-08,3.948026e-01,1.908224e-13,7.038276e-10,1.675576e+02,1.692132e+09,8.165551e-08,5.001907e-01,1.778305e-13,1.426167e-09,1.497554e+02,1.668253e+09,6.184009e-08,3.762930e-01,1.888228e-13,8.577041e-10,1.507567e+02,1.683760e+09,2.373231e-02,1.246560e-02,2.716856e-04,7.069400e-16
115,2.165249e-11,1.100772e-01,7.794644e-10,8.202162e-10,3.932248e-13,3.808773e-11,1.336416e-01,6.584721e-10,9.324416e-10,5.064283e-13,3.719111e-11,2.371786e-01,6.330211e-10,8.352346e-10,2.879293e-13,2.308633e-11,3.886416e-01,9.448811e-10,7.978695e-10,3.689785e-13,6.256257e-08,2.831806e-01,1.240174e-13,1.849316e-09,2.026673e+02,1.980314e+09,7.522561e-08,3.345509e-01,1.742389e-13,5.555513e-10,2.062701e+02,1.518779e+09,6.776443e-08,4.378694e-01,2.300546e-13,5.575050e-10,1.419678e+02,1.415567e+09,4.703300e-03,2.719596e-02,4.692554e-03,3.304855e-15
116,2.243175e-11,3.312678e-01,1.061550e-09,5.867315e-10,4.887692e-13,3.726059e-11,3.837138e-01,1.005258e-09,1.097204e-09,2.463987e-13,3.995142e-11,2.023281e-01,1.172459e-09,1.100149e-09,5.210328e-13,2.182504e-11,3.711604e-01,1.177318e-09,1.048529e-09,2.549187e-13,7.014621e-08,3.514360e-01,1.545568e-13,8.602312e-10,1.831010e+02,1.859169e+09,8.539849e-08,3.775988e-01,3.055508e-13,9.540356e-10,2.074686e+02,1.119310e+09,6.630954e-08,4.473411e-01,2.625976e-13,9.163732e-10,1.359784e+02,1.437000e+09,2.401032e-02,2.790656e-02,2.449158e-03,6.171712e-16
117,2.292136e-11,1.362859e-01,8.050766e-10,1.013715e-09,2.642782e-13,3.770760e-11,1.757564e-01,1.022684e-09,3.254114e-10,3.761986e-13,3.909347e-11,1.376627e-01,1.129026e-09,5.255376e-10,4.624869e-13,2.202848e-11,1.139759e-01,1.094138e-09,5.930696e-10,2.125675e-13,7.296130e-08,4.785524e-01,1.881801e-13,7.418778e-10,1.398607e+02,1.537533e+09,7.720417e-08,3.761575e-01,3.088412e-13,1.588929e-09,1.882798e+02,1.170921e+09,6.653330e-08,2.932765e-01,2.534079e-13,1.632251e-09,2.081108e+02,1.382332e+09,2.818338e-03,2.624783e-02,3.635665e-03,3.212103e-15
118,2.264928e-11,2.261142e-01,9.493918e-10,8.810509e-10,4.453477e-13,3.870299e-11,1.458227e-01,8.390860e-10,1.158165e-09,3.729631e-13,3.840849e-11,1.928343e-01,8.032596e-10,9.142063e-10,2.653659e-13,2.182560e-11,3.261635e-01,6.991676e-10,1.287541e-09,2.981918e-13,7.368348e-08,3.440781e-01,1.238648e-13,1.327347e-09,1.964472e+02,2.035441e+09,8.497280e-08,4.219257e-01,2.199481e-13,8.904906e-10,1.847467e+02,1.438548e+09,6.813171e-08,3.541054e-01,1.749203e-13,1.048768e-09,1.765020e+02,1.771700e+09,4.611887e-03,1.095078e-02,1.934739e-03,4.079918e-15
119,2.136222e-11,1.476014e-01,1.047203e-09,6.912129e-10,2.558071e-13,3.801403e-11,2.937498e-01,9.979144e-10,1.117250e-09,3.842665e-13,3.913760e-11,2.042206e-01,6.129445e-10,7.203111e-10,1.973258e-13,2.174060e-11,2.627716e-01,8.851807e-10,7.555231e-10,3.735524e-13,7.226955e-08,3.793983e-01,1.314031e-13,6.461681e-10,1.747401e+02,2.037011e+09,8.684714e-08,5.715452e-01,1.786868e-13,1.866234e-09,1.393920e+02,1.633575e+09,6.346511e-08,3.033522e-01,1.807054e-13,7.354645e-10,1.919202e+02,1.845511e+09,4.630107e-03,1.647841e-02,4.537159e-03,3.942334e-15
120,2.115176e-11,3.976739e-01,7.845729e-10,9.755331e-10,3.829645e-13,3.953299e-11,1.974016e-01,1.048727e-09,1.043370e-09,5.063879e-13,3.927551e-11,2.396763e-01,6.344374e-10,1.026979e-09,2.539531e-13,2.108816e-11,3.343158e-01,8.948765e-10,9.253427e-10,4.756674e-13,6.309786e-08,3.521180e-01,1.876081e-13,8.079464e-10,1.643838e+02,1.774194e+09,8.674506e-08,3.775171e-01,1.844878e-13,6.161704e-10,2.107856e+02,1.642121e+09,6.173510e-08,3.251390e-01,1.711828e-13,1.708172e-09,1.741790e+02,2.031055e+09,6.852167e-03,1.959986e-02,1.582975e-03,3.979321e-15
121,2.259752e-11,2.142436e-01,8.293917e-10,1.279999e-09,2.402056e-13,4.076384e-11,1.753239e-01,8.915019e-10,7.029803e-10,4.609478e-13,4.045735e-11,2.884525e-01,6.109471e-10,6.507550e-10,3.715417e-13,2.184630e-11,1.362034e-01,7.847692e-10,1.182062e-09,2.753867e-13,6.210925e-08,3.317096e-01,2.141842e-13,6.396641e-10,1.717635e+02,1.491516e+09,7.616808e-08,3.839875e-01,2.528922e-13,1.644605e-09,1.819654e+02,1.286724e+09,7.120063e-08,3.984110e-01,2.274248e-13,1.864122e-09,1.639401e+02,1.506600e+09,1.859747e-03,1.951209e-03,1.314134e-03,2.128294e-15
122,2.180389e-11,1.992244e-01,9.971180e-10,4.229411e-10,4.478134e-13,3.927107e-11,2.277314e-01,6.412581e-10,9.499971e-10,3.863052e-13,3.898005e-11,3.279692e-01,1.042380e-09,8.604015e-10,3.223501e-13,2.178711e-11,2.597256e-01,6.259826e-10,1.193365e-09,2.440655e-13,7.178756e-08,3.541917e-01,1.752466e-13,1.791335e-09,1.859275e+02,1.712814e+09,7.694814e-08,3.613922e-01,1.448602e-13,1.034718e-09,1.953224e+02,1.691267e+09,7.327046e-08,4.233836e-01,1.158218e-13,1.910546e-09,1.587551e+02,1.946771e+09,1.989601e-02,1.550768e-02,4.913469e-03,3.590009e-15
123,2.093147e-11,3.477267e-01,1.038495e-09,5.404187e-10,2.033987e-13,4.093489e-11,3.347138e-01,1.091815e-09,9.590119e-10,3.161335e-13,3.804351e-11,3.275528e-01,6.345163e-10,6.849015e-10,4.999552e-13,2.241255e-11,1.789071e-01,1.126785e-09,7.784780e-10,4.197176e-13,7.473556e-08,4.479587e-01,2.348722e-13,6.738861e-10,1.530460e+02,1.455375e+09,8.058111e-08,3.576417e-01,2.253892e-13,1.595923e-09,2.066892e+02,1.448892e+09,6.306013e-08,4.050974e-01,1.448746e-13,1.440333e-09,1.428000e+02,1.872091e+09,1.895298e-02,2.552315e-02,4.359492e-03,3.933052e-15
124,2.096070e-11,2.404004e-01,9.427767e-10,1.237754e-09,2.706452e-13,3.736426e-11,2.768798e-01,1.012065e-09,1.028696e-09,2.425499e-13,3.873620e-11,3.755065e-01,6.195325e-10,1.158461e-09,4.787751e-13,2.127825e-11,3.255831e-01,1.107399e-09,1.042396e-09,2.875065e-13,7.427848e-08,3.552092e-01,2.261150e-13,5.764041e-10,1.918278e+02,1.466679e+09,8.477709e-08,4.573901e-01,1.814430e-13,1.525353e-09,1.700296e+02,1.402100e+09,6.947710e-08,4.462843e-01,1.737009e-13,1.864826e-09,1.428114e+02,1.912634e+09,1.321072e-02,1.155490e-02,1.205829e-03,2.397653e-15
125,2.255246e-11,3.187818e-01,1.033466e-09,1.252617e-09,3.792411e-13,3.990227e-11,1.748085e-01,6.993942e-10,5.076911e-10,5.135319e-13,3.937344e-11,1.991889e-01,1.041684e-09,8.309752e-10,4.917061e-13,2.251830e-11,2.081025e-01,8.693184e-10,3.675332e-10,3.720538e-13,7.211525e-08,3.053627e-01,2.208024e-13,7.304864e-10,2.166426e+02,1.374202e+09,7.867195e-08,5.329207e-01,2.439007e-13,1.449784e-09,1.354223e+02,1.364557e+09,6.815936e-08,3.278226e-01,1.872317e-13,1.661663e-09,1.907301e+02,1.691111e+09,2.868052e-02,2.511921e-02,3.296231e-03,6.602542e-16
126,2.098502e-11,1.443394e-01,9.032695e-10,1.012582e-09,2.240973e-13,3.722988e-11,1.242494e-01,6.237447e-10,1.191188e-09,5.292986e-13,4.006977e-11,1.486326e-01,6.564473e-10,8.549174e-10,4.128468e-13,2.150486e-11,2.111573e-01,9.373183e-10,3.720713e-10,3.448446e-13,7.319401e-08,3.249652e-01,1.434167e-13,1.242467e-09,2.066195e+02,1.935993e+09,7.604243e-08,4.748440e-01,2.066043e-13,6.224809e-10,1.469054e+02,1.414557e+09,7.129564e-08,4.441929e-01,2.612035e-13,5.304877e-10,1.472394e+02,1.309050e+09,2.014341e-03,2.865105e-02,4.426104e-04,1.338126e-15
127,2.105183e-11,1.992252e-01,6.898154e-10,8.911924e-10,4.219006e-13,3.833274e-11,1.504187e-01,1.095443e-09,6.083554e-10,4.055238e-13,3.842196e-11,3.710284e-01,8.053014e-10,9.325872e-10,3.357813e-13,2.190003e-11,3.948705e-01,1.121940e-09,3.132558e-10,4.531729e-13,7.445224e-08,3.868315e-01,2.494763e-13,1.618018e-09,1.765585e+02,1.238017e+09,8.053222e-08,4.335805e-01,1.452156e-13,1.124342e-09,1.703855e+02,1.696532e+09,6.280739e-08,3.275623e-01,2.005659e-13,1.125056e-09,1.758934e+02,1.533696e+09,1.227387e-02,4.960674e-04,2.394933e-03,4.558824e-15
128,2.122843e-11,1.766201e-01,7.694022e-10,1.292953e-09,2.779791e-13,3.706144e-11,3.415572e-01,6.796679e-10,5.203847e-10,4.875691e-13,3.712243e-11,3.916732e-01,8.142256e-10,7.490924e-10,3.374854e-13,2.294794e-11,2.968525e-01,1.109532e-09,4.681677e-10,4.391560e-13,7.241651e-08,4.815594e-01,2.213819e-13,5.066868e-10,1.379496e+02,1.543326e+09,8.914534e-08,4.239539e-01,1.788855e-13,9.934615e-10,1.928913e+02,1.553987e+09,7.416262e-08,3.659191e-01,1.689041e-13,8.876811e-10,1.859228e+02,1.570947e+09,1.996336e-02,1.916121e-02,7.404109e-04,2.530504e-15
129,2.306872e-11,2.945585e-01,6.771180e-10,8.147257e-10,5.289449e-13,3.973927e-11,2.436667e-01,6.545394e-10,1.286615e-09,2.450686e-13,3.879231e-11,1.046901e-01,8.617517e-10,3.937259e-10,4.203354e-13,2.273426e-11,2.346959e-01,1.031672e-09,8.510449e-10,2.274285e-13,6.607059e-08,4.275109e-01,1.581697e-13,7.788202e-10,1.417731e+02,2.033155e+09,7.538420e-08,4.278844e-01,1.932243e-13,1.170266e-09,1.616168e+02,1.720702e+09,6.241713e-08,2.977128e-01,1.604629e-13,1.857860e-09,1.923264e+02,1.702000e+09,1.945473e-02,2.381779e-03,2.810632e-04,2.802088e-15
130,2.105531e-11,2.264902e-01,1.177812e-09,7.901869e-10,4.022977e-13,3.979681e-11,1.832330e-01,1.192512e-09,4.620508e-10,3.320911e-13,3.971761e-11,3.175438e-01,8.456510e-10,9.839539e-10,2.370146e-13,2.201458e-11,3.659092e-01,7.325879e-10,7.842758e-10,5.017424e-13,6.289077e-08,2.989032e-01,2.098772e-13,1.575197e-09,1.930141e+02,1.654131e+09,7.827968e-08,4.840554e-01,3.306418e-13,7.173940e-10,1.483497e+02,1.096627e+09,7.387619e-08,3.345351e-01,1.742738e-13,1.197171e-09,2.025795e+02,1.600103e+09,6.130339e-03,6.877210e-04,4.124194e-03,4.795349e-15
131,2.159332e-11,2.528077e-01,1.089793e-09,3.915958e-10,5.185643e-13,3.991775e-11,3.827419e-01,9.118978e-10,5.355308e-10,2.650425e-13,3.760375e-11,1.788833e-01,1.070366e-09,1.139838e-09,1.876708e-13,2.117100e-11,1.617196e-01,8.244706e-10,1.207195e-09,3.335229e-13,7.014583e-08,3.288598e-01,2.654378e-13,1.061599e-09,1.956698e+02,1.277830e+09,7.736169e-08,4.444459e-01,1.779790e-13,5.379024e-10,1.596760e+02,1.543678e+09,6.612687e-08,4.454502e-01,1.431358e-13,1.668081e-09,1.361794e+02,1.804948e+09,2.561635e-02,8.793492e-03,4.052467e-03,6.794401e-16
132,2.172824e-11,1.198676e-01,1.019789e-09,7.186470e-10,1.908836e-13,3.784011e-11,1.821902e-01,6.128837e-10,3.295454e-10,1.863251e-13,3.863996e-11,2.323262e-01,1.041561e-09,5.502186e-10,2.373149e-13,2.213557e-11,3.220447e-01,1.044443e-09,4.501367e-10,4.724404e-13,7.184722e-08,4.324887e-01,2.705397e-13,1.893740e-09,1.523940e+02,1.226830e+09,7.526354e-08,4.686390e-01,2.970796e-13,1.850264e-09,1.473258e+02,1.108190e+09,6.456899e-08,3.653293e-01,2.721140e-13,9.337947e-10,1.621333e+02,1.283892e+09,2.389268e-02,9.149366e-03,4.984584e-03,3.716483e-15
133,2.136812e-11,2.947765e-01,1.061337e-09,9.299405e-10,3.145346e-13,4.090135e-11,3.523201e-01,9.973141e-10,3.104063e-10,2.219182e-13,4.012991e-11,1.197344e-01,9.902716e-10,9.600553e-10,4.815896e-13,2.161822e-11,2.041946e-01,1.132385e-09,8.702329e-10,2.044856e-13,6.546988e-08,4.215008e-01,1.324515e-13,1.492912e-09,1.424872e+02,1.944099e+09,8.743688e-08,5.206437e-01,2.426109e-13,6.608895e-10,1.540589e+02,1.152903e+09,6.362107e-08,3.327498e-01,1.380671e-13,1.049137e-09,1.753945e+02,1.918566e+09,1.719911e-02,6.319222e-03,1.651314e-03,7.362007e-16
134,2.169638e-11,1.025691e-01,1.042901e-09,1.286707e-09,4.872229e-13,4.039016e-11,2.746038e-01,6.936539e-10,9.951978e-10,4.635505e-13,3.985264e-11,2.857227e-01,9.689291e-10,8.207576e-10,2.284111e-13,2.180053e-11,3.946709e-01,1.164751e-09,6.262288e-10,2.458641e-13,7.306053e-08,4.335070e-01,1.075878e-13,1.353422e-09,1.546035e+02,2.047537e+09,8.120342e-08,4.163097e-01,1.716283e-13,1.209272e-09,1.789330e+02,1.829393e+09,6.691133e-08,3.578247e-01,2.263003e-13,1.790470e-09,1.715387e+02,1.537928e+09,1.413710e-02,1.382314e-02,1.295023e-03,1.373383e-15
135,2.227892e-11,1.784260e-01,1.098382e-09,7.091993e-10,5.260940e-13,3.824282e-11,2.506553e-01,7.557629e-10,3.719381e-10,3.050850e-13,3.946619e-11,3.084618e-01,8.422959e-10,6.650403e-10,4.094759e-13,2.187530e-11,3.373798e-01,7.709400e-10,5.785966e-10,2.009268e-13,7.465516e-08,3.182809e-01,1.168978e-13,1.546943e-09,2.151701e+02,2.063942e+09,8.790242e-08,4.340983e-01,1.604992e-13,1.772705e-09,1.857571e+02,1.622926e+09,7.107583e-08,3.096235e-01,2.240103e-13,7.376343e-10,2.105818e+02,1.564290e+09,2.541556e-03,1.164615e-02,3.442252e-03,2.954232e-15
136,2.122253e-11,1.685599e-01,1.036640e-09,6.817178e-10,2.768440e-13,3.860661e-11,3.378768e-01,7.642122e-10,5.901030e-10,3.910552e-13,3.828986e-11,3.915249e-01,9.545624e-10,3.112360e-10,5.115585e-13,2.136401e-11,2.712472e-01,8.582453e-10,1.020610e-09,3.269834e-13,7.114206e-08,4.286406e-01,1.761694e-13,8.423098e-10,1.522530e+02,1.897236e+09,8.090562e-08,4.726014e-01,1.237579e-13,1.587463e-09,1.570422e+02,1.791704e+09,7.264280e-08,4.552566e-01,1.647624e-13,1.420768e-09,1.463757e+02,1.842199e+09,1.409602e-02,2.850375e-02,5.093899e-03,3.563832e-15
137,2.142769e-11,2.165648e-01,9.414545e-10,1.274759e-09,4.603503e-13,3.734334e-11,3.930162e-01,1.150070e-09,3.924801e-10,2.441897e-13,3.938720e-11,3.271348e-01,9.510240e-10,1.107242e-09,4.754886e-13,2.168628e-11,3.484907e-01,1.162469e-09,1.121965e-09,3.592468e-13,6.841132e-08,3.543408e-01,2.819067e-13,1.222391e-09,1.771085e+02,1.274842e+09,8.369640e-08,5.077336e-01,1.858925e-13,5.817447e-10,1.512180e+02,1.493556e+09,7.210819e-08,3.083195e-01,2.384035e-13,7.755001e-10,2.145440e+02,1.414021e+09,4.018216e-03,2.649757e-02,3.134200e-03,6.291989e-16
138,2.266223e-11,1.841095e-01,1.198342e-09,1.293985e-09,3.406519e-13,4.004806e-11,2.642871e-01,6.125806e-10,5.225208e-10,1.796686e-13,3.936487e-11,1.801085e-01,9.234293e-10,5.921886e-10,5.217896e-13,2.166386e-11,3.455948e-01,7.826921e-10,3.446334e-10,3.555130e-13,6.409908e-08,3.239856e-01,2.434832e-13,1.208181e-09,1.814925e+02,1.554278e+09,7.412381e-08,4.316787e-01,3.496715e-13,1.752307e-09,1.575179e+02,1.123174e+09,6.683761e-08,3.449716e-01,1.811477e-13,1.352361e-09,1.777339e+02,1.818520e+09,2.751736e-02,2.257612e-02,1.828871e-03,1.284615e-15
139,2.118641e-11,1.331373e-01,6.341839e-10,8.484509e-10,3.341012e-13,3.923331e-11,3.909693e-01,9.173255e-10,8.775542e-10,2.691655e-13,4.024886e-11,1.863407e-01,9.306141e-10,8.722386e-10,4.962942e-13,2.155639e-11,1.042452e-01,8.899926e-10,9.578496e-10,2.454933e-13,6.483335e-08,4.410109e-01,3.022703e-13,1.830607e-09,1.348596e+02,1.311033e+09,7.885650e-08,4.647090e-01,1.242000e-13,1.626252e-09,1.556643e+02,1.779559e+09,6.904303e-08,3.270766e-01,1.534792e-13,1.558304e-09,1.936436e+02,1.693186e+09,1.099071e-02,2.707600e-02,8.832073e-04,2.789524e-15
140,2.169704e-11,3.982697e-01,6.194494e-10,1.138313e-09,4.391698e-13,3.745173e-11,2.954880e-01,8.714008e-10,3.404249e-10,4.342017e-13,4.050198e-11,3.826684e-01,6.771483e-10,6.323486e-10,2.760764e-13,2.262463e-11,2.151957e-01,1.010402e-09,8.306455e-10,1.903804e-13,7.025873e-08,3.962542e-01,2.523515e-13,1.619338e-09,1.626519e+02,1.409332e+09,8.647741e-08,3.643550e-01,2.624186e-13,5.567963e-10,2.177262e+02,1.182553e+09,6.635954e-08,3.220065e-01,1.407872e-13,1.324125e-09,1.890477e+02,1.979170e+09,1.093889e-02,2.629954e-04,5.263027e-03,1.555133e-15
141,2.197905e-11,3.389482e-01,8.929230e-10,4.244543e-10,4.573628e-13,4.050062e-11,3.139227e-01,9.035680e-10,5.313691e-10,2.271639e-13,4.087440e-11,2.521096e-01,1.156550e-09,9.455660e-10,4.609885e-13,2.299468e-11,2.543858e-01,1.194442e-09,8.131960e-10,2.331898e-13,7.392703e-08,4.343428e-01,1.314342e-13,1.438384e-09,1.561361e+02,1.964379e+09,7.675625e-08,3.416651e-01,1.727649e-13,8.344241e-10,2.060847e+02,1.619219e+09,6.291155e-08,3.530165e-01,1.901562e-13,1.916305e-09,1.634813e+02,1.601987e+09,8.066802e-03,7.156899e-03,5.157957e-03,7.551509e-16
142,2.116981e-11,2.510038e-01,1.125500e-09,1.290356e-09,1.748543e-13,3.866233e-11,2.666415e-01,1.004286e-09,9.890774e-10,4.231118e-13,3.869799e-11,3.981687e-01,1.135706e-09,1.295656e-09,2.018679e-13,2.302448e-11,1.729689e-01,8.951590e-10,7.401956e-10,4.185312e-13,7.429835e-08,4.863225e-01,1.658743e-13,1.061897e-09,1.401482e+02,1.820524e+09,7.426619e-08,4.912495e-01,3.063759e-13,1.473922e-09,1.386825e+02,1.149739e+09,6.695295e-08,3.571901e-01,1.252125e-13,9.778544e-10,1.719503e+02,1.945091e+09,6.171029e-03,4.255599e-03,5.408328e-03,4.772634e-15
143,2.179256e-11,3.731325e-01,7.576690e-10,7.238278e-10,1.923062e-13,3.813757e-11,2.528264e-01,1.054746e-09,9.761673e-10,2.397295e-13,4.028248e-11,2.910884e-01,6.436141e-10,1.282894e-09,4.359563e-13,2.197700e-11,3.685984e-01,9.057346e-10,8.699704e-10,4.309062e-13,6.754032e-08,3.937654e-01,1.639403e-13,9.197426e-10,1.573469e+02,1.779852e+09,7.753421e-08,3.513246e-01,2.596248e-13,5.356614e-10,2.024499e+02,1.248664e+09,6.277122e-08,2.677714e-01,1.717918e-13,7.583282e-10,2.150449e+02,1.887535e+09,1.814256e-02,1.540601e-03,1.131637e-03,6.452333e-16
144,2.300292e-11,3.513313e-01,6.474648e-10,5.491056e-10,3.636927e-13,3.714803e-11,1.427511e-01,1.052493e-09,6.647304e-10,2.847766e-13,4.011103e-11,2.316732e-01,1.199549e-09,1.044282e-09,4.066245e-13,2.252676e-11,2.459276e-01,9.275833e-10,9.175172e-10,4.815731e-13,6.461534e-08,4.527806e-01,1.835693e-13,9.595288e-10,1.309123e+02,1.554100e+09,7.949220e-08,4.237685e-01,1.637435e-13,1.394634e-09,1.720793e+02,1.673378e+09,7.106250e-08,4.149489e-01,1.181399e-13,1.123876e-09,1.571009e+02,2.041814e+09,2.094276e-02,1.638083e-03,1.014910e-03,4.445257e-15
145,2.154256e-11,1.075206e-01,9.628939e-10,7.661171e-10,3.267628e-13,3.759005e-11,2.366214e-01,1.039607e-09,1.271706e-09,4.104311e-13,4.087242e-11,1.259365e-01,7.108067e-10,1.245418e-09,2.070470e-13,2.224139e-11,1.647398e-01,8.464452e-10,6.090113e-10,2.902530e-13,7.254111e-08,4.030592e-01,1.295334e-13,1.849993e-09,1.651004e+02,1.814703e+09,7.516518e-08,3.449483e-01,1.831182e-13,1.102053e-09,1.998920e+02,1.477977e+09,6.837902e-08,3.402973e-01,1.435677e-13,6.806174e-10,1.843304e+02,2.009993e+09,1.794246e-02,2.481593e-03,4.550754e-04,2.757922e-15
146,2.194378e-11,3.821425e-01,1.104656e-09,4.464073e-10,4.664344e-13,4.066260e-11,3.619313e-01,9.553653e-10,3.648913e-10,4.580275e-13,3.881463e-11,2.913015e-01,7.669770e-10,9.647418e-10,4.116642e-13,2.290955e-11,2.411147e-01,1.113639e-09,1.094324e-09,2.250371e-13,6.346100e-08,3.057227e-01,2.459002e-13,6.845265e-10,1.904197e+02,1.484600e+09,7.939371e-08,4.437838e-01,1.588792e-13,6.169666e-10,1.641146e+02,1.525526e+09,7.413084e-08,3.160634e-01,2.211533e-13,1.760066e-09,2.151580e+02,1.433012e+09,1.786518e-03,6.204095e-03,3.278181e-03,2.770868e-15
147,2.178582e-11,3.418311e-01,1.114421e-09,1.231741e-09,2.579524e-13,4.061563e-11,2.778360e-01,1.001782e-09,8.904904e-10,4.612596e-13,3.850876e-11,3.358201e-01,1.061959e-09,5.047242e-10,3.705196e-13,2.296519e-11,1.280681e-01,1.087423e-09,9.603562e-10,3.617381e-13,6.769993e-08,3.180523e-01,3.225908e-13,1.481243e-09,1.952641e+02,1.228793e+09,7.855049e-08,3.618129e-01,2.100801e-13,1.716632e-09,1.991579e+02,1.460134e+09,6.950735e-08,3.041140e-01,1.900230e-13,9.941194e-10,2.096656e+02,1.556973e+09,2.067152e-02,4.860138e-04,1.239715e-04,2.725097e-15
148,2.230210e-11,3.534707e-01,9.289930e-10,3.765160e-10,4.683400e-13,3.883197e-11,2.216780e-01,1.197202e-09,8.638829e-10,3.007941e-13,3.926361e-11,3.247545e-01,7.229051e-10,1.240780e-09,1.926128e-13,2.213032e-11,2.668856e-01,9.102040e-10,1.079002e-09,4.992797e-13,7.116384e-08,3.275688e-01,1.196283e-13,1.064854e-09,1.992918e+02,1.995807e+09,8.390864e-08,4.272912e-01,2.778077e-13,1.514590e-09,1.801422e+02,1.176352e+09,6.656936e-08,3.018428e-01,2.111458e-13,8.520103e-10,2.023142e+02,1.682811e+09,7.462613e-03,1.654994e-02,3.251713e-03,1.264433e-15
149,2.274528e-11,2.346229e-01,9.261380e-10,5.264106e-10,4.932371e-13,3.768604e-11,1.916925e-01,9.857669e-10,1.001898e-09,1.923561e-13,3.738593e-11,3.155268e-01,6.534636e-10,1.051794e-09,3.455774e-13,2.103075e-11,3.269061e-01,9.067930e-10,7.616506e-10,4.194284e-13,7.291002e-08,3.253103e-01,1.724113e-13,1.312772e-09,2.055996e+02,1.826765e+09,7.746760e-08,3.502871e-01,1.888745e-13,1.929433e-09,2.028751e+02,1.705201e+09,7.416028e-08,4.239366e-01,1.437175e-13,1.105424e-09,1.604735e+02,1.676360e+09,1.605066e-02,2.790241e-02,5.170615e-03,2.522645e-15
150,2.223426e-11,2.436527e-01,7.210218e-10,6.297722e-10,5.178699e-13,3.982845e-11,1.314572e-01,7.986238e-10,1.135357e-09,3.703026e-13,4.036557e-11,2.250946e-01,1.152248e-09,1.274759e-09,5.101862e-13,2.294987e-11,2.308635e-01,1.050892e-09,9.606689e-10,3.057716e-13,6.923362e-08,4.147537e-01,1.626915e-13,1.731830e-09,1.531297e+02,1.837176e+09,8.504739e-08,5.779738e-01,1.915310e-13,1.360054e-09,1.349850e+02,1.600882e+09,6.742369e-08,3.651509e-01,1.630744e-13,1.062646e-09,1.693842e+02,1.804259e+09,2.715339e-02,1.587592e-02,5.955750e-03,1.930605e-15
151,2.092033e-11,2.560819e-01,1.142059e-09,5.392580e-10,4.915096e-13,4.052409e-11,1.537310e-01,8.014838e-10,8.818287e-10,2.603170e-13,3.925872e-11,3.935380e-01,9.510972e-10,4.057944e-10,3.787927e-13,2.162378e-11,2.307856e-01,1.102627e-09,1.240040e-09,2.258746e-13,6.556406e-08,3.730743e-01,1.522208e-13,1.700215e-09,1.612142e+02,1.787076e+09,8.948037e-08,5.116409e-01,2.106804e-13,8.715480e-10,1.604336e+02,1.268152e+09,7.230526e-08,4.128840e-01,2.251941e-13,1.509480e-09,1.606477e+02,1.448626e+09,6.942937e-03,1.543019e-02,4.426132e-03,2.390274e-15
152,2.159214e-11,3.157346e-01,1.116417e-09,8.410620e-10,3.543465e-13,3.917164e-11,1.980747e-01,8.824717e-10,5.798017e-10,2.783452e-13,3.976522e-11,3.880645e-01,1.165112e-09,1.266784e-09,3.557229e-13,2.258032e-11,2.357538e-01,8.077994e-10,5.562730e-10,4.301648e-13,6.794123e-08,3.276495e-01,3.176001e-13,1.968776e-09,1.902202e+02,1.250643e+09,8.610289e-08,4.424082e-01,1.886110e-13,1.400305e-09,1.785366e+02,1.582289e+09,6.677819e-08,3.137304e-01,3.021849e-13,1.555705e-09,1.952588e+02,1.301107e+09,1.203527e-02,8.477955e-03,1.667027e-03,2.221860e-15
153,2.265600e-11,1.747315e-01,1.076890e-09,6.526804e-10,3.735739e-13,3.893571e-11,1.713098e-01,7.147670e-10,1.181997e-09,5.016247e-13,3.880713e-11,1.474973e-01,1.123055e-09,8.986578e-10,4.792927e-13,2.150054e-11,3.504949e-01,1.057364e-09,4.076221e-10,3.973153e-13,7.063741e-08,4.635378e-01,1.413888e-13,1.180551e-09,1.397920e+02,1.722478e+09,7.792682e-08,4.825284e-01,1.533463e-13,1.729106e-09,1.481484e+02,1.800024e+09,6.604848e-08,3.065376e-01,1.963659e-13,1.122038e-09,1.976568e+02,1.664508e+09,9.972249e-03,1.803284e-02,3.107016e-03,1.238180e-15
154,2.193886e-11,2.025878e-01,7.827112e-10,1.293415e-09,2.622409e-13,4.072478e-11,1.031086e-01,1.086167e-09,5.516896e-10,5.195965e-13,4.089929e-11,1.816034e-01,8.942074e-10,5.533191e-10,1.947225e-13,2.234229e-11,2.690646e-01,1.052265e-09,4.632606e-10,5.128890e-13,7.234092e-08,3.545066e-01,1.961143e-13,1.546505e-09,1.871942e+02,1.713572e+09,8.007575e-08,4.318851e-01,2.598277e-13,8.798306e-10,1.700848e+02,1.175159e+09,6.947397e-08,3.149061e-01,1.673688e-13,1.412038e-09,2.023829e+02,2.041161e+09,2.781138e-02,3.644474e-04,5.534230e-03,2.316036e-15
155,2.151087e-11,3.582145e-01,7.042559e-10,2.962805e-10,2.143355e-13,4.027155e-11,1.222040e-01,6.456295e-10,6.350879e-10,3.948402e-13,4.041650e-11,3.130249e-01,7.034564e-10,3.387933e-10,2.130341e-13,2.141895e-11,1.902361e-01,1.018718e-09,8.057526e-10,4.904288e-13,6.124558e-08,2.664008e-01,1.981563e-13,1.848911e-09,2.108978e+02,1.786519e+09,8.790812e-08,5.902591e-01,1.864122e-13,1.146733e-09,1.366215e+02,1.439798e+09,6.746381e-08,2.985132e-01,2.503042e-13,1.828197e-09,2.073194e+02,1.325096e+09,5.418553e-03,8.273827e-03,1.862350e-03,2.643432e-15
156,2.206501e-11,3.599221e-01,1.024715e-09,4.103209e-10,2.247006e-13,3.828825e-11,1.504737e-01,9.991150e-10,4.555372e-10,2.234919e-13,3.920754e-11,3.988049e-01,9.726867e-10,9.131928e-10,4.872351e-13,2.274665e-11,3.691093e-01,1.190404e-09,7.926338e-10,3.660920e-13,7.146077e-08,3.453943e-01,2.475985e-13,1.836040e-09,1.897952e+02,1.280907e+09,8.793198e-08,5.830887e-01,2.989350e-13,8.894738e-10,1.383391e+02,1.079902e+09,6.410917e-08,4.280790e-01,1.993188e-13,1.236412e-09,1.373817e+02,1.732083e+09,1.021895e-02,2.398236e-02,2.585362e-03,3.019131e-15
157,2.137539e-11,1.797104e-01,1.184618e-09,6.909042e-10,2.760899e-13,3.794573e-11,3.511394e-01,1.167403e-09,1.181757e-09,2.868242e-13,4.050385e-11,3.886655e-01,8.111197e-10,6.886715e-10,4.494850e-13,2.188416e-11,2.942220e-01,7.933456e-10,7.578073e-10,4.586366e-13,7.310401e-08,4.873492e-01,2.485809e-13,9.191748e-10,1.376048e+02,1.295221e+09,8.227805e-08,5.297170e-01,1.739885e-13,1.885739e-09,1.424862e+02,1.695863e+09,6.766184e-08,4.173365e-01,2.326737e-13,1.537800e-09,1.487271e+02,1.513585e+09,2.959747e-02,2.058300e-02,1.492949e-03,2.594866e-15
158,2.227854e-11,1.408062e-01,1.080764e-09,3.056857e-10,3.927864e-13,3.889061e-11,3.009301e-01,1.007123e-09,7.961009e-10,4.491984e-13,3.768875e-11,1.381521e-01,1.186800e-09,8.007151e-10,3.763041e-13,2.266395e-11,3.374647e-01,9.571312e-10,4.112897e-10,4.651884e-13,6.495409e-08,3.224031e-01,2.282844e-13,5.434023e-10,1.848162e+02,1.508852e+09,7.512826e-08,4.126001e-01,2.108212e-13,9.526889e-10,1.670347e+02,1.334680e+09,7.172741e-08,3.733129e-01,2.916862e-13,8.343143e-10,1.762564e+02,1.233288e+09,4.402166e-03,2.650884e-02,5.282378e-03,3.851466e-15
159,2.168673e-11,3.888463e-01,7.786561e-10,1.117780e-09,4.914505e-13,3.719474e-11,1.222478e-01,1.082398e-09,7.365868e-10,3.119793e-13,4.037277e-11,2.441179e-01,1.053986e-09,8.136640e-10,1.881676e-13,2.180186e-11,3.430373e-01,1.142872e-09,8.039635e-10,3.603744e-13,7.433807e-08,3.160704e-01,2.429295e-13,1.646330e-09,2.157547e+02,1.324575e+09,7.969000e-08,3.690748e-01,2.325687e-13,9.055196e-10,1.980716e+02,1.261415e+09,6.896626e-08,4.055032e-01,2.254379e-13,1.859092e-09,1.560181e+02,1.508071e+09,4.998496e-03,4.382786e-03,5.052613e-03,1.866896e-15
160,2.304030e-11,1.181630e-01,6.645008e-10,1.194131e-09,3.319655e-13,4.010067e-11,2.827232e-01,1.016254e-09,7.788010e-10,4.739692e-13,3.769048e-11,2.629681e-01,8.452139e-10,1.031727e-09,2.915088e-13,2.178340e-11,3.870571e-01,7.371623e-10,4.954321e-10,3.687018e-13,7.290476e-08,4.046121e-01,1.221348e-13,5.601316e-10,1.652912e+02,1.959215e+09,7.616037e-08,4.420737e-01,2.645493e-13,1.486995e-09,1.580400e+02,1.180032e+09,6.729583e-08,3.925339e-01,1.768995e-13,1.657232e-09,1.572692e+02,1.793407e+09,1.094638e-03,1.296808e-02,5.753108e-04,3.789098e-15
161,2.306974e-11,2.910332e-01,8.652899e-10,1.160631e-09,3.690607e-13,3.800957e-11,1.234105e-01,6.857215e-10,7.974368e-10,2.941077e-13,4.056038e-11,1.204900e-01,8.373772e-10,1.242572e-09,4.209260e-13,2.246596e-11,2.258306e-01,1.174701e-09,2.887180e-10,4.225859e-13,6.467081e-08,3.017943e-01,2.790390e-13,1.182086e-09,1.965758e+02,1.239853e+09,8.404368e-08,5.574751e-01,1.437913e-13,1.296779e-09,1.382969e+02,1.581652e+09,7.355972e-08,3.238285e-01,1.815766e-13,1.399965e-09,2.083808e+02,1.546671e+09,1.214737e-02,1.819787e-02,5.127277e-03,2.965646e-15
162,2.307518e-11,3.719542e-01,9.385252e-10,9.866097e-10,2.749934e-13,3.881303e-11,1.881356e-01,9.433878e-10,6.002116e-10,4.479352e-13,4.010243e-11,3.482003e-01,7.176545e-10,8.921983e-10,2.603555e-13,2.103799e-11,3.014462e-01,8.524363e-10,1.027731e-09,2.541756e-13,7.402331e-08,3.811407e-01,1.592615e-13,5.903394e-10,1.781623e+02,1.903545e+09,7.587765e-08,4.304427e-01,3.192319e-13,9.893282e-10,1.617079e+02,1.119855e+09,7.034271e-08,3.280456e-01,1.454565e-13,1.737272e-09,1.967060e+02,1.948465e+09,2.586522e-02,2.812278e-02,4.632793e-04,3.762110e-15
163,2.104419e-11,3.477085e-01,6.035009e-10,1.274973e-09,3.883340e-13,3.919838e-11,2.330951e-01,7.023158e-10,1.203447e-09,3.131651e-13,3.982691e-11,3.428433e-01,1.011641e-09,1.063249e-09,2.617251e-13,2.125084e-11,1.377864e-01,6.589889e-10,1.214852e-09,3.570383e-13,6.946972e-08,4.023542e-01,1.622702e-13,1.816166e-09,1.583871e+02,2.040964e+09,8.870534e-08,4.172161e-01,1.613056e-13,1.611452e-09,1.950390e+02,1.505725e+09,7.044457e-08,3.721779e-01,1.927887e-13,1.550126e-09,1.736320e+02,1.469286e+09,1.795867e-02,2.526620e-02,1.738259e-03,3.613254e-15
164,2.304919e-11,2.016261e-01,6.835082e-10,1.019065e-09,3.382943e-13,4.087521e-11,1.959015e-01,7.879870e-10,7.032691e-10,3.916746e-13,3.771970e-11,1.576871e-01,1.141810e-09,1.082641e-09,5.039098e-13,2.197331e-11,3.470415e-01,7.535766e-10,8.050776e-10,4.337297e-13,7.070018e-08,3.596790e-01,2.303528e-13,8.735879e-10,1.803176e+02,1.525870e+09,7.562613e-08,3.317641e-01,1.667526e-13,7.550328e-10,2.091102e+02,1.825077e+09,7.311734e-08,3.835384e-01,1.637020e-13,1.796160e-09,1.748817e+02,1.628287e+09,1.337823e-02,1.797060e-02,1.911777e-04,3.131904e-15
165,2.208744e-11,1.260181e-01,1.175828e-09,5.915999e-10,3.526805e-13,3.949072e-11,3.368045e-01,9.158194e-10,8.938628e-10,3.234722e-13,3.851886e-11,2.111085e-01,7.744709e-10,3.868130e-10,3.352129e-13,2.266516e-11,3.051245e-01,9.251962e-10,1.038273e-09,4.333565e-13,7.348775e-08,3.310357e-01,1.701174e-13,1.652312e-09,2.036446e+02,1.919308e+09,8.836634e-08,4.421802e-01,1.782853e-13,1.283512e-09,1.833244e+02,1.404873e+09,6.220503e-08,3.426867e-01,1.445178e-13,1.982471e-09,1.665179e+02,1.984102e+09,1.680072e-02,1.718787e-02,5.379867e-03,2.531588e-15
166,2.103237e-11,1.525165e-01,1.090682e-09,1.297026e-09,2.032680e-13,4.041034e-11,1.717373e-01,6.673220e-10,1.235203e-09,2.240969e-13,3.911915e-11,2.239094e-01,1.097170e-09,8.564528e-10,5.295022e-13,2.277142e-11,2.934369e-01,8.131496e-10,7.110255e-10,3.221518e-13,6.610976e-08,3.040633e-01,1.207121e-13,1.565627e-09,1.994501e+02,1.961451e+09,7.385160e-08,3.733209e-01,3.379897e-13,1.350803e-09,1.814723e+02,1.096023e+09,7.297189e-08,3.696970e-01,1.472054e-13,1.245813e-09,1.810683e+02,1.724350e+09,2.633579e-02,1.940207e-02,1.453441e-03,7.712697e-16
167,2.262106e-11,1.363613e-01,8.349641e-10,3.439488e-10,2.888397e-13,3.905930e-11,3.945686e-01,9.108878e-10,8.513831e-10,4.718095e-13,3.797756e-11,3.073481e-01,1.049689e-09,4.719136e-10,3.627571e-13,2.210888e-11,3.571258e-01,1.108787e-09,3.217896e-10,4.418425e-13,7.324827e-08,3.853197e-01,2.723098e-13,1.840394e-09,1.743849e+02,1.240482e+09,8.189958e-08,5.389191e-01,2.390603e-13,1.582254e-09,1.394090e+02,1.355442e+09,6.907352e-08,3.966957e-01,1.605534e-13,6.021189e-10,1.597301e+02,1.789383e+09,1.517221e-02,1.939278e-02,1.232118e-03,1.572143e-15
168,2.172837e-11,2.861207e-01,8.509984e-10,4.250130e-10,1.883623e-13,3.713218e-11,1.732305e-01,1.062081e-09,1.110423e-09,2.948682e-13,3.974303e-11,2.658551e-01,6.355318e-10,8.201683e-10,1.752705e-13,2.240082e-11,2.892508e-01,7.024898e-10,1.056127e-09,3.376558e-13,7.265282e-08,3.966771e-01,2.062864e-13,6.904577e-10,1.680150e+02,1.636259e+09,7.831574e-08,3.331813e-01,1.793267e-13,8.469551e-10,2.156260e+02,1.690852e+09,6.399648e-08,2.756655e-01,1.196788e-13,1.198004e-09,2.129641e+02,2.023979e+09,3.294213e-03,1.035812e-02,5.832264e-03,1.984185e-15
169,2.104750e-11,1.482203e-01,8.065735e-10,1.282305e-09,3.888170e-13,3.973560e-11,1.835692e-01,9.871111e-10,5.497497e-10,5.179772e-13,4.042803e-11,2.263582e-01,6.290346e-10,1.074084e-09,5.130418e-13,2.217785e-11,1.598430e-01,1.194959e-09,9.284240e-10,1.726186e-13,7.461505e-08,3.456683e-01,1.940270e-13,1.364856e-09,1.980157e+02,1.573848e+09,8.760188e-08,4.157471e-01,1.552378e-13,1.198188e-09,1.932934e+02,1.649192e+09,7.314601e-08,4.665235e-01,2.311133e-13,1.461287e-09,1.438301e+02,1.466548e+09,1.330715e-02,7.929380e-03,1.430979e-03,3.363231e-15
170,2.141897e-11,2.899236e-01,7.188634e-10,8.005981e-10,2.481925e-13,3.823800e-11,2.862877e-01,1.127689e-09,3.082034e-10,2.841054e-13,3.821810e-11,1.685281e-01,9.476052e-10,1.037084e-09,4.553487e-13,2.276704e-11,1.290864e-01,9.390261e-10,2.887809e-10,1.813471e-13,6.884540e-08,3.480094e-01,1.599866e-13,1.947028e-09,1.814750e+02,1.971817e+09,8.098562e-08,4.198920e-01,2.321241e-13,1.270833e-09,1.769306e+02,1.345200e+09,7.400867e-08,3.542319e-01,1.691443e-13,9.265648e-10,1.916583e+02,1.750281e+09,2.889553e-02,3.954103e-03,4.931578e-03,2.725897e-15
171,2.197158e-11,1.207387e-01,6.011632e-10,7.041580e-10,2.086520e-13,3.786702e-11,1.120588e-01,8.185570e-10,5.267037e-10,3.589579e-13,3.981090e-11,2.271120e-01,6.929286e-10,9.904001e-10,4.881436e-13,2.152291e-11,2.360172e-01,1.132322e-09,6.257352e-10,3.146103e-13,6.642889e-08,4.248048e-01,1.141827e-13,1.400074e-09,1.434499e+02,2.041153e+09,8.143645e-08,4.323200e-01,1.517029e-13,1.590840e-09,1.728010e+02,1.614665e+09,7.197235e-08,3.389092e-01,2.779654e-13,7.391193e-10,1.948117e+02,1.297613e+09,2.990943e-02,1.487459e-03,4.003721e-03,1.449497e-15
172,2.251960e-11,3.625242e-01,9.262018e-10,1.197932e-09,4.798215e-13,3.937883e-11,2.307082e-01,9.428522e-10,8.213754e-10,2.683814e-13,3.848195e-11,3.105837e-01,1.186010e-09,6.793133e-10,2.126359e-13,2.309871e-11,3.043040e-01,8.863517e-10,8.037440e-10,1.974117e-13,6.462570e-08,3.170017e-01,2.440312e-13,8.768391e-10,1.870150e+02,1.455491e+09,8.082478e-08,4.235955e-01,1.927472e-13,1.113600e-09,1.750354e+02,1.548991e+09,6.525102e-08,3.265913e-01,1.482381e-13,1.331242e-09,1.832802e+02,2.021854e+09,2.763163e-02,2.263362e-02,4.299201e-03,4.912319e-15
173,2.260056e-11,2.624251e-01,9.473834e-10,1.116428e-09,4.559739e-13,3.981739e-11,2.609091e-01,8.823586e-10,3.874134e-10,2.312275e-13,4.071366e-11,1.489285e-01,9.948702e-10,3.192624e-10,4.954404e-13,2.174672e-11,3.462498e-01,9.528031e-10,1.112067e-09,2.223323e-13,6.791351e-08,4.120771e-01,1.873488e-13,1.564382e-09,1.511856e+02,1.553396e+09,7.505239e-08,3.366194e-01,2.399725e-13,1.247538e-09,2.045305e+02,1.336752e+09,7.165066e-08,4.893342e-01,2.053717e-13,7.189917e-10,1.343221e+02,1.546461e+09,2.013753e-02,1.082060e-02,2.665085e-04,1.750897e-15
174,2.137349e-11,3.025066e-01,7.030462e-10,1.161483e-09,3.788050e-13,3.724845e-11,3.809791e-01,9.244390e-10,4.766047e-10,1.973540e-13,3.743731e-11,2.986575e-01,6.231684e-10,8.354732e-10,4.974891e-13,2.173965e-11,2.876945e-01,7.232918e-10,4.642525e-10,2.466329e-13,6.772438e-08,3.572938e-01,1.631626e-13,9.316246e-10,1.738811e+02,1.953240e+09,8.796453e-08,5.308196e-01,2.142218e-13,6.612545e-10,1.520174e+02,1.411836e+09,6.206915e-08,3.294488e-01,1.895741e-13,1.269810e-09,1.728306e+02,1.927747e+09,6.430828e-03,2.017591e-02,1.700519e-04,1.313847e-15
175,2.099832e-11,3.828701e-01,6.777779e-10,1.054715e-09,3.514847e-13,3.712967e-11,1.648401e-01,8.730021e-10,6.817214e-10,2.021962e-13,3.900556e-11,3.730145e-01,7.891803e-10,1.289760e-09,4.334362e-13,2.278274e-11,3.144152e-01,9.068764e-10,3.316422e-10,3.513640e-13,6.834951e-08,4.802020e-01,1.403768e-13,1.674011e-09,1.305702e+02,1.787018e+09,8.584231e-08,5.756356e-01,1.479536e-13,1.951104e-09,1.368001e+02,1.732566e+09,7.225229e-08,3.092198e-01,1.536730e-13,1.455588e-09,2.143468e+02,1.736280e+09,1.838081e-02,2.268473e-02,4.960964e-04,6.972004e-16
176,2.171453e-11,2.558816e-01,1.153062e-09,8.757210e-10,2.086486e-13,3.810294e-11,3.327388e-01,1.143525e-09,8.600355e-10,2.109177e-13,4.033843e-11,1.364960e-01,1.164821e-09,6.047567e-10,2.129272e-13,2.184822e-11,3.875295e-01,6.535041e-10,5.727959e-10,4.378568e-13,6.798099e-08,3.183576e-01,1.679951e-13,1.513233e-09,1.958867e+02,1.993135e+09,7.860631e-08,3.607755e-01,2.680538e-13,9.020457e-10,1.998725e+02,1.208723e+09,6.291294e-08,3.507048e-01,2.590791e-13,8.552516e-10,1.645625e+02,1.425642e+09,1.691585e-02,2.936642e-02,4.293601e-03,6.554217e-16
177,2.193775e-11,3.718157e-01,8.954233e-10,4.195560e-10,4.315800e-13,3.863767e-11,1.792334e-01,1.041343e-09,7.411052e-10,3.267524e-13,4.068712e-11,2.847129e-01,9.860655e-10,8.962440e-10,5.296166e-13,2.179172e-11,3.203482e-01,9.669767e-10,5.759338e-10,4.501237e-13,6.255803e-08,2.726819e-01,1.544706e-13,5.867060e-10,2.104551e+02,2.002022e+09,7.800866e-08,3.279387e-01,1.954513e-13,1.354805e-09,2.182141e+02,1.462154e+09,6.466577e-08,4.008560e-01,2.063799e-13,9.865628e-10,1.479854e+02,1.469915e+09,5.996516e-04,2.221468e-02,3.003283e-03,3.385887e-15
178,2.248164e-11,1.058899e-01,6.298556e-10,5.134474e-10,2.073859e-13,3.882871e-11,2.260824e-01,6.763997e-10,1.156998e-09,3.606441e-13,3.870913e-11,2.905924e-01,1.151318e-09,9.628670e-10,2.237204e-13,2.104181e-11,3.288592e-01,1.181901e-09,6.798611e-10,4.449519e-13,6.251272e-08,3.911235e-01,1.715691e-13,1.262413e-09,1.466180e+02,1.927162e+09,7.757680e-08,3.449642e-01,1.355461e-13,5.690007e-10,2.062959e+02,1.763838e+09,6.201466e-08,4.111972e-01,1.722238e-13,1.834876e-09,1.383493e+02,2.003572e+09,8.095030e-04,1.476352e-02,5.702904e-03,2.419589e-15
179,2.149459e-11,1.358932e-01,8.087525e-10,1.247081e-09,4.192378e-13,3.942053e-11,1.824715e-01,6.812414e-10,2.709978e-10,2.579231e-13,3.984457e-11,3.049683e-01,6.470306e-10,6.381983e-10,3.045871e-13,2.132196e-11,1.650779e-01,9.997681e-10,3.546309e-10,4.695401e-13,7.220286e-08,3.229177e-01,1.760793e-13,1.766910e-09,2.051140e+02,1.539094e+09,7.915755e-08,4.406972e-01,1.556661e-13,1.277118e-09,1.647725e+02,1.559662e+09,7.243932e-08,3.320568e-01,1.623930e-13,1.186385e-09,2.001219e+02,1.996605e+09,2.962244e-02,1.682901e-02,5.169467e-03,1.049965e-15
180,2.262222e-11,3.465079e-01,1.010342e-09,3.073331e-10,2.729497e-13,3.710060e-11,2.370554e-01,6.367716e-10,1.050309e-09,3.803719e-13,3.998337e-11,1.481308e-01,6.238163e-10,4.866922e-10,2.502727e-13,2.137886e-11,2.889395e-01,6.124899e-10,3.305572e-10,3.948392e-13,6.994692e-08,3.510997e-01,1.195501e-13,9.292193e-10,1.827557e+02,1.947187e+09,7.420491e-08,3.323878e-01,2.937754e-13,8.439163e-10,2.047954e+02,1.218994e+09,7.379262e-08,3.537962e-01,1.519355e-13,1.404270e-09,1.913341e+02,1.692215e+09,1.014244e-02,2.559203e-02,4.971152e-03,1.407016e-15
181,2.201115e-11,1.561374e-01,7.134796e-10,7.795273e-10,5.226356e-13,3.935878e-11,3.845383e-01,1.008687e-09,5.971739e-10,4.662344e-13,3.888723e-11,2.056250e-01,9.130423e-10,1.088989e-09,3.074956e-13,2.100246e-11,1.024497e-01,8.425104e-10,6.189007e-10,4.176524e-13,7.010642e-08,4.092410e-01,3.249062e-13,1.489503e-09,1.571489e+02,1.210834e+09,8.574891e-08,4.002162e-01,2.105188e-13,1.579753e-09,1.965471e+02,1.442840e+09,6.322560e-08,3.612303e-01,3.242508e-13,9.905119e-10,1.605615e+02,1.204000e+09,1.391584e-02,3.552224e-03,3.460716e-03,2.942021e-15
182,2.241090e-11,2.480920e-01,1.041461e-09,7.798315e-10,2.215142e-13,3.899204e-11,1.354211e-01,9.507737e-10,1.011590e-09,2.173818e-13,3.746000e-11,3.237594e-01,1.058967e-09,1.269586e-09,5.012064e-13,2.212129e-11,1.917194e-01,9.998223e-10,7.857665e-10,4.773645e-13,6.939465e-08,3.850883e-01,1.708917e-13,1.098574e-09,1.653097e+02,1.756559e+09,7.529773e-08,3.502690e-01,1.859294e-13,1.632164e-09,1.972027e+02,1.435138e+09,6.607420e-08,3.387969e-01,1.869894e-13,1.856962e-09,1.789061e+02,1.534181e+09,2.574041e-03,2.676761e-02,4.907446e-04,1.414518e-15
183,2.291773e-11,2.717786e-01,9.156181e-10,5.136604e-10,1.738329e-13,3.989446e-11,1.151053e-01,1.010334e-09,6.422259e-10,2.877151e-13,4.067811e-11,3.042016e-01,7.819171e-10,8.820999e-10,3.356774e-13,2.299148e-11,2.239634e-01,9.658474e-10,5.247284e-10,5.204436e-13,6.669373e-08,3.287968e-01,1.583020e-13,1.120143e-09,1.860759e+02,1.914897e+09,9.005116e-08,4.122231e-01,1.536873e-13,6.488951e-10,2.003963e+02,1.500906e+09,6.894119e-08,3.487199e-01,2.785063e-13,7.313000e-10,1.813572e+02,1.206264e+09,9.668105e-03,2.458559e-02,7.001805e-04,2.291212e-15
184,2.290841e-11,1.294673e-01,1.102523e-09,9.335525e-10,5.063157e-13,3.724216e-11,2.506073e-01,7.098774e-10,2.768495e-10,4.712159e-13,3.706493e-11,1.433030e-01,6.571327e-10,4.560338e-10,1.968901e-13,2.266298e-11,1.640705e-01,1.146366e-09,6.800985e-10,3.819217e-13,7.450667e-08,3.697091e-01,1.500504e-13,5.055085e-10,1.848706e+02,1.879431e+09,8.857889e-08,3.831070e-01,1.797695e-13,1.233266e-09,2.121011e+02,1.467578e+09,7.330315e-08,4.127437e-01,1.970584e-13,1.679805e-09,1.629202e+02,1.613018e+09,1.201386e-02,3.169964e-03,1.024143e-03,4.478820e-15
185,2.270748e-11,3.461580e-01,7.533343e-10,1.079620e-09,2.557560e-13,3.909724e-11,3.424096e-01,9.592936e-10,3.428170e-10,3.672479e-13,4.020257e-11,2.864282e-01,9.655068e-10,3.412352e-10,2.936909e-13,2.224076e-11,3.670882e-01,1.060675e-09,1.050283e-09,2.626338e-13,6.917376e-08,3.456857e-01,1.287390e-13,1.898298e-09,1.835662e+02,2.018823e+09,8.701638e-08,4.156535e-01,2.502344e-13,1.985746e-09,1.920447e+02,1.131825e+09,6.784877e-08,2.916533e-01,1.918081e-13,1.335308e-09,2.134066e+02,1.747544e+09,1.522879e-02,1.420571e-02,1.838716e-04,1.743632e-15
186,2.118647e-11,1.348941e-01,6.533213e-10,1.100395e-09,3.077564e-13,4.064601e-11,1.977455e-01,9.844819e-10,9.651468e-10,2.211886e-13,3.949572e-11,1.977561e-01,6.368934e-10,3.685208e-10,3.596880e-13,2.096382e-11,3.618290e-01,1.037208e-09,8.699805e-10,3.959792e-13,7.433864e-08,3.862340e-01,1.098306e-13,1.700992e-09,1.765618e+02,2.014316e+09,9.011972e-08,4.425297e-01,1.838706e-13,1.606426e-09,1.868143e+02,1.349796e+09,7.325678e-08,3.449201e-01,1.374882e-13,1.967909e-09,1.948328e+02,1.875761e+09,1.266234e-02,1.970809e-02,3.549405e-03,1.397400e-15
187,2.157816e-11,1.362951e-01,6.953461e-10,9.166688e-10,4.428842e-13,3.753710e-11,1.537587e-01,7.440863e-10,4.261970e-10,3.094522e-13,4.049144e-11,1.904355e-01,9.693783e-10,8.762487e-10,3.444357e-13,2.252784e-11,2.944516e-01,9.836997e-10,9.701218e-10,4.450622e-13,7.005087e-08,3.791260e-01,2.453303e-13,5.752735e-10,1.694973e+02,1.300516e+09,9.008074e-08,5.800040e-01,1.551152e-13,1.015611e-09,1.424734e+02,1.605609e+09,6.704412e-08,3.027929e-01,1.583145e-13,1.490551e-09,2.031177e+02,1.904669e+09,7.933801e-03,2.241861e-02,1.224216e-03,2.658524e-15
188,2.171007e-11,3.610582e-01,9.581093e-10,4.523984e-10,3.660262e-13,4.019770e-11,3.589434e-01,1.118373e-09,3.630425e-10,3.485892e-13,3.941435e-11,1.316007e-01,6.650929e-10,1.213853e-09,3.133489e-13,2.134128e-11,1.694812e-01,1.135725e-09,1.008406e-09,2.954702e-13,6.701990e-08,3.883782e-01,1.812707e-13,1.493191e-09,1.583003e+02,1.667666e+09,8.665236e-08,5.054356e-01,1.856962e-13,1.278599e-09,1.572705e+02,1.496589e+09,7.313156e-08,4.336901e-01,2.997462e-13,1.557385e-09,1.546885e+02,1.249066e+09,2.971869e-02,7.450086e-04,5.980364e-03,1.410321e-15
189,2.217826e-11,2.525980e-01,6.430722e-10,9.819165e-10,5.265331e-13,3.759715e-11,1.284464e-01,1.057060e-09,1.257324e-09,4.653305e-13,4.090271e-11,1.180286e-01,1.025492e-09,5.660202e-10,3.758531e-13,2.189208e-11,2.599296e-01,1.098065e-09,6.817317e-10,1.723792e-13,6.456699e-08,3.769133e-01,1.873207e-13,1.157391e-09,1.571455e+02,1.809099e+09,8.735499e-08,4.126592e-01,1.501834e-13,1.562306e-09,1.941909e+02,1.586676e+09,7.416342e-08,3.671821e-01,1.386316e-13,1.250107e-09,1.852853e+02,1.982545e+09,7.019857e-03,2.411999e-02,5.329730e-04,1.783586e-15
190,2.292080e-11,3.584026e-01,1.106344e-09,1.253849e-09,2.084960e-13,3.934984e-11,3.583910e-01,8.916585e-10,1.164001e-09,1.941305e-13,3.729207e-11,3.958803e-01,1.091241e-09,7.270856e-10,4.606029e-13,2.231580e-11,2.385789e-01,7.785466e-10,1.276382e-09,2.207536e-13,7.155976e-08,4.155400e-01,1.833113e-13,1.668416e-09,1.579752e+02,1.720861e+09,7.584002e-08,4.157398e-01,3.518877e-13,8.203932e-10,1.673438e+02,1.071330e+09,6.659878e-08,3.073100e-01,2.633676e-13,7.637951e-10,1.988027e+02,1.299103e+09,1.686439e-02,1.944036e-02,3.696764e-03,6.850770e-16
191,2.127174e-11,1.403166e-01,7.288929e-10,1.159931e-09,2.243965e-13,3.951310e-11,2.391952e-01,7.429724e-10,1.245361e-09,1.696312e-13,3.706797e-11,3.232017e-01,6.416207e-10,9.573001e-10,1.948708e-13,2.251164e-11,1.276987e-01,8.744742e-10,3.439807e-10,1.962424e-13,6.369140e-08,2.899388e-01,2.215732e-13,1.025654e-09,2.015149e+02,1.471390e+09,8.968886e-08,4.230881e-01,2.803436e-13,1.558923e-09,1.944645e+02,1.162429e+09,6.171218e-08,3.046226e-01,1.832912e-13,1.787373e-09,1.858410e+02,1.653958e+09,2.131704e-03,1.149595e-02,2.483531e-03,5.692087e-16
192,2.278895e-11,1.320844e-01,7.885340e-10,9.837069e-10,3.137857e-13,3.933117e-11,1.198052e-01,8.126821e-10,5.390026e-10,3.967208e-13,3.910432e-11,2.628943e-01,7.932618e-10,9.351569e-10,2.054574e-13,2.205692e-11,1.080764e-01,6.402851e-10,1.066080e-09,5.268886e-13,6.470993e-08,4.347987e-01,2.518526e-13,1.230677e-09,1.365260e+02,1.339138e+09,7.488781e-08,4.311863e-01,3.286735e-13,5.969355e-10,1.593232e+02,1.082308e+09,7.445444e-08,4.626321e-01,2.023378e-13,1.008055e-09,1.476344e+02,1.576262e+09,6.059666e-03,2.959853e-02,2.888990e-03,1.895521e-15
193,2.202978e-11,3.739037e-01,6.407288e-10,8.376231e-10,4.100410e-13,3.955695e-11,2.621898e-01,9.431837e-10,1.086885e-09,2.735821e-13,3.872604e-11,1.068508e-01,1.156173e-09,9.069408e-10,3.472404e-13,2.264722e-11,1.321855e-01,9.344040e-10,5.940118e-10,4.912711e-13,6.540630e-08,2.778310e-01,2.436377e-13,7.624630e-10,2.159591e+02,1.354384e+09,7.734469e-08,4.309013e-01,1.903678e-13,1.176177e-09,1.646590e+02,1.495302e+09,6.921632e-08,3.329313e-01,1.811281e-13,1.031596e-09,1.907158e+02,1.807277e+09,1.160273e-03,4.779973e-03,2.593045e-03,2.370759e-15
194,2.132013e-11,2.325054e-01,8.685361e-10,3.278321e-10,2.643961e-13,3.853497e-11,2.514036e-01,9.064490e-10,1.185487e-09,4.271008e-13,4.021247e-11,1.416473e-01,1.130747e-09,8.530056e-10,5.086823e-13,2.093032e-11,1.735242e-01,1.184544e-09,1.083528e-09,3.316791e-13,6.206658e-08,2.851344e-01,2.085762e-13,1.186075e-09,1.996829e+02,1.518614e+09,8.892402e-08,4.420866e-01,1.761164e-13,1.103740e-09,1.845204e+02,1.639239e+09,6.200320e-08,2.702994e-01,1.645269e-13,7.530394e-10,2.104271e+02,2.022704e+09,2.307382e-02,2.540200e-02,1.689372e-03,1.890488e-15
195,2.257127e-11,2.659219e-01,7.551500e-10,1.180365e-09,4.339297e-13,3.947210e-11,2.115864e-01,1.082407e-09,4.028885e-10,4.620534e-13,3.939428e-11,3.228070e-01,8.295090e-10,1.213134e-09,5.248502e-13,2.139751e-11,1.362970e-01,1.122448e-09,1.005302e-09,3.641975e-13,6.406535e-08,4.132016e-01,1.237142e-13,9.309350e-10,1.422309e+02,2.026951e+09,8.576935e-08,5.012278e-01,2.241602e-13,1.419380e-09,1.569747e+02,1.229298e+09,6.505760e-08,3.266828e-01,1.893824e-13,1.794281e-09,1.826857e+02,1.868007e+09,1.317049e-02,2.820393e-02,5.566995e-03,2.061242e-15
196,2.262161e-11,2.971809e-01,9.270888e-10,7.535594e-10,4.029271e-13,3.772074e-11,2.481539e-01,6.547061e-10,4.402011e-10,3.166361e-13,3.795953e-11,3.385919e-01,9.908604e-10,5.079990e-10,2.737734e-13,2.308951e-11,2.345283e-01,1.192866e-09,5.794360e-10,3.394809e-13,6.123460e-08,3.034283e-01,1.758789e-13,7.321298e-10,1.851286e+02,1.704139e+09,8.915583e-08,5.804944e-01,1.777960e-13,6.640783e-10,1.408914e+02,1.461848e+09,6.420910e-08,2.768677e-01,2.243742e-13,8.198834e-10,2.127439e+02,1.631947e+09,1.375654e-02,2.213183e-02,2.217789e-03,6.561334e-16
197,2.219939e-11,3.687079e-01,1.106502e-09,5.971721e-10,3.828884e-13,4.004561e-11,1.946837e-01,8.449944e-10,1.191045e-09,2.927512e-13,3.867260e-11,1.949610e-01,6.248981e-10,1.234165e-09,2.991887e-13,2.189912e-11,1.080434e-01,8.523246e-10,1.010159e-09,2.643910e-13,6.553016e-08,3.039635e-01,3.240626e-13,1.314026e-09,1.977664e+02,1.232756e+09,7.674094e-08,3.516009e-01,1.994465e-13,1.028797e-09,2.002211e+02,1.655652e+09,6.428941e-08,3.587782e-01,1.989562e-13,1.084712e-09,1.643789e+02,1.511959e+09,2.504529e-02,1.540482e-02,9.303322e-04,3.701082e-15
198,2.109119e-11,1.163196e-01,8.008146e-10,7.248677e-10,4.392705e-13,3.899897e-11,2.154214e-01,6.979301e-10,6.972846e-10,4.196766e-13,4.019136e-11,2.980367e-01,9.044441e-10,4.045803e-10,2.465796e-13,2.110936e-11,3.214814e-01,9.079135e-10,1.179854e-09,1.743041e-13,7.071601e-08,4.721964e-01,2.167333e-13,1.226720e-09,1.373814e+02,1.569870e+09,8.528904e-08,3.879059e-01,2.219788e-13,1.081453e-09,2.016971e+02,1.302795e+09,6.845147e-08,3.067555e-01,1.985154e-13,6.194537e-10,2.047025e+02,1.762518e+09,1.919402e-02,2.845714e-02,6.811646e-04,4.470895e-15
199,2.131338e-11,2.369864e-01,1.124495e-09,9.045710e-10,3.226598e-13,3.793783e-11,1.732263e-01,8.441364e-10,4.603043e-10,3.866038e-13,3.985267e-11,2.568069e-01,9.870650e-10,4.936594e-10,4.710890e-13,2.277343e-11,2.722299e-01,1.181948e-09,5.937368e-10,2.857060e-13,6.969071e-08,3.273181e-01,2.157895e-13,1.044746e-09,1.953159e+02,1.402526e+09,7.556793e-08,4.140184e-01,3.144150e-13,1.687597e-09,1.674367e+02,1.106306e+09,7.446988e-08,3.649755e-01,1.756932e-13,1.179861e-09,1.871758e+02,1.676821e+09,1.435671e-02,2.869874e-02,2.873689e-03,4.270125e-15
200,2.092873e-11,3.086315e-01,1.199849e-09,9.079251e-10,3.696836e-13,3.751065e-11,3.703367e-01,6.196096e-10,8.291450e-10,3.810185e-13,4.033308e-11,3.864451e-01,7.070393e-10,3.848064e-10,4.937342e-13,2.273920e-11,3.242207e-01,6.936801e-10,3.821175e-10,1.801800e-13,7.230756e-08,3.765186e-01,2.120299e-13,1.567492e-09,1.761692e+02,1.620981e+09,7.774132e-08,3.993872e-01,2.660349e-13,1.234715e-09,1.785626e+02,1.279620e+09,7.177084e-08,4.170170e-01,1.574603e-13,6.947004e-10,1.578799e+02,2.010943e+09,6.323576e-03,9.102049e-03,5.367049e-03,4.466341e-15
201,2.104066e-11,2.451783e-01,1.160491e-09,1.024542e-09,4.823745e-13,4.083026e-11,1.609879e-01,1.016541e-09,9.410080e-10,3.539576e-13,4.080720e-11,2.919068e-01,1.153863e-09,1.011392e-09,4.969904e-13,2.160965e-11,1.711907e-01,1.029199e-09,5.971264e-10,3.674904e-13,7.200596e-08,4.689713e-01,2.157619e-13,5.010795e-10,1.408494e+02,1.545776e+09,8.318934e-08,4.504231e-01,1.751639e-13,8.215101e-10,1.694259e+02,1.501178e+09,6.203956e-08,3.226085e-01,2.260861e-13,1.541913e-09,1.764110e+02,1.496627e+09,1.553476e-02,5.959178e-03,5.451055e-03,3.325775e-15
202,2.237992e-11,3.413445e-01,6.366342e-10,3.055146e-10,3.324685e-13,3.935212e-11,3.655707e-01,1.047861e-09,8.878046e-10,2.821712e-13,3.719252e-11,2.911305e-01,1.083907e-09,4.223050e-10,3.064571e-13,2.226148e-11,1.701505e-01,6.064917e-10,1.136211e-09,2.548939e-13,7.329968e-08,4.381805e-01,2.340988e-13,1.720122e-09,1.534552e+02,1.270596e+09,8.969552e-08,4.954273e-01,1.538217e-13,1.681843e-09,1.660824e+02,1.656736e+09,6.767190e-08,4.401189e-01,1.634253e-13,1.223415e-09,1.410494e+02,2.050435e+09,2.463262e-02,1.343629e-03,5.063808e-03,4.120833e-15
203,2.268475e-11,3.956608e-01,1.190682e-09,1.013699e-09,3.829523e-13,4.052981e-11,3.207635e-01,1.155765e-09,6.175655e-10,3.055663e-13,3.743868e-11,1.519752e-01,1.021326e-09,6.379573e-10,1.934110e-13,2.260213e-11,1.365877e-01,6.252892e-10,3.800976e-10,4.777989e-13,6.639785e-08,3.925090e-01,1.765980e-13,9.560889e-10,1.551805e+02,1.565007e+09,7.628317e-08,4.059876e-01,1.790115e-13,1.729826e-09,1.723648e+02,1.460761e+09,6.541531e-08,3.003324e-01,2.980715e-13,1.401694e-09,1.998066e+02,1.331766e+09,1.465221e-02,2.691280e-02,1.374253e-03,4.295614e-15
204,2.090727e-11,1.358028e-01,6.032835e-10,8.382905e-10,4.974343e-13,3.853299e-11,2.670468e-01,6.351201e-10,4.139999e-10,2.271662e-13,3.789180e-11,1.836929e-01,6.530837e-10,1.062770e-09,4.125833e-13,2.245546e-11,1.951627e-01,6.873512e-10,5.038208e-10,3.264442e-13,6.850276e-08,3.283238e-01,2.427033e-13,1.896544e-09,1.913985e+02,1.362807e+09,7.476474e-08,4.826212e-01,1.684218e-13,8.803977e-10,1.421095e+02,1.680377e+09,6.893072e-08,3.301670e-01,2.336341e-13,1.682726e-09,1.915190e+02,1.412075e+09,1.761329e-02,2.214926e-02,1.477398e-03,2.177407e-15
205,2.106745e-11,3.325324e-01,8.747261e-10,7.143376e-10,3.883368e-13,4.093851e-11,1.272534e-01,8.564676e-10,5.261776e-10,3.839070e-13,3.863565e-11,3.345737e-01,1.125333e-09,9.417841e-10,2.073899e-13,2.263517e-11,3.094524e-01,8.960848e-10,2.801209e-10,4.590756e-13,6.650227e-08,3.370273e-01,1.715867e-13,1.955963e-09,1.810106e+02,2.022184e+09,8.296760e-08,4.845197e-01,1.674528e-13,1.058424e-09,1.570832e+02,1.618778e+09,6.556443e-08,3.400897e-01,1.570041e-13,6.947350e-10,1.768510e+02,1.929037e+09,2.769508e-02,2.982306e-02,2.169985e-03,4.080510e-15
206,2.169518e-11,2.145794e-01,6.529041e-10,7.271343e-10,4.321858e-13,3.981364e-11,3.561977e-01,7.595342e-10,4.704584e-10,2.423161e-13,4.008899e-11,1.152163e-01,6.692246e-10,1.235809e-09,4.991829e-13,2.179953e-11,2.771276e-01,9.662030e-10,1.292946e-09,4.991830e-13,7.111857e-08,3.136325e-01,1.906560e-13,1.585892e-09,2.080150e+02,1.546021e+09,7.440694e-08,3.442761e-01,2.376641e-13,1.342539e-09,1.982619e+02,1.432928e+09,6.359317e-08,2.715403e-01,2.374678e-13,1.762452e-09,2.148369e+02,1.498728e+09,2.607942e-03,1.989163e-02,5.369112e-03,2.474737e-15
207,2.250357e-11,1.596835e-01,7.176437e-10,1.210069e-09,4.453905e-13,4.023707e-11,1.009928e-01,1.132279e-09,5.211104e-10,4.429121e-13,3.940539e-11,3.788419e-01,1.154364e-09,1.017417e-09,3.244587e-13,2.222548e-11,3.722970e-01,6.630894e-10,1.036507e-09,4.654451e-13,6.925987e-08,4.108030e-01,2.043526e-13,6.676414e-10,1.546610e+02,1.526663e+09,7.698432e-08,4.973855e-01,1.425592e-13,1.379004e-09,1.419848e+02,1.740503e+09,7.047391e-08,3.512505e-01,2.148474e-13,1.714353e-09,1.840535e+02,1.433780e+09,2.018312e-02,3.383185e-03,7.905573e-04,3.204645e-15
208,2.284545e-11,3.428334e-01,9.895295e-10,6.535104e-10,3.064744e-13,4.014659e-11,1.593967e-01,1.144677e-09,9.527578e-10,1.936410e-13,3.958066e-11,2.445098e-01,6.234526e-10,6.819024e-10,1.761806e-13,2.262219e-11,3.984016e-01,6.508434e-10,2.984140e-10,5.102199e-13,6.139454e-08,3.020364e-01,1.883208e-13,5.662235e-10,1.864675e+02,1.854093e+09,8.803360e-08,6.020683e-01,1.767893e-13,1.155592e-09,1.341329e+02,1.549653e+09,6.724106e-08,3.188009e-01,2.057981e-13,1.726465e-09,1.934852e+02,1.645217e+09,5.137723e-03,1.880162e-02,3.763312e-03,4.431323e-15
209,2.192528e-11,2.274765e-01,1.160266e-09,4.855445e-10,4.275143e-13,4.024061e-11,3.257687e-01,1.149645e-09,1.278670e-09,4.446944e-13,4.046019e-11,1.661275e-01,1.120767e-09,1.091228e-09,4.044930e-13,2.185518e-11,2.418272e-01,1.199799e-09,1.273942e-09,2.784631e-13,7.376570e-08,4.628519e-01,2.146130e-13,1.428801e-09,1.461993e+02,1.520686e+09,8.252242e-08,3.971406e-01,1.220546e-13,1.511552e-09,1.906165e+02,1.747215e+09,7.386499e-08,4.101732e-01,2.224441e-13,1.586691e-09,1.651977e+02,1.348891e+09,2.234464e-02,2.328379e-02,5.505284e-03,5.074617e-16
210,2.150336e-11,3.850248e-01,9.633701e-10,2.983219e-10,1.842101e-13,3.919312e-11,1.525642e-01,1.120043e-09,3.863358e-10,3.396279e-13,3.828850e-11,2.169697e-01,8.943800e-10,1.204677e-09,2.515043e-13,2.096698e-11,2.066310e-01,1.187185e-09,3.288565e-10,4.091384e-13,7.022881e-08,3.243696e-01,2.597664e-13,6.909895e-10,1.986131e+02,1.342435e+09,7.573192e-08,4.155672e-01,1.512478e-13,1.874403e-09,1.671747e+02,1.680917e+09,6.441330e-08,2.980472e-01,1.631873e-13,7.621551e-10,1.982546e+02,1.669392e+09,2.689843e-02,1.629592e-02,5.378538e-03,2.141268e-15
211,2.209678e-11,3.989391e-01,1.089715e-09,6.848055e-10,2.100731e-13,3.725439e-11,1.973030e-01,1.128224e-09,1.280262e-09,2.228019e-13,3.832748e-11,1.500436e-01,1.194920e-09,5.481030e-10,1.683564e-13,2.093602e-11,2.230064e-01,1.167964e-09,1.135467e-09,5.162537e-13,7.310257e-08,3.904736e-01,2.161638e-13,8.624786e-10,1.717409e+02,1.496256e+09,8.049331e-08,4.507313e-01,1.745909e-13,1.213334e-09,1.638230e+02,1.769216e+09,6.856755e-08,3.587310e-01,3.170673e-13,1.889205e-09,1.753406e+02,1.196678e+09,2.045121e-02,1.053505e-02,2.053237e-03,4.401434e-15
212,2.185919e-11,1.546547e-01,7.666098e-10,4.289964e-10,3.120061e-13,3.863928e-11,3.760619e-01,1.059791e-09,1.022409e-09,4.680736e-13,3.742859e-11,1.635629e-01,6.339269e-10,8.492508e-10,3.201718e-13,2.250810e-11,3.861801e-01,8.882624e-10,8.814335e-10,2.417304e-13,7.200666e-08,4.544296e-01,1.448667e-13,1.611728e-09,1.453579e+02,1.699764e+09,7.746229e-08,4.127001e-01,1.454203e-13,7.668361e-10,1.721823e+02,1.825480e+09,6.185026e-08,3.079177e-01,2.317813e-13,1.325068e-09,1.842636e+02,1.595365e+09,4.141161e-03,1.976463e-03,3.116112e-03,2.314238e-15
213,2.289036e-11,3.913561e-01,8.293274e-10,9.592212e-10,2.777583e-13,3.863046e-11,3.433964e-01,8.550485e-10,8.852904e-10,4.496278e-13,4.043424e-11,1.477499e-01,6.158983e-10,3.104754e-10,3.273203e-13,2.138509e-11,1.525123e-01,1.110748e-09,8.471053e-10,4.022299e-13,6.717112e-08,3.727852e-01,1.725009e-13,8.550385e-10,1.652938e+02,1.985044e+09,7.473404e-08,3.168399e-01,1.406595e-13,7.879873e-10,2.163771e+02,1.836123e+09,6.393734e-08,4.277348e-01,2.472520e-13,1.306610e-09,1.371238e+02,1.321516e+09,8.281839e-03,1.907293e-02,4.016483e-03,2.635752e-15
214,2.228295e-11,3.815862e-01,1.092893e-09,6.781031e-10,1.964776e-13,3.755677e-11,2.617485e-01,1.164213e-09,1.253545e-09,2.904876e-13,3.927102e-11,2.873032e-01,7.182624e-10,5.661386e-10,1.855018e-13,2.120094e-11,1.077618e-01,9.857861e-10,3.688976e-10,1.805553e-13,6.788736e-08,4.303303e-01,1.776417e-13,1.995567e-09,1.447170e+02,1.845346e+09,8.330605e-08,3.963830e-01,2.464105e-13,7.308419e-10,1.927943e+02,1.229036e+09,6.128488e-08,2.688981e-01,1.973384e-13,6.753889e-10,2.090732e+02,1.674436e+09,3.175045e-03,2.748667e-02,4.734652e-03,1.880203e-15
215,2.130030e-11,3.317338e-01,9.953975e-10,7.232814e-10,2.816620e-13,3.748634e-11,2.074167e-01,8.640504e-10,1.189559e-09,1.900328e-13,3.738744e-11,3.931487e-01,1.160163e-09,1.008448e-09,1.771440e-13,2.102610e-11,2.996181e-01,6.754724e-10,1.262301e-09,4.295127e-13,7.260457e-08,5.089844e-01,1.331956e-13,1.141453e-09,1.308556e+02,1.850127e+09,8.740349e-08,3.656425e-01,1.961663e-13,1.683027e-09,2.192829e+02,1.287868e+09,6.765635e-08,4.645350e-01,1.671332e-13,6.504270e-10,1.336050e+02,1.986284e+09,2.356123e-02,1.068895e-02,2.809785e-03,3.673928e-15
216,2.213036e-11,3.302399e-01,9.646633e-10,2.770586e-10,2.264680e-13,3.755403e-11,1.896332e-01,6.408062e-10,3.807911e-10,2.861967e-13,4.026853e-11,3.233510e-01,1.166204e-09,6.907481e-10,2.296936e-13,2.215592e-11,3.906071e-01,1.018127e-09,5.837253e-10,4.871489e-13,6.642728e-08,3.155024e-01,1.899511e-13,1.716029e-09,1.931419e+02,1.691903e+09,8.489977e-08,5.237848e-01,2.166590e-13,7.581809e-10,1.486916e+02,1.383479e+09,6.611770e-08,3.212348e-01,2.891197e-13,1.036367e-09,1.888112e+02,1.270052e+09,2.552139e-03,1.195084e-02,2.925102e-03,2.276843e-15
217,2.199574e-11,3.996200e-01,8.875398e-10,5.977648e-10,1.829072e-13,4.010160e-11,3.850156e-01,8.767998e-10,8.011980e-10,1.824981e-13,3.739438e-11,1.716719e-01,7.141975e-10,8.794880e-10,2.367585e-13,2.104406e-11,3.162215e-01,8.959078e-10,1.264172e-09,1.740800e-13,6.375832e-08,3.466779e-01,1.341680e-13,1.608675e-09,1.687110e+02,2.062333e+09,7.866321e-08,4.880045e-01,2.352871e-13,1.275690e-09,1.478702e+02,1.223728e+09,6.387930e-08,2.726314e-01,1.843420e-13,1.744227e-09,2.149398e+02,1.679244e+09,1.535642e-02,2.172614e-02,1.106269e-03,7.820449e-16
218,2.227019e-11,2.601769e-01,1.105354e-09,7.087700e-10,3.321155e-13,3.775279e-11,3.516120e-01,9.759422e-10,2.795543e-10,4.975244e-13,3.970970e-11,2.049087e-01,6.122321e-10,1.164349e-09,2.417807e-13,2.169482e-11,1.401972e-01,7.101933e-10,8.300707e-10,1.976777e-13,6.326860e-08,3.184595e-01,1.700766e-13,1.036331e-09,1.822497e+02,1.917483e+09,7.792367e-08,3.351914e-01,2.182669e-13,6.845871e-10,2.132599e+02,1.313797e+09,6.819658e-08,4.667692e-01,2.175214e-13,1.490161e-09,1.340273e+02,1.450196e+09,1.349804e-02,2.111559e-02,1.694803e-03,3.314714e-15
219,2.125718e-11,3.756841e-01,9.776914e-10,3.687733e-10,3.148577e-13,3.939190e-11,2.801584e-01,8.285844e-10,8.553396e-10,4.367204e-13,4.088263e-11,3.184487e-01,1.157167e-09,1.173467e-09,4.155748e-13,2.184689e-11,1.748482e-01,6.031708e-10,9.577021e-10,2.485804e-13,6.608472e-08,4.124844e-01,2.150691e-13,1.142044e-09,1.469692e+02,1.407061e+09,8.439735e-08,4.155515e-01,2.314561e-13,1.579073e-09,1.863103e+02,1.223748e+09,6.497488e-08,3.211818e-01,2.002496e-13,1.054928e-09,1.855783e+02,1.513366e+09,2.498530e-02,4.200985e-03,2.378296e-03,2.487439e-15
220,2.127597e-11,1.291334e-01,7.352249e-10,1.194782e-09,1.753620e-13,3.807517e-11,2.945119e-01,9.548751e-10,8.456486e-10,3.876286e-13,3.926485e-11,2.042547e-01,8.756830e-10,1.098775e-09,4.362084e-13,2.272479e-11,1.264986e-01,1.093549e-09,9.803031e-10,3.494086e-13,6.926877e-08,4.456026e-01,1.618580e-13,9.198031e-10,1.426010e+02,2.042634e+09,8.508811e-08,3.584693e-01,2.574918e-13,1.384823e-09,2.177457e+02,1.240099e+09,6.316255e-08,3.812454e-01,1.700862e-13,1.803153e-09,1.519805e+02,1.653304e+09,1.320295e-02,2.756700e-02,3.750919e-03,8.311952e-16
221,2.285811e-11,1.245479e-01,8.838823e-10,9.043850e-10,4.290533e-13,3.858570e-11,3.919894e-01,1.170212e-09,6.729210e-10,2.933107e-13,3.973455e-11,3.879599e-01,8.117568e-10,4.729985e-10,4.489838e-13,2.173595e-11,1.545139e-01,9.494903e-10,5.113393e-10,1.954139e-13,7.352008e-08,4.237581e-01,2.077913e-13,1.023020e-09,1.591551e+02,1.638559e+09,8.261713e-08,5.253393e-01,1.727114e-13,1.890669e-09,1.442657e+02,1.770607e+09,6.571662e-08,3.342287e-01,2.033657e-13,7.033850e-10,1.803700e+02,1.553504e+09,2.758905e-02,1.089624e-02,2.210148e-03,3.961145e-15
222,2.172947e-11,3.275285e-01,1.186271e-09,6.273985e-10,1.873453e-13,4.075828e-11,3.848217e-01,6.846213e-10,1.030512e-09,5.004933e-13,3.773286e-11,2.232989e-01,1.066402e-09,1.273694e-09,1.821732e-13,2.281049e-11,3.670718e-01,9.112879e-10,8.495159e-10,4.278736e-13,7.436537e-08,3.205128e-01,1.606149e-13,1.471919e-09,2.128424e+02,1.601446e+09,8.569466e-08,3.580770e-01,2.039737e-13,1.971063e-09,2.195382e+02,1.380383e+09,6.452116e-08,3.959763e-01,1.481389e-13,1.772401e-09,1.494740e+02,1.771137e+09,1.435270e-04,2.138878e-02,5.666352e-03,1.940352e-15
223,2.127254e-11,1.892664e-01,8.580160e-10,9.838482e-10,4.460719e-13,3.710434e-11,2.664465e-01,7.855958e-10,9.043969e-10,4.274962e-13,3.747313e-11,2.823178e-01,1.149704e-09,3.355867e-10,3.815170e-13,2.109864e-11,3.440414e-01,1.190935e-09,9.904328e-10,3.416306e-13,7.006648e-08,4.075039e-01,1.756693e-13,1.823733e-09,1.577289e+02,1.813085e+09,7.694593e-08,3.397277e-01,2.057071e-13,7.165932e-10,2.077722e+02,1.524473e+09,7.329012e-08,3.775222e-01,2.045172e-13,1.034256e-09,1.780884e+02,1.422439e+09,7.849582e-03,1.172706e-02,2.621067e-03,1.518158e-15
224,2.293919e-11,3.075326e-01,6.533052e-10,8.550425e-10,4.383218e-13,4.089179e-11,2.155986e-01,6.975163e-10,4.536567e-10,4.611498e-13,3.736186e-11,1.280399e-01,1.118660e-09,1.201806e-09,3.806440e-13,2.104096e-11,1.736070e-01,6.635691e-10,6.308966e-10,1.853697e-13,7.271160e-08,3.413079e-01,1.299468e-13,1.393999e-09,1.954295e+02,1.846806e+09,8.196521e-08,3.709007e-01,1.919619e-13,8.944764e-10,2.027237e+02,1.545445e+09,6.654767e-08,3.960697e-01,2.924144e-13,1.041718e-09,1.541324e+02,1.236122e+09,9.380758e-03,2.400749e-02,4.389033e-03,4.570904e-15
225,2.168246e-11,1.924408e-01,9.259030e-10,3.550388e-10,4.071509e-13,4.025088e-11,1.895692e-01,6.609805e-10,7.663920e-10,1.787354e-13,3.814305e-11,1.030817e-01,1.160246e-09,7.624744e-10,4.318281e-13,2.222218e-11,2.339365e-01,7.469546e-10,4.190652e-10,4.237861e-13,6.816544e-08,3.196854e-01,2.533123e-13,6.553230e-10,1.956024e+02,1.416767e+09,8.094378e-08,4.041417e-01,2.885456e-13,6.577245e-10,1.837310e+02,1.197963e+09,6.823644e-08,4.253441e-01,1.736566e-13,1.316290e-09,1.471664e+02,1.860296e+09,2.849735e-02,1.672748e-02,5.035718e-03,1.945518e-15
226,2.200061e-11,3.064910e-01,1.020867e-09,6.354064e-10,4.637497e-13,3.876211e-11,1.239153e-01,7.772387e-10,9.320964e-10,3.280379e-13,3.835963e-11,2.846276e-01,7.867445e-10,1.169594e-09,3.933292e-13,2.209197e-11,2.872198e-01,9.138611e-10,7.845267e-10,4.086221e-13,7.085589e-08,4.016221e-01,2.083016e-13,1.746016e-09,1.618419e+02,1.580187e+09,8.476285e-08,3.615792e-01,2.644567e-13,5.172161e-10,2.150477e+02,1.142175e+09,6.131182e-08,2.865969e-01,2.527761e-13,1.201954e-09,1.962481e+02,1.449804e+09,2.456595e-02,7.029406e-03,5.006428e-03,3.987976e-15
227,2.130805e-11,2.688644e-01,1.144555e-09,9.405889e-10,3.639112e-13,3.722598e-11,1.841167e-01,8.301411e-10,1.237049e-09,3.576898e-13,3.879092e-11,1.802270e-01,8.865687e-10,9.532266e-10,2.708431e-13,2.171595e-11,1.828947e-01,6.646855e-10,3.438030e-10,1.726661e-13,6.892981e-08,3.123742e-01,1.554220e-13,6.119601e-10,2.024252e+02,1.697653e+09,8.580368e-08,5.388484e-01,2.827249e-13,1.671954e-09,1.460737e+02,1.138702e+09,6.589412e-08,4.425642e-01,1.550339e-13,9.352602e-10,1.365850e+02,1.940802e+09,1.631527e-02,8.934777e-04,2.398341e-03,1.535941e-15
228,2.109573e-11,1.234040e-01,8.124674e-10,6.604757e-10,3.997991e-13,3.835840e-11,3.873386e-01,9.558093e-10,1.277217e-09,4.378764e-13,3.846818e-11,2.671615e-01,9.100919e-10,1.200299e-09,4.952841e-13,2.179246e-11,2.555662e-01,9.187232e-10,2.842734e-10,2.183707e-13,6.409708e-08,3.794858e-01,2.633645e-13,5.819012e-10,1.549442e+02,1.320474e+09,8.948728e-08,3.923941e-01,1.588128e-13,6.605512e-10,2.092047e+02,1.444898e+09,7.384094e-08,3.337142e-01,1.290112e-13,6.262809e-10,2.029809e+02,1.854319e+09,1.812429e-02,1.602202e-02,5.826949e-03,6.873278e-16
229,2.138197e-11,3.558841e-01,9.885426e-10,2.921244e-10,3.466515e-13,3.879735e-11,3.099214e-01,8.080379e-10,9.446671e-10,4.161910e-13,3.983817e-11,2.845517e-01,1.029789e-09,5.501873e-10,2.161418e-13,2.305371e-11,1.231663e-01,1.149012e-09,6.024006e-10,5.112247e-13,6.271971e-08,3.170878e-01,2.360960e-13,1.664842e-09,1.814501e+02,1.557739e+09,7.820669e-08,4.198950e-01,1.560970e-13,1.592839e-09,1.708583e+02,1.638766e+09,6.394920e-08,4.020699e-01,2.256238e-13,7.875110e-10,1.459037e+02,1.639173e+09,2.430722e-02,2.919524e-02,5.318880e-03,2.092958e-15
230,2.172644e-11,1.040815e-01,8.382302e-10,5.923217e-10,2.511305e-13,3.794318e-11,1.721629e-01,7.148543e-10,1.264730e-09,1.974897e-13,3.802811e-11,3.388163e-01,9.870539e-10,9.262737e-10,3.805346e-13,2.237742e-11,1.959116e-01,1.190039e-09,4.491212e-10,4.930384e-13,7.082133e-08,4.352508e-01,2.151842e-13,1.338387e-09,1.492647e+02,1.595459e+09,8.796810e-08,4.114551e-01,1.356783e-13,5.225539e-10,1.961262e+02,1.710848e+09,7.366840e-08,3.455047e-01,2.213816e-13,1.142067e-09,1.955960e+02,1.456735e+09,1.135784e-02,2.664501e-02,3.720184e-03,3.858878e-15
231,2.229949e-11,2.505995e-01,6.698266e-10,9.550935e-10,4.712204e-13,3.971973e-11,3.710106e-01,7.042669e-10,6.482607e-10,2.113782e-13,3.803342e-11,1.561985e-01,7.742015e-10,1.058089e-09,3.166316e-13,2.278274e-11,3.655456e-01,1.114716e-09,3.803037e-10,4.921142e-13,7.104284e-08,3.509838e-01,2.012055e-13,1.124249e-09,1.856803e+02,1.595517e+09,7.996077e-08,4.708408e-01,1.790626e-13,1.794731e-09,1.557886e+02,1.778703e+09,6.422636e-08,2.960754e-01,3.142737e-13,5.716329e-10,1.989957e+02,1.274818e+09,1.979811e-02,1.714623e-02,3.599365e-03,2.495615e-15
232,2.131609e-11,2.432595e-01,8.863702e-10,9.844437e-10,4.653331e-13,3.824973e-11,3.223332e-01,7.747475e-10,3.391175e-10,1.714745e-13,3.864020e-11,2.725301e-01,8.511321e-10,1.186903e-09,1.939919e-13,2.181955e-11,1.032121e-01,1.114339e-09,4.909727e-10,3.502675e-13,6.629741e-08,3.710877e-01,2.701305e-13,1.853707e-09,1.638901e+02,1.330157e+09,8.224765e-08,3.953270e-01,3.263971e-13,1.875065e-09,1.908533e+02,1.093358e+09,6.433861e-08,3.472841e-01,1.574432e-13,1.603380e-09,1.699493e+02,1.858763e+09,1.462817e-02,3.877884e-03,4.151640e-03,2.440045e-15
233,2.207623e-11,3.219452e-01,6.109004e-10,9.871683e-10,3.214580e-13,3.835804e-11,1.087065e-01,1.074820e-09,1.156749e-09,4.781081e-13,4.064699e-11,3.993745e-01,1.035024e-09,8.155725e-10,2.711672e-13,2.137212e-11,2.757862e-01,1.071795e-09,2.875989e-10,3.002520e-13,6.430342e-08,3.426757e-01,2.765127e-13,9.656820e-10,1.721407e+02,1.357067e+09,8.671334e-08,4.599463e-01,2.781269e-13,9.540236e-10,1.729464e+02,1.169199e+09,7.452648e-08,4.832562e-01,1.454500e-13,1.281261e-09,1.414705e+02,1.834750e+09,8.036266e-03,2.282424e-02,2.997182e-03,4.365983e-15
234,2.216541e-11,3.749549e-01,7.214372e-10,3.207074e-10,3.159924e-13,3.977753e-11,3.979388e-01,1.120974e-09,1.117050e-09,2.177540e-13,4.085148e-11,2.800104e-01,7.096025e-10,9.677332e-10,2.381314e-13,2.139016e-11,2.704336e-01,6.591347e-10,5.017342e-10,2.355011e-13,6.137658e-08,2.759681e-01,2.089439e-13,1.944345e-09,2.040218e+02,1.551147e+09,8.875114e-08,4.437554e-01,1.315644e-13,8.946633e-10,1.834691e+02,1.769204e+09,6.435108e-08,4.023059e-01,1.803831e-13,1.149326e-09,1.467345e+02,1.779413e+09,1.528423e-02,8.839712e-03,5.167104e-03,1.075395e-15
235,2.250554e-11,3.817002e-01,8.704554e-10,5.202868e-10,3.723015e-13,3.756196e-11,3.038347e-01,1.190559e-09,1.107896e-09,2.033663e-13,3.873593e-11,1.719960e-01,1.051574e-09,4.390079e-10,3.458643e-13,2.124866e-11,3.882250e-01,1.059716e-09,3.266183e-10,5.049729e-13,6.748514e-08,3.162417e-01,2.663642e-13,9.490016e-10,1.957590e+02,1.372186e+09,7.422079e-08,3.051763e-01,1.801476e-13,1.026899e-09,2.231041e+02,1.651949e+09,6.503490e-08,3.185930e-01,1.576599e-13,6.033502e-10,1.872591e+02,2.064595e+09,9.556197e-03,1.609002e-02,1.716914e-03,2.660449e-15
236,2.298621e-11,3.564552e-01,8.663440e-10,1.094397e-09,2.626497e-13,3.952323e-11,2.028789e-01,8.193294e-10,7.888623e-10,3.755108e-13,4.040168e-11,3.987062e-01,1.187861e-09,4.611056e-10,4.419053e-13,2.257993e-11,1.160131e-01,1.059170e-09,9.549354e-10,3.957748e-13,7.186341e-08,3.235547e-01,1.468819e-13,1.914201e-09,2.037478e+02,2.001192e+09,8.195904e-08,3.875662e-01,2.288199e-13,1.157158e-09,1.939919e+02,1.348035e+09,6.190595e-08,2.729378e-01,3.260460e-13,1.215326e-09,2.080661e+02,1.224830e+09,1.045377e-02,1.188030e-02,4.200277e-03,3.908371e-15
237,2.285057e-11,3.217000e-01,1.113950e-09,1.144211e-09,4.924458e-13,4.058168e-11,2.284375e-01,8.786805e-10,6.848986e-10,2.415015e-13,3.808867e-11,2.666785e-01,6.643255e-10,3.500566e-10,1.880091e-13,2.197116e-11,2.472428e-01,9.155616e-10,4.946622e-10,4.519872e-13,6.487313e-08,3.431679e-01,2.206597e-13,5.491433e-10,1.734167e+02,1.547657e+09,7.434959e-08,4.469993e-01,2.010860e-13,8.773774e-10,1.525824e+02,1.568911e+09,6.640767e-08,2.963140e-01,1.173992e-13,1.163974e-09,2.055885e+02,2.061689e+09,1.648058e-02,8.807461e-03,3.890539e-03,1.115757e-15
238,2.186930e-11,3.337788e-01,6.458667e-10,1.272858e-09,3.464589e-13,3.905692e-11,1.639360e-01,7.423029e-10,8.018369e-10,3.604157e-13,3.766860e-11,3.583267e-01,1.017402e-09,1.041871e-09,4.156073e-13,2.115132e-11,1.259024e-01,8.958975e-10,9.417383e-10,4.241065e-13,7.362255e-08,3.824671e-01,2.505322e-13,6.362920e-10,1.765832e+02,1.408277e+09,8.159052e-08,4.736141e-01,1.417862e-13,1.283782e-09,1.580330e+02,1.642337e+09,7.173349e-08,3.798885e-01,2.622265e-13,7.069294e-10,1.732202e+02,1.350781e+09,1.330964e-02,2.474886e-02,3.655969e-03,1.327842e-15
239,2.301745e-11,1.144082e-01,6.571617e-10,9.044801e-10,4.904441e-13,3.880354e-11,2.474928e-01,1.104001e-09,6.168725e-10,2.549313e-13,3.786820e-11,1.111587e-01,8.539266e-10,8.415896e-10,2.589177e-13,2.228963e-11,1.048598e-01,8.205451e-10,8.289104e-10,2.680310e-13,6.836966e-08,3.840689e-01,1.361231e-13,1.581424e-09,1.633003e+02,2.054812e+09,7.440515e-08,4.865785e-01,1.837699e-13,1.871093e-09,1.402758e+02,1.683465e+09,6.924001e-08,2.981946e-01,1.548324e-13,8.295717e-10,2.130051e+02,1.917407e+09,1.773580e-03,1.511841e-02,3.877077e-03,1.665515e-15
240,2.204944e-11,3.056289e-01,1.113410e-09,1.199644e-09,4.646644e-13,3.783389e-11,2.025295e-01,1.170195e-09,9.278766e-10,4.920791e-13,3.958267e-11,3.684714e-01,9.548390e-10,8.608756e-10,1.968274e-13,2.167626e-11,1.978900e-01,1.189571e-09,8.011026e-10,2.236427e-13,6.433927e-08,3.441562e-01,2.363070e-13,1.737552e-09,1.714957e+02,1.497264e+09,8.435813e-08,5.089204e-01,1.840609e-13,8.196891e-10,1.520582e+02,1.463997e+09,7.126768e-08,3.393660e-01,1.730831e-13,1.436073e-09,1.926447e+02,1.728243e+09,2.286492e-03,2.784619e-02,4.592482e-04,9.141662e-16
241,2.173412e-11,3.356250e-01,1.198244e-09,3.935520e-10,2.483071e-13,3.999261e-11,2.740471e-01,8.648998e-10,9.515819e-10,4.559863e-13,3.797147e-11,3.665722e-01,1.065134e-09,4.428829e-10,2.888656e-13,2.223900e-11,3.107545e-01,8.023725e-10,6.071101e-10,4.064099e-13,6.160754e-08,2.712172e-01,1.625919e-13,1.556615e-09,2.083768e+02,2.000168e+09,7.621467e-08,4.012629e-01,1.819340e-13,9.093114e-10,1.742378e+02,1.627855e+09,7.191867e-08,4.460139e-01,1.701782e-13,8.927495e-10,1.479197e+02,1.868458e+09,2.860509e-02,1.914901e-02,2.886604e-03,1.214801e-15
242,2.165741e-11,3.791179e-01,9.248101e-10,1.024692e-09,3.374490e-13,3.938737e-11,3.448407e-01,1.060179e-09,2.901409e-10,3.692579e-13,3.715113e-11,2.960150e-01,9.676604e-10,1.138676e-09,2.527650e-13,2.269187e-11,1.917202e-01,9.350859e-10,8.488892e-10,2.401188e-13,6.295034e-08,2.796012e-01,2.345010e-13,6.179747e-10,2.065342e+02,1.399348e+09,8.434582e-08,3.613808e-01,1.510857e-13,8.393834e-10,2.141072e+02,1.727571e+09,6.595219e-08,3.532891e-01,2.758195e-13,1.772971e-09,1.712505e+02,1.313171e+09,5.289504e-03,6.540372e-03,8.912916e-04,4.370845e-15
243,2.217645e-11,2.723025e-01,7.009466e-10,8.123257e-10,4.395173e-13,3.865140e-11,3.629791e-01,1.196420e-09,5.162548e-10,3.330010e-13,3.851892e-11,1.602466e-01,7.639774e-10,1.228540e-09,5.196594e-13,2.254187e-11,3.942370e-01,6.369900e-10,9.279096e-10,3.207687e-13,6.913002e-08,2.947541e-01,1.231313e-13,1.290506e-09,2.151491e+02,2.032491e+09,8.583807e-08,4.593706e-01,2.343999e-13,8.891678e-10,1.714153e+02,1.364037e+09,6.162144e-08,3.818509e-01,1.685365e-13,1.712935e-09,1.480372e+02,1.733813e+09,2.006091e-02,5.241403e-03,5.366899e-03,1.350935e-15
244,2.103220e-11,2.965071e-01,1.040032e-09,7.570064e-10,5.292167e-13,4.063126e-11,3.273931e-01,1.031662e-09,1.066150e-09,1.691485e-13,3.940354e-11,2.264207e-01,8.615359e-10,8.621427e-10,4.685248e-13,2.190738e-11,3.332523e-01,7.150467e-10,6.364317e-10,3.785431e-13,7.410244e-08,3.159360e-01,1.854552e-13,1.697351e-09,2.151623e+02,1.456917e+09,7.996852e-08,3.536356e-01,2.193482e-13,1.003701e-09,2.074416e+02,1.278011e+09,6.944200e-08,3.308291e-01,2.099923e-13,1.439394e-09,1.925534e+02,1.404148e+09,2.166706e-02,8.802406e-03,8.723139e-04,8.779262e-16
245,2.219686e-11,2.360452e-01,6.892185e-10,9.354772e-10,5.019911e-13,4.018410e-11,1.817187e-01,1.011754e-09,9.176950e-10,3.358401e-13,3.942316e-11,2.375677e-01,1.082942e-09,1.072785e-09,3.639020e-13,2.257511e-11,2.919800e-01,6.694529e-10,8.763610e-10,1.876490e-13,6.189749e-08,2.768601e-01,2.467906e-13,1.206077e-09,2.050904e+02,1.456589e+09,8.607415e-08,4.212260e-01,3.261609e-13,9.104679e-10,1.874521e+02,1.068216e+09,6.433780e-08,2.959813e-01,1.431824e-13,7.617353e-10,1.994043e+02,1.884273e+09,2.934589e-02,2.657157e-03,2.171725e-03,2.661905e-15
246,2.229902e-11,1.270492e-01,9.031099e-10,1.203068e-09,3.142050e-13,3.978283e-11,3.980843e-01,8.818532e-10,1.052366e-09,5.095596e-13,3.966579e-11,1.170601e-01,7.162769e-10,6.781973e-10,2.854766e-13,2.223631e-11,1.869322e-01,1.075010e-09,7.228245e-10,5.139513e-13,7.234847e-08,4.738446e-01,1.535754e-13,1.429684e-09,1.400639e+02,2.063528e+09,8.522097e-08,5.394684e-01,1.620157e-13,6.787979e-10,1.449150e+02,1.520150e+09,7.073551e-08,3.240617e-01,2.885640e-13,1.314797e-09,2.002362e+02,1.235677e+09,2.353596e-02,5.031969e-03,3.866778e-03,2.275216e-15
247,2.221803e-11,2.888476e-01,8.709941e-10,5.656931e-10,4.699668e-13,3.825867e-11,1.915354e-01,7.012939e-10,1.090408e-09,1.819556e-13,3.952282e-11,1.302946e-01,1.018353e-09,6.944038e-10,3.599176e-13,2.177060e-11,3.892147e-01,1.150526e-09,1.210094e-09,3.283679e-13,6.587713e-08,3.369799e-01,2.767543e-13,5.593763e-10,1.793343e+02,1.335670e+09,8.680738e-08,4.165691e-01,2.522915e-13,1.376263e-09,1.911623e+02,1.198437e+09,7.263456e-08,3.613451e-01,1.727365e-13,1.212880e-09,1.843970e+02,1.741955e+09,1.355019e-02,1.042469e-02,6.766197e-04,1.313923e-15
248,2.291440e-11,3.514678e-01,1.065144e-09,1.042484e-09,3.433860e-13,3.985387e-11,2.111831e-01,7.432447e-10,9.052964e-10,3.864336e-13,3.911911e-11,2.362836e-01,6.354116e-10,3.770940e-10,2.099373e-13,2.222670e-11,3.473256e-01,1.067861e-09,3.504212e-10,2.506195e-13,7.385201e-08,3.532972e-01,1.095155e-13,1.779998e-09,1.917586e+02,2.048474e+09,7.927228e-08,5.031852e-01,2.790015e-13,1.998262e-09,1.445194e+02,1.173956e+09,7.008142e-08,4.345720e-01,1.559270e-13,1.623376e-09,1.479360e+02,1.920392e+09,1.358161e-02,7.179151e-03,1.515897e-03,4.787022e-15
249,2.304296e-11,1.515595e-01,1.049904e-09,1.018534e-09,4.429806e-13,3.744857e-11,3.819016e-01,6.790890e-10,7.783026e-10,3.005568e-13,3.727600e-11,1.012945e-01,1.166928e-09,9.322281e-10,4.984137e-13,2.213108e-11,3.372306e-01,7.836246e-10,1.062525e-09,4.812576e-13,6.325074e-08,3.435456e-01,3.274828e-13,7.993009e-10,1.688939e+02,1.264698e+09,7.851555e-08,4.836190e-01,2.547974e-13,1.537150e-09,1.489310e+02,1.342887e+09,7.186108e-08,4.660625e-01,2.969076e-13,1.959263e-09,1.414433e+02,1.261759e+09,2.528233e-02,2.435661e-02,3.698728e-03,3.505256e-15
250,2.169245e-11,3.883484e-01,8.552008e-10,4.216635e-10,4.354547e-13,3.857434e-11,2.175944e-01,1.123016e-09,7.607100e-10,4.826707e-13,4.020916e-11,1.630714e-01,8.327367e-10,1.157063e-09,1.722187e-13,2.198245e-11,2.494385e-01,1.134828e-09,7.115007e-10,3.696726e-13,6.709585e-08,3.966758e-01,2.085858e-13,1.153444e-09,1.551646e+02,1.443026e+09,8.512524e-08,5.395575e-01,2.466949e-13,1.711409e-09,1.447282e+02,1.161307e+09,7.301841e-08,4.813460e-01,1.388895e-13,9.973227e-10,1.391578e+02,1.817734e+09,1.261802e-02,9.276084e-03,1.979271e-03,1.548223e-15
251,2.091586e-11,2.366189e-01,7.241155e-10,7.895754e-10,5.255128e-13,3.896151e-11,2.741805e-01,1.152376e-09,1.150011e-09,2.882627e-13,3.744121e-11,3.431267e-01,7.710353e-10,3.273208e-10,2.367622e-13,2.104165e-11,3.811897e-01,7.367580e-10,5.643093e-10,3.745429e-13,7.269529e-08,5.044159e-01,1.526247e-13,1.731292e-09,1.322057e+02,1.804149e+09,7.533880e-08,3.491891e-01,2.017468e-13,1.028276e-09,1.979205e+02,1.641741e+09,6.393317e-08,2.761372e-01,1.296076e-13,1.841957e-09,2.123900e+02,2.051392e+09,1.195487e-02,9.374468e-03,2.794414e-03,2.509924e-15
252,2.182843e-11,2.624335e-01,8.685219e-10,8.784282e-10,1.850368e-13,4.047861e-11,1.230882e-01,7.138927e-10,5.195678e-10,2.808759e-13,3.722761e-11,2.196975e-01,6.078399e-10,6.327249e-10,1.882811e-13,2.188865e-11,2.704562e-01,9.118730e-10,9.462592e-10,4.733880e-13,6.855517e-08,3.148687e-01,1.458701e-13,1.756795e-09,1.997300e+02,1.836274e+09,8.011339e-08,3.556811e-01,3.287036e-13,1.029913e-09,2.066222e+02,1.123302e+09,6.855603e-08,3.130709e-01,1.727433e-13,9.409845e-10,2.008795e+02,1.712458e+09,2.012418e-02,1.738061e-02,2.425482e-03,6.075786e-16
