run,C1C,C1ESR,C1ESL,C1Lvia,C1Cpad,C3C,C3ESR,C3ESL,C3Lvia,C3Cpad,C5C,C5ESR,C5ESL,C5Lvia,C5Cpad,C7C,C7ESR,C7ESL,C7Lvia,C7Cpad,L2L,L2R,L2C,L2Ltr,L2Q,L2SRF,L4L,L4R,L4C,L4Ltr,L4Q,L4SRF,L6L,L6R,L6C,L6Ltr,L6Q,L6SRF,K24,K46,K26,Cio
1,2.090000e-11,2.000000e-01,1.000000e-09,8.496433e-10,3.489749e-13,3.705000e-11,2.000000e-01,1.000000e-09,8.496433e-10,3.489749e-13,3.705000e-11,2.000000e-01,1.000000e-09,8.496433e-10,3.489749e-13,2.090000e-11,2.000000e-01,1.000000e-09,8.496433e-10,3.489749e-13,6.460000e-08,6.088407e-01,2.242710e-13,1.000000e-09,1.000000e+02,1.500000e+09,7.790000e-08,7.341902e-01,2.424049e-13,1.000000e-09,1.000000e+02,1.300000e+09,6.460000e-08,6.088407e-01,2.242710e-13,1.000000e-09,1.000000e+02,1.500000e+09,5.000000e-03,5.000000e-03,1.000000e-03,2.000000e-15
2,2.310000e-11,2.000000e-01,1.000000e-09,8.496433e-10,3.489749e-13,4.095000e-11,2.000000e-01,1.000000e-09,8.496433e-10,3.489749e-13,4.095000e-11,2.000000e-01,1.000000e-09,8.496433e-10,3.489749e-13,2.310000e-11,2.000000e-01,1.000000e-09,8.496433e-10,3.489749e-13,7.140000e-08,6.729291e-01,2.076738e-13,1.000000e-09,1.000000e+02,1.500000e+09,8.610000e-08,8.114734e-01,2.240806e-13,1.000000e-09,1.000000e+02,1.300000e+09,7.140000e-08,6.729291e-01,2.076738e-13,1.000000e-09,1.000000e+02,1.500000e+09,5.000000e-03,5.000000e-03,1.000000e-03,2.000000e-15
3,2.201248e-11,2.498258e-01,1.161522e-09,6.925993e-10,3.997204e-13,3.962062e-11,3.054522e-01,9.148332e-10,7.766944e-10,5.058875e-13,3.826930e-11,3.146619e-01,7.358960e-10,5.988834e-10,2.019401e-13,2.283858e-11,3.152393e-01,6.964132e-10,9.239615e-10,5.264296e-13,6.863264e-08,5.331688e-01,1.814173e-13,1.164147e-09,1.213213e+02,1.839767e+09,8.233422e-08,6.019994e-01,1.777652e-13,8.759461e-10,1.289008e+02,1.614225e+09,6.525061e-08,5.948370e-01,1.460458e-13,1.434017e-09,1.033850e+02,1.924611e+09,5.200273e-03,4.367420e-03,1.481439e-03,1.469504e-15
4,2.091203e-11,1.653522e-01,8.642174e-10,2.869111e-10,3.397231e-13,4.094904e-11,3.814381e-01,9.739202e-10,4.773141e-10,4.876046e-13,4.020565e-11,1.907775e-01,6.814927e-10,3.737450e-10,3.775482e-13,2.242782e-11,1.196851e-01,1.079038e-09,9.747014e-10,1.731207e-13,6.679722e-08,5.424373e-01,1.890972e-13,5.597150e-10,1.160593e+02,1.623091e+09,8.109968e-08,6.856160e-01,1.616338e-13,1.847786e-09,1.114832e+02,1.500674e+09,6.913125e-08,5.651159e-01,1.265463e-13,1.403706e-09,1.152944e+02,1.858689e+09,8.498851e-03,1.581894e-03,1.624182e-03,1.699876e-15
5,2.275728e-11,2.652333e-01,9.214528e-10,1.142669e-09,3.797105e-13,3.824185e-11,2.822225e-01,1.128969e-09,7.138021e-10,2.675649e-13,3.770733e-11,3.227681e-01,7.723599e-10,7.545148e-10,2.631473e-13,2.169266e-11,3.711807e-01,9.522832e-10,1.153012e-09,3.350051e-13,6.568868e-08,5.717234e-01,1.519203e-13,1.509358e-09,1.082868e+02,1.729557e+09,8.139977e-08,6.400941e-01,1.613908e-13,1.415554e-09,1.198534e+02,1.565162e+09,6.960716e-08,6.446251e-01,1.539206e-13,1.878960e-09,1.017695e+02,1.719389e+09,9.837691e-03,1.307449e-03,1.011603e-03,4.610037e-15
6,2.157857e-11,2.608784e-01,8.155184e-10,1.052196e-09,5.023007e-13,3.876936e-11,2.592898e-01,8.521674e-10,5.264548e-10,2.833001e-13,3.937778e-11,1.828741e-01,7.816297e-10,5.310394e-10,1.776959e-13,2.276215e-11,2.375270e-01,6.246453e-10,5.693572e-10,5.237624e-13,6.983316e-08,5.126475e-01,1.653085e-13,1.345815e-09,1.283849e+02,1.933578e+09,8.101763e-08,6.020026e-01,1.931713e-13,5.381324e-10,1.268389e+02,1.434467e+09,6.667784e-08,4.983280e-01,1.584770e-13,1.571894e-09,1.261065e+02,1.809215e+09,7.090141e-03,4.377363e-03,1.281869e-03,2.693264e-15
7,2.271627e-11,3.330487e-01,6.112397e-10,1.061640e-09,2.749214e-13,3.708831e-11,2.736202e-01,1.022559e-09,6.486854e-10,2.600459e-13,3.982271e-11,2.629363e-01,1.013666e-09,6.811145e-10,3.301532e-13,2.163511e-11,2.522525e-01,1.135635e-09,1.251402e-09,4.360869e-13,6.686982e-08,5.670632e-01,1.427967e-13,1.951373e-09,1.111398e+02,1.894388e+09,8.005033e-08,5.937090e-01,2.109049e-13,9.345172e-10,1.270752e+02,1.440179e+09,6.464159e-08,5.252529e-01,2.365781e-13,1.608374e-09,1.159884e+02,1.552937e+09,1.776836e-03,2.685968e-03,5.579921e-04,2.229908e-15
8,2.180416e-11,3.380652e-01,1.145860e-09,1.294512e-09,4.714062e-13,3.713691e-11,2.093919e-01,9.227998e-10,7.840444e-10,2.976543e-13,3.860050e-11,1.135920e-01,1.067473e-09,5.747583e-10,3.132164e-13,2.173219e-11,3.184656e-01,7.378871e-10,4.054568e-10,2.853591e-13,7.128706e-08,6.195150e-01,1.973149e-13,7.879316e-10,1.084501e+02,1.563336e+09,8.502542e-08,6.410474e-01,1.799481e-13,1.256999e-09,1.250057e+02,1.380635e+09,6.932527e-08,5.724142e-01,2.076319e-13,5.591622e-10,1.141438e+02,1.533371e+09,2.391082e-03,5.518666e-03,1.066149e-03,2.021557e-15
9,2.118545e-11,3.961590e-01,1.006197e-09,2.863858e-10,3.939873e-13,3.973079e-11,2.777957e-01,9.474083e-10,3.656664e-10,2.436229e-13,4.061965e-11,1.924328e-01,9.937243e-10,1.280301e-09,4.587333e-13,2.276140e-11,2.587719e-01,1.055038e-09,6.428861e-10,5.143291e-13,7.108848e-08,6.028729e-01,1.836845e-13,1.570539e-09,1.111334e+02,1.596544e+09,8.432675e-08,6.436013e-01,1.915073e-13,6.263747e-10,1.234865e+02,1.569686e+09,6.917823e-08,5.333929e-01,1.871224e-13,1.913124e-09,1.222344e+02,1.607177e+09,1.800096e-03,7.532537e-03,1.331759e-03,6.133781e-16
10,2.279550e-11,2.917494e-01,1.021838e-09,6.928430e-10,5.286534e-13,3.815634e-11,1.256171e-01,7.569677e-10,9.093453e-10,2.078783e-13,4.019031e-11,2.924169e-01,6.709254e-10,4.064766e-10,2.986860e-13,2.112386e-11,2.278248e-01,6.334726e-10,8.988251e-10,4.895465e-13,7.004023e-08,5.369024e-01,2.054513e-13,1.621053e-09,1.229485e+02,1.504366e+09,8.235478e-08,7.074351e-01,1.444619e-13,5.066063e-10,1.097169e+02,1.628955e+09,6.672223e-08,5.414975e-01,1.320405e-13,8.528491e-10,1.161302e+02,1.877338e+09,2.051480e-03,6.685721e-03,2.400986e-03,4.448506e-15
11,2.113006e-11,2.757160e-01,1.187203e-09,2.814666e-10,2.040108e-13,3.790690e-11,1.458352e-01,1.098632e-09,5.932593e-10,3.120083e-13,3.877462e-11,2.329170e-01,8.810670e-10,9.484365e-10,1.757075e-13,2.240734e-11,1.138553e-01,1.080344e-09,4.281129e-10,2.192574e-13,6.957312e-08,5.592845e-01,1.616248e-13,1.594332e-09,1.172411e+02,1.942374e+09,8.002485e-08,7.470614e-01,2.075922e-13,1.992578e-09,1.009578e+02,1.435641e+09,7.097155e-08,6.668623e-01,1.765929e-13,1.927556e-09,1.003042e+02,1.737024e+09,2.376541e-03,3.710403e-03,4.122323e-04,3.798000e-15
12,2.139363e-11,2.336542e-01,1.186758e-09,9.186717e-10,3.281609e-13,3.975233e-11,2.155851e-01,9.268181e-10,6.063520e-10,4.857856e-13,4.082573e-11,1.136290e-01,8.287331e-10,1.014854e-09,2.653508e-13,2.156654e-11,3.905735e-01,1.135061e-09,9.727904e-10,4.064124e-13,6.688315e-08,4.937044e-01,1.535781e-13,5.702544e-10,1.276794e+02,1.943506e+09,7.899381e-08,6.823091e-01,1.976941e-13,1.257000e-09,1.091146e+02,1.496228e+09,6.872019e-08,6.233138e-01,1.842640e-13,1.615801e-09,1.039079e+02,1.718419e+09,5.872507e-03,8.182526e-03,1.462044e-03,1.370924e-15
13,2.195603e-11,2.658368e-01,8.049516e-10,8.346228e-10,1.863563e-13,3.772946e-11,2.146388e-01,8.946392e-10,1.168201e-09,2.802270e-13,3.929569e-11,2.987866e-01,1.151263e-09,3.999073e-10,4.398524e-13,2.112094e-11,3.319956e-01,1.106397e-09,3.049705e-10,4.036668e-13,7.003009e-08,6.389509e-01,1.428623e-13,6.436673e-10,1.032971e+02,1.816580e+09,8.471603e-08,7.676272e-01,1.857932e-13,1.854948e-09,1.040127e+02,1.609931e+09,7.105594e-08,5.900026e-01,1.487080e-13,1.573065e-09,1.135057e+02,1.695377e+09,6.218636e-03,8.346721e-03,1.568220e-04,1.333861e-15
14,2.138908e-11,1.524162e-01,6.025846e-10,5.158040e-10,4.999177e-13,3.978870e-11,1.510225e-01,1.067998e-09,1.017670e-09,2.326192e-13,3.926951e-11,3.843200e-01,8.351503e-10,1.026622e-09,2.564866e-13,2.199802e-11,2.073726e-01,7.217841e-10,1.040583e-09,2.243888e-13,6.724108e-08,5.112838e-01,1.942711e-13,6.908081e-10,1.239492e+02,1.708781e+09,8.609499e-08,6.911899e-01,1.740293e-13,1.135184e-09,1.173955e+02,1.637886e+09,6.984992e-08,5.414916e-01,2.081031e-13,8.837048e-10,1.215753e+02,1.517910e+09,5.598587e-03,4.903009e-03,7.548319e-04,4.115802e-15
15,2.136356e-11,2.307251e-01,1.041078e-09,8.161561e-10,5.097795e-13,3.969885e-11,2.161749e-01,9.555202e-10,1.143078e-09,4.267151e-13,3.916817e-11,1.561212e-01,7.211063e-10,5.767970e-10,3.068477e-13,2.126086e-11,1.257457e-01,6.924242e-10,8.386991e-10,4.529623e-13,7.056719e-08,5.686543e-01,1.292107e-13,1.085260e-09,1.169568e+02,1.890027e+09,8.134282e-08,5.913519e-01,2.163448e-13,9.439210e-10,1.296416e+02,1.504009e+09,6.760514e-08,5.272579e-01,1.855303e-13,1.460603e-09,1.208447e+02,1.785698e+09,8.928285e-03,2.884683e-04,1.381071e-04,1.992647e-15
16,2.106320e-11,2.326540e-01,9.315526e-10,5.815229e-10,3.600786e-13,3.796168e-11,3.603342e-01,1.156996e-09,7.357253e-10,3.845371e-13,3.955676e-11,1.402216e-01,1.066754e-09,9.233621e-10,3.254853e-13,2.106527e-11,2.542829e-01,1.109498e-09,5.391511e-10,4.097912e-13,6.852548e-08,5.468794e-01,1.468762e-13,1.933771e-09,1.180950e+02,1.708992e+09,8.364966e-08,6.828995e-01,1.642201e-13,8.809231e-10,1.154459e+02,1.630326e+09,6.566737e-08,5.755881e-01,2.187989e-13,7.593723e-10,1.075249e+02,1.647168e+09,2.784794e-03,2.176428e-03,5.842036e-04,1.210446e-15
17,2.184631e-11,2.159261e-01,1.105077e-09,8.317678e-10,3.913070e-13,3.950170e-11,2.924505e-01,6.288356e-10,1.228527e-09,2.037392e-13,4.009274e-11,1.782204e-01,6.814229e-10,5.519190e-10,4.847459e-13,2.254284e-11,3.264523e-01,8.971007e-10,5.701301e-10,2.052503e-13,6.703798e-08,5.703838e-01,1.544734e-13,8.397833e-10,1.107707e+02,1.686450e+09,7.924769e-08,7.196760e-01,2.091792e-13,8.424415e-10,1.037817e+02,1.437545e+09,6.975104e-08,5.751778e-01,1.598139e-13,6.399878e-10,1.142930e+02,1.703866e+09,2.669062e-03,7.091726e-03,2.536842e-04,4.842701e-15
18,2.251222e-11,1.626649e-01,1.196935e-09,2.987604e-10,3.228654e-13,3.737171e-11,2.113674e-01,1.158179e-09,1.227403e-09,1.775082e-13,3.984256e-11,2.301906e-01,1.107270e-09,2.747907e-10,2.890812e-13,2.147982e-11,2.755380e-01,7.145228e-10,8.157043e-10,4.320099e-13,6.500976e-08,5.655019e-01,1.832992e-13,1.983985e-09,1.083467e+02,1.862149e+09,7.826351e-08,5.918863e-01,2.224233e-13,1.439086e-09,1.246213e+02,1.385793e+09,6.705027e-08,5.746387e-01,2.009820e-13,9.535255e-10,1.099707e+02,1.521826e+09,2.818005e-03,4.328247e-04,1.674460e-03,2.621178e-15
19,2.308632e-11,2.408199e-01,1.107014e-09,9.010059e-10,5.176932e-13,3.951835e-11,1.513482e-01,8.541723e-10,3.301826e-10,2.323569e-13,3.861104e-11,2.835017e-01,1.097754e-09,7.867141e-10,3.287411e-13,2.215221e-11,3.575069e-01,9.160796e-10,4.920291e-10,1.995337e-13,6.691174e-08,5.120744e-01,1.776498e-13,1.080147e-09,1.231517e+02,1.582937e+09,8.081132e-08,6.179625e-01,2.063346e-13,6.713948e-10,1.232484e+02,1.491667e+09,7.103122e-08,6.609671e-01,1.620110e-13,1.607018e-09,1.012839e+02,1.698447e+09,6.264560e-03,3.307898e-03,1.754190e-03,1.580628e-15
20,2.242718e-11,2.715025e-01,1.199383e-09,4.910805e-10,5.072321e-13,3.993985e-11,1.376107e-01,1.074104e-09,7.355381e-10,4.330985e-13,3.992339e-11,1.510148e-01,6.040797e-10,8.441258e-10,2.713804e-13,2.251954e-11,3.627222e-01,8.454239e-10,1.224632e-09,2.394615e-13,6.650893e-08,5.168175e-01,1.999366e-13,6.664739e-10,1.212869e+02,1.742172e+09,8.552095e-08,6.850906e-01,2.129446e-13,1.336393e-09,1.176510e+02,1.475481e+09,6.651385e-08,5.319703e-01,2.102513e-13,9.366638e-10,1.178409e+02,1.632276e+09,3.556809e-03,1.536183e-03,1.821343e-03,1.906721e-15
21,2.183675e-11,3.131547e-01,1.060691e-09,1.201873e-09,3.719607e-13,3.922143e-11,3.235987e-01,1.071794e-09,4.389323e-10,4.531809e-13,3.724912e-11,1.386126e-01,8.411510e-10,1.004588e-09,3.361584e-13,2.179029e-11,3.739832e-01,1.041783e-09,1.278583e-09,3.639774e-13,6.968582e-08,6.192271e-01,1.683603e-13,1.976903e-09,1.060634e+02,1.716424e+09,8.004790e-08,6.502791e-01,2.236119e-13,1.635649e-09,1.160169e+02,1.370225e+09,6.703296e-08,6.192709e-01,1.420337e-13,1.687771e-09,1.020185e+02,1.822043e+09,4.700970e-03,6.623947e-03,1.050235e-03,3.421272e-15
22,2.175622e-11,3.966971e-01,9.595627e-10,9.350167e-10,3.954972e-13,3.878537e-11,2.494916e-01,1.145823e-09,9.072202e-10,3.694017e-13,3.919937e-11,3.946246e-01,1.137474e-09,5.225517e-10,3.494619e-13,2.176175e-11,1.914371e-01,7.441087e-10,6.870314e-10,3.594441e-13,6.636370e-08,6.149587e-01,2.093391e-13,1.774733e-09,1.017082e+02,1.612315e+09,8.188265e-08,6.004850e-01,2.504878e-13,8.278404e-10,1.285171e+02,1.312512e+09,6.498811e-08,4.939887e-01,1.817758e-13,1.209527e-09,1.239904e+02,1.741287e+09,1.131087e-03,5.905114e-03,1.022876e-04,2.501008e-15
23,2.282773e-11,1.766871e-01,9.915432e-10,8.359343e-10,3.866520e-13,3.962325e-11,1.797391e-01,9.059082e-10,3.841264e-10,2.521517e-13,3.889919e-11,2.521343e-01,1.029845e-09,1.233210e-09,4.474070e-13,2.179750e-11,1.395301e-01,7.641431e-10,5.047419e-10,4.565908e-13,6.478267e-08,5.974474e-01,1.840884e-13,7.486586e-10,1.021952e+02,1.824339e+09,8.144975e-08,7.616410e-01,1.731562e-13,5.037960e-10,1.007884e+02,1.443731e+09,7.013377e-08,5.455068e-01,1.587040e-13,8.786785e-10,1.211708e+02,1.637932e+09,3.149110e-03,1.195737e-03,5.232560e-04,4.753488e-15
24,2.221152e-11,1.511802e-01,6.652804e-10,1.219969e-09,3.991294e-13,3.784236e-11,3.629613e-01,9.995458e-10,7.202668e-10,4.051216e-13,4.054301e-11,1.547878e-01,8.678179e-10,1.162699e-09,4.010288e-13,2.105522e-11,1.658469e-01,9.084086e-10,5.107634e-10,4.770933e-13,6.600953e-08,5.232240e-01,2.004908e-13,1.941916e-09,1.189023e+02,1.677501e+09,8.261460e-08,6.301638e-01,1.728390e-13,1.873007e-09,1.235590e+02,1.489892e+09,7.085159e-08,6.582735e-01,1.862271e-13,9.153166e-10,1.014412e+02,1.649289e+09,6.860442e-04,1.044489e-03,2.944148e-03,3.190192e-15
25,2.229008e-11,3.345222e-01,1.182493e-09,6.122550e-10,2.112590e-13,3.841448e-11,3.440612e-01,9.545260e-10,1.089822e-09,4.122252e-13,3.744201e-11,3.938162e-01,1.087216e-09,1.130013e-09,4.554286e-13,2.275487e-11,2.260982e-01,1.147622e-09,3.565262e-10,1.719180e-13,6.783958e-08,5.621681e-01,1.888463e-13,1.487097e-09,1.137334e+02,1.596963e+09,8.099037e-08,6.517656e-01,1.497251e-13,1.352172e-09,1.171152e+02,1.678117e+09,7.077748e-08,5.953272e-01,1.597345e-13,1.491794e-09,1.120496e+02,1.667962e+09,8.453221e-03,4.683639e-03,1.389933e-03,1.280207e-15
26,2.274639e-11,1.817772e-01,9.149091e-10,5.126207e-10,3.248727e-13,4.083020e-11,1.628158e-01,9.343594e-10,1.100518e-09,2.334992e-13,3.951539e-11,2.924593e-01,9.408688e-10,4.280073e-10,3.553006e-13,2.160887e-11,2.634604e-01,1.118905e-09,1.028048e-09,4.301991e-13,7.138001e-08,5.288977e-01,2.031920e-13,1.726338e-09,1.271968e+02,1.664966e+09,8.019281e-08,7.527733e-01,1.769563e-13,9.021776e-10,1.004020e+02,1.619911e+09,7.035062e-08,6.390473e-01,1.788889e-13,1.124001e-09,1.037543e+02,1.523834e+09,1.303011e-03,4.224114e-03,1.751542e-03,4.904050e-15
27,2.152998e-11,1.671881e-01,8.201117e-10,1.137584e-09,4.341422e-13,4.090215e-11,3.291242e-01,8.080264e-10,3.852690e-10,5.288801e-13,4.064790e-11,2.695424e-01,9.582962e-10,6.279896e-10,3.213377e-13,2.119314e-11,2.349113e-01,1.000692e-09,6.807608e-10,2.065459e-13,7.084750e-08,5.400326e-01,1.401348e-13,1.963520e-09,1.236448e+02,1.833521e+09,8.296329e-08,7.061202e-01,1.831297e-13,5.380125e-10,1.107333e+02,1.529597e+09,6.478067e-08,6.043621e-01,2.250747e-13,1.727645e-09,1.010228e+02,1.617507e+09,2.286326e-03,6.812624e-03,2.621864e-03,1.949002e-15
28,2.183887e-11,2.980434e-01,6.033947e-10,1.074407e-09,4.120665e-13,3.801024e-11,1.533981e-01,1.193249e-09,6.974212e-10,3.369020e-13,4.091983e-11,2.208668e-01,9.865304e-10,6.948753e-10,3.218395e-13,2.118904e-11,1.340064e-01,1.015079e-09,4.499960e-10,3.673662e-13,6.729229e-08,5.686845e-01,1.568611e-13,9.143162e-10,1.115231e+02,1.849632e+09,8.258497e-08,6.933004e-01,1.918773e-13,7.674101e-10,1.122666e+02,1.472997e+09,6.697622e-08,5.278541e-01,1.840093e-13,7.193648e-10,1.195853e+02,1.753065e+09,8.377346e-03,5.841987e-03,1.464018e-03,3.226979e-15
29,2.281540e-11,3.119419e-01,1.178493e-09,6.300272e-10,3.621133e-13,4.001249e-11,3.456920e-01,1.186167e-09,7.020702e-10,3.768031e-13,3.934937e-11,2.324533e-01,1.114727e-09,6.449039e-10,3.100311e-13,2.187390e-11,3.213969e-01,8.098990e-10,9.885206e-10,1.747923e-13,7.116582e-08,6.522652e-01,1.392032e-13,1.366971e-09,1.028297e+02,1.875160e+09,7.921860e-08,6.776365e-01,1.957196e-13,1.351650e-09,1.101797e+02,1.495849e+09,6.585250e-08,5.461873e-01,1.708690e-13,8.740851e-10,1.136323e+02,1.657089e+09,7.286338e-03,9.848576e-03,1.290783e-03,1.664508e-15
30,2.212359e-11,1.951191e-01,7.312595e-10,1.257495e-09,4.759798e-13,3.939097e-11,2.649778e-01,7.109280e-10,3.260879e-10,4.092868e-13,4.067334e-11,1.245718e-01,9.537298e-10,5.922885e-10,4.280249e-13,2.245940e-11,3.484714e-01,1.131075e-09,7.094829e-10,2.700726e-13,6.896430e-08,6.238640e-01,1.972633e-13,1.659722e-09,1.041851e+02,1.564367e+09,8.556877e-08,6.945761e-01,1.850852e-13,1.828528e-09,1.161092e+02,1.404479e+09,6.993948e-08,6.046404e-01,2.326687e-13,1.157936e-09,1.090175e+02,1.506646e+09,4.338775e-03,1.816218e-03,5.282311e-04,2.085816e-15
31,2.264786e-11,1.425534e-01,1.034309e-09,4.478350e-10,3.168226e-13,3.875399e-11,3.365946e-01,7.177022e-10,9.067309e-10,4.185285e-13,3.950805e-11,1.603829e-01,9.772330e-10,9.976170e-10,2.543163e-13,2.285303e-11,1.553361e-01,6.757920e-10,1.167122e-09,3.060543e-13,6.783163e-08,5.772625e-01,1.902423e-13,6.782192e-10,1.107465e+02,1.757347e+09,7.995639e-08,6.890336e-01,2.261391e-13,7.662120e-10,1.093664e+02,1.310442e+09,6.638697e-08,5.142990e-01,1.768972e-13,1.232138e-09,1.216573e+02,1.665066e+09,7.285627e-03,2.627936e-03,1.976995e-03,1.293931e-15
32,2.304999e-11,2.816141e-01,9.381593e-10,3.281663e-10,3.057964e-13,3.783012e-11,1.167204e-01,9.931326e-10,7.165285e-10,2.044432e-13,3.849745e-11,1.296953e-01,6.737248e-10,7.483175e-10,4.864479e-13,2.117758e-11,3.605762e-01,7.902642e-10,3.056289e-10,1.732359e-13,6.752028e-08,6.036351e-01,1.712975e-13,1.913604e-09,1.054219e+02,1.738206e+09,8.363382e-08,6.541818e-01,1.622435e-13,6.265044e-10,1.204910e+02,1.670586e+09,7.105913e-08,5.754205e-01,2.182784e-13,9.345271e-10,1.163873e+02,1.582301e+09,2.498211e-03,9.122544e-03,1.996280e-03,3.176363e-15
33,2.232000e-11,2.725528e-01,1.052431e-09,1.191466e-09,2.608669e-13,3.712081e-11,1.742420e-01,8.980990e-10,4.473779e-10,2.406169e-13,3.942821e-11,3.022589e-01,7.369963e-10,1.017819e-09,3.573995e-13,2.172905e-11,3.694925e-01,9.717632e-10,1.198868e-09,2.715487e-13,6.799127e-08,5.524412e-01,1.903510e-13,1.413543e-09,1.159947e+02,1.605888e+09,8.252837e-08,6.383198e-01,1.646265e-13,1.172784e-09,1.218530e+02,1.467953e+09,6.525272e-08,5.456407e-01,1.644784e-13,1.746840e-09,1.127101e+02,1.810649e+09,5.504491e-03,3.537062e-03,2.800293e-03,4.212280e-15
34,2.296729e-11,2.264151e-01,9.872981e-10,1.064165e-09,1.916299e-13,3.816442e-11,1.782023e-01,1.100842e-09,1.242561e-09,1.776584e-13,4.008185e-11,2.147477e-01,6.145206e-10,4.747988e-10,2.569494e-13,2.172083e-11,3.472537e-01,9.848167e-10,1.130350e-09,3.186572e-13,6.562374e-08,4.785757e-01,1.412870e-13,1.283704e-09,1.292354e+02,1.886335e+09,8.039251e-08,6.138574e-01,2.552871e-13,8.415160e-10,1.234296e+02,1.325422e+09,6.510464e-08,5.166560e-01,1.596689e-13,9.815621e-10,1.187631e+02,1.919134e+09,8.504247e-03,4.371118e-03,2.340559e-03,1.903922e-15
35,2.254284e-11,2.767930e-01,1.004189e-09,2.814960e-10,2.423732e-13,3.879650e-11,2.980847e-01,9.910373e-10,2.917120e-10,4.035563e-13,3.949046e-11,1.034246e-01,6.977357e-10,1.117429e-09,4.473586e-13,2.295150e-11,3.931651e-01,1.182606e-09,6.557586e-10,4.474909e-13,6.763802e-08,5.320693e-01,1.880256e-13,1.027780e-09,1.198102e+02,1.806982e+09,7.818968e-08,6.777267e-01,2.306910e-13,1.330625e-09,1.087341e+02,1.328732e+09,7.041038e-08,5.407509e-01,2.013586e-13,1.397126e-09,1.227186e+02,1.504245e+09,8.771863e-03,4.115834e-03,2.475591e-03,4.552826e-15
36,2.114301e-11,2.152992e-01,9.520771e-10,6.482139e-10,4.582945e-13,3.894793e-11,1.825606e-01,8.705664e-10,1.143456e-09,2.516526e-13,3.974502e-11,1.739361e-01,8.163446e-10,1.057723e-09,4.082072e-13,2.105375e-11,2.450200e-01,7.078522e-10,1.190865e-09,4.423685e-13,6.999945e-08,5.901579e-01,1.286954e-13,1.583059e-09,1.117886e+02,1.886870e+09,8.147357e-08,6.033819e-01,1.553203e-13,1.202692e-09,1.272611e+02,1.606742e+09,7.011370e-08,5.687809e-01,1.704688e-13,1.117527e-09,1.161794e+02,1.873640e+09,1.092349e-03,4.178094e-03,2.604087e-03,4.853525e-15
37,2.096385e-11,3.131289e-01,9.948174e-10,7.726766e-10,3.135554e-13,4.065677e-11,2.620033e-01,8.115570e-10,4.266933e-10,3.035644e-13,3.862361e-11,1.948735e-01,8.232462e-10,9.279040e-10,3.376201e-13,2.139760e-11,3.636970e-01,6.520213e-10,1.296851e-09,2.378153e-13,6.796889e-08,5.674370e-01,1.635912e-13,1.873832e-09,1.128921e+02,1.759685e+09,8.362160e-08,6.924235e-01,1.551170e-13,9.951655e-10,1.138198e+02,1.550119e+09,7.010533e-08,5.760958e-01,1.535385e-13,1.958679e-09,1.146905e+02,1.665993e+09,7.643470e-04,2.334260e-03,2.038722e-03,4.140082e-15
38,2.123304e-11,1.080407e-01,1.052067e-09,1.119998e-09,4.863772e-13,4.002230e-11,3.906744e-01,1.081518e-09,6.063719e-10,2.966063e-13,3.912634e-11,3.972301e-01,8.950653e-10,1.152325e-09,3.627739e-13,2.243056e-11,3.594785e-01,1.037216e-09,1.293794e-09,2.251860e-13,6.541306e-08,5.294908e-01,1.647587e-13,1.875100e-09,1.164333e+02,1.759984e+09,8.099297e-08,7.556008e-01,1.903235e-13,1.425995e-09,1.010243e+02,1.363781e+09,6.716394e-08,6.106756e-01,2.017814e-13,1.377571e-09,1.036565e+02,1.519492e+09,6.164811e-03,9.270079e-03,2.387078e-04,1.214378e-15
39,2.254041e-11,2.552068e-01,7.567695e-10,5.750291e-10,2.482337e-13,3.979293e-11,1.042738e-01,1.188960e-09,4.093513e-10,2.918942e-13,3.777096e-11,3.354700e-01,8.504015e-10,9.036362e-10,4.740660e-13,2.287185e-11,1.672256e-01,1.065897e-09,5.396505e-10,3.233636e-13,6.660818e-08,5.297542e-01,1.575745e-13,7.310240e-10,1.185016e+02,1.709816e+09,8.341976e-08,6.439285e-01,2.037059e-13,7.252687e-10,1.220963e+02,1.309234e+09,6.729942e-08,5.277614e-01,1.695649e-13,6.532723e-10,1.201835e+02,1.767270e+09,5.290836e-03,6.363289e-03,4.745124e-04,4.227704e-15
40,2.165421e-11,3.696777e-01,6.508757e-10,1.263507e-09,2.673813e-13,3.811047e-11,2.732675e-01,1.094704e-09,3.527156e-10,3.747430e-13,4.093950e-11,1.788472e-01,1.041601e-09,9.210000e-10,4.037162e-13,2.167200e-11,2.276354e-01,1.153968e-09,3.951583e-10,2.644383e-13,6.738767e-08,5.989079e-01,1.899277e-13,8.421744e-10,1.060453e+02,1.731894e+09,8.188220e-08,6.799508e-01,1.658417e-13,9.846970e-10,1.134967e+02,1.676675e+09,6.875797e-08,5.307934e-01,1.854690e-13,1.324922e-09,1.220868e+02,1.636845e+09,5.692399e-03,8.795503e-03,1.986184e-03,1.273553e-15
41,2.256806e-11,3.029694e-01,1.143792e-09,1.207775e-09,5.201788e-13,3.709809e-11,3.348610e-01,8.836910e-10,9.989975e-10,4.752833e-13,3.839598e-11,1.121687e-01,1.127171e-09,7.600531e-10,2.181469e-13,2.254137e-11,3.242530e-01,6.526018e-10,1.269398e-09,3.186162e-13,6.945612e-08,5.900703e-01,1.627640e-13,1.510162e-09,1.109374e+02,1.881315e+09,8.232004e-08,7.464803e-01,1.830422e-13,5.389270e-10,1.039342e+02,1.681346e+09,6.867559e-08,5.551234e-01,1.430633e-13,1.741851e-09,1.165961e+02,1.760640e+09,4.485945e-03,3.096730e-03,2.635941e-03,4.832716e-15
42,2.257224e-11,3.004674e-01,6.424202e-10,1.123015e-09,2.508428e-13,3.843949e-11,3.025026e-01,9.839417e-10,4.254169e-10,3.500433e-13,3.948830e-11,1.300932e-01,8.848718e-10,1.246037e-09,2.612648e-13,2.279761e-11,3.630171e-01,9.051282e-10,4.191520e-10,1.799234e-13,7.109915e-08,6.103140e-01,1.751587e-13,1.956047e-09,1.097949e+02,1.833661e+09,8.385811e-08,7.657613e-01,2.250664e-13,1.688134e-09,1.032103e+02,1.316400e+09,7.044130e-08,6.491828e-01,1.400749e-13,1.833454e-09,1.022661e+02,1.938604e+09,7.082318e-03,7.976005e-03,1.131225e-03,4.731459e-15
43,2.171000e-11,1.611712e-01,7.383908e-10,1.064983e-09,3.144002e-13,3.903392e-11,1.066522e-01,6.357874e-10,8.157754e-10,2.241648e-13,3.717592e-11,3.264986e-01,1.133736e-09,5.685093e-10,3.757335e-13,2.113392e-11,2.114426e-01,7.994051e-10,1.295246e-09,4.241391e-13,6.683993e-08,5.030947e-01,2.070111e-13,7.447317e-10,1.252153e+02,1.595094e+09,8.070499e-08,6.705384e-01,1.339722e-13,1.422472e-09,1.134352e+02,1.673764e+09,6.926503e-08,5.041621e-01,1.325174e-13,1.234368e-09,1.294836e+02,1.946644e+09,4.035730e-03,8.428127e-03,1.762504e-03,2.674224e-15
44,2.234887e-11,2.274895e-01,6.031622e-10,7.289666e-10,4.543779e-13,3.967068e-11,1.429485e-01,1.016271e-09,7.851039e-10,3.848205e-13,3.752646e-11,1.433973e-01,6.402547e-10,8.960736e-10,3.024739e-13,2.200909e-11,3.785947e-01,1.117674e-09,9.438327e-10,4.537415e-13,7.124645e-08,6.367878e-01,1.858941e-13,1.255605e-09,1.054483e+02,1.526994e+09,8.437980e-08,6.771227e-01,2.208099e-13,1.235263e-09,1.174471e+02,1.418286e+09,6.816487e-08,5.847717e-01,1.990633e-13,1.811563e-09,1.098615e+02,1.759599e+09,8.328813e-03,2.343536e-03,5.266605e-04,3.197949e-15
45,2.241175e-11,3.628933e-01,6.655847e-10,1.022915e-09,3.407757e-13,4.074174e-11,3.879592e-01,7.684283e-10,3.618641e-10,3.226108e-13,3.884683e-11,2.148086e-01,8.243098e-10,8.851329e-10,2.287964e-13,2.103898e-11,3.640062e-01,8.888677e-10,6.532411e-10,1.846291e-13,6.960835e-08,6.490820e-01,1.817945e-13,1.558131e-09,1.010725e+02,1.623045e+09,8.042721e-08,5.838478e-01,1.944951e-13,1.474367e-09,1.298298e+02,1.631366e+09,6.957447e-08,5.743912e-01,2.000629e-13,9.318449e-10,1.141598e+02,1.713557e+09,2.694586e-03,5.692473e-03,2.498106e-03,3.605190e-15
46,2.272264e-11,2.425894e-01,8.241403e-10,6.989317e-10,4.871976e-13,4.074426e-11,3.273725e-01,9.205663e-10,1.210001e-09,2.122469e-13,3.844158e-11,2.284939e-01,6.939046e-10,9.291378e-10,3.209358e-13,2.118233e-11,1.518636e-01,7.600449e-10,9.450772e-10,2.667142e-13,6.539396e-08,5.627165e-01,2.124516e-13,1.186159e-09,1.095265e+02,1.660449e+09,8.151485e-08,6.296388e-01,1.599938e-13,1.656181e-09,1.220159e+02,1.660709e+09,6.872677e-08,5.673216e-01,1.723531e-13,1.723416e-09,1.141742e+02,1.824242e+09,2.763675e-03,3.075552e-03,4.579615e-04,4.389538e-15
47,2.309843e-11,2.307376e-01,6.788675e-10,1.027122e-09,3.186485e-13,3.997300e-11,1.234415e-01,6.881203e-10,3.348547e-10,4.250161e-13,3.935912e-11,2.712481e-01,1.173871e-09,9.664499e-10,3.427391e-13,2.259071e-11,3.203574e-01,6.524402e-10,1.133784e-09,2.289483e-13,6.521713e-08,4.762452e-01,2.348632e-13,1.820504e-09,1.290631e+02,1.519972e+09,8.005065e-08,5.896017e-01,1.906157e-13,1.586436e-09,1.279609e+02,1.373615e+09,6.762245e-08,5.749496e-01,1.362665e-13,6.942785e-10,1.108491e+02,1.824389e+09,5.766589e-03,3.063261e-03,2.117285e-03,3.140339e-15
48,2.280900e-11,3.205089e-01,1.104433e-09,1.204692e-09,4.384236e-13,3.749787e-11,2.633914e-01,9.283176e-10,3.291564e-10,4.104189e-13,4.046418e-11,1.977658e-01,8.076501e-10,8.254041e-10,4.292065e-13,2.133000e-11,1.922950e-01,1.190658e-09,6.398473e-10,3.582570e-13,6.523495e-08,6.066865e-01,1.550164e-13,1.680476e-09,1.013415e+02,1.755618e+09,8.391972e-08,7.425995e-01,2.009628e-13,1.588967e-09,1.065076e+02,1.573544e+09,6.918734e-08,6.111863e-01,1.974994e-13,1.174143e-09,1.066901e+02,1.572609e+09,3.058689e-03,4.801910e-03,1.966973e-04,4.108362e-15
49,2.122717e-11,1.415070e-01,6.764706e-10,5.839772e-10,3.331800e-13,3.788464e-11,3.980502e-01,6.574061e-10,8.318268e-10,3.771685e-13,3.951955e-11,3.788957e-01,6.868105e-10,2.939779e-10,5.030167e-13,2.137578e-11,1.984140e-01,9.286481e-10,5.417885e-10,3.635913e-13,6.959672e-08,5.144524e-01,1.759503e-13,5.902411e-10,1.275013e+02,1.675704e+09,8.127864e-08,5.900740e-01,1.838105e-13,8.881453e-10,1.298198e+02,1.415295e+09,6.673147e-08,4.876611e-01,1.691614e-13,1.051308e-09,1.289685e+02,1.872311e+09,4.945833e-03,1.387456e-03,1.998744e-03,3.939276e-15
50,2.170308e-11,1.363276e-01,8.935914e-10,7.238072e-10,2.772966e-13,4.080618e-11,1.467154e-01,8.878624e-10,1.158893e-09,4.244091e-13,3.761790e-11,3.021550e-01,1.059549e-09,3.198889e-10,2.378071e-13,2.139473e-11,1.349073e-01,8.221691e-10,6.931880e-10,4.641324e-13,6.750064e-08,5.299541e-01,2.138921e-13,7.243697e-10,1.200441e+02,1.573702e+09,8.154320e-08,6.685248e-01,2.474079e-13,1.112513e-09,1.149586e+02,1.306992e+09,6.559261e-08,4.884654e-01,1.851477e-13,6.369182e-10,1.265588e+02,1.807527e+09,5.290676e-03,1.639613e-03,9.399787e-04,5.623527e-16
51,2.121662e-11,2.589805e-01,7.783488e-10,5.025033e-10,4.436645e-13,3.873818e-11,3.292090e-01,7.503295e-10,5.656097e-10,4.073473e-13,3.786465e-11,2.113415e-01,7.933478e-10,4.562692e-10,3.869173e-13,2.198949e-11,1.635630e-01,8.245423e-10,6.924771e-10,3.696108e-13,6.595567e-08,5.816514e-01,2.076496e-13,9.822732e-10,1.068711e+02,1.687420e+09,7.997982e-08,6.215001e-01,2.236595e-13,7.953228e-10,1.212859e+02,1.428637e+09,6.819266e-08,5.479259e-01,1.949221e-13,9.352940e-10,1.172970e+02,1.585833e+09,5.862135e-03,6.206985e-03,1.717328e-03,2.441666e-15
52,2.186745e-11,3.578433e-01,8.099397e-10,8.439949e-10,4.192458e-13,3.835406e-11,1.698100e-01,1.185432e-09,5.115627e-10,4.134823e-13,3.781093e-11,3.784529e-01,1.183622e-09,9.723029e-10,4.582827e-13,2.254073e-11,3.658324e-01,1.062740e-09,4.658436e-10,1.784628e-13,6.683299e-08,5.899206e-01,2.088374e-13,1.204275e-09,1.067747e+02,1.559643e+09,7.914047e-08,7.252739e-01,2.161454e-13,1.752516e-09,1.028413e+02,1.426766e+09,6.948586e-08,5.209938e-01,1.533781e-13,1.542608e-09,1.256999e+02,1.813576e+09,4.628213e-03,7.618583e-03,5.471762e-04,1.728909e-15
53,2.121445e-11,3.630410e-01,7.877819e-10,9.778610e-10,4.539287e-13,3.811804e-11,3.406453e-01,9.518849e-10,1.165284e-09,1.933363e-13,3.879126e-11,2.707145e-01,8.552633e-10,1.211786e-09,3.113916e-13,2.155855e-11,2.036526e-01,1.081985e-09,1.213559e-09,4.393959e-13,6.627665e-08,4.872974e-01,1.346654e-13,6.283809e-10,1.281851e+02,1.923256e+09,8.582899e-08,7.237769e-01,2.043274e-13,8.646516e-10,1.117636e+02,1.378107e+09,6.543319e-08,5.315458e-01,1.690343e-13,1.217507e-09,1.160188e+02,1.892961e+09,6.849567e-03,1.322689e-03,1.116926e-03,4.883069e-15
54,2.224572e-11,2.575337e-01,6.566398e-10,5.451519e-10,3.276537e-13,3.732756e-11,3.455610e-01,6.457490e-10,8.110365e-10,3.639450e-13,4.046787e-11,1.517406e-01,1.074659e-09,3.709555e-10,3.712492e-13,2.273068e-11,2.104706e-01,1.022324e-09,4.261053e-10,2.484156e-13,6.871820e-08,6.428297e-01,1.499117e-13,1.661548e-09,1.007504e+02,1.744802e+09,8.326417e-08,7.460914e-01,2.154008e-13,1.659079e-09,1.051810e+02,1.393632e+09,6.725628e-08,5.783349e-01,1.679982e-13,6.235118e-10,1.096035e+02,1.717084e+09,6.352618e-03,1.989400e-03,1.802662e-03,4.449380e-15
55,2.185846e-11,3.056760e-01,8.598757e-10,1.127951e-09,2.072970e-13,3.746714e-11,2.712942e-01,8.195762e-10,5.474388e-10,2.324866e-13,3.851782e-11,2.263444e-01,8.914580e-10,9.886820e-10,2.811022e-13,2.132203e-11,3.316344e-01,7.352930e-10,1.233903e-09,3.418214e-13,6.949075e-08,6.009003e-01,1.488501e-13,1.290646e-09,1.089923e+02,1.935215e+09,8.066192e-08,6.309099e-01,2.412421e-13,1.100753e-09,1.204959e+02,1.306049e+09,6.873480e-08,5.606012e-01,2.076558e-13,7.968777e-10,1.155563e+02,1.562246e+09,3.169157e-03,9.370302e-03,2.854176e-03,4.731222e-15
56,2.142773e-11,3.345705e-01,1.119970e-09,5.114540e-10,3.023341e-13,3.932375e-11,1.081466e-01,8.975120e-10,4.558881e-10,3.893164e-13,3.940497e-11,2.958580e-01,8.755229e-10,3.965121e-10,4.870437e-13,2.119987e-11,1.656143e-01,1.121161e-09,3.205694e-10,2.806479e-13,6.785519e-08,5.060028e-01,1.637334e-13,1.399341e-09,1.263867e+02,1.781409e+09,8.550211e-08,6.540397e-01,1.799745e-13,1.167190e-09,1.232094e+02,1.437176e+09,7.130001e-08,6.513254e-01,1.461883e-13,1.518657e-09,1.031722e+02,1.682886e+09,7.077140e-03,6.371097e-03,1.040003e-03,4.393163e-15
57,2.292661e-11,1.964250e-01,8.782847e-10,4.456057e-10,5.229369e-13,4.023465e-11,2.122252e-01,7.424204e-10,2.988083e-10,5.117872e-13,3.909113e-11,1.359671e-01,7.045789e-10,1.006169e-09,4.175716e-13,2.124402e-11,2.711922e-01,8.692556e-10,8.155152e-10,4.722067e-13,6.737050e-08,4.903637e-01,1.382617e-13,1.016892e-09,1.294859e+02,1.828153e+09,8.115376e-08,7.270702e-01,1.867499e-13,1.651302e-09,1.051970e+02,1.633276e+09,6.702687e-08,5.309959e-01,1.694613e-13,1.401194e-09,1.189677e+02,1.825791e+09,2.132785e-03,6.490210e-03,1.068894e-03,3.780420e-15
58,2.191327e-11,3.602822e-01,6.592915e-10,8.280888e-10,4.110862e-13,3.746099e-11,1.966531e-01,1.195484e-09,4.765476e-10,2.829070e-13,3.745100e-11,1.466728e-01,1.101357e-09,1.294444e-09,1.817735e-13,2.307856e-11,1.426930e-01,1.052513e-09,1.052426e-09,2.853449e-13,7.034345e-08,5.256904e-01,1.482477e-13,6.413124e-10,1.261144e+02,1.780695e+09,8.049199e-08,6.572611e-01,1.793131e-13,7.434994e-10,1.154213e+02,1.567861e+09,6.946822e-08,6.130443e-01,1.868712e-13,6.460657e-10,1.067986e+02,1.733838e+09,6.068786e-03,3.977989e-03,1.023777e-04,3.647833e-15
59,2.175888e-11,1.987937e-01,8.815539e-10,4.915199e-10,2.887124e-13,3.716573e-11,1.804568e-01,6.119257e-10,1.004288e-09,2.969621e-13,3.873461e-11,1.598828e-01,6.550562e-10,1.262990e-09,3.119468e-13,2.148315e-11,1.291911e-01,8.319501e-10,9.210692e-10,4.676344e-13,6.725996e-08,5.935821e-01,1.931283e-13,1.947350e-09,1.067940e+02,1.793172e+09,8.493591e-08,6.389386e-01,1.823665e-13,1.070368e-09,1.252862e+02,1.501826e+09,6.835575e-08,5.294842e-01,1.597467e-13,1.874725e-09,1.216727e+02,1.751562e+09,6.802294e-04,5.497375e-04,2.581836e-03,3.123839e-15
60,2.091811e-11,2.022758e-01,6.190398e-10,1.234178e-09,3.236900e-13,3.890483e-11,3.233643e-01,6.848010e-10,9.378930e-10,3.224420e-13,3.946310e-11,3.731680e-01,8.892292e-10,7.978124e-10,3.031149e-13,2.190553e-11,3.421247e-01,1.027073e-09,1.196746e-09,2.193120e-13,6.647487e-08,5.048273e-01,2.205395e-13,1.137662e-09,1.241040e+02,1.619588e+09,8.336734e-08,7.163778e-01,2.079534e-13,9.433593e-10,1.096794e+02,1.498013e+09,6.860111e-08,5.042808e-01,1.722985e-13,1.514276e-09,1.282123e+02,1.625342e+09,6.107305e-03,3.137579e-03,2.823153e-03,6.583369e-16
61,2.204946e-11,2.843982e-01,6.404235e-10,4.554047e-10,3.840443e-13,3.891366e-11,3.950135e-01,7.425970e-10,6.878742e-10,3.555473e-13,4.012257e-11,2.742841e-01,9.657108e-10,1.001792e-09,1.863319e-13,2.306166e-11,2.718453e-01,7.180529e-10,4.895241e-10,5.128757e-13,6.916751e-08,5.166230e-01,1.796347e-13,1.376260e-09,1.261826e+02,1.621503e+09,8.258124e-08,6.612902e-01,2.144041e-13,1.731665e-09,1.176957e+02,1.402704e+09,6.550357e-08,6.002318e-01,1.887679e-13,8.669746e-10,1.028530e+02,1.633209e+09,7.068836e-03,8.962291e-03,2.684587e-03,3.685258e-15
62,2.262142e-11,2.823255e-01,8.569553e-10,1.052778e-09,3.847017e-13,4.019349e-11,1.517686e-01,9.330239e-10,4.979436e-10,1.899376e-13,3.935388e-11,1.840232e-01,8.849394e-10,1.104820e-09,3.296635e-13,2.122175e-11,3.906753e-01,1.187134e-09,9.033322e-10,4.787508e-13,6.674954e-08,5.370033e-01,2.006359e-13,5.991427e-10,1.171500e+02,1.570884e+09,8.485024e-08,6.405667e-01,2.040047e-13,7.271259e-10,1.248418e+02,1.348079e+09,6.763193e-08,5.002805e-01,1.711894e-13,1.427719e-09,1.274117e+02,1.931850e+09,6.716772e-03,9.178196e-03,2.099592e-03,2.733995e-15
63,2.164799e-11,2.783177e-01,1.044768e-09,3.554307e-10,4.656244e-13,4.050997e-11,1.815378e-01,8.826562e-10,7.417851e-10,2.879785e-13,3.767103e-11,2.382731e-01,8.644728e-10,1.072858e-09,5.113201e-13,2.264572e-11,2.883105e-01,7.232138e-10,1.142708e-09,3.244301e-13,6.979997e-08,5.245567e-01,1.969450e-13,1.353439e-09,1.254105e+02,1.641871e+09,8.024124e-08,7.409742e-01,1.787379e-13,1.062714e-09,1.020624e+02,1.488521e+09,6.609199e-08,5.837068e-01,2.081252e-13,9.642528e-10,1.067149e+02,1.699220e+09,8.519575e-03,1.187584e-03,2.960505e-03,1.921746e-15
64,2.219724e-11,1.541423e-01,8.378886e-10,1.023551e-09,4.332848e-13,3.812523e-11,1.539169e-01,7.264529e-10,2.817176e-10,4.826137e-13,3.962795e-11,3.312541e-01,8.978848e-10,8.478484e-10,2.036339e-13,2.294762e-11,3.232606e-01,7.790222e-10,1.233350e-09,4.709618e-13,6.753660e-08,5.119960e-01,2.320050e-13,8.708309e-10,1.243208e+02,1.538532e+09,8.488262e-08,7.327586e-01,1.645369e-13,1.217579e-09,1.091764e+02,1.598245e+09,7.098482e-08,6.544620e-01,2.203632e-13,8.416878e-10,1.022238e+02,1.547031e+09,1.793204e-03,5.247394e-03,9.093443e-04,2.802299e-15
65,2.212860e-11,3.168254e-01,9.490469e-10,7.101836e-10,3.226695e-13,3.905089e-11,2.097598e-01,1.172866e-09,5.704951e-10,1.725529e-13,4.057023e-11,2.669892e-01,1.087595e-09,9.994633e-10,4.571259e-13,2.155462e-11,3.910594e-01,9.806174e-10,9.113710e-10,2.939691e-13,6.589026e-08,5.661913e-01,1.773611e-13,1.363333e-09,1.096804e+02,1.767097e+09,8.478164e-08,6.179601e-01,1.869882e-13,8.274432e-10,1.293042e+02,1.579665e+09,6.967446e-08,5.686618e-01,2.079937e-13,1.875399e-09,1.154757e+02,1.572216e+09,8.691491e-03,2.999841e-03,6.746062e-04,2.468506e-15
66,2.142312e-11,3.475442e-01,1.035507e-09,9.370285e-10,4.262963e-13,3.993531e-11,2.585679e-01,8.608621e-10,5.007270e-10,3.319332e-13,3.724785e-11,1.010000e-01,1.052119e-09,1.075668e-09,4.922348e-13,2.291539e-11,1.535661e-01,8.420567e-10,9.110602e-10,2.787494e-13,7.093870e-08,5.477410e-01,1.518802e-13,1.810811e-09,1.220616e+02,1.728684e+09,7.868171e-08,6.588156e-01,2.030316e-13,6.953652e-10,1.125592e+02,1.457641e+09,6.765006e-08,5.175440e-01,1.793550e-13,1.303301e-09,1.231947e+02,1.580020e+09,8.174863e-03,5.540742e-03,1.043198e-03,3.829413e-15
67,2.299965e-11,3.218824e-01,7.513869e-10,8.535490e-10,2.051542e-13,4.034695e-11,3.475777e-01,1.055039e-09,8.452829e-10,2.221020e-13,3.880097e-11,3.908224e-01,1.089468e-09,1.159741e-09,2.190296e-13,2.222415e-11,1.428459e-01,1.126730e-09,1.035378e-09,3.752816e-13,6.774795e-08,5.414142e-01,1.267668e-13,1.146631e-09,1.179336e+02,1.914884e+09,8.539498e-08,7.458756e-01,2.060137e-13,1.300862e-09,1.079039e+02,1.514333e+09,6.874470e-08,6.041895e-01,1.761968e-13,1.933273e-09,1.072351e+02,1.590229e+09,4.809660e-03,9.785281e-03,1.549125e-04,2.595011e-15
68,2.206209e-11,2.232881e-01,6.036139e-10,9.730524e-10,3.892615e-13,3.958148e-11,3.374968e-01,1.128384e-09,1.065716e-09,4.398229e-13,3.863184e-11,2.342546e-01,9.588226e-10,1.010952e-09,1.953533e-13,2.294808e-11,1.562189e-01,9.149771e-10,4.353410e-10,1.979803e-13,6.999857e-08,5.244462e-01,1.707850e-13,1.208939e-09,1.257938e+02,1.765785e+09,8.538134e-08,6.688946e-01,1.542796e-13,1.231844e-09,1.203030e+02,1.598943e+09,6.923807e-08,5.111696e-01,1.649677e-13,5.506350e-10,1.276589e+02,1.737655e+09,7.288507e-04,7.440851e-03,1.378793e-03,4.359952e-15
69,2.248119e-11,2.305779e-01,8.531366e-10,1.174569e-09,2.096975e-13,3.744322e-11,3.039904e-01,1.167562e-09,3.173371e-10,5.152325e-13,3.919990e-11,2.046959e-01,8.412661e-10,4.267934e-10,3.836006e-13,2.159476e-11,1.481327e-01,1.198086e-09,6.587701e-10,4.233187e-13,6.597918e-08,6.129429e-01,1.702657e-13,1.160315e-09,1.014514e+02,1.707365e+09,8.073503e-08,6.240811e-01,1.852467e-13,8.170508e-10,1.219248e+02,1.617587e+09,6.939155e-08,5.968087e-01,1.609384e-13,1.684249e-09,1.095828e+02,1.732961e+09,2.954430e-04,1.918189e-03,3.678283e-04,3.674031e-15
70,2.090175e-11,3.385760e-01,6.799666e-10,1.202278e-09,4.634343e-13,3.755728e-11,3.618798e-01,9.034080e-10,1.087382e-09,3.569117e-13,4.088647e-11,2.330761e-01,9.227788e-10,1.233821e-09,3.133974e-13,2.117454e-11,2.561266e-01,1.124615e-09,1.174070e-09,2.523112e-13,7.068469e-08,5.516868e-01,1.997851e-13,1.182492e-09,1.207547e+02,1.564423e+09,8.539377e-08,6.940037e-01,1.931175e-13,1.716450e-09,1.159673e+02,1.617324e+09,6.671578e-08,5.519950e-01,1.651285e-13,1.655628e-09,1.139107e+02,1.862634e+09,7.970088e-03,6.253227e-03,4.684473e-04,3.054891e-15
71,2.194949e-11,3.028645e-01,1.146310e-09,4.105510e-10,2.641737e-13,3.759058e-11,3.701159e-01,9.318467e-10,1.226013e-09,4.926232e-13,4.025707e-11,1.594052e-01,9.184877e-10,6.059147e-10,4.258992e-13,2.120410e-11,1.441046e-01,1.074084e-09,1.130860e-09,2.178504e-13,7.028403e-08,5.560996e-01,1.431573e-13,1.156006e-09,1.191174e+02,1.949247e+09,8.536401e-08,7.970455e-01,1.460152e-13,8.495279e-10,1.009399e+02,1.603181e+09,6.583982e-08,4.868540e-01,1.771876e-13,1.214824e-09,1.274562e+02,1.798128e+09,1.525131e-03,6.510165e-03,2.211608e-03,4.633976e-15
72,2.191316e-11,3.548438e-01,8.000298e-10,7.699704e-10,4.499433e-13,3.855432e-11,1.773008e-01,9.519505e-10,8.193777e-10,3.634882e-13,3.720328e-11,1.403372e-01,8.770146e-10,7.248495e-10,2.760300e-13,2.192054e-11,1.757242e-01,7.677026e-10,7.477032e-10,3.300434e-13,6.770719e-08,4.970412e-01,2.029965e-13,1.936116e-09,1.283848e+02,1.616162e+09,8.076919e-08,6.685726e-01,1.670993e-13,9.607536e-10,1.138592e+02,1.503224e+09,6.541064e-08,6.094670e-01,1.670811e-13,9.771707e-10,1.011508e+02,1.889838e+09,1.670472e-03,9.095173e-03,1.105778e-03,3.509720e-15
73,2.238150e-11,2.715512e-01,8.752091e-10,5.986794e-10,1.732060e-13,4.078285e-11,3.295910e-01,6.570854e-10,1.128055e-09,2.514237e-13,3.838799e-11,2.692679e-01,8.375548e-10,6.467180e-10,1.881098e-13,2.183245e-11,3.964435e-01,6.271707e-10,1.052110e-09,5.109600e-13,7.011035e-08,5.358687e-01,1.442852e-13,1.990695e-09,1.233090e+02,1.808490e+09,8.440107e-08,7.821851e-01,1.661144e-13,1.520169e-09,1.016973e+02,1.597930e+09,6.856240e-08,5.283088e-01,1.475099e-13,1.010811e-09,1.223121e+02,1.882449e+09,7.060341e-03,2.357947e-03,5.796777e-04,4.915352e-15
74,2.281950e-11,2.029971e-01,1.015794e-09,4.741897e-10,2.445525e-13,3.730046e-11,2.940831e-01,1.109869e-09,1.247778e-09,3.732783e-13,3.910445e-11,3.727181e-01,1.071332e-09,3.575314e-10,5.263801e-13,2.199026e-11,1.912799e-01,1.183120e-09,1.256199e-09,4.896779e-13,6.638967e-08,5.370154e-01,1.273540e-13,1.443675e-09,1.165158e+02,1.891947e+09,8.226546e-08,7.683570e-01,2.179045e-13,8.988258e-10,1.009080e+02,1.412666e+09,6.944977e-08,5.531240e-01,2.245829e-13,1.451969e-09,1.183367e+02,1.549979e+09,3.088524e-03,8.223647e-04,2.182506e-03,1.646003e-15
75,2.215210e-11,3.288635e-01,9.223143e-10,1.230784e-09,4.878541e-13,3.806772e-11,2.908384e-01,8.845474e-10,8.771890e-10,4.434431e-13,3.714134e-11,2.312264e-01,6.062974e-10,1.011310e-09,2.292671e-13,2.296652e-11,2.283806e-01,9.802261e-10,1.298223e-09,3.803001e-13,6.618253e-08,6.199760e-01,1.722825e-13,1.185605e-09,1.006096e+02,1.846691e+09,7.985788e-08,7.145542e-01,1.725732e-13,1.289032e-09,1.053304e+02,1.563495e+09,7.076164e-08,5.631287e-01,1.667914e-13,1.492953e-09,1.184299e+02,1.791122e+09,5.800892e-03,6.249693e-03,7.292363e-04,8.090711e-16
76,2.157874e-11,3.348120e-01,8.263820e-10,6.122444e-10,4.454928e-13,4.085358e-11,1.000030e-01,7.708835e-10,9.880052e-10,3.637636e-13,3.775308e-11,2.101789e-01,6.210321e-10,5.913801e-10,2.895587e-13,2.208064e-11,1.494833e-01,8.814883e-10,9.715543e-10,2.188570e-13,7.079121e-08,5.340485e-01,1.542851e-13,1.357509e-09,1.249309e+02,1.826012e+09,8.446777e-08,6.163951e-01,1.951804e-13,1.553180e-09,1.291525e+02,1.328955e+09,7.068532e-08,6.322859e-01,1.480321e-13,1.418992e-09,1.053627e+02,1.781421e+09,8.695544e-03,6.538611e-04,2.160519e-03,1.141363e-15
77,2.169661e-11,3.486043e-01,8.675960e-10,9.694885e-10,2.926077e-13,3.723059e-11,1.748576e-01,8.575982e-10,1.030593e-09,3.671263e-13,3.842952e-11,3.247960e-01,1.046782e-09,3.777197e-10,4.293992e-13,2.097257e-11,1.740634e-01,1.032853e-09,1.216337e-09,4.923011e-13,6.473605e-08,5.126887e-01,1.910941e-13,1.070051e-09,1.190046e+02,1.747383e+09,8.309787e-08,6.087068e-01,1.669366e-13,1.777982e-09,1.286628e+02,1.665813e+09,6.962260e-08,6.547372e-01,2.010887e-13,5.875080e-10,1.002200e+02,1.657113e+09,5.468193e-03,7.491391e-03,1.705243e-03,3.061325e-15
78,2.215912e-11,3.236510e-01,6.806606e-10,7.055845e-10,2.150819e-13,3.816149e-11,1.332253e-01,8.303505e-10,8.073840e-10,4.166701e-13,3.871172e-11,2.766865e-01,1.070535e-09,9.781141e-10,4.747504e-13,2.240938e-11,1.756029e-01,1.116229e-09,7.668476e-10,2.581585e-13,6.790526e-08,6.135978e-01,1.958112e-13,1.972145e-09,1.043015e+02,1.787781e+09,7.890734e-08,6.019653e-01,1.725305e-13,7.685118e-10,1.235427e+02,1.653921e+09,7.053544e-08,5.417584e-01,1.836357e-13,1.962483e-09,1.227080e+02,1.529470e+09,7.604966e-03,7.675878e-03,7.220784e-04,3.586942e-15
79,2.119856e-11,1.093112e-01,1.145548e-09,1.114065e-09,4.799921e-13,3.855336e-11,1.466578e-01,8.901485e-10,1.280829e-09,1.832491e-13,3.902546e-11,1.712369e-01,7.128796e-10,9.129847e-10,4.317303e-13,2.135843e-11,1.529019e-01,1.076070e-09,5.026437e-10,5.264655e-13,6.768417e-08,5.215981e-01,1.873502e-13,1.740971e-09,1.222988e+02,1.552327e+09,8.375755e-08,6.780893e-01,1.590926e-13,1.484421e-09,1.164148e+02,1.618543e+09,7.069249e-08,5.897176e-01,1.561737e-13,1.669754e-09,1.129797e+02,1.937048e+09,3.171659e-03,8.991408e-03,1.583842e-04,4.969774e-15
80,2.094129e-11,1.866672e-01,1.057174e-09,1.079663e-09,2.758376e-13,3.982912e-11,1.706437e-01,7.651268e-10,4.859692e-10,3.342968e-13,4.087483e-11,2.842032e-01,6.143363e-10,1.280415e-09,1.847691e-13,2.165019e-11,2.296727e-01,1.196497e-09,1.071264e-09,5.117025e-13,7.127578e-08,5.260435e-01,1.819335e-13,1.016995e-09,1.277002e+02,1.617717e+09,8.133517e-08,6.745269e-01,2.498418e-13,6.465916e-10,1.136450e+02,1.313957e+09,6.862408e-08,5.803734e-01,1.890018e-13,1.293169e-09,1.114398e+02,1.602905e+09,1.250808e-03,6.713775e-03,4.400928e-04,2.575251e-15
81,2.185160e-11,1.614828e-01,6.386286e-10,6.632631e-10,3.061501e-13,3.766072e-11,3.853336e-01,1.158945e-09,1.241329e-09,4.939603e-13,3.721998e-11,1.213216e-01,9.630732e-10,1.166369e-09,4.879418e-13,2.281253e-11,1.429338e-01,7.855483e-10,7.042232e-10,2.874903e-13,7.022868e-08,5.321163e-01,1.809812e-13,1.707819e-09,1.243882e+02,1.652456e+09,7.927906e-08,7.041569e-01,2.527453e-13,1.852993e-09,1.061109e+02,1.316542e+09,6.544035e-08,5.169830e-01,2.126828e-13,1.269789e-09,1.193000e+02,1.576322e+09,6.150942e-03,2.761544e-04,3.595336e-04,4.130030e-15
82,2.130826e-11,1.221846e-01,1.149222e-09,8.796777e-10,5.244238e-13,3.900481e-11,2.149720e-01,1.013118e-09,1.253418e-09,4.406353e-13,3.707356e-11,1.253745e-01,7.436394e-10,5.544865e-10,4.650775e-13,2.123385e-11,2.489377e-01,1.142804e-09,1.085770e-09,4.719442e-13,6.529580e-08,4.779170e-01,1.830372e-13,1.368235e-09,1.287668e+02,1.831712e+09,8.319930e-08,6.359494e-01,1.320115e-13,1.764585e-09,1.233015e+02,1.683025e+09,6.844708e-08,5.962428e-01,1.824440e-13,1.676997e-09,1.081939e+02,1.694410e+09,2.463338e-03,3.015678e-03,2.557768e-03,3.790488e-15
83,2.113810e-11,1.372414e-01,1.156626e-09,1.034428e-09,5.066610e-13,3.801467e-11,3.724004e-01,6.486664e-10,3.509738e-10,2.002473e-13,3.795358e-11,1.401510e-01,1.066266e-09,5.678515e-10,5.228793e-13,2.301175e-11,1.462952e-01,1.049305e-09,8.240540e-10,3.422556e-13,7.135277e-08,5.759026e-01,2.186332e-13,1.282350e-09,1.167704e+02,1.511417e+09,8.440432e-08,7.274576e-01,1.267986e-13,1.949485e-09,1.093523e+02,1.679614e+09,6.503455e-08,5.534900e-01,1.593755e-13,1.975714e-09,1.107402e+02,1.828730e+09,5.957675e-04,3.241583e-04,1.712396e-03,3.472500e-15
84,2.218910e-11,2.018919e-01,1.044439e-09,1.231046e-09,4.727092e-13,3.934363e-11,3.707829e-01,6.937051e-10,6.051499e-10,4.521002e-13,3.814776e-11,2.213171e-01,1.109178e-09,3.320004e-10,2.672345e-13,2.257558e-11,1.648972e-01,9.792459e-10,1.040108e-09,5.037952e-13,6.918366e-08,5.865154e-01,1.789917e-13,6.218697e-10,1.111719e+02,1.640199e+09,8.077205e-08,5.901467e-01,1.944325e-13,1.848160e-09,1.289948e+02,1.604623e+09,6.664860e-08,5.976347e-01,2.065952e-13,9.359026e-10,1.051057e+02,1.625645e+09,1.097758e-03,3.012196e-03,2.312485e-03,3.008928e-15
85,2.113106e-11,2.057670e-01,6.118458e-10,8.618665e-10,5.247100e-13,3.900446e-11,1.902202e-01,1.149219e-09,1.288714e-09,3.192782e-13,3.870350e-11,3.489337e-01,1.175281e-09,4.584952e-10,3.223049e-13,2.100496e-11,3.870049e-01,6.745141e-10,1.002982e-09,3.261076e-13,6.961043e-08,5.686967e-01,1.865307e-13,5.850149e-10,1.153625e+02,1.683341e+09,8.083702e-08,7.553255e-01,1.741192e-13,1.451120e-09,1.008666e+02,1.466991e+09,6.484570e-08,5.355318e-01,1.528127e-13,1.891151e-09,1.141214e+02,1.879044e+09,3.261455e-03,4.082692e-03,7.299919e-04,2.002434e-15
86,2.282669e-11,3.363522e-01,1.110218e-09,4.036057e-10,4.834565e-13,4.074787e-11,3.980960e-01,6.964022e-10,7.540180e-10,3.806474e-13,4.046993e-11,2.178452e-01,7.475782e-10,7.711030e-10,2.884276e-13,2.238231e-11,3.536014e-01,9.618413e-10,5.312350e-10,2.131877e-13,6.824350e-08,6.202568e-01,2.267666e-13,1.423198e-09,1.036957e+02,1.517998e+09,7.804423e-08,5.713238e-01,1.678708e-13,6.461538e-10,1.287448e+02,1.531705e+09,6.754644e-08,5.588154e-01,1.869166e-13,5.338439e-10,1.139214e+02,1.658394e+09,7.639022e-03,8.996538e-03,1.396987e-03,2.701141e-15
87,2.209854e-11,2.599516e-01,8.487166e-10,6.400929e-10,3.916910e-13,3.851506e-11,1.342350e-01,1.080421e-09,9.167980e-10,5.268066e-13,4.040904e-11,1.279596e-01,1.080285e-09,1.079166e-09,4.259713e-13,2.199026e-11,2.019803e-01,1.100508e-09,1.222313e-09,4.294497e-13,6.940940e-08,6.247284e-01,2.268586e-13,1.696580e-09,1.047124e+02,1.508829e+09,8.360986e-08,7.599072e-01,1.817230e-13,5.780471e-10,1.036974e+02,1.669296e+09,6.597373e-08,5.960248e-01,1.799892e-13,7.774393e-10,1.043225e+02,1.620185e+09,5.174372e-03,1.923304e-03,2.816958e-03,4.459556e-15
88,2.209044e-11,2.139076e-01,8.781781e-10,2.768341e-10,4.901646e-13,3.863269e-11,1.896020e-01,6.532904e-10,4.018761e-10,3.806922e-13,3.743476e-11,2.737172e-01,1.104974e-09,6.857931e-10,2.813417e-13,2.159190e-11,3.484036e-01,1.167110e-09,1.119643e-09,4.282926e-13,6.838173e-08,5.260225e-01,2.196984e-13,7.641572e-10,1.225200e+02,1.562155e+09,8.429185e-08,6.477153e-01,1.652675e-13,1.752530e-09,1.226514e+02,1.471920e+09,6.657959e-08,6.242906e-01,1.775632e-13,1.006944e-09,1.005138e+02,1.820166e+09,3.602976e-03,4.427709e-03,7.705791e-04,1.951739e-15
89,2.306284e-11,1.239640e-01,9.211592e-10,1.190353e-09,4.905498e-13,3.981758e-11,2.383397e-01,1.075753e-09,1.128108e-09,4.124819e-13,3.735270e-11,3.958703e-01,6.263493e-10,6.648242e-10,3.855210e-13,2.213986e-11,1.818180e-01,9.071130e-10,4.402442e-10,2.083875e-13,6.830112e-08,6.349039e-01,1.702182e-13,9.808501e-10,1.013890e+02,1.902387e+09,8.427146e-08,7.593988e-01,2.523947e-13,1.130529e-09,1.045880e+02,1.316056e+09,7.106818e-08,5.628136e-01,1.418136e-13,7.768602e-10,1.190095e+02,1.725886e+09,1.439831e-03,5.202880e-03,3.102886e-04,1.541682e-15
90,2.211733e-11,2.796025e-01,1.156376e-09,1.107469e-09,2.267640e-13,3.733035e-11,3.349940e-01,1.027190e-09,1.285775e-09,2.832046e-13,4.028483e-11,2.221804e-01,7.930298e-10,7.455884e-10,5.118477e-13,2.266104e-11,2.902897e-01,9.496072e-10,4.669344e-10,4.119104e-13,6.866174e-08,5.769175e-01,1.285187e-13,1.756761e-09,1.121688e+02,1.900923e+09,8.564787e-08,7.686886e-01,1.972829e-13,7.183580e-10,1.050116e+02,1.406668e+09,6.757697e-08,5.997461e-01,1.562206e-13,1.166023e-09,1.061946e+02,1.673857e+09,3.748865e-03,6.418588e-03,1.525425e-03,1.903829e-15
91,2.273940e-11,3.386590e-01,8.532962e-10,4.865825e-10,1.873464e-13,4.090793e-11,2.217635e-01,8.421694e-10,5.325203e-10,2.621678e-13,3.815446e-11,2.339207e-01,1.071803e-09,1.068194e-09,3.788971e-13,2.217140e-11,1.703909e-01,7.675903e-10,6.043912e-10,3.413273e-13,6.882303e-08,5.734971e-01,1.916276e-13,5.412688e-10,1.131029e+02,1.610038e+09,8.454023e-08,7.494018e-01,1.461993e-13,7.837517e-10,1.063212e+02,1.682470e+09,7.055608e-08,5.636958e-01,1.443104e-13,9.950225e-10,1.179671e+02,1.899070e+09,3.083722e-03,7.215255e-03,1.673270e-03,3.977343e-15
92,2.301373e-11,3.462528e-01,8.239392e-10,5.642747e-10,3.698090e-13,3.766272e-11,1.211071e-01,1.109674e-09,8.359818e-10,3.481162e-13,3.834285e-11,2.379368e-01,7.883225e-10,8.074840e-10,5.146545e-13,2.276907e-11,2.253594e-01,1.081613e-09,1.208147e-09,2.291018e-13,6.607032e-08,5.841222e-01,1.464198e-13,1.503408e-09,1.066041e+02,1.810915e+09,8.027951e-08,6.169349e-01,1.770766e-13,1.131506e-09,1.226412e+02,1.499088e+09,6.821466e-08,4.968826e-01,1.876556e-13,1.724799e-09,1.293883e+02,1.824011e+09,4.461356e-03,3.815202e-03,1.997100e-03,1.620047e-15
93,2.190265e-11,2.842880e-01,1.071644e-09,1.219158e-09,1.720720e-13,4.066452e-11,1.423776e-01,9.691421e-10,6.381124e-10,4.747297e-13,3.725225e-11,2.109044e-01,9.840710e-10,2.795424e-10,3.779645e-13,2.184606e-11,3.753051e-01,1.176492e-09,1.117942e-09,1.683980e-13,6.724773e-08,5.904397e-01,1.883769e-13,5.033907e-10,1.073429e+02,1.549791e+09,8.446859e-08,6.331146e-01,1.526757e-13,1.512678e-09,1.257431e+02,1.645531e+09,6.525188e-08,5.005390e-01,2.142993e-13,1.230665e-09,1.228644e+02,1.672147e+09,9.716995e-03,8.244307e-03,2.834295e-03,1.821500e-15
94,2.302386e-11,1.484412e-01,9.328148e-10,1.156788e-09,4.906669e-13,3.870350e-11,3.487453e-01,6.728258e-10,4.982984e-10,3.567456e-13,4.021754e-11,2.900146e-01,7.157529e-10,3.323991e-10,3.575672e-13,2.308337e-11,3.389585e-01,8.990856e-10,5.846679e-10,3.515278e-13,7.020121e-08,5.325285e-01,1.421657e-13,8.384204e-10,1.242433e+02,1.819702e+09,8.476856e-08,7.805381e-01,2.060326e-13,1.721988e-09,1.023557e+02,1.371706e+09,6.671753e-08,5.720666e-01,1.763291e-13,8.910874e-10,1.099169e+02,1.948781e+09,4.694673e-03,8.540214e-03,1.399676e-03,9.835364e-16
95,2.302058e-11,2.437212e-01,9.344250e-10,2.933532e-10,4.939056e-13,3.949528e-11,1.458829e-01,6.258813e-10,8.966868e-10,2.351204e-13,4.028292e-11,1.532042e-01,1.071835e-09,1.233995e-09,4.712566e-13,2.102325e-11,1.006872e-01,6.675752e-10,5.949355e-10,4.247724e-13,7.064225e-08,5.320201e-01,1.667732e-13,1.325357e-09,1.251433e+02,1.698812e+09,7.977517e-08,6.866507e-01,1.816715e-13,6.398443e-10,1.094972e+02,1.572203e+09,6.966948e-08,5.200716e-01,1.861163e-13,6.864090e-10,1.262556e+02,1.667927e+09,4.909492e-03,2.050409e-03,1.360582e-03,2.284209e-15
96,2.245088e-11,3.723587e-01,7.703329e-10,1.204113e-09,3.423530e-13,3.799748e-11,2.633012e-01,1.013942e-09,4.176225e-10,5.043586e-13,3.733039e-11,3.726174e-01,9.497152e-10,1.286714e-09,3.770854e-13,2.161043e-11,2.065591e-01,9.185277e-10,1.293165e-09,5.021297e-13,7.086386e-08,5.916381e-01,1.838954e-13,1.907070e-09,1.128859e+02,1.675577e+09,8.136235e-08,7.086332e-01,2.259977e-13,6.875160e-10,1.082114e+02,1.302365e+09,6.894521e-08,5.409996e-01,1.501345e-13,1.006263e-09,1.201098e+02,1.922449e+09,5.182906e-03,2.984233e-03,2.490920e-03,2.632883e-15
97,2.160692e-11,2.679532e-01,9.180504e-10,6.208021e-10,4.531991e-13,3.720395e-11,1.802059e-01,9.811292e-10,3.428069e-10,1.953010e-13,4.089165e-11,1.499606e-01,1.079134e-09,6.856212e-10,3.783470e-13,2.112765e-11,1.823583e-01,7.961989e-10,9.206324e-10,4.777348e-13,7.006844e-08,6.414260e-01,1.532396e-13,8.212446e-10,1.029549e+02,1.814395e+09,7.831721e-08,6.786424e-01,1.834733e-13,6.588851e-10,1.087646e+02,1.591116e+09,6.891742e-08,5.544504e-01,1.689678e-13,1.940234e-09,1.171487e+02,1.875496e+09,9.803460e-03,2.461716e-03,1.891820e-03,2.142278e-15
98,2.289465e-11,2.629837e-01,6.084242e-10,6.440086e-10,5.019080e-13,3.928343e-11,3.648754e-01,1.119832e-09,1.106153e-09,5.070207e-13,3.907341e-11,3.611233e-01,8.342145e-10,6.546716e-10,2.490768e-13,2.133030e-11,2.736713e-01,9.843607e-10,7.833137e-10,3.717870e-13,6.677247e-08,5.740959e-01,1.761426e-13,5.820282e-10,1.096186e+02,1.737257e+09,7.955047e-08,7.351128e-01,1.569478e-13,1.523862e-09,1.019905e+02,1.549177e+09,7.135826e-08,5.976022e-01,1.628519e-13,1.456722e-09,1.125390e+02,1.613736e+09,1.730655e-03,2.274613e-03,2.469222e-03,3.021973e-15
99,2.172108e-11,2.710910e-01,8.833738e-10,1.206445e-09,4.110361e-13,3.798235e-11,2.583514e-01,6.051022e-10,9.950119e-10,2.153448e-13,3.904652e-11,2.042686e-01,7.577416e-10,3.998667e-10,3.945357e-13,2.139648e-11,1.902082e-01,6.243637e-10,4.573283e-10,4.169482e-13,6.885760e-08,5.827557e-01,1.620443e-13,5.298953e-10,1.113619e+02,1.816410e+09,8.286515e-08,7.348519e-01,1.537713e-13,1.171983e-09,1.062780e+02,1.658734e+09,7.018067e-08,6.411763e-01,1.904886e-13,7.551743e-10,1.031600e+02,1.653611e+09,7.618617e-04,8.952166e-04,1.788193e-03,2.035772e-15
100,2.228283e-11,1.831797e-01,6.807221e-10,1.164385e-09,3.357306e-13,4.063708e-11,2.673570e-01,7.894374e-10,1.134421e-09,4.359385e-13,4.064046e-11,2.748512e-01,1.143430e-09,1.089792e-09,2.800115e-13,2.296809e-11,2.168619e-01,7.101748e-10,2.963567e-10,2.044706e-13,6.974775e-08,6.240483e-01,1.965477e-13,1.060650e-09,1.053375e+02,1.602822e+09,8.213887e-08,7.688708e-01,2.412106e-13,1.281142e-09,1.006854e+02,1.364887e+09,6.792924e-08,6.042049e-01,1.881437e-13,1.939271e-09,1.059604e+02,1.721607e+09,3.601166e-03,1.599427e-03,3.782006e-04,2.011088e-15
101,2.106744e-11,2.071071e-01,7.043461e-10,4.429997e-10,1.895254e-13,3.976465e-11,1.135564e-01,6.501069e-10,1.185299e-09,4.418505e-13,4.061674e-11,3.510626e-01,1.168524e-09,2.881580e-10,5.259416e-13,2.095966e-11,1.258677e-01,9.885055e-10,5.810676e-10,4.242956e-13,6.651427e-08,4.861200e-01,1.905348e-13,1.831427e-09,1.289563e+02,1.673372e+09,8.331792e-08,6.462048e-01,1.659511e-13,1.534772e-09,1.215176e+02,1.473881e+09,6.790762e-08,5.402788e-01,2.248197e-13,1.776582e-09,1.184600e+02,1.525087e+09,3.033992e-03,7.755785e-03,5.602876e-04,1.735608e-15
102,2.308136e-11,2.288762e-01,1.198625e-09,8.491543e-10,4.326961e-13,3.803960e-11,2.554452e-01,7.021844e-10,5.703943e-10,4.671676e-13,3.914402e-11,2.996749e-01,8.567069e-10,9.137674e-10,3.501670e-13,2.258760e-11,3.683777e-01,6.222477e-10,3.076695e-10,3.393407e-13,6.846895e-08,5.665293e-01,1.754761e-13,1.394419e-09,1.139049e+02,1.718649e+09,7.946220e-08,6.035562e-01,1.838172e-13,1.531040e-09,1.240835e+02,1.658447e+09,6.607430e-08,5.793448e-01,1.428098e-13,1.789175e-09,1.074896e+02,1.901808e+09,9.904724e-03,3.048257e-03,1.500408e-03,3.608494e-15
103,2.258189e-11,2.485575e-01,1.174913e-09,8.449904e-10,4.308522e-13,4.024819e-11,2.596833e-01,1.030548e-09,1.068392e-09,4.667742e-13,3.963750e-11,2.892627e-01,9.845312e-10,1.073266e-09,2.657155e-13,2.270970e-11,1.637904e-01,1.171144e-09,6.909688e-10,1.855975e-13,6.743691e-08,4.913186e-01,1.603380e-13,9.276937e-10,1.293617e+02,1.848048e+09,8.176507e-08,6.537488e-01,1.809506e-13,1.854460e-09,1.178767e+02,1.656071e+09,6.870695e-08,5.202925e-01,1.282473e-13,8.952638e-10,1.244584e+02,1.858396e+09,8.317101e-03,8.504217e-03,1.876109e-03,7.264167e-16
104,2.177702e-11,1.640454e-01,1.092300e-09,9.939307e-10,4.777010e-13,3.786354e-11,2.590133e-01,1.171870e-09,4.490491e-10,3.535803e-13,3.916519e-11,3.061843e-01,1.063032e-09,9.136027e-10,4.382552e-13,2.198379e-11,3.576510e-01,9.965062e-10,5.716920e-10,2.244215e-13,6.909310e-08,5.110104e-01,1.741557e-13,1.027636e-09,1.274313e+02,1.819883e+09,7.826936e-08,5.827043e-01,2.531946e-13,7.338159e-10,1.265945e+02,1.317495e+09,6.592643e-08,6.101213e-01,1.703526e-13,1.053015e-09,1.018391e+02,1.837781e+09,2.550005e-03,9.379716e-03,3.695895e-04,3.166666e-15
105,2.213099e-11,2.883445e-01,1.191168e-09,5.973486e-10,5.209673e-13,3.736408e-11,2.859644e-01,1.130156e-09,8.594438e-10,3.681697e-13,3.924789e-11,3.194507e-01,7.599431e-10,1.263617e-09,4.308093e-13,2.278534e-11,2.761898e-01,1.002136e-09,1.266925e-09,2.534383e-13,6.840278e-08,6.142112e-01,1.640806e-13,1.804579e-09,1.049608e+02,1.906140e+09,8.374817e-08,6.663446e-01,1.566384e-13,1.670812e-09,1.184534e+02,1.623683e+09,7.123172e-08,6.270075e-01,1.367603e-13,1.514360e-09,1.070710e+02,1.807876e+09,1.669311e-03,7.753245e-03,1.998622e-03,2.053731e-15
106,2.215690e-11,3.566113e-01,1.099089e-09,6.626831e-10,2.271167e-13,4.031414e-11,1.311340e-01,8.302343e-10,6.818460e-10,4.568488e-13,3.881868e-11,1.957575e-01,8.796615e-10,2.998813e-10,2.518977e-13,2.137424e-11,2.760157e-01,6.046815e-10,7.384868e-10,4.283379e-13,6.523889e-08,5.304628e-01,2.244984e-13,1.285263e-09,1.159105e+02,1.617549e+09,8.513175e-08,7.574482e-01,2.124502e-13,1.346362e-09,1.059277e+02,1.465395e+09,6.955589e-08,5.404043e-01,1.581999e-13,9.122651e-10,1.213071e+02,1.721701e+09,8.320122e-03,5.555363e-03,2.253011e-04,2.499064e-15
107,2.143690e-11,3.976368e-01,7.520944e-10,4.420773e-10,4.110792e-13,3.780613e-11,1.389678e-01,6.854669e-10,1.059652e-09,2.224196e-13,3.971290e-11,2.161156e-01,6.215499e-10,6.509067e-10,5.243873e-13,2.242606e-11,3.164811e-01,6.155086e-10,8.789028e-10,2.494018e-13,6.659375e-08,6.169100e-01,2.161393e-13,7.751227e-10,1.017379e+02,1.624717e+09,8.383735e-08,6.204991e-01,1.492081e-13,1.319322e-09,1.273408e+02,1.670121e+09,6.969538e-08,6.393679e-01,1.670529e-13,1.722319e-09,1.027364e+02,1.848751e+09,9.758818e-03,2.431650e-03,6.016637e-04,1.524808e-15
108,2.112661e-11,3.861750e-01,6.455606e-10,1.270607e-09,3.380208e-13,3.789875e-11,1.507075e-01,1.149791e-09,4.107338e-10,3.915078e-13,3.845019e-11,1.196878e-01,9.949585e-10,9.533373e-10,2.489517e-13,2.279234e-11,1.711677e-01,7.422659e-10,1.285897e-09,2.167084e-13,6.623428e-08,5.680445e-01,1.925490e-13,7.374991e-10,1.098934e+02,1.627421e+09,8.594185e-08,6.640192e-01,1.593935e-13,1.067688e-09,1.219818e+02,1.684387e+09,6.477158e-08,5.054162e-01,1.608310e-13,1.679561e-09,1.207832e+02,1.802548e+09,3.712439e-04,5.369107e-03,8.556000e-04,4.383782e-15
109,2.264179e-11,3.980877e-01,9.913067e-10,3.423857e-10,4.933791e-13,3.855784e-11,1.740257e-01,7.377089e-10,8.311572e-10,2.575730e-13,3.977814e-11,3.410724e-01,8.084454e-10,5.756432e-10,4.598606e-13,2.178852e-11,2.737657e-01,1.043794e-09,9.342765e-10,3.918415e-13,6.812822e-08,5.002336e-01,1.630272e-13,7.430293e-10,1.283587e+02,1.865147e+09,8.030883e-08,6.971008e-01,2.240032e-13,8.501548e-10,1.085772e+02,1.365844e+09,6.995543e-08,5.731461e-01,1.877667e-13,1.293832e-09,1.150343e+02,1.584441e+09,4.587583e-03,4.233879e-03,1.869585e-03,2.503270e-15
110,2.125799e-11,1.541692e-01,7.597385e-10,9.127951e-10,4.542891e-13,3.895649e-11,1.179863e-01,6.665898e-10,9.046740e-10,2.153806e-13,3.996063e-11,1.769727e-01,6.844434e-10,7.999753e-10,2.055371e-13,2.169060e-11,3.050666e-01,8.587068e-10,1.000585e-09,2.433366e-13,6.859554e-08,6.011210e-01,1.754776e-13,1.633730e-09,1.075487e+02,1.750647e+09,8.132789e-08,6.555863e-01,1.562966e-13,1.519713e-09,1.169178e+02,1.624204e+09,6.738128e-08,6.240273e-01,1.779604e-13,1.993344e-09,1.017670e+02,1.681265e+09,7.624957e-03,6.853821e-03,2.669897e-03,1.411061e-15
111,2.229483e-11,3.195929e-01,1.164612e-09,9.982886e-10,3.311305e-13,3.792218e-11,1.778006e-01,1.094017e-09,6.243122e-10,3.995403e-13,3.795570e-11,2.380273e-01,7.501938e-10,6.221096e-10,5.196198e-13,2.148004e-11,3.793281e-01,8.646845e-10,1.233432e-09,5.001730e-13,6.948686e-08,5.215657e-01,1.811459e-13,1.139549e-09,1.255639e+02,1.833965e+09,8.174794e-08,5.959727e-01,2.043212e-13,1.236394e-09,1.292771e+02,1.567420e+09,6.756797e-08,4.975566e-01,1.761339e-13,1.387624e-09,1.279881e+02,1.914325e+09,3.549126e-04,3.069513e-03,1.108585e-04,3.492298e-15
112,2.120344e-11,3.184266e-01,9.349976e-10,3.521302e-10,3.949462e-13,3.843086e-11,3.760754e-01,1.103785e-09,8.942459e-10,4.374040e-13,3.873570e-11,3.280436e-01,8.953747e-10,3.367195e-10,4.031052e-13,2.242863e-11,1.978305e-01,9.366414e-10,9.139457e-10,3.373318e-13,6.768875e-08,6.123054e-01,1.698112e-13,1.912116e-09,1.041884e+02,1.768790e+09,7.822901e-08,6.727664e-01,2.370651e-13,1.326908e-09,1.095909e+02,1.382443e+09,6.532936e-08,4.882768e-01,1.783466e-13,1.084022e-09,1.260995e+02,1.666679e+09,6.961768e-03,7.007865e-03,2.957093e-03,3.109060e-15
113,2.141471e-11,2.945935e-01,9.212579e-10,7.439232e-10,5.127652e-13,4.020205e-11,1.824046e-01,8.123330e-10,1.088540e-09,5.177590e-13,3.847781e-11,2.644085e-01,6.742289e-10,8.979711e-10,2.169514e-13,2.158659e-11,2.369504e-01,1.012338e-09,8.835570e-10,4.114218e-13,6.754933e-08,5.322227e-01,1.357042e-13,9.938731e-10,1.196186e+02,1.938772e+09,7.922832e-08,7.155015e-01,2.169558e-13,5.407458e-10,1.043617e+02,1.431649e+09,6.846811e-08,5.311198e-01,2.017777e-13,1.925683e-09,1.214974e+02,1.589390e+09,3.679513e-03,8.045294e-04,1.712617e-03,1.846450e-15
114,2.273327e-11,3.771575e-01,7.001705e-10,3.795374e-10,3.492547e-13,4.071600e-11,3.055555e-01,7.557967e-10,1.273659e-09,1.714060e-13,3.832417e-11,3.370611e-01,1.195810e-09,3.092270e-10,4.154115e-13,2.237867e-11,3.240896e-01,1.026751e-09,8.238601e-10,4.596257e-13,6.809975e-08,5.291518e-01,2.057888e-13,1.448166e-09,1.212932e+02,1.510066e+09,7.867523e-08,7.298288e-01,1.522437e-13,5.917404e-10,1.015987e+02,1.644446e+09,6.572642e-08,5.565724e-01,1.748923e-13,1.643896e-09,1.112985e+02,1.891562e+09,2.948848e-03,8.599368e-03,3.039919e-04,6.912474e-16
115,2.130682e-11,2.780471e-01,1.041303e-09,1.120231e-09,3.700094e-13,4.088555e-11,1.037835e-01,9.345069e-10,1.200439e-09,2.831550e-13,3.771282e-11,2.867870e-01,8.621148e-10,5.197300e-10,2.322686e-13,2.304740e-11,3.977652e-01,9.015684e-10,1.051287e-09,2.996054e-13,6.666404e-08,4.965369e-01,1.533001e-13,1.719727e-09,1.265352e+02,1.851888e+09,8.041080e-08,6.696325e-01,1.800366e-13,1.388203e-09,1.131746e+02,1.600835e+09,7.111275e-08,6.511768e-01,1.947364e-13,1.099774e-09,1.029247e+02,1.678412e+09,6.489666e-03,7.911863e-03,1.125726e-03,4.508861e-15
116,2.305282e-11,3.800519e-01,8.412164e-10,1.001520e-09,4.176674e-13,3.803664e-11,1.870026e-01,6.683666e-10,1.239478e-09,2.415954e-13,3.804800e-11,3.616159e-01,8.815369e-10,5.355766e-10,3.662443e-13,2.265829e-11,2.611683e-01,1.159251e-09,1.297696e-09,3.613713e-13,7.122537e-08,6.095232e-01,1.849812e-13,9.806625e-10,1.101325e+02,1.590834e+09,7.962247e-08,7.034225e-01,1.746301e-13,1.833394e-09,1.066818e+02,1.468240e+09,6.869159e-08,5.498222e-01,1.830068e-13,1.037991e-09,1.177477e+02,1.790273e+09,9.812427e-03,7.467944e-04,2.688139e-03,3.525422e-15
117,2.206119e-11,3.084668e-01,9.681145e-10,5.752949e-10,1.790916e-13,3.826930e-11,1.598163e-01,6.788655e-10,1.003879e-09,4.970238e-13,3.838212e-11,3.105581e-01,1.181487e-09,1.283600e-09,2.223850e-13,2.263182e-11,3.374055e-01,9.147558e-10,5.729978e-10,4.680981e-13,6.532328e-08,4.801130e-01,1.267148e-13,1.183698e-09,1.282318e+02,1.908848e+09,7.919981e-08,6.008492e-01,1.666268e-13,1.720400e-09,1.242310e+02,1.671568e+09,6.597690e-08,5.103351e-01,2.004520e-13,1.295110e-09,1.218450e+02,1.638373e+09,3.749705e-03,2.385925e-03,2.183902e-04,3.585646e-15
118,2.233578e-11,1.982504e-01,7.430143e-10,6.325237e-10,3.312261e-13,4.001117e-11,3.425970e-01,7.687368e-10,9.121910e-10,4.447293e-13,3.830831e-11,2.841058e-01,8.221448e-10,2.835926e-10,5.004075e-13,2.098870e-11,3.186561e-01,6.743341e-10,7.144950e-10,3.752319e-13,7.032283e-08,6.255765e-01,1.390421e-13,1.496083e-09,1.059466e+02,1.741641e+09,8.261536e-08,6.583650e-01,1.959876e-13,8.488670e-10,1.182674e+02,1.568053e+09,7.099209e-08,6.260900e-01,1.696893e-13,1.538693e-09,1.068672e+02,1.895195e+09,2.023767e-03,1.886953e-03,2.633833e-03,1.751411e-15
119,2.166492e-11,1.646414e-01,1.176272e-09,1.054545e-09,2.687698e-13,4.002756e-11,2.829939e-01,7.070819e-10,8.651492e-10,2.230714e-13,3.947473e-11,3.328567e-01,9.058320e-10,9.526276e-10,4.459321e-13,2.163461e-11,2.916069e-01,8.441673e-10,1.018245e-09,4.074241e-13,6.884946e-08,5.885977e-01,1.731862e-13,1.936690e-09,1.102435e+02,1.695067e+09,8.364959e-08,6.561615e-01,1.827772e-13,8.124960e-10,1.201501e+02,1.434299e+09,6.461347e-08,4.907458e-01,1.765398e-13,5.277904e-10,1.240902e+02,1.898645e+09,9.852301e-03,8.677591e-03,1.087740e-03,2.163093e-15
120,2.249896e-11,3.612654e-01,1.073962e-09,7.676999e-10,3.423808e-13,3.806096e-11,2.493044e-01,8.656904e-10,9.926757e-10,4.656509e-13,3.953877e-11,2.196909e-01,6.719188e-10,7.938690e-10,3.897412e-13,2.108435e-11,1.975020e-01,6.644063e-10,3.992206e-10,2.740220e-13,6.899445e-08,6.185868e-01,1.680847e-13,1.045097e-09,1.051198e+02,1.739457e+09,8.040548e-08,7.281442e-01,1.783567e-13,1.209551e-09,1.040733e+02,1.656805e+09,7.048992e-08,5.408709e-01,1.274952e-13,1.491482e-09,1.228300e+02,1.887199e+09,3.568781e-03,5.883866e-03,5.424463e-04,3.888649e-15
121,2.242453e-11,1.818650e-01,9.666980e-10,7.307427e-10,2.646431e-13,3.967810e-11,2.304966e-01,9.213378e-10,5.685986e-10,4.140167e-13,3.998669e-11,1.269199e-01,1.098804e-09,9.804726e-10,4.314942e-13,2.147175e-11,2.959662e-01,1.068304e-09,7.368230e-10,5.122304e-13,6.505272e-08,6.092076e-01,1.242848e-13,1.976933e-09,1.006402e+02,1.946336e+09,8.375070e-08,6.490154e-01,2.161839e-13,1.926863e-09,1.216199e+02,1.368821e+09,6.686319e-08,6.102621e-01,1.419728e-13,7.962785e-10,1.032623e+02,1.768804e+09,3.775247e-03,7.698239e-03,9.208861e-04,2.854016e-15
122,2.180554e-11,1.895275e-01,7.446815e-10,3.260703e-10,2.310759e-13,4.087614e-11,2.691598e-01,1.153666e-09,1.065892e-09,4.270162e-13,3.959882e-11,3.719991e-01,9.439357e-10,6.158922e-10,5.104982e-13,2.173751e-11,2.863562e-01,9.090294e-10,1.162703e-09,2.697656e-13,6.624136e-08,5.446387e-01,1.345337e-13,6.122116e-10,1.146283e+02,1.887794e+09,8.603327e-08,7.068560e-01,2.236640e-13,1.363671e-09,1.147114e+02,1.389662e+09,6.506246e-08,4.926844e-01,1.698934e-13,1.115510e-09,1.244609e+02,1.824802e+09,3.389398e-03,5.704026e-03,1.034523e-03,2.455748e-15
123,2.287623e-11,1.251109e-01,6.492238e-10,1.218082e-09,2.425848e-13,3.818948e-11,2.653428e-01,1.092105e-09,1.171821e-09,4.616495e-13,3.975157e-11,3.626445e-01,1.000667e-09,6.534104e-10,3.253647e-13,2.196532e-11,2.051225e-01,8.730528e-10,1.068706e-09,3.929580e-13,7.105836e-08,6.079069e-01,1.729051e-13,1.757082e-09,1.101664e+02,1.529801e+09,7.827067e-08,6.631525e-01,1.760873e-13,8.769615e-10,1.112389e+02,1.534108e+09,6.686500e-08,5.989784e-01,2.156079e-13,6.189536e-10,1.052104e+02,1.524390e+09,2.491414e-03,7.472304e-03,1.653828e-03,8.931732e-16
124,2.281919e-11,3.106558e-01,9.692472e-10,1.054773e-09,3.964505e-13,3.789377e-11,2.142843e-01,8.738715e-10,9.300771e-10,4.293289e-13,3.863092e-11,2.121790e-01,8.303393e-10,1.127607e-09,1.918241e-13,2.159912e-11,2.335759e-01,1.035714e-09,5.541819e-10,2.908173e-13,7.114056e-08,5.305467e-01,1.769198e-13,9.902840e-10,1.263761e+02,1.611583e+09,7.998332e-08,7.179051e-01,2.187662e-13,9.274271e-10,1.050034e+02,1.348059e+09,7.065908e-08,5.660266e-01,1.761438e-13,1.039682e-09,1.176528e+02,1.597080e+09,4.425877e-03,8.492476e-03,1.644720e-03,1.383643e-15
125,2.162160e-11,2.389527e-01,1.085036e-09,1.298185e-09,4.474806e-13,3.849611e-11,3.699368e-01,1.034785e-09,1.168175e-09,4.085272e-13,4.093686e-11,3.507384e-01,1.014323e-09,5.453386e-10,4.444324e-13,2.191704e-11,2.046768e-01,9.645139e-10,4.533295e-10,2.860986e-13,6.600833e-08,5.496973e-01,1.961174e-13,1.771763e-09,1.131739e+02,1.524221e+09,8.371590e-08,6.440420e-01,1.864188e-13,1.720244e-09,1.225081e+02,1.482245e+09,6.557382e-08,6.052257e-01,1.628100e-13,5.746672e-10,1.021138e+02,1.651923e+09,8.300680e-03,2.631007e-03,1.018104e-04,8.615999e-16
126,2.102515e-11,3.506245e-01,1.030081e-09,3.610701e-10,2.618830e-13,3.861658e-11,3.841423e-01,8.071834e-10,4.609119e-10,4.061063e-13,3.974694e-11,2.164706e-01,1.118088e-09,9.308562e-10,1.842453e-13,2.225141e-11,2.685961e-01,7.438715e-10,7.652675e-10,2.557578e-13,6.700112e-08,5.355174e-01,2.209315e-13,1.125888e-09,1.179179e+02,1.614461e+09,7.969221e-08,6.132773e-01,1.983881e-13,1.115868e-09,1.224701e+02,1.593282e+09,6.785708e-08,6.378544e-01,1.950801e-13,5.592469e-10,1.002639e+02,1.543718e+09,8.315424e-04,5.004648e-03,1.492395e-03,2.391556e-15
127,2.228187e-11,3.115319e-01,9.957910e-10,1.079971e-09,2.959694e-13,4.067032e-11,1.020442e-01,1.140480e-09,8.518569e-10,5.265883e-13,3.733385e-11,1.579862e-01,1.028065e-09,1.213893e-09,3.468738e-13,2.257050e-11,3.842107e-01,1.132533e-09,5.990344e-10,3.694650e-13,6.893249e-08,5.269604e-01,1.730338e-13,1.250851e-09,1.232870e+02,1.885301e+09,8.324125e-08,6.937571e-01,2.226226e-13,8.387203e-10,1.130843e+02,1.429334e+09,7.023991e-08,6.407391e-01,1.598865e-13,1.894799e-09,1.033175e+02,1.832249e+09,1.409272e-03,4.712234e-03,2.385720e-03,1.491704e-15
128,2.190303e-11,3.889100e-01,1.075403e-09,5.901878e-10,2.149545e-13,3.908492e-11,2.202246e-01,1.003643e-09,3.806061e-10,3.305888e-13,3.980735e-11,2.781386e-01,8.521338e-10,4.750327e-10,4.294928e-13,2.218688e-11,1.671092e-01,1.011707e-09,6.107416e-10,3.226094e-13,6.633304e-08,5.038584e-01,1.479150e-13,1.030724e-09,1.240773e+02,1.939769e+09,8.583585e-08,7.043147e-01,1.448267e-13,1.955603e-09,1.148611e+02,1.623084e+09,6.769873e-08,5.477550e-01,1.500076e-13,1.290841e-09,1.164837e+02,1.864415e+09,1.408739e-03,2.086148e-03,6.606031e-04,2.629759e-15
129,2.220617e-11,2.697770e-01,1.037823e-09,5.721084e-10,2.095604e-13,3.877744e-11,1.725934e-01,6.167505e-10,5.809809e-10,4.481565e-13,3.725113e-11,1.079959e-01,1.189315e-09,9.480342e-10,3.072784e-13,2.115569e-11,3.982731e-01,7.405475e-10,8.586199e-10,4.432734e-13,6.853285e-08,5.710325e-01,1.478265e-13,9.311490e-10,1.131121e+02,1.914973e+09,8.273408e-08,6.386017e-01,1.977149e-13,1.410291e-09,1.221028e+02,1.433148e+09,6.769196e-08,6.327818e-01,1.896368e-13,1.487454e-09,1.008217e+02,1.591380e+09,1.003137e-03,7.542702e-03,2.899399e-03,2.103719e-15
130,2.094211e-11,2.590224e-01,8.619987e-10,9.917104e-10,2.507739e-13,4.087375e-11,3.270337e-01,8.393821e-10,6.898697e-10,4.965311e-13,3.858386e-11,3.744741e-01,1.122978e-09,1.041194e-09,4.042993e-13,2.235650e-11,2.213853e-01,7.709740e-10,2.935125e-10,2.697051e-13,6.733771e-08,6.268364e-01,1.567931e-13,7.703845e-10,1.012454e+02,1.707464e+09,8.264319e-08,6.620493e-01,1.969134e-13,1.603950e-09,1.176489e+02,1.347459e+09,6.814410e-08,6.234492e-01,1.826432e-13,1.234642e-09,1.030145e+02,1.638116e+09,8.694362e-03,1.166575e-04,6.217911e-04,4.564539e-15
131,2.227175e-11,1.666133e-01,6.514487e-10,1.228725e-09,4.949576e-13,3.851253e-11,2.317798e-01,8.489136e-10,8.108221e-10,5.148332e-13,3.952098e-11,3.817918e-01,1.199918e-09,1.211425e-09,5.290671e-13,2.168851e-11,2.298859e-01,9.959092e-10,1.140939e-09,4.282072e-13,6.976725e-08,5.658730e-01,1.434149e-13,1.050531e-09,1.161994e+02,1.829674e+09,7.950888e-08,7.184758e-01,2.034913e-13,1.419772e-09,1.042977e+02,1.380982e+09,6.745372e-08,5.514690e-01,1.435929e-13,1.058635e-09,1.152805e+02,1.858075e+09,6.850815e-04,7.865054e-03,2.633202e-03,2.777628e-15
132,2.281821e-11,2.550321e-01,7.602329e-10,7.058723e-10,3.525792e-13,4.011061e-11,3.357693e-01,1.180295e-09,9.026141e-10,3.591752e-13,3.966341e-11,1.401257e-01,8.026386e-10,2.775402e-10,2.896055e-13,2.191568e-11,1.043063e-01,8.354851e-10,1.136547e-09,3.836956e-13,6.504434e-08,4.795304e-01,2.295582e-13,8.791730e-10,1.278393e+02,1.589301e+09,7.826643e-08,6.313873e-01,1.753387e-13,1.136586e-09,1.168290e+02,1.446167e+09,6.477948e-08,5.661044e-01,2.299802e-13,1.102070e-09,1.078480e+02,1.527133e+09,8.889954e-03,9.177429e-03,6.551281e-04,1.098145e-15
133,2.168688e-11,1.507761e-01,6.103165e-10,6.951917e-10,2.553905e-13,3.776184e-11,2.263621e-01,9.299369e-10,1.131778e-09,2.147962e-13,3.800677e-11,2.061228e-01,6.739906e-10,7.132245e-10,5.211386e-13,2.299752e-11,2.514304e-01,8.100514e-10,1.119971e-09,1.960918e-13,6.476006e-08,6.023687e-01,1.813366e-13,1.110697e-09,1.013248e+02,1.719330e+09,8.052685e-08,5.877017e-01,1.642405e-13,1.559456e-09,1.291382e+02,1.550218e+09,6.472620e-08,5.240760e-01,1.449035e-13,9.889055e-10,1.164011e+02,1.824682e+09,3.167439e-03,2.089619e-03,1.223088e-03,1.114265e-15
134,2.121807e-11,1.797022e-01,9.988194e-10,7.667691e-10,4.926951e-13,4.003044e-11,1.947281e-01,1.031189e-09,6.083431e-10,2.951701e-13,3.943224e-11,3.606937e-01,8.175804e-10,1.132487e-09,4.681928e-13,2.193092e-11,3.561145e-01,9.158392e-10,2.939933e-10,2.793684e-13,6.555473e-08,4.933204e-01,2.299992e-13,9.333096e-10,1.252409e+02,1.527215e+09,7.797868e-08,7.117102e-01,2.160466e-13,1.534104e-09,1.032628e+02,1.458305e+09,6.714963e-08,6.010522e-01,1.604755e-13,1.273313e-09,1.052937e+02,1.735771e+09,2.984379e-03,7.280870e-03,7.719482e-04,4.964243e-15
135,2.161950e-11,3.393382e-01,1.187300e-09,1.166336e-09,2.866664e-13,3.988406e-11,3.837658e-01,7.582465e-10,1.053264e-09,4.788778e-13,3.778579e-11,2.789545e-01,9.862754e-10,8.653011e-10,3.480183e-13,2.279577e-11,2.107437e-01,9.339180e-10,3.901735e-10,2.351866e-13,6.648404e-08,5.721857e-01,2.178846e-13,1.965770e-09,1.095094e+02,1.523486e+09,8.387245e-08,7.762578e-01,2.110033e-13,7.621209e-10,1.018320e+02,1.431908e+09,6.857412e-08,5.738657e-01,1.372079e-13,1.351534e-09,1.126215e+02,1.780446e+09,3.564805e-03,7.496949e-03,1.591764e-03,3.675468e-15
136,2.156939e-11,1.809178e-01,6.036397e-10,8.454138e-10,1.954381e-13,4.027656e-11,3.063745e-01,1.028216e-09,6.162999e-10,4.754786e-13,4.087784e-11,1.756658e-01,1.078835e-09,1.152797e-09,2.128636e-13,2.164331e-11,3.278668e-01,6.295752e-10,9.865906e-10,2.881124e-13,6.567837e-08,5.763863e-01,2.100970e-13,1.136827e-09,1.073940e+02,1.612601e+09,8.014286e-08,5.996657e-01,2.326106e-13,1.447063e-09,1.259583e+02,1.412328e+09,6.820415e-08,5.705616e-01,1.593513e-13,1.119218e-09,1.126625e+02,1.666189e+09,5.268064e-03,5.872733e-03,2.568486e-03,3.760952e-15
137,2.158180e-11,3.141915e-01,8.611559e-10,1.157719e-09,3.845939e-13,3.816348e-11,3.657267e-01,8.863294e-10,7.237871e-10,1.685685e-13,3.779146e-11,3.627539e-01,8.913981e-10,1.096874e-09,5.101819e-13,2.098870e-11,2.824657e-01,6.337055e-10,6.190315e-10,5.259376e-13,6.556883e-08,5.282856e-01,1.945324e-13,1.153828e-09,1.169768e+02,1.723170e+09,8.212606e-08,7.028612e-01,2.321842e-13,1.734459e-09,1.101241e+02,1.363090e+09,6.866347e-08,6.243083e-01,1.836526e-13,1.975421e-09,1.036568e+02,1.504612e+09,1.229480e-03,5.334913e-04,1.754473e-03,2.409244e-15
138,2.133314e-11,2.851515e-01,8.790832e-10,9.541252e-10,3.200667e-13,4.089001e-11,3.222507e-01,7.337108e-10,1.050696e-09,3.392845e-13,4.057388e-11,2.197211e-01,1.102921e-09,5.507974e-10,4.072178e-13,2.279066e-11,3.111416e-01,6.068623e-10,6.964891e-10,4.665708e-13,6.953009e-08,6.389566e-01,2.233922e-13,1.348573e-09,1.025587e+02,1.561834e+09,7.854049e-08,6.701730e-01,2.109204e-13,1.070222e-09,1.104531e+02,1.307635e+09,7.099050e-08,5.165513e-01,1.496271e-13,1.853418e-09,1.295263e+02,1.845740e+09,6.420510e-04,3.316996e-03,2.058546e-03,4.266790e-15
139,2.270665e-11,3.041620e-01,6.882964e-10,7.806092e-10,2.694684e-13,3.776991e-11,3.940611e-01,8.885006e-10,9.025240e-10,5.006839e-13,3.793995e-11,3.975249e-01,1.082407e-09,3.723871e-10,2.101164e-13,2.112961e-11,1.442282e-01,9.945079e-10,5.902692e-10,4.369184e-13,6.960459e-08,5.410944e-01,1.326102e-13,8.082194e-10,1.212372e+02,1.846275e+09,8.034584e-08,7.324806e-01,1.957583e-13,8.067050e-10,1.033804e+02,1.529889e+09,6.778216e-08,4.959759e-01,1.702361e-13,9.969848e-10,1.288030e+02,1.900316e+09,8.091774e-03,2.602187e-03,9.541540e-04,1.112398e-15
140,2.221352e-11,2.820132e-01,7.645162e-10,9.831462e-10,4.551118e-13,3.951922e-11,2.913236e-01,1.087921e-09,3.763858e-10,3.778208e-13,3.882925e-11,2.002100e-01,8.446529e-10,7.516618e-10,4.003277e-13,2.276671e-11,3.370444e-01,1.167076e-09,1.158225e-09,3.744432e-13,7.132717e-08,5.857029e-01,1.796610e-13,1.994187e-09,1.147754e+02,1.637749e+09,8.470120e-08,6.751987e-01,1.775957e-13,1.309355e-09,1.182304e+02,1.558305e+09,6.678910e-08,4.864551e-01,1.964457e-13,8.585380e-10,1.293999e+02,1.596228e+09,1.989436e-03,1.365489e-03,1.234010e-03,6.536295e-16
141,2.092975e-11,2.762033e-01,6.216465e-10,9.526596e-10,4.373992e-13,3.868198e-11,3.153382e-01,6.331119e-10,2.730813e-10,2.875091e-13,3.771404e-11,3.872032e-01,1.046842e-09,9.289197e-10,3.634736e-13,2.263451e-11,2.505050e-01,1.146768e-09,5.037130e-10,3.406995e-13,6.960410e-08,5.377961e-01,1.697397e-13,1.868072e-09,1.219799e+02,1.675007e+09,8.233222e-08,6.270756e-01,1.616873e-13,1.027222e-09,1.237431e+02,1.571977e+09,6.493159e-08,5.144173e-01,1.498905e-13,8.095715e-10,1.189629e+02,1.752374e+09,4.333591e-03,1.600846e-03,1.541679e-03,4.750578e-15
142,2.203041e-11,1.902250e-01,7.480543e-10,3.900789e-10,5.110091e-13,3.893194e-11,3.551053e-01,8.457852e-10,7.276498e-10,4.421167e-13,3.734399e-11,1.469587e-01,1.099434e-09,9.588141e-10,3.806642e-13,2.110537e-11,2.179907e-01,7.450730e-10,5.051453e-10,3.642088e-13,6.472764e-08,5.003333e-01,2.353910e-13,9.324078e-10,1.219275e+02,1.521928e+09,8.270581e-08,6.866397e-01,2.202168e-13,8.592369e-10,1.135215e+02,1.330116e+09,6.559244e-08,5.984583e-01,1.846272e-13,8.414642e-10,1.032978e+02,1.910143e+09,5.354429e-04,2.237661e-03,1.568710e-03,3.016121e-15
143,2.180814e-11,3.362462e-01,6.198026e-10,7.924925e-10,5.273588e-13,3.948185e-11,3.669641e-01,9.889499e-10,1.149078e-09,2.811765e-13,3.797112e-11,2.267626e-01,9.542416e-10,6.667185e-10,2.217901e-13,2.189158e-11,3.215443e-01,9.010222e-10,5.798091e-10,3.194359e-13,6.940832e-08,6.274258e-01,1.998353e-13,1.092022e-09,1.042606e+02,1.553375e+09,8.400512e-08,7.196944e-01,1.818129e-13,1.237417e-09,1.100091e+02,1.410907e+09,6.608463e-08,5.369423e-01,1.795314e-13,8.142562e-10,1.159963e+02,1.788707e+09,2.524341e-03,5.825550e-03,6.935658e-04,2.193136e-15
144,2.209655e-11,3.491098e-01,8.230347e-10,1.293043e-09,4.049934e-13,3.906435e-11,2.417722e-01,8.665868e-10,9.774910e-10,1.791057e-13,3.920776e-11,1.259704e-01,7.194822e-10,4.040559e-10,3.045195e-13,2.136005e-11,1.080958e-01,6.042726e-10,8.630013e-10,4.994560e-13,6.642186e-08,5.093344e-01,1.592475e-13,1.992500e-09,1.229077e+02,1.911985e+09,8.233711e-08,6.894872e-01,2.115906e-13,6.727056e-10,1.125487e+02,1.465870e+09,6.585001e-08,5.492731e-01,2.212340e-13,5.480495e-10,1.129897e+02,1.587031e+09,3.542555e-04,8.415748e-04,2.498418e-03,3.981409e-15
145,2.267335e-11,3.262236e-01,1.075837e-09,9.725761e-10,4.426918e-13,3.985781e-11,2.486608e-01,8.300487e-10,6.217816e-10,2.564453e-13,3.887035e-11,2.882653e-01,1.024709e-09,8.157780e-10,1.709889e-13,2.221412e-11,2.265029e-01,1.005544e-09,8.496731e-10,3.896243e-13,6.656876e-08,5.378885e-01,2.227907e-13,1.436610e-09,1.166405e+02,1.622142e+09,8.110996e-08,6.912456e-01,1.939664e-13,1.325939e-09,1.105892e+02,1.563523e+09,6.752771e-08,5.698792e-01,1.607451e-13,1.886263e-09,1.116787e+02,1.803110e+09,9.878664e-03,2.107854e-03,2.478573e-03,4.291354e-15
146,2.185404e-11,1.857539e-01,8.584438e-10,1.294087e-09,3.592696e-13,4.093563e-11,2.626087e-01,7.851731e-10,8.332928e-10,3.259625e-13,3.962942e-11,2.096489e-01,6.493604e-10,1.072791e-09,2.526160e-13,2.293812e-11,3.884042e-01,6.256419e-10,6.503152e-10,2.315435e-13,6.536659e-08,6.116888e-01,1.786193e-13,1.570245e-09,1.007155e+02,1.597724e+09,8.450892e-08,6.771025e-01,2.343216e-13,1.269289e-09,1.176303e+02,1.372228e+09,6.516146e-08,5.071022e-01,1.632268e-13,1.686202e-09,1.211062e+02,1.668244e+09,5.023209e-03,4.718445e-04,6.511764e-04,3.890066e-15
147,2.289229e-11,2.250256e-01,8.305581e-10,7.879819e-10,1.784725e-13,3.801661e-11,3.230199e-01,1.014874e-09,1.096908e-09,1.985066e-13,3.957622e-11,1.010553e-01,1.163429e-09,1.183094e-09,3.757639e-13,2.101390e-11,3.912155e-01,8.954031e-10,9.995166e-10,4.595657e-13,6.712083e-08,5.412796e-01,1.360865e-13,8.422820e-10,1.168710e+02,1.914365e+09,7.967862e-08,6.037552e-01,1.814954e-13,7.625245e-10,1.243804e+02,1.503611e+09,6.487338e-08,5.212181e-01,1.912213e-13,9.493856e-10,1.173054e+02,1.798510e+09,3.278622e-03,6.467983e-03,1.409515e-03,3.218585e-15
148,2.262161e-11,1.325851e-01,8.470768e-10,7.756008e-10,3.746918e-13,3.829052e-11,1.802740e-01,7.098456e-10,4.728218e-10,1.902670e-13,3.998658e-11,1.477154e-01,7.434127e-10,6.506704e-10,2.240213e-13,2.244926e-11,2.505305e-01,8.053437e-10,9.102977e-10,3.752068e-13,6.837082e-08,6.100460e-01,2.287111e-13,1.165195e-09,1.056281e+02,1.532845e+09,8.425019e-08,6.952008e-01,1.919968e-13,6.632589e-10,1.142173e+02,1.546240e+09,7.074977e-08,6.126850e-01,1.414370e-13,1.988114e-09,1.088326e+02,1.769367e+09,6.402603e-03,5.724295e-03,2.066212e-03,8.062197e-16
149,2.246160e-11,3.450206e-01,6.022659e-10,6.751777e-10,4.180548e-13,3.808198e-11,3.573134e-01,1.046308e-09,7.637653e-10,4.231680e-13,4.060255e-11,1.794893e-01,1.198698e-09,1.092628e-09,5.267522e-13,2.163405e-11,1.532997e-01,6.241756e-10,5.442081e-10,4.984840e-13,6.574711e-08,5.359539e-01,1.597390e-13,6.266220e-10,1.156166e+02,1.864425e+09,8.160076e-08,6.874643e-01,1.581039e-13,8.824670e-10,1.118704e+02,1.533177e+09,7.132190e-08,5.612051e-01,2.125536e-13,1.221247e-09,1.197767e+02,1.537693e+09,1.806093e-03,8.754458e-03,2.030475e-03,1.258192e-15
150,2.230564e-11,3.356565e-01,7.284247e-10,6.082811e-10,1.716603e-13,3.811802e-11,2.449605e-01,1.087542e-09,5.621082e-10,2.132958e-13,4.002412e-11,1.358936e-01,9.581776e-10,8.928812e-10,2.831530e-13,2.101119e-11,2.742406e-01,6.717406e-10,1.216866e-09,2.114282e-13,7.091387e-08,6.489032e-01,1.948784e-13,1.396673e-09,1.029965e+02,1.578088e+09,7.931149e-08,7.436755e-01,1.861951e-13,1.260775e-09,1.005134e+02,1.411670e+09,6.613865e-08,5.451265e-01,1.721415e-13,1.321977e-09,1.143482e+02,1.678323e+09,2.266789e-03,4.153383e-03,3.291522e-04,3.449249e-15
151,2.122324e-11,2.588082e-01,1.058378e-09,1.233602e-09,4.347898e-13,3.883385e-11,1.730114e-01,9.955297e-10,8.355010e-10,4.537396e-13,3.923061e-11,3.702103e-01,8.492582e-10,7.237846e-10,2.651081e-13,2.293838e-11,1.046013e-01,8.709557e-10,8.928296e-10,4.400754e-13,6.704682e-08,5.283131e-01,1.830675e-13,9.675069e-10,1.196074e+02,1.556310e+09,8.574493e-08,6.383120e-01,1.896417e-13,1.725884e-09,1.266038e+02,1.408578e+09,6.660034e-08,5.734910e-01,1.355842e-13,1.931471e-09,1.094513e+02,1.900436e+09,3.733691e-03,5.519178e-03,9.376674e-04,2.499161e-15
152,2.309610e-11,3.907358e-01,1.011800e-09,1.170205e-09,2.268870e-13,3.992287e-11,2.077598e-01,9.603474e-10,3.913021e-10,3.476934e-13,4.057201e-11,3.694742e-01,7.674842e-10,4.432650e-10,4.873023e-13,2.141772e-11,2.495528e-01,7.711934e-10,4.775106e-10,2.351427e-13,6.851135e-08,5.230537e-01,1.952393e-13,1.634269e-09,1.234490e+02,1.767914e+09,7.809555e-08,6.701819e-01,2.461995e-13,1.177941e-09,1.098259e+02,1.350236e+09,6.510537e-08,5.528970e-01,1.404844e-13,1.432884e-09,1.109798e+02,1.799529e+09,9.536666e-03,9.490384e-03,3.883069e-04,2.845402e-15
153,2.154602e-11,3.579581e-01,1.077247e-09,8.663854e-10,3.716009e-13,3.858839e-11,3.076026e-01,9.517772e-10,3.562358e-10,2.360432e-13,3.988706e-11,1.481321e-01,8.001607e-10,7.901716e-10,3.239398e-13,2.236232e-11,1.407830e-01,1.199419e-09,7.561937e-10,4.396396e-13,7.063528e-08,5.453567e-01,1.788789e-13,1.568865e-09,1.220709e+02,1.743006e+09,7.963479e-08,7.400001e-01,2.077134e-13,1.951080e-09,1.014243e+02,1.573865e+09,6.781383e-08,5.951214e-01,1.482560e-13,5.682918e-10,1.073949e+02,1.793433e+09,3.591269e-03,1.658664e-03,2.927484e-03,3.731010e-15
154,2.119925e-11,1.372988e-01,1.080098e-09,5.629831e-10,1.861329e-13,3.800593e-11,2.372930e-01,6.474556e-10,1.083093e-09,4.614950e-13,3.842291e-11,1.467466e-01,6.295280e-10,9.787050e-10,2.214270e-13,2.133693e-11,3.613135e-01,9.690916e-10,7.222594e-10,2.130578e-13,6.906674e-08,6.170647e-01,1.658452e-13,6.397926e-10,1.054895e+02,1.651300e+09,8.295683e-08,6.589819e-01,2.106954e-13,1.039587e-09,1.186451e+02,1.508804e+09,6.618948e-08,5.243792e-01,1.419642e-13,1.148747e-09,1.189638e+02,1.794081e+09,7.901667e-03,4.775964e-03,3.994681e-04,4.646434e-15
155,2.194194e-11,2.669138e-01,7.401484e-10,7.947644e-10,4.341483e-13,4.000752e-11,3.611597e-01,8.865992e-10,3.745652e-10,2.970904e-13,3.737479e-11,3.941198e-01,9.580386e-10,1.267168e-09,2.644513e-13,2.166514e-11,1.782883e-01,1.024215e-09,3.378641e-10,2.295675e-13,7.070441e-08,6.483851e-01,2.177638e-13,6.542914e-10,1.027743e+02,1.578202e+09,7.996543e-08,7.311459e-01,2.033675e-13,1.958907e-09,1.030788e+02,1.392643e+09,6.682978e-08,5.932242e-01,1.721025e-13,1.664898e-09,1.061750e+02,1.842853e+09,7.994858e-03,1.588227e-03,2.850478e-03,6.036382e-16
156,2.304683e-11,3.852358e-01,1.177824e-09,7.331302e-10,5.025792e-13,3.849857e-11,2.841937e-01,7.791949e-10,6.814221e-10,4.690017e-13,3.792942e-11,3.874400e-01,6.963941e-10,8.504906e-10,2.798117e-13,2.212314e-11,2.312322e-01,1.060505e-09,9.823505e-10,4.749879e-13,6.659550e-08,5.338369e-01,1.487357e-13,1.894753e-09,1.175730e+02,1.856544e+09,7.840273e-08,6.398331e-01,2.655854e-13,1.611424e-09,1.154877e+02,1.316342e+09,7.132877e-08,6.263714e-01,1.686541e-13,1.543150e-09,1.073258e+02,1.800387e+09,6.580242e-03,6.891336e-03,1.762712e-03,4.079900e-15
157,2.226332e-11,2.679367e-01,1.197856e-09,3.528985e-10,2.936484e-13,3.940486e-11,2.628832e-01,1.115080e-09,1.182980e-09,3.275711e-13,3.868116e-11,3.052924e-01,6.891768e-10,1.209726e-09,4.412701e-13,2.138182e-11,3.626825e-01,8.951257e-10,2.788929e-10,3.266699e-13,6.654946e-08,5.232857e-01,1.718236e-13,6.474174e-10,1.198607e+02,1.754283e+09,8.414414e-08,6.254814e-01,1.554044e-13,9.767516e-10,1.267887e+02,1.675447e+09,6.662189e-08,4.995870e-01,1.702910e-13,1.180747e-09,1.256831e+02,1.837129e+09,4.439552e-03,9.091794e-03,2.232482e-04,2.342743e-15
158,2.262545e-11,2.057488e-01,8.343522e-10,1.294552e-09,3.103970e-13,3.989587e-11,2.304699e-01,9.780924e-10,5.792598e-10,3.199042e-13,3.769944e-11,3.844457e-01,1.195516e-09,6.020827e-10,3.646371e-13,2.223000e-11,1.672862e-01,1.128317e-09,1.100324e-09,1.793307e-13,6.467645e-08,4.741500e-01,2.105567e-13,1.654261e-09,1.285587e+02,1.561903e+09,7.950348e-08,6.026799e-01,2.587798e-13,1.384007e-09,1.243285e+02,1.308644e+09,7.000748e-08,5.294440e-01,1.604784e-13,1.470753e-09,1.246222e+02,1.910155e+09,7.891154e-03,6.044292e-03,1.414825e-03,3.489110e-15
159,2.223758e-11,3.698654e-01,6.136058e-10,2.829007e-10,4.751677e-13,4.024114e-11,1.303991e-01,6.329797e-10,1.163245e-09,2.661651e-13,3.723868e-11,3.178873e-01,7.024858e-10,9.022489e-10,3.396270e-13,2.253651e-11,2.986553e-01,9.484800e-10,2.815581e-10,3.843296e-13,6.549856e-08,5.006652e-01,2.028729e-13,1.801305e-09,1.232978e+02,1.626996e+09,8.219396e-08,6.083339e-01,1.826445e-13,9.457834e-10,1.273412e+02,1.479028e+09,6.890096e-08,5.770860e-01,2.007057e-13,1.181796e-09,1.125268e+02,1.622289e+09,3.804670e-03,4.478584e-03,2.860113e-03,1.249484e-15
160,2.235483e-11,3.702515e-01,6.705559e-10,9.606296e-10,5.160780e-13,3.774917e-11,3.587461e-01,6.025481e-10,8.040314e-10,3.280968e-13,3.979320e-11,3.024834e-01,7.557016e-10,1.174726e-09,4.655509e-13,2.199236e-11,1.964414e-01,7.600686e-10,1.084141e-09,2.886278e-13,6.854438e-08,6.287610e-01,2.356351e-13,1.167605e-09,1.027442e+02,1.508346e+09,7.919417e-08,6.829470e-01,1.689957e-13,7.041976e-10,1.092892e+02,1.655662e+09,6.736350e-08,6.028223e-01,1.523807e-13,6.009534e-10,1.053189e+02,1.758881e+09,7.451700e-03,7.490995e-03,2.590779e-03,4.473435e-15
161,2.192553e-11,3.407672e-01,9.143026e-10,9.771469e-10,2.886105e-13,4.086811e-11,3.439883e-01,1.107114e-09,9.942386e-10,3.964218e-13,3.902873e-11,1.545763e-01,1.003469e-09,4.175253e-10,4.252719e-13,2.204865e-11,2.387416e-01,1.101631e-09,3.324974e-10,4.535934e-13,6.938207e-08,6.166407e-01,2.087316e-13,8.796220e-10,1.060440e+02,1.603128e+09,7.988956e-08,5.810485e-01,2.268372e-13,1.484457e-09,1.295832e+02,1.350828e+09,6.900748e-08,5.197666e-01,2.116423e-13,1.908373e-09,1.251293e+02,1.506020e+09,6.332921e-04,4.583538e-04,2.419589e-03,4.793672e-15
162,2.286426e-11,2.392906e-01,1.021640e-09,1.153309e-09,4.371077e-13,4.025382e-11,3.801336e-01,9.127147e-10,3.853410e-10,3.078298e-13,3.720724e-11,1.956540e-01,9.639135e-10,4.192595e-10,1.827152e-13,2.257308e-11,3.358963e-01,8.392968e-10,6.509381e-10,2.222489e-13,7.126196e-08,5.632163e-01,1.706561e-13,7.653238e-10,1.192487e+02,1.911774e+09,7.900922e-08,6.267448e-01,1.749731e-13,7.767173e-10,1.188114e+02,1.470162e+09,6.540544e-08,5.099171e-01,1.855827e-13,1.014492e-09,1.208886e+02,1.864883e+09,7.555395e-03,2.585774e-03,1.959200e-03,4.584251e-15
163,2.140150e-11,3.839162e-01,6.991367e-10,1.148087e-09,3.298063e-13,3.888710e-11,2.905796e-01,6.785641e-10,4.747161e-10,3.635810e-13,3.750065e-11,1.444038e-01,8.026106e-10,1.072430e-09,2.367135e-13,2.273802e-11,2.673892e-01,1.160212e-09,1.038317e-09,3.973873e-13,6.786568e-08,6.290302e-01,1.689707e-13,1.398601e-09,1.016833e+02,1.640914e+09,8.091620e-08,6.858392e-01,1.522012e-13,1.149372e-09,1.111947e+02,1.570649e+09,6.868224e-08,5.350526e-01,1.365154e-13,1.989247e-09,1.209815e+02,1.804836e+09,5.098121e-03,1.113802e-03,2.958983e-03,1.399996e-15
164,2.308526e-11,2.673968e-01,7.772064e-10,6.566418e-10,1.692706e-13,3.922027e-11,2.748828e-01,9.210697e-10,1.137189e-09,2.009361e-13,4.090426e-11,2.312233e-01,7.976868e-10,8.491427e-10,3.166644e-13,2.221089e-11,1.550616e-01,9.039293e-10,1.208114e-09,3.675746e-13,6.616069e-08,6.233093e-01,1.733515e-13,1.246442e-09,1.000386e+02,1.680279e+09,8.262072e-08,6.235856e-01,1.467631e-13,1.736112e-09,1.248717e+02,1.614377e+09,7.088419e-08,5.414776e-01,1.757203e-13,1.456391e-09,1.233786e+02,1.824572e+09,4.024065e-03,2.964218e-03,4.148705e-04,4.355074e-15
165,2.111255e-11,1.968092e-01,6.366109e-10,7.405408e-10,4.211302e-13,3.848379e-11,3.704572e-01,1.185106e-09,1.259431e-09,5.115410e-13,3.752130e-11,1.849019e-01,8.346253e-10,9.709892e-10,2.308905e-13,2.298974e-11,2.642095e-01,8.579538e-10,4.062426e-10,3.082687e-13,6.688228e-08,5.158036e-01,1.899907e-13,7.219123e-10,1.222075e+02,1.670137e+09,7.889629e-08,5.768334e-01,1.728270e-13,1.916441e-09,1.289072e+02,1.538981e+09,6.854501e-08,5.032381e-01,1.354590e-13,1.323517e-09,1.283729e+02,1.915606e+09,4.979293e-04,6.195298e-03,2.842272e-03,5.373533e-16
166,2.246419e-11,3.180656e-01,1.115986e-09,6.433249e-10,2.329564e-13,3.856998e-11,2.200995e-01,8.551571e-10,1.240449e-09,4.230226e-13,3.889436e-11,2.630711e-01,7.134672e-10,4.728479e-10,3.138966e-13,2.251927e-11,3.628908e-01,6.513575e-10,3.307926e-10,1.708874e-13,6.505673e-08,5.918846e-01,1.979932e-13,1.961630e-09,1.035920e+02,1.514485e+09,8.355882e-08,6.716627e-01,1.604913e-13,1.426185e-09,1.172498e+02,1.617587e+09,6.791292e-08,5.501927e-01,1.635746e-13,1.692022e-09,1.163345e+02,1.788914e+09,3.606824e-03,9.178940e-04,2.471112e-03,6.870755e-16
167,2.184702e-11,2.129315e-01,6.167332e-10,1.073529e-09,2.073418e-13,3.720801e-11,3.342445e-01,7.105279e-10,1.000495e-09,1.937591e-13,4.034289e-11,3.901211e-01,8.740620e-10,7.749189e-10,2.350211e-13,2.193901e-11,3.166786e-01,6.511365e-10,1.237004e-09,4.065515e-13,6.600858e-08,6.000185e-01,1.605610e-13,5.696189e-10,1.036828e+02,1.885240e+09,7.863449e-08,6.407808e-01,1.855705e-13,1.431996e-09,1.156577e+02,1.497185e+09,6.575136e-08,5.826773e-01,1.699512e-13,1.485549e-09,1.063525e+02,1.788887e+09,1.978413e-03,1.651577e-03,6.222351e-04,3.396535e-15
168,2.271789e-11,1.550080e-01,7.072395e-10,8.834273e-10,4.733003e-13,3.978362e-11,1.711727e-01,6.991218e-10,1.057521e-09,4.979774e-13,3.882152e-11,2.955192e-01,6.976657e-10,5.799429e-10,3.617164e-13,2.296097e-11,1.948503e-01,6.809469e-10,1.230546e-09,2.205756e-13,7.019694e-08,6.302882e-01,1.553056e-13,1.452801e-09,1.049664e+02,1.911205e+09,8.586425e-08,6.292114e-01,1.965428e-13,1.700267e-09,1.286136e+02,1.556794e+09,7.051611e-08,6.517375e-01,2.138802e-13,1.735602e-09,1.019734e+02,1.571161e+09,2.128723e-03,1.273072e-03,2.320540e-03,2.559594e-15
169,2.177295e-11,3.787051e-01,1.032918e-09,4.859603e-10,4.034893e-13,3.919075e-11,1.002969e-01,1.008533e-09,1.108702e-09,4.466199e-13,4.092959e-11,2.843981e-01,9.813066e-10,1.246065e-09,5.220790e-13,2.153940e-11,2.378839e-01,6.219057e-10,9.445879e-10,3.334235e-13,6.597695e-08,4.837920e-01,1.473160e-13,8.930085e-10,1.285301e+02,1.813470e+09,8.497770e-08,7.593979e-01,1.863427e-13,1.290612e-09,1.054646e+02,1.378095e+09,6.947450e-08,6.207733e-01,1.423465e-13,9.593889e-10,1.054784e+02,1.775109e+09,1.225557e-03,8.797308e-04,1.266518e-03,1.886834e-15
170,2.095650e-11,2.774687e-01,8.904548e-10,3.021573e-10,1.916897e-13,4.017755e-11,1.673513e-01,1.090412e-09,8.779145e-10,4.331978e-13,3.815578e-11,2.887957e-01,1.170300e-09,5.850636e-10,4.738759e-13,2.289735e-11,3.087660e-01,8.278378e-10,5.343514e-10,5.086046e-13,6.580192e-08,5.475691e-01,2.222594e-13,5.226023e-10,1.132585e+02,1.536954e+09,8.103609e-08,6.038004e-01,1.665599e-13,6.031282e-10,1.264900e+02,1.614280e+09,7.138441e-08,5.679537e-01,1.852070e-13,5.773187e-10,1.184572e+02,1.741280e+09,6.054951e-03,7.057954e-03,1.006333e-03,4.517978e-15
171,2.174125e-11,2.379874e-01,7.047678e-10,5.881671e-10,2.588798e-13,4.080929e-11,3.072762e-01,1.076870e-09,4.521545e-10,2.649290e-13,3.795382e-11,3.681447e-01,1.069176e-09,9.118088e-10,5.052468e-13,2.108453e-11,2.289753e-01,1.164799e-09,3.987045e-10,2.242550e-13,6.480509e-08,5.347531e-01,1.714052e-13,1.923828e-09,1.142160e+02,1.839364e+09,7.981730e-08,6.336039e-01,1.877893e-13,1.488156e-09,1.187272e+02,1.407757e+09,6.772784e-08,6.018911e-01,2.180345e-13,7.124103e-10,1.060524e+02,1.589459e+09,2.788430e-03,5.081734e-03,6.031878e-04,3.930760e-15
172,2.250850e-11,3.130476e-01,6.266295e-10,1.255299e-09,1.760193e-13,3.758787e-11,2.696137e-01,9.481706e-10,3.419704e-10,4.276620e-13,4.037280e-11,1.009059e-01,6.647330e-10,5.233261e-10,3.317795e-13,2.257264e-11,2.216177e-01,7.249156e-10,1.004875e-09,2.352029e-13,6.639927e-08,5.286113e-01,1.555229e-13,1.299443e-09,1.183854e+02,1.680445e+09,8.059275e-08,6.442957e-01,2.074596e-13,1.188403e-09,1.178913e+02,1.463586e+09,7.125470e-08,6.456435e-01,1.954056e-13,8.032729e-10,1.040140e+02,1.614127e+09,7.893213e-03,1.351542e-03,3.753212e-04,3.270194e-15
173,2.267124e-11,3.881596e-01,1.103917e-09,6.787590e-10,5.155265e-13,3.976424e-11,2.783291e-01,1.032529e-09,1.280615e-09,3.307691e-13,3.717979e-11,2.181252e-01,6.472181e-10,8.947240e-10,3.562786e-13,2.163781e-11,2.664529e-01,9.661761e-10,9.826767e-10,3.981306e-13,6.827019e-08,5.092369e-01,2.155370e-13,1.129570e-09,1.263521e+02,1.637324e+09,8.483018e-08,6.197937e-01,2.398567e-13,1.198870e-09,1.289954e+02,1.304728e+09,6.925501e-08,5.144832e-01,2.022794e-13,1.020692e-09,1.268677e+02,1.620140e+09,5.714530e-03,7.334785e-04,2.438529e-03,3.973906e-15
174,2.246293e-11,2.588525e-01,1.085527e-09,8.543616e-10,2.712445e-13,3.890580e-11,3.852945e-01,6.809997e-10,3.148838e-10,4.214114e-13,3.804912e-11,1.082756e-01,6.027492e-10,2.896615e-10,4.783294e-13,2.292225e-11,1.762751e-01,6.885899e-10,7.168361e-10,5.295100e-13,6.573598e-08,4.939529e-01,2.324539e-13,1.606927e-09,1.254263e+02,1.515847e+09,7.998787e-08,6.465868e-01,1.787263e-13,1.775031e-09,1.165919e+02,1.484334e+09,6.836170e-08,6.415166e-01,2.290557e-13,1.624477e-09,1.004329e+02,1.522150e+09,1.938457e-03,5.420637e-03,2.006349e-03,1.590392e-15
175,2.289378e-11,3.321324e-01,6.460043e-10,6.311100e-10,2.172512e-13,3.960161e-11,3.061813e-01,6.437742e-10,9.351197e-10,3.624640e-13,4.090585e-11,3.667333e-01,6.089981e-10,3.646461e-10,5.279632e-13,2.132639e-11,3.222923e-01,6.179231e-10,6.972087e-10,5.074782e-13,6.757568e-08,5.373877e-01,1.735385e-13,1.984984e-09,1.185151e+02,1.670728e+09,8.045510e-08,6.308273e-01,1.788036e-13,1.036546e-09,1.202027e+02,1.630062e+09,6.563553e-08,6.027643e-01,1.920316e-13,9.897424e-10,1.026272e+02,1.679088e+09,1.148287e-03,7.837246e-03,3.151669e-04,4.171383e-15
176,2.134553e-11,2.582405e-01,1.044755e-09,1.075842e-09,4.872835e-13,4.082474e-11,2.003040e-01,1.094542e-09,1.245691e-09,3.558928e-13,3.815259e-11,2.496952e-01,1.108073e-09,9.538960e-10,1.894763e-13,2.133544e-11,3.031490e-01,1.199073e-09,3.156173e-10,3.119951e-13,6.717014e-08,5.327164e-01,2.381583e-13,1.516927e-09,1.188369e+02,1.538637e+09,7.854866e-08,6.471558e-01,1.712545e-13,7.548357e-10,1.143934e+02,1.634521e+09,6.740739e-08,6.242486e-01,1.910727e-13,1.586899e-09,1.017703e+02,1.664748e+09,9.674675e-04,5.212632e-03,1.815504e-03,1.421985e-15
177,2.093415e-11,1.060664e-01,9.988269e-10,1.270358e-09,3.585098e-13,3.720150e-11,2.870907e-01,6.302585e-10,5.607426e-10,2.609428e-13,3.841190e-11,2.267983e-01,1.027758e-09,6.900816e-10,1.997977e-13,2.112231e-11,1.335355e-01,6.912399e-10,1.271031e-09,2.092174e-13,6.476101e-08,6.084923e-01,2.065516e-13,1.914188e-09,1.003066e+02,1.617162e+09,7.851909e-08,7.237722e-01,2.002779e-13,1.307775e-09,1.022456e+02,1.585536e+09,6.960975e-08,6.170989e-01,2.005078e-13,1.001732e-09,1.063130e+02,1.528853e+09,3.090329e-03,2.588246e-03,1.210893e-03,2.066356e-15
178,2.211803e-11,2.507039e-01,1.023123e-09,1.192617e-09,4.584487e-13,3.825997e-11,2.367242e-01,7.388972e-10,3.941593e-10,1.966319e-13,4.092000e-11,2.832599e-01,8.188098e-10,1.027110e-09,4.240472e-13,2.115687e-11,2.157256e-01,1.184866e-09,3.094643e-10,4.863513e-13,6.469363e-08,5.207103e-01,1.655830e-13,1.413746e-09,1.170945e+02,1.798967e+09,7.851893e-08,6.516964e-01,2.518999e-13,1.667523e-09,1.135534e+02,1.321121e+09,6.860375e-08,6.046648e-01,2.153327e-13,6.800394e-10,1.069312e+02,1.631607e+09,7.699493e-03,9.585932e-03,2.984440e-03,4.432098e-15
179,2.207414e-11,3.285661e-01,1.139532e-09,4.082822e-10,2.975886e-13,3.731691e-11,3.576890e-01,1.035018e-09,6.445402e-10,5.111177e-13,3.737868e-11,2.735108e-01,9.242642e-10,9.214057e-10,2.071875e-13,2.189192e-11,1.305637e-01,1.189177e-09,8.235489e-10,4.110978e-13,6.641316e-08,5.939293e-01,1.870209e-13,1.441175e-09,1.053878e+02,1.825923e+09,7.939562e-08,6.047215e-01,2.055815e-13,9.467107e-10,1.237406e+02,1.493406e+09,6.968563e-08,6.149735e-01,1.491281e-13,1.064722e-09,1.067967e+02,1.921932e+09,7.773390e-03,5.874417e-03,5.521370e-04,1.598345e-15
180,2.254103e-11,3.276722e-01,1.059450e-09,3.002749e-10,1.761465e-13,3.975837e-11,3.015729e-01,7.884272e-10,1.253265e-09,1.984843e-13,3.790606e-11,2.328979e-01,8.502518e-10,9.164084e-10,3.370642e-13,2.108184e-11,3.282970e-01,9.001970e-10,8.809315e-10,2.145152e-13,6.880961e-08,5.825909e-01,1.446062e-13,1.361992e-09,1.113157e+02,1.872746e+09,8.299246e-08,7.493104e-01,2.051174e-13,1.976816e-09,1.043874e+02,1.501351e+09,6.535477e-08,4.926810e-01,1.830973e-13,5.961640e-10,1.250209e+02,1.850323e+09,2.947149e-03,2.785825e-04,9.767719e-04,2.753981e-15
181,2.106921e-11,3.835870e-01,1.004902e-09,6.049538e-10,2.145321e-13,4.093498e-11,3.340353e-01,7.029823e-10,4.564538e-10,2.022561e-13,3.858207e-11,3.548942e-01,6.483048e-10,1.042763e-09,3.001129e-13,2.259950e-11,3.311611e-01,9.849227e-10,1.185800e-09,1.790061e-13,6.610731e-08,6.124167e-01,2.049062e-13,1.456951e-09,1.017358e+02,1.680296e+09,8.302604e-08,6.372405e-01,1.773623e-13,1.748111e-09,1.227954e+02,1.609307e+09,6.533785e-08,4.966634e-01,1.862377e-13,1.212597e-09,1.239863e+02,1.800560e+09,2.916544e-03,3.406148e-03,1.698113e-03,1.418484e-15
182,2.247694e-11,3.568004e-01,6.111575e-10,9.966006e-10,3.462628e-13,4.010931e-11,1.061983e-01,9.560232e-10,8.555510e-10,4.258480e-13,4.006722e-11,3.073489e-01,1.180838e-09,9.785470e-10,2.775382e-13,2.277209e-11,3.762945e-01,8.497535e-10,1.005507e-09,2.599213e-13,6.836882e-08,5.807370e-01,1.646549e-13,5.689801e-10,1.109557e+02,1.619141e+09,7.956462e-08,6.714616e-01,1.766293e-13,1.137223e-09,1.116786e+02,1.515330e+09,6.831867e-08,5.635528e-01,1.798349e-13,1.473176e-09,1.142552e+02,1.766645e+09,6.461259e-03,3.401365e-04,2.757980e-03,1.377135e-15
183,2.300702e-11,3.506141e-01,7.101746e-10,1.224848e-09,3.548330e-13,3.738953e-11,1.661674e-01,7.737118e-10,4.140283e-10,3.829249e-13,3.983815e-11,1.335796e-01,9.759698e-10,8.816661e-10,3.269936e-13,2.157076e-11,2.969475e-01,1.052763e-09,8.145241e-10,4.528823e-13,6.600766e-08,5.495335e-01,1.888040e-13,5.265226e-10,1.132065e+02,1.872879e+09,8.369388e-08,7.502587e-01,2.021752e-13,1.918676e-09,1.051366e+02,1.478717e+09,6.923668e-08,5.952043e-01,1.664133e-13,1.972694e-09,1.096330e+02,1.652266e+09,3.069493e-03,2.791925e-03,2.417718e-03,4.925933e-15
184,2.157431e-11,3.032601e-01,7.631436e-10,6.601712e-10,4.646322e-13,3.800592e-11,2.447432e-01,9.980073e-10,2.946014e-10,4.026968e-13,3.949358e-11,1.176279e-01,9.807238e-10,5.012780e-10,4.009593e-13,2.193900e-11,2.626274e-01,1.164640e-09,2.871906e-10,2.451060e-13,7.077431e-08,6.028314e-01,1.603625e-13,1.369516e-09,1.106499e+02,1.707634e+09,8.147469e-08,6.428901e-01,1.739544e-13,8.910843e-10,1.194420e+02,1.564648e+09,6.533782e-08,6.131353e-01,1.277134e-13,1.809132e-09,1.004337e+02,1.899855e+09,4.371064e-03,1.235320e-03,1.272712e-03,6.631591e-16
185,2.134288e-11,3.772688e-01,1.177729e-09,9.376605e-10,2.499554e-13,4.062591e-11,2.837359e-01,1.117416e-09,1.023436e-09,2.094191e-13,3.911371e-11,3.692191e-01,7.851773e-10,8.062519e-10,4.737450e-13,2.298432e-11,2.005888e-01,1.074781e-09,5.216766e-10,3.053974e-13,6.545951e-08,5.085534e-01,2.144991e-13,1.052901e-09,1.213130e+02,1.508798e+09,8.511500e-08,7.811616e-01,1.714972e-13,1.629335e-09,1.026919e+02,1.612853e+09,6.869828e-08,6.293634e-01,1.452544e-13,1.279370e-09,1.028763e+02,1.806090e+09,7.027499e-03,7.867622e-03,3.343731e-04,1.110145e-15
186,2.273494e-11,1.504686e-01,7.361083e-10,1.252498e-09,4.853283e-13,3.767503e-11,3.276054e-01,7.824608e-10,1.282994e-09,2.343081e-13,3.949219e-11,3.360623e-01,1.180650e-09,7.377487e-10,1.743196e-13,2.116270e-11,3.457275e-01,8.741118e-10,1.162414e-09,3.882110e-13,7.059485e-08,6.409640e-01,1.761315e-13,1.047975e-09,1.038031e+02,1.741119e+09,8.021104e-08,7.041426e-01,1.951810e-13,1.483436e-09,1.073605e+02,1.603661e+09,6.904985e-08,5.113490e-01,2.044786e-13,9.186147e-10,1.272672e+02,1.661958e+09,2.912405e-03,7.375893e-03,1.648935e-03,8.542089e-16
187,2.245671e-11,2.018921e-01,9.013617e-10,1.251568e-09,4.585621e-13,3.832366e-11,2.673639e-01,8.635294e-10,9.326893e-10,4.092502e-13,4.046850e-11,1.808853e-01,1.083740e-09,9.912512e-10,4.553135e-13,2.294023e-11,3.293654e-01,1.041745e-09,3.531491e-10,5.026401e-13,6.504191e-08,5.253172e-01,1.436446e-13,1.619159e-09,1.166925e+02,1.778066e+09,7.857733e-08,6.143677e-01,2.562472e-13,1.866067e-09,1.205424e+02,1.335738e+09,6.720008e-08,5.956606e-01,1.953615e-13,1.088581e-09,1.063266e+02,1.595140e+09,1.984076e-03,5.424989e-03,4.264502e-04,1.118297e-15
188,2.283164e-11,1.115333e-01,8.079017e-10,1.087296e-09,5.045884e-13,3.958530e-11,2.454777e-01,6.637856e-10,5.290986e-10,2.528827e-13,4.015763e-11,1.445435e-01,9.542078e-10,8.357698e-10,2.886056e-13,2.200658e-11,2.767263e-01,9.326803e-10,8.569565e-10,3.708919e-13,6.984868e-08,5.647344e-01,1.788542e-13,9.740692e-10,1.165695e+02,1.801285e+09,8.148195e-08,7.620317e-01,2.310534e-13,1.761191e-09,1.007766e+02,1.376525e+09,7.091329e-08,5.591733e-01,1.815247e-13,1.931392e-09,1.195232e+02,1.856835e+09,7.652539e-03,1.807211e-03,1.553006e-03,2.191464e-15
189,2.253682e-11,3.840764e-01,1.047903e-09,6.650392e-10,3.271197e-13,3.822559e-11,2.953511e-01,6.724681e-10,4.292956e-10,2.082531e-13,4.077818e-11,2.807538e-01,1.038514e-09,4.613801e-10,1.921711e-13,2.131057e-11,2.451043e-01,8.269479e-10,1.037064e-09,2.528675e-13,6.784290e-08,5.087561e-01,1.818247e-13,5.659903e-10,1.256799e+02,1.784889e+09,7.924049e-08,7.165965e-01,1.378550e-13,1.094789e-09,1.042182e+02,1.650248e+09,6.882858e-08,5.879663e-01,1.563518e-13,1.295132e-09,1.103284e+02,1.805684e+09,6.513651e-03,5.446552e-03,1.903746e-03,1.345396e-15
190,2.188825e-11,2.050249e-01,7.586452e-10,3.628241e-10,4.958153e-13,4.050924e-11,3.384263e-01,9.701477e-10,1.231259e-09,3.045503e-13,3.752485e-11,3.828166e-01,8.794861e-10,1.069991e-09,4.992702e-13,2.243652e-11,2.758597e-01,6.616703e-10,6.190749e-10,3.655551e-13,6.970187e-08,6.487627e-01,1.664762e-13,1.913546e-09,1.012581e+02,1.946765e+09,8.417530e-08,7.092130e-01,1.898418e-13,6.331845e-10,1.118611e+02,1.352861e+09,6.743945e-08,5.837959e-01,1.692069e-13,9.411461e-10,1.088740e+02,1.916546e+09,1.767185e-03,7.740739e-03,1.919507e-03,3.768000e-15
191,2.107236e-11,1.030824e-01,7.076875e-10,7.367291e-10,1.702174e-13,3.862576e-11,1.033805e-01,9.679188e-10,1.282789e-09,2.575666e-13,3.858812e-11,2.330650e-01,8.657647e-10,6.242845e-10,5.045435e-13,2.227337e-11,1.581360e-01,1.048901e-09,9.806964e-10,3.312975e-13,6.552567e-08,5.345037e-01,1.958818e-13,1.238099e-09,1.155399e+02,1.773540e+09,8.177050e-08,6.116216e-01,1.876597e-13,1.877919e-09,1.260042e+02,1.487780e+09,6.528507e-08,4.914248e-01,1.712774e-13,1.172747e-09,1.252068e+02,1.912002e+09,5.938372e-03,3.238649e-03,4.851402e-04,3.558940e-15
192,2.210275e-11,2.871959e-01,7.626732e-10,1.174123e-09,3.537893e-13,3.863209e-11,2.340752e-01,1.174388e-09,6.607256e-10,3.887809e-13,4.013175e-11,2.832306e-01,8.174520e-10,1.039252e-09,3.281551e-13,2.198630e-11,2.827473e-01,7.475494e-10,1.007288e-09,4.179886e-13,7.050644e-08,5.718174e-01,1.956257e-13,9.536239e-10,1.162098e+02,1.549412e+09,8.092774e-08,6.490354e-01,2.319669e-13,1.517770e-09,1.175169e+02,1.305597e+09,6.854444e-08,5.887142e-01,1.993040e-13,1.276116e-09,1.097334e+02,1.759133e+09,8.797925e-03,2.255583e-03,2.446394e-03,3.741916e-15
193,2.223174e-11,2.507700e-01,7.584698e-10,1.217640e-09,4.934953e-13,3.930016e-11,1.806809e-01,1.167788e-09,1.258377e-09,4.338576e-13,4.034008e-11,2.729906e-01,1.116172e-09,7.680311e-10,3.452027e-13,2.202610e-11,1.383565e-01,1.086056e-09,6.978477e-10,2.134633e-13,6.990764e-08,6.331570e-01,1.785015e-13,1.881685e-09,1.040601e+02,1.790604e+09,8.533804e-08,6.267713e-01,1.667042e-13,1.233678e-09,1.283231e+02,1.465188e+09,6.639207e-08,5.633601e-01,1.687546e-13,1.722651e-09,1.110711e+02,1.842241e+09,2.960493e-03,2.319344e-03,9.942779e-04,3.920832e-15
194,2.273495e-11,2.226697e-01,1.030772e-09,5.997270e-10,4.268855e-13,3.977275e-11,1.023946e-01,9.335127e-10,4.706045e-10,4.743894e-13,3.956999e-11,3.703499e-01,6.046647e-10,5.452077e-10,5.134635e-13,2.206867e-11,2.473891e-01,9.153148e-10,7.195377e-10,3.477538e-13,7.038575e-08,6.509016e-01,1.540827e-13,9.876172e-10,1.019156e+02,1.712691e+09,7.846940e-08,5.738620e-01,1.885245e-13,6.991957e-10,1.288736e+02,1.665750e+09,6.620161e-08,4.810093e-01,1.508811e-13,8.780704e-10,1.297138e+02,1.770909e+09,3.309099e-03,4.820361e-03,2.975186e-03,4.973668e-15
195,2.137103e-11,1.718299e-01,7.666818e-10,3.906747e-10,3.710579e-13,3.892654e-11,1.686982e-01,8.650269e-10,9.170319e-10,3.482668e-13,3.828800e-11,2.088490e-01,8.224167e-10,1.272800e-09,3.124823e-13,2.191595e-11,2.530522e-01,8.225300e-10,1.026638e-09,3.898521e-13,6.560318e-08,5.315871e-01,1.836196e-13,5.235950e-10,1.163112e+02,1.679118e+09,8.429208e-08,6.844837e-01,1.404659e-13,1.681311e-09,1.160633e+02,1.586666e+09,7.075499e-08,6.157259e-01,2.028280e-13,1.727126e-09,1.083031e+02,1.666909e+09,6.154114e-03,3.133855e-03,1.559271e-03,2.505260e-15
196,2.250850e-11,1.375195e-01,6.980956e-10,9.834210e-10,3.376009e-13,3.800944e-11,2.524745e-01,8.913210e-10,7.443921e-10,4.511338e-13,3.844593e-11,3.922927e-01,1.199248e-09,9.841580e-10,1.899939e-13,2.296076e-11,2.498674e-01,6.208471e-10,8.689339e-10,4.898130e-13,7.041682e-08,5.938702e-01,1.987128e-13,1.144307e-09,1.117522e+02,1.625991e+09,8.346285e-08,7.395365e-01,1.941210e-13,1.812750e-09,1.063665e+02,1.594004e+09,6.684412e-08,6.270581e-01,1.794288e-13,1.942268e-09,1.004677e+02,1.880440e+09,2.965401e-03,4.062887e-03,1.674151e-03,2.189752e-15
197,2.178474e-11,1.896381e-01,1.102090e-09,9.850306e-10,4.004262e-13,3.944566e-11,2.974497e-01,7.523211e-10,1.242846e-09,3.117368e-13,4.007879e-11,2.582190e-01,6.391871e-10,4.279822e-10,4.289055e-13,2.112087e-11,1.799473e-01,1.103831e-09,6.184588e-10,4.439945e-13,6.688322e-08,6.283218e-01,1.461899e-13,1.895315e-09,1.003243e+02,1.803952e+09,7.971024e-08,6.031174e-01,1.935226e-13,1.736651e-09,1.245614e+02,1.663046e+09,6.742020e-08,6.209244e-01,1.867156e-13,6.020656e-10,1.023346e+02,1.534654e+09,5.396154e-03,4.947597e-03,1.787870e-04,2.672420e-15
198,2.179068e-11,2.113701e-01,8.701376e-10,3.118914e-10,5.148598e-13,3.734119e-11,1.750042e-01,8.785413e-10,9.789456e-10,4.329758e-13,3.779235e-11,1.748785e-01,1.148094e-09,3.287274e-10,5.043743e-13,2.197033e-11,1.742425e-01,6.575194e-10,9.364703e-10,3.690144e-13,7.055819e-08,5.599797e-01,1.962646e-13,5.439767e-10,1.187535e+02,1.652177e+09,7.828016e-08,7.081596e-01,2.165464e-13,1.759715e-09,1.041818e+02,1.518479e+09,6.762740e-08,5.413804e-01,1.397424e-13,1.061354e-09,1.177311e+02,1.895320e+09,9.412637e-03,6.417403e-03,1.797701e-03,4.074970e-15
199,2.245965e-11,3.217075e-01,9.723715e-10,1.284050e-09,4.351324e-13,3.871248e-11,1.810620e-01,8.127733e-10,3.578573e-10,4.871210e-13,3.795771e-11,3.440920e-01,8.183394e-10,1.227203e-09,4.283280e-13,2.277790e-11,1.789802e-01,1.108309e-09,7.895981e-10,1.817623e-13,6.710557e-08,5.134546e-01,1.919744e-13,1.525498e-09,1.231765e+02,1.765866e+09,8.069084e-08,6.454801e-01,1.493018e-13,9.447420e-10,1.178182e+02,1.628143e+09,6.861734e-08,5.968217e-01,1.624997e-13,5.726957e-10,1.083579e+02,1.796670e+09,6.450736e-03,3.764992e-03,1.286534e-04,4.185334e-15
200,2.307190e-11,1.169185e-01,6.341388e-10,1.131580e-09,4.380243e-13,4.050958e-11,1.785915e-01,1.064793e-09,8.825846e-10,1.757666e-13,3.740456e-11,2.512255e-01,7.946879e-10,3.786583e-10,4.301200e-13,2.159225e-11,1.148582e-01,1.130080e-09,9.935556e-10,2.503301e-13,6.966885e-08,5.225219e-01,1.554255e-13,1.691289e-09,1.256624e+02,1.880047e+09,8.139043e-08,6.909631e-01,1.901436e-13,1.105629e-09,1.110170e+02,1.451364e+09,7.073245e-08,6.165366e-01,1.609593e-13,1.260455e-09,1.081262e+02,1.700458e+09,5.184262e-03,2.973857e-04,1.263159e-04,3.797286e-15
201,2.264493e-11,2.302874e-01,7.866404e-10,7.370522e-10,3.608092e-13,3.937910e-11,3.605902e-01,6.447502e-10,8.969040e-10,2.811898e-13,3.735396e-11,3.255605e-01,6.976703e-10,1.149689e-09,2.420027e-13,2.214843e-11,2.346695e-01,7.817944e-10,1.004445e-09,1.819516e-13,7.010626e-08,5.999582e-01,1.446383e-13,1.819526e-09,1.101303e+02,1.780475e+09,8.013399e-08,6.027664e-01,2.140087e-13,6.063609e-10,1.252965e+02,1.310175e+09,6.961474e-08,5.756007e-01,1.991128e-13,8.866488e-10,1.139859e+02,1.617515e+09,4.947952e-03,6.974131e-03,6.814696e-04,4.629850e-15
202,2.151516e-11,3.892655e-01,8.804142e-10,4.155928e-10,3.461608e-13,3.725164e-11,2.585062e-01,6.711656e-10,9.879200e-10,2.657794e-13,4.053795e-11,1.823424e-01,9.521478e-10,1.157149e-09,4.292460e-13,2.255778e-11,1.519525e-01,1.148629e-09,7.231046e-10,2.179452e-13,6.824043e-08,5.461095e-01,1.447405e-13,1.001668e-09,1.177696e+02,1.749329e+09,8.504668e-08,6.670025e-01,2.208762e-13,1.826459e-09,1.201714e+02,1.402955e+09,6.550069e-08,5.266667e-01,1.441481e-13,7.708519e-10,1.172144e+02,1.792059e+09,8.127447e-04,8.323866e-03,2.716303e-03,3.368146e-15
203,2.170423e-11,3.939927e-01,7.515224e-10,9.850889e-10,4.816290e-13,3.909193e-11,1.166569e-01,7.992117e-10,2.846202e-10,2.687420e-13,4.069327e-11,3.991902e-01,6.655953e-10,9.882781e-10,2.348239e-13,2.119034e-11,3.852934e-01,7.696648e-10,1.263488e-09,4.504060e-13,6.934036e-08,5.579150e-01,1.904143e-13,1.870398e-09,1.171357e+02,1.658067e+09,8.597929e-08,6.482553e-01,1.610552e-13,7.833952e-10,1.250025e+02,1.489296e+09,6.666074e-08,6.048193e-01,1.571456e-13,1.500799e-09,1.038761e+02,1.865271e+09,8.818568e-03,5.923035e-03,6.242415e-04,3.158399e-15
204,2.169628e-11,3.888851e-01,9.661164e-10,4.880559e-10,4.499702e-13,3.739949e-11,1.588407e-01,6.552869e-10,3.158015e-10,4.906277e-13,3.926412e-11,3.684103e-01,7.455508e-10,7.301733e-10,4.954968e-13,2.120320e-11,2.956549e-01,8.559519e-10,3.363717e-10,3.672320e-13,6.888190e-08,5.869246e-01,1.907549e-13,9.643395e-10,1.106099e+02,1.628000e+09,8.344821e-08,6.988408e-01,2.057564e-13,1.449201e-09,1.125408e+02,1.494799e+09,6.832947e-08,5.513095e-01,1.364452e-13,1.419151e-09,1.168110e+02,1.787642e+09,9.799233e-03,9.561571e-03,1.392816e-03,2.568439e-15
205,2.242684e-11,3.726624e-01,9.453092e-10,6.873085e-10,4.606519e-13,3.837768e-11,2.862779e-01,9.251603e-10,9.515772e-10,4.977821e-13,3.724757e-11,3.120245e-01,9.145692e-10,4.189572e-10,1.913019e-13,2.238197e-11,3.692540e-01,6.889900e-10,5.233649e-10,3.496614e-13,6.927741e-08,5.827809e-01,1.423060e-13,1.361417e-09,1.120360e+02,1.761943e+09,8.009205e-08,6.064142e-01,2.298308e-13,5.944559e-10,1.244776e+02,1.448393e+09,6.704899e-08,5.018171e-01,2.417871e-13,7.303049e-10,1.259267e+02,1.519894e+09,5.519524e-03,9.663083e-03,1.373329e-03,1.755127e-15
206,2.115000e-11,3.526331e-01,6.237292e-10,1.047988e-09,1.940982e-13,4.047139e-11,2.276611e-01,6.437245e-10,8.000840e-10,2.391620e-13,3.936954e-11,1.164403e-01,1.042819e-09,9.395207e-10,2.572981e-13,2.231944e-11,2.004140e-01,7.367858e-10,4.671045e-10,5.117038e-13,6.513385e-08,6.003254e-01,2.192191e-13,1.716961e-09,1.022565e+02,1.643938e+09,7.792944e-08,6.764073e-01,1.658486e-13,9.811657e-10,1.085836e+02,1.529247e+09,6.567844e-08,5.648827e-01,1.927060e-13,6.518079e-10,1.095811e+02,1.703595e+09,1.282638e-03,6.084240e-03,1.875377e-03,1.556059e-15
207,2.099268e-11,3.022249e-01,1.081907e-09,9.511677e-10,3.800861e-13,3.777766e-11,2.441740e-01,8.719679e-10,4.964927e-10,4.031939e-13,3.858185e-11,2.364133e-01,9.854736e-10,7.207524e-10,4.114724e-13,2.113830e-11,3.578634e-01,1.045220e-09,1.016872e-09,4.843717e-13,6.636949e-08,5.166603e-01,1.706344e-13,1.315805e-09,1.210694e+02,1.857965e+09,7.809852e-08,6.660342e-01,1.644466e-13,1.810341e-09,1.105140e+02,1.520647e+09,7.108292e-08,5.167693e-01,1.617233e-13,6.425477e-10,1.296402e+02,1.783477e+09,4.267203e-03,8.452439e-03,1.292762e-03,2.565596e-15
208,2.189160e-11,3.917587e-01,8.445332e-10,1.065792e-09,4.244175e-13,4.075139e-11,3.406162e-01,7.271925e-10,1.280688e-09,4.476665e-13,3.774411e-11,1.058524e-01,1.090740e-09,8.956812e-10,2.546706e-13,2.242792e-11,2.682287e-01,1.036576e-09,9.218816e-10,4.373342e-13,6.700489e-08,4.969500e-01,1.693318e-13,1.758220e-09,1.270764e+02,1.601328e+09,8.246996e-08,7.468493e-01,1.866509e-13,1.888679e-09,1.040720e+02,1.432213e+09,7.062367e-08,5.881928e-01,1.881233e-13,1.360050e-09,1.131623e+02,1.734281e+09,6.817078e-03,7.722666e-03,6.597603e-04,3.786543e-15
209,2.213927e-11,1.668720e-01,1.083922e-09,7.601891e-10,3.053401e-13,3.998146e-11,3.154209e-01,9.293049e-10,5.753856e-10,2.076396e-13,4.068353e-11,1.722397e-01,8.807746e-10,1.270005e-09,5.079767e-13,2.122379e-11,3.559121e-01,6.691844e-10,5.094713e-10,4.481430e-13,7.118670e-08,6.289852e-01,1.211025e-13,7.129958e-10,1.066669e+02,1.879974e+09,8.177007e-08,6.244289e-01,1.915825e-13,1.386736e-09,1.234191e+02,1.349905e+09,6.469266e-08,5.944657e-01,2.017557e-13,1.595060e-09,1.025650e+02,1.514151e+09,3.812164e-03,2.254896e-04,1.172238e-03,2.730143e-15
210,2.206100e-11,3.914160e-01,6.212779e-10,1.219565e-09,5.208766e-13,3.929578e-11,2.940545e-01,9.379875e-10,5.374668e-10,3.457704e-13,3.768345e-11,1.350864e-01,6.879821e-10,3.050410e-10,4.685801e-13,2.254218e-11,3.144630e-01,1.080632e-09,1.069557e-09,3.756177e-13,6.889684e-08,5.873055e-01,1.631274e-13,1.296923e-09,1.105621e+02,1.915846e+09,8.245488e-08,6.445623e-01,2.031085e-13,1.177467e-09,1.205654e+02,1.413560e+09,6.558725e-08,4.805970e-01,1.787615e-13,1.626632e-09,1.286203e+02,1.586866e+09,6.439362e-03,1.557387e-03,1.923950e-03,8.178154e-16
211,2.173917e-11,3.904202e-01,7.628309e-10,8.598397e-10,5.284095e-13,3.733064e-11,1.439917e-01,9.136447e-10,1.028559e-09,5.194583e-13,3.756689e-11,1.627793e-01,6.919939e-10,5.486330e-10,2.268279e-13,2.115172e-11,2.125692e-01,1.097357e-09,1.171436e-09,2.303345e-13,6.553144e-08,5.342141e-01,1.829381e-13,8.412735e-10,1.156127e+02,1.706763e+09,8.196690e-08,7.105765e-01,2.257799e-13,1.648572e-09,1.087173e+02,1.362217e+09,6.918706e-08,5.051706e-01,1.737695e-13,8.139566e-10,1.290797e+02,1.589570e+09,1.591045e-03,1.633004e-03,2.810555e-03,7.642832e-16
212,2.135874e-11,1.402437e-01,6.614192e-10,2.823796e-10,3.129866e-13,3.976283e-11,2.543073e-01,7.363700e-10,8.818302e-10,2.303884e-13,3.808051e-11,3.774299e-01,1.146618e-09,9.537037e-10,5.038565e-13,2.220471e-11,2.111522e-01,1.189282e-09,5.511618e-10,4.072222e-13,6.896232e-08,5.153707e-01,1.668855e-13,1.645104e-09,1.261140e+02,1.585894e+09,8.180756e-08,6.294372e-01,1.920773e-13,1.192676e-09,1.224933e+02,1.372262e+09,6.599062e-08,4.970125e-01,1.363810e-13,9.588776e-10,1.251371e+02,1.939008e+09,7.988625e-03,9.813864e-03,7.249149e-04,1.652808e-15
213,2.111360e-11,2.706842e-01,9.737184e-10,8.250005e-10,1.875962e-13,3.779487e-11,3.340633e-01,1.064048e-09,7.433392e-10,3.152761e-13,3.714518e-11,2.245791e-01,7.093926e-10,4.196872e-10,4.185091e-13,2.246612e-11,2.611941e-01,1.197669e-09,1.046599e-09,3.690093e-13,6.696403e-08,5.422490e-01,1.676990e-13,1.514976e-09,1.163895e+02,1.877998e+09,7.915931e-08,6.323289e-01,2.120456e-13,1.291690e-09,1.179859e+02,1.523439e+09,7.117924e-08,5.715851e-01,1.821640e-13,9.344056e-10,1.173663e+02,1.678991e+09,1.381257e-03,3.237534e-03,2.431395e-03,2.641794e-15
214,2.293442e-11,2.846002e-01,6.946262e-10,7.898297e-10,3.166115e-13,4.083339e-11,2.517391e-01,1.130559e-09,1.021094e-09,3.130228e-13,3.952380e-11,3.840280e-01,1.148080e-09,6.691798e-10,4.779781e-13,2.200049e-11,1.505782e-01,1.164705e-09,1.029604e-09,5.057867e-13,6.935209e-08,5.202114e-01,1.672986e-13,6.505849e-10,1.256466e+02,1.848808e+09,7.922893e-08,6.060919e-01,2.346286e-13,8.761184e-10,1.232016e+02,1.335854e+09,6.678532e-08,5.198118e-01,2.090517e-13,1.019258e-09,1.210894e+02,1.678270e+09,4.650620e-03,7.582906e-03,1.851504e-03,2.205037e-15
215,2.131314e-11,2.453983e-01,8.324899e-10,1.112883e-09,4.859412e-13,3.780059e-11,1.918528e-01,1.019310e-09,5.649102e-10,2.286206e-13,3.920994e-11,3.180344e-01,7.335595e-10,7.856519e-10,3.322469e-13,2.118387e-11,3.965551e-01,7.061303e-10,7.540645e-10,2.589496e-13,6.503094e-08,5.407821e-01,2.105299e-13,1.440527e-09,1.133362e+02,1.674240e+09,8.510802e-08,6.819178e-01,1.901239e-13,1.298271e-09,1.176277e+02,1.613003e+09,6.907555e-08,5.841026e-01,1.580474e-13,1.488514e-09,1.114567e+02,1.788972e+09,8.026582e-03,7.453532e-03,2.193606e-03,4.916071e-15
216,2.196605e-11,3.338119e-01,7.038533e-10,6.315685e-10,4.243656e-13,3.981317e-11,1.680373e-01,9.666168e-10,8.212434e-10,4.936922e-13,3.836296e-11,1.103736e-01,1.026133e-09,1.209627e-09,3.104255e-13,2.303455e-11,3.414520e-01,1.081157e-09,4.867769e-10,1.902101e-13,6.923456e-08,5.707435e-01,1.427438e-13,1.429814e-09,1.143281e+02,1.872197e+09,8.215019e-08,6.128185e-01,2.065040e-13,1.738139e-09,1.263420e+02,1.446550e+09,7.063407e-08,5.601260e-01,2.074093e-13,1.066001e-09,1.188501e+02,1.546262e+09,6.745754e-03,7.981437e-03,2.691286e-03,2.716637e-15
217,2.283903e-11,1.798340e-01,7.471201e-10,8.175704e-10,5.007221e-13,3.983448e-11,2.699886e-01,8.111464e-10,1.109587e-09,3.855584e-13,3.879447e-11,3.506099e-01,7.157596e-10,1.001476e-09,3.417773e-13,2.274981e-11,3.679618e-01,9.595239e-10,7.460351e-10,2.685222e-13,7.000416e-08,5.930138e-01,2.157040e-13,1.255049e-09,1.112577e+02,1.552368e+09,7.846470e-08,5.741140e-01,2.206494e-13,1.460617e-09,1.288093e+02,1.391665e+09,6.925209e-08,5.563531e-01,1.577385e-13,1.370975e-09,1.173150e+02,1.878064e+09,5.407534e-04,4.855558e-03,7.695313e-04,1.385564e-15
218,2.137660e-11,2.539813e-01,7.893322e-10,1.106122e-09,2.852683e-13,4.056828e-11,1.277632e-01,7.570606e-10,6.086599e-10,3.245174e-13,3.994432e-11,1.859285e-01,8.734734e-10,8.509494e-10,4.113335e-13,2.272572e-11,3.314685e-01,1.084563e-09,1.202050e-09,2.046787e-13,7.113093e-08,5.718707e-01,1.624004e-13,8.963215e-10,1.172281e+02,1.634407e+09,8.287760e-08,6.904821e-01,1.798753e-13,1.535735e-09,1.131243e+02,1.412987e+09,6.486483e-08,5.464889e-01,1.668411e-13,9.143356e-10,1.118662e+02,1.692405e+09,8.473568e-03,2.251903e-03,1.344679e-03,1.375285e-15
219,2.250560e-11,2.322283e-01,9.437949e-10,9.120893e-10,2.743708e-13,3.735229e-11,3.089728e-01,7.253565e-10,9.126904e-10,1.844531e-13,3.716520e-11,3.809821e-01,7.821706e-10,7.089067e-10,5.186098e-13,2.299525e-11,3.292258e-01,1.082138e-09,5.571127e-10,4.078832e-13,6.816732e-08,6.061226e-01,1.900498e-13,1.344344e-09,1.059954e+02,1.693260e+09,8.021620e-08,6.887678e-01,1.496119e-13,5.613751e-10,1.097641e+02,1.632204e+09,6.517950e-08,5.460999e-01,2.166380e-13,1.873577e-09,1.124890e+02,1.580230e+09,9.567847e-03,5.372911e-03,1.853461e-03,2.581295e-15
220,2.240485e-11,1.654569e-01,1.079360e-09,4.933684e-10,2.969303e-13,3.776400e-11,1.154582e-01,9.838808e-10,6.741157e-10,4.257343e-13,3.876736e-11,2.689119e-01,7.982512e-10,3.027799e-10,3.044921e-13,2.102321e-11,1.108766e-01,6.675586e-10,6.697484e-10,3.802434e-13,6.696459e-08,6.135754e-01,1.886545e-13,8.504833e-10,1.028605e+02,1.812325e+09,7.819475e-08,5.826085e-01,1.799820e-13,5.817609e-10,1.264946e+02,1.492836e+09,6.815104e-08,5.878220e-01,1.721751e-13,1.183017e-09,1.092692e+02,1.598819e+09,7.210712e-03,6.302935e-03,1.019282e-03,3.603262e-15
221,2.151025e-11,3.674589e-01,6.061523e-10,4.707038e-10,3.885987e-13,4.087291e-11,3.990007e-01,8.295932e-10,5.573958e-10,1.793524e-13,3.985093e-11,1.886330e-01,1.113716e-09,3.276475e-10,2.403324e-13,2.220014e-11,1.923498e-01,1.075512e-09,3.396866e-10,4.555763e-13,7.138581e-08,5.883809e-01,1.579006e-13,5.912862e-10,1.143469e+02,1.845318e+09,8.195500e-08,5.942144e-01,1.944836e-13,8.290675e-10,1.299880e+02,1.458829e+09,6.786061e-08,5.163907e-01,1.626387e-13,1.365571e-09,1.238541e+02,1.889833e+09,8.430994e-03,8.276461e-03,1.373543e-03,4.756279e-15
222,2.177418e-11,1.015892e-01,1.107717e-09,9.256514e-10,3.780316e-13,3.795867e-11,3.015661e-01,8.815455e-10,1.081233e-09,4.977606e-13,4.000290e-11,1.673008e-01,7.364017e-10,1.102241e-09,2.190209e-13,2.199653e-11,2.645653e-01,8.735460e-10,7.317797e-10,1.859611e-13,6.539636e-08,5.217479e-01,1.790594e-13,1.569955e-09,1.181310e+02,1.669999e+09,7.954111e-08,6.668200e-01,1.670926e-13,1.571672e-09,1.124227e+02,1.570533e+09,6.663218e-08,5.557338e-01,1.893410e-13,7.986778e-10,1.130026e+02,1.582611e+09,4.053495e-03,2.707334e-03,6.751205e-04,8.182084e-16
223,2.206705e-11,2.647616e-01,1.118265e-09,1.187751e-09,2.271129e-13,3.706518e-11,1.227803e-01,6.152427e-10,8.772461e-10,3.389585e-13,3.824878e-11,2.472090e-01,9.274233e-10,1.170166e-09,4.295133e-13,2.219487e-11,1.863700e-01,6.001745e-10,1.268756e-09,4.966922e-13,6.809117e-08,5.681018e-01,1.913474e-13,1.324425e-09,1.129629e+02,1.619099e+09,8.573420e-08,6.724508e-01,1.823615e-13,1.728303e-09,1.201613e+02,1.639080e+09,6.799002e-08,4.973967e-01,2.016965e-13,1.573981e-09,1.288289e+02,1.664080e+09,8.777802e-04,3.775569e-03,2.416754e-03,3.603097e-15
224,2.198430e-11,3.603280e-01,1.113753e-09,4.519859e-10,3.842746e-13,3.842043e-11,1.323209e-01,8.189176e-10,1.209558e-09,2.745712e-13,3.709638e-11,2.095258e-01,8.891114e-10,7.235556e-10,1.935141e-13,2.141140e-11,1.050970e-01,9.900570e-10,2.862485e-10,2.648579e-13,6.478893e-08,5.111031e-01,1.399271e-13,1.138069e-09,1.194712e+02,1.899453e+09,7.822874e-08,6.225545e-01,1.856972e-13,1.719328e-09,1.184295e+02,1.461295e+09,7.009375e-08,5.238431e-01,1.889537e-13,5.062817e-10,1.261099e+02,1.759676e+09,3.683838e-03,7.848349e-03,6.175162e-04,1.014687e-15
225,2.271813e-11,1.249297e-01,8.911339e-10,1.281572e-09,2.847335e-13,4.066591e-11,2.997049e-01,6.137828e-10,5.349378e-10,2.467811e-13,3.974942e-11,2.682901e-01,9.939644e-10,3.439314e-10,2.549153e-13,2.233619e-11,3.413972e-01,1.037336e-09,4.849506e-10,2.729669e-13,6.566871e-08,5.261758e-01,2.039461e-13,1.594359e-09,1.176247e+02,1.714870e+09,8.608353e-08,6.374974e-01,1.892112e-13,1.299938e-09,1.272661e+02,1.367547e+09,6.492695e-08,5.535544e-01,1.817447e-13,1.312318e-09,1.105442e+02,1.742306e+09,3.267976e-03,5.036680e-03,6.496209e-04,4.026246e-15
226,2.141205e-11,2.887341e-01,6.752506e-10,7.228010e-10,2.818517e-13,3.953448e-11,1.485522e-01,1.199610e-09,1.015346e-09,2.336177e-13,4.053140e-11,1.543013e-01,7.727403e-10,3.459688e-10,4.956487e-13,2.215457e-11,1.733772e-01,1.071605e-09,3.195404e-10,2.106203e-13,6.846564e-08,5.826058e-01,1.783111e-13,1.460685e-09,1.107564e+02,1.573584e+09,7.919099e-08,6.048267e-01,2.408574e-13,1.231739e-09,1.234002e+02,1.314019e+09,6.716071e-08,5.525183e-01,1.374430e-13,1.658270e-09,1.145618e+02,1.946758e+09,4.007532e-03,6.486886e-04,2.421239e-03,1.955348e-15
227,2.147065e-11,2.142198e-01,7.735608e-10,2.856113e-10,4.652114e-13,3.959712e-11,3.700403e-01,9.671258e-10,5.428821e-10,2.890430e-13,4.052120e-11,2.830741e-01,6.810197e-10,1.070381e-09,3.483506e-13,2.307791e-11,3.051452e-01,9.031967e-10,1.018497e-09,2.028538e-13,6.581890e-08,4.859268e-01,1.555205e-13,1.562301e-09,1.276588e+02,1.754048e+09,8.166760e-08,5.921652e-01,1.846439e-13,1.232468e-09,1.299805e+02,1.581310e+09,6.857209e-08,5.268023e-01,1.921597e-13,1.354914e-09,1.226792e+02,1.702469e+09,8.046624e-03,4.291560e-04,1.576175e-03,4.325315e-15
228,2.151500e-11,3.989376e-01,8.622119e-10,3.513673e-10,4.306252e-13,4.025342e-11,1.290221e-01,6.668349e-10,3.177062e-10,3.059497e-13,4.001301e-11,2.260971e-01,7.545824e-10,8.310340e-10,2.707261e-13,2.151164e-11,3.386409e-01,1.063332e-09,8.503306e-10,5.210596e-13,6.639542e-08,5.492532e-01,1.420900e-13,5.093555e-10,1.139296e+02,1.896875e+09,8.141663e-08,7.329627e-01,1.776926e-13,1.491903e-09,1.046893e+02,1.499081e+09,6.748555e-08,5.600770e-01,1.514848e-13,1.965135e-09,1.135623e+02,1.926655e+09,2.557849e-03,2.704490e-03,2.887876e-03,4.923821e-15
229,2.099031e-11,1.525993e-01,1.163092e-09,9.324377e-10,1.785766e-13,3.952302e-11,2.159003e-01,1.171820e-09,1.163184e-09,3.416066e-13,3.854036e-11,2.154137e-01,1.105196e-09,4.590870e-10,4.808737e-13,2.114195e-11,1.861306e-01,1.025882e-09,9.415051e-10,4.522923e-13,6.853895e-08,6.248012e-01,1.710807e-13,6.173832e-10,1.033872e+02,1.628466e+09,8.246392e-08,6.663232e-01,2.104274e-13,1.380560e-09,1.166407e+02,1.480281e+09,7.044617e-08,5.139813e-01,1.232442e-13,8.167448e-10,1.291758e+02,1.917881e+09,9.293195e-03,7.377815e-03,6.701821e-04,1.989359e-15
230,2.090804e-11,2.978691e-01,1.101204e-09,4.409891e-10,3.735527e-13,3.901360e-11,2.790882e-01,1.051570e-09,1.186171e-09,3.108291e-13,3.736140e-11,3.959811e-01,8.679262e-10,1.115318e-09,4.766589e-13,2.186772e-11,3.872223e-01,9.645361e-10,1.267635e-09,5.030066e-13,6.531754e-08,5.946728e-01,1.702208e-13,1.972695e-09,1.035197e+02,1.869636e+09,7.912408e-08,7.069980e-01,1.660654e-13,8.925202e-10,1.054779e+02,1.620892e+09,7.030584e-08,5.718838e-01,1.603154e-13,1.147522e-09,1.158657e+02,1.792573e+09,5.530398e-03,4.153734e-03,1.373023e-03,4.993618e-15
231,2.249785e-11,1.192939e-01,8.743345e-10,8.584685e-10,3.598076e-13,3.836245e-11,2.417288e-01,6.314330e-10,4.761228e-10,1.789858e-13,4.060880e-11,1.753196e-01,6.677214e-10,8.528670e-10,2.710119e-13,2.288769e-11,3.100984e-01,7.319810e-10,1.273823e-09,1.732827e-13,6.829239e-08,5.264123e-01,1.430290e-13,1.107691e-09,1.222693e+02,1.897796e+09,8.047250e-08,7.482990e-01,1.755629e-13,1.836158e-09,1.013546e+02,1.597575e+09,6.795419e-08,5.105327e-01,1.514501e-13,6.703260e-10,1.254480e+02,1.710916e+09,1.949918e-03,8.588887e-03,1.444714e-03,3.836368e-15
232,2.205238e-11,2.552328e-01,1.115865e-09,1.263515e-09,4.034713e-13,3.993871e-11,2.983464e-01,9.952807e-10,1.042927e-09,2.809639e-13,3.853760e-11,3.823352e-01,1.069416e-09,5.436390e-10,2.031888e-13,2.202119e-11,2.600153e-01,8.855795e-10,1.140264e-09,3.411256e-13,6.817767e-08,5.347877e-01,1.881558e-13,1.080292e-09,1.201522e+02,1.701122e+09,8.465866e-08,7.081655e-01,1.512227e-13,1.874435e-09,1.126699e+02,1.614063e+09,6.713405e-08,5.357759e-01,1.781261e-13,9.106622e-10,1.180948e+02,1.816700e+09,7.467919e-03,8.045222e-03,1.922915e-03,3.874736e-15
233,2.303247e-11,2.621681e-01,1.007497e-09,1.086864e-09,2.946647e-13,3.929510e-11,2.032145e-01,6.650484e-10,8.941706e-10,4.837170e-13,3.919170e-11,3.700396e-01,7.921942e-10,1.020485e-09,1.899411e-13,2.168870e-11,1.099350e-01,6.541130e-10,4.202007e-10,2.041167e-13,6.978539e-08,6.569137e-01,1.907721e-13,1.064915e-09,1.001215e+02,1.592988e+09,8.326899e-08,6.499980e-01,2.158480e-13,1.210108e-09,1.207376e+02,1.322801e+09,6.625452e-08,5.945242e-01,1.382747e-13,1.171701e-09,1.050309e+02,1.946727e+09,8.921477e-03,1.098913e-03,2.753875e-03,6.899785e-16
234,2.243424e-11,2.145814e-01,1.089556e-09,8.003459e-10,2.852557e-13,3.796305e-11,3.617274e-01,6.489160e-10,2.787017e-10,4.132237e-13,3.983605e-11,2.191718e-01,7.791060e-10,7.842425e-10,2.132673e-13,2.143895e-11,3.929602e-01,6.997812e-10,6.393499e-10,2.630208e-13,6.857310e-08,5.341850e-01,1.859688e-13,7.516203e-10,1.209855e+02,1.574311e+09,7.833195e-08,7.363959e-01,2.467464e-13,1.834340e-09,1.002533e+02,1.311747e+09,7.089279e-08,6.500617e-01,1.844872e-13,1.964257e-09,1.027824e+02,1.677180e+09,5.584854e-03,1.816094e-03,8.912667e-04,8.691433e-16
235,2.264964e-11,1.557352e-01,9.462003e-10,8.857961e-10,2.363849e-13,3.803754e-11,1.909813e-01,1.193623e-09,1.289822e-09,4.509838e-13,4.087334e-11,1.433627e-01,1.112593e-09,6.955668e-10,3.837275e-13,2.182822e-11,2.353646e-01,8.719355e-10,8.001120e-10,4.869567e-13,6.874713e-08,5.863828e-01,1.388881e-13,1.196019e-09,1.104955e+02,1.869070e+09,8.127745e-08,6.209732e-01,2.249262e-13,1.107040e-09,1.233583e+02,1.412022e+09,6.501579e-08,5.020999e-01,1.530977e-13,1.053405e-09,1.220393e+02,1.897987e+09,5.669775e-03,3.284275e-03,4.833592e-04,3.372695e-15
236,2.171391e-11,3.520370e-01,1.046064e-09,3.172770e-10,4.922883e-13,3.877544e-11,1.084567e-01,7.263518e-10,4.576802e-10,3.463067e-13,3.815446e-11,2.812444e-01,1.175488e-09,5.955616e-10,4.900315e-13,2.167688e-11,1.494121e-01,6.062042e-10,3.005018e-10,2.881588e-13,6.727446e-08,5.298752e-01,1.683586e-13,9.459382e-10,1.196597e+02,1.834046e+09,7.800683e-08,7.092151e-01,1.667031e-13,1.471747e-09,1.036635e+02,1.546172e+09,6.996583e-08,6.393213e-01,1.214699e-13,1.911780e-09,1.031426e+02,1.940865e+09,2.641302e-04,9.669780e-03,2.087247e-03,3.840328e-15
237,2.233330e-11,1.305594e-01,1.017436e-09,8.318995e-10,2.145490e-13,3.875659e-11,1.947121e-01,8.935441e-10,6.200447e-10,4.084311e-13,3.710112e-11,3.143794e-01,1.064174e-09,1.240262e-09,2.312427e-13,2.134153e-11,2.438119e-01,6.747892e-10,7.062809e-10,2.275786e-13,6.588189e-08,5.076396e-01,1.460548e-13,1.650738e-09,1.223156e+02,1.903745e+09,8.359063e-08,6.474462e-01,2.149195e-13,1.046183e-09,1.216816e+02,1.331353e+09,6.533409e-08,5.860320e-01,1.947491e-13,1.575096e-09,1.050726e+02,1.580852e+09,1.736466e-03,1.888366e-03,2.951038e-03,2.515753e-15
238,2.276504e-11,3.221533e-01,1.179408e-09,9.816856e-10,3.328231e-13,4.017402e-11,2.958948e-01,7.010074e-10,3.517581e-10,4.307087e-13,3.975366e-11,3.298768e-01,7.783577e-10,6.985801e-10,4.406434e-13,2.255331e-11,3.504487e-01,8.427802e-10,6.707287e-10,4.795897e-13,6.579976e-08,5.260202e-01,1.869724e-13,6.333292e-10,1.178944e+02,1.553277e+09,8.535553e-08,7.769314e-01,1.753101e-13,1.099329e-09,1.035429e+02,1.499463e+09,6.567827e-08,6.011123e-01,1.386483e-13,9.678883e-10,1.029763e+02,1.938622e+09,1.001597e-03,6.450422e-03,7.646257e-04,1.283078e-15
239,2.292822e-11,1.277716e-01,8.197043e-10,2.968627e-10,2.170070e-13,3.917877e-11,2.576941e-01,1.060203e-09,5.406208e-10,1.967865e-13,3.713842e-11,2.818454e-01,7.567321e-10,8.574940e-10,4.202361e-13,2.188411e-11,3.619852e-01,1.149550e-09,1.015171e-09,1.890402e-13,6.739478e-08,6.261451e-01,1.810676e-13,1.872223e-09,1.014431e+02,1.742997e+09,8.318175e-08,7.029423e-01,1.561861e-13,1.311441e-09,1.115269e+02,1.665927e+09,6.983495e-08,5.440072e-01,1.943503e-13,9.097730e-10,1.209872e+02,1.683398e+09,4.500184e-03,1.059565e-03,1.989651e-03,1.381963e-15
240,2.122120e-11,2.135480e-01,6.109774e-10,5.416563e-10,4.579588e-13,3.722067e-11,1.539761e-01,1.137511e-09,1.194186e-09,3.466761e-13,3.813490e-11,1.586022e-01,9.994852e-10,5.144674e-10,3.563878e-13,2.305782e-11,1.890995e-01,6.212896e-10,1.207512e-09,3.917573e-13,6.659223e-08,5.351548e-01,2.332088e-13,1.506228e-09,1.172777e+02,1.516229e+09,8.491130e-08,7.176878e-01,1.753091e-13,6.175267e-10,1.115067e+02,1.495330e+09,6.935189e-08,5.663004e-01,2.226698e-13,9.387886e-10,1.154204e+02,1.545662e+09,7.933321e-03,2.242659e-03,3.685740e-04,4.097602e-15
241,2.102922e-11,3.601180e-01,1.144139e-09,9.996225e-10,3.476728e-13,3.986424e-11,3.159443e-01,1.048441e-09,1.084551e-09,4.873289e-13,4.040526e-11,3.251086e-01,1.138896e-09,4.245177e-10,4.445540e-13,2.266343e-11,1.121886e-01,1.040709e-09,1.133829e-09,5.103775e-13,6.876691e-08,6.162573e-01,1.920767e-13,7.331410e-10,1.051692e+02,1.571851e+09,8.004652e-08,7.240371e-01,2.139590e-13,1.437705e-09,1.041964e+02,1.315438e+09,6.604666e-08,5.417010e-01,1.393913e-13,8.918301e-10,1.149112e+02,1.895658e+09,7.770467e-03,9.366550e-03,8.890422e-04,3.991082e-15
242,2.155722e-11,3.483167e-01,8.560436e-10,1.124937e-09,5.069901e-13,3.893457e-11,1.522782e-01,1.140901e-09,9.013975e-10,3.941934e-13,4.033372e-11,3.969181e-01,6.553791e-10,7.103189e-10,4.869669e-13,2.223316e-11,2.640021e-01,6.610978e-10,3.271980e-10,3.694487e-13,6.587138e-08,4.898853e-01,1.489718e-13,7.320967e-10,1.267283e+02,1.922455e+09,8.355305e-08,7.036247e-01,1.774486e-13,1.496561e-09,1.119161e+02,1.632003e+09,7.055013e-08,5.805386e-01,1.734011e-13,1.027049e-09,1.145349e+02,1.759288e+09,9.167427e-03,7.603511e-03,2.013112e-03,4.676372e-15
243,2.136184e-11,3.144470e-01,6.885937e-10,9.789144e-10,3.232891e-13,3.888706e-11,3.819990e-01,8.605253e-10,7.444324e-10,3.972335e-13,3.784336e-11,3.247006e-01,8.585961e-10,1.157676e-09,4.629532e-13,2.173292e-11,1.595858e-01,7.697331e-10,4.557536e-10,4.514218e-13,7.105860e-08,6.473711e-01,2.002644e-13,7.754532e-10,1.034509e+02,1.616758e+09,8.041189e-08,5.954325e-01,2.227004e-13,5.768059e-10,1.272796e+02,1.321504e+09,6.808019e-08,5.270435e-01,1.917795e-13,1.142512e-09,1.217434e+02,1.630001e+09,3.691217e-03,6.311489e-03,2.863659e-03,3.949745e-15
244,2.234393e-11,2.337330e-01,1.079166e-09,7.183961e-10,2.539945e-13,4.089766e-11,3.065382e-01,7.689962e-10,1.025804e-09,5.012179e-13,3.749033e-11,1.982105e-01,8.870385e-10,8.897985e-10,1.970705e-13,2.150214e-11,1.238945e-01,6.235121e-10,6.285776e-10,4.930978e-13,6.940219e-08,6.390615e-01,1.821069e-13,1.828094e-09,1.023533e+02,1.618835e+09,8.543507e-08,7.902870e-01,2.038687e-13,1.373686e-09,1.018879e+02,1.404382e+09,6.680284e-08,5.446182e-01,1.506208e-13,1.431025e-09,1.156043e+02,1.864494e+09,6.175237e-03,8.220081e-03,2.234233e-03,3.146770e-15
245,2.191086e-11,2.810881e-01,1.001534e-09,5.257826e-10,2.892073e-13,3.991935e-11,2.094211e-01,9.939915e-10,2.827089e-10,4.714354e-13,4.023191e-11,3.269803e-01,1.087059e-09,1.039798e-09,4.322937e-13,2.120033e-11,2.258703e-01,8.405291e-10,5.322479e-10,2.912837e-13,7.123128e-08,6.311792e-01,1.430371e-13,1.267936e-09,1.063627e+02,1.828176e+09,7.864609e-08,6.585908e-01,2.038161e-13,1.744558e-09,1.125467e+02,1.470670e+09,6.491113e-08,5.127142e-01,2.041760e-13,9.546457e-10,1.193205e+02,1.716599e+09,1.422886e-03,4.081433e-03,3.092984e-04,3.059796e-15
246,2.193377e-11,2.911150e-01,7.864689e-10,3.588007e-10,5.045817e-13,3.981370e-11,1.044585e-01,6.943779e-10,7.057552e-10,5.154370e-13,3.828915e-11,1.772553e-01,7.089232e-10,3.809848e-10,2.444576e-13,2.271316e-11,3.867494e-01,9.112509e-10,1.151453e-09,2.476639e-13,6.863336e-08,6.040894e-01,1.876145e-13,9.402449e-10,1.070792e+02,1.593281e+09,7.906574e-08,5.932751e-01,1.896608e-13,5.879270e-10,1.256040e+02,1.467742e+09,6.877667e-08,5.697608e-01,1.966479e-13,7.532492e-10,1.137679e+02,1.694043e+09,6.157721e-03,1.948839e-03,2.727097e-03,4.692237e-15
247,2.168214e-11,2.867050e-01,1.065573e-09,4.154155e-10,3.511710e-13,3.710634e-11,3.850221e-01,8.883799e-10,5.742073e-10,1.845950e-13,3.869433e-11,3.115992e-01,6.608261e-10,3.388063e-10,4.774422e-13,2.255373e-11,3.550939e-01,6.200302e-10,1.029028e-09,2.111069e-13,6.979659e-08,6.250054e-01,1.824144e-13,1.817565e-09,1.052499e+02,1.613868e+09,8.072075e-08,5.862223e-01,1.927394e-13,1.028390e-09,1.297759e+02,1.453813e+09,6.971673e-08,5.154227e-01,1.579465e-13,8.210778e-10,1.274807e+02,1.661334e+09,9.873411e-03,7.473163e-03,1.938122e-03,9.566055e-16
248,2.115446e-11,3.839678e-01,6.744471e-10,5.152375e-10,1.887439e-13,4.038449e-11,3.314764e-01,6.403188e-10,1.284210e-09,3.756531e-13,3.934946e-11,1.401613e-01,9.730991e-10,1.220225e-09,2.061675e-13,2.297694e-11,2.878241e-01,9.499374e-10,9.335043e-10,3.893167e-13,6.621491e-08,5.379128e-01,1.620583e-13,1.876241e-09,1.160152e+02,1.649459e+09,7.832873e-08,6.840125e-01,2.154726e-13,1.393273e-09,1.079265e+02,1.345049e+09,6.480774e-08,4.826446e-01,2.021275e-13,1.718804e-09,1.265524e+02,1.720095e+09,6.365510e-03,5.170049e-03,2.430816e-03,8.156108e-16
249,2.136287e-11,2.023888e-01,7.792125e-10,9.794205e-10,2.994296e-13,3.784039e-11,1.478273e-01,6.883461e-10,7.088551e-10,3.342560e-13,3.908365e-11,3.067854e-01,8.559522e-10,6.156275e-10,4.676087e-13,2.101010e-11,3.274439e-01,1.137471e-09,8.438717e-10,2.685944e-13,7.027164e-08,6.390974e-01,2.074609e-13,1.321067e-09,1.036297e+02,1.623263e+09,8.442823e-08,7.490714e-01,1.889568e-13,1.890161e-09,1.062272e+02,1.482695e+09,6.937524e-08,6.260067e-01,1.254374e-13,1.154083e-09,1.044472e+02,1.940595e+09,6.913490e-03,8.271928e-03,1.776361e-03,4.822138e-15
250,2.147681e-11,2.355276e-01,1.039073e-09,7.160198e-10,4.421227e-13,4.077490e-11,2.317155e-01,7.312184e-10,3.675208e-10,3.024629e-13,3.979296e-11,1.550340e-01,1.178233e-09,6.394441e-10,5.142029e-13,2.280599e-11,2.721278e-01,9.288478e-10,9.193717e-10,2.733675e-13,7.009315e-08,5.801222e-01,1.706243e-13,5.249139e-10,1.138747e+02,1.897711e+09,8.405296e-08,6.521905e-01,1.907981e-13,9.252553e-10,1.214646e+02,1.351903e+09,7.123491e-08,6.633617e-01,1.514737e-13,1.656843e-09,1.012077e+02,1.666326e+09,9.489710e-03,9.420950e-03,7.989833e-04,4.685394e-15
251,2.243790e-11,2.947855e-01,6.383159e-10,5.010894e-10,2.572160e-13,3.723671e-11,3.908543e-01,7.684332e-10,5.158291e-10,5.182767e-13,3.721629e-11,1.942235e-01,1.126463e-09,8.892320e-10,5.153443e-13,2.182205e-11,2.164149e-01,1.154487e-09,4.358909e-10,4.646562e-13,6.865561e-08,5.813395e-01,2.031884e-13,1.406309e-09,1.113057e+02,1.583492e+09,8.291449e-08,6.873704e-01,1.840530e-13,6.729028e-10,1.136870e+02,1.439601e+09,6.569932e-08,5.217369e-01,1.995294e-13,1.629995e-09,1.186808e+02,1.678386e+09,2.956502e-03,8.035363e-03,1.987270e-03,3.070027e-15
252,2.142949e-11,3.580935e-01,8.896212e-10,6.908506e-10,4.672228e-13,3.940948e-11,2.061032e-01,6.632683e-10,9.480122e-10,2.091761e-13,3.811253e-11,3.597164e-01,1.029963e-09,3.061567e-10,5.164050e-13,2.289884e-11,1.388306e-01,1.008791e-09,1.093593e-09,3.715852e-13,7.008675e-08,5.727073e-01,1.646333e-13,1.795937e-09,1.153385e+02,1.765412e+09,8.208869e-08,6.280285e-01,1.739833e-13,1.010598e-09,1.231899e+02,1.624124e+09,6.790213e-08,6.383304e-01,1.977087e-13,1.989585e-09,1.002557e+02,1.665206e+09,4.226121e-03,8.249066e-03,2.535455e-03,2.698968e-15
